ISO-10303-21;
HEADER;
FILE_DESCRIPTION(('Open CASCADE Model'),'2;1');
FILE_NAME('Open CASCADE Shape Model','2026-09-09T07:32:21',('Author'),(
    'Open CASCADE'),'Open CASCADE STEP processor 7.9','Open CASCADE 7.9'
  ,'Unknown');
FILE_SCHEMA(('AUTOMOTIVE_DESIGN { 1 0 10303 214 1 1 1 1 }'));
ENDSEC;
DATA;
#1 = APPLICATION_PROTOCOL_DEFINITION('international standard',
  'automotive_design',2000,#2);
#2 = APPLICATION_CONTEXT(
  'core data for automotive mechanical design processes');
#3 = SHAPE_DEFINITION_REPRESENTATION(#4,#10);
#4 = PRODUCT_DEFINITION_SHAPE('','',#5);
#5 = PRODUCT_DEFINITION('design','',#6,#9);
#6 = PRODUCT_DEFINITION_FORMATION('','',#7);
#7 = PRODUCT('Open CASCADE STEP translator 7.9 2',
  'Open CASCADE STEP translator 7.9 2','',(#8));
#8 = PRODUCT_CONTEXT('',#2,'mechanical');
#9 = PRODUCT_DEFINITION_CONTEXT('part definition',#2,'design');
#10 = ADVANCED_BREP_SHAPE_REPRESENTATION('',(#11,#15),#10207);
#11 = AXIS2_PLACEMENT_3D('',#12,#13,#14);
#12 = CARTESIAN_POINT('',(0.,0.,0.));
#13 = DIRECTION('',(0.,0.,1.));
#14 = DIRECTION('',(1.,0.,-0.));
#15 = MANIFOLD_SOLID_BREP('',#16);
#16 = CLOSED_SHELL('',(#17,#3181,#3687,#3763,#3838,#4123,#4199,#4275,
    #4351,#4427,#4503,#4777,#4853,#4929,#5005,#5079,#5151,#5221,#5293,
    #5464,#5533,#5559,#5584,#5656,#5728,#5982,#6058,#6134,#6203,#6279,
    #6355,#6424,#6496,#6568,#6640,#6712,#6784,#7038,#7114,#7190,#7259,
    #7335,#7411,#7480,#7552,#7624,#7795,#7864,#7890,#7915,#7985,#8057,
    #8127,#8203,#8279,#8350,#8421,#8466,#8537,#8575,#8632,#8659,#8697,
    #8768,#8813,#8870,#8903,#8936,#8943,#8998,#9037,#9096,#9131,#9190,
    #9612,#9667,#9706,#9765,#9795,#9842,#9875,#9908,#9915,#9942,#9995,
    #10022,#10055,#10062,#10109,#10142,#10175,#10182));
#17 = ADVANCED_FACE('',(#18),#209,.F.);
#18 = FACE_BOUND('',#19,.F.);
#19 = EDGE_LOOP('',(#20,#1097,#1120,#3180));
#20 = ORIENTED_EDGE('',*,*,#21,.F.);
#21 = EDGE_CURVE('',#22,#22,#24,.T.);
#22 = VERTEX_POINT('',#23);
#23 = CARTESIAN_POINT('',(72.,-31.25,0.65));
#24 = SURFACE_CURVE('',#25,(#208,#543),.PCURVE_S1.);
#25 = ( BOUNDED_CURVE() B_SPLINE_CURVE(10,(#26,#27,#28,#29,#30,#31,#32,
    #33,#34,#35,#36,#37,#38,#39,#40,#41,#42,#43,#44,#45,#46,#47,#48,#49,
    #50,#51,#52,#53,#54,#55,#56,#57,#58,#59,#60,#61,#62,#63,#64,#65,#66,
    #67,#68,#69,#70,#71,#72,#73,#74,#75,#76,#77,#78,#79,#80,#81,#82,#83,
    #84,#85,#86,#87,#88,#89,#90,#91,#92,#93,#94,#95,#96,#97,#98,#99,#100
    ,#101,#102,#103,#104,#105,#106,#107,#108,#109,#110,#111,#112,#113,
    #114,#115,#116,#117,#118,#119,#120,#121,#122,#123,#124,#125,#126,
    #127,#128,#129,#130,#131,#132,#133,#134,#135,#136,#137,#138,#139,
    #140,#141,#142,#143,#144,#145,#146,#147,#148,#149,#150,#151,#152,
    #153,#154,#155,#156,#157,#158,#159,#160,#161,#162,#163,#164,#165,
    #166,#167,#168,#169,#170,#171,#172,#173,#174,#175,#176,#177,#178,
    #179,#180,#181,#182,#183,#184,#185,#186,#187,#188,#189,#190,#191,
    #192,#193,#194,#195,#196,#197,#198,#199,#200,#201,#202,#203,#204,
#205,#206,#207),.UNSPECIFIED.,.T.,.F.) B_SPLINE_CURVE_WITH_KNOTS((11,9,9
    ,9,9,9,9,9,9,9,9,9,9,9,9,9,9,9,9,9,11),(9.869817311675E-16,
    4.594070458564,9.78115477444,19.448726352329,28.941494447776,
    39.028397583997,49.115300724339,58.608068819786,68.275640397675,
    73.462724713551,78.056795170129,82.650865630679,87.837949946555,
    97.505521524444,106.99828961989,117.08519275407,127.17209589645,
    136.6648639919,146.33243556979,151.51951988566,156.11359034423),
.UNSPECIFIED.) CURVE() GEOMETRIC_REPRESENTATION_ITEM() 
RATIONAL_B_SPLINE_CURVE((1.,1.,1.,1.,1.,1.,1.,1.,1.,1.,1.,1.,
    0.999999999999,1.000000000001,0.999999999999,1.000000000001,1.,1.,1.
    ,1.,1.,1.,1.,1.,1.,1.,1.,1.,1.,1.,1.,1.,1.,1.,1.,1.,1.,1.,1.,1.,1.,
    1.,1.,1.,1.,1.,1.,1.,1.,1.,1.,1.,1.,1.,1.,1.,1.,1.,1.,1.,1.,1.,1.,1.
    ,1.,1.,1.,1.,1.,1.,1.,1.,1.,1.,1.,1.,1.,1.,1.,1.,1.,1.,1.,1.,1.,
    1.000000000001,0.999999999999,1.,1.,1.,1.,1.,1.,1.000000000001,
    0.999999999999,1.000000000001,0.999999999999,1.,1.,1.,1.,1.,1.,
    1.000000000001,0.999999999999,1.,1.,1.,1.,1.,1.,1.,1.,1.,1.,1.,1.,1.
    ,1.,1.,1.,1.,1.,1.,1.,1.,1.,1.,1.,1.,1.,1.,1.,1.,1.,1.,1.,1.,1.,1.,
    1.,1.,1.,1.,1.,1.,1.,1.,1.,1.,1.,1.,1.,1.,1.,1.,1.,1.,1.,1.,1.,1.,1.
    ,1.,1.,1.,0.999999999999,1.000000000001,0.999999999999,1.,1.,1.,1.,
1.,1.,1.,1.,1.,1.,1.,1.,1.)) REPRESENTATION_ITEM('') );
#26 = CARTESIAN_POINT('',(72.,-31.25,0.65));
#27 = CARTESIAN_POINT('',(71.999243908675,-30.79095215616,0.65));
#28 = CARTESIAN_POINT('',(71.999382437406,-30.33161174335,0.65));
#29 = CARTESIAN_POINT('',(71.998978166955,-29.87211186444,0.65));
#30 = CARTESIAN_POINT('',(71.997083879737,-29.41248635599,0.65));
#31 = CARTESIAN_POINT('',(71.992195693194,-28.95293697171,0.65));
#32 = CARTESIAN_POINT('',(71.982860079507,-28.49359608233,0.65));
#33 = CARTESIAN_POINT('',(71.968072457906,-28.03441854773,0.65));
#34 = CARTESIAN_POINT('',(71.946835346238,-27.5753963452,0.65));
#35 = CARTESIAN_POINT('',(71.917474357706,-27.11684946484,0.65));
#36 = CARTESIAN_POINT('',(71.834581239648,-26.14227697737,0.65));
#37 = CARTESIAN_POINT('',(71.778421113483,-25.62646302156,0.65));
#38 = CARTESIAN_POINT('',(71.708019019714,-25.11219111217,0.65));
#39 = CARTESIAN_POINT('',(71.621234126471,-24.60013919663,0.65));
#40 = CARTESIAN_POINT('',(71.515901731725,-24.09125203732,0.65));
#41 = CARTESIAN_POINT('',(71.389933076119,-23.58680193324,0.65));
#42 = CARTESIAN_POINT('',(71.241439238235,-23.08839482757,0.65));
#43 = CARTESIAN_POINT('',(71.068879111844,-22.59792180125,0.65));
#44 = CARTESIAN_POINT('',(70.871231465593,-22.11745595242,0.65));
#45 = CARTESIAN_POINT('',(70.23249341819,-20.77617337798,0.65));
#46 = CARTESIAN_POINT('',(69.728577253424,-19.94536827526,0.65));
#47 = CARTESIAN_POINT('',(69.134191494647,-19.16938510263,0.65));
#48 = CARTESIAN_POINT('',(68.454550378503,-18.4630309568,0.65));
#49 = CARTESIAN_POINT('',(67.705417448345,-17.83263460948,0.65));
#50 = CARTESIAN_POINT('',(66.904499921138,-17.27604748157,0.65));
#51 = CARTESIAN_POINT('',(66.064688045001,-16.78676849839,0.65));
#52 = CARTESIAN_POINT('',(65.194371855877,-16.35783434812,0.65));
#53 = CARTESIAN_POINT('',(64.301765553533,-15.98321495327,0.65));
#54 = CARTESIAN_POINT('',(62.498421755615,-15.33579608004,0.65));
#55 = CARTESIAN_POINT('',(61.588379949828,-15.06135425448,0.65));
#56 = CARTESIAN_POINT('',(60.666808473604,-14.82737975493,0.65));
#57 = CARTESIAN_POINT('',(59.737166231561,-14.62869437433,0.65));
#58 = CARTESIAN_POINT('',(58.801794246406,-14.46076510925,0.65));
#59 = CARTESIAN_POINT('',(57.862299675028,-14.31965640399,0.65));
#60 = CARTESIAN_POINT('',(56.919834263992,-14.20195824963,0.65));
#61 = CARTESIAN_POINT('',(55.975267244239,-14.10469013794,0.65));
#62 = CARTESIAN_POINT('',(55.029252665151,-14.02518087001,0.65));
#63 = CARTESIAN_POINT('',(53.075854818871,-13.8926458633,0.65));
#64 = CARTESIAN_POINT('',(52.068352491669,-13.84161109263,0.65));
#65 = CARTESIAN_POINT('',(51.060208346589,-13.80475073458,0.65));
#66 = CARTESIAN_POINT('',(50.051762459574,-13.78025994237,0.65));
#67 = CARTESIAN_POINT('',(49.043166613974,-13.76267251152,0.65));
#68 = CARTESIAN_POINT('',(48.034506201908,-13.7564997961,0.65));
#69 = CARTESIAN_POINT('',(47.025893780966,-13.75025040593,0.65));
#70 = CARTESIAN_POINT('',(46.017263718428,-13.74979463493,0.65));
#71 = CARTESIAN_POINT('',(45.008634652847,-13.75000000132,0.65));
#72 = CARTESIAN_POINT('',(42.991355669139,-13.74999999867,0.65));
#73 = CARTESIAN_POINT('',(41.98270112187,-13.74979462286,0.65));
#74 = CARTESIAN_POINT('',(40.974079904476,-13.75025066302,0.65));
#75 = CARTESIAN_POINT('',(39.965322743543,-13.75649885601,0.65));
#76 = CARTESIAN_POINT('',(38.956871235566,-13.76267690447,0.65));
#77 = CARTESIAN_POINT('',(37.948267156831,-13.78025662278,0.65));
#78 = CARTESIAN_POINT('',(36.939763989104,-13.80475209422,0.65));
#79 = CARTESIAN_POINT('',(35.931649302886,-13.84161102356,0.65));
#80 = CARTESIAN_POINT('',(34.92414149354,-13.89264605503,0.65));
#81 = CARTESIAN_POINT('',(32.970743467956,-14.0251811874,0.65));
#82 = CARTESIAN_POINT('',(32.024728760413,-14.10469052755,0.65));
#83 = CARTESIAN_POINT('',(31.080161574555,-14.20195873442,0.65));
#84 = CARTESIAN_POINT('',(30.137695970353,-14.3196570045,0.65));
#85 = CARTESIAN_POINT('',(29.198201190432,-14.46076584566,0.65));
#86 = CARTESIAN_POINT('',(28.262828995552,-14.62869527387,0.65));
#87 = CARTESIAN_POINT('',(27.333186567462,-14.82738085441,0.65));
#88 = CARTESIAN_POINT('',(26.411614979371,-15.06135558719,0.65));
#89 = CARTESIAN_POINT('',(25.501573233794,-15.33579763667,0.65));
#90 = CARTESIAN_POINT('',(23.698230255589,-15.98321670452,0.65));
#91 = CARTESIAN_POINT('',(22.805624664878,-16.357836144,0.65));
#92 = CARTESIAN_POINT('',(21.935309996309,-16.78676971049,0.65));
#93 = CARTESIAN_POINT('',(21.095499780132,-17.27604816941,0.65));
#94 = CARTESIAN_POINT('',(20.294585261115,-17.83263380234,0.65));
#95 = CARTESIAN_POINT('',(19.54545669985,-18.46302648719,0.65));
#96 = CARTESIAN_POINT('',(18.865818859468,-19.16937537985,0.65));
#97 = CARTESIAN_POINT('',(18.271433177521,-19.94535413944,0.65));
#98 = CARTESIAN_POINT('',(17.767515653522,-20.77615782257,0.65));
#99 = CARTESIAN_POINT('',(17.128774574067,-22.117441395,0.65));
#100 = CARTESIAN_POINT('',(16.931122717163,-22.59790468724,0.65));
#101 = CARTESIAN_POINT('',(16.758564081303,-23.08838182575,0.65));
#102 = CARTESIAN_POINT('',(16.610073026299,-23.58679578807,0.65));
#103 = CARTESIAN_POINT('',(16.484102926052,-24.09124902888,0.65));
#104 = CARTESIAN_POINT('',(16.37876468123,-24.60013325052,0.65));
#105 = CARTESIAN_POINT('',(16.291975452287,-25.11218025144,0.65));
#106 = CARTESIAN_POINT('',(16.221577612441,-25.62645385259,0.65));
#107 = CARTESIAN_POINT('',(16.165427921004,-26.14228290171,0.65));
#108 = CARTESIAN_POINT('',(16.08251290131,-27.11689860826,0.65));
#109 = CARTESIAN_POINT('',(16.053157895547,-27.57547105429,0.65));
#110 = CARTESIAN_POINT('',(16.031724784165,-28.03450561686,0.65));
#111 = CARTESIAN_POINT('',(16.017395758982,-28.49378415774,0.65));
#112 = CARTESIAN_POINT('',(16.008317572979,-28.95315085079,0.65));
#113 = CARTESIAN_POINT('',(16.002813735422,-29.41252080592,0.65));
#114 = CARTESIAN_POINT('',(16.000163624198,-29.87187972498,0.65));
#115 = CARTESIAN_POINT('',(15.999782454699,-30.33124600494,0.65));
#116 = CARTESIAN_POINT('',(16.000000009962,-30.7906223384,0.65));
#117 = CARTESIAN_POINT('',(15.999999990038,-31.70941665258,0.65));
#118 = CARTESIAN_POINT('',(15.999782755878,-32.16883787882,0.65));
#119 = CARTESIAN_POINT('',(16.000163141949,-32.62825555658,0.65));
#120 = CARTESIAN_POINT('',(16.002814495258,-33.0877184354,0.65));
#121 = CARTESIAN_POINT('',(16.008322054578,-33.54712612673,0.65));
#122 = CARTESIAN_POINT('',(16.01740293945,-34.00639575374,0.65));
#123 = CARTESIAN_POINT('',(16.031730146185,-34.4655465718,0.65));
#124 = CARTESIAN_POINT('',(16.053158770675,-34.92454942264,0.65));
#125 = CARTESIAN_POINT('',(16.082513490571,-35.38310893217,0.65));
#126 = CARTESIAN_POINT('',(16.165427756454,-36.35771447081,0.65));
#127 = CARTESIAN_POINT('',(16.221563921234,-36.87353991218,0.65));
#128 = CARTESIAN_POINT('',(16.291981327985,-37.38782066409,0.65));
#129 = CARTESIAN_POINT('',(16.378779617161,-37.89986790688,0.65));
#130 = CARTESIAN_POINT('',(16.484101286242,-38.40874199485,0.65));
#131 = CARTESIAN_POINT('',(16.610054708276,-38.91318674991,0.65));
#132 = CARTESIAN_POINT('',(16.758554393455,-39.41160385489,0.65));
#133 = CARTESIAN_POINT('',(16.931131616875,-39.90208807637,0.65));
#134 = CARTESIAN_POINT('',(17.128768535187,-40.38254404711,0.65));
#135 = CARTESIAN_POINT('',(17.767506580358,-41.72382662287,0.65));
#136 = CARTESIAN_POINT('',(18.271422749544,-42.55463172297,0.65));
#137 = CARTESIAN_POINT('',(18.865808503624,-43.33061489839,0.65));
#138 = CARTESIAN_POINT('',(19.545449620202,-44.03696904396,0.65));
#139 = CARTESIAN_POINT('',(20.294582553363,-44.66736538949,0.65));
#140 = CARTESIAN_POINT('',(21.09550007943,-45.22395251808,0.65));
#141 = CARTESIAN_POINT('',(21.935311953389,-45.71323150257,0.65));
#142 = CARTESIAN_POINT('',(22.805628144835,-46.14216565145,0.65));
#143 = CARTESIAN_POINT('',(23.698234446467,-46.51678504672,0.65));
#144 = CARTESIAN_POINT('',(25.501578244385,-47.16420391996,0.65));
#145 = CARTESIAN_POINT('',(26.41162005017,-47.43864574551,0.65));
#146 = CARTESIAN_POINT('',(27.333191526398,-47.67262024507,0.65));
#147 = CARTESIAN_POINT('',(28.262833768436,-47.87130562566,0.65));
#148 = CARTESIAN_POINT('',(29.198205753596,-48.03923489074,0.65));
#149 = CARTESIAN_POINT('',(30.137700324971,-48.180343596,0.65));
#150 = CARTESIAN_POINT('',(31.080165736008,-48.29804175036,0.65));
#151 = CARTESIAN_POINT('',(32.02473275576,-48.39530986205,0.65));
#152 = CARTESIAN_POINT('',(32.970747334849,-48.47481912998,0.65));
#153 = CARTESIAN_POINT('',(34.924145180926,-48.60735413668,0.65));
#154 = CARTESIAN_POINT('',(35.931647507924,-48.65838890734,0.65));
#155 = CARTESIAN_POINT('',(36.939791652802,-48.69524926539,0.65));
#156 = CARTESIAN_POINT('',(37.948237539612,-48.7197400576,0.65));
#157 = CARTESIAN_POINT('',(38.956833385011,-48.73732748845,0.65));
#158 = CARTESIAN_POINT('',(39.965493796869,-48.74350020388,0.65));
#159 = CARTESIAN_POINT('',(40.974106217611,-48.74974959405,0.65));
#160 = CARTESIAN_POINT('',(41.982736279944,-48.75020536506,0.65));
#161 = CARTESIAN_POINT('',(42.991365345322,-48.74999999867,0.65));
#162 = CARTESIAN_POINT('',(45.008644329031,-48.75000000133,0.65));
#163 = CARTESIAN_POINT('',(46.017298876503,-48.75020537713,0.65));
#164 = CARTESIAN_POINT('',(47.025920094101,-48.74974933698,0.65));
#165 = CARTESIAN_POINT('',(48.034677255235,-48.74350114398,0.65));
#166 = CARTESIAN_POINT('',(49.043128763418,-48.73732309554,0.65));
#167 = CARTESIAN_POINT('',(50.051732842355,-48.71974337723,0.65));
#168 = CARTESIAN_POINT('',(51.060236010287,-48.69524790579,0.65));
#169 = CARTESIAN_POINT('',(52.068350696707,-48.65838897645,0.65));
#170 = CARTESIAN_POINT('',(53.075858506257,-48.60735394498,0.65));
#171 = CARTESIAN_POINT('',(55.029256532044,-48.47481881259,0.65));
#172 = CARTESIAN_POINT('',(55.975271239588,-48.39530947243,0.65));
#173 = CARTESIAN_POINT('',(56.919838425444,-48.29804126557,0.65));
#174 = CARTESIAN_POINT('',(57.862304029648,-48.18034299549,0.65));
#175 = CARTESIAN_POINT('',(58.801798809567,-48.03923415434,0.65));
#176 = CARTESIAN_POINT('',(59.737171004448,-47.87130472611,0.65));
#177 = CARTESIAN_POINT('',(60.666813432538,-47.67261914558,0.65));
#178 = CARTESIAN_POINT('',(61.588385020629,-47.43864441279,0.65));
#179 = CARTESIAN_POINT('',(62.498426766206,-47.16420236332,0.65));
#180 = CARTESIAN_POINT('',(64.301769744411,-46.51678329547,0.65));
#181 = CARTESIAN_POINT('',(65.19437533435,-46.14216385644,0.65));
#182 = CARTESIAN_POINT('',(66.06469000545,-45.71323028847,0.65));
#183 = CARTESIAN_POINT('',(66.904500219218,-45.22395183101,0.65));
#184 = CARTESIAN_POINT('',(67.705414737034,-44.66736619871,0.65));
#185 = CARTESIAN_POINT('',(68.454543301619,-44.03697351186,0.65));
#186 = CARTESIAN_POINT('',(69.134181142389,-43.3306246191,0.65));
#187 = CARTESIAN_POINT('',(69.728566819121,-42.5546458627,0.65));
#188 = CARTESIAN_POINT('',(70.23248434826,-41.72384217608,0.65));
#189 = CARTESIAN_POINT('',(70.871225424782,-40.38255860612,0.65));
#190 = CARTESIAN_POINT('',(71.068861295996,-39.90210248894,0.65));
#191 = CARTESIAN_POINT('',(71.241444886209,-39.41161457053,0.65));
#192 = CARTESIAN_POINT('',(71.38994526453,-38.9131960934,0.65));
#193 = CARTESIAN_POINT('',(71.515893589856,-38.40875183304,0.65));
#194 = CARTESIAN_POINT('',(71.621215191246,-37.89987511322,0.65));
#195 = CARTESIAN_POINT('',(71.708022462184,-37.38782127764,0.65));
#196 = CARTESIAN_POINT('',(71.778443608679,-36.87353802719,0.65));
#197 = CARTESIAN_POINT('',(71.834562291768,-36.35772103212,0.65));
#198 = CARTESIAN_POINT('',(71.917495995551,-35.38309523713,0.65));
#199 = CARTESIAN_POINT('',(71.946986928403,-34.92451592858,0.65));
#200 = CARTESIAN_POINT('',(71.96776923719,-34.46547817276,0.65));
#201 = CARTESIAN_POINT('',(71.983967483473,-34.00624946165,0.65));
#202 = CARTESIAN_POINT('',(71.988973445932,-33.54709573562,0.65));
#203 = CARTESIAN_POINT('',(71.999128052282,-33.08739063494,0.65));
#204 = CARTESIAN_POINT('',(71.999781088398,-32.62785121306,0.65));
#205 = CARTESIAN_POINT('',(72.001267824267,-32.16833617257,0.65));
#206 = CARTESIAN_POINT('',(72.000756091324,-31.70904784384,0.65));
#207 = CARTESIAN_POINT('',(72.,-31.25,0.65));
#208 = PCURVE('',#209,#376);
#209 = SURFACE_OF_LINEAR_EXTRUSION('',#210,#374);
#210 = B_SPLINE_CURVE_WITH_KNOTS('',3,(#211,#212,#213,#214,#215,#216,
    #217,#218,#219,#220,#221,#222,#223,#224,#225,#226,#227,#228,#229,
    #230,#231,#232,#233,#234,#235,#236,#237,#238,#239,#240,#241,#242,
    #243,#244,#245,#246,#247,#248,#249,#250,#251,#252,#253,#254,#255,
    #256,#257,#258,#259,#260,#261,#262,#263,#264,#265,#266,#267,#268,
    #269,#270,#271,#272,#273,#274,#275,#276,#277,#278,#279,#280,#281,
    #282,#283,#284,#285,#286,#287,#288,#289,#290,#291,#292,#293,#294,
    #295,#296,#297,#298,#299,#300,#301,#302,#303,#304,#305,#306,#307,
    #308,#309,#310,#311,#312,#313,#314,#315,#316,#317,#318,#319,#320,
    #321,#322,#323,#324,#325,#326,#327,#328,#329,#330,#331,#332,#333,
    #334,#335,#336,#337,#338,#339,#340,#341,#342,#343,#344,#345,#346,
    #347,#348,#349,#350,#351,#352,#353,#354,#355,#356,#357,#358,#359,
    #360,#361,#362,#363,#364,#365,#366,#367,#368,#369,#370,#371,#372,
    #373),.UNSPECIFIED.,.T.,.F.,(1,1,2,1,1,1,1,1,1,1,1,1,1,1,1,1,1,1,1,1
    ,1,1,1,1,1,1,1,1,1,1,1,1,1,1,1,1,1,1,1,1,1,1,1,1,1,1,1,1,1,1,1,1,1,1
    ,1,1,1,1,1,1,1,1,1,1,1,1,1,1,1,1,1,1,1,1,1,1,1,1,1,1,1,1,1,1,1,1,1,1
    ,1,1,1,1,1,1,1,1,1,1,1,1,1,1,1,1,1,1,1,1,1,1,1,1,1,1,1,1,1,1,1,1,1,1
    ,1,1,1,1,1,1,1,1,1,1,1,1,1,1,1,1,1,1,1,1,1,1,1,1,1,1,1,1,1,1,1,1,1,1
    ,1,1,1,1,1,1,2,1,1),(-3.566765404288,-2.313465871141,0.,
    2.313465871141,3.566765404287,4.593815483714,5.496902796456,
    6.31828551398,7.080950687779,7.799458694299,8.484020444092,
    9.142349584769,9.780611911961,10.403953821566,11.016814130454,
    11.623116236523,12.226390922822,12.8298578567,13.436482346735,
    14.049017554101,14.67003860751,15.301972770583,15.94712838321,
    16.607724447217,17.285922288977,17.983860617219,18.703695461681,
    19.447646931336,20.218055529573,21.017452050022,21.848647128725,
    22.714849869293,23.619830584042,24.568152574807,25.565516108683,
    26.619293420213,27.739408552282,28.939888170013,30.241854274289,
    31.680075435206,33.32034692253,35.324739440049,39.026231474458,
    42.727723512987,44.732116030507,46.372387517831,47.810608678747,
    49.112574783024,50.313054400755,51.433169532823,52.486946844354,
    53.48431037823,54.432632368995,55.337613083744,56.203815824311,
    57.035010903014,57.834407423464,58.604816021701,59.348767491355,
    60.068602335817,60.766540664059,61.44473850582,62.105334569827,
    62.750490182454,63.382424345526,64.003445398936,64.615980606302,
    65.222605096337,65.826072030215,66.429346716513,67.035648822583,
    67.648509131471,68.271851041076,68.910113368268,69.568442508945,
    70.253004258738,70.971512265258,71.734177439057,72.555560156581,
    73.458647469323,74.485697548749,75.738997081896,78.05246295105,
    80.365928824178,81.619228357324,82.64627843675,83.549365749492,
    84.370748467016,85.133413640815,85.851921647335,86.536483397128,
    87.194812537805,87.833074864998,88.456416774602,89.069277083491,
    89.67557918956,90.278853875858,90.882320809737,91.488945299772,
    92.101480507138,92.722501560547,93.35443572362,93.999591336247,
    94.660187400254,95.338385242014,96.036323570256,96.756158414718,
    97.500109884373,98.27051848261,99.069915003059,99.901110081762,
    100.76731282232,101.67229353707,102.62061552784,103.61797906171,
    104.67175637325,105.79187150531,106.99235112304,108.29431722732,
    109.73253838824,111.37280987556,113.37720239308,117.07869442546,
    120.78018646602,122.78457898354,124.42485047086,125.86307163178,
    127.16503773606,128.36551735379,129.48563248586,130.53940979739,
    131.53677333126,132.48509532203,133.39007603678,134.25627877734,
    135.08747385605,135.8868703765,136.65727897473,137.40123044439,
    138.12106528885,138.81900361709,139.49720145885,140.15779752286,
    140.80295313549,141.43488729856,142.05590835197,142.66844355933,
    143.27506804937,143.87853498325,144.48180966955,145.08811177561,
    145.7009720845,146.32431399411,146.9625763213,147.62090546198,
    148.30546721177,149.02397521829,149.78664039209,150.60802310961,
    151.51111042235,152.53816050178,153.79146003493,156.10492590607,
    158.41839177721,159.67169131036),.UNSPECIFIED.);
#211 = CARTESIAN_POINT('',(72.001269236492,-32.02059510676,0.));
#212 = CARTESIAN_POINT('',(71.998730763508,-30.47940489323,0.));
#213 = CARTESIAN_POINT('',(72.0018437699,-29.28966558192,0.));
#214 = CARTESIAN_POINT('',(71.956065776496,-27.75899300023,0.));
#215 = CARTESIAN_POINT('',(71.888344866494,-26.69975052798,0.));
#216 = CARTESIAN_POINT('',(71.793723118449,-25.78721043996,0.));
#217 = CARTESIAN_POINT('',(71.672077116109,-24.96684488223,0.));
#218 = CARTESIAN_POINT('',(71.523318437857,-24.21356232465,0.));
#219 = CARTESIAN_POINT('',(71.347390587983,-23.51307329903,0.));
#220 = CARTESIAN_POINT('',(71.144233184496,-22.85629558853,0.));
#221 = CARTESIAN_POINT('',(70.913782358447,-22.23704112944,0.));
#222 = CARTESIAN_POINT('',(70.655967277485,-21.65088820794,0.));
#223 = CARTESIAN_POINT('',(70.37070816021,-21.09456487703,0.));
#224 = CARTESIAN_POINT('',(70.057913265886,-20.56558434275,0.));
#225 = CARTESIAN_POINT('',(69.717475024467,-20.06201587389,0.));
#226 = CARTESIAN_POINT('',(69.349265103556,-19.5823340999,0.));
#227 = CARTESIAN_POINT('',(68.953128464161,-19.12531626214,0.));
#228 = CARTESIAN_POINT('',(68.528876458051,-18.6899701906,0.));
#229 = CARTESIAN_POINT('',(68.076278990133,-18.27548268432,0.));
#230 = CARTESIAN_POINT('',(67.595055660515,-17.88118180634,0.));
#231 = CARTESIAN_POINT('',(67.084865648384,-17.50650884637,0.));
#232 = CARTESIAN_POINT('',(66.545295919532,-17.15099709194,0.));
#233 = CARTESIAN_POINT('',(65.975847140886,-16.8142554505,0.));
#234 = CARTESIAN_POINT('',(65.375916459007,-16.49595557267,0.));
#235 = CARTESIAN_POINT('',(64.744776016117,-16.19582154366,0.));
#236 = CARTESIAN_POINT('',(64.081545686908,-15.91362149676,0.));
#237 = CARTESIAN_POINT('',(63.385157945704,-15.64916069835,0.));
#238 = CARTESIAN_POINT('',(62.654311897768,-15.40227578619,0.));
#239 = CARTESIAN_POINT('',(61.887412136691,-15.17282993123,0.));
#240 = CARTESIAN_POINT('',(61.082485885425,-14.96070875237,0.));
#241 = CARTESIAN_POINT('',(60.237068229994,-14.76581685326,0.));
#242 = CARTESIAN_POINT('',(59.348038992565,-14.58807487624,0.));
#243 = CARTESIAN_POINT('',(58.411383557321,-14.42741698733,0.));
#244 = CARTESIAN_POINT('',(57.421828704907,-14.28378870288,0.));
#245 = CARTESIAN_POINT('',(56.372261541592,-14.15714499629,0.));
#246 = CARTESIAN_POINT('',(55.252745276203,-14.047448413,0.));
#247 = CARTESIAN_POINT('',(54.048714833969,-13.95466735722,0.));
#248 = CARTESIAN_POINT('',(52.737281120213,-13.87877125998,0.));
#249 = CARTESIAN_POINT('',(51.278257281879,-13.81972619212,0.));
#250 = CARTESIAN_POINT('',(49.584433267489,-13.77740933349,0.));
#251 = CARTESIAN_POINT('',(47.135818539821,-13.74904397191,0.));
#252 = CARTESIAN_POINT('',(44.000000000687,-13.75062018961,0.));
#253 = CARTESIAN_POINT('',(40.864181461553,-13.7490439719,0.));
#254 = CARTESIAN_POINT('',(38.415566732511,-13.77740933349,0.));
#255 = CARTESIAN_POINT('',(36.721742718121,-13.81972619212,0.));
#256 = CARTESIAN_POINT('',(35.262718879787,-13.87877125998,0.));
#257 = CARTESIAN_POINT('',(33.951285166031,-13.95466735722,0.));
#258 = CARTESIAN_POINT('',(32.747254723797,-14.047448413,0.));
#259 = CARTESIAN_POINT('',(31.627738458408,-14.15714499629,0.));
#260 = CARTESIAN_POINT('',(30.578171295094,-14.28378870288,0.));
#261 = CARTESIAN_POINT('',(29.588616442679,-14.42741698733,0.));
#262 = CARTESIAN_POINT('',(28.651961007435,-14.58807487624,0.));
#263 = CARTESIAN_POINT('',(27.762931770006,-14.76581685326,0.));
#264 = CARTESIAN_POINT('',(26.917514114575,-14.96070875237,0.));
#265 = CARTESIAN_POINT('',(26.112587863309,-15.17282993123,0.));
#266 = CARTESIAN_POINT('',(25.345688102232,-15.40227578619,0.));
#267 = CARTESIAN_POINT('',(24.614842054296,-15.64916069835,0.));
#268 = CARTESIAN_POINT('',(23.918454313092,-15.91362149676,0.));
#269 = CARTESIAN_POINT('',(23.255223983883,-16.19582154366,0.));
#270 = CARTESIAN_POINT('',(22.624083540993,-16.49595557267,0.));
#271 = CARTESIAN_POINT('',(22.024152859114,-16.8142554505,0.));
#272 = CARTESIAN_POINT('',(21.454704080468,-17.15099709194,0.));
#273 = CARTESIAN_POINT('',(20.915134351616,-17.50650884637,0.));
#274 = CARTESIAN_POINT('',(20.404944339485,-17.88118180634,0.));
#275 = CARTESIAN_POINT('',(19.923721009867,-18.27548268432,0.));
#276 = CARTESIAN_POINT('',(19.471123541949,-18.6899701906,0.));
#277 = CARTESIAN_POINT('',(19.04687153584,-19.12531626214,0.));
#278 = CARTESIAN_POINT('',(18.650734896441,-19.5823340999,0.));
#279 = CARTESIAN_POINT('',(18.282524975544,-20.0620158739,0.));
#280 = CARTESIAN_POINT('',(17.942086734075,-20.56558434273,0.));
#281 = CARTESIAN_POINT('',(17.629291839939,-21.0945648771,0.));
#282 = CARTESIAN_POINT('',(17.344032721944,-21.65088820767,0.));
#283 = CARTESIAN_POINT('',(17.086217643769,-22.23704113049,0.));
#284 = CARTESIAN_POINT('',(16.855766806806,-22.8562955844,0.));
#285 = CARTESIAN_POINT('',(16.652609446597,-23.51307331545,0.));
#286 = CARTESIAN_POINT('',(16.476681422588,-24.21356225838,0.));
#287 = CARTESIAN_POINT('',(16.327923457675,-24.96684515468,0.));
#288 = CARTESIAN_POINT('',(16.206274462664,-25.78720929141,0.));
#289 = CARTESIAN_POINT('',(16.111665724302,-26.69975555676,0.));
#290 = CARTESIAN_POINT('',(16.043884491031,-27.758969386,0.));
#291 = CARTESIAN_POINT('',(15.998470764452,-29.28981493005,0.));
#292 = CARTESIAN_POINT('',(16.000991888697,-31.24999999933,0.));
#293 = CARTESIAN_POINT('',(15.998470764416,-33.21018506862,0.));
#294 = CARTESIAN_POINT('',(16.043884491031,-34.74103061399,0.));
#295 = CARTESIAN_POINT('',(16.111665724302,-35.80024444323,0.));
#296 = CARTESIAN_POINT('',(16.206274462664,-36.71279070858,0.));
#297 = CARTESIAN_POINT('',(16.327923457675,-37.53315484532,0.));
#298 = CARTESIAN_POINT('',(16.476681422588,-38.28643774161,0.));
#299 = CARTESIAN_POINT('',(16.652609446597,-38.98692668455,0.));
#300 = CARTESIAN_POINT('',(16.855766806806,-39.64370441559,0.));
#301 = CARTESIAN_POINT('',(17.086217643769,-40.2629588695,0.));
#302 = CARTESIAN_POINT('',(17.344032721944,-40.84911179232,0.));
#303 = CARTESIAN_POINT('',(17.629291839939,-41.40543512289,0.));
#304 = CARTESIAN_POINT('',(17.942086734075,-41.93441565726,0.));
#305 = CARTESIAN_POINT('',(18.282524975544,-42.4379841261,0.));
#306 = CARTESIAN_POINT('',(18.650734896441,-42.91766590009,0.));
#307 = CARTESIAN_POINT('',(19.04687153584,-43.37468373785,0.));
#308 = CARTESIAN_POINT('',(19.471123541949,-43.81002980939,0.));
#309 = CARTESIAN_POINT('',(19.923721009867,-44.22451731567,0.));
#310 = CARTESIAN_POINT('',(20.404944339485,-44.61881819365,0.));
#311 = CARTESIAN_POINT('',(20.915134351616,-44.99349115362,0.));
#312 = CARTESIAN_POINT('',(21.454704080468,-45.34900290805,0.));
#313 = CARTESIAN_POINT('',(22.024152859114,-45.68574454949,0.));
#314 = CARTESIAN_POINT('',(22.624083540993,-46.00404442732,0.));
#315 = CARTESIAN_POINT('',(23.255223983883,-46.30417845633,0.));
#316 = CARTESIAN_POINT('',(23.918454313092,-46.58637850323,0.));
#317 = CARTESIAN_POINT('',(24.614842054296,-46.85083930164,0.));
#318 = CARTESIAN_POINT('',(25.345688102232,-47.0977242138,0.));
#319 = CARTESIAN_POINT('',(26.112587863309,-47.32717006876,0.));
#320 = CARTESIAN_POINT('',(26.917514114575,-47.53929124762,0.));
#321 = CARTESIAN_POINT('',(27.762931770006,-47.73418314674,0.));
#322 = CARTESIAN_POINT('',(28.651961007435,-47.91192512375,0.));
#323 = CARTESIAN_POINT('',(29.588616442679,-48.07258301266,0.));
#324 = CARTESIAN_POINT('',(30.578171295094,-48.21621129711,0.));
#325 = CARTESIAN_POINT('',(31.627738458408,-48.34285500371,0.));
#326 = CARTESIAN_POINT('',(32.747254723797,-48.45255158699,0.));
#327 = CARTESIAN_POINT('',(33.951285166031,-48.54533264277,0.));
#328 = CARTESIAN_POINT('',(35.262718879787,-48.62122874001,0.));
#329 = CARTESIAN_POINT('',(36.721742718121,-48.68027380787,0.));
#330 = CARTESIAN_POINT('',(38.415566732511,-48.7225906665,0.));
#331 = CARTESIAN_POINT('',(40.864181459501,-48.75095602807,0.));
#332 = CARTESIAN_POINT('',(43.999999998635,-48.74937981038,0.));
#333 = CARTESIAN_POINT('',(47.135818537769,-48.7509560281,0.));
#334 = CARTESIAN_POINT('',(49.584433267489,-48.7225906665,0.));
#335 = CARTESIAN_POINT('',(51.278257281879,-48.68027380787,0.));
#336 = CARTESIAN_POINT('',(52.737281120213,-48.62122874001,0.));
#337 = CARTESIAN_POINT('',(54.048714833969,-48.54533264277,0.));
#338 = CARTESIAN_POINT('',(55.252745276203,-48.45255158699,0.));
#339 = CARTESIAN_POINT('',(56.372261541592,-48.34285500371,0.));
#340 = CARTESIAN_POINT('',(57.421828704907,-48.21621129711,0.));
#341 = CARTESIAN_POINT('',(58.411383557321,-48.07258301266,0.));
#342 = CARTESIAN_POINT('',(59.348038992565,-47.91192512375,0.));
#343 = CARTESIAN_POINT('',(60.237068229994,-47.73418314674,0.));
#344 = CARTESIAN_POINT('',(61.082485885425,-47.53929124762,0.));
#345 = CARTESIAN_POINT('',(61.887412136691,-47.32717006876,0.));
#346 = CARTESIAN_POINT('',(62.654311897768,-47.0977242138,0.));
#347 = CARTESIAN_POINT('',(63.385157945704,-46.85083930164,0.));
#348 = CARTESIAN_POINT('',(64.081545686908,-46.58637850323,0.));
#349 = CARTESIAN_POINT('',(64.744776016117,-46.30417845633,0.));
#350 = CARTESIAN_POINT('',(65.375916459007,-46.00404442732,0.));
#351 = CARTESIAN_POINT('',(65.975847140886,-45.68574454949,0.));
#352 = CARTESIAN_POINT('',(66.545295919532,-45.34900290805,0.));
#353 = CARTESIAN_POINT('',(67.084865648384,-44.99349115362,0.));
#354 = CARTESIAN_POINT('',(67.595055660515,-44.61881819365,0.));
#355 = CARTESIAN_POINT('',(68.076278990133,-44.22451731567,0.));
#356 = CARTESIAN_POINT('',(68.528876458052,-43.81002980939,0.));
#357 = CARTESIAN_POINT('',(68.95312846416,-43.37468373785,0.));
#358 = CARTESIAN_POINT('',(69.349265103562,-42.91766590009,0.));
#359 = CARTESIAN_POINT('',(69.717475024446,-42.4379841261,0.));
#360 = CARTESIAN_POINT('',(70.057913265964,-41.93441565724,0.));
#361 = CARTESIAN_POINT('',(70.370708159913,-41.40543512296,0.));
#362 = CARTESIAN_POINT('',(70.655967278627,-40.84911179205,0.));
#363 = CARTESIAN_POINT('',(70.913782354015,-40.26295887055,0.));
#364 = CARTESIAN_POINT('',(71.144233201892,-39.64370441146,0.));
#365 = CARTESIAN_POINT('',(71.347390518823,-38.98692670097,0.));
#366 = CARTESIAN_POINT('',(71.523318716967,-38.28643767534,0.));
#367 = CARTESIAN_POINT('',(71.672075968542,-37.53315511776,0.));
#368 = CARTESIAN_POINT('',(71.793727956223,-36.71278956003,0.));
#369 = CARTESIAN_POINT('',(71.888323684903,-35.80024947201,0.));
#370 = CARTESIAN_POINT('',(71.956165241442,-34.74100699977,0.));
#371 = CARTESIAN_POINT('',(72.001214701232,-33.21033441807,0.));
#372 = CARTESIAN_POINT('',(72.001269236492,-32.02059510676,0.));
#373 = CARTESIAN_POINT('',(71.998730763508,-30.47940489323,0.));
#374 = VECTOR('',#375,1.);
#375 = DIRECTION('',(-0.,-0.,-1.));
#376 = DEFINITIONAL_REPRESENTATION('',(#377),#542);
#377 = B_SPLINE_CURVE_WITH_KNOTS('',10,(#378,#379,#380,#381,#382,#383,
    #384,#385,#386,#387,#388,#389,#390,#391,#392,#393,#394,#395,#396,
    #397,#398,#399,#400,#401,#402,#403,#404,#405,#406,#407,#408,#409,
    #410,#411,#412,#413,#414,#415,#416,#417,#418,#419,#420,#421,#422,
    #423,#424,#425,#426,#427,#428,#429,#430,#431,#432,#433,#434,#435,
    #436,#437,#438,#439,#440,#441,#442,#443,#444,#445,#446,#447,#448,
    #449,#450,#451,#452,#453,#454,#455,#456,#457,#458,#459,#460,#461,
    #462,#463,#464,#465,#466,#467,#468,#469,#470,#471,#472,#473,#474,
    #475,#476,#477,#478,#479,#480,#481,#482,#483,#484,#485,#486,#487,
    #488,#489,#490,#491,#492,#493,#494,#495,#496,#497,#498,#499,#500,
    #501,#502,#503,#504,#505,#506,#507,#508,#509,#510,#511,#512,#513,
    #514,#515,#516,#517,#518,#519,#520,#521,#522,#523,#524,#525,#526,
    #527,#528,#529,#530,#531,#532,#533,#534,#535,#536,#537,#538,#539,
    #540,#541),.UNSPECIFIED.,.F.,.F.,(11,9,9,9,9,9,9,9,9,9,9,9,9,9,9,9,9
    ,9,11),(9.869817311675E-16,4.878549698257,9.757099396514,
    19.514198793029,39.028397586058,48.785496982572,58.542596379086,
    68.299695775601,73.178245473858,78.056795172115,82.935344870372,
    87.813894568629,97.570993965144,117.08519275817,126.84229215468,
    136.5993915512,146.35649094771,151.23504064597,156.11359034423),
  .UNSPECIFIED.);
#378 = CARTESIAN_POINT('',(1.972042806911E-31,-0.65));
#379 = CARTESIAN_POINT('',(0.487827893456,-0.65));
#380 = CARTESIAN_POINT('',(0.975633129494,-0.65));
#381 = CARTESIAN_POINT('',(1.463554245905,-0.65));
#382 = CARTESIAN_POINT('',(1.951300959471,-0.65));
#383 = CARTESIAN_POINT('',(2.439062073744,-0.65));
#384 = CARTESIAN_POINT('',(2.926999749952,-0.65));
#385 = CARTESIAN_POINT('',(3.414918175616,-0.65));
#386 = CARTESIAN_POINT('',(3.902626635743,-0.65));
#387 = CARTESIAN_POINT('',(4.390448961483,-0.65));
#388 = CARTESIAN_POINT('',(5.366077641345,-0.65));
#389 = CARTESIAN_POINT('',(5.85390459247,-0.65));
#390 = CARTESIAN_POINT('',(6.341735981943,-0.65));
#391 = CARTESIAN_POINT('',(6.829567239257,-0.65));
#392 = CARTESIAN_POINT('',(7.317396548575,-0.65));
#393 = CARTESIAN_POINT('',(7.805224001118,-0.65));
#394 = CARTESIAN_POINT('',(8.293050747466,-0.65));
#395 = CARTESIAN_POINT('',(8.780878149963,-0.65));
#396 = CARTESIAN_POINT('',(9.268706935024,-0.65));
#397 = CARTESIAN_POINT('',(10.732195166499,-0.65));
#398 = CARTESIAN_POINT('',(11.707856482876,-0.65));
#399 = CARTESIAN_POINT('',(12.683518782558,-0.65));
#400 = CARTESIAN_POINT('',(13.659180889767,-0.65));
#401 = CARTESIAN_POINT('',(14.6348419651,-0.65));
#402 = CARTESIAN_POINT('',(15.610501505432,-0.65));
#403 = CARTESIAN_POINT('',(16.586159344028,-0.65));
#404 = CARTESIAN_POINT('',(17.561815650442,-0.65));
#405 = CARTESIAN_POINT('',(18.537470930587,-0.65));
#406 = CARTESIAN_POINT('',(21.464436218923,-0.65));
#407 = CARTESIAN_POINT('',(23.415748989876,-0.65));
#408 = CARTESIAN_POINT('',(25.367054247426,-0.65));
#409 = CARTESIAN_POINT('',(27.318365772306,-0.65));
#410 = CARTESIAN_POINT('',(29.269705901507,-0.65));
#411 = CARTESIAN_POINT('',(31.220996358681,-0.65));
#412 = CARTESIAN_POINT('',(33.17227522737,-0.65));
#413 = CARTESIAN_POINT('',(35.123666227599,-0.65));
#414 = CARTESIAN_POINT('',(37.074930829933,-0.65));
#415 = CARTESIAN_POINT('',(40.001889061043,-0.65));
#416 = CARTESIAN_POINT('',(40.977533508328,-0.65));
#417 = CARTESIAN_POINT('',(41.953259950037,-0.65));
#418 = CARTESIAN_POINT('',(42.928922430194,-0.65));
#419 = CARTESIAN_POINT('',(43.904518677761,-0.65));
#420 = CARTESIAN_POINT('',(44.880133750846,-0.65));
#421 = CARTESIAN_POINT('',(45.85580260462,-0.65));
#422 = CARTESIAN_POINT('',(46.831478346111,-0.65));
#423 = CARTESIAN_POINT('',(47.807124497323,-0.65));
#424 = CARTESIAN_POINT('',(49.758437784075,-0.65));
#425 = CARTESIAN_POINT('',(50.734094464036,-0.65));
#426 = CARTESIAN_POINT('',(51.709751119124,-0.65));
#427 = CARTESIAN_POINT('',(52.685407687767,-0.65));
#428 = CARTESIAN_POINT('',(53.661064108599,-0.65));
#429 = CARTESIAN_POINT('',(54.636720319977,-0.65));
#430 = CARTESIAN_POINT('',(55.612376260551,-0.65));
#431 = CARTESIAN_POINT('',(56.588031868722,-0.65));
#432 = CARTESIAN_POINT('',(57.56368708306,-0.65));
#433 = CARTESIAN_POINT('',(59.514996601031,-0.65));
#434 = CARTESIAN_POINT('',(60.490651175634,-0.65));
#435 = CARTESIAN_POINT('',(61.466305944471,-0.65));
#436 = CARTESIAN_POINT('',(62.44196120792,-0.65));
#437 = CARTESIAN_POINT('',(63.417617187742,-0.65));
#438 = CARTESIAN_POINT('',(64.393274027662,-0.65));
#439 = CARTESIAN_POINT('',(65.368931792669,-0.65));
#440 = CARTESIAN_POINT('',(66.344590469694,-0.65));
#441 = CARTESIAN_POINT('',(67.320249967076,-0.65));
#442 = CARTESIAN_POINT('',(68.783740188818,-0.65));
#443 = CARTESIAN_POINT('',(69.271570007482,-0.65));
#444 = CARTESIAN_POINT('',(69.759399709179,-0.65));
#445 = CARTESIAN_POINT('',(70.247229431977,-0.649999999999));
#446 = CARTESIAN_POINT('',(70.735059314327,-0.650000000001));
#447 = CARTESIAN_POINT('',(71.222889494171,-0.65));
#448 = CARTESIAN_POINT('',(71.710720109975,-0.65));
#449 = CARTESIAN_POINT('',(72.198551299781,-0.65));
#450 = CARTESIAN_POINT('',(72.6863832019,-0.65));
#451 = CARTESIAN_POINT('',(73.662048707126,-0.65));
#452 = CARTESIAN_POINT('',(74.149871458657,-0.65));
#453 = CARTESIAN_POINT('',(74.637756859596,-0.65));
#454 = CARTESIAN_POINT('',(75.125560577608,-0.65));
#455 = CARTESIAN_POINT('',(75.613355427257,-0.65));
#456 = CARTESIAN_POINT('',(76.101223058229,-0.65));
#457 = CARTESIAN_POINT('',(76.589092011626,-0.65));
#458 = CARTESIAN_POINT('',(77.076868559126,-0.65));
#459 = CARTESIAN_POINT('',(77.564664344067,-0.65));
#460 = CARTESIAN_POINT('',(78.540300554426,-0.65));
#461 = CARTESIAN_POINT('',(79.028146225326,-0.65));
#462 = CARTESIAN_POINT('',(79.515980468441,-0.65));
#463 = CARTESIAN_POINT('',(80.003968373514,-0.65));
#464 = CARTESIAN_POINT('',(80.49185454289,-0.65));
#465 = CARTESIAN_POINT('',(80.979502701079,-0.65));
#466 = CARTESIAN_POINT('',(81.467166150276,-0.65));
#467 = CARTESIAN_POINT('',(81.955067794714,-0.65));
#468 = CARTESIAN_POINT('',(82.442880504639,-0.65));
#469 = CARTESIAN_POINT('',(83.418540790943,-0.65));
#470 = CARTESIAN_POINT('',(83.906370968218,-0.65));
#471 = CARTESIAN_POINT('',(84.394200805958,-0.65));
#472 = CARTESIAN_POINT('',(84.882030076182,-0.65));
#473 = CARTESIAN_POINT('',(85.36985869682,-0.65));
#474 = CARTESIAN_POINT('',(85.857686731392,-0.65));
#475 = CARTESIAN_POINT('',(86.34551438936,-0.65));
#476 = CARTESIAN_POINT('',(86.833342025811,-0.65));
#477 = CARTESIAN_POINT('',(87.321170141692,-0.65));
#478 = CARTESIAN_POINT('',(88.784657867628,-0.65));
#479 = CARTESIAN_POINT('',(89.760319137747,-0.65));
#480 = CARTESIAN_POINT('',(90.73598154515,-0.65));
#481 = CARTESIAN_POINT('',(91.711643808637,-0.65));
#482 = CARTESIAN_POINT('',(92.687305015137,-0.65));
#483 = CARTESIAN_POINT('',(93.662964619069,-0.65));
#484 = CARTESIAN_POINT('',(94.63862244304,-0.65));
#485 = CARTESIAN_POINT('',(95.614278677244,-0.65));
#486 = CARTESIAN_POINT('',(96.58993387987,-0.65));
#487 = CARTESIAN_POINT('',(99.516899170923,-0.65));
#488 = CARTESIAN_POINT('',(101.46821195554,-0.65));
#489 = CARTESIAN_POINT('',(103.41951718482,-0.65));
#490 = CARTESIAN_POINT('',(105.37082872998,-0.65));
#491 = CARTESIAN_POINT('',(107.32216886066,-0.65));
#492 = CARTESIAN_POINT('',(109.27345930464,-0.65));
#493 = CARTESIAN_POINT('',(111.22473818353,-0.65));
#494 = CARTESIAN_POINT('',(113.17612918004,-0.65));
#495 = CARTESIAN_POINT('',(115.12739378298,-0.65));
#496 = CARTESIAN_POINT('',(118.05435201407,-0.65));
#497 = CARTESIAN_POINT('',(119.02999646132,-0.65));
#498 = CARTESIAN_POINT('',(120.0057229031,-0.65));
#499 = CARTESIAN_POINT('',(120.98138538314,-0.65));
#500 = CARTESIAN_POINT('',(121.95698163082,-0.65));
#501 = CARTESIAN_POINT('',(122.93259670402,-0.65));
#502 = CARTESIAN_POINT('',(123.90826555784,-0.65));
#503 = CARTESIAN_POINT('',(124.88394129901,-0.65));
#504 = CARTESIAN_POINT('',(125.85958745012,-0.65));
#505 = CARTESIAN_POINT('',(127.81090073703,-0.65));
#506 = CARTESIAN_POINT('',(128.78655741699,-0.65));
#507 = CARTESIAN_POINT('',(129.76221407218,-0.65));
#508 = CARTESIAN_POINT('',(130.73787064089,-0.65));
#509 = CARTESIAN_POINT('',(131.71352706222,-0.65));
#510 = CARTESIAN_POINT('',(132.68918327414,-0.65));
#511 = CARTESIAN_POINT('',(133.66483921582,-0.65));
#512 = CARTESIAN_POINT('',(134.64049482545,-0.65));
#513 = CARTESIAN_POINT('',(135.61615004184,-0.65));
#514 = CARTESIAN_POINT('',(137.56745956518,-0.65));
#515 = CARTESIAN_POINT('',(138.54311408447,-0.65));
#516 = CARTESIAN_POINT('',(139.51876880501,-0.65));
#517 = CARTESIAN_POINT('',(140.49442406562,-0.65));
#518 = CARTESIAN_POINT('',(141.4700801017,-0.650000000001));
#519 = CARTESIAN_POINT('',(142.44573704314,-0.65));
#520 = CARTESIAN_POINT('',(143.42139491675,-0.65));
#521 = CARTESIAN_POINT('',(144.39705364402,-0.65));
#522 = CARTESIAN_POINT('',(145.37271304278,-0.65));
#523 = CARTESIAN_POINT('',(146.8362027179,-0.65));
#524 = CARTESIAN_POINT('',(147.32403232121,-0.65));
#525 = CARTESIAN_POINT('',(147.81186182176,-0.65));
#526 = CARTESIAN_POINT('',(148.29969140549,-0.65));
#527 = CARTESIAN_POINT('',(148.78752125773,-0.65));
#528 = CARTESIAN_POINT('',(149.27535156472,-0.65));
#529 = CARTESIAN_POINT('',(149.76318251168,-0.65));
#530 = CARTESIAN_POINT('',(150.25101428471,-0.65));
#531 = CARTESIAN_POINT('',(150.73884706931,-0.65));
#532 = CARTESIAN_POINT('',(151.7145150333,-0.65));
#533 = CARTESIAN_POINT('',(152.20237546343,-0.65));
#534 = CARTESIAN_POINT('',(152.69016862788,-0.65));
#535 = CARTESIAN_POINT('',(153.17787233003,-0.65));
#536 = CARTESIAN_POINT('',(153.66625392988,-0.65));
#537 = CARTESIAN_POINT('',(154.15332707327,-0.65));
#538 = CARTESIAN_POINT('',(154.64164318045,-0.65));
#539 = CARTESIAN_POINT('',(155.12929276323,-0.65));
#540 = CARTESIAN_POINT('',(155.61709801262,-0.65));
#541 = CARTESIAN_POINT('',(156.10492590607,-0.65));
#542 = ( GEOMETRIC_REPRESENTATION_CONTEXT(2) 
PARAMETRIC_REPRESENTATION_CONTEXT() REPRESENTATION_CONTEXT('2D SPACE',''
  ) );
#543 = PCURVE('',#544,#1091);
#544 = ( BOUNDED_SURFACE() B_SPLINE_SURFACE(2,10,(
    (#545,#546,#547,#548,#549,#550,#551,#552,#553,#554,#555,#556,#557
      ,#558,#559,#560,#561,#562,#563,#564,#565,#566,#567,#568,#569,#570
      ,#571,#572,#573,#574,#575,#576,#577,#578,#579,#580,#581,#582,#583
      ,#584,#585,#586,#587,#588,#589,#590,#591,#592,#593,#594,#595,#596
      ,#597,#598,#599,#600,#601,#602,#603,#604,#605,#606,#607,#608,#609
      ,#610,#611,#612,#613,#614,#615,#616,#617,#618,#619,#620,#621,#622
      ,#623,#624,#625,#626,#627,#628,#629,#630,#631,#632,#633,#634,#635
      ,#636,#637,#638,#639,#640,#641,#642,#643,#644,#645,#646,#647,#648
      ,#649,#650,#651,#652,#653,#654,#655,#656,#657,#658,#659,#660,#661
      ,#662,#663,#664,#665,#666,#667,#668,#669,#670,#671,#672,#673,#674
      ,#675,#676,#677,#678,#679,#680,#681,#682,#683,#684,#685,#686,#687
      ,#688,#689,#690,#691,#692,#693,#694,#695,#696,#697,#698,#699,#700
      ,#701,#702,#703,#704,#705,#706,#707,#708,#709,#710,#711,#712,#713
      ,#714,#715,#716,#717,#718,#719,#720,#721,#722,#723,#724,#725,#726)
    ,(#727,#728,#729,#730,#731,#732,#733,#734,#735,#736,#737,#738,#739
      ,#740,#741,#742,#743,#744,#745,#746,#747,#748,#749,#750,#751,#752
      ,#753,#754,#755,#756,#757,#758,#759,#760,#761,#762,#763,#764,#765
      ,#766,#767,#768,#769,#770,#771,#772,#773,#774,#775,#776,#777,#778
      ,#779,#780,#781,#782,#783,#784,#785,#786,#787,#788,#789,#790,#791
      ,#792,#793,#794,#795,#796,#797,#798,#799,#800,#801,#802,#803,#804
      ,#805,#806,#807,#808,#809,#810,#811,#812,#813,#814,#815,#816,#817
      ,#818,#819,#820,#821,#822,#823,#824,#825,#826,#827,#828,#829,#830
      ,#831,#832,#833,#834,#835,#836,#837,#838,#839,#840,#841,#842,#843
      ,#844,#845,#846,#847,#848,#849,#850,#851,#852,#853,#854,#855,#856
      ,#857,#858,#859,#860,#861,#862,#863,#864,#865,#866,#867,#868,#869
      ,#870,#871,#872,#873,#874,#875,#876,#877,#878,#879,#880,#881,#882
      ,#883,#884,#885,#886,#887,#888,#889,#890,#891,#892,#893,#894,#895
      ,#896,#897,#898,#899,#900,#901,#902,#903,#904,#905,#906,#907,#908)
    ,(#909,#910,#911,#912,#913,#914,#915,#916,#917,#918,#919,#920,#921
      ,#922,#923,#924,#925,#926,#927,#928,#929,#930,#931,#932,#933,#934
      ,#935,#936,#937,#938,#939,#940,#941,#942,#943,#944,#945,#946,#947
      ,#948,#949,#950,#951,#952,#953,#954,#955,#956,#957,#958,#959,#960
      ,#961,#962,#963,#964,#965,#966,#967,#968,#969,#970,#971,#972,#973
      ,#974,#975,#976,#977,#978,#979,#980,#981,#982,#983,#984,#985,#986
      ,#987,#988,#989,#990,#991,#992,#993,#994,#995,#996,#997,#998,#999
      ,#1000,#1001,#1002,#1003,#1004,#1005,#1006,#1007,#1008,#1009,#1010
      ,#1011,#1012,#1013,#1014,#1015,#1016,#1017,#1018,#1019,#1020,#1021
      ,#1022,#1023,#1024,#1025,#1026,#1027,#1028,#1029,#1030,#1031,#1032
      ,#1033,#1034,#1035,#1036,#1037,#1038,#1039,#1040,#1041,#1042,#1043
      ,#1044,#1045,#1046,#1047,#1048,#1049,#1050,#1051,#1052,#1053,#1054
      ,#1055,#1056,#1057,#1058,#1059,#1060,#1061,#1062,#1063,#1064,#1065
      ,#1066,#1067,#1068,#1069,#1070,#1071,#1072,#1073,#1074,#1075,#1076
      ,#1077,#1078,#1079,#1080,#1081,#1082,#1083,#1084,#1085,#1086,#1087
      ,#1088,#1089,#1090
)),.UNSPECIFIED.,.F.,.T.,.F.) B_SPLINE_SURFACE_WITH_KNOTS((3,3),(11,9,9,
    9,9,9,9,9,9,9,9,9,9,9,9,9,9,9,9,9,11),(0.,156.11359034423),(
    9.869817311675E-16,4.594070458564,9.78115477444,19.448726352329,
    28.941494447776,39.028397583997,49.115300724339,58.608068819786,
    68.275640397675,73.462724713551,78.056795170129,82.650865630679,
    87.837949946555,97.505521524444,106.99828961989,117.08519275407,
    127.17209589645,136.6648639919,146.33243556979,151.51951988566,
156.11359034423),.UNSPECIFIED.) GEOMETRIC_REPRESENTATION_ITEM() 
RATIONAL_B_SPLINE_SURFACE((
    (1.,1.,1.,1.,1.,1.,1.,1.,1.,1.,1.,1.,0.999999999999,1.000000000001
      ,0.999999999999,1.000000000001,1.,1.,1.,1.,1.,1.,1.,1.,1.,1.,1.,1.
      ,1.,1.,1.,1.,1.,1.,1.,1.,1.,1.,1.,1.,1.,1.,1.,1.,1.,1.,1.,1.,1.,1.
      ,1.,1.,1.,1.,1.,1.,1.,1.,1.,1.,1.,1.,1.,1.,1.,1.,1.,1.,1.,1.,1.,1.
      ,1.,1.,1.,1.,1.,1.,1.,1.,1.,1.,1.,1.,1.,1.000000000001
      ,0.999999999999,1.,1.,1.,1.,1.,1.,1.000000000001,0.999999999999
      ,1.000000000001,0.999999999999,1.,1.,1.,1.,1.,1.,1.000000000001
      ,0.999999999999,1.,1.,1.,1.,1.,1.,1.,1.,1.,1.,1.,1.,1.,1.,1.,1.,1.
      ,1.,1.,1.,1.,1.,1.,1.,1.,1.,1.,1.,1.,1.,1.,1.,1.,1.,1.,1.,1.,1.,1.
      ,1.,1.,1.,1.,1.,1.,1.,1.,1.,1.,1.,1.,1.,1.,1.,1.,1.,1.,1.,1.,1.,1.
      ,0.999999999999,1.000000000001,0.999999999999,1.,1.,1.,1.,1.,1.,1.
      ,1.,1.,1.,1.,1.,1.)
    ,(0.707106781187,0.707106781187,0.707106781186,0.707106781187
      ,0.707106781186,0.707106781187,0.707106781186,0.707106781187
      ,0.707106781186,0.707106781187,0.707106781187,0.707106781187
      ,0.707106781186,0.707106781187,0.707106781186,0.707106781187
      ,0.707106781186,0.707106781187,0.707106781187,0.707106781187
      ,0.707106781186,0.707106781187,0.707106781186,0.707106781187
      ,0.707106781186,0.707106781187,0.707106781187,0.707106781187
      ,0.707106781187,0.707106781187,0.707106781186,0.707106781187
      ,0.707106781186,0.707106781187,0.707106781186,0.707106781187
      ,0.707106781187,0.707106781187,0.707106781186,0.707106781187
      ,0.707106781186,0.707106781187,0.707106781186,0.707106781187
      ,0.707106781186,0.707106781187,0.707106781187,0.707106781187
      ,0.707106781187,0.707106781187,0.707106781187,0.707106781187
      ,0.707106781187,0.707106781187,0.707106781187,0.707106781187
      ,0.707106781187,0.707106781186,0.707106781187,0.707106781186
      ,0.707106781187,0.707106781186,0.707106781187,0.707106781187
      ,0.707106781187,0.707106781187,0.707106781186,0.707106781187
      ,0.707106781186,0.707106781187,0.707106781187,0.707106781187
      ,0.707106781187,0.707106781187,0.707106781187,0.707106781186
      ,0.707106781187,0.707106781186,0.707106781187,0.707106781187
      ,0.707106781187,0.707106781187,0.707106781187,0.707106781187
      ,0.707106781186,0.707106781187,0.707106781186,0.707106781187
      ,0.707106781186,0.707106781187,0.707106781187,0.707106781187
      ,0.707106781186,0.707106781187,0.707106781186,0.707106781187
      ,0.707106781186,0.707106781187,0.707106781186,0.707106781187
      ,0.707106781187,0.707106781187,0.707106781186,0.707106781187
      ,0.707106781186,0.707106781187,0.707106781186,0.707106781187
      ,0.707106781187,0.707106781187,0.707106781186,0.707106781187
      ,0.707106781186,0.707106781187,0.707106781186,0.707106781187
      ,0.707106781187,0.707106781187,0.707106781187,0.707106781187
      ,0.707106781187,0.707106781186,0.707106781187,0.707106781186
      ,0.707106781187,0.707106781187,0.707106781187,0.707106781187
      ,0.707106781187,0.707106781187,0.707106781187,0.707106781187
      ,0.707106781187,0.707106781187,0.707106781187,0.707106781187
      ,0.707106781187,0.707106781187,0.707106781187,0.707106781187
      ,0.707106781186,0.707106781187,0.707106781187,0.707106781187
      ,0.707106781187,0.707106781187,0.707106781187,0.707106781186
      ,0.707106781187,0.707106781186,0.707106781187,0.707106781186
      ,0.707106781187,0.707106781187,0.707106781187,0.707106781187
      ,0.707106781186,0.707106781187,0.707106781186,0.707106781187
      ,0.707106781187,0.707106781187,0.707106781187,0.707106781187
      ,0.707106781186,0.707106781187,0.707106781186,0.707106781187
      ,0.707106781186,0.707106781187,0.707106781186,0.707106781187
      ,0.707106781187,0.707106781187,0.707106781186,0.707106781187
      ,0.707106781186,0.707106781187,0.707106781186,0.707106781187
      ,0.707106781187,0.707106781187)
    ,(1.,1.,1.,1.,1.,1.,1.,1.,1.,1.,1.,1.,0.999999999999,1.000000000001
      ,0.999999999999,1.000000000001,1.,1.,1.,1.,1.,1.,1.,1.,1.,1.,1.,1.
      ,1.,1.,1.,1.,1.,1.,1.,1.,1.,1.,1.,1.,1.,1.,1.,1.,1.,1.,1.,1.,1.,1.
      ,1.,1.,1.,1.,1.,1.,1.,1.,1.,1.,1.,1.,1.,1.,1.,1.,1.,1.,1.,1.,1.,1.
      ,1.,1.,1.,1.,1.,1.,1.,1.,1.,1.,1.,1.,1.,1.000000000001
      ,0.999999999999,1.,1.,1.,1.,1.,1.,1.000000000001,0.999999999999
      ,1.000000000001,0.999999999999,1.,1.,1.,1.,1.,1.,1.000000000001
      ,0.999999999999,1.,1.,1.,1.,1.,1.,1.,1.,1.,1.,1.,1.,1.,1.,1.,1.,1.
      ,1.,1.,1.,1.,1.,1.,1.,1.,1.,1.,1.,1.,1.,1.,1.,1.,1.,1.,1.,1.,1.,1.
      ,1.,1.,1.,1.,1.,1.,1.,1.,1.,1.,1.,1.,1.,1.,1.,1.,1.,1.,1.,1.,1.,1.
      ,0.999999999999,1.000000000001,0.999999999999,1.,1.,1.,1.,1.,1.,1.
,1.,1.,1.,1.,1.,1.))) REPRESENTATION_ITEM('') SURFACE() );
#545 = CARTESIAN_POINT('',(72.,-31.25,0.65));
#546 = CARTESIAN_POINT('',(71.999243908675,-30.79095215616,0.65));
#547 = CARTESIAN_POINT('',(71.999382437406,-30.33161174335,0.65));
#548 = CARTESIAN_POINT('',(71.998978166955,-29.87211186444,0.65));
#549 = CARTESIAN_POINT('',(71.997083879737,-29.41248635599,0.65));
#550 = CARTESIAN_POINT('',(71.992195693194,-28.95293697171,0.65));
#551 = CARTESIAN_POINT('',(71.982860079507,-28.49359608233,0.65));
#552 = CARTESIAN_POINT('',(71.968072457906,-28.03441854773,0.65));
#553 = CARTESIAN_POINT('',(71.946835346238,-27.5753963452,0.65));
#554 = CARTESIAN_POINT('',(71.917474357706,-27.11684946484,0.65));
#555 = CARTESIAN_POINT('',(71.834581239648,-26.14227697737,0.65));
#556 = CARTESIAN_POINT('',(71.778421113483,-25.62646302156,0.65));
#557 = CARTESIAN_POINT('',(71.708019019714,-25.11219111217,0.65));
#558 = CARTESIAN_POINT('',(71.621234126471,-24.60013919663,0.65));
#559 = CARTESIAN_POINT('',(71.515901731725,-24.09125203732,0.65));
#560 = CARTESIAN_POINT('',(71.389933076119,-23.58680193324,0.65));
#561 = CARTESIAN_POINT('',(71.241439238235,-23.08839482757,0.65));
#562 = CARTESIAN_POINT('',(71.068879111844,-22.59792180125,0.65));
#563 = CARTESIAN_POINT('',(70.871231465593,-22.11745595242,0.65));
#564 = CARTESIAN_POINT('',(70.23249341819,-20.77617337798,0.65));
#565 = CARTESIAN_POINT('',(69.728577253424,-19.94536827526,0.65));
#566 = CARTESIAN_POINT('',(69.134191494647,-19.16938510263,0.65));
#567 = CARTESIAN_POINT('',(68.454550378503,-18.4630309568,0.65));
#568 = CARTESIAN_POINT('',(67.705417448345,-17.83263460948,0.65));
#569 = CARTESIAN_POINT('',(66.904499921138,-17.27604748157,0.65));
#570 = CARTESIAN_POINT('',(66.064688045001,-16.78676849839,0.65));
#571 = CARTESIAN_POINT('',(65.194371855877,-16.35783434812,0.65));
#572 = CARTESIAN_POINT('',(64.301765553533,-15.98321495327,0.65));
#573 = CARTESIAN_POINT('',(62.498421755615,-15.33579608004,0.65));
#574 = CARTESIAN_POINT('',(61.588379949828,-15.06135425448,0.65));
#575 = CARTESIAN_POINT('',(60.666808473604,-14.82737975493,0.65));
#576 = CARTESIAN_POINT('',(59.737166231561,-14.62869437433,0.65));
#577 = CARTESIAN_POINT('',(58.801794246406,-14.46076510925,0.65));
#578 = CARTESIAN_POINT('',(57.862299675028,-14.31965640399,0.65));
#579 = CARTESIAN_POINT('',(56.919834263992,-14.20195824963,0.65));
#580 = CARTESIAN_POINT('',(55.975267244239,-14.10469013794,0.65));
#581 = CARTESIAN_POINT('',(55.029252665151,-14.02518087001,0.65));
#582 = CARTESIAN_POINT('',(53.075854818871,-13.8926458633,0.65));
#583 = CARTESIAN_POINT('',(52.068352491669,-13.84161109263,0.65));
#584 = CARTESIAN_POINT('',(51.060208346589,-13.80475073458,0.65));
#585 = CARTESIAN_POINT('',(50.051762459574,-13.78025994237,0.65));
#586 = CARTESIAN_POINT('',(49.043166613974,-13.76267251152,0.65));
#587 = CARTESIAN_POINT('',(48.034506201908,-13.7564997961,0.65));
#588 = CARTESIAN_POINT('',(47.025893780966,-13.75025040593,0.65));
#589 = CARTESIAN_POINT('',(46.017263718428,-13.74979463493,0.65));
#590 = CARTESIAN_POINT('',(45.008634652847,-13.75000000132,0.65));
#591 = CARTESIAN_POINT('',(42.991355669139,-13.74999999867,0.65));
#592 = CARTESIAN_POINT('',(41.98270112187,-13.74979462286,0.65));
#593 = CARTESIAN_POINT('',(40.974079904476,-13.75025066302,0.65));
#594 = CARTESIAN_POINT('',(39.965322743543,-13.75649885601,0.65));
#595 = CARTESIAN_POINT('',(38.956871235566,-13.76267690447,0.65));
#596 = CARTESIAN_POINT('',(37.948267156831,-13.78025662278,0.65));
#597 = CARTESIAN_POINT('',(36.939763989104,-13.80475209422,0.65));
#598 = CARTESIAN_POINT('',(35.931649302886,-13.84161102356,0.65));
#599 = CARTESIAN_POINT('',(34.92414149354,-13.89264605503,0.65));
#600 = CARTESIAN_POINT('',(32.970743467956,-14.0251811874,0.65));
#601 = CARTESIAN_POINT('',(32.024728760413,-14.10469052755,0.65));
#602 = CARTESIAN_POINT('',(31.080161574555,-14.20195873442,0.65));
#603 = CARTESIAN_POINT('',(30.137695970353,-14.3196570045,0.65));
#604 = CARTESIAN_POINT('',(29.198201190432,-14.46076584566,0.65));
#605 = CARTESIAN_POINT('',(28.262828995552,-14.62869527387,0.65));
#606 = CARTESIAN_POINT('',(27.333186567462,-14.82738085441,0.65));
#607 = CARTESIAN_POINT('',(26.411614979371,-15.06135558719,0.65));
#608 = CARTESIAN_POINT('',(25.501573233794,-15.33579763667,0.65));
#609 = CARTESIAN_POINT('',(23.698230255589,-15.98321670452,0.65));
#610 = CARTESIAN_POINT('',(22.805624664878,-16.357836144,0.65));
#611 = CARTESIAN_POINT('',(21.935309996309,-16.78676971049,0.65));
#612 = CARTESIAN_POINT('',(21.095499780132,-17.27604816941,0.65));
#613 = CARTESIAN_POINT('',(20.294585261115,-17.83263380234,0.65));
#614 = CARTESIAN_POINT('',(19.54545669985,-18.46302648719,0.65));
#615 = CARTESIAN_POINT('',(18.865818859468,-19.16937537985,0.65));
#616 = CARTESIAN_POINT('',(18.271433177521,-19.94535413944,0.65));
#617 = CARTESIAN_POINT('',(17.767515653522,-20.77615782257,0.65));
#618 = CARTESIAN_POINT('',(17.128774574067,-22.117441395,0.65));
#619 = CARTESIAN_POINT('',(16.931122717163,-22.59790468724,0.65));
#620 = CARTESIAN_POINT('',(16.758564081303,-23.08838182575,0.65));
#621 = CARTESIAN_POINT('',(16.610073026299,-23.58679578807,0.65));
#622 = CARTESIAN_POINT('',(16.484102926052,-24.09124902888,0.65));
#623 = CARTESIAN_POINT('',(16.37876468123,-24.60013325052,0.65));
#624 = CARTESIAN_POINT('',(16.291975452287,-25.11218025144,0.65));
#625 = CARTESIAN_POINT('',(16.221577612441,-25.62645385259,0.65));
#626 = CARTESIAN_POINT('',(16.165427921004,-26.14228290171,0.65));
#627 = CARTESIAN_POINT('',(16.08251290131,-27.11689860826,0.65));
#628 = CARTESIAN_POINT('',(16.053157895547,-27.57547105429,0.65));
#629 = CARTESIAN_POINT('',(16.031724784165,-28.03450561686,0.65));
#630 = CARTESIAN_POINT('',(16.017395758982,-28.49378415774,0.65));
#631 = CARTESIAN_POINT('',(16.008317572979,-28.95315085079,0.65));
#632 = CARTESIAN_POINT('',(16.002813735422,-29.41252080592,0.65));
#633 = CARTESIAN_POINT('',(16.000163624198,-29.87187972498,0.65));
#634 = CARTESIAN_POINT('',(15.999782454699,-30.33124600494,0.65));
#635 = CARTESIAN_POINT('',(16.000000009962,-30.7906223384,0.65));
#636 = CARTESIAN_POINT('',(15.999999990038,-31.70941665258,0.65));
#637 = CARTESIAN_POINT('',(15.999782755878,-32.16883787882,0.65));
#638 = CARTESIAN_POINT('',(16.000163141949,-32.62825555658,0.65));
#639 = CARTESIAN_POINT('',(16.002814495258,-33.0877184354,0.65));
#640 = CARTESIAN_POINT('',(16.008322054578,-33.54712612673,0.65));
#641 = CARTESIAN_POINT('',(16.01740293945,-34.00639575374,0.65));
#642 = CARTESIAN_POINT('',(16.031730146185,-34.4655465718,0.65));
#643 = CARTESIAN_POINT('',(16.053158770675,-34.92454942264,0.65));
#644 = CARTESIAN_POINT('',(16.082513490571,-35.38310893217,0.65));
#645 = CARTESIAN_POINT('',(16.165427756454,-36.35771447081,0.65));
#646 = CARTESIAN_POINT('',(16.221563921234,-36.87353991218,0.65));
#647 = CARTESIAN_POINT('',(16.291981327985,-37.38782066409,0.65));
#648 = CARTESIAN_POINT('',(16.378779617161,-37.89986790688,0.65));
#649 = CARTESIAN_POINT('',(16.484101286242,-38.40874199485,0.65));
#650 = CARTESIAN_POINT('',(16.610054708276,-38.91318674991,0.65));
#651 = CARTESIAN_POINT('',(16.758554393455,-39.41160385489,0.65));
#652 = CARTESIAN_POINT('',(16.931131616875,-39.90208807637,0.65));
#653 = CARTESIAN_POINT('',(17.128768535187,-40.38254404711,0.65));
#654 = CARTESIAN_POINT('',(17.767506580358,-41.72382662287,0.65));
#655 = CARTESIAN_POINT('',(18.271422749544,-42.55463172297,0.65));
#656 = CARTESIAN_POINT('',(18.865808503624,-43.33061489839,0.65));
#657 = CARTESIAN_POINT('',(19.545449620202,-44.03696904396,0.65));
#658 = CARTESIAN_POINT('',(20.294582553363,-44.66736538949,0.65));
#659 = CARTESIAN_POINT('',(21.09550007943,-45.22395251808,0.65));
#660 = CARTESIAN_POINT('',(21.935311953389,-45.71323150257,0.65));
#661 = CARTESIAN_POINT('',(22.805628144835,-46.14216565145,0.65));
#662 = CARTESIAN_POINT('',(23.698234446467,-46.51678504672,0.65));
#663 = CARTESIAN_POINT('',(25.501578244385,-47.16420391996,0.65));
#664 = CARTESIAN_POINT('',(26.41162005017,-47.43864574551,0.65));
#665 = CARTESIAN_POINT('',(27.333191526398,-47.67262024507,0.65));
#666 = CARTESIAN_POINT('',(28.262833768436,-47.87130562566,0.65));
#667 = CARTESIAN_POINT('',(29.198205753596,-48.03923489074,0.65));
#668 = CARTESIAN_POINT('',(30.137700324971,-48.180343596,0.65));
#669 = CARTESIAN_POINT('',(31.080165736008,-48.29804175036,0.65));
#670 = CARTESIAN_POINT('',(32.02473275576,-48.39530986205,0.65));
#671 = CARTESIAN_POINT('',(32.970747334849,-48.47481912998,0.65));
#672 = CARTESIAN_POINT('',(34.924145180926,-48.60735413668,0.65));
#673 = CARTESIAN_POINT('',(35.931647507924,-48.65838890734,0.65));
#674 = CARTESIAN_POINT('',(36.939791652802,-48.69524926539,0.65));
#675 = CARTESIAN_POINT('',(37.948237539612,-48.7197400576,0.65));
#676 = CARTESIAN_POINT('',(38.956833385011,-48.73732748845,0.65));
#677 = CARTESIAN_POINT('',(39.965493796869,-48.74350020388,0.65));
#678 = CARTESIAN_POINT('',(40.974106217611,-48.74974959405,0.65));
#679 = CARTESIAN_POINT('',(41.982736279944,-48.75020536506,0.65));
#680 = CARTESIAN_POINT('',(42.991365345322,-48.74999999867,0.65));
#681 = CARTESIAN_POINT('',(45.008644329031,-48.75000000133,0.65));
#682 = CARTESIAN_POINT('',(46.017298876503,-48.75020537713,0.65));
#683 = CARTESIAN_POINT('',(47.025920094101,-48.74974933698,0.65));
#684 = CARTESIAN_POINT('',(48.034677255235,-48.74350114398,0.65));
#685 = CARTESIAN_POINT('',(49.043128763418,-48.73732309554,0.65));
#686 = CARTESIAN_POINT('',(50.051732842355,-48.71974337723,0.65));
#687 = CARTESIAN_POINT('',(51.060236010287,-48.69524790579,0.65));
#688 = CARTESIAN_POINT('',(52.068350696707,-48.65838897645,0.65));
#689 = CARTESIAN_POINT('',(53.075858506257,-48.60735394498,0.65));
#690 = CARTESIAN_POINT('',(55.029256532044,-48.47481881259,0.65));
#691 = CARTESIAN_POINT('',(55.975271239588,-48.39530947243,0.65));
#692 = CARTESIAN_POINT('',(56.919838425444,-48.29804126557,0.65));
#693 = CARTESIAN_POINT('',(57.862304029648,-48.18034299549,0.65));
#694 = CARTESIAN_POINT('',(58.801798809567,-48.03923415434,0.65));
#695 = CARTESIAN_POINT('',(59.737171004448,-47.87130472611,0.65));
#696 = CARTESIAN_POINT('',(60.666813432538,-47.67261914558,0.65));
#697 = CARTESIAN_POINT('',(61.588385020629,-47.43864441279,0.65));
#698 = CARTESIAN_POINT('',(62.498426766206,-47.16420236332,0.65));
#699 = CARTESIAN_POINT('',(64.301769744411,-46.51678329547,0.65));
#700 = CARTESIAN_POINT('',(65.19437533435,-46.14216385644,0.65));
#701 = CARTESIAN_POINT('',(66.06469000545,-45.71323028847,0.65));
#702 = CARTESIAN_POINT('',(66.904500219218,-45.22395183101,0.65));
#703 = CARTESIAN_POINT('',(67.705414737034,-44.66736619871,0.65));
#704 = CARTESIAN_POINT('',(68.454543301619,-44.03697351186,0.65));
#705 = CARTESIAN_POINT('',(69.134181142389,-43.3306246191,0.65));
#706 = CARTESIAN_POINT('',(69.728566819121,-42.5546458627,0.65));
#707 = CARTESIAN_POINT('',(70.23248434826,-41.72384217608,0.65));
#708 = CARTESIAN_POINT('',(70.871225424782,-40.38255860612,0.65));
#709 = CARTESIAN_POINT('',(71.068861295996,-39.90210248894,0.65));
#710 = CARTESIAN_POINT('',(71.241444886209,-39.41161457053,0.65));
#711 = CARTESIAN_POINT('',(71.38994526453,-38.9131960934,0.65));
#712 = CARTESIAN_POINT('',(71.515893589856,-38.40875183304,0.65));
#713 = CARTESIAN_POINT('',(71.621215191246,-37.89987511322,0.65));
#714 = CARTESIAN_POINT('',(71.708022462184,-37.38782127764,0.65));
#715 = CARTESIAN_POINT('',(71.778443608679,-36.87353802719,0.65));
#716 = CARTESIAN_POINT('',(71.834562291768,-36.35772103212,0.65));
#717 = CARTESIAN_POINT('',(71.917495995551,-35.38309523713,0.65));
#718 = CARTESIAN_POINT('',(71.946986928403,-34.92451592858,0.65));
#719 = CARTESIAN_POINT('',(71.96776923719,-34.46547817276,0.65));
#720 = CARTESIAN_POINT('',(71.983967483473,-34.00624946165,0.65));
#721 = CARTESIAN_POINT('',(71.988973445932,-33.54709573562,0.65));
#722 = CARTESIAN_POINT('',(71.999128052282,-33.08739063494,0.65));
#723 = CARTESIAN_POINT('',(71.999781088398,-32.62785121306,0.65));
#724 = CARTESIAN_POINT('',(72.001267824267,-32.16833617257,0.65));
#725 = CARTESIAN_POINT('',(72.000756091324,-31.70904784384,0.65));
#726 = CARTESIAN_POINT('',(72.,-31.25,0.65));
#727 = CARTESIAN_POINT('',(72.,-31.25,1.110223024625E-16));
#728 = CARTESIAN_POINT('',(71.999243908676,-30.79095215616,
    -2.609024107869E-15));
#729 = CARTESIAN_POINT('',(71.999382437404,-30.33161174335,
    1.06581410364E-14));
#730 = CARTESIAN_POINT('',(71.99897816696,-29.87211186444,
    -2.564615186884E-14));
#731 = CARTESIAN_POINT('',(71.997083879728,-29.41248635599,
    4.329869796038E-14));
#732 = CARTESIAN_POINT('',(71.992195693204,-28.95293697171,
    -5.206945985492E-14));
#733 = CARTESIAN_POINT('',(71.982860079498,-28.49359608233,
    4.596323321948E-14));
#734 = CARTESIAN_POINT('',(71.968072457911,-28.03441854773,
    -2.886579864025E-14));
#735 = CARTESIAN_POINT('',(71.946835346237,-27.5753963452,
    1.265654248073E-14));
#736 = CARTESIAN_POINT('',(71.917474357706,-27.11684946484,
    -2.720046410332E-15));
#737 = CARTESIAN_POINT('',(71.834581239648,-26.14227697737,
    2.609024107869E-15));
#738 = CARTESIAN_POINT('',(71.778421113483,-25.62646302156,
    -7.549516567451E-15));
#739 = CARTESIAN_POINT('',(71.708019019715,-25.11219111217,
    1.648681191568E-14));
#740 = CARTESIAN_POINT('',(71.62123412647,-24.60013919663,
    -2.609024107869E-14));
#741 = CARTESIAN_POINT('',(71.515901731725,-24.09125203732,
    3.153033389935E-14));
#742 = CARTESIAN_POINT('',(71.38993307612,-23.58680193324,
    -2.786659791809E-14));
#743 = CARTESIAN_POINT('',(71.241439238235,-23.08839482758,
    1.720845688169E-14));
#744 = CARTESIAN_POINT('',(71.068879111844,-22.59792180125,
    -6.272760089132E-15));
#745 = CARTESIAN_POINT('',(70.871231465593,-22.11745595242,
    5.551115123126E-16));
#746 = CARTESIAN_POINT('',(70.23249341819,-20.77617337798,
    1.554312234475E-15));
#747 = CARTESIAN_POINT('',(69.728577253424,-19.94536827526,
    -1.049160758271E-14));
#748 = CARTESIAN_POINT('',(69.134191494646,-19.16938510263,
    2.980948821119E-14));
#749 = CARTESIAN_POINT('',(68.454550378506,-18.4630309568,
    -5.284661597216E-14));
#750 = CARTESIAN_POINT('',(67.705417448342,-17.83263460948,
    6.572520305781E-14));
#751 = CARTESIAN_POINT('',(66.904499921141,-17.27604748157,
    -5.728750807066E-14));
#752 = CARTESIAN_POINT('',(66.064688045,-16.78676849839,
    3.46389583683E-14));
#753 = CARTESIAN_POINT('',(65.194371855878,-16.35783434812,
    -1.265654248073E-14));
#754 = CARTESIAN_POINT('',(64.301765553533,-15.98321495327,
    1.387778780781E-15));
#755 = CARTESIAN_POINT('',(62.498421755615,-15.33579608004,
    1.7763568394E-15));
#756 = CARTESIAN_POINT('',(61.588379949829,-15.06135425448,
    -1.293409823688E-14));
#757 = CARTESIAN_POINT('',(60.666808473603,-14.82737975493,
    3.319566843629E-14));
#758 = CARTESIAN_POINT('',(59.737166231563,-14.62869437433,
    -5.2569060216E-14));
#759 = CARTESIAN_POINT('',(58.801794246404,-14.46076510925,
    6.022959908591E-14));
#760 = CARTESIAN_POINT('',(57.862299675029,-14.31965640398,
    -4.934941344459E-14));
#761 = CARTESIAN_POINT('',(56.919834263991,-14.20195824963,
    2.85882428841E-14));
#762 = CARTESIAN_POINT('',(55.97526724424,-14.10469013794,
    -1.010302952409E-14));
#763 = CARTESIAN_POINT('',(55.029252665151,-14.02518087001,
    9.436895709314E-16));
#764 = CARTESIAN_POINT('',(53.075854818871,-13.8926458633,
    1.498801083244E-15));
#765 = CARTESIAN_POINT('',(52.06835249167,-13.84161109263,
    -1.232347557334E-14));
#766 = CARTESIAN_POINT('',(51.060208346587,-13.80475073458,
    3.413935800722E-14));
#767 = CARTESIAN_POINT('',(50.051762459577,-13.78025994237,
    -6.000755448099E-14));
#768 = CARTESIAN_POINT('',(49.043166613971,-13.76267251152,
    7.732703366514E-14));
#769 = CARTESIAN_POINT('',(48.034506201911,-13.7564997961,
    -7.205347429817E-14));
#770 = CARTESIAN_POINT('',(47.025893780965,-13.75025040593,
    4.801714581504E-14));
#771 = CARTESIAN_POINT('',(46.017263718429,-13.74979463492,
    -2.120525977034E-14));
#772 = CARTESIAN_POINT('',(45.008634652847,-13.75000000132,
    4.551914400963E-15));
#773 = CARTESIAN_POINT('',(42.991355669139,-13.74999999867,
    -2.609024107869E-15));
#774 = CARTESIAN_POINT('',(41.98270112187,-13.74979462287,
    6.883382752676E-15));
#775 = CARTESIAN_POINT('',(40.974079904474,-13.75025066302,
    -1.17128529098E-14));
#776 = CARTESIAN_POINT('',(39.965322743546,-13.75649885602,
    1.532107773983E-14));
#777 = CARTESIAN_POINT('',(38.956871235563,-13.76267690446,
    -1.249000902703E-14));
#778 = CARTESIAN_POINT('',(37.948267156834,-13.78025662279,
    5.828670879282E-15));
#779 = CARTESIAN_POINT('',(36.939763989101,-13.80475209422,
    -3.885780586188E-16));
#780 = CARTESIAN_POINT('',(35.931649302887,-13.84161102356,
    -8.326672684689E-16));
#781 = CARTESIAN_POINT('',(34.92414149354,-13.89264605503,
    7.771561172376E-16));
#782 = CARTESIAN_POINT('',(32.970743467957,-14.0251811874,
    -1.443289932013E-15));
#783 = CARTESIAN_POINT('',(32.024728760412,-14.10469052756,
    8.715250743307E-15));
#784 = CARTESIAN_POINT('',(31.080161574557,-14.20195873442,
    -2.187139358512E-14));
#785 = CARTESIAN_POINT('',(30.13769597035,-14.3196570045,
    3.752553823233E-14));
#786 = CARTESIAN_POINT('',(29.198201190436,-14.46076584565,
    -4.440892098501E-14));
#787 = CARTESIAN_POINT('',(28.262828995549,-14.62869527388,
    3.697042672002E-14));
#788 = CARTESIAN_POINT('',(27.333186567464,-14.82738085441,
    -2.048361480433E-14));
#789 = CARTESIAN_POINT('',(26.41161497937,-15.0613555872,
    7.438494264989E-15));
#790 = CARTESIAN_POINT('',(25.501573233794,-15.33579763667,
    -7.771561172376E-16));
#791 = CARTESIAN_POINT('',(23.698230255589,-15.98321670452,
    -5.551115123126E-16));
#792 = CARTESIAN_POINT('',(22.805624664878,-16.357836144,
    5.273559366969E-15));
#793 = CARTESIAN_POINT('',(21.935309996309,-16.78676971049,
    -1.049160758271E-14));
#794 = CARTESIAN_POINT('',(21.095499780131,-17.27604816941,
    1.165734175856E-14));
#795 = CARTESIAN_POINT('',(20.294585261117,-17.83263380234,
    -5.384581669432E-15));
#796 = CARTESIAN_POINT('',(19.545456699849,-18.46302648719,
    -2.109423746788E-15));
#797 = CARTESIAN_POINT('',(18.865818859469,-19.16937537985,
    5.773159728051E-15));
#798 = CARTESIAN_POINT('',(18.271433177521,-19.94535413944,
    -3.830269434957E-15));
#799 = CARTESIAN_POINT('',(17.767515653522,-20.77615782257,
    1.110223024625E-15));
#800 = CARTESIAN_POINT('',(17.128774574067,-22.117441395,
    -3.330669073875E-16));
#801 = CARTESIAN_POINT('',(16.931122717163,-22.59790468724,
    9.436895709314E-16));
#802 = CARTESIAN_POINT('',(16.758564081302,-23.08838182575,
    -4.440892098501E-16));
#803 = CARTESIAN_POINT('',(16.610073026301,-23.58679578807,
    -4.996003610813E-16));
#804 = CARTESIAN_POINT('',(16.484102926049,-24.09124902888,
    1.942890293094E-15));
#805 = CARTESIAN_POINT('',(16.378764681234,-24.60013325052,
    -2.442490654175E-15));
#806 = CARTESIAN_POINT('',(16.291975452285,-25.11218025144,
    2.553512956638E-15));
#807 = CARTESIAN_POINT('',(16.221577612442,-25.62645385259,
    -1.942890293094E-15));
#808 = CARTESIAN_POINT('',(16.165427921004,-26.14228290171,
    1.720845688169E-15));
#809 = CARTESIAN_POINT('',(16.08251290131,-27.11689860826,
    -2.886579864025E-15));
#810 = CARTESIAN_POINT('',(16.053157895549,-27.57547105429,
    1.515454428613E-14));
#811 = CARTESIAN_POINT('',(16.031724784159,-28.03450561686,
    -3.447242491461E-14));
#812 = CARTESIAN_POINT('',(16.017395758991,-28.49378415774,
    5.140332604014E-14));
#813 = CARTESIAN_POINT('',(16.00831757297,-28.95315085079,
    -5.379030554309E-14));
#814 = CARTESIAN_POINT('',(16.002813735429,-29.41252080592,
    4.063416270128E-14));
#815 = CARTESIAN_POINT('',(16.000163624194,-29.87187972498,
    -2.109423746788E-14));
#816 = CARTESIAN_POINT('',(15.9997824547,-30.33124600494,
    6.994405055138E-15));
#817 = CARTESIAN_POINT('',(16.000000009961,-30.7906223384,
    -6.106226635438E-16));
#818 = CARTESIAN_POINT('',(15.999999990038,-31.70941665258,
    -8.326672684689E-16));
#819 = CARTESIAN_POINT('',(15.999782755877,-32.16883787882,
    8.049116928532E-15));
#820 = CARTESIAN_POINT('',(16.000163141952,-32.62825555658,
    -2.05946371068E-14));
#821 = CARTESIAN_POINT('',(16.002814495254,-33.0877184354,
    3.097522238704E-14));
#822 = CARTESIAN_POINT('',(16.008322054583,-33.54712612673,
    -2.908784324518E-14));
#823 = CARTESIAN_POINT('',(16.017402939445,-34.00639575374,
    1.7041923428E-14));
#824 = CARTESIAN_POINT('',(16.031730146189,-34.4655465718,
    -5.162537064507E-15));
#825 = CARTESIAN_POINT('',(16.053158770674,-34.92454942264,
    1.665334536938E-16));
#826 = CARTESIAN_POINT('',(16.082513490571,-35.38310893217,
    3.330669073875E-16));
#827 = CARTESIAN_POINT('',(16.165427756454,-36.35771447081,
    4.996003610813E-16));
#828 = CARTESIAN_POINT('',(16.221563921234,-36.87353991218,
    -3.552713678801E-15));
#829 = CARTESIAN_POINT('',(16.291981327986,-37.38782066409,
    9.492406860545E-15));
#830 = CARTESIAN_POINT('',(16.378779617158,-37.89986790688,
    -1.620925615953E-14));
#831 = CARTESIAN_POINT('',(16.484101286246,-38.40874199485,
    2.087219286295E-14));
#832 = CARTESIAN_POINT('',(16.610054708273,-38.91318674991,
    -1.937339177971E-14));
#833 = CARTESIAN_POINT('',(16.758554393457,-39.41160385489,
    1.215694211965E-14));
#834 = CARTESIAN_POINT('',(16.931131616874,-39.90208807637,
    -4.440892098501E-15));
#835 = CARTESIAN_POINT('',(17.128768535188,-40.38254404711,
    8.326672684689E-16));
#836 = CARTESIAN_POINT('',(17.767506580357,-41.72382662287,
    -9.436895709314E-16));
#837 = CARTESIAN_POINT('',(18.271422749547,-42.55463172297,
    3.497202527569E-15));
#838 = CARTESIAN_POINT('',(18.865808503618,-43.33061489839,
    -7.993605777301E-15));
#839 = CARTESIAN_POINT('',(19.545449620212,-44.03696904396,
    1.337818744673E-14));
#840 = CARTESIAN_POINT('',(20.294582553351,-44.66736538949,
    -1.68753899743E-14));
#841 = CARTESIAN_POINT('',(21.09550007944,-45.22395251808,
    1.61537450083E-14));
#842 = CARTESIAN_POINT('',(21.935311953383,-45.71323150257,
    -1.060262988517E-14));
#843 = CARTESIAN_POINT('',(22.805628144838,-46.14216565145,
    4.773959005888E-15));
#844 = CARTESIAN_POINT('',(23.698234446466,-46.51678504672,
    -7.771561172376E-16));
#845 = CARTESIAN_POINT('',(25.501578244385,-47.16420391996,
    8.881784197001E-16));
#846 = CARTESIAN_POINT('',(26.41162005017,-47.43864574551,
    -2.498001805407E-15));
#847 = CARTESIAN_POINT('',(27.333191526397,-47.67262024506,
    6.883382752676E-15));
#848 = CARTESIAN_POINT('',(28.262833768437,-47.87130562566,
    -1.365574320289E-14));
#849 = CARTESIAN_POINT('',(29.198205753595,-48.03923489074,
    1.965094753587E-14));
#850 = CARTESIAN_POINT('',(30.137700324972,-48.18034359601,
    -1.992850329202E-14));
#851 = CARTESIAN_POINT('',(31.080165736008,-48.29804175036,
    1.454392162259E-14));
#852 = CARTESIAN_POINT('',(32.02473275576,-48.39530986206,
    -6.439293542826E-15));
#853 = CARTESIAN_POINT('',(32.970747334849,-48.47481912998,
    1.609823385706E-15));
#854 = CARTESIAN_POINT('',(34.924145180926,-48.60735413668,
    -1.443289932013E-15));
#855 = CARTESIAN_POINT('',(35.931647507924,-48.65838890734,
    6.272760089132E-15));
#856 = CARTESIAN_POINT('',(36.939791652802,-48.69524926539,
    -1.465494392505E-14));
#857 = CARTESIAN_POINT('',(37.948237539612,-48.7197400576,
    2.48689957516E-14));
#858 = CARTESIAN_POINT('',(38.95683338501,-48.73732748845,
    -2.953193245503E-14));
#859 = CARTESIAN_POINT('',(39.96549379687,-48.74350020388,
    2.653433028854E-14));
#860 = CARTESIAN_POINT('',(40.97410621761,-48.74974959405,
    -1.720845688169E-14));
#861 = CARTESIAN_POINT('',(41.982736279944,-48.75020536506,
    8.104628079764E-15));
#862 = CARTESIAN_POINT('',(42.991365345322,-48.74999999867,
    -1.7763568394E-15));
#863 = CARTESIAN_POINT('',(45.008644329031,-48.75000000133,
    1.110223024625E-15));
#864 = CARTESIAN_POINT('',(46.017298876503,-48.75020537713,
    -1.165734175856E-15));
#865 = CARTESIAN_POINT('',(47.025920094101,-48.74974933698,
    4.440892098501E-16));
#866 = CARTESIAN_POINT('',(48.034677255236,-48.74350114397,
    2.109423746788E-15));
#867 = CARTESIAN_POINT('',(49.043128763417,-48.73732309555,
    -2.997602166488E-15));
#868 = CARTESIAN_POINT('',(50.051732842356,-48.71974337723,
    1.165734175856E-15));
#869 = CARTESIAN_POINT('',(51.060236010286,-48.69524790579,
    1.498801083244E-15));
#870 = CARTESIAN_POINT('',(52.068350696708,-48.65838897645,
    -7.771561172376E-16));
#871 = CARTESIAN_POINT('',(53.075858506257,-48.60735394498,
    -6.661338147751E-16));
#872 = CARTESIAN_POINT('',(55.029256532044,-48.47481881259,
    2.442490654175E-15));
#873 = CARTESIAN_POINT('',(55.975271239588,-48.39530947244,
    -1.298960938811E-14));
#874 = CARTESIAN_POINT('',(56.919838425443,-48.29804126557,
    3.425038030969E-14));
#875 = CARTESIAN_POINT('',(57.862304029649,-48.18034299549,
    -5.78981307342E-14));
#876 = CARTESIAN_POINT('',(58.801798809566,-48.03923415434,
    7.055467321493E-14));
#877 = CARTESIAN_POINT('',(59.73717100445,-47.87130472611,
    -6.211697822778E-14));
#878 = CARTESIAN_POINT('',(60.666813432537,-47.67261914558,
    3.885780586188E-14));
#879 = CARTESIAN_POINT('',(61.58838502063,-47.43864441279,
    -1.515454428613E-14));
#880 = CARTESIAN_POINT('',(62.498426766206,-47.16420236332,
    2.164934898019E-15));
#881 = CARTESIAN_POINT('',(64.301769744411,-46.51678329547,
    1.443289932013E-15));
#882 = CARTESIAN_POINT('',(65.194375334351,-46.14216385644,
    -1.282307593442E-14));
#883 = CARTESIAN_POINT('',(66.064690005448,-45.71323028847,
    3.558264793924E-14));
#884 = CARTESIAN_POINT('',(66.904500219221,-45.22395183101,
    -6.139533326177E-14));
#885 = CARTESIAN_POINT('',(67.70541473703,-44.66736619871,
    7.610578833805E-14));
#886 = CARTESIAN_POINT('',(68.454543301623,-44.03697351186,
    -6.9610983644E-14));
#887 = CARTESIAN_POINT('',(69.134181142386,-43.3306246191,
    4.718447854657E-14));
#888 = CARTESIAN_POINT('',(69.728566819122,-42.5546458627,
    -2.176037128265E-14));
#889 = CARTESIAN_POINT('',(70.23248434826,-41.72384217608,
    5.273559366969E-15));
#890 = CARTESIAN_POINT('',(70.871225424782,-40.38255860612,
    -2.164934898019E-15));
#891 = CARTESIAN_POINT('',(71.068861295997,-39.90210248894,
    6.883382752676E-15));
#892 = CARTESIAN_POINT('',(71.241444886207,-39.41161457053,
    -1.254552017826E-14));
#893 = CARTESIAN_POINT('',(71.389945264535,-38.91319609341,
    1.554312234475E-14));
#894 = CARTESIAN_POINT('',(71.51589358985,-38.40875183304,
    -9.603429163008E-15));
#895 = CARTESIAN_POINT('',(71.621215191251,-37.89987511322,
    -9.436895709314E-16));
#896 = CARTESIAN_POINT('',(71.708022462181,-37.38782127763,
    7.327471962526E-15));
#897 = CARTESIAN_POINT('',(71.778443608681,-36.87353802719,
    -6.217248937901E-15));
#898 = CARTESIAN_POINT('',(71.834562291768,-36.35772103212,
    3.164135620182E-15));
#899 = CARTESIAN_POINT('',(71.917495995551,-35.38309523713,
    -4.274358644807E-15));
#900 = CARTESIAN_POINT('',(71.9469869284,-34.92451592858,
    2.176037128265E-14));
#901 = CARTESIAN_POINT('',(71.967769237196,-34.46547817276,
    -4.984901380567E-14));
#902 = CARTESIAN_POINT('',(71.983967483465,-34.00624946165,
    7.677192215283E-14));
#903 = CARTESIAN_POINT('',(71.98897344594,-33.54709573562,
    -8.409939411536E-14));
#904 = CARTESIAN_POINT('',(71.999128052275,-33.08739063494,
    6.750155989721E-14));
#905 = CARTESIAN_POINT('',(71.999781088403,-32.62785121306,
    -3.885780586188E-14));
#906 = CARTESIAN_POINT('',(72.001267824265,-32.16833617257,
    1.587618925214E-14));
#907 = CARTESIAN_POINT('',(72.000756091325,-31.70904784384,
    -3.774758283726E-15));
#908 = CARTESIAN_POINT('',(72.,-31.25,1.110223024625E-16));
#909 = CARTESIAN_POINT('',(71.350000881688,-31.25107060451,0.));
#910 = CARTESIAN_POINT('',(71.349242975006,-30.79092059782,
    -1.387778780781E-15));
#911 = CARTESIAN_POINT('',(71.349383446683,-30.33192334749,
    6.16173778667E-15));
#912 = CARTESIAN_POINT('',(71.348979898747,-29.87418964858,
    -1.315614284181E-14));
#913 = CARTESIAN_POINT('',(71.347081063327,-29.41780646322,
    1.920685832602E-14));
#914 = CARTESIAN_POINT('',(71.342215547857,-28.96299218073,
    -2.137179322403E-14));
#915 = CARTESIAN_POINT('',(71.332970378454,-28.50977929124,
    1.781907954523E-14));
#916 = CARTESIAN_POINT('',(71.318377742771,-28.05801563242,
    -1.032507412901E-14));
#917 = CARTESIAN_POINT('',(71.297500632812,-27.60780123135,
    3.441691376338E-15));
#918 = CARTESIAN_POINT('',(71.268780385133,-27.15980362585,
    -2.775557561563E-16));
#919 = CARTESIAN_POINT('',(71.18809035267,-26.21112022734,
    -5.551115123126E-16));
#920 = CARTESIAN_POINT('',(71.133599406664,-25.71110185078,
    4.884981308351E-15));
#921 = CARTESIAN_POINT('',(71.065543871157,-25.21476409989,
    -1.093569679256E-14));
#922 = CARTESIAN_POINT('',(70.981994339341,-24.72281463924,
    1.532107773983E-14));
#923 = CARTESIAN_POINT('',(70.881038942876,-24.23615807783,
    -1.582067810091E-14));
#924 = CARTESIAN_POINT('',(70.760872672614,-23.75593522329,
    1.24344978758E-14));
#925 = CARTESIAN_POINT('',(70.619893780455,-23.2835134931,
    -6.938893903907E-15));
#926 = CARTESIAN_POINT('',(70.45680726231,-22.82042848293,
    2.331468351713E-15));
#927 = CARTESIAN_POINT('',(70.270735422178,-22.36827669199,
    -5.551115123126E-17));
#928 = CARTESIAN_POINT('',(69.671060664423,-21.10902417511,
    -1.221245327088E-15));
#929 = CARTESIAN_POINT('',(69.199716765536,-20.33273305579,
    6.439293542826E-15));
#930 = CARTESIAN_POINT('',(68.645106077052,-19.60919565454,
    -1.515454428613E-14));
#931 = CARTESIAN_POINT('',(68.010259015998,-18.94797678342,
    2.475797344914E-14));
#932 = CARTESIAN_POINT('',(67.306582182192,-18.35359246505,
    -3.064215547965E-14));
#933 = CARTESIAN_POINT('',(66.548391478276,-17.82501670013,
    2.992051051365E-14));
#934 = CARTESIAN_POINT('',(65.747738062771,-17.35764866434,
    -2.231548279497E-14));
#935 = CARTESIAN_POINT('',(64.913423156667,-16.94586491075,
    1.143529715364E-14));
#936 = CARTESIAN_POINT('',(64.053086009062,-16.5845560626,
    -2.997602166488E-15));
#937 = CARTESIAN_POINT('',(62.307316211765,-15.95780667302,
    2.275957200482E-15));
#938 = CARTESIAN_POINT('',(61.42263892063,-15.69080458317,
    -6.883382752676E-15));
#939 = CARTESIAN_POINT('',(60.523525059511,-15.46228131324,
    1.287858708565E-14));
#940 = CARTESIAN_POINT('',(59.613749756539,-15.26762287827,
    -1.731947918415E-14));
#941 = CARTESIAN_POINT('',(58.695972438766,-15.10268360018,
    1.737499033538E-14));
#942 = CARTESIAN_POINT('',(57.772080395207,-14.96379546353,
    -1.315614284181E-14));
#943 = CARTESIAN_POINT('',(56.843447411798,-14.84773934228,
    7.04991620637E-15));
#944 = CARTESIAN_POINT('',(55.911107478533,-14.75167809752,
    -2.386979502944E-15));
#945 = CARTESIAN_POINT('',(54.97584356847,-14.67305154622,
    4.996003610813E-16));
#946 = CARTESIAN_POINT('',(53.041853475889,-14.54183330585,
    -2.775557561563E-16));
#947 = CARTESIAN_POINT('',(52.042829690011,-14.49120152945,
    5.551115123126E-16));
#948 = CARTESIAN_POINT('',(51.041797689221,-14.45456961603,
    5.551115123126E-16));
#949 = CARTESIAN_POINT('',(50.039116914666,-14.43018557777,
    -5.384581669432E-15));
#950 = CARTESIAN_POINT('',(49.035148870652,-14.41266328384,
    1.104671909502E-14));
#951 = CARTESIAN_POINT('',(48.030220277216,-14.40649349246,
    -1.17128529098E-14));
#952 = CARTESIAN_POINT('',(47.023965727246,-14.40025063416,
    7.438494264989E-15));
#953 = CARTESIAN_POINT('',(46.016501836524,-14.39979439194,
    -2.331468351713E-15));
#954 = CARTESIAN_POINT('',(45.008373205481,-14.40000009305,
    -6.661338147751E-16));
#955 = CARTESIAN_POINT('',(42.991960471111,-14.3999998616,
    2.6645352591E-15));
#956 = CARTESIAN_POINT('',(41.983703744112,-14.39979151993,
    -1.543210004229E-14));
#957 = CARTESIAN_POINT('',(40.975830618822,-14.40026362933,
    4.107825191113E-14));
#958 = CARTESIAN_POINT('',(39.969978912801,-14.40645542859,
    -7.13873404834E-14));
#959 = CARTESIAN_POINT('',(38.962719795844,-14.4127236173,
    8.959499808725E-14));
#960 = CARTESIAN_POINT('',(37.96251581967,-14.43015525626,
    -8.265610418334E-14));
#961 = CARTESIAN_POINT('',(36.957528872029,-14.45457923499,
    5.384581669432E-14));
#962 = CARTESIAN_POINT('',(35.957267707644,-14.4912014132,
    -2.242650509743E-14));
#963 = CARTESIAN_POINT('',(34.958141080353,-14.54183360552,
    3.774758283726E-15));
#964 = CARTESIAN_POINT('',(33.02415281243,-14.67305185735,
    -3.885780586188E-16));
#965 = CARTESIAN_POINT('',(32.088888383896,-14.75167850457,
    -6.050715484207E-15));
#966 = CARTESIAN_POINT('',(31.15654824174,-14.84773983574,
    2.05946371068E-14));
#967 = CARTESIAN_POINT('',(30.227915475968,-14.9637960308,
    -3.791411629095E-14));
#968 = CARTESIAN_POINT('',(29.304023640922,-15.10268426107,
    4.746203430273E-14));
#969 = CARTESIAN_POINT('',(28.386246207088,-15.26762367761,
    -4.374278717023E-14));
#970 = CARTESIAN_POINT('',(27.47647057004,-15.46228228906,
    2.969846590872E-14));
#971 = CARTESIAN_POINT('',(26.577356616763,-15.69080572893,
    -1.443289932013E-14));
#972 = CARTESIAN_POINT('',(25.692679849077,-15.95780791247,
    4.773959005888E-15));
#973 = CARTESIAN_POINT('',(23.946911295786,-16.58455720816,
    -6.661338147751E-15));
#974 = CARTESIAN_POINT('',(23.086575131543,-16.94586586126,
    3.069766663089E-14));
#975 = CARTESIAN_POINT('',(22.252261503604,-17.35764906834,
    -7.166489623955E-14));
#976 = CARTESIAN_POINT('',(21.451609996025,-17.82501630775,
    1.129651927556E-13));
#977 = CARTESIAN_POINT('',(20.693421707937,-18.35359044417,
    -1.29618538125E-13));
#978 = CARTESIAN_POINT('',(19.989746987746,-18.9479722173,
    1.10411679799E-13));
#979 = CARTESIAN_POINT('',(19.354900808049,-19.60918854418,
    -6.811218256075E-14));
#980 = CARTESIAN_POINT('',(18.800289656647,-20.33272435062,
    2.797762022055E-14));
#981 = CARTESIAN_POINT('',(18.328944924838,-21.10901460338,
    -5.828670879282E-15));
#982 = CARTESIAN_POINT('',(17.729268335971,-22.36826763866,
    1.498801083244E-15));
#983 = CARTESIAN_POINT('',(17.543192309487,-22.82042113348,
    -1.7763568394E-15));
#984 = CARTESIAN_POINT('',(17.380108412046,-23.28350410618,
    2.831068712794E-15));
#985 = CARTESIAN_POINT('',(17.239133400632,-23.75592515995,
    -5.773159728051E-15));
#986 = CARTESIAN_POINT('',(17.118965528788,-24.23615303701,
    9.103828801926E-15));
#987 = CARTESIAN_POINT('',(17.018002919775,-24.72281851597,
    -9.381384558083E-15));
#988 = CARTESIAN_POINT('',(16.934447961575,-25.21477322054,
    5.884182030513E-15));
#989 = CARTESIAN_POINT('',(16.866397724299,-25.71110533924,
    -1.221245327088E-15));
#990 = CARTESIAN_POINT('',(16.811920399439,-26.21111225645,
    -1.609823385706E-15));
#991 = CARTESIAN_POINT('',(16.731208538663,-27.15982894269,
    4.718447854657E-15));
#992 = CARTESIAN_POINT('',(16.702494451177,-27.60785121856,
    -2.636779683485E-14));
#993 = CARTESIAN_POINT('',(16.681430713779,-28.0579319311,
    6.494804694057E-14));
#994 = CARTESIAN_POINT('',(16.66728928514,-28.509757063,
    -1.040278974074E-13));
#995 = CARTESIAN_POINT('',(16.658288046783,-28.9631773022,
    1.185163078787E-13));
#996 = CARTESIAN_POINT('',(16.652806278726,-29.41817664408,
    -9.792167077194E-14));
#997 = CARTESIAN_POINT('',(16.650160796002,-29.87471037576,
    5.78981307342E-14));
#998 = CARTESIAN_POINT('',(16.649782713099,-30.33250414677,
    -2.259303855112E-14));
#999 = CARTESIAN_POINT('',(16.650000406586,-30.79098302419,
    3.885780586188E-15));
#1000 = CARTESIAN_POINT('',(16.649999291667,-31.70817022225,
    -1.33226762955E-15));
#1001 = CARTESIAN_POINT('',(16.649778844772,-32.16688039214,
    -4.440892098501E-16));
#1002 = CARTESIAN_POINT('',(16.650162876126,-32.62498584248,
    4.884981308351E-15));
#1003 = CARTESIAN_POINT('',(16.652797181864,-33.08207296005,
    -1.093569679256E-14));
#1004 = CARTESIAN_POINT('',(16.658284476158,-33.53769593869,
    1.548761119352E-14));
#1005 = CARTESIAN_POINT('',(16.667319285097,-33.99137685454,
    -1.521005543736E-14));
#1006 = CARTESIAN_POINT('',(16.681476870798,-34.44286506905,
    1.021405182655E-14));
#1007 = CARTESIAN_POINT('',(16.702511433508,-34.89237465597,
    -4.218847493576E-15));
#1008 = CARTESIAN_POINT('',(16.731219463167,-35.34031786215,
    8.881784197001E-16));
#1009 = CARTESIAN_POINT('',(16.811922909416,-36.28889661526,
    -6.661338147751E-16));
#1010 = CARTESIAN_POINT('',(16.866389497722,-36.78891923558,
    2.6645352591E-15));
#1011 = CARTESIAN_POINT('',(16.934452860219,-37.28522545351,
    -7.216449660064E-15));
#1012 = CARTESIAN_POINT('',(17.01801358422,-37.77715880841,
    1.310063169058E-14));
#1013 = CARTESIAN_POINT('',(17.11896417239,-38.26383648585,
    -1.626476731076E-14));
#1014 = CARTESIAN_POINT('',(17.239120430042,-38.74408424555,
    1.42108547152E-14));
#1015 = CARTESIAN_POINT('',(17.380101969669,-39.21649770585,
    -9.214851104389E-15));
#1016 = CARTESIAN_POINT('',(17.543199251969,-39.67955718725,
    4.274358644807E-15));
#1017 = CARTESIAN_POINT('',(17.729264582968,-40.13172331771,
    -1.276756478319E-15));
#1018 = CARTESIAN_POINT('',(18.328939336914,-41.39097582972,
    2.164934898019E-15));
#1019 = CARTESIAN_POINT('',(18.800283223089,-42.16726691636,
    -8.049116928532E-15));
#1020 = CARTESIAN_POINT('',(19.354893932632,-42.89080436795,
    1.898481372109E-14));
#1021 = CARTESIAN_POINT('',(19.989740988753,-43.55202322827,
    -3.252953462152E-14));
#1022 = CARTESIAN_POINT('',(20.693417808837,-44.14640751397,
    4.224398608699E-14));
#1023 = CARTESIAN_POINT('',(21.451608519738,-44.67498329491,
    -3.952393967666E-14));
#1024 = CARTESIAN_POINT('',(22.252261945398,-45.14235135484,
    2.581268532253E-14));
#1025 = CARTESIAN_POINT('',(23.08657683949,-45.55413508028,
    -1.15463194561E-14));
#1026 = CARTESIAN_POINT('',(23.946913990937,-45.91544393739,
    2.886579864025E-15));
#1027 = CARTESIAN_POINT('',(25.692683788235,-46.54219332697,
    -2.386979502944E-15));
#1028 = CARTESIAN_POINT('',(26.57736107937,-46.80919541682,
    9.658940314239E-15));
#1029 = CARTESIAN_POINT('',(27.476474940488,-47.03771868675,
    -2.314815006343E-14));
#1030 = CARTESIAN_POINT('',(28.386250243462,-47.23237712172,
    3.991251773527E-14));
#1031 = CARTESIAN_POINT('',(29.304027561231,-47.39731639981,
    -4.996003610813E-14));
#1032 = CARTESIAN_POINT('',(30.227919604796,-47.53620453646,
    4.485301019486E-14));
#1033 = CARTESIAN_POINT('',(31.1565525882,-47.65226065771,
    -2.781108676686E-14));
#1034 = CARTESIAN_POINT('',(32.088892521468,-47.74832190248,
    1.032507412901E-14));
#1035 = CARTESIAN_POINT('',(33.02415643153,-47.82694845377,
    -8.326672684689E-16));
#1036 = CARTESIAN_POINT('',(34.95814652391,-47.95816669413,
    -1.7763568394E-15));
#1037 = CARTESIAN_POINT('',(35.957170309586,-48.00879847052,
    1.337818744673E-14));
#1038 = CARTESIAN_POINT('',(36.958202310178,-48.04543038394,
    -3.497202527569E-14));
#1039 = CARTESIAN_POINT('',(37.960883084517,-48.06981442219,
    5.978550987606E-14));
#1040 = CARTESIAN_POINT('',(38.964851128346,-48.08733671614,
    -7.505107646466E-14));
#1041 = CARTESIAN_POINT('',(39.969779721563,-48.09350650752,
    7.022160630754E-14));
#1042 = CARTESIAN_POINT('',(40.976034271335,-48.09974936582,
    -4.81281681175E-14));
#1043 = CARTESIAN_POINT('',(41.983498161849,-48.10020560804,
    2.198241588758E-14));
#1044 = CARTESIAN_POINT('',(42.99162679269,-48.09999990694,
    -5.107025913276E-15));
#1045 = CARTESIAN_POINT('',(45.00803952706,-48.10000013839,
    3.885780586188E-15));
#1046 = CARTESIAN_POINT('',(46.016296254263,-48.10020848007,
    -1.210143096841E-14));
#1047 = CARTESIAN_POINT('',(47.024169379757,-48.09973637067,
    2.559064071761E-14));
#1048 = CARTESIAN_POINT('',(48.030021085984,-48.0935445714,
    -3.846922780326E-14));
#1049 = CARTESIAN_POINT('',(49.037280203135,-48.08727638271,
    4.257705299437E-14));
#1050 = CARTESIAN_POINT('',(50.037484179529,-48.06984474375,
    -3.441691376338E-14));
#1051 = CARTESIAN_POINT('',(51.042471127363,-48.04542076502,
    2.003952559448E-14));
#1052 = CARTESIAN_POINT('',(52.042732291954,-48.00879858681,
    -7.382983113757E-15));
#1053 = CARTESIAN_POINT('',(53.041858919446,-47.95816639448,
    9.992007221626E-16));
#1054 = CARTESIAN_POINT('',(54.97584718757,-47.82694814264,
    -1.110223024625E-16));
#1055 = CARTESIAN_POINT('',(55.911111616104,-47.74832149542,
    -6.106226635438E-16));
#1056 = CARTESIAN_POINT('',(56.843451758259,-47.65226016425,
    1.554312234475E-15));
#1057 = CARTESIAN_POINT('',(57.772084524034,-47.5362039692,
    -4.551914400963E-15));
#1058 = CARTESIAN_POINT('',(58.695976359075,-47.39731573892,
    1.254552017826E-14));
#1059 = CARTESIAN_POINT('',(59.613753792914,-47.23237632238,
    -2.04281036531E-14));
#1060 = CARTESIAN_POINT('',(60.523529429958,-47.03771771093,
    1.992850329202E-14));
#1061 = CARTESIAN_POINT('',(61.422643383237,-46.80919427106,
    -1.160183060733E-14));
#1062 = CARTESIAN_POINT('',(62.307320150922,-46.54219208752,
    3.497202527569E-15));
#1063 = CARTESIAN_POINT('',(64.053088704214,-45.91544279183,
    -3.719247132494E-15));
#1064 = CARTESIAN_POINT('',(64.913424868273,-45.55413413808,
    1.604272270583E-14));
#1065 = CARTESIAN_POINT('',(65.747738496898,-45.14235093293,
    -3.719247132494E-14));
#1066 = CARTESIAN_POINT('',(66.548390003645,-44.6749836921,
    5.873079800267E-14));
#1067 = CARTESIAN_POINT('',(67.306578291584,-44.14640955435,
    -6.616929226766E-14));
#1068 = CARTESIAN_POINT('',(68.010253012971,-43.55202778308,
    5.317968287954E-14));
#1069 = CARTESIAN_POINT('',(68.645099192329,-42.89081145751,
    -3.080868893335E-14));
#1070 = CARTESIAN_POINT('',(69.199710341795,-42.16727564831,
    1.282307593442E-14));
#1071 = CARTESIAN_POINT('',(69.67105507666,-41.3909853956,
    -3.663735981263E-15));
#1072 = CARTESIAN_POINT('',(70.2707316622,-40.13173236403,
    2.386979502944E-15));
#1073 = CARTESIAN_POINT('',(70.456795562785,-39.67956562574,
    -1.143529715364E-14));
#1074 = CARTESIAN_POINT('',(70.61989838718,-39.21650515229,
    2.84217094304E-14));
#1075 = CARTESIAN_POINT('',(70.760880336449,-38.74409116461,
    -4.746203430273E-14));
#1076 = CARTESIAN_POINT('',(70.881031710154,-38.26384168097,
    5.817568649036E-14));
#1077 = CARTESIAN_POINT('',(70.981982093036,-37.77716023978,
    -5.295763827462E-14));
#1078 = CARTESIAN_POINT('',(71.065551063991,-37.28522420365,
    3.452793606584E-14));
#1079 = CARTESIAN_POINT('',(71.133618226567,-36.78891961703,
    -1.493249968121E-14));
#1080 = CARTESIAN_POINT('',(71.188070360365,-36.28888858917,
    3.441691376338E-15));
#1081 = CARTESIAN_POINT('',(71.26880200975,-35.34014253085,
    -2.386979502944E-15));
#1082 = CARTESIAN_POINT('',(71.297650455458,-34.89215648435,
    8.271161533457E-15));
#1083 = CARTESIAN_POINT('',(71.318054348464,-34.44194874061,
    -1.820765760385E-14));
#1084 = CARTESIAN_POINT('',(71.334051865903,-33.99122880511,
    3.086420008458E-14));
#1085 = CARTESIAN_POINT('',(71.339063264911,-33.53615541537,
    -3.913536161804E-14));
#1086 = CARTESIAN_POINT('',(71.349114457705,-33.08075597998,
    3.663735981263E-14));
#1087 = CARTESIAN_POINT('',(71.349786041907,-32.62451830548,
    -2.470246229791E-14));
#1088 = CARTESIAN_POINT('',(71.351264299005,-32.16742637872,
    1.126876369995E-14));
#1089 = CARTESIAN_POINT('',(71.350756384649,-31.70976123376,
    -2.886579864025E-15));
#1090 = CARTESIAN_POINT('',(71.350000881688,-31.25107060451,0.));
#1091 = DEFINITIONAL_REPRESENTATION('',(#1092),#1096);
#1092 = LINE('',#1093,#1094);
#1093 = CARTESIAN_POINT('',(0.,0.));
#1094 = VECTOR('',#1095,1.);
#1095 = DIRECTION('',(0.,1.));
#1096 = ( GEOMETRIC_REPRESENTATION_CONTEXT(2) 
PARAMETRIC_REPRESENTATION_CONTEXT() REPRESENTATION_CONTEXT('2D SPACE',''
  ) );
#1097 = ORIENTED_EDGE('',*,*,#1098,.T.);
#1098 = EDGE_CURVE('',#22,#1099,#1101,.T.);
#1099 = VERTEX_POINT('',#1100);
#1100 = CARTESIAN_POINT('',(72.,-31.25,1.2));
#1101 = SEAM_CURVE('',#1102,(#1106,#1113),.PCURVE_S1.);
#1102 = LINE('',#1103,#1104);
#1103 = CARTESIAN_POINT('',(72.,-31.25,0.));
#1104 = VECTOR('',#1105,1.);
#1105 = DIRECTION('',(0.,0.,1.));
#1106 = PCURVE('',#209,#1107);
#1107 = DEFINITIONAL_REPRESENTATION('',(#1108),#1112);
#1108 = LINE('',#1109,#1110);
#1109 = CARTESIAN_POINT('',(156.10492590607,0.));
#1110 = VECTOR('',#1111,1.);
#1111 = DIRECTION('',(0.,-1.));
#1112 = ( GEOMETRIC_REPRESENTATION_CONTEXT(2) 
PARAMETRIC_REPRESENTATION_CONTEXT() REPRESENTATION_CONTEXT('2D SPACE',''
  ) );
#1113 = PCURVE('',#209,#1114);
#1114 = DEFINITIONAL_REPRESENTATION('',(#1115),#1119);
#1115 = LINE('',#1116,#1117);
#1116 = CARTESIAN_POINT('',(0.,0.));
#1117 = VECTOR('',#1118,1.);
#1118 = DIRECTION('',(0.,-1.));
#1119 = ( GEOMETRIC_REPRESENTATION_CONTEXT(2) 
PARAMETRIC_REPRESENTATION_CONTEXT() REPRESENTATION_CONTEXT('2D SPACE',''
  ) );
#1120 = ORIENTED_EDGE('',*,*,#1121,.F.);
#1121 = EDGE_CURVE('',#1099,#1099,#1122,.T.);
#1122 = SURFACE_CURVE('',#1123,(#1805,#2490),.PCURVE_S1.);
#1123 = B_SPLINE_CURVE_WITH_KNOTS('',8,(#1124,#1125,#1126,#1127,#1128,
    #1129,#1130,#1131,#1132,#1133,#1134,#1135,#1136,#1137,#1138,#1139,
    #1140,#1141,#1142,#1143,#1144,#1145,#1146,#1147,#1148,#1149,#1150,
    #1151,#1152,#1153,#1154,#1155,#1156,#1157,#1158,#1159,#1160,#1161,
    #1162,#1163,#1164,#1165,#1166,#1167,#1168,#1169,#1170,#1171,#1172,
    #1173,#1174,#1175,#1176,#1177,#1178,#1179,#1180,#1181,#1182,#1183,
    #1184,#1185,#1186,#1187,#1188,#1189,#1190,#1191,#1192,#1193,#1194,
    #1195,#1196,#1197,#1198,#1199,#1200,#1201,#1202,#1203,#1204,#1205,
    #1206,#1207,#1208,#1209,#1210,#1211,#1212,#1213,#1214,#1215,#1216,
    #1217,#1218,#1219,#1220,#1221,#1222,#1223,#1224,#1225,#1226,#1227,
    #1228,#1229,#1230,#1231,#1232,#1233,#1234,#1235,#1236,#1237,#1238,
    #1239,#1240,#1241,#1242,#1243,#1244,#1245,#1246,#1247,#1248,#1249,
    #1250,#1251,#1252,#1253,#1254,#1255,#1256,#1257,#1258,#1259,#1260,
    #1261,#1262,#1263,#1264,#1265,#1266,#1267,#1268,#1269,#1270,#1271,
    #1272,#1273,#1274,#1275,#1276,#1277,#1278,#1279,#1280,#1281,#1282,
    #1283,#1284,#1285,#1286,#1287,#1288,#1289,#1290,#1291,#1292,#1293,
    #1294,#1295,#1296,#1297,#1298,#1299,#1300,#1301,#1302,#1303,#1304,
    #1305,#1306,#1307,#1308,#1309,#1310,#1311,#1312,#1313,#1314,#1315,
    #1316,#1317,#1318,#1319,#1320,#1321,#1322,#1323,#1324,#1325,#1326,
    #1327,#1328,#1329,#1330,#1331,#1332,#1333,#1334,#1335,#1336,#1337,
    #1338,#1339,#1340,#1341,#1342,#1343,#1344,#1345,#1346,#1347,#1348,
    #1349,#1350,#1351,#1352,#1353,#1354,#1355,#1356,#1357,#1358,#1359,
    #1360,#1361,#1362,#1363,#1364,#1365,#1366,#1367,#1368,#1369,#1370,
    #1371,#1372,#1373,#1374,#1375,#1376,#1377,#1378,#1379,#1380,#1381,
    #1382,#1383,#1384,#1385,#1386,#1387,#1388,#1389,#1390,#1391,#1392,
    #1393,#1394,#1395,#1396,#1397,#1398,#1399,#1400,#1401,#1402,#1403,
    #1404,#1405,#1406,#1407,#1408,#1409,#1410,#1411,#1412,#1413,#1414,
    #1415,#1416,#1417,#1418,#1419,#1420,#1421,#1422,#1423,#1424,#1425,
    #1426,#1427,#1428,#1429,#1430,#1431,#1432,#1433,#1434,#1435,#1436,
    #1437,#1438,#1439,#1440,#1441,#1442,#1443,#1444,#1445,#1446,#1447,
    #1448,#1449,#1450,#1451,#1452,#1453,#1454,#1455,#1456,#1457,#1458,
    #1459,#1460,#1461,#1462,#1463,#1464,#1465,#1466,#1467,#1468,#1469,
    #1470,#1471,#1472,#1473,#1474,#1475,#1476,#1477,#1478,#1479,#1480,
    #1481,#1482,#1483,#1484,#1485,#1486,#1487,#1488,#1489,#1490,#1491,
    #1492,#1493,#1494,#1495,#1496,#1497,#1498,#1499,#1500,#1501,#1502,
    #1503,#1504,#1505,#1506,#1507,#1508,#1509,#1510,#1511,#1512,#1513,
    #1514,#1515,#1516,#1517,#1518,#1519,#1520,#1521,#1522,#1523,#1524,
    #1525,#1526,#1527,#1528,#1529,#1530,#1531,#1532,#1533,#1534,#1535,
    #1536,#1537,#1538,#1539,#1540,#1541,#1542,#1543,#1544,#1545,#1546,
    #1547,#1548,#1549,#1550,#1551,#1552,#1553,#1554,#1555,#1556,#1557,
    #1558,#1559,#1560,#1561,#1562,#1563,#1564,#1565,#1566,#1567,#1568,
    #1569,#1570,#1571,#1572,#1573,#1574,#1575,#1576,#1577,#1578,#1579,
    #1580,#1581,#1582,#1583,#1584,#1585,#1586,#1587,#1588,#1589,#1590,
    #1591,#1592,#1593,#1594,#1595,#1596,#1597,#1598,#1599,#1600,#1601,
    #1602,#1603,#1604,#1605,#1606,#1607,#1608,#1609,#1610,#1611,#1612,
    #1613,#1614,#1615,#1616,#1617,#1618,#1619,#1620,#1621,#1622,#1623,
    #1624,#1625,#1626,#1627,#1628,#1629,#1630,#1631,#1632,#1633,#1634,
    #1635,#1636,#1637,#1638,#1639,#1640,#1641,#1642,#1643,#1644,#1645,
    #1646,#1647,#1648,#1649,#1650,#1651,#1652,#1653,#1654,#1655,#1656,
    #1657,#1658,#1659,#1660,#1661,#1662,#1663,#1664,#1665,#1666,#1667,
    #1668,#1669,#1670,#1671,#1672,#1673,#1674,#1675,#1676,#1677,#1678,
    #1679,#1680,#1681,#1682,#1683,#1684,#1685,#1686,#1687,#1688,#1689,
    #1690,#1691,#1692,#1693,#1694,#1695,#1696,#1697,#1698,#1699,#1700,
    #1701,#1702,#1703,#1704,#1705,#1706,#1707,#1708,#1709,#1710,#1711,
    #1712,#1713,#1714,#1715,#1716,#1717,#1718,#1719,#1720,#1721,#1722,
    #1723,#1724,#1725,#1726,#1727,#1728,#1729,#1730,#1731,#1732,#1733,
    #1734,#1735,#1736,#1737,#1738,#1739,#1740,#1741,#1742,#1743,#1744,
    #1745,#1746,#1747,#1748,#1749,#1750,#1751,#1752,#1753,#1754,#1755,
    #1756,#1757,#1758,#1759,#1760,#1761,#1762,#1763,#1764,#1765,#1766,
    #1767,#1768,#1769,#1770,#1771,#1772,#1773,#1774,#1775,#1776,#1777,
    #1778,#1779,#1780,#1781,#1782,#1783,#1784,#1785,#1786,#1787,#1788,
    #1789,#1790,#1791,#1792,#1793,#1794,#1795,#1796,#1797,#1798,#1799,
    #1800,#1801,#1802,#1803,#1804),.UNSPECIFIED.,.T.,.F.,(9,7,7,7,7,7,7,
    7,7,7,7,7,7,7,7,7,7,7,7,7,7,7,7,7,7,7,7,7,7,7,7,7,7,7,7,7,7,7,7,7,7,
    7,7,7,7,7,7,7,7,7,7,7,7,7,7,7,7,7,7,7,7,7,7,7,7,7,7,7,7,7,7,7,7,7,7,
    7,7,7,7,7,7,7,7,7,7,7,7,7,7,7,7,7,7,7,7,7,7,9),(0.,
    9.999867752926E-03,2.099971476972E-02,2.899950099026E-02,
    4.099935722053E-02,5.299932896113E-02,6.29993934552E-02,
    7.399947215595E-02,8.09995444323E-02,9.099958327634E-02,
    0.101999601031,0.112999561237,0.123999486452,0.130999437656,
    0.142999410447,0.151999379541,0.15899933416,0.169999272558,
    0.181999171225,0.191999101934,0.206998959178,0.221998790893,
    0.235998587363,0.24299848117,0.250998367687,0.268998072471,
    0.275997939325,0.296997562381,0.309997356215,0.319997210009,
    0.326997121966,0.337996968812,0.349996780597,0.356996683805,
    0.362996603587,0.374996504081,0.383996487685,0.390996518274,
    0.400996580089,0.411996690269,0.419996774889,0.426996822659,
    0.438996856058,0.447996967771,0.454997139563,0.464997323721,
    0.475997349808,0.482997259347,0.493996911082,0.504996788922,
    0.511996661145,0.522996694577,0.534996943936,0.543997249078,
    0.550997423959,0.56199764243,0.573997852699,0.580997993691,
    0.5909981307,0.601998256435,0.612998324621,0.623998357816,
    0.630998377735,0.642998468322,0.651998525764,0.658998549096,
    0.669998595474,0.681998611936,0.691998640808,0.706998645296,
    0.721998624254,0.73599855815,0.74299852067,0.750998485715,
    0.768998367188,0.775998302754,0.796998131948,0.80999805339,
    0.819998005345,0.826997986015,0.837997940837,0.849997870415,
    0.856997842335,0.862997821014,0.8749978393,0.88399791125,
    0.890998010553,0.90099817053,0.911998388689,0.919998551839,
    0.926998668323,0.938998819517,0.947999019584,0.954999260116,
    0.964999542512,0.975999719758,0.987999888547,1.),.UNSPECIFIED.);
#1124 = CARTESIAN_POINT('',(72.,-31.25,1.2));
#1125 = CARTESIAN_POINT('',(72.000321164347,-31.44498940995,1.2));
#1126 = CARTESIAN_POINT('',(72.000578685699,-31.6400320148,1.2));
#1127 = CARTESIAN_POINT('',(72.000699116312,-31.83511887143,1.2));
#1128 = CARTESIAN_POINT('',(72.000609008443,-32.03024103673,1.2));
#1129 = CARTESIAN_POINT('',(72.000234914351,-32.22538956759,1.2));
#1130 = CARTESIAN_POINT('',(71.999503386292,-32.42055552091,1.2));
#1131 = CARTESIAN_POINT('',(71.998340976525,-32.61572995358,1.2));
#1132 = CARTESIAN_POINT('',(71.994840825417,-33.02559514169,1.2));
#1133 = CARTESIAN_POINT('',(71.992410529997,-33.24028615638,1.2));
#1134 = CARTESIAN_POINT('',(71.989213473195,-33.45496514384,1.2));
#1135 = CARTESIAN_POINT('',(71.985292762145,-33.669617767,1.2));
#1136 = CARTESIAN_POINT('',(71.980490631527,-33.88423357326,1.2));
#1137 = CARTESIAN_POINT('',(71.974562680531,-34.09880581563,1.2));
#1138 = CARTESIAN_POINT('',(71.967378743244,-34.31332871236,1.2));
#1139 = CARTESIAN_POINT('',(71.952507330414,-34.68377048906,1.2));
#1140 = CARTESIAN_POINT('',(71.945489242674,-34.83971927494,1.2));
#1141 = CARTESIAN_POINT('',(71.937653013611,-34.99563519253,1.2));
#1142 = CARTESIAN_POINT('',(71.928937986915,-35.1515093851,1.2));
#1143 = CARTESIAN_POINT('',(71.919284504598,-35.30733146567,1.2));
#1144 = CARTESIAN_POINT('',(71.908633906999,-35.46308951698,1.2));
#1145 = CARTESIAN_POINT('',(71.89692853278,-35.61877009154,1.2));
#1146 = CARTESIAN_POINT('',(71.864886214723,-36.00774383214,1.2));
#1147 = CARTESIAN_POINT('',(71.843159746633,-36.24092010762,1.2));
#1148 = CARTESIAN_POINT('',(71.818721027325,-36.47385702209,1.2));
#1149 = CARTESIAN_POINT('',(71.791351338131,-36.70642542295,1.2));
#1150 = CARTESIAN_POINT('',(71.760829874649,-36.93868847077,1.2));
#1151 = CARTESIAN_POINT('',(71.726954760922,-37.17043585554,1.2));
#1152 = CARTESIAN_POINT('',(71.689507573242,-37.40163221552,1.2));
#1153 = CARTESIAN_POINT('',(71.607056502537,-37.86268014754,1.2));
#1154 = CARTESIAN_POINT('',(71.562047663029,-38.09253471226,1.2));
#1155 = CARTESIAN_POINT('',(71.513089205314,-38.32158020083,1.2));
#1156 = CARTESIAN_POINT('',(71.459864689816,-38.54975356951,1.2));
#1157 = CARTESIAN_POINT('',(71.402350709827,-38.77683551662,1.2));
#1158 = CARTESIAN_POINT('',(71.340214986958,-39.00272034232,1.2));
#1159 = CARTESIAN_POINT('',(71.273365735979,-39.22722147469,1.2));
#1160 = CARTESIAN_POINT('',(71.141875991751,-39.63593245568,1.2));
#1161 = CARTESIAN_POINT('',(71.0787183136,-39.82062250081,1.2));
#1162 = CARTESIAN_POINT('',(71.012098863743,-40.00411955163,1.2));
#1163 = CARTESIAN_POINT('',(70.941936732962,-40.18630864553,1.2));
#1164 = CARTESIAN_POINT('',(70.868166017255,-40.36707205868,1.2));
#1165 = CARTESIAN_POINT('',(70.790744242551,-40.5462923384,1.2));
#1166 = CARTESIAN_POINT('',(70.709645745874,-40.72385059518,1.2));
#1167 = CARTESIAN_POINT('',(70.531553640925,-41.09296659573,1.2));
#1168 = CARTESIAN_POINT('',(70.433786439464,-41.28415785233,1.2));
#1169 = CARTESIAN_POINT('',(70.33152486935,-41.47302141126,1.2));
#1170 = CARTESIAN_POINT('',(70.224753955747,-41.6594086832,1.2));
#1171 = CARTESIAN_POINT('',(70.113505380996,-41.84316201468,1.2));
#1172 = CARTESIAN_POINT('',(69.997833588673,-42.02413134253,1.2));
#1173 = CARTESIAN_POINT('',(69.877792807347,-42.20219222989,1.2));
#1174 = CARTESIAN_POINT('',(69.674384530402,-42.48859695383,1.2));
#1175 = CARTESIAN_POINT('',(69.593550145934,-42.59874853621,1.2));
#1176 = CARTESIAN_POINT('',(69.51100925776,-42.7076406169,1.2));
#1177 = CARTESIAN_POINT('',(69.426788702427,-42.81524478279,1.2));
#1178 = CARTESIAN_POINT('',(69.340917644345,-42.92153546113,1.2));
#1179 = CARTESIAN_POINT('',(69.253427575788,-43.02648991945,1.2));
#1180 = CARTESIAN_POINT('',(69.164352316892,-43.13008826562,1.2));
#1181 = CARTESIAN_POINT('',(68.944265562017,-43.37834848184,1.2));
#1182 = CARTESIAN_POINT('',(68.811639007331,-43.52157768331,1.2));
#1183 = CARTESIAN_POINT('',(68.675955652688,-43.66195516457,1.2));
#1184 = CARTESIAN_POINT('',(68.537326188263,-43.79943972089,1.2));
#1185 = CARTESIAN_POINT('',(68.395866207736,-43.93400361937,1.2));
#1186 = CARTESIAN_POINT('',(68.251695686247,-44.06563476288,1.2));
#1187 = CARTESIAN_POINT('',(68.104936421913,-44.19433222901,1.2));
#1188 = CARTESIAN_POINT('',(67.791555934449,-44.45843412028,1.2));
#1189 = CARTESIAN_POINT('',(67.624415705319,-44.5932301757,1.2));
#1190 = CARTESIAN_POINT('',(67.454450398117,-44.72448059132,1.2));
#1191 = CARTESIAN_POINT('',(67.281810546727,-44.85221896635,1.2));
#1192 = CARTESIAN_POINT('',(67.106655991613,-44.97647573325,1.2));
#1193 = CARTESIAN_POINT('',(66.929140236713,-45.0972893183,1.2));
#1194 = CARTESIAN_POINT('',(66.749396856212,-45.21472075931,1.2));
#1195 = CARTESIAN_POINT('',(66.385740218105,-45.44292774774,1.2));
#1196 = CARTESIAN_POINT('',(66.201828193543,-45.55370171987,1.2));
#1197 = CARTESIAN_POINT('',(66.015956627112,-45.66121237023,1.2));
#1198 = CARTESIAN_POINT('',(65.828271303544,-45.76551712619,1.2));
#1199 = CARTESIAN_POINT('',(65.638884079998,-45.8666876148,1.2));
#1200 = CARTESIAN_POINT('',(65.447899686076,-45.96480063169,1.2));
#1201 = CARTESIAN_POINT('',(65.255441919318,-46.05992624148,1.2));
#1202 = CARTESIAN_POINT('',(64.867752214508,-46.24435715874,1.2));
#1203 = CARTESIAN_POINT('',(64.672521284809,-46.33366094881,1.2));
#1204 = CARTESIAN_POINT('',(64.476015080432,-46.42013378511,1.2));
#1205 = CARTESIAN_POINT('',(64.278303818516,-46.50384356144,1.2));
#1206 = CARTESIAN_POINT('',(64.079481776789,-46.58487189031,1.2));
#1207 = CARTESIAN_POINT('',(63.879638167792,-46.66329922107,1.2));
#1208 = CARTESIAN_POINT('',(63.678825924325,-46.73919084707,1.2));
#1209 = CARTESIAN_POINT('',(63.34876234068,-46.85935739727,1.2));
#1210 = CARTESIAN_POINT('',(63.220043178072,-46.90509368028,1.2));
#1211 = CARTESIAN_POINT('',(63.090979009008,-46.9498536405,1.2));
#1212 = CARTESIAN_POINT('',(62.961585495166,-46.99365587065,1.2));
#1213 = CARTESIAN_POINT('',(62.83187785056,-47.03651873074,1.2));
#1214 = CARTESIAN_POINT('',(62.701870841536,-47.07846034804,1.2));
#1215 = CARTESIAN_POINT('',(62.571578786775,-47.11949861708,1.2));
#1216 = CARTESIAN_POINT('',(62.217191825458,-47.22848452214,1.2));
#1217 = CARTESIAN_POINT('',(61.992569737946,-47.29471578223,1.2));
#1218 = CARTESIAN_POINT('',(61.767200294595,-47.35841815594,1.2));
#1219 = CARTESIAN_POINT('',(61.541187663033,-47.41972668613,1.2));
#1220 = CARTESIAN_POINT('',(61.314516511068,-47.47864416548,1.2));
#1221 = CARTESIAN_POINT('',(61.087297733228,-47.53532282351,1.2));
#1222 = CARTESIAN_POINT('',(60.859547035299,-47.58980358679,1.2));
#1223 = CARTESIAN_POINT('',(60.460133894721,-47.68144151667,1.2));
#1224 = CARTESIAN_POINT('',(60.288683442372,-47.71952390109,1.2));
#1225 = CARTESIAN_POINT('',(60.116977917896,-47.75644816921,1.2));
#1226 = CARTESIAN_POINT('',(59.945033380325,-47.79224459254,1.2));
#1227 = CARTESIAN_POINT('',(59.772864211115,-47.82694178881,1.2));
#1228 = CARTESIAN_POINT('',(59.60048381161,-47.86056766815,1.2));
#1229 = CARTESIAN_POINT('',(59.427905300499,-47.89315037944,1.2));
#1230 = CARTESIAN_POINT('',(59.120771329399,-47.94927275264,1.2));
#1231 = CARTESIAN_POINT('',(58.986288289262,-47.97321202506,1.2));
#1232 = CARTESIAN_POINT('',(58.851698639366,-47.99654976556,1.2));
#1233 = CARTESIAN_POINT('',(58.717007741129,-48.01929845372,1.2));
#1234 = CARTESIAN_POINT('',(58.582220768891,-48.04147035685,1.2));
#1235 = CARTESIAN_POINT('',(58.447342709916,-48.06307753004,1.2));
#1236 = CARTESIAN_POINT('',(58.312378364393,-48.08413181611,1.2));
#1237 = CARTESIAN_POINT('',(57.96511698539,-48.13687963481,1.2));
#1238 = CARTESIAN_POINT('',(57.752698628409,-48.1677777951,1.2));
#1239 = CARTESIAN_POINT('',(57.540091585109,-48.19737815974,1.2));
#1240 = CARTESIAN_POINT('',(57.327315975073,-48.2257330922,1.2));
#1241 = CARTESIAN_POINT('',(57.114385056822,-48.25288207699,1.2));
#1242 = CARTESIAN_POINT('',(56.901308751107,-48.2788594759,1.2));
#1243 = CARTESIAN_POINT('',(56.688099826886,-48.30370745547,1.2));
#1244 = CARTESIAN_POINT('',(56.242045582161,-48.35338243937,1.2));
#1245 = CARTESIAN_POINT('',(56.009177918374,-48.37800221117,1.2));
#1246 = CARTESIAN_POINT('',(55.776180889257,-48.4013753694,1.2));
#1247 = CARTESIAN_POINT('',(55.543063215668,-48.42354017248,1.2));
#1248 = CARTESIAN_POINT('',(55.309839384312,-48.44454974342,1.2));
#1249 = CARTESIAN_POINT('',(55.07652250126,-48.4644549313,1.2));
#1250 = CARTESIAN_POINT('',(54.843117586304,-48.48328845059,1.2));
#1251 = CARTESIAN_POINT('',(54.415065152997,-48.51593616531,1.2));
#1252 = CARTESIAN_POINT('',(54.220441211959,-48.53006298289,1.2));
#1253 = CARTESIAN_POINT('',(54.025768263614,-48.54350262939,1.2));
#1254 = CARTESIAN_POINT('',(53.831051000641,-48.55627927671,1.2));
#1255 = CARTESIAN_POINT('',(53.636293303214,-48.56841554592,1.2));
#1256 = CARTESIAN_POINT('',(53.441498433792,-48.57993310448,1.2));
#1257 = CARTESIAN_POINT('',(53.246669446837,-48.59085368962,1.2));
#1258 = CARTESIAN_POINT('',(52.75952111986,-48.61672081987,1.2));
#1259 = CARTESIAN_POINT('',(52.467164001761,-48.63094966767,1.2));
#1260 = CARTESIAN_POINT('',(52.174750546384,-48.64396403366,1.2));
#1261 = CARTESIAN_POINT('',(51.882287672702,-48.65583342559,1.2));
#1262 = CARTESIAN_POINT('',(51.589780209829,-48.66661036883,1.2));
#1263 = CARTESIAN_POINT('',(51.297242423491,-48.67639472601,1.2));
#1264 = CARTESIAN_POINT('',(51.004675245388,-48.68523125881,1.2));
#1265 = CARTESIAN_POINT('',(50.419493080451,-48.70114185943,1.2));
#1266 = CARTESIAN_POINT('',(50.126878461036,-48.70821630421,1.2));
#1267 = CARTESIAN_POINT('',(49.834243308585,-48.71446894422,1.2));
#1268 = CARTESIAN_POINT('',(49.541594438133,-48.7199701347,1.2));
#1269 = CARTESIAN_POINT('',(49.248934582213,-48.72477912121,1.2));
#1270 = CARTESIAN_POINT('',(48.956264676907,-48.72895089744,1.2));
#1271 = CARTESIAN_POINT('',(48.663587625048,-48.7325472667,1.2));
#1272 = CARTESIAN_POINT('',(48.097735617181,-48.73850147096,1.2));
#1273 = CARTESIAN_POINT('',(47.824561605751,-48.7409275044,1.2));
#1274 = CARTESIAN_POINT('',(47.551383502221,-48.74294066644,1.2));
#1275 = CARTESIAN_POINT('',(47.278206169185,-48.74463302603,1.2));
#1276 = CARTESIAN_POINT('',(47.005025180211,-48.74598009211,1.2));
#1277 = CARTESIAN_POINT('',(46.731844139142,-48.74706170749,1.2));
#1278 = CARTESIAN_POINT('',(46.458661890527,-48.74789736569,1.2));
#1279 = CARTESIAN_POINT('',(46.048887557328,-48.74884598087,1.2));
#1280 = CARTESIAN_POINT('',(45.912295946125,-48.74911122253,1.2));
#1281 = CARTESIAN_POINT('',(45.77570412922,-48.74933023046,1.2));
#1282 = CARTESIAN_POINT('',(45.639112125315,-48.7495077342,1.2));
#1283 = CARTESIAN_POINT('',(45.502519953108,-48.74964846327,1.2));
#1284 = CARTESIAN_POINT('',(45.365927631301,-48.74975714721,1.2));
#1285 = CARTESIAN_POINT('',(45.229335178592,-48.74983851555,1.2));
#1286 = CARTESIAN_POINT('',(44.936636671461,-48.74996447763,1.2));
#1287 = CARTESIAN_POINT('',(44.780530652055,-48.75000091459,1.2));
#1288 = CARTESIAN_POINT('',(44.624424571338,-48.75001546273,1.2));
#1289 = CARTESIAN_POINT('',(44.468318444644,-48.75001601572,1.2));
#1290 = CARTESIAN_POINT('',(44.312212286763,-48.75000950687,1.2));
#1291 = CARTESIAN_POINT('',(44.156106111944,-48.75000190914,1.2));
#1292 = CARTESIAN_POINT('',(43.999999933895,-48.74999823512,1.2));
#1293 = CARTESIAN_POINT('',(43.492655665687,-48.75001221636,1.2));
#1294 = CARTESIAN_POINT('',(43.141417705761,-48.75003338299,1.2));
#1295 = CARTESIAN_POINT('',(42.790179918329,-48.74998562152,1.2));
#1296 = CARTESIAN_POINT('',(42.438942446188,-48.74978851609,1.2));
#1297 = CARTESIAN_POINT('',(42.087705542605,-48.74936165043,1.2));
#1298 = CARTESIAN_POINT('',(41.736469571318,-48.74862460784,1.2));
#1299 = CARTESIAN_POINT('',(41.385235006536,-48.7474969712,1.2));
#1300 = CARTESIAN_POINT('',(40.897412345531,-48.74527662805,1.2));
#1301 = CARTESIAN_POINT('',(40.760822642563,-48.74458331502,1.2));
#1302 = CARTESIAN_POINT('',(40.624233239596,-48.74381427509,1.2));
#1303 = CARTESIAN_POINT('',(40.487644110879,-48.74296502072,1.2));
#1304 = CARTESIAN_POINT('',(40.351055289356,-48.74203068557,1.2));
#1305 = CARTESIAN_POINT('',(40.214466866662,-48.74100602451,1.2));
#1306 = CARTESIAN_POINT('',(40.077878993124,-48.73988541366,1.2));
#1307 = CARTESIAN_POINT('',(39.531530092711,-48.73499515639,1.2));
#1308 = CARTESIAN_POINT('',(39.121776833644,-48.73040683185,1.2));
#1309 = CARTESIAN_POINT('',(38.71203320864,-48.72474441382,1.2));
#1310 = CARTESIAN_POINT('',(38.302316358596,-48.71781132459,1.2));
#1311 = CARTESIAN_POINT('',(37.892608953905,-48.70951431115,1.2));
#1312 = CARTESIAN_POINT('',(37.482946283188,-48.69961239847,1.2));
#1313 = CARTESIAN_POINT('',(37.073329397383,-48.68796578301,1.2));
#1314 = CARTESIAN_POINT('',(36.410241034677,-48.66599136546,1.2));
#1315 = CARTESIAN_POINT('',(36.156731162764,-48.65685143225,1.2));
#1316 = CARTESIAN_POINT('',(35.903249044314,-48.64693083648,1.2));
#1317 = CARTESIAN_POINT('',(35.649801295923,-48.63617947357,1.2));
#1318 = CARTESIAN_POINT('',(35.396391835165,-48.62455542086,1.2));
#1319 = CARTESIAN_POINT('',(35.143024894385,-48.6120169113,1.2));
#1320 = CARTESIAN_POINT('',(34.889708572519,-48.59851268631,1.2));
#1321 = CARTESIAN_POINT('',(34.441636614832,-48.57282345826,1.2));
#1322 = CARTESIAN_POINT('',(34.246857360846,-48.56105354707,1.2));
#1323 = CARTESIAN_POINT('',(34.052116335539,-48.54865964503,1.2));
#1324 = CARTESIAN_POINT('',(33.85741633376,-48.53562113791,1.2));
#1325 = CARTESIAN_POINT('',(33.662761105942,-48.52191570283,1.2));
#1326 = CARTESIAN_POINT('',(33.468155828555,-48.50751800465,1.2));
#1327 = CARTESIAN_POINT('',(33.273606432632,-48.49240150022,1.2));
#1328 = CARTESIAN_POINT('',(32.942975462615,-48.46544262303,1.2));
#1329 = CARTESIAN_POINT('',(32.806862738022,-48.45397841216,1.2));
#1330 = CARTESIAN_POINT('',(32.6707813892,-48.44214229746,1.2));
#1331 = CARTESIAN_POINT('',(32.534733346278,-48.42992561427,1.2));
#1332 = CARTESIAN_POINT('',(32.398720696888,-48.41731945364,1.2));
#1333 = CARTESIAN_POINT('',(32.262745686174,-48.4043146624,1.2));
#1334 = CARTESIAN_POINT('',(32.126810716786,-48.3909018431,1.2));
#1335 = CARTESIAN_POINT('',(31.77737348669,-48.35533775766,1.2));
#1336 = CARTESIAN_POINT('',(31.563933229295,-48.33257278339,1.2));
#1337 = CARTESIAN_POINT('',(31.350606039779,-48.30874322392,1.2));
#1338 = CARTESIAN_POINT('',(31.137402924944,-48.28381123429,1.2));
#1339 = CARTESIAN_POINT('',(30.924337621739,-48.25773349925,1.2));
#1340 = CARTESIAN_POINT('',(30.711422342823,-48.23047038542,1.2));
#1341 = CARTESIAN_POINT('',(30.498666785427,-48.20198837973,1.2));
#1342 = CARTESIAN_POINT('',(30.054184503983,-48.1397854301,1.2));
#1343 = CARTESIAN_POINT('',(29.82249137913,-48.10582530441,1.2));
#1344 = CARTESIAN_POINT('',(29.591031293705,-48.07029807289,1.2));
#1345 = CARTESIAN_POINT('',(29.359819388723,-48.03315573053,1.2));
#1346 = CARTESIAN_POINT('',(29.128877882245,-47.99434356862,1.2));
#1347 = CARTESIAN_POINT('',(28.89824588297,-47.95377455278,1.2));
#1348 = CARTESIAN_POINT('',(28.667936660417,-47.91141153699,1.2));
#1349 = CARTESIAN_POINT('',(28.303849933769,-47.84137353968,1.2));
#1350 = CARTESIAN_POINT('',(28.169835622049,-47.81493323825,1.2));
#1351 = CARTESIAN_POINT('',(28.035950021691,-47.78784323502,1.2));
#1352 = CARTESIAN_POINT('',(27.902199336159,-47.76009022763,1.2));
#1353 = CARTESIAN_POINT('',(27.768590321704,-47.73166051473,1.2));
#1354 = CARTESIAN_POINT('',(27.635130287363,-47.70253999597,1.2));
#1355 = CARTESIAN_POINT('',(27.501827094966,-47.67271417196,1.2));
#1356 = CARTESIAN_POINT('',(27.254570876162,-47.61598582294,1.2));
#1357 = CARTESIAN_POINT('',(27.140574249102,-47.58927408874,1.2));
#1358 = CARTESIAN_POINT('',(27.026704083018,-47.5620240531,1.2));
#1359 = CARTESIAN_POINT('',(26.912965577003,-47.53422650168,1.2));
#1360 = CARTESIAN_POINT('',(26.79936432418,-47.50587189448,1.2));
#1361 = CARTESIAN_POINT('',(26.6859063117,-47.47695036579,1.2));
#1362 = CARTESIAN_POINT('',(26.57259792074,-47.44745172422,1.2));
#1363 = CARTESIAN_POINT('',(26.233140788968,-47.35719260411,1.2));
#1364 = CARTESIAN_POINT('',(26.007462857361,-47.29466867915,1.2));
#1365 = CARTESIAN_POINT('',(25.782453918435,-47.22972042144,1.2));
#1366 = CARTESIAN_POINT('',(25.558182476156,-47.16225651408,1.2));
#1367 = CARTESIAN_POINT('',(25.334715468255,-47.09217960237,1.2));
#1368 = CARTESIAN_POINT('',(25.112095647992,-47.01943020153,1.2));
#1369 = CARTESIAN_POINT('',(24.890427340792,-46.94388661563,1.2));
#1370 = CARTESIAN_POINT('',(24.504290395703,-46.80665323639,1.2));
#1371 = CARTESIAN_POINT('',(24.33937678372,-46.7462209882,1.2));
#1372 = CARTESIAN_POINT('',(24.175073637355,-46.68412998338,1.2));
#1373 = CARTESIAN_POINT('',(24.011418372761,-46.62033957345,1.2));
#1374 = CARTESIAN_POINT('',(23.84845037766,-46.55480912331,1.2));
#1375 = CARTESIAN_POINT('',(23.686211770313,-46.48749764186,1.2));
#1376 = CARTESIAN_POINT('',(23.524748158484,-46.4183634126,1.2));
#1377 = CARTESIAN_POINT('',(23.239167366961,-46.29214122479,1.2));
#1378 = CARTESIAN_POINT('',(23.114723446487,-46.23579091234,1.2));
#1379 = CARTESIAN_POINT('',(22.990800754211,-46.17829273867,1.2));
#1380 = CARTESIAN_POINT('',(22.867423493387,-46.11962698654,1.2));
#1381 = CARTESIAN_POINT('',(22.744616953296,-46.05977416973,1.2));
#1382 = CARTESIAN_POINT('',(22.622407509241,-45.99871503307,1.2));
#1383 = CARTESIAN_POINT('',(22.50082262255,-45.93643055241,1.2));
#1384 = CARTESIAN_POINT('',(22.207130839078,-45.78214660197,1.2));
#1385 = CARTESIAN_POINT('',(22.035705643257,-45.68885237101,1.2));
#1386 = CARTESIAN_POINT('',(21.865695465049,-45.59296370519,1.2));
#1387 = CARTESIAN_POINT('',(21.697191905368,-45.49442878642,1.2));
#1388 = CARTESIAN_POINT('',(21.53029133121,-45.39319778679,1.2));
#1389 = CARTESIAN_POINT('',(21.365092335947,-45.28922308948,1.2));
#1390 = CARTESIAN_POINT('',(21.20169728282,-45.18246145875,1.2));
#1391 = CARTESIAN_POINT('',(20.862589964093,-44.95233606742,1.2));
#1392 = CARTESIAN_POINT('',(20.687279130248,-44.8283743837,1.2));
#1393 = CARTESIAN_POINT('',(20.514427478709,-44.70095914897,1.2));
#1394 = CARTESIAN_POINT('',(20.344193891034,-44.57002818799,1.2));
#1395 = CARTESIAN_POINT('',(20.176729247895,-44.43556326344,1.2));
#1396 = CARTESIAN_POINT('',(20.012189554793,-44.29755759816,1.2));
#1397 = CARTESIAN_POINT('',(19.850745738904,-44.1559844526,1.2));
#1398 = CARTESIAN_POINT('',(19.577496465709,-43.90533637995,1.2));
#1399 = CARTESIAN_POINT('',(19.464161232318,-43.79792624263,1.2));
#1400 = CARTESIAN_POINT('',(19.352606316906,-43.68864648636,1.2));
#1401 = CARTESIAN_POINT('',(19.242892680771,-43.5775064755,1.2));
#1402 = CARTESIAN_POINT('',(19.135079058066,-43.46452048526,1.2));
#1403 = CARTESIAN_POINT('',(19.029221955804,-43.3497077017,1.2));
#1404 = CARTESIAN_POINT('',(18.925375653854,-43.23309222172,1.2));
#1405 = CARTESIAN_POINT('',(18.734532021414,-43.01111291933,1.2));
#1406 = CARTESIAN_POINT('',(18.647051028951,-42.90616405127,1.2));
#1407 = CARTESIAN_POINT('',(18.561184221519,-42.79987633548,1.2));
#1408 = CARTESIAN_POINT('',(18.476963909096,-42.69227219479,1.2));
#1409 = CARTESIAN_POINT('',(18.394419717677,-42.58337658829,1.2));
#1410 = CARTESIAN_POINT('',(18.31357858927,-42.4732170113,1.2));
#1411 = CARTESIAN_POINT('',(18.234464781901,-42.36182349542,1.2));
#1412 = CARTESIAN_POINT('',(18.024474841614,-42.05620958231,1.2));
#1413 = CARTESIAN_POINT('',(17.896967554565,-41.8596652285,1.2));
#1414 = CARTESIAN_POINT('',(17.774774056514,-41.6597316316,1.2));
#1415 = CARTESIAN_POINT('',(17.657757106069,-41.45665407305,1.2));
#1416 = CARTESIAN_POINT('',(17.546273288441,-41.25055047255,1.2));
#1417 = CARTESIAN_POINT('',(17.440024234787,-41.04168521255,1.2));
#1418 = CARTESIAN_POINT('',(17.339178123107,-40.83024304709,1.2));
#1419 = CARTESIAN_POINT('',(17.171932539478,-40.45608774418,1.2));
#1420 = CARTESIAN_POINT('',(17.103227850541,-40.29440688602,1.2));
#1421 = CARTESIAN_POINT('',(17.037473782781,-40.13148481717,1.2));
#1422 = CARTESIAN_POINT('',(16.974637169616,-39.96740836199,1.2));
#1423 = CARTESIAN_POINT('',(16.914674884932,-39.80226335247,1.2));
#1424 = CARTESIAN_POINT('',(16.857535287153,-39.63613330394,1.2));
#1425 = CARTESIAN_POINT('',(16.803159663318,-39.46909809079,1.2));
#1426 = CARTESIAN_POINT('',(16.711290748852,-39.17066900747,1.2));
#1427 = CARTESIAN_POINT('',(16.672731579122,-39.03960438595,1.2));
#1428 = CARTESIAN_POINT('',(16.635774937049,-38.90807327442,1.2));
#1429 = CARTESIAN_POINT('',(16.600388035508,-38.77610892221,1.2));
#1430 = CARTESIAN_POINT('',(16.566536527146,-38.64374331121,1.2));
#1431 = CARTESIAN_POINT('',(16.534184504392,-38.51100715588,1.2));
#1432 = CARTESIAN_POINT('',(16.503294499452,-38.37792990319,1.2));
#1433 = CARTESIAN_POINT('',(16.431732006258,-38.05398351359,1.2));
#1434 = CARTESIAN_POINT('',(16.39254203192,-37.86278805784,1.2));
#1435 = CARTESIAN_POINT('',(16.356139388492,-37.6710256691,1.2));
#1436 = CARTESIAN_POINT('',(16.32240965254,-37.47877438815,1.2));
#1437 = CARTESIAN_POINT('',(16.29123472715,-37.28610185052,1.2));
#1438 = CARTESIAN_POINT('',(16.26249074004,-37.09306068071,1.2));
#1439 = CARTESIAN_POINT('',(16.236051262623,-36.89969542323,1.2));
#1440 = CARTESIAN_POINT('',(16.185115324268,-36.49306657313,1.2));
#1441 = CARTESIAN_POINT('',(16.161075433985,-36.27974335236,1.2));
#1442 = CARTESIAN_POINT('',(16.139517803027,-36.06614127193,1.2));
#1443 = CARTESIAN_POINT('',(16.120271262262,-35.85231897269,1.2));
#1444 = CARTESIAN_POINT('',(16.103168739972,-35.63832709979,1.2));
#1445 = CARTESIAN_POINT('',(16.088054854465,-35.42419678924,1.2));
#1446 = CARTESIAN_POINT('',(16.074780954126,-35.2099437982,1.2));
#1447 = CARTESIAN_POINT('',(16.055804805868,-34.85919939843,1.2));
#1448 = CARTESIAN_POINT('',(16.049104511596,-34.72276444072,1.2));
#1449 = CARTESIAN_POINT('',(16.043043864426,-34.58629930139,1.2));
#1450 = CARTESIAN_POINT('',(16.037583381292,-34.44980887326,1.2));
#1451 = CARTESIAN_POINT('',(16.032683698915,-34.3132974908,1.2));
#1452 = CARTESIAN_POINT('',(16.028305573811,-34.17676893021,1.2));
#1453 = CARTESIAN_POINT('',(16.024409882285,-34.04022640937,1.2));
#1454 = CARTESIAN_POINT('',(16.015532739184,-33.6890920321,1.2));
#1455 = CARTESIAN_POINT('',(16.011206389702,-33.47448382678,1.2));
#1456 = CARTESIAN_POINT('',(16.007802043244,-33.25986462985,1.2));
#1457 = CARTESIAN_POINT('',(16.005205514545,-33.04523720156,1.2));
#1458 = CARTESIAN_POINT('',(16.003311328745,-32.83060155735,1.2));
#1459 = CARTESIAN_POINT('',(16.001998114991,-32.61596010503,1.2));
#1460 = CARTESIAN_POINT('',(16.001133026744,-32.40131676651,1.2));
#1461 = CARTESIAN_POINT('',(16.000077339952,-31.97201898907,1.2));
#1462 = CARTESIAN_POINT('',(15.999873463576,-31.75736575902,1.2));
#1463 = CARTESIAN_POINT('',(15.999904293728,-31.54271146607,1.2));
#1464 = CARTESIAN_POINT('',(16.000088911149,-31.32805592327,1.2));
#1465 = CARTESIAN_POINT('',(16.000077585095,-31.11340010181,1.2));
#1466 = CARTESIAN_POINT('',(15.999846082389,-30.89874514197,1.2));
#1467 = CARTESIAN_POINT('',(15.999958261926,-30.68409112559,1.2));
#1468 = CARTESIAN_POINT('',(16.000507278369,-30.33284280643,1.2));
#1469 = CARTESIAN_POINT('',(16.00082989589,-30.19624817978,1.2));
#1470 = CARTESIAN_POINT('',(16.001292617256,-30.05965521219,1.2));
#1471 = CARTESIAN_POINT('',(16.001926434252,-29.92306421754,1.2));
#1472 = CARTESIAN_POINT('',(16.002762338661,-29.7864755097,1.2));
#1473 = CARTESIAN_POINT('',(16.00383132227,-29.64988940254,1.2));
#1474 = CARTESIAN_POINT('',(16.005164376862,-29.51330620995,1.2));
#1475 = CARTESIAN_POINT('',(16.009351018841,-29.1620960177,1.2));
#1476 = CARTESIAN_POINT('',(16.012642932596,-28.94747562714,1.2));
#1477 = CARTESIAN_POINT('',(16.016768938771,-28.73286250363,1.2));
#1478 = CARTESIAN_POINT('',(16.021859084591,-28.51826297898,1.2));
#1479 = CARTESIAN_POINT('',(16.028086697434,-28.30369320834,1.2));
#1480 = CARTESIAN_POINT('',(16.035617030043,-28.08916902847,1.2));
#1481 = CARTESIAN_POINT('',(16.044576995333,-27.87470052684,1.2));
#1482 = CARTESIAN_POINT('',(16.066647531413,-27.42641920114,1.2));
#1483 = CARTESIAN_POINT('',(16.080060209712,-27.19262513769,1.2));
#1484 = CARTESIAN_POINT('',(16.095561838875,-26.95894064234,1.2));
#1485 = CARTESIAN_POINT('',(16.113396665479,-26.72545300663,1.2));
#1486 = CARTESIAN_POINT('',(16.133694450616,-26.49210879356,1.2));
#1487 = CARTESIAN_POINT('',(16.15672825989,-26.25904567061,1.2));
#1488 = CARTESIAN_POINT('',(16.182689730193,-26.02629728981,1.2));
#1489 = CARTESIAN_POINT('',(16.233625726429,-25.61966797764,1.2));
#1490 = CARTESIAN_POINT('',(16.257223942809,-25.44561727767,1.2));
#1491 = CARTESIAN_POINT('',(16.282680406689,-25.27182178078,1.2));
#1492 = CARTESIAN_POINT('',(16.310085334639,-25.09831762567,1.2));
#1493 = CARTESIAN_POINT('',(16.339528415478,-24.92514397685,1.2));
#1494 = CARTESIAN_POINT('',(16.371097973461,-24.75234480275,1.2));
#1495 = CARTESIAN_POINT('',(16.404880131463,-24.57997065379,1.2));
#1496 = CARTESIAN_POINT('',(16.469018268151,-24.27438924492,1.2));
#1497 = CARTESIAN_POINT('',(16.498468902733,-24.14098681809,1.2));
#1498 = CARTESIAN_POINT('',(16.529348807885,-24.00790098296,1.2));
#1499 = CARTESIAN_POINT('',(16.561695869924,-23.87516054945,1.2));
#1500 = CARTESIAN_POINT('',(16.595546931516,-23.74279531436,1.2));
#1501 = CARTESIAN_POINT('',(16.630937791674,-23.61083606137,1.2));
#1502 = CARTESIAN_POINT('',(16.667903205756,-23.47931456103,1.2));
#1503 = CARTESIAN_POINT('',(16.767092357406,-23.14232735517,1.2));
#1504 = CARTESIAN_POINT('',(16.831669076821,-22.93755579752,1.2));
#1505 = CARTESIAN_POINT('',(16.90034724696,-22.7340904311,1.2));
#1506 = CARTESIAN_POINT('',(16.973220525447,-22.5320620755,1.2));
#1507 = CARTESIAN_POINT('',(17.050387742104,-22.33162877669,1.2));
#1508 = CARTESIAN_POINT('',(17.13193605338,-22.13295370412,1.2));
#1509 = CARTESIAN_POINT('',(17.21791383152,-21.93618377381,1.2));
#1510 = CARTESIAN_POINT('',(17.407010725217,-21.5290968009,1.2));
#1511 = CARTESIAN_POINT('',(17.510994356632,-21.31916768181,1.2));
#1512 = CARTESIAN_POINT('',(17.620313098274,-21.11191372132,1.2));
#1513 = CARTESIAN_POINT('',(17.735011372879,-20.90754698608,1.2));
#1514 = CARTESIAN_POINT('',(17.85505636404,-20.70626851066,1.2));
#1515 = CARTESIAN_POINT('',(17.980375974853,-20.50826701687,1.2));
#1516 = CARTESIAN_POINT('',(18.110906672003,-20.3137192293,1.2));
#1517 = CARTESIAN_POINT('',(18.325615469596,-20.01140304616,1.2));
#1518 = CARTESIAN_POINT('',(18.406449854063,-19.90125146378,1.2));
#1519 = CARTESIAN_POINT('',(18.488990742238,-19.79235938309,1.2));
#1520 = CARTESIAN_POINT('',(18.573211297573,-19.6847552172,1.2));
#1521 = CARTESIAN_POINT('',(18.659082355656,-19.57846453886,1.2));
#1522 = CARTESIAN_POINT('',(18.746572424214,-19.47351008054,1.2));
#1523 = CARTESIAN_POINT('',(18.83564768311,-19.36991173436,1.2));
#1524 = CARTESIAN_POINT('',(19.055734437984,-19.12165151815,1.2));
#1525 = CARTESIAN_POINT('',(19.18836099267,-18.97842231668,1.2));
#1526 = CARTESIAN_POINT('',(19.324044347314,-18.83804483542,1.2));
#1527 = CARTESIAN_POINT('',(19.462673811738,-18.7005602791,1.2));
#1528 = CARTESIAN_POINT('',(19.604133792266,-18.56599638062,1.2));
#1529 = CARTESIAN_POINT('',(19.748304313755,-18.43436523711,1.2));
#1530 = CARTESIAN_POINT('',(19.895063578088,-18.30566777098,1.2));
#1531 = CARTESIAN_POINT('',(20.20844406555,-18.04156587971,1.2));
#1532 = CARTESIAN_POINT('',(20.375584294689,-17.90676982428,1.2));
#1533 = CARTESIAN_POINT('',(20.545549601878,-17.77551940868,1.2));
#1534 = CARTESIAN_POINT('',(20.718189453275,-17.64778103364,1.2));
#1535 = CARTESIAN_POINT('',(20.893344008395,-17.52352426674,1.2));
#1536 = CARTESIAN_POINT('',(21.070859763282,-17.4027106817,1.2));
#1537 = CARTESIAN_POINT('',(21.250603143792,-17.28527924067,1.2));
#1538 = CARTESIAN_POINT('',(21.614259781898,-17.05707225224,1.2));
#1539 = CARTESIAN_POINT('',(21.798171806454,-16.94629828012,1.2));
#1540 = CARTESIAN_POINT('',(21.984043372894,-16.83878762976,1.2));
#1541 = CARTESIAN_POINT('',(22.171728696458,-16.7344828738,1.2));
#1542 = CARTESIAN_POINT('',(22.361115919999,-16.63331238519,1.2));
#1543 = CARTESIAN_POINT('',(22.55210031393,-16.5351993683,1.2));
#1544 = CARTESIAN_POINT('',(22.744558080683,-16.44007375851,1.2));
#1545 = CARTESIAN_POINT('',(23.132247785499,-16.25564284125,1.2));
#1546 = CARTESIAN_POINT('',(23.32747871518,-16.16633905119,1.2));
#1547 = CARTESIAN_POINT('',(23.523984919583,-16.07986621487,1.2));
#1548 = CARTESIAN_POINT('',(23.721696181485,-15.99615643855,1.2));
#1549 = CARTESIAN_POINT('',(23.920518223199,-15.91512810969,1.2));
#1550 = CARTESIAN_POINT('',(24.120361832223,-15.83670077891,1.2));
#1551 = CARTESIAN_POINT('',(24.321174075671,-15.76080915292,1.2));
#1552 = CARTESIAN_POINT('',(24.651237659322,-15.64064260272,1.2));
#1553 = CARTESIAN_POINT('',(24.77995682193,-15.59490631971,1.2));
#1554 = CARTESIAN_POINT('',(24.909020990994,-15.55014635949,1.2));
#1555 = CARTESIAN_POINT('',(25.038414504836,-15.50634412934,1.2));
#1556 = CARTESIAN_POINT('',(25.168122149442,-15.46348126925,1.2));
#1557 = CARTESIAN_POINT('',(25.298129158466,-15.42153965195,1.2));
#1558 = CARTESIAN_POINT('',(25.428421213227,-15.38050138291,1.2));
#1559 = CARTESIAN_POINT('',(25.78280817454,-15.27151547785,1.2));
#1560 = CARTESIAN_POINT('',(26.007430262071,-15.20528421775,1.2));
#1561 = CARTESIAN_POINT('',(26.232799705375,-15.14158184407,1.2));
#1562 = CARTESIAN_POINT('',(26.458812337014,-15.08027331384,1.2));
#1563 = CARTESIAN_POINT('',(26.685483488892,-15.02135583453,1.2));
#1564 = CARTESIAN_POINT('',(26.912702266799,-14.96467717647,1.2));
#1565 = CARTESIAN_POINT('',(27.140452964695,-14.91019641321,1.2));
#1566 = CARTESIAN_POINT('',(27.539866105281,-14.81855848332,1.2));
#1567 = CARTESIAN_POINT('',(27.71131655763,-14.7804760989,1.2));
#1568 = CARTESIAN_POINT('',(27.883022082106,-14.74355183079,1.2));
#1569 = CARTESIAN_POINT('',(28.054966619677,-14.70775540745,1.2));
#1570 = CARTESIAN_POINT('',(28.227135788887,-14.67305821118,1.2));
#1571 = CARTESIAN_POINT('',(28.399516188392,-14.63943233184,1.2));
#1572 = CARTESIAN_POINT('',(28.572094699503,-14.60684962056,1.2));
#1573 = CARTESIAN_POINT('',(28.879228670603,-14.55072724735,1.2));
#1574 = CARTESIAN_POINT('',(29.01371171074,-14.52678797493,1.2));
#1575 = CARTESIAN_POINT('',(29.148301360636,-14.50345023443,1.2));
#1576 = CARTESIAN_POINT('',(29.282992258873,-14.48070154627,1.2));
#1577 = CARTESIAN_POINT('',(29.417779231111,-14.45852964314,1.2));
#1578 = CARTESIAN_POINT('',(29.552657290085,-14.43692246995,1.2));
#1579 = CARTESIAN_POINT('',(29.687621635609,-14.41586818388,1.2));
#1580 = CARTESIAN_POINT('',(30.034883014611,-14.36312036518,1.2));
#1581 = CARTESIAN_POINT('',(30.247301371599,-14.33222220489,1.2));
#1582 = CARTESIAN_POINT('',(30.459908414883,-14.30262184025,1.2));
#1583 = CARTESIAN_POINT('',(30.672684024931,-14.27426690779,1.2));
#1584 = CARTESIAN_POINT('',(30.88561494319,-14.247117923,1.2));
#1585 = CARTESIAN_POINT('',(31.098691248883,-14.22114052409,1.2));
#1586 = CARTESIAN_POINT('',(31.31190017312,-14.19629254452,1.2));
#1587 = CARTESIAN_POINT('',(31.757954417834,-14.14661756063,1.2));
#1588 = CARTESIAN_POINT('',(31.990822081643,-14.12199778882,1.2));
#1589 = CARTESIAN_POINT('',(32.223819110732,-14.09862463059,1.2));
#1590 = CARTESIAN_POINT('',(32.456936784332,-14.07645982751,1.2));
#1591 = CARTESIAN_POINT('',(32.690160615703,-14.05545025657,1.2));
#1592 = CARTESIAN_POINT('',(32.92347749873,-14.03554506869,1.2));
#1593 = CARTESIAN_POINT('',(33.156882413701,-14.0167115494,1.2));
#1594 = CARTESIAN_POINT('',(33.584934847004,-13.98406383468,1.2));
#1595 = CARTESIAN_POINT('',(33.779558788044,-13.9699370171,1.2));
#1596 = CARTESIAN_POINT('',(33.974231736388,-13.9564973706,1.2));
#1597 = CARTESIAN_POINT('',(34.16894899936,-13.94372072328,1.2));
#1598 = CARTESIAN_POINT('',(34.363706696787,-13.93158445407,1.2));
#1599 = CARTESIAN_POINT('',(34.55850156621,-13.92006689551,1.2));
#1600 = CARTESIAN_POINT('',(34.753330553164,-13.90914631037,1.2));
#1601 = CARTESIAN_POINT('',(35.240478880146,-13.88327918012,1.2));
#1602 = CARTESIAN_POINT('',(35.532835998235,-13.86905033232,1.2));
#1603 = CARTESIAN_POINT('',(35.825249453604,-13.85603596633,1.2));
#1604 = CARTESIAN_POINT('',(36.117712327346,-13.84416657439,1.2));
#1605 = CARTESIAN_POINT('',(36.410219790116,-13.83338963117,1.2));
#1606 = CARTESIAN_POINT('',(36.702757576545,-13.82360527398,1.2));
#1607 = CARTESIAN_POINT('',(36.995324754605,-13.81476874118,1.2));
#1608 = CARTESIAN_POINT('',(37.580506919549,-13.79885814056,1.2));
#1609 = CARTESIAN_POINT('',(37.873121538972,-13.79178369579,1.2));
#1610 = CARTESIAN_POINT('',(38.165756691408,-13.78553105577,1.2));
#1611 = CARTESIAN_POINT('',(38.45840556187,-13.7800298653,1.2));
#1612 = CARTESIAN_POINT('',(38.751065417796,-13.77522087878,1.2));
#1613 = CARTESIAN_POINT('',(39.043735323086,-13.77104910256,1.2));
#1614 = CARTESIAN_POINT('',(39.336412374956,-13.76745273329,1.2));
#1615 = CARTESIAN_POINT('',(39.9022643828,-13.76149852903,1.2));
#1616 = CARTESIAN_POINT('',(40.175438394336,-13.7590724956,1.2));
#1617 = CARTESIAN_POINT('',(40.448616497609,-13.75705933355,1.2));
#1618 = CARTESIAN_POINT('',(40.721793831017,-13.75536697397,1.2));
#1619 = CARTESIAN_POINT('',(40.994974819644,-13.75401990788,1.2));
#1620 = CARTESIAN_POINT('',(41.268155860925,-13.7529382925,1.2));
#1621 = CARTESIAN_POINT('',(41.54133810946,-13.7521026343,1.2));
#1622 = CARTESIAN_POINT('',(41.951112442673,-13.75115401912,1.2));
#1623 = CARTESIAN_POINT('',(42.087704053876,-13.75088877746,1.2));
#1624 = CARTESIAN_POINT('',(42.224295870781,-13.75066976953,1.2));
#1625 = CARTESIAN_POINT('',(42.360887874687,-13.75049226579,1.2));
#1626 = CARTESIAN_POINT('',(42.497480046893,-13.75035153672,1.2));
#1627 = CARTESIAN_POINT('',(42.634072368701,-13.75024285278,1.2));
#1628 = CARTESIAN_POINT('',(42.770664821409,-13.75016148444,1.2));
#1629 = CARTESIAN_POINT('',(43.06336332854,-13.75003552236,1.2));
#1630 = CARTESIAN_POINT('',(43.219469347946,-13.7499990854,1.2));
#1631 = CARTESIAN_POINT('',(43.375575428663,-13.74998453726,1.2));
#1632 = CARTESIAN_POINT('',(43.531681555357,-13.74998398427,1.2));
#1633 = CARTESIAN_POINT('',(43.687787713238,-13.74999049312,1.2));
#1634 = CARTESIAN_POINT('',(43.843893888058,-13.74999809085,1.2));
#1635 = CARTESIAN_POINT('',(44.000000066107,-13.75000176487,1.2));
#1636 = CARTESIAN_POINT('',(44.507344334314,-13.74998778363,1.2));
#1637 = CARTESIAN_POINT('',(44.85858229424,-13.749966617,1.2));
#1638 = CARTESIAN_POINT('',(45.209820081672,-13.75001437847,1.2));
#1639 = CARTESIAN_POINT('',(45.561057553813,-13.7502114839,1.2));
#1640 = CARTESIAN_POINT('',(45.912294457396,-13.75063834956,1.2));
#1641 = CARTESIAN_POINT('',(46.263530428683,-13.75137539215,1.2));
#1642 = CARTESIAN_POINT('',(46.614764993465,-13.75250302879,1.2));
#1643 = CARTESIAN_POINT('',(47.10258765447,-13.75472337194,1.2));
#1644 = CARTESIAN_POINT('',(47.239177357438,-13.75541668497,1.2));
#1645 = CARTESIAN_POINT('',(47.375766760405,-13.7561857249,1.2));
#1646 = CARTESIAN_POINT('',(47.512355889122,-13.75703497927,1.2));
#1647 = CARTESIAN_POINT('',(47.648944710645,-13.75796931442,1.2));
#1648 = CARTESIAN_POINT('',(47.785533133339,-13.75899397548,1.2));
#1649 = CARTESIAN_POINT('',(47.922121006877,-13.76011458633,1.2));
#1650 = CARTESIAN_POINT('',(48.468469907292,-13.7650048436,1.2));
#1651 = CARTESIAN_POINT('',(48.878223166352,-13.76959316814,1.2));
#1652 = CARTESIAN_POINT('',(49.287966791368,-13.77525558616,1.2));
#1653 = CARTESIAN_POINT('',(49.697683641402,-13.78218867541,1.2));
#1654 = CARTESIAN_POINT('',(50.107391046095,-13.79048568883,1.2));
#1655 = CARTESIAN_POINT('',(50.517053716815,-13.80038760152,1.2));
#1656 = CARTESIAN_POINT('',(50.926670602617,-13.81203421699,1.2));
#1657 = CARTESIAN_POINT('',(51.589758965323,-13.83400863453,1.2));
#1658 = CARTESIAN_POINT('',(51.843268837242,-13.84314856774,1.2));
#1659 = CARTESIAN_POINT('',(52.096750955681,-13.85306916352,1.2));
#1660 = CARTESIAN_POINT('',(52.350198704078,-13.86382052642,1.2));
#1661 = CARTESIAN_POINT('',(52.603608164842,-13.87544457913,1.2));
#1662 = CARTESIAN_POINT('',(52.856975105612,-13.88798308869,1.2));
#1663 = CARTESIAN_POINT('',(53.110291427483,-13.90148731368,1.2));
#1664 = CARTESIAN_POINT('',(53.558363385168,-13.92717654173,1.2));
#1665 = CARTESIAN_POINT('',(53.753142639155,-13.93894645292,1.2));
#1666 = CARTESIAN_POINT('',(53.947883664462,-13.95134035496,1.2));
#1667 = CARTESIAN_POINT('',(54.142583666241,-13.96437886208,1.2));
#1668 = CARTESIAN_POINT('',(54.337238894059,-13.97808429716,1.2));
#1669 = CARTESIAN_POINT('',(54.531844171446,-13.99248199534,1.2));
#1670 = CARTESIAN_POINT('',(54.726393567368,-14.00759849977,1.2));
#1671 = CARTESIAN_POINT('',(55.057024537385,-14.03455737696,1.2));
#1672 = CARTESIAN_POINT('',(55.193137261979,-14.04602158783,1.2));
#1673 = CARTESIAN_POINT('',(55.3292186108,-14.05785770253,1.2));
#1674 = CARTESIAN_POINT('',(55.465266653723,-14.07007438572,1.2));
#1675 = CARTESIAN_POINT('',(55.601279303113,-14.08268054635,1.2));
#1676 = CARTESIAN_POINT('',(55.737254313827,-14.09568533759,1.2));
#1677 = CARTESIAN_POINT('',(55.873189283214,-14.10909815689,1.2));
#1678 = CARTESIAN_POINT('',(56.222626513304,-14.14466224233,1.2));
#1679 = CARTESIAN_POINT('',(56.436066770721,-14.1674272166,1.2));
#1680 = CARTESIAN_POINT('',(56.649393960208,-14.19125677607,1.2));
#1681 = CARTESIAN_POINT('',(56.862597075055,-14.2161887657,1.2));
#1682 = CARTESIAN_POINT('',(57.075662378276,-14.24226650074,1.2));
#1683 = CARTESIAN_POINT('',(57.288577657166,-14.26952961457,1.2));
#1684 = CARTESIAN_POINT('',(57.501333214578,-14.29801162026,1.2));
#1685 = CARTESIAN_POINT('',(57.945815496014,-14.36021456989,1.2));
#1686 = CARTESIAN_POINT('',(58.177508620885,-14.39417469558,1.2));
#1687 = CARTESIAN_POINT('',(58.408968706266,-14.42970192709,1.2));
#1688 = CARTESIAN_POINT('',(58.640180611314,-14.46684426947,1.2));
#1689 = CARTESIAN_POINT('',(58.871122117726,-14.50565643136,1.2));
#1690 = CARTESIAN_POINT('',(59.101754117045,-14.54622544721,1.2));
#1691 = CARTESIAN_POINT('',(59.33206333958,-14.588588463,1.2));
#1692 = CARTESIAN_POINT('',(59.696150066232,-14.65862646031,1.2));
#1693 = CARTESIAN_POINT('',(59.830164377952,-14.68506676174,1.2));
#1694 = CARTESIAN_POINT('',(59.964049978309,-14.71215676497,1.2));
#1695 = CARTESIAN_POINT('',(60.097800663841,-14.73990977236,1.2));
#1696 = CARTESIAN_POINT('',(60.231409678297,-14.76833948526,1.2));
#1697 = CARTESIAN_POINT('',(60.364869712637,-14.79746000403,1.2));
#1698 = CARTESIAN_POINT('',(60.498172905035,-14.82728582804,1.2));
#1699 = CARTESIAN_POINT('',(60.745429123839,-14.88401417705,1.2));
#1700 = CARTESIAN_POINT('',(60.859425750898,-14.91072591125,1.2));
#1701 = CARTESIAN_POINT('',(60.973295916983,-14.93797594689,1.2));
#1702 = CARTESIAN_POINT('',(61.087034422998,-14.96577349831,1.2));
#1703 = CARTESIAN_POINT('',(61.20063567582,-14.99412810551,1.2));
#1704 = CARTESIAN_POINT('',(61.314093688301,-15.0230496342,1.2));
#1705 = CARTESIAN_POINT('',(61.427402079261,-15.05254827577,1.2));
#1706 = CARTESIAN_POINT('',(61.766859211033,-15.14280739588,1.2));
#1707 = CARTESIAN_POINT('',(61.99253714264,-15.20533132084,1.2));
#1708 = CARTESIAN_POINT('',(62.217546081562,-15.27027957855,1.2));
#1709 = CARTESIAN_POINT('',(62.441817523853,-15.33774348591,1.2));
#1710 = CARTESIAN_POINT('',(62.665284531736,-15.40782039762,1.2));
#1711 = CARTESIAN_POINT('',(62.887904352015,-15.48056979846,1.2));
#1712 = CARTESIAN_POINT('',(63.109572659207,-15.55611338436,1.2));
#1713 = CARTESIAN_POINT('',(63.495709604297,-15.6933467636,1.2));
#1714 = CARTESIAN_POINT('',(63.660623216281,-15.75377901179,1.2));
#1715 = CARTESIAN_POINT('',(63.824926362645,-15.81587001661,1.2));
#1716 = CARTESIAN_POINT('',(63.98858162724,-15.87966042654,1.2));
#1717 = CARTESIAN_POINT('',(64.151549622341,-15.94519087668,1.2));
#1718 = CARTESIAN_POINT('',(64.313788229687,-16.01250235814,1.2));
#1719 = CARTESIAN_POINT('',(64.475251841516,-16.08163658739,1.2));
#1720 = CARTESIAN_POINT('',(64.760832633039,-16.2078587752,1.2));
#1721 = CARTESIAN_POINT('',(64.885276553514,-16.26420908765,1.2));
#1722 = CARTESIAN_POINT('',(65.00919924579,-16.32170726132,1.2));
#1723 = CARTESIAN_POINT('',(65.132576506613,-16.38037301346,1.2));
#1724 = CARTESIAN_POINT('',(65.255383046704,-16.44022583026,1.2));
#1725 = CARTESIAN_POINT('',(65.377592490759,-16.50128496692,1.2));
#1726 = CARTESIAN_POINT('',(65.499177377451,-16.56356944758,1.2));
#1727 = CARTESIAN_POINT('',(65.792869160923,-16.71785339802,1.2));
#1728 = CARTESIAN_POINT('',(65.964294356743,-16.81114762898,1.2));
#1729 = CARTESIAN_POINT('',(66.134304534951,-16.9070362948,1.2));
#1730 = CARTESIAN_POINT('',(66.302808094632,-17.00557121357,1.2));
#1731 = CARTESIAN_POINT('',(66.469708668791,-17.1068022132,1.2));
#1732 = CARTESIAN_POINT('',(66.634907664053,-17.21077691052,1.2));
#1733 = CARTESIAN_POINT('',(66.798302717181,-17.31753854124,1.2));
#1734 = CARTESIAN_POINT('',(67.137410035907,-17.54766393258,1.2));
#1735 = CARTESIAN_POINT('',(67.312720869751,-17.67162561629,1.2));
#1736 = CARTESIAN_POINT('',(67.485572521294,-17.79904085102,1.2));
#1737 = CARTESIAN_POINT('',(67.655806108966,-17.929971812,1.2));
#1738 = CARTESIAN_POINT('',(67.823270752103,-18.06443673655,1.2));
#1739 = CARTESIAN_POINT('',(67.987810445209,-18.20244240183,1.2));
#1740 = CARTESIAN_POINT('',(68.149254261096,-18.3440155474,1.2));
#1741 = CARTESIAN_POINT('',(68.422503534291,-18.59466362004,1.2));
#1742 = CARTESIAN_POINT('',(68.535838767683,-18.70207375736,1.2));
#1743 = CARTESIAN_POINT('',(68.647393683094,-18.81135351363,1.2));
#1744 = CARTESIAN_POINT('',(68.75710731923,-18.92249352449,1.2));
#1745 = CARTESIAN_POINT('',(68.864920941934,-19.03547951473,1.2));
#1746 = CARTESIAN_POINT('',(68.970778044196,-19.15029229829,1.2));
#1747 = CARTESIAN_POINT('',(69.074624346145,-19.26690777827,1.2));
#1748 = CARTESIAN_POINT('',(69.265467978585,-19.48888708066,1.2));
#1749 = CARTESIAN_POINT('',(69.352948971051,-19.59383594872,1.2));
#1750 = CARTESIAN_POINT('',(69.438815778485,-19.70012366451,1.2));
#1751 = CARTESIAN_POINT('',(69.523036090909,-19.80772780519,1.2));
#1752 = CARTESIAN_POINT('',(69.605580282327,-19.9166234117,1.2));
#1753 = CARTESIAN_POINT('',(69.686421410731,-20.02678298869,1.2));
#1754 = CARTESIAN_POINT('',(69.765535218096,-20.13817650457,1.2));
#1755 = CARTESIAN_POINT('',(69.97552515837,-20.44379041769,1.2));
#1756 = CARTESIAN_POINT('',(70.103032445477,-20.64033477151,1.2));
#1757 = CARTESIAN_POINT('',(70.225225943302,-20.84026836845,1.2));
#1758 = CARTESIAN_POINT('',(70.342242894479,-21.04334592671,1.2));
#1759 = CARTESIAN_POINT('',(70.453726711547,-21.24944952735,1.2));
#1760 = CARTESIAN_POINT('',(70.559975764278,-21.45831478792,1.2));
#1761 = CARTESIAN_POINT('',(70.660821877023,-21.66975695288,1.2));
#1762 = CARTESIAN_POINT('',(70.828067461385,-22.04391225555,1.2));
#1763 = CARTESIAN_POINT('',(70.89677215178,-22.20559311309,1.2));
#1764 = CARTESIAN_POINT('',(70.962526216899,-22.36851518298,1.2));
#1765 = CARTESIAN_POINT('',(71.025362825386,-22.53259164009,1.2));
#1766 = CARTESIAN_POINT('',(71.085325108365,-22.69773665037,1.2));
#1767 = CARTESIAN_POINT('',(71.142464711044,-22.86386669693,1.2));
#1768 = CARTESIAN_POINT('',(71.196840344328,-23.03090190606,1.2));
#1769 = CARTESIAN_POINT('',(71.288709262315,-23.32933098724,1.2));
#1770 = CARTESIAN_POINT('',(71.327268425541,-23.46039561149,1.2));
#1771 = CARTESIAN_POINT('',(71.364225053424,-23.59192672954,1.2));
#1772 = CARTESIAN_POINT('',(71.399611936395,-23.72389109072,1.2));
#1773 = CARTESIAN_POINT('',(71.433463427983,-23.85625671021,1.2));
#1774 = CARTESIAN_POINT('',(71.46581544482,-23.98899286899,1.2));
#1775 = CARTESIAN_POINT('',(71.496705466639,-24.12207011388,1.2));
#1776 = CARTESIAN_POINT('',(71.568268092332,-24.44601643901,1.2));
#1777 = CARTESIAN_POINT('',(71.607458165259,-24.63721186987,1.2));
#1778 = CARTESIAN_POINT('',(71.643861002289,-24.82897419339,1.2));
#1779 = CARTESIAN_POINT('',(71.677590523313,-25.02122553094,1.2));
#1780 = CARTESIAN_POINT('',(71.708764728546,-25.21389828749,1.2));
#1781 = CARTESIAN_POINT('',(71.737508074229,-25.40693965779,1.2));
#1782 = CARTESIAN_POINT('',(71.763947816353,-25.60030483299,1.2));
#1783 = CARTESIAN_POINT('',(71.814886155521,-26.00693380756,1.2));
#1784 = CARTESIAN_POINT('',(71.838927114236,-26.22025493958,1.2));
#1785 = CARTESIAN_POINT('',(71.860488141362,-26.43385434982,1.2));
#1786 = CARTESIAN_POINT('',(71.879733803724,-26.64767620536,1.2));
#1787 = CARTESIAN_POINT('',(71.896827395495,-26.86167162474,1.2));
#1788 = CARTESIAN_POINT('',(71.911929923541,-27.0758076731,1.2));
#1789 = CARTESIAN_POINT('',(71.925201775369,-27.29006341533,1.2));
#1790 = CARTESIAN_POINT('',(71.949464856896,-27.73823362854,1.2));
#1791 = CARTESIAN_POINT('',(71.960136472339,-27.97215479786,1.2));
#1792 = CARTESIAN_POINT('',(71.969055493531,-28.2061303692,1.2));
#1793 = CARTESIAN_POINT('',(71.976318845795,-28.44019469343,1.2));
#1794 = CARTESIAN_POINT('',(71.982199803434,-28.6742881535,1.2));
#1795 = CARTESIAN_POINT('',(71.986801926478,-28.90844105752,1.2));
#1796 = CARTESIAN_POINT('',(71.99034457706,-29.14262216523,1.2));
#1797 = CARTESIAN_POINT('',(71.995666031378,-29.61102122209,1.2));
#1798 = CARTESIAN_POINT('',(71.997445657812,-29.84523631252,1.2));
#1799 = CARTESIAN_POINT('',(71.998529539259,-30.07945207076,1.2));
#1800 = CARTESIAN_POINT('',(71.999103025099,-30.31365304312,1.2));
#1801 = CARTESIAN_POINT('',(71.999351464713,-30.54782377592,1.2));
#1802 = CARTESIAN_POINT('',(71.999460207481,-30.78194881546,1.2));
#1803 = CARTESIAN_POINT('',(71.999614602783,-31.01601270805,1.2));
#1804 = CARTESIAN_POINT('',(72.,-31.25,1.2));
#1805 = PCURVE('',#209,#1806);
#1806 = DEFINITIONAL_REPRESENTATION('',(#1807),#2489);
#1807 = B_SPLINE_CURVE_WITH_KNOTS('',8,(#1808,#1809,#1810,#1811,#1812,
    #1813,#1814,#1815,#1816,#1817,#1818,#1819,#1820,#1821,#1822,#1823,
    #1824,#1825,#1826,#1827,#1828,#1829,#1830,#1831,#1832,#1833,#1834,
    #1835,#1836,#1837,#1838,#1839,#1840,#1841,#1842,#1843,#1844,#1845,
    #1846,#1847,#1848,#1849,#1850,#1851,#1852,#1853,#1854,#1855,#1856,
    #1857,#1858,#1859,#1860,#1861,#1862,#1863,#1864,#1865,#1866,#1867,
    #1868,#1869,#1870,#1871,#1872,#1873,#1874,#1875,#1876,#1877,#1878,
    #1879,#1880,#1881,#1882,#1883,#1884,#1885,#1886,#1887,#1888,#1889,
    #1890,#1891,#1892,#1893,#1894,#1895,#1896,#1897,#1898,#1899,#1900,
    #1901,#1902,#1903,#1904,#1905,#1906,#1907,#1908,#1909,#1910,#1911,
    #1912,#1913,#1914,#1915,#1916,#1917,#1918,#1919,#1920,#1921,#1922,
    #1923,#1924,#1925,#1926,#1927,#1928,#1929,#1930,#1931,#1932,#1933,
    #1934,#1935,#1936,#1937,#1938,#1939,#1940,#1941,#1942,#1943,#1944,
    #1945,#1946,#1947,#1948,#1949,#1950,#1951,#1952,#1953,#1954,#1955,
    #1956,#1957,#1958,#1959,#1960,#1961,#1962,#1963,#1964,#1965,#1966,
    #1967,#1968,#1969,#1970,#1971,#1972,#1973,#1974,#1975,#1976,#1977,
    #1978,#1979,#1980,#1981,#1982,#1983,#1984,#1985,#1986,#1987,#1988,
    #1989,#1990,#1991,#1992,#1993,#1994,#1995,#1996,#1997,#1998,#1999,
    #2000,#2001,#2002,#2003,#2004,#2005,#2006,#2007,#2008,#2009,#2010,
    #2011,#2012,#2013,#2014,#2015,#2016,#2017,#2018,#2019,#2020,#2021,
    #2022,#2023,#2024,#2025,#2026,#2027,#2028,#2029,#2030,#2031,#2032,
    #2033,#2034,#2035,#2036,#2037,#2038,#2039,#2040,#2041,#2042,#2043,
    #2044,#2045,#2046,#2047,#2048,#2049,#2050,#2051,#2052,#2053,#2054,
    #2055,#2056,#2057,#2058,#2059,#2060,#2061,#2062,#2063,#2064,#2065,
    #2066,#2067,#2068,#2069,#2070,#2071,#2072,#2073,#2074,#2075,#2076,
    #2077,#2078,#2079,#2080,#2081,#2082,#2083,#2084,#2085,#2086,#2087,
    #2088,#2089,#2090,#2091,#2092,#2093,#2094,#2095,#2096,#2097,#2098,
    #2099,#2100,#2101,#2102,#2103,#2104,#2105,#2106,#2107,#2108,#2109,
    #2110,#2111,#2112,#2113,#2114,#2115,#2116,#2117,#2118,#2119,#2120,
    #2121,#2122,#2123,#2124,#2125,#2126,#2127,#2128,#2129,#2130,#2131,
    #2132,#2133,#2134,#2135,#2136,#2137,#2138,#2139,#2140,#2141,#2142,
    #2143,#2144,#2145,#2146,#2147,#2148,#2149,#2150,#2151,#2152,#2153,
    #2154,#2155,#2156,#2157,#2158,#2159,#2160,#2161,#2162,#2163,#2164,
    #2165,#2166,#2167,#2168,#2169,#2170,#2171,#2172,#2173,#2174,#2175,
    #2176,#2177,#2178,#2179,#2180,#2181,#2182,#2183,#2184,#2185,#2186,
    #2187,#2188,#2189,#2190,#2191,#2192,#2193,#2194,#2195,#2196,#2197,
    #2198,#2199,#2200,#2201,#2202,#2203,#2204,#2205,#2206,#2207,#2208,
    #2209,#2210,#2211,#2212,#2213,#2214,#2215,#2216,#2217,#2218,#2219,
    #2220,#2221,#2222,#2223,#2224,#2225,#2226,#2227,#2228,#2229,#2230,
    #2231,#2232,#2233,#2234,#2235,#2236,#2237,#2238,#2239,#2240,#2241,
    #2242,#2243,#2244,#2245,#2246,#2247,#2248,#2249,#2250,#2251,#2252,
    #2253,#2254,#2255,#2256,#2257,#2258,#2259,#2260,#2261,#2262,#2263,
    #2264,#2265,#2266,#2267,#2268,#2269,#2270,#2271,#2272,#2273,#2274,
    #2275,#2276,#2277,#2278,#2279,#2280,#2281,#2282,#2283,#2284,#2285,
    #2286,#2287,#2288,#2289,#2290,#2291,#2292,#2293,#2294,#2295,#2296,
    #2297,#2298,#2299,#2300,#2301,#2302,#2303,#2304,#2305,#2306,#2307,
    #2308,#2309,#2310,#2311,#2312,#2313,#2314,#2315,#2316,#2317,#2318,
    #2319,#2320,#2321,#2322,#2323,#2324,#2325,#2326,#2327,#2328,#2329,
    #2330,#2331,#2332,#2333,#2334,#2335,#2336,#2337,#2338,#2339,#2340,
    #2341,#2342,#2343,#2344,#2345,#2346,#2347,#2348,#2349,#2350,#2351,
    #2352,#2353,#2354,#2355,#2356,#2357,#2358,#2359,#2360,#2361,#2362,
    #2363,#2364,#2365,#2366,#2367,#2368,#2369,#2370,#2371,#2372,#2373,
    #2374,#2375,#2376,#2377,#2378,#2379,#2380,#2381,#2382,#2383,#2384,
    #2385,#2386,#2387,#2388,#2389,#2390,#2391,#2392,#2393,#2394,#2395,
    #2396,#2397,#2398,#2399,#2400,#2401,#2402,#2403,#2404,#2405,#2406,
    #2407,#2408,#2409,#2410,#2411,#2412,#2413,#2414,#2415,#2416,#2417,
    #2418,#2419,#2420,#2421,#2422,#2423,#2424,#2425,#2426,#2427,#2428,
    #2429,#2430,#2431,#2432,#2433,#2434,#2435,#2436,#2437,#2438,#2439,
    #2440,#2441,#2442,#2443,#2444,#2445,#2446,#2447,#2448,#2449,#2450,
    #2451,#2452,#2453,#2454,#2455,#2456,#2457,#2458,#2459,#2460,#2461,
    #2462,#2463,#2464,#2465,#2466,#2467,#2468,#2469,#2470,#2471,#2472,
    #2473,#2474,#2475,#2476,#2477,#2478,#2479,#2480,#2481,#2482,#2483,
    #2484,#2485,#2486,#2487,#2488),.UNSPECIFIED.,.F.,.F.,(9,7,7,7,7,7,7,
    7,7,7,7,7,7,7,7,7,7,7,7,7,7,7,7,7,7,7,7,7,7,7,7,7,7,7,7,7,7,7,7,7,7,
    7,7,7,7,7,7,7,7,7,7,7,7,7,7,7,7,7,7,7,7,7,7,7,7,7,7,7,7,7,7,7,7,7,7,
    7,7,7,7,7,7,7,7,7,7,7,7,7,7,7,7,7,7,7,7,7,7,9),(0.,
    9.999867752926E-03,2.099971476972E-02,2.899950099026E-02,
    4.099935722053E-02,5.299932896113E-02,6.29993934552E-02,
    7.399947215595E-02,8.09995444323E-02,9.099958327634E-02,
    0.101999601031,0.112999561237,0.123999486452,0.130999437656,
    0.142999410447,0.151999379541,0.15899933416,0.169999272558,
    0.181999171225,0.191999101934,0.206998959178,0.221998790893,
    0.235998587363,0.24299848117,0.250998367687,0.268998072471,
    0.275997939325,0.296997562381,0.309997356215,0.319997210009,
    0.326997121966,0.337996968812,0.349996780597,0.356996683805,
    0.362996603587,0.374996504081,0.383996487685,0.390996518274,
    0.400996580089,0.411996690269,0.419996774889,0.426996822659,
    0.438996856058,0.447996967771,0.454997139563,0.464997323721,
    0.475997349808,0.482997259347,0.493996911082,0.504996788922,
    0.511996661145,0.522996694577,0.534996943936,0.543997249078,
    0.550997423959,0.56199764243,0.573997852699,0.580997993691,
    0.5909981307,0.601998256435,0.612998324621,0.623998357816,
    0.630998377735,0.642998468322,0.651998525764,0.658998549096,
    0.669998595474,0.681998611936,0.691998640808,0.706998645296,
    0.721998624254,0.73599855815,0.74299852067,0.750998485715,
    0.768998367188,0.775998302754,0.796998131948,0.80999805339,
    0.819998005345,0.826997986015,0.837997940837,0.849997870415,
    0.856997842335,0.862997821014,0.8749978393,0.88399791125,
    0.890998010553,0.90099817053,0.911998388689,0.919998551839,
    0.926998668323,0.938998819517,0.947999019584,0.954999260116,
    0.964999542512,0.975999719758,0.987999888547,1.),.UNSPECIFIED.);
#1808 = CARTESIAN_POINT('',(156.10492590607,-1.2));
#1809 = CARTESIAN_POINT('',(155.90979474869,-1.2));
#1810 = CARTESIAN_POINT('',(155.7146635913,-1.2));
#1811 = CARTESIAN_POINT('',(155.51953243392,-1.2));
#1812 = CARTESIAN_POINT('',(155.32440127654,-1.2));
#1813 = CARTESIAN_POINT('',(155.12927011916,-1.2));
#1814 = CARTESIAN_POINT('',(154.93413896177,-1.2));
#1815 = CARTESIAN_POINT('',(154.73900780439,-1.2));
#1816 = CARTESIAN_POINT('',(154.32923252046,-1.2));
#1817 = CARTESIAN_POINT('',(154.11458717584,-1.2));
#1818 = CARTESIAN_POINT('',(153.89994518319,-1.2));
#1819 = CARTESIAN_POINT('',(153.68529989496,-1.2));
#1820 = CARTESIAN_POINT('',(153.47065372641,-1.2));
#1821 = CARTESIAN_POINT('',(153.25601097472,-1.2));
#1822 = CARTESIAN_POINT('',(153.04136760887,-1.2));
#1823 = CARTESIAN_POINT('',(152.67061890121,-1.2));
#1824 = CARTESIAN_POINT('',(152.51451391617,-1.2));
#1825 = CARTESIAN_POINT('',(152.35840825266,-1.2));
#1826 = CARTESIAN_POINT('',(152.20230247349,-1.2));
#1827 = CARTESIAN_POINT('',(152.04619695858,-1.2));
#1828 = CARTESIAN_POINT('',(151.89009190493,-1.2));
#1829 = CARTESIAN_POINT('',(151.73398732661,-1.2));
#1830 = CARTESIAN_POINT('',(151.34372319513,-1.2));
#1831 = CARTESIAN_POINT('',(151.10956712418,-1.2));
#1832 = CARTESIAN_POINT('',(150.87542697951,-1.2));
#1833 = CARTESIAN_POINT('',(150.64122951535,-1.2));
#1834 = CARTESIAN_POINT('',(150.40710914067,-1.2));
#1835 = CARTESIAN_POINT('',(150.17293799823,-1.2));
#1836 = CARTESIAN_POINT('',(149.93878004497,-1.2));
#1837 = CARTESIAN_POINT('',(149.47046558889,-1.2));
#1838 = CARTESIAN_POINT('',(149.23631406235,-1.2));
#1839 = CARTESIAN_POINT('',(149.0021294672,-1.2));
#1840 = CARTESIAN_POINT('',(148.76800982437,-1.2));
#1841 = CARTESIAN_POINT('',(148.53382389478,-1.2));
#1842 = CARTESIAN_POINT('',(148.29967741934,-1.2));
#1843 = CARTESIAN_POINT('',(148.06552144355,-1.2));
#1844 = CARTESIAN_POINT('',(147.63623260629,-1.2));
#1845 = CARTESIAN_POINT('',(147.44110142196,-1.2));
#1846 = CARTESIAN_POINT('',(147.24596906488,-1.2));
#1847 = CARTESIAN_POINT('',(147.05083763049,-1.2));
#1848 = CARTESIAN_POINT('',(146.85570787379,-1.2));
#1849 = CARTESIAN_POINT('',(146.66057777738,-1.2));
#1850 = CARTESIAN_POINT('',(146.4654453383,-1.2));
#1851 = CARTESIAN_POINT('',(146.05567268187,-1.2));
#1852 = CARTESIAN_POINT('',(145.84102633786,-1.2));
#1853 = CARTESIAN_POINT('',(145.62638138244,-1.2));
#1854 = CARTESIAN_POINT('',(145.41173838531,-1.2));
#1855 = CARTESIAN_POINT('',(145.19709551254,-1.2));
#1856 = CARTESIAN_POINT('',(144.98245074799,-1.2));
#1857 = CARTESIAN_POINT('',(144.76780434564,-1.2));
#1858 = CARTESIAN_POINT('',(144.41656998356,-1.2));
#1859 = CARTESIAN_POINT('',(144.27997806559,-1.2));
#1860 = CARTESIAN_POINT('',(144.14338598252,-1.2));
#1861 = CARTESIAN_POINT('',(144.00679396257,-1.2));
#1862 = CARTESIAN_POINT('',(143.87020211479,-1.2));
#1863 = CARTESIAN_POINT('',(143.73361042909,-1.2));
#1864 = CARTESIAN_POINT('',(143.5970187762,-1.2));
#1865 = CARTESIAN_POINT('',(143.26529692372,-1.2));
#1866 = CARTESIAN_POINT('',(143.07016546325,-1.2));
#1867 = CARTESIAN_POINT('',(142.87503507242,-1.2));
#1868 = CARTESIAN_POINT('',(142.67990474555,-1.2));
#1869 = CARTESIAN_POINT('',(142.48477339065,-1.2));
#1870 = CARTESIAN_POINT('',(142.28964129235,-1.2));
#1871 = CARTESIAN_POINT('',(142.09450957257,-1.2));
#1872 = CARTESIAN_POINT('',(141.68473301957,-1.2));
#1873 = CARTESIAN_POINT('',(141.47009044886,-1.2));
#1874 = CARTESIAN_POINT('',(141.25544305493,-1.2));
#1875 = CARTESIAN_POINT('',(141.04080057773,-1.2));
#1876 = CARTESIAN_POINT('',(140.82615818945,-1.2));
#1877 = CARTESIAN_POINT('',(140.61151077927,-1.2));
#1878 = CARTESIAN_POINT('',(140.39686776238,-1.2));
#1879 = CARTESIAN_POINT('',(139.96758028788,-1.2));
#1880 = CARTESIAN_POINT('',(139.7529341197,-1.2));
#1881 = CARTESIAN_POINT('',(139.53829656527,-1.2));
#1882 = CARTESIAN_POINT('',(139.32364905328,-1.2));
#1883 = CARTESIAN_POINT('',(139.10900094587,-1.2));
#1884 = CARTESIAN_POINT('',(138.89436209236,-1.2));
#1885 = CARTESIAN_POINT('',(138.67971468537,-1.2));
#1886 = CARTESIAN_POINT('',(138.25042455479,-1.2));
#1887 = CARTESIAN_POINT('',(138.03578302989,-1.2));
#1888 = CARTESIAN_POINT('',(137.82113355328,-1.2));
#1889 = CARTESIAN_POINT('',(137.60649190079,-1.2));
#1890 = CARTESIAN_POINT('',(137.39185082196,-1.2));
#1891 = CARTESIAN_POINT('',(137.17720195993,-1.2));
#1892 = CARTESIAN_POINT('',(136.96255946134,-1.2));
#1893 = CARTESIAN_POINT('',(136.61132324692,-1.2));
#1894 = CARTESIAN_POINT('',(136.47473156286,-1.2));
#1895 = CARTESIAN_POINT('',(136.33813984727,-1.2));
#1896 = CARTESIAN_POINT('',(136.20154800039,-1.2));
#1897 = CARTESIAN_POINT('',(136.06495601694,-1.2));
#1898 = CARTESIAN_POINT('',(135.9283639862,-1.2));
#1899 = CARTESIAN_POINT('',(135.79177209192,-1.2));
#1900 = CARTESIAN_POINT('',(135.42102268898,-1.2));
#1901 = CARTESIAN_POINT('',(135.18686448998,-1.2));
#1902 = CARTESIAN_POINT('',(134.95271480496,-1.2));
#1903 = CARTESIAN_POINT('',(134.71854300096,-1.2));
#1904 = CARTESIAN_POINT('',(134.48439775357,-1.2));
#1905 = CARTESIAN_POINT('',(134.25023578032,-1.2));
#1906 = CARTESIAN_POINT('',(134.0160787618,-1.2));
#1907 = CARTESIAN_POINT('',(133.60630376112,-1.2));
#1908 = CARTESIAN_POINT('',(133.43068631678,-1.2));
#1909 = CARTESIAN_POINT('',(133.25506834442,-1.2));
#1910 = CARTESIAN_POINT('',(133.07944989916,-1.2));
#1911 = CARTESIAN_POINT('',(132.90383144934,-1.2));
#1912 = CARTESIAN_POINT('',(132.72821341051,-1.2));
#1913 = CARTESIAN_POINT('',(132.55259567949,-1.2));
#1914 = CARTESIAN_POINT('',(132.24038540951,-1.2));
#1915 = CARTESIAN_POINT('',(132.10379364163,-1.2));
#1916 = CARTESIAN_POINT('',(131.96720183045,-1.2));
#1917 = CARTESIAN_POINT('',(131.83060996688,-1.2));
#1918 = CARTESIAN_POINT('',(131.69401806698,-1.2));
#1919 = CARTESIAN_POINT('',(131.55742617194,-1.2));
#1920 = CARTESIAN_POINT('',(131.42083434812,-1.2));
#1921 = CARTESIAN_POINT('',(131.06959845857,-1.2));
#1922 = CARTESIAN_POINT('',(130.85495359417,-1.2));
#1923 = CARTESIAN_POINT('',(130.64031054893,-1.2));
#1924 = CARTESIAN_POINT('',(130.42566590371,-1.2));
#1925 = CARTESIAN_POINT('',(130.21102062936,-1.2));
#1926 = CARTESIAN_POINT('',(129.99637691919,-1.2));
#1927 = CARTESIAN_POINT('',(129.78173314624,-1.2));
#1928 = CARTESIAN_POINT('',(129.33293137439,-1.2));
#1929 = CARTESIAN_POINT('',(129.09877389982,-1.2));
#1930 = CARTESIAN_POINT('',(128.86461541349,-1.2));
#1931 = CARTESIAN_POINT('',(128.63045904374,-1.2));
#1932 = CARTESIAN_POINT('',(128.396302503,-1.2));
#1933 = CARTESIAN_POINT('',(128.16214381196,-1.2));
#1934 = CARTESIAN_POINT('',(127.92798657077,-1.2));
#1935 = CARTESIAN_POINT('',(127.49869811245,-1.2));
#1936 = CARTESIAN_POINT('',(127.30356715507,-1.2));
#1937 = CARTESIAN_POINT('',(127.10843606328,-1.2));
#1938 = CARTESIAN_POINT('',(126.91330476518,-1.2));
#1939 = CARTESIAN_POINT('',(126.71817344774,-1.2));
#1940 = CARTESIAN_POINT('',(126.52304234697,-1.2));
#1941 = CARTESIAN_POINT('',(126.3279114533,-1.2));
#1942 = CARTESIAN_POINT('',(125.8400839078,-1.2));
#1943 = CARTESIAN_POINT('',(125.54738770624,-1.2));
#1944 = CARTESIAN_POINT('',(125.25469012857,-1.2));
#1945 = CARTESIAN_POINT('',(124.96199266131,-1.2));
#1946 = CARTESIAN_POINT('',(124.66929849307,-1.2));
#1947 = CARTESIAN_POINT('',(124.37660051579,-1.2));
#1948 = CARTESIAN_POINT('',(124.08390340729,-1.2));
#1949 = CARTESIAN_POINT('',(123.4985095779,-1.2));
#1950 = CARTESIAN_POINT('',(123.20581288516,-1.2));
#1951 = CARTESIAN_POINT('',(122.91311747743,-1.2));
#1952 = CARTESIAN_POINT('',(122.62042058142,-1.2));
#1953 = CARTESIAN_POINT('',(122.32772285076,-1.2));
#1954 = CARTESIAN_POINT('',(122.03502602796,-1.2));
#1955 = CARTESIAN_POINT('',(121.74232923287,-1.2));
#1956 = CARTESIAN_POINT('',(121.17644950882,-1.2));
#1957 = CARTESIAN_POINT('',(120.90326657127,-1.2));
#1958 = CARTESIAN_POINT('',(120.6300841947,-1.2));
#1959 = CARTESIAN_POINT('',(120.35689887323,-1.2));
#1960 = CARTESIAN_POINT('',(120.08371547377,-1.2));
#1961 = CARTESIAN_POINT('',(119.81053108657,-1.2));
#1962 = CARTESIAN_POINT('',(119.53734718536,-1.2));
#1963 = CARTESIAN_POINT('',(119.12757158207,-1.2));
#1964 = CARTESIAN_POINT('',(118.9909797719,-1.2));
#1965 = CARTESIAN_POINT('',(118.85438796173,-1.2));
#1966 = CARTESIAN_POINT('',(118.71779615156,-1.2));
#1967 = CARTESIAN_POINT('',(118.5812043414,-1.2));
#1968 = CARTESIAN_POINT('',(118.44461253123,-1.2));
#1969 = CARTESIAN_POINT('',(118.30802072106,-1.2));
#1970 = CARTESIAN_POINT('',(118.01532383123,-1.2));
#1971 = CARTESIAN_POINT('',(117.85921882094,-1.2));
#1972 = CARTESIAN_POINT('',(117.70311386796,-1.2));
#1973 = CARTESIAN_POINT('',(117.54700895973,-1.2));
#1974 = CARTESIAN_POINT('',(117.39090408312,-1.2));
#1975 = CARTESIAN_POINT('',(117.23479922446,-1.2));
#1976 = CARTESIAN_POINT('',(117.07869436955,-1.2));
#1977 = CARTESIAN_POINT('',(116.5713543335,-1.2));
#1978 = CARTESIAN_POINT('',(116.22011919755,-1.2));
#1979 = CARTESIAN_POINT('',(115.86888381015,-1.2));
#1980 = CARTESIAN_POINT('',(115.51764799614,-1.2));
#1981 = CARTESIAN_POINT('',(115.16641169085,-1.2));
#1982 = CARTESIAN_POINT('',(114.81517494004,-1.2));
#1983 = CARTESIAN_POINT('',(114.46393789997,-1.2));
#1984 = CARTESIAN_POINT('',(113.97610900419,-1.2));
#1985 = CARTESIAN_POINT('',(113.8395171925,-1.2));
#1986 = CARTESIAN_POINT('',(113.70292539324,-1.2));
#1987 = CARTESIAN_POINT('',(113.56633359864,-1.2));
#1988 = CARTESIAN_POINT('',(113.42974180221,-1.2));
#1989 = CARTESIAN_POINT('',(113.29314999872,-1.2));
#1990 = CARTESIAN_POINT('',(113.15655818421,-1.2));
#1991 = CARTESIAN_POINT('',(112.61019043235,-1.2));
#1992 = CARTESIAN_POINT('',(112.20041500249,-1.2));
#1993 = CARTESIAN_POINT('',(111.79064166954,-1.2));
#1994 = CARTESIAN_POINT('',(111.38085893138,-1.2));
#1995 = CARTESIAN_POINT('',(110.97109069261,-1.2));
#1996 = CARTESIAN_POINT('',(110.56131344461,-1.2));
#1997 = CARTESIAN_POINT('',(110.15153800063,-1.2));
#1998 = CARTESIAN_POINT('',(109.48809208861,-1.2));
#1999 = CARTESIAN_POINT('',(109.23442167252,-1.2));
#2000 = CARTESIAN_POINT('',(108.98075173159,-1.2));
#2001 = CARTESIAN_POINT('',(108.72708058999,-1.2));
#2002 = CARTESIAN_POINT('',(108.47340924637,-1.2));
#2003 = CARTESIAN_POINT('',(108.21973909628,-1.2));
#2004 = CARTESIAN_POINT('',(107.96606914227,-1.2));
#2005 = CARTESIAN_POINT('',(107.51726765887,-1.2));
#2006 = CARTESIAN_POINT('',(107.32213671537,-1.2));
#2007 = CARTESIAN_POINT('',(107.12700535791,-1.2));
#2008 = CARTESIAN_POINT('',(106.93187407413,-1.2));
#2009 = CARTESIAN_POINT('',(106.73674312742,-1.2));
#2010 = CARTESIAN_POINT('',(106.5416121371,-1.2));
#2011 = CARTESIAN_POINT('',(106.34648063753,-1.2));
#2012 = CARTESIAN_POINT('',(106.01475762206,-1.2));
#2013 = CARTESIAN_POINT('',(105.87816566249,-1.2));
#2014 = CARTESIAN_POINT('',(105.7415737813,-1.2));
#2015 = CARTESIAN_POINT('',(105.60498199449,-1.2));
#2016 = CARTESIAN_POINT('',(105.46839029017,-1.2));
#2017 = CARTESIAN_POINT('',(105.33179862854,-1.2));
#2018 = CARTESIAN_POINT('',(105.19520694193,-1.2));
#2019 = CARTESIAN_POINT('',(104.84397115524,-1.2));
#2020 = CARTESIAN_POINT('',(104.62932630633,-1.2));
#2021 = CARTESIAN_POINT('',(104.41468196996,-1.2));
#2022 = CARTESIAN_POINT('',(104.20003844592,-1.2));
#2023 = CARTESIAN_POINT('',(103.98539411211,-1.2));
#2024 = CARTESIAN_POINT('',(103.77074891,-1.2));
#2025 = CARTESIAN_POINT('',(103.55610543978,-1.2));
#2026 = CARTESIAN_POINT('',(103.10730373683,-1.2));
#2027 = CARTESIAN_POINT('',(102.87314671351,-1.2));
#2028 = CARTESIAN_POINT('',(102.63898800189,-1.2));
#2029 = CARTESIAN_POINT('',(102.40483005223,-1.2));
#2030 = CARTESIAN_POINT('',(102.17067659247,-1.2));
#2031 = CARTESIAN_POINT('',(101.93651557161,-1.2));
#2032 = CARTESIAN_POINT('',(101.70235910282,-1.2));
#2033 = CARTESIAN_POINT('',(101.33160984802,-1.2));
#2034 = CARTESIAN_POINT('',(101.19501804635,-1.2));
#2035 = CARTESIAN_POINT('',(101.05842633425,-1.2));
#2036 = CARTESIAN_POINT('',(100.92183463676,-1.2));
#2037 = CARTESIAN_POINT('',(100.7852429036,-1.2));
#2038 = CARTESIAN_POINT('',(100.64865110917,-1.2));
#2039 = CARTESIAN_POINT('',(100.51205925257,-1.2));
#2040 = CARTESIAN_POINT('',(100.25838853688,-1.2));
#2041 = CARTESIAN_POINT('',(100.1413095569,-1.2));
#2042 = CARTESIAN_POINT('',(100.02423061681,-1.2));
#2043 = CARTESIAN_POINT('',(99.907151834595,-1.2));
#2044 = CARTESIAN_POINT('',(99.790073247017,-1.2));
#2045 = CARTESIAN_POINT('',(99.672994809678,-1.2));
#2046 = CARTESIAN_POINT('',(99.555916396987,-1.2));
#2047 = CARTESIAN_POINT('',(99.204679423589,-1.2));
#2048 = CARTESIAN_POINT('',(98.970520438428,-1.2));
#2049 = CARTESIAN_POINT('',(98.736365186548,-1.2));
#2050 = CARTESIAN_POINT('',(98.502209104822,-1.2));
#2051 = CARTESIAN_POINT('',(98.268044530354,-1.2));
#2052 = CARTESIAN_POINT('',(98.033894401861,-1.2));
#2053 = CARTESIAN_POINT('',(97.799735649631,-1.2));
#2054 = CARTESIAN_POINT('',(97.389959836208,-1.2));
#2055 = CARTESIAN_POINT('',(97.214342056568,-1.2));
#2056 = CARTESIAN_POINT('',(97.038723965659,-1.2));
#2057 = CARTESIAN_POINT('',(96.86310545284,-1.2));
#2058 = CARTESIAN_POINT('',(96.687487053648,-1.2));
#2059 = CARTESIAN_POINT('',(96.511869319908,-1.2));
#2060 = CARTESIAN_POINT('',(96.336252189834,-1.2));
#2061 = CARTESIAN_POINT('',(96.024041865528,-1.2));
#2062 = CARTESIAN_POINT('',(95.887449838343,-1.2));
#2063 = CARTESIAN_POINT('',(95.750858032595,-1.2));
#2064 = CARTESIAN_POINT('',(95.614266291311,-1.2));
#2065 = CARTESIAN_POINT('',(95.477674544528,-1.2));
#2066 = CARTESIAN_POINT('',(95.341082809302,-1.2));
#2067 = CARTESIAN_POINT('',(95.204491189697,-1.2));
#2068 = CARTESIAN_POINT('',(94.87276907631,-1.2));
#2069 = CARTESIAN_POINT('',(94.677636867535,-1.2));
#2070 = CARTESIAN_POINT('',(94.482506522878,-1.2));
#2071 = CARTESIAN_POINT('',(94.287375969571,-1.2));
#2072 = CARTESIAN_POINT('',(94.092243970424,-1.2));
#2073 = CARTESIAN_POINT('',(93.89711206751,-1.2));
#2074 = CARTESIAN_POINT('',(93.7019822888,-1.2));
#2075 = CARTESIAN_POINT('',(93.292204956437,-1.2));
#2076 = CARTESIAN_POINT('',(93.07756151568,-1.2));
#2077 = CARTESIAN_POINT('',(92.862913214886,-1.2));
#2078 = CARTESIAN_POINT('',(92.648270366767,-1.2));
#2079 = CARTESIAN_POINT('',(92.433628226455,-1.2));
#2080 = CARTESIAN_POINT('',(92.218981539178,-1.2));
#2081 = CARTESIAN_POINT('',(92.004339736704,-1.2));
#2082 = CARTESIAN_POINT('',(91.633592124128,-1.2));
#2083 = CARTESIAN_POINT('',(91.477486977854,-1.2));
#2084 = CARTESIAN_POINT('',(91.321381602169,-1.2));
#2085 = CARTESIAN_POINT('',(91.165276383228,-1.2));
#2086 = CARTESIAN_POINT('',(91.009171485113,-1.2));
#2087 = CARTESIAN_POINT('',(90.853066849839,-1.2));
#2088 = CARTESIAN_POINT('',(90.69696219735,-1.2));
#2089 = CARTESIAN_POINT('',(90.404265512827,-1.2));
#2090 = CARTESIAN_POINT('',(90.267673685735,-1.2));
#2091 = CARTESIAN_POINT('',(90.131081712393,-1.2));
#2092 = CARTESIAN_POINT('',(89.994489718192,-1.2));
#2093 = CARTESIAN_POINT('',(89.857897785769,-1.2));
#2094 = CARTESIAN_POINT('',(89.721305955003,-1.2));
#2095 = CARTESIAN_POINT('',(89.584714223017,-1.2));
#2096 = CARTESIAN_POINT('',(89.213966326677,-1.2));
#2097 = CARTESIAN_POINT('',(88.979807468493,-1.2));
#2098 = CARTESIAN_POINT('',(88.74564592461,-1.2));
#2099 = CARTESIAN_POINT('',(88.511498687035,-1.2));
#2100 = CARTESIAN_POINT('',(88.277333374075,-1.2));
#2101 = CARTESIAN_POINT('',(88.043179495097,-1.2));
#2102 = CARTESIAN_POINT('',(87.809019484902,-1.2));
#2103 = CARTESIAN_POINT('',(87.399244703552,-1.2));
#2104 = CARTESIAN_POINT('',(87.223626919776,-1.2));
#2105 = CARTESIAN_POINT('',(87.048009523853,-1.2));
#2106 = CARTESIAN_POINT('',(86.872391924469,-1.2));
#2107 = CARTESIAN_POINT('',(86.696773722039,-1.2));
#2108 = CARTESIAN_POINT('',(86.521154933643,-1.2));
#2109 = CARTESIAN_POINT('',(86.345536217952,-1.2));
#2110 = CARTESIAN_POINT('',(86.033326351813,-1.2));
#2111 = CARTESIAN_POINT('',(85.896734597246,-1.2));
#2112 = CARTESIAN_POINT('',(85.760143303032,-1.2));
#2113 = CARTESIAN_POINT('',(85.623552072198,-1.2));
#2114 = CARTESIAN_POINT('',(85.486960644218,-1.2));
#2115 = CARTESIAN_POINT('',(85.35036889501,-1.2));
#2116 = CARTESIAN_POINT('',(85.213776836937,-1.2));
#2117 = CARTESIAN_POINT('',(84.882054073948,-1.2));
#2118 = CARTESIAN_POINT('',(84.686921786918,-1.2));
#2119 = CARTESIAN_POINT('',(84.491794469554,-1.2));
#2120 = CARTESIAN_POINT('',(84.296665164443,-1.2));
#2121 = CARTESIAN_POINT('',(84.101530575334,-1.2));
#2122 = CARTESIAN_POINT('',(83.906396053336,-1.2));
#2123 = CARTESIAN_POINT('',(83.711268238925,-1.2));
#2124 = CARTESIAN_POINT('',(83.301492636419,-1.2));
#2125 = CARTESIAN_POINT('',(83.086844199037,-1.2));
#2126 = CARTESIAN_POINT('',(82.872202282455,-1.2));
#2127 = CARTESIAN_POINT('',(82.657560810867,-1.2));
#2128 = CARTESIAN_POINT('',(82.442914324909,-1.2));
#2129 = CARTESIAN_POINT('',(82.22826695908,-1.2));
#2130 = CARTESIAN_POINT('',(82.013626827345,-1.2));
#2131 = CARTESIAN_POINT('',(81.662390575906,-1.2));
#2132 = CARTESIAN_POINT('',(81.525798974707,-1.2));
#2133 = CARTESIAN_POINT('',(81.389206865678,-1.2));
#2134 = CARTESIAN_POINT('',(81.252614610211,-1.2));
#2135 = CARTESIAN_POINT('',(81.116022436605,-1.2));
#2136 = CARTESIAN_POINT('',(80.979430440058,-1.2));
#2137 = CARTESIAN_POINT('',(80.842838582668,-1.2));
#2138 = CARTESIAN_POINT('',(80.491606318022,-1.2));
#2139 = CARTESIAN_POINT('',(80.276966389679,-1.2));
#2140 = CARTESIAN_POINT('',(80.062319853769,-1.2));
#2141 = CARTESIAN_POINT('',(79.847670637035,-1.2));
#2142 = CARTESIAN_POINT('',(79.633023421989,-1.2));
#2143 = CARTESIAN_POINT('',(79.418378967646,-1.2));
#2144 = CARTESIAN_POINT('',(79.203734976604,-1.2));
#2145 = CARTESIAN_POINT('',(78.774445628207,-1.2));
#2146 = CARTESIAN_POINT('',(78.559800598916,-1.2));
#2147 = CARTESIAN_POINT('',(78.345157274762,-1.2));
#2148 = CARTESIAN_POINT('',(78.130514250828,-1.2));
#2149 = CARTESIAN_POINT('',(77.915871280398,-1.2));
#2150 = CARTESIAN_POINT('',(77.701228285832,-1.2));
#2151 = CARTESIAN_POINT('',(77.486584131036,-1.2));
#2152 = CARTESIAN_POINT('',(77.135346513336,-1.2));
#2153 = CARTESIAN_POINT('',(76.998754703168,-1.2));
#2154 = CARTESIAN_POINT('',(76.862162893,-1.2));
#2155 = CARTESIAN_POINT('',(76.725571082833,-1.2));
#2156 = CARTESIAN_POINT('',(76.588979272665,-1.2));
#2157 = CARTESIAN_POINT('',(76.452387462497,-1.2));
#2158 = CARTESIAN_POINT('',(76.315795652329,-1.2));
#2159 = CARTESIAN_POINT('',(75.964554998486,-1.2));
#2160 = CARTESIAN_POINT('',(75.749906150336,-1.2));
#2161 = CARTESIAN_POINT('',(75.535261190964,-1.2));
#2162 = CARTESIAN_POINT('',(75.320621552622,-1.2));
#2163 = CARTESIAN_POINT('',(75.10598071826,-1.2));
#2164 = CARTESIAN_POINT('',(74.891335231305,-1.2));
#2165 = CARTESIAN_POINT('',(74.676691745551,-1.2));
#2166 = CARTESIAN_POINT('',(74.227890497682,-1.2));
#2167 = CARTESIAN_POINT('',(73.993733474137,-1.2));
#2168 = CARTESIAN_POINT('',(73.759586258281,-1.2));
#2169 = CARTESIAN_POINT('',(73.525400320815,-1.2));
#2170 = CARTESIAN_POINT('',(73.291264639478,-1.2));
#2171 = CARTESIAN_POINT('',(73.057104965593,-1.2));
#2172 = CARTESIAN_POINT('',(72.822946982478,-1.2));
#2173 = CARTESIAN_POINT('',(72.413170914326,-1.2));
#2174 = CARTESIAN_POINT('',(72.237554897776,-1.2));
#2175 = CARTESIAN_POINT('',(72.061937773937,-1.2));
#2176 = CARTESIAN_POINT('',(71.886318820285,-1.2));
#2177 = CARTESIAN_POINT('',(71.710699456445,-1.2));
#2178 = CARTESIAN_POINT('',(71.53508138614,-1.2));
#2179 = CARTESIAN_POINT('',(71.359464739131,-1.2));
#2180 = CARTESIAN_POINT('',(71.047255244887,-1.2));
#2181 = CARTESIAN_POINT('',(70.910663078557,-1.2));
#2182 = CARTESIAN_POINT('',(70.774070621455,-1.2));
#2183 = CARTESIAN_POINT('',(70.63747843804,-1.2));
#2184 = CARTESIAN_POINT('',(70.500886749955,-1.2));
#2185 = CARTESIAN_POINT('',(70.364295436023,-1.2));
#2186 = CARTESIAN_POINT('',(70.22770403225,-1.2));
#2187 = CARTESIAN_POINT('',(69.876467787686,-1.2));
#2188 = CARTESIAN_POINT('',(69.661819998522,-1.2));
#2189 = CARTESIAN_POINT('',(69.447176373408,-1.2));
#2190 = CARTESIAN_POINT('',(69.232532514588,-1.2));
#2191 = CARTESIAN_POINT('',(69.017888108919,-1.2));
#2192 = CARTESIAN_POINT('',(68.803244794025,-1.2));
#2193 = CARTESIAN_POINT('',(68.588600772412,-1.2));
#2194 = CARTESIAN_POINT('',(68.139801848369,-1.2));
#2195 = CARTESIAN_POINT('',(67.905642813165,-1.2));
#2196 = CARTESIAN_POINT('',(67.671482984982,-1.2));
#2197 = CARTESIAN_POINT('',(67.437327339341,-1.2));
#2198 = CARTESIAN_POINT('',(67.20317259942,-1.2));
#2199 = CARTESIAN_POINT('',(66.969014112506,-1.2));
#2200 = CARTESIAN_POINT('',(66.73485451776,-1.2));
#2201 = CARTESIAN_POINT('',(66.364107030522,-1.2));
#2202 = CARTESIAN_POINT('',(66.22751511256,-1.2));
#2203 = CARTESIAN_POINT('',(66.090923029489,-1.2));
#2204 = CARTESIAN_POINT('',(65.954331009535,-1.2));
#2205 = CARTESIAN_POINT('',(65.817739161759,-1.2));
#2206 = CARTESIAN_POINT('',(65.681147476057,-1.2));
#2207 = CARTESIAN_POINT('',(65.544555823163,-1.2));
#2208 = CARTESIAN_POINT('',(65.212833970684,-1.2));
#2209 = CARTESIAN_POINT('',(65.017702510216,-1.2));
#2210 = CARTESIAN_POINT('',(64.822572119383,-1.2));
#2211 = CARTESIAN_POINT('',(64.62744179252,-1.2));
#2212 = CARTESIAN_POINT('',(64.432310437613,-1.2));
#2213 = CARTESIAN_POINT('',(64.237178339318,-1.2));
#2214 = CARTESIAN_POINT('',(64.042046619541,-1.2));
#2215 = CARTESIAN_POINT('',(63.63227006654,-1.2));
#2216 = CARTESIAN_POINT('',(63.417627495814,-1.2));
#2217 = CARTESIAN_POINT('',(63.202980101903,-1.2));
#2218 = CARTESIAN_POINT('',(62.988337624695,-1.2));
#2219 = CARTESIAN_POINT('',(62.773695236405,-1.2));
#2220 = CARTESIAN_POINT('',(62.559047826239,-1.2));
#2221 = CARTESIAN_POINT('',(62.344404809346,-1.2));
#2222 = CARTESIAN_POINT('',(61.91511733484,-1.2));
#2223 = CARTESIAN_POINT('',(61.700471166674,-1.2));
#2224 = CARTESIAN_POINT('',(61.48583361223,-1.2));
#2225 = CARTESIAN_POINT('',(61.271186100246,-1.2));
#2226 = CARTESIAN_POINT('',(61.05653799284,-1.2));
#2227 = CARTESIAN_POINT('',(60.84189913932,-1.2));
#2228 = CARTESIAN_POINT('',(60.627251732341,-1.2));
#2229 = CARTESIAN_POINT('',(60.197961601745,-1.2));
#2230 = CARTESIAN_POINT('',(59.983320076874,-1.2));
#2231 = CARTESIAN_POINT('',(59.768670600226,-1.2));
#2232 = CARTESIAN_POINT('',(59.554028947755,-1.2));
#2233 = CARTESIAN_POINT('',(59.339387868946,-1.2));
#2234 = CARTESIAN_POINT('',(59.124739006873,-1.2));
#2235 = CARTESIAN_POINT('',(58.910096508311,-1.2));
#2236 = CARTESIAN_POINT('',(58.558860293881,-1.2));
#2237 = CARTESIAN_POINT('',(58.422268609827,-1.2));
#2238 = CARTESIAN_POINT('',(58.28567689424,-1.2));
#2239 = CARTESIAN_POINT('',(58.149085047353,-1.2));
#2240 = CARTESIAN_POINT('',(58.012493063909,-1.2));
#2241 = CARTESIAN_POINT('',(57.875901033164,-1.2));
#2242 = CARTESIAN_POINT('',(57.739309138881,-1.2));
#2243 = CARTESIAN_POINT('',(57.368559735947,-1.2));
#2244 = CARTESIAN_POINT('',(57.134401536926,-1.2));
#2245 = CARTESIAN_POINT('',(56.900251851961,-1.2));
#2246 = CARTESIAN_POINT('',(56.666080047875,-1.2));
#2247 = CARTESIAN_POINT('',(56.431934800585,-1.2));
#2248 = CARTESIAN_POINT('',(56.197772827259,-1.2));
#2249 = CARTESIAN_POINT('',(55.963615808778,-1.2));
#2250 = CARTESIAN_POINT('',(55.553840808088,-1.2));
#2251 = CARTESIAN_POINT('',(55.378223363744,-1.2));
#2252 = CARTESIAN_POINT('',(55.202605391381,-1.2));
#2253 = CARTESIAN_POINT('',(55.026986946126,-1.2));
#2254 = CARTESIAN_POINT('',(54.851368496307,-1.2));
#2255 = CARTESIAN_POINT('',(54.67575045748,-1.2));
#2256 = CARTESIAN_POINT('',(54.500132726454,-1.2));
#2257 = CARTESIAN_POINT('',(54.187922456477,-1.2));
#2258 = CARTESIAN_POINT('',(54.051330688591,-1.2));
#2259 = CARTESIAN_POINT('',(53.914738877412,-1.2));
#2260 = CARTESIAN_POINT('',(53.778147013845,-1.2));
#2261 = CARTESIAN_POINT('',(53.641555113942,-1.2));
#2262 = CARTESIAN_POINT('',(53.504963218905,-1.2));
#2263 = CARTESIAN_POINT('',(53.368371395082,-1.2));
#2264 = CARTESIAN_POINT('',(53.017135505542,-1.2));
#2265 = CARTESIAN_POINT('',(52.802490641128,-1.2));
#2266 = CARTESIAN_POINT('',(52.587847595905,-1.2));
#2267 = CARTESIAN_POINT('',(52.37320295067,-1.2));
#2268 = CARTESIAN_POINT('',(52.158557676313,-1.2));
#2269 = CARTESIAN_POINT('',(51.943913966167,-1.2));
#2270 = CARTESIAN_POINT('',(51.729270193199,-1.2));
#2271 = CARTESIAN_POINT('',(51.280468421366,-1.2));
#2272 = CARTESIAN_POINT('',(51.046310946769,-1.2));
#2273 = CARTESIAN_POINT('',(50.812152460476,-1.2));
#2274 = CARTESIAN_POINT('',(50.577996090708,-1.2));
#2275 = CARTESIAN_POINT('',(50.343839549946,-1.2));
#2276 = CARTESIAN_POINT('',(50.109680858935,-1.2));
#2277 = CARTESIAN_POINT('',(49.875523617735,-1.2));
#2278 = CARTESIAN_POINT('',(49.446235159417,-1.2));
#2279 = CARTESIAN_POINT('',(49.251104202035,-1.2));
#2280 = CARTESIAN_POINT('',(49.055973110241,-1.2));
#2281 = CARTESIAN_POINT('',(48.860841812144,-1.2));
#2282 = CARTESIAN_POINT('',(48.665710494707,-1.2));
#2283 = CARTESIAN_POINT('',(48.470579393939,-1.2));
#2284 = CARTESIAN_POINT('',(48.275448500265,-1.2));
#2285 = CARTESIAN_POINT('',(47.787620954763,-1.2));
#2286 = CARTESIAN_POINT('',(47.494924753219,-1.2));
#2287 = CARTESIAN_POINT('',(47.202227175531,-1.2));
#2288 = CARTESIAN_POINT('',(46.909529708247,-1.2));
#2289 = CARTESIAN_POINT('',(46.616835540082,-1.2));
#2290 = CARTESIAN_POINT('',(46.324137562721,-1.2));
#2291 = CARTESIAN_POINT('',(46.031440454268,-1.2));
#2292 = CARTESIAN_POINT('',(45.446046624869,-1.2));
#2293 = CARTESIAN_POINT('',(45.153349932122,-1.2));
#2294 = CARTESIAN_POINT('',(44.860654524407,-1.2));
#2295 = CARTESIAN_POINT('',(44.567957628381,-1.2));
#2296 = CARTESIAN_POINT('',(44.275259897716,-1.2));
#2297 = CARTESIAN_POINT('',(43.982563074931,-1.2));
#2298 = CARTESIAN_POINT('',(43.689866279838,-1.2));
#2299 = CARTESIAN_POINT('',(43.12398655581,-1.2));
#2300 = CARTESIAN_POINT('',(42.850803618141,-1.2));
#2301 = CARTESIAN_POINT('',(42.577621241864,-1.2));
#2302 = CARTESIAN_POINT('',(42.304435919955,-1.2));
#2303 = CARTESIAN_POINT('',(42.031252520906,-1.2));
#2304 = CARTESIAN_POINT('',(41.758068133464,-1.2));
#2305 = CARTESIAN_POINT('',(41.484884232344,-1.2));
#2306 = CARTESIAN_POINT('',(41.075108629033,-1.2));
#2307 = CARTESIAN_POINT('',(40.938516818865,-1.2));
#2308 = CARTESIAN_POINT('',(40.801925008697,-1.2));
#2309 = CARTESIAN_POINT('',(40.66533319853,-1.2));
#2310 = CARTESIAN_POINT('',(40.528741388362,-1.2));
#2311 = CARTESIAN_POINT('',(40.392149578194,-1.2));
#2312 = CARTESIAN_POINT('',(40.255557768026,-1.2));
#2313 = CARTESIAN_POINT('',(39.962860878198,-1.2));
#2314 = CARTESIAN_POINT('',(39.806755867902,-1.2));
#2315 = CARTESIAN_POINT('',(39.650650914929,-1.2));
#2316 = CARTESIAN_POINT('',(39.494546006698,-1.2));
#2317 = CARTESIAN_POINT('',(39.338441130086,-1.2));
#2318 = CARTESIAN_POINT('',(39.182336271428,-1.2));
#2319 = CARTESIAN_POINT('',(39.026231416518,-1.2));
#2320 = CARTESIAN_POINT('',(38.518891380469,-1.2));
#2321 = CARTESIAN_POINT('',(38.167656244512,-1.2));
#2322 = CARTESIAN_POINT('',(37.816420857112,-1.2));
#2323 = CARTESIAN_POINT('',(37.465185043111,-1.2));
#2324 = CARTESIAN_POINT('',(37.113948737818,-1.2));
#2325 = CARTESIAN_POINT('',(36.76271198701,-1.2));
#2326 = CARTESIAN_POINT('',(36.411474946933,-1.2));
#2327 = CARTESIAN_POINT('',(35.923646051161,-1.2));
#2328 = CARTESIAN_POINT('',(35.787054239471,-1.2));
#2329 = CARTESIAN_POINT('',(35.650462440205,-1.2));
#2330 = CARTESIAN_POINT('',(35.513870645603,-1.2));
#2331 = CARTESIAN_POINT('',(35.377278849172,-1.2));
#2332 = CARTESIAN_POINT('',(35.240687045684,-1.2));
#2333 = CARTESIAN_POINT('',(35.104095231178,-1.2));
#2334 = CARTESIAN_POINT('',(34.557727479317,-1.2));
#2335 = CARTESIAN_POINT('',(34.147952049463,-1.2));
#2336 = CARTESIAN_POINT('',(33.738178716489,-1.2));
#2337 = CARTESIAN_POINT('',(33.328395978372,-1.2));
#2338 = CARTESIAN_POINT('',(32.918627739557,-1.2));
#2339 = CARTESIAN_POINT('',(32.508850491576,-1.2));
#2340 = CARTESIAN_POINT('',(32.099075047598,-1.2));
#2341 = CARTESIAN_POINT('',(31.435629135579,-1.2));
#2342 = CARTESIAN_POINT('',(31.181958719478,-1.2));
#2343 = CARTESIAN_POINT('',(30.928288778563,-1.2));
#2344 = CARTESIAN_POINT('',(30.674617636959,-1.2));
#2345 = CARTESIAN_POINT('',(30.42094629333,-1.2));
#2346 = CARTESIAN_POINT('',(30.167276143247,-1.2));
#2347 = CARTESIAN_POINT('',(29.913606189232,-1.2));
#2348 = CARTESIAN_POINT('',(29.464804705835,-1.2));
#2349 = CARTESIAN_POINT('',(29.269673762335,-1.2));
#2350 = CARTESIAN_POINT('',(29.074542404876,-1.2));
#2351 = CARTESIAN_POINT('',(28.879411121101,-1.2));
#2352 = CARTESIAN_POINT('',(28.68428017439,-1.2));
#2353 = CARTESIAN_POINT('',(28.489149184067,-1.2));
#2354 = CARTESIAN_POINT('',(28.294017684501,-1.2));
#2355 = CARTESIAN_POINT('',(27.962294669026,-1.2));
#2356 = CARTESIAN_POINT('',(27.825702709455,-1.2));
#2357 = CARTESIAN_POINT('',(27.689110828268,-1.2));
#2358 = CARTESIAN_POINT('',(27.552519041459,-1.2));
#2359 = CARTESIAN_POINT('',(27.415927337134,-1.2));
#2360 = CARTESIAN_POINT('',(27.279335675507,-1.2));
#2361 = CARTESIAN_POINT('',(27.142743988901,-1.2));
#2362 = CARTESIAN_POINT('',(26.791508202218,-1.2));
#2363 = CARTESIAN_POINT('',(26.576863353277,-1.2));
#2364 = CARTESIAN_POINT('',(26.362219016945,-1.2));
#2365 = CARTESIAN_POINT('',(26.147575492888,-1.2));
#2366 = CARTESIAN_POINT('',(25.932931159061,-1.2));
#2367 = CARTESIAN_POINT('',(25.718285956983,-1.2));
#2368 = CARTESIAN_POINT('',(25.503642486742,-1.2));
#2369 = CARTESIAN_POINT('',(25.054840783805,-1.2));
#2370 = CARTESIAN_POINT('',(24.820683760462,-1.2));
#2371 = CARTESIAN_POINT('',(24.586525048892,-1.2));
#2372 = CARTESIAN_POINT('',(24.352367099157,-1.2));
#2373 = CARTESIAN_POINT('',(24.118213639466,-1.2));
#2374 = CARTESIAN_POINT('',(23.884052618567,-1.2));
#2375 = CARTESIAN_POINT('',(23.649896149786,-1.2));
#2376 = CARTESIAN_POINT('',(23.279146894989,-1.2));
#2377 = CARTESIAN_POINT('',(23.142555093313,-1.2));
#2378 = CARTESIAN_POINT('',(23.005963381218,-1.2));
#2379 = CARTESIAN_POINT('',(22.86937168373,-1.2));
#2380 = CARTESIAN_POINT('',(22.732779950568,-1.2));
#2381 = CARTESIAN_POINT('',(22.596188156138,-1.2));
#2382 = CARTESIAN_POINT('',(22.459596299541,-1.2));
#2383 = CARTESIAN_POINT('',(22.205925583844,-1.2));
#2384 = CARTESIAN_POINT('',(22.088846603864,-1.2));
#2385 = CARTESIAN_POINT('',(21.971767663779,-1.2));
#2386 = CARTESIAN_POINT('',(21.854688881557,-1.2));
#2387 = CARTESIAN_POINT('',(21.737610293979,-1.2));
#2388 = CARTESIAN_POINT('',(21.620531856641,-1.2));
#2389 = CARTESIAN_POINT('',(21.50345344395,-1.2));
#2390 = CARTESIAN_POINT('',(21.152216470551,-1.2));
#2391 = CARTESIAN_POINT('',(20.918057485395,-1.2));
#2392 = CARTESIAN_POINT('',(20.6839022335,-1.2));
#2393 = CARTESIAN_POINT('',(20.449746151796,-1.2));
#2394 = CARTESIAN_POINT('',(20.215581577314,-1.2));
#2395 = CARTESIAN_POINT('',(19.981431448821,-1.2));
#2396 = CARTESIAN_POINT('',(19.747272696596,-1.2));
#2397 = CARTESIAN_POINT('',(19.337496883171,-1.2));
#2398 = CARTESIAN_POINT('',(19.161879103531,-1.2));
#2399 = CARTESIAN_POINT('',(18.986261012622,-1.2));
#2400 = CARTESIAN_POINT('',(18.810642499803,-1.2));
#2401 = CARTESIAN_POINT('',(18.635024100611,-1.2));
#2402 = CARTESIAN_POINT('',(18.459406366871,-1.2));
#2403 = CARTESIAN_POINT('',(18.283789236797,-1.2));
#2404 = CARTESIAN_POINT('',(17.971578912491,-1.2));
#2405 = CARTESIAN_POINT('',(17.834986885306,-1.2));
#2406 = CARTESIAN_POINT('',(17.698395079558,-1.2));
#2407 = CARTESIAN_POINT('',(17.561803338273,-1.2));
#2408 = CARTESIAN_POINT('',(17.425211591491,-1.2));
#2409 = CARTESIAN_POINT('',(17.288619856264,-1.2));
#2410 = CARTESIAN_POINT('',(17.15202823666,-1.2));
#2411 = CARTESIAN_POINT('',(16.820306123272,-1.2));
#2412 = CARTESIAN_POINT('',(16.625173914498,-1.2));
#2413 = CARTESIAN_POINT('',(16.430043569841,-1.2));
#2414 = CARTESIAN_POINT('',(16.234913016534,-1.2));
#2415 = CARTESIAN_POINT('',(16.039781017386,-1.2));
#2416 = CARTESIAN_POINT('',(15.844649114472,-1.2));
#2417 = CARTESIAN_POINT('',(15.649519335763,-1.2));
#2418 = CARTESIAN_POINT('',(15.239742003399,-1.2));
#2419 = CARTESIAN_POINT('',(15.025098562643,-1.2));
#2420 = CARTESIAN_POINT('',(14.810450261848,-1.2));
#2421 = CARTESIAN_POINT('',(14.59580741373,-1.2));
#2422 = CARTESIAN_POINT('',(14.381165273419,-1.2));
#2423 = CARTESIAN_POINT('',(14.16651858614,-1.2));
#2424 = CARTESIAN_POINT('',(13.951876783667,-1.2));
#2425 = CARTESIAN_POINT('',(13.581129171091,-1.2));
#2426 = CARTESIAN_POINT('',(13.425024024817,-1.2));
#2427 = CARTESIAN_POINT('',(13.268918649132,-1.2));
#2428 = CARTESIAN_POINT('',(13.112813430191,-1.2));
#2429 = CARTESIAN_POINT('',(12.956708532076,-1.2));
#2430 = CARTESIAN_POINT('',(12.800603896802,-1.2));
#2431 = CARTESIAN_POINT('',(12.644499244313,-1.2));
#2432 = CARTESIAN_POINT('',(12.35180255979,-1.2));
#2433 = CARTESIAN_POINT('',(12.215210732698,-1.2));
#2434 = CARTESIAN_POINT('',(12.078618759356,-1.2));
#2435 = CARTESIAN_POINT('',(11.942026765155,-1.2));
#2436 = CARTESIAN_POINT('',(11.805434832732,-1.2));
#2437 = CARTESIAN_POINT('',(11.668843001965,-1.2));
#2438 = CARTESIAN_POINT('',(11.532251269979,-1.2));
#2439 = CARTESIAN_POINT('',(11.161503373638,-1.2));
#2440 = CARTESIAN_POINT('',(10.927344515419,-1.2));
#2441 = CARTESIAN_POINT('',(10.693182971611,-1.2));
#2442 = CARTESIAN_POINT('',(10.45903573395,-1.2));
#2443 = CARTESIAN_POINT('',(10.224870421133,-1.2));
#2444 = CARTESIAN_POINT('',(9.990716542024,-1.2));
#2445 = CARTESIAN_POINT('',(9.756556531835,-1.2));
#2446 = CARTESIAN_POINT('',(9.346781750381,-1.2));
#2447 = CARTESIAN_POINT('',(9.171163966539,-1.2));
#2448 = CARTESIAN_POINT('',(8.995546570812,-1.2));
#2449 = CARTESIAN_POINT('',(8.819928971695,-1.2));
#2450 = CARTESIAN_POINT('',(8.644310769307,-1.2));
#2451 = CARTESIAN_POINT('',(8.468691980584,-1.2));
#2452 = CARTESIAN_POINT('',(8.29307326447,-1.2));
#2453 = CARTESIAN_POINT('',(7.980863398757,-1.2));
#2454 = CARTESIAN_POINT('',(7.84427164452,-1.2));
#2455 = CARTESIAN_POINT('',(7.707680350515,-1.2));
#2456 = CARTESIAN_POINT('',(7.571089119535,-1.2));
#2457 = CARTESIAN_POINT('',(7.434497691063,-1.2));
#2458 = CARTESIAN_POINT('',(7.297905941262,-1.2));
#2459 = CARTESIAN_POINT('',(7.161313882986,-1.2));
#2460 = CARTESIAN_POINT('',(6.829591121452,-1.2));
#2461 = CARTESIAN_POINT('',(6.634458814331,-1.2));
#2462 = CARTESIAN_POINT('',(6.43933147136,-1.2));
#2463 = CARTESIAN_POINT('',(6.244202208286,-1.2));
#2464 = CARTESIAN_POINT('',(6.049067735089,-1.2));
#2465 = CARTESIAN_POINT('',(5.853933312287,-1.2));
#2466 = CARTESIAN_POINT('',(5.658805458137,-1.2));
#2467 = CARTESIAN_POINT('',(5.249028652951,-1.2));
#2468 = CARTESIAN_POINT('',(5.034381712883,-1.2));
#2469 = CARTESIAN_POINT('',(4.819740817016,-1.2));
#2470 = CARTESIAN_POINT('',(4.605100183247,-1.2));
#2471 = CARTESIAN_POINT('',(4.3904543807,-1.2));
#2472 = CARTESIAN_POINT('',(4.175806699365,-1.2));
#2473 = CARTESIAN_POINT('',(3.96116483787,-1.2));
#2474 = CARTESIAN_POINT('',(3.512358756306,-1.2));
#2475 = CARTESIAN_POINT('',(3.278208158355,-1.2));
#2476 = CARTESIAN_POINT('',(3.044040287225,-1.2));
#2477 = CARTESIAN_POINT('',(2.809894785285,-1.2));
#2478 = CARTESIAN_POINT('',(2.575726989572,-1.2));
#2479 = CARTESIAN_POINT('',(2.341574107607,-1.2));
#2480 = CARTESIAN_POINT('',(2.107417618539,-1.2));
#2481 = CARTESIAN_POINT('',(1.639101722011,-1.2));
#2482 = CARTESIAN_POINT('',(1.404944333152,-1.2));
#2483 = CARTESIAN_POINT('',(1.170786944294,-1.2));
#2484 = CARTESIAN_POINT('',(0.936629555435,-1.2));
#2485 = CARTESIAN_POINT('',(0.702472166575,-1.2));
#2486 = CARTESIAN_POINT('',(0.468314777715,-1.2));
#2487 = CARTESIAN_POINT('',(0.234157388856,-1.2));
#2488 = CARTESIAN_POINT('',(0.,-1.2));
#2489 = ( GEOMETRIC_REPRESENTATION_CONTEXT(2) 
PARAMETRIC_REPRESENTATION_CONTEXT() REPRESENTATION_CONTEXT('2D SPACE',''
  ) );
#2490 = PCURVE('',#2491,#2496);
#2491 = PLANE('',#2492);
#2492 = AXIS2_PLACEMENT_3D('',#2493,#2494,#2495);
#2493 = CARTESIAN_POINT('',(-6.,-81.25,1.2));
#2494 = DIRECTION('',(0.,0.,1.));
#2495 = DIRECTION('',(1.,0.,0.));
#2496 = DEFINITIONAL_REPRESENTATION('',(#2497),#3179);
#2497 = B_SPLINE_CURVE_WITH_KNOTS('',8,(#2498,#2499,#2500,#2501,#2502,
    #2503,#2504,#2505,#2506,#2507,#2508,#2509,#2510,#2511,#2512,#2513,
    #2514,#2515,#2516,#2517,#2518,#2519,#2520,#2521,#2522,#2523,#2524,
    #2525,#2526,#2527,#2528,#2529,#2530,#2531,#2532,#2533,#2534,#2535,
    #2536,#2537,#2538,#2539,#2540,#2541,#2542,#2543,#2544,#2545,#2546,
    #2547,#2548,#2549,#2550,#2551,#2552,#2553,#2554,#2555,#2556,#2557,
    #2558,#2559,#2560,#2561,#2562,#2563,#2564,#2565,#2566,#2567,#2568,
    #2569,#2570,#2571,#2572,#2573,#2574,#2575,#2576,#2577,#2578,#2579,
    #2580,#2581,#2582,#2583,#2584,#2585,#2586,#2587,#2588,#2589,#2590,
    #2591,#2592,#2593,#2594,#2595,#2596,#2597,#2598,#2599,#2600,#2601,
    #2602,#2603,#2604,#2605,#2606,#2607,#2608,#2609,#2610,#2611,#2612,
    #2613,#2614,#2615,#2616,#2617,#2618,#2619,#2620,#2621,#2622,#2623,
    #2624,#2625,#2626,#2627,#2628,#2629,#2630,#2631,#2632,#2633,#2634,
    #2635,#2636,#2637,#2638,#2639,#2640,#2641,#2642,#2643,#2644,#2645,
    #2646,#2647,#2648,#2649,#2650,#2651,#2652,#2653,#2654,#2655,#2656,
    #2657,#2658,#2659,#2660,#2661,#2662,#2663,#2664,#2665,#2666,#2667,
    #2668,#2669,#2670,#2671,#2672,#2673,#2674,#2675,#2676,#2677,#2678,
    #2679,#2680,#2681,#2682,#2683,#2684,#2685,#2686,#2687,#2688,#2689,
    #2690,#2691,#2692,#2693,#2694,#2695,#2696,#2697,#2698,#2699,#2700,
    #2701,#2702,#2703,#2704,#2705,#2706,#2707,#2708,#2709,#2710,#2711,
    #2712,#2713,#2714,#2715,#2716,#2717,#2718,#2719,#2720,#2721,#2722,
    #2723,#2724,#2725,#2726,#2727,#2728,#2729,#2730,#2731,#2732,#2733,
    #2734,#2735,#2736,#2737,#2738,#2739,#2740,#2741,#2742,#2743,#2744,
    #2745,#2746,#2747,#2748,#2749,#2750,#2751,#2752,#2753,#2754,#2755,
    #2756,#2757,#2758,#2759,#2760,#2761,#2762,#2763,#2764,#2765,#2766,
    #2767,#2768,#2769,#2770,#2771,#2772,#2773,#2774,#2775,#2776,#2777,
    #2778,#2779,#2780,#2781,#2782,#2783,#2784,#2785,#2786,#2787,#2788,
    #2789,#2790,#2791,#2792,#2793,#2794,#2795,#2796,#2797,#2798,#2799,
    #2800,#2801,#2802,#2803,#2804,#2805,#2806,#2807,#2808,#2809,#2810,
    #2811,#2812,#2813,#2814,#2815,#2816,#2817,#2818,#2819,#2820,#2821,
    #2822,#2823,#2824,#2825,#2826,#2827,#2828,#2829,#2830,#2831,#2832,
    #2833,#2834,#2835,#2836,#2837,#2838,#2839,#2840,#2841,#2842,#2843,
    #2844,#2845,#2846,#2847,#2848,#2849,#2850,#2851,#2852,#2853,#2854,
    #2855,#2856,#2857,#2858,#2859,#2860,#2861,#2862,#2863,#2864,#2865,
    #2866,#2867,#2868,#2869,#2870,#2871,#2872,#2873,#2874,#2875,#2876,
    #2877,#2878,#2879,#2880,#2881,#2882,#2883,#2884,#2885,#2886,#2887,
    #2888,#2889,#2890,#2891,#2892,#2893,#2894,#2895,#2896,#2897,#2898,
    #2899,#2900,#2901,#2902,#2903,#2904,#2905,#2906,#2907,#2908,#2909,
    #2910,#2911,#2912,#2913,#2914,#2915,#2916,#2917,#2918,#2919,#2920,
    #2921,#2922,#2923,#2924,#2925,#2926,#2927,#2928,#2929,#2930,#2931,
    #2932,#2933,#2934,#2935,#2936,#2937,#2938,#2939,#2940,#2941,#2942,
    #2943,#2944,#2945,#2946,#2947,#2948,#2949,#2950,#2951,#2952,#2953,
    #2954,#2955,#2956,#2957,#2958,#2959,#2960,#2961,#2962,#2963,#2964,
    #2965,#2966,#2967,#2968,#2969,#2970,#2971,#2972,#2973,#2974,#2975,
    #2976,#2977,#2978,#2979,#2980,#2981,#2982,#2983,#2984,#2985,#2986,
    #2987,#2988,#2989,#2990,#2991,#2992,#2993,#2994,#2995,#2996,#2997,
    #2998,#2999,#3000,#3001,#3002,#3003,#3004,#3005,#3006,#3007,#3008,
    #3009,#3010,#3011,#3012,#3013,#3014,#3015,#3016,#3017,#3018,#3019,
    #3020,#3021,#3022,#3023,#3024,#3025,#3026,#3027,#3028,#3029,#3030,
    #3031,#3032,#3033,#3034,#3035,#3036,#3037,#3038,#3039,#3040,#3041,
    #3042,#3043,#3044,#3045,#3046,#3047,#3048,#3049,#3050,#3051,#3052,
    #3053,#3054,#3055,#3056,#3057,#3058,#3059,#3060,#3061,#3062,#3063,
    #3064,#3065,#3066,#3067,#3068,#3069,#3070,#3071,#3072,#3073,#3074,
    #3075,#3076,#3077,#3078,#3079,#3080,#3081,#3082,#3083,#3084,#3085,
    #3086,#3087,#3088,#3089,#3090,#3091,#3092,#3093,#3094,#3095,#3096,
    #3097,#3098,#3099,#3100,#3101,#3102,#3103,#3104,#3105,#3106,#3107,
    #3108,#3109,#3110,#3111,#3112,#3113,#3114,#3115,#3116,#3117,#3118,
    #3119,#3120,#3121,#3122,#3123,#3124,#3125,#3126,#3127,#3128,#3129,
    #3130,#3131,#3132,#3133,#3134,#3135,#3136,#3137,#3138,#3139,#3140,
    #3141,#3142,#3143,#3144,#3145,#3146,#3147,#3148,#3149,#3150,#3151,
    #3152,#3153,#3154,#3155,#3156,#3157,#3158,#3159,#3160,#3161,#3162,
    #3163,#3164,#3165,#3166,#3167,#3168,#3169,#3170,#3171,#3172,#3173,
    #3174,#3175,#3176,#3177,#3178),.UNSPECIFIED.,.T.,.F.,(9,7,7,7,7,7,7,
    7,7,7,7,7,7,7,7,7,7,7,7,7,7,7,7,7,7,7,7,7,7,7,7,7,7,7,7,7,7,7,7,7,7,
    7,7,7,7,7,7,7,7,7,7,7,7,7,7,7,7,7,7,7,7,7,7,7,7,7,7,7,7,7,7,7,7,7,7,
    7,7,7,7,7,7,7,7,7,7,7,7,7,7,7,7,7,7,7,7,7,7,9),(0.,
    9.999867752926E-03,2.099971476972E-02,2.899950099026E-02,
    4.099935722053E-02,5.299932896113E-02,6.29993934552E-02,
    7.399947215595E-02,8.09995444323E-02,9.099958327634E-02,
    0.101999601031,0.112999561237,0.123999486452,0.130999437656,
    0.142999410447,0.151999379541,0.15899933416,0.169999272558,
    0.181999171225,0.191999101934,0.206998959178,0.221998790893,
    0.235998587363,0.24299848117,0.250998367687,0.268998072471,
    0.275997939325,0.296997562381,0.309997356215,0.319997210009,
    0.326997121966,0.337996968812,0.349996780597,0.356996683805,
    0.362996603587,0.374996504081,0.383996487685,0.390996518274,
    0.400996580089,0.411996690269,0.419996774889,0.426996822659,
    0.438996856058,0.447996967771,0.454997139563,0.464997323721,
    0.475997349808,0.482997259347,0.493996911082,0.504996788922,
    0.511996661145,0.522996694577,0.534996943936,0.543997249078,
    0.550997423959,0.56199764243,0.573997852699,0.580997993691,
    0.5909981307,0.601998256435,0.612998324621,0.623998357816,
    0.630998377735,0.642998468322,0.651998525764,0.658998549096,
    0.669998595474,0.681998611936,0.691998640808,0.706998645296,
    0.721998624254,0.73599855815,0.74299852067,0.750998485715,
    0.768998367188,0.775998302754,0.796998131948,0.80999805339,
    0.819998005345,0.826997986015,0.837997940837,0.849997870415,
    0.856997842335,0.862997821014,0.8749978393,0.88399791125,
    0.890998010553,0.90099817053,0.911998388689,0.919998551839,
    0.926998668323,0.938998819517,0.947999019584,0.954999260116,
    0.964999542512,0.975999719758,0.987999888547,1.),.UNSPECIFIED.);
#2498 = CARTESIAN_POINT('',(78.,50.));
#2499 = CARTESIAN_POINT('',(78.000321164347,49.805010590042));
#2500 = CARTESIAN_POINT('',(78.000578685699,49.609967985196));
#2501 = CARTESIAN_POINT('',(78.000699116312,49.414881128568));
#2502 = CARTESIAN_POINT('',(78.000609008443,49.219758963269));
#2503 = CARTESIAN_POINT('',(78.000234914351,49.024610432404));
#2504 = CARTESIAN_POINT('',(77.999503386292,48.829444479082));
#2505 = CARTESIAN_POINT('',(77.998340976525,48.634270046411));
#2506 = CARTESIAN_POINT('',(77.994840825417,48.224404858301));
#2507 = CARTESIAN_POINT('',(77.992410529997,48.009713843611));
#2508 = CARTESIAN_POINT('',(77.989213473195,47.795034856154));
#2509 = CARTESIAN_POINT('',(77.985292762145,47.580382232999));
#2510 = CARTESIAN_POINT('',(77.980490631527,47.36576642674));
#2511 = CARTESIAN_POINT('',(77.974562680531,47.151194184368));
#2512 = CARTESIAN_POINT('',(77.967378743244,46.936671287631));
#2513 = CARTESIAN_POINT('',(77.952507330414,46.566229510931));
#2514 = CARTESIAN_POINT('',(77.945489242674,46.410280725053));
#2515 = CARTESIAN_POINT('',(77.937653013611,46.254364807465));
#2516 = CARTESIAN_POINT('',(77.928937986915,46.098490614894));
#2517 = CARTESIAN_POINT('',(77.919284504598,45.942668534327));
#2518 = CARTESIAN_POINT('',(77.908633906999,45.786910483013));
#2519 = CARTESIAN_POINT('',(77.89692853278,45.631229908457));
#2520 = CARTESIAN_POINT('',(77.864886214723,45.242256167857));
#2521 = CARTESIAN_POINT('',(77.843159746633,45.009079892371));
#2522 = CARTESIAN_POINT('',(77.818721027325,44.776142977904));
#2523 = CARTESIAN_POINT('',(77.791351338131,44.543574577043));
#2524 = CARTESIAN_POINT('',(77.760829874649,44.311311529223));
#2525 = CARTESIAN_POINT('',(77.726954760922,44.079564144457));
#2526 = CARTESIAN_POINT('',(77.689507573242,43.848367784472));
#2527 = CARTESIAN_POINT('',(77.607056502537,43.387319852458));
#2528 = CARTESIAN_POINT('',(77.562047663029,43.157465287733));
#2529 = CARTESIAN_POINT('',(77.513089205314,42.928419799168));
#2530 = CARTESIAN_POINT('',(77.459864689816,42.700246430485));
#2531 = CARTESIAN_POINT('',(77.402350709827,42.473164483373));
#2532 = CARTESIAN_POINT('',(77.340214986958,42.24727965768));
#2533 = CARTESIAN_POINT('',(77.273365735979,42.022778525303));
#2534 = CARTESIAN_POINT('',(77.141875991751,41.614067544315));
#2535 = CARTESIAN_POINT('',(77.0787183136,41.429377499182));
#2536 = CARTESIAN_POINT('',(77.012098863743,41.245880448364));
#2537 = CARTESIAN_POINT('',(76.941936732962,41.063691354468));
#2538 = CARTESIAN_POINT('',(76.868166017255,40.88292794132));
#2539 = CARTESIAN_POINT('',(76.790744242551,40.703707661598));
#2540 = CARTESIAN_POINT('',(76.709645745874,40.526149404814));
#2541 = CARTESIAN_POINT('',(76.531553640925,40.157033404266));
#2542 = CARTESIAN_POINT('',(76.433786439464,39.965842147666));
#2543 = CARTESIAN_POINT('',(76.33152486935,39.77697858874));
#2544 = CARTESIAN_POINT('',(76.224753955747,39.590591316797));
#2545 = CARTESIAN_POINT('',(76.113505380996,39.406837985311));
#2546 = CARTESIAN_POINT('',(75.997833588673,39.225868657461));
#2547 = CARTESIAN_POINT('',(75.877792807347,39.04780777011));
#2548 = CARTESIAN_POINT('',(75.674384530402,38.761403046169));
#2549 = CARTESIAN_POINT('',(75.593550145934,38.651251463785));
#2550 = CARTESIAN_POINT('',(75.51100925776,38.542359383099));
#2551 = CARTESIAN_POINT('',(75.426788702427,38.434755217201));
#2552 = CARTESIAN_POINT('',(75.340917644345,38.328464538865));
#2553 = CARTESIAN_POINT('',(75.253427575788,38.223510080543));
#2554 = CARTESIAN_POINT('',(75.164352316892,38.119911734371));
#2555 = CARTESIAN_POINT('',(74.944265562017,37.871651518155));
#2556 = CARTESIAN_POINT('',(74.811639007331,37.72842231669));
#2557 = CARTESIAN_POINT('',(74.675955652688,37.588044835427));
#2558 = CARTESIAN_POINT('',(74.537326188263,37.450560279108));
#2559 = CARTESIAN_POINT('',(74.395866207736,37.31599638063));
#2560 = CARTESIAN_POINT('',(74.251695686247,37.184365237113));
#2561 = CARTESIAN_POINT('',(74.104936421913,37.055667770985));
#2562 = CARTESIAN_POINT('',(73.791555934449,36.791565879717));
#2563 = CARTESIAN_POINT('',(73.624415705319,36.656769824295));
#2564 = CARTESIAN_POINT('',(73.454450398117,36.525519408677));
#2565 = CARTESIAN_POINT('',(73.281810546727,36.397781033642));
#2566 = CARTESIAN_POINT('',(73.106655991613,36.273524266746));
#2567 = CARTESIAN_POINT('',(72.929140236713,36.152710681699));
#2568 = CARTESIAN_POINT('',(72.749396856212,36.035279240681));
#2569 = CARTESIAN_POINT('',(72.385740218105,35.807072252251));
#2570 = CARTESIAN_POINT('',(72.201828193543,35.696298280126));
#2571 = CARTESIAN_POINT('',(72.015956627112,35.588787629764));
#2572 = CARTESIAN_POINT('',(71.828271303544,35.484482873808));
#2573 = CARTESIAN_POINT('',(71.638884079998,35.383312385198));
#2574 = CARTESIAN_POINT('',(71.447899686076,35.28519936831));
#2575 = CARTESIAN_POINT('',(71.255441919318,35.190073758513));
#2576 = CARTESIAN_POINT('',(70.867752214508,35.00564284126));
#2577 = CARTESIAN_POINT('',(70.672521284809,34.91633905119));
#2578 = CARTESIAN_POINT('',(70.476015080432,34.829866214885));
#2579 = CARTESIAN_POINT('',(70.278303818516,34.746156438559));
#2580 = CARTESIAN_POINT('',(70.079481776789,34.665128109686));
#2581 = CARTESIAN_POINT('',(69.879638167792,34.586700778923));
#2582 = CARTESIAN_POINT('',(69.678825924325,34.510809152928));
#2583 = CARTESIAN_POINT('',(69.34876234068,34.390642602721));
#2584 = CARTESIAN_POINT('',(69.220043178072,34.344906319712));
#2585 = CARTESIAN_POINT('',(69.090979009008,34.3001463595));
#2586 = CARTESIAN_POINT('',(68.961585495166,34.256344129349));
#2587 = CARTESIAN_POINT('',(68.83187785056,34.213481269257));
#2588 = CARTESIAN_POINT('',(68.701870841536,34.171539651956));
#2589 = CARTESIAN_POINT('',(68.571578786775,34.130501382912));
#2590 = CARTESIAN_POINT('',(68.217191825458,34.021515477856));
#2591 = CARTESIAN_POINT('',(67.992569737946,33.955284217767));
#2592 = CARTESIAN_POINT('',(67.767200294595,33.891581844057));
#2593 = CARTESIAN_POINT('',(67.541187663033,33.83027331387));
#2594 = CARTESIAN_POINT('',(67.314516511068,33.771355834517));
#2595 = CARTESIAN_POINT('',(67.087297733228,33.714677176484));
#2596 = CARTESIAN_POINT('',(66.859547035299,33.66019641321));
#2597 = CARTESIAN_POINT('',(66.460133894721,33.568558483329));
#2598 = CARTESIAN_POINT('',(66.288683442372,33.530476098905));
#2599 = CARTESIAN_POINT('',(66.116977917896,33.49355183079));
#2600 = CARTESIAN_POINT('',(65.945033380325,33.457755407454));
#2601 = CARTESIAN_POINT('',(65.772864211115,33.423058211188));
#2602 = CARTESIAN_POINT('',(65.60048381161,33.389432331842));
#2603 = CARTESIAN_POINT('',(65.427905300499,33.35684962056));
#2604 = CARTESIAN_POINT('',(65.120771329399,33.300727247356));
#2605 = CARTESIAN_POINT('',(64.986288289262,33.276787974934));
#2606 = CARTESIAN_POINT('',(64.851698639366,33.253450234433));
#2607 = CARTESIAN_POINT('',(64.717007741129,33.230701546278));
#2608 = CARTESIAN_POINT('',(64.582220768891,33.208529643145));
#2609 = CARTESIAN_POINT('',(64.447342709916,33.186922469957));
#2610 = CARTESIAN_POINT('',(64.312378364393,33.165868183885));
#2611 = CARTESIAN_POINT('',(63.96511698539,33.113120365183));
#2612 = CARTESIAN_POINT('',(63.752698628409,33.082222204897));
#2613 = CARTESIAN_POINT('',(63.540091585109,33.052621840251));
#2614 = CARTESIAN_POINT('',(63.327315975073,33.024266907793));
#2615 = CARTESIAN_POINT('',(63.114385056822,32.997117923005));
#2616 = CARTESIAN_POINT('',(62.901308751107,32.971140524096));
#2617 = CARTESIAN_POINT('',(62.688099826886,32.946292544523));
#2618 = CARTESIAN_POINT('',(62.242045582161,32.89661756063));
#2619 = CARTESIAN_POINT('',(62.009177918374,32.871997788823));
#2620 = CARTESIAN_POINT('',(61.776180889257,32.848624630595));
#2621 = CARTESIAN_POINT('',(61.543063215668,32.826459827513));
#2622 = CARTESIAN_POINT('',(61.309839384312,32.805450256577));
#2623 = CARTESIAN_POINT('',(61.07652250126,32.785545068695));
#2624 = CARTESIAN_POINT('',(60.843117586304,32.766711549408));
#2625 = CARTESIAN_POINT('',(60.415065152997,32.734063834681));
#2626 = CARTESIAN_POINT('',(60.220441211959,32.719937017106));
#2627 = CARTESIAN_POINT('',(60.025768263614,32.706497370609));
#2628 = CARTESIAN_POINT('',(59.831051000641,32.693720723283));
#2629 = CARTESIAN_POINT('',(59.636293303214,32.681584454074));
#2630 = CARTESIAN_POINT('',(59.441498433792,32.670066895518));
#2631 = CARTESIAN_POINT('',(59.246669446837,32.659146310379));
#2632 = CARTESIAN_POINT('',(58.75952111986,32.633279180121));
#2633 = CARTESIAN_POINT('',(58.467164001761,32.619050332329));
#2634 = CARTESIAN_POINT('',(58.174750546384,32.606035966331));
#2635 = CARTESIAN_POINT('',(57.882287672702,32.594166574405));
#2636 = CARTESIAN_POINT('',(57.589780209829,32.583389631164));
#2637 = CARTESIAN_POINT('',(57.297242423491,32.573605273984));
#2638 = CARTESIAN_POINT('',(57.004675245388,32.564768741186));
#2639 = CARTESIAN_POINT('',(56.419493080451,32.548858140569));
#2640 = CARTESIAN_POINT('',(56.126878461036,32.54178369579));
#2641 = CARTESIAN_POINT('',(55.834243308585,32.535531055776));
#2642 = CARTESIAN_POINT('',(55.541594438133,32.5300298653));
#2643 = CARTESIAN_POINT('',(55.248934582213,32.525220878787));
#2644 = CARTESIAN_POINT('',(54.956264676907,32.52104910256));
#2645 = CARTESIAN_POINT('',(54.663587625048,32.5174527333));
#2646 = CARTESIAN_POINT('',(54.097735617181,32.511498529037));
#2647 = CARTESIAN_POINT('',(53.824561605751,32.509072495599));
#2648 = CARTESIAN_POINT('',(53.551383502221,32.507059333557));
#2649 = CARTESIAN_POINT('',(53.278206169185,32.505366973961));
#2650 = CARTESIAN_POINT('',(53.005025180211,32.50401990789));
#2651 = CARTESIAN_POINT('',(52.731844139142,32.502938292504));
#2652 = CARTESIAN_POINT('',(52.458661890527,32.502102634303));
#2653 = CARTESIAN_POINT('',(52.048887557328,32.501154019126));
#2654 = CARTESIAN_POINT('',(51.912295946125,32.500888777463));
#2655 = CARTESIAN_POINT('',(51.77570412922,32.500669769531));
#2656 = CARTESIAN_POINT('',(51.639112125315,32.500492265795));
#2657 = CARTESIAN_POINT('',(51.502519953108,32.500351536725));
#2658 = CARTESIAN_POINT('',(51.365927631301,32.500242852786));
#2659 = CARTESIAN_POINT('',(51.229335178592,32.500161484447));
#2660 = CARTESIAN_POINT('',(50.936636671461,32.500035522366));
#2661 = CARTESIAN_POINT('',(50.780530652055,32.499999085407));
#2662 = CARTESIAN_POINT('',(50.624424571338,32.499984537267));
#2663 = CARTESIAN_POINT('',(50.468318444644,32.499983984278));
#2664 = CARTESIAN_POINT('',(50.312212286763,32.499990493126));
#2665 = CARTESIAN_POINT('',(50.156106111944,32.499998090858));
#2666 = CARTESIAN_POINT('',(49.999999933895,32.500001764879));
#2667 = CARTESIAN_POINT('',(49.492655665687,32.499987783638));
#2668 = CARTESIAN_POINT('',(49.141417705761,32.499966617006));
#2669 = CARTESIAN_POINT('',(48.790179918329,32.500014378479));
#2670 = CARTESIAN_POINT('',(48.438942446188,32.500211483908));
#2671 = CARTESIAN_POINT('',(48.087705542605,32.500638349565));
#2672 = CARTESIAN_POINT('',(47.736469571318,32.501375392151));
#2673 = CARTESIAN_POINT('',(47.385235006536,32.502503028791));
#2674 = CARTESIAN_POINT('',(46.897412345531,32.504723371946));
#2675 = CARTESIAN_POINT('',(46.760822642563,32.505416684977));
#2676 = CARTESIAN_POINT('',(46.624233239596,32.506185724901));
#2677 = CARTESIAN_POINT('',(46.487644110879,32.507034979273));
#2678 = CARTESIAN_POINT('',(46.351055289356,32.507969314427));
#2679 = CARTESIAN_POINT('',(46.214466866662,32.508993975481));
#2680 = CARTESIAN_POINT('',(46.077878993124,32.510114586336));
#2681 = CARTESIAN_POINT('',(45.531530092711,32.515004843603));
#2682 = CARTESIAN_POINT('',(45.121776833644,32.519593168141));
#2683 = CARTESIAN_POINT('',(44.71203320864,32.525255586173));
#2684 = CARTESIAN_POINT('',(44.302316358596,32.532188675406));
#2685 = CARTESIAN_POINT('',(43.892608953905,32.540485688841));
#2686 = CARTESIAN_POINT('',(43.482946283188,32.550387601525));
#2687 = CARTESIAN_POINT('',(43.073329397383,32.56203421699));
#2688 = CARTESIAN_POINT('',(42.410241034677,32.584008634538));
#2689 = CARTESIAN_POINT('',(42.156731162764,32.593148567744));
#2690 = CARTESIAN_POINT('',(41.903249044314,32.60306916352));
#2691 = CARTESIAN_POINT('',(41.649801295923,32.613820526423));
#2692 = CARTESIAN_POINT('',(41.396391835165,32.625444579139));
#2693 = CARTESIAN_POINT('',(41.143024894385,32.637983088692));
#2694 = CARTESIAN_POINT('',(40.889708572519,32.651487313687));
#2695 = CARTESIAN_POINT('',(40.441636614832,32.677176541738));
#2696 = CARTESIAN_POINT('',(40.246857360846,32.688946452926));
#2697 = CARTESIAN_POINT('',(40.052116335539,32.701340354964));
#2698 = CARTESIAN_POINT('',(39.85741633376,32.714378862086));
#2699 = CARTESIAN_POINT('',(39.662761105942,32.728084297168));
#2700 = CARTESIAN_POINT('',(39.468155828555,32.742481995347));
#2701 = CARTESIAN_POINT('',(39.273606432632,32.757598499771));
#2702 = CARTESIAN_POINT('',(38.942975462615,32.784557376963));
#2703 = CARTESIAN_POINT('',(38.806862738022,32.796021587839));
#2704 = CARTESIAN_POINT('',(38.6707813892,32.807857702534));
#2705 = CARTESIAN_POINT('',(38.534733346278,32.820074385728));
#2706 = CARTESIAN_POINT('',(38.398720696888,32.832680546353));
#2707 = CARTESIAN_POINT('',(38.262745686174,32.845685337595));
#2708 = CARTESIAN_POINT('',(38.126810716786,32.859098156892));
#2709 = CARTESIAN_POINT('',(37.77737348669,32.894662242338));
#2710 = CARTESIAN_POINT('',(37.563933229295,32.917427216606));
#2711 = CARTESIAN_POINT('',(37.350606039779,32.941256776077));
#2712 = CARTESIAN_POINT('',(37.137402924944,32.966188765708));
#2713 = CARTESIAN_POINT('',(36.924337621739,32.992266500745));
#2714 = CARTESIAN_POINT('',(36.711422342823,33.019529614571));
#2715 = CARTESIAN_POINT('',(36.498666785427,33.048011620268));
#2716 = CARTESIAN_POINT('',(36.054184503983,33.110214569898));
#2717 = CARTESIAN_POINT('',(35.82249137913,33.144174695583));
#2718 = CARTESIAN_POINT('',(35.591031293705,33.179701927102));
#2719 = CARTESIAN_POINT('',(35.359819388723,33.216844269465));
#2720 = CARTESIAN_POINT('',(35.128877882245,33.255656431373));
#2721 = CARTESIAN_POINT('',(34.89824588297,33.296225447213));
#2722 = CARTESIAN_POINT('',(34.667936660417,33.338588463002));
#2723 = CARTESIAN_POINT('',(34.303849933769,33.408626460312));
#2724 = CARTESIAN_POINT('',(34.169835622049,33.435066761741));
#2725 = CARTESIAN_POINT('',(34.035950021691,33.462156764978));
#2726 = CARTESIAN_POINT('',(33.902199336159,33.489909772367));
#2727 = CARTESIAN_POINT('',(33.768590321704,33.518339485264));
#2728 = CARTESIAN_POINT('',(33.635130287363,33.54746000403));
#2729 = CARTESIAN_POINT('',(33.501827094966,33.577285828039));
#2730 = CARTESIAN_POINT('',(33.254570876162,33.634014177059));
#2731 = CARTESIAN_POINT('',(33.140574249102,33.660725911254));
#2732 = CARTESIAN_POINT('',(33.026704083018,33.687975946897));
#2733 = CARTESIAN_POINT('',(32.912965577003,33.715773498311));
#2734 = CARTESIAN_POINT('',(32.79936432418,33.744128105512));
#2735 = CARTESIAN_POINT('',(32.6859063117,33.773049634201));
#2736 = CARTESIAN_POINT('',(32.57259792074,33.802548275771));
#2737 = CARTESIAN_POINT('',(32.233140788968,33.892807395885));
#2738 = CARTESIAN_POINT('',(32.007462857361,33.95533132085));
#2739 = CARTESIAN_POINT('',(31.782453918435,34.020279578555));
#2740 = CARTESIAN_POINT('',(31.558182476156,34.087743485915));
#2741 = CARTESIAN_POINT('',(31.334715468255,34.157820397621));
#2742 = CARTESIAN_POINT('',(31.112095647992,34.230569798462));
#2743 = CARTESIAN_POINT('',(30.890427340792,34.306113384368));
#2744 = CARTESIAN_POINT('',(30.504290395703,34.443346763601));
#2745 = CARTESIAN_POINT('',(30.33937678372,34.503779011798));
#2746 = CARTESIAN_POINT('',(30.175073637355,34.565870016614));
#2747 = CARTESIAN_POINT('',(30.011418372761,34.629660426543));
#2748 = CARTESIAN_POINT('',(29.84845037766,34.695190876685));
#2749 = CARTESIAN_POINT('',(29.686211770313,34.76250235814));
#2750 = CARTESIAN_POINT('',(29.524748158484,34.831636587395));
#2751 = CARTESIAN_POINT('',(29.239167366961,34.957858775207));
#2752 = CARTESIAN_POINT('',(29.114723446487,35.014209087656));
#2753 = CARTESIAN_POINT('',(28.990800754211,35.071707261327));
#2754 = CARTESIAN_POINT('',(28.867423493387,35.130373013459));
#2755 = CARTESIAN_POINT('',(28.744616953296,35.190225830265));
#2756 = CARTESIAN_POINT('',(28.622407509241,35.251284966922));
#2757 = CARTESIAN_POINT('',(28.50082262255,35.313569447581));
#2758 = CARTESIAN_POINT('',(28.207130839078,35.467853398023));
#2759 = CARTESIAN_POINT('',(28.035705643257,35.561147628989));
#2760 = CARTESIAN_POINT('',(27.865695465049,35.657036294808));
#2761 = CARTESIAN_POINT('',(27.697191905368,35.755571213577));
#2762 = CARTESIAN_POINT('',(27.53029133121,35.856802213203));
#2763 = CARTESIAN_POINT('',(27.365092335947,35.96077691052));
#2764 = CARTESIAN_POINT('',(27.20169728282,36.067538541248));
#2765 = CARTESIAN_POINT('',(26.862589964093,36.29766393258));
#2766 = CARTESIAN_POINT('',(26.687279130248,36.421625616293));
#2767 = CARTESIAN_POINT('',(26.514427478709,36.549040851024));
#2768 = CARTESIAN_POINT('',(26.344193891034,36.679971812007));
#2769 = CARTESIAN_POINT('',(26.176729247895,36.814436736552));
#2770 = CARTESIAN_POINT('',(26.012189554793,36.952442401838));
#2771 = CARTESIAN_POINT('',(25.850745738904,37.0940155474));
#2772 = CARTESIAN_POINT('',(25.577496465709,37.344663620041));
#2773 = CARTESIAN_POINT('',(25.464161232318,37.452073757367));
#2774 = CARTESIAN_POINT('',(25.352606316906,37.561353513638));
#2775 = CARTESIAN_POINT('',(25.242892680771,37.672493524497));
#2776 = CARTESIAN_POINT('',(25.135079058066,37.785479514736));
#2777 = CARTESIAN_POINT('',(25.029221955804,37.900292298298));
#2778 = CARTESIAN_POINT('',(24.925375653854,38.016907778273));
#2779 = CARTESIAN_POINT('',(24.734532021414,38.238887080662));
#2780 = CARTESIAN_POINT('',(24.647051028951,38.343835948723));
#2781 = CARTESIAN_POINT('',(24.561184221519,38.450123664512));
#2782 = CARTESIAN_POINT('',(24.476963909096,38.557727805201));
#2783 = CARTESIAN_POINT('',(24.394419717677,38.666623411707));
#2784 = CARTESIAN_POINT('',(24.31357858927,38.776782988695));
#2785 = CARTESIAN_POINT('',(24.234464781901,38.888176504575));
#2786 = CARTESIAN_POINT('',(24.024474841614,39.193790417681));
#2787 = CARTESIAN_POINT('',(23.896967554565,39.390334771498));
#2788 = CARTESIAN_POINT('',(23.774774056514,39.590268368395));
#2789 = CARTESIAN_POINT('',(23.657757106069,39.793345926942));
#2790 = CARTESIAN_POINT('',(23.546273288441,39.999449527441));
#2791 = CARTESIAN_POINT('',(23.440024234787,40.208314787441));
#2792 = CARTESIAN_POINT('',(23.339178123107,40.41975695291));
#2793 = CARTESIAN_POINT('',(23.171932539478,40.793912255813));
#2794 = CARTESIAN_POINT('',(23.103227850541,40.955593113977));
#2795 = CARTESIAN_POINT('',(23.037473782781,41.11851518283));
#2796 = CARTESIAN_POINT('',(22.974637169616,41.282591638006));
#2797 = CARTESIAN_POINT('',(22.914674884932,41.447736647522));
#2798 = CARTESIAN_POINT('',(22.857535287153,41.613866696053));
#2799 = CARTESIAN_POINT('',(22.803159663318,41.780901909209));
#2800 = CARTESIAN_POINT('',(22.711290748852,42.079330992523));
#2801 = CARTESIAN_POINT('',(22.672731579122,42.210395614044));
#2802 = CARTESIAN_POINT('',(22.635774937049,42.341926725579));
#2803 = CARTESIAN_POINT('',(22.600388035508,42.473891077788));
#2804 = CARTESIAN_POINT('',(22.566536527146,42.606256688781));
#2805 = CARTESIAN_POINT('',(22.534184504392,42.738992844116));
#2806 = CARTESIAN_POINT('',(22.503294499452,42.872070096801));
#2807 = CARTESIAN_POINT('',(22.431732006258,43.196016486409));
#2808 = CARTESIAN_POINT('',(22.39254203192,43.387211942158));
#2809 = CARTESIAN_POINT('',(22.356139388492,43.578974330899));
#2810 = CARTESIAN_POINT('',(22.32240965254,43.771225611845));
#2811 = CARTESIAN_POINT('',(22.29123472715,43.96389814948));
#2812 = CARTESIAN_POINT('',(22.26249074004,44.156939319282));
#2813 = CARTESIAN_POINT('',(22.236051262623,44.350304576766));
#2814 = CARTESIAN_POINT('',(22.185115324268,44.756933426867));
#2815 = CARTESIAN_POINT('',(22.161075433985,44.970256647635));
#2816 = CARTESIAN_POINT('',(22.139517803027,45.183858728069));
#2817 = CARTESIAN_POINT('',(22.120271262262,45.397681027307));
#2818 = CARTESIAN_POINT('',(22.103168739972,45.611672900209));
#2819 = CARTESIAN_POINT('',(22.088054854465,45.825803210756));
#2820 = CARTESIAN_POINT('',(22.074780954126,46.040056201792));
#2821 = CARTESIAN_POINT('',(22.055804805868,46.390800601566));
#2822 = CARTESIAN_POINT('',(22.049104511596,46.52723555928));
#2823 = CARTESIAN_POINT('',(22.043043864426,46.663700698601));
#2824 = CARTESIAN_POINT('',(22.037583381292,46.800191126738));
#2825 = CARTESIAN_POINT('',(22.032683698915,46.936702509198));
#2826 = CARTESIAN_POINT('',(22.028305573811,47.07323106979));
#2827 = CARTESIAN_POINT('',(22.024409882285,47.209773590623));
#2828 = CARTESIAN_POINT('',(22.015532739184,47.560907967895));
#2829 = CARTESIAN_POINT('',(22.011206389702,47.775516173215));
#2830 = CARTESIAN_POINT('',(22.007802043244,47.990135370149));
#2831 = CARTESIAN_POINT('',(22.005205514545,48.204762798433));
#2832 = CARTESIAN_POINT('',(22.003311328745,48.419398442647));
#2833 = CARTESIAN_POINT('',(22.001998114991,48.634039894967));
#2834 = CARTESIAN_POINT('',(22.001133026744,48.848683233486));
#2835 = CARTESIAN_POINT('',(22.000077339952,49.277981010922));
#2836 = CARTESIAN_POINT('',(21.999873463576,49.492634240972));
#2837 = CARTESIAN_POINT('',(21.999904293728,49.707288533923));
#2838 = CARTESIAN_POINT('',(22.000088911149,49.921944076728));
#2839 = CARTESIAN_POINT('',(22.000077585095,50.136599898189));
#2840 = CARTESIAN_POINT('',(21.999846082389,50.351254858028));
#2841 = CARTESIAN_POINT('',(21.999958261926,50.565908874402));
#2842 = CARTESIAN_POINT('',(22.000507278369,50.917157193569));
#2843 = CARTESIAN_POINT('',(22.00082989589,51.053751820217));
#2844 = CARTESIAN_POINT('',(22.001292617256,51.190344787806));
#2845 = CARTESIAN_POINT('',(22.001926434252,51.326935782459));
#2846 = CARTESIAN_POINT('',(22.002762338661,51.4635244903));
#2847 = CARTESIAN_POINT('',(22.00383132227,51.600110597454));
#2848 = CARTESIAN_POINT('',(22.005164376862,51.736693790043));
#2849 = CARTESIAN_POINT('',(22.009351018841,52.0879039823));
#2850 = CARTESIAN_POINT('',(22.012642932596,52.302524372852));
#2851 = CARTESIAN_POINT('',(22.016768938771,52.51713749637));
#2852 = CARTESIAN_POINT('',(22.021859084591,52.731737021013));
#2853 = CARTESIAN_POINT('',(22.028086697434,52.946306791658));
#2854 = CARTESIAN_POINT('',(22.035617030043,53.16083097153));
#2855 = CARTESIAN_POINT('',(22.044576995333,53.375299473153));
#2856 = CARTESIAN_POINT('',(22.066647531413,53.823580798852));
#2857 = CARTESIAN_POINT('',(22.080060209712,54.057374862305));
#2858 = CARTESIAN_POINT('',(22.095561838875,54.291059357652));
#2859 = CARTESIAN_POINT('',(22.113396665479,54.524546993365));
#2860 = CARTESIAN_POINT('',(22.133694450616,54.757891206433));
#2861 = CARTESIAN_POINT('',(22.15672825989,54.990954329386));
#2862 = CARTESIAN_POINT('',(22.182689730193,55.223702710184));
#2863 = CARTESIAN_POINT('',(22.233625726429,55.630332022355));
#2864 = CARTESIAN_POINT('',(22.257223942809,55.804382722329));
#2865 = CARTESIAN_POINT('',(22.282680406689,55.978178219212));
#2866 = CARTESIAN_POINT('',(22.310085334639,56.151682374327));
#2867 = CARTESIAN_POINT('',(22.339528415478,56.324856023148));
#2868 = CARTESIAN_POINT('',(22.371097973461,56.497655197241));
#2869 = CARTESIAN_POINT('',(22.404880131463,56.670029346203));
#2870 = CARTESIAN_POINT('',(22.469018268151,56.975610755079));
#2871 = CARTESIAN_POINT('',(22.498468902733,57.109013181905));
#2872 = CARTESIAN_POINT('',(22.529348807885,57.242099017034));
#2873 = CARTESIAN_POINT('',(22.561695869924,57.374839450543));
#2874 = CARTESIAN_POINT('',(22.595546931516,57.507204685633));
#2875 = CARTESIAN_POINT('',(22.630937791674,57.639163938627));
#2876 = CARTESIAN_POINT('',(22.667903205756,57.770685438968));
#2877 = CARTESIAN_POINT('',(22.767092357406,58.10767264483));
#2878 = CARTESIAN_POINT('',(22.831669076821,58.312444202471));
#2879 = CARTESIAN_POINT('',(22.90034724696,58.515909568892));
#2880 = CARTESIAN_POINT('',(22.973220525447,58.717937924494));
#2881 = CARTESIAN_POINT('',(23.050387742104,58.918371223301));
#2882 = CARTESIAN_POINT('',(23.13193605338,59.117046295877));
#2883 = CARTESIAN_POINT('',(23.21791383152,59.313816226181));
#2884 = CARTESIAN_POINT('',(23.407010725217,59.720903199094));
#2885 = CARTESIAN_POINT('',(23.510994356632,59.930832318183));
#2886 = CARTESIAN_POINT('',(23.620313098274,60.138086278679));
#2887 = CARTESIAN_POINT('',(23.735011372879,60.342453013917));
#2888 = CARTESIAN_POINT('',(23.85505636404,60.54373148934));
#2889 = CARTESIAN_POINT('',(23.980375974853,60.741732983126));
#2890 = CARTESIAN_POINT('',(24.110906672003,60.936280770692));
#2891 = CARTESIAN_POINT('',(24.325615469596,61.238596953831));
#2892 = CARTESIAN_POINT('',(24.406449854063,61.348748536214));
#2893 = CARTESIAN_POINT('',(24.488990742238,61.457640616901));
#2894 = CARTESIAN_POINT('',(24.573211297573,61.5652447828));
#2895 = CARTESIAN_POINT('',(24.659082355656,61.671535461137));
#2896 = CARTESIAN_POINT('',(24.746572424214,61.776489919459));
#2897 = CARTESIAN_POINT('',(24.83564768311,61.880088265632));
#2898 = CARTESIAN_POINT('',(25.055734437984,62.128348481847));
#2899 = CARTESIAN_POINT('',(25.18836099267,62.271577683312));
#2900 = CARTESIAN_POINT('',(25.324044347314,62.411955164575));
#2901 = CARTESIAN_POINT('',(25.462673811738,62.549439720893));
#2902 = CARTESIAN_POINT('',(25.604133792266,62.684003619372));
#2903 = CARTESIAN_POINT('',(25.748304313755,62.815634762889));
#2904 = CARTESIAN_POINT('',(25.895063578088,62.944332229017));
#2905 = CARTESIAN_POINT('',(26.20844406555,63.208434120282));
#2906 = CARTESIAN_POINT('',(26.375584294689,63.343230175712));
#2907 = CARTESIAN_POINT('',(26.545549601878,63.47448059132));
#2908 = CARTESIAN_POINT('',(26.718189453275,63.602218966358));
#2909 = CARTESIAN_POINT('',(26.893344008395,63.72647573326));
#2910 = CARTESIAN_POINT('',(27.070859763282,63.847289318298));
#2911 = CARTESIAN_POINT('',(27.250603143792,63.964720759322));
#2912 = CARTESIAN_POINT('',(27.614259781898,64.192927747751));
#2913 = CARTESIAN_POINT('',(27.798171806454,64.303701719873));
#2914 = CARTESIAN_POINT('',(27.984043372894,64.411212370239));
#2915 = CARTESIAN_POINT('',(28.171728696458,64.515517126193));
#2916 = CARTESIAN_POINT('',(28.361115919999,64.616687614801));
#2917 = CARTESIAN_POINT('',(28.55210031393,64.714800631693));
#2918 = CARTESIAN_POINT('',(28.744558080683,64.809926241488));
#2919 = CARTESIAN_POINT('',(29.132247785499,64.994357158743));
#2920 = CARTESIAN_POINT('',(29.32747871518,65.083660948805));
#2921 = CARTESIAN_POINT('',(29.523984919583,65.170133785121));
#2922 = CARTESIAN_POINT('',(29.721696181485,65.253843561442));
#2923 = CARTESIAN_POINT('',(29.920518223199,65.334871890309));
#2924 = CARTESIAN_POINT('',(30.120361832223,65.413299221083));
#2925 = CARTESIAN_POINT('',(30.321174075671,65.489190847071));
#2926 = CARTESIAN_POINT('',(30.651237659322,65.609357397279));
#2927 = CARTESIAN_POINT('',(30.77995682193,65.655093680289));
#2928 = CARTESIAN_POINT('',(30.909020990994,65.699853640501));
#2929 = CARTESIAN_POINT('',(31.038414504836,65.743655870652));
#2930 = CARTESIAN_POINT('',(31.168122149442,65.786518730743));
#2931 = CARTESIAN_POINT('',(31.298129158466,65.828460348044));
#2932 = CARTESIAN_POINT('',(31.428421213227,65.869498617088));
#2933 = CARTESIAN_POINT('',(31.78280817454,65.978484522144));
#2934 = CARTESIAN_POINT('',(32.007430262071,66.044715782241));
#2935 = CARTESIAN_POINT('',(32.232799705375,66.108418155927));
#2936 = CARTESIAN_POINT('',(32.458812337014,66.169726686153));
#2937 = CARTESIAN_POINT('',(32.685483488892,66.228644165465));
#2938 = CARTESIAN_POINT('',(32.912702266799,66.285322823525));
#2939 = CARTESIAN_POINT('',(33.140452964695,66.339803586789));
#2940 = CARTESIAN_POINT('',(33.539866105281,66.431441516672));
#2941 = CARTESIAN_POINT('',(33.71131655763,66.469523901095));
#2942 = CARTESIAN_POINT('',(33.883022082106,66.50644816921));
#2943 = CARTESIAN_POINT('',(34.054966619677,66.542244592547));
#2944 = CARTESIAN_POINT('',(34.227135788887,66.576941788812));
#2945 = CARTESIAN_POINT('',(34.399516188392,66.610567668158));
#2946 = CARTESIAN_POINT('',(34.572094699503,66.64315037944));
#2947 = CARTESIAN_POINT('',(34.879228670603,66.699272752645));
#2948 = CARTESIAN_POINT('',(35.01371171074,66.723212025066));
#2949 = CARTESIAN_POINT('',(35.148301360636,66.746549765567));
#2950 = CARTESIAN_POINT('',(35.282992258873,66.769298453722));
#2951 = CARTESIAN_POINT('',(35.417779231111,66.791470356855));
#2952 = CARTESIAN_POINT('',(35.552657290085,66.813077530043));
#2953 = CARTESIAN_POINT('',(35.687621635609,66.834131816116));
#2954 = CARTESIAN_POINT('',(36.034883014611,66.886879634817));
#2955 = CARTESIAN_POINT('',(36.247301371599,66.917777795104));
#2956 = CARTESIAN_POINT('',(36.459908414883,66.947378159748));
#2957 = CARTESIAN_POINT('',(36.672684024931,66.975733092207));
#2958 = CARTESIAN_POINT('',(36.88561494319,67.002882076996));
#2959 = CARTESIAN_POINT('',(37.098691248883,67.028859475903));
#2960 = CARTESIAN_POINT('',(37.31190017312,67.053707455478));
#2961 = CARTESIAN_POINT('',(37.757954417834,67.103382439369));
#2962 = CARTESIAN_POINT('',(37.990822081643,67.128002211179));
#2963 = CARTESIAN_POINT('',(38.223819110732,67.151375369403));
#2964 = CARTESIAN_POINT('',(38.456936784332,67.173540172487));
#2965 = CARTESIAN_POINT('',(38.690160615703,67.194549743425));
#2966 = CARTESIAN_POINT('',(38.92347749873,67.214454931304));
#2967 = CARTESIAN_POINT('',(39.156882413701,67.233288450593));
#2968 = CARTESIAN_POINT('',(39.584934847004,67.265936165319));
#2969 = CARTESIAN_POINT('',(39.779558788044,67.280062982894));
#2970 = CARTESIAN_POINT('',(39.974231736388,67.293502629391));
#2971 = CARTESIAN_POINT('',(40.16894899936,67.306279276717));
#2972 = CARTESIAN_POINT('',(40.363706696787,67.318415545926));
#2973 = CARTESIAN_POINT('',(40.55850156621,67.329933104482));
#2974 = CARTESIAN_POINT('',(40.753330553164,67.340853689621));
#2975 = CARTESIAN_POINT('',(41.240478880146,67.366720819879));
#2976 = CARTESIAN_POINT('',(41.532835998235,67.380949667674));
#2977 = CARTESIAN_POINT('',(41.825249453604,67.393964033661));
#2978 = CARTESIAN_POINT('',(42.117712327346,67.405833425608));
#2979 = CARTESIAN_POINT('',(42.410219790116,67.416610368826));
#2980 = CARTESIAN_POINT('',(42.702757576545,67.42639472602));
#2981 = CARTESIAN_POINT('',(42.995324754605,67.435231258814));
#2982 = CARTESIAN_POINT('',(43.580506919549,67.451141859431));
#2983 = CARTESIAN_POINT('',(43.873121538972,67.45821630421));
#2984 = CARTESIAN_POINT('',(44.165756691408,67.464468944224));
#2985 = CARTESIAN_POINT('',(44.45840556187,67.4699701347));
#2986 = CARTESIAN_POINT('',(44.751065417796,67.474779121213));
#2987 = CARTESIAN_POINT('',(45.043735323086,67.47895089744));
#2988 = CARTESIAN_POINT('',(45.336412374956,67.482547266701));
#2989 = CARTESIAN_POINT('',(45.9022643828,67.488501470963));
#2990 = CARTESIAN_POINT('',(46.175438394336,67.4909275044));
#2991 = CARTESIAN_POINT('',(46.448616497609,67.492940666449));
#2992 = CARTESIAN_POINT('',(46.721793831017,67.494633026029));
#2993 = CARTESIAN_POINT('',(46.994974819644,67.495980092117));
#2994 = CARTESIAN_POINT('',(47.268155860925,67.497061707492));
#2995 = CARTESIAN_POINT('',(47.54133810946,67.497897365696));
#2996 = CARTESIAN_POINT('',(47.951112442673,67.498845980873));
#2997 = CARTESIAN_POINT('',(48.087704053876,67.499111222536));
#2998 = CARTESIAN_POINT('',(48.224295870781,67.499330230468));
#2999 = CARTESIAN_POINT('',(48.360887874687,67.499507734203));
#3000 = CARTESIAN_POINT('',(48.497480046893,67.499648463273));
#3001 = CARTESIAN_POINT('',(48.634072368701,67.499757147212));
#3002 = CARTESIAN_POINT('',(48.770664821409,67.499838515552));
#3003 = CARTESIAN_POINT('',(49.06336332854,67.499964477633));
#3004 = CARTESIAN_POINT('',(49.219469347946,67.500000914592));
#3005 = CARTESIAN_POINT('',(49.375575428663,67.500015462732));
#3006 = CARTESIAN_POINT('',(49.531681555357,67.500016015721));
#3007 = CARTESIAN_POINT('',(49.687787713238,67.500009506874));
#3008 = CARTESIAN_POINT('',(49.843893888058,67.500001909142));
#3009 = CARTESIAN_POINT('',(50.000000066107,67.499998235121));
#3010 = CARTESIAN_POINT('',(50.507344334314,67.500012216364));
#3011 = CARTESIAN_POINT('',(50.85858229424,67.500033382996));
#3012 = CARTESIAN_POINT('',(51.209820081672,67.499985621522));
#3013 = CARTESIAN_POINT('',(51.561057553813,67.499788516094));
#3014 = CARTESIAN_POINT('',(51.912294457396,67.499361650436));
#3015 = CARTESIAN_POINT('',(52.263530428683,67.49862460785));
#3016 = CARTESIAN_POINT('',(52.614764993465,67.49749697121));
#3017 = CARTESIAN_POINT('',(53.10258765447,67.495276628054));
#3018 = CARTESIAN_POINT('',(53.239177357438,67.494583315023));
#3019 = CARTESIAN_POINT('',(53.375766760405,67.493814275099));
#3020 = CARTESIAN_POINT('',(53.512355889122,67.492965020728));
#3021 = CARTESIAN_POINT('',(53.648944710645,67.492030685573));
#3022 = CARTESIAN_POINT('',(53.785533133339,67.491006024518));
#3023 = CARTESIAN_POINT('',(53.922121006877,67.489885413664));
#3024 = CARTESIAN_POINT('',(54.468469907292,67.484995156397));
#3025 = CARTESIAN_POINT('',(54.878223166352,67.480406831857));
#3026 = CARTESIAN_POINT('',(55.287966791368,67.474744413834));
#3027 = CARTESIAN_POINT('',(55.697683641402,67.467811324584));
#3028 = CARTESIAN_POINT('',(56.107391046095,67.459514311167));
#3029 = CARTESIAN_POINT('',(56.517053716815,67.449612398473));
#3030 = CARTESIAN_POINT('',(56.926670602617,67.43796578301));
#3031 = CARTESIAN_POINT('',(57.589758965323,67.415991365462));
#3032 = CARTESIAN_POINT('',(57.843268837242,67.406851432256));
#3033 = CARTESIAN_POINT('',(58.096750955681,67.39693083648));
#3034 = CARTESIAN_POINT('',(58.350198704078,67.386179473577));
#3035 = CARTESIAN_POINT('',(58.603608164842,67.374555420861));
#3036 = CARTESIAN_POINT('',(58.856975105612,67.362016911308));
#3037 = CARTESIAN_POINT('',(59.110291427483,67.348512686313));
#3038 = CARTESIAN_POINT('',(59.558363385168,67.322823458262));
#3039 = CARTESIAN_POINT('',(59.753142639155,67.311053547074));
#3040 = CARTESIAN_POINT('',(59.947883664462,67.298659645036));
#3041 = CARTESIAN_POINT('',(60.142583666241,67.285621137914));
#3042 = CARTESIAN_POINT('',(60.337238894059,67.271915702832));
#3043 = CARTESIAN_POINT('',(60.531844171446,67.257518004653));
#3044 = CARTESIAN_POINT('',(60.726393567368,67.242401500229));
#3045 = CARTESIAN_POINT('',(61.057024537385,67.215442623037));
#3046 = CARTESIAN_POINT('',(61.193137261979,67.203978412161));
#3047 = CARTESIAN_POINT('',(61.3292186108,67.192142297466));
#3048 = CARTESIAN_POINT('',(61.465266653723,67.179925614271));
#3049 = CARTESIAN_POINT('',(61.601279303113,67.167319453647));
#3050 = CARTESIAN_POINT('',(61.737254313827,67.154314662405));
#3051 = CARTESIAN_POINT('',(61.873189283214,67.140901843108));
#3052 = CARTESIAN_POINT('',(62.222626513304,67.105337757663));
#3053 = CARTESIAN_POINT('',(62.436066770721,67.082572783392));
#3054 = CARTESIAN_POINT('',(62.649393960208,67.058743223924));
#3055 = CARTESIAN_POINT('',(62.862597075055,67.033811234292));
#3056 = CARTESIAN_POINT('',(63.075662378276,67.007733499254));
#3057 = CARTESIAN_POINT('',(63.288577657166,66.98047038543));
#3058 = CARTESIAN_POINT('',(63.501333214578,66.951988379731));
#3059 = CARTESIAN_POINT('',(63.945815496014,66.889785430102));
#3060 = CARTESIAN_POINT('',(64.177508620885,66.855825304414));
#3061 = CARTESIAN_POINT('',(64.408968706266,66.820298072903));
#3062 = CARTESIAN_POINT('',(64.640180611314,66.783155730528));
#3063 = CARTESIAN_POINT('',(64.871122117726,66.744343568632));
#3064 = CARTESIAN_POINT('',(65.101754117045,66.703774552784));
#3065 = CARTESIAN_POINT('',(65.33206333958,66.661411536999));
#3066 = CARTESIAN_POINT('',(65.696150066232,66.591373539688));
#3067 = CARTESIAN_POINT('',(65.830164377952,66.564933238259));
#3068 = CARTESIAN_POINT('',(65.964049978309,66.537843235022));
#3069 = CARTESIAN_POINT('',(66.097800663841,66.510090227632));
#3070 = CARTESIAN_POINT('',(66.231409678297,66.481660514736));
#3071 = CARTESIAN_POINT('',(66.364869712637,66.452539995969));
#3072 = CARTESIAN_POINT('',(66.498172905035,66.42271417196));
#3073 = CARTESIAN_POINT('',(66.745429123839,66.365985822941));
#3074 = CARTESIAN_POINT('',(66.859425750898,66.339274088745));
#3075 = CARTESIAN_POINT('',(66.973295916983,66.312024053103));
#3076 = CARTESIAN_POINT('',(67.087034422998,66.284226501689));
#3077 = CARTESIAN_POINT('',(67.20063567582,66.255871894488));
#3078 = CARTESIAN_POINT('',(67.314093688301,66.226950365798));
#3079 = CARTESIAN_POINT('',(67.427402079261,66.197451724229));
#3080 = CARTESIAN_POINT('',(67.766859211033,66.107192604114));
#3081 = CARTESIAN_POINT('',(67.99253714264,66.044668679151));
#3082 = CARTESIAN_POINT('',(68.217546081562,65.979720421442));
#3083 = CARTESIAN_POINT('',(68.441817523853,65.912256514088));
#3084 = CARTESIAN_POINT('',(68.665284531736,65.842179602378));
#3085 = CARTESIAN_POINT('',(68.887904352015,65.769430201537));
#3086 = CARTESIAN_POINT('',(69.109572659207,65.693886615633));
#3087 = CARTESIAN_POINT('',(69.495709604297,65.556653236398));
#3088 = CARTESIAN_POINT('',(69.660623216281,65.496220988202));
#3089 = CARTESIAN_POINT('',(69.824926362645,65.434129983385));
#3090 = CARTESIAN_POINT('',(69.98858162724,65.370339573457));
#3091 = CARTESIAN_POINT('',(70.151549622341,65.304809123315));
#3092 = CARTESIAN_POINT('',(70.313788229687,65.23749764186));
#3093 = CARTESIAN_POINT('',(70.475251841516,65.168363412605));
#3094 = CARTESIAN_POINT('',(70.760832633039,65.042141224792));
#3095 = CARTESIAN_POINT('',(70.885276553514,64.985790912344));
#3096 = CARTESIAN_POINT('',(71.00919924579,64.928292738673));
#3097 = CARTESIAN_POINT('',(71.132576506613,64.86962698654));
#3098 = CARTESIAN_POINT('',(71.255383046704,64.809774169735));
#3099 = CARTESIAN_POINT('',(71.377592490759,64.748715033078));
#3100 = CARTESIAN_POINT('',(71.499177377451,64.686430552419));
#3101 = CARTESIAN_POINT('',(71.792869160923,64.532146601977));
#3102 = CARTESIAN_POINT('',(71.964294356743,64.438852371011));
#3103 = CARTESIAN_POINT('',(72.134304534951,64.342963705192));
#3104 = CARTESIAN_POINT('',(72.302808094632,64.244428786423));
#3105 = CARTESIAN_POINT('',(72.469708668791,64.143197786797));
#3106 = CARTESIAN_POINT('',(72.634907664053,64.03922308948));
#3107 = CARTESIAN_POINT('',(72.798302717181,63.932461458752));
#3108 = CARTESIAN_POINT('',(73.137410035907,63.702336067419));
#3109 = CARTESIAN_POINT('',(73.312720869751,63.578374383707));
#3110 = CARTESIAN_POINT('',(73.485572521294,63.450959148976));
#3111 = CARTESIAN_POINT('',(73.655806108966,63.320028187993));
#3112 = CARTESIAN_POINT('',(73.823270752103,63.185563263447));
#3113 = CARTESIAN_POINT('',(73.987810445209,63.047557598161));
#3114 = CARTESIAN_POINT('',(74.149254261096,62.9059844526));
#3115 = CARTESIAN_POINT('',(74.422503534291,62.655336379958));
#3116 = CARTESIAN_POINT('',(74.535838767683,62.547926242633));
#3117 = CARTESIAN_POINT('',(74.647393683094,62.438646486362));
#3118 = CARTESIAN_POINT('',(74.75710731923,62.327506475503));
#3119 = CARTESIAN_POINT('',(74.864920941934,62.214520485264));
#3120 = CARTESIAN_POINT('',(74.970778044196,62.099707701702));
#3121 = CARTESIAN_POINT('',(75.074624346145,61.983092221726));
#3122 = CARTESIAN_POINT('',(75.265467978585,61.761112919337));
#3123 = CARTESIAN_POINT('',(75.352948971051,61.656164051278));
#3124 = CARTESIAN_POINT('',(75.438815778485,61.549876335489));
#3125 = CARTESIAN_POINT('',(75.523036090909,61.442272194801));
#3126 = CARTESIAN_POINT('',(75.605580282327,61.333376588294));
#3127 = CARTESIAN_POINT('',(75.686421410731,61.223217011305));
#3128 = CARTESIAN_POINT('',(75.765535218096,61.111823495423));
#3129 = CARTESIAN_POINT('',(75.97552515837,60.80620958231));
#3130 = CARTESIAN_POINT('',(76.103032445477,60.609665228486));
#3131 = CARTESIAN_POINT('',(76.225225943302,60.409731631546));
#3132 = CARTESIAN_POINT('',(76.342242894479,60.206654073284));
#3133 = CARTESIAN_POINT('',(76.453726711547,60.000550472646));
#3134 = CARTESIAN_POINT('',(76.559975764278,59.791685212079));
#3135 = CARTESIAN_POINT('',(76.660821877023,59.580243047118));
#3136 = CARTESIAN_POINT('',(76.828067461385,59.206087744447));
#3137 = CARTESIAN_POINT('',(76.89677215178,59.044406886906));
#3138 = CARTESIAN_POINT('',(76.962526216899,58.881484817013));
#3139 = CARTESIAN_POINT('',(77.025362825386,58.717408359909));
#3140 = CARTESIAN_POINT('',(77.085325108365,58.55226334963));
#3141 = CARTESIAN_POINT('',(77.142464711044,58.386133303066));
#3142 = CARTESIAN_POINT('',(77.196840344328,58.219098093934));
#3143 = CARTESIAN_POINT('',(77.288709262315,57.920669012759));
#3144 = CARTESIAN_POINT('',(77.327268425541,57.789604388506));
#3145 = CARTESIAN_POINT('',(77.364225053424,57.658073270458));
#3146 = CARTESIAN_POINT('',(77.399611936395,57.526108909274));
#3147 = CARTESIAN_POINT('',(77.433463427983,57.393743289785));
#3148 = CARTESIAN_POINT('',(77.46581544482,57.261007131002));
#3149 = CARTESIAN_POINT('',(77.496705466639,57.127929886113));
#3150 = CARTESIAN_POINT('',(77.568268092332,56.803983560987));
#3151 = CARTESIAN_POINT('',(77.607458165259,56.612788130129));
#3152 = CARTESIAN_POINT('',(77.643861002289,56.421025806601));
#3153 = CARTESIAN_POINT('',(77.677590523313,56.228774469053));
#3154 = CARTESIAN_POINT('',(77.708764728546,56.036101712504));
#3155 = CARTESIAN_POINT('',(77.737508074229,55.84306034221));
#3156 = CARTESIAN_POINT('',(77.763947816353,55.649695167001));
#3157 = CARTESIAN_POINT('',(77.814886155521,55.243066192437));
#3158 = CARTESIAN_POINT('',(77.838927114236,55.029745060419));
#3159 = CARTESIAN_POINT('',(77.860488141362,54.816145650177));
#3160 = CARTESIAN_POINT('',(77.879733803724,54.602323794633));
#3161 = CARTESIAN_POINT('',(77.896827395495,54.388328375251));
#3162 = CARTESIAN_POINT('',(77.911929923541,54.174192326891));
#3163 = CARTESIAN_POINT('',(77.925201775369,53.95993658467));
#3164 = CARTESIAN_POINT('',(77.949464856896,53.511766371459));
#3165 = CARTESIAN_POINT('',(77.960136472339,53.277845202135));
#3166 = CARTESIAN_POINT('',(77.969055493531,53.043869630797));
#3167 = CARTESIAN_POINT('',(77.976318845795,52.809805306569));
#3168 = CARTESIAN_POINT('',(77.982199803434,52.575711846494));
#3169 = CARTESIAN_POINT('',(77.986801926478,52.341558942478));
#3170 = CARTESIAN_POINT('',(77.99034457706,52.10737783477));
#3171 = CARTESIAN_POINT('',(77.995666031378,51.638978777908));
#3172 = CARTESIAN_POINT('',(77.997445657812,51.404763687479));
#3173 = CARTESIAN_POINT('',(77.998529539259,51.170547929237));
#3174 = CARTESIAN_POINT('',(77.999103025099,50.936346956872));
#3175 = CARTESIAN_POINT('',(77.999351464713,50.702176224074));
#3176 = CARTESIAN_POINT('',(77.999460207481,50.468051184535));
#3177 = CARTESIAN_POINT('',(77.999614602783,50.233987291946));
#3178 = CARTESIAN_POINT('',(78.,50.));
#3179 = ( GEOMETRIC_REPRESENTATION_CONTEXT(2) 
PARAMETRIC_REPRESENTATION_CONTEXT() REPRESENTATION_CONTEXT('2D SPACE',''
  ) );
#3180 = ORIENTED_EDGE('',*,*,#1098,.F.);
#3181 = ADVANCED_FACE('',(#3182,#3185,#3293,#3401,#3436,#3544,#3579),
  #2491,.T.);
#3182 = FACE_BOUND('',#3183,.T.);
#3183 = EDGE_LOOP('',(#3184));
#3184 = ORIENTED_EDGE('',*,*,#1121,.F.);
#3185 = FACE_BOUND('',#3186,.T.);
#3186 = EDGE_LOOP('',(#3187,#3215,#3242,#3268));
#3187 = ORIENTED_EDGE('',*,*,#3188,.T.);
#3188 = EDGE_CURVE('',#3189,#3191,#3193,.T.);
#3189 = VERTEX_POINT('',#3190);
#3190 = CARTESIAN_POINT('',(35.,-46.95,1.2));
#3191 = VERTEX_POINT('',#3192);
#3192 = CARTESIAN_POINT('',(33.,-46.95,1.2));
#3193 = SURFACE_CURVE('',#3194,(#3198,#3204),.PCURVE_S1.);
#3194 = LINE('',#3195,#3196);
#3195 = CARTESIAN_POINT('',(13.5,-46.95,1.2));
#3196 = VECTOR('',#3197,1.);
#3197 = DIRECTION('',(-1.,0.,0.));
#3198 = PCURVE('',#2491,#3199);
#3199 = DEFINITIONAL_REPRESENTATION('',(#3200),#3203);
#3200 = B_SPLINE_CURVE_WITH_KNOTS('',1,(#3201,#3202),.UNSPECIFIED.,.F.,
  .F.,(2,2),(-21.5,-19.5),.PIECEWISE_BEZIER_KNOTS.);
#3201 = CARTESIAN_POINT('',(41.,34.3));
#3202 = CARTESIAN_POINT('',(39.,34.3));
#3203 = ( GEOMETRIC_REPRESENTATION_CONTEXT(2) 
PARAMETRIC_REPRESENTATION_CONTEXT() REPRESENTATION_CONTEXT('2D SPACE',''
  ) );
#3204 = PCURVE('',#3205,#3210);
#3205 = PLANE('',#3206);
#3206 = AXIS2_PLACEMENT_3D('',#3207,#3208,#3209);
#3207 = CARTESIAN_POINT('',(33.,-46.95,1.));
#3208 = DIRECTION('',(0.,1.,0.));
#3209 = DIRECTION('',(0.,0.,1.));
#3210 = DEFINITIONAL_REPRESENTATION('',(#3211),#3214);
#3211 = B_SPLINE_CURVE_WITH_KNOTS('',1,(#3212,#3213),.UNSPECIFIED.,.F.,
  .F.,(2,2),(-21.5,-19.5),.PIECEWISE_BEZIER_KNOTS.);
#3212 = CARTESIAN_POINT('',(0.2,2.));
#3213 = CARTESIAN_POINT('',(0.2,0.));
#3214 = ( GEOMETRIC_REPRESENTATION_CONTEXT(2) 
PARAMETRIC_REPRESENTATION_CONTEXT() REPRESENTATION_CONTEXT('2D SPACE',''
  ) );
#3215 = ORIENTED_EDGE('',*,*,#3216,.T.);
#3216 = EDGE_CURVE('',#3191,#3217,#3219,.T.);
#3217 = VERTEX_POINT('',#3218);
#3218 = CARTESIAN_POINT('',(33.,-45.55,1.2));
#3219 = SURFACE_CURVE('',#3220,(#3224,#3230),.PCURVE_S1.);
#3220 = LINE('',#3221,#3222);
#3221 = CARTESIAN_POINT('',(33.,-64.1,1.2));
#3222 = VECTOR('',#3223,1.);
#3223 = DIRECTION('',(0.,1.,0.));
#3224 = PCURVE('',#2491,#3225);
#3225 = DEFINITIONAL_REPRESENTATION('',(#3226),#3229);
#3226 = B_SPLINE_CURVE_WITH_KNOTS('',1,(#3227,#3228),.UNSPECIFIED.,.F.,
  .F.,(2,2),(17.15,18.55),.PIECEWISE_BEZIER_KNOTS.);
#3227 = CARTESIAN_POINT('',(39.,34.3));
#3228 = CARTESIAN_POINT('',(39.,35.7));
#3229 = ( GEOMETRIC_REPRESENTATION_CONTEXT(2) 
PARAMETRIC_REPRESENTATION_CONTEXT() REPRESENTATION_CONTEXT('2D SPACE',''
  ) );
#3230 = PCURVE('',#3231,#3236);
#3231 = PLANE('',#3232);
#3232 = AXIS2_PLACEMENT_3D('',#3233,#3234,#3235);
#3233 = CARTESIAN_POINT('',(33.,-46.95,1.));
#3234 = DIRECTION('',(1.,0.,0.));
#3235 = DIRECTION('',(0.,0.,1.));
#3236 = DEFINITIONAL_REPRESENTATION('',(#3237),#3241);
#3237 = LINE('',#3238,#3239);
#3238 = CARTESIAN_POINT('',(0.2,17.15));
#3239 = VECTOR('',#3240,1.);
#3240 = DIRECTION('',(0.,-1.));
#3241 = ( GEOMETRIC_REPRESENTATION_CONTEXT(2) 
PARAMETRIC_REPRESENTATION_CONTEXT() REPRESENTATION_CONTEXT('2D SPACE',''
  ) );
#3242 = ORIENTED_EDGE('',*,*,#3243,.F.);
#3243 = EDGE_CURVE('',#3244,#3217,#3246,.T.);
#3244 = VERTEX_POINT('',#3245);
#3245 = CARTESIAN_POINT('',(35.,-45.55,1.2));
#3246 = SURFACE_CURVE('',#3247,(#3251,#3257),.PCURVE_S1.);
#3247 = LINE('',#3248,#3249);
#3248 = CARTESIAN_POINT('',(13.5,-45.55,1.2));
#3249 = VECTOR('',#3250,1.);
#3250 = DIRECTION('',(-1.,0.,0.));
#3251 = PCURVE('',#2491,#3252);
#3252 = DEFINITIONAL_REPRESENTATION('',(#3253),#3256);
#3253 = B_SPLINE_CURVE_WITH_KNOTS('',1,(#3254,#3255),.UNSPECIFIED.,.F.,
  .F.,(2,2),(-21.5,-19.5),.PIECEWISE_BEZIER_KNOTS.);
#3254 = CARTESIAN_POINT('',(41.,35.7));
#3255 = CARTESIAN_POINT('',(39.,35.7));
#3256 = ( GEOMETRIC_REPRESENTATION_CONTEXT(2) 
PARAMETRIC_REPRESENTATION_CONTEXT() REPRESENTATION_CONTEXT('2D SPACE',''
  ) );
#3257 = PCURVE('',#3258,#3263);
#3258 = PLANE('',#3259);
#3259 = AXIS2_PLACEMENT_3D('',#3260,#3261,#3262);
#3260 = CARTESIAN_POINT('',(33.,-45.55,1.));
#3261 = DIRECTION('',(0.,1.,0.));
#3262 = DIRECTION('',(0.,0.,1.));
#3263 = DEFINITIONAL_REPRESENTATION('',(#3264),#3267);
#3264 = B_SPLINE_CURVE_WITH_KNOTS('',1,(#3265,#3266),.UNSPECIFIED.,.F.,
  .F.,(2,2),(-21.5,-19.5),.PIECEWISE_BEZIER_KNOTS.);
#3265 = CARTESIAN_POINT('',(0.2,2.));
#3266 = CARTESIAN_POINT('',(0.2,0.));
#3267 = ( GEOMETRIC_REPRESENTATION_CONTEXT(2) 
PARAMETRIC_REPRESENTATION_CONTEXT() REPRESENTATION_CONTEXT('2D SPACE',''
  ) );
#3268 = ORIENTED_EDGE('',*,*,#3269,.F.);
#3269 = EDGE_CURVE('',#3189,#3244,#3270,.T.);
#3270 = SURFACE_CURVE('',#3271,(#3275,#3281),.PCURVE_S1.);
#3271 = LINE('',#3272,#3273);
#3272 = CARTESIAN_POINT('',(35.,-64.1,1.2));
#3273 = VECTOR('',#3274,1.);
#3274 = DIRECTION('',(0.,1.,0.));
#3275 = PCURVE('',#2491,#3276);
#3276 = DEFINITIONAL_REPRESENTATION('',(#3277),#3280);
#3277 = B_SPLINE_CURVE_WITH_KNOTS('',1,(#3278,#3279),.UNSPECIFIED.,.F.,
  .F.,(2,2),(17.15,18.55),.PIECEWISE_BEZIER_KNOTS.);
#3278 = CARTESIAN_POINT('',(41.,34.3));
#3279 = CARTESIAN_POINT('',(41.,35.7));
#3280 = ( GEOMETRIC_REPRESENTATION_CONTEXT(2) 
PARAMETRIC_REPRESENTATION_CONTEXT() REPRESENTATION_CONTEXT('2D SPACE',''
  ) );
#3281 = PCURVE('',#3282,#3287);
#3282 = PLANE('',#3283);
#3283 = AXIS2_PLACEMENT_3D('',#3284,#3285,#3286);
#3284 = CARTESIAN_POINT('',(35.,-46.95,1.));
#3285 = DIRECTION('',(1.,0.,0.));
#3286 = DIRECTION('',(0.,0.,1.));
#3287 = DEFINITIONAL_REPRESENTATION('',(#3288),#3292);
#3288 = LINE('',#3289,#3290);
#3289 = CARTESIAN_POINT('',(0.2,17.15));
#3290 = VECTOR('',#3291,1.);
#3291 = DIRECTION('',(0.,-1.));
#3292 = ( GEOMETRIC_REPRESENTATION_CONTEXT(2) 
PARAMETRIC_REPRESENTATION_CONTEXT() REPRESENTATION_CONTEXT('2D SPACE',''
  ) );
#3293 = FACE_BOUND('',#3294,.T.);
#3294 = EDGE_LOOP('',(#3295,#3323,#3350,#3376));
#3295 = ORIENTED_EDGE('',*,*,#3296,.T.);
#3296 = EDGE_CURVE('',#3297,#3299,#3301,.T.);
#3297 = VERTEX_POINT('',#3298);
#3298 = CARTESIAN_POINT('',(50.,-46.95,1.2));
#3299 = VERTEX_POINT('',#3300);
#3300 = CARTESIAN_POINT('',(48.,-46.95,1.2));
#3301 = SURFACE_CURVE('',#3302,(#3306,#3312),.PCURVE_S1.);
#3302 = LINE('',#3303,#3304);
#3303 = CARTESIAN_POINT('',(21.,-46.95,1.2));
#3304 = VECTOR('',#3305,1.);
#3305 = DIRECTION('',(-1.,0.,0.));
#3306 = PCURVE('',#2491,#3307);
#3307 = DEFINITIONAL_REPRESENTATION('',(#3308),#3311);
#3308 = B_SPLINE_CURVE_WITH_KNOTS('',1,(#3309,#3310),.UNSPECIFIED.,.F.,
  .F.,(2,2),(-29.,-27.),.PIECEWISE_BEZIER_KNOTS.);
#3309 = CARTESIAN_POINT('',(56.,34.3));
#3310 = CARTESIAN_POINT('',(54.,34.3));
#3311 = ( GEOMETRIC_REPRESENTATION_CONTEXT(2) 
PARAMETRIC_REPRESENTATION_CONTEXT() REPRESENTATION_CONTEXT('2D SPACE',''
  ) );
#3312 = PCURVE('',#3313,#3318);
#3313 = PLANE('',#3314);
#3314 = AXIS2_PLACEMENT_3D('',#3315,#3316,#3317);
#3315 = CARTESIAN_POINT('',(48.,-46.95,1.));
#3316 = DIRECTION('',(0.,1.,0.));
#3317 = DIRECTION('',(0.,0.,1.));
#3318 = DEFINITIONAL_REPRESENTATION('',(#3319),#3322);
#3319 = B_SPLINE_CURVE_WITH_KNOTS('',1,(#3320,#3321),.UNSPECIFIED.,.F.,
  .F.,(2,2),(-29.,-27.),.PIECEWISE_BEZIER_KNOTS.);
#3320 = CARTESIAN_POINT('',(0.2,2.));
#3321 = CARTESIAN_POINT('',(0.2,0.));
#3322 = ( GEOMETRIC_REPRESENTATION_CONTEXT(2) 
PARAMETRIC_REPRESENTATION_CONTEXT() REPRESENTATION_CONTEXT('2D SPACE',''
  ) );
#3323 = ORIENTED_EDGE('',*,*,#3324,.T.);
#3324 = EDGE_CURVE('',#3299,#3325,#3327,.T.);
#3325 = VERTEX_POINT('',#3326);
#3326 = CARTESIAN_POINT('',(48.,-45.55,1.2));
#3327 = SURFACE_CURVE('',#3328,(#3332,#3338),.PCURVE_S1.);
#3328 = LINE('',#3329,#3330);
#3329 = CARTESIAN_POINT('',(48.,-64.1,1.2));
#3330 = VECTOR('',#3331,1.);
#3331 = DIRECTION('',(0.,1.,0.));
#3332 = PCURVE('',#2491,#3333);
#3333 = DEFINITIONAL_REPRESENTATION('',(#3334),#3337);
#3334 = B_SPLINE_CURVE_WITH_KNOTS('',1,(#3335,#3336),.UNSPECIFIED.,.F.,
  .F.,(2,2),(17.15,18.55),.PIECEWISE_BEZIER_KNOTS.);
#3335 = CARTESIAN_POINT('',(54.,34.3));
#3336 = CARTESIAN_POINT('',(54.,35.7));
#3337 = ( GEOMETRIC_REPRESENTATION_CONTEXT(2) 
PARAMETRIC_REPRESENTATION_CONTEXT() REPRESENTATION_CONTEXT('2D SPACE',''
  ) );
#3338 = PCURVE('',#3339,#3344);
#3339 = PLANE('',#3340);
#3340 = AXIS2_PLACEMENT_3D('',#3341,#3342,#3343);
#3341 = CARTESIAN_POINT('',(48.,-46.95,1.));
#3342 = DIRECTION('',(1.,0.,0.));
#3343 = DIRECTION('',(0.,0.,1.));
#3344 = DEFINITIONAL_REPRESENTATION('',(#3345),#3349);
#3345 = LINE('',#3346,#3347);
#3346 = CARTESIAN_POINT('',(0.2,17.15));
#3347 = VECTOR('',#3348,1.);
#3348 = DIRECTION('',(0.,-1.));
#3349 = ( GEOMETRIC_REPRESENTATION_CONTEXT(2) 
PARAMETRIC_REPRESENTATION_CONTEXT() REPRESENTATION_CONTEXT('2D SPACE',''
  ) );
#3350 = ORIENTED_EDGE('',*,*,#3351,.F.);
#3351 = EDGE_CURVE('',#3352,#3325,#3354,.T.);
#3352 = VERTEX_POINT('',#3353);
#3353 = CARTESIAN_POINT('',(50.,-45.55,1.2));
#3354 = SURFACE_CURVE('',#3355,(#3359,#3365),.PCURVE_S1.);
#3355 = LINE('',#3356,#3357);
#3356 = CARTESIAN_POINT('',(21.,-45.55,1.2));
#3357 = VECTOR('',#3358,1.);
#3358 = DIRECTION('',(-1.,0.,0.));
#3359 = PCURVE('',#2491,#3360);
#3360 = DEFINITIONAL_REPRESENTATION('',(#3361),#3364);
#3361 = B_SPLINE_CURVE_WITH_KNOTS('',1,(#3362,#3363),.UNSPECIFIED.,.F.,
  .F.,(2,2),(-29.,-27.),.PIECEWISE_BEZIER_KNOTS.);
#3362 = CARTESIAN_POINT('',(56.,35.7));
#3363 = CARTESIAN_POINT('',(54.,35.7));
#3364 = ( GEOMETRIC_REPRESENTATION_CONTEXT(2) 
PARAMETRIC_REPRESENTATION_CONTEXT() REPRESENTATION_CONTEXT('2D SPACE',''
  ) );
#3365 = PCURVE('',#3366,#3371);
#3366 = PLANE('',#3367);
#3367 = AXIS2_PLACEMENT_3D('',#3368,#3369,#3370);
#3368 = CARTESIAN_POINT('',(48.,-45.55,1.));
#3369 = DIRECTION('',(0.,1.,0.));
#3370 = DIRECTION('',(0.,0.,1.));
#3371 = DEFINITIONAL_REPRESENTATION('',(#3372),#3375);
#3372 = B_SPLINE_CURVE_WITH_KNOTS('',1,(#3373,#3374),.UNSPECIFIED.,.F.,
  .F.,(2,2),(-29.,-27.),.PIECEWISE_BEZIER_KNOTS.);
#3373 = CARTESIAN_POINT('',(0.2,2.));
#3374 = CARTESIAN_POINT('',(0.2,0.));
#3375 = ( GEOMETRIC_REPRESENTATION_CONTEXT(2) 
PARAMETRIC_REPRESENTATION_CONTEXT() REPRESENTATION_CONTEXT('2D SPACE',''
  ) );
#3376 = ORIENTED_EDGE('',*,*,#3377,.F.);
#3377 = EDGE_CURVE('',#3297,#3352,#3378,.T.);
#3378 = SURFACE_CURVE('',#3379,(#3383,#3389),.PCURVE_S1.);
#3379 = LINE('',#3380,#3381);
#3380 = CARTESIAN_POINT('',(50.,-64.1,1.2));
#3381 = VECTOR('',#3382,1.);
#3382 = DIRECTION('',(0.,1.,0.));
#3383 = PCURVE('',#2491,#3384);
#3384 = DEFINITIONAL_REPRESENTATION('',(#3385),#3388);
#3385 = B_SPLINE_CURVE_WITH_KNOTS('',1,(#3386,#3387),.UNSPECIFIED.,.F.,
  .F.,(2,2),(17.15,18.55),.PIECEWISE_BEZIER_KNOTS.);
#3386 = CARTESIAN_POINT('',(56.,34.3));
#3387 = CARTESIAN_POINT('',(56.,35.7));
#3388 = ( GEOMETRIC_REPRESENTATION_CONTEXT(2) 
PARAMETRIC_REPRESENTATION_CONTEXT() REPRESENTATION_CONTEXT('2D SPACE',''
  ) );
#3389 = PCURVE('',#3390,#3395);
#3390 = PLANE('',#3391);
#3391 = AXIS2_PLACEMENT_3D('',#3392,#3393,#3394);
#3392 = CARTESIAN_POINT('',(50.,-46.95,1.));
#3393 = DIRECTION('',(1.,0.,0.));
#3394 = DIRECTION('',(0.,0.,1.));
#3395 = DEFINITIONAL_REPRESENTATION('',(#3396),#3400);
#3396 = LINE('',#3397,#3398);
#3397 = CARTESIAN_POINT('',(0.2,17.15));
#3398 = VECTOR('',#3399,1.);
#3399 = DIRECTION('',(0.,-1.));
#3400 = ( GEOMETRIC_REPRESENTATION_CONTEXT(2) 
PARAMETRIC_REPRESENTATION_CONTEXT() REPRESENTATION_CONTEXT('2D SPACE',''
  ) );
#3401 = FACE_BOUND('',#3402,.T.);
#3402 = EDGE_LOOP('',(#3403));
#3403 = ORIENTED_EDGE('',*,*,#3404,.T.);
#3404 = EDGE_CURVE('',#3405,#3405,#3407,.T.);
#3405 = VERTEX_POINT('',#3406);
#3406 = CARTESIAN_POINT('',(23.7,-30.,1.2));
#3407 = SURFACE_CURVE('',#3408,(#3413,#3424),.PCURVE_S1.);
#3408 = CIRCLE('',#3409,2.9);
#3409 = AXIS2_PLACEMENT_3D('',#3410,#3411,#3412);
#3410 = CARTESIAN_POINT('',(20.8,-30.,1.2));
#3411 = DIRECTION('',(0.,0.,-1.));
#3412 = DIRECTION('',(1.,0.,0.));
#3413 = PCURVE('',#2491,#3414);
#3414 = DEFINITIONAL_REPRESENTATION('',(#3415),#3423);
#3415 = ( BOUNDED_CURVE() B_SPLINE_CURVE(2,(#3416,#3417,#3418,#3419,
#3420,#3421,#3422),.UNSPECIFIED.,.T.,.F.) B_SPLINE_CURVE_WITH_KNOTS((1,2
    ,2,2,2,1),(-2.094395102393,0.,2.094395102393,4.188790204786,
6.28318530718,8.377580409573),.UNSPECIFIED.) CURVE() 
GEOMETRIC_REPRESENTATION_ITEM() RATIONAL_B_SPLINE_CURVE((1.,0.5,1.,0.5,
1.,0.5,1.)) REPRESENTATION_ITEM('') );
#3416 = CARTESIAN_POINT('',(29.7,51.25));
#3417 = CARTESIAN_POINT('',(29.7,46.22705265805));
#3418 = CARTESIAN_POINT('',(25.35,48.738526329025));
#3419 = CARTESIAN_POINT('',(21.,51.25));
#3420 = CARTESIAN_POINT('',(25.35,53.761473670975));
#3421 = CARTESIAN_POINT('',(29.7,56.27294734195));
#3422 = CARTESIAN_POINT('',(29.7,51.25));
#3423 = ( GEOMETRIC_REPRESENTATION_CONTEXT(2) 
PARAMETRIC_REPRESENTATION_CONTEXT() REPRESENTATION_CONTEXT('2D SPACE',''
  ) );
#3424 = PCURVE('',#3425,#3430);
#3425 = CYLINDRICAL_SURFACE('',#3426,2.9);
#3426 = AXIS2_PLACEMENT_3D('',#3427,#3428,#3429);
#3427 = CARTESIAN_POINT('',(20.8,-30.,0.));
#3428 = DIRECTION('',(-0.,-0.,-1.));
#3429 = DIRECTION('',(1.,0.,0.));
#3430 = DEFINITIONAL_REPRESENTATION('',(#3431),#3435);
#3431 = LINE('',#3432,#3433);
#3432 = CARTESIAN_POINT('',(-6.28318530718,-1.2));
#3433 = VECTOR('',#3434,1.);
#3434 = DIRECTION('',(1.,-0.));
#3435 = ( GEOMETRIC_REPRESENTATION_CONTEXT(2) 
PARAMETRIC_REPRESENTATION_CONTEXT() REPRESENTATION_CONTEXT('2D SPACE',''
  ) );
#3436 = FACE_BOUND('',#3437,.T.);
#3437 = EDGE_LOOP('',(#3438,#3466,#3493,#3519));
#3438 = ORIENTED_EDGE('',*,*,#3439,.T.);
#3439 = EDGE_CURVE('',#3440,#3442,#3444,.T.);
#3440 = VERTEX_POINT('',#3441);
#3441 = CARTESIAN_POINT('',(32.5,-18.8,1.2));
#3442 = VERTEX_POINT('',#3443);
#3443 = CARTESIAN_POINT('',(30.5,-18.8,1.2));
#3444 = SURFACE_CURVE('',#3445,(#3449,#3455),.PCURVE_S1.);
#3445 = LINE('',#3446,#3447);
#3446 = CARTESIAN_POINT('',(12.25,-18.8,1.2));
#3447 = VECTOR('',#3448,1.);
#3448 = DIRECTION('',(-1.,0.,0.));
#3449 = PCURVE('',#2491,#3450);
#3450 = DEFINITIONAL_REPRESENTATION('',(#3451),#3454);
#3451 = B_SPLINE_CURVE_WITH_KNOTS('',1,(#3452,#3453),.UNSPECIFIED.,.F.,
  .F.,(2,2),(-20.25,-18.25),.PIECEWISE_BEZIER_KNOTS.);
#3452 = CARTESIAN_POINT('',(38.5,62.45));
#3453 = CARTESIAN_POINT('',(36.5,62.45));
#3454 = ( GEOMETRIC_REPRESENTATION_CONTEXT(2) 
PARAMETRIC_REPRESENTATION_CONTEXT() REPRESENTATION_CONTEXT('2D SPACE',''
  ) );
#3455 = PCURVE('',#3456,#3461);
#3456 = PLANE('',#3457);
#3457 = AXIS2_PLACEMENT_3D('',#3458,#3459,#3460);
#3458 = CARTESIAN_POINT('',(30.5,-18.8,1.));
#3459 = DIRECTION('',(0.,1.,0.));
#3460 = DIRECTION('',(0.,0.,1.));
#3461 = DEFINITIONAL_REPRESENTATION('',(#3462),#3465);
#3462 = B_SPLINE_CURVE_WITH_KNOTS('',1,(#3463,#3464),.UNSPECIFIED.,.F.,
  .F.,(2,2),(-20.25,-18.25),.PIECEWISE_BEZIER_KNOTS.);
#3463 = CARTESIAN_POINT('',(0.2,2.));
#3464 = CARTESIAN_POINT('',(0.2,0.));
#3465 = ( GEOMETRIC_REPRESENTATION_CONTEXT(2) 
PARAMETRIC_REPRESENTATION_CONTEXT() REPRESENTATION_CONTEXT('2D SPACE',''
  ) );
#3466 = ORIENTED_EDGE('',*,*,#3467,.T.);
#3467 = EDGE_CURVE('',#3442,#3468,#3470,.T.);
#3468 = VERTEX_POINT('',#3469);
#3469 = CARTESIAN_POINT('',(30.5,-17.4,1.2));
#3470 = SURFACE_CURVE('',#3471,(#3475,#3481),.PCURVE_S1.);
#3471 = LINE('',#3472,#3473);
#3472 = CARTESIAN_POINT('',(30.5,-50.025,1.2));
#3473 = VECTOR('',#3474,1.);
#3474 = DIRECTION('',(0.,1.,0.));
#3475 = PCURVE('',#2491,#3476);
#3476 = DEFINITIONAL_REPRESENTATION('',(#3477),#3480);
#3477 = B_SPLINE_CURVE_WITH_KNOTS('',1,(#3478,#3479),.UNSPECIFIED.,.F.,
  .F.,(2,2),(31.225,32.625),.PIECEWISE_BEZIER_KNOTS.);
#3478 = CARTESIAN_POINT('',(36.5,62.45));
#3479 = CARTESIAN_POINT('',(36.5,63.85));
#3480 = ( GEOMETRIC_REPRESENTATION_CONTEXT(2) 
PARAMETRIC_REPRESENTATION_CONTEXT() REPRESENTATION_CONTEXT('2D SPACE',''
  ) );
#3481 = PCURVE('',#3482,#3487);
#3482 = PLANE('',#3483);
#3483 = AXIS2_PLACEMENT_3D('',#3484,#3485,#3486);
#3484 = CARTESIAN_POINT('',(30.5,-18.8,1.));
#3485 = DIRECTION('',(1.,0.,0.));
#3486 = DIRECTION('',(0.,0.,1.));
#3487 = DEFINITIONAL_REPRESENTATION('',(#3488),#3492);
#3488 = LINE('',#3489,#3490);
#3489 = CARTESIAN_POINT('',(0.2,31.225));
#3490 = VECTOR('',#3491,1.);
#3491 = DIRECTION('',(0.,-1.));
#3492 = ( GEOMETRIC_REPRESENTATION_CONTEXT(2) 
PARAMETRIC_REPRESENTATION_CONTEXT() REPRESENTATION_CONTEXT('2D SPACE',''
  ) );
#3493 = ORIENTED_EDGE('',*,*,#3494,.F.);
#3494 = EDGE_CURVE('',#3495,#3468,#3497,.T.);
#3495 = VERTEX_POINT('',#3496);
#3496 = CARTESIAN_POINT('',(32.5,-17.4,1.2));
#3497 = SURFACE_CURVE('',#3498,(#3502,#3508),.PCURVE_S1.);
#3498 = LINE('',#3499,#3500);
#3499 = CARTESIAN_POINT('',(12.25,-17.4,1.2));
#3500 = VECTOR('',#3501,1.);
#3501 = DIRECTION('',(-1.,0.,0.));
#3502 = PCURVE('',#2491,#3503);
#3503 = DEFINITIONAL_REPRESENTATION('',(#3504),#3507);
#3504 = B_SPLINE_CURVE_WITH_KNOTS('',1,(#3505,#3506),.UNSPECIFIED.,.F.,
  .F.,(2,2),(-20.25,-18.25),.PIECEWISE_BEZIER_KNOTS.);
#3505 = CARTESIAN_POINT('',(38.5,63.85));
#3506 = CARTESIAN_POINT('',(36.5,63.85));
#3507 = ( GEOMETRIC_REPRESENTATION_CONTEXT(2) 
PARAMETRIC_REPRESENTATION_CONTEXT() REPRESENTATION_CONTEXT('2D SPACE',''
  ) );
#3508 = PCURVE('',#3509,#3514);
#3509 = PLANE('',#3510);
#3510 = AXIS2_PLACEMENT_3D('',#3511,#3512,#3513);
#3511 = CARTESIAN_POINT('',(30.5,-17.4,1.));
#3512 = DIRECTION('',(0.,1.,0.));
#3513 = DIRECTION('',(0.,0.,1.));
#3514 = DEFINITIONAL_REPRESENTATION('',(#3515),#3518);
#3515 = B_SPLINE_CURVE_WITH_KNOTS('',1,(#3516,#3517),.UNSPECIFIED.,.F.,
  .F.,(2,2),(-20.25,-18.25),.PIECEWISE_BEZIER_KNOTS.);
#3516 = CARTESIAN_POINT('',(0.2,2.));
#3517 = CARTESIAN_POINT('',(0.2,0.));
#3518 = ( GEOMETRIC_REPRESENTATION_CONTEXT(2) 
PARAMETRIC_REPRESENTATION_CONTEXT() REPRESENTATION_CONTEXT('2D SPACE',''
  ) );
#3519 = ORIENTED_EDGE('',*,*,#3520,.F.);
#3520 = EDGE_CURVE('',#3440,#3495,#3521,.T.);
#3521 = SURFACE_CURVE('',#3522,(#3526,#3532),.PCURVE_S1.);
#3522 = LINE('',#3523,#3524);
#3523 = CARTESIAN_POINT('',(32.5,-50.025,1.2));
#3524 = VECTOR('',#3525,1.);
#3525 = DIRECTION('',(0.,1.,0.));
#3526 = PCURVE('',#2491,#3527);
#3527 = DEFINITIONAL_REPRESENTATION('',(#3528),#3531);
#3528 = B_SPLINE_CURVE_WITH_KNOTS('',1,(#3529,#3530),.UNSPECIFIED.,.F.,
  .F.,(2,2),(31.225,32.625),.PIECEWISE_BEZIER_KNOTS.);
#3529 = CARTESIAN_POINT('',(38.5,62.45));
#3530 = CARTESIAN_POINT('',(38.5,63.85));
#3531 = ( GEOMETRIC_REPRESENTATION_CONTEXT(2) 
PARAMETRIC_REPRESENTATION_CONTEXT() REPRESENTATION_CONTEXT('2D SPACE',''
  ) );
#3532 = PCURVE('',#3533,#3538);
#3533 = PLANE('',#3534);
#3534 = AXIS2_PLACEMENT_3D('',#3535,#3536,#3537);
#3535 = CARTESIAN_POINT('',(32.5,-18.8,1.));
#3536 = DIRECTION('',(1.,0.,0.));
#3537 = DIRECTION('',(0.,0.,1.));
#3538 = DEFINITIONAL_REPRESENTATION('',(#3539),#3543);
#3539 = LINE('',#3540,#3541);
#3540 = CARTESIAN_POINT('',(0.2,31.225));
#3541 = VECTOR('',#3542,1.);
#3542 = DIRECTION('',(0.,-1.));
#3543 = ( GEOMETRIC_REPRESENTATION_CONTEXT(2) 
PARAMETRIC_REPRESENTATION_CONTEXT() REPRESENTATION_CONTEXT('2D SPACE',''
  ) );
#3544 = FACE_BOUND('',#3545,.T.);
#3545 = EDGE_LOOP('',(#3546));
#3546 = ORIENTED_EDGE('',*,*,#3547,.T.);
#3547 = EDGE_CURVE('',#3548,#3548,#3550,.T.);
#3548 = VERTEX_POINT('',#3549);
#3549 = CARTESIAN_POINT('',(70.4,-30.,1.2));
#3550 = SURFACE_CURVE('',#3551,(#3556,#3567),.PCURVE_S1.);
#3551 = CIRCLE('',#3552,2.9);
#3552 = AXIS2_PLACEMENT_3D('',#3553,#3554,#3555);
#3553 = CARTESIAN_POINT('',(67.5,-30.,1.2));
#3554 = DIRECTION('',(0.,0.,-1.));
#3555 = DIRECTION('',(1.,0.,0.));
#3556 = PCURVE('',#2491,#3557);
#3557 = DEFINITIONAL_REPRESENTATION('',(#3558),#3566);
#3558 = ( BOUNDED_CURVE() B_SPLINE_CURVE(2,(#3559,#3560,#3561,#3562,
#3563,#3564,#3565),.UNSPECIFIED.,.T.,.F.) B_SPLINE_CURVE_WITH_KNOTS((1,2
    ,2,2,2,1),(-2.094395102393,0.,2.094395102393,4.188790204786,
6.28318530718,8.377580409573),.UNSPECIFIED.) CURVE() 
GEOMETRIC_REPRESENTATION_ITEM() RATIONAL_B_SPLINE_CURVE((1.,0.5,1.,0.5,
1.,0.5,1.)) REPRESENTATION_ITEM('') );
#3559 = CARTESIAN_POINT('',(76.4,51.25));
#3560 = CARTESIAN_POINT('',(76.4,46.22705265805));
#3561 = CARTESIAN_POINT('',(72.05,48.738526329025));
#3562 = CARTESIAN_POINT('',(67.7,51.25));
#3563 = CARTESIAN_POINT('',(72.05,53.761473670975));
#3564 = CARTESIAN_POINT('',(76.4,56.27294734195));
#3565 = CARTESIAN_POINT('',(76.4,51.25));
#3566 = ( GEOMETRIC_REPRESENTATION_CONTEXT(2) 
PARAMETRIC_REPRESENTATION_CONTEXT() REPRESENTATION_CONTEXT('2D SPACE',''
  ) );
#3567 = PCURVE('',#3568,#3573);
#3568 = CYLINDRICAL_SURFACE('',#3569,2.9);
#3569 = AXIS2_PLACEMENT_3D('',#3570,#3571,#3572);
#3570 = CARTESIAN_POINT('',(67.5,-30.,0.));
#3571 = DIRECTION('',(-0.,-0.,-1.));
#3572 = DIRECTION('',(1.,0.,0.));
#3573 = DEFINITIONAL_REPRESENTATION('',(#3574),#3578);
#3574 = LINE('',#3575,#3576);
#3575 = CARTESIAN_POINT('',(-6.28318530718,-1.2));
#3576 = VECTOR('',#3577,1.);
#3577 = DIRECTION('',(1.,-0.));
#3578 = ( GEOMETRIC_REPRESENTATION_CONTEXT(2) 
PARAMETRIC_REPRESENTATION_CONTEXT() REPRESENTATION_CONTEXT('2D SPACE',''
  ) );
#3579 = FACE_BOUND('',#3580,.T.);
#3580 = EDGE_LOOP('',(#3581,#3609,#3636,#3662));
#3581 = ORIENTED_EDGE('',*,*,#3582,.T.);
#3582 = EDGE_CURVE('',#3583,#3585,#3587,.T.);
#3583 = VERTEX_POINT('',#3584);
#3584 = CARTESIAN_POINT('',(49.7,-18.8,1.2));
#3585 = VERTEX_POINT('',#3586);
#3586 = CARTESIAN_POINT('',(47.7,-18.8,1.2));
#3587 = SURFACE_CURVE('',#3588,(#3592,#3598),.PCURVE_S1.);
#3588 = LINE('',#3589,#3590);
#3589 = CARTESIAN_POINT('',(20.85,-18.8,1.2));
#3590 = VECTOR('',#3591,1.);
#3591 = DIRECTION('',(-1.,0.,0.));
#3592 = PCURVE('',#2491,#3593);
#3593 = DEFINITIONAL_REPRESENTATION('',(#3594),#3597);
#3594 = B_SPLINE_CURVE_WITH_KNOTS('',1,(#3595,#3596),.UNSPECIFIED.,.F.,
  .F.,(2,2),(-28.85,-26.85),.PIECEWISE_BEZIER_KNOTS.);
#3595 = CARTESIAN_POINT('',(55.7,62.45));
#3596 = CARTESIAN_POINT('',(53.7,62.45));
#3597 = ( GEOMETRIC_REPRESENTATION_CONTEXT(2) 
PARAMETRIC_REPRESENTATION_CONTEXT() REPRESENTATION_CONTEXT('2D SPACE',''
  ) );
#3598 = PCURVE('',#3599,#3604);
#3599 = PLANE('',#3600);
#3600 = AXIS2_PLACEMENT_3D('',#3601,#3602,#3603);
#3601 = CARTESIAN_POINT('',(47.7,-18.8,1.));
#3602 = DIRECTION('',(0.,1.,0.));
#3603 = DIRECTION('',(0.,0.,1.));
#3604 = DEFINITIONAL_REPRESENTATION('',(#3605),#3608);
#3605 = B_SPLINE_CURVE_WITH_KNOTS('',1,(#3606,#3607),.UNSPECIFIED.,.F.,
  .F.,(2,2),(-28.85,-26.85),.PIECEWISE_BEZIER_KNOTS.);
#3606 = CARTESIAN_POINT('',(0.2,2.));
#3607 = CARTESIAN_POINT('',(0.2,0.));
#3608 = ( GEOMETRIC_REPRESENTATION_CONTEXT(2) 
PARAMETRIC_REPRESENTATION_CONTEXT() REPRESENTATION_CONTEXT('2D SPACE',''
  ) );
#3609 = ORIENTED_EDGE('',*,*,#3610,.T.);
#3610 = EDGE_CURVE('',#3585,#3611,#3613,.T.);
#3611 = VERTEX_POINT('',#3612);
#3612 = CARTESIAN_POINT('',(47.7,-17.4,1.2));
#3613 = SURFACE_CURVE('',#3614,(#3618,#3624),.PCURVE_S1.);
#3614 = LINE('',#3615,#3616);
#3615 = CARTESIAN_POINT('',(47.7,-50.025,1.2));
#3616 = VECTOR('',#3617,1.);
#3617 = DIRECTION('',(0.,1.,0.));
#3618 = PCURVE('',#2491,#3619);
#3619 = DEFINITIONAL_REPRESENTATION('',(#3620),#3623);
#3620 = B_SPLINE_CURVE_WITH_KNOTS('',1,(#3621,#3622),.UNSPECIFIED.,.F.,
  .F.,(2,2),(31.225,32.625),.PIECEWISE_BEZIER_KNOTS.);
#3621 = CARTESIAN_POINT('',(53.7,62.45));
#3622 = CARTESIAN_POINT('',(53.7,63.85));
#3623 = ( GEOMETRIC_REPRESENTATION_CONTEXT(2) 
PARAMETRIC_REPRESENTATION_CONTEXT() REPRESENTATION_CONTEXT('2D SPACE',''
  ) );
#3624 = PCURVE('',#3625,#3630);
#3625 = PLANE('',#3626);
#3626 = AXIS2_PLACEMENT_3D('',#3627,#3628,#3629);
#3627 = CARTESIAN_POINT('',(47.7,-18.8,1.));
#3628 = DIRECTION('',(1.,0.,0.));
#3629 = DIRECTION('',(0.,0.,1.));
#3630 = DEFINITIONAL_REPRESENTATION('',(#3631),#3635);
#3631 = LINE('',#3632,#3633);
#3632 = CARTESIAN_POINT('',(0.2,31.225));
#3633 = VECTOR('',#3634,1.);
#3634 = DIRECTION('',(0.,-1.));
#3635 = ( GEOMETRIC_REPRESENTATION_CONTEXT(2) 
PARAMETRIC_REPRESENTATION_CONTEXT() REPRESENTATION_CONTEXT('2D SPACE',''
  ) );
#3636 = ORIENTED_EDGE('',*,*,#3637,.F.);
#3637 = EDGE_CURVE('',#3638,#3611,#3640,.T.);
#3638 = VERTEX_POINT('',#3639);
#3639 = CARTESIAN_POINT('',(49.7,-17.4,1.2));
#3640 = SURFACE_CURVE('',#3641,(#3645,#3651),.PCURVE_S1.);
#3641 = LINE('',#3642,#3643);
#3642 = CARTESIAN_POINT('',(20.85,-17.4,1.2));
#3643 = VECTOR('',#3644,1.);
#3644 = DIRECTION('',(-1.,0.,0.));
#3645 = PCURVE('',#2491,#3646);
#3646 = DEFINITIONAL_REPRESENTATION('',(#3647),#3650);
#3647 = B_SPLINE_CURVE_WITH_KNOTS('',1,(#3648,#3649),.UNSPECIFIED.,.F.,
  .F.,(2,2),(-28.85,-26.85),.PIECEWISE_BEZIER_KNOTS.);
#3648 = CARTESIAN_POINT('',(55.7,63.85));
#3649 = CARTESIAN_POINT('',(53.7,63.85));
#3650 = ( GEOMETRIC_REPRESENTATION_CONTEXT(2) 
PARAMETRIC_REPRESENTATION_CONTEXT() REPRESENTATION_CONTEXT('2D SPACE',''
  ) );
#3651 = PCURVE('',#3652,#3657);
#3652 = PLANE('',#3653);
#3653 = AXIS2_PLACEMENT_3D('',#3654,#3655,#3656);
#3654 = CARTESIAN_POINT('',(47.7,-17.4,1.));
#3655 = DIRECTION('',(0.,1.,0.));
#3656 = DIRECTION('',(0.,0.,1.));
#3657 = DEFINITIONAL_REPRESENTATION('',(#3658),#3661);
#3658 = B_SPLINE_CURVE_WITH_KNOTS('',1,(#3659,#3660),.UNSPECIFIED.,.F.,
  .F.,(2,2),(-28.85,-26.85),.PIECEWISE_BEZIER_KNOTS.);
#3659 = CARTESIAN_POINT('',(0.2,2.));
#3660 = CARTESIAN_POINT('',(0.2,0.));
#3661 = ( GEOMETRIC_REPRESENTATION_CONTEXT(2) 
PARAMETRIC_REPRESENTATION_CONTEXT() REPRESENTATION_CONTEXT('2D SPACE',''
  ) );
#3662 = ORIENTED_EDGE('',*,*,#3663,.F.);
#3663 = EDGE_CURVE('',#3583,#3638,#3664,.T.);
#3664 = SURFACE_CURVE('',#3665,(#3669,#3675),.PCURVE_S1.);
#3665 = LINE('',#3666,#3667);
#3666 = CARTESIAN_POINT('',(49.7,-50.025,1.2));
#3667 = VECTOR('',#3668,1.);
#3668 = DIRECTION('',(0.,1.,0.));
#3669 = PCURVE('',#2491,#3670);
#3670 = DEFINITIONAL_REPRESENTATION('',(#3671),#3674);
#3671 = B_SPLINE_CURVE_WITH_KNOTS('',1,(#3672,#3673),.UNSPECIFIED.,.F.,
  .F.,(2,2),(31.225,32.625),.PIECEWISE_BEZIER_KNOTS.);
#3672 = CARTESIAN_POINT('',(55.7,62.45));
#3673 = CARTESIAN_POINT('',(55.7,63.85));
#3674 = ( GEOMETRIC_REPRESENTATION_CONTEXT(2) 
PARAMETRIC_REPRESENTATION_CONTEXT() REPRESENTATION_CONTEXT('2D SPACE',''
  ) );
#3675 = PCURVE('',#3676,#3681);
#3676 = PLANE('',#3677);
#3677 = AXIS2_PLACEMENT_3D('',#3678,#3679,#3680);
#3678 = CARTESIAN_POINT('',(49.7,-18.8,1.));
#3679 = DIRECTION('',(1.,0.,0.));
#3680 = DIRECTION('',(0.,0.,1.));
#3681 = DEFINITIONAL_REPRESENTATION('',(#3682),#3686);
#3682 = LINE('',#3683,#3684);
#3683 = CARTESIAN_POINT('',(0.2,31.225));
#3684 = VECTOR('',#3685,1.);
#3685 = DIRECTION('',(0.,-1.));
#3686 = ( GEOMETRIC_REPRESENTATION_CONTEXT(2) 
PARAMETRIC_REPRESENTATION_CONTEXT() REPRESENTATION_CONTEXT('2D SPACE',''
  ) );
#3687 = ADVANCED_FACE('',(#3688),#3652,.T.);
#3688 = FACE_BOUND('',#3689,.T.);
#3689 = EDGE_LOOP('',(#3690,#3713,#3714,#3737));
#3690 = ORIENTED_EDGE('',*,*,#3691,.F.);
#3691 = EDGE_CURVE('',#3638,#3692,#3694,.T.);
#3692 = VERTEX_POINT('',#3693);
#3693 = CARTESIAN_POINT('',(49.7,-17.4,9.1));
#3694 = SURFACE_CURVE('',#3695,(#3699,#3706),.PCURVE_S1.);
#3695 = LINE('',#3696,#3697);
#3696 = CARTESIAN_POINT('',(49.7,-17.4,1.));
#3697 = VECTOR('',#3698,1.);
#3698 = DIRECTION('',(0.,0.,1.));
#3699 = PCURVE('',#3652,#3700);
#3700 = DEFINITIONAL_REPRESENTATION('',(#3701),#3705);
#3701 = LINE('',#3702,#3703);
#3702 = CARTESIAN_POINT('',(0.,2.));
#3703 = VECTOR('',#3704,1.);
#3704 = DIRECTION('',(1.,0.));
#3705 = ( GEOMETRIC_REPRESENTATION_CONTEXT(2) 
PARAMETRIC_REPRESENTATION_CONTEXT() REPRESENTATION_CONTEXT('2D SPACE',''
  ) );
#3706 = PCURVE('',#3676,#3707);
#3707 = DEFINITIONAL_REPRESENTATION('',(#3708),#3712);
#3708 = LINE('',#3709,#3710);
#3709 = CARTESIAN_POINT('',(0.,-1.4));
#3710 = VECTOR('',#3711,1.);
#3711 = DIRECTION('',(1.,0.));
#3712 = ( GEOMETRIC_REPRESENTATION_CONTEXT(2) 
PARAMETRIC_REPRESENTATION_CONTEXT() REPRESENTATION_CONTEXT('2D SPACE',''
  ) );
#3713 = ORIENTED_EDGE('',*,*,#3637,.T.);
#3714 = ORIENTED_EDGE('',*,*,#3715,.T.);
#3715 = EDGE_CURVE('',#3611,#3716,#3718,.T.);
#3716 = VERTEX_POINT('',#3717);
#3717 = CARTESIAN_POINT('',(47.7,-17.4,9.1));
#3718 = SURFACE_CURVE('',#3719,(#3723,#3730),.PCURVE_S1.);
#3719 = LINE('',#3720,#3721);
#3720 = CARTESIAN_POINT('',(47.7,-17.4,1.));
#3721 = VECTOR('',#3722,1.);
#3722 = DIRECTION('',(0.,0.,1.));
#3723 = PCURVE('',#3652,#3724);
#3724 = DEFINITIONAL_REPRESENTATION('',(#3725),#3729);
#3725 = LINE('',#3726,#3727);
#3726 = CARTESIAN_POINT('',(0.,0.));
#3727 = VECTOR('',#3728,1.);
#3728 = DIRECTION('',(1.,0.));
#3729 = ( GEOMETRIC_REPRESENTATION_CONTEXT(2) 
PARAMETRIC_REPRESENTATION_CONTEXT() REPRESENTATION_CONTEXT('2D SPACE',''
  ) );
#3730 = PCURVE('',#3625,#3731);
#3731 = DEFINITIONAL_REPRESENTATION('',(#3732),#3736);
#3732 = LINE('',#3733,#3734);
#3733 = CARTESIAN_POINT('',(0.,-1.4));
#3734 = VECTOR('',#3735,1.);
#3735 = DIRECTION('',(1.,0.));
#3736 = ( GEOMETRIC_REPRESENTATION_CONTEXT(2) 
PARAMETRIC_REPRESENTATION_CONTEXT() REPRESENTATION_CONTEXT('2D SPACE',''
  ) );
#3737 = ORIENTED_EDGE('',*,*,#3738,.T.);
#3738 = EDGE_CURVE('',#3716,#3692,#3739,.T.);
#3739 = SURFACE_CURVE('',#3740,(#3744,#3751),.PCURVE_S1.);
#3740 = LINE('',#3741,#3742);
#3741 = CARTESIAN_POINT('',(47.7,-17.4,9.1));
#3742 = VECTOR('',#3743,1.);
#3743 = DIRECTION('',(1.,0.,0.));
#3744 = PCURVE('',#3652,#3745);
#3745 = DEFINITIONAL_REPRESENTATION('',(#3746),#3750);
#3746 = LINE('',#3747,#3748);
#3747 = CARTESIAN_POINT('',(8.1,0.));
#3748 = VECTOR('',#3749,1.);
#3749 = DIRECTION('',(0.,1.));
#3750 = ( GEOMETRIC_REPRESENTATION_CONTEXT(2) 
PARAMETRIC_REPRESENTATION_CONTEXT() REPRESENTATION_CONTEXT('2D SPACE',''
  ) );
#3751 = PCURVE('',#3752,#3757);
#3752 = PLANE('',#3753);
#3753 = AXIS2_PLACEMENT_3D('',#3754,#3755,#3756);
#3754 = CARTESIAN_POINT('',(47.7,-18.8,9.1));
#3755 = DIRECTION('',(0.,0.,1.));
#3756 = DIRECTION('',(1.,0.,0.));
#3757 = DEFINITIONAL_REPRESENTATION('',(#3758),#3762);
#3758 = LINE('',#3759,#3760);
#3759 = CARTESIAN_POINT('',(0.,1.4));
#3760 = VECTOR('',#3761,1.);
#3761 = DIRECTION('',(1.,0.));
#3762 = ( GEOMETRIC_REPRESENTATION_CONTEXT(2) 
PARAMETRIC_REPRESENTATION_CONTEXT() REPRESENTATION_CONTEXT('2D SPACE',''
  ) );
#3763 = ADVANCED_FACE('',(#3764),#3752,.T.);
#3764 = FACE_BOUND('',#3765,.T.);
#3765 = EDGE_LOOP('',(#3766,#3789,#3816,#3837));
#3766 = ORIENTED_EDGE('',*,*,#3767,.F.);
#3767 = EDGE_CURVE('',#3768,#3716,#3770,.T.);
#3768 = VERTEX_POINT('',#3769);
#3769 = CARTESIAN_POINT('',(47.7,-19.75,9.1));
#3770 = SURFACE_CURVE('',#3771,(#3775,#3782),.PCURVE_S1.);
#3771 = LINE('',#3772,#3773);
#3772 = CARTESIAN_POINT('',(47.7,-19.75,9.1));
#3773 = VECTOR('',#3774,1.);
#3774 = DIRECTION('',(0.,1.,0.));
#3775 = PCURVE('',#3752,#3776);
#3776 = DEFINITIONAL_REPRESENTATION('',(#3777),#3781);
#3777 = LINE('',#3778,#3779);
#3778 = CARTESIAN_POINT('',(0.,-0.95));
#3779 = VECTOR('',#3780,1.);
#3780 = DIRECTION('',(0.,1.));
#3781 = ( GEOMETRIC_REPRESENTATION_CONTEXT(2) 
PARAMETRIC_REPRESENTATION_CONTEXT() REPRESENTATION_CONTEXT('2D SPACE',''
  ) );
#3782 = PCURVE('',#3625,#3783);
#3783 = DEFINITIONAL_REPRESENTATION('',(#3784),#3788);
#3784 = LINE('',#3785,#3786);
#3785 = CARTESIAN_POINT('',(8.1,0.95));
#3786 = VECTOR('',#3787,1.);
#3787 = DIRECTION('',(0.,-1.));
#3788 = ( GEOMETRIC_REPRESENTATION_CONTEXT(2) 
PARAMETRIC_REPRESENTATION_CONTEXT() REPRESENTATION_CONTEXT('2D SPACE',''
  ) );
#3789 = ORIENTED_EDGE('',*,*,#3790,.T.);
#3790 = EDGE_CURVE('',#3768,#3791,#3793,.T.);
#3791 = VERTEX_POINT('',#3792);
#3792 = CARTESIAN_POINT('',(49.7,-19.75,9.1));
#3793 = SURFACE_CURVE('',#3794,(#3798,#3805),.PCURVE_S1.);
#3794 = LINE('',#3795,#3796);
#3795 = CARTESIAN_POINT('',(55.859537420614,-19.75,9.1));
#3796 = VECTOR('',#3797,1.);
#3797 = DIRECTION('',(1.,0.,-0.));
#3798 = PCURVE('',#3752,#3799);
#3799 = DEFINITIONAL_REPRESENTATION('',(#3800),#3804);
#3800 = LINE('',#3801,#3802);
#3801 = CARTESIAN_POINT('',(8.159537420614,-0.95));
#3802 = VECTOR('',#3803,1.);
#3803 = DIRECTION('',(1.,0.));
#3804 = ( GEOMETRIC_REPRESENTATION_CONTEXT(2) 
PARAMETRIC_REPRESENTATION_CONTEXT() REPRESENTATION_CONTEXT('2D SPACE',''
  ) );
#3805 = PCURVE('',#3806,#3811);
#3806 = PLANE('',#3807);
#3807 = AXIS2_PLACEMENT_3D('',#3808,#3809,#3810);
#3808 = CARTESIAN_POINT('',(64.019074841227,-19.75,8.9));
#3809 = DIRECTION('',(0.,-1.,0.));
#3810 = DIRECTION('',(-1.,0.,0.));
#3811 = DEFINITIONAL_REPRESENTATION('',(#3812),#3815);
#3812 = B_SPLINE_CURVE_WITH_KNOTS('',1,(#3813,#3814),.UNSPECIFIED.,.F.,
  .F.,(2,2),(-8.159537420614,-6.159537420614),.PIECEWISE_BEZIER_KNOTS.);
#3813 = CARTESIAN_POINT('',(16.319074841227,-0.2));
#3814 = CARTESIAN_POINT('',(14.319074841227,-0.2));
#3815 = ( GEOMETRIC_REPRESENTATION_CONTEXT(2) 
PARAMETRIC_REPRESENTATION_CONTEXT() REPRESENTATION_CONTEXT('2D SPACE',''
  ) );
#3816 = ORIENTED_EDGE('',*,*,#3817,.F.);
#3817 = EDGE_CURVE('',#3692,#3791,#3818,.T.);
#3818 = SURFACE_CURVE('',#3819,(#3823,#3830),.PCURVE_S1.);
#3819 = LINE('',#3820,#3821);
#3820 = CARTESIAN_POINT('',(49.7,-17.4,9.1));
#3821 = VECTOR('',#3822,1.);
#3822 = DIRECTION('',(0.,-1.,0.));
#3823 = PCURVE('',#3752,#3824);
#3824 = DEFINITIONAL_REPRESENTATION('',(#3825),#3829);
#3825 = LINE('',#3826,#3827);
#3826 = CARTESIAN_POINT('',(2.,1.4));
#3827 = VECTOR('',#3828,1.);
#3828 = DIRECTION('',(0.,-1.));
#3829 = ( GEOMETRIC_REPRESENTATION_CONTEXT(2) 
PARAMETRIC_REPRESENTATION_CONTEXT() REPRESENTATION_CONTEXT('2D SPACE',''
  ) );
#3830 = PCURVE('',#3676,#3831);
#3831 = DEFINITIONAL_REPRESENTATION('',(#3832),#3836);
#3832 = LINE('',#3833,#3834);
#3833 = CARTESIAN_POINT('',(8.1,-1.4));
#3834 = VECTOR('',#3835,1.);
#3835 = DIRECTION('',(0.,1.));
#3836 = ( GEOMETRIC_REPRESENTATION_CONTEXT(2) 
PARAMETRIC_REPRESENTATION_CONTEXT() REPRESENTATION_CONTEXT('2D SPACE',''
  ) );
#3837 = ORIENTED_EDGE('',*,*,#3738,.F.);
#3838 = ADVANCED_FACE('',(#3839),#3806,.F.);
#3839 = FACE_BOUND('',#3840,.F.);
#3840 = EDGE_LOOP('',(#3841,#3871,#3899,#3927,#3955,#3983,#4005,#4032,
    #4054,#4082,#4102,#4103));
#3841 = ORIENTED_EDGE('',*,*,#3842,.F.);
#3842 = EDGE_CURVE('',#3843,#3845,#3847,.T.);
#3843 = VERTEX_POINT('',#3844);
#3844 = CARTESIAN_POINT('',(64.019074841227,-19.75,8.9));
#3845 = VERTEX_POINT('',#3846);
#3846 = CARTESIAN_POINT('',(49.7,-19.75,8.9));
#3847 = SURFACE_CURVE('',#3848,(#3852,#3859),.PCURVE_S1.);
#3848 = LINE('',#3849,#3850);
#3849 = CARTESIAN_POINT('',(64.019074841227,-19.75,8.9));
#3850 = VECTOR('',#3851,1.);
#3851 = DIRECTION('',(-1.,0.,0.));
#3852 = PCURVE('',#3806,#3853);
#3853 = DEFINITIONAL_REPRESENTATION('',(#3854),#3858);
#3854 = LINE('',#3855,#3856);
#3855 = CARTESIAN_POINT('',(0.,-0.));
#3856 = VECTOR('',#3857,1.);
#3857 = DIRECTION('',(1.,0.));
#3858 = ( GEOMETRIC_REPRESENTATION_CONTEXT(2) 
PARAMETRIC_REPRESENTATION_CONTEXT() REPRESENTATION_CONTEXT('2D SPACE',''
  ) );
#3859 = PCURVE('',#3860,#3865);
#3860 = PLANE('',#3861);
#3861 = AXIS2_PLACEMENT_3D('',#3862,#3863,#3864);
#3862 = CARTESIAN_POINT('',(41.736206270462,-30.02428050466,8.9));
#3863 = DIRECTION('',(0.,0.,1.));
#3864 = DIRECTION('',(1.,0.,-0.));
#3865 = DEFINITIONAL_REPRESENTATION('',(#3866),#3870);
#3866 = LINE('',#3867,#3868);
#3867 = CARTESIAN_POINT('',(22.282868570766,10.274280504665));
#3868 = VECTOR('',#3869,1.);
#3869 = DIRECTION('',(-1.,0.));
#3870 = ( GEOMETRIC_REPRESENTATION_CONTEXT(2) 
PARAMETRIC_REPRESENTATION_CONTEXT() REPRESENTATION_CONTEXT('2D SPACE',''
  ) );
#3871 = ORIENTED_EDGE('',*,*,#3872,.T.);
#3872 = EDGE_CURVE('',#3843,#3873,#3875,.T.);
#3873 = VERTEX_POINT('',#3874);
#3874 = CARTESIAN_POINT('',(64.019074841227,-19.75,10.25));
#3875 = SURFACE_CURVE('',#3876,(#3880,#3887),.PCURVE_S1.);
#3876 = LINE('',#3877,#3878);
#3877 = CARTESIAN_POINT('',(64.019074841227,-19.75,8.9));
#3878 = VECTOR('',#3879,1.);
#3879 = DIRECTION('',(0.,0.,1.));
#3880 = PCURVE('',#3806,#3881);
#3881 = DEFINITIONAL_REPRESENTATION('',(#3882),#3886);
#3882 = LINE('',#3883,#3884);
#3883 = CARTESIAN_POINT('',(0.,-0.));
#3884 = VECTOR('',#3885,1.);
#3885 = DIRECTION('',(0.,-1.));
#3886 = ( GEOMETRIC_REPRESENTATION_CONTEXT(2) 
PARAMETRIC_REPRESENTATION_CONTEXT() REPRESENTATION_CONTEXT('2D SPACE',''
  ) );
#3887 = PCURVE('',#3888,#3893);
#3888 = PLANE('',#3889);
#3889 = AXIS2_PLACEMENT_3D('',#3890,#3891,#3892);
#3890 = CARTESIAN_POINT('',(65.751130660285,-20.32735193968,8.9));
#3891 = DIRECTION('',(-0.316227766017,-0.948683298051,0.));
#3892 = DIRECTION('',(-0.948683298051,0.316227766017,0.));
#3893 = DEFINITIONAL_REPRESENTATION('',(#3894),#3898);
#3894 = LINE('',#3895,#3896);
#3895 = CARTESIAN_POINT('',(1.825747140924,0.));
#3896 = VECTOR('',#3897,1.);
#3897 = DIRECTION('',(0.,-1.));
#3898 = ( GEOMETRIC_REPRESENTATION_CONTEXT(2) 
PARAMETRIC_REPRESENTATION_CONTEXT() REPRESENTATION_CONTEXT('2D SPACE',''
  ) );
#3899 = ORIENTED_EDGE('',*,*,#3900,.T.);
#3900 = EDGE_CURVE('',#3873,#3901,#3903,.T.);
#3901 = VERTEX_POINT('',#3902);
#3902 = CARTESIAN_POINT('',(28.399313212729,-19.75,10.25));
#3903 = SURFACE_CURVE('',#3904,(#3908,#3915),.PCURVE_S1.);
#3904 = LINE('',#3905,#3906);
#3905 = CARTESIAN_POINT('',(64.019074841227,-19.75,10.25));
#3906 = VECTOR('',#3907,1.);
#3907 = DIRECTION('',(-1.,0.,0.));
#3908 = PCURVE('',#3806,#3909);
#3909 = DEFINITIONAL_REPRESENTATION('',(#3910),#3914);
#3910 = LINE('',#3911,#3912);
#3911 = CARTESIAN_POINT('',(0.,-1.35));
#3912 = VECTOR('',#3913,1.);
#3913 = DIRECTION('',(1.,0.));
#3914 = ( GEOMETRIC_REPRESENTATION_CONTEXT(2) 
PARAMETRIC_REPRESENTATION_CONTEXT() REPRESENTATION_CONTEXT('2D SPACE',''
  ) );
#3915 = PCURVE('',#3916,#3921);
#3916 = PLANE('',#3917);
#3917 = AXIS2_PLACEMENT_3D('',#3918,#3919,#3920);
#3918 = CARTESIAN_POINT('',(41.736206270462,-30.02428050466,10.25));
#3919 = DIRECTION('',(0.,0.,1.));
#3920 = DIRECTION('',(1.,0.,-0.));
#3921 = DEFINITIONAL_REPRESENTATION('',(#3922),#3926);
#3922 = LINE('',#3923,#3924);
#3923 = CARTESIAN_POINT('',(22.282868570766,10.274280504665));
#3924 = VECTOR('',#3925,1.);
#3925 = DIRECTION('',(-1.,0.));
#3926 = ( GEOMETRIC_REPRESENTATION_CONTEXT(2) 
PARAMETRIC_REPRESENTATION_CONTEXT() REPRESENTATION_CONTEXT('2D SPACE',''
  ) );
#3927 = ORIENTED_EDGE('',*,*,#3928,.F.);
#3928 = EDGE_CURVE('',#3929,#3901,#3931,.T.);
#3929 = VERTEX_POINT('',#3930);
#3930 = CARTESIAN_POINT('',(28.399313212729,-19.75,8.9));
#3931 = SURFACE_CURVE('',#3932,(#3936,#3943),.PCURVE_S1.);
#3932 = LINE('',#3933,#3934);
#3933 = CARTESIAN_POINT('',(28.399313212729,-19.75,8.9));
#3934 = VECTOR('',#3935,1.);
#3935 = DIRECTION('',(0.,0.,1.));
#3936 = PCURVE('',#3806,#3937);
#3937 = DEFINITIONAL_REPRESENTATION('',(#3938),#3942);
#3938 = LINE('',#3939,#3940);
#3939 = CARTESIAN_POINT('',(35.619761628498,0.));
#3940 = VECTOR('',#3941,1.);
#3941 = DIRECTION('',(0.,-1.));
#3942 = ( GEOMETRIC_REPRESENTATION_CONTEXT(2) 
PARAMETRIC_REPRESENTATION_CONTEXT() REPRESENTATION_CONTEXT('2D SPACE',''
  ) );
#3943 = PCURVE('',#3944,#3949);
#3944 = PLANE('',#3945);
#3945 = AXIS2_PLACEMENT_3D('',#3946,#3947,#3948);
#3946 = CARTESIAN_POINT('',(28.399313212729,-19.75,8.9));
#3947 = DIRECTION('',(0.14834045293,-0.988936352868,0.));
#3948 = DIRECTION('',(-0.988936352868,-0.14834045293,0.));
#3949 = DEFINITIONAL_REPRESENTATION('',(#3950),#3954);
#3950 = LINE('',#3951,#3952);
#3951 = CARTESIAN_POINT('',(0.,0.));
#3952 = VECTOR('',#3953,1.);
#3953 = DIRECTION('',(0.,-1.));
#3954 = ( GEOMETRIC_REPRESENTATION_CONTEXT(2) 
PARAMETRIC_REPRESENTATION_CONTEXT() REPRESENTATION_CONTEXT('2D SPACE',''
  ) );
#3955 = ORIENTED_EDGE('',*,*,#3956,.F.);
#3956 = EDGE_CURVE('',#3957,#3929,#3959,.T.);
#3957 = VERTEX_POINT('',#3958);
#3958 = CARTESIAN_POINT('',(30.5,-19.75,8.9));
#3959 = SURFACE_CURVE('',#3960,(#3964,#3971),.PCURVE_S1.);
#3960 = LINE('',#3961,#3962);
#3961 = CARTESIAN_POINT('',(64.019074841227,-19.75,8.9));
#3962 = VECTOR('',#3963,1.);
#3963 = DIRECTION('',(-1.,0.,0.));
#3964 = PCURVE('',#3806,#3965);
#3965 = DEFINITIONAL_REPRESENTATION('',(#3966),#3970);
#3966 = LINE('',#3967,#3968);
#3967 = CARTESIAN_POINT('',(0.,-0.));
#3968 = VECTOR('',#3969,1.);
#3969 = DIRECTION('',(1.,0.));
#3970 = ( GEOMETRIC_REPRESENTATION_CONTEXT(2) 
PARAMETRIC_REPRESENTATION_CONTEXT() REPRESENTATION_CONTEXT('2D SPACE',''
  ) );
#3971 = PCURVE('',#3972,#3977);
#3972 = PLANE('',#3973);
#3973 = AXIS2_PLACEMENT_3D('',#3974,#3975,#3976);
#3974 = CARTESIAN_POINT('',(41.736206270462,-30.02428050466,8.9));
#3975 = DIRECTION('',(0.,0.,1.));
#3976 = DIRECTION('',(1.,0.,-0.));
#3977 = DEFINITIONAL_REPRESENTATION('',(#3978),#3982);
#3978 = LINE('',#3979,#3980);
#3979 = CARTESIAN_POINT('',(22.282868570766,10.274280504665));
#3980 = VECTOR('',#3981,1.);
#3981 = DIRECTION('',(-1.,0.));
#3982 = ( GEOMETRIC_REPRESENTATION_CONTEXT(2) 
PARAMETRIC_REPRESENTATION_CONTEXT() REPRESENTATION_CONTEXT('2D SPACE',''
  ) );
#3983 = ORIENTED_EDGE('',*,*,#3984,.F.);
#3984 = EDGE_CURVE('',#3985,#3957,#3987,.T.);
#3985 = VERTEX_POINT('',#3986);
#3986 = CARTESIAN_POINT('',(30.5,-19.75,9.1));
#3987 = SURFACE_CURVE('',#3988,(#3992,#3998),.PCURVE_S1.);
#3988 = LINE('',#3989,#3990);
#3989 = CARTESIAN_POINT('',(30.5,-19.75,8.725));
#3990 = VECTOR('',#3991,1.);
#3991 = DIRECTION('',(0.,0.,-1.));
#3992 = PCURVE('',#3806,#3993);
#3993 = DEFINITIONAL_REPRESENTATION('',(#3994),#3997);
#3994 = B_SPLINE_CURVE_WITH_KNOTS('',1,(#3995,#3996),.UNSPECIFIED.,.F.,
  .F.,(2,2),(-0.375,-0.175),.PIECEWISE_BEZIER_KNOTS.);
#3995 = CARTESIAN_POINT('',(33.519074841227,-0.2));
#3996 = CARTESIAN_POINT('',(33.519074841227,0.));
#3997 = ( GEOMETRIC_REPRESENTATION_CONTEXT(2) 
PARAMETRIC_REPRESENTATION_CONTEXT() REPRESENTATION_CONTEXT('2D SPACE',''
  ) );
#3998 = PCURVE('',#3482,#3999);
#3999 = DEFINITIONAL_REPRESENTATION('',(#4000),#4004);
#4000 = LINE('',#4001,#4002);
#4001 = CARTESIAN_POINT('',(7.725,0.95));
#4002 = VECTOR('',#4003,1.);
#4003 = DIRECTION('',(-1.,0.));
#4004 = ( GEOMETRIC_REPRESENTATION_CONTEXT(2) 
PARAMETRIC_REPRESENTATION_CONTEXT() REPRESENTATION_CONTEXT('2D SPACE',''
  ) );
#4005 = ORIENTED_EDGE('',*,*,#4006,.T.);
#4006 = EDGE_CURVE('',#3985,#4007,#4009,.T.);
#4007 = VERTEX_POINT('',#4008);
#4008 = CARTESIAN_POINT('',(32.5,-19.75,9.1));
#4009 = SURFACE_CURVE('',#4010,(#4014,#4020),.PCURVE_S1.);
#4010 = LINE('',#4011,#4012);
#4011 = CARTESIAN_POINT('',(47.259537420614,-19.75,9.1));
#4012 = VECTOR('',#4013,1.);
#4013 = DIRECTION('',(1.,0.,-0.));
#4014 = PCURVE('',#3806,#4015);
#4015 = DEFINITIONAL_REPRESENTATION('',(#4016),#4019);
#4016 = B_SPLINE_CURVE_WITH_KNOTS('',1,(#4017,#4018),.UNSPECIFIED.,.F.,
  .F.,(2,2),(-16.75953742061,-14.75953742061),.PIECEWISE_BEZIER_KNOTS.);
#4017 = CARTESIAN_POINT('',(33.519074841227,-0.2));
#4018 = CARTESIAN_POINT('',(31.519074841227,-0.2));
#4019 = ( GEOMETRIC_REPRESENTATION_CONTEXT(2) 
PARAMETRIC_REPRESENTATION_CONTEXT() REPRESENTATION_CONTEXT('2D SPACE',''
  ) );
#4020 = PCURVE('',#4021,#4026);
#4021 = PLANE('',#4022);
#4022 = AXIS2_PLACEMENT_3D('',#4023,#4024,#4025);
#4023 = CARTESIAN_POINT('',(30.5,-18.8,9.1));
#4024 = DIRECTION('',(0.,0.,1.));
#4025 = DIRECTION('',(1.,0.,0.));
#4026 = DEFINITIONAL_REPRESENTATION('',(#4027),#4031);
#4027 = LINE('',#4028,#4029);
#4028 = CARTESIAN_POINT('',(16.759537420614,-0.95));
#4029 = VECTOR('',#4030,1.);
#4030 = DIRECTION('',(1.,0.));
#4031 = ( GEOMETRIC_REPRESENTATION_CONTEXT(2) 
PARAMETRIC_REPRESENTATION_CONTEXT() REPRESENTATION_CONTEXT('2D SPACE',''
  ) );
#4032 = ORIENTED_EDGE('',*,*,#4033,.T.);
#4033 = EDGE_CURVE('',#4007,#4034,#4036,.T.);
#4034 = VERTEX_POINT('',#4035);
#4035 = CARTESIAN_POINT('',(32.5,-19.75,8.9));
#4036 = SURFACE_CURVE('',#4037,(#4041,#4047),.PCURVE_S1.);
#4037 = LINE('',#4038,#4039);
#4038 = CARTESIAN_POINT('',(32.5,-19.75,8.725));
#4039 = VECTOR('',#4040,1.);
#4040 = DIRECTION('',(0.,0.,-1.));
#4041 = PCURVE('',#3806,#4042);
#4042 = DEFINITIONAL_REPRESENTATION('',(#4043),#4046);
#4043 = B_SPLINE_CURVE_WITH_KNOTS('',1,(#4044,#4045),.UNSPECIFIED.,.F.,
  .F.,(2,2),(-0.375,-0.175),.PIECEWISE_BEZIER_KNOTS.);
#4044 = CARTESIAN_POINT('',(31.519074841227,-0.2));
#4045 = CARTESIAN_POINT('',(31.519074841227,0.));
#4046 = ( GEOMETRIC_REPRESENTATION_CONTEXT(2) 
PARAMETRIC_REPRESENTATION_CONTEXT() REPRESENTATION_CONTEXT('2D SPACE',''
  ) );
#4047 = PCURVE('',#3533,#4048);
#4048 = DEFINITIONAL_REPRESENTATION('',(#4049),#4053);
#4049 = LINE('',#4050,#4051);
#4050 = CARTESIAN_POINT('',(7.725,0.95));
#4051 = VECTOR('',#4052,1.);
#4052 = DIRECTION('',(-1.,0.));
#4053 = ( GEOMETRIC_REPRESENTATION_CONTEXT(2) 
PARAMETRIC_REPRESENTATION_CONTEXT() REPRESENTATION_CONTEXT('2D SPACE',''
  ) );
#4054 = ORIENTED_EDGE('',*,*,#4055,.F.);
#4055 = EDGE_CURVE('',#4056,#4034,#4058,.T.);
#4056 = VERTEX_POINT('',#4057);
#4057 = CARTESIAN_POINT('',(47.7,-19.75,8.9));
#4058 = SURFACE_CURVE('',#4059,(#4063,#4070),.PCURVE_S1.);
#4059 = LINE('',#4060,#4061);
#4060 = CARTESIAN_POINT('',(64.019074841227,-19.75,8.9));
#4061 = VECTOR('',#4062,1.);
#4062 = DIRECTION('',(-1.,0.,0.));
#4063 = PCURVE('',#3806,#4064);
#4064 = DEFINITIONAL_REPRESENTATION('',(#4065),#4069);
#4065 = LINE('',#4066,#4067);
#4066 = CARTESIAN_POINT('',(0.,-0.));
#4067 = VECTOR('',#4068,1.);
#4068 = DIRECTION('',(1.,0.));
#4069 = ( GEOMETRIC_REPRESENTATION_CONTEXT(2) 
PARAMETRIC_REPRESENTATION_CONTEXT() REPRESENTATION_CONTEXT('2D SPACE',''
  ) );
#4070 = PCURVE('',#4071,#4076);
#4071 = PLANE('',#4072);
#4072 = AXIS2_PLACEMENT_3D('',#4073,#4074,#4075);
#4073 = CARTESIAN_POINT('',(41.736206270462,-30.02428050466,8.9));
#4074 = DIRECTION('',(0.,0.,1.));
#4075 = DIRECTION('',(1.,0.,-0.));
#4076 = DEFINITIONAL_REPRESENTATION('',(#4077),#4081);
#4077 = LINE('',#4078,#4079);
#4078 = CARTESIAN_POINT('',(22.282868570766,10.274280504665));
#4079 = VECTOR('',#4080,1.);
#4080 = DIRECTION('',(-1.,0.));
#4081 = ( GEOMETRIC_REPRESENTATION_CONTEXT(2) 
PARAMETRIC_REPRESENTATION_CONTEXT() REPRESENTATION_CONTEXT('2D SPACE',''
  ) );
#4082 = ORIENTED_EDGE('',*,*,#4083,.F.);
#4083 = EDGE_CURVE('',#3768,#4056,#4084,.T.);
#4084 = SURFACE_CURVE('',#4085,(#4089,#4095),.PCURVE_S1.);
#4085 = LINE('',#4086,#4087);
#4086 = CARTESIAN_POINT('',(47.7,-19.75,8.725));
#4087 = VECTOR('',#4088,1.);
#4088 = DIRECTION('',(0.,0.,-1.));
#4089 = PCURVE('',#3806,#4090);
#4090 = DEFINITIONAL_REPRESENTATION('',(#4091),#4094);
#4091 = B_SPLINE_CURVE_WITH_KNOTS('',1,(#4092,#4093),.UNSPECIFIED.,.F.,
  .F.,(2,2),(-0.375,-0.175),.PIECEWISE_BEZIER_KNOTS.);
#4092 = CARTESIAN_POINT('',(16.319074841227,-0.2));
#4093 = CARTESIAN_POINT('',(16.319074841227,0.));
#4094 = ( GEOMETRIC_REPRESENTATION_CONTEXT(2) 
PARAMETRIC_REPRESENTATION_CONTEXT() REPRESENTATION_CONTEXT('2D SPACE',''
  ) );
#4095 = PCURVE('',#3625,#4096);
#4096 = DEFINITIONAL_REPRESENTATION('',(#4097),#4101);
#4097 = LINE('',#4098,#4099);
#4098 = CARTESIAN_POINT('',(7.725,0.95));
#4099 = VECTOR('',#4100,1.);
#4100 = DIRECTION('',(-1.,0.));
#4101 = ( GEOMETRIC_REPRESENTATION_CONTEXT(2) 
PARAMETRIC_REPRESENTATION_CONTEXT() REPRESENTATION_CONTEXT('2D SPACE',''
  ) );
#4102 = ORIENTED_EDGE('',*,*,#3790,.T.);
#4103 = ORIENTED_EDGE('',*,*,#4104,.T.);
#4104 = EDGE_CURVE('',#3791,#3845,#4105,.T.);
#4105 = SURFACE_CURVE('',#4106,(#4110,#4116),.PCURVE_S1.);
#4106 = LINE('',#4107,#4108);
#4107 = CARTESIAN_POINT('',(49.7,-19.75,8.725));
#4108 = VECTOR('',#4109,1.);
#4109 = DIRECTION('',(0.,0.,-1.));
#4110 = PCURVE('',#3806,#4111);
#4111 = DEFINITIONAL_REPRESENTATION('',(#4112),#4115);
#4112 = B_SPLINE_CURVE_WITH_KNOTS('',1,(#4113,#4114),.UNSPECIFIED.,.F.,
  .F.,(2,2),(-0.375,-0.175),.PIECEWISE_BEZIER_KNOTS.);
#4113 = CARTESIAN_POINT('',(14.319074841227,-0.2));
#4114 = CARTESIAN_POINT('',(14.319074841227,0.));
#4115 = ( GEOMETRIC_REPRESENTATION_CONTEXT(2) 
PARAMETRIC_REPRESENTATION_CONTEXT() REPRESENTATION_CONTEXT('2D SPACE',''
  ) );
#4116 = PCURVE('',#3676,#4117);
#4117 = DEFINITIONAL_REPRESENTATION('',(#4118),#4122);
#4118 = LINE('',#4119,#4120);
#4119 = CARTESIAN_POINT('',(7.725,0.95));
#4120 = VECTOR('',#4121,1.);
#4121 = DIRECTION('',(-1.,0.));
#4122 = ( GEOMETRIC_REPRESENTATION_CONTEXT(2) 
PARAMETRIC_REPRESENTATION_CONTEXT() REPRESENTATION_CONTEXT('2D SPACE',''
  ) );
#4123 = ADVANCED_FACE('',(#4124),#3888,.F.);
#4124 = FACE_BOUND('',#4125,.F.);
#4125 = EDGE_LOOP('',(#4126,#4156,#4177,#4178));
#4126 = ORIENTED_EDGE('',*,*,#4127,.T.);
#4127 = EDGE_CURVE('',#4128,#4130,#4132,.T.);
#4128 = VERTEX_POINT('',#4129);
#4129 = CARTESIAN_POINT('',(65.751130660285,-20.32735193968,8.9));
#4130 = VERTEX_POINT('',#4131);
#4131 = CARTESIAN_POINT('',(65.751130660285,-20.32735193968,10.25));
#4132 = SURFACE_CURVE('',#4133,(#4137,#4144),.PCURVE_S1.);
#4133 = LINE('',#4134,#4135);
#4134 = CARTESIAN_POINT('',(65.751130660285,-20.32735193968,8.9));
#4135 = VECTOR('',#4136,1.);
#4136 = DIRECTION('',(0.,0.,1.));
#4137 = PCURVE('',#3888,#4138);
#4138 = DEFINITIONAL_REPRESENTATION('',(#4139),#4143);
#4139 = LINE('',#4140,#4141);
#4140 = CARTESIAN_POINT('',(0.,0.));
#4141 = VECTOR('',#4142,1.);
#4142 = DIRECTION('',(0.,-1.));
#4143 = ( GEOMETRIC_REPRESENTATION_CONTEXT(2) 
PARAMETRIC_REPRESENTATION_CONTEXT() REPRESENTATION_CONTEXT('2D SPACE',''
  ) );
#4144 = PCURVE('',#4145,#4150);
#4145 = PLANE('',#4146);
#4146 = AXIS2_PLACEMENT_3D('',#4147,#4148,#4149);
#4147 = CARTESIAN_POINT('',(67.1,-21.76614590204,8.9));
#4148 = DIRECTION('',(-0.72953720414,-0.683941128881,0.));
#4149 = DIRECTION('',(-0.683941128881,0.72953720414,0.));
#4150 = DEFINITIONAL_REPRESENTATION('',(#4151),#4155);
#4151 = LINE('',#4152,#4153);
#4152 = CARTESIAN_POINT('',(1.972200943554,0.));
#4153 = VECTOR('',#4154,1.);
#4154 = DIRECTION('',(0.,-1.));
#4155 = ( GEOMETRIC_REPRESENTATION_CONTEXT(2) 
PARAMETRIC_REPRESENTATION_CONTEXT() REPRESENTATION_CONTEXT('2D SPACE',''
  ) );
#4156 = ORIENTED_EDGE('',*,*,#4157,.T.);
#4157 = EDGE_CURVE('',#4130,#3873,#4158,.T.);
#4158 = SURFACE_CURVE('',#4159,(#4163,#4170),.PCURVE_S1.);
#4159 = LINE('',#4160,#4161);
#4160 = CARTESIAN_POINT('',(65.751130660285,-20.32735193968,10.25));
#4161 = VECTOR('',#4162,1.);
#4162 = DIRECTION('',(-0.948683298051,0.316227766017,0.));
#4163 = PCURVE('',#3888,#4164);
#4164 = DEFINITIONAL_REPRESENTATION('',(#4165),#4169);
#4165 = LINE('',#4166,#4167);
#4166 = CARTESIAN_POINT('',(0.,-1.35));
#4167 = VECTOR('',#4168,1.);
#4168 = DIRECTION('',(1.,0.));
#4169 = ( GEOMETRIC_REPRESENTATION_CONTEXT(2) 
PARAMETRIC_REPRESENTATION_CONTEXT() REPRESENTATION_CONTEXT('2D SPACE',''
  ) );
#4170 = PCURVE('',#3916,#4171);
#4171 = DEFINITIONAL_REPRESENTATION('',(#4172),#4176);
#4172 = LINE('',#4173,#4174);
#4173 = CARTESIAN_POINT('',(24.014924389823,9.696928564979));
#4174 = VECTOR('',#4175,1.);
#4175 = DIRECTION('',(-0.948683298051,0.316227766017));
#4176 = ( GEOMETRIC_REPRESENTATION_CONTEXT(2) 
PARAMETRIC_REPRESENTATION_CONTEXT() REPRESENTATION_CONTEXT('2D SPACE',''
  ) );
#4177 = ORIENTED_EDGE('',*,*,#3872,.F.);
#4178 = ORIENTED_EDGE('',*,*,#4179,.F.);
#4179 = EDGE_CURVE('',#4128,#3843,#4180,.T.);
#4180 = SURFACE_CURVE('',#4181,(#4185,#4192),.PCURVE_S1.);
#4181 = LINE('',#4182,#4183);
#4182 = CARTESIAN_POINT('',(65.751130660285,-20.32735193968,8.9));
#4183 = VECTOR('',#4184,1.);
#4184 = DIRECTION('',(-0.948683298051,0.316227766017,0.));
#4185 = PCURVE('',#3888,#4186);
#4186 = DEFINITIONAL_REPRESENTATION('',(#4187),#4191);
#4187 = LINE('',#4188,#4189);
#4188 = CARTESIAN_POINT('',(0.,0.));
#4189 = VECTOR('',#4190,1.);
#4190 = DIRECTION('',(1.,0.));
#4191 = ( GEOMETRIC_REPRESENTATION_CONTEXT(2) 
PARAMETRIC_REPRESENTATION_CONTEXT() REPRESENTATION_CONTEXT('2D SPACE',''
  ) );
#4192 = PCURVE('',#3860,#4193);
#4193 = DEFINITIONAL_REPRESENTATION('',(#4194),#4198);
#4194 = LINE('',#4195,#4196);
#4195 = CARTESIAN_POINT('',(24.014924389823,9.696928564979));
#4196 = VECTOR('',#4197,1.);
#4197 = DIRECTION('',(-0.948683298051,0.316227766017));
#4198 = ( GEOMETRIC_REPRESENTATION_CONTEXT(2) 
PARAMETRIC_REPRESENTATION_CONTEXT() REPRESENTATION_CONTEXT('2D SPACE',''
  ) );
#4199 = ADVANCED_FACE('',(#4200),#4145,.F.);
#4200 = FACE_BOUND('',#4201,.F.);
#4201 = EDGE_LOOP('',(#4202,#4232,#4253,#4254));
#4202 = ORIENTED_EDGE('',*,*,#4203,.T.);
#4203 = EDGE_CURVE('',#4204,#4206,#4208,.T.);
#4204 = VERTEX_POINT('',#4205);
#4205 = CARTESIAN_POINT('',(67.1,-21.76614590204,8.9));
#4206 = VERTEX_POINT('',#4207);
#4207 = CARTESIAN_POINT('',(67.1,-21.76614590204,10.25));
#4208 = SURFACE_CURVE('',#4209,(#4213,#4220),.PCURVE_S1.);
#4209 = LINE('',#4210,#4211);
#4210 = CARTESIAN_POINT('',(67.1,-21.76614590204,8.9));
#4211 = VECTOR('',#4212,1.);
#4212 = DIRECTION('',(0.,0.,1.));
#4213 = PCURVE('',#4145,#4214);
#4214 = DEFINITIONAL_REPRESENTATION('',(#4215),#4219);
#4215 = LINE('',#4216,#4217);
#4216 = CARTESIAN_POINT('',(0.,0.));
#4217 = VECTOR('',#4218,1.);
#4218 = DIRECTION('',(0.,-1.));
#4219 = ( GEOMETRIC_REPRESENTATION_CONTEXT(2) 
PARAMETRIC_REPRESENTATION_CONTEXT() REPRESENTATION_CONTEXT('2D SPACE',''
  ) );
#4220 = PCURVE('',#4221,#4226);
#4221 = PLANE('',#4222);
#4222 = AXIS2_PLACEMENT_3D('',#4223,#4224,#4225);
#4223 = CARTESIAN_POINT('',(67.1,-38.23385409795,8.9));
#4224 = DIRECTION('',(-1.,0.,0.));
#4225 = DIRECTION('',(0.,1.,0.));
#4226 = DEFINITIONAL_REPRESENTATION('',(#4227),#4231);
#4227 = LINE('',#4228,#4229);
#4228 = CARTESIAN_POINT('',(16.467708195903,0.));
#4229 = VECTOR('',#4230,1.);
#4230 = DIRECTION('',(0.,-1.));
#4231 = ( GEOMETRIC_REPRESENTATION_CONTEXT(2) 
PARAMETRIC_REPRESENTATION_CONTEXT() REPRESENTATION_CONTEXT('2D SPACE',''
  ) );
#4232 = ORIENTED_EDGE('',*,*,#4233,.T.);
#4233 = EDGE_CURVE('',#4206,#4130,#4234,.T.);
#4234 = SURFACE_CURVE('',#4235,(#4239,#4246),.PCURVE_S1.);
#4235 = LINE('',#4236,#4237);
#4236 = CARTESIAN_POINT('',(67.1,-21.76614590204,10.25));
#4237 = VECTOR('',#4238,1.);
#4238 = DIRECTION('',(-0.683941128881,0.72953720414,0.));
#4239 = PCURVE('',#4145,#4240);
#4240 = DEFINITIONAL_REPRESENTATION('',(#4241),#4245);
#4241 = LINE('',#4242,#4243);
#4242 = CARTESIAN_POINT('',(0.,-1.35));
#4243 = VECTOR('',#4244,1.);
#4244 = DIRECTION('',(1.,0.));
#4245 = ( GEOMETRIC_REPRESENTATION_CONTEXT(2) 
PARAMETRIC_REPRESENTATION_CONTEXT() REPRESENTATION_CONTEXT('2D SPACE',''
  ) );
#4246 = PCURVE('',#3916,#4247);
#4247 = DEFINITIONAL_REPRESENTATION('',(#4248),#4252);
#4248 = LINE('',#4249,#4250);
#4249 = CARTESIAN_POINT('',(25.363793729538,8.258134602616));
#4250 = VECTOR('',#4251,1.);
#4251 = DIRECTION('',(-0.683941128881,0.72953720414));
#4252 = ( GEOMETRIC_REPRESENTATION_CONTEXT(2) 
PARAMETRIC_REPRESENTATION_CONTEXT() REPRESENTATION_CONTEXT('2D SPACE',''
  ) );
#4253 = ORIENTED_EDGE('',*,*,#4127,.F.);
#4254 = ORIENTED_EDGE('',*,*,#4255,.F.);
#4255 = EDGE_CURVE('',#4204,#4128,#4256,.T.);
#4256 = SURFACE_CURVE('',#4257,(#4261,#4268),.PCURVE_S1.);
#4257 = LINE('',#4258,#4259);
#4258 = CARTESIAN_POINT('',(67.1,-21.76614590204,8.9));
#4259 = VECTOR('',#4260,1.);
#4260 = DIRECTION('',(-0.683941128881,0.72953720414,0.));
#4261 = PCURVE('',#4145,#4262);
#4262 = DEFINITIONAL_REPRESENTATION('',(#4263),#4267);
#4263 = LINE('',#4264,#4265);
#4264 = CARTESIAN_POINT('',(0.,0.));
#4265 = VECTOR('',#4266,1.);
#4266 = DIRECTION('',(1.,0.));
#4267 = ( GEOMETRIC_REPRESENTATION_CONTEXT(2) 
PARAMETRIC_REPRESENTATION_CONTEXT() REPRESENTATION_CONTEXT('2D SPACE',''
  ) );
#4268 = PCURVE('',#3860,#4269);
#4269 = DEFINITIONAL_REPRESENTATION('',(#4270),#4274);
#4270 = LINE('',#4271,#4272);
#4271 = CARTESIAN_POINT('',(25.363793729538,8.258134602616));
#4272 = VECTOR('',#4273,1.);
#4273 = DIRECTION('',(-0.683941128881,0.72953720414));
#4274 = ( GEOMETRIC_REPRESENTATION_CONTEXT(2) 
PARAMETRIC_REPRESENTATION_CONTEXT() REPRESENTATION_CONTEXT('2D SPACE',''
  ) );
#4275 = ADVANCED_FACE('',(#4276),#4221,.F.);
#4276 = FACE_BOUND('',#4277,.F.);
#4277 = EDGE_LOOP('',(#4278,#4308,#4329,#4330));
#4278 = ORIENTED_EDGE('',*,*,#4279,.T.);
#4279 = EDGE_CURVE('',#4280,#4282,#4284,.T.);
#4280 = VERTEX_POINT('',#4281);
#4281 = CARTESIAN_POINT('',(67.1,-38.23385409795,8.9));
#4282 = VERTEX_POINT('',#4283);
#4283 = CARTESIAN_POINT('',(67.1,-38.23385409795,10.25));
#4284 = SURFACE_CURVE('',#4285,(#4289,#4296),.PCURVE_S1.);
#4285 = LINE('',#4286,#4287);
#4286 = CARTESIAN_POINT('',(67.1,-38.23385409795,8.9));
#4287 = VECTOR('',#4288,1.);
#4288 = DIRECTION('',(0.,0.,1.));
#4289 = PCURVE('',#4221,#4290);
#4290 = DEFINITIONAL_REPRESENTATION('',(#4291),#4295);
#4291 = LINE('',#4292,#4293);
#4292 = CARTESIAN_POINT('',(0.,0.));
#4293 = VECTOR('',#4294,1.);
#4294 = DIRECTION('',(0.,-1.));
#4295 = ( GEOMETRIC_REPRESENTATION_CONTEXT(2) 
PARAMETRIC_REPRESENTATION_CONTEXT() REPRESENTATION_CONTEXT('2D SPACE',''
  ) );
#4296 = PCURVE('',#4297,#4302);
#4297 = PLANE('',#4298);
#4298 = AXIS2_PLACEMENT_3D('',#4299,#4300,#4301);
#4299 = CARTESIAN_POINT('',(65.779789400038,-39.64207873791,8.9));
#4300 = DIRECTION('',(-0.72953720414,0.683941128881,0.));
#4301 = DIRECTION('',(0.683941128881,0.72953720414,0.));
#4302 = DEFINITIONAL_REPRESENTATION('',(#4303),#4307);
#4303 = LINE('',#4304,#4305);
#4304 = CARTESIAN_POINT('',(1.930298594737,0.));
#4305 = VECTOR('',#4306,1.);
#4306 = DIRECTION('',(0.,-1.));
#4307 = ( GEOMETRIC_REPRESENTATION_CONTEXT(2) 
PARAMETRIC_REPRESENTATION_CONTEXT() REPRESENTATION_CONTEXT('2D SPACE',''
  ) );
#4308 = ORIENTED_EDGE('',*,*,#4309,.T.);
#4309 = EDGE_CURVE('',#4282,#4206,#4310,.T.);
#4310 = SURFACE_CURVE('',#4311,(#4315,#4322),.PCURVE_S1.);
#4311 = LINE('',#4312,#4313);
#4312 = CARTESIAN_POINT('',(67.1,-38.23385409795,10.25));
#4313 = VECTOR('',#4314,1.);
#4314 = DIRECTION('',(0.,1.,0.));
#4315 = PCURVE('',#4221,#4316);
#4316 = DEFINITIONAL_REPRESENTATION('',(#4317),#4321);
#4317 = LINE('',#4318,#4319);
#4318 = CARTESIAN_POINT('',(0.,-1.35));
#4319 = VECTOR('',#4320,1.);
#4320 = DIRECTION('',(1.,0.));
#4321 = ( GEOMETRIC_REPRESENTATION_CONTEXT(2) 
PARAMETRIC_REPRESENTATION_CONTEXT() REPRESENTATION_CONTEXT('2D SPACE',''
  ) );
#4322 = PCURVE('',#3916,#4323);
#4323 = DEFINITIONAL_REPRESENTATION('',(#4324),#4328);
#4324 = LINE('',#4325,#4326);
#4325 = CARTESIAN_POINT('',(25.363793729538,-8.209573593287));
#4326 = VECTOR('',#4327,1.);
#4327 = DIRECTION('',(0.,1.));
#4328 = ( GEOMETRIC_REPRESENTATION_CONTEXT(2) 
PARAMETRIC_REPRESENTATION_CONTEXT() REPRESENTATION_CONTEXT('2D SPACE',''
  ) );
#4329 = ORIENTED_EDGE('',*,*,#4203,.F.);
#4330 = ORIENTED_EDGE('',*,*,#4331,.F.);
#4331 = EDGE_CURVE('',#4280,#4204,#4332,.T.);
#4332 = SURFACE_CURVE('',#4333,(#4337,#4344),.PCURVE_S1.);
#4333 = LINE('',#4334,#4335);
#4334 = CARTESIAN_POINT('',(67.1,-38.23385409795,8.9));
#4335 = VECTOR('',#4336,1.);
#4336 = DIRECTION('',(0.,1.,0.));
#4337 = PCURVE('',#4221,#4338);
#4338 = DEFINITIONAL_REPRESENTATION('',(#4339),#4343);
#4339 = LINE('',#4340,#4341);
#4340 = CARTESIAN_POINT('',(0.,0.));
#4341 = VECTOR('',#4342,1.);
#4342 = DIRECTION('',(1.,0.));
#4343 = ( GEOMETRIC_REPRESENTATION_CONTEXT(2) 
PARAMETRIC_REPRESENTATION_CONTEXT() REPRESENTATION_CONTEXT('2D SPACE',''
  ) );
#4344 = PCURVE('',#3860,#4345);
#4345 = DEFINITIONAL_REPRESENTATION('',(#4346),#4350);
#4346 = LINE('',#4347,#4348);
#4347 = CARTESIAN_POINT('',(25.363793729538,-8.209573593287));
#4348 = VECTOR('',#4349,1.);
#4349 = DIRECTION('',(0.,1.));
#4350 = ( GEOMETRIC_REPRESENTATION_CONTEXT(2) 
PARAMETRIC_REPRESENTATION_CONTEXT() REPRESENTATION_CONTEXT('2D SPACE',''
  ) );
#4351 = ADVANCED_FACE('',(#4352),#4297,.F.);
#4352 = FACE_BOUND('',#4353,.F.);
#4353 = EDGE_LOOP('',(#4354,#4384,#4405,#4406));
#4354 = ORIENTED_EDGE('',*,*,#4355,.T.);
#4355 = EDGE_CURVE('',#4356,#4358,#4360,.T.);
#4356 = VERTEX_POINT('',#4357);
#4357 = CARTESIAN_POINT('',(65.779789400038,-39.64207873791,8.9));
#4358 = VERTEX_POINT('',#4359);
#4359 = CARTESIAN_POINT('',(65.779789400038,-39.64207873791,10.25));
#4360 = SURFACE_CURVE('',#4361,(#4365,#4372),.PCURVE_S1.);
#4361 = LINE('',#4362,#4363);
#4362 = CARTESIAN_POINT('',(65.779789400038,-39.64207873791,8.9));
#4363 = VECTOR('',#4364,1.);
#4364 = DIRECTION('',(0.,0.,1.));
#4365 = PCURVE('',#4297,#4366);
#4366 = DEFINITIONAL_REPRESENTATION('',(#4367),#4371);
#4367 = LINE('',#4368,#4369);
#4368 = CARTESIAN_POINT('',(0.,0.));
#4369 = VECTOR('',#4370,1.);
#4370 = DIRECTION('',(0.,-1.));
#4371 = ( GEOMETRIC_REPRESENTATION_CONTEXT(2) 
PARAMETRIC_REPRESENTATION_CONTEXT() REPRESENTATION_CONTEXT('2D SPACE',''
  ) );
#4372 = PCURVE('',#4373,#4378);
#4373 = PLANE('',#4374);
#4374 = AXIS2_PLACEMENT_3D('',#4375,#4376,#4377);
#4375 = CARTESIAN_POINT('',(64.059986244816,-40.33,8.9));
#4376 = DIRECTION('',(-0.371390676354,0.928476690885,0.));
#4377 = DIRECTION('',(0.928476690885,0.371390676354,0.));
#4378 = DEFINITIONAL_REPRESENTATION('',(#4379),#4383);
#4379 = LINE('',#4380,#4381);
#4380 = CARTESIAN_POINT('',(1.85228468534,0.));
#4381 = VECTOR('',#4382,1.);
#4382 = DIRECTION('',(0.,-1.));
#4383 = ( GEOMETRIC_REPRESENTATION_CONTEXT(2) 
PARAMETRIC_REPRESENTATION_CONTEXT() REPRESENTATION_CONTEXT('2D SPACE',''
  ) );
#4384 = ORIENTED_EDGE('',*,*,#4385,.T.);
#4385 = EDGE_CURVE('',#4358,#4282,#4386,.T.);
#4386 = SURFACE_CURVE('',#4387,(#4391,#4398),.PCURVE_S1.);
#4387 = LINE('',#4388,#4389);
#4388 = CARTESIAN_POINT('',(65.779789400038,-39.64207873791,10.25));
#4389 = VECTOR('',#4390,1.);
#4390 = DIRECTION('',(0.683941128881,0.72953720414,0.));
#4391 = PCURVE('',#4297,#4392);
#4392 = DEFINITIONAL_REPRESENTATION('',(#4393),#4397);
#4393 = LINE('',#4394,#4395);
#4394 = CARTESIAN_POINT('',(0.,-1.35));
#4395 = VECTOR('',#4396,1.);
#4396 = DIRECTION('',(1.,0.));
#4397 = ( GEOMETRIC_REPRESENTATION_CONTEXT(2) 
PARAMETRIC_REPRESENTATION_CONTEXT() REPRESENTATION_CONTEXT('2D SPACE',''
  ) );
#4398 = PCURVE('',#3916,#4399);
#4399 = DEFINITIONAL_REPRESENTATION('',(#4400),#4404);
#4400 = LINE('',#4401,#4402);
#4401 = CARTESIAN_POINT('',(24.043583129576,-9.617798233247));
#4402 = VECTOR('',#4403,1.);
#4403 = DIRECTION('',(0.683941128881,0.72953720414));
#4404 = ( GEOMETRIC_REPRESENTATION_CONTEXT(2) 
PARAMETRIC_REPRESENTATION_CONTEXT() REPRESENTATION_CONTEXT('2D SPACE',''
  ) );
#4405 = ORIENTED_EDGE('',*,*,#4279,.F.);
#4406 = ORIENTED_EDGE('',*,*,#4407,.F.);
#4407 = EDGE_CURVE('',#4356,#4280,#4408,.T.);
#4408 = SURFACE_CURVE('',#4409,(#4413,#4420),.PCURVE_S1.);
#4409 = LINE('',#4410,#4411);
#4410 = CARTESIAN_POINT('',(65.779789400038,-39.64207873791,8.9));
#4411 = VECTOR('',#4412,1.);
#4412 = DIRECTION('',(0.683941128881,0.72953720414,0.));
#4413 = PCURVE('',#4297,#4414);
#4414 = DEFINITIONAL_REPRESENTATION('',(#4415),#4419);
#4415 = LINE('',#4416,#4417);
#4416 = CARTESIAN_POINT('',(0.,0.));
#4417 = VECTOR('',#4418,1.);
#4418 = DIRECTION('',(1.,0.));
#4419 = ( GEOMETRIC_REPRESENTATION_CONTEXT(2) 
PARAMETRIC_REPRESENTATION_CONTEXT() REPRESENTATION_CONTEXT('2D SPACE',''
  ) );
#4420 = PCURVE('',#3860,#4421);
#4421 = DEFINITIONAL_REPRESENTATION('',(#4422),#4426);
#4422 = LINE('',#4423,#4424);
#4423 = CARTESIAN_POINT('',(24.043583129576,-9.617798233247));
#4424 = VECTOR('',#4425,1.);
#4425 = DIRECTION('',(0.683941128881,0.72953720414));
#4426 = ( GEOMETRIC_REPRESENTATION_CONTEXT(2) 
PARAMETRIC_REPRESENTATION_CONTEXT() REPRESENTATION_CONTEXT('2D SPACE',''
  ) );
#4427 = ADVANCED_FACE('',(#4428),#4373,.F.);
#4428 = FACE_BOUND('',#4429,.F.);
#4429 = EDGE_LOOP('',(#4430,#4460,#4481,#4482));
#4430 = ORIENTED_EDGE('',*,*,#4431,.T.);
#4431 = EDGE_CURVE('',#4432,#4434,#4436,.T.);
#4432 = VERTEX_POINT('',#4433);
#4433 = CARTESIAN_POINT('',(64.059986244816,-40.33,8.9));
#4434 = VERTEX_POINT('',#4435);
#4435 = CARTESIAN_POINT('',(64.059986244816,-40.33,10.25));
#4436 = SURFACE_CURVE('',#4437,(#4441,#4448),.PCURVE_S1.);
#4437 = LINE('',#4438,#4439);
#4438 = CARTESIAN_POINT('',(64.059986244816,-40.33,8.9));
#4439 = VECTOR('',#4440,1.);
#4440 = DIRECTION('',(0.,0.,1.));
#4441 = PCURVE('',#4373,#4442);
#4442 = DEFINITIONAL_REPRESENTATION('',(#4443),#4447);
#4443 = LINE('',#4444,#4445);
#4444 = CARTESIAN_POINT('',(0.,0.));
#4445 = VECTOR('',#4446,1.);
#4446 = DIRECTION('',(0.,-1.));
#4447 = ( GEOMETRIC_REPRESENTATION_CONTEXT(2) 
PARAMETRIC_REPRESENTATION_CONTEXT() REPRESENTATION_CONTEXT('2D SPACE',''
  ) );
#4448 = PCURVE('',#4449,#4454);
#4449 = PLANE('',#4450);
#4450 = AXIS2_PLACEMENT_3D('',#4451,#4452,#4453);
#4451 = CARTESIAN_POINT('',(28.386067300811,-40.33,8.9));
#4452 = DIRECTION('',(0.,1.,0.));
#4453 = DIRECTION('',(1.,0.,0.));
#4454 = DEFINITIONAL_REPRESENTATION('',(#4455),#4459);
#4455 = LINE('',#4456,#4457);
#4456 = CARTESIAN_POINT('',(35.673918944004,0.));
#4457 = VECTOR('',#4458,1.);
#4458 = DIRECTION('',(0.,-1.));
#4459 = ( GEOMETRIC_REPRESENTATION_CONTEXT(2) 
PARAMETRIC_REPRESENTATION_CONTEXT() REPRESENTATION_CONTEXT('2D SPACE',''
  ) );
#4460 = ORIENTED_EDGE('',*,*,#4461,.T.);
#4461 = EDGE_CURVE('',#4434,#4358,#4462,.T.);
#4462 = SURFACE_CURVE('',#4463,(#4467,#4474),.PCURVE_S1.);
#4463 = LINE('',#4464,#4465);
#4464 = CARTESIAN_POINT('',(64.059986244816,-40.33,10.25));
#4465 = VECTOR('',#4466,1.);
#4466 = DIRECTION('',(0.928476690885,0.371390676354,0.));
#4467 = PCURVE('',#4373,#4468);
#4468 = DEFINITIONAL_REPRESENTATION('',(#4469),#4473);
#4469 = LINE('',#4470,#4471);
#4470 = CARTESIAN_POINT('',(0.,-1.35));
#4471 = VECTOR('',#4472,1.);
#4472 = DIRECTION('',(1.,0.));
#4473 = ( GEOMETRIC_REPRESENTATION_CONTEXT(2) 
PARAMETRIC_REPRESENTATION_CONTEXT() REPRESENTATION_CONTEXT('2D SPACE',''
  ) );
#4474 = PCURVE('',#3916,#4475);
#4475 = DEFINITIONAL_REPRESENTATION('',(#4476),#4480);
#4476 = LINE('',#4477,#4478);
#4477 = CARTESIAN_POINT('',(22.323779974354,-10.30571949533));
#4478 = VECTOR('',#4479,1.);
#4479 = DIRECTION('',(0.928476690885,0.371390676354));
#4480 = ( GEOMETRIC_REPRESENTATION_CONTEXT(2) 
PARAMETRIC_REPRESENTATION_CONTEXT() REPRESENTATION_CONTEXT('2D SPACE',''
  ) );
#4481 = ORIENTED_EDGE('',*,*,#4355,.F.);
#4482 = ORIENTED_EDGE('',*,*,#4483,.F.);
#4483 = EDGE_CURVE('',#4432,#4356,#4484,.T.);
#4484 = SURFACE_CURVE('',#4485,(#4489,#4496),.PCURVE_S1.);
#4485 = LINE('',#4486,#4487);
#4486 = CARTESIAN_POINT('',(64.059986244816,-40.33,8.9));
#4487 = VECTOR('',#4488,1.);
#4488 = DIRECTION('',(0.928476690885,0.371390676354,0.));
#4489 = PCURVE('',#4373,#4490);
#4490 = DEFINITIONAL_REPRESENTATION('',(#4491),#4495);
#4491 = LINE('',#4492,#4493);
#4492 = CARTESIAN_POINT('',(0.,0.));
#4493 = VECTOR('',#4494,1.);
#4494 = DIRECTION('',(1.,0.));
#4495 = ( GEOMETRIC_REPRESENTATION_CONTEXT(2) 
PARAMETRIC_REPRESENTATION_CONTEXT() REPRESENTATION_CONTEXT('2D SPACE',''
  ) );
#4496 = PCURVE('',#3860,#4497);
#4497 = DEFINITIONAL_REPRESENTATION('',(#4498),#4502);
#4498 = LINE('',#4499,#4500);
#4499 = CARTESIAN_POINT('',(22.323779974354,-10.30571949533));
#4500 = VECTOR('',#4501,1.);
#4501 = DIRECTION('',(0.928476690885,0.371390676354));
#4502 = ( GEOMETRIC_REPRESENTATION_CONTEXT(2) 
PARAMETRIC_REPRESENTATION_CONTEXT() REPRESENTATION_CONTEXT('2D SPACE',''
  ) );
#4503 = ADVANCED_FACE('',(#4504),#4449,.F.);
#4504 = FACE_BOUND('',#4505,.F.);
#4505 = EDGE_LOOP('',(#4506,#4536,#4564,#4585,#4586,#4609,#4631,#4658,
    #4680,#4708,#4730,#4757));
#4506 = ORIENTED_EDGE('',*,*,#4507,.F.);
#4507 = EDGE_CURVE('',#4508,#4510,#4512,.T.);
#4508 = VERTEX_POINT('',#4509);
#4509 = CARTESIAN_POINT('',(28.386067300811,-40.33,8.9));
#4510 = VERTEX_POINT('',#4511);
#4511 = CARTESIAN_POINT('',(33.,-40.33,8.9));
#4512 = SURFACE_CURVE('',#4513,(#4517,#4524),.PCURVE_S1.);
#4513 = LINE('',#4514,#4515);
#4514 = CARTESIAN_POINT('',(28.386067300811,-40.33,8.9));
#4515 = VECTOR('',#4516,1.);
#4516 = DIRECTION('',(1.,0.,0.));
#4517 = PCURVE('',#4449,#4518);
#4518 = DEFINITIONAL_REPRESENTATION('',(#4519),#4523);
#4519 = LINE('',#4520,#4521);
#4520 = CARTESIAN_POINT('',(0.,0.));
#4521 = VECTOR('',#4522,1.);
#4522 = DIRECTION('',(1.,0.));
#4523 = ( GEOMETRIC_REPRESENTATION_CONTEXT(2) 
PARAMETRIC_REPRESENTATION_CONTEXT() REPRESENTATION_CONTEXT('2D SPACE',''
  ) );
#4524 = PCURVE('',#4525,#4530);
#4525 = PLANE('',#4526);
#4526 = AXIS2_PLACEMENT_3D('',#4527,#4528,#4529);
#4527 = CARTESIAN_POINT('',(41.736206270462,-30.02428050466,8.9));
#4528 = DIRECTION('',(0.,0.,1.));
#4529 = DIRECTION('',(1.,0.,-0.));
#4530 = DEFINITIONAL_REPRESENTATION('',(#4531),#4535);
#4531 = LINE('',#4532,#4533);
#4532 = CARTESIAN_POINT('',(-13.35013896965,-10.30571949533));
#4533 = VECTOR('',#4534,1.);
#4534 = DIRECTION('',(1.,0.));
#4535 = ( GEOMETRIC_REPRESENTATION_CONTEXT(2) 
PARAMETRIC_REPRESENTATION_CONTEXT() REPRESENTATION_CONTEXT('2D SPACE',''
  ) );
#4536 = ORIENTED_EDGE('',*,*,#4537,.T.);
#4537 = EDGE_CURVE('',#4508,#4538,#4540,.T.);
#4538 = VERTEX_POINT('',#4539);
#4539 = CARTESIAN_POINT('',(28.386067300811,-40.33,10.25));
#4540 = SURFACE_CURVE('',#4541,(#4545,#4552),.PCURVE_S1.);
#4541 = LINE('',#4542,#4543);
#4542 = CARTESIAN_POINT('',(28.386067300811,-40.33,8.9));
#4543 = VECTOR('',#4544,1.);
#4544 = DIRECTION('',(0.,0.,1.));
#4545 = PCURVE('',#4449,#4546);
#4546 = DEFINITIONAL_REPRESENTATION('',(#4547),#4551);
#4547 = LINE('',#4548,#4549);
#4548 = CARTESIAN_POINT('',(0.,0.));
#4549 = VECTOR('',#4550,1.);
#4550 = DIRECTION('',(0.,-1.));
#4551 = ( GEOMETRIC_REPRESENTATION_CONTEXT(2) 
PARAMETRIC_REPRESENTATION_CONTEXT() REPRESENTATION_CONTEXT('2D SPACE',''
  ) );
#4552 = PCURVE('',#4553,#4558);
#4553 = PLANE('',#4554);
#4554 = AXIS2_PLACEMENT_3D('',#4555,#4556,#4557);
#4555 = CARTESIAN_POINT('',(24.057895116134,-39.5942107286,8.9));
#4556 = DIRECTION('',(0.167595493934,0.98585584667,-0.));
#4557 = DIRECTION('',(0.98585584667,-0.167595493934,0.));
#4558 = DEFINITIONAL_REPRESENTATION('',(#4559),#4563);
#4559 = LINE('',#4560,#4561);
#4560 = CARTESIAN_POINT('',(4.390268820028,0.));
#4561 = VECTOR('',#4562,1.);
#4562 = DIRECTION('',(0.,-1.));
#4563 = ( GEOMETRIC_REPRESENTATION_CONTEXT(2) 
PARAMETRIC_REPRESENTATION_CONTEXT() REPRESENTATION_CONTEXT('2D SPACE',''
  ) );
#4564 = ORIENTED_EDGE('',*,*,#4565,.T.);
#4565 = EDGE_CURVE('',#4538,#4434,#4566,.T.);
#4566 = SURFACE_CURVE('',#4567,(#4571,#4578),.PCURVE_S1.);
#4567 = LINE('',#4568,#4569);
#4568 = CARTESIAN_POINT('',(28.386067300811,-40.33,10.25));
#4569 = VECTOR('',#4570,1.);
#4570 = DIRECTION('',(1.,0.,0.));
#4571 = PCURVE('',#4449,#4572);
#4572 = DEFINITIONAL_REPRESENTATION('',(#4573),#4577);
#4573 = LINE('',#4574,#4575);
#4574 = CARTESIAN_POINT('',(0.,-1.35));
#4575 = VECTOR('',#4576,1.);
#4576 = DIRECTION('',(1.,0.));
#4577 = ( GEOMETRIC_REPRESENTATION_CONTEXT(2) 
PARAMETRIC_REPRESENTATION_CONTEXT() REPRESENTATION_CONTEXT('2D SPACE',''
  ) );
#4578 = PCURVE('',#3916,#4579);
#4579 = DEFINITIONAL_REPRESENTATION('',(#4580),#4584);
#4580 = LINE('',#4581,#4582);
#4581 = CARTESIAN_POINT('',(-13.35013896965,-10.30571949533));
#4582 = VECTOR('',#4583,1.);
#4583 = DIRECTION('',(1.,0.));
#4584 = ( GEOMETRIC_REPRESENTATION_CONTEXT(2) 
PARAMETRIC_REPRESENTATION_CONTEXT() REPRESENTATION_CONTEXT('2D SPACE',''
  ) );
#4585 = ORIENTED_EDGE('',*,*,#4431,.F.);
#4586 = ORIENTED_EDGE('',*,*,#4587,.F.);
#4587 = EDGE_CURVE('',#4588,#4432,#4590,.T.);
#4588 = VERTEX_POINT('',#4589);
#4589 = CARTESIAN_POINT('',(50.,-40.33,8.9));
#4590 = SURFACE_CURVE('',#4591,(#4595,#4602),.PCURVE_S1.);
#4591 = LINE('',#4592,#4593);
#4592 = CARTESIAN_POINT('',(28.386067300811,-40.33,8.9));
#4593 = VECTOR('',#4594,1.);
#4594 = DIRECTION('',(1.,0.,0.));
#4595 = PCURVE('',#4449,#4596);
#4596 = DEFINITIONAL_REPRESENTATION('',(#4597),#4601);
#4597 = LINE('',#4598,#4599);
#4598 = CARTESIAN_POINT('',(0.,0.));
#4599 = VECTOR('',#4600,1.);
#4600 = DIRECTION('',(1.,0.));
#4601 = ( GEOMETRIC_REPRESENTATION_CONTEXT(2) 
PARAMETRIC_REPRESENTATION_CONTEXT() REPRESENTATION_CONTEXT('2D SPACE',''
  ) );
#4602 = PCURVE('',#3860,#4603);
#4603 = DEFINITIONAL_REPRESENTATION('',(#4604),#4608);
#4604 = LINE('',#4605,#4606);
#4605 = CARTESIAN_POINT('',(-13.35013896965,-10.30571949533));
#4606 = VECTOR('',#4607,1.);
#4607 = DIRECTION('',(1.,0.));
#4608 = ( GEOMETRIC_REPRESENTATION_CONTEXT(2) 
PARAMETRIC_REPRESENTATION_CONTEXT() REPRESENTATION_CONTEXT('2D SPACE',''
  ) );
#4609 = ORIENTED_EDGE('',*,*,#4610,.T.);
#4610 = EDGE_CURVE('',#4588,#4611,#4613,.T.);
#4611 = VERTEX_POINT('',#4612);
#4612 = CARTESIAN_POINT('',(50.,-40.33,9.1));
#4613 = SURFACE_CURVE('',#4614,(#4618,#4624),.PCURVE_S1.);
#4614 = LINE('',#4615,#4616);
#4615 = CARTESIAN_POINT('',(50.,-40.33,8.725));
#4616 = VECTOR('',#4617,1.);
#4617 = DIRECTION('',(0.,0.,1.));
#4618 = PCURVE('',#4449,#4619);
#4619 = DEFINITIONAL_REPRESENTATION('',(#4620),#4623);
#4620 = B_SPLINE_CURVE_WITH_KNOTS('',1,(#4621,#4622),.UNSPECIFIED.,.F.,
  .F.,(2,2),(0.175,0.375),.PIECEWISE_BEZIER_KNOTS.);
#4621 = CARTESIAN_POINT('',(21.613932699189,0.));
#4622 = CARTESIAN_POINT('',(21.613932699189,-0.2));
#4623 = ( GEOMETRIC_REPRESENTATION_CONTEXT(2) 
PARAMETRIC_REPRESENTATION_CONTEXT() REPRESENTATION_CONTEXT('2D SPACE',''
  ) );
#4624 = PCURVE('',#3390,#4625);
#4625 = DEFINITIONAL_REPRESENTATION('',(#4626),#4630);
#4626 = LINE('',#4627,#4628);
#4627 = CARTESIAN_POINT('',(7.725,-6.62));
#4628 = VECTOR('',#4629,1.);
#4629 = DIRECTION('',(1.,0.));
#4630 = ( GEOMETRIC_REPRESENTATION_CONTEXT(2) 
PARAMETRIC_REPRESENTATION_CONTEXT() REPRESENTATION_CONTEXT('2D SPACE',''
  ) );
#4631 = ORIENTED_EDGE('',*,*,#4632,.T.);
#4632 = EDGE_CURVE('',#4611,#4633,#4635,.T.);
#4633 = VERTEX_POINT('',#4634);
#4634 = CARTESIAN_POINT('',(48.,-40.33,9.1));
#4635 = SURFACE_CURVE('',#4636,(#4640,#4646),.PCURVE_S1.);
#4636 = LINE('',#4637,#4638);
#4637 = CARTESIAN_POINT('',(38.193033650406,-40.33,9.1));
#4638 = VECTOR('',#4639,1.);
#4639 = DIRECTION('',(-1.,0.,0.));
#4640 = PCURVE('',#4449,#4641);
#4641 = DEFINITIONAL_REPRESENTATION('',(#4642),#4645);
#4642 = B_SPLINE_CURVE_WITH_KNOTS('',1,(#4643,#4644),.UNSPECIFIED.,.F.,
  .F.,(2,2),(-11.80696634959,-9.806966349594),.PIECEWISE_BEZIER_KNOTS.);
#4643 = CARTESIAN_POINT('',(21.613932699189,-0.2));
#4644 = CARTESIAN_POINT('',(19.613932699189,-0.2));
#4645 = ( GEOMETRIC_REPRESENTATION_CONTEXT(2) 
PARAMETRIC_REPRESENTATION_CONTEXT() REPRESENTATION_CONTEXT('2D SPACE',''
  ) );
#4646 = PCURVE('',#4647,#4652);
#4647 = PLANE('',#4648);
#4648 = AXIS2_PLACEMENT_3D('',#4649,#4650,#4651);
#4649 = CARTESIAN_POINT('',(48.,-46.95,9.1));
#4650 = DIRECTION('',(0.,0.,1.));
#4651 = DIRECTION('',(1.,0.,0.));
#4652 = DEFINITIONAL_REPRESENTATION('',(#4653),#4657);
#4653 = LINE('',#4654,#4655);
#4654 = CARTESIAN_POINT('',(-9.806966349594,6.62));
#4655 = VECTOR('',#4656,1.);
#4656 = DIRECTION('',(-1.,0.));
#4657 = ( GEOMETRIC_REPRESENTATION_CONTEXT(2) 
PARAMETRIC_REPRESENTATION_CONTEXT() REPRESENTATION_CONTEXT('2D SPACE',''
  ) );
#4658 = ORIENTED_EDGE('',*,*,#4659,.F.);
#4659 = EDGE_CURVE('',#4660,#4633,#4662,.T.);
#4660 = VERTEX_POINT('',#4661);
#4661 = CARTESIAN_POINT('',(48.,-40.33,8.9));
#4662 = SURFACE_CURVE('',#4663,(#4667,#4673),.PCURVE_S1.);
#4663 = LINE('',#4664,#4665);
#4664 = CARTESIAN_POINT('',(48.,-40.33,8.725));
#4665 = VECTOR('',#4666,1.);
#4666 = DIRECTION('',(0.,0.,1.));
#4667 = PCURVE('',#4449,#4668);
#4668 = DEFINITIONAL_REPRESENTATION('',(#4669),#4672);
#4669 = B_SPLINE_CURVE_WITH_KNOTS('',1,(#4670,#4671),.UNSPECIFIED.,.F.,
  .F.,(2,2),(0.175,0.375),.PIECEWISE_BEZIER_KNOTS.);
#4670 = CARTESIAN_POINT('',(19.613932699189,0.));
#4671 = CARTESIAN_POINT('',(19.613932699189,-0.2));
#4672 = ( GEOMETRIC_REPRESENTATION_CONTEXT(2) 
PARAMETRIC_REPRESENTATION_CONTEXT() REPRESENTATION_CONTEXT('2D SPACE',''
  ) );
#4673 = PCURVE('',#3339,#4674);
#4674 = DEFINITIONAL_REPRESENTATION('',(#4675),#4679);
#4675 = LINE('',#4676,#4677);
#4676 = CARTESIAN_POINT('',(7.725,-6.62));
#4677 = VECTOR('',#4678,1.);
#4678 = DIRECTION('',(1.,0.));
#4679 = ( GEOMETRIC_REPRESENTATION_CONTEXT(2) 
PARAMETRIC_REPRESENTATION_CONTEXT() REPRESENTATION_CONTEXT('2D SPACE',''
  ) );
#4680 = ORIENTED_EDGE('',*,*,#4681,.F.);
#4681 = EDGE_CURVE('',#4682,#4660,#4684,.T.);
#4682 = VERTEX_POINT('',#4683);
#4683 = CARTESIAN_POINT('',(35.,-40.33,8.9));
#4684 = SURFACE_CURVE('',#4685,(#4689,#4696),.PCURVE_S1.);
#4685 = LINE('',#4686,#4687);
#4686 = CARTESIAN_POINT('',(28.386067300811,-40.33,8.9));
#4687 = VECTOR('',#4688,1.);
#4688 = DIRECTION('',(1.,0.,0.));
#4689 = PCURVE('',#4449,#4690);
#4690 = DEFINITIONAL_REPRESENTATION('',(#4691),#4695);
#4691 = LINE('',#4692,#4693);
#4692 = CARTESIAN_POINT('',(0.,0.));
#4693 = VECTOR('',#4694,1.);
#4694 = DIRECTION('',(1.,0.));
#4695 = ( GEOMETRIC_REPRESENTATION_CONTEXT(2) 
PARAMETRIC_REPRESENTATION_CONTEXT() REPRESENTATION_CONTEXT('2D SPACE',''
  ) );
#4696 = PCURVE('',#4697,#4702);
#4697 = PLANE('',#4698);
#4698 = AXIS2_PLACEMENT_3D('',#4699,#4700,#4701);
#4699 = CARTESIAN_POINT('',(41.736206270462,-30.02428050466,8.9));
#4700 = DIRECTION('',(0.,0.,1.));
#4701 = DIRECTION('',(1.,0.,-0.));
#4702 = DEFINITIONAL_REPRESENTATION('',(#4703),#4707);
#4703 = LINE('',#4704,#4705);
#4704 = CARTESIAN_POINT('',(-13.35013896965,-10.30571949533));
#4705 = VECTOR('',#4706,1.);
#4706 = DIRECTION('',(1.,0.));
#4707 = ( GEOMETRIC_REPRESENTATION_CONTEXT(2) 
PARAMETRIC_REPRESENTATION_CONTEXT() REPRESENTATION_CONTEXT('2D SPACE',''
  ) );
#4708 = ORIENTED_EDGE('',*,*,#4709,.T.);
#4709 = EDGE_CURVE('',#4682,#4710,#4712,.T.);
#4710 = VERTEX_POINT('',#4711);
#4711 = CARTESIAN_POINT('',(35.,-40.33,9.1));
#4712 = SURFACE_CURVE('',#4713,(#4717,#4723),.PCURVE_S1.);
#4713 = LINE('',#4714,#4715);
#4714 = CARTESIAN_POINT('',(35.,-40.33,8.725));
#4715 = VECTOR('',#4716,1.);
#4716 = DIRECTION('',(0.,0.,1.));
#4717 = PCURVE('',#4449,#4718);
#4718 = DEFINITIONAL_REPRESENTATION('',(#4719),#4722);
#4719 = B_SPLINE_CURVE_WITH_KNOTS('',1,(#4720,#4721),.UNSPECIFIED.,.F.,
  .F.,(2,2),(0.175,0.375),.PIECEWISE_BEZIER_KNOTS.);
#4720 = CARTESIAN_POINT('',(6.613932699189,0.));
#4721 = CARTESIAN_POINT('',(6.613932699189,-0.2));
#4722 = ( GEOMETRIC_REPRESENTATION_CONTEXT(2) 
PARAMETRIC_REPRESENTATION_CONTEXT() REPRESENTATION_CONTEXT('2D SPACE',''
  ) );
#4723 = PCURVE('',#3282,#4724);
#4724 = DEFINITIONAL_REPRESENTATION('',(#4725),#4729);
#4725 = LINE('',#4726,#4727);
#4726 = CARTESIAN_POINT('',(7.725,-6.62));
#4727 = VECTOR('',#4728,1.);
#4728 = DIRECTION('',(1.,0.));
#4729 = ( GEOMETRIC_REPRESENTATION_CONTEXT(2) 
PARAMETRIC_REPRESENTATION_CONTEXT() REPRESENTATION_CONTEXT('2D SPACE',''
  ) );
#4730 = ORIENTED_EDGE('',*,*,#4731,.T.);
#4731 = EDGE_CURVE('',#4710,#4732,#4734,.T.);
#4732 = VERTEX_POINT('',#4733);
#4733 = CARTESIAN_POINT('',(33.,-40.33,9.1));
#4734 = SURFACE_CURVE('',#4735,(#4739,#4745),.PCURVE_S1.);
#4735 = LINE('',#4736,#4737);
#4736 = CARTESIAN_POINT('',(30.693033650406,-40.33,9.1));
#4737 = VECTOR('',#4738,1.);
#4738 = DIRECTION('',(-1.,0.,0.));
#4739 = PCURVE('',#4449,#4740);
#4740 = DEFINITIONAL_REPRESENTATION('',(#4741),#4744);
#4741 = B_SPLINE_CURVE_WITH_KNOTS('',1,(#4742,#4743),.UNSPECIFIED.,.F.,
  .F.,(2,2),(-4.306966349594,-2.306966349594),.PIECEWISE_BEZIER_KNOTS.);
#4742 = CARTESIAN_POINT('',(6.613932699189,-0.2));
#4743 = CARTESIAN_POINT('',(4.613932699189,-0.2));
#4744 = ( GEOMETRIC_REPRESENTATION_CONTEXT(2) 
PARAMETRIC_REPRESENTATION_CONTEXT() REPRESENTATION_CONTEXT('2D SPACE',''
  ) );
#4745 = PCURVE('',#4746,#4751);
#4746 = PLANE('',#4747);
#4747 = AXIS2_PLACEMENT_3D('',#4748,#4749,#4750);
#4748 = CARTESIAN_POINT('',(33.,-46.95,9.1));
#4749 = DIRECTION('',(0.,0.,1.));
#4750 = DIRECTION('',(1.,0.,0.));
#4751 = DEFINITIONAL_REPRESENTATION('',(#4752),#4756);
#4752 = LINE('',#4753,#4754);
#4753 = CARTESIAN_POINT('',(-2.306966349594,6.62));
#4754 = VECTOR('',#4755,1.);
#4755 = DIRECTION('',(-1.,0.));
#4756 = ( GEOMETRIC_REPRESENTATION_CONTEXT(2) 
PARAMETRIC_REPRESENTATION_CONTEXT() REPRESENTATION_CONTEXT('2D SPACE',''
  ) );
#4757 = ORIENTED_EDGE('',*,*,#4758,.F.);
#4758 = EDGE_CURVE('',#4510,#4732,#4759,.T.);
#4759 = SURFACE_CURVE('',#4760,(#4764,#4770),.PCURVE_S1.);
#4760 = LINE('',#4761,#4762);
#4761 = CARTESIAN_POINT('',(33.,-40.33,8.725));
#4762 = VECTOR('',#4763,1.);
#4763 = DIRECTION('',(0.,0.,1.));
#4764 = PCURVE('',#4449,#4765);
#4765 = DEFINITIONAL_REPRESENTATION('',(#4766),#4769);
#4766 = B_SPLINE_CURVE_WITH_KNOTS('',1,(#4767,#4768),.UNSPECIFIED.,.F.,
  .F.,(2,2),(0.175,0.375),.PIECEWISE_BEZIER_KNOTS.);
#4767 = CARTESIAN_POINT('',(4.613932699189,0.));
#4768 = CARTESIAN_POINT('',(4.613932699189,-0.2));
#4769 = ( GEOMETRIC_REPRESENTATION_CONTEXT(2) 
PARAMETRIC_REPRESENTATION_CONTEXT() REPRESENTATION_CONTEXT('2D SPACE',''
  ) );
#4770 = PCURVE('',#3231,#4771);
#4771 = DEFINITIONAL_REPRESENTATION('',(#4772),#4776);
#4772 = LINE('',#4773,#4774);
#4773 = CARTESIAN_POINT('',(7.725,-6.62));
#4774 = VECTOR('',#4775,1.);
#4775 = DIRECTION('',(1.,0.));
#4776 = ( GEOMETRIC_REPRESENTATION_CONTEXT(2) 
PARAMETRIC_REPRESENTATION_CONTEXT() REPRESENTATION_CONTEXT('2D SPACE',''
  ) );
#4777 = ADVANCED_FACE('',(#4778),#4553,.F.);
#4778 = FACE_BOUND('',#4779,.F.);
#4779 = EDGE_LOOP('',(#4780,#4810,#4831,#4832));
#4780 = ORIENTED_EDGE('',*,*,#4781,.T.);
#4781 = EDGE_CURVE('',#4782,#4784,#4786,.T.);
#4782 = VERTEX_POINT('',#4783);
#4783 = CARTESIAN_POINT('',(24.057895116134,-39.5942107286,8.9));
#4784 = VERTEX_POINT('',#4785);
#4785 = CARTESIAN_POINT('',(24.057895116134,-39.5942107286,10.25));
#4786 = SURFACE_CURVE('',#4787,(#4791,#4798),.PCURVE_S1.);
#4787 = LINE('',#4788,#4789);
#4788 = CARTESIAN_POINT('',(24.057895116134,-39.5942107286,8.9));
#4789 = VECTOR('',#4790,1.);
#4790 = DIRECTION('',(0.,0.,1.));
#4791 = PCURVE('',#4553,#4792);
#4792 = DEFINITIONAL_REPRESENTATION('',(#4793),#4797);
#4793 = LINE('',#4794,#4795);
#4794 = CARTESIAN_POINT('',(0.,0.));
#4795 = VECTOR('',#4796,1.);
#4796 = DIRECTION('',(0.,-1.));
#4797 = ( GEOMETRIC_REPRESENTATION_CONTEXT(2) 
PARAMETRIC_REPRESENTATION_CONTEXT() REPRESENTATION_CONTEXT('2D SPACE',''
  ) );
#4798 = PCURVE('',#4799,#4804);
#4799 = PLANE('',#4800);
#4800 = AXIS2_PLACEMENT_3D('',#4801,#4802,#4803);
#4801 = CARTESIAN_POINT('',(20.719347509941,-37.8136520053,8.9));
#4802 = DIRECTION('',(0.470588235294,0.882352941176,-0.));
#4803 = DIRECTION('',(0.882352941176,-0.470588235294,0.));
#4804 = DEFINITIONAL_REPRESENTATION('',(#4805),#4809);
#4805 = LINE('',#4806,#4807);
#4806 = CARTESIAN_POINT('',(3.783687287019,0.));
#4807 = VECTOR('',#4808,1.);
#4808 = DIRECTION('',(0.,-1.));
#4809 = ( GEOMETRIC_REPRESENTATION_CONTEXT(2) 
PARAMETRIC_REPRESENTATION_CONTEXT() REPRESENTATION_CONTEXT('2D SPACE',''
  ) );
#4810 = ORIENTED_EDGE('',*,*,#4811,.T.);
#4811 = EDGE_CURVE('',#4784,#4538,#4812,.T.);
#4812 = SURFACE_CURVE('',#4813,(#4817,#4824),.PCURVE_S1.);
#4813 = LINE('',#4814,#4815);
#4814 = CARTESIAN_POINT('',(24.057895116134,-39.5942107286,10.25));
#4815 = VECTOR('',#4816,1.);
#4816 = DIRECTION('',(0.98585584667,-0.167595493934,0.));
#4817 = PCURVE('',#4553,#4818);
#4818 = DEFINITIONAL_REPRESENTATION('',(#4819),#4823);
#4819 = LINE('',#4820,#4821);
#4820 = CARTESIAN_POINT('',(0.,-1.35));
#4821 = VECTOR('',#4822,1.);
#4822 = DIRECTION('',(1.,0.));
#4823 = ( GEOMETRIC_REPRESENTATION_CONTEXT(2) 
PARAMETRIC_REPRESENTATION_CONTEXT() REPRESENTATION_CONTEXT('2D SPACE',''
  ) );
#4824 = PCURVE('',#3916,#4825);
#4825 = DEFINITIONAL_REPRESENTATION('',(#4826),#4830);
#4826 = LINE('',#4827,#4828);
#4827 = CARTESIAN_POINT('',(-17.67831115432,-9.56993022394));
#4828 = VECTOR('',#4829,1.);
#4829 = DIRECTION('',(0.98585584667,-0.167595493934));
#4830 = ( GEOMETRIC_REPRESENTATION_CONTEXT(2) 
PARAMETRIC_REPRESENTATION_CONTEXT() REPRESENTATION_CONTEXT('2D SPACE',''
  ) );
#4831 = ORIENTED_EDGE('',*,*,#4537,.F.);
#4832 = ORIENTED_EDGE('',*,*,#4833,.F.);
#4833 = EDGE_CURVE('',#4782,#4508,#4834,.T.);
#4834 = SURFACE_CURVE('',#4835,(#4839,#4846),.PCURVE_S1.);
#4835 = LINE('',#4836,#4837);
#4836 = CARTESIAN_POINT('',(24.057895116134,-39.5942107286,8.9));
#4837 = VECTOR('',#4838,1.);
#4838 = DIRECTION('',(0.98585584667,-0.167595493934,0.));
#4839 = PCURVE('',#4553,#4840);
#4840 = DEFINITIONAL_REPRESENTATION('',(#4841),#4845);
#4841 = LINE('',#4842,#4843);
#4842 = CARTESIAN_POINT('',(0.,0.));
#4843 = VECTOR('',#4844,1.);
#4844 = DIRECTION('',(1.,0.));
#4845 = ( GEOMETRIC_REPRESENTATION_CONTEXT(2) 
PARAMETRIC_REPRESENTATION_CONTEXT() REPRESENTATION_CONTEXT('2D SPACE',''
  ) );
#4846 = PCURVE('',#4525,#4847);
#4847 = DEFINITIONAL_REPRESENTATION('',(#4848),#4852);
#4848 = LINE('',#4849,#4850);
#4849 = CARTESIAN_POINT('',(-17.67831115432,-9.56993022394));
#4850 = VECTOR('',#4851,1.);
#4851 = DIRECTION('',(0.98585584667,-0.167595493934));
#4852 = ( GEOMETRIC_REPRESENTATION_CONTEXT(2) 
PARAMETRIC_REPRESENTATION_CONTEXT() REPRESENTATION_CONTEXT('2D SPACE',''
  ) );
#4853 = ADVANCED_FACE('',(#4854),#4799,.F.);
#4854 = FACE_BOUND('',#4855,.F.);
#4855 = EDGE_LOOP('',(#4856,#4886,#4907,#4908));
#4856 = ORIENTED_EDGE('',*,*,#4857,.T.);
#4857 = EDGE_CURVE('',#4858,#4860,#4862,.T.);
#4858 = VERTEX_POINT('',#4859);
#4859 = CARTESIAN_POINT('',(20.719347509941,-37.8136520053,8.9));
#4860 = VERTEX_POINT('',#4861);
#4861 = CARTESIAN_POINT('',(20.719347509941,-37.8136520053,10.25));
#4862 = SURFACE_CURVE('',#4863,(#4867,#4874),.PCURVE_S1.);
#4863 = LINE('',#4864,#4865);
#4864 = CARTESIAN_POINT('',(20.719347509941,-37.8136520053,8.9));
#4865 = VECTOR('',#4866,1.);
#4866 = DIRECTION('',(0.,0.,1.));
#4867 = PCURVE('',#4799,#4868);
#4868 = DEFINITIONAL_REPRESENTATION('',(#4869),#4873);
#4869 = LINE('',#4870,#4871);
#4870 = CARTESIAN_POINT('',(0.,0.));
#4871 = VECTOR('',#4872,1.);
#4872 = DIRECTION('',(0.,-1.));
#4873 = ( GEOMETRIC_REPRESENTATION_CONTEXT(2) 
PARAMETRIC_REPRESENTATION_CONTEXT() REPRESENTATION_CONTEXT('2D SPACE',''
  ) );
#4874 = PCURVE('',#4875,#4880);
#4875 = PLANE('',#4876);
#4876 = AXIS2_PLACEMENT_3D('',#4877,#4878,#4879);
#4877 = CARTESIAN_POINT('',(19.373988402834,-36.6028288089,8.9));
#4878 = DIRECTION('',(0.668964731622,0.743294146247,-0.));
#4879 = DIRECTION('',(0.743294146247,-0.668964731622,0.));
#4880 = DEFINITIONAL_REPRESENTATION('',(#4881),#4885);
#4881 = LINE('',#4882,#4883);
#4882 = CARTESIAN_POINT('',(1.809995563533,0.));
#4883 = VECTOR('',#4884,1.);
#4884 = DIRECTION('',(0.,-1.));
#4885 = ( GEOMETRIC_REPRESENTATION_CONTEXT(2) 
PARAMETRIC_REPRESENTATION_CONTEXT() REPRESENTATION_CONTEXT('2D SPACE',''
  ) );
#4886 = ORIENTED_EDGE('',*,*,#4887,.T.);
#4887 = EDGE_CURVE('',#4860,#4784,#4888,.T.);
#4888 = SURFACE_CURVE('',#4889,(#4893,#4900),.PCURVE_S1.);
#4889 = LINE('',#4890,#4891);
#4890 = CARTESIAN_POINT('',(20.719347509941,-37.8136520053,10.25));
#4891 = VECTOR('',#4892,1.);
#4892 = DIRECTION('',(0.882352941176,-0.470588235294,0.));
#4893 = PCURVE('',#4799,#4894);
#4894 = DEFINITIONAL_REPRESENTATION('',(#4895),#4899);
#4895 = LINE('',#4896,#4897);
#4896 = CARTESIAN_POINT('',(0.,-1.35));
#4897 = VECTOR('',#4898,1.);
#4898 = DIRECTION('',(1.,0.));
#4899 = ( GEOMETRIC_REPRESENTATION_CONTEXT(2) 
PARAMETRIC_REPRESENTATION_CONTEXT() REPRESENTATION_CONTEXT('2D SPACE',''
  ) );
#4900 = PCURVE('',#3916,#4901);
#4901 = DEFINITIONAL_REPRESENTATION('',(#4902),#4906);
#4902 = LINE('',#4903,#4904);
#4903 = CARTESIAN_POINT('',(-21.01685876052,-7.789371500637));
#4904 = VECTOR('',#4905,1.);
#4905 = DIRECTION('',(0.882352941176,-0.470588235294));
#4906 = ( GEOMETRIC_REPRESENTATION_CONTEXT(2) 
PARAMETRIC_REPRESENTATION_CONTEXT() REPRESENTATION_CONTEXT('2D SPACE',''
  ) );
#4907 = ORIENTED_EDGE('',*,*,#4781,.F.);
#4908 = ORIENTED_EDGE('',*,*,#4909,.F.);
#4909 = EDGE_CURVE('',#4858,#4782,#4910,.T.);
#4910 = SURFACE_CURVE('',#4911,(#4915,#4922),.PCURVE_S1.);
#4911 = LINE('',#4912,#4913);
#4912 = CARTESIAN_POINT('',(20.719347509941,-37.8136520053,8.9));
#4913 = VECTOR('',#4914,1.);
#4914 = DIRECTION('',(0.882352941176,-0.470588235294,0.));
#4915 = PCURVE('',#4799,#4916);
#4916 = DEFINITIONAL_REPRESENTATION('',(#4917),#4921);
#4917 = LINE('',#4918,#4919);
#4918 = CARTESIAN_POINT('',(0.,0.));
#4919 = VECTOR('',#4920,1.);
#4920 = DIRECTION('',(1.,0.));
#4921 = ( GEOMETRIC_REPRESENTATION_CONTEXT(2) 
PARAMETRIC_REPRESENTATION_CONTEXT() REPRESENTATION_CONTEXT('2D SPACE',''
  ) );
#4922 = PCURVE('',#4525,#4923);
#4923 = DEFINITIONAL_REPRESENTATION('',(#4924),#4928);
#4924 = LINE('',#4925,#4926);
#4925 = CARTESIAN_POINT('',(-21.01685876052,-7.789371500637));
#4926 = VECTOR('',#4927,1.);
#4927 = DIRECTION('',(0.882352941176,-0.470588235294));
#4928 = ( GEOMETRIC_REPRESENTATION_CONTEXT(2) 
PARAMETRIC_REPRESENTATION_CONTEXT() REPRESENTATION_CONTEXT('2D SPACE',''
  ) );
#4929 = ADVANCED_FACE('',(#4930),#4875,.F.);
#4930 = FACE_BOUND('',#4931,.F.);
#4931 = EDGE_LOOP('',(#4932,#4962,#4983,#4984));
#4932 = ORIENTED_EDGE('',*,*,#4933,.T.);
#4933 = EDGE_CURVE('',#4934,#4936,#4938,.T.);
#4934 = VERTEX_POINT('',#4935);
#4935 = CARTESIAN_POINT('',(19.373988402834,-36.6028288089,8.9));
#4936 = VERTEX_POINT('',#4937);
#4937 = CARTESIAN_POINT('',(19.373988402834,-36.6028288089,10.25));
#4938 = SURFACE_CURVE('',#4939,(#4943,#4950),.PCURVE_S1.);
#4939 = LINE('',#4940,#4941);
#4940 = CARTESIAN_POINT('',(19.373988402834,-36.6028288089,8.9));
#4941 = VECTOR('',#4942,1.);
#4942 = DIRECTION('',(0.,0.,1.));
#4943 = PCURVE('',#4875,#4944);
#4944 = DEFINITIONAL_REPRESENTATION('',(#4945),#4949);
#4945 = LINE('',#4946,#4947);
#4946 = CARTESIAN_POINT('',(0.,0.));
#4947 = VECTOR('',#4948,1.);
#4948 = DIRECTION('',(0.,-1.));
#4949 = ( GEOMETRIC_REPRESENTATION_CONTEXT(2) 
PARAMETRIC_REPRESENTATION_CONTEXT() REPRESENTATION_CONTEXT('2D SPACE',''
  ) );
#4950 = PCURVE('',#4951,#4956);
#4951 = PLANE('',#4952);
#4952 = AXIS2_PLACEMENT_3D('',#4953,#4954,#4955);
#4953 = CARTESIAN_POINT('',(17.96177280584,-33.27,8.9));
#4954 = DIRECTION('',(0.920751720675,0.390149034184,-0.));
#4955 = DIRECTION('',(0.390149034184,-0.920751720675,0.));
#4956 = DEFINITIONAL_REPRESENTATION('',(#4957),#4961);
#4957 = LINE('',#4958,#4959);
#4958 = CARTESIAN_POINT('',(3.61968241174,0.));
#4959 = VECTOR('',#4960,1.);
#4960 = DIRECTION('',(0.,-1.));
#4961 = ( GEOMETRIC_REPRESENTATION_CONTEXT(2) 
PARAMETRIC_REPRESENTATION_CONTEXT() REPRESENTATION_CONTEXT('2D SPACE',''
  ) );
#4962 = ORIENTED_EDGE('',*,*,#4963,.T.);
#4963 = EDGE_CURVE('',#4936,#4860,#4964,.T.);
#4964 = SURFACE_CURVE('',#4965,(#4969,#4976),.PCURVE_S1.);
#4965 = LINE('',#4966,#4967);
#4966 = CARTESIAN_POINT('',(19.373988402834,-36.6028288089,10.25));
#4967 = VECTOR('',#4968,1.);
#4968 = DIRECTION('',(0.743294146247,-0.668964731622,0.));
#4969 = PCURVE('',#4875,#4970);
#4970 = DEFINITIONAL_REPRESENTATION('',(#4971),#4975);
#4971 = LINE('',#4972,#4973);
#4972 = CARTESIAN_POINT('',(0.,-1.35));
#4973 = VECTOR('',#4974,1.);
#4974 = DIRECTION('',(1.,0.));
#4975 = ( GEOMETRIC_REPRESENTATION_CONTEXT(2) 
PARAMETRIC_REPRESENTATION_CONTEXT() REPRESENTATION_CONTEXT('2D SPACE',''
  ) );
#4976 = PCURVE('',#3916,#4977);
#4977 = DEFINITIONAL_REPRESENTATION('',(#4978),#4982);
#4978 = LINE('',#4979,#4980);
#4979 = CARTESIAN_POINT('',(-22.36221786762,-6.578548304241));
#4980 = VECTOR('',#4981,1.);
#4981 = DIRECTION('',(0.743294146247,-0.668964731622));
#4982 = ( GEOMETRIC_REPRESENTATION_CONTEXT(2) 
PARAMETRIC_REPRESENTATION_CONTEXT() REPRESENTATION_CONTEXT('2D SPACE',''
  ) );
#4983 = ORIENTED_EDGE('',*,*,#4857,.F.);
#4984 = ORIENTED_EDGE('',*,*,#4985,.F.);
#4985 = EDGE_CURVE('',#4934,#4858,#4986,.T.);
#4986 = SURFACE_CURVE('',#4987,(#4991,#4998),.PCURVE_S1.);
#4987 = LINE('',#4988,#4989);
#4988 = CARTESIAN_POINT('',(19.373988402834,-36.6028288089,8.9));
#4989 = VECTOR('',#4990,1.);
#4990 = DIRECTION('',(0.743294146247,-0.668964731622,0.));
#4991 = PCURVE('',#4875,#4992);
#4992 = DEFINITIONAL_REPRESENTATION('',(#4993),#4997);
#4993 = LINE('',#4994,#4995);
#4994 = CARTESIAN_POINT('',(0.,0.));
#4995 = VECTOR('',#4996,1.);
#4996 = DIRECTION('',(1.,0.));
#4997 = ( GEOMETRIC_REPRESENTATION_CONTEXT(2) 
PARAMETRIC_REPRESENTATION_CONTEXT() REPRESENTATION_CONTEXT('2D SPACE',''
  ) );
#4998 = PCURVE('',#4525,#4999);
#4999 = DEFINITIONAL_REPRESENTATION('',(#5000),#5004);
#5000 = LINE('',#5001,#5002);
#5001 = CARTESIAN_POINT('',(-22.36221786762,-6.578548304241));
#5002 = VECTOR('',#5003,1.);
#5003 = DIRECTION('',(0.743294146247,-0.668964731622));
#5004 = ( GEOMETRIC_REPRESENTATION_CONTEXT(2) 
PARAMETRIC_REPRESENTATION_CONTEXT() REPRESENTATION_CONTEXT('2D SPACE',''
  ) );
#5005 = ADVANCED_FACE('',(#5006),#4951,.F.);
#5006 = FACE_BOUND('',#5007,.F.);
#5007 = EDGE_LOOP('',(#5008,#5031,#5057,#5078));
#5008 = ORIENTED_EDGE('',*,*,#5009,.F.);
#5009 = EDGE_CURVE('',#5010,#4934,#5012,.T.);
#5010 = VERTEX_POINT('',#5011);
#5011 = CARTESIAN_POINT('',(18.991433822789,-35.7,8.9));
#5012 = SURFACE_CURVE('',#5013,(#5017,#5024),.PCURVE_S1.);
#5013 = LINE('',#5014,#5015);
#5014 = CARTESIAN_POINT('',(17.96177280584,-33.27,8.9));
#5015 = VECTOR('',#5016,1.);
#5016 = DIRECTION('',(0.390149034184,-0.920751720675,0.));
#5017 = PCURVE('',#4951,#5018);
#5018 = DEFINITIONAL_REPRESENTATION('',(#5019),#5023);
#5019 = LINE('',#5020,#5021);
#5020 = CARTESIAN_POINT('',(0.,0.));
#5021 = VECTOR('',#5022,1.);
#5022 = DIRECTION('',(1.,0.));
#5023 = ( GEOMETRIC_REPRESENTATION_CONTEXT(2) 
PARAMETRIC_REPRESENTATION_CONTEXT() REPRESENTATION_CONTEXT('2D SPACE',''
  ) );
#5024 = PCURVE('',#4525,#5025);
#5025 = DEFINITIONAL_REPRESENTATION('',(#5026),#5030);
#5026 = LINE('',#5027,#5028);
#5027 = CARTESIAN_POINT('',(-23.77443346462,-3.245719495335));
#5028 = VECTOR('',#5029,1.);
#5029 = DIRECTION('',(0.390149034184,-0.920751720675));
#5030 = ( GEOMETRIC_REPRESENTATION_CONTEXT(2) 
PARAMETRIC_REPRESENTATION_CONTEXT() REPRESENTATION_CONTEXT('2D SPACE',''
  ) );
#5031 = ORIENTED_EDGE('',*,*,#5032,.T.);
#5032 = EDGE_CURVE('',#5010,#5033,#5035,.T.);
#5033 = VERTEX_POINT('',#5034);
#5034 = CARTESIAN_POINT('',(18.991433822789,-35.7,10.25));
#5035 = SURFACE_CURVE('',#5036,(#5040,#5046),.PCURVE_S1.);
#5036 = LINE('',#5037,#5038);
#5037 = CARTESIAN_POINT('',(18.991433822789,-35.7,7.425));
#5038 = VECTOR('',#5039,1.);
#5039 = DIRECTION('',(0.,-0.,1.));
#5040 = PCURVE('',#4951,#5041);
#5041 = DEFINITIONAL_REPRESENTATION('',(#5042),#5045);
#5042 = B_SPLINE_CURVE_WITH_KNOTS('',1,(#5043,#5044),.UNSPECIFIED.,.F.,
  .F.,(2,2),(1.475,2.825),.PIECEWISE_BEZIER_KNOTS.);
#5043 = CARTESIAN_POINT('',(2.639147932539,0.));
#5044 = CARTESIAN_POINT('',(2.639147932539,-1.35));
#5045 = ( GEOMETRIC_REPRESENTATION_CONTEXT(2) 
PARAMETRIC_REPRESENTATION_CONTEXT() REPRESENTATION_CONTEXT('2D SPACE',''
  ) );
#5046 = PCURVE('',#5047,#5052);
#5047 = PLANE('',#5048);
#5048 = AXIS2_PLACEMENT_3D('',#5049,#5050,#5051);
#5049 = CARTESIAN_POINT('',(0.,-35.7,5.95));
#5050 = DIRECTION('',(0.,1.,0.));
#5051 = DIRECTION('',(0.,0.,1.));
#5052 = DEFINITIONAL_REPRESENTATION('',(#5053),#5056);
#5053 = B_SPLINE_CURVE_WITH_KNOTS('',1,(#5054,#5055),.UNSPECIFIED.,.F.,
  .F.,(2,2),(1.475,2.825),.PIECEWISE_BEZIER_KNOTS.);
#5054 = CARTESIAN_POINT('',(2.95,18.991433822789));
#5055 = CARTESIAN_POINT('',(4.3,18.991433822789));
#5056 = ( GEOMETRIC_REPRESENTATION_CONTEXT(2) 
PARAMETRIC_REPRESENTATION_CONTEXT() REPRESENTATION_CONTEXT('2D SPACE',''
  ) );
#5057 = ORIENTED_EDGE('',*,*,#5058,.T.);
#5058 = EDGE_CURVE('',#5033,#4936,#5059,.T.);
#5059 = SURFACE_CURVE('',#5060,(#5064,#5071),.PCURVE_S1.);
#5060 = LINE('',#5061,#5062);
#5061 = CARTESIAN_POINT('',(17.96177280584,-33.27,10.25));
#5062 = VECTOR('',#5063,1.);
#5063 = DIRECTION('',(0.390149034184,-0.920751720675,0.));
#5064 = PCURVE('',#4951,#5065);
#5065 = DEFINITIONAL_REPRESENTATION('',(#5066),#5070);
#5066 = LINE('',#5067,#5068);
#5067 = CARTESIAN_POINT('',(0.,-1.35));
#5068 = VECTOR('',#5069,1.);
#5069 = DIRECTION('',(1.,0.));
#5070 = ( GEOMETRIC_REPRESENTATION_CONTEXT(2) 
PARAMETRIC_REPRESENTATION_CONTEXT() REPRESENTATION_CONTEXT('2D SPACE',''
  ) );
#5071 = PCURVE('',#3916,#5072);
#5072 = DEFINITIONAL_REPRESENTATION('',(#5073),#5077);
#5073 = LINE('',#5074,#5075);
#5074 = CARTESIAN_POINT('',(-23.77443346462,-3.245719495335));
#5075 = VECTOR('',#5076,1.);
#5076 = DIRECTION('',(0.390149034184,-0.920751720675));
#5077 = ( GEOMETRIC_REPRESENTATION_CONTEXT(2) 
PARAMETRIC_REPRESENTATION_CONTEXT() REPRESENTATION_CONTEXT('2D SPACE',''
  ) );
#5078 = ORIENTED_EDGE('',*,*,#4933,.F.);
#5079 = ADVANCED_FACE('',(#5080),#5047,.T.);
#5080 = FACE_BOUND('',#5081,.T.);
#5081 = EDGE_LOOP('',(#5082,#5112,#5131,#5132));
#5082 = ORIENTED_EDGE('',*,*,#5083,.F.);
#5083 = EDGE_CURVE('',#5084,#5086,#5088,.T.);
#5084 = VERTEX_POINT('',#5085);
#5085 = CARTESIAN_POINT('',(20.,-35.7,8.9));
#5086 = VERTEX_POINT('',#5087);
#5087 = CARTESIAN_POINT('',(20.,-35.7,10.25));
#5088 = SURFACE_CURVE('',#5089,(#5093,#5100),.PCURVE_S1.);
#5089 = LINE('',#5090,#5091);
#5090 = CARTESIAN_POINT('',(20.,-35.7,5.95));
#5091 = VECTOR('',#5092,1.);
#5092 = DIRECTION('',(0.,0.,1.));
#5093 = PCURVE('',#5047,#5094);
#5094 = DEFINITIONAL_REPRESENTATION('',(#5095),#5099);
#5095 = LINE('',#5096,#5097);
#5096 = CARTESIAN_POINT('',(0.,20.));
#5097 = VECTOR('',#5098,1.);
#5098 = DIRECTION('',(1.,0.));
#5099 = ( GEOMETRIC_REPRESENTATION_CONTEXT(2) 
PARAMETRIC_REPRESENTATION_CONTEXT() REPRESENTATION_CONTEXT('2D SPACE',''
  ) );
#5100 = PCURVE('',#5101,#5106);
#5101 = PLANE('',#5102);
#5102 = AXIS2_PLACEMENT_3D('',#5103,#5104,#5105);
#5103 = CARTESIAN_POINT('',(20.,-35.7,5.95));
#5104 = DIRECTION('',(1.,0.,0.));
#5105 = DIRECTION('',(0.,0.,1.));
#5106 = DEFINITIONAL_REPRESENTATION('',(#5107),#5111);
#5107 = LINE('',#5108,#5109);
#5108 = CARTESIAN_POINT('',(0.,0.));
#5109 = VECTOR('',#5110,1.);
#5110 = DIRECTION('',(1.,0.));
#5111 = ( GEOMETRIC_REPRESENTATION_CONTEXT(2) 
PARAMETRIC_REPRESENTATION_CONTEXT() REPRESENTATION_CONTEXT('2D SPACE',''
  ) );
#5112 = ORIENTED_EDGE('',*,*,#5113,.T.);
#5113 = EDGE_CURVE('',#5084,#5010,#5114,.T.);
#5114 = SURFACE_CURVE('',#5115,(#5119,#5125),.PCURVE_S1.);
#5115 = LINE('',#5116,#5117);
#5116 = CARTESIAN_POINT('',(20.868103135231,-35.7,8.9));
#5117 = VECTOR('',#5118,1.);
#5118 = DIRECTION('',(-1.,0.,0.));
#5119 = PCURVE('',#5047,#5120);
#5120 = DEFINITIONAL_REPRESENTATION('',(#5121),#5124);
#5121 = B_SPLINE_CURVE_WITH_KNOTS('',1,(#5122,#5123),.UNSPECIFIED.,.F.,
  .F.,(2,2),(0.868103135231,2.906330329391),.PIECEWISE_BEZIER_KNOTS.);
#5122 = CARTESIAN_POINT('',(2.95,20.));
#5123 = CARTESIAN_POINT('',(2.95,17.96177280584));
#5124 = ( GEOMETRIC_REPRESENTATION_CONTEXT(2) 
PARAMETRIC_REPRESENTATION_CONTEXT() REPRESENTATION_CONTEXT('2D SPACE',''
  ) );
#5125 = PCURVE('',#4525,#5126);
#5126 = DEFINITIONAL_REPRESENTATION('',(#5127),#5130);
#5127 = B_SPLINE_CURVE_WITH_KNOTS('',1,(#5128,#5129),.UNSPECIFIED.,.F.,
  .F.,(2,2),(0.868103135231,2.906330329391),.PIECEWISE_BEZIER_KNOTS.);
#5128 = CARTESIAN_POINT('',(-21.73620627046,-5.675719495335));
#5129 = CARTESIAN_POINT('',(-23.77443346462,-5.675719495335));
#5130 = ( GEOMETRIC_REPRESENTATION_CONTEXT(2) 
PARAMETRIC_REPRESENTATION_CONTEXT() REPRESENTATION_CONTEXT('2D SPACE',''
  ) );
#5131 = ORIENTED_EDGE('',*,*,#5032,.T.);
#5132 = ORIENTED_EDGE('',*,*,#5133,.F.);
#5133 = EDGE_CURVE('',#5086,#5033,#5134,.T.);
#5134 = SURFACE_CURVE('',#5135,(#5139,#5145),.PCURVE_S1.);
#5135 = LINE('',#5136,#5137);
#5136 = CARTESIAN_POINT('',(20.868103135231,-35.7,10.25));
#5137 = VECTOR('',#5138,1.);
#5138 = DIRECTION('',(-1.,0.,0.));
#5139 = PCURVE('',#5047,#5140);
#5140 = DEFINITIONAL_REPRESENTATION('',(#5141),#5144);
#5141 = B_SPLINE_CURVE_WITH_KNOTS('',1,(#5142,#5143),.UNSPECIFIED.,.F.,
  .F.,(2,2),(0.868103135231,2.906330329391),.PIECEWISE_BEZIER_KNOTS.);
#5142 = CARTESIAN_POINT('',(4.3,20.));
#5143 = CARTESIAN_POINT('',(4.3,17.96177280584));
#5144 = ( GEOMETRIC_REPRESENTATION_CONTEXT(2) 
PARAMETRIC_REPRESENTATION_CONTEXT() REPRESENTATION_CONTEXT('2D SPACE',''
  ) );
#5145 = PCURVE('',#3916,#5146);
#5146 = DEFINITIONAL_REPRESENTATION('',(#5147),#5150);
#5147 = B_SPLINE_CURVE_WITH_KNOTS('',1,(#5148,#5149),.UNSPECIFIED.,.F.,
  .F.,(2,2),(0.868103135231,2.906330329391),.PIECEWISE_BEZIER_KNOTS.);
#5148 = CARTESIAN_POINT('',(-21.73620627046,-5.675719495335));
#5149 = CARTESIAN_POINT('',(-23.77443346462,-5.675719495335));
#5150 = ( GEOMETRIC_REPRESENTATION_CONTEXT(2) 
PARAMETRIC_REPRESENTATION_CONTEXT() REPRESENTATION_CONTEXT('2D SPACE',''
  ) );
#5151 = ADVANCED_FACE('',(#5152),#5101,.F.);
#5152 = FACE_BOUND('',#5153,.F.);
#5153 = EDGE_LOOP('',(#5154,#5155,#5176,#5202));
#5154 = ORIENTED_EDGE('',*,*,#5083,.F.);
#5155 = ORIENTED_EDGE('',*,*,#5156,.T.);
#5156 = EDGE_CURVE('',#5084,#5157,#5159,.T.);
#5157 = VERTEX_POINT('',#5158);
#5158 = CARTESIAN_POINT('',(20.,-35.51709308324,8.9));
#5159 = SURFACE_CURVE('',#5160,(#5164,#5170),.PCURVE_S1.);
#5160 = LINE('',#5161,#5162);
#5161 = CARTESIAN_POINT('',(20.,-32.86214025233,8.9));
#5162 = VECTOR('',#5163,1.);
#5163 = DIRECTION('',(0.,1.,0.));
#5164 = PCURVE('',#5101,#5165);
#5165 = DEFINITIONAL_REPRESENTATION('',(#5166),#5169);
#5166 = B_SPLINE_CURVE_WITH_KNOTS('',1,(#5167,#5168),.UNSPECIFIED.,.F.,
  .F.,(2,2),(-2.837859747668,8.562140252332),.PIECEWISE_BEZIER_KNOTS.);
#5167 = CARTESIAN_POINT('',(2.95,0.));
#5168 = CARTESIAN_POINT('',(2.95,-11.4));
#5169 = ( GEOMETRIC_REPRESENTATION_CONTEXT(2) 
PARAMETRIC_REPRESENTATION_CONTEXT() REPRESENTATION_CONTEXT('2D SPACE',''
  ) );
#5170 = PCURVE('',#4525,#5171);
#5171 = DEFINITIONAL_REPRESENTATION('',(#5172),#5175);
#5172 = B_SPLINE_CURVE_WITH_KNOTS('',1,(#5173,#5174),.UNSPECIFIED.,.F.,
  .F.,(2,2),(-2.837859747668,8.562140252332),.PIECEWISE_BEZIER_KNOTS.);
#5173 = CARTESIAN_POINT('',(-21.73620627046,-5.675719495335));
#5174 = CARTESIAN_POINT('',(-21.73620627046,5.724280504665));
#5175 = ( GEOMETRIC_REPRESENTATION_CONTEXT(2) 
PARAMETRIC_REPRESENTATION_CONTEXT() REPRESENTATION_CONTEXT('2D SPACE',''
  ) );
#5176 = ORIENTED_EDGE('',*,*,#5177,.F.);
#5177 = EDGE_CURVE('',#5178,#5157,#5180,.T.);
#5178 = VERTEX_POINT('',#5179);
#5179 = CARTESIAN_POINT('',(20.,-35.51709308324,10.25));
#5180 = SURFACE_CURVE('',#5181,(#5185,#5191),.PCURVE_S1.);
#5181 = LINE('',#5182,#5183);
#5182 = CARTESIAN_POINT('',(20.,-35.51709308324,7.42));
#5183 = VECTOR('',#5184,1.);
#5184 = DIRECTION('',(0.,-0.,-1.));
#5185 = PCURVE('',#5101,#5186);
#5186 = DEFINITIONAL_REPRESENTATION('',(#5187),#5190);
#5187 = B_SPLINE_CURVE_WITH_KNOTS('',1,(#5188,#5189),.UNSPECIFIED.,.F.,
  .F.,(2,2),(-2.83,-1.48),.PIECEWISE_BEZIER_KNOTS.);
#5188 = CARTESIAN_POINT('',(4.3,-0.182906916758));
#5189 = CARTESIAN_POINT('',(2.95,-0.182906916758));
#5190 = ( GEOMETRIC_REPRESENTATION_CONTEXT(2) 
PARAMETRIC_REPRESENTATION_CONTEXT() REPRESENTATION_CONTEXT('2D SPACE',''
  ) );
#5191 = PCURVE('',#5192,#5197);
#5192 = PLANE('',#5193);
#5193 = AXIS2_PLACEMENT_3D('',#5194,#5195,#5196);
#5194 = CARTESIAN_POINT('',(19.47157072744,-34.27,8.89));
#5195 = DIRECTION('',(0.920751720675,0.390149034184,-0.));
#5196 = DIRECTION('',(0.390149034184,-0.920751720675,0.));
#5197 = DEFINITIONAL_REPRESENTATION('',(#5198),#5201);
#5198 = B_SPLINE_CURVE_WITH_KNOTS('',1,(#5199,#5200),.UNSPECIFIED.,.F.,
  .F.,(2,2),(-2.83,-1.48),.PIECEWISE_BEZIER_KNOTS.);
#5199 = CARTESIAN_POINT('',(1.35442927256,-1.36));
#5200 = CARTESIAN_POINT('',(1.35442927256,-1.E-02));
#5201 = ( GEOMETRIC_REPRESENTATION_CONTEXT(2) 
PARAMETRIC_REPRESENTATION_CONTEXT() REPRESENTATION_CONTEXT('2D SPACE',''
  ) );
#5202 = ORIENTED_EDGE('',*,*,#5203,.F.);
#5203 = EDGE_CURVE('',#5086,#5178,#5204,.T.);
#5204 = SURFACE_CURVE('',#5205,(#5209,#5215),.PCURVE_S1.);
#5205 = LINE('',#5206,#5207);
#5206 = CARTESIAN_POINT('',(20.,-32.86214025233,10.25));
#5207 = VECTOR('',#5208,1.);
#5208 = DIRECTION('',(0.,1.,0.));
#5209 = PCURVE('',#5101,#5210);
#5210 = DEFINITIONAL_REPRESENTATION('',(#5211),#5214);
#5211 = B_SPLINE_CURVE_WITH_KNOTS('',1,(#5212,#5213),.UNSPECIFIED.,.F.,
  .F.,(2,2),(-2.837859747668,8.562140252332),.PIECEWISE_BEZIER_KNOTS.);
#5212 = CARTESIAN_POINT('',(4.3,0.));
#5213 = CARTESIAN_POINT('',(4.3,-11.4));
#5214 = ( GEOMETRIC_REPRESENTATION_CONTEXT(2) 
PARAMETRIC_REPRESENTATION_CONTEXT() REPRESENTATION_CONTEXT('2D SPACE',''
  ) );
#5215 = PCURVE('',#3916,#5216);
#5216 = DEFINITIONAL_REPRESENTATION('',(#5217),#5220);
#5217 = B_SPLINE_CURVE_WITH_KNOTS('',1,(#5218,#5219),.UNSPECIFIED.,.F.,
  .F.,(2,2),(-2.837859747668,8.562140252332),.PIECEWISE_BEZIER_KNOTS.);
#5218 = CARTESIAN_POINT('',(-21.73620627046,-5.675719495335));
#5219 = CARTESIAN_POINT('',(-21.73620627046,5.724280504665));
#5220 = ( GEOMETRIC_REPRESENTATION_CONTEXT(2) 
PARAMETRIC_REPRESENTATION_CONTEXT() REPRESENTATION_CONTEXT('2D SPACE',''
  ) );
#5221 = ADVANCED_FACE('',(#5222),#5192,.T.);
#5222 = FACE_BOUND('',#5223,.T.);
#5223 = EDGE_LOOP('',(#5224,#5254,#5273,#5274));
#5224 = ORIENTED_EDGE('',*,*,#5225,.F.);
#5225 = EDGE_CURVE('',#5226,#5228,#5230,.T.);
#5226 = VERTEX_POINT('',#5227);
#5227 = CARTESIAN_POINT('',(20.208071067401,-36.0081408023,8.9));
#5228 = VERTEX_POINT('',#5229);
#5229 = CARTESIAN_POINT('',(20.208071067401,-36.0081408023,10.25));
#5230 = SURFACE_CURVE('',#5231,(#5235,#5242),.PCURVE_S1.);
#5231 = LINE('',#5232,#5233);
#5232 = CARTESIAN_POINT('',(20.208071067401,-36.0081408023,8.89));
#5233 = VECTOR('',#5234,1.);
#5234 = DIRECTION('',(0.,0.,1.));
#5235 = PCURVE('',#5192,#5236);
#5236 = DEFINITIONAL_REPRESENTATION('',(#5237),#5241);
#5237 = LINE('',#5238,#5239);
#5238 = CARTESIAN_POINT('',(1.887741030813,0.));
#5239 = VECTOR('',#5240,1.);
#5240 = DIRECTION('',(0.,-1.));
#5241 = ( GEOMETRIC_REPRESENTATION_CONTEXT(2) 
PARAMETRIC_REPRESENTATION_CONTEXT() REPRESENTATION_CONTEXT('2D SPACE',''
  ) );
#5242 = PCURVE('',#5243,#5248);
#5243 = PLANE('',#5244);
#5244 = AXIS2_PLACEMENT_3D('',#5245,#5246,#5247);
#5245 = CARTESIAN_POINT('',(20.208071067401,-36.0081408023,8.89));
#5246 = DIRECTION('',(0.668964731622,0.743294146247,-0.));
#5247 = DIRECTION('',(0.743294146247,-0.668964731622,0.));
#5248 = DEFINITIONAL_REPRESENTATION('',(#5249),#5253);
#5249 = LINE('',#5250,#5251);
#5250 = CARTESIAN_POINT('',(0.,0.));
#5251 = VECTOR('',#5252,1.);
#5252 = DIRECTION('',(0.,-1.));
#5253 = ( GEOMETRIC_REPRESENTATION_CONTEXT(2) 
PARAMETRIC_REPRESENTATION_CONTEXT() REPRESENTATION_CONTEXT('2D SPACE',''
  ) );
#5254 = ORIENTED_EDGE('',*,*,#5255,.T.);
#5255 = EDGE_CURVE('',#5226,#5157,#5256,.T.);
#5256 = SURFACE_CURVE('',#5257,(#5261,#5267),.PCURVE_S1.);
#5257 = LINE('',#5258,#5259);
#5258 = CARTESIAN_POINT('',(20.403494857831,-36.46934094772,8.9));
#5259 = VECTOR('',#5260,1.);
#5260 = DIRECTION('',(-0.390149034184,0.920751720675,0.));
#5261 = PCURVE('',#5192,#5262);
#5262 = DEFINITIONAL_REPRESENTATION('',(#5263),#5266);
#5263 = B_SPLINE_CURVE_WITH_KNOTS('',1,(#5264,#5265),.UNSPECIFIED.,.F.,
  .F.,(2,2),(0.500895230557,2.38863626137),.PIECEWISE_BEZIER_KNOTS.);
#5264 = CARTESIAN_POINT('',(1.887741030813,-1.E-02));
#5265 = CARTESIAN_POINT('',(0.,-1.E-02));
#5266 = ( GEOMETRIC_REPRESENTATION_CONTEXT(2) 
PARAMETRIC_REPRESENTATION_CONTEXT() REPRESENTATION_CONTEXT('2D SPACE',''
  ) );
#5267 = PCURVE('',#4525,#5268);
#5268 = DEFINITIONAL_REPRESENTATION('',(#5269),#5272);
#5269 = B_SPLINE_CURVE_WITH_KNOTS('',1,(#5270,#5271),.UNSPECIFIED.,.F.,
  .F.,(2,2),(0.500895230557,2.38863626137),.PIECEWISE_BEZIER_KNOTS.);
#5270 = CARTESIAN_POINT('',(-21.52813520306,-5.983860297644));
#5271 = CARTESIAN_POINT('',(-22.26463554302,-4.245719495335));
#5272 = ( GEOMETRIC_REPRESENTATION_CONTEXT(2) 
PARAMETRIC_REPRESENTATION_CONTEXT() REPRESENTATION_CONTEXT('2D SPACE',''
  ) );
#5273 = ORIENTED_EDGE('',*,*,#5177,.F.);
#5274 = ORIENTED_EDGE('',*,*,#5275,.F.);
#5275 = EDGE_CURVE('',#5228,#5178,#5276,.T.);
#5276 = SURFACE_CURVE('',#5277,(#5281,#5287),.PCURVE_S1.);
#5277 = LINE('',#5278,#5279);
#5278 = CARTESIAN_POINT('',(20.403494857831,-36.46934094772,10.25));
#5279 = VECTOR('',#5280,1.);
#5280 = DIRECTION('',(-0.390149034184,0.920751720675,0.));
#5281 = PCURVE('',#5192,#5282);
#5282 = DEFINITIONAL_REPRESENTATION('',(#5283),#5286);
#5283 = B_SPLINE_CURVE_WITH_KNOTS('',1,(#5284,#5285),.UNSPECIFIED.,.F.,
  .F.,(2,2),(0.500895230557,2.38863626137),.PIECEWISE_BEZIER_KNOTS.);
#5284 = CARTESIAN_POINT('',(1.887741030813,-1.36));
#5285 = CARTESIAN_POINT('',(0.,-1.36));
#5286 = ( GEOMETRIC_REPRESENTATION_CONTEXT(2) 
PARAMETRIC_REPRESENTATION_CONTEXT() REPRESENTATION_CONTEXT('2D SPACE',''
  ) );
#5287 = PCURVE('',#3916,#5288);
#5288 = DEFINITIONAL_REPRESENTATION('',(#5289),#5292);
#5289 = B_SPLINE_CURVE_WITH_KNOTS('',1,(#5290,#5291),.UNSPECIFIED.,.F.,
  .F.,(2,2),(0.500895230557,2.38863626137),.PIECEWISE_BEZIER_KNOTS.);
#5290 = CARTESIAN_POINT('',(-21.52813520306,-5.983860297644));
#5291 = CARTESIAN_POINT('',(-22.26463554302,-4.245719495335));
#5292 = ( GEOMETRIC_REPRESENTATION_CONTEXT(2) 
PARAMETRIC_REPRESENTATION_CONTEXT() REPRESENTATION_CONTEXT('2D SPACE',''
  ) );
#5293 = ADVANCED_FACE('',(#5294),#5243,.T.);
#5294 = FACE_BOUND('',#5295,.T.);
#5295 = EDGE_LOOP('',(#5296,#5326,#5347,#5373,#5399,#5425,#5444,#5445));
#5296 = ORIENTED_EDGE('',*,*,#5297,.F.);
#5297 = EDGE_CURVE('',#5298,#5300,#5302,.T.);
#5298 = VERTEX_POINT('',#5299);
#5299 = CARTESIAN_POINT('',(21.297608613688,-36.98872459396,8.9));
#5300 = VERTEX_POINT('',#5301);
#5301 = CARTESIAN_POINT('',(21.297608613688,-36.98872459396,10.25));
#5302 = SURFACE_CURVE('',#5303,(#5307,#5314),.PCURVE_S1.);
#5303 = LINE('',#5304,#5305);
#5304 = CARTESIAN_POINT('',(21.297608613688,-36.98872459396,8.89));
#5305 = VECTOR('',#5306,1.);
#5306 = DIRECTION('',(0.,0.,1.));
#5307 = PCURVE('',#5243,#5308);
#5308 = DEFINITIONAL_REPRESENTATION('',(#5309),#5313);
#5309 = LINE('',#5310,#5311);
#5310 = CARTESIAN_POINT('',(1.465822853292,0.));
#5311 = VECTOR('',#5312,1.);
#5312 = DIRECTION('',(0.,-1.));
#5313 = ( GEOMETRIC_REPRESENTATION_CONTEXT(2) 
PARAMETRIC_REPRESENTATION_CONTEXT() REPRESENTATION_CONTEXT('2D SPACE',''
  ) );
#5314 = PCURVE('',#5315,#5320);
#5315 = PLANE('',#5316);
#5316 = AXIS2_PLACEMENT_3D('',#5317,#5318,#5319);
#5317 = CARTESIAN_POINT('',(21.297608613688,-36.98872459396,8.89));
#5318 = DIRECTION('',(0.470588235294,0.882352941176,-0.));
#5319 = DIRECTION('',(0.882352941176,-0.470588235294,0.));
#5320 = DEFINITIONAL_REPRESENTATION('',(#5321),#5325);
#5321 = LINE('',#5322,#5323);
#5322 = CARTESIAN_POINT('',(0.,0.));
#5323 = VECTOR('',#5324,1.);
#5324 = DIRECTION('',(0.,-1.));
#5325 = ( GEOMETRIC_REPRESENTATION_CONTEXT(2) 
PARAMETRIC_REPRESENTATION_CONTEXT() REPRESENTATION_CONTEXT('2D SPACE',''
  ) );
#5326 = ORIENTED_EDGE('',*,*,#5327,.T.);
#5327 = EDGE_CURVE('',#5298,#5328,#5330,.T.);
#5328 = VERTEX_POINT('',#5329);
#5329 = CARTESIAN_POINT('',(20.499025731503,-36.27,8.9));
#5330 = SURFACE_CURVE('',#5331,(#5335,#5341),.PCURVE_S1.);
#5331 = LINE('',#5332,#5333);
#5332 = CARTESIAN_POINT('',(24.66736966828,-40.0215095431,8.9));
#5333 = VECTOR('',#5334,1.);
#5334 = DIRECTION('',(-0.743294146247,0.668964731622,0.));
#5335 = PCURVE('',#5243,#5336);
#5336 = DEFINITIONAL_REPRESENTATION('',(#5337),#5340);
#5337 = B_SPLINE_CURVE_WITH_KNOTS('',1,(#5338,#5339),.UNSPECIFIED.,.F.,
  .F.,(2,2),(4.533549835694,5.999372688986),.PIECEWISE_BEZIER_KNOTS.);
#5338 = CARTESIAN_POINT('',(1.465822853292,-1.E-02));
#5339 = CARTESIAN_POINT('',(0.,-1.E-02));
#5340 = ( GEOMETRIC_REPRESENTATION_CONTEXT(2) 
PARAMETRIC_REPRESENTATION_CONTEXT() REPRESENTATION_CONTEXT('2D SPACE',''
  ) );
#5341 = PCURVE('',#4525,#5342);
#5342 = DEFINITIONAL_REPRESENTATION('',(#5343),#5346);
#5343 = B_SPLINE_CURVE_WITH_KNOTS('',1,(#5344,#5345),.UNSPECIFIED.,.F.,
  .F.,(2,2),(4.533549835694,5.999372688986),.PIECEWISE_BEZIER_KNOTS.);
#5344 = CARTESIAN_POINT('',(-20.43859765677,-6.964444089303));
#5345 = CARTESIAN_POINT('',(-21.52813520306,-5.983860297644));
#5346 = ( GEOMETRIC_REPRESENTATION_CONTEXT(2) 
PARAMETRIC_REPRESENTATION_CONTEXT() REPRESENTATION_CONTEXT('2D SPACE',''
  ) );
#5347 = ORIENTED_EDGE('',*,*,#5348,.T.);
#5348 = EDGE_CURVE('',#5328,#5349,#5351,.T.);
#5349 = VERTEX_POINT('',#5350);
#5350 = CARTESIAN_POINT('',(20.499025731503,-36.27,9.4));
#5351 = SURFACE_CURVE('',#5352,(#5356,#5362),.PCURVE_S1.);
#5352 = LINE('',#5353,#5354);
#5353 = CARTESIAN_POINT('',(20.499025731503,-36.27,8.845));
#5354 = VECTOR('',#5355,1.);
#5355 = DIRECTION('',(0.,-0.,1.));
#5356 = PCURVE('',#5243,#5357);
#5357 = DEFINITIONAL_REPRESENTATION('',(#5358),#5361);
#5358 = B_SPLINE_CURVE_WITH_KNOTS('',1,(#5359,#5360),.UNSPECIFIED.,.F.,
  .F.,(2,2),(5.5E-02,0.555),.PIECEWISE_BEZIER_KNOTS.);
#5359 = CARTESIAN_POINT('',(0.391439466556,-1.E-02));
#5360 = CARTESIAN_POINT('',(0.391439466556,-0.51));
#5361 = ( GEOMETRIC_REPRESENTATION_CONTEXT(2) 
PARAMETRIC_REPRESENTATION_CONTEXT() REPRESENTATION_CONTEXT('2D SPACE',''
  ) );
#5362 = PCURVE('',#5363,#5368);
#5363 = PLANE('',#5364);
#5364 = AXIS2_PLACEMENT_3D('',#5365,#5366,#5367);
#5365 = CARTESIAN_POINT('',(22.85,-36.27,8.8));
#5366 = DIRECTION('',(1.110223024625E-16,1.,0.));
#5367 = DIRECTION('',(0.,0.,1.));
#5368 = DEFINITIONAL_REPRESENTATION('',(#5369),#5372);
#5369 = B_SPLINE_CURVE_WITH_KNOTS('',1,(#5370,#5371),.UNSPECIFIED.,.F.,
  .F.,(2,2),(5.5E-02,0.555),.PIECEWISE_BEZIER_KNOTS.);
#5370 = CARTESIAN_POINT('',(0.1,-2.350974268497));
#5371 = CARTESIAN_POINT('',(0.6,-2.350974268497));
#5372 = ( GEOMETRIC_REPRESENTATION_CONTEXT(2) 
PARAMETRIC_REPRESENTATION_CONTEXT() REPRESENTATION_CONTEXT('2D SPACE',''
  ) );
#5373 = ORIENTED_EDGE('',*,*,#5374,.F.);
#5374 = EDGE_CURVE('',#5375,#5349,#5377,.T.);
#5375 = VERTEX_POINT('',#5376);
#5376 = CARTESIAN_POINT('',(20.35,-36.13587684164,9.4));
#5377 = SURFACE_CURVE('',#5378,(#5382,#5388),.PCURVE_S1.);
#5378 = LINE('',#5379,#5380);
#5379 = CARTESIAN_POINT('',(21.002988805114,-36.72356676625,9.4));
#5380 = VECTOR('',#5381,1.);
#5381 = DIRECTION('',(0.743294146247,-0.668964731622,0.));
#5382 = PCURVE('',#5243,#5383);
#5383 = DEFINITIONAL_REPRESENTATION('',(#5384),#5387);
#5384 = B_SPLINE_CURVE_WITH_KNOTS('',1,(#5385,#5386),.UNSPECIFIED.,.F.,
  .F.,(2,2),(-0.878506589095,-0.678012972598),.PIECEWISE_BEZIER_KNOTS.);
#5385 = CARTESIAN_POINT('',(0.190945850059,-0.51));
#5386 = CARTESIAN_POINT('',(0.391439466556,-0.51));
#5387 = ( GEOMETRIC_REPRESENTATION_CONTEXT(2) 
PARAMETRIC_REPRESENTATION_CONTEXT() REPRESENTATION_CONTEXT('2D SPACE',''
  ) );
#5388 = PCURVE('',#5389,#5394);
#5389 = PLANE('',#5390);
#5390 = AXIS2_PLACEMENT_3D('',#5391,#5392,#5393);
#5391 = CARTESIAN_POINT('',(22.85,-36.27,9.4));
#5392 = DIRECTION('',(0.,0.,1.));
#5393 = DIRECTION('',(1.110223024625E-16,1.,0.));
#5394 = DEFINITIONAL_REPRESENTATION('',(#5395),#5398);
#5395 = B_SPLINE_CURVE_WITH_KNOTS('',1,(#5396,#5397),.UNSPECIFIED.,.F.,
  .F.,(2,2),(-0.878506589095,-0.678012972598),.PIECEWISE_BEZIER_KNOTS.);
#5396 = CARTESIAN_POINT('',(0.134123158352,2.5));
#5397 = CARTESIAN_POINT('',(-1.326814879353E-16,2.350974268497));
#5398 = ( GEOMETRIC_REPRESENTATION_CONTEXT(2) 
PARAMETRIC_REPRESENTATION_CONTEXT() REPRESENTATION_CONTEXT('2D SPACE',''
  ) );
#5399 = ORIENTED_EDGE('',*,*,#5400,.F.);
#5400 = EDGE_CURVE('',#5401,#5375,#5403,.T.);
#5401 = VERTEX_POINT('',#5402);
#5402 = CARTESIAN_POINT('',(20.35,-36.13587684164,8.9));
#5403 = SURFACE_CURVE('',#5404,(#5408,#5414),.PCURVE_S1.);
#5404 = LINE('',#5405,#5406);
#5405 = CARTESIAN_POINT('',(20.35,-36.13587684164,8.845));
#5406 = VECTOR('',#5407,1.);
#5407 = DIRECTION('',(0.,0.,1.));
#5408 = PCURVE('',#5243,#5409);
#5409 = DEFINITIONAL_REPRESENTATION('',(#5410),#5413);
#5410 = B_SPLINE_CURVE_WITH_KNOTS('',1,(#5411,#5412),.UNSPECIFIED.,.F.,
  .F.,(2,2),(5.5E-02,0.555),.PIECEWISE_BEZIER_KNOTS.);
#5411 = CARTESIAN_POINT('',(0.190945850059,-1.E-02));
#5412 = CARTESIAN_POINT('',(0.190945850059,-0.51));
#5413 = ( GEOMETRIC_REPRESENTATION_CONTEXT(2) 
PARAMETRIC_REPRESENTATION_CONTEXT() REPRESENTATION_CONTEXT('2D SPACE',''
  ) );
#5414 = PCURVE('',#5415,#5420);
#5415 = PLANE('',#5416);
#5416 = AXIS2_PLACEMENT_3D('',#5417,#5418,#5419);
#5417 = CARTESIAN_POINT('',(20.35,-36.27,8.8));
#5418 = DIRECTION('',(-1.,1.110223024625E-16,0.));
#5419 = DIRECTION('',(0.,0.,1.));
#5420 = DEFINITIONAL_REPRESENTATION('',(#5421),#5424);
#5421 = B_SPLINE_CURVE_WITH_KNOTS('',1,(#5422,#5423),.UNSPECIFIED.,.F.,
  .F.,(2,2),(5.5E-02,0.555),.PIECEWISE_BEZIER_KNOTS.);
#5422 = CARTESIAN_POINT('',(0.1,0.134123158352));
#5423 = CARTESIAN_POINT('',(0.6,0.134123158352));
#5424 = ( GEOMETRIC_REPRESENTATION_CONTEXT(2) 
PARAMETRIC_REPRESENTATION_CONTEXT() REPRESENTATION_CONTEXT('2D SPACE',''
  ) );
#5425 = ORIENTED_EDGE('',*,*,#5426,.T.);
#5426 = EDGE_CURVE('',#5401,#5226,#5427,.T.);
#5427 = SURFACE_CURVE('',#5428,(#5432,#5438),.PCURVE_S1.);
#5428 = LINE('',#5429,#5430);
#5429 = CARTESIAN_POINT('',(24.66736966828,-40.0215095431,8.9));
#5430 = VECTOR('',#5431,1.);
#5431 = DIRECTION('',(-0.743294146247,0.668964731622,0.));
#5432 = PCURVE('',#5243,#5433);
#5433 = DEFINITIONAL_REPRESENTATION('',(#5434),#5437);
#5434 = B_SPLINE_CURVE_WITH_KNOTS('',1,(#5435,#5436),.UNSPECIFIED.,.F.,
  .F.,(2,2),(4.533549835694,5.999372688986),.PIECEWISE_BEZIER_KNOTS.);
#5435 = CARTESIAN_POINT('',(1.465822853292,-1.E-02));
#5436 = CARTESIAN_POINT('',(0.,-1.E-02));
#5437 = ( GEOMETRIC_REPRESENTATION_CONTEXT(2) 
PARAMETRIC_REPRESENTATION_CONTEXT() REPRESENTATION_CONTEXT('2D SPACE',''
  ) );
#5438 = PCURVE('',#4525,#5439);
#5439 = DEFINITIONAL_REPRESENTATION('',(#5440),#5443);
#5440 = B_SPLINE_CURVE_WITH_KNOTS('',1,(#5441,#5442),.UNSPECIFIED.,.F.,
  .F.,(2,2),(4.533549835694,5.999372688986),.PIECEWISE_BEZIER_KNOTS.);
#5441 = CARTESIAN_POINT('',(-20.43859765677,-6.964444089303));
#5442 = CARTESIAN_POINT('',(-21.52813520306,-5.983860297644));
#5443 = ( GEOMETRIC_REPRESENTATION_CONTEXT(2) 
PARAMETRIC_REPRESENTATION_CONTEXT() REPRESENTATION_CONTEXT('2D SPACE',''
  ) );
#5444 = ORIENTED_EDGE('',*,*,#5225,.T.);
#5445 = ORIENTED_EDGE('',*,*,#5446,.F.);
#5446 = EDGE_CURVE('',#5300,#5228,#5447,.T.);
#5447 = SURFACE_CURVE('',#5448,(#5452,#5458),.PCURVE_S1.);
#5448 = LINE('',#5449,#5450);
#5449 = CARTESIAN_POINT('',(24.66736966828,-40.0215095431,10.25));
#5450 = VECTOR('',#5451,1.);
#5451 = DIRECTION('',(-0.743294146247,0.668964731622,0.));
#5452 = PCURVE('',#5243,#5453);
#5453 = DEFINITIONAL_REPRESENTATION('',(#5454),#5457);
#5454 = B_SPLINE_CURVE_WITH_KNOTS('',1,(#5455,#5456),.UNSPECIFIED.,.F.,
  .F.,(2,2),(4.533549835694,5.999372688986),.PIECEWISE_BEZIER_KNOTS.);
#5455 = CARTESIAN_POINT('',(1.465822853292,-1.36));
#5456 = CARTESIAN_POINT('',(0.,-1.36));
#5457 = ( GEOMETRIC_REPRESENTATION_CONTEXT(2) 
PARAMETRIC_REPRESENTATION_CONTEXT() REPRESENTATION_CONTEXT('2D SPACE',''
  ) );
#5458 = PCURVE('',#3916,#5459);
#5459 = DEFINITIONAL_REPRESENTATION('',(#5460),#5463);
#5460 = B_SPLINE_CURVE_WITH_KNOTS('',1,(#5461,#5462),.UNSPECIFIED.,.F.,
  .F.,(2,2),(4.533549835694,5.999372688986),.PIECEWISE_BEZIER_KNOTS.);
#5461 = CARTESIAN_POINT('',(-20.43859765677,-6.964444089303));
#5462 = CARTESIAN_POINT('',(-21.52813520306,-5.983860297644));
#5463 = ( GEOMETRIC_REPRESENTATION_CONTEXT(2) 
PARAMETRIC_REPRESENTATION_CONTEXT() REPRESENTATION_CONTEXT('2D SPACE',''
  ) );
#5464 = ADVANCED_FACE('',(#5465),#5363,.T.);
#5465 = FACE_BOUND('',#5466,.T.);
#5466 = EDGE_LOOP('',(#5467,#5490,#5491,#5512));
#5467 = ORIENTED_EDGE('',*,*,#5468,.F.);
#5468 = EDGE_CURVE('',#5349,#5469,#5471,.T.);
#5469 = VERTEX_POINT('',#5470);
#5470 = CARTESIAN_POINT('',(20.35,-36.27,9.4));
#5471 = SURFACE_CURVE('',#5472,(#5476,#5483),.PCURVE_S1.);
#5472 = LINE('',#5473,#5474);
#5473 = CARTESIAN_POINT('',(22.85,-36.27,9.4));
#5474 = VECTOR('',#5475,1.);
#5475 = DIRECTION('',(-1.,1.110223024625E-16,0.));
#5476 = PCURVE('',#5363,#5477);
#5477 = DEFINITIONAL_REPRESENTATION('',(#5478),#5482);
#5478 = LINE('',#5479,#5480);
#5479 = CARTESIAN_POINT('',(0.6,0.));
#5480 = VECTOR('',#5481,1.);
#5481 = DIRECTION('',(0.,-1.));
#5482 = ( GEOMETRIC_REPRESENTATION_CONTEXT(2) 
PARAMETRIC_REPRESENTATION_CONTEXT() REPRESENTATION_CONTEXT('2D SPACE',''
  ) );
#5483 = PCURVE('',#5389,#5484);
#5484 = DEFINITIONAL_REPRESENTATION('',(#5485),#5489);
#5485 = LINE('',#5486,#5487);
#5486 = CARTESIAN_POINT('',(0.,0.));
#5487 = VECTOR('',#5488,1.);
#5488 = DIRECTION('',(0.,1.));
#5489 = ( GEOMETRIC_REPRESENTATION_CONTEXT(2) 
PARAMETRIC_REPRESENTATION_CONTEXT() REPRESENTATION_CONTEXT('2D SPACE',''
  ) );
#5490 = ORIENTED_EDGE('',*,*,#5348,.F.);
#5491 = ORIENTED_EDGE('',*,*,#5492,.T.);
#5492 = EDGE_CURVE('',#5328,#5493,#5495,.T.);
#5493 = VERTEX_POINT('',#5494);
#5494 = CARTESIAN_POINT('',(20.35,-36.27,8.9));
#5495 = SURFACE_CURVE('',#5496,(#5500,#5506),.PCURVE_S1.);
#5496 = LINE('',#5497,#5498);
#5497 = CARTESIAN_POINT('',(32.293103135231,-36.27,8.9));
#5498 = VECTOR('',#5499,1.);
#5499 = DIRECTION('',(-1.,1.110223024625E-16,0.));
#5500 = PCURVE('',#5363,#5501);
#5501 = DEFINITIONAL_REPRESENTATION('',(#5502),#5505);
#5502 = B_SPLINE_CURVE_WITH_KNOTS('',1,(#5503,#5504),.UNSPECIFIED.,.F.,
  .F.,(2,2),(9.443103135231,11.943103135231),.PIECEWISE_BEZIER_KNOTS.);
#5503 = CARTESIAN_POINT('',(0.1,0.));
#5504 = CARTESIAN_POINT('',(0.1,-2.5));
#5505 = ( GEOMETRIC_REPRESENTATION_CONTEXT(2) 
PARAMETRIC_REPRESENTATION_CONTEXT() REPRESENTATION_CONTEXT('2D SPACE',''
  ) );
#5506 = PCURVE('',#4525,#5507);
#5507 = DEFINITIONAL_REPRESENTATION('',(#5508),#5511);
#5508 = B_SPLINE_CURVE_WITH_KNOTS('',1,(#5509,#5510),.UNSPECIFIED.,.F.,
  .F.,(2,2),(9.443103135231,11.943103135231),.PIECEWISE_BEZIER_KNOTS.);
#5509 = CARTESIAN_POINT('',(-18.88620627046,-6.245719495335));
#5510 = CARTESIAN_POINT('',(-21.38620627046,-6.245719495335));
#5511 = ( GEOMETRIC_REPRESENTATION_CONTEXT(2) 
PARAMETRIC_REPRESENTATION_CONTEXT() REPRESENTATION_CONTEXT('2D SPACE',''
  ) );
#5512 = ORIENTED_EDGE('',*,*,#5513,.T.);
#5513 = EDGE_CURVE('',#5493,#5469,#5514,.T.);
#5514 = SURFACE_CURVE('',#5515,(#5519,#5526),.PCURVE_S1.);
#5515 = LINE('',#5516,#5517);
#5516 = CARTESIAN_POINT('',(20.35,-36.27,8.8));
#5517 = VECTOR('',#5518,1.);
#5518 = DIRECTION('',(0.,0.,1.));
#5519 = PCURVE('',#5363,#5520);
#5520 = DEFINITIONAL_REPRESENTATION('',(#5521),#5525);
#5521 = LINE('',#5522,#5523);
#5522 = CARTESIAN_POINT('',(0.,-2.5));
#5523 = VECTOR('',#5524,1.);
#5524 = DIRECTION('',(1.,0.));
#5525 = ( GEOMETRIC_REPRESENTATION_CONTEXT(2) 
PARAMETRIC_REPRESENTATION_CONTEXT() REPRESENTATION_CONTEXT('2D SPACE',''
  ) );
#5526 = PCURVE('',#5415,#5527);
#5527 = DEFINITIONAL_REPRESENTATION('',(#5528),#5532);
#5528 = LINE('',#5529,#5530);
#5529 = CARTESIAN_POINT('',(0.,0.));
#5530 = VECTOR('',#5531,1.);
#5531 = DIRECTION('',(1.,0.));
#5532 = ( GEOMETRIC_REPRESENTATION_CONTEXT(2) 
PARAMETRIC_REPRESENTATION_CONTEXT() REPRESENTATION_CONTEXT('2D SPACE',''
  ) );
#5533 = ADVANCED_FACE('',(#5534),#5389,.F.);
#5534 = FACE_BOUND('',#5535,.F.);
#5535 = EDGE_LOOP('',(#5536,#5537,#5538));
#5536 = ORIENTED_EDGE('',*,*,#5468,.F.);
#5537 = ORIENTED_EDGE('',*,*,#5374,.F.);
#5538 = ORIENTED_EDGE('',*,*,#5539,.F.);
#5539 = EDGE_CURVE('',#5469,#5375,#5540,.T.);
#5540 = SURFACE_CURVE('',#5541,(#5545,#5552),.PCURVE_S1.);
#5541 = LINE('',#5542,#5543);
#5542 = CARTESIAN_POINT('',(20.35,-36.27,9.4));
#5543 = VECTOR('',#5544,1.);
#5544 = DIRECTION('',(1.110223024625E-16,1.,0.));
#5545 = PCURVE('',#5389,#5546);
#5546 = DEFINITIONAL_REPRESENTATION('',(#5547),#5551);
#5547 = LINE('',#5548,#5549);
#5548 = CARTESIAN_POINT('',(-2.775557561563E-16,2.5));
#5549 = VECTOR('',#5550,1.);
#5550 = DIRECTION('',(1.,0.));
#5551 = ( GEOMETRIC_REPRESENTATION_CONTEXT(2) 
PARAMETRIC_REPRESENTATION_CONTEXT() REPRESENTATION_CONTEXT('2D SPACE',''
  ) );
#5552 = PCURVE('',#5415,#5553);
#5553 = DEFINITIONAL_REPRESENTATION('',(#5554),#5558);
#5554 = LINE('',#5555,#5556);
#5555 = CARTESIAN_POINT('',(0.6,0.));
#5556 = VECTOR('',#5557,1.);
#5557 = DIRECTION('',(0.,1.));
#5558 = ( GEOMETRIC_REPRESENTATION_CONTEXT(2) 
PARAMETRIC_REPRESENTATION_CONTEXT() REPRESENTATION_CONTEXT('2D SPACE',''
  ) );
#5559 = ADVANCED_FACE('',(#5560),#5415,.F.);
#5560 = FACE_BOUND('',#5561,.F.);
#5561 = EDGE_LOOP('',(#5562,#5581,#5582,#5583));
#5562 = ORIENTED_EDGE('',*,*,#5563,.T.);
#5563 = EDGE_CURVE('',#5401,#5493,#5564,.T.);
#5564 = SURFACE_CURVE('',#5565,(#5569,#5575),.PCURVE_S1.);
#5565 = LINE('',#5566,#5567);
#5566 = CARTESIAN_POINT('',(20.35,-33.14714025233,8.9));
#5567 = VECTOR('',#5568,1.);
#5568 = DIRECTION('',(-1.110223024625E-16,-1.,0.));
#5569 = PCURVE('',#5415,#5570);
#5570 = DEFINITIONAL_REPRESENTATION('',(#5571),#5574);
#5571 = B_SPLINE_CURVE_WITH_KNOTS('',1,(#5572,#5573),.UNSPECIFIED.,.F.,
  .F.,(2,2),(1.822859747668,3.122859747668),.PIECEWISE_BEZIER_KNOTS.);
#5572 = CARTESIAN_POINT('',(0.1,1.3));
#5573 = CARTESIAN_POINT('',(0.1,0.));
#5574 = ( GEOMETRIC_REPRESENTATION_CONTEXT(2) 
PARAMETRIC_REPRESENTATION_CONTEXT() REPRESENTATION_CONTEXT('2D SPACE',''
  ) );
#5575 = PCURVE('',#4525,#5576);
#5576 = DEFINITIONAL_REPRESENTATION('',(#5577),#5580);
#5577 = B_SPLINE_CURVE_WITH_KNOTS('',1,(#5578,#5579),.UNSPECIFIED.,.F.,
  .F.,(2,2),(1.822859747668,3.122859747668),.PIECEWISE_BEZIER_KNOTS.);
#5578 = CARTESIAN_POINT('',(-21.38620627046,-4.945719495335));
#5579 = CARTESIAN_POINT('',(-21.38620627046,-6.245719495335));
#5580 = ( GEOMETRIC_REPRESENTATION_CONTEXT(2) 
PARAMETRIC_REPRESENTATION_CONTEXT() REPRESENTATION_CONTEXT('2D SPACE',''
  ) );
#5581 = ORIENTED_EDGE('',*,*,#5513,.T.);
#5582 = ORIENTED_EDGE('',*,*,#5539,.T.);
#5583 = ORIENTED_EDGE('',*,*,#5400,.F.);
#5584 = ADVANCED_FACE('',(#5585),#5315,.T.);
#5585 = FACE_BOUND('',#5586,.T.);
#5586 = EDGE_LOOP('',(#5587,#5608,#5609,#5630));
#5587 = ORIENTED_EDGE('',*,*,#5588,.T.);
#5588 = EDGE_CURVE('',#5589,#5298,#5591,.T.);
#5589 = VERTEX_POINT('',#5590);
#5590 = CARTESIAN_POINT('',(24.385380215294,-38.63553611482,8.9));
#5591 = SURFACE_CURVE('',#5592,(#5596,#5602),.PCURVE_S1.);
#5592 = LINE('',#5593,#5594);
#5593 = CARTESIAN_POINT('',(27.807904776418,-40.46088254742,8.9));
#5594 = VECTOR('',#5595,1.);
#5595 = DIRECTION('',(-0.882352941176,0.470588235294,0.));
#5596 = PCURVE('',#5315,#5597);
#5597 = DEFINITIONAL_REPRESENTATION('',(#5598),#5601);
#5598 = B_SPLINE_CURVE_WITH_KNOTS('',1,(#5599,#5600),.UNSPECIFIED.,.F.,
  .F.,(2,2),(3.878861169274,7.378335651094),.PIECEWISE_BEZIER_KNOTS.);
#5599 = CARTESIAN_POINT('',(3.49947448182,-1.E-02));
#5600 = CARTESIAN_POINT('',(0.,-1.E-02));
#5601 = ( GEOMETRIC_REPRESENTATION_CONTEXT(2) 
PARAMETRIC_REPRESENTATION_CONTEXT() REPRESENTATION_CONTEXT('2D SPACE',''
  ) );
#5602 = PCURVE('',#4525,#5603);
#5603 = DEFINITIONAL_REPRESENTATION('',(#5604),#5607);
#5604 = B_SPLINE_CURVE_WITH_KNOTS('',1,(#5605,#5606),.UNSPECIFIED.,.F.,
  .F.,(2,2),(3.878861169274,7.378335651094),.PIECEWISE_BEZIER_KNOTS.);
#5605 = CARTESIAN_POINT('',(-17.35082605516,-8.611255610159));
#5606 = CARTESIAN_POINT('',(-20.43859765677,-6.964444089303));
#5607 = ( GEOMETRIC_REPRESENTATION_CONTEXT(2) 
PARAMETRIC_REPRESENTATION_CONTEXT() REPRESENTATION_CONTEXT('2D SPACE',''
  ) );
#5608 = ORIENTED_EDGE('',*,*,#5297,.T.);
#5609 = ORIENTED_EDGE('',*,*,#5610,.F.);
#5610 = EDGE_CURVE('',#5611,#5300,#5613,.T.);
#5611 = VERTEX_POINT('',#5612);
#5612 = CARTESIAN_POINT('',(24.385380215294,-38.63553611482,10.25));
#5613 = SURFACE_CURVE('',#5614,(#5618,#5624),.PCURVE_S1.);
#5614 = LINE('',#5615,#5616);
#5615 = CARTESIAN_POINT('',(27.807904776418,-40.46088254742,10.25));
#5616 = VECTOR('',#5617,1.);
#5617 = DIRECTION('',(-0.882352941176,0.470588235294,0.));
#5618 = PCURVE('',#5315,#5619);
#5619 = DEFINITIONAL_REPRESENTATION('',(#5620),#5623);
#5620 = B_SPLINE_CURVE_WITH_KNOTS('',1,(#5621,#5622),.UNSPECIFIED.,.F.,
  .F.,(2,2),(3.878861169274,7.378335651094),.PIECEWISE_BEZIER_KNOTS.);
#5621 = CARTESIAN_POINT('',(3.49947448182,-1.36));
#5622 = CARTESIAN_POINT('',(0.,-1.36));
#5623 = ( GEOMETRIC_REPRESENTATION_CONTEXT(2) 
PARAMETRIC_REPRESENTATION_CONTEXT() REPRESENTATION_CONTEXT('2D SPACE',''
  ) );
#5624 = PCURVE('',#3916,#5625);
#5625 = DEFINITIONAL_REPRESENTATION('',(#5626),#5629);
#5626 = B_SPLINE_CURVE_WITH_KNOTS('',1,(#5627,#5628),.UNSPECIFIED.,.F.,
  .F.,(2,2),(3.878861169274,7.378335651094),.PIECEWISE_BEZIER_KNOTS.);
#5627 = CARTESIAN_POINT('',(-17.35082605516,-8.611255610159));
#5628 = CARTESIAN_POINT('',(-20.43859765677,-6.964444089303));
#5629 = ( GEOMETRIC_REPRESENTATION_CONTEXT(2) 
PARAMETRIC_REPRESENTATION_CONTEXT() REPRESENTATION_CONTEXT('2D SPACE',''
  ) );
#5630 = ORIENTED_EDGE('',*,*,#5631,.F.);
#5631 = EDGE_CURVE('',#5589,#5611,#5632,.T.);
#5632 = SURFACE_CURVE('',#5633,(#5637,#5644),.PCURVE_S1.);
#5633 = LINE('',#5634,#5635);
#5634 = CARTESIAN_POINT('',(24.385380215294,-38.63553611482,8.89));
#5635 = VECTOR('',#5636,1.);
#5636 = DIRECTION('',(0.,0.,1.));
#5637 = PCURVE('',#5315,#5638);
#5638 = DEFINITIONAL_REPRESENTATION('',(#5639),#5643);
#5639 = LINE('',#5640,#5641);
#5640 = CARTESIAN_POINT('',(3.49947448182,0.));
#5641 = VECTOR('',#5642,1.);
#5642 = DIRECTION('',(0.,-1.));
#5643 = ( GEOMETRIC_REPRESENTATION_CONTEXT(2) 
PARAMETRIC_REPRESENTATION_CONTEXT() REPRESENTATION_CONTEXT('2D SPACE',''
  ) );
#5644 = PCURVE('',#5645,#5650);
#5645 = PLANE('',#5646);
#5646 = AXIS2_PLACEMENT_3D('',#5647,#5648,#5649);
#5647 = CARTESIAN_POINT('',(24.385380215294,-38.63553611482,8.89));
#5648 = DIRECTION('',(0.167595493934,0.98585584667,-0.));
#5649 = DIRECTION('',(0.98585584667,-0.167595493934,0.));
#5650 = DEFINITIONAL_REPRESENTATION('',(#5651),#5655);
#5651 = LINE('',#5652,#5653);
#5652 = CARTESIAN_POINT('',(0.,0.));
#5653 = VECTOR('',#5654,1.);
#5654 = DIRECTION('',(0.,-1.));
#5655 = ( GEOMETRIC_REPRESENTATION_CONTEXT(2) 
PARAMETRIC_REPRESENTATION_CONTEXT() REPRESENTATION_CONTEXT('2D SPACE',''
  ) );
#5656 = ADVANCED_FACE('',(#5657),#5645,.T.);
#5657 = FACE_BOUND('',#5658,.T.);
#5658 = EDGE_LOOP('',(#5659,#5680,#5681,#5702));
#5659 = ORIENTED_EDGE('',*,*,#5660,.T.);
#5660 = EDGE_CURVE('',#5661,#5589,#5663,.T.);
#5661 = VERTEX_POINT('',#5662);
#5662 = CARTESIAN_POINT('',(28.470461892803,-39.33,8.9));
#5663 = SURFACE_CURVE('',#5664,(#5668,#5674),.PCURVE_S1.);
#5664 = LINE('',#5665,#5666);
#5665 = CARTESIAN_POINT('',(32.105718732857,-39.9479936628,8.9));
#5666 = VECTOR('',#5667,1.);
#5667 = DIRECTION('',(-0.98585584667,0.167595493934,0.));
#5668 = PCURVE('',#5645,#5669);
#5669 = DEFINITIONAL_REPRESENTATION('',(#5670),#5673);
#5670 = B_SPLINE_CURVE_WITH_KNOTS('',1,(#5671,#5672),.UNSPECIFIED.,.F.,
  .F.,(2,2),(3.68741216308,7.831102836831),.PIECEWISE_BEZIER_KNOTS.);
#5671 = CARTESIAN_POINT('',(4.143690673751,-1.E-02));
#5672 = CARTESIAN_POINT('',(0.,-1.E-02));
#5673 = ( GEOMETRIC_REPRESENTATION_CONTEXT(2) 
PARAMETRIC_REPRESENTATION_CONTEXT() REPRESENTATION_CONTEXT('2D SPACE',''
  ) );
#5674 = PCURVE('',#4525,#5675);
#5675 = DEFINITIONAL_REPRESENTATION('',(#5676),#5679);
#5676 = B_SPLINE_CURVE_WITH_KNOTS('',1,(#5677,#5678),.UNSPECIFIED.,.F.,
  .F.,(2,2),(3.68741216308,7.831102836831),.PIECEWISE_BEZIER_KNOTS.);
#5677 = CARTESIAN_POINT('',(-13.26574437765,-9.305719495335));
#5678 = CARTESIAN_POINT('',(-17.35082605516,-8.611255610159));
#5679 = ( GEOMETRIC_REPRESENTATION_CONTEXT(2) 
PARAMETRIC_REPRESENTATION_CONTEXT() REPRESENTATION_CONTEXT('2D SPACE',''
  ) );
#5680 = ORIENTED_EDGE('',*,*,#5631,.T.);
#5681 = ORIENTED_EDGE('',*,*,#5682,.F.);
#5682 = EDGE_CURVE('',#5683,#5611,#5685,.T.);
#5683 = VERTEX_POINT('',#5684);
#5684 = CARTESIAN_POINT('',(28.470461892803,-39.33,10.25));
#5685 = SURFACE_CURVE('',#5686,(#5690,#5696),.PCURVE_S1.);
#5686 = LINE('',#5687,#5688);
#5687 = CARTESIAN_POINT('',(32.105718732857,-39.9479936628,10.25));
#5688 = VECTOR('',#5689,1.);
#5689 = DIRECTION('',(-0.98585584667,0.167595493934,0.));
#5690 = PCURVE('',#5645,#5691);
#5691 = DEFINITIONAL_REPRESENTATION('',(#5692),#5695);
#5692 = B_SPLINE_CURVE_WITH_KNOTS('',1,(#5693,#5694),.UNSPECIFIED.,.F.,
  .F.,(2,2),(3.68741216308,7.831102836831),.PIECEWISE_BEZIER_KNOTS.);
#5693 = CARTESIAN_POINT('',(4.143690673751,-1.36));
#5694 = CARTESIAN_POINT('',(0.,-1.36));
#5695 = ( GEOMETRIC_REPRESENTATION_CONTEXT(2) 
PARAMETRIC_REPRESENTATION_CONTEXT() REPRESENTATION_CONTEXT('2D SPACE',''
  ) );
#5696 = PCURVE('',#3916,#5697);
#5697 = DEFINITIONAL_REPRESENTATION('',(#5698),#5701);
#5698 = B_SPLINE_CURVE_WITH_KNOTS('',1,(#5699,#5700),.UNSPECIFIED.,.F.,
  .F.,(2,2),(3.68741216308,7.831102836831),.PIECEWISE_BEZIER_KNOTS.);
#5699 = CARTESIAN_POINT('',(-13.26574437765,-9.305719495335));
#5700 = CARTESIAN_POINT('',(-17.35082605516,-8.611255610159));
#5701 = ( GEOMETRIC_REPRESENTATION_CONTEXT(2) 
PARAMETRIC_REPRESENTATION_CONTEXT() REPRESENTATION_CONTEXT('2D SPACE',''
  ) );
#5702 = ORIENTED_EDGE('',*,*,#5703,.F.);
#5703 = EDGE_CURVE('',#5661,#5683,#5704,.T.);
#5704 = SURFACE_CURVE('',#5705,(#5709,#5716),.PCURVE_S1.);
#5705 = LINE('',#5706,#5707);
#5706 = CARTESIAN_POINT('',(28.470461892803,-39.33,8.89));
#5707 = VECTOR('',#5708,1.);
#5708 = DIRECTION('',(0.,0.,1.));
#5709 = PCURVE('',#5645,#5710);
#5710 = DEFINITIONAL_REPRESENTATION('',(#5711),#5715);
#5711 = LINE('',#5712,#5713);
#5712 = CARTESIAN_POINT('',(4.143690673751,0.));
#5713 = VECTOR('',#5714,1.);
#5714 = DIRECTION('',(0.,-1.));
#5715 = ( GEOMETRIC_REPRESENTATION_CONTEXT(2) 
PARAMETRIC_REPRESENTATION_CONTEXT() REPRESENTATION_CONTEXT('2D SPACE',''
  ) );
#5716 = PCURVE('',#5717,#5722);
#5717 = PLANE('',#5718);
#5718 = AXIS2_PLACEMENT_3D('',#5719,#5720,#5721);
#5719 = CARTESIAN_POINT('',(28.470461892803,-39.33,8.89));
#5720 = DIRECTION('',(0.,1.,0.));
#5721 = DIRECTION('',(1.,0.,0.));
#5722 = DEFINITIONAL_REPRESENTATION('',(#5723),#5727);
#5723 = LINE('',#5724,#5725);
#5724 = CARTESIAN_POINT('',(0.,0.));
#5725 = VECTOR('',#5726,1.);
#5726 = DIRECTION('',(0.,-1.));
#5727 = ( GEOMETRIC_REPRESENTATION_CONTEXT(2) 
PARAMETRIC_REPRESENTATION_CONTEXT() REPRESENTATION_CONTEXT('2D SPACE',''
  ) );
#5728 = ADVANCED_FACE('',(#5729),#5717,.T.);
#5729 = FACE_BOUND('',#5730,.T.);
#5730 = EDGE_LOOP('',(#5731,#5761,#5782,#5804,#5830,#5852,#5873,#5895,
    #5921,#5943,#5962,#5963));
#5731 = ORIENTED_EDGE('',*,*,#5732,.F.);
#5732 = EDGE_CURVE('',#5733,#5735,#5737,.T.);
#5733 = VERTEX_POINT('',#5734);
#5734 = CARTESIAN_POINT('',(63.867403841249,-39.33,8.9));
#5735 = VERTEX_POINT('',#5736);
#5736 = CARTESIAN_POINT('',(63.867403841249,-39.33,10.25));
#5737 = SURFACE_CURVE('',#5738,(#5742,#5749),.PCURVE_S1.);
#5738 = LINE('',#5739,#5740);
#5739 = CARTESIAN_POINT('',(63.867403841249,-39.33,8.89));
#5740 = VECTOR('',#5741,1.);
#5741 = DIRECTION('',(0.,0.,1.));
#5742 = PCURVE('',#5717,#5743);
#5743 = DEFINITIONAL_REPRESENTATION('',(#5744),#5748);
#5744 = LINE('',#5745,#5746);
#5745 = CARTESIAN_POINT('',(35.396941948446,0.));
#5746 = VECTOR('',#5747,1.);
#5747 = DIRECTION('',(0.,-1.));
#5748 = ( GEOMETRIC_REPRESENTATION_CONTEXT(2) 
PARAMETRIC_REPRESENTATION_CONTEXT() REPRESENTATION_CONTEXT('2D SPACE',''
  ) );
#5749 = PCURVE('',#5750,#5755);
#5750 = PLANE('',#5751);
#5751 = AXIS2_PLACEMENT_3D('',#5752,#5753,#5754);
#5752 = CARTESIAN_POINT('',(63.867403841249,-39.33,8.89));
#5753 = DIRECTION('',(-0.371390676354,0.928476690885,0.));
#5754 = DIRECTION('',(0.928476690885,0.371390676354,0.));
#5755 = DEFINITIONAL_REPRESENTATION('',(#5756),#5760);
#5756 = LINE('',#5757,#5758);
#5757 = CARTESIAN_POINT('',(0.,0.));
#5758 = VECTOR('',#5759,1.);
#5759 = DIRECTION('',(0.,-1.));
#5760 = ( GEOMETRIC_REPRESENTATION_CONTEXT(2) 
PARAMETRIC_REPRESENTATION_CONTEXT() REPRESENTATION_CONTEXT('2D SPACE',''
  ) );
#5761 = ORIENTED_EDGE('',*,*,#5762,.T.);
#5762 = EDGE_CURVE('',#5733,#5763,#5765,.T.);
#5763 = VERTEX_POINT('',#5764);
#5764 = CARTESIAN_POINT('',(50.,-39.33,8.9));
#5765 = SURFACE_CURVE('',#5766,(#5770,#5776),.PCURVE_S1.);
#5766 = LINE('',#5767,#5768);
#5767 = CARTESIAN_POINT('',(35.103334081632,-39.33,8.9));
#5768 = VECTOR('',#5769,1.);
#5769 = DIRECTION('',(-1.,0.,0.));
#5770 = PCURVE('',#5717,#5771);
#5771 = DEFINITIONAL_REPRESENTATION('',(#5772),#5775);
#5772 = B_SPLINE_CURVE_WITH_KNOTS('',1,(#5773,#5774),.UNSPECIFIED.,.F.,
  .F.,(2,2),(-28.76406975961,6.632872188829),.PIECEWISE_BEZIER_KNOTS.);
#5773 = CARTESIAN_POINT('',(35.396941948446,-1.E-02));
#5774 = CARTESIAN_POINT('',(0.,-1.E-02));
#5775 = ( GEOMETRIC_REPRESENTATION_CONTEXT(2) 
PARAMETRIC_REPRESENTATION_CONTEXT() REPRESENTATION_CONTEXT('2D SPACE',''
  ) );
#5776 = PCURVE('',#3860,#5777);
#5777 = DEFINITIONAL_REPRESENTATION('',(#5778),#5781);
#5778 = B_SPLINE_CURVE_WITH_KNOTS('',1,(#5779,#5780),.UNSPECIFIED.,.F.,
  .F.,(2,2),(-28.76406975961,6.632872188829),.PIECEWISE_BEZIER_KNOTS.);
#5779 = CARTESIAN_POINT('',(22.131197570787,-9.305719495335));
#5780 = CARTESIAN_POINT('',(-13.26574437765,-9.305719495335));
#5781 = ( GEOMETRIC_REPRESENTATION_CONTEXT(2) 
PARAMETRIC_REPRESENTATION_CONTEXT() REPRESENTATION_CONTEXT('2D SPACE',''
  ) );
#5782 = ORIENTED_EDGE('',*,*,#5783,.T.);
#5783 = EDGE_CURVE('',#5763,#5784,#5786,.T.);
#5784 = VERTEX_POINT('',#5785);
#5785 = CARTESIAN_POINT('',(50.,-39.33,9.1));
#5786 = SURFACE_CURVE('',#5787,(#5791,#5797),.PCURVE_S1.);
#5787 = LINE('',#5788,#5789);
#5788 = CARTESIAN_POINT('',(50.,-39.33,8.72));
#5789 = VECTOR('',#5790,1.);
#5790 = DIRECTION('',(0.,0.,1.));
#5791 = PCURVE('',#5717,#5792);
#5792 = DEFINITIONAL_REPRESENTATION('',(#5793),#5796);
#5793 = B_SPLINE_CURVE_WITH_KNOTS('',1,(#5794,#5795),.UNSPECIFIED.,.F.,
  .F.,(2,2),(0.18,0.38),.PIECEWISE_BEZIER_KNOTS.);
#5794 = CARTESIAN_POINT('',(21.529538107197,-1.E-02));
#5795 = CARTESIAN_POINT('',(21.529538107197,-0.21));
#5796 = ( GEOMETRIC_REPRESENTATION_CONTEXT(2) 
PARAMETRIC_REPRESENTATION_CONTEXT() REPRESENTATION_CONTEXT('2D SPACE',''
  ) );
#5797 = PCURVE('',#3390,#5798);
#5798 = DEFINITIONAL_REPRESENTATION('',(#5799),#5803);
#5799 = LINE('',#5800,#5801);
#5800 = CARTESIAN_POINT('',(7.72,-7.62));
#5801 = VECTOR('',#5802,1.);
#5802 = DIRECTION('',(1.,0.));
#5803 = ( GEOMETRIC_REPRESENTATION_CONTEXT(2) 
PARAMETRIC_REPRESENTATION_CONTEXT() REPRESENTATION_CONTEXT('2D SPACE',''
  ) );
#5804 = ORIENTED_EDGE('',*,*,#5805,.T.);
#5805 = EDGE_CURVE('',#5784,#5806,#5808,.T.);
#5806 = VERTEX_POINT('',#5807);
#5807 = CARTESIAN_POINT('',(48.,-39.33,9.1));
#5808 = SURFACE_CURVE('',#5809,(#5813,#5819),.PCURVE_S1.);
#5809 = LINE('',#5810,#5811);
#5810 = CARTESIAN_POINT('',(38.235230946401,-39.33,9.1));
#5811 = VECTOR('',#5812,1.);
#5812 = DIRECTION('',(-1.,0.,0.));
#5813 = PCURVE('',#5717,#5814);
#5814 = DEFINITIONAL_REPRESENTATION('',(#5815),#5818);
#5815 = B_SPLINE_CURVE_WITH_KNOTS('',1,(#5816,#5817),.UNSPECIFIED.,.F.,
  .F.,(2,2),(-11.76476905359,-9.764769053599),.PIECEWISE_BEZIER_KNOTS.);
#5816 = CARTESIAN_POINT('',(21.529538107197,-0.21));
#5817 = CARTESIAN_POINT('',(19.529538107197,-0.21));
#5818 = ( GEOMETRIC_REPRESENTATION_CONTEXT(2) 
PARAMETRIC_REPRESENTATION_CONTEXT() REPRESENTATION_CONTEXT('2D SPACE',''
  ) );
#5819 = PCURVE('',#5820,#5825);
#5820 = PLANE('',#5821);
#5821 = AXIS2_PLACEMENT_3D('',#5822,#5823,#5824);
#5822 = CARTESIAN_POINT('',(48.,-46.55,9.1));
#5823 = DIRECTION('',(0.,0.,1.));
#5824 = DIRECTION('',(1.,0.,0.));
#5825 = DEFINITIONAL_REPRESENTATION('',(#5826),#5829);
#5826 = B_SPLINE_CURVE_WITH_KNOTS('',1,(#5827,#5828),.UNSPECIFIED.,.F.,
  .F.,(2,2),(-11.76476905359,-9.764769053599),.PIECEWISE_BEZIER_KNOTS.);
#5827 = CARTESIAN_POINT('',(2.,7.22));
#5828 = CARTESIAN_POINT('',(0.,7.22));
#5829 = ( GEOMETRIC_REPRESENTATION_CONTEXT(2) 
PARAMETRIC_REPRESENTATION_CONTEXT() REPRESENTATION_CONTEXT('2D SPACE',''
  ) );
#5830 = ORIENTED_EDGE('',*,*,#5831,.F.);
#5831 = EDGE_CURVE('',#5832,#5806,#5834,.T.);
#5832 = VERTEX_POINT('',#5833);
#5833 = CARTESIAN_POINT('',(48.,-39.33,8.9));
#5834 = SURFACE_CURVE('',#5835,(#5839,#5845),.PCURVE_S1.);
#5835 = LINE('',#5836,#5837);
#5836 = CARTESIAN_POINT('',(48.,-39.33,8.72));
#5837 = VECTOR('',#5838,1.);
#5838 = DIRECTION('',(0.,0.,1.));
#5839 = PCURVE('',#5717,#5840);
#5840 = DEFINITIONAL_REPRESENTATION('',(#5841),#5844);
#5841 = B_SPLINE_CURVE_WITH_KNOTS('',1,(#5842,#5843),.UNSPECIFIED.,.F.,
  .F.,(2,2),(0.18,0.38),.PIECEWISE_BEZIER_KNOTS.);
#5842 = CARTESIAN_POINT('',(19.529538107197,-1.E-02));
#5843 = CARTESIAN_POINT('',(19.529538107197,-0.21));
#5844 = ( GEOMETRIC_REPRESENTATION_CONTEXT(2) 
PARAMETRIC_REPRESENTATION_CONTEXT() REPRESENTATION_CONTEXT('2D SPACE',''
  ) );
#5845 = PCURVE('',#3339,#5846);
#5846 = DEFINITIONAL_REPRESENTATION('',(#5847),#5851);
#5847 = LINE('',#5848,#5849);
#5848 = CARTESIAN_POINT('',(7.72,-7.62));
#5849 = VECTOR('',#5850,1.);
#5850 = DIRECTION('',(1.,0.));
#5851 = ( GEOMETRIC_REPRESENTATION_CONTEXT(2) 
PARAMETRIC_REPRESENTATION_CONTEXT() REPRESENTATION_CONTEXT('2D SPACE',''
  ) );
#5852 = ORIENTED_EDGE('',*,*,#5853,.T.);
#5853 = EDGE_CURVE('',#5832,#5854,#5856,.T.);
#5854 = VERTEX_POINT('',#5855);
#5855 = CARTESIAN_POINT('',(35.,-39.33,8.9));
#5856 = SURFACE_CURVE('',#5857,(#5861,#5867),.PCURVE_S1.);
#5857 = LINE('',#5858,#5859);
#5858 = CARTESIAN_POINT('',(35.103334081632,-39.33,8.9));
#5859 = VECTOR('',#5860,1.);
#5860 = DIRECTION('',(-1.,0.,0.));
#5861 = PCURVE('',#5717,#5862);
#5862 = DEFINITIONAL_REPRESENTATION('',(#5863),#5866);
#5863 = B_SPLINE_CURVE_WITH_KNOTS('',1,(#5864,#5865),.UNSPECIFIED.,.F.,
  .F.,(2,2),(-28.76406975961,6.632872188829),.PIECEWISE_BEZIER_KNOTS.);
#5864 = CARTESIAN_POINT('',(35.396941948446,-1.E-02));
#5865 = CARTESIAN_POINT('',(0.,-1.E-02));
#5866 = ( GEOMETRIC_REPRESENTATION_CONTEXT(2) 
PARAMETRIC_REPRESENTATION_CONTEXT() REPRESENTATION_CONTEXT('2D SPACE',''
  ) );
#5867 = PCURVE('',#4697,#5868);
#5868 = DEFINITIONAL_REPRESENTATION('',(#5869),#5872);
#5869 = B_SPLINE_CURVE_WITH_KNOTS('',1,(#5870,#5871),.UNSPECIFIED.,.F.,
  .F.,(2,2),(-28.76406975961,6.632872188829),.PIECEWISE_BEZIER_KNOTS.);
#5870 = CARTESIAN_POINT('',(22.131197570787,-9.305719495335));
#5871 = CARTESIAN_POINT('',(-13.26574437765,-9.305719495335));
#5872 = ( GEOMETRIC_REPRESENTATION_CONTEXT(2) 
PARAMETRIC_REPRESENTATION_CONTEXT() REPRESENTATION_CONTEXT('2D SPACE',''
  ) );
#5873 = ORIENTED_EDGE('',*,*,#5874,.T.);
#5874 = EDGE_CURVE('',#5854,#5875,#5877,.T.);
#5875 = VERTEX_POINT('',#5876);
#5876 = CARTESIAN_POINT('',(35.,-39.33,9.1));
#5877 = SURFACE_CURVE('',#5878,(#5882,#5888),.PCURVE_S1.);
#5878 = LINE('',#5879,#5880);
#5879 = CARTESIAN_POINT('',(35.,-39.33,8.72));
#5880 = VECTOR('',#5881,1.);
#5881 = DIRECTION('',(0.,0.,1.));
#5882 = PCURVE('',#5717,#5883);
#5883 = DEFINITIONAL_REPRESENTATION('',(#5884),#5887);
#5884 = B_SPLINE_CURVE_WITH_KNOTS('',1,(#5885,#5886),.UNSPECIFIED.,.F.,
  .F.,(2,2),(0.18,0.38),.PIECEWISE_BEZIER_KNOTS.);
#5885 = CARTESIAN_POINT('',(6.529538107197,-1.E-02));
#5886 = CARTESIAN_POINT('',(6.529538107197,-0.21));
#5887 = ( GEOMETRIC_REPRESENTATION_CONTEXT(2) 
PARAMETRIC_REPRESENTATION_CONTEXT() REPRESENTATION_CONTEXT('2D SPACE',''
  ) );
#5888 = PCURVE('',#3282,#5889);
#5889 = DEFINITIONAL_REPRESENTATION('',(#5890),#5894);
#5890 = LINE('',#5891,#5892);
#5891 = CARTESIAN_POINT('',(7.72,-7.62));
#5892 = VECTOR('',#5893,1.);
#5893 = DIRECTION('',(1.,0.));
#5894 = ( GEOMETRIC_REPRESENTATION_CONTEXT(2) 
PARAMETRIC_REPRESENTATION_CONTEXT() REPRESENTATION_CONTEXT('2D SPACE',''
  ) );
#5895 = ORIENTED_EDGE('',*,*,#5896,.T.);
#5896 = EDGE_CURVE('',#5875,#5897,#5899,.T.);
#5897 = VERTEX_POINT('',#5898);
#5898 = CARTESIAN_POINT('',(33.,-39.33,9.1));
#5899 = SURFACE_CURVE('',#5900,(#5904,#5910),.PCURVE_S1.);
#5900 = LINE('',#5901,#5902);
#5901 = CARTESIAN_POINT('',(30.735230946401,-39.33,9.1));
#5902 = VECTOR('',#5903,1.);
#5903 = DIRECTION('',(-1.,0.,0.));
#5904 = PCURVE('',#5717,#5905);
#5905 = DEFINITIONAL_REPRESENTATION('',(#5906),#5909);
#5906 = B_SPLINE_CURVE_WITH_KNOTS('',1,(#5907,#5908),.UNSPECIFIED.,.F.,
  .F.,(2,2),(-4.264769053599,-2.264769053599),.PIECEWISE_BEZIER_KNOTS.);
#5907 = CARTESIAN_POINT('',(6.529538107197,-0.21));
#5908 = CARTESIAN_POINT('',(4.529538107197,-0.21));
#5909 = ( GEOMETRIC_REPRESENTATION_CONTEXT(2) 
PARAMETRIC_REPRESENTATION_CONTEXT() REPRESENTATION_CONTEXT('2D SPACE',''
  ) );
#5910 = PCURVE('',#5911,#5916);
#5911 = PLANE('',#5912);
#5912 = AXIS2_PLACEMENT_3D('',#5913,#5914,#5915);
#5913 = CARTESIAN_POINT('',(33.,-46.55,9.1));
#5914 = DIRECTION('',(0.,0.,1.));
#5915 = DIRECTION('',(1.,0.,0.));
#5916 = DEFINITIONAL_REPRESENTATION('',(#5917),#5920);
#5917 = B_SPLINE_CURVE_WITH_KNOTS('',1,(#5918,#5919),.UNSPECIFIED.,.F.,
  .F.,(2,2),(-4.264769053599,-2.264769053599),.PIECEWISE_BEZIER_KNOTS.);
#5918 = CARTESIAN_POINT('',(2.,7.22));
#5919 = CARTESIAN_POINT('',(0.,7.22));
#5920 = ( GEOMETRIC_REPRESENTATION_CONTEXT(2) 
PARAMETRIC_REPRESENTATION_CONTEXT() REPRESENTATION_CONTEXT('2D SPACE',''
  ) );
#5921 = ORIENTED_EDGE('',*,*,#5922,.F.);
#5922 = EDGE_CURVE('',#5923,#5897,#5925,.T.);
#5923 = VERTEX_POINT('',#5924);
#5924 = CARTESIAN_POINT('',(33.,-39.33,8.9));
#5925 = SURFACE_CURVE('',#5926,(#5930,#5936),.PCURVE_S1.);
#5926 = LINE('',#5927,#5928);
#5927 = CARTESIAN_POINT('',(33.,-39.33,8.72));
#5928 = VECTOR('',#5929,1.);
#5929 = DIRECTION('',(0.,0.,1.));
#5930 = PCURVE('',#5717,#5931);
#5931 = DEFINITIONAL_REPRESENTATION('',(#5932),#5935);
#5932 = B_SPLINE_CURVE_WITH_KNOTS('',1,(#5933,#5934),.UNSPECIFIED.,.F.,
  .F.,(2,2),(0.18,0.38),.PIECEWISE_BEZIER_KNOTS.);
#5933 = CARTESIAN_POINT('',(4.529538107197,-1.E-02));
#5934 = CARTESIAN_POINT('',(4.529538107197,-0.21));
#5935 = ( GEOMETRIC_REPRESENTATION_CONTEXT(2) 
PARAMETRIC_REPRESENTATION_CONTEXT() REPRESENTATION_CONTEXT('2D SPACE',''
  ) );
#5936 = PCURVE('',#3231,#5937);
#5937 = DEFINITIONAL_REPRESENTATION('',(#5938),#5942);
#5938 = LINE('',#5939,#5940);
#5939 = CARTESIAN_POINT('',(7.72,-7.62));
#5940 = VECTOR('',#5941,1.);
#5941 = DIRECTION('',(1.,0.));
#5942 = ( GEOMETRIC_REPRESENTATION_CONTEXT(2) 
PARAMETRIC_REPRESENTATION_CONTEXT() REPRESENTATION_CONTEXT('2D SPACE',''
  ) );
#5943 = ORIENTED_EDGE('',*,*,#5944,.T.);
#5944 = EDGE_CURVE('',#5923,#5661,#5945,.T.);
#5945 = SURFACE_CURVE('',#5946,(#5950,#5956),.PCURVE_S1.);
#5946 = LINE('',#5947,#5948);
#5947 = CARTESIAN_POINT('',(35.103334081632,-39.33,8.9));
#5948 = VECTOR('',#5949,1.);
#5949 = DIRECTION('',(-1.,0.,0.));
#5950 = PCURVE('',#5717,#5951);
#5951 = DEFINITIONAL_REPRESENTATION('',(#5952),#5955);
#5952 = B_SPLINE_CURVE_WITH_KNOTS('',1,(#5953,#5954),.UNSPECIFIED.,.F.,
  .F.,(2,2),(-28.76406975961,6.632872188829),.PIECEWISE_BEZIER_KNOTS.);
#5953 = CARTESIAN_POINT('',(35.396941948446,-1.E-02));
#5954 = CARTESIAN_POINT('',(0.,-1.E-02));
#5955 = ( GEOMETRIC_REPRESENTATION_CONTEXT(2) 
PARAMETRIC_REPRESENTATION_CONTEXT() REPRESENTATION_CONTEXT('2D SPACE',''
  ) );
#5956 = PCURVE('',#4525,#5957);
#5957 = DEFINITIONAL_REPRESENTATION('',(#5958),#5961);
#5958 = B_SPLINE_CURVE_WITH_KNOTS('',1,(#5959,#5960),.UNSPECIFIED.,.F.,
  .F.,(2,2),(-28.76406975961,6.632872188829),.PIECEWISE_BEZIER_KNOTS.);
#5959 = CARTESIAN_POINT('',(22.131197570787,-9.305719495335));
#5960 = CARTESIAN_POINT('',(-13.26574437765,-9.305719495335));
#5961 = ( GEOMETRIC_REPRESENTATION_CONTEXT(2) 
PARAMETRIC_REPRESENTATION_CONTEXT() REPRESENTATION_CONTEXT('2D SPACE',''
  ) );
#5962 = ORIENTED_EDGE('',*,*,#5703,.T.);
#5963 = ORIENTED_EDGE('',*,*,#5964,.F.);
#5964 = EDGE_CURVE('',#5735,#5683,#5965,.T.);
#5965 = SURFACE_CURVE('',#5966,(#5970,#5976),.PCURVE_S1.);
#5966 = LINE('',#5967,#5968);
#5967 = CARTESIAN_POINT('',(35.103334081632,-39.33,10.25));
#5968 = VECTOR('',#5969,1.);
#5969 = DIRECTION('',(-1.,0.,0.));
#5970 = PCURVE('',#5717,#5971);
#5971 = DEFINITIONAL_REPRESENTATION('',(#5972),#5975);
#5972 = B_SPLINE_CURVE_WITH_KNOTS('',1,(#5973,#5974),.UNSPECIFIED.,.F.,
  .F.,(2,2),(-28.76406975961,6.632872188829),.PIECEWISE_BEZIER_KNOTS.);
#5973 = CARTESIAN_POINT('',(35.396941948446,-1.36));
#5974 = CARTESIAN_POINT('',(0.,-1.36));
#5975 = ( GEOMETRIC_REPRESENTATION_CONTEXT(2) 
PARAMETRIC_REPRESENTATION_CONTEXT() REPRESENTATION_CONTEXT('2D SPACE',''
  ) );
#5976 = PCURVE('',#3916,#5977);
#5977 = DEFINITIONAL_REPRESENTATION('',(#5978),#5981);
#5978 = B_SPLINE_CURVE_WITH_KNOTS('',1,(#5979,#5980),.UNSPECIFIED.,.F.,
  .F.,(2,2),(-28.76406975961,6.632872188829),.PIECEWISE_BEZIER_KNOTS.);
#5979 = CARTESIAN_POINT('',(22.131197570787,-9.305719495335));
#5980 = CARTESIAN_POINT('',(-13.26574437765,-9.305719495335));
#5981 = ( GEOMETRIC_REPRESENTATION_CONTEXT(2) 
PARAMETRIC_REPRESENTATION_CONTEXT() REPRESENTATION_CONTEXT('2D SPACE',''
  ) );
#5982 = ADVANCED_FACE('',(#5983),#5820,.T.);
#5983 = FACE_BOUND('',#5984,.T.);
#5984 = EDGE_LOOP('',(#5985,#6008,#6009,#6032));
#5985 = ORIENTED_EDGE('',*,*,#5986,.F.);
#5986 = EDGE_CURVE('',#5806,#5987,#5989,.T.);
#5987 = VERTEX_POINT('',#5988);
#5988 = CARTESIAN_POINT('',(48.,-38.68,9.1));
#5989 = SURFACE_CURVE('',#5990,(#5994,#6001),.PCURVE_S1.);
#5990 = LINE('',#5991,#5992);
#5991 = CARTESIAN_POINT('',(48.,-46.55,9.1));
#5992 = VECTOR('',#5993,1.);
#5993 = DIRECTION('',(0.,1.,0.));
#5994 = PCURVE('',#5820,#5995);
#5995 = DEFINITIONAL_REPRESENTATION('',(#5996),#6000);
#5996 = LINE('',#5997,#5998);
#5997 = CARTESIAN_POINT('',(0.,0.));
#5998 = VECTOR('',#5999,1.);
#5999 = DIRECTION('',(0.,1.));
#6000 = ( GEOMETRIC_REPRESENTATION_CONTEXT(2) 
PARAMETRIC_REPRESENTATION_CONTEXT() REPRESENTATION_CONTEXT('2D SPACE',''
  ) );
#6001 = PCURVE('',#3339,#6002);
#6002 = DEFINITIONAL_REPRESENTATION('',(#6003),#6007);
#6003 = LINE('',#6004,#6005);
#6004 = CARTESIAN_POINT('',(8.1,-0.4));
#6005 = VECTOR('',#6006,1.);
#6006 = DIRECTION('',(0.,-1.));
#6007 = ( GEOMETRIC_REPRESENTATION_CONTEXT(2) 
PARAMETRIC_REPRESENTATION_CONTEXT() REPRESENTATION_CONTEXT('2D SPACE',''
  ) );
#6008 = ORIENTED_EDGE('',*,*,#5805,.F.);
#6009 = ORIENTED_EDGE('',*,*,#6010,.T.);
#6010 = EDGE_CURVE('',#5784,#6011,#6013,.T.);
#6011 = VERTEX_POINT('',#6012);
#6012 = CARTESIAN_POINT('',(50.,-38.68,9.1));
#6013 = SURFACE_CURVE('',#6014,(#6018,#6025),.PCURVE_S1.);
#6014 = LINE('',#6015,#6016);
#6015 = CARTESIAN_POINT('',(50.,-46.55,9.1));
#6016 = VECTOR('',#6017,1.);
#6017 = DIRECTION('',(0.,1.,0.));
#6018 = PCURVE('',#5820,#6019);
#6019 = DEFINITIONAL_REPRESENTATION('',(#6020),#6024);
#6020 = LINE('',#6021,#6022);
#6021 = CARTESIAN_POINT('',(2.,0.));
#6022 = VECTOR('',#6023,1.);
#6023 = DIRECTION('',(0.,1.));
#6024 = ( GEOMETRIC_REPRESENTATION_CONTEXT(2) 
PARAMETRIC_REPRESENTATION_CONTEXT() REPRESENTATION_CONTEXT('2D SPACE',''
  ) );
#6025 = PCURVE('',#3390,#6026);
#6026 = DEFINITIONAL_REPRESENTATION('',(#6027),#6031);
#6027 = LINE('',#6028,#6029);
#6028 = CARTESIAN_POINT('',(8.1,-0.4));
#6029 = VECTOR('',#6030,1.);
#6030 = DIRECTION('',(0.,-1.));
#6031 = ( GEOMETRIC_REPRESENTATION_CONTEXT(2) 
PARAMETRIC_REPRESENTATION_CONTEXT() REPRESENTATION_CONTEXT('2D SPACE',''
  ) );
#6032 = ORIENTED_EDGE('',*,*,#6033,.F.);
#6033 = EDGE_CURVE('',#5987,#6011,#6034,.T.);
#6034 = SURFACE_CURVE('',#6035,(#6039,#6046),.PCURVE_S1.);
#6035 = LINE('',#6036,#6037);
#6036 = CARTESIAN_POINT('',(48.,-38.68,9.1));
#6037 = VECTOR('',#6038,1.);
#6038 = DIRECTION('',(1.,0.,0.));
#6039 = PCURVE('',#5820,#6040);
#6040 = DEFINITIONAL_REPRESENTATION('',(#6041),#6045);
#6041 = LINE('',#6042,#6043);
#6042 = CARTESIAN_POINT('',(0.,7.87));
#6043 = VECTOR('',#6044,1.);
#6044 = DIRECTION('',(1.,0.));
#6045 = ( GEOMETRIC_REPRESENTATION_CONTEXT(2) 
PARAMETRIC_REPRESENTATION_CONTEXT() REPRESENTATION_CONTEXT('2D SPACE',''
  ) );
#6046 = PCURVE('',#6047,#6052);
#6047 = PLANE('',#6048);
#6048 = AXIS2_PLACEMENT_3D('',#6049,#6050,#6051);
#6049 = CARTESIAN_POINT('',(48.,-38.68,8.55));
#6050 = DIRECTION('',(0.,1.,0.));
#6051 = DIRECTION('',(0.,0.,1.));
#6052 = DEFINITIONAL_REPRESENTATION('',(#6053),#6057);
#6053 = LINE('',#6054,#6055);
#6054 = CARTESIAN_POINT('',(0.55,0.));
#6055 = VECTOR('',#6056,1.);
#6056 = DIRECTION('',(0.,1.));
#6057 = ( GEOMETRIC_REPRESENTATION_CONTEXT(2) 
PARAMETRIC_REPRESENTATION_CONTEXT() REPRESENTATION_CONTEXT('2D SPACE',''
  ) );
#6058 = ADVANCED_FACE('',(#6059),#6047,.T.);
#6059 = FACE_BOUND('',#6060,.T.);
#6060 = EDGE_LOOP('',(#6061,#6091,#6112,#6113));
#6061 = ORIENTED_EDGE('',*,*,#6062,.F.);
#6062 = EDGE_CURVE('',#6063,#6065,#6067,.T.);
#6063 = VERTEX_POINT('',#6064);
#6064 = CARTESIAN_POINT('',(48.,-38.68,8.55));
#6065 = VERTEX_POINT('',#6066);
#6066 = CARTESIAN_POINT('',(50.,-38.68,8.55));
#6067 = SURFACE_CURVE('',#6068,(#6072,#6079),.PCURVE_S1.);
#6068 = LINE('',#6069,#6070);
#6069 = CARTESIAN_POINT('',(48.,-38.68,8.55));
#6070 = VECTOR('',#6071,1.);
#6071 = DIRECTION('',(1.,0.,0.));
#6072 = PCURVE('',#6047,#6073);
#6073 = DEFINITIONAL_REPRESENTATION('',(#6074),#6078);
#6074 = LINE('',#6075,#6076);
#6075 = CARTESIAN_POINT('',(0.,0.));
#6076 = VECTOR('',#6077,1.);
#6077 = DIRECTION('',(0.,1.));
#6078 = ( GEOMETRIC_REPRESENTATION_CONTEXT(2) 
PARAMETRIC_REPRESENTATION_CONTEXT() REPRESENTATION_CONTEXT('2D SPACE',''
  ) );
#6079 = PCURVE('',#6080,#6085);
#6080 = PLANE('',#6081);
#6081 = AXIS2_PLACEMENT_3D('',#6082,#6083,#6084);
#6082 = CARTESIAN_POINT('',(48.,-46.55,8.55));
#6083 = DIRECTION('',(0.,0.,1.));
#6084 = DIRECTION('',(1.,0.,0.));
#6085 = DEFINITIONAL_REPRESENTATION('',(#6086),#6090);
#6086 = LINE('',#6087,#6088);
#6087 = CARTESIAN_POINT('',(0.,7.87));
#6088 = VECTOR('',#6089,1.);
#6089 = DIRECTION('',(1.,0.));
#6090 = ( GEOMETRIC_REPRESENTATION_CONTEXT(2) 
PARAMETRIC_REPRESENTATION_CONTEXT() REPRESENTATION_CONTEXT('2D SPACE',''
  ) );
#6091 = ORIENTED_EDGE('',*,*,#6092,.T.);
#6092 = EDGE_CURVE('',#6063,#5987,#6093,.T.);
#6093 = SURFACE_CURVE('',#6094,(#6098,#6105),.PCURVE_S1.);
#6094 = LINE('',#6095,#6096);
#6095 = CARTESIAN_POINT('',(48.,-38.68,8.55));
#6096 = VECTOR('',#6097,1.);
#6097 = DIRECTION('',(0.,0.,1.));
#6098 = PCURVE('',#6047,#6099);
#6099 = DEFINITIONAL_REPRESENTATION('',(#6100),#6104);
#6100 = LINE('',#6101,#6102);
#6101 = CARTESIAN_POINT('',(0.,0.));
#6102 = VECTOR('',#6103,1.);
#6103 = DIRECTION('',(1.,0.));
#6104 = ( GEOMETRIC_REPRESENTATION_CONTEXT(2) 
PARAMETRIC_REPRESENTATION_CONTEXT() REPRESENTATION_CONTEXT('2D SPACE',''
  ) );
#6105 = PCURVE('',#3339,#6106);
#6106 = DEFINITIONAL_REPRESENTATION('',(#6107),#6111);
#6107 = LINE('',#6108,#6109);
#6108 = CARTESIAN_POINT('',(7.55,-8.27));
#6109 = VECTOR('',#6110,1.);
#6110 = DIRECTION('',(1.,0.));
#6111 = ( GEOMETRIC_REPRESENTATION_CONTEXT(2) 
PARAMETRIC_REPRESENTATION_CONTEXT() REPRESENTATION_CONTEXT('2D SPACE',''
  ) );
#6112 = ORIENTED_EDGE('',*,*,#6033,.T.);
#6113 = ORIENTED_EDGE('',*,*,#6114,.F.);
#6114 = EDGE_CURVE('',#6065,#6011,#6115,.T.);
#6115 = SURFACE_CURVE('',#6116,(#6120,#6127),.PCURVE_S1.);
#6116 = LINE('',#6117,#6118);
#6117 = CARTESIAN_POINT('',(50.,-38.68,8.55));
#6118 = VECTOR('',#6119,1.);
#6119 = DIRECTION('',(0.,0.,1.));
#6120 = PCURVE('',#6047,#6121);
#6121 = DEFINITIONAL_REPRESENTATION('',(#6122),#6126);
#6122 = LINE('',#6123,#6124);
#6123 = CARTESIAN_POINT('',(0.,2.));
#6124 = VECTOR('',#6125,1.);
#6125 = DIRECTION('',(1.,0.));
#6126 = ( GEOMETRIC_REPRESENTATION_CONTEXT(2) 
PARAMETRIC_REPRESENTATION_CONTEXT() REPRESENTATION_CONTEXT('2D SPACE',''
  ) );
#6127 = PCURVE('',#3390,#6128);
#6128 = DEFINITIONAL_REPRESENTATION('',(#6129),#6133);
#6129 = LINE('',#6130,#6131);
#6130 = CARTESIAN_POINT('',(7.55,-8.27));
#6131 = VECTOR('',#6132,1.);
#6132 = DIRECTION('',(1.,0.));
#6133 = ( GEOMETRIC_REPRESENTATION_CONTEXT(2) 
PARAMETRIC_REPRESENTATION_CONTEXT() REPRESENTATION_CONTEXT('2D SPACE',''
  ) );
#6134 = ADVANCED_FACE('',(#6135),#6080,.F.);
#6135 = FACE_BOUND('',#6136,.F.);
#6136 = EDGE_LOOP('',(#6137,#6160,#6181,#6202));
#6137 = ORIENTED_EDGE('',*,*,#6138,.F.);
#6138 = EDGE_CURVE('',#6139,#6063,#6141,.T.);
#6139 = VERTEX_POINT('',#6140);
#6140 = CARTESIAN_POINT('',(48.,-45.55,8.55));
#6141 = SURFACE_CURVE('',#6142,(#6146,#6153),.PCURVE_S1.);
#6142 = LINE('',#6143,#6144);
#6143 = CARTESIAN_POINT('',(48.,-46.55,8.55));
#6144 = VECTOR('',#6145,1.);
#6145 = DIRECTION('',(0.,1.,0.));
#6146 = PCURVE('',#6080,#6147);
#6147 = DEFINITIONAL_REPRESENTATION('',(#6148),#6152);
#6148 = LINE('',#6149,#6150);
#6149 = CARTESIAN_POINT('',(0.,0.));
#6150 = VECTOR('',#6151,1.);
#6151 = DIRECTION('',(0.,1.));
#6152 = ( GEOMETRIC_REPRESENTATION_CONTEXT(2) 
PARAMETRIC_REPRESENTATION_CONTEXT() REPRESENTATION_CONTEXT('2D SPACE',''
  ) );
#6153 = PCURVE('',#3339,#6154);
#6154 = DEFINITIONAL_REPRESENTATION('',(#6155),#6159);
#6155 = LINE('',#6156,#6157);
#6156 = CARTESIAN_POINT('',(7.55,-0.4));
#6157 = VECTOR('',#6158,1.);
#6158 = DIRECTION('',(0.,-1.));
#6159 = ( GEOMETRIC_REPRESENTATION_CONTEXT(2) 
PARAMETRIC_REPRESENTATION_CONTEXT() REPRESENTATION_CONTEXT('2D SPACE',''
  ) );
#6160 = ORIENTED_EDGE('',*,*,#6161,.T.);
#6161 = EDGE_CURVE('',#6139,#6162,#6164,.T.);
#6162 = VERTEX_POINT('',#6163);
#6163 = CARTESIAN_POINT('',(50.,-45.55,8.55));
#6164 = SURFACE_CURVE('',#6165,(#6169,#6175),.PCURVE_S1.);
#6165 = LINE('',#6166,#6167);
#6166 = CARTESIAN_POINT('',(48.,-45.55,8.55));
#6167 = VECTOR('',#6168,1.);
#6168 = DIRECTION('',(1.,0.,0.));
#6169 = PCURVE('',#6080,#6170);
#6170 = DEFINITIONAL_REPRESENTATION('',(#6171),#6174);
#6171 = B_SPLINE_CURVE_WITH_KNOTS('',1,(#6172,#6173),.UNSPECIFIED.,.F.,
  .F.,(2,2),(0.,2.),.PIECEWISE_BEZIER_KNOTS.);
#6172 = CARTESIAN_POINT('',(0.,1.));
#6173 = CARTESIAN_POINT('',(2.,1.));
#6174 = ( GEOMETRIC_REPRESENTATION_CONTEXT(2) 
PARAMETRIC_REPRESENTATION_CONTEXT() REPRESENTATION_CONTEXT('2D SPACE',''
  ) );
#6175 = PCURVE('',#3366,#6176);
#6176 = DEFINITIONAL_REPRESENTATION('',(#6177),#6180);
#6177 = B_SPLINE_CURVE_WITH_KNOTS('',1,(#6178,#6179),.UNSPECIFIED.,.F.,
  .F.,(2,2),(0.,2.),.PIECEWISE_BEZIER_KNOTS.);
#6178 = CARTESIAN_POINT('',(7.55,0.));
#6179 = CARTESIAN_POINT('',(7.55,2.));
#6180 = ( GEOMETRIC_REPRESENTATION_CONTEXT(2) 
PARAMETRIC_REPRESENTATION_CONTEXT() REPRESENTATION_CONTEXT('2D SPACE',''
  ) );
#6181 = ORIENTED_EDGE('',*,*,#6182,.T.);
#6182 = EDGE_CURVE('',#6162,#6065,#6183,.T.);
#6183 = SURFACE_CURVE('',#6184,(#6188,#6195),.PCURVE_S1.);
#6184 = LINE('',#6185,#6186);
#6185 = CARTESIAN_POINT('',(50.,-46.55,8.55));
#6186 = VECTOR('',#6187,1.);
#6187 = DIRECTION('',(0.,1.,0.));
#6188 = PCURVE('',#6080,#6189);
#6189 = DEFINITIONAL_REPRESENTATION('',(#6190),#6194);
#6190 = LINE('',#6191,#6192);
#6191 = CARTESIAN_POINT('',(2.,0.));
#6192 = VECTOR('',#6193,1.);
#6193 = DIRECTION('',(0.,1.));
#6194 = ( GEOMETRIC_REPRESENTATION_CONTEXT(2) 
PARAMETRIC_REPRESENTATION_CONTEXT() REPRESENTATION_CONTEXT('2D SPACE',''
  ) );
#6195 = PCURVE('',#3390,#6196);
#6196 = DEFINITIONAL_REPRESENTATION('',(#6197),#6201);
#6197 = LINE('',#6198,#6199);
#6198 = CARTESIAN_POINT('',(7.55,-0.4));
#6199 = VECTOR('',#6200,1.);
#6200 = DIRECTION('',(0.,-1.));
#6201 = ( GEOMETRIC_REPRESENTATION_CONTEXT(2) 
PARAMETRIC_REPRESENTATION_CONTEXT() REPRESENTATION_CONTEXT('2D SPACE',''
  ) );
#6202 = ORIENTED_EDGE('',*,*,#6062,.F.);
#6203 = ADVANCED_FACE('',(#6204),#5911,.T.);
#6204 = FACE_BOUND('',#6205,.T.);
#6205 = EDGE_LOOP('',(#6206,#6229,#6230,#6253));
#6206 = ORIENTED_EDGE('',*,*,#6207,.F.);
#6207 = EDGE_CURVE('',#5897,#6208,#6210,.T.);
#6208 = VERTEX_POINT('',#6209);
#6209 = CARTESIAN_POINT('',(33.,-38.68,9.1));
#6210 = SURFACE_CURVE('',#6211,(#6215,#6222),.PCURVE_S1.);
#6211 = LINE('',#6212,#6213);
#6212 = CARTESIAN_POINT('',(33.,-46.55,9.1));
#6213 = VECTOR('',#6214,1.);
#6214 = DIRECTION('',(0.,1.,0.));
#6215 = PCURVE('',#5911,#6216);
#6216 = DEFINITIONAL_REPRESENTATION('',(#6217),#6221);
#6217 = LINE('',#6218,#6219);
#6218 = CARTESIAN_POINT('',(0.,0.));
#6219 = VECTOR('',#6220,1.);
#6220 = DIRECTION('',(0.,1.));
#6221 = ( GEOMETRIC_REPRESENTATION_CONTEXT(2) 
PARAMETRIC_REPRESENTATION_CONTEXT() REPRESENTATION_CONTEXT('2D SPACE',''
  ) );
#6222 = PCURVE('',#3231,#6223);
#6223 = DEFINITIONAL_REPRESENTATION('',(#6224),#6228);
#6224 = LINE('',#6225,#6226);
#6225 = CARTESIAN_POINT('',(8.1,-0.4));
#6226 = VECTOR('',#6227,1.);
#6227 = DIRECTION('',(0.,-1.));
#6228 = ( GEOMETRIC_REPRESENTATION_CONTEXT(2) 
PARAMETRIC_REPRESENTATION_CONTEXT() REPRESENTATION_CONTEXT('2D SPACE',''
  ) );
#6229 = ORIENTED_EDGE('',*,*,#5896,.F.);
#6230 = ORIENTED_EDGE('',*,*,#6231,.T.);
#6231 = EDGE_CURVE('',#5875,#6232,#6234,.T.);
#6232 = VERTEX_POINT('',#6233);
#6233 = CARTESIAN_POINT('',(35.,-38.68,9.1));
#6234 = SURFACE_CURVE('',#6235,(#6239,#6246),.PCURVE_S1.);
#6235 = LINE('',#6236,#6237);
#6236 = CARTESIAN_POINT('',(35.,-46.55,9.1));
#6237 = VECTOR('',#6238,1.);
#6238 = DIRECTION('',(0.,1.,0.));
#6239 = PCURVE('',#5911,#6240);
#6240 = DEFINITIONAL_REPRESENTATION('',(#6241),#6245);
#6241 = LINE('',#6242,#6243);
#6242 = CARTESIAN_POINT('',(2.,0.));
#6243 = VECTOR('',#6244,1.);
#6244 = DIRECTION('',(0.,1.));
#6245 = ( GEOMETRIC_REPRESENTATION_CONTEXT(2) 
PARAMETRIC_REPRESENTATION_CONTEXT() REPRESENTATION_CONTEXT('2D SPACE',''
  ) );
#6246 = PCURVE('',#3282,#6247);
#6247 = DEFINITIONAL_REPRESENTATION('',(#6248),#6252);
#6248 = LINE('',#6249,#6250);
#6249 = CARTESIAN_POINT('',(8.1,-0.4));
#6250 = VECTOR('',#6251,1.);
#6251 = DIRECTION('',(0.,-1.));
#6252 = ( GEOMETRIC_REPRESENTATION_CONTEXT(2) 
PARAMETRIC_REPRESENTATION_CONTEXT() REPRESENTATION_CONTEXT('2D SPACE',''
  ) );
#6253 = ORIENTED_EDGE('',*,*,#6254,.F.);
#6254 = EDGE_CURVE('',#6208,#6232,#6255,.T.);
#6255 = SURFACE_CURVE('',#6256,(#6260,#6267),.PCURVE_S1.);
#6256 = LINE('',#6257,#6258);
#6257 = CARTESIAN_POINT('',(33.,-38.68,9.1));
#6258 = VECTOR('',#6259,1.);
#6259 = DIRECTION('',(1.,0.,0.));
#6260 = PCURVE('',#5911,#6261);
#6261 = DEFINITIONAL_REPRESENTATION('',(#6262),#6266);
#6262 = LINE('',#6263,#6264);
#6263 = CARTESIAN_POINT('',(0.,7.87));
#6264 = VECTOR('',#6265,1.);
#6265 = DIRECTION('',(1.,0.));
#6266 = ( GEOMETRIC_REPRESENTATION_CONTEXT(2) 
PARAMETRIC_REPRESENTATION_CONTEXT() REPRESENTATION_CONTEXT('2D SPACE',''
  ) );
#6267 = PCURVE('',#6268,#6273);
#6268 = PLANE('',#6269);
#6269 = AXIS2_PLACEMENT_3D('',#6270,#6271,#6272);
#6270 = CARTESIAN_POINT('',(33.,-38.68,8.55));
#6271 = DIRECTION('',(0.,1.,0.));
#6272 = DIRECTION('',(0.,0.,1.));
#6273 = DEFINITIONAL_REPRESENTATION('',(#6274),#6278);
#6274 = LINE('',#6275,#6276);
#6275 = CARTESIAN_POINT('',(0.55,0.));
#6276 = VECTOR('',#6277,1.);
#6277 = DIRECTION('',(0.,1.));
#6278 = ( GEOMETRIC_REPRESENTATION_CONTEXT(2) 
PARAMETRIC_REPRESENTATION_CONTEXT() REPRESENTATION_CONTEXT('2D SPACE',''
  ) );
#6279 = ADVANCED_FACE('',(#6280),#6268,.T.);
#6280 = FACE_BOUND('',#6281,.T.);
#6281 = EDGE_LOOP('',(#6282,#6312,#6333,#6334));
#6282 = ORIENTED_EDGE('',*,*,#6283,.F.);
#6283 = EDGE_CURVE('',#6284,#6286,#6288,.T.);
#6284 = VERTEX_POINT('',#6285);
#6285 = CARTESIAN_POINT('',(33.,-38.68,8.55));
#6286 = VERTEX_POINT('',#6287);
#6287 = CARTESIAN_POINT('',(35.,-38.68,8.55));
#6288 = SURFACE_CURVE('',#6289,(#6293,#6300),.PCURVE_S1.);
#6289 = LINE('',#6290,#6291);
#6290 = CARTESIAN_POINT('',(33.,-38.68,8.55));
#6291 = VECTOR('',#6292,1.);
#6292 = DIRECTION('',(1.,0.,0.));
#6293 = PCURVE('',#6268,#6294);
#6294 = DEFINITIONAL_REPRESENTATION('',(#6295),#6299);
#6295 = LINE('',#6296,#6297);
#6296 = CARTESIAN_POINT('',(0.,0.));
#6297 = VECTOR('',#6298,1.);
#6298 = DIRECTION('',(0.,1.));
#6299 = ( GEOMETRIC_REPRESENTATION_CONTEXT(2) 
PARAMETRIC_REPRESENTATION_CONTEXT() REPRESENTATION_CONTEXT('2D SPACE',''
  ) );
#6300 = PCURVE('',#6301,#6306);
#6301 = PLANE('',#6302);
#6302 = AXIS2_PLACEMENT_3D('',#6303,#6304,#6305);
#6303 = CARTESIAN_POINT('',(33.,-46.55,8.55));
#6304 = DIRECTION('',(0.,0.,1.));
#6305 = DIRECTION('',(1.,0.,0.));
#6306 = DEFINITIONAL_REPRESENTATION('',(#6307),#6311);
#6307 = LINE('',#6308,#6309);
#6308 = CARTESIAN_POINT('',(0.,7.87));
#6309 = VECTOR('',#6310,1.);
#6310 = DIRECTION('',(1.,0.));
#6311 = ( GEOMETRIC_REPRESENTATION_CONTEXT(2) 
PARAMETRIC_REPRESENTATION_CONTEXT() REPRESENTATION_CONTEXT('2D SPACE',''
  ) );
#6312 = ORIENTED_EDGE('',*,*,#6313,.T.);
#6313 = EDGE_CURVE('',#6284,#6208,#6314,.T.);
#6314 = SURFACE_CURVE('',#6315,(#6319,#6326),.PCURVE_S1.);
#6315 = LINE('',#6316,#6317);
#6316 = CARTESIAN_POINT('',(33.,-38.68,8.55));
#6317 = VECTOR('',#6318,1.);
#6318 = DIRECTION('',(0.,0.,1.));
#6319 = PCURVE('',#6268,#6320);
#6320 = DEFINITIONAL_REPRESENTATION('',(#6321),#6325);
#6321 = LINE('',#6322,#6323);
#6322 = CARTESIAN_POINT('',(0.,0.));
#6323 = VECTOR('',#6324,1.);
#6324 = DIRECTION('',(1.,0.));
#6325 = ( GEOMETRIC_REPRESENTATION_CONTEXT(2) 
PARAMETRIC_REPRESENTATION_CONTEXT() REPRESENTATION_CONTEXT('2D SPACE',''
  ) );
#6326 = PCURVE('',#3231,#6327);
#6327 = DEFINITIONAL_REPRESENTATION('',(#6328),#6332);
#6328 = LINE('',#6329,#6330);
#6329 = CARTESIAN_POINT('',(7.55,-8.27));
#6330 = VECTOR('',#6331,1.);
#6331 = DIRECTION('',(1.,0.));
#6332 = ( GEOMETRIC_REPRESENTATION_CONTEXT(2) 
PARAMETRIC_REPRESENTATION_CONTEXT() REPRESENTATION_CONTEXT('2D SPACE',''
  ) );
#6333 = ORIENTED_EDGE('',*,*,#6254,.T.);
#6334 = ORIENTED_EDGE('',*,*,#6335,.F.);
#6335 = EDGE_CURVE('',#6286,#6232,#6336,.T.);
#6336 = SURFACE_CURVE('',#6337,(#6341,#6348),.PCURVE_S1.);
#6337 = LINE('',#6338,#6339);
#6338 = CARTESIAN_POINT('',(35.,-38.68,8.55));
#6339 = VECTOR('',#6340,1.);
#6340 = DIRECTION('',(0.,0.,1.));
#6341 = PCURVE('',#6268,#6342);
#6342 = DEFINITIONAL_REPRESENTATION('',(#6343),#6347);
#6343 = LINE('',#6344,#6345);
#6344 = CARTESIAN_POINT('',(0.,2.));
#6345 = VECTOR('',#6346,1.);
#6346 = DIRECTION('',(1.,0.));
#6347 = ( GEOMETRIC_REPRESENTATION_CONTEXT(2) 
PARAMETRIC_REPRESENTATION_CONTEXT() REPRESENTATION_CONTEXT('2D SPACE',''
  ) );
#6348 = PCURVE('',#3282,#6349);
#6349 = DEFINITIONAL_REPRESENTATION('',(#6350),#6354);
#6350 = LINE('',#6351,#6352);
#6351 = CARTESIAN_POINT('',(7.55,-8.27));
#6352 = VECTOR('',#6353,1.);
#6353 = DIRECTION('',(1.,0.));
#6354 = ( GEOMETRIC_REPRESENTATION_CONTEXT(2) 
PARAMETRIC_REPRESENTATION_CONTEXT() REPRESENTATION_CONTEXT('2D SPACE',''
  ) );
#6355 = ADVANCED_FACE('',(#6356),#6301,.F.);
#6356 = FACE_BOUND('',#6357,.F.);
#6357 = EDGE_LOOP('',(#6358,#6381,#6402,#6423));
#6358 = ORIENTED_EDGE('',*,*,#6359,.F.);
#6359 = EDGE_CURVE('',#6360,#6284,#6362,.T.);
#6360 = VERTEX_POINT('',#6361);
#6361 = CARTESIAN_POINT('',(33.,-45.55,8.55));
#6362 = SURFACE_CURVE('',#6363,(#6367,#6374),.PCURVE_S1.);
#6363 = LINE('',#6364,#6365);
#6364 = CARTESIAN_POINT('',(33.,-46.55,8.55));
#6365 = VECTOR('',#6366,1.);
#6366 = DIRECTION('',(0.,1.,0.));
#6367 = PCURVE('',#6301,#6368);
#6368 = DEFINITIONAL_REPRESENTATION('',(#6369),#6373);
#6369 = LINE('',#6370,#6371);
#6370 = CARTESIAN_POINT('',(0.,0.));
#6371 = VECTOR('',#6372,1.);
#6372 = DIRECTION('',(0.,1.));
#6373 = ( GEOMETRIC_REPRESENTATION_CONTEXT(2) 
PARAMETRIC_REPRESENTATION_CONTEXT() REPRESENTATION_CONTEXT('2D SPACE',''
  ) );
#6374 = PCURVE('',#3231,#6375);
#6375 = DEFINITIONAL_REPRESENTATION('',(#6376),#6380);
#6376 = LINE('',#6377,#6378);
#6377 = CARTESIAN_POINT('',(7.55,-0.4));
#6378 = VECTOR('',#6379,1.);
#6379 = DIRECTION('',(0.,-1.));
#6380 = ( GEOMETRIC_REPRESENTATION_CONTEXT(2) 
PARAMETRIC_REPRESENTATION_CONTEXT() REPRESENTATION_CONTEXT('2D SPACE',''
  ) );
#6381 = ORIENTED_EDGE('',*,*,#6382,.T.);
#6382 = EDGE_CURVE('',#6360,#6383,#6385,.T.);
#6383 = VERTEX_POINT('',#6384);
#6384 = CARTESIAN_POINT('',(35.,-45.55,8.55));
#6385 = SURFACE_CURVE('',#6386,(#6390,#6396),.PCURVE_S1.);
#6386 = LINE('',#6387,#6388);
#6387 = CARTESIAN_POINT('',(33.,-45.55,8.55));
#6388 = VECTOR('',#6389,1.);
#6389 = DIRECTION('',(1.,0.,0.));
#6390 = PCURVE('',#6301,#6391);
#6391 = DEFINITIONAL_REPRESENTATION('',(#6392),#6395);
#6392 = B_SPLINE_CURVE_WITH_KNOTS('',1,(#6393,#6394),.UNSPECIFIED.,.F.,
  .F.,(2,2),(0.,2.),.PIECEWISE_BEZIER_KNOTS.);
#6393 = CARTESIAN_POINT('',(0.,1.));
#6394 = CARTESIAN_POINT('',(2.,1.));
#6395 = ( GEOMETRIC_REPRESENTATION_CONTEXT(2) 
PARAMETRIC_REPRESENTATION_CONTEXT() REPRESENTATION_CONTEXT('2D SPACE',''
  ) );
#6396 = PCURVE('',#3258,#6397);
#6397 = DEFINITIONAL_REPRESENTATION('',(#6398),#6401);
#6398 = B_SPLINE_CURVE_WITH_KNOTS('',1,(#6399,#6400),.UNSPECIFIED.,.F.,
  .F.,(2,2),(0.,2.),.PIECEWISE_BEZIER_KNOTS.);
#6399 = CARTESIAN_POINT('',(7.55,0.));
#6400 = CARTESIAN_POINT('',(7.55,2.));
#6401 = ( GEOMETRIC_REPRESENTATION_CONTEXT(2) 
PARAMETRIC_REPRESENTATION_CONTEXT() REPRESENTATION_CONTEXT('2D SPACE',''
  ) );
#6402 = ORIENTED_EDGE('',*,*,#6403,.T.);
#6403 = EDGE_CURVE('',#6383,#6286,#6404,.T.);
#6404 = SURFACE_CURVE('',#6405,(#6409,#6416),.PCURVE_S1.);
#6405 = LINE('',#6406,#6407);
#6406 = CARTESIAN_POINT('',(35.,-46.55,8.55));
#6407 = VECTOR('',#6408,1.);
#6408 = DIRECTION('',(0.,1.,0.));
#6409 = PCURVE('',#6301,#6410);
#6410 = DEFINITIONAL_REPRESENTATION('',(#6411),#6415);
#6411 = LINE('',#6412,#6413);
#6412 = CARTESIAN_POINT('',(2.,0.));
#6413 = VECTOR('',#6414,1.);
#6414 = DIRECTION('',(0.,1.));
#6415 = ( GEOMETRIC_REPRESENTATION_CONTEXT(2) 
PARAMETRIC_REPRESENTATION_CONTEXT() REPRESENTATION_CONTEXT('2D SPACE',''
  ) );
#6416 = PCURVE('',#3282,#6417);
#6417 = DEFINITIONAL_REPRESENTATION('',(#6418),#6422);
#6418 = LINE('',#6419,#6420);
#6419 = CARTESIAN_POINT('',(7.55,-0.4));
#6420 = VECTOR('',#6421,1.);
#6421 = DIRECTION('',(0.,-1.));
#6422 = ( GEOMETRIC_REPRESENTATION_CONTEXT(2) 
PARAMETRIC_REPRESENTATION_CONTEXT() REPRESENTATION_CONTEXT('2D SPACE',''
  ) );
#6423 = ORIENTED_EDGE('',*,*,#6283,.F.);
#6424 = ADVANCED_FACE('',(#6425),#5750,.T.);
#6425 = FACE_BOUND('',#6426,.T.);
#6426 = EDGE_LOOP('',(#6427,#6448,#6449,#6470));
#6427 = ORIENTED_EDGE('',*,*,#6428,.T.);
#6428 = EDGE_CURVE('',#6429,#5733,#6431,.T.);
#6429 = VERTEX_POINT('',#6430);
#6430 = CARTESIAN_POINT('',(65.202167622232,-38.7960944876,8.9));
#6431 = SURFACE_CURVE('',#6432,(#6436,#6442),.PCURVE_S1.);
#6432 = LINE('',#6433,#6434);
#6433 = CARTESIAN_POINT('',(55.932528939243,-42.5039499608,8.9));
#6434 = VECTOR('',#6435,1.);
#6435 = DIRECTION('',(-0.928476690885,-0.371390676354,0.));
#6436 = PCURVE('',#5750,#6437);
#6437 = DEFINITIONAL_REPRESENTATION('',(#6438),#6441);
#6438 = B_SPLINE_CURVE_WITH_KNOTS('',1,(#6439,#6440),.UNSPECIFIED.,.F.,
  .F.,(2,2),(-9.983706402097,-8.546121814259),.PIECEWISE_BEZIER_KNOTS.);
#6439 = CARTESIAN_POINT('',(1.437584587838,-1.E-02));
#6440 = CARTESIAN_POINT('',(0.,-1.E-02));
#6441 = ( GEOMETRIC_REPRESENTATION_CONTEXT(2) 
PARAMETRIC_REPRESENTATION_CONTEXT() REPRESENTATION_CONTEXT('2D SPACE',''
  ) );
#6442 = PCURVE('',#3860,#6443);
#6443 = DEFINITIONAL_REPRESENTATION('',(#6444),#6447);
#6444 = B_SPLINE_CURVE_WITH_KNOTS('',1,(#6445,#6446),.UNSPECIFIED.,.F.,
  .F.,(2,2),(-9.983706402097,-8.546121814259),.PIECEWISE_BEZIER_KNOTS.);
#6445 = CARTESIAN_POINT('',(23.46596135177,-8.771813982942));
#6446 = CARTESIAN_POINT('',(22.131197570787,-9.305719495335));
#6447 = ( GEOMETRIC_REPRESENTATION_CONTEXT(2) 
PARAMETRIC_REPRESENTATION_CONTEXT() REPRESENTATION_CONTEXT('2D SPACE',''
  ) );
#6448 = ORIENTED_EDGE('',*,*,#5732,.T.);
#6449 = ORIENTED_EDGE('',*,*,#6450,.F.);
#6450 = EDGE_CURVE('',#6451,#5735,#6453,.T.);
#6451 = VERTEX_POINT('',#6452);
#6452 = CARTESIAN_POINT('',(65.202167622232,-38.7960944876,10.25));
#6453 = SURFACE_CURVE('',#6454,(#6458,#6464),.PCURVE_S1.);
#6454 = LINE('',#6455,#6456);
#6455 = CARTESIAN_POINT('',(55.932528939243,-42.5039499608,10.25));
#6456 = VECTOR('',#6457,1.);
#6457 = DIRECTION('',(-0.928476690885,-0.371390676354,0.));
#6458 = PCURVE('',#5750,#6459);
#6459 = DEFINITIONAL_REPRESENTATION('',(#6460),#6463);
#6460 = B_SPLINE_CURVE_WITH_KNOTS('',1,(#6461,#6462),.UNSPECIFIED.,.F.,
  .F.,(2,2),(-9.983706402097,-8.546121814259),.PIECEWISE_BEZIER_KNOTS.);
#6461 = CARTESIAN_POINT('',(1.437584587838,-1.36));
#6462 = CARTESIAN_POINT('',(0.,-1.36));
#6463 = ( GEOMETRIC_REPRESENTATION_CONTEXT(2) 
PARAMETRIC_REPRESENTATION_CONTEXT() REPRESENTATION_CONTEXT('2D SPACE',''
  ) );
#6464 = PCURVE('',#3916,#6465);
#6465 = DEFINITIONAL_REPRESENTATION('',(#6466),#6469);
#6466 = B_SPLINE_CURVE_WITH_KNOTS('',1,(#6467,#6468),.UNSPECIFIED.,.F.,
  .F.,(2,2),(-9.983706402097,-8.546121814259),.PIECEWISE_BEZIER_KNOTS.);
#6467 = CARTESIAN_POINT('',(23.46596135177,-8.771813982942));
#6468 = CARTESIAN_POINT('',(22.131197570787,-9.305719495335));
#6469 = ( GEOMETRIC_REPRESENTATION_CONTEXT(2) 
PARAMETRIC_REPRESENTATION_CONTEXT() REPRESENTATION_CONTEXT('2D SPACE',''
  ) );
#6470 = ORIENTED_EDGE('',*,*,#6471,.F.);
#6471 = EDGE_CURVE('',#6429,#6451,#6472,.T.);
#6472 = SURFACE_CURVE('',#6473,(#6477,#6484),.PCURVE_S1.);
#6473 = LINE('',#6474,#6475);
#6474 = CARTESIAN_POINT('',(65.202167622232,-38.7960944876,8.89));
#6475 = VECTOR('',#6476,1.);
#6476 = DIRECTION('',(0.,0.,1.));
#6477 = PCURVE('',#5750,#6478);
#6478 = DEFINITIONAL_REPRESENTATION('',(#6479),#6483);
#6479 = LINE('',#6480,#6481);
#6480 = CARTESIAN_POINT('',(1.437584587838,0.));
#6481 = VECTOR('',#6482,1.);
#6482 = DIRECTION('',(0.,-1.));
#6483 = ( GEOMETRIC_REPRESENTATION_CONTEXT(2) 
PARAMETRIC_REPRESENTATION_CONTEXT() REPRESENTATION_CONTEXT('2D SPACE',''
  ) );
#6484 = PCURVE('',#6485,#6490);
#6485 = PLANE('',#6486);
#6486 = AXIS2_PLACEMENT_3D('',#6487,#6488,#6489);
#6487 = CARTESIAN_POINT('',(65.202167622232,-38.7960944876,8.89));
#6488 = DIRECTION('',(-0.72953720414,0.683941128881,0.));
#6489 = DIRECTION('',(0.683941128881,0.72953720414,0.));
#6490 = DEFINITIONAL_REPRESENTATION('',(#6491),#6495);
#6491 = LINE('',#6492,#6493);
#6492 = CARTESIAN_POINT('',(0.,0.));
#6493 = VECTOR('',#6494,1.);
#6494 = DIRECTION('',(0.,-1.));
#6495 = ( GEOMETRIC_REPRESENTATION_CONTEXT(2) 
PARAMETRIC_REPRESENTATION_CONTEXT() REPRESENTATION_CONTEXT('2D SPACE',''
  ) );
#6496 = ADVANCED_FACE('',(#6497),#6485,.T.);
#6497 = FACE_BOUND('',#6498,.T.);
#6498 = EDGE_LOOP('',(#6499,#6520,#6521,#6542));
#6499 = ORIENTED_EDGE('',*,*,#6500,.T.);
#6500 = EDGE_CURVE('',#6501,#6429,#6503,.T.);
#6501 = VERTEX_POINT('',#6502);
#6502 = CARTESIAN_POINT('',(66.1,-37.83840661798,8.9));
#6503 = SURFACE_CURVE('',#6504,(#6508,#6514),.PCURVE_S1.);
#6504 = LINE('',#6505,#6506);
#6505 = CARTESIAN_POINT('',(61.902161439028,-42.31610108302,8.9));
#6506 = VECTOR('',#6507,1.);
#6507 = DIRECTION('',(-0.683941128881,-0.72953720414,0.));
#6508 = PCURVE('',#6485,#6509);
#6509 = DEFINITIONAL_REPRESENTATION('',(#6510),#6513);
#6510 = B_SPLINE_CURVE_WITH_KNOTS('',1,(#6511,#6512),.UNSPECIFIED.,.F.,
  .F.,(2,2),(-6.137719145269,-4.824985724432),.PIECEWISE_BEZIER_KNOTS.);
#6511 = CARTESIAN_POINT('',(1.312733420838,-1.E-02));
#6512 = CARTESIAN_POINT('',(0.,-1.E-02));
#6513 = ( GEOMETRIC_REPRESENTATION_CONTEXT(2) 
PARAMETRIC_REPRESENTATION_CONTEXT() REPRESENTATION_CONTEXT('2D SPACE',''
  ) );
#6514 = PCURVE('',#3860,#6515);
#6515 = DEFINITIONAL_REPRESENTATION('',(#6516),#6519);
#6516 = B_SPLINE_CURVE_WITH_KNOTS('',1,(#6517,#6518),.UNSPECIFIED.,.F.,
  .F.,(2,2),(-6.137719145269,-4.824985724432),.PIECEWISE_BEZIER_KNOTS.);
#6517 = CARTESIAN_POINT('',(24.363793729538,-7.814126113323));
#6518 = CARTESIAN_POINT('',(23.46596135177,-8.771813982942));
#6519 = ( GEOMETRIC_REPRESENTATION_CONTEXT(2) 
PARAMETRIC_REPRESENTATION_CONTEXT() REPRESENTATION_CONTEXT('2D SPACE',''
  ) );
#6520 = ORIENTED_EDGE('',*,*,#6471,.T.);
#6521 = ORIENTED_EDGE('',*,*,#6522,.F.);
#6522 = EDGE_CURVE('',#6523,#6451,#6525,.T.);
#6523 = VERTEX_POINT('',#6524);
#6524 = CARTESIAN_POINT('',(66.1,-37.83840661798,10.25));
#6525 = SURFACE_CURVE('',#6526,(#6530,#6536),.PCURVE_S1.);
#6526 = LINE('',#6527,#6528);
#6527 = CARTESIAN_POINT('',(61.902161439028,-42.31610108302,10.25));
#6528 = VECTOR('',#6529,1.);
#6529 = DIRECTION('',(-0.683941128881,-0.72953720414,0.));
#6530 = PCURVE('',#6485,#6531);
#6531 = DEFINITIONAL_REPRESENTATION('',(#6532),#6535);
#6532 = B_SPLINE_CURVE_WITH_KNOTS('',1,(#6533,#6534),.UNSPECIFIED.,.F.,
  .F.,(2,2),(-6.137719145269,-4.824985724432),.PIECEWISE_BEZIER_KNOTS.);
#6533 = CARTESIAN_POINT('',(1.312733420838,-1.36));
#6534 = CARTESIAN_POINT('',(0.,-1.36));
#6535 = ( GEOMETRIC_REPRESENTATION_CONTEXT(2) 
PARAMETRIC_REPRESENTATION_CONTEXT() REPRESENTATION_CONTEXT('2D SPACE',''
  ) );
#6536 = PCURVE('',#3916,#6537);
#6537 = DEFINITIONAL_REPRESENTATION('',(#6538),#6541);
#6538 = B_SPLINE_CURVE_WITH_KNOTS('',1,(#6539,#6540),.UNSPECIFIED.,.F.,
  .F.,(2,2),(-6.137719145269,-4.824985724432),.PIECEWISE_BEZIER_KNOTS.);
#6539 = CARTESIAN_POINT('',(24.363793729538,-7.814126113323));
#6540 = CARTESIAN_POINT('',(23.46596135177,-8.771813982942));
#6541 = ( GEOMETRIC_REPRESENTATION_CONTEXT(2) 
PARAMETRIC_REPRESENTATION_CONTEXT() REPRESENTATION_CONTEXT('2D SPACE',''
  ) );
#6542 = ORIENTED_EDGE('',*,*,#6543,.F.);
#6543 = EDGE_CURVE('',#6501,#6523,#6544,.T.);
#6544 = SURFACE_CURVE('',#6545,(#6549,#6556),.PCURVE_S1.);
#6545 = LINE('',#6546,#6547);
#6546 = CARTESIAN_POINT('',(66.1,-37.83840661798,8.89));
#6547 = VECTOR('',#6548,1.);
#6548 = DIRECTION('',(0.,0.,1.));
#6549 = PCURVE('',#6485,#6550);
#6550 = DEFINITIONAL_REPRESENTATION('',(#6551),#6555);
#6551 = LINE('',#6552,#6553);
#6552 = CARTESIAN_POINT('',(1.312733420838,0.));
#6553 = VECTOR('',#6554,1.);
#6554 = DIRECTION('',(0.,-1.));
#6555 = ( GEOMETRIC_REPRESENTATION_CONTEXT(2) 
PARAMETRIC_REPRESENTATION_CONTEXT() REPRESENTATION_CONTEXT('2D SPACE',''
  ) );
#6556 = PCURVE('',#6557,#6562);
#6557 = PLANE('',#6558);
#6558 = AXIS2_PLACEMENT_3D('',#6559,#6560,#6561);
#6559 = CARTESIAN_POINT('',(66.1,-37.83840661798,8.89));
#6560 = DIRECTION('',(-1.,0.,0.));
#6561 = DIRECTION('',(0.,1.,0.));
#6562 = DEFINITIONAL_REPRESENTATION('',(#6563),#6567);
#6563 = LINE('',#6564,#6565);
#6564 = CARTESIAN_POINT('',(0.,0.));
#6565 = VECTOR('',#6566,1.);
#6566 = DIRECTION('',(0.,-1.));
#6567 = ( GEOMETRIC_REPRESENTATION_CONTEXT(2) 
PARAMETRIC_REPRESENTATION_CONTEXT() REPRESENTATION_CONTEXT('2D SPACE',''
  ) );
#6568 = ADVANCED_FACE('',(#6569),#6557,.T.);
#6569 = FACE_BOUND('',#6570,.T.);
#6570 = EDGE_LOOP('',(#6571,#6592,#6593,#6614));
#6571 = ORIENTED_EDGE('',*,*,#6572,.T.);
#6572 = EDGE_CURVE('',#6573,#6501,#6575,.T.);
#6573 = VERTEX_POINT('',#6574);
#6574 = CARTESIAN_POINT('',(66.1,-22.16159338201,8.9));
#6575 = SURFACE_CURVE('',#6576,(#6580,#6586),.PCURVE_S1.);
#6576 = LINE('',#6577,#6578);
#6577 = CARTESIAN_POINT('',(66.1,-33.93134356132,8.9));
#6578 = VECTOR('',#6579,1.);
#6579 = DIRECTION('',(0.,-1.,0.));
#6580 = PCURVE('',#6557,#6581);
#6581 = DEFINITIONAL_REPRESENTATION('',(#6582),#6585);
#6582 = B_SPLINE_CURVE_WITH_KNOTS('',1,(#6583,#6584),.UNSPECIFIED.,.F.,
  .F.,(2,2),(-11.76975017931,3.907063056661),.PIECEWISE_BEZIER_KNOTS.);
#6583 = CARTESIAN_POINT('',(15.676813235975,-1.E-02));
#6584 = CARTESIAN_POINT('',(0.,-1.E-02));
#6585 = ( GEOMETRIC_REPRESENTATION_CONTEXT(2) 
PARAMETRIC_REPRESENTATION_CONTEXT() REPRESENTATION_CONTEXT('2D SPACE',''
  ) );
#6586 = PCURVE('',#3860,#6587);
#6587 = DEFINITIONAL_REPRESENTATION('',(#6588),#6591);
#6588 = B_SPLINE_CURVE_WITH_KNOTS('',1,(#6589,#6590),.UNSPECIFIED.,.F.,
  .F.,(2,2),(-11.76975017931,3.907063056661),.PIECEWISE_BEZIER_KNOTS.);
#6589 = CARTESIAN_POINT('',(24.363793729538,7.862687122652));
#6590 = CARTESIAN_POINT('',(24.363793729538,-7.814126113323));
#6591 = ( GEOMETRIC_REPRESENTATION_CONTEXT(2) 
PARAMETRIC_REPRESENTATION_CONTEXT() REPRESENTATION_CONTEXT('2D SPACE',''
  ) );
#6592 = ORIENTED_EDGE('',*,*,#6543,.T.);
#6593 = ORIENTED_EDGE('',*,*,#6594,.F.);
#6594 = EDGE_CURVE('',#6595,#6523,#6597,.T.);
#6595 = VERTEX_POINT('',#6596);
#6596 = CARTESIAN_POINT('',(66.1,-22.16159338201,10.25));
#6597 = SURFACE_CURVE('',#6598,(#6602,#6608),.PCURVE_S1.);
#6598 = LINE('',#6599,#6600);
#6599 = CARTESIAN_POINT('',(66.1,-33.93134356132,10.25));
#6600 = VECTOR('',#6601,1.);
#6601 = DIRECTION('',(0.,-1.,0.));
#6602 = PCURVE('',#6557,#6603);
#6603 = DEFINITIONAL_REPRESENTATION('',(#6604),#6607);
#6604 = B_SPLINE_CURVE_WITH_KNOTS('',1,(#6605,#6606),.UNSPECIFIED.,.F.,
  .F.,(2,2),(-11.76975017931,3.907063056661),.PIECEWISE_BEZIER_KNOTS.);
#6605 = CARTESIAN_POINT('',(15.676813235975,-1.36));
#6606 = CARTESIAN_POINT('',(0.,-1.36));
#6607 = ( GEOMETRIC_REPRESENTATION_CONTEXT(2) 
PARAMETRIC_REPRESENTATION_CONTEXT() REPRESENTATION_CONTEXT('2D SPACE',''
  ) );
#6608 = PCURVE('',#3916,#6609);
#6609 = DEFINITIONAL_REPRESENTATION('',(#6610),#6613);
#6610 = B_SPLINE_CURVE_WITH_KNOTS('',1,(#6611,#6612),.UNSPECIFIED.,.F.,
  .F.,(2,2),(-11.76975017931,3.907063056661),.PIECEWISE_BEZIER_KNOTS.);
#6611 = CARTESIAN_POINT('',(24.363793729538,7.862687122652));
#6612 = CARTESIAN_POINT('',(24.363793729538,-7.814126113323));
#6613 = ( GEOMETRIC_REPRESENTATION_CONTEXT(2) 
PARAMETRIC_REPRESENTATION_CONTEXT() REPRESENTATION_CONTEXT('2D SPACE',''
  ) );
#6614 = ORIENTED_EDGE('',*,*,#6615,.F.);
#6615 = EDGE_CURVE('',#6573,#6595,#6616,.T.);
#6616 = SURFACE_CURVE('',#6617,(#6621,#6628),.PCURVE_S1.);
#6617 = LINE('',#6618,#6619);
#6618 = CARTESIAN_POINT('',(66.1,-22.16159338201,8.89));
#6619 = VECTOR('',#6620,1.);
#6620 = DIRECTION('',(0.,0.,1.));
#6621 = PCURVE('',#6557,#6622);
#6622 = DEFINITIONAL_REPRESENTATION('',(#6623),#6627);
#6623 = LINE('',#6624,#6625);
#6624 = CARTESIAN_POINT('',(15.676813235975,0.));
#6625 = VECTOR('',#6626,1.);
#6626 = DIRECTION('',(0.,-1.));
#6627 = ( GEOMETRIC_REPRESENTATION_CONTEXT(2) 
PARAMETRIC_REPRESENTATION_CONTEXT() REPRESENTATION_CONTEXT('2D SPACE',''
  ) );
#6628 = PCURVE('',#6629,#6634);
#6629 = PLANE('',#6630);
#6630 = AXIS2_PLACEMENT_3D('',#6631,#6632,#6633);
#6631 = CARTESIAN_POINT('',(66.1,-22.16159338201,8.89));
#6632 = DIRECTION('',(-0.72953720414,-0.683941128881,0.));
#6633 = DIRECTION('',(-0.683941128881,0.72953720414,0.));
#6634 = DEFINITIONAL_REPRESENTATION('',(#6635),#6639);
#6635 = LINE('',#6636,#6637);
#6636 = CARTESIAN_POINT('',(0.,0.));
#6637 = VECTOR('',#6638,1.);
#6638 = DIRECTION('',(0.,-1.));
#6639 = ( GEOMETRIC_REPRESENTATION_CONTEXT(2) 
PARAMETRIC_REPRESENTATION_CONTEXT() REPRESENTATION_CONTEXT('2D SPACE',''
  ) );
#6640 = ADVANCED_FACE('',(#6641),#6629,.T.);
#6641 = FACE_BOUND('',#6642,.T.);
#6642 = EDGE_LOOP('',(#6643,#6664,#6665,#6686));
#6643 = ORIENTED_EDGE('',*,*,#6644,.T.);
#6644 = EDGE_CURVE('',#6645,#6573,#6647,.T.);
#6645 = VERTEX_POINT('',#6646);
#6646 = CARTESIAN_POINT('',(65.194737578592,-21.19598013251,8.9));
#6647 = SURFACE_CURVE('',#6648,(#6652,#6658),.PCURVE_S1.);
#6648 = LINE('',#6649,#6650);
#6649 = CARTESIAN_POINT('',(62.363192640634,-18.17566553202,8.9));
#6650 = VECTOR('',#6651,1.);
#6651 = DIRECTION('',(0.683941128881,-0.72953720414,0.));
#6652 = PCURVE('',#6629,#6653);
#6653 = DEFINITIONAL_REPRESENTATION('',(#6654),#6657);
#6654 = B_SPLINE_CURVE_WITH_KNOTS('',1,(#6655,#6656),.UNSPECIFIED.,.F.,
  .F.,(2,2),(4.140041910609,5.463638903362),.PIECEWISE_BEZIER_KNOTS.);
#6655 = CARTESIAN_POINT('',(1.323596992753,-1.E-02));
#6656 = CARTESIAN_POINT('',(0.,-1.E-02));
#6657 = ( GEOMETRIC_REPRESENTATION_CONTEXT(2) 
PARAMETRIC_REPRESENTATION_CONTEXT() REPRESENTATION_CONTEXT('2D SPACE',''
  ) );
#6658 = PCURVE('',#3860,#6659);
#6659 = DEFINITIONAL_REPRESENTATION('',(#6660),#6663);
#6660 = B_SPLINE_CURVE_WITH_KNOTS('',1,(#6661,#6662),.UNSPECIFIED.,.F.,
  .F.,(2,2),(4.140041910609,5.463638903362),.PIECEWISE_BEZIER_KNOTS.);
#6661 = CARTESIAN_POINT('',(23.458531308131,8.828300372153));
#6662 = CARTESIAN_POINT('',(24.363793729538,7.862687122652));
#6663 = ( GEOMETRIC_REPRESENTATION_CONTEXT(2) 
PARAMETRIC_REPRESENTATION_CONTEXT() REPRESENTATION_CONTEXT('2D SPACE',''
  ) );
#6664 = ORIENTED_EDGE('',*,*,#6615,.T.);
#6665 = ORIENTED_EDGE('',*,*,#6666,.F.);
#6666 = EDGE_CURVE('',#6667,#6595,#6669,.T.);
#6667 = VERTEX_POINT('',#6668);
#6668 = CARTESIAN_POINT('',(65.194737578592,-21.19598013251,10.25));
#6669 = SURFACE_CURVE('',#6670,(#6674,#6680),.PCURVE_S1.);
#6670 = LINE('',#6671,#6672);
#6671 = CARTESIAN_POINT('',(62.363192640634,-18.17566553202,10.25));
#6672 = VECTOR('',#6673,1.);
#6673 = DIRECTION('',(0.683941128881,-0.72953720414,0.));
#6674 = PCURVE('',#6629,#6675);
#6675 = DEFINITIONAL_REPRESENTATION('',(#6676),#6679);
#6676 = B_SPLINE_CURVE_WITH_KNOTS('',1,(#6677,#6678),.UNSPECIFIED.,.F.,
  .F.,(2,2),(4.140041910609,5.463638903362),.PIECEWISE_BEZIER_KNOTS.);
#6677 = CARTESIAN_POINT('',(1.323596992753,-1.36));
#6678 = CARTESIAN_POINT('',(0.,-1.36));
#6679 = ( GEOMETRIC_REPRESENTATION_CONTEXT(2) 
PARAMETRIC_REPRESENTATION_CONTEXT() REPRESENTATION_CONTEXT('2D SPACE',''
  ) );
#6680 = PCURVE('',#3916,#6681);
#6681 = DEFINITIONAL_REPRESENTATION('',(#6682),#6685);
#6682 = B_SPLINE_CURVE_WITH_KNOTS('',1,(#6683,#6684),.UNSPECIFIED.,.F.,
  .F.,(2,2),(4.140041910609,5.463638903362),.PIECEWISE_BEZIER_KNOTS.);
#6683 = CARTESIAN_POINT('',(23.458531308131,8.828300372153));
#6684 = CARTESIAN_POINT('',(24.363793729538,7.862687122652));
#6685 = ( GEOMETRIC_REPRESENTATION_CONTEXT(2) 
PARAMETRIC_REPRESENTATION_CONTEXT() REPRESENTATION_CONTEXT('2D SPACE',''
  ) );
#6686 = ORIENTED_EDGE('',*,*,#6687,.F.);
#6687 = EDGE_CURVE('',#6645,#6667,#6688,.T.);
#6688 = SURFACE_CURVE('',#6689,(#6693,#6700),.PCURVE_S1.);
#6689 = LINE('',#6690,#6691);
#6690 = CARTESIAN_POINT('',(65.194737578592,-21.19598013251,8.89));
#6691 = VECTOR('',#6692,1.);
#6692 = DIRECTION('',(0.,0.,1.));
#6693 = PCURVE('',#6629,#6694);
#6694 = DEFINITIONAL_REPRESENTATION('',(#6695),#6699);
#6695 = LINE('',#6696,#6697);
#6696 = CARTESIAN_POINT('',(1.323596992753,0.));
#6697 = VECTOR('',#6698,1.);
#6698 = DIRECTION('',(0.,-1.));
#6699 = ( GEOMETRIC_REPRESENTATION_CONTEXT(2) 
PARAMETRIC_REPRESENTATION_CONTEXT() REPRESENTATION_CONTEXT('2D SPACE',''
  ) );
#6700 = PCURVE('',#6701,#6706);
#6701 = PLANE('',#6702);
#6702 = AXIS2_PLACEMENT_3D('',#6703,#6704,#6705);
#6703 = CARTESIAN_POINT('',(65.194737578592,-21.19598013251,8.89));
#6704 = DIRECTION('',(-0.316227766017,-0.948683298051,0.));
#6705 = DIRECTION('',(-0.948683298051,0.316227766017,0.));
#6706 = DEFINITIONAL_REPRESENTATION('',(#6707),#6711);
#6707 = LINE('',#6708,#6709);
#6708 = CARTESIAN_POINT('',(0.,0.));
#6709 = VECTOR('',#6710,1.);
#6710 = DIRECTION('',(0.,-1.));
#6711 = ( GEOMETRIC_REPRESENTATION_CONTEXT(2) 
PARAMETRIC_REPRESENTATION_CONTEXT() REPRESENTATION_CONTEXT('2D SPACE',''
  ) );
#6712 = ADVANCED_FACE('',(#6713),#6701,.T.);
#6713 = FACE_BOUND('',#6714,.T.);
#6714 = EDGE_LOOP('',(#6715,#6736,#6737,#6758));
#6715 = ORIENTED_EDGE('',*,*,#6716,.T.);
#6716 = EDGE_CURVE('',#6717,#6645,#6719,.T.);
#6717 = VERTEX_POINT('',#6718);
#6718 = CARTESIAN_POINT('',(63.856797181059,-20.75,8.9));
#6719 = SURFACE_CURVE('',#6720,(#6724,#6730),.PCURVE_S1.);
#6720 = LINE('',#6721,#6722);
#6721 = CARTESIAN_POINT('',(55.962643545757,-18.11861545489,8.9));
#6722 = VECTOR('',#6723,1.);
#6723 = DIRECTION('',(0.948683298051,-0.316227766017,0.));
#6724 = PCURVE('',#6701,#6725);
#6725 = DEFINITIONAL_REPRESENTATION('',(#6726),#6729);
#6726 = B_SPLINE_CURVE_WITH_KNOTS('',1,(#6727,#6728),.UNSPECIFIED.,.F.,
  .F.,(2,2),(8.321168562284,9.731481572204),.PIECEWISE_BEZIER_KNOTS.);
#6727 = CARTESIAN_POINT('',(1.410313009919,-1.E-02));
#6728 = CARTESIAN_POINT('',(0.,-1.E-02));
#6729 = ( GEOMETRIC_REPRESENTATION_CONTEXT(2) 
PARAMETRIC_REPRESENTATION_CONTEXT() REPRESENTATION_CONTEXT('2D SPACE',''
  ) );
#6730 = PCURVE('',#3860,#6731);
#6731 = DEFINITIONAL_REPRESENTATION('',(#6732),#6735);
#6732 = B_SPLINE_CURVE_WITH_KNOTS('',1,(#6733,#6734),.UNSPECIFIED.,.F.,
  .F.,(2,2),(8.321168562284,9.731481572204),.PIECEWISE_BEZIER_KNOTS.);
#6733 = CARTESIAN_POINT('',(22.120590910597,9.274280504665));
#6734 = CARTESIAN_POINT('',(23.458531308131,8.828300372153));
#6735 = ( GEOMETRIC_REPRESENTATION_CONTEXT(2) 
PARAMETRIC_REPRESENTATION_CONTEXT() REPRESENTATION_CONTEXT('2D SPACE',''
  ) );
#6736 = ORIENTED_EDGE('',*,*,#6687,.T.);
#6737 = ORIENTED_EDGE('',*,*,#6738,.F.);
#6738 = EDGE_CURVE('',#6739,#6667,#6741,.T.);
#6739 = VERTEX_POINT('',#6740);
#6740 = CARTESIAN_POINT('',(63.856797181059,-20.75,10.25));
#6741 = SURFACE_CURVE('',#6742,(#6746,#6752),.PCURVE_S1.);
#6742 = LINE('',#6743,#6744);
#6743 = CARTESIAN_POINT('',(55.962643545757,-18.11861545489,10.25));
#6744 = VECTOR('',#6745,1.);
#6745 = DIRECTION('',(0.948683298051,-0.316227766017,0.));
#6746 = PCURVE('',#6701,#6747);
#6747 = DEFINITIONAL_REPRESENTATION('',(#6748),#6751);
#6748 = B_SPLINE_CURVE_WITH_KNOTS('',1,(#6749,#6750),.UNSPECIFIED.,.F.,
  .F.,(2,2),(8.321168562284,9.731481572204),.PIECEWISE_BEZIER_KNOTS.);
#6749 = CARTESIAN_POINT('',(1.410313009919,-1.36));
#6750 = CARTESIAN_POINT('',(0.,-1.36));
#6751 = ( GEOMETRIC_REPRESENTATION_CONTEXT(2) 
PARAMETRIC_REPRESENTATION_CONTEXT() REPRESENTATION_CONTEXT('2D SPACE',''
  ) );
#6752 = PCURVE('',#3916,#6753);
#6753 = DEFINITIONAL_REPRESENTATION('',(#6754),#6757);
#6754 = B_SPLINE_CURVE_WITH_KNOTS('',1,(#6755,#6756),.UNSPECIFIED.,.F.,
  .F.,(2,2),(8.321168562284,9.731481572204),.PIECEWISE_BEZIER_KNOTS.);
#6755 = CARTESIAN_POINT('',(22.120590910597,9.274280504665));
#6756 = CARTESIAN_POINT('',(23.458531308131,8.828300372153));
#6757 = ( GEOMETRIC_REPRESENTATION_CONTEXT(2) 
PARAMETRIC_REPRESENTATION_CONTEXT() REPRESENTATION_CONTEXT('2D SPACE',''
  ) );
#6758 = ORIENTED_EDGE('',*,*,#6759,.F.);
#6759 = EDGE_CURVE('',#6717,#6739,#6760,.T.);
#6760 = SURFACE_CURVE('',#6761,(#6765,#6772),.PCURVE_S1.);
#6761 = LINE('',#6762,#6763);
#6762 = CARTESIAN_POINT('',(63.856797181059,-20.75,8.89));
#6763 = VECTOR('',#6764,1.);
#6764 = DIRECTION('',(0.,0.,1.));
#6765 = PCURVE('',#6701,#6766);
#6766 = DEFINITIONAL_REPRESENTATION('',(#6767),#6771);
#6767 = LINE('',#6768,#6769);
#6768 = CARTESIAN_POINT('',(1.410313009919,0.));
#6769 = VECTOR('',#6770,1.);
#6770 = DIRECTION('',(0.,-1.));
#6771 = ( GEOMETRIC_REPRESENTATION_CONTEXT(2) 
PARAMETRIC_REPRESENTATION_CONTEXT() REPRESENTATION_CONTEXT('2D SPACE',''
  ) );
#6772 = PCURVE('',#6773,#6778);
#6773 = PLANE('',#6774);
#6774 = AXIS2_PLACEMENT_3D('',#6775,#6776,#6777);
#6775 = CARTESIAN_POINT('',(63.856797181059,-20.75,8.89));
#6776 = DIRECTION('',(0.,-1.,0.));
#6777 = DIRECTION('',(-1.,0.,0.));
#6778 = DEFINITIONAL_REPRESENTATION('',(#6779),#6783);
#6779 = LINE('',#6780,#6781);
#6780 = CARTESIAN_POINT('',(0.,-0.));
#6781 = VECTOR('',#6782,1.);
#6782 = DIRECTION('',(0.,-1.));
#6783 = ( GEOMETRIC_REPRESENTATION_CONTEXT(2) 
PARAMETRIC_REPRESENTATION_CONTEXT() REPRESENTATION_CONTEXT('2D SPACE',''
  ) );
#6784 = ADVANCED_FACE('',(#6785),#6773,.T.);
#6785 = FACE_BOUND('',#6786,.T.);
#6786 = EDGE_LOOP('',(#6787,#6817,#6838,#6860,#6886,#6908,#6929,#6951,
    #6977,#6999,#7018,#7019));
#6787 = ORIENTED_EDGE('',*,*,#6788,.F.);
#6788 = EDGE_CURVE('',#6789,#6791,#6793,.T.);
#6789 = VERTEX_POINT('',#6790);
#6790 = CARTESIAN_POINT('',(28.473896018115,-20.75,8.9));
#6791 = VERTEX_POINT('',#6792);
#6792 = CARTESIAN_POINT('',(28.473896018115,-20.75,10.25));
#6793 = SURFACE_CURVE('',#6794,(#6798,#6805),.PCURVE_S1.);
#6794 = LINE('',#6795,#6796);
#6795 = CARTESIAN_POINT('',(28.473896018115,-20.75,8.89));
#6796 = VECTOR('',#6797,1.);
#6797 = DIRECTION('',(0.,0.,1.));
#6798 = PCURVE('',#6773,#6799);
#6799 = DEFINITIONAL_REPRESENTATION('',(#6800),#6804);
#6800 = LINE('',#6801,#6802);
#6801 = CARTESIAN_POINT('',(35.382901162944,0.));
#6802 = VECTOR('',#6803,1.);
#6803 = DIRECTION('',(0.,-1.));
#6804 = ( GEOMETRIC_REPRESENTATION_CONTEXT(2) 
PARAMETRIC_REPRESENTATION_CONTEXT() REPRESENTATION_CONTEXT('2D SPACE',''
  ) );
#6805 = PCURVE('',#6806,#6811);
#6806 = PLANE('',#6807);
#6807 = AXIS2_PLACEMENT_3D('',#6808,#6809,#6810);
#6808 = CARTESIAN_POINT('',(28.473896018115,-20.75,8.89));
#6809 = DIRECTION('',(0.14834045293,-0.988936352868,0.));
#6810 = DIRECTION('',(-0.988936352868,-0.14834045293,0.));
#6811 = DEFINITIONAL_REPRESENTATION('',(#6812),#6816);
#6812 = LINE('',#6813,#6814);
#6813 = CARTESIAN_POINT('',(0.,0.));
#6814 = VECTOR('',#6815,1.);
#6815 = DIRECTION('',(0.,-1.));
#6816 = ( GEOMETRIC_REPRESENTATION_CONTEXT(2) 
PARAMETRIC_REPRESENTATION_CONTEXT() REPRESENTATION_CONTEXT('2D SPACE',''
  ) );
#6817 = ORIENTED_EDGE('',*,*,#6818,.T.);
#6818 = EDGE_CURVE('',#6789,#6819,#6821,.T.);
#6819 = VERTEX_POINT('',#6820);
#6820 = CARTESIAN_POINT('',(30.5,-20.75,8.9));
#6821 = SURFACE_CURVE('',#6822,(#6826,#6832),.PCURVE_S1.);
#6822 = LINE('',#6823,#6824);
#6823 = CARTESIAN_POINT('',(52.79650172576,-20.75,8.9));
#6824 = VECTOR('',#6825,1.);
#6825 = DIRECTION('',(1.,0.,-0.));
#6826 = PCURVE('',#6773,#6827);
#6827 = DEFINITIONAL_REPRESENTATION('',(#6828),#6831);
#6828 = B_SPLINE_CURVE_WITH_KNOTS('',1,(#6829,#6830),.UNSPECIFIED.,.F.,
  .F.,(2,2),(-24.32260570764,11.060295455299),.PIECEWISE_BEZIER_KNOTS.);
#6829 = CARTESIAN_POINT('',(35.382901162944,-1.E-02));
#6830 = CARTESIAN_POINT('',(0.,-1.E-02));
#6831 = ( GEOMETRIC_REPRESENTATION_CONTEXT(2) 
PARAMETRIC_REPRESENTATION_CONTEXT() REPRESENTATION_CONTEXT('2D SPACE',''
  ) );
#6832 = PCURVE('',#3972,#6833);
#6833 = DEFINITIONAL_REPRESENTATION('',(#6834),#6837);
#6834 = B_SPLINE_CURVE_WITH_KNOTS('',1,(#6835,#6836),.UNSPECIFIED.,.F.,
  .F.,(2,2),(-24.32260570764,11.060295455299),.PIECEWISE_BEZIER_KNOTS.);
#6835 = CARTESIAN_POINT('',(-13.26231025234,9.274280504665));
#6836 = CARTESIAN_POINT('',(22.120590910597,9.274280504665));
#6837 = ( GEOMETRIC_REPRESENTATION_CONTEXT(2) 
PARAMETRIC_REPRESENTATION_CONTEXT() REPRESENTATION_CONTEXT('2D SPACE',''
  ) );
#6838 = ORIENTED_EDGE('',*,*,#6839,.F.);
#6839 = EDGE_CURVE('',#6840,#6819,#6842,.T.);
#6840 = VERTEX_POINT('',#6841);
#6841 = CARTESIAN_POINT('',(30.5,-20.75,9.1));
#6842 = SURFACE_CURVE('',#6843,(#6847,#6853),.PCURVE_S1.);
#6843 = LINE('',#6844,#6845);
#6844 = CARTESIAN_POINT('',(30.5,-20.75,8.72));
#6845 = VECTOR('',#6846,1.);
#6846 = DIRECTION('',(0.,0.,-1.));
#6847 = PCURVE('',#6773,#6848);
#6848 = DEFINITIONAL_REPRESENTATION('',(#6849),#6852);
#6849 = B_SPLINE_CURVE_WITH_KNOTS('',1,(#6850,#6851),.UNSPECIFIED.,.F.,
  .F.,(2,2),(-0.38,-0.18),.PIECEWISE_BEZIER_KNOTS.);
#6850 = CARTESIAN_POINT('',(33.356797181059,-0.21));
#6851 = CARTESIAN_POINT('',(33.356797181059,-1.E-02));
#6852 = ( GEOMETRIC_REPRESENTATION_CONTEXT(2) 
PARAMETRIC_REPRESENTATION_CONTEXT() REPRESENTATION_CONTEXT('2D SPACE',''
  ) );
#6853 = PCURVE('',#3482,#6854);
#6854 = DEFINITIONAL_REPRESENTATION('',(#6855),#6859);
#6855 = LINE('',#6856,#6857);
#6856 = CARTESIAN_POINT('',(7.72,1.95));
#6857 = VECTOR('',#6858,1.);
#6858 = DIRECTION('',(-1.,0.));
#6859 = ( GEOMETRIC_REPRESENTATION_CONTEXT(2) 
PARAMETRIC_REPRESENTATION_CONTEXT() REPRESENTATION_CONTEXT('2D SPACE',''
  ) );
#6860 = ORIENTED_EDGE('',*,*,#6861,.T.);
#6861 = EDGE_CURVE('',#6840,#6862,#6864,.T.);
#6862 = VERTEX_POINT('',#6863);
#6863 = CARTESIAN_POINT('',(32.5,-20.75,9.1));
#6864 = SURFACE_CURVE('',#6865,(#6869,#6875),.PCURVE_S1.);
#6865 = LINE('',#6866,#6867);
#6866 = CARTESIAN_POINT('',(47.178398590529,-20.75,9.1));
#6867 = VECTOR('',#6868,1.);
#6868 = DIRECTION('',(1.,0.,-0.));
#6869 = PCURVE('',#6773,#6870);
#6870 = DEFINITIONAL_REPRESENTATION('',(#6871),#6874);
#6871 = B_SPLINE_CURVE_WITH_KNOTS('',1,(#6872,#6873),.UNSPECIFIED.,.F.,
  .F.,(2,2),(-16.67839859052,-14.67839859052),.PIECEWISE_BEZIER_KNOTS.);
#6872 = CARTESIAN_POINT('',(33.356797181059,-0.21));
#6873 = CARTESIAN_POINT('',(31.356797181059,-0.21));
#6874 = ( GEOMETRIC_REPRESENTATION_CONTEXT(2) 
PARAMETRIC_REPRESENTATION_CONTEXT() REPRESENTATION_CONTEXT('2D SPACE',''
  ) );
#6875 = PCURVE('',#6876,#6881);
#6876 = PLANE('',#6877);
#6877 = AXIS2_PLACEMENT_3D('',#6878,#6879,#6880);
#6878 = CARTESIAN_POINT('',(30.5,-21.4,9.1));
#6879 = DIRECTION('',(0.,0.,1.));
#6880 = DIRECTION('',(1.,0.,0.));
#6881 = DEFINITIONAL_REPRESENTATION('',(#6882),#6885);
#6882 = B_SPLINE_CURVE_WITH_KNOTS('',1,(#6883,#6884),.UNSPECIFIED.,.F.,
  .F.,(2,2),(-16.67839859052,-14.67839859052),.PIECEWISE_BEZIER_KNOTS.);
#6883 = CARTESIAN_POINT('',(0.,0.65));
#6884 = CARTESIAN_POINT('',(2.,0.65));
#6885 = ( GEOMETRIC_REPRESENTATION_CONTEXT(2) 
PARAMETRIC_REPRESENTATION_CONTEXT() REPRESENTATION_CONTEXT('2D SPACE',''
  ) );
#6886 = ORIENTED_EDGE('',*,*,#6887,.T.);
#6887 = EDGE_CURVE('',#6862,#6888,#6890,.T.);
#6888 = VERTEX_POINT('',#6889);
#6889 = CARTESIAN_POINT('',(32.5,-20.75,8.9));
#6890 = SURFACE_CURVE('',#6891,(#6895,#6901),.PCURVE_S1.);
#6891 = LINE('',#6892,#6893);
#6892 = CARTESIAN_POINT('',(32.5,-20.75,8.72));
#6893 = VECTOR('',#6894,1.);
#6894 = DIRECTION('',(0.,0.,-1.));
#6895 = PCURVE('',#6773,#6896);
#6896 = DEFINITIONAL_REPRESENTATION('',(#6897),#6900);
#6897 = B_SPLINE_CURVE_WITH_KNOTS('',1,(#6898,#6899),.UNSPECIFIED.,.F.,
  .F.,(2,2),(-0.38,-0.18),.PIECEWISE_BEZIER_KNOTS.);
#6898 = CARTESIAN_POINT('',(31.356797181059,-0.21));
#6899 = CARTESIAN_POINT('',(31.356797181059,-1.E-02));
#6900 = ( GEOMETRIC_REPRESENTATION_CONTEXT(2) 
PARAMETRIC_REPRESENTATION_CONTEXT() REPRESENTATION_CONTEXT('2D SPACE',''
  ) );
#6901 = PCURVE('',#3533,#6902);
#6902 = DEFINITIONAL_REPRESENTATION('',(#6903),#6907);
#6903 = LINE('',#6904,#6905);
#6904 = CARTESIAN_POINT('',(7.72,1.95));
#6905 = VECTOR('',#6906,1.);
#6906 = DIRECTION('',(-1.,0.));
#6907 = ( GEOMETRIC_REPRESENTATION_CONTEXT(2) 
PARAMETRIC_REPRESENTATION_CONTEXT() REPRESENTATION_CONTEXT('2D SPACE',''
  ) );
#6908 = ORIENTED_EDGE('',*,*,#6909,.T.);
#6909 = EDGE_CURVE('',#6888,#6910,#6912,.T.);
#6910 = VERTEX_POINT('',#6911);
#6911 = CARTESIAN_POINT('',(47.7,-20.75,8.9));
#6912 = SURFACE_CURVE('',#6913,(#6917,#6923),.PCURVE_S1.);
#6913 = LINE('',#6914,#6915);
#6914 = CARTESIAN_POINT('',(52.79650172576,-20.75,8.9));
#6915 = VECTOR('',#6916,1.);
#6916 = DIRECTION('',(1.,0.,-0.));
#6917 = PCURVE('',#6773,#6918);
#6918 = DEFINITIONAL_REPRESENTATION('',(#6919),#6922);
#6919 = B_SPLINE_CURVE_WITH_KNOTS('',1,(#6920,#6921),.UNSPECIFIED.,.F.,
  .F.,(2,2),(-24.32260570764,11.060295455299),.PIECEWISE_BEZIER_KNOTS.);
#6920 = CARTESIAN_POINT('',(35.382901162944,-1.E-02));
#6921 = CARTESIAN_POINT('',(0.,-1.E-02));
#6922 = ( GEOMETRIC_REPRESENTATION_CONTEXT(2) 
PARAMETRIC_REPRESENTATION_CONTEXT() REPRESENTATION_CONTEXT('2D SPACE',''
  ) );
#6923 = PCURVE('',#4071,#6924);
#6924 = DEFINITIONAL_REPRESENTATION('',(#6925),#6928);
#6925 = B_SPLINE_CURVE_WITH_KNOTS('',1,(#6926,#6927),.UNSPECIFIED.,.F.,
  .F.,(2,2),(-24.32260570764,11.060295455299),.PIECEWISE_BEZIER_KNOTS.);
#6926 = CARTESIAN_POINT('',(-13.26231025234,9.274280504665));
#6927 = CARTESIAN_POINT('',(22.120590910597,9.274280504665));
#6928 = ( GEOMETRIC_REPRESENTATION_CONTEXT(2) 
PARAMETRIC_REPRESENTATION_CONTEXT() REPRESENTATION_CONTEXT('2D SPACE',''
  ) );
#6929 = ORIENTED_EDGE('',*,*,#6930,.F.);
#6930 = EDGE_CURVE('',#6931,#6910,#6933,.T.);
#6931 = VERTEX_POINT('',#6932);
#6932 = CARTESIAN_POINT('',(47.7,-20.75,9.1));
#6933 = SURFACE_CURVE('',#6934,(#6938,#6944),.PCURVE_S1.);
#6934 = LINE('',#6935,#6936);
#6935 = CARTESIAN_POINT('',(47.7,-20.75,8.72));
#6936 = VECTOR('',#6937,1.);
#6937 = DIRECTION('',(0.,0.,-1.));
#6938 = PCURVE('',#6773,#6939);
#6939 = DEFINITIONAL_REPRESENTATION('',(#6940),#6943);
#6940 = B_SPLINE_CURVE_WITH_KNOTS('',1,(#6941,#6942),.UNSPECIFIED.,.F.,
  .F.,(2,2),(-0.38,-0.18),.PIECEWISE_BEZIER_KNOTS.);
#6941 = CARTESIAN_POINT('',(16.156797181059,-0.21));
#6942 = CARTESIAN_POINT('',(16.156797181059,-1.E-02));
#6943 = ( GEOMETRIC_REPRESENTATION_CONTEXT(2) 
PARAMETRIC_REPRESENTATION_CONTEXT() REPRESENTATION_CONTEXT('2D SPACE',''
  ) );
#6944 = PCURVE('',#3625,#6945);
#6945 = DEFINITIONAL_REPRESENTATION('',(#6946),#6950);
#6946 = LINE('',#6947,#6948);
#6947 = CARTESIAN_POINT('',(7.72,1.95));
#6948 = VECTOR('',#6949,1.);
#6949 = DIRECTION('',(-1.,0.));
#6950 = ( GEOMETRIC_REPRESENTATION_CONTEXT(2) 
PARAMETRIC_REPRESENTATION_CONTEXT() REPRESENTATION_CONTEXT('2D SPACE',''
  ) );
#6951 = ORIENTED_EDGE('',*,*,#6952,.T.);
#6952 = EDGE_CURVE('',#6931,#6953,#6955,.T.);
#6953 = VERTEX_POINT('',#6954);
#6954 = CARTESIAN_POINT('',(49.7,-20.75,9.1));
#6955 = SURFACE_CURVE('',#6956,(#6960,#6966),.PCURVE_S1.);
#6956 = LINE('',#6957,#6958);
#6957 = CARTESIAN_POINT('',(55.778398590529,-20.75,9.1));
#6958 = VECTOR('',#6959,1.);
#6959 = DIRECTION('',(1.,0.,-0.));
#6960 = PCURVE('',#6773,#6961);
#6961 = DEFINITIONAL_REPRESENTATION('',(#6962),#6965);
#6962 = B_SPLINE_CURVE_WITH_KNOTS('',1,(#6963,#6964),.UNSPECIFIED.,.F.,
  .F.,(2,2),(-8.078398590529,-6.078398590529),.PIECEWISE_BEZIER_KNOTS.);
#6963 = CARTESIAN_POINT('',(16.156797181059,-0.21));
#6964 = CARTESIAN_POINT('',(14.156797181059,-0.21));
#6965 = ( GEOMETRIC_REPRESENTATION_CONTEXT(2) 
PARAMETRIC_REPRESENTATION_CONTEXT() REPRESENTATION_CONTEXT('2D SPACE',''
  ) );
#6966 = PCURVE('',#6967,#6972);
#6967 = PLANE('',#6968);
#6968 = AXIS2_PLACEMENT_3D('',#6969,#6970,#6971);
#6969 = CARTESIAN_POINT('',(47.7,-21.4,9.1));
#6970 = DIRECTION('',(0.,0.,1.));
#6971 = DIRECTION('',(1.,0.,0.));
#6972 = DEFINITIONAL_REPRESENTATION('',(#6973),#6976);
#6973 = B_SPLINE_CURVE_WITH_KNOTS('',1,(#6974,#6975),.UNSPECIFIED.,.F.,
  .F.,(2,2),(-8.078398590529,-6.078398590529),.PIECEWISE_BEZIER_KNOTS.);
#6974 = CARTESIAN_POINT('',(0.,0.65));
#6975 = CARTESIAN_POINT('',(2.,0.65));
#6976 = ( GEOMETRIC_REPRESENTATION_CONTEXT(2) 
PARAMETRIC_REPRESENTATION_CONTEXT() REPRESENTATION_CONTEXT('2D SPACE',''
  ) );
#6977 = ORIENTED_EDGE('',*,*,#6978,.T.);
#6978 = EDGE_CURVE('',#6953,#6979,#6981,.T.);
#6979 = VERTEX_POINT('',#6980);
#6980 = CARTESIAN_POINT('',(49.7,-20.75,8.9));
#6981 = SURFACE_CURVE('',#6982,(#6986,#6992),.PCURVE_S1.);
#6982 = LINE('',#6983,#6984);
#6983 = CARTESIAN_POINT('',(49.7,-20.75,8.72));
#6984 = VECTOR('',#6985,1.);
#6985 = DIRECTION('',(0.,0.,-1.));
#6986 = PCURVE('',#6773,#6987);
#6987 = DEFINITIONAL_REPRESENTATION('',(#6988),#6991);
#6988 = B_SPLINE_CURVE_WITH_KNOTS('',1,(#6989,#6990),.UNSPECIFIED.,.F.,
  .F.,(2,2),(-0.38,-0.18),.PIECEWISE_BEZIER_KNOTS.);
#6989 = CARTESIAN_POINT('',(14.156797181059,-0.21));
#6990 = CARTESIAN_POINT('',(14.156797181059,-1.E-02));
#6991 = ( GEOMETRIC_REPRESENTATION_CONTEXT(2) 
PARAMETRIC_REPRESENTATION_CONTEXT() REPRESENTATION_CONTEXT('2D SPACE',''
  ) );
#6992 = PCURVE('',#3676,#6993);
#6993 = DEFINITIONAL_REPRESENTATION('',(#6994),#6998);
#6994 = LINE('',#6995,#6996);
#6995 = CARTESIAN_POINT('',(7.72,1.95));
#6996 = VECTOR('',#6997,1.);
#6997 = DIRECTION('',(-1.,0.));
#6998 = ( GEOMETRIC_REPRESENTATION_CONTEXT(2) 
PARAMETRIC_REPRESENTATION_CONTEXT() REPRESENTATION_CONTEXT('2D SPACE',''
  ) );
#6999 = ORIENTED_EDGE('',*,*,#7000,.T.);
#7000 = EDGE_CURVE('',#6979,#6717,#7001,.T.);
#7001 = SURFACE_CURVE('',#7002,(#7006,#7012),.PCURVE_S1.);
#7002 = LINE('',#7003,#7004);
#7003 = CARTESIAN_POINT('',(52.79650172576,-20.75,8.9));
#7004 = VECTOR('',#7005,1.);
#7005 = DIRECTION('',(1.,0.,-0.));
#7006 = PCURVE('',#6773,#7007);
#7007 = DEFINITIONAL_REPRESENTATION('',(#7008),#7011);
#7008 = B_SPLINE_CURVE_WITH_KNOTS('',1,(#7009,#7010),.UNSPECIFIED.,.F.,
  .F.,(2,2),(-24.32260570764,11.060295455299),.PIECEWISE_BEZIER_KNOTS.);
#7009 = CARTESIAN_POINT('',(35.382901162944,-1.E-02));
#7010 = CARTESIAN_POINT('',(0.,-1.E-02));
#7011 = ( GEOMETRIC_REPRESENTATION_CONTEXT(2) 
PARAMETRIC_REPRESENTATION_CONTEXT() REPRESENTATION_CONTEXT('2D SPACE',''
  ) );
#7012 = PCURVE('',#3860,#7013);
#7013 = DEFINITIONAL_REPRESENTATION('',(#7014),#7017);
#7014 = B_SPLINE_CURVE_WITH_KNOTS('',1,(#7015,#7016),.UNSPECIFIED.,.F.,
  .F.,(2,2),(-24.32260570764,11.060295455299),.PIECEWISE_BEZIER_KNOTS.);
#7015 = CARTESIAN_POINT('',(-13.26231025234,9.274280504665));
#7016 = CARTESIAN_POINT('',(22.120590910597,9.274280504665));
#7017 = ( GEOMETRIC_REPRESENTATION_CONTEXT(2) 
PARAMETRIC_REPRESENTATION_CONTEXT() REPRESENTATION_CONTEXT('2D SPACE',''
  ) );
#7018 = ORIENTED_EDGE('',*,*,#6759,.T.);
#7019 = ORIENTED_EDGE('',*,*,#7020,.F.);
#7020 = EDGE_CURVE('',#6791,#6739,#7021,.T.);
#7021 = SURFACE_CURVE('',#7022,(#7026,#7032),.PCURVE_S1.);
#7022 = LINE('',#7023,#7024);
#7023 = CARTESIAN_POINT('',(52.79650172576,-20.75,10.25));
#7024 = VECTOR('',#7025,1.);
#7025 = DIRECTION('',(1.,0.,-0.));
#7026 = PCURVE('',#6773,#7027);
#7027 = DEFINITIONAL_REPRESENTATION('',(#7028),#7031);
#7028 = B_SPLINE_CURVE_WITH_KNOTS('',1,(#7029,#7030),.UNSPECIFIED.,.F.,
  .F.,(2,2),(-24.32260570764,11.060295455299),.PIECEWISE_BEZIER_KNOTS.);
#7029 = CARTESIAN_POINT('',(35.382901162944,-1.36));
#7030 = CARTESIAN_POINT('',(0.,-1.36));
#7031 = ( GEOMETRIC_REPRESENTATION_CONTEXT(2) 
PARAMETRIC_REPRESENTATION_CONTEXT() REPRESENTATION_CONTEXT('2D SPACE',''
  ) );
#7032 = PCURVE('',#3916,#7033);
#7033 = DEFINITIONAL_REPRESENTATION('',(#7034),#7037);
#7034 = B_SPLINE_CURVE_WITH_KNOTS('',1,(#7035,#7036),.UNSPECIFIED.,.F.,
  .F.,(2,2),(-24.32260570764,11.060295455299),.PIECEWISE_BEZIER_KNOTS.);
#7035 = CARTESIAN_POINT('',(-13.26231025234,9.274280504665));
#7036 = CARTESIAN_POINT('',(22.120590910597,9.274280504665));
#7037 = ( GEOMETRIC_REPRESENTATION_CONTEXT(2) 
PARAMETRIC_REPRESENTATION_CONTEXT() REPRESENTATION_CONTEXT('2D SPACE',''
  ) );
#7038 = ADVANCED_FACE('',(#7039),#6876,.T.);
#7039 = FACE_BOUND('',#7040,.T.);
#7040 = EDGE_LOOP('',(#7041,#7064,#7092,#7113));
#7041 = ORIENTED_EDGE('',*,*,#7042,.F.);
#7042 = EDGE_CURVE('',#7043,#6840,#7045,.T.);
#7043 = VERTEX_POINT('',#7044);
#7044 = CARTESIAN_POINT('',(30.5,-21.4,9.1));
#7045 = SURFACE_CURVE('',#7046,(#7050,#7057),.PCURVE_S1.);
#7046 = LINE('',#7047,#7048);
#7047 = CARTESIAN_POINT('',(30.5,-21.4,9.1));
#7048 = VECTOR('',#7049,1.);
#7049 = DIRECTION('',(0.,1.,0.));
#7050 = PCURVE('',#6876,#7051);
#7051 = DEFINITIONAL_REPRESENTATION('',(#7052),#7056);
#7052 = LINE('',#7053,#7054);
#7053 = CARTESIAN_POINT('',(0.,0.));
#7054 = VECTOR('',#7055,1.);
#7055 = DIRECTION('',(0.,1.));
#7056 = ( GEOMETRIC_REPRESENTATION_CONTEXT(2) 
PARAMETRIC_REPRESENTATION_CONTEXT() REPRESENTATION_CONTEXT('2D SPACE',''
  ) );
#7057 = PCURVE('',#3482,#7058);
#7058 = DEFINITIONAL_REPRESENTATION('',(#7059),#7063);
#7059 = LINE('',#7060,#7061);
#7060 = CARTESIAN_POINT('',(8.1,2.6));
#7061 = VECTOR('',#7062,1.);
#7062 = DIRECTION('',(0.,-1.));
#7063 = ( GEOMETRIC_REPRESENTATION_CONTEXT(2) 
PARAMETRIC_REPRESENTATION_CONTEXT() REPRESENTATION_CONTEXT('2D SPACE',''
  ) );
#7064 = ORIENTED_EDGE('',*,*,#7065,.T.);
#7065 = EDGE_CURVE('',#7043,#7066,#7068,.T.);
#7066 = VERTEX_POINT('',#7067);
#7067 = CARTESIAN_POINT('',(32.5,-21.4,9.1));
#7068 = SURFACE_CURVE('',#7069,(#7073,#7080),.PCURVE_S1.);
#7069 = LINE('',#7070,#7071);
#7070 = CARTESIAN_POINT('',(30.5,-21.4,9.1));
#7071 = VECTOR('',#7072,1.);
#7072 = DIRECTION('',(1.,0.,0.));
#7073 = PCURVE('',#6876,#7074);
#7074 = DEFINITIONAL_REPRESENTATION('',(#7075),#7079);
#7075 = LINE('',#7076,#7077);
#7076 = CARTESIAN_POINT('',(0.,0.));
#7077 = VECTOR('',#7078,1.);
#7078 = DIRECTION('',(1.,0.));
#7079 = ( GEOMETRIC_REPRESENTATION_CONTEXT(2) 
PARAMETRIC_REPRESENTATION_CONTEXT() REPRESENTATION_CONTEXT('2D SPACE',''
  ) );
#7080 = PCURVE('',#7081,#7086);
#7081 = PLANE('',#7082);
#7082 = AXIS2_PLACEMENT_3D('',#7083,#7084,#7085);
#7083 = CARTESIAN_POINT('',(30.5,-21.4,8.55));
#7084 = DIRECTION('',(0.,1.,0.));
#7085 = DIRECTION('',(0.,0.,1.));
#7086 = DEFINITIONAL_REPRESENTATION('',(#7087),#7091);
#7087 = LINE('',#7088,#7089);
#7088 = CARTESIAN_POINT('',(0.55,0.));
#7089 = VECTOR('',#7090,1.);
#7090 = DIRECTION('',(0.,1.));
#7091 = ( GEOMETRIC_REPRESENTATION_CONTEXT(2) 
PARAMETRIC_REPRESENTATION_CONTEXT() REPRESENTATION_CONTEXT('2D SPACE',''
  ) );
#7092 = ORIENTED_EDGE('',*,*,#7093,.T.);
#7093 = EDGE_CURVE('',#7066,#6862,#7094,.T.);
#7094 = SURFACE_CURVE('',#7095,(#7099,#7106),.PCURVE_S1.);
#7095 = LINE('',#7096,#7097);
#7096 = CARTESIAN_POINT('',(32.5,-21.4,9.1));
#7097 = VECTOR('',#7098,1.);
#7098 = DIRECTION('',(0.,1.,0.));
#7099 = PCURVE('',#6876,#7100);
#7100 = DEFINITIONAL_REPRESENTATION('',(#7101),#7105);
#7101 = LINE('',#7102,#7103);
#7102 = CARTESIAN_POINT('',(2.,0.));
#7103 = VECTOR('',#7104,1.);
#7104 = DIRECTION('',(0.,1.));
#7105 = ( GEOMETRIC_REPRESENTATION_CONTEXT(2) 
PARAMETRIC_REPRESENTATION_CONTEXT() REPRESENTATION_CONTEXT('2D SPACE',''
  ) );
#7106 = PCURVE('',#3533,#7107);
#7107 = DEFINITIONAL_REPRESENTATION('',(#7108),#7112);
#7108 = LINE('',#7109,#7110);
#7109 = CARTESIAN_POINT('',(8.1,2.6));
#7110 = VECTOR('',#7111,1.);
#7111 = DIRECTION('',(0.,-1.));
#7112 = ( GEOMETRIC_REPRESENTATION_CONTEXT(2) 
PARAMETRIC_REPRESENTATION_CONTEXT() REPRESENTATION_CONTEXT('2D SPACE',''
  ) );
#7113 = ORIENTED_EDGE('',*,*,#6861,.F.);
#7114 = ADVANCED_FACE('',(#7115),#7081,.F.);
#7115 = FACE_BOUND('',#7116,.F.);
#7116 = EDGE_LOOP('',(#7117,#7147,#7168,#7169));
#7117 = ORIENTED_EDGE('',*,*,#7118,.F.);
#7118 = EDGE_CURVE('',#7119,#7121,#7123,.T.);
#7119 = VERTEX_POINT('',#7120);
#7120 = CARTESIAN_POINT('',(30.5,-21.4,8.55));
#7121 = VERTEX_POINT('',#7122);
#7122 = CARTESIAN_POINT('',(32.5,-21.4,8.55));
#7123 = SURFACE_CURVE('',#7124,(#7128,#7135),.PCURVE_S1.);
#7124 = LINE('',#7125,#7126);
#7125 = CARTESIAN_POINT('',(30.5,-21.4,8.55));
#7126 = VECTOR('',#7127,1.);
#7127 = DIRECTION('',(1.,0.,0.));
#7128 = PCURVE('',#7081,#7129);
#7129 = DEFINITIONAL_REPRESENTATION('',(#7130),#7134);
#7130 = LINE('',#7131,#7132);
#7131 = CARTESIAN_POINT('',(0.,0.));
#7132 = VECTOR('',#7133,1.);
#7133 = DIRECTION('',(0.,1.));
#7134 = ( GEOMETRIC_REPRESENTATION_CONTEXT(2) 
PARAMETRIC_REPRESENTATION_CONTEXT() REPRESENTATION_CONTEXT('2D SPACE',''
  ) );
#7135 = PCURVE('',#7136,#7141);
#7136 = PLANE('',#7137);
#7137 = AXIS2_PLACEMENT_3D('',#7138,#7139,#7140);
#7138 = CARTESIAN_POINT('',(30.5,-21.4,8.55));
#7139 = DIRECTION('',(0.,0.,1.));
#7140 = DIRECTION('',(1.,0.,0.));
#7141 = DEFINITIONAL_REPRESENTATION('',(#7142),#7146);
#7142 = LINE('',#7143,#7144);
#7143 = CARTESIAN_POINT('',(0.,0.));
#7144 = VECTOR('',#7145,1.);
#7145 = DIRECTION('',(1.,0.));
#7146 = ( GEOMETRIC_REPRESENTATION_CONTEXT(2) 
PARAMETRIC_REPRESENTATION_CONTEXT() REPRESENTATION_CONTEXT('2D SPACE',''
  ) );
#7147 = ORIENTED_EDGE('',*,*,#7148,.T.);
#7148 = EDGE_CURVE('',#7119,#7043,#7149,.T.);
#7149 = SURFACE_CURVE('',#7150,(#7154,#7161),.PCURVE_S1.);
#7150 = LINE('',#7151,#7152);
#7151 = CARTESIAN_POINT('',(30.5,-21.4,8.55));
#7152 = VECTOR('',#7153,1.);
#7153 = DIRECTION('',(0.,0.,1.));
#7154 = PCURVE('',#7081,#7155);
#7155 = DEFINITIONAL_REPRESENTATION('',(#7156),#7160);
#7156 = LINE('',#7157,#7158);
#7157 = CARTESIAN_POINT('',(0.,0.));
#7158 = VECTOR('',#7159,1.);
#7159 = DIRECTION('',(1.,0.));
#7160 = ( GEOMETRIC_REPRESENTATION_CONTEXT(2) 
PARAMETRIC_REPRESENTATION_CONTEXT() REPRESENTATION_CONTEXT('2D SPACE',''
  ) );
#7161 = PCURVE('',#3482,#7162);
#7162 = DEFINITIONAL_REPRESENTATION('',(#7163),#7167);
#7163 = LINE('',#7164,#7165);
#7164 = CARTESIAN_POINT('',(7.55,2.6));
#7165 = VECTOR('',#7166,1.);
#7166 = DIRECTION('',(1.,0.));
#7167 = ( GEOMETRIC_REPRESENTATION_CONTEXT(2) 
PARAMETRIC_REPRESENTATION_CONTEXT() REPRESENTATION_CONTEXT('2D SPACE',''
  ) );
#7168 = ORIENTED_EDGE('',*,*,#7065,.T.);
#7169 = ORIENTED_EDGE('',*,*,#7170,.F.);
#7170 = EDGE_CURVE('',#7121,#7066,#7171,.T.);
#7171 = SURFACE_CURVE('',#7172,(#7176,#7183),.PCURVE_S1.);
#7172 = LINE('',#7173,#7174);
#7173 = CARTESIAN_POINT('',(32.5,-21.4,8.55));
#7174 = VECTOR('',#7175,1.);
#7175 = DIRECTION('',(0.,0.,1.));
#7176 = PCURVE('',#7081,#7177);
#7177 = DEFINITIONAL_REPRESENTATION('',(#7178),#7182);
#7178 = LINE('',#7179,#7180);
#7179 = CARTESIAN_POINT('',(0.,2.));
#7180 = VECTOR('',#7181,1.);
#7181 = DIRECTION('',(1.,0.));
#7182 = ( GEOMETRIC_REPRESENTATION_CONTEXT(2) 
PARAMETRIC_REPRESENTATION_CONTEXT() REPRESENTATION_CONTEXT('2D SPACE',''
  ) );
#7183 = PCURVE('',#3533,#7184);
#7184 = DEFINITIONAL_REPRESENTATION('',(#7185),#7189);
#7185 = LINE('',#7186,#7187);
#7186 = CARTESIAN_POINT('',(7.55,2.6));
#7187 = VECTOR('',#7188,1.);
#7188 = DIRECTION('',(1.,0.));
#7189 = ( GEOMETRIC_REPRESENTATION_CONTEXT(2) 
PARAMETRIC_REPRESENTATION_CONTEXT() REPRESENTATION_CONTEXT('2D SPACE',''
  ) );
#7190 = ADVANCED_FACE('',(#7191),#7136,.F.);
#7191 = FACE_BOUND('',#7192,.F.);
#7192 = EDGE_LOOP('',(#7193,#7216,#7217,#7240));
#7193 = ORIENTED_EDGE('',*,*,#7194,.F.);
#7194 = EDGE_CURVE('',#7119,#7195,#7197,.T.);
#7195 = VERTEX_POINT('',#7196);
#7196 = CARTESIAN_POINT('',(30.5,-18.8,8.55));
#7197 = SURFACE_CURVE('',#7198,(#7202,#7209),.PCURVE_S1.);
#7198 = LINE('',#7199,#7200);
#7199 = CARTESIAN_POINT('',(30.5,-21.4,8.55));
#7200 = VECTOR('',#7201,1.);
#7201 = DIRECTION('',(0.,1.,0.));
#7202 = PCURVE('',#7136,#7203);
#7203 = DEFINITIONAL_REPRESENTATION('',(#7204),#7208);
#7204 = LINE('',#7205,#7206);
#7205 = CARTESIAN_POINT('',(0.,0.));
#7206 = VECTOR('',#7207,1.);
#7207 = DIRECTION('',(0.,1.));
#7208 = ( GEOMETRIC_REPRESENTATION_CONTEXT(2) 
PARAMETRIC_REPRESENTATION_CONTEXT() REPRESENTATION_CONTEXT('2D SPACE',''
  ) );
#7209 = PCURVE('',#3482,#7210);
#7210 = DEFINITIONAL_REPRESENTATION('',(#7211),#7215);
#7211 = LINE('',#7212,#7213);
#7212 = CARTESIAN_POINT('',(7.55,2.6));
#7213 = VECTOR('',#7214,1.);
#7214 = DIRECTION('',(0.,-1.));
#7215 = ( GEOMETRIC_REPRESENTATION_CONTEXT(2) 
PARAMETRIC_REPRESENTATION_CONTEXT() REPRESENTATION_CONTEXT('2D SPACE',''
  ) );
#7216 = ORIENTED_EDGE('',*,*,#7118,.T.);
#7217 = ORIENTED_EDGE('',*,*,#7218,.T.);
#7218 = EDGE_CURVE('',#7121,#7219,#7221,.T.);
#7219 = VERTEX_POINT('',#7220);
#7220 = CARTESIAN_POINT('',(32.5,-18.8,8.55));
#7221 = SURFACE_CURVE('',#7222,(#7226,#7233),.PCURVE_S1.);
#7222 = LINE('',#7223,#7224);
#7223 = CARTESIAN_POINT('',(32.5,-21.4,8.55));
#7224 = VECTOR('',#7225,1.);
#7225 = DIRECTION('',(0.,1.,0.));
#7226 = PCURVE('',#7136,#7227);
#7227 = DEFINITIONAL_REPRESENTATION('',(#7228),#7232);
#7228 = LINE('',#7229,#7230);
#7229 = CARTESIAN_POINT('',(2.,0.));
#7230 = VECTOR('',#7231,1.);
#7231 = DIRECTION('',(0.,1.));
#7232 = ( GEOMETRIC_REPRESENTATION_CONTEXT(2) 
PARAMETRIC_REPRESENTATION_CONTEXT() REPRESENTATION_CONTEXT('2D SPACE',''
  ) );
#7233 = PCURVE('',#3533,#7234);
#7234 = DEFINITIONAL_REPRESENTATION('',(#7235),#7239);
#7235 = LINE('',#7236,#7237);
#7236 = CARTESIAN_POINT('',(7.55,2.6));
#7237 = VECTOR('',#7238,1.);
#7238 = DIRECTION('',(0.,-1.));
#7239 = ( GEOMETRIC_REPRESENTATION_CONTEXT(2) 
PARAMETRIC_REPRESENTATION_CONTEXT() REPRESENTATION_CONTEXT('2D SPACE',''
  ) );
#7240 = ORIENTED_EDGE('',*,*,#7241,.F.);
#7241 = EDGE_CURVE('',#7195,#7219,#7242,.T.);
#7242 = SURFACE_CURVE('',#7243,(#7247,#7253),.PCURVE_S1.);
#7243 = LINE('',#7244,#7245);
#7244 = CARTESIAN_POINT('',(30.5,-18.8,8.55));
#7245 = VECTOR('',#7246,1.);
#7246 = DIRECTION('',(1.,0.,0.));
#7247 = PCURVE('',#7136,#7248);
#7248 = DEFINITIONAL_REPRESENTATION('',(#7249),#7252);
#7249 = B_SPLINE_CURVE_WITH_KNOTS('',1,(#7250,#7251),.UNSPECIFIED.,.F.,
  .F.,(2,2),(0.,2.),.PIECEWISE_BEZIER_KNOTS.);
#7250 = CARTESIAN_POINT('',(0.,2.6));
#7251 = CARTESIAN_POINT('',(2.,2.6));
#7252 = ( GEOMETRIC_REPRESENTATION_CONTEXT(2) 
PARAMETRIC_REPRESENTATION_CONTEXT() REPRESENTATION_CONTEXT('2D SPACE',''
  ) );
#7253 = PCURVE('',#3456,#7254);
#7254 = DEFINITIONAL_REPRESENTATION('',(#7255),#7258);
#7255 = B_SPLINE_CURVE_WITH_KNOTS('',1,(#7256,#7257),.UNSPECIFIED.,.F.,
  .F.,(2,2),(0.,2.),.PIECEWISE_BEZIER_KNOTS.);
#7256 = CARTESIAN_POINT('',(7.55,0.));
#7257 = CARTESIAN_POINT('',(7.55,2.));
#7258 = ( GEOMETRIC_REPRESENTATION_CONTEXT(2) 
PARAMETRIC_REPRESENTATION_CONTEXT() REPRESENTATION_CONTEXT('2D SPACE',''
  ) );
#7259 = ADVANCED_FACE('',(#7260),#6967,.T.);
#7260 = FACE_BOUND('',#7261,.T.);
#7261 = EDGE_LOOP('',(#7262,#7285,#7313,#7334));
#7262 = ORIENTED_EDGE('',*,*,#7263,.F.);
#7263 = EDGE_CURVE('',#7264,#6931,#7266,.T.);
#7264 = VERTEX_POINT('',#7265);
#7265 = CARTESIAN_POINT('',(47.7,-21.4,9.1));
#7266 = SURFACE_CURVE('',#7267,(#7271,#7278),.PCURVE_S1.);
#7267 = LINE('',#7268,#7269);
#7268 = CARTESIAN_POINT('',(47.7,-21.4,9.1));
#7269 = VECTOR('',#7270,1.);
#7270 = DIRECTION('',(0.,1.,0.));
#7271 = PCURVE('',#6967,#7272);
#7272 = DEFINITIONAL_REPRESENTATION('',(#7273),#7277);
#7273 = LINE('',#7274,#7275);
#7274 = CARTESIAN_POINT('',(0.,0.));
#7275 = VECTOR('',#7276,1.);
#7276 = DIRECTION('',(0.,1.));
#7277 = ( GEOMETRIC_REPRESENTATION_CONTEXT(2) 
PARAMETRIC_REPRESENTATION_CONTEXT() REPRESENTATION_CONTEXT('2D SPACE',''
  ) );
#7278 = PCURVE('',#3625,#7279);
#7279 = DEFINITIONAL_REPRESENTATION('',(#7280),#7284);
#7280 = LINE('',#7281,#7282);
#7281 = CARTESIAN_POINT('',(8.1,2.6));
#7282 = VECTOR('',#7283,1.);
#7283 = DIRECTION('',(0.,-1.));
#7284 = ( GEOMETRIC_REPRESENTATION_CONTEXT(2) 
PARAMETRIC_REPRESENTATION_CONTEXT() REPRESENTATION_CONTEXT('2D SPACE',''
  ) );
#7285 = ORIENTED_EDGE('',*,*,#7286,.T.);
#7286 = EDGE_CURVE('',#7264,#7287,#7289,.T.);
#7287 = VERTEX_POINT('',#7288);
#7288 = CARTESIAN_POINT('',(49.7,-21.4,9.1));
#7289 = SURFACE_CURVE('',#7290,(#7294,#7301),.PCURVE_S1.);
#7290 = LINE('',#7291,#7292);
#7291 = CARTESIAN_POINT('',(47.7,-21.4,9.1));
#7292 = VECTOR('',#7293,1.);
#7293 = DIRECTION('',(1.,0.,0.));
#7294 = PCURVE('',#6967,#7295);
#7295 = DEFINITIONAL_REPRESENTATION('',(#7296),#7300);
#7296 = LINE('',#7297,#7298);
#7297 = CARTESIAN_POINT('',(0.,0.));
#7298 = VECTOR('',#7299,1.);
#7299 = DIRECTION('',(1.,0.));
#7300 = ( GEOMETRIC_REPRESENTATION_CONTEXT(2) 
PARAMETRIC_REPRESENTATION_CONTEXT() REPRESENTATION_CONTEXT('2D SPACE',''
  ) );
#7301 = PCURVE('',#7302,#7307);
#7302 = PLANE('',#7303);
#7303 = AXIS2_PLACEMENT_3D('',#7304,#7305,#7306);
#7304 = CARTESIAN_POINT('',(47.7,-21.4,8.55));
#7305 = DIRECTION('',(0.,1.,0.));
#7306 = DIRECTION('',(0.,0.,1.));
#7307 = DEFINITIONAL_REPRESENTATION('',(#7308),#7312);
#7308 = LINE('',#7309,#7310);
#7309 = CARTESIAN_POINT('',(0.55,0.));
#7310 = VECTOR('',#7311,1.);
#7311 = DIRECTION('',(0.,1.));
#7312 = ( GEOMETRIC_REPRESENTATION_CONTEXT(2) 
PARAMETRIC_REPRESENTATION_CONTEXT() REPRESENTATION_CONTEXT('2D SPACE',''
  ) );
#7313 = ORIENTED_EDGE('',*,*,#7314,.T.);
#7314 = EDGE_CURVE('',#7287,#6953,#7315,.T.);
#7315 = SURFACE_CURVE('',#7316,(#7320,#7327),.PCURVE_S1.);
#7316 = LINE('',#7317,#7318);
#7317 = CARTESIAN_POINT('',(49.7,-21.4,9.1));
#7318 = VECTOR('',#7319,1.);
#7319 = DIRECTION('',(0.,1.,0.));
#7320 = PCURVE('',#6967,#7321);
#7321 = DEFINITIONAL_REPRESENTATION('',(#7322),#7326);
#7322 = LINE('',#7323,#7324);
#7323 = CARTESIAN_POINT('',(2.,0.));
#7324 = VECTOR('',#7325,1.);
#7325 = DIRECTION('',(0.,1.));
#7326 = ( GEOMETRIC_REPRESENTATION_CONTEXT(2) 
PARAMETRIC_REPRESENTATION_CONTEXT() REPRESENTATION_CONTEXT('2D SPACE',''
  ) );
#7327 = PCURVE('',#3676,#7328);
#7328 = DEFINITIONAL_REPRESENTATION('',(#7329),#7333);
#7329 = LINE('',#7330,#7331);
#7330 = CARTESIAN_POINT('',(8.1,2.6));
#7331 = VECTOR('',#7332,1.);
#7332 = DIRECTION('',(0.,-1.));
#7333 = ( GEOMETRIC_REPRESENTATION_CONTEXT(2) 
PARAMETRIC_REPRESENTATION_CONTEXT() REPRESENTATION_CONTEXT('2D SPACE',''
  ) );
#7334 = ORIENTED_EDGE('',*,*,#6952,.F.);
#7335 = ADVANCED_FACE('',(#7336),#7302,.F.);
#7336 = FACE_BOUND('',#7337,.F.);
#7337 = EDGE_LOOP('',(#7338,#7368,#7389,#7390));
#7338 = ORIENTED_EDGE('',*,*,#7339,.F.);
#7339 = EDGE_CURVE('',#7340,#7342,#7344,.T.);
#7340 = VERTEX_POINT('',#7341);
#7341 = CARTESIAN_POINT('',(47.7,-21.4,8.55));
#7342 = VERTEX_POINT('',#7343);
#7343 = CARTESIAN_POINT('',(49.7,-21.4,8.55));
#7344 = SURFACE_CURVE('',#7345,(#7349,#7356),.PCURVE_S1.);
#7345 = LINE('',#7346,#7347);
#7346 = CARTESIAN_POINT('',(47.7,-21.4,8.55));
#7347 = VECTOR('',#7348,1.);
#7348 = DIRECTION('',(1.,0.,0.));
#7349 = PCURVE('',#7302,#7350);
#7350 = DEFINITIONAL_REPRESENTATION('',(#7351),#7355);
#7351 = LINE('',#7352,#7353);
#7352 = CARTESIAN_POINT('',(0.,0.));
#7353 = VECTOR('',#7354,1.);
#7354 = DIRECTION('',(0.,1.));
#7355 = ( GEOMETRIC_REPRESENTATION_CONTEXT(2) 
PARAMETRIC_REPRESENTATION_CONTEXT() REPRESENTATION_CONTEXT('2D SPACE',''
  ) );
#7356 = PCURVE('',#7357,#7362);
#7357 = PLANE('',#7358);
#7358 = AXIS2_PLACEMENT_3D('',#7359,#7360,#7361);
#7359 = CARTESIAN_POINT('',(47.7,-21.4,8.55));
#7360 = DIRECTION('',(0.,0.,1.));
#7361 = DIRECTION('',(1.,0.,0.));
#7362 = DEFINITIONAL_REPRESENTATION('',(#7363),#7367);
#7363 = LINE('',#7364,#7365);
#7364 = CARTESIAN_POINT('',(0.,0.));
#7365 = VECTOR('',#7366,1.);
#7366 = DIRECTION('',(1.,0.));
#7367 = ( GEOMETRIC_REPRESENTATION_CONTEXT(2) 
PARAMETRIC_REPRESENTATION_CONTEXT() REPRESENTATION_CONTEXT('2D SPACE',''
  ) );
#7368 = ORIENTED_EDGE('',*,*,#7369,.T.);
#7369 = EDGE_CURVE('',#7340,#7264,#7370,.T.);
#7370 = SURFACE_CURVE('',#7371,(#7375,#7382),.PCURVE_S1.);
#7371 = LINE('',#7372,#7373);
#7372 = CARTESIAN_POINT('',(47.7,-21.4,8.55));
#7373 = VECTOR('',#7374,1.);
#7374 = DIRECTION('',(0.,0.,1.));
#7375 = PCURVE('',#7302,#7376);
#7376 = DEFINITIONAL_REPRESENTATION('',(#7377),#7381);
#7377 = LINE('',#7378,#7379);
#7378 = CARTESIAN_POINT('',(0.,0.));
#7379 = VECTOR('',#7380,1.);
#7380 = DIRECTION('',(1.,0.));
#7381 = ( GEOMETRIC_REPRESENTATION_CONTEXT(2) 
PARAMETRIC_REPRESENTATION_CONTEXT() REPRESENTATION_CONTEXT('2D SPACE',''
  ) );
#7382 = PCURVE('',#3625,#7383);
#7383 = DEFINITIONAL_REPRESENTATION('',(#7384),#7388);
#7384 = LINE('',#7385,#7386);
#7385 = CARTESIAN_POINT('',(7.55,2.6));
#7386 = VECTOR('',#7387,1.);
#7387 = DIRECTION('',(1.,0.));
#7388 = ( GEOMETRIC_REPRESENTATION_CONTEXT(2) 
PARAMETRIC_REPRESENTATION_CONTEXT() REPRESENTATION_CONTEXT('2D SPACE',''
  ) );
#7389 = ORIENTED_EDGE('',*,*,#7286,.T.);
#7390 = ORIENTED_EDGE('',*,*,#7391,.F.);
#7391 = EDGE_CURVE('',#7342,#7287,#7392,.T.);
#7392 = SURFACE_CURVE('',#7393,(#7397,#7404),.PCURVE_S1.);
#7393 = LINE('',#7394,#7395);
#7394 = CARTESIAN_POINT('',(49.7,-21.4,8.55));
#7395 = VECTOR('',#7396,1.);
#7396 = DIRECTION('',(0.,0.,1.));
#7397 = PCURVE('',#7302,#7398);
#7398 = DEFINITIONAL_REPRESENTATION('',(#7399),#7403);
#7399 = LINE('',#7400,#7401);
#7400 = CARTESIAN_POINT('',(0.,2.));
#7401 = VECTOR('',#7402,1.);
#7402 = DIRECTION('',(1.,0.));
#7403 = ( GEOMETRIC_REPRESENTATION_CONTEXT(2) 
PARAMETRIC_REPRESENTATION_CONTEXT() REPRESENTATION_CONTEXT('2D SPACE',''
  ) );
#7404 = PCURVE('',#3676,#7405);
#7405 = DEFINITIONAL_REPRESENTATION('',(#7406),#7410);
#7406 = LINE('',#7407,#7408);
#7407 = CARTESIAN_POINT('',(7.55,2.6));
#7408 = VECTOR('',#7409,1.);
#7409 = DIRECTION('',(1.,0.));
#7410 = ( GEOMETRIC_REPRESENTATION_CONTEXT(2) 
PARAMETRIC_REPRESENTATION_CONTEXT() REPRESENTATION_CONTEXT('2D SPACE',''
  ) );
#7411 = ADVANCED_FACE('',(#7412),#7357,.F.);
#7412 = FACE_BOUND('',#7413,.F.);
#7413 = EDGE_LOOP('',(#7414,#7437,#7438,#7461));
#7414 = ORIENTED_EDGE('',*,*,#7415,.F.);
#7415 = EDGE_CURVE('',#7340,#7416,#7418,.T.);
#7416 = VERTEX_POINT('',#7417);
#7417 = CARTESIAN_POINT('',(47.7,-18.8,8.55));
#7418 = SURFACE_CURVE('',#7419,(#7423,#7430),.PCURVE_S1.);
#7419 = LINE('',#7420,#7421);
#7420 = CARTESIAN_POINT('',(47.7,-21.4,8.55));
#7421 = VECTOR('',#7422,1.);
#7422 = DIRECTION('',(0.,1.,0.));
#7423 = PCURVE('',#7357,#7424);
#7424 = DEFINITIONAL_REPRESENTATION('',(#7425),#7429);
#7425 = LINE('',#7426,#7427);
#7426 = CARTESIAN_POINT('',(0.,0.));
#7427 = VECTOR('',#7428,1.);
#7428 = DIRECTION('',(0.,1.));
#7429 = ( GEOMETRIC_REPRESENTATION_CONTEXT(2) 
PARAMETRIC_REPRESENTATION_CONTEXT() REPRESENTATION_CONTEXT('2D SPACE',''
  ) );
#7430 = PCURVE('',#3625,#7431);
#7431 = DEFINITIONAL_REPRESENTATION('',(#7432),#7436);
#7432 = LINE('',#7433,#7434);
#7433 = CARTESIAN_POINT('',(7.55,2.6));
#7434 = VECTOR('',#7435,1.);
#7435 = DIRECTION('',(0.,-1.));
#7436 = ( GEOMETRIC_REPRESENTATION_CONTEXT(2) 
PARAMETRIC_REPRESENTATION_CONTEXT() REPRESENTATION_CONTEXT('2D SPACE',''
  ) );
#7437 = ORIENTED_EDGE('',*,*,#7339,.T.);
#7438 = ORIENTED_EDGE('',*,*,#7439,.T.);
#7439 = EDGE_CURVE('',#7342,#7440,#7442,.T.);
#7440 = VERTEX_POINT('',#7441);
#7441 = CARTESIAN_POINT('',(49.7,-18.8,8.55));
#7442 = SURFACE_CURVE('',#7443,(#7447,#7454),.PCURVE_S1.);
#7443 = LINE('',#7444,#7445);
#7444 = CARTESIAN_POINT('',(49.7,-21.4,8.55));
#7445 = VECTOR('',#7446,1.);
#7446 = DIRECTION('',(0.,1.,0.));
#7447 = PCURVE('',#7357,#7448);
#7448 = DEFINITIONAL_REPRESENTATION('',(#7449),#7453);
#7449 = LINE('',#7450,#7451);
#7450 = CARTESIAN_POINT('',(2.,0.));
#7451 = VECTOR('',#7452,1.);
#7452 = DIRECTION('',(0.,1.));
#7453 = ( GEOMETRIC_REPRESENTATION_CONTEXT(2) 
PARAMETRIC_REPRESENTATION_CONTEXT() REPRESENTATION_CONTEXT('2D SPACE',''
  ) );
#7454 = PCURVE('',#3676,#7455);
#7455 = DEFINITIONAL_REPRESENTATION('',(#7456),#7460);
#7456 = LINE('',#7457,#7458);
#7457 = CARTESIAN_POINT('',(7.55,2.6));
#7458 = VECTOR('',#7459,1.);
#7459 = DIRECTION('',(0.,-1.));
#7460 = ( GEOMETRIC_REPRESENTATION_CONTEXT(2) 
PARAMETRIC_REPRESENTATION_CONTEXT() REPRESENTATION_CONTEXT('2D SPACE',''
  ) );
#7461 = ORIENTED_EDGE('',*,*,#7462,.F.);
#7462 = EDGE_CURVE('',#7416,#7440,#7463,.T.);
#7463 = SURFACE_CURVE('',#7464,(#7468,#7474),.PCURVE_S1.);
#7464 = LINE('',#7465,#7466);
#7465 = CARTESIAN_POINT('',(47.7,-18.8,8.55));
#7466 = VECTOR('',#7467,1.);
#7467 = DIRECTION('',(1.,0.,0.));
#7468 = PCURVE('',#7357,#7469);
#7469 = DEFINITIONAL_REPRESENTATION('',(#7470),#7473);
#7470 = B_SPLINE_CURVE_WITH_KNOTS('',1,(#7471,#7472),.UNSPECIFIED.,.F.,
  .F.,(2,2),(0.,2.),.PIECEWISE_BEZIER_KNOTS.);
#7471 = CARTESIAN_POINT('',(0.,2.6));
#7472 = CARTESIAN_POINT('',(2.,2.6));
#7473 = ( GEOMETRIC_REPRESENTATION_CONTEXT(2) 
PARAMETRIC_REPRESENTATION_CONTEXT() REPRESENTATION_CONTEXT('2D SPACE',''
  ) );
#7474 = PCURVE('',#3599,#7475);
#7475 = DEFINITIONAL_REPRESENTATION('',(#7476),#7479);
#7476 = B_SPLINE_CURVE_WITH_KNOTS('',1,(#7477,#7478),.UNSPECIFIED.,.F.,
  .F.,(2,2),(0.,2.),.PIECEWISE_BEZIER_KNOTS.);
#7477 = CARTESIAN_POINT('',(7.55,0.));
#7478 = CARTESIAN_POINT('',(7.55,2.));
#7479 = ( GEOMETRIC_REPRESENTATION_CONTEXT(2) 
PARAMETRIC_REPRESENTATION_CONTEXT() REPRESENTATION_CONTEXT('2D SPACE',''
  ) );
#7480 = ADVANCED_FACE('',(#7481),#6806,.T.);
#7481 = FACE_BOUND('',#7482,.T.);
#7482 = EDGE_LOOP('',(#7483,#7504,#7505,#7526));
#7483 = ORIENTED_EDGE('',*,*,#7484,.T.);
#7484 = EDGE_CURVE('',#7485,#6789,#7487,.T.);
#7485 = VERTEX_POINT('',#7486);
#7486 = CARTESIAN_POINT('',(24.388475471172,-21.36281308204,8.9));
#7487 = SURFACE_CURVE('',#7488,(#7492,#7498),.PCURVE_S1.);
#7488 = LINE('',#7489,#7490);
#7489 = CARTESIAN_POINT('',(34.278868231634,-19.87925416797,8.9));
#7490 = VECTOR('',#7491,1.);
#7491 = DIRECTION('',(0.988936352868,0.14834045293,-0.));
#7492 = PCURVE('',#6806,#7493);
#7493 = DEFINITIONAL_REPRESENTATION('',(#7494),#7497);
#7494 = B_SPLINE_CURVE_WITH_KNOTS('',1,(#7495,#7496),.UNSPECIFIED.,.F.,
  .F.,(2,2),(-10.00104074622,-5.86991488045),.PIECEWISE_BEZIER_KNOTS.);
#7495 = CARTESIAN_POINT('',(4.131125865778,-1.E-02));
#7496 = CARTESIAN_POINT('',(0.,-1.E-02));
#7497 = ( GEOMETRIC_REPRESENTATION_CONTEXT(2) 
PARAMETRIC_REPRESENTATION_CONTEXT() REPRESENTATION_CONTEXT('2D SPACE',''
  ) );
#7498 = PCURVE('',#3972,#7499);
#7499 = DEFINITIONAL_REPRESENTATION('',(#7500),#7503);
#7500 = B_SPLINE_CURVE_WITH_KNOTS('',1,(#7501,#7502),.UNSPECIFIED.,.F.,
  .F.,(2,2),(-10.00104074622,-5.86991488045),.PIECEWISE_BEZIER_KNOTS.);
#7501 = CARTESIAN_POINT('',(-17.34773079928,8.661467422623));
#7502 = CARTESIAN_POINT('',(-13.26231025234,9.274280504665));
#7503 = ( GEOMETRIC_REPRESENTATION_CONTEXT(2) 
PARAMETRIC_REPRESENTATION_CONTEXT() REPRESENTATION_CONTEXT('2D SPACE',''
  ) );
#7504 = ORIENTED_EDGE('',*,*,#6788,.T.);
#7505 = ORIENTED_EDGE('',*,*,#7506,.F.);
#7506 = EDGE_CURVE('',#7507,#6791,#7509,.T.);
#7507 = VERTEX_POINT('',#7508);
#7508 = CARTESIAN_POINT('',(24.388475471172,-21.36281308204,10.25));
#7509 = SURFACE_CURVE('',#7510,(#7514,#7520),.PCURVE_S1.);
#7510 = LINE('',#7511,#7512);
#7511 = CARTESIAN_POINT('',(34.278868231634,-19.87925416797,10.25));
#7512 = VECTOR('',#7513,1.);
#7513 = DIRECTION('',(0.988936352868,0.14834045293,-0.));
#7514 = PCURVE('',#6806,#7515);
#7515 = DEFINITIONAL_REPRESENTATION('',(#7516),#7519);
#7516 = B_SPLINE_CURVE_WITH_KNOTS('',1,(#7517,#7518),.UNSPECIFIED.,.F.,
  .F.,(2,2),(-10.00104074622,-5.86991488045),.PIECEWISE_BEZIER_KNOTS.);
#7517 = CARTESIAN_POINT('',(4.131125865778,-1.36));
#7518 = CARTESIAN_POINT('',(0.,-1.36));
#7519 = ( GEOMETRIC_REPRESENTATION_CONTEXT(2) 
PARAMETRIC_REPRESENTATION_CONTEXT() REPRESENTATION_CONTEXT('2D SPACE',''
  ) );
#7520 = PCURVE('',#3916,#7521);
#7521 = DEFINITIONAL_REPRESENTATION('',(#7522),#7525);
#7522 = B_SPLINE_CURVE_WITH_KNOTS('',1,(#7523,#7524),.UNSPECIFIED.,.F.,
  .F.,(2,2),(-10.00104074622,-5.86991488045),.PIECEWISE_BEZIER_KNOTS.);
#7523 = CARTESIAN_POINT('',(-17.34773079928,8.661467422623));
#7524 = CARTESIAN_POINT('',(-13.26231025234,9.274280504665));
#7525 = ( GEOMETRIC_REPRESENTATION_CONTEXT(2) 
PARAMETRIC_REPRESENTATION_CONTEXT() REPRESENTATION_CONTEXT('2D SPACE',''
  ) );
#7526 = ORIENTED_EDGE('',*,*,#7527,.F.);
#7527 = EDGE_CURVE('',#7485,#7507,#7528,.T.);
#7528 = SURFACE_CURVE('',#7529,(#7533,#7540),.PCURVE_S1.);
#7529 = LINE('',#7530,#7531);
#7530 = CARTESIAN_POINT('',(24.388475471172,-21.36281308204,8.89));
#7531 = VECTOR('',#7532,1.);
#7532 = DIRECTION('',(0.,0.,1.));
#7533 = PCURVE('',#6806,#7534);
#7534 = DEFINITIONAL_REPRESENTATION('',(#7535),#7539);
#7535 = LINE('',#7536,#7537);
#7536 = CARTESIAN_POINT('',(4.131125865778,0.));
#7537 = VECTOR('',#7538,1.);
#7538 = DIRECTION('',(0.,-1.));
#7539 = ( GEOMETRIC_REPRESENTATION_CONTEXT(2) 
PARAMETRIC_REPRESENTATION_CONTEXT() REPRESENTATION_CONTEXT('2D SPACE',''
  ) );
#7540 = PCURVE('',#7541,#7546);
#7541 = PLANE('',#7542);
#7542 = AXIS2_PLACEMENT_3D('',#7543,#7544,#7545);
#7543 = CARTESIAN_POINT('',(24.388475471172,-21.36281308204,8.89));
#7544 = DIRECTION('',(0.470588235294,-0.882352941176,0.));
#7545 = DIRECTION('',(-0.882352941176,-0.470588235294,0.));
#7546 = DEFINITIONAL_REPRESENTATION('',(#7547),#7551);
#7547 = LINE('',#7548,#7549);
#7548 = CARTESIAN_POINT('',(0.,0.));
#7549 = VECTOR('',#7550,1.);
#7550 = DIRECTION('',(0.,-1.));
#7551 = ( GEOMETRIC_REPRESENTATION_CONTEXT(2) 
PARAMETRIC_REPRESENTATION_CONTEXT() REPRESENTATION_CONTEXT('2D SPACE',''
  ) );
#7552 = ADVANCED_FACE('',(#7553),#7541,.T.);
#7553 = FACE_BOUND('',#7554,.T.);
#7554 = EDGE_LOOP('',(#7555,#7576,#7577,#7598));
#7555 = ORIENTED_EDGE('',*,*,#7556,.T.);
#7556 = EDGE_CURVE('',#7557,#7485,#7559,.T.);
#7557 = VERTEX_POINT('',#7558);
#7558 = CARTESIAN_POINT('',(21.297608613688,-23.01127540603,8.9));
#7559 = SURFACE_CURVE('',#7560,(#7564,#7570),.PCURVE_S1.);
#7560 = LINE('',#7561,#7562);
#7561 = CARTESIAN_POINT('',(29.343256334711,-18.72026328815,8.9));
#7562 = VECTOR('',#7563,1.);
#7563 = DIRECTION('',(0.882352941176,0.470588235294,-0.));
#7564 = PCURVE('',#7541,#7565);
#7565 = DEFINITIONAL_REPRESENTATION('',(#7566),#7569);
#7566 = B_SPLINE_CURVE_WITH_KNOTS('',1,(#7567,#7568),.UNSPECIFIED.,.F.,
  .F.,(2,2),(-9.118400750492,-5.61541831201),.PIECEWISE_BEZIER_KNOTS.);
#7567 = CARTESIAN_POINT('',(3.502982438482,-1.E-02));
#7568 = CARTESIAN_POINT('',(0.,-1.E-02));
#7569 = ( GEOMETRIC_REPRESENTATION_CONTEXT(2) 
PARAMETRIC_REPRESENTATION_CONTEXT() REPRESENTATION_CONTEXT('2D SPACE',''
  ) );
#7570 = PCURVE('',#3972,#7571);
#7571 = DEFINITIONAL_REPRESENTATION('',(#7572),#7575);
#7572 = B_SPLINE_CURVE_WITH_KNOTS('',1,(#7573,#7574),.UNSPECIFIED.,.F.,
  .F.,(2,2),(-9.118400750492,-5.61541831201),.PIECEWISE_BEZIER_KNOTS.);
#7573 = CARTESIAN_POINT('',(-20.43859765677,7.013005098632));
#7574 = CARTESIAN_POINT('',(-17.34773079928,8.661467422623));
#7575 = ( GEOMETRIC_REPRESENTATION_CONTEXT(2) 
PARAMETRIC_REPRESENTATION_CONTEXT() REPRESENTATION_CONTEXT('2D SPACE',''
  ) );
#7576 = ORIENTED_EDGE('',*,*,#7527,.T.);
#7577 = ORIENTED_EDGE('',*,*,#7578,.F.);
#7578 = EDGE_CURVE('',#7579,#7507,#7581,.T.);
#7579 = VERTEX_POINT('',#7580);
#7580 = CARTESIAN_POINT('',(21.297608613688,-23.01127540603,10.25));
#7581 = SURFACE_CURVE('',#7582,(#7586,#7592),.PCURVE_S1.);
#7582 = LINE('',#7583,#7584);
#7583 = CARTESIAN_POINT('',(29.343256334711,-18.72026328815,10.25));
#7584 = VECTOR('',#7585,1.);
#7585 = DIRECTION('',(0.882352941176,0.470588235294,-0.));
#7586 = PCURVE('',#7541,#7587);
#7587 = DEFINITIONAL_REPRESENTATION('',(#7588),#7591);
#7588 = B_SPLINE_CURVE_WITH_KNOTS('',1,(#7589,#7590),.UNSPECIFIED.,.F.,
  .F.,(2,2),(-9.118400750492,-5.61541831201),.PIECEWISE_BEZIER_KNOTS.);
#7589 = CARTESIAN_POINT('',(3.502982438482,-1.36));
#7590 = CARTESIAN_POINT('',(0.,-1.36));
#7591 = ( GEOMETRIC_REPRESENTATION_CONTEXT(2) 
PARAMETRIC_REPRESENTATION_CONTEXT() REPRESENTATION_CONTEXT('2D SPACE',''
  ) );
#7592 = PCURVE('',#3916,#7593);
#7593 = DEFINITIONAL_REPRESENTATION('',(#7594),#7597);
#7594 = B_SPLINE_CURVE_WITH_KNOTS('',1,(#7595,#7596),.UNSPECIFIED.,.F.,
  .F.,(2,2),(-9.118400750492,-5.61541831201),.PIECEWISE_BEZIER_KNOTS.);
#7595 = CARTESIAN_POINT('',(-20.43859765677,7.013005098632));
#7596 = CARTESIAN_POINT('',(-17.34773079928,8.661467422623));
#7597 = ( GEOMETRIC_REPRESENTATION_CONTEXT(2) 
PARAMETRIC_REPRESENTATION_CONTEXT() REPRESENTATION_CONTEXT('2D SPACE',''
  ) );
#7598 = ORIENTED_EDGE('',*,*,#7599,.F.);
#7599 = EDGE_CURVE('',#7557,#7579,#7600,.T.);
#7600 = SURFACE_CURVE('',#7601,(#7605,#7612),.PCURVE_S1.);
#7601 = LINE('',#7602,#7603);
#7602 = CARTESIAN_POINT('',(21.297608613688,-23.01127540603,8.89));
#7603 = VECTOR('',#7604,1.);
#7604 = DIRECTION('',(0.,0.,1.));
#7605 = PCURVE('',#7541,#7606);
#7606 = DEFINITIONAL_REPRESENTATION('',(#7607),#7611);
#7607 = LINE('',#7608,#7609);
#7608 = CARTESIAN_POINT('',(3.502982438482,0.));
#7609 = VECTOR('',#7610,1.);
#7610 = DIRECTION('',(0.,-1.));
#7611 = ( GEOMETRIC_REPRESENTATION_CONTEXT(2) 
PARAMETRIC_REPRESENTATION_CONTEXT() REPRESENTATION_CONTEXT('2D SPACE',''
  ) );
#7612 = PCURVE('',#7613,#7618);
#7613 = PLANE('',#7614);
#7614 = AXIS2_PLACEMENT_3D('',#7615,#7616,#7617);
#7615 = CARTESIAN_POINT('',(21.297608613688,-23.01127540603,8.89));
#7616 = DIRECTION('',(0.668964731622,-0.743294146247,0.));
#7617 = DIRECTION('',(-0.743294146247,-0.668964731622,0.));
#7618 = DEFINITIONAL_REPRESENTATION('',(#7619),#7623);
#7619 = LINE('',#7620,#7621);
#7620 = CARTESIAN_POINT('',(0.,0.));
#7621 = VECTOR('',#7622,1.);
#7622 = DIRECTION('',(0.,-1.));
#7623 = ( GEOMETRIC_REPRESENTATION_CONTEXT(2) 
PARAMETRIC_REPRESENTATION_CONTEXT() REPRESENTATION_CONTEXT('2D SPACE',''
  ) );
#7624 = ADVANCED_FACE('',(#7625),#7613,.T.);
#7625 = FACE_BOUND('',#7626,.T.);
#7626 = EDGE_LOOP('',(#7627,#7657,#7678,#7704,#7730,#7756,#7775,#7776));
#7627 = ORIENTED_EDGE('',*,*,#7628,.F.);
#7628 = EDGE_CURVE('',#7629,#7631,#7633,.T.);
#7629 = VERTEX_POINT('',#7630);
#7630 = CARTESIAN_POINT('',(20.208071067401,-23.99185919769,8.9));
#7631 = VERTEX_POINT('',#7632);
#7632 = CARTESIAN_POINT('',(20.208071067401,-23.99185919769,10.25));
#7633 = SURFACE_CURVE('',#7634,(#7638,#7645),.PCURVE_S1.);
#7634 = LINE('',#7635,#7636);
#7635 = CARTESIAN_POINT('',(20.208071067401,-23.99185919769,8.89));
#7636 = VECTOR('',#7637,1.);
#7637 = DIRECTION('',(0.,0.,1.));
#7638 = PCURVE('',#7613,#7639);
#7639 = DEFINITIONAL_REPRESENTATION('',(#7640),#7644);
#7640 = LINE('',#7641,#7642);
#7641 = CARTESIAN_POINT('',(1.465822853292,0.));
#7642 = VECTOR('',#7643,1.);
#7643 = DIRECTION('',(0.,-1.));
#7644 = ( GEOMETRIC_REPRESENTATION_CONTEXT(2) 
PARAMETRIC_REPRESENTATION_CONTEXT() REPRESENTATION_CONTEXT('2D SPACE',''
  ) );
#7645 = PCURVE('',#7646,#7651);
#7646 = PLANE('',#7647);
#7647 = AXIS2_PLACEMENT_3D('',#7648,#7649,#7650);
#7648 = CARTESIAN_POINT('',(20.208071067401,-23.99185919769,8.89));
#7649 = DIRECTION('',(0.920751720675,-0.390149034184,0.));
#7650 = DIRECTION('',(-0.390149034184,-0.920751720675,0.));
#7651 = DEFINITIONAL_REPRESENTATION('',(#7652),#7656);
#7652 = LINE('',#7653,#7654);
#7653 = CARTESIAN_POINT('',(0.,0.));
#7654 = VECTOR('',#7655,1.);
#7655 = DIRECTION('',(0.,-1.));
#7656 = ( GEOMETRIC_REPRESENTATION_CONTEXT(2) 
PARAMETRIC_REPRESENTATION_CONTEXT() REPRESENTATION_CONTEXT('2D SPACE',''
  ) );
#7657 = ORIENTED_EDGE('',*,*,#7658,.T.);
#7658 = EDGE_CURVE('',#7629,#7659,#7661,.T.);
#7659 = VERTEX_POINT('',#7660);
#7660 = CARTESIAN_POINT('',(20.35,-23.86412315835,8.9));
#7661 = SURFACE_CURVE('',#7662,(#7666,#7672),.PCURVE_S1.);
#7662 = LINE('',#7663,#7664);
#7663 = CARTESIAN_POINT('',(25.200065262308,-19.49906442227,8.9));
#7664 = VECTOR('',#7665,1.);
#7665 = DIRECTION('',(0.743294146247,0.668964731622,-0.));
#7666 = PCURVE('',#7613,#7667);
#7667 = DEFINITIONAL_REPRESENTATION('',(#7668),#7671);
#7668 = B_SPLINE_CURVE_WITH_KNOTS('',1,(#7669,#7670),.UNSPECIFIED.,.F.,
  .F.,(2,2),(-6.716041314346,-5.250218461054),.PIECEWISE_BEZIER_KNOTS.);
#7669 = CARTESIAN_POINT('',(1.465822853292,-1.E-02));
#7670 = CARTESIAN_POINT('',(0.,-1.E-02));
#7671 = ( GEOMETRIC_REPRESENTATION_CONTEXT(2) 
PARAMETRIC_REPRESENTATION_CONTEXT() REPRESENTATION_CONTEXT('2D SPACE',''
  ) );
#7672 = PCURVE('',#3972,#7673);
#7673 = DEFINITIONAL_REPRESENTATION('',(#7674),#7677);
#7674 = B_SPLINE_CURVE_WITH_KNOTS('',1,(#7675,#7676),.UNSPECIFIED.,.F.,
  .F.,(2,2),(-6.716041314346,-5.250218461054),.PIECEWISE_BEZIER_KNOTS.);
#7675 = CARTESIAN_POINT('',(-21.52813520306,6.032421306973));
#7676 = CARTESIAN_POINT('',(-20.43859765677,7.013005098632));
#7677 = ( GEOMETRIC_REPRESENTATION_CONTEXT(2) 
PARAMETRIC_REPRESENTATION_CONTEXT() REPRESENTATION_CONTEXT('2D SPACE',''
  ) );
#7678 = ORIENTED_EDGE('',*,*,#7679,.F.);
#7679 = EDGE_CURVE('',#7680,#7659,#7682,.T.);
#7680 = VERTEX_POINT('',#7681);
#7681 = CARTESIAN_POINT('',(20.35,-23.86412315835,9.4));
#7682 = SURFACE_CURVE('',#7683,(#7687,#7693),.PCURVE_S1.);
#7683 = LINE('',#7684,#7685);
#7684 = CARTESIAN_POINT('',(20.35,-23.86412315835,8.845));
#7685 = VECTOR('',#7686,1.);
#7686 = DIRECTION('',(-0.,-0.,-1.));
#7687 = PCURVE('',#7613,#7688);
#7688 = DEFINITIONAL_REPRESENTATION('',(#7689),#7692);
#7689 = B_SPLINE_CURVE_WITH_KNOTS('',1,(#7690,#7691),.UNSPECIFIED.,.F.,
  .F.,(2,2),(-0.555,-5.5E-02),.PIECEWISE_BEZIER_KNOTS.);
#7690 = CARTESIAN_POINT('',(1.274877003233,-0.51));
#7691 = CARTESIAN_POINT('',(1.274877003233,-1.E-02));
#7692 = ( GEOMETRIC_REPRESENTATION_CONTEXT(2) 
PARAMETRIC_REPRESENTATION_CONTEXT() REPRESENTATION_CONTEXT('2D SPACE',''
  ) );
#7693 = PCURVE('',#7694,#7699);
#7694 = PLANE('',#7695);
#7695 = AXIS2_PLACEMENT_3D('',#7696,#7697,#7698);
#7696 = CARTESIAN_POINT('',(20.35,-25.03,8.8));
#7697 = DIRECTION('',(-1.,1.110223024625E-16,0.));
#7698 = DIRECTION('',(0.,0.,1.));
#7699 = DEFINITIONAL_REPRESENTATION('',(#7700),#7703);
#7700 = B_SPLINE_CURVE_WITH_KNOTS('',1,(#7701,#7702),.UNSPECIFIED.,.F.,
  .F.,(2,2),(-0.555,-5.5E-02),.PIECEWISE_BEZIER_KNOTS.);
#7701 = CARTESIAN_POINT('',(0.6,1.165876841648));
#7702 = CARTESIAN_POINT('',(0.1,1.165876841648));
#7703 = ( GEOMETRIC_REPRESENTATION_CONTEXT(2) 
PARAMETRIC_REPRESENTATION_CONTEXT() REPRESENTATION_CONTEXT('2D SPACE',''
  ) );
#7704 = ORIENTED_EDGE('',*,*,#7705,.F.);
#7705 = EDGE_CURVE('',#7706,#7680,#7708,.T.);
#7706 = VERTEX_POINT('',#7707);
#7707 = CARTESIAN_POINT('',(20.499025731503,-23.73,9.4));
#7708 = SURFACE_CURVE('',#7709,(#7713,#7719),.PCURVE_S1.);
#7709 = LINE('',#7710,#7711);
#7710 = CARTESIAN_POINT('',(21.224553158368,-23.07702531582,9.4));
#7711 = VECTOR('',#7712,1.);
#7712 = DIRECTION('',(-0.743294146247,-0.668964731622,0.));
#7713 = PCURVE('',#7613,#7714);
#7714 = DEFINITIONAL_REPRESENTATION('',(#7715),#7718);
#7715 = B_SPLINE_CURVE_WITH_KNOTS('',1,(#7716,#7717),.UNSPECIFIED.,.F.,
  .F.,(2,2),(0.976097323689,1.176590940187),.PIECEWISE_BEZIER_KNOTS.);
#7716 = CARTESIAN_POINT('',(1.074383386736,-0.51));
#7717 = CARTESIAN_POINT('',(1.274877003233,-0.51));
#7718 = ( GEOMETRIC_REPRESENTATION_CONTEXT(2) 
PARAMETRIC_REPRESENTATION_CONTEXT() REPRESENTATION_CONTEXT('2D SPACE',''
  ) );
#7719 = PCURVE('',#7720,#7725);
#7720 = PLANE('',#7721);
#7721 = AXIS2_PLACEMENT_3D('',#7722,#7723,#7724);
#7722 = CARTESIAN_POINT('',(22.85,-25.03,9.4));
#7723 = DIRECTION('',(0.,0.,1.));
#7724 = DIRECTION('',(1.110223024625E-16,1.,0.));
#7725 = DEFINITIONAL_REPRESENTATION('',(#7726),#7729);
#7726 = B_SPLINE_CURVE_WITH_KNOTS('',1,(#7727,#7728),.UNSPECIFIED.,.F.,
  .F.,(2,2),(0.976097323689,1.176590940187),.PIECEWISE_BEZIER_KNOTS.);
#7727 = CARTESIAN_POINT('',(1.3,2.350974268497));
#7728 = CARTESIAN_POINT('',(1.165876841648,2.5));
#7729 = ( GEOMETRIC_REPRESENTATION_CONTEXT(2) 
PARAMETRIC_REPRESENTATION_CONTEXT() REPRESENTATION_CONTEXT('2D SPACE',''
  ) );
#7730 = ORIENTED_EDGE('',*,*,#7731,.F.);
#7731 = EDGE_CURVE('',#7732,#7706,#7734,.T.);
#7732 = VERTEX_POINT('',#7733);
#7733 = CARTESIAN_POINT('',(20.499025731503,-23.73,8.9));
#7734 = SURFACE_CURVE('',#7735,(#7739,#7745),.PCURVE_S1.);
#7735 = LINE('',#7736,#7737);
#7736 = CARTESIAN_POINT('',(20.499025731503,-23.73,8.845));
#7737 = VECTOR('',#7738,1.);
#7738 = DIRECTION('',(-0.,0.,1.));
#7739 = PCURVE('',#7613,#7740);
#7740 = DEFINITIONAL_REPRESENTATION('',(#7741),#7744);
#7741 = B_SPLINE_CURVE_WITH_KNOTS('',1,(#7742,#7743),.UNSPECIFIED.,.F.,
  .F.,(2,2),(5.5E-02,0.555),.PIECEWISE_BEZIER_KNOTS.);
#7742 = CARTESIAN_POINT('',(1.074383386736,-1.E-02));
#7743 = CARTESIAN_POINT('',(1.074383386736,-0.51));
#7744 = ( GEOMETRIC_REPRESENTATION_CONTEXT(2) 
PARAMETRIC_REPRESENTATION_CONTEXT() REPRESENTATION_CONTEXT('2D SPACE',''
  ) );
#7745 = PCURVE('',#7746,#7751);
#7746 = PLANE('',#7747);
#7747 = AXIS2_PLACEMENT_3D('',#7748,#7749,#7750);
#7748 = CARTESIAN_POINT('',(22.85,-23.73,8.8));
#7749 = DIRECTION('',(1.110223024625E-16,1.,0.));
#7750 = DIRECTION('',(0.,0.,1.));
#7751 = DEFINITIONAL_REPRESENTATION('',(#7752),#7755);
#7752 = B_SPLINE_CURVE_WITH_KNOTS('',1,(#7753,#7754),.UNSPECIFIED.,.F.,
  .F.,(2,2),(5.5E-02,0.555),.PIECEWISE_BEZIER_KNOTS.);
#7753 = CARTESIAN_POINT('',(0.1,-2.350974268497));
#7754 = CARTESIAN_POINT('',(0.6,-2.350974268497));
#7755 = ( GEOMETRIC_REPRESENTATION_CONTEXT(2) 
PARAMETRIC_REPRESENTATION_CONTEXT() REPRESENTATION_CONTEXT('2D SPACE',''
  ) );
#7756 = ORIENTED_EDGE('',*,*,#7757,.T.);
#7757 = EDGE_CURVE('',#7732,#7557,#7758,.T.);
#7758 = SURFACE_CURVE('',#7759,(#7763,#7769),.PCURVE_S1.);
#7759 = LINE('',#7760,#7761);
#7760 = CARTESIAN_POINT('',(25.200065262308,-19.49906442227,8.9));
#7761 = VECTOR('',#7762,1.);
#7762 = DIRECTION('',(0.743294146247,0.668964731622,-0.));
#7763 = PCURVE('',#7613,#7764);
#7764 = DEFINITIONAL_REPRESENTATION('',(#7765),#7768);
#7765 = B_SPLINE_CURVE_WITH_KNOTS('',1,(#7766,#7767),.UNSPECIFIED.,.F.,
  .F.,(2,2),(-6.716041314346,-5.250218461054),.PIECEWISE_BEZIER_KNOTS.);
#7766 = CARTESIAN_POINT('',(1.465822853292,-1.E-02));
#7767 = CARTESIAN_POINT('',(0.,-1.E-02));
#7768 = ( GEOMETRIC_REPRESENTATION_CONTEXT(2) 
PARAMETRIC_REPRESENTATION_CONTEXT() REPRESENTATION_CONTEXT('2D SPACE',''
  ) );
#7769 = PCURVE('',#3972,#7770);
#7770 = DEFINITIONAL_REPRESENTATION('',(#7771),#7774);
#7771 = B_SPLINE_CURVE_WITH_KNOTS('',1,(#7772,#7773),.UNSPECIFIED.,.F.,
  .F.,(2,2),(-6.716041314346,-5.250218461054),.PIECEWISE_BEZIER_KNOTS.);
#7772 = CARTESIAN_POINT('',(-21.52813520306,6.032421306973));
#7773 = CARTESIAN_POINT('',(-20.43859765677,7.013005098632));
#7774 = ( GEOMETRIC_REPRESENTATION_CONTEXT(2) 
PARAMETRIC_REPRESENTATION_CONTEXT() REPRESENTATION_CONTEXT('2D SPACE',''
  ) );
#7775 = ORIENTED_EDGE('',*,*,#7599,.T.);
#7776 = ORIENTED_EDGE('',*,*,#7777,.F.);
#7777 = EDGE_CURVE('',#7631,#7579,#7778,.T.);
#7778 = SURFACE_CURVE('',#7779,(#7783,#7789),.PCURVE_S1.);
#7779 = LINE('',#7780,#7781);
#7780 = CARTESIAN_POINT('',(25.200065262308,-19.49906442227,10.25));
#7781 = VECTOR('',#7782,1.);
#7782 = DIRECTION('',(0.743294146247,0.668964731622,-0.));
#7783 = PCURVE('',#7613,#7784);
#7784 = DEFINITIONAL_REPRESENTATION('',(#7785),#7788);
#7785 = B_SPLINE_CURVE_WITH_KNOTS('',1,(#7786,#7787),.UNSPECIFIED.,.F.,
  .F.,(2,2),(-6.716041314346,-5.250218461054),.PIECEWISE_BEZIER_KNOTS.);
#7786 = CARTESIAN_POINT('',(1.465822853292,-1.36));
#7787 = CARTESIAN_POINT('',(0.,-1.36));
#7788 = ( GEOMETRIC_REPRESENTATION_CONTEXT(2) 
PARAMETRIC_REPRESENTATION_CONTEXT() REPRESENTATION_CONTEXT('2D SPACE',''
  ) );
#7789 = PCURVE('',#3916,#7790);
#7790 = DEFINITIONAL_REPRESENTATION('',(#7791),#7794);
#7791 = B_SPLINE_CURVE_WITH_KNOTS('',1,(#7792,#7793),.UNSPECIFIED.,.F.,
  .F.,(2,2),(-6.716041314346,-5.250218461054),.PIECEWISE_BEZIER_KNOTS.);
#7792 = CARTESIAN_POINT('',(-21.52813520306,6.032421306973));
#7793 = CARTESIAN_POINT('',(-20.43859765677,7.013005098632));
#7794 = ( GEOMETRIC_REPRESENTATION_CONTEXT(2) 
PARAMETRIC_REPRESENTATION_CONTEXT() REPRESENTATION_CONTEXT('2D SPACE',''
  ) );
#7795 = ADVANCED_FACE('',(#7796),#7694,.F.);
#7796 = FACE_BOUND('',#7797,.F.);
#7797 = EDGE_LOOP('',(#7798,#7823,#7842,#7843));
#7798 = ORIENTED_EDGE('',*,*,#7799,.F.);
#7799 = EDGE_CURVE('',#7800,#7802,#7804,.T.);
#7800 = VERTEX_POINT('',#7801);
#7801 = CARTESIAN_POINT('',(20.35,-23.73,8.9));
#7802 = VERTEX_POINT('',#7803);
#7803 = CARTESIAN_POINT('',(20.35,-23.73,9.4));
#7804 = SURFACE_CURVE('',#7805,(#7809,#7816),.PCURVE_S1.);
#7805 = LINE('',#7806,#7807);
#7806 = CARTESIAN_POINT('',(20.35,-23.73,8.8));
#7807 = VECTOR('',#7808,1.);
#7808 = DIRECTION('',(0.,0.,1.));
#7809 = PCURVE('',#7694,#7810);
#7810 = DEFINITIONAL_REPRESENTATION('',(#7811),#7815);
#7811 = LINE('',#7812,#7813);
#7812 = CARTESIAN_POINT('',(0.,1.3));
#7813 = VECTOR('',#7814,1.);
#7814 = DIRECTION('',(1.,0.));
#7815 = ( GEOMETRIC_REPRESENTATION_CONTEXT(2) 
PARAMETRIC_REPRESENTATION_CONTEXT() REPRESENTATION_CONTEXT('2D SPACE',''
  ) );
#7816 = PCURVE('',#7746,#7817);
#7817 = DEFINITIONAL_REPRESENTATION('',(#7818),#7822);
#7818 = LINE('',#7819,#7820);
#7819 = CARTESIAN_POINT('',(0.,-2.5));
#7820 = VECTOR('',#7821,1.);
#7821 = DIRECTION('',(1.,0.));
#7822 = ( GEOMETRIC_REPRESENTATION_CONTEXT(2) 
PARAMETRIC_REPRESENTATION_CONTEXT() REPRESENTATION_CONTEXT('2D SPACE',''
  ) );
#7823 = ORIENTED_EDGE('',*,*,#7824,.T.);
#7824 = EDGE_CURVE('',#7800,#7659,#7825,.T.);
#7825 = SURFACE_CURVE('',#7826,(#7830,#7836),.PCURVE_S1.);
#7826 = LINE('',#7827,#7828);
#7827 = CARTESIAN_POINT('',(20.35,-27.52714025233,8.9));
#7828 = VECTOR('',#7829,1.);
#7829 = DIRECTION('',(-1.110223024625E-16,-1.,0.));
#7830 = PCURVE('',#7694,#7831);
#7831 = DEFINITIONAL_REPRESENTATION('',(#7832),#7835);
#7832 = B_SPLINE_CURVE_WITH_KNOTS('',1,(#7833,#7834),.UNSPECIFIED.,.F.,
  .F.,(2,2),(-3.797140252332,-2.497140252332),.PIECEWISE_BEZIER_KNOTS.);
#7833 = CARTESIAN_POINT('',(0.1,1.3));
#7834 = CARTESIAN_POINT('',(0.1,0.));
#7835 = ( GEOMETRIC_REPRESENTATION_CONTEXT(2) 
PARAMETRIC_REPRESENTATION_CONTEXT() REPRESENTATION_CONTEXT('2D SPACE',''
  ) );
#7836 = PCURVE('',#3972,#7837);
#7837 = DEFINITIONAL_REPRESENTATION('',(#7838),#7841);
#7838 = B_SPLINE_CURVE_WITH_KNOTS('',1,(#7839,#7840),.UNSPECIFIED.,.F.,
  .F.,(2,2),(-3.797140252332,-2.497140252332),.PIECEWISE_BEZIER_KNOTS.);
#7839 = CARTESIAN_POINT('',(-21.38620627046,6.294280504665));
#7840 = CARTESIAN_POINT('',(-21.38620627046,4.994280504665));
#7841 = ( GEOMETRIC_REPRESENTATION_CONTEXT(2) 
PARAMETRIC_REPRESENTATION_CONTEXT() REPRESENTATION_CONTEXT('2D SPACE',''
  ) );
#7842 = ORIENTED_EDGE('',*,*,#7679,.F.);
#7843 = ORIENTED_EDGE('',*,*,#7844,.T.);
#7844 = EDGE_CURVE('',#7680,#7802,#7845,.T.);
#7845 = SURFACE_CURVE('',#7846,(#7850,#7857),.PCURVE_S1.);
#7846 = LINE('',#7847,#7848);
#7847 = CARTESIAN_POINT('',(20.35,-25.03,9.4));
#7848 = VECTOR('',#7849,1.);
#7849 = DIRECTION('',(1.110223024625E-16,1.,0.));
#7850 = PCURVE('',#7694,#7851);
#7851 = DEFINITIONAL_REPRESENTATION('',(#7852),#7856);
#7852 = LINE('',#7853,#7854);
#7853 = CARTESIAN_POINT('',(0.6,0.));
#7854 = VECTOR('',#7855,1.);
#7855 = DIRECTION('',(0.,1.));
#7856 = ( GEOMETRIC_REPRESENTATION_CONTEXT(2) 
PARAMETRIC_REPRESENTATION_CONTEXT() REPRESENTATION_CONTEXT('2D SPACE',''
  ) );
#7857 = PCURVE('',#7720,#7858);
#7858 = DEFINITIONAL_REPRESENTATION('',(#7859),#7863);
#7859 = LINE('',#7860,#7861);
#7860 = CARTESIAN_POINT('',(-2.775557561563E-16,2.5));
#7861 = VECTOR('',#7862,1.);
#7862 = DIRECTION('',(1.,0.));
#7863 = ( GEOMETRIC_REPRESENTATION_CONTEXT(2) 
PARAMETRIC_REPRESENTATION_CONTEXT() REPRESENTATION_CONTEXT('2D SPACE',''
  ) );
#7864 = ADVANCED_FACE('',(#7865),#7720,.F.);
#7865 = FACE_BOUND('',#7866,.F.);
#7866 = EDGE_LOOP('',(#7867,#7868,#7869));
#7867 = ORIENTED_EDGE('',*,*,#7844,.F.);
#7868 = ORIENTED_EDGE('',*,*,#7705,.F.);
#7869 = ORIENTED_EDGE('',*,*,#7870,.T.);
#7870 = EDGE_CURVE('',#7706,#7802,#7871,.T.);
#7871 = SURFACE_CURVE('',#7872,(#7876,#7883),.PCURVE_S1.);
#7872 = LINE('',#7873,#7874);
#7873 = CARTESIAN_POINT('',(22.85,-23.73,9.4));
#7874 = VECTOR('',#7875,1.);
#7875 = DIRECTION('',(-1.,1.110223024625E-16,0.));
#7876 = PCURVE('',#7720,#7877);
#7877 = DEFINITIONAL_REPRESENTATION('',(#7878),#7882);
#7878 = LINE('',#7879,#7880);
#7879 = CARTESIAN_POINT('',(1.3,1.443289932013E-16));
#7880 = VECTOR('',#7881,1.);
#7881 = DIRECTION('',(0.,1.));
#7882 = ( GEOMETRIC_REPRESENTATION_CONTEXT(2) 
PARAMETRIC_REPRESENTATION_CONTEXT() REPRESENTATION_CONTEXT('2D SPACE',''
  ) );
#7883 = PCURVE('',#7746,#7884);
#7884 = DEFINITIONAL_REPRESENTATION('',(#7885),#7889);
#7885 = LINE('',#7886,#7887);
#7886 = CARTESIAN_POINT('',(0.6,0.));
#7887 = VECTOR('',#7888,1.);
#7888 = DIRECTION('',(0.,-1.));
#7889 = ( GEOMETRIC_REPRESENTATION_CONTEXT(2) 
PARAMETRIC_REPRESENTATION_CONTEXT() REPRESENTATION_CONTEXT('2D SPACE',''
  ) );
#7890 = ADVANCED_FACE('',(#7891),#7746,.F.);
#7891 = FACE_BOUND('',#7892,.F.);
#7892 = EDGE_LOOP('',(#7893,#7894,#7895,#7914));
#7893 = ORIENTED_EDGE('',*,*,#7870,.F.);
#7894 = ORIENTED_EDGE('',*,*,#7731,.F.);
#7895 = ORIENTED_EDGE('',*,*,#7896,.T.);
#7896 = EDGE_CURVE('',#7732,#7800,#7897,.T.);
#7897 = SURFACE_CURVE('',#7898,(#7902,#7908),.PCURVE_S1.);
#7898 = LINE('',#7899,#7900);
#7899 = CARTESIAN_POINT('',(32.293103135231,-23.73,8.9));
#7900 = VECTOR('',#7901,1.);
#7901 = DIRECTION('',(-1.,1.110223024625E-16,0.));
#7902 = PCURVE('',#7746,#7903);
#7903 = DEFINITIONAL_REPRESENTATION('',(#7904),#7907);
#7904 = B_SPLINE_CURVE_WITH_KNOTS('',1,(#7905,#7906),.UNSPECIFIED.,.F.,
  .F.,(2,2),(9.443103135231,11.943103135231),.PIECEWISE_BEZIER_KNOTS.);
#7905 = CARTESIAN_POINT('',(0.1,0.));
#7906 = CARTESIAN_POINT('',(0.1,-2.5));
#7907 = ( GEOMETRIC_REPRESENTATION_CONTEXT(2) 
PARAMETRIC_REPRESENTATION_CONTEXT() REPRESENTATION_CONTEXT('2D SPACE',''
  ) );
#7908 = PCURVE('',#3972,#7909);
#7909 = DEFINITIONAL_REPRESENTATION('',(#7910),#7913);
#7910 = B_SPLINE_CURVE_WITH_KNOTS('',1,(#7911,#7912),.UNSPECIFIED.,.F.,
  .F.,(2,2),(9.443103135231,11.943103135231),.PIECEWISE_BEZIER_KNOTS.);
#7911 = CARTESIAN_POINT('',(-18.88620627046,6.294280504665));
#7912 = CARTESIAN_POINT('',(-21.38620627046,6.294280504665));
#7913 = ( GEOMETRIC_REPRESENTATION_CONTEXT(2) 
PARAMETRIC_REPRESENTATION_CONTEXT() REPRESENTATION_CONTEXT('2D SPACE',''
  ) );
#7914 = ORIENTED_EDGE('',*,*,#7799,.T.);
#7915 = ADVANCED_FACE('',(#7916),#7646,.T.);
#7916 = FACE_BOUND('',#7917,.T.);
#7917 = EDGE_LOOP('',(#7918,#7946,#7965,#7966));
#7918 = ORIENTED_EDGE('',*,*,#7919,.F.);
#7919 = EDGE_CURVE('',#7920,#7922,#7924,.T.);
#7920 = VERTEX_POINT('',#7921);
#7921 = CARTESIAN_POINT('',(20.,-24.48290691675,8.9));
#7922 = VERTEX_POINT('',#7923);
#7923 = CARTESIAN_POINT('',(20.,-24.48290691675,10.25));
#7924 = SURFACE_CURVE('',#7925,(#7929,#7935),.PCURVE_S1.);
#7925 = LINE('',#7926,#7927);
#7926 = CARTESIAN_POINT('',(20.,-24.48290691675,7.42));
#7927 = VECTOR('',#7928,1.);
#7928 = DIRECTION('',(-0.,0.,1.));
#7929 = PCURVE('',#7646,#7930);
#7930 = DEFINITIONAL_REPRESENTATION('',(#7931),#7934);
#7931 = B_SPLINE_CURVE_WITH_KNOTS('',1,(#7932,#7933),.UNSPECIFIED.,.F.,
  .F.,(2,2),(1.48,2.83),.PIECEWISE_BEZIER_KNOTS.);
#7932 = CARTESIAN_POINT('',(0.533311758253,-1.E-02));
#7933 = CARTESIAN_POINT('',(0.533311758253,-1.36));
#7934 = ( GEOMETRIC_REPRESENTATION_CONTEXT(2) 
PARAMETRIC_REPRESENTATION_CONTEXT() REPRESENTATION_CONTEXT('2D SPACE',''
  ) );
#7935 = PCURVE('',#7936,#7941);
#7936 = PLANE('',#7937);
#7937 = AXIS2_PLACEMENT_3D('',#7938,#7939,#7940);
#7938 = CARTESIAN_POINT('',(20.,-35.7,5.95));
#7939 = DIRECTION('',(1.,0.,0.));
#7940 = DIRECTION('',(0.,0.,1.));
#7941 = DEFINITIONAL_REPRESENTATION('',(#7942),#7945);
#7942 = B_SPLINE_CURVE_WITH_KNOTS('',1,(#7943,#7944),.UNSPECIFIED.,.F.,
  .F.,(2,2),(1.48,2.83),.PIECEWISE_BEZIER_KNOTS.);
#7943 = CARTESIAN_POINT('',(2.95,-11.21709308324));
#7944 = CARTESIAN_POINT('',(4.3,-11.21709308324));
#7945 = ( GEOMETRIC_REPRESENTATION_CONTEXT(2) 
PARAMETRIC_REPRESENTATION_CONTEXT() REPRESENTATION_CONTEXT('2D SPACE',''
  ) );
#7946 = ORIENTED_EDGE('',*,*,#7947,.T.);
#7947 = EDGE_CURVE('',#7920,#7629,#7948,.T.);
#7948 = SURFACE_CURVE('',#7949,(#7953,#7959),.PCURVE_S1.);
#7949 = LINE('',#7950,#7951);
#7950 = CARTESIAN_POINT('',(20.763022732541,-22.68217326796,8.9));
#7951 = VECTOR('',#7952,1.);
#7952 = DIRECTION('',(0.390149034184,0.920751720675,-0.));
#7953 = PCURVE('',#7646,#7954);
#7954 = DEFINITIONAL_REPRESENTATION('',(#7955),#7958);
#7955 = B_SPLINE_CURVE_WITH_KNOTS('',1,(#7956,#7957),.UNSPECIFIED.,.F.,
  .F.,(2,2),(-3.310150460328,-1.422409429515),.PIECEWISE_BEZIER_KNOTS.);
#7956 = CARTESIAN_POINT('',(1.887741030813,-1.E-02));
#7957 = CARTESIAN_POINT('',(0.,-1.E-02));
#7958 = ( GEOMETRIC_REPRESENTATION_CONTEXT(2) 
PARAMETRIC_REPRESENTATION_CONTEXT() REPRESENTATION_CONTEXT('2D SPACE',''
  ) );
#7959 = PCURVE('',#3972,#7960);
#7960 = DEFINITIONAL_REPRESENTATION('',(#7961),#7964);
#7961 = B_SPLINE_CURVE_WITH_KNOTS('',1,(#7962,#7963),.UNSPECIFIED.,.F.,
  .F.,(2,2),(-3.310150460328,-1.422409429515),.PIECEWISE_BEZIER_KNOTS.);
#7962 = CARTESIAN_POINT('',(-22.26463554302,4.294280504665));
#7963 = CARTESIAN_POINT('',(-21.52813520306,6.032421306973));
#7964 = ( GEOMETRIC_REPRESENTATION_CONTEXT(2) 
PARAMETRIC_REPRESENTATION_CONTEXT() REPRESENTATION_CONTEXT('2D SPACE',''
  ) );
#7965 = ORIENTED_EDGE('',*,*,#7628,.T.);
#7966 = ORIENTED_EDGE('',*,*,#7967,.F.);
#7967 = EDGE_CURVE('',#7922,#7631,#7968,.T.);
#7968 = SURFACE_CURVE('',#7969,(#7973,#7979),.PCURVE_S1.);
#7969 = LINE('',#7970,#7971);
#7970 = CARTESIAN_POINT('',(20.763022732541,-22.68217326796,10.25));
#7971 = VECTOR('',#7972,1.);
#7972 = DIRECTION('',(0.390149034184,0.920751720675,-0.));
#7973 = PCURVE('',#7646,#7974);
#7974 = DEFINITIONAL_REPRESENTATION('',(#7975),#7978);
#7975 = B_SPLINE_CURVE_WITH_KNOTS('',1,(#7976,#7977),.UNSPECIFIED.,.F.,
  .F.,(2,2),(-3.310150460328,-1.422409429515),.PIECEWISE_BEZIER_KNOTS.);
#7976 = CARTESIAN_POINT('',(1.887741030813,-1.36));
#7977 = CARTESIAN_POINT('',(0.,-1.36));
#7978 = ( GEOMETRIC_REPRESENTATION_CONTEXT(2) 
PARAMETRIC_REPRESENTATION_CONTEXT() REPRESENTATION_CONTEXT('2D SPACE',''
  ) );
#7979 = PCURVE('',#3916,#7980);
#7980 = DEFINITIONAL_REPRESENTATION('',(#7981),#7984);
#7981 = B_SPLINE_CURVE_WITH_KNOTS('',1,(#7982,#7983),.UNSPECIFIED.,.F.,
  .F.,(2,2),(-3.310150460328,-1.422409429515),.PIECEWISE_BEZIER_KNOTS.);
#7982 = CARTESIAN_POINT('',(-22.26463554302,4.294280504665));
#7983 = CARTESIAN_POINT('',(-21.52813520306,6.032421306973));
#7984 = ( GEOMETRIC_REPRESENTATION_CONTEXT(2) 
PARAMETRIC_REPRESENTATION_CONTEXT() REPRESENTATION_CONTEXT('2D SPACE',''
  ) );
#7985 = ADVANCED_FACE('',(#7986),#7936,.F.);
#7986 = FACE_BOUND('',#7987,.F.);
#7987 = EDGE_LOOP('',(#7988,#8009,#8037,#8056));
#7988 = ORIENTED_EDGE('',*,*,#7989,.T.);
#7989 = EDGE_CURVE('',#7920,#7990,#7992,.T.);
#7990 = VERTEX_POINT('',#7991);
#7991 = CARTESIAN_POINT('',(20.,-24.3,8.9));
#7992 = SURFACE_CURVE('',#7993,(#7997,#8003),.PCURVE_S1.);
#7993 = LINE('',#7994,#7995);
#7994 = CARTESIAN_POINT('',(20.,-32.86214025233,8.9));
#7995 = VECTOR('',#7996,1.);
#7996 = DIRECTION('',(0.,1.,0.));
#7997 = PCURVE('',#7936,#7998);
#7998 = DEFINITIONAL_REPRESENTATION('',(#7999),#8002);
#7999 = B_SPLINE_CURVE_WITH_KNOTS('',1,(#8000,#8001),.UNSPECIFIED.,.F.,
  .F.,(2,2),(-2.837859747668,8.562140252332),.PIECEWISE_BEZIER_KNOTS.);
#8000 = CARTESIAN_POINT('',(2.95,0.));
#8001 = CARTESIAN_POINT('',(2.95,-11.4));
#8002 = ( GEOMETRIC_REPRESENTATION_CONTEXT(2) 
PARAMETRIC_REPRESENTATION_CONTEXT() REPRESENTATION_CONTEXT('2D SPACE',''
  ) );
#8003 = PCURVE('',#3972,#8004);
#8004 = DEFINITIONAL_REPRESENTATION('',(#8005),#8008);
#8005 = B_SPLINE_CURVE_WITH_KNOTS('',1,(#8006,#8007),.UNSPECIFIED.,.F.,
  .F.,(2,2),(-2.837859747668,8.562140252332),.PIECEWISE_BEZIER_KNOTS.);
#8006 = CARTESIAN_POINT('',(-21.73620627046,-5.675719495335));
#8007 = CARTESIAN_POINT('',(-21.73620627046,5.724280504665));
#8008 = ( GEOMETRIC_REPRESENTATION_CONTEXT(2) 
PARAMETRIC_REPRESENTATION_CONTEXT() REPRESENTATION_CONTEXT('2D SPACE',''
  ) );
#8009 = ORIENTED_EDGE('',*,*,#8010,.T.);
#8010 = EDGE_CURVE('',#7990,#8011,#8013,.T.);
#8011 = VERTEX_POINT('',#8012);
#8012 = CARTESIAN_POINT('',(20.,-24.3,10.25));
#8013 = SURFACE_CURVE('',#8014,(#8018,#8025),.PCURVE_S1.);
#8014 = LINE('',#8015,#8016);
#8015 = CARTESIAN_POINT('',(20.,-24.3,5.95));
#8016 = VECTOR('',#8017,1.);
#8017 = DIRECTION('',(0.,0.,1.));
#8018 = PCURVE('',#7936,#8019);
#8019 = DEFINITIONAL_REPRESENTATION('',(#8020),#8024);
#8020 = LINE('',#8021,#8022);
#8021 = CARTESIAN_POINT('',(0.,-11.4));
#8022 = VECTOR('',#8023,1.);
#8023 = DIRECTION('',(1.,0.));
#8024 = ( GEOMETRIC_REPRESENTATION_CONTEXT(2) 
PARAMETRIC_REPRESENTATION_CONTEXT() REPRESENTATION_CONTEXT('2D SPACE',''
  ) );
#8025 = PCURVE('',#8026,#8031);
#8026 = PLANE('',#8027);
#8027 = AXIS2_PLACEMENT_3D('',#8028,#8029,#8030);
#8028 = CARTESIAN_POINT('',(0.,-24.3,5.95));
#8029 = DIRECTION('',(0.,1.,0.));
#8030 = DIRECTION('',(0.,0.,1.));
#8031 = DEFINITIONAL_REPRESENTATION('',(#8032),#8036);
#8032 = LINE('',#8033,#8034);
#8033 = CARTESIAN_POINT('',(0.,20.));
#8034 = VECTOR('',#8035,1.);
#8035 = DIRECTION('',(1.,0.));
#8036 = ( GEOMETRIC_REPRESENTATION_CONTEXT(2) 
PARAMETRIC_REPRESENTATION_CONTEXT() REPRESENTATION_CONTEXT('2D SPACE',''
  ) );
#8037 = ORIENTED_EDGE('',*,*,#8038,.F.);
#8038 = EDGE_CURVE('',#7922,#8011,#8039,.T.);
#8039 = SURFACE_CURVE('',#8040,(#8044,#8050),.PCURVE_S1.);
#8040 = LINE('',#8041,#8042);
#8041 = CARTESIAN_POINT('',(20.,-32.86214025233,10.25));
#8042 = VECTOR('',#8043,1.);
#8043 = DIRECTION('',(0.,1.,0.));
#8044 = PCURVE('',#7936,#8045);
#8045 = DEFINITIONAL_REPRESENTATION('',(#8046),#8049);
#8046 = B_SPLINE_CURVE_WITH_KNOTS('',1,(#8047,#8048),.UNSPECIFIED.,.F.,
  .F.,(2,2),(-2.837859747668,8.562140252332),.PIECEWISE_BEZIER_KNOTS.);
#8047 = CARTESIAN_POINT('',(4.3,0.));
#8048 = CARTESIAN_POINT('',(4.3,-11.4));
#8049 = ( GEOMETRIC_REPRESENTATION_CONTEXT(2) 
PARAMETRIC_REPRESENTATION_CONTEXT() REPRESENTATION_CONTEXT('2D SPACE',''
  ) );
#8050 = PCURVE('',#3916,#8051);
#8051 = DEFINITIONAL_REPRESENTATION('',(#8052),#8055);
#8052 = B_SPLINE_CURVE_WITH_KNOTS('',1,(#8053,#8054),.UNSPECIFIED.,.F.,
  .F.,(2,2),(-2.837859747668,8.562140252332),.PIECEWISE_BEZIER_KNOTS.);
#8053 = CARTESIAN_POINT('',(-21.73620627046,-5.675719495335));
#8054 = CARTESIAN_POINT('',(-21.73620627046,5.724280504665));
#8055 = ( GEOMETRIC_REPRESENTATION_CONTEXT(2) 
PARAMETRIC_REPRESENTATION_CONTEXT() REPRESENTATION_CONTEXT('2D SPACE',''
  ) );
#8056 = ORIENTED_EDGE('',*,*,#7919,.F.);
#8057 = ADVANCED_FACE('',(#8058),#8026,.F.);
#8058 = FACE_BOUND('',#8059,.F.);
#8059 = EDGE_LOOP('',(#8060,#8061,#8082,#8108));
#8060 = ORIENTED_EDGE('',*,*,#8010,.F.);
#8061 = ORIENTED_EDGE('',*,*,#8062,.T.);
#8062 = EDGE_CURVE('',#7990,#8063,#8065,.T.);
#8063 = VERTEX_POINT('',#8064);
#8064 = CARTESIAN_POINT('',(18.991433822789,-24.3,8.9));
#8065 = SURFACE_CURVE('',#8066,(#8070,#8076),.PCURVE_S1.);
#8066 = LINE('',#8067,#8068);
#8067 = CARTESIAN_POINT('',(20.868103135231,-24.3,8.9));
#8068 = VECTOR('',#8069,1.);
#8069 = DIRECTION('',(-1.,0.,0.));
#8070 = PCURVE('',#8026,#8071);
#8071 = DEFINITIONAL_REPRESENTATION('',(#8072),#8075);
#8072 = B_SPLINE_CURVE_WITH_KNOTS('',1,(#8073,#8074),.UNSPECIFIED.,.F.,
  .F.,(2,2),(0.868103135231,2.906330329391),.PIECEWISE_BEZIER_KNOTS.);
#8073 = CARTESIAN_POINT('',(2.95,20.));
#8074 = CARTESIAN_POINT('',(2.95,17.96177280584));
#8075 = ( GEOMETRIC_REPRESENTATION_CONTEXT(2) 
PARAMETRIC_REPRESENTATION_CONTEXT() REPRESENTATION_CONTEXT('2D SPACE',''
  ) );
#8076 = PCURVE('',#3972,#8077);
#8077 = DEFINITIONAL_REPRESENTATION('',(#8078),#8081);
#8078 = B_SPLINE_CURVE_WITH_KNOTS('',1,(#8079,#8080),.UNSPECIFIED.,.F.,
  .F.,(2,2),(0.868103135231,2.906330329391),.PIECEWISE_BEZIER_KNOTS.);
#8079 = CARTESIAN_POINT('',(-21.73620627046,5.724280504665));
#8080 = CARTESIAN_POINT('',(-23.77443346462,5.724280504665));
#8081 = ( GEOMETRIC_REPRESENTATION_CONTEXT(2) 
PARAMETRIC_REPRESENTATION_CONTEXT() REPRESENTATION_CONTEXT('2D SPACE',''
  ) );
#8082 = ORIENTED_EDGE('',*,*,#8083,.T.);
#8083 = EDGE_CURVE('',#8063,#8084,#8086,.T.);
#8084 = VERTEX_POINT('',#8085);
#8085 = CARTESIAN_POINT('',(18.991433822789,-24.3,10.25));
#8086 = SURFACE_CURVE('',#8087,(#8091,#8097),.PCURVE_S1.);
#8087 = LINE('',#8088,#8089);
#8088 = CARTESIAN_POINT('',(18.991433822789,-24.3,7.425));
#8089 = VECTOR('',#8090,1.);
#8090 = DIRECTION('',(-0.,0.,1.));
#8091 = PCURVE('',#8026,#8092);
#8092 = DEFINITIONAL_REPRESENTATION('',(#8093),#8096);
#8093 = B_SPLINE_CURVE_WITH_KNOTS('',1,(#8094,#8095),.UNSPECIFIED.,.F.,
  .F.,(2,2),(1.475,2.825),.PIECEWISE_BEZIER_KNOTS.);
#8094 = CARTESIAN_POINT('',(2.95,18.991433822789));
#8095 = CARTESIAN_POINT('',(4.3,18.991433822789));
#8096 = ( GEOMETRIC_REPRESENTATION_CONTEXT(2) 
PARAMETRIC_REPRESENTATION_CONTEXT() REPRESENTATION_CONTEXT('2D SPACE',''
  ) );
#8097 = PCURVE('',#8098,#8103);
#8098 = PLANE('',#8099);
#8099 = AXIS2_PLACEMENT_3D('',#8100,#8101,#8102);
#8100 = CARTESIAN_POINT('',(19.373988402834,-23.39717119109,8.9));
#8101 = DIRECTION('',(0.920751720675,-0.390149034184,0.));
#8102 = DIRECTION('',(-0.390149034184,-0.920751720675,0.));
#8103 = DEFINITIONAL_REPRESENTATION('',(#8104),#8107);
#8104 = B_SPLINE_CURVE_WITH_KNOTS('',1,(#8105,#8106),.UNSPECIFIED.,.F.,
  .F.,(2,2),(1.475,2.825),.PIECEWISE_BEZIER_KNOTS.);
#8105 = CARTESIAN_POINT('',(0.980534479201,0.));
#8106 = CARTESIAN_POINT('',(0.980534479201,-1.35));
#8107 = ( GEOMETRIC_REPRESENTATION_CONTEXT(2) 
PARAMETRIC_REPRESENTATION_CONTEXT() REPRESENTATION_CONTEXT('2D SPACE',''
  ) );
#8108 = ORIENTED_EDGE('',*,*,#8109,.F.);
#8109 = EDGE_CURVE('',#8011,#8084,#8110,.T.);
#8110 = SURFACE_CURVE('',#8111,(#8115,#8121),.PCURVE_S1.);
#8111 = LINE('',#8112,#8113);
#8112 = CARTESIAN_POINT('',(20.868103135231,-24.3,10.25));
#8113 = VECTOR('',#8114,1.);
#8114 = DIRECTION('',(-1.,0.,0.));
#8115 = PCURVE('',#8026,#8116);
#8116 = DEFINITIONAL_REPRESENTATION('',(#8117),#8120);
#8117 = B_SPLINE_CURVE_WITH_KNOTS('',1,(#8118,#8119),.UNSPECIFIED.,.F.,
  .F.,(2,2),(0.868103135231,2.906330329391),.PIECEWISE_BEZIER_KNOTS.);
#8118 = CARTESIAN_POINT('',(4.3,20.));
#8119 = CARTESIAN_POINT('',(4.3,17.96177280584));
#8120 = ( GEOMETRIC_REPRESENTATION_CONTEXT(2) 
PARAMETRIC_REPRESENTATION_CONTEXT() REPRESENTATION_CONTEXT('2D SPACE',''
  ) );
#8121 = PCURVE('',#3916,#8122);
#8122 = DEFINITIONAL_REPRESENTATION('',(#8123),#8126);
#8123 = B_SPLINE_CURVE_WITH_KNOTS('',1,(#8124,#8125),.UNSPECIFIED.,.F.,
  .F.,(2,2),(0.868103135231,2.906330329391),.PIECEWISE_BEZIER_KNOTS.);
#8124 = CARTESIAN_POINT('',(-21.73620627046,5.724280504665));
#8125 = CARTESIAN_POINT('',(-23.77443346462,5.724280504665));
#8126 = ( GEOMETRIC_REPRESENTATION_CONTEXT(2) 
PARAMETRIC_REPRESENTATION_CONTEXT() REPRESENTATION_CONTEXT('2D SPACE',''
  ) );
#8127 = ADVANCED_FACE('',(#8128),#8098,.F.);
#8128 = FACE_BOUND('',#8129,.F.);
#8129 = EDGE_LOOP('',(#8130,#8153,#8181,#8202));
#8130 = ORIENTED_EDGE('',*,*,#8131,.F.);
#8131 = EDGE_CURVE('',#8132,#8063,#8134,.T.);
#8132 = VERTEX_POINT('',#8133);
#8133 = CARTESIAN_POINT('',(19.373988402834,-23.39717119109,8.9));
#8134 = SURFACE_CURVE('',#8135,(#8139,#8146),.PCURVE_S1.);
#8135 = LINE('',#8136,#8137);
#8136 = CARTESIAN_POINT('',(19.373988402834,-23.39717119109,8.9));
#8137 = VECTOR('',#8138,1.);
#8138 = DIRECTION('',(-0.390149034184,-0.920751720675,0.));
#8139 = PCURVE('',#8098,#8140);
#8140 = DEFINITIONAL_REPRESENTATION('',(#8141),#8145);
#8141 = LINE('',#8142,#8143);
#8142 = CARTESIAN_POINT('',(0.,0.));
#8143 = VECTOR('',#8144,1.);
#8144 = DIRECTION('',(1.,0.));
#8145 = ( GEOMETRIC_REPRESENTATION_CONTEXT(2) 
PARAMETRIC_REPRESENTATION_CONTEXT() REPRESENTATION_CONTEXT('2D SPACE',''
  ) );
#8146 = PCURVE('',#3972,#8147);
#8147 = DEFINITIONAL_REPRESENTATION('',(#8148),#8152);
#8148 = LINE('',#8149,#8150);
#8149 = CARTESIAN_POINT('',(-22.36221786762,6.62710931357));
#8150 = VECTOR('',#8151,1.);
#8151 = DIRECTION('',(-0.390149034184,-0.920751720675));
#8152 = ( GEOMETRIC_REPRESENTATION_CONTEXT(2) 
PARAMETRIC_REPRESENTATION_CONTEXT() REPRESENTATION_CONTEXT('2D SPACE',''
  ) );
#8153 = ORIENTED_EDGE('',*,*,#8154,.T.);
#8154 = EDGE_CURVE('',#8132,#8155,#8157,.T.);
#8155 = VERTEX_POINT('',#8156);
#8156 = CARTESIAN_POINT('',(19.373988402834,-23.39717119109,10.25));
#8157 = SURFACE_CURVE('',#8158,(#8162,#8169),.PCURVE_S1.);
#8158 = LINE('',#8159,#8160);
#8159 = CARTESIAN_POINT('',(19.373988402834,-23.39717119109,8.9));
#8160 = VECTOR('',#8161,1.);
#8161 = DIRECTION('',(0.,0.,1.));
#8162 = PCURVE('',#8098,#8163);
#8163 = DEFINITIONAL_REPRESENTATION('',(#8164),#8168);
#8164 = LINE('',#8165,#8166);
#8165 = CARTESIAN_POINT('',(0.,0.));
#8166 = VECTOR('',#8167,1.);
#8167 = DIRECTION('',(0.,-1.));
#8168 = ( GEOMETRIC_REPRESENTATION_CONTEXT(2) 
PARAMETRIC_REPRESENTATION_CONTEXT() REPRESENTATION_CONTEXT('2D SPACE',''
  ) );
#8169 = PCURVE('',#8170,#8175);
#8170 = PLANE('',#8171);
#8171 = AXIS2_PLACEMENT_3D('',#8172,#8173,#8174);
#8172 = CARTESIAN_POINT('',(20.719347509941,-22.18634799469,8.9));
#8173 = DIRECTION('',(0.668964731622,-0.743294146247,0.));
#8174 = DIRECTION('',(-0.743294146247,-0.668964731622,0.));
#8175 = DEFINITIONAL_REPRESENTATION('',(#8176),#8180);
#8176 = LINE('',#8177,#8178);
#8177 = CARTESIAN_POINT('',(1.809995563533,0.));
#8178 = VECTOR('',#8179,1.);
#8179 = DIRECTION('',(0.,-1.));
#8180 = ( GEOMETRIC_REPRESENTATION_CONTEXT(2) 
PARAMETRIC_REPRESENTATION_CONTEXT() REPRESENTATION_CONTEXT('2D SPACE',''
  ) );
#8181 = ORIENTED_EDGE('',*,*,#8182,.T.);
#8182 = EDGE_CURVE('',#8155,#8084,#8183,.T.);
#8183 = SURFACE_CURVE('',#8184,(#8188,#8195),.PCURVE_S1.);
#8184 = LINE('',#8185,#8186);
#8185 = CARTESIAN_POINT('',(19.373988402834,-23.39717119109,10.25));
#8186 = VECTOR('',#8187,1.);
#8187 = DIRECTION('',(-0.390149034184,-0.920751720675,0.));
#8188 = PCURVE('',#8098,#8189);
#8189 = DEFINITIONAL_REPRESENTATION('',(#8190),#8194);
#8190 = LINE('',#8191,#8192);
#8191 = CARTESIAN_POINT('',(0.,-1.35));
#8192 = VECTOR('',#8193,1.);
#8193 = DIRECTION('',(1.,0.));
#8194 = ( GEOMETRIC_REPRESENTATION_CONTEXT(2) 
PARAMETRIC_REPRESENTATION_CONTEXT() REPRESENTATION_CONTEXT('2D SPACE',''
  ) );
#8195 = PCURVE('',#3916,#8196);
#8196 = DEFINITIONAL_REPRESENTATION('',(#8197),#8201);
#8197 = LINE('',#8198,#8199);
#8198 = CARTESIAN_POINT('',(-22.36221786762,6.62710931357));
#8199 = VECTOR('',#8200,1.);
#8200 = DIRECTION('',(-0.390149034184,-0.920751720675));
#8201 = ( GEOMETRIC_REPRESENTATION_CONTEXT(2) 
PARAMETRIC_REPRESENTATION_CONTEXT() REPRESENTATION_CONTEXT('2D SPACE',''
  ) );
#8202 = ORIENTED_EDGE('',*,*,#8083,.F.);
#8203 = ADVANCED_FACE('',(#8204),#8170,.F.);
#8204 = FACE_BOUND('',#8205,.F.);
#8205 = EDGE_LOOP('',(#8206,#8236,#8257,#8258));
#8206 = ORIENTED_EDGE('',*,*,#8207,.T.);
#8207 = EDGE_CURVE('',#8208,#8210,#8212,.T.);
#8208 = VERTEX_POINT('',#8209);
#8209 = CARTESIAN_POINT('',(20.719347509941,-22.18634799469,8.9));
#8210 = VERTEX_POINT('',#8211);
#8211 = CARTESIAN_POINT('',(20.719347509941,-22.18634799469,10.25));
#8212 = SURFACE_CURVE('',#8213,(#8217,#8224),.PCURVE_S1.);
#8213 = LINE('',#8214,#8215);
#8214 = CARTESIAN_POINT('',(20.719347509941,-22.18634799469,8.9));
#8215 = VECTOR('',#8216,1.);
#8216 = DIRECTION('',(0.,0.,1.));
#8217 = PCURVE('',#8170,#8218);
#8218 = DEFINITIONAL_REPRESENTATION('',(#8219),#8223);
#8219 = LINE('',#8220,#8221);
#8220 = CARTESIAN_POINT('',(0.,0.));
#8221 = VECTOR('',#8222,1.);
#8222 = DIRECTION('',(0.,-1.));
#8223 = ( GEOMETRIC_REPRESENTATION_CONTEXT(2) 
PARAMETRIC_REPRESENTATION_CONTEXT() REPRESENTATION_CONTEXT('2D SPACE',''
  ) );
#8224 = PCURVE('',#8225,#8230);
#8225 = PLANE('',#8226);
#8226 = AXIS2_PLACEMENT_3D('',#8227,#8228,#8229);
#8227 = CARTESIAN_POINT('',(24.069833960236,-20.39942188787,8.9));
#8228 = DIRECTION('',(0.470588235294,-0.882352941176,0.));
#8229 = DIRECTION('',(-0.882352941176,-0.470588235294,0.));
#8230 = DEFINITIONAL_REPRESENTATION('',(#8231),#8235);
#8231 = LINE('',#8232,#8233);
#8232 = CARTESIAN_POINT('',(3.797217977001,0.));
#8233 = VECTOR('',#8234,1.);
#8234 = DIRECTION('',(0.,-1.));
#8235 = ( GEOMETRIC_REPRESENTATION_CONTEXT(2) 
PARAMETRIC_REPRESENTATION_CONTEXT() REPRESENTATION_CONTEXT('2D SPACE',''
  ) );
#8236 = ORIENTED_EDGE('',*,*,#8237,.T.);
#8237 = EDGE_CURVE('',#8210,#8155,#8238,.T.);
#8238 = SURFACE_CURVE('',#8239,(#8243,#8250),.PCURVE_S1.);
#8239 = LINE('',#8240,#8241);
#8240 = CARTESIAN_POINT('',(20.719347509941,-22.18634799469,10.25));
#8241 = VECTOR('',#8242,1.);
#8242 = DIRECTION('',(-0.743294146247,-0.668964731622,0.));
#8243 = PCURVE('',#8170,#8244);
#8244 = DEFINITIONAL_REPRESENTATION('',(#8245),#8249);
#8245 = LINE('',#8246,#8247);
#8246 = CARTESIAN_POINT('',(0.,-1.35));
#8247 = VECTOR('',#8248,1.);
#8248 = DIRECTION('',(1.,0.));
#8249 = ( GEOMETRIC_REPRESENTATION_CONTEXT(2) 
PARAMETRIC_REPRESENTATION_CONTEXT() REPRESENTATION_CONTEXT('2D SPACE',''
  ) );
#8250 = PCURVE('',#3916,#8251);
#8251 = DEFINITIONAL_REPRESENTATION('',(#8252),#8256);
#8252 = LINE('',#8253,#8254);
#8253 = CARTESIAN_POINT('',(-21.01685876052,7.837932509967));
#8254 = VECTOR('',#8255,1.);
#8255 = DIRECTION('',(-0.743294146247,-0.668964731622));
#8256 = ( GEOMETRIC_REPRESENTATION_CONTEXT(2) 
PARAMETRIC_REPRESENTATION_CONTEXT() REPRESENTATION_CONTEXT('2D SPACE',''
  ) );
#8257 = ORIENTED_EDGE('',*,*,#8154,.F.);
#8258 = ORIENTED_EDGE('',*,*,#8259,.F.);
#8259 = EDGE_CURVE('',#8208,#8132,#8260,.T.);
#8260 = SURFACE_CURVE('',#8261,(#8265,#8272),.PCURVE_S1.);
#8261 = LINE('',#8262,#8263);
#8262 = CARTESIAN_POINT('',(20.719347509941,-22.18634799469,8.9));
#8263 = VECTOR('',#8264,1.);
#8264 = DIRECTION('',(-0.743294146247,-0.668964731622,0.));
#8265 = PCURVE('',#8170,#8266);
#8266 = DEFINITIONAL_REPRESENTATION('',(#8267),#8271);
#8267 = LINE('',#8268,#8269);
#8268 = CARTESIAN_POINT('',(0.,0.));
#8269 = VECTOR('',#8270,1.);
#8270 = DIRECTION('',(1.,0.));
#8271 = ( GEOMETRIC_REPRESENTATION_CONTEXT(2) 
PARAMETRIC_REPRESENTATION_CONTEXT() REPRESENTATION_CONTEXT('2D SPACE',''
  ) );
#8272 = PCURVE('',#3972,#8273);
#8273 = DEFINITIONAL_REPRESENTATION('',(#8274),#8278);
#8274 = LINE('',#8275,#8276);
#8275 = CARTESIAN_POINT('',(-21.01685876052,7.837932509967));
#8276 = VECTOR('',#8277,1.);
#8277 = DIRECTION('',(-0.743294146247,-0.668964731622));
#8278 = ( GEOMETRIC_REPRESENTATION_CONTEXT(2) 
PARAMETRIC_REPRESENTATION_CONTEXT() REPRESENTATION_CONTEXT('2D SPACE',''
  ) );
#8279 = ADVANCED_FACE('',(#8280),#8225,.F.);
#8280 = FACE_BOUND('',#8281,.F.);
#8281 = EDGE_LOOP('',(#8282,#8307,#8328,#8329));
#8282 = ORIENTED_EDGE('',*,*,#8283,.T.);
#8283 = EDGE_CURVE('',#8284,#8286,#8288,.T.);
#8284 = VERTEX_POINT('',#8285);
#8285 = CARTESIAN_POINT('',(24.069833960236,-20.39942188787,8.9));
#8286 = VERTEX_POINT('',#8287);
#8287 = CARTESIAN_POINT('',(24.069833960236,-20.39942188787,10.25));
#8288 = SURFACE_CURVE('',#8289,(#8293,#8300),.PCURVE_S1.);
#8289 = LINE('',#8290,#8291);
#8290 = CARTESIAN_POINT('',(24.069833960236,-20.39942188787,8.9));
#8291 = VECTOR('',#8292,1.);
#8292 = DIRECTION('',(0.,0.,1.));
#8293 = PCURVE('',#8225,#8294);
#8294 = DEFINITIONAL_REPRESENTATION('',(#8295),#8299);
#8295 = LINE('',#8296,#8297);
#8296 = CARTESIAN_POINT('',(0.,0.));
#8297 = VECTOR('',#8298,1.);
#8298 = DIRECTION('',(0.,-1.));
#8299 = ( GEOMETRIC_REPRESENTATION_CONTEXT(2) 
PARAMETRIC_REPRESENTATION_CONTEXT() REPRESENTATION_CONTEXT('2D SPACE',''
  ) );
#8300 = PCURVE('',#3944,#8301);
#8301 = DEFINITIONAL_REPRESENTATION('',(#8302),#8306);
#8302 = LINE('',#8303,#8304);
#8303 = CARTESIAN_POINT('',(4.37791495877,0.));
#8304 = VECTOR('',#8305,1.);
#8305 = DIRECTION('',(0.,-1.));
#8306 = ( GEOMETRIC_REPRESENTATION_CONTEXT(2) 
PARAMETRIC_REPRESENTATION_CONTEXT() REPRESENTATION_CONTEXT('2D SPACE',''
  ) );
#8307 = ORIENTED_EDGE('',*,*,#8308,.T.);
#8308 = EDGE_CURVE('',#8286,#8210,#8309,.T.);
#8309 = SURFACE_CURVE('',#8310,(#8314,#8321),.PCURVE_S1.);
#8310 = LINE('',#8311,#8312);
#8311 = CARTESIAN_POINT('',(24.069833960236,-20.39942188787,10.25));
#8312 = VECTOR('',#8313,1.);
#8313 = DIRECTION('',(-0.882352941176,-0.470588235294,0.));
#8314 = PCURVE('',#8225,#8315);
#8315 = DEFINITIONAL_REPRESENTATION('',(#8316),#8320);
#8316 = LINE('',#8317,#8318);
#8317 = CARTESIAN_POINT('',(0.,-1.35));
#8318 = VECTOR('',#8319,1.);
#8319 = DIRECTION('',(1.,0.));
#8320 = ( GEOMETRIC_REPRESENTATION_CONTEXT(2) 
PARAMETRIC_REPRESENTATION_CONTEXT() REPRESENTATION_CONTEXT('2D SPACE',''
  ) );
#8321 = PCURVE('',#3916,#8322);
#8322 = DEFINITIONAL_REPRESENTATION('',(#8323),#8327);
#8323 = LINE('',#8324,#8325);
#8324 = CARTESIAN_POINT('',(-17.66637231022,9.624858616791));
#8325 = VECTOR('',#8326,1.);
#8326 = DIRECTION('',(-0.882352941176,-0.470588235294));
#8327 = ( GEOMETRIC_REPRESENTATION_CONTEXT(2) 
PARAMETRIC_REPRESENTATION_CONTEXT() REPRESENTATION_CONTEXT('2D SPACE',''
  ) );
#8328 = ORIENTED_EDGE('',*,*,#8207,.F.);
#8329 = ORIENTED_EDGE('',*,*,#8330,.F.);
#8330 = EDGE_CURVE('',#8284,#8208,#8331,.T.);
#8331 = SURFACE_CURVE('',#8332,(#8336,#8343),.PCURVE_S1.);
#8332 = LINE('',#8333,#8334);
#8333 = CARTESIAN_POINT('',(24.069833960236,-20.39942188787,8.9));
#8334 = VECTOR('',#8335,1.);
#8335 = DIRECTION('',(-0.882352941176,-0.470588235294,0.));
#8336 = PCURVE('',#8225,#8337);
#8337 = DEFINITIONAL_REPRESENTATION('',(#8338),#8342);
#8338 = LINE('',#8339,#8340);
#8339 = CARTESIAN_POINT('',(0.,0.));
#8340 = VECTOR('',#8341,1.);
#8341 = DIRECTION('',(1.,0.));
#8342 = ( GEOMETRIC_REPRESENTATION_CONTEXT(2) 
PARAMETRIC_REPRESENTATION_CONTEXT() REPRESENTATION_CONTEXT('2D SPACE',''
  ) );
#8343 = PCURVE('',#3972,#8344);
#8344 = DEFINITIONAL_REPRESENTATION('',(#8345),#8349);
#8345 = LINE('',#8346,#8347);
#8346 = CARTESIAN_POINT('',(-17.66637231022,9.624858616791));
#8347 = VECTOR('',#8348,1.);
#8348 = DIRECTION('',(-0.882352941176,-0.470588235294));
#8349 = ( GEOMETRIC_REPRESENTATION_CONTEXT(2) 
PARAMETRIC_REPRESENTATION_CONTEXT() REPRESENTATION_CONTEXT('2D SPACE',''
  ) );
#8350 = ADVANCED_FACE('',(#8351),#4647,.T.);
#8351 = FACE_BOUND('',#8352,.T.);
#8352 = EDGE_LOOP('',(#8353,#8376,#8399,#8420));
#8353 = ORIENTED_EDGE('',*,*,#8354,.F.);
#8354 = EDGE_CURVE('',#8355,#4633,#8357,.T.);
#8355 = VERTEX_POINT('',#8356);
#8356 = CARTESIAN_POINT('',(48.,-46.95,9.1));
#8357 = SURFACE_CURVE('',#8358,(#8362,#8369),.PCURVE_S1.);
#8358 = LINE('',#8359,#8360);
#8359 = CARTESIAN_POINT('',(48.,-46.95,9.1));
#8360 = VECTOR('',#8361,1.);
#8361 = DIRECTION('',(0.,1.,0.));
#8362 = PCURVE('',#4647,#8363);
#8363 = DEFINITIONAL_REPRESENTATION('',(#8364),#8368);
#8364 = LINE('',#8365,#8366);
#8365 = CARTESIAN_POINT('',(0.,0.));
#8366 = VECTOR('',#8367,1.);
#8367 = DIRECTION('',(0.,1.));
#8368 = ( GEOMETRIC_REPRESENTATION_CONTEXT(2) 
PARAMETRIC_REPRESENTATION_CONTEXT() REPRESENTATION_CONTEXT('2D SPACE',''
  ) );
#8369 = PCURVE('',#3339,#8370);
#8370 = DEFINITIONAL_REPRESENTATION('',(#8371),#8375);
#8371 = LINE('',#8372,#8373);
#8372 = CARTESIAN_POINT('',(8.1,0.));
#8373 = VECTOR('',#8374,1.);
#8374 = DIRECTION('',(0.,-1.));
#8375 = ( GEOMETRIC_REPRESENTATION_CONTEXT(2) 
PARAMETRIC_REPRESENTATION_CONTEXT() REPRESENTATION_CONTEXT('2D SPACE',''
  ) );
#8376 = ORIENTED_EDGE('',*,*,#8377,.T.);
#8377 = EDGE_CURVE('',#8355,#8378,#8380,.T.);
#8378 = VERTEX_POINT('',#8379);
#8379 = CARTESIAN_POINT('',(50.,-46.95,9.1));
#8380 = SURFACE_CURVE('',#8381,(#8385,#8392),.PCURVE_S1.);
#8381 = LINE('',#8382,#8383);
#8382 = CARTESIAN_POINT('',(48.,-46.95,9.1));
#8383 = VECTOR('',#8384,1.);
#8384 = DIRECTION('',(1.,0.,0.));
#8385 = PCURVE('',#4647,#8386);
#8386 = DEFINITIONAL_REPRESENTATION('',(#8387),#8391);
#8387 = LINE('',#8388,#8389);
#8388 = CARTESIAN_POINT('',(0.,0.));
#8389 = VECTOR('',#8390,1.);
#8390 = DIRECTION('',(1.,0.));
#8391 = ( GEOMETRIC_REPRESENTATION_CONTEXT(2) 
PARAMETRIC_REPRESENTATION_CONTEXT() REPRESENTATION_CONTEXT('2D SPACE',''
  ) );
#8392 = PCURVE('',#3313,#8393);
#8393 = DEFINITIONAL_REPRESENTATION('',(#8394),#8398);
#8394 = LINE('',#8395,#8396);
#8395 = CARTESIAN_POINT('',(8.1,0.));
#8396 = VECTOR('',#8397,1.);
#8397 = DIRECTION('',(0.,1.));
#8398 = ( GEOMETRIC_REPRESENTATION_CONTEXT(2) 
PARAMETRIC_REPRESENTATION_CONTEXT() REPRESENTATION_CONTEXT('2D SPACE',''
  ) );
#8399 = ORIENTED_EDGE('',*,*,#8400,.F.);
#8400 = EDGE_CURVE('',#4611,#8378,#8401,.T.);
#8401 = SURFACE_CURVE('',#8402,(#8406,#8413),.PCURVE_S1.);
#8402 = LINE('',#8403,#8404);
#8403 = CARTESIAN_POINT('',(50.,-40.33,9.1));
#8404 = VECTOR('',#8405,1.);
#8405 = DIRECTION('',(0.,-1.,0.));
#8406 = PCURVE('',#4647,#8407);
#8407 = DEFINITIONAL_REPRESENTATION('',(#8408),#8412);
#8408 = LINE('',#8409,#8410);
#8409 = CARTESIAN_POINT('',(2.,6.62));
#8410 = VECTOR('',#8411,1.);
#8411 = DIRECTION('',(0.,-1.));
#8412 = ( GEOMETRIC_REPRESENTATION_CONTEXT(2) 
PARAMETRIC_REPRESENTATION_CONTEXT() REPRESENTATION_CONTEXT('2D SPACE',''
  ) );
#8413 = PCURVE('',#3390,#8414);
#8414 = DEFINITIONAL_REPRESENTATION('',(#8415),#8419);
#8415 = LINE('',#8416,#8417);
#8416 = CARTESIAN_POINT('',(8.1,-6.62));
#8417 = VECTOR('',#8418,1.);
#8418 = DIRECTION('',(0.,1.));
#8419 = ( GEOMETRIC_REPRESENTATION_CONTEXT(2) 
PARAMETRIC_REPRESENTATION_CONTEXT() REPRESENTATION_CONTEXT('2D SPACE',''
  ) );
#8420 = ORIENTED_EDGE('',*,*,#4632,.T.);
#8421 = ADVANCED_FACE('',(#8422),#4697,.F.);
#8422 = FACE_BOUND('',#8423,.F.);
#8423 = EDGE_LOOP('',(#8424,#8425,#8445,#8446));
#8424 = ORIENTED_EDGE('',*,*,#4681,.T.);
#8425 = ORIENTED_EDGE('',*,*,#8426,.F.);
#8426 = EDGE_CURVE('',#5832,#4660,#8427,.T.);
#8427 = SURFACE_CURVE('',#8428,(#8432,#8438),.PCURVE_S1.);
#8428 = LINE('',#8429,#8430);
#8429 = CARTESIAN_POINT('',(48.,-38.28714025233,8.9));
#8430 = VECTOR('',#8431,1.);
#8431 = DIRECTION('',(0.,-1.,0.));
#8432 = PCURVE('',#4697,#8433);
#8433 = DEFINITIONAL_REPRESENTATION('',(#8434),#8437);
#8434 = B_SPLINE_CURVE_WITH_KNOTS('',1,(#8435,#8436),.UNSPECIFIED.,.F.,
  .F.,(2,2),(0.392859747668,2.042859747668),.PIECEWISE_BEZIER_KNOTS.);
#8435 = CARTESIAN_POINT('',(6.263793729538,-8.655719495335));
#8436 = CARTESIAN_POINT('',(6.263793729538,-10.30571949533));
#8437 = ( GEOMETRIC_REPRESENTATION_CONTEXT(2) 
PARAMETRIC_REPRESENTATION_CONTEXT() REPRESENTATION_CONTEXT('2D SPACE',''
  ) );
#8438 = PCURVE('',#3339,#8439);
#8439 = DEFINITIONAL_REPRESENTATION('',(#8440),#8444);
#8440 = LINE('',#8441,#8442);
#8441 = CARTESIAN_POINT('',(7.9,-8.662859747668));
#8442 = VECTOR('',#8443,1.);
#8443 = DIRECTION('',(0.,1.));
#8444 = ( GEOMETRIC_REPRESENTATION_CONTEXT(2) 
PARAMETRIC_REPRESENTATION_CONTEXT() REPRESENTATION_CONTEXT('2D SPACE',''
  ) );
#8445 = ORIENTED_EDGE('',*,*,#5853,.T.);
#8446 = ORIENTED_EDGE('',*,*,#8447,.T.);
#8447 = EDGE_CURVE('',#5854,#4682,#8448,.T.);
#8448 = SURFACE_CURVE('',#8449,(#8453,#8459),.PCURVE_S1.);
#8449 = LINE('',#8450,#8451);
#8450 = CARTESIAN_POINT('',(35.,-38.28714025233,8.9));
#8451 = VECTOR('',#8452,1.);
#8452 = DIRECTION('',(0.,-1.,0.));
#8453 = PCURVE('',#4697,#8454);
#8454 = DEFINITIONAL_REPRESENTATION('',(#8455),#8458);
#8455 = B_SPLINE_CURVE_WITH_KNOTS('',1,(#8456,#8457),.UNSPECIFIED.,.F.,
  .F.,(2,2),(0.392859747668,2.042859747668),.PIECEWISE_BEZIER_KNOTS.);
#8456 = CARTESIAN_POINT('',(-6.736206270462,-8.655719495335));
#8457 = CARTESIAN_POINT('',(-6.736206270462,-10.30571949533));
#8458 = ( GEOMETRIC_REPRESENTATION_CONTEXT(2) 
PARAMETRIC_REPRESENTATION_CONTEXT() REPRESENTATION_CONTEXT('2D SPACE',''
  ) );
#8459 = PCURVE('',#3282,#8460);
#8460 = DEFINITIONAL_REPRESENTATION('',(#8461),#8465);
#8461 = LINE('',#8462,#8463);
#8462 = CARTESIAN_POINT('',(7.9,-8.662859747668));
#8463 = VECTOR('',#8464,1.);
#8464 = DIRECTION('',(0.,1.));
#8465 = ( GEOMETRIC_REPRESENTATION_CONTEXT(2) 
PARAMETRIC_REPRESENTATION_CONTEXT() REPRESENTATION_CONTEXT('2D SPACE',''
  ) );
#8466 = ADVANCED_FACE('',(#8467),#4746,.T.);
#8467 = FACE_BOUND('',#8468,.T.);
#8468 = EDGE_LOOP('',(#8469,#8492,#8515,#8536));
#8469 = ORIENTED_EDGE('',*,*,#8470,.F.);
#8470 = EDGE_CURVE('',#8471,#4732,#8473,.T.);
#8471 = VERTEX_POINT('',#8472);
#8472 = CARTESIAN_POINT('',(33.,-46.95,9.1));
#8473 = SURFACE_CURVE('',#8474,(#8478,#8485),.PCURVE_S1.);
#8474 = LINE('',#8475,#8476);
#8475 = CARTESIAN_POINT('',(33.,-46.95,9.1));
#8476 = VECTOR('',#8477,1.);
#8477 = DIRECTION('',(0.,1.,0.));
#8478 = PCURVE('',#4746,#8479);
#8479 = DEFINITIONAL_REPRESENTATION('',(#8480),#8484);
#8480 = LINE('',#8481,#8482);
#8481 = CARTESIAN_POINT('',(0.,0.));
#8482 = VECTOR('',#8483,1.);
#8483 = DIRECTION('',(0.,1.));
#8484 = ( GEOMETRIC_REPRESENTATION_CONTEXT(2) 
PARAMETRIC_REPRESENTATION_CONTEXT() REPRESENTATION_CONTEXT('2D SPACE',''
  ) );
#8485 = PCURVE('',#3231,#8486);
#8486 = DEFINITIONAL_REPRESENTATION('',(#8487),#8491);
#8487 = LINE('',#8488,#8489);
#8488 = CARTESIAN_POINT('',(8.1,0.));
#8489 = VECTOR('',#8490,1.);
#8490 = DIRECTION('',(0.,-1.));
#8491 = ( GEOMETRIC_REPRESENTATION_CONTEXT(2) 
PARAMETRIC_REPRESENTATION_CONTEXT() REPRESENTATION_CONTEXT('2D SPACE',''
  ) );
#8492 = ORIENTED_EDGE('',*,*,#8493,.T.);
#8493 = EDGE_CURVE('',#8471,#8494,#8496,.T.);
#8494 = VERTEX_POINT('',#8495);
#8495 = CARTESIAN_POINT('',(35.,-46.95,9.1));
#8496 = SURFACE_CURVE('',#8497,(#8501,#8508),.PCURVE_S1.);
#8497 = LINE('',#8498,#8499);
#8498 = CARTESIAN_POINT('',(33.,-46.95,9.1));
#8499 = VECTOR('',#8500,1.);
#8500 = DIRECTION('',(1.,0.,0.));
#8501 = PCURVE('',#4746,#8502);
#8502 = DEFINITIONAL_REPRESENTATION('',(#8503),#8507);
#8503 = LINE('',#8504,#8505);
#8504 = CARTESIAN_POINT('',(0.,0.));
#8505 = VECTOR('',#8506,1.);
#8506 = DIRECTION('',(1.,0.));
#8507 = ( GEOMETRIC_REPRESENTATION_CONTEXT(2) 
PARAMETRIC_REPRESENTATION_CONTEXT() REPRESENTATION_CONTEXT('2D SPACE',''
  ) );
#8508 = PCURVE('',#3205,#8509);
#8509 = DEFINITIONAL_REPRESENTATION('',(#8510),#8514);
#8510 = LINE('',#8511,#8512);
#8511 = CARTESIAN_POINT('',(8.1,0.));
#8512 = VECTOR('',#8513,1.);
#8513 = DIRECTION('',(0.,1.));
#8514 = ( GEOMETRIC_REPRESENTATION_CONTEXT(2) 
PARAMETRIC_REPRESENTATION_CONTEXT() REPRESENTATION_CONTEXT('2D SPACE',''
  ) );
#8515 = ORIENTED_EDGE('',*,*,#8516,.F.);
#8516 = EDGE_CURVE('',#4710,#8494,#8517,.T.);
#8517 = SURFACE_CURVE('',#8518,(#8522,#8529),.PCURVE_S1.);
#8518 = LINE('',#8519,#8520);
#8519 = CARTESIAN_POINT('',(35.,-40.33,9.1));
#8520 = VECTOR('',#8521,1.);
#8521 = DIRECTION('',(0.,-1.,0.));
#8522 = PCURVE('',#4746,#8523);
#8523 = DEFINITIONAL_REPRESENTATION('',(#8524),#8528);
#8524 = LINE('',#8525,#8526);
#8525 = CARTESIAN_POINT('',(2.,6.62));
#8526 = VECTOR('',#8527,1.);
#8527 = DIRECTION('',(0.,-1.));
#8528 = ( GEOMETRIC_REPRESENTATION_CONTEXT(2) 
PARAMETRIC_REPRESENTATION_CONTEXT() REPRESENTATION_CONTEXT('2D SPACE',''
  ) );
#8529 = PCURVE('',#3282,#8530);
#8530 = DEFINITIONAL_REPRESENTATION('',(#8531),#8535);
#8531 = LINE('',#8532,#8533);
#8532 = CARTESIAN_POINT('',(8.1,-6.62));
#8533 = VECTOR('',#8534,1.);
#8534 = DIRECTION('',(0.,1.));
#8535 = ( GEOMETRIC_REPRESENTATION_CONTEXT(2) 
PARAMETRIC_REPRESENTATION_CONTEXT() REPRESENTATION_CONTEXT('2D SPACE',''
  ) );
#8536 = ORIENTED_EDGE('',*,*,#4731,.T.);
#8537 = ADVANCED_FACE('',(#8538),#4525,.F.);
#8538 = FACE_BOUND('',#8539,.F.);
#8539 = EDGE_LOOP('',(#8540,#8541,#8561,#8562,#8563,#8564,#8565,#8566,
    #8567,#8568,#8569,#8570,#8571,#8572,#8573,#8574));
#8540 = ORIENTED_EDGE('',*,*,#4507,.T.);
#8541 = ORIENTED_EDGE('',*,*,#8542,.F.);
#8542 = EDGE_CURVE('',#5923,#4510,#8543,.T.);
#8543 = SURFACE_CURVE('',#8544,(#8548,#8554),.PCURVE_S1.);
#8544 = LINE('',#8545,#8546);
#8545 = CARTESIAN_POINT('',(33.,-38.28714025233,8.9));
#8546 = VECTOR('',#8547,1.);
#8547 = DIRECTION('',(0.,-1.,0.));
#8548 = PCURVE('',#4525,#8549);
#8549 = DEFINITIONAL_REPRESENTATION('',(#8550),#8553);
#8550 = B_SPLINE_CURVE_WITH_KNOTS('',1,(#8551,#8552),.UNSPECIFIED.,.F.,
  .F.,(2,2),(0.392859747668,2.042859747668),.PIECEWISE_BEZIER_KNOTS.);
#8551 = CARTESIAN_POINT('',(-8.736206270462,-8.655719495335));
#8552 = CARTESIAN_POINT('',(-8.736206270462,-10.30571949533));
#8553 = ( GEOMETRIC_REPRESENTATION_CONTEXT(2) 
PARAMETRIC_REPRESENTATION_CONTEXT() REPRESENTATION_CONTEXT('2D SPACE',''
  ) );
#8554 = PCURVE('',#3231,#8555);
#8555 = DEFINITIONAL_REPRESENTATION('',(#8556),#8560);
#8556 = LINE('',#8557,#8558);
#8557 = CARTESIAN_POINT('',(7.9,-8.662859747668));
#8558 = VECTOR('',#8559,1.);
#8559 = DIRECTION('',(0.,1.));
#8560 = ( GEOMETRIC_REPRESENTATION_CONTEXT(2) 
PARAMETRIC_REPRESENTATION_CONTEXT() REPRESENTATION_CONTEXT('2D SPACE',''
  ) );
#8561 = ORIENTED_EDGE('',*,*,#5944,.T.);
#8562 = ORIENTED_EDGE('',*,*,#5660,.T.);
#8563 = ORIENTED_EDGE('',*,*,#5588,.T.);
#8564 = ORIENTED_EDGE('',*,*,#5327,.T.);
#8565 = ORIENTED_EDGE('',*,*,#5492,.T.);
#8566 = ORIENTED_EDGE('',*,*,#5563,.F.);
#8567 = ORIENTED_EDGE('',*,*,#5426,.T.);
#8568 = ORIENTED_EDGE('',*,*,#5255,.T.);
#8569 = ORIENTED_EDGE('',*,*,#5156,.F.);
#8570 = ORIENTED_EDGE('',*,*,#5113,.T.);
#8571 = ORIENTED_EDGE('',*,*,#5009,.T.);
#8572 = ORIENTED_EDGE('',*,*,#4985,.T.);
#8573 = ORIENTED_EDGE('',*,*,#4909,.T.);
#8574 = ORIENTED_EDGE('',*,*,#4833,.T.);
#8575 = ADVANCED_FACE('',(#8576),#3916,.T.);
#8576 = FACE_BOUND('',#8577,.T.);
#8577 = EDGE_LOOP('',(#8578,#8579,#8580,#8581,#8582,#8583,#8584,#8585,
    #8586,#8587,#8588,#8589,#8590,#8591,#8592,#8593,#8594,#8595,#8596,
    #8597,#8598,#8599,#8600,#8601,#8602,#8603,#8604,#8605,#8606,#8607,
    #8608,#8609,#8610,#8631));
#8578 = ORIENTED_EDGE('',*,*,#8237,.T.);
#8579 = ORIENTED_EDGE('',*,*,#8182,.T.);
#8580 = ORIENTED_EDGE('',*,*,#8109,.F.);
#8581 = ORIENTED_EDGE('',*,*,#8038,.F.);
#8582 = ORIENTED_EDGE('',*,*,#7967,.T.);
#8583 = ORIENTED_EDGE('',*,*,#7777,.T.);
#8584 = ORIENTED_EDGE('',*,*,#7578,.T.);
#8585 = ORIENTED_EDGE('',*,*,#7506,.T.);
#8586 = ORIENTED_EDGE('',*,*,#7020,.T.);
#8587 = ORIENTED_EDGE('',*,*,#6738,.T.);
#8588 = ORIENTED_EDGE('',*,*,#6666,.T.);
#8589 = ORIENTED_EDGE('',*,*,#6594,.T.);
#8590 = ORIENTED_EDGE('',*,*,#6522,.T.);
#8591 = ORIENTED_EDGE('',*,*,#6450,.T.);
#8592 = ORIENTED_EDGE('',*,*,#5964,.T.);
#8593 = ORIENTED_EDGE('',*,*,#5682,.T.);
#8594 = ORIENTED_EDGE('',*,*,#5610,.T.);
#8595 = ORIENTED_EDGE('',*,*,#5446,.T.);
#8596 = ORIENTED_EDGE('',*,*,#5275,.T.);
#8597 = ORIENTED_EDGE('',*,*,#5203,.F.);
#8598 = ORIENTED_EDGE('',*,*,#5133,.T.);
#8599 = ORIENTED_EDGE('',*,*,#5058,.T.);
#8600 = ORIENTED_EDGE('',*,*,#4963,.T.);
#8601 = ORIENTED_EDGE('',*,*,#4887,.T.);
#8602 = ORIENTED_EDGE('',*,*,#4811,.T.);
#8603 = ORIENTED_EDGE('',*,*,#4565,.T.);
#8604 = ORIENTED_EDGE('',*,*,#4461,.T.);
#8605 = ORIENTED_EDGE('',*,*,#4385,.T.);
#8606 = ORIENTED_EDGE('',*,*,#4309,.T.);
#8607 = ORIENTED_EDGE('',*,*,#4233,.T.);
#8608 = ORIENTED_EDGE('',*,*,#4157,.T.);
#8609 = ORIENTED_EDGE('',*,*,#3900,.T.);
#8610 = ORIENTED_EDGE('',*,*,#8611,.T.);
#8611 = EDGE_CURVE('',#3901,#8286,#8612,.T.);
#8612 = SURFACE_CURVE('',#8613,(#8617,#8624),.PCURVE_S1.);
#8613 = LINE('',#8614,#8615);
#8614 = CARTESIAN_POINT('',(28.399313212729,-19.75,10.25));
#8615 = VECTOR('',#8616,1.);
#8616 = DIRECTION('',(-0.988936352868,-0.14834045293,0.));
#8617 = PCURVE('',#3916,#8618);
#8618 = DEFINITIONAL_REPRESENTATION('',(#8619),#8623);
#8619 = LINE('',#8620,#8621);
#8620 = CARTESIAN_POINT('',(-13.33689305773,10.274280504665));
#8621 = VECTOR('',#8622,1.);
#8622 = DIRECTION('',(-0.988936352868,-0.14834045293));
#8623 = ( GEOMETRIC_REPRESENTATION_CONTEXT(2) 
PARAMETRIC_REPRESENTATION_CONTEXT() REPRESENTATION_CONTEXT('2D SPACE',''
  ) );
#8624 = PCURVE('',#3944,#8625);
#8625 = DEFINITIONAL_REPRESENTATION('',(#8626),#8630);
#8626 = LINE('',#8627,#8628);
#8627 = CARTESIAN_POINT('',(0.,-1.35));
#8628 = VECTOR('',#8629,1.);
#8629 = DIRECTION('',(1.,0.));
#8630 = ( GEOMETRIC_REPRESENTATION_CONTEXT(2) 
PARAMETRIC_REPRESENTATION_CONTEXT() REPRESENTATION_CONTEXT('2D SPACE',''
  ) );
#8631 = ORIENTED_EDGE('',*,*,#8308,.T.);
#8632 = ADVANCED_FACE('',(#8633),#3944,.F.);
#8633 = FACE_BOUND('',#8634,.F.);
#8634 = EDGE_LOOP('',(#8635,#8636,#8637,#8638));
#8635 = ORIENTED_EDGE('',*,*,#3928,.T.);
#8636 = ORIENTED_EDGE('',*,*,#8611,.T.);
#8637 = ORIENTED_EDGE('',*,*,#8283,.F.);
#8638 = ORIENTED_EDGE('',*,*,#8639,.F.);
#8639 = EDGE_CURVE('',#3929,#8284,#8640,.T.);
#8640 = SURFACE_CURVE('',#8641,(#8645,#8652),.PCURVE_S1.);
#8641 = LINE('',#8642,#8643);
#8642 = CARTESIAN_POINT('',(28.399313212729,-19.75,8.9));
#8643 = VECTOR('',#8644,1.);
#8644 = DIRECTION('',(-0.988936352868,-0.14834045293,0.));
#8645 = PCURVE('',#3944,#8646);
#8646 = DEFINITIONAL_REPRESENTATION('',(#8647),#8651);
#8647 = LINE('',#8648,#8649);
#8648 = CARTESIAN_POINT('',(0.,0.));
#8649 = VECTOR('',#8650,1.);
#8650 = DIRECTION('',(1.,0.));
#8651 = ( GEOMETRIC_REPRESENTATION_CONTEXT(2) 
PARAMETRIC_REPRESENTATION_CONTEXT() REPRESENTATION_CONTEXT('2D SPACE',''
  ) );
#8652 = PCURVE('',#3972,#8653);
#8653 = DEFINITIONAL_REPRESENTATION('',(#8654),#8658);
#8654 = LINE('',#8655,#8656);
#8655 = CARTESIAN_POINT('',(-13.33689305773,10.274280504665));
#8656 = VECTOR('',#8657,1.);
#8657 = DIRECTION('',(-0.988936352868,-0.14834045293));
#8658 = ( GEOMETRIC_REPRESENTATION_CONTEXT(2) 
PARAMETRIC_REPRESENTATION_CONTEXT() REPRESENTATION_CONTEXT('2D SPACE',''
  ) );
#8659 = ADVANCED_FACE('',(#8660),#3972,.F.);
#8660 = FACE_BOUND('',#8661,.F.);
#8661 = EDGE_LOOP('',(#8662,#8663,#8664,#8665,#8666,#8667,#8668,#8669,
    #8670,#8671,#8672,#8673,#8674,#8675,#8676,#8677));
#8662 = ORIENTED_EDGE('',*,*,#3956,.T.);
#8663 = ORIENTED_EDGE('',*,*,#8639,.T.);
#8664 = ORIENTED_EDGE('',*,*,#8330,.T.);
#8665 = ORIENTED_EDGE('',*,*,#8259,.T.);
#8666 = ORIENTED_EDGE('',*,*,#8131,.T.);
#8667 = ORIENTED_EDGE('',*,*,#8062,.F.);
#8668 = ORIENTED_EDGE('',*,*,#7989,.F.);
#8669 = ORIENTED_EDGE('',*,*,#7947,.T.);
#8670 = ORIENTED_EDGE('',*,*,#7658,.T.);
#8671 = ORIENTED_EDGE('',*,*,#7824,.F.);
#8672 = ORIENTED_EDGE('',*,*,#7896,.F.);
#8673 = ORIENTED_EDGE('',*,*,#7757,.T.);
#8674 = ORIENTED_EDGE('',*,*,#7556,.T.);
#8675 = ORIENTED_EDGE('',*,*,#7484,.T.);
#8676 = ORIENTED_EDGE('',*,*,#6818,.T.);
#8677 = ORIENTED_EDGE('',*,*,#8678,.F.);
#8678 = EDGE_CURVE('',#3957,#6819,#8679,.T.);
#8679 = SURFACE_CURVE('',#8680,(#8684,#8690),.PCURVE_S1.);
#8680 = LINE('',#8681,#8682);
#8681 = CARTESIAN_POINT('',(30.5,-25.71214025233,8.9));
#8682 = VECTOR('',#8683,1.);
#8683 = DIRECTION('',(0.,-1.,0.));
#8684 = PCURVE('',#3972,#8685);
#8685 = DEFINITIONAL_REPRESENTATION('',(#8686),#8689);
#8686 = B_SPLINE_CURVE_WITH_KNOTS('',1,(#8687,#8688),.UNSPECIFIED.,.F.,
  .F.,(2,2),(-5.962140252332,-4.312140252332),.PIECEWISE_BEZIER_KNOTS.);
#8687 = CARTESIAN_POINT('',(-11.23620627046,10.274280504665));
#8688 = CARTESIAN_POINT('',(-11.23620627046,8.624280504665));
#8689 = ( GEOMETRIC_REPRESENTATION_CONTEXT(2) 
PARAMETRIC_REPRESENTATION_CONTEXT() REPRESENTATION_CONTEXT('2D SPACE',''
  ) );
#8690 = PCURVE('',#3482,#8691);
#8691 = DEFINITIONAL_REPRESENTATION('',(#8692),#8696);
#8692 = LINE('',#8693,#8694);
#8693 = CARTESIAN_POINT('',(7.9,6.912140252332));
#8694 = VECTOR('',#8695,1.);
#8695 = DIRECTION('',(0.,1.));
#8696 = ( GEOMETRIC_REPRESENTATION_CONTEXT(2) 
PARAMETRIC_REPRESENTATION_CONTEXT() REPRESENTATION_CONTEXT('2D SPACE',''
  ) );
#8697 = ADVANCED_FACE('',(#8698),#4021,.T.);
#8698 = FACE_BOUND('',#8699,.T.);
#8699 = EDGE_LOOP('',(#8700,#8723,#8724,#8747));
#8700 = ORIENTED_EDGE('',*,*,#8701,.F.);
#8701 = EDGE_CURVE('',#3985,#8702,#8704,.T.);
#8702 = VERTEX_POINT('',#8703);
#8703 = CARTESIAN_POINT('',(30.5,-17.4,9.1));
#8704 = SURFACE_CURVE('',#8705,(#8709,#8716),.PCURVE_S1.);
#8705 = LINE('',#8706,#8707);
#8706 = CARTESIAN_POINT('',(30.5,-19.75,9.1));
#8707 = VECTOR('',#8708,1.);
#8708 = DIRECTION('',(0.,1.,0.));
#8709 = PCURVE('',#4021,#8710);
#8710 = DEFINITIONAL_REPRESENTATION('',(#8711),#8715);
#8711 = LINE('',#8712,#8713);
#8712 = CARTESIAN_POINT('',(0.,-0.95));
#8713 = VECTOR('',#8714,1.);
#8714 = DIRECTION('',(0.,1.));
#8715 = ( GEOMETRIC_REPRESENTATION_CONTEXT(2) 
PARAMETRIC_REPRESENTATION_CONTEXT() REPRESENTATION_CONTEXT('2D SPACE',''
  ) );
#8716 = PCURVE('',#3482,#8717);
#8717 = DEFINITIONAL_REPRESENTATION('',(#8718),#8722);
#8718 = LINE('',#8719,#8720);
#8719 = CARTESIAN_POINT('',(8.1,0.95));
#8720 = VECTOR('',#8721,1.);
#8721 = DIRECTION('',(0.,-1.));
#8722 = ( GEOMETRIC_REPRESENTATION_CONTEXT(2) 
PARAMETRIC_REPRESENTATION_CONTEXT() REPRESENTATION_CONTEXT('2D SPACE',''
  ) );
#8723 = ORIENTED_EDGE('',*,*,#4006,.T.);
#8724 = ORIENTED_EDGE('',*,*,#8725,.F.);
#8725 = EDGE_CURVE('',#8726,#4007,#8728,.T.);
#8726 = VERTEX_POINT('',#8727);
#8727 = CARTESIAN_POINT('',(32.5,-17.4,9.1));
#8728 = SURFACE_CURVE('',#8729,(#8733,#8740),.PCURVE_S1.);
#8729 = LINE('',#8730,#8731);
#8730 = CARTESIAN_POINT('',(32.5,-17.4,9.1));
#8731 = VECTOR('',#8732,1.);
#8732 = DIRECTION('',(0.,-1.,0.));
#8733 = PCURVE('',#4021,#8734);
#8734 = DEFINITIONAL_REPRESENTATION('',(#8735),#8739);
#8735 = LINE('',#8736,#8737);
#8736 = CARTESIAN_POINT('',(2.,1.4));
#8737 = VECTOR('',#8738,1.);
#8738 = DIRECTION('',(0.,-1.));
#8739 = ( GEOMETRIC_REPRESENTATION_CONTEXT(2) 
PARAMETRIC_REPRESENTATION_CONTEXT() REPRESENTATION_CONTEXT('2D SPACE',''
  ) );
#8740 = PCURVE('',#3533,#8741);
#8741 = DEFINITIONAL_REPRESENTATION('',(#8742),#8746);
#8742 = LINE('',#8743,#8744);
#8743 = CARTESIAN_POINT('',(8.1,-1.4));
#8744 = VECTOR('',#8745,1.);
#8745 = DIRECTION('',(0.,1.));
#8746 = ( GEOMETRIC_REPRESENTATION_CONTEXT(2) 
PARAMETRIC_REPRESENTATION_CONTEXT() REPRESENTATION_CONTEXT('2D SPACE',''
  ) );
#8747 = ORIENTED_EDGE('',*,*,#8748,.F.);
#8748 = EDGE_CURVE('',#8702,#8726,#8749,.T.);
#8749 = SURFACE_CURVE('',#8750,(#8754,#8761),.PCURVE_S1.);
#8750 = LINE('',#8751,#8752);
#8751 = CARTESIAN_POINT('',(30.5,-17.4,9.1));
#8752 = VECTOR('',#8753,1.);
#8753 = DIRECTION('',(1.,0.,0.));
#8754 = PCURVE('',#4021,#8755);
#8755 = DEFINITIONAL_REPRESENTATION('',(#8756),#8760);
#8756 = LINE('',#8757,#8758);
#8757 = CARTESIAN_POINT('',(0.,1.4));
#8758 = VECTOR('',#8759,1.);
#8759 = DIRECTION('',(1.,0.));
#8760 = ( GEOMETRIC_REPRESENTATION_CONTEXT(2) 
PARAMETRIC_REPRESENTATION_CONTEXT() REPRESENTATION_CONTEXT('2D SPACE',''
  ) );
#8761 = PCURVE('',#3509,#8762);
#8762 = DEFINITIONAL_REPRESENTATION('',(#8763),#8767);
#8763 = LINE('',#8764,#8765);
#8764 = CARTESIAN_POINT('',(8.1,0.));
#8765 = VECTOR('',#8766,1.);
#8766 = DIRECTION('',(0.,1.));
#8767 = ( GEOMETRIC_REPRESENTATION_CONTEXT(2) 
PARAMETRIC_REPRESENTATION_CONTEXT() REPRESENTATION_CONTEXT('2D SPACE',''
  ) );
#8768 = ADVANCED_FACE('',(#8769),#4071,.F.);
#8769 = FACE_BOUND('',#8770,.F.);
#8770 = EDGE_LOOP('',(#8771,#8772,#8792,#8793));
#8771 = ORIENTED_EDGE('',*,*,#4055,.T.);
#8772 = ORIENTED_EDGE('',*,*,#8773,.T.);
#8773 = EDGE_CURVE('',#4034,#6888,#8774,.T.);
#8774 = SURFACE_CURVE('',#8775,(#8779,#8785),.PCURVE_S1.);
#8775 = LINE('',#8776,#8777);
#8776 = CARTESIAN_POINT('',(32.5,-25.71214025233,8.9));
#8777 = VECTOR('',#8778,1.);
#8778 = DIRECTION('',(0.,-1.,0.));
#8779 = PCURVE('',#4071,#8780);
#8780 = DEFINITIONAL_REPRESENTATION('',(#8781),#8784);
#8781 = B_SPLINE_CURVE_WITH_KNOTS('',1,(#8782,#8783),.UNSPECIFIED.,.F.,
  .F.,(2,2),(-5.962140252332,-4.312140252332),.PIECEWISE_BEZIER_KNOTS.);
#8782 = CARTESIAN_POINT('',(-9.236206270462,10.274280504665));
#8783 = CARTESIAN_POINT('',(-9.236206270462,8.624280504665));
#8784 = ( GEOMETRIC_REPRESENTATION_CONTEXT(2) 
PARAMETRIC_REPRESENTATION_CONTEXT() REPRESENTATION_CONTEXT('2D SPACE',''
  ) );
#8785 = PCURVE('',#3533,#8786);
#8786 = DEFINITIONAL_REPRESENTATION('',(#8787),#8791);
#8787 = LINE('',#8788,#8789);
#8788 = CARTESIAN_POINT('',(7.9,6.912140252332));
#8789 = VECTOR('',#8790,1.);
#8790 = DIRECTION('',(0.,1.));
#8791 = ( GEOMETRIC_REPRESENTATION_CONTEXT(2) 
PARAMETRIC_REPRESENTATION_CONTEXT() REPRESENTATION_CONTEXT('2D SPACE',''
  ) );
#8792 = ORIENTED_EDGE('',*,*,#6909,.T.);
#8793 = ORIENTED_EDGE('',*,*,#8794,.F.);
#8794 = EDGE_CURVE('',#4056,#6910,#8795,.T.);
#8795 = SURFACE_CURVE('',#8796,(#8800,#8806),.PCURVE_S1.);
#8796 = LINE('',#8797,#8798);
#8797 = CARTESIAN_POINT('',(47.7,-25.71214025233,8.9));
#8798 = VECTOR('',#8799,1.);
#8799 = DIRECTION('',(0.,-1.,0.));
#8800 = PCURVE('',#4071,#8801);
#8801 = DEFINITIONAL_REPRESENTATION('',(#8802),#8805);
#8802 = B_SPLINE_CURVE_WITH_KNOTS('',1,(#8803,#8804),.UNSPECIFIED.,.F.,
  .F.,(2,2),(-5.962140252332,-4.312140252332),.PIECEWISE_BEZIER_KNOTS.);
#8803 = CARTESIAN_POINT('',(5.963793729538,10.274280504665));
#8804 = CARTESIAN_POINT('',(5.963793729538,8.624280504665));
#8805 = ( GEOMETRIC_REPRESENTATION_CONTEXT(2) 
PARAMETRIC_REPRESENTATION_CONTEXT() REPRESENTATION_CONTEXT('2D SPACE',''
  ) );
#8806 = PCURVE('',#3625,#8807);
#8807 = DEFINITIONAL_REPRESENTATION('',(#8808),#8812);
#8808 = LINE('',#8809,#8810);
#8809 = CARTESIAN_POINT('',(7.9,6.912140252332));
#8810 = VECTOR('',#8811,1.);
#8811 = DIRECTION('',(0.,1.));
#8812 = ( GEOMETRIC_REPRESENTATION_CONTEXT(2) 
PARAMETRIC_REPRESENTATION_CONTEXT() REPRESENTATION_CONTEXT('2D SPACE',''
  ) );
#8813 = ADVANCED_FACE('',(#8814),#3860,.F.);
#8814 = FACE_BOUND('',#8815,.F.);
#8815 = EDGE_LOOP('',(#8816,#8817,#8837,#8838,#8839,#8840,#8841,#8842,
    #8843,#8844,#8864,#8865,#8866,#8867,#8868,#8869));
#8816 = ORIENTED_EDGE('',*,*,#3842,.T.);
#8817 = ORIENTED_EDGE('',*,*,#8818,.T.);
#8818 = EDGE_CURVE('',#3845,#6979,#8819,.T.);
#8819 = SURFACE_CURVE('',#8820,(#8824,#8830),.PCURVE_S1.);
#8820 = LINE('',#8821,#8822);
#8821 = CARTESIAN_POINT('',(49.7,-25.71214025233,8.9));
#8822 = VECTOR('',#8823,1.);
#8823 = DIRECTION('',(0.,-1.,0.));
#8824 = PCURVE('',#3860,#8825);
#8825 = DEFINITIONAL_REPRESENTATION('',(#8826),#8829);
#8826 = B_SPLINE_CURVE_WITH_KNOTS('',1,(#8827,#8828),.UNSPECIFIED.,.F.,
  .F.,(2,2),(-5.962140252332,-4.312140252332),.PIECEWISE_BEZIER_KNOTS.);
#8827 = CARTESIAN_POINT('',(7.963793729538,10.274280504665));
#8828 = CARTESIAN_POINT('',(7.963793729538,8.624280504665));
#8829 = ( GEOMETRIC_REPRESENTATION_CONTEXT(2) 
PARAMETRIC_REPRESENTATION_CONTEXT() REPRESENTATION_CONTEXT('2D SPACE',''
  ) );
#8830 = PCURVE('',#3676,#8831);
#8831 = DEFINITIONAL_REPRESENTATION('',(#8832),#8836);
#8832 = LINE('',#8833,#8834);
#8833 = CARTESIAN_POINT('',(7.9,6.912140252332));
#8834 = VECTOR('',#8835,1.);
#8835 = DIRECTION('',(0.,1.));
#8836 = ( GEOMETRIC_REPRESENTATION_CONTEXT(2) 
PARAMETRIC_REPRESENTATION_CONTEXT() REPRESENTATION_CONTEXT('2D SPACE',''
  ) );
#8837 = ORIENTED_EDGE('',*,*,#7000,.T.);
#8838 = ORIENTED_EDGE('',*,*,#6716,.T.);
#8839 = ORIENTED_EDGE('',*,*,#6644,.T.);
#8840 = ORIENTED_EDGE('',*,*,#6572,.T.);
#8841 = ORIENTED_EDGE('',*,*,#6500,.T.);
#8842 = ORIENTED_EDGE('',*,*,#6428,.T.);
#8843 = ORIENTED_EDGE('',*,*,#5762,.T.);
#8844 = ORIENTED_EDGE('',*,*,#8845,.T.);
#8845 = EDGE_CURVE('',#5763,#4588,#8846,.T.);
#8846 = SURFACE_CURVE('',#8847,(#8851,#8857),.PCURVE_S1.);
#8847 = LINE('',#8848,#8849);
#8848 = CARTESIAN_POINT('',(50.,-38.28714025233,8.9));
#8849 = VECTOR('',#8850,1.);
#8850 = DIRECTION('',(0.,-1.,0.));
#8851 = PCURVE('',#3860,#8852);
#8852 = DEFINITIONAL_REPRESENTATION('',(#8853),#8856);
#8853 = B_SPLINE_CURVE_WITH_KNOTS('',1,(#8854,#8855),.UNSPECIFIED.,.F.,
  .F.,(2,2),(0.392859747668,2.042859747668),.PIECEWISE_BEZIER_KNOTS.);
#8854 = CARTESIAN_POINT('',(8.263793729538,-8.655719495335));
#8855 = CARTESIAN_POINT('',(8.263793729538,-10.30571949533));
#8856 = ( GEOMETRIC_REPRESENTATION_CONTEXT(2) 
PARAMETRIC_REPRESENTATION_CONTEXT() REPRESENTATION_CONTEXT('2D SPACE',''
  ) );
#8857 = PCURVE('',#3390,#8858);
#8858 = DEFINITIONAL_REPRESENTATION('',(#8859),#8863);
#8859 = LINE('',#8860,#8861);
#8860 = CARTESIAN_POINT('',(7.9,-8.662859747668));
#8861 = VECTOR('',#8862,1.);
#8862 = DIRECTION('',(0.,1.));
#8863 = ( GEOMETRIC_REPRESENTATION_CONTEXT(2) 
PARAMETRIC_REPRESENTATION_CONTEXT() REPRESENTATION_CONTEXT('2D SPACE',''
  ) );
#8864 = ORIENTED_EDGE('',*,*,#4587,.T.);
#8865 = ORIENTED_EDGE('',*,*,#4483,.T.);
#8866 = ORIENTED_EDGE('',*,*,#4407,.T.);
#8867 = ORIENTED_EDGE('',*,*,#4331,.T.);
#8868 = ORIENTED_EDGE('',*,*,#4255,.T.);
#8869 = ORIENTED_EDGE('',*,*,#4179,.T.);
#8870 = ADVANCED_FACE('',(#8871),#3625,.F.);
#8871 = FACE_BOUND('',#8872,.F.);
#8872 = EDGE_LOOP('',(#8873,#8894,#8895,#8896,#8897,#8898,#8899,#8900,
    #8901,#8902));
#8873 = ORIENTED_EDGE('',*,*,#8874,.F.);
#8874 = EDGE_CURVE('',#3585,#7416,#8875,.T.);
#8875 = SURFACE_CURVE('',#8876,(#8880,#8887),.PCURVE_S1.);
#8876 = LINE('',#8877,#8878);
#8877 = CARTESIAN_POINT('',(47.7,-18.8,1.));
#8878 = VECTOR('',#8879,1.);
#8879 = DIRECTION('',(0.,0.,1.));
#8880 = PCURVE('',#3625,#8881);
#8881 = DEFINITIONAL_REPRESENTATION('',(#8882),#8886);
#8882 = LINE('',#8883,#8884);
#8883 = CARTESIAN_POINT('',(0.,0.));
#8884 = VECTOR('',#8885,1.);
#8885 = DIRECTION('',(1.,0.));
#8886 = ( GEOMETRIC_REPRESENTATION_CONTEXT(2) 
PARAMETRIC_REPRESENTATION_CONTEXT() REPRESENTATION_CONTEXT('2D SPACE',''
  ) );
#8887 = PCURVE('',#3599,#8888);
#8888 = DEFINITIONAL_REPRESENTATION('',(#8889),#8893);
#8889 = LINE('',#8890,#8891);
#8890 = CARTESIAN_POINT('',(0.,0.));
#8891 = VECTOR('',#8892,1.);
#8892 = DIRECTION('',(1.,0.));
#8893 = ( GEOMETRIC_REPRESENTATION_CONTEXT(2) 
PARAMETRIC_REPRESENTATION_CONTEXT() REPRESENTATION_CONTEXT('2D SPACE',''
  ) );
#8894 = ORIENTED_EDGE('',*,*,#3610,.T.);
#8895 = ORIENTED_EDGE('',*,*,#3715,.T.);
#8896 = ORIENTED_EDGE('',*,*,#3767,.F.);
#8897 = ORIENTED_EDGE('',*,*,#4083,.T.);
#8898 = ORIENTED_EDGE('',*,*,#8794,.T.);
#8899 = ORIENTED_EDGE('',*,*,#6930,.F.);
#8900 = ORIENTED_EDGE('',*,*,#7263,.F.);
#8901 = ORIENTED_EDGE('',*,*,#7369,.F.);
#8902 = ORIENTED_EDGE('',*,*,#7415,.T.);
#8903 = ADVANCED_FACE('',(#8904),#3676,.T.);
#8904 = FACE_BOUND('',#8905,.T.);
#8905 = EDGE_LOOP('',(#8906,#8927,#8928,#8929,#8930,#8931,#8932,#8933,
    #8934,#8935));
#8906 = ORIENTED_EDGE('',*,*,#8907,.F.);
#8907 = EDGE_CURVE('',#3583,#7440,#8908,.T.);
#8908 = SURFACE_CURVE('',#8909,(#8913,#8920),.PCURVE_S1.);
#8909 = LINE('',#8910,#8911);
#8910 = CARTESIAN_POINT('',(49.7,-18.8,1.));
#8911 = VECTOR('',#8912,1.);
#8912 = DIRECTION('',(0.,0.,1.));
#8913 = PCURVE('',#3676,#8914);
#8914 = DEFINITIONAL_REPRESENTATION('',(#8915),#8919);
#8915 = LINE('',#8916,#8917);
#8916 = CARTESIAN_POINT('',(0.,0.));
#8917 = VECTOR('',#8918,1.);
#8918 = DIRECTION('',(1.,0.));
#8919 = ( GEOMETRIC_REPRESENTATION_CONTEXT(2) 
PARAMETRIC_REPRESENTATION_CONTEXT() REPRESENTATION_CONTEXT('2D SPACE',''
  ) );
#8920 = PCURVE('',#3599,#8921);
#8921 = DEFINITIONAL_REPRESENTATION('',(#8922),#8926);
#8922 = LINE('',#8923,#8924);
#8923 = CARTESIAN_POINT('',(0.,2.));
#8924 = VECTOR('',#8925,1.);
#8925 = DIRECTION('',(1.,0.));
#8926 = ( GEOMETRIC_REPRESENTATION_CONTEXT(2) 
PARAMETRIC_REPRESENTATION_CONTEXT() REPRESENTATION_CONTEXT('2D SPACE',''
  ) );
#8927 = ORIENTED_EDGE('',*,*,#3663,.T.);
#8928 = ORIENTED_EDGE('',*,*,#3691,.T.);
#8929 = ORIENTED_EDGE('',*,*,#3817,.T.);
#8930 = ORIENTED_EDGE('',*,*,#4104,.T.);
#8931 = ORIENTED_EDGE('',*,*,#8818,.T.);
#8932 = ORIENTED_EDGE('',*,*,#6978,.F.);
#8933 = ORIENTED_EDGE('',*,*,#7314,.F.);
#8934 = ORIENTED_EDGE('',*,*,#7391,.F.);
#8935 = ORIENTED_EDGE('',*,*,#7439,.T.);
#8936 = ADVANCED_FACE('',(#8937),#3599,.F.);
#8937 = FACE_BOUND('',#8938,.F.);
#8938 = EDGE_LOOP('',(#8939,#8940,#8941,#8942));
#8939 = ORIENTED_EDGE('',*,*,#8907,.F.);
#8940 = ORIENTED_EDGE('',*,*,#3582,.T.);
#8941 = ORIENTED_EDGE('',*,*,#8874,.T.);
#8942 = ORIENTED_EDGE('',*,*,#7462,.T.);
#8943 = ADVANCED_FACE('',(#8944),#3568,.T.);
#8944 = FACE_BOUND('',#8945,.F.);
#8945 = EDGE_LOOP('',(#8946,#8947,#8970,#8997));
#8946 = ORIENTED_EDGE('',*,*,#3547,.T.);
#8947 = ORIENTED_EDGE('',*,*,#8948,.T.);
#8948 = EDGE_CURVE('',#3548,#8949,#8951,.T.);
#8949 = VERTEX_POINT('',#8950);
#8950 = CARTESIAN_POINT('',(70.4,-30.,2.2));
#8951 = SEAM_CURVE('',#8952,(#8956,#8963),.PCURVE_S1.);
#8952 = LINE('',#8953,#8954);
#8953 = CARTESIAN_POINT('',(70.4,-30.,0.));
#8954 = VECTOR('',#8955,1.);
#8955 = DIRECTION('',(0.,0.,1.));
#8956 = PCURVE('',#3568,#8957);
#8957 = DEFINITIONAL_REPRESENTATION('',(#8958),#8962);
#8958 = LINE('',#8959,#8960);
#8959 = CARTESIAN_POINT('',(-6.28318530718,0.));
#8960 = VECTOR('',#8961,1.);
#8961 = DIRECTION('',(-0.,-1.));
#8962 = ( GEOMETRIC_REPRESENTATION_CONTEXT(2) 
PARAMETRIC_REPRESENTATION_CONTEXT() REPRESENTATION_CONTEXT('2D SPACE',''
  ) );
#8963 = PCURVE('',#3568,#8964);
#8964 = DEFINITIONAL_REPRESENTATION('',(#8965),#8969);
#8965 = LINE('',#8966,#8967);
#8966 = CARTESIAN_POINT('',(-0.,0.));
#8967 = VECTOR('',#8968,1.);
#8968 = DIRECTION('',(-0.,-1.));
#8969 = ( GEOMETRIC_REPRESENTATION_CONTEXT(2) 
PARAMETRIC_REPRESENTATION_CONTEXT() REPRESENTATION_CONTEXT('2D SPACE',''
  ) );
#8970 = ORIENTED_EDGE('',*,*,#8971,.T.);
#8971 = EDGE_CURVE('',#8949,#8949,#8972,.T.);
#8972 = SURFACE_CURVE('',#8973,(#8978,#8985),.PCURVE_S1.);
#8973 = CIRCLE('',#8974,2.9);
#8974 = AXIS2_PLACEMENT_3D('',#8975,#8976,#8977);
#8975 = CARTESIAN_POINT('',(67.5,-30.,2.2));
#8976 = DIRECTION('',(0.,0.,1.));
#8977 = DIRECTION('',(1.,0.,0.));
#8978 = PCURVE('',#3568,#8979);
#8979 = DEFINITIONAL_REPRESENTATION('',(#8980),#8984);
#8980 = LINE('',#8981,#8982);
#8981 = CARTESIAN_POINT('',(-0.,-2.2));
#8982 = VECTOR('',#8983,1.);
#8983 = DIRECTION('',(-1.,0.));
#8984 = ( GEOMETRIC_REPRESENTATION_CONTEXT(2) 
PARAMETRIC_REPRESENTATION_CONTEXT() REPRESENTATION_CONTEXT('2D SPACE',''
  ) );
#8985 = PCURVE('',#8986,#8991);
#8986 = PLANE('',#8987);
#8987 = AXIS2_PLACEMENT_3D('',#8988,#8989,#8990);
#8988 = CARTESIAN_POINT('',(67.5,-30.,2.2));
#8989 = DIRECTION('',(0.,0.,1.));
#8990 = DIRECTION('',(1.,0.,-0.));
#8991 = DEFINITIONAL_REPRESENTATION('',(#8992),#8996);
#8992 = CIRCLE('',#8993,2.9);
#8993 = AXIS2_PLACEMENT_2D('',#8994,#8995);
#8994 = CARTESIAN_POINT('',(0.,0.));
#8995 = DIRECTION('',(1.,0.));
#8996 = ( GEOMETRIC_REPRESENTATION_CONTEXT(2) 
PARAMETRIC_REPRESENTATION_CONTEXT() REPRESENTATION_CONTEXT('2D SPACE',''
  ) );
#8997 = ORIENTED_EDGE('',*,*,#8948,.F.);
#8998 = ADVANCED_FACE('',(#8999,#9002),#8986,.T.);
#8999 = FACE_BOUND('',#9000,.T.);
#9000 = EDGE_LOOP('',(#9001));
#9001 = ORIENTED_EDGE('',*,*,#8971,.T.);
#9002 = FACE_BOUND('',#9003,.T.);
#9003 = EDGE_LOOP('',(#9004));
#9004 = ORIENTED_EDGE('',*,*,#9005,.T.);
#9005 = EDGE_CURVE('',#9006,#9006,#9008,.T.);
#9006 = VERTEX_POINT('',#9007);
#9007 = CARTESIAN_POINT('',(68.6,-30.,2.2));
#9008 = SURFACE_CURVE('',#9009,(#9014,#9025),.PCURVE_S1.);
#9009 = CIRCLE('',#9010,1.1);
#9010 = AXIS2_PLACEMENT_3D('',#9011,#9012,#9013);
#9011 = CARTESIAN_POINT('',(67.5,-30.,2.2));
#9012 = DIRECTION('',(0.,0.,-1.));
#9013 = DIRECTION('',(1.,0.,0.));
#9014 = PCURVE('',#8986,#9015);
#9015 = DEFINITIONAL_REPRESENTATION('',(#9016),#9024);
#9016 = ( BOUNDED_CURVE() B_SPLINE_CURVE(2,(#9017,#9018,#9019,#9020,
#9021,#9022,#9023),.UNSPECIFIED.,.T.,.F.) B_SPLINE_CURVE_WITH_KNOTS((1,2
    ,2,2,2,1),(-2.094395102393,0.,2.094395102393,4.188790204786,
6.28318530718,8.377580409573),.UNSPECIFIED.) CURVE() 
GEOMETRIC_REPRESENTATION_ITEM() RATIONAL_B_SPLINE_CURVE((1.,0.5,1.,0.5,
1.,0.5,1.)) REPRESENTATION_ITEM('') );
#9017 = CARTESIAN_POINT('',(1.1,0.));
#9018 = CARTESIAN_POINT('',(1.1,-1.905255888326));
#9019 = CARTESIAN_POINT('',(-0.55,-0.952627944163));
#9020 = CARTESIAN_POINT('',(-2.2,-2.694222958124E-16));
#9021 = CARTESIAN_POINT('',(-0.55,0.952627944163));
#9022 = CARTESIAN_POINT('',(1.1,1.905255888326));
#9023 = CARTESIAN_POINT('',(1.1,0.));
#9024 = ( GEOMETRIC_REPRESENTATION_CONTEXT(2) 
PARAMETRIC_REPRESENTATION_CONTEXT() REPRESENTATION_CONTEXT('2D SPACE',''
  ) );
#9025 = PCURVE('',#9026,#9031);
#9026 = CYLINDRICAL_SURFACE('',#9027,1.1);
#9027 = AXIS2_PLACEMENT_3D('',#9028,#9029,#9030);
#9028 = CARTESIAN_POINT('',(67.5,-30.,-0.1));
#9029 = DIRECTION('',(-0.,-0.,-1.));
#9030 = DIRECTION('',(1.,0.,0.));
#9031 = DEFINITIONAL_REPRESENTATION('',(#9032),#9036);
#9032 = LINE('',#9033,#9034);
#9033 = CARTESIAN_POINT('',(-6.28318530718,-2.3));
#9034 = VECTOR('',#9035,1.);
#9035 = DIRECTION('',(1.,-0.));
#9036 = ( GEOMETRIC_REPRESENTATION_CONTEXT(2) 
PARAMETRIC_REPRESENTATION_CONTEXT() REPRESENTATION_CONTEXT('2D SPACE',''
  ) );
#9037 = ADVANCED_FACE('',(#9038),#9026,.F.);
#9038 = FACE_BOUND('',#9039,.T.);
#9039 = EDGE_LOOP('',(#9040,#9073,#9094,#9095));
#9040 = ORIENTED_EDGE('',*,*,#9041,.T.);
#9041 = EDGE_CURVE('',#9042,#9042,#9044,.T.);
#9042 = VERTEX_POINT('',#9043);
#9043 = CARTESIAN_POINT('',(68.6,-30.,1.35));
#9044 = SURFACE_CURVE('',#9045,(#9050,#9057),.PCURVE_S1.);
#9045 = CIRCLE('',#9046,1.1);
#9046 = AXIS2_PLACEMENT_3D('',#9047,#9048,#9049);
#9047 = CARTESIAN_POINT('',(67.5,-30.,1.35));
#9048 = DIRECTION('',(0.,0.,-1.));
#9049 = DIRECTION('',(1.,0.,0.));
#9050 = PCURVE('',#9026,#9051);
#9051 = DEFINITIONAL_REPRESENTATION('',(#9052),#9056);
#9052 = LINE('',#9053,#9054);
#9053 = CARTESIAN_POINT('',(-6.28318530718,-1.45));
#9054 = VECTOR('',#9055,1.);
#9055 = DIRECTION('',(1.,-0.));
#9056 = ( GEOMETRIC_REPRESENTATION_CONTEXT(2) 
PARAMETRIC_REPRESENTATION_CONTEXT() REPRESENTATION_CONTEXT('2D SPACE',''
  ) );
#9057 = PCURVE('',#9058,#9063);
#9058 = PLANE('',#9059);
#9059 = AXIS2_PLACEMENT_3D('',#9060,#9061,#9062);
#9060 = CARTESIAN_POINT('',(67.5,-30.,1.35));
#9061 = DIRECTION('',(0.,0.,1.));
#9062 = DIRECTION('',(1.,0.,-0.));
#9063 = DEFINITIONAL_REPRESENTATION('',(#9064),#9072);
#9064 = ( BOUNDED_CURVE() B_SPLINE_CURVE(2,(#9065,#9066,#9067,#9068,
#9069,#9070,#9071),.UNSPECIFIED.,.T.,.F.) B_SPLINE_CURVE_WITH_KNOTS((1,2
    ,2,2,2,1),(-2.094395102393,0.,2.094395102393,4.188790204786,
6.28318530718,8.377580409573),.UNSPECIFIED.) CURVE() 
GEOMETRIC_REPRESENTATION_ITEM() RATIONAL_B_SPLINE_CURVE((1.,0.5,1.,0.5,
1.,0.5,1.)) REPRESENTATION_ITEM('') );
#9065 = CARTESIAN_POINT('',(1.1,0.));
#9066 = CARTESIAN_POINT('',(1.1,-1.905255888326));
#9067 = CARTESIAN_POINT('',(-0.55,-0.952627944163));
#9068 = CARTESIAN_POINT('',(-2.2,-2.694222958124E-16));
#9069 = CARTESIAN_POINT('',(-0.55,0.952627944163));
#9070 = CARTESIAN_POINT('',(1.1,1.905255888326));
#9071 = CARTESIAN_POINT('',(1.1,0.));
#9072 = ( GEOMETRIC_REPRESENTATION_CONTEXT(2) 
PARAMETRIC_REPRESENTATION_CONTEXT() REPRESENTATION_CONTEXT('2D SPACE',''
  ) );
#9073 = ORIENTED_EDGE('',*,*,#9074,.T.);
#9074 = EDGE_CURVE('',#9042,#9006,#9075,.T.);
#9075 = SEAM_CURVE('',#9076,(#9080,#9087),.PCURVE_S1.);
#9076 = LINE('',#9077,#9078);
#9077 = CARTESIAN_POINT('',(68.6,-30.,-0.1));
#9078 = VECTOR('',#9079,1.);
#9079 = DIRECTION('',(0.,0.,1.));
#9080 = PCURVE('',#9026,#9081);
#9081 = DEFINITIONAL_REPRESENTATION('',(#9082),#9086);
#9082 = LINE('',#9083,#9084);
#9083 = CARTESIAN_POINT('',(-6.28318530718,0.));
#9084 = VECTOR('',#9085,1.);
#9085 = DIRECTION('',(-0.,-1.));
#9086 = ( GEOMETRIC_REPRESENTATION_CONTEXT(2) 
PARAMETRIC_REPRESENTATION_CONTEXT() REPRESENTATION_CONTEXT('2D SPACE',''
  ) );
#9087 = PCURVE('',#9026,#9088);
#9088 = DEFINITIONAL_REPRESENTATION('',(#9089),#9093);
#9089 = LINE('',#9090,#9091);
#9090 = CARTESIAN_POINT('',(-0.,0.));
#9091 = VECTOR('',#9092,1.);
#9092 = DIRECTION('',(-0.,-1.));
#9093 = ( GEOMETRIC_REPRESENTATION_CONTEXT(2) 
PARAMETRIC_REPRESENTATION_CONTEXT() REPRESENTATION_CONTEXT('2D SPACE',''
  ) );
#9094 = ORIENTED_EDGE('',*,*,#9005,.F.);
#9095 = ORIENTED_EDGE('',*,*,#9074,.F.);
#9096 = ADVANCED_FACE('',(#9097,#9128),#9058,.F.);
#9097 = FACE_BOUND('',#9098,.F.);
#9098 = EDGE_LOOP('',(#9099));
#9099 = ORIENTED_EDGE('',*,*,#9100,.T.);
#9100 = EDGE_CURVE('',#9101,#9101,#9103,.T.);
#9101 = VERTEX_POINT('',#9102);
#9102 = CARTESIAN_POINT('',(69.7,-30.,1.35));
#9103 = SURFACE_CURVE('',#9104,(#9109,#9116),.PCURVE_S1.);
#9104 = CIRCLE('',#9105,2.2);
#9105 = AXIS2_PLACEMENT_3D('',#9106,#9107,#9108);
#9106 = CARTESIAN_POINT('',(67.5,-30.,1.35));
#9107 = DIRECTION('',(0.,0.,1.));
#9108 = DIRECTION('',(1.,0.,0.));
#9109 = PCURVE('',#9058,#9110);
#9110 = DEFINITIONAL_REPRESENTATION('',(#9111),#9115);
#9111 = CIRCLE('',#9112,2.2);
#9112 = AXIS2_PLACEMENT_2D('',#9113,#9114);
#9113 = CARTESIAN_POINT('',(-1.42108547152E-14,0.));
#9114 = DIRECTION('',(1.,0.));
#9115 = ( GEOMETRIC_REPRESENTATION_CONTEXT(2) 
PARAMETRIC_REPRESENTATION_CONTEXT() REPRESENTATION_CONTEXT('2D SPACE',''
  ) );
#9116 = PCURVE('',#9117,#9122);
#9117 = CYLINDRICAL_SURFACE('',#9118,2.2);
#9118 = AXIS2_PLACEMENT_3D('',#9119,#9120,#9121);
#9119 = CARTESIAN_POINT('',(67.5,-30.,-0.1));
#9120 = DIRECTION('',(-0.,-0.,-1.));
#9121 = DIRECTION('',(1.,0.,0.));
#9122 = DEFINITIONAL_REPRESENTATION('',(#9123),#9127);
#9123 = LINE('',#9124,#9125);
#9124 = CARTESIAN_POINT('',(-0.,-1.45));
#9125 = VECTOR('',#9126,1.);
#9126 = DIRECTION('',(-1.,0.));
#9127 = ( GEOMETRIC_REPRESENTATION_CONTEXT(2) 
PARAMETRIC_REPRESENTATION_CONTEXT() REPRESENTATION_CONTEXT('2D SPACE',''
  ) );
#9128 = FACE_BOUND('',#9129,.F.);
#9129 = EDGE_LOOP('',(#9130));
#9130 = ORIENTED_EDGE('',*,*,#9041,.T.);
#9131 = ADVANCED_FACE('',(#9132),#9117,.F.);
#9132 = FACE_BOUND('',#9133,.T.);
#9133 = EDGE_LOOP('',(#9134,#9167,#9188,#9189));
#9134 = ORIENTED_EDGE('',*,*,#9135,.T.);
#9135 = EDGE_CURVE('',#9136,#9136,#9138,.T.);
#9136 = VERTEX_POINT('',#9137);
#9137 = CARTESIAN_POINT('',(69.7,-30.,0.));
#9138 = SURFACE_CURVE('',#9139,(#9144,#9151),.PCURVE_S1.);
#9139 = CIRCLE('',#9140,2.2);
#9140 = AXIS2_PLACEMENT_3D('',#9141,#9142,#9143);
#9141 = CARTESIAN_POINT('',(67.5,-30.,0.));
#9142 = DIRECTION('',(0.,0.,-1.));
#9143 = DIRECTION('',(1.,0.,0.));
#9144 = PCURVE('',#9117,#9145);
#9145 = DEFINITIONAL_REPRESENTATION('',(#9146),#9150);
#9146 = LINE('',#9147,#9148);
#9147 = CARTESIAN_POINT('',(-6.28318530718,-0.1));
#9148 = VECTOR('',#9149,1.);
#9149 = DIRECTION('',(1.,-0.));
#9150 = ( GEOMETRIC_REPRESENTATION_CONTEXT(2) 
PARAMETRIC_REPRESENTATION_CONTEXT() REPRESENTATION_CONTEXT('2D SPACE',''
  ) );
#9151 = PCURVE('',#9152,#9157);
#9152 = PLANE('',#9153);
#9153 = AXIS2_PLACEMENT_3D('',#9154,#9155,#9156);
#9154 = CARTESIAN_POINT('',(44.000000121055,-31.25000009465,0.));
#9155 = DIRECTION('',(0.,0.,1.));
#9156 = DIRECTION('',(1.,0.,-0.));
#9157 = DEFINITIONAL_REPRESENTATION('',(#9158),#9166);
#9158 = ( BOUNDED_CURVE() B_SPLINE_CURVE(2,(#9159,#9160,#9161,#9162,
#9163,#9164,#9165),.UNSPECIFIED.,.T.,.F.) B_SPLINE_CURVE_WITH_KNOTS((1,2
    ,2,2,2,1),(-2.094395102393,0.,2.094395102393,4.188790204786,
6.28318530718,8.377580409573),.UNSPECIFIED.) CURVE() 
GEOMETRIC_REPRESENTATION_ITEM() RATIONAL_B_SPLINE_CURVE((1.,0.5,1.,0.5,
1.,0.5,1.)) REPRESENTATION_ITEM('') );
#9159 = CARTESIAN_POINT('',(25.699999878945,1.250000094651));
#9160 = CARTESIAN_POINT('',(25.699999878945,-2.560511682));
#9161 = CARTESIAN_POINT('',(22.399999878945,-0.655255793674));
#9162 = CARTESIAN_POINT('',(19.099999878945,1.250000094651));
#9163 = CARTESIAN_POINT('',(22.399999878945,3.155255982977));
#9164 = CARTESIAN_POINT('',(25.699999878945,5.060511871303));
#9165 = CARTESIAN_POINT('',(25.699999878945,1.250000094651));
#9166 = ( GEOMETRIC_REPRESENTATION_CONTEXT(2) 
PARAMETRIC_REPRESENTATION_CONTEXT() REPRESENTATION_CONTEXT('2D SPACE',''
  ) );
#9167 = ORIENTED_EDGE('',*,*,#9168,.T.);
#9168 = EDGE_CURVE('',#9136,#9101,#9169,.T.);
#9169 = SEAM_CURVE('',#9170,(#9174,#9181),.PCURVE_S1.);
#9170 = LINE('',#9171,#9172);
#9171 = CARTESIAN_POINT('',(69.7,-30.,-0.1));
#9172 = VECTOR('',#9173,1.);
#9173 = DIRECTION('',(0.,0.,1.));
#9174 = PCURVE('',#9117,#9175);
#9175 = DEFINITIONAL_REPRESENTATION('',(#9176),#9180);
#9176 = LINE('',#9177,#9178);
#9177 = CARTESIAN_POINT('',(-6.28318530718,0.));
#9178 = VECTOR('',#9179,1.);
#9179 = DIRECTION('',(-0.,-1.));
#9180 = ( GEOMETRIC_REPRESENTATION_CONTEXT(2) 
PARAMETRIC_REPRESENTATION_CONTEXT() REPRESENTATION_CONTEXT('2D SPACE',''
  ) );
#9181 = PCURVE('',#9117,#9182);
#9182 = DEFINITIONAL_REPRESENTATION('',(#9183),#9187);
#9183 = LINE('',#9184,#9185);
#9184 = CARTESIAN_POINT('',(-0.,0.));
#9185 = VECTOR('',#9186,1.);
#9186 = DIRECTION('',(-0.,-1.));
#9187 = ( GEOMETRIC_REPRESENTATION_CONTEXT(2) 
PARAMETRIC_REPRESENTATION_CONTEXT() REPRESENTATION_CONTEXT('2D SPACE',''
  ) );
#9188 = ORIENTED_EDGE('',*,*,#9100,.T.);
#9189 = ORIENTED_EDGE('',*,*,#9168,.F.);
#9190 = ADVANCED_FACE('',(#9191,#9574,#9609),#9152,.F.);
#9191 = FACE_BOUND('',#9192,.F.);
#9192 = EDGE_LOOP('',(#9193));
#9193 = ORIENTED_EDGE('',*,*,#9194,.T.);
#9194 = EDGE_CURVE('',#9195,#9195,#9197,.T.);
#9195 = VERTEX_POINT('',#9196);
#9196 = CARTESIAN_POINT('',(71.350000881688,-31.25107060451,0.));
#9197 = SURFACE_CURVE('',#9198,(#9381,#9567),.PCURVE_S1.);
#9198 = ( BOUNDED_CURVE() B_SPLINE_CURVE(10,(#9199,#9200,#9201,#9202,
    #9203,#9204,#9205,#9206,#9207,#9208,#9209,#9210,#9211,#9212,#9213,
    #9214,#9215,#9216,#9217,#9218,#9219,#9220,#9221,#9222,#9223,#9224,
    #9225,#9226,#9227,#9228,#9229,#9230,#9231,#9232,#9233,#9234,#9235,
    #9236,#9237,#9238,#9239,#9240,#9241,#9242,#9243,#9244,#9245,#9246,
    #9247,#9248,#9249,#9250,#9251,#9252,#9253,#9254,#9255,#9256,#9257,
    #9258,#9259,#9260,#9261,#9262,#9263,#9264,#9265,#9266,#9267,#9268,
    #9269,#9270,#9271,#9272,#9273,#9274,#9275,#9276,#9277,#9278,#9279,
    #9280,#9281,#9282,#9283,#9284,#9285,#9286,#9287,#9288,#9289,#9290,
    #9291,#9292,#9293,#9294,#9295,#9296,#9297,#9298,#9299,#9300,#9301,
    #9302,#9303,#9304,#9305,#9306,#9307,#9308,#9309,#9310,#9311,#9312,
    #9313,#9314,#9315,#9316,#9317,#9318,#9319,#9320,#9321,#9322,#9323,
    #9324,#9325,#9326,#9327,#9328,#9329,#9330,#9331,#9332,#9333,#9334,
    #9335,#9336,#9337,#9338,#9339,#9340,#9341,#9342,#9343,#9344,#9345,
    #9346,#9347,#9348,#9349,#9350,#9351,#9352,#9353,#9354,#9355,#9356,
    #9357,#9358,#9359,#9360,#9361,#9362,#9363,#9364,#9365,#9366,#9367,
    #9368,#9369,#9370,#9371,#9372,#9373,#9374,#9375,#9376,#9377,#9378,
#9379,#9380),.UNSPECIFIED.,.T.,.F.) B_SPLINE_CURVE_WITH_KNOTS((11,9,9,9,
    9,9,9,9,9,9,9,9,9,9,9,9,9,9,9,9,11),(9.869817311675E-16,
    4.594070458564,9.78115477444,19.448726352329,28.941494447776,
    39.028397583997,49.115300724339,58.608068819786,68.275640397675,
    73.462724713551,78.056795170129,82.650865630679,87.837949946555,
    97.505521524444,106.99828961989,117.08519275407,127.17209589645,
    136.6648639919,146.33243556979,151.51951988566,156.11359034423),
.UNSPECIFIED.) CURVE() GEOMETRIC_REPRESENTATION_ITEM() 
RATIONAL_B_SPLINE_CURVE((1.,1.,1.,1.,1.,1.,1.,1.,1.,1.,1.,1.,
    0.999999999999,1.000000000001,0.999999999999,1.000000000001,1.,1.,1.
    ,1.,1.,1.,1.,1.,1.,1.,1.,1.,1.,1.,1.,1.,1.,1.,1.,1.,1.,1.,1.,1.,1.,
    1.,1.,1.,1.,1.,1.,1.,1.,1.,1.,1.,1.,1.,1.,1.,1.,1.,1.,1.,1.,1.,1.,1.
    ,1.,1.,1.,1.,1.,1.,1.,1.,1.,1.,1.,1.,1.,1.,1.,1.,1.,1.,1.,1.,1.,
    1.000000000001,0.999999999999,1.,1.,1.,1.,1.,1.,1.000000000001,
    0.999999999999,1.000000000001,0.999999999999,1.,1.,1.,1.,1.,1.,
    1.000000000001,0.999999999999,1.,1.,1.,1.,1.,1.,1.,1.,1.,1.,1.,1.,1.
    ,1.,1.,1.,1.,1.,1.,1.,1.,1.,1.,1.,1.,1.,1.,1.,1.,1.,1.,1.,1.,1.,1.,
    1.,1.,1.,1.,1.,1.,1.,1.,1.,1.,1.,1.,1.,1.,1.,1.,1.,1.,1.,1.,1.,1.,1.
    ,1.,1.,1.,0.999999999999,1.000000000001,0.999999999999,1.,1.,1.,1.,
1.,1.,1.,1.,1.,1.,1.,1.,1.)) REPRESENTATION_ITEM('') );
#9199 = CARTESIAN_POINT('',(71.350000881688,-31.25107060451,0.));
#9200 = CARTESIAN_POINT('',(71.349242975006,-30.79092059782,
    -1.387778780781E-15));
#9201 = CARTESIAN_POINT('',(71.349383446683,-30.33192334749,
    6.16173778667E-15));
#9202 = CARTESIAN_POINT('',(71.348979898747,-29.87418964858,
    -1.315614284181E-14));
#9203 = CARTESIAN_POINT('',(71.347081063327,-29.41780646322,
    1.920685832602E-14));
#9204 = CARTESIAN_POINT('',(71.342215547857,-28.96299218073,
    -2.137179322403E-14));
#9205 = CARTESIAN_POINT('',(71.332970378454,-28.50977929124,
    1.781907954523E-14));
#9206 = CARTESIAN_POINT('',(71.318377742771,-28.05801563242,
    -1.032507412901E-14));
#9207 = CARTESIAN_POINT('',(71.297500632812,-27.60780123135,
    3.441691376338E-15));
#9208 = CARTESIAN_POINT('',(71.268780385133,-27.15980362585,
    -2.775557561563E-16));
#9209 = CARTESIAN_POINT('',(71.18809035267,-26.21112022734,
    -5.551115123126E-16));
#9210 = CARTESIAN_POINT('',(71.133599406664,-25.71110185078,
    4.884981308351E-15));
#9211 = CARTESIAN_POINT('',(71.065543871157,-25.21476409989,
    -1.093569679256E-14));
#9212 = CARTESIAN_POINT('',(70.981994339341,-24.72281463924,
    1.532107773983E-14));
#9213 = CARTESIAN_POINT('',(70.881038942876,-24.23615807783,
    -1.582067810091E-14));
#9214 = CARTESIAN_POINT('',(70.760872672614,-23.75593522329,
    1.24344978758E-14));
#9215 = CARTESIAN_POINT('',(70.619893780455,-23.2835134931,
    -6.938893903907E-15));
#9216 = CARTESIAN_POINT('',(70.45680726231,-22.82042848293,
    2.331468351713E-15));
#9217 = CARTESIAN_POINT('',(70.270735422178,-22.36827669199,
    -5.551115123126E-17));
#9218 = CARTESIAN_POINT('',(69.671060664423,-21.10902417511,
    -1.221245327088E-15));
#9219 = CARTESIAN_POINT('',(69.199716765536,-20.33273305579,
    6.439293542826E-15));
#9220 = CARTESIAN_POINT('',(68.645106077052,-19.60919565454,
    -1.515454428613E-14));
#9221 = CARTESIAN_POINT('',(68.010259015998,-18.94797678342,
    2.475797344914E-14));
#9222 = CARTESIAN_POINT('',(67.306582182192,-18.35359246505,
    -3.064215547965E-14));
#9223 = CARTESIAN_POINT('',(66.548391478276,-17.82501670013,
    2.992051051365E-14));
#9224 = CARTESIAN_POINT('',(65.747738062771,-17.35764866434,
    -2.231548279497E-14));
#9225 = CARTESIAN_POINT('',(64.913423156667,-16.94586491075,
    1.143529715364E-14));
#9226 = CARTESIAN_POINT('',(64.053086009062,-16.5845560626,
    -2.997602166488E-15));
#9227 = CARTESIAN_POINT('',(62.307316211765,-15.95780667302,
    2.275957200482E-15));
#9228 = CARTESIAN_POINT('',(61.42263892063,-15.69080458317,
    -6.883382752676E-15));
#9229 = CARTESIAN_POINT('',(60.523525059511,-15.46228131324,
    1.287858708565E-14));
#9230 = CARTESIAN_POINT('',(59.613749756539,-15.26762287827,
    -1.731947918415E-14));
#9231 = CARTESIAN_POINT('',(58.695972438766,-15.10268360018,
    1.737499033538E-14));
#9232 = CARTESIAN_POINT('',(57.772080395207,-14.96379546353,
    -1.315614284181E-14));
#9233 = CARTESIAN_POINT('',(56.843447411798,-14.84773934228,
    7.04991620637E-15));
#9234 = CARTESIAN_POINT('',(55.911107478533,-14.75167809752,
    -2.386979502944E-15));
#9235 = CARTESIAN_POINT('',(54.97584356847,-14.67305154622,
    4.996003610813E-16));
#9236 = CARTESIAN_POINT('',(53.041853475889,-14.54183330585,
    -2.775557561563E-16));
#9237 = CARTESIAN_POINT('',(52.042829690011,-14.49120152945,
    5.551115123126E-16));
#9238 = CARTESIAN_POINT('',(51.041797689221,-14.45456961603,
    5.551115123126E-16));
#9239 = CARTESIAN_POINT('',(50.039116914666,-14.43018557777,
    -5.384581669432E-15));
#9240 = CARTESIAN_POINT('',(49.035148870652,-14.41266328384,
    1.104671909502E-14));
#9241 = CARTESIAN_POINT('',(48.030220277216,-14.40649349246,
    -1.17128529098E-14));
#9242 = CARTESIAN_POINT('',(47.023965727246,-14.40025063416,
    7.438494264989E-15));
#9243 = CARTESIAN_POINT('',(46.016501836524,-14.39979439194,
    -2.331468351713E-15));
#9244 = CARTESIAN_POINT('',(45.008373205481,-14.40000009305,
    -6.661338147751E-16));
#9245 = CARTESIAN_POINT('',(42.991960471111,-14.3999998616,
    2.6645352591E-15));
#9246 = CARTESIAN_POINT('',(41.983703744112,-14.39979151993,
    -1.543210004229E-14));
#9247 = CARTESIAN_POINT('',(40.975830618822,-14.40026362933,
    4.107825191113E-14));
#9248 = CARTESIAN_POINT('',(39.969978912801,-14.40645542859,
    -7.13873404834E-14));
#9249 = CARTESIAN_POINT('',(38.962719795844,-14.4127236173,
    8.959499808725E-14));
#9250 = CARTESIAN_POINT('',(37.96251581967,-14.43015525626,
    -8.265610418334E-14));
#9251 = CARTESIAN_POINT('',(36.957528872029,-14.45457923499,
    5.384581669432E-14));
#9252 = CARTESIAN_POINT('',(35.957267707644,-14.4912014132,
    -2.242650509743E-14));
#9253 = CARTESIAN_POINT('',(34.958141080353,-14.54183360552,
    3.774758283726E-15));
#9254 = CARTESIAN_POINT('',(33.02415281243,-14.67305185735,
    -3.885780586188E-16));
#9255 = CARTESIAN_POINT('',(32.088888383896,-14.75167850457,
    -6.050715484207E-15));
#9256 = CARTESIAN_POINT('',(31.15654824174,-14.84773983574,
    2.05946371068E-14));
#9257 = CARTESIAN_POINT('',(30.227915475968,-14.9637960308,
    -3.791411629095E-14));
#9258 = CARTESIAN_POINT('',(29.304023640922,-15.10268426107,
    4.746203430273E-14));
#9259 = CARTESIAN_POINT('',(28.386246207088,-15.26762367761,
    -4.374278717023E-14));
#9260 = CARTESIAN_POINT('',(27.47647057004,-15.46228228906,
    2.969846590872E-14));
#9261 = CARTESIAN_POINT('',(26.577356616763,-15.69080572893,
    -1.443289932013E-14));
#9262 = CARTESIAN_POINT('',(25.692679849077,-15.95780791247,
    4.773959005888E-15));
#9263 = CARTESIAN_POINT('',(23.946911295786,-16.58455720816,
    -6.661338147751E-15));
#9264 = CARTESIAN_POINT('',(23.086575131543,-16.94586586126,
    3.069766663089E-14));
#9265 = CARTESIAN_POINT('',(22.252261503604,-17.35764906834,
    -7.166489623955E-14));
#9266 = CARTESIAN_POINT('',(21.451609996025,-17.82501630775,
    1.129651927556E-13));
#9267 = CARTESIAN_POINT('',(20.693421707937,-18.35359044417,
    -1.29618538125E-13));
#9268 = CARTESIAN_POINT('',(19.989746987746,-18.9479722173,
    1.10411679799E-13));
#9269 = CARTESIAN_POINT('',(19.354900808049,-19.60918854418,
    -6.811218256075E-14));
#9270 = CARTESIAN_POINT('',(18.800289656647,-20.33272435062,
    2.797762022055E-14));
#9271 = CARTESIAN_POINT('',(18.328944924838,-21.10901460338,
    -5.828670879282E-15));
#9272 = CARTESIAN_POINT('',(17.729268335971,-22.36826763866,
    1.498801083244E-15));
#9273 = CARTESIAN_POINT('',(17.543192309487,-22.82042113348,
    -1.7763568394E-15));
#9274 = CARTESIAN_POINT('',(17.380108412046,-23.28350410618,
    2.831068712794E-15));
#9275 = CARTESIAN_POINT('',(17.239133400632,-23.75592515995,
    -5.773159728051E-15));
#9276 = CARTESIAN_POINT('',(17.118965528788,-24.23615303701,
    9.103828801926E-15));
#9277 = CARTESIAN_POINT('',(17.018002919775,-24.72281851597,
    -9.381384558083E-15));
#9278 = CARTESIAN_POINT('',(16.934447961575,-25.21477322054,
    5.884182030513E-15));
#9279 = CARTESIAN_POINT('',(16.866397724299,-25.71110533924,
    -1.221245327088E-15));
#9280 = CARTESIAN_POINT('',(16.811920399439,-26.21111225645,
    -1.609823385706E-15));
#9281 = CARTESIAN_POINT('',(16.731208538663,-27.15982894269,
    4.718447854657E-15));
#9282 = CARTESIAN_POINT('',(16.702494451177,-27.60785121856,
    -2.636779683485E-14));
#9283 = CARTESIAN_POINT('',(16.681430713779,-28.0579319311,
    6.494804694057E-14));
#9284 = CARTESIAN_POINT('',(16.66728928514,-28.509757063,
    -1.040278974074E-13));
#9285 = CARTESIAN_POINT('',(16.658288046783,-28.9631773022,
    1.185163078787E-13));
#9286 = CARTESIAN_POINT('',(16.652806278726,-29.41817664408,
    -9.792167077194E-14));
#9287 = CARTESIAN_POINT('',(16.650160796002,-29.87471037576,
    5.78981307342E-14));
#9288 = CARTESIAN_POINT('',(16.649782713099,-30.33250414677,
    -2.259303855112E-14));
#9289 = CARTESIAN_POINT('',(16.650000406586,-30.79098302419,
    3.885780586188E-15));
#9290 = CARTESIAN_POINT('',(16.649999291667,-31.70817022225,
    -1.33226762955E-15));
#9291 = CARTESIAN_POINT('',(16.649778844772,-32.16688039214,
    -4.440892098501E-16));
#9292 = CARTESIAN_POINT('',(16.650162876126,-32.62498584248,
    4.884981308351E-15));
#9293 = CARTESIAN_POINT('',(16.652797181864,-33.08207296005,
    -1.093569679256E-14));
#9294 = CARTESIAN_POINT('',(16.658284476158,-33.53769593869,
    1.548761119352E-14));
#9295 = CARTESIAN_POINT('',(16.667319285097,-33.99137685454,
    -1.521005543736E-14));
#9296 = CARTESIAN_POINT('',(16.681476870798,-34.44286506905,
    1.021405182655E-14));
#9297 = CARTESIAN_POINT('',(16.702511433508,-34.89237465597,
    -4.218847493576E-15));
#9298 = CARTESIAN_POINT('',(16.731219463167,-35.34031786215,
    8.881784197001E-16));
#9299 = CARTESIAN_POINT('',(16.811922909416,-36.28889661526,
    -6.661338147751E-16));
#9300 = CARTESIAN_POINT('',(16.866389497722,-36.78891923558,
    2.6645352591E-15));
#9301 = CARTESIAN_POINT('',(16.934452860219,-37.28522545351,
    -7.216449660064E-15));
#9302 = CARTESIAN_POINT('',(17.01801358422,-37.77715880841,
    1.310063169058E-14));
#9303 = CARTESIAN_POINT('',(17.11896417239,-38.26383648585,
    -1.626476731076E-14));
#9304 = CARTESIAN_POINT('',(17.239120430042,-38.74408424555,
    1.42108547152E-14));
#9305 = CARTESIAN_POINT('',(17.380101969669,-39.21649770585,
    -9.214851104389E-15));
#9306 = CARTESIAN_POINT('',(17.543199251969,-39.67955718725,
    4.274358644807E-15));
#9307 = CARTESIAN_POINT('',(17.729264582968,-40.13172331771,
    -1.276756478319E-15));
#9308 = CARTESIAN_POINT('',(18.328939336914,-41.39097582972,
    2.164934898019E-15));
#9309 = CARTESIAN_POINT('',(18.800283223089,-42.16726691636,
    -8.049116928532E-15));
#9310 = CARTESIAN_POINT('',(19.354893932632,-42.89080436795,
    1.898481372109E-14));
#9311 = CARTESIAN_POINT('',(19.989740988753,-43.55202322827,
    -3.252953462152E-14));
#9312 = CARTESIAN_POINT('',(20.693417808837,-44.14640751397,
    4.224398608699E-14));
#9313 = CARTESIAN_POINT('',(21.451608519738,-44.67498329491,
    -3.952393967666E-14));
#9314 = CARTESIAN_POINT('',(22.252261945398,-45.14235135484,
    2.581268532253E-14));
#9315 = CARTESIAN_POINT('',(23.08657683949,-45.55413508028,
    -1.15463194561E-14));
#9316 = CARTESIAN_POINT('',(23.946913990937,-45.91544393739,
    2.886579864025E-15));
#9317 = CARTESIAN_POINT('',(25.692683788235,-46.54219332697,
    -2.386979502944E-15));
#9318 = CARTESIAN_POINT('',(26.57736107937,-46.80919541682,
    9.658940314239E-15));
#9319 = CARTESIAN_POINT('',(27.476474940488,-47.03771868675,
    -2.314815006343E-14));
#9320 = CARTESIAN_POINT('',(28.386250243462,-47.23237712172,
    3.991251773527E-14));
#9321 = CARTESIAN_POINT('',(29.304027561231,-47.39731639981,
    -4.996003610813E-14));
#9322 = CARTESIAN_POINT('',(30.227919604796,-47.53620453646,
    4.485301019486E-14));
#9323 = CARTESIAN_POINT('',(31.1565525882,-47.65226065771,
    -2.781108676686E-14));
#9324 = CARTESIAN_POINT('',(32.088892521468,-47.74832190248,
    1.032507412901E-14));
#9325 = CARTESIAN_POINT('',(33.02415643153,-47.82694845377,
    -8.326672684689E-16));
#9326 = CARTESIAN_POINT('',(34.95814652391,-47.95816669413,
    -1.7763568394E-15));
#9327 = CARTESIAN_POINT('',(35.957170309586,-48.00879847052,
    1.337818744673E-14));
#9328 = CARTESIAN_POINT('',(36.958202310178,-48.04543038394,
    -3.497202527569E-14));
#9329 = CARTESIAN_POINT('',(37.960883084517,-48.06981442219,
    5.978550987606E-14));
#9330 = CARTESIAN_POINT('',(38.964851128346,-48.08733671614,
    -7.505107646466E-14));
#9331 = CARTESIAN_POINT('',(39.969779721563,-48.09350650752,
    7.022160630754E-14));
#9332 = CARTESIAN_POINT('',(40.976034271335,-48.09974936582,
    -4.81281681175E-14));
#9333 = CARTESIAN_POINT('',(41.983498161849,-48.10020560804,
    2.198241588758E-14));
#9334 = CARTESIAN_POINT('',(42.99162679269,-48.09999990694,
    -5.107025913276E-15));
#9335 = CARTESIAN_POINT('',(45.00803952706,-48.10000013839,
    3.885780586188E-15));
#9336 = CARTESIAN_POINT('',(46.016296254263,-48.10020848007,
    -1.210143096841E-14));
#9337 = CARTESIAN_POINT('',(47.024169379757,-48.09973637067,
    2.559064071761E-14));
#9338 = CARTESIAN_POINT('',(48.030021085984,-48.0935445714,
    -3.846922780326E-14));
#9339 = CARTESIAN_POINT('',(49.037280203135,-48.08727638271,
    4.257705299437E-14));
#9340 = CARTESIAN_POINT('',(50.037484179529,-48.06984474375,
    -3.441691376338E-14));
#9341 = CARTESIAN_POINT('',(51.042471127363,-48.04542076502,
    2.003952559448E-14));
#9342 = CARTESIAN_POINT('',(52.042732291954,-48.00879858681,
    -7.382983113757E-15));
#9343 = CARTESIAN_POINT('',(53.041858919446,-47.95816639448,
    9.992007221626E-16));
#9344 = CARTESIAN_POINT('',(54.97584718757,-47.82694814264,
    -1.110223024625E-16));
#9345 = CARTESIAN_POINT('',(55.911111616104,-47.74832149542,
    -6.106226635438E-16));
#9346 = CARTESIAN_POINT('',(56.843451758259,-47.65226016425,
    1.554312234475E-15));
#9347 = CARTESIAN_POINT('',(57.772084524034,-47.5362039692,
    -4.551914400963E-15));
#9348 = CARTESIAN_POINT('',(58.695976359075,-47.39731573892,
    1.254552017826E-14));
#9349 = CARTESIAN_POINT('',(59.613753792914,-47.23237632238,
    -2.04281036531E-14));
#9350 = CARTESIAN_POINT('',(60.523529429958,-47.03771771093,
    1.992850329202E-14));
#9351 = CARTESIAN_POINT('',(61.422643383237,-46.80919427106,
    -1.160183060733E-14));
#9352 = CARTESIAN_POINT('',(62.307320150922,-46.54219208752,
    3.497202527569E-15));
#9353 = CARTESIAN_POINT('',(64.053088704214,-45.91544279183,
    -3.719247132494E-15));
#9354 = CARTESIAN_POINT('',(64.913424868273,-45.55413413808,
    1.604272270583E-14));
#9355 = CARTESIAN_POINT('',(65.747738496898,-45.14235093293,
    -3.719247132494E-14));
#9356 = CARTESIAN_POINT('',(66.548390003645,-44.6749836921,
    5.873079800267E-14));
#9357 = CARTESIAN_POINT('',(67.306578291584,-44.14640955435,
    -6.616929226766E-14));
#9358 = CARTESIAN_POINT('',(68.010253012971,-43.55202778308,
    5.317968287954E-14));
#9359 = CARTESIAN_POINT('',(68.645099192329,-42.89081145751,
    -3.080868893335E-14));
#9360 = CARTESIAN_POINT('',(69.199710341795,-42.16727564831,
    1.282307593442E-14));
#9361 = CARTESIAN_POINT('',(69.67105507666,-41.3909853956,
    -3.663735981263E-15));
#9362 = CARTESIAN_POINT('',(70.2707316622,-40.13173236403,
    2.386979502944E-15));
#9363 = CARTESIAN_POINT('',(70.456795562785,-39.67956562574,
    -1.143529715364E-14));
#9364 = CARTESIAN_POINT('',(70.61989838718,-39.21650515229,
    2.84217094304E-14));
#9365 = CARTESIAN_POINT('',(70.760880336449,-38.74409116461,
    -4.746203430273E-14));
#9366 = CARTESIAN_POINT('',(70.881031710154,-38.26384168097,
    5.817568649036E-14));
#9367 = CARTESIAN_POINT('',(70.981982093036,-37.77716023978,
    -5.295763827462E-14));
#9368 = CARTESIAN_POINT('',(71.065551063991,-37.28522420365,
    3.452793606584E-14));
#9369 = CARTESIAN_POINT('',(71.133618226567,-36.78891961703,
    -1.493249968121E-14));
#9370 = CARTESIAN_POINT('',(71.188070360365,-36.28888858917,
    3.441691376338E-15));
#9371 = CARTESIAN_POINT('',(71.26880200975,-35.34014253085,
    -2.386979502944E-15));
#9372 = CARTESIAN_POINT('',(71.297650455458,-34.89215648435,
    8.271161533457E-15));
#9373 = CARTESIAN_POINT('',(71.318054348464,-34.44194874061,
    -1.820765760385E-14));
#9374 = CARTESIAN_POINT('',(71.334051865903,-33.99122880511,
    3.086420008458E-14));
#9375 = CARTESIAN_POINT('',(71.339063264911,-33.53615541537,
    -3.913536161804E-14));
#9376 = CARTESIAN_POINT('',(71.349114457705,-33.08075597998,
    3.663735981263E-14));
#9377 = CARTESIAN_POINT('',(71.349786041907,-32.62451830548,
    -2.470246229791E-14));
#9378 = CARTESIAN_POINT('',(71.351264299005,-32.16742637872,
    1.126876369995E-14));
#9379 = CARTESIAN_POINT('',(71.350756384649,-31.70976123376,
    -2.886579864025E-15));
#9380 = CARTESIAN_POINT('',(71.350000881688,-31.25107060451,0.));
#9381 = PCURVE('',#9152,#9382);
#9382 = DEFINITIONAL_REPRESENTATION('',(#9383),#9566);
#9383 = ( BOUNDED_CURVE() B_SPLINE_CURVE(10,(#9384,#9385,#9386,#9387,
    #9388,#9389,#9390,#9391,#9392,#9393,#9394,#9395,#9396,#9397,#9398,
    #9399,#9400,#9401,#9402,#9403,#9404,#9405,#9406,#9407,#9408,#9409,
    #9410,#9411,#9412,#9413,#9414,#9415,#9416,#9417,#9418,#9419,#9420,
    #9421,#9422,#9423,#9424,#9425,#9426,#9427,#9428,#9429,#9430,#9431,
    #9432,#9433,#9434,#9435,#9436,#9437,#9438,#9439,#9440,#9441,#9442,
    #9443,#9444,#9445,#9446,#9447,#9448,#9449,#9450,#9451,#9452,#9453,
    #9454,#9455,#9456,#9457,#9458,#9459,#9460,#9461,#9462,#9463,#9464,
    #9465,#9466,#9467,#9468,#9469,#9470,#9471,#9472,#9473,#9474,#9475,
    #9476,#9477,#9478,#9479,#9480,#9481,#9482,#9483,#9484,#9485,#9486,
    #9487,#9488,#9489,#9490,#9491,#9492,#9493,#9494,#9495,#9496,#9497,
    #9498,#9499,#9500,#9501,#9502,#9503,#9504,#9505,#9506,#9507,#9508,
    #9509,#9510,#9511,#9512,#9513,#9514,#9515,#9516,#9517,#9518,#9519,
    #9520,#9521,#9522,#9523,#9524,#9525,#9526,#9527,#9528,#9529,#9530,
    #9531,#9532,#9533,#9534,#9535,#9536,#9537,#9538,#9539,#9540,#9541,
    #9542,#9543,#9544,#9545,#9546,#9547,#9548,#9549,#9550,#9551,#9552,
    #9553,#9554,#9555,#9556,#9557,#9558,#9559,#9560,#9561,#9562,#9563,
#9564,#9565),.UNSPECIFIED.,.T.,.F.) B_SPLINE_CURVE_WITH_KNOTS((11,9,9,9,
    9,9,9,9,9,9,9,9,9,9,9,9,9,9,9,9,11),(9.869817311675E-16,
    4.594070458564,9.78115477444,19.448726352329,28.941494447776,
    39.028397583997,49.115300724339,58.608068819786,68.275640397675,
    73.462724713551,78.056795170129,82.650865630679,87.837949946555,
    97.505521524444,106.99828961989,117.08519275407,127.17209589645,
    136.6648639919,146.33243556979,151.51951988566,156.11359034423),
.UNSPECIFIED.) CURVE() GEOMETRIC_REPRESENTATION_ITEM() 
RATIONAL_B_SPLINE_CURVE((1.,1.,1.,1.,1.,1.,1.,1.,1.,1.,1.,1.,
    0.999999999999,1.000000000001,0.999999999999,1.000000000001,1.,1.,1.
    ,1.,1.,1.,1.,1.,1.,1.,1.,1.,1.,1.,1.,1.,1.,1.,1.,1.,1.,1.,1.,1.,1.,
    1.,1.,1.,1.,1.,1.,1.,1.,1.,1.,1.,1.,1.,1.,1.,1.,1.,1.,1.,1.,1.,1.,1.
    ,1.,1.,1.,1.,1.,1.,1.,1.,1.,1.,1.,1.,1.,1.,1.,1.,1.,1.,1.,1.,1.,
    1.000000000001,0.999999999999,1.,1.,1.,1.,1.,1.,1.000000000001,
    0.999999999999,1.000000000001,0.999999999999,1.,1.,1.,1.,1.,1.,
    1.000000000001,0.999999999999,1.,1.,1.,1.,1.,1.,1.,1.,1.,1.,1.,1.,1.
    ,1.,1.,1.,1.,1.,1.,1.,1.,1.,1.,1.,1.,1.,1.,1.,1.,1.,1.,1.,1.,1.,1.,
    1.,1.,1.,1.,1.,1.,1.,1.,1.,1.,1.,1.,1.,1.,1.,1.,1.,1.,1.,1.,1.,1.,1.
    ,1.,1.,1.,0.999999999999,1.000000000001,0.999999999999,1.,1.,1.,1.,
1.,1.,1.,1.,1.,1.,1.,1.,1.)) REPRESENTATION_ITEM('') );
#9384 = CARTESIAN_POINT('',(27.350000760633,-1.070509863695E-03));
#9385 = CARTESIAN_POINT('',(27.349242853951,0.459079496827));
#9386 = CARTESIAN_POINT('',(27.349383325628,0.918076747157));
#9387 = CARTESIAN_POINT('',(27.348979777692,1.375810446063));
#9388 = CARTESIAN_POINT('',(27.347080942272,1.832193631423));
#9389 = CARTESIAN_POINT('',(27.342215426802,2.28700791392));
#9390 = CARTESIAN_POINT('',(27.3329702574,2.740220803412));
#9391 = CARTESIAN_POINT('',(27.318377621716,3.191984462224));
#9392 = CARTESIAN_POINT('',(27.297500511757,3.642198863301));
#9393 = CARTESIAN_POINT('',(27.268780264078,4.090196468801));
#9394 = CARTESIAN_POINT('',(27.188090231615,5.038879867302));
#9395 = CARTESIAN_POINT('',(27.133599285609,5.538898243868));
#9396 = CARTESIAN_POINT('',(27.065543750102,6.035235994756));
#9397 = CARTESIAN_POINT('',(26.981994218286,6.527185455406));
#9398 = CARTESIAN_POINT('',(26.881038821821,7.013842016817));
#9399 = CARTESIAN_POINT('',(26.760872551559,7.494064871352));
#9400 = CARTESIAN_POINT('',(26.6198936594,7.966486601543));
#9401 = CARTESIAN_POINT('',(26.456807141255,8.429571611718));
#9402 = CARTESIAN_POINT('',(26.270735301123,8.881723402652));
#9403 = CARTESIAN_POINT('',(25.671060543368,10.140975919539));
#9404 = CARTESIAN_POINT('',(25.199716644481,10.917267038853));
#9405 = CARTESIAN_POINT('',(24.645105955997,11.640804440103));
#9406 = CARTESIAN_POINT('',(24.010258894943,12.302023311226));
#9407 = CARTESIAN_POINT('',(23.306582061137,12.896407629593));
#9408 = CARTESIAN_POINT('',(22.548391357221,13.424983394514));
#9409 = CARTESIAN_POINT('',(21.747737941716,13.892351430308));
#9410 = CARTESIAN_POINT('',(20.913423035612,14.304135183892));
#9411 = CARTESIAN_POINT('',(20.053085888007,14.665444032049));
#9412 = CARTESIAN_POINT('',(18.30731609071,15.292193421625));
#9413 = CARTESIAN_POINT('',(17.422638799575,15.559195511477));
#9414 = CARTESIAN_POINT('',(16.523524938456,15.787718781406));
#9415 = CARTESIAN_POINT('',(15.613749635484,15.982377216375));
#9416 = CARTESIAN_POINT('',(14.695972317711,16.14731649447));
#9417 = CARTESIAN_POINT('',(13.772080274152,16.286204631116));
#9418 = CARTESIAN_POINT('',(12.843447290743,16.402260752371));
#9419 = CARTESIAN_POINT('',(11.911107357478,16.498321997131));
#9420 = CARTESIAN_POINT('',(10.975843447415,16.576948548424));
#9421 = CARTESIAN_POINT('',(9.041853354834,16.708166788794));
#9422 = CARTESIAN_POINT('',(8.042829568956,16.758798565194));
#9423 = CARTESIAN_POINT('',(7.041797568166,16.795430478615));
#9424 = CARTESIAN_POINT('',(6.039116793611,16.819814516876));
#9425 = CARTESIAN_POINT('',(5.035148749597,16.83733681081));
#9426 = CARTESIAN_POINT('',(4.030220156161,16.843506602182));
#9427 = CARTESIAN_POINT('',(3.023965606191,16.849749460485));
#9428 = CARTESIAN_POINT('',(2.016501715469,16.850205702702));
#9429 = CARTESIAN_POINT('',(1.008373084426,16.850000001598));
#9430 = CARTESIAN_POINT('',(-1.008039649944,16.850000233048));
#9431 = CARTESIAN_POINT('',(-2.016296376943,16.850208574719));
#9432 = CARTESIAN_POINT('',(-3.024169502233,16.849736465321));
#9433 = CARTESIAN_POINT('',(-4.030021208254,16.843544666056));
#9434 = CARTESIAN_POINT('',(-5.037280325211,16.837276477348));
#9435 = CARTESIAN_POINT('',(-6.037484301385,16.819844838383));
#9436 = CARTESIAN_POINT('',(-7.042471249026,16.795420859659));
#9437 = CARTESIAN_POINT('',(-8.042732413411,16.758798681449));
#9438 = CARTESIAN_POINT('',(-9.041859040702,16.708166489125));
#9439 = CARTESIAN_POINT('',(-10.97584730862,16.576948237299));
#9440 = CARTESIAN_POINT('',(-11.91111173715,16.498321590074));
#9441 = CARTESIAN_POINT('',(-12.84345187931,16.40226025891));
#9442 = CARTESIAN_POINT('',(-13.77208464508,16.28620406385));
#9443 = CARTESIAN_POINT('',(-14.69597648013,16.147315833579));
#9444 = CARTESIAN_POINT('',(-15.61375391396,15.982376417036));
#9445 = CARTESIAN_POINT('',(-16.52352955101,15.787717805591));
#9446 = CARTESIAN_POINT('',(-17.42264350429,15.559194365712));
#9447 = CARTESIAN_POINT('',(-18.30732027197,15.29219218218));
#9448 = CARTESIAN_POINT('',(-20.05308882526,14.665442886485));
#9449 = CARTESIAN_POINT('',(-20.91342498951,14.304134233384));
#9450 = CARTESIAN_POINT('',(-21.74773861745,13.892351026303));
#9451 = CARTESIAN_POINT('',(-22.54839012503,13.424983786892));
#9452 = CARTESIAN_POINT('',(-23.30657841311,12.896409650478));
#9453 = CARTESIAN_POINT('',(-24.0102531333,12.302027877345));
#9454 = CARTESIAN_POINT('',(-24.645099313,11.640811550464));
#9455 = CARTESIAN_POINT('',(-25.1997104644,10.917275744028));
#9456 = CARTESIAN_POINT('',(-25.67105519621,10.140985491263));
#9457 = CARTESIAN_POINT('',(-26.27073178508,8.881732455989));
#9458 = CARTESIAN_POINT('',(-26.45680781156,8.429578961164));
#9459 = CARTESIAN_POINT('',(-26.619891709,7.966495988468));
#9460 = CARTESIAN_POINT('',(-26.76086672042,7.494074934694));
#9461 = CARTESIAN_POINT('',(-26.88103459226,7.013847057638));
#9462 = CARTESIAN_POINT('',(-26.98199720128,6.527181578672));
#9463 = CARTESIAN_POINT('',(-27.06555215948,6.035226874108));
#9464 = CARTESIAN_POINT('',(-27.13360239675,5.53889475541));
#9465 = CARTESIAN_POINT('',(-27.18807972161,5.038887838196));
#9466 = CARTESIAN_POINT('',(-27.26879158239,4.090171151954));
#9467 = CARTESIAN_POINT('',(-27.29750566987,3.642148876085));
#9468 = CARTESIAN_POINT('',(-27.31856940727,3.192068163547));
#9469 = CARTESIAN_POINT('',(-27.33271083591,2.740243031646));
#9470 = CARTESIAN_POINT('',(-27.34171207427,2.28682279245));
#9471 = CARTESIAN_POINT('',(-27.34719384232,1.831823450562));
#9472 = CARTESIAN_POINT('',(-27.34983932505,1.37528971889));
#9473 = CARTESIAN_POINT('',(-27.35021740795,0.91749594788));
#9474 = CARTESIAN_POINT('',(-27.34999971446,0.459017070455));
#9475 = CARTESIAN_POINT('',(-27.35000082938,-0.458170127603));
#9476 = CARTESIAN_POINT('',(-27.35022127628,-0.916880297497));
#9477 = CARTESIAN_POINT('',(-27.34983724492,-1.374985747836));
#9478 = CARTESIAN_POINT('',(-27.34720293919,-1.832072865403));
#9479 = CARTESIAN_POINT('',(-27.34171564489,-2.287695844047));
#9480 = CARTESIAN_POINT('',(-27.33268083595,-2.741376759898));
#9481 = CARTESIAN_POINT('',(-27.31852325025,-3.192864974401));
#9482 = CARTESIAN_POINT('',(-27.29748868754,-3.642374561324));
#9483 = CARTESIAN_POINT('',(-27.26878065788,-4.090317767498));
#9484 = CARTESIAN_POINT('',(-27.18807721163,-5.038896520613));
#9485 = CARTESIAN_POINT('',(-27.13361062333,-5.538919140933));
#9486 = CARTESIAN_POINT('',(-27.06554726083,-6.035225358863));
#9487 = CARTESIAN_POINT('',(-26.98198653683,-6.527158713765));
#9488 = CARTESIAN_POINT('',(-26.88103594866,-7.013836391204));
#9489 = CARTESIAN_POINT('',(-26.76087969101,-7.494084150901));
#9490 = CARTESIAN_POINT('',(-26.61989815138,-7.966497611207));
#9491 = CARTESIAN_POINT('',(-26.45680086908,-8.429557092604));
#9492 = CARTESIAN_POINT('',(-26.27073553808,-8.881723223067));
#9493 = CARTESIAN_POINT('',(-25.67106078414,-10.14097573507));
#9494 = CARTESIAN_POINT('',(-25.19971689796,-10.91726682171));
#9495 = CARTESIAN_POINT('',(-24.64510618842,-11.6408042733));
#9496 = CARTESIAN_POINT('',(-24.0102591323,-12.30202313362));
#9497 = CARTESIAN_POINT('',(-23.30658231221,-12.89640741932));
#9498 = CARTESIAN_POINT('',(-22.54839160131,-13.42498320026));
#9499 = CARTESIAN_POINT('',(-21.74773817565,-13.89235126019));
#9500 = CARTESIAN_POINT('',(-20.91342328156,-14.30413498563));
#9501 = CARTESIAN_POINT('',(-20.05308613011,-14.66544384274));
#9502 = CARTESIAN_POINT('',(-18.30731633282,-15.29219323232));
#9503 = CARTESIAN_POINT('',(-17.42263904168,-15.55919532217));
#9504 = CARTESIAN_POINT('',(-16.52352518056,-15.7877185921));
#9505 = CARTESIAN_POINT('',(-15.61374987759,-15.98237702707));
#9506 = CARTESIAN_POINT('',(-14.69597255982,-16.14731630516));
#9507 = CARTESIAN_POINT('',(-13.77208051625,-16.28620444181));
#9508 = CARTESIAN_POINT('',(-12.84344753285,-16.40226056306));
#9509 = CARTESIAN_POINT('',(-11.91110759958,-16.49832180783));
#9510 = CARTESIAN_POINT('',(-10.97584368952,-16.57694835912));
#9511 = CARTESIAN_POINT('',(-9.041853597145,-16.70816659947));
#9512 = CARTESIAN_POINT('',(-8.042829811469,-16.75879837586));
#9513 = CARTESIAN_POINT('',(-7.041797810877,-16.79543028929));
#9514 = CARTESIAN_POINT('',(-6.039117036538,-16.81981432754));
#9515 = CARTESIAN_POINT('',(-5.035148992709,-16.83733662149));
#9516 = CARTESIAN_POINT('',(-4.030220399492,-16.84350641287));
#9517 = CARTESIAN_POINT('',(-3.02396584972,-16.84974927117));
#9518 = CARTESIAN_POINT('',(-2.016501959206,-16.85020551339));
#9519 = CARTESIAN_POINT('',(-1.008373328365,-16.84999981229));
#9520 = CARTESIAN_POINT('',(1.008039406005,-16.85000004374));
#9521 = CARTESIAN_POINT('',(2.016296133208,-16.85020838542));
#9522 = CARTESIAN_POINT('',(3.024169258702,-16.84973627602));
#9523 = CARTESIAN_POINT('',(4.030020964929,-16.84354447675));
#9524 = CARTESIAN_POINT('',(5.03728008208,-16.83727628806));
#9525 = CARTESIAN_POINT('',(6.037484058474,-16.8198446491));
#9526 = CARTESIAN_POINT('',(7.042471006308,-16.79542067037));
#9527 = CARTESIAN_POINT('',(8.042732170899,-16.75879849216));
#9528 = CARTESIAN_POINT('',(9.041858798391,-16.70816629983));
#9529 = CARTESIAN_POINT('',(10.975847066515,-16.57694804799));
#9530 = CARTESIAN_POINT('',(11.91111149505,-16.49832140077));
#9531 = CARTESIAN_POINT('',(12.843451637204,-16.4022600696));
#9532 = CARTESIAN_POINT('',(13.772084402979,-16.28620387454));
#9533 = CARTESIAN_POINT('',(14.69597623802,-16.14731564427));
#9534 = CARTESIAN_POINT('',(15.613753671859,-15.98237622773));
#9535 = CARTESIAN_POINT('',(16.523529308903,-15.78771761628));
#9536 = CARTESIAN_POINT('',(17.422643262182,-15.55919417641));
#9537 = CARTESIAN_POINT('',(18.307320029868,-15.29219199287));
#9538 = CARTESIAN_POINT('',(20.053088583159,-14.66544269718));
#9539 = CARTESIAN_POINT('',(20.913424747218,-14.30413404343));
#9540 = CARTESIAN_POINT('',(21.747738375843,-13.89235083828));
#9541 = CARTESIAN_POINT('',(22.54838988259,-13.42498359745));
#9542 = CARTESIAN_POINT('',(23.306578170529,-12.8964094597));
#9543 = CARTESIAN_POINT('',(24.010252891916,-12.30202768843));
#9544 = CARTESIAN_POINT('',(24.645099071274,-11.64081136286));
#9545 = CARTESIAN_POINT('',(25.19971022074,-10.91727555366));
#9546 = CARTESIAN_POINT('',(25.671054955605,-10.14098530095));
#9547 = CARTESIAN_POINT('',(26.270731541145,-8.881732269379));
#9548 = CARTESIAN_POINT('',(26.45679544173,-8.429565531093));
#9549 = CARTESIAN_POINT('',(26.619898266125,-7.966505057648));
#9550 = CARTESIAN_POINT('',(26.760880215394,-7.494091069968));
#9551 = CARTESIAN_POINT('',(26.881031589099,-7.013841586327));
#9552 = CARTESIAN_POINT('',(26.981981971981,-6.527160145129));
#9553 = CARTESIAN_POINT('',(27.065550942936,-6.035224109005));
#9554 = CARTESIAN_POINT('',(27.133618105512,-5.538919522385));
#9555 = CARTESIAN_POINT('',(27.18807023931,-5.038888494519));
#9556 = CARTESIAN_POINT('',(27.268801888695,-4.090142436203));
#9557 = CARTESIAN_POINT('',(27.297650334403,-3.642156389699));
#9558 = CARTESIAN_POINT('',(27.318054227409,-3.191948645967));
#9559 = CARTESIAN_POINT('',(27.334051744848,-2.741228710463));
#9560 = CARTESIAN_POINT('',(27.339063143856,-2.286155320725));
#9561 = CARTESIAN_POINT('',(27.34911433665,-1.830755885329));
#9562 = CARTESIAN_POINT('',(27.349785920853,-1.374518210829));
#9563 = CARTESIAN_POINT('',(27.35126417795,-0.917426284069));
#9564 = CARTESIAN_POINT('',(27.350756263595,-0.459761139116));
#9565 = CARTESIAN_POINT('',(27.350000760633,-1.070509863695E-03));
#9566 = ( GEOMETRIC_REPRESENTATION_CONTEXT(2) 
PARAMETRIC_REPRESENTATION_CONTEXT() REPRESENTATION_CONTEXT('2D SPACE',''
  ) );
#9567 = PCURVE('',#544,#9568);
#9568 = DEFINITIONAL_REPRESENTATION('',(#9569),#9573);
#9569 = LINE('',#9570,#9571);
#9570 = CARTESIAN_POINT('',(156.11359034423,0.));
#9571 = VECTOR('',#9572,1.);
#9572 = DIRECTION('',(0.,1.));
#9573 = ( GEOMETRIC_REPRESENTATION_CONTEXT(2) 
PARAMETRIC_REPRESENTATION_CONTEXT() REPRESENTATION_CONTEXT('2D SPACE',''
  ) );
#9574 = FACE_BOUND('',#9575,.F.);
#9575 = EDGE_LOOP('',(#9576));
#9576 = ORIENTED_EDGE('',*,*,#9577,.T.);
#9577 = EDGE_CURVE('',#9578,#9578,#9580,.T.);
#9578 = VERTEX_POINT('',#9579);
#9579 = CARTESIAN_POINT('',(23.,-30.,0.));
#9580 = SURFACE_CURVE('',#9581,(#9586,#9597),.PCURVE_S1.);
#9581 = CIRCLE('',#9582,2.2);
#9582 = AXIS2_PLACEMENT_3D('',#9583,#9584,#9585);
#9583 = CARTESIAN_POINT('',(20.8,-30.,0.));
#9584 = DIRECTION('',(0.,0.,-1.));
#9585 = DIRECTION('',(1.,0.,0.));
#9586 = PCURVE('',#9152,#9587);
#9587 = DEFINITIONAL_REPRESENTATION('',(#9588),#9596);
#9588 = ( BOUNDED_CURVE() B_SPLINE_CURVE(2,(#9589,#9590,#9591,#9592,
#9593,#9594,#9595),.UNSPECIFIED.,.T.,.F.) B_SPLINE_CURVE_WITH_KNOTS((1,2
    ,2,2,2,1),(-2.094395102393,0.,2.094395102393,4.188790204786,
6.28318530718,8.377580409573),.UNSPECIFIED.) CURVE() 
GEOMETRIC_REPRESENTATION_ITEM() RATIONAL_B_SPLINE_CURVE((1.,0.5,1.,0.5,
1.,0.5,1.)) REPRESENTATION_ITEM('') );
#9589 = CARTESIAN_POINT('',(-21.00000012105,1.250000094651));
#9590 = CARTESIAN_POINT('',(-21.00000012105,-2.560511682));
#9591 = CARTESIAN_POINT('',(-24.30000012105,-0.655255793674));
#9592 = CARTESIAN_POINT('',(-27.60000012105,1.250000094651));
#9593 = CARTESIAN_POINT('',(-24.30000012105,3.155255982977));
#9594 = CARTESIAN_POINT('',(-21.00000012105,5.060511871303));
#9595 = CARTESIAN_POINT('',(-21.00000012105,1.250000094651));
#9596 = ( GEOMETRIC_REPRESENTATION_CONTEXT(2) 
PARAMETRIC_REPRESENTATION_CONTEXT() REPRESENTATION_CONTEXT('2D SPACE',''
  ) );
#9597 = PCURVE('',#9598,#9603);
#9598 = CYLINDRICAL_SURFACE('',#9599,2.2);
#9599 = AXIS2_PLACEMENT_3D('',#9600,#9601,#9602);
#9600 = CARTESIAN_POINT('',(20.8,-30.,-0.1));
#9601 = DIRECTION('',(-0.,-0.,-1.));
#9602 = DIRECTION('',(1.,0.,0.));
#9603 = DEFINITIONAL_REPRESENTATION('',(#9604),#9608);
#9604 = LINE('',#9605,#9606);
#9605 = CARTESIAN_POINT('',(-6.28318530718,-0.1));
#9606 = VECTOR('',#9607,1.);
#9607 = DIRECTION('',(1.,-0.));
#9608 = ( GEOMETRIC_REPRESENTATION_CONTEXT(2) 
PARAMETRIC_REPRESENTATION_CONTEXT() REPRESENTATION_CONTEXT('2D SPACE',''
  ) );
#9609 = FACE_BOUND('',#9610,.F.);
#9610 = EDGE_LOOP('',(#9611));
#9611 = ORIENTED_EDGE('',*,*,#9135,.T.);
#9612 = ADVANCED_FACE('',(#9613),#9598,.F.);
#9613 = FACE_BOUND('',#9614,.T.);
#9614 = EDGE_LOOP('',(#9615,#9616,#9639,#9666));
#9615 = ORIENTED_EDGE('',*,*,#9577,.T.);
#9616 = ORIENTED_EDGE('',*,*,#9617,.T.);
#9617 = EDGE_CURVE('',#9578,#9618,#9620,.T.);
#9618 = VERTEX_POINT('',#9619);
#9619 = CARTESIAN_POINT('',(23.,-30.,1.35));
#9620 = SEAM_CURVE('',#9621,(#9625,#9632),.PCURVE_S1.);
#9621 = LINE('',#9622,#9623);
#9622 = CARTESIAN_POINT('',(23.,-30.,-0.1));
#9623 = VECTOR('',#9624,1.);
#9624 = DIRECTION('',(0.,0.,1.));
#9625 = PCURVE('',#9598,#9626);
#9626 = DEFINITIONAL_REPRESENTATION('',(#9627),#9631);
#9627 = LINE('',#9628,#9629);
#9628 = CARTESIAN_POINT('',(-6.28318530718,0.));
#9629 = VECTOR('',#9630,1.);
#9630 = DIRECTION('',(-0.,-1.));
#9631 = ( GEOMETRIC_REPRESENTATION_CONTEXT(2) 
PARAMETRIC_REPRESENTATION_CONTEXT() REPRESENTATION_CONTEXT('2D SPACE',''
  ) );
#9632 = PCURVE('',#9598,#9633);
#9633 = DEFINITIONAL_REPRESENTATION('',(#9634),#9638);
#9634 = LINE('',#9635,#9636);
#9635 = CARTESIAN_POINT('',(-0.,0.));
#9636 = VECTOR('',#9637,1.);
#9637 = DIRECTION('',(-0.,-1.));
#9638 = ( GEOMETRIC_REPRESENTATION_CONTEXT(2) 
PARAMETRIC_REPRESENTATION_CONTEXT() REPRESENTATION_CONTEXT('2D SPACE',''
  ) );
#9639 = ORIENTED_EDGE('',*,*,#9640,.T.);
#9640 = EDGE_CURVE('',#9618,#9618,#9641,.T.);
#9641 = SURFACE_CURVE('',#9642,(#9647,#9654),.PCURVE_S1.);
#9642 = CIRCLE('',#9643,2.2);
#9643 = AXIS2_PLACEMENT_3D('',#9644,#9645,#9646);
#9644 = CARTESIAN_POINT('',(20.8,-30.,1.35));
#9645 = DIRECTION('',(0.,0.,1.));
#9646 = DIRECTION('',(1.,0.,0.));
#9647 = PCURVE('',#9598,#9648);
#9648 = DEFINITIONAL_REPRESENTATION('',(#9649),#9653);
#9649 = LINE('',#9650,#9651);
#9650 = CARTESIAN_POINT('',(-0.,-1.45));
#9651 = VECTOR('',#9652,1.);
#9652 = DIRECTION('',(-1.,0.));
#9653 = ( GEOMETRIC_REPRESENTATION_CONTEXT(2) 
PARAMETRIC_REPRESENTATION_CONTEXT() REPRESENTATION_CONTEXT('2D SPACE',''
  ) );
#9654 = PCURVE('',#9655,#9660);
#9655 = PLANE('',#9656);
#9656 = AXIS2_PLACEMENT_3D('',#9657,#9658,#9659);
#9657 = CARTESIAN_POINT('',(20.8,-30.,1.35));
#9658 = DIRECTION('',(0.,0.,1.));
#9659 = DIRECTION('',(1.,0.,-0.));
#9660 = DEFINITIONAL_REPRESENTATION('',(#9661),#9665);
#9661 = CIRCLE('',#9662,2.2);
#9662 = AXIS2_PLACEMENT_2D('',#9663,#9664);
#9663 = CARTESIAN_POINT('',(0.,0.));
#9664 = DIRECTION('',(1.,0.));
#9665 = ( GEOMETRIC_REPRESENTATION_CONTEXT(2) 
PARAMETRIC_REPRESENTATION_CONTEXT() REPRESENTATION_CONTEXT('2D SPACE',''
  ) );
#9666 = ORIENTED_EDGE('',*,*,#9617,.F.);
#9667 = ADVANCED_FACE('',(#9668,#9671),#9655,.F.);
#9668 = FACE_BOUND('',#9669,.F.);
#9669 = EDGE_LOOP('',(#9670));
#9670 = ORIENTED_EDGE('',*,*,#9640,.T.);
#9671 = FACE_BOUND('',#9672,.F.);
#9672 = EDGE_LOOP('',(#9673));
#9673 = ORIENTED_EDGE('',*,*,#9674,.T.);
#9674 = EDGE_CURVE('',#9675,#9675,#9677,.T.);
#9675 = VERTEX_POINT('',#9676);
#9676 = CARTESIAN_POINT('',(21.9,-30.,1.35));
#9677 = SURFACE_CURVE('',#9678,(#9683,#9694),.PCURVE_S1.);
#9678 = CIRCLE('',#9679,1.1);
#9679 = AXIS2_PLACEMENT_3D('',#9680,#9681,#9682);
#9680 = CARTESIAN_POINT('',(20.8,-30.,1.35));
#9681 = DIRECTION('',(0.,0.,-1.));
#9682 = DIRECTION('',(1.,0.,0.));
#9683 = PCURVE('',#9655,#9684);
#9684 = DEFINITIONAL_REPRESENTATION('',(#9685),#9693);
#9685 = ( BOUNDED_CURVE() B_SPLINE_CURVE(2,(#9686,#9687,#9688,#9689,
#9690,#9691,#9692),.UNSPECIFIED.,.T.,.F.) B_SPLINE_CURVE_WITH_KNOTS((1,2
    ,2,2,2,1),(-2.094395102393,0.,2.094395102393,4.188790204786,
6.28318530718,8.377580409573),.UNSPECIFIED.) CURVE() 
GEOMETRIC_REPRESENTATION_ITEM() RATIONAL_B_SPLINE_CURVE((1.,0.5,1.,0.5,
1.,0.5,1.)) REPRESENTATION_ITEM('') );
#9686 = CARTESIAN_POINT('',(1.1,0.));
#9687 = CARTESIAN_POINT('',(1.1,-1.905255888326));
#9688 = CARTESIAN_POINT('',(-0.55,-0.952627944163));
#9689 = CARTESIAN_POINT('',(-2.2,-2.694222958124E-16));
#9690 = CARTESIAN_POINT('',(-0.55,0.952627944163));
#9691 = CARTESIAN_POINT('',(1.1,1.905255888326));
#9692 = CARTESIAN_POINT('',(1.1,0.));
#9693 = ( GEOMETRIC_REPRESENTATION_CONTEXT(2) 
PARAMETRIC_REPRESENTATION_CONTEXT() REPRESENTATION_CONTEXT('2D SPACE',''
  ) );
#9694 = PCURVE('',#9695,#9700);
#9695 = CYLINDRICAL_SURFACE('',#9696,1.1);
#9696 = AXIS2_PLACEMENT_3D('',#9697,#9698,#9699);
#9697 = CARTESIAN_POINT('',(20.8,-30.,-0.1));
#9698 = DIRECTION('',(-0.,-0.,-1.));
#9699 = DIRECTION('',(1.,0.,0.));
#9700 = DEFINITIONAL_REPRESENTATION('',(#9701),#9705);
#9701 = LINE('',#9702,#9703);
#9702 = CARTESIAN_POINT('',(-6.28318530718,-1.45));
#9703 = VECTOR('',#9704,1.);
#9704 = DIRECTION('',(1.,-0.));
#9705 = ( GEOMETRIC_REPRESENTATION_CONTEXT(2) 
PARAMETRIC_REPRESENTATION_CONTEXT() REPRESENTATION_CONTEXT('2D SPACE',''
  ) );
#9706 = ADVANCED_FACE('',(#9707),#9695,.F.);
#9707 = FACE_BOUND('',#9708,.T.);
#9708 = EDGE_LOOP('',(#9709,#9710,#9733,#9764));
#9709 = ORIENTED_EDGE('',*,*,#9674,.T.);
#9710 = ORIENTED_EDGE('',*,*,#9711,.T.);
#9711 = EDGE_CURVE('',#9675,#9712,#9714,.T.);
#9712 = VERTEX_POINT('',#9713);
#9713 = CARTESIAN_POINT('',(21.9,-30.,2.2));
#9714 = SEAM_CURVE('',#9715,(#9719,#9726),.PCURVE_S1.);
#9715 = LINE('',#9716,#9717);
#9716 = CARTESIAN_POINT('',(21.9,-30.,-0.1));
#9717 = VECTOR('',#9718,1.);
#9718 = DIRECTION('',(0.,0.,1.));
#9719 = PCURVE('',#9695,#9720);
#9720 = DEFINITIONAL_REPRESENTATION('',(#9721),#9725);
#9721 = LINE('',#9722,#9723);
#9722 = CARTESIAN_POINT('',(-6.28318530718,0.));
#9723 = VECTOR('',#9724,1.);
#9724 = DIRECTION('',(-0.,-1.));
#9725 = ( GEOMETRIC_REPRESENTATION_CONTEXT(2) 
PARAMETRIC_REPRESENTATION_CONTEXT() REPRESENTATION_CONTEXT('2D SPACE',''
  ) );
#9726 = PCURVE('',#9695,#9727);
#9727 = DEFINITIONAL_REPRESENTATION('',(#9728),#9732);
#9728 = LINE('',#9729,#9730);
#9729 = CARTESIAN_POINT('',(-0.,0.));
#9730 = VECTOR('',#9731,1.);
#9731 = DIRECTION('',(-0.,-1.));
#9732 = ( GEOMETRIC_REPRESENTATION_CONTEXT(2) 
PARAMETRIC_REPRESENTATION_CONTEXT() REPRESENTATION_CONTEXT('2D SPACE',''
  ) );
#9733 = ORIENTED_EDGE('',*,*,#9734,.F.);
#9734 = EDGE_CURVE('',#9712,#9712,#9735,.T.);
#9735 = SURFACE_CURVE('',#9736,(#9741,#9748),.PCURVE_S1.);
#9736 = CIRCLE('',#9737,1.1);
#9737 = AXIS2_PLACEMENT_3D('',#9738,#9739,#9740);
#9738 = CARTESIAN_POINT('',(20.8,-30.,2.2));
#9739 = DIRECTION('',(0.,0.,-1.));
#9740 = DIRECTION('',(1.,0.,0.));
#9741 = PCURVE('',#9695,#9742);
#9742 = DEFINITIONAL_REPRESENTATION('',(#9743),#9747);
#9743 = LINE('',#9744,#9745);
#9744 = CARTESIAN_POINT('',(-6.28318530718,-2.3));
#9745 = VECTOR('',#9746,1.);
#9746 = DIRECTION('',(1.,-0.));
#9747 = ( GEOMETRIC_REPRESENTATION_CONTEXT(2) 
PARAMETRIC_REPRESENTATION_CONTEXT() REPRESENTATION_CONTEXT('2D SPACE',''
  ) );
#9748 = PCURVE('',#9749,#9754);
#9749 = PLANE('',#9750);
#9750 = AXIS2_PLACEMENT_3D('',#9751,#9752,#9753);
#9751 = CARTESIAN_POINT('',(20.8,-30.,2.2));
#9752 = DIRECTION('',(0.,0.,1.));
#9753 = DIRECTION('',(1.,0.,-0.));
#9754 = DEFINITIONAL_REPRESENTATION('',(#9755),#9763);
#9755 = ( BOUNDED_CURVE() B_SPLINE_CURVE(2,(#9756,#9757,#9758,#9759,
#9760,#9761,#9762),.UNSPECIFIED.,.T.,.F.) B_SPLINE_CURVE_WITH_KNOTS((1,2
    ,2,2,2,1),(-2.094395102393,0.,2.094395102393,4.188790204786,
6.28318530718,8.377580409573),.UNSPECIFIED.) CURVE() 
GEOMETRIC_REPRESENTATION_ITEM() RATIONAL_B_SPLINE_CURVE((1.,0.5,1.,0.5,
1.,0.5,1.)) REPRESENTATION_ITEM('') );
#9756 = CARTESIAN_POINT('',(1.1,0.));
#9757 = CARTESIAN_POINT('',(1.1,-1.905255888326));
#9758 = CARTESIAN_POINT('',(-0.55,-0.952627944163));
#9759 = CARTESIAN_POINT('',(-2.2,-2.694222958124E-16));
#9760 = CARTESIAN_POINT('',(-0.55,0.952627944163));
#9761 = CARTESIAN_POINT('',(1.1,1.905255888326));
#9762 = CARTESIAN_POINT('',(1.1,0.));
#9763 = ( GEOMETRIC_REPRESENTATION_CONTEXT(2) 
PARAMETRIC_REPRESENTATION_CONTEXT() REPRESENTATION_CONTEXT('2D SPACE',''
  ) );
#9764 = ORIENTED_EDGE('',*,*,#9711,.F.);
#9765 = ADVANCED_FACE('',(#9766,#9792),#9749,.T.);
#9766 = FACE_BOUND('',#9767,.T.);
#9767 = EDGE_LOOP('',(#9768));
#9768 = ORIENTED_EDGE('',*,*,#9769,.T.);
#9769 = EDGE_CURVE('',#9770,#9770,#9772,.T.);
#9770 = VERTEX_POINT('',#9771);
#9771 = CARTESIAN_POINT('',(23.7,-30.,2.2));
#9772 = SURFACE_CURVE('',#9773,(#9778,#9785),.PCURVE_S1.);
#9773 = CIRCLE('',#9774,2.9);
#9774 = AXIS2_PLACEMENT_3D('',#9775,#9776,#9777);
#9775 = CARTESIAN_POINT('',(20.8,-30.,2.2));
#9776 = DIRECTION('',(0.,0.,1.));
#9777 = DIRECTION('',(1.,0.,0.));
#9778 = PCURVE('',#9749,#9779);
#9779 = DEFINITIONAL_REPRESENTATION('',(#9780),#9784);
#9780 = CIRCLE('',#9781,2.9);
#9781 = AXIS2_PLACEMENT_2D('',#9782,#9783);
#9782 = CARTESIAN_POINT('',(-3.552713678801E-15,0.));
#9783 = DIRECTION('',(1.,0.));
#9784 = ( GEOMETRIC_REPRESENTATION_CONTEXT(2) 
PARAMETRIC_REPRESENTATION_CONTEXT() REPRESENTATION_CONTEXT('2D SPACE',''
  ) );
#9785 = PCURVE('',#3425,#9786);
#9786 = DEFINITIONAL_REPRESENTATION('',(#9787),#9791);
#9787 = LINE('',#9788,#9789);
#9788 = CARTESIAN_POINT('',(-0.,-2.2));
#9789 = VECTOR('',#9790,1.);
#9790 = DIRECTION('',(-1.,0.));
#9791 = ( GEOMETRIC_REPRESENTATION_CONTEXT(2) 
PARAMETRIC_REPRESENTATION_CONTEXT() REPRESENTATION_CONTEXT('2D SPACE',''
  ) );
#9792 = FACE_BOUND('',#9793,.T.);
#9793 = EDGE_LOOP('',(#9794));
#9794 = ORIENTED_EDGE('',*,*,#9734,.T.);
#9795 = ADVANCED_FACE('',(#9796),#3509,.T.);
#9796 = FACE_BOUND('',#9797,.T.);
#9797 = EDGE_LOOP('',(#9798,#9819,#9820,#9841));
#9798 = ORIENTED_EDGE('',*,*,#9799,.F.);
#9799 = EDGE_CURVE('',#3495,#8726,#9800,.T.);
#9800 = SURFACE_CURVE('',#9801,(#9805,#9812),.PCURVE_S1.);
#9801 = LINE('',#9802,#9803);
#9802 = CARTESIAN_POINT('',(32.5,-17.4,1.));
#9803 = VECTOR('',#9804,1.);
#9804 = DIRECTION('',(0.,0.,1.));
#9805 = PCURVE('',#3509,#9806);
#9806 = DEFINITIONAL_REPRESENTATION('',(#9807),#9811);
#9807 = LINE('',#9808,#9809);
#9808 = CARTESIAN_POINT('',(0.,2.));
#9809 = VECTOR('',#9810,1.);
#9810 = DIRECTION('',(1.,0.));
#9811 = ( GEOMETRIC_REPRESENTATION_CONTEXT(2) 
PARAMETRIC_REPRESENTATION_CONTEXT() REPRESENTATION_CONTEXT('2D SPACE',''
  ) );
#9812 = PCURVE('',#3533,#9813);
#9813 = DEFINITIONAL_REPRESENTATION('',(#9814),#9818);
#9814 = LINE('',#9815,#9816);
#9815 = CARTESIAN_POINT('',(0.,-1.4));
#9816 = VECTOR('',#9817,1.);
#9817 = DIRECTION('',(1.,0.));
#9818 = ( GEOMETRIC_REPRESENTATION_CONTEXT(2) 
PARAMETRIC_REPRESENTATION_CONTEXT() REPRESENTATION_CONTEXT('2D SPACE',''
  ) );
#9819 = ORIENTED_EDGE('',*,*,#3494,.T.);
#9820 = ORIENTED_EDGE('',*,*,#9821,.T.);
#9821 = EDGE_CURVE('',#3468,#8702,#9822,.T.);
#9822 = SURFACE_CURVE('',#9823,(#9827,#9834),.PCURVE_S1.);
#9823 = LINE('',#9824,#9825);
#9824 = CARTESIAN_POINT('',(30.5,-17.4,1.));
#9825 = VECTOR('',#9826,1.);
#9826 = DIRECTION('',(0.,0.,1.));
#9827 = PCURVE('',#3509,#9828);
#9828 = DEFINITIONAL_REPRESENTATION('',(#9829),#9833);
#9829 = LINE('',#9830,#9831);
#9830 = CARTESIAN_POINT('',(0.,0.));
#9831 = VECTOR('',#9832,1.);
#9832 = DIRECTION('',(1.,0.));
#9833 = ( GEOMETRIC_REPRESENTATION_CONTEXT(2) 
PARAMETRIC_REPRESENTATION_CONTEXT() REPRESENTATION_CONTEXT('2D SPACE',''
  ) );
#9834 = PCURVE('',#3482,#9835);
#9835 = DEFINITIONAL_REPRESENTATION('',(#9836),#9840);
#9836 = LINE('',#9837,#9838);
#9837 = CARTESIAN_POINT('',(0.,-1.4));
#9838 = VECTOR('',#9839,1.);
#9839 = DIRECTION('',(1.,0.));
#9840 = ( GEOMETRIC_REPRESENTATION_CONTEXT(2) 
PARAMETRIC_REPRESENTATION_CONTEXT() REPRESENTATION_CONTEXT('2D SPACE',''
  ) );
#9841 = ORIENTED_EDGE('',*,*,#8748,.T.);
#9842 = ADVANCED_FACE('',(#9843),#3482,.F.);
#9843 = FACE_BOUND('',#9844,.F.);
#9844 = EDGE_LOOP('',(#9845,#9866,#9867,#9868,#9869,#9870,#9871,#9872,
    #9873,#9874));
#9845 = ORIENTED_EDGE('',*,*,#9846,.F.);
#9846 = EDGE_CURVE('',#3442,#7195,#9847,.T.);
#9847 = SURFACE_CURVE('',#9848,(#9852,#9859),.PCURVE_S1.);
#9848 = LINE('',#9849,#9850);
#9849 = CARTESIAN_POINT('',(30.5,-18.8,1.));
#9850 = VECTOR('',#9851,1.);
#9851 = DIRECTION('',(0.,0.,1.));
#9852 = PCURVE('',#3482,#9853);
#9853 = DEFINITIONAL_REPRESENTATION('',(#9854),#9858);
#9854 = LINE('',#9855,#9856);
#9855 = CARTESIAN_POINT('',(0.,0.));
#9856 = VECTOR('',#9857,1.);
#9857 = DIRECTION('',(1.,0.));
#9858 = ( GEOMETRIC_REPRESENTATION_CONTEXT(2) 
PARAMETRIC_REPRESENTATION_CONTEXT() REPRESENTATION_CONTEXT('2D SPACE',''
  ) );
#9859 = PCURVE('',#3456,#9860);
#9860 = DEFINITIONAL_REPRESENTATION('',(#9861),#9865);
#9861 = LINE('',#9862,#9863);
#9862 = CARTESIAN_POINT('',(0.,0.));
#9863 = VECTOR('',#9864,1.);
#9864 = DIRECTION('',(1.,0.));
#9865 = ( GEOMETRIC_REPRESENTATION_CONTEXT(2) 
PARAMETRIC_REPRESENTATION_CONTEXT() REPRESENTATION_CONTEXT('2D SPACE',''
  ) );
#9866 = ORIENTED_EDGE('',*,*,#3467,.T.);
#9867 = ORIENTED_EDGE('',*,*,#9821,.T.);
#9868 = ORIENTED_EDGE('',*,*,#8701,.F.);
#9869 = ORIENTED_EDGE('',*,*,#3984,.T.);
#9870 = ORIENTED_EDGE('',*,*,#8678,.T.);
#9871 = ORIENTED_EDGE('',*,*,#6839,.F.);
#9872 = ORIENTED_EDGE('',*,*,#7042,.F.);
#9873 = ORIENTED_EDGE('',*,*,#7148,.F.);
#9874 = ORIENTED_EDGE('',*,*,#7194,.T.);
#9875 = ADVANCED_FACE('',(#9876),#3533,.T.);
#9876 = FACE_BOUND('',#9877,.T.);
#9877 = EDGE_LOOP('',(#9878,#9899,#9900,#9901,#9902,#9903,#9904,#9905,
    #9906,#9907));
#9878 = ORIENTED_EDGE('',*,*,#9879,.F.);
#9879 = EDGE_CURVE('',#3440,#7219,#9880,.T.);
#9880 = SURFACE_CURVE('',#9881,(#9885,#9892),.PCURVE_S1.);
#9881 = LINE('',#9882,#9883);
#9882 = CARTESIAN_POINT('',(32.5,-18.8,1.));
#9883 = VECTOR('',#9884,1.);
#9884 = DIRECTION('',(0.,0.,1.));
#9885 = PCURVE('',#3533,#9886);
#9886 = DEFINITIONAL_REPRESENTATION('',(#9887),#9891);
#9887 = LINE('',#9888,#9889);
#9888 = CARTESIAN_POINT('',(0.,0.));
#9889 = VECTOR('',#9890,1.);
#9890 = DIRECTION('',(1.,0.));
#9891 = ( GEOMETRIC_REPRESENTATION_CONTEXT(2) 
PARAMETRIC_REPRESENTATION_CONTEXT() REPRESENTATION_CONTEXT('2D SPACE',''
  ) );
#9892 = PCURVE('',#3456,#9893);
#9893 = DEFINITIONAL_REPRESENTATION('',(#9894),#9898);
#9894 = LINE('',#9895,#9896);
#9895 = CARTESIAN_POINT('',(0.,2.));
#9896 = VECTOR('',#9897,1.);
#9897 = DIRECTION('',(1.,0.));
#9898 = ( GEOMETRIC_REPRESENTATION_CONTEXT(2) 
PARAMETRIC_REPRESENTATION_CONTEXT() REPRESENTATION_CONTEXT('2D SPACE',''
  ) );
#9899 = ORIENTED_EDGE('',*,*,#3520,.T.);
#9900 = ORIENTED_EDGE('',*,*,#9799,.T.);
#9901 = ORIENTED_EDGE('',*,*,#8725,.T.);
#9902 = ORIENTED_EDGE('',*,*,#4033,.T.);
#9903 = ORIENTED_EDGE('',*,*,#8773,.T.);
#9904 = ORIENTED_EDGE('',*,*,#6887,.F.);
#9905 = ORIENTED_EDGE('',*,*,#7093,.F.);
#9906 = ORIENTED_EDGE('',*,*,#7170,.F.);
#9907 = ORIENTED_EDGE('',*,*,#7218,.T.);
#9908 = ADVANCED_FACE('',(#9909),#3456,.F.);
#9909 = FACE_BOUND('',#9910,.F.);
#9910 = EDGE_LOOP('',(#9911,#9912,#9913,#9914));
#9911 = ORIENTED_EDGE('',*,*,#9879,.F.);
#9912 = ORIENTED_EDGE('',*,*,#3439,.T.);
#9913 = ORIENTED_EDGE('',*,*,#9846,.T.);
#9914 = ORIENTED_EDGE('',*,*,#7241,.T.);
#9915 = ADVANCED_FACE('',(#9916),#3425,.T.);
#9916 = FACE_BOUND('',#9917,.F.);
#9917 = EDGE_LOOP('',(#9918,#9919,#9940,#9941));
#9918 = ORIENTED_EDGE('',*,*,#3404,.T.);
#9919 = ORIENTED_EDGE('',*,*,#9920,.T.);
#9920 = EDGE_CURVE('',#3405,#9770,#9921,.T.);
#9921 = SEAM_CURVE('',#9922,(#9926,#9933),.PCURVE_S1.);
#9922 = LINE('',#9923,#9924);
#9923 = CARTESIAN_POINT('',(23.7,-30.,0.));
#9924 = VECTOR('',#9925,1.);
#9925 = DIRECTION('',(0.,0.,1.));
#9926 = PCURVE('',#3425,#9927);
#9927 = DEFINITIONAL_REPRESENTATION('',(#9928),#9932);
#9928 = LINE('',#9929,#9930);
#9929 = CARTESIAN_POINT('',(-6.28318530718,0.));
#9930 = VECTOR('',#9931,1.);
#9931 = DIRECTION('',(-0.,-1.));
#9932 = ( GEOMETRIC_REPRESENTATION_CONTEXT(2) 
PARAMETRIC_REPRESENTATION_CONTEXT() REPRESENTATION_CONTEXT('2D SPACE',''
  ) );
#9933 = PCURVE('',#3425,#9934);
#9934 = DEFINITIONAL_REPRESENTATION('',(#9935),#9939);
#9935 = LINE('',#9936,#9937);
#9936 = CARTESIAN_POINT('',(-0.,0.));
#9937 = VECTOR('',#9938,1.);
#9938 = DIRECTION('',(-0.,-1.));
#9939 = ( GEOMETRIC_REPRESENTATION_CONTEXT(2) 
PARAMETRIC_REPRESENTATION_CONTEXT() REPRESENTATION_CONTEXT('2D SPACE',''
  ) );
#9940 = ORIENTED_EDGE('',*,*,#9769,.T.);
#9941 = ORIENTED_EDGE('',*,*,#9920,.F.);
#9942 = ADVANCED_FACE('',(#9943),#3339,.F.);
#9943 = FACE_BOUND('',#9944,.F.);
#9944 = EDGE_LOOP('',(#9945,#9966,#9967,#9988,#9989,#9990,#9991,#9992,
    #9993,#9994));
#9945 = ORIENTED_EDGE('',*,*,#9946,.F.);
#9946 = EDGE_CURVE('',#3299,#8355,#9947,.T.);
#9947 = SURFACE_CURVE('',#9948,(#9952,#9959),.PCURVE_S1.);
#9948 = LINE('',#9949,#9950);
#9949 = CARTESIAN_POINT('',(48.,-46.95,1.));
#9950 = VECTOR('',#9951,1.);
#9951 = DIRECTION('',(0.,0.,1.));
#9952 = PCURVE('',#3339,#9953);
#9953 = DEFINITIONAL_REPRESENTATION('',(#9954),#9958);
#9954 = LINE('',#9955,#9956);
#9955 = CARTESIAN_POINT('',(0.,0.));
#9956 = VECTOR('',#9957,1.);
#9957 = DIRECTION('',(1.,0.));
#9958 = ( GEOMETRIC_REPRESENTATION_CONTEXT(2) 
PARAMETRIC_REPRESENTATION_CONTEXT() REPRESENTATION_CONTEXT('2D SPACE',''
  ) );
#9959 = PCURVE('',#3313,#9960);
#9960 = DEFINITIONAL_REPRESENTATION('',(#9961),#9965);
#9961 = LINE('',#9962,#9963);
#9962 = CARTESIAN_POINT('',(0.,0.));
#9963 = VECTOR('',#9964,1.);
#9964 = DIRECTION('',(1.,0.));
#9965 = ( GEOMETRIC_REPRESENTATION_CONTEXT(2) 
PARAMETRIC_REPRESENTATION_CONTEXT() REPRESENTATION_CONTEXT('2D SPACE',''
  ) );
#9966 = ORIENTED_EDGE('',*,*,#3324,.T.);
#9967 = ORIENTED_EDGE('',*,*,#9968,.T.);
#9968 = EDGE_CURVE('',#3325,#6139,#9969,.T.);
#9969 = SURFACE_CURVE('',#9970,(#9974,#9981),.PCURVE_S1.);
#9970 = LINE('',#9971,#9972);
#9971 = CARTESIAN_POINT('',(48.,-45.55,1.));
#9972 = VECTOR('',#9973,1.);
#9973 = DIRECTION('',(0.,0.,1.));
#9974 = PCURVE('',#3339,#9975);
#9975 = DEFINITIONAL_REPRESENTATION('',(#9976),#9980);
#9976 = LINE('',#9977,#9978);
#9977 = CARTESIAN_POINT('',(0.,-1.4));
#9978 = VECTOR('',#9979,1.);
#9979 = DIRECTION('',(1.,0.));
#9980 = ( GEOMETRIC_REPRESENTATION_CONTEXT(2) 
PARAMETRIC_REPRESENTATION_CONTEXT() REPRESENTATION_CONTEXT('2D SPACE',''
  ) );
#9981 = PCURVE('',#3366,#9982);
#9982 = DEFINITIONAL_REPRESENTATION('',(#9983),#9987);
#9983 = LINE('',#9984,#9985);
#9984 = CARTESIAN_POINT('',(0.,0.));
#9985 = VECTOR('',#9986,1.);
#9986 = DIRECTION('',(1.,0.));
#9987 = ( GEOMETRIC_REPRESENTATION_CONTEXT(2) 
PARAMETRIC_REPRESENTATION_CONTEXT() REPRESENTATION_CONTEXT('2D SPACE',''
  ) );
#9988 = ORIENTED_EDGE('',*,*,#6138,.T.);
#9989 = ORIENTED_EDGE('',*,*,#6092,.T.);
#9990 = ORIENTED_EDGE('',*,*,#5986,.F.);
#9991 = ORIENTED_EDGE('',*,*,#5831,.F.);
#9992 = ORIENTED_EDGE('',*,*,#8426,.T.);
#9993 = ORIENTED_EDGE('',*,*,#4659,.T.);
#9994 = ORIENTED_EDGE('',*,*,#8354,.F.);
#9995 = ADVANCED_FACE('',(#9996),#3366,.T.);
#9996 = FACE_BOUND('',#9997,.T.);
#9997 = EDGE_LOOP('',(#9998,#10019,#10020,#10021));
#9998 = ORIENTED_EDGE('',*,*,#9999,.F.);
#9999 = EDGE_CURVE('',#3352,#6162,#10000,.T.);
#10000 = SURFACE_CURVE('',#10001,(#10005,#10012),.PCURVE_S1.);
#10001 = LINE('',#10002,#10003);
#10002 = CARTESIAN_POINT('',(50.,-45.55,1.));
#10003 = VECTOR('',#10004,1.);
#10004 = DIRECTION('',(0.,0.,1.));
#10005 = PCURVE('',#3366,#10006);
#10006 = DEFINITIONAL_REPRESENTATION('',(#10007),#10011);
#10007 = LINE('',#10008,#10009);
#10008 = CARTESIAN_POINT('',(0.,2.));
#10009 = VECTOR('',#10010,1.);
#10010 = DIRECTION('',(1.,0.));
#10011 = ( GEOMETRIC_REPRESENTATION_CONTEXT(2) 
PARAMETRIC_REPRESENTATION_CONTEXT() REPRESENTATION_CONTEXT('2D SPACE',''
  ) );
#10012 = PCURVE('',#3390,#10013);
#10013 = DEFINITIONAL_REPRESENTATION('',(#10014),#10018);
#10014 = LINE('',#10015,#10016);
#10015 = CARTESIAN_POINT('',(0.,-1.4));
#10016 = VECTOR('',#10017,1.);
#10017 = DIRECTION('',(1.,0.));
#10018 = ( GEOMETRIC_REPRESENTATION_CONTEXT(2) 
PARAMETRIC_REPRESENTATION_CONTEXT() REPRESENTATION_CONTEXT('2D SPACE',''
  ) );
#10019 = ORIENTED_EDGE('',*,*,#3351,.T.);
#10020 = ORIENTED_EDGE('',*,*,#9968,.T.);
#10021 = ORIENTED_EDGE('',*,*,#6161,.T.);
#10022 = ADVANCED_FACE('',(#10023),#3390,.T.);
#10023 = FACE_BOUND('',#10024,.T.);
#10024 = EDGE_LOOP('',(#10025,#10046,#10047,#10048,#10049,#10050,#10051,
    #10052,#10053,#10054));
#10025 = ORIENTED_EDGE('',*,*,#10026,.F.);
#10026 = EDGE_CURVE('',#3297,#8378,#10027,.T.);
#10027 = SURFACE_CURVE('',#10028,(#10032,#10039),.PCURVE_S1.);
#10028 = LINE('',#10029,#10030);
#10029 = CARTESIAN_POINT('',(50.,-46.95,1.));
#10030 = VECTOR('',#10031,1.);
#10031 = DIRECTION('',(0.,0.,1.));
#10032 = PCURVE('',#3390,#10033);
#10033 = DEFINITIONAL_REPRESENTATION('',(#10034),#10038);
#10034 = LINE('',#10035,#10036);
#10035 = CARTESIAN_POINT('',(0.,0.));
#10036 = VECTOR('',#10037,1.);
#10037 = DIRECTION('',(1.,0.));
#10038 = ( GEOMETRIC_REPRESENTATION_CONTEXT(2) 
PARAMETRIC_REPRESENTATION_CONTEXT() REPRESENTATION_CONTEXT('2D SPACE',''
  ) );
#10039 = PCURVE('',#3313,#10040);
#10040 = DEFINITIONAL_REPRESENTATION('',(#10041),#10045);
#10041 = LINE('',#10042,#10043);
#10042 = CARTESIAN_POINT('',(0.,2.));
#10043 = VECTOR('',#10044,1.);
#10044 = DIRECTION('',(1.,0.));
#10045 = ( GEOMETRIC_REPRESENTATION_CONTEXT(2) 
PARAMETRIC_REPRESENTATION_CONTEXT() REPRESENTATION_CONTEXT('2D SPACE',''
  ) );
#10046 = ORIENTED_EDGE('',*,*,#3377,.T.);
#10047 = ORIENTED_EDGE('',*,*,#9999,.T.);
#10048 = ORIENTED_EDGE('',*,*,#6182,.T.);
#10049 = ORIENTED_EDGE('',*,*,#6114,.T.);
#10050 = ORIENTED_EDGE('',*,*,#6010,.F.);
#10051 = ORIENTED_EDGE('',*,*,#5783,.F.);
#10052 = ORIENTED_EDGE('',*,*,#8845,.T.);
#10053 = ORIENTED_EDGE('',*,*,#4610,.T.);
#10054 = ORIENTED_EDGE('',*,*,#8400,.T.);
#10055 = ADVANCED_FACE('',(#10056),#3313,.F.);
#10056 = FACE_BOUND('',#10057,.F.);
#10057 = EDGE_LOOP('',(#10058,#10059,#10060,#10061));
#10058 = ORIENTED_EDGE('',*,*,#10026,.F.);
#10059 = ORIENTED_EDGE('',*,*,#3296,.T.);
#10060 = ORIENTED_EDGE('',*,*,#9946,.T.);
#10061 = ORIENTED_EDGE('',*,*,#8377,.T.);
#10062 = ADVANCED_FACE('',(#10063),#3258,.T.);
#10063 = FACE_BOUND('',#10064,.T.);
#10064 = EDGE_LOOP('',(#10065,#10086,#10087,#10108));
#10065 = ORIENTED_EDGE('',*,*,#10066,.F.);
#10066 = EDGE_CURVE('',#3244,#6383,#10067,.T.);
#10067 = SURFACE_CURVE('',#10068,(#10072,#10079),.PCURVE_S1.);
#10068 = LINE('',#10069,#10070);
#10069 = CARTESIAN_POINT('',(35.,-45.55,1.));
#10070 = VECTOR('',#10071,1.);
#10071 = DIRECTION('',(0.,0.,1.));
#10072 = PCURVE('',#3258,#10073);
#10073 = DEFINITIONAL_REPRESENTATION('',(#10074),#10078);
#10074 = LINE('',#10075,#10076);
#10075 = CARTESIAN_POINT('',(0.,2.));
#10076 = VECTOR('',#10077,1.);
#10077 = DIRECTION('',(1.,0.));
#10078 = ( GEOMETRIC_REPRESENTATION_CONTEXT(2) 
PARAMETRIC_REPRESENTATION_CONTEXT() REPRESENTATION_CONTEXT('2D SPACE',''
  ) );
#10079 = PCURVE('',#3282,#10080);
#10080 = DEFINITIONAL_REPRESENTATION('',(#10081),#10085);
#10081 = LINE('',#10082,#10083);
#10082 = CARTESIAN_POINT('',(0.,-1.4));
#10083 = VECTOR('',#10084,1.);
#10084 = DIRECTION('',(1.,0.));
#10085 = ( GEOMETRIC_REPRESENTATION_CONTEXT(2) 
PARAMETRIC_REPRESENTATION_CONTEXT() REPRESENTATION_CONTEXT('2D SPACE',''
  ) );
#10086 = ORIENTED_EDGE('',*,*,#3243,.T.);
#10087 = ORIENTED_EDGE('',*,*,#10088,.T.);
#10088 = EDGE_CURVE('',#3217,#6360,#10089,.T.);
#10089 = SURFACE_CURVE('',#10090,(#10094,#10101),.PCURVE_S1.);
#10090 = LINE('',#10091,#10092);
#10091 = CARTESIAN_POINT('',(33.,-45.55,1.));
#10092 = VECTOR('',#10093,1.);
#10093 = DIRECTION('',(0.,0.,1.));
#10094 = PCURVE('',#3258,#10095);
#10095 = DEFINITIONAL_REPRESENTATION('',(#10096),#10100);
#10096 = LINE('',#10097,#10098);
#10097 = CARTESIAN_POINT('',(0.,0.));
#10098 = VECTOR('',#10099,1.);
#10099 = DIRECTION('',(1.,0.));
#10100 = ( GEOMETRIC_REPRESENTATION_CONTEXT(2) 
PARAMETRIC_REPRESENTATION_CONTEXT() REPRESENTATION_CONTEXT('2D SPACE',''
  ) );
#10101 = PCURVE('',#3231,#10102);
#10102 = DEFINITIONAL_REPRESENTATION('',(#10103),#10107);
#10103 = LINE('',#10104,#10105);
#10104 = CARTESIAN_POINT('',(0.,-1.4));
#10105 = VECTOR('',#10106,1.);
#10106 = DIRECTION('',(1.,0.));
#10107 = ( GEOMETRIC_REPRESENTATION_CONTEXT(2) 
PARAMETRIC_REPRESENTATION_CONTEXT() REPRESENTATION_CONTEXT('2D SPACE',''
  ) );
#10108 = ORIENTED_EDGE('',*,*,#6382,.T.);
#10109 = ADVANCED_FACE('',(#10110),#3231,.F.);
#10110 = FACE_BOUND('',#10111,.F.);
#10111 = EDGE_LOOP('',(#10112,#10133,#10134,#10135,#10136,#10137,#10138,
    #10139,#10140,#10141));
#10112 = ORIENTED_EDGE('',*,*,#10113,.F.);
#10113 = EDGE_CURVE('',#3191,#8471,#10114,.T.);
#10114 = SURFACE_CURVE('',#10115,(#10119,#10126),.PCURVE_S1.);
#10115 = LINE('',#10116,#10117);
#10116 = CARTESIAN_POINT('',(33.,-46.95,1.));
#10117 = VECTOR('',#10118,1.);
#10118 = DIRECTION('',(0.,0.,1.));
#10119 = PCURVE('',#3231,#10120);
#10120 = DEFINITIONAL_REPRESENTATION('',(#10121),#10125);
#10121 = LINE('',#10122,#10123);
#10122 = CARTESIAN_POINT('',(0.,0.));
#10123 = VECTOR('',#10124,1.);
#10124 = DIRECTION('',(1.,0.));
#10125 = ( GEOMETRIC_REPRESENTATION_CONTEXT(2) 
PARAMETRIC_REPRESENTATION_CONTEXT() REPRESENTATION_CONTEXT('2D SPACE',''
  ) );
#10126 = PCURVE('',#3205,#10127);
#10127 = DEFINITIONAL_REPRESENTATION('',(#10128),#10132);
#10128 = LINE('',#10129,#10130);
#10129 = CARTESIAN_POINT('',(0.,0.));
#10130 = VECTOR('',#10131,1.);
#10131 = DIRECTION('',(1.,0.));
#10132 = ( GEOMETRIC_REPRESENTATION_CONTEXT(2) 
PARAMETRIC_REPRESENTATION_CONTEXT() REPRESENTATION_CONTEXT('2D SPACE',''
  ) );
#10133 = ORIENTED_EDGE('',*,*,#3216,.T.);
#10134 = ORIENTED_EDGE('',*,*,#10088,.T.);
#10135 = ORIENTED_EDGE('',*,*,#6359,.T.);
#10136 = ORIENTED_EDGE('',*,*,#6313,.T.);
#10137 = ORIENTED_EDGE('',*,*,#6207,.F.);
#10138 = ORIENTED_EDGE('',*,*,#5922,.F.);
#10139 = ORIENTED_EDGE('',*,*,#8542,.T.);
#10140 = ORIENTED_EDGE('',*,*,#4758,.T.);
#10141 = ORIENTED_EDGE('',*,*,#8470,.F.);
#10142 = ADVANCED_FACE('',(#10143),#3282,.T.);
#10143 = FACE_BOUND('',#10144,.T.);
#10144 = EDGE_LOOP('',(#10145,#10166,#10167,#10168,#10169,#10170,#10171,
    #10172,#10173,#10174));
#10145 = ORIENTED_EDGE('',*,*,#10146,.F.);
#10146 = EDGE_CURVE('',#3189,#8494,#10147,.T.);
#10147 = SURFACE_CURVE('',#10148,(#10152,#10159),.PCURVE_S1.);
#10148 = LINE('',#10149,#10150);
#10149 = CARTESIAN_POINT('',(35.,-46.95,1.));
#10150 = VECTOR('',#10151,1.);
#10151 = DIRECTION('',(0.,0.,1.));
#10152 = PCURVE('',#3282,#10153);
#10153 = DEFINITIONAL_REPRESENTATION('',(#10154),#10158);
#10154 = LINE('',#10155,#10156);
#10155 = CARTESIAN_POINT('',(0.,0.));
#10156 = VECTOR('',#10157,1.);
#10157 = DIRECTION('',(1.,0.));
#10158 = ( GEOMETRIC_REPRESENTATION_CONTEXT(2) 
PARAMETRIC_REPRESENTATION_CONTEXT() REPRESENTATION_CONTEXT('2D SPACE',''
  ) );
#10159 = PCURVE('',#3205,#10160);
#10160 = DEFINITIONAL_REPRESENTATION('',(#10161),#10165);
#10161 = LINE('',#10162,#10163);
#10162 = CARTESIAN_POINT('',(0.,2.));
#10163 = VECTOR('',#10164,1.);
#10164 = DIRECTION('',(1.,0.));
#10165 = ( GEOMETRIC_REPRESENTATION_CONTEXT(2) 
PARAMETRIC_REPRESENTATION_CONTEXT() REPRESENTATION_CONTEXT('2D SPACE',''
  ) );
#10166 = ORIENTED_EDGE('',*,*,#3269,.T.);
#10167 = ORIENTED_EDGE('',*,*,#10066,.T.);
#10168 = ORIENTED_EDGE('',*,*,#6403,.T.);
#10169 = ORIENTED_EDGE('',*,*,#6335,.T.);
#10170 = ORIENTED_EDGE('',*,*,#6231,.F.);
#10171 = ORIENTED_EDGE('',*,*,#5874,.F.);
#10172 = ORIENTED_EDGE('',*,*,#8447,.T.);
#10173 = ORIENTED_EDGE('',*,*,#4709,.T.);
#10174 = ORIENTED_EDGE('',*,*,#8516,.T.);
#10175 = ADVANCED_FACE('',(#10176),#3205,.F.);
#10176 = FACE_BOUND('',#10177,.F.);
#10177 = EDGE_LOOP('',(#10178,#10179,#10180,#10181));
#10178 = ORIENTED_EDGE('',*,*,#10146,.F.);
#10179 = ORIENTED_EDGE('',*,*,#3188,.T.);
#10180 = ORIENTED_EDGE('',*,*,#10113,.T.);
#10181 = ORIENTED_EDGE('',*,*,#8493,.T.);
#10182 = ADVANCED_FACE('',(#10183),#544,.T.);
#10183 = FACE_BOUND('',#10184,.T.);
#10184 = EDGE_LOOP('',(#10185,#10204,#10205,#10206));
#10185 = ORIENTED_EDGE('',*,*,#10186,.T.);
#10186 = EDGE_CURVE('',#22,#9195,#10187,.T.);
#10187 = SEAM_CURVE('',#10188,(#10192,#10198),.PCURVE_S1.);
#10188 = ( BOUNDED_CURVE() B_SPLINE_CURVE(2,(#10189,#10190,#10191),
.UNSPECIFIED.,.F.,.F.) B_SPLINE_CURVE_WITH_KNOTS((3,3),(0.,
156.11359034423),.PIECEWISE_BEZIER_KNOTS.) CURVE() 
GEOMETRIC_REPRESENTATION_ITEM() RATIONAL_B_SPLINE_CURVE((1.,
0.707106781187,1.)) REPRESENTATION_ITEM('') );
#10189 = CARTESIAN_POINT('',(72.,-31.25,0.65));
#10190 = CARTESIAN_POINT('',(72.,-31.25,1.110223024625E-16));
#10191 = CARTESIAN_POINT('',(71.350000881688,-31.25107060451,0.));
#10192 = PCURVE('',#544,#10193);
#10193 = DEFINITIONAL_REPRESENTATION('',(#10194),#10197);
#10194 = B_SPLINE_CURVE_WITH_KNOTS('',1,(#10195,#10196),.UNSPECIFIED.,
  .F.,.F.,(2,2),(0.,156.11359034423),.PIECEWISE_BEZIER_KNOTS.);
#10195 = CARTESIAN_POINT('',(0.,9.869817311675E-16));
#10196 = CARTESIAN_POINT('',(156.11359034423,9.869817311675E-16));
#10197 = ( GEOMETRIC_REPRESENTATION_CONTEXT(2) 
PARAMETRIC_REPRESENTATION_CONTEXT() REPRESENTATION_CONTEXT('2D SPACE',''
  ) );
#10198 = PCURVE('',#544,#10199);
#10199 = DEFINITIONAL_REPRESENTATION('',(#10200),#10203);
#10200 = B_SPLINE_CURVE_WITH_KNOTS('',1,(#10201,#10202),.UNSPECIFIED.,
  .F.,.F.,(2,2),(0.,156.11359034423),.PIECEWISE_BEZIER_KNOTS.);
#10201 = CARTESIAN_POINT('',(0.,156.11359034423));
#10202 = CARTESIAN_POINT('',(156.11359034423,156.11359034423));
#10203 = ( GEOMETRIC_REPRESENTATION_CONTEXT(2) 
PARAMETRIC_REPRESENTATION_CONTEXT() REPRESENTATION_CONTEXT('2D SPACE',''
  ) );
#10204 = ORIENTED_EDGE('',*,*,#9194,.T.);
#10205 = ORIENTED_EDGE('',*,*,#10186,.F.);
#10206 = ORIENTED_EDGE('',*,*,#21,.F.);
#10207 = ( GEOMETRIC_REPRESENTATION_CONTEXT(3) 
GLOBAL_UNCERTAINTY_ASSIGNED_CONTEXT((#10211)) 
GLOBAL_UNIT_ASSIGNED_CONTEXT((#10208,#10209,#10210)) 
REPRESENTATION_CONTEXT('Context #1',
  '3D Context with UNIT and UNCERTAINTY') );
#10208 = ( LENGTH_UNIT() NAMED_UNIT(*) SI_UNIT(.MILLI.,.METRE.) );
#10209 = ( NAMED_UNIT(*) PLANE_ANGLE_UNIT() SI_UNIT($,.RADIAN.) );
#10210 = ( NAMED_UNIT(*) SI_UNIT($,.STERADIAN.) SOLID_ANGLE_UNIT() );
#10211 = UNCERTAINTY_MEASURE_WITH_UNIT(LENGTH_MEASURE(1.E-06),#10208,
  'distance_accuracy_value','confusion accuracy');
#10212 = PRODUCT_RELATED_PRODUCT_CATEGORY('part',$,(#7));
ENDSEC;
END-ISO-10303-21;
