ISO-10303-21;
HEADER;
FILE_DESCRIPTION(('Open CASCADE Model'),'2;1');
FILE_NAME('Open CASCADE Shape Model','2026-08-27T23:04:55',('Author'),(
    'Open CASCADE'),'Open CASCADE STEP processor 7.8','Open CASCADE 7.8'
  ,'Unknown');
FILE_SCHEMA(('AUTOMOTIVE_DESIGN { 1 0 10303 214 1 1 1 1 }'));
ENDSEC;
DATA;
#1 = APPLICATION_PROTOCOL_DEFINITION('international standard',
  'automotive_design',2000,#2);
#2 = APPLICATION_CONTEXT(
  'core data for automotive mechanical design processes');
#3 = SHAPE_DEFINITION_REPRESENTATION(#4,#10);
#4 = PRODUCT_DEFINITION_SHAPE('','',#5);
#5 = PRODUCT_DEFINITION('design','',#6,#9);
#6 = PRODUCT_DEFINITION_FORMATION('','',#7);
#7 = PRODUCT('Open CASCADE STEP translator 7.8 20',
  'Open CASCADE STEP translator 7.8 20','',(#8));
#8 = PRODUCT_CONTEXT('',#2,'mechanical');
#9 = PRODUCT_DEFINITION_CONTEXT('part definition',#2,'design');
#10 = ADVANCED_BREP_SHAPE_REPRESENTATION('',(#11,#15),#2265);
#11 = AXIS2_PLACEMENT_3D('',#12,#13,#14);
#12 = CARTESIAN_POINT('',(0.,0.,0.));
#13 = DIRECTION('',(0.,0.,1.));
#14 = DIRECTION('',(1.,0.,-0.));
#15 = MANIFOLD_SOLID_BREP('',#16);
#16 = CLOSED_SHELL('',(#17,#137,#963,#1013,#1067,#1361,#1388,#1486,#1513
    ,#1540,#1547,#1626,#1676,#1727,#1782,#1838,#1888,#1939,#1966,#2015,
    #2065,#2114,#2168,#2195,#2204,#2231,#2258));
#17 = ADVANCED_FACE('',(#18),#32,.F.);
#18 = FACE_BOUND('',#19,.F.);
#19 = EDGE_LOOP('',(#20,#55,#83,#111));
#20 = ORIENTED_EDGE('',*,*,#21,.F.);
#21 = EDGE_CURVE('',#22,#24,#26,.T.);
#22 = VERTEX_POINT('',#23);
#23 = CARTESIAN_POINT('',(-45.,-30.,31.));
#24 = VERTEX_POINT('',#25);
#25 = CARTESIAN_POINT('',(-45.,30.,31.));
#26 = SURFACE_CURVE('',#27,(#31,#43),.PCURVE_S1.);
#27 = LINE('',#28,#29);
#28 = CARTESIAN_POINT('',(-45.,-35.,31.));
#29 = VECTOR('',#30,1.);
#30 = DIRECTION('',(0.,1.,0.));
#31 = PCURVE('',#32,#37);
#32 = PLANE('',#33);
#33 = AXIS2_PLACEMENT_3D('',#34,#35,#36);
#34 = CARTESIAN_POINT('',(-45.,-35.,0.));
#35 = DIRECTION('',(1.,0.,0.));
#36 = DIRECTION('',(0.,0.,1.));
#37 = DEFINITIONAL_REPRESENTATION('',(#38),#42);
#38 = LINE('',#39,#40);
#39 = CARTESIAN_POINT('',(31.,0.));
#40 = VECTOR('',#41,1.);
#41 = DIRECTION('',(0.,-1.));
#42 = ( GEOMETRIC_REPRESENTATION_CONTEXT(2) 
PARAMETRIC_REPRESENTATION_CONTEXT() REPRESENTATION_CONTEXT('2D SPACE',''
  ) );
#43 = PCURVE('',#44,#49);
#44 = PLANE('',#45);
#45 = AXIS2_PLACEMENT_3D('',#46,#47,#48);
#46 = CARTESIAN_POINT('',(-45.,-35.,31.));
#47 = DIRECTION('',(0.,0.,1.));
#48 = DIRECTION('',(1.,0.,0.));
#49 = DEFINITIONAL_REPRESENTATION('',(#50),#54);
#50 = LINE('',#51,#52);
#51 = CARTESIAN_POINT('',(0.,0.));
#52 = VECTOR('',#53,1.);
#53 = DIRECTION('',(0.,1.));
#54 = ( GEOMETRIC_REPRESENTATION_CONTEXT(2) 
PARAMETRIC_REPRESENTATION_CONTEXT() REPRESENTATION_CONTEXT('2D SPACE',''
  ) );
#55 = ORIENTED_EDGE('',*,*,#56,.F.);
#56 = EDGE_CURVE('',#57,#22,#59,.T.);
#57 = VERTEX_POINT('',#58);
#58 = CARTESIAN_POINT('',(-45.,-30.,0.));
#59 = SURFACE_CURVE('',#60,(#64,#71),.PCURVE_S1.);
#60 = LINE('',#61,#62);
#61 = CARTESIAN_POINT('',(-45.,-30.,0.));
#62 = VECTOR('',#63,1.);
#63 = DIRECTION('',(0.,0.,1.));
#64 = PCURVE('',#32,#65);
#65 = DEFINITIONAL_REPRESENTATION('',(#66),#70);
#66 = LINE('',#67,#68);
#67 = CARTESIAN_POINT('',(0.,-5.));
#68 = VECTOR('',#69,1.);
#69 = DIRECTION('',(1.,0.));
#70 = ( GEOMETRIC_REPRESENTATION_CONTEXT(2) 
PARAMETRIC_REPRESENTATION_CONTEXT() REPRESENTATION_CONTEXT('2D SPACE',''
  ) );
#71 = PCURVE('',#72,#77);
#72 = CYLINDRICAL_SURFACE('',#73,5.);
#73 = AXIS2_PLACEMENT_3D('',#74,#75,#76);
#74 = CARTESIAN_POINT('',(-40.,-30.,0.));
#75 = DIRECTION('',(0.,0.,1.));
#76 = DIRECTION('',(-1.,-0.,0.));
#77 = DEFINITIONAL_REPRESENTATION('',(#78),#82);
#78 = LINE('',#79,#80);
#79 = CARTESIAN_POINT('',(0.,0.));
#80 = VECTOR('',#81,1.);
#81 = DIRECTION('',(0.,1.));
#82 = ( GEOMETRIC_REPRESENTATION_CONTEXT(2) 
PARAMETRIC_REPRESENTATION_CONTEXT() REPRESENTATION_CONTEXT('2D SPACE',''
  ) );
#83 = ORIENTED_EDGE('',*,*,#84,.T.);
#84 = EDGE_CURVE('',#57,#85,#87,.T.);
#85 = VERTEX_POINT('',#86);
#86 = CARTESIAN_POINT('',(-45.,30.,0.));
#87 = SURFACE_CURVE('',#88,(#92,#99),.PCURVE_S1.);
#88 = LINE('',#89,#90);
#89 = CARTESIAN_POINT('',(-45.,-35.,0.));
#90 = VECTOR('',#91,1.);
#91 = DIRECTION('',(0.,1.,0.));
#92 = PCURVE('',#32,#93);
#93 = DEFINITIONAL_REPRESENTATION('',(#94),#98);
#94 = LINE('',#95,#96);
#95 = CARTESIAN_POINT('',(0.,0.));
#96 = VECTOR('',#97,1.);
#97 = DIRECTION('',(0.,-1.));
#98 = ( GEOMETRIC_REPRESENTATION_CONTEXT(2) 
PARAMETRIC_REPRESENTATION_CONTEXT() REPRESENTATION_CONTEXT('2D SPACE',''
  ) );
#99 = PCURVE('',#100,#105);
#100 = PLANE('',#101);
#101 = AXIS2_PLACEMENT_3D('',#102,#103,#104);
#102 = CARTESIAN_POINT('',(-45.,-35.,0.));
#103 = DIRECTION('',(0.,0.,1.));
#104 = DIRECTION('',(1.,0.,0.));
#105 = DEFINITIONAL_REPRESENTATION('',(#106),#110);
#106 = LINE('',#107,#108);
#107 = CARTESIAN_POINT('',(0.,0.));
#108 = VECTOR('',#109,1.);
#109 = DIRECTION('',(0.,1.));
#110 = ( GEOMETRIC_REPRESENTATION_CONTEXT(2) 
PARAMETRIC_REPRESENTATION_CONTEXT() REPRESENTATION_CONTEXT('2D SPACE',''
  ) );
#111 = ORIENTED_EDGE('',*,*,#112,.T.);
#112 = EDGE_CURVE('',#85,#24,#113,.T.);
#113 = SURFACE_CURVE('',#114,(#118,#125),.PCURVE_S1.);
#114 = LINE('',#115,#116);
#115 = CARTESIAN_POINT('',(-45.,30.,0.));
#116 = VECTOR('',#117,1.);
#117 = DIRECTION('',(0.,0.,1.));
#118 = PCURVE('',#32,#119);
#119 = DEFINITIONAL_REPRESENTATION('',(#120),#124);
#120 = LINE('',#121,#122);
#121 = CARTESIAN_POINT('',(0.,-65.));
#122 = VECTOR('',#123,1.);
#123 = DIRECTION('',(1.,0.));
#124 = ( GEOMETRIC_REPRESENTATION_CONTEXT(2) 
PARAMETRIC_REPRESENTATION_CONTEXT() REPRESENTATION_CONTEXT('2D SPACE',''
  ) );
#125 = PCURVE('',#126,#131);
#126 = CYLINDRICAL_SURFACE('',#127,5.);
#127 = AXIS2_PLACEMENT_3D('',#128,#129,#130);
#128 = CARTESIAN_POINT('',(-40.,30.,0.));
#129 = DIRECTION('',(0.,0.,1.));
#130 = DIRECTION('',(-1.,-0.,0.));
#131 = DEFINITIONAL_REPRESENTATION('',(#132),#136);
#132 = LINE('',#133,#134);
#133 = CARTESIAN_POINT('',(-0.,0.));
#134 = VECTOR('',#135,1.);
#135 = DIRECTION('',(-0.,1.));
#136 = ( GEOMETRIC_REPRESENTATION_CONTEXT(2) 
PARAMETRIC_REPRESENTATION_CONTEXT() REPRESENTATION_CONTEXT('2D SPACE',''
  ) );
#137 = ADVANCED_FACE('',(#138,#337),#44,.T.);
#138 = FACE_BOUND('',#139,.T.);
#139 = EDGE_LOOP('',(#140,#141,#165,#193,#226,#254,#283,#311));
#140 = ORIENTED_EDGE('',*,*,#21,.F.);
#141 = ORIENTED_EDGE('',*,*,#142,.T.);
#142 = EDGE_CURVE('',#22,#143,#145,.T.);
#143 = VERTEX_POINT('',#144);
#144 = CARTESIAN_POINT('',(-40.,-35.,31.));
#145 = SURFACE_CURVE('',#146,(#151,#158),.PCURVE_S1.);
#146 = CIRCLE('',#147,5.);
#147 = AXIS2_PLACEMENT_3D('',#148,#149,#150);
#148 = CARTESIAN_POINT('',(-40.,-30.,31.));
#149 = DIRECTION('',(0.,0.,1.));
#150 = DIRECTION('',(0.,-1.,0.));
#151 = PCURVE('',#44,#152);
#152 = DEFINITIONAL_REPRESENTATION('',(#153),#157);
#153 = CIRCLE('',#154,5.);
#154 = AXIS2_PLACEMENT_2D('',#155,#156);
#155 = CARTESIAN_POINT('',(5.,5.));
#156 = DIRECTION('',(0.,-1.));
#157 = ( GEOMETRIC_REPRESENTATION_CONTEXT(2) 
PARAMETRIC_REPRESENTATION_CONTEXT() REPRESENTATION_CONTEXT('2D SPACE',''
  ) );
#158 = PCURVE('',#72,#159);
#159 = DEFINITIONAL_REPRESENTATION('',(#160),#164);
#160 = LINE('',#161,#162);
#161 = CARTESIAN_POINT('',(-4.712388980385,31.));
#162 = VECTOR('',#163,1.);
#163 = DIRECTION('',(1.,0.));
#164 = ( GEOMETRIC_REPRESENTATION_CONTEXT(2) 
PARAMETRIC_REPRESENTATION_CONTEXT() REPRESENTATION_CONTEXT('2D SPACE',''
  ) );
#165 = ORIENTED_EDGE('',*,*,#166,.T.);
#166 = EDGE_CURVE('',#143,#167,#169,.T.);
#167 = VERTEX_POINT('',#168);
#168 = CARTESIAN_POINT('',(40.,-35.,31.));
#169 = SURFACE_CURVE('',#170,(#174,#181),.PCURVE_S1.);
#170 = LINE('',#171,#172);
#171 = CARTESIAN_POINT('',(-45.,-35.,31.));
#172 = VECTOR('',#173,1.);
#173 = DIRECTION('',(1.,0.,0.));
#174 = PCURVE('',#44,#175);
#175 = DEFINITIONAL_REPRESENTATION('',(#176),#180);
#176 = LINE('',#177,#178);
#177 = CARTESIAN_POINT('',(0.,0.));
#178 = VECTOR('',#179,1.);
#179 = DIRECTION('',(1.,0.));
#180 = ( GEOMETRIC_REPRESENTATION_CONTEXT(2) 
PARAMETRIC_REPRESENTATION_CONTEXT() REPRESENTATION_CONTEXT('2D SPACE',''
  ) );
#181 = PCURVE('',#182,#187);
#182 = PLANE('',#183);
#183 = AXIS2_PLACEMENT_3D('',#184,#185,#186);
#184 = CARTESIAN_POINT('',(-45.,-35.,0.));
#185 = DIRECTION('',(0.,1.,0.));
#186 = DIRECTION('',(0.,0.,1.));
#187 = DEFINITIONAL_REPRESENTATION('',(#188),#192);
#188 = LINE('',#189,#190);
#189 = CARTESIAN_POINT('',(31.,0.));
#190 = VECTOR('',#191,1.);
#191 = DIRECTION('',(0.,1.));
#192 = ( GEOMETRIC_REPRESENTATION_CONTEXT(2) 
PARAMETRIC_REPRESENTATION_CONTEXT() REPRESENTATION_CONTEXT('2D SPACE',''
  ) );
#193 = ORIENTED_EDGE('',*,*,#194,.F.);
#194 = EDGE_CURVE('',#195,#167,#197,.T.);
#195 = VERTEX_POINT('',#196);
#196 = CARTESIAN_POINT('',(45.,-30.,31.));
#197 = SURFACE_CURVE('',#198,(#203,#214),.PCURVE_S1.);
#198 = CIRCLE('',#199,5.);
#199 = AXIS2_PLACEMENT_3D('',#200,#201,#202);
#200 = CARTESIAN_POINT('',(40.,-30.,31.));
#201 = DIRECTION('',(-0.,-0.,-1.));
#202 = DIRECTION('',(0.,-1.,0.));
#203 = PCURVE('',#44,#204);
#204 = DEFINITIONAL_REPRESENTATION('',(#205),#213);
#205 = ( BOUNDED_CURVE() B_SPLINE_CURVE(2,(#206,#207,#208,#209,#210,#211
,#212),.UNSPECIFIED.,.T.,.F.) B_SPLINE_CURVE_WITH_KNOTS((1,2,2,2,2,1),(
    -2.094395102393,0.,2.094395102393,4.188790204786,6.28318530718,
8.377580409573),.UNSPECIFIED.) CURVE() GEOMETRIC_REPRESENTATION_ITEM() 
RATIONAL_B_SPLINE_CURVE((1.,0.5,1.,0.5,1.,0.5,1.)) REPRESENTATION_ITEM(
  '') );
#206 = CARTESIAN_POINT('',(85.,0.));
#207 = CARTESIAN_POINT('',(76.339745962156,0.));
#208 = CARTESIAN_POINT('',(80.669872981078,7.5));
#209 = CARTESIAN_POINT('',(85.,15.));
#210 = CARTESIAN_POINT('',(89.330127018922,7.5));
#211 = CARTESIAN_POINT('',(93.660254037844,7.993605777301E-15));
#212 = CARTESIAN_POINT('',(85.,0.));
#213 = ( GEOMETRIC_REPRESENTATION_CONTEXT(2) 
PARAMETRIC_REPRESENTATION_CONTEXT() REPRESENTATION_CONTEXT('2D SPACE',''
  ) );
#214 = PCURVE('',#215,#220);
#215 = CYLINDRICAL_SURFACE('',#216,5.);
#216 = AXIS2_PLACEMENT_3D('',#217,#218,#219);
#217 = CARTESIAN_POINT('',(40.,-30.,0.));
#218 = DIRECTION('',(0.,0.,1.));
#219 = DIRECTION('',(1.,0.,-0.));
#220 = DEFINITIONAL_REPRESENTATION('',(#221),#225);
#221 = LINE('',#222,#223);
#222 = CARTESIAN_POINT('',(4.712388980385,31.));
#223 = VECTOR('',#224,1.);
#224 = DIRECTION('',(-1.,0.));
#225 = ( GEOMETRIC_REPRESENTATION_CONTEXT(2) 
PARAMETRIC_REPRESENTATION_CONTEXT() REPRESENTATION_CONTEXT('2D SPACE',''
  ) );
#226 = ORIENTED_EDGE('',*,*,#227,.T.);
#227 = EDGE_CURVE('',#195,#228,#230,.T.);
#228 = VERTEX_POINT('',#229);
#229 = CARTESIAN_POINT('',(45.,30.,31.));
#230 = SURFACE_CURVE('',#231,(#235,#242),.PCURVE_S1.);
#231 = LINE('',#232,#233);
#232 = CARTESIAN_POINT('',(45.,-35.,31.));
#233 = VECTOR('',#234,1.);
#234 = DIRECTION('',(0.,1.,0.));
#235 = PCURVE('',#44,#236);
#236 = DEFINITIONAL_REPRESENTATION('',(#237),#241);
#237 = LINE('',#238,#239);
#238 = CARTESIAN_POINT('',(90.,0.));
#239 = VECTOR('',#240,1.);
#240 = DIRECTION('',(0.,1.));
#241 = ( GEOMETRIC_REPRESENTATION_CONTEXT(2) 
PARAMETRIC_REPRESENTATION_CONTEXT() REPRESENTATION_CONTEXT('2D SPACE',''
  ) );
#242 = PCURVE('',#243,#248);
#243 = PLANE('',#244);
#244 = AXIS2_PLACEMENT_3D('',#245,#246,#247);
#245 = CARTESIAN_POINT('',(45.,-35.,0.));
#246 = DIRECTION('',(1.,0.,0.));
#247 = DIRECTION('',(0.,0.,1.));
#248 = DEFINITIONAL_REPRESENTATION('',(#249),#253);
#249 = LINE('',#250,#251);
#250 = CARTESIAN_POINT('',(31.,0.));
#251 = VECTOR('',#252,1.);
#252 = DIRECTION('',(0.,-1.));
#253 = ( GEOMETRIC_REPRESENTATION_CONTEXT(2) 
PARAMETRIC_REPRESENTATION_CONTEXT() REPRESENTATION_CONTEXT('2D SPACE',''
  ) );
#254 = ORIENTED_EDGE('',*,*,#255,.T.);
#255 = EDGE_CURVE('',#228,#256,#258,.T.);
#256 = VERTEX_POINT('',#257);
#257 = CARTESIAN_POINT('',(40.,35.,31.));
#258 = SURFACE_CURVE('',#259,(#264,#271),.PCURVE_S1.);
#259 = CIRCLE('',#260,5.);
#260 = AXIS2_PLACEMENT_3D('',#261,#262,#263);
#261 = CARTESIAN_POINT('',(40.,30.,31.));
#262 = DIRECTION('',(0.,0.,1.));
#263 = DIRECTION('',(0.,-1.,0.));
#264 = PCURVE('',#44,#265);
#265 = DEFINITIONAL_REPRESENTATION('',(#266),#270);
#266 = CIRCLE('',#267,5.);
#267 = AXIS2_PLACEMENT_2D('',#268,#269);
#268 = CARTESIAN_POINT('',(85.,65.));
#269 = DIRECTION('',(0.,-1.));
#270 = ( GEOMETRIC_REPRESENTATION_CONTEXT(2) 
PARAMETRIC_REPRESENTATION_CONTEXT() REPRESENTATION_CONTEXT('2D SPACE',''
  ) );
#271 = PCURVE('',#272,#277);
#272 = CYLINDRICAL_SURFACE('',#273,5.);
#273 = AXIS2_PLACEMENT_3D('',#274,#275,#276);
#274 = CARTESIAN_POINT('',(40.,30.,0.));
#275 = DIRECTION('',(0.,0.,1.));
#276 = DIRECTION('',(1.,0.,-0.));
#277 = DEFINITIONAL_REPRESENTATION('',(#278),#282);
#278 = LINE('',#279,#280);
#279 = CARTESIAN_POINT('',(-1.570796326795,31.));
#280 = VECTOR('',#281,1.);
#281 = DIRECTION('',(1.,0.));
#282 = ( GEOMETRIC_REPRESENTATION_CONTEXT(2) 
PARAMETRIC_REPRESENTATION_CONTEXT() REPRESENTATION_CONTEXT('2D SPACE',''
  ) );
#283 = ORIENTED_EDGE('',*,*,#284,.F.);
#284 = EDGE_CURVE('',#285,#256,#287,.T.);
#285 = VERTEX_POINT('',#286);
#286 = CARTESIAN_POINT('',(-40.,35.,31.));
#287 = SURFACE_CURVE('',#288,(#292,#299),.PCURVE_S1.);
#288 = LINE('',#289,#290);
#289 = CARTESIAN_POINT('',(-45.,35.,31.));
#290 = VECTOR('',#291,1.);
#291 = DIRECTION('',(1.,0.,0.));
#292 = PCURVE('',#44,#293);
#293 = DEFINITIONAL_REPRESENTATION('',(#294),#298);
#294 = LINE('',#295,#296);
#295 = CARTESIAN_POINT('',(0.,70.));
#296 = VECTOR('',#297,1.);
#297 = DIRECTION('',(1.,0.));
#298 = ( GEOMETRIC_REPRESENTATION_CONTEXT(2) 
PARAMETRIC_REPRESENTATION_CONTEXT() REPRESENTATION_CONTEXT('2D SPACE',''
  ) );
#299 = PCURVE('',#300,#305);
#300 = PLANE('',#301);
#301 = AXIS2_PLACEMENT_3D('',#302,#303,#304);
#302 = CARTESIAN_POINT('',(-45.,35.,0.));
#303 = DIRECTION('',(0.,1.,0.));
#304 = DIRECTION('',(0.,0.,1.));
#305 = DEFINITIONAL_REPRESENTATION('',(#306),#310);
#306 = LINE('',#307,#308);
#307 = CARTESIAN_POINT('',(31.,0.));
#308 = VECTOR('',#309,1.);
#309 = DIRECTION('',(0.,1.));
#310 = ( GEOMETRIC_REPRESENTATION_CONTEXT(2) 
PARAMETRIC_REPRESENTATION_CONTEXT() REPRESENTATION_CONTEXT('2D SPACE',''
  ) );
#311 = ORIENTED_EDGE('',*,*,#312,.F.);
#312 = EDGE_CURVE('',#24,#285,#313,.T.);
#313 = SURFACE_CURVE('',#314,(#319,#330),.PCURVE_S1.);
#314 = CIRCLE('',#315,5.);
#315 = AXIS2_PLACEMENT_3D('',#316,#317,#318);
#316 = CARTESIAN_POINT('',(-40.,30.,31.));
#317 = DIRECTION('',(-0.,-0.,-1.));
#318 = DIRECTION('',(0.,-1.,0.));
#319 = PCURVE('',#44,#320);
#320 = DEFINITIONAL_REPRESENTATION('',(#321),#329);
#321 = ( BOUNDED_CURVE() B_SPLINE_CURVE(2,(#322,#323,#324,#325,#326,#327
,#328),.UNSPECIFIED.,.T.,.F.) B_SPLINE_CURVE_WITH_KNOTS((1,2,2,2,2,1),(
    -2.094395102393,0.,2.094395102393,4.188790204786,6.28318530718,
8.377580409573),.UNSPECIFIED.) CURVE() GEOMETRIC_REPRESENTATION_ITEM() 
RATIONAL_B_SPLINE_CURVE((1.,0.5,1.,0.5,1.,0.5,1.)) REPRESENTATION_ITEM(
  '') );
#322 = CARTESIAN_POINT('',(5.,60.));
#323 = CARTESIAN_POINT('',(-3.660254037844,60.));
#324 = CARTESIAN_POINT('',(0.669872981078,67.5));
#325 = CARTESIAN_POINT('',(5.,75.));
#326 = CARTESIAN_POINT('',(9.330127018922,67.5));
#327 = CARTESIAN_POINT('',(13.660254037844,60.));
#328 = CARTESIAN_POINT('',(5.,60.));
#329 = ( GEOMETRIC_REPRESENTATION_CONTEXT(2) 
PARAMETRIC_REPRESENTATION_CONTEXT() REPRESENTATION_CONTEXT('2D SPACE',''
  ) );
#330 = PCURVE('',#126,#331);
#331 = DEFINITIONAL_REPRESENTATION('',(#332),#336);
#332 = LINE('',#333,#334);
#333 = CARTESIAN_POINT('',(1.570796326795,31.));
#334 = VECTOR('',#335,1.);
#335 = DIRECTION('',(-1.,0.));
#336 = ( GEOMETRIC_REPRESENTATION_CONTEXT(2) 
PARAMETRIC_REPRESENTATION_CONTEXT() REPRESENTATION_CONTEXT('2D SPACE',''
  ) );
#337 = FACE_BOUND('',#338,.T.);
#338 = EDGE_LOOP('',(#339,#471,#497,#627,#653,#783,#809,#939));
#339 = ORIENTED_EDGE('',*,*,#340,.F.);
#340 = EDGE_CURVE('',#341,#343,#345,.T.);
#341 = VERTEX_POINT('',#342);
#342 = CARTESIAN_POINT('',(-20.96992462264,-4.3,31.));
#343 = VERTEX_POINT('',#344);
#344 = CARTESIAN_POINT('',(-17.34307490277,-5.8,31.));
#345 = SURFACE_CURVE('',#346,(#384,#425),.PCURVE_S1.);
#346 = B_SPLINE_CURVE_WITH_KNOTS('',8,(#347,#348,#349,#350,#351,#352,
    #353,#354,#355,#356,#357,#358,#359,#360,#361,#362,#363,#364,#365,
    #366,#367,#368,#369,#370,#371,#372,#373,#374,#375,#376,#377,#378,
    #379,#380,#381,#382,#383),.UNSPECIFIED.,.F.,.F.,(9,7,7,7,7,9),(0.,
    0.15272466934,0.265328330311,0.446865572964,0.909048799679,1.),
  .UNSPECIFIED.);
#347 = CARTESIAN_POINT('',(-20.96992462264,-4.3,31.));
#348 = CARTESIAN_POINT('',(-20.96992462264,-4.373163927361,31.));
#349 = CARTESIAN_POINT('',(-20.96254639461,-4.446365052889,31.));
#350 = CARTESIAN_POINT('',(-20.94777706278,-4.518821291583,31.));
#351 = CARTESIAN_POINT('',(-20.92589669117,-4.589885512931,31.));
#352 = CARTESIAN_POINT('',(-20.89736130611,-4.659033249363,31.));
#353 = CARTESIAN_POINT('',(-20.86273614758,-4.725853466662,31.));
#354 = CARTESIAN_POINT('',(-20.82265404563,-4.790039996983,31.));
#355 = CARTESIAN_POINT('',(-20.74468369558,-4.896608034463,31.));
#356 = CARTESIAN_POINT('',(-20.70896056676,-4.940321365114,31.));
#357 = CARTESIAN_POINT('',(-20.67083618549,-4.98246932663,31.));
#358 = CARTESIAN_POINT('',(-20.63053389386,-5.023025560665,31.));
#359 = CARTESIAN_POINT('',(-20.58826421042,-5.061985502435,31.));
#360 = CARTESIAN_POINT('',(-20.54422041871,-5.099362632201,31.));
#361 = CARTESIAN_POINT('',(-20.49857415588,-5.135184726766,31.));
#362 = CARTESIAN_POINT('',(-20.37553229073,-5.224796526403,31.));
#363 = CARTESIAN_POINT('',(-20.29584430989,-5.276134665223,31.));
#364 = CARTESIAN_POINT('',(-20.21300434191,-5.323688357891,31.));
#365 = CARTESIAN_POINT('',(-20.12752267771,-5.367649035682,31.));
#366 = CARTESIAN_POINT('',(-20.03982801189,-5.408216306403,31.));
#367 = CARTESIAN_POINT('',(-19.95026967287,-5.445595857382,31.));
#368 = CARTESIAN_POINT('',(-19.85911668731,-5.479994685693,31.));
#369 = CARTESIAN_POINT('',(-19.53089366015,-5.592113708076,31.));
#370 = CARTESIAN_POINT('',(-19.28671306067,-5.654386109642,31.));
#371 = CARTESIAN_POINT('',(-19.03695665479,-5.701974948343,31.));
#372 = CARTESIAN_POINT('',(-18.7835741441,-5.737239590002,31.));
#373 = CARTESIAN_POINT('',(-18.52798186118,-5.762465367288,31.));
#374 = CARTESIAN_POINT('',(-18.27095189271,-5.779537414497,31.));
#375 = CARTESIAN_POINT('',(-18.01273234138,-5.790169272225,31.));
#376 = CARTESIAN_POINT('',(-17.70188423095,-5.796955493831,31.));
#377 = CARTESIAN_POINT('',(-17.65073196658,-5.797878839115,31.));
#378 = CARTESIAN_POINT('',(-17.59954169992,-5.798621131299,31.));
#379 = CARTESIAN_POINT('',(-17.54831515906,-5.799193570496,31.));
#380 = CARTESIAN_POINT('',(-17.49705390316,-5.799607105397,31.));
#381 = CARTESIAN_POINT('',(-17.44575932244,-5.799872433279,31.));
#382 = CARTESIAN_POINT('',(-17.39443263819,-5.8,31.));
#383 = CARTESIAN_POINT('',(-17.34307490277,-5.8,31.));
#384 = PCURVE('',#44,#385);
#385 = DEFINITIONAL_REPRESENTATION('',(#386),#424);
#386 = B_SPLINE_CURVE_WITH_KNOTS('',8,(#387,#388,#389,#390,#391,#392,
    #393,#394,#395,#396,#397,#398,#399,#400,#401,#402,#403,#404,#405,
    #406,#407,#408,#409,#410,#411,#412,#413,#414,#415,#416,#417,#418,
    #419,#420,#421,#422,#423),.UNSPECIFIED.,.F.,.F.,(9,7,7,7,7,9),(0.,
    0.15272466934,0.265328330311,0.446865572964,0.909048799679,1.),
  .UNSPECIFIED.);
#387 = CARTESIAN_POINT('',(24.03007537736,30.7));
#388 = CARTESIAN_POINT('',(24.03007537736,30.626836072639));
#389 = CARTESIAN_POINT('',(24.037453605387,30.553634947111));
#390 = CARTESIAN_POINT('',(24.052222937214,30.481178708417));
#391 = CARTESIAN_POINT('',(24.074103308821,30.410114487069));
#392 = CARTESIAN_POINT('',(24.102638693889,30.340966750637));
#393 = CARTESIAN_POINT('',(24.137263852419,30.274146533338));
#394 = CARTESIAN_POINT('',(24.177345954368,30.209960003017));
#395 = CARTESIAN_POINT('',(24.255316304414,30.103391965537));
#396 = CARTESIAN_POINT('',(24.29103943324,30.059678634886));
#397 = CARTESIAN_POINT('',(24.32916381451,30.01753067337));
#398 = CARTESIAN_POINT('',(24.369466106134,29.976974439335));
#399 = CARTESIAN_POINT('',(24.411735789576,29.938014497565));
#400 = CARTESIAN_POINT('',(24.455779581285,29.900637367799));
#401 = CARTESIAN_POINT('',(24.501425844116,29.864815273234));
#402 = CARTESIAN_POINT('',(24.62446770927,29.775203473597));
#403 = CARTESIAN_POINT('',(24.704155690107,29.723865334777));
#404 = CARTESIAN_POINT('',(24.786995658087,29.676311642109));
#405 = CARTESIAN_POINT('',(24.872477322285,29.632350964318));
#406 = CARTESIAN_POINT('',(24.960171988107,29.591783693597));
#407 = CARTESIAN_POINT('',(25.049730327128,29.554404142618));
#408 = CARTESIAN_POINT('',(25.140883312689,29.520005314307));
#409 = CARTESIAN_POINT('',(25.469106339847,29.407886291924));
#410 = CARTESIAN_POINT('',(25.71328693933,29.345613890358));
#411 = CARTESIAN_POINT('',(25.963043345202,29.298025051657));
#412 = CARTESIAN_POINT('',(26.216425855892,29.262760409998));
#413 = CARTESIAN_POINT('',(26.472018138814,29.237534632712));
#414 = CARTESIAN_POINT('',(26.729048107289,29.220462585503));
#415 = CARTESIAN_POINT('',(26.987267658618,29.209830727775));
#416 = CARTESIAN_POINT('',(27.298115769049,29.203044506169));
#417 = CARTESIAN_POINT('',(27.349268033416,29.202121160885));
#418 = CARTESIAN_POINT('',(27.400458300073,29.201378868701));
#419 = CARTESIAN_POINT('',(27.451684840931,29.200806429504));
#420 = CARTESIAN_POINT('',(27.502946096834,29.200392894603));
#421 = CARTESIAN_POINT('',(27.554240677558,29.200127566721));
#422 = CARTESIAN_POINT('',(27.60556736181,29.2));
#423 = CARTESIAN_POINT('',(27.656925097228,29.2));
#424 = ( GEOMETRIC_REPRESENTATION_CONTEXT(2) 
PARAMETRIC_REPRESENTATION_CONTEXT() REPRESENTATION_CONTEXT('2D SPACE',''
  ) );
#425 = PCURVE('',#426,#431);
#426 = TOROIDAL_SURFACE('',#427,9.3,1.5);
#427 = AXIS2_PLACEMENT_3D('',#428,#429,#430);
#428 = CARTESIAN_POINT('',(-15.,-4.3,40.));
#429 = DIRECTION('',(0.,-1.,1.110223024625E-16));
#430 = DIRECTION('',(0.,1.110223024625E-16,1.));
#431 = DEFINITIONAL_REPRESENTATION('',(#432),#470);
#432 = B_SPLINE_CURVE_WITH_KNOTS('',8,(#433,#434,#435,#436,#437,#438,
    #439,#440,#441,#442,#443,#444,#445,#446,#447,#448,#449,#450,#451,
    #452,#453,#454,#455,#456,#457,#458,#459,#460,#461,#462,#463,#464,
    #465,#466,#467,#468,#469),.UNSPECIFIED.,.F.,.F.,(9,7,7,7,7,9),(0.,
    0.15272466934,0.265328330311,0.446865572964,0.909048799679,1.),
  .UNSPECIFIED.);
#433 = CARTESIAN_POINT('',(2.555907110133,0.));
#434 = CARTESIAN_POINT('',(2.555907110133,4.87759515741E-02));
#435 = CARTESIAN_POINT('',(2.556476419416,9.757669149163E-02));
#436 = CARTESIAN_POINT('',(2.55761602161,0.14605772079));
#437 = CARTESIAN_POINT('',(2.55930674271,0.193965027899));
#438 = CARTESIAN_POINT('',(2.56151818556,0.241099978032));
#439 = CARTESIAN_POINT('',(2.564212892758,0.287301873321));
#440 = CARTESIAN_POINT('',(2.567348382893,0.332440822494));
#441 = CARTESIAN_POINT('',(2.573483343273,0.408834589032));
#442 = CARTESIAN_POINT('',(2.576304089231,0.440645470791));
#443 = CARTESIAN_POINT('',(2.579326532536,0.471829769486));
#444 = CARTESIAN_POINT('',(2.582535776618,0.502379299148));
#445 = CARTESIAN_POINT('',(2.585917756574,0.532293350319));
#446 = CARTESIAN_POINT('',(2.589459557095,0.56157791782));
#447 = CARTESIAN_POINT('',(2.593149730371,0.590244928521));
#448 = CARTESIAN_POINT('',(2.60315145931,0.663559752743));
#449 = CARTESIAN_POINT('',(2.609681825305,0.707225924992));
#450 = CARTESIAN_POINT('',(2.616530358586,0.749397969333));
#451 = CARTESIAN_POINT('',(2.623663053529,0.790149185719));
#452 = CARTESIAN_POINT('',(2.631050863709,0.829547120797));
#453 = CARTESIAN_POINT('',(2.638669753384,0.867659450788));
#454 = CARTESIAN_POINT('',(2.646501189051,0.904556817043));
#455 = CARTESIAN_POINT('',(2.674981774058,1.031344787559));
#456 = CARTESIAN_POINT('',(2.696676024332,1.114740110242));
#457 = CARTESIAN_POINT('',(2.719420168677,1.191850036566));
#458 = CARTESIAN_POINT('',(2.74306783872,1.263152631641));
#459 = CARTESIAN_POINT('',(2.767491767033,1.329060728723));
#460 = CARTESIAN_POINT('',(2.792602827053,1.38978583291));
#461 = CARTESIAN_POINT('',(2.818352099223,1.445508940302));
#462 = CARTESIAN_POINT('',(2.849935581782,1.506294931722));
#463 = CARTESIAN_POINT('',(2.855151725309,1.516095261687));
#464 = CARTESIAN_POINT('',(2.860390330327,1.525700894547));
#465 = CARTESIAN_POINT('',(2.86565094806,1.535111623584));
#466 = CARTESIAN_POINT('',(2.870933130551,1.544327098067));
#467 = CARTESIAN_POINT('',(2.876236430665,1.553346823261));
#468 = CARTESIAN_POINT('',(2.881560402087,1.562170160421));
#469 = CARTESIAN_POINT('',(2.88690459932,1.570796326795));
#470 = ( GEOMETRIC_REPRESENTATION_CONTEXT(2) 
PARAMETRIC_REPRESENTATION_CONTEXT() REPRESENTATION_CONTEXT('2D SPACE',''
  ) );
#471 = ORIENTED_EDGE('',*,*,#472,.T.);
#472 = EDGE_CURVE('',#341,#473,#475,.T.);
#473 = VERTEX_POINT('',#474);
#474 = CARTESIAN_POINT('',(-20.96992462264,4.3,31.));
#475 = SURFACE_CURVE('',#476,(#480,#486),.PCURVE_S1.);
#476 = LINE('',#477,#478);
#477 = CARTESIAN_POINT('',(-20.96992462264,5.8,31.));
#478 = VECTOR('',#479,1.);
#479 = DIRECTION('',(-0.,1.,-1.110223024625E-16));
#480 = PCURVE('',#44,#481);
#481 = DEFINITIONAL_REPRESENTATION('',(#482),#485);
#482 = B_SPLINE_CURVE_WITH_KNOTS('',1,(#483,#484),.UNSPECIFIED.,.F.,.F.,
  (2,2),(-10.1000006,-1.4999994),.PIECEWISE_BEZIER_KNOTS.);
#483 = CARTESIAN_POINT('',(24.03007537736,30.6999994));
#484 = CARTESIAN_POINT('',(24.03007537736,39.3000006));
#485 = ( GEOMETRIC_REPRESENTATION_CONTEXT(2) 
PARAMETRIC_REPRESENTATION_CONTEXT() REPRESENTATION_CONTEXT('2D SPACE',''
  ) );
#486 = PCURVE('',#487,#492);
#487 = CYLINDRICAL_SURFACE('',#488,10.8);
#488 = AXIS2_PLACEMENT_3D('',#489,#490,#491);
#489 = CARTESIAN_POINT('',(-15.,5.8,40.));
#490 = DIRECTION('',(-0.,1.,-1.110223024625E-16));
#491 = DIRECTION('',(1.,0.,0.));
#492 = DEFINITIONAL_REPRESENTATION('',(#493),#496);
#493 = B_SPLINE_CURVE_WITH_KNOTS('',1,(#494,#495),.UNSPECIFIED.,.F.,.F.,
  (2,2),(-10.1000006,-1.4999994),.PIECEWISE_BEZIER_KNOTS.);
#494 = CARTESIAN_POINT('',(-4.126703436928,-10.1000006));
#495 = CARTESIAN_POINT('',(-4.126703436928,-1.4999994));
#496 = ( GEOMETRIC_REPRESENTATION_CONTEXT(2) 
PARAMETRIC_REPRESENTATION_CONTEXT() REPRESENTATION_CONTEXT('2D SPACE',''
  ) );
#497 = ORIENTED_EDGE('',*,*,#498,.T.);
#498 = EDGE_CURVE('',#473,#499,#501,.T.);
#499 = VERTEX_POINT('',#500);
#500 = CARTESIAN_POINT('',(-17.34307490277,5.8,31.));
#501 = SURFACE_CURVE('',#502,(#540,#581),.PCURVE_S1.);
#502 = B_SPLINE_CURVE_WITH_KNOTS('',8,(#503,#504,#505,#506,#507,#508,
    #509,#510,#511,#512,#513,#514,#515,#516,#517,#518,#519,#520,#521,
    #522,#523,#524,#525,#526,#527,#528,#529,#530,#531,#532,#533,#534,
    #535,#536,#537,#538,#539),.UNSPECIFIED.,.F.,.F.,(9,7,7,7,7,9),(0.,
    0.15272466934,0.265328330312,0.446865572965,0.909048799679,1.),
  .UNSPECIFIED.);
#503 = CARTESIAN_POINT('',(-20.96992462264,4.3,31.));
#504 = CARTESIAN_POINT('',(-20.96992462264,4.373163927361,31.));
#505 = CARTESIAN_POINT('',(-20.96254639461,4.446365052889,31.));
#506 = CARTESIAN_POINT('',(-20.94777706278,4.518821291583,31.));
#507 = CARTESIAN_POINT('',(-20.92589669117,4.589885512932,31.));
#508 = CARTESIAN_POINT('',(-20.89736130611,4.659033249363,31.));
#509 = CARTESIAN_POINT('',(-20.86273614758,4.725853466662,31.));
#510 = CARTESIAN_POINT('',(-20.82265404563,4.790039996983,31.));
#511 = CARTESIAN_POINT('',(-20.74468369558,4.896608034463,31.));
#512 = CARTESIAN_POINT('',(-20.70896056676,4.940321365114,31.));
#513 = CARTESIAN_POINT('',(-20.67083618549,4.98246932663,31.));
#514 = CARTESIAN_POINT('',(-20.63053389386,5.023025560665,31.));
#515 = CARTESIAN_POINT('',(-20.58826421042,5.061985502435,31.));
#516 = CARTESIAN_POINT('',(-20.54422041871,5.099362632201,31.));
#517 = CARTESIAN_POINT('',(-20.49857415588,5.135184726766,31.));
#518 = CARTESIAN_POINT('',(-20.37553229073,5.224796526403,31.));
#519 = CARTESIAN_POINT('',(-20.29584430989,5.276134665223,31.));
#520 = CARTESIAN_POINT('',(-20.21300434191,5.323688357891,31.));
#521 = CARTESIAN_POINT('',(-20.12752267771,5.367649035682,31.));
#522 = CARTESIAN_POINT('',(-20.03982801189,5.408216306403,31.));
#523 = CARTESIAN_POINT('',(-19.95026967287,5.445595857382,31.));
#524 = CARTESIAN_POINT('',(-19.85911668731,5.479994685693,31.));
#525 = CARTESIAN_POINT('',(-19.53089366015,5.592113708076,31.));
#526 = CARTESIAN_POINT('',(-19.28671306066,5.654386109643,31.));
#527 = CARTESIAN_POINT('',(-19.0369566548,5.701974948341,31.));
#528 = CARTESIAN_POINT('',(-18.7835741441,5.737239590004,31.));
#529 = CARTESIAN_POINT('',(-18.52798186118,5.762465367287,31.));
#530 = CARTESIAN_POINT('',(-18.27095189271,5.779537414497,31.));
#531 = CARTESIAN_POINT('',(-18.01273234138,5.790169272225,31.));
#532 = CARTESIAN_POINT('',(-17.70188423095,5.796955493831,31.));
#533 = CARTESIAN_POINT('',(-17.65073196658,5.797878839115,31.));
#534 = CARTESIAN_POINT('',(-17.59954169992,5.798621131299,31.));
#535 = CARTESIAN_POINT('',(-17.54831515906,5.799193570496,31.));
#536 = CARTESIAN_POINT('',(-17.49705390316,5.799607105397,31.));
#537 = CARTESIAN_POINT('',(-17.44575932244,5.799872433279,31.));
#538 = CARTESIAN_POINT('',(-17.39443263819,5.8,31.));
#539 = CARTESIAN_POINT('',(-17.34307490277,5.8,31.));
#540 = PCURVE('',#44,#541);
#541 = DEFINITIONAL_REPRESENTATION('',(#542),#580);
#542 = B_SPLINE_CURVE_WITH_KNOTS('',8,(#543,#544,#545,#546,#547,#548,
    #549,#550,#551,#552,#553,#554,#555,#556,#557,#558,#559,#560,#561,
    #562,#563,#564,#565,#566,#567,#568,#569,#570,#571,#572,#573,#574,
    #575,#576,#577,#578,#579),.UNSPECIFIED.,.F.,.F.,(9,7,7,7,7,9),(0.,
    0.15272466934,0.265328330312,0.446865572965,0.909048799679,1.),
  .UNSPECIFIED.);
#543 = CARTESIAN_POINT('',(24.03007537736,39.3));
#544 = CARTESIAN_POINT('',(24.03007537736,39.373163927361));
#545 = CARTESIAN_POINT('',(24.037453605387,39.446365052889));
#546 = CARTESIAN_POINT('',(24.052222937214,39.518821291583));
#547 = CARTESIAN_POINT('',(24.074103308821,39.589885512932));
#548 = CARTESIAN_POINT('',(24.102638693889,39.659033249363));
#549 = CARTESIAN_POINT('',(24.137263852419,39.725853466662));
#550 = CARTESIAN_POINT('',(24.177345954368,39.790039996983));
#551 = CARTESIAN_POINT('',(24.255316304414,39.896608034463));
#552 = CARTESIAN_POINT('',(24.29103943324,39.940321365114));
#553 = CARTESIAN_POINT('',(24.32916381451,39.98246932663));
#554 = CARTESIAN_POINT('',(24.369466106134,40.023025560665));
#555 = CARTESIAN_POINT('',(24.411735789576,40.061985502435));
#556 = CARTESIAN_POINT('',(24.455779581285,40.099362632201));
#557 = CARTESIAN_POINT('',(24.501425844116,40.135184726766));
#558 = CARTESIAN_POINT('',(24.62446770927,40.224796526403));
#559 = CARTESIAN_POINT('',(24.704155690107,40.276134665223));
#560 = CARTESIAN_POINT('',(24.786995658087,40.323688357891));
#561 = CARTESIAN_POINT('',(24.872477322285,40.367649035682));
#562 = CARTESIAN_POINT('',(24.960171988107,40.408216306403));
#563 = CARTESIAN_POINT('',(25.049730327128,40.445595857382));
#564 = CARTESIAN_POINT('',(25.14088331269,40.479994685693));
#565 = CARTESIAN_POINT('',(25.469106339847,40.592113708076));
#566 = CARTESIAN_POINT('',(25.713286939332,40.654386109643));
#567 = CARTESIAN_POINT('',(25.963043345198,40.701974948341));
#568 = CARTESIAN_POINT('',(26.216425855896,40.737239590004));
#569 = CARTESIAN_POINT('',(26.472018138812,40.762465367287));
#570 = CARTESIAN_POINT('',(26.729048107289,40.779537414497));
#571 = CARTESIAN_POINT('',(26.987267658618,40.790169272225));
#572 = CARTESIAN_POINT('',(27.298115769049,40.796955493831));
#573 = CARTESIAN_POINT('',(27.349268033416,40.797878839115));
#574 = CARTESIAN_POINT('',(27.400458300073,40.798621131299));
#575 = CARTESIAN_POINT('',(27.451684840931,40.799193570496));
#576 = CARTESIAN_POINT('',(27.502946096834,40.799607105397));
#577 = CARTESIAN_POINT('',(27.554240677558,40.799872433279));
#578 = CARTESIAN_POINT('',(27.60556736181,40.8));
#579 = CARTESIAN_POINT('',(27.656925097228,40.8));
#580 = ( GEOMETRIC_REPRESENTATION_CONTEXT(2) 
PARAMETRIC_REPRESENTATION_CONTEXT() REPRESENTATION_CONTEXT('2D SPACE',''
  ) );
#581 = PCURVE('',#582,#587);
#582 = TOROIDAL_SURFACE('',#583,9.3,1.5);
#583 = AXIS2_PLACEMENT_3D('',#584,#585,#586);
#584 = CARTESIAN_POINT('',(-15.,4.3,40.));
#585 = DIRECTION('',(-0.,1.,-1.110223024625E-16));
#586 = DIRECTION('',(0.,1.110223024625E-16,1.));
#587 = DEFINITIONAL_REPRESENTATION('',(#588),#626);
#588 = B_SPLINE_CURVE_WITH_KNOTS('',8,(#589,#590,#591,#592,#593,#594,
    #595,#596,#597,#598,#599,#600,#601,#602,#603,#604,#605,#606,#607,
    #608,#609,#610,#611,#612,#613,#614,#615,#616,#617,#618,#619,#620,
    #621,#622,#623,#624,#625),.UNSPECIFIED.,.F.,.F.,(9,7,7,7,7,9),(0.,
    0.15272466934,0.265328330312,0.446865572965,0.909048799679,1.),
  .UNSPECIFIED.);
#589 = CARTESIAN_POINT('',(-2.555907110133,0.));
#590 = CARTESIAN_POINT('',(-2.555907110133,4.877595157423E-02));
#591 = CARTESIAN_POINT('',(-2.556476419416,9.757669149125E-02));
#592 = CARTESIAN_POINT('',(-2.55761602161,0.146057720791));
#593 = CARTESIAN_POINT('',(-2.55930674271,0.193965027899));
#594 = CARTESIAN_POINT('',(-2.56151818556,0.241099978031));
#595 = CARTESIAN_POINT('',(-2.564212892758,0.287301873321));
#596 = CARTESIAN_POINT('',(-2.567348382893,0.332440822494));
#597 = CARTESIAN_POINT('',(-2.573483343273,0.408834589032));
#598 = CARTESIAN_POINT('',(-2.576304089231,0.440645470791));
#599 = CARTESIAN_POINT('',(-2.579326532536,0.471829769486));
#600 = CARTESIAN_POINT('',(-2.582535776618,0.502379299148));
#601 = CARTESIAN_POINT('',(-2.585917756574,0.532293350319));
#602 = CARTESIAN_POINT('',(-2.589459557095,0.56157791782));
#603 = CARTESIAN_POINT('',(-2.593149730371,0.590244928521));
#604 = CARTESIAN_POINT('',(-2.60315145931,0.663559752743));
#605 = CARTESIAN_POINT('',(-2.609681825305,0.707225924992));
#606 = CARTESIAN_POINT('',(-2.616530358586,0.749397969333));
#607 = CARTESIAN_POINT('',(-2.623663053529,0.790149185719));
#608 = CARTESIAN_POINT('',(-2.631050863709,0.829547120797));
#609 = CARTESIAN_POINT('',(-2.638669753384,0.867659450788));
#610 = CARTESIAN_POINT('',(-2.646501189051,0.904556817043));
#611 = CARTESIAN_POINT('',(-2.674981774058,1.031344787559));
#612 = CARTESIAN_POINT('',(-2.696676024332,1.114740110242));
#613 = CARTESIAN_POINT('',(-2.719420168677,1.191850036568));
#614 = CARTESIAN_POINT('',(-2.74306783872,1.263152631637));
#615 = CARTESIAN_POINT('',(-2.767491767033,1.329060728726));
#616 = CARTESIAN_POINT('',(-2.792602827053,1.389785832909));
#617 = CARTESIAN_POINT('',(-2.818352099223,1.445508940302));
#618 = CARTESIAN_POINT('',(-2.849935581782,1.506294931722));
#619 = CARTESIAN_POINT('',(-2.855151725309,1.516095261687));
#620 = CARTESIAN_POINT('',(-2.860390330327,1.525700894547));
#621 = CARTESIAN_POINT('',(-2.86565094806,1.535111623584));
#622 = CARTESIAN_POINT('',(-2.870933130551,1.544327098067));
#623 = CARTESIAN_POINT('',(-2.876236430665,1.553346823261));
#624 = CARTESIAN_POINT('',(-2.881560402087,1.562170160421));
#625 = CARTESIAN_POINT('',(-2.88690459932,1.570796326795));
#626 = ( GEOMETRIC_REPRESENTATION_CONTEXT(2) 
PARAMETRIC_REPRESENTATION_CONTEXT() REPRESENTATION_CONTEXT('2D SPACE',''
  ) );
#627 = ORIENTED_EDGE('',*,*,#628,.T.);
#628 = EDGE_CURVE('',#499,#629,#631,.T.);
#629 = VERTEX_POINT('',#630);
#630 = CARTESIAN_POINT('',(17.343074902772,5.8,31.));
#631 = SURFACE_CURVE('',#632,(#636,#642),.PCURVE_S1.);
#632 = LINE('',#633,#634);
#633 = CARTESIAN_POINT('',(-22.5,5.8,31.));
#634 = VECTOR('',#635,1.);
#635 = DIRECTION('',(1.,0.,-0.));
#636 = PCURVE('',#44,#637);
#637 = DEFINITIONAL_REPRESENTATION('',(#638),#641);
#638 = B_SPLINE_CURVE_WITH_KNOTS('',1,(#639,#640),.UNSPECIFIED.,.F.,.F.,
  (2,2),(-1.8,46.8),.PIECEWISE_BEZIER_KNOTS.);
#639 = CARTESIAN_POINT('',(20.7,40.8));
#640 = CARTESIAN_POINT('',(69.3,40.8));
#641 = ( GEOMETRIC_REPRESENTATION_CONTEXT(2) 
PARAMETRIC_REPRESENTATION_CONTEXT() REPRESENTATION_CONTEXT('2D SPACE',''
  ) );
#642 = PCURVE('',#643,#648);
#643 = PLANE('',#644);
#644 = AXIS2_PLACEMENT_3D('',#645,#646,#647);
#645 = CARTESIAN_POINT('',(0.,5.8,40.));
#646 = DIRECTION('',(0.,-1.,1.110223024625E-16));
#647 = DIRECTION('',(1.,0.,0.));
#648 = DEFINITIONAL_REPRESENTATION('',(#649),#652);
#649 = B_SPLINE_CURVE_WITH_KNOTS('',1,(#650,#651),.UNSPECIFIED.,.F.,.F.,
  (2,2),(-1.8,46.8),.PIECEWISE_BEZIER_KNOTS.);
#650 = CARTESIAN_POINT('',(-24.3,-9.));
#651 = CARTESIAN_POINT('',(24.3,-9.));
#652 = ( GEOMETRIC_REPRESENTATION_CONTEXT(2) 
PARAMETRIC_REPRESENTATION_CONTEXT() REPRESENTATION_CONTEXT('2D SPACE',''
  ) );
#653 = ORIENTED_EDGE('',*,*,#654,.F.);
#654 = EDGE_CURVE('',#655,#629,#657,.T.);
#655 = VERTEX_POINT('',#656);
#656 = CARTESIAN_POINT('',(20.96992462264,4.3,31.));
#657 = SURFACE_CURVE('',#658,(#696,#737),.PCURVE_S1.);
#658 = B_SPLINE_CURVE_WITH_KNOTS('',8,(#659,#660,#661,#662,#663,#664,
    #665,#666,#667,#668,#669,#670,#671,#672,#673,#674,#675,#676,#677,
    #678,#679,#680,#681,#682,#683,#684,#685,#686,#687,#688,#689,#690,
    #691,#692,#693,#694,#695),.UNSPECIFIED.,.F.,.F.,(9,7,7,7,7,9),(0.,
    0.152724669338,0.26532833031,0.446865572963,0.909048799676,1.),
  .UNSPECIFIED.);
#659 = CARTESIAN_POINT('',(20.96992462264,4.3,31.));
#660 = CARTESIAN_POINT('',(20.96992462264,4.373163927361,31.));
#661 = CARTESIAN_POINT('',(20.962546394613,4.446365052888,31.));
#662 = CARTESIAN_POINT('',(20.947777062786,4.518821291581,31.));
#663 = CARTESIAN_POINT('',(20.92589669118,4.58988551293,31.));
#664 = CARTESIAN_POINT('',(20.897361306111,4.659033249361,31.));
#665 = CARTESIAN_POINT('',(20.862736147583,4.725853466659,31.));
#666 = CARTESIAN_POINT('',(20.822654045633,4.79003999698,31.));
#667 = CARTESIAN_POINT('',(20.744683695589,4.896608034459,31.));
#668 = CARTESIAN_POINT('',(20.708960566763,4.940321365111,31.));
#669 = CARTESIAN_POINT('',(20.670836185493,4.982469326627,31.));
#670 = CARTESIAN_POINT('',(20.63053389387,5.023025560662,31.));
#671 = CARTESIAN_POINT('',(20.588264210428,5.061985502432,31.));
#672 = CARTESIAN_POINT('',(20.544220418719,5.099362632198,31.));
#673 = CARTESIAN_POINT('',(20.498574155888,5.135184726763,31.));
#674 = CARTESIAN_POINT('',(20.375532290734,5.2247965264,31.));
#675 = CARTESIAN_POINT('',(20.295844309898,5.27613466522,31.));
#676 = CARTESIAN_POINT('',(20.213004341918,5.323688357889,31.));
#677 = CARTESIAN_POINT('',(20.127522677721,5.367649035679,31.));
#678 = CARTESIAN_POINT('',(20.039828011898,5.408216306401,31.));
#679 = CARTESIAN_POINT('',(19.950269672878,5.44559585738,31.));
#680 = CARTESIAN_POINT('',(19.859116687317,5.47999468569,31.));
#681 = CARTESIAN_POINT('',(19.53089366016,5.592113708074,31.));
#682 = CARTESIAN_POINT('',(19.28671306068,5.654386109641,31.));
#683 = CARTESIAN_POINT('',(19.036956654803,5.701974948339,31.));
#684 = CARTESIAN_POINT('',(18.783574144125,5.737239590004,31.));
#685 = CARTESIAN_POINT('',(18.52798186119,5.762465367285,31.));
#686 = CARTESIAN_POINT('',(18.270951892726,5.779537414497,31.));
#687 = CARTESIAN_POINT('',(18.012732341393,5.790169272224,31.));
#688 = CARTESIAN_POINT('',(17.701884230962,5.796955493831,31.));
#689 = CARTESIAN_POINT('',(17.650731966594,5.797878839115,31.));
#690 = CARTESIAN_POINT('',(17.599541699935,5.798621131299,31.));
#691 = CARTESIAN_POINT('',(17.548315159076,5.799193570495,31.));
#692 = CARTESIAN_POINT('',(17.497053903171,5.799607105397,31.));
#693 = CARTESIAN_POINT('',(17.445759322445,5.799872433279,31.));
#694 = CARTESIAN_POINT('',(17.394432638191,5.8,31.));
#695 = CARTESIAN_POINT('',(17.343074902772,5.8,31.));
#696 = PCURVE('',#44,#697);
#697 = DEFINITIONAL_REPRESENTATION('',(#698),#736);
#698 = B_SPLINE_CURVE_WITH_KNOTS('',8,(#699,#700,#701,#702,#703,#704,
    #705,#706,#707,#708,#709,#710,#711,#712,#713,#714,#715,#716,#717,
    #718,#719,#720,#721,#722,#723,#724,#725,#726,#727,#728,#729,#730,
    #731,#732,#733,#734,#735),.UNSPECIFIED.,.F.,.F.,(9,7,7,7,7,9),(0.,
    0.152724669338,0.26532833031,0.446865572963,0.909048799676,1.),
  .UNSPECIFIED.);
#699 = CARTESIAN_POINT('',(65.96992462264,39.3));
#700 = CARTESIAN_POINT('',(65.96992462264,39.373163927361));
#701 = CARTESIAN_POINT('',(65.962546394613,39.446365052888));
#702 = CARTESIAN_POINT('',(65.947777062786,39.518821291581));
#703 = CARTESIAN_POINT('',(65.92589669118,39.58988551293));
#704 = CARTESIAN_POINT('',(65.897361306111,39.659033249361));
#705 = CARTESIAN_POINT('',(65.862736147583,39.725853466659));
#706 = CARTESIAN_POINT('',(65.822654045633,39.79003999698));
#707 = CARTESIAN_POINT('',(65.744683695589,39.896608034459));
#708 = CARTESIAN_POINT('',(65.708960566763,39.940321365111));
#709 = CARTESIAN_POINT('',(65.670836185493,39.982469326627));
#710 = CARTESIAN_POINT('',(65.63053389387,40.023025560662));
#711 = CARTESIAN_POINT('',(65.588264210428,40.061985502432));
#712 = CARTESIAN_POINT('',(65.544220418719,40.099362632198));
#713 = CARTESIAN_POINT('',(65.498574155888,40.135184726763));
#714 = CARTESIAN_POINT('',(65.375532290734,40.2247965264));
#715 = CARTESIAN_POINT('',(65.295844309898,40.27613466522));
#716 = CARTESIAN_POINT('',(65.213004341918,40.323688357889));
#717 = CARTESIAN_POINT('',(65.127522677721,40.367649035679));
#718 = CARTESIAN_POINT('',(65.039828011898,40.408216306401));
#719 = CARTESIAN_POINT('',(64.950269672878,40.44559585738));
#720 = CARTESIAN_POINT('',(64.859116687317,40.47999468569));
#721 = CARTESIAN_POINT('',(64.53089366016,40.592113708074));
#722 = CARTESIAN_POINT('',(64.28671306068,40.654386109641));
#723 = CARTESIAN_POINT('',(64.036956654803,40.701974948339));
#724 = CARTESIAN_POINT('',(63.783574144125,40.737239590004));
#725 = CARTESIAN_POINT('',(63.52798186119,40.762465367285));
#726 = CARTESIAN_POINT('',(63.270951892726,40.779537414497));
#727 = CARTESIAN_POINT('',(63.012732341393,40.790169272224));
#728 = CARTESIAN_POINT('',(62.701884230962,40.796955493831));
#729 = CARTESIAN_POINT('',(62.650731966594,40.797878839115));
#730 = CARTESIAN_POINT('',(62.599541699935,40.798621131299));
#731 = CARTESIAN_POINT('',(62.548315159076,40.799193570495));
#732 = CARTESIAN_POINT('',(62.497053903171,40.799607105397));
#733 = CARTESIAN_POINT('',(62.445759322445,40.799872433279));
#734 = CARTESIAN_POINT('',(62.394432638191,40.8));
#735 = CARTESIAN_POINT('',(62.343074902772,40.8));
#736 = ( GEOMETRIC_REPRESENTATION_CONTEXT(2) 
PARAMETRIC_REPRESENTATION_CONTEXT() REPRESENTATION_CONTEXT('2D SPACE',''
  ) );
#737 = PCURVE('',#738,#743);
#738 = TOROIDAL_SURFACE('',#739,9.3,1.5);
#739 = AXIS2_PLACEMENT_3D('',#740,#741,#742);
#740 = CARTESIAN_POINT('',(15.,4.3,40.));
#741 = DIRECTION('',(-0.,1.,-1.110223024625E-16));
#742 = DIRECTION('',(0.,-1.110223024625E-16,-1.));
#743 = DEFINITIONAL_REPRESENTATION('',(#744),#782);
#744 = B_SPLINE_CURVE_WITH_KNOTS('',8,(#745,#746,#747,#748,#749,#750,
    #751,#752,#753,#754,#755,#756,#757,#758,#759,#760,#761,#762,#763,
    #764,#765,#766,#767,#768,#769,#770,#771,#772,#773,#774,#775,#776,
    #777,#778,#779,#780,#781),.UNSPECIFIED.,.F.,.F.,(9,7,7,7,7,9),(0.,
    0.152724669338,0.26532833031,0.446865572963,0.909048799676,1.),
  .UNSPECIFIED.);
#745 = CARTESIAN_POINT('',(-0.585685543457,0.));
#746 = CARTESIAN_POINT('',(-0.585685543457,4.87759515738E-02));
#747 = CARTESIAN_POINT('',(-0.585116234173,9.757669149087E-02));
#748 = CARTESIAN_POINT('',(-0.58397663198,0.146057720789));
#749 = CARTESIAN_POINT('',(-0.58228591088,0.193965027898));
#750 = CARTESIAN_POINT('',(-0.58007446803,0.24109997803));
#751 = CARTESIAN_POINT('',(-0.577379760832,0.287301873319));
#752 = CARTESIAN_POINT('',(-0.574244270697,0.332440822492));
#753 = CARTESIAN_POINT('',(-0.568109310317,0.40883458903));
#754 = CARTESIAN_POINT('',(-0.565288564359,0.440645470789));
#755 = CARTESIAN_POINT('',(-0.562266121054,0.471829769483));
#756 = CARTESIAN_POINT('',(-0.559056876973,0.502379299145));
#757 = CARTESIAN_POINT('',(-0.555674897016,0.532293350317));
#758 = CARTESIAN_POINT('',(-0.552133096495,0.561577917818));
#759 = CARTESIAN_POINT('',(-0.548442923219,0.590244928519));
#760 = CARTESIAN_POINT('',(-0.53844119428,0.66355975274));
#761 = CARTESIAN_POINT('',(-0.531910828285,0.707225924989));
#762 = CARTESIAN_POINT('',(-0.525062295004,0.74939796933));
#763 = CARTESIAN_POINT('',(-0.517929600061,0.790149185716));
#764 = CARTESIAN_POINT('',(-0.510541789881,0.829547120795));
#765 = CARTESIAN_POINT('',(-0.502922900207,0.867659450786));
#766 = CARTESIAN_POINT('',(-0.495091464539,0.90455681704));
#767 = CARTESIAN_POINT('',(-0.466610879533,1.031344787557));
#768 = CARTESIAN_POINT('',(-0.444916629259,1.114740110239));
#769 = CARTESIAN_POINT('',(-0.422172484913,1.191850036566));
#770 = CARTESIAN_POINT('',(-0.398524814871,1.263152631635));
#771 = CARTESIAN_POINT('',(-0.374100886557,1.329060728723));
#772 = CARTESIAN_POINT('',(-0.348989826538,1.389785832906));
#773 = CARTESIAN_POINT('',(-0.323240554368,1.445508940299));
#774 = CARTESIAN_POINT('',(-0.291657071809,1.50629493172));
#775 = CARTESIAN_POINT('',(-0.286440928282,1.516095261685));
#776 = CARTESIAN_POINT('',(-0.281202323264,1.525700894546));
#777 = CARTESIAN_POINT('',(-0.275941705531,1.535111623583));
#778 = CARTESIAN_POINT('',(-0.270659523039,1.544327098066));
#779 = CARTESIAN_POINT('',(-0.265356222925,1.55334682326));
#780 = CARTESIAN_POINT('',(-0.260032251503,1.56217016042));
#781 = CARTESIAN_POINT('',(-0.254688054269,1.570796326795));
#782 = ( GEOMETRIC_REPRESENTATION_CONTEXT(2) 
PARAMETRIC_REPRESENTATION_CONTEXT() REPRESENTATION_CONTEXT('2D SPACE',''
  ) );
#783 = ORIENTED_EDGE('',*,*,#784,.F.);
#784 = EDGE_CURVE('',#785,#655,#787,.T.);
#785 = VERTEX_POINT('',#786);
#786 = CARTESIAN_POINT('',(20.96992462264,-4.3,31.));
#787 = SURFACE_CURVE('',#788,(#792,#798),.PCURVE_S1.);
#788 = LINE('',#789,#790);
#789 = CARTESIAN_POINT('',(20.96992462264,5.8,31.));
#790 = VECTOR('',#791,1.);
#791 = DIRECTION('',(-0.,1.,-1.110223024625E-16));
#792 = PCURVE('',#44,#793);
#793 = DEFINITIONAL_REPRESENTATION('',(#794),#797);
#794 = B_SPLINE_CURVE_WITH_KNOTS('',1,(#795,#796),.UNSPECIFIED.,.F.,.F.,
  (2,2),(-10.1000006,-1.4999994),.PIECEWISE_BEZIER_KNOTS.);
#795 = CARTESIAN_POINT('',(65.96992462264,30.6999994));
#796 = CARTESIAN_POINT('',(65.96992462264,39.3000006));
#797 = ( GEOMETRIC_REPRESENTATION_CONTEXT(2) 
PARAMETRIC_REPRESENTATION_CONTEXT() REPRESENTATION_CONTEXT('2D SPACE',''
  ) );
#798 = PCURVE('',#799,#804);
#799 = CYLINDRICAL_SURFACE('',#800,10.8);
#800 = AXIS2_PLACEMENT_3D('',#801,#802,#803);
#801 = CARTESIAN_POINT('',(15.,5.8,40.));
#802 = DIRECTION('',(-0.,1.,-1.110223024625E-16));
#803 = DIRECTION('',(1.,0.,0.));
#804 = DEFINITIONAL_REPRESENTATION('',(#805),#808);
#805 = B_SPLINE_CURVE_WITH_KNOTS('',1,(#806,#807),.UNSPECIFIED.,.F.,.F.,
  (2,2),(-10.1000006,-1.4999994),.PIECEWISE_BEZIER_KNOTS.);
#806 = CARTESIAN_POINT('',(-5.298074523842,-10.1000006));
#807 = CARTESIAN_POINT('',(-5.298074523842,-1.4999994));
#808 = ( GEOMETRIC_REPRESENTATION_CONTEXT(2) 
PARAMETRIC_REPRESENTATION_CONTEXT() REPRESENTATION_CONTEXT('2D SPACE',''
  ) );
#809 = ORIENTED_EDGE('',*,*,#810,.T.);
#810 = EDGE_CURVE('',#785,#811,#813,.T.);
#811 = VERTEX_POINT('',#812);
#812 = CARTESIAN_POINT('',(17.343074902772,-5.8,31.));
#813 = SURFACE_CURVE('',#814,(#852,#893),.PCURVE_S1.);
#814 = B_SPLINE_CURVE_WITH_KNOTS('',8,(#815,#816,#817,#818,#819,#820,
    #821,#822,#823,#824,#825,#826,#827,#828,#829,#830,#831,#832,#833,
    #834,#835,#836,#837,#838,#839,#840,#841,#842,#843,#844,#845,#846,
    #847,#848,#849,#850,#851),.UNSPECIFIED.,.F.,.F.,(9,7,7,7,7,9),(0.,
    0.152724669338,0.26532833031,0.446865572962,0.909048799676,1.),
  .UNSPECIFIED.);
#815 = CARTESIAN_POINT('',(20.96992462264,-4.3,31.));
#816 = CARTESIAN_POINT('',(20.96992462264,-4.37316392736,31.));
#817 = CARTESIAN_POINT('',(20.962546394613,-4.446365052889,31.));
#818 = CARTESIAN_POINT('',(20.947777062786,-4.51882129158,31.));
#819 = CARTESIAN_POINT('',(20.92589669118,-4.58988551293,31.));
#820 = CARTESIAN_POINT('',(20.897361306111,-4.659033249362,31.));
#821 = CARTESIAN_POINT('',(20.862736147583,-4.725853466658,31.));
#822 = CARTESIAN_POINT('',(20.822654045633,-4.79003999698,31.));
#823 = CARTESIAN_POINT('',(20.744683695589,-4.896608034459,31.));
#824 = CARTESIAN_POINT('',(20.708960566763,-4.940321365111,31.));
#825 = CARTESIAN_POINT('',(20.670836185493,-4.982469326627,31.));
#826 = CARTESIAN_POINT('',(20.63053389387,-5.023025560662,31.));
#827 = CARTESIAN_POINT('',(20.588264210428,-5.061985502432,31.));
#828 = CARTESIAN_POINT('',(20.544220418719,-5.099362632198,31.));
#829 = CARTESIAN_POINT('',(20.498574155888,-5.135184726763,31.));
#830 = CARTESIAN_POINT('',(20.375532290734,-5.2247965264,31.));
#831 = CARTESIAN_POINT('',(20.295844309898,-5.27613466522,31.));
#832 = CARTESIAN_POINT('',(20.213004341918,-5.323688357889,31.));
#833 = CARTESIAN_POINT('',(20.127522677721,-5.367649035679,31.));
#834 = CARTESIAN_POINT('',(20.039828011898,-5.408216306401,31.));
#835 = CARTESIAN_POINT('',(19.950269672878,-5.44559585738,31.));
#836 = CARTESIAN_POINT('',(19.859116687317,-5.479994685691,31.));
#837 = CARTESIAN_POINT('',(19.53089366016,-5.592113708074,31.));
#838 = CARTESIAN_POINT('',(19.286713060679,-5.65438610964,31.));
#839 = CARTESIAN_POINT('',(19.036956654803,-5.701974948342,31.));
#840 = CARTESIAN_POINT('',(18.783574144126,-5.737239590001,31.));
#841 = CARTESIAN_POINT('',(18.527981861189,-5.762465367288,31.));
#842 = CARTESIAN_POINT('',(18.270951892727,-5.779537414496,31.));
#843 = CARTESIAN_POINT('',(18.012732341392,-5.790169272224,31.));
#844 = CARTESIAN_POINT('',(17.701884230962,-5.796955493831,31.));
#845 = CARTESIAN_POINT('',(17.650731966594,-5.797878839115,31.));
#846 = CARTESIAN_POINT('',(17.599541699935,-5.798621131299,31.));
#847 = CARTESIAN_POINT('',(17.548315159076,-5.799193570495,31.));
#848 = CARTESIAN_POINT('',(17.497053903171,-5.799607105397,31.));
#849 = CARTESIAN_POINT('',(17.445759322445,-5.799872433279,31.));
#850 = CARTESIAN_POINT('',(17.394432638191,-5.8,31.));
#851 = CARTESIAN_POINT('',(17.343074902772,-5.8,31.));
#852 = PCURVE('',#44,#853);
#853 = DEFINITIONAL_REPRESENTATION('',(#854),#892);
#854 = B_SPLINE_CURVE_WITH_KNOTS('',8,(#855,#856,#857,#858,#859,#860,
    #861,#862,#863,#864,#865,#866,#867,#868,#869,#870,#871,#872,#873,
    #874,#875,#876,#877,#878,#879,#880,#881,#882,#883,#884,#885,#886,
    #887,#888,#889,#890,#891),.UNSPECIFIED.,.F.,.F.,(9,7,7,7,7,9),(0.,
    0.152724669338,0.26532833031,0.446865572962,0.909048799676,1.),
  .UNSPECIFIED.);
#855 = CARTESIAN_POINT('',(65.96992462264,30.7));
#856 = CARTESIAN_POINT('',(65.96992462264,30.62683607264));
#857 = CARTESIAN_POINT('',(65.962546394613,30.553634947111));
#858 = CARTESIAN_POINT('',(65.947777062786,30.48117870842));
#859 = CARTESIAN_POINT('',(65.92589669118,30.41011448707));
#860 = CARTESIAN_POINT('',(65.897361306111,30.340966750638));
#861 = CARTESIAN_POINT('',(65.862736147583,30.274146533342));
#862 = CARTESIAN_POINT('',(65.822654045633,30.20996000302));
#863 = CARTESIAN_POINT('',(65.744683695589,30.103391965541));
#864 = CARTESIAN_POINT('',(65.708960566763,30.059678634889));
#865 = CARTESIAN_POINT('',(65.670836185493,30.017530673373));
#866 = CARTESIAN_POINT('',(65.63053389387,29.976974439338));
#867 = CARTESIAN_POINT('',(65.588264210428,29.938014497568));
#868 = CARTESIAN_POINT('',(65.544220418719,29.900637367802));
#869 = CARTESIAN_POINT('',(65.498574155888,29.864815273237));
#870 = CARTESIAN_POINT('',(65.375532290734,29.7752034736));
#871 = CARTESIAN_POINT('',(65.295844309898,29.72386533478));
#872 = CARTESIAN_POINT('',(65.213004341918,29.676311642111));
#873 = CARTESIAN_POINT('',(65.127522677721,29.632350964321));
#874 = CARTESIAN_POINT('',(65.039828011898,29.591783693599));
#875 = CARTESIAN_POINT('',(64.950269672878,29.55440414262));
#876 = CARTESIAN_POINT('',(64.859116687317,29.520005314309));
#877 = CARTESIAN_POINT('',(64.53089366016,29.407886291926));
#878 = CARTESIAN_POINT('',(64.286713060679,29.34561389036));
#879 = CARTESIAN_POINT('',(64.036956654803,29.298025051658));
#880 = CARTESIAN_POINT('',(63.783574144126,29.262760409999));
#881 = CARTESIAN_POINT('',(63.527981861189,29.237534632712));
#882 = CARTESIAN_POINT('',(63.270951892727,29.220462585504));
#883 = CARTESIAN_POINT('',(63.012732341392,29.209830727776));
#884 = CARTESIAN_POINT('',(62.701884230962,29.203044506169));
#885 = CARTESIAN_POINT('',(62.650731966594,29.202121160885));
#886 = CARTESIAN_POINT('',(62.599541699935,29.201378868701));
#887 = CARTESIAN_POINT('',(62.548315159076,29.200806429505));
#888 = CARTESIAN_POINT('',(62.497053903171,29.200392894603));
#889 = CARTESIAN_POINT('',(62.445759322445,29.200127566721));
#890 = CARTESIAN_POINT('',(62.394432638191,29.2));
#891 = CARTESIAN_POINT('',(62.343074902772,29.2));
#892 = ( GEOMETRIC_REPRESENTATION_CONTEXT(2) 
PARAMETRIC_REPRESENTATION_CONTEXT() REPRESENTATION_CONTEXT('2D SPACE',''
  ) );
#893 = PCURVE('',#894,#899);
#894 = TOROIDAL_SURFACE('',#895,9.3,1.5);
#895 = AXIS2_PLACEMENT_3D('',#896,#897,#898);
#896 = CARTESIAN_POINT('',(15.,-4.3,40.));
#897 = DIRECTION('',(0.,-1.,1.110223024625E-16));
#898 = DIRECTION('',(1.644774851297E-16,-1.110223024625E-16,-1.));
#899 = DEFINITIONAL_REPRESENTATION('',(#900),#938);
#900 = B_SPLINE_CURVE_WITH_KNOTS('',8,(#901,#902,#903,#904,#905,#906,
    #907,#908,#909,#910,#911,#912,#913,#914,#915,#916,#917,#918,#919,
    #920,#921,#922,#923,#924,#925,#926,#927,#928,#929,#930,#931,#932,
    #933,#934,#935,#936,#937),.UNSPECIFIED.,.F.,.F.,(9,7,7,7,7,9),(0.,
    0.152724669338,0.26532833031,0.446865572962,0.909048799676,1.),
  .UNSPECIFIED.);
#901 = CARTESIAN_POINT('',(0.585685543457,0.));
#902 = CARTESIAN_POINT('',(0.585685543457,4.877595157366E-02));
#903 = CARTESIAN_POINT('',(0.585116234173,9.757669149124E-02));
#904 = CARTESIAN_POINT('',(0.58397663198,0.146057720789));
#905 = CARTESIAN_POINT('',(0.58228591088,0.193965027898));
#906 = CARTESIAN_POINT('',(0.58007446803,0.241099978031));
#907 = CARTESIAN_POINT('',(0.577379760832,0.287301873319));
#908 = CARTESIAN_POINT('',(0.574244270697,0.332440822492));
#909 = CARTESIAN_POINT('',(0.568109310317,0.40883458903));
#910 = CARTESIAN_POINT('',(0.565288564359,0.440645470789));
#911 = CARTESIAN_POINT('',(0.562266121054,0.471829769483));
#912 = CARTESIAN_POINT('',(0.559056876973,0.502379299145));
#913 = CARTESIAN_POINT('',(0.555674897016,0.532293350317));
#914 = CARTESIAN_POINT('',(0.552133096495,0.561577917818));
#915 = CARTESIAN_POINT('',(0.548442923219,0.590244928519));
#916 = CARTESIAN_POINT('',(0.53844119428,0.66355975274));
#917 = CARTESIAN_POINT('',(0.531910828285,0.707225924989));
#918 = CARTESIAN_POINT('',(0.525062295004,0.74939796933));
#919 = CARTESIAN_POINT('',(0.517929600061,0.790149185716));
#920 = CARTESIAN_POINT('',(0.510541789881,0.829547120795));
#921 = CARTESIAN_POINT('',(0.502922900207,0.867659450786));
#922 = CARTESIAN_POINT('',(0.495091464539,0.90455681704));
#923 = CARTESIAN_POINT('',(0.466610879533,1.031344787557));
#924 = CARTESIAN_POINT('',(0.444916629259,1.114740110239));
#925 = CARTESIAN_POINT('',(0.422172484913,1.191850036565));
#926 = CARTESIAN_POINT('',(0.398524814872,1.263152631636));
#927 = CARTESIAN_POINT('',(0.374100886557,1.329060728722));
#928 = CARTESIAN_POINT('',(0.348989826538,1.389785832906));
#929 = CARTESIAN_POINT('',(0.323240554367,1.445508940299));
#930 = CARTESIAN_POINT('',(0.291657071809,1.50629493172));
#931 = CARTESIAN_POINT('',(0.286440928282,1.516095261685));
#932 = CARTESIAN_POINT('',(0.281202323264,1.525700894546));
#933 = CARTESIAN_POINT('',(0.275941705531,1.535111623583));
#934 = CARTESIAN_POINT('',(0.270659523039,1.544327098066));
#935 = CARTESIAN_POINT('',(0.265356222925,1.55334682326));
#936 = CARTESIAN_POINT('',(0.260032251503,1.56217016042));
#937 = CARTESIAN_POINT('',(0.254688054269,1.570796326795));
#938 = ( GEOMETRIC_REPRESENTATION_CONTEXT(2) 
PARAMETRIC_REPRESENTATION_CONTEXT() REPRESENTATION_CONTEXT('2D SPACE',''
  ) );
#939 = ORIENTED_EDGE('',*,*,#940,.F.);
#940 = EDGE_CURVE('',#343,#811,#941,.T.);
#941 = SURFACE_CURVE('',#942,(#946,#952),.PCURVE_S1.);
#942 = LINE('',#943,#944);
#943 = CARTESIAN_POINT('',(-22.5,-5.8,31.));
#944 = VECTOR('',#945,1.);
#945 = DIRECTION('',(1.,0.,-0.));
#946 = PCURVE('',#44,#947);
#947 = DEFINITIONAL_REPRESENTATION('',(#948),#951);
#948 = B_SPLINE_CURVE_WITH_KNOTS('',1,(#949,#950),.UNSPECIFIED.,.F.,.F.,
  (2,2),(-1.8,46.8),.PIECEWISE_BEZIER_KNOTS.);
#949 = CARTESIAN_POINT('',(20.7,29.2));
#950 = CARTESIAN_POINT('',(69.3,29.2));
#951 = ( GEOMETRIC_REPRESENTATION_CONTEXT(2) 
PARAMETRIC_REPRESENTATION_CONTEXT() REPRESENTATION_CONTEXT('2D SPACE',''
  ) );
#952 = PCURVE('',#953,#958);
#953 = PLANE('',#954);
#954 = AXIS2_PLACEMENT_3D('',#955,#956,#957);
#955 = CARTESIAN_POINT('',(0.,-5.8,40.));
#956 = DIRECTION('',(0.,-1.,1.110223024625E-16));
#957 = DIRECTION('',(1.,0.,0.));
#958 = DEFINITIONAL_REPRESENTATION('',(#959),#962);
#959 = B_SPLINE_CURVE_WITH_KNOTS('',1,(#960,#961),.UNSPECIFIED.,.F.,.F.,
  (2,2),(-1.8,46.8),.PIECEWISE_BEZIER_KNOTS.);
#960 = CARTESIAN_POINT('',(-24.3,-9.));
#961 = CARTESIAN_POINT('',(24.3,-9.));
#962 = ( GEOMETRIC_REPRESENTATION_CONTEXT(2) 
PARAMETRIC_REPRESENTATION_CONTEXT() REPRESENTATION_CONTEXT('2D SPACE',''
  ) );
#963 = ADVANCED_FACE('',(#964),#72,.T.);
#964 = FACE_BOUND('',#965,.T.);
#965 = EDGE_LOOP('',(#966,#990,#1011,#1012));
#966 = ORIENTED_EDGE('',*,*,#967,.T.);
#967 = EDGE_CURVE('',#57,#968,#970,.T.);
#968 = VERTEX_POINT('',#969);
#969 = CARTESIAN_POINT('',(-40.,-35.,0.));
#970 = SURFACE_CURVE('',#971,(#976,#983),.PCURVE_S1.);
#971 = CIRCLE('',#972,5.);
#972 = AXIS2_PLACEMENT_3D('',#973,#974,#975);
#973 = CARTESIAN_POINT('',(-40.,-30.,0.));
#974 = DIRECTION('',(0.,0.,1.));
#975 = DIRECTION('',(0.,-1.,0.));
#976 = PCURVE('',#72,#977);
#977 = DEFINITIONAL_REPRESENTATION('',(#978),#982);
#978 = LINE('',#979,#980);
#979 = CARTESIAN_POINT('',(-4.712388980385,0.));
#980 = VECTOR('',#981,1.);
#981 = DIRECTION('',(1.,0.));
#982 = ( GEOMETRIC_REPRESENTATION_CONTEXT(2) 
PARAMETRIC_REPRESENTATION_CONTEXT() REPRESENTATION_CONTEXT('2D SPACE',''
  ) );
#983 = PCURVE('',#100,#984);
#984 = DEFINITIONAL_REPRESENTATION('',(#985),#989);
#985 = CIRCLE('',#986,5.);
#986 = AXIS2_PLACEMENT_2D('',#987,#988);
#987 = CARTESIAN_POINT('',(5.,5.));
#988 = DIRECTION('',(0.,-1.));
#989 = ( GEOMETRIC_REPRESENTATION_CONTEXT(2) 
PARAMETRIC_REPRESENTATION_CONTEXT() REPRESENTATION_CONTEXT('2D SPACE',''
  ) );
#990 = ORIENTED_EDGE('',*,*,#991,.T.);
#991 = EDGE_CURVE('',#968,#143,#992,.T.);
#992 = SURFACE_CURVE('',#993,(#997,#1004),.PCURVE_S1.);
#993 = LINE('',#994,#995);
#994 = CARTESIAN_POINT('',(-40.,-35.,0.));
#995 = VECTOR('',#996,1.);
#996 = DIRECTION('',(0.,0.,1.));
#997 = PCURVE('',#72,#998);
#998 = DEFINITIONAL_REPRESENTATION('',(#999),#1003);
#999 = LINE('',#1000,#1001);
#1000 = CARTESIAN_POINT('',(1.570796326795,0.));
#1001 = VECTOR('',#1002,1.);
#1002 = DIRECTION('',(0.,1.));
#1003 = ( GEOMETRIC_REPRESENTATION_CONTEXT(2) 
PARAMETRIC_REPRESENTATION_CONTEXT() REPRESENTATION_CONTEXT('2D SPACE',''
  ) );
#1004 = PCURVE('',#182,#1005);
#1005 = DEFINITIONAL_REPRESENTATION('',(#1006),#1010);
#1006 = LINE('',#1007,#1008);
#1007 = CARTESIAN_POINT('',(0.,5.));
#1008 = VECTOR('',#1009,1.);
#1009 = DIRECTION('',(1.,0.));
#1010 = ( GEOMETRIC_REPRESENTATION_CONTEXT(2) 
PARAMETRIC_REPRESENTATION_CONTEXT() REPRESENTATION_CONTEXT('2D SPACE',''
  ) );
#1011 = ORIENTED_EDGE('',*,*,#142,.F.);
#1012 = ORIENTED_EDGE('',*,*,#56,.F.);
#1013 = ADVANCED_FACE('',(#1014),#126,.T.);
#1014 = FACE_BOUND('',#1015,.F.);
#1015 = EDGE_LOOP('',(#1016,#1044,#1065,#1066));
#1016 = ORIENTED_EDGE('',*,*,#1017,.T.);
#1017 = EDGE_CURVE('',#85,#1018,#1020,.T.);
#1018 = VERTEX_POINT('',#1019);
#1019 = CARTESIAN_POINT('',(-40.,35.,0.));
#1020 = SURFACE_CURVE('',#1021,(#1026,#1033),.PCURVE_S1.);
#1021 = CIRCLE('',#1022,5.);
#1022 = AXIS2_PLACEMENT_3D('',#1023,#1024,#1025);
#1023 = CARTESIAN_POINT('',(-40.,30.,0.));
#1024 = DIRECTION('',(-0.,-0.,-1.));
#1025 = DIRECTION('',(0.,-1.,0.));
#1026 = PCURVE('',#126,#1027);
#1027 = DEFINITIONAL_REPRESENTATION('',(#1028),#1032);
#1028 = LINE('',#1029,#1030);
#1029 = CARTESIAN_POINT('',(1.570796326795,-0.));
#1030 = VECTOR('',#1031,1.);
#1031 = DIRECTION('',(-1.,0.));
#1032 = ( GEOMETRIC_REPRESENTATION_CONTEXT(2) 
PARAMETRIC_REPRESENTATION_CONTEXT() REPRESENTATION_CONTEXT('2D SPACE',''
  ) );
#1033 = PCURVE('',#100,#1034);
#1034 = DEFINITIONAL_REPRESENTATION('',(#1035),#1043);
#1035 = ( BOUNDED_CURVE() B_SPLINE_CURVE(2,(#1036,#1037,#1038,#1039,
#1040,#1041,#1042),.UNSPECIFIED.,.T.,.F.) B_SPLINE_CURVE_WITH_KNOTS((1,2
    ,2,2,2,1),(-2.094395102393,0.,2.094395102393,4.188790204786,
6.28318530718,8.377580409573),.UNSPECIFIED.) CURVE() 
GEOMETRIC_REPRESENTATION_ITEM() RATIONAL_B_SPLINE_CURVE((1.,0.5,1.,0.5,
1.,0.5,1.)) REPRESENTATION_ITEM('') );
#1036 = CARTESIAN_POINT('',(5.,60.));
#1037 = CARTESIAN_POINT('',(-3.660254037844,60.));
#1038 = CARTESIAN_POINT('',(0.669872981078,67.5));
#1039 = CARTESIAN_POINT('',(5.,75.));
#1040 = CARTESIAN_POINT('',(9.330127018922,67.5));
#1041 = CARTESIAN_POINT('',(13.660254037844,60.));
#1042 = CARTESIAN_POINT('',(5.,60.));
#1043 = ( GEOMETRIC_REPRESENTATION_CONTEXT(2) 
PARAMETRIC_REPRESENTATION_CONTEXT() REPRESENTATION_CONTEXT('2D SPACE',''
  ) );
#1044 = ORIENTED_EDGE('',*,*,#1045,.T.);
#1045 = EDGE_CURVE('',#1018,#285,#1046,.T.);
#1046 = SURFACE_CURVE('',#1047,(#1051,#1058),.PCURVE_S1.);
#1047 = LINE('',#1048,#1049);
#1048 = CARTESIAN_POINT('',(-40.,35.,0.));
#1049 = VECTOR('',#1050,1.);
#1050 = DIRECTION('',(0.,0.,1.));
#1051 = PCURVE('',#126,#1052);
#1052 = DEFINITIONAL_REPRESENTATION('',(#1053),#1057);
#1053 = LINE('',#1054,#1055);
#1054 = CARTESIAN_POINT('',(-1.570796326795,0.));
#1055 = VECTOR('',#1056,1.);
#1056 = DIRECTION('',(-0.,1.));
#1057 = ( GEOMETRIC_REPRESENTATION_CONTEXT(2) 
PARAMETRIC_REPRESENTATION_CONTEXT() REPRESENTATION_CONTEXT('2D SPACE',''
  ) );
#1058 = PCURVE('',#300,#1059);
#1059 = DEFINITIONAL_REPRESENTATION('',(#1060),#1064);
#1060 = LINE('',#1061,#1062);
#1061 = CARTESIAN_POINT('',(0.,5.));
#1062 = VECTOR('',#1063,1.);
#1063 = DIRECTION('',(1.,0.));
#1064 = ( GEOMETRIC_REPRESENTATION_CONTEXT(2) 
PARAMETRIC_REPRESENTATION_CONTEXT() REPRESENTATION_CONTEXT('2D SPACE',''
  ) );
#1065 = ORIENTED_EDGE('',*,*,#312,.F.);
#1066 = ORIENTED_EDGE('',*,*,#112,.F.);
#1067 = ADVANCED_FACE('',(#1068),#100,.F.);
#1068 = FACE_BOUND('',#1069,.F.);
#1069 = EDGE_LOOP('',(#1070,#1071,#1072,#1095,#1123,#1146,#1170,#1193,
    #1221,#1250,#1278,#1311,#1339,#1360));
#1070 = ORIENTED_EDGE('',*,*,#84,.F.);
#1071 = ORIENTED_EDGE('',*,*,#967,.T.);
#1072 = ORIENTED_EDGE('',*,*,#1073,.T.);
#1073 = EDGE_CURVE('',#968,#1074,#1076,.T.);
#1074 = VERTEX_POINT('',#1075);
#1075 = CARTESIAN_POINT('',(40.,-35.,0.));
#1076 = SURFACE_CURVE('',#1077,(#1081,#1088),.PCURVE_S1.);
#1077 = LINE('',#1078,#1079);
#1078 = CARTESIAN_POINT('',(-45.,-35.,0.));
#1079 = VECTOR('',#1080,1.);
#1080 = DIRECTION('',(1.,0.,0.));
#1081 = PCURVE('',#100,#1082);
#1082 = DEFINITIONAL_REPRESENTATION('',(#1083),#1087);
#1083 = LINE('',#1084,#1085);
#1084 = CARTESIAN_POINT('',(0.,0.));
#1085 = VECTOR('',#1086,1.);
#1086 = DIRECTION('',(1.,0.));
#1087 = ( GEOMETRIC_REPRESENTATION_CONTEXT(2) 
PARAMETRIC_REPRESENTATION_CONTEXT() REPRESENTATION_CONTEXT('2D SPACE',''
  ) );
#1088 = PCURVE('',#182,#1089);
#1089 = DEFINITIONAL_REPRESENTATION('',(#1090),#1094);
#1090 = LINE('',#1091,#1092);
#1091 = CARTESIAN_POINT('',(0.,0.));
#1092 = VECTOR('',#1093,1.);
#1093 = DIRECTION('',(0.,1.));
#1094 = ( GEOMETRIC_REPRESENTATION_CONTEXT(2) 
PARAMETRIC_REPRESENTATION_CONTEXT() REPRESENTATION_CONTEXT('2D SPACE',''
  ) );
#1095 = ORIENTED_EDGE('',*,*,#1096,.F.);
#1096 = EDGE_CURVE('',#1097,#1074,#1099,.T.);
#1097 = VERTEX_POINT('',#1098);
#1098 = CARTESIAN_POINT('',(45.,-30.,0.));
#1099 = SURFACE_CURVE('',#1100,(#1105,#1116),.PCURVE_S1.);
#1100 = CIRCLE('',#1101,5.);
#1101 = AXIS2_PLACEMENT_3D('',#1102,#1103,#1104);
#1102 = CARTESIAN_POINT('',(40.,-30.,0.));
#1103 = DIRECTION('',(-0.,-0.,-1.));
#1104 = DIRECTION('',(0.,-1.,0.));
#1105 = PCURVE('',#100,#1106);
#1106 = DEFINITIONAL_REPRESENTATION('',(#1107),#1115);
#1107 = ( BOUNDED_CURVE() B_SPLINE_CURVE(2,(#1108,#1109,#1110,#1111,
#1112,#1113,#1114),.UNSPECIFIED.,.T.,.F.) B_SPLINE_CURVE_WITH_KNOTS((1,2
    ,2,2,2,1),(-2.094395102393,0.,2.094395102393,4.188790204786,
6.28318530718,8.377580409573),.UNSPECIFIED.) CURVE() 
GEOMETRIC_REPRESENTATION_ITEM() RATIONAL_B_SPLINE_CURVE((1.,0.5,1.,0.5,
1.,0.5,1.)) REPRESENTATION_ITEM('') );
#1108 = CARTESIAN_POINT('',(85.,0.));
#1109 = CARTESIAN_POINT('',(76.339745962156,0.));
#1110 = CARTESIAN_POINT('',(80.669872981078,7.5));
#1111 = CARTESIAN_POINT('',(85.,15.));
#1112 = CARTESIAN_POINT('',(89.330127018922,7.5));
#1113 = CARTESIAN_POINT('',(93.660254037844,7.993605777301E-15));
#1114 = CARTESIAN_POINT('',(85.,0.));
#1115 = ( GEOMETRIC_REPRESENTATION_CONTEXT(2) 
PARAMETRIC_REPRESENTATION_CONTEXT() REPRESENTATION_CONTEXT('2D SPACE',''
  ) );
#1116 = PCURVE('',#215,#1117);
#1117 = DEFINITIONAL_REPRESENTATION('',(#1118),#1122);
#1118 = LINE('',#1119,#1120);
#1119 = CARTESIAN_POINT('',(4.712388980385,-0.));
#1120 = VECTOR('',#1121,1.);
#1121 = DIRECTION('',(-1.,0.));
#1122 = ( GEOMETRIC_REPRESENTATION_CONTEXT(2) 
PARAMETRIC_REPRESENTATION_CONTEXT() REPRESENTATION_CONTEXT('2D SPACE',''
  ) );
#1123 = ORIENTED_EDGE('',*,*,#1124,.T.);
#1124 = EDGE_CURVE('',#1097,#1125,#1127,.T.);
#1125 = VERTEX_POINT('',#1126);
#1126 = CARTESIAN_POINT('',(45.,30.,0.));
#1127 = SURFACE_CURVE('',#1128,(#1132,#1139),.PCURVE_S1.);
#1128 = LINE('',#1129,#1130);
#1129 = CARTESIAN_POINT('',(45.,-35.,0.));
#1130 = VECTOR('',#1131,1.);
#1131 = DIRECTION('',(0.,1.,0.));
#1132 = PCURVE('',#100,#1133);
#1133 = DEFINITIONAL_REPRESENTATION('',(#1134),#1138);
#1134 = LINE('',#1135,#1136);
#1135 = CARTESIAN_POINT('',(90.,0.));
#1136 = VECTOR('',#1137,1.);
#1137 = DIRECTION('',(0.,1.));
#1138 = ( GEOMETRIC_REPRESENTATION_CONTEXT(2) 
PARAMETRIC_REPRESENTATION_CONTEXT() REPRESENTATION_CONTEXT('2D SPACE',''
  ) );
#1139 = PCURVE('',#243,#1140);
#1140 = DEFINITIONAL_REPRESENTATION('',(#1141),#1145);
#1141 = LINE('',#1142,#1143);
#1142 = CARTESIAN_POINT('',(0.,0.));
#1143 = VECTOR('',#1144,1.);
#1144 = DIRECTION('',(0.,-1.));
#1145 = ( GEOMETRIC_REPRESENTATION_CONTEXT(2) 
PARAMETRIC_REPRESENTATION_CONTEXT() REPRESENTATION_CONTEXT('2D SPACE',''
  ) );
#1146 = ORIENTED_EDGE('',*,*,#1147,.T.);
#1147 = EDGE_CURVE('',#1125,#1148,#1150,.T.);
#1148 = VERTEX_POINT('',#1149);
#1149 = CARTESIAN_POINT('',(40.,35.,0.));
#1150 = SURFACE_CURVE('',#1151,(#1156,#1163),.PCURVE_S1.);
#1151 = CIRCLE('',#1152,5.);
#1152 = AXIS2_PLACEMENT_3D('',#1153,#1154,#1155);
#1153 = CARTESIAN_POINT('',(40.,30.,0.));
#1154 = DIRECTION('',(0.,0.,1.));
#1155 = DIRECTION('',(0.,-1.,0.));
#1156 = PCURVE('',#100,#1157);
#1157 = DEFINITIONAL_REPRESENTATION('',(#1158),#1162);
#1158 = CIRCLE('',#1159,5.);
#1159 = AXIS2_PLACEMENT_2D('',#1160,#1161);
#1160 = CARTESIAN_POINT('',(85.,65.));
#1161 = DIRECTION('',(0.,-1.));
#1162 = ( GEOMETRIC_REPRESENTATION_CONTEXT(2) 
PARAMETRIC_REPRESENTATION_CONTEXT() REPRESENTATION_CONTEXT('2D SPACE',''
  ) );
#1163 = PCURVE('',#272,#1164);
#1164 = DEFINITIONAL_REPRESENTATION('',(#1165),#1169);
#1165 = LINE('',#1166,#1167);
#1166 = CARTESIAN_POINT('',(-1.570796326795,0.));
#1167 = VECTOR('',#1168,1.);
#1168 = DIRECTION('',(1.,0.));
#1169 = ( GEOMETRIC_REPRESENTATION_CONTEXT(2) 
PARAMETRIC_REPRESENTATION_CONTEXT() REPRESENTATION_CONTEXT('2D SPACE',''
  ) );
#1170 = ORIENTED_EDGE('',*,*,#1171,.F.);
#1171 = EDGE_CURVE('',#1172,#1148,#1174,.T.);
#1172 = VERTEX_POINT('',#1173);
#1173 = CARTESIAN_POINT('',(12.,35.,0.));
#1174 = SURFACE_CURVE('',#1175,(#1179,#1186),.PCURVE_S1.);
#1175 = LINE('',#1176,#1177);
#1176 = CARTESIAN_POINT('',(-45.,35.,0.));
#1177 = VECTOR('',#1178,1.);
#1178 = DIRECTION('',(1.,0.,0.));
#1179 = PCURVE('',#100,#1180);
#1180 = DEFINITIONAL_REPRESENTATION('',(#1181),#1185);
#1181 = LINE('',#1182,#1183);
#1182 = CARTESIAN_POINT('',(0.,70.));
#1183 = VECTOR('',#1184,1.);
#1184 = DIRECTION('',(1.,0.));
#1185 = ( GEOMETRIC_REPRESENTATION_CONTEXT(2) 
PARAMETRIC_REPRESENTATION_CONTEXT() REPRESENTATION_CONTEXT('2D SPACE',''
  ) );
#1186 = PCURVE('',#300,#1187);
#1187 = DEFINITIONAL_REPRESENTATION('',(#1188),#1192);
#1188 = LINE('',#1189,#1190);
#1189 = CARTESIAN_POINT('',(0.,0.));
#1190 = VECTOR('',#1191,1.);
#1191 = DIRECTION('',(0.,1.));
#1192 = ( GEOMETRIC_REPRESENTATION_CONTEXT(2) 
PARAMETRIC_REPRESENTATION_CONTEXT() REPRESENTATION_CONTEXT('2D SPACE',''
  ) );
#1193 = ORIENTED_EDGE('',*,*,#1194,.T.);
#1194 = EDGE_CURVE('',#1172,#1195,#1197,.T.);
#1195 = VERTEX_POINT('',#1196);
#1196 = CARTESIAN_POINT('',(12.,51.,0.));
#1197 = SURFACE_CURVE('',#1198,(#1202,#1209),.PCURVE_S1.);
#1198 = LINE('',#1199,#1200);
#1199 = CARTESIAN_POINT('',(12.,31.,0.));
#1200 = VECTOR('',#1201,1.);
#1201 = DIRECTION('',(0.,1.,0.));
#1202 = PCURVE('',#100,#1203);
#1203 = DEFINITIONAL_REPRESENTATION('',(#1204),#1208);
#1204 = LINE('',#1205,#1206);
#1205 = CARTESIAN_POINT('',(57.,66.));
#1206 = VECTOR('',#1207,1.);
#1207 = DIRECTION('',(0.,1.));
#1208 = ( GEOMETRIC_REPRESENTATION_CONTEXT(2) 
PARAMETRIC_REPRESENTATION_CONTEXT() REPRESENTATION_CONTEXT('2D SPACE',''
  ) );
#1209 = PCURVE('',#1210,#1215);
#1210 = PLANE('',#1211);
#1211 = AXIS2_PLACEMENT_3D('',#1212,#1213,#1214);
#1212 = CARTESIAN_POINT('',(12.,31.,0.));
#1213 = DIRECTION('',(1.,0.,0.));
#1214 = DIRECTION('',(0.,0.,1.));
#1215 = DEFINITIONAL_REPRESENTATION('',(#1216),#1220);
#1216 = LINE('',#1217,#1218);
#1217 = CARTESIAN_POINT('',(0.,0.));
#1218 = VECTOR('',#1219,1.);
#1219 = DIRECTION('',(0.,-1.));
#1220 = ( GEOMETRIC_REPRESENTATION_CONTEXT(2) 
PARAMETRIC_REPRESENTATION_CONTEXT() REPRESENTATION_CONTEXT('2D SPACE',''
  ) );
#1221 = ORIENTED_EDGE('',*,*,#1222,.T.);
#1222 = EDGE_CURVE('',#1195,#1223,#1225,.T.);
#1223 = VERTEX_POINT('',#1224);
#1224 = CARTESIAN_POINT('',(8.,55.,0.));
#1225 = SURFACE_CURVE('',#1226,(#1231,#1238),.PCURVE_S1.);
#1226 = CIRCLE('',#1227,4.);
#1227 = AXIS2_PLACEMENT_3D('',#1228,#1229,#1230);
#1228 = CARTESIAN_POINT('',(8.,51.,0.));
#1229 = DIRECTION('',(0.,0.,1.));
#1230 = DIRECTION('',(0.,-1.,0.));
#1231 = PCURVE('',#100,#1232);
#1232 = DEFINITIONAL_REPRESENTATION('',(#1233),#1237);
#1233 = CIRCLE('',#1234,4.);
#1234 = AXIS2_PLACEMENT_2D('',#1235,#1236);
#1235 = CARTESIAN_POINT('',(53.,86.));
#1236 = DIRECTION('',(0.,-1.));
#1237 = ( GEOMETRIC_REPRESENTATION_CONTEXT(2) 
PARAMETRIC_REPRESENTATION_CONTEXT() REPRESENTATION_CONTEXT('2D SPACE',''
  ) );
#1238 = PCURVE('',#1239,#1244);
#1239 = CYLINDRICAL_SURFACE('',#1240,4.);
#1240 = AXIS2_PLACEMENT_3D('',#1241,#1242,#1243);
#1241 = CARTESIAN_POINT('',(8.,51.,0.));
#1242 = DIRECTION('',(0.,0.,1.));
#1243 = DIRECTION('',(1.,0.,-0.));
#1244 = DEFINITIONAL_REPRESENTATION('',(#1245),#1249);
#1245 = LINE('',#1246,#1247);
#1246 = CARTESIAN_POINT('',(-1.570796326795,0.));
#1247 = VECTOR('',#1248,1.);
#1248 = DIRECTION('',(1.,0.));
#1249 = ( GEOMETRIC_REPRESENTATION_CONTEXT(2) 
PARAMETRIC_REPRESENTATION_CONTEXT() REPRESENTATION_CONTEXT('2D SPACE',''
  ) );
#1250 = ORIENTED_EDGE('',*,*,#1251,.F.);
#1251 = EDGE_CURVE('',#1252,#1223,#1254,.T.);
#1252 = VERTEX_POINT('',#1253);
#1253 = CARTESIAN_POINT('',(-8.,55.,0.));
#1254 = SURFACE_CURVE('',#1255,(#1259,#1266),.PCURVE_S1.);
#1255 = LINE('',#1256,#1257);
#1256 = CARTESIAN_POINT('',(-12.,55.,0.));
#1257 = VECTOR('',#1258,1.);
#1258 = DIRECTION('',(1.,0.,0.));
#1259 = PCURVE('',#100,#1260);
#1260 = DEFINITIONAL_REPRESENTATION('',(#1261),#1265);
#1261 = LINE('',#1262,#1263);
#1262 = CARTESIAN_POINT('',(33.,90.));
#1263 = VECTOR('',#1264,1.);
#1264 = DIRECTION('',(1.,0.));
#1265 = ( GEOMETRIC_REPRESENTATION_CONTEXT(2) 
PARAMETRIC_REPRESENTATION_CONTEXT() REPRESENTATION_CONTEXT('2D SPACE',''
  ) );
#1266 = PCURVE('',#1267,#1272);
#1267 = PLANE('',#1268);
#1268 = AXIS2_PLACEMENT_3D('',#1269,#1270,#1271);
#1269 = CARTESIAN_POINT('',(-12.,55.,0.));
#1270 = DIRECTION('',(0.,1.,0.));
#1271 = DIRECTION('',(0.,0.,1.));
#1272 = DEFINITIONAL_REPRESENTATION('',(#1273),#1277);
#1273 = LINE('',#1274,#1275);
#1274 = CARTESIAN_POINT('',(0.,0.));
#1275 = VECTOR('',#1276,1.);
#1276 = DIRECTION('',(0.,1.));
#1277 = ( GEOMETRIC_REPRESENTATION_CONTEXT(2) 
PARAMETRIC_REPRESENTATION_CONTEXT() REPRESENTATION_CONTEXT('2D SPACE',''
  ) );
#1278 = ORIENTED_EDGE('',*,*,#1279,.F.);
#1279 = EDGE_CURVE('',#1280,#1252,#1282,.T.);
#1280 = VERTEX_POINT('',#1281);
#1281 = CARTESIAN_POINT('',(-12.,51.,0.));
#1282 = SURFACE_CURVE('',#1283,(#1288,#1299),.PCURVE_S1.);
#1283 = CIRCLE('',#1284,4.);
#1284 = AXIS2_PLACEMENT_3D('',#1285,#1286,#1287);
#1285 = CARTESIAN_POINT('',(-8.,51.,0.));
#1286 = DIRECTION('',(-0.,-0.,-1.));
#1287 = DIRECTION('',(0.,-1.,0.));
#1288 = PCURVE('',#100,#1289);
#1289 = DEFINITIONAL_REPRESENTATION('',(#1290),#1298);
#1290 = ( BOUNDED_CURVE() B_SPLINE_CURVE(2,(#1291,#1292,#1293,#1294,
#1295,#1296,#1297),.UNSPECIFIED.,.T.,.F.) B_SPLINE_CURVE_WITH_KNOTS((1,2
    ,2,2,2,1),(-2.094395102393,0.,2.094395102393,4.188790204786,
6.28318530718,8.377580409573),.UNSPECIFIED.) CURVE() 
GEOMETRIC_REPRESENTATION_ITEM() RATIONAL_B_SPLINE_CURVE((1.,0.5,1.,0.5,
1.,0.5,1.)) REPRESENTATION_ITEM('') );
#1291 = CARTESIAN_POINT('',(37.,82.));
#1292 = CARTESIAN_POINT('',(30.071796769724,82.));
#1293 = CARTESIAN_POINT('',(33.535898384862,88.));
#1294 = CARTESIAN_POINT('',(37.,94.));
#1295 = CARTESIAN_POINT('',(40.464101615138,88.));
#1296 = CARTESIAN_POINT('',(43.928203230276,82.));
#1297 = CARTESIAN_POINT('',(37.,82.));
#1298 = ( GEOMETRIC_REPRESENTATION_CONTEXT(2) 
PARAMETRIC_REPRESENTATION_CONTEXT() REPRESENTATION_CONTEXT('2D SPACE',''
  ) );
#1299 = PCURVE('',#1300,#1305);
#1300 = CYLINDRICAL_SURFACE('',#1301,4.);
#1301 = AXIS2_PLACEMENT_3D('',#1302,#1303,#1304);
#1302 = CARTESIAN_POINT('',(-8.,51.,0.));
#1303 = DIRECTION('',(0.,0.,1.));
#1304 = DIRECTION('',(-1.,-0.,0.));
#1305 = DEFINITIONAL_REPRESENTATION('',(#1306),#1310);
#1306 = LINE('',#1307,#1308);
#1307 = CARTESIAN_POINT('',(1.570796326795,-0.));
#1308 = VECTOR('',#1309,1.);
#1309 = DIRECTION('',(-1.,0.));
#1310 = ( GEOMETRIC_REPRESENTATION_CONTEXT(2) 
PARAMETRIC_REPRESENTATION_CONTEXT() REPRESENTATION_CONTEXT('2D SPACE',''
  ) );
#1311 = ORIENTED_EDGE('',*,*,#1312,.F.);
#1312 = EDGE_CURVE('',#1313,#1280,#1315,.T.);
#1313 = VERTEX_POINT('',#1314);
#1314 = CARTESIAN_POINT('',(-12.,35.,0.));
#1315 = SURFACE_CURVE('',#1316,(#1320,#1327),.PCURVE_S1.);
#1316 = LINE('',#1317,#1318);
#1317 = CARTESIAN_POINT('',(-12.,31.,0.));
#1318 = VECTOR('',#1319,1.);
#1319 = DIRECTION('',(0.,1.,0.));
#1320 = PCURVE('',#100,#1321);
#1321 = DEFINITIONAL_REPRESENTATION('',(#1322),#1326);
#1322 = LINE('',#1323,#1324);
#1323 = CARTESIAN_POINT('',(33.,66.));
#1324 = VECTOR('',#1325,1.);
#1325 = DIRECTION('',(0.,1.));
#1326 = ( GEOMETRIC_REPRESENTATION_CONTEXT(2) 
PARAMETRIC_REPRESENTATION_CONTEXT() REPRESENTATION_CONTEXT('2D SPACE',''
  ) );
#1327 = PCURVE('',#1328,#1333);
#1328 = PLANE('',#1329);
#1329 = AXIS2_PLACEMENT_3D('',#1330,#1331,#1332);
#1330 = CARTESIAN_POINT('',(-12.,31.,0.));
#1331 = DIRECTION('',(1.,0.,0.));
#1332 = DIRECTION('',(0.,0.,1.));
#1333 = DEFINITIONAL_REPRESENTATION('',(#1334),#1338);
#1334 = LINE('',#1335,#1336);
#1335 = CARTESIAN_POINT('',(0.,0.));
#1336 = VECTOR('',#1337,1.);
#1337 = DIRECTION('',(0.,-1.));
#1338 = ( GEOMETRIC_REPRESENTATION_CONTEXT(2) 
PARAMETRIC_REPRESENTATION_CONTEXT() REPRESENTATION_CONTEXT('2D SPACE',''
  ) );
#1339 = ORIENTED_EDGE('',*,*,#1340,.F.);
#1340 = EDGE_CURVE('',#1018,#1313,#1341,.T.);
#1341 = SURFACE_CURVE('',#1342,(#1346,#1353),.PCURVE_S1.);
#1342 = LINE('',#1343,#1344);
#1343 = CARTESIAN_POINT('',(-45.,35.,0.));
#1344 = VECTOR('',#1345,1.);
#1345 = DIRECTION('',(1.,0.,0.));
#1346 = PCURVE('',#100,#1347);
#1347 = DEFINITIONAL_REPRESENTATION('',(#1348),#1352);
#1348 = LINE('',#1349,#1350);
#1349 = CARTESIAN_POINT('',(0.,70.));
#1350 = VECTOR('',#1351,1.);
#1351 = DIRECTION('',(1.,0.));
#1352 = ( GEOMETRIC_REPRESENTATION_CONTEXT(2) 
PARAMETRIC_REPRESENTATION_CONTEXT() REPRESENTATION_CONTEXT('2D SPACE',''
  ) );
#1353 = PCURVE('',#300,#1354);
#1354 = DEFINITIONAL_REPRESENTATION('',(#1355),#1359);
#1355 = LINE('',#1356,#1357);
#1356 = CARTESIAN_POINT('',(0.,0.));
#1357 = VECTOR('',#1358,1.);
#1358 = DIRECTION('',(0.,1.));
#1359 = ( GEOMETRIC_REPRESENTATION_CONTEXT(2) 
PARAMETRIC_REPRESENTATION_CONTEXT() REPRESENTATION_CONTEXT('2D SPACE',''
  ) );
#1360 = ORIENTED_EDGE('',*,*,#1017,.F.);
#1361 = ADVANCED_FACE('',(#1362),#182,.F.);
#1362 = FACE_BOUND('',#1363,.F.);
#1363 = EDGE_LOOP('',(#1364,#1365,#1366,#1367));
#1364 = ORIENTED_EDGE('',*,*,#1073,.F.);
#1365 = ORIENTED_EDGE('',*,*,#991,.T.);
#1366 = ORIENTED_EDGE('',*,*,#166,.T.);
#1367 = ORIENTED_EDGE('',*,*,#1368,.F.);
#1368 = EDGE_CURVE('',#1074,#167,#1369,.T.);
#1369 = SURFACE_CURVE('',#1370,(#1374,#1381),.PCURVE_S1.);
#1370 = LINE('',#1371,#1372);
#1371 = CARTESIAN_POINT('',(40.,-35.,0.));
#1372 = VECTOR('',#1373,1.);
#1373 = DIRECTION('',(0.,0.,1.));
#1374 = PCURVE('',#182,#1375);
#1375 = DEFINITIONAL_REPRESENTATION('',(#1376),#1380);
#1376 = LINE('',#1377,#1378);
#1377 = CARTESIAN_POINT('',(0.,85.));
#1378 = VECTOR('',#1379,1.);
#1379 = DIRECTION('',(1.,0.));
#1380 = ( GEOMETRIC_REPRESENTATION_CONTEXT(2) 
PARAMETRIC_REPRESENTATION_CONTEXT() REPRESENTATION_CONTEXT('2D SPACE',''
  ) );
#1381 = PCURVE('',#215,#1382);
#1382 = DEFINITIONAL_REPRESENTATION('',(#1383),#1387);
#1383 = LINE('',#1384,#1385);
#1384 = CARTESIAN_POINT('',(-1.570796326795,0.));
#1385 = VECTOR('',#1386,1.);
#1386 = DIRECTION('',(-0.,1.));
#1387 = ( GEOMETRIC_REPRESENTATION_CONTEXT(2) 
PARAMETRIC_REPRESENTATION_CONTEXT() REPRESENTATION_CONTEXT('2D SPACE',''
  ) );
#1388 = ADVANCED_FACE('',(#1389),#300,.T.);
#1389 = FACE_BOUND('',#1390,.T.);
#1390 = EDGE_LOOP('',(#1391,#1392,#1393,#1394,#1415,#1416,#1439,#1465));
#1391 = ORIENTED_EDGE('',*,*,#1340,.F.);
#1392 = ORIENTED_EDGE('',*,*,#1045,.T.);
#1393 = ORIENTED_EDGE('',*,*,#284,.T.);
#1394 = ORIENTED_EDGE('',*,*,#1395,.F.);
#1395 = EDGE_CURVE('',#1148,#256,#1396,.T.);
#1396 = SURFACE_CURVE('',#1397,(#1401,#1408),.PCURVE_S1.);
#1397 = LINE('',#1398,#1399);
#1398 = CARTESIAN_POINT('',(40.,35.,0.));
#1399 = VECTOR('',#1400,1.);
#1400 = DIRECTION('',(0.,0.,1.));
#1401 = PCURVE('',#300,#1402);
#1402 = DEFINITIONAL_REPRESENTATION('',(#1403),#1407);
#1403 = LINE('',#1404,#1405);
#1404 = CARTESIAN_POINT('',(0.,85.));
#1405 = VECTOR('',#1406,1.);
#1406 = DIRECTION('',(1.,0.));
#1407 = ( GEOMETRIC_REPRESENTATION_CONTEXT(2) 
PARAMETRIC_REPRESENTATION_CONTEXT() REPRESENTATION_CONTEXT('2D SPACE',''
  ) );
#1408 = PCURVE('',#272,#1409);
#1409 = DEFINITIONAL_REPRESENTATION('',(#1410),#1414);
#1410 = LINE('',#1411,#1412);
#1411 = CARTESIAN_POINT('',(1.570796326795,0.));
#1412 = VECTOR('',#1413,1.);
#1413 = DIRECTION('',(0.,1.));
#1414 = ( GEOMETRIC_REPRESENTATION_CONTEXT(2) 
PARAMETRIC_REPRESENTATION_CONTEXT() REPRESENTATION_CONTEXT('2D SPACE',''
  ) );
#1415 = ORIENTED_EDGE('',*,*,#1171,.F.);
#1416 = ORIENTED_EDGE('',*,*,#1417,.T.);
#1417 = EDGE_CURVE('',#1172,#1418,#1420,.T.);
#1418 = VERTEX_POINT('',#1419);
#1419 = CARTESIAN_POINT('',(12.,35.,10.));
#1420 = SURFACE_CURVE('',#1421,(#1425,#1432),.PCURVE_S1.);
#1421 = LINE('',#1422,#1423);
#1422 = CARTESIAN_POINT('',(12.,35.,0.));
#1423 = VECTOR('',#1424,1.);
#1424 = DIRECTION('',(0.,0.,1.));
#1425 = PCURVE('',#300,#1426);
#1426 = DEFINITIONAL_REPRESENTATION('',(#1427),#1431);
#1427 = LINE('',#1428,#1429);
#1428 = CARTESIAN_POINT('',(0.,57.));
#1429 = VECTOR('',#1430,1.);
#1430 = DIRECTION('',(1.,0.));
#1431 = ( GEOMETRIC_REPRESENTATION_CONTEXT(2) 
PARAMETRIC_REPRESENTATION_CONTEXT() REPRESENTATION_CONTEXT('2D SPACE',''
  ) );
#1432 = PCURVE('',#1210,#1433);
#1433 = DEFINITIONAL_REPRESENTATION('',(#1434),#1438);
#1434 = LINE('',#1435,#1436);
#1435 = CARTESIAN_POINT('',(0.,-4.));
#1436 = VECTOR('',#1437,1.);
#1437 = DIRECTION('',(1.,0.));
#1438 = ( GEOMETRIC_REPRESENTATION_CONTEXT(2) 
PARAMETRIC_REPRESENTATION_CONTEXT() REPRESENTATION_CONTEXT('2D SPACE',''
  ) );
#1439 = ORIENTED_EDGE('',*,*,#1440,.F.);
#1440 = EDGE_CURVE('',#1441,#1418,#1443,.T.);
#1441 = VERTEX_POINT('',#1442);
#1442 = CARTESIAN_POINT('',(-12.,35.,10.));
#1443 = SURFACE_CURVE('',#1444,(#1448,#1454),.PCURVE_S1.);
#1444 = LINE('',#1445,#1446);
#1445 = CARTESIAN_POINT('',(-28.5,35.,10.));
#1446 = VECTOR('',#1447,1.);
#1447 = DIRECTION('',(1.,0.,0.));
#1448 = PCURVE('',#300,#1449);
#1449 = DEFINITIONAL_REPRESENTATION('',(#1450),#1453);
#1450 = B_SPLINE_CURVE_WITH_KNOTS('',1,(#1451,#1452),.UNSPECIFIED.,.F.,
  .F.,(2,2),(16.5,40.5),.PIECEWISE_BEZIER_KNOTS.);
#1451 = CARTESIAN_POINT('',(10.,33.));
#1452 = CARTESIAN_POINT('',(10.,57.));
#1453 = ( GEOMETRIC_REPRESENTATION_CONTEXT(2) 
PARAMETRIC_REPRESENTATION_CONTEXT() REPRESENTATION_CONTEXT('2D SPACE',''
  ) );
#1454 = PCURVE('',#1455,#1460);
#1455 = PLANE('',#1456);
#1456 = AXIS2_PLACEMENT_3D('',#1457,#1458,#1459);
#1457 = CARTESIAN_POINT('',(-12.,31.,10.));
#1458 = DIRECTION('',(0.,0.,1.));
#1459 = DIRECTION('',(1.,0.,0.));
#1460 = DEFINITIONAL_REPRESENTATION('',(#1461),#1464);
#1461 = B_SPLINE_CURVE_WITH_KNOTS('',1,(#1462,#1463),.UNSPECIFIED.,.F.,
  .F.,(2,2),(16.5,40.5),.PIECEWISE_BEZIER_KNOTS.);
#1462 = CARTESIAN_POINT('',(0.,4.));
#1463 = CARTESIAN_POINT('',(24.,4.));
#1464 = ( GEOMETRIC_REPRESENTATION_CONTEXT(2) 
PARAMETRIC_REPRESENTATION_CONTEXT() REPRESENTATION_CONTEXT('2D SPACE',''
  ) );
#1465 = ORIENTED_EDGE('',*,*,#1466,.F.);
#1466 = EDGE_CURVE('',#1313,#1441,#1467,.T.);
#1467 = SURFACE_CURVE('',#1468,(#1472,#1479),.PCURVE_S1.);
#1468 = LINE('',#1469,#1470);
#1469 = CARTESIAN_POINT('',(-12.,35.,0.));
#1470 = VECTOR('',#1471,1.);
#1471 = DIRECTION('',(0.,0.,1.));
#1472 = PCURVE('',#300,#1473);
#1473 = DEFINITIONAL_REPRESENTATION('',(#1474),#1478);
#1474 = LINE('',#1475,#1476);
#1475 = CARTESIAN_POINT('',(0.,33.));
#1476 = VECTOR('',#1477,1.);
#1477 = DIRECTION('',(1.,0.));
#1478 = ( GEOMETRIC_REPRESENTATION_CONTEXT(2) 
PARAMETRIC_REPRESENTATION_CONTEXT() REPRESENTATION_CONTEXT('2D SPACE',''
  ) );
#1479 = PCURVE('',#1328,#1480);
#1480 = DEFINITIONAL_REPRESENTATION('',(#1481),#1485);
#1481 = LINE('',#1482,#1483);
#1482 = CARTESIAN_POINT('',(0.,-4.));
#1483 = VECTOR('',#1484,1.);
#1484 = DIRECTION('',(1.,0.));
#1485 = ( GEOMETRIC_REPRESENTATION_CONTEXT(2) 
PARAMETRIC_REPRESENTATION_CONTEXT() REPRESENTATION_CONTEXT('2D SPACE',''
  ) );
#1486 = ADVANCED_FACE('',(#1487),#215,.T.);
#1487 = FACE_BOUND('',#1488,.F.);
#1488 = EDGE_LOOP('',(#1489,#1490,#1491,#1492));
#1489 = ORIENTED_EDGE('',*,*,#1096,.T.);
#1490 = ORIENTED_EDGE('',*,*,#1368,.T.);
#1491 = ORIENTED_EDGE('',*,*,#194,.F.);
#1492 = ORIENTED_EDGE('',*,*,#1493,.F.);
#1493 = EDGE_CURVE('',#1097,#195,#1494,.T.);
#1494 = SURFACE_CURVE('',#1495,(#1499,#1506),.PCURVE_S1.);
#1495 = LINE('',#1496,#1497);
#1496 = CARTESIAN_POINT('',(45.,-30.,0.));
#1497 = VECTOR('',#1498,1.);
#1498 = DIRECTION('',(0.,0.,1.));
#1499 = PCURVE('',#215,#1500);
#1500 = DEFINITIONAL_REPRESENTATION('',(#1501),#1505);
#1501 = LINE('',#1502,#1503);
#1502 = CARTESIAN_POINT('',(-0.,0.));
#1503 = VECTOR('',#1504,1.);
#1504 = DIRECTION('',(-0.,1.));
#1505 = ( GEOMETRIC_REPRESENTATION_CONTEXT(2) 
PARAMETRIC_REPRESENTATION_CONTEXT() REPRESENTATION_CONTEXT('2D SPACE',''
  ) );
#1506 = PCURVE('',#243,#1507);
#1507 = DEFINITIONAL_REPRESENTATION('',(#1508),#1512);
#1508 = LINE('',#1509,#1510);
#1509 = CARTESIAN_POINT('',(0.,-5.));
#1510 = VECTOR('',#1511,1.);
#1511 = DIRECTION('',(1.,0.));
#1512 = ( GEOMETRIC_REPRESENTATION_CONTEXT(2) 
PARAMETRIC_REPRESENTATION_CONTEXT() REPRESENTATION_CONTEXT('2D SPACE',''
  ) );
#1513 = ADVANCED_FACE('',(#1514),#272,.T.);
#1514 = FACE_BOUND('',#1515,.T.);
#1515 = EDGE_LOOP('',(#1516,#1517,#1518,#1519));
#1516 = ORIENTED_EDGE('',*,*,#1147,.T.);
#1517 = ORIENTED_EDGE('',*,*,#1395,.T.);
#1518 = ORIENTED_EDGE('',*,*,#255,.F.);
#1519 = ORIENTED_EDGE('',*,*,#1520,.F.);
#1520 = EDGE_CURVE('',#1125,#228,#1521,.T.);
#1521 = SURFACE_CURVE('',#1522,(#1526,#1533),.PCURVE_S1.);
#1522 = LINE('',#1523,#1524);
#1523 = CARTESIAN_POINT('',(45.,30.,0.));
#1524 = VECTOR('',#1525,1.);
#1525 = DIRECTION('',(0.,0.,1.));
#1526 = PCURVE('',#272,#1527);
#1527 = DEFINITIONAL_REPRESENTATION('',(#1528),#1532);
#1528 = LINE('',#1529,#1530);
#1529 = CARTESIAN_POINT('',(0.,0.));
#1530 = VECTOR('',#1531,1.);
#1531 = DIRECTION('',(0.,1.));
#1532 = ( GEOMETRIC_REPRESENTATION_CONTEXT(2) 
PARAMETRIC_REPRESENTATION_CONTEXT() REPRESENTATION_CONTEXT('2D SPACE',''
  ) );
#1533 = PCURVE('',#243,#1534);
#1534 = DEFINITIONAL_REPRESENTATION('',(#1535),#1539);
#1535 = LINE('',#1536,#1537);
#1536 = CARTESIAN_POINT('',(0.,-65.));
#1537 = VECTOR('',#1538,1.);
#1538 = DIRECTION('',(1.,0.));
#1539 = ( GEOMETRIC_REPRESENTATION_CONTEXT(2) 
PARAMETRIC_REPRESENTATION_CONTEXT() REPRESENTATION_CONTEXT('2D SPACE',''
  ) );
#1540 = ADVANCED_FACE('',(#1541),#243,.T.);
#1541 = FACE_BOUND('',#1542,.T.);
#1542 = EDGE_LOOP('',(#1543,#1544,#1545,#1546));
#1543 = ORIENTED_EDGE('',*,*,#227,.F.);
#1544 = ORIENTED_EDGE('',*,*,#1493,.F.);
#1545 = ORIENTED_EDGE('',*,*,#1124,.T.);
#1546 = ORIENTED_EDGE('',*,*,#1520,.T.);
#1547 = ADVANCED_FACE('',(#1548),#426,.F.);
#1548 = FACE_BOUND('',#1549,.F.);
#1549 = EDGE_LOOP('',(#1550,#1551,#1575,#1604));
#1550 = ORIENTED_EDGE('',*,*,#340,.F.);
#1551 = ORIENTED_EDGE('',*,*,#1552,.T.);
#1552 = EDGE_CURVE('',#341,#1553,#1555,.T.);
#1553 = VERTEX_POINT('',#1554);
#1554 = CARTESIAN_POINT('',(-15.,-4.3,29.2));
#1555 = SURFACE_CURVE('',#1556,(#1561,#1568),.PCURVE_S1.);
#1556 = CIRCLE('',#1557,10.8);
#1557 = AXIS2_PLACEMENT_3D('',#1558,#1559,#1560);
#1558 = CARTESIAN_POINT('',(-15.,-4.3,40.));
#1559 = DIRECTION('',(0.,-1.,1.110223024625E-16));
#1560 = DIRECTION('',(0.,1.110223024625E-16,1.));
#1561 = PCURVE('',#426,#1562);
#1562 = DEFINITIONAL_REPRESENTATION('',(#1563),#1567);
#1563 = LINE('',#1564,#1565);
#1564 = CARTESIAN_POINT('',(0.,0.));
#1565 = VECTOR('',#1566,1.);
#1566 = DIRECTION('',(1.,0.));
#1567 = ( GEOMETRIC_REPRESENTATION_CONTEXT(2) 
PARAMETRIC_REPRESENTATION_CONTEXT() REPRESENTATION_CONTEXT('2D SPACE',''
  ) );
#1568 = PCURVE('',#487,#1569);
#1569 = DEFINITIONAL_REPRESENTATION('',(#1570),#1574);
#1570 = LINE('',#1571,#1572);
#1571 = CARTESIAN_POINT('',(-1.570796326795,-10.1));
#1572 = VECTOR('',#1573,1.);
#1573 = DIRECTION('',(-1.,0.));
#1574 = ( GEOMETRIC_REPRESENTATION_CONTEXT(2) 
PARAMETRIC_REPRESENTATION_CONTEXT() REPRESENTATION_CONTEXT('2D SPACE',''
  ) );
#1575 = ORIENTED_EDGE('',*,*,#1576,.T.);
#1576 = EDGE_CURVE('',#1553,#1577,#1579,.T.);
#1577 = VERTEX_POINT('',#1578);
#1578 = CARTESIAN_POINT('',(-15.,-5.8,30.7));
#1579 = SURFACE_CURVE('',#1580,(#1585,#1592),.PCURVE_S1.);
#1580 = CIRCLE('',#1581,1.5);
#1581 = AXIS2_PLACEMENT_3D('',#1582,#1583,#1584);
#1582 = CARTESIAN_POINT('',(-15.,-4.3,30.7));
#1583 = DIRECTION('',(-1.,-0.,0.));
#1584 = DIRECTION('',(0.,-1.110223024625E-16,-1.));
#1585 = PCURVE('',#426,#1586);
#1586 = DEFINITIONAL_REPRESENTATION('',(#1587),#1591);
#1587 = LINE('',#1588,#1589);
#1588 = CARTESIAN_POINT('',(3.14159265359,0.));
#1589 = VECTOR('',#1590,1.);
#1590 = DIRECTION('',(0.,1.));
#1591 = ( GEOMETRIC_REPRESENTATION_CONTEXT(2) 
PARAMETRIC_REPRESENTATION_CONTEXT() REPRESENTATION_CONTEXT('2D SPACE',''
  ) );
#1592 = PCURVE('',#1593,#1598);
#1593 = CYLINDRICAL_SURFACE('',#1594,1.5);
#1594 = AXIS2_PLACEMENT_3D('',#1595,#1596,#1597);
#1595 = CARTESIAN_POINT('',(-15.,-4.3,30.7));
#1596 = DIRECTION('',(1.,0.,0.));
#1597 = DIRECTION('',(0.,-1.110223024625E-16,-1.));
#1598 = DEFINITIONAL_REPRESENTATION('',(#1599),#1603);
#1599 = LINE('',#1600,#1601);
#1600 = CARTESIAN_POINT('',(-0.,0.));
#1601 = VECTOR('',#1602,1.);
#1602 = DIRECTION('',(-1.,0.));
#1603 = ( GEOMETRIC_REPRESENTATION_CONTEXT(2) 
PARAMETRIC_REPRESENTATION_CONTEXT() REPRESENTATION_CONTEXT('2D SPACE',''
  ) );
#1604 = ORIENTED_EDGE('',*,*,#1605,.F.);
#1605 = EDGE_CURVE('',#343,#1577,#1606,.T.);
#1606 = SURFACE_CURVE('',#1607,(#1612,#1619),.PCURVE_S1.);
#1607 = CIRCLE('',#1608,9.3);
#1608 = AXIS2_PLACEMENT_3D('',#1609,#1610,#1611);
#1609 = CARTESIAN_POINT('',(-15.,-5.8,40.));
#1610 = DIRECTION('',(0.,-1.,1.110223024625E-16));
#1611 = DIRECTION('',(0.,1.110223024625E-16,1.));
#1612 = PCURVE('',#426,#1613);
#1613 = DEFINITIONAL_REPRESENTATION('',(#1614),#1618);
#1614 = LINE('',#1615,#1616);
#1615 = CARTESIAN_POINT('',(0.,1.570796326795));
#1616 = VECTOR('',#1617,1.);
#1617 = DIRECTION('',(1.,0.));
#1618 = ( GEOMETRIC_REPRESENTATION_CONTEXT(2) 
PARAMETRIC_REPRESENTATION_CONTEXT() REPRESENTATION_CONTEXT('2D SPACE',''
  ) );
#1619 = PCURVE('',#953,#1620);
#1620 = DEFINITIONAL_REPRESENTATION('',(#1621),#1625);
#1621 = CIRCLE('',#1622,9.3);
#1622 = AXIS2_PLACEMENT_2D('',#1623,#1624);
#1623 = CARTESIAN_POINT('',(-15.,0.));
#1624 = DIRECTION('',(0.,1.));
#1625 = ( GEOMETRIC_REPRESENTATION_CONTEXT(2) 
PARAMETRIC_REPRESENTATION_CONTEXT() REPRESENTATION_CONTEXT('2D SPACE',''
  ) );
#1626 = ADVANCED_FACE('',(#1627),#953,.F.);
#1627 = FACE_BOUND('',#1628,.F.);
#1628 = EDGE_LOOP('',(#1629,#1630,#1653,#1675));
#1629 = ORIENTED_EDGE('',*,*,#1605,.T.);
#1630 = ORIENTED_EDGE('',*,*,#1631,.T.);
#1631 = EDGE_CURVE('',#1577,#1632,#1634,.T.);
#1632 = VERTEX_POINT('',#1633);
#1633 = CARTESIAN_POINT('',(15.,-5.8,30.7));
#1634 = SURFACE_CURVE('',#1635,(#1639,#1646),.PCURVE_S1.);
#1635 = LINE('',#1636,#1637);
#1636 = CARTESIAN_POINT('',(-15.,-5.8,30.7));
#1637 = VECTOR('',#1638,1.);
#1638 = DIRECTION('',(1.,0.,0.));
#1639 = PCURVE('',#953,#1640);
#1640 = DEFINITIONAL_REPRESENTATION('',(#1641),#1645);
#1641 = LINE('',#1642,#1643);
#1642 = CARTESIAN_POINT('',(-15.,-9.3));
#1643 = VECTOR('',#1644,1.);
#1644 = DIRECTION('',(1.,0.));
#1645 = ( GEOMETRIC_REPRESENTATION_CONTEXT(2) 
PARAMETRIC_REPRESENTATION_CONTEXT() REPRESENTATION_CONTEXT('2D SPACE',''
  ) );
#1646 = PCURVE('',#1593,#1647);
#1647 = DEFINITIONAL_REPRESENTATION('',(#1648),#1652);
#1648 = LINE('',#1649,#1650);
#1649 = CARTESIAN_POINT('',(-1.570796326795,0.));
#1650 = VECTOR('',#1651,1.);
#1651 = DIRECTION('',(-0.,1.));
#1652 = ( GEOMETRIC_REPRESENTATION_CONTEXT(2) 
PARAMETRIC_REPRESENTATION_CONTEXT() REPRESENTATION_CONTEXT('2D SPACE',''
  ) );
#1653 = ORIENTED_EDGE('',*,*,#1654,.T.);
#1654 = EDGE_CURVE('',#1632,#811,#1655,.T.);
#1655 = SURFACE_CURVE('',#1656,(#1661,#1668),.PCURVE_S1.);
#1656 = CIRCLE('',#1657,9.3);
#1657 = AXIS2_PLACEMENT_3D('',#1658,#1659,#1660);
#1658 = CARTESIAN_POINT('',(15.,-5.8,40.));
#1659 = DIRECTION('',(0.,-1.,1.110223024625E-16));
#1660 = DIRECTION('',(1.644774851297E-16,-1.110223024625E-16,-1.));
#1661 = PCURVE('',#953,#1662);
#1662 = DEFINITIONAL_REPRESENTATION('',(#1663),#1667);
#1663 = CIRCLE('',#1664,9.3);
#1664 = AXIS2_PLACEMENT_2D('',#1665,#1666);
#1665 = CARTESIAN_POINT('',(15.,0.));
#1666 = DIRECTION('',(1.644774851297E-16,-1.));
#1667 = ( GEOMETRIC_REPRESENTATION_CONTEXT(2) 
PARAMETRIC_REPRESENTATION_CONTEXT() REPRESENTATION_CONTEXT('2D SPACE',''
  ) );
#1668 = PCURVE('',#894,#1669);
#1669 = DEFINITIONAL_REPRESENTATION('',(#1670),#1674);
#1670 = LINE('',#1671,#1672);
#1671 = CARTESIAN_POINT('',(0.,1.570796326795));
#1672 = VECTOR('',#1673,1.);
#1673 = DIRECTION('',(1.,0.));
#1674 = ( GEOMETRIC_REPRESENTATION_CONTEXT(2) 
PARAMETRIC_REPRESENTATION_CONTEXT() REPRESENTATION_CONTEXT('2D SPACE',''
  ) );
#1675 = ORIENTED_EDGE('',*,*,#940,.F.);
#1676 = ADVANCED_FACE('',(#1677),#894,.F.);
#1677 = FACE_BOUND('',#1678,.F.);
#1678 = EDGE_LOOP('',(#1679,#1703,#1725,#1726));
#1679 = ORIENTED_EDGE('',*,*,#1680,.F.);
#1680 = EDGE_CURVE('',#1681,#1632,#1683,.T.);
#1681 = VERTEX_POINT('',#1682);
#1682 = CARTESIAN_POINT('',(15.,-4.3,29.2));
#1683 = SURFACE_CURVE('',#1684,(#1689,#1696),.PCURVE_S1.);
#1684 = CIRCLE('',#1685,1.5);
#1685 = AXIS2_PLACEMENT_3D('',#1686,#1687,#1688);
#1686 = CARTESIAN_POINT('',(15.,-4.3,30.7));
#1687 = DIRECTION('',(-1.,-0.,0.));
#1688 = DIRECTION('',(0.,-1.110223024625E-16,-1.));
#1689 = PCURVE('',#894,#1690);
#1690 = DEFINITIONAL_REPRESENTATION('',(#1691),#1695);
#1691 = LINE('',#1692,#1693);
#1692 = CARTESIAN_POINT('',(0.,0.));
#1693 = VECTOR('',#1694,1.);
#1694 = DIRECTION('',(0.,1.));
#1695 = ( GEOMETRIC_REPRESENTATION_CONTEXT(2) 
PARAMETRIC_REPRESENTATION_CONTEXT() REPRESENTATION_CONTEXT('2D SPACE',''
  ) );
#1696 = PCURVE('',#1593,#1697);
#1697 = DEFINITIONAL_REPRESENTATION('',(#1698),#1702);
#1698 = LINE('',#1699,#1700);
#1699 = CARTESIAN_POINT('',(-0.,30.));
#1700 = VECTOR('',#1701,1.);
#1701 = DIRECTION('',(-1.,0.));
#1702 = ( GEOMETRIC_REPRESENTATION_CONTEXT(2) 
PARAMETRIC_REPRESENTATION_CONTEXT() REPRESENTATION_CONTEXT('2D SPACE',''
  ) );
#1703 = ORIENTED_EDGE('',*,*,#1704,.T.);
#1704 = EDGE_CURVE('',#1681,#785,#1705,.T.);
#1705 = SURFACE_CURVE('',#1706,(#1711,#1718),.PCURVE_S1.);
#1706 = CIRCLE('',#1707,10.8);
#1707 = AXIS2_PLACEMENT_3D('',#1708,#1709,#1710);
#1708 = CARTESIAN_POINT('',(15.,-4.3,40.));
#1709 = DIRECTION('',(0.,-1.,1.110223024625E-16));
#1710 = DIRECTION('',(1.644774851297E-16,-1.110223024625E-16,-1.));
#1711 = PCURVE('',#894,#1712);
#1712 = DEFINITIONAL_REPRESENTATION('',(#1713),#1717);
#1713 = LINE('',#1714,#1715);
#1714 = CARTESIAN_POINT('',(0.,0.));
#1715 = VECTOR('',#1716,1.);
#1716 = DIRECTION('',(1.,0.));
#1717 = ( GEOMETRIC_REPRESENTATION_CONTEXT(2) 
PARAMETRIC_REPRESENTATION_CONTEXT() REPRESENTATION_CONTEXT('2D SPACE',''
  ) );
#1718 = PCURVE('',#799,#1719);
#1719 = DEFINITIONAL_REPRESENTATION('',(#1720),#1724);
#1720 = LINE('',#1721,#1722);
#1721 = CARTESIAN_POINT('',(-4.712388980385,-10.1));
#1722 = VECTOR('',#1723,1.);
#1723 = DIRECTION('',(-1.,0.));
#1724 = ( GEOMETRIC_REPRESENTATION_CONTEXT(2) 
PARAMETRIC_REPRESENTATION_CONTEXT() REPRESENTATION_CONTEXT('2D SPACE',''
  ) );
#1725 = ORIENTED_EDGE('',*,*,#810,.T.);
#1726 = ORIENTED_EDGE('',*,*,#1654,.F.);
#1727 = ADVANCED_FACE('',(#1728),#799,.F.);
#1728 = FACE_BOUND('',#1729,.T.);
#1729 = EDGE_LOOP('',(#1730,#1731,#1755,#1781));
#1730 = ORIENTED_EDGE('',*,*,#784,.T.);
#1731 = ORIENTED_EDGE('',*,*,#1732,.F.);
#1732 = EDGE_CURVE('',#1733,#655,#1735,.T.);
#1733 = VERTEX_POINT('',#1734);
#1734 = CARTESIAN_POINT('',(15.,4.3,29.2));
#1735 = SURFACE_CURVE('',#1736,(#1741,#1748),.PCURVE_S1.);
#1736 = CIRCLE('',#1737,10.8);
#1737 = AXIS2_PLACEMENT_3D('',#1738,#1739,#1740);
#1738 = CARTESIAN_POINT('',(15.,4.3,40.));
#1739 = DIRECTION('',(0.,-1.,1.110223024625E-16));
#1740 = DIRECTION('',(0.,-1.110223024625E-16,-1.));
#1741 = PCURVE('',#799,#1742);
#1742 = DEFINITIONAL_REPRESENTATION('',(#1743),#1747);
#1743 = LINE('',#1744,#1745);
#1744 = CARTESIAN_POINT('',(-4.712388980385,-1.5));
#1745 = VECTOR('',#1746,1.);
#1746 = DIRECTION('',(-1.,0.));
#1747 = ( GEOMETRIC_REPRESENTATION_CONTEXT(2) 
PARAMETRIC_REPRESENTATION_CONTEXT() REPRESENTATION_CONTEXT('2D SPACE',''
  ) );
#1748 = PCURVE('',#738,#1749);
#1749 = DEFINITIONAL_REPRESENTATION('',(#1750),#1754);
#1750 = LINE('',#1751,#1752);
#1751 = CARTESIAN_POINT('',(-0.,0.));
#1752 = VECTOR('',#1753,1.);
#1753 = DIRECTION('',(-1.,0.));
#1754 = ( GEOMETRIC_REPRESENTATION_CONTEXT(2) 
PARAMETRIC_REPRESENTATION_CONTEXT() REPRESENTATION_CONTEXT('2D SPACE',''
  ) );
#1755 = ORIENTED_EDGE('',*,*,#1756,.T.);
#1756 = EDGE_CURVE('',#1733,#1681,#1757,.T.);
#1757 = SURFACE_CURVE('',#1758,(#1762,#1769),.PCURVE_S1.);
#1758 = LINE('',#1759,#1760);
#1759 = CARTESIAN_POINT('',(15.,5.8,29.2));
#1760 = VECTOR('',#1761,1.);
#1761 = DIRECTION('',(0.,-1.,1.110223024625E-16));
#1762 = PCURVE('',#799,#1763);
#1763 = DEFINITIONAL_REPRESENTATION('',(#1764),#1768);
#1764 = LINE('',#1765,#1766);
#1765 = CARTESIAN_POINT('',(-4.712388980385,0.));
#1766 = VECTOR('',#1767,1.);
#1767 = DIRECTION('',(-0.,-1.));
#1768 = ( GEOMETRIC_REPRESENTATION_CONTEXT(2) 
PARAMETRIC_REPRESENTATION_CONTEXT() REPRESENTATION_CONTEXT('2D SPACE',''
  ) );
#1769 = PCURVE('',#1770,#1775);
#1770 = PLANE('',#1771);
#1771 = AXIS2_PLACEMENT_3D('',#1772,#1773,#1774);
#1772 = CARTESIAN_POINT('',(-15.,5.8,29.2));
#1773 = DIRECTION('',(0.,1.110223024625E-16,1.));
#1774 = DIRECTION('',(1.,0.,0.));
#1775 = DEFINITIONAL_REPRESENTATION('',(#1776),#1780);
#1776 = LINE('',#1777,#1778);
#1777 = CARTESIAN_POINT('',(30.,0.));
#1778 = VECTOR('',#1779,1.);
#1779 = DIRECTION('',(0.,-1.));
#1780 = ( GEOMETRIC_REPRESENTATION_CONTEXT(2) 
PARAMETRIC_REPRESENTATION_CONTEXT() REPRESENTATION_CONTEXT('2D SPACE',''
  ) );
#1781 = ORIENTED_EDGE('',*,*,#1704,.T.);
#1782 = ADVANCED_FACE('',(#1783),#738,.F.);
#1783 = FACE_BOUND('',#1784,.T.);
#1784 = EDGE_LOOP('',(#1785,#1814,#1815,#1816));
#1785 = ORIENTED_EDGE('',*,*,#1786,.F.);
#1786 = EDGE_CURVE('',#1733,#1787,#1789,.T.);
#1787 = VERTEX_POINT('',#1788);
#1788 = CARTESIAN_POINT('',(15.,5.8,30.7));
#1789 = SURFACE_CURVE('',#1790,(#1795,#1802),.PCURVE_S1.);
#1790 = CIRCLE('',#1791,1.5);
#1791 = AXIS2_PLACEMENT_3D('',#1792,#1793,#1794);
#1792 = CARTESIAN_POINT('',(15.,4.3,30.7));
#1793 = DIRECTION('',(1.,0.,0.));
#1794 = DIRECTION('',(0.,-1.110223024625E-16,-1.));
#1795 = PCURVE('',#738,#1796);
#1796 = DEFINITIONAL_REPRESENTATION('',(#1797),#1801);
#1797 = LINE('',#1798,#1799);
#1798 = CARTESIAN_POINT('',(-0.,0.));
#1799 = VECTOR('',#1800,1.);
#1800 = DIRECTION('',(-0.,1.));
#1801 = ( GEOMETRIC_REPRESENTATION_CONTEXT(2) 
PARAMETRIC_REPRESENTATION_CONTEXT() REPRESENTATION_CONTEXT('2D SPACE',''
  ) );
#1802 = PCURVE('',#1803,#1808);
#1803 = CYLINDRICAL_SURFACE('',#1804,1.5);
#1804 = AXIS2_PLACEMENT_3D('',#1805,#1806,#1807);
#1805 = CARTESIAN_POINT('',(-15.,4.3,30.7));
#1806 = DIRECTION('',(1.,0.,0.));
#1807 = DIRECTION('',(0.,-1.110223024625E-16,-1.));
#1808 = DEFINITIONAL_REPRESENTATION('',(#1809),#1813);
#1809 = LINE('',#1810,#1811);
#1810 = CARTESIAN_POINT('',(0.,30.));
#1811 = VECTOR('',#1812,1.);
#1812 = DIRECTION('',(1.,0.));
#1813 = ( GEOMETRIC_REPRESENTATION_CONTEXT(2) 
PARAMETRIC_REPRESENTATION_CONTEXT() REPRESENTATION_CONTEXT('2D SPACE',''
  ) );
#1814 = ORIENTED_EDGE('',*,*,#1732,.T.);
#1815 = ORIENTED_EDGE('',*,*,#654,.T.);
#1816 = ORIENTED_EDGE('',*,*,#1817,.F.);
#1817 = EDGE_CURVE('',#1787,#629,#1818,.T.);
#1818 = SURFACE_CURVE('',#1819,(#1824,#1831),.PCURVE_S1.);
#1819 = CIRCLE('',#1820,9.3);
#1820 = AXIS2_PLACEMENT_3D('',#1821,#1822,#1823);
#1821 = CARTESIAN_POINT('',(15.,5.8,40.));
#1822 = DIRECTION('',(0.,-1.,1.110223024625E-16));
#1823 = DIRECTION('',(0.,-1.110223024625E-16,-1.));
#1824 = PCURVE('',#738,#1825);
#1825 = DEFINITIONAL_REPRESENTATION('',(#1826),#1830);
#1826 = LINE('',#1827,#1828);
#1827 = CARTESIAN_POINT('',(-0.,1.570796326795));
#1828 = VECTOR('',#1829,1.);
#1829 = DIRECTION('',(-1.,0.));
#1830 = ( GEOMETRIC_REPRESENTATION_CONTEXT(2) 
PARAMETRIC_REPRESENTATION_CONTEXT() REPRESENTATION_CONTEXT('2D SPACE',''
  ) );
#1831 = PCURVE('',#643,#1832);
#1832 = DEFINITIONAL_REPRESENTATION('',(#1833),#1837);
#1833 = CIRCLE('',#1834,9.3);
#1834 = AXIS2_PLACEMENT_2D('',#1835,#1836);
#1835 = CARTESIAN_POINT('',(15.,0.));
#1836 = DIRECTION('',(0.,-1.));
#1837 = ( GEOMETRIC_REPRESENTATION_CONTEXT(2) 
PARAMETRIC_REPRESENTATION_CONTEXT() REPRESENTATION_CONTEXT('2D SPACE',''
  ) );
#1838 = ADVANCED_FACE('',(#1839),#643,.T.);
#1839 = FACE_BOUND('',#1840,.T.);
#1840 = EDGE_LOOP('',(#1841,#1865,#1886,#1887));
#1841 = ORIENTED_EDGE('',*,*,#1842,.T.);
#1842 = EDGE_CURVE('',#499,#1843,#1845,.T.);
#1843 = VERTEX_POINT('',#1844);
#1844 = CARTESIAN_POINT('',(-15.,5.8,30.7));
#1845 = SURFACE_CURVE('',#1846,(#1851,#1858),.PCURVE_S1.);
#1846 = CIRCLE('',#1847,9.3);
#1847 = AXIS2_PLACEMENT_3D('',#1848,#1849,#1850);
#1848 = CARTESIAN_POINT('',(-15.,5.8,40.));
#1849 = DIRECTION('',(0.,-1.,1.110223024625E-16));
#1850 = DIRECTION('',(0.,1.110223024625E-16,1.));
#1851 = PCURVE('',#643,#1852);
#1852 = DEFINITIONAL_REPRESENTATION('',(#1853),#1857);
#1853 = CIRCLE('',#1854,9.3);
#1854 = AXIS2_PLACEMENT_2D('',#1855,#1856);
#1855 = CARTESIAN_POINT('',(-15.,0.));
#1856 = DIRECTION('',(0.,1.));
#1857 = ( GEOMETRIC_REPRESENTATION_CONTEXT(2) 
PARAMETRIC_REPRESENTATION_CONTEXT() REPRESENTATION_CONTEXT('2D SPACE',''
  ) );
#1858 = PCURVE('',#582,#1859);
#1859 = DEFINITIONAL_REPRESENTATION('',(#1860),#1864);
#1860 = LINE('',#1861,#1862);
#1861 = CARTESIAN_POINT('',(-0.,1.570796326795));
#1862 = VECTOR('',#1863,1.);
#1863 = DIRECTION('',(-1.,0.));
#1864 = ( GEOMETRIC_REPRESENTATION_CONTEXT(2) 
PARAMETRIC_REPRESENTATION_CONTEXT() REPRESENTATION_CONTEXT('2D SPACE',''
  ) );
#1865 = ORIENTED_EDGE('',*,*,#1866,.T.);
#1866 = EDGE_CURVE('',#1843,#1787,#1867,.T.);
#1867 = SURFACE_CURVE('',#1868,(#1872,#1879),.PCURVE_S1.);
#1868 = LINE('',#1869,#1870);
#1869 = CARTESIAN_POINT('',(-15.,5.8,30.7));
#1870 = VECTOR('',#1871,1.);
#1871 = DIRECTION('',(1.,0.,0.));
#1872 = PCURVE('',#643,#1873);
#1873 = DEFINITIONAL_REPRESENTATION('',(#1874),#1878);
#1874 = LINE('',#1875,#1876);
#1875 = CARTESIAN_POINT('',(-15.,-9.3));
#1876 = VECTOR('',#1877,1.);
#1877 = DIRECTION('',(1.,0.));
#1878 = ( GEOMETRIC_REPRESENTATION_CONTEXT(2) 
PARAMETRIC_REPRESENTATION_CONTEXT() REPRESENTATION_CONTEXT('2D SPACE',''
  ) );
#1879 = PCURVE('',#1803,#1880);
#1880 = DEFINITIONAL_REPRESENTATION('',(#1881),#1885);
#1881 = LINE('',#1882,#1883);
#1882 = CARTESIAN_POINT('',(1.570796326795,0.));
#1883 = VECTOR('',#1884,1.);
#1884 = DIRECTION('',(0.,1.));
#1885 = ( GEOMETRIC_REPRESENTATION_CONTEXT(2) 
PARAMETRIC_REPRESENTATION_CONTEXT() REPRESENTATION_CONTEXT('2D SPACE',''
  ) );
#1886 = ORIENTED_EDGE('',*,*,#1817,.T.);
#1887 = ORIENTED_EDGE('',*,*,#628,.F.);
#1888 = ADVANCED_FACE('',(#1889),#582,.F.);
#1889 = FACE_BOUND('',#1890,.T.);
#1890 = EDGE_LOOP('',(#1891,#1892,#1916,#1938));
#1891 = ORIENTED_EDGE('',*,*,#498,.F.);
#1892 = ORIENTED_EDGE('',*,*,#1893,.T.);
#1893 = EDGE_CURVE('',#473,#1894,#1896,.T.);
#1894 = VERTEX_POINT('',#1895);
#1895 = CARTESIAN_POINT('',(-15.,4.3,29.2));
#1896 = SURFACE_CURVE('',#1897,(#1902,#1909),.PCURVE_S1.);
#1897 = CIRCLE('',#1898,10.8);
#1898 = AXIS2_PLACEMENT_3D('',#1899,#1900,#1901);
#1899 = CARTESIAN_POINT('',(-15.,4.3,40.));
#1900 = DIRECTION('',(0.,-1.,1.110223024625E-16));
#1901 = DIRECTION('',(0.,1.110223024625E-16,1.));
#1902 = PCURVE('',#582,#1903);
#1903 = DEFINITIONAL_REPRESENTATION('',(#1904),#1908);
#1904 = LINE('',#1905,#1906);
#1905 = CARTESIAN_POINT('',(-0.,0.));
#1906 = VECTOR('',#1907,1.);
#1907 = DIRECTION('',(-1.,0.));
#1908 = ( GEOMETRIC_REPRESENTATION_CONTEXT(2) 
PARAMETRIC_REPRESENTATION_CONTEXT() REPRESENTATION_CONTEXT('2D SPACE',''
  ) );
#1909 = PCURVE('',#487,#1910);
#1910 = DEFINITIONAL_REPRESENTATION('',(#1911),#1915);
#1911 = LINE('',#1912,#1913);
#1912 = CARTESIAN_POINT('',(-1.570796326795,-1.5));
#1913 = VECTOR('',#1914,1.);
#1914 = DIRECTION('',(-1.,0.));
#1915 = ( GEOMETRIC_REPRESENTATION_CONTEXT(2) 
PARAMETRIC_REPRESENTATION_CONTEXT() REPRESENTATION_CONTEXT('2D SPACE',''
  ) );
#1916 = ORIENTED_EDGE('',*,*,#1917,.T.);
#1917 = EDGE_CURVE('',#1894,#1843,#1918,.T.);
#1918 = SURFACE_CURVE('',#1919,(#1924,#1931),.PCURVE_S1.);
#1919 = CIRCLE('',#1920,1.5);
#1920 = AXIS2_PLACEMENT_3D('',#1921,#1922,#1923);
#1921 = CARTESIAN_POINT('',(-15.,4.3,30.7));
#1922 = DIRECTION('',(1.,0.,0.));
#1923 = DIRECTION('',(0.,-1.110223024625E-16,-1.));
#1924 = PCURVE('',#582,#1925);
#1925 = DEFINITIONAL_REPRESENTATION('',(#1926),#1930);
#1926 = LINE('',#1927,#1928);
#1927 = CARTESIAN_POINT('',(-3.14159265359,0.));
#1928 = VECTOR('',#1929,1.);
#1929 = DIRECTION('',(-0.,1.));
#1930 = ( GEOMETRIC_REPRESENTATION_CONTEXT(2) 
PARAMETRIC_REPRESENTATION_CONTEXT() REPRESENTATION_CONTEXT('2D SPACE',''
  ) );
#1931 = PCURVE('',#1803,#1932);
#1932 = DEFINITIONAL_REPRESENTATION('',(#1933),#1937);
#1933 = LINE('',#1934,#1935);
#1934 = CARTESIAN_POINT('',(0.,0.));
#1935 = VECTOR('',#1936,1.);
#1936 = DIRECTION('',(1.,0.));
#1937 = ( GEOMETRIC_REPRESENTATION_CONTEXT(2) 
PARAMETRIC_REPRESENTATION_CONTEXT() REPRESENTATION_CONTEXT('2D SPACE',''
  ) );
#1938 = ORIENTED_EDGE('',*,*,#1842,.F.);
#1939 = ADVANCED_FACE('',(#1940),#487,.F.);
#1940 = FACE_BOUND('',#1941,.T.);
#1941 = EDGE_LOOP('',(#1942,#1963,#1964,#1965));
#1942 = ORIENTED_EDGE('',*,*,#1943,.F.);
#1943 = EDGE_CURVE('',#1894,#1553,#1944,.T.);
#1944 = SURFACE_CURVE('',#1945,(#1949,#1956),.PCURVE_S1.);
#1945 = LINE('',#1946,#1947);
#1946 = CARTESIAN_POINT('',(-15.,5.8,29.2));
#1947 = VECTOR('',#1948,1.);
#1948 = DIRECTION('',(0.,-1.,1.110223024625E-16));
#1949 = PCURVE('',#487,#1950);
#1950 = DEFINITIONAL_REPRESENTATION('',(#1951),#1955);
#1951 = LINE('',#1952,#1953);
#1952 = CARTESIAN_POINT('',(-4.712388980385,0.));
#1953 = VECTOR('',#1954,1.);
#1954 = DIRECTION('',(-0.,-1.));
#1955 = ( GEOMETRIC_REPRESENTATION_CONTEXT(2) 
PARAMETRIC_REPRESENTATION_CONTEXT() REPRESENTATION_CONTEXT('2D SPACE',''
  ) );
#1956 = PCURVE('',#1770,#1957);
#1957 = DEFINITIONAL_REPRESENTATION('',(#1958),#1962);
#1958 = LINE('',#1959,#1960);
#1959 = CARTESIAN_POINT('',(0.,0.));
#1960 = VECTOR('',#1961,1.);
#1961 = DIRECTION('',(0.,-1.));
#1962 = ( GEOMETRIC_REPRESENTATION_CONTEXT(2) 
PARAMETRIC_REPRESENTATION_CONTEXT() REPRESENTATION_CONTEXT('2D SPACE',''
  ) );
#1963 = ORIENTED_EDGE('',*,*,#1893,.F.);
#1964 = ORIENTED_EDGE('',*,*,#472,.F.);
#1965 = ORIENTED_EDGE('',*,*,#1552,.T.);
#1966 = ADVANCED_FACE('',(#1967),#1210,.T.);
#1967 = FACE_BOUND('',#1968,.T.);
#1968 = EDGE_LOOP('',(#1969,#1992,#1993,#1994));
#1969 = ORIENTED_EDGE('',*,*,#1970,.F.);
#1970 = EDGE_CURVE('',#1418,#1971,#1973,.T.);
#1971 = VERTEX_POINT('',#1972);
#1972 = CARTESIAN_POINT('',(12.,51.,10.));
#1973 = SURFACE_CURVE('',#1974,(#1978,#1985),.PCURVE_S1.);
#1974 = LINE('',#1975,#1976);
#1975 = CARTESIAN_POINT('',(12.,31.,10.));
#1976 = VECTOR('',#1977,1.);
#1977 = DIRECTION('',(0.,1.,0.));
#1978 = PCURVE('',#1210,#1979);
#1979 = DEFINITIONAL_REPRESENTATION('',(#1980),#1984);
#1980 = LINE('',#1981,#1982);
#1981 = CARTESIAN_POINT('',(10.,0.));
#1982 = VECTOR('',#1983,1.);
#1983 = DIRECTION('',(0.,-1.));
#1984 = ( GEOMETRIC_REPRESENTATION_CONTEXT(2) 
PARAMETRIC_REPRESENTATION_CONTEXT() REPRESENTATION_CONTEXT('2D SPACE',''
  ) );
#1985 = PCURVE('',#1455,#1986);
#1986 = DEFINITIONAL_REPRESENTATION('',(#1987),#1991);
#1987 = LINE('',#1988,#1989);
#1988 = CARTESIAN_POINT('',(24.,0.));
#1989 = VECTOR('',#1990,1.);
#1990 = DIRECTION('',(0.,1.));
#1991 = ( GEOMETRIC_REPRESENTATION_CONTEXT(2) 
PARAMETRIC_REPRESENTATION_CONTEXT() REPRESENTATION_CONTEXT('2D SPACE',''
  ) );
#1992 = ORIENTED_EDGE('',*,*,#1417,.F.);
#1993 = ORIENTED_EDGE('',*,*,#1194,.T.);
#1994 = ORIENTED_EDGE('',*,*,#1995,.T.);
#1995 = EDGE_CURVE('',#1195,#1971,#1996,.T.);
#1996 = SURFACE_CURVE('',#1997,(#2001,#2008),.PCURVE_S1.);
#1997 = LINE('',#1998,#1999);
#1998 = CARTESIAN_POINT('',(12.,51.,0.));
#1999 = VECTOR('',#2000,1.);
#2000 = DIRECTION('',(0.,0.,1.));
#2001 = PCURVE('',#1210,#2002);
#2002 = DEFINITIONAL_REPRESENTATION('',(#2003),#2007);
#2003 = LINE('',#2004,#2005);
#2004 = CARTESIAN_POINT('',(0.,-20.));
#2005 = VECTOR('',#2006,1.);
#2006 = DIRECTION('',(1.,0.));
#2007 = ( GEOMETRIC_REPRESENTATION_CONTEXT(2) 
PARAMETRIC_REPRESENTATION_CONTEXT() REPRESENTATION_CONTEXT('2D SPACE',''
  ) );
#2008 = PCURVE('',#1239,#2009);
#2009 = DEFINITIONAL_REPRESENTATION('',(#2010),#2014);
#2010 = LINE('',#2011,#2012);
#2011 = CARTESIAN_POINT('',(0.,0.));
#2012 = VECTOR('',#2013,1.);
#2013 = DIRECTION('',(0.,1.));
#2014 = ( GEOMETRIC_REPRESENTATION_CONTEXT(2) 
PARAMETRIC_REPRESENTATION_CONTEXT() REPRESENTATION_CONTEXT('2D SPACE',''
  ) );
#2015 = ADVANCED_FACE('',(#2016),#1239,.T.);
#2016 = FACE_BOUND('',#2017,.T.);
#2017 = EDGE_LOOP('',(#2018,#2019,#2042,#2064));
#2018 = ORIENTED_EDGE('',*,*,#1222,.T.);
#2019 = ORIENTED_EDGE('',*,*,#2020,.T.);
#2020 = EDGE_CURVE('',#1223,#2021,#2023,.T.);
#2021 = VERTEX_POINT('',#2022);
#2022 = CARTESIAN_POINT('',(8.,55.,10.));
#2023 = SURFACE_CURVE('',#2024,(#2028,#2035),.PCURVE_S1.);
#2024 = LINE('',#2025,#2026);
#2025 = CARTESIAN_POINT('',(8.,55.,0.));
#2026 = VECTOR('',#2027,1.);
#2027 = DIRECTION('',(0.,0.,1.));
#2028 = PCURVE('',#1239,#2029);
#2029 = DEFINITIONAL_REPRESENTATION('',(#2030),#2034);
#2030 = LINE('',#2031,#2032);
#2031 = CARTESIAN_POINT('',(1.570796326795,0.));
#2032 = VECTOR('',#2033,1.);
#2033 = DIRECTION('',(0.,1.));
#2034 = ( GEOMETRIC_REPRESENTATION_CONTEXT(2) 
PARAMETRIC_REPRESENTATION_CONTEXT() REPRESENTATION_CONTEXT('2D SPACE',''
  ) );
#2035 = PCURVE('',#1267,#2036);
#2036 = DEFINITIONAL_REPRESENTATION('',(#2037),#2041);
#2037 = LINE('',#2038,#2039);
#2038 = CARTESIAN_POINT('',(0.,20.));
#2039 = VECTOR('',#2040,1.);
#2040 = DIRECTION('',(1.,0.));
#2041 = ( GEOMETRIC_REPRESENTATION_CONTEXT(2) 
PARAMETRIC_REPRESENTATION_CONTEXT() REPRESENTATION_CONTEXT('2D SPACE',''
  ) );
#2042 = ORIENTED_EDGE('',*,*,#2043,.F.);
#2043 = EDGE_CURVE('',#1971,#2021,#2044,.T.);
#2044 = SURFACE_CURVE('',#2045,(#2050,#2057),.PCURVE_S1.);
#2045 = CIRCLE('',#2046,4.);
#2046 = AXIS2_PLACEMENT_3D('',#2047,#2048,#2049);
#2047 = CARTESIAN_POINT('',(8.,51.,10.));
#2048 = DIRECTION('',(0.,0.,1.));
#2049 = DIRECTION('',(0.,-1.,0.));
#2050 = PCURVE('',#1239,#2051);
#2051 = DEFINITIONAL_REPRESENTATION('',(#2052),#2056);
#2052 = LINE('',#2053,#2054);
#2053 = CARTESIAN_POINT('',(-1.570796326795,10.));
#2054 = VECTOR('',#2055,1.);
#2055 = DIRECTION('',(1.,0.));
#2056 = ( GEOMETRIC_REPRESENTATION_CONTEXT(2) 
PARAMETRIC_REPRESENTATION_CONTEXT() REPRESENTATION_CONTEXT('2D SPACE',''
  ) );
#2057 = PCURVE('',#1455,#2058);
#2058 = DEFINITIONAL_REPRESENTATION('',(#2059),#2063);
#2059 = CIRCLE('',#2060,4.);
#2060 = AXIS2_PLACEMENT_2D('',#2061,#2062);
#2061 = CARTESIAN_POINT('',(20.,20.));
#2062 = DIRECTION('',(0.,-1.));
#2063 = ( GEOMETRIC_REPRESENTATION_CONTEXT(2) 
PARAMETRIC_REPRESENTATION_CONTEXT() REPRESENTATION_CONTEXT('2D SPACE',''
  ) );
#2064 = ORIENTED_EDGE('',*,*,#1995,.F.);
#2065 = ADVANCED_FACE('',(#2066),#1267,.T.);
#2066 = FACE_BOUND('',#2067,.T.);
#2067 = EDGE_LOOP('',(#2068,#2069,#2092,#2113));
#2068 = ORIENTED_EDGE('',*,*,#1251,.F.);
#2069 = ORIENTED_EDGE('',*,*,#2070,.T.);
#2070 = EDGE_CURVE('',#1252,#2071,#2073,.T.);
#2071 = VERTEX_POINT('',#2072);
#2072 = CARTESIAN_POINT('',(-8.,55.,10.));
#2073 = SURFACE_CURVE('',#2074,(#2078,#2085),.PCURVE_S1.);
#2074 = LINE('',#2075,#2076);
#2075 = CARTESIAN_POINT('',(-8.,55.,0.));
#2076 = VECTOR('',#2077,1.);
#2077 = DIRECTION('',(0.,0.,1.));
#2078 = PCURVE('',#1267,#2079);
#2079 = DEFINITIONAL_REPRESENTATION('',(#2080),#2084);
#2080 = LINE('',#2081,#2082);
#2081 = CARTESIAN_POINT('',(0.,4.));
#2082 = VECTOR('',#2083,1.);
#2083 = DIRECTION('',(1.,0.));
#2084 = ( GEOMETRIC_REPRESENTATION_CONTEXT(2) 
PARAMETRIC_REPRESENTATION_CONTEXT() REPRESENTATION_CONTEXT('2D SPACE',''
  ) );
#2085 = PCURVE('',#1300,#2086);
#2086 = DEFINITIONAL_REPRESENTATION('',(#2087),#2091);
#2087 = LINE('',#2088,#2089);
#2088 = CARTESIAN_POINT('',(-1.570796326795,0.));
#2089 = VECTOR('',#2090,1.);
#2090 = DIRECTION('',(-0.,1.));
#2091 = ( GEOMETRIC_REPRESENTATION_CONTEXT(2) 
PARAMETRIC_REPRESENTATION_CONTEXT() REPRESENTATION_CONTEXT('2D SPACE',''
  ) );
#2092 = ORIENTED_EDGE('',*,*,#2093,.T.);
#2093 = EDGE_CURVE('',#2071,#2021,#2094,.T.);
#2094 = SURFACE_CURVE('',#2095,(#2099,#2106),.PCURVE_S1.);
#2095 = LINE('',#2096,#2097);
#2096 = CARTESIAN_POINT('',(-12.,55.,10.));
#2097 = VECTOR('',#2098,1.);
#2098 = DIRECTION('',(1.,0.,0.));
#2099 = PCURVE('',#1267,#2100);
#2100 = DEFINITIONAL_REPRESENTATION('',(#2101),#2105);
#2101 = LINE('',#2102,#2103);
#2102 = CARTESIAN_POINT('',(10.,0.));
#2103 = VECTOR('',#2104,1.);
#2104 = DIRECTION('',(0.,1.));
#2105 = ( GEOMETRIC_REPRESENTATION_CONTEXT(2) 
PARAMETRIC_REPRESENTATION_CONTEXT() REPRESENTATION_CONTEXT('2D SPACE',''
  ) );
#2106 = PCURVE('',#1455,#2107);
#2107 = DEFINITIONAL_REPRESENTATION('',(#2108),#2112);
#2108 = LINE('',#2109,#2110);
#2109 = CARTESIAN_POINT('',(0.,24.));
#2110 = VECTOR('',#2111,1.);
#2111 = DIRECTION('',(1.,0.));
#2112 = ( GEOMETRIC_REPRESENTATION_CONTEXT(2) 
PARAMETRIC_REPRESENTATION_CONTEXT() REPRESENTATION_CONTEXT('2D SPACE',''
  ) );
#2113 = ORIENTED_EDGE('',*,*,#2020,.F.);
#2114 = ADVANCED_FACE('',(#2115),#1300,.T.);
#2115 = FACE_BOUND('',#2116,.F.);
#2116 = EDGE_LOOP('',(#2117,#2118,#2119,#2147));
#2117 = ORIENTED_EDGE('',*,*,#1279,.T.);
#2118 = ORIENTED_EDGE('',*,*,#2070,.T.);
#2119 = ORIENTED_EDGE('',*,*,#2120,.F.);
#2120 = EDGE_CURVE('',#2121,#2071,#2123,.T.);
#2121 = VERTEX_POINT('',#2122);
#2122 = CARTESIAN_POINT('',(-12.,51.,10.));
#2123 = SURFACE_CURVE('',#2124,(#2129,#2136),.PCURVE_S1.);
#2124 = CIRCLE('',#2125,4.);
#2125 = AXIS2_PLACEMENT_3D('',#2126,#2127,#2128);
#2126 = CARTESIAN_POINT('',(-8.,51.,10.));
#2127 = DIRECTION('',(-0.,-0.,-1.));
#2128 = DIRECTION('',(0.,-1.,0.));
#2129 = PCURVE('',#1300,#2130);
#2130 = DEFINITIONAL_REPRESENTATION('',(#2131),#2135);
#2131 = LINE('',#2132,#2133);
#2132 = CARTESIAN_POINT('',(1.570796326795,10.));
#2133 = VECTOR('',#2134,1.);
#2134 = DIRECTION('',(-1.,0.));
#2135 = ( GEOMETRIC_REPRESENTATION_CONTEXT(2) 
PARAMETRIC_REPRESENTATION_CONTEXT() REPRESENTATION_CONTEXT('2D SPACE',''
  ) );
#2136 = PCURVE('',#1455,#2137);
#2137 = DEFINITIONAL_REPRESENTATION('',(#2138),#2146);
#2138 = ( BOUNDED_CURVE() B_SPLINE_CURVE(2,(#2139,#2140,#2141,#2142,
#2143,#2144,#2145),.UNSPECIFIED.,.T.,.F.) B_SPLINE_CURVE_WITH_KNOTS((1,2
    ,2,2,2,1),(-2.094395102393,0.,2.094395102393,4.188790204786,
6.28318530718,8.377580409573),.UNSPECIFIED.) CURVE() 
GEOMETRIC_REPRESENTATION_ITEM() RATIONAL_B_SPLINE_CURVE((1.,0.5,1.,0.5,
1.,0.5,1.)) REPRESENTATION_ITEM('') );
#2139 = CARTESIAN_POINT('',(4.,16.));
#2140 = CARTESIAN_POINT('',(-2.928203230276,16.));
#2141 = CARTESIAN_POINT('',(0.535898384862,22.));
#2142 = CARTESIAN_POINT('',(4.,28.));
#2143 = CARTESIAN_POINT('',(7.464101615138,22.));
#2144 = CARTESIAN_POINT('',(10.928203230276,16.));
#2145 = CARTESIAN_POINT('',(4.,16.));
#2146 = ( GEOMETRIC_REPRESENTATION_CONTEXT(2) 
PARAMETRIC_REPRESENTATION_CONTEXT() REPRESENTATION_CONTEXT('2D SPACE',''
  ) );
#2147 = ORIENTED_EDGE('',*,*,#2148,.F.);
#2148 = EDGE_CURVE('',#1280,#2121,#2149,.T.);
#2149 = SURFACE_CURVE('',#2150,(#2154,#2161),.PCURVE_S1.);
#2150 = LINE('',#2151,#2152);
#2151 = CARTESIAN_POINT('',(-12.,51.,0.));
#2152 = VECTOR('',#2153,1.);
#2153 = DIRECTION('',(0.,0.,1.));
#2154 = PCURVE('',#1300,#2155);
#2155 = DEFINITIONAL_REPRESENTATION('',(#2156),#2160);
#2156 = LINE('',#2157,#2158);
#2157 = CARTESIAN_POINT('',(-0.,0.));
#2158 = VECTOR('',#2159,1.);
#2159 = DIRECTION('',(-0.,1.));
#2160 = ( GEOMETRIC_REPRESENTATION_CONTEXT(2) 
PARAMETRIC_REPRESENTATION_CONTEXT() REPRESENTATION_CONTEXT('2D SPACE',''
  ) );
#2161 = PCURVE('',#1328,#2162);
#2162 = DEFINITIONAL_REPRESENTATION('',(#2163),#2167);
#2163 = LINE('',#2164,#2165);
#2164 = CARTESIAN_POINT('',(0.,-20.));
#2165 = VECTOR('',#2166,1.);
#2166 = DIRECTION('',(1.,0.));
#2167 = ( GEOMETRIC_REPRESENTATION_CONTEXT(2) 
PARAMETRIC_REPRESENTATION_CONTEXT() REPRESENTATION_CONTEXT('2D SPACE',''
  ) );
#2168 = ADVANCED_FACE('',(#2169),#1328,.F.);
#2169 = FACE_BOUND('',#2170,.F.);
#2170 = EDGE_LOOP('',(#2171,#2192,#2193,#2194));
#2171 = ORIENTED_EDGE('',*,*,#2172,.F.);
#2172 = EDGE_CURVE('',#1441,#2121,#2173,.T.);
#2173 = SURFACE_CURVE('',#2174,(#2178,#2185),.PCURVE_S1.);
#2174 = LINE('',#2175,#2176);
#2175 = CARTESIAN_POINT('',(-12.,31.,10.));
#2176 = VECTOR('',#2177,1.);
#2177 = DIRECTION('',(0.,1.,0.));
#2178 = PCURVE('',#1328,#2179);
#2179 = DEFINITIONAL_REPRESENTATION('',(#2180),#2184);
#2180 = LINE('',#2181,#2182);
#2181 = CARTESIAN_POINT('',(10.,0.));
#2182 = VECTOR('',#2183,1.);
#2183 = DIRECTION('',(0.,-1.));
#2184 = ( GEOMETRIC_REPRESENTATION_CONTEXT(2) 
PARAMETRIC_REPRESENTATION_CONTEXT() REPRESENTATION_CONTEXT('2D SPACE',''
  ) );
#2185 = PCURVE('',#1455,#2186);
#2186 = DEFINITIONAL_REPRESENTATION('',(#2187),#2191);
#2187 = LINE('',#2188,#2189);
#2188 = CARTESIAN_POINT('',(0.,0.));
#2189 = VECTOR('',#2190,1.);
#2190 = DIRECTION('',(0.,1.));
#2191 = ( GEOMETRIC_REPRESENTATION_CONTEXT(2) 
PARAMETRIC_REPRESENTATION_CONTEXT() REPRESENTATION_CONTEXT('2D SPACE',''
  ) );
#2192 = ORIENTED_EDGE('',*,*,#1466,.F.);
#2193 = ORIENTED_EDGE('',*,*,#1312,.T.);
#2194 = ORIENTED_EDGE('',*,*,#2148,.T.);
#2195 = ADVANCED_FACE('',(#2196),#1455,.T.);
#2196 = FACE_BOUND('',#2197,.T.);
#2197 = EDGE_LOOP('',(#2198,#2199,#2200,#2201,#2202,#2203));
#2198 = ORIENTED_EDGE('',*,*,#2172,.F.);
#2199 = ORIENTED_EDGE('',*,*,#1440,.T.);
#2200 = ORIENTED_EDGE('',*,*,#1970,.T.);
#2201 = ORIENTED_EDGE('',*,*,#2043,.T.);
#2202 = ORIENTED_EDGE('',*,*,#2093,.F.);
#2203 = ORIENTED_EDGE('',*,*,#2120,.F.);
#2204 = ADVANCED_FACE('',(#2205),#1593,.F.);
#2205 = FACE_BOUND('',#2206,.T.);
#2206 = EDGE_LOOP('',(#2207,#2208,#2209,#2210));
#2207 = ORIENTED_EDGE('',*,*,#1576,.T.);
#2208 = ORIENTED_EDGE('',*,*,#1631,.T.);
#2209 = ORIENTED_EDGE('',*,*,#1680,.F.);
#2210 = ORIENTED_EDGE('',*,*,#2211,.F.);
#2211 = EDGE_CURVE('',#1553,#1681,#2212,.T.);
#2212 = SURFACE_CURVE('',#2213,(#2217,#2224),.PCURVE_S1.);
#2213 = LINE('',#2214,#2215);
#2214 = CARTESIAN_POINT('',(-15.,-4.3,29.2));
#2215 = VECTOR('',#2216,1.);
#2216 = DIRECTION('',(1.,0.,0.));
#2217 = PCURVE('',#1593,#2218);
#2218 = DEFINITIONAL_REPRESENTATION('',(#2219),#2223);
#2219 = LINE('',#2220,#2221);
#2220 = CARTESIAN_POINT('',(-0.,0.));
#2221 = VECTOR('',#2222,1.);
#2222 = DIRECTION('',(-0.,1.));
#2223 = ( GEOMETRIC_REPRESENTATION_CONTEXT(2) 
PARAMETRIC_REPRESENTATION_CONTEXT() REPRESENTATION_CONTEXT('2D SPACE',''
  ) );
#2224 = PCURVE('',#1770,#2225);
#2225 = DEFINITIONAL_REPRESENTATION('',(#2226),#2230);
#2226 = LINE('',#2227,#2228);
#2227 = CARTESIAN_POINT('',(0.,-10.1));
#2228 = VECTOR('',#2229,1.);
#2229 = DIRECTION('',(1.,0.));
#2230 = ( GEOMETRIC_REPRESENTATION_CONTEXT(2) 
PARAMETRIC_REPRESENTATION_CONTEXT() REPRESENTATION_CONTEXT('2D SPACE',''
  ) );
#2231 = ADVANCED_FACE('',(#2232),#1770,.T.);
#2232 = FACE_BOUND('',#2233,.T.);
#2233 = EDGE_LOOP('',(#2234,#2235,#2236,#2237));
#2234 = ORIENTED_EDGE('',*,*,#1943,.T.);
#2235 = ORIENTED_EDGE('',*,*,#2211,.T.);
#2236 = ORIENTED_EDGE('',*,*,#1756,.F.);
#2237 = ORIENTED_EDGE('',*,*,#2238,.F.);
#2238 = EDGE_CURVE('',#1894,#1733,#2239,.T.);
#2239 = SURFACE_CURVE('',#2240,(#2244,#2251),.PCURVE_S1.);
#2240 = LINE('',#2241,#2242);
#2241 = CARTESIAN_POINT('',(-15.,4.3,29.2));
#2242 = VECTOR('',#2243,1.);
#2243 = DIRECTION('',(1.,0.,0.));
#2244 = PCURVE('',#1770,#2245);
#2245 = DEFINITIONAL_REPRESENTATION('',(#2246),#2250);
#2246 = LINE('',#2247,#2248);
#2247 = CARTESIAN_POINT('',(0.,-1.5));
#2248 = VECTOR('',#2249,1.);
#2249 = DIRECTION('',(1.,0.));
#2250 = ( GEOMETRIC_REPRESENTATION_CONTEXT(2) 
PARAMETRIC_REPRESENTATION_CONTEXT() REPRESENTATION_CONTEXT('2D SPACE',''
  ) );
#2251 = PCURVE('',#1803,#2252);
#2252 = DEFINITIONAL_REPRESENTATION('',(#2253),#2257);
#2253 = LINE('',#2254,#2255);
#2254 = CARTESIAN_POINT('',(0.,0.));
#2255 = VECTOR('',#2256,1.);
#2256 = DIRECTION('',(0.,1.));
#2257 = ( GEOMETRIC_REPRESENTATION_CONTEXT(2) 
PARAMETRIC_REPRESENTATION_CONTEXT() REPRESENTATION_CONTEXT('2D SPACE',''
  ) );
#2258 = ADVANCED_FACE('',(#2259),#1803,.F.);
#2259 = FACE_BOUND('',#2260,.F.);
#2260 = EDGE_LOOP('',(#2261,#2262,#2263,#2264));
#2261 = ORIENTED_EDGE('',*,*,#1917,.T.);
#2262 = ORIENTED_EDGE('',*,*,#1866,.T.);
#2263 = ORIENTED_EDGE('',*,*,#1786,.F.);
#2264 = ORIENTED_EDGE('',*,*,#2238,.F.);
#2265 = ( GEOMETRIC_REPRESENTATION_CONTEXT(3) 
GLOBAL_UNCERTAINTY_ASSIGNED_CONTEXT((#2269)) 
GLOBAL_UNIT_ASSIGNED_CONTEXT((#2266,#2267,#2268)) REPRESENTATION_CONTEXT
('Context #1','3D Context with UNIT and UNCERTAINTY') );
#2266 = ( LENGTH_UNIT() NAMED_UNIT(*) SI_UNIT(.MILLI.,.METRE.) );
#2267 = ( NAMED_UNIT(*) PLANE_ANGLE_UNIT() SI_UNIT($,.RADIAN.) );
#2268 = ( NAMED_UNIT(*) SI_UNIT($,.STERADIAN.) SOLID_ANGLE_UNIT() );
#2269 = UNCERTAINTY_MEASURE_WITH_UNIT(LENGTH_MEASURE(2.E-07),#2266,
  'distance_accuracy_value','confusion accuracy');
#2270 = PRODUCT_RELATED_PRODUCT_CATEGORY('part',$,(#7));
ENDSEC;
END-ISO-10303-21;
