ISO-10303-21;
HEADER;
FILE_DESCRIPTION(('Open CASCADE Model'),'2;1');
FILE_NAME('Open CASCADE Shape Model','2026-08-27T23:04:54',('Author'),(
    'Open CASCADE'),'Open CASCADE STEP processor 7.8','Open CASCADE 7.8'
  ,'Unknown');
FILE_SCHEMA(('AUTOMOTIVE_DESIGN { 1 0 10303 214 1 1 1 1 }'));
ENDSEC;
DATA;
#1 = APPLICATION_PROTOCOL_DEFINITION('international standard',
  'automotive_design',2000,#2);
#2 = APPLICATION_CONTEXT(
  'core data for automotive mechanical design processes');
#3 = SHAPE_DEFINITION_REPRESENTATION(#4,#10);
#4 = PRODUCT_DEFINITION_SHAPE('','',#5);
#5 = PRODUCT_DEFINITION('design','',#6,#9);
#6 = PRODUCT_DEFINITION_FORMATION('','',#7);
#7 = PRODUCT('Open CASCADE STEP translator 7.8 17',
  'Open CASCADE STEP translator 7.8 17','',(#8));
#8 = PRODUCT_CONTEXT('',#2,'mechanical');
#9 = PRODUCT_DEFINITION_CONTEXT('part definition',#2,'design');
#10 = ADVANCED_BREP_SHAPE_REPRESENTATION('',(#11,#15),#1885);
#11 = AXIS2_PLACEMENT_3D('',#12,#13,#14);
#12 = CARTESIAN_POINT('',(0.,0.,0.));
#13 = DIRECTION('',(0.,0.,1.));
#14 = DIRECTION('',(1.,0.,-0.));
#15 = MANIFOLD_SOLID_BREP('',#16);
#16 = CLOSED_SHELL('',(#17,#137,#948,#998,#1052,#1346,#1373,#1471,#1498,
    #1525,#1532,#1581,#1586,#1614,#1642,#1647,#1696,#1746,#1795,#1849,
    #1876));
#17 = ADVANCED_FACE('',(#18),#32,.F.);
#18 = FACE_BOUND('',#19,.F.);
#19 = EDGE_LOOP('',(#20,#55,#83,#111));
#20 = ORIENTED_EDGE('',*,*,#21,.F.);
#21 = EDGE_CURVE('',#22,#24,#26,.T.);
#22 = VERTEX_POINT('',#23);
#23 = CARTESIAN_POINT('',(-45.,-30.,16.));
#24 = VERTEX_POINT('',#25);
#25 = CARTESIAN_POINT('',(-45.,30.,16.));
#26 = SURFACE_CURVE('',#27,(#31,#43),.PCURVE_S1.);
#27 = LINE('',#28,#29);
#28 = CARTESIAN_POINT('',(-45.,-35.,16.));
#29 = VECTOR('',#30,1.);
#30 = DIRECTION('',(0.,1.,0.));
#31 = PCURVE('',#32,#37);
#32 = PLANE('',#33);
#33 = AXIS2_PLACEMENT_3D('',#34,#35,#36);
#34 = CARTESIAN_POINT('',(-45.,-35.,0.));
#35 = DIRECTION('',(1.,0.,0.));
#36 = DIRECTION('',(0.,0.,1.));
#37 = DEFINITIONAL_REPRESENTATION('',(#38),#42);
#38 = LINE('',#39,#40);
#39 = CARTESIAN_POINT('',(16.,0.));
#40 = VECTOR('',#41,1.);
#41 = DIRECTION('',(0.,-1.));
#42 = ( GEOMETRIC_REPRESENTATION_CONTEXT(2) 
PARAMETRIC_REPRESENTATION_CONTEXT() REPRESENTATION_CONTEXT('2D SPACE',''
  ) );
#43 = PCURVE('',#44,#49);
#44 = PLANE('',#45);
#45 = AXIS2_PLACEMENT_3D('',#46,#47,#48);
#46 = CARTESIAN_POINT('',(-45.,-35.,16.));
#47 = DIRECTION('',(0.,0.,1.));
#48 = DIRECTION('',(1.,0.,0.));
#49 = DEFINITIONAL_REPRESENTATION('',(#50),#54);
#50 = LINE('',#51,#52);
#51 = CARTESIAN_POINT('',(0.,0.));
#52 = VECTOR('',#53,1.);
#53 = DIRECTION('',(0.,1.));
#54 = ( GEOMETRIC_REPRESENTATION_CONTEXT(2) 
PARAMETRIC_REPRESENTATION_CONTEXT() REPRESENTATION_CONTEXT('2D SPACE',''
  ) );
#55 = ORIENTED_EDGE('',*,*,#56,.F.);
#56 = EDGE_CURVE('',#57,#22,#59,.T.);
#57 = VERTEX_POINT('',#58);
#58 = CARTESIAN_POINT('',(-45.,-30.,0.));
#59 = SURFACE_CURVE('',#60,(#64,#71),.PCURVE_S1.);
#60 = LINE('',#61,#62);
#61 = CARTESIAN_POINT('',(-45.,-30.,0.));
#62 = VECTOR('',#63,1.);
#63 = DIRECTION('',(0.,0.,1.));
#64 = PCURVE('',#32,#65);
#65 = DEFINITIONAL_REPRESENTATION('',(#66),#70);
#66 = LINE('',#67,#68);
#67 = CARTESIAN_POINT('',(0.,-5.));
#68 = VECTOR('',#69,1.);
#69 = DIRECTION('',(1.,0.));
#70 = ( GEOMETRIC_REPRESENTATION_CONTEXT(2) 
PARAMETRIC_REPRESENTATION_CONTEXT() REPRESENTATION_CONTEXT('2D SPACE',''
  ) );
#71 = PCURVE('',#72,#77);
#72 = CYLINDRICAL_SURFACE('',#73,5.);
#73 = AXIS2_PLACEMENT_3D('',#74,#75,#76);
#74 = CARTESIAN_POINT('',(-40.,-30.,0.));
#75 = DIRECTION('',(0.,0.,1.));
#76 = DIRECTION('',(-1.,-0.,0.));
#77 = DEFINITIONAL_REPRESENTATION('',(#78),#82);
#78 = LINE('',#79,#80);
#79 = CARTESIAN_POINT('',(0.,0.));
#80 = VECTOR('',#81,1.);
#81 = DIRECTION('',(0.,1.));
#82 = ( GEOMETRIC_REPRESENTATION_CONTEXT(2) 
PARAMETRIC_REPRESENTATION_CONTEXT() REPRESENTATION_CONTEXT('2D SPACE',''
  ) );
#83 = ORIENTED_EDGE('',*,*,#84,.T.);
#84 = EDGE_CURVE('',#57,#85,#87,.T.);
#85 = VERTEX_POINT('',#86);
#86 = CARTESIAN_POINT('',(-45.,30.,0.));
#87 = SURFACE_CURVE('',#88,(#92,#99),.PCURVE_S1.);
#88 = LINE('',#89,#90);
#89 = CARTESIAN_POINT('',(-45.,-35.,0.));
#90 = VECTOR('',#91,1.);
#91 = DIRECTION('',(0.,1.,0.));
#92 = PCURVE('',#32,#93);
#93 = DEFINITIONAL_REPRESENTATION('',(#94),#98);
#94 = LINE('',#95,#96);
#95 = CARTESIAN_POINT('',(0.,0.));
#96 = VECTOR('',#97,1.);
#97 = DIRECTION('',(0.,-1.));
#98 = ( GEOMETRIC_REPRESENTATION_CONTEXT(2) 
PARAMETRIC_REPRESENTATION_CONTEXT() REPRESENTATION_CONTEXT('2D SPACE',''
  ) );
#99 = PCURVE('',#100,#105);
#100 = PLANE('',#101);
#101 = AXIS2_PLACEMENT_3D('',#102,#103,#104);
#102 = CARTESIAN_POINT('',(-45.,-35.,0.));
#103 = DIRECTION('',(0.,0.,1.));
#104 = DIRECTION('',(1.,0.,0.));
#105 = DEFINITIONAL_REPRESENTATION('',(#106),#110);
#106 = LINE('',#107,#108);
#107 = CARTESIAN_POINT('',(0.,0.));
#108 = VECTOR('',#109,1.);
#109 = DIRECTION('',(0.,1.));
#110 = ( GEOMETRIC_REPRESENTATION_CONTEXT(2) 
PARAMETRIC_REPRESENTATION_CONTEXT() REPRESENTATION_CONTEXT('2D SPACE',''
  ) );
#111 = ORIENTED_EDGE('',*,*,#112,.T.);
#112 = EDGE_CURVE('',#85,#24,#113,.T.);
#113 = SURFACE_CURVE('',#114,(#118,#125),.PCURVE_S1.);
#114 = LINE('',#115,#116);
#115 = CARTESIAN_POINT('',(-45.,30.,0.));
#116 = VECTOR('',#117,1.);
#117 = DIRECTION('',(0.,0.,1.));
#118 = PCURVE('',#32,#119);
#119 = DEFINITIONAL_REPRESENTATION('',(#120),#124);
#120 = LINE('',#121,#122);
#121 = CARTESIAN_POINT('',(0.,-65.));
#122 = VECTOR('',#123,1.);
#123 = DIRECTION('',(1.,0.));
#124 = ( GEOMETRIC_REPRESENTATION_CONTEXT(2) 
PARAMETRIC_REPRESENTATION_CONTEXT() REPRESENTATION_CONTEXT('2D SPACE',''
  ) );
#125 = PCURVE('',#126,#131);
#126 = CYLINDRICAL_SURFACE('',#127,5.);
#127 = AXIS2_PLACEMENT_3D('',#128,#129,#130);
#128 = CARTESIAN_POINT('',(-40.,30.,0.));
#129 = DIRECTION('',(0.,0.,1.));
#130 = DIRECTION('',(-1.,-0.,0.));
#131 = DEFINITIONAL_REPRESENTATION('',(#132),#136);
#132 = LINE('',#133,#134);
#133 = CARTESIAN_POINT('',(-0.,0.));
#134 = VECTOR('',#135,1.);
#135 = DIRECTION('',(-0.,1.));
#136 = ( GEOMETRIC_REPRESENTATION_CONTEXT(2) 
PARAMETRIC_REPRESENTATION_CONTEXT() REPRESENTATION_CONTEXT('2D SPACE',''
  ) );
#137 = ADVANCED_FACE('',(#138,#337),#44,.T.);
#138 = FACE_BOUND('',#139,.T.);
#139 = EDGE_LOOP('',(#140,#141,#165,#193,#226,#254,#283,#311));
#140 = ORIENTED_EDGE('',*,*,#21,.F.);
#141 = ORIENTED_EDGE('',*,*,#142,.T.);
#142 = EDGE_CURVE('',#22,#143,#145,.T.);
#143 = VERTEX_POINT('',#144);
#144 = CARTESIAN_POINT('',(-40.,-35.,16.));
#145 = SURFACE_CURVE('',#146,(#151,#158),.PCURVE_S1.);
#146 = CIRCLE('',#147,5.);
#147 = AXIS2_PLACEMENT_3D('',#148,#149,#150);
#148 = CARTESIAN_POINT('',(-40.,-30.,16.));
#149 = DIRECTION('',(0.,0.,1.));
#150 = DIRECTION('',(0.,-1.,0.));
#151 = PCURVE('',#44,#152);
#152 = DEFINITIONAL_REPRESENTATION('',(#153),#157);
#153 = CIRCLE('',#154,5.);
#154 = AXIS2_PLACEMENT_2D('',#155,#156);
#155 = CARTESIAN_POINT('',(5.,5.));
#156 = DIRECTION('',(0.,-1.));
#157 = ( GEOMETRIC_REPRESENTATION_CONTEXT(2) 
PARAMETRIC_REPRESENTATION_CONTEXT() REPRESENTATION_CONTEXT('2D SPACE',''
  ) );
#158 = PCURVE('',#72,#159);
#159 = DEFINITIONAL_REPRESENTATION('',(#160),#164);
#160 = LINE('',#161,#162);
#161 = CARTESIAN_POINT('',(-4.712388980385,16.));
#162 = VECTOR('',#163,1.);
#163 = DIRECTION('',(1.,0.));
#164 = ( GEOMETRIC_REPRESENTATION_CONTEXT(2) 
PARAMETRIC_REPRESENTATION_CONTEXT() REPRESENTATION_CONTEXT('2D SPACE',''
  ) );
#165 = ORIENTED_EDGE('',*,*,#166,.T.);
#166 = EDGE_CURVE('',#143,#167,#169,.T.);
#167 = VERTEX_POINT('',#168);
#168 = CARTESIAN_POINT('',(40.,-35.,16.));
#169 = SURFACE_CURVE('',#170,(#174,#181),.PCURVE_S1.);
#170 = LINE('',#171,#172);
#171 = CARTESIAN_POINT('',(-45.,-35.,16.));
#172 = VECTOR('',#173,1.);
#173 = DIRECTION('',(1.,0.,0.));
#174 = PCURVE('',#44,#175);
#175 = DEFINITIONAL_REPRESENTATION('',(#176),#180);
#176 = LINE('',#177,#178);
#177 = CARTESIAN_POINT('',(0.,0.));
#178 = VECTOR('',#179,1.);
#179 = DIRECTION('',(1.,0.));
#180 = ( GEOMETRIC_REPRESENTATION_CONTEXT(2) 
PARAMETRIC_REPRESENTATION_CONTEXT() REPRESENTATION_CONTEXT('2D SPACE',''
  ) );
#181 = PCURVE('',#182,#187);
#182 = PLANE('',#183);
#183 = AXIS2_PLACEMENT_3D('',#184,#185,#186);
#184 = CARTESIAN_POINT('',(-45.,-35.,0.));
#185 = DIRECTION('',(0.,1.,0.));
#186 = DIRECTION('',(0.,0.,1.));
#187 = DEFINITIONAL_REPRESENTATION('',(#188),#192);
#188 = LINE('',#189,#190);
#189 = CARTESIAN_POINT('',(16.,0.));
#190 = VECTOR('',#191,1.);
#191 = DIRECTION('',(0.,1.));
#192 = ( GEOMETRIC_REPRESENTATION_CONTEXT(2) 
PARAMETRIC_REPRESENTATION_CONTEXT() REPRESENTATION_CONTEXT('2D SPACE',''
  ) );
#193 = ORIENTED_EDGE('',*,*,#194,.F.);
#194 = EDGE_CURVE('',#195,#167,#197,.T.);
#195 = VERTEX_POINT('',#196);
#196 = CARTESIAN_POINT('',(45.,-30.,16.));
#197 = SURFACE_CURVE('',#198,(#203,#214),.PCURVE_S1.);
#198 = CIRCLE('',#199,5.);
#199 = AXIS2_PLACEMENT_3D('',#200,#201,#202);
#200 = CARTESIAN_POINT('',(40.,-30.,16.));
#201 = DIRECTION('',(-0.,-0.,-1.));
#202 = DIRECTION('',(0.,-1.,0.));
#203 = PCURVE('',#44,#204);
#204 = DEFINITIONAL_REPRESENTATION('',(#205),#213);
#205 = ( BOUNDED_CURVE() B_SPLINE_CURVE(2,(#206,#207,#208,#209,#210,#211
,#212),.UNSPECIFIED.,.T.,.F.) B_SPLINE_CURVE_WITH_KNOTS((1,2,2,2,2,1),(
    -2.094395102393,0.,2.094395102393,4.188790204786,6.28318530718,
8.377580409573),.UNSPECIFIED.) CURVE() GEOMETRIC_REPRESENTATION_ITEM() 
RATIONAL_B_SPLINE_CURVE((1.,0.5,1.,0.5,1.,0.5,1.)) REPRESENTATION_ITEM(
  '') );
#206 = CARTESIAN_POINT('',(85.,0.));
#207 = CARTESIAN_POINT('',(76.339745962156,0.));
#208 = CARTESIAN_POINT('',(80.669872981078,7.5));
#209 = CARTESIAN_POINT('',(85.,15.));
#210 = CARTESIAN_POINT('',(89.330127018922,7.5));
#211 = CARTESIAN_POINT('',(93.660254037844,7.993605777301E-15));
#212 = CARTESIAN_POINT('',(85.,0.));
#213 = ( GEOMETRIC_REPRESENTATION_CONTEXT(2) 
PARAMETRIC_REPRESENTATION_CONTEXT() REPRESENTATION_CONTEXT('2D SPACE',''
  ) );
#214 = PCURVE('',#215,#220);
#215 = CYLINDRICAL_SURFACE('',#216,5.);
#216 = AXIS2_PLACEMENT_3D('',#217,#218,#219);
#217 = CARTESIAN_POINT('',(40.,-30.,0.));
#218 = DIRECTION('',(0.,0.,1.));
#219 = DIRECTION('',(1.,0.,-0.));
#220 = DEFINITIONAL_REPRESENTATION('',(#221),#225);
#221 = LINE('',#222,#223);
#222 = CARTESIAN_POINT('',(4.712388980385,16.));
#223 = VECTOR('',#224,1.);
#224 = DIRECTION('',(-1.,0.));
#225 = ( GEOMETRIC_REPRESENTATION_CONTEXT(2) 
PARAMETRIC_REPRESENTATION_CONTEXT() REPRESENTATION_CONTEXT('2D SPACE',''
  ) );
#226 = ORIENTED_EDGE('',*,*,#227,.T.);
#227 = EDGE_CURVE('',#195,#228,#230,.T.);
#228 = VERTEX_POINT('',#229);
#229 = CARTESIAN_POINT('',(45.,30.,16.));
#230 = SURFACE_CURVE('',#231,(#235,#242),.PCURVE_S1.);
#231 = LINE('',#232,#233);
#232 = CARTESIAN_POINT('',(45.,-35.,16.));
#233 = VECTOR('',#234,1.);
#234 = DIRECTION('',(0.,1.,0.));
#235 = PCURVE('',#44,#236);
#236 = DEFINITIONAL_REPRESENTATION('',(#237),#241);
#237 = LINE('',#238,#239);
#238 = CARTESIAN_POINT('',(90.,0.));
#239 = VECTOR('',#240,1.);
#240 = DIRECTION('',(0.,1.));
#241 = ( GEOMETRIC_REPRESENTATION_CONTEXT(2) 
PARAMETRIC_REPRESENTATION_CONTEXT() REPRESENTATION_CONTEXT('2D SPACE',''
  ) );
#242 = PCURVE('',#243,#248);
#243 = PLANE('',#244);
#244 = AXIS2_PLACEMENT_3D('',#245,#246,#247);
#245 = CARTESIAN_POINT('',(45.,-35.,0.));
#246 = DIRECTION('',(1.,0.,0.));
#247 = DIRECTION('',(0.,0.,1.));
#248 = DEFINITIONAL_REPRESENTATION('',(#249),#253);
#249 = LINE('',#250,#251);
#250 = CARTESIAN_POINT('',(16.,0.));
#251 = VECTOR('',#252,1.);
#252 = DIRECTION('',(0.,-1.));
#253 = ( GEOMETRIC_REPRESENTATION_CONTEXT(2) 
PARAMETRIC_REPRESENTATION_CONTEXT() REPRESENTATION_CONTEXT('2D SPACE',''
  ) );
#254 = ORIENTED_EDGE('',*,*,#255,.T.);
#255 = EDGE_CURVE('',#228,#256,#258,.T.);
#256 = VERTEX_POINT('',#257);
#257 = CARTESIAN_POINT('',(40.,35.,16.));
#258 = SURFACE_CURVE('',#259,(#264,#271),.PCURVE_S1.);
#259 = CIRCLE('',#260,5.);
#260 = AXIS2_PLACEMENT_3D('',#261,#262,#263);
#261 = CARTESIAN_POINT('',(40.,30.,16.));
#262 = DIRECTION('',(0.,0.,1.));
#263 = DIRECTION('',(0.,-1.,0.));
#264 = PCURVE('',#44,#265);
#265 = DEFINITIONAL_REPRESENTATION('',(#266),#270);
#266 = CIRCLE('',#267,5.);
#267 = AXIS2_PLACEMENT_2D('',#268,#269);
#268 = CARTESIAN_POINT('',(85.,65.));
#269 = DIRECTION('',(0.,-1.));
#270 = ( GEOMETRIC_REPRESENTATION_CONTEXT(2) 
PARAMETRIC_REPRESENTATION_CONTEXT() REPRESENTATION_CONTEXT('2D SPACE',''
  ) );
#271 = PCURVE('',#272,#277);
#272 = CYLINDRICAL_SURFACE('',#273,5.);
#273 = AXIS2_PLACEMENT_3D('',#274,#275,#276);
#274 = CARTESIAN_POINT('',(40.,30.,0.));
#275 = DIRECTION('',(0.,0.,1.));
#276 = DIRECTION('',(1.,0.,-0.));
#277 = DEFINITIONAL_REPRESENTATION('',(#278),#282);
#278 = LINE('',#279,#280);
#279 = CARTESIAN_POINT('',(-1.570796326795,16.));
#280 = VECTOR('',#281,1.);
#281 = DIRECTION('',(1.,0.));
#282 = ( GEOMETRIC_REPRESENTATION_CONTEXT(2) 
PARAMETRIC_REPRESENTATION_CONTEXT() REPRESENTATION_CONTEXT('2D SPACE',''
  ) );
#283 = ORIENTED_EDGE('',*,*,#284,.F.);
#284 = EDGE_CURVE('',#285,#256,#287,.T.);
#285 = VERTEX_POINT('',#286);
#286 = CARTESIAN_POINT('',(-40.,35.,16.));
#287 = SURFACE_CURVE('',#288,(#292,#299),.PCURVE_S1.);
#288 = LINE('',#289,#290);
#289 = CARTESIAN_POINT('',(-45.,35.,16.));
#290 = VECTOR('',#291,1.);
#291 = DIRECTION('',(1.,0.,0.));
#292 = PCURVE('',#44,#293);
#293 = DEFINITIONAL_REPRESENTATION('',(#294),#298);
#294 = LINE('',#295,#296);
#295 = CARTESIAN_POINT('',(0.,70.));
#296 = VECTOR('',#297,1.);
#297 = DIRECTION('',(1.,0.));
#298 = ( GEOMETRIC_REPRESENTATION_CONTEXT(2) 
PARAMETRIC_REPRESENTATION_CONTEXT() REPRESENTATION_CONTEXT('2D SPACE',''
  ) );
#299 = PCURVE('',#300,#305);
#300 = PLANE('',#301);
#301 = AXIS2_PLACEMENT_3D('',#302,#303,#304);
#302 = CARTESIAN_POINT('',(-45.,35.,0.));
#303 = DIRECTION('',(0.,1.,0.));
#304 = DIRECTION('',(0.,0.,1.));
#305 = DEFINITIONAL_REPRESENTATION('',(#306),#310);
#306 = LINE('',#307,#308);
#307 = CARTESIAN_POINT('',(16.,0.));
#308 = VECTOR('',#309,1.);
#309 = DIRECTION('',(0.,1.));
#310 = ( GEOMETRIC_REPRESENTATION_CONTEXT(2) 
PARAMETRIC_REPRESENTATION_CONTEXT() REPRESENTATION_CONTEXT('2D SPACE',''
  ) );
#311 = ORIENTED_EDGE('',*,*,#312,.F.);
#312 = EDGE_CURVE('',#24,#285,#313,.T.);
#313 = SURFACE_CURVE('',#314,(#319,#330),.PCURVE_S1.);
#314 = CIRCLE('',#315,5.);
#315 = AXIS2_PLACEMENT_3D('',#316,#317,#318);
#316 = CARTESIAN_POINT('',(-40.,30.,16.));
#317 = DIRECTION('',(-0.,-0.,-1.));
#318 = DIRECTION('',(0.,-1.,0.));
#319 = PCURVE('',#44,#320);
#320 = DEFINITIONAL_REPRESENTATION('',(#321),#329);
#321 = ( BOUNDED_CURVE() B_SPLINE_CURVE(2,(#322,#323,#324,#325,#326,#327
,#328),.UNSPECIFIED.,.T.,.F.) B_SPLINE_CURVE_WITH_KNOTS((1,2,2,2,2,1),(
    -2.094395102393,0.,2.094395102393,4.188790204786,6.28318530718,
8.377580409573),.UNSPECIFIED.) CURVE() GEOMETRIC_REPRESENTATION_ITEM() 
RATIONAL_B_SPLINE_CURVE((1.,0.5,1.,0.5,1.,0.5,1.)) REPRESENTATION_ITEM(
  '') );
#322 = CARTESIAN_POINT('',(5.,60.));
#323 = CARTESIAN_POINT('',(-3.660254037844,60.));
#324 = CARTESIAN_POINT('',(0.669872981078,67.5));
#325 = CARTESIAN_POINT('',(5.,75.));
#326 = CARTESIAN_POINT('',(9.330127018922,67.5));
#327 = CARTESIAN_POINT('',(13.660254037844,60.));
#328 = CARTESIAN_POINT('',(5.,60.));
#329 = ( GEOMETRIC_REPRESENTATION_CONTEXT(2) 
PARAMETRIC_REPRESENTATION_CONTEXT() REPRESENTATION_CONTEXT('2D SPACE',''
  ) );
#330 = PCURVE('',#126,#331);
#331 = DEFINITIONAL_REPRESENTATION('',(#332),#336);
#332 = LINE('',#333,#334);
#333 = CARTESIAN_POINT('',(1.570796326795,16.));
#334 = VECTOR('',#335,1.);
#335 = DIRECTION('',(-1.,0.));
#336 = ( GEOMETRIC_REPRESENTATION_CONTEXT(2) 
PARAMETRIC_REPRESENTATION_CONTEXT() REPRESENTATION_CONTEXT('2D SPACE',''
  ) );
#337 = FACE_BOUND('',#338,.T.);
#338 = EDGE_LOOP('',(#339,#471,#497,#627,#653,#778,#799,#924));
#339 = ORIENTED_EDGE('',*,*,#340,.F.);
#340 = EDGE_CURVE('',#341,#343,#345,.T.);
#341 = VERTEX_POINT('',#342);
#342 = CARTESIAN_POINT('',(4.3,-5.96992462264,16.));
#343 = VERTEX_POINT('',#344);
#344 = CARTESIAN_POINT('',(5.8,-2.343074902772,16.));
#345 = SURFACE_CURVE('',#346,(#384,#425),.PCURVE_S1.);
#346 = B_SPLINE_CURVE_WITH_KNOTS('',8,(#347,#348,#349,#350,#351,#352,
    #353,#354,#355,#356,#357,#358,#359,#360,#361,#362,#363,#364,#365,
    #366,#367,#368,#369,#370,#371,#372,#373,#374,#375,#376,#377,#378,
    #379,#380,#381,#382,#383),.UNSPECIFIED.,.F.,.F.,(9,7,7,7,7,9),(0.,
    0.152724669339,0.265328330311,0.446865572964,0.909048799676,1.),
  .UNSPECIFIED.);
#347 = CARTESIAN_POINT('',(4.3,-5.96992462264,16.));
#348 = CARTESIAN_POINT('',(4.373163927361,-5.96992462264,16.));
#349 = CARTESIAN_POINT('',(4.446365052888,-5.962546394613,16.));
#350 = CARTESIAN_POINT('',(4.518821291581,-5.947777062786,16.));
#351 = CARTESIAN_POINT('',(4.589885512929,-5.92589669118,16.));
#352 = CARTESIAN_POINT('',(4.65903324936,-5.897361306112,16.));
#353 = CARTESIAN_POINT('',(4.725853466659,-5.862736147583,16.));
#354 = CARTESIAN_POINT('',(4.79003999698,-5.822654045634,16.));
#355 = CARTESIAN_POINT('',(4.896608034459,-5.744683695589,16.));
#356 = CARTESIAN_POINT('',(4.940321365111,-5.708960566763,16.));
#357 = CARTESIAN_POINT('',(4.982469326627,-5.670836185493,16.));
#358 = CARTESIAN_POINT('',(5.023025560662,-5.63053389387,16.));
#359 = CARTESIAN_POINT('',(5.061985502432,-5.588264210428,16.));
#360 = CARTESIAN_POINT('',(5.099362632198,-5.544220418719,16.));
#361 = CARTESIAN_POINT('',(5.135184726763,-5.498574155888,16.));
#362 = CARTESIAN_POINT('',(5.2247965264,-5.375532290734,16.));
#363 = CARTESIAN_POINT('',(5.27613466522,-5.295844309898,16.));
#364 = CARTESIAN_POINT('',(5.323688357889,-5.213004341918,16.));
#365 = CARTESIAN_POINT('',(5.367649035679,-5.12752267772,16.));
#366 = CARTESIAN_POINT('',(5.408216306401,-5.039828011898,16.));
#367 = CARTESIAN_POINT('',(5.44559585738,-4.950269672878,16.));
#368 = CARTESIAN_POINT('',(5.479994685691,-4.859116687317,16.));
#369 = CARTESIAN_POINT('',(5.592113708074,-4.530893660161,16.));
#370 = CARTESIAN_POINT('',(5.654386109642,-4.286713060676,16.));
#371 = CARTESIAN_POINT('',(5.701974948338,-4.036956654811,16.));
#372 = CARTESIAN_POINT('',(5.737239590006,-3.783574144115,16.));
#373 = CARTESIAN_POINT('',(5.762465367284,-3.527981861197,16.));
#374 = CARTESIAN_POINT('',(5.779537414497,-3.270951892723,16.));
#375 = CARTESIAN_POINT('',(5.790169272224,-3.012732341393,16.));
#376 = CARTESIAN_POINT('',(5.796955493831,-2.701884230962,16.));
#377 = CARTESIAN_POINT('',(5.797878839115,-2.650731966594,16.));
#378 = CARTESIAN_POINT('',(5.798621131299,-2.599541699935,16.));
#379 = CARTESIAN_POINT('',(5.799193570495,-2.548315159076,16.));
#380 = CARTESIAN_POINT('',(5.799607105397,-2.497053903171,16.));
#381 = CARTESIAN_POINT('',(5.799872433279,-2.445759322445,16.));
#382 = CARTESIAN_POINT('',(5.8,-2.394432638191,16.));
#383 = CARTESIAN_POINT('',(5.8,-2.343074902772,16.));
#384 = PCURVE('',#44,#385);
#385 = DEFINITIONAL_REPRESENTATION('',(#386),#424);
#386 = B_SPLINE_CURVE_WITH_KNOTS('',8,(#387,#388,#389,#390,#391,#392,
    #393,#394,#395,#396,#397,#398,#399,#400,#401,#402,#403,#404,#405,
    #406,#407,#408,#409,#410,#411,#412,#413,#414,#415,#416,#417,#418,
    #419,#420,#421,#422,#423),.UNSPECIFIED.,.F.,.F.,(9,7,7,7,7,9),(0.,
    0.152724669339,0.265328330311,0.446865572964,0.909048799676,1.),
  .UNSPECIFIED.);
#387 = CARTESIAN_POINT('',(49.3,29.03007537736));
#388 = CARTESIAN_POINT('',(49.373163927361,29.03007537736));
#389 = CARTESIAN_POINT('',(49.446365052888,29.037453605387));
#390 = CARTESIAN_POINT('',(49.518821291581,29.052222937214));
#391 = CARTESIAN_POINT('',(49.589885512929,29.07410330882));
#392 = CARTESIAN_POINT('',(49.65903324936,29.102638693888));
#393 = CARTESIAN_POINT('',(49.725853466659,29.137263852417));
#394 = CARTESIAN_POINT('',(49.79003999698,29.177345954366));
#395 = CARTESIAN_POINT('',(49.896608034459,29.255316304411));
#396 = CARTESIAN_POINT('',(49.940321365111,29.291039433237));
#397 = CARTESIAN_POINT('',(49.982469326627,29.329163814507));
#398 = CARTESIAN_POINT('',(50.023025560662,29.36946610613));
#399 = CARTESIAN_POINT('',(50.061985502432,29.411735789572));
#400 = CARTESIAN_POINT('',(50.099362632198,29.455779581281));
#401 = CARTESIAN_POINT('',(50.135184726763,29.501425844112));
#402 = CARTESIAN_POINT('',(50.2247965264,29.624467709266));
#403 = CARTESIAN_POINT('',(50.27613466522,29.704155690102));
#404 = CARTESIAN_POINT('',(50.323688357889,29.786995658082));
#405 = CARTESIAN_POINT('',(50.367649035679,29.87247732228));
#406 = CARTESIAN_POINT('',(50.408216306401,29.960171988102));
#407 = CARTESIAN_POINT('',(50.44559585738,30.049730327122));
#408 = CARTESIAN_POINT('',(50.479994685691,30.140883312683));
#409 = CARTESIAN_POINT('',(50.592113708074,30.469106339839));
#410 = CARTESIAN_POINT('',(50.654386109642,30.713286939324));
#411 = CARTESIAN_POINT('',(50.701974948338,30.963043345189));
#412 = CARTESIAN_POINT('',(50.737239590006,31.216425855885));
#413 = CARTESIAN_POINT('',(50.762465367284,31.472018138803));
#414 = CARTESIAN_POINT('',(50.779537414497,31.729048107277));
#415 = CARTESIAN_POINT('',(50.790169272224,31.987267658607));
#416 = CARTESIAN_POINT('',(50.796955493831,32.298115769038));
#417 = CARTESIAN_POINT('',(50.797878839115,32.349268033406));
#418 = CARTESIAN_POINT('',(50.798621131299,32.400458300065));
#419 = CARTESIAN_POINT('',(50.799193570495,32.451684840924));
#420 = CARTESIAN_POINT('',(50.799607105397,32.502946096829));
#421 = CARTESIAN_POINT('',(50.799872433279,32.554240677555));
#422 = CARTESIAN_POINT('',(50.8,32.605567361809));
#423 = CARTESIAN_POINT('',(50.8,32.656925097228));
#424 = ( GEOMETRIC_REPRESENTATION_CONTEXT(2) 
PARAMETRIC_REPRESENTATION_CONTEXT() REPRESENTATION_CONTEXT('2D SPACE',''
  ) );
#425 = PCURVE('',#426,#431);
#426 = TOROIDAL_SURFACE('',#427,9.3,1.5);
#427 = AXIS2_PLACEMENT_3D('',#428,#429,#430);
#428 = CARTESIAN_POINT('',(4.3,0.,25.));
#429 = DIRECTION('',(1.,0.,1.110223024625E-16));
#430 = DIRECTION('',(1.826066910234E-32,-1.,-1.644774851297E-16));
#431 = DEFINITIONAL_REPRESENTATION('',(#432),#470);
#432 = B_SPLINE_CURVE_WITH_KNOTS('',8,(#433,#434,#435,#436,#437,#438,
    #439,#440,#441,#442,#443,#444,#445,#446,#447,#448,#449,#450,#451,
    #452,#453,#454,#455,#456,#457,#458,#459,#460,#461,#462,#463,#464,
    #465,#466,#467,#468,#469),.UNSPECIFIED.,.F.,.F.,(9,7,7,7,7,9),(0.,
    0.152724669339,0.265328330311,0.446865572964,0.909048799676,1.),
  .UNSPECIFIED.);
#433 = CARTESIAN_POINT('',(0.985110783338,0.));
#434 = CARTESIAN_POINT('',(0.985110783338,4.877595157387E-02));
#435 = CARTESIAN_POINT('',(0.985680092621,9.757669149062E-02));
#436 = CARTESIAN_POINT('',(0.986819694815,0.14605772079));
#437 = CARTESIAN_POINT('',(0.988510415915,0.193965027897));
#438 = CARTESIAN_POINT('',(0.990721858765,0.24109997803));
#439 = CARTESIAN_POINT('',(0.993416565963,0.287301873319));
#440 = CARTESIAN_POINT('',(0.996552056098,0.332440822492));
#441 = CARTESIAN_POINT('',(1.002687016478,0.40883458903));
#442 = CARTESIAN_POINT('',(1.005507762436,0.440645470789));
#443 = CARTESIAN_POINT('',(1.008530205741,0.471829769483));
#444 = CARTESIAN_POINT('',(1.011739449822,0.502379299145));
#445 = CARTESIAN_POINT('',(1.015121429779,0.532293350317));
#446 = CARTESIAN_POINT('',(1.0186632303,0.561577917818));
#447 = CARTESIAN_POINT('',(1.022353403576,0.590244928519));
#448 = CARTESIAN_POINT('',(1.032355132515,0.66355975274));
#449 = CARTESIAN_POINT('',(1.03888549851,0.707225924989));
#450 = CARTESIAN_POINT('',(1.045734031791,0.74939796933));
#451 = CARTESIAN_POINT('',(1.052866726734,0.790149185716));
#452 = CARTESIAN_POINT('',(1.060254536914,0.829547120795));
#453 = CARTESIAN_POINT('',(1.067873426588,0.867659450786));
#454 = CARTESIAN_POINT('',(1.075704862256,0.90455681704));
#455 = CARTESIAN_POINT('',(1.104185447262,1.031344787556));
#456 = CARTESIAN_POINT('',(1.125879697536,1.114740110241));
#457 = CARTESIAN_POINT('',(1.148623841881,1.191850036561));
#458 = CARTESIAN_POINT('',(1.172271511924,1.26315263164));
#459 = CARTESIAN_POINT('',(1.196695440237,1.329060728719));
#460 = CARTESIAN_POINT('',(1.221806500257,1.389785832908));
#461 = CARTESIAN_POINT('',(1.247555772427,1.445508940299));
#462 = CARTESIAN_POINT('',(1.279139254986,1.50629493172));
#463 = CARTESIAN_POINT('',(1.284355398513,1.516095261685));
#464 = CARTESIAN_POINT('',(1.289594003531,1.525700894546));
#465 = CARTESIAN_POINT('',(1.294854621264,1.535111623583));
#466 = CARTESIAN_POINT('',(1.300136803756,1.544327098066));
#467 = CARTESIAN_POINT('',(1.30544010387,1.55334682326));
#468 = CARTESIAN_POINT('',(1.310764075291,1.56217016042));
#469 = CARTESIAN_POINT('',(1.316108272526,1.570796326795));
#470 = ( GEOMETRIC_REPRESENTATION_CONTEXT(2) 
PARAMETRIC_REPRESENTATION_CONTEXT() REPRESENTATION_CONTEXT('2D SPACE',''
  ) );
#471 = ORIENTED_EDGE('',*,*,#472,.T.);
#472 = EDGE_CURVE('',#341,#473,#475,.T.);
#473 = VERTEX_POINT('',#474);
#474 = CARTESIAN_POINT('',(-4.3,-5.96992462264,16.));
#475 = SURFACE_CURVE('',#476,(#480,#486),.PCURVE_S1.);
#476 = LINE('',#477,#478);
#477 = CARTESIAN_POINT('',(-5.8,-5.96992462264,16.));
#478 = VECTOR('',#479,1.);
#479 = DIRECTION('',(-1.,-0.,-1.110223024625E-16));
#480 = PCURVE('',#44,#481);
#481 = DEFINITIONAL_REPRESENTATION('',(#482),#485);
#482 = B_SPLINE_CURVE_WITH_KNOTS('',1,(#483,#484),.UNSPECIFIED.,.F.,.F.,
  (2,2),(-10.1000006,-1.4999994),.PIECEWISE_BEZIER_KNOTS.);
#483 = CARTESIAN_POINT('',(49.3000006,29.03007537736));
#484 = CARTESIAN_POINT('',(40.6999994,29.03007537736));
#485 = ( GEOMETRIC_REPRESENTATION_CONTEXT(2) 
PARAMETRIC_REPRESENTATION_CONTEXT() REPRESENTATION_CONTEXT('2D SPACE',''
  ) );
#486 = PCURVE('',#487,#492);
#487 = CYLINDRICAL_SURFACE('',#488,10.8);
#488 = AXIS2_PLACEMENT_3D('',#489,#490,#491);
#489 = CARTESIAN_POINT('',(-5.8,0.,25.));
#490 = DIRECTION('',(-1.,-0.,-1.110223024625E-16));
#491 = DIRECTION('',(1.110223024625E-16,0.,-1.));
#492 = DEFINITIONAL_REPRESENTATION('',(#493),#496);
#493 = B_SPLINE_CURVE_WITH_KNOTS('',1,(#494,#495),.UNSPECIFIED.,.F.,.F.,
  (2,2),(-10.1000006,-1.4999994),.PIECEWISE_BEZIER_KNOTS.);
#494 = CARTESIAN_POINT('',(-5.697499763722,-10.1000006));
#495 = CARTESIAN_POINT('',(-5.697499763722,-1.4999994));
#496 = ( GEOMETRIC_REPRESENTATION_CONTEXT(2) 
PARAMETRIC_REPRESENTATION_CONTEXT() REPRESENTATION_CONTEXT('2D SPACE',''
  ) );
#497 = ORIENTED_EDGE('',*,*,#498,.T.);
#498 = EDGE_CURVE('',#473,#499,#501,.T.);
#499 = VERTEX_POINT('',#500);
#500 = CARTESIAN_POINT('',(-5.8,-2.343074902772,16.));
#501 = SURFACE_CURVE('',#502,(#540,#581),.PCURVE_S1.);
#502 = B_SPLINE_CURVE_WITH_KNOTS('',8,(#503,#504,#505,#506,#507,#508,
    #509,#510,#511,#512,#513,#514,#515,#516,#517,#518,#519,#520,#521,
    #522,#523,#524,#525,#526,#527,#528,#529,#530,#531,#532,#533,#534,
    #535,#536,#537,#538,#539),.UNSPECIFIED.,.F.,.F.,(9,7,7,7,7,9),(0.,
    0.152724669339,0.265328330311,0.446865572965,0.909048799678,1.),
  .UNSPECIFIED.);
#503 = CARTESIAN_POINT('',(-4.3,-5.96992462264,16.));
#504 = CARTESIAN_POINT('',(-4.373163927361,-5.96992462264,16.));
#505 = CARTESIAN_POINT('',(-4.446365052888,-5.962546394613,16.));
#506 = CARTESIAN_POINT('',(-4.518821291581,-5.947777062786,16.));
#507 = CARTESIAN_POINT('',(-4.58988551293,-5.92589669118,16.));
#508 = CARTESIAN_POINT('',(-4.659033249361,-5.897361306112,16.));
#509 = CARTESIAN_POINT('',(-4.725853466659,-5.862736147583,16.));
#510 = CARTESIAN_POINT('',(-4.79003999698,-5.822654045633,16.));
#511 = CARTESIAN_POINT('',(-4.89660803446,-5.744683695588,16.));
#512 = CARTESIAN_POINT('',(-4.940321365111,-5.708960566763,16.));
#513 = CARTESIAN_POINT('',(-4.982469326627,-5.670836185493,16.));
#514 = CARTESIAN_POINT('',(-5.023025560663,-5.630533893869,16.));
#515 = CARTESIAN_POINT('',(-5.061985502432,-5.588264210427,16.));
#516 = CARTESIAN_POINT('',(-5.099362632198,-5.544220418718,16.));
#517 = CARTESIAN_POINT('',(-5.135184726763,-5.498574155888,16.));
#518 = CARTESIAN_POINT('',(-5.2247965264,-5.375532290734,16.));
#519 = CARTESIAN_POINT('',(-5.276134665221,-5.295844309897,16.));
#520 = CARTESIAN_POINT('',(-5.323688357889,-5.213004341918,16.));
#521 = CARTESIAN_POINT('',(-5.367649035679,-5.12752267772,16.));
#522 = CARTESIAN_POINT('',(-5.408216306401,-5.039828011898,16.));
#523 = CARTESIAN_POINT('',(-5.44559585738,-4.950269672877,16.));
#524 = CARTESIAN_POINT('',(-5.479994685691,-4.859116687316,16.));
#525 = CARTESIAN_POINT('',(-5.592113708074,-4.530893660161,16.));
#526 = CARTESIAN_POINT('',(-5.654386109642,-4.28671306067,16.));
#527 = CARTESIAN_POINT('',(-5.701974948339,-4.036956654822,16.));
#528 = CARTESIAN_POINT('',(-5.737239590003,-3.783574144095,16.));
#529 = CARTESIAN_POINT('',(-5.762465367286,-3.527981861213,16.));
#530 = CARTESIAN_POINT('',(-5.779537414497,-3.270951892713,16.));
#531 = CARTESIAN_POINT('',(-5.790169272224,-3.012732341394,16.));
#532 = CARTESIAN_POINT('',(-5.796955493831,-2.701884230961,16.));
#533 = CARTESIAN_POINT('',(-5.797878839115,-2.650731966592,16.));
#534 = CARTESIAN_POINT('',(-5.798621131299,-2.599541699934,16.));
#535 = CARTESIAN_POINT('',(-5.799193570495,-2.548315159075,16.));
#536 = CARTESIAN_POINT('',(-5.799607105397,-2.49705390317,16.));
#537 = CARTESIAN_POINT('',(-5.799872433279,-2.445759322444,16.));
#538 = CARTESIAN_POINT('',(-5.8,-2.394432638191,16.));
#539 = CARTESIAN_POINT('',(-5.8,-2.343074902772,16.));
#540 = PCURVE('',#44,#541);
#541 = DEFINITIONAL_REPRESENTATION('',(#542),#580);
#542 = B_SPLINE_CURVE_WITH_KNOTS('',8,(#543,#544,#545,#546,#547,#548,
    #549,#550,#551,#552,#553,#554,#555,#556,#557,#558,#559,#560,#561,
    #562,#563,#564,#565,#566,#567,#568,#569,#570,#571,#572,#573,#574,
    #575,#576,#577,#578,#579),.UNSPECIFIED.,.F.,.F.,(9,7,7,7,7,9),(0.,
    0.152724669339,0.265328330311,0.446865572965,0.909048799678,1.),
  .UNSPECIFIED.);
#543 = CARTESIAN_POINT('',(40.7,29.03007537736));
#544 = CARTESIAN_POINT('',(40.626836072639,29.03007537736));
#545 = CARTESIAN_POINT('',(40.553634947112,29.037453605387));
#546 = CARTESIAN_POINT('',(40.481178708419,29.052222937214));
#547 = CARTESIAN_POINT('',(40.41011448707,29.07410330882));
#548 = CARTESIAN_POINT('',(40.340966750639,29.102638693888));
#549 = CARTESIAN_POINT('',(40.274146533341,29.137263852417));
#550 = CARTESIAN_POINT('',(40.20996000302,29.177345954367));
#551 = CARTESIAN_POINT('',(40.10339196554,29.255316304412));
#552 = CARTESIAN_POINT('',(40.059678634889,29.291039433237));
#553 = CARTESIAN_POINT('',(40.017530673373,29.329163814507));
#554 = CARTESIAN_POINT('',(39.976974439337,29.369466106131));
#555 = CARTESIAN_POINT('',(39.938014497568,29.411735789573));
#556 = CARTESIAN_POINT('',(39.900637367802,29.455779581282));
#557 = CARTESIAN_POINT('',(39.864815273237,29.501425844112));
#558 = CARTESIAN_POINT('',(39.7752034736,29.624467709266));
#559 = CARTESIAN_POINT('',(39.723865334779,29.704155690103));
#560 = CARTESIAN_POINT('',(39.676311642111,29.786995658082));
#561 = CARTESIAN_POINT('',(39.632350964321,29.87247732228));
#562 = CARTESIAN_POINT('',(39.591783693599,29.960171988102));
#563 = CARTESIAN_POINT('',(39.55440414262,30.049730327123));
#564 = CARTESIAN_POINT('',(39.520005314309,30.140883312684));
#565 = CARTESIAN_POINT('',(39.407886291926,30.469106339839));
#566 = CARTESIAN_POINT('',(39.345613890358,30.71328693933));
#567 = CARTESIAN_POINT('',(39.298025051661,30.963043345178));
#568 = CARTESIAN_POINT('',(39.262760409997,31.216425855905));
#569 = CARTESIAN_POINT('',(39.237534632714,31.472018138787));
#570 = CARTESIAN_POINT('',(39.220462585503,31.729048107287));
#571 = CARTESIAN_POINT('',(39.209830727776,31.987267658606));
#572 = CARTESIAN_POINT('',(39.203044506169,32.298115769039));
#573 = CARTESIAN_POINT('',(39.202121160885,32.349268033408));
#574 = CARTESIAN_POINT('',(39.201378868701,32.400458300066));
#575 = CARTESIAN_POINT('',(39.200806429505,32.451684840925));
#576 = CARTESIAN_POINT('',(39.200392894603,32.50294609683));
#577 = CARTESIAN_POINT('',(39.200127566721,32.554240677556));
#578 = CARTESIAN_POINT('',(39.2,32.605567361809));
#579 = CARTESIAN_POINT('',(39.2,32.656925097228));
#580 = ( GEOMETRIC_REPRESENTATION_CONTEXT(2) 
PARAMETRIC_REPRESENTATION_CONTEXT() REPRESENTATION_CONTEXT('2D SPACE',''
  ) );
#581 = PCURVE('',#582,#587);
#582 = TOROIDAL_SURFACE('',#583,9.3,1.5);
#583 = AXIS2_PLACEMENT_3D('',#584,#585,#586);
#584 = CARTESIAN_POINT('',(-4.3,0.,25.));
#585 = DIRECTION('',(-1.,-0.,-1.110223024625E-16));
#586 = DIRECTION('',(0.,-1.,0.));
#587 = DEFINITIONAL_REPRESENTATION('',(#588),#626);
#588 = B_SPLINE_CURVE_WITH_KNOTS('',8,(#589,#590,#591,#592,#593,#594,
    #595,#596,#597,#598,#599,#600,#601,#602,#603,#604,#605,#606,#607,
    #608,#609,#610,#611,#612,#613,#614,#615,#616,#617,#618,#619,#620,
    #621,#622,#623,#624,#625),.UNSPECIFIED.,.F.,.F.,(9,7,7,7,7,9),(0.,
    0.152724669339,0.265328330311,0.446865572965,0.909048799678,1.),
  .UNSPECIFIED.);
#589 = CARTESIAN_POINT('',(-0.985110783338,0.));
#590 = CARTESIAN_POINT('',(-0.985110783338,4.877595157381E-02));
#591 = CARTESIAN_POINT('',(-0.985680092621,9.757669149099E-02));
#592 = CARTESIAN_POINT('',(-0.986819694815,0.146057720789));
#593 = CARTESIAN_POINT('',(-0.988510415915,0.193965027898));
#594 = CARTESIAN_POINT('',(-0.990721858765,0.24109997803));
#595 = CARTESIAN_POINT('',(-0.993416565963,0.287301873319));
#596 = CARTESIAN_POINT('',(-0.996552056098,0.332440822492));
#597 = CARTESIAN_POINT('',(-1.002687016478,0.40883458903));
#598 = CARTESIAN_POINT('',(-1.005507762436,0.440645470789));
#599 = CARTESIAN_POINT('',(-1.008530205741,0.471829769484));
#600 = CARTESIAN_POINT('',(-1.011739449822,0.502379299146));
#601 = CARTESIAN_POINT('',(-1.015121429779,0.532293350317));
#602 = CARTESIAN_POINT('',(-1.0186632303,0.561577917818));
#603 = CARTESIAN_POINT('',(-1.022353403576,0.590244928519));
#604 = CARTESIAN_POINT('',(-1.032355132515,0.663559752741));
#605 = CARTESIAN_POINT('',(-1.03888549851,0.70722592499));
#606 = CARTESIAN_POINT('',(-1.045734031791,0.74939796933));
#607 = CARTESIAN_POINT('',(-1.052866726734,0.790149185717));
#608 = CARTESIAN_POINT('',(-1.060254536914,0.829547120795));
#609 = CARTESIAN_POINT('',(-1.067873426588,0.867659450786));
#610 = CARTESIAN_POINT('',(-1.075704862256,0.90455681704));
#611 = CARTESIAN_POINT('',(-1.104185447262,1.031344787556));
#612 = CARTESIAN_POINT('',(-1.125879697537,1.114740110241));
#613 = CARTESIAN_POINT('',(-1.14862384188,1.191850036561));
#614 = CARTESIAN_POINT('',(-1.172271511926,1.263152631641));
#615 = CARTESIAN_POINT('',(-1.196695440236,1.329060728718));
#616 = CARTESIAN_POINT('',(-1.221806500258,1.389785832909));
#617 = CARTESIAN_POINT('',(-1.247555772427,1.445508940299));
#618 = CARTESIAN_POINT('',(-1.279139254986,1.50629493172));
#619 = CARTESIAN_POINT('',(-1.284355398513,1.516095261685));
#620 = CARTESIAN_POINT('',(-1.289594003531,1.525700894546));
#621 = CARTESIAN_POINT('',(-1.294854621264,1.535111623583));
#622 = CARTESIAN_POINT('',(-1.300136803756,1.544327098066));
#623 = CARTESIAN_POINT('',(-1.30544010387,1.55334682326));
#624 = CARTESIAN_POINT('',(-1.310764075291,1.56217016042));
#625 = CARTESIAN_POINT('',(-1.316108272526,1.570796326795));
#626 = ( GEOMETRIC_REPRESENTATION_CONTEXT(2) 
PARAMETRIC_REPRESENTATION_CONTEXT() REPRESENTATION_CONTEXT('2D SPACE',''
  ) );
#627 = ORIENTED_EDGE('',*,*,#628,.T.);
#628 = EDGE_CURVE('',#499,#629,#631,.T.);
#629 = VERTEX_POINT('',#630);
#630 = CARTESIAN_POINT('',(-5.8,2.343074902772,16.));
#631 = SURFACE_CURVE('',#632,(#636,#642),.PCURVE_S1.);
#632 = LINE('',#633,#634);
#633 = CARTESIAN_POINT('',(-5.8,-17.5,16.));
#634 = VECTOR('',#635,1.);
#635 = DIRECTION('',(0.,1.,0.));
#636 = PCURVE('',#44,#637);
#637 = DEFINITIONAL_REPRESENTATION('',(#638),#641);
#638 = B_SPLINE_CURVE_WITH_KNOTS('',1,(#639,#640),.UNSPECIFIED.,.F.,.F.,
  (2,2),(8.2,26.8),.PIECEWISE_BEZIER_KNOTS.);
#639 = CARTESIAN_POINT('',(39.2,25.7));
#640 = CARTESIAN_POINT('',(39.2,44.3));
#641 = ( GEOMETRIC_REPRESENTATION_CONTEXT(2) 
PARAMETRIC_REPRESENTATION_CONTEXT() REPRESENTATION_CONTEXT('2D SPACE',''
  ) );
#642 = PCURVE('',#643,#648);
#643 = PLANE('',#644);
#644 = AXIS2_PLACEMENT_3D('',#645,#646,#647);
#645 = CARTESIAN_POINT('',(-5.8,0.,40.));
#646 = DIRECTION('',(1.,0.,1.110223024625E-16));
#647 = DIRECTION('',(1.110223024625E-16,0.,-1.));
#648 = DEFINITIONAL_REPRESENTATION('',(#649),#652);
#649 = B_SPLINE_CURVE_WITH_KNOTS('',1,(#650,#651),.UNSPECIFIED.,.F.,.F.,
  (2,2),(8.2,26.8),.PIECEWISE_BEZIER_KNOTS.);
#650 = CARTESIAN_POINT('',(24.,-9.3));
#651 = CARTESIAN_POINT('',(24.,9.3));
#652 = ( GEOMETRIC_REPRESENTATION_CONTEXT(2) 
PARAMETRIC_REPRESENTATION_CONTEXT() REPRESENTATION_CONTEXT('2D SPACE',''
  ) );
#653 = ORIENTED_EDGE('',*,*,#654,.F.);
#654 = EDGE_CURVE('',#655,#629,#657,.T.);
#655 = VERTEX_POINT('',#656);
#656 = CARTESIAN_POINT('',(-4.3,5.96992462264,16.));
#657 = SURFACE_CURVE('',#658,(#696,#737),.PCURVE_S1.);
#658 = B_SPLINE_CURVE_WITH_KNOTS('',8,(#659,#660,#661,#662,#663,#664,
    #665,#666,#667,#668,#669,#670,#671,#672,#673,#674,#675,#676,#677,
    #678,#679,#680,#681,#682,#683,#684,#685,#686,#687,#688,#689,#690,
    #691,#692,#693,#694,#695),.UNSPECIFIED.,.F.,.F.,(9,7,7,7,7,9),(0.,
    0.15272466934,0.265328330312,0.446865572964,0.909048799679,1.),
  .UNSPECIFIED.);
#659 = CARTESIAN_POINT('',(-4.3,5.96992462264,16.));
#660 = CARTESIAN_POINT('',(-4.373163927361,5.96992462264,16.));
#661 = CARTESIAN_POINT('',(-4.446365052889,5.962546394613,16.));
#662 = CARTESIAN_POINT('',(-4.518821291583,5.947777062786,16.));
#663 = CARTESIAN_POINT('',(-4.589885512931,5.925896691179,16.));
#664 = CARTESIAN_POINT('',(-4.659033249363,5.897361306111,16.));
#665 = CARTESIAN_POINT('',(-4.725853466662,5.862736147581,16.));
#666 = CARTESIAN_POINT('',(-4.790039996983,5.822654045632,16.));
#667 = CARTESIAN_POINT('',(-4.896608034463,5.744683695586,16.));
#668 = CARTESIAN_POINT('',(-4.940321365114,5.70896056676,16.));
#669 = CARTESIAN_POINT('',(-4.98246932663,5.67083618549,16.));
#670 = CARTESIAN_POINT('',(-5.023025560665,5.630533893866,16.));
#671 = CARTESIAN_POINT('',(-5.061985502435,5.588264210424,16.));
#672 = CARTESIAN_POINT('',(-5.099362632201,5.544220418715,16.));
#673 = CARTESIAN_POINT('',(-5.135184726766,5.498574155884,16.));
#674 = CARTESIAN_POINT('',(-5.224796526403,5.37553229073,16.));
#675 = CARTESIAN_POINT('',(-5.276134665223,5.295844309893,16.));
#676 = CARTESIAN_POINT('',(-5.323688357891,5.213004341913,16.));
#677 = CARTESIAN_POINT('',(-5.367649035681,5.127522677715,16.));
#678 = CARTESIAN_POINT('',(-5.408216306403,5.039828011893,16.));
#679 = CARTESIAN_POINT('',(-5.445595857382,4.950269672872,16.));
#680 = CARTESIAN_POINT('',(-5.479994685693,4.859116687311,16.));
#681 = CARTESIAN_POINT('',(-5.592113708076,4.530893660153,16.));
#682 = CARTESIAN_POINT('',(-5.654386109641,4.286713060672,16.));
#683 = CARTESIAN_POINT('',(-5.701974948344,4.036956654791,16.));
#684 = CARTESIAN_POINT('',(-5.737239590001,3.78357414412,16.));
#685 = CARTESIAN_POINT('',(-5.762465367289,3.527981861175,16.));
#686 = CARTESIAN_POINT('',(-5.779537414497,3.270951892717,16.));
#687 = CARTESIAN_POINT('',(-5.790169272225,3.01273234138,16.));
#688 = CARTESIAN_POINT('',(-5.796955493831,2.701884230951,16.));
#689 = CARTESIAN_POINT('',(-5.797878839115,2.650731966584,16.));
#690 = CARTESIAN_POINT('',(-5.798621131299,2.599541699927,16.));
#691 = CARTESIAN_POINT('',(-5.799193570496,2.548315159069,16.));
#692 = CARTESIAN_POINT('',(-5.799607105397,2.497053903166,16.));
#693 = CARTESIAN_POINT('',(-5.799872433279,2.445759322442,16.));
#694 = CARTESIAN_POINT('',(-5.8,2.39443263819,16.));
#695 = CARTESIAN_POINT('',(-5.8,2.343074902772,16.));
#696 = PCURVE('',#44,#697);
#697 = DEFINITIONAL_REPRESENTATION('',(#698),#736);
#698 = B_SPLINE_CURVE_WITH_KNOTS('',8,(#699,#700,#701,#702,#703,#704,
    #705,#706,#707,#708,#709,#710,#711,#712,#713,#714,#715,#716,#717,
    #718,#719,#720,#721,#722,#723,#724,#725,#726,#727,#728,#729,#730,
    #731,#732,#733,#734,#735),.UNSPECIFIED.,.F.,.F.,(9,7,7,7,7,9),(0.,
    0.15272466934,0.265328330312,0.446865572964,0.909048799679,1.),
  .UNSPECIFIED.);
#699 = CARTESIAN_POINT('',(40.7,40.96992462264));
#700 = CARTESIAN_POINT('',(40.626836072639,40.96992462264));
#701 = CARTESIAN_POINT('',(40.553634947111,40.962546394613));
#702 = CARTESIAN_POINT('',(40.481178708417,40.947777062786));
#703 = CARTESIAN_POINT('',(40.410114487069,40.925896691179));
#704 = CARTESIAN_POINT('',(40.340966750637,40.897361306111));
#705 = CARTESIAN_POINT('',(40.274146533338,40.862736147581));
#706 = CARTESIAN_POINT('',(40.209960003017,40.822654045632));
#707 = CARTESIAN_POINT('',(40.103391965537,40.744683695586));
#708 = CARTESIAN_POINT('',(40.059678634886,40.70896056676));
#709 = CARTESIAN_POINT('',(40.01753067337,40.67083618549));
#710 = CARTESIAN_POINT('',(39.976974439335,40.630533893866));
#711 = CARTESIAN_POINT('',(39.938014497565,40.588264210424));
#712 = CARTESIAN_POINT('',(39.900637367799,40.544220418715));
#713 = CARTESIAN_POINT('',(39.864815273234,40.498574155884));
#714 = CARTESIAN_POINT('',(39.775203473597,40.37553229073));
#715 = CARTESIAN_POINT('',(39.723865334777,40.295844309893));
#716 = CARTESIAN_POINT('',(39.676311642109,40.213004341913));
#717 = CARTESIAN_POINT('',(39.632350964319,40.127522677715));
#718 = CARTESIAN_POINT('',(39.591783693597,40.039828011893));
#719 = CARTESIAN_POINT('',(39.554404142618,39.950269672872));
#720 = CARTESIAN_POINT('',(39.520005314307,39.859116687311));
#721 = CARTESIAN_POINT('',(39.407886291924,39.530893660153));
#722 = CARTESIAN_POINT('',(39.345613890359,39.286713060672));
#723 = CARTESIAN_POINT('',(39.298025051656,39.036956654791));
#724 = CARTESIAN_POINT('',(39.262760409999,38.78357414412));
#725 = CARTESIAN_POINT('',(39.237534632711,38.527981861175));
#726 = CARTESIAN_POINT('',(39.220462585503,38.270951892717));
#727 = CARTESIAN_POINT('',(39.209830727775,38.01273234138));
#728 = CARTESIAN_POINT('',(39.203044506169,37.701884230951));
#729 = CARTESIAN_POINT('',(39.202121160885,37.650731966584));
#730 = CARTESIAN_POINT('',(39.201378868701,37.599541699927));
#731 = CARTESIAN_POINT('',(39.200806429504,37.548315159069));
#732 = CARTESIAN_POINT('',(39.200392894603,37.497053903166));
#733 = CARTESIAN_POINT('',(39.200127566721,37.445759322442));
#734 = CARTESIAN_POINT('',(39.2,37.39443263819));
#735 = CARTESIAN_POINT('',(39.2,37.343074902772));
#736 = ( GEOMETRIC_REPRESENTATION_CONTEXT(2) 
PARAMETRIC_REPRESENTATION_CONTEXT() REPRESENTATION_CONTEXT('2D SPACE',''
  ) );
#737 = PCURVE('',#582,#738);
#738 = DEFINITIONAL_REPRESENTATION('',(#739),#777);
#739 = B_SPLINE_CURVE_WITH_KNOTS('',8,(#740,#741,#742,#743,#744,#745,
    #746,#747,#748,#749,#750,#751,#752,#753,#754,#755,#756,#757,#758,
    #759,#760,#761,#762,#763,#764,#765,#766,#767,#768,#769,#770,#771,
    #772,#773,#774,#775,#776),.UNSPECIFIED.,.F.,.F.,(9,7,7,7,7,9),(0.,
    0.15272466934,0.265328330312,0.446865572964,0.909048799679,1.),
  .UNSPECIFIED.);
#740 = CARTESIAN_POINT('',(-2.156481870252,0.));
#741 = CARTESIAN_POINT('',(-2.156481870252,4.877595157413E-02));
#742 = CARTESIAN_POINT('',(-2.155912560968,9.757669149149E-02));
#743 = CARTESIAN_POINT('',(-2.154772958775,0.146057720791));
#744 = CARTESIAN_POINT('',(-2.153082237675,0.193965027899));
#745 = CARTESIAN_POINT('',(-2.150870794825,0.241099978032));
#746 = CARTESIAN_POINT('',(-2.148176087627,0.287301873321));
#747 = CARTESIAN_POINT('',(-2.145040597492,0.332440822494));
#748 = CARTESIAN_POINT('',(-2.138905637112,0.408834589032));
#749 = CARTESIAN_POINT('',(-2.136084891154,0.440645470791));
#750 = CARTESIAN_POINT('',(-2.133062447848,0.471829769486));
#751 = CARTESIAN_POINT('',(-2.129853203767,0.502379299148));
#752 = CARTESIAN_POINT('',(-2.12647122381,0.532293350319));
#753 = CARTESIAN_POINT('',(-2.12292942329,0.56157791782));
#754 = CARTESIAN_POINT('',(-2.119239250014,0.590244928521));
#755 = CARTESIAN_POINT('',(-2.109237521075,0.663559752743));
#756 = CARTESIAN_POINT('',(-2.102707155079,0.707225924992));
#757 = CARTESIAN_POINT('',(-2.095858621799,0.749397969333));
#758 = CARTESIAN_POINT('',(-2.088725926856,0.790149185719));
#759 = CARTESIAN_POINT('',(-2.081338116676,0.829547120797));
#760 = CARTESIAN_POINT('',(-2.073719227001,0.867659450788));
#761 = CARTESIAN_POINT('',(-2.065887791333,0.904556817043));
#762 = CARTESIAN_POINT('',(-2.037407206327,1.031344787559));
#763 = CARTESIAN_POINT('',(-2.015712956053,1.114740110241));
#764 = CARTESIAN_POINT('',(-1.992968811707,1.191850036568));
#765 = CARTESIAN_POINT('',(-1.969321141666,1.263152631638));
#766 = CARTESIAN_POINT('',(-1.94489721335,1.329060728725));
#767 = CARTESIAN_POINT('',(-1.919786153332,1.389785832909));
#768 = CARTESIAN_POINT('',(-1.894036881161,1.445508940302));
#769 = CARTESIAN_POINT('',(-1.862453398603,1.506294931722));
#770 = CARTESIAN_POINT('',(-1.857237255076,1.516095261687));
#771 = CARTESIAN_POINT('',(-1.851998650058,1.525700894547));
#772 = CARTESIAN_POINT('',(-1.846738032325,1.535111623584));
#773 = CARTESIAN_POINT('',(-1.841455849834,1.544327098067));
#774 = CARTESIAN_POINT('',(-1.83615254972,1.553346823261));
#775 = CARTESIAN_POINT('',(-1.830828578298,1.562170160421));
#776 = CARTESIAN_POINT('',(-1.825484381064,1.570796326795));
#777 = ( GEOMETRIC_REPRESENTATION_CONTEXT(2) 
PARAMETRIC_REPRESENTATION_CONTEXT() REPRESENTATION_CONTEXT('2D SPACE',''
  ) );
#778 = ORIENTED_EDGE('',*,*,#779,.F.);
#779 = EDGE_CURVE('',#780,#655,#782,.T.);
#780 = VERTEX_POINT('',#781);
#781 = CARTESIAN_POINT('',(4.3,5.96992462264,16.));
#782 = SURFACE_CURVE('',#783,(#787,#793),.PCURVE_S1.);
#783 = LINE('',#784,#785);
#784 = CARTESIAN_POINT('',(-5.8,5.96992462264,16.));
#785 = VECTOR('',#786,1.);
#786 = DIRECTION('',(-1.,-0.,-1.110223024625E-16));
#787 = PCURVE('',#44,#788);
#788 = DEFINITIONAL_REPRESENTATION('',(#789),#792);
#789 = B_SPLINE_CURVE_WITH_KNOTS('',1,(#790,#791),.UNSPECIFIED.,.F.,.F.,
  (2,2),(-10.1000006,-1.4999994),.PIECEWISE_BEZIER_KNOTS.);
#790 = CARTESIAN_POINT('',(49.3000006,40.96992462264));
#791 = CARTESIAN_POINT('',(40.6999994,40.96992462264));
#792 = ( GEOMETRIC_REPRESENTATION_CONTEXT(2) 
PARAMETRIC_REPRESENTATION_CONTEXT() REPRESENTATION_CONTEXT('2D SPACE',''
  ) );
#793 = PCURVE('',#487,#794);
#794 = DEFINITIONAL_REPRESENTATION('',(#795),#798);
#795 = B_SPLINE_CURVE_WITH_KNOTS('',1,(#796,#797),.UNSPECIFIED.,.F.,.F.,
  (2,2),(-10.1000006,-1.4999994),.PIECEWISE_BEZIER_KNOTS.);
#796 = CARTESIAN_POINT('',(-6.868870850637,-10.1000006));
#797 = CARTESIAN_POINT('',(-6.868870850637,-1.4999994));
#798 = ( GEOMETRIC_REPRESENTATION_CONTEXT(2) 
PARAMETRIC_REPRESENTATION_CONTEXT() REPRESENTATION_CONTEXT('2D SPACE',''
  ) );
#799 = ORIENTED_EDGE('',*,*,#800,.T.);
#800 = EDGE_CURVE('',#780,#801,#803,.T.);
#801 = VERTEX_POINT('',#802);
#802 = CARTESIAN_POINT('',(5.8,2.343074902772,16.));
#803 = SURFACE_CURVE('',#804,(#842,#883),.PCURVE_S1.);
#804 = B_SPLINE_CURVE_WITH_KNOTS('',8,(#805,#806,#807,#808,#809,#810,
    #811,#812,#813,#814,#815,#816,#817,#818,#819,#820,#821,#822,#823,
    #824,#825,#826,#827,#828,#829,#830,#831,#832,#833,#834,#835,#836,
    #837,#838,#839,#840,#841),.UNSPECIFIED.,.F.,.F.,(9,7,7,7,7,9),(0.,
    0.152724669341,0.265328330313,0.446865572966,0.909048799683,1.),
  .UNSPECIFIED.);
#805 = CARTESIAN_POINT('',(4.3,5.96992462264,16.));
#806 = CARTESIAN_POINT('',(4.373163927362,5.96992462264,16.));
#807 = CARTESIAN_POINT('',(4.44636505289,5.962546394613,16.));
#808 = CARTESIAN_POINT('',(4.518821291585,5.947777062785,16.));
#809 = CARTESIAN_POINT('',(4.589885512934,5.925896691178,16.));
#810 = CARTESIAN_POINT('',(4.659033249366,5.897361306109,16.));
#811 = CARTESIAN_POINT('',(4.725853466665,5.86273614758,16.));
#812 = CARTESIAN_POINT('',(4.790039996987,5.822654045629,16.));
#813 = CARTESIAN_POINT('',(4.896608034467,5.744683695582,16.));
#814 = CARTESIAN_POINT('',(4.940321365119,5.708960566756,16.));
#815 = CARTESIAN_POINT('',(4.982469326634,5.670836185486,16.));
#816 = CARTESIAN_POINT('',(5.02302556067,5.630533893862,16.));
#817 = CARTESIAN_POINT('',(5.061985502439,5.588264210419,16.));
#818 = CARTESIAN_POINT('',(5.099362632205,5.54422041871,16.));
#819 = CARTESIAN_POINT('',(5.13518472677,5.498574155879,16.));
#820 = CARTESIAN_POINT('',(5.224796526407,5.375532290724,16.));
#821 = CARTESIAN_POINT('',(5.276134665227,5.295844309887,16.));
#822 = CARTESIAN_POINT('',(5.323688357895,5.213004341907,16.));
#823 = CARTESIAN_POINT('',(5.367649035685,5.127522677708,16.));
#824 = CARTESIAN_POINT('',(5.408216306407,5.039828011885,16.));
#825 = CARTESIAN_POINT('',(5.445595857385,4.950269672864,16.));
#826 = CARTESIAN_POINT('',(5.479994685696,4.859116687302,16.));
#827 = CARTESIAN_POINT('',(5.592113708079,4.530893660143,16.));
#828 = CARTESIAN_POINT('',(5.654386109645,4.28671306066,16.));
#829 = CARTESIAN_POINT('',(5.701974948343,4.036956654783,16.));
#830 = CARTESIAN_POINT('',(5.737239590006,3.783574144102,16.));
#831 = CARTESIAN_POINT('',(5.762465367288,3.527981861165,16.));
#832 = CARTESIAN_POINT('',(5.779537414498,3.270951892701,16.));
#833 = CARTESIAN_POINT('',(5.790169272225,3.012732341364,16.));
#834 = CARTESIAN_POINT('',(5.796955493832,2.701884230936,16.));
#835 = CARTESIAN_POINT('',(5.797878839115,2.650731966571,16.));
#836 = CARTESIAN_POINT('',(5.798621131299,2.599541699917,16.));
#837 = CARTESIAN_POINT('',(5.799193570496,2.548315159061,16.));
#838 = CARTESIAN_POINT('',(5.799607105397,2.497053903159,16.));
#839 = CARTESIAN_POINT('',(5.799872433279,2.445759322437,16.));
#840 = CARTESIAN_POINT('',(5.8,2.394432638188,16.));
#841 = CARTESIAN_POINT('',(5.8,2.343074902772,16.));
#842 = PCURVE('',#44,#843);
#843 = DEFINITIONAL_REPRESENTATION('',(#844),#882);
#844 = B_SPLINE_CURVE_WITH_KNOTS('',8,(#845,#846,#847,#848,#849,#850,
    #851,#852,#853,#854,#855,#856,#857,#858,#859,#860,#861,#862,#863,
    #864,#865,#866,#867,#868,#869,#870,#871,#872,#873,#874,#875,#876,
    #877,#878,#879,#880,#881),.UNSPECIFIED.,.F.,.F.,(9,7,7,7,7,9),(0.,
    0.152724669341,0.265328330313,0.446865572966,0.909048799683,1.),
  .UNSPECIFIED.);
#845 = CARTESIAN_POINT('',(49.3,40.96992462264));
#846 = CARTESIAN_POINT('',(49.373163927362,40.96992462264));
#847 = CARTESIAN_POINT('',(49.44636505289,40.962546394613));
#848 = CARTESIAN_POINT('',(49.518821291585,40.947777062785));
#849 = CARTESIAN_POINT('',(49.589885512934,40.925896691178));
#850 = CARTESIAN_POINT('',(49.659033249366,40.897361306109));
#851 = CARTESIAN_POINT('',(49.725853466665,40.86273614758));
#852 = CARTESIAN_POINT('',(49.790039996987,40.822654045629));
#853 = CARTESIAN_POINT('',(49.896608034467,40.744683695582));
#854 = CARTESIAN_POINT('',(49.940321365119,40.708960566756));
#855 = CARTESIAN_POINT('',(49.982469326634,40.670836185486));
#856 = CARTESIAN_POINT('',(50.02302556067,40.630533893862));
#857 = CARTESIAN_POINT('',(50.061985502439,40.588264210419));
#858 = CARTESIAN_POINT('',(50.099362632205,40.54422041871));
#859 = CARTESIAN_POINT('',(50.13518472677,40.498574155879));
#860 = CARTESIAN_POINT('',(50.224796526407,40.375532290724));
#861 = CARTESIAN_POINT('',(50.276134665227,40.295844309887));
#862 = CARTESIAN_POINT('',(50.323688357895,40.213004341907));
#863 = CARTESIAN_POINT('',(50.367649035685,40.127522677708));
#864 = CARTESIAN_POINT('',(50.408216306407,40.039828011885));
#865 = CARTESIAN_POINT('',(50.445595857385,39.950269672864));
#866 = CARTESIAN_POINT('',(50.479994685696,39.859116687302));
#867 = CARTESIAN_POINT('',(50.592113708079,39.530893660143));
#868 = CARTESIAN_POINT('',(50.654386109645,39.28671306066));
#869 = CARTESIAN_POINT('',(50.701974948343,39.036956654783));
#870 = CARTESIAN_POINT('',(50.737239590006,38.783574144102));
#871 = CARTESIAN_POINT('',(50.762465367288,38.527981861165));
#872 = CARTESIAN_POINT('',(50.779537414498,38.270951892701));
#873 = CARTESIAN_POINT('',(50.790169272225,38.012732341364));
#874 = CARTESIAN_POINT('',(50.796955493832,37.701884230936));
#875 = CARTESIAN_POINT('',(50.797878839115,37.650731966571));
#876 = CARTESIAN_POINT('',(50.798621131299,37.599541699917));
#877 = CARTESIAN_POINT('',(50.799193570496,37.548315159061));
#878 = CARTESIAN_POINT('',(50.799607105397,37.497053903159));
#879 = CARTESIAN_POINT('',(50.799872433279,37.445759322437));
#880 = CARTESIAN_POINT('',(50.8,37.394432638188));
#881 = CARTESIAN_POINT('',(50.8,37.343074902772));
#882 = ( GEOMETRIC_REPRESENTATION_CONTEXT(2) 
PARAMETRIC_REPRESENTATION_CONTEXT() REPRESENTATION_CONTEXT('2D SPACE',''
  ) );
#883 = PCURVE('',#426,#884);
#884 = DEFINITIONAL_REPRESENTATION('',(#885),#923);
#885 = B_SPLINE_CURVE_WITH_KNOTS('',8,(#886,#887,#888,#889,#890,#891,
    #892,#893,#894,#895,#896,#897,#898,#899,#900,#901,#902,#903,#904,
    #905,#906,#907,#908,#909,#910,#911,#912,#913,#914,#915,#916,#917,
    #918,#919,#920,#921,#922),.UNSPECIFIED.,.F.,.F.,(9,7,7,7,7,9),(0.,
    0.152724669341,0.265328330313,0.446865572966,0.909048799683,1.),
  .UNSPECIFIED.);
#886 = CARTESIAN_POINT('',(2.156481870252,0.));
#887 = CARTESIAN_POINT('',(2.156481870252,4.877595157466E-02));
#888 = CARTESIAN_POINT('',(2.155912560968,9.757669149232E-02));
#889 = CARTESIAN_POINT('',(2.154772958775,0.146057720792));
#890 = CARTESIAN_POINT('',(2.153082237675,0.193965027901));
#891 = CARTESIAN_POINT('',(2.150870794825,0.241099978034));
#892 = CARTESIAN_POINT('',(2.148176087626,0.287301873324));
#893 = CARTESIAN_POINT('',(2.145040597492,0.332440822497));
#894 = CARTESIAN_POINT('',(2.138905637111,0.408834589036));
#895 = CARTESIAN_POINT('',(2.136084891153,0.440645470795));
#896 = CARTESIAN_POINT('',(2.133062447848,0.471829769489));
#897 = CARTESIAN_POINT('',(2.129853203767,0.502379299151));
#898 = CARTESIAN_POINT('',(2.12647122381,0.532293350322));
#899 = CARTESIAN_POINT('',(2.122929423289,0.561577917823));
#900 = CARTESIAN_POINT('',(2.119239250013,0.590244928525));
#901 = CARTESIAN_POINT('',(2.109237521074,0.663559752746));
#902 = CARTESIAN_POINT('',(2.102707155079,0.707225924995));
#903 = CARTESIAN_POINT('',(2.095858621798,0.749397969336));
#904 = CARTESIAN_POINT('',(2.088725926855,0.790149185722));
#905 = CARTESIAN_POINT('',(2.081338116675,0.8295471208));
#906 = CARTESIAN_POINT('',(2.073719227,0.867659450792));
#907 = CARTESIAN_POINT('',(2.065887791333,0.904556817046));
#908 = CARTESIAN_POINT('',(2.037407206326,1.031344787563));
#909 = CARTESIAN_POINT('',(2.015712956052,1.114740110245));
#910 = CARTESIAN_POINT('',(1.992968811706,1.191850036571));
#911 = CARTESIAN_POINT('',(1.969321141664,1.263152631642));
#912 = CARTESIAN_POINT('',(1.94489721335,1.329060728729));
#913 = CARTESIAN_POINT('',(1.919786153331,1.389785832912));
#914 = CARTESIAN_POINT('',(1.89403688116,1.445508940305));
#915 = CARTESIAN_POINT('',(1.862453398601,1.506294931725));
#916 = CARTESIAN_POINT('',(1.857237255075,1.516095261689));
#917 = CARTESIAN_POINT('',(1.851998650057,1.525700894549));
#918 = CARTESIAN_POINT('',(1.846738032324,1.535111623585));
#919 = CARTESIAN_POINT('',(1.841455849833,1.544327098068));
#920 = CARTESIAN_POINT('',(1.836152549719,1.553346823261));
#921 = CARTESIAN_POINT('',(1.830828578298,1.562170160421));
#922 = CARTESIAN_POINT('',(1.825484381064,1.570796326795));
#923 = ( GEOMETRIC_REPRESENTATION_CONTEXT(2) 
PARAMETRIC_REPRESENTATION_CONTEXT() REPRESENTATION_CONTEXT('2D SPACE',''
  ) );
#924 = ORIENTED_EDGE('',*,*,#925,.F.);
#925 = EDGE_CURVE('',#343,#801,#926,.T.);
#926 = SURFACE_CURVE('',#927,(#931,#937),.PCURVE_S1.);
#927 = LINE('',#928,#929);
#928 = CARTESIAN_POINT('',(5.8,-17.5,16.));
#929 = VECTOR('',#930,1.);
#930 = DIRECTION('',(0.,1.,0.));
#931 = PCURVE('',#44,#932);
#932 = DEFINITIONAL_REPRESENTATION('',(#933),#936);
#933 = B_SPLINE_CURVE_WITH_KNOTS('',1,(#934,#935),.UNSPECIFIED.,.F.,.F.,
  (2,2),(8.2,26.8),.PIECEWISE_BEZIER_KNOTS.);
#934 = CARTESIAN_POINT('',(50.8,25.7));
#935 = CARTESIAN_POINT('',(50.8,44.3));
#936 = ( GEOMETRIC_REPRESENTATION_CONTEXT(2) 
PARAMETRIC_REPRESENTATION_CONTEXT() REPRESENTATION_CONTEXT('2D SPACE',''
  ) );
#937 = PCURVE('',#938,#943);
#938 = PLANE('',#939);
#939 = AXIS2_PLACEMENT_3D('',#940,#941,#942);
#940 = CARTESIAN_POINT('',(5.8,0.,40.));
#941 = DIRECTION('',(1.,0.,1.110223024625E-16));
#942 = DIRECTION('',(1.110223024625E-16,0.,-1.));
#943 = DEFINITIONAL_REPRESENTATION('',(#944),#947);
#944 = B_SPLINE_CURVE_WITH_KNOTS('',1,(#945,#946),.UNSPECIFIED.,.F.,.F.,
  (2,2),(8.2,26.8),.PIECEWISE_BEZIER_KNOTS.);
#945 = CARTESIAN_POINT('',(24.,-9.3));
#946 = CARTESIAN_POINT('',(24.,9.3));
#947 = ( GEOMETRIC_REPRESENTATION_CONTEXT(2) 
PARAMETRIC_REPRESENTATION_CONTEXT() REPRESENTATION_CONTEXT('2D SPACE',''
  ) );
#948 = ADVANCED_FACE('',(#949),#72,.T.);
#949 = FACE_BOUND('',#950,.T.);
#950 = EDGE_LOOP('',(#951,#975,#996,#997));
#951 = ORIENTED_EDGE('',*,*,#952,.T.);
#952 = EDGE_CURVE('',#57,#953,#955,.T.);
#953 = VERTEX_POINT('',#954);
#954 = CARTESIAN_POINT('',(-40.,-35.,0.));
#955 = SURFACE_CURVE('',#956,(#961,#968),.PCURVE_S1.);
#956 = CIRCLE('',#957,5.);
#957 = AXIS2_PLACEMENT_3D('',#958,#959,#960);
#958 = CARTESIAN_POINT('',(-40.,-30.,0.));
#959 = DIRECTION('',(0.,0.,1.));
#960 = DIRECTION('',(0.,-1.,0.));
#961 = PCURVE('',#72,#962);
#962 = DEFINITIONAL_REPRESENTATION('',(#963),#967);
#963 = LINE('',#964,#965);
#964 = CARTESIAN_POINT('',(-4.712388980385,0.));
#965 = VECTOR('',#966,1.);
#966 = DIRECTION('',(1.,0.));
#967 = ( GEOMETRIC_REPRESENTATION_CONTEXT(2) 
PARAMETRIC_REPRESENTATION_CONTEXT() REPRESENTATION_CONTEXT('2D SPACE',''
  ) );
#968 = PCURVE('',#100,#969);
#969 = DEFINITIONAL_REPRESENTATION('',(#970),#974);
#970 = CIRCLE('',#971,5.);
#971 = AXIS2_PLACEMENT_2D('',#972,#973);
#972 = CARTESIAN_POINT('',(5.,5.));
#973 = DIRECTION('',(0.,-1.));
#974 = ( GEOMETRIC_REPRESENTATION_CONTEXT(2) 
PARAMETRIC_REPRESENTATION_CONTEXT() REPRESENTATION_CONTEXT('2D SPACE',''
  ) );
#975 = ORIENTED_EDGE('',*,*,#976,.T.);
#976 = EDGE_CURVE('',#953,#143,#977,.T.);
#977 = SURFACE_CURVE('',#978,(#982,#989),.PCURVE_S1.);
#978 = LINE('',#979,#980);
#979 = CARTESIAN_POINT('',(-40.,-35.,0.));
#980 = VECTOR('',#981,1.);
#981 = DIRECTION('',(0.,0.,1.));
#982 = PCURVE('',#72,#983);
#983 = DEFINITIONAL_REPRESENTATION('',(#984),#988);
#984 = LINE('',#985,#986);
#985 = CARTESIAN_POINT('',(1.570796326795,0.));
#986 = VECTOR('',#987,1.);
#987 = DIRECTION('',(0.,1.));
#988 = ( GEOMETRIC_REPRESENTATION_CONTEXT(2) 
PARAMETRIC_REPRESENTATION_CONTEXT() REPRESENTATION_CONTEXT('2D SPACE',''
  ) );
#989 = PCURVE('',#182,#990);
#990 = DEFINITIONAL_REPRESENTATION('',(#991),#995);
#991 = LINE('',#992,#993);
#992 = CARTESIAN_POINT('',(0.,5.));
#993 = VECTOR('',#994,1.);
#994 = DIRECTION('',(1.,0.));
#995 = ( GEOMETRIC_REPRESENTATION_CONTEXT(2) 
PARAMETRIC_REPRESENTATION_CONTEXT() REPRESENTATION_CONTEXT('2D SPACE',''
  ) );
#996 = ORIENTED_EDGE('',*,*,#142,.F.);
#997 = ORIENTED_EDGE('',*,*,#56,.F.);
#998 = ADVANCED_FACE('',(#999),#126,.T.);
#999 = FACE_BOUND('',#1000,.F.);
#1000 = EDGE_LOOP('',(#1001,#1029,#1050,#1051));
#1001 = ORIENTED_EDGE('',*,*,#1002,.T.);
#1002 = EDGE_CURVE('',#85,#1003,#1005,.T.);
#1003 = VERTEX_POINT('',#1004);
#1004 = CARTESIAN_POINT('',(-40.,35.,0.));
#1005 = SURFACE_CURVE('',#1006,(#1011,#1018),.PCURVE_S1.);
#1006 = CIRCLE('',#1007,5.);
#1007 = AXIS2_PLACEMENT_3D('',#1008,#1009,#1010);
#1008 = CARTESIAN_POINT('',(-40.,30.,0.));
#1009 = DIRECTION('',(-0.,-0.,-1.));
#1010 = DIRECTION('',(0.,-1.,0.));
#1011 = PCURVE('',#126,#1012);
#1012 = DEFINITIONAL_REPRESENTATION('',(#1013),#1017);
#1013 = LINE('',#1014,#1015);
#1014 = CARTESIAN_POINT('',(1.570796326795,-0.));
#1015 = VECTOR('',#1016,1.);
#1016 = DIRECTION('',(-1.,0.));
#1017 = ( GEOMETRIC_REPRESENTATION_CONTEXT(2) 
PARAMETRIC_REPRESENTATION_CONTEXT() REPRESENTATION_CONTEXT('2D SPACE',''
  ) );
#1018 = PCURVE('',#100,#1019);
#1019 = DEFINITIONAL_REPRESENTATION('',(#1020),#1028);
#1020 = ( BOUNDED_CURVE() B_SPLINE_CURVE(2,(#1021,#1022,#1023,#1024,
#1025,#1026,#1027),.UNSPECIFIED.,.T.,.F.) B_SPLINE_CURVE_WITH_KNOTS((1,2
    ,2,2,2,1),(-2.094395102393,0.,2.094395102393,4.188790204786,
6.28318530718,8.377580409573),.UNSPECIFIED.) CURVE() 
GEOMETRIC_REPRESENTATION_ITEM() RATIONAL_B_SPLINE_CURVE((1.,0.5,1.,0.5,
1.,0.5,1.)) REPRESENTATION_ITEM('') );
#1021 = CARTESIAN_POINT('',(5.,60.));
#1022 = CARTESIAN_POINT('',(-3.660254037844,60.));
#1023 = CARTESIAN_POINT('',(0.669872981078,67.5));
#1024 = CARTESIAN_POINT('',(5.,75.));
#1025 = CARTESIAN_POINT('',(9.330127018922,67.5));
#1026 = CARTESIAN_POINT('',(13.660254037844,60.));
#1027 = CARTESIAN_POINT('',(5.,60.));
#1028 = ( GEOMETRIC_REPRESENTATION_CONTEXT(2) 
PARAMETRIC_REPRESENTATION_CONTEXT() REPRESENTATION_CONTEXT('2D SPACE',''
  ) );
#1029 = ORIENTED_EDGE('',*,*,#1030,.T.);
#1030 = EDGE_CURVE('',#1003,#285,#1031,.T.);
#1031 = SURFACE_CURVE('',#1032,(#1036,#1043),.PCURVE_S1.);
#1032 = LINE('',#1033,#1034);
#1033 = CARTESIAN_POINT('',(-40.,35.,0.));
#1034 = VECTOR('',#1035,1.);
#1035 = DIRECTION('',(0.,0.,1.));
#1036 = PCURVE('',#126,#1037);
#1037 = DEFINITIONAL_REPRESENTATION('',(#1038),#1042);
#1038 = LINE('',#1039,#1040);
#1039 = CARTESIAN_POINT('',(-1.570796326795,0.));
#1040 = VECTOR('',#1041,1.);
#1041 = DIRECTION('',(-0.,1.));
#1042 = ( GEOMETRIC_REPRESENTATION_CONTEXT(2) 
PARAMETRIC_REPRESENTATION_CONTEXT() REPRESENTATION_CONTEXT('2D SPACE',''
  ) );
#1043 = PCURVE('',#300,#1044);
#1044 = DEFINITIONAL_REPRESENTATION('',(#1045),#1049);
#1045 = LINE('',#1046,#1047);
#1046 = CARTESIAN_POINT('',(0.,5.));
#1047 = VECTOR('',#1048,1.);
#1048 = DIRECTION('',(1.,0.));
#1049 = ( GEOMETRIC_REPRESENTATION_CONTEXT(2) 
PARAMETRIC_REPRESENTATION_CONTEXT() REPRESENTATION_CONTEXT('2D SPACE',''
  ) );
#1050 = ORIENTED_EDGE('',*,*,#312,.F.);
#1051 = ORIENTED_EDGE('',*,*,#112,.F.);
#1052 = ADVANCED_FACE('',(#1053),#100,.F.);
#1053 = FACE_BOUND('',#1054,.F.);
#1054 = EDGE_LOOP('',(#1055,#1056,#1057,#1080,#1108,#1131,#1155,#1178,
    #1206,#1235,#1263,#1296,#1324,#1345));
#1055 = ORIENTED_EDGE('',*,*,#84,.F.);
#1056 = ORIENTED_EDGE('',*,*,#952,.T.);
#1057 = ORIENTED_EDGE('',*,*,#1058,.T.);
#1058 = EDGE_CURVE('',#953,#1059,#1061,.T.);
#1059 = VERTEX_POINT('',#1060);
#1060 = CARTESIAN_POINT('',(40.,-35.,0.));
#1061 = SURFACE_CURVE('',#1062,(#1066,#1073),.PCURVE_S1.);
#1062 = LINE('',#1063,#1064);
#1063 = CARTESIAN_POINT('',(-45.,-35.,0.));
#1064 = VECTOR('',#1065,1.);
#1065 = DIRECTION('',(1.,0.,0.));
#1066 = PCURVE('',#100,#1067);
#1067 = DEFINITIONAL_REPRESENTATION('',(#1068),#1072);
#1068 = LINE('',#1069,#1070);
#1069 = CARTESIAN_POINT('',(0.,0.));
#1070 = VECTOR('',#1071,1.);
#1071 = DIRECTION('',(1.,0.));
#1072 = ( GEOMETRIC_REPRESENTATION_CONTEXT(2) 
PARAMETRIC_REPRESENTATION_CONTEXT() REPRESENTATION_CONTEXT('2D SPACE',''
  ) );
#1073 = PCURVE('',#182,#1074);
#1074 = DEFINITIONAL_REPRESENTATION('',(#1075),#1079);
#1075 = LINE('',#1076,#1077);
#1076 = CARTESIAN_POINT('',(0.,0.));
#1077 = VECTOR('',#1078,1.);
#1078 = DIRECTION('',(0.,1.));
#1079 = ( GEOMETRIC_REPRESENTATION_CONTEXT(2) 
PARAMETRIC_REPRESENTATION_CONTEXT() REPRESENTATION_CONTEXT('2D SPACE',''
  ) );
#1080 = ORIENTED_EDGE('',*,*,#1081,.F.);
#1081 = EDGE_CURVE('',#1082,#1059,#1084,.T.);
#1082 = VERTEX_POINT('',#1083);
#1083 = CARTESIAN_POINT('',(45.,-30.,0.));
#1084 = SURFACE_CURVE('',#1085,(#1090,#1101),.PCURVE_S1.);
#1085 = CIRCLE('',#1086,5.);
#1086 = AXIS2_PLACEMENT_3D('',#1087,#1088,#1089);
#1087 = CARTESIAN_POINT('',(40.,-30.,0.));
#1088 = DIRECTION('',(-0.,-0.,-1.));
#1089 = DIRECTION('',(0.,-1.,0.));
#1090 = PCURVE('',#100,#1091);
#1091 = DEFINITIONAL_REPRESENTATION('',(#1092),#1100);
#1092 = ( BOUNDED_CURVE() B_SPLINE_CURVE(2,(#1093,#1094,#1095,#1096,
#1097,#1098,#1099),.UNSPECIFIED.,.T.,.F.) B_SPLINE_CURVE_WITH_KNOTS((1,2
    ,2,2,2,1),(-2.094395102393,0.,2.094395102393,4.188790204786,
6.28318530718,8.377580409573),.UNSPECIFIED.) CURVE() 
GEOMETRIC_REPRESENTATION_ITEM() RATIONAL_B_SPLINE_CURVE((1.,0.5,1.,0.5,
1.,0.5,1.)) REPRESENTATION_ITEM('') );
#1093 = CARTESIAN_POINT('',(85.,0.));
#1094 = CARTESIAN_POINT('',(76.339745962156,0.));
#1095 = CARTESIAN_POINT('',(80.669872981078,7.5));
#1096 = CARTESIAN_POINT('',(85.,15.));
#1097 = CARTESIAN_POINT('',(89.330127018922,7.5));
#1098 = CARTESIAN_POINT('',(93.660254037844,7.993605777301E-15));
#1099 = CARTESIAN_POINT('',(85.,0.));
#1100 = ( GEOMETRIC_REPRESENTATION_CONTEXT(2) 
PARAMETRIC_REPRESENTATION_CONTEXT() REPRESENTATION_CONTEXT('2D SPACE',''
  ) );
#1101 = PCURVE('',#215,#1102);
#1102 = DEFINITIONAL_REPRESENTATION('',(#1103),#1107);
#1103 = LINE('',#1104,#1105);
#1104 = CARTESIAN_POINT('',(4.712388980385,-0.));
#1105 = VECTOR('',#1106,1.);
#1106 = DIRECTION('',(-1.,0.));
#1107 = ( GEOMETRIC_REPRESENTATION_CONTEXT(2) 
PARAMETRIC_REPRESENTATION_CONTEXT() REPRESENTATION_CONTEXT('2D SPACE',''
  ) );
#1108 = ORIENTED_EDGE('',*,*,#1109,.T.);
#1109 = EDGE_CURVE('',#1082,#1110,#1112,.T.);
#1110 = VERTEX_POINT('',#1111);
#1111 = CARTESIAN_POINT('',(45.,30.,0.));
#1112 = SURFACE_CURVE('',#1113,(#1117,#1124),.PCURVE_S1.);
#1113 = LINE('',#1114,#1115);
#1114 = CARTESIAN_POINT('',(45.,-35.,0.));
#1115 = VECTOR('',#1116,1.);
#1116 = DIRECTION('',(0.,1.,0.));
#1117 = PCURVE('',#100,#1118);
#1118 = DEFINITIONAL_REPRESENTATION('',(#1119),#1123);
#1119 = LINE('',#1120,#1121);
#1120 = CARTESIAN_POINT('',(90.,0.));
#1121 = VECTOR('',#1122,1.);
#1122 = DIRECTION('',(0.,1.));
#1123 = ( GEOMETRIC_REPRESENTATION_CONTEXT(2) 
PARAMETRIC_REPRESENTATION_CONTEXT() REPRESENTATION_CONTEXT('2D SPACE',''
  ) );
#1124 = PCURVE('',#243,#1125);
#1125 = DEFINITIONAL_REPRESENTATION('',(#1126),#1130);
#1126 = LINE('',#1127,#1128);
#1127 = CARTESIAN_POINT('',(0.,0.));
#1128 = VECTOR('',#1129,1.);
#1129 = DIRECTION('',(0.,-1.));
#1130 = ( GEOMETRIC_REPRESENTATION_CONTEXT(2) 
PARAMETRIC_REPRESENTATION_CONTEXT() REPRESENTATION_CONTEXT('2D SPACE',''
  ) );
#1131 = ORIENTED_EDGE('',*,*,#1132,.T.);
#1132 = EDGE_CURVE('',#1110,#1133,#1135,.T.);
#1133 = VERTEX_POINT('',#1134);
#1134 = CARTESIAN_POINT('',(40.,35.,0.));
#1135 = SURFACE_CURVE('',#1136,(#1141,#1148),.PCURVE_S1.);
#1136 = CIRCLE('',#1137,5.);
#1137 = AXIS2_PLACEMENT_3D('',#1138,#1139,#1140);
#1138 = CARTESIAN_POINT('',(40.,30.,0.));
#1139 = DIRECTION('',(0.,0.,1.));
#1140 = DIRECTION('',(0.,-1.,0.));
#1141 = PCURVE('',#100,#1142);
#1142 = DEFINITIONAL_REPRESENTATION('',(#1143),#1147);
#1143 = CIRCLE('',#1144,5.);
#1144 = AXIS2_PLACEMENT_2D('',#1145,#1146);
#1145 = CARTESIAN_POINT('',(85.,65.));
#1146 = DIRECTION('',(0.,-1.));
#1147 = ( GEOMETRIC_REPRESENTATION_CONTEXT(2) 
PARAMETRIC_REPRESENTATION_CONTEXT() REPRESENTATION_CONTEXT('2D SPACE',''
  ) );
#1148 = PCURVE('',#272,#1149);
#1149 = DEFINITIONAL_REPRESENTATION('',(#1150),#1154);
#1150 = LINE('',#1151,#1152);
#1151 = CARTESIAN_POINT('',(-1.570796326795,0.));
#1152 = VECTOR('',#1153,1.);
#1153 = DIRECTION('',(1.,0.));
#1154 = ( GEOMETRIC_REPRESENTATION_CONTEXT(2) 
PARAMETRIC_REPRESENTATION_CONTEXT() REPRESENTATION_CONTEXT('2D SPACE',''
  ) );
#1155 = ORIENTED_EDGE('',*,*,#1156,.F.);
#1156 = EDGE_CURVE('',#1157,#1133,#1159,.T.);
#1157 = VERTEX_POINT('',#1158);
#1158 = CARTESIAN_POINT('',(12.,35.,0.));
#1159 = SURFACE_CURVE('',#1160,(#1164,#1171),.PCURVE_S1.);
#1160 = LINE('',#1161,#1162);
#1161 = CARTESIAN_POINT('',(-45.,35.,0.));
#1162 = VECTOR('',#1163,1.);
#1163 = DIRECTION('',(1.,0.,0.));
#1164 = PCURVE('',#100,#1165);
#1165 = DEFINITIONAL_REPRESENTATION('',(#1166),#1170);
#1166 = LINE('',#1167,#1168);
#1167 = CARTESIAN_POINT('',(0.,70.));
#1168 = VECTOR('',#1169,1.);
#1169 = DIRECTION('',(1.,0.));
#1170 = ( GEOMETRIC_REPRESENTATION_CONTEXT(2) 
PARAMETRIC_REPRESENTATION_CONTEXT() REPRESENTATION_CONTEXT('2D SPACE',''
  ) );
#1171 = PCURVE('',#300,#1172);
#1172 = DEFINITIONAL_REPRESENTATION('',(#1173),#1177);
#1173 = LINE('',#1174,#1175);
#1174 = CARTESIAN_POINT('',(0.,0.));
#1175 = VECTOR('',#1176,1.);
#1176 = DIRECTION('',(0.,1.));
#1177 = ( GEOMETRIC_REPRESENTATION_CONTEXT(2) 
PARAMETRIC_REPRESENTATION_CONTEXT() REPRESENTATION_CONTEXT('2D SPACE',''
  ) );
#1178 = ORIENTED_EDGE('',*,*,#1179,.T.);
#1179 = EDGE_CURVE('',#1157,#1180,#1182,.T.);
#1180 = VERTEX_POINT('',#1181);
#1181 = CARTESIAN_POINT('',(12.,51.,0.));
#1182 = SURFACE_CURVE('',#1183,(#1187,#1194),.PCURVE_S1.);
#1183 = LINE('',#1184,#1185);
#1184 = CARTESIAN_POINT('',(12.,31.,0.));
#1185 = VECTOR('',#1186,1.);
#1186 = DIRECTION('',(0.,1.,0.));
#1187 = PCURVE('',#100,#1188);
#1188 = DEFINITIONAL_REPRESENTATION('',(#1189),#1193);
#1189 = LINE('',#1190,#1191);
#1190 = CARTESIAN_POINT('',(57.,66.));
#1191 = VECTOR('',#1192,1.);
#1192 = DIRECTION('',(0.,1.));
#1193 = ( GEOMETRIC_REPRESENTATION_CONTEXT(2) 
PARAMETRIC_REPRESENTATION_CONTEXT() REPRESENTATION_CONTEXT('2D SPACE',''
  ) );
#1194 = PCURVE('',#1195,#1200);
#1195 = PLANE('',#1196);
#1196 = AXIS2_PLACEMENT_3D('',#1197,#1198,#1199);
#1197 = CARTESIAN_POINT('',(12.,31.,0.));
#1198 = DIRECTION('',(1.,0.,0.));
#1199 = DIRECTION('',(0.,0.,1.));
#1200 = DEFINITIONAL_REPRESENTATION('',(#1201),#1205);
#1201 = LINE('',#1202,#1203);
#1202 = CARTESIAN_POINT('',(0.,0.));
#1203 = VECTOR('',#1204,1.);
#1204 = DIRECTION('',(0.,-1.));
#1205 = ( GEOMETRIC_REPRESENTATION_CONTEXT(2) 
PARAMETRIC_REPRESENTATION_CONTEXT() REPRESENTATION_CONTEXT('2D SPACE',''
  ) );
#1206 = ORIENTED_EDGE('',*,*,#1207,.T.);
#1207 = EDGE_CURVE('',#1180,#1208,#1210,.T.);
#1208 = VERTEX_POINT('',#1209);
#1209 = CARTESIAN_POINT('',(8.,55.,0.));
#1210 = SURFACE_CURVE('',#1211,(#1216,#1223),.PCURVE_S1.);
#1211 = CIRCLE('',#1212,4.);
#1212 = AXIS2_PLACEMENT_3D('',#1213,#1214,#1215);
#1213 = CARTESIAN_POINT('',(8.,51.,0.));
#1214 = DIRECTION('',(0.,0.,1.));
#1215 = DIRECTION('',(0.,-1.,0.));
#1216 = PCURVE('',#100,#1217);
#1217 = DEFINITIONAL_REPRESENTATION('',(#1218),#1222);
#1218 = CIRCLE('',#1219,4.);
#1219 = AXIS2_PLACEMENT_2D('',#1220,#1221);
#1220 = CARTESIAN_POINT('',(53.,86.));
#1221 = DIRECTION('',(0.,-1.));
#1222 = ( GEOMETRIC_REPRESENTATION_CONTEXT(2) 
PARAMETRIC_REPRESENTATION_CONTEXT() REPRESENTATION_CONTEXT('2D SPACE',''
  ) );
#1223 = PCURVE('',#1224,#1229);
#1224 = CYLINDRICAL_SURFACE('',#1225,4.);
#1225 = AXIS2_PLACEMENT_3D('',#1226,#1227,#1228);
#1226 = CARTESIAN_POINT('',(8.,51.,0.));
#1227 = DIRECTION('',(0.,0.,1.));
#1228 = DIRECTION('',(1.,0.,-0.));
#1229 = DEFINITIONAL_REPRESENTATION('',(#1230),#1234);
#1230 = LINE('',#1231,#1232);
#1231 = CARTESIAN_POINT('',(-1.570796326795,0.));
#1232 = VECTOR('',#1233,1.);
#1233 = DIRECTION('',(1.,0.));
#1234 = ( GEOMETRIC_REPRESENTATION_CONTEXT(2) 
PARAMETRIC_REPRESENTATION_CONTEXT() REPRESENTATION_CONTEXT('2D SPACE',''
  ) );
#1235 = ORIENTED_EDGE('',*,*,#1236,.F.);
#1236 = EDGE_CURVE('',#1237,#1208,#1239,.T.);
#1237 = VERTEX_POINT('',#1238);
#1238 = CARTESIAN_POINT('',(-8.,55.,0.));
#1239 = SURFACE_CURVE('',#1240,(#1244,#1251),.PCURVE_S1.);
#1240 = LINE('',#1241,#1242);
#1241 = CARTESIAN_POINT('',(-12.,55.,0.));
#1242 = VECTOR('',#1243,1.);
#1243 = DIRECTION('',(1.,0.,0.));
#1244 = PCURVE('',#100,#1245);
#1245 = DEFINITIONAL_REPRESENTATION('',(#1246),#1250);
#1246 = LINE('',#1247,#1248);
#1247 = CARTESIAN_POINT('',(33.,90.));
#1248 = VECTOR('',#1249,1.);
#1249 = DIRECTION('',(1.,0.));
#1250 = ( GEOMETRIC_REPRESENTATION_CONTEXT(2) 
PARAMETRIC_REPRESENTATION_CONTEXT() REPRESENTATION_CONTEXT('2D SPACE',''
  ) );
#1251 = PCURVE('',#1252,#1257);
#1252 = PLANE('',#1253);
#1253 = AXIS2_PLACEMENT_3D('',#1254,#1255,#1256);
#1254 = CARTESIAN_POINT('',(-12.,55.,0.));
#1255 = DIRECTION('',(0.,1.,0.));
#1256 = DIRECTION('',(0.,0.,1.));
#1257 = DEFINITIONAL_REPRESENTATION('',(#1258),#1262);
#1258 = LINE('',#1259,#1260);
#1259 = CARTESIAN_POINT('',(0.,0.));
#1260 = VECTOR('',#1261,1.);
#1261 = DIRECTION('',(0.,1.));
#1262 = ( GEOMETRIC_REPRESENTATION_CONTEXT(2) 
PARAMETRIC_REPRESENTATION_CONTEXT() REPRESENTATION_CONTEXT('2D SPACE',''
  ) );
#1263 = ORIENTED_EDGE('',*,*,#1264,.F.);
#1264 = EDGE_CURVE('',#1265,#1237,#1267,.T.);
#1265 = VERTEX_POINT('',#1266);
#1266 = CARTESIAN_POINT('',(-12.,51.,0.));
#1267 = SURFACE_CURVE('',#1268,(#1273,#1284),.PCURVE_S1.);
#1268 = CIRCLE('',#1269,4.);
#1269 = AXIS2_PLACEMENT_3D('',#1270,#1271,#1272);
#1270 = CARTESIAN_POINT('',(-8.,51.,0.));
#1271 = DIRECTION('',(-0.,-0.,-1.));
#1272 = DIRECTION('',(0.,-1.,0.));
#1273 = PCURVE('',#100,#1274);
#1274 = DEFINITIONAL_REPRESENTATION('',(#1275),#1283);
#1275 = ( BOUNDED_CURVE() B_SPLINE_CURVE(2,(#1276,#1277,#1278,#1279,
#1280,#1281,#1282),.UNSPECIFIED.,.T.,.F.) B_SPLINE_CURVE_WITH_KNOTS((1,2
    ,2,2,2,1),(-2.094395102393,0.,2.094395102393,4.188790204786,
6.28318530718,8.377580409573),.UNSPECIFIED.) CURVE() 
GEOMETRIC_REPRESENTATION_ITEM() RATIONAL_B_SPLINE_CURVE((1.,0.5,1.,0.5,
1.,0.5,1.)) REPRESENTATION_ITEM('') );
#1276 = CARTESIAN_POINT('',(37.,82.));
#1277 = CARTESIAN_POINT('',(30.071796769724,82.));
#1278 = CARTESIAN_POINT('',(33.535898384862,88.));
#1279 = CARTESIAN_POINT('',(37.,94.));
#1280 = CARTESIAN_POINT('',(40.464101615138,88.));
#1281 = CARTESIAN_POINT('',(43.928203230276,82.));
#1282 = CARTESIAN_POINT('',(37.,82.));
#1283 = ( GEOMETRIC_REPRESENTATION_CONTEXT(2) 
PARAMETRIC_REPRESENTATION_CONTEXT() REPRESENTATION_CONTEXT('2D SPACE',''
  ) );
#1284 = PCURVE('',#1285,#1290);
#1285 = CYLINDRICAL_SURFACE('',#1286,4.);
#1286 = AXIS2_PLACEMENT_3D('',#1287,#1288,#1289);
#1287 = CARTESIAN_POINT('',(-8.,51.,0.));
#1288 = DIRECTION('',(0.,0.,1.));
#1289 = DIRECTION('',(-1.,-0.,0.));
#1290 = DEFINITIONAL_REPRESENTATION('',(#1291),#1295);
#1291 = LINE('',#1292,#1293);
#1292 = CARTESIAN_POINT('',(1.570796326795,-0.));
#1293 = VECTOR('',#1294,1.);
#1294 = DIRECTION('',(-1.,0.));
#1295 = ( GEOMETRIC_REPRESENTATION_CONTEXT(2) 
PARAMETRIC_REPRESENTATION_CONTEXT() REPRESENTATION_CONTEXT('2D SPACE',''
  ) );
#1296 = ORIENTED_EDGE('',*,*,#1297,.F.);
#1297 = EDGE_CURVE('',#1298,#1265,#1300,.T.);
#1298 = VERTEX_POINT('',#1299);
#1299 = CARTESIAN_POINT('',(-12.,35.,0.));
#1300 = SURFACE_CURVE('',#1301,(#1305,#1312),.PCURVE_S1.);
#1301 = LINE('',#1302,#1303);
#1302 = CARTESIAN_POINT('',(-12.,31.,0.));
#1303 = VECTOR('',#1304,1.);
#1304 = DIRECTION('',(0.,1.,0.));
#1305 = PCURVE('',#100,#1306);
#1306 = DEFINITIONAL_REPRESENTATION('',(#1307),#1311);
#1307 = LINE('',#1308,#1309);
#1308 = CARTESIAN_POINT('',(33.,66.));
#1309 = VECTOR('',#1310,1.);
#1310 = DIRECTION('',(0.,1.));
#1311 = ( GEOMETRIC_REPRESENTATION_CONTEXT(2) 
PARAMETRIC_REPRESENTATION_CONTEXT() REPRESENTATION_CONTEXT('2D SPACE',''
  ) );
#1312 = PCURVE('',#1313,#1318);
#1313 = PLANE('',#1314);
#1314 = AXIS2_PLACEMENT_3D('',#1315,#1316,#1317);
#1315 = CARTESIAN_POINT('',(-12.,31.,0.));
#1316 = DIRECTION('',(1.,0.,0.));
#1317 = DIRECTION('',(0.,0.,1.));
#1318 = DEFINITIONAL_REPRESENTATION('',(#1319),#1323);
#1319 = LINE('',#1320,#1321);
#1320 = CARTESIAN_POINT('',(0.,0.));
#1321 = VECTOR('',#1322,1.);
#1322 = DIRECTION('',(0.,-1.));
#1323 = ( GEOMETRIC_REPRESENTATION_CONTEXT(2) 
PARAMETRIC_REPRESENTATION_CONTEXT() REPRESENTATION_CONTEXT('2D SPACE',''
  ) );
#1324 = ORIENTED_EDGE('',*,*,#1325,.F.);
#1325 = EDGE_CURVE('',#1003,#1298,#1326,.T.);
#1326 = SURFACE_CURVE('',#1327,(#1331,#1338),.PCURVE_S1.);
#1327 = LINE('',#1328,#1329);
#1328 = CARTESIAN_POINT('',(-45.,35.,0.));
#1329 = VECTOR('',#1330,1.);
#1330 = DIRECTION('',(1.,0.,0.));
#1331 = PCURVE('',#100,#1332);
#1332 = DEFINITIONAL_REPRESENTATION('',(#1333),#1337);
#1333 = LINE('',#1334,#1335);
#1334 = CARTESIAN_POINT('',(0.,70.));
#1335 = VECTOR('',#1336,1.);
#1336 = DIRECTION('',(1.,0.));
#1337 = ( GEOMETRIC_REPRESENTATION_CONTEXT(2) 
PARAMETRIC_REPRESENTATION_CONTEXT() REPRESENTATION_CONTEXT('2D SPACE',''
  ) );
#1338 = PCURVE('',#300,#1339);
#1339 = DEFINITIONAL_REPRESENTATION('',(#1340),#1344);
#1340 = LINE('',#1341,#1342);
#1341 = CARTESIAN_POINT('',(0.,0.));
#1342 = VECTOR('',#1343,1.);
#1343 = DIRECTION('',(0.,1.));
#1344 = ( GEOMETRIC_REPRESENTATION_CONTEXT(2) 
PARAMETRIC_REPRESENTATION_CONTEXT() REPRESENTATION_CONTEXT('2D SPACE',''
  ) );
#1345 = ORIENTED_EDGE('',*,*,#1002,.F.);
#1346 = ADVANCED_FACE('',(#1347),#182,.F.);
#1347 = FACE_BOUND('',#1348,.F.);
#1348 = EDGE_LOOP('',(#1349,#1350,#1351,#1352));
#1349 = ORIENTED_EDGE('',*,*,#1058,.F.);
#1350 = ORIENTED_EDGE('',*,*,#976,.T.);
#1351 = ORIENTED_EDGE('',*,*,#166,.T.);
#1352 = ORIENTED_EDGE('',*,*,#1353,.F.);
#1353 = EDGE_CURVE('',#1059,#167,#1354,.T.);
#1354 = SURFACE_CURVE('',#1355,(#1359,#1366),.PCURVE_S1.);
#1355 = LINE('',#1356,#1357);
#1356 = CARTESIAN_POINT('',(40.,-35.,0.));
#1357 = VECTOR('',#1358,1.);
#1358 = DIRECTION('',(0.,0.,1.));
#1359 = PCURVE('',#182,#1360);
#1360 = DEFINITIONAL_REPRESENTATION('',(#1361),#1365);
#1361 = LINE('',#1362,#1363);
#1362 = CARTESIAN_POINT('',(0.,85.));
#1363 = VECTOR('',#1364,1.);
#1364 = DIRECTION('',(1.,0.));
#1365 = ( GEOMETRIC_REPRESENTATION_CONTEXT(2) 
PARAMETRIC_REPRESENTATION_CONTEXT() REPRESENTATION_CONTEXT('2D SPACE',''
  ) );
#1366 = PCURVE('',#215,#1367);
#1367 = DEFINITIONAL_REPRESENTATION('',(#1368),#1372);
#1368 = LINE('',#1369,#1370);
#1369 = CARTESIAN_POINT('',(-1.570796326795,0.));
#1370 = VECTOR('',#1371,1.);
#1371 = DIRECTION('',(-0.,1.));
#1372 = ( GEOMETRIC_REPRESENTATION_CONTEXT(2) 
PARAMETRIC_REPRESENTATION_CONTEXT() REPRESENTATION_CONTEXT('2D SPACE',''
  ) );
#1373 = ADVANCED_FACE('',(#1374),#300,.T.);
#1374 = FACE_BOUND('',#1375,.T.);
#1375 = EDGE_LOOP('',(#1376,#1377,#1378,#1379,#1400,#1401,#1424,#1450));
#1376 = ORIENTED_EDGE('',*,*,#1325,.F.);
#1377 = ORIENTED_EDGE('',*,*,#1030,.T.);
#1378 = ORIENTED_EDGE('',*,*,#284,.T.);
#1379 = ORIENTED_EDGE('',*,*,#1380,.F.);
#1380 = EDGE_CURVE('',#1133,#256,#1381,.T.);
#1381 = SURFACE_CURVE('',#1382,(#1386,#1393),.PCURVE_S1.);
#1382 = LINE('',#1383,#1384);
#1383 = CARTESIAN_POINT('',(40.,35.,0.));
#1384 = VECTOR('',#1385,1.);
#1385 = DIRECTION('',(0.,0.,1.));
#1386 = PCURVE('',#300,#1387);
#1387 = DEFINITIONAL_REPRESENTATION('',(#1388),#1392);
#1388 = LINE('',#1389,#1390);
#1389 = CARTESIAN_POINT('',(0.,85.));
#1390 = VECTOR('',#1391,1.);
#1391 = DIRECTION('',(1.,0.));
#1392 = ( GEOMETRIC_REPRESENTATION_CONTEXT(2) 
PARAMETRIC_REPRESENTATION_CONTEXT() REPRESENTATION_CONTEXT('2D SPACE',''
  ) );
#1393 = PCURVE('',#272,#1394);
#1394 = DEFINITIONAL_REPRESENTATION('',(#1395),#1399);
#1395 = LINE('',#1396,#1397);
#1396 = CARTESIAN_POINT('',(1.570796326795,0.));
#1397 = VECTOR('',#1398,1.);
#1398 = DIRECTION('',(0.,1.));
#1399 = ( GEOMETRIC_REPRESENTATION_CONTEXT(2) 
PARAMETRIC_REPRESENTATION_CONTEXT() REPRESENTATION_CONTEXT('2D SPACE',''
  ) );
#1400 = ORIENTED_EDGE('',*,*,#1156,.F.);
#1401 = ORIENTED_EDGE('',*,*,#1402,.T.);
#1402 = EDGE_CURVE('',#1157,#1403,#1405,.T.);
#1403 = VERTEX_POINT('',#1404);
#1404 = CARTESIAN_POINT('',(12.,35.,10.));
#1405 = SURFACE_CURVE('',#1406,(#1410,#1417),.PCURVE_S1.);
#1406 = LINE('',#1407,#1408);
#1407 = CARTESIAN_POINT('',(12.,35.,0.));
#1408 = VECTOR('',#1409,1.);
#1409 = DIRECTION('',(0.,0.,1.));
#1410 = PCURVE('',#300,#1411);
#1411 = DEFINITIONAL_REPRESENTATION('',(#1412),#1416);
#1412 = LINE('',#1413,#1414);
#1413 = CARTESIAN_POINT('',(0.,57.));
#1414 = VECTOR('',#1415,1.);
#1415 = DIRECTION('',(1.,0.));
#1416 = ( GEOMETRIC_REPRESENTATION_CONTEXT(2) 
PARAMETRIC_REPRESENTATION_CONTEXT() REPRESENTATION_CONTEXT('2D SPACE',''
  ) );
#1417 = PCURVE('',#1195,#1418);
#1418 = DEFINITIONAL_REPRESENTATION('',(#1419),#1423);
#1419 = LINE('',#1420,#1421);
#1420 = CARTESIAN_POINT('',(0.,-4.));
#1421 = VECTOR('',#1422,1.);
#1422 = DIRECTION('',(1.,0.));
#1423 = ( GEOMETRIC_REPRESENTATION_CONTEXT(2) 
PARAMETRIC_REPRESENTATION_CONTEXT() REPRESENTATION_CONTEXT('2D SPACE',''
  ) );
#1424 = ORIENTED_EDGE('',*,*,#1425,.F.);
#1425 = EDGE_CURVE('',#1426,#1403,#1428,.T.);
#1426 = VERTEX_POINT('',#1427);
#1427 = CARTESIAN_POINT('',(-12.,35.,10.));
#1428 = SURFACE_CURVE('',#1429,(#1433,#1439),.PCURVE_S1.);
#1429 = LINE('',#1430,#1431);
#1430 = CARTESIAN_POINT('',(-28.5,35.,10.));
#1431 = VECTOR('',#1432,1.);
#1432 = DIRECTION('',(1.,0.,0.));
#1433 = PCURVE('',#300,#1434);
#1434 = DEFINITIONAL_REPRESENTATION('',(#1435),#1438);
#1435 = B_SPLINE_CURVE_WITH_KNOTS('',1,(#1436,#1437),.UNSPECIFIED.,.F.,
  .F.,(2,2),(16.5,40.5),.PIECEWISE_BEZIER_KNOTS.);
#1436 = CARTESIAN_POINT('',(10.,33.));
#1437 = CARTESIAN_POINT('',(10.,57.));
#1438 = ( GEOMETRIC_REPRESENTATION_CONTEXT(2) 
PARAMETRIC_REPRESENTATION_CONTEXT() REPRESENTATION_CONTEXT('2D SPACE',''
  ) );
#1439 = PCURVE('',#1440,#1445);
#1440 = PLANE('',#1441);
#1441 = AXIS2_PLACEMENT_3D('',#1442,#1443,#1444);
#1442 = CARTESIAN_POINT('',(-12.,31.,10.));
#1443 = DIRECTION('',(0.,0.,1.));
#1444 = DIRECTION('',(1.,0.,0.));
#1445 = DEFINITIONAL_REPRESENTATION('',(#1446),#1449);
#1446 = B_SPLINE_CURVE_WITH_KNOTS('',1,(#1447,#1448),.UNSPECIFIED.,.F.,
  .F.,(2,2),(16.5,40.5),.PIECEWISE_BEZIER_KNOTS.);
#1447 = CARTESIAN_POINT('',(0.,4.));
#1448 = CARTESIAN_POINT('',(24.,4.));
#1449 = ( GEOMETRIC_REPRESENTATION_CONTEXT(2) 
PARAMETRIC_REPRESENTATION_CONTEXT() REPRESENTATION_CONTEXT('2D SPACE',''
  ) );
#1450 = ORIENTED_EDGE('',*,*,#1451,.F.);
#1451 = EDGE_CURVE('',#1298,#1426,#1452,.T.);
#1452 = SURFACE_CURVE('',#1453,(#1457,#1464),.PCURVE_S1.);
#1453 = LINE('',#1454,#1455);
#1454 = CARTESIAN_POINT('',(-12.,35.,0.));
#1455 = VECTOR('',#1456,1.);
#1456 = DIRECTION('',(0.,0.,1.));
#1457 = PCURVE('',#300,#1458);
#1458 = DEFINITIONAL_REPRESENTATION('',(#1459),#1463);
#1459 = LINE('',#1460,#1461);
#1460 = CARTESIAN_POINT('',(0.,33.));
#1461 = VECTOR('',#1462,1.);
#1462 = DIRECTION('',(1.,0.));
#1463 = ( GEOMETRIC_REPRESENTATION_CONTEXT(2) 
PARAMETRIC_REPRESENTATION_CONTEXT() REPRESENTATION_CONTEXT('2D SPACE',''
  ) );
#1464 = PCURVE('',#1313,#1465);
#1465 = DEFINITIONAL_REPRESENTATION('',(#1466),#1470);
#1466 = LINE('',#1467,#1468);
#1467 = CARTESIAN_POINT('',(0.,-4.));
#1468 = VECTOR('',#1469,1.);
#1469 = DIRECTION('',(1.,0.));
#1470 = ( GEOMETRIC_REPRESENTATION_CONTEXT(2) 
PARAMETRIC_REPRESENTATION_CONTEXT() REPRESENTATION_CONTEXT('2D SPACE',''
  ) );
#1471 = ADVANCED_FACE('',(#1472),#215,.T.);
#1472 = FACE_BOUND('',#1473,.F.);
#1473 = EDGE_LOOP('',(#1474,#1475,#1476,#1477));
#1474 = ORIENTED_EDGE('',*,*,#1081,.T.);
#1475 = ORIENTED_EDGE('',*,*,#1353,.T.);
#1476 = ORIENTED_EDGE('',*,*,#194,.F.);
#1477 = ORIENTED_EDGE('',*,*,#1478,.F.);
#1478 = EDGE_CURVE('',#1082,#195,#1479,.T.);
#1479 = SURFACE_CURVE('',#1480,(#1484,#1491),.PCURVE_S1.);
#1480 = LINE('',#1481,#1482);
#1481 = CARTESIAN_POINT('',(45.,-30.,0.));
#1482 = VECTOR('',#1483,1.);
#1483 = DIRECTION('',(0.,0.,1.));
#1484 = PCURVE('',#215,#1485);
#1485 = DEFINITIONAL_REPRESENTATION('',(#1486),#1490);
#1486 = LINE('',#1487,#1488);
#1487 = CARTESIAN_POINT('',(-0.,0.));
#1488 = VECTOR('',#1489,1.);
#1489 = DIRECTION('',(-0.,1.));
#1490 = ( GEOMETRIC_REPRESENTATION_CONTEXT(2) 
PARAMETRIC_REPRESENTATION_CONTEXT() REPRESENTATION_CONTEXT('2D SPACE',''
  ) );
#1491 = PCURVE('',#243,#1492);
#1492 = DEFINITIONAL_REPRESENTATION('',(#1493),#1497);
#1493 = LINE('',#1494,#1495);
#1494 = CARTESIAN_POINT('',(0.,-5.));
#1495 = VECTOR('',#1496,1.);
#1496 = DIRECTION('',(1.,0.));
#1497 = ( GEOMETRIC_REPRESENTATION_CONTEXT(2) 
PARAMETRIC_REPRESENTATION_CONTEXT() REPRESENTATION_CONTEXT('2D SPACE',''
  ) );
#1498 = ADVANCED_FACE('',(#1499),#272,.T.);
#1499 = FACE_BOUND('',#1500,.T.);
#1500 = EDGE_LOOP('',(#1501,#1502,#1503,#1504));
#1501 = ORIENTED_EDGE('',*,*,#1132,.T.);
#1502 = ORIENTED_EDGE('',*,*,#1380,.T.);
#1503 = ORIENTED_EDGE('',*,*,#255,.F.);
#1504 = ORIENTED_EDGE('',*,*,#1505,.F.);
#1505 = EDGE_CURVE('',#1110,#228,#1506,.T.);
#1506 = SURFACE_CURVE('',#1507,(#1511,#1518),.PCURVE_S1.);
#1507 = LINE('',#1508,#1509);
#1508 = CARTESIAN_POINT('',(45.,30.,0.));
#1509 = VECTOR('',#1510,1.);
#1510 = DIRECTION('',(0.,0.,1.));
#1511 = PCURVE('',#272,#1512);
#1512 = DEFINITIONAL_REPRESENTATION('',(#1513),#1517);
#1513 = LINE('',#1514,#1515);
#1514 = CARTESIAN_POINT('',(0.,0.));
#1515 = VECTOR('',#1516,1.);
#1516 = DIRECTION('',(0.,1.));
#1517 = ( GEOMETRIC_REPRESENTATION_CONTEXT(2) 
PARAMETRIC_REPRESENTATION_CONTEXT() REPRESENTATION_CONTEXT('2D SPACE',''
  ) );
#1518 = PCURVE('',#243,#1519);
#1519 = DEFINITIONAL_REPRESENTATION('',(#1520),#1524);
#1520 = LINE('',#1521,#1522);
#1521 = CARTESIAN_POINT('',(0.,-65.));
#1522 = VECTOR('',#1523,1.);
#1523 = DIRECTION('',(1.,0.));
#1524 = ( GEOMETRIC_REPRESENTATION_CONTEXT(2) 
PARAMETRIC_REPRESENTATION_CONTEXT() REPRESENTATION_CONTEXT('2D SPACE',''
  ) );
#1525 = ADVANCED_FACE('',(#1526),#243,.T.);
#1526 = FACE_BOUND('',#1527,.T.);
#1527 = EDGE_LOOP('',(#1528,#1529,#1530,#1531));
#1528 = ORIENTED_EDGE('',*,*,#227,.F.);
#1529 = ORIENTED_EDGE('',*,*,#1478,.F.);
#1530 = ORIENTED_EDGE('',*,*,#1109,.T.);
#1531 = ORIENTED_EDGE('',*,*,#1505,.T.);
#1532 = ADVANCED_FACE('',(#1533),#426,.F.);
#1533 = FACE_BOUND('',#1534,.F.);
#1534 = EDGE_LOOP('',(#1535,#1536,#1558,#1559));
#1535 = ORIENTED_EDGE('',*,*,#340,.F.);
#1536 = ORIENTED_EDGE('',*,*,#1537,.T.);
#1537 = EDGE_CURVE('',#341,#780,#1538,.T.);
#1538 = SURFACE_CURVE('',#1539,(#1544,#1551),.PCURVE_S1.);
#1539 = CIRCLE('',#1540,10.8);
#1540 = AXIS2_PLACEMENT_3D('',#1541,#1542,#1543);
#1541 = CARTESIAN_POINT('',(4.3,0.,25.));
#1542 = DIRECTION('',(1.,0.,1.110223024625E-16));
#1543 = DIRECTION('',(1.826066910234E-32,-1.,-1.644774851297E-16));
#1544 = PCURVE('',#426,#1545);
#1545 = DEFINITIONAL_REPRESENTATION('',(#1546),#1550);
#1546 = LINE('',#1547,#1548);
#1547 = CARTESIAN_POINT('',(0.,0.));
#1548 = VECTOR('',#1549,1.);
#1549 = DIRECTION('',(1.,0.));
#1550 = ( GEOMETRIC_REPRESENTATION_CONTEXT(2) 
PARAMETRIC_REPRESENTATION_CONTEXT() REPRESENTATION_CONTEXT('2D SPACE',''
  ) );
#1551 = PCURVE('',#487,#1552);
#1552 = DEFINITIONAL_REPRESENTATION('',(#1553),#1557);
#1553 = LINE('',#1554,#1555);
#1554 = CARTESIAN_POINT('',(-4.712388980385,-10.1));
#1555 = VECTOR('',#1556,1.);
#1556 = DIRECTION('',(-1.,0.));
#1557 = ( GEOMETRIC_REPRESENTATION_CONTEXT(2) 
PARAMETRIC_REPRESENTATION_CONTEXT() REPRESENTATION_CONTEXT('2D SPACE',''
  ) );
#1558 = ORIENTED_EDGE('',*,*,#800,.T.);
#1559 = ORIENTED_EDGE('',*,*,#1560,.F.);
#1560 = EDGE_CURVE('',#343,#801,#1561,.T.);
#1561 = SURFACE_CURVE('',#1562,(#1567,#1574),.PCURVE_S1.);
#1562 = CIRCLE('',#1563,9.3);
#1563 = AXIS2_PLACEMENT_3D('',#1564,#1565,#1566);
#1564 = CARTESIAN_POINT('',(5.8,0.,25.));
#1565 = DIRECTION('',(1.,0.,1.110223024625E-16));
#1566 = DIRECTION('',(1.826066910234E-32,-1.,-1.644774851297E-16));
#1567 = PCURVE('',#426,#1568);
#1568 = DEFINITIONAL_REPRESENTATION('',(#1569),#1573);
#1569 = LINE('',#1570,#1571);
#1570 = CARTESIAN_POINT('',(0.,1.570796326795));
#1571 = VECTOR('',#1572,1.);
#1572 = DIRECTION('',(1.,0.));
#1573 = ( GEOMETRIC_REPRESENTATION_CONTEXT(2) 
PARAMETRIC_REPRESENTATION_CONTEXT() REPRESENTATION_CONTEXT('2D SPACE',''
  ) );
#1574 = PCURVE('',#938,#1575);
#1575 = DEFINITIONAL_REPRESENTATION('',(#1576),#1580);
#1576 = CIRCLE('',#1577,9.3);
#1577 = AXIS2_PLACEMENT_2D('',#1578,#1579);
#1578 = CARTESIAN_POINT('',(15.,0.));
#1579 = DIRECTION('',(1.644774851297E-16,-1.));
#1580 = ( GEOMETRIC_REPRESENTATION_CONTEXT(2) 
PARAMETRIC_REPRESENTATION_CONTEXT() REPRESENTATION_CONTEXT('2D SPACE',''
  ) );
#1581 = ADVANCED_FACE('',(#1582),#938,.F.);
#1582 = FACE_BOUND('',#1583,.F.);
#1583 = EDGE_LOOP('',(#1584,#1585));
#1584 = ORIENTED_EDGE('',*,*,#925,.F.);
#1585 = ORIENTED_EDGE('',*,*,#1560,.T.);
#1586 = ADVANCED_FACE('',(#1587),#487,.F.);
#1587 = FACE_BOUND('',#1588,.T.);
#1588 = EDGE_LOOP('',(#1589,#1590,#1612,#1613));
#1589 = ORIENTED_EDGE('',*,*,#779,.T.);
#1590 = ORIENTED_EDGE('',*,*,#1591,.F.);
#1591 = EDGE_CURVE('',#473,#655,#1592,.T.);
#1592 = SURFACE_CURVE('',#1593,(#1598,#1605),.PCURVE_S1.);
#1593 = CIRCLE('',#1594,10.8);
#1594 = AXIS2_PLACEMENT_3D('',#1595,#1596,#1597);
#1595 = CARTESIAN_POINT('',(-4.3,0.,25.));
#1596 = DIRECTION('',(1.,0.,1.110223024625E-16));
#1597 = DIRECTION('',(0.,-1.,0.));
#1598 = PCURVE('',#487,#1599);
#1599 = DEFINITIONAL_REPRESENTATION('',(#1600),#1604);
#1600 = LINE('',#1601,#1602);
#1601 = CARTESIAN_POINT('',(-4.712388980385,-1.5));
#1602 = VECTOR('',#1603,1.);
#1603 = DIRECTION('',(-1.,0.));
#1604 = ( GEOMETRIC_REPRESENTATION_CONTEXT(2) 
PARAMETRIC_REPRESENTATION_CONTEXT() REPRESENTATION_CONTEXT('2D SPACE',''
  ) );
#1605 = PCURVE('',#582,#1606);
#1606 = DEFINITIONAL_REPRESENTATION('',(#1607),#1611);
#1607 = LINE('',#1608,#1609);
#1608 = CARTESIAN_POINT('',(-0.,0.));
#1609 = VECTOR('',#1610,1.);
#1610 = DIRECTION('',(-1.,0.));
#1611 = ( GEOMETRIC_REPRESENTATION_CONTEXT(2) 
PARAMETRIC_REPRESENTATION_CONTEXT() REPRESENTATION_CONTEXT('2D SPACE',''
  ) );
#1612 = ORIENTED_EDGE('',*,*,#472,.F.);
#1613 = ORIENTED_EDGE('',*,*,#1537,.T.);
#1614 = ADVANCED_FACE('',(#1615),#582,.F.);
#1615 = FACE_BOUND('',#1616,.T.);
#1616 = EDGE_LOOP('',(#1617,#1618,#1619,#1620));
#1617 = ORIENTED_EDGE('',*,*,#498,.F.);
#1618 = ORIENTED_EDGE('',*,*,#1591,.T.);
#1619 = ORIENTED_EDGE('',*,*,#654,.T.);
#1620 = ORIENTED_EDGE('',*,*,#1621,.F.);
#1621 = EDGE_CURVE('',#499,#629,#1622,.T.);
#1622 = SURFACE_CURVE('',#1623,(#1628,#1635),.PCURVE_S1.);
#1623 = CIRCLE('',#1624,9.3);
#1624 = AXIS2_PLACEMENT_3D('',#1625,#1626,#1627);
#1625 = CARTESIAN_POINT('',(-5.8,0.,25.));
#1626 = DIRECTION('',(1.,0.,1.110223024625E-16));
#1627 = DIRECTION('',(0.,-1.,0.));
#1628 = PCURVE('',#582,#1629);
#1629 = DEFINITIONAL_REPRESENTATION('',(#1630),#1634);
#1630 = LINE('',#1631,#1632);
#1631 = CARTESIAN_POINT('',(-0.,1.570796326795));
#1632 = VECTOR('',#1633,1.);
#1633 = DIRECTION('',(-1.,0.));
#1634 = ( GEOMETRIC_REPRESENTATION_CONTEXT(2) 
PARAMETRIC_REPRESENTATION_CONTEXT() REPRESENTATION_CONTEXT('2D SPACE',''
  ) );
#1635 = PCURVE('',#643,#1636);
#1636 = DEFINITIONAL_REPRESENTATION('',(#1637),#1641);
#1637 = CIRCLE('',#1638,9.3);
#1638 = AXIS2_PLACEMENT_2D('',#1639,#1640);
#1639 = CARTESIAN_POINT('',(15.,0.));
#1640 = DIRECTION('',(0.,-1.));
#1641 = ( GEOMETRIC_REPRESENTATION_CONTEXT(2) 
PARAMETRIC_REPRESENTATION_CONTEXT() REPRESENTATION_CONTEXT('2D SPACE',''
  ) );
#1642 = ADVANCED_FACE('',(#1643),#643,.T.);
#1643 = FACE_BOUND('',#1644,.T.);
#1644 = EDGE_LOOP('',(#1645,#1646));
#1645 = ORIENTED_EDGE('',*,*,#628,.F.);
#1646 = ORIENTED_EDGE('',*,*,#1621,.T.);
#1647 = ADVANCED_FACE('',(#1648),#1195,.T.);
#1648 = FACE_BOUND('',#1649,.T.);
#1649 = EDGE_LOOP('',(#1650,#1673,#1674,#1675));
#1650 = ORIENTED_EDGE('',*,*,#1651,.F.);
#1651 = EDGE_CURVE('',#1403,#1652,#1654,.T.);
#1652 = VERTEX_POINT('',#1653);
#1653 = CARTESIAN_POINT('',(12.,51.,10.));
#1654 = SURFACE_CURVE('',#1655,(#1659,#1666),.PCURVE_S1.);
#1655 = LINE('',#1656,#1657);
#1656 = CARTESIAN_POINT('',(12.,31.,10.));
#1657 = VECTOR('',#1658,1.);
#1658 = DIRECTION('',(0.,1.,0.));
#1659 = PCURVE('',#1195,#1660);
#1660 = DEFINITIONAL_REPRESENTATION('',(#1661),#1665);
#1661 = LINE('',#1662,#1663);
#1662 = CARTESIAN_POINT('',(10.,0.));
#1663 = VECTOR('',#1664,1.);
#1664 = DIRECTION('',(0.,-1.));
#1665 = ( GEOMETRIC_REPRESENTATION_CONTEXT(2) 
PARAMETRIC_REPRESENTATION_CONTEXT() REPRESENTATION_CONTEXT('2D SPACE',''
  ) );
#1666 = PCURVE('',#1440,#1667);
#1667 = DEFINITIONAL_REPRESENTATION('',(#1668),#1672);
#1668 = LINE('',#1669,#1670);
#1669 = CARTESIAN_POINT('',(24.,0.));
#1670 = VECTOR('',#1671,1.);
#1671 = DIRECTION('',(0.,1.));
#1672 = ( GEOMETRIC_REPRESENTATION_CONTEXT(2) 
PARAMETRIC_REPRESENTATION_CONTEXT() REPRESENTATION_CONTEXT('2D SPACE',''
  ) );
#1673 = ORIENTED_EDGE('',*,*,#1402,.F.);
#1674 = ORIENTED_EDGE('',*,*,#1179,.T.);
#1675 = ORIENTED_EDGE('',*,*,#1676,.T.);
#1676 = EDGE_CURVE('',#1180,#1652,#1677,.T.);
#1677 = SURFACE_CURVE('',#1678,(#1682,#1689),.PCURVE_S1.);
#1678 = LINE('',#1679,#1680);
#1679 = CARTESIAN_POINT('',(12.,51.,0.));
#1680 = VECTOR('',#1681,1.);
#1681 = DIRECTION('',(0.,0.,1.));
#1682 = PCURVE('',#1195,#1683);
#1683 = DEFINITIONAL_REPRESENTATION('',(#1684),#1688);
#1684 = LINE('',#1685,#1686);
#1685 = CARTESIAN_POINT('',(0.,-20.));
#1686 = VECTOR('',#1687,1.);
#1687 = DIRECTION('',(1.,0.));
#1688 = ( GEOMETRIC_REPRESENTATION_CONTEXT(2) 
PARAMETRIC_REPRESENTATION_CONTEXT() REPRESENTATION_CONTEXT('2D SPACE',''
  ) );
#1689 = PCURVE('',#1224,#1690);
#1690 = DEFINITIONAL_REPRESENTATION('',(#1691),#1695);
#1691 = LINE('',#1692,#1693);
#1692 = CARTESIAN_POINT('',(0.,0.));
#1693 = VECTOR('',#1694,1.);
#1694 = DIRECTION('',(0.,1.));
#1695 = ( GEOMETRIC_REPRESENTATION_CONTEXT(2) 
PARAMETRIC_REPRESENTATION_CONTEXT() REPRESENTATION_CONTEXT('2D SPACE',''
  ) );
#1696 = ADVANCED_FACE('',(#1697),#1224,.T.);
#1697 = FACE_BOUND('',#1698,.T.);
#1698 = EDGE_LOOP('',(#1699,#1700,#1723,#1745));
#1699 = ORIENTED_EDGE('',*,*,#1207,.T.);
#1700 = ORIENTED_EDGE('',*,*,#1701,.T.);
#1701 = EDGE_CURVE('',#1208,#1702,#1704,.T.);
#1702 = VERTEX_POINT('',#1703);
#1703 = CARTESIAN_POINT('',(8.,55.,10.));
#1704 = SURFACE_CURVE('',#1705,(#1709,#1716),.PCURVE_S1.);
#1705 = LINE('',#1706,#1707);
#1706 = CARTESIAN_POINT('',(8.,55.,0.));
#1707 = VECTOR('',#1708,1.);
#1708 = DIRECTION('',(0.,0.,1.));
#1709 = PCURVE('',#1224,#1710);
#1710 = DEFINITIONAL_REPRESENTATION('',(#1711),#1715);
#1711 = LINE('',#1712,#1713);
#1712 = CARTESIAN_POINT('',(1.570796326795,0.));
#1713 = VECTOR('',#1714,1.);
#1714 = DIRECTION('',(0.,1.));
#1715 = ( GEOMETRIC_REPRESENTATION_CONTEXT(2) 
PARAMETRIC_REPRESENTATION_CONTEXT() REPRESENTATION_CONTEXT('2D SPACE',''
  ) );
#1716 = PCURVE('',#1252,#1717);
#1717 = DEFINITIONAL_REPRESENTATION('',(#1718),#1722);
#1718 = LINE('',#1719,#1720);
#1719 = CARTESIAN_POINT('',(0.,20.));
#1720 = VECTOR('',#1721,1.);
#1721 = DIRECTION('',(1.,0.));
#1722 = ( GEOMETRIC_REPRESENTATION_CONTEXT(2) 
PARAMETRIC_REPRESENTATION_CONTEXT() REPRESENTATION_CONTEXT('2D SPACE',''
  ) );
#1723 = ORIENTED_EDGE('',*,*,#1724,.F.);
#1724 = EDGE_CURVE('',#1652,#1702,#1725,.T.);
#1725 = SURFACE_CURVE('',#1726,(#1731,#1738),.PCURVE_S1.);
#1726 = CIRCLE('',#1727,4.);
#1727 = AXIS2_PLACEMENT_3D('',#1728,#1729,#1730);
#1728 = CARTESIAN_POINT('',(8.,51.,10.));
#1729 = DIRECTION('',(0.,0.,1.));
#1730 = DIRECTION('',(0.,-1.,0.));
#1731 = PCURVE('',#1224,#1732);
#1732 = DEFINITIONAL_REPRESENTATION('',(#1733),#1737);
#1733 = LINE('',#1734,#1735);
#1734 = CARTESIAN_POINT('',(-1.570796326795,10.));
#1735 = VECTOR('',#1736,1.);
#1736 = DIRECTION('',(1.,0.));
#1737 = ( GEOMETRIC_REPRESENTATION_CONTEXT(2) 
PARAMETRIC_REPRESENTATION_CONTEXT() REPRESENTATION_CONTEXT('2D SPACE',''
  ) );
#1738 = PCURVE('',#1440,#1739);
#1739 = DEFINITIONAL_REPRESENTATION('',(#1740),#1744);
#1740 = CIRCLE('',#1741,4.);
#1741 = AXIS2_PLACEMENT_2D('',#1742,#1743);
#1742 = CARTESIAN_POINT('',(20.,20.));
#1743 = DIRECTION('',(0.,-1.));
#1744 = ( GEOMETRIC_REPRESENTATION_CONTEXT(2) 
PARAMETRIC_REPRESENTATION_CONTEXT() REPRESENTATION_CONTEXT('2D SPACE',''
  ) );
#1745 = ORIENTED_EDGE('',*,*,#1676,.F.);
#1746 = ADVANCED_FACE('',(#1747),#1252,.T.);
#1747 = FACE_BOUND('',#1748,.T.);
#1748 = EDGE_LOOP('',(#1749,#1750,#1773,#1794));
#1749 = ORIENTED_EDGE('',*,*,#1236,.F.);
#1750 = ORIENTED_EDGE('',*,*,#1751,.T.);
#1751 = EDGE_CURVE('',#1237,#1752,#1754,.T.);
#1752 = VERTEX_POINT('',#1753);
#1753 = CARTESIAN_POINT('',(-8.,55.,10.));
#1754 = SURFACE_CURVE('',#1755,(#1759,#1766),.PCURVE_S1.);
#1755 = LINE('',#1756,#1757);
#1756 = CARTESIAN_POINT('',(-8.,55.,0.));
#1757 = VECTOR('',#1758,1.);
#1758 = DIRECTION('',(0.,0.,1.));
#1759 = PCURVE('',#1252,#1760);
#1760 = DEFINITIONAL_REPRESENTATION('',(#1761),#1765);
#1761 = LINE('',#1762,#1763);
#1762 = CARTESIAN_POINT('',(0.,4.));
#1763 = VECTOR('',#1764,1.);
#1764 = DIRECTION('',(1.,0.));
#1765 = ( GEOMETRIC_REPRESENTATION_CONTEXT(2) 
PARAMETRIC_REPRESENTATION_CONTEXT() REPRESENTATION_CONTEXT('2D SPACE',''
  ) );
#1766 = PCURVE('',#1285,#1767);
#1767 = DEFINITIONAL_REPRESENTATION('',(#1768),#1772);
#1768 = LINE('',#1769,#1770);
#1769 = CARTESIAN_POINT('',(-1.570796326795,0.));
#1770 = VECTOR('',#1771,1.);
#1771 = DIRECTION('',(-0.,1.));
#1772 = ( GEOMETRIC_REPRESENTATION_CONTEXT(2) 
PARAMETRIC_REPRESENTATION_CONTEXT() REPRESENTATION_CONTEXT('2D SPACE',''
  ) );
#1773 = ORIENTED_EDGE('',*,*,#1774,.T.);
#1774 = EDGE_CURVE('',#1752,#1702,#1775,.T.);
#1775 = SURFACE_CURVE('',#1776,(#1780,#1787),.PCURVE_S1.);
#1776 = LINE('',#1777,#1778);
#1777 = CARTESIAN_POINT('',(-12.,55.,10.));
#1778 = VECTOR('',#1779,1.);
#1779 = DIRECTION('',(1.,0.,0.));
#1780 = PCURVE('',#1252,#1781);
#1781 = DEFINITIONAL_REPRESENTATION('',(#1782),#1786);
#1782 = LINE('',#1783,#1784);
#1783 = CARTESIAN_POINT('',(10.,0.));
#1784 = VECTOR('',#1785,1.);
#1785 = DIRECTION('',(0.,1.));
#1786 = ( GEOMETRIC_REPRESENTATION_CONTEXT(2) 
PARAMETRIC_REPRESENTATION_CONTEXT() REPRESENTATION_CONTEXT('2D SPACE',''
  ) );
#1787 = PCURVE('',#1440,#1788);
#1788 = DEFINITIONAL_REPRESENTATION('',(#1789),#1793);
#1789 = LINE('',#1790,#1791);
#1790 = CARTESIAN_POINT('',(0.,24.));
#1791 = VECTOR('',#1792,1.);
#1792 = DIRECTION('',(1.,0.));
#1793 = ( GEOMETRIC_REPRESENTATION_CONTEXT(2) 
PARAMETRIC_REPRESENTATION_CONTEXT() REPRESENTATION_CONTEXT('2D SPACE',''
  ) );
#1794 = ORIENTED_EDGE('',*,*,#1701,.F.);
#1795 = ADVANCED_FACE('',(#1796),#1285,.T.);
#1796 = FACE_BOUND('',#1797,.F.);
#1797 = EDGE_LOOP('',(#1798,#1799,#1800,#1828));
#1798 = ORIENTED_EDGE('',*,*,#1264,.T.);
#1799 = ORIENTED_EDGE('',*,*,#1751,.T.);
#1800 = ORIENTED_EDGE('',*,*,#1801,.F.);
#1801 = EDGE_CURVE('',#1802,#1752,#1804,.T.);
#1802 = VERTEX_POINT('',#1803);
#1803 = CARTESIAN_POINT('',(-12.,51.,10.));
#1804 = SURFACE_CURVE('',#1805,(#1810,#1817),.PCURVE_S1.);
#1805 = CIRCLE('',#1806,4.);
#1806 = AXIS2_PLACEMENT_3D('',#1807,#1808,#1809);
#1807 = CARTESIAN_POINT('',(-8.,51.,10.));
#1808 = DIRECTION('',(-0.,-0.,-1.));
#1809 = DIRECTION('',(0.,-1.,0.));
#1810 = PCURVE('',#1285,#1811);
#1811 = DEFINITIONAL_REPRESENTATION('',(#1812),#1816);
#1812 = LINE('',#1813,#1814);
#1813 = CARTESIAN_POINT('',(1.570796326795,10.));
#1814 = VECTOR('',#1815,1.);
#1815 = DIRECTION('',(-1.,0.));
#1816 = ( GEOMETRIC_REPRESENTATION_CONTEXT(2) 
PARAMETRIC_REPRESENTATION_CONTEXT() REPRESENTATION_CONTEXT('2D SPACE',''
  ) );
#1817 = PCURVE('',#1440,#1818);
#1818 = DEFINITIONAL_REPRESENTATION('',(#1819),#1827);
#1819 = ( BOUNDED_CURVE() B_SPLINE_CURVE(2,(#1820,#1821,#1822,#1823,
#1824,#1825,#1826),.UNSPECIFIED.,.T.,.F.) B_SPLINE_CURVE_WITH_KNOTS((1,2
    ,2,2,2,1),(-2.094395102393,0.,2.094395102393,4.188790204786,
6.28318530718,8.377580409573),.UNSPECIFIED.) CURVE() 
GEOMETRIC_REPRESENTATION_ITEM() RATIONAL_B_SPLINE_CURVE((1.,0.5,1.,0.5,
1.,0.5,1.)) REPRESENTATION_ITEM('') );
#1820 = CARTESIAN_POINT('',(4.,16.));
#1821 = CARTESIAN_POINT('',(-2.928203230276,16.));
#1822 = CARTESIAN_POINT('',(0.535898384862,22.));
#1823 = CARTESIAN_POINT('',(4.,28.));
#1824 = CARTESIAN_POINT('',(7.464101615138,22.));
#1825 = CARTESIAN_POINT('',(10.928203230276,16.));
#1826 = CARTESIAN_POINT('',(4.,16.));
#1827 = ( GEOMETRIC_REPRESENTATION_CONTEXT(2) 
PARAMETRIC_REPRESENTATION_CONTEXT() REPRESENTATION_CONTEXT('2D SPACE',''
  ) );
#1828 = ORIENTED_EDGE('',*,*,#1829,.F.);
#1829 = EDGE_CURVE('',#1265,#1802,#1830,.T.);
#1830 = SURFACE_CURVE('',#1831,(#1835,#1842),.PCURVE_S1.);
#1831 = LINE('',#1832,#1833);
#1832 = CARTESIAN_POINT('',(-12.,51.,0.));
#1833 = VECTOR('',#1834,1.);
#1834 = DIRECTION('',(0.,0.,1.));
#1835 = PCURVE('',#1285,#1836);
#1836 = DEFINITIONAL_REPRESENTATION('',(#1837),#1841);
#1837 = LINE('',#1838,#1839);
#1838 = CARTESIAN_POINT('',(-0.,0.));
#1839 = VECTOR('',#1840,1.);
#1840 = DIRECTION('',(-0.,1.));
#1841 = ( GEOMETRIC_REPRESENTATION_CONTEXT(2) 
PARAMETRIC_REPRESENTATION_CONTEXT() REPRESENTATION_CONTEXT('2D SPACE',''
  ) );
#1842 = PCURVE('',#1313,#1843);
#1843 = DEFINITIONAL_REPRESENTATION('',(#1844),#1848);
#1844 = LINE('',#1845,#1846);
#1845 = CARTESIAN_POINT('',(0.,-20.));
#1846 = VECTOR('',#1847,1.);
#1847 = DIRECTION('',(1.,0.));
#1848 = ( GEOMETRIC_REPRESENTATION_CONTEXT(2) 
PARAMETRIC_REPRESENTATION_CONTEXT() REPRESENTATION_CONTEXT('2D SPACE',''
  ) );
#1849 = ADVANCED_FACE('',(#1850),#1313,.F.);
#1850 = FACE_BOUND('',#1851,.F.);
#1851 = EDGE_LOOP('',(#1852,#1873,#1874,#1875));
#1852 = ORIENTED_EDGE('',*,*,#1853,.F.);
#1853 = EDGE_CURVE('',#1426,#1802,#1854,.T.);
#1854 = SURFACE_CURVE('',#1855,(#1859,#1866),.PCURVE_S1.);
#1855 = LINE('',#1856,#1857);
#1856 = CARTESIAN_POINT('',(-12.,31.,10.));
#1857 = VECTOR('',#1858,1.);
#1858 = DIRECTION('',(0.,1.,0.));
#1859 = PCURVE('',#1313,#1860);
#1860 = DEFINITIONAL_REPRESENTATION('',(#1861),#1865);
#1861 = LINE('',#1862,#1863);
#1862 = CARTESIAN_POINT('',(10.,0.));
#1863 = VECTOR('',#1864,1.);
#1864 = DIRECTION('',(0.,-1.));
#1865 = ( GEOMETRIC_REPRESENTATION_CONTEXT(2) 
PARAMETRIC_REPRESENTATION_CONTEXT() REPRESENTATION_CONTEXT('2D SPACE',''
  ) );
#1866 = PCURVE('',#1440,#1867);
#1867 = DEFINITIONAL_REPRESENTATION('',(#1868),#1872);
#1868 = LINE('',#1869,#1870);
#1869 = CARTESIAN_POINT('',(0.,0.));
#1870 = VECTOR('',#1871,1.);
#1871 = DIRECTION('',(0.,1.));
#1872 = ( GEOMETRIC_REPRESENTATION_CONTEXT(2) 
PARAMETRIC_REPRESENTATION_CONTEXT() REPRESENTATION_CONTEXT('2D SPACE',''
  ) );
#1873 = ORIENTED_EDGE('',*,*,#1451,.F.);
#1874 = ORIENTED_EDGE('',*,*,#1297,.T.);
#1875 = ORIENTED_EDGE('',*,*,#1829,.T.);
#1876 = ADVANCED_FACE('',(#1877),#1440,.T.);
#1877 = FACE_BOUND('',#1878,.T.);
#1878 = EDGE_LOOP('',(#1879,#1880,#1881,#1882,#1883,#1884));
#1879 = ORIENTED_EDGE('',*,*,#1853,.F.);
#1880 = ORIENTED_EDGE('',*,*,#1425,.T.);
#1881 = ORIENTED_EDGE('',*,*,#1651,.T.);
#1882 = ORIENTED_EDGE('',*,*,#1724,.T.);
#1883 = ORIENTED_EDGE('',*,*,#1774,.F.);
#1884 = ORIENTED_EDGE('',*,*,#1801,.F.);
#1885 = ( GEOMETRIC_REPRESENTATION_CONTEXT(3) 
GLOBAL_UNCERTAINTY_ASSIGNED_CONTEXT((#1889)) 
GLOBAL_UNIT_ASSIGNED_CONTEXT((#1886,#1887,#1888)) REPRESENTATION_CONTEXT
('Context #1','3D Context with UNIT and UNCERTAINTY') );
#1886 = ( LENGTH_UNIT() NAMED_UNIT(*) SI_UNIT(.MILLI.,.METRE.) );
#1887 = ( NAMED_UNIT(*) PLANE_ANGLE_UNIT() SI_UNIT($,.RADIAN.) );
#1888 = ( NAMED_UNIT(*) SI_UNIT($,.STERADIAN.) SOLID_ANGLE_UNIT() );
#1889 = UNCERTAINTY_MEASURE_WITH_UNIT(LENGTH_MEASURE(2.E-07),#1886,
  'distance_accuracy_value','confusion accuracy');
#1890 = PRODUCT_RELATED_PRODUCT_CATEGORY('part',$,(#7));
ENDSEC;
END-ISO-10303-21;
