ISO-10303-21;
HEADER;
FILE_DESCRIPTION(('Open CASCADE Model'),'2;1');
FILE_NAME('Open CASCADE Shape Model','2026-08-27T23:04:59',('Author'),(
    'Open CASCADE'),'Open CASCADE STEP processor 7.8','Open CASCADE 7.8'
  ,'Unknown');
FILE_SCHEMA(('AUTOMOTIVE_DESIGN { 1 0 10303 214 1 1 1 1 }'));
ENDSEC;
DATA;
#1 = APPLICATION_PROTOCOL_DEFINITION('international standard',
  'automotive_design',2000,#2);
#2 = APPLICATION_CONTEXT(
  'core data for automotive mechanical design processes');
#3 = SHAPE_DEFINITION_REPRESENTATION(#4,#10);
#4 = PRODUCT_DEFINITION_SHAPE('','',#5);
#5 = PRODUCT_DEFINITION('design','',#6,#9);
#6 = PRODUCT_DEFINITION_FORMATION('','',#7);
#7 = PRODUCT('Open CASCADE STEP translator 7.8 41',
  'Open CASCADE STEP translator 7.8 41','',(#8));
#8 = PRODUCT_CONTEXT('',#2,'mechanical');
#9 = PRODUCT_DEFINITION_CONTEXT('part definition',#2,'design');
#10 = ADVANCED_BREP_SHAPE_REPRESENTATION('',(#11,#15),#1825);
#11 = AXIS2_PLACEMENT_3D('',#12,#13,#14);
#12 = CARTESIAN_POINT('',(0.,0.,0.));
#13 = DIRECTION('',(0.,0.,1.));
#14 = DIRECTION('',(1.,0.,-0.));
#15 = MANIFOLD_SOLID_BREP('',#16);
#16 = CLOSED_SHELL('',(#17,#137,#916,#966,#1020,#1314,#1341,#1439,#1466,
    #1493,#1500,#1549,#1577,#1582,#1587,#1636,#1686,#1735,#1789,#1816));
#17 = ADVANCED_FACE('',(#18),#32,.F.);
#18 = FACE_BOUND('',#19,.F.);
#19 = EDGE_LOOP('',(#20,#55,#83,#111));
#20 = ORIENTED_EDGE('',*,*,#21,.F.);
#21 = EDGE_CURVE('',#22,#24,#26,.T.);
#22 = VERTEX_POINT('',#23);
#23 = CARTESIAN_POINT('',(-45.,-30.,16.736305255312));
#24 = VERTEX_POINT('',#25);
#25 = CARTESIAN_POINT('',(-45.,30.,16.736305255312));
#26 = SURFACE_CURVE('',#27,(#31,#43),.PCURVE_S1.);
#27 = LINE('',#28,#29);
#28 = CARTESIAN_POINT('',(-45.,-35.,16.736305255312));
#29 = VECTOR('',#30,1.);
#30 = DIRECTION('',(0.,1.,0.));
#31 = PCURVE('',#32,#37);
#32 = PLANE('',#33);
#33 = AXIS2_PLACEMENT_3D('',#34,#35,#36);
#34 = CARTESIAN_POINT('',(-45.,-35.,0.));
#35 = DIRECTION('',(1.,0.,0.));
#36 = DIRECTION('',(0.,0.,1.));
#37 = DEFINITIONAL_REPRESENTATION('',(#38),#42);
#38 = LINE('',#39,#40);
#39 = CARTESIAN_POINT('',(16.736305255312,0.));
#40 = VECTOR('',#41,1.);
#41 = DIRECTION('',(0.,-1.));
#42 = ( GEOMETRIC_REPRESENTATION_CONTEXT(2) 
PARAMETRIC_REPRESENTATION_CONTEXT() REPRESENTATION_CONTEXT('2D SPACE',''
  ) );
#43 = PCURVE('',#44,#49);
#44 = PLANE('',#45);
#45 = AXIS2_PLACEMENT_3D('',#46,#47,#48);
#46 = CARTESIAN_POINT('',(-45.,-35.,16.736305255312));
#47 = DIRECTION('',(0.,0.,1.));
#48 = DIRECTION('',(1.,0.,0.));
#49 = DEFINITIONAL_REPRESENTATION('',(#50),#54);
#50 = LINE('',#51,#52);
#51 = CARTESIAN_POINT('',(0.,0.));
#52 = VECTOR('',#53,1.);
#53 = DIRECTION('',(0.,1.));
#54 = ( GEOMETRIC_REPRESENTATION_CONTEXT(2) 
PARAMETRIC_REPRESENTATION_CONTEXT() REPRESENTATION_CONTEXT('2D SPACE',''
  ) );
#55 = ORIENTED_EDGE('',*,*,#56,.F.);
#56 = EDGE_CURVE('',#57,#22,#59,.T.);
#57 = VERTEX_POINT('',#58);
#58 = CARTESIAN_POINT('',(-45.,-30.,0.));
#59 = SURFACE_CURVE('',#60,(#64,#71),.PCURVE_S1.);
#60 = LINE('',#61,#62);
#61 = CARTESIAN_POINT('',(-45.,-30.,0.));
#62 = VECTOR('',#63,1.);
#63 = DIRECTION('',(0.,0.,1.));
#64 = PCURVE('',#32,#65);
#65 = DEFINITIONAL_REPRESENTATION('',(#66),#70);
#66 = LINE('',#67,#68);
#67 = CARTESIAN_POINT('',(0.,-5.));
#68 = VECTOR('',#69,1.);
#69 = DIRECTION('',(1.,0.));
#70 = ( GEOMETRIC_REPRESENTATION_CONTEXT(2) 
PARAMETRIC_REPRESENTATION_CONTEXT() REPRESENTATION_CONTEXT('2D SPACE',''
  ) );
#71 = PCURVE('',#72,#77);
#72 = CYLINDRICAL_SURFACE('',#73,5.);
#73 = AXIS2_PLACEMENT_3D('',#74,#75,#76);
#74 = CARTESIAN_POINT('',(-40.,-30.,0.));
#75 = DIRECTION('',(0.,0.,1.));
#76 = DIRECTION('',(-1.,-0.,0.));
#77 = DEFINITIONAL_REPRESENTATION('',(#78),#82);
#78 = LINE('',#79,#80);
#79 = CARTESIAN_POINT('',(0.,0.));
#80 = VECTOR('',#81,1.);
#81 = DIRECTION('',(0.,1.));
#82 = ( GEOMETRIC_REPRESENTATION_CONTEXT(2) 
PARAMETRIC_REPRESENTATION_CONTEXT() REPRESENTATION_CONTEXT('2D SPACE',''
  ) );
#83 = ORIENTED_EDGE('',*,*,#84,.T.);
#84 = EDGE_CURVE('',#57,#85,#87,.T.);
#85 = VERTEX_POINT('',#86);
#86 = CARTESIAN_POINT('',(-45.,30.,0.));
#87 = SURFACE_CURVE('',#88,(#92,#99),.PCURVE_S1.);
#88 = LINE('',#89,#90);
#89 = CARTESIAN_POINT('',(-45.,-35.,0.));
#90 = VECTOR('',#91,1.);
#91 = DIRECTION('',(0.,1.,0.));
#92 = PCURVE('',#32,#93);
#93 = DEFINITIONAL_REPRESENTATION('',(#94),#98);
#94 = LINE('',#95,#96);
#95 = CARTESIAN_POINT('',(0.,0.));
#96 = VECTOR('',#97,1.);
#97 = DIRECTION('',(0.,-1.));
#98 = ( GEOMETRIC_REPRESENTATION_CONTEXT(2) 
PARAMETRIC_REPRESENTATION_CONTEXT() REPRESENTATION_CONTEXT('2D SPACE',''
  ) );
#99 = PCURVE('',#100,#105);
#100 = PLANE('',#101);
#101 = AXIS2_PLACEMENT_3D('',#102,#103,#104);
#102 = CARTESIAN_POINT('',(-45.,-35.,0.));
#103 = DIRECTION('',(0.,0.,1.));
#104 = DIRECTION('',(1.,0.,0.));
#105 = DEFINITIONAL_REPRESENTATION('',(#106),#110);
#106 = LINE('',#107,#108);
#107 = CARTESIAN_POINT('',(0.,0.));
#108 = VECTOR('',#109,1.);
#109 = DIRECTION('',(0.,1.));
#110 = ( GEOMETRIC_REPRESENTATION_CONTEXT(2) 
PARAMETRIC_REPRESENTATION_CONTEXT() REPRESENTATION_CONTEXT('2D SPACE',''
  ) );
#111 = ORIENTED_EDGE('',*,*,#112,.T.);
#112 = EDGE_CURVE('',#85,#24,#113,.T.);
#113 = SURFACE_CURVE('',#114,(#118,#125),.PCURVE_S1.);
#114 = LINE('',#115,#116);
#115 = CARTESIAN_POINT('',(-45.,30.,0.));
#116 = VECTOR('',#117,1.);
#117 = DIRECTION('',(0.,0.,1.));
#118 = PCURVE('',#32,#119);
#119 = DEFINITIONAL_REPRESENTATION('',(#120),#124);
#120 = LINE('',#121,#122);
#121 = CARTESIAN_POINT('',(0.,-65.));
#122 = VECTOR('',#123,1.);
#123 = DIRECTION('',(1.,0.));
#124 = ( GEOMETRIC_REPRESENTATION_CONTEXT(2) 
PARAMETRIC_REPRESENTATION_CONTEXT() REPRESENTATION_CONTEXT('2D SPACE',''
  ) );
#125 = PCURVE('',#126,#131);
#126 = CYLINDRICAL_SURFACE('',#127,5.);
#127 = AXIS2_PLACEMENT_3D('',#128,#129,#130);
#128 = CARTESIAN_POINT('',(-40.,30.,0.));
#129 = DIRECTION('',(0.,0.,1.));
#130 = DIRECTION('',(-1.,-0.,0.));
#131 = DEFINITIONAL_REPRESENTATION('',(#132),#136);
#132 = LINE('',#133,#134);
#133 = CARTESIAN_POINT('',(-0.,0.));
#134 = VECTOR('',#135,1.);
#135 = DIRECTION('',(-0.,1.));
#136 = ( GEOMETRIC_REPRESENTATION_CONTEXT(2) 
PARAMETRIC_REPRESENTATION_CONTEXT() REPRESENTATION_CONTEXT('2D SPACE',''
  ) );
#137 = ADVANCED_FACE('',(#138,#337),#44,.T.);
#138 = FACE_BOUND('',#139,.T.);
#139 = EDGE_LOOP('',(#140,#141,#165,#193,#226,#254,#283,#311));
#140 = ORIENTED_EDGE('',*,*,#21,.F.);
#141 = ORIENTED_EDGE('',*,*,#142,.T.);
#142 = EDGE_CURVE('',#22,#143,#145,.T.);
#143 = VERTEX_POINT('',#144);
#144 = CARTESIAN_POINT('',(-40.,-35.,16.736305255312));
#145 = SURFACE_CURVE('',#146,(#151,#158),.PCURVE_S1.);
#146 = CIRCLE('',#147,5.);
#147 = AXIS2_PLACEMENT_3D('',#148,#149,#150);
#148 = CARTESIAN_POINT('',(-40.,-30.,16.736305255312));
#149 = DIRECTION('',(0.,0.,1.));
#150 = DIRECTION('',(0.,-1.,0.));
#151 = PCURVE('',#44,#152);
#152 = DEFINITIONAL_REPRESENTATION('',(#153),#157);
#153 = CIRCLE('',#154,5.);
#154 = AXIS2_PLACEMENT_2D('',#155,#156);
#155 = CARTESIAN_POINT('',(5.,5.));
#156 = DIRECTION('',(0.,-1.));
#157 = ( GEOMETRIC_REPRESENTATION_CONTEXT(2) 
PARAMETRIC_REPRESENTATION_CONTEXT() REPRESENTATION_CONTEXT('2D SPACE',''
  ) );
#158 = PCURVE('',#72,#159);
#159 = DEFINITIONAL_REPRESENTATION('',(#160),#164);
#160 = LINE('',#161,#162);
#161 = CARTESIAN_POINT('',(-4.712388980385,16.736305255312));
#162 = VECTOR('',#163,1.);
#163 = DIRECTION('',(1.,0.));
#164 = ( GEOMETRIC_REPRESENTATION_CONTEXT(2) 
PARAMETRIC_REPRESENTATION_CONTEXT() REPRESENTATION_CONTEXT('2D SPACE',''
  ) );
#165 = ORIENTED_EDGE('',*,*,#166,.T.);
#166 = EDGE_CURVE('',#143,#167,#169,.T.);
#167 = VERTEX_POINT('',#168);
#168 = CARTESIAN_POINT('',(40.,-35.,16.736305255312));
#169 = SURFACE_CURVE('',#170,(#174,#181),.PCURVE_S1.);
#170 = LINE('',#171,#172);
#171 = CARTESIAN_POINT('',(-45.,-35.,16.736305255312));
#172 = VECTOR('',#173,1.);
#173 = DIRECTION('',(1.,0.,0.));
#174 = PCURVE('',#44,#175);
#175 = DEFINITIONAL_REPRESENTATION('',(#176),#180);
#176 = LINE('',#177,#178);
#177 = CARTESIAN_POINT('',(0.,0.));
#178 = VECTOR('',#179,1.);
#179 = DIRECTION('',(1.,0.));
#180 = ( GEOMETRIC_REPRESENTATION_CONTEXT(2) 
PARAMETRIC_REPRESENTATION_CONTEXT() REPRESENTATION_CONTEXT('2D SPACE',''
  ) );
#181 = PCURVE('',#182,#187);
#182 = PLANE('',#183);
#183 = AXIS2_PLACEMENT_3D('',#184,#185,#186);
#184 = CARTESIAN_POINT('',(-45.,-35.,0.));
#185 = DIRECTION('',(0.,1.,0.));
#186 = DIRECTION('',(0.,0.,1.));
#187 = DEFINITIONAL_REPRESENTATION('',(#188),#192);
#188 = LINE('',#189,#190);
#189 = CARTESIAN_POINT('',(16.736305255312,0.));
#190 = VECTOR('',#191,1.);
#191 = DIRECTION('',(0.,1.));
#192 = ( GEOMETRIC_REPRESENTATION_CONTEXT(2) 
PARAMETRIC_REPRESENTATION_CONTEXT() REPRESENTATION_CONTEXT('2D SPACE',''
  ) );
#193 = ORIENTED_EDGE('',*,*,#194,.F.);
#194 = EDGE_CURVE('',#195,#167,#197,.T.);
#195 = VERTEX_POINT('',#196);
#196 = CARTESIAN_POINT('',(45.,-30.,16.736305255312));
#197 = SURFACE_CURVE('',#198,(#203,#214),.PCURVE_S1.);
#198 = CIRCLE('',#199,5.);
#199 = AXIS2_PLACEMENT_3D('',#200,#201,#202);
#200 = CARTESIAN_POINT('',(40.,-30.,16.736305255312));
#201 = DIRECTION('',(-0.,-0.,-1.));
#202 = DIRECTION('',(0.,-1.,0.));
#203 = PCURVE('',#44,#204);
#204 = DEFINITIONAL_REPRESENTATION('',(#205),#213);
#205 = ( BOUNDED_CURVE() B_SPLINE_CURVE(2,(#206,#207,#208,#209,#210,#211
,#212),.UNSPECIFIED.,.T.,.F.) B_SPLINE_CURVE_WITH_KNOTS((1,2,2,2,2,1),(
    -2.094395102393,0.,2.094395102393,4.188790204786,6.28318530718,
8.377580409573),.UNSPECIFIED.) CURVE() GEOMETRIC_REPRESENTATION_ITEM() 
RATIONAL_B_SPLINE_CURVE((1.,0.5,1.,0.5,1.,0.5,1.)) REPRESENTATION_ITEM(
  '') );
#206 = CARTESIAN_POINT('',(85.,0.));
#207 = CARTESIAN_POINT('',(76.339745962156,0.));
#208 = CARTESIAN_POINT('',(80.669872981078,7.5));
#209 = CARTESIAN_POINT('',(85.,15.));
#210 = CARTESIAN_POINT('',(89.330127018922,7.5));
#211 = CARTESIAN_POINT('',(93.660254037844,7.993605777301E-15));
#212 = CARTESIAN_POINT('',(85.,0.));
#213 = ( GEOMETRIC_REPRESENTATION_CONTEXT(2) 
PARAMETRIC_REPRESENTATION_CONTEXT() REPRESENTATION_CONTEXT('2D SPACE',''
  ) );
#214 = PCURVE('',#215,#220);
#215 = CYLINDRICAL_SURFACE('',#216,5.);
#216 = AXIS2_PLACEMENT_3D('',#217,#218,#219);
#217 = CARTESIAN_POINT('',(40.,-30.,0.));
#218 = DIRECTION('',(0.,0.,1.));
#219 = DIRECTION('',(1.,0.,-0.));
#220 = DEFINITIONAL_REPRESENTATION('',(#221),#225);
#221 = LINE('',#222,#223);
#222 = CARTESIAN_POINT('',(4.712388980385,16.736305255312));
#223 = VECTOR('',#224,1.);
#224 = DIRECTION('',(-1.,0.));
#225 = ( GEOMETRIC_REPRESENTATION_CONTEXT(2) 
PARAMETRIC_REPRESENTATION_CONTEXT() REPRESENTATION_CONTEXT('2D SPACE',''
  ) );
#226 = ORIENTED_EDGE('',*,*,#227,.T.);
#227 = EDGE_CURVE('',#195,#228,#230,.T.);
#228 = VERTEX_POINT('',#229);
#229 = CARTESIAN_POINT('',(45.,30.,16.736305255312));
#230 = SURFACE_CURVE('',#231,(#235,#242),.PCURVE_S1.);
#231 = LINE('',#232,#233);
#232 = CARTESIAN_POINT('',(45.,-35.,16.736305255312));
#233 = VECTOR('',#234,1.);
#234 = DIRECTION('',(0.,1.,0.));
#235 = PCURVE('',#44,#236);
#236 = DEFINITIONAL_REPRESENTATION('',(#237),#241);
#237 = LINE('',#238,#239);
#238 = CARTESIAN_POINT('',(90.,0.));
#239 = VECTOR('',#240,1.);
#240 = DIRECTION('',(0.,1.));
#241 = ( GEOMETRIC_REPRESENTATION_CONTEXT(2) 
PARAMETRIC_REPRESENTATION_CONTEXT() REPRESENTATION_CONTEXT('2D SPACE',''
  ) );
#242 = PCURVE('',#243,#248);
#243 = PLANE('',#244);
#244 = AXIS2_PLACEMENT_3D('',#245,#246,#247);
#245 = CARTESIAN_POINT('',(45.,-35.,0.));
#246 = DIRECTION('',(1.,0.,0.));
#247 = DIRECTION('',(0.,0.,1.));
#248 = DEFINITIONAL_REPRESENTATION('',(#249),#253);
#249 = LINE('',#250,#251);
#250 = CARTESIAN_POINT('',(16.736305255312,0.));
#251 = VECTOR('',#252,1.);
#252 = DIRECTION('',(0.,-1.));
#253 = ( GEOMETRIC_REPRESENTATION_CONTEXT(2) 
PARAMETRIC_REPRESENTATION_CONTEXT() REPRESENTATION_CONTEXT('2D SPACE',''
  ) );
#254 = ORIENTED_EDGE('',*,*,#255,.T.);
#255 = EDGE_CURVE('',#228,#256,#258,.T.);
#256 = VERTEX_POINT('',#257);
#257 = CARTESIAN_POINT('',(40.,35.,16.736305255312));
#258 = SURFACE_CURVE('',#259,(#264,#271),.PCURVE_S1.);
#259 = CIRCLE('',#260,5.);
#260 = AXIS2_PLACEMENT_3D('',#261,#262,#263);
#261 = CARTESIAN_POINT('',(40.,30.,16.736305255312));
#262 = DIRECTION('',(0.,0.,1.));
#263 = DIRECTION('',(0.,-1.,0.));
#264 = PCURVE('',#44,#265);
#265 = DEFINITIONAL_REPRESENTATION('',(#266),#270);
#266 = CIRCLE('',#267,5.);
#267 = AXIS2_PLACEMENT_2D('',#268,#269);
#268 = CARTESIAN_POINT('',(85.,65.));
#269 = DIRECTION('',(0.,-1.));
#270 = ( GEOMETRIC_REPRESENTATION_CONTEXT(2) 
PARAMETRIC_REPRESENTATION_CONTEXT() REPRESENTATION_CONTEXT('2D SPACE',''
  ) );
#271 = PCURVE('',#272,#277);
#272 = CYLINDRICAL_SURFACE('',#273,5.);
#273 = AXIS2_PLACEMENT_3D('',#274,#275,#276);
#274 = CARTESIAN_POINT('',(40.,30.,0.));
#275 = DIRECTION('',(0.,0.,1.));
#276 = DIRECTION('',(1.,0.,-0.));
#277 = DEFINITIONAL_REPRESENTATION('',(#278),#282);
#278 = LINE('',#279,#280);
#279 = CARTESIAN_POINT('',(-1.570796326795,16.736305255312));
#280 = VECTOR('',#281,1.);
#281 = DIRECTION('',(1.,0.));
#282 = ( GEOMETRIC_REPRESENTATION_CONTEXT(2) 
PARAMETRIC_REPRESENTATION_CONTEXT() REPRESENTATION_CONTEXT('2D SPACE',''
  ) );
#283 = ORIENTED_EDGE('',*,*,#284,.F.);
#284 = EDGE_CURVE('',#285,#256,#287,.T.);
#285 = VERTEX_POINT('',#286);
#286 = CARTESIAN_POINT('',(-40.,35.,16.736305255312));
#287 = SURFACE_CURVE('',#288,(#292,#299),.PCURVE_S1.);
#288 = LINE('',#289,#290);
#289 = CARTESIAN_POINT('',(-45.,35.,16.736305255312));
#290 = VECTOR('',#291,1.);
#291 = DIRECTION('',(1.,0.,0.));
#292 = PCURVE('',#44,#293);
#293 = DEFINITIONAL_REPRESENTATION('',(#294),#298);
#294 = LINE('',#295,#296);
#295 = CARTESIAN_POINT('',(0.,70.));
#296 = VECTOR('',#297,1.);
#297 = DIRECTION('',(1.,0.));
#298 = ( GEOMETRIC_REPRESENTATION_CONTEXT(2) 
PARAMETRIC_REPRESENTATION_CONTEXT() REPRESENTATION_CONTEXT('2D SPACE',''
  ) );
#299 = PCURVE('',#300,#305);
#300 = PLANE('',#301);
#301 = AXIS2_PLACEMENT_3D('',#302,#303,#304);
#302 = CARTESIAN_POINT('',(-45.,35.,0.));
#303 = DIRECTION('',(0.,1.,0.));
#304 = DIRECTION('',(0.,0.,1.));
#305 = DEFINITIONAL_REPRESENTATION('',(#306),#310);
#306 = LINE('',#307,#308);
#307 = CARTESIAN_POINT('',(16.736305255312,0.));
#308 = VECTOR('',#309,1.);
#309 = DIRECTION('',(0.,1.));
#310 = ( GEOMETRIC_REPRESENTATION_CONTEXT(2) 
PARAMETRIC_REPRESENTATION_CONTEXT() REPRESENTATION_CONTEXT('2D SPACE',''
  ) );
#311 = ORIENTED_EDGE('',*,*,#312,.F.);
#312 = EDGE_CURVE('',#24,#285,#313,.T.);
#313 = SURFACE_CURVE('',#314,(#319,#330),.PCURVE_S1.);
#314 = CIRCLE('',#315,5.);
#315 = AXIS2_PLACEMENT_3D('',#316,#317,#318);
#316 = CARTESIAN_POINT('',(-40.,30.,16.736305255312));
#317 = DIRECTION('',(-0.,-0.,-1.));
#318 = DIRECTION('',(0.,-1.,0.));
#319 = PCURVE('',#44,#320);
#320 = DEFINITIONAL_REPRESENTATION('',(#321),#329);
#321 = ( BOUNDED_CURVE() B_SPLINE_CURVE(2,(#322,#323,#324,#325,#326,#327
,#328),.UNSPECIFIED.,.T.,.F.) B_SPLINE_CURVE_WITH_KNOTS((1,2,2,2,2,1),(
    -2.094395102393,0.,2.094395102393,4.188790204786,6.28318530718,
8.377580409573),.UNSPECIFIED.) CURVE() GEOMETRIC_REPRESENTATION_ITEM() 
RATIONAL_B_SPLINE_CURVE((1.,0.5,1.,0.5,1.,0.5,1.)) REPRESENTATION_ITEM(
  '') );
#322 = CARTESIAN_POINT('',(5.,60.));
#323 = CARTESIAN_POINT('',(-3.660254037844,60.));
#324 = CARTESIAN_POINT('',(0.669872981078,67.5));
#325 = CARTESIAN_POINT('',(5.,75.));
#326 = CARTESIAN_POINT('',(9.330127018922,67.5));
#327 = CARTESIAN_POINT('',(13.660254037844,60.));
#328 = CARTESIAN_POINT('',(5.,60.));
#329 = ( GEOMETRIC_REPRESENTATION_CONTEXT(2) 
PARAMETRIC_REPRESENTATION_CONTEXT() REPRESENTATION_CONTEXT('2D SPACE',''
  ) );
#330 = PCURVE('',#126,#331);
#331 = DEFINITIONAL_REPRESENTATION('',(#332),#336);
#332 = LINE('',#333,#334);
#333 = CARTESIAN_POINT('',(1.570796326795,16.736305255312));
#334 = VECTOR('',#335,1.);
#335 = DIRECTION('',(-1.,0.));
#336 = ( GEOMETRIC_REPRESENTATION_CONTEXT(2) 
PARAMETRIC_REPRESENTATION_CONTEXT() REPRESENTATION_CONTEXT('2D SPACE',''
  ) );
#337 = FACE_BOUND('',#338,.T.);
#338 = EDGE_LOOP('',(#339,#374,#525,#553,#725,#751));
#339 = ORIENTED_EDGE('',*,*,#340,.F.);
#340 = EDGE_CURVE('',#341,#343,#345,.T.);
#341 = VERTEX_POINT('',#342);
#342 = CARTESIAN_POINT('',(5.638242695895,10.00879286571,16.736305255312
    ));
#343 = VERTEX_POINT('',#344);
#344 = CARTESIAN_POINT('',(-4.215166707319,10.906655180279,
    16.736305255312));
#345 = SURFACE_CURVE('',#346,(#351,#358),.PCURVE_S1.);
#346 = ELLIPSE('',#347,55.217999221418,10.8);
#347 = AXIS2_PLACEMENT_3D('',#348,#349,#350);
#348 = CARTESIAN_POINT('',(-44.45986151513,-12.13053121211,
    16.736305255312));
#349 = DIRECTION('',(0.,0.,1.));
#350 = DIRECTION('',(0.924678098475,0.380749805254,-0.));
#351 = PCURVE('',#44,#352);
#352 = DEFINITIONAL_REPRESENTATION('',(#353),#357);
#353 = ELLIPSE('',#354,55.217999221418,10.8);
#354 = AXIS2_PLACEMENT_2D('',#355,#356);
#355 = CARTESIAN_POINT('',(0.540138484869,22.869468787887));
#356 = DIRECTION('',(0.924678098475,0.380749805254));
#357 = ( GEOMETRIC_REPRESENTATION_CONTEXT(2) 
PARAMETRIC_REPRESENTATION_CONTEXT() REPRESENTATION_CONTEXT('2D SPACE',''
  ) );
#358 = PCURVE('',#359,#364);
#359 = CYLINDRICAL_SURFACE('',#360,10.8);
#360 = AXIS2_PLACEMENT_3D('',#361,#362,#363);
#361 = CARTESIAN_POINT('',(5.593501614671,8.479677135453,27.532128675465
    ));
#362 = DIRECTION('',(0.90681893547,0.373396032252,0.195588397846));
#363 = DIRECTION('',(-2.226345259646E-02,-0.420932009893,0.90681893547)
  );
#364 = DEFINITIONAL_REPRESENTATION('',(#365),#373);
#365 = B_SPLINE_CURVE_WITH_KNOTS('',6,(#366,#367,#368,#369,#370,#371,
    #372),.UNSPECIFIED.,.F.,.F.,(7,7),(0.129706324759,0.586674485131),
  .PIECEWISE_BEZIER_KNOTS.);
#366 = CARTESIAN_POINT('',(-3.402493372528,-1.4999994));
#367 = CARTESIAN_POINT('',(-3.326332012466,-2.033442490178));
#368 = CARTESIAN_POINT('',(-3.250170652405,-2.940649768249));
#369 = CARTESIAN_POINT('',(-3.174009292342,-4.216052168531));
#370 = CARTESIAN_POINT('',(-3.09784793228,-5.847573791261));
#371 = CARTESIAN_POINT('',(-3.021686572218,-7.816835867506));
#372 = CARTESIAN_POINT('',(-2.945525212156,-10.1000006));
#373 = ( GEOMETRIC_REPRESENTATION_CONTEXT(2) 
PARAMETRIC_REPRESENTATION_CONTEXT() REPRESENTATION_CONTEXT('2D SPACE',''
  ) );
#374 = ORIENTED_EDGE('',*,*,#375,.T.);
#375 = EDGE_CURVE('',#341,#376,#378,.T.);
#376 = VERTEX_POINT('',#377);
#377 = CARTESIAN_POINT('',(6.701985056372,7.425418561694,16.736305255312
    ));
#378 = SURFACE_CURVE('',#379,(#424,#472),.PCURVE_S1.);
#379 = B_SPLINE_CURVE_WITH_KNOTS('',8,(#380,#381,#382,#383,#384,#385,
    #386,#387,#388,#389,#390,#391,#392,#393,#394,#395,#396,#397,#398,
    #399,#400,#401,#402,#403,#404,#405,#406,#407,#408,#409,#410,#411,
    #412,#413,#414,#415,#416,#417,#418,#419,#420,#421,#422,#423),
  .UNSPECIFIED.,.F.,.F.,(9,7,7,7,7,7,9),(0.,7.435697107286E-02,
    0.152593795248,0.505673646541,0.846686312679,0.925208150757,1.),
  .UNSPECIFIED.);
#380 = CARTESIAN_POINT('',(5.638242695895,10.00879286571,16.736305255312
    ));
#381 = CARTESIAN_POINT('',(5.659561328839,9.994456330891,16.736305255312
    ));
#382 = CARTESIAN_POINT('',(5.68052295063,9.979336412113,16.736305255312)
  );
#383 = CARTESIAN_POINT('',(5.701134526009,9.963522651769,16.736305255312
    ));
#384 = CARTESIAN_POINT('',(5.721402953457,9.947090975036,16.736305255312
    ));
#385 = CARTESIAN_POINT('',(5.741335733415,9.930105042227,16.736305255312
    ));
#386 = CARTESIAN_POINT('',(5.760941636512,9.912617601131,16.736305255312
    ));
#387 = CARTESIAN_POINT('',(5.780231371787,9.894671839361,16.736305255312
    ));
#388 = CARTESIAN_POINT('',(5.819195849683,9.8569751574,16.736305255312)
  );
#389 = CARTESIAN_POINT('',(5.838834313563,9.837182440557,16.736305255312
    ));
#390 = CARTESIAN_POINT('',(5.85814615038,9.816967257402,16.736305255312)
  );
#391 = CARTESIAN_POINT('',(5.877142321081,9.796366454358,16.736305255312
    ));
#392 = CARTESIAN_POINT('',(5.895832693783,9.775411628188,16.736305255312
    ));
#393 = CARTESIAN_POINT('',(5.914226493826,9.754129701132,16.736305255312
    ));
#394 = CARTESIAN_POINT('',(5.932332753819,9.732543496055,16.736305255312
    ));
#395 = CARTESIAN_POINT('',(6.030617903197,9.611968476916,16.736305255312
    ));
#396 = CARTESIAN_POINT('',(6.105294396756,9.507598860763,16.736305255312
    ));
#397 = CARTESIAN_POINT('',(6.175193141057,9.399165187757,16.736305255312
    ));
#398 = CARTESIAN_POINT('',(6.24056726713,9.287516176662,16.736305255312)
  );
#399 = CARTESIAN_POINT('',(6.301710317663,9.173363131811,16.736305255312
    ));
#400 = CARTESIAN_POINT('',(6.358722705612,9.057089345634,16.736305255312
    ));
#401 = CARTESIAN_POINT('',(6.411701037043,8.938926046749,16.736305255312
    ));
#402 = CARTESIAN_POINT('',(6.507837046684,8.70286296539,16.736305255312)
  );
#403 = CARTESIAN_POINT('',(6.551102564747,8.585499981297,16.736305255312
    ));
#404 = CARTESIAN_POINT('',(6.590417109932,8.466763027995,16.736305255312
    ));
#405 = CARTESIAN_POINT('',(6.625556731079,8.346742456466,16.736305255312
    ));
#406 = CARTESIAN_POINT('',(6.656190187329,8.225626549109,16.736305255312
    ));
#407 = CARTESIAN_POINT('',(6.681669985029,8.103687803372,16.736305255312
    ));
#408 = CARTESIAN_POINT('',(6.701268281201,7.98131277845,16.736305255312)
  );
#409 = CARTESIAN_POINT('',(6.716114298152,7.830691157802,16.736305255312
    ));
#410 = CARTESIAN_POINT('',(6.718492809156,7.802506159196,16.736305255312
    ));
#411 = CARTESIAN_POINT('',(6.720450890822,7.774334311284,16.736305255312
    ));
#412 = CARTESIAN_POINT('',(6.721965928789,7.746185489577,16.736305255312
    ));
#413 = CARTESIAN_POINT('',(6.723012259079,7.718072362043,16.736305255312
    ));
#414 = CARTESIAN_POINT('',(6.723560435335,7.690010480861,16.736305255312
    ));
#415 = CARTESIAN_POINT('',(6.723576496049,7.662018374178,16.736305255312
    ));
#416 = CARTESIAN_POINT('',(6.72249234401,7.607542258128,16.736305255312)
  );
#417 = CARTESIAN_POINT('',(6.721445345152,7.581054600855,16.736305255312
    ));
#418 = CARTESIAN_POINT('',(6.719845666243,7.554670245632,16.736305255312
    ));
#419 = CARTESIAN_POINT('',(6.717654738885,7.528412587554,16.736305255312
    ));
#420 = CARTESIAN_POINT('',(6.714828528456,7.502313340621,16.736305255312
    ));
#421 = CARTESIAN_POINT('',(6.71131606731,7.476413041141,16.736305255312)
  );
#422 = CARTESIAN_POINT('',(6.707057987978,7.450761551127,16.736305255312
    ));
#423 = CARTESIAN_POINT('',(6.701985056372,7.425418561694,16.736305255312
    ));
#424 = PCURVE('',#44,#425);
#425 = DEFINITIONAL_REPRESENTATION('',(#426),#471);
#426 = B_SPLINE_CURVE_WITH_KNOTS('',8,(#427,#428,#429,#430,#431,#432,
    #433,#434,#435,#436,#437,#438,#439,#440,#441,#442,#443,#444,#445,
    #446,#447,#448,#449,#450,#451,#452,#453,#454,#455,#456,#457,#458,
    #459,#460,#461,#462,#463,#464,#465,#466,#467,#468,#469,#470),
  .UNSPECIFIED.,.F.,.F.,(9,7,7,7,7,7,9),(0.,7.435697107286E-02,
    0.152593795248,0.505673646541,0.846686312679,0.925208150757,1.),
  .UNSPECIFIED.);
#427 = CARTESIAN_POINT('',(50.638242695895,45.00879286571));
#428 = CARTESIAN_POINT('',(50.659561328839,44.994456330891));
#429 = CARTESIAN_POINT('',(50.68052295063,44.979336412113));
#430 = CARTESIAN_POINT('',(50.701134526009,44.963522651769));
#431 = CARTESIAN_POINT('',(50.721402953457,44.947090975036));
#432 = CARTESIAN_POINT('',(50.741335733415,44.930105042227));
#433 = CARTESIAN_POINT('',(50.760941636512,44.912617601131));
#434 = CARTESIAN_POINT('',(50.780231371787,44.894671839361));
#435 = CARTESIAN_POINT('',(50.819195849683,44.8569751574));
#436 = CARTESIAN_POINT('',(50.838834313563,44.837182440557));
#437 = CARTESIAN_POINT('',(50.85814615038,44.816967257402));
#438 = CARTESIAN_POINT('',(50.877142321081,44.796366454358));
#439 = CARTESIAN_POINT('',(50.895832693783,44.775411628188));
#440 = CARTESIAN_POINT('',(50.914226493826,44.754129701132));
#441 = CARTESIAN_POINT('',(50.932332753819,44.732543496055));
#442 = CARTESIAN_POINT('',(51.030617903197,44.611968476916));
#443 = CARTESIAN_POINT('',(51.105294396756,44.507598860763));
#444 = CARTESIAN_POINT('',(51.175193141057,44.399165187757));
#445 = CARTESIAN_POINT('',(51.24056726713,44.287516176662));
#446 = CARTESIAN_POINT('',(51.301710317663,44.173363131811));
#447 = CARTESIAN_POINT('',(51.358722705612,44.057089345634));
#448 = CARTESIAN_POINT('',(51.411701037043,43.938926046749));
#449 = CARTESIAN_POINT('',(51.507837046684,43.70286296539));
#450 = CARTESIAN_POINT('',(51.551102564747,43.585499981297));
#451 = CARTESIAN_POINT('',(51.590417109932,43.466763027995));
#452 = CARTESIAN_POINT('',(51.625556731079,43.346742456466));
#453 = CARTESIAN_POINT('',(51.656190187329,43.225626549109));
#454 = CARTESIAN_POINT('',(51.681669985029,43.103687803372));
#455 = CARTESIAN_POINT('',(51.701268281201,42.98131277845));
#456 = CARTESIAN_POINT('',(51.716114298152,42.830691157802));
#457 = CARTESIAN_POINT('',(51.718492809156,42.802506159196));
#458 = CARTESIAN_POINT('',(51.720450890822,42.774334311284));
#459 = CARTESIAN_POINT('',(51.721965928789,42.746185489577));
#460 = CARTESIAN_POINT('',(51.723012259079,42.718072362043));
#461 = CARTESIAN_POINT('',(51.723560435335,42.690010480861));
#462 = CARTESIAN_POINT('',(51.723576496049,42.662018374178));
#463 = CARTESIAN_POINT('',(51.72249234401,42.607542258128));
#464 = CARTESIAN_POINT('',(51.721445345152,42.581054600855));
#465 = CARTESIAN_POINT('',(51.719845666243,42.554670245632));
#466 = CARTESIAN_POINT('',(51.717654738885,42.528412587554));
#467 = CARTESIAN_POINT('',(51.714828528456,42.502313340621));
#468 = CARTESIAN_POINT('',(51.71131606731,42.476413041141));
#469 = CARTESIAN_POINT('',(51.707057987978,42.450761551127));
#470 = CARTESIAN_POINT('',(51.701985056372,42.425418561694));
#471 = ( GEOMETRIC_REPRESENTATION_CONTEXT(2) 
PARAMETRIC_REPRESENTATION_CONTEXT() REPRESENTATION_CONTEXT('2D SPACE',''
  ) );
#472 = PCURVE('',#473,#478);
#473 = TOROIDAL_SURFACE('',#474,9.3,1.5);
#474 = AXIS2_PLACEMENT_3D('',#475,#476,#477);
#475 = CARTESIAN_POINT('',(4.233273211466,7.919583087074,27.238746078696
    ));
#476 = DIRECTION('',(0.90681893547,0.373396032252,0.195588397846));
#477 = DIRECTION('',(-0.420932009893,0.82667505475,0.373396032252));
#478 = DEFINITIONAL_REPRESENTATION('',(#479),#524);
#479 = B_SPLINE_CURVE_WITH_KNOTS('',8,(#480,#481,#482,#483,#484,#485,
    #486,#487,#488,#489,#490,#491,#492,#493,#494,#495,#496,#497,#498,
    #499,#500,#501,#502,#503,#504,#505,#506,#507,#508,#509,#510,#511,
    #512,#513,#514,#515,#516,#517,#518,#519,#520,#521,#522,#523),
  .UNSPECIFIED.,.F.,.F.,(9,7,7,7,7,7,9),(0.,7.435697107286E-02,
    0.152593795248,0.505673646541,0.846686312679,0.925208150757,1.),
  .UNSPECIFIED.);
#480 = CARTESIAN_POINT('',(-1.83169696007,0.));
#481 = CARTESIAN_POINT('',(-1.833692775571,9.319289875857E-03));
#482 = CARTESIAN_POINT('',(-1.835741147034,1.822775072257E-02));
#483 = CARTESIAN_POINT('',(-1.837834933462,2.675308597062E-02));
#484 = CARTESIAN_POINT('',(-1.839968118054,3.491917127568E-02));
#485 = CARTESIAN_POINT('',(-1.842135721272,4.274687909287E-02));
#486 = CARTESIAN_POINT('',(-1.844333713904,5.025490325102E-02));
#487 = CARTESIAN_POINT('',(-1.846558930124,5.746058352689E-02));
#488 = CARTESIAN_POINT('',(-1.851176435805,7.166196145091E-02));
#489 = CARTESIAN_POINT('',(-1.853570944445,7.862562831271E-02));
#490 = CARTESIAN_POINT('',(-1.855989449568,8.528993289998E-02));
#491 = CARTESIAN_POINT('',(-1.858429314268,9.167058222615E-02));
#492 = CARTESIAN_POINT('',(-1.860888291692,9.778123010067E-02));
#493 = CARTESIAN_POINT('',(-1.863364495093,0.103633919007));
#494 = CARTESIAN_POINT('',(-1.865856367883,0.109239521979));
#495 = CARTESIAN_POINT('',(-1.879673427423,0.138836756876));
#496 = CARTESIAN_POINT('',(-1.891261865227,0.158205122838));
#497 = CARTESIAN_POINT('',(-1.903032436388,0.173692281067));
#498 = CARTESIAN_POINT('',(-1.914922618026,0.185629060135));
#499 = CARTESIAN_POINT('',(-1.926881954416,0.194346665249));
#500 = CARTESIAN_POINT('',(-1.938879926522,0.19998491355));
#501 = CARTESIAN_POINT('',(-1.950898785629,0.202652666226));
#502 = CARTESIAN_POINT('',(-1.974566399544,0.20199453324));
#503 = CARTESIAN_POINT('',(-1.986172891266,0.198871605738));
#504 = CARTESIAN_POINT('',(-1.997756282194,0.192962025072));
#505 = CARTESIAN_POINT('',(-2.009299757523,0.184160272298));
#506 = CARTESIAN_POINT('',(-2.020774494584,0.172328289423));
#507 = CARTESIAN_POINT('',(-2.032134497787,0.157163965901));
#508 = CARTESIAN_POINT('',(-2.043322236065,0.138353419988));
#509 = CARTESIAN_POINT('',(-2.056769381868,0.109644488595));
#510 = CARTESIAN_POINT('',(-2.059271762292,0.104033009204));
#511 = CARTESIAN_POINT('',(-2.061758437668,9.817312860711E-02));
#512 = CARTESIAN_POINT('',(-2.064227844531,9.20539070816E-02));
#513 = CARTESIAN_POINT('',(-2.066678086972,8.566322403701E-02));
#514 = CARTESIAN_POINT('',(-2.069106906422,7.898733099795E-02));
#515 = CARTESIAN_POINT('',(-2.071511651431,7.20104045881E-02));
#516 = CARTESIAN_POINT('',(-2.076153901556,5.776438765679E-02));
#517 = CARTESIAN_POINT('',(-2.078393517769,5.052626424252E-02));
#518 = CARTESIAN_POINT('',(-2.080605681447,4.298265804254E-02));
#519 = CARTESIAN_POINT('',(-2.08278718632,3.511596318537E-02));
#520 = CARTESIAN_POINT('',(-2.084933945123,2.69071915271E-02));
#521 = CARTESIAN_POINT('',(-2.087040900234,1.833512502186E-02));
#522 = CARTESIAN_POINT('',(-2.089101934309,9.375468092287E-03));
#523 = CARTESIAN_POINT('',(-2.091109780915,0.));
#524 = ( GEOMETRIC_REPRESENTATION_CONTEXT(2) 
PARAMETRIC_REPRESENTATION_CONTEXT() REPRESENTATION_CONTEXT('2D SPACE',''
  ) );
#525 = ORIENTED_EDGE('',*,*,#526,.F.);
#526 = EDGE_CURVE('',#527,#376,#529,.T.);
#527 = VERTEX_POINT('',#528);
#528 = CARTESIAN_POINT('',(0.337703914644,-0.150316330203,
    16.736305255312));
#529 = SURFACE_CURVE('',#530,(#535,#542),.PCURVE_S1.);
#530 = ELLIPSE('',#531,55.217999221418,10.8);
#531 = AXIS2_PLACEMENT_3D('',#532,#533,#534);
#532 = CARTESIAN_POINT('',(-44.45986151513,-12.13053121211,
    16.736305255312));
#533 = DIRECTION('',(0.,0.,1.));
#534 = DIRECTION('',(0.924678098475,0.380749805254,-0.));
#535 = PCURVE('',#44,#536);
#536 = DEFINITIONAL_REPRESENTATION('',(#537),#541);
#537 = ELLIPSE('',#538,55.217999221418,10.8);
#538 = AXIS2_PLACEMENT_2D('',#539,#540);
#539 = CARTESIAN_POINT('',(0.540138484869,22.869468787887));
#540 = DIRECTION('',(0.924678098475,0.380749805254));
#541 = ( GEOMETRIC_REPRESENTATION_CONTEXT(2) 
PARAMETRIC_REPRESENTATION_CONTEXT() REPRESENTATION_CONTEXT('2D SPACE',''
  ) );
#542 = PCURVE('',#359,#543);
#543 = DEFINITIONAL_REPRESENTATION('',(#544),#552);
#544 = B_SPLINE_CURVE_WITH_KNOTS('',6,(#545,#546,#547,#548,#549,#550,
    #551),.UNSPECIFIED.,.F.,.F.,(7,7),(5.696510822048,6.153478982421),
  .PIECEWISE_BEZIER_KNOTS.);
#545 = CARTESIAN_POINT('',(-4.118874182419,-10.1000006));
#546 = CARTESIAN_POINT('',(-4.042712822357,-7.816835867506));
#547 = CARTESIAN_POINT('',(-3.966551462294,-5.847573791261));
#548 = CARTESIAN_POINT('',(-3.890390102233,-4.216052168531));
#549 = CARTESIAN_POINT('',(-3.81422874217,-2.940649768248));
#550 = CARTESIAN_POINT('',(-3.738067382108,-2.033442490178));
#551 = CARTESIAN_POINT('',(-3.661906022046,-1.4999994));
#552 = ( GEOMETRIC_REPRESENTATION_CONTEXT(2) 
PARAMETRIC_REPRESENTATION_CONTEXT() REPRESENTATION_CONTEXT('2D SPACE',''
  ) );
#553 = ORIENTED_EDGE('',*,*,#554,.T.);
#554 = EDGE_CURVE('',#527,#555,#557,.T.);
#555 = VERTEX_POINT('',#556);
#556 = CARTESIAN_POINT('',(-2.096696061631,1.744615414854,
    16.736305255312));
#557 = SURFACE_CURVE('',#558,(#610,#665),.PCURVE_S1.);
#558 = B_SPLINE_CURVE_WITH_KNOTS('',8,(#559,#560,#561,#562,#563,#564,
    #565,#566,#567,#568,#569,#570,#571,#572,#573,#574,#575,#576,#577,
    #578,#579,#580,#581,#582,#583,#584,#585,#586,#587,#588,#589,#590,
    #591,#592,#593,#594,#595,#596,#597,#598,#599,#600,#601,#602,#603,
    #604,#605,#606,#607,#608,#609),.UNSPECIFIED.,.F.,.F.,(9,7,7,7,7,7,7,
    9),(0.,0.109987426709,0.187156958401,0.222262493463,0.280385333461,
    0.400072618962,0.822289110129,1.),.UNSPECIFIED.);
#559 = CARTESIAN_POINT('',(0.337703914644,-0.150316330203,
    16.736305255312));
#560 = CARTESIAN_POINT('',(0.302129617987,-0.178893785262,
    16.736305255312));
#561 = CARTESIAN_POINT('',(0.265153287487,-0.205420015088,
    16.736305255312));
#562 = CARTESIAN_POINT('',(0.226841982286,-0.229737490364,
    16.736305255312));
#563 = CARTESIAN_POINT('',(0.187280335482,-0.251702799864,
    16.736305255312));
#564 = CARTESIAN_POINT('',(0.146571502151,-0.271189645427,
    16.736305255312));
#565 = CARTESIAN_POINT('',(0.104838419864,-0.288093211607,
    16.736305255312));
#566 = CARTESIAN_POINT('',(6.222538169025E-02,-0.302335910008,
    16.736305255312));
#567 = CARTESIAN_POINT('',(-1.149814795166E-02,-0.321970218714,
    16.736305255312));
#568 = CARTESIAN_POINT('',(-4.22518507301E-02,-0.328736067733,
    16.736305255312));
#569 = CARTESIAN_POINT('',(-7.330525168975E-02,-0.334156953243,
    16.736305255312));
#570 = CARTESIAN_POINT('',(-0.104602587781,-0.338227042794,
    16.736305255312));
#571 = CARTESIAN_POINT('',(-0.136088508897,-0.340949119811,
    16.736305255312));
#572 = CARTESIAN_POINT('',(-0.16770831892,-0.342333939798,
    16.736305255312));
#573 = CARTESIAN_POINT('',(-0.199408216766,-0.342399586542,
    16.736305255312));
#574 = CARTESIAN_POINT('',(-0.245568754061,-0.340611848446,
    16.736305255312));
#575 = CARTESIAN_POINT('',(-0.260008040537,-0.339784961169,
    16.736305255312));
#576 = CARTESIAN_POINT('',(-0.27444864622,-0.33869252194,16.736305255312
    ));
#577 = CARTESIAN_POINT('',(-0.288885981689,-0.337337102568,
    16.736305255312));
#578 = CARTESIAN_POINT('',(-0.303315618744,-0.335721491216,
    16.736305255312));
#579 = CARTESIAN_POINT('',(-0.317733290403,-0.333848692404,
    16.736305255312));
#580 = CARTESIAN_POINT('',(-0.332134890907,-0.331721927006,
    16.736305255312));
#581 = CARTESIAN_POINT('',(-0.370327494444,-0.32540863975,
    16.736305255312));
#582 = CARTESIAN_POINT('',(-0.394083717681,-0.320785808806,
    16.736305255312));
#583 = CARTESIAN_POINT('',(-0.417767315428,-0.315491535558,
    16.736305255312));
#584 = CARTESIAN_POINT('',(-0.441361948648,-0.309542392128,
    16.736305255312));
#585 = CARTESIAN_POINT('',(-0.464852732802,-0.302955857534,
    16.736305255312));
#586 = CARTESIAN_POINT('',(-0.488226201385,-0.295750048609,
    16.736305255312));
#587 = CARTESIAN_POINT('',(-0.511470269461,-0.287943450908,
    16.736305255312));
#588 = CARTESIAN_POINT('',(-0.582150096719,-0.26228032418,
    16.736305255312));
#589 = CARTESIAN_POINT('',(-0.629127638039,-0.242538515603,
    16.736305255312));
#590 = CARTESIAN_POINT('',(-0.675419158033,-0.220491156361,
    16.736305255312));
#591 = CARTESIAN_POINT('',(-0.720957193886,-0.196300594514,
    16.736305255312));
#592 = CARTESIAN_POINT('',(-0.765692757687,-0.170125551859,
    16.736305255312));
#593 = CARTESIAN_POINT('',(-0.809593611022,-0.142117082063,
    16.736305255312));
#594 = CARTESIAN_POINT('',(-0.852642539571,-0.112414528808,
    16.736305255312));
#595 = CARTESIAN_POINT('',(-1.043678652648,2.917930096754E-02,
    16.736305255312));
#596 = CARTESIAN_POINT('',(-1.181275398523,0.158597536192,
    16.736305255312));
#597 = CARTESIAN_POINT('',(-1.308489333398,0.302052032071,
    16.736305255312));
#598 = CARTESIAN_POINT('',(-1.425965476147,0.456048236401,
    16.736305255312));
#599 = CARTESIAN_POINT('',(-1.53471519354,0.617710085775,16.736305255312
    ));
#600 = CARTESIAN_POINT('',(-1.635791552,0.785156177315,16.736305255312)
  );
#601 = CARTESIAN_POINT('',(-1.730370244356,0.957283895419,
    16.736305255312));
#602 = CARTESIAN_POINT('',(-1.857279722685,1.208228900782,
    16.736305255312));
#603 = CARTESIAN_POINT('',(-1.89388956838,1.283256544413,16.736305255312
    ));
#604 = CARTESIAN_POINT('',(-1.92958767626,1.358908258319,16.736305255312
    ));
#605 = CARTESIAN_POINT('',(-1.964442191048,1.435122803864,
    16.736305255312));
#606 = CARTESIAN_POINT('',(-1.998518323892,1.511845779416,
    16.736305255312));
#607 = CARTESIAN_POINT('',(-2.031878901083,1.589029219869,
    16.736305255312));
#608 = CARTESIAN_POINT('',(-2.064584912762,1.666631196171,
    16.736305255312));
#609 = CARTESIAN_POINT('',(-2.096696061631,1.744615414854,
    16.736305255312));
#610 = PCURVE('',#44,#611);
#611 = DEFINITIONAL_REPRESENTATION('',(#612),#664);
#612 = B_SPLINE_CURVE_WITH_KNOTS('',8,(#613,#614,#615,#616,#617,#618,
    #619,#620,#621,#622,#623,#624,#625,#626,#627,#628,#629,#630,#631,
    #632,#633,#634,#635,#636,#637,#638,#639,#640,#641,#642,#643,#644,
    #645,#646,#647,#648,#649,#650,#651,#652,#653,#654,#655,#656,#657,
    #658,#659,#660,#661,#662,#663),.UNSPECIFIED.,.F.,.F.,(9,7,7,7,7,7,7,
    9),(0.,0.109987426709,0.187156958401,0.222262493463,0.280385333461,
    0.400072618962,0.822289110129,1.),.UNSPECIFIED.);
#613 = CARTESIAN_POINT('',(45.337703914644,34.849683669797));
#614 = CARTESIAN_POINT('',(45.302129617987,34.821106214738));
#615 = CARTESIAN_POINT('',(45.265153287487,34.794579984912));
#616 = CARTESIAN_POINT('',(45.226841982286,34.770262509636));
#617 = CARTESIAN_POINT('',(45.187280335482,34.748297200136));
#618 = CARTESIAN_POINT('',(45.146571502151,34.728810354573));
#619 = CARTESIAN_POINT('',(45.104838419864,34.711906788393));
#620 = CARTESIAN_POINT('',(45.06222538169,34.697664089992));
#621 = CARTESIAN_POINT('',(44.988501852048,34.678029781286));
#622 = CARTESIAN_POINT('',(44.95774814927,34.671263932267));
#623 = CARTESIAN_POINT('',(44.92669474831,34.665843046757));
#624 = CARTESIAN_POINT('',(44.895397412219,34.661772957206));
#625 = CARTESIAN_POINT('',(44.863911491103,34.659050880189));
#626 = CARTESIAN_POINT('',(44.83229168108,34.657666060202));
#627 = CARTESIAN_POINT('',(44.800591783234,34.657600413458));
#628 = CARTESIAN_POINT('',(44.754431245939,34.659388151554));
#629 = CARTESIAN_POINT('',(44.739991959463,34.660215038831));
#630 = CARTESIAN_POINT('',(44.72555135378,34.66130747806));
#631 = CARTESIAN_POINT('',(44.711114018311,34.662662897432));
#632 = CARTESIAN_POINT('',(44.696684381256,34.664278508784));
#633 = CARTESIAN_POINT('',(44.682266709597,34.666151307596));
#634 = CARTESIAN_POINT('',(44.667865109093,34.668278072994));
#635 = CARTESIAN_POINT('',(44.629672505556,34.67459136025));
#636 = CARTESIAN_POINT('',(44.605916282319,34.679214191194));
#637 = CARTESIAN_POINT('',(44.582232684572,34.684508464442));
#638 = CARTESIAN_POINT('',(44.558638051352,34.690457607872));
#639 = CARTESIAN_POINT('',(44.535147267198,34.697044142466));
#640 = CARTESIAN_POINT('',(44.511773798615,34.704249951391));
#641 = CARTESIAN_POINT('',(44.488529730539,34.712056549092));
#642 = CARTESIAN_POINT('',(44.417849903281,34.73771967582));
#643 = CARTESIAN_POINT('',(44.370872361961,34.757461484397));
#644 = CARTESIAN_POINT('',(44.324580841967,34.779508843639));
#645 = CARTESIAN_POINT('',(44.279042806114,34.803699405486));
#646 = CARTESIAN_POINT('',(44.234307242313,34.829874448141));
#647 = CARTESIAN_POINT('',(44.190406388978,34.857882917937));
#648 = CARTESIAN_POINT('',(44.147357460429,34.887585471192));
#649 = CARTESIAN_POINT('',(43.956321347352,35.029179300968));
#650 = CARTESIAN_POINT('',(43.818724601477,35.158597536192));
#651 = CARTESIAN_POINT('',(43.691510666602,35.302052032071));
#652 = CARTESIAN_POINT('',(43.574034523853,35.456048236401));
#653 = CARTESIAN_POINT('',(43.46528480646,35.617710085775));
#654 = CARTESIAN_POINT('',(43.364208448,35.785156177315));
#655 = CARTESIAN_POINT('',(43.269629755644,35.957283895419));
#656 = CARTESIAN_POINT('',(43.142720277315,36.208228900782));
#657 = CARTESIAN_POINT('',(43.10611043162,36.283256544413));
#658 = CARTESIAN_POINT('',(43.07041232374,36.358908258319));
#659 = CARTESIAN_POINT('',(43.035557808952,36.435122803864));
#660 = CARTESIAN_POINT('',(43.001481676108,36.511845779416));
#661 = CARTESIAN_POINT('',(42.968121098917,36.589029219869));
#662 = CARTESIAN_POINT('',(42.935415087238,36.666631196171));
#663 = CARTESIAN_POINT('',(42.903303938369,36.744615414854));
#664 = ( GEOMETRIC_REPRESENTATION_CONTEXT(2) 
PARAMETRIC_REPRESENTATION_CONTEXT() REPRESENTATION_CONTEXT('2D SPACE',''
  ) );
#665 = PCURVE('',#666,#671);
#666 = TOROIDAL_SURFACE('',#667,9.3,1.5);
#667 = AXIS2_PLACEMENT_3D('',#668,#669,#670);
#668 = CARTESIAN_POINT('',(-3.565369633572,4.708377209706,
    25.556685857217));
#669 = DIRECTION('',(-0.90681893547,-0.373396032252,-0.195588397846));
#670 = DIRECTION('',(-0.420932009893,0.82667505475,0.373396032252));
#671 = DEFINITIONAL_REPRESENTATION('',(#672),#724);
#672 = B_SPLINE_CURVE_WITH_KNOTS('',8,(#673,#674,#675,#676,#677,#678,
    #679,#680,#681,#682,#683,#684,#685,#686,#687,#688,#689,#690,#691,
    #692,#693,#694,#695,#696,#697,#698,#699,#700,#701,#702,#703,#704,
    #705,#706,#707,#708,#709,#710,#711,#712,#713,#714,#715,#716,#717,
    #718,#719,#720,#721,#722,#723),.UNSPECIFIED.,.F.,.F.,(9,7,7,7,7,7,7,
    9),(0.,0.109987426709,0.187156958401,0.222262493463,0.280385333461,
    0.400072618962,0.822289110129,1.),.UNSPECIFIED.);
#673 = CARTESIAN_POINT('',(2.548077835609,0.));
#674 = CARTESIAN_POINT('',(2.54950989129,2.862010277006E-02));
#675 = CARTESIAN_POINT('',(2.550759696113,5.757718180074E-02));
#676 = CARTESIAN_POINT('',(2.551817509501,8.682722713689E-02));
#677 = CARTESIAN_POINT('',(2.552674792718,0.116322594627));
#678 = CARTESIAN_POINT('',(2.553324356303,0.146011223408));
#679 = CARTESIAN_POINT('',(2.553760657842,0.175835390502));
#680 = CARTESIAN_POINT('',(2.553980250062,0.205730002519));
#681 = CARTESIAN_POINT('',(2.553983873147,0.256592183981));
#682 = CARTESIAN_POINT('',(2.553878313833,0.277565261516));
#683 = CARTESIAN_POINT('',(2.553665395052,0.298515131881));
#684 = CARTESIAN_POINT('',(2.553345414315,0.31941879165));
#685 = CARTESIAN_POINT('',(2.552919234051,0.340254527282));
#686 = CARTESIAN_POINT('',(2.552388242758,0.36100168325));
#687 = CARTESIAN_POINT('',(2.551754316143,0.381640430162));
#688 = CARTESIAN_POINT('',(2.550685626382,0.411482329911));
#689 = CARTESIAN_POINT('',(2.550330643213,0.420786964435));
#690 = CARTESIAN_POINT('',(2.54995504472,0.430063773714));
#691 = CARTESIAN_POINT('',(2.549559059278,0.439311182876));
#692 = CARTESIAN_POINT('',(2.549142927679,0.448527704922));
#693 = CARTESIAN_POINT('',(2.548706903133,0.457711940737));
#694 = CARTESIAN_POINT('',(2.548251251268,0.466862579078));
#695 = CARTESIAN_POINT('',(2.546989809623,0.491071093546));
#696 = CARTESIAN_POINT('',(2.54615032181,0.506068366655));
#697 = CARTESIAN_POINT('',(2.545259034051,0.520964674297));
#698 = CARTESIAN_POINT('',(2.544317252626,0.535755216513));
#699 = CARTESIAN_POINT('',(2.543326325623,0.550435882468));
#700 = CARTESIAN_POINT('',(2.542287625808,0.565003197931));
#701 = CARTESIAN_POINT('',(2.541202533505,0.579454272752));
#702 = CARTESIAN_POINT('',(2.537745274411,0.62330036289));
#703 = CARTESIAN_POINT('',(2.535227413308,0.652308471931));
#704 = CARTESIAN_POINT('',(2.532530620481,0.680794629022));
#705 = CARTESIAN_POINT('',(2.529666514445,0.708749244778));
#706 = CARTESIAN_POINT('',(2.526646275408,0.736168945759));
#707 = CARTESIAN_POINT('',(2.523480372786,0.763055933369));
#708 = CARTESIAN_POINT('',(2.520178292694,0.789417342751));
#709 = CARTESIAN_POINT('',(2.504648282927,0.906445038499));
#710 = CARTESIAN_POINT('',(2.491004768677,0.990863076196));
#711 = CARTESIAN_POINT('',(2.476129560491,1.069657046349));
#712 = CARTESIAN_POINT('',(2.460245516642,1.14326950436));
#713 = CARTESIAN_POINT('',(2.443545784354,1.212187297181));
#714 = CARTESIAN_POINT('',(2.426160105778,1.276795273045));
#715 = CARTESIAN_POINT('',(2.408155156223,1.33754035615));
#716 = CARTESIAN_POINT('',(2.381667309201,1.418979848178));
#717 = CARTESIAN_POINT('',(2.373718979532,1.442463582617));
#718 = CARTESIAN_POINT('',(2.365673055183,1.465326245238));
#719 = CARTESIAN_POINT('',(2.357533697938,1.487583837599));
#720 = CARTESIAN_POINT('',(2.34930473073,1.509249584098));
#721 = CARTESIAN_POINT('',(2.340989624245,1.530334407775));
#722 = CARTESIAN_POINT('',(2.332591483526,1.550847406104));
#723 = CARTESIAN_POINT('',(2.324113034577,1.570796326795));
#724 = ( GEOMETRIC_REPRESENTATION_CONTEXT(2) 
PARAMETRIC_REPRESENTATION_CONTEXT() REPRESENTATION_CONTEXT('2D SPACE',''
  ) );
#725 = ORIENTED_EDGE('',*,*,#726,.F.);
#726 = EDGE_CURVE('',#727,#555,#729,.T.);
#727 = VERTEX_POINT('',#728);
#728 = CARTESIAN_POINT('',(-4.609433686557,7.846978218245,
    16.736305255312));
#729 = SURFACE_CURVE('',#730,(#734,#740),.PCURVE_S1.);
#730 = LINE('',#731,#732);
#731 = CARTESIAN_POINT('',(1.720899622947,-7.526688390551,
    16.736305255312));
#732 = VECTOR('',#733,1.);
#733 = DIRECTION('',(0.380749805254,-0.924678098475,0.));
#734 = PCURVE('',#44,#735);
#735 = DEFINITIONAL_REPRESENTATION('',(#736),#739);
#736 = B_SPLINE_CURVE_WITH_KNOTS('',1,(#737,#738),.UNSPECIFIED.,.F.,.F.,
  (2,2),(-16.6354701014,-6.848954893704),.PIECEWISE_BEZIER_KNOTS.);
#737 = CARTESIAN_POINT('',(40.386947621524,42.85576647005));
#738 = CARTESIAN_POINT('',(44.113161380974,33.806390197098));
#739 = ( GEOMETRIC_REPRESENTATION_CONTEXT(2) 
PARAMETRIC_REPRESENTATION_CONTEXT() REPRESENTATION_CONTEXT('2D SPACE',''
  ) );
#740 = PCURVE('',#741,#746);
#741 = PLANE('',#742);
#742 = AXIS2_PLACEMENT_3D('',#743,#744,#745);
#743 = CARTESIAN_POINT('',(-5.259549825724,-2.165696987063,
    38.865587292491));
#744 = DIRECTION('',(-0.90681893547,-0.373396032252,-0.195588397846));
#745 = DIRECTION('',(-2.226345259646E-02,-0.420932009893,0.90681893547)
  );
#746 = DEFINITIONAL_REPRESENTATION('',(#747),#750);
#747 = B_SPLINE_CURVE_WITH_KNOTS('',1,(#748,#749),.UNSPECIFIED.,.F.,.F.,
  (2,2),(-16.6354701014,-6.848954893704),.PIECEWISE_BEZIER_KNOTS.);
#748 = CARTESIAN_POINT('',(-24.3,-0.250623727048));
#749 = CARTESIAN_POINT('',(-20.57378624054,-9.3));
#750 = ( GEOMETRIC_REPRESENTATION_CONTEXT(2) 
PARAMETRIC_REPRESENTATION_CONTEXT() REPRESENTATION_CONTEXT('2D SPACE',''
  ) );
#751 = ORIENTED_EDGE('',*,*,#752,.F.);
#752 = EDGE_CURVE('',#343,#727,#753,.T.);
#753 = SURFACE_CURVE('',#754,(#806,#861),.PCURVE_S1.);
#754 = B_SPLINE_CURVE_WITH_KNOTS('',8,(#755,#756,#757,#758,#759,#760,
    #761,#762,#763,#764,#765,#766,#767,#768,#769,#770,#771,#772,#773,
    #774,#775,#776,#777,#778,#779,#780,#781,#782,#783,#784,#785,#786,
    #787,#788,#789,#790,#791,#792,#793,#794,#795,#796,#797,#798,#799,
    #800,#801,#802,#803,#804,#805),.UNSPECIFIED.,.F.,.F.,(9,7,7,7,7,7,7,
    9),(0.,0.109987426709,0.187156958408,0.22226249347,0.280385333469,
    0.400072618972,0.822289110143,1.),.UNSPECIFIED.);
#755 = CARTESIAN_POINT('',(-4.215166707319,10.906655180279,
    16.736305255312));
#756 = CARTESIAN_POINT('',(-4.260549149631,10.901897507526,
    16.736305255312));
#757 = CARTESIAN_POINT('',(-4.305482765071,10.894696112554,
    16.736305255312));
#758 = CARTESIAN_POINT('',(-4.349809014668,10.884986359383,
    16.736305255312));
#759 = CARTESIAN_POINT('',(-4.393366822047,10.872726011278,
    16.736305255312));
#760 = CARTESIAN_POINT('',(-4.435994009158,10.857898024895,
    16.736305255312));
#761 = CARTESIAN_POINT('',(-4.477529478092,10.840514540572,
    16.736305255312));
#762 = CARTESIAN_POINT('',(-4.517816138983,10.82062206877,
    16.736305255312));
#763 = CARTESIAN_POINT('',(-4.583989549003,10.782651755262,
    16.736305255312));
#764 = CARTESIAN_POINT('',(-4.610590616264,10.765800934264,
    16.736305255312));
#765 = CARTESIAN_POINT('',(-4.636457441655,10.747784079511,
    16.736305255312));
#766 = CARTESIAN_POINT('',(-4.66154632324,10.728636314723,
    16.736305255312));
#767 = CARTESIAN_POINT('',(-4.685819919094,10.708398590634,
    16.736305255312));
#768 = CARTESIAN_POINT('',(-4.709246965138,10.687117058121,
    16.736305255312));
#769 = CARTESIAN_POINT('',(-4.731801992974,10.664842441348,
    16.736305255312));
#770 = CARTESIAN_POINT('',(-4.763319884348,10.631069467915,
    16.736305255312));
#771 = CARTESIAN_POINT('',(-4.772990386071,10.620315020791,
    16.736305255312));
#772 = CARTESIAN_POINT('',(-4.782474838223,10.609371087159,
    16.736305255312));
#773 = CARTESIAN_POINT('',(-4.791771792962,10.59824272476,
    16.736305255312));
#774 = CARTESIAN_POINT('',(-4.800880069268,10.586935031436,
    16.736305255312));
#775 = CARTESIAN_POINT('',(-4.809798752939,10.575453145134,
    16.736305255312));
#776 = CARTESIAN_POINT('',(-4.818527196596,10.563802243904,
    16.736305255312));
#777 = CARTESIAN_POINT('',(-4.841200754234,10.532426419693,
    16.736305255312));
#778 = CARTESIAN_POINT('',(-4.854813948945,10.512416181359,
    16.736305255312));
#779 = CARTESIAN_POINT('',(-4.867902784525,10.491980317917,
    16.736305255312));
#780 = CARTESIAN_POINT('',(-4.880467328419,10.471142101556,
    16.736305255312));
#781 = CARTESIAN_POINT('',(-4.892509319436,10.449924424245,
    16.736305255312));
#782 = CARTESIAN_POINT('',(-4.904031952381,10.428349632337,
    16.736305255312));
#783 = CARTESIAN_POINT('',(-4.915039662693,10.406439361181,
    16.736305255312));
#784 = CARTESIAN_POINT('',(-4.947156036599,10.338448386913,
    16.736305255312));
#785 = CARTESIAN_POINT('',(-4.966611833863,10.291351674212,
    16.736305255312));
#786 = CARTESIAN_POINT('',(-4.983957080309,10.243100940552,
    16.736305255312));
#787 = CARTESIAN_POINT('',(-4.999258189436,10.193858966066,
    16.736305255312));
#788 = CARTESIAN_POINT('',(-5.012592139613,10.143772947065,
    16.736305255312));
#789 = CARTESIAN_POINT('',(-5.024042402894,10.092972841015,
    16.736305255312));
#790 = CARTESIAN_POINT('',(-5.033694873831,10.041569711501,
    16.736305255312));
#791 = CARTESIAN_POINT('',(-5.069639653863,9.806513161029,
    16.736305255312));
#792 = CARTESIAN_POINT('',(-5.076212668733,9.617730906665,
    16.736305255312));
#793 = CARTESIAN_POINT('',(-5.065529752608,9.426293050138,
    16.736305255312));
#794 = CARTESIAN_POINT('',(-5.040509568076,9.234226745336,
    16.736305255312));
#795 = CARTESIAN_POINT('',(-5.003895402464,9.042862021723,
    16.736305255312));
#796 = CARTESIAN_POINT('',(-4.957759770045,8.852793278263,
    16.736305255312));
#797 = CARTESIAN_POINT('',(-4.903713880272,8.66397558263,16.736305255312
    ));
#798 = CARTESIAN_POINT('',(-4.817126198384,8.396427484616,
    16.736305255312));
#799 = CARTESIAN_POINT('',(-4.790291239162,8.317374887738,
    16.736305255312));
#800 = CARTESIAN_POINT('',(-4.762369458045,8.238521156936,
    16.736305255312));
#801 = CARTESIAN_POINT('',(-4.733452362512,8.159861791703,
    16.736305255312));
#802 = CARTESIAN_POINT('',(-4.703624562814,8.081389502509,
    16.736305255312));
#803 = CARTESIAN_POINT('',(-4.672964443579,8.003094108787,
    16.736305255312));
#804 = CARTESIAN_POINT('',(-4.641544835424,7.924962436922,
    16.736305255312));
#805 = CARTESIAN_POINT('',(-4.609433686557,7.846978218245,
    16.736305255312));
#806 = PCURVE('',#44,#807);
#807 = DEFINITIONAL_REPRESENTATION('',(#808),#860);
#808 = B_SPLINE_CURVE_WITH_KNOTS('',8,(#809,#810,#811,#812,#813,#814,
    #815,#816,#817,#818,#819,#820,#821,#822,#823,#824,#825,#826,#827,
    #828,#829,#830,#831,#832,#833,#834,#835,#836,#837,#838,#839,#840,
    #841,#842,#843,#844,#845,#846,#847,#848,#849,#850,#851,#852,#853,
    #854,#855,#856,#857,#858,#859),.UNSPECIFIED.,.F.,.F.,(9,7,7,7,7,7,7,
    9),(0.,0.109987426709,0.187156958408,0.22226249347,0.280385333469,
    0.400072618972,0.822289110143,1.),.UNSPECIFIED.);
#809 = CARTESIAN_POINT('',(40.784833292681,45.906655180279));
#810 = CARTESIAN_POINT('',(40.739450850369,45.901897507526));
#811 = CARTESIAN_POINT('',(40.694517234929,45.894696112554));
#812 = CARTESIAN_POINT('',(40.650190985332,45.884986359383));
#813 = CARTESIAN_POINT('',(40.606633177953,45.872726011278));
#814 = CARTESIAN_POINT('',(40.564005990842,45.857898024895));
#815 = CARTESIAN_POINT('',(40.522470521908,45.840514540572));
#816 = CARTESIAN_POINT('',(40.482183861017,45.82062206877));
#817 = CARTESIAN_POINT('',(40.416010450997,45.782651755262));
#818 = CARTESIAN_POINT('',(40.389409383736,45.765800934264));
#819 = CARTESIAN_POINT('',(40.363542558345,45.747784079511));
#820 = CARTESIAN_POINT('',(40.33845367676,45.728636314723));
#821 = CARTESIAN_POINT('',(40.314180080906,45.708398590634));
#822 = CARTESIAN_POINT('',(40.290753034862,45.687117058121));
#823 = CARTESIAN_POINT('',(40.268198007026,45.664842441348));
#824 = CARTESIAN_POINT('',(40.236680115652,45.631069467915));
#825 = CARTESIAN_POINT('',(40.227009613929,45.620315020791));
#826 = CARTESIAN_POINT('',(40.217525161777,45.609371087159));
#827 = CARTESIAN_POINT('',(40.208228207038,45.59824272476));
#828 = CARTESIAN_POINT('',(40.199119930732,45.586935031436));
#829 = CARTESIAN_POINT('',(40.190201247061,45.575453145134));
#830 = CARTESIAN_POINT('',(40.181472803404,45.563802243904));
#831 = CARTESIAN_POINT('',(40.158799245766,45.532426419693));
#832 = CARTESIAN_POINT('',(40.145186051055,45.512416181359));
#833 = CARTESIAN_POINT('',(40.132097215475,45.491980317917));
#834 = CARTESIAN_POINT('',(40.119532671581,45.471142101556));
#835 = CARTESIAN_POINT('',(40.107490680564,45.449924424245));
#836 = CARTESIAN_POINT('',(40.095968047619,45.428349632337));
#837 = CARTESIAN_POINT('',(40.084960337307,45.406439361181));
#838 = CARTESIAN_POINT('',(40.052843963401,45.338448386913));
#839 = CARTESIAN_POINT('',(40.033388166137,45.291351674212));
#840 = CARTESIAN_POINT('',(40.016042919691,45.243100940552));
#841 = CARTESIAN_POINT('',(40.000741810564,45.193858966066));
#842 = CARTESIAN_POINT('',(39.987407860387,45.143772947065));
#843 = CARTESIAN_POINT('',(39.975957597106,45.092972841015));
#844 = CARTESIAN_POINT('',(39.966305126169,45.041569711501));
#845 = CARTESIAN_POINT('',(39.930360346137,44.806513161029));
#846 = CARTESIAN_POINT('',(39.923787331267,44.617730906665));
#847 = CARTESIAN_POINT('',(39.934470247392,44.426293050138));
#848 = CARTESIAN_POINT('',(39.959490431924,44.234226745336));
#849 = CARTESIAN_POINT('',(39.996104597536,44.042862021723));
#850 = CARTESIAN_POINT('',(40.042240229955,43.852793278263));
#851 = CARTESIAN_POINT('',(40.096286119728,43.66397558263));
#852 = CARTESIAN_POINT('',(40.182873801616,43.396427484616));
#853 = CARTESIAN_POINT('',(40.209708760838,43.317374887738));
#854 = CARTESIAN_POINT('',(40.237630541955,43.238521156936));
#855 = CARTESIAN_POINT('',(40.266547637488,43.159861791703));
#856 = CARTESIAN_POINT('',(40.296375437186,43.081389502509));
#857 = CARTESIAN_POINT('',(40.327035556421,43.003094108787));
#858 = CARTESIAN_POINT('',(40.358455164576,42.924962436922));
#859 = CARTESIAN_POINT('',(40.390566313443,42.846978218245));
#860 = ( GEOMETRIC_REPRESENTATION_CONTEXT(2) 
PARAMETRIC_REPRESENTATION_CONTEXT() REPRESENTATION_CONTEXT('2D SPACE',''
  ) );
#861 = PCURVE('',#666,#862);
#862 = DEFINITIONAL_REPRESENTATION('',(#863),#915);
#863 = B_SPLINE_CURVE_WITH_KNOTS('',8,(#864,#865,#866,#867,#868,#869,
    #870,#871,#872,#873,#874,#875,#876,#877,#878,#879,#880,#881,#882,
    #883,#884,#885,#886,#887,#888,#889,#890,#891,#892,#893,#894,#895,
    #896,#897,#898,#899,#900,#901,#902,#903,#904,#905,#906,#907,#908,
    #909,#910,#911,#912,#913,#914),.UNSPECIFIED.,.F.,.F.,(9,7,7,7,7,7,7,
    9),(0.,0.109987426709,0.187156958408,0.22226249347,0.280385333469,
    0.400072618972,0.822289110143,1.),.UNSPECIFIED.);
#864 = CARTESIAN_POINT('',(1.374728905376,0.));
#865 = CARTESIAN_POINT('',(1.373296849695,2.862010277011E-02));
#866 = CARTESIAN_POINT('',(1.372047044872,5.757718180066E-02));
#867 = CARTESIAN_POINT('',(1.370989231484,8.682722713687E-02));
#868 = CARTESIAN_POINT('',(1.370131948267,0.116322594627));
#869 = CARTESIAN_POINT('',(1.369482384682,0.146011223408));
#870 = CARTESIAN_POINT('',(1.369046083143,0.175835390502));
#871 = CARTESIAN_POINT('',(1.368826490923,0.205730002519));
#872 = CARTESIAN_POINT('',(1.368822867838,0.256592183982));
#873 = CARTESIAN_POINT('',(1.368928427152,0.277565261519));
#874 = CARTESIAN_POINT('',(1.369141345933,0.298515131886));
#875 = CARTESIAN_POINT('',(1.36946132667,0.319418791656));
#876 = CARTESIAN_POINT('',(1.369887506934,0.340254527291));
#877 = CARTESIAN_POINT('',(1.370418498228,0.36100168326));
#878 = CARTESIAN_POINT('',(1.371052424843,0.381640430174));
#879 = CARTESIAN_POINT('',(1.372121114604,0.411482329924));
#880 = CARTESIAN_POINT('',(1.372476097773,0.420786964448));
#881 = CARTESIAN_POINT('',(1.372851696265,0.430063773728));
#882 = CARTESIAN_POINT('',(1.373247681707,0.439311182889));
#883 = CARTESIAN_POINT('',(1.373663813307,0.448527704936));
#884 = CARTESIAN_POINT('',(1.374099837853,0.45771194075));
#885 = CARTESIAN_POINT('',(1.374555489718,0.466862579091));
#886 = CARTESIAN_POINT('',(1.375816931363,0.49107109356));
#887 = CARTESIAN_POINT('',(1.376656419176,0.506068366668));
#888 = CARTESIAN_POINT('',(1.377547706935,0.520964674311));
#889 = CARTESIAN_POINT('',(1.37848948836,0.535755216526));
#890 = CARTESIAN_POINT('',(1.379480415363,0.550435882481));
#891 = CARTESIAN_POINT('',(1.380519115179,0.565003197945));
#892 = CARTESIAN_POINT('',(1.381604207481,0.579454272765));
#893 = CARTESIAN_POINT('',(1.385061466575,0.623300362904));
#894 = CARTESIAN_POINT('',(1.387579327679,0.652308471945));
#895 = CARTESIAN_POINT('',(1.390276120505,0.680794629036));
#896 = CARTESIAN_POINT('',(1.393140226542,0.708749244791));
#897 = CARTESIAN_POINT('',(1.396160465578,0.736168945772));
#898 = CARTESIAN_POINT('',(1.399326368201,0.763055933383));
#899 = CARTESIAN_POINT('',(1.402628448293,0.789417342765));
#900 = CARTESIAN_POINT('',(1.41815845806,0.906445038512));
#901 = CARTESIAN_POINT('',(1.431801972311,0.990863076212));
#902 = CARTESIAN_POINT('',(1.446677180496,1.069657046358));
#903 = CARTESIAN_POINT('',(1.462561224347,1.143269504381));
#904 = CARTESIAN_POINT('',(1.479260956634,1.21218729719));
#905 = CARTESIAN_POINT('',(1.496646635212,1.276795273061));
#906 = CARTESIAN_POINT('',(1.514651584767,1.337540356163));
#907 = CARTESIAN_POINT('',(1.541139431788,1.41897984819));
#908 = CARTESIAN_POINT('',(1.549087761457,1.442463582627));
#909 = CARTESIAN_POINT('',(1.557133685805,1.465326245246));
#910 = CARTESIAN_POINT('',(1.565273043049,1.487583837605));
#911 = CARTESIAN_POINT('',(1.573502010257,1.509249584103));
#912 = CARTESIAN_POINT('',(1.581817116742,1.530334407778));
#913 = CARTESIAN_POINT('',(1.59021525746,1.550847406105));
#914 = CARTESIAN_POINT('',(1.598693706408,1.570796326795));
#915 = ( GEOMETRIC_REPRESENTATION_CONTEXT(2) 
PARAMETRIC_REPRESENTATION_CONTEXT() REPRESENTATION_CONTEXT('2D SPACE',''
  ) );
#916 = ADVANCED_FACE('',(#917),#72,.T.);
#917 = FACE_BOUND('',#918,.T.);
#918 = EDGE_LOOP('',(#919,#943,#964,#965));
#919 = ORIENTED_EDGE('',*,*,#920,.T.);
#920 = EDGE_CURVE('',#57,#921,#923,.T.);
#921 = VERTEX_POINT('',#922);
#922 = CARTESIAN_POINT('',(-40.,-35.,0.));
#923 = SURFACE_CURVE('',#924,(#929,#936),.PCURVE_S1.);
#924 = CIRCLE('',#925,5.);
#925 = AXIS2_PLACEMENT_3D('',#926,#927,#928);
#926 = CARTESIAN_POINT('',(-40.,-30.,0.));
#927 = DIRECTION('',(0.,0.,1.));
#928 = DIRECTION('',(0.,-1.,0.));
#929 = PCURVE('',#72,#930);
#930 = DEFINITIONAL_REPRESENTATION('',(#931),#935);
#931 = LINE('',#932,#933);
#932 = CARTESIAN_POINT('',(-4.712388980385,0.));
#933 = VECTOR('',#934,1.);
#934 = DIRECTION('',(1.,0.));
#935 = ( GEOMETRIC_REPRESENTATION_CONTEXT(2) 
PARAMETRIC_REPRESENTATION_CONTEXT() REPRESENTATION_CONTEXT('2D SPACE',''
  ) );
#936 = PCURVE('',#100,#937);
#937 = DEFINITIONAL_REPRESENTATION('',(#938),#942);
#938 = CIRCLE('',#939,5.);
#939 = AXIS2_PLACEMENT_2D('',#940,#941);
#940 = CARTESIAN_POINT('',(5.,5.));
#941 = DIRECTION('',(0.,-1.));
#942 = ( GEOMETRIC_REPRESENTATION_CONTEXT(2) 
PARAMETRIC_REPRESENTATION_CONTEXT() REPRESENTATION_CONTEXT('2D SPACE',''
  ) );
#943 = ORIENTED_EDGE('',*,*,#944,.T.);
#944 = EDGE_CURVE('',#921,#143,#945,.T.);
#945 = SURFACE_CURVE('',#946,(#950,#957),.PCURVE_S1.);
#946 = LINE('',#947,#948);
#947 = CARTESIAN_POINT('',(-40.,-35.,0.));
#948 = VECTOR('',#949,1.);
#949 = DIRECTION('',(0.,0.,1.));
#950 = PCURVE('',#72,#951);
#951 = DEFINITIONAL_REPRESENTATION('',(#952),#956);
#952 = LINE('',#953,#954);
#953 = CARTESIAN_POINT('',(1.570796326795,0.));
#954 = VECTOR('',#955,1.);
#955 = DIRECTION('',(0.,1.));
#956 = ( GEOMETRIC_REPRESENTATION_CONTEXT(2) 
PARAMETRIC_REPRESENTATION_CONTEXT() REPRESENTATION_CONTEXT('2D SPACE',''
  ) );
#957 = PCURVE('',#182,#958);
#958 = DEFINITIONAL_REPRESENTATION('',(#959),#963);
#959 = LINE('',#960,#961);
#960 = CARTESIAN_POINT('',(0.,5.));
#961 = VECTOR('',#962,1.);
#962 = DIRECTION('',(1.,0.));
#963 = ( GEOMETRIC_REPRESENTATION_CONTEXT(2) 
PARAMETRIC_REPRESENTATION_CONTEXT() REPRESENTATION_CONTEXT('2D SPACE',''
  ) );
#964 = ORIENTED_EDGE('',*,*,#142,.F.);
#965 = ORIENTED_EDGE('',*,*,#56,.F.);
#966 = ADVANCED_FACE('',(#967),#126,.T.);
#967 = FACE_BOUND('',#968,.F.);
#968 = EDGE_LOOP('',(#969,#997,#1018,#1019));
#969 = ORIENTED_EDGE('',*,*,#970,.T.);
#970 = EDGE_CURVE('',#85,#971,#973,.T.);
#971 = VERTEX_POINT('',#972);
#972 = CARTESIAN_POINT('',(-40.,35.,0.));
#973 = SURFACE_CURVE('',#974,(#979,#986),.PCURVE_S1.);
#974 = CIRCLE('',#975,5.);
#975 = AXIS2_PLACEMENT_3D('',#976,#977,#978);
#976 = CARTESIAN_POINT('',(-40.,30.,0.));
#977 = DIRECTION('',(-0.,-0.,-1.));
#978 = DIRECTION('',(0.,-1.,0.));
#979 = PCURVE('',#126,#980);
#980 = DEFINITIONAL_REPRESENTATION('',(#981),#985);
#981 = LINE('',#982,#983);
#982 = CARTESIAN_POINT('',(1.570796326795,-0.));
#983 = VECTOR('',#984,1.);
#984 = DIRECTION('',(-1.,0.));
#985 = ( GEOMETRIC_REPRESENTATION_CONTEXT(2) 
PARAMETRIC_REPRESENTATION_CONTEXT() REPRESENTATION_CONTEXT('2D SPACE',''
  ) );
#986 = PCURVE('',#100,#987);
#987 = DEFINITIONAL_REPRESENTATION('',(#988),#996);
#988 = ( BOUNDED_CURVE() B_SPLINE_CURVE(2,(#989,#990,#991,#992,#993,#994
,#995),.UNSPECIFIED.,.T.,.F.) B_SPLINE_CURVE_WITH_KNOTS((1,2,2,2,2,1),(
    -2.094395102393,0.,2.094395102393,4.188790204786,6.28318530718,
8.377580409573),.UNSPECIFIED.) CURVE() GEOMETRIC_REPRESENTATION_ITEM() 
RATIONAL_B_SPLINE_CURVE((1.,0.5,1.,0.5,1.,0.5,1.)) REPRESENTATION_ITEM(
  '') );
#989 = CARTESIAN_POINT('',(5.,60.));
#990 = CARTESIAN_POINT('',(-3.660254037844,60.));
#991 = CARTESIAN_POINT('',(0.669872981078,67.5));
#992 = CARTESIAN_POINT('',(5.,75.));
#993 = CARTESIAN_POINT('',(9.330127018922,67.5));
#994 = CARTESIAN_POINT('',(13.660254037844,60.));
#995 = CARTESIAN_POINT('',(5.,60.));
#996 = ( GEOMETRIC_REPRESENTATION_CONTEXT(2) 
PARAMETRIC_REPRESENTATION_CONTEXT() REPRESENTATION_CONTEXT('2D SPACE',''
  ) );
#997 = ORIENTED_EDGE('',*,*,#998,.T.);
#998 = EDGE_CURVE('',#971,#285,#999,.T.);
#999 = SURFACE_CURVE('',#1000,(#1004,#1011),.PCURVE_S1.);
#1000 = LINE('',#1001,#1002);
#1001 = CARTESIAN_POINT('',(-40.,35.,0.));
#1002 = VECTOR('',#1003,1.);
#1003 = DIRECTION('',(0.,0.,1.));
#1004 = PCURVE('',#126,#1005);
#1005 = DEFINITIONAL_REPRESENTATION('',(#1006),#1010);
#1006 = LINE('',#1007,#1008);
#1007 = CARTESIAN_POINT('',(-1.570796326795,0.));
#1008 = VECTOR('',#1009,1.);
#1009 = DIRECTION('',(-0.,1.));
#1010 = ( GEOMETRIC_REPRESENTATION_CONTEXT(2) 
PARAMETRIC_REPRESENTATION_CONTEXT() REPRESENTATION_CONTEXT('2D SPACE',''
  ) );
#1011 = PCURVE('',#300,#1012);
#1012 = DEFINITIONAL_REPRESENTATION('',(#1013),#1017);
#1013 = LINE('',#1014,#1015);
#1014 = CARTESIAN_POINT('',(0.,5.));
#1015 = VECTOR('',#1016,1.);
#1016 = DIRECTION('',(1.,0.));
#1017 = ( GEOMETRIC_REPRESENTATION_CONTEXT(2) 
PARAMETRIC_REPRESENTATION_CONTEXT() REPRESENTATION_CONTEXT('2D SPACE',''
  ) );
#1018 = ORIENTED_EDGE('',*,*,#312,.F.);
#1019 = ORIENTED_EDGE('',*,*,#112,.F.);
#1020 = ADVANCED_FACE('',(#1021),#100,.F.);
#1021 = FACE_BOUND('',#1022,.F.);
#1022 = EDGE_LOOP('',(#1023,#1024,#1025,#1048,#1076,#1099,#1123,#1146,
    #1174,#1203,#1231,#1264,#1292,#1313));
#1023 = ORIENTED_EDGE('',*,*,#84,.F.);
#1024 = ORIENTED_EDGE('',*,*,#920,.T.);
#1025 = ORIENTED_EDGE('',*,*,#1026,.T.);
#1026 = EDGE_CURVE('',#921,#1027,#1029,.T.);
#1027 = VERTEX_POINT('',#1028);
#1028 = CARTESIAN_POINT('',(40.,-35.,0.));
#1029 = SURFACE_CURVE('',#1030,(#1034,#1041),.PCURVE_S1.);
#1030 = LINE('',#1031,#1032);
#1031 = CARTESIAN_POINT('',(-45.,-35.,0.));
#1032 = VECTOR('',#1033,1.);
#1033 = DIRECTION('',(1.,0.,0.));
#1034 = PCURVE('',#100,#1035);
#1035 = DEFINITIONAL_REPRESENTATION('',(#1036),#1040);
#1036 = LINE('',#1037,#1038);
#1037 = CARTESIAN_POINT('',(0.,0.));
#1038 = VECTOR('',#1039,1.);
#1039 = DIRECTION('',(1.,0.));
#1040 = ( GEOMETRIC_REPRESENTATION_CONTEXT(2) 
PARAMETRIC_REPRESENTATION_CONTEXT() REPRESENTATION_CONTEXT('2D SPACE',''
  ) );
#1041 = PCURVE('',#182,#1042);
#1042 = DEFINITIONAL_REPRESENTATION('',(#1043),#1047);
#1043 = LINE('',#1044,#1045);
#1044 = CARTESIAN_POINT('',(0.,0.));
#1045 = VECTOR('',#1046,1.);
#1046 = DIRECTION('',(0.,1.));
#1047 = ( GEOMETRIC_REPRESENTATION_CONTEXT(2) 
PARAMETRIC_REPRESENTATION_CONTEXT() REPRESENTATION_CONTEXT('2D SPACE',''
  ) );
#1048 = ORIENTED_EDGE('',*,*,#1049,.F.);
#1049 = EDGE_CURVE('',#1050,#1027,#1052,.T.);
#1050 = VERTEX_POINT('',#1051);
#1051 = CARTESIAN_POINT('',(45.,-30.,0.));
#1052 = SURFACE_CURVE('',#1053,(#1058,#1069),.PCURVE_S1.);
#1053 = CIRCLE('',#1054,5.);
#1054 = AXIS2_PLACEMENT_3D('',#1055,#1056,#1057);
#1055 = CARTESIAN_POINT('',(40.,-30.,0.));
#1056 = DIRECTION('',(-0.,-0.,-1.));
#1057 = DIRECTION('',(0.,-1.,0.));
#1058 = PCURVE('',#100,#1059);
#1059 = DEFINITIONAL_REPRESENTATION('',(#1060),#1068);
#1060 = ( BOUNDED_CURVE() B_SPLINE_CURVE(2,(#1061,#1062,#1063,#1064,
#1065,#1066,#1067),.UNSPECIFIED.,.T.,.F.) B_SPLINE_CURVE_WITH_KNOTS((1,2
    ,2,2,2,1),(-2.094395102393,0.,2.094395102393,4.188790204786,
6.28318530718,8.377580409573),.UNSPECIFIED.) CURVE() 
GEOMETRIC_REPRESENTATION_ITEM() RATIONAL_B_SPLINE_CURVE((1.,0.5,1.,0.5,
1.,0.5,1.)) REPRESENTATION_ITEM('') );
#1061 = CARTESIAN_POINT('',(85.,0.));
#1062 = CARTESIAN_POINT('',(76.339745962156,0.));
#1063 = CARTESIAN_POINT('',(80.669872981078,7.5));
#1064 = CARTESIAN_POINT('',(85.,15.));
#1065 = CARTESIAN_POINT('',(89.330127018922,7.5));
#1066 = CARTESIAN_POINT('',(93.660254037844,7.993605777301E-15));
#1067 = CARTESIAN_POINT('',(85.,0.));
#1068 = ( GEOMETRIC_REPRESENTATION_CONTEXT(2) 
PARAMETRIC_REPRESENTATION_CONTEXT() REPRESENTATION_CONTEXT('2D SPACE',''
  ) );
#1069 = PCURVE('',#215,#1070);
#1070 = DEFINITIONAL_REPRESENTATION('',(#1071),#1075);
#1071 = LINE('',#1072,#1073);
#1072 = CARTESIAN_POINT('',(4.712388980385,-0.));
#1073 = VECTOR('',#1074,1.);
#1074 = DIRECTION('',(-1.,0.));
#1075 = ( GEOMETRIC_REPRESENTATION_CONTEXT(2) 
PARAMETRIC_REPRESENTATION_CONTEXT() REPRESENTATION_CONTEXT('2D SPACE',''
  ) );
#1076 = ORIENTED_EDGE('',*,*,#1077,.T.);
#1077 = EDGE_CURVE('',#1050,#1078,#1080,.T.);
#1078 = VERTEX_POINT('',#1079);
#1079 = CARTESIAN_POINT('',(45.,30.,0.));
#1080 = SURFACE_CURVE('',#1081,(#1085,#1092),.PCURVE_S1.);
#1081 = LINE('',#1082,#1083);
#1082 = CARTESIAN_POINT('',(45.,-35.,0.));
#1083 = VECTOR('',#1084,1.);
#1084 = DIRECTION('',(0.,1.,0.));
#1085 = PCURVE('',#100,#1086);
#1086 = DEFINITIONAL_REPRESENTATION('',(#1087),#1091);
#1087 = LINE('',#1088,#1089);
#1088 = CARTESIAN_POINT('',(90.,0.));
#1089 = VECTOR('',#1090,1.);
#1090 = DIRECTION('',(0.,1.));
#1091 = ( GEOMETRIC_REPRESENTATION_CONTEXT(2) 
PARAMETRIC_REPRESENTATION_CONTEXT() REPRESENTATION_CONTEXT('2D SPACE',''
  ) );
#1092 = PCURVE('',#243,#1093);
#1093 = DEFINITIONAL_REPRESENTATION('',(#1094),#1098);
#1094 = LINE('',#1095,#1096);
#1095 = CARTESIAN_POINT('',(0.,0.));
#1096 = VECTOR('',#1097,1.);
#1097 = DIRECTION('',(0.,-1.));
#1098 = ( GEOMETRIC_REPRESENTATION_CONTEXT(2) 
PARAMETRIC_REPRESENTATION_CONTEXT() REPRESENTATION_CONTEXT('2D SPACE',''
  ) );
#1099 = ORIENTED_EDGE('',*,*,#1100,.T.);
#1100 = EDGE_CURVE('',#1078,#1101,#1103,.T.);
#1101 = VERTEX_POINT('',#1102);
#1102 = CARTESIAN_POINT('',(40.,35.,0.));
#1103 = SURFACE_CURVE('',#1104,(#1109,#1116),.PCURVE_S1.);
#1104 = CIRCLE('',#1105,5.);
#1105 = AXIS2_PLACEMENT_3D('',#1106,#1107,#1108);
#1106 = CARTESIAN_POINT('',(40.,30.,0.));
#1107 = DIRECTION('',(0.,0.,1.));
#1108 = DIRECTION('',(0.,-1.,0.));
#1109 = PCURVE('',#100,#1110);
#1110 = DEFINITIONAL_REPRESENTATION('',(#1111),#1115);
#1111 = CIRCLE('',#1112,5.);
#1112 = AXIS2_PLACEMENT_2D('',#1113,#1114);
#1113 = CARTESIAN_POINT('',(85.,65.));
#1114 = DIRECTION('',(0.,-1.));
#1115 = ( GEOMETRIC_REPRESENTATION_CONTEXT(2) 
PARAMETRIC_REPRESENTATION_CONTEXT() REPRESENTATION_CONTEXT('2D SPACE',''
  ) );
#1116 = PCURVE('',#272,#1117);
#1117 = DEFINITIONAL_REPRESENTATION('',(#1118),#1122);
#1118 = LINE('',#1119,#1120);
#1119 = CARTESIAN_POINT('',(-1.570796326795,0.));
#1120 = VECTOR('',#1121,1.);
#1121 = DIRECTION('',(1.,0.));
#1122 = ( GEOMETRIC_REPRESENTATION_CONTEXT(2) 
PARAMETRIC_REPRESENTATION_CONTEXT() REPRESENTATION_CONTEXT('2D SPACE',''
  ) );
#1123 = ORIENTED_EDGE('',*,*,#1124,.F.);
#1124 = EDGE_CURVE('',#1125,#1101,#1127,.T.);
#1125 = VERTEX_POINT('',#1126);
#1126 = CARTESIAN_POINT('',(12.,35.,0.));
#1127 = SURFACE_CURVE('',#1128,(#1132,#1139),.PCURVE_S1.);
#1128 = LINE('',#1129,#1130);
#1129 = CARTESIAN_POINT('',(-45.,35.,0.));
#1130 = VECTOR('',#1131,1.);
#1131 = DIRECTION('',(1.,0.,0.));
#1132 = PCURVE('',#100,#1133);
#1133 = DEFINITIONAL_REPRESENTATION('',(#1134),#1138);
#1134 = LINE('',#1135,#1136);
#1135 = CARTESIAN_POINT('',(0.,70.));
#1136 = VECTOR('',#1137,1.);
#1137 = DIRECTION('',(1.,0.));
#1138 = ( GEOMETRIC_REPRESENTATION_CONTEXT(2) 
PARAMETRIC_REPRESENTATION_CONTEXT() REPRESENTATION_CONTEXT('2D SPACE',''
  ) );
#1139 = PCURVE('',#300,#1140);
#1140 = DEFINITIONAL_REPRESENTATION('',(#1141),#1145);
#1141 = LINE('',#1142,#1143);
#1142 = CARTESIAN_POINT('',(0.,0.));
#1143 = VECTOR('',#1144,1.);
#1144 = DIRECTION('',(0.,1.));
#1145 = ( GEOMETRIC_REPRESENTATION_CONTEXT(2) 
PARAMETRIC_REPRESENTATION_CONTEXT() REPRESENTATION_CONTEXT('2D SPACE',''
  ) );
#1146 = ORIENTED_EDGE('',*,*,#1147,.T.);
#1147 = EDGE_CURVE('',#1125,#1148,#1150,.T.);
#1148 = VERTEX_POINT('',#1149);
#1149 = CARTESIAN_POINT('',(12.,51.,0.));
#1150 = SURFACE_CURVE('',#1151,(#1155,#1162),.PCURVE_S1.);
#1151 = LINE('',#1152,#1153);
#1152 = CARTESIAN_POINT('',(12.,31.,0.));
#1153 = VECTOR('',#1154,1.);
#1154 = DIRECTION('',(0.,1.,0.));
#1155 = PCURVE('',#100,#1156);
#1156 = DEFINITIONAL_REPRESENTATION('',(#1157),#1161);
#1157 = LINE('',#1158,#1159);
#1158 = CARTESIAN_POINT('',(57.,66.));
#1159 = VECTOR('',#1160,1.);
#1160 = DIRECTION('',(0.,1.));
#1161 = ( GEOMETRIC_REPRESENTATION_CONTEXT(2) 
PARAMETRIC_REPRESENTATION_CONTEXT() REPRESENTATION_CONTEXT('2D SPACE',''
  ) );
#1162 = PCURVE('',#1163,#1168);
#1163 = PLANE('',#1164);
#1164 = AXIS2_PLACEMENT_3D('',#1165,#1166,#1167);
#1165 = CARTESIAN_POINT('',(12.,31.,0.));
#1166 = DIRECTION('',(1.,0.,0.));
#1167 = DIRECTION('',(0.,0.,1.));
#1168 = DEFINITIONAL_REPRESENTATION('',(#1169),#1173);
#1169 = LINE('',#1170,#1171);
#1170 = CARTESIAN_POINT('',(0.,0.));
#1171 = VECTOR('',#1172,1.);
#1172 = DIRECTION('',(0.,-1.));
#1173 = ( GEOMETRIC_REPRESENTATION_CONTEXT(2) 
PARAMETRIC_REPRESENTATION_CONTEXT() REPRESENTATION_CONTEXT('2D SPACE',''
  ) );
#1174 = ORIENTED_EDGE('',*,*,#1175,.T.);
#1175 = EDGE_CURVE('',#1148,#1176,#1178,.T.);
#1176 = VERTEX_POINT('',#1177);
#1177 = CARTESIAN_POINT('',(8.,55.,0.));
#1178 = SURFACE_CURVE('',#1179,(#1184,#1191),.PCURVE_S1.);
#1179 = CIRCLE('',#1180,4.);
#1180 = AXIS2_PLACEMENT_3D('',#1181,#1182,#1183);
#1181 = CARTESIAN_POINT('',(8.,51.,0.));
#1182 = DIRECTION('',(0.,0.,1.));
#1183 = DIRECTION('',(0.,-1.,0.));
#1184 = PCURVE('',#100,#1185);
#1185 = DEFINITIONAL_REPRESENTATION('',(#1186),#1190);
#1186 = CIRCLE('',#1187,4.);
#1187 = AXIS2_PLACEMENT_2D('',#1188,#1189);
#1188 = CARTESIAN_POINT('',(53.,86.));
#1189 = DIRECTION('',(0.,-1.));
#1190 = ( GEOMETRIC_REPRESENTATION_CONTEXT(2) 
PARAMETRIC_REPRESENTATION_CONTEXT() REPRESENTATION_CONTEXT('2D SPACE',''
  ) );
#1191 = PCURVE('',#1192,#1197);
#1192 = CYLINDRICAL_SURFACE('',#1193,4.);
#1193 = AXIS2_PLACEMENT_3D('',#1194,#1195,#1196);
#1194 = CARTESIAN_POINT('',(8.,51.,0.));
#1195 = DIRECTION('',(0.,0.,1.));
#1196 = DIRECTION('',(1.,0.,-0.));
#1197 = DEFINITIONAL_REPRESENTATION('',(#1198),#1202);
#1198 = LINE('',#1199,#1200);
#1199 = CARTESIAN_POINT('',(-1.570796326795,0.));
#1200 = VECTOR('',#1201,1.);
#1201 = DIRECTION('',(1.,0.));
#1202 = ( GEOMETRIC_REPRESENTATION_CONTEXT(2) 
PARAMETRIC_REPRESENTATION_CONTEXT() REPRESENTATION_CONTEXT('2D SPACE',''
  ) );
#1203 = ORIENTED_EDGE('',*,*,#1204,.F.);
#1204 = EDGE_CURVE('',#1205,#1176,#1207,.T.);
#1205 = VERTEX_POINT('',#1206);
#1206 = CARTESIAN_POINT('',(-8.,55.,0.));
#1207 = SURFACE_CURVE('',#1208,(#1212,#1219),.PCURVE_S1.);
#1208 = LINE('',#1209,#1210);
#1209 = CARTESIAN_POINT('',(-12.,55.,0.));
#1210 = VECTOR('',#1211,1.);
#1211 = DIRECTION('',(1.,0.,0.));
#1212 = PCURVE('',#100,#1213);
#1213 = DEFINITIONAL_REPRESENTATION('',(#1214),#1218);
#1214 = LINE('',#1215,#1216);
#1215 = CARTESIAN_POINT('',(33.,90.));
#1216 = VECTOR('',#1217,1.);
#1217 = DIRECTION('',(1.,0.));
#1218 = ( GEOMETRIC_REPRESENTATION_CONTEXT(2) 
PARAMETRIC_REPRESENTATION_CONTEXT() REPRESENTATION_CONTEXT('2D SPACE',''
  ) );
#1219 = PCURVE('',#1220,#1225);
#1220 = PLANE('',#1221);
#1221 = AXIS2_PLACEMENT_3D('',#1222,#1223,#1224);
#1222 = CARTESIAN_POINT('',(-12.,55.,0.));
#1223 = DIRECTION('',(0.,1.,0.));
#1224 = DIRECTION('',(0.,0.,1.));
#1225 = DEFINITIONAL_REPRESENTATION('',(#1226),#1230);
#1226 = LINE('',#1227,#1228);
#1227 = CARTESIAN_POINT('',(0.,0.));
#1228 = VECTOR('',#1229,1.);
#1229 = DIRECTION('',(0.,1.));
#1230 = ( GEOMETRIC_REPRESENTATION_CONTEXT(2) 
PARAMETRIC_REPRESENTATION_CONTEXT() REPRESENTATION_CONTEXT('2D SPACE',''
  ) );
#1231 = ORIENTED_EDGE('',*,*,#1232,.F.);
#1232 = EDGE_CURVE('',#1233,#1205,#1235,.T.);
#1233 = VERTEX_POINT('',#1234);
#1234 = CARTESIAN_POINT('',(-12.,51.,0.));
#1235 = SURFACE_CURVE('',#1236,(#1241,#1252),.PCURVE_S1.);
#1236 = CIRCLE('',#1237,4.);
#1237 = AXIS2_PLACEMENT_3D('',#1238,#1239,#1240);
#1238 = CARTESIAN_POINT('',(-8.,51.,0.));
#1239 = DIRECTION('',(-0.,-0.,-1.));
#1240 = DIRECTION('',(0.,-1.,0.));
#1241 = PCURVE('',#100,#1242);
#1242 = DEFINITIONAL_REPRESENTATION('',(#1243),#1251);
#1243 = ( BOUNDED_CURVE() B_SPLINE_CURVE(2,(#1244,#1245,#1246,#1247,
#1248,#1249,#1250),.UNSPECIFIED.,.T.,.F.) B_SPLINE_CURVE_WITH_KNOTS((1,2
    ,2,2,2,1),(-2.094395102393,0.,2.094395102393,4.188790204786,
6.28318530718,8.377580409573),.UNSPECIFIED.) CURVE() 
GEOMETRIC_REPRESENTATION_ITEM() RATIONAL_B_SPLINE_CURVE((1.,0.5,1.,0.5,
1.,0.5,1.)) REPRESENTATION_ITEM('') );
#1244 = CARTESIAN_POINT('',(37.,82.));
#1245 = CARTESIAN_POINT('',(30.071796769724,82.));
#1246 = CARTESIAN_POINT('',(33.535898384862,88.));
#1247 = CARTESIAN_POINT('',(37.,94.));
#1248 = CARTESIAN_POINT('',(40.464101615138,88.));
#1249 = CARTESIAN_POINT('',(43.928203230276,82.));
#1250 = CARTESIAN_POINT('',(37.,82.));
#1251 = ( GEOMETRIC_REPRESENTATION_CONTEXT(2) 
PARAMETRIC_REPRESENTATION_CONTEXT() REPRESENTATION_CONTEXT('2D SPACE',''
  ) );
#1252 = PCURVE('',#1253,#1258);
#1253 = CYLINDRICAL_SURFACE('',#1254,4.);
#1254 = AXIS2_PLACEMENT_3D('',#1255,#1256,#1257);
#1255 = CARTESIAN_POINT('',(-8.,51.,0.));
#1256 = DIRECTION('',(0.,0.,1.));
#1257 = DIRECTION('',(-1.,-0.,0.));
#1258 = DEFINITIONAL_REPRESENTATION('',(#1259),#1263);
#1259 = LINE('',#1260,#1261);
#1260 = CARTESIAN_POINT('',(1.570796326795,-0.));
#1261 = VECTOR('',#1262,1.);
#1262 = DIRECTION('',(-1.,0.));
#1263 = ( GEOMETRIC_REPRESENTATION_CONTEXT(2) 
PARAMETRIC_REPRESENTATION_CONTEXT() REPRESENTATION_CONTEXT('2D SPACE',''
  ) );
#1264 = ORIENTED_EDGE('',*,*,#1265,.F.);
#1265 = EDGE_CURVE('',#1266,#1233,#1268,.T.);
#1266 = VERTEX_POINT('',#1267);
#1267 = CARTESIAN_POINT('',(-12.,35.,0.));
#1268 = SURFACE_CURVE('',#1269,(#1273,#1280),.PCURVE_S1.);
#1269 = LINE('',#1270,#1271);
#1270 = CARTESIAN_POINT('',(-12.,31.,0.));
#1271 = VECTOR('',#1272,1.);
#1272 = DIRECTION('',(0.,1.,0.));
#1273 = PCURVE('',#100,#1274);
#1274 = DEFINITIONAL_REPRESENTATION('',(#1275),#1279);
#1275 = LINE('',#1276,#1277);
#1276 = CARTESIAN_POINT('',(33.,66.));
#1277 = VECTOR('',#1278,1.);
#1278 = DIRECTION('',(0.,1.));
#1279 = ( GEOMETRIC_REPRESENTATION_CONTEXT(2) 
PARAMETRIC_REPRESENTATION_CONTEXT() REPRESENTATION_CONTEXT('2D SPACE',''
  ) );
#1280 = PCURVE('',#1281,#1286);
#1281 = PLANE('',#1282);
#1282 = AXIS2_PLACEMENT_3D('',#1283,#1284,#1285);
#1283 = CARTESIAN_POINT('',(-12.,31.,0.));
#1284 = DIRECTION('',(1.,0.,0.));
#1285 = DIRECTION('',(0.,0.,1.));
#1286 = DEFINITIONAL_REPRESENTATION('',(#1287),#1291);
#1287 = LINE('',#1288,#1289);
#1288 = CARTESIAN_POINT('',(0.,0.));
#1289 = VECTOR('',#1290,1.);
#1290 = DIRECTION('',(0.,-1.));
#1291 = ( GEOMETRIC_REPRESENTATION_CONTEXT(2) 
PARAMETRIC_REPRESENTATION_CONTEXT() REPRESENTATION_CONTEXT('2D SPACE',''
  ) );
#1292 = ORIENTED_EDGE('',*,*,#1293,.F.);
#1293 = EDGE_CURVE('',#971,#1266,#1294,.T.);
#1294 = SURFACE_CURVE('',#1295,(#1299,#1306),.PCURVE_S1.);
#1295 = LINE('',#1296,#1297);
#1296 = CARTESIAN_POINT('',(-45.,35.,0.));
#1297 = VECTOR('',#1298,1.);
#1298 = DIRECTION('',(1.,0.,0.));
#1299 = PCURVE('',#100,#1300);
#1300 = DEFINITIONAL_REPRESENTATION('',(#1301),#1305);
#1301 = LINE('',#1302,#1303);
#1302 = CARTESIAN_POINT('',(0.,70.));
#1303 = VECTOR('',#1304,1.);
#1304 = DIRECTION('',(1.,0.));
#1305 = ( GEOMETRIC_REPRESENTATION_CONTEXT(2) 
PARAMETRIC_REPRESENTATION_CONTEXT() REPRESENTATION_CONTEXT('2D SPACE',''
  ) );
#1306 = PCURVE('',#300,#1307);
#1307 = DEFINITIONAL_REPRESENTATION('',(#1308),#1312);
#1308 = LINE('',#1309,#1310);
#1309 = CARTESIAN_POINT('',(0.,0.));
#1310 = VECTOR('',#1311,1.);
#1311 = DIRECTION('',(0.,1.));
#1312 = ( GEOMETRIC_REPRESENTATION_CONTEXT(2) 
PARAMETRIC_REPRESENTATION_CONTEXT() REPRESENTATION_CONTEXT('2D SPACE',''
  ) );
#1313 = ORIENTED_EDGE('',*,*,#970,.F.);
#1314 = ADVANCED_FACE('',(#1315),#182,.F.);
#1315 = FACE_BOUND('',#1316,.F.);
#1316 = EDGE_LOOP('',(#1317,#1318,#1319,#1320));
#1317 = ORIENTED_EDGE('',*,*,#1026,.F.);
#1318 = ORIENTED_EDGE('',*,*,#944,.T.);
#1319 = ORIENTED_EDGE('',*,*,#166,.T.);
#1320 = ORIENTED_EDGE('',*,*,#1321,.F.);
#1321 = EDGE_CURVE('',#1027,#167,#1322,.T.);
#1322 = SURFACE_CURVE('',#1323,(#1327,#1334),.PCURVE_S1.);
#1323 = LINE('',#1324,#1325);
#1324 = CARTESIAN_POINT('',(40.,-35.,0.));
#1325 = VECTOR('',#1326,1.);
#1326 = DIRECTION('',(0.,0.,1.));
#1327 = PCURVE('',#182,#1328);
#1328 = DEFINITIONAL_REPRESENTATION('',(#1329),#1333);
#1329 = LINE('',#1330,#1331);
#1330 = CARTESIAN_POINT('',(0.,85.));
#1331 = VECTOR('',#1332,1.);
#1332 = DIRECTION('',(1.,0.));
#1333 = ( GEOMETRIC_REPRESENTATION_CONTEXT(2) 
PARAMETRIC_REPRESENTATION_CONTEXT() REPRESENTATION_CONTEXT('2D SPACE',''
  ) );
#1334 = PCURVE('',#215,#1335);
#1335 = DEFINITIONAL_REPRESENTATION('',(#1336),#1340);
#1336 = LINE('',#1337,#1338);
#1337 = CARTESIAN_POINT('',(-1.570796326795,0.));
#1338 = VECTOR('',#1339,1.);
#1339 = DIRECTION('',(-0.,1.));
#1340 = ( GEOMETRIC_REPRESENTATION_CONTEXT(2) 
PARAMETRIC_REPRESENTATION_CONTEXT() REPRESENTATION_CONTEXT('2D SPACE',''
  ) );
#1341 = ADVANCED_FACE('',(#1342),#300,.T.);
#1342 = FACE_BOUND('',#1343,.T.);
#1343 = EDGE_LOOP('',(#1344,#1345,#1346,#1347,#1368,#1369,#1392,#1418));
#1344 = ORIENTED_EDGE('',*,*,#1293,.F.);
#1345 = ORIENTED_EDGE('',*,*,#998,.T.);
#1346 = ORIENTED_EDGE('',*,*,#284,.T.);
#1347 = ORIENTED_EDGE('',*,*,#1348,.F.);
#1348 = EDGE_CURVE('',#1101,#256,#1349,.T.);
#1349 = SURFACE_CURVE('',#1350,(#1354,#1361),.PCURVE_S1.);
#1350 = LINE('',#1351,#1352);
#1351 = CARTESIAN_POINT('',(40.,35.,0.));
#1352 = VECTOR('',#1353,1.);
#1353 = DIRECTION('',(0.,0.,1.));
#1354 = PCURVE('',#300,#1355);
#1355 = DEFINITIONAL_REPRESENTATION('',(#1356),#1360);
#1356 = LINE('',#1357,#1358);
#1357 = CARTESIAN_POINT('',(0.,85.));
#1358 = VECTOR('',#1359,1.);
#1359 = DIRECTION('',(1.,0.));
#1360 = ( GEOMETRIC_REPRESENTATION_CONTEXT(2) 
PARAMETRIC_REPRESENTATION_CONTEXT() REPRESENTATION_CONTEXT('2D SPACE',''
  ) );
#1361 = PCURVE('',#272,#1362);
#1362 = DEFINITIONAL_REPRESENTATION('',(#1363),#1367);
#1363 = LINE('',#1364,#1365);
#1364 = CARTESIAN_POINT('',(1.570796326795,0.));
#1365 = VECTOR('',#1366,1.);
#1366 = DIRECTION('',(0.,1.));
#1367 = ( GEOMETRIC_REPRESENTATION_CONTEXT(2) 
PARAMETRIC_REPRESENTATION_CONTEXT() REPRESENTATION_CONTEXT('2D SPACE',''
  ) );
#1368 = ORIENTED_EDGE('',*,*,#1124,.F.);
#1369 = ORIENTED_EDGE('',*,*,#1370,.T.);
#1370 = EDGE_CURVE('',#1125,#1371,#1373,.T.);
#1371 = VERTEX_POINT('',#1372);
#1372 = CARTESIAN_POINT('',(12.,35.,10.));
#1373 = SURFACE_CURVE('',#1374,(#1378,#1385),.PCURVE_S1.);
#1374 = LINE('',#1375,#1376);
#1375 = CARTESIAN_POINT('',(12.,35.,0.));
#1376 = VECTOR('',#1377,1.);
#1377 = DIRECTION('',(0.,0.,1.));
#1378 = PCURVE('',#300,#1379);
#1379 = DEFINITIONAL_REPRESENTATION('',(#1380),#1384);
#1380 = LINE('',#1381,#1382);
#1381 = CARTESIAN_POINT('',(0.,57.));
#1382 = VECTOR('',#1383,1.);
#1383 = DIRECTION('',(1.,0.));
#1384 = ( GEOMETRIC_REPRESENTATION_CONTEXT(2) 
PARAMETRIC_REPRESENTATION_CONTEXT() REPRESENTATION_CONTEXT('2D SPACE',''
  ) );
#1385 = PCURVE('',#1163,#1386);
#1386 = DEFINITIONAL_REPRESENTATION('',(#1387),#1391);
#1387 = LINE('',#1388,#1389);
#1388 = CARTESIAN_POINT('',(0.,-4.));
#1389 = VECTOR('',#1390,1.);
#1390 = DIRECTION('',(1.,0.));
#1391 = ( GEOMETRIC_REPRESENTATION_CONTEXT(2) 
PARAMETRIC_REPRESENTATION_CONTEXT() REPRESENTATION_CONTEXT('2D SPACE',''
  ) );
#1392 = ORIENTED_EDGE('',*,*,#1393,.F.);
#1393 = EDGE_CURVE('',#1394,#1371,#1396,.T.);
#1394 = VERTEX_POINT('',#1395);
#1395 = CARTESIAN_POINT('',(-12.,35.,10.));
#1396 = SURFACE_CURVE('',#1397,(#1401,#1407),.PCURVE_S1.);
#1397 = LINE('',#1398,#1399);
#1398 = CARTESIAN_POINT('',(-28.5,35.,10.));
#1399 = VECTOR('',#1400,1.);
#1400 = DIRECTION('',(1.,0.,0.));
#1401 = PCURVE('',#300,#1402);
#1402 = DEFINITIONAL_REPRESENTATION('',(#1403),#1406);
#1403 = B_SPLINE_CURVE_WITH_KNOTS('',1,(#1404,#1405),.UNSPECIFIED.,.F.,
  .F.,(2,2),(16.5,40.5),.PIECEWISE_BEZIER_KNOTS.);
#1404 = CARTESIAN_POINT('',(10.,33.));
#1405 = CARTESIAN_POINT('',(10.,57.));
#1406 = ( GEOMETRIC_REPRESENTATION_CONTEXT(2) 
PARAMETRIC_REPRESENTATION_CONTEXT() REPRESENTATION_CONTEXT('2D SPACE',''
  ) );
#1407 = PCURVE('',#1408,#1413);
#1408 = PLANE('',#1409);
#1409 = AXIS2_PLACEMENT_3D('',#1410,#1411,#1412);
#1410 = CARTESIAN_POINT('',(-12.,31.,10.));
#1411 = DIRECTION('',(0.,0.,1.));
#1412 = DIRECTION('',(1.,0.,0.));
#1413 = DEFINITIONAL_REPRESENTATION('',(#1414),#1417);
#1414 = B_SPLINE_CURVE_WITH_KNOTS('',1,(#1415,#1416),.UNSPECIFIED.,.F.,
  .F.,(2,2),(16.5,40.5),.PIECEWISE_BEZIER_KNOTS.);
#1415 = CARTESIAN_POINT('',(0.,4.));
#1416 = CARTESIAN_POINT('',(24.,4.));
#1417 = ( GEOMETRIC_REPRESENTATION_CONTEXT(2) 
PARAMETRIC_REPRESENTATION_CONTEXT() REPRESENTATION_CONTEXT('2D SPACE',''
  ) );
#1418 = ORIENTED_EDGE('',*,*,#1419,.F.);
#1419 = EDGE_CURVE('',#1266,#1394,#1420,.T.);
#1420 = SURFACE_CURVE('',#1421,(#1425,#1432),.PCURVE_S1.);
#1421 = LINE('',#1422,#1423);
#1422 = CARTESIAN_POINT('',(-12.,35.,0.));
#1423 = VECTOR('',#1424,1.);
#1424 = DIRECTION('',(0.,0.,1.));
#1425 = PCURVE('',#300,#1426);
#1426 = DEFINITIONAL_REPRESENTATION('',(#1427),#1431);
#1427 = LINE('',#1428,#1429);
#1428 = CARTESIAN_POINT('',(0.,33.));
#1429 = VECTOR('',#1430,1.);
#1430 = DIRECTION('',(1.,0.));
#1431 = ( GEOMETRIC_REPRESENTATION_CONTEXT(2) 
PARAMETRIC_REPRESENTATION_CONTEXT() REPRESENTATION_CONTEXT('2D SPACE',''
  ) );
#1432 = PCURVE('',#1281,#1433);
#1433 = DEFINITIONAL_REPRESENTATION('',(#1434),#1438);
#1434 = LINE('',#1435,#1436);
#1435 = CARTESIAN_POINT('',(0.,-4.));
#1436 = VECTOR('',#1437,1.);
#1437 = DIRECTION('',(1.,0.));
#1438 = ( GEOMETRIC_REPRESENTATION_CONTEXT(2) 
PARAMETRIC_REPRESENTATION_CONTEXT() REPRESENTATION_CONTEXT('2D SPACE',''
  ) );
#1439 = ADVANCED_FACE('',(#1440),#215,.T.);
#1440 = FACE_BOUND('',#1441,.F.);
#1441 = EDGE_LOOP('',(#1442,#1443,#1444,#1445));
#1442 = ORIENTED_EDGE('',*,*,#1049,.T.);
#1443 = ORIENTED_EDGE('',*,*,#1321,.T.);
#1444 = ORIENTED_EDGE('',*,*,#194,.F.);
#1445 = ORIENTED_EDGE('',*,*,#1446,.F.);
#1446 = EDGE_CURVE('',#1050,#195,#1447,.T.);
#1447 = SURFACE_CURVE('',#1448,(#1452,#1459),.PCURVE_S1.);
#1448 = LINE('',#1449,#1450);
#1449 = CARTESIAN_POINT('',(45.,-30.,0.));
#1450 = VECTOR('',#1451,1.);
#1451 = DIRECTION('',(0.,0.,1.));
#1452 = PCURVE('',#215,#1453);
#1453 = DEFINITIONAL_REPRESENTATION('',(#1454),#1458);
#1454 = LINE('',#1455,#1456);
#1455 = CARTESIAN_POINT('',(-0.,0.));
#1456 = VECTOR('',#1457,1.);
#1457 = DIRECTION('',(-0.,1.));
#1458 = ( GEOMETRIC_REPRESENTATION_CONTEXT(2) 
PARAMETRIC_REPRESENTATION_CONTEXT() REPRESENTATION_CONTEXT('2D SPACE',''
  ) );
#1459 = PCURVE('',#243,#1460);
#1460 = DEFINITIONAL_REPRESENTATION('',(#1461),#1465);
#1461 = LINE('',#1462,#1463);
#1462 = CARTESIAN_POINT('',(0.,-5.));
#1463 = VECTOR('',#1464,1.);
#1464 = DIRECTION('',(1.,0.));
#1465 = ( GEOMETRIC_REPRESENTATION_CONTEXT(2) 
PARAMETRIC_REPRESENTATION_CONTEXT() REPRESENTATION_CONTEXT('2D SPACE',''
  ) );
#1466 = ADVANCED_FACE('',(#1467),#272,.T.);
#1467 = FACE_BOUND('',#1468,.T.);
#1468 = EDGE_LOOP('',(#1469,#1470,#1471,#1472));
#1469 = ORIENTED_EDGE('',*,*,#1100,.T.);
#1470 = ORIENTED_EDGE('',*,*,#1348,.T.);
#1471 = ORIENTED_EDGE('',*,*,#255,.F.);
#1472 = ORIENTED_EDGE('',*,*,#1473,.F.);
#1473 = EDGE_CURVE('',#1078,#228,#1474,.T.);
#1474 = SURFACE_CURVE('',#1475,(#1479,#1486),.PCURVE_S1.);
#1475 = LINE('',#1476,#1477);
#1476 = CARTESIAN_POINT('',(45.,30.,0.));
#1477 = VECTOR('',#1478,1.);
#1478 = DIRECTION('',(0.,0.,1.));
#1479 = PCURVE('',#272,#1480);
#1480 = DEFINITIONAL_REPRESENTATION('',(#1481),#1485);
#1481 = LINE('',#1482,#1483);
#1482 = CARTESIAN_POINT('',(0.,0.));
#1483 = VECTOR('',#1484,1.);
#1484 = DIRECTION('',(0.,1.));
#1485 = ( GEOMETRIC_REPRESENTATION_CONTEXT(2) 
PARAMETRIC_REPRESENTATION_CONTEXT() REPRESENTATION_CONTEXT('2D SPACE',''
  ) );
#1486 = PCURVE('',#243,#1487);
#1487 = DEFINITIONAL_REPRESENTATION('',(#1488),#1492);
#1488 = LINE('',#1489,#1490);
#1489 = CARTESIAN_POINT('',(0.,-65.));
#1490 = VECTOR('',#1491,1.);
#1491 = DIRECTION('',(1.,0.));
#1492 = ( GEOMETRIC_REPRESENTATION_CONTEXT(2) 
PARAMETRIC_REPRESENTATION_CONTEXT() REPRESENTATION_CONTEXT('2D SPACE',''
  ) );
#1493 = ADVANCED_FACE('',(#1494),#243,.T.);
#1494 = FACE_BOUND('',#1495,.T.);
#1495 = EDGE_LOOP('',(#1496,#1497,#1498,#1499));
#1496 = ORIENTED_EDGE('',*,*,#227,.F.);
#1497 = ORIENTED_EDGE('',*,*,#1446,.F.);
#1498 = ORIENTED_EDGE('',*,*,#1077,.T.);
#1499 = ORIENTED_EDGE('',*,*,#1473,.T.);
#1500 = ADVANCED_FACE('',(#1501),#359,.F.);
#1501 = FACE_BOUND('',#1502,.T.);
#1502 = EDGE_LOOP('',(#1503,#1504,#1526,#1527));
#1503 = ORIENTED_EDGE('',*,*,#526,.T.);
#1504 = ORIENTED_EDGE('',*,*,#1505,.F.);
#1505 = EDGE_CURVE('',#341,#376,#1506,.T.);
#1506 = SURFACE_CURVE('',#1507,(#1512,#1519),.PCURVE_S1.);
#1507 = CIRCLE('',#1508,10.8);
#1508 = AXIS2_PLACEMENT_3D('',#1509,#1510,#1511);
#1509 = CARTESIAN_POINT('',(4.233273211466,7.919583087074,
    27.238746078696));
#1510 = DIRECTION('',(-0.90681893547,-0.373396032252,-0.195588397846));
#1511 = DIRECTION('',(-0.420932009893,0.82667505475,0.373396032252));
#1512 = PCURVE('',#359,#1513);
#1513 = DEFINITIONAL_REPRESENTATION('',(#1514),#1518);
#1514 = LINE('',#1515,#1516);
#1515 = CARTESIAN_POINT('',(-1.570796326795,-1.5));
#1516 = VECTOR('',#1517,1.);
#1517 = DIRECTION('',(-1.,0.));
#1518 = ( GEOMETRIC_REPRESENTATION_CONTEXT(2) 
PARAMETRIC_REPRESENTATION_CONTEXT() REPRESENTATION_CONTEXT('2D SPACE',''
  ) );
#1519 = PCURVE('',#473,#1520);
#1520 = DEFINITIONAL_REPRESENTATION('',(#1521),#1525);
#1521 = LINE('',#1522,#1523);
#1522 = CARTESIAN_POINT('',(-0.,0.));
#1523 = VECTOR('',#1524,1.);
#1524 = DIRECTION('',(-1.,0.));
#1525 = ( GEOMETRIC_REPRESENTATION_CONTEXT(2) 
PARAMETRIC_REPRESENTATION_CONTEXT() REPRESENTATION_CONTEXT('2D SPACE',''
  ) );
#1526 = ORIENTED_EDGE('',*,*,#340,.T.);
#1527 = ORIENTED_EDGE('',*,*,#1528,.T.);
#1528 = EDGE_CURVE('',#343,#527,#1529,.T.);
#1529 = SURFACE_CURVE('',#1530,(#1535,#1542),.PCURVE_S1.);
#1530 = CIRCLE('',#1531,10.8);
#1531 = AXIS2_PLACEMENT_3D('',#1532,#1533,#1534);
#1532 = CARTESIAN_POINT('',(-3.565369633572,4.708377209706,
    25.556685857217));
#1533 = DIRECTION('',(-0.90681893547,-0.373396032252,-0.195588397846));
#1534 = DIRECTION('',(-0.420932009893,0.82667505475,0.373396032252));
#1535 = PCURVE('',#359,#1536);
#1536 = DEFINITIONAL_REPRESENTATION('',(#1537),#1541);
#1537 = LINE('',#1538,#1539);
#1538 = CARTESIAN_POINT('',(-1.570796326795,-10.1));
#1539 = VECTOR('',#1540,1.);
#1540 = DIRECTION('',(-1.,0.));
#1541 = ( GEOMETRIC_REPRESENTATION_CONTEXT(2) 
PARAMETRIC_REPRESENTATION_CONTEXT() REPRESENTATION_CONTEXT('2D SPACE',''
  ) );
#1542 = PCURVE('',#666,#1543);
#1543 = DEFINITIONAL_REPRESENTATION('',(#1544),#1548);
#1544 = LINE('',#1545,#1546);
#1545 = CARTESIAN_POINT('',(0.,0.));
#1546 = VECTOR('',#1547,1.);
#1547 = DIRECTION('',(1.,0.));
#1548 = ( GEOMETRIC_REPRESENTATION_CONTEXT(2) 
PARAMETRIC_REPRESENTATION_CONTEXT() REPRESENTATION_CONTEXT('2D SPACE',''
  ) );
#1549 = ADVANCED_FACE('',(#1550),#666,.F.);
#1550 = FACE_BOUND('',#1551,.F.);
#1551 = EDGE_LOOP('',(#1552,#1553,#1554,#1555));
#1552 = ORIENTED_EDGE('',*,*,#752,.F.);
#1553 = ORIENTED_EDGE('',*,*,#1528,.T.);
#1554 = ORIENTED_EDGE('',*,*,#554,.T.);
#1555 = ORIENTED_EDGE('',*,*,#1556,.F.);
#1556 = EDGE_CURVE('',#727,#555,#1557,.T.);
#1557 = SURFACE_CURVE('',#1558,(#1563,#1570),.PCURVE_S1.);
#1558 = CIRCLE('',#1559,9.3);
#1559 = AXIS2_PLACEMENT_3D('',#1560,#1561,#1562);
#1560 = CARTESIAN_POINT('',(-4.925598036777,4.148283161327,
    25.263303260447));
#1561 = DIRECTION('',(-0.90681893547,-0.373396032252,-0.195588397846));
#1562 = DIRECTION('',(-0.420932009893,0.82667505475,0.373396032252));
#1563 = PCURVE('',#666,#1564);
#1564 = DEFINITIONAL_REPRESENTATION('',(#1565),#1569);
#1565 = LINE('',#1566,#1567);
#1566 = CARTESIAN_POINT('',(0.,1.570796326795));
#1567 = VECTOR('',#1568,1.);
#1568 = DIRECTION('',(1.,0.));
#1569 = ( GEOMETRIC_REPRESENTATION_CONTEXT(2) 
PARAMETRIC_REPRESENTATION_CONTEXT() REPRESENTATION_CONTEXT('2D SPACE',''
  ) );
#1570 = PCURVE('',#741,#1571);
#1571 = DEFINITIONAL_REPRESENTATION('',(#1572),#1576);
#1572 = CIRCLE('',#1573,9.3);
#1573 = AXIS2_PLACEMENT_2D('',#1574,#1575);
#1574 = CARTESIAN_POINT('',(-15.,-8.881784197001E-16));
#1575 = DIRECTION('',(1.110223024625E-16,1.));
#1576 = ( GEOMETRIC_REPRESENTATION_CONTEXT(2) 
PARAMETRIC_REPRESENTATION_CONTEXT() REPRESENTATION_CONTEXT('2D SPACE',''
  ) );
#1577 = ADVANCED_FACE('',(#1578),#741,.F.);
#1578 = FACE_BOUND('',#1579,.F.);
#1579 = EDGE_LOOP('',(#1580,#1581));
#1580 = ORIENTED_EDGE('',*,*,#1556,.T.);
#1581 = ORIENTED_EDGE('',*,*,#726,.F.);
#1582 = ADVANCED_FACE('',(#1583),#473,.F.);
#1583 = FACE_BOUND('',#1584,.T.);
#1584 = EDGE_LOOP('',(#1585,#1586));
#1585 = ORIENTED_EDGE('',*,*,#375,.F.);
#1586 = ORIENTED_EDGE('',*,*,#1505,.T.);
#1587 = ADVANCED_FACE('',(#1588),#1163,.T.);
#1588 = FACE_BOUND('',#1589,.T.);
#1589 = EDGE_LOOP('',(#1590,#1613,#1614,#1615));
#1590 = ORIENTED_EDGE('',*,*,#1591,.F.);
#1591 = EDGE_CURVE('',#1371,#1592,#1594,.T.);
#1592 = VERTEX_POINT('',#1593);
#1593 = CARTESIAN_POINT('',(12.,51.,10.));
#1594 = SURFACE_CURVE('',#1595,(#1599,#1606),.PCURVE_S1.);
#1595 = LINE('',#1596,#1597);
#1596 = CARTESIAN_POINT('',(12.,31.,10.));
#1597 = VECTOR('',#1598,1.);
#1598 = DIRECTION('',(0.,1.,0.));
#1599 = PCURVE('',#1163,#1600);
#1600 = DEFINITIONAL_REPRESENTATION('',(#1601),#1605);
#1601 = LINE('',#1602,#1603);
#1602 = CARTESIAN_POINT('',(10.,0.));
#1603 = VECTOR('',#1604,1.);
#1604 = DIRECTION('',(0.,-1.));
#1605 = ( GEOMETRIC_REPRESENTATION_CONTEXT(2) 
PARAMETRIC_REPRESENTATION_CONTEXT() REPRESENTATION_CONTEXT('2D SPACE',''
  ) );
#1606 = PCURVE('',#1408,#1607);
#1607 = DEFINITIONAL_REPRESENTATION('',(#1608),#1612);
#1608 = LINE('',#1609,#1610);
#1609 = CARTESIAN_POINT('',(24.,0.));
#1610 = VECTOR('',#1611,1.);
#1611 = DIRECTION('',(0.,1.));
#1612 = ( GEOMETRIC_REPRESENTATION_CONTEXT(2) 
PARAMETRIC_REPRESENTATION_CONTEXT() REPRESENTATION_CONTEXT('2D SPACE',''
  ) );
#1613 = ORIENTED_EDGE('',*,*,#1370,.F.);
#1614 = ORIENTED_EDGE('',*,*,#1147,.T.);
#1615 = ORIENTED_EDGE('',*,*,#1616,.T.);
#1616 = EDGE_CURVE('',#1148,#1592,#1617,.T.);
#1617 = SURFACE_CURVE('',#1618,(#1622,#1629),.PCURVE_S1.);
#1618 = LINE('',#1619,#1620);
#1619 = CARTESIAN_POINT('',(12.,51.,0.));
#1620 = VECTOR('',#1621,1.);
#1621 = DIRECTION('',(0.,0.,1.));
#1622 = PCURVE('',#1163,#1623);
#1623 = DEFINITIONAL_REPRESENTATION('',(#1624),#1628);
#1624 = LINE('',#1625,#1626);
#1625 = CARTESIAN_POINT('',(0.,-20.));
#1626 = VECTOR('',#1627,1.);
#1627 = DIRECTION('',(1.,0.));
#1628 = ( GEOMETRIC_REPRESENTATION_CONTEXT(2) 
PARAMETRIC_REPRESENTATION_CONTEXT() REPRESENTATION_CONTEXT('2D SPACE',''
  ) );
#1629 = PCURVE('',#1192,#1630);
#1630 = DEFINITIONAL_REPRESENTATION('',(#1631),#1635);
#1631 = LINE('',#1632,#1633);
#1632 = CARTESIAN_POINT('',(0.,0.));
#1633 = VECTOR('',#1634,1.);
#1634 = DIRECTION('',(0.,1.));
#1635 = ( GEOMETRIC_REPRESENTATION_CONTEXT(2) 
PARAMETRIC_REPRESENTATION_CONTEXT() REPRESENTATION_CONTEXT('2D SPACE',''
  ) );
#1636 = ADVANCED_FACE('',(#1637),#1192,.T.);
#1637 = FACE_BOUND('',#1638,.T.);
#1638 = EDGE_LOOP('',(#1639,#1640,#1663,#1685));
#1639 = ORIENTED_EDGE('',*,*,#1175,.T.);
#1640 = ORIENTED_EDGE('',*,*,#1641,.T.);
#1641 = EDGE_CURVE('',#1176,#1642,#1644,.T.);
#1642 = VERTEX_POINT('',#1643);
#1643 = CARTESIAN_POINT('',(8.,55.,10.));
#1644 = SURFACE_CURVE('',#1645,(#1649,#1656),.PCURVE_S1.);
#1645 = LINE('',#1646,#1647);
#1646 = CARTESIAN_POINT('',(8.,55.,0.));
#1647 = VECTOR('',#1648,1.);
#1648 = DIRECTION('',(0.,0.,1.));
#1649 = PCURVE('',#1192,#1650);
#1650 = DEFINITIONAL_REPRESENTATION('',(#1651),#1655);
#1651 = LINE('',#1652,#1653);
#1652 = CARTESIAN_POINT('',(1.570796326795,0.));
#1653 = VECTOR('',#1654,1.);
#1654 = DIRECTION('',(0.,1.));
#1655 = ( GEOMETRIC_REPRESENTATION_CONTEXT(2) 
PARAMETRIC_REPRESENTATION_CONTEXT() REPRESENTATION_CONTEXT('2D SPACE',''
  ) );
#1656 = PCURVE('',#1220,#1657);
#1657 = DEFINITIONAL_REPRESENTATION('',(#1658),#1662);
#1658 = LINE('',#1659,#1660);
#1659 = CARTESIAN_POINT('',(0.,20.));
#1660 = VECTOR('',#1661,1.);
#1661 = DIRECTION('',(1.,0.));
#1662 = ( GEOMETRIC_REPRESENTATION_CONTEXT(2) 
PARAMETRIC_REPRESENTATION_CONTEXT() REPRESENTATION_CONTEXT('2D SPACE',''
  ) );
#1663 = ORIENTED_EDGE('',*,*,#1664,.F.);
#1664 = EDGE_CURVE('',#1592,#1642,#1665,.T.);
#1665 = SURFACE_CURVE('',#1666,(#1671,#1678),.PCURVE_S1.);
#1666 = CIRCLE('',#1667,4.);
#1667 = AXIS2_PLACEMENT_3D('',#1668,#1669,#1670);
#1668 = CARTESIAN_POINT('',(8.,51.,10.));
#1669 = DIRECTION('',(0.,0.,1.));
#1670 = DIRECTION('',(0.,-1.,0.));
#1671 = PCURVE('',#1192,#1672);
#1672 = DEFINITIONAL_REPRESENTATION('',(#1673),#1677);
#1673 = LINE('',#1674,#1675);
#1674 = CARTESIAN_POINT('',(-1.570796326795,10.));
#1675 = VECTOR('',#1676,1.);
#1676 = DIRECTION('',(1.,0.));
#1677 = ( GEOMETRIC_REPRESENTATION_CONTEXT(2) 
PARAMETRIC_REPRESENTATION_CONTEXT() REPRESENTATION_CONTEXT('2D SPACE',''
  ) );
#1678 = PCURVE('',#1408,#1679);
#1679 = DEFINITIONAL_REPRESENTATION('',(#1680),#1684);
#1680 = CIRCLE('',#1681,4.);
#1681 = AXIS2_PLACEMENT_2D('',#1682,#1683);
#1682 = CARTESIAN_POINT('',(20.,20.));
#1683 = DIRECTION('',(0.,-1.));
#1684 = ( GEOMETRIC_REPRESENTATION_CONTEXT(2) 
PARAMETRIC_REPRESENTATION_CONTEXT() REPRESENTATION_CONTEXT('2D SPACE',''
  ) );
#1685 = ORIENTED_EDGE('',*,*,#1616,.F.);
#1686 = ADVANCED_FACE('',(#1687),#1220,.T.);
#1687 = FACE_BOUND('',#1688,.T.);
#1688 = EDGE_LOOP('',(#1689,#1690,#1713,#1734));
#1689 = ORIENTED_EDGE('',*,*,#1204,.F.);
#1690 = ORIENTED_EDGE('',*,*,#1691,.T.);
#1691 = EDGE_CURVE('',#1205,#1692,#1694,.T.);
#1692 = VERTEX_POINT('',#1693);
#1693 = CARTESIAN_POINT('',(-8.,55.,10.));
#1694 = SURFACE_CURVE('',#1695,(#1699,#1706),.PCURVE_S1.);
#1695 = LINE('',#1696,#1697);
#1696 = CARTESIAN_POINT('',(-8.,55.,0.));
#1697 = VECTOR('',#1698,1.);
#1698 = DIRECTION('',(0.,0.,1.));
#1699 = PCURVE('',#1220,#1700);
#1700 = DEFINITIONAL_REPRESENTATION('',(#1701),#1705);
#1701 = LINE('',#1702,#1703);
#1702 = CARTESIAN_POINT('',(0.,4.));
#1703 = VECTOR('',#1704,1.);
#1704 = DIRECTION('',(1.,0.));
#1705 = ( GEOMETRIC_REPRESENTATION_CONTEXT(2) 
PARAMETRIC_REPRESENTATION_CONTEXT() REPRESENTATION_CONTEXT('2D SPACE',''
  ) );
#1706 = PCURVE('',#1253,#1707);
#1707 = DEFINITIONAL_REPRESENTATION('',(#1708),#1712);
#1708 = LINE('',#1709,#1710);
#1709 = CARTESIAN_POINT('',(-1.570796326795,0.));
#1710 = VECTOR('',#1711,1.);
#1711 = DIRECTION('',(-0.,1.));
#1712 = ( GEOMETRIC_REPRESENTATION_CONTEXT(2) 
PARAMETRIC_REPRESENTATION_CONTEXT() REPRESENTATION_CONTEXT('2D SPACE',''
  ) );
#1713 = ORIENTED_EDGE('',*,*,#1714,.T.);
#1714 = EDGE_CURVE('',#1692,#1642,#1715,.T.);
#1715 = SURFACE_CURVE('',#1716,(#1720,#1727),.PCURVE_S1.);
#1716 = LINE('',#1717,#1718);
#1717 = CARTESIAN_POINT('',(-12.,55.,10.));
#1718 = VECTOR('',#1719,1.);
#1719 = DIRECTION('',(1.,0.,0.));
#1720 = PCURVE('',#1220,#1721);
#1721 = DEFINITIONAL_REPRESENTATION('',(#1722),#1726);
#1722 = LINE('',#1723,#1724);
#1723 = CARTESIAN_POINT('',(10.,0.));
#1724 = VECTOR('',#1725,1.);
#1725 = DIRECTION('',(0.,1.));
#1726 = ( GEOMETRIC_REPRESENTATION_CONTEXT(2) 
PARAMETRIC_REPRESENTATION_CONTEXT() REPRESENTATION_CONTEXT('2D SPACE',''
  ) );
#1727 = PCURVE('',#1408,#1728);
#1728 = DEFINITIONAL_REPRESENTATION('',(#1729),#1733);
#1729 = LINE('',#1730,#1731);
#1730 = CARTESIAN_POINT('',(0.,24.));
#1731 = VECTOR('',#1732,1.);
#1732 = DIRECTION('',(1.,0.));
#1733 = ( GEOMETRIC_REPRESENTATION_CONTEXT(2) 
PARAMETRIC_REPRESENTATION_CONTEXT() REPRESENTATION_CONTEXT('2D SPACE',''
  ) );
#1734 = ORIENTED_EDGE('',*,*,#1641,.F.);
#1735 = ADVANCED_FACE('',(#1736),#1253,.T.);
#1736 = FACE_BOUND('',#1737,.F.);
#1737 = EDGE_LOOP('',(#1738,#1739,#1740,#1768));
#1738 = ORIENTED_EDGE('',*,*,#1232,.T.);
#1739 = ORIENTED_EDGE('',*,*,#1691,.T.);
#1740 = ORIENTED_EDGE('',*,*,#1741,.F.);
#1741 = EDGE_CURVE('',#1742,#1692,#1744,.T.);
#1742 = VERTEX_POINT('',#1743);
#1743 = CARTESIAN_POINT('',(-12.,51.,10.));
#1744 = SURFACE_CURVE('',#1745,(#1750,#1757),.PCURVE_S1.);
#1745 = CIRCLE('',#1746,4.);
#1746 = AXIS2_PLACEMENT_3D('',#1747,#1748,#1749);
#1747 = CARTESIAN_POINT('',(-8.,51.,10.));
#1748 = DIRECTION('',(-0.,-0.,-1.));
#1749 = DIRECTION('',(0.,-1.,0.));
#1750 = PCURVE('',#1253,#1751);
#1751 = DEFINITIONAL_REPRESENTATION('',(#1752),#1756);
#1752 = LINE('',#1753,#1754);
#1753 = CARTESIAN_POINT('',(1.570796326795,10.));
#1754 = VECTOR('',#1755,1.);
#1755 = DIRECTION('',(-1.,0.));
#1756 = ( GEOMETRIC_REPRESENTATION_CONTEXT(2) 
PARAMETRIC_REPRESENTATION_CONTEXT() REPRESENTATION_CONTEXT('2D SPACE',''
  ) );
#1757 = PCURVE('',#1408,#1758);
#1758 = DEFINITIONAL_REPRESENTATION('',(#1759),#1767);
#1759 = ( BOUNDED_CURVE() B_SPLINE_CURVE(2,(#1760,#1761,#1762,#1763,
#1764,#1765,#1766),.UNSPECIFIED.,.T.,.F.) B_SPLINE_CURVE_WITH_KNOTS((1,2
    ,2,2,2,1),(-2.094395102393,0.,2.094395102393,4.188790204786,
6.28318530718,8.377580409573),.UNSPECIFIED.) CURVE() 
GEOMETRIC_REPRESENTATION_ITEM() RATIONAL_B_SPLINE_CURVE((1.,0.5,1.,0.5,
1.,0.5,1.)) REPRESENTATION_ITEM('') );
#1760 = CARTESIAN_POINT('',(4.,16.));
#1761 = CARTESIAN_POINT('',(-2.928203230276,16.));
#1762 = CARTESIAN_POINT('',(0.535898384862,22.));
#1763 = CARTESIAN_POINT('',(4.,28.));
#1764 = CARTESIAN_POINT('',(7.464101615138,22.));
#1765 = CARTESIAN_POINT('',(10.928203230276,16.));
#1766 = CARTESIAN_POINT('',(4.,16.));
#1767 = ( GEOMETRIC_REPRESENTATION_CONTEXT(2) 
PARAMETRIC_REPRESENTATION_CONTEXT() REPRESENTATION_CONTEXT('2D SPACE',''
  ) );
#1768 = ORIENTED_EDGE('',*,*,#1769,.F.);
#1769 = EDGE_CURVE('',#1233,#1742,#1770,.T.);
#1770 = SURFACE_CURVE('',#1771,(#1775,#1782),.PCURVE_S1.);
#1771 = LINE('',#1772,#1773);
#1772 = CARTESIAN_POINT('',(-12.,51.,0.));
#1773 = VECTOR('',#1774,1.);
#1774 = DIRECTION('',(0.,0.,1.));
#1775 = PCURVE('',#1253,#1776);
#1776 = DEFINITIONAL_REPRESENTATION('',(#1777),#1781);
#1777 = LINE('',#1778,#1779);
#1778 = CARTESIAN_POINT('',(-0.,0.));
#1779 = VECTOR('',#1780,1.);
#1780 = DIRECTION('',(-0.,1.));
#1781 = ( GEOMETRIC_REPRESENTATION_CONTEXT(2) 
PARAMETRIC_REPRESENTATION_CONTEXT() REPRESENTATION_CONTEXT('2D SPACE',''
  ) );
#1782 = PCURVE('',#1281,#1783);
#1783 = DEFINITIONAL_REPRESENTATION('',(#1784),#1788);
#1784 = LINE('',#1785,#1786);
#1785 = CARTESIAN_POINT('',(0.,-20.));
#1786 = VECTOR('',#1787,1.);
#1787 = DIRECTION('',(1.,0.));
#1788 = ( GEOMETRIC_REPRESENTATION_CONTEXT(2) 
PARAMETRIC_REPRESENTATION_CONTEXT() REPRESENTATION_CONTEXT('2D SPACE',''
  ) );
#1789 = ADVANCED_FACE('',(#1790),#1281,.F.);
#1790 = FACE_BOUND('',#1791,.F.);
#1791 = EDGE_LOOP('',(#1792,#1813,#1814,#1815));
#1792 = ORIENTED_EDGE('',*,*,#1793,.F.);
#1793 = EDGE_CURVE('',#1394,#1742,#1794,.T.);
#1794 = SURFACE_CURVE('',#1795,(#1799,#1806),.PCURVE_S1.);
#1795 = LINE('',#1796,#1797);
#1796 = CARTESIAN_POINT('',(-12.,31.,10.));
#1797 = VECTOR('',#1798,1.);
#1798 = DIRECTION('',(0.,1.,0.));
#1799 = PCURVE('',#1281,#1800);
#1800 = DEFINITIONAL_REPRESENTATION('',(#1801),#1805);
#1801 = LINE('',#1802,#1803);
#1802 = CARTESIAN_POINT('',(10.,0.));
#1803 = VECTOR('',#1804,1.);
#1804 = DIRECTION('',(0.,-1.));
#1805 = ( GEOMETRIC_REPRESENTATION_CONTEXT(2) 
PARAMETRIC_REPRESENTATION_CONTEXT() REPRESENTATION_CONTEXT('2D SPACE',''
  ) );
#1806 = PCURVE('',#1408,#1807);
#1807 = DEFINITIONAL_REPRESENTATION('',(#1808),#1812);
#1808 = LINE('',#1809,#1810);
#1809 = CARTESIAN_POINT('',(0.,0.));
#1810 = VECTOR('',#1811,1.);
#1811 = DIRECTION('',(0.,1.));
#1812 = ( GEOMETRIC_REPRESENTATION_CONTEXT(2) 
PARAMETRIC_REPRESENTATION_CONTEXT() REPRESENTATION_CONTEXT('2D SPACE',''
  ) );
#1813 = ORIENTED_EDGE('',*,*,#1419,.F.);
#1814 = ORIENTED_EDGE('',*,*,#1265,.T.);
#1815 = ORIENTED_EDGE('',*,*,#1769,.T.);
#1816 = ADVANCED_FACE('',(#1817),#1408,.T.);
#1817 = FACE_BOUND('',#1818,.T.);
#1818 = EDGE_LOOP('',(#1819,#1820,#1821,#1822,#1823,#1824));
#1819 = ORIENTED_EDGE('',*,*,#1793,.F.);
#1820 = ORIENTED_EDGE('',*,*,#1393,.T.);
#1821 = ORIENTED_EDGE('',*,*,#1591,.T.);
#1822 = ORIENTED_EDGE('',*,*,#1664,.T.);
#1823 = ORIENTED_EDGE('',*,*,#1714,.F.);
#1824 = ORIENTED_EDGE('',*,*,#1741,.F.);
#1825 = ( GEOMETRIC_REPRESENTATION_CONTEXT(3) 
GLOBAL_UNCERTAINTY_ASSIGNED_CONTEXT((#1829)) 
GLOBAL_UNIT_ASSIGNED_CONTEXT((#1826,#1827,#1828)) REPRESENTATION_CONTEXT
('Context #1','3D Context with UNIT and UNCERTAINTY') );
#1826 = ( LENGTH_UNIT() NAMED_UNIT(*) SI_UNIT(.MILLI.,.METRE.) );
#1827 = ( NAMED_UNIT(*) PLANE_ANGLE_UNIT() SI_UNIT($,.RADIAN.) );
#1828 = ( NAMED_UNIT(*) SI_UNIT($,.STERADIAN.) SOLID_ANGLE_UNIT() );
#1829 = UNCERTAINTY_MEASURE_WITH_UNIT(LENGTH_MEASURE(2.E-07),#1826,
  'distance_accuracy_value','confusion accuracy');
#1830 = PRODUCT_RELATED_PRODUCT_CATEGORY('part',$,(#7));
ENDSEC;
END-ISO-10303-21;
