sha256_short,bytes,modified,top_folder,path
e01179ad12e1,2016,2026-09-06,.gitattributes,".gitattributes"
37584a36d810,503,2026-09-06,.gitignore,".gitignore"
9642dd0c4b98,13987,2026-09-06,00_START_HERE,"00_START_HERE/CONTRADICTIONS.md"
d1215c5ad1fc,5082,2026-09-06,00_START_HERE,"00_START_HERE/GLOSSARY.md"
3b22c161e480,4865,2026-09-06,00_START_HERE,"00_START_HERE/HARDWARE_STATE.md"
245890c9cfba,5790,2026-09-06,00_START_HERE,"00_START_HERE/PROVENANCE.md"
489604168754,2477,2026-09-06,00_START_HERE,"00_START_HERE/README.md"
c65bfb4ec634,577242,2026-09-06,01_CURRENT_TARGET_R1,"01_CURRENT_TARGET_R1/Anticipy_Full_Handoff_Guide.pdf"
afbb8d03f7a7,253740,2026-09-06,01_CURRENT_TARGET_R1,"01_CURRENT_TARGET_R1/Anticipy_Hardware_CAD_Brief_v1.pdf"
7a0918b91050,49342,2026-09-06,01_CURRENT_TARGET_R1,"01_CURRENT_TARGET_R1/Anticipy_Hardware_Development_Brief_2026-09-04.docx"
5b69344e9536,22611,2026-09-06,01_CURRENT_TARGET_R1,"01_CURRENT_TARGET_R1/Anticipy_Hardware_Development_Brief_2026-09-04.md"
b86dd3f8bcc6,10520,2026-09-06,01_CURRENT_TARGET_R1,"01_CURRENT_TARGET_R1/Anticipy_PROD_R1_Flux_Build_Brief.md"
ed826c472fcf,1882,2026-09-06,01_CURRENT_TARGET_R1,"01_CURRENT_TARGET_R1/HARDWARE_SYSTEM_MAP.md"
d6cbf8d243c0,1893,2026-09-06,01_CURRENT_TARGET_R1,"01_CURRENT_TARGET_R1/README.md"
615b5d257e6d,466,2026-09-06,02_PROTOTYPE_XIAO,"02_PROTOTYPE_XIAO/00_FOLDER_STATUS.md"
a4d512f9bf2f,4216,2026-09-06,02_PROTOTYPE_XIAO,"02_PROTOTYPE_XIAO/00_START_HERE.md"
f246fc79ff99,528384,2026-09-06,02_PROTOTYPE_XIAO,"02_PROTOTYPE_XIAO/01_FIRMWARE/HOLD_FOR_PHYSICAL_RELEASE_TEST_Anticipy_0.9.3_owner2_live_50mA.uf2"
2b2b92974950,308,2026-09-06,02_PROTOTYPE_XIAO,"02_PROTOTYPE_XIAO/01_FIRMWARE/SHA256SUMS.txt"
0abcfd7c83ff,178384,2026-09-06,02_PROTOTYPE_XIAO,"02_PROTOTYPE_XIAO/02_CAD_PRINT/PRINT_FULL_SHELL_body_exact_historical_geometry.stl"
cc34568c3069,144084,2026-09-06,02_PROTOTYPE_XIAO,"02_PROTOTYPE_XIAO/02_CAD_PRINT/PRINT_FULL_SHELL_hooked_face_exact_historical_geometry.stl"
d3151e419414,684,2026-09-06,02_PROTOTYPE_XIAO,"02_PROTOTYPE_XIAO/02_CAD_PRINT/battery_max_24x10x5p5_gauge.stl"
088a62c59b80,5484,2026-09-06,02_PROTOTYPE_XIAO,"02_PROTOTYPE_XIAO/02_CAD_PRINT/battery_safety_bridge.stl"
25ad5cbd26bc,103084,2026-09-06,02_PROTOTYPE_XIAO,"02_PROTOTYPE_XIAO/02_CAD_PRINT/body_drill_marking_jig.stl"
264c80e28a51,684,2026-09-06,02_PROTOTYPE_XIAO,"02_PROTOTYPE_XIAO/02_CAD_PRINT/driver_max_8x4x2_gauge.stl"
f31ad58081ff,53284,2026-09-06,02_PROTOTYPE_XIAO,"02_PROTOTYPE_XIAO/02_CAD_PRINT/keyed_retainer_posts_print_two.stl"
c7788ddcbe7c,98284,2026-09-06,02_PROTOTYPE_XIAO,"02_PROTOTYPE_XIAO/02_CAD_PRINT/midband_4p50mm_loose.stl"
6b38ac5d7812,98284,2026-09-06,02_PROTOTYPE_XIAO,"02_PROTOTYPE_XIAO/02_CAD_PRINT/midband_4p50mm_nominal.stl"
ff7eb0b2e9af,25084,2026-09-06,02_PROTOTYPE_XIAO,"02_PROTOTYPE_XIAO/02_CAD_PRINT/motor_max_10p2x2p3_gauge.stl"
0a6b9ab1a009,684,2026-09-06,02_PROTOTYPE_XIAO,"02_PROTOTYPE_XIAO/02_CAD_PRINT/xiao_max_gauge.stl"
ff005eaae1de,261680,2026-09-06,02_PROTOTYPE_XIAO,"02_PROTOTYPE_XIAO/03_CAD_STEP/PRINT_FULL_SHELL_body_exact_historical_geometry.step"
dcfe1f6a020a,161111,2026-09-06,02_PROTOTYPE_XIAO,"02_PROTOTYPE_XIAO/03_CAD_STEP/PRINT_FULL_SHELL_hooked_face_exact_historical_geometry.step"
bff863cf75a7,1788,2026-09-06,02_PROTOTYPE_XIAO,"02_PROTOTYPE_XIAO/04_QA/NO_LEES_RELEASE_CHECK.md"
eb2a9a43dd45,2541,2026-09-06,02_PROTOTYPE_XIAO,"02_PROTOTYPE_XIAO/CAD/04_ASSEMBLY/ADHESIVE_AND_FINISH_GATE.md"
5d70cc4c978e,5436,2026-09-06,02_PROTOTYPE_XIAO,"02_PROTOTYPE_XIAO/CAD/04_ASSEMBLY/ASSEMBLY.md"
625ddc614167,6454,2026-09-06,02_PROTOTYPE_XIAO,"02_PROTOTYPE_XIAO/CAD/04_ASSEMBLY/FIT_AND_BATTERY_GATE.md"
11b72b2b7e22,2313,2026-09-06,02_PROTOTYPE_XIAO,"02_PROTOTYPE_XIAO/CAD/06_EVIDENCE/CAD_REPRODUCIBILITY.md"
33f2ef8eef05,2899,2026-09-06,02_PROTOTYPE_XIAO,"02_PROTOTYPE_XIAO/CAD/06_EVIDENCE/FIRMWARE_BUILD_AND_TEST_EVIDENCE.md"
faf3699a1c19,1644,2026-09-06,02_PROTOTYPE_XIAO,"02_PROTOTYPE_XIAO/CAD/06_EVIDENCE/PHYSICAL_TESTS_PENDING.md"
aa5000011e0c,4538,2026-09-06,02_PROTOTYPE_XIAO,"02_PROTOTYPE_XIAO/CAD/ARCHITECTURE_OPTIONS.md"
8f30ef64aaa1,42449,2026-09-06,02_PROTOTYPE_XIAO,"02_PROTOTYPE_XIAO/CAD/CAD_SHA256SUMS.txt"
d74e3abb9f09,63766,2026-09-06,02_PROTOTYPE_XIAO,"02_PROTOTYPE_XIAO/CAD/FIT_REPORT.json"
ad2c25ad83f2,5692,2026-09-06,02_PROTOTYPE_XIAO,"02_PROTOTYPE_XIAO/CAD/PRIMARY_RENATA_ONLY_SCREW_RETENTION.md"
fc985bb2877b,52284,2026-09-06,02_PROTOTYPE_XIAO,"02_PROTOTYPE_XIAO/CAD/PRINT_THESE/ALT_BENCH_ONLY_lower_fit_gauge_batt24_Vybronics10p2.stl"
d3151e419414,684,2026-09-06,02_PROTOTYPE_XIAO,"02_PROTOTYPE_XIAO/CAD/PRINT_THESE/ALT_LOCAL_MEASURE_MAX_battery_24x10x5p5.stl"
97bbdc3f3231,26684,2026-09-06,02_PROTOTYPE_XIAO,"02_PROTOTYPE_XIAO/CAD/PRINT_THESE/BENCH_ONLY_xiao_plan_fit_gauge.stl"
e488cf83486b,25084,2026-09-06,02_PROTOTYPE_XIAO,"02_PROTOTYPE_XIAO/CAD/PRINT_THESE/FALLBACK_ONLY_MEASURE_Lee_PID10431_10x2p7.stl"
ff7eb0b2e9af,25084,2026-09-06,02_PROTOTYPE_XIAO,"02_PROTOTYPE_XIAO/CAD/PRINT_THESE/MEASURE_MAX_Vybronics_VCLP1020B002L_10p2x2p3.stl"
264c80e28a51,684,2026-09-06,02_PROTOTYPE_XIAO,"02_PROTOTYPE_XIAO/CAD/PRINT_THESE/MEASURE_MAX_finished_driver_island_8x4x2.stl"
0a6b9ab1a009,684,2026-09-06,02_PROTOTYPE_XIAO,"02_PROTOTYPE_XIAO/CAD/PRINT_THESE/MEASURE_XIAO_official_bbox_22p482x17p78x4p46.stl"
f63b7208b917,52284,2026-09-06,02_PROTOTYPE_XIAO,"02_PROTOTYPE_XIAO/CAD/PRINT_THESE/PLAN_B_BENCH_ONLY_lower_fit_gauge_DTP401525_Vybronics_driver_rotated.stl"
30ab9151a681,684,2026-09-06,02_PROTOTYPE_XIAO,"02_PROTOTYPE_XIAO/CAD/PRINT_THESE/PLAN_B_MEASURE_MAX_DTP401525_total_25p3x15x4.stl"
25ad5cbd26bc,103084,2026-09-06,02_PROTOTYPE_XIAO,"02_PROTOTYPE_XIAO/CAD/PRINT_THESE/PRIMARY_RENATA_ONLY_M2_body_drill_marking_jig_USB_NOTCH.stl"
c7788ddcbe7c,98284,2026-09-06,02_PROTOTYPE_XIAO,"02_PROTOTYPE_XIAO/CAD/PRINT_THESE/PRIMARY_RENATA_ONLY_M2_screw_retained_midband_rise_4p50mm_loose_tongue.stl"
6b38ac5d7812,98284,2026-09-06,02_PROTOTYPE_XIAO,"02_PROTOTYPE_XIAO/CAD/PRINT_THESE/PRIMARY_RENATA_ONLY_M2_screw_retained_midband_rise_4p50mm_nominal.stl"
526ae3af6381,25084,2026-09-06,02_PROTOTYPE_XIAO,"02_PROTOTYPE_XIAO/CAD/PRINT_THESE/PRIMARY_RENATA_ONLY_MEASURE_MAX_coin_motor_10p2x2p7.stl"
088a62c59b80,5484,2026-09-06,02_PROTOTYPE_XIAO,"02_PROTOTYPE_XIAO/CAD/PRINT_THESE/PRINT_DECK_DOWN_then_FLIP_battery_safety_bridge.stl"
0abcfd7c83ff,178384,2026-09-06,02_PROTOTYPE_XIAO,"02_PROTOTYPE_XIAO/CAD/PRINT_THESE/PRINT_FULL_SHELL_body_exact_historical_geometry.stl"
cc34568c3069,144084,2026-09-06,02_PROTOTYPE_XIAO,"02_PROTOTYPE_XIAO/CAD/PRINT_THESE/PRINT_FULL_SHELL_hooked_face_exact_historical_geometry.stl"
f31ad58081ff,53284,2026-09-06,02_PROTOTYPE_XIAO,"02_PROTOTYPE_XIAO/CAD/PRINT_THESE/PRINT_TWO_PRIMARY_RENATA_ONLY_M2_keyed_retainer_posts_HEAD_DOWN.stl"
555a7fdfb696,77684,2026-09-06,02_PROTOTYPE_XIAO,"02_PROTOTYPE_XIAO/CAD/PRINT_THESE/mic_drill_jig_usb_end_notched.stl"
95209ada44a2,94684,2026-09-06,02_PROTOTYPE_XIAO,"02_PROTOTYPE_XIAO/CAD/PRINT_THESE/ordered_shell_midband_rise_4p50mm_loose_tongue.stl"
bbacd9b095fa,94684,2026-09-06,02_PROTOTYPE_XIAO,"02_PROTOTYPE_XIAO/CAD/PRINT_THESE/ordered_shell_midband_rise_4p50mm_nominal.stl"
63a326a3f856,11037,2026-09-06,02_PROTOTYPE_XIAO,"02_PROTOTYPE_XIAO/CAD/README_BUILD.md"
1007d2493156,48452,2026-09-06,02_PROTOTYPE_XIAO,"02_PROTOTYPE_XIAO/CAD/REFERENCE_ONLY_STEP/ALT_BENCH_ONLY_lower_fit_gauge_batt12_Vybronics10p2.step"
bb67cc89f61f,48447,2026-09-06,02_PROTOTYPE_XIAO,"02_PROTOTYPE_XIAO/CAD/REFERENCE_ONLY_STEP/ALT_BENCH_ONLY_lower_fit_gauge_batt15_Vybronics10p2.step"
81c4034d2566,48444,2026-09-06,02_PROTOTYPE_XIAO,"02_PROTOTYPE_XIAO/CAD/REFERENCE_ONLY_STEP/ALT_BENCH_ONLY_lower_fit_gauge_batt24_Vybronics10p2.step"
abbd74eeabef,48444,2026-09-06,02_PROTOTYPE_XIAO,"02_PROTOTYPE_XIAO/CAD/REFERENCE_ONLY_STEP/ALT_BENCH_ONLY_lower_fit_gauge_batt25_Vybronics10p2.step"
8a33f55f59b5,15418,2026-09-06,02_PROTOTYPE_XIAO,"02_PROTOTYPE_XIAO/CAD/REFERENCE_ONLY_STEP/ALT_LOCAL_MEASURE_MAX_battery_12x10x5p5.step"
ead60a337446,15444,2026-09-06,02_PROTOTYPE_XIAO,"02_PROTOTYPE_XIAO/CAD/REFERENCE_ONLY_STEP/ALT_LOCAL_MEASURE_MAX_battery_15x10x5p5.step"
7cc5d51cb45e,15444,2026-09-06,02_PROTOTYPE_XIAO,"02_PROTOTYPE_XIAO/CAD/REFERENCE_ONLY_STEP/ALT_LOCAL_MEASURE_MAX_battery_24x10x5p5.step"
0967a3cceb8a,15470,2026-09-06,02_PROTOTYPE_XIAO,"02_PROTOTYPE_XIAO/CAD/REFERENCE_ONLY_STEP/ALT_LOCAL_MEASURE_MAX_battery_25x10x5p5.step"
ff60a444cb6a,178220,2026-09-06,02_PROTOTYPE_XIAO,"02_PROTOTYPE_XIAO/CAD/REFERENCE_ONLY_STEP/ALT_layout_batt12_Vybronics10p2.step"
f8cb6b4cc22f,178161,2026-09-06,02_PROTOTYPE_XIAO,"02_PROTOTYPE_XIAO/CAD/REFERENCE_ONLY_STEP/ALT_layout_batt15_Vybronics10p2.step"
75a98f4bf6fd,178214,2026-09-06,02_PROTOTYPE_XIAO,"02_PROTOTYPE_XIAO/CAD/REFERENCE_ONLY_STEP/ALT_layout_batt24_Vybronics10p2.step"
bae260c821f4,178188,2026-09-06,02_PROTOTYPE_XIAO,"02_PROTOTYPE_XIAO/CAD/REFERENCE_ONLY_STEP/ALT_layout_batt25_Vybronics10p2.step"
7a8b914bca3d,58301,2026-09-06,02_PROTOTYPE_XIAO,"02_PROTOTYPE_XIAO/CAD/REFERENCE_ONLY_STEP/BENCH_ONLY_lower_component_fit_gauge.step"
f108b2ec5f6f,39386,2026-09-06,02_PROTOTYPE_XIAO,"02_PROTOTYPE_XIAO/CAD/REFERENCE_ONLY_STEP/BENCH_ONLY_xiao_plan_fit_gauge.step"
2625a3731afb,778353,2026-09-06,02_PROTOTYPE_XIAO,"02_PROTOTYPE_XIAO/CAD/REFERENCE_ONLY_STEP/EXACT_historical_body_face_recovery_assembly.step"
6703cbc9c548,5748,2026-09-06,02_PROTOTYPE_XIAO,"02_PROTOTYPE_XIAO/CAD/REFERENCE_ONLY_STEP/FALLBACK_ONLY_MEASURE_Lee_PID10431_10x2p7.step"
2799fd5fa41c,5756,2026-09-06,02_PROTOTYPE_XIAO,"02_PROTOTYPE_XIAO/CAD/REFERENCE_ONLY_STEP/MEASURE_MAX_Vybronics_VCLP1020B002L_10p2x2p3.step"
db6d51dc6779,15514,2026-09-06,02_PROTOTYPE_XIAO,"02_PROTOTYPE_XIAO/CAD/REFERENCE_ONLY_STEP/MEASURE_MAX_finished_battery_25x10x5p5.step"
eb50d2632ade,15399,2026-09-06,02_PROTOTYPE_XIAO,"02_PROTOTYPE_XIAO/CAD/REFERENCE_ONLY_STEP/MEASURE_MAX_finished_driver_island_8x4x2.step"
70a90701d3bd,15957,2026-09-06,02_PROTOTYPE_XIAO,"02_PROTOTYPE_XIAO/CAD/REFERENCE_ONLY_STEP/MEASURE_XIAO_official_bbox_22p482x17p78x4p46.step"
7782186cfcb5,8101,2026-09-06,02_PROTOTYPE_XIAO,"02_PROTOTYPE_XIAO/CAD/REFERENCE_ONLY_STEP/MEASURE_motor_4x8.step"
7bb2511b7085,48355,2026-09-06,02_PROTOTYPE_XIAO,"02_PROTOTYPE_XIAO/CAD/REFERENCE_ONLY_STEP/PLAN_B_BENCH_ONLY_lower_fit_gauge_DTP401525_Vybronics_driver_rotated.step"
4b3c959947d6,15515,2026-09-06,02_PROTOTYPE_XIAO,"02_PROTOTYPE_XIAO/CAD/REFERENCE_ONLY_STEP/PLAN_B_MEASURE_MAX_DTP401525_total_25p3x15x4.step"
fb40d1480667,160807,2026-09-06,02_PROTOTYPE_XIAO,"02_PROTOTYPE_XIAO/CAD/REFERENCE_ONLY_STEP/PLAN_B_layout_DTP401525_Vybronics_driver_rotated.step"
3d4749e0cb80,61379,2026-09-06,02_PROTOTYPE_XIAO,"02_PROTOTYPE_XIAO/CAD/REFERENCE_ONLY_STEP/PRIMARY_RENATA_ONLY_M2_body_drill_marking_jig_USB_NOTCH.step"
7c1c6f066bd3,244157,2026-09-06,02_PROTOTYPE_XIAO,"02_PROTOTYPE_XIAO/CAD/REFERENCE_ONLY_STEP/PRIMARY_RENATA_ONLY_M2_screw_retained_midband_rise_4p50mm_loose_tongue.step"
719f36e49e4f,244475,2026-09-06,02_PROTOTYPE_XIAO,"02_PROTOTYPE_XIAO/CAD/REFERENCE_ONLY_STEP/PRIMARY_RENATA_ONLY_M2_screw_retained_midband_rise_4p50mm_nominal.step"
ba6776bb7814,926095,2026-09-06,02_PROTOTYPE_XIAO,"02_PROTOTYPE_XIAO/CAD/REFERENCE_ONLY_STEP/PRIMARY_RENATA_ONLY_M2_screw_retention_reference.step"
0bbd8e8b0d4d,5756,2026-09-06,02_PROTOTYPE_XIAO,"02_PROTOTYPE_XIAO/CAD/REFERENCE_ONLY_STEP/PRIMARY_RENATA_ONLY_MEASURE_MAX_coin_motor_10p2x2p7.step"
6c5733081d3d,102691,2026-09-06,02_PROTOTYPE_XIAO,"02_PROTOTYPE_XIAO/CAD/REFERENCE_ONLY_STEP/PRINT_DECK_DOWN_then_FLIP_battery_safety_bridge.step"
ff005eaae1de,261680,2026-09-06,02_PROTOTYPE_XIAO,"02_PROTOTYPE_XIAO/CAD/REFERENCE_ONLY_STEP/PRINT_FULL_SHELL_body_exact_historical_geometry.step"
dcfe1f6a020a,161111,2026-09-06,02_PROTOTYPE_XIAO,"02_PROTOTYPE_XIAO/CAD/REFERENCE_ONLY_STEP/PRINT_FULL_SHELL_hooked_face_exact_historical_geometry.step"
538d2937be82,70442,2026-09-06,02_PROTOTYPE_XIAO,"02_PROTOTYPE_XIAO/CAD/REFERENCE_ONLY_STEP/PRINT_TWO_PRIMARY_RENATA_ONLY_M2_keyed_retainer_posts_HEAD_DOWN.step"
31992163ea81,57639,2026-09-06,02_PROTOTYPE_XIAO,"02_PROTOTYPE_XIAO/CAD/REFERENCE_ONLY_STEP/mic_drill_jig_usb_end_notched.step"
97098848e048,180647,2026-09-06,02_PROTOTYPE_XIAO,"02_PROTOTYPE_XIAO/CAD/REFERENCE_ONLY_STEP/ordered_shell_layout_reference.step"
2a365bb8fb28,184469,2026-09-06,02_PROTOTYPE_XIAO,"02_PROTOTYPE_XIAO/CAD/REFERENCE_ONLY_STEP/ordered_shell_midband_rise_4p50mm_loose_tongue.step"
6f05512d6776,184787,2026-09-06,02_PROTOTYPE_XIAO,"02_PROTOTYPE_XIAO/CAD/REFERENCE_ONLY_STEP/ordered_shell_midband_rise_4p50mm_nominal.step"
2e723cb60e1d,75189,2026-09-06,02_PROTOTYPE_XIAO,"02_PROTOTYPE_XIAO/CAD/SOURCE/generate_recovery.py"
ff005eaae1de,261680,2026-09-06,02_PROTOTYPE_XIAO,"02_PROTOTYPE_XIAO/CAD/SOURCE/reference/alu_body.step"
dcfe1f6a020a,161111,2026-09-06,02_PROTOTYPE_XIAO,"02_PROTOTYPE_XIAO/CAD/SOURCE/reference/alu_face_front_v3.step"
42f9bec1915c,1678,2026-09-06,02_PROTOTYPE_XIAO,"02_PROTOTYPE_XIAO/README.md"
bdb8b9d24557,7024,2026-09-06,03_PCB,"03_PCB/EVT_A_2026-08-28_SUPERSEDED/INDEPENDENT_CORRECTION_REPORT.md"
a84837161d4d,5324,2026-09-06,03_PCB,"03_PCB/EVT_A_2026-08-28_SUPERSEDED/README.md"
e8fdf830df0e,1982,2026-09-06,03_PCB,"03_PCB/EVT_A_2026-08-28_SUPERSEDED/V1_CORRECTION_ORDER.md"
d3a2167fe6c1,396,2026-09-06,03_PCB,"03_PCB/EVT_A_2026-08-28_SUPERSEDED/anticipy_evt_a.kicad_dru"
b3e8332264eb,187524,2026-09-06,03_PCB,"03_PCB/EVT_A_2026-08-28_SUPERSEDED/anticipy_evt_a.kicad_pcb"
ff424326679a,378,2026-09-06,03_PCB,"03_PCB/EVT_A_2026-08-28_SUPERSEDED/anticipy_evt_a.kicad_pro"
df1ba6273d59,119183,2026-09-06,03_PCB,"03_PCB/EVT_A_2026-08-28_SUPERSEDED/anticipy_evt_a.kicad_sch"
01f34b8d5476,244168,2026-09-06,03_PCB,"03_PCB/EVT_A_2026-08-28_SUPERSEDED/anticipy_evt_a_kicad_checkpoint.zip"
53957ae2676a,2793,2026-09-06,03_PCB,"03_PCB/EVT_A_2026-08-28_SUPERSEDED/bom/EVT_A_BOM.csv"
418ef369ccf1,4200,2026-09-06,03_PCB,"03_PCB/EVT_A_2026-08-28_SUPERSEDED/design_manifest.json"
f46c991bb878,2056,2026-09-06,03_PCB,"03_PCB/EVT_A_2026-08-28_SUPERSEDED/docs/FABRICATION_NOTES.md"
c051f42d944b,2755,2026-09-06,03_PCB,"03_PCB/EVT_A_2026-08-28_SUPERSEDED/docs/OPEN_ITEMS.md"
f3f96f7b2bd1,2461,2026-09-06,03_PCB,"03_PCB/EVT_A_2026-08-28_SUPERSEDED/docs/PLACEMENT_AND_MARGIN_REPORT.md"
434c65369eff,1896,2026-09-06,03_PCB,"03_PCB/EVT_A_2026-08-28_SUPERSEDED/docs/POWER_AND_NET_ARCHITECTURE.md"
e059de3974cf,1461,2026-09-06,03_PCB,"03_PCB/EVT_A_2026-08-28_SUPERSEDED/docs/SAFE_BRINGUP.md"
196d478572fd,3639,2026-09-06,03_PCB,"03_PCB/EVT_A_2026-08-28_SUPERSEDED/docs/SOURCE_LEDGER.md"
6e3b41bd7f31,8137210,2026-09-06,03_PCB,"03_PCB/EVT_A_2026-08-28_SUPERSEDED/docs/sources/AN54LV-15_Ver1.1_spec.pdf"
e225b46b909f,126604,2026-09-06,03_PCB,"03_PCB/EVT_A_2026-08-28_SUPERSEDED/docs/sources/AN54LV-15_recommended_pad_20260702.pdf"
2f16cf041aa0,5083400,2026-09-06,03_PCB,"03_PCB/EVT_A_2026-08-28_SUPERSEDED/docs/sources/AN54LV_footprint_design_260730.zip"
7c9c6ab89d64,317245,2026-09-06,03_PCB,"03_PCB/EVT_A_2026-08-28_SUPERSEDED/docs/sources/pts841.pdf"
901cffe008c4,150,2026-09-06,03_PCB,"03_PCB/EVT_A_2026-08-28_SUPERSEDED/fp-lib-table"
8fdcb17ee77b,54155,2026-09-06,03_PCB,"03_PCB/EVT_A_2026-08-28_SUPERSEDED/libraries/Anticipy.kicad_sym"
432ee76cafef,2441,2026-09-06,03_PCB,"03_PCB/EVT_A_2026-08-28_SUPERSEDED/libraries/Anticipy.pretty/2450AT18A0100001E.kicad_mod"
557550d1fe2d,1925,2026-09-06,03_PCB,"03_PCB/EVT_A_2026-08-28_SUPERSEDED/libraries/Anticipy.pretty/BL54L15U_PINMAP_GATE.kicad_mod"
e3132e781401,3419,2026-09-06,03_PCB,"03_PCB/EVT_A_2026-08-28_SUPERSEDED/libraries/Anticipy.pretty/DSBGA9_DRV2605L.kicad_mod"
de7ffa60eb26,2988,2026-09-06,03_PCB,"03_PCB/EVT_A_2026-08-28_SUPERSEDED/libraries/Anticipy.pretty/IM69D128S.kicad_mod"
ab5785490368,1954,2026-09-06,03_PCB,"03_PCB/EVT_A_2026-08-28_SUPERSEDED/libraries/Anticipy.pretty/JYC720FDRL_HOTBAR_LAND_GATE.kicad_mod"
75f8289ec4ca,1934,2026-09-06,03_PCB,"03_PCB/EVT_A_2026-08-28_SUPERSEDED/libraries/Anticipy.pretty/SKSCLCE010_PADMAP_GATE.kicad_mod"
6116969c7321,7761,2026-09-06,03_PCB,"03_PCB/EVT_A_2026-08-28_SUPERSEDED/libraries/Anticipy.pretty/WLCSP35_nPM1300_CAAA.kicad_mod"
5d4943143467,3702,2026-09-06,03_PCB,"03_PCB/EVT_A_2026-08-28_SUPERSEDED/libraries/Anticipy.pretty/WSON8_8x6_W25N04KV.kicad_mod"
47797227cff8,187,2026-09-06,03_PCB,"03_PCB/EVT_A_2026-08-28_SUPERSEDED/reports/DRC_NOT_RUN.txt"
88c5817f9aaa,184,2026-09-06,03_PCB,"03_PCB/EVT_A_2026-08-28_SUPERSEDED/reports/ERC_NOT_RUN.txt"
3ff67780b5fe,1266,2026-09-06,03_PCB,"03_PCB/EVT_A_2026-08-28_SUPERSEDED/reports/EXACT_V06_AUDIT.txt"
6229905150fd,7685,2026-09-06,03_PCB,"03_PCB/EVT_A_2026-08-28_SUPERSEDED/reports/PAD_NET_MAP.csv"
6991ebc87833,154865,2026-09-06,03_PCB,"03_PCB/EVT_A_2026-08-28_SUPERSEDED/reports/PCB_PLACEMENT.png"
998333d5e649,77092,2026-09-06,03_PCB,"03_PCB/EVT_A_2026-08-28_SUPERSEDED/reports/PCB_PLACEMENT.svg"
df64a97487e5,1813,2026-09-06,03_PCB,"03_PCB/EVT_A_2026-08-28_SUPERSEDED/reports/STRUCTURAL_VERIFY.txt"
de4b91fd05db,151,2026-09-06,03_PCB,"03_PCB/EVT_A_2026-08-28_SUPERSEDED/sym-lib-table"
23086a221dd3,6250,2026-09-06,03_PCB,"03_PCB/EVT_A_2026-08-28_SUPERSEDED/tools/audit_exact_checkpoint.py"
da1f6a5b275f,44696,2026-09-06,03_PCB,"03_PCB/EVT_A_2026-08-28_SUPERSEDED/tools/generate_release.py"
2e8f3e4fd258,2716,2026-09-06,03_PCB,"03_PCB/EVT_A_2026-08-28_SUPERSEDED/tools/render_checkpoint.py"
b813a387c9c7,16325,2026-09-06,03_PCB,"03_PCB/EVT_A_2026-08-28_SUPERSEDED/tools/verify_release.py"
cbc8228484d6,10247,2026-09-06,03_PCB,"03_PCB/R0B_CHECKPOINT_NOT_FOR_FAB/00_Master_Guide/ANTICIPY_FULL_HANDOFF_GUIDE.md"
73ae021f5a96,58085,2026-09-06,03_PCB,"03_PCB/R0B_CHECKPOINT_NOT_FOR_FAB/00_Master_Guide/Anticipy_Full_Handoff_Guide.docx"
9c85b0fbe120,556212,2026-09-06,03_PCB,"03_PCB/R0B_CHECKPOINT_NOT_FOR_FAB/00_Master_Guide/Anticipy_Full_Handoff_Guide.pdf"
0e643c2ec559,24027,2026-09-06,03_PCB,"03_PCB/R0B_CHECKPOINT_NOT_FOR_FAB/00_Master_Guide/Anticipy_Project_Control.xlsx"
6bcf3012b43f,3197,2026-09-06,03_PCB,"03_PCB/R0B_CHECKPOINT_NOT_FOR_FAB/00_Master_Guide/FILE_DICTIONARY.md"
2c1a367c90d4,2304,2026-09-06,03_PCB,"03_PCB/R0B_CHECKPOINT_NOT_FOR_FAB/00_Master_Guide/OPEN_ITEMS_AND_DECISIONS.md"
e7e5b7ba57f0,2532,2026-09-06,03_PCB,"03_PCB/R0B_CHECKPOINT_NOT_FOR_FAB/00_Master_Guide/SEVEN_DAY_RUSH_PLAN.md"
834fb07e941b,2816,2026-09-06,03_PCB,"03_PCB/R0B_CHECKPOINT_NOT_FOR_FAB/00_START_HERE.md"
d7a0558d1db0,3006,2026-09-06,03_PCB,"03_PCB/R0B_CHECKPOINT_NOT_FOR_FAB/01_Electrical_Source/Anticipy_PROD_R0B_EVT.kicad_dru"
331cb47e4e2c,344911,2026-09-06,03_PCB,"03_PCB/R0B_CHECKPOINT_NOT_FOR_FAB/01_Electrical_Source/Anticipy_PROD_R0B_EVT.kicad_pcb"
01e0fac93589,7513,2026-09-06,03_PCB,"03_PCB/R0B_CHECKPOINT_NOT_FOR_FAB/01_Electrical_Source/Anticipy_PROD_R0B_EVT.kicad_pro"
4dce285f72d2,248448,2026-09-06,03_PCB,"03_PCB/R0B_CHECKPOINT_NOT_FOR_FAB/01_Electrical_Source/Anticipy_PROD_R0B_EVT.kicad_sch"
2fbaacc583f3,109192,2026-09-06,03_PCB,"03_PCB/R0B_CHECKPOINT_NOT_FOR_FAB/01_Electrical_Source/Anticipy_PROD_R0B_EVT.net"
19f59e2c66e2,6560,2026-09-06,03_PCB,"03_PCB/R0B_CHECKPOINT_NOT_FOR_FAB/01_Electrical_Source/Anticipy_R0B.pretty/LED_Kingbright_APHB1608LVBDSEKJ3C.kicad_mod"
3e61e56a7f34,1699,2026-09-06,03_PCB,"03_PCB/R0B_CHECKPOINT_NOT_FOR_FAB/01_Electrical_Source/Anticipy_R0B.pretty/Mechanical_Battery_Envelope.kicad_mod"
030a90a999aa,8932,2026-09-06,03_PCB,"03_PCB/R0B_CHECKPOINT_NOT_FOR_FAB/01_Electrical_Source/Anticipy_R0B.pretty/Mechanical_Button_Access_Target.kicad_mod"
7b88df56dec9,14377,2026-09-06,03_PCB,"03_PCB/R0B_CHECKPOINT_NOT_FOR_FAB/01_Electrical_Source/Anticipy_R0B.pretty/Mechanical_CoinMotor_Envelope.kicad_mod"
7e7e18973d5a,8919,2026-09-06,03_PCB,"03_PCB/R0B_CHECKPOINT_NOT_FOR_FAB/01_Electrical_Source/Anticipy_R0B.pretty/Mechanical_Indicator_Lightpipe_Target.kicad_mod"
8624e4de1b4c,4536,2026-09-06,03_PCB,"03_PCB/R0B_CHECKPOINT_NOT_FOR_FAB/01_Electrical_Source/Anticipy_R0B.pretty/PogoPad_D1.0mm.kicad_mod"
ce31a4d7b291,13599,2026-09-06,03_PCB,"03_PCB/R0B_CHECKPOINT_NOT_FOR_FAB/01_Electrical_Source/Anticipy_R0B.pretty/Raytac_MDBT50Q_R0B.kicad_mod"
f0d77ffc0666,14410,2026-09-06,03_PCB,"03_PCB/R0B_CHECKPOINT_NOT_FOR_FAB/01_Electrical_Source/Anticipy_R0B.pretty/SameSky_CMM-3424DT-26165-TR_TopPort_PDM.kicad_mod"
d801f4aea7cf,3478,2026-09-06,03_PCB,"03_PCB/R0B_CHECKPOINT_NOT_FOR_FAB/01_Electrical_Source/Anticipy_R0B.pretty/TI_DCK_SC70_3_R0B.kicad_mod"
a30a9e6c68ff,3935,2026-09-06,03_PCB,"03_PCB/R0B_CHECKPOINT_NOT_FOR_FAB/01_Electrical_Source/Anticipy_R0B.pretty/TI_DPY0002A_X1SON.kicad_mod"
9322e8577a59,3526,2026-09-06,03_PCB,"03_PCB/R0B_CHECKPOINT_NOT_FOR_FAB/01_Electrical_Source/Anticipy_R0B.pretty/Texas_DRT-3_R0B.kicad_mod"
c9974958e041,7979,2026-09-06,03_PCB,"03_PCB/R0B_CHECKPOINT_NOT_FOR_FAB/01_Electrical_Source/Anticipy_R0B.pretty/USB_C_Receptacle_GCT_USB4500-03-1-A_MidMount.kicad_mod"
3bd1b05d0299,1745,2026-09-06,03_PCB,"03_PCB/R0B_CHECKPOINT_NOT_FOR_FAB/01_Electrical_Source/Anticipy_R0B.pretty/WirePads_2_P1.27mm.kicad_mod"
bcbd29d245fb,1948,2026-09-06,03_PCB,"03_PCB/R0B_CHECKPOINT_NOT_FOR_FAB/01_Electrical_Source/Anticipy_R0B.pretty/WirePads_3_P1.27mm.kicad_mod"
1777085eeca8,7745,2026-09-06,03_PCB,"03_PCB/R0B_CHECKPOINT_NOT_FOR_FAB/01_Electrical_Source/BOM_DRAFT_DO_NOT_PROCURE.csv"
5816bff402a5,4098,2026-09-06,03_PCB,"03_PCB/R0B_CHECKPOINT_NOT_FOR_FAB/01_Electrical_Source/ENGINEER_SCOPE_OF_WORK.md"
1e10538ff2c9,2849,2026-09-06,03_PCB,"03_PCB/R0B_CHECKPOINT_NOT_FOR_FAB/01_Electrical_Source/R0B_PINMAP.md"
0f06cbb811cb,3701,2026-09-06,03_PCB,"03_PCB/R0B_CHECKPOINT_NOT_FOR_FAB/01_Electrical_Source/R0B_PLACEMENT_PLAN.md"
b183ba715eea,5639,2026-09-06,03_PCB,"03_PCB/R0B_CHECKPOINT_NOT_FOR_FAB/01_Electrical_Source/R0B_REQUIREMENTS.md"
d714c8c54fa5,4514706,2026-09-06,03_PCB,"03_PCB/R0B_CHECKPOINT_NOT_FOR_FAB/01_Electrical_Source/References/Nordic/npm1300-qeaa-reference-layout-1_2.zip"
9e4ab8d0656a,131753,2026-09-06,03_PCB,"03_PCB/R0B_CHECKPOINT_NOT_FOR_FAB/01_Electrical_Source/Reports/Anticipy_PROD_R0B_EVT.net.xml"
c6a57955045a,224631,2026-09-06,03_PCB,"03_PCB/R0B_CHECKPOINT_NOT_FOR_FAB/01_Electrical_Source/Reports/placement.png"
d9a4dc024726,291598,2026-09-06,03_PCB,"03_PCB/R0B_CHECKPOINT_NOT_FOR_FAB/01_Electrical_Source/Reports/placement.svg"
887c655b4ff9,37269,2026-09-06,03_PCB,"03_PCB/R0B_CHECKPOINT_NOT_FOR_FAB/01_Electrical_Source/Reports/verify_project_r0b_drc.txt"
885bb8d2a283,21018,2026-09-06,03_PCB,"03_PCB/R0B_CHECKPOINT_NOT_FOR_FAB/01_Electrical_Source/design_spec_r0b.py"
01528a80abaf,32255,2026-09-06,03_PCB,"03_PCB/R0B_CHECKPOINT_NOT_FOR_FAB/01_Electrical_Source/footprint_builders_r0b.py"
043d28d80404,1874,2026-09-06,03_PCB,"03_PCB/R0B_CHECKPOINT_NOT_FOR_FAB/01_Electrical_Source/fp-lib-table"
bd55f88e2325,21922,2026-09-06,03_PCB,"03_PCB/R0B_CHECKPOINT_NOT_FOR_FAB/01_Electrical_Source/generate_board_r0b.py"
1938be6d12d5,8928,2026-09-06,03_PCB,"03_PCB/R0B_CHECKPOINT_NOT_FOR_FAB/01_Electrical_Source/generate_schematic_r0b.py"
9e2b4a96b4ae,12549,2026-09-06,03_PCB,"03_PCB/R0B_CHECKPOINT_NOT_FOR_FAB/01_Electrical_Source/pad_net_report.csv"
3ee961c305b9,5674,2026-09-06,03_PCB,"03_PCB/R0B_CHECKPOINT_NOT_FOR_FAB/01_Electrical_Source/verify_net_equivalence.py"
4c55b0e5a825,27636,2026-09-06,03_PCB,"03_PCB/R0B_CHECKPOINT_NOT_FOR_FAB/01_Electrical_Source/verify_project_r0b.py"
2a013534213b,392053,2026-09-06,03_PCB,"03_PCB/R0B_CHECKPOINT_NOT_FOR_FAB/02_Mechanical_CAD/ANT-PROD-R0B_PROVISIONAL_BOARD_ONLY.step"
69c3c3aadc2d,2803,2026-09-06,03_PCB,"03_PCB/R0B_CHECKPOINT_NOT_FOR_FAB/02_Mechanical_CAD/ANT-PROD-R0B_PROVISIONAL_BOARD_OUTLINE.dxf"
94eb79cd8402,2956,2026-09-06,03_PCB,"03_PCB/R0B_CHECKPOINT_NOT_FOR_FAB/02_Mechanical_CAD/MECHANICAL_CAD_HANDOFF.md"
a66fa75a22eb,2678,2026-09-06,03_PCB,"03_PCB/R0B_CHECKPOINT_NOT_FOR_FAB/03_Firmware/FIRMWARE_HANDOFF.md"
fc74e66c5c2f,3559,2026-09-06,03_PCB,"03_PCB/R0B_CHECKPOINT_NOT_FOR_FAB/04_Manufacturing/FAB_STACKUP_REQUEST.md"
5e52d4e7fff2,9948,2026-09-06,03_PCB,"03_PCB/R0B_CHECKPOINT_NOT_FOR_FAB/04_Manufacturing/MANUFACTURING_HANDOFF_CHECKLIST.md"
6a56ef54b5b5,1459,2026-09-06,03_PCB,"03_PCB/R0B_CHECKPOINT_NOT_FOR_FAB/04_Manufacturing/PCBA_FACTORY_HANDOFF.md"
66a03b588a52,2177,2026-09-06,03_PCB,"03_PCB/R0B_CHECKPOINT_NOT_FOR_FAB/05_Final_Assembly/FINAL_ASSEMBLY_SOP_DRAFT.md"
f48ff651c0fb,767,2026-09-06,03_PCB,"03_PCB/R0B_CHECKPOINT_NOT_FOR_FAB/06_Quality_and_Release/FABRICATION_BLOCKED.txt"
bfa4cb6c9cfa,11464,2026-09-06,03_PCB,"03_PCB/R0B_CHECKPOINT_NOT_FOR_FAB/06_Quality_and_Release/FIRST_ARTICLE_TEST_PLAN.md"
0962261cf524,2306,2026-09-06,03_PCB,"03_PCB/R0B_CHECKPOINT_NOT_FOR_FAB/06_Quality_and_Release/RELEASE_AND_QA_GATES.md"
1c29aabddd20,663,2026-09-06,03_PCB,"03_PCB/R0B_CHECKPOINT_NOT_FOR_FAB/06_Quality_and_Release/RELEASE_REMAINING_TEN_TEMPLATE.txt"
b292814fad95,762,2026-09-06,03_PCB,"03_PCB/R0B_CHECKPOINT_NOT_FOR_FAB/07_Messages/BARE_BOARD_BACKUP_RFQ_ENIGMA.txt"
9a33ff384bbf,965,2026-09-06,03_PCB,"03_PCB/R0B_CHECKPOINT_NOT_FOR_FAB/07_Messages/FINAL_ASSEMBLY_TECH_EMAIL.txt"
66337f5967c9,1187,2026-09-06,03_PCB,"03_PCB/R0B_CHECKPOINT_NOT_FOR_FAB/07_Messages/MECHANICAL_ENGINEER_EMAIL.txt"
ec11a670757e,1768,2026-09-06,03_PCB,"03_PCB/R0B_CHECKPOINT_NOT_FOR_FAB/07_Messages/PCBA_FACTORY_RFQ_CANADIAN_CIRCUITS.txt"
cada6954e88c,1659,2026-09-06,03_PCB,"03_PCB/R0B_CHECKPOINT_NOT_FOR_FAB/07_Messages/PCB_ENGINEER_EMAIL.txt"
bcfe19545b14,746,2026-09-06,03_PCB,"03_PCB/R0B_CHECKPOINT_NOT_FOR_FAB/07_Messages/SUPPLIER_CONTACTS.md"
42b8ee0bafa8,624,2026-09-06,03_PCB,"03_PCB/R0B_CHECKPOINT_NOT_FOR_FAB/99_Superseded_Notice/SUPERSEDED_FILES_NOTICE.md"
593f84f892cc,8157,2026-09-06,03_PCB,"03_PCB/R0B_CHECKPOINT_NOT_FOR_FAB/FILE_INDEX_SHA256.csv"
a796efa2dc5c,3377,2026-09-06,03_PCB,"03_PCB/R0B_CHECKPOINT_NOT_FOR_FAB/PACKAGE_MANIFEST.txt"
3bd65a375880,49278,2026-09-06,03_PCB,"03_PCB/R0_ROUTING_HISTORY_NOT_FOR_FAB/Anticipy_PROD_R0_EVT.dsn"
c086bae9fedc,232616,2026-09-06,03_PCB,"03_PCB/R0_ROUTING_HISTORY_NOT_FOR_FAB/Anticipy_PROD_R0_EVT.kicad_pcb"
c186674c1e8e,2307,2026-09-06,03_PCB,"03_PCB/R0_ROUTING_HISTORY_NOT_FOR_FAB/Anticipy_PROD_R0_EVT.kicad_prl"
2d5f234a9448,9794,2026-09-06,03_PCB,"03_PCB/R0_ROUTING_HISTORY_NOT_FOR_FAB/Anticipy_PROD_R0_EVT.kicad_pro"
d558256180fd,3530,2026-09-06,03_PCB,"03_PCB/R0_ROUTING_HISTORY_NOT_FOR_FAB/BOM.csv"
613f850b250e,2223,2026-09-06,03_PCB,"03_PCB/R0_ROUTING_HISTORY_NOT_FOR_FAB/FREE_TOOLCHAIN_WORKFLOW.md"
4ac474402fea,903,2026-09-06,03_PCB,"03_PCB/R0_ROUTING_HISTORY_NOT_FOR_FAB/INDICATOR_BEHAVIOR.md"
d85d65618f56,1084,2026-09-06,03_PCB,"03_PCB/R0_ROUTING_HISTORY_NOT_FOR_FAB/PINMAP.csv"
1edad913a70b,1877164,2026-09-06,03_PCB,"03_PCB/R0_ROUTING_HISTORY_NOT_FOR_FAB/R0_ROUTING_HISTORY.bundle"
0238bf664d42,3417,2026-09-06,03_PCB,"03_PCB/R0_ROUTING_HISTORY_NOT_FOR_FAB/R0_ROUTING_HISTORY_COMMITS.txt"
5256830b0ecb,193,2026-09-06,03_PCB,"03_PCB/R0_ROUTING_HISTORY_NOT_FOR_FAB/R0_UNCOMMITTED_AT_ARCHIVE_TIME.txt"
301aeb8ae8a8,3478,2026-09-06,03_PCB,"03_PCB/R0_ROUTING_HISTORY_NOT_FOR_FAB/README.md"
56220a021301,1903,2026-09-06,03_PCB,"03_PCB/R0_ROUTING_HISTORY_NOT_FOR_FAB/RELEASE_GATES.md"
33c0bfb34717,5748,2026-09-06,03_PCB,"03_PCB/R0_ROUTING_HISTORY_NOT_FOR_FAB/docs/ENGINEERING_AUDIT.md"
b9329a162f1f,1653,2026-09-06,03_PCB,"03_PCB/R0_ROUTING_HISTORY_NOT_FOR_FAB/docs/ROUTE_STATUS.md"
30ac8e542f0e,35926,2026-09-06,03_PCB,"03_PCB/R0_ROUTING_HISTORY_NOT_FOR_FAB/drc_unrouted_report.txt"
4d885c5ef1f1,1684,2026-09-06,03_PCB,"03_PCB/R0_ROUTING_HISTORY_NOT_FOR_FAB/export_fab.py"
36468a1d0d6c,20335,2026-09-06,03_PCB,"03_PCB/R0_ROUTING_HISTORY_NOT_FOR_FAB/generate_board.py"
0a7be6160a96,12600,2026-09-06,03_PCB,"03_PCB/R0_ROUTING_HISTORY_NOT_FOR_FAB/pad_net_report.csv"
f8495e12153c,58880,2026-09-06,03_PCB,"03_PCB/R0_ROUTING_HISTORY_NOT_FOR_FAB/preview/bottom.png"
8f64a8ac501e,40023,2026-09-06,03_PCB,"03_PCB/R0_ROUTING_HISTORY_NOT_FOR_FAB/preview/bottom.svg"
05a1d4369511,101852,2026-09-06,03_PCB,"03_PCB/R0_ROUTING_HISTORY_NOT_FOR_FAB/preview/top.png"
e39f636918d9,136478,2026-09-06,03_PCB,"03_PCB/R0_ROUTING_HISTORY_NOT_FOR_FAB/preview/top.svg"
d0eb405d43a5,947,2026-09-06,03_PCB,"03_PCB/R0_ROUTING_HISTORY_NOT_FOR_FAB/tools/export_dsn.py"
9e2168bcea4e,20347,2026-09-06,03_PCB,"03_PCB/R0_ROUTING_HISTORY_NOT_FOR_FAB/tools/final_build.py"
00aabc6bc2d8,254440,2026-09-06,03_PCB,"03_PCB/R0_ROUTING_HISTORY_NOT_FOR_FAB/tools/last_pipeline_routes.json"
de2c92f6e3eb,19018,2026-09-06,03_PCB,"03_PCB/R0_ROUTING_HISTORY_NOT_FOR_FAB/tools/route_board.py"
a1ea7c9d1cf1,2868,2026-09-06,03_PCB,"03_PCB/R0_ROUTING_HISTORY_NOT_FOR_FAB/verify_project.py"
f7b8d5f204e3,681,2026-09-06,03_PCB,"03_PCB/R1_TARGET_NOT_YET_DESIGNED/README.md"
2fd3c3dce9ee,2489,2026-09-06,03_PCB,"03_PCB/README.md"
4d440f57ac72,21821,2026-09-06,04_MECHANICAL,"04_MECHANICAL/MACHINIST_DRAWINGS/production_aluminum_cap.step"
72b88d3b5860,63684,2026-09-06,04_MECHANICAL,"04_MECHANICAL/MACHINIST_DRAWINGS/production_aluminum_cap.stl"
0d81350a2d1d,28648,2026-09-06,04_MECHANICAL,"04_MECHANICAL/MACHINIST_DRAWINGS/production_aluminum_cap_drawing.pdf"
0fd72f218c30,16005,2026-09-06,04_MECHANICAL,"04_MECHANICAL/MACHINIST_DRAWINGS/production_aluminum_cap_outline.dxf"
dec7742088cc,902225,2026-09-06,04_MECHANICAL,"04_MECHANICAL/OPENSCAD_SHELL_PROGRAM_v5.1/ANTICIPY_v4_3pendants.3mf"
326a0ce44bc4,37064,2026-09-06,04_MECHANICAL,"04_MECHANICAL/OPENSCAD_SHELL_PROGRAM_v5.1/BUILD_BOOK.html"
a316b06da0ef,8329,2026-09-06,04_MECHANICAL,"04_MECHANICAL/OPENSCAD_SHELL_PROGRAM_v5.1/COUPON_FIRST.3mf"
9afdfe546520,243857,2026-09-06,04_MECHANICAL,"04_MECHANICAL/OPENSCAD_SHELL_PROGRAM_v5.1/FINAL_v4_views.png"
e62b3b0e4fe9,1706,2026-09-06,04_MECHANICAL,"04_MECHANICAL/OPENSCAD_SHELL_PROGRAM_v5.1/HANDOFF.md"
24b782490565,1319971,2026-09-06,04_MECHANICAL,"04_MECHANICAL/OPENSCAD_SHELL_PROGRAM_v5.1/PRINT_ME_anticipy_all8.3mf"
bfbf8f9b5b41,894673,2026-09-06,04_MECHANICAL,"04_MECHANICAL/OPENSCAD_SHELL_PROGRAM_v5.1/PRINT_ME_v5_3pendants.3mf"
1a91ca7c1566,2307978,2026-09-06,04_MECHANICAL,"04_MECHANICAL/OPENSCAD_SHELL_PROGRAM_v5.1/PRINT_P1S_3pendants.3mf"
dca026876136,7218,2026-09-06,04_MECHANICAL,"04_MECHANICAL/OPENSCAD_SHELL_PROGRAM_v5.1/README.md"
3b88578ec4c3,4739790,2026-09-06,04_MECHANICAL,"04_MECHANICAL/OPENSCAD_SHELL_PROGRAM_v5.1/anticipy_print_package.zip"
fe462f872469,529,2026-09-06,04_MECHANICAL,"04_MECHANICAL/OPENSCAD_SHELL_PROGRAM_v5.1/anticipy_process.json"
02c44f26992a,154554,2026-09-06,04_MECHANICAL,"04_MECHANICAL/OPENSCAD_SHELL_PROGRAM_v5.1/beauty_back.png"
df1ff2ec697a,838377,2026-09-06,04_MECHANICAL,"04_MECHANICAL/OPENSCAD_SHELL_PROGRAM_v5.1/beauty_compare.png"
5cf5ac88d711,159619,2026-09-06,04_MECHANICAL,"04_MECHANICAL/OPENSCAD_SHELL_PROGRAM_v5.1/beauty_front.png"
ab97925b9115,445366,2026-09-06,04_MECHANICAL,"04_MECHANICAL/OPENSCAD_SHELL_PROGRAM_v5.1/beauty_plate.png"
98d6d056d861,132871,2026-09-06,04_MECHANICAL,"04_MECHANICAL/OPENSCAD_SHELL_PROGRAM_v5.1/beauty_threequarter.png"
7c055f2d405e,46976,2026-09-06,04_MECHANICAL,"04_MECHANICAL/OPENSCAD_SHELL_PROGRAM_v5.1/cmp_front.png"
87cd0913e6a3,600396,2026-09-06,04_MECHANICAL,"04_MECHANICAL/OPENSCAD_SHELL_PROGRAM_v5.1/cmp_side_by_side.png"
38325a4739fa,648,2026-09-06,04_MECHANICAL,"04_MECHANICAL/OPENSCAD_SHELL_PROGRAM_v5.1/cors_server.py"
f5f96e96a45d,27738,2026-09-06,04_MECHANICAL,"04_MECHANICAL/OPENSCAD_SHELL_PROGRAM_v5.1/doc_open_back.png"
99540441bc76,36861,2026-09-06,04_MECHANICAL,"04_MECHANICAL/OPENSCAD_SHELL_PROGRAM_v5.1/doc_open_front.png"
016c658dd748,16728,2026-09-06,04_MECHANICAL,"04_MECHANICAL/OPENSCAD_SHELL_PROGRAM_v5.1/doc_section.png"
f4f5c8d2c165,43714,2026-09-06,04_MECHANICAL,"04_MECHANICAL/OPENSCAD_SHELL_PROGRAM_v5.1/f1.png"
abf1743359b5,42220,2026-09-06,04_MECHANICAL,"04_MECHANICAL/OPENSCAD_SHELL_PROGRAM_v5.1/f2.png"
257d04db1cb0,14226,2026-09-06,04_MECHANICAL,"04_MECHANICAL/OPENSCAD_SHELL_PROGRAM_v5.1/f3.png"
d962439b618d,56166,2026-09-06,04_MECHANICAL,"04_MECHANICAL/OPENSCAD_SHELL_PROGRAM_v5.1/f4.png"
d135cfe6ca11,2757,2026-09-06,04_MECHANICAL,"04_MECHANICAL/OPENSCAD_SHELL_PROGRAM_v5.1/make_3mf.py"
e262858de5e1,2882,2026-09-06,04_MECHANICAL,"04_MECHANICAL/OPENSCAD_SHELL_PROGRAM_v5.1/make_3mf_coupon.py"
a7b3c2cfd0d1,2909,2026-09-06,04_MECHANICAL,"04_MECHANICAL/OPENSCAD_SHELL_PROGRAM_v5.1/make_3mf_v5.py"
391b70d89338,34520,2026-09-06,04_MECHANICAL,"04_MECHANICAL/OPENSCAD_SHELL_PROGRAM_v5.1/n_back.png"
5a418a54ae07,35727,2026-09-06,04_MECHANICAL,"04_MECHANICAL/OPENSCAD_SHELL_PROGRAM_v5.1/n_front.png"
c78e20b10694,36887,2026-09-06,04_MECHANICAL,"04_MECHANICAL/OPENSCAD_SHELL_PROGRAM_v5.1/n_open.png"
5018e378748c,39296,2026-09-06,04_MECHANICAL,"04_MECHANICAL/OPENSCAD_SHELL_PROGRAM_v5.1/n_persp.png"
c920d2fd56b0,18693,2026-09-06,04_MECHANICAL,"04_MECHANICAL/OPENSCAD_SHELL_PROGRAM_v5.1/pendant.scad"
fcd31d668021,14197,2026-09-06,04_MECHANICAL,"04_MECHANICAL/OPENSCAD_SHELL_PROGRAM_v5.1/pendant_v4_shipped_backup.scad"
c3aac1457632,4587,2026-09-06,04_MECHANICAL,"04_MECHANICAL/OPENSCAD_SHELL_PROGRAM_v5.1/render_beauty.py"
390b33faef3f,204,2026-09-06,04_MECHANICAL,"04_MECHANICAL/OPENSCAD_SHELL_PROGRAM_v5.1/result.json"
17c4d8678e95,34424,2026-09-06,04_MECHANICAL,"04_MECHANICAL/OPENSCAD_SHELL_PROGRAM_v5.1/shape_A_square.png"
ed2f95334893,41178,2026-09-06,04_MECHANICAL,"04_MECHANICAL/OPENSCAD_SHELL_PROGRAM_v5.1/shape_B_mid.png"
28d75fed431f,45289,2026-09-06,04_MECHANICAL,"04_MECHANICAL/OPENSCAD_SHELL_PROGRAM_v5.1/shape_C_stadium.png"
76f96aec0bf7,486533,2026-09-06,04_MECHANICAL,"04_MECHANICAL/OPENSCAD_SHELL_PROGRAM_v5.1/shape_options.png"
142f9286232e,782884,2026-09-06,04_MECHANICAL,"04_MECHANICAL/OPENSCAD_SHELL_PROGRAM_v5.1/stl/anticipy_v1_back.stl"
645dce41542e,468484,2026-09-06,04_MECHANICAL,"04_MECHANICAL/OPENSCAD_SHELL_PROGRAM_v5.1/stl/anticipy_v1_front.stl"
17c12bdb90b6,779384,2026-09-06,04_MECHANICAL,"04_MECHANICAL/OPENSCAD_SHELL_PROGRAM_v5.1/stl/anticipy_v2_back.stl"
c4456523e3cc,468884,2026-09-06,04_MECHANICAL,"04_MECHANICAL/OPENSCAD_SHELL_PROGRAM_v5.1/stl/anticipy_v2_front.stl"
ad0796d364dd,773384,2026-09-06,04_MECHANICAL,"04_MECHANICAL/OPENSCAD_SHELL_PROGRAM_v5.1/stl/anticipy_v3_back.stl"
35ca046dd0a1,470884,2026-09-06,04_MECHANICAL,"04_MECHANICAL/OPENSCAD_SHELL_PROGRAM_v5.1/stl/anticipy_v3_front.stl"
d1ed1e158910,787784,2026-09-06,04_MECHANICAL,"04_MECHANICAL/OPENSCAD_SHELL_PROGRAM_v5.1/stl/anticipy_v4_back.stl"
2d19d1990248,469184,2026-09-06,04_MECHANICAL,"04_MECHANICAL/OPENSCAD_SHELL_PROGRAM_v5.1/stl/anticipy_v4_front.stl"
885a88617dca,906684,2026-09-06,04_MECHANICAL,"04_MECHANICAL/OPENSCAD_SHELL_PROGRAM_v5.1/stl/pendant_v4_back.stl"
afc3ad28b46c,605084,2026-09-06,04_MECHANICAL,"04_MECHANICAL/OPENSCAD_SHELL_PROGRAM_v5.1/stl/pendant_v4_front.stl"
014bac82ad69,5484,2026-09-06,04_MECHANICAL,"04_MECHANICAL/OPENSCAD_SHELL_PROGRAM_v5.1/stl_v5/coupon_back.stl"
5e27e84a0d83,12584,2026-09-06,04_MECHANICAL,"04_MECHANICAL/OPENSCAD_SHELL_PROGRAM_v5.1/stl_v5/coupon_front_16.stl"
d09d827901f4,15384,2026-09-06,04_MECHANICAL,"04_MECHANICAL/OPENSCAD_SHELL_PROGRAM_v5.1/stl_v5/coupon_front_22.stl"
fd9c6664990b,18184,2026-09-06,04_MECHANICAL,"04_MECHANICAL/OPENSCAD_SHELL_PROGRAM_v5.1/stl_v5/coupon_front_28.stl"
e1705d10bb0d,906984,2026-09-06,04_MECHANICAL,"04_MECHANICAL/OPENSCAD_SHELL_PROGRAM_v5.1/stl_v5/v5_bat200_back.stl"
544f51c98849,593984,2026-09-06,04_MECHANICAL,"04_MECHANICAL/OPENSCAD_SHELL_PROGRAM_v5.1/stl_v5/v5_bat200_front.stl"
7bded16cd533,903084,2026-09-06,04_MECHANICAL,"04_MECHANICAL/OPENSCAD_SHELL_PROGRAM_v5.1/stl_v5/v5_v1_back.stl"
0fa05a6b658b,593484,2026-09-06,04_MECHANICAL,"04_MECHANICAL/OPENSCAD_SHELL_PROGRAM_v5.1/stl_v5/v5_v1_front.stl"
3bde2dfd5307,903784,2026-09-06,04_MECHANICAL,"04_MECHANICAL/OPENSCAD_SHELL_PROGRAM_v5.1/stl_v5/v5s_v1_back.stl"
2c10032fdc84,606784,2026-09-06,04_MECHANICAL,"04_MECHANICAL/OPENSCAD_SHELL_PROGRAM_v5.1/stl_v5/v5s_v1_front.stl"
545e4e726a9d,903184,2026-09-06,04_MECHANICAL,"04_MECHANICAL/OPENSCAD_SHELL_PROGRAM_v5.1/stl_v5/v5s_v2_back.stl"
1d79834a8613,607584,2026-09-06,04_MECHANICAL,"04_MECHANICAL/OPENSCAD_SHELL_PROGRAM_v5.1/stl_v5/v5s_v2_front.stl"
70f46175d06f,29008,2026-09-06,04_MECHANICAL,"04_MECHANICAL/OPENSCAD_SHELL_PROGRAM_v5.1/v4_back.png"
1a973a6d78a6,29580,2026-09-06,04_MECHANICAL,"04_MECHANICAL/OPENSCAD_SHELL_PROGRAM_v5.1/v4_front.png"
eb041358fbbc,32935,2026-09-06,04_MECHANICAL,"04_MECHANICAL/OPENSCAD_SHELL_PROGRAM_v5.1/v4_openback.png"
379589b75c31,39810,2026-09-06,04_MECHANICAL,"04_MECHANICAL/OPENSCAD_SHELL_PROGRAM_v5.1/v4_persp.png"
5a84e8ea82ff,21261,2026-09-06,04_MECHANICAL,"04_MECHANICAL/OPENSCAD_SHELL_PROGRAM_v5.1/v4_side.png"
4400ac96b031,27521,2026-09-06,04_MECHANICAL,"04_MECHANICAL/OPENSCAD_SHELL_PROGRAM_v5.1/w_back.png"
6a524069fdc7,28362,2026-09-06,04_MECHANICAL,"04_MECHANICAL/OPENSCAD_SHELL_PROGRAM_v5.1/w_front.png"
5975766d68ee,33206,2026-09-06,04_MECHANICAL,"04_MECHANICAL/OPENSCAD_SHELL_PROGRAM_v5.1/w_open.png"
5fc7d0a725f2,32720,2026-09-06,04_MECHANICAL,"04_MECHANICAL/OPENSCAD_SHELL_PROGRAM_v5.1/w_persp.png"
4ee25587592a,833056,2026-09-06,04_MECHANICAL,"04_MECHANICAL/PRINT_READY/Anticipy_v09_five_units_P2S.3mf"
dfbf3a7f72f3,38823,2026-09-06,04_MECHANICAL,"04_MECHANICAL/PRINT_READY/Anticipy_v09_five_units_plate_layout.png"
288a8af62d89,5887,2026-09-06,04_MECHANICAL,"04_MECHANICAL/PRINT_READY/Anticipy_v09_five_units_plate_report.json"
9dc255f590c2,14381,2026-09-06,04_MECHANICAL,"04_MECHANICAL/PRINT_READY/PRINT_AND_ASSEMBLE_P2S.md"
c5c3494408cb,2102,2026-09-06,04_MECHANICAL,"04_MECHANICAL/PRINT_READY/PRINT_MATERIAL_AND_FINISH.md"
19777e51281f,3155,2026-09-06,04_MECHANICAL,"04_MECHANICAL/PRINT_READY/PROTOTYPE_CART_5_UNITS.csv"
c5ef94c5fec8,1896,2026-09-06,04_MECHANICAL,"04_MECHANICAL/PRINT_READY/WIRING_CARD.md"
3f377eccc59c,29632,2026-09-06,04_MECHANICAL,"04_MECHANICAL/PRINT_READY/generate_v09_compact.py"
0fc9f5366450,5573,2026-09-06,04_MECHANICAL,"04_MECHANICAL/PRINT_READY/make_v09_five_unit_plate.py"
cf958e5f4c8a,50284,2026-09-06,04_MECHANICAL,"04_MECHANICAL/PRINT_READY/v09_button_plunger_1p7mm.stl"
4765c8a98e3f,50284,2026-09-06,04_MECHANICAL,"04_MECHANICAL/PRINT_READY/v09_button_plunger_1p9mm.stl"
15b1d94fd4ee,50284,2026-09-06,04_MECHANICAL,"04_MECHANICAL/PRINT_READY/v09_button_plunger_2p1mm.stl"
206465154099,241642,2026-09-06,04_MECHANICAL,"04_MECHANICAL/PRINT_READY/v09_compact_base.step"
2fdc66ba1cac,155884,2026-09-06,04_MECHANICAL,"04_MECHANICAL/PRINT_READY/v09_compact_base.stl"
d40af142978f,305978,2026-09-06,04_MECHANICAL,"04_MECHANICAL/PRINT_READY/v09_compact_lid.step"
7551b8a79410,315784,2026-09-06,04_MECHANICAL,"04_MECHANICAL/PRINT_READY/v09_compact_lid.stl"
75d1e8006670,684,2026-09-06,04_MECHANICAL,"04_MECHANICAL/PRINT_READY/v09_dummy_battery_Jauch_32x21x5p4.stl"
b3988a629d60,684,2026-09-06,04_MECHANICAL,"04_MECHANICAL/PRINT_READY/v09_dummy_board_stack_17p8x21x7p0.stl"
4b96e1691de1,684,2026-09-06,04_MECHANICAL,"04_MECHANICAL/PRINT_READY/v09_dummy_button_B3U_3x2p5x1p6.stl"
048eb9d694b4,684,2026-09-06,04_MECHANICAL,"04_MECHANICAL/PRINT_READY/v09_dummy_haptic_12x8x3.stl"
8fd173d6f8cc,684,2026-09-06,04_MECHANICAL,"04_MECHANICAL/PRINT_READY/v09_dummy_motor_10x10x2p1.stl"
e9f032fba7c5,7856,2026-09-06,04_MECHANICAL,"04_MECHANICAL/PRINT_READY/v09_fit_report.json"
6c6b92ee9b4b,66342,2026-09-06,04_MECHANICAL,"04_MECHANICAL/PRINT_READY/v09_internal_layout.png"
b4c742c26951,62396,2026-09-06,04_MECHANICAL,"04_MECHANICAL/PRINT_READY/v09_lanyard_clip.step"
9a49869b9131,78084,2026-09-06,04_MECHANICAL,"04_MECHANICAL/PRINT_READY/v09_lanyard_clip.stl"
2b6c63379c91,3674,2026-09-06,04_MECHANICAL,"04_MECHANICAL/PRINT_READY/v09_release_validation.json"
70c0fea2d0a7,4546,2026-09-06,04_MECHANICAL,"04_MECHANICAL/PRINT_READY/validate_v09_release.py"
fc985bb2877b,52284,2026-09-06,04_MECHANICAL,"04_MECHANICAL/PRINT_READY/xiao_prototype_plates/ALT_BENCH_ONLY_lower_fit_gauge_batt24_Vybronics10p2.stl"
d3151e419414,684,2026-09-06,04_MECHANICAL,"04_MECHANICAL/PRINT_READY/xiao_prototype_plates/ALT_LOCAL_MEASURE_MAX_battery_24x10x5p5.stl"
97bbdc3f3231,26684,2026-09-06,04_MECHANICAL,"04_MECHANICAL/PRINT_READY/xiao_prototype_plates/BENCH_ONLY_xiao_plan_fit_gauge.stl"
e488cf83486b,25084,2026-09-06,04_MECHANICAL,"04_MECHANICAL/PRINT_READY/xiao_prototype_plates/FALLBACK_ONLY_MEASURE_Lee_PID10431_10x2p7.stl"
ff7eb0b2e9af,25084,2026-09-06,04_MECHANICAL,"04_MECHANICAL/PRINT_READY/xiao_prototype_plates/MEASURE_MAX_Vybronics_VCLP1020B002L_10p2x2p3.stl"
264c80e28a51,684,2026-09-06,04_MECHANICAL,"04_MECHANICAL/PRINT_READY/xiao_prototype_plates/MEASURE_MAX_finished_driver_island_8x4x2.stl"
0a6b9ab1a009,684,2026-09-06,04_MECHANICAL,"04_MECHANICAL/PRINT_READY/xiao_prototype_plates/MEASURE_XIAO_official_bbox_22p482x17p78x4p46.stl"
f63b7208b917,52284,2026-09-06,04_MECHANICAL,"04_MECHANICAL/PRINT_READY/xiao_prototype_plates/PLAN_B_BENCH_ONLY_lower_fit_gauge_DTP401525_Vybronics_driver_rotated.stl"
30ab9151a681,684,2026-09-06,04_MECHANICAL,"04_MECHANICAL/PRINT_READY/xiao_prototype_plates/PLAN_B_MEASURE_MAX_DTP401525_total_25p3x15x4.stl"
25ad5cbd26bc,103084,2026-09-06,04_MECHANICAL,"04_MECHANICAL/PRINT_READY/xiao_prototype_plates/PRIMARY_RENATA_ONLY_M2_body_drill_marking_jig_USB_NOTCH.stl"
c7788ddcbe7c,98284,2026-09-06,04_MECHANICAL,"04_MECHANICAL/PRINT_READY/xiao_prototype_plates/PRIMARY_RENATA_ONLY_M2_screw_retained_midband_rise_4p50mm_loose_tongue.stl"
6b38ac5d7812,98284,2026-09-06,04_MECHANICAL,"04_MECHANICAL/PRINT_READY/xiao_prototype_plates/PRIMARY_RENATA_ONLY_M2_screw_retained_midband_rise_4p50mm_nominal.stl"
526ae3af6381,25084,2026-09-06,04_MECHANICAL,"04_MECHANICAL/PRINT_READY/xiao_prototype_plates/PRIMARY_RENATA_ONLY_MEASURE_MAX_coin_motor_10p2x2p7.stl"
088a62c59b80,5484,2026-09-06,04_MECHANICAL,"04_MECHANICAL/PRINT_READY/xiao_prototype_plates/PRINT_DECK_DOWN_then_FLIP_battery_safety_bridge.stl"
0abcfd7c83ff,178384,2026-09-06,04_MECHANICAL,"04_MECHANICAL/PRINT_READY/xiao_prototype_plates/PRINT_FULL_SHELL_body_exact_historical_geometry.stl"
cc34568c3069,144084,2026-09-06,04_MECHANICAL,"04_MECHANICAL/PRINT_READY/xiao_prototype_plates/PRINT_FULL_SHELL_hooked_face_exact_historical_geometry.stl"
f31ad58081ff,53284,2026-09-06,04_MECHANICAL,"04_MECHANICAL/PRINT_READY/xiao_prototype_plates/PRINT_TWO_PRIMARY_RENATA_ONLY_M2_keyed_retainer_posts_HEAD_DOWN.stl"
555a7fdfb696,77684,2026-09-06,04_MECHANICAL,"04_MECHANICAL/PRINT_READY/xiao_prototype_plates/mic_drill_jig_usb_end_notched.stl"
95209ada44a2,94684,2026-09-06,04_MECHANICAL,"04_MECHANICAL/PRINT_READY/xiao_prototype_plates/ordered_shell_midband_rise_4p50mm_loose_tongue.stl"
bbacd9b095fa,94684,2026-09-06,04_MECHANICAL,"04_MECHANICAL/PRINT_READY/xiao_prototype_plates/ordered_shell_midband_rise_4p50mm_nominal.stl"
d03e48dcf5a6,3250,2026-09-06,04_MECHANICAL,"04_MECHANICAL/README.md"
a6889d620b0c,3548,2026-09-06,04_MECHANICAL,"04_MECHANICAL/REFERENCE_STEP/PRODUCTION_FIT_REPORT.md"
60065df370b5,41480,2026-09-06,04_MECHANICAL,"04_MECHANICAL/REFERENCE_STEP/generate_cad_v10.py"
4d440f57ac72,21821,2026-09-06,04_MECHANICAL,"04_MECHANICAL/REFERENCE_STEP/production_aluminum_cap.step"
72b88d3b5860,63684,2026-09-06,04_MECHANICAL,"04_MECHANICAL/REFERENCE_STEP/production_aluminum_cap.stl"
0d81350a2d1d,28648,2026-09-06,04_MECHANICAL,"04_MECHANICAL/REFERENCE_STEP/production_aluminum_cap_drawing.pdf"
0fd72f218c30,16005,2026-09-06,04_MECHANICAL,"04_MECHANICAL/REFERENCE_STEP/production_aluminum_cap_outline.dxf"
2d189725a273,15572,2026-09-06,04_MECHANICAL,"04_MECHANICAL/REFERENCE_STEP/production_button_boot.step"
56502c052390,684,2026-09-06,04_MECHANICAL,"04_MECHANICAL/REFERENCE_STEP/production_button_boot.stl"
7b22fa89417c,74693,2026-09-06,04_MECHANICAL,"04_MECHANICAL/REFERENCE_STEP/production_button_plunger.step"
6ddb599afec7,3884,2026-09-06,04_MECHANICAL,"04_MECHANICAL/REFERENCE_STEP/production_button_plunger.stl"
4948c6906cbc,729320,2026-09-06,04_MECHANICAL,"04_MECHANICAL/REFERENCE_STEP/production_chassis.step"
33b49ce5d556,909884,2026-09-06,04_MECHANICAL,"04_MECHANICAL/REFERENCE_STEP/production_chassis.stl"
af29cd6fed07,15513,2026-09-06,04_MECHANICAL,"04_MECHANICAL/REFERENCE_STEP/production_dummy_battery_27x12.5x6.step"
2377fd860fd4,684,2026-09-06,04_MECHANICAL,"04_MECHANICAL/REFERENCE_STEP/production_dummy_battery_27x12.5x6.stl"
fd625494ae0c,5746,2026-09-06,04_MECHANICAL,"04_MECHANICAL/REFERENCE_STEP/production_dummy_motor_7x2.step"
ec4f1989f645,25084,2026-09-06,04_MECHANICAL,"04_MECHANICAL/REFERENCE_STEP/production_dummy_motor_7x2.stl"
41f472d0138a,43668,2026-09-06,04_MECHANICAL,"04_MECHANICAL/REFERENCE_STEP/production_dummy_pcb_shaped_37.5x14x0.6.step"
04f48c388a47,59684,2026-09-06,04_MECHANICAL,"04_MECHANICAL/REFERENCE_STEP/production_dummy_pcb_shaped_37.5x14x0.6.stl"
69445b49c024,15470,2026-09-06,04_MECHANICAL,"04_MECHANICAL/REFERENCE_STEP/production_dummy_radio_AN54LV_8.4x6.4x1.5.step"
e76245db54bf,684,2026-09-06,04_MECHANICAL,"04_MECHANICAL/REFERENCE_STEP/production_dummy_radio_AN54LV_8.4x6.4x1.5.stl"
a659c1928715,414724,2026-09-06,04_MECHANICAL,"04_MECHANICAL/REFERENCE_STEP/production_fit_check.glb"
43865735e30a,4891,2026-09-06,04_MECHANICAL,"04_MECHANICAL/REFERENCE_STEP/production_fit_report.json"
8417a27ac5d1,1088521,2026-09-06,04_MECHANICAL,"04_MECHANICAL/REFERENCE_STEP/production_full_assembly.step"
5ff7f919fcda,104089,2026-09-06,04_MECHANICAL,"04_MECHANICAL/REFERENCE_STEP/production_internal_layout.png"
9f0a0dccffdb,43668,2026-09-06,04_MECHANICAL,"04_MECHANICAL/REFERENCE_STEP/production_pcb_placement_only.step"
33b49ce5d556,909884,2026-09-06,04_MECHANICAL,"04_MECHANICAL/REFERENCE_STEP/production_print_back.stl"
45a1ad4a9a4a,84484,2026-09-06,04_MECHANICAL,"04_MECHANICAL/REFERENCE_STEP/production_print_front.stl"
90312f0ed0a5,16470,2026-09-06,04_MECHANICAL,"04_MECHANICAL/REFERENCE_STEP/production_rf_cap.step"
0e98ac290755,21484,2026-09-06,04_MECHANICAL,"04_MECHANICAL/REFERENCE_STEP/production_rf_cap.stl"
a6514f8c4d7d,53001,2026-09-06,04_MECHANICAL,"04_MECHANICAL/REFERENCE_STEP/production_visual_pebble.step"
afb476a0e6cf,2596884,2026-09-06,04_MECHANICAL,"04_MECHANICAL/REFERENCE_STEP/production_visual_pebble.stl"
98019917c751,35870,2026-09-06,04_MECHANICAL,"04_MECHANICAL/REFERENCE_STEP/tmp/pdfs/v10_cap/page-1.png"
771f50be1a08,1027149,2026-09-06,04_MECHANICAL,"04_MECHANICAL/SUPERSEDED_AND_MOCKUPS/ANTICIPY_V1_Big.step"
dec7742088cc,902225,2026-09-06,04_MECHANICAL,"04_MECHANICAL/SUPERSEDED_AND_MOCKUPS/ANTICIPY_v4_3pendants.3mf"
eac3ea92e315,72188284,2026-09-06,04_MECHANICAL,"04_MECHANICAL/SUPERSEDED_AND_MOCKUPS/OVERSIZED_MESHES_500mah_2026-08-22/anticipy-back-half-500mah-c0p35.stl"
26358bfb5b43,34237884,2026-09-06,04_MECHANICAL,"04_MECHANICAL/SUPERSEDED_AND_MOCKUPS/OVERSIZED_MESHES_500mah_2026-08-22/anticipy-back-half.stl"
5279ee04e303,67902084,2026-09-06,04_MECHANICAL,"04_MECHANICAL/SUPERSEDED_AND_MOCKUPS/OVERSIZED_MESHES_500mah_2026-08-22/anticipy-front-half-500mah-c0p35.stl"
fc5a90fb6599,31515284,2026-09-06,04_MECHANICAL,"04_MECHANICAL/SUPERSEDED_AND_MOCKUPS/OVERSIZED_MESHES_500mah_2026-08-22/anticipy-front-half.stl"
cd454bb2b132,1104252,2026-09-06,04_MECHANICAL,"04_MECHANICAL/SUPERSEDED_AND_MOCKUPS/P2S_plate_3_51mm_mechanical_fit.3mf"
e965bf714326,338964,2026-09-06,04_MECHANICAL,"04_MECHANICAL/SUPERSEDED_AND_MOCKUPS/P2S_v07_nopcb_retained.3mf"
24b782490565,1319971,2026-09-06,04_MECHANICAL,"04_MECHANICAL/SUPERSEDED_AND_MOCKUPS/PRINT_ME_anticipy_all8.3mf"
1a91ca7c1566,2307978,2026-09-06,04_MECHANICAL,"04_MECHANICAL/SUPERSEDED_AND_MOCKUPS/PRINT_P1S_3pendants.3mf"
543d70e0fb5c,369,2026-09-06,04_MECHANICAL,"04_MECHANICAL/SUPERSEDED_AND_MOCKUPS/anticipy-pendant.mtl"
2f2ac8aee634,16294177,2026-09-06,04_MECHANICAL,"04_MECHANICAL/SUPERSEDED_AND_MOCKUPS/anticipy-pendant.obj"
7a967af648cf,1500084,2026-09-06,04_MECHANICAL,"04_MECHANICAL/SUPERSEDED_AND_MOCKUPS/anticipy_chain.stl"
94993bb01421,2000084,2026-09-06,04_MECHANICAL,"04_MECHANICAL/SUPERSEDED_AND_MOCKUPS/anticipy_pendant_mockup.stl"
99e69cdd6148,39909984,2026-09-06,04_MECHANICAL,"04_MECHANICAL/SUPERSEDED_AND_MOCKUPS/anticipy_pendant_v2.stl"
0da81d1739b5,1260572,2026-09-06,04_MECHANICAL,"04_MECHANICAL/SUPERSEDED_AND_MOCKUPS/anticipy_pendant_v2_preview.png"
999e4d20b814,28427,2026-09-06,04_MECHANICAL,"04_MECHANICAL/SUPERSEDED_AND_MOCKUPS/pendant_front.stl"
3ba828748430,3481706,2026-09-06,04_MECHANICAL,"04_MECHANICAL/SUPERSEDED_AND_MOCKUPS/plate_tonight.stl"
c9686baaa334,1908736,2026-09-06,05_FIRMWARE,"05_FIRMWARE/DEVICE_RECOVERY/CURRENT-from-device-20260724.uf2"
31fd678f85fa,1247,2026-09-06,05_FIRMWARE,"05_FIRMWARE/DEVICE_RECOVERY/MANIFEST.sha256"
afae81ea55a9,4647,2026-09-06,05_FIRMWARE,"05_FIRMWARE/DEVICE_RECOVERY/README.md"
8d7e049bb2bc,83,2026-09-06,05_FIRMWARE,"05_FIRMWARE/DEVICE_RECOVERY/TWILIO-ROLLBACK.txt"
a04f69e28e97,12429,2026-09-06,05_FIRMWARE,"05_FIRMWARE/DEVICE_RECOVERY/WELCOME-BACK.md"
b6395fabfa28,509952,2026-09-06,05_FIRMWARE,"05_FIRMWARE/DEVICE_RECOVERY/ab_recovery_images_20260724/A-TRY-FIRST-dual-hatch-rc-internal-RC.uf2"
77ee2d67df00,255585,2026-09-06,05_FIRMWARE,"05_FIRMWARE/DEVICE_RECOVERY/ab_recovery_images_20260724/A-TRY-FIRST-dual-hatch-rc-nrf52-legacy-ota.zip"
f1c9011a921b,509440,2026-09-06,05_FIRMWARE,"05_FIRMWARE/DEVICE_RECOVERY/ab_recovery_images_20260724/B-dual-hatch-xtal-crystal.uf2"
e861aa9c2979,255474,2026-09-06,05_FIRMWARE,"05_FIRMWARE/DEVICE_RECOVERY/ab_recovery_images_20260724/B-dual-hatch-xtal-nrf52-legacy-ota.zip"
1deb99cd3565,6262,2026-09-06,05_FIRMWARE,"05_FIRMWARE/DEVICE_RECOVERY/ab_recovery_images_20260724/README.md"
ce1f5a1086bd,422,2026-09-06,05_FIRMWARE,"05_FIRMWARE/DEVICE_RECOVERY/ab_recovery_images_20260724/SHA256SUMS.txt"
9061f7e31166,304,2026-09-06,05_FIRMWARE,"05_FIRMWARE/DEVICE_RECOVERY/dfu-package/README-NOT-YET-BUILT.txt"
c9686baaa334,1908736,2026-09-06,05_FIRMWARE,"05_FIRMWARE/DEVICE_RECOVERY/image/CURRENT-from-device-20260724.uf2"
b7cddedb7010,274468,2026-09-06,05_FIRMWARE,"05_FIRMWARE/DEVICE_RECOVERY/image/zephyr.bin"
8d969ccd73a8,18300,2026-09-06,05_FIRMWARE,"05_FIRMWARE/DEVICE_RECOVERY/image/zephyr.dts"
0f4dc109c685,5240756,2026-09-06,05_FIRMWARE,"05_FIRMWARE/DEVICE_RECOVERY/image/zephyr.elf"
c0a6bde2319d,772213,2026-09-06,05_FIRMWARE,"05_FIRMWARE/DEVICE_RECOVERY/image/zephyr.hex"
437dc9e33ef5,549376,2026-09-06,05_FIRMWARE,"05_FIRMWARE/DEVICE_RECOVERY/image/zephyr.uf2"
f862439a1e5c,68241,2026-09-06,05_FIRMWARE,"05_FIRMWARE/DEVICE_RECOVERY/provenance/.config"
3ce8729448cd,9047,2026-09-06,05_FIRMWARE,"05_FIRMWARE/DEVICE_RECOVERY/provenance/ANTICIPY_DEVELOPMENT_BUILD_RECEIPT_NOT_FOR_FLASH.json"
ba3a6fa71fd7,2398,2026-09-06,05_FIRMWARE,"05_FIRMWARE/DEVICE_RECOVERY/provenance/ANTICIPY_SOURCE_RECEIPT.json"
d1f824e2f325,520,2026-09-06,05_FIRMWARE,"05_FIRMWARE/DEVICE_RECOVERY/provenance/ARTIFACT_SHA256SUMS.txt"
5b0ebf07d6b1,290,2026-09-06,05_FIRMWARE,"05_FIRMWARE/DEVICE_RECOVERY/provenance/BUILD_COMMAND.txt"
a4c599ba28b9,52549,2026-09-06,05_FIRMWARE,"05_FIRMWARE/DEVICE_RECOVERY/provenance/CMakeCache.txt"
a31e3a86b660,197,2026-09-06,05_FIRMWARE,"05_FIRMWARE/DEVICE_RECOVERY/provenance/TOOL_VERSIONS.tsv"
ac86b569e2f9,1083,2026-09-06,05_FIRMWARE,"05_FIRMWARE/DEVICE_RECOVERY/tools/recon/AUDIO_CAPTURE.txt"
9591541dfd04,920,2026-09-06,05_FIRMWARE,"05_FIRMWARE/DEVICE_RECOVERY/tools/recon/Anticipy Audio Capture.app/Contents/Info.plist"
10b308c35c6a,196112,2026-09-06,05_FIRMWARE,"05_FIRMWARE/DEVICE_RECOVERY/tools/recon/Anticipy Audio Capture.app/Contents/MacOS/audiocap"
6686de10a28a,2200,2026-09-06,05_FIRMWARE,"05_FIRMWARE/DEVICE_RECOVERY/tools/recon/Anticipy Audio Capture.app/Contents/_CodeSignature/CodeResources"
f03e309da1d6,984,2026-09-06,05_FIRMWARE,"05_FIRMWARE/DEVICE_RECOVERY/tools/recon/Anticipy Pendant Recon.app/Contents/Info.plist"
aaace99d82bd,125760,2026-09-06,05_FIRMWARE,"05_FIRMWARE/DEVICE_RECOVERY/tools/recon/Anticipy Pendant Recon.app/Contents/MacOS/omi-probe"
6686de10a28a,2200,2026-09-06,05_FIRMWARE,"05_FIRMWARE/DEVICE_RECOVERY/tools/recon/Anticipy Pendant Recon.app/Contents/_CodeSignature/CodeResources"
074bc9ab25af,986,2026-09-06,05_FIRMWARE,"05_FIRMWARE/DEVICE_RECOVERY/tools/recon/Anticipy Pendant Survey.app/Contents/Info.plist"
fdffcaadde1b,192256,2026-09-06,05_FIRMWARE,"05_FIRMWARE/DEVICE_RECOVERY/tools/recon/Anticipy Pendant Survey.app/Contents/MacOS/omi-survey"
6686de10a28a,2200,2026-09-06,05_FIRMWARE,"05_FIRMWARE/DEVICE_RECOVERY/tools/recon/Anticipy Pendant Survey.app/Contents/_CodeSignature/CodeResources"
f3fa253beb17,2717,2026-09-06,05_FIRMWARE,"05_FIRMWARE/DEVICE_RECOVERY/tools/recon/IDENT.txt"
aaaa365837a2,914,2026-09-06,05_FIRMWARE,"05_FIRMWARE/DEVICE_RECOVERY/tools/recon/Pendant Identify.app/Contents/Info.plist"
f9e153ebce53,128704,2026-09-06,05_FIRMWARE,"05_FIRMWARE/DEVICE_RECOVERY/tools/recon/Pendant Identify.app/Contents/MacOS/ident"
6686de10a28a,2200,2026-09-06,05_FIRMWARE,"05_FIRMWARE/DEVICE_RECOVERY/tools/recon/Pendant Identify.app/Contents/_CodeSignature/CodeResources"
108c554dfad5,984,2026-09-06,05_FIRMWARE,"05_FIRMWARE/DEVICE_RECOVERY/tools/recon/Pendant Survey 2.app/Contents/Info.plist"
83fd3c26a38d,196080,2026-09-06,05_FIRMWARE,"05_FIRMWARE/DEVICE_RECOVERY/tools/recon/Pendant Survey 2.app/Contents/MacOS/omi-survey"
0e53949af612,192256,2026-09-06,05_FIRMWARE,"05_FIRMWARE/DEVICE_RECOVERY/tools/recon/Pendant Survey 2.app/Contents/MacOS/survey2"
f66c8d6e5745,2428,2026-09-06,05_FIRMWARE,"05_FIRMWARE/DEVICE_RECOVERY/tools/recon/Pendant Survey 2.app/Contents/_CodeSignature/CodeResources"
ef0c0f060a50,2146,2026-09-06,05_FIRMWARE,"05_FIRMWARE/DEVICE_RECOVERY/tools/recon/RECON_RESULT.txt"
5adfd4a30ad9,10998,2026-09-06,05_FIRMWARE,"05_FIRMWARE/DEVICE_RECOVERY/tools/recon/SURVEY2.txt"
cebf15ca70ee,1042,2026-09-06,05_FIRMWARE,"05_FIRMWARE/DEVICE_RECOVERY/tools/recon/SURVEY_RESULT.txt"
874e80bc2aa5,20445,2026-09-06,05_FIRMWARE,"05_FIRMWARE/DEVICE_RECOVERY/tools/recon/omi_probe_audio.swift"
881a35edcc2a,19790,2026-09-06,05_FIRMWARE,"05_FIRMWARE/DEVICE_RECOVERY/tools/recon/omi_probe_autostart.swift"
3dcb87d48ce6,19494,2026-09-06,05_FIRMWARE,"05_FIRMWARE/DEVICE_RECOVERY/tools/recon/omi_probe_gui_logged.swift"
c8e2e93ac527,17824,2026-09-06,05_FIRMWARE,"05_FIRMWARE/DEVICE_RECOVERY/tools/recon/omi_probe_headless.swift"
6a2812d00584,20178,2026-09-06,05_FIRMWARE,"05_FIRMWARE/DEVICE_RECOVERY/tools/recon/omi_probe_survey.swift"
c26cf3d264fc,194,2026-09-06,05_FIRMWARE,"05_FIRMWARE/DOCS/.gitattributes"
be656378fd90,15602,2026-09-06,05_FIRMWARE,"05_FIRMWARE/DOCS/BUILD.md"
a59b96b61ede,5261,2026-09-06,05_FIRMWARE,"05_FIRMWARE/DOCS/PROTOCOL.md"
2a84ac885abc,6483,2026-09-06,05_FIRMWARE,"05_FIRMWARE/DOCS/README.md"
a6f1242568b8,8130,2026-09-06,05_FIRMWARE,"05_FIRMWARE/DOCS/THREAT-MODEL.md"
079045d12258,4978,2026-09-06,05_FIRMWARE,"05_FIRMWARE/DOCS/development-receipts/2026-07-23-f717-local-runtime-no-go.md"
eeca2366db65,11609,2026-09-06,05_FIRMWARE,"05_FIRMWARE/DOCS/development-receipts/2026-07-23-single-local-not-for-flash.md"
72a4d230671e,208,2026-09-06,05_FIRMWARE,"05_FIRMWARE/DOCS/protocol_spec/__init__.py"
17bc1bd88e97,5684,2026-09-06,05_FIRMWARE,"05_FIRMWARE/DOCS/protocol_spec/frame_protocol.py"
ff300aafde7a,2822,2026-09-06,05_FIRMWARE,"05_FIRMWARE/DOCS/upstream.lock.json"
2e78015e01d2,624640,2026-09-06,05_FIRMWARE,"05_FIRMWARE/IMAGES/2026-07-20_anticipy.uf2"
4aa9ecd8f6c8,878411,2026-09-06,05_FIRMWARE,"05_FIRMWARE/IMAGES/2026-07-21_anticipy.hex"
c0a6bde2319d,772213,2026-09-06,05_FIRMWARE,"05_FIRMWARE/IMAGES/2026-07-23_zephyr_dev_NOT_FOR_FLASH.hex"
437dc9e33ef5,549376,2026-09-06,05_FIRMWARE,"05_FIRMWARE/IMAGES/2026-07-23_zephyr_dev_NOT_FOR_FLASH.uf2"
f1c9011a921b,509440,2026-09-06,05_FIRMWARE,"05_FIRMWARE/IMAGES/2026-07-24_dual-hatch-base.uf2"
da19899a147d,635904,2026-09-06,05_FIRMWARE,"05_FIRMWARE/IMAGES/2026-07-24_dual-hatch-debug.uf2"
b6395fabfa28,509952,2026-09-06,05_FIRMWARE,"05_FIRMWARE/IMAGES/2026-07-24_dual-hatch-rc.uf2"
f53bc7572623,510976,2026-09-06,05_FIRMWARE,"05_FIRMWARE/IMAGES/2026-07-24_dual-hatch-secure.uf2"
de31edba36d0,585216,2026-09-06,05_FIRMWARE,"05_FIRMWARE/IMAGES/2026-08-28_anticipy_founder_evt_v0.9.0_LAB_ONLY.uf2"
f246fc79ff99,528384,2026-09-06,05_FIRMWARE,"05_FIRMWARE/IMAGES/2026-09-04_anticipy_0.9.3_owner2_live_50mA_HOLD.uf2"
72e273e0cd61,3805,2026-09-06,05_FIRMWARE,"05_FIRMWARE/README.md"
de31edba36d0,585216,2026-09-06,05_FIRMWARE,"05_FIRMWARE/SOURCE/Anticipy_Founder_EVT_v0.9.0.uf2"
debad7b3c48e,4845,2026-09-06,05_FIRMWARE,"05_FIRMWARE/SOURCE/BLE_IPHONE_PROTOCOL.md"
b1c726ed2d7d,1342,2026-09-06,05_FIRMWARE,"05_FIRMWARE/SOURCE/BUILD_METADATA.json"
98a56bacf4d6,5656,2026-09-06,05_FIRMWARE,"05_FIRMWARE/SOURCE/BUILD_STATUS.md"
dd43fb6ecd9c,958,2026-09-06,05_FIRMWARE,"05_FIRMWARE/SOURCE/HOST_CHECK_OUTPUT.txt"
7efdcd0fc0d7,1084,2026-09-06,05_FIRMWARE,"05_FIRMWARE/SOURCE/LICENSE-OMI-MIT.txt"
88d227a8295b,3638,2026-09-06,05_FIRMWARE,"05_FIRMWARE/SOURCE/README.md"
04aeb7d37383,4010,2026-09-06,05_FIRMWARE,"05_FIRMWARE/SOURCE/SECURITY_RELEASE_GATES.md"
442d82e20239,202,2026-09-06,05_FIRMWARE,"05_FIRMWARE/SOURCE/SHA256SUMS.txt"
d54891be6eab,934,2026-09-06,05_FIRMWARE,"05_FIRMWARE/SOURCE/THIRD_PARTY_NOTICES.md"
9095e7b4a847,5351572,2026-09-06,05_FIRMWARE,"05_FIRMWARE/SOURCE/debug/Anticipy_Founder_EVT_v0.9.0.elf"
ef70393f13b7,468,2026-09-06,05_FIRMWARE,"05_FIRMWARE/SOURCE/flash.sh"
75127a1ee934,16292,2026-09-06,05_FIRMWARE,"05_FIRMWARE/SOURCE/ios_test_client/AnticipyBLEClient.swift"
4ae7bc5b4a62,1621,2026-09-06,05_FIRMWARE,"05_FIRMWARE/SOURCE/ios_test_client/README.md"
282a3fa8b552,1929,2026-09-06,05_FIRMWARE,"05_FIRMWARE/SOURCE/source_nrf52840/.github/workflows/build-evt-firmware.yml"
2ca81f489bf2,6769,2026-09-06,05_FIRMWARE,"05_FIRMWARE/SOURCE/source_nrf52840/CMakeLists.txt"
6da8a7b099e8,1198,2026-09-06,05_FIRMWARE,"05_FIRMWARE/SOURCE/source_nrf52840/Kconfig"
4b44ae944a7c,471,2026-09-06,05_FIRMWARE,"05_FIRMWARE/SOURCE/source_nrf52840/flash.sh"
333dadaea371,9322,2026-09-06,05_FIRMWARE,"05_FIRMWARE/SOURCE/source_nrf52840/host_checks.py"
75127a1ee934,16292,2026-09-06,05_FIRMWARE,"05_FIRMWARE/SOURCE/source_nrf52840/ios_test_client/AnticipyBLEClient.swift"
c42cc82f3cf4,2256,2026-09-06,05_FIRMWARE,"05_FIRMWARE/SOURCE/source_nrf52840/overlay/xiao_ble_sense_devkitv2-adafruit.overlay"
2d1e11ba67db,3886,2026-09-06,05_FIRMWARE,"05_FIRMWARE/SOURCE/source_nrf52840/prj_xiao_ble_sense_devkitv2-adafruit.conf"
de7f85f187ee,16026,2026-09-06,05_FIRMWARE,"05_FIRMWARE/SOURCE/source_nrf52840/src/button.c"
f1d8c91af4ab,271,2026-09-06,05_FIRMWARE,"05_FIRMWARE/SOURCE/source_nrf52840/src/button.h"
ee0db73af86a,3858,2026-09-06,05_FIRMWARE,"05_FIRMWARE/SOURCE/source_nrf52840/src/codec.c"
988d99ac4629,402,2026-09-06,05_FIRMWARE,"05_FIRMWARE/SOURCE/source_nrf52840/src/codec.h"
3c6bc6239d50,1411,2026-09-06,05_FIRMWARE,"05_FIRMWARE/SOURCE/source_nrf52840/src/config.h"
1f6e7905c99a,2843,2026-09-06,05_FIRMWARE,"05_FIRMWARE/SOURCE/source_nrf52840/src/haptic.c"
16b037c10872,207,2026-09-06,05_FIRMWARE,"05_FIRMWARE/SOURCE/source_nrf52840/src/haptic.h"
84ef17fc0112,775,2026-09-06,05_FIRMWARE,"05_FIRMWARE/SOURCE/source_nrf52840/src/led.c"
7f53b7d7f7a3,579,2026-09-06,05_FIRMWARE,"05_FIRMWARE/SOURCE/source_nrf52840/src/led.h"
a0ff36764b5c,7024,2026-09-06,05_FIRMWARE,"05_FIRMWARE/SOURCE/source_nrf52840/src/lib/battery/battery.c"
737f0caa3b4d,2211,2026-09-06,05_FIRMWARE,"05_FIRMWARE/SOURCE/source_nrf52840/src/lib/battery/battery.h"
8552687904b2,10759,2026-09-06,05_FIRMWARE,"05_FIRMWARE/SOURCE/source_nrf52840/src/lib/opus-1.2.1/A2NLSF.c"
cc4d2169dddb,7175,2026-09-06,05_FIRMWARE,"05_FIRMWARE/SOURCE/source_nrf52840/src/lib/opus-1.2.1/API.h"
eb8c9901f2a3,9599,2026-09-06,05_FIRMWARE,"05_FIRMWARE/SOURCE/source_nrf52840/src/lib/opus-1.2.1/CNG.c"
8ced42dcf02a,3284,2026-09-06,05_FIRMWARE,"05_FIRMWARE/SOURCE/source_nrf52840/src/lib/opus-1.2.1/CmakeLists.txt"
e528fcf0eebc,3989,2026-09-06,05_FIRMWARE,"05_FIRMWARE/SOURCE/source_nrf52840/src/lib/opus-1.2.1/HP_variable_cutoff.c"
d8d637375bd1,7314,2026-09-06,05_FIRMWARE,"05_FIRMWARE/SOURCE/source_nrf52840/src/lib/opus-1.2.1/Inlines.h"
f15ac8e1d21d,5015,2026-09-06,05_FIRMWARE,"05_FIRMWARE/SOURCE/source_nrf52840/src/lib/opus-1.2.1/LPC_analysis_filter.c"
c24418dfdcd9,3957,2026-09-06,05_FIRMWARE,"05_FIRMWARE/SOURCE/source_nrf52840/src/lib/opus-1.2.1/LPC_fit.c"
c2cc22922cd3,6161,2026-09-06,05_FIRMWARE,"05_FIRMWARE/SOURCE/source_nrf52840/src/lib/opus-1.2.1/LPC_inv_pred_gain.c"
e17cec3098ec,6552,2026-09-06,05_FIRMWARE,"05_FIRMWARE/SOURCE/source_nrf52840/src/lib/opus-1.2.1/LP_variable_cutoff.c"
e57c94e63891,4730,2026-09-06,05_FIRMWARE,"05_FIRMWARE/SOURCE/source_nrf52840/src/lib/opus-1.2.1/LTP_analysis_filter_FIX.c"
d2b8a417bcad,2877,2026-09-06,05_FIRMWARE,"05_FIRMWARE/SOURCE/source_nrf52840/src/lib/opus-1.2.1/LTP_scale_ctrl_FIX.c"
58441b221c2f,20764,2026-09-06,05_FIRMWARE,"05_FIRMWARE/SOURCE/source_nrf52840/src/lib/opus-1.2.1/MacroCount.h"
7af465e3a640,33528,2026-09-06,05_FIRMWARE,"05_FIRMWARE/SOURCE/source_nrf52840/src/lib/opus-1.2.1/MacroDebug.h"
89cf63c26906,6362,2026-09-06,05_FIRMWARE,"05_FIRMWARE/SOURCE/source_nrf52840/src/lib/opus-1.2.1/NLSF2A.c"
d2742ac1f6cb,3975,2026-09-06,05_FIRMWARE,"05_FIRMWARE/SOURCE/source_nrf52840/src/lib/opus-1.2.1/NLSF_VQ.c"
975b062a6bbd,3937,2026-09-06,05_FIRMWARE,"05_FIRMWARE/SOURCE/source_nrf52840/src/lib/opus-1.2.1/NLSF_VQ_weights_laroia.c"
3d723c92896d,4766,2026-09-06,05_FIRMWARE,"05_FIRMWARE/SOURCE/source_nrf52840/src/lib/opus-1.2.1/NLSF_decode.c"
3d045d2d5931,11896,2026-09-06,05_FIRMWARE,"05_FIRMWARE/SOURCE/source_nrf52840/src/lib/opus-1.2.1/NLSF_del_dec_quant.c"
5fba9bb8dc77,6129,2026-09-06,05_FIRMWARE,"05_FIRMWARE/SOURCE/source_nrf52840/src/lib/opus-1.2.1/NLSF_encode.c"
14c69720cd90,6347,2026-09-06,05_FIRMWARE,"05_FIRMWARE/SOURCE/source_nrf52840/src/lib/opus-1.2.1/NLSF_stabilize.c"
e94e9519bb38,2949,2026-09-06,05_FIRMWARE,"05_FIRMWARE/SOURCE/source_nrf52840/src/lib/opus-1.2.1/NLSF_unpack.c"
473b46b62b04,22787,2026-09-06,05_FIRMWARE,"05_FIRMWARE/SOURCE/source_nrf52840/src/lib/opus-1.2.1/NSQ.c"
7ef6eec66064,4288,2026-09-06,05_FIRMWARE,"05_FIRMWARE/SOURCE/source_nrf52840/src/lib/opus-1.2.1/NSQ.h"
1e66080620da,39434,2026-09-06,05_FIRMWARE,"05_FIRMWARE/SOURCE/source_nrf52840/src/lib/opus-1.2.1/NSQ_del_dec.c"
fefb38726ec0,20451,2026-09-06,05_FIRMWARE,"05_FIRMWARE/SOURCE/source_nrf52840/src/lib/opus-1.2.1/PLC.c"
f67f0d84ddae,3261,2026-09-06,05_FIRMWARE,"05_FIRMWARE/SOURCE/source_nrf52840/src/lib/opus-1.2.1/PLC.h"
1484eb810598,39242,2026-09-06,05_FIRMWARE,"05_FIRMWARE/SOURCE/source_nrf52840/src/lib/opus-1.2.1/SigProc_FIX.h"
3ab5d7cc2839,15042,2026-09-06,05_FIRMWARE,"05_FIRMWARE/SOURCE/source_nrf52840/src/lib/opus-1.2.1/VAD.c"
4d6e893e1b7b,7138,2026-09-06,05_FIRMWARE,"05_FIRMWARE/SOURCE/source_nrf52840/src/lib/opus-1.2.1/VQ_WMat_EC.c"
b36149a0a4bb,5935,2026-09-06,05_FIRMWARE,"05_FIRMWARE/SOURCE/source_nrf52840/src/lib/opus-1.2.1/_kiss_fft_guts.h"
d277973dbada,3770,2026-09-06,05_FIRMWARE,"05_FIRMWARE/SOURCE/source_nrf52840/src/lib/opus-1.2.1/ana_filt_bank_1.c"
063d73e0755d,36054,2026-09-06,05_FIRMWARE,"05_FIRMWARE/SOURCE/source_nrf52840/src/lib/opus-1.2.1/analysis.c"
c862ac10d4ea,4080,2026-09-06,05_FIRMWARE,"05_FIRMWARE/SOURCE/source_nrf52840/src/lib/opus-1.2.1/analysis.h"
58c5b569dc7c,4921,2026-09-06,05_FIRMWARE,"05_FIRMWARE/SOURCE/source_nrf52840/src/lib/opus-1.2.1/apply_sine_window_FIX.c"
7d2609cf4ce8,7778,2026-09-06,05_FIRMWARE,"05_FIRMWARE/SOURCE/source_nrf52840/src/lib/opus-1.2.1/arch.h"
53b3e0024db7,3234,2026-09-06,05_FIRMWARE,"05_FIRMWARE/SOURCE/source_nrf52840/src/lib/opus-1.2.1/arm/LPC_inv_pred_gain_arm.h"
61d2709dca89,5477,2026-09-06,05_FIRMWARE,"05_FIRMWARE/SOURCE/source_nrf52840/src/lib/opus-1.2.1/arm/NSQ_del_dec_arm.h"
7582f536ee38,2254,2026-09-06,05_FIRMWARE,"05_FIRMWARE/SOURCE/source_nrf52840/src/lib/opus-1.2.1/arm/SigProc_FIX_armv4.h"
75645e689c04,2765,2026-09-06,05_FIRMWARE,"05_FIRMWARE/SOURCE/source_nrf52840/src/lib/opus-1.2.1/arm/SigProc_FIX_armv5e.h"
c6b803609ea3,2481,2026-09-06,05_FIRMWARE,"05_FIRMWARE/SOURCE/source_nrf52840/src/lib/opus-1.2.1/arm/armcpu.h"
aeb87daec248,4421,2026-09-06,05_FIRMWARE,"05_FIRMWARE/SOURCE/source_nrf52840/src/lib/opus-1.2.1/arm/biquad_alt_arm.h"
049a413aa633,14065,2026-09-06,05_FIRMWARE,"05_FIRMWARE/SOURCE/source_nrf52840/src/lib/opus-1.2.1/arm/celt_pitch_xcorr_arm_gcc.s"
420dc0ff08d7,13699,2026-09-06,05_FIRMWARE,"05_FIRMWARE/SOURCE/source_nrf52840/src/lib/opus-1.2.1/arm/celt_pitch_xcorr_arm_iar.s"
af2127640e4a,13247,2026-09-06,05_FIRMWARE,"05_FIRMWARE/SOURCE/source_nrf52840/src/lib/opus-1.2.1/arm/celt_pitch_xcorr_arm_keil.s"
84c83aaed010,3445,2026-09-06,05_FIRMWARE,"05_FIRMWARE/SOURCE/source_nrf52840/src/lib/opus-1.2.1/arm/fixed_armv4.h"
2ea12bc025f7,5628,2026-09-06,05_FIRMWARE,"05_FIRMWARE/SOURCE/source_nrf52840/src/lib/opus-1.2.1/arm/fixed_armv5e.h"
6e41b8f62c4d,4660,2026-09-06,05_FIRMWARE,"05_FIRMWARE/SOURCE/source_nrf52840/src/lib/opus-1.2.1/arm/kiss_fft_armv4.h"
104a476f9ab3,6494,2026-09-06,05_FIRMWARE,"05_FIRMWARE/SOURCE/source_nrf52840/src/lib/opus-1.2.1/arm/kiss_fft_armv5e.h"
a6418f0d3424,4734,2026-09-06,05_FIRMWARE,"05_FIRMWARE/SOURCE/source_nrf52840/src/lib/opus-1.2.1/arm/macros_armv4.h"
93c8673dcf54,8482,2026-09-06,05_FIRMWARE,"05_FIRMWARE/SOURCE/source_nrf52840/src/lib/opus-1.2.1/arm/macros_armv5e.h"
beaecb333350,6436,2026-09-06,05_FIRMWARE,"05_FIRMWARE/SOURCE/source_nrf52840/src/lib/opus-1.2.1/arm/pitch_arm.h"
fc57330ccb4f,4264,2026-09-06,05_FIRMWARE,"05_FIRMWARE/SOURCE/source_nrf52840/src/lib/opus-1.2.1/arm/warped_autocorrelation_FIX_arm.h"
16aceb2d3d8a,2725,2026-09-06,05_FIRMWARE,"05_FIRMWARE/SOURCE/source_nrf52840/src/lib/opus-1.2.1/autocorr_FIX.c"
b3bb71c4598d,51184,2026-09-06,05_FIRMWARE,"05_FIRMWARE/SOURCE/source_nrf52840/src/lib/opus-1.2.1/bands.c"
571d86a58491,5417,2026-09-06,05_FIRMWARE,"05_FIRMWARE/SOURCE/source_nrf52840/src/lib/opus-1.2.1/bands.h"
cab5911f028e,6886,2026-09-06,05_FIRMWARE,"05_FIRMWARE/SOURCE/source_nrf52840/src/lib/opus-1.2.1/biquad_alt.c"
65e4117e6a2c,16792,2026-09-06,05_FIRMWARE,"05_FIRMWARE/SOURCE/source_nrf52840/src/lib/opus-1.2.1/burg_modified_FIX.c"
f01c2e6752d8,2760,2026-09-06,05_FIRMWARE,"05_FIRMWARE/SOURCE/source_nrf52840/src/lib/opus-1.2.1/bwexpander.c"
81ae3a2a4fa9,2490,2026-09-06,05_FIRMWARE,"05_FIRMWARE/SOURCE/source_nrf52840/src/lib/opus-1.2.1/bwexpander_32.c"
5a6ccbc8e3d8,9107,2026-09-06,05_FIRMWARE,"05_FIRMWARE/SOURCE/source_nrf52840/src/lib/opus-1.2.1/celt.c"
92868264a9e2,7812,2026-09-06,05_FIRMWARE,"05_FIRMWARE/SOURCE/source_nrf52840/src/lib/opus-1.2.1/celt.h"
07d1e12d0baa,41237,2026-09-06,05_FIRMWARE,"05_FIRMWARE/SOURCE/source_nrf52840/src/lib/opus-1.2.1/celt_decoder.c"
7893e9e91088,82045,2026-09-06,05_FIRMWARE,"05_FIRMWARE/SOURCE/source_nrf52840/src/lib/opus-1.2.1/celt_encoder.c"
75364dace691,7996,2026-09-06,05_FIRMWARE,"05_FIRMWARE/SOURCE/source_nrf52840/src/lib/opus-1.2.1/celt_lpc.c"
84f34c883133,2221,2026-09-06,05_FIRMWARE,"05_FIRMWARE/SOURCE/source_nrf52840/src/lib/opus-1.2.1/celt_lpc.h"
f01ebcb1b221,4939,2026-09-06,05_FIRMWARE,"05_FIRMWARE/SOURCE/source_nrf52840/src/lib/opus-1.2.1/check_control_input.c"
becd3134a77e,5554,2026-09-06,05_FIRMWARE,"05_FIRMWARE/SOURCE/source_nrf52840/src/lib/opus-1.2.1/code_signs.c"
21847e9acd78,2723,2026-09-06,05_FIRMWARE,"05_FIRMWARE/SOURCE/source_nrf52840/src/lib/opus-1.2.1/config.h"
9c63ee1b8a46,6165,2026-09-06,05_FIRMWARE,"05_FIRMWARE/SOURCE/source_nrf52840/src/lib/opus-1.2.1/control.h"
d82dbf53b207,3407,2026-09-06,05_FIRMWARE,"05_FIRMWARE/SOURCE/source_nrf52840/src/lib/opus-1.2.1/control_SNR.c"
3567b33e96da,5712,2026-09-06,05_FIRMWARE,"05_FIRMWARE/SOURCE/source_nrf52840/src/lib/opus-1.2.1/control_audio_bandwidth.c"
81bb138d8471,20591,2026-09-06,05_FIRMWARE,"05_FIRMWARE/SOURCE/source_nrf52840/src/lib/opus-1.2.1/control_codec.c"
dc73a44c5a98,8335,2026-09-06,05_FIRMWARE,"05_FIRMWARE/SOURCE/source_nrf52840/src/lib/opus-1.2.1/corrMatrix_FIX.c"
36a4b37807a8,2372,2026-09-06,05_FIRMWARE,"05_FIRMWARE/SOURCE/source_nrf52840/src/lib/opus-1.2.1/cpu_support.h"
aefb978dc715,28257,2026-09-06,05_FIRMWARE,"05_FIRMWARE/SOURCE/source_nrf52840/src/lib/opus-1.2.1/cwrs.c"
7705be67d58e,1885,2026-09-06,05_FIRMWARE,"05_FIRMWARE/SOURCE/source_nrf52840/src/lib/opus-1.2.1/cwrs.h"
face052ec8cb,6849,2026-09-06,05_FIRMWARE,"05_FIRMWARE/SOURCE/source_nrf52840/src/lib/opus-1.2.1/debug.c"
071907a9dc3e,12960,2026-09-06,05_FIRMWARE,"05_FIRMWARE/SOURCE/source_nrf52840/src/lib/opus-1.2.1/debug.h"
a15a863439a4,19853,2026-09-06,05_FIRMWARE,"05_FIRMWARE/SOURCE/source_nrf52840/src/lib/opus-1.2.1/dec_API.c"
a93b22fc6497,11900,2026-09-06,05_FIRMWARE,"05_FIRMWARE/SOURCE/source_nrf52840/src/lib/opus-1.2.1/decode_core.c"
9813390d7d67,6152,2026-09-06,05_FIRMWARE,"05_FIRMWARE/SOURCE/source_nrf52840/src/lib/opus-1.2.1/decode_frame.c"
9371600217e3,7246,2026-09-06,05_FIRMWARE,"05_FIRMWARE/SOURCE/source_nrf52840/src/lib/opus-1.2.1/decode_indices.c"
d86e43fd07b7,5527,2026-09-06,05_FIRMWARE,"05_FIRMWARE/SOURCE/source_nrf52840/src/lib/opus-1.2.1/decode_parameters.c"
6b1de5dd4d14,3717,2026-09-06,05_FIRMWARE,"05_FIRMWARE/SOURCE/source_nrf52840/src/lib/opus-1.2.1/decode_pitch.c"
efaba90323d2,5598,2026-09-06,05_FIRMWARE,"05_FIRMWARE/SOURCE/source_nrf52840/src/lib/opus-1.2.1/decode_pulses.c"
5befab6798ef,4968,2026-09-06,05_FIRMWARE,"05_FIRMWARE/SOURCE/source_nrf52840/src/lib/opus-1.2.1/decoder_set_fs.c"
7c8386374b31,9707,2026-09-06,05_FIRMWARE,"05_FIRMWARE/SOURCE/source_nrf52840/src/lib/opus-1.2.1/define.h"
a334f1ead35b,3749,2026-09-06,05_FIRMWARE,"05_FIRMWARE/SOURCE/source_nrf52840/src/lib/opus-1.2.1/ecintrin.h"
8f161e5f1953,31946,2026-09-06,05_FIRMWARE,"05_FIRMWARE/SOURCE/source_nrf52840/src/lib/opus-1.2.1/enc_API.c"
f340e1a4f4cd,23458,2026-09-06,05_FIRMWARE,"05_FIRMWARE/SOURCE/source_nrf52840/src/lib/opus-1.2.1/encode_frame_FIX.c"
f5320210d7e9,9360,2026-09-06,05_FIRMWARE,"05_FIRMWARE/SOURCE/source_nrf52840/src/lib/opus-1.2.1/encode_indices.c"
dc0acb54b36c,8839,2026-09-06,05_FIRMWARE,"05_FIRMWARE/SOURCE/source_nrf52840/src/lib/opus-1.2.1/encode_pulses.c"
fb52778fb752,5700,2026-09-06,05_FIRMWARE,"05_FIRMWARE/SOURCE/source_nrf52840/src/lib/opus-1.2.1/entcode.c"
af64d2ac226e,5414,2026-09-06,05_FIRMWARE,"05_FIRMWARE/SOURCE/source_nrf52840/src/lib/opus-1.2.1/entcode.h"
0b0542909f1b,8016,2026-09-06,05_FIRMWARE,"05_FIRMWARE/SOURCE/source_nrf52840/src/lib/opus-1.2.1/entdec.c"
c1be6eaefef0,4835,2026-09-06,05_FIRMWARE,"05_FIRMWARE/SOURCE/source_nrf52840/src/lib/opus-1.2.1/entdec.h"
c6d8287d6d09,9561,2026-09-06,05_FIRMWARE,"05_FIRMWARE/SOURCE/source_nrf52840/src/lib/opus-1.2.1/entenc.c"
6c56e4803119,5427,2026-09-06,05_FIRMWARE,"05_FIRMWARE/SOURCE/source_nrf52840/src/lib/opus-1.2.1/entenc.h"
3bbf21416af6,3640,2026-09-06,05_FIRMWARE,"05_FIRMWARE/SOURCE/source_nrf52840/src/lib/opus-1.2.1/errors.h"
4b92d7ab9833,7361,2026-09-06,05_FIRMWARE,"05_FIRMWARE/SOURCE/source_nrf52840/src/lib/opus-1.2.1/find_LPC_FIX.c"
3d3e6eb73870,5422,2026-09-06,05_FIRMWARE,"05_FIRMWARE/SOURCE/source_nrf52840/src/lib/opus-1.2.1/find_LTP_FIX.c"
328294c9916f,7330,2026-09-06,05_FIRMWARE,"05_FIRMWARE/SOURCE/source_nrf52840/src/lib/opus-1.2.1/find_pitch_lags_FIX.c"
3b9343a2d841,7543,2026-09-06,05_FIRMWARE,"05_FIRMWARE/SOURCE/source_nrf52840/src/lib/opus-1.2.1/find_pred_coefs_FIX.c"
f21919139e0e,21206,2026-09-06,05_FIRMWARE,"05_FIRMWARE/SOURCE/source_nrf52840/src/lib/opus-1.2.1/fixed_debug.h"
7c820d7e19f4,7953,2026-09-06,05_FIRMWARE,"05_FIRMWARE/SOURCE/source_nrf52840/src/lib/opus-1.2.1/fixed_generic.h"
019f8ec97b5f,5001,2026-09-06,05_FIRMWARE,"05_FIRMWARE/SOURCE/source_nrf52840/src/lib/opus-1.2.1/float_cast.h"
070223b7a209,6928,2026-09-06,05_FIRMWARE,"05_FIRMWARE/SOURCE/source_nrf52840/src/lib/opus-1.2.1/gain_quant.c"
b89c51b04b8d,2366,2026-09-06,05_FIRMWARE,"05_FIRMWARE/SOURCE/source_nrf52840/src/lib/opus-1.2.1/init_decoder.c"
713097da7082,2877,2026-09-06,05_FIRMWARE,"05_FIRMWARE/SOURCE/source_nrf52840/src/lib/opus-1.2.1/init_encoder.c"
11356406441d,2451,2026-09-06,05_FIRMWARE,"05_FIRMWARE/SOURCE/source_nrf52840/src/lib/opus-1.2.1/inner_prod_aligned.c"
7ca78007663a,2601,2026-09-06,05_FIRMWARE,"05_FIRMWARE/SOURCE/source_nrf52840/src/lib/opus-1.2.1/interpolate.c"
0dbe9b0849be,2675,2026-09-06,05_FIRMWARE,"05_FIRMWARE/SOURCE/source_nrf52840/src/lib/opus-1.2.1/k2a_FIX.c"
22f0dcde79d7,2622,2026-09-06,05_FIRMWARE,"05_FIRMWARE/SOURCE/source_nrf52840/src/lib/opus-1.2.1/k2a_Q16_FIX.c"
badf5056eb5e,17003,2026-09-06,05_FIRMWARE,"05_FIRMWARE/SOURCE/source_nrf52840/src/lib/opus-1.2.1/kiss_fft.c"
6ad018d5223c,6295,2026-09-06,05_FIRMWARE,"05_FIRMWARE/SOURCE/source_nrf52840/src/lib/opus-1.2.1/kiss_fft.h"
a46d602528d7,4022,2026-09-06,05_FIRMWARE,"05_FIRMWARE/SOURCE/source_nrf52840/src/lib/opus-1.2.1/laplace.c"
cb3ddf5ee52f,2142,2026-09-06,05_FIRMWARE,"05_FIRMWARE/SOURCE/source_nrf52840/src/lib/opus-1.2.1/laplace.h"
707db4165541,2220,2026-09-06,05_FIRMWARE,"05_FIRMWARE/SOURCE/source_nrf52840/src/lib/opus-1.2.1/lin2log.c"
4ce500b6b3ae,2636,2026-09-06,05_FIRMWARE,"05_FIRMWARE/SOURCE/source_nrf52840/src/lib/opus-1.2.1/log2lin.c"
ea2a68f2cf06,6420,2026-09-06,05_FIRMWARE,"05_FIRMWARE/SOURCE/source_nrf52840/src/lib/opus-1.2.1/macros.h"
3d00d22a00e7,32680,2026-09-06,05_FIRMWARE,"05_FIRMWARE/SOURCE/source_nrf52840/src/lib/opus-1.2.1/main.h"
36eefa8698a7,19046,2026-09-06,05_FIRMWARE,"05_FIRMWARE/SOURCE/source_nrf52840/src/lib/opus-1.2.1/main_FIX.h"
7c662626aeb4,6826,2026-09-06,05_FIRMWARE,"05_FIRMWARE/SOURCE/source_nrf52840/src/lib/opus-1.2.1/mathops.c"
8ecfc69ab27b,7978,2026-09-06,05_FIRMWARE,"05_FIRMWARE/SOURCE/source_nrf52840/src/lib/opus-1.2.1/mathops.h"
03f60fbde8d6,10898,2026-09-06,05_FIRMWARE,"05_FIRMWARE/SOURCE/source_nrf52840/src/lib/opus-1.2.1/mdct.c"
c70bd44adeac,4776,2026-09-06,05_FIRMWARE,"05_FIRMWARE/SOURCE/source_nrf52840/src/lib/opus-1.2.1/mdct.h"
5974c2341889,2232,2026-09-06,05_FIRMWARE,"05_FIRMWARE/SOURCE/source_nrf52840/src/lib/opus-1.2.1/mfrngcod.h"
fa4fc250c5ee,4131,2026-09-06,05_FIRMWARE,"05_FIRMWARE/SOURCE/source_nrf52840/src/lib/opus-1.2.1/mlp.c"
ced3054f955c,1614,2026-09-06,05_FIRMWARE,"05_FIRMWARE/SOURCE/source_nrf52840/src/lib/opus-1.2.1/mlp.h"
e1faf5777866,5693,2026-09-06,05_FIRMWARE,"05_FIRMWARE/SOURCE/source_nrf52840/src/lib/opus-1.2.1/mlp_data.c"
f95956d28e75,13951,2026-09-06,05_FIRMWARE,"05_FIRMWARE/SOURCE/source_nrf52840/src/lib/opus-1.2.1/modes.c"
c38ac61f218a,2437,2026-09-06,05_FIRMWARE,"05_FIRMWARE/SOURCE/source_nrf52840/src/lib/opus-1.2.1/modes.h"
c11fae78f542,20671,2026-09-06,05_FIRMWARE,"05_FIRMWARE/SOURCE/source_nrf52840/src/lib/opus-1.2.1/noise_shape_analysis_FIX.c"
ff2bb0b492fe,9882,2026-09-06,05_FIRMWARE,"05_FIRMWARE/SOURCE/source_nrf52840/src/lib/opus-1.2.1/opus.c"
24e57572c52e,48554,2026-09-06,05_FIRMWARE,"05_FIRMWARE/SOURCE/source_nrf52840/src/lib/opus-1.2.1/opus.h"
630939691582,14768,2026-09-06,05_FIRMWARE,"05_FIRMWARE/SOURCE/source_nrf52840/src/lib/opus-1.2.1/opus_custom.h"
6ad9a786d2f8,31152,2026-09-06,05_FIRMWARE,"05_FIRMWARE/SOURCE/source_nrf52840/src/lib/opus-1.2.1/opus_decoder.c"
457f86f02454,34695,2026-09-06,05_FIRMWARE,"05_FIRMWARE/SOURCE/source_nrf52840/src/lib/opus-1.2.1/opus_defines.h"
52f4c9142d3c,97200,2026-09-06,05_FIRMWARE,"05_FIRMWARE/SOURCE/source_nrf52840/src/lib/opus-1.2.1/opus_encoder.c"
48c71105cc4f,2684,2026-09-06,05_FIRMWARE,"05_FIRMWARE/SOURCE/source_nrf52840/src/lib/opus-1.2.1/opus_multistream.c"
0db4cb1379ad,33575,2026-09-06,05_FIRMWARE,"05_FIRMWARE/SOURCE/source_nrf52840/src/lib/opus-1.2.1/opus_multistream.h"
86123545d945,14475,2026-09-06,05_FIRMWARE,"05_FIRMWARE/SOURCE/source_nrf52840/src/lib/opus-1.2.1/opus_multistream_decoder.c"
407fe5115e38,40821,2026-09-06,05_FIRMWARE,"05_FIRMWARE/SOURCE/source_nrf52840/src/lib/opus-1.2.1/opus_multistream_encoder.c"
cf7dad1dafb3,5052,2026-09-06,05_FIRMWARE,"05_FIRMWARE/SOURCE/source_nrf52840/src/lib/opus-1.2.1/opus_private.h"
e2c1075e2656,4954,2026-09-06,05_FIRMWARE,"05_FIRMWARE/SOURCE/source_nrf52840/src/lib/opus-1.2.1/opus_types.h"
4dc4eb0f3e97,3163,2026-09-06,05_FIRMWARE,"05_FIRMWARE/SOURCE/source_nrf52840/src/lib/opus-1.2.1/os_support.h"
244d8f61620e,14459,2026-09-06,05_FIRMWARE,"05_FIRMWARE/SOURCE/source_nrf52840/src/lib/opus-1.2.1/pitch.c"
76f858f0b7aa,5891,2026-09-06,05_FIRMWARE,"05_FIRMWARE/SOURCE/source_nrf52840/src/lib/opus-1.2.1/pitch.h"
582f79679957,34345,2026-09-06,05_FIRMWARE,"05_FIRMWARE/SOURCE/source_nrf52840/src/lib/opus-1.2.1/pitch_analysis_core_FIX.c"
ed1230792944,4061,2026-09-06,05_FIRMWARE,"05_FIRMWARE/SOURCE/source_nrf52840/src/lib/opus-1.2.1/pitch_est_defines.h"
c0cf34e7d5ce,3589,2026-09-06,05_FIRMWARE,"05_FIRMWARE/SOURCE/source_nrf52840/src/lib/opus-1.2.1/pitch_est_tables.c"
396ac86ece04,5447,2026-09-06,05_FIRMWARE,"05_FIRMWARE/SOURCE/source_nrf52840/src/lib/opus-1.2.1/process_NLSFs.c"
92a25af5a235,6595,2026-09-06,05_FIRMWARE,"05_FIRMWARE/SOURCE/source_nrf52840/src/lib/opus-1.2.1/process_gains_FIX.c"
1f9aa2768ee6,7351,2026-09-06,05_FIRMWARE,"05_FIRMWARE/SOURCE/source_nrf52840/src/lib/opus-1.2.1/quant_LTP_gains.c"
d80db2e55c24,18714,2026-09-06,05_FIRMWARE,"05_FIRMWARE/SOURCE/source_nrf52840/src/lib/opus-1.2.1/quant_bands.c"
fbe7d733d3dc,2974,2026-09-06,05_FIRMWARE,"05_FIRMWARE/SOURCE/source_nrf52840/src/lib/opus-1.2.1/quant_bands.h"
5237183bbce2,21428,2026-09-06,05_FIRMWARE,"05_FIRMWARE/SOURCE/source_nrf52840/src/lib/opus-1.2.1/rate.c"
c8611c953f22,3279,2026-09-06,05_FIRMWARE,"05_FIRMWARE/SOURCE/source_nrf52840/src/lib/opus-1.2.1/rate.h"
7028df79d2ff,2626,2026-09-06,05_FIRMWARE,"05_FIRMWARE/SOURCE/source_nrf52840/src/lib/opus-1.2.1/regularize_correlations_FIX.c"
84c84990fca1,9842,2026-09-06,05_FIRMWARE,"05_FIRMWARE/SOURCE/source_nrf52840/src/lib/opus-1.2.1/repacketizer.c"
7e28b897c5b0,9931,2026-09-06,05_FIRMWARE,"05_FIRMWARE/SOURCE/source_nrf52840/src/lib/opus-1.2.1/resampler.c"
7aa4cba793ab,3475,2026-09-06,05_FIRMWARE,"05_FIRMWARE/SOURCE/source_nrf52840/src/lib/opus-1.2.1/resampler_down2.c"
2ab8318bf4bc,4765,2026-09-06,05_FIRMWARE,"05_FIRMWARE/SOURCE/source_nrf52840/src/lib/opus-1.2.1/resampler_down2_3.c"
b14e6d03394a,4553,2026-09-06,05_FIRMWARE,"05_FIRMWARE/SOURCE/source_nrf52840/src/lib/opus-1.2.1/resampler_private.h"
c16d50bde74b,2665,2026-09-06,05_FIRMWARE,"05_FIRMWARE/SOURCE/source_nrf52840/src/lib/opus-1.2.1/resampler_private_AR2.c"
584c7b2afbcb,5231,2026-09-06,05_FIRMWARE,"05_FIRMWARE/SOURCE/source_nrf52840/src/lib/opus-1.2.1/resampler_private_IIR_FIR.c"
5ed14a4557a3,10897,2026-09-06,05_FIRMWARE,"05_FIRMWARE/SOURCE/source_nrf52840/src/lib/opus-1.2.1/resampler_private_down_FIR.c"
f06a982b8856,5367,2026-09-06,05_FIRMWARE,"05_FIRMWARE/SOURCE/source_nrf52840/src/lib/opus-1.2.1/resampler_private_up2_HQ.c"
ec3ba5c620ee,4747,2026-09-06,05_FIRMWARE,"05_FIRMWARE/SOURCE/source_nrf52840/src/lib/opus-1.2.1/resampler_rom.c"
68088e075048,3294,2026-09-06,05_FIRMWARE,"05_FIRMWARE/SOURCE/source_nrf52840/src/lib/opus-1.2.1/resampler_rom.h"
b038e84c7d79,2615,2026-09-06,05_FIRMWARE,"05_FIRMWARE/SOURCE/source_nrf52840/src/lib/opus-1.2.1/resampler_structs.h"
384cdf5f4142,4837,2026-09-06,05_FIRMWARE,"05_FIRMWARE/SOURCE/source_nrf52840/src/lib/opus-1.2.1/residual_energy16_FIX.c"
633ed6d7d8da,5389,2026-09-06,05_FIRMWARE,"05_FIRMWARE/SOURCE/source_nrf52840/src/lib/opus-1.2.1/residual_energy_FIX.c"
0dce2180da54,3994,2026-09-06,05_FIRMWARE,"05_FIRMWARE/SOURCE/source_nrf52840/src/lib/opus-1.2.1/schur64_FIX.c"
ce05edf0c709,4447,2026-09-06,05_FIRMWARE,"05_FIRMWARE/SOURCE/source_nrf52840/src/lib/opus-1.2.1/schur_FIX.c"
60b5a2786238,7718,2026-09-06,05_FIRMWARE,"05_FIRMWARE/SOURCE/source_nrf52840/src/lib/opus-1.2.1/shell_coder.c"
339568f30645,3164,2026-09-06,05_FIRMWARE,"05_FIRMWARE/SOURCE/source_nrf52840/src/lib/opus-1.2.1/sigm_Q15.c"
8436c8b92db9,6265,2026-09-06,05_FIRMWARE,"05_FIRMWARE/SOURCE/source_nrf52840/src/lib/opus-1.2.1/sort.c"
603a5beb27f6,5989,2026-09-06,05_FIRMWARE,"05_FIRMWARE/SOURCE/source_nrf52840/src/lib/opus-1.2.1/stack_alloc.h"
fd5405b0b950,32819,2026-09-06,05_FIRMWARE,"05_FIRMWARE/SOURCE/source_nrf52840/src/lib/opus-1.2.1/static_modes_fixed.h"
9c49d71262dc,25209,2026-09-06,05_FIRMWARE,"05_FIRMWARE/SOURCE/source_nrf52840/src/lib/opus-1.2.1/static_modes_fixed_arm_ne10.h"
65fdb130c42c,50919,2026-09-06,05_FIRMWARE,"05_FIRMWARE/SOURCE/source_nrf52840/src/lib/opus-1.2.1/static_modes_float.h"
f17e57248f30,28613,2026-09-06,05_FIRMWARE,"05_FIRMWARE/SOURCE/source_nrf52840/src/lib/opus-1.2.1/static_modes_float_arm_ne10.h"
b47a3a1257df,12473,2026-09-06,05_FIRMWARE,"05_FIRMWARE/SOURCE/source_nrf52840/src/lib/opus-1.2.1/stereo_LR_to_MS.c"
af24277c7191,4871,2026-09-06,05_FIRMWARE,"05_FIRMWARE/SOURCE/source_nrf52840/src/lib/opus-1.2.1/stereo_MS_to_LR.c"
b852fbd96ea3,3417,2026-09-06,05_FIRMWARE,"05_FIRMWARE/SOURCE/source_nrf52840/src/lib/opus-1.2.1/stereo_decode_pred.c"
4634861dac77,2885,2026-09-06,05_FIRMWARE,"05_FIRMWARE/SOURCE/source_nrf52840/src/lib/opus-1.2.1/stereo_encode_pred.c"
b77b33b43ab9,4374,2026-09-06,05_FIRMWARE,"05_FIRMWARE/SOURCE/source_nrf52840/src/lib/opus-1.2.1/stereo_find_predictor.c"
8d1895de054a,3404,2026-09-06,05_FIRMWARE,"05_FIRMWARE/SOURCE/source_nrf52840/src/lib/opus-1.2.1/stereo_quant_pred.c"
4f7173bc0400,21018,2026-09-06,05_FIRMWARE,"05_FIRMWARE/SOURCE/source_nrf52840/src/lib/opus-1.2.1/structs.h"
a01a3611c279,5152,2026-09-06,05_FIRMWARE,"05_FIRMWARE/SOURCE/source_nrf52840/src/lib/opus-1.2.1/structs_FIX.h"
710b83c92458,3790,2026-09-06,05_FIRMWARE,"05_FIRMWARE/SOURCE/source_nrf52840/src/lib/opus-1.2.1/sum_sqr_shift.c"
9cae32dfdc4a,4191,2026-09-06,05_FIRMWARE,"05_FIRMWARE/SOURCE/source_nrf52840/src/lib/opus-1.2.1/table_LSF_cos.c"
0e976672b3c9,7700,2026-09-06,05_FIRMWARE,"05_FIRMWARE/SOURCE/source_nrf52840/src/lib/opus-1.2.1/tables.h"
95b4912701d4,7432,2026-09-06,05_FIRMWARE,"05_FIRMWARE/SOURCE/source_nrf52840/src/lib/opus-1.2.1/tables_LTP.c"
94e49118901f,10785,2026-09-06,05_FIRMWARE,"05_FIRMWARE/SOURCE/source_nrf52840/src/lib/opus-1.2.1/tables_NLSF_CB_NB_MB.c"
24a56112a6f6,14499,2026-09-06,05_FIRMWARE,"05_FIRMWARE/SOURCE/source_nrf52840/src/lib/opus-1.2.1/tables_NLSF_CB_WB.c"
c91e247a6580,2519,2026-09-06,05_FIRMWARE,"05_FIRMWARE/SOURCE/source_nrf52840/src/lib/opus-1.2.1/tables_gain.c"
1d8e66c52751,5445,2026-09-06,05_FIRMWARE,"05_FIRMWARE/SOURCE/source_nrf52840/src/lib/opus-1.2.1/tables_other.c"
f504bbaf35a2,3068,2026-09-06,05_FIRMWARE,"05_FIRMWARE/SOURCE/source_nrf52840/src/lib/opus-1.2.1/tables_pitch_lag.c"
2fb238cd3704,11423,2026-09-06,05_FIRMWARE,"05_FIRMWARE/SOURCE/source_nrf52840/src/lib/opus-1.2.1/tables_pulses_per_block.c"
835fcdf08d5b,2304,2026-09-06,05_FIRMWARE,"05_FIRMWARE/SOURCE/source_nrf52840/src/lib/opus-1.2.1/tansig_table.h"
752c03100137,6191,2026-09-06,05_FIRMWARE,"05_FIRMWARE/SOURCE/source_nrf52840/src/lib/opus-1.2.1/tuning_parameters.h"
24e9365165de,3345,2026-09-06,05_FIRMWARE,"05_FIRMWARE/SOURCE/source_nrf52840/src/lib/opus-1.2.1/typedef.h"
8aaf9937665d,4778,2026-09-06,05_FIRMWARE,"05_FIRMWARE/SOURCE/source_nrf52840/src/lib/opus-1.2.1/vector_ops_FIX.c"
af23c4beaa6c,12850,2026-09-06,05_FIRMWARE,"05_FIRMWARE/SOURCE/source_nrf52840/src/lib/opus-1.2.1/vq.c"
3664f207ab39,3175,2026-09-06,05_FIRMWARE,"05_FIRMWARE/SOURCE/source_nrf52840/src/lib/opus-1.2.1/vq.h"
cd70ffc998d9,4656,2026-09-06,05_FIRMWARE,"05_FIRMWARE/SOURCE/source_nrf52840/src/lib/opus-1.2.1/warped_autocorrelation_FIX.c"
173b5ea40da4,8666,2026-09-06,05_FIRMWARE,"05_FIRMWARE/SOURCE/source_nrf52840/src/main.c"
2b81e03b897c,2701,2026-09-06,05_FIRMWARE,"05_FIRMWARE/SOURCE/source_nrf52840/src/mic.c"
db4363fcbb02,351,2026-09-06,05_FIRMWARE,"05_FIRMWARE/SOURCE/source_nrf52840/src/mic.h"
b54e848ef73c,14602,2026-09-06,05_FIRMWARE,"05_FIRMWARE/SOURCE/source_nrf52840/src/sdcard.c"
edc57bd3e28b,2462,2026-09-06,05_FIRMWARE,"05_FIRMWARE/SOURCE/source_nrf52840/src/sdcard.h"
a817e004e5cd,14403,2026-09-06,05_FIRMWARE,"05_FIRMWARE/SOURCE/source_nrf52840/src/storage.c"
1b71767de77a,251,2026-09-06,05_FIRMWARE,"05_FIRMWARE/SOURCE/source_nrf52840/src/storage.h"
0c6642f6fe47,34903,2026-09-06,05_FIRMWARE,"05_FIRMWARE/SOURCE/source_nrf52840/src/transport.c"
bc4e5ae5b931,897,2026-09-06,05_FIRMWARE,"05_FIRMWARE/SOURCE/source_nrf52840/src/transport.h"
4690e54da972,1713,2026-09-06,05_FIRMWARE,"05_FIRMWARE/SOURCE/source_nrf52840/src/utils.h"
7cb453dd2628,1604,2026-09-06,05_FIRMWARE,"05_FIRMWARE/SOURCE/source_nrf52840/src/wdog_facade.c"
d7b3e4037f8d,469,2026-09-06,05_FIRMWARE,"05_FIRMWARE/SOURCE/source_nrf52840/src/wdog_facade.h"
8d2bec55e7ae,213,2026-09-06,05_FIRMWARE,"05_FIRMWARE/SOURCE/source_nrf52840/west.yml"
bfb3908f445b,6374,2026-09-06,06_FACTORY_AND_QA,"06_FACTORY_AND_QA/FACTORY_RELEASE_PROCESS/ACCEPTANCE_AND_LOT_STOP_RULES.md"
8941f7e971ed,340,2026-09-06,06_FACTORY_AND_QA,"06_FACTORY_AND_QA/FACTORY_RELEASE_PROCESS/ASSEMBLY_TRAVELER_LOG.csv"
96a9c43e6eac,1646,2026-09-06,06_FACTORY_AND_QA,"06_FACTORY_AND_QA/FACTORY_RELEASE_PROCESS/EOL_RESULTS_TEMPLATE.csv"
12d750c37510,6051,2026-09-06,06_FACTORY_AND_QA,"06_FACTORY_AND_QA/FACTORY_RELEASE_PROCESS/EOL_TEST_SPEC.md"
1faf27b1a12a,1189,2026-09-06,06_FACTORY_AND_QA,"06_FACTORY_AND_QA/FACTORY_RELEASE_PROCESS/FACTORY_RELEASE_FILES.sha256"
39318aa73f9a,5845,2026-09-06,06_FACTORY_AND_QA,"06_FACTORY_AND_QA/FACTORY_RELEASE_PROCESS/FACTORY_UPLOAD_MANIFEST.csv"
86a1a8cae5a0,4558,2026-09-06,06_FACTORY_AND_QA,"06_FACTORY_AND_QA/FACTORY_RELEASE_PROCESS/INCOMING_INSPECTION.md"
f98c90c6ab9b,5100,2026-09-06,06_FACTORY_AND_QA,"06_FACTORY_AND_QA/FACTORY_RELEASE_PROCESS/PCBA_RFQ_REQUIREMENTS.md"
a821fdae26f1,2843,2026-09-06,06_FACTORY_AND_QA,"06_FACTORY_AND_QA/FACTORY_RELEASE_PROCESS/PCB_RELEASE_CHECKPOINT.md"
fc2a02f0c17f,3115,2026-09-06,06_FACTORY_AND_QA,"06_FACTORY_AND_QA/FACTORY_RELEASE_PROCESS/PURCHASE_QUANTITIES.csv"
21d007116f5d,5298,2026-09-06,06_FACTORY_AND_QA,"06_FACTORY_AND_QA/FACTORY_RELEASE_PROCESS/README.md"
28768c1ea473,2120,2026-09-06,06_FACTORY_AND_QA,"06_FACTORY_AND_QA/FACTORY_RELEASE_PROCESS/RELEASE_AUTHORIZATION_TEMPLATE.md"
0d49181e5f6a,5808,2026-09-06,06_FACTORY_AND_QA,"06_FACTORY_AND_QA/FACTORY_RELEASE_PROCESS/SERIALIZED_ASSEMBLY_TRAVELER.md"
e3fe44331bd9,5866,2026-09-06,06_FACTORY_AND_QA,"06_FACTORY_AND_QA/FACTORY_RELEASE_PROCESS/validate_factory_release.py"
1e2306c79c98,4322,2026-09-06,06_FACTORY_AND_QA,"06_FACTORY_AND_QA/QA_FIXTURES/ASSEMBLY_DROP.md"
0c266e969888,4045,2026-09-06,06_FACTORY_AND_QA,"06_FACTORY_AND_QA/QA_FIXTURES/ASSEMBLY_RATTLE.md"
d8d71ceafe40,5845,2026-09-06,06_FACTORY_AND_QA,"06_FACTORY_AND_QA/QA_FIXTURES/BOM.csv"
2d218dae7b2f,10973,2026-09-06,06_FACTORY_AND_QA,"06_FACTORY_AND_QA/QA_FIXTURES/BUILD_MANIFEST.sha256"
c6d0175029cb,1427,2026-09-06,06_FACTORY_AND_QA,"06_FACTORY_AND_QA/QA_FIXTURES/PRINT_SETTINGS.md"
3801fb145256,4687,2026-09-06,06_FACTORY_AND_QA,"06_FACTORY_AND_QA/QA_FIXTURES/README.md"
8903c458e1f4,1852,2026-09-06,06_FACTORY_AND_QA,"06_FACTORY_AND_QA/QA_FIXTURES/SAFETY.md"
569935e2e653,1141,2026-09-06,06_FACTORY_AND_QA,"06_FACTORY_AND_QA/QA_FIXTURES/USAGE_EXAMPLES.md"
23efe08cac4f,1858,2026-09-06,06_FACTORY_AND_QA,"06_FACTORY_AND_QA/QA_FIXTURES/WIRING.md"
52c46c2f5929,7839,2026-09-06,06_FACTORY_AND_QA,"06_FACTORY_AND_QA/QA_FIXTURES/acceptance_test_template.csv"
4fe323292199,2232,2026-09-06,06_FACTORY_AND_QA,"06_FACTORY_AND_QA/QA_FIXTURES/drop_orientation_map.csv"
dd2660b2a61f,3206,2026-09-06,06_FACTORY_AND_QA,"06_FACTORY_AND_QA/QA_FIXTURES/firmware/drop_release_controller/drop_release_controller.ino"
a6d8e7cbd8da,6335,2026-09-06,06_FACTORY_AND_QA,"06_FACTORY_AND_QA/QA_FIXTURES/firmware/rattle_cradle_controller/rattle_cradle_controller.ino"
bdbd110a1fe4,21644,2026-09-06,06_FACTORY_AND_QA,"06_FACTORY_AND_QA/QA_FIXTURES/generate_fixtures.py"
c54c5ade243e,922,2026-09-06,06_FACTORY_AND_QA,"06_FACTORY_AND_QA/QA_FIXTURES/make_hash_manifest.py"
87a10d453f4c,3761,2026-09-06,06_FACTORY_AND_QA,"06_FACTORY_AND_QA/QA_FIXTURES/qa_acceptance.py"
ecaee1679c09,5518,2026-09-06,06_FACTORY_AND_QA,"06_FACTORY_AND_QA/QA_FIXTURES/rattle_audio_score.py"
19b47af7271e,11162,2026-09-06,06_FACTORY_AND_QA,"06_FACTORY_AND_QA/QA_FIXTURES/reports/fixture_manifest.json"
e073e451489b,29548,2026-09-06,06_FACTORY_AND_QA,"06_FACTORY_AND_QA/QA_FIXTURES/reports/mesh_verification.json"
41ae150c882b,298,2026-09-06,06_FACTORY_AND_QA,"06_FACTORY_AND_QA/QA_FIXTURES/reports/package_validation.json"
1f72742d7657,1625,2026-09-06,06_FACTORY_AND_QA,"06_FACTORY_AND_QA/QA_FIXTURES/reports/release_validation.md"
11031aa03a2f,45,2026-09-06,06_FACTORY_AND_QA,"06_FACTORY_AND_QA/QA_FIXTURES/requirements.txt"
af38f038abe8,261183,2026-09-06,06_FACTORY_AND_QA,"06_FACTORY_AND_QA/QA_FIXTURES/step/drop_collet_body_petg.step"
6a306c01d35c,137114,2026-09-06,06_FACTORY_AND_QA,"06_FACTORY_AND_QA/QA_FIXTURES/step/drop_common_latch_plate_petg.step"
f840d7d868e9,65928,2026-09-06,06_FACTORY_AND_QA,"06_FACTORY_AND_QA/QA_FIXTURES/step/drop_finger_guide_petg_print_three.step"
f6178b00d62d,35480,2026-09-06,06_FACTORY_AND_QA,"06_FACTORY_AND_QA/QA_FIXTURES/step/drop_inert_51x21x11_dummy.step"
52baaa010e3f,100874,2026-09-06,06_FACTORY_AND_QA,"06_FACTORY_AND_QA/QA_FIXTURES/step/drop_pose_key_01_F_XP.step"
e84f8ac8313c,100752,2026-09-06,06_FACTORY_AND_QA,"06_FACTORY_AND_QA/QA_FIXTURES/step/drop_pose_key_02_F_XM.step"
4cd81d64d635,118818,2026-09-06,06_FACTORY_AND_QA,"06_FACTORY_AND_QA/QA_FIXTURES/step/drop_pose_key_03_F_YP.step"
ac734c5ef886,118731,2026-09-06,06_FACTORY_AND_QA,"06_FACTORY_AND_QA/QA_FIXTURES/step/drop_pose_key_04_F_YM.step"
93e483c31bdb,79850,2026-09-06,06_FACTORY_AND_QA,"06_FACTORY_AND_QA/QA_FIXTURES/step/drop_pose_key_05_F_ZP.step"
1a463f1d0271,80216,2026-09-06,06_FACTORY_AND_QA,"06_FACTORY_AND_QA/QA_FIXTURES/step/drop_pose_key_06_F_ZM.step"
3abd38f647d8,105390,2026-09-06,06_FACTORY_AND_QA,"06_FACTORY_AND_QA/QA_FIXTURES/step/drop_pose_key_07_E_XP_YP.step"
49082ba6e1fe,105312,2026-09-06,06_FACTORY_AND_QA,"06_FACTORY_AND_QA/QA_FIXTURES/step/drop_pose_key_08_E_XP_YM.step"
d6793739c41b,105429,2026-09-06,06_FACTORY_AND_QA,"06_FACTORY_AND_QA/QA_FIXTURES/step/drop_pose_key_09_E_XM_YP.step"
101b6a8828cf,105347,2026-09-06,06_FACTORY_AND_QA,"06_FACTORY_AND_QA/QA_FIXTURES/step/drop_pose_key_10_E_XM_YM.step"
e1e3573a72c4,86706,2026-09-06,06_FACTORY_AND_QA,"06_FACTORY_AND_QA/QA_FIXTURES/step/drop_pose_key_11_E_XP_ZP.step"
08cea8c43ded,86703,2026-09-06,06_FACTORY_AND_QA,"06_FACTORY_AND_QA/QA_FIXTURES/step/drop_pose_key_12_E_XP_ZM.step"
7764b3f30c07,86596,2026-09-06,06_FACTORY_AND_QA,"06_FACTORY_AND_QA/QA_FIXTURES/step/drop_pose_key_13_E_XM_ZP.step"
257fd377df51,86702,2026-09-06,06_FACTORY_AND_QA,"06_FACTORY_AND_QA/QA_FIXTURES/step/drop_pose_key_14_E_XM_ZM.step"
c34a1a40b220,103611,2026-09-06,06_FACTORY_AND_QA,"06_FACTORY_AND_QA/QA_FIXTURES/step/drop_pose_key_15_E_YP_ZP.step"
9aaa51bcccd4,103753,2026-09-06,06_FACTORY_AND_QA,"06_FACTORY_AND_QA/QA_FIXTURES/step/drop_pose_key_16_E_YP_ZM.step"
18ea4c0aa7a8,103662,2026-09-06,06_FACTORY_AND_QA,"06_FACTORY_AND_QA/QA_FIXTURES/step/drop_pose_key_17_E_YM_ZP.step"
3c12b2d0b3f4,103597,2026-09-06,06_FACTORY_AND_QA,"06_FACTORY_AND_QA/QA_FIXTURES/step/drop_pose_key_18_E_YM_ZM.step"
c421fa9f3bcb,101740,2026-09-06,06_FACTORY_AND_QA,"06_FACTORY_AND_QA/QA_FIXTURES/step/drop_pose_key_19_C_XP_YP_ZP.step"
0f03f2cba8d0,101894,2026-09-06,06_FACTORY_AND_QA,"06_FACTORY_AND_QA/QA_FIXTURES/step/drop_pose_key_20_C_XP_YP_ZM.step"
bff7890bff3f,101701,2026-09-06,06_FACTORY_AND_QA,"06_FACTORY_AND_QA/QA_FIXTURES/step/drop_pose_key_21_C_XP_YM_ZP.step"
312950991fd1,101803,2026-09-06,06_FACTORY_AND_QA,"06_FACTORY_AND_QA/QA_FIXTURES/step/drop_pose_key_22_C_XP_YM_ZM.step"
4dfbeccdd15b,101796,2026-09-06,06_FACTORY_AND_QA,"06_FACTORY_AND_QA/QA_FIXTURES/step/drop_pose_key_23_C_XM_YP_ZP.step"
fcb3a0d9e64c,101911,2026-09-06,06_FACTORY_AND_QA,"06_FACTORY_AND_QA/QA_FIXTURES/step/drop_pose_key_24_C_XM_YP_ZM.step"
57ac027f4093,101743,2026-09-06,06_FACTORY_AND_QA,"06_FACTORY_AND_QA/QA_FIXTURES/step/drop_pose_key_25_C_XM_YM_ZP.step"
0c389c20f549,101820,2026-09-06,06_FACTORY_AND_QA,"06_FACTORY_AND_QA/QA_FIXTURES/step/drop_pose_key_26_C_XM_YM_ZM.step"
4cfc6c13302d,52314,2026-09-06,06_FACTORY_AND_QA,"06_FACTORY_AND_QA/QA_FIXTURES/step/drop_radial_finger_petg_print_three.step"
840e0d62fe58,527763,2026-09-06,06_FACTORY_AND_QA,"06_FACTORY_AND_QA/QA_FIXTURES/step/drop_release_closed_assembly.step"
936227f981f8,527772,2026-09-06,06_FACTORY_AND_QA,"06_FACTORY_AND_QA/QA_FIXTURES/step/drop_release_released_assembly.step"
4e0caadeca68,44195,2026-09-06,06_FACTORY_AND_QA,"06_FACTORY_AND_QA/QA_FIXTURES/step/drop_three_cord_lift_yoke_petg.step"
06ef998010c0,35480,2026-09-06,06_FACTORY_AND_QA,"06_FACTORY_AND_QA/QA_FIXTURES/step/inert_51x21x11_pendant_dummy.step"
f3b4add3b60e,57574,2026-09-06,06_FACTORY_AND_QA,"06_FACTORY_AND_QA/QA_FIXTURES/step/rattle_608_bearing_tower_petg_print_two.step"
567390a4a3c7,70798,2026-09-06,06_FACTORY_AND_QA,"06_FACTORY_AND_QA/QA_FIXTURES/step/rattle_base_plate_petg_or_plywood_template.step"
f50830e3ab89,67326,2026-09-06,06_FACTORY_AND_QA,"06_FACTORY_AND_QA/QA_FIXTURES/step/rattle_cassette_base_petg.step"
70d4b1b314b3,85327,2026-09-06,06_FACTORY_AND_QA,"06_FACTORY_AND_QA/QA_FIXTURES/step/rattle_cassette_lid_petg.step"
d3e46fe9ce02,32191,2026-09-06,06_FACTORY_AND_QA,"06_FACTORY_AND_QA/QA_FIXTURES/step/rattle_cassette_liner_base_tpu95a.step"
0c774f1cfe53,33341,2026-09-06,06_FACTORY_AND_QA,"06_FACTORY_AND_QA/QA_FIXTURES/step/rattle_cassette_liner_lid_tpu95a.step"
744810f9b83b,145160,2026-09-06,06_FACTORY_AND_QA,"06_FACTORY_AND_QA/QA_FIXTURES/step/rattle_edge_axis_adapter_petg.step"
7ca5e7dcdc95,355408,2026-09-06,06_FACTORY_AND_QA,"06_FACTORY_AND_QA/QA_FIXTURES/step/rattle_fixture_face_axis_assembly.step"
53c1b7649451,89450,2026-09-06,06_FACTORY_AND_QA,"06_FACTORY_AND_QA/QA_FIXTURES/step/rattle_nema17_mount_petg.step"
9be275841df4,144375,2026-09-06,06_FACTORY_AND_QA,"06_FACTORY_AND_QA/QA_FIXTURES/step/rattle_rotor_disk_petg.step"
2ccaf64fae59,611284,2026-09-06,06_FACTORY_AND_QA,"06_FACTORY_AND_QA/QA_FIXTURES/stl/drop_collet_body_petg.stl"
15ea924270c4,282084,2026-09-06,06_FACTORY_AND_QA,"06_FACTORY_AND_QA/QA_FIXTURES/stl/drop_common_latch_plate_petg.stl"
948ed0a0760d,128684,2026-09-06,06_FACTORY_AND_QA,"06_FACTORY_AND_QA/QA_FIXTURES/stl/drop_finger_guide_petg_print_three.stl"
152259bef545,844684,2026-09-06,06_FACTORY_AND_QA,"06_FACTORY_AND_QA/QA_FIXTURES/stl/drop_inert_51x21x11_dummy.stl"
838cffdcecc7,251084,2026-09-06,06_FACTORY_AND_QA,"06_FACTORY_AND_QA/QA_FIXTURES/stl/drop_pose_key_01_F_XP.stl"
70dd9d300e78,251084,2026-09-06,06_FACTORY_AND_QA,"06_FACTORY_AND_QA/QA_FIXTURES/stl/drop_pose_key_02_F_XM.stl"
c35822d12173,277284,2026-09-06,06_FACTORY_AND_QA,"06_FACTORY_AND_QA/QA_FIXTURES/stl/drop_pose_key_03_F_YP.stl"
dbdc6a6b422c,277284,2026-09-06,06_FACTORY_AND_QA,"06_FACTORY_AND_QA/QA_FIXTURES/stl/drop_pose_key_04_F_YM.stl"
8a04df311efd,475084,2026-09-06,06_FACTORY_AND_QA,"06_FACTORY_AND_QA/QA_FIXTURES/stl/drop_pose_key_05_F_ZP.stl"
6e36820ec8fa,475084,2026-09-06,06_FACTORY_AND_QA,"06_FACTORY_AND_QA/QA_FIXTURES/stl/drop_pose_key_06_F_ZM.stl"
5b63f5d56719,264284,2026-09-06,06_FACTORY_AND_QA,"06_FACTORY_AND_QA/QA_FIXTURES/stl/drop_pose_key_07_E_XP_YP.stl"
1bbea4df0b9e,264284,2026-09-06,06_FACTORY_AND_QA,"06_FACTORY_AND_QA/QA_FIXTURES/stl/drop_pose_key_08_E_XP_YM.stl"
5546b487bf1f,264284,2026-09-06,06_FACTORY_AND_QA,"06_FACTORY_AND_QA/QA_FIXTURES/stl/drop_pose_key_09_E_XM_YP.stl"
099dc1b09d52,264284,2026-09-06,06_FACTORY_AND_QA,"06_FACTORY_AND_QA/QA_FIXTURES/stl/drop_pose_key_10_E_XM_YM.stl"
dcd6cc97d64a,188584,2026-09-06,06_FACTORY_AND_QA,"06_FACTORY_AND_QA/QA_FIXTURES/stl/drop_pose_key_11_E_XP_ZP.stl"
76e38f0ace38,188584,2026-09-06,06_FACTORY_AND_QA,"06_FACTORY_AND_QA/QA_FIXTURES/stl/drop_pose_key_12_E_XP_ZM.stl"
7cb3d17a3d08,188584,2026-09-06,06_FACTORY_AND_QA,"06_FACTORY_AND_QA/QA_FIXTURES/stl/drop_pose_key_13_E_XM_ZP.stl"
02c0544a5553,188584,2026-09-06,06_FACTORY_AND_QA,"06_FACTORY_AND_QA/QA_FIXTURES/stl/drop_pose_key_14_E_XM_ZM.stl"
30bd6316a966,158184,2026-09-06,06_FACTORY_AND_QA,"06_FACTORY_AND_QA/QA_FIXTURES/stl/drop_pose_key_15_E_YP_ZP.stl"
45b4b0577505,158184,2026-09-06,06_FACTORY_AND_QA,"06_FACTORY_AND_QA/QA_FIXTURES/stl/drop_pose_key_16_E_YP_ZM.stl"
b8366a6845b6,158184,2026-09-06,06_FACTORY_AND_QA,"06_FACTORY_AND_QA/QA_FIXTURES/stl/drop_pose_key_17_E_YM_ZP.stl"
a826cabb0d8a,158184,2026-09-06,06_FACTORY_AND_QA,"06_FACTORY_AND_QA/QA_FIXTURES/stl/drop_pose_key_18_E_YM_ZM.stl"
20dfe43f9ef6,206384,2026-09-06,06_FACTORY_AND_QA,"06_FACTORY_AND_QA/QA_FIXTURES/stl/drop_pose_key_19_C_XP_YP_ZP.stl"
2074a4566819,207984,2026-09-06,06_FACTORY_AND_QA,"06_FACTORY_AND_QA/QA_FIXTURES/stl/drop_pose_key_20_C_XP_YP_ZM.stl"
4786a3a79ee0,207984,2026-09-06,06_FACTORY_AND_QA,"06_FACTORY_AND_QA/QA_FIXTURES/stl/drop_pose_key_21_C_XP_YM_ZP.stl"
cf371b423b69,206384,2026-09-06,06_FACTORY_AND_QA,"06_FACTORY_AND_QA/QA_FIXTURES/stl/drop_pose_key_22_C_XP_YM_ZM.stl"
f72ea6f25fd8,207984,2026-09-06,06_FACTORY_AND_QA,"06_FACTORY_AND_QA/QA_FIXTURES/stl/drop_pose_key_23_C_XM_YP_ZP.stl"
013027acd908,206384,2026-09-06,06_FACTORY_AND_QA,"06_FACTORY_AND_QA/QA_FIXTURES/stl/drop_pose_key_24_C_XM_YP_ZM.stl"
5926e1168f6e,206384,2026-09-06,06_FACTORY_AND_QA,"06_FACTORY_AND_QA/QA_FIXTURES/stl/drop_pose_key_25_C_XM_YM_ZP.stl"
5f26671b6e5e,207984,2026-09-06,06_FACTORY_AND_QA,"06_FACTORY_AND_QA/QA_FIXTURES/stl/drop_pose_key_26_C_XM_YM_ZM.stl"
535732679368,72884,2026-09-06,06_FACTORY_AND_QA,"06_FACTORY_AND_QA/QA_FIXTURES/stl/drop_radial_finger_petg_print_three.stl"
ac9188bf5c45,127284,2026-09-06,06_FACTORY_AND_QA,"06_FACTORY_AND_QA/QA_FIXTURES/stl/drop_three_cord_lift_yoke_petg.stl"
152259bef545,844684,2026-09-06,06_FACTORY_AND_QA,"06_FACTORY_AND_QA/QA_FIXTURES/stl/inert_51x21x11_pendant_dummy.stl"
15ae5d662a1e,153684,2026-09-06,06_FACTORY_AND_QA,"06_FACTORY_AND_QA/QA_FIXTURES/stl/rattle_608_bearing_tower_petg_print_two.stl"
b1f21039959f,229484,2026-09-06,06_FACTORY_AND_QA,"06_FACTORY_AND_QA/QA_FIXTURES/stl/rattle_base_plate_petg_or_plywood_template.stl"
6c272689bbdc,153484,2026-09-06,06_FACTORY_AND_QA,"06_FACTORY_AND_QA/QA_FIXTURES/stl/rattle_cassette_base_petg.stl"
f92b0bb081f9,179284,2026-09-06,06_FACTORY_AND_QA,"06_FACTORY_AND_QA/QA_FIXTURES/stl/rattle_cassette_lid_petg.stl"
580efaefff17,51084,2026-09-06,06_FACTORY_AND_QA,"06_FACTORY_AND_QA/QA_FIXTURES/stl/rattle_cassette_liner_base_tpu95a.stl"
ec132e7f0dd2,51284,2026-09-06,06_FACTORY_AND_QA,"06_FACTORY_AND_QA/QA_FIXTURES/stl/rattle_cassette_liner_lid_tpu95a.stl"
08f08535cf94,334284,2026-09-06,06_FACTORY_AND_QA,"06_FACTORY_AND_QA/QA_FIXTURES/stl/rattle_edge_axis_adapter_petg.stl"
34510c64facc,230884,2026-09-06,06_FACTORY_AND_QA,"06_FACTORY_AND_QA/QA_FIXTURES/stl/rattle_nema17_mount_petg.stl"
51791fa06ee3,258484,2026-09-06,06_FACTORY_AND_QA,"06_FACTORY_AND_QA/QA_FIXTURES/stl/rattle_rotor_disk_petg.stl"
d5a78a59db99,4562,2026-09-06,06_FACTORY_AND_QA,"06_FACTORY_AND_QA/QA_FIXTURES/validate_package.py"
e1baf04a2ea5,3105,2026-09-06,06_FACTORY_AND_QA,"06_FACTORY_AND_QA/QA_FIXTURES/verify_meshes.py"
a90cbdab0e36,2788,2026-09-06,06_FACTORY_AND_QA,"06_FACTORY_AND_QA/README.md"
4dbb7068288a,6434,2026-09-06,06_FACTORY_AND_QA,"06_FACTORY_AND_QA/TEST_EVIDENCE/DURABILITY_AND_RATTLE_TEST_PLAN.md"
56a5f5c9ed24,4762,2026-09-06,06_FACTORY_AND_QA,"06_FACTORY_AND_QA/TEST_EVIDENCE/ELECTRICAL_AUDIT.md"
06d3c59adf2e,18110,2026-09-06,06_FACTORY_AND_QA,"06_FACTORY_AND_QA/TEST_EVIDENCE/ELECTRICAL_AUDIT_2026-08-29.md"
8ec2415b3281,12439,2026-09-06,06_FACTORY_AND_QA,"06_FACTORY_AND_QA/TEST_EVIDENCE/EXACT_SOURCING_2026-08-29.md"
69a2336c2db3,17966,2026-09-06,06_FACTORY_AND_QA,"06_FACTORY_AND_QA/TEST_EVIDENCE/FIRMWARE_STORAGE_SPEC.md"
f17b859818bb,8499,2026-09-06,06_FACTORY_AND_QA,"06_FACTORY_AND_QA/TEST_EVIDENCE/MECHANICAL_RETENTION_SPEC.md"
fbf632d7a54c,18445,2026-09-06,06_FACTORY_AND_QA,"06_FACTORY_AND_QA/TEST_EVIDENCE/MECHANICAL_V10_AUDIT.md"
48e3dce58a5d,7757,2026-09-06,06_FACTORY_AND_QA,"06_FACTORY_AND_QA/TEST_EVIDENCE/MECHANICAL_V10_REAUDIT.md"
c03a18cb8a7d,3526,2026-09-06,06_FACTORY_AND_QA,"06_FACTORY_AND_QA/TEST_EVIDENCE/PRODUCTION_CANDIDATE_BOM.csv"
a6889d620b0c,3548,2026-09-06,06_FACTORY_AND_QA,"06_FACTORY_AND_QA/TEST_EVIDENCE/PRODUCTION_FIT_REPORT.md"
d7db6c0c1041,2323,2026-09-06,06_FACTORY_AND_QA,"06_FACTORY_AND_QA/TEST_EVIDENCE/SIZE_AUDIT.md"
a9e46055eda5,2121324,2026-09-06,06_FACTORY_AND_QA,"06_FACTORY_AND_QA/TEST_EVIDENCE/physical_capture/2026-07-20_pendant_audio.wav"
5c58648a2f40,3678,2026-09-06,07_PROCUREMENT,"07_PROCUREMENT/2026-08-27_v07_FOUR_DAY_ORDER_SHEET.csv"
d71af3eaeb9c,1320,2026-09-06,07_PROCUREMENT,"07_PROCUREMENT/2026-08-28_execution_COST_AND_TIMELINE.md"
866ae5938432,2886,2026-09-06,07_PROCUREMENT,"07_PROCUREMENT/2026-08-28_tuesday_evt_BUY_12.csv"
3397515ab350,544,2026-09-06,07_PROCUREMENT,"07_PROCUREMENT/2026-08-28_tuesday_evt_COST_CEILING.md"
3628ee87b69a,408082,2026-09-06,07_PROCUREMENT,"07_PROCUREMENT/Anticipy_BUILD_GUIDE_LegoStyle.pdf"
07a2bb4f5a6e,789369,2026-09-06,07_PROCUREMENT,"07_PROCUREMENT/Anticipy_Build_Guide_VISUAL.pdf"
afbb8d03f7a7,253740,2026-09-06,07_PROCUREMENT,"07_PROCUREMENT/Anticipy_Hardware_CAD_Brief_v1.pdf"
5de8820107f7,329101,2026-09-06,07_PROCUREMENT,"07_PROCUREMENT/Anticipy_Pendant_Guide.pdf"
83c88d584245,94185,2026-09-06,07_PROCUREMENT,"07_PROCUREMENT/Anticipy_Pendant_Manufacturing_Brief.pdf"
8e82d68041fd,288929,2026-09-06,07_PROCUREMENT,"07_PROCUREMENT/Anticipy_Unit_001_Owner_Shopping_and_Hardware_Build_Brief.pdf"
1fcec84b6ec3,280564,2026-09-06,07_PROCUREMENT,"07_PROCUREMENT/Anticipy_v0_Build_Guide.pdf"
b9d878bf49cc,1484,2026-09-06,07_PROCUREMENT,"07_PROCUREMENT/JLCPCB_STATUS_2026-09-05.md"
fc2a02f0c17f,3115,2026-09-06,07_PROCUREMENT,"07_PROCUREMENT/PURCHASE_QUANTITIES.csv"
b1d88695fb7e,2488,2026-09-06,07_PROCUREMENT,"07_PROCUREMENT/README.md"
ab9bf4adbed0,38944,2026-09-06,07_PROCUREMENT,"07_PROCUREMENT/anticipy-hardware-sourcing.docx"
74b0ac22f69a,8602767,2026-09-06,08_HISTORICAL_PACKAGES,"08_HISTORICAL_PACKAGES/00_ORIGINAL_ZIPS/Anticipy pendant v5.1 model.zip"
2b2455177372,3558712,2026-09-06,08_HISTORICAL_PACKAGES,"08_HISTORICAL_PACKAGES/00_ORIGINAL_ZIPS/Anticipy_48_Hour_Prototype_v1.3_2026-08-29.zip"
4376f0cd4fb1,29575599,2026-09-06,08_HISTORICAL_PACKAGES,"08_HISTORICAL_PACKAGES/00_ORIGINAL_ZIPS/Anticipy_Execution_Package_v1.0_2026-08-29.zip"
d39a1a00866b,25937130,2026-09-06,08_HISTORICAL_PACKAGES,"08_HISTORICAL_PACKAGES/00_ORIGINAL_ZIPS/Anticipy_Hardware_Master_Package_2026-09-05.zip"
a2cee6260e3e,3540397,2026-09-06,08_HISTORICAL_PACKAGES,"08_HISTORICAL_PACKAGES/00_ORIGINAL_ZIPS/Anticipy_Strict_Component_EVT_v0.1.zip"
b10138d43239,4254277,2026-09-06,08_HISTORICAL_PACKAGES,"08_HISTORICAL_PACKAGES/00_ORIGINAL_ZIPS/Anticipy_Tuesday_10_Handoff_v2.zip"
89da7216129f,183214,2026-09-06,08_HISTORICAL_PACKAGES,"08_HISTORICAL_PACKAGES/00_ORIGINAL_ZIPS/Anticipy_pendant_v0.1_build_pack.zip"
16a72946a4f1,3827543,2026-09-06,08_HISTORICAL_PACKAGES,"08_HISTORICAL_PACKAGES/00_ORIGINAL_ZIPS/Anticipy_v07_four_day_complete_build_pack.zip"
7729aa36a0ba,24071,2026-09-06,08_HISTORICAL_PACKAGES,"08_HISTORICAL_PACKAGES/2026-04_esp32s3_prior_generation/dev-final-firmware/DESIGN.md"
ac5e40583593,4805,2026-09-06,08_HISTORICAL_PACKAGES,"08_HISTORICAL_PACKAGES/2026-04_esp32s3_prior_generation/dev-final-firmware/MANUFACTURING_ORDER.md"
bbb8711d2a0d,6933,2026-09-06,08_HISTORICAL_PACKAGES,"08_HISTORICAL_PACKAGES/2026-04_esp32s3_prior_generation/dev-final-firmware/PACKAGING.md"
27346afbf56d,10642,2026-09-06,08_HISTORICAL_PACKAGES,"08_HISTORICAL_PACKAGES/2026-04_esp32s3_prior_generation/dev-final-firmware/case/anticipy_pendant.scad"
3dec213f9365,6065,2026-09-06,08_HISTORICAL_PACKAGES,"08_HISTORICAL_PACKAGES/2026-04_esp32s3_prior_generation/dev-final-firmware/case/render_product.html"
c5e2a7d522df,408,2026-09-06,08_HISTORICAL_PACKAGES,"08_HISTORICAL_PACKAGES/2026-04_esp32s3_prior_generation/dev-final-firmware/partitions_ota.csv"
4e1b3f98d5fe,12335,2026-09-06,08_HISTORICAL_PACKAGES,"08_HISTORICAL_PACKAGES/2026-04_esp32s3_prior_generation/dev-final-firmware/pcb/ASSEMBLY.md"
24a3e68d74f7,6895,2026-09-06,08_HISTORICAL_PACKAGES,"08_HISTORICAL_PACKAGES/2026-04_esp32s3_prior_generation/dev-final-firmware/pcb/SCHEMATIC.md"
adddc49bf763,5885,2026-09-06,08_HISTORICAL_PACKAGES,"08_HISTORICAL_PACKAGES/2026-04_esp32s3_prior_generation/dev-final-firmware/pcb/anticipy.kicad_pro"
8c559e702e33,27700,2026-09-06,08_HISTORICAL_PACKAGES,"08_HISTORICAL_PACKAGES/2026-04_esp32s3_prior_generation/dev-final-firmware/pcb/anticipy.kicad_sch"
2472aaa0528e,1165,2026-09-06,08_HISTORICAL_PACKAGES,"08_HISTORICAL_PACKAGES/2026-04_esp32s3_prior_generation/dev-final-firmware/platformio.ini"
ad8e1f2f43c7,8440,2026-09-06,08_HISTORICAL_PACKAGES,"08_HISTORICAL_PACKAGES/2026-04_esp32s3_prior_generation/dev-final-firmware/src/audio.cpp"
7e990166674a,2486,2026-09-06,08_HISTORICAL_PACKAGES,"08_HISTORICAL_PACKAGES/2026-04_esp32s3_prior_generation/dev-final-firmware/src/audio.h"
f1376714002d,9273,2026-09-06,08_HISTORICAL_PACKAGES,"08_HISTORICAL_PACKAGES/2026-04_esp32s3_prior_generation/dev-final-firmware/src/config.h"
c238a99198eb,5319,2026-09-06,08_HISTORICAL_PACKAGES,"08_HISTORICAL_PACKAGES/2026-04_esp32s3_prior_generation/dev-final-firmware/src/led.cpp"
b01eeb77621b,2419,2026-09-06,08_HISTORICAL_PACKAGES,"08_HISTORICAL_PACKAGES/2026-04_esp32s3_prior_generation/dev-final-firmware/src/led.h"
dc2bbe53ed79,18573,2026-09-06,08_HISTORICAL_PACKAGES,"08_HISTORICAL_PACKAGES/2026-04_esp32s3_prior_generation/dev-final-firmware/src/main.cpp"
332105bfb824,12099,2026-09-06,08_HISTORICAL_PACKAGES,"08_HISTORICAL_PACKAGES/2026-04_esp32s3_prior_generation/dev-final-firmware/src/network.cpp"
edaa71eeb54a,2872,2026-09-06,08_HISTORICAL_PACKAGES,"08_HISTORICAL_PACKAGES/2026-04_esp32s3_prior_generation/dev-final-firmware/src/network.h"
7700023ad70b,6137,2026-09-06,08_HISTORICAL_PACKAGES,"08_HISTORICAL_PACKAGES/2026-04_esp32s3_prior_generation/dev-final-firmware/src/power.cpp"
7d1e178c3557,1608,2026-09-06,08_HISTORICAL_PACKAGES,"08_HISTORICAL_PACKAGES/2026-04_esp32s3_prior_generation/dev-final-firmware/src/power.h"
8acfc0e9ca35,3974,2026-09-06,08_HISTORICAL_PACKAGES,"08_HISTORICAL_PACKAGES/2026-04_esp32s3_prior_generation/dev-final-firmware/src/vad.cpp"
85d20f78ba67,1643,2026-09-06,08_HISTORICAL_PACKAGES,"08_HISTORICAL_PACKAGES/2026-04_esp32s3_prior_generation/dev-final-firmware/src/vad.h"
87de0f34d433,1572,2026-09-06,08_HISTORICAL_PACKAGES,"08_HISTORICAL_PACKAGES/2026-04_esp32s3_prior_generation/site-docs/README.md"
5357fa0d0730,17199,2026-09-06,08_HISTORICAL_PACKAGES,"08_HISTORICAL_PACKAGES/2026-04_esp32s3_prior_generation/site-docs/_original-index.page.tsx"
6461eda50457,24627,2026-09-06,08_HISTORICAL_PACKAGES,"08_HISTORICAL_PACKAGES/2026-04_esp32s3_prior_generation/site-docs/assembly.page.tsx"
5db0cb206f93,17860,2026-09-06,08_HISTORICAL_PACKAGES,"08_HISTORICAL_PACKAGES/2026-04_esp32s3_prior_generation/site-docs/bom.page.tsx"
c2c2a82012a9,14933,2026-09-06,08_HISTORICAL_PACKAGES,"08_HISTORICAL_PACKAGES/2026-04_esp32s3_prior_generation/site-docs/hardware-transfer.page.tsx"
7869edfd5e3e,29591,2026-09-06,08_HISTORICAL_PACKAGES,"08_HISTORICAL_PACKAGES/2026-04_esp32s3_prior_generation/site-docs/hardware.page.tsx"
6c71d931d51c,29325,2026-09-06,08_HISTORICAL_PACKAGES,"08_HISTORICAL_PACKAGES/2026-04_esp32s3_prior_generation/site-docs/manufacturing.page.tsx"
f13e907eaa7e,21687,2026-09-06,08_HISTORICAL_PACKAGES,"08_HISTORICAL_PACKAGES/2026-04_esp32s3_prior_generation/site-docs/packaging.page.tsx"
be539936b94b,20555,2026-09-06,08_HISTORICAL_PACKAGES,"08_HISTORICAL_PACKAGES/2026-04_esp32s3_prior_generation/site-docs/schematic.page.tsx"
78e19e46947e,320,2026-09-06,08_HISTORICAL_PACKAGES,"08_HISTORICAL_PACKAGES/2026-07-23_firmware_dev_not_for_flash/00_READ_ME_FIRST_NOT_FOR_FLASH.txt"
b94720e23dea,2495,2026-09-06,08_HISTORICAL_PACKAGES,"08_HISTORICAL_PACKAGES/2026-07-23_firmware_dev_not_for_flash/SHA256SUMS.txt"
f862439a1e5c,68241,2026-09-06,08_HISTORICAL_PACKAGES,"08_HISTORICAL_PACKAGES/2026-07-23_firmware_dev_not_for_flash/evidence-and-artifacts/.config"
b4f80b87a1c9,2793,2026-09-06,08_HISTORICAL_PACKAGES,"08_HISTORICAL_PACKAGES/2026-07-23_firmware_dev_not_for_flash/evidence-and-artifacts/ACTIVE_WEST_PROJECTS_POST.tsv"
b4f80b87a1c9,2793,2026-09-06,08_HISTORICAL_PACKAGES,"08_HISTORICAL_PACKAGES/2026-07-23_firmware_dev_not_for_flash/evidence-and-artifacts/ACTIVE_WEST_PROJECTS_PRE.tsv"
3ce8729448cd,9047,2026-09-06,08_HISTORICAL_PACKAGES,"08_HISTORICAL_PACKAGES/2026-07-23_firmware_dev_not_for_flash/evidence-and-artifacts/ANTICIPY_DEVELOPMENT_BUILD_RECEIPT_NOT_FOR_FLASH.json"
a26a28526f21,11338,2026-09-06,08_HISTORICAL_PACKAGES,"08_HISTORICAL_PACKAGES/2026-07-23_firmware_dev_not_for_flash/evidence-and-artifacts/ANTICIPY_DEVELOPMENT_COMPONENT_INVENTORY_NOT_ATTESTED.json"
fc54fac5a723,2856,2026-09-06,08_HISTORICAL_PACKAGES,"08_HISTORICAL_PACKAGES/2026-07-23_firmware_dev_not_for_flash/evidence-and-artifacts/ANTICIPY_DEVELOPMENT_CONTAINER_INSPECTION_NOT_ATTESTED.json"
ba3a6fa71fd7,2398,2026-09-06,08_HISTORICAL_PACKAGES,"08_HISTORICAL_PACKAGES/2026-07-23_firmware_dev_not_for_flash/evidence-and-artifacts/ANTICIPY_SOURCE_RECEIPT.json"
d1f824e2f325,520,2026-09-06,08_HISTORICAL_PACKAGES,"08_HISTORICAL_PACKAGES/2026-07-23_firmware_dev_not_for_flash/evidence-and-artifacts/ARTIFACT_SHA256SUMS.txt"
0271a7d97b97,160719,2026-09-06,08_HISTORICAL_PACKAGES,"08_HISTORICAL_PACKAGES/2026-07-23_firmware_dev_not_for_flash/evidence-and-artifacts/BUILD.log"
5b0ebf07d6b1,290,2026-09-06,08_HISTORICAL_PACKAGES,"08_HISTORICAL_PACKAGES/2026-07-23_firmware_dev_not_for_flash/evidence-and-artifacts/BUILD_COMMAND.txt"
a4c599ba28b9,52549,2026-09-06,08_HISTORICAL_PACKAGES,"08_HISTORICAL_PACKAGES/2026-07-23_firmware_dev_not_for_flash/evidence-and-artifacts/CMakeCache.txt"
a539512405a5,333,2026-09-06,08_HISTORICAL_PACKAGES,"08_HISTORICAL_PACKAGES/2026-07-23_firmware_dev_not_for_flash/evidence-and-artifacts/DEVELOPMENT_STATUS_NOT_FOR_FLASH.txt"
a31e3a86b660,197,2026-09-06,08_HISTORICAL_PACKAGES,"08_HISTORICAL_PACKAGES/2026-07-23_firmware_dev_not_for_flash/evidence-and-artifacts/TOOL_VERSIONS.tsv"
f50c51b711bb,2003,2026-09-06,08_HISTORICAL_PACKAGES,"08_HISTORICAL_PACKAGES/2026-07-23_firmware_dev_not_for_flash/evidence-and-artifacts/anticipy-pinned-image-manifest.json"
a1e00ebde3f8,23841,2026-09-06,08_HISTORICAL_PACKAGES,"08_HISTORICAL_PACKAGES/2026-07-23_firmware_dev_not_for_flash/evidence-and-artifacts/generate_development_receipt.py"
b7cddedb7010,274468,2026-09-06,08_HISTORICAL_PACKAGES,"08_HISTORICAL_PACKAGES/2026-07-23_firmware_dev_not_for_flash/evidence-and-artifacts/zephyr.bin"
8d969ccd73a8,18300,2026-09-06,08_HISTORICAL_PACKAGES,"08_HISTORICAL_PACKAGES/2026-07-23_firmware_dev_not_for_flash/evidence-and-artifacts/zephyr.dts"
0f4dc109c685,5240756,2026-09-06,08_HISTORICAL_PACKAGES,"08_HISTORICAL_PACKAGES/2026-07-23_firmware_dev_not_for_flash/evidence-and-artifacts/zephyr.elf"
c0a6bde2319d,772213,2026-09-06,08_HISTORICAL_PACKAGES,"08_HISTORICAL_PACKAGES/2026-07-23_firmware_dev_not_for_flash/evidence-and-artifacts/zephyr.hex"
f34011c1082e,1525047,2026-09-06,08_HISTORICAL_PACKAGES,"08_HISTORICAL_PACKAGES/2026-07-23_firmware_dev_not_for_flash/evidence-and-artifacts/zephyr.map"
437dc9e33ef5,549376,2026-09-06,08_HISTORICAL_PACKAGES,"08_HISTORICAL_PACKAGES/2026-07-23_firmware_dev_not_for_flash/evidence-and-artifacts/zephyr.uf2"
c3f5de9bf597,5257,2026-09-06,08_HISTORICAL_PACKAGES,"08_HISTORICAL_PACKAGES/2026-07-24_dual_hatch_builds/RECLAIM-MANIFEST-20260724.txt"
3c725a1ed8a6,6703,2026-09-06,08_HISTORICAL_PACKAGES,"08_HISTORICAL_PACKAGES/2026-07-24_dual_hatch_builds/dual-hatch-20260724/BUILD_RECEIPT.json"
5669f61a73f6,30895,2026-09-06,08_HISTORICAL_PACKAGES,"08_HISTORICAL_PACKAGES/2026-07-24_dual_hatch_builds/dual-hatch-20260724/build.log"
e861aa9c2979,255474,2026-09-06,08_HISTORICAL_PACKAGES,"08_HISTORICAL_PACKAGES/2026-07-24_dual_hatch_builds/dual-hatch-20260724/dfu/anticipy-dual-hatch-nrf52-legacy-ota.zip"
99de0f5f219a,4530,2026-09-06,08_HISTORICAL_PACKAGES,"08_HISTORICAL_PACKAGES/2026-07-24_dual_hatch_builds/dual-hatch-20260724/source/ANTICIPY_SOURCE_RECEIPT.json"
0c36c405b4fb,3097,2026-09-06,08_HISTORICAL_PACKAGES,"08_HISTORICAL_PACKAGES/2026-07-24_dual_hatch_builds/dual-hatch-20260724/source/CMakeLists.txt"
95f59ea05788,5065,2026-09-06,08_HISTORICAL_PACKAGES,"08_HISTORICAL_PACKAGES/2026-07-24_dual_hatch_builds/dual-hatch-20260724/source/DUAL_HATCH_RECEIPT.json"
df58d0dbef58,320,2026-09-06,08_HISTORICAL_PACKAGES,"08_HISTORICAL_PACKAGES/2026-07-24_dual_hatch_builds/dual-hatch-20260724/source/Kconfig"
5c6d4987e910,1298,2026-09-06,08_HISTORICAL_PACKAGES,"08_HISTORICAL_PACKAGES/2026-07-24_dual_hatch_builds/dual-hatch-20260724/source/README.rst"
e3b0c44298fc,0,2026-09-06,08_HISTORICAL_PACKAGES,"08_HISTORICAL_PACKAGES/2026-07-24_dual_hatch_builds/dual-hatch-20260724/source/boards/.gitkeep"
ca447461f063,111,2026-09-06,08_HISTORICAL_PACKAGES,"08_HISTORICAL_PACKAGES/2026-07-24_dual_hatch_builds/dual-hatch-20260724/source/overlay/xiao_ble_sense_devkitv2-adafruit_module.overlay"
e1ebaaf4538e,3720,2026-09-06,08_HISTORICAL_PACKAGES,"08_HISTORICAL_PACKAGES/2026-07-24_dual_hatch_builds/dual-hatch-20260724/source/prj_xiao_ble_sense_devkitv2-adafruit.conf"
94cde0ff8096,901,2026-09-06,08_HISTORICAL_PACKAGES,"08_HISTORICAL_PACKAGES/2026-07-24_dual_hatch_builds/dual-hatch-20260724/source/src/battery_math.c"
d708462f6145,290,2026-09-06,08_HISTORICAL_PACKAGES,"08_HISTORICAL_PACKAGES/2026-07-24_dual_hatch_builds/dual-hatch-20260724/source/src/battery_math.h"
2da61a90c2df,1462,2026-09-06,08_HISTORICAL_PACKAGES,"08_HISTORICAL_PACKAGES/2026-07-24_dual_hatch_builds/dual-hatch-20260724/source/src/battery_smoother.c"
2bbdb095355f,427,2026-09-06,08_HISTORICAL_PACKAGES,"08_HISTORICAL_PACKAGES/2026-07-24_dual_hatch_builds/dual-hatch-20260724/source/src/battery_smoother.h"
5423aad81f8d,7892,2026-09-06,08_HISTORICAL_PACKAGES,"08_HISTORICAL_PACKAGES/2026-07-24_dual_hatch_builds/dual-hatch-20260724/source/src/codec.c"
9e7fa798c306,400,2026-09-06,08_HISTORICAL_PACKAGES,"08_HISTORICAL_PACKAGES/2026-07-24_dual_hatch_builds/dual-hatch-20260724/source/src/codec.h"
2757eac00494,1161,2026-09-06,08_HISTORICAL_PACKAGES,"08_HISTORICAL_PACKAGES/2026-07-24_dual_hatch_builds/dual-hatch-20260724/source/src/config.h"
6141f99c80ae,795,2026-09-06,08_HISTORICAL_PACKAGES,"08_HISTORICAL_PACKAGES/2026-07-24_dual_hatch_builds/dual-hatch-20260724/source/src/led.c"
5c8e06f7521f,581,2026-09-06,08_HISTORICAL_PACKAGES,"08_HISTORICAL_PACKAGES/2026-07-24_dual_hatch_builds/dual-hatch-20260724/source/src/led.h"
ba119eae5998,7742,2026-09-06,08_HISTORICAL_PACKAGES,"08_HISTORICAL_PACKAGES/2026-07-24_dual_hatch_builds/dual-hatch-20260724/source/src/lib/battery/battery.c"
73339fbd44a8,2208,2026-09-06,08_HISTORICAL_PACKAGES,"08_HISTORICAL_PACKAGES/2026-07-24_dual_hatch_builds/dual-hatch-20260724/source/src/lib/battery/battery.h"
8552687904b2,10759,2026-09-06,08_HISTORICAL_PACKAGES,"08_HISTORICAL_PACKAGES/2026-07-24_dual_hatch_builds/dual-hatch-20260724/source/src/lib/opus-1.2.1/A2NLSF.c"
cc4d2169dddb,7175,2026-09-06,08_HISTORICAL_PACKAGES,"08_HISTORICAL_PACKAGES/2026-07-24_dual_hatch_builds/dual-hatch-20260724/source/src/lib/opus-1.2.1/API.h"
eb8c9901f2a3,9599,2026-09-06,08_HISTORICAL_PACKAGES,"08_HISTORICAL_PACKAGES/2026-07-24_dual_hatch_builds/dual-hatch-20260724/source/src/lib/opus-1.2.1/CNG.c"
e528fcf0eebc,3989,2026-09-06,08_HISTORICAL_PACKAGES,"08_HISTORICAL_PACKAGES/2026-07-24_dual_hatch_builds/dual-hatch-20260724/source/src/lib/opus-1.2.1/HP_variable_cutoff.c"
d8d637375bd1,7314,2026-09-06,08_HISTORICAL_PACKAGES,"08_HISTORICAL_PACKAGES/2026-07-24_dual_hatch_builds/dual-hatch-20260724/source/src/lib/opus-1.2.1/Inlines.h"
f15ac8e1d21d,5015,2026-09-06,08_HISTORICAL_PACKAGES,"08_HISTORICAL_PACKAGES/2026-07-24_dual_hatch_builds/dual-hatch-20260724/source/src/lib/opus-1.2.1/LPC_analysis_filter.c"
c24418dfdcd9,3957,2026-09-06,08_HISTORICAL_PACKAGES,"08_HISTORICAL_PACKAGES/2026-07-24_dual_hatch_builds/dual-hatch-20260724/source/src/lib/opus-1.2.1/LPC_fit.c"
c2cc22922cd3,6161,2026-09-06,08_HISTORICAL_PACKAGES,"08_HISTORICAL_PACKAGES/2026-07-24_dual_hatch_builds/dual-hatch-20260724/source/src/lib/opus-1.2.1/LPC_inv_pred_gain.c"
e17cec3098ec,6552,2026-09-06,08_HISTORICAL_PACKAGES,"08_HISTORICAL_PACKAGES/2026-07-24_dual_hatch_builds/dual-hatch-20260724/source/src/lib/opus-1.2.1/LP_variable_cutoff.c"
e57c94e63891,4730,2026-09-06,08_HISTORICAL_PACKAGES,"08_HISTORICAL_PACKAGES/2026-07-24_dual_hatch_builds/dual-hatch-20260724/source/src/lib/opus-1.2.1/LTP_analysis_filter_FIX.c"
d2b8a417bcad,2877,2026-09-06,08_HISTORICAL_PACKAGES,"08_HISTORICAL_PACKAGES/2026-07-24_dual_hatch_builds/dual-hatch-20260724/source/src/lib/opus-1.2.1/LTP_scale_ctrl_FIX.c"
58441b221c2f,20764,2026-09-06,08_HISTORICAL_PACKAGES,"08_HISTORICAL_PACKAGES/2026-07-24_dual_hatch_builds/dual-hatch-20260724/source/src/lib/opus-1.2.1/MacroCount.h"
7af465e3a640,33528,2026-09-06,08_HISTORICAL_PACKAGES,"08_HISTORICAL_PACKAGES/2026-07-24_dual_hatch_builds/dual-hatch-20260724/source/src/lib/opus-1.2.1/MacroDebug.h"
89cf63c26906,6362,2026-09-06,08_HISTORICAL_PACKAGES,"08_HISTORICAL_PACKAGES/2026-07-24_dual_hatch_builds/dual-hatch-20260724/source/src/lib/opus-1.2.1/NLSF2A.c"
d2742ac1f6cb,3975,2026-09-06,08_HISTORICAL_PACKAGES,"08_HISTORICAL_PACKAGES/2026-07-24_dual_hatch_builds/dual-hatch-20260724/source/src/lib/opus-1.2.1/NLSF_VQ.c"
975b062a6bbd,3937,2026-09-06,08_HISTORICAL_PACKAGES,"08_HISTORICAL_PACKAGES/2026-07-24_dual_hatch_builds/dual-hatch-20260724/source/src/lib/opus-1.2.1/NLSF_VQ_weights_laroia.c"
3d723c92896d,4766,2026-09-06,08_HISTORICAL_PACKAGES,"08_HISTORICAL_PACKAGES/2026-07-24_dual_hatch_builds/dual-hatch-20260724/source/src/lib/opus-1.2.1/NLSF_decode.c"
3d045d2d5931,11896,2026-09-06,08_HISTORICAL_PACKAGES,"08_HISTORICAL_PACKAGES/2026-07-24_dual_hatch_builds/dual-hatch-20260724/source/src/lib/opus-1.2.1/NLSF_del_dec_quant.c"
5fba9bb8dc77,6129,2026-09-06,08_HISTORICAL_PACKAGES,"08_HISTORICAL_PACKAGES/2026-07-24_dual_hatch_builds/dual-hatch-20260724/source/src/lib/opus-1.2.1/NLSF_encode.c"
14c69720cd90,6347,2026-09-06,08_HISTORICAL_PACKAGES,"08_HISTORICAL_PACKAGES/2026-07-24_dual_hatch_builds/dual-hatch-20260724/source/src/lib/opus-1.2.1/NLSF_stabilize.c"
e94e9519bb38,2949,2026-09-06,08_HISTORICAL_PACKAGES,"08_HISTORICAL_PACKAGES/2026-07-24_dual_hatch_builds/dual-hatch-20260724/source/src/lib/opus-1.2.1/NLSF_unpack.c"
473b46b62b04,22787,2026-09-06,08_HISTORICAL_PACKAGES,"08_HISTORICAL_PACKAGES/2026-07-24_dual_hatch_builds/dual-hatch-20260724/source/src/lib/opus-1.2.1/NSQ.c"
7ef6eec66064,4288,2026-09-06,08_HISTORICAL_PACKAGES,"08_HISTORICAL_PACKAGES/2026-07-24_dual_hatch_builds/dual-hatch-20260724/source/src/lib/opus-1.2.1/NSQ.h"
1e66080620da,39434,2026-09-06,08_HISTORICAL_PACKAGES,"08_HISTORICAL_PACKAGES/2026-07-24_dual_hatch_builds/dual-hatch-20260724/source/src/lib/opus-1.2.1/NSQ_del_dec.c"
fefb38726ec0,20451,2026-09-06,08_HISTORICAL_PACKAGES,"08_HISTORICAL_PACKAGES/2026-07-24_dual_hatch_builds/dual-hatch-20260724/source/src/lib/opus-1.2.1/PLC.c"
f67f0d84ddae,3261,2026-09-06,08_HISTORICAL_PACKAGES,"08_HISTORICAL_PACKAGES/2026-07-24_dual_hatch_builds/dual-hatch-20260724/source/src/lib/opus-1.2.1/PLC.h"
1484eb810598,39242,2026-09-06,08_HISTORICAL_PACKAGES,"08_HISTORICAL_PACKAGES/2026-07-24_dual_hatch_builds/dual-hatch-20260724/source/src/lib/opus-1.2.1/SigProc_FIX.h"
3ab5d7cc2839,15042,2026-09-06,08_HISTORICAL_PACKAGES,"08_HISTORICAL_PACKAGES/2026-07-24_dual_hatch_builds/dual-hatch-20260724/source/src/lib/opus-1.2.1/VAD.c"
4d6e893e1b7b,7138,2026-09-06,08_HISTORICAL_PACKAGES,"08_HISTORICAL_PACKAGES/2026-07-24_dual_hatch_builds/dual-hatch-20260724/source/src/lib/opus-1.2.1/VQ_WMat_EC.c"
b36149a0a4bb,5935,2026-09-06,08_HISTORICAL_PACKAGES,"08_HISTORICAL_PACKAGES/2026-07-24_dual_hatch_builds/dual-hatch-20260724/source/src/lib/opus-1.2.1/_kiss_fft_guts.h"
d277973dbada,3770,2026-09-06,08_HISTORICAL_PACKAGES,"08_HISTORICAL_PACKAGES/2026-07-24_dual_hatch_builds/dual-hatch-20260724/source/src/lib/opus-1.2.1/ana_filt_bank_1.c"
063d73e0755d,36054,2026-09-06,08_HISTORICAL_PACKAGES,"08_HISTORICAL_PACKAGES/2026-07-24_dual_hatch_builds/dual-hatch-20260724/source/src/lib/opus-1.2.1/analysis.c"
c862ac10d4ea,4080,2026-09-06,08_HISTORICAL_PACKAGES,"08_HISTORICAL_PACKAGES/2026-07-24_dual_hatch_builds/dual-hatch-20260724/source/src/lib/opus-1.2.1/analysis.h"
58c5b569dc7c,4921,2026-09-06,08_HISTORICAL_PACKAGES,"08_HISTORICAL_PACKAGES/2026-07-24_dual_hatch_builds/dual-hatch-20260724/source/src/lib/opus-1.2.1/apply_sine_window_FIX.c"
7d2609cf4ce8,7778,2026-09-06,08_HISTORICAL_PACKAGES,"08_HISTORICAL_PACKAGES/2026-07-24_dual_hatch_builds/dual-hatch-20260724/source/src/lib/opus-1.2.1/arch.h"
53b3e0024db7,3234,2026-09-06,08_HISTORICAL_PACKAGES,"08_HISTORICAL_PACKAGES/2026-07-24_dual_hatch_builds/dual-hatch-20260724/source/src/lib/opus-1.2.1/arm/LPC_inv_pred_gain_arm.h"
61d2709dca89,5477,2026-09-06,08_HISTORICAL_PACKAGES,"08_HISTORICAL_PACKAGES/2026-07-24_dual_hatch_builds/dual-hatch-20260724/source/src/lib/opus-1.2.1/arm/NSQ_del_dec_arm.h"
7582f536ee38,2254,2026-09-06,08_HISTORICAL_PACKAGES,"08_HISTORICAL_PACKAGES/2026-07-24_dual_hatch_builds/dual-hatch-20260724/source/src/lib/opus-1.2.1/arm/SigProc_FIX_armv4.h"
75645e689c04,2765,2026-09-06,08_HISTORICAL_PACKAGES,"08_HISTORICAL_PACKAGES/2026-07-24_dual_hatch_builds/dual-hatch-20260724/source/src/lib/opus-1.2.1/arm/SigProc_FIX_armv5e.h"
c6b803609ea3,2481,2026-09-06,08_HISTORICAL_PACKAGES,"08_HISTORICAL_PACKAGES/2026-07-24_dual_hatch_builds/dual-hatch-20260724/source/src/lib/opus-1.2.1/arm/armcpu.h"
aeb87daec248,4421,2026-09-06,08_HISTORICAL_PACKAGES,"08_HISTORICAL_PACKAGES/2026-07-24_dual_hatch_builds/dual-hatch-20260724/source/src/lib/opus-1.2.1/arm/biquad_alt_arm.h"
049a413aa633,14065,2026-09-06,08_HISTORICAL_PACKAGES,"08_HISTORICAL_PACKAGES/2026-07-24_dual_hatch_builds/dual-hatch-20260724/source/src/lib/opus-1.2.1/arm/celt_pitch_xcorr_arm_gcc.s"
420dc0ff08d7,13699,2026-09-06,08_HISTORICAL_PACKAGES,"08_HISTORICAL_PACKAGES/2026-07-24_dual_hatch_builds/dual-hatch-20260724/source/src/lib/opus-1.2.1/arm/celt_pitch_xcorr_arm_iar.s"
af2127640e4a,13247,2026-09-06,08_HISTORICAL_PACKAGES,"08_HISTORICAL_PACKAGES/2026-07-24_dual_hatch_builds/dual-hatch-20260724/source/src/lib/opus-1.2.1/arm/celt_pitch_xcorr_arm_keil.s"
84c83aaed010,3445,2026-09-06,08_HISTORICAL_PACKAGES,"08_HISTORICAL_PACKAGES/2026-07-24_dual_hatch_builds/dual-hatch-20260724/source/src/lib/opus-1.2.1/arm/fixed_armv4.h"
2ea12bc025f7,5628,2026-09-06,08_HISTORICAL_PACKAGES,"08_HISTORICAL_PACKAGES/2026-07-24_dual_hatch_builds/dual-hatch-20260724/source/src/lib/opus-1.2.1/arm/fixed_armv5e.h"
6e41b8f62c4d,4660,2026-09-06,08_HISTORICAL_PACKAGES,"08_HISTORICAL_PACKAGES/2026-07-24_dual_hatch_builds/dual-hatch-20260724/source/src/lib/opus-1.2.1/arm/kiss_fft_armv4.h"
104a476f9ab3,6494,2026-09-06,08_HISTORICAL_PACKAGES,"08_HISTORICAL_PACKAGES/2026-07-24_dual_hatch_builds/dual-hatch-20260724/source/src/lib/opus-1.2.1/arm/kiss_fft_armv5e.h"
a6418f0d3424,4734,2026-09-06,08_HISTORICAL_PACKAGES,"08_HISTORICAL_PACKAGES/2026-07-24_dual_hatch_builds/dual-hatch-20260724/source/src/lib/opus-1.2.1/arm/macros_armv4.h"
93c8673dcf54,8482,2026-09-06,08_HISTORICAL_PACKAGES,"08_HISTORICAL_PACKAGES/2026-07-24_dual_hatch_builds/dual-hatch-20260724/source/src/lib/opus-1.2.1/arm/macros_armv5e.h"
beaecb333350,6436,2026-09-06,08_HISTORICAL_PACKAGES,"08_HISTORICAL_PACKAGES/2026-07-24_dual_hatch_builds/dual-hatch-20260724/source/src/lib/opus-1.2.1/arm/pitch_arm.h"
fc57330ccb4f,4264,2026-09-06,08_HISTORICAL_PACKAGES,"08_HISTORICAL_PACKAGES/2026-07-24_dual_hatch_builds/dual-hatch-20260724/source/src/lib/opus-1.2.1/arm/warped_autocorrelation_FIX_arm.h"
16aceb2d3d8a,2725,2026-09-06,08_HISTORICAL_PACKAGES,"08_HISTORICAL_PACKAGES/2026-07-24_dual_hatch_builds/dual-hatch-20260724/source/src/lib/opus-1.2.1/autocorr_FIX.c"
b3bb71c4598d,51184,2026-09-06,08_HISTORICAL_PACKAGES,"08_HISTORICAL_PACKAGES/2026-07-24_dual_hatch_builds/dual-hatch-20260724/source/src/lib/opus-1.2.1/bands.c"
571d86a58491,5417,2026-09-06,08_HISTORICAL_PACKAGES,"08_HISTORICAL_PACKAGES/2026-07-24_dual_hatch_builds/dual-hatch-20260724/source/src/lib/opus-1.2.1/bands.h"
cab5911f028e,6886,2026-09-06,08_HISTORICAL_PACKAGES,"08_HISTORICAL_PACKAGES/2026-07-24_dual_hatch_builds/dual-hatch-20260724/source/src/lib/opus-1.2.1/biquad_alt.c"
65e4117e6a2c,16792,2026-09-06,08_HISTORICAL_PACKAGES,"08_HISTORICAL_PACKAGES/2026-07-24_dual_hatch_builds/dual-hatch-20260724/source/src/lib/opus-1.2.1/burg_modified_FIX.c"
f01c2e6752d8,2760,2026-09-06,08_HISTORICAL_PACKAGES,"08_HISTORICAL_PACKAGES/2026-07-24_dual_hatch_builds/dual-hatch-20260724/source/src/lib/opus-1.2.1/bwexpander.c"
81ae3a2a4fa9,2490,2026-09-06,08_HISTORICAL_PACKAGES,"08_HISTORICAL_PACKAGES/2026-07-24_dual_hatch_builds/dual-hatch-20260724/source/src/lib/opus-1.2.1/bwexpander_32.c"
5a6ccbc8e3d8,9107,2026-09-06,08_HISTORICAL_PACKAGES,"08_HISTORICAL_PACKAGES/2026-07-24_dual_hatch_builds/dual-hatch-20260724/source/src/lib/opus-1.2.1/celt.c"
92868264a9e2,7812,2026-09-06,08_HISTORICAL_PACKAGES,"08_HISTORICAL_PACKAGES/2026-07-24_dual_hatch_builds/dual-hatch-20260724/source/src/lib/opus-1.2.1/celt.h"
07d1e12d0baa,41237,2026-09-06,08_HISTORICAL_PACKAGES,"08_HISTORICAL_PACKAGES/2026-07-24_dual_hatch_builds/dual-hatch-20260724/source/src/lib/opus-1.2.1/celt_decoder.c"
7893e9e91088,82045,2026-09-06,08_HISTORICAL_PACKAGES,"08_HISTORICAL_PACKAGES/2026-07-24_dual_hatch_builds/dual-hatch-20260724/source/src/lib/opus-1.2.1/celt_encoder.c"
75364dace691,7996,2026-09-06,08_HISTORICAL_PACKAGES,"08_HISTORICAL_PACKAGES/2026-07-24_dual_hatch_builds/dual-hatch-20260724/source/src/lib/opus-1.2.1/celt_lpc.c"
84f34c883133,2221,2026-09-06,08_HISTORICAL_PACKAGES,"08_HISTORICAL_PACKAGES/2026-07-24_dual_hatch_builds/dual-hatch-20260724/source/src/lib/opus-1.2.1/celt_lpc.h"
f01ebcb1b221,4939,2026-09-06,08_HISTORICAL_PACKAGES,"08_HISTORICAL_PACKAGES/2026-07-24_dual_hatch_builds/dual-hatch-20260724/source/src/lib/opus-1.2.1/check_control_input.c"
becd3134a77e,5554,2026-09-06,08_HISTORICAL_PACKAGES,"08_HISTORICAL_PACKAGES/2026-07-24_dual_hatch_builds/dual-hatch-20260724/source/src/lib/opus-1.2.1/code_signs.c"
21847e9acd78,2723,2026-09-06,08_HISTORICAL_PACKAGES,"08_HISTORICAL_PACKAGES/2026-07-24_dual_hatch_builds/dual-hatch-20260724/source/src/lib/opus-1.2.1/config.h"
9c63ee1b8a46,6165,2026-09-06,08_HISTORICAL_PACKAGES,"08_HISTORICAL_PACKAGES/2026-07-24_dual_hatch_builds/dual-hatch-20260724/source/src/lib/opus-1.2.1/control.h"
d82dbf53b207,3407,2026-09-06,08_HISTORICAL_PACKAGES,"08_HISTORICAL_PACKAGES/2026-07-24_dual_hatch_builds/dual-hatch-20260724/source/src/lib/opus-1.2.1/control_SNR.c"
3567b33e96da,5712,2026-09-06,08_HISTORICAL_PACKAGES,"08_HISTORICAL_PACKAGES/2026-07-24_dual_hatch_builds/dual-hatch-20260724/source/src/lib/opus-1.2.1/control_audio_bandwidth.c"
81bb138d8471,20591,2026-09-06,08_HISTORICAL_PACKAGES,"08_HISTORICAL_PACKAGES/2026-07-24_dual_hatch_builds/dual-hatch-20260724/source/src/lib/opus-1.2.1/control_codec.c"
dc73a44c5a98,8335,2026-09-06,08_HISTORICAL_PACKAGES,"08_HISTORICAL_PACKAGES/2026-07-24_dual_hatch_builds/dual-hatch-20260724/source/src/lib/opus-1.2.1/corrMatrix_FIX.c"
36a4b37807a8,2372,2026-09-06,08_HISTORICAL_PACKAGES,"08_HISTORICAL_PACKAGES/2026-07-24_dual_hatch_builds/dual-hatch-20260724/source/src/lib/opus-1.2.1/cpu_support.h"
aefb978dc715,28257,2026-09-06,08_HISTORICAL_PACKAGES,"08_HISTORICAL_PACKAGES/2026-07-24_dual_hatch_builds/dual-hatch-20260724/source/src/lib/opus-1.2.1/cwrs.c"
7705be67d58e,1885,2026-09-06,08_HISTORICAL_PACKAGES,"08_HISTORICAL_PACKAGES/2026-07-24_dual_hatch_builds/dual-hatch-20260724/source/src/lib/opus-1.2.1/cwrs.h"
face052ec8cb,6849,2026-09-06,08_HISTORICAL_PACKAGES,"08_HISTORICAL_PACKAGES/2026-07-24_dual_hatch_builds/dual-hatch-20260724/source/src/lib/opus-1.2.1/debug.c"
071907a9dc3e,12960,2026-09-06,08_HISTORICAL_PACKAGES,"08_HISTORICAL_PACKAGES/2026-07-24_dual_hatch_builds/dual-hatch-20260724/source/src/lib/opus-1.2.1/debug.h"
a15a863439a4,19853,2026-09-06,08_HISTORICAL_PACKAGES,"08_HISTORICAL_PACKAGES/2026-07-24_dual_hatch_builds/dual-hatch-20260724/source/src/lib/opus-1.2.1/dec_API.c"
a93b22fc6497,11900,2026-09-06,08_HISTORICAL_PACKAGES,"08_HISTORICAL_PACKAGES/2026-07-24_dual_hatch_builds/dual-hatch-20260724/source/src/lib/opus-1.2.1/decode_core.c"
9813390d7d67,6152,2026-09-06,08_HISTORICAL_PACKAGES,"08_HISTORICAL_PACKAGES/2026-07-24_dual_hatch_builds/dual-hatch-20260724/source/src/lib/opus-1.2.1/decode_frame.c"
9371600217e3,7246,2026-09-06,08_HISTORICAL_PACKAGES,"08_HISTORICAL_PACKAGES/2026-07-24_dual_hatch_builds/dual-hatch-20260724/source/src/lib/opus-1.2.1/decode_indices.c"
d86e43fd07b7,5527,2026-09-06,08_HISTORICAL_PACKAGES,"08_HISTORICAL_PACKAGES/2026-07-24_dual_hatch_builds/dual-hatch-20260724/source/src/lib/opus-1.2.1/decode_parameters.c"
6b1de5dd4d14,3717,2026-09-06,08_HISTORICAL_PACKAGES,"08_HISTORICAL_PACKAGES/2026-07-24_dual_hatch_builds/dual-hatch-20260724/source/src/lib/opus-1.2.1/decode_pitch.c"
efaba90323d2,5598,2026-09-06,08_HISTORICAL_PACKAGES,"08_HISTORICAL_PACKAGES/2026-07-24_dual_hatch_builds/dual-hatch-20260724/source/src/lib/opus-1.2.1/decode_pulses.c"
5befab6798ef,4968,2026-09-06,08_HISTORICAL_PACKAGES,"08_HISTORICAL_PACKAGES/2026-07-24_dual_hatch_builds/dual-hatch-20260724/source/src/lib/opus-1.2.1/decoder_set_fs.c"
7c8386374b31,9707,2026-09-06,08_HISTORICAL_PACKAGES,"08_HISTORICAL_PACKAGES/2026-07-24_dual_hatch_builds/dual-hatch-20260724/source/src/lib/opus-1.2.1/define.h"
a334f1ead35b,3749,2026-09-06,08_HISTORICAL_PACKAGES,"08_HISTORICAL_PACKAGES/2026-07-24_dual_hatch_builds/dual-hatch-20260724/source/src/lib/opus-1.2.1/ecintrin.h"
8f161e5f1953,31946,2026-09-06,08_HISTORICAL_PACKAGES,"08_HISTORICAL_PACKAGES/2026-07-24_dual_hatch_builds/dual-hatch-20260724/source/src/lib/opus-1.2.1/enc_API.c"
f340e1a4f4cd,23458,2026-09-06,08_HISTORICAL_PACKAGES,"08_HISTORICAL_PACKAGES/2026-07-24_dual_hatch_builds/dual-hatch-20260724/source/src/lib/opus-1.2.1/encode_frame_FIX.c"
f5320210d7e9,9360,2026-09-06,08_HISTORICAL_PACKAGES,"08_HISTORICAL_PACKAGES/2026-07-24_dual_hatch_builds/dual-hatch-20260724/source/src/lib/opus-1.2.1/encode_indices.c"
dc0acb54b36c,8839,2026-09-06,08_HISTORICAL_PACKAGES,"08_HISTORICAL_PACKAGES/2026-07-24_dual_hatch_builds/dual-hatch-20260724/source/src/lib/opus-1.2.1/encode_pulses.c"
fb52778fb752,5700,2026-09-06,08_HISTORICAL_PACKAGES,"08_HISTORICAL_PACKAGES/2026-07-24_dual_hatch_builds/dual-hatch-20260724/source/src/lib/opus-1.2.1/entcode.c"
af64d2ac226e,5414,2026-09-06,08_HISTORICAL_PACKAGES,"08_HISTORICAL_PACKAGES/2026-07-24_dual_hatch_builds/dual-hatch-20260724/source/src/lib/opus-1.2.1/entcode.h"
0b0542909f1b,8016,2026-09-06,08_HISTORICAL_PACKAGES,"08_HISTORICAL_PACKAGES/2026-07-24_dual_hatch_builds/dual-hatch-20260724/source/src/lib/opus-1.2.1/entdec.c"
c1be6eaefef0,4835,2026-09-06,08_HISTORICAL_PACKAGES,"08_HISTORICAL_PACKAGES/2026-07-24_dual_hatch_builds/dual-hatch-20260724/source/src/lib/opus-1.2.1/entdec.h"
c6d8287d6d09,9561,2026-09-06,08_HISTORICAL_PACKAGES,"08_HISTORICAL_PACKAGES/2026-07-24_dual_hatch_builds/dual-hatch-20260724/source/src/lib/opus-1.2.1/entenc.c"
6c56e4803119,5427,2026-09-06,08_HISTORICAL_PACKAGES,"08_HISTORICAL_PACKAGES/2026-07-24_dual_hatch_builds/dual-hatch-20260724/source/src/lib/opus-1.2.1/entenc.h"
3bbf21416af6,3640,2026-09-06,08_HISTORICAL_PACKAGES,"08_HISTORICAL_PACKAGES/2026-07-24_dual_hatch_builds/dual-hatch-20260724/source/src/lib/opus-1.2.1/errors.h"
4b92d7ab9833,7361,2026-09-06,08_HISTORICAL_PACKAGES,"08_HISTORICAL_PACKAGES/2026-07-24_dual_hatch_builds/dual-hatch-20260724/source/src/lib/opus-1.2.1/find_LPC_FIX.c"
3d3e6eb73870,5422,2026-09-06,08_HISTORICAL_PACKAGES,"08_HISTORICAL_PACKAGES/2026-07-24_dual_hatch_builds/dual-hatch-20260724/source/src/lib/opus-1.2.1/find_LTP_FIX.c"
328294c9916f,7330,2026-09-06,08_HISTORICAL_PACKAGES,"08_HISTORICAL_PACKAGES/2026-07-24_dual_hatch_builds/dual-hatch-20260724/source/src/lib/opus-1.2.1/find_pitch_lags_FIX.c"
3b9343a2d841,7543,2026-09-06,08_HISTORICAL_PACKAGES,"08_HISTORICAL_PACKAGES/2026-07-24_dual_hatch_builds/dual-hatch-20260724/source/src/lib/opus-1.2.1/find_pred_coefs_FIX.c"
f21919139e0e,21206,2026-09-06,08_HISTORICAL_PACKAGES,"08_HISTORICAL_PACKAGES/2026-07-24_dual_hatch_builds/dual-hatch-20260724/source/src/lib/opus-1.2.1/fixed_debug.h"
7c820d7e19f4,7953,2026-09-06,08_HISTORICAL_PACKAGES,"08_HISTORICAL_PACKAGES/2026-07-24_dual_hatch_builds/dual-hatch-20260724/source/src/lib/opus-1.2.1/fixed_generic.h"
019f8ec97b5f,5001,2026-09-06,08_HISTORICAL_PACKAGES,"08_HISTORICAL_PACKAGES/2026-07-24_dual_hatch_builds/dual-hatch-20260724/source/src/lib/opus-1.2.1/float_cast.h"
070223b7a209,6928,2026-09-06,08_HISTORICAL_PACKAGES,"08_HISTORICAL_PACKAGES/2026-07-24_dual_hatch_builds/dual-hatch-20260724/source/src/lib/opus-1.2.1/gain_quant.c"
b89c51b04b8d,2366,2026-09-06,08_HISTORICAL_PACKAGES,"08_HISTORICAL_PACKAGES/2026-07-24_dual_hatch_builds/dual-hatch-20260724/source/src/lib/opus-1.2.1/init_decoder.c"
713097da7082,2877,2026-09-06,08_HISTORICAL_PACKAGES,"08_HISTORICAL_PACKAGES/2026-07-24_dual_hatch_builds/dual-hatch-20260724/source/src/lib/opus-1.2.1/init_encoder.c"
11356406441d,2451,2026-09-06,08_HISTORICAL_PACKAGES,"08_HISTORICAL_PACKAGES/2026-07-24_dual_hatch_builds/dual-hatch-20260724/source/src/lib/opus-1.2.1/inner_prod_aligned.c"
7ca78007663a,2601,2026-09-06,08_HISTORICAL_PACKAGES,"08_HISTORICAL_PACKAGES/2026-07-24_dual_hatch_builds/dual-hatch-20260724/source/src/lib/opus-1.2.1/interpolate.c"
0dbe9b0849be,2675,2026-09-06,08_HISTORICAL_PACKAGES,"08_HISTORICAL_PACKAGES/2026-07-24_dual_hatch_builds/dual-hatch-20260724/source/src/lib/opus-1.2.1/k2a_FIX.c"
22f0dcde79d7,2622,2026-09-06,08_HISTORICAL_PACKAGES,"08_HISTORICAL_PACKAGES/2026-07-24_dual_hatch_builds/dual-hatch-20260724/source/src/lib/opus-1.2.1/k2a_Q16_FIX.c"
badf5056eb5e,17003,2026-09-06,08_HISTORICAL_PACKAGES,"08_HISTORICAL_PACKAGES/2026-07-24_dual_hatch_builds/dual-hatch-20260724/source/src/lib/opus-1.2.1/kiss_fft.c"
6ad018d5223c,6295,2026-09-06,08_HISTORICAL_PACKAGES,"08_HISTORICAL_PACKAGES/2026-07-24_dual_hatch_builds/dual-hatch-20260724/source/src/lib/opus-1.2.1/kiss_fft.h"
a46d602528d7,4022,2026-09-06,08_HISTORICAL_PACKAGES,"08_HISTORICAL_PACKAGES/2026-07-24_dual_hatch_builds/dual-hatch-20260724/source/src/lib/opus-1.2.1/laplace.c"
cb3ddf5ee52f,2142,2026-09-06,08_HISTORICAL_PACKAGES,"08_HISTORICAL_PACKAGES/2026-07-24_dual_hatch_builds/dual-hatch-20260724/source/src/lib/opus-1.2.1/laplace.h"
707db4165541,2220,2026-09-06,08_HISTORICAL_PACKAGES,"08_HISTORICAL_PACKAGES/2026-07-24_dual_hatch_builds/dual-hatch-20260724/source/src/lib/opus-1.2.1/lin2log.c"
4ce500b6b3ae,2636,2026-09-06,08_HISTORICAL_PACKAGES,"08_HISTORICAL_PACKAGES/2026-07-24_dual_hatch_builds/dual-hatch-20260724/source/src/lib/opus-1.2.1/log2lin.c"
ea2a68f2cf06,6420,2026-09-06,08_HISTORICAL_PACKAGES,"08_HISTORICAL_PACKAGES/2026-07-24_dual_hatch_builds/dual-hatch-20260724/source/src/lib/opus-1.2.1/macros.h"
3d00d22a00e7,32680,2026-09-06,08_HISTORICAL_PACKAGES,"08_HISTORICAL_PACKAGES/2026-07-24_dual_hatch_builds/dual-hatch-20260724/source/src/lib/opus-1.2.1/main.h"
36eefa8698a7,19046,2026-09-06,08_HISTORICAL_PACKAGES,"08_HISTORICAL_PACKAGES/2026-07-24_dual_hatch_builds/dual-hatch-20260724/source/src/lib/opus-1.2.1/main_FIX.h"
7c662626aeb4,6826,2026-09-06,08_HISTORICAL_PACKAGES,"08_HISTORICAL_PACKAGES/2026-07-24_dual_hatch_builds/dual-hatch-20260724/source/src/lib/opus-1.2.1/mathops.c"
8ecfc69ab27b,7978,2026-09-06,08_HISTORICAL_PACKAGES,"08_HISTORICAL_PACKAGES/2026-07-24_dual_hatch_builds/dual-hatch-20260724/source/src/lib/opus-1.2.1/mathops.h"
03f60fbde8d6,10898,2026-09-06,08_HISTORICAL_PACKAGES,"08_HISTORICAL_PACKAGES/2026-07-24_dual_hatch_builds/dual-hatch-20260724/source/src/lib/opus-1.2.1/mdct.c"
c70bd44adeac,4776,2026-09-06,08_HISTORICAL_PACKAGES,"08_HISTORICAL_PACKAGES/2026-07-24_dual_hatch_builds/dual-hatch-20260724/source/src/lib/opus-1.2.1/mdct.h"
5974c2341889,2232,2026-09-06,08_HISTORICAL_PACKAGES,"08_HISTORICAL_PACKAGES/2026-07-24_dual_hatch_builds/dual-hatch-20260724/source/src/lib/opus-1.2.1/mfrngcod.h"
fa4fc250c5ee,4131,2026-09-06,08_HISTORICAL_PACKAGES,"08_HISTORICAL_PACKAGES/2026-07-24_dual_hatch_builds/dual-hatch-20260724/source/src/lib/opus-1.2.1/mlp.c"
ced3054f955c,1614,2026-09-06,08_HISTORICAL_PACKAGES,"08_HISTORICAL_PACKAGES/2026-07-24_dual_hatch_builds/dual-hatch-20260724/source/src/lib/opus-1.2.1/mlp.h"
e1faf5777866,5693,2026-09-06,08_HISTORICAL_PACKAGES,"08_HISTORICAL_PACKAGES/2026-07-24_dual_hatch_builds/dual-hatch-20260724/source/src/lib/opus-1.2.1/mlp_data.c"
f95956d28e75,13951,2026-09-06,08_HISTORICAL_PACKAGES,"08_HISTORICAL_PACKAGES/2026-07-24_dual_hatch_builds/dual-hatch-20260724/source/src/lib/opus-1.2.1/modes.c"
c38ac61f218a,2437,2026-09-06,08_HISTORICAL_PACKAGES,"08_HISTORICAL_PACKAGES/2026-07-24_dual_hatch_builds/dual-hatch-20260724/source/src/lib/opus-1.2.1/modes.h"
c11fae78f542,20671,2026-09-06,08_HISTORICAL_PACKAGES,"08_HISTORICAL_PACKAGES/2026-07-24_dual_hatch_builds/dual-hatch-20260724/source/src/lib/opus-1.2.1/noise_shape_analysis_FIX.c"
ff2bb0b492fe,9882,2026-09-06,08_HISTORICAL_PACKAGES,"08_HISTORICAL_PACKAGES/2026-07-24_dual_hatch_builds/dual-hatch-20260724/source/src/lib/opus-1.2.1/opus.c"
24e57572c52e,48554,2026-09-06,08_HISTORICAL_PACKAGES,"08_HISTORICAL_PACKAGES/2026-07-24_dual_hatch_builds/dual-hatch-20260724/source/src/lib/opus-1.2.1/opus.h"
630939691582,14768,2026-09-06,08_HISTORICAL_PACKAGES,"08_HISTORICAL_PACKAGES/2026-07-24_dual_hatch_builds/dual-hatch-20260724/source/src/lib/opus-1.2.1/opus_custom.h"
6ad9a786d2f8,31152,2026-09-06,08_HISTORICAL_PACKAGES,"08_HISTORICAL_PACKAGES/2026-07-24_dual_hatch_builds/dual-hatch-20260724/source/src/lib/opus-1.2.1/opus_decoder.c"
457f86f02454,34695,2026-09-06,08_HISTORICAL_PACKAGES,"08_HISTORICAL_PACKAGES/2026-07-24_dual_hatch_builds/dual-hatch-20260724/source/src/lib/opus-1.2.1/opus_defines.h"
52f4c9142d3c,97200,2026-09-06,08_HISTORICAL_PACKAGES,"08_HISTORICAL_PACKAGES/2026-07-24_dual_hatch_builds/dual-hatch-20260724/source/src/lib/opus-1.2.1/opus_encoder.c"
48c71105cc4f,2684,2026-09-06,08_HISTORICAL_PACKAGES,"08_HISTORICAL_PACKAGES/2026-07-24_dual_hatch_builds/dual-hatch-20260724/source/src/lib/opus-1.2.1/opus_multistream.c"
0db4cb1379ad,33575,2026-09-06,08_HISTORICAL_PACKAGES,"08_HISTORICAL_PACKAGES/2026-07-24_dual_hatch_builds/dual-hatch-20260724/source/src/lib/opus-1.2.1/opus_multistream.h"
86123545d945,14475,2026-09-06,08_HISTORICAL_PACKAGES,"08_HISTORICAL_PACKAGES/2026-07-24_dual_hatch_builds/dual-hatch-20260724/source/src/lib/opus-1.2.1/opus_multistream_decoder.c"
407fe5115e38,40821,2026-09-06,08_HISTORICAL_PACKAGES,"08_HISTORICAL_PACKAGES/2026-07-24_dual_hatch_builds/dual-hatch-20260724/source/src/lib/opus-1.2.1/opus_multistream_encoder.c"
cf7dad1dafb3,5052,2026-09-06,08_HISTORICAL_PACKAGES,"08_HISTORICAL_PACKAGES/2026-07-24_dual_hatch_builds/dual-hatch-20260724/source/src/lib/opus-1.2.1/opus_private.h"
e2c1075e2656,4954,2026-09-06,08_HISTORICAL_PACKAGES,"08_HISTORICAL_PACKAGES/2026-07-24_dual_hatch_builds/dual-hatch-20260724/source/src/lib/opus-1.2.1/opus_types.h"
4dc4eb0f3e97,3163,2026-09-06,08_HISTORICAL_PACKAGES,"08_HISTORICAL_PACKAGES/2026-07-24_dual_hatch_builds/dual-hatch-20260724/source/src/lib/opus-1.2.1/os_support.h"
244d8f61620e,14459,2026-09-06,08_HISTORICAL_PACKAGES,"08_HISTORICAL_PACKAGES/2026-07-24_dual_hatch_builds/dual-hatch-20260724/source/src/lib/opus-1.2.1/pitch.c"
76f858f0b7aa,5891,2026-09-06,08_HISTORICAL_PACKAGES,"08_HISTORICAL_PACKAGES/2026-07-24_dual_hatch_builds/dual-hatch-20260724/source/src/lib/opus-1.2.1/pitch.h"
582f79679957,34345,2026-09-06,08_HISTORICAL_PACKAGES,"08_HISTORICAL_PACKAGES/2026-07-24_dual_hatch_builds/dual-hatch-20260724/source/src/lib/opus-1.2.1/pitch_analysis_core_FIX.c"
ed1230792944,4061,2026-09-06,08_HISTORICAL_PACKAGES,"08_HISTORICAL_PACKAGES/2026-07-24_dual_hatch_builds/dual-hatch-20260724/source/src/lib/opus-1.2.1/pitch_est_defines.h"
c0cf34e7d5ce,3589,2026-09-06,08_HISTORICAL_PACKAGES,"08_HISTORICAL_PACKAGES/2026-07-24_dual_hatch_builds/dual-hatch-20260724/source/src/lib/opus-1.2.1/pitch_est_tables.c"
396ac86ece04,5447,2026-09-06,08_HISTORICAL_PACKAGES,"08_HISTORICAL_PACKAGES/2026-07-24_dual_hatch_builds/dual-hatch-20260724/source/src/lib/opus-1.2.1/process_NLSFs.c"
92a25af5a235,6595,2026-09-06,08_HISTORICAL_PACKAGES,"08_HISTORICAL_PACKAGES/2026-07-24_dual_hatch_builds/dual-hatch-20260724/source/src/lib/opus-1.2.1/process_gains_FIX.c"
1f9aa2768ee6,7351,2026-09-06,08_HISTORICAL_PACKAGES,"08_HISTORICAL_PACKAGES/2026-07-24_dual_hatch_builds/dual-hatch-20260724/source/src/lib/opus-1.2.1/quant_LTP_gains.c"
d80db2e55c24,18714,2026-09-06,08_HISTORICAL_PACKAGES,"08_HISTORICAL_PACKAGES/2026-07-24_dual_hatch_builds/dual-hatch-20260724/source/src/lib/opus-1.2.1/quant_bands.c"
fbe7d733d3dc,2974,2026-09-06,08_HISTORICAL_PACKAGES,"08_HISTORICAL_PACKAGES/2026-07-24_dual_hatch_builds/dual-hatch-20260724/source/src/lib/opus-1.2.1/quant_bands.h"
5237183bbce2,21428,2026-09-06,08_HISTORICAL_PACKAGES,"08_HISTORICAL_PACKAGES/2026-07-24_dual_hatch_builds/dual-hatch-20260724/source/src/lib/opus-1.2.1/rate.c"
c8611c953f22,3279,2026-09-06,08_HISTORICAL_PACKAGES,"08_HISTORICAL_PACKAGES/2026-07-24_dual_hatch_builds/dual-hatch-20260724/source/src/lib/opus-1.2.1/rate.h"
7028df79d2ff,2626,2026-09-06,08_HISTORICAL_PACKAGES,"08_HISTORICAL_PACKAGES/2026-07-24_dual_hatch_builds/dual-hatch-20260724/source/src/lib/opus-1.2.1/regularize_correlations_FIX.c"
84c84990fca1,9842,2026-09-06,08_HISTORICAL_PACKAGES,"08_HISTORICAL_PACKAGES/2026-07-24_dual_hatch_builds/dual-hatch-20260724/source/src/lib/opus-1.2.1/repacketizer.c"
7e28b897c5b0,9931,2026-09-06,08_HISTORICAL_PACKAGES,"08_HISTORICAL_PACKAGES/2026-07-24_dual_hatch_builds/dual-hatch-20260724/source/src/lib/opus-1.2.1/resampler.c"
7aa4cba793ab,3475,2026-09-06,08_HISTORICAL_PACKAGES,"08_HISTORICAL_PACKAGES/2026-07-24_dual_hatch_builds/dual-hatch-20260724/source/src/lib/opus-1.2.1/resampler_down2.c"
2ab8318bf4bc,4765,2026-09-06,08_HISTORICAL_PACKAGES,"08_HISTORICAL_PACKAGES/2026-07-24_dual_hatch_builds/dual-hatch-20260724/source/src/lib/opus-1.2.1/resampler_down2_3.c"
b14e6d03394a,4553,2026-09-06,08_HISTORICAL_PACKAGES,"08_HISTORICAL_PACKAGES/2026-07-24_dual_hatch_builds/dual-hatch-20260724/source/src/lib/opus-1.2.1/resampler_private.h"
c16d50bde74b,2665,2026-09-06,08_HISTORICAL_PACKAGES,"08_HISTORICAL_PACKAGES/2026-07-24_dual_hatch_builds/dual-hatch-20260724/source/src/lib/opus-1.2.1/resampler_private_AR2.c"
584c7b2afbcb,5231,2026-09-06,08_HISTORICAL_PACKAGES,"08_HISTORICAL_PACKAGES/2026-07-24_dual_hatch_builds/dual-hatch-20260724/source/src/lib/opus-1.2.1/resampler_private_IIR_FIR.c"
5ed14a4557a3,10897,2026-09-06,08_HISTORICAL_PACKAGES,"08_HISTORICAL_PACKAGES/2026-07-24_dual_hatch_builds/dual-hatch-20260724/source/src/lib/opus-1.2.1/resampler_private_down_FIR.c"
f06a982b8856,5367,2026-09-06,08_HISTORICAL_PACKAGES,"08_HISTORICAL_PACKAGES/2026-07-24_dual_hatch_builds/dual-hatch-20260724/source/src/lib/opus-1.2.1/resampler_private_up2_HQ.c"
ec3ba5c620ee,4747,2026-09-06,08_HISTORICAL_PACKAGES,"08_HISTORICAL_PACKAGES/2026-07-24_dual_hatch_builds/dual-hatch-20260724/source/src/lib/opus-1.2.1/resampler_rom.c"
68088e075048,3294,2026-09-06,08_HISTORICAL_PACKAGES,"08_HISTORICAL_PACKAGES/2026-07-24_dual_hatch_builds/dual-hatch-20260724/source/src/lib/opus-1.2.1/resampler_rom.h"
b038e84c7d79,2615,2026-09-06,08_HISTORICAL_PACKAGES,"08_HISTORICAL_PACKAGES/2026-07-24_dual_hatch_builds/dual-hatch-20260724/source/src/lib/opus-1.2.1/resampler_structs.h"
384cdf5f4142,4837,2026-09-06,08_HISTORICAL_PACKAGES,"08_HISTORICAL_PACKAGES/2026-07-24_dual_hatch_builds/dual-hatch-20260724/source/src/lib/opus-1.2.1/residual_energy16_FIX.c"
633ed6d7d8da,5389,2026-09-06,08_HISTORICAL_PACKAGES,"08_HISTORICAL_PACKAGES/2026-07-24_dual_hatch_builds/dual-hatch-20260724/source/src/lib/opus-1.2.1/residual_energy_FIX.c"
0dce2180da54,3994,2026-09-06,08_HISTORICAL_PACKAGES,"08_HISTORICAL_PACKAGES/2026-07-24_dual_hatch_builds/dual-hatch-20260724/source/src/lib/opus-1.2.1/schur64_FIX.c"
ce05edf0c709,4447,2026-09-06,08_HISTORICAL_PACKAGES,"08_HISTORICAL_PACKAGES/2026-07-24_dual_hatch_builds/dual-hatch-20260724/source/src/lib/opus-1.2.1/schur_FIX.c"
60b5a2786238,7718,2026-09-06,08_HISTORICAL_PACKAGES,"08_HISTORICAL_PACKAGES/2026-07-24_dual_hatch_builds/dual-hatch-20260724/source/src/lib/opus-1.2.1/shell_coder.c"
339568f30645,3164,2026-09-06,08_HISTORICAL_PACKAGES,"08_HISTORICAL_PACKAGES/2026-07-24_dual_hatch_builds/dual-hatch-20260724/source/src/lib/opus-1.2.1/sigm_Q15.c"
8436c8b92db9,6265,2026-09-06,08_HISTORICAL_PACKAGES,"08_HISTORICAL_PACKAGES/2026-07-24_dual_hatch_builds/dual-hatch-20260724/source/src/lib/opus-1.2.1/sort.c"
603a5beb27f6,5989,2026-09-06,08_HISTORICAL_PACKAGES,"08_HISTORICAL_PACKAGES/2026-07-24_dual_hatch_builds/dual-hatch-20260724/source/src/lib/opus-1.2.1/stack_alloc.h"
fd5405b0b950,32819,2026-09-06,08_HISTORICAL_PACKAGES,"08_HISTORICAL_PACKAGES/2026-07-24_dual_hatch_builds/dual-hatch-20260724/source/src/lib/opus-1.2.1/static_modes_fixed.h"
9c49d71262dc,25209,2026-09-06,08_HISTORICAL_PACKAGES,"08_HISTORICAL_PACKAGES/2026-07-24_dual_hatch_builds/dual-hatch-20260724/source/src/lib/opus-1.2.1/static_modes_fixed_arm_ne10.h"
65fdb130c42c,50919,2026-09-06,08_HISTORICAL_PACKAGES,"08_HISTORICAL_PACKAGES/2026-07-24_dual_hatch_builds/dual-hatch-20260724/source/src/lib/opus-1.2.1/static_modes_float.h"
f17e57248f30,28613,2026-09-06,08_HISTORICAL_PACKAGES,"08_HISTORICAL_PACKAGES/2026-07-24_dual_hatch_builds/dual-hatch-20260724/source/src/lib/opus-1.2.1/static_modes_float_arm_ne10.h"
b47a3a1257df,12473,2026-09-06,08_HISTORICAL_PACKAGES,"08_HISTORICAL_PACKAGES/2026-07-24_dual_hatch_builds/dual-hatch-20260724/source/src/lib/opus-1.2.1/stereo_LR_to_MS.c"
af24277c7191,4871,2026-09-06,08_HISTORICAL_PACKAGES,"08_HISTORICAL_PACKAGES/2026-07-24_dual_hatch_builds/dual-hatch-20260724/source/src/lib/opus-1.2.1/stereo_MS_to_LR.c"
b852fbd96ea3,3417,2026-09-06,08_HISTORICAL_PACKAGES,"08_HISTORICAL_PACKAGES/2026-07-24_dual_hatch_builds/dual-hatch-20260724/source/src/lib/opus-1.2.1/stereo_decode_pred.c"
4634861dac77,2885,2026-09-06,08_HISTORICAL_PACKAGES,"08_HISTORICAL_PACKAGES/2026-07-24_dual_hatch_builds/dual-hatch-20260724/source/src/lib/opus-1.2.1/stereo_encode_pred.c"
b77b33b43ab9,4374,2026-09-06,08_HISTORICAL_PACKAGES,"08_HISTORICAL_PACKAGES/2026-07-24_dual_hatch_builds/dual-hatch-20260724/source/src/lib/opus-1.2.1/stereo_find_predictor.c"
8d1895de054a,3404,2026-09-06,08_HISTORICAL_PACKAGES,"08_HISTORICAL_PACKAGES/2026-07-24_dual_hatch_builds/dual-hatch-20260724/source/src/lib/opus-1.2.1/stereo_quant_pred.c"
4f7173bc0400,21018,2026-09-06,08_HISTORICAL_PACKAGES,"08_HISTORICAL_PACKAGES/2026-07-24_dual_hatch_builds/dual-hatch-20260724/source/src/lib/opus-1.2.1/structs.h"
a01a3611c279,5152,2026-09-06,08_HISTORICAL_PACKAGES,"08_HISTORICAL_PACKAGES/2026-07-24_dual_hatch_builds/dual-hatch-20260724/source/src/lib/opus-1.2.1/structs_FIX.h"
710b83c92458,3790,2026-09-06,08_HISTORICAL_PACKAGES,"08_HISTORICAL_PACKAGES/2026-07-24_dual_hatch_builds/dual-hatch-20260724/source/src/lib/opus-1.2.1/sum_sqr_shift.c"
9cae32dfdc4a,4191,2026-09-06,08_HISTORICAL_PACKAGES,"08_HISTORICAL_PACKAGES/2026-07-24_dual_hatch_builds/dual-hatch-20260724/source/src/lib/opus-1.2.1/table_LSF_cos.c"
0e976672b3c9,7700,2026-09-06,08_HISTORICAL_PACKAGES,"08_HISTORICAL_PACKAGES/2026-07-24_dual_hatch_builds/dual-hatch-20260724/source/src/lib/opus-1.2.1/tables.h"
95b4912701d4,7432,2026-09-06,08_HISTORICAL_PACKAGES,"08_HISTORICAL_PACKAGES/2026-07-24_dual_hatch_builds/dual-hatch-20260724/source/src/lib/opus-1.2.1/tables_LTP.c"
94e49118901f,10785,2026-09-06,08_HISTORICAL_PACKAGES,"08_HISTORICAL_PACKAGES/2026-07-24_dual_hatch_builds/dual-hatch-20260724/source/src/lib/opus-1.2.1/tables_NLSF_CB_NB_MB.c"
24a56112a6f6,14499,2026-09-06,08_HISTORICAL_PACKAGES,"08_HISTORICAL_PACKAGES/2026-07-24_dual_hatch_builds/dual-hatch-20260724/source/src/lib/opus-1.2.1/tables_NLSF_CB_WB.c"
c91e247a6580,2519,2026-09-06,08_HISTORICAL_PACKAGES,"08_HISTORICAL_PACKAGES/2026-07-24_dual_hatch_builds/dual-hatch-20260724/source/src/lib/opus-1.2.1/tables_gain.c"
1d8e66c52751,5445,2026-09-06,08_HISTORICAL_PACKAGES,"08_HISTORICAL_PACKAGES/2026-07-24_dual_hatch_builds/dual-hatch-20260724/source/src/lib/opus-1.2.1/tables_other.c"
f504bbaf35a2,3068,2026-09-06,08_HISTORICAL_PACKAGES,"08_HISTORICAL_PACKAGES/2026-07-24_dual_hatch_builds/dual-hatch-20260724/source/src/lib/opus-1.2.1/tables_pitch_lag.c"
2fb238cd3704,11423,2026-09-06,08_HISTORICAL_PACKAGES,"08_HISTORICAL_PACKAGES/2026-07-24_dual_hatch_builds/dual-hatch-20260724/source/src/lib/opus-1.2.1/tables_pulses_per_block.c"
835fcdf08d5b,2304,2026-09-06,08_HISTORICAL_PACKAGES,"08_HISTORICAL_PACKAGES/2026-07-24_dual_hatch_builds/dual-hatch-20260724/source/src/lib/opus-1.2.1/tansig_table.h"
752c03100137,6191,2026-09-06,08_HISTORICAL_PACKAGES,"08_HISTORICAL_PACKAGES/2026-07-24_dual_hatch_builds/dual-hatch-20260724/source/src/lib/opus-1.2.1/tuning_parameters.h"
24e9365165de,3345,2026-09-06,08_HISTORICAL_PACKAGES,"08_HISTORICAL_PACKAGES/2026-07-24_dual_hatch_builds/dual-hatch-20260724/source/src/lib/opus-1.2.1/typedef.h"
8aaf9937665d,4778,2026-09-06,08_HISTORICAL_PACKAGES,"08_HISTORICAL_PACKAGES/2026-07-24_dual_hatch_builds/dual-hatch-20260724/source/src/lib/opus-1.2.1/vector_ops_FIX.c"
af23c4beaa6c,12850,2026-09-06,08_HISTORICAL_PACKAGES,"08_HISTORICAL_PACKAGES/2026-07-24_dual_hatch_builds/dual-hatch-20260724/source/src/lib/opus-1.2.1/vq.c"
3664f207ab39,3175,2026-09-06,08_HISTORICAL_PACKAGES,"08_HISTORICAL_PACKAGES/2026-07-24_dual_hatch_builds/dual-hatch-20260724/source/src/lib/opus-1.2.1/vq.h"
cd70ffc998d9,4656,2026-09-06,08_HISTORICAL_PACKAGES,"08_HISTORICAL_PACKAGES/2026-07-24_dual_hatch_builds/dual-hatch-20260724/source/src/lib/opus-1.2.1/warped_autocorrelation_FIX.c"
820c9e721ae8,6202,2026-09-06,08_HISTORICAL_PACKAGES,"08_HISTORICAL_PACKAGES/2026-07-24_dual_hatch_builds/dual-hatch-20260724/source/src/main.c"
1d87a76e6324,7252,2026-09-06,08_HISTORICAL_PACKAGES,"08_HISTORICAL_PACKAGES/2026-07-24_dual_hatch_builds/dual-hatch-20260724/source/src/mic.c"
05e099214f04,546,2026-09-06,08_HISTORICAL_PACKAGES,"08_HISTORICAL_PACKAGES/2026-07-24_dual_hatch_builds/dual-hatch-20260724/source/src/mic.h"
deb6b01c9a85,674,2026-09-06,08_HISTORICAL_PACKAGES,"08_HISTORICAL_PACKAGES/2026-07-24_dual_hatch_builds/dual-hatch-20260724/source/src/opus_packet_helpers.c"
d615b4b4cd2b,1365,2026-09-06,08_HISTORICAL_PACKAGES,"08_HISTORICAL_PACKAGES/2026-07-24_dual_hatch_builds/dual-hatch-20260724/source/src/recovery_touch.c"
779beb34f98e,585,2026-09-06,08_HISTORICAL_PACKAGES,"08_HISTORICAL_PACKAGES/2026-07-24_dual_hatch_builds/dual-hatch-20260724/source/src/recovery_touch.h"
6aa4b149e646,3596,2026-09-06,08_HISTORICAL_PACKAGES,"08_HISTORICAL_PACKAGES/2026-07-24_dual_hatch_builds/dual-hatch-20260724/source/src/recovery_usb.c"
ad6399fac25a,136,2026-09-06,08_HISTORICAL_PACKAGES,"08_HISTORICAL_PACKAGES/2026-07-24_dual_hatch_builds/dual-hatch-20260724/source/src/recovery_usb.h"
a2e2703c2f1d,39092,2026-09-06,08_HISTORICAL_PACKAGES,"08_HISTORICAL_PACKAGES/2026-07-24_dual_hatch_builds/dual-hatch-20260724/source/src/transport.c"
661c98f78d35,274,2026-09-06,08_HISTORICAL_PACKAGES,"08_HISTORICAL_PACKAGES/2026-07-24_dual_hatch_builds/dual-hatch-20260724/source/src/transport.h"
546ca7f31fa4,1653,2026-09-06,08_HISTORICAL_PACKAGES,"08_HISTORICAL_PACKAGES/2026-07-24_dual_hatch_builds/dual-hatch-20260724/source/src/transport_safety.c"
e8a8ac7adaf2,724,2026-09-06,08_HISTORICAL_PACKAGES,"08_HISTORICAL_PACKAGES/2026-07-24_dual_hatch_builds/dual-hatch-20260724/source/src/transport_safety.h"
87c01e3e4e12,1312,2026-09-06,08_HISTORICAL_PACKAGES,"08_HISTORICAL_PACKAGES/2026-07-24_dual_hatch_builds/dual-hatch-20260724/source/src/utils.h"
d20975fe9a15,2383,2026-09-06,08_HISTORICAL_PACKAGES,"08_HISTORICAL_PACKAGES/2026-07-24_dual_hatch_builds/dual-hatch-20260724/source/src/watchdog.c"
2ca1d7509dc4,3451,2026-09-06,08_HISTORICAL_PACKAGES,"08_HISTORICAL_PACKAGES/2026-07-24_dual_hatch_builds/dual-hatch-20260724/source/src/watchdog.h"
582bc7c608ff,1463,2026-09-06,08_HISTORICAL_PACKAGES,"08_HISTORICAL_PACKAGES/2026-07-24_dual_hatch_builds/dual-hatch-20260724/source/tests/recovery_touch_test.c"
49b209955508,31712,2026-09-06,08_HISTORICAL_PACKAGES,"08_HISTORICAL_PACKAGES/2026-07-24_dual_hatch_builds/dual-hatch-debug-20260724/build.log"
99de0f5f219a,4530,2026-09-06,08_HISTORICAL_PACKAGES,"08_HISTORICAL_PACKAGES/2026-07-24_dual_hatch_builds/dual-hatch-debug-20260724/source/ANTICIPY_SOURCE_RECEIPT.json"
0c36c405b4fb,3097,2026-09-06,08_HISTORICAL_PACKAGES,"08_HISTORICAL_PACKAGES/2026-07-24_dual_hatch_builds/dual-hatch-debug-20260724/source/CMakeLists.txt"
95f59ea05788,5065,2026-09-06,08_HISTORICAL_PACKAGES,"08_HISTORICAL_PACKAGES/2026-07-24_dual_hatch_builds/dual-hatch-debug-20260724/source/DUAL_HATCH_RECEIPT.json"
df58d0dbef58,320,2026-09-06,08_HISTORICAL_PACKAGES,"08_HISTORICAL_PACKAGES/2026-07-24_dual_hatch_builds/dual-hatch-debug-20260724/source/Kconfig"
5c6d4987e910,1298,2026-09-06,08_HISTORICAL_PACKAGES,"08_HISTORICAL_PACKAGES/2026-07-24_dual_hatch_builds/dual-hatch-debug-20260724/source/README.rst"
e3b0c44298fc,0,2026-09-06,08_HISTORICAL_PACKAGES,"08_HISTORICAL_PACKAGES/2026-07-24_dual_hatch_builds/dual-hatch-debug-20260724/source/boards/.gitkeep"
ca447461f063,111,2026-09-06,08_HISTORICAL_PACKAGES,"08_HISTORICAL_PACKAGES/2026-07-24_dual_hatch_builds/dual-hatch-debug-20260724/source/overlay/xiao_ble_sense_devkitv2-adafruit_module.overlay"
968bb14b7d01,10920,2026-09-06,08_HISTORICAL_PACKAGES,"08_HISTORICAL_PACKAGES/2026-07-24_dual_hatch_builds/dual-hatch-debug-20260724/source/prj_xiao_ble_sense_devkitv2-adafruit.conf"
94cde0ff8096,901,2026-09-06,08_HISTORICAL_PACKAGES,"08_HISTORICAL_PACKAGES/2026-07-24_dual_hatch_builds/dual-hatch-debug-20260724/source/src/battery_math.c"
d708462f6145,290,2026-09-06,08_HISTORICAL_PACKAGES,"08_HISTORICAL_PACKAGES/2026-07-24_dual_hatch_builds/dual-hatch-debug-20260724/source/src/battery_math.h"
2da61a90c2df,1462,2026-09-06,08_HISTORICAL_PACKAGES,"08_HISTORICAL_PACKAGES/2026-07-24_dual_hatch_builds/dual-hatch-debug-20260724/source/src/battery_smoother.c"
2bbdb095355f,427,2026-09-06,08_HISTORICAL_PACKAGES,"08_HISTORICAL_PACKAGES/2026-07-24_dual_hatch_builds/dual-hatch-debug-20260724/source/src/battery_smoother.h"
5423aad81f8d,7892,2026-09-06,08_HISTORICAL_PACKAGES,"08_HISTORICAL_PACKAGES/2026-07-24_dual_hatch_builds/dual-hatch-debug-20260724/source/src/codec.c"
9e7fa798c306,400,2026-09-06,08_HISTORICAL_PACKAGES,"08_HISTORICAL_PACKAGES/2026-07-24_dual_hatch_builds/dual-hatch-debug-20260724/source/src/codec.h"
2757eac00494,1161,2026-09-06,08_HISTORICAL_PACKAGES,"08_HISTORICAL_PACKAGES/2026-07-24_dual_hatch_builds/dual-hatch-debug-20260724/source/src/config.h"
6141f99c80ae,795,2026-09-06,08_HISTORICAL_PACKAGES,"08_HISTORICAL_PACKAGES/2026-07-24_dual_hatch_builds/dual-hatch-debug-20260724/source/src/led.c"
5c8e06f7521f,581,2026-09-06,08_HISTORICAL_PACKAGES,"08_HISTORICAL_PACKAGES/2026-07-24_dual_hatch_builds/dual-hatch-debug-20260724/source/src/led.h"
ba119eae5998,7742,2026-09-06,08_HISTORICAL_PACKAGES,"08_HISTORICAL_PACKAGES/2026-07-24_dual_hatch_builds/dual-hatch-debug-20260724/source/src/lib/battery/battery.c"
73339fbd44a8,2208,2026-09-06,08_HISTORICAL_PACKAGES,"08_HISTORICAL_PACKAGES/2026-07-24_dual_hatch_builds/dual-hatch-debug-20260724/source/src/lib/battery/battery.h"
8552687904b2,10759,2026-09-06,08_HISTORICAL_PACKAGES,"08_HISTORICAL_PACKAGES/2026-07-24_dual_hatch_builds/dual-hatch-debug-20260724/source/src/lib/opus-1.2.1/A2NLSF.c"
cc4d2169dddb,7175,2026-09-06,08_HISTORICAL_PACKAGES,"08_HISTORICAL_PACKAGES/2026-07-24_dual_hatch_builds/dual-hatch-debug-20260724/source/src/lib/opus-1.2.1/API.h"
eb8c9901f2a3,9599,2026-09-06,08_HISTORICAL_PACKAGES,"08_HISTORICAL_PACKAGES/2026-07-24_dual_hatch_builds/dual-hatch-debug-20260724/source/src/lib/opus-1.2.1/CNG.c"
e528fcf0eebc,3989,2026-09-06,08_HISTORICAL_PACKAGES,"08_HISTORICAL_PACKAGES/2026-07-24_dual_hatch_builds/dual-hatch-debug-20260724/source/src/lib/opus-1.2.1/HP_variable_cutoff.c"
d8d637375bd1,7314,2026-09-06,08_HISTORICAL_PACKAGES,"08_HISTORICAL_PACKAGES/2026-07-24_dual_hatch_builds/dual-hatch-debug-20260724/source/src/lib/opus-1.2.1/Inlines.h"
f15ac8e1d21d,5015,2026-09-06,08_HISTORICAL_PACKAGES,"08_HISTORICAL_PACKAGES/2026-07-24_dual_hatch_builds/dual-hatch-debug-20260724/source/src/lib/opus-1.2.1/LPC_analysis_filter.c"
c24418dfdcd9,3957,2026-09-06,08_HISTORICAL_PACKAGES,"08_HISTORICAL_PACKAGES/2026-07-24_dual_hatch_builds/dual-hatch-debug-20260724/source/src/lib/opus-1.2.1/LPC_fit.c"
c2cc22922cd3,6161,2026-09-06,08_HISTORICAL_PACKAGES,"08_HISTORICAL_PACKAGES/2026-07-24_dual_hatch_builds/dual-hatch-debug-20260724/source/src/lib/opus-1.2.1/LPC_inv_pred_gain.c"
e17cec3098ec,6552,2026-09-06,08_HISTORICAL_PACKAGES,"08_HISTORICAL_PACKAGES/2026-07-24_dual_hatch_builds/dual-hatch-debug-20260724/source/src/lib/opus-1.2.1/LP_variable_cutoff.c"
e57c94e63891,4730,2026-09-06,08_HISTORICAL_PACKAGES,"08_HISTORICAL_PACKAGES/2026-07-24_dual_hatch_builds/dual-hatch-debug-20260724/source/src/lib/opus-1.2.1/LTP_analysis_filter_FIX.c"
d2b8a417bcad,2877,2026-09-06,08_HISTORICAL_PACKAGES,"08_HISTORICAL_PACKAGES/2026-07-24_dual_hatch_builds/dual-hatch-debug-20260724/source/src/lib/opus-1.2.1/LTP_scale_ctrl_FIX.c"
58441b221c2f,20764,2026-09-06,08_HISTORICAL_PACKAGES,"08_HISTORICAL_PACKAGES/2026-07-24_dual_hatch_builds/dual-hatch-debug-20260724/source/src/lib/opus-1.2.1/MacroCount.h"
7af465e3a640,33528,2026-09-06,08_HISTORICAL_PACKAGES,"08_HISTORICAL_PACKAGES/2026-07-24_dual_hatch_builds/dual-hatch-debug-20260724/source/src/lib/opus-1.2.1/MacroDebug.h"
89cf63c26906,6362,2026-09-06,08_HISTORICAL_PACKAGES,"08_HISTORICAL_PACKAGES/2026-07-24_dual_hatch_builds/dual-hatch-debug-20260724/source/src/lib/opus-1.2.1/NLSF2A.c"
d2742ac1f6cb,3975,2026-09-06,08_HISTORICAL_PACKAGES,"08_HISTORICAL_PACKAGES/2026-07-24_dual_hatch_builds/dual-hatch-debug-20260724/source/src/lib/opus-1.2.1/NLSF_VQ.c"
975b062a6bbd,3937,2026-09-06,08_HISTORICAL_PACKAGES,"08_HISTORICAL_PACKAGES/2026-07-24_dual_hatch_builds/dual-hatch-debug-20260724/source/src/lib/opus-1.2.1/NLSF_VQ_weights_laroia.c"
3d723c92896d,4766,2026-09-06,08_HISTORICAL_PACKAGES,"08_HISTORICAL_PACKAGES/2026-07-24_dual_hatch_builds/dual-hatch-debug-20260724/source/src/lib/opus-1.2.1/NLSF_decode.c"
3d045d2d5931,11896,2026-09-06,08_HISTORICAL_PACKAGES,"08_HISTORICAL_PACKAGES/2026-07-24_dual_hatch_builds/dual-hatch-debug-20260724/source/src/lib/opus-1.2.1/NLSF_del_dec_quant.c"
5fba9bb8dc77,6129,2026-09-06,08_HISTORICAL_PACKAGES,"08_HISTORICAL_PACKAGES/2026-07-24_dual_hatch_builds/dual-hatch-debug-20260724/source/src/lib/opus-1.2.1/NLSF_encode.c"
14c69720cd90,6347,2026-09-06,08_HISTORICAL_PACKAGES,"08_HISTORICAL_PACKAGES/2026-07-24_dual_hatch_builds/dual-hatch-debug-20260724/source/src/lib/opus-1.2.1/NLSF_stabilize.c"
e94e9519bb38,2949,2026-09-06,08_HISTORICAL_PACKAGES,"08_HISTORICAL_PACKAGES/2026-07-24_dual_hatch_builds/dual-hatch-debug-20260724/source/src/lib/opus-1.2.1/NLSF_unpack.c"
473b46b62b04,22787,2026-09-06,08_HISTORICAL_PACKAGES,"08_HISTORICAL_PACKAGES/2026-07-24_dual_hatch_builds/dual-hatch-debug-20260724/source/src/lib/opus-1.2.1/NSQ.c"
7ef6eec66064,4288,2026-09-06,08_HISTORICAL_PACKAGES,"08_HISTORICAL_PACKAGES/2026-07-24_dual_hatch_builds/dual-hatch-debug-20260724/source/src/lib/opus-1.2.1/NSQ.h"
1e66080620da,39434,2026-09-06,08_HISTORICAL_PACKAGES,"08_HISTORICAL_PACKAGES/2026-07-24_dual_hatch_builds/dual-hatch-debug-20260724/source/src/lib/opus-1.2.1/NSQ_del_dec.c"
fefb38726ec0,20451,2026-09-06,08_HISTORICAL_PACKAGES,"08_HISTORICAL_PACKAGES/2026-07-24_dual_hatch_builds/dual-hatch-debug-20260724/source/src/lib/opus-1.2.1/PLC.c"
f67f0d84ddae,3261,2026-09-06,08_HISTORICAL_PACKAGES,"08_HISTORICAL_PACKAGES/2026-07-24_dual_hatch_builds/dual-hatch-debug-20260724/source/src/lib/opus-1.2.1/PLC.h"
1484eb810598,39242,2026-09-06,08_HISTORICAL_PACKAGES,"08_HISTORICAL_PACKAGES/2026-07-24_dual_hatch_builds/dual-hatch-debug-20260724/source/src/lib/opus-1.2.1/SigProc_FIX.h"
3ab5d7cc2839,15042,2026-09-06,08_HISTORICAL_PACKAGES,"08_HISTORICAL_PACKAGES/2026-07-24_dual_hatch_builds/dual-hatch-debug-20260724/source/src/lib/opus-1.2.1/VAD.c"
4d6e893e1b7b,7138,2026-09-06,08_HISTORICAL_PACKAGES,"08_HISTORICAL_PACKAGES/2026-07-24_dual_hatch_builds/dual-hatch-debug-20260724/source/src/lib/opus-1.2.1/VQ_WMat_EC.c"
b36149a0a4bb,5935,2026-09-06,08_HISTORICAL_PACKAGES,"08_HISTORICAL_PACKAGES/2026-07-24_dual_hatch_builds/dual-hatch-debug-20260724/source/src/lib/opus-1.2.1/_kiss_fft_guts.h"
d277973dbada,3770,2026-09-06,08_HISTORICAL_PACKAGES,"08_HISTORICAL_PACKAGES/2026-07-24_dual_hatch_builds/dual-hatch-debug-20260724/source/src/lib/opus-1.2.1/ana_filt_bank_1.c"
063d73e0755d,36054,2026-09-06,08_HISTORICAL_PACKAGES,"08_HISTORICAL_PACKAGES/2026-07-24_dual_hatch_builds/dual-hatch-debug-20260724/source/src/lib/opus-1.2.1/analysis.c"
c862ac10d4ea,4080,2026-09-06,08_HISTORICAL_PACKAGES,"08_HISTORICAL_PACKAGES/2026-07-24_dual_hatch_builds/dual-hatch-debug-20260724/source/src/lib/opus-1.2.1/analysis.h"
58c5b569dc7c,4921,2026-09-06,08_HISTORICAL_PACKAGES,"08_HISTORICAL_PACKAGES/2026-07-24_dual_hatch_builds/dual-hatch-debug-20260724/source/src/lib/opus-1.2.1/apply_sine_window_FIX.c"
7d2609cf4ce8,7778,2026-09-06,08_HISTORICAL_PACKAGES,"08_HISTORICAL_PACKAGES/2026-07-24_dual_hatch_builds/dual-hatch-debug-20260724/source/src/lib/opus-1.2.1/arch.h"
53b3e0024db7,3234,2026-09-06,08_HISTORICAL_PACKAGES,"08_HISTORICAL_PACKAGES/2026-07-24_dual_hatch_builds/dual-hatch-debug-20260724/source/src/lib/opus-1.2.1/arm/LPC_inv_pred_gain_arm.h"
61d2709dca89,5477,2026-09-06,08_HISTORICAL_PACKAGES,"08_HISTORICAL_PACKAGES/2026-07-24_dual_hatch_builds/dual-hatch-debug-20260724/source/src/lib/opus-1.2.1/arm/NSQ_del_dec_arm.h"
7582f536ee38,2254,2026-09-06,08_HISTORICAL_PACKAGES,"08_HISTORICAL_PACKAGES/2026-07-24_dual_hatch_builds/dual-hatch-debug-20260724/source/src/lib/opus-1.2.1/arm/SigProc_FIX_armv4.h"
75645e689c04,2765,2026-09-06,08_HISTORICAL_PACKAGES,"08_HISTORICAL_PACKAGES/2026-07-24_dual_hatch_builds/dual-hatch-debug-20260724/source/src/lib/opus-1.2.1/arm/SigProc_FIX_armv5e.h"
c6b803609ea3,2481,2026-09-06,08_HISTORICAL_PACKAGES,"08_HISTORICAL_PACKAGES/2026-07-24_dual_hatch_builds/dual-hatch-debug-20260724/source/src/lib/opus-1.2.1/arm/armcpu.h"
aeb87daec248,4421,2026-09-06,08_HISTORICAL_PACKAGES,"08_HISTORICAL_PACKAGES/2026-07-24_dual_hatch_builds/dual-hatch-debug-20260724/source/src/lib/opus-1.2.1/arm/biquad_alt_arm.h"
049a413aa633,14065,2026-09-06,08_HISTORICAL_PACKAGES,"08_HISTORICAL_PACKAGES/2026-07-24_dual_hatch_builds/dual-hatch-debug-20260724/source/src/lib/opus-1.2.1/arm/celt_pitch_xcorr_arm_gcc.s"
420dc0ff08d7,13699,2026-09-06,08_HISTORICAL_PACKAGES,"08_HISTORICAL_PACKAGES/2026-07-24_dual_hatch_builds/dual-hatch-debug-20260724/source/src/lib/opus-1.2.1/arm/celt_pitch_xcorr_arm_iar.s"
af2127640e4a,13247,2026-09-06,08_HISTORICAL_PACKAGES,"08_HISTORICAL_PACKAGES/2026-07-24_dual_hatch_builds/dual-hatch-debug-20260724/source/src/lib/opus-1.2.1/arm/celt_pitch_xcorr_arm_keil.s"
84c83aaed010,3445,2026-09-06,08_HISTORICAL_PACKAGES,"08_HISTORICAL_PACKAGES/2026-07-24_dual_hatch_builds/dual-hatch-debug-20260724/source/src/lib/opus-1.2.1/arm/fixed_armv4.h"
2ea12bc025f7,5628,2026-09-06,08_HISTORICAL_PACKAGES,"08_HISTORICAL_PACKAGES/2026-07-24_dual_hatch_builds/dual-hatch-debug-20260724/source/src/lib/opus-1.2.1/arm/fixed_armv5e.h"
6e41b8f62c4d,4660,2026-09-06,08_HISTORICAL_PACKAGES,"08_HISTORICAL_PACKAGES/2026-07-24_dual_hatch_builds/dual-hatch-debug-20260724/source/src/lib/opus-1.2.1/arm/kiss_fft_armv4.h"
104a476f9ab3,6494,2026-09-06,08_HISTORICAL_PACKAGES,"08_HISTORICAL_PACKAGES/2026-07-24_dual_hatch_builds/dual-hatch-debug-20260724/source/src/lib/opus-1.2.1/arm/kiss_fft_armv5e.h"
a6418f0d3424,4734,2026-09-06,08_HISTORICAL_PACKAGES,"08_HISTORICAL_PACKAGES/2026-07-24_dual_hatch_builds/dual-hatch-debug-20260724/source/src/lib/opus-1.2.1/arm/macros_armv4.h"
93c8673dcf54,8482,2026-09-06,08_HISTORICAL_PACKAGES,"08_HISTORICAL_PACKAGES/2026-07-24_dual_hatch_builds/dual-hatch-debug-20260724/source/src/lib/opus-1.2.1/arm/macros_armv5e.h"
beaecb333350,6436,2026-09-06,08_HISTORICAL_PACKAGES,"08_HISTORICAL_PACKAGES/2026-07-24_dual_hatch_builds/dual-hatch-debug-20260724/source/src/lib/opus-1.2.1/arm/pitch_arm.h"
fc57330ccb4f,4264,2026-09-06,08_HISTORICAL_PACKAGES,"08_HISTORICAL_PACKAGES/2026-07-24_dual_hatch_builds/dual-hatch-debug-20260724/source/src/lib/opus-1.2.1/arm/warped_autocorrelation_FIX_arm.h"
16aceb2d3d8a,2725,2026-09-06,08_HISTORICAL_PACKAGES,"08_HISTORICAL_PACKAGES/2026-07-24_dual_hatch_builds/dual-hatch-debug-20260724/source/src/lib/opus-1.2.1/autocorr_FIX.c"
b3bb71c4598d,51184,2026-09-06,08_HISTORICAL_PACKAGES,"08_HISTORICAL_PACKAGES/2026-07-24_dual_hatch_builds/dual-hatch-debug-20260724/source/src/lib/opus-1.2.1/bands.c"
571d86a58491,5417,2026-09-06,08_HISTORICAL_PACKAGES,"08_HISTORICAL_PACKAGES/2026-07-24_dual_hatch_builds/dual-hatch-debug-20260724/source/src/lib/opus-1.2.1/bands.h"
cab5911f028e,6886,2026-09-06,08_HISTORICAL_PACKAGES,"08_HISTORICAL_PACKAGES/2026-07-24_dual_hatch_builds/dual-hatch-debug-20260724/source/src/lib/opus-1.2.1/biquad_alt.c"
65e4117e6a2c,16792,2026-09-06,08_HISTORICAL_PACKAGES,"08_HISTORICAL_PACKAGES/2026-07-24_dual_hatch_builds/dual-hatch-debug-20260724/source/src/lib/opus-1.2.1/burg_modified_FIX.c"
f01c2e6752d8,2760,2026-09-06,08_HISTORICAL_PACKAGES,"08_HISTORICAL_PACKAGES/2026-07-24_dual_hatch_builds/dual-hatch-debug-20260724/source/src/lib/opus-1.2.1/bwexpander.c"
81ae3a2a4fa9,2490,2026-09-06,08_HISTORICAL_PACKAGES,"08_HISTORICAL_PACKAGES/2026-07-24_dual_hatch_builds/dual-hatch-debug-20260724/source/src/lib/opus-1.2.1/bwexpander_32.c"
5a6ccbc8e3d8,9107,2026-09-06,08_HISTORICAL_PACKAGES,"08_HISTORICAL_PACKAGES/2026-07-24_dual_hatch_builds/dual-hatch-debug-20260724/source/src/lib/opus-1.2.1/celt.c"
92868264a9e2,7812,2026-09-06,08_HISTORICAL_PACKAGES,"08_HISTORICAL_PACKAGES/2026-07-24_dual_hatch_builds/dual-hatch-debug-20260724/source/src/lib/opus-1.2.1/celt.h"
07d1e12d0baa,41237,2026-09-06,08_HISTORICAL_PACKAGES,"08_HISTORICAL_PACKAGES/2026-07-24_dual_hatch_builds/dual-hatch-debug-20260724/source/src/lib/opus-1.2.1/celt_decoder.c"
7893e9e91088,82045,2026-09-06,08_HISTORICAL_PACKAGES,"08_HISTORICAL_PACKAGES/2026-07-24_dual_hatch_builds/dual-hatch-debug-20260724/source/src/lib/opus-1.2.1/celt_encoder.c"
75364dace691,7996,2026-09-06,08_HISTORICAL_PACKAGES,"08_HISTORICAL_PACKAGES/2026-07-24_dual_hatch_builds/dual-hatch-debug-20260724/source/src/lib/opus-1.2.1/celt_lpc.c"
84f34c883133,2221,2026-09-06,08_HISTORICAL_PACKAGES,"08_HISTORICAL_PACKAGES/2026-07-24_dual_hatch_builds/dual-hatch-debug-20260724/source/src/lib/opus-1.2.1/celt_lpc.h"
f01ebcb1b221,4939,2026-09-06,08_HISTORICAL_PACKAGES,"08_HISTORICAL_PACKAGES/2026-07-24_dual_hatch_builds/dual-hatch-debug-20260724/source/src/lib/opus-1.2.1/check_control_input.c"
becd3134a77e,5554,2026-09-06,08_HISTORICAL_PACKAGES,"08_HISTORICAL_PACKAGES/2026-07-24_dual_hatch_builds/dual-hatch-debug-20260724/source/src/lib/opus-1.2.1/code_signs.c"
21847e9acd78,2723,2026-09-06,08_HISTORICAL_PACKAGES,"08_HISTORICAL_PACKAGES/2026-07-24_dual_hatch_builds/dual-hatch-debug-20260724/source/src/lib/opus-1.2.1/config.h"
9c63ee1b8a46,6165,2026-09-06,08_HISTORICAL_PACKAGES,"08_HISTORICAL_PACKAGES/2026-07-24_dual_hatch_builds/dual-hatch-debug-20260724/source/src/lib/opus-1.2.1/control.h"
d82dbf53b207,3407,2026-09-06,08_HISTORICAL_PACKAGES,"08_HISTORICAL_PACKAGES/2026-07-24_dual_hatch_builds/dual-hatch-debug-20260724/source/src/lib/opus-1.2.1/control_SNR.c"
3567b33e96da,5712,2026-09-06,08_HISTORICAL_PACKAGES,"08_HISTORICAL_PACKAGES/2026-07-24_dual_hatch_builds/dual-hatch-debug-20260724/source/src/lib/opus-1.2.1/control_audio_bandwidth.c"
81bb138d8471,20591,2026-09-06,08_HISTORICAL_PACKAGES,"08_HISTORICAL_PACKAGES/2026-07-24_dual_hatch_builds/dual-hatch-debug-20260724/source/src/lib/opus-1.2.1/control_codec.c"
dc73a44c5a98,8335,2026-09-06,08_HISTORICAL_PACKAGES,"08_HISTORICAL_PACKAGES/2026-07-24_dual_hatch_builds/dual-hatch-debug-20260724/source/src/lib/opus-1.2.1/corrMatrix_FIX.c"
36a4b37807a8,2372,2026-09-06,08_HISTORICAL_PACKAGES,"08_HISTORICAL_PACKAGES/2026-07-24_dual_hatch_builds/dual-hatch-debug-20260724/source/src/lib/opus-1.2.1/cpu_support.h"
aefb978dc715,28257,2026-09-06,08_HISTORICAL_PACKAGES,"08_HISTORICAL_PACKAGES/2026-07-24_dual_hatch_builds/dual-hatch-debug-20260724/source/src/lib/opus-1.2.1/cwrs.c"
7705be67d58e,1885,2026-09-06,08_HISTORICAL_PACKAGES,"08_HISTORICAL_PACKAGES/2026-07-24_dual_hatch_builds/dual-hatch-debug-20260724/source/src/lib/opus-1.2.1/cwrs.h"
face052ec8cb,6849,2026-09-06,08_HISTORICAL_PACKAGES,"08_HISTORICAL_PACKAGES/2026-07-24_dual_hatch_builds/dual-hatch-debug-20260724/source/src/lib/opus-1.2.1/debug.c"
071907a9dc3e,12960,2026-09-06,08_HISTORICAL_PACKAGES,"08_HISTORICAL_PACKAGES/2026-07-24_dual_hatch_builds/dual-hatch-debug-20260724/source/src/lib/opus-1.2.1/debug.h"
a15a863439a4,19853,2026-09-06,08_HISTORICAL_PACKAGES,"08_HISTORICAL_PACKAGES/2026-07-24_dual_hatch_builds/dual-hatch-debug-20260724/source/src/lib/opus-1.2.1/dec_API.c"
a93b22fc6497,11900,2026-09-06,08_HISTORICAL_PACKAGES,"08_HISTORICAL_PACKAGES/2026-07-24_dual_hatch_builds/dual-hatch-debug-20260724/source/src/lib/opus-1.2.1/decode_core.c"
9813390d7d67,6152,2026-09-06,08_HISTORICAL_PACKAGES,"08_HISTORICAL_PACKAGES/2026-07-24_dual_hatch_builds/dual-hatch-debug-20260724/source/src/lib/opus-1.2.1/decode_frame.c"
9371600217e3,7246,2026-09-06,08_HISTORICAL_PACKAGES,"08_HISTORICAL_PACKAGES/2026-07-24_dual_hatch_builds/dual-hatch-debug-20260724/source/src/lib/opus-1.2.1/decode_indices.c"
d86e43fd07b7,5527,2026-09-06,08_HISTORICAL_PACKAGES,"08_HISTORICAL_PACKAGES/2026-07-24_dual_hatch_builds/dual-hatch-debug-20260724/source/src/lib/opus-1.2.1/decode_parameters.c"
6b1de5dd4d14,3717,2026-09-06,08_HISTORICAL_PACKAGES,"08_HISTORICAL_PACKAGES/2026-07-24_dual_hatch_builds/dual-hatch-debug-20260724/source/src/lib/opus-1.2.1/decode_pitch.c"
efaba90323d2,5598,2026-09-06,08_HISTORICAL_PACKAGES,"08_HISTORICAL_PACKAGES/2026-07-24_dual_hatch_builds/dual-hatch-debug-20260724/source/src/lib/opus-1.2.1/decode_pulses.c"
5befab6798ef,4968,2026-09-06,08_HISTORICAL_PACKAGES,"08_HISTORICAL_PACKAGES/2026-07-24_dual_hatch_builds/dual-hatch-debug-20260724/source/src/lib/opus-1.2.1/decoder_set_fs.c"
7c8386374b31,9707,2026-09-06,08_HISTORICAL_PACKAGES,"08_HISTORICAL_PACKAGES/2026-07-24_dual_hatch_builds/dual-hatch-debug-20260724/source/src/lib/opus-1.2.1/define.h"
a334f1ead35b,3749,2026-09-06,08_HISTORICAL_PACKAGES,"08_HISTORICAL_PACKAGES/2026-07-24_dual_hatch_builds/dual-hatch-debug-20260724/source/src/lib/opus-1.2.1/ecintrin.h"
8f161e5f1953,31946,2026-09-06,08_HISTORICAL_PACKAGES,"08_HISTORICAL_PACKAGES/2026-07-24_dual_hatch_builds/dual-hatch-debug-20260724/source/src/lib/opus-1.2.1/enc_API.c"
f340e1a4f4cd,23458,2026-09-06,08_HISTORICAL_PACKAGES,"08_HISTORICAL_PACKAGES/2026-07-24_dual_hatch_builds/dual-hatch-debug-20260724/source/src/lib/opus-1.2.1/encode_frame_FIX.c"
f5320210d7e9,9360,2026-09-06,08_HISTORICAL_PACKAGES,"08_HISTORICAL_PACKAGES/2026-07-24_dual_hatch_builds/dual-hatch-debug-20260724/source/src/lib/opus-1.2.1/encode_indices.c"
dc0acb54b36c,8839,2026-09-06,08_HISTORICAL_PACKAGES,"08_HISTORICAL_PACKAGES/2026-07-24_dual_hatch_builds/dual-hatch-debug-20260724/source/src/lib/opus-1.2.1/encode_pulses.c"
fb52778fb752,5700,2026-09-06,08_HISTORICAL_PACKAGES,"08_HISTORICAL_PACKAGES/2026-07-24_dual_hatch_builds/dual-hatch-debug-20260724/source/src/lib/opus-1.2.1/entcode.c"
af64d2ac226e,5414,2026-09-06,08_HISTORICAL_PACKAGES,"08_HISTORICAL_PACKAGES/2026-07-24_dual_hatch_builds/dual-hatch-debug-20260724/source/src/lib/opus-1.2.1/entcode.h"
0b0542909f1b,8016,2026-09-06,08_HISTORICAL_PACKAGES,"08_HISTORICAL_PACKAGES/2026-07-24_dual_hatch_builds/dual-hatch-debug-20260724/source/src/lib/opus-1.2.1/entdec.c"
c1be6eaefef0,4835,2026-09-06,08_HISTORICAL_PACKAGES,"08_HISTORICAL_PACKAGES/2026-07-24_dual_hatch_builds/dual-hatch-debug-20260724/source/src/lib/opus-1.2.1/entdec.h"
c6d8287d6d09,9561,2026-09-06,08_HISTORICAL_PACKAGES,"08_HISTORICAL_PACKAGES/2026-07-24_dual_hatch_builds/dual-hatch-debug-20260724/source/src/lib/opus-1.2.1/entenc.c"
6c56e4803119,5427,2026-09-06,08_HISTORICAL_PACKAGES,"08_HISTORICAL_PACKAGES/2026-07-24_dual_hatch_builds/dual-hatch-debug-20260724/source/src/lib/opus-1.2.1/entenc.h"
3bbf21416af6,3640,2026-09-06,08_HISTORICAL_PACKAGES,"08_HISTORICAL_PACKAGES/2026-07-24_dual_hatch_builds/dual-hatch-debug-20260724/source/src/lib/opus-1.2.1/errors.h"
4b92d7ab9833,7361,2026-09-06,08_HISTORICAL_PACKAGES,"08_HISTORICAL_PACKAGES/2026-07-24_dual_hatch_builds/dual-hatch-debug-20260724/source/src/lib/opus-1.2.1/find_LPC_FIX.c"
3d3e6eb73870,5422,2026-09-06,08_HISTORICAL_PACKAGES,"08_HISTORICAL_PACKAGES/2026-07-24_dual_hatch_builds/dual-hatch-debug-20260724/source/src/lib/opus-1.2.1/find_LTP_FIX.c"
328294c9916f,7330,2026-09-06,08_HISTORICAL_PACKAGES,"08_HISTORICAL_PACKAGES/2026-07-24_dual_hatch_builds/dual-hatch-debug-20260724/source/src/lib/opus-1.2.1/find_pitch_lags_FIX.c"
3b9343a2d841,7543,2026-09-06,08_HISTORICAL_PACKAGES,"08_HISTORICAL_PACKAGES/2026-07-24_dual_hatch_builds/dual-hatch-debug-20260724/source/src/lib/opus-1.2.1/find_pred_coefs_FIX.c"
f21919139e0e,21206,2026-09-06,08_HISTORICAL_PACKAGES,"08_HISTORICAL_PACKAGES/2026-07-24_dual_hatch_builds/dual-hatch-debug-20260724/source/src/lib/opus-1.2.1/fixed_debug.h"
7c820d7e19f4,7953,2026-09-06,08_HISTORICAL_PACKAGES,"08_HISTORICAL_PACKAGES/2026-07-24_dual_hatch_builds/dual-hatch-debug-20260724/source/src/lib/opus-1.2.1/fixed_generic.h"
019f8ec97b5f,5001,2026-09-06,08_HISTORICAL_PACKAGES,"08_HISTORICAL_PACKAGES/2026-07-24_dual_hatch_builds/dual-hatch-debug-20260724/source/src/lib/opus-1.2.1/float_cast.h"
070223b7a209,6928,2026-09-06,08_HISTORICAL_PACKAGES,"08_HISTORICAL_PACKAGES/2026-07-24_dual_hatch_builds/dual-hatch-debug-20260724/source/src/lib/opus-1.2.1/gain_quant.c"
b89c51b04b8d,2366,2026-09-06,08_HISTORICAL_PACKAGES,"08_HISTORICAL_PACKAGES/2026-07-24_dual_hatch_builds/dual-hatch-debug-20260724/source/src/lib/opus-1.2.1/init_decoder.c"
713097da7082,2877,2026-09-06,08_HISTORICAL_PACKAGES,"08_HISTORICAL_PACKAGES/2026-07-24_dual_hatch_builds/dual-hatch-debug-20260724/source/src/lib/opus-1.2.1/init_encoder.c"
11356406441d,2451,2026-09-06,08_HISTORICAL_PACKAGES,"08_HISTORICAL_PACKAGES/2026-07-24_dual_hatch_builds/dual-hatch-debug-20260724/source/src/lib/opus-1.2.1/inner_prod_aligned.c"
7ca78007663a,2601,2026-09-06,08_HISTORICAL_PACKAGES,"08_HISTORICAL_PACKAGES/2026-07-24_dual_hatch_builds/dual-hatch-debug-20260724/source/src/lib/opus-1.2.1/interpolate.c"
0dbe9b0849be,2675,2026-09-06,08_HISTORICAL_PACKAGES,"08_HISTORICAL_PACKAGES/2026-07-24_dual_hatch_builds/dual-hatch-debug-20260724/source/src/lib/opus-1.2.1/k2a_FIX.c"
22f0dcde79d7,2622,2026-09-06,08_HISTORICAL_PACKAGES,"08_HISTORICAL_PACKAGES/2026-07-24_dual_hatch_builds/dual-hatch-debug-20260724/source/src/lib/opus-1.2.1/k2a_Q16_FIX.c"
badf5056eb5e,17003,2026-09-06,08_HISTORICAL_PACKAGES,"08_HISTORICAL_PACKAGES/2026-07-24_dual_hatch_builds/dual-hatch-debug-20260724/source/src/lib/opus-1.2.1/kiss_fft.c"
6ad018d5223c,6295,2026-09-06,08_HISTORICAL_PACKAGES,"08_HISTORICAL_PACKAGES/2026-07-24_dual_hatch_builds/dual-hatch-debug-20260724/source/src/lib/opus-1.2.1/kiss_fft.h"
a46d602528d7,4022,2026-09-06,08_HISTORICAL_PACKAGES,"08_HISTORICAL_PACKAGES/2026-07-24_dual_hatch_builds/dual-hatch-debug-20260724/source/src/lib/opus-1.2.1/laplace.c"
cb3ddf5ee52f,2142,2026-09-06,08_HISTORICAL_PACKAGES,"08_HISTORICAL_PACKAGES/2026-07-24_dual_hatch_builds/dual-hatch-debug-20260724/source/src/lib/opus-1.2.1/laplace.h"
707db4165541,2220,2026-09-06,08_HISTORICAL_PACKAGES,"08_HISTORICAL_PACKAGES/2026-07-24_dual_hatch_builds/dual-hatch-debug-20260724/source/src/lib/opus-1.2.1/lin2log.c"
4ce500b6b3ae,2636,2026-09-06,08_HISTORICAL_PACKAGES,"08_HISTORICAL_PACKAGES/2026-07-24_dual_hatch_builds/dual-hatch-debug-20260724/source/src/lib/opus-1.2.1/log2lin.c"
ea2a68f2cf06,6420,2026-09-06,08_HISTORICAL_PACKAGES,"08_HISTORICAL_PACKAGES/2026-07-24_dual_hatch_builds/dual-hatch-debug-20260724/source/src/lib/opus-1.2.1/macros.h"
3d00d22a00e7,32680,2026-09-06,08_HISTORICAL_PACKAGES,"08_HISTORICAL_PACKAGES/2026-07-24_dual_hatch_builds/dual-hatch-debug-20260724/source/src/lib/opus-1.2.1/main.h"
36eefa8698a7,19046,2026-09-06,08_HISTORICAL_PACKAGES,"08_HISTORICAL_PACKAGES/2026-07-24_dual_hatch_builds/dual-hatch-debug-20260724/source/src/lib/opus-1.2.1/main_FIX.h"
7c662626aeb4,6826,2026-09-06,08_HISTORICAL_PACKAGES,"08_HISTORICAL_PACKAGES/2026-07-24_dual_hatch_builds/dual-hatch-debug-20260724/source/src/lib/opus-1.2.1/mathops.c"
8ecfc69ab27b,7978,2026-09-06,08_HISTORICAL_PACKAGES,"08_HISTORICAL_PACKAGES/2026-07-24_dual_hatch_builds/dual-hatch-debug-20260724/source/src/lib/opus-1.2.1/mathops.h"
03f60fbde8d6,10898,2026-09-06,08_HISTORICAL_PACKAGES,"08_HISTORICAL_PACKAGES/2026-07-24_dual_hatch_builds/dual-hatch-debug-20260724/source/src/lib/opus-1.2.1/mdct.c"
c70bd44adeac,4776,2026-09-06,08_HISTORICAL_PACKAGES,"08_HISTORICAL_PACKAGES/2026-07-24_dual_hatch_builds/dual-hatch-debug-20260724/source/src/lib/opus-1.2.1/mdct.h"
5974c2341889,2232,2026-09-06,08_HISTORICAL_PACKAGES,"08_HISTORICAL_PACKAGES/2026-07-24_dual_hatch_builds/dual-hatch-debug-20260724/source/src/lib/opus-1.2.1/mfrngcod.h"
fa4fc250c5ee,4131,2026-09-06,08_HISTORICAL_PACKAGES,"08_HISTORICAL_PACKAGES/2026-07-24_dual_hatch_builds/dual-hatch-debug-20260724/source/src/lib/opus-1.2.1/mlp.c"
ced3054f955c,1614,2026-09-06,08_HISTORICAL_PACKAGES,"08_HISTORICAL_PACKAGES/2026-07-24_dual_hatch_builds/dual-hatch-debug-20260724/source/src/lib/opus-1.2.1/mlp.h"
e1faf5777866,5693,2026-09-06,08_HISTORICAL_PACKAGES,"08_HISTORICAL_PACKAGES/2026-07-24_dual_hatch_builds/dual-hatch-debug-20260724/source/src/lib/opus-1.2.1/mlp_data.c"
f95956d28e75,13951,2026-09-06,08_HISTORICAL_PACKAGES,"08_HISTORICAL_PACKAGES/2026-07-24_dual_hatch_builds/dual-hatch-debug-20260724/source/src/lib/opus-1.2.1/modes.c"
c38ac61f218a,2437,2026-09-06,08_HISTORICAL_PACKAGES,"08_HISTORICAL_PACKAGES/2026-07-24_dual_hatch_builds/dual-hatch-debug-20260724/source/src/lib/opus-1.2.1/modes.h"
c11fae78f542,20671,2026-09-06,08_HISTORICAL_PACKAGES,"08_HISTORICAL_PACKAGES/2026-07-24_dual_hatch_builds/dual-hatch-debug-20260724/source/src/lib/opus-1.2.1/noise_shape_analysis_FIX.c"
ff2bb0b492fe,9882,2026-09-06,08_HISTORICAL_PACKAGES,"08_HISTORICAL_PACKAGES/2026-07-24_dual_hatch_builds/dual-hatch-debug-20260724/source/src/lib/opus-1.2.1/opus.c"
24e57572c52e,48554,2026-09-06,08_HISTORICAL_PACKAGES,"08_HISTORICAL_PACKAGES/2026-07-24_dual_hatch_builds/dual-hatch-debug-20260724/source/src/lib/opus-1.2.1/opus.h"
630939691582,14768,2026-09-06,08_HISTORICAL_PACKAGES,"08_HISTORICAL_PACKAGES/2026-07-24_dual_hatch_builds/dual-hatch-debug-20260724/source/src/lib/opus-1.2.1/opus_custom.h"
6ad9a786d2f8,31152,2026-09-06,08_HISTORICAL_PACKAGES,"08_HISTORICAL_PACKAGES/2026-07-24_dual_hatch_builds/dual-hatch-debug-20260724/source/src/lib/opus-1.2.1/opus_decoder.c"
457f86f02454,34695,2026-09-06,08_HISTORICAL_PACKAGES,"08_HISTORICAL_PACKAGES/2026-07-24_dual_hatch_builds/dual-hatch-debug-20260724/source/src/lib/opus-1.2.1/opus_defines.h"
52f4c9142d3c,97200,2026-09-06,08_HISTORICAL_PACKAGES,"08_HISTORICAL_PACKAGES/2026-07-24_dual_hatch_builds/dual-hatch-debug-20260724/source/src/lib/opus-1.2.1/opus_encoder.c"
48c71105cc4f,2684,2026-09-06,08_HISTORICAL_PACKAGES,"08_HISTORICAL_PACKAGES/2026-07-24_dual_hatch_builds/dual-hatch-debug-20260724/source/src/lib/opus-1.2.1/opus_multistream.c"
0db4cb1379ad,33575,2026-09-06,08_HISTORICAL_PACKAGES,"08_HISTORICAL_PACKAGES/2026-07-24_dual_hatch_builds/dual-hatch-debug-20260724/source/src/lib/opus-1.2.1/opus_multistream.h"
86123545d945,14475,2026-09-06,08_HISTORICAL_PACKAGES,"08_HISTORICAL_PACKAGES/2026-07-24_dual_hatch_builds/dual-hatch-debug-20260724/source/src/lib/opus-1.2.1/opus_multistream_decoder.c"
407fe5115e38,40821,2026-09-06,08_HISTORICAL_PACKAGES,"08_HISTORICAL_PACKAGES/2026-07-24_dual_hatch_builds/dual-hatch-debug-20260724/source/src/lib/opus-1.2.1/opus_multistream_encoder.c"
cf7dad1dafb3,5052,2026-09-06,08_HISTORICAL_PACKAGES,"08_HISTORICAL_PACKAGES/2026-07-24_dual_hatch_builds/dual-hatch-debug-20260724/source/src/lib/opus-1.2.1/opus_private.h"
e2c1075e2656,4954,2026-09-06,08_HISTORICAL_PACKAGES,"08_HISTORICAL_PACKAGES/2026-07-24_dual_hatch_builds/dual-hatch-debug-20260724/source/src/lib/opus-1.2.1/opus_types.h"
4dc4eb0f3e97,3163,2026-09-06,08_HISTORICAL_PACKAGES,"08_HISTORICAL_PACKAGES/2026-07-24_dual_hatch_builds/dual-hatch-debug-20260724/source/src/lib/opus-1.2.1/os_support.h"
244d8f61620e,14459,2026-09-06,08_HISTORICAL_PACKAGES,"08_HISTORICAL_PACKAGES/2026-07-24_dual_hatch_builds/dual-hatch-debug-20260724/source/src/lib/opus-1.2.1/pitch.c"
76f858f0b7aa,5891,2026-09-06,08_HISTORICAL_PACKAGES,"08_HISTORICAL_PACKAGES/2026-07-24_dual_hatch_builds/dual-hatch-debug-20260724/source/src/lib/opus-1.2.1/pitch.h"
582f79679957,34345,2026-09-06,08_HISTORICAL_PACKAGES,"08_HISTORICAL_PACKAGES/2026-07-24_dual_hatch_builds/dual-hatch-debug-20260724/source/src/lib/opus-1.2.1/pitch_analysis_core_FIX.c"
ed1230792944,4061,2026-09-06,08_HISTORICAL_PACKAGES,"08_HISTORICAL_PACKAGES/2026-07-24_dual_hatch_builds/dual-hatch-debug-20260724/source/src/lib/opus-1.2.1/pitch_est_defines.h"
c0cf34e7d5ce,3589,2026-09-06,08_HISTORICAL_PACKAGES,"08_HISTORICAL_PACKAGES/2026-07-24_dual_hatch_builds/dual-hatch-debug-20260724/source/src/lib/opus-1.2.1/pitch_est_tables.c"
396ac86ece04,5447,2026-09-06,08_HISTORICAL_PACKAGES,"08_HISTORICAL_PACKAGES/2026-07-24_dual_hatch_builds/dual-hatch-debug-20260724/source/src/lib/opus-1.2.1/process_NLSFs.c"
92a25af5a235,6595,2026-09-06,08_HISTORICAL_PACKAGES,"08_HISTORICAL_PACKAGES/2026-07-24_dual_hatch_builds/dual-hatch-debug-20260724/source/src/lib/opus-1.2.1/process_gains_FIX.c"
1f9aa2768ee6,7351,2026-09-06,08_HISTORICAL_PACKAGES,"08_HISTORICAL_PACKAGES/2026-07-24_dual_hatch_builds/dual-hatch-debug-20260724/source/src/lib/opus-1.2.1/quant_LTP_gains.c"
d80db2e55c24,18714,2026-09-06,08_HISTORICAL_PACKAGES,"08_HISTORICAL_PACKAGES/2026-07-24_dual_hatch_builds/dual-hatch-debug-20260724/source/src/lib/opus-1.2.1/quant_bands.c"
fbe7d733d3dc,2974,2026-09-06,08_HISTORICAL_PACKAGES,"08_HISTORICAL_PACKAGES/2026-07-24_dual_hatch_builds/dual-hatch-debug-20260724/source/src/lib/opus-1.2.1/quant_bands.h"
5237183bbce2,21428,2026-09-06,08_HISTORICAL_PACKAGES,"08_HISTORICAL_PACKAGES/2026-07-24_dual_hatch_builds/dual-hatch-debug-20260724/source/src/lib/opus-1.2.1/rate.c"
c8611c953f22,3279,2026-09-06,08_HISTORICAL_PACKAGES,"08_HISTORICAL_PACKAGES/2026-07-24_dual_hatch_builds/dual-hatch-debug-20260724/source/src/lib/opus-1.2.1/rate.h"
7028df79d2ff,2626,2026-09-06,08_HISTORICAL_PACKAGES,"08_HISTORICAL_PACKAGES/2026-07-24_dual_hatch_builds/dual-hatch-debug-20260724/source/src/lib/opus-1.2.1/regularize_correlations_FIX.c"
84c84990fca1,9842,2026-09-06,08_HISTORICAL_PACKAGES,"08_HISTORICAL_PACKAGES/2026-07-24_dual_hatch_builds/dual-hatch-debug-20260724/source/src/lib/opus-1.2.1/repacketizer.c"
7e28b897c5b0,9931,2026-09-06,08_HISTORICAL_PACKAGES,"08_HISTORICAL_PACKAGES/2026-07-24_dual_hatch_builds/dual-hatch-debug-20260724/source/src/lib/opus-1.2.1/resampler.c"
7aa4cba793ab,3475,2026-09-06,08_HISTORICAL_PACKAGES,"08_HISTORICAL_PACKAGES/2026-07-24_dual_hatch_builds/dual-hatch-debug-20260724/source/src/lib/opus-1.2.1/resampler_down2.c"
2ab8318bf4bc,4765,2026-09-06,08_HISTORICAL_PACKAGES,"08_HISTORICAL_PACKAGES/2026-07-24_dual_hatch_builds/dual-hatch-debug-20260724/source/src/lib/opus-1.2.1/resampler_down2_3.c"
b14e6d03394a,4553,2026-09-06,08_HISTORICAL_PACKAGES,"08_HISTORICAL_PACKAGES/2026-07-24_dual_hatch_builds/dual-hatch-debug-20260724/source/src/lib/opus-1.2.1/resampler_private.h"
c16d50bde74b,2665,2026-09-06,08_HISTORICAL_PACKAGES,"08_HISTORICAL_PACKAGES/2026-07-24_dual_hatch_builds/dual-hatch-debug-20260724/source/src/lib/opus-1.2.1/resampler_private_AR2.c"
584c7b2afbcb,5231,2026-09-06,08_HISTORICAL_PACKAGES,"08_HISTORICAL_PACKAGES/2026-07-24_dual_hatch_builds/dual-hatch-debug-20260724/source/src/lib/opus-1.2.1/resampler_private_IIR_FIR.c"
5ed14a4557a3,10897,2026-09-06,08_HISTORICAL_PACKAGES,"08_HISTORICAL_PACKAGES/2026-07-24_dual_hatch_builds/dual-hatch-debug-20260724/source/src/lib/opus-1.2.1/resampler_private_down_FIR.c"
f06a982b8856,5367,2026-09-06,08_HISTORICAL_PACKAGES,"08_HISTORICAL_PACKAGES/2026-07-24_dual_hatch_builds/dual-hatch-debug-20260724/source/src/lib/opus-1.2.1/resampler_private_up2_HQ.c"
ec3ba5c620ee,4747,2026-09-06,08_HISTORICAL_PACKAGES,"08_HISTORICAL_PACKAGES/2026-07-24_dual_hatch_builds/dual-hatch-debug-20260724/source/src/lib/opus-1.2.1/resampler_rom.c"
68088e075048,3294,2026-09-06,08_HISTORICAL_PACKAGES,"08_HISTORICAL_PACKAGES/2026-07-24_dual_hatch_builds/dual-hatch-debug-20260724/source/src/lib/opus-1.2.1/resampler_rom.h"
b038e84c7d79,2615,2026-09-06,08_HISTORICAL_PACKAGES,"08_HISTORICAL_PACKAGES/2026-07-24_dual_hatch_builds/dual-hatch-debug-20260724/source/src/lib/opus-1.2.1/resampler_structs.h"
384cdf5f4142,4837,2026-09-06,08_HISTORICAL_PACKAGES,"08_HISTORICAL_PACKAGES/2026-07-24_dual_hatch_builds/dual-hatch-debug-20260724/source/src/lib/opus-1.2.1/residual_energy16_FIX.c"
633ed6d7d8da,5389,2026-09-06,08_HISTORICAL_PACKAGES,"08_HISTORICAL_PACKAGES/2026-07-24_dual_hatch_builds/dual-hatch-debug-20260724/source/src/lib/opus-1.2.1/residual_energy_FIX.c"
0dce2180da54,3994,2026-09-06,08_HISTORICAL_PACKAGES,"08_HISTORICAL_PACKAGES/2026-07-24_dual_hatch_builds/dual-hatch-debug-20260724/source/src/lib/opus-1.2.1/schur64_FIX.c"
ce05edf0c709,4447,2026-09-06,08_HISTORICAL_PACKAGES,"08_HISTORICAL_PACKAGES/2026-07-24_dual_hatch_builds/dual-hatch-debug-20260724/source/src/lib/opus-1.2.1/schur_FIX.c"
60b5a2786238,7718,2026-09-06,08_HISTORICAL_PACKAGES,"08_HISTORICAL_PACKAGES/2026-07-24_dual_hatch_builds/dual-hatch-debug-20260724/source/src/lib/opus-1.2.1/shell_coder.c"
339568f30645,3164,2026-09-06,08_HISTORICAL_PACKAGES,"08_HISTORICAL_PACKAGES/2026-07-24_dual_hatch_builds/dual-hatch-debug-20260724/source/src/lib/opus-1.2.1/sigm_Q15.c"
8436c8b92db9,6265,2026-09-06,08_HISTORICAL_PACKAGES,"08_HISTORICAL_PACKAGES/2026-07-24_dual_hatch_builds/dual-hatch-debug-20260724/source/src/lib/opus-1.2.1/sort.c"
603a5beb27f6,5989,2026-09-06,08_HISTORICAL_PACKAGES,"08_HISTORICAL_PACKAGES/2026-07-24_dual_hatch_builds/dual-hatch-debug-20260724/source/src/lib/opus-1.2.1/stack_alloc.h"
fd5405b0b950,32819,2026-09-06,08_HISTORICAL_PACKAGES,"08_HISTORICAL_PACKAGES/2026-07-24_dual_hatch_builds/dual-hatch-debug-20260724/source/src/lib/opus-1.2.1/static_modes_fixed.h"
9c49d71262dc,25209,2026-09-06,08_HISTORICAL_PACKAGES,"08_HISTORICAL_PACKAGES/2026-07-24_dual_hatch_builds/dual-hatch-debug-20260724/source/src/lib/opus-1.2.1/static_modes_fixed_arm_ne10.h"
65fdb130c42c,50919,2026-09-06,08_HISTORICAL_PACKAGES,"08_HISTORICAL_PACKAGES/2026-07-24_dual_hatch_builds/dual-hatch-debug-20260724/source/src/lib/opus-1.2.1/static_modes_float.h"
f17e57248f30,28613,2026-09-06,08_HISTORICAL_PACKAGES,"08_HISTORICAL_PACKAGES/2026-07-24_dual_hatch_builds/dual-hatch-debug-20260724/source/src/lib/opus-1.2.1/static_modes_float_arm_ne10.h"
b47a3a1257df,12473,2026-09-06,08_HISTORICAL_PACKAGES,"08_HISTORICAL_PACKAGES/2026-07-24_dual_hatch_builds/dual-hatch-debug-20260724/source/src/lib/opus-1.2.1/stereo_LR_to_MS.c"
af24277c7191,4871,2026-09-06,08_HISTORICAL_PACKAGES,"08_HISTORICAL_PACKAGES/2026-07-24_dual_hatch_builds/dual-hatch-debug-20260724/source/src/lib/opus-1.2.1/stereo_MS_to_LR.c"
b852fbd96ea3,3417,2026-09-06,08_HISTORICAL_PACKAGES,"08_HISTORICAL_PACKAGES/2026-07-24_dual_hatch_builds/dual-hatch-debug-20260724/source/src/lib/opus-1.2.1/stereo_decode_pred.c"
4634861dac77,2885,2026-09-06,08_HISTORICAL_PACKAGES,"08_HISTORICAL_PACKAGES/2026-07-24_dual_hatch_builds/dual-hatch-debug-20260724/source/src/lib/opus-1.2.1/stereo_encode_pred.c"
b77b33b43ab9,4374,2026-09-06,08_HISTORICAL_PACKAGES,"08_HISTORICAL_PACKAGES/2026-07-24_dual_hatch_builds/dual-hatch-debug-20260724/source/src/lib/opus-1.2.1/stereo_find_predictor.c"
8d1895de054a,3404,2026-09-06,08_HISTORICAL_PACKAGES,"08_HISTORICAL_PACKAGES/2026-07-24_dual_hatch_builds/dual-hatch-debug-20260724/source/src/lib/opus-1.2.1/stereo_quant_pred.c"
4f7173bc0400,21018,2026-09-06,08_HISTORICAL_PACKAGES,"08_HISTORICAL_PACKAGES/2026-07-24_dual_hatch_builds/dual-hatch-debug-20260724/source/src/lib/opus-1.2.1/structs.h"
a01a3611c279,5152,2026-09-06,08_HISTORICAL_PACKAGES,"08_HISTORICAL_PACKAGES/2026-07-24_dual_hatch_builds/dual-hatch-debug-20260724/source/src/lib/opus-1.2.1/structs_FIX.h"
710b83c92458,3790,2026-09-06,08_HISTORICAL_PACKAGES,"08_HISTORICAL_PACKAGES/2026-07-24_dual_hatch_builds/dual-hatch-debug-20260724/source/src/lib/opus-1.2.1/sum_sqr_shift.c"
9cae32dfdc4a,4191,2026-09-06,08_HISTORICAL_PACKAGES,"08_HISTORICAL_PACKAGES/2026-07-24_dual_hatch_builds/dual-hatch-debug-20260724/source/src/lib/opus-1.2.1/table_LSF_cos.c"
0e976672b3c9,7700,2026-09-06,08_HISTORICAL_PACKAGES,"08_HISTORICAL_PACKAGES/2026-07-24_dual_hatch_builds/dual-hatch-debug-20260724/source/src/lib/opus-1.2.1/tables.h"
95b4912701d4,7432,2026-09-06,08_HISTORICAL_PACKAGES,"08_HISTORICAL_PACKAGES/2026-07-24_dual_hatch_builds/dual-hatch-debug-20260724/source/src/lib/opus-1.2.1/tables_LTP.c"
94e49118901f,10785,2026-09-06,08_HISTORICAL_PACKAGES,"08_HISTORICAL_PACKAGES/2026-07-24_dual_hatch_builds/dual-hatch-debug-20260724/source/src/lib/opus-1.2.1/tables_NLSF_CB_NB_MB.c"
24a56112a6f6,14499,2026-09-06,08_HISTORICAL_PACKAGES,"08_HISTORICAL_PACKAGES/2026-07-24_dual_hatch_builds/dual-hatch-debug-20260724/source/src/lib/opus-1.2.1/tables_NLSF_CB_WB.c"
c91e247a6580,2519,2026-09-06,08_HISTORICAL_PACKAGES,"08_HISTORICAL_PACKAGES/2026-07-24_dual_hatch_builds/dual-hatch-debug-20260724/source/src/lib/opus-1.2.1/tables_gain.c"
1d8e66c52751,5445,2026-09-06,08_HISTORICAL_PACKAGES,"08_HISTORICAL_PACKAGES/2026-07-24_dual_hatch_builds/dual-hatch-debug-20260724/source/src/lib/opus-1.2.1/tables_other.c"
f504bbaf35a2,3068,2026-09-06,08_HISTORICAL_PACKAGES,"08_HISTORICAL_PACKAGES/2026-07-24_dual_hatch_builds/dual-hatch-debug-20260724/source/src/lib/opus-1.2.1/tables_pitch_lag.c"
2fb238cd3704,11423,2026-09-06,08_HISTORICAL_PACKAGES,"08_HISTORICAL_PACKAGES/2026-07-24_dual_hatch_builds/dual-hatch-debug-20260724/source/src/lib/opus-1.2.1/tables_pulses_per_block.c"
835fcdf08d5b,2304,2026-09-06,08_HISTORICAL_PACKAGES,"08_HISTORICAL_PACKAGES/2026-07-24_dual_hatch_builds/dual-hatch-debug-20260724/source/src/lib/opus-1.2.1/tansig_table.h"
752c03100137,6191,2026-09-06,08_HISTORICAL_PACKAGES,"08_HISTORICAL_PACKAGES/2026-07-24_dual_hatch_builds/dual-hatch-debug-20260724/source/src/lib/opus-1.2.1/tuning_parameters.h"
24e9365165de,3345,2026-09-06,08_HISTORICAL_PACKAGES,"08_HISTORICAL_PACKAGES/2026-07-24_dual_hatch_builds/dual-hatch-debug-20260724/source/src/lib/opus-1.2.1/typedef.h"
8aaf9937665d,4778,2026-09-06,08_HISTORICAL_PACKAGES,"08_HISTORICAL_PACKAGES/2026-07-24_dual_hatch_builds/dual-hatch-debug-20260724/source/src/lib/opus-1.2.1/vector_ops_FIX.c"
af23c4beaa6c,12850,2026-09-06,08_HISTORICAL_PACKAGES,"08_HISTORICAL_PACKAGES/2026-07-24_dual_hatch_builds/dual-hatch-debug-20260724/source/src/lib/opus-1.2.1/vq.c"
3664f207ab39,3175,2026-09-06,08_HISTORICAL_PACKAGES,"08_HISTORICAL_PACKAGES/2026-07-24_dual_hatch_builds/dual-hatch-debug-20260724/source/src/lib/opus-1.2.1/vq.h"
cd70ffc998d9,4656,2026-09-06,08_HISTORICAL_PACKAGES,"08_HISTORICAL_PACKAGES/2026-07-24_dual_hatch_builds/dual-hatch-debug-20260724/source/src/lib/opus-1.2.1/warped_autocorrelation_FIX.c"
887fcce747f7,6865,2026-09-06,08_HISTORICAL_PACKAGES,"08_HISTORICAL_PACKAGES/2026-07-24_dual_hatch_builds/dual-hatch-debug-20260724/source/src/main.c"
1d87a76e6324,7252,2026-09-06,08_HISTORICAL_PACKAGES,"08_HISTORICAL_PACKAGES/2026-07-24_dual_hatch_builds/dual-hatch-debug-20260724/source/src/mic.c"
05e099214f04,546,2026-09-06,08_HISTORICAL_PACKAGES,"08_HISTORICAL_PACKAGES/2026-07-24_dual_hatch_builds/dual-hatch-debug-20260724/source/src/mic.h"
deb6b01c9a85,674,2026-09-06,08_HISTORICAL_PACKAGES,"08_HISTORICAL_PACKAGES/2026-07-24_dual_hatch_builds/dual-hatch-debug-20260724/source/src/opus_packet_helpers.c"
d615b4b4cd2b,1365,2026-09-06,08_HISTORICAL_PACKAGES,"08_HISTORICAL_PACKAGES/2026-07-24_dual_hatch_builds/dual-hatch-debug-20260724/source/src/recovery_touch.c"
779beb34f98e,585,2026-09-06,08_HISTORICAL_PACKAGES,"08_HISTORICAL_PACKAGES/2026-07-24_dual_hatch_builds/dual-hatch-debug-20260724/source/src/recovery_touch.h"
6aa4b149e646,3596,2026-09-06,08_HISTORICAL_PACKAGES,"08_HISTORICAL_PACKAGES/2026-07-24_dual_hatch_builds/dual-hatch-debug-20260724/source/src/recovery_usb.c"
ad6399fac25a,136,2026-09-06,08_HISTORICAL_PACKAGES,"08_HISTORICAL_PACKAGES/2026-07-24_dual_hatch_builds/dual-hatch-debug-20260724/source/src/recovery_usb.h"
aa3b92adaeb9,42176,2026-09-06,08_HISTORICAL_PACKAGES,"08_HISTORICAL_PACKAGES/2026-07-24_dual_hatch_builds/dual-hatch-debug-20260724/source/src/transport.c"
661c98f78d35,274,2026-09-06,08_HISTORICAL_PACKAGES,"08_HISTORICAL_PACKAGES/2026-07-24_dual_hatch_builds/dual-hatch-debug-20260724/source/src/transport.h"
546ca7f31fa4,1653,2026-09-06,08_HISTORICAL_PACKAGES,"08_HISTORICAL_PACKAGES/2026-07-24_dual_hatch_builds/dual-hatch-debug-20260724/source/src/transport_safety.c"
e8a8ac7adaf2,724,2026-09-06,08_HISTORICAL_PACKAGES,"08_HISTORICAL_PACKAGES/2026-07-24_dual_hatch_builds/dual-hatch-debug-20260724/source/src/transport_safety.h"
87c01e3e4e12,1312,2026-09-06,08_HISTORICAL_PACKAGES,"08_HISTORICAL_PACKAGES/2026-07-24_dual_hatch_builds/dual-hatch-debug-20260724/source/src/utils.h"
d20975fe9a15,2383,2026-09-06,08_HISTORICAL_PACKAGES,"08_HISTORICAL_PACKAGES/2026-07-24_dual_hatch_builds/dual-hatch-debug-20260724/source/src/watchdog.c"
2ca1d7509dc4,3451,2026-09-06,08_HISTORICAL_PACKAGES,"08_HISTORICAL_PACKAGES/2026-07-24_dual_hatch_builds/dual-hatch-debug-20260724/source/src/watchdog.h"
582bc7c608ff,1463,2026-09-06,08_HISTORICAL_PACKAGES,"08_HISTORICAL_PACKAGES/2026-07-24_dual_hatch_builds/dual-hatch-debug-20260724/source/tests/recovery_touch_test.c"
a7f0147c9c6d,15169,2026-09-06,08_HISTORICAL_PACKAGES,"08_HISTORICAL_PACKAGES/2026-07-24_dual_hatch_builds/dual-hatch-rc-20260724/RC_BUILD_RECEIPT.json"
b767b56ed547,31003,2026-09-06,08_HISTORICAL_PACKAGES,"08_HISTORICAL_PACKAGES/2026-07-24_dual_hatch_builds/dual-hatch-rc-20260724/build.log"
77ee2d67df00,255585,2026-09-06,08_HISTORICAL_PACKAGES,"08_HISTORICAL_PACKAGES/2026-07-24_dual_hatch_builds/dual-hatch-rc-20260724/dfu/anticipy-dual-hatch-rc-nrf52-legacy-ota.zip"
99de0f5f219a,4530,2026-09-06,08_HISTORICAL_PACKAGES,"08_HISTORICAL_PACKAGES/2026-07-24_dual_hatch_builds/dual-hatch-rc-20260724/source/ANTICIPY_SOURCE_RECEIPT.json"
0c36c405b4fb,3097,2026-09-06,08_HISTORICAL_PACKAGES,"08_HISTORICAL_PACKAGES/2026-07-24_dual_hatch_builds/dual-hatch-rc-20260724/source/CMakeLists.txt"
95f59ea05788,5065,2026-09-06,08_HISTORICAL_PACKAGES,"08_HISTORICAL_PACKAGES/2026-07-24_dual_hatch_builds/dual-hatch-rc-20260724/source/DUAL_HATCH_RECEIPT.json"
df58d0dbef58,320,2026-09-06,08_HISTORICAL_PACKAGES,"08_HISTORICAL_PACKAGES/2026-07-24_dual_hatch_builds/dual-hatch-rc-20260724/source/Kconfig"
5c6d4987e910,1298,2026-09-06,08_HISTORICAL_PACKAGES,"08_HISTORICAL_PACKAGES/2026-07-24_dual_hatch_builds/dual-hatch-rc-20260724/source/README.rst"
0e93af1fb8b3,1024,2026-09-06,08_HISTORICAL_PACKAGES,"08_HISTORICAL_PACKAGES/2026-07-24_dual_hatch_builds/dual-hatch-rc-20260724/source/STALE_RECEIPTS_README.md"
e3b0c44298fc,0,2026-09-06,08_HISTORICAL_PACKAGES,"08_HISTORICAL_PACKAGES/2026-07-24_dual_hatch_builds/dual-hatch-rc-20260724/source/boards/.gitkeep"
ca447461f063,111,2026-09-06,08_HISTORICAL_PACKAGES,"08_HISTORICAL_PACKAGES/2026-07-24_dual_hatch_builds/dual-hatch-rc-20260724/source/overlay/xiao_ble_sense_devkitv2-adafruit_module.overlay"
b4e9be5e1efc,8317,2026-09-06,08_HISTORICAL_PACKAGES,"08_HISTORICAL_PACKAGES/2026-07-24_dual_hatch_builds/dual-hatch-rc-20260724/source/prj_xiao_ble_sense_devkitv2-adafruit.conf"
94cde0ff8096,901,2026-09-06,08_HISTORICAL_PACKAGES,"08_HISTORICAL_PACKAGES/2026-07-24_dual_hatch_builds/dual-hatch-rc-20260724/source/src/battery_math.c"
d708462f6145,290,2026-09-06,08_HISTORICAL_PACKAGES,"08_HISTORICAL_PACKAGES/2026-07-24_dual_hatch_builds/dual-hatch-rc-20260724/source/src/battery_math.h"
2da61a90c2df,1462,2026-09-06,08_HISTORICAL_PACKAGES,"08_HISTORICAL_PACKAGES/2026-07-24_dual_hatch_builds/dual-hatch-rc-20260724/source/src/battery_smoother.c"
2bbdb095355f,427,2026-09-06,08_HISTORICAL_PACKAGES,"08_HISTORICAL_PACKAGES/2026-07-24_dual_hatch_builds/dual-hatch-rc-20260724/source/src/battery_smoother.h"
5423aad81f8d,7892,2026-09-06,08_HISTORICAL_PACKAGES,"08_HISTORICAL_PACKAGES/2026-07-24_dual_hatch_builds/dual-hatch-rc-20260724/source/src/codec.c"
9e7fa798c306,400,2026-09-06,08_HISTORICAL_PACKAGES,"08_HISTORICAL_PACKAGES/2026-07-24_dual_hatch_builds/dual-hatch-rc-20260724/source/src/codec.h"
2757eac00494,1161,2026-09-06,08_HISTORICAL_PACKAGES,"08_HISTORICAL_PACKAGES/2026-07-24_dual_hatch_builds/dual-hatch-rc-20260724/source/src/config.h"
6141f99c80ae,795,2026-09-06,08_HISTORICAL_PACKAGES,"08_HISTORICAL_PACKAGES/2026-07-24_dual_hatch_builds/dual-hatch-rc-20260724/source/src/led.c"
5c8e06f7521f,581,2026-09-06,08_HISTORICAL_PACKAGES,"08_HISTORICAL_PACKAGES/2026-07-24_dual_hatch_builds/dual-hatch-rc-20260724/source/src/led.h"
ba119eae5998,7742,2026-09-06,08_HISTORICAL_PACKAGES,"08_HISTORICAL_PACKAGES/2026-07-24_dual_hatch_builds/dual-hatch-rc-20260724/source/src/lib/battery/battery.c"
73339fbd44a8,2208,2026-09-06,08_HISTORICAL_PACKAGES,"08_HISTORICAL_PACKAGES/2026-07-24_dual_hatch_builds/dual-hatch-rc-20260724/source/src/lib/battery/battery.h"
8552687904b2,10759,2026-09-06,08_HISTORICAL_PACKAGES,"08_HISTORICAL_PACKAGES/2026-07-24_dual_hatch_builds/dual-hatch-rc-20260724/source/src/lib/opus-1.2.1/A2NLSF.c"
cc4d2169dddb,7175,2026-09-06,08_HISTORICAL_PACKAGES,"08_HISTORICAL_PACKAGES/2026-07-24_dual_hatch_builds/dual-hatch-rc-20260724/source/src/lib/opus-1.2.1/API.h"
eb8c9901f2a3,9599,2026-09-06,08_HISTORICAL_PACKAGES,"08_HISTORICAL_PACKAGES/2026-07-24_dual_hatch_builds/dual-hatch-rc-20260724/source/src/lib/opus-1.2.1/CNG.c"
e528fcf0eebc,3989,2026-09-06,08_HISTORICAL_PACKAGES,"08_HISTORICAL_PACKAGES/2026-07-24_dual_hatch_builds/dual-hatch-rc-20260724/source/src/lib/opus-1.2.1/HP_variable_cutoff.c"
d8d637375bd1,7314,2026-09-06,08_HISTORICAL_PACKAGES,"08_HISTORICAL_PACKAGES/2026-07-24_dual_hatch_builds/dual-hatch-rc-20260724/source/src/lib/opus-1.2.1/Inlines.h"
f15ac8e1d21d,5015,2026-09-06,08_HISTORICAL_PACKAGES,"08_HISTORICAL_PACKAGES/2026-07-24_dual_hatch_builds/dual-hatch-rc-20260724/source/src/lib/opus-1.2.1/LPC_analysis_filter.c"
c24418dfdcd9,3957,2026-09-06,08_HISTORICAL_PACKAGES,"08_HISTORICAL_PACKAGES/2026-07-24_dual_hatch_builds/dual-hatch-rc-20260724/source/src/lib/opus-1.2.1/LPC_fit.c"
c2cc22922cd3,6161,2026-09-06,08_HISTORICAL_PACKAGES,"08_HISTORICAL_PACKAGES/2026-07-24_dual_hatch_builds/dual-hatch-rc-20260724/source/src/lib/opus-1.2.1/LPC_inv_pred_gain.c"
e17cec3098ec,6552,2026-09-06,08_HISTORICAL_PACKAGES,"08_HISTORICAL_PACKAGES/2026-07-24_dual_hatch_builds/dual-hatch-rc-20260724/source/src/lib/opus-1.2.1/LP_variable_cutoff.c"
e57c94e63891,4730,2026-09-06,08_HISTORICAL_PACKAGES,"08_HISTORICAL_PACKAGES/2026-07-24_dual_hatch_builds/dual-hatch-rc-20260724/source/src/lib/opus-1.2.1/LTP_analysis_filter_FIX.c"
d2b8a417bcad,2877,2026-09-06,08_HISTORICAL_PACKAGES,"08_HISTORICAL_PACKAGES/2026-07-24_dual_hatch_builds/dual-hatch-rc-20260724/source/src/lib/opus-1.2.1/LTP_scale_ctrl_FIX.c"
58441b221c2f,20764,2026-09-06,08_HISTORICAL_PACKAGES,"08_HISTORICAL_PACKAGES/2026-07-24_dual_hatch_builds/dual-hatch-rc-20260724/source/src/lib/opus-1.2.1/MacroCount.h"
7af465e3a640,33528,2026-09-06,08_HISTORICAL_PACKAGES,"08_HISTORICAL_PACKAGES/2026-07-24_dual_hatch_builds/dual-hatch-rc-20260724/source/src/lib/opus-1.2.1/MacroDebug.h"
89cf63c26906,6362,2026-09-06,08_HISTORICAL_PACKAGES,"08_HISTORICAL_PACKAGES/2026-07-24_dual_hatch_builds/dual-hatch-rc-20260724/source/src/lib/opus-1.2.1/NLSF2A.c"
d2742ac1f6cb,3975,2026-09-06,08_HISTORICAL_PACKAGES,"08_HISTORICAL_PACKAGES/2026-07-24_dual_hatch_builds/dual-hatch-rc-20260724/source/src/lib/opus-1.2.1/NLSF_VQ.c"
975b062a6bbd,3937,2026-09-06,08_HISTORICAL_PACKAGES,"08_HISTORICAL_PACKAGES/2026-07-24_dual_hatch_builds/dual-hatch-rc-20260724/source/src/lib/opus-1.2.1/NLSF_VQ_weights_laroia.c"
3d723c92896d,4766,2026-09-06,08_HISTORICAL_PACKAGES,"08_HISTORICAL_PACKAGES/2026-07-24_dual_hatch_builds/dual-hatch-rc-20260724/source/src/lib/opus-1.2.1/NLSF_decode.c"
3d045d2d5931,11896,2026-09-06,08_HISTORICAL_PACKAGES,"08_HISTORICAL_PACKAGES/2026-07-24_dual_hatch_builds/dual-hatch-rc-20260724/source/src/lib/opus-1.2.1/NLSF_del_dec_quant.c"
5fba9bb8dc77,6129,2026-09-06,08_HISTORICAL_PACKAGES,"08_HISTORICAL_PACKAGES/2026-07-24_dual_hatch_builds/dual-hatch-rc-20260724/source/src/lib/opus-1.2.1/NLSF_encode.c"
14c69720cd90,6347,2026-09-06,08_HISTORICAL_PACKAGES,"08_HISTORICAL_PACKAGES/2026-07-24_dual_hatch_builds/dual-hatch-rc-20260724/source/src/lib/opus-1.2.1/NLSF_stabilize.c"
e94e9519bb38,2949,2026-09-06,08_HISTORICAL_PACKAGES,"08_HISTORICAL_PACKAGES/2026-07-24_dual_hatch_builds/dual-hatch-rc-20260724/source/src/lib/opus-1.2.1/NLSF_unpack.c"
473b46b62b04,22787,2026-09-06,08_HISTORICAL_PACKAGES,"08_HISTORICAL_PACKAGES/2026-07-24_dual_hatch_builds/dual-hatch-rc-20260724/source/src/lib/opus-1.2.1/NSQ.c"
7ef6eec66064,4288,2026-09-06,08_HISTORICAL_PACKAGES,"08_HISTORICAL_PACKAGES/2026-07-24_dual_hatch_builds/dual-hatch-rc-20260724/source/src/lib/opus-1.2.1/NSQ.h"
1e66080620da,39434,2026-09-06,08_HISTORICAL_PACKAGES,"08_HISTORICAL_PACKAGES/2026-07-24_dual_hatch_builds/dual-hatch-rc-20260724/source/src/lib/opus-1.2.1/NSQ_del_dec.c"
fefb38726ec0,20451,2026-09-06,08_HISTORICAL_PACKAGES,"08_HISTORICAL_PACKAGES/2026-07-24_dual_hatch_builds/dual-hatch-rc-20260724/source/src/lib/opus-1.2.1/PLC.c"
f67f0d84ddae,3261,2026-09-06,08_HISTORICAL_PACKAGES,"08_HISTORICAL_PACKAGES/2026-07-24_dual_hatch_builds/dual-hatch-rc-20260724/source/src/lib/opus-1.2.1/PLC.h"
1484eb810598,39242,2026-09-06,08_HISTORICAL_PACKAGES,"08_HISTORICAL_PACKAGES/2026-07-24_dual_hatch_builds/dual-hatch-rc-20260724/source/src/lib/opus-1.2.1/SigProc_FIX.h"
3ab5d7cc2839,15042,2026-09-06,08_HISTORICAL_PACKAGES,"08_HISTORICAL_PACKAGES/2026-07-24_dual_hatch_builds/dual-hatch-rc-20260724/source/src/lib/opus-1.2.1/VAD.c"
4d6e893e1b7b,7138,2026-09-06,08_HISTORICAL_PACKAGES,"08_HISTORICAL_PACKAGES/2026-07-24_dual_hatch_builds/dual-hatch-rc-20260724/source/src/lib/opus-1.2.1/VQ_WMat_EC.c"
b36149a0a4bb,5935,2026-09-06,08_HISTORICAL_PACKAGES,"08_HISTORICAL_PACKAGES/2026-07-24_dual_hatch_builds/dual-hatch-rc-20260724/source/src/lib/opus-1.2.1/_kiss_fft_guts.h"
d277973dbada,3770,2026-09-06,08_HISTORICAL_PACKAGES,"08_HISTORICAL_PACKAGES/2026-07-24_dual_hatch_builds/dual-hatch-rc-20260724/source/src/lib/opus-1.2.1/ana_filt_bank_1.c"
063d73e0755d,36054,2026-09-06,08_HISTORICAL_PACKAGES,"08_HISTORICAL_PACKAGES/2026-07-24_dual_hatch_builds/dual-hatch-rc-20260724/source/src/lib/opus-1.2.1/analysis.c"
c862ac10d4ea,4080,2026-09-06,08_HISTORICAL_PACKAGES,"08_HISTORICAL_PACKAGES/2026-07-24_dual_hatch_builds/dual-hatch-rc-20260724/source/src/lib/opus-1.2.1/analysis.h"
58c5b569dc7c,4921,2026-09-06,08_HISTORICAL_PACKAGES,"08_HISTORICAL_PACKAGES/2026-07-24_dual_hatch_builds/dual-hatch-rc-20260724/source/src/lib/opus-1.2.1/apply_sine_window_FIX.c"
7d2609cf4ce8,7778,2026-09-06,08_HISTORICAL_PACKAGES,"08_HISTORICAL_PACKAGES/2026-07-24_dual_hatch_builds/dual-hatch-rc-20260724/source/src/lib/opus-1.2.1/arch.h"
53b3e0024db7,3234,2026-09-06,08_HISTORICAL_PACKAGES,"08_HISTORICAL_PACKAGES/2026-07-24_dual_hatch_builds/dual-hatch-rc-20260724/source/src/lib/opus-1.2.1/arm/LPC_inv_pred_gain_arm.h"
61d2709dca89,5477,2026-09-06,08_HISTORICAL_PACKAGES,"08_HISTORICAL_PACKAGES/2026-07-24_dual_hatch_builds/dual-hatch-rc-20260724/source/src/lib/opus-1.2.1/arm/NSQ_del_dec_arm.h"
7582f536ee38,2254,2026-09-06,08_HISTORICAL_PACKAGES,"08_HISTORICAL_PACKAGES/2026-07-24_dual_hatch_builds/dual-hatch-rc-20260724/source/src/lib/opus-1.2.1/arm/SigProc_FIX_armv4.h"
75645e689c04,2765,2026-09-06,08_HISTORICAL_PACKAGES,"08_HISTORICAL_PACKAGES/2026-07-24_dual_hatch_builds/dual-hatch-rc-20260724/source/src/lib/opus-1.2.1/arm/SigProc_FIX_armv5e.h"
c6b803609ea3,2481,2026-09-06,08_HISTORICAL_PACKAGES,"08_HISTORICAL_PACKAGES/2026-07-24_dual_hatch_builds/dual-hatch-rc-20260724/source/src/lib/opus-1.2.1/arm/armcpu.h"
aeb87daec248,4421,2026-09-06,08_HISTORICAL_PACKAGES,"08_HISTORICAL_PACKAGES/2026-07-24_dual_hatch_builds/dual-hatch-rc-20260724/source/src/lib/opus-1.2.1/arm/biquad_alt_arm.h"
049a413aa633,14065,2026-09-06,08_HISTORICAL_PACKAGES,"08_HISTORICAL_PACKAGES/2026-07-24_dual_hatch_builds/dual-hatch-rc-20260724/source/src/lib/opus-1.2.1/arm/celt_pitch_xcorr_arm_gcc.s"
420dc0ff08d7,13699,2026-09-06,08_HISTORICAL_PACKAGES,"08_HISTORICAL_PACKAGES/2026-07-24_dual_hatch_builds/dual-hatch-rc-20260724/source/src/lib/opus-1.2.1/arm/celt_pitch_xcorr_arm_iar.s"
af2127640e4a,13247,2026-09-06,08_HISTORICAL_PACKAGES,"08_HISTORICAL_PACKAGES/2026-07-24_dual_hatch_builds/dual-hatch-rc-20260724/source/src/lib/opus-1.2.1/arm/celt_pitch_xcorr_arm_keil.s"
84c83aaed010,3445,2026-09-06,08_HISTORICAL_PACKAGES,"08_HISTORICAL_PACKAGES/2026-07-24_dual_hatch_builds/dual-hatch-rc-20260724/source/src/lib/opus-1.2.1/arm/fixed_armv4.h"
2ea12bc025f7,5628,2026-09-06,08_HISTORICAL_PACKAGES,"08_HISTORICAL_PACKAGES/2026-07-24_dual_hatch_builds/dual-hatch-rc-20260724/source/src/lib/opus-1.2.1/arm/fixed_armv5e.h"
6e41b8f62c4d,4660,2026-09-06,08_HISTORICAL_PACKAGES,"08_HISTORICAL_PACKAGES/2026-07-24_dual_hatch_builds/dual-hatch-rc-20260724/source/src/lib/opus-1.2.1/arm/kiss_fft_armv4.h"
104a476f9ab3,6494,2026-09-06,08_HISTORICAL_PACKAGES,"08_HISTORICAL_PACKAGES/2026-07-24_dual_hatch_builds/dual-hatch-rc-20260724/source/src/lib/opus-1.2.1/arm/kiss_fft_armv5e.h"
a6418f0d3424,4734,2026-09-06,08_HISTORICAL_PACKAGES,"08_HISTORICAL_PACKAGES/2026-07-24_dual_hatch_builds/dual-hatch-rc-20260724/source/src/lib/opus-1.2.1/arm/macros_armv4.h"
93c8673dcf54,8482,2026-09-06,08_HISTORICAL_PACKAGES,"08_HISTORICAL_PACKAGES/2026-07-24_dual_hatch_builds/dual-hatch-rc-20260724/source/src/lib/opus-1.2.1/arm/macros_armv5e.h"
beaecb333350,6436,2026-09-06,08_HISTORICAL_PACKAGES,"08_HISTORICAL_PACKAGES/2026-07-24_dual_hatch_builds/dual-hatch-rc-20260724/source/src/lib/opus-1.2.1/arm/pitch_arm.h"
fc57330ccb4f,4264,2026-09-06,08_HISTORICAL_PACKAGES,"08_HISTORICAL_PACKAGES/2026-07-24_dual_hatch_builds/dual-hatch-rc-20260724/source/src/lib/opus-1.2.1/arm/warped_autocorrelation_FIX_arm.h"
16aceb2d3d8a,2725,2026-09-06,08_HISTORICAL_PACKAGES,"08_HISTORICAL_PACKAGES/2026-07-24_dual_hatch_builds/dual-hatch-rc-20260724/source/src/lib/opus-1.2.1/autocorr_FIX.c"
b3bb71c4598d,51184,2026-09-06,08_HISTORICAL_PACKAGES,"08_HISTORICAL_PACKAGES/2026-07-24_dual_hatch_builds/dual-hatch-rc-20260724/source/src/lib/opus-1.2.1/bands.c"
571d86a58491,5417,2026-09-06,08_HISTORICAL_PACKAGES,"08_HISTORICAL_PACKAGES/2026-07-24_dual_hatch_builds/dual-hatch-rc-20260724/source/src/lib/opus-1.2.1/bands.h"
cab5911f028e,6886,2026-09-06,08_HISTORICAL_PACKAGES,"08_HISTORICAL_PACKAGES/2026-07-24_dual_hatch_builds/dual-hatch-rc-20260724/source/src/lib/opus-1.2.1/biquad_alt.c"
65e4117e6a2c,16792,2026-09-06,08_HISTORICAL_PACKAGES,"08_HISTORICAL_PACKAGES/2026-07-24_dual_hatch_builds/dual-hatch-rc-20260724/source/src/lib/opus-1.2.1/burg_modified_FIX.c"
f01c2e6752d8,2760,2026-09-06,08_HISTORICAL_PACKAGES,"08_HISTORICAL_PACKAGES/2026-07-24_dual_hatch_builds/dual-hatch-rc-20260724/source/src/lib/opus-1.2.1/bwexpander.c"
81ae3a2a4fa9,2490,2026-09-06,08_HISTORICAL_PACKAGES,"08_HISTORICAL_PACKAGES/2026-07-24_dual_hatch_builds/dual-hatch-rc-20260724/source/src/lib/opus-1.2.1/bwexpander_32.c"
5a6ccbc8e3d8,9107,2026-09-06,08_HISTORICAL_PACKAGES,"08_HISTORICAL_PACKAGES/2026-07-24_dual_hatch_builds/dual-hatch-rc-20260724/source/src/lib/opus-1.2.1/celt.c"
92868264a9e2,7812,2026-09-06,08_HISTORICAL_PACKAGES,"08_HISTORICAL_PACKAGES/2026-07-24_dual_hatch_builds/dual-hatch-rc-20260724/source/src/lib/opus-1.2.1/celt.h"
07d1e12d0baa,41237,2026-09-06,08_HISTORICAL_PACKAGES,"08_HISTORICAL_PACKAGES/2026-07-24_dual_hatch_builds/dual-hatch-rc-20260724/source/src/lib/opus-1.2.1/celt_decoder.c"
7893e9e91088,82045,2026-09-06,08_HISTORICAL_PACKAGES,"08_HISTORICAL_PACKAGES/2026-07-24_dual_hatch_builds/dual-hatch-rc-20260724/source/src/lib/opus-1.2.1/celt_encoder.c"
75364dace691,7996,2026-09-06,08_HISTORICAL_PACKAGES,"08_HISTORICAL_PACKAGES/2026-07-24_dual_hatch_builds/dual-hatch-rc-20260724/source/src/lib/opus-1.2.1/celt_lpc.c"
84f34c883133,2221,2026-09-06,08_HISTORICAL_PACKAGES,"08_HISTORICAL_PACKAGES/2026-07-24_dual_hatch_builds/dual-hatch-rc-20260724/source/src/lib/opus-1.2.1/celt_lpc.h"
f01ebcb1b221,4939,2026-09-06,08_HISTORICAL_PACKAGES,"08_HISTORICAL_PACKAGES/2026-07-24_dual_hatch_builds/dual-hatch-rc-20260724/source/src/lib/opus-1.2.1/check_control_input.c"
becd3134a77e,5554,2026-09-06,08_HISTORICAL_PACKAGES,"08_HISTORICAL_PACKAGES/2026-07-24_dual_hatch_builds/dual-hatch-rc-20260724/source/src/lib/opus-1.2.1/code_signs.c"
21847e9acd78,2723,2026-09-06,08_HISTORICAL_PACKAGES,"08_HISTORICAL_PACKAGES/2026-07-24_dual_hatch_builds/dual-hatch-rc-20260724/source/src/lib/opus-1.2.1/config.h"
9c63ee1b8a46,6165,2026-09-06,08_HISTORICAL_PACKAGES,"08_HISTORICAL_PACKAGES/2026-07-24_dual_hatch_builds/dual-hatch-rc-20260724/source/src/lib/opus-1.2.1/control.h"
d82dbf53b207,3407,2026-09-06,08_HISTORICAL_PACKAGES,"08_HISTORICAL_PACKAGES/2026-07-24_dual_hatch_builds/dual-hatch-rc-20260724/source/src/lib/opus-1.2.1/control_SNR.c"
3567b33e96da,5712,2026-09-06,08_HISTORICAL_PACKAGES,"08_HISTORICAL_PACKAGES/2026-07-24_dual_hatch_builds/dual-hatch-rc-20260724/source/src/lib/opus-1.2.1/control_audio_bandwidth.c"
81bb138d8471,20591,2026-09-06,08_HISTORICAL_PACKAGES,"08_HISTORICAL_PACKAGES/2026-07-24_dual_hatch_builds/dual-hatch-rc-20260724/source/src/lib/opus-1.2.1/control_codec.c"
dc73a44c5a98,8335,2026-09-06,08_HISTORICAL_PACKAGES,"08_HISTORICAL_PACKAGES/2026-07-24_dual_hatch_builds/dual-hatch-rc-20260724/source/src/lib/opus-1.2.1/corrMatrix_FIX.c"
36a4b37807a8,2372,2026-09-06,08_HISTORICAL_PACKAGES,"08_HISTORICAL_PACKAGES/2026-07-24_dual_hatch_builds/dual-hatch-rc-20260724/source/src/lib/opus-1.2.1/cpu_support.h"
aefb978dc715,28257,2026-09-06,08_HISTORICAL_PACKAGES,"08_HISTORICAL_PACKAGES/2026-07-24_dual_hatch_builds/dual-hatch-rc-20260724/source/src/lib/opus-1.2.1/cwrs.c"
7705be67d58e,1885,2026-09-06,08_HISTORICAL_PACKAGES,"08_HISTORICAL_PACKAGES/2026-07-24_dual_hatch_builds/dual-hatch-rc-20260724/source/src/lib/opus-1.2.1/cwrs.h"
face052ec8cb,6849,2026-09-06,08_HISTORICAL_PACKAGES,"08_HISTORICAL_PACKAGES/2026-07-24_dual_hatch_builds/dual-hatch-rc-20260724/source/src/lib/opus-1.2.1/debug.c"
071907a9dc3e,12960,2026-09-06,08_HISTORICAL_PACKAGES,"08_HISTORICAL_PACKAGES/2026-07-24_dual_hatch_builds/dual-hatch-rc-20260724/source/src/lib/opus-1.2.1/debug.h"
a15a863439a4,19853,2026-09-06,08_HISTORICAL_PACKAGES,"08_HISTORICAL_PACKAGES/2026-07-24_dual_hatch_builds/dual-hatch-rc-20260724/source/src/lib/opus-1.2.1/dec_API.c"
a93b22fc6497,11900,2026-09-06,08_HISTORICAL_PACKAGES,"08_HISTORICAL_PACKAGES/2026-07-24_dual_hatch_builds/dual-hatch-rc-20260724/source/src/lib/opus-1.2.1/decode_core.c"
9813390d7d67,6152,2026-09-06,08_HISTORICAL_PACKAGES,"08_HISTORICAL_PACKAGES/2026-07-24_dual_hatch_builds/dual-hatch-rc-20260724/source/src/lib/opus-1.2.1/decode_frame.c"
9371600217e3,7246,2026-09-06,08_HISTORICAL_PACKAGES,"08_HISTORICAL_PACKAGES/2026-07-24_dual_hatch_builds/dual-hatch-rc-20260724/source/src/lib/opus-1.2.1/decode_indices.c"
d86e43fd07b7,5527,2026-09-06,08_HISTORICAL_PACKAGES,"08_HISTORICAL_PACKAGES/2026-07-24_dual_hatch_builds/dual-hatch-rc-20260724/source/src/lib/opus-1.2.1/decode_parameters.c"
6b1de5dd4d14,3717,2026-09-06,08_HISTORICAL_PACKAGES,"08_HISTORICAL_PACKAGES/2026-07-24_dual_hatch_builds/dual-hatch-rc-20260724/source/src/lib/opus-1.2.1/decode_pitch.c"
efaba90323d2,5598,2026-09-06,08_HISTORICAL_PACKAGES,"08_HISTORICAL_PACKAGES/2026-07-24_dual_hatch_builds/dual-hatch-rc-20260724/source/src/lib/opus-1.2.1/decode_pulses.c"
5befab6798ef,4968,2026-09-06,08_HISTORICAL_PACKAGES,"08_HISTORICAL_PACKAGES/2026-07-24_dual_hatch_builds/dual-hatch-rc-20260724/source/src/lib/opus-1.2.1/decoder_set_fs.c"
7c8386374b31,9707,2026-09-06,08_HISTORICAL_PACKAGES,"08_HISTORICAL_PACKAGES/2026-07-24_dual_hatch_builds/dual-hatch-rc-20260724/source/src/lib/opus-1.2.1/define.h"
a334f1ead35b,3749,2026-09-06,08_HISTORICAL_PACKAGES,"08_HISTORICAL_PACKAGES/2026-07-24_dual_hatch_builds/dual-hatch-rc-20260724/source/src/lib/opus-1.2.1/ecintrin.h"
8f161e5f1953,31946,2026-09-06,08_HISTORICAL_PACKAGES,"08_HISTORICAL_PACKAGES/2026-07-24_dual_hatch_builds/dual-hatch-rc-20260724/source/src/lib/opus-1.2.1/enc_API.c"
f340e1a4f4cd,23458,2026-09-06,08_HISTORICAL_PACKAGES,"08_HISTORICAL_PACKAGES/2026-07-24_dual_hatch_builds/dual-hatch-rc-20260724/source/src/lib/opus-1.2.1/encode_frame_FIX.c"
f5320210d7e9,9360,2026-09-06,08_HISTORICAL_PACKAGES,"08_HISTORICAL_PACKAGES/2026-07-24_dual_hatch_builds/dual-hatch-rc-20260724/source/src/lib/opus-1.2.1/encode_indices.c"
dc0acb54b36c,8839,2026-09-06,08_HISTORICAL_PACKAGES,"08_HISTORICAL_PACKAGES/2026-07-24_dual_hatch_builds/dual-hatch-rc-20260724/source/src/lib/opus-1.2.1/encode_pulses.c"
fb52778fb752,5700,2026-09-06,08_HISTORICAL_PACKAGES,"08_HISTORICAL_PACKAGES/2026-07-24_dual_hatch_builds/dual-hatch-rc-20260724/source/src/lib/opus-1.2.1/entcode.c"
af64d2ac226e,5414,2026-09-06,08_HISTORICAL_PACKAGES,"08_HISTORICAL_PACKAGES/2026-07-24_dual_hatch_builds/dual-hatch-rc-20260724/source/src/lib/opus-1.2.1/entcode.h"
0b0542909f1b,8016,2026-09-06,08_HISTORICAL_PACKAGES,"08_HISTORICAL_PACKAGES/2026-07-24_dual_hatch_builds/dual-hatch-rc-20260724/source/src/lib/opus-1.2.1/entdec.c"
c1be6eaefef0,4835,2026-09-06,08_HISTORICAL_PACKAGES,"08_HISTORICAL_PACKAGES/2026-07-24_dual_hatch_builds/dual-hatch-rc-20260724/source/src/lib/opus-1.2.1/entdec.h"
c6d8287d6d09,9561,2026-09-06,08_HISTORICAL_PACKAGES,"08_HISTORICAL_PACKAGES/2026-07-24_dual_hatch_builds/dual-hatch-rc-20260724/source/src/lib/opus-1.2.1/entenc.c"
6c56e4803119,5427,2026-09-06,08_HISTORICAL_PACKAGES,"08_HISTORICAL_PACKAGES/2026-07-24_dual_hatch_builds/dual-hatch-rc-20260724/source/src/lib/opus-1.2.1/entenc.h"
3bbf21416af6,3640,2026-09-06,08_HISTORICAL_PACKAGES,"08_HISTORICAL_PACKAGES/2026-07-24_dual_hatch_builds/dual-hatch-rc-20260724/source/src/lib/opus-1.2.1/errors.h"
4b92d7ab9833,7361,2026-09-06,08_HISTORICAL_PACKAGES,"08_HISTORICAL_PACKAGES/2026-07-24_dual_hatch_builds/dual-hatch-rc-20260724/source/src/lib/opus-1.2.1/find_LPC_FIX.c"
3d3e6eb73870,5422,2026-09-06,08_HISTORICAL_PACKAGES,"08_HISTORICAL_PACKAGES/2026-07-24_dual_hatch_builds/dual-hatch-rc-20260724/source/src/lib/opus-1.2.1/find_LTP_FIX.c"
328294c9916f,7330,2026-09-06,08_HISTORICAL_PACKAGES,"08_HISTORICAL_PACKAGES/2026-07-24_dual_hatch_builds/dual-hatch-rc-20260724/source/src/lib/opus-1.2.1/find_pitch_lags_FIX.c"
3b9343a2d841,7543,2026-09-06,08_HISTORICAL_PACKAGES,"08_HISTORICAL_PACKAGES/2026-07-24_dual_hatch_builds/dual-hatch-rc-20260724/source/src/lib/opus-1.2.1/find_pred_coefs_FIX.c"
f21919139e0e,21206,2026-09-06,08_HISTORICAL_PACKAGES,"08_HISTORICAL_PACKAGES/2026-07-24_dual_hatch_builds/dual-hatch-rc-20260724/source/src/lib/opus-1.2.1/fixed_debug.h"
7c820d7e19f4,7953,2026-09-06,08_HISTORICAL_PACKAGES,"08_HISTORICAL_PACKAGES/2026-07-24_dual_hatch_builds/dual-hatch-rc-20260724/source/src/lib/opus-1.2.1/fixed_generic.h"
019f8ec97b5f,5001,2026-09-06,08_HISTORICAL_PACKAGES,"08_HISTORICAL_PACKAGES/2026-07-24_dual_hatch_builds/dual-hatch-rc-20260724/source/src/lib/opus-1.2.1/float_cast.h"
070223b7a209,6928,2026-09-06,08_HISTORICAL_PACKAGES,"08_HISTORICAL_PACKAGES/2026-07-24_dual_hatch_builds/dual-hatch-rc-20260724/source/src/lib/opus-1.2.1/gain_quant.c"
b89c51b04b8d,2366,2026-09-06,08_HISTORICAL_PACKAGES,"08_HISTORICAL_PACKAGES/2026-07-24_dual_hatch_builds/dual-hatch-rc-20260724/source/src/lib/opus-1.2.1/init_decoder.c"
713097da7082,2877,2026-09-06,08_HISTORICAL_PACKAGES,"08_HISTORICAL_PACKAGES/2026-07-24_dual_hatch_builds/dual-hatch-rc-20260724/source/src/lib/opus-1.2.1/init_encoder.c"
11356406441d,2451,2026-09-06,08_HISTORICAL_PACKAGES,"08_HISTORICAL_PACKAGES/2026-07-24_dual_hatch_builds/dual-hatch-rc-20260724/source/src/lib/opus-1.2.1/inner_prod_aligned.c"
7ca78007663a,2601,2026-09-06,08_HISTORICAL_PACKAGES,"08_HISTORICAL_PACKAGES/2026-07-24_dual_hatch_builds/dual-hatch-rc-20260724/source/src/lib/opus-1.2.1/interpolate.c"
0dbe9b0849be,2675,2026-09-06,08_HISTORICAL_PACKAGES,"08_HISTORICAL_PACKAGES/2026-07-24_dual_hatch_builds/dual-hatch-rc-20260724/source/src/lib/opus-1.2.1/k2a_FIX.c"
22f0dcde79d7,2622,2026-09-06,08_HISTORICAL_PACKAGES,"08_HISTORICAL_PACKAGES/2026-07-24_dual_hatch_builds/dual-hatch-rc-20260724/source/src/lib/opus-1.2.1/k2a_Q16_FIX.c"
badf5056eb5e,17003,2026-09-06,08_HISTORICAL_PACKAGES,"08_HISTORICAL_PACKAGES/2026-07-24_dual_hatch_builds/dual-hatch-rc-20260724/source/src/lib/opus-1.2.1/kiss_fft.c"
6ad018d5223c,6295,2026-09-06,08_HISTORICAL_PACKAGES,"08_HISTORICAL_PACKAGES/2026-07-24_dual_hatch_builds/dual-hatch-rc-20260724/source/src/lib/opus-1.2.1/kiss_fft.h"
a46d602528d7,4022,2026-09-06,08_HISTORICAL_PACKAGES,"08_HISTORICAL_PACKAGES/2026-07-24_dual_hatch_builds/dual-hatch-rc-20260724/source/src/lib/opus-1.2.1/laplace.c"
cb3ddf5ee52f,2142,2026-09-06,08_HISTORICAL_PACKAGES,"08_HISTORICAL_PACKAGES/2026-07-24_dual_hatch_builds/dual-hatch-rc-20260724/source/src/lib/opus-1.2.1/laplace.h"
707db4165541,2220,2026-09-06,08_HISTORICAL_PACKAGES,"08_HISTORICAL_PACKAGES/2026-07-24_dual_hatch_builds/dual-hatch-rc-20260724/source/src/lib/opus-1.2.1/lin2log.c"
4ce500b6b3ae,2636,2026-09-06,08_HISTORICAL_PACKAGES,"08_HISTORICAL_PACKAGES/2026-07-24_dual_hatch_builds/dual-hatch-rc-20260724/source/src/lib/opus-1.2.1/log2lin.c"
ea2a68f2cf06,6420,2026-09-06,08_HISTORICAL_PACKAGES,"08_HISTORICAL_PACKAGES/2026-07-24_dual_hatch_builds/dual-hatch-rc-20260724/source/src/lib/opus-1.2.1/macros.h"
3d00d22a00e7,32680,2026-09-06,08_HISTORICAL_PACKAGES,"08_HISTORICAL_PACKAGES/2026-07-24_dual_hatch_builds/dual-hatch-rc-20260724/source/src/lib/opus-1.2.1/main.h"
36eefa8698a7,19046,2026-09-06,08_HISTORICAL_PACKAGES,"08_HISTORICAL_PACKAGES/2026-07-24_dual_hatch_builds/dual-hatch-rc-20260724/source/src/lib/opus-1.2.1/main_FIX.h"
7c662626aeb4,6826,2026-09-06,08_HISTORICAL_PACKAGES,"08_HISTORICAL_PACKAGES/2026-07-24_dual_hatch_builds/dual-hatch-rc-20260724/source/src/lib/opus-1.2.1/mathops.c"
8ecfc69ab27b,7978,2026-09-06,08_HISTORICAL_PACKAGES,"08_HISTORICAL_PACKAGES/2026-07-24_dual_hatch_builds/dual-hatch-rc-20260724/source/src/lib/opus-1.2.1/mathops.h"
03f60fbde8d6,10898,2026-09-06,08_HISTORICAL_PACKAGES,"08_HISTORICAL_PACKAGES/2026-07-24_dual_hatch_builds/dual-hatch-rc-20260724/source/src/lib/opus-1.2.1/mdct.c"
c70bd44adeac,4776,2026-09-06,08_HISTORICAL_PACKAGES,"08_HISTORICAL_PACKAGES/2026-07-24_dual_hatch_builds/dual-hatch-rc-20260724/source/src/lib/opus-1.2.1/mdct.h"
5974c2341889,2232,2026-09-06,08_HISTORICAL_PACKAGES,"08_HISTORICAL_PACKAGES/2026-07-24_dual_hatch_builds/dual-hatch-rc-20260724/source/src/lib/opus-1.2.1/mfrngcod.h"
fa4fc250c5ee,4131,2026-09-06,08_HISTORICAL_PACKAGES,"08_HISTORICAL_PACKAGES/2026-07-24_dual_hatch_builds/dual-hatch-rc-20260724/source/src/lib/opus-1.2.1/mlp.c"
ced3054f955c,1614,2026-09-06,08_HISTORICAL_PACKAGES,"08_HISTORICAL_PACKAGES/2026-07-24_dual_hatch_builds/dual-hatch-rc-20260724/source/src/lib/opus-1.2.1/mlp.h"
e1faf5777866,5693,2026-09-06,08_HISTORICAL_PACKAGES,"08_HISTORICAL_PACKAGES/2026-07-24_dual_hatch_builds/dual-hatch-rc-20260724/source/src/lib/opus-1.2.1/mlp_data.c"
f95956d28e75,13951,2026-09-06,08_HISTORICAL_PACKAGES,"08_HISTORICAL_PACKAGES/2026-07-24_dual_hatch_builds/dual-hatch-rc-20260724/source/src/lib/opus-1.2.1/modes.c"
c38ac61f218a,2437,2026-09-06,08_HISTORICAL_PACKAGES,"08_HISTORICAL_PACKAGES/2026-07-24_dual_hatch_builds/dual-hatch-rc-20260724/source/src/lib/opus-1.2.1/modes.h"
c11fae78f542,20671,2026-09-06,08_HISTORICAL_PACKAGES,"08_HISTORICAL_PACKAGES/2026-07-24_dual_hatch_builds/dual-hatch-rc-20260724/source/src/lib/opus-1.2.1/noise_shape_analysis_FIX.c"
ff2bb0b492fe,9882,2026-09-06,08_HISTORICAL_PACKAGES,"08_HISTORICAL_PACKAGES/2026-07-24_dual_hatch_builds/dual-hatch-rc-20260724/source/src/lib/opus-1.2.1/opus.c"
24e57572c52e,48554,2026-09-06,08_HISTORICAL_PACKAGES,"08_HISTORICAL_PACKAGES/2026-07-24_dual_hatch_builds/dual-hatch-rc-20260724/source/src/lib/opus-1.2.1/opus.h"
630939691582,14768,2026-09-06,08_HISTORICAL_PACKAGES,"08_HISTORICAL_PACKAGES/2026-07-24_dual_hatch_builds/dual-hatch-rc-20260724/source/src/lib/opus-1.2.1/opus_custom.h"
6ad9a786d2f8,31152,2026-09-06,08_HISTORICAL_PACKAGES,"08_HISTORICAL_PACKAGES/2026-07-24_dual_hatch_builds/dual-hatch-rc-20260724/source/src/lib/opus-1.2.1/opus_decoder.c"
457f86f02454,34695,2026-09-06,08_HISTORICAL_PACKAGES,"08_HISTORICAL_PACKAGES/2026-07-24_dual_hatch_builds/dual-hatch-rc-20260724/source/src/lib/opus-1.2.1/opus_defines.h"
52f4c9142d3c,97200,2026-09-06,08_HISTORICAL_PACKAGES,"08_HISTORICAL_PACKAGES/2026-07-24_dual_hatch_builds/dual-hatch-rc-20260724/source/src/lib/opus-1.2.1/opus_encoder.c"
48c71105cc4f,2684,2026-09-06,08_HISTORICAL_PACKAGES,"08_HISTORICAL_PACKAGES/2026-07-24_dual_hatch_builds/dual-hatch-rc-20260724/source/src/lib/opus-1.2.1/opus_multistream.c"
0db4cb1379ad,33575,2026-09-06,08_HISTORICAL_PACKAGES,"08_HISTORICAL_PACKAGES/2026-07-24_dual_hatch_builds/dual-hatch-rc-20260724/source/src/lib/opus-1.2.1/opus_multistream.h"
86123545d945,14475,2026-09-06,08_HISTORICAL_PACKAGES,"08_HISTORICAL_PACKAGES/2026-07-24_dual_hatch_builds/dual-hatch-rc-20260724/source/src/lib/opus-1.2.1/opus_multistream_decoder.c"
407fe5115e38,40821,2026-09-06,08_HISTORICAL_PACKAGES,"08_HISTORICAL_PACKAGES/2026-07-24_dual_hatch_builds/dual-hatch-rc-20260724/source/src/lib/opus-1.2.1/opus_multistream_encoder.c"
cf7dad1dafb3,5052,2026-09-06,08_HISTORICAL_PACKAGES,"08_HISTORICAL_PACKAGES/2026-07-24_dual_hatch_builds/dual-hatch-rc-20260724/source/src/lib/opus-1.2.1/opus_private.h"
e2c1075e2656,4954,2026-09-06,08_HISTORICAL_PACKAGES,"08_HISTORICAL_PACKAGES/2026-07-24_dual_hatch_builds/dual-hatch-rc-20260724/source/src/lib/opus-1.2.1/opus_types.h"
4dc4eb0f3e97,3163,2026-09-06,08_HISTORICAL_PACKAGES,"08_HISTORICAL_PACKAGES/2026-07-24_dual_hatch_builds/dual-hatch-rc-20260724/source/src/lib/opus-1.2.1/os_support.h"
244d8f61620e,14459,2026-09-06,08_HISTORICAL_PACKAGES,"08_HISTORICAL_PACKAGES/2026-07-24_dual_hatch_builds/dual-hatch-rc-20260724/source/src/lib/opus-1.2.1/pitch.c"
76f858f0b7aa,5891,2026-09-06,08_HISTORICAL_PACKAGES,"08_HISTORICAL_PACKAGES/2026-07-24_dual_hatch_builds/dual-hatch-rc-20260724/source/src/lib/opus-1.2.1/pitch.h"
582f79679957,34345,2026-09-06,08_HISTORICAL_PACKAGES,"08_HISTORICAL_PACKAGES/2026-07-24_dual_hatch_builds/dual-hatch-rc-20260724/source/src/lib/opus-1.2.1/pitch_analysis_core_FIX.c"
ed1230792944,4061,2026-09-06,08_HISTORICAL_PACKAGES,"08_HISTORICAL_PACKAGES/2026-07-24_dual_hatch_builds/dual-hatch-rc-20260724/source/src/lib/opus-1.2.1/pitch_est_defines.h"
c0cf34e7d5ce,3589,2026-09-06,08_HISTORICAL_PACKAGES,"08_HISTORICAL_PACKAGES/2026-07-24_dual_hatch_builds/dual-hatch-rc-20260724/source/src/lib/opus-1.2.1/pitch_est_tables.c"
396ac86ece04,5447,2026-09-06,08_HISTORICAL_PACKAGES,"08_HISTORICAL_PACKAGES/2026-07-24_dual_hatch_builds/dual-hatch-rc-20260724/source/src/lib/opus-1.2.1/process_NLSFs.c"
92a25af5a235,6595,2026-09-06,08_HISTORICAL_PACKAGES,"08_HISTORICAL_PACKAGES/2026-07-24_dual_hatch_builds/dual-hatch-rc-20260724/source/src/lib/opus-1.2.1/process_gains_FIX.c"
1f9aa2768ee6,7351,2026-09-06,08_HISTORICAL_PACKAGES,"08_HISTORICAL_PACKAGES/2026-07-24_dual_hatch_builds/dual-hatch-rc-20260724/source/src/lib/opus-1.2.1/quant_LTP_gains.c"
d80db2e55c24,18714,2026-09-06,08_HISTORICAL_PACKAGES,"08_HISTORICAL_PACKAGES/2026-07-24_dual_hatch_builds/dual-hatch-rc-20260724/source/src/lib/opus-1.2.1/quant_bands.c"
fbe7d733d3dc,2974,2026-09-06,08_HISTORICAL_PACKAGES,"08_HISTORICAL_PACKAGES/2026-07-24_dual_hatch_builds/dual-hatch-rc-20260724/source/src/lib/opus-1.2.1/quant_bands.h"
5237183bbce2,21428,2026-09-06,08_HISTORICAL_PACKAGES,"08_HISTORICAL_PACKAGES/2026-07-24_dual_hatch_builds/dual-hatch-rc-20260724/source/src/lib/opus-1.2.1/rate.c"
c8611c953f22,3279,2026-09-06,08_HISTORICAL_PACKAGES,"08_HISTORICAL_PACKAGES/2026-07-24_dual_hatch_builds/dual-hatch-rc-20260724/source/src/lib/opus-1.2.1/rate.h"
7028df79d2ff,2626,2026-09-06,08_HISTORICAL_PACKAGES,"08_HISTORICAL_PACKAGES/2026-07-24_dual_hatch_builds/dual-hatch-rc-20260724/source/src/lib/opus-1.2.1/regularize_correlations_FIX.c"
84c84990fca1,9842,2026-09-06,08_HISTORICAL_PACKAGES,"08_HISTORICAL_PACKAGES/2026-07-24_dual_hatch_builds/dual-hatch-rc-20260724/source/src/lib/opus-1.2.1/repacketizer.c"
7e28b897c5b0,9931,2026-09-06,08_HISTORICAL_PACKAGES,"08_HISTORICAL_PACKAGES/2026-07-24_dual_hatch_builds/dual-hatch-rc-20260724/source/src/lib/opus-1.2.1/resampler.c"
7aa4cba793ab,3475,2026-09-06,08_HISTORICAL_PACKAGES,"08_HISTORICAL_PACKAGES/2026-07-24_dual_hatch_builds/dual-hatch-rc-20260724/source/src/lib/opus-1.2.1/resampler_down2.c"
2ab8318bf4bc,4765,2026-09-06,08_HISTORICAL_PACKAGES,"08_HISTORICAL_PACKAGES/2026-07-24_dual_hatch_builds/dual-hatch-rc-20260724/source/src/lib/opus-1.2.1/resampler_down2_3.c"
b14e6d03394a,4553,2026-09-06,08_HISTORICAL_PACKAGES,"08_HISTORICAL_PACKAGES/2026-07-24_dual_hatch_builds/dual-hatch-rc-20260724/source/src/lib/opus-1.2.1/resampler_private.h"
c16d50bde74b,2665,2026-09-06,08_HISTORICAL_PACKAGES,"08_HISTORICAL_PACKAGES/2026-07-24_dual_hatch_builds/dual-hatch-rc-20260724/source/src/lib/opus-1.2.1/resampler_private_AR2.c"
584c7b2afbcb,5231,2026-09-06,08_HISTORICAL_PACKAGES,"08_HISTORICAL_PACKAGES/2026-07-24_dual_hatch_builds/dual-hatch-rc-20260724/source/src/lib/opus-1.2.1/resampler_private_IIR_FIR.c"
5ed14a4557a3,10897,2026-09-06,08_HISTORICAL_PACKAGES,"08_HISTORICAL_PACKAGES/2026-07-24_dual_hatch_builds/dual-hatch-rc-20260724/source/src/lib/opus-1.2.1/resampler_private_down_FIR.c"
f06a982b8856,5367,2026-09-06,08_HISTORICAL_PACKAGES,"08_HISTORICAL_PACKAGES/2026-07-24_dual_hatch_builds/dual-hatch-rc-20260724/source/src/lib/opus-1.2.1/resampler_private_up2_HQ.c"
ec3ba5c620ee,4747,2026-09-06,08_HISTORICAL_PACKAGES,"08_HISTORICAL_PACKAGES/2026-07-24_dual_hatch_builds/dual-hatch-rc-20260724/source/src/lib/opus-1.2.1/resampler_rom.c"
68088e075048,3294,2026-09-06,08_HISTORICAL_PACKAGES,"08_HISTORICAL_PACKAGES/2026-07-24_dual_hatch_builds/dual-hatch-rc-20260724/source/src/lib/opus-1.2.1/resampler_rom.h"
b038e84c7d79,2615,2026-09-06,08_HISTORICAL_PACKAGES,"08_HISTORICAL_PACKAGES/2026-07-24_dual_hatch_builds/dual-hatch-rc-20260724/source/src/lib/opus-1.2.1/resampler_structs.h"
384cdf5f4142,4837,2026-09-06,08_HISTORICAL_PACKAGES,"08_HISTORICAL_PACKAGES/2026-07-24_dual_hatch_builds/dual-hatch-rc-20260724/source/src/lib/opus-1.2.1/residual_energy16_FIX.c"
633ed6d7d8da,5389,2026-09-06,08_HISTORICAL_PACKAGES,"08_HISTORICAL_PACKAGES/2026-07-24_dual_hatch_builds/dual-hatch-rc-20260724/source/src/lib/opus-1.2.1/residual_energy_FIX.c"
0dce2180da54,3994,2026-09-06,08_HISTORICAL_PACKAGES,"08_HISTORICAL_PACKAGES/2026-07-24_dual_hatch_builds/dual-hatch-rc-20260724/source/src/lib/opus-1.2.1/schur64_FIX.c"
ce05edf0c709,4447,2026-09-06,08_HISTORICAL_PACKAGES,"08_HISTORICAL_PACKAGES/2026-07-24_dual_hatch_builds/dual-hatch-rc-20260724/source/src/lib/opus-1.2.1/schur_FIX.c"
60b5a2786238,7718,2026-09-06,08_HISTORICAL_PACKAGES,"08_HISTORICAL_PACKAGES/2026-07-24_dual_hatch_builds/dual-hatch-rc-20260724/source/src/lib/opus-1.2.1/shell_coder.c"
339568f30645,3164,2026-09-06,08_HISTORICAL_PACKAGES,"08_HISTORICAL_PACKAGES/2026-07-24_dual_hatch_builds/dual-hatch-rc-20260724/source/src/lib/opus-1.2.1/sigm_Q15.c"
8436c8b92db9,6265,2026-09-06,08_HISTORICAL_PACKAGES,"08_HISTORICAL_PACKAGES/2026-07-24_dual_hatch_builds/dual-hatch-rc-20260724/source/src/lib/opus-1.2.1/sort.c"
603a5beb27f6,5989,2026-09-06,08_HISTORICAL_PACKAGES,"08_HISTORICAL_PACKAGES/2026-07-24_dual_hatch_builds/dual-hatch-rc-20260724/source/src/lib/opus-1.2.1/stack_alloc.h"
fd5405b0b950,32819,2026-09-06,08_HISTORICAL_PACKAGES,"08_HISTORICAL_PACKAGES/2026-07-24_dual_hatch_builds/dual-hatch-rc-20260724/source/src/lib/opus-1.2.1/static_modes_fixed.h"
9c49d71262dc,25209,2026-09-06,08_HISTORICAL_PACKAGES,"08_HISTORICAL_PACKAGES/2026-07-24_dual_hatch_builds/dual-hatch-rc-20260724/source/src/lib/opus-1.2.1/static_modes_fixed_arm_ne10.h"
65fdb130c42c,50919,2026-09-06,08_HISTORICAL_PACKAGES,"08_HISTORICAL_PACKAGES/2026-07-24_dual_hatch_builds/dual-hatch-rc-20260724/source/src/lib/opus-1.2.1/static_modes_float.h"
f17e57248f30,28613,2026-09-06,08_HISTORICAL_PACKAGES,"08_HISTORICAL_PACKAGES/2026-07-24_dual_hatch_builds/dual-hatch-rc-20260724/source/src/lib/opus-1.2.1/static_modes_float_arm_ne10.h"
b47a3a1257df,12473,2026-09-06,08_HISTORICAL_PACKAGES,"08_HISTORICAL_PACKAGES/2026-07-24_dual_hatch_builds/dual-hatch-rc-20260724/source/src/lib/opus-1.2.1/stereo_LR_to_MS.c"
af24277c7191,4871,2026-09-06,08_HISTORICAL_PACKAGES,"08_HISTORICAL_PACKAGES/2026-07-24_dual_hatch_builds/dual-hatch-rc-20260724/source/src/lib/opus-1.2.1/stereo_MS_to_LR.c"
b852fbd96ea3,3417,2026-09-06,08_HISTORICAL_PACKAGES,"08_HISTORICAL_PACKAGES/2026-07-24_dual_hatch_builds/dual-hatch-rc-20260724/source/src/lib/opus-1.2.1/stereo_decode_pred.c"
4634861dac77,2885,2026-09-06,08_HISTORICAL_PACKAGES,"08_HISTORICAL_PACKAGES/2026-07-24_dual_hatch_builds/dual-hatch-rc-20260724/source/src/lib/opus-1.2.1/stereo_encode_pred.c"
b77b33b43ab9,4374,2026-09-06,08_HISTORICAL_PACKAGES,"08_HISTORICAL_PACKAGES/2026-07-24_dual_hatch_builds/dual-hatch-rc-20260724/source/src/lib/opus-1.2.1/stereo_find_predictor.c"
8d1895de054a,3404,2026-09-06,08_HISTORICAL_PACKAGES,"08_HISTORICAL_PACKAGES/2026-07-24_dual_hatch_builds/dual-hatch-rc-20260724/source/src/lib/opus-1.2.1/stereo_quant_pred.c"
4f7173bc0400,21018,2026-09-06,08_HISTORICAL_PACKAGES,"08_HISTORICAL_PACKAGES/2026-07-24_dual_hatch_builds/dual-hatch-rc-20260724/source/src/lib/opus-1.2.1/structs.h"
a01a3611c279,5152,2026-09-06,08_HISTORICAL_PACKAGES,"08_HISTORICAL_PACKAGES/2026-07-24_dual_hatch_builds/dual-hatch-rc-20260724/source/src/lib/opus-1.2.1/structs_FIX.h"
710b83c92458,3790,2026-09-06,08_HISTORICAL_PACKAGES,"08_HISTORICAL_PACKAGES/2026-07-24_dual_hatch_builds/dual-hatch-rc-20260724/source/src/lib/opus-1.2.1/sum_sqr_shift.c"
9cae32dfdc4a,4191,2026-09-06,08_HISTORICAL_PACKAGES,"08_HISTORICAL_PACKAGES/2026-07-24_dual_hatch_builds/dual-hatch-rc-20260724/source/src/lib/opus-1.2.1/table_LSF_cos.c"
0e976672b3c9,7700,2026-09-06,08_HISTORICAL_PACKAGES,"08_HISTORICAL_PACKAGES/2026-07-24_dual_hatch_builds/dual-hatch-rc-20260724/source/src/lib/opus-1.2.1/tables.h"
95b4912701d4,7432,2026-09-06,08_HISTORICAL_PACKAGES,"08_HISTORICAL_PACKAGES/2026-07-24_dual_hatch_builds/dual-hatch-rc-20260724/source/src/lib/opus-1.2.1/tables_LTP.c"
94e49118901f,10785,2026-09-06,08_HISTORICAL_PACKAGES,"08_HISTORICAL_PACKAGES/2026-07-24_dual_hatch_builds/dual-hatch-rc-20260724/source/src/lib/opus-1.2.1/tables_NLSF_CB_NB_MB.c"
24a56112a6f6,14499,2026-09-06,08_HISTORICAL_PACKAGES,"08_HISTORICAL_PACKAGES/2026-07-24_dual_hatch_builds/dual-hatch-rc-20260724/source/src/lib/opus-1.2.1/tables_NLSF_CB_WB.c"
c91e247a6580,2519,2026-09-06,08_HISTORICAL_PACKAGES,"08_HISTORICAL_PACKAGES/2026-07-24_dual_hatch_builds/dual-hatch-rc-20260724/source/src/lib/opus-1.2.1/tables_gain.c"
1d8e66c52751,5445,2026-09-06,08_HISTORICAL_PACKAGES,"08_HISTORICAL_PACKAGES/2026-07-24_dual_hatch_builds/dual-hatch-rc-20260724/source/src/lib/opus-1.2.1/tables_other.c"
f504bbaf35a2,3068,2026-09-06,08_HISTORICAL_PACKAGES,"08_HISTORICAL_PACKAGES/2026-07-24_dual_hatch_builds/dual-hatch-rc-20260724/source/src/lib/opus-1.2.1/tables_pitch_lag.c"
2fb238cd3704,11423,2026-09-06,08_HISTORICAL_PACKAGES,"08_HISTORICAL_PACKAGES/2026-07-24_dual_hatch_builds/dual-hatch-rc-20260724/source/src/lib/opus-1.2.1/tables_pulses_per_block.c"
835fcdf08d5b,2304,2026-09-06,08_HISTORICAL_PACKAGES,"08_HISTORICAL_PACKAGES/2026-07-24_dual_hatch_builds/dual-hatch-rc-20260724/source/src/lib/opus-1.2.1/tansig_table.h"
752c03100137,6191,2026-09-06,08_HISTORICAL_PACKAGES,"08_HISTORICAL_PACKAGES/2026-07-24_dual_hatch_builds/dual-hatch-rc-20260724/source/src/lib/opus-1.2.1/tuning_parameters.h"
24e9365165de,3345,2026-09-06,08_HISTORICAL_PACKAGES,"08_HISTORICAL_PACKAGES/2026-07-24_dual_hatch_builds/dual-hatch-rc-20260724/source/src/lib/opus-1.2.1/typedef.h"
8aaf9937665d,4778,2026-09-06,08_HISTORICAL_PACKAGES,"08_HISTORICAL_PACKAGES/2026-07-24_dual_hatch_builds/dual-hatch-rc-20260724/source/src/lib/opus-1.2.1/vector_ops_FIX.c"
af23c4beaa6c,12850,2026-09-06,08_HISTORICAL_PACKAGES,"08_HISTORICAL_PACKAGES/2026-07-24_dual_hatch_builds/dual-hatch-rc-20260724/source/src/lib/opus-1.2.1/vq.c"
3664f207ab39,3175,2026-09-06,08_HISTORICAL_PACKAGES,"08_HISTORICAL_PACKAGES/2026-07-24_dual_hatch_builds/dual-hatch-rc-20260724/source/src/lib/opus-1.2.1/vq.h"
cd70ffc998d9,4656,2026-09-06,08_HISTORICAL_PACKAGES,"08_HISTORICAL_PACKAGES/2026-07-24_dual_hatch_builds/dual-hatch-rc-20260724/source/src/lib/opus-1.2.1/warped_autocorrelation_FIX.c"
820c9e721ae8,6202,2026-09-06,08_HISTORICAL_PACKAGES,"08_HISTORICAL_PACKAGES/2026-07-24_dual_hatch_builds/dual-hatch-rc-20260724/source/src/main.c"
1d87a76e6324,7252,2026-09-06,08_HISTORICAL_PACKAGES,"08_HISTORICAL_PACKAGES/2026-07-24_dual_hatch_builds/dual-hatch-rc-20260724/source/src/mic.c"
05e099214f04,546,2026-09-06,08_HISTORICAL_PACKAGES,"08_HISTORICAL_PACKAGES/2026-07-24_dual_hatch_builds/dual-hatch-rc-20260724/source/src/mic.h"
deb6b01c9a85,674,2026-09-06,08_HISTORICAL_PACKAGES,"08_HISTORICAL_PACKAGES/2026-07-24_dual_hatch_builds/dual-hatch-rc-20260724/source/src/opus_packet_helpers.c"
d615b4b4cd2b,1365,2026-09-06,08_HISTORICAL_PACKAGES,"08_HISTORICAL_PACKAGES/2026-07-24_dual_hatch_builds/dual-hatch-rc-20260724/source/src/recovery_touch.c"
779beb34f98e,585,2026-09-06,08_HISTORICAL_PACKAGES,"08_HISTORICAL_PACKAGES/2026-07-24_dual_hatch_builds/dual-hatch-rc-20260724/source/src/recovery_touch.h"
6aa4b149e646,3596,2026-09-06,08_HISTORICAL_PACKAGES,"08_HISTORICAL_PACKAGES/2026-07-24_dual_hatch_builds/dual-hatch-rc-20260724/source/src/recovery_usb.c"
ad6399fac25a,136,2026-09-06,08_HISTORICAL_PACKAGES,"08_HISTORICAL_PACKAGES/2026-07-24_dual_hatch_builds/dual-hatch-rc-20260724/source/src/recovery_usb.h"
a2e2703c2f1d,39092,2026-09-06,08_HISTORICAL_PACKAGES,"08_HISTORICAL_PACKAGES/2026-07-24_dual_hatch_builds/dual-hatch-rc-20260724/source/src/transport.c"
661c98f78d35,274,2026-09-06,08_HISTORICAL_PACKAGES,"08_HISTORICAL_PACKAGES/2026-07-24_dual_hatch_builds/dual-hatch-rc-20260724/source/src/transport.h"
546ca7f31fa4,1653,2026-09-06,08_HISTORICAL_PACKAGES,"08_HISTORICAL_PACKAGES/2026-07-24_dual_hatch_builds/dual-hatch-rc-20260724/source/src/transport_safety.c"
e8a8ac7adaf2,724,2026-09-06,08_HISTORICAL_PACKAGES,"08_HISTORICAL_PACKAGES/2026-07-24_dual_hatch_builds/dual-hatch-rc-20260724/source/src/transport_safety.h"
87c01e3e4e12,1312,2026-09-06,08_HISTORICAL_PACKAGES,"08_HISTORICAL_PACKAGES/2026-07-24_dual_hatch_builds/dual-hatch-rc-20260724/source/src/utils.h"
d20975fe9a15,2383,2026-09-06,08_HISTORICAL_PACKAGES,"08_HISTORICAL_PACKAGES/2026-07-24_dual_hatch_builds/dual-hatch-rc-20260724/source/src/watchdog.c"
2ca1d7509dc4,3451,2026-09-06,08_HISTORICAL_PACKAGES,"08_HISTORICAL_PACKAGES/2026-07-24_dual_hatch_builds/dual-hatch-rc-20260724/source/src/watchdog.h"
582bc7c608ff,1463,2026-09-06,08_HISTORICAL_PACKAGES,"08_HISTORICAL_PACKAGES/2026-07-24_dual_hatch_builds/dual-hatch-rc-20260724/source/tests/recovery_touch_test.c"
e1c67db96f0c,30975,2026-09-06,08_HISTORICAL_PACKAGES,"08_HISTORICAL_PACKAGES/2026-07-24_dual_hatch_builds/dual-hatch-secure-20260724/build.log"
99de0f5f219a,4530,2026-09-06,08_HISTORICAL_PACKAGES,"08_HISTORICAL_PACKAGES/2026-07-24_dual_hatch_builds/dual-hatch-secure-20260724/source/ANTICIPY_SOURCE_RECEIPT.json"
0c36c405b4fb,3097,2026-09-06,08_HISTORICAL_PACKAGES,"08_HISTORICAL_PACKAGES/2026-07-24_dual_hatch_builds/dual-hatch-secure-20260724/source/CMakeLists.txt"
95f59ea05788,5065,2026-09-06,08_HISTORICAL_PACKAGES,"08_HISTORICAL_PACKAGES/2026-07-24_dual_hatch_builds/dual-hatch-secure-20260724/source/DUAL_HATCH_RECEIPT.json"
df58d0dbef58,320,2026-09-06,08_HISTORICAL_PACKAGES,"08_HISTORICAL_PACKAGES/2026-07-24_dual_hatch_builds/dual-hatch-secure-20260724/source/Kconfig"
5c6d4987e910,1298,2026-09-06,08_HISTORICAL_PACKAGES,"08_HISTORICAL_PACKAGES/2026-07-24_dual_hatch_builds/dual-hatch-secure-20260724/source/README.rst"
e3b0c44298fc,0,2026-09-06,08_HISTORICAL_PACKAGES,"08_HISTORICAL_PACKAGES/2026-07-24_dual_hatch_builds/dual-hatch-secure-20260724/source/boards/.gitkeep"
ca447461f063,111,2026-09-06,08_HISTORICAL_PACKAGES,"08_HISTORICAL_PACKAGES/2026-07-24_dual_hatch_builds/dual-hatch-secure-20260724/source/overlay/xiao_ble_sense_devkitv2-adafruit_module.overlay"
0549bf521234,6263,2026-09-06,08_HISTORICAL_PACKAGES,"08_HISTORICAL_PACKAGES/2026-07-24_dual_hatch_builds/dual-hatch-secure-20260724/source/prj_xiao_ble_sense_devkitv2-adafruit.conf"
94cde0ff8096,901,2026-09-06,08_HISTORICAL_PACKAGES,"08_HISTORICAL_PACKAGES/2026-07-24_dual_hatch_builds/dual-hatch-secure-20260724/source/src/battery_math.c"
d708462f6145,290,2026-09-06,08_HISTORICAL_PACKAGES,"08_HISTORICAL_PACKAGES/2026-07-24_dual_hatch_builds/dual-hatch-secure-20260724/source/src/battery_math.h"
2da61a90c2df,1462,2026-09-06,08_HISTORICAL_PACKAGES,"08_HISTORICAL_PACKAGES/2026-07-24_dual_hatch_builds/dual-hatch-secure-20260724/source/src/battery_smoother.c"
2bbdb095355f,427,2026-09-06,08_HISTORICAL_PACKAGES,"08_HISTORICAL_PACKAGES/2026-07-24_dual_hatch_builds/dual-hatch-secure-20260724/source/src/battery_smoother.h"
5423aad81f8d,7892,2026-09-06,08_HISTORICAL_PACKAGES,"08_HISTORICAL_PACKAGES/2026-07-24_dual_hatch_builds/dual-hatch-secure-20260724/source/src/codec.c"
9e7fa798c306,400,2026-09-06,08_HISTORICAL_PACKAGES,"08_HISTORICAL_PACKAGES/2026-07-24_dual_hatch_builds/dual-hatch-secure-20260724/source/src/codec.h"
2757eac00494,1161,2026-09-06,08_HISTORICAL_PACKAGES,"08_HISTORICAL_PACKAGES/2026-07-24_dual_hatch_builds/dual-hatch-secure-20260724/source/src/config.h"
6141f99c80ae,795,2026-09-06,08_HISTORICAL_PACKAGES,"08_HISTORICAL_PACKAGES/2026-07-24_dual_hatch_builds/dual-hatch-secure-20260724/source/src/led.c"
5c8e06f7521f,581,2026-09-06,08_HISTORICAL_PACKAGES,"08_HISTORICAL_PACKAGES/2026-07-24_dual_hatch_builds/dual-hatch-secure-20260724/source/src/led.h"
ba119eae5998,7742,2026-09-06,08_HISTORICAL_PACKAGES,"08_HISTORICAL_PACKAGES/2026-07-24_dual_hatch_builds/dual-hatch-secure-20260724/source/src/lib/battery/battery.c"
73339fbd44a8,2208,2026-09-06,08_HISTORICAL_PACKAGES,"08_HISTORICAL_PACKAGES/2026-07-24_dual_hatch_builds/dual-hatch-secure-20260724/source/src/lib/battery/battery.h"
8552687904b2,10759,2026-09-06,08_HISTORICAL_PACKAGES,"08_HISTORICAL_PACKAGES/2026-07-24_dual_hatch_builds/dual-hatch-secure-20260724/source/src/lib/opus-1.2.1/A2NLSF.c"
cc4d2169dddb,7175,2026-09-06,08_HISTORICAL_PACKAGES,"08_HISTORICAL_PACKAGES/2026-07-24_dual_hatch_builds/dual-hatch-secure-20260724/source/src/lib/opus-1.2.1/API.h"
eb8c9901f2a3,9599,2026-09-06,08_HISTORICAL_PACKAGES,"08_HISTORICAL_PACKAGES/2026-07-24_dual_hatch_builds/dual-hatch-secure-20260724/source/src/lib/opus-1.2.1/CNG.c"
e528fcf0eebc,3989,2026-09-06,08_HISTORICAL_PACKAGES,"08_HISTORICAL_PACKAGES/2026-07-24_dual_hatch_builds/dual-hatch-secure-20260724/source/src/lib/opus-1.2.1/HP_variable_cutoff.c"
d8d637375bd1,7314,2026-09-06,08_HISTORICAL_PACKAGES,"08_HISTORICAL_PACKAGES/2026-07-24_dual_hatch_builds/dual-hatch-secure-20260724/source/src/lib/opus-1.2.1/Inlines.h"
f15ac8e1d21d,5015,2026-09-06,08_HISTORICAL_PACKAGES,"08_HISTORICAL_PACKAGES/2026-07-24_dual_hatch_builds/dual-hatch-secure-20260724/source/src/lib/opus-1.2.1/LPC_analysis_filter.c"
c24418dfdcd9,3957,2026-09-06,08_HISTORICAL_PACKAGES,"08_HISTORICAL_PACKAGES/2026-07-24_dual_hatch_builds/dual-hatch-secure-20260724/source/src/lib/opus-1.2.1/LPC_fit.c"
c2cc22922cd3,6161,2026-09-06,08_HISTORICAL_PACKAGES,"08_HISTORICAL_PACKAGES/2026-07-24_dual_hatch_builds/dual-hatch-secure-20260724/source/src/lib/opus-1.2.1/LPC_inv_pred_gain.c"
e17cec3098ec,6552,2026-09-06,08_HISTORICAL_PACKAGES,"08_HISTORICAL_PACKAGES/2026-07-24_dual_hatch_builds/dual-hatch-secure-20260724/source/src/lib/opus-1.2.1/LP_variable_cutoff.c"
e57c94e63891,4730,2026-09-06,08_HISTORICAL_PACKAGES,"08_HISTORICAL_PACKAGES/2026-07-24_dual_hatch_builds/dual-hatch-secure-20260724/source/src/lib/opus-1.2.1/LTP_analysis_filter_FIX.c"
d2b8a417bcad,2877,2026-09-06,08_HISTORICAL_PACKAGES,"08_HISTORICAL_PACKAGES/2026-07-24_dual_hatch_builds/dual-hatch-secure-20260724/source/src/lib/opus-1.2.1/LTP_scale_ctrl_FIX.c"
58441b221c2f,20764,2026-09-06,08_HISTORICAL_PACKAGES,"08_HISTORICAL_PACKAGES/2026-07-24_dual_hatch_builds/dual-hatch-secure-20260724/source/src/lib/opus-1.2.1/MacroCount.h"
7af465e3a640,33528,2026-09-06,08_HISTORICAL_PACKAGES,"08_HISTORICAL_PACKAGES/2026-07-24_dual_hatch_builds/dual-hatch-secure-20260724/source/src/lib/opus-1.2.1/MacroDebug.h"
89cf63c26906,6362,2026-09-06,08_HISTORICAL_PACKAGES,"08_HISTORICAL_PACKAGES/2026-07-24_dual_hatch_builds/dual-hatch-secure-20260724/source/src/lib/opus-1.2.1/NLSF2A.c"
d2742ac1f6cb,3975,2026-09-06,08_HISTORICAL_PACKAGES,"08_HISTORICAL_PACKAGES/2026-07-24_dual_hatch_builds/dual-hatch-secure-20260724/source/src/lib/opus-1.2.1/NLSF_VQ.c"
975b062a6bbd,3937,2026-09-06,08_HISTORICAL_PACKAGES,"08_HISTORICAL_PACKAGES/2026-07-24_dual_hatch_builds/dual-hatch-secure-20260724/source/src/lib/opus-1.2.1/NLSF_VQ_weights_laroia.c"
3d723c92896d,4766,2026-09-06,08_HISTORICAL_PACKAGES,"08_HISTORICAL_PACKAGES/2026-07-24_dual_hatch_builds/dual-hatch-secure-20260724/source/src/lib/opus-1.2.1/NLSF_decode.c"
3d045d2d5931,11896,2026-09-06,08_HISTORICAL_PACKAGES,"08_HISTORICAL_PACKAGES/2026-07-24_dual_hatch_builds/dual-hatch-secure-20260724/source/src/lib/opus-1.2.1/NLSF_del_dec_quant.c"
5fba9bb8dc77,6129,2026-09-06,08_HISTORICAL_PACKAGES,"08_HISTORICAL_PACKAGES/2026-07-24_dual_hatch_builds/dual-hatch-secure-20260724/source/src/lib/opus-1.2.1/NLSF_encode.c"
14c69720cd90,6347,2026-09-06,08_HISTORICAL_PACKAGES,"08_HISTORICAL_PACKAGES/2026-07-24_dual_hatch_builds/dual-hatch-secure-20260724/source/src/lib/opus-1.2.1/NLSF_stabilize.c"
e94e9519bb38,2949,2026-09-06,08_HISTORICAL_PACKAGES,"08_HISTORICAL_PACKAGES/2026-07-24_dual_hatch_builds/dual-hatch-secure-20260724/source/src/lib/opus-1.2.1/NLSF_unpack.c"
473b46b62b04,22787,2026-09-06,08_HISTORICAL_PACKAGES,"08_HISTORICAL_PACKAGES/2026-07-24_dual_hatch_builds/dual-hatch-secure-20260724/source/src/lib/opus-1.2.1/NSQ.c"
7ef6eec66064,4288,2026-09-06,08_HISTORICAL_PACKAGES,"08_HISTORICAL_PACKAGES/2026-07-24_dual_hatch_builds/dual-hatch-secure-20260724/source/src/lib/opus-1.2.1/NSQ.h"
1e66080620da,39434,2026-09-06,08_HISTORICAL_PACKAGES,"08_HISTORICAL_PACKAGES/2026-07-24_dual_hatch_builds/dual-hatch-secure-20260724/source/src/lib/opus-1.2.1/NSQ_del_dec.c"
fefb38726ec0,20451,2026-09-06,08_HISTORICAL_PACKAGES,"08_HISTORICAL_PACKAGES/2026-07-24_dual_hatch_builds/dual-hatch-secure-20260724/source/src/lib/opus-1.2.1/PLC.c"
f67f0d84ddae,3261,2026-09-06,08_HISTORICAL_PACKAGES,"08_HISTORICAL_PACKAGES/2026-07-24_dual_hatch_builds/dual-hatch-secure-20260724/source/src/lib/opus-1.2.1/PLC.h"
1484eb810598,39242,2026-09-06,08_HISTORICAL_PACKAGES,"08_HISTORICAL_PACKAGES/2026-07-24_dual_hatch_builds/dual-hatch-secure-20260724/source/src/lib/opus-1.2.1/SigProc_FIX.h"
3ab5d7cc2839,15042,2026-09-06,08_HISTORICAL_PACKAGES,"08_HISTORICAL_PACKAGES/2026-07-24_dual_hatch_builds/dual-hatch-secure-20260724/source/src/lib/opus-1.2.1/VAD.c"
4d6e893e1b7b,7138,2026-09-06,08_HISTORICAL_PACKAGES,"08_HISTORICAL_PACKAGES/2026-07-24_dual_hatch_builds/dual-hatch-secure-20260724/source/src/lib/opus-1.2.1/VQ_WMat_EC.c"
b36149a0a4bb,5935,2026-09-06,08_HISTORICAL_PACKAGES,"08_HISTORICAL_PACKAGES/2026-07-24_dual_hatch_builds/dual-hatch-secure-20260724/source/src/lib/opus-1.2.1/_kiss_fft_guts.h"
d277973dbada,3770,2026-09-06,08_HISTORICAL_PACKAGES,"08_HISTORICAL_PACKAGES/2026-07-24_dual_hatch_builds/dual-hatch-secure-20260724/source/src/lib/opus-1.2.1/ana_filt_bank_1.c"
063d73e0755d,36054,2026-09-06,08_HISTORICAL_PACKAGES,"08_HISTORICAL_PACKAGES/2026-07-24_dual_hatch_builds/dual-hatch-secure-20260724/source/src/lib/opus-1.2.1/analysis.c"
c862ac10d4ea,4080,2026-09-06,08_HISTORICAL_PACKAGES,"08_HISTORICAL_PACKAGES/2026-07-24_dual_hatch_builds/dual-hatch-secure-20260724/source/src/lib/opus-1.2.1/analysis.h"
58c5b569dc7c,4921,2026-09-06,08_HISTORICAL_PACKAGES,"08_HISTORICAL_PACKAGES/2026-07-24_dual_hatch_builds/dual-hatch-secure-20260724/source/src/lib/opus-1.2.1/apply_sine_window_FIX.c"
7d2609cf4ce8,7778,2026-09-06,08_HISTORICAL_PACKAGES,"08_HISTORICAL_PACKAGES/2026-07-24_dual_hatch_builds/dual-hatch-secure-20260724/source/src/lib/opus-1.2.1/arch.h"
53b3e0024db7,3234,2026-09-06,08_HISTORICAL_PACKAGES,"08_HISTORICAL_PACKAGES/2026-07-24_dual_hatch_builds/dual-hatch-secure-20260724/source/src/lib/opus-1.2.1/arm/LPC_inv_pred_gain_arm.h"
61d2709dca89,5477,2026-09-06,08_HISTORICAL_PACKAGES,"08_HISTORICAL_PACKAGES/2026-07-24_dual_hatch_builds/dual-hatch-secure-20260724/source/src/lib/opus-1.2.1/arm/NSQ_del_dec_arm.h"
7582f536ee38,2254,2026-09-06,08_HISTORICAL_PACKAGES,"08_HISTORICAL_PACKAGES/2026-07-24_dual_hatch_builds/dual-hatch-secure-20260724/source/src/lib/opus-1.2.1/arm/SigProc_FIX_armv4.h"
75645e689c04,2765,2026-09-06,08_HISTORICAL_PACKAGES,"08_HISTORICAL_PACKAGES/2026-07-24_dual_hatch_builds/dual-hatch-secure-20260724/source/src/lib/opus-1.2.1/arm/SigProc_FIX_armv5e.h"
c6b803609ea3,2481,2026-09-06,08_HISTORICAL_PACKAGES,"08_HISTORICAL_PACKAGES/2026-07-24_dual_hatch_builds/dual-hatch-secure-20260724/source/src/lib/opus-1.2.1/arm/armcpu.h"
aeb87daec248,4421,2026-09-06,08_HISTORICAL_PACKAGES,"08_HISTORICAL_PACKAGES/2026-07-24_dual_hatch_builds/dual-hatch-secure-20260724/source/src/lib/opus-1.2.1/arm/biquad_alt_arm.h"
049a413aa633,14065,2026-09-06,08_HISTORICAL_PACKAGES,"08_HISTORICAL_PACKAGES/2026-07-24_dual_hatch_builds/dual-hatch-secure-20260724/source/src/lib/opus-1.2.1/arm/celt_pitch_xcorr_arm_gcc.s"
420dc0ff08d7,13699,2026-09-06,08_HISTORICAL_PACKAGES,"08_HISTORICAL_PACKAGES/2026-07-24_dual_hatch_builds/dual-hatch-secure-20260724/source/src/lib/opus-1.2.1/arm/celt_pitch_xcorr_arm_iar.s"
af2127640e4a,13247,2026-09-06,08_HISTORICAL_PACKAGES,"08_HISTORICAL_PACKAGES/2026-07-24_dual_hatch_builds/dual-hatch-secure-20260724/source/src/lib/opus-1.2.1/arm/celt_pitch_xcorr_arm_keil.s"
84c83aaed010,3445,2026-09-06,08_HISTORICAL_PACKAGES,"08_HISTORICAL_PACKAGES/2026-07-24_dual_hatch_builds/dual-hatch-secure-20260724/source/src/lib/opus-1.2.1/arm/fixed_armv4.h"
2ea12bc025f7,5628,2026-09-06,08_HISTORICAL_PACKAGES,"08_HISTORICAL_PACKAGES/2026-07-24_dual_hatch_builds/dual-hatch-secure-20260724/source/src/lib/opus-1.2.1/arm/fixed_armv5e.h"
6e41b8f62c4d,4660,2026-09-06,08_HISTORICAL_PACKAGES,"08_HISTORICAL_PACKAGES/2026-07-24_dual_hatch_builds/dual-hatch-secure-20260724/source/src/lib/opus-1.2.1/arm/kiss_fft_armv4.h"
104a476f9ab3,6494,2026-09-06,08_HISTORICAL_PACKAGES,"08_HISTORICAL_PACKAGES/2026-07-24_dual_hatch_builds/dual-hatch-secure-20260724/source/src/lib/opus-1.2.1/arm/kiss_fft_armv5e.h"
a6418f0d3424,4734,2026-09-06,08_HISTORICAL_PACKAGES,"08_HISTORICAL_PACKAGES/2026-07-24_dual_hatch_builds/dual-hatch-secure-20260724/source/src/lib/opus-1.2.1/arm/macros_armv4.h"
93c8673dcf54,8482,2026-09-06,08_HISTORICAL_PACKAGES,"08_HISTORICAL_PACKAGES/2026-07-24_dual_hatch_builds/dual-hatch-secure-20260724/source/src/lib/opus-1.2.1/arm/macros_armv5e.h"
beaecb333350,6436,2026-09-06,08_HISTORICAL_PACKAGES,"08_HISTORICAL_PACKAGES/2026-07-24_dual_hatch_builds/dual-hatch-secure-20260724/source/src/lib/opus-1.2.1/arm/pitch_arm.h"
fc57330ccb4f,4264,2026-09-06,08_HISTORICAL_PACKAGES,"08_HISTORICAL_PACKAGES/2026-07-24_dual_hatch_builds/dual-hatch-secure-20260724/source/src/lib/opus-1.2.1/arm/warped_autocorrelation_FIX_arm.h"
16aceb2d3d8a,2725,2026-09-06,08_HISTORICAL_PACKAGES,"08_HISTORICAL_PACKAGES/2026-07-24_dual_hatch_builds/dual-hatch-secure-20260724/source/src/lib/opus-1.2.1/autocorr_FIX.c"
b3bb71c4598d,51184,2026-09-06,08_HISTORICAL_PACKAGES,"08_HISTORICAL_PACKAGES/2026-07-24_dual_hatch_builds/dual-hatch-secure-20260724/source/src/lib/opus-1.2.1/bands.c"
571d86a58491,5417,2026-09-06,08_HISTORICAL_PACKAGES,"08_HISTORICAL_PACKAGES/2026-07-24_dual_hatch_builds/dual-hatch-secure-20260724/source/src/lib/opus-1.2.1/bands.h"
cab5911f028e,6886,2026-09-06,08_HISTORICAL_PACKAGES,"08_HISTORICAL_PACKAGES/2026-07-24_dual_hatch_builds/dual-hatch-secure-20260724/source/src/lib/opus-1.2.1/biquad_alt.c"
65e4117e6a2c,16792,2026-09-06,08_HISTORICAL_PACKAGES,"08_HISTORICAL_PACKAGES/2026-07-24_dual_hatch_builds/dual-hatch-secure-20260724/source/src/lib/opus-1.2.1/burg_modified_FIX.c"
f01c2e6752d8,2760,2026-09-06,08_HISTORICAL_PACKAGES,"08_HISTORICAL_PACKAGES/2026-07-24_dual_hatch_builds/dual-hatch-secure-20260724/source/src/lib/opus-1.2.1/bwexpander.c"
81ae3a2a4fa9,2490,2026-09-06,08_HISTORICAL_PACKAGES,"08_HISTORICAL_PACKAGES/2026-07-24_dual_hatch_builds/dual-hatch-secure-20260724/source/src/lib/opus-1.2.1/bwexpander_32.c"
5a6ccbc8e3d8,9107,2026-09-06,08_HISTORICAL_PACKAGES,"08_HISTORICAL_PACKAGES/2026-07-24_dual_hatch_builds/dual-hatch-secure-20260724/source/src/lib/opus-1.2.1/celt.c"
92868264a9e2,7812,2026-09-06,08_HISTORICAL_PACKAGES,"08_HISTORICAL_PACKAGES/2026-07-24_dual_hatch_builds/dual-hatch-secure-20260724/source/src/lib/opus-1.2.1/celt.h"
07d1e12d0baa,41237,2026-09-06,08_HISTORICAL_PACKAGES,"08_HISTORICAL_PACKAGES/2026-07-24_dual_hatch_builds/dual-hatch-secure-20260724/source/src/lib/opus-1.2.1/celt_decoder.c"
7893e9e91088,82045,2026-09-06,08_HISTORICAL_PACKAGES,"08_HISTORICAL_PACKAGES/2026-07-24_dual_hatch_builds/dual-hatch-secure-20260724/source/src/lib/opus-1.2.1/celt_encoder.c"
75364dace691,7996,2026-09-06,08_HISTORICAL_PACKAGES,"08_HISTORICAL_PACKAGES/2026-07-24_dual_hatch_builds/dual-hatch-secure-20260724/source/src/lib/opus-1.2.1/celt_lpc.c"
84f34c883133,2221,2026-09-06,08_HISTORICAL_PACKAGES,"08_HISTORICAL_PACKAGES/2026-07-24_dual_hatch_builds/dual-hatch-secure-20260724/source/src/lib/opus-1.2.1/celt_lpc.h"
f01ebcb1b221,4939,2026-09-06,08_HISTORICAL_PACKAGES,"08_HISTORICAL_PACKAGES/2026-07-24_dual_hatch_builds/dual-hatch-secure-20260724/source/src/lib/opus-1.2.1/check_control_input.c"
becd3134a77e,5554,2026-09-06,08_HISTORICAL_PACKAGES,"08_HISTORICAL_PACKAGES/2026-07-24_dual_hatch_builds/dual-hatch-secure-20260724/source/src/lib/opus-1.2.1/code_signs.c"
21847e9acd78,2723,2026-09-06,08_HISTORICAL_PACKAGES,"08_HISTORICAL_PACKAGES/2026-07-24_dual_hatch_builds/dual-hatch-secure-20260724/source/src/lib/opus-1.2.1/config.h"
9c63ee1b8a46,6165,2026-09-06,08_HISTORICAL_PACKAGES,"08_HISTORICAL_PACKAGES/2026-07-24_dual_hatch_builds/dual-hatch-secure-20260724/source/src/lib/opus-1.2.1/control.h"
d82dbf53b207,3407,2026-09-06,08_HISTORICAL_PACKAGES,"08_HISTORICAL_PACKAGES/2026-07-24_dual_hatch_builds/dual-hatch-secure-20260724/source/src/lib/opus-1.2.1/control_SNR.c"
3567b33e96da,5712,2026-09-06,08_HISTORICAL_PACKAGES,"08_HISTORICAL_PACKAGES/2026-07-24_dual_hatch_builds/dual-hatch-secure-20260724/source/src/lib/opus-1.2.1/control_audio_bandwidth.c"
81bb138d8471,20591,2026-09-06,08_HISTORICAL_PACKAGES,"08_HISTORICAL_PACKAGES/2026-07-24_dual_hatch_builds/dual-hatch-secure-20260724/source/src/lib/opus-1.2.1/control_codec.c"
dc73a44c5a98,8335,2026-09-06,08_HISTORICAL_PACKAGES,"08_HISTORICAL_PACKAGES/2026-07-24_dual_hatch_builds/dual-hatch-secure-20260724/source/src/lib/opus-1.2.1/corrMatrix_FIX.c"
36a4b37807a8,2372,2026-09-06,08_HISTORICAL_PACKAGES,"08_HISTORICAL_PACKAGES/2026-07-24_dual_hatch_builds/dual-hatch-secure-20260724/source/src/lib/opus-1.2.1/cpu_support.h"
aefb978dc715,28257,2026-09-06,08_HISTORICAL_PACKAGES,"08_HISTORICAL_PACKAGES/2026-07-24_dual_hatch_builds/dual-hatch-secure-20260724/source/src/lib/opus-1.2.1/cwrs.c"
7705be67d58e,1885,2026-09-06,08_HISTORICAL_PACKAGES,"08_HISTORICAL_PACKAGES/2026-07-24_dual_hatch_builds/dual-hatch-secure-20260724/source/src/lib/opus-1.2.1/cwrs.h"
face052ec8cb,6849,2026-09-06,08_HISTORICAL_PACKAGES,"08_HISTORICAL_PACKAGES/2026-07-24_dual_hatch_builds/dual-hatch-secure-20260724/source/src/lib/opus-1.2.1/debug.c"
071907a9dc3e,12960,2026-09-06,08_HISTORICAL_PACKAGES,"08_HISTORICAL_PACKAGES/2026-07-24_dual_hatch_builds/dual-hatch-secure-20260724/source/src/lib/opus-1.2.1/debug.h"
a15a863439a4,19853,2026-09-06,08_HISTORICAL_PACKAGES,"08_HISTORICAL_PACKAGES/2026-07-24_dual_hatch_builds/dual-hatch-secure-20260724/source/src/lib/opus-1.2.1/dec_API.c"
a93b22fc6497,11900,2026-09-06,08_HISTORICAL_PACKAGES,"08_HISTORICAL_PACKAGES/2026-07-24_dual_hatch_builds/dual-hatch-secure-20260724/source/src/lib/opus-1.2.1/decode_core.c"
9813390d7d67,6152,2026-09-06,08_HISTORICAL_PACKAGES,"08_HISTORICAL_PACKAGES/2026-07-24_dual_hatch_builds/dual-hatch-secure-20260724/source/src/lib/opus-1.2.1/decode_frame.c"
9371600217e3,7246,2026-09-06,08_HISTORICAL_PACKAGES,"08_HISTORICAL_PACKAGES/2026-07-24_dual_hatch_builds/dual-hatch-secure-20260724/source/src/lib/opus-1.2.1/decode_indices.c"
d86e43fd07b7,5527,2026-09-06,08_HISTORICAL_PACKAGES,"08_HISTORICAL_PACKAGES/2026-07-24_dual_hatch_builds/dual-hatch-secure-20260724/source/src/lib/opus-1.2.1/decode_parameters.c"
6b1de5dd4d14,3717,2026-09-06,08_HISTORICAL_PACKAGES,"08_HISTORICAL_PACKAGES/2026-07-24_dual_hatch_builds/dual-hatch-secure-20260724/source/src/lib/opus-1.2.1/decode_pitch.c"
efaba90323d2,5598,2026-09-06,08_HISTORICAL_PACKAGES,"08_HISTORICAL_PACKAGES/2026-07-24_dual_hatch_builds/dual-hatch-secure-20260724/source/src/lib/opus-1.2.1/decode_pulses.c"
5befab6798ef,4968,2026-09-06,08_HISTORICAL_PACKAGES,"08_HISTORICAL_PACKAGES/2026-07-24_dual_hatch_builds/dual-hatch-secure-20260724/source/src/lib/opus-1.2.1/decoder_set_fs.c"
7c8386374b31,9707,2026-09-06,08_HISTORICAL_PACKAGES,"08_HISTORICAL_PACKAGES/2026-07-24_dual_hatch_builds/dual-hatch-secure-20260724/source/src/lib/opus-1.2.1/define.h"
a334f1ead35b,3749,2026-09-06,08_HISTORICAL_PACKAGES,"08_HISTORICAL_PACKAGES/2026-07-24_dual_hatch_builds/dual-hatch-secure-20260724/source/src/lib/opus-1.2.1/ecintrin.h"
8f161e5f1953,31946,2026-09-06,08_HISTORICAL_PACKAGES,"08_HISTORICAL_PACKAGES/2026-07-24_dual_hatch_builds/dual-hatch-secure-20260724/source/src/lib/opus-1.2.1/enc_API.c"
f340e1a4f4cd,23458,2026-09-06,08_HISTORICAL_PACKAGES,"08_HISTORICAL_PACKAGES/2026-07-24_dual_hatch_builds/dual-hatch-secure-20260724/source/src/lib/opus-1.2.1/encode_frame_FIX.c"
f5320210d7e9,9360,2026-09-06,08_HISTORICAL_PACKAGES,"08_HISTORICAL_PACKAGES/2026-07-24_dual_hatch_builds/dual-hatch-secure-20260724/source/src/lib/opus-1.2.1/encode_indices.c"
dc0acb54b36c,8839,2026-09-06,08_HISTORICAL_PACKAGES,"08_HISTORICAL_PACKAGES/2026-07-24_dual_hatch_builds/dual-hatch-secure-20260724/source/src/lib/opus-1.2.1/encode_pulses.c"
fb52778fb752,5700,2026-09-06,08_HISTORICAL_PACKAGES,"08_HISTORICAL_PACKAGES/2026-07-24_dual_hatch_builds/dual-hatch-secure-20260724/source/src/lib/opus-1.2.1/entcode.c"
af64d2ac226e,5414,2026-09-06,08_HISTORICAL_PACKAGES,"08_HISTORICAL_PACKAGES/2026-07-24_dual_hatch_builds/dual-hatch-secure-20260724/source/src/lib/opus-1.2.1/entcode.h"
0b0542909f1b,8016,2026-09-06,08_HISTORICAL_PACKAGES,"08_HISTORICAL_PACKAGES/2026-07-24_dual_hatch_builds/dual-hatch-secure-20260724/source/src/lib/opus-1.2.1/entdec.c"
c1be6eaefef0,4835,2026-09-06,08_HISTORICAL_PACKAGES,"08_HISTORICAL_PACKAGES/2026-07-24_dual_hatch_builds/dual-hatch-secure-20260724/source/src/lib/opus-1.2.1/entdec.h"
c6d8287d6d09,9561,2026-09-06,08_HISTORICAL_PACKAGES,"08_HISTORICAL_PACKAGES/2026-07-24_dual_hatch_builds/dual-hatch-secure-20260724/source/src/lib/opus-1.2.1/entenc.c"
6c56e4803119,5427,2026-09-06,08_HISTORICAL_PACKAGES,"08_HISTORICAL_PACKAGES/2026-07-24_dual_hatch_builds/dual-hatch-secure-20260724/source/src/lib/opus-1.2.1/entenc.h"
3bbf21416af6,3640,2026-09-06,08_HISTORICAL_PACKAGES,"08_HISTORICAL_PACKAGES/2026-07-24_dual_hatch_builds/dual-hatch-secure-20260724/source/src/lib/opus-1.2.1/errors.h"
4b92d7ab9833,7361,2026-09-06,08_HISTORICAL_PACKAGES,"08_HISTORICAL_PACKAGES/2026-07-24_dual_hatch_builds/dual-hatch-secure-20260724/source/src/lib/opus-1.2.1/find_LPC_FIX.c"
3d3e6eb73870,5422,2026-09-06,08_HISTORICAL_PACKAGES,"08_HISTORICAL_PACKAGES/2026-07-24_dual_hatch_builds/dual-hatch-secure-20260724/source/src/lib/opus-1.2.1/find_LTP_FIX.c"
328294c9916f,7330,2026-09-06,08_HISTORICAL_PACKAGES,"08_HISTORICAL_PACKAGES/2026-07-24_dual_hatch_builds/dual-hatch-secure-20260724/source/src/lib/opus-1.2.1/find_pitch_lags_FIX.c"
3b9343a2d841,7543,2026-09-06,08_HISTORICAL_PACKAGES,"08_HISTORICAL_PACKAGES/2026-07-24_dual_hatch_builds/dual-hatch-secure-20260724/source/src/lib/opus-1.2.1/find_pred_coefs_FIX.c"
f21919139e0e,21206,2026-09-06,08_HISTORICAL_PACKAGES,"08_HISTORICAL_PACKAGES/2026-07-24_dual_hatch_builds/dual-hatch-secure-20260724/source/src/lib/opus-1.2.1/fixed_debug.h"
7c820d7e19f4,7953,2026-09-06,08_HISTORICAL_PACKAGES,"08_HISTORICAL_PACKAGES/2026-07-24_dual_hatch_builds/dual-hatch-secure-20260724/source/src/lib/opus-1.2.1/fixed_generic.h"
019f8ec97b5f,5001,2026-09-06,08_HISTORICAL_PACKAGES,"08_HISTORICAL_PACKAGES/2026-07-24_dual_hatch_builds/dual-hatch-secure-20260724/source/src/lib/opus-1.2.1/float_cast.h"
070223b7a209,6928,2026-09-06,08_HISTORICAL_PACKAGES,"08_HISTORICAL_PACKAGES/2026-07-24_dual_hatch_builds/dual-hatch-secure-20260724/source/src/lib/opus-1.2.1/gain_quant.c"
b89c51b04b8d,2366,2026-09-06,08_HISTORICAL_PACKAGES,"08_HISTORICAL_PACKAGES/2026-07-24_dual_hatch_builds/dual-hatch-secure-20260724/source/src/lib/opus-1.2.1/init_decoder.c"
713097da7082,2877,2026-09-06,08_HISTORICAL_PACKAGES,"08_HISTORICAL_PACKAGES/2026-07-24_dual_hatch_builds/dual-hatch-secure-20260724/source/src/lib/opus-1.2.1/init_encoder.c"
11356406441d,2451,2026-09-06,08_HISTORICAL_PACKAGES,"08_HISTORICAL_PACKAGES/2026-07-24_dual_hatch_builds/dual-hatch-secure-20260724/source/src/lib/opus-1.2.1/inner_prod_aligned.c"
7ca78007663a,2601,2026-09-06,08_HISTORICAL_PACKAGES,"08_HISTORICAL_PACKAGES/2026-07-24_dual_hatch_builds/dual-hatch-secure-20260724/source/src/lib/opus-1.2.1/interpolate.c"
0dbe9b0849be,2675,2026-09-06,08_HISTORICAL_PACKAGES,"08_HISTORICAL_PACKAGES/2026-07-24_dual_hatch_builds/dual-hatch-secure-20260724/source/src/lib/opus-1.2.1/k2a_FIX.c"
22f0dcde79d7,2622,2026-09-06,08_HISTORICAL_PACKAGES,"08_HISTORICAL_PACKAGES/2026-07-24_dual_hatch_builds/dual-hatch-secure-20260724/source/src/lib/opus-1.2.1/k2a_Q16_FIX.c"
badf5056eb5e,17003,2026-09-06,08_HISTORICAL_PACKAGES,"08_HISTORICAL_PACKAGES/2026-07-24_dual_hatch_builds/dual-hatch-secure-20260724/source/src/lib/opus-1.2.1/kiss_fft.c"
6ad018d5223c,6295,2026-09-06,08_HISTORICAL_PACKAGES,"08_HISTORICAL_PACKAGES/2026-07-24_dual_hatch_builds/dual-hatch-secure-20260724/source/src/lib/opus-1.2.1/kiss_fft.h"
a46d602528d7,4022,2026-09-06,08_HISTORICAL_PACKAGES,"08_HISTORICAL_PACKAGES/2026-07-24_dual_hatch_builds/dual-hatch-secure-20260724/source/src/lib/opus-1.2.1/laplace.c"
cb3ddf5ee52f,2142,2026-09-06,08_HISTORICAL_PACKAGES,"08_HISTORICAL_PACKAGES/2026-07-24_dual_hatch_builds/dual-hatch-secure-20260724/source/src/lib/opus-1.2.1/laplace.h"
707db4165541,2220,2026-09-06,08_HISTORICAL_PACKAGES,"08_HISTORICAL_PACKAGES/2026-07-24_dual_hatch_builds/dual-hatch-secure-20260724/source/src/lib/opus-1.2.1/lin2log.c"
4ce500b6b3ae,2636,2026-09-06,08_HISTORICAL_PACKAGES,"08_HISTORICAL_PACKAGES/2026-07-24_dual_hatch_builds/dual-hatch-secure-20260724/source/src/lib/opus-1.2.1/log2lin.c"
ea2a68f2cf06,6420,2026-09-06,08_HISTORICAL_PACKAGES,"08_HISTORICAL_PACKAGES/2026-07-24_dual_hatch_builds/dual-hatch-secure-20260724/source/src/lib/opus-1.2.1/macros.h"
3d00d22a00e7,32680,2026-09-06,08_HISTORICAL_PACKAGES,"08_HISTORICAL_PACKAGES/2026-07-24_dual_hatch_builds/dual-hatch-secure-20260724/source/src/lib/opus-1.2.1/main.h"
36eefa8698a7,19046,2026-09-06,08_HISTORICAL_PACKAGES,"08_HISTORICAL_PACKAGES/2026-07-24_dual_hatch_builds/dual-hatch-secure-20260724/source/src/lib/opus-1.2.1/main_FIX.h"
7c662626aeb4,6826,2026-09-06,08_HISTORICAL_PACKAGES,"08_HISTORICAL_PACKAGES/2026-07-24_dual_hatch_builds/dual-hatch-secure-20260724/source/src/lib/opus-1.2.1/mathops.c"
8ecfc69ab27b,7978,2026-09-06,08_HISTORICAL_PACKAGES,"08_HISTORICAL_PACKAGES/2026-07-24_dual_hatch_builds/dual-hatch-secure-20260724/source/src/lib/opus-1.2.1/mathops.h"
03f60fbde8d6,10898,2026-09-06,08_HISTORICAL_PACKAGES,"08_HISTORICAL_PACKAGES/2026-07-24_dual_hatch_builds/dual-hatch-secure-20260724/source/src/lib/opus-1.2.1/mdct.c"
c70bd44adeac,4776,2026-09-06,08_HISTORICAL_PACKAGES,"08_HISTORICAL_PACKAGES/2026-07-24_dual_hatch_builds/dual-hatch-secure-20260724/source/src/lib/opus-1.2.1/mdct.h"
5974c2341889,2232,2026-09-06,08_HISTORICAL_PACKAGES,"08_HISTORICAL_PACKAGES/2026-07-24_dual_hatch_builds/dual-hatch-secure-20260724/source/src/lib/opus-1.2.1/mfrngcod.h"
fa4fc250c5ee,4131,2026-09-06,08_HISTORICAL_PACKAGES,"08_HISTORICAL_PACKAGES/2026-07-24_dual_hatch_builds/dual-hatch-secure-20260724/source/src/lib/opus-1.2.1/mlp.c"
ced3054f955c,1614,2026-09-06,08_HISTORICAL_PACKAGES,"08_HISTORICAL_PACKAGES/2026-07-24_dual_hatch_builds/dual-hatch-secure-20260724/source/src/lib/opus-1.2.1/mlp.h"
e1faf5777866,5693,2026-09-06,08_HISTORICAL_PACKAGES,"08_HISTORICAL_PACKAGES/2026-07-24_dual_hatch_builds/dual-hatch-secure-20260724/source/src/lib/opus-1.2.1/mlp_data.c"
f95956d28e75,13951,2026-09-06,08_HISTORICAL_PACKAGES,"08_HISTORICAL_PACKAGES/2026-07-24_dual_hatch_builds/dual-hatch-secure-20260724/source/src/lib/opus-1.2.1/modes.c"
c38ac61f218a,2437,2026-09-06,08_HISTORICAL_PACKAGES,"08_HISTORICAL_PACKAGES/2026-07-24_dual_hatch_builds/dual-hatch-secure-20260724/source/src/lib/opus-1.2.1/modes.h"
c11fae78f542,20671,2026-09-06,08_HISTORICAL_PACKAGES,"08_HISTORICAL_PACKAGES/2026-07-24_dual_hatch_builds/dual-hatch-secure-20260724/source/src/lib/opus-1.2.1/noise_shape_analysis_FIX.c"
ff2bb0b492fe,9882,2026-09-06,08_HISTORICAL_PACKAGES,"08_HISTORICAL_PACKAGES/2026-07-24_dual_hatch_builds/dual-hatch-secure-20260724/source/src/lib/opus-1.2.1/opus.c"
24e57572c52e,48554,2026-09-06,08_HISTORICAL_PACKAGES,"08_HISTORICAL_PACKAGES/2026-07-24_dual_hatch_builds/dual-hatch-secure-20260724/source/src/lib/opus-1.2.1/opus.h"
630939691582,14768,2026-09-06,08_HISTORICAL_PACKAGES,"08_HISTORICAL_PACKAGES/2026-07-24_dual_hatch_builds/dual-hatch-secure-20260724/source/src/lib/opus-1.2.1/opus_custom.h"
6ad9a786d2f8,31152,2026-09-06,08_HISTORICAL_PACKAGES,"08_HISTORICAL_PACKAGES/2026-07-24_dual_hatch_builds/dual-hatch-secure-20260724/source/src/lib/opus-1.2.1/opus_decoder.c"
457f86f02454,34695,2026-09-06,08_HISTORICAL_PACKAGES,"08_HISTORICAL_PACKAGES/2026-07-24_dual_hatch_builds/dual-hatch-secure-20260724/source/src/lib/opus-1.2.1/opus_defines.h"
52f4c9142d3c,97200,2026-09-06,08_HISTORICAL_PACKAGES,"08_HISTORICAL_PACKAGES/2026-07-24_dual_hatch_builds/dual-hatch-secure-20260724/source/src/lib/opus-1.2.1/opus_encoder.c"
48c71105cc4f,2684,2026-09-06,08_HISTORICAL_PACKAGES,"08_HISTORICAL_PACKAGES/2026-07-24_dual_hatch_builds/dual-hatch-secure-20260724/source/src/lib/opus-1.2.1/opus_multistream.c"
0db4cb1379ad,33575,2026-09-06,08_HISTORICAL_PACKAGES,"08_HISTORICAL_PACKAGES/2026-07-24_dual_hatch_builds/dual-hatch-secure-20260724/source/src/lib/opus-1.2.1/opus_multistream.h"
86123545d945,14475,2026-09-06,08_HISTORICAL_PACKAGES,"08_HISTORICAL_PACKAGES/2026-07-24_dual_hatch_builds/dual-hatch-secure-20260724/source/src/lib/opus-1.2.1/opus_multistream_decoder.c"
407fe5115e38,40821,2026-09-06,08_HISTORICAL_PACKAGES,"08_HISTORICAL_PACKAGES/2026-07-24_dual_hatch_builds/dual-hatch-secure-20260724/source/src/lib/opus-1.2.1/opus_multistream_encoder.c"
cf7dad1dafb3,5052,2026-09-06,08_HISTORICAL_PACKAGES,"08_HISTORICAL_PACKAGES/2026-07-24_dual_hatch_builds/dual-hatch-secure-20260724/source/src/lib/opus-1.2.1/opus_private.h"
e2c1075e2656,4954,2026-09-06,08_HISTORICAL_PACKAGES,"08_HISTORICAL_PACKAGES/2026-07-24_dual_hatch_builds/dual-hatch-secure-20260724/source/src/lib/opus-1.2.1/opus_types.h"
4dc4eb0f3e97,3163,2026-09-06,08_HISTORICAL_PACKAGES,"08_HISTORICAL_PACKAGES/2026-07-24_dual_hatch_builds/dual-hatch-secure-20260724/source/src/lib/opus-1.2.1/os_support.h"
244d8f61620e,14459,2026-09-06,08_HISTORICAL_PACKAGES,"08_HISTORICAL_PACKAGES/2026-07-24_dual_hatch_builds/dual-hatch-secure-20260724/source/src/lib/opus-1.2.1/pitch.c"
76f858f0b7aa,5891,2026-09-06,08_HISTORICAL_PACKAGES,"08_HISTORICAL_PACKAGES/2026-07-24_dual_hatch_builds/dual-hatch-secure-20260724/source/src/lib/opus-1.2.1/pitch.h"
582f79679957,34345,2026-09-06,08_HISTORICAL_PACKAGES,"08_HISTORICAL_PACKAGES/2026-07-24_dual_hatch_builds/dual-hatch-secure-20260724/source/src/lib/opus-1.2.1/pitch_analysis_core_FIX.c"
ed1230792944,4061,2026-09-06,08_HISTORICAL_PACKAGES,"08_HISTORICAL_PACKAGES/2026-07-24_dual_hatch_builds/dual-hatch-secure-20260724/source/src/lib/opus-1.2.1/pitch_est_defines.h"
c0cf34e7d5ce,3589,2026-09-06,08_HISTORICAL_PACKAGES,"08_HISTORICAL_PACKAGES/2026-07-24_dual_hatch_builds/dual-hatch-secure-20260724/source/src/lib/opus-1.2.1/pitch_est_tables.c"
396ac86ece04,5447,2026-09-06,08_HISTORICAL_PACKAGES,"08_HISTORICAL_PACKAGES/2026-07-24_dual_hatch_builds/dual-hatch-secure-20260724/source/src/lib/opus-1.2.1/process_NLSFs.c"
92a25af5a235,6595,2026-09-06,08_HISTORICAL_PACKAGES,"08_HISTORICAL_PACKAGES/2026-07-24_dual_hatch_builds/dual-hatch-secure-20260724/source/src/lib/opus-1.2.1/process_gains_FIX.c"
1f9aa2768ee6,7351,2026-09-06,08_HISTORICAL_PACKAGES,"08_HISTORICAL_PACKAGES/2026-07-24_dual_hatch_builds/dual-hatch-secure-20260724/source/src/lib/opus-1.2.1/quant_LTP_gains.c"
d80db2e55c24,18714,2026-09-06,08_HISTORICAL_PACKAGES,"08_HISTORICAL_PACKAGES/2026-07-24_dual_hatch_builds/dual-hatch-secure-20260724/source/src/lib/opus-1.2.1/quant_bands.c"
fbe7d733d3dc,2974,2026-09-06,08_HISTORICAL_PACKAGES,"08_HISTORICAL_PACKAGES/2026-07-24_dual_hatch_builds/dual-hatch-secure-20260724/source/src/lib/opus-1.2.1/quant_bands.h"
5237183bbce2,21428,2026-09-06,08_HISTORICAL_PACKAGES,"08_HISTORICAL_PACKAGES/2026-07-24_dual_hatch_builds/dual-hatch-secure-20260724/source/src/lib/opus-1.2.1/rate.c"
c8611c953f22,3279,2026-09-06,08_HISTORICAL_PACKAGES,"08_HISTORICAL_PACKAGES/2026-07-24_dual_hatch_builds/dual-hatch-secure-20260724/source/src/lib/opus-1.2.1/rate.h"
7028df79d2ff,2626,2026-09-06,08_HISTORICAL_PACKAGES,"08_HISTORICAL_PACKAGES/2026-07-24_dual_hatch_builds/dual-hatch-secure-20260724/source/src/lib/opus-1.2.1/regularize_correlations_FIX.c"
84c84990fca1,9842,2026-09-06,08_HISTORICAL_PACKAGES,"08_HISTORICAL_PACKAGES/2026-07-24_dual_hatch_builds/dual-hatch-secure-20260724/source/src/lib/opus-1.2.1/repacketizer.c"
7e28b897c5b0,9931,2026-09-06,08_HISTORICAL_PACKAGES,"08_HISTORICAL_PACKAGES/2026-07-24_dual_hatch_builds/dual-hatch-secure-20260724/source/src/lib/opus-1.2.1/resampler.c"
7aa4cba793ab,3475,2026-09-06,08_HISTORICAL_PACKAGES,"08_HISTORICAL_PACKAGES/2026-07-24_dual_hatch_builds/dual-hatch-secure-20260724/source/src/lib/opus-1.2.1/resampler_down2.c"
2ab8318bf4bc,4765,2026-09-06,08_HISTORICAL_PACKAGES,"08_HISTORICAL_PACKAGES/2026-07-24_dual_hatch_builds/dual-hatch-secure-20260724/source/src/lib/opus-1.2.1/resampler_down2_3.c"
b14e6d03394a,4553,2026-09-06,08_HISTORICAL_PACKAGES,"08_HISTORICAL_PACKAGES/2026-07-24_dual_hatch_builds/dual-hatch-secure-20260724/source/src/lib/opus-1.2.1/resampler_private.h"
c16d50bde74b,2665,2026-09-06,08_HISTORICAL_PACKAGES,"08_HISTORICAL_PACKAGES/2026-07-24_dual_hatch_builds/dual-hatch-secure-20260724/source/src/lib/opus-1.2.1/resampler_private_AR2.c"
584c7b2afbcb,5231,2026-09-06,08_HISTORICAL_PACKAGES,"08_HISTORICAL_PACKAGES/2026-07-24_dual_hatch_builds/dual-hatch-secure-20260724/source/src/lib/opus-1.2.1/resampler_private_IIR_FIR.c"
5ed14a4557a3,10897,2026-09-06,08_HISTORICAL_PACKAGES,"08_HISTORICAL_PACKAGES/2026-07-24_dual_hatch_builds/dual-hatch-secure-20260724/source/src/lib/opus-1.2.1/resampler_private_down_FIR.c"
f06a982b8856,5367,2026-09-06,08_HISTORICAL_PACKAGES,"08_HISTORICAL_PACKAGES/2026-07-24_dual_hatch_builds/dual-hatch-secure-20260724/source/src/lib/opus-1.2.1/resampler_private_up2_HQ.c"
ec3ba5c620ee,4747,2026-09-06,08_HISTORICAL_PACKAGES,"08_HISTORICAL_PACKAGES/2026-07-24_dual_hatch_builds/dual-hatch-secure-20260724/source/src/lib/opus-1.2.1/resampler_rom.c"
68088e075048,3294,2026-09-06,08_HISTORICAL_PACKAGES,"08_HISTORICAL_PACKAGES/2026-07-24_dual_hatch_builds/dual-hatch-secure-20260724/source/src/lib/opus-1.2.1/resampler_rom.h"
b038e84c7d79,2615,2026-09-06,08_HISTORICAL_PACKAGES,"08_HISTORICAL_PACKAGES/2026-07-24_dual_hatch_builds/dual-hatch-secure-20260724/source/src/lib/opus-1.2.1/resampler_structs.h"
384cdf5f4142,4837,2026-09-06,08_HISTORICAL_PACKAGES,"08_HISTORICAL_PACKAGES/2026-07-24_dual_hatch_builds/dual-hatch-secure-20260724/source/src/lib/opus-1.2.1/residual_energy16_FIX.c"
633ed6d7d8da,5389,2026-09-06,08_HISTORICAL_PACKAGES,"08_HISTORICAL_PACKAGES/2026-07-24_dual_hatch_builds/dual-hatch-secure-20260724/source/src/lib/opus-1.2.1/residual_energy_FIX.c"
0dce2180da54,3994,2026-09-06,08_HISTORICAL_PACKAGES,"08_HISTORICAL_PACKAGES/2026-07-24_dual_hatch_builds/dual-hatch-secure-20260724/source/src/lib/opus-1.2.1/schur64_FIX.c"
ce05edf0c709,4447,2026-09-06,08_HISTORICAL_PACKAGES,"08_HISTORICAL_PACKAGES/2026-07-24_dual_hatch_builds/dual-hatch-secure-20260724/source/src/lib/opus-1.2.1/schur_FIX.c"
60b5a2786238,7718,2026-09-06,08_HISTORICAL_PACKAGES,"08_HISTORICAL_PACKAGES/2026-07-24_dual_hatch_builds/dual-hatch-secure-20260724/source/src/lib/opus-1.2.1/shell_coder.c"
339568f30645,3164,2026-09-06,08_HISTORICAL_PACKAGES,"08_HISTORICAL_PACKAGES/2026-07-24_dual_hatch_builds/dual-hatch-secure-20260724/source/src/lib/opus-1.2.1/sigm_Q15.c"
8436c8b92db9,6265,2026-09-06,08_HISTORICAL_PACKAGES,"08_HISTORICAL_PACKAGES/2026-07-24_dual_hatch_builds/dual-hatch-secure-20260724/source/src/lib/opus-1.2.1/sort.c"
603a5beb27f6,5989,2026-09-06,08_HISTORICAL_PACKAGES,"08_HISTORICAL_PACKAGES/2026-07-24_dual_hatch_builds/dual-hatch-secure-20260724/source/src/lib/opus-1.2.1/stack_alloc.h"
fd5405b0b950,32819,2026-09-06,08_HISTORICAL_PACKAGES,"08_HISTORICAL_PACKAGES/2026-07-24_dual_hatch_builds/dual-hatch-secure-20260724/source/src/lib/opus-1.2.1/static_modes_fixed.h"
9c49d71262dc,25209,2026-09-06,08_HISTORICAL_PACKAGES,"08_HISTORICAL_PACKAGES/2026-07-24_dual_hatch_builds/dual-hatch-secure-20260724/source/src/lib/opus-1.2.1/static_modes_fixed_arm_ne10.h"
65fdb130c42c,50919,2026-09-06,08_HISTORICAL_PACKAGES,"08_HISTORICAL_PACKAGES/2026-07-24_dual_hatch_builds/dual-hatch-secure-20260724/source/src/lib/opus-1.2.1/static_modes_float.h"
f17e57248f30,28613,2026-09-06,08_HISTORICAL_PACKAGES,"08_HISTORICAL_PACKAGES/2026-07-24_dual_hatch_builds/dual-hatch-secure-20260724/source/src/lib/opus-1.2.1/static_modes_float_arm_ne10.h"
b47a3a1257df,12473,2026-09-06,08_HISTORICAL_PACKAGES,"08_HISTORICAL_PACKAGES/2026-07-24_dual_hatch_builds/dual-hatch-secure-20260724/source/src/lib/opus-1.2.1/stereo_LR_to_MS.c"
af24277c7191,4871,2026-09-06,08_HISTORICAL_PACKAGES,"08_HISTORICAL_PACKAGES/2026-07-24_dual_hatch_builds/dual-hatch-secure-20260724/source/src/lib/opus-1.2.1/stereo_MS_to_LR.c"
b852fbd96ea3,3417,2026-09-06,08_HISTORICAL_PACKAGES,"08_HISTORICAL_PACKAGES/2026-07-24_dual_hatch_builds/dual-hatch-secure-20260724/source/src/lib/opus-1.2.1/stereo_decode_pred.c"
4634861dac77,2885,2026-09-06,08_HISTORICAL_PACKAGES,"08_HISTORICAL_PACKAGES/2026-07-24_dual_hatch_builds/dual-hatch-secure-20260724/source/src/lib/opus-1.2.1/stereo_encode_pred.c"
b77b33b43ab9,4374,2026-09-06,08_HISTORICAL_PACKAGES,"08_HISTORICAL_PACKAGES/2026-07-24_dual_hatch_builds/dual-hatch-secure-20260724/source/src/lib/opus-1.2.1/stereo_find_predictor.c"
8d1895de054a,3404,2026-09-06,08_HISTORICAL_PACKAGES,"08_HISTORICAL_PACKAGES/2026-07-24_dual_hatch_builds/dual-hatch-secure-20260724/source/src/lib/opus-1.2.1/stereo_quant_pred.c"
4f7173bc0400,21018,2026-09-06,08_HISTORICAL_PACKAGES,"08_HISTORICAL_PACKAGES/2026-07-24_dual_hatch_builds/dual-hatch-secure-20260724/source/src/lib/opus-1.2.1/structs.h"
a01a3611c279,5152,2026-09-06,08_HISTORICAL_PACKAGES,"08_HISTORICAL_PACKAGES/2026-07-24_dual_hatch_builds/dual-hatch-secure-20260724/source/src/lib/opus-1.2.1/structs_FIX.h"
710b83c92458,3790,2026-09-06,08_HISTORICAL_PACKAGES,"08_HISTORICAL_PACKAGES/2026-07-24_dual_hatch_builds/dual-hatch-secure-20260724/source/src/lib/opus-1.2.1/sum_sqr_shift.c"
9cae32dfdc4a,4191,2026-09-06,08_HISTORICAL_PACKAGES,"08_HISTORICAL_PACKAGES/2026-07-24_dual_hatch_builds/dual-hatch-secure-20260724/source/src/lib/opus-1.2.1/table_LSF_cos.c"
0e976672b3c9,7700,2026-09-06,08_HISTORICAL_PACKAGES,"08_HISTORICAL_PACKAGES/2026-07-24_dual_hatch_builds/dual-hatch-secure-20260724/source/src/lib/opus-1.2.1/tables.h"
95b4912701d4,7432,2026-09-06,08_HISTORICAL_PACKAGES,"08_HISTORICAL_PACKAGES/2026-07-24_dual_hatch_builds/dual-hatch-secure-20260724/source/src/lib/opus-1.2.1/tables_LTP.c"
94e49118901f,10785,2026-09-06,08_HISTORICAL_PACKAGES,"08_HISTORICAL_PACKAGES/2026-07-24_dual_hatch_builds/dual-hatch-secure-20260724/source/src/lib/opus-1.2.1/tables_NLSF_CB_NB_MB.c"
24a56112a6f6,14499,2026-09-06,08_HISTORICAL_PACKAGES,"08_HISTORICAL_PACKAGES/2026-07-24_dual_hatch_builds/dual-hatch-secure-20260724/source/src/lib/opus-1.2.1/tables_NLSF_CB_WB.c"
c91e247a6580,2519,2026-09-06,08_HISTORICAL_PACKAGES,"08_HISTORICAL_PACKAGES/2026-07-24_dual_hatch_builds/dual-hatch-secure-20260724/source/src/lib/opus-1.2.1/tables_gain.c"
1d8e66c52751,5445,2026-09-06,08_HISTORICAL_PACKAGES,"08_HISTORICAL_PACKAGES/2026-07-24_dual_hatch_builds/dual-hatch-secure-20260724/source/src/lib/opus-1.2.1/tables_other.c"
f504bbaf35a2,3068,2026-09-06,08_HISTORICAL_PACKAGES,"08_HISTORICAL_PACKAGES/2026-07-24_dual_hatch_builds/dual-hatch-secure-20260724/source/src/lib/opus-1.2.1/tables_pitch_lag.c"
2fb238cd3704,11423,2026-09-06,08_HISTORICAL_PACKAGES,"08_HISTORICAL_PACKAGES/2026-07-24_dual_hatch_builds/dual-hatch-secure-20260724/source/src/lib/opus-1.2.1/tables_pulses_per_block.c"
835fcdf08d5b,2304,2026-09-06,08_HISTORICAL_PACKAGES,"08_HISTORICAL_PACKAGES/2026-07-24_dual_hatch_builds/dual-hatch-secure-20260724/source/src/lib/opus-1.2.1/tansig_table.h"
752c03100137,6191,2026-09-06,08_HISTORICAL_PACKAGES,"08_HISTORICAL_PACKAGES/2026-07-24_dual_hatch_builds/dual-hatch-secure-20260724/source/src/lib/opus-1.2.1/tuning_parameters.h"
24e9365165de,3345,2026-09-06,08_HISTORICAL_PACKAGES,"08_HISTORICAL_PACKAGES/2026-07-24_dual_hatch_builds/dual-hatch-secure-20260724/source/src/lib/opus-1.2.1/typedef.h"
8aaf9937665d,4778,2026-09-06,08_HISTORICAL_PACKAGES,"08_HISTORICAL_PACKAGES/2026-07-24_dual_hatch_builds/dual-hatch-secure-20260724/source/src/lib/opus-1.2.1/vector_ops_FIX.c"
af23c4beaa6c,12850,2026-09-06,08_HISTORICAL_PACKAGES,"08_HISTORICAL_PACKAGES/2026-07-24_dual_hatch_builds/dual-hatch-secure-20260724/source/src/lib/opus-1.2.1/vq.c"
3664f207ab39,3175,2026-09-06,08_HISTORICAL_PACKAGES,"08_HISTORICAL_PACKAGES/2026-07-24_dual_hatch_builds/dual-hatch-secure-20260724/source/src/lib/opus-1.2.1/vq.h"
cd70ffc998d9,4656,2026-09-06,08_HISTORICAL_PACKAGES,"08_HISTORICAL_PACKAGES/2026-07-24_dual_hatch_builds/dual-hatch-secure-20260724/source/src/lib/opus-1.2.1/warped_autocorrelation_FIX.c"
820c9e721ae8,6202,2026-09-06,08_HISTORICAL_PACKAGES,"08_HISTORICAL_PACKAGES/2026-07-24_dual_hatch_builds/dual-hatch-secure-20260724/source/src/main.c"
1d87a76e6324,7252,2026-09-06,08_HISTORICAL_PACKAGES,"08_HISTORICAL_PACKAGES/2026-07-24_dual_hatch_builds/dual-hatch-secure-20260724/source/src/mic.c"
05e099214f04,546,2026-09-06,08_HISTORICAL_PACKAGES,"08_HISTORICAL_PACKAGES/2026-07-24_dual_hatch_builds/dual-hatch-secure-20260724/source/src/mic.h"
deb6b01c9a85,674,2026-09-06,08_HISTORICAL_PACKAGES,"08_HISTORICAL_PACKAGES/2026-07-24_dual_hatch_builds/dual-hatch-secure-20260724/source/src/opus_packet_helpers.c"
d615b4b4cd2b,1365,2026-09-06,08_HISTORICAL_PACKAGES,"08_HISTORICAL_PACKAGES/2026-07-24_dual_hatch_builds/dual-hatch-secure-20260724/source/src/recovery_touch.c"
779beb34f98e,585,2026-09-06,08_HISTORICAL_PACKAGES,"08_HISTORICAL_PACKAGES/2026-07-24_dual_hatch_builds/dual-hatch-secure-20260724/source/src/recovery_touch.h"
6aa4b149e646,3596,2026-09-06,08_HISTORICAL_PACKAGES,"08_HISTORICAL_PACKAGES/2026-07-24_dual_hatch_builds/dual-hatch-secure-20260724/source/src/recovery_usb.c"
ad6399fac25a,136,2026-09-06,08_HISTORICAL_PACKAGES,"08_HISTORICAL_PACKAGES/2026-07-24_dual_hatch_builds/dual-hatch-secure-20260724/source/src/recovery_usb.h"
15f0cbac10a8,40882,2026-09-06,08_HISTORICAL_PACKAGES,"08_HISTORICAL_PACKAGES/2026-07-24_dual_hatch_builds/dual-hatch-secure-20260724/source/src/transport.c"
661c98f78d35,274,2026-09-06,08_HISTORICAL_PACKAGES,"08_HISTORICAL_PACKAGES/2026-07-24_dual_hatch_builds/dual-hatch-secure-20260724/source/src/transport.h"
546ca7f31fa4,1653,2026-09-06,08_HISTORICAL_PACKAGES,"08_HISTORICAL_PACKAGES/2026-07-24_dual_hatch_builds/dual-hatch-secure-20260724/source/src/transport_safety.c"
e8a8ac7adaf2,724,2026-09-06,08_HISTORICAL_PACKAGES,"08_HISTORICAL_PACKAGES/2026-07-24_dual_hatch_builds/dual-hatch-secure-20260724/source/src/transport_safety.h"
87c01e3e4e12,1312,2026-09-06,08_HISTORICAL_PACKAGES,"08_HISTORICAL_PACKAGES/2026-07-24_dual_hatch_builds/dual-hatch-secure-20260724/source/src/utils.h"
d20975fe9a15,2383,2026-09-06,08_HISTORICAL_PACKAGES,"08_HISTORICAL_PACKAGES/2026-07-24_dual_hatch_builds/dual-hatch-secure-20260724/source/src/watchdog.c"
2ca1d7509dc4,3451,2026-09-06,08_HISTORICAL_PACKAGES,"08_HISTORICAL_PACKAGES/2026-07-24_dual_hatch_builds/dual-hatch-secure-20260724/source/src/watchdog.h"
582bc7c608ff,1463,2026-09-06,08_HISTORICAL_PACKAGES,"08_HISTORICAL_PACKAGES/2026-07-24_dual_hatch_builds/dual-hatch-secure-20260724/source/tests/recovery_touch_test.c"
31fd678f85fa,1247,2026-09-06,08_HISTORICAL_PACKAGES,"08_HISTORICAL_PACKAGES/2026-07-24_pendant_device_restore/MANIFEST.sha256"
afae81ea55a9,4647,2026-09-06,08_HISTORICAL_PACKAGES,"08_HISTORICAL_PACKAGES/2026-07-24_pendant_device_restore/README.md"
8d7e049bb2bc,83,2026-09-06,08_HISTORICAL_PACKAGES,"08_HISTORICAL_PACKAGES/2026-07-24_pendant_device_restore/TWILIO-ROLLBACK.txt"
a04f69e28e97,12429,2026-09-06,08_HISTORICAL_PACKAGES,"08_HISTORICAL_PACKAGES/2026-07-24_pendant_device_restore/WELCOME-BACK.md"
9061f7e31166,304,2026-09-06,08_HISTORICAL_PACKAGES,"08_HISTORICAL_PACKAGES/2026-07-24_pendant_device_restore/dfu-package/README-NOT-YET-BUILT.txt"
c9686baaa334,1908736,2026-09-06,08_HISTORICAL_PACKAGES,"08_HISTORICAL_PACKAGES/2026-07-24_pendant_device_restore/image/CURRENT-from-device-20260724.uf2"
b7cddedb7010,274468,2026-09-06,08_HISTORICAL_PACKAGES,"08_HISTORICAL_PACKAGES/2026-07-24_pendant_device_restore/image/zephyr.bin"
8d969ccd73a8,18300,2026-09-06,08_HISTORICAL_PACKAGES,"08_HISTORICAL_PACKAGES/2026-07-24_pendant_device_restore/image/zephyr.dts"
0f4dc109c685,5240756,2026-09-06,08_HISTORICAL_PACKAGES,"08_HISTORICAL_PACKAGES/2026-07-24_pendant_device_restore/image/zephyr.elf"
c0a6bde2319d,772213,2026-09-06,08_HISTORICAL_PACKAGES,"08_HISTORICAL_PACKAGES/2026-07-24_pendant_device_restore/image/zephyr.hex"
437dc9e33ef5,549376,2026-09-06,08_HISTORICAL_PACKAGES,"08_HISTORICAL_PACKAGES/2026-07-24_pendant_device_restore/image/zephyr.uf2"
f862439a1e5c,68241,2026-09-06,08_HISTORICAL_PACKAGES,"08_HISTORICAL_PACKAGES/2026-07-24_pendant_device_restore/provenance/.config"
3ce8729448cd,9047,2026-09-06,08_HISTORICAL_PACKAGES,"08_HISTORICAL_PACKAGES/2026-07-24_pendant_device_restore/provenance/ANTICIPY_DEVELOPMENT_BUILD_RECEIPT_NOT_FOR_FLASH.json"
ba3a6fa71fd7,2398,2026-09-06,08_HISTORICAL_PACKAGES,"08_HISTORICAL_PACKAGES/2026-07-24_pendant_device_restore/provenance/ANTICIPY_SOURCE_RECEIPT.json"
d1f824e2f325,520,2026-09-06,08_HISTORICAL_PACKAGES,"08_HISTORICAL_PACKAGES/2026-07-24_pendant_device_restore/provenance/ARTIFACT_SHA256SUMS.txt"
5b0ebf07d6b1,290,2026-09-06,08_HISTORICAL_PACKAGES,"08_HISTORICAL_PACKAGES/2026-07-24_pendant_device_restore/provenance/BUILD_COMMAND.txt"
a4c599ba28b9,52549,2026-09-06,08_HISTORICAL_PACKAGES,"08_HISTORICAL_PACKAGES/2026-07-24_pendant_device_restore/provenance/CMakeCache.txt"
a31e3a86b660,197,2026-09-06,08_HISTORICAL_PACKAGES,"08_HISTORICAL_PACKAGES/2026-07-24_pendant_device_restore/provenance/TOOL_VERSIONS.tsv"
ac86b569e2f9,1083,2026-09-06,08_HISTORICAL_PACKAGES,"08_HISTORICAL_PACKAGES/2026-07-24_pendant_device_restore/tools/recon/AUDIO_CAPTURE.txt"
9591541dfd04,920,2026-09-06,08_HISTORICAL_PACKAGES,"08_HISTORICAL_PACKAGES/2026-07-24_pendant_device_restore/tools/recon/Anticipy Audio Capture.app/Contents/Info.plist"
10b308c35c6a,196112,2026-09-06,08_HISTORICAL_PACKAGES,"08_HISTORICAL_PACKAGES/2026-07-24_pendant_device_restore/tools/recon/Anticipy Audio Capture.app/Contents/MacOS/audiocap"
6686de10a28a,2200,2026-09-06,08_HISTORICAL_PACKAGES,"08_HISTORICAL_PACKAGES/2026-07-24_pendant_device_restore/tools/recon/Anticipy Audio Capture.app/Contents/_CodeSignature/CodeResources"
f03e309da1d6,984,2026-09-06,08_HISTORICAL_PACKAGES,"08_HISTORICAL_PACKAGES/2026-07-24_pendant_device_restore/tools/recon/Anticipy Pendant Recon.app/Contents/Info.plist"
aaace99d82bd,125760,2026-09-06,08_HISTORICAL_PACKAGES,"08_HISTORICAL_PACKAGES/2026-07-24_pendant_device_restore/tools/recon/Anticipy Pendant Recon.app/Contents/MacOS/omi-probe"
6686de10a28a,2200,2026-09-06,08_HISTORICAL_PACKAGES,"08_HISTORICAL_PACKAGES/2026-07-24_pendant_device_restore/tools/recon/Anticipy Pendant Recon.app/Contents/_CodeSignature/CodeResources"
074bc9ab25af,986,2026-09-06,08_HISTORICAL_PACKAGES,"08_HISTORICAL_PACKAGES/2026-07-24_pendant_device_restore/tools/recon/Anticipy Pendant Survey.app/Contents/Info.plist"
fdffcaadde1b,192256,2026-09-06,08_HISTORICAL_PACKAGES,"08_HISTORICAL_PACKAGES/2026-07-24_pendant_device_restore/tools/recon/Anticipy Pendant Survey.app/Contents/MacOS/omi-survey"
6686de10a28a,2200,2026-09-06,08_HISTORICAL_PACKAGES,"08_HISTORICAL_PACKAGES/2026-07-24_pendant_device_restore/tools/recon/Anticipy Pendant Survey.app/Contents/_CodeSignature/CodeResources"
f3fa253beb17,2717,2026-09-06,08_HISTORICAL_PACKAGES,"08_HISTORICAL_PACKAGES/2026-07-24_pendant_device_restore/tools/recon/IDENT.txt"
aaaa365837a2,914,2026-09-06,08_HISTORICAL_PACKAGES,"08_HISTORICAL_PACKAGES/2026-07-24_pendant_device_restore/tools/recon/Pendant Identify.app/Contents/Info.plist"
f9e153ebce53,128704,2026-09-06,08_HISTORICAL_PACKAGES,"08_HISTORICAL_PACKAGES/2026-07-24_pendant_device_restore/tools/recon/Pendant Identify.app/Contents/MacOS/ident"
6686de10a28a,2200,2026-09-06,08_HISTORICAL_PACKAGES,"08_HISTORICAL_PACKAGES/2026-07-24_pendant_device_restore/tools/recon/Pendant Identify.app/Contents/_CodeSignature/CodeResources"
108c554dfad5,984,2026-09-06,08_HISTORICAL_PACKAGES,"08_HISTORICAL_PACKAGES/2026-07-24_pendant_device_restore/tools/recon/Pendant Survey 2.app/Contents/Info.plist"
83fd3c26a38d,196080,2026-09-06,08_HISTORICAL_PACKAGES,"08_HISTORICAL_PACKAGES/2026-07-24_pendant_device_restore/tools/recon/Pendant Survey 2.app/Contents/MacOS/omi-survey"
0e53949af612,192256,2026-09-06,08_HISTORICAL_PACKAGES,"08_HISTORICAL_PACKAGES/2026-07-24_pendant_device_restore/tools/recon/Pendant Survey 2.app/Contents/MacOS/survey2"
f66c8d6e5745,2428,2026-09-06,08_HISTORICAL_PACKAGES,"08_HISTORICAL_PACKAGES/2026-07-24_pendant_device_restore/tools/recon/Pendant Survey 2.app/Contents/_CodeSignature/CodeResources"
ef0c0f060a50,2146,2026-09-06,08_HISTORICAL_PACKAGES,"08_HISTORICAL_PACKAGES/2026-07-24_pendant_device_restore/tools/recon/RECON_RESULT.txt"
5adfd4a30ad9,10998,2026-09-06,08_HISTORICAL_PACKAGES,"08_HISTORICAL_PACKAGES/2026-07-24_pendant_device_restore/tools/recon/SURVEY2.txt"
cebf15ca70ee,1042,2026-09-06,08_HISTORICAL_PACKAGES,"08_HISTORICAL_PACKAGES/2026-07-24_pendant_device_restore/tools/recon/SURVEY_RESULT.txt"
874e80bc2aa5,20445,2026-09-06,08_HISTORICAL_PACKAGES,"08_HISTORICAL_PACKAGES/2026-07-24_pendant_device_restore/tools/recon/omi_probe_audio.swift"
881a35edcc2a,19790,2026-09-06,08_HISTORICAL_PACKAGES,"08_HISTORICAL_PACKAGES/2026-07-24_pendant_device_restore/tools/recon/omi_probe_autostart.swift"
3dcb87d48ce6,19494,2026-09-06,08_HISTORICAL_PACKAGES,"08_HISTORICAL_PACKAGES/2026-07-24_pendant_device_restore/tools/recon/omi_probe_gui_logged.swift"
c8e2e93ac527,17824,2026-09-06,08_HISTORICAL_PACKAGES,"08_HISTORICAL_PACKAGES/2026-07-24_pendant_device_restore/tools/recon/omi_probe_headless.swift"
6a2812d00584,20178,2026-09-06,08_HISTORICAL_PACKAGES,"08_HISTORICAL_PACKAGES/2026-07-24_pendant_device_restore/tools/recon/omi_probe_survey.swift"
b6395fabfa28,509952,2026-09-06,08_HISTORICAL_PACKAGES,"08_HISTORICAL_PACKAGES/2026-07-24_pendant_recovery_images/A-TRY-FIRST-dual-hatch-rc-internal-RC.uf2"
77ee2d67df00,255585,2026-09-06,08_HISTORICAL_PACKAGES,"08_HISTORICAL_PACKAGES/2026-07-24_pendant_recovery_images/A-TRY-FIRST-dual-hatch-rc-nrf52-legacy-ota.zip"
f1c9011a921b,509440,2026-09-06,08_HISTORICAL_PACKAGES,"08_HISTORICAL_PACKAGES/2026-07-24_pendant_recovery_images/B-dual-hatch-xtal-crystal.uf2"
e861aa9c2979,255474,2026-09-06,08_HISTORICAL_PACKAGES,"08_HISTORICAL_PACKAGES/2026-07-24_pendant_recovery_images/B-dual-hatch-xtal-nrf52-legacy-ota.zip"
1deb99cd3565,6262,2026-09-06,08_HISTORICAL_PACKAGES,"08_HISTORICAL_PACKAGES/2026-07-24_pendant_recovery_images/README.md"
ce1f5a1086bd,422,2026-09-06,08_HISTORICAL_PACKAGES,"08_HISTORICAL_PACKAGES/2026-07-24_pendant_recovery_images/SHA256SUMS.txt"
0d5f09ee1f0c,1143,2026-09-06,08_HISTORICAL_PACKAGES,"08_HISTORICAL_PACKAGES/2026-08-19_anticipy_design_ds_bundle/assembly/build-steps.html"
a54c825006a4,1144,2026-09-06,08_HISTORICAL_PACKAGES,"08_HISTORICAL_PACKAGES/2026-08-19_anticipy_design_ds_bundle/bom/per-unit.html"
2b9f4ced8c39,1357,2026-09-06,08_HISTORICAL_PACKAGES,"08_HISTORICAL_PACKAGES/2026-08-19_anticipy_design_ds_bundle/brand/identity.html"
714680faae44,463,2026-09-06,08_HISTORICAL_PACKAGES,"08_HISTORICAL_PACKAGES/2026-08-19_anticipy_design_ds_bundle/components/spec-table.html"
84d5436575cd,326,2026-09-06,08_HISTORICAL_PACKAGES,"08_HISTORICAL_PACKAGES/2026-08-19_anticipy_design_ds_bundle/components/step-card.html"
0c330efc6fde,1188,2026-09-06,08_HISTORICAL_PACKAGES,"08_HISTORICAL_PACKAGES/2026-08-19_anticipy_design_ds_bundle/hardware/battery-map.html"
0e145182a325,2504,2026-09-06,08_HISTORICAL_PACKAGES,"08_HISTORICAL_PACKAGES/2026-08-19_anticipy_design_ds_bundle/hardware/wiring-diagram.html"
2b227141c340,1107,2026-09-06,08_HISTORICAL_PACKAGES,"08_HISTORICAL_PACKAGES/2026-08-19_anticipy_design_ds_bundle/hardware/xiao-spec.html"
0d6b085d2339,859,2026-09-06,08_HISTORICAL_PACKAGES,"08_HISTORICAL_PACKAGES/2026-08-19_anticipy_design_ds_bundle/shell/print-plan.html"
9e670213ff1a,2355,2026-09-06,08_HISTORICAL_PACKAGES,"08_HISTORICAL_PACKAGES/2026-08-19_anticipy_design_ds_bundle/shell/shell-drawing.html"
cd3645699253,2519,2026-09-06,08_HISTORICAL_PACKAGES,"08_HISTORICAL_PACKAGES/2026-08-19_anticipy_design_ds_bundle/styles.css"
dec7742088cc,902225,2026-09-06,08_HISTORICAL_PACKAGES,"08_HISTORICAL_PACKAGES/2026-08-19_anticipy_shell_openscad/ANTICIPY_v4_3pendants.3mf"
326a0ce44bc4,37064,2026-09-06,08_HISTORICAL_PACKAGES,"08_HISTORICAL_PACKAGES/2026-08-19_anticipy_shell_openscad/BUILD_BOOK.html"
a316b06da0ef,8329,2026-09-06,08_HISTORICAL_PACKAGES,"08_HISTORICAL_PACKAGES/2026-08-19_anticipy_shell_openscad/COUPON_FIRST.3mf"
9afdfe546520,243857,2026-09-06,08_HISTORICAL_PACKAGES,"08_HISTORICAL_PACKAGES/2026-08-19_anticipy_shell_openscad/FINAL_v4_views.png"
e62b3b0e4fe9,1706,2026-09-06,08_HISTORICAL_PACKAGES,"08_HISTORICAL_PACKAGES/2026-08-19_anticipy_shell_openscad/HANDOFF.md"
24b782490565,1319971,2026-09-06,08_HISTORICAL_PACKAGES,"08_HISTORICAL_PACKAGES/2026-08-19_anticipy_shell_openscad/PRINT_ME_anticipy_all8.3mf"
bfbf8f9b5b41,894673,2026-09-06,08_HISTORICAL_PACKAGES,"08_HISTORICAL_PACKAGES/2026-08-19_anticipy_shell_openscad/PRINT_ME_v5_3pendants.3mf"
1a91ca7c1566,2307978,2026-09-06,08_HISTORICAL_PACKAGES,"08_HISTORICAL_PACKAGES/2026-08-19_anticipy_shell_openscad/PRINT_P1S_3pendants.3mf"
dca026876136,7218,2026-09-06,08_HISTORICAL_PACKAGES,"08_HISTORICAL_PACKAGES/2026-08-19_anticipy_shell_openscad/README.md"
3b88578ec4c3,4739790,2026-09-06,08_HISTORICAL_PACKAGES,"08_HISTORICAL_PACKAGES/2026-08-19_anticipy_shell_openscad/anticipy_print_package.zip"
fe462f872469,529,2026-09-06,08_HISTORICAL_PACKAGES,"08_HISTORICAL_PACKAGES/2026-08-19_anticipy_shell_openscad/anticipy_process.json"
02c44f26992a,154554,2026-09-06,08_HISTORICAL_PACKAGES,"08_HISTORICAL_PACKAGES/2026-08-19_anticipy_shell_openscad/beauty_back.png"
df1ff2ec697a,838377,2026-09-06,08_HISTORICAL_PACKAGES,"08_HISTORICAL_PACKAGES/2026-08-19_anticipy_shell_openscad/beauty_compare.png"
5cf5ac88d711,159619,2026-09-06,08_HISTORICAL_PACKAGES,"08_HISTORICAL_PACKAGES/2026-08-19_anticipy_shell_openscad/beauty_front.png"
ab97925b9115,445366,2026-09-06,08_HISTORICAL_PACKAGES,"08_HISTORICAL_PACKAGES/2026-08-19_anticipy_shell_openscad/beauty_plate.png"
98d6d056d861,132871,2026-09-06,08_HISTORICAL_PACKAGES,"08_HISTORICAL_PACKAGES/2026-08-19_anticipy_shell_openscad/beauty_threequarter.png"
7c055f2d405e,46976,2026-09-06,08_HISTORICAL_PACKAGES,"08_HISTORICAL_PACKAGES/2026-08-19_anticipy_shell_openscad/cmp_front.png"
87cd0913e6a3,600396,2026-09-06,08_HISTORICAL_PACKAGES,"08_HISTORICAL_PACKAGES/2026-08-19_anticipy_shell_openscad/cmp_side_by_side.png"
38325a4739fa,648,2026-09-06,08_HISTORICAL_PACKAGES,"08_HISTORICAL_PACKAGES/2026-08-19_anticipy_shell_openscad/cors_server.py"
f5f96e96a45d,27738,2026-09-06,08_HISTORICAL_PACKAGES,"08_HISTORICAL_PACKAGES/2026-08-19_anticipy_shell_openscad/doc_open_back.png"
99540441bc76,36861,2026-09-06,08_HISTORICAL_PACKAGES,"08_HISTORICAL_PACKAGES/2026-08-19_anticipy_shell_openscad/doc_open_front.png"
016c658dd748,16728,2026-09-06,08_HISTORICAL_PACKAGES,"08_HISTORICAL_PACKAGES/2026-08-19_anticipy_shell_openscad/doc_section.png"
f4f5c8d2c165,43714,2026-09-06,08_HISTORICAL_PACKAGES,"08_HISTORICAL_PACKAGES/2026-08-19_anticipy_shell_openscad/f1.png"
abf1743359b5,42220,2026-09-06,08_HISTORICAL_PACKAGES,"08_HISTORICAL_PACKAGES/2026-08-19_anticipy_shell_openscad/f2.png"
257d04db1cb0,14226,2026-09-06,08_HISTORICAL_PACKAGES,"08_HISTORICAL_PACKAGES/2026-08-19_anticipy_shell_openscad/f3.png"
d962439b618d,56166,2026-09-06,08_HISTORICAL_PACKAGES,"08_HISTORICAL_PACKAGES/2026-08-19_anticipy_shell_openscad/f4.png"
d135cfe6ca11,2757,2026-09-06,08_HISTORICAL_PACKAGES,"08_HISTORICAL_PACKAGES/2026-08-19_anticipy_shell_openscad/make_3mf.py"
e262858de5e1,2882,2026-09-06,08_HISTORICAL_PACKAGES,"08_HISTORICAL_PACKAGES/2026-08-19_anticipy_shell_openscad/make_3mf_coupon.py"
a7b3c2cfd0d1,2909,2026-09-06,08_HISTORICAL_PACKAGES,"08_HISTORICAL_PACKAGES/2026-08-19_anticipy_shell_openscad/make_3mf_v5.py"
391b70d89338,34520,2026-09-06,08_HISTORICAL_PACKAGES,"08_HISTORICAL_PACKAGES/2026-08-19_anticipy_shell_openscad/n_back.png"
5a418a54ae07,35727,2026-09-06,08_HISTORICAL_PACKAGES,"08_HISTORICAL_PACKAGES/2026-08-19_anticipy_shell_openscad/n_front.png"
c78e20b10694,36887,2026-09-06,08_HISTORICAL_PACKAGES,"08_HISTORICAL_PACKAGES/2026-08-19_anticipy_shell_openscad/n_open.png"
5018e378748c,39296,2026-09-06,08_HISTORICAL_PACKAGES,"08_HISTORICAL_PACKAGES/2026-08-19_anticipy_shell_openscad/n_persp.png"
c920d2fd56b0,18693,2026-09-06,08_HISTORICAL_PACKAGES,"08_HISTORICAL_PACKAGES/2026-08-19_anticipy_shell_openscad/pendant.scad"
fcd31d668021,14197,2026-09-06,08_HISTORICAL_PACKAGES,"08_HISTORICAL_PACKAGES/2026-08-19_anticipy_shell_openscad/pendant_v4_shipped_backup.scad"
c3aac1457632,4587,2026-09-06,08_HISTORICAL_PACKAGES,"08_HISTORICAL_PACKAGES/2026-08-19_anticipy_shell_openscad/render_beauty.py"
390b33faef3f,204,2026-09-06,08_HISTORICAL_PACKAGES,"08_HISTORICAL_PACKAGES/2026-08-19_anticipy_shell_openscad/result.json"
17c4d8678e95,34424,2026-09-06,08_HISTORICAL_PACKAGES,"08_HISTORICAL_PACKAGES/2026-08-19_anticipy_shell_openscad/shape_A_square.png"
ed2f95334893,41178,2026-09-06,08_HISTORICAL_PACKAGES,"08_HISTORICAL_PACKAGES/2026-08-19_anticipy_shell_openscad/shape_B_mid.png"
28d75fed431f,45289,2026-09-06,08_HISTORICAL_PACKAGES,"08_HISTORICAL_PACKAGES/2026-08-19_anticipy_shell_openscad/shape_C_stadium.png"
76f96aec0bf7,486533,2026-09-06,08_HISTORICAL_PACKAGES,"08_HISTORICAL_PACKAGES/2026-08-19_anticipy_shell_openscad/shape_options.png"
142f9286232e,782884,2026-09-06,08_HISTORICAL_PACKAGES,"08_HISTORICAL_PACKAGES/2026-08-19_anticipy_shell_openscad/stl/anticipy_v1_back.stl"
645dce41542e,468484,2026-09-06,08_HISTORICAL_PACKAGES,"08_HISTORICAL_PACKAGES/2026-08-19_anticipy_shell_openscad/stl/anticipy_v1_front.stl"
17c12bdb90b6,779384,2026-09-06,08_HISTORICAL_PACKAGES,"08_HISTORICAL_PACKAGES/2026-08-19_anticipy_shell_openscad/stl/anticipy_v2_back.stl"
c4456523e3cc,468884,2026-09-06,08_HISTORICAL_PACKAGES,"08_HISTORICAL_PACKAGES/2026-08-19_anticipy_shell_openscad/stl/anticipy_v2_front.stl"
ad0796d364dd,773384,2026-09-06,08_HISTORICAL_PACKAGES,"08_HISTORICAL_PACKAGES/2026-08-19_anticipy_shell_openscad/stl/anticipy_v3_back.stl"
35ca046dd0a1,470884,2026-09-06,08_HISTORICAL_PACKAGES,"08_HISTORICAL_PACKAGES/2026-08-19_anticipy_shell_openscad/stl/anticipy_v3_front.stl"
d1ed1e158910,787784,2026-09-06,08_HISTORICAL_PACKAGES,"08_HISTORICAL_PACKAGES/2026-08-19_anticipy_shell_openscad/stl/anticipy_v4_back.stl"
2d19d1990248,469184,2026-09-06,08_HISTORICAL_PACKAGES,"08_HISTORICAL_PACKAGES/2026-08-19_anticipy_shell_openscad/stl/anticipy_v4_front.stl"
885a88617dca,906684,2026-09-06,08_HISTORICAL_PACKAGES,"08_HISTORICAL_PACKAGES/2026-08-19_anticipy_shell_openscad/stl/pendant_v4_back.stl"
afc3ad28b46c,605084,2026-09-06,08_HISTORICAL_PACKAGES,"08_HISTORICAL_PACKAGES/2026-08-19_anticipy_shell_openscad/stl/pendant_v4_front.stl"
014bac82ad69,5484,2026-09-06,08_HISTORICAL_PACKAGES,"08_HISTORICAL_PACKAGES/2026-08-19_anticipy_shell_openscad/stl_v5/coupon_back.stl"
5e27e84a0d83,12584,2026-09-06,08_HISTORICAL_PACKAGES,"08_HISTORICAL_PACKAGES/2026-08-19_anticipy_shell_openscad/stl_v5/coupon_front_16.stl"
d09d827901f4,15384,2026-09-06,08_HISTORICAL_PACKAGES,"08_HISTORICAL_PACKAGES/2026-08-19_anticipy_shell_openscad/stl_v5/coupon_front_22.stl"
fd9c6664990b,18184,2026-09-06,08_HISTORICAL_PACKAGES,"08_HISTORICAL_PACKAGES/2026-08-19_anticipy_shell_openscad/stl_v5/coupon_front_28.stl"
e1705d10bb0d,906984,2026-09-06,08_HISTORICAL_PACKAGES,"08_HISTORICAL_PACKAGES/2026-08-19_anticipy_shell_openscad/stl_v5/v5_bat200_back.stl"
544f51c98849,593984,2026-09-06,08_HISTORICAL_PACKAGES,"08_HISTORICAL_PACKAGES/2026-08-19_anticipy_shell_openscad/stl_v5/v5_bat200_front.stl"
7bded16cd533,903084,2026-09-06,08_HISTORICAL_PACKAGES,"08_HISTORICAL_PACKAGES/2026-08-19_anticipy_shell_openscad/stl_v5/v5_v1_back.stl"
0fa05a6b658b,593484,2026-09-06,08_HISTORICAL_PACKAGES,"08_HISTORICAL_PACKAGES/2026-08-19_anticipy_shell_openscad/stl_v5/v5_v1_front.stl"
3bde2dfd5307,903784,2026-09-06,08_HISTORICAL_PACKAGES,"08_HISTORICAL_PACKAGES/2026-08-19_anticipy_shell_openscad/stl_v5/v5s_v1_back.stl"
2c10032fdc84,606784,2026-09-06,08_HISTORICAL_PACKAGES,"08_HISTORICAL_PACKAGES/2026-08-19_anticipy_shell_openscad/stl_v5/v5s_v1_front.stl"
545e4e726a9d,903184,2026-09-06,08_HISTORICAL_PACKAGES,"08_HISTORICAL_PACKAGES/2026-08-19_anticipy_shell_openscad/stl_v5/v5s_v2_back.stl"
1d79834a8613,607584,2026-09-06,08_HISTORICAL_PACKAGES,"08_HISTORICAL_PACKAGES/2026-08-19_anticipy_shell_openscad/stl_v5/v5s_v2_front.stl"
70f46175d06f,29008,2026-09-06,08_HISTORICAL_PACKAGES,"08_HISTORICAL_PACKAGES/2026-08-19_anticipy_shell_openscad/v4_back.png"
1a973a6d78a6,29580,2026-09-06,08_HISTORICAL_PACKAGES,"08_HISTORICAL_PACKAGES/2026-08-19_anticipy_shell_openscad/v4_front.png"
eb041358fbbc,32935,2026-09-06,08_HISTORICAL_PACKAGES,"08_HISTORICAL_PACKAGES/2026-08-19_anticipy_shell_openscad/v4_openback.png"
379589b75c31,39810,2026-09-06,08_HISTORICAL_PACKAGES,"08_HISTORICAL_PACKAGES/2026-08-19_anticipy_shell_openscad/v4_persp.png"
5a84e8ea82ff,21261,2026-09-06,08_HISTORICAL_PACKAGES,"08_HISTORICAL_PACKAGES/2026-08-19_anticipy_shell_openscad/v4_side.png"
4400ac96b031,27521,2026-09-06,08_HISTORICAL_PACKAGES,"08_HISTORICAL_PACKAGES/2026-08-19_anticipy_shell_openscad/w_back.png"
6a524069fdc7,28362,2026-09-06,08_HISTORICAL_PACKAGES,"08_HISTORICAL_PACKAGES/2026-08-19_anticipy_shell_openscad/w_front.png"
5975766d68ee,33206,2026-09-06,08_HISTORICAL_PACKAGES,"08_HISTORICAL_PACKAGES/2026-08-19_anticipy_shell_openscad/w_open.png"
5fc7d0a725f2,32720,2026-09-06,08_HISTORICAL_PACKAGES,"08_HISTORICAL_PACKAGES/2026-08-19_anticipy_shell_openscad/w_persp.png"
5c58648a2f40,3678,2026-09-06,08_HISTORICAL_PACKAGES,"08_HISTORICAL_PACKAGES/2026-08-27_v07_four_day_build_pack/FOUR_DAY_ORDER_SHEET.csv"
7213108cd014,5262,2026-09-06,08_HISTORICAL_PACKAGES,"08_HISTORICAL_PACKAGES/2026-08-27_v07_four_day_build_pack/START_HERE.md"
e3a2542696c4,1775,2026-09-06,08_HISTORICAL_PACKAGES,"08_HISTORICAL_PACKAGES/2026-08-27_v07_four_day_build_pack/WIRING_CARD.md"
cc052849fc7f,1271,2026-09-06,08_HISTORICAL_PACKAGES,"08_HISTORICAL_PACKAGES/2026-08-27_v07_four_day_build_pack/firmware/.clang-format"
174a4a88db69,1966,2026-09-06,08_HISTORICAL_PACKAGES,"08_HISTORICAL_PACKAGES/2026-08-27_v07_four_day_build_pack/firmware/.github/workflows/build-evt-firmware.yml"
43f169044a6f,6555,2026-09-06,08_HISTORICAL_PACKAGES,"08_HISTORICAL_PACKAGES/2026-08-27_v07_four_day_build_pack/firmware/CMakeLists.txt"
8c17e671ba4f,2338,2026-09-06,08_HISTORICAL_PACKAGES,"08_HISTORICAL_PACKAGES/2026-08-27_v07_four_day_build_pack/firmware/CMakePresets.json"
48052d00ddac,5854,2026-09-06,08_HISTORICAL_PACKAGES,"08_HISTORICAL_PACKAGES/2026-08-27_v07_four_day_build_pack/firmware/FOUR_DAY_FIRMWARE.md"
520bf4d844ed,785,2026-09-06,08_HISTORICAL_PACKAGES,"08_HISTORICAL_PACKAGES/2026-08-27_v07_four_day_build_pack/firmware/HOST_CHECK_OUTPUT.txt"
6da8a7b099e8,1198,2026-09-06,08_HISTORICAL_PACKAGES,"08_HISTORICAL_PACKAGES/2026-08-27_v07_four_day_build_pack/firmware/Kconfig"
807d6f12bd89,1152,2026-09-06,08_HISTORICAL_PACKAGES,"08_HISTORICAL_PACKAGES/2026-08-27_v07_four_day_build_pack/firmware/SOURCE_SHA256SUMS.txt"
83dfd8172a0c,15413,2026-09-06,08_HISTORICAL_PACKAGES,"08_HISTORICAL_PACKAGES/2026-08-27_v07_four_day_build_pack/firmware/anticipy_evt_firmware.patch"
88bf016e7631,659,2026-09-06,08_HISTORICAL_PACKAGES,"08_HISTORICAL_PACKAGES/2026-08-27_v07_four_day_build_pack/firmware/flash.sh"
6af837f5a34f,4360,2026-09-06,08_HISTORICAL_PACKAGES,"08_HISTORICAL_PACKAGES/2026-08-27_v07_four_day_build_pack/firmware/host_checks.py"
dcd9b60222ee,791,2026-09-06,08_HISTORICAL_PACKAGES,"08_HISTORICAL_PACKAGES/2026-08-27_v07_four_day_build_pack/firmware/overlay/xiao_ble_sense_devkitv1-spisd.overlay"
5ba0eb370457,43,2026-09-06,08_HISTORICAL_PACKAGES,"08_HISTORICAL_PACKAGES/2026-08-27_v07_four_day_build_pack/firmware/overlay/xiao_ble_sense_devkitv1.overlay"
5bc8c9bd64d6,2405,2026-09-06,08_HISTORICAL_PACKAGES,"08_HISTORICAL_PACKAGES/2026-08-27_v07_four_day_build_pack/firmware/overlay/xiao_ble_sense_devkitv2-adafruit.overlay"
095f82fa98be,2544,2026-09-06,08_HISTORICAL_PACKAGES,"08_HISTORICAL_PACKAGES/2026-08-27_v07_four_day_build_pack/firmware/prj_xiao_ble_sense_devkitv1-spisd.conf"
a9889f5f0318,2361,2026-09-06,08_HISTORICAL_PACKAGES,"08_HISTORICAL_PACKAGES/2026-08-27_v07_four_day_build_pack/firmware/prj_xiao_ble_sense_devkitv1.conf"
a05c518ce362,3720,2026-09-06,08_HISTORICAL_PACKAGES,"08_HISTORICAL_PACKAGES/2026-08-27_v07_four_day_build_pack/firmware/prj_xiao_ble_sense_devkitv2-adafruit.conf"
53ba925254ed,16008,2026-09-06,08_HISTORICAL_PACKAGES,"08_HISTORICAL_PACKAGES/2026-08-27_v07_four_day_build_pack/firmware/src/button.c"
f1d8c91af4ab,271,2026-09-06,08_HISTORICAL_PACKAGES,"08_HISTORICAL_PACKAGES/2026-08-27_v07_four_day_build_pack/firmware/src/button.h"
5600831641a4,3938,2026-09-06,08_HISTORICAL_PACKAGES,"08_HISTORICAL_PACKAGES/2026-08-27_v07_four_day_build_pack/firmware/src/codec.c"
988d99ac4629,402,2026-09-06,08_HISTORICAL_PACKAGES,"08_HISTORICAL_PACKAGES/2026-08-27_v07_four_day_build_pack/firmware/src/codec.h"
be3ac0d4f2a2,1267,2026-09-06,08_HISTORICAL_PACKAGES,"08_HISTORICAL_PACKAGES/2026-08-27_v07_four_day_build_pack/firmware/src/config.h"
84ef17fc0112,775,2026-09-06,08_HISTORICAL_PACKAGES,"08_HISTORICAL_PACKAGES/2026-08-27_v07_four_day_build_pack/firmware/src/led.c"
7f53b7d7f7a3,579,2026-09-06,08_HISTORICAL_PACKAGES,"08_HISTORICAL_PACKAGES/2026-08-27_v07_four_day_build_pack/firmware/src/led.h"
a2afbd9de731,7384,2026-09-06,08_HISTORICAL_PACKAGES,"08_HISTORICAL_PACKAGES/2026-08-27_v07_four_day_build_pack/firmware/src/lib/battery/battery.c"
737f0caa3b4d,2211,2026-09-06,08_HISTORICAL_PACKAGES,"08_HISTORICAL_PACKAGES/2026-08-27_v07_four_day_build_pack/firmware/src/lib/battery/battery.h"
8552687904b2,10759,2026-09-06,08_HISTORICAL_PACKAGES,"08_HISTORICAL_PACKAGES/2026-08-27_v07_four_day_build_pack/firmware/src/lib/opus-1.2.1/A2NLSF.c"
cc4d2169dddb,7175,2026-09-06,08_HISTORICAL_PACKAGES,"08_HISTORICAL_PACKAGES/2026-08-27_v07_four_day_build_pack/firmware/src/lib/opus-1.2.1/API.h"
eb8c9901f2a3,9599,2026-09-06,08_HISTORICAL_PACKAGES,"08_HISTORICAL_PACKAGES/2026-08-27_v07_four_day_build_pack/firmware/src/lib/opus-1.2.1/CNG.c"
8ced42dcf02a,3284,2026-09-06,08_HISTORICAL_PACKAGES,"08_HISTORICAL_PACKAGES/2026-08-27_v07_four_day_build_pack/firmware/src/lib/opus-1.2.1/CmakeLists.txt"
e528fcf0eebc,3989,2026-09-06,08_HISTORICAL_PACKAGES,"08_HISTORICAL_PACKAGES/2026-08-27_v07_four_day_build_pack/firmware/src/lib/opus-1.2.1/HP_variable_cutoff.c"
d8d637375bd1,7314,2026-09-06,08_HISTORICAL_PACKAGES,"08_HISTORICAL_PACKAGES/2026-08-27_v07_four_day_build_pack/firmware/src/lib/opus-1.2.1/Inlines.h"
f15ac8e1d21d,5015,2026-09-06,08_HISTORICAL_PACKAGES,"08_HISTORICAL_PACKAGES/2026-08-27_v07_four_day_build_pack/firmware/src/lib/opus-1.2.1/LPC_analysis_filter.c"
c24418dfdcd9,3957,2026-09-06,08_HISTORICAL_PACKAGES,"08_HISTORICAL_PACKAGES/2026-08-27_v07_four_day_build_pack/firmware/src/lib/opus-1.2.1/LPC_fit.c"
c2cc22922cd3,6161,2026-09-06,08_HISTORICAL_PACKAGES,"08_HISTORICAL_PACKAGES/2026-08-27_v07_four_day_build_pack/firmware/src/lib/opus-1.2.1/LPC_inv_pred_gain.c"
e17cec3098ec,6552,2026-09-06,08_HISTORICAL_PACKAGES,"08_HISTORICAL_PACKAGES/2026-08-27_v07_four_day_build_pack/firmware/src/lib/opus-1.2.1/LP_variable_cutoff.c"
e57c94e63891,4730,2026-09-06,08_HISTORICAL_PACKAGES,"08_HISTORICAL_PACKAGES/2026-08-27_v07_four_day_build_pack/firmware/src/lib/opus-1.2.1/LTP_analysis_filter_FIX.c"
d2b8a417bcad,2877,2026-09-06,08_HISTORICAL_PACKAGES,"08_HISTORICAL_PACKAGES/2026-08-27_v07_four_day_build_pack/firmware/src/lib/opus-1.2.1/LTP_scale_ctrl_FIX.c"
58441b221c2f,20764,2026-09-06,08_HISTORICAL_PACKAGES,"08_HISTORICAL_PACKAGES/2026-08-27_v07_four_day_build_pack/firmware/src/lib/opus-1.2.1/MacroCount.h"
7af465e3a640,33528,2026-09-06,08_HISTORICAL_PACKAGES,"08_HISTORICAL_PACKAGES/2026-08-27_v07_four_day_build_pack/firmware/src/lib/opus-1.2.1/MacroDebug.h"
89cf63c26906,6362,2026-09-06,08_HISTORICAL_PACKAGES,"08_HISTORICAL_PACKAGES/2026-08-27_v07_four_day_build_pack/firmware/src/lib/opus-1.2.1/NLSF2A.c"
d2742ac1f6cb,3975,2026-09-06,08_HISTORICAL_PACKAGES,"08_HISTORICAL_PACKAGES/2026-08-27_v07_four_day_build_pack/firmware/src/lib/opus-1.2.1/NLSF_VQ.c"
975b062a6bbd,3937,2026-09-06,08_HISTORICAL_PACKAGES,"08_HISTORICAL_PACKAGES/2026-08-27_v07_four_day_build_pack/firmware/src/lib/opus-1.2.1/NLSF_VQ_weights_laroia.c"
3d723c92896d,4766,2026-09-06,08_HISTORICAL_PACKAGES,"08_HISTORICAL_PACKAGES/2026-08-27_v07_four_day_build_pack/firmware/src/lib/opus-1.2.1/NLSF_decode.c"
3d045d2d5931,11896,2026-09-06,08_HISTORICAL_PACKAGES,"08_HISTORICAL_PACKAGES/2026-08-27_v07_four_day_build_pack/firmware/src/lib/opus-1.2.1/NLSF_del_dec_quant.c"
5fba9bb8dc77,6129,2026-09-06,08_HISTORICAL_PACKAGES,"08_HISTORICAL_PACKAGES/2026-08-27_v07_four_day_build_pack/firmware/src/lib/opus-1.2.1/NLSF_encode.c"
14c69720cd90,6347,2026-09-06,08_HISTORICAL_PACKAGES,"08_HISTORICAL_PACKAGES/2026-08-27_v07_four_day_build_pack/firmware/src/lib/opus-1.2.1/NLSF_stabilize.c"
e94e9519bb38,2949,2026-09-06,08_HISTORICAL_PACKAGES,"08_HISTORICAL_PACKAGES/2026-08-27_v07_four_day_build_pack/firmware/src/lib/opus-1.2.1/NLSF_unpack.c"
473b46b62b04,22787,2026-09-06,08_HISTORICAL_PACKAGES,"08_HISTORICAL_PACKAGES/2026-08-27_v07_four_day_build_pack/firmware/src/lib/opus-1.2.1/NSQ.c"
7ef6eec66064,4288,2026-09-06,08_HISTORICAL_PACKAGES,"08_HISTORICAL_PACKAGES/2026-08-27_v07_four_day_build_pack/firmware/src/lib/opus-1.2.1/NSQ.h"
1e66080620da,39434,2026-09-06,08_HISTORICAL_PACKAGES,"08_HISTORICAL_PACKAGES/2026-08-27_v07_four_day_build_pack/firmware/src/lib/opus-1.2.1/NSQ_del_dec.c"
fefb38726ec0,20451,2026-09-06,08_HISTORICAL_PACKAGES,"08_HISTORICAL_PACKAGES/2026-08-27_v07_four_day_build_pack/firmware/src/lib/opus-1.2.1/PLC.c"
f67f0d84ddae,3261,2026-09-06,08_HISTORICAL_PACKAGES,"08_HISTORICAL_PACKAGES/2026-08-27_v07_four_day_build_pack/firmware/src/lib/opus-1.2.1/PLC.h"
1484eb810598,39242,2026-09-06,08_HISTORICAL_PACKAGES,"08_HISTORICAL_PACKAGES/2026-08-27_v07_four_day_build_pack/firmware/src/lib/opus-1.2.1/SigProc_FIX.h"
3ab5d7cc2839,15042,2026-09-06,08_HISTORICAL_PACKAGES,"08_HISTORICAL_PACKAGES/2026-08-27_v07_four_day_build_pack/firmware/src/lib/opus-1.2.1/VAD.c"
4d6e893e1b7b,7138,2026-09-06,08_HISTORICAL_PACKAGES,"08_HISTORICAL_PACKAGES/2026-08-27_v07_four_day_build_pack/firmware/src/lib/opus-1.2.1/VQ_WMat_EC.c"
b36149a0a4bb,5935,2026-09-06,08_HISTORICAL_PACKAGES,"08_HISTORICAL_PACKAGES/2026-08-27_v07_four_day_build_pack/firmware/src/lib/opus-1.2.1/_kiss_fft_guts.h"
d277973dbada,3770,2026-09-06,08_HISTORICAL_PACKAGES,"08_HISTORICAL_PACKAGES/2026-08-27_v07_four_day_build_pack/firmware/src/lib/opus-1.2.1/ana_filt_bank_1.c"
063d73e0755d,36054,2026-09-06,08_HISTORICAL_PACKAGES,"08_HISTORICAL_PACKAGES/2026-08-27_v07_four_day_build_pack/firmware/src/lib/opus-1.2.1/analysis.c"
c862ac10d4ea,4080,2026-09-06,08_HISTORICAL_PACKAGES,"08_HISTORICAL_PACKAGES/2026-08-27_v07_four_day_build_pack/firmware/src/lib/opus-1.2.1/analysis.h"
58c5b569dc7c,4921,2026-09-06,08_HISTORICAL_PACKAGES,"08_HISTORICAL_PACKAGES/2026-08-27_v07_four_day_build_pack/firmware/src/lib/opus-1.2.1/apply_sine_window_FIX.c"
7d2609cf4ce8,7778,2026-09-06,08_HISTORICAL_PACKAGES,"08_HISTORICAL_PACKAGES/2026-08-27_v07_four_day_build_pack/firmware/src/lib/opus-1.2.1/arch.h"
53b3e0024db7,3234,2026-09-06,08_HISTORICAL_PACKAGES,"08_HISTORICAL_PACKAGES/2026-08-27_v07_four_day_build_pack/firmware/src/lib/opus-1.2.1/arm/LPC_inv_pred_gain_arm.h"
61d2709dca89,5477,2026-09-06,08_HISTORICAL_PACKAGES,"08_HISTORICAL_PACKAGES/2026-08-27_v07_four_day_build_pack/firmware/src/lib/opus-1.2.1/arm/NSQ_del_dec_arm.h"
7582f536ee38,2254,2026-09-06,08_HISTORICAL_PACKAGES,"08_HISTORICAL_PACKAGES/2026-08-27_v07_four_day_build_pack/firmware/src/lib/opus-1.2.1/arm/SigProc_FIX_armv4.h"
75645e689c04,2765,2026-09-06,08_HISTORICAL_PACKAGES,"08_HISTORICAL_PACKAGES/2026-08-27_v07_four_day_build_pack/firmware/src/lib/opus-1.2.1/arm/SigProc_FIX_armv5e.h"
c6b803609ea3,2481,2026-09-06,08_HISTORICAL_PACKAGES,"08_HISTORICAL_PACKAGES/2026-08-27_v07_four_day_build_pack/firmware/src/lib/opus-1.2.1/arm/armcpu.h"
aeb87daec248,4421,2026-09-06,08_HISTORICAL_PACKAGES,"08_HISTORICAL_PACKAGES/2026-08-27_v07_four_day_build_pack/firmware/src/lib/opus-1.2.1/arm/biquad_alt_arm.h"
049a413aa633,14065,2026-09-06,08_HISTORICAL_PACKAGES,"08_HISTORICAL_PACKAGES/2026-08-27_v07_four_day_build_pack/firmware/src/lib/opus-1.2.1/arm/celt_pitch_xcorr_arm_gcc.s"
420dc0ff08d7,13699,2026-09-06,08_HISTORICAL_PACKAGES,"08_HISTORICAL_PACKAGES/2026-08-27_v07_four_day_build_pack/firmware/src/lib/opus-1.2.1/arm/celt_pitch_xcorr_arm_iar.s"
af2127640e4a,13247,2026-09-06,08_HISTORICAL_PACKAGES,"08_HISTORICAL_PACKAGES/2026-08-27_v07_four_day_build_pack/firmware/src/lib/opus-1.2.1/arm/celt_pitch_xcorr_arm_keil.s"
84c83aaed010,3445,2026-09-06,08_HISTORICAL_PACKAGES,"08_HISTORICAL_PACKAGES/2026-08-27_v07_four_day_build_pack/firmware/src/lib/opus-1.2.1/arm/fixed_armv4.h"
2ea12bc025f7,5628,2026-09-06,08_HISTORICAL_PACKAGES,"08_HISTORICAL_PACKAGES/2026-08-27_v07_four_day_build_pack/firmware/src/lib/opus-1.2.1/arm/fixed_armv5e.h"
6e41b8f62c4d,4660,2026-09-06,08_HISTORICAL_PACKAGES,"08_HISTORICAL_PACKAGES/2026-08-27_v07_four_day_build_pack/firmware/src/lib/opus-1.2.1/arm/kiss_fft_armv4.h"
104a476f9ab3,6494,2026-09-06,08_HISTORICAL_PACKAGES,"08_HISTORICAL_PACKAGES/2026-08-27_v07_four_day_build_pack/firmware/src/lib/opus-1.2.1/arm/kiss_fft_armv5e.h"
a6418f0d3424,4734,2026-09-06,08_HISTORICAL_PACKAGES,"08_HISTORICAL_PACKAGES/2026-08-27_v07_four_day_build_pack/firmware/src/lib/opus-1.2.1/arm/macros_armv4.h"
93c8673dcf54,8482,2026-09-06,08_HISTORICAL_PACKAGES,"08_HISTORICAL_PACKAGES/2026-08-27_v07_four_day_build_pack/firmware/src/lib/opus-1.2.1/arm/macros_armv5e.h"
beaecb333350,6436,2026-09-06,08_HISTORICAL_PACKAGES,"08_HISTORICAL_PACKAGES/2026-08-27_v07_four_day_build_pack/firmware/src/lib/opus-1.2.1/arm/pitch_arm.h"
fc57330ccb4f,4264,2026-09-06,08_HISTORICAL_PACKAGES,"08_HISTORICAL_PACKAGES/2026-08-27_v07_four_day_build_pack/firmware/src/lib/opus-1.2.1/arm/warped_autocorrelation_FIX_arm.h"
16aceb2d3d8a,2725,2026-09-06,08_HISTORICAL_PACKAGES,"08_HISTORICAL_PACKAGES/2026-08-27_v07_four_day_build_pack/firmware/src/lib/opus-1.2.1/autocorr_FIX.c"
b3bb71c4598d,51184,2026-09-06,08_HISTORICAL_PACKAGES,"08_HISTORICAL_PACKAGES/2026-08-27_v07_four_day_build_pack/firmware/src/lib/opus-1.2.1/bands.c"
571d86a58491,5417,2026-09-06,08_HISTORICAL_PACKAGES,"08_HISTORICAL_PACKAGES/2026-08-27_v07_four_day_build_pack/firmware/src/lib/opus-1.2.1/bands.h"
cab5911f028e,6886,2026-09-06,08_HISTORICAL_PACKAGES,"08_HISTORICAL_PACKAGES/2026-08-27_v07_four_day_build_pack/firmware/src/lib/opus-1.2.1/biquad_alt.c"
65e4117e6a2c,16792,2026-09-06,08_HISTORICAL_PACKAGES,"08_HISTORICAL_PACKAGES/2026-08-27_v07_four_day_build_pack/firmware/src/lib/opus-1.2.1/burg_modified_FIX.c"
f01c2e6752d8,2760,2026-09-06,08_HISTORICAL_PACKAGES,"08_HISTORICAL_PACKAGES/2026-08-27_v07_four_day_build_pack/firmware/src/lib/opus-1.2.1/bwexpander.c"
81ae3a2a4fa9,2490,2026-09-06,08_HISTORICAL_PACKAGES,"08_HISTORICAL_PACKAGES/2026-08-27_v07_four_day_build_pack/firmware/src/lib/opus-1.2.1/bwexpander_32.c"
5a6ccbc8e3d8,9107,2026-09-06,08_HISTORICAL_PACKAGES,"08_HISTORICAL_PACKAGES/2026-08-27_v07_four_day_build_pack/firmware/src/lib/opus-1.2.1/celt.c"
92868264a9e2,7812,2026-09-06,08_HISTORICAL_PACKAGES,"08_HISTORICAL_PACKAGES/2026-08-27_v07_four_day_build_pack/firmware/src/lib/opus-1.2.1/celt.h"
07d1e12d0baa,41237,2026-09-06,08_HISTORICAL_PACKAGES,"08_HISTORICAL_PACKAGES/2026-08-27_v07_four_day_build_pack/firmware/src/lib/opus-1.2.1/celt_decoder.c"
7893e9e91088,82045,2026-09-06,08_HISTORICAL_PACKAGES,"08_HISTORICAL_PACKAGES/2026-08-27_v07_four_day_build_pack/firmware/src/lib/opus-1.2.1/celt_encoder.c"
75364dace691,7996,2026-09-06,08_HISTORICAL_PACKAGES,"08_HISTORICAL_PACKAGES/2026-08-27_v07_four_day_build_pack/firmware/src/lib/opus-1.2.1/celt_lpc.c"
84f34c883133,2221,2026-09-06,08_HISTORICAL_PACKAGES,"08_HISTORICAL_PACKAGES/2026-08-27_v07_four_day_build_pack/firmware/src/lib/opus-1.2.1/celt_lpc.h"
f01ebcb1b221,4939,2026-09-06,08_HISTORICAL_PACKAGES,"08_HISTORICAL_PACKAGES/2026-08-27_v07_four_day_build_pack/firmware/src/lib/opus-1.2.1/check_control_input.c"
becd3134a77e,5554,2026-09-06,08_HISTORICAL_PACKAGES,"08_HISTORICAL_PACKAGES/2026-08-27_v07_four_day_build_pack/firmware/src/lib/opus-1.2.1/code_signs.c"
21847e9acd78,2723,2026-09-06,08_HISTORICAL_PACKAGES,"08_HISTORICAL_PACKAGES/2026-08-27_v07_four_day_build_pack/firmware/src/lib/opus-1.2.1/config.h"
9c63ee1b8a46,6165,2026-09-06,08_HISTORICAL_PACKAGES,"08_HISTORICAL_PACKAGES/2026-08-27_v07_four_day_build_pack/firmware/src/lib/opus-1.2.1/control.h"
d82dbf53b207,3407,2026-09-06,08_HISTORICAL_PACKAGES,"08_HISTORICAL_PACKAGES/2026-08-27_v07_four_day_build_pack/firmware/src/lib/opus-1.2.1/control_SNR.c"
3567b33e96da,5712,2026-09-06,08_HISTORICAL_PACKAGES,"08_HISTORICAL_PACKAGES/2026-08-27_v07_four_day_build_pack/firmware/src/lib/opus-1.2.1/control_audio_bandwidth.c"
81bb138d8471,20591,2026-09-06,08_HISTORICAL_PACKAGES,"08_HISTORICAL_PACKAGES/2026-08-27_v07_four_day_build_pack/firmware/src/lib/opus-1.2.1/control_codec.c"
dc73a44c5a98,8335,2026-09-06,08_HISTORICAL_PACKAGES,"08_HISTORICAL_PACKAGES/2026-08-27_v07_four_day_build_pack/firmware/src/lib/opus-1.2.1/corrMatrix_FIX.c"
36a4b37807a8,2372,2026-09-06,08_HISTORICAL_PACKAGES,"08_HISTORICAL_PACKAGES/2026-08-27_v07_four_day_build_pack/firmware/src/lib/opus-1.2.1/cpu_support.h"
aefb978dc715,28257,2026-09-06,08_HISTORICAL_PACKAGES,"08_HISTORICAL_PACKAGES/2026-08-27_v07_four_day_build_pack/firmware/src/lib/opus-1.2.1/cwrs.c"
7705be67d58e,1885,2026-09-06,08_HISTORICAL_PACKAGES,"08_HISTORICAL_PACKAGES/2026-08-27_v07_four_day_build_pack/firmware/src/lib/opus-1.2.1/cwrs.h"
face052ec8cb,6849,2026-09-06,08_HISTORICAL_PACKAGES,"08_HISTORICAL_PACKAGES/2026-08-27_v07_four_day_build_pack/firmware/src/lib/opus-1.2.1/debug.c"
071907a9dc3e,12960,2026-09-06,08_HISTORICAL_PACKAGES,"08_HISTORICAL_PACKAGES/2026-08-27_v07_four_day_build_pack/firmware/src/lib/opus-1.2.1/debug.h"
a15a863439a4,19853,2026-09-06,08_HISTORICAL_PACKAGES,"08_HISTORICAL_PACKAGES/2026-08-27_v07_four_day_build_pack/firmware/src/lib/opus-1.2.1/dec_API.c"
a93b22fc6497,11900,2026-09-06,08_HISTORICAL_PACKAGES,"08_HISTORICAL_PACKAGES/2026-08-27_v07_four_day_build_pack/firmware/src/lib/opus-1.2.1/decode_core.c"
9813390d7d67,6152,2026-09-06,08_HISTORICAL_PACKAGES,"08_HISTORICAL_PACKAGES/2026-08-27_v07_four_day_build_pack/firmware/src/lib/opus-1.2.1/decode_frame.c"
9371600217e3,7246,2026-09-06,08_HISTORICAL_PACKAGES,"08_HISTORICAL_PACKAGES/2026-08-27_v07_four_day_build_pack/firmware/src/lib/opus-1.2.1/decode_indices.c"
d86e43fd07b7,5527,2026-09-06,08_HISTORICAL_PACKAGES,"08_HISTORICAL_PACKAGES/2026-08-27_v07_four_day_build_pack/firmware/src/lib/opus-1.2.1/decode_parameters.c"
6b1de5dd4d14,3717,2026-09-06,08_HISTORICAL_PACKAGES,"08_HISTORICAL_PACKAGES/2026-08-27_v07_four_day_build_pack/firmware/src/lib/opus-1.2.1/decode_pitch.c"
efaba90323d2,5598,2026-09-06,08_HISTORICAL_PACKAGES,"08_HISTORICAL_PACKAGES/2026-08-27_v07_four_day_build_pack/firmware/src/lib/opus-1.2.1/decode_pulses.c"
5befab6798ef,4968,2026-09-06,08_HISTORICAL_PACKAGES,"08_HISTORICAL_PACKAGES/2026-08-27_v07_four_day_build_pack/firmware/src/lib/opus-1.2.1/decoder_set_fs.c"
7c8386374b31,9707,2026-09-06,08_HISTORICAL_PACKAGES,"08_HISTORICAL_PACKAGES/2026-08-27_v07_four_day_build_pack/firmware/src/lib/opus-1.2.1/define.h"
a334f1ead35b,3749,2026-09-06,08_HISTORICAL_PACKAGES,"08_HISTORICAL_PACKAGES/2026-08-27_v07_four_day_build_pack/firmware/src/lib/opus-1.2.1/ecintrin.h"
8f161e5f1953,31946,2026-09-06,08_HISTORICAL_PACKAGES,"08_HISTORICAL_PACKAGES/2026-08-27_v07_four_day_build_pack/firmware/src/lib/opus-1.2.1/enc_API.c"
f340e1a4f4cd,23458,2026-09-06,08_HISTORICAL_PACKAGES,"08_HISTORICAL_PACKAGES/2026-08-27_v07_four_day_build_pack/firmware/src/lib/opus-1.2.1/encode_frame_FIX.c"
f5320210d7e9,9360,2026-09-06,08_HISTORICAL_PACKAGES,"08_HISTORICAL_PACKAGES/2026-08-27_v07_four_day_build_pack/firmware/src/lib/opus-1.2.1/encode_indices.c"
dc0acb54b36c,8839,2026-09-06,08_HISTORICAL_PACKAGES,"08_HISTORICAL_PACKAGES/2026-08-27_v07_four_day_build_pack/firmware/src/lib/opus-1.2.1/encode_pulses.c"
fb52778fb752,5700,2026-09-06,08_HISTORICAL_PACKAGES,"08_HISTORICAL_PACKAGES/2026-08-27_v07_four_day_build_pack/firmware/src/lib/opus-1.2.1/entcode.c"
af64d2ac226e,5414,2026-09-06,08_HISTORICAL_PACKAGES,"08_HISTORICAL_PACKAGES/2026-08-27_v07_four_day_build_pack/firmware/src/lib/opus-1.2.1/entcode.h"
0b0542909f1b,8016,2026-09-06,08_HISTORICAL_PACKAGES,"08_HISTORICAL_PACKAGES/2026-08-27_v07_four_day_build_pack/firmware/src/lib/opus-1.2.1/entdec.c"
c1be6eaefef0,4835,2026-09-06,08_HISTORICAL_PACKAGES,"08_HISTORICAL_PACKAGES/2026-08-27_v07_four_day_build_pack/firmware/src/lib/opus-1.2.1/entdec.h"
c6d8287d6d09,9561,2026-09-06,08_HISTORICAL_PACKAGES,"08_HISTORICAL_PACKAGES/2026-08-27_v07_four_day_build_pack/firmware/src/lib/opus-1.2.1/entenc.c"
6c56e4803119,5427,2026-09-06,08_HISTORICAL_PACKAGES,"08_HISTORICAL_PACKAGES/2026-08-27_v07_four_day_build_pack/firmware/src/lib/opus-1.2.1/entenc.h"
3bbf21416af6,3640,2026-09-06,08_HISTORICAL_PACKAGES,"08_HISTORICAL_PACKAGES/2026-08-27_v07_four_day_build_pack/firmware/src/lib/opus-1.2.1/errors.h"
4b92d7ab9833,7361,2026-09-06,08_HISTORICAL_PACKAGES,"08_HISTORICAL_PACKAGES/2026-08-27_v07_four_day_build_pack/firmware/src/lib/opus-1.2.1/find_LPC_FIX.c"
3d3e6eb73870,5422,2026-09-06,08_HISTORICAL_PACKAGES,"08_HISTORICAL_PACKAGES/2026-08-27_v07_four_day_build_pack/firmware/src/lib/opus-1.2.1/find_LTP_FIX.c"
328294c9916f,7330,2026-09-06,08_HISTORICAL_PACKAGES,"08_HISTORICAL_PACKAGES/2026-08-27_v07_four_day_build_pack/firmware/src/lib/opus-1.2.1/find_pitch_lags_FIX.c"
3b9343a2d841,7543,2026-09-06,08_HISTORICAL_PACKAGES,"08_HISTORICAL_PACKAGES/2026-08-27_v07_four_day_build_pack/firmware/src/lib/opus-1.2.1/find_pred_coefs_FIX.c"
f21919139e0e,21206,2026-09-06,08_HISTORICAL_PACKAGES,"08_HISTORICAL_PACKAGES/2026-08-27_v07_four_day_build_pack/firmware/src/lib/opus-1.2.1/fixed_debug.h"
7c820d7e19f4,7953,2026-09-06,08_HISTORICAL_PACKAGES,"08_HISTORICAL_PACKAGES/2026-08-27_v07_four_day_build_pack/firmware/src/lib/opus-1.2.1/fixed_generic.h"
019f8ec97b5f,5001,2026-09-06,08_HISTORICAL_PACKAGES,"08_HISTORICAL_PACKAGES/2026-08-27_v07_four_day_build_pack/firmware/src/lib/opus-1.2.1/float_cast.h"
070223b7a209,6928,2026-09-06,08_HISTORICAL_PACKAGES,"08_HISTORICAL_PACKAGES/2026-08-27_v07_four_day_build_pack/firmware/src/lib/opus-1.2.1/gain_quant.c"
b89c51b04b8d,2366,2026-09-06,08_HISTORICAL_PACKAGES,"08_HISTORICAL_PACKAGES/2026-08-27_v07_four_day_build_pack/firmware/src/lib/opus-1.2.1/init_decoder.c"
713097da7082,2877,2026-09-06,08_HISTORICAL_PACKAGES,"08_HISTORICAL_PACKAGES/2026-08-27_v07_four_day_build_pack/firmware/src/lib/opus-1.2.1/init_encoder.c"
11356406441d,2451,2026-09-06,08_HISTORICAL_PACKAGES,"08_HISTORICAL_PACKAGES/2026-08-27_v07_four_day_build_pack/firmware/src/lib/opus-1.2.1/inner_prod_aligned.c"
7ca78007663a,2601,2026-09-06,08_HISTORICAL_PACKAGES,"08_HISTORICAL_PACKAGES/2026-08-27_v07_four_day_build_pack/firmware/src/lib/opus-1.2.1/interpolate.c"
0dbe9b0849be,2675,2026-09-06,08_HISTORICAL_PACKAGES,"08_HISTORICAL_PACKAGES/2026-08-27_v07_four_day_build_pack/firmware/src/lib/opus-1.2.1/k2a_FIX.c"
22f0dcde79d7,2622,2026-09-06,08_HISTORICAL_PACKAGES,"08_HISTORICAL_PACKAGES/2026-08-27_v07_four_day_build_pack/firmware/src/lib/opus-1.2.1/k2a_Q16_FIX.c"
badf5056eb5e,17003,2026-09-06,08_HISTORICAL_PACKAGES,"08_HISTORICAL_PACKAGES/2026-08-27_v07_four_day_build_pack/firmware/src/lib/opus-1.2.1/kiss_fft.c"
6ad018d5223c,6295,2026-09-06,08_HISTORICAL_PACKAGES,"08_HISTORICAL_PACKAGES/2026-08-27_v07_four_day_build_pack/firmware/src/lib/opus-1.2.1/kiss_fft.h"
a46d602528d7,4022,2026-09-06,08_HISTORICAL_PACKAGES,"08_HISTORICAL_PACKAGES/2026-08-27_v07_four_day_build_pack/firmware/src/lib/opus-1.2.1/laplace.c"
cb3ddf5ee52f,2142,2026-09-06,08_HISTORICAL_PACKAGES,"08_HISTORICAL_PACKAGES/2026-08-27_v07_four_day_build_pack/firmware/src/lib/opus-1.2.1/laplace.h"
707db4165541,2220,2026-09-06,08_HISTORICAL_PACKAGES,"08_HISTORICAL_PACKAGES/2026-08-27_v07_four_day_build_pack/firmware/src/lib/opus-1.2.1/lin2log.c"
4ce500b6b3ae,2636,2026-09-06,08_HISTORICAL_PACKAGES,"08_HISTORICAL_PACKAGES/2026-08-27_v07_four_day_build_pack/firmware/src/lib/opus-1.2.1/log2lin.c"
ea2a68f2cf06,6420,2026-09-06,08_HISTORICAL_PACKAGES,"08_HISTORICAL_PACKAGES/2026-08-27_v07_four_day_build_pack/firmware/src/lib/opus-1.2.1/macros.h"
3d00d22a00e7,32680,2026-09-06,08_HISTORICAL_PACKAGES,"08_HISTORICAL_PACKAGES/2026-08-27_v07_four_day_build_pack/firmware/src/lib/opus-1.2.1/main.h"
36eefa8698a7,19046,2026-09-06,08_HISTORICAL_PACKAGES,"08_HISTORICAL_PACKAGES/2026-08-27_v07_four_day_build_pack/firmware/src/lib/opus-1.2.1/main_FIX.h"
7c662626aeb4,6826,2026-09-06,08_HISTORICAL_PACKAGES,"08_HISTORICAL_PACKAGES/2026-08-27_v07_four_day_build_pack/firmware/src/lib/opus-1.2.1/mathops.c"
8ecfc69ab27b,7978,2026-09-06,08_HISTORICAL_PACKAGES,"08_HISTORICAL_PACKAGES/2026-08-27_v07_four_day_build_pack/firmware/src/lib/opus-1.2.1/mathops.h"
03f60fbde8d6,10898,2026-09-06,08_HISTORICAL_PACKAGES,"08_HISTORICAL_PACKAGES/2026-08-27_v07_four_day_build_pack/firmware/src/lib/opus-1.2.1/mdct.c"
c70bd44adeac,4776,2026-09-06,08_HISTORICAL_PACKAGES,"08_HISTORICAL_PACKAGES/2026-08-27_v07_four_day_build_pack/firmware/src/lib/opus-1.2.1/mdct.h"
5974c2341889,2232,2026-09-06,08_HISTORICAL_PACKAGES,"08_HISTORICAL_PACKAGES/2026-08-27_v07_four_day_build_pack/firmware/src/lib/opus-1.2.1/mfrngcod.h"
fa4fc250c5ee,4131,2026-09-06,08_HISTORICAL_PACKAGES,"08_HISTORICAL_PACKAGES/2026-08-27_v07_four_day_build_pack/firmware/src/lib/opus-1.2.1/mlp.c"
ced3054f955c,1614,2026-09-06,08_HISTORICAL_PACKAGES,"08_HISTORICAL_PACKAGES/2026-08-27_v07_four_day_build_pack/firmware/src/lib/opus-1.2.1/mlp.h"
e1faf5777866,5693,2026-09-06,08_HISTORICAL_PACKAGES,"08_HISTORICAL_PACKAGES/2026-08-27_v07_four_day_build_pack/firmware/src/lib/opus-1.2.1/mlp_data.c"
f95956d28e75,13951,2026-09-06,08_HISTORICAL_PACKAGES,"08_HISTORICAL_PACKAGES/2026-08-27_v07_four_day_build_pack/firmware/src/lib/opus-1.2.1/modes.c"
c38ac61f218a,2437,2026-09-06,08_HISTORICAL_PACKAGES,"08_HISTORICAL_PACKAGES/2026-08-27_v07_four_day_build_pack/firmware/src/lib/opus-1.2.1/modes.h"
c11fae78f542,20671,2026-09-06,08_HISTORICAL_PACKAGES,"08_HISTORICAL_PACKAGES/2026-08-27_v07_four_day_build_pack/firmware/src/lib/opus-1.2.1/noise_shape_analysis_FIX.c"
ff2bb0b492fe,9882,2026-09-06,08_HISTORICAL_PACKAGES,"08_HISTORICAL_PACKAGES/2026-08-27_v07_four_day_build_pack/firmware/src/lib/opus-1.2.1/opus.c"
24e57572c52e,48554,2026-09-06,08_HISTORICAL_PACKAGES,"08_HISTORICAL_PACKAGES/2026-08-27_v07_four_day_build_pack/firmware/src/lib/opus-1.2.1/opus.h"
630939691582,14768,2026-09-06,08_HISTORICAL_PACKAGES,"08_HISTORICAL_PACKAGES/2026-08-27_v07_four_day_build_pack/firmware/src/lib/opus-1.2.1/opus_custom.h"
6ad9a786d2f8,31152,2026-09-06,08_HISTORICAL_PACKAGES,"08_HISTORICAL_PACKAGES/2026-08-27_v07_four_day_build_pack/firmware/src/lib/opus-1.2.1/opus_decoder.c"
457f86f02454,34695,2026-09-06,08_HISTORICAL_PACKAGES,"08_HISTORICAL_PACKAGES/2026-08-27_v07_four_day_build_pack/firmware/src/lib/opus-1.2.1/opus_defines.h"
52f4c9142d3c,97200,2026-09-06,08_HISTORICAL_PACKAGES,"08_HISTORICAL_PACKAGES/2026-08-27_v07_four_day_build_pack/firmware/src/lib/opus-1.2.1/opus_encoder.c"
48c71105cc4f,2684,2026-09-06,08_HISTORICAL_PACKAGES,"08_HISTORICAL_PACKAGES/2026-08-27_v07_four_day_build_pack/firmware/src/lib/opus-1.2.1/opus_multistream.c"
0db4cb1379ad,33575,2026-09-06,08_HISTORICAL_PACKAGES,"08_HISTORICAL_PACKAGES/2026-08-27_v07_four_day_build_pack/firmware/src/lib/opus-1.2.1/opus_multistream.h"
86123545d945,14475,2026-09-06,08_HISTORICAL_PACKAGES,"08_HISTORICAL_PACKAGES/2026-08-27_v07_four_day_build_pack/firmware/src/lib/opus-1.2.1/opus_multistream_decoder.c"
407fe5115e38,40821,2026-09-06,08_HISTORICAL_PACKAGES,"08_HISTORICAL_PACKAGES/2026-08-27_v07_four_day_build_pack/firmware/src/lib/opus-1.2.1/opus_multistream_encoder.c"
cf7dad1dafb3,5052,2026-09-06,08_HISTORICAL_PACKAGES,"08_HISTORICAL_PACKAGES/2026-08-27_v07_four_day_build_pack/firmware/src/lib/opus-1.2.1/opus_private.h"
e2c1075e2656,4954,2026-09-06,08_HISTORICAL_PACKAGES,"08_HISTORICAL_PACKAGES/2026-08-27_v07_four_day_build_pack/firmware/src/lib/opus-1.2.1/opus_types.h"
4dc4eb0f3e97,3163,2026-09-06,08_HISTORICAL_PACKAGES,"08_HISTORICAL_PACKAGES/2026-08-27_v07_four_day_build_pack/firmware/src/lib/opus-1.2.1/os_support.h"
244d8f61620e,14459,2026-09-06,08_HISTORICAL_PACKAGES,"08_HISTORICAL_PACKAGES/2026-08-27_v07_four_day_build_pack/firmware/src/lib/opus-1.2.1/pitch.c"
76f858f0b7aa,5891,2026-09-06,08_HISTORICAL_PACKAGES,"08_HISTORICAL_PACKAGES/2026-08-27_v07_four_day_build_pack/firmware/src/lib/opus-1.2.1/pitch.h"
582f79679957,34345,2026-09-06,08_HISTORICAL_PACKAGES,"08_HISTORICAL_PACKAGES/2026-08-27_v07_four_day_build_pack/firmware/src/lib/opus-1.2.1/pitch_analysis_core_FIX.c"
ed1230792944,4061,2026-09-06,08_HISTORICAL_PACKAGES,"08_HISTORICAL_PACKAGES/2026-08-27_v07_four_day_build_pack/firmware/src/lib/opus-1.2.1/pitch_est_defines.h"
c0cf34e7d5ce,3589,2026-09-06,08_HISTORICAL_PACKAGES,"08_HISTORICAL_PACKAGES/2026-08-27_v07_four_day_build_pack/firmware/src/lib/opus-1.2.1/pitch_est_tables.c"
396ac86ece04,5447,2026-09-06,08_HISTORICAL_PACKAGES,"08_HISTORICAL_PACKAGES/2026-08-27_v07_four_day_build_pack/firmware/src/lib/opus-1.2.1/process_NLSFs.c"
92a25af5a235,6595,2026-09-06,08_HISTORICAL_PACKAGES,"08_HISTORICAL_PACKAGES/2026-08-27_v07_four_day_build_pack/firmware/src/lib/opus-1.2.1/process_gains_FIX.c"
1f9aa2768ee6,7351,2026-09-06,08_HISTORICAL_PACKAGES,"08_HISTORICAL_PACKAGES/2026-08-27_v07_four_day_build_pack/firmware/src/lib/opus-1.2.1/quant_LTP_gains.c"
d80db2e55c24,18714,2026-09-06,08_HISTORICAL_PACKAGES,"08_HISTORICAL_PACKAGES/2026-08-27_v07_four_day_build_pack/firmware/src/lib/opus-1.2.1/quant_bands.c"
fbe7d733d3dc,2974,2026-09-06,08_HISTORICAL_PACKAGES,"08_HISTORICAL_PACKAGES/2026-08-27_v07_four_day_build_pack/firmware/src/lib/opus-1.2.1/quant_bands.h"
5237183bbce2,21428,2026-09-06,08_HISTORICAL_PACKAGES,"08_HISTORICAL_PACKAGES/2026-08-27_v07_four_day_build_pack/firmware/src/lib/opus-1.2.1/rate.c"
c8611c953f22,3279,2026-09-06,08_HISTORICAL_PACKAGES,"08_HISTORICAL_PACKAGES/2026-08-27_v07_four_day_build_pack/firmware/src/lib/opus-1.2.1/rate.h"
7028df79d2ff,2626,2026-09-06,08_HISTORICAL_PACKAGES,"08_HISTORICAL_PACKAGES/2026-08-27_v07_four_day_build_pack/firmware/src/lib/opus-1.2.1/regularize_correlations_FIX.c"
84c84990fca1,9842,2026-09-06,08_HISTORICAL_PACKAGES,"08_HISTORICAL_PACKAGES/2026-08-27_v07_four_day_build_pack/firmware/src/lib/opus-1.2.1/repacketizer.c"
7e28b897c5b0,9931,2026-09-06,08_HISTORICAL_PACKAGES,"08_HISTORICAL_PACKAGES/2026-08-27_v07_four_day_build_pack/firmware/src/lib/opus-1.2.1/resampler.c"
7aa4cba793ab,3475,2026-09-06,08_HISTORICAL_PACKAGES,"08_HISTORICAL_PACKAGES/2026-08-27_v07_four_day_build_pack/firmware/src/lib/opus-1.2.1/resampler_down2.c"
2ab8318bf4bc,4765,2026-09-06,08_HISTORICAL_PACKAGES,"08_HISTORICAL_PACKAGES/2026-08-27_v07_four_day_build_pack/firmware/src/lib/opus-1.2.1/resampler_down2_3.c"
b14e6d03394a,4553,2026-09-06,08_HISTORICAL_PACKAGES,"08_HISTORICAL_PACKAGES/2026-08-27_v07_four_day_build_pack/firmware/src/lib/opus-1.2.1/resampler_private.h"
c16d50bde74b,2665,2026-09-06,08_HISTORICAL_PACKAGES,"08_HISTORICAL_PACKAGES/2026-08-27_v07_four_day_build_pack/firmware/src/lib/opus-1.2.1/resampler_private_AR2.c"
584c7b2afbcb,5231,2026-09-06,08_HISTORICAL_PACKAGES,"08_HISTORICAL_PACKAGES/2026-08-27_v07_four_day_build_pack/firmware/src/lib/opus-1.2.1/resampler_private_IIR_FIR.c"
5ed14a4557a3,10897,2026-09-06,08_HISTORICAL_PACKAGES,"08_HISTORICAL_PACKAGES/2026-08-27_v07_four_day_build_pack/firmware/src/lib/opus-1.2.1/resampler_private_down_FIR.c"
f06a982b8856,5367,2026-09-06,08_HISTORICAL_PACKAGES,"08_HISTORICAL_PACKAGES/2026-08-27_v07_four_day_build_pack/firmware/src/lib/opus-1.2.1/resampler_private_up2_HQ.c"
ec3ba5c620ee,4747,2026-09-06,08_HISTORICAL_PACKAGES,"08_HISTORICAL_PACKAGES/2026-08-27_v07_four_day_build_pack/firmware/src/lib/opus-1.2.1/resampler_rom.c"
68088e075048,3294,2026-09-06,08_HISTORICAL_PACKAGES,"08_HISTORICAL_PACKAGES/2026-08-27_v07_four_day_build_pack/firmware/src/lib/opus-1.2.1/resampler_rom.h"
b038e84c7d79,2615,2026-09-06,08_HISTORICAL_PACKAGES,"08_HISTORICAL_PACKAGES/2026-08-27_v07_four_day_build_pack/firmware/src/lib/opus-1.2.1/resampler_structs.h"
384cdf5f4142,4837,2026-09-06,08_HISTORICAL_PACKAGES,"08_HISTORICAL_PACKAGES/2026-08-27_v07_four_day_build_pack/firmware/src/lib/opus-1.2.1/residual_energy16_FIX.c"
633ed6d7d8da,5389,2026-09-06,08_HISTORICAL_PACKAGES,"08_HISTORICAL_PACKAGES/2026-08-27_v07_four_day_build_pack/firmware/src/lib/opus-1.2.1/residual_energy_FIX.c"
0dce2180da54,3994,2026-09-06,08_HISTORICAL_PACKAGES,"08_HISTORICAL_PACKAGES/2026-08-27_v07_four_day_build_pack/firmware/src/lib/opus-1.2.1/schur64_FIX.c"
ce05edf0c709,4447,2026-09-06,08_HISTORICAL_PACKAGES,"08_HISTORICAL_PACKAGES/2026-08-27_v07_four_day_build_pack/firmware/src/lib/opus-1.2.1/schur_FIX.c"
60b5a2786238,7718,2026-09-06,08_HISTORICAL_PACKAGES,"08_HISTORICAL_PACKAGES/2026-08-27_v07_four_day_build_pack/firmware/src/lib/opus-1.2.1/shell_coder.c"
339568f30645,3164,2026-09-06,08_HISTORICAL_PACKAGES,"08_HISTORICAL_PACKAGES/2026-08-27_v07_four_day_build_pack/firmware/src/lib/opus-1.2.1/sigm_Q15.c"
8436c8b92db9,6265,2026-09-06,08_HISTORICAL_PACKAGES,"08_HISTORICAL_PACKAGES/2026-08-27_v07_four_day_build_pack/firmware/src/lib/opus-1.2.1/sort.c"
603a5beb27f6,5989,2026-09-06,08_HISTORICAL_PACKAGES,"08_HISTORICAL_PACKAGES/2026-08-27_v07_four_day_build_pack/firmware/src/lib/opus-1.2.1/stack_alloc.h"
fd5405b0b950,32819,2026-09-06,08_HISTORICAL_PACKAGES,"08_HISTORICAL_PACKAGES/2026-08-27_v07_four_day_build_pack/firmware/src/lib/opus-1.2.1/static_modes_fixed.h"
9c49d71262dc,25209,2026-09-06,08_HISTORICAL_PACKAGES,"08_HISTORICAL_PACKAGES/2026-08-27_v07_four_day_build_pack/firmware/src/lib/opus-1.2.1/static_modes_fixed_arm_ne10.h"
65fdb130c42c,50919,2026-09-06,08_HISTORICAL_PACKAGES,"08_HISTORICAL_PACKAGES/2026-08-27_v07_four_day_build_pack/firmware/src/lib/opus-1.2.1/static_modes_float.h"
f17e57248f30,28613,2026-09-06,08_HISTORICAL_PACKAGES,"08_HISTORICAL_PACKAGES/2026-08-27_v07_four_day_build_pack/firmware/src/lib/opus-1.2.1/static_modes_float_arm_ne10.h"
b47a3a1257df,12473,2026-09-06,08_HISTORICAL_PACKAGES,"08_HISTORICAL_PACKAGES/2026-08-27_v07_four_day_build_pack/firmware/src/lib/opus-1.2.1/stereo_LR_to_MS.c"
af24277c7191,4871,2026-09-06,08_HISTORICAL_PACKAGES,"08_HISTORICAL_PACKAGES/2026-08-27_v07_four_day_build_pack/firmware/src/lib/opus-1.2.1/stereo_MS_to_LR.c"
b852fbd96ea3,3417,2026-09-06,08_HISTORICAL_PACKAGES,"08_HISTORICAL_PACKAGES/2026-08-27_v07_four_day_build_pack/firmware/src/lib/opus-1.2.1/stereo_decode_pred.c"
4634861dac77,2885,2026-09-06,08_HISTORICAL_PACKAGES,"08_HISTORICAL_PACKAGES/2026-08-27_v07_four_day_build_pack/firmware/src/lib/opus-1.2.1/stereo_encode_pred.c"
b77b33b43ab9,4374,2026-09-06,08_HISTORICAL_PACKAGES,"08_HISTORICAL_PACKAGES/2026-08-27_v07_four_day_build_pack/firmware/src/lib/opus-1.2.1/stereo_find_predictor.c"
8d1895de054a,3404,2026-09-06,08_HISTORICAL_PACKAGES,"08_HISTORICAL_PACKAGES/2026-08-27_v07_four_day_build_pack/firmware/src/lib/opus-1.2.1/stereo_quant_pred.c"
4f7173bc0400,21018,2026-09-06,08_HISTORICAL_PACKAGES,"08_HISTORICAL_PACKAGES/2026-08-27_v07_four_day_build_pack/firmware/src/lib/opus-1.2.1/structs.h"
a01a3611c279,5152,2026-09-06,08_HISTORICAL_PACKAGES,"08_HISTORICAL_PACKAGES/2026-08-27_v07_four_day_build_pack/firmware/src/lib/opus-1.2.1/structs_FIX.h"
710b83c92458,3790,2026-09-06,08_HISTORICAL_PACKAGES,"08_HISTORICAL_PACKAGES/2026-08-27_v07_four_day_build_pack/firmware/src/lib/opus-1.2.1/sum_sqr_shift.c"
9cae32dfdc4a,4191,2026-09-06,08_HISTORICAL_PACKAGES,"08_HISTORICAL_PACKAGES/2026-08-27_v07_four_day_build_pack/firmware/src/lib/opus-1.2.1/table_LSF_cos.c"
0e976672b3c9,7700,2026-09-06,08_HISTORICAL_PACKAGES,"08_HISTORICAL_PACKAGES/2026-08-27_v07_four_day_build_pack/firmware/src/lib/opus-1.2.1/tables.h"
95b4912701d4,7432,2026-09-06,08_HISTORICAL_PACKAGES,"08_HISTORICAL_PACKAGES/2026-08-27_v07_four_day_build_pack/firmware/src/lib/opus-1.2.1/tables_LTP.c"
94e49118901f,10785,2026-09-06,08_HISTORICAL_PACKAGES,"08_HISTORICAL_PACKAGES/2026-08-27_v07_four_day_build_pack/firmware/src/lib/opus-1.2.1/tables_NLSF_CB_NB_MB.c"
24a56112a6f6,14499,2026-09-06,08_HISTORICAL_PACKAGES,"08_HISTORICAL_PACKAGES/2026-08-27_v07_four_day_build_pack/firmware/src/lib/opus-1.2.1/tables_NLSF_CB_WB.c"
c91e247a6580,2519,2026-09-06,08_HISTORICAL_PACKAGES,"08_HISTORICAL_PACKAGES/2026-08-27_v07_four_day_build_pack/firmware/src/lib/opus-1.2.1/tables_gain.c"
1d8e66c52751,5445,2026-09-06,08_HISTORICAL_PACKAGES,"08_HISTORICAL_PACKAGES/2026-08-27_v07_four_day_build_pack/firmware/src/lib/opus-1.2.1/tables_other.c"
f504bbaf35a2,3068,2026-09-06,08_HISTORICAL_PACKAGES,"08_HISTORICAL_PACKAGES/2026-08-27_v07_four_day_build_pack/firmware/src/lib/opus-1.2.1/tables_pitch_lag.c"
2fb238cd3704,11423,2026-09-06,08_HISTORICAL_PACKAGES,"08_HISTORICAL_PACKAGES/2026-08-27_v07_four_day_build_pack/firmware/src/lib/opus-1.2.1/tables_pulses_per_block.c"
835fcdf08d5b,2304,2026-09-06,08_HISTORICAL_PACKAGES,"08_HISTORICAL_PACKAGES/2026-08-27_v07_four_day_build_pack/firmware/src/lib/opus-1.2.1/tansig_table.h"
752c03100137,6191,2026-09-06,08_HISTORICAL_PACKAGES,"08_HISTORICAL_PACKAGES/2026-08-27_v07_four_day_build_pack/firmware/src/lib/opus-1.2.1/tuning_parameters.h"
24e9365165de,3345,2026-09-06,08_HISTORICAL_PACKAGES,"08_HISTORICAL_PACKAGES/2026-08-27_v07_four_day_build_pack/firmware/src/lib/opus-1.2.1/typedef.h"
8aaf9937665d,4778,2026-09-06,08_HISTORICAL_PACKAGES,"08_HISTORICAL_PACKAGES/2026-08-27_v07_four_day_build_pack/firmware/src/lib/opus-1.2.1/vector_ops_FIX.c"
af23c4beaa6c,12850,2026-09-06,08_HISTORICAL_PACKAGES,"08_HISTORICAL_PACKAGES/2026-08-27_v07_four_day_build_pack/firmware/src/lib/opus-1.2.1/vq.c"
3664f207ab39,3175,2026-09-06,08_HISTORICAL_PACKAGES,"08_HISTORICAL_PACKAGES/2026-08-27_v07_four_day_build_pack/firmware/src/lib/opus-1.2.1/vq.h"
cd70ffc998d9,4656,2026-09-06,08_HISTORICAL_PACKAGES,"08_HISTORICAL_PACKAGES/2026-08-27_v07_four_day_build_pack/firmware/src/lib/opus-1.2.1/warped_autocorrelation_FIX.c"
5b47a65cf402,9186,2026-09-06,08_HISTORICAL_PACKAGES,"08_HISTORICAL_PACKAGES/2026-08-27_v07_four_day_build_pack/firmware/src/main.c"
2b81e03b897c,2701,2026-09-06,08_HISTORICAL_PACKAGES,"08_HISTORICAL_PACKAGES/2026-08-27_v07_four_day_build_pack/firmware/src/mic.c"
db4363fcbb02,351,2026-09-06,08_HISTORICAL_PACKAGES,"08_HISTORICAL_PACKAGES/2026-08-27_v07_four_day_build_pack/firmware/src/mic.h"
e77f34c986a3,4157,2026-09-06,08_HISTORICAL_PACKAGES,"08_HISTORICAL_PACKAGES/2026-08-27_v07_four_day_build_pack/firmware/src/nfc.c"
d685528ea51d,913,2026-09-06,08_HISTORICAL_PACKAGES,"08_HISTORICAL_PACKAGES/2026-08-27_v07_four_day_build_pack/firmware/src/nfc.h"
dec85be5c73e,12801,2026-09-06,08_HISTORICAL_PACKAGES,"08_HISTORICAL_PACKAGES/2026-08-27_v07_four_day_build_pack/firmware/src/sdcard.c"
232cf9215ddb,2344,2026-09-06,08_HISTORICAL_PACKAGES,"08_HISTORICAL_PACKAGES/2026-08-27_v07_four_day_build_pack/firmware/src/sdcard.h"
7310389e3cb6,10787,2026-09-06,08_HISTORICAL_PACKAGES,"08_HISTORICAL_PACKAGES/2026-08-27_v07_four_day_build_pack/firmware/src/speaker.c"
8dcffa7b65b4,1454,2026-09-06,08_HISTORICAL_PACKAGES,"08_HISTORICAL_PACKAGES/2026-08-27_v07_four_day_build_pack/firmware/src/speaker.h"
5dc7e8a05789,12609,2026-09-06,08_HISTORICAL_PACKAGES,"08_HISTORICAL_PACKAGES/2026-08-27_v07_four_day_build_pack/firmware/src/storage.c"
1b71767de77a,251,2026-09-06,08_HISTORICAL_PACKAGES,"08_HISTORICAL_PACKAGES/2026-08-27_v07_four_day_build_pack/firmware/src/storage.h"
031159155168,30969,2026-09-06,08_HISTORICAL_PACKAGES,"08_HISTORICAL_PACKAGES/2026-08-27_v07_four_day_build_pack/firmware/src/transport.c"
90583d3a4349,600,2026-09-06,08_HISTORICAL_PACKAGES,"08_HISTORICAL_PACKAGES/2026-08-27_v07_four_day_build_pack/firmware/src/transport.h"
e05246048c9c,1044,2026-09-06,08_HISTORICAL_PACKAGES,"08_HISTORICAL_PACKAGES/2026-08-27_v07_four_day_build_pack/firmware/src/usb.c"
2dfb0522a0aa,52,2026-09-06,08_HISTORICAL_PACKAGES,"08_HISTORICAL_PACKAGES/2026-08-27_v07_four_day_build_pack/firmware/src/usb.h"
bd0dc8d7d7d3,1089,2026-09-06,08_HISTORICAL_PACKAGES,"08_HISTORICAL_PACKAGES/2026-08-27_v07_four_day_build_pack/firmware/src/utils.h"
7cb453dd2628,1604,2026-09-06,08_HISTORICAL_PACKAGES,"08_HISTORICAL_PACKAGES/2026-08-27_v07_four_day_build_pack/firmware/src/wdog_facade.c"
d7b3e4037f8d,469,2026-09-06,08_HISTORICAL_PACKAGES,"08_HISTORICAL_PACKAGES/2026-08-27_v07_four_day_build_pack/firmware/src/wdog_facade.h"
8d2bec55e7ae,213,2026-09-06,08_HISTORICAL_PACKAGES,"08_HISTORICAL_PACKAGES/2026-08-27_v07_four_day_build_pack/firmware/west.yml"
304add4d94ce,1544511,2026-09-06,08_HISTORICAL_PACKAGES,"08_HISTORICAL_PACKAGES/2026-08-27_v07_four_day_build_pack/mechanical/Anticipy_v07_noPCB_four_day_prototype.zip"
d18898cfe540,9493,2026-09-06,08_HISTORICAL_PACKAGES,"08_HISTORICAL_PACKAGES/2026-08-27_v07_four_day_build_pack/mechanical/P2S_v07_fit_gauges.3mf"
570c3a971125,364293,2026-09-06,08_HISTORICAL_PACKAGES,"08_HISTORICAL_PACKAGES/2026-08-27_v07_four_day_build_pack/mechanical/P2S_v07_nopcb_retained.3mf"
aff4576cb5d5,1550,2026-09-06,08_HISTORICAL_PACKAGES,"08_HISTORICAL_PACKAGES/2026-08-27_v07_four_day_build_pack/mechanical/RELEASE_MANIFEST.json"
24a80836c7d5,3258,2026-09-06,08_HISTORICAL_PACKAGES,"08_HISTORICAL_PACKAGES/2026-08-27_v07_four_day_build_pack/mechanical/SHA256SUMS.txt"
cb2092ee63a4,1220,2026-09-06,08_HISTORICAL_PACKAGES,"08_HISTORICAL_PACKAGES/2026-08-27_v07_four_day_build_pack/mechanical/V07_FIT_REPORT.md"
24e214df1cfd,9329,2026-09-06,08_HISTORICAL_PACKAGES,"08_HISTORICAL_PACKAGES/2026-08-27_v07_four_day_build_pack/mechanical/V07_PRINT_AND_ASSEMBLY_GUIDE.md"
bc4b0d17e612,30156,2026-09-06,08_HISTORICAL_PACKAGES,"08_HISTORICAL_PACKAGES/2026-08-27_v07_four_day_build_pack/mechanical/generate_v07_nopcb.py"
75fb53a0f297,3229,2026-09-06,08_HISTORICAL_PACKAGES,"08_HISTORICAL_PACKAGES/2026-08-27_v07_four_day_build_pack/mechanical/package_release.py"
13f6fcd94917,15468,2026-09-06,08_HISTORICAL_PACKAGES,"08_HISTORICAL_PACKAGES/2026-08-27_v07_four_day_build_pack/mechanical/superseded_unshipped/v07_dummy_haptic_11x7x3p5.step"
ea62c0ef6a29,684,2026-09-06,08_HISTORICAL_PACKAGES,"08_HISTORICAL_PACKAGES/2026-08-27_v07_four_day_build_pack/mechanical/superseded_unshipped/v07_dummy_haptic_11x7x3p5.stl"
0b3dbb88f0d4,874575,2026-09-06,08_HISTORICAL_PACKAGES,"08_HISTORICAL_PACKAGES/2026-08-27_v07_four_day_build_pack/mechanical/v07_base_shell.step"
d0093cc8e19c,648484,2026-09-06,08_HISTORICAL_PACKAGES,"08_HISTORICAL_PACKAGES/2026-08-27_v07_four_day_build_pack/mechanical/v07_base_shell.stl"
6944c79e7102,9684,2026-09-06,08_HISTORICAL_PACKAGES,"08_HISTORICAL_PACKAGES/2026-08-27_v07_four_day_build_pack/mechanical/v07_button_plunger_4p0.step"
f3ed9536df7a,63084,2026-09-06,08_HISTORICAL_PACKAGES,"08_HISTORICAL_PACKAGES/2026-08-27_v07_four_day_build_pack/mechanical/v07_button_plunger_4p0.stl"
3fbffa3561b9,9692,2026-09-06,08_HISTORICAL_PACKAGES,"08_HISTORICAL_PACKAGES/2026-08-27_v07_four_day_build_pack/mechanical/v07_button_plunger_4p3.step"
747ff0a8dba9,63084,2026-09-06,08_HISTORICAL_PACKAGES,"08_HISTORICAL_PACKAGES/2026-08-27_v07_four_day_build_pack/mechanical/v07_button_plunger_4p3.stl"
2becbfcfce44,9692,2026-09-06,08_HISTORICAL_PACKAGES,"08_HISTORICAL_PACKAGES/2026-08-27_v07_four_day_build_pack/mechanical/v07_button_plunger_4p6.step"
93d2ef25733f,63084,2026-09-06,08_HISTORICAL_PACKAGES,"08_HISTORICAL_PACKAGES/2026-08-27_v07_four_day_build_pack/mechanical/v07_button_plunger_4p6.stl"
d6062a45e5e4,360353,2026-09-06,08_HISTORICAL_PACKAGES,"08_HISTORICAL_PACKAGES/2026-08-27_v07_four_day_build_pack/mechanical/v07_carrier.step"
0c7031bc8003,51484,2026-09-06,08_HISTORICAL_PACKAGES,"08_HISTORICAL_PACKAGES/2026-08-27_v07_four_day_build_pack/mechanical/v07_carrier.stl"
c156767fec62,15513,2026-09-06,08_HISTORICAL_PACKAGES,"08_HISTORICAL_PACKAGES/2026-08-27_v07_four_day_build_pack/mechanical/v07_dummy_audio_bff_21x17p7x5.step"
174595f9cd74,684,2026-09-06,08_HISTORICAL_PACKAGES,"08_HISTORICAL_PACKAGES/2026-08-27_v07_four_day_build_pack/mechanical/v07_dummy_audio_bff_21x17p7x5.stl"
70b4b2118c28,15509,2026-09-06,08_HISTORICAL_PACKAGES,"08_HISTORICAL_PACKAGES/2026-08-27_v07_four_day_build_pack/mechanical/v07_dummy_battery_35x25x6.step"
abf50cc59943,684,2026-09-06,08_HISTORICAL_PACKAGES,"08_HISTORICAL_PACKAGES/2026-08-27_v07_four_day_build_pack/mechanical/v07_dummy_battery_35x25x6.stl"
cd772078c339,15472,2026-09-06,08_HISTORICAL_PACKAGES,"08_HISTORICAL_PACKAGES/2026-08-27_v07_four_day_build_pack/mechanical/v07_dummy_button_6p2x6p2x3p5.step"
478129098877,684,2026-09-06,08_HISTORICAL_PACKAGES,"08_HISTORICAL_PACKAGES/2026-08-27_v07_four_day_build_pack/mechanical/v07_dummy_button_6p2x6p2x3p5.stl"
80a7a4cb8cbb,15455,2026-09-06,08_HISTORICAL_PACKAGES,"08_HISTORICAL_PACKAGES/2026-08-27_v07_four_day_build_pack/mechanical/v07_dummy_haptic_cap_cluster_11x7x6.step"
42ec2cc5d0f5,684,2026-09-06,08_HISTORICAL_PACKAGES,"08_HISTORICAL_PACKAGES/2026-08-27_v07_four_day_build_pack/mechanical/v07_dummy_haptic_cap_cluster_11x7x6.stl"
c74cee93922b,5748,2026-09-06,08_HISTORICAL_PACKAGES,"08_HISTORICAL_PACKAGES/2026-08-27_v07_four_day_build_pack/mechanical/v07_dummy_motor_10x2p1.step"
ab9b0c4b586d,31484,2026-09-06,08_HISTORICAL_PACKAGES,"08_HISTORICAL_PACKAGES/2026-08-27_v07_four_day_build_pack/mechanical/v07_dummy_motor_10x2p1.stl"
bbef36117d14,15498,2026-09-06,08_HISTORICAL_PACKAGES,"08_HISTORICAL_PACKAGES/2026-08-27_v07_four_day_build_pack/mechanical/v07_dummy_switch_8p6x4p3x4p7.step"
140b14139931,684,2026-09-06,08_HISTORICAL_PACKAGES,"08_HISTORICAL_PACKAGES/2026-08-27_v07_four_day_build_pack/mechanical/v07_dummy_switch_8p6x4p3x4p7.stl"
cf7f631f336c,15500,2026-09-06,08_HISTORICAL_PACKAGES,"08_HISTORICAL_PACKAGES/2026-08-27_v07_four_day_build_pack/mechanical/v07_dummy_xiao_rotated_17p8x21x3p2.step"
610ff5bcef13,684,2026-09-06,08_HISTORICAL_PACKAGES,"08_HISTORICAL_PACKAGES/2026-08-27_v07_four_day_build_pack/mechanical/v07_dummy_xiao_rotated_17p8x21x3p2.stl"
1ce02f70ce5a,541840,2026-09-06,08_HISTORICAL_PACKAGES,"08_HISTORICAL_PACKAGES/2026-08-27_v07_four_day_build_pack/mechanical/v07_fit_check.glb"
9af2d26be61c,3698,2026-09-06,08_HISTORICAL_PACKAGES,"08_HISTORICAL_PACKAGES/2026-08-27_v07_four_day_build_pack/mechanical/v07_fit_report.json"
629817ae1a77,1639863,2026-09-06,08_HISTORICAL_PACKAGES,"08_HISTORICAL_PACKAGES/2026-08-27_v07_four_day_build_pack/mechanical/v07_full_assembly.step"
6f69392d758f,99471,2026-09-06,08_HISTORICAL_PACKAGES,"08_HISTORICAL_PACKAGES/2026-08-27_v07_four_day_build_pack/mechanical/v07_internal_layout.png"
d211c2c2da17,255914,2026-09-06,08_HISTORICAL_PACKAGES,"08_HISTORICAL_PACKAGES/2026-08-27_v07_four_day_build_pack/mechanical/v07_lid.step"
6646aab3bf0a,628084,2026-09-06,08_HISTORICAL_PACKAGES,"08_HISTORICAL_PACKAGES/2026-08-27_v07_four_day_build_pack/mechanical/v07_lid.stl"
daa827cf6842,277964,2026-09-06,08_HISTORICAL_PACKAGES,"08_HISTORICAL_PACKAGES/2026-08-28_48h_v13/01_PRINT/PRINT_THIS_ONE_UNIT_P2S.3mf"
e5b496a4262a,47626,2026-09-06,08_HISTORICAL_PACKAGES,"08_HISTORICAL_PACKAGES/2026-08-28_48h_v13/01_PRINT/PRINT_THIS_ONE_UNIT_P2S_preview.png"
b4153c268c3f,701,2026-09-06,08_HISTORICAL_PACKAGES,"08_HISTORICAL_PACKAGES/2026-08-28_48h_v13/01_PRINT/PRINT_THIS_ONE_UNIT_P2S_report.json"
185101bfea4d,17581,2026-09-06,08_HISTORICAL_PACKAGES,"08_HISTORICAL_PACKAGES/2026-08-28_48h_v13/01_PRINT/generate_v13.py"
c196e7c84c2a,3397,2026-09-06,08_HISTORICAL_PACKAGES,"08_HISTORICAL_PACKAGES/2026-08-28_48h_v13/01_PRINT/make_v13_plate.py"
c274a8f6f1ca,50284,2026-09-06,08_HISTORICAL_PACKAGES,"08_HISTORICAL_PACKAGES/2026-08-28_48h_v13/01_PRINT/v13_button_plunger_1p8mm.stl"
d1dd889f90ec,50284,2026-09-06,08_HISTORICAL_PACKAGES,"08_HISTORICAL_PACKAGES/2026-08-28_48h_v13/01_PRINT/v13_button_plunger_2p0mm.stl"
0b7a3f2ddbf5,50284,2026-09-06,08_HISTORICAL_PACKAGES,"08_HISTORICAL_PACKAGES/2026-08-28_48h_v13/01_PRINT/v13_button_plunger_2p2mm.stl"
35fe7724ff10,4116,2026-09-06,08_HISTORICAL_PACKAGES,"08_HISTORICAL_PACKAGES/2026-08-28_48h_v13/01_PRINT/v13_digital_fit_report.json"
d2def6f965f6,684,2026-09-06,08_HISTORICAL_PACKAGES,"08_HISTORICAL_PACKAGES/2026-08-28_48h_v13/01_PRINT/v13_dummy_BBM_602535_battery.stl"
8fd173d6f8cc,684,2026-09-06,08_HISTORICAL_PACKAGES,"08_HISTORICAL_PACKAGES/2026-08-28_48h_v13/01_PRINT/v13_dummy_Vybronics_motor.stl"
89cc170252e6,684,2026-09-06,08_HISTORICAL_PACKAGES,"08_HISTORICAL_PACKAGES/2026-08-28_48h_v13/01_PRINT/v13_dummy_XIAO_SD_stack.stl"
4b96e1691de1,684,2026-09-06,08_HISTORICAL_PACKAGES,"08_HISTORICAL_PACKAGES/2026-08-28_48h_v13/01_PRINT/v13_dummy_button.stl"
3d056b3879a1,684,2026-09-06,08_HISTORICAL_PACKAGES,"08_HISTORICAL_PACKAGES/2026-08-28_48h_v13/01_PRINT/v13_dummy_haptic_driver.stl"
9e0129541218,65583,2026-09-06,08_HISTORICAL_PACKAGES,"08_HISTORICAL_PACKAGES/2026-08-28_48h_v13/01_PRINT/v13_internal_layout.png"
e42d9ae19215,325168,2026-09-06,08_HISTORICAL_PACKAGES,"08_HISTORICAL_PACKAGES/2026-08-28_48h_v13/01_PRINT/v13_rugged_base.step"
fca2767245fc,189484,2026-09-06,08_HISTORICAL_PACKAGES,"08_HISTORICAL_PACKAGES/2026-08-28_48h_v13/01_PRINT/v13_rugged_base.stl"
8b4d931e5dfd,299257,2026-09-06,08_HISTORICAL_PACKAGES,"08_HISTORICAL_PACKAGES/2026-08-28_48h_v13/01_PRINT/v13_rugged_lid.step"
f23edc1f21aa,739284,2026-09-06,08_HISTORICAL_PACKAGES,"08_HISTORICAL_PACKAGES/2026-08-28_48h_v13/01_PRINT/v13_rugged_lid.stl"
02d7789aa75e,2953,2026-09-06,08_HISTORICAL_PACKAGES,"08_HISTORICAL_PACKAGES/2026-08-28_48h_v13/02_GUIDES/ASSEMBLY_LIKE_IM_2.md"
7687fbabd44c,3735,2026-09-06,08_HISTORICAL_PACKAGES,"08_HISTORICAL_PACKAGES/2026-08-28_48h_v13/02_GUIDES/ORDER_NOW.csv"
96a183a86673,1006,2026-09-06,08_HISTORICAL_PACKAGES,"08_HISTORICAL_PACKAGES/2026-08-28_48h_v13/02_GUIDES/PRINT_SETTINGS.md"
8955749cd77c,1315,2026-09-06,08_HISTORICAL_PACKAGES,"08_HISTORICAL_PACKAGES/2026-08-28_48h_v13/02_GUIDES/SAFETY_AND_TEST_GATES.md"
4fd221714381,1223,2026-09-06,08_HISTORICAL_PACKAGES,"08_HISTORICAL_PACKAGES/2026-08-28_48h_v13/02_GUIDES/WIRING_CARD.md"
de31edba36d0,585216,2026-09-06,08_HISTORICAL_PACKAGES,"08_HISTORICAL_PACKAGES/2026-08-28_48h_v13/03_FIRMWARE_LAB_ONLY/Anticipy_Founder_EVT_v0.9.0.uf2"
debad7b3c48e,4845,2026-09-06,08_HISTORICAL_PACKAGES,"08_HISTORICAL_PACKAGES/2026-08-28_48h_v13/03_FIRMWARE_LAB_ONLY/BLE_IPHONE_PROTOCOL.md"
b1c726ed2d7d,1342,2026-09-06,08_HISTORICAL_PACKAGES,"08_HISTORICAL_PACKAGES/2026-08-28_48h_v13/03_FIRMWARE_LAB_ONLY/BUILD_METADATA.json"
98a56bacf4d6,5656,2026-09-06,08_HISTORICAL_PACKAGES,"08_HISTORICAL_PACKAGES/2026-08-28_48h_v13/03_FIRMWARE_LAB_ONLY/BUILD_STATUS.md"
dd43fb6ecd9c,958,2026-09-06,08_HISTORICAL_PACKAGES,"08_HISTORICAL_PACKAGES/2026-08-28_48h_v13/03_FIRMWARE_LAB_ONLY/HOST_CHECK_OUTPUT.txt"
7efdcd0fc0d7,1084,2026-09-06,08_HISTORICAL_PACKAGES,"08_HISTORICAL_PACKAGES/2026-08-28_48h_v13/03_FIRMWARE_LAB_ONLY/LICENSE-OMI-MIT.txt"
88d227a8295b,3638,2026-09-06,08_HISTORICAL_PACKAGES,"08_HISTORICAL_PACKAGES/2026-08-28_48h_v13/03_FIRMWARE_LAB_ONLY/README.md"
04aeb7d37383,4010,2026-09-06,08_HISTORICAL_PACKAGES,"08_HISTORICAL_PACKAGES/2026-08-28_48h_v13/03_FIRMWARE_LAB_ONLY/SECURITY_RELEASE_GATES.md"
442d82e20239,202,2026-09-06,08_HISTORICAL_PACKAGES,"08_HISTORICAL_PACKAGES/2026-08-28_48h_v13/03_FIRMWARE_LAB_ONLY/SHA256SUMS.txt"
d54891be6eab,934,2026-09-06,08_HISTORICAL_PACKAGES,"08_HISTORICAL_PACKAGES/2026-08-28_48h_v13/03_FIRMWARE_LAB_ONLY/THIRD_PARTY_NOTICES.md"
9095e7b4a847,5351572,2026-09-06,08_HISTORICAL_PACKAGES,"08_HISTORICAL_PACKAGES/2026-08-28_48h_v13/03_FIRMWARE_LAB_ONLY/debug/Anticipy_Founder_EVT_v0.9.0.elf"
ef70393f13b7,468,2026-09-06,08_HISTORICAL_PACKAGES,"08_HISTORICAL_PACKAGES/2026-08-28_48h_v13/03_FIRMWARE_LAB_ONLY/flash.sh"
75127a1ee934,16292,2026-09-06,08_HISTORICAL_PACKAGES,"08_HISTORICAL_PACKAGES/2026-08-28_48h_v13/03_FIRMWARE_LAB_ONLY/ios_test_client/AnticipyBLEClient.swift"
4ae7bc5b4a62,1621,2026-09-06,08_HISTORICAL_PACKAGES,"08_HISTORICAL_PACKAGES/2026-08-28_48h_v13/03_FIRMWARE_LAB_ONLY/ios_test_client/README.md"
282a3fa8b552,1929,2026-09-06,08_HISTORICAL_PACKAGES,"08_HISTORICAL_PACKAGES/2026-08-28_48h_v13/03_FIRMWARE_LAB_ONLY/source_nrf52840/.github/workflows/build-evt-firmware.yml"
2ca81f489bf2,6769,2026-09-06,08_HISTORICAL_PACKAGES,"08_HISTORICAL_PACKAGES/2026-08-28_48h_v13/03_FIRMWARE_LAB_ONLY/source_nrf52840/CMakeLists.txt"
6da8a7b099e8,1198,2026-09-06,08_HISTORICAL_PACKAGES,"08_HISTORICAL_PACKAGES/2026-08-28_48h_v13/03_FIRMWARE_LAB_ONLY/source_nrf52840/Kconfig"
4b44ae944a7c,471,2026-09-06,08_HISTORICAL_PACKAGES,"08_HISTORICAL_PACKAGES/2026-08-28_48h_v13/03_FIRMWARE_LAB_ONLY/source_nrf52840/flash.sh"
333dadaea371,9322,2026-09-06,08_HISTORICAL_PACKAGES,"08_HISTORICAL_PACKAGES/2026-08-28_48h_v13/03_FIRMWARE_LAB_ONLY/source_nrf52840/host_checks.py"
75127a1ee934,16292,2026-09-06,08_HISTORICAL_PACKAGES,"08_HISTORICAL_PACKAGES/2026-08-28_48h_v13/03_FIRMWARE_LAB_ONLY/source_nrf52840/ios_test_client/AnticipyBLEClient.swift"
c42cc82f3cf4,2256,2026-09-06,08_HISTORICAL_PACKAGES,"08_HISTORICAL_PACKAGES/2026-08-28_48h_v13/03_FIRMWARE_LAB_ONLY/source_nrf52840/overlay/xiao_ble_sense_devkitv2-adafruit.overlay"
2d1e11ba67db,3886,2026-09-06,08_HISTORICAL_PACKAGES,"08_HISTORICAL_PACKAGES/2026-08-28_48h_v13/03_FIRMWARE_LAB_ONLY/source_nrf52840/prj_xiao_ble_sense_devkitv2-adafruit.conf"
de7f85f187ee,16026,2026-09-06,08_HISTORICAL_PACKAGES,"08_HISTORICAL_PACKAGES/2026-08-28_48h_v13/03_FIRMWARE_LAB_ONLY/source_nrf52840/src/button.c"
f1d8c91af4ab,271,2026-09-06,08_HISTORICAL_PACKAGES,"08_HISTORICAL_PACKAGES/2026-08-28_48h_v13/03_FIRMWARE_LAB_ONLY/source_nrf52840/src/button.h"
ee0db73af86a,3858,2026-09-06,08_HISTORICAL_PACKAGES,"08_HISTORICAL_PACKAGES/2026-08-28_48h_v13/03_FIRMWARE_LAB_ONLY/source_nrf52840/src/codec.c"
988d99ac4629,402,2026-09-06,08_HISTORICAL_PACKAGES,"08_HISTORICAL_PACKAGES/2026-08-28_48h_v13/03_FIRMWARE_LAB_ONLY/source_nrf52840/src/codec.h"
3c6bc6239d50,1411,2026-09-06,08_HISTORICAL_PACKAGES,"08_HISTORICAL_PACKAGES/2026-08-28_48h_v13/03_FIRMWARE_LAB_ONLY/source_nrf52840/src/config.h"
1f6e7905c99a,2843,2026-09-06,08_HISTORICAL_PACKAGES,"08_HISTORICAL_PACKAGES/2026-08-28_48h_v13/03_FIRMWARE_LAB_ONLY/source_nrf52840/src/haptic.c"
16b037c10872,207,2026-09-06,08_HISTORICAL_PACKAGES,"08_HISTORICAL_PACKAGES/2026-08-28_48h_v13/03_FIRMWARE_LAB_ONLY/source_nrf52840/src/haptic.h"
84ef17fc0112,775,2026-09-06,08_HISTORICAL_PACKAGES,"08_HISTORICAL_PACKAGES/2026-08-28_48h_v13/03_FIRMWARE_LAB_ONLY/source_nrf52840/src/led.c"
7f53b7d7f7a3,579,2026-09-06,08_HISTORICAL_PACKAGES,"08_HISTORICAL_PACKAGES/2026-08-28_48h_v13/03_FIRMWARE_LAB_ONLY/source_nrf52840/src/led.h"
a0ff36764b5c,7024,2026-09-06,08_HISTORICAL_PACKAGES,"08_HISTORICAL_PACKAGES/2026-08-28_48h_v13/03_FIRMWARE_LAB_ONLY/source_nrf52840/src/lib/battery/battery.c"
737f0caa3b4d,2211,2026-09-06,08_HISTORICAL_PACKAGES,"08_HISTORICAL_PACKAGES/2026-08-28_48h_v13/03_FIRMWARE_LAB_ONLY/source_nrf52840/src/lib/battery/battery.h"
8552687904b2,10759,2026-09-06,08_HISTORICAL_PACKAGES,"08_HISTORICAL_PACKAGES/2026-08-28_48h_v13/03_FIRMWARE_LAB_ONLY/source_nrf52840/src/lib/opus-1.2.1/A2NLSF.c"
cc4d2169dddb,7175,2026-09-06,08_HISTORICAL_PACKAGES,"08_HISTORICAL_PACKAGES/2026-08-28_48h_v13/03_FIRMWARE_LAB_ONLY/source_nrf52840/src/lib/opus-1.2.1/API.h"
eb8c9901f2a3,9599,2026-09-06,08_HISTORICAL_PACKAGES,"08_HISTORICAL_PACKAGES/2026-08-28_48h_v13/03_FIRMWARE_LAB_ONLY/source_nrf52840/src/lib/opus-1.2.1/CNG.c"
8ced42dcf02a,3284,2026-09-06,08_HISTORICAL_PACKAGES,"08_HISTORICAL_PACKAGES/2026-08-28_48h_v13/03_FIRMWARE_LAB_ONLY/source_nrf52840/src/lib/opus-1.2.1/CmakeLists.txt"
e528fcf0eebc,3989,2026-09-06,08_HISTORICAL_PACKAGES,"08_HISTORICAL_PACKAGES/2026-08-28_48h_v13/03_FIRMWARE_LAB_ONLY/source_nrf52840/src/lib/opus-1.2.1/HP_variable_cutoff.c"
d8d637375bd1,7314,2026-09-06,08_HISTORICAL_PACKAGES,"08_HISTORICAL_PACKAGES/2026-08-28_48h_v13/03_FIRMWARE_LAB_ONLY/source_nrf52840/src/lib/opus-1.2.1/Inlines.h"
f15ac8e1d21d,5015,2026-09-06,08_HISTORICAL_PACKAGES,"08_HISTORICAL_PACKAGES/2026-08-28_48h_v13/03_FIRMWARE_LAB_ONLY/source_nrf52840/src/lib/opus-1.2.1/LPC_analysis_filter.c"
c24418dfdcd9,3957,2026-09-06,08_HISTORICAL_PACKAGES,"08_HISTORICAL_PACKAGES/2026-08-28_48h_v13/03_FIRMWARE_LAB_ONLY/source_nrf52840/src/lib/opus-1.2.1/LPC_fit.c"
c2cc22922cd3,6161,2026-09-06,08_HISTORICAL_PACKAGES,"08_HISTORICAL_PACKAGES/2026-08-28_48h_v13/03_FIRMWARE_LAB_ONLY/source_nrf52840/src/lib/opus-1.2.1/LPC_inv_pred_gain.c"
e17cec3098ec,6552,2026-09-06,08_HISTORICAL_PACKAGES,"08_HISTORICAL_PACKAGES/2026-08-28_48h_v13/03_FIRMWARE_LAB_ONLY/source_nrf52840/src/lib/opus-1.2.1/LP_variable_cutoff.c"
e57c94e63891,4730,2026-09-06,08_HISTORICAL_PACKAGES,"08_HISTORICAL_PACKAGES/2026-08-28_48h_v13/03_FIRMWARE_LAB_ONLY/source_nrf52840/src/lib/opus-1.2.1/LTP_analysis_filter_FIX.c"
d2b8a417bcad,2877,2026-09-06,08_HISTORICAL_PACKAGES,"08_HISTORICAL_PACKAGES/2026-08-28_48h_v13/03_FIRMWARE_LAB_ONLY/source_nrf52840/src/lib/opus-1.2.1/LTP_scale_ctrl_FIX.c"
58441b221c2f,20764,2026-09-06,08_HISTORICAL_PACKAGES,"08_HISTORICAL_PACKAGES/2026-08-28_48h_v13/03_FIRMWARE_LAB_ONLY/source_nrf52840/src/lib/opus-1.2.1/MacroCount.h"
7af465e3a640,33528,2026-09-06,08_HISTORICAL_PACKAGES,"08_HISTORICAL_PACKAGES/2026-08-28_48h_v13/03_FIRMWARE_LAB_ONLY/source_nrf52840/src/lib/opus-1.2.1/MacroDebug.h"
89cf63c26906,6362,2026-09-06,08_HISTORICAL_PACKAGES,"08_HISTORICAL_PACKAGES/2026-08-28_48h_v13/03_FIRMWARE_LAB_ONLY/source_nrf52840/src/lib/opus-1.2.1/NLSF2A.c"
d2742ac1f6cb,3975,2026-09-06,08_HISTORICAL_PACKAGES,"08_HISTORICAL_PACKAGES/2026-08-28_48h_v13/03_FIRMWARE_LAB_ONLY/source_nrf52840/src/lib/opus-1.2.1/NLSF_VQ.c"
975b062a6bbd,3937,2026-09-06,08_HISTORICAL_PACKAGES,"08_HISTORICAL_PACKAGES/2026-08-28_48h_v13/03_FIRMWARE_LAB_ONLY/source_nrf52840/src/lib/opus-1.2.1/NLSF_VQ_weights_laroia.c"
3d723c92896d,4766,2026-09-06,08_HISTORICAL_PACKAGES,"08_HISTORICAL_PACKAGES/2026-08-28_48h_v13/03_FIRMWARE_LAB_ONLY/source_nrf52840/src/lib/opus-1.2.1/NLSF_decode.c"
3d045d2d5931,11896,2026-09-06,08_HISTORICAL_PACKAGES,"08_HISTORICAL_PACKAGES/2026-08-28_48h_v13/03_FIRMWARE_LAB_ONLY/source_nrf52840/src/lib/opus-1.2.1/NLSF_del_dec_quant.c"
5fba9bb8dc77,6129,2026-09-06,08_HISTORICAL_PACKAGES,"08_HISTORICAL_PACKAGES/2026-08-28_48h_v13/03_FIRMWARE_LAB_ONLY/source_nrf52840/src/lib/opus-1.2.1/NLSF_encode.c"
14c69720cd90,6347,2026-09-06,08_HISTORICAL_PACKAGES,"08_HISTORICAL_PACKAGES/2026-08-28_48h_v13/03_FIRMWARE_LAB_ONLY/source_nrf52840/src/lib/opus-1.2.1/NLSF_stabilize.c"
e94e9519bb38,2949,2026-09-06,08_HISTORICAL_PACKAGES,"08_HISTORICAL_PACKAGES/2026-08-28_48h_v13/03_FIRMWARE_LAB_ONLY/source_nrf52840/src/lib/opus-1.2.1/NLSF_unpack.c"
473b46b62b04,22787,2026-09-06,08_HISTORICAL_PACKAGES,"08_HISTORICAL_PACKAGES/2026-08-28_48h_v13/03_FIRMWARE_LAB_ONLY/source_nrf52840/src/lib/opus-1.2.1/NSQ.c"
7ef6eec66064,4288,2026-09-06,08_HISTORICAL_PACKAGES,"08_HISTORICAL_PACKAGES/2026-08-28_48h_v13/03_FIRMWARE_LAB_ONLY/source_nrf52840/src/lib/opus-1.2.1/NSQ.h"
1e66080620da,39434,2026-09-06,08_HISTORICAL_PACKAGES,"08_HISTORICAL_PACKAGES/2026-08-28_48h_v13/03_FIRMWARE_LAB_ONLY/source_nrf52840/src/lib/opus-1.2.1/NSQ_del_dec.c"
fefb38726ec0,20451,2026-09-06,08_HISTORICAL_PACKAGES,"08_HISTORICAL_PACKAGES/2026-08-28_48h_v13/03_FIRMWARE_LAB_ONLY/source_nrf52840/src/lib/opus-1.2.1/PLC.c"
f67f0d84ddae,3261,2026-09-06,08_HISTORICAL_PACKAGES,"08_HISTORICAL_PACKAGES/2026-08-28_48h_v13/03_FIRMWARE_LAB_ONLY/source_nrf52840/src/lib/opus-1.2.1/PLC.h"
1484eb810598,39242,2026-09-06,08_HISTORICAL_PACKAGES,"08_HISTORICAL_PACKAGES/2026-08-28_48h_v13/03_FIRMWARE_LAB_ONLY/source_nrf52840/src/lib/opus-1.2.1/SigProc_FIX.h"
3ab5d7cc2839,15042,2026-09-06,08_HISTORICAL_PACKAGES,"08_HISTORICAL_PACKAGES/2026-08-28_48h_v13/03_FIRMWARE_LAB_ONLY/source_nrf52840/src/lib/opus-1.2.1/VAD.c"
4d6e893e1b7b,7138,2026-09-06,08_HISTORICAL_PACKAGES,"08_HISTORICAL_PACKAGES/2026-08-28_48h_v13/03_FIRMWARE_LAB_ONLY/source_nrf52840/src/lib/opus-1.2.1/VQ_WMat_EC.c"
b36149a0a4bb,5935,2026-09-06,08_HISTORICAL_PACKAGES,"08_HISTORICAL_PACKAGES/2026-08-28_48h_v13/03_FIRMWARE_LAB_ONLY/source_nrf52840/src/lib/opus-1.2.1/_kiss_fft_guts.h"
d277973dbada,3770,2026-09-06,08_HISTORICAL_PACKAGES,"08_HISTORICAL_PACKAGES/2026-08-28_48h_v13/03_FIRMWARE_LAB_ONLY/source_nrf52840/src/lib/opus-1.2.1/ana_filt_bank_1.c"
063d73e0755d,36054,2026-09-06,08_HISTORICAL_PACKAGES,"08_HISTORICAL_PACKAGES/2026-08-28_48h_v13/03_FIRMWARE_LAB_ONLY/source_nrf52840/src/lib/opus-1.2.1/analysis.c"
c862ac10d4ea,4080,2026-09-06,08_HISTORICAL_PACKAGES,"08_HISTORICAL_PACKAGES/2026-08-28_48h_v13/03_FIRMWARE_LAB_ONLY/source_nrf52840/src/lib/opus-1.2.1/analysis.h"
58c5b569dc7c,4921,2026-09-06,08_HISTORICAL_PACKAGES,"08_HISTORICAL_PACKAGES/2026-08-28_48h_v13/03_FIRMWARE_LAB_ONLY/source_nrf52840/src/lib/opus-1.2.1/apply_sine_window_FIX.c"
7d2609cf4ce8,7778,2026-09-06,08_HISTORICAL_PACKAGES,"08_HISTORICAL_PACKAGES/2026-08-28_48h_v13/03_FIRMWARE_LAB_ONLY/source_nrf52840/src/lib/opus-1.2.1/arch.h"
53b3e0024db7,3234,2026-09-06,08_HISTORICAL_PACKAGES,"08_HISTORICAL_PACKAGES/2026-08-28_48h_v13/03_FIRMWARE_LAB_ONLY/source_nrf52840/src/lib/opus-1.2.1/arm/LPC_inv_pred_gain_arm.h"
61d2709dca89,5477,2026-09-06,08_HISTORICAL_PACKAGES,"08_HISTORICAL_PACKAGES/2026-08-28_48h_v13/03_FIRMWARE_LAB_ONLY/source_nrf52840/src/lib/opus-1.2.1/arm/NSQ_del_dec_arm.h"
7582f536ee38,2254,2026-09-06,08_HISTORICAL_PACKAGES,"08_HISTORICAL_PACKAGES/2026-08-28_48h_v13/03_FIRMWARE_LAB_ONLY/source_nrf52840/src/lib/opus-1.2.1/arm/SigProc_FIX_armv4.h"
75645e689c04,2765,2026-09-06,08_HISTORICAL_PACKAGES,"08_HISTORICAL_PACKAGES/2026-08-28_48h_v13/03_FIRMWARE_LAB_ONLY/source_nrf52840/src/lib/opus-1.2.1/arm/SigProc_FIX_armv5e.h"
c6b803609ea3,2481,2026-09-06,08_HISTORICAL_PACKAGES,"08_HISTORICAL_PACKAGES/2026-08-28_48h_v13/03_FIRMWARE_LAB_ONLY/source_nrf52840/src/lib/opus-1.2.1/arm/armcpu.h"
aeb87daec248,4421,2026-09-06,08_HISTORICAL_PACKAGES,"08_HISTORICAL_PACKAGES/2026-08-28_48h_v13/03_FIRMWARE_LAB_ONLY/source_nrf52840/src/lib/opus-1.2.1/arm/biquad_alt_arm.h"
049a413aa633,14065,2026-09-06,08_HISTORICAL_PACKAGES,"08_HISTORICAL_PACKAGES/2026-08-28_48h_v13/03_FIRMWARE_LAB_ONLY/source_nrf52840/src/lib/opus-1.2.1/arm/celt_pitch_xcorr_arm_gcc.s"
420dc0ff08d7,13699,2026-09-06,08_HISTORICAL_PACKAGES,"08_HISTORICAL_PACKAGES/2026-08-28_48h_v13/03_FIRMWARE_LAB_ONLY/source_nrf52840/src/lib/opus-1.2.1/arm/celt_pitch_xcorr_arm_iar.s"
af2127640e4a,13247,2026-09-06,08_HISTORICAL_PACKAGES,"08_HISTORICAL_PACKAGES/2026-08-28_48h_v13/03_FIRMWARE_LAB_ONLY/source_nrf52840/src/lib/opus-1.2.1/arm/celt_pitch_xcorr_arm_keil.s"
84c83aaed010,3445,2026-09-06,08_HISTORICAL_PACKAGES,"08_HISTORICAL_PACKAGES/2026-08-28_48h_v13/03_FIRMWARE_LAB_ONLY/source_nrf52840/src/lib/opus-1.2.1/arm/fixed_armv4.h"
2ea12bc025f7,5628,2026-09-06,08_HISTORICAL_PACKAGES,"08_HISTORICAL_PACKAGES/2026-08-28_48h_v13/03_FIRMWARE_LAB_ONLY/source_nrf52840/src/lib/opus-1.2.1/arm/fixed_armv5e.h"
6e41b8f62c4d,4660,2026-09-06,08_HISTORICAL_PACKAGES,"08_HISTORICAL_PACKAGES/2026-08-28_48h_v13/03_FIRMWARE_LAB_ONLY/source_nrf52840/src/lib/opus-1.2.1/arm/kiss_fft_armv4.h"
104a476f9ab3,6494,2026-09-06,08_HISTORICAL_PACKAGES,"08_HISTORICAL_PACKAGES/2026-08-28_48h_v13/03_FIRMWARE_LAB_ONLY/source_nrf52840/src/lib/opus-1.2.1/arm/kiss_fft_armv5e.h"
a6418f0d3424,4734,2026-09-06,08_HISTORICAL_PACKAGES,"08_HISTORICAL_PACKAGES/2026-08-28_48h_v13/03_FIRMWARE_LAB_ONLY/source_nrf52840/src/lib/opus-1.2.1/arm/macros_armv4.h"
93c8673dcf54,8482,2026-09-06,08_HISTORICAL_PACKAGES,"08_HISTORICAL_PACKAGES/2026-08-28_48h_v13/03_FIRMWARE_LAB_ONLY/source_nrf52840/src/lib/opus-1.2.1/arm/macros_armv5e.h"
beaecb333350,6436,2026-09-06,08_HISTORICAL_PACKAGES,"08_HISTORICAL_PACKAGES/2026-08-28_48h_v13/03_FIRMWARE_LAB_ONLY/source_nrf52840/src/lib/opus-1.2.1/arm/pitch_arm.h"
fc57330ccb4f,4264,2026-09-06,08_HISTORICAL_PACKAGES,"08_HISTORICAL_PACKAGES/2026-08-28_48h_v13/03_FIRMWARE_LAB_ONLY/source_nrf52840/src/lib/opus-1.2.1/arm/warped_autocorrelation_FIX_arm.h"
16aceb2d3d8a,2725,2026-09-06,08_HISTORICAL_PACKAGES,"08_HISTORICAL_PACKAGES/2026-08-28_48h_v13/03_FIRMWARE_LAB_ONLY/source_nrf52840/src/lib/opus-1.2.1/autocorr_FIX.c"
b3bb71c4598d,51184,2026-09-06,08_HISTORICAL_PACKAGES,"08_HISTORICAL_PACKAGES/2026-08-28_48h_v13/03_FIRMWARE_LAB_ONLY/source_nrf52840/src/lib/opus-1.2.1/bands.c"
571d86a58491,5417,2026-09-06,08_HISTORICAL_PACKAGES,"08_HISTORICAL_PACKAGES/2026-08-28_48h_v13/03_FIRMWARE_LAB_ONLY/source_nrf52840/src/lib/opus-1.2.1/bands.h"
cab5911f028e,6886,2026-09-06,08_HISTORICAL_PACKAGES,"08_HISTORICAL_PACKAGES/2026-08-28_48h_v13/03_FIRMWARE_LAB_ONLY/source_nrf52840/src/lib/opus-1.2.1/biquad_alt.c"
65e4117e6a2c,16792,2026-09-06,08_HISTORICAL_PACKAGES,"08_HISTORICAL_PACKAGES/2026-08-28_48h_v13/03_FIRMWARE_LAB_ONLY/source_nrf52840/src/lib/opus-1.2.1/burg_modified_FIX.c"
f01c2e6752d8,2760,2026-09-06,08_HISTORICAL_PACKAGES,"08_HISTORICAL_PACKAGES/2026-08-28_48h_v13/03_FIRMWARE_LAB_ONLY/source_nrf52840/src/lib/opus-1.2.1/bwexpander.c"
81ae3a2a4fa9,2490,2026-09-06,08_HISTORICAL_PACKAGES,"08_HISTORICAL_PACKAGES/2026-08-28_48h_v13/03_FIRMWARE_LAB_ONLY/source_nrf52840/src/lib/opus-1.2.1/bwexpander_32.c"
5a6ccbc8e3d8,9107,2026-09-06,08_HISTORICAL_PACKAGES,"08_HISTORICAL_PACKAGES/2026-08-28_48h_v13/03_FIRMWARE_LAB_ONLY/source_nrf52840/src/lib/opus-1.2.1/celt.c"
92868264a9e2,7812,2026-09-06,08_HISTORICAL_PACKAGES,"08_HISTORICAL_PACKAGES/2026-08-28_48h_v13/03_FIRMWARE_LAB_ONLY/source_nrf52840/src/lib/opus-1.2.1/celt.h"
07d1e12d0baa,41237,2026-09-06,08_HISTORICAL_PACKAGES,"08_HISTORICAL_PACKAGES/2026-08-28_48h_v13/03_FIRMWARE_LAB_ONLY/source_nrf52840/src/lib/opus-1.2.1/celt_decoder.c"
7893e9e91088,82045,2026-09-06,08_HISTORICAL_PACKAGES,"08_HISTORICAL_PACKAGES/2026-08-28_48h_v13/03_FIRMWARE_LAB_ONLY/source_nrf52840/src/lib/opus-1.2.1/celt_encoder.c"
75364dace691,7996,2026-09-06,08_HISTORICAL_PACKAGES,"08_HISTORICAL_PACKAGES/2026-08-28_48h_v13/03_FIRMWARE_LAB_ONLY/source_nrf52840/src/lib/opus-1.2.1/celt_lpc.c"
84f34c883133,2221,2026-09-06,08_HISTORICAL_PACKAGES,"08_HISTORICAL_PACKAGES/2026-08-28_48h_v13/03_FIRMWARE_LAB_ONLY/source_nrf52840/src/lib/opus-1.2.1/celt_lpc.h"
f01ebcb1b221,4939,2026-09-06,08_HISTORICAL_PACKAGES,"08_HISTORICAL_PACKAGES/2026-08-28_48h_v13/03_FIRMWARE_LAB_ONLY/source_nrf52840/src/lib/opus-1.2.1/check_control_input.c"
becd3134a77e,5554,2026-09-06,08_HISTORICAL_PACKAGES,"08_HISTORICAL_PACKAGES/2026-08-28_48h_v13/03_FIRMWARE_LAB_ONLY/source_nrf52840/src/lib/opus-1.2.1/code_signs.c"
21847e9acd78,2723,2026-09-06,08_HISTORICAL_PACKAGES,"08_HISTORICAL_PACKAGES/2026-08-28_48h_v13/03_FIRMWARE_LAB_ONLY/source_nrf52840/src/lib/opus-1.2.1/config.h"
9c63ee1b8a46,6165,2026-09-06,08_HISTORICAL_PACKAGES,"08_HISTORICAL_PACKAGES/2026-08-28_48h_v13/03_FIRMWARE_LAB_ONLY/source_nrf52840/src/lib/opus-1.2.1/control.h"
d82dbf53b207,3407,2026-09-06,08_HISTORICAL_PACKAGES,"08_HISTORICAL_PACKAGES/2026-08-28_48h_v13/03_FIRMWARE_LAB_ONLY/source_nrf52840/src/lib/opus-1.2.1/control_SNR.c"
3567b33e96da,5712,2026-09-06,08_HISTORICAL_PACKAGES,"08_HISTORICAL_PACKAGES/2026-08-28_48h_v13/03_FIRMWARE_LAB_ONLY/source_nrf52840/src/lib/opus-1.2.1/control_audio_bandwidth.c"
81bb138d8471,20591,2026-09-06,08_HISTORICAL_PACKAGES,"08_HISTORICAL_PACKAGES/2026-08-28_48h_v13/03_FIRMWARE_LAB_ONLY/source_nrf52840/src/lib/opus-1.2.1/control_codec.c"
dc73a44c5a98,8335,2026-09-06,08_HISTORICAL_PACKAGES,"08_HISTORICAL_PACKAGES/2026-08-28_48h_v13/03_FIRMWARE_LAB_ONLY/source_nrf52840/src/lib/opus-1.2.1/corrMatrix_FIX.c"
36a4b37807a8,2372,2026-09-06,08_HISTORICAL_PACKAGES,"08_HISTORICAL_PACKAGES/2026-08-28_48h_v13/03_FIRMWARE_LAB_ONLY/source_nrf52840/src/lib/opus-1.2.1/cpu_support.h"
aefb978dc715,28257,2026-09-06,08_HISTORICAL_PACKAGES,"08_HISTORICAL_PACKAGES/2026-08-28_48h_v13/03_FIRMWARE_LAB_ONLY/source_nrf52840/src/lib/opus-1.2.1/cwrs.c"
7705be67d58e,1885,2026-09-06,08_HISTORICAL_PACKAGES,"08_HISTORICAL_PACKAGES/2026-08-28_48h_v13/03_FIRMWARE_LAB_ONLY/source_nrf52840/src/lib/opus-1.2.1/cwrs.h"
face052ec8cb,6849,2026-09-06,08_HISTORICAL_PACKAGES,"08_HISTORICAL_PACKAGES/2026-08-28_48h_v13/03_FIRMWARE_LAB_ONLY/source_nrf52840/src/lib/opus-1.2.1/debug.c"
071907a9dc3e,12960,2026-09-06,08_HISTORICAL_PACKAGES,"08_HISTORICAL_PACKAGES/2026-08-28_48h_v13/03_FIRMWARE_LAB_ONLY/source_nrf52840/src/lib/opus-1.2.1/debug.h"
a15a863439a4,19853,2026-09-06,08_HISTORICAL_PACKAGES,"08_HISTORICAL_PACKAGES/2026-08-28_48h_v13/03_FIRMWARE_LAB_ONLY/source_nrf52840/src/lib/opus-1.2.1/dec_API.c"
a93b22fc6497,11900,2026-09-06,08_HISTORICAL_PACKAGES,"08_HISTORICAL_PACKAGES/2026-08-28_48h_v13/03_FIRMWARE_LAB_ONLY/source_nrf52840/src/lib/opus-1.2.1/decode_core.c"
9813390d7d67,6152,2026-09-06,08_HISTORICAL_PACKAGES,"08_HISTORICAL_PACKAGES/2026-08-28_48h_v13/03_FIRMWARE_LAB_ONLY/source_nrf52840/src/lib/opus-1.2.1/decode_frame.c"
9371600217e3,7246,2026-09-06,08_HISTORICAL_PACKAGES,"08_HISTORICAL_PACKAGES/2026-08-28_48h_v13/03_FIRMWARE_LAB_ONLY/source_nrf52840/src/lib/opus-1.2.1/decode_indices.c"
d86e43fd07b7,5527,2026-09-06,08_HISTORICAL_PACKAGES,"08_HISTORICAL_PACKAGES/2026-08-28_48h_v13/03_FIRMWARE_LAB_ONLY/source_nrf52840/src/lib/opus-1.2.1/decode_parameters.c"
6b1de5dd4d14,3717,2026-09-06,08_HISTORICAL_PACKAGES,"08_HISTORICAL_PACKAGES/2026-08-28_48h_v13/03_FIRMWARE_LAB_ONLY/source_nrf52840/src/lib/opus-1.2.1/decode_pitch.c"
efaba90323d2,5598,2026-09-06,08_HISTORICAL_PACKAGES,"08_HISTORICAL_PACKAGES/2026-08-28_48h_v13/03_FIRMWARE_LAB_ONLY/source_nrf52840/src/lib/opus-1.2.1/decode_pulses.c"
5befab6798ef,4968,2026-09-06,08_HISTORICAL_PACKAGES,"08_HISTORICAL_PACKAGES/2026-08-28_48h_v13/03_FIRMWARE_LAB_ONLY/source_nrf52840/src/lib/opus-1.2.1/decoder_set_fs.c"
7c8386374b31,9707,2026-09-06,08_HISTORICAL_PACKAGES,"08_HISTORICAL_PACKAGES/2026-08-28_48h_v13/03_FIRMWARE_LAB_ONLY/source_nrf52840/src/lib/opus-1.2.1/define.h"
a334f1ead35b,3749,2026-09-06,08_HISTORICAL_PACKAGES,"08_HISTORICAL_PACKAGES/2026-08-28_48h_v13/03_FIRMWARE_LAB_ONLY/source_nrf52840/src/lib/opus-1.2.1/ecintrin.h"
8f161e5f1953,31946,2026-09-06,08_HISTORICAL_PACKAGES,"08_HISTORICAL_PACKAGES/2026-08-28_48h_v13/03_FIRMWARE_LAB_ONLY/source_nrf52840/src/lib/opus-1.2.1/enc_API.c"
f340e1a4f4cd,23458,2026-09-06,08_HISTORICAL_PACKAGES,"08_HISTORICAL_PACKAGES/2026-08-28_48h_v13/03_FIRMWARE_LAB_ONLY/source_nrf52840/src/lib/opus-1.2.1/encode_frame_FIX.c"
f5320210d7e9,9360,2026-09-06,08_HISTORICAL_PACKAGES,"08_HISTORICAL_PACKAGES/2026-08-28_48h_v13/03_FIRMWARE_LAB_ONLY/source_nrf52840/src/lib/opus-1.2.1/encode_indices.c"
dc0acb54b36c,8839,2026-09-06,08_HISTORICAL_PACKAGES,"08_HISTORICAL_PACKAGES/2026-08-28_48h_v13/03_FIRMWARE_LAB_ONLY/source_nrf52840/src/lib/opus-1.2.1/encode_pulses.c"
fb52778fb752,5700,2026-09-06,08_HISTORICAL_PACKAGES,"08_HISTORICAL_PACKAGES/2026-08-28_48h_v13/03_FIRMWARE_LAB_ONLY/source_nrf52840/src/lib/opus-1.2.1/entcode.c"
af64d2ac226e,5414,2026-09-06,08_HISTORICAL_PACKAGES,"08_HISTORICAL_PACKAGES/2026-08-28_48h_v13/03_FIRMWARE_LAB_ONLY/source_nrf52840/src/lib/opus-1.2.1/entcode.h"
0b0542909f1b,8016,2026-09-06,08_HISTORICAL_PACKAGES,"08_HISTORICAL_PACKAGES/2026-08-28_48h_v13/03_FIRMWARE_LAB_ONLY/source_nrf52840/src/lib/opus-1.2.1/entdec.c"
c1be6eaefef0,4835,2026-09-06,08_HISTORICAL_PACKAGES,"08_HISTORICAL_PACKAGES/2026-08-28_48h_v13/03_FIRMWARE_LAB_ONLY/source_nrf52840/src/lib/opus-1.2.1/entdec.h"
c6d8287d6d09,9561,2026-09-06,08_HISTORICAL_PACKAGES,"08_HISTORICAL_PACKAGES/2026-08-28_48h_v13/03_FIRMWARE_LAB_ONLY/source_nrf52840/src/lib/opus-1.2.1/entenc.c"
6c56e4803119,5427,2026-09-06,08_HISTORICAL_PACKAGES,"08_HISTORICAL_PACKAGES/2026-08-28_48h_v13/03_FIRMWARE_LAB_ONLY/source_nrf52840/src/lib/opus-1.2.1/entenc.h"
3bbf21416af6,3640,2026-09-06,08_HISTORICAL_PACKAGES,"08_HISTORICAL_PACKAGES/2026-08-28_48h_v13/03_FIRMWARE_LAB_ONLY/source_nrf52840/src/lib/opus-1.2.1/errors.h"
4b92d7ab9833,7361,2026-09-06,08_HISTORICAL_PACKAGES,"08_HISTORICAL_PACKAGES/2026-08-28_48h_v13/03_FIRMWARE_LAB_ONLY/source_nrf52840/src/lib/opus-1.2.1/find_LPC_FIX.c"
3d3e6eb73870,5422,2026-09-06,08_HISTORICAL_PACKAGES,"08_HISTORICAL_PACKAGES/2026-08-28_48h_v13/03_FIRMWARE_LAB_ONLY/source_nrf52840/src/lib/opus-1.2.1/find_LTP_FIX.c"
328294c9916f,7330,2026-09-06,08_HISTORICAL_PACKAGES,"08_HISTORICAL_PACKAGES/2026-08-28_48h_v13/03_FIRMWARE_LAB_ONLY/source_nrf52840/src/lib/opus-1.2.1/find_pitch_lags_FIX.c"
3b9343a2d841,7543,2026-09-06,08_HISTORICAL_PACKAGES,"08_HISTORICAL_PACKAGES/2026-08-28_48h_v13/03_FIRMWARE_LAB_ONLY/source_nrf52840/src/lib/opus-1.2.1/find_pred_coefs_FIX.c"
f21919139e0e,21206,2026-09-06,08_HISTORICAL_PACKAGES,"08_HISTORICAL_PACKAGES/2026-08-28_48h_v13/03_FIRMWARE_LAB_ONLY/source_nrf52840/src/lib/opus-1.2.1/fixed_debug.h"
7c820d7e19f4,7953,2026-09-06,08_HISTORICAL_PACKAGES,"08_HISTORICAL_PACKAGES/2026-08-28_48h_v13/03_FIRMWARE_LAB_ONLY/source_nrf52840/src/lib/opus-1.2.1/fixed_generic.h"
019f8ec97b5f,5001,2026-09-06,08_HISTORICAL_PACKAGES,"08_HISTORICAL_PACKAGES/2026-08-28_48h_v13/03_FIRMWARE_LAB_ONLY/source_nrf52840/src/lib/opus-1.2.1/float_cast.h"
070223b7a209,6928,2026-09-06,08_HISTORICAL_PACKAGES,"08_HISTORICAL_PACKAGES/2026-08-28_48h_v13/03_FIRMWARE_LAB_ONLY/source_nrf52840/src/lib/opus-1.2.1/gain_quant.c"
b89c51b04b8d,2366,2026-09-06,08_HISTORICAL_PACKAGES,"08_HISTORICAL_PACKAGES/2026-08-28_48h_v13/03_FIRMWARE_LAB_ONLY/source_nrf52840/src/lib/opus-1.2.1/init_decoder.c"
713097da7082,2877,2026-09-06,08_HISTORICAL_PACKAGES,"08_HISTORICAL_PACKAGES/2026-08-28_48h_v13/03_FIRMWARE_LAB_ONLY/source_nrf52840/src/lib/opus-1.2.1/init_encoder.c"
11356406441d,2451,2026-09-06,08_HISTORICAL_PACKAGES,"08_HISTORICAL_PACKAGES/2026-08-28_48h_v13/03_FIRMWARE_LAB_ONLY/source_nrf52840/src/lib/opus-1.2.1/inner_prod_aligned.c"
7ca78007663a,2601,2026-09-06,08_HISTORICAL_PACKAGES,"08_HISTORICAL_PACKAGES/2026-08-28_48h_v13/03_FIRMWARE_LAB_ONLY/source_nrf52840/src/lib/opus-1.2.1/interpolate.c"
0dbe9b0849be,2675,2026-09-06,08_HISTORICAL_PACKAGES,"08_HISTORICAL_PACKAGES/2026-08-28_48h_v13/03_FIRMWARE_LAB_ONLY/source_nrf52840/src/lib/opus-1.2.1/k2a_FIX.c"
22f0dcde79d7,2622,2026-09-06,08_HISTORICAL_PACKAGES,"08_HISTORICAL_PACKAGES/2026-08-28_48h_v13/03_FIRMWARE_LAB_ONLY/source_nrf52840/src/lib/opus-1.2.1/k2a_Q16_FIX.c"
badf5056eb5e,17003,2026-09-06,08_HISTORICAL_PACKAGES,"08_HISTORICAL_PACKAGES/2026-08-28_48h_v13/03_FIRMWARE_LAB_ONLY/source_nrf52840/src/lib/opus-1.2.1/kiss_fft.c"
6ad018d5223c,6295,2026-09-06,08_HISTORICAL_PACKAGES,"08_HISTORICAL_PACKAGES/2026-08-28_48h_v13/03_FIRMWARE_LAB_ONLY/source_nrf52840/src/lib/opus-1.2.1/kiss_fft.h"
a46d602528d7,4022,2026-09-06,08_HISTORICAL_PACKAGES,"08_HISTORICAL_PACKAGES/2026-08-28_48h_v13/03_FIRMWARE_LAB_ONLY/source_nrf52840/src/lib/opus-1.2.1/laplace.c"
cb3ddf5ee52f,2142,2026-09-06,08_HISTORICAL_PACKAGES,"08_HISTORICAL_PACKAGES/2026-08-28_48h_v13/03_FIRMWARE_LAB_ONLY/source_nrf52840/src/lib/opus-1.2.1/laplace.h"
707db4165541,2220,2026-09-06,08_HISTORICAL_PACKAGES,"08_HISTORICAL_PACKAGES/2026-08-28_48h_v13/03_FIRMWARE_LAB_ONLY/source_nrf52840/src/lib/opus-1.2.1/lin2log.c"
4ce500b6b3ae,2636,2026-09-06,08_HISTORICAL_PACKAGES,"08_HISTORICAL_PACKAGES/2026-08-28_48h_v13/03_FIRMWARE_LAB_ONLY/source_nrf52840/src/lib/opus-1.2.1/log2lin.c"
ea2a68f2cf06,6420,2026-09-06,08_HISTORICAL_PACKAGES,"08_HISTORICAL_PACKAGES/2026-08-28_48h_v13/03_FIRMWARE_LAB_ONLY/source_nrf52840/src/lib/opus-1.2.1/macros.h"
3d00d22a00e7,32680,2026-09-06,08_HISTORICAL_PACKAGES,"08_HISTORICAL_PACKAGES/2026-08-28_48h_v13/03_FIRMWARE_LAB_ONLY/source_nrf52840/src/lib/opus-1.2.1/main.h"
36eefa8698a7,19046,2026-09-06,08_HISTORICAL_PACKAGES,"08_HISTORICAL_PACKAGES/2026-08-28_48h_v13/03_FIRMWARE_LAB_ONLY/source_nrf52840/src/lib/opus-1.2.1/main_FIX.h"
7c662626aeb4,6826,2026-09-06,08_HISTORICAL_PACKAGES,"08_HISTORICAL_PACKAGES/2026-08-28_48h_v13/03_FIRMWARE_LAB_ONLY/source_nrf52840/src/lib/opus-1.2.1/mathops.c"
8ecfc69ab27b,7978,2026-09-06,08_HISTORICAL_PACKAGES,"08_HISTORICAL_PACKAGES/2026-08-28_48h_v13/03_FIRMWARE_LAB_ONLY/source_nrf52840/src/lib/opus-1.2.1/mathops.h"
03f60fbde8d6,10898,2026-09-06,08_HISTORICAL_PACKAGES,"08_HISTORICAL_PACKAGES/2026-08-28_48h_v13/03_FIRMWARE_LAB_ONLY/source_nrf52840/src/lib/opus-1.2.1/mdct.c"
c70bd44adeac,4776,2026-09-06,08_HISTORICAL_PACKAGES,"08_HISTORICAL_PACKAGES/2026-08-28_48h_v13/03_FIRMWARE_LAB_ONLY/source_nrf52840/src/lib/opus-1.2.1/mdct.h"
5974c2341889,2232,2026-09-06,08_HISTORICAL_PACKAGES,"08_HISTORICAL_PACKAGES/2026-08-28_48h_v13/03_FIRMWARE_LAB_ONLY/source_nrf52840/src/lib/opus-1.2.1/mfrngcod.h"
fa4fc250c5ee,4131,2026-09-06,08_HISTORICAL_PACKAGES,"08_HISTORICAL_PACKAGES/2026-08-28_48h_v13/03_FIRMWARE_LAB_ONLY/source_nrf52840/src/lib/opus-1.2.1/mlp.c"
ced3054f955c,1614,2026-09-06,08_HISTORICAL_PACKAGES,"08_HISTORICAL_PACKAGES/2026-08-28_48h_v13/03_FIRMWARE_LAB_ONLY/source_nrf52840/src/lib/opus-1.2.1/mlp.h"
e1faf5777866,5693,2026-09-06,08_HISTORICAL_PACKAGES,"08_HISTORICAL_PACKAGES/2026-08-28_48h_v13/03_FIRMWARE_LAB_ONLY/source_nrf52840/src/lib/opus-1.2.1/mlp_data.c"
f95956d28e75,13951,2026-09-06,08_HISTORICAL_PACKAGES,"08_HISTORICAL_PACKAGES/2026-08-28_48h_v13/03_FIRMWARE_LAB_ONLY/source_nrf52840/src/lib/opus-1.2.1/modes.c"
c38ac61f218a,2437,2026-09-06,08_HISTORICAL_PACKAGES,"08_HISTORICAL_PACKAGES/2026-08-28_48h_v13/03_FIRMWARE_LAB_ONLY/source_nrf52840/src/lib/opus-1.2.1/modes.h"
c11fae78f542,20671,2026-09-06,08_HISTORICAL_PACKAGES,"08_HISTORICAL_PACKAGES/2026-08-28_48h_v13/03_FIRMWARE_LAB_ONLY/source_nrf52840/src/lib/opus-1.2.1/noise_shape_analysis_FIX.c"
ff2bb0b492fe,9882,2026-09-06,08_HISTORICAL_PACKAGES,"08_HISTORICAL_PACKAGES/2026-08-28_48h_v13/03_FIRMWARE_LAB_ONLY/source_nrf52840/src/lib/opus-1.2.1/opus.c"
24e57572c52e,48554,2026-09-06,08_HISTORICAL_PACKAGES,"08_HISTORICAL_PACKAGES/2026-08-28_48h_v13/03_FIRMWARE_LAB_ONLY/source_nrf52840/src/lib/opus-1.2.1/opus.h"
630939691582,14768,2026-09-06,08_HISTORICAL_PACKAGES,"08_HISTORICAL_PACKAGES/2026-08-28_48h_v13/03_FIRMWARE_LAB_ONLY/source_nrf52840/src/lib/opus-1.2.1/opus_custom.h"
6ad9a786d2f8,31152,2026-09-06,08_HISTORICAL_PACKAGES,"08_HISTORICAL_PACKAGES/2026-08-28_48h_v13/03_FIRMWARE_LAB_ONLY/source_nrf52840/src/lib/opus-1.2.1/opus_decoder.c"
457f86f02454,34695,2026-09-06,08_HISTORICAL_PACKAGES,"08_HISTORICAL_PACKAGES/2026-08-28_48h_v13/03_FIRMWARE_LAB_ONLY/source_nrf52840/src/lib/opus-1.2.1/opus_defines.h"
52f4c9142d3c,97200,2026-09-06,08_HISTORICAL_PACKAGES,"08_HISTORICAL_PACKAGES/2026-08-28_48h_v13/03_FIRMWARE_LAB_ONLY/source_nrf52840/src/lib/opus-1.2.1/opus_encoder.c"
48c71105cc4f,2684,2026-09-06,08_HISTORICAL_PACKAGES,"08_HISTORICAL_PACKAGES/2026-08-28_48h_v13/03_FIRMWARE_LAB_ONLY/source_nrf52840/src/lib/opus-1.2.1/opus_multistream.c"
0db4cb1379ad,33575,2026-09-06,08_HISTORICAL_PACKAGES,"08_HISTORICAL_PACKAGES/2026-08-28_48h_v13/03_FIRMWARE_LAB_ONLY/source_nrf52840/src/lib/opus-1.2.1/opus_multistream.h"
86123545d945,14475,2026-09-06,08_HISTORICAL_PACKAGES,"08_HISTORICAL_PACKAGES/2026-08-28_48h_v13/03_FIRMWARE_LAB_ONLY/source_nrf52840/src/lib/opus-1.2.1/opus_multistream_decoder.c"
407fe5115e38,40821,2026-09-06,08_HISTORICAL_PACKAGES,"08_HISTORICAL_PACKAGES/2026-08-28_48h_v13/03_FIRMWARE_LAB_ONLY/source_nrf52840/src/lib/opus-1.2.1/opus_multistream_encoder.c"
cf7dad1dafb3,5052,2026-09-06,08_HISTORICAL_PACKAGES,"08_HISTORICAL_PACKAGES/2026-08-28_48h_v13/03_FIRMWARE_LAB_ONLY/source_nrf52840/src/lib/opus-1.2.1/opus_private.h"
e2c1075e2656,4954,2026-09-06,08_HISTORICAL_PACKAGES,"08_HISTORICAL_PACKAGES/2026-08-28_48h_v13/03_FIRMWARE_LAB_ONLY/source_nrf52840/src/lib/opus-1.2.1/opus_types.h"
4dc4eb0f3e97,3163,2026-09-06,08_HISTORICAL_PACKAGES,"08_HISTORICAL_PACKAGES/2026-08-28_48h_v13/03_FIRMWARE_LAB_ONLY/source_nrf52840/src/lib/opus-1.2.1/os_support.h"
244d8f61620e,14459,2026-09-06,08_HISTORICAL_PACKAGES,"08_HISTORICAL_PACKAGES/2026-08-28_48h_v13/03_FIRMWARE_LAB_ONLY/source_nrf52840/src/lib/opus-1.2.1/pitch.c"
76f858f0b7aa,5891,2026-09-06,08_HISTORICAL_PACKAGES,"08_HISTORICAL_PACKAGES/2026-08-28_48h_v13/03_FIRMWARE_LAB_ONLY/source_nrf52840/src/lib/opus-1.2.1/pitch.h"
582f79679957,34345,2026-09-06,08_HISTORICAL_PACKAGES,"08_HISTORICAL_PACKAGES/2026-08-28_48h_v13/03_FIRMWARE_LAB_ONLY/source_nrf52840/src/lib/opus-1.2.1/pitch_analysis_core_FIX.c"
ed1230792944,4061,2026-09-06,08_HISTORICAL_PACKAGES,"08_HISTORICAL_PACKAGES/2026-08-28_48h_v13/03_FIRMWARE_LAB_ONLY/source_nrf52840/src/lib/opus-1.2.1/pitch_est_defines.h"
c0cf34e7d5ce,3589,2026-09-06,08_HISTORICAL_PACKAGES,"08_HISTORICAL_PACKAGES/2026-08-28_48h_v13/03_FIRMWARE_LAB_ONLY/source_nrf52840/src/lib/opus-1.2.1/pitch_est_tables.c"
396ac86ece04,5447,2026-09-06,08_HISTORICAL_PACKAGES,"08_HISTORICAL_PACKAGES/2026-08-28_48h_v13/03_FIRMWARE_LAB_ONLY/source_nrf52840/src/lib/opus-1.2.1/process_NLSFs.c"
92a25af5a235,6595,2026-09-06,08_HISTORICAL_PACKAGES,"08_HISTORICAL_PACKAGES/2026-08-28_48h_v13/03_FIRMWARE_LAB_ONLY/source_nrf52840/src/lib/opus-1.2.1/process_gains_FIX.c"
1f9aa2768ee6,7351,2026-09-06,08_HISTORICAL_PACKAGES,"08_HISTORICAL_PACKAGES/2026-08-28_48h_v13/03_FIRMWARE_LAB_ONLY/source_nrf52840/src/lib/opus-1.2.1/quant_LTP_gains.c"
d80db2e55c24,18714,2026-09-06,08_HISTORICAL_PACKAGES,"08_HISTORICAL_PACKAGES/2026-08-28_48h_v13/03_FIRMWARE_LAB_ONLY/source_nrf52840/src/lib/opus-1.2.1/quant_bands.c"
fbe7d733d3dc,2974,2026-09-06,08_HISTORICAL_PACKAGES,"08_HISTORICAL_PACKAGES/2026-08-28_48h_v13/03_FIRMWARE_LAB_ONLY/source_nrf52840/src/lib/opus-1.2.1/quant_bands.h"
5237183bbce2,21428,2026-09-06,08_HISTORICAL_PACKAGES,"08_HISTORICAL_PACKAGES/2026-08-28_48h_v13/03_FIRMWARE_LAB_ONLY/source_nrf52840/src/lib/opus-1.2.1/rate.c"
c8611c953f22,3279,2026-09-06,08_HISTORICAL_PACKAGES,"08_HISTORICAL_PACKAGES/2026-08-28_48h_v13/03_FIRMWARE_LAB_ONLY/source_nrf52840/src/lib/opus-1.2.1/rate.h"
7028df79d2ff,2626,2026-09-06,08_HISTORICAL_PACKAGES,"08_HISTORICAL_PACKAGES/2026-08-28_48h_v13/03_FIRMWARE_LAB_ONLY/source_nrf52840/src/lib/opus-1.2.1/regularize_correlations_FIX.c"
84c84990fca1,9842,2026-09-06,08_HISTORICAL_PACKAGES,"08_HISTORICAL_PACKAGES/2026-08-28_48h_v13/03_FIRMWARE_LAB_ONLY/source_nrf52840/src/lib/opus-1.2.1/repacketizer.c"
7e28b897c5b0,9931,2026-09-06,08_HISTORICAL_PACKAGES,"08_HISTORICAL_PACKAGES/2026-08-28_48h_v13/03_FIRMWARE_LAB_ONLY/source_nrf52840/src/lib/opus-1.2.1/resampler.c"
7aa4cba793ab,3475,2026-09-06,08_HISTORICAL_PACKAGES,"08_HISTORICAL_PACKAGES/2026-08-28_48h_v13/03_FIRMWARE_LAB_ONLY/source_nrf52840/src/lib/opus-1.2.1/resampler_down2.c"
2ab8318bf4bc,4765,2026-09-06,08_HISTORICAL_PACKAGES,"08_HISTORICAL_PACKAGES/2026-08-28_48h_v13/03_FIRMWARE_LAB_ONLY/source_nrf52840/src/lib/opus-1.2.1/resampler_down2_3.c"
b14e6d03394a,4553,2026-09-06,08_HISTORICAL_PACKAGES,"08_HISTORICAL_PACKAGES/2026-08-28_48h_v13/03_FIRMWARE_LAB_ONLY/source_nrf52840/src/lib/opus-1.2.1/resampler_private.h"
c16d50bde74b,2665,2026-09-06,08_HISTORICAL_PACKAGES,"08_HISTORICAL_PACKAGES/2026-08-28_48h_v13/03_FIRMWARE_LAB_ONLY/source_nrf52840/src/lib/opus-1.2.1/resampler_private_AR2.c"
584c7b2afbcb,5231,2026-09-06,08_HISTORICAL_PACKAGES,"08_HISTORICAL_PACKAGES/2026-08-28_48h_v13/03_FIRMWARE_LAB_ONLY/source_nrf52840/src/lib/opus-1.2.1/resampler_private_IIR_FIR.c"
5ed14a4557a3,10897,2026-09-06,08_HISTORICAL_PACKAGES,"08_HISTORICAL_PACKAGES/2026-08-28_48h_v13/03_FIRMWARE_LAB_ONLY/source_nrf52840/src/lib/opus-1.2.1/resampler_private_down_FIR.c"
f06a982b8856,5367,2026-09-06,08_HISTORICAL_PACKAGES,"08_HISTORICAL_PACKAGES/2026-08-28_48h_v13/03_FIRMWARE_LAB_ONLY/source_nrf52840/src/lib/opus-1.2.1/resampler_private_up2_HQ.c"
ec3ba5c620ee,4747,2026-09-06,08_HISTORICAL_PACKAGES,"08_HISTORICAL_PACKAGES/2026-08-28_48h_v13/03_FIRMWARE_LAB_ONLY/source_nrf52840/src/lib/opus-1.2.1/resampler_rom.c"
68088e075048,3294,2026-09-06,08_HISTORICAL_PACKAGES,"08_HISTORICAL_PACKAGES/2026-08-28_48h_v13/03_FIRMWARE_LAB_ONLY/source_nrf52840/src/lib/opus-1.2.1/resampler_rom.h"
b038e84c7d79,2615,2026-09-06,08_HISTORICAL_PACKAGES,"08_HISTORICAL_PACKAGES/2026-08-28_48h_v13/03_FIRMWARE_LAB_ONLY/source_nrf52840/src/lib/opus-1.2.1/resampler_structs.h"
384cdf5f4142,4837,2026-09-06,08_HISTORICAL_PACKAGES,"08_HISTORICAL_PACKAGES/2026-08-28_48h_v13/03_FIRMWARE_LAB_ONLY/source_nrf52840/src/lib/opus-1.2.1/residual_energy16_FIX.c"
633ed6d7d8da,5389,2026-09-06,08_HISTORICAL_PACKAGES,"08_HISTORICAL_PACKAGES/2026-08-28_48h_v13/03_FIRMWARE_LAB_ONLY/source_nrf52840/src/lib/opus-1.2.1/residual_energy_FIX.c"
0dce2180da54,3994,2026-09-06,08_HISTORICAL_PACKAGES,"08_HISTORICAL_PACKAGES/2026-08-28_48h_v13/03_FIRMWARE_LAB_ONLY/source_nrf52840/src/lib/opus-1.2.1/schur64_FIX.c"
ce05edf0c709,4447,2026-09-06,08_HISTORICAL_PACKAGES,"08_HISTORICAL_PACKAGES/2026-08-28_48h_v13/03_FIRMWARE_LAB_ONLY/source_nrf52840/src/lib/opus-1.2.1/schur_FIX.c"
60b5a2786238,7718,2026-09-06,08_HISTORICAL_PACKAGES,"08_HISTORICAL_PACKAGES/2026-08-28_48h_v13/03_FIRMWARE_LAB_ONLY/source_nrf52840/src/lib/opus-1.2.1/shell_coder.c"
339568f30645,3164,2026-09-06,08_HISTORICAL_PACKAGES,"08_HISTORICAL_PACKAGES/2026-08-28_48h_v13/03_FIRMWARE_LAB_ONLY/source_nrf52840/src/lib/opus-1.2.1/sigm_Q15.c"
8436c8b92db9,6265,2026-09-06,08_HISTORICAL_PACKAGES,"08_HISTORICAL_PACKAGES/2026-08-28_48h_v13/03_FIRMWARE_LAB_ONLY/source_nrf52840/src/lib/opus-1.2.1/sort.c"
603a5beb27f6,5989,2026-09-06,08_HISTORICAL_PACKAGES,"08_HISTORICAL_PACKAGES/2026-08-28_48h_v13/03_FIRMWARE_LAB_ONLY/source_nrf52840/src/lib/opus-1.2.1/stack_alloc.h"
fd5405b0b950,32819,2026-09-06,08_HISTORICAL_PACKAGES,"08_HISTORICAL_PACKAGES/2026-08-28_48h_v13/03_FIRMWARE_LAB_ONLY/source_nrf52840/src/lib/opus-1.2.1/static_modes_fixed.h"
9c49d71262dc,25209,2026-09-06,08_HISTORICAL_PACKAGES,"08_HISTORICAL_PACKAGES/2026-08-28_48h_v13/03_FIRMWARE_LAB_ONLY/source_nrf52840/src/lib/opus-1.2.1/static_modes_fixed_arm_ne10.h"
65fdb130c42c,50919,2026-09-06,08_HISTORICAL_PACKAGES,"08_HISTORICAL_PACKAGES/2026-08-28_48h_v13/03_FIRMWARE_LAB_ONLY/source_nrf52840/src/lib/opus-1.2.1/static_modes_float.h"
f17e57248f30,28613,2026-09-06,08_HISTORICAL_PACKAGES,"08_HISTORICAL_PACKAGES/2026-08-28_48h_v13/03_FIRMWARE_LAB_ONLY/source_nrf52840/src/lib/opus-1.2.1/static_modes_float_arm_ne10.h"
b47a3a1257df,12473,2026-09-06,08_HISTORICAL_PACKAGES,"08_HISTORICAL_PACKAGES/2026-08-28_48h_v13/03_FIRMWARE_LAB_ONLY/source_nrf52840/src/lib/opus-1.2.1/stereo_LR_to_MS.c"
af24277c7191,4871,2026-09-06,08_HISTORICAL_PACKAGES,"08_HISTORICAL_PACKAGES/2026-08-28_48h_v13/03_FIRMWARE_LAB_ONLY/source_nrf52840/src/lib/opus-1.2.1/stereo_MS_to_LR.c"
b852fbd96ea3,3417,2026-09-06,08_HISTORICAL_PACKAGES,"08_HISTORICAL_PACKAGES/2026-08-28_48h_v13/03_FIRMWARE_LAB_ONLY/source_nrf52840/src/lib/opus-1.2.1/stereo_decode_pred.c"
4634861dac77,2885,2026-09-06,08_HISTORICAL_PACKAGES,"08_HISTORICAL_PACKAGES/2026-08-28_48h_v13/03_FIRMWARE_LAB_ONLY/source_nrf52840/src/lib/opus-1.2.1/stereo_encode_pred.c"
b77b33b43ab9,4374,2026-09-06,08_HISTORICAL_PACKAGES,"08_HISTORICAL_PACKAGES/2026-08-28_48h_v13/03_FIRMWARE_LAB_ONLY/source_nrf52840/src/lib/opus-1.2.1/stereo_find_predictor.c"
8d1895de054a,3404,2026-09-06,08_HISTORICAL_PACKAGES,"08_HISTORICAL_PACKAGES/2026-08-28_48h_v13/03_FIRMWARE_LAB_ONLY/source_nrf52840/src/lib/opus-1.2.1/stereo_quant_pred.c"
4f7173bc0400,21018,2026-09-06,08_HISTORICAL_PACKAGES,"08_HISTORICAL_PACKAGES/2026-08-28_48h_v13/03_FIRMWARE_LAB_ONLY/source_nrf52840/src/lib/opus-1.2.1/structs.h"
a01a3611c279,5152,2026-09-06,08_HISTORICAL_PACKAGES,"08_HISTORICAL_PACKAGES/2026-08-28_48h_v13/03_FIRMWARE_LAB_ONLY/source_nrf52840/src/lib/opus-1.2.1/structs_FIX.h"
710b83c92458,3790,2026-09-06,08_HISTORICAL_PACKAGES,"08_HISTORICAL_PACKAGES/2026-08-28_48h_v13/03_FIRMWARE_LAB_ONLY/source_nrf52840/src/lib/opus-1.2.1/sum_sqr_shift.c"
9cae32dfdc4a,4191,2026-09-06,08_HISTORICAL_PACKAGES,"08_HISTORICAL_PACKAGES/2026-08-28_48h_v13/03_FIRMWARE_LAB_ONLY/source_nrf52840/src/lib/opus-1.2.1/table_LSF_cos.c"
0e976672b3c9,7700,2026-09-06,08_HISTORICAL_PACKAGES,"08_HISTORICAL_PACKAGES/2026-08-28_48h_v13/03_FIRMWARE_LAB_ONLY/source_nrf52840/src/lib/opus-1.2.1/tables.h"
95b4912701d4,7432,2026-09-06,08_HISTORICAL_PACKAGES,"08_HISTORICAL_PACKAGES/2026-08-28_48h_v13/03_FIRMWARE_LAB_ONLY/source_nrf52840/src/lib/opus-1.2.1/tables_LTP.c"
94e49118901f,10785,2026-09-06,08_HISTORICAL_PACKAGES,"08_HISTORICAL_PACKAGES/2026-08-28_48h_v13/03_FIRMWARE_LAB_ONLY/source_nrf52840/src/lib/opus-1.2.1/tables_NLSF_CB_NB_MB.c"
24a56112a6f6,14499,2026-09-06,08_HISTORICAL_PACKAGES,"08_HISTORICAL_PACKAGES/2026-08-28_48h_v13/03_FIRMWARE_LAB_ONLY/source_nrf52840/src/lib/opus-1.2.1/tables_NLSF_CB_WB.c"
c91e247a6580,2519,2026-09-06,08_HISTORICAL_PACKAGES,"08_HISTORICAL_PACKAGES/2026-08-28_48h_v13/03_FIRMWARE_LAB_ONLY/source_nrf52840/src/lib/opus-1.2.1/tables_gain.c"
1d8e66c52751,5445,2026-09-06,08_HISTORICAL_PACKAGES,"08_HISTORICAL_PACKAGES/2026-08-28_48h_v13/03_FIRMWARE_LAB_ONLY/source_nrf52840/src/lib/opus-1.2.1/tables_other.c"
f504bbaf35a2,3068,2026-09-06,08_HISTORICAL_PACKAGES,"08_HISTORICAL_PACKAGES/2026-08-28_48h_v13/03_FIRMWARE_LAB_ONLY/source_nrf52840/src/lib/opus-1.2.1/tables_pitch_lag.c"
2fb238cd3704,11423,2026-09-06,08_HISTORICAL_PACKAGES,"08_HISTORICAL_PACKAGES/2026-08-28_48h_v13/03_FIRMWARE_LAB_ONLY/source_nrf52840/src/lib/opus-1.2.1/tables_pulses_per_block.c"
835fcdf08d5b,2304,2026-09-06,08_HISTORICAL_PACKAGES,"08_HISTORICAL_PACKAGES/2026-08-28_48h_v13/03_FIRMWARE_LAB_ONLY/source_nrf52840/src/lib/opus-1.2.1/tansig_table.h"
752c03100137,6191,2026-09-06,08_HISTORICAL_PACKAGES,"08_HISTORICAL_PACKAGES/2026-08-28_48h_v13/03_FIRMWARE_LAB_ONLY/source_nrf52840/src/lib/opus-1.2.1/tuning_parameters.h"
24e9365165de,3345,2026-09-06,08_HISTORICAL_PACKAGES,"08_HISTORICAL_PACKAGES/2026-08-28_48h_v13/03_FIRMWARE_LAB_ONLY/source_nrf52840/src/lib/opus-1.2.1/typedef.h"
8aaf9937665d,4778,2026-09-06,08_HISTORICAL_PACKAGES,"08_HISTORICAL_PACKAGES/2026-08-28_48h_v13/03_FIRMWARE_LAB_ONLY/source_nrf52840/src/lib/opus-1.2.1/vector_ops_FIX.c"
af23c4beaa6c,12850,2026-09-06,08_HISTORICAL_PACKAGES,"08_HISTORICAL_PACKAGES/2026-08-28_48h_v13/03_FIRMWARE_LAB_ONLY/source_nrf52840/src/lib/opus-1.2.1/vq.c"
3664f207ab39,3175,2026-09-06,08_HISTORICAL_PACKAGES,"08_HISTORICAL_PACKAGES/2026-08-28_48h_v13/03_FIRMWARE_LAB_ONLY/source_nrf52840/src/lib/opus-1.2.1/vq.h"
cd70ffc998d9,4656,2026-09-06,08_HISTORICAL_PACKAGES,"08_HISTORICAL_PACKAGES/2026-08-28_48h_v13/03_FIRMWARE_LAB_ONLY/source_nrf52840/src/lib/opus-1.2.1/warped_autocorrelation_FIX.c"
173b5ea40da4,8666,2026-09-06,08_HISTORICAL_PACKAGES,"08_HISTORICAL_PACKAGES/2026-08-28_48h_v13/03_FIRMWARE_LAB_ONLY/source_nrf52840/src/main.c"
2b81e03b897c,2701,2026-09-06,08_HISTORICAL_PACKAGES,"08_HISTORICAL_PACKAGES/2026-08-28_48h_v13/03_FIRMWARE_LAB_ONLY/source_nrf52840/src/mic.c"
db4363fcbb02,351,2026-09-06,08_HISTORICAL_PACKAGES,"08_HISTORICAL_PACKAGES/2026-08-28_48h_v13/03_FIRMWARE_LAB_ONLY/source_nrf52840/src/mic.h"
b54e848ef73c,14602,2026-09-06,08_HISTORICAL_PACKAGES,"08_HISTORICAL_PACKAGES/2026-08-28_48h_v13/03_FIRMWARE_LAB_ONLY/source_nrf52840/src/sdcard.c"
edc57bd3e28b,2462,2026-09-06,08_HISTORICAL_PACKAGES,"08_HISTORICAL_PACKAGES/2026-08-28_48h_v13/03_FIRMWARE_LAB_ONLY/source_nrf52840/src/sdcard.h"
a817e004e5cd,14403,2026-09-06,08_HISTORICAL_PACKAGES,"08_HISTORICAL_PACKAGES/2026-08-28_48h_v13/03_FIRMWARE_LAB_ONLY/source_nrf52840/src/storage.c"
1b71767de77a,251,2026-09-06,08_HISTORICAL_PACKAGES,"08_HISTORICAL_PACKAGES/2026-08-28_48h_v13/03_FIRMWARE_LAB_ONLY/source_nrf52840/src/storage.h"
0c6642f6fe47,34903,2026-09-06,08_HISTORICAL_PACKAGES,"08_HISTORICAL_PACKAGES/2026-08-28_48h_v13/03_FIRMWARE_LAB_ONLY/source_nrf52840/src/transport.c"
bc4e5ae5b931,897,2026-09-06,08_HISTORICAL_PACKAGES,"08_HISTORICAL_PACKAGES/2026-08-28_48h_v13/03_FIRMWARE_LAB_ONLY/source_nrf52840/src/transport.h"
4690e54da972,1713,2026-09-06,08_HISTORICAL_PACKAGES,"08_HISTORICAL_PACKAGES/2026-08-28_48h_v13/03_FIRMWARE_LAB_ONLY/source_nrf52840/src/utils.h"
7cb453dd2628,1604,2026-09-06,08_HISTORICAL_PACKAGES,"08_HISTORICAL_PACKAGES/2026-08-28_48h_v13/03_FIRMWARE_LAB_ONLY/source_nrf52840/src/wdog_facade.c"
d7b3e4037f8d,469,2026-09-06,08_HISTORICAL_PACKAGES,"08_HISTORICAL_PACKAGES/2026-08-28_48h_v13/03_FIRMWARE_LAB_ONLY/source_nrf52840/src/wdog_facade.h"
8d2bec55e7ae,213,2026-09-06,08_HISTORICAL_PACKAGES,"08_HISTORICAL_PACKAGES/2026-08-28_48h_v13/03_FIRMWARE_LAB_ONLY/source_nrf52840/west.yml"
a9a09453c5de,36634,2026-09-06,08_HISTORICAL_PACKAGES,"08_HISTORICAL_PACKAGES/2026-08-28_48h_v13/SHA256SUMS.txt"
5a3f37b49170,1116,2026-09-06,08_HISTORICAL_PACKAGES,"08_HISTORICAL_PACKAGES/2026-08-28_48h_v13/START_HERE.md"
3a9d68a3fd16,280,2026-09-06,08_HISTORICAL_PACKAGES,"08_HISTORICAL_PACKAGES/2026-08-28_48h_v13/VERIFIED_RESULTS.txt"
a8aa22e6150f,2044,2026-09-06,08_HISTORICAL_PACKAGES,"08_HISTORICAL_PACKAGES/2026-08-28_48h_v13/verify_v13.py"
4ee25587592a,833056,2026-09-06,08_HISTORICAL_PACKAGES,"08_HISTORICAL_PACKAGES/2026-08-28_execution_v1.0/01_PRINT_NOW/Anticipy_v09_five_units_P2S.3mf"
dfbf3a7f72f3,38823,2026-09-06,08_HISTORICAL_PACKAGES,"08_HISTORICAL_PACKAGES/2026-08-28_execution_v1.0/01_PRINT_NOW/Anticipy_v09_five_units_plate_layout.png"
288a8af62d89,5887,2026-09-06,08_HISTORICAL_PACKAGES,"08_HISTORICAL_PACKAGES/2026-08-28_execution_v1.0/01_PRINT_NOW/Anticipy_v09_five_units_plate_report.json"
9dc255f590c2,14381,2026-09-06,08_HISTORICAL_PACKAGES,"08_HISTORICAL_PACKAGES/2026-08-28_execution_v1.0/01_PRINT_NOW/PRINT_AND_ASSEMBLE_P2S.md"
c5c3494408cb,2102,2026-09-06,08_HISTORICAL_PACKAGES,"08_HISTORICAL_PACKAGES/2026-08-28_execution_v1.0/01_PRINT_NOW/PRINT_MATERIAL_AND_FINISH.md"
19777e51281f,3155,2026-09-06,08_HISTORICAL_PACKAGES,"08_HISTORICAL_PACKAGES/2026-08-28_execution_v1.0/01_PRINT_NOW/PROTOTYPE_CART_5_UNITS.csv"
c5ef94c5fec8,1896,2026-09-06,08_HISTORICAL_PACKAGES,"08_HISTORICAL_PACKAGES/2026-08-28_execution_v1.0/01_PRINT_NOW/WIRING_CARD.md"
3f377eccc59c,29632,2026-09-06,08_HISTORICAL_PACKAGES,"08_HISTORICAL_PACKAGES/2026-08-28_execution_v1.0/01_PRINT_NOW/generate_v09_compact.py"
0fc9f5366450,5573,2026-09-06,08_HISTORICAL_PACKAGES,"08_HISTORICAL_PACKAGES/2026-08-28_execution_v1.0/01_PRINT_NOW/make_v09_five_unit_plate.py"
cf958e5f4c8a,50284,2026-09-06,08_HISTORICAL_PACKAGES,"08_HISTORICAL_PACKAGES/2026-08-28_execution_v1.0/01_PRINT_NOW/v09_button_plunger_1p7mm.stl"
4765c8a98e3f,50284,2026-09-06,08_HISTORICAL_PACKAGES,"08_HISTORICAL_PACKAGES/2026-08-28_execution_v1.0/01_PRINT_NOW/v09_button_plunger_1p9mm.stl"
15b1d94fd4ee,50284,2026-09-06,08_HISTORICAL_PACKAGES,"08_HISTORICAL_PACKAGES/2026-08-28_execution_v1.0/01_PRINT_NOW/v09_button_plunger_2p1mm.stl"
206465154099,241642,2026-09-06,08_HISTORICAL_PACKAGES,"08_HISTORICAL_PACKAGES/2026-08-28_execution_v1.0/01_PRINT_NOW/v09_compact_base.step"
2fdc66ba1cac,155884,2026-09-06,08_HISTORICAL_PACKAGES,"08_HISTORICAL_PACKAGES/2026-08-28_execution_v1.0/01_PRINT_NOW/v09_compact_base.stl"
d40af142978f,305978,2026-09-06,08_HISTORICAL_PACKAGES,"08_HISTORICAL_PACKAGES/2026-08-28_execution_v1.0/01_PRINT_NOW/v09_compact_lid.step"
7551b8a79410,315784,2026-09-06,08_HISTORICAL_PACKAGES,"08_HISTORICAL_PACKAGES/2026-08-28_execution_v1.0/01_PRINT_NOW/v09_compact_lid.stl"
75d1e8006670,684,2026-09-06,08_HISTORICAL_PACKAGES,"08_HISTORICAL_PACKAGES/2026-08-28_execution_v1.0/01_PRINT_NOW/v09_dummy_battery_Jauch_32x21x5p4.stl"
b3988a629d60,684,2026-09-06,08_HISTORICAL_PACKAGES,"08_HISTORICAL_PACKAGES/2026-08-28_execution_v1.0/01_PRINT_NOW/v09_dummy_board_stack_17p8x21x7p0.stl"
4b96e1691de1,684,2026-09-06,08_HISTORICAL_PACKAGES,"08_HISTORICAL_PACKAGES/2026-08-28_execution_v1.0/01_PRINT_NOW/v09_dummy_button_B3U_3x2p5x1p6.stl"
048eb9d694b4,684,2026-09-06,08_HISTORICAL_PACKAGES,"08_HISTORICAL_PACKAGES/2026-08-28_execution_v1.0/01_PRINT_NOW/v09_dummy_haptic_12x8x3.stl"
8fd173d6f8cc,684,2026-09-06,08_HISTORICAL_PACKAGES,"08_HISTORICAL_PACKAGES/2026-08-28_execution_v1.0/01_PRINT_NOW/v09_dummy_motor_10x10x2p1.stl"
e9f032fba7c5,7856,2026-09-06,08_HISTORICAL_PACKAGES,"08_HISTORICAL_PACKAGES/2026-08-28_execution_v1.0/01_PRINT_NOW/v09_fit_report.json"
6c6b92ee9b4b,66342,2026-09-06,08_HISTORICAL_PACKAGES,"08_HISTORICAL_PACKAGES/2026-08-28_execution_v1.0/01_PRINT_NOW/v09_internal_layout.png"
b4c742c26951,62396,2026-09-06,08_HISTORICAL_PACKAGES,"08_HISTORICAL_PACKAGES/2026-08-28_execution_v1.0/01_PRINT_NOW/v09_lanyard_clip.step"
9a49869b9131,78084,2026-09-06,08_HISTORICAL_PACKAGES,"08_HISTORICAL_PACKAGES/2026-08-28_execution_v1.0/01_PRINT_NOW/v09_lanyard_clip.stl"
2b6c63379c91,3674,2026-09-06,08_HISTORICAL_PACKAGES,"08_HISTORICAL_PACKAGES/2026-08-28_execution_v1.0/01_PRINT_NOW/v09_release_validation.json"
70c0fea2d0a7,4546,2026-09-06,08_HISTORICAL_PACKAGES,"08_HISTORICAL_PACKAGES/2026-08-28_execution_v1.0/01_PRINT_NOW/validate_v09_release.py"
a6889d620b0c,3548,2026-09-06,08_HISTORICAL_PACKAGES,"08_HISTORICAL_PACKAGES/2026-08-28_execution_v1.0/02_PRODUCTION_CAD/PRODUCTION_FIT_REPORT.md"
60065df370b5,41480,2026-09-06,08_HISTORICAL_PACKAGES,"08_HISTORICAL_PACKAGES/2026-08-28_execution_v1.0/02_PRODUCTION_CAD/generate_cad_v10.py"
4d440f57ac72,21821,2026-09-06,08_HISTORICAL_PACKAGES,"08_HISTORICAL_PACKAGES/2026-08-28_execution_v1.0/02_PRODUCTION_CAD/production_aluminum_cap.step"
72b88d3b5860,63684,2026-09-06,08_HISTORICAL_PACKAGES,"08_HISTORICAL_PACKAGES/2026-08-28_execution_v1.0/02_PRODUCTION_CAD/production_aluminum_cap.stl"
0d81350a2d1d,28648,2026-09-06,08_HISTORICAL_PACKAGES,"08_HISTORICAL_PACKAGES/2026-08-28_execution_v1.0/02_PRODUCTION_CAD/production_aluminum_cap_drawing.pdf"
0fd72f218c30,16005,2026-09-06,08_HISTORICAL_PACKAGES,"08_HISTORICAL_PACKAGES/2026-08-28_execution_v1.0/02_PRODUCTION_CAD/production_aluminum_cap_outline.dxf"
2d189725a273,15572,2026-09-06,08_HISTORICAL_PACKAGES,"08_HISTORICAL_PACKAGES/2026-08-28_execution_v1.0/02_PRODUCTION_CAD/production_button_boot.step"
56502c052390,684,2026-09-06,08_HISTORICAL_PACKAGES,"08_HISTORICAL_PACKAGES/2026-08-28_execution_v1.0/02_PRODUCTION_CAD/production_button_boot.stl"
7b22fa89417c,74693,2026-09-06,08_HISTORICAL_PACKAGES,"08_HISTORICAL_PACKAGES/2026-08-28_execution_v1.0/02_PRODUCTION_CAD/production_button_plunger.step"
6ddb599afec7,3884,2026-09-06,08_HISTORICAL_PACKAGES,"08_HISTORICAL_PACKAGES/2026-08-28_execution_v1.0/02_PRODUCTION_CAD/production_button_plunger.stl"
4948c6906cbc,729320,2026-09-06,08_HISTORICAL_PACKAGES,"08_HISTORICAL_PACKAGES/2026-08-28_execution_v1.0/02_PRODUCTION_CAD/production_chassis.step"
33b49ce5d556,909884,2026-09-06,08_HISTORICAL_PACKAGES,"08_HISTORICAL_PACKAGES/2026-08-28_execution_v1.0/02_PRODUCTION_CAD/production_chassis.stl"
af29cd6fed07,15513,2026-09-06,08_HISTORICAL_PACKAGES,"08_HISTORICAL_PACKAGES/2026-08-28_execution_v1.0/02_PRODUCTION_CAD/production_dummy_battery_27x12.5x6.step"
2377fd860fd4,684,2026-09-06,08_HISTORICAL_PACKAGES,"08_HISTORICAL_PACKAGES/2026-08-28_execution_v1.0/02_PRODUCTION_CAD/production_dummy_battery_27x12.5x6.stl"
fd625494ae0c,5746,2026-09-06,08_HISTORICAL_PACKAGES,"08_HISTORICAL_PACKAGES/2026-08-28_execution_v1.0/02_PRODUCTION_CAD/production_dummy_motor_7x2.step"
ec4f1989f645,25084,2026-09-06,08_HISTORICAL_PACKAGES,"08_HISTORICAL_PACKAGES/2026-08-28_execution_v1.0/02_PRODUCTION_CAD/production_dummy_motor_7x2.stl"
41f472d0138a,43668,2026-09-06,08_HISTORICAL_PACKAGES,"08_HISTORICAL_PACKAGES/2026-08-28_execution_v1.0/02_PRODUCTION_CAD/production_dummy_pcb_shaped_37.5x14x0.6.step"
04f48c388a47,59684,2026-09-06,08_HISTORICAL_PACKAGES,"08_HISTORICAL_PACKAGES/2026-08-28_execution_v1.0/02_PRODUCTION_CAD/production_dummy_pcb_shaped_37.5x14x0.6.stl"
69445b49c024,15470,2026-09-06,08_HISTORICAL_PACKAGES,"08_HISTORICAL_PACKAGES/2026-08-28_execution_v1.0/02_PRODUCTION_CAD/production_dummy_radio_AN54LV_8.4x6.4x1.5.step"
e76245db54bf,684,2026-09-06,08_HISTORICAL_PACKAGES,"08_HISTORICAL_PACKAGES/2026-08-28_execution_v1.0/02_PRODUCTION_CAD/production_dummy_radio_AN54LV_8.4x6.4x1.5.stl"
a659c1928715,414724,2026-09-06,08_HISTORICAL_PACKAGES,"08_HISTORICAL_PACKAGES/2026-08-28_execution_v1.0/02_PRODUCTION_CAD/production_fit_check.glb"
43865735e30a,4891,2026-09-06,08_HISTORICAL_PACKAGES,"08_HISTORICAL_PACKAGES/2026-08-28_execution_v1.0/02_PRODUCTION_CAD/production_fit_report.json"
8417a27ac5d1,1088521,2026-09-06,08_HISTORICAL_PACKAGES,"08_HISTORICAL_PACKAGES/2026-08-28_execution_v1.0/02_PRODUCTION_CAD/production_full_assembly.step"
5ff7f919fcda,104089,2026-09-06,08_HISTORICAL_PACKAGES,"08_HISTORICAL_PACKAGES/2026-08-28_execution_v1.0/02_PRODUCTION_CAD/production_internal_layout.png"
9f0a0dccffdb,43668,2026-09-06,08_HISTORICAL_PACKAGES,"08_HISTORICAL_PACKAGES/2026-08-28_execution_v1.0/02_PRODUCTION_CAD/production_pcb_placement_only.step"
33b49ce5d556,909884,2026-09-06,08_HISTORICAL_PACKAGES,"08_HISTORICAL_PACKAGES/2026-08-28_execution_v1.0/02_PRODUCTION_CAD/production_print_back.stl"
45a1ad4a9a4a,84484,2026-09-06,08_HISTORICAL_PACKAGES,"08_HISTORICAL_PACKAGES/2026-08-28_execution_v1.0/02_PRODUCTION_CAD/production_print_front.stl"
90312f0ed0a5,16470,2026-09-06,08_HISTORICAL_PACKAGES,"08_HISTORICAL_PACKAGES/2026-08-28_execution_v1.0/02_PRODUCTION_CAD/production_rf_cap.step"
0e98ac290755,21484,2026-09-06,08_HISTORICAL_PACKAGES,"08_HISTORICAL_PACKAGES/2026-08-28_execution_v1.0/02_PRODUCTION_CAD/production_rf_cap.stl"
a6514f8c4d7d,53001,2026-09-06,08_HISTORICAL_PACKAGES,"08_HISTORICAL_PACKAGES/2026-08-28_execution_v1.0/02_PRODUCTION_CAD/production_visual_pebble.step"
afb476a0e6cf,2596884,2026-09-06,08_HISTORICAL_PACKAGES,"08_HISTORICAL_PACKAGES/2026-08-28_execution_v1.0/02_PRODUCTION_CAD/production_visual_pebble.stl"
98019917c751,35870,2026-09-06,08_HISTORICAL_PACKAGES,"08_HISTORICAL_PACKAGES/2026-08-28_execution_v1.0/02_PRODUCTION_CAD/tmp/pdfs/v10_cap/page-1.png"
bdb8b9d24557,7024,2026-09-06,08_HISTORICAL_PACKAGES,"08_HISTORICAL_PACKAGES/2026-08-28_execution_v1.0/03_PRODUCTION_PCB/INDEPENDENT_CORRECTION_REPORT.md"
a84837161d4d,5324,2026-09-06,08_HISTORICAL_PACKAGES,"08_HISTORICAL_PACKAGES/2026-08-28_execution_v1.0/03_PRODUCTION_PCB/README.md"
e8fdf830df0e,1982,2026-09-06,08_HISTORICAL_PACKAGES,"08_HISTORICAL_PACKAGES/2026-08-28_execution_v1.0/03_PRODUCTION_PCB/V1_CORRECTION_ORDER.md"
d3a2167fe6c1,396,2026-09-06,08_HISTORICAL_PACKAGES,"08_HISTORICAL_PACKAGES/2026-08-28_execution_v1.0/03_PRODUCTION_PCB/anticipy_evt_a.kicad_dru"
b3e8332264eb,187524,2026-09-06,08_HISTORICAL_PACKAGES,"08_HISTORICAL_PACKAGES/2026-08-28_execution_v1.0/03_PRODUCTION_PCB/anticipy_evt_a.kicad_pcb"
ff424326679a,378,2026-09-06,08_HISTORICAL_PACKAGES,"08_HISTORICAL_PACKAGES/2026-08-28_execution_v1.0/03_PRODUCTION_PCB/anticipy_evt_a.kicad_pro"
df1ba6273d59,119183,2026-09-06,08_HISTORICAL_PACKAGES,"08_HISTORICAL_PACKAGES/2026-08-28_execution_v1.0/03_PRODUCTION_PCB/anticipy_evt_a.kicad_sch"
01f34b8d5476,244168,2026-09-06,08_HISTORICAL_PACKAGES,"08_HISTORICAL_PACKAGES/2026-08-28_execution_v1.0/03_PRODUCTION_PCB/anticipy_evt_a_kicad_checkpoint.zip"
53957ae2676a,2793,2026-09-06,08_HISTORICAL_PACKAGES,"08_HISTORICAL_PACKAGES/2026-08-28_execution_v1.0/03_PRODUCTION_PCB/bom/EVT_A_BOM.csv"
418ef369ccf1,4200,2026-09-06,08_HISTORICAL_PACKAGES,"08_HISTORICAL_PACKAGES/2026-08-28_execution_v1.0/03_PRODUCTION_PCB/design_manifest.json"
f46c991bb878,2056,2026-09-06,08_HISTORICAL_PACKAGES,"08_HISTORICAL_PACKAGES/2026-08-28_execution_v1.0/03_PRODUCTION_PCB/docs/FABRICATION_NOTES.md"
c051f42d944b,2755,2026-09-06,08_HISTORICAL_PACKAGES,"08_HISTORICAL_PACKAGES/2026-08-28_execution_v1.0/03_PRODUCTION_PCB/docs/OPEN_ITEMS.md"
f3f96f7b2bd1,2461,2026-09-06,08_HISTORICAL_PACKAGES,"08_HISTORICAL_PACKAGES/2026-08-28_execution_v1.0/03_PRODUCTION_PCB/docs/PLACEMENT_AND_MARGIN_REPORT.md"
434c65369eff,1896,2026-09-06,08_HISTORICAL_PACKAGES,"08_HISTORICAL_PACKAGES/2026-08-28_execution_v1.0/03_PRODUCTION_PCB/docs/POWER_AND_NET_ARCHITECTURE.md"
e059de3974cf,1461,2026-09-06,08_HISTORICAL_PACKAGES,"08_HISTORICAL_PACKAGES/2026-08-28_execution_v1.0/03_PRODUCTION_PCB/docs/SAFE_BRINGUP.md"
196d478572fd,3639,2026-09-06,08_HISTORICAL_PACKAGES,"08_HISTORICAL_PACKAGES/2026-08-28_execution_v1.0/03_PRODUCTION_PCB/docs/SOURCE_LEDGER.md"
6e3b41bd7f31,8137210,2026-09-06,08_HISTORICAL_PACKAGES,"08_HISTORICAL_PACKAGES/2026-08-28_execution_v1.0/03_PRODUCTION_PCB/docs/sources/AN54LV-15_Ver1.1_spec.pdf"
e225b46b909f,126604,2026-09-06,08_HISTORICAL_PACKAGES,"08_HISTORICAL_PACKAGES/2026-08-28_execution_v1.0/03_PRODUCTION_PCB/docs/sources/AN54LV-15_recommended_pad_20260702.pdf"
2f16cf041aa0,5083400,2026-09-06,08_HISTORICAL_PACKAGES,"08_HISTORICAL_PACKAGES/2026-08-28_execution_v1.0/03_PRODUCTION_PCB/docs/sources/AN54LV_footprint_design_260730.zip"
7c9c6ab89d64,317245,2026-09-06,08_HISTORICAL_PACKAGES,"08_HISTORICAL_PACKAGES/2026-08-28_execution_v1.0/03_PRODUCTION_PCB/docs/sources/pts841.pdf"
901cffe008c4,150,2026-09-06,08_HISTORICAL_PACKAGES,"08_HISTORICAL_PACKAGES/2026-08-28_execution_v1.0/03_PRODUCTION_PCB/fp-lib-table"
8fdcb17ee77b,54155,2026-09-06,08_HISTORICAL_PACKAGES,"08_HISTORICAL_PACKAGES/2026-08-28_execution_v1.0/03_PRODUCTION_PCB/libraries/Anticipy.kicad_sym"
432ee76cafef,2441,2026-09-06,08_HISTORICAL_PACKAGES,"08_HISTORICAL_PACKAGES/2026-08-28_execution_v1.0/03_PRODUCTION_PCB/libraries/Anticipy.pretty/2450AT18A0100001E.kicad_mod"
557550d1fe2d,1925,2026-09-06,08_HISTORICAL_PACKAGES,"08_HISTORICAL_PACKAGES/2026-08-28_execution_v1.0/03_PRODUCTION_PCB/libraries/Anticipy.pretty/BL54L15U_PINMAP_GATE.kicad_mod"
e3132e781401,3419,2026-09-06,08_HISTORICAL_PACKAGES,"08_HISTORICAL_PACKAGES/2026-08-28_execution_v1.0/03_PRODUCTION_PCB/libraries/Anticipy.pretty/DSBGA9_DRV2605L.kicad_mod"
de7ffa60eb26,2988,2026-09-06,08_HISTORICAL_PACKAGES,"08_HISTORICAL_PACKAGES/2026-08-28_execution_v1.0/03_PRODUCTION_PCB/libraries/Anticipy.pretty/IM69D128S.kicad_mod"
ab5785490368,1954,2026-09-06,08_HISTORICAL_PACKAGES,"08_HISTORICAL_PACKAGES/2026-08-28_execution_v1.0/03_PRODUCTION_PCB/libraries/Anticipy.pretty/JYC720FDRL_HOTBAR_LAND_GATE.kicad_mod"
75f8289ec4ca,1934,2026-09-06,08_HISTORICAL_PACKAGES,"08_HISTORICAL_PACKAGES/2026-08-28_execution_v1.0/03_PRODUCTION_PCB/libraries/Anticipy.pretty/SKSCLCE010_PADMAP_GATE.kicad_mod"
6116969c7321,7761,2026-09-06,08_HISTORICAL_PACKAGES,"08_HISTORICAL_PACKAGES/2026-08-28_execution_v1.0/03_PRODUCTION_PCB/libraries/Anticipy.pretty/WLCSP35_nPM1300_CAAA.kicad_mod"
5d4943143467,3702,2026-09-06,08_HISTORICAL_PACKAGES,"08_HISTORICAL_PACKAGES/2026-08-28_execution_v1.0/03_PRODUCTION_PCB/libraries/Anticipy.pretty/WSON8_8x6_W25N04KV.kicad_mod"
47797227cff8,187,2026-09-06,08_HISTORICAL_PACKAGES,"08_HISTORICAL_PACKAGES/2026-08-28_execution_v1.0/03_PRODUCTION_PCB/reports/DRC_NOT_RUN.txt"
88c5817f9aaa,184,2026-09-06,08_HISTORICAL_PACKAGES,"08_HISTORICAL_PACKAGES/2026-08-28_execution_v1.0/03_PRODUCTION_PCB/reports/ERC_NOT_RUN.txt"
3ff67780b5fe,1266,2026-09-06,08_HISTORICAL_PACKAGES,"08_HISTORICAL_PACKAGES/2026-08-28_execution_v1.0/03_PRODUCTION_PCB/reports/EXACT_V06_AUDIT.txt"
6229905150fd,7685,2026-09-06,08_HISTORICAL_PACKAGES,"08_HISTORICAL_PACKAGES/2026-08-28_execution_v1.0/03_PRODUCTION_PCB/reports/PAD_NET_MAP.csv"
6991ebc87833,154865,2026-09-06,08_HISTORICAL_PACKAGES,"08_HISTORICAL_PACKAGES/2026-08-28_execution_v1.0/03_PRODUCTION_PCB/reports/PCB_PLACEMENT.png"
998333d5e649,77092,2026-09-06,08_HISTORICAL_PACKAGES,"08_HISTORICAL_PACKAGES/2026-08-28_execution_v1.0/03_PRODUCTION_PCB/reports/PCB_PLACEMENT.svg"
df64a97487e5,1813,2026-09-06,08_HISTORICAL_PACKAGES,"08_HISTORICAL_PACKAGES/2026-08-28_execution_v1.0/03_PRODUCTION_PCB/reports/STRUCTURAL_VERIFY.txt"
de4b91fd05db,151,2026-09-06,08_HISTORICAL_PACKAGES,"08_HISTORICAL_PACKAGES/2026-08-28_execution_v1.0/03_PRODUCTION_PCB/sym-lib-table"
23086a221dd3,6250,2026-09-06,08_HISTORICAL_PACKAGES,"08_HISTORICAL_PACKAGES/2026-08-28_execution_v1.0/03_PRODUCTION_PCB/tools/audit_exact_checkpoint.py"
da1f6a5b275f,44696,2026-09-06,08_HISTORICAL_PACKAGES,"08_HISTORICAL_PACKAGES/2026-08-28_execution_v1.0/03_PRODUCTION_PCB/tools/generate_release.py"
2e8f3e4fd258,2716,2026-09-06,08_HISTORICAL_PACKAGES,"08_HISTORICAL_PACKAGES/2026-08-28_execution_v1.0/03_PRODUCTION_PCB/tools/render_checkpoint.py"
b813a387c9c7,16325,2026-09-06,08_HISTORICAL_PACKAGES,"08_HISTORICAL_PACKAGES/2026-08-28_execution_v1.0/03_PRODUCTION_PCB/tools/verify_release.py"
de31edba36d0,585216,2026-09-06,08_HISTORICAL_PACKAGES,"08_HISTORICAL_PACKAGES/2026-08-28_execution_v1.0/04_FIRMWARE/Anticipy_Founder_EVT_v0.9.0.uf2"
debad7b3c48e,4845,2026-09-06,08_HISTORICAL_PACKAGES,"08_HISTORICAL_PACKAGES/2026-08-28_execution_v1.0/04_FIRMWARE/BLE_IPHONE_PROTOCOL.md"
b1c726ed2d7d,1342,2026-09-06,08_HISTORICAL_PACKAGES,"08_HISTORICAL_PACKAGES/2026-08-28_execution_v1.0/04_FIRMWARE/BUILD_METADATA.json"
98a56bacf4d6,5656,2026-09-06,08_HISTORICAL_PACKAGES,"08_HISTORICAL_PACKAGES/2026-08-28_execution_v1.0/04_FIRMWARE/BUILD_STATUS.md"
dd43fb6ecd9c,958,2026-09-06,08_HISTORICAL_PACKAGES,"08_HISTORICAL_PACKAGES/2026-08-28_execution_v1.0/04_FIRMWARE/HOST_CHECK_OUTPUT.txt"
7efdcd0fc0d7,1084,2026-09-06,08_HISTORICAL_PACKAGES,"08_HISTORICAL_PACKAGES/2026-08-28_execution_v1.0/04_FIRMWARE/LICENSE-OMI-MIT.txt"
88d227a8295b,3638,2026-09-06,08_HISTORICAL_PACKAGES,"08_HISTORICAL_PACKAGES/2026-08-28_execution_v1.0/04_FIRMWARE/README.md"
04aeb7d37383,4010,2026-09-06,08_HISTORICAL_PACKAGES,"08_HISTORICAL_PACKAGES/2026-08-28_execution_v1.0/04_FIRMWARE/SECURITY_RELEASE_GATES.md"
442d82e20239,202,2026-09-06,08_HISTORICAL_PACKAGES,"08_HISTORICAL_PACKAGES/2026-08-28_execution_v1.0/04_FIRMWARE/SHA256SUMS.txt"
d54891be6eab,934,2026-09-06,08_HISTORICAL_PACKAGES,"08_HISTORICAL_PACKAGES/2026-08-28_execution_v1.0/04_FIRMWARE/THIRD_PARTY_NOTICES.md"
9095e7b4a847,5351572,2026-09-06,08_HISTORICAL_PACKAGES,"08_HISTORICAL_PACKAGES/2026-08-28_execution_v1.0/04_FIRMWARE/debug/Anticipy_Founder_EVT_v0.9.0.elf"
ef70393f13b7,468,2026-09-06,08_HISTORICAL_PACKAGES,"08_HISTORICAL_PACKAGES/2026-08-28_execution_v1.0/04_FIRMWARE/flash.sh"
75127a1ee934,16292,2026-09-06,08_HISTORICAL_PACKAGES,"08_HISTORICAL_PACKAGES/2026-08-28_execution_v1.0/04_FIRMWARE/ios_test_client/AnticipyBLEClient.swift"
4ae7bc5b4a62,1621,2026-09-06,08_HISTORICAL_PACKAGES,"08_HISTORICAL_PACKAGES/2026-08-28_execution_v1.0/04_FIRMWARE/ios_test_client/README.md"
282a3fa8b552,1929,2026-09-06,08_HISTORICAL_PACKAGES,"08_HISTORICAL_PACKAGES/2026-08-28_execution_v1.0/04_FIRMWARE/source_nrf52840/.github/workflows/build-evt-firmware.yml"
2ca81f489bf2,6769,2026-09-06,08_HISTORICAL_PACKAGES,"08_HISTORICAL_PACKAGES/2026-08-28_execution_v1.0/04_FIRMWARE/source_nrf52840/CMakeLists.txt"
6da8a7b099e8,1198,2026-09-06,08_HISTORICAL_PACKAGES,"08_HISTORICAL_PACKAGES/2026-08-28_execution_v1.0/04_FIRMWARE/source_nrf52840/Kconfig"
4b44ae944a7c,471,2026-09-06,08_HISTORICAL_PACKAGES,"08_HISTORICAL_PACKAGES/2026-08-28_execution_v1.0/04_FIRMWARE/source_nrf52840/flash.sh"
333dadaea371,9322,2026-09-06,08_HISTORICAL_PACKAGES,"08_HISTORICAL_PACKAGES/2026-08-28_execution_v1.0/04_FIRMWARE/source_nrf52840/host_checks.py"
75127a1ee934,16292,2026-09-06,08_HISTORICAL_PACKAGES,"08_HISTORICAL_PACKAGES/2026-08-28_execution_v1.0/04_FIRMWARE/source_nrf52840/ios_test_client/AnticipyBLEClient.swift"
c42cc82f3cf4,2256,2026-09-06,08_HISTORICAL_PACKAGES,"08_HISTORICAL_PACKAGES/2026-08-28_execution_v1.0/04_FIRMWARE/source_nrf52840/overlay/xiao_ble_sense_devkitv2-adafruit.overlay"
2d1e11ba67db,3886,2026-09-06,08_HISTORICAL_PACKAGES,"08_HISTORICAL_PACKAGES/2026-08-28_execution_v1.0/04_FIRMWARE/source_nrf52840/prj_xiao_ble_sense_devkitv2-adafruit.conf"
de7f85f187ee,16026,2026-09-06,08_HISTORICAL_PACKAGES,"08_HISTORICAL_PACKAGES/2026-08-28_execution_v1.0/04_FIRMWARE/source_nrf52840/src/button.c"
f1d8c91af4ab,271,2026-09-06,08_HISTORICAL_PACKAGES,"08_HISTORICAL_PACKAGES/2026-08-28_execution_v1.0/04_FIRMWARE/source_nrf52840/src/button.h"
ee0db73af86a,3858,2026-09-06,08_HISTORICAL_PACKAGES,"08_HISTORICAL_PACKAGES/2026-08-28_execution_v1.0/04_FIRMWARE/source_nrf52840/src/codec.c"
988d99ac4629,402,2026-09-06,08_HISTORICAL_PACKAGES,"08_HISTORICAL_PACKAGES/2026-08-28_execution_v1.0/04_FIRMWARE/source_nrf52840/src/codec.h"
3c6bc6239d50,1411,2026-09-06,08_HISTORICAL_PACKAGES,"08_HISTORICAL_PACKAGES/2026-08-28_execution_v1.0/04_FIRMWARE/source_nrf52840/src/config.h"
1f6e7905c99a,2843,2026-09-06,08_HISTORICAL_PACKAGES,"08_HISTORICAL_PACKAGES/2026-08-28_execution_v1.0/04_FIRMWARE/source_nrf52840/src/haptic.c"
16b037c10872,207,2026-09-06,08_HISTORICAL_PACKAGES,"08_HISTORICAL_PACKAGES/2026-08-28_execution_v1.0/04_FIRMWARE/source_nrf52840/src/haptic.h"
84ef17fc0112,775,2026-09-06,08_HISTORICAL_PACKAGES,"08_HISTORICAL_PACKAGES/2026-08-28_execution_v1.0/04_FIRMWARE/source_nrf52840/src/led.c"
7f53b7d7f7a3,579,2026-09-06,08_HISTORICAL_PACKAGES,"08_HISTORICAL_PACKAGES/2026-08-28_execution_v1.0/04_FIRMWARE/source_nrf52840/src/led.h"
a0ff36764b5c,7024,2026-09-06,08_HISTORICAL_PACKAGES,"08_HISTORICAL_PACKAGES/2026-08-28_execution_v1.0/04_FIRMWARE/source_nrf52840/src/lib/battery/battery.c"
737f0caa3b4d,2211,2026-09-06,08_HISTORICAL_PACKAGES,"08_HISTORICAL_PACKAGES/2026-08-28_execution_v1.0/04_FIRMWARE/source_nrf52840/src/lib/battery/battery.h"
8552687904b2,10759,2026-09-06,08_HISTORICAL_PACKAGES,"08_HISTORICAL_PACKAGES/2026-08-28_execution_v1.0/04_FIRMWARE/source_nrf52840/src/lib/opus-1.2.1/A2NLSF.c"
cc4d2169dddb,7175,2026-09-06,08_HISTORICAL_PACKAGES,"08_HISTORICAL_PACKAGES/2026-08-28_execution_v1.0/04_FIRMWARE/source_nrf52840/src/lib/opus-1.2.1/API.h"
eb8c9901f2a3,9599,2026-09-06,08_HISTORICAL_PACKAGES,"08_HISTORICAL_PACKAGES/2026-08-28_execution_v1.0/04_FIRMWARE/source_nrf52840/src/lib/opus-1.2.1/CNG.c"
8ced42dcf02a,3284,2026-09-06,08_HISTORICAL_PACKAGES,"08_HISTORICAL_PACKAGES/2026-08-28_execution_v1.0/04_FIRMWARE/source_nrf52840/src/lib/opus-1.2.1/CmakeLists.txt"
e528fcf0eebc,3989,2026-09-06,08_HISTORICAL_PACKAGES,"08_HISTORICAL_PACKAGES/2026-08-28_execution_v1.0/04_FIRMWARE/source_nrf52840/src/lib/opus-1.2.1/HP_variable_cutoff.c"
d8d637375bd1,7314,2026-09-06,08_HISTORICAL_PACKAGES,"08_HISTORICAL_PACKAGES/2026-08-28_execution_v1.0/04_FIRMWARE/source_nrf52840/src/lib/opus-1.2.1/Inlines.h"
f15ac8e1d21d,5015,2026-09-06,08_HISTORICAL_PACKAGES,"08_HISTORICAL_PACKAGES/2026-08-28_execution_v1.0/04_FIRMWARE/source_nrf52840/src/lib/opus-1.2.1/LPC_analysis_filter.c"
c24418dfdcd9,3957,2026-09-06,08_HISTORICAL_PACKAGES,"08_HISTORICAL_PACKAGES/2026-08-28_execution_v1.0/04_FIRMWARE/source_nrf52840/src/lib/opus-1.2.1/LPC_fit.c"
c2cc22922cd3,6161,2026-09-06,08_HISTORICAL_PACKAGES,"08_HISTORICAL_PACKAGES/2026-08-28_execution_v1.0/04_FIRMWARE/source_nrf52840/src/lib/opus-1.2.1/LPC_inv_pred_gain.c"
e17cec3098ec,6552,2026-09-06,08_HISTORICAL_PACKAGES,"08_HISTORICAL_PACKAGES/2026-08-28_execution_v1.0/04_FIRMWARE/source_nrf52840/src/lib/opus-1.2.1/LP_variable_cutoff.c"
e57c94e63891,4730,2026-09-06,08_HISTORICAL_PACKAGES,"08_HISTORICAL_PACKAGES/2026-08-28_execution_v1.0/04_FIRMWARE/source_nrf52840/src/lib/opus-1.2.1/LTP_analysis_filter_FIX.c"
d2b8a417bcad,2877,2026-09-06,08_HISTORICAL_PACKAGES,"08_HISTORICAL_PACKAGES/2026-08-28_execution_v1.0/04_FIRMWARE/source_nrf52840/src/lib/opus-1.2.1/LTP_scale_ctrl_FIX.c"
58441b221c2f,20764,2026-09-06,08_HISTORICAL_PACKAGES,"08_HISTORICAL_PACKAGES/2026-08-28_execution_v1.0/04_FIRMWARE/source_nrf52840/src/lib/opus-1.2.1/MacroCount.h"
7af465e3a640,33528,2026-09-06,08_HISTORICAL_PACKAGES,"08_HISTORICAL_PACKAGES/2026-08-28_execution_v1.0/04_FIRMWARE/source_nrf52840/src/lib/opus-1.2.1/MacroDebug.h"
89cf63c26906,6362,2026-09-06,08_HISTORICAL_PACKAGES,"08_HISTORICAL_PACKAGES/2026-08-28_execution_v1.0/04_FIRMWARE/source_nrf52840/src/lib/opus-1.2.1/NLSF2A.c"
d2742ac1f6cb,3975,2026-09-06,08_HISTORICAL_PACKAGES,"08_HISTORICAL_PACKAGES/2026-08-28_execution_v1.0/04_FIRMWARE/source_nrf52840/src/lib/opus-1.2.1/NLSF_VQ.c"
975b062a6bbd,3937,2026-09-06,08_HISTORICAL_PACKAGES,"08_HISTORICAL_PACKAGES/2026-08-28_execution_v1.0/04_FIRMWARE/source_nrf52840/src/lib/opus-1.2.1/NLSF_VQ_weights_laroia.c"
3d723c92896d,4766,2026-09-06,08_HISTORICAL_PACKAGES,"08_HISTORICAL_PACKAGES/2026-08-28_execution_v1.0/04_FIRMWARE/source_nrf52840/src/lib/opus-1.2.1/NLSF_decode.c"
3d045d2d5931,11896,2026-09-06,08_HISTORICAL_PACKAGES,"08_HISTORICAL_PACKAGES/2026-08-28_execution_v1.0/04_FIRMWARE/source_nrf52840/src/lib/opus-1.2.1/NLSF_del_dec_quant.c"
5fba9bb8dc77,6129,2026-09-06,08_HISTORICAL_PACKAGES,"08_HISTORICAL_PACKAGES/2026-08-28_execution_v1.0/04_FIRMWARE/source_nrf52840/src/lib/opus-1.2.1/NLSF_encode.c"
14c69720cd90,6347,2026-09-06,08_HISTORICAL_PACKAGES,"08_HISTORICAL_PACKAGES/2026-08-28_execution_v1.0/04_FIRMWARE/source_nrf52840/src/lib/opus-1.2.1/NLSF_stabilize.c"
e94e9519bb38,2949,2026-09-06,08_HISTORICAL_PACKAGES,"08_HISTORICAL_PACKAGES/2026-08-28_execution_v1.0/04_FIRMWARE/source_nrf52840/src/lib/opus-1.2.1/NLSF_unpack.c"
473b46b62b04,22787,2026-09-06,08_HISTORICAL_PACKAGES,"08_HISTORICAL_PACKAGES/2026-08-28_execution_v1.0/04_FIRMWARE/source_nrf52840/src/lib/opus-1.2.1/NSQ.c"
7ef6eec66064,4288,2026-09-06,08_HISTORICAL_PACKAGES,"08_HISTORICAL_PACKAGES/2026-08-28_execution_v1.0/04_FIRMWARE/source_nrf52840/src/lib/opus-1.2.1/NSQ.h"
1e66080620da,39434,2026-09-06,08_HISTORICAL_PACKAGES,"08_HISTORICAL_PACKAGES/2026-08-28_execution_v1.0/04_FIRMWARE/source_nrf52840/src/lib/opus-1.2.1/NSQ_del_dec.c"
fefb38726ec0,20451,2026-09-06,08_HISTORICAL_PACKAGES,"08_HISTORICAL_PACKAGES/2026-08-28_execution_v1.0/04_FIRMWARE/source_nrf52840/src/lib/opus-1.2.1/PLC.c"
f67f0d84ddae,3261,2026-09-06,08_HISTORICAL_PACKAGES,"08_HISTORICAL_PACKAGES/2026-08-28_execution_v1.0/04_FIRMWARE/source_nrf52840/src/lib/opus-1.2.1/PLC.h"
1484eb810598,39242,2026-09-06,08_HISTORICAL_PACKAGES,"08_HISTORICAL_PACKAGES/2026-08-28_execution_v1.0/04_FIRMWARE/source_nrf52840/src/lib/opus-1.2.1/SigProc_FIX.h"
3ab5d7cc2839,15042,2026-09-06,08_HISTORICAL_PACKAGES,"08_HISTORICAL_PACKAGES/2026-08-28_execution_v1.0/04_FIRMWARE/source_nrf52840/src/lib/opus-1.2.1/VAD.c"
4d6e893e1b7b,7138,2026-09-06,08_HISTORICAL_PACKAGES,"08_HISTORICAL_PACKAGES/2026-08-28_execution_v1.0/04_FIRMWARE/source_nrf52840/src/lib/opus-1.2.1/VQ_WMat_EC.c"
b36149a0a4bb,5935,2026-09-06,08_HISTORICAL_PACKAGES,"08_HISTORICAL_PACKAGES/2026-08-28_execution_v1.0/04_FIRMWARE/source_nrf52840/src/lib/opus-1.2.1/_kiss_fft_guts.h"
d277973dbada,3770,2026-09-06,08_HISTORICAL_PACKAGES,"08_HISTORICAL_PACKAGES/2026-08-28_execution_v1.0/04_FIRMWARE/source_nrf52840/src/lib/opus-1.2.1/ana_filt_bank_1.c"
063d73e0755d,36054,2026-09-06,08_HISTORICAL_PACKAGES,"08_HISTORICAL_PACKAGES/2026-08-28_execution_v1.0/04_FIRMWARE/source_nrf52840/src/lib/opus-1.2.1/analysis.c"
c862ac10d4ea,4080,2026-09-06,08_HISTORICAL_PACKAGES,"08_HISTORICAL_PACKAGES/2026-08-28_execution_v1.0/04_FIRMWARE/source_nrf52840/src/lib/opus-1.2.1/analysis.h"
58c5b569dc7c,4921,2026-09-06,08_HISTORICAL_PACKAGES,"08_HISTORICAL_PACKAGES/2026-08-28_execution_v1.0/04_FIRMWARE/source_nrf52840/src/lib/opus-1.2.1/apply_sine_window_FIX.c"
7d2609cf4ce8,7778,2026-09-06,08_HISTORICAL_PACKAGES,"08_HISTORICAL_PACKAGES/2026-08-28_execution_v1.0/04_FIRMWARE/source_nrf52840/src/lib/opus-1.2.1/arch.h"
53b3e0024db7,3234,2026-09-06,08_HISTORICAL_PACKAGES,"08_HISTORICAL_PACKAGES/2026-08-28_execution_v1.0/04_FIRMWARE/source_nrf52840/src/lib/opus-1.2.1/arm/LPC_inv_pred_gain_arm.h"
61d2709dca89,5477,2026-09-06,08_HISTORICAL_PACKAGES,"08_HISTORICAL_PACKAGES/2026-08-28_execution_v1.0/04_FIRMWARE/source_nrf52840/src/lib/opus-1.2.1/arm/NSQ_del_dec_arm.h"
7582f536ee38,2254,2026-09-06,08_HISTORICAL_PACKAGES,"08_HISTORICAL_PACKAGES/2026-08-28_execution_v1.0/04_FIRMWARE/source_nrf52840/src/lib/opus-1.2.1/arm/SigProc_FIX_armv4.h"
75645e689c04,2765,2026-09-06,08_HISTORICAL_PACKAGES,"08_HISTORICAL_PACKAGES/2026-08-28_execution_v1.0/04_FIRMWARE/source_nrf52840/src/lib/opus-1.2.1/arm/SigProc_FIX_armv5e.h"
c6b803609ea3,2481,2026-09-06,08_HISTORICAL_PACKAGES,"08_HISTORICAL_PACKAGES/2026-08-28_execution_v1.0/04_FIRMWARE/source_nrf52840/src/lib/opus-1.2.1/arm/armcpu.h"
aeb87daec248,4421,2026-09-06,08_HISTORICAL_PACKAGES,"08_HISTORICAL_PACKAGES/2026-08-28_execution_v1.0/04_FIRMWARE/source_nrf52840/src/lib/opus-1.2.1/arm/biquad_alt_arm.h"
049a413aa633,14065,2026-09-06,08_HISTORICAL_PACKAGES,"08_HISTORICAL_PACKAGES/2026-08-28_execution_v1.0/04_FIRMWARE/source_nrf52840/src/lib/opus-1.2.1/arm/celt_pitch_xcorr_arm_gcc.s"
420dc0ff08d7,13699,2026-09-06,08_HISTORICAL_PACKAGES,"08_HISTORICAL_PACKAGES/2026-08-28_execution_v1.0/04_FIRMWARE/source_nrf52840/src/lib/opus-1.2.1/arm/celt_pitch_xcorr_arm_iar.s"
af2127640e4a,13247,2026-09-06,08_HISTORICAL_PACKAGES,"08_HISTORICAL_PACKAGES/2026-08-28_execution_v1.0/04_FIRMWARE/source_nrf52840/src/lib/opus-1.2.1/arm/celt_pitch_xcorr_arm_keil.s"
84c83aaed010,3445,2026-09-06,08_HISTORICAL_PACKAGES,"08_HISTORICAL_PACKAGES/2026-08-28_execution_v1.0/04_FIRMWARE/source_nrf52840/src/lib/opus-1.2.1/arm/fixed_armv4.h"
2ea12bc025f7,5628,2026-09-06,08_HISTORICAL_PACKAGES,"08_HISTORICAL_PACKAGES/2026-08-28_execution_v1.0/04_FIRMWARE/source_nrf52840/src/lib/opus-1.2.1/arm/fixed_armv5e.h"
6e41b8f62c4d,4660,2026-09-06,08_HISTORICAL_PACKAGES,"08_HISTORICAL_PACKAGES/2026-08-28_execution_v1.0/04_FIRMWARE/source_nrf52840/src/lib/opus-1.2.1/arm/kiss_fft_armv4.h"
104a476f9ab3,6494,2026-09-06,08_HISTORICAL_PACKAGES,"08_HISTORICAL_PACKAGES/2026-08-28_execution_v1.0/04_FIRMWARE/source_nrf52840/src/lib/opus-1.2.1/arm/kiss_fft_armv5e.h"
a6418f0d3424,4734,2026-09-06,08_HISTORICAL_PACKAGES,"08_HISTORICAL_PACKAGES/2026-08-28_execution_v1.0/04_FIRMWARE/source_nrf52840/src/lib/opus-1.2.1/arm/macros_armv4.h"
93c8673dcf54,8482,2026-09-06,08_HISTORICAL_PACKAGES,"08_HISTORICAL_PACKAGES/2026-08-28_execution_v1.0/04_FIRMWARE/source_nrf52840/src/lib/opus-1.2.1/arm/macros_armv5e.h"
beaecb333350,6436,2026-09-06,08_HISTORICAL_PACKAGES,"08_HISTORICAL_PACKAGES/2026-08-28_execution_v1.0/04_FIRMWARE/source_nrf52840/src/lib/opus-1.2.1/arm/pitch_arm.h"
fc57330ccb4f,4264,2026-09-06,08_HISTORICAL_PACKAGES,"08_HISTORICAL_PACKAGES/2026-08-28_execution_v1.0/04_FIRMWARE/source_nrf52840/src/lib/opus-1.2.1/arm/warped_autocorrelation_FIX_arm.h"
16aceb2d3d8a,2725,2026-09-06,08_HISTORICAL_PACKAGES,"08_HISTORICAL_PACKAGES/2026-08-28_execution_v1.0/04_FIRMWARE/source_nrf52840/src/lib/opus-1.2.1/autocorr_FIX.c"
b3bb71c4598d,51184,2026-09-06,08_HISTORICAL_PACKAGES,"08_HISTORICAL_PACKAGES/2026-08-28_execution_v1.0/04_FIRMWARE/source_nrf52840/src/lib/opus-1.2.1/bands.c"
571d86a58491,5417,2026-09-06,08_HISTORICAL_PACKAGES,"08_HISTORICAL_PACKAGES/2026-08-28_execution_v1.0/04_FIRMWARE/source_nrf52840/src/lib/opus-1.2.1/bands.h"
cab5911f028e,6886,2026-09-06,08_HISTORICAL_PACKAGES,"08_HISTORICAL_PACKAGES/2026-08-28_execution_v1.0/04_FIRMWARE/source_nrf52840/src/lib/opus-1.2.1/biquad_alt.c"
65e4117e6a2c,16792,2026-09-06,08_HISTORICAL_PACKAGES,"08_HISTORICAL_PACKAGES/2026-08-28_execution_v1.0/04_FIRMWARE/source_nrf52840/src/lib/opus-1.2.1/burg_modified_FIX.c"
f01c2e6752d8,2760,2026-09-06,08_HISTORICAL_PACKAGES,"08_HISTORICAL_PACKAGES/2026-08-28_execution_v1.0/04_FIRMWARE/source_nrf52840/src/lib/opus-1.2.1/bwexpander.c"
81ae3a2a4fa9,2490,2026-09-06,08_HISTORICAL_PACKAGES,"08_HISTORICAL_PACKAGES/2026-08-28_execution_v1.0/04_FIRMWARE/source_nrf52840/src/lib/opus-1.2.1/bwexpander_32.c"
5a6ccbc8e3d8,9107,2026-09-06,08_HISTORICAL_PACKAGES,"08_HISTORICAL_PACKAGES/2026-08-28_execution_v1.0/04_FIRMWARE/source_nrf52840/src/lib/opus-1.2.1/celt.c"
92868264a9e2,7812,2026-09-06,08_HISTORICAL_PACKAGES,"08_HISTORICAL_PACKAGES/2026-08-28_execution_v1.0/04_FIRMWARE/source_nrf52840/src/lib/opus-1.2.1/celt.h"
07d1e12d0baa,41237,2026-09-06,08_HISTORICAL_PACKAGES,"08_HISTORICAL_PACKAGES/2026-08-28_execution_v1.0/04_FIRMWARE/source_nrf52840/src/lib/opus-1.2.1/celt_decoder.c"
7893e9e91088,82045,2026-09-06,08_HISTORICAL_PACKAGES,"08_HISTORICAL_PACKAGES/2026-08-28_execution_v1.0/04_FIRMWARE/source_nrf52840/src/lib/opus-1.2.1/celt_encoder.c"
75364dace691,7996,2026-09-06,08_HISTORICAL_PACKAGES,"08_HISTORICAL_PACKAGES/2026-08-28_execution_v1.0/04_FIRMWARE/source_nrf52840/src/lib/opus-1.2.1/celt_lpc.c"
84f34c883133,2221,2026-09-06,08_HISTORICAL_PACKAGES,"08_HISTORICAL_PACKAGES/2026-08-28_execution_v1.0/04_FIRMWARE/source_nrf52840/src/lib/opus-1.2.1/celt_lpc.h"
f01ebcb1b221,4939,2026-09-06,08_HISTORICAL_PACKAGES,"08_HISTORICAL_PACKAGES/2026-08-28_execution_v1.0/04_FIRMWARE/source_nrf52840/src/lib/opus-1.2.1/check_control_input.c"
becd3134a77e,5554,2026-09-06,08_HISTORICAL_PACKAGES,"08_HISTORICAL_PACKAGES/2026-08-28_execution_v1.0/04_FIRMWARE/source_nrf52840/src/lib/opus-1.2.1/code_signs.c"
21847e9acd78,2723,2026-09-06,08_HISTORICAL_PACKAGES,"08_HISTORICAL_PACKAGES/2026-08-28_execution_v1.0/04_FIRMWARE/source_nrf52840/src/lib/opus-1.2.1/config.h"
9c63ee1b8a46,6165,2026-09-06,08_HISTORICAL_PACKAGES,"08_HISTORICAL_PACKAGES/2026-08-28_execution_v1.0/04_FIRMWARE/source_nrf52840/src/lib/opus-1.2.1/control.h"
d82dbf53b207,3407,2026-09-06,08_HISTORICAL_PACKAGES,"08_HISTORICAL_PACKAGES/2026-08-28_execution_v1.0/04_FIRMWARE/source_nrf52840/src/lib/opus-1.2.1/control_SNR.c"
3567b33e96da,5712,2026-09-06,08_HISTORICAL_PACKAGES,"08_HISTORICAL_PACKAGES/2026-08-28_execution_v1.0/04_FIRMWARE/source_nrf52840/src/lib/opus-1.2.1/control_audio_bandwidth.c"
81bb138d8471,20591,2026-09-06,08_HISTORICAL_PACKAGES,"08_HISTORICAL_PACKAGES/2026-08-28_execution_v1.0/04_FIRMWARE/source_nrf52840/src/lib/opus-1.2.1/control_codec.c"
dc73a44c5a98,8335,2026-09-06,08_HISTORICAL_PACKAGES,"08_HISTORICAL_PACKAGES/2026-08-28_execution_v1.0/04_FIRMWARE/source_nrf52840/src/lib/opus-1.2.1/corrMatrix_FIX.c"
36a4b37807a8,2372,2026-09-06,08_HISTORICAL_PACKAGES,"08_HISTORICAL_PACKAGES/2026-08-28_execution_v1.0/04_FIRMWARE/source_nrf52840/src/lib/opus-1.2.1/cpu_support.h"
aefb978dc715,28257,2026-09-06,08_HISTORICAL_PACKAGES,"08_HISTORICAL_PACKAGES/2026-08-28_execution_v1.0/04_FIRMWARE/source_nrf52840/src/lib/opus-1.2.1/cwrs.c"
7705be67d58e,1885,2026-09-06,08_HISTORICAL_PACKAGES,"08_HISTORICAL_PACKAGES/2026-08-28_execution_v1.0/04_FIRMWARE/source_nrf52840/src/lib/opus-1.2.1/cwrs.h"
face052ec8cb,6849,2026-09-06,08_HISTORICAL_PACKAGES,"08_HISTORICAL_PACKAGES/2026-08-28_execution_v1.0/04_FIRMWARE/source_nrf52840/src/lib/opus-1.2.1/debug.c"
071907a9dc3e,12960,2026-09-06,08_HISTORICAL_PACKAGES,"08_HISTORICAL_PACKAGES/2026-08-28_execution_v1.0/04_FIRMWARE/source_nrf52840/src/lib/opus-1.2.1/debug.h"
a15a863439a4,19853,2026-09-06,08_HISTORICAL_PACKAGES,"08_HISTORICAL_PACKAGES/2026-08-28_execution_v1.0/04_FIRMWARE/source_nrf52840/src/lib/opus-1.2.1/dec_API.c"
a93b22fc6497,11900,2026-09-06,08_HISTORICAL_PACKAGES,"08_HISTORICAL_PACKAGES/2026-08-28_execution_v1.0/04_FIRMWARE/source_nrf52840/src/lib/opus-1.2.1/decode_core.c"
9813390d7d67,6152,2026-09-06,08_HISTORICAL_PACKAGES,"08_HISTORICAL_PACKAGES/2026-08-28_execution_v1.0/04_FIRMWARE/source_nrf52840/src/lib/opus-1.2.1/decode_frame.c"
9371600217e3,7246,2026-09-06,08_HISTORICAL_PACKAGES,"08_HISTORICAL_PACKAGES/2026-08-28_execution_v1.0/04_FIRMWARE/source_nrf52840/src/lib/opus-1.2.1/decode_indices.c"
d86e43fd07b7,5527,2026-09-06,08_HISTORICAL_PACKAGES,"08_HISTORICAL_PACKAGES/2026-08-28_execution_v1.0/04_FIRMWARE/source_nrf52840/src/lib/opus-1.2.1/decode_parameters.c"
6b1de5dd4d14,3717,2026-09-06,08_HISTORICAL_PACKAGES,"08_HISTORICAL_PACKAGES/2026-08-28_execution_v1.0/04_FIRMWARE/source_nrf52840/src/lib/opus-1.2.1/decode_pitch.c"
efaba90323d2,5598,2026-09-06,08_HISTORICAL_PACKAGES,"08_HISTORICAL_PACKAGES/2026-08-28_execution_v1.0/04_FIRMWARE/source_nrf52840/src/lib/opus-1.2.1/decode_pulses.c"
5befab6798ef,4968,2026-09-06,08_HISTORICAL_PACKAGES,"08_HISTORICAL_PACKAGES/2026-08-28_execution_v1.0/04_FIRMWARE/source_nrf52840/src/lib/opus-1.2.1/decoder_set_fs.c"
7c8386374b31,9707,2026-09-06,08_HISTORICAL_PACKAGES,"08_HISTORICAL_PACKAGES/2026-08-28_execution_v1.0/04_FIRMWARE/source_nrf52840/src/lib/opus-1.2.1/define.h"
a334f1ead35b,3749,2026-09-06,08_HISTORICAL_PACKAGES,"08_HISTORICAL_PACKAGES/2026-08-28_execution_v1.0/04_FIRMWARE/source_nrf52840/src/lib/opus-1.2.1/ecintrin.h"
8f161e5f1953,31946,2026-09-06,08_HISTORICAL_PACKAGES,"08_HISTORICAL_PACKAGES/2026-08-28_execution_v1.0/04_FIRMWARE/source_nrf52840/src/lib/opus-1.2.1/enc_API.c"
f340e1a4f4cd,23458,2026-09-06,08_HISTORICAL_PACKAGES,"08_HISTORICAL_PACKAGES/2026-08-28_execution_v1.0/04_FIRMWARE/source_nrf52840/src/lib/opus-1.2.1/encode_frame_FIX.c"
f5320210d7e9,9360,2026-09-06,08_HISTORICAL_PACKAGES,"08_HISTORICAL_PACKAGES/2026-08-28_execution_v1.0/04_FIRMWARE/source_nrf52840/src/lib/opus-1.2.1/encode_indices.c"
dc0acb54b36c,8839,2026-09-06,08_HISTORICAL_PACKAGES,"08_HISTORICAL_PACKAGES/2026-08-28_execution_v1.0/04_FIRMWARE/source_nrf52840/src/lib/opus-1.2.1/encode_pulses.c"
fb52778fb752,5700,2026-09-06,08_HISTORICAL_PACKAGES,"08_HISTORICAL_PACKAGES/2026-08-28_execution_v1.0/04_FIRMWARE/source_nrf52840/src/lib/opus-1.2.1/entcode.c"
af64d2ac226e,5414,2026-09-06,08_HISTORICAL_PACKAGES,"08_HISTORICAL_PACKAGES/2026-08-28_execution_v1.0/04_FIRMWARE/source_nrf52840/src/lib/opus-1.2.1/entcode.h"
0b0542909f1b,8016,2026-09-06,08_HISTORICAL_PACKAGES,"08_HISTORICAL_PACKAGES/2026-08-28_execution_v1.0/04_FIRMWARE/source_nrf52840/src/lib/opus-1.2.1/entdec.c"
c1be6eaefef0,4835,2026-09-06,08_HISTORICAL_PACKAGES,"08_HISTORICAL_PACKAGES/2026-08-28_execution_v1.0/04_FIRMWARE/source_nrf52840/src/lib/opus-1.2.1/entdec.h"
c6d8287d6d09,9561,2026-09-06,08_HISTORICAL_PACKAGES,"08_HISTORICAL_PACKAGES/2026-08-28_execution_v1.0/04_FIRMWARE/source_nrf52840/src/lib/opus-1.2.1/entenc.c"
6c56e4803119,5427,2026-09-06,08_HISTORICAL_PACKAGES,"08_HISTORICAL_PACKAGES/2026-08-28_execution_v1.0/04_FIRMWARE/source_nrf52840/src/lib/opus-1.2.1/entenc.h"
3bbf21416af6,3640,2026-09-06,08_HISTORICAL_PACKAGES,"08_HISTORICAL_PACKAGES/2026-08-28_execution_v1.0/04_FIRMWARE/source_nrf52840/src/lib/opus-1.2.1/errors.h"
4b92d7ab9833,7361,2026-09-06,08_HISTORICAL_PACKAGES,"08_HISTORICAL_PACKAGES/2026-08-28_execution_v1.0/04_FIRMWARE/source_nrf52840/src/lib/opus-1.2.1/find_LPC_FIX.c"
3d3e6eb73870,5422,2026-09-06,08_HISTORICAL_PACKAGES,"08_HISTORICAL_PACKAGES/2026-08-28_execution_v1.0/04_FIRMWARE/source_nrf52840/src/lib/opus-1.2.1/find_LTP_FIX.c"
328294c9916f,7330,2026-09-06,08_HISTORICAL_PACKAGES,"08_HISTORICAL_PACKAGES/2026-08-28_execution_v1.0/04_FIRMWARE/source_nrf52840/src/lib/opus-1.2.1/find_pitch_lags_FIX.c"
3b9343a2d841,7543,2026-09-06,08_HISTORICAL_PACKAGES,"08_HISTORICAL_PACKAGES/2026-08-28_execution_v1.0/04_FIRMWARE/source_nrf52840/src/lib/opus-1.2.1/find_pred_coefs_FIX.c"
f21919139e0e,21206,2026-09-06,08_HISTORICAL_PACKAGES,"08_HISTORICAL_PACKAGES/2026-08-28_execution_v1.0/04_FIRMWARE/source_nrf52840/src/lib/opus-1.2.1/fixed_debug.h"
7c820d7e19f4,7953,2026-09-06,08_HISTORICAL_PACKAGES,"08_HISTORICAL_PACKAGES/2026-08-28_execution_v1.0/04_FIRMWARE/source_nrf52840/src/lib/opus-1.2.1/fixed_generic.h"
019f8ec97b5f,5001,2026-09-06,08_HISTORICAL_PACKAGES,"08_HISTORICAL_PACKAGES/2026-08-28_execution_v1.0/04_FIRMWARE/source_nrf52840/src/lib/opus-1.2.1/float_cast.h"
070223b7a209,6928,2026-09-06,08_HISTORICAL_PACKAGES,"08_HISTORICAL_PACKAGES/2026-08-28_execution_v1.0/04_FIRMWARE/source_nrf52840/src/lib/opus-1.2.1/gain_quant.c"
b89c51b04b8d,2366,2026-09-06,08_HISTORICAL_PACKAGES,"08_HISTORICAL_PACKAGES/2026-08-28_execution_v1.0/04_FIRMWARE/source_nrf52840/src/lib/opus-1.2.1/init_decoder.c"
713097da7082,2877,2026-09-06,08_HISTORICAL_PACKAGES,"08_HISTORICAL_PACKAGES/2026-08-28_execution_v1.0/04_FIRMWARE/source_nrf52840/src/lib/opus-1.2.1/init_encoder.c"
11356406441d,2451,2026-09-06,08_HISTORICAL_PACKAGES,"08_HISTORICAL_PACKAGES/2026-08-28_execution_v1.0/04_FIRMWARE/source_nrf52840/src/lib/opus-1.2.1/inner_prod_aligned.c"
7ca78007663a,2601,2026-09-06,08_HISTORICAL_PACKAGES,"08_HISTORICAL_PACKAGES/2026-08-28_execution_v1.0/04_FIRMWARE/source_nrf52840/src/lib/opus-1.2.1/interpolate.c"
0dbe9b0849be,2675,2026-09-06,08_HISTORICAL_PACKAGES,"08_HISTORICAL_PACKAGES/2026-08-28_execution_v1.0/04_FIRMWARE/source_nrf52840/src/lib/opus-1.2.1/k2a_FIX.c"
22f0dcde79d7,2622,2026-09-06,08_HISTORICAL_PACKAGES,"08_HISTORICAL_PACKAGES/2026-08-28_execution_v1.0/04_FIRMWARE/source_nrf52840/src/lib/opus-1.2.1/k2a_Q16_FIX.c"
badf5056eb5e,17003,2026-09-06,08_HISTORICAL_PACKAGES,"08_HISTORICAL_PACKAGES/2026-08-28_execution_v1.0/04_FIRMWARE/source_nrf52840/src/lib/opus-1.2.1/kiss_fft.c"
6ad018d5223c,6295,2026-09-06,08_HISTORICAL_PACKAGES,"08_HISTORICAL_PACKAGES/2026-08-28_execution_v1.0/04_FIRMWARE/source_nrf52840/src/lib/opus-1.2.1/kiss_fft.h"
a46d602528d7,4022,2026-09-06,08_HISTORICAL_PACKAGES,"08_HISTORICAL_PACKAGES/2026-08-28_execution_v1.0/04_FIRMWARE/source_nrf52840/src/lib/opus-1.2.1/laplace.c"
cb3ddf5ee52f,2142,2026-09-06,08_HISTORICAL_PACKAGES,"08_HISTORICAL_PACKAGES/2026-08-28_execution_v1.0/04_FIRMWARE/source_nrf52840/src/lib/opus-1.2.1/laplace.h"
707db4165541,2220,2026-09-06,08_HISTORICAL_PACKAGES,"08_HISTORICAL_PACKAGES/2026-08-28_execution_v1.0/04_FIRMWARE/source_nrf52840/src/lib/opus-1.2.1/lin2log.c"
4ce500b6b3ae,2636,2026-09-06,08_HISTORICAL_PACKAGES,"08_HISTORICAL_PACKAGES/2026-08-28_execution_v1.0/04_FIRMWARE/source_nrf52840/src/lib/opus-1.2.1/log2lin.c"
ea2a68f2cf06,6420,2026-09-06,08_HISTORICAL_PACKAGES,"08_HISTORICAL_PACKAGES/2026-08-28_execution_v1.0/04_FIRMWARE/source_nrf52840/src/lib/opus-1.2.1/macros.h"
3d00d22a00e7,32680,2026-09-06,08_HISTORICAL_PACKAGES,"08_HISTORICAL_PACKAGES/2026-08-28_execution_v1.0/04_FIRMWARE/source_nrf52840/src/lib/opus-1.2.1/main.h"
36eefa8698a7,19046,2026-09-06,08_HISTORICAL_PACKAGES,"08_HISTORICAL_PACKAGES/2026-08-28_execution_v1.0/04_FIRMWARE/source_nrf52840/src/lib/opus-1.2.1/main_FIX.h"
7c662626aeb4,6826,2026-09-06,08_HISTORICAL_PACKAGES,"08_HISTORICAL_PACKAGES/2026-08-28_execution_v1.0/04_FIRMWARE/source_nrf52840/src/lib/opus-1.2.1/mathops.c"
8ecfc69ab27b,7978,2026-09-06,08_HISTORICAL_PACKAGES,"08_HISTORICAL_PACKAGES/2026-08-28_execution_v1.0/04_FIRMWARE/source_nrf52840/src/lib/opus-1.2.1/mathops.h"
03f60fbde8d6,10898,2026-09-06,08_HISTORICAL_PACKAGES,"08_HISTORICAL_PACKAGES/2026-08-28_execution_v1.0/04_FIRMWARE/source_nrf52840/src/lib/opus-1.2.1/mdct.c"
c70bd44adeac,4776,2026-09-06,08_HISTORICAL_PACKAGES,"08_HISTORICAL_PACKAGES/2026-08-28_execution_v1.0/04_FIRMWARE/source_nrf52840/src/lib/opus-1.2.1/mdct.h"
5974c2341889,2232,2026-09-06,08_HISTORICAL_PACKAGES,"08_HISTORICAL_PACKAGES/2026-08-28_execution_v1.0/04_FIRMWARE/source_nrf52840/src/lib/opus-1.2.1/mfrngcod.h"
fa4fc250c5ee,4131,2026-09-06,08_HISTORICAL_PACKAGES,"08_HISTORICAL_PACKAGES/2026-08-28_execution_v1.0/04_FIRMWARE/source_nrf52840/src/lib/opus-1.2.1/mlp.c"
ced3054f955c,1614,2026-09-06,08_HISTORICAL_PACKAGES,"08_HISTORICAL_PACKAGES/2026-08-28_execution_v1.0/04_FIRMWARE/source_nrf52840/src/lib/opus-1.2.1/mlp.h"
e1faf5777866,5693,2026-09-06,08_HISTORICAL_PACKAGES,"08_HISTORICAL_PACKAGES/2026-08-28_execution_v1.0/04_FIRMWARE/source_nrf52840/src/lib/opus-1.2.1/mlp_data.c"
f95956d28e75,13951,2026-09-06,08_HISTORICAL_PACKAGES,"08_HISTORICAL_PACKAGES/2026-08-28_execution_v1.0/04_FIRMWARE/source_nrf52840/src/lib/opus-1.2.1/modes.c"
c38ac61f218a,2437,2026-09-06,08_HISTORICAL_PACKAGES,"08_HISTORICAL_PACKAGES/2026-08-28_execution_v1.0/04_FIRMWARE/source_nrf52840/src/lib/opus-1.2.1/modes.h"
c11fae78f542,20671,2026-09-06,08_HISTORICAL_PACKAGES,"08_HISTORICAL_PACKAGES/2026-08-28_execution_v1.0/04_FIRMWARE/source_nrf52840/src/lib/opus-1.2.1/noise_shape_analysis_FIX.c"
ff2bb0b492fe,9882,2026-09-06,08_HISTORICAL_PACKAGES,"08_HISTORICAL_PACKAGES/2026-08-28_execution_v1.0/04_FIRMWARE/source_nrf52840/src/lib/opus-1.2.1/opus.c"
24e57572c52e,48554,2026-09-06,08_HISTORICAL_PACKAGES,"08_HISTORICAL_PACKAGES/2026-08-28_execution_v1.0/04_FIRMWARE/source_nrf52840/src/lib/opus-1.2.1/opus.h"
630939691582,14768,2026-09-06,08_HISTORICAL_PACKAGES,"08_HISTORICAL_PACKAGES/2026-08-28_execution_v1.0/04_FIRMWARE/source_nrf52840/src/lib/opus-1.2.1/opus_custom.h"
6ad9a786d2f8,31152,2026-09-06,08_HISTORICAL_PACKAGES,"08_HISTORICAL_PACKAGES/2026-08-28_execution_v1.0/04_FIRMWARE/source_nrf52840/src/lib/opus-1.2.1/opus_decoder.c"
457f86f02454,34695,2026-09-06,08_HISTORICAL_PACKAGES,"08_HISTORICAL_PACKAGES/2026-08-28_execution_v1.0/04_FIRMWARE/source_nrf52840/src/lib/opus-1.2.1/opus_defines.h"
52f4c9142d3c,97200,2026-09-06,08_HISTORICAL_PACKAGES,"08_HISTORICAL_PACKAGES/2026-08-28_execution_v1.0/04_FIRMWARE/source_nrf52840/src/lib/opus-1.2.1/opus_encoder.c"
48c71105cc4f,2684,2026-09-06,08_HISTORICAL_PACKAGES,"08_HISTORICAL_PACKAGES/2026-08-28_execution_v1.0/04_FIRMWARE/source_nrf52840/src/lib/opus-1.2.1/opus_multistream.c"
0db4cb1379ad,33575,2026-09-06,08_HISTORICAL_PACKAGES,"08_HISTORICAL_PACKAGES/2026-08-28_execution_v1.0/04_FIRMWARE/source_nrf52840/src/lib/opus-1.2.1/opus_multistream.h"
86123545d945,14475,2026-09-06,08_HISTORICAL_PACKAGES,"08_HISTORICAL_PACKAGES/2026-08-28_execution_v1.0/04_FIRMWARE/source_nrf52840/src/lib/opus-1.2.1/opus_multistream_decoder.c"
407fe5115e38,40821,2026-09-06,08_HISTORICAL_PACKAGES,"08_HISTORICAL_PACKAGES/2026-08-28_execution_v1.0/04_FIRMWARE/source_nrf52840/src/lib/opus-1.2.1/opus_multistream_encoder.c"
cf7dad1dafb3,5052,2026-09-06,08_HISTORICAL_PACKAGES,"08_HISTORICAL_PACKAGES/2026-08-28_execution_v1.0/04_FIRMWARE/source_nrf52840/src/lib/opus-1.2.1/opus_private.h"
e2c1075e2656,4954,2026-09-06,08_HISTORICAL_PACKAGES,"08_HISTORICAL_PACKAGES/2026-08-28_execution_v1.0/04_FIRMWARE/source_nrf52840/src/lib/opus-1.2.1/opus_types.h"
4dc4eb0f3e97,3163,2026-09-06,08_HISTORICAL_PACKAGES,"08_HISTORICAL_PACKAGES/2026-08-28_execution_v1.0/04_FIRMWARE/source_nrf52840/src/lib/opus-1.2.1/os_support.h"
244d8f61620e,14459,2026-09-06,08_HISTORICAL_PACKAGES,"08_HISTORICAL_PACKAGES/2026-08-28_execution_v1.0/04_FIRMWARE/source_nrf52840/src/lib/opus-1.2.1/pitch.c"
76f858f0b7aa,5891,2026-09-06,08_HISTORICAL_PACKAGES,"08_HISTORICAL_PACKAGES/2026-08-28_execution_v1.0/04_FIRMWARE/source_nrf52840/src/lib/opus-1.2.1/pitch.h"
582f79679957,34345,2026-09-06,08_HISTORICAL_PACKAGES,"08_HISTORICAL_PACKAGES/2026-08-28_execution_v1.0/04_FIRMWARE/source_nrf52840/src/lib/opus-1.2.1/pitch_analysis_core_FIX.c"
ed1230792944,4061,2026-09-06,08_HISTORICAL_PACKAGES,"08_HISTORICAL_PACKAGES/2026-08-28_execution_v1.0/04_FIRMWARE/source_nrf52840/src/lib/opus-1.2.1/pitch_est_defines.h"
c0cf34e7d5ce,3589,2026-09-06,08_HISTORICAL_PACKAGES,"08_HISTORICAL_PACKAGES/2026-08-28_execution_v1.0/04_FIRMWARE/source_nrf52840/src/lib/opus-1.2.1/pitch_est_tables.c"
396ac86ece04,5447,2026-09-06,08_HISTORICAL_PACKAGES,"08_HISTORICAL_PACKAGES/2026-08-28_execution_v1.0/04_FIRMWARE/source_nrf52840/src/lib/opus-1.2.1/process_NLSFs.c"
92a25af5a235,6595,2026-09-06,08_HISTORICAL_PACKAGES,"08_HISTORICAL_PACKAGES/2026-08-28_execution_v1.0/04_FIRMWARE/source_nrf52840/src/lib/opus-1.2.1/process_gains_FIX.c"
1f9aa2768ee6,7351,2026-09-06,08_HISTORICAL_PACKAGES,"08_HISTORICAL_PACKAGES/2026-08-28_execution_v1.0/04_FIRMWARE/source_nrf52840/src/lib/opus-1.2.1/quant_LTP_gains.c"
d80db2e55c24,18714,2026-09-06,08_HISTORICAL_PACKAGES,"08_HISTORICAL_PACKAGES/2026-08-28_execution_v1.0/04_FIRMWARE/source_nrf52840/src/lib/opus-1.2.1/quant_bands.c"
fbe7d733d3dc,2974,2026-09-06,08_HISTORICAL_PACKAGES,"08_HISTORICAL_PACKAGES/2026-08-28_execution_v1.0/04_FIRMWARE/source_nrf52840/src/lib/opus-1.2.1/quant_bands.h"
5237183bbce2,21428,2026-09-06,08_HISTORICAL_PACKAGES,"08_HISTORICAL_PACKAGES/2026-08-28_execution_v1.0/04_FIRMWARE/source_nrf52840/src/lib/opus-1.2.1/rate.c"
c8611c953f22,3279,2026-09-06,08_HISTORICAL_PACKAGES,"08_HISTORICAL_PACKAGES/2026-08-28_execution_v1.0/04_FIRMWARE/source_nrf52840/src/lib/opus-1.2.1/rate.h"
7028df79d2ff,2626,2026-09-06,08_HISTORICAL_PACKAGES,"08_HISTORICAL_PACKAGES/2026-08-28_execution_v1.0/04_FIRMWARE/source_nrf52840/src/lib/opus-1.2.1/regularize_correlations_FIX.c"
84c84990fca1,9842,2026-09-06,08_HISTORICAL_PACKAGES,"08_HISTORICAL_PACKAGES/2026-08-28_execution_v1.0/04_FIRMWARE/source_nrf52840/src/lib/opus-1.2.1/repacketizer.c"
7e28b897c5b0,9931,2026-09-06,08_HISTORICAL_PACKAGES,"08_HISTORICAL_PACKAGES/2026-08-28_execution_v1.0/04_FIRMWARE/source_nrf52840/src/lib/opus-1.2.1/resampler.c"
7aa4cba793ab,3475,2026-09-06,08_HISTORICAL_PACKAGES,"08_HISTORICAL_PACKAGES/2026-08-28_execution_v1.0/04_FIRMWARE/source_nrf52840/src/lib/opus-1.2.1/resampler_down2.c"
2ab8318bf4bc,4765,2026-09-06,08_HISTORICAL_PACKAGES,"08_HISTORICAL_PACKAGES/2026-08-28_execution_v1.0/04_FIRMWARE/source_nrf52840/src/lib/opus-1.2.1/resampler_down2_3.c"
b14e6d03394a,4553,2026-09-06,08_HISTORICAL_PACKAGES,"08_HISTORICAL_PACKAGES/2026-08-28_execution_v1.0/04_FIRMWARE/source_nrf52840/src/lib/opus-1.2.1/resampler_private.h"
c16d50bde74b,2665,2026-09-06,08_HISTORICAL_PACKAGES,"08_HISTORICAL_PACKAGES/2026-08-28_execution_v1.0/04_FIRMWARE/source_nrf52840/src/lib/opus-1.2.1/resampler_private_AR2.c"
584c7b2afbcb,5231,2026-09-06,08_HISTORICAL_PACKAGES,"08_HISTORICAL_PACKAGES/2026-08-28_execution_v1.0/04_FIRMWARE/source_nrf52840/src/lib/opus-1.2.1/resampler_private_IIR_FIR.c"
5ed14a4557a3,10897,2026-09-06,08_HISTORICAL_PACKAGES,"08_HISTORICAL_PACKAGES/2026-08-28_execution_v1.0/04_FIRMWARE/source_nrf52840/src/lib/opus-1.2.1/resampler_private_down_FIR.c"
f06a982b8856,5367,2026-09-06,08_HISTORICAL_PACKAGES,"08_HISTORICAL_PACKAGES/2026-08-28_execution_v1.0/04_FIRMWARE/source_nrf52840/src/lib/opus-1.2.1/resampler_private_up2_HQ.c"
ec3ba5c620ee,4747,2026-09-06,08_HISTORICAL_PACKAGES,"08_HISTORICAL_PACKAGES/2026-08-28_execution_v1.0/04_FIRMWARE/source_nrf52840/src/lib/opus-1.2.1/resampler_rom.c"
68088e075048,3294,2026-09-06,08_HISTORICAL_PACKAGES,"08_HISTORICAL_PACKAGES/2026-08-28_execution_v1.0/04_FIRMWARE/source_nrf52840/src/lib/opus-1.2.1/resampler_rom.h"
b038e84c7d79,2615,2026-09-06,08_HISTORICAL_PACKAGES,"08_HISTORICAL_PACKAGES/2026-08-28_execution_v1.0/04_FIRMWARE/source_nrf52840/src/lib/opus-1.2.1/resampler_structs.h"
384cdf5f4142,4837,2026-09-06,08_HISTORICAL_PACKAGES,"08_HISTORICAL_PACKAGES/2026-08-28_execution_v1.0/04_FIRMWARE/source_nrf52840/src/lib/opus-1.2.1/residual_energy16_FIX.c"
633ed6d7d8da,5389,2026-09-06,08_HISTORICAL_PACKAGES,"08_HISTORICAL_PACKAGES/2026-08-28_execution_v1.0/04_FIRMWARE/source_nrf52840/src/lib/opus-1.2.1/residual_energy_FIX.c"
0dce2180da54,3994,2026-09-06,08_HISTORICAL_PACKAGES,"08_HISTORICAL_PACKAGES/2026-08-28_execution_v1.0/04_FIRMWARE/source_nrf52840/src/lib/opus-1.2.1/schur64_FIX.c"
ce05edf0c709,4447,2026-09-06,08_HISTORICAL_PACKAGES,"08_HISTORICAL_PACKAGES/2026-08-28_execution_v1.0/04_FIRMWARE/source_nrf52840/src/lib/opus-1.2.1/schur_FIX.c"
60b5a2786238,7718,2026-09-06,08_HISTORICAL_PACKAGES,"08_HISTORICAL_PACKAGES/2026-08-28_execution_v1.0/04_FIRMWARE/source_nrf52840/src/lib/opus-1.2.1/shell_coder.c"
339568f30645,3164,2026-09-06,08_HISTORICAL_PACKAGES,"08_HISTORICAL_PACKAGES/2026-08-28_execution_v1.0/04_FIRMWARE/source_nrf52840/src/lib/opus-1.2.1/sigm_Q15.c"
8436c8b92db9,6265,2026-09-06,08_HISTORICAL_PACKAGES,"08_HISTORICAL_PACKAGES/2026-08-28_execution_v1.0/04_FIRMWARE/source_nrf52840/src/lib/opus-1.2.1/sort.c"
603a5beb27f6,5989,2026-09-06,08_HISTORICAL_PACKAGES,"08_HISTORICAL_PACKAGES/2026-08-28_execution_v1.0/04_FIRMWARE/source_nrf52840/src/lib/opus-1.2.1/stack_alloc.h"
fd5405b0b950,32819,2026-09-06,08_HISTORICAL_PACKAGES,"08_HISTORICAL_PACKAGES/2026-08-28_execution_v1.0/04_FIRMWARE/source_nrf52840/src/lib/opus-1.2.1/static_modes_fixed.h"
9c49d71262dc,25209,2026-09-06,08_HISTORICAL_PACKAGES,"08_HISTORICAL_PACKAGES/2026-08-28_execution_v1.0/04_FIRMWARE/source_nrf52840/src/lib/opus-1.2.1/static_modes_fixed_arm_ne10.h"
65fdb130c42c,50919,2026-09-06,08_HISTORICAL_PACKAGES,"08_HISTORICAL_PACKAGES/2026-08-28_execution_v1.0/04_FIRMWARE/source_nrf52840/src/lib/opus-1.2.1/static_modes_float.h"
f17e57248f30,28613,2026-09-06,08_HISTORICAL_PACKAGES,"08_HISTORICAL_PACKAGES/2026-08-28_execution_v1.0/04_FIRMWARE/source_nrf52840/src/lib/opus-1.2.1/static_modes_float_arm_ne10.h"
b47a3a1257df,12473,2026-09-06,08_HISTORICAL_PACKAGES,"08_HISTORICAL_PACKAGES/2026-08-28_execution_v1.0/04_FIRMWARE/source_nrf52840/src/lib/opus-1.2.1/stereo_LR_to_MS.c"
af24277c7191,4871,2026-09-06,08_HISTORICAL_PACKAGES,"08_HISTORICAL_PACKAGES/2026-08-28_execution_v1.0/04_FIRMWARE/source_nrf52840/src/lib/opus-1.2.1/stereo_MS_to_LR.c"
b852fbd96ea3,3417,2026-09-06,08_HISTORICAL_PACKAGES,"08_HISTORICAL_PACKAGES/2026-08-28_execution_v1.0/04_FIRMWARE/source_nrf52840/src/lib/opus-1.2.1/stereo_decode_pred.c"
4634861dac77,2885,2026-09-06,08_HISTORICAL_PACKAGES,"08_HISTORICAL_PACKAGES/2026-08-28_execution_v1.0/04_FIRMWARE/source_nrf52840/src/lib/opus-1.2.1/stereo_encode_pred.c"
b77b33b43ab9,4374,2026-09-06,08_HISTORICAL_PACKAGES,"08_HISTORICAL_PACKAGES/2026-08-28_execution_v1.0/04_FIRMWARE/source_nrf52840/src/lib/opus-1.2.1/stereo_find_predictor.c"
8d1895de054a,3404,2026-09-06,08_HISTORICAL_PACKAGES,"08_HISTORICAL_PACKAGES/2026-08-28_execution_v1.0/04_FIRMWARE/source_nrf52840/src/lib/opus-1.2.1/stereo_quant_pred.c"
4f7173bc0400,21018,2026-09-06,08_HISTORICAL_PACKAGES,"08_HISTORICAL_PACKAGES/2026-08-28_execution_v1.0/04_FIRMWARE/source_nrf52840/src/lib/opus-1.2.1/structs.h"
a01a3611c279,5152,2026-09-06,08_HISTORICAL_PACKAGES,"08_HISTORICAL_PACKAGES/2026-08-28_execution_v1.0/04_FIRMWARE/source_nrf52840/src/lib/opus-1.2.1/structs_FIX.h"
710b83c92458,3790,2026-09-06,08_HISTORICAL_PACKAGES,"08_HISTORICAL_PACKAGES/2026-08-28_execution_v1.0/04_FIRMWARE/source_nrf52840/src/lib/opus-1.2.1/sum_sqr_shift.c"
9cae32dfdc4a,4191,2026-09-06,08_HISTORICAL_PACKAGES,"08_HISTORICAL_PACKAGES/2026-08-28_execution_v1.0/04_FIRMWARE/source_nrf52840/src/lib/opus-1.2.1/table_LSF_cos.c"
0e976672b3c9,7700,2026-09-06,08_HISTORICAL_PACKAGES,"08_HISTORICAL_PACKAGES/2026-08-28_execution_v1.0/04_FIRMWARE/source_nrf52840/src/lib/opus-1.2.1/tables.h"
95b4912701d4,7432,2026-09-06,08_HISTORICAL_PACKAGES,"08_HISTORICAL_PACKAGES/2026-08-28_execution_v1.0/04_FIRMWARE/source_nrf52840/src/lib/opus-1.2.1/tables_LTP.c"
94e49118901f,10785,2026-09-06,08_HISTORICAL_PACKAGES,"08_HISTORICAL_PACKAGES/2026-08-28_execution_v1.0/04_FIRMWARE/source_nrf52840/src/lib/opus-1.2.1/tables_NLSF_CB_NB_MB.c"
24a56112a6f6,14499,2026-09-06,08_HISTORICAL_PACKAGES,"08_HISTORICAL_PACKAGES/2026-08-28_execution_v1.0/04_FIRMWARE/source_nrf52840/src/lib/opus-1.2.1/tables_NLSF_CB_WB.c"
c91e247a6580,2519,2026-09-06,08_HISTORICAL_PACKAGES,"08_HISTORICAL_PACKAGES/2026-08-28_execution_v1.0/04_FIRMWARE/source_nrf52840/src/lib/opus-1.2.1/tables_gain.c"
1d8e66c52751,5445,2026-09-06,08_HISTORICAL_PACKAGES,"08_HISTORICAL_PACKAGES/2026-08-28_execution_v1.0/04_FIRMWARE/source_nrf52840/src/lib/opus-1.2.1/tables_other.c"
f504bbaf35a2,3068,2026-09-06,08_HISTORICAL_PACKAGES,"08_HISTORICAL_PACKAGES/2026-08-28_execution_v1.0/04_FIRMWARE/source_nrf52840/src/lib/opus-1.2.1/tables_pitch_lag.c"
2fb238cd3704,11423,2026-09-06,08_HISTORICAL_PACKAGES,"08_HISTORICAL_PACKAGES/2026-08-28_execution_v1.0/04_FIRMWARE/source_nrf52840/src/lib/opus-1.2.1/tables_pulses_per_block.c"
835fcdf08d5b,2304,2026-09-06,08_HISTORICAL_PACKAGES,"08_HISTORICAL_PACKAGES/2026-08-28_execution_v1.0/04_FIRMWARE/source_nrf52840/src/lib/opus-1.2.1/tansig_table.h"
752c03100137,6191,2026-09-06,08_HISTORICAL_PACKAGES,"08_HISTORICAL_PACKAGES/2026-08-28_execution_v1.0/04_FIRMWARE/source_nrf52840/src/lib/opus-1.2.1/tuning_parameters.h"
24e9365165de,3345,2026-09-06,08_HISTORICAL_PACKAGES,"08_HISTORICAL_PACKAGES/2026-08-28_execution_v1.0/04_FIRMWARE/source_nrf52840/src/lib/opus-1.2.1/typedef.h"
8aaf9937665d,4778,2026-09-06,08_HISTORICAL_PACKAGES,"08_HISTORICAL_PACKAGES/2026-08-28_execution_v1.0/04_FIRMWARE/source_nrf52840/src/lib/opus-1.2.1/vector_ops_FIX.c"
af23c4beaa6c,12850,2026-09-06,08_HISTORICAL_PACKAGES,"08_HISTORICAL_PACKAGES/2026-08-28_execution_v1.0/04_FIRMWARE/source_nrf52840/src/lib/opus-1.2.1/vq.c"
3664f207ab39,3175,2026-09-06,08_HISTORICAL_PACKAGES,"08_HISTORICAL_PACKAGES/2026-08-28_execution_v1.0/04_FIRMWARE/source_nrf52840/src/lib/opus-1.2.1/vq.h"
cd70ffc998d9,4656,2026-09-06,08_HISTORICAL_PACKAGES,"08_HISTORICAL_PACKAGES/2026-08-28_execution_v1.0/04_FIRMWARE/source_nrf52840/src/lib/opus-1.2.1/warped_autocorrelation_FIX.c"
173b5ea40da4,8666,2026-09-06,08_HISTORICAL_PACKAGES,"08_HISTORICAL_PACKAGES/2026-08-28_execution_v1.0/04_FIRMWARE/source_nrf52840/src/main.c"
2b81e03b897c,2701,2026-09-06,08_HISTORICAL_PACKAGES,"08_HISTORICAL_PACKAGES/2026-08-28_execution_v1.0/04_FIRMWARE/source_nrf52840/src/mic.c"
db4363fcbb02,351,2026-09-06,08_HISTORICAL_PACKAGES,"08_HISTORICAL_PACKAGES/2026-08-28_execution_v1.0/04_FIRMWARE/source_nrf52840/src/mic.h"
b54e848ef73c,14602,2026-09-06,08_HISTORICAL_PACKAGES,"08_HISTORICAL_PACKAGES/2026-08-28_execution_v1.0/04_FIRMWARE/source_nrf52840/src/sdcard.c"
edc57bd3e28b,2462,2026-09-06,08_HISTORICAL_PACKAGES,"08_HISTORICAL_PACKAGES/2026-08-28_execution_v1.0/04_FIRMWARE/source_nrf52840/src/sdcard.h"
a817e004e5cd,14403,2026-09-06,08_HISTORICAL_PACKAGES,"08_HISTORICAL_PACKAGES/2026-08-28_execution_v1.0/04_FIRMWARE/source_nrf52840/src/storage.c"
1b71767de77a,251,2026-09-06,08_HISTORICAL_PACKAGES,"08_HISTORICAL_PACKAGES/2026-08-28_execution_v1.0/04_FIRMWARE/source_nrf52840/src/storage.h"
0c6642f6fe47,34903,2026-09-06,08_HISTORICAL_PACKAGES,"08_HISTORICAL_PACKAGES/2026-08-28_execution_v1.0/04_FIRMWARE/source_nrf52840/src/transport.c"
bc4e5ae5b931,897,2026-09-06,08_HISTORICAL_PACKAGES,"08_HISTORICAL_PACKAGES/2026-08-28_execution_v1.0/04_FIRMWARE/source_nrf52840/src/transport.h"
4690e54da972,1713,2026-09-06,08_HISTORICAL_PACKAGES,"08_HISTORICAL_PACKAGES/2026-08-28_execution_v1.0/04_FIRMWARE/source_nrf52840/src/utils.h"
7cb453dd2628,1604,2026-09-06,08_HISTORICAL_PACKAGES,"08_HISTORICAL_PACKAGES/2026-08-28_execution_v1.0/04_FIRMWARE/source_nrf52840/src/wdog_facade.c"
d7b3e4037f8d,469,2026-09-06,08_HISTORICAL_PACKAGES,"08_HISTORICAL_PACKAGES/2026-08-28_execution_v1.0/04_FIRMWARE/source_nrf52840/src/wdog_facade.h"
8d2bec55e7ae,213,2026-09-06,08_HISTORICAL_PACKAGES,"08_HISTORICAL_PACKAGES/2026-08-28_execution_v1.0/04_FIRMWARE/source_nrf52840/west.yml"
1e2306c79c98,4322,2026-09-06,08_HISTORICAL_PACKAGES,"08_HISTORICAL_PACKAGES/2026-08-28_execution_v1.0/05_QA_FIXTURES/ASSEMBLY_DROP.md"
0c266e969888,4045,2026-09-06,08_HISTORICAL_PACKAGES,"08_HISTORICAL_PACKAGES/2026-08-28_execution_v1.0/05_QA_FIXTURES/ASSEMBLY_RATTLE.md"
d8d71ceafe40,5845,2026-09-06,08_HISTORICAL_PACKAGES,"08_HISTORICAL_PACKAGES/2026-08-28_execution_v1.0/05_QA_FIXTURES/BOM.csv"
2d218dae7b2f,10973,2026-09-06,08_HISTORICAL_PACKAGES,"08_HISTORICAL_PACKAGES/2026-08-28_execution_v1.0/05_QA_FIXTURES/BUILD_MANIFEST.sha256"
c6d0175029cb,1427,2026-09-06,08_HISTORICAL_PACKAGES,"08_HISTORICAL_PACKAGES/2026-08-28_execution_v1.0/05_QA_FIXTURES/PRINT_SETTINGS.md"
3801fb145256,4687,2026-09-06,08_HISTORICAL_PACKAGES,"08_HISTORICAL_PACKAGES/2026-08-28_execution_v1.0/05_QA_FIXTURES/README.md"
8903c458e1f4,1852,2026-09-06,08_HISTORICAL_PACKAGES,"08_HISTORICAL_PACKAGES/2026-08-28_execution_v1.0/05_QA_FIXTURES/SAFETY.md"
569935e2e653,1141,2026-09-06,08_HISTORICAL_PACKAGES,"08_HISTORICAL_PACKAGES/2026-08-28_execution_v1.0/05_QA_FIXTURES/USAGE_EXAMPLES.md"
23efe08cac4f,1858,2026-09-06,08_HISTORICAL_PACKAGES,"08_HISTORICAL_PACKAGES/2026-08-28_execution_v1.0/05_QA_FIXTURES/WIRING.md"
52c46c2f5929,7839,2026-09-06,08_HISTORICAL_PACKAGES,"08_HISTORICAL_PACKAGES/2026-08-28_execution_v1.0/05_QA_FIXTURES/acceptance_test_template.csv"
4fe323292199,2232,2026-09-06,08_HISTORICAL_PACKAGES,"08_HISTORICAL_PACKAGES/2026-08-28_execution_v1.0/05_QA_FIXTURES/drop_orientation_map.csv"
dd2660b2a61f,3206,2026-09-06,08_HISTORICAL_PACKAGES,"08_HISTORICAL_PACKAGES/2026-08-28_execution_v1.0/05_QA_FIXTURES/firmware/drop_release_controller/drop_release_controller.ino"
a6d8e7cbd8da,6335,2026-09-06,08_HISTORICAL_PACKAGES,"08_HISTORICAL_PACKAGES/2026-08-28_execution_v1.0/05_QA_FIXTURES/firmware/rattle_cradle_controller/rattle_cradle_controller.ino"
bdbd110a1fe4,21644,2026-09-06,08_HISTORICAL_PACKAGES,"08_HISTORICAL_PACKAGES/2026-08-28_execution_v1.0/05_QA_FIXTURES/generate_fixtures.py"
c54c5ade243e,922,2026-09-06,08_HISTORICAL_PACKAGES,"08_HISTORICAL_PACKAGES/2026-08-28_execution_v1.0/05_QA_FIXTURES/make_hash_manifest.py"
87a10d453f4c,3761,2026-09-06,08_HISTORICAL_PACKAGES,"08_HISTORICAL_PACKAGES/2026-08-28_execution_v1.0/05_QA_FIXTURES/qa_acceptance.py"
ecaee1679c09,5518,2026-09-06,08_HISTORICAL_PACKAGES,"08_HISTORICAL_PACKAGES/2026-08-28_execution_v1.0/05_QA_FIXTURES/rattle_audio_score.py"
19b47af7271e,11162,2026-09-06,08_HISTORICAL_PACKAGES,"08_HISTORICAL_PACKAGES/2026-08-28_execution_v1.0/05_QA_FIXTURES/reports/fixture_manifest.json"
e073e451489b,29548,2026-09-06,08_HISTORICAL_PACKAGES,"08_HISTORICAL_PACKAGES/2026-08-28_execution_v1.0/05_QA_FIXTURES/reports/mesh_verification.json"
41ae150c882b,298,2026-09-06,08_HISTORICAL_PACKAGES,"08_HISTORICAL_PACKAGES/2026-08-28_execution_v1.0/05_QA_FIXTURES/reports/package_validation.json"
1f72742d7657,1625,2026-09-06,08_HISTORICAL_PACKAGES,"08_HISTORICAL_PACKAGES/2026-08-28_execution_v1.0/05_QA_FIXTURES/reports/release_validation.md"
11031aa03a2f,45,2026-09-06,08_HISTORICAL_PACKAGES,"08_HISTORICAL_PACKAGES/2026-08-28_execution_v1.0/05_QA_FIXTURES/requirements.txt"
af38f038abe8,261183,2026-09-06,08_HISTORICAL_PACKAGES,"08_HISTORICAL_PACKAGES/2026-08-28_execution_v1.0/05_QA_FIXTURES/step/drop_collet_body_petg.step"
6a306c01d35c,137114,2026-09-06,08_HISTORICAL_PACKAGES,"08_HISTORICAL_PACKAGES/2026-08-28_execution_v1.0/05_QA_FIXTURES/step/drop_common_latch_plate_petg.step"
f840d7d868e9,65928,2026-09-06,08_HISTORICAL_PACKAGES,"08_HISTORICAL_PACKAGES/2026-08-28_execution_v1.0/05_QA_FIXTURES/step/drop_finger_guide_petg_print_three.step"
f6178b00d62d,35480,2026-09-06,08_HISTORICAL_PACKAGES,"08_HISTORICAL_PACKAGES/2026-08-28_execution_v1.0/05_QA_FIXTURES/step/drop_inert_51x21x11_dummy.step"
52baaa010e3f,100874,2026-09-06,08_HISTORICAL_PACKAGES,"08_HISTORICAL_PACKAGES/2026-08-28_execution_v1.0/05_QA_FIXTURES/step/drop_pose_key_01_F_XP.step"
e84f8ac8313c,100752,2026-09-06,08_HISTORICAL_PACKAGES,"08_HISTORICAL_PACKAGES/2026-08-28_execution_v1.0/05_QA_FIXTURES/step/drop_pose_key_02_F_XM.step"
4cd81d64d635,118818,2026-09-06,08_HISTORICAL_PACKAGES,"08_HISTORICAL_PACKAGES/2026-08-28_execution_v1.0/05_QA_FIXTURES/step/drop_pose_key_03_F_YP.step"
ac734c5ef886,118731,2026-09-06,08_HISTORICAL_PACKAGES,"08_HISTORICAL_PACKAGES/2026-08-28_execution_v1.0/05_QA_FIXTURES/step/drop_pose_key_04_F_YM.step"
93e483c31bdb,79850,2026-09-06,08_HISTORICAL_PACKAGES,"08_HISTORICAL_PACKAGES/2026-08-28_execution_v1.0/05_QA_FIXTURES/step/drop_pose_key_05_F_ZP.step"
1a463f1d0271,80216,2026-09-06,08_HISTORICAL_PACKAGES,"08_HISTORICAL_PACKAGES/2026-08-28_execution_v1.0/05_QA_FIXTURES/step/drop_pose_key_06_F_ZM.step"
3abd38f647d8,105390,2026-09-06,08_HISTORICAL_PACKAGES,"08_HISTORICAL_PACKAGES/2026-08-28_execution_v1.0/05_QA_FIXTURES/step/drop_pose_key_07_E_XP_YP.step"
49082ba6e1fe,105312,2026-09-06,08_HISTORICAL_PACKAGES,"08_HISTORICAL_PACKAGES/2026-08-28_execution_v1.0/05_QA_FIXTURES/step/drop_pose_key_08_E_XP_YM.step"
d6793739c41b,105429,2026-09-06,08_HISTORICAL_PACKAGES,"08_HISTORICAL_PACKAGES/2026-08-28_execution_v1.0/05_QA_FIXTURES/step/drop_pose_key_09_E_XM_YP.step"
101b6a8828cf,105347,2026-09-06,08_HISTORICAL_PACKAGES,"08_HISTORICAL_PACKAGES/2026-08-28_execution_v1.0/05_QA_FIXTURES/step/drop_pose_key_10_E_XM_YM.step"
e1e3573a72c4,86706,2026-09-06,08_HISTORICAL_PACKAGES,"08_HISTORICAL_PACKAGES/2026-08-28_execution_v1.0/05_QA_FIXTURES/step/drop_pose_key_11_E_XP_ZP.step"
08cea8c43ded,86703,2026-09-06,08_HISTORICAL_PACKAGES,"08_HISTORICAL_PACKAGES/2026-08-28_execution_v1.0/05_QA_FIXTURES/step/drop_pose_key_12_E_XP_ZM.step"
7764b3f30c07,86596,2026-09-06,08_HISTORICAL_PACKAGES,"08_HISTORICAL_PACKAGES/2026-08-28_execution_v1.0/05_QA_FIXTURES/step/drop_pose_key_13_E_XM_ZP.step"
257fd377df51,86702,2026-09-06,08_HISTORICAL_PACKAGES,"08_HISTORICAL_PACKAGES/2026-08-28_execution_v1.0/05_QA_FIXTURES/step/drop_pose_key_14_E_XM_ZM.step"
c34a1a40b220,103611,2026-09-06,08_HISTORICAL_PACKAGES,"08_HISTORICAL_PACKAGES/2026-08-28_execution_v1.0/05_QA_FIXTURES/step/drop_pose_key_15_E_YP_ZP.step"
9aaa51bcccd4,103753,2026-09-06,08_HISTORICAL_PACKAGES,"08_HISTORICAL_PACKAGES/2026-08-28_execution_v1.0/05_QA_FIXTURES/step/drop_pose_key_16_E_YP_ZM.step"
18ea4c0aa7a8,103662,2026-09-06,08_HISTORICAL_PACKAGES,"08_HISTORICAL_PACKAGES/2026-08-28_execution_v1.0/05_QA_FIXTURES/step/drop_pose_key_17_E_YM_ZP.step"
3c12b2d0b3f4,103597,2026-09-06,08_HISTORICAL_PACKAGES,"08_HISTORICAL_PACKAGES/2026-08-28_execution_v1.0/05_QA_FIXTURES/step/drop_pose_key_18_E_YM_ZM.step"
c421fa9f3bcb,101740,2026-09-06,08_HISTORICAL_PACKAGES,"08_HISTORICAL_PACKAGES/2026-08-28_execution_v1.0/05_QA_FIXTURES/step/drop_pose_key_19_C_XP_YP_ZP.step"
0f03f2cba8d0,101894,2026-09-06,08_HISTORICAL_PACKAGES,"08_HISTORICAL_PACKAGES/2026-08-28_execution_v1.0/05_QA_FIXTURES/step/drop_pose_key_20_C_XP_YP_ZM.step"
bff7890bff3f,101701,2026-09-06,08_HISTORICAL_PACKAGES,"08_HISTORICAL_PACKAGES/2026-08-28_execution_v1.0/05_QA_FIXTURES/step/drop_pose_key_21_C_XP_YM_ZP.step"
312950991fd1,101803,2026-09-06,08_HISTORICAL_PACKAGES,"08_HISTORICAL_PACKAGES/2026-08-28_execution_v1.0/05_QA_FIXTURES/step/drop_pose_key_22_C_XP_YM_ZM.step"
4dfbeccdd15b,101796,2026-09-06,08_HISTORICAL_PACKAGES,"08_HISTORICAL_PACKAGES/2026-08-28_execution_v1.0/05_QA_FIXTURES/step/drop_pose_key_23_C_XM_YP_ZP.step"
fcb3a0d9e64c,101911,2026-09-06,08_HISTORICAL_PACKAGES,"08_HISTORICAL_PACKAGES/2026-08-28_execution_v1.0/05_QA_FIXTURES/step/drop_pose_key_24_C_XM_YP_ZM.step"
57ac027f4093,101743,2026-09-06,08_HISTORICAL_PACKAGES,"08_HISTORICAL_PACKAGES/2026-08-28_execution_v1.0/05_QA_FIXTURES/step/drop_pose_key_25_C_XM_YM_ZP.step"
0c389c20f549,101820,2026-09-06,08_HISTORICAL_PACKAGES,"08_HISTORICAL_PACKAGES/2026-08-28_execution_v1.0/05_QA_FIXTURES/step/drop_pose_key_26_C_XM_YM_ZM.step"
4cfc6c13302d,52314,2026-09-06,08_HISTORICAL_PACKAGES,"08_HISTORICAL_PACKAGES/2026-08-28_execution_v1.0/05_QA_FIXTURES/step/drop_radial_finger_petg_print_three.step"
840e0d62fe58,527763,2026-09-06,08_HISTORICAL_PACKAGES,"08_HISTORICAL_PACKAGES/2026-08-28_execution_v1.0/05_QA_FIXTURES/step/drop_release_closed_assembly.step"
936227f981f8,527772,2026-09-06,08_HISTORICAL_PACKAGES,"08_HISTORICAL_PACKAGES/2026-08-28_execution_v1.0/05_QA_FIXTURES/step/drop_release_released_assembly.step"
4e0caadeca68,44195,2026-09-06,08_HISTORICAL_PACKAGES,"08_HISTORICAL_PACKAGES/2026-08-28_execution_v1.0/05_QA_FIXTURES/step/drop_three_cord_lift_yoke_petg.step"
06ef998010c0,35480,2026-09-06,08_HISTORICAL_PACKAGES,"08_HISTORICAL_PACKAGES/2026-08-28_execution_v1.0/05_QA_FIXTURES/step/inert_51x21x11_pendant_dummy.step"
f3b4add3b60e,57574,2026-09-06,08_HISTORICAL_PACKAGES,"08_HISTORICAL_PACKAGES/2026-08-28_execution_v1.0/05_QA_FIXTURES/step/rattle_608_bearing_tower_petg_print_two.step"
567390a4a3c7,70798,2026-09-06,08_HISTORICAL_PACKAGES,"08_HISTORICAL_PACKAGES/2026-08-28_execution_v1.0/05_QA_FIXTURES/step/rattle_base_plate_petg_or_plywood_template.step"
f50830e3ab89,67326,2026-09-06,08_HISTORICAL_PACKAGES,"08_HISTORICAL_PACKAGES/2026-08-28_execution_v1.0/05_QA_FIXTURES/step/rattle_cassette_base_petg.step"
70d4b1b314b3,85327,2026-09-06,08_HISTORICAL_PACKAGES,"08_HISTORICAL_PACKAGES/2026-08-28_execution_v1.0/05_QA_FIXTURES/step/rattle_cassette_lid_petg.step"
d3e46fe9ce02,32191,2026-09-06,08_HISTORICAL_PACKAGES,"08_HISTORICAL_PACKAGES/2026-08-28_execution_v1.0/05_QA_FIXTURES/step/rattle_cassette_liner_base_tpu95a.step"
0c774f1cfe53,33341,2026-09-06,08_HISTORICAL_PACKAGES,"08_HISTORICAL_PACKAGES/2026-08-28_execution_v1.0/05_QA_FIXTURES/step/rattle_cassette_liner_lid_tpu95a.step"
744810f9b83b,145160,2026-09-06,08_HISTORICAL_PACKAGES,"08_HISTORICAL_PACKAGES/2026-08-28_execution_v1.0/05_QA_FIXTURES/step/rattle_edge_axis_adapter_petg.step"
7ca5e7dcdc95,355408,2026-09-06,08_HISTORICAL_PACKAGES,"08_HISTORICAL_PACKAGES/2026-08-28_execution_v1.0/05_QA_FIXTURES/step/rattle_fixture_face_axis_assembly.step"
53c1b7649451,89450,2026-09-06,08_HISTORICAL_PACKAGES,"08_HISTORICAL_PACKAGES/2026-08-28_execution_v1.0/05_QA_FIXTURES/step/rattle_nema17_mount_petg.step"
9be275841df4,144375,2026-09-06,08_HISTORICAL_PACKAGES,"08_HISTORICAL_PACKAGES/2026-08-28_execution_v1.0/05_QA_FIXTURES/step/rattle_rotor_disk_petg.step"
2ccaf64fae59,611284,2026-09-06,08_HISTORICAL_PACKAGES,"08_HISTORICAL_PACKAGES/2026-08-28_execution_v1.0/05_QA_FIXTURES/stl/drop_collet_body_petg.stl"
15ea924270c4,282084,2026-09-06,08_HISTORICAL_PACKAGES,"08_HISTORICAL_PACKAGES/2026-08-28_execution_v1.0/05_QA_FIXTURES/stl/drop_common_latch_plate_petg.stl"
948ed0a0760d,128684,2026-09-06,08_HISTORICAL_PACKAGES,"08_HISTORICAL_PACKAGES/2026-08-28_execution_v1.0/05_QA_FIXTURES/stl/drop_finger_guide_petg_print_three.stl"
152259bef545,844684,2026-09-06,08_HISTORICAL_PACKAGES,"08_HISTORICAL_PACKAGES/2026-08-28_execution_v1.0/05_QA_FIXTURES/stl/drop_inert_51x21x11_dummy.stl"
838cffdcecc7,251084,2026-09-06,08_HISTORICAL_PACKAGES,"08_HISTORICAL_PACKAGES/2026-08-28_execution_v1.0/05_QA_FIXTURES/stl/drop_pose_key_01_F_XP.stl"
70dd9d300e78,251084,2026-09-06,08_HISTORICAL_PACKAGES,"08_HISTORICAL_PACKAGES/2026-08-28_execution_v1.0/05_QA_FIXTURES/stl/drop_pose_key_02_F_XM.stl"
c35822d12173,277284,2026-09-06,08_HISTORICAL_PACKAGES,"08_HISTORICAL_PACKAGES/2026-08-28_execution_v1.0/05_QA_FIXTURES/stl/drop_pose_key_03_F_YP.stl"
dbdc6a6b422c,277284,2026-09-06,08_HISTORICAL_PACKAGES,"08_HISTORICAL_PACKAGES/2026-08-28_execution_v1.0/05_QA_FIXTURES/stl/drop_pose_key_04_F_YM.stl"
8a04df311efd,475084,2026-09-06,08_HISTORICAL_PACKAGES,"08_HISTORICAL_PACKAGES/2026-08-28_execution_v1.0/05_QA_FIXTURES/stl/drop_pose_key_05_F_ZP.stl"
6e36820ec8fa,475084,2026-09-06,08_HISTORICAL_PACKAGES,"08_HISTORICAL_PACKAGES/2026-08-28_execution_v1.0/05_QA_FIXTURES/stl/drop_pose_key_06_F_ZM.stl"
5b63f5d56719,264284,2026-09-06,08_HISTORICAL_PACKAGES,"08_HISTORICAL_PACKAGES/2026-08-28_execution_v1.0/05_QA_FIXTURES/stl/drop_pose_key_07_E_XP_YP.stl"
1bbea4df0b9e,264284,2026-09-06,08_HISTORICAL_PACKAGES,"08_HISTORICAL_PACKAGES/2026-08-28_execution_v1.0/05_QA_FIXTURES/stl/drop_pose_key_08_E_XP_YM.stl"
5546b487bf1f,264284,2026-09-06,08_HISTORICAL_PACKAGES,"08_HISTORICAL_PACKAGES/2026-08-28_execution_v1.0/05_QA_FIXTURES/stl/drop_pose_key_09_E_XM_YP.stl"
099dc1b09d52,264284,2026-09-06,08_HISTORICAL_PACKAGES,"08_HISTORICAL_PACKAGES/2026-08-28_execution_v1.0/05_QA_FIXTURES/stl/drop_pose_key_10_E_XM_YM.stl"
dcd6cc97d64a,188584,2026-09-06,08_HISTORICAL_PACKAGES,"08_HISTORICAL_PACKAGES/2026-08-28_execution_v1.0/05_QA_FIXTURES/stl/drop_pose_key_11_E_XP_ZP.stl"
76e38f0ace38,188584,2026-09-06,08_HISTORICAL_PACKAGES,"08_HISTORICAL_PACKAGES/2026-08-28_execution_v1.0/05_QA_FIXTURES/stl/drop_pose_key_12_E_XP_ZM.stl"
7cb3d17a3d08,188584,2026-09-06,08_HISTORICAL_PACKAGES,"08_HISTORICAL_PACKAGES/2026-08-28_execution_v1.0/05_QA_FIXTURES/stl/drop_pose_key_13_E_XM_ZP.stl"
02c0544a5553,188584,2026-09-06,08_HISTORICAL_PACKAGES,"08_HISTORICAL_PACKAGES/2026-08-28_execution_v1.0/05_QA_FIXTURES/stl/drop_pose_key_14_E_XM_ZM.stl"
30bd6316a966,158184,2026-09-06,08_HISTORICAL_PACKAGES,"08_HISTORICAL_PACKAGES/2026-08-28_execution_v1.0/05_QA_FIXTURES/stl/drop_pose_key_15_E_YP_ZP.stl"
45b4b0577505,158184,2026-09-06,08_HISTORICAL_PACKAGES,"08_HISTORICAL_PACKAGES/2026-08-28_execution_v1.0/05_QA_FIXTURES/stl/drop_pose_key_16_E_YP_ZM.stl"
b8366a6845b6,158184,2026-09-06,08_HISTORICAL_PACKAGES,"08_HISTORICAL_PACKAGES/2026-08-28_execution_v1.0/05_QA_FIXTURES/stl/drop_pose_key_17_E_YM_ZP.stl"
a826cabb0d8a,158184,2026-09-06,08_HISTORICAL_PACKAGES,"08_HISTORICAL_PACKAGES/2026-08-28_execution_v1.0/05_QA_FIXTURES/stl/drop_pose_key_18_E_YM_ZM.stl"
20dfe43f9ef6,206384,2026-09-06,08_HISTORICAL_PACKAGES,"08_HISTORICAL_PACKAGES/2026-08-28_execution_v1.0/05_QA_FIXTURES/stl/drop_pose_key_19_C_XP_YP_ZP.stl"
2074a4566819,207984,2026-09-06,08_HISTORICAL_PACKAGES,"08_HISTORICAL_PACKAGES/2026-08-28_execution_v1.0/05_QA_FIXTURES/stl/drop_pose_key_20_C_XP_YP_ZM.stl"
4786a3a79ee0,207984,2026-09-06,08_HISTORICAL_PACKAGES,"08_HISTORICAL_PACKAGES/2026-08-28_execution_v1.0/05_QA_FIXTURES/stl/drop_pose_key_21_C_XP_YM_ZP.stl"
cf371b423b69,206384,2026-09-06,08_HISTORICAL_PACKAGES,"08_HISTORICAL_PACKAGES/2026-08-28_execution_v1.0/05_QA_FIXTURES/stl/drop_pose_key_22_C_XP_YM_ZM.stl"
f72ea6f25fd8,207984,2026-09-06,08_HISTORICAL_PACKAGES,"08_HISTORICAL_PACKAGES/2026-08-28_execution_v1.0/05_QA_FIXTURES/stl/drop_pose_key_23_C_XM_YP_ZP.stl"
013027acd908,206384,2026-09-06,08_HISTORICAL_PACKAGES,"08_HISTORICAL_PACKAGES/2026-08-28_execution_v1.0/05_QA_FIXTURES/stl/drop_pose_key_24_C_XM_YP_ZM.stl"
5926e1168f6e,206384,2026-09-06,08_HISTORICAL_PACKAGES,"08_HISTORICAL_PACKAGES/2026-08-28_execution_v1.0/05_QA_FIXTURES/stl/drop_pose_key_25_C_XM_YM_ZP.stl"
5f26671b6e5e,207984,2026-09-06,08_HISTORICAL_PACKAGES,"08_HISTORICAL_PACKAGES/2026-08-28_execution_v1.0/05_QA_FIXTURES/stl/drop_pose_key_26_C_XM_YM_ZM.stl"
535732679368,72884,2026-09-06,08_HISTORICAL_PACKAGES,"08_HISTORICAL_PACKAGES/2026-08-28_execution_v1.0/05_QA_FIXTURES/stl/drop_radial_finger_petg_print_three.stl"
ac9188bf5c45,127284,2026-09-06,08_HISTORICAL_PACKAGES,"08_HISTORICAL_PACKAGES/2026-08-28_execution_v1.0/05_QA_FIXTURES/stl/drop_three_cord_lift_yoke_petg.stl"
152259bef545,844684,2026-09-06,08_HISTORICAL_PACKAGES,"08_HISTORICAL_PACKAGES/2026-08-28_execution_v1.0/05_QA_FIXTURES/stl/inert_51x21x11_pendant_dummy.stl"
15ae5d662a1e,153684,2026-09-06,08_HISTORICAL_PACKAGES,"08_HISTORICAL_PACKAGES/2026-08-28_execution_v1.0/05_QA_FIXTURES/stl/rattle_608_bearing_tower_petg_print_two.stl"
b1f21039959f,229484,2026-09-06,08_HISTORICAL_PACKAGES,"08_HISTORICAL_PACKAGES/2026-08-28_execution_v1.0/05_QA_FIXTURES/stl/rattle_base_plate_petg_or_plywood_template.stl"
6c272689bbdc,153484,2026-09-06,08_HISTORICAL_PACKAGES,"08_HISTORICAL_PACKAGES/2026-08-28_execution_v1.0/05_QA_FIXTURES/stl/rattle_cassette_base_petg.stl"
f92b0bb081f9,179284,2026-09-06,08_HISTORICAL_PACKAGES,"08_HISTORICAL_PACKAGES/2026-08-28_execution_v1.0/05_QA_FIXTURES/stl/rattle_cassette_lid_petg.stl"
580efaefff17,51084,2026-09-06,08_HISTORICAL_PACKAGES,"08_HISTORICAL_PACKAGES/2026-08-28_execution_v1.0/05_QA_FIXTURES/stl/rattle_cassette_liner_base_tpu95a.stl"
ec132e7f0dd2,51284,2026-09-06,08_HISTORICAL_PACKAGES,"08_HISTORICAL_PACKAGES/2026-08-28_execution_v1.0/05_QA_FIXTURES/stl/rattle_cassette_liner_lid_tpu95a.stl"
08f08535cf94,334284,2026-09-06,08_HISTORICAL_PACKAGES,"08_HISTORICAL_PACKAGES/2026-08-28_execution_v1.0/05_QA_FIXTURES/stl/rattle_edge_axis_adapter_petg.stl"
34510c64facc,230884,2026-09-06,08_HISTORICAL_PACKAGES,"08_HISTORICAL_PACKAGES/2026-08-28_execution_v1.0/05_QA_FIXTURES/stl/rattle_nema17_mount_petg.stl"
51791fa06ee3,258484,2026-09-06,08_HISTORICAL_PACKAGES,"08_HISTORICAL_PACKAGES/2026-08-28_execution_v1.0/05_QA_FIXTURES/stl/rattle_rotor_disk_petg.stl"
d5a78a59db99,4562,2026-09-06,08_HISTORICAL_PACKAGES,"08_HISTORICAL_PACKAGES/2026-08-28_execution_v1.0/05_QA_FIXTURES/validate_package.py"
e1baf04a2ea5,3105,2026-09-06,08_HISTORICAL_PACKAGES,"08_HISTORICAL_PACKAGES/2026-08-28_execution_v1.0/05_QA_FIXTURES/verify_meshes.py"
bfb3908f445b,6374,2026-09-06,08_HISTORICAL_PACKAGES,"08_HISTORICAL_PACKAGES/2026-08-28_execution_v1.0/06_FACTORY/ACCEPTANCE_AND_LOT_STOP_RULES.md"
8941f7e971ed,340,2026-09-06,08_HISTORICAL_PACKAGES,"08_HISTORICAL_PACKAGES/2026-08-28_execution_v1.0/06_FACTORY/ASSEMBLY_TRAVELER_LOG.csv"
96a9c43e6eac,1646,2026-09-06,08_HISTORICAL_PACKAGES,"08_HISTORICAL_PACKAGES/2026-08-28_execution_v1.0/06_FACTORY/EOL_RESULTS_TEMPLATE.csv"
12d750c37510,6051,2026-09-06,08_HISTORICAL_PACKAGES,"08_HISTORICAL_PACKAGES/2026-08-28_execution_v1.0/06_FACTORY/EOL_TEST_SPEC.md"
1faf27b1a12a,1189,2026-09-06,08_HISTORICAL_PACKAGES,"08_HISTORICAL_PACKAGES/2026-08-28_execution_v1.0/06_FACTORY/FACTORY_RELEASE_FILES.sha256"
39318aa73f9a,5845,2026-09-06,08_HISTORICAL_PACKAGES,"08_HISTORICAL_PACKAGES/2026-08-28_execution_v1.0/06_FACTORY/FACTORY_UPLOAD_MANIFEST.csv"
86a1a8cae5a0,4558,2026-09-06,08_HISTORICAL_PACKAGES,"08_HISTORICAL_PACKAGES/2026-08-28_execution_v1.0/06_FACTORY/INCOMING_INSPECTION.md"
f98c90c6ab9b,5100,2026-09-06,08_HISTORICAL_PACKAGES,"08_HISTORICAL_PACKAGES/2026-08-28_execution_v1.0/06_FACTORY/PCBA_RFQ_REQUIREMENTS.md"
a821fdae26f1,2843,2026-09-06,08_HISTORICAL_PACKAGES,"08_HISTORICAL_PACKAGES/2026-08-28_execution_v1.0/06_FACTORY/PCB_RELEASE_CHECKPOINT.md"
fc2a02f0c17f,3115,2026-09-06,08_HISTORICAL_PACKAGES,"08_HISTORICAL_PACKAGES/2026-08-28_execution_v1.0/06_FACTORY/PURCHASE_QUANTITIES.csv"
21d007116f5d,5298,2026-09-06,08_HISTORICAL_PACKAGES,"08_HISTORICAL_PACKAGES/2026-08-28_execution_v1.0/06_FACTORY/README.md"
28768c1ea473,2120,2026-09-06,08_HISTORICAL_PACKAGES,"08_HISTORICAL_PACKAGES/2026-08-28_execution_v1.0/06_FACTORY/RELEASE_AUTHORIZATION_TEMPLATE.md"
0d49181e5f6a,5808,2026-09-06,08_HISTORICAL_PACKAGES,"08_HISTORICAL_PACKAGES/2026-08-28_execution_v1.0/06_FACTORY/SERIALIZED_ASSEMBLY_TRAVELER.md"
e3fe44331bd9,5866,2026-09-06,08_HISTORICAL_PACKAGES,"08_HISTORICAL_PACKAGES/2026-08-28_execution_v1.0/06_FACTORY/validate_factory_release.py"
2f16cf041aa0,5083400,2026-09-06,08_HISTORICAL_PACKAGES,"08_HISTORICAL_PACKAGES/2026-08-28_execution_v1.0/07_SOURCES/AN54LV_design_guide.zip"
53096ac1dbd7,259382,2026-09-06,08_HISTORICAL_PACKAGES,"08_HISTORICAL_PACKAGES/2026-08-28_execution_v1.0/07_SOURCES/LP571225_200mAh_comparator_datasheet.pdf"
437edc9691aa,1153133,2026-09-06,08_HISTORICAL_PACKAGES,"08_HISTORICAL_PACKAGES/2026-08-28_execution_v1.0/07_SOURCES/MKDV4GCL-ABF_datasheet.pdf"
7c9c6ab89d64,317245,2026-09-06,08_HISTORICAL_PACKAGES,"08_HISTORICAL_PACKAGES/2026-08-28_execution_v1.0/07_SOURCES/PTS841_datasheet.pdf"
d4700d3834fd,2322,2026-09-06,08_HISTORICAL_PACKAGES,"08_HISTORICAL_PACKAGES/2026-08-28_execution_v1.0/07_SOURCES/SOURCE_LEDGER_V1.md"
4dbb7068288a,6434,2026-09-06,08_HISTORICAL_PACKAGES,"08_HISTORICAL_PACKAGES/2026-08-28_execution_v1.0/08_REPORTS/DURABILITY_AND_RATTLE_TEST_PLAN.md"
56a5f5c9ed24,4762,2026-09-06,08_HISTORICAL_PACKAGES,"08_HISTORICAL_PACKAGES/2026-08-28_execution_v1.0/08_REPORTS/ELECTRICAL_AUDIT.md"
06d3c59adf2e,18110,2026-09-06,08_HISTORICAL_PACKAGES,"08_HISTORICAL_PACKAGES/2026-08-28_execution_v1.0/08_REPORTS/ELECTRICAL_AUDIT_2026-08-29.md"
8ec2415b3281,12439,2026-09-06,08_HISTORICAL_PACKAGES,"08_HISTORICAL_PACKAGES/2026-08-28_execution_v1.0/08_REPORTS/EXACT_SOURCING_2026-08-29.md"
69a2336c2db3,17966,2026-09-06,08_HISTORICAL_PACKAGES,"08_HISTORICAL_PACKAGES/2026-08-28_execution_v1.0/08_REPORTS/FIRMWARE_STORAGE_SPEC.md"
f17b859818bb,8499,2026-09-06,08_HISTORICAL_PACKAGES,"08_HISTORICAL_PACKAGES/2026-08-28_execution_v1.0/08_REPORTS/MECHANICAL_RETENTION_SPEC.md"
fbf632d7a54c,18445,2026-09-06,08_HISTORICAL_PACKAGES,"08_HISTORICAL_PACKAGES/2026-08-28_execution_v1.0/08_REPORTS/MECHANICAL_V10_AUDIT.md"
48e3dce58a5d,7757,2026-09-06,08_HISTORICAL_PACKAGES,"08_HISTORICAL_PACKAGES/2026-08-28_execution_v1.0/08_REPORTS/MECHANICAL_V10_REAUDIT.md"
c03a18cb8a7d,3526,2026-09-06,08_HISTORICAL_PACKAGES,"08_HISTORICAL_PACKAGES/2026-08-28_execution_v1.0/08_REPORTS/PRODUCTION_CANDIDATE_BOM.csv"
a6889d620b0c,3548,2026-09-06,08_HISTORICAL_PACKAGES,"08_HISTORICAL_PACKAGES/2026-08-28_execution_v1.0/08_REPORTS/PRODUCTION_FIT_REPORT.md"
d7db6c0c1041,2323,2026-09-06,08_HISTORICAL_PACKAGES,"08_HISTORICAL_PACKAGES/2026-08-28_execution_v1.0/08_REPORTS/SIZE_AUDIT.md"
d71af3eaeb9c,1320,2026-09-06,08_HISTORICAL_PACKAGES,"08_HISTORICAL_PACKAGES/2026-08-28_execution_v1.0/COST_AND_TIMELINE.md"
d42fcf99d651,1465,2026-09-06,08_HISTORICAL_PACKAGES,"08_HISTORICAL_PACKAGES/2026-08-28_execution_v1.0/DECISION_CARD.md"
eefd5874e69e,2116,2026-09-06,08_HISTORICAL_PACKAGES,"08_HISTORICAL_PACKAGES/2026-08-28_execution_v1.0/HOW_IT_STAYS_SOLID.md"
46ce579d26e1,60659,2026-09-06,08_HISTORICAL_PACKAGES,"08_HISTORICAL_PACKAGES/2026-08-28_execution_v1.0/PACKAGE_SHA256SUMS.txt"
89bae6f0fbc6,2694,2026-09-06,08_HISTORICAL_PACKAGES,"08_HISTORICAL_PACKAGES/2026-08-28_execution_v1.0/RELEASE_STATUS.md"
03c6a8fccc0f,4695,2026-09-06,08_HISTORICAL_PACKAGES,"08_HISTORICAL_PACKAGES/2026-08-28_execution_v1.0/START_HERE.md"
651658a90055,834,2026-09-06,08_HISTORICAL_PACKAGES,"08_HISTORICAL_PACKAGES/2026-08-28_execution_v1.0/VERIFIED_RESULTS.txt"
6ad5d37913f9,4376,2026-09-06,08_HISTORICAL_PACKAGES,"08_HISTORICAL_PACKAGES/2026-08-28_execution_v1.0/verify_package.py"
d18898cfe540,9493,2026-09-06,08_HISTORICAL_PACKAGES,"08_HISTORICAL_PACKAGES/2026-08-28_p2s_v07_enclosure/P2S_v07_fit_gauges.3mf"
e965bf714326,338964,2026-09-06,08_HISTORICAL_PACKAGES,"08_HISTORICAL_PACKAGES/2026-08-28_p2s_v07_enclosure/P2S_v07_nopcb_retained.3mf"
5bdc229cafcd,95950,2026-09-06,08_HISTORICAL_PACKAGES,"08_HISTORICAL_PACKAGES/2026-08-28_p2s_v07_enclosure/production_internal_layout.png"
fa59e5312962,1893,2026-09-06,08_HISTORICAL_PACKAGES,"08_HISTORICAL_PACKAGES/2026-08-28_tuesday_evt_v0.1/ASSEMBLY_CARD.md"
866ae5938432,2886,2026-09-06,08_HISTORICAL_PACKAGES,"08_HISTORICAL_PACKAGES/2026-08-28_tuesday_evt_v0.1/BUY_12.csv"
3397515ab350,544,2026-09-06,08_HISTORICAL_PACKAGES,"08_HISTORICAL_PACKAGES/2026-08-28_tuesday_evt_v0.1/COST_CEILING.md"
52399294d673,1177,2026-09-06,08_HISTORICAL_PACKAGES,"08_HISTORICAL_PACKAGES/2026-08-28_tuesday_evt_v0.1/FINAL_DIGITAL_AUDIT.json"
64f60510de23,784,2026-09-06,08_HISTORICAL_PACKAGES,"08_HISTORICAL_PACKAGES/2026-08-28_tuesday_evt_v0.1/FIRMWARE_HOST_CHECK_CURRENT.txt"
f622c693e36b,1010,2026-09-06,08_HISTORICAL_PACKAGES,"08_HISTORICAL_PACKAGES/2026-08-28_tuesday_evt_v0.1/PRINT_AND_METAL.md"
4806f007fe63,1282,2026-09-06,08_HISTORICAL_PACKAGES,"08_HISTORICAL_PACKAGES/2026-08-28_tuesday_evt_v0.1/RELEASE_GATES.md"
04b886ee8f5b,1550,2026-09-06,08_HISTORICAL_PACKAGES,"08_HISTORICAL_PACKAGES/2026-08-28_tuesday_evt_v0.1/START_HERE.md"
e9240c5e25bd,716,2026-09-06,08_HISTORICAL_PACKAGES,"08_HISTORICAL_PACKAGES/2026-08-28_tuesday_evt_v0.1/TUESDAY_TRUTH.md"
b5a1503a2846,832884,2026-09-06,08_HISTORICAL_PACKAGES,"08_HISTORICAL_PACKAGES/2026-08-28_tuesday_evt_v0.1/anticipy_strict_evt_12_accessory_sets_plate.stl"
4df3dcc65265,904884,2026-09-06,08_HISTORICAL_PACKAGES,"08_HISTORICAL_PACKAGES/2026-08-28_tuesday_evt_v0.1/anticipy_strict_evt_12_button_fit_plate.stl"
d49e295d1702,516084,2026-09-06,08_HISTORICAL_PACKAGES,"08_HISTORICAL_PACKAGES/2026-08-28_tuesday_evt_v0.1/anticipy_strict_evt_12_frame_plate.stl"
6645aba71279,47389,2026-09-06,08_HISTORICAL_PACKAGES,"08_HISTORICAL_PACKAGES/2026-08-28_tuesday_evt_v0.1/anticipy_strict_evt_aluminum_template.pdf"
8d1ed0193d6a,28063,2026-09-06,08_HISTORICAL_PACKAGES,"08_HISTORICAL_PACKAGES/2026-08-28_tuesday_evt_v0.1/anticipy_strict_evt_back_aluminum.step"
00ab4b3d92b2,38884,2026-09-06,08_HISTORICAL_PACKAGES,"08_HISTORICAL_PACKAGES/2026-08-28_tuesday_evt_v0.1/anticipy_strict_evt_back_aluminum.stl"
a9aba80d7e6d,23217,2026-09-06,08_HISTORICAL_PACKAGES,"08_HISTORICAL_PACKAGES/2026-08-28_tuesday_evt_v0.1/anticipy_strict_evt_back_rf_nose.step"
b0f7ddd74189,13484,2026-09-06,08_HISTORICAL_PACKAGES,"08_HISTORICAL_PACKAGES/2026-08-28_tuesday_evt_v0.1/anticipy_strict_evt_back_rf_nose.stl"
492518d3118b,32199,2026-09-06,08_HISTORICAL_PACKAGES,"08_HISTORICAL_PACKAGES/2026-08-28_tuesday_evt_v0.1/anticipy_strict_evt_battery_bridge.step"
17f7543e6f52,26284,2026-09-06,08_HISTORICAL_PACKAGES,"08_HISTORICAL_PACKAGES/2026-08-28_tuesday_evt_v0.1/anticipy_strict_evt_battery_bridge.stl"
7379fb26044b,75484,2026-09-06,08_HISTORICAL_PACKAGES,"08_HISTORICAL_PACKAGES/2026-08-28_tuesday_evt_v0.1/anticipy_strict_evt_button_plunger_1p15.stl"
68375fac776a,75484,2026-09-06,08_HISTORICAL_PACKAGES,"08_HISTORICAL_PACKAGES/2026-08-28_tuesday_evt_v0.1/anticipy_strict_evt_button_plunger_1p30.stl"
09f5fb2396bd,75484,2026-09-06,08_HISTORICAL_PACKAGES,"08_HISTORICAL_PACKAGES/2026-08-28_tuesday_evt_v0.1/anticipy_strict_evt_button_plunger_1p45.stl"
9e6cde330eb6,32849,2026-09-06,08_HISTORICAL_PACKAGES,"08_HISTORICAL_PACKAGES/2026-08-28_tuesday_evt_v0.1/anticipy_strict_evt_front_aluminum.step"
a3fa1dab8a50,64284,2026-09-06,08_HISTORICAL_PACKAGES,"08_HISTORICAL_PACKAGES/2026-08-28_tuesday_evt_v0.1/anticipy_strict_evt_front_aluminum.stl"
968e68b8129b,39051,2026-09-06,08_HISTORICAL_PACKAGES,"08_HISTORICAL_PACKAGES/2026-08-28_tuesday_evt_v0.1/anticipy_strict_evt_front_appearance.png"
01464516fae7,32838,2026-09-06,08_HISTORICAL_PACKAGES,"08_HISTORICAL_PACKAGES/2026-08-28_tuesday_evt_v0.1/anticipy_strict_evt_front_rf_nose.step"
b29502bb9080,64284,2026-09-06,08_HISTORICAL_PACKAGES,"08_HISTORICAL_PACKAGES/2026-08-28_tuesday_evt_v0.1/anticipy_strict_evt_front_rf_nose.stl"
061f19bec8bf,76050,2026-09-06,08_HISTORICAL_PACKAGES,"08_HISTORICAL_PACKAGES/2026-08-28_tuesday_evt_v0.1/anticipy_strict_evt_internal_layout.png"
e8d5353afae5,404928,2026-09-06,08_HISTORICAL_PACKAGES,"08_HISTORICAL_PACKAGES/2026-08-28_tuesday_evt_v0.1/anticipy_strict_evt_nominal_assembly.step"
d3c7249b3fff,152281,2026-09-06,08_HISTORICAL_PACKAGES,"08_HISTORICAL_PACKAGES/2026-08-28_tuesday_evt_v0.1/anticipy_strict_evt_polymer_frame.step"
831bddeb3e3e,61084,2026-09-06,08_HISTORICAL_PACKAGES,"08_HISTORICAL_PACKAGES/2026-08-28_tuesday_evt_v0.1/anticipy_strict_evt_polymer_frame.stl"
e4fd0e77442a,684,2026-09-06,08_HISTORICAL_PACKAGES,"08_HISTORICAL_PACKAGES/2026-08-28_tuesday_evt_v0.1/dummy_c&k_pts810_tactile_switch.stl"
5fdcfdac5950,684,2026-09-06,08_HISTORICAL_PACKAGES,"08_HISTORICAL_PACKAGES/2026-08-28_tuesday_evt_v0.1/dummy_insulated_discrete_haptic_driver.stl"
41fe301a8846,684,2026-09-06,08_HISTORICAL_PACKAGES,"08_HISTORICAL_PACKAGES/2026-08-28_tuesday_evt_v0.1/dummy_protected_502025_200_mah_lipo.stl"
7f3618b03017,684,2026-09-06,08_HISTORICAL_PACKAGES,"08_HISTORICAL_PACKAGES/2026-08-28_tuesday_evt_v0.1/dummy_vybronics_vc0625b001l_erm.stl"
48951df60073,684,2026-09-06,08_HISTORICAL_PACKAGES,"08_HISTORICAL_PACKAGES/2026-08-28_tuesday_evt_v0.1/dummy_xiao_nrf52840_sense_+_adafruit_5683_direct_stack.stl"
de31edba36d0,585216,2026-09-06,08_HISTORICAL_PACKAGES,"08_HISTORICAL_PACKAGES/2026-08-28_tuesday_evt_v0.1/firmware_lab_only/Anticipy_Founder_EVT_v0.9.0.uf2"
debad7b3c48e,4845,2026-09-06,08_HISTORICAL_PACKAGES,"08_HISTORICAL_PACKAGES/2026-08-28_tuesday_evt_v0.1/firmware_lab_only/BLE_IPHONE_PROTOCOL.md"
b1c726ed2d7d,1342,2026-09-06,08_HISTORICAL_PACKAGES,"08_HISTORICAL_PACKAGES/2026-08-28_tuesday_evt_v0.1/firmware_lab_only/BUILD_METADATA.json"
98a56bacf4d6,5656,2026-09-06,08_HISTORICAL_PACKAGES,"08_HISTORICAL_PACKAGES/2026-08-28_tuesday_evt_v0.1/firmware_lab_only/BUILD_STATUS.md"
dd43fb6ecd9c,958,2026-09-06,08_HISTORICAL_PACKAGES,"08_HISTORICAL_PACKAGES/2026-08-28_tuesday_evt_v0.1/firmware_lab_only/HOST_CHECK_OUTPUT.txt"
7efdcd0fc0d7,1084,2026-09-06,08_HISTORICAL_PACKAGES,"08_HISTORICAL_PACKAGES/2026-08-28_tuesday_evt_v0.1/firmware_lab_only/LICENSE-OMI-MIT.txt"
544bbe6d309a,555,2026-09-06,08_HISTORICAL_PACKAGES,"08_HISTORICAL_PACKAGES/2026-08-28_tuesday_evt_v0.1/firmware_lab_only/PACKAGE_NOTE_STRICT_200MAH.md"
88d227a8295b,3638,2026-09-06,08_HISTORICAL_PACKAGES,"08_HISTORICAL_PACKAGES/2026-08-28_tuesday_evt_v0.1/firmware_lab_only/README.md"
04aeb7d37383,4010,2026-09-06,08_HISTORICAL_PACKAGES,"08_HISTORICAL_PACKAGES/2026-08-28_tuesday_evt_v0.1/firmware_lab_only/SECURITY_RELEASE_GATES.md"
442d82e20239,202,2026-09-06,08_HISTORICAL_PACKAGES,"08_HISTORICAL_PACKAGES/2026-08-28_tuesday_evt_v0.1/firmware_lab_only/SHA256SUMS.txt"
d54891be6eab,934,2026-09-06,08_HISTORICAL_PACKAGES,"08_HISTORICAL_PACKAGES/2026-08-28_tuesday_evt_v0.1/firmware_lab_only/THIRD_PARTY_NOTICES.md"
9095e7b4a847,5351572,2026-09-06,08_HISTORICAL_PACKAGES,"08_HISTORICAL_PACKAGES/2026-08-28_tuesday_evt_v0.1/firmware_lab_only/debug/Anticipy_Founder_EVT_v0.9.0.elf"
ef70393f13b7,468,2026-09-06,08_HISTORICAL_PACKAGES,"08_HISTORICAL_PACKAGES/2026-08-28_tuesday_evt_v0.1/firmware_lab_only/flash.sh"
75127a1ee934,16292,2026-09-06,08_HISTORICAL_PACKAGES,"08_HISTORICAL_PACKAGES/2026-08-28_tuesday_evt_v0.1/firmware_lab_only/ios_test_client/AnticipyBLEClient.swift"
4ae7bc5b4a62,1621,2026-09-06,08_HISTORICAL_PACKAGES,"08_HISTORICAL_PACKAGES/2026-08-28_tuesday_evt_v0.1/firmware_lab_only/ios_test_client/README.md"
282a3fa8b552,1929,2026-09-06,08_HISTORICAL_PACKAGES,"08_HISTORICAL_PACKAGES/2026-08-28_tuesday_evt_v0.1/firmware_lab_only/source_nrf52840/.github/workflows/build-evt-firmware.yml"
2ca81f489bf2,6769,2026-09-06,08_HISTORICAL_PACKAGES,"08_HISTORICAL_PACKAGES/2026-08-28_tuesday_evt_v0.1/firmware_lab_only/source_nrf52840/CMakeLists.txt"
6da8a7b099e8,1198,2026-09-06,08_HISTORICAL_PACKAGES,"08_HISTORICAL_PACKAGES/2026-08-28_tuesday_evt_v0.1/firmware_lab_only/source_nrf52840/Kconfig"
4b44ae944a7c,471,2026-09-06,08_HISTORICAL_PACKAGES,"08_HISTORICAL_PACKAGES/2026-08-28_tuesday_evt_v0.1/firmware_lab_only/source_nrf52840/flash.sh"
333dadaea371,9322,2026-09-06,08_HISTORICAL_PACKAGES,"08_HISTORICAL_PACKAGES/2026-08-28_tuesday_evt_v0.1/firmware_lab_only/source_nrf52840/host_checks.py"
75127a1ee934,16292,2026-09-06,08_HISTORICAL_PACKAGES,"08_HISTORICAL_PACKAGES/2026-08-28_tuesday_evt_v0.1/firmware_lab_only/source_nrf52840/ios_test_client/AnticipyBLEClient.swift"
c42cc82f3cf4,2256,2026-09-06,08_HISTORICAL_PACKAGES,"08_HISTORICAL_PACKAGES/2026-08-28_tuesday_evt_v0.1/firmware_lab_only/source_nrf52840/overlay/xiao_ble_sense_devkitv2-adafruit.overlay"
2d1e11ba67db,3886,2026-09-06,08_HISTORICAL_PACKAGES,"08_HISTORICAL_PACKAGES/2026-08-28_tuesday_evt_v0.1/firmware_lab_only/source_nrf52840/prj_xiao_ble_sense_devkitv2-adafruit.conf"
de7f85f187ee,16026,2026-09-06,08_HISTORICAL_PACKAGES,"08_HISTORICAL_PACKAGES/2026-08-28_tuesday_evt_v0.1/firmware_lab_only/source_nrf52840/src/button.c"
f1d8c91af4ab,271,2026-09-06,08_HISTORICAL_PACKAGES,"08_HISTORICAL_PACKAGES/2026-08-28_tuesday_evt_v0.1/firmware_lab_only/source_nrf52840/src/button.h"
ee0db73af86a,3858,2026-09-06,08_HISTORICAL_PACKAGES,"08_HISTORICAL_PACKAGES/2026-08-28_tuesday_evt_v0.1/firmware_lab_only/source_nrf52840/src/codec.c"
988d99ac4629,402,2026-09-06,08_HISTORICAL_PACKAGES,"08_HISTORICAL_PACKAGES/2026-08-28_tuesday_evt_v0.1/firmware_lab_only/source_nrf52840/src/codec.h"
3c6bc6239d50,1411,2026-09-06,08_HISTORICAL_PACKAGES,"08_HISTORICAL_PACKAGES/2026-08-28_tuesday_evt_v0.1/firmware_lab_only/source_nrf52840/src/config.h"
1f6e7905c99a,2843,2026-09-06,08_HISTORICAL_PACKAGES,"08_HISTORICAL_PACKAGES/2026-08-28_tuesday_evt_v0.1/firmware_lab_only/source_nrf52840/src/haptic.c"
16b037c10872,207,2026-09-06,08_HISTORICAL_PACKAGES,"08_HISTORICAL_PACKAGES/2026-08-28_tuesday_evt_v0.1/firmware_lab_only/source_nrf52840/src/haptic.h"
84ef17fc0112,775,2026-09-06,08_HISTORICAL_PACKAGES,"08_HISTORICAL_PACKAGES/2026-08-28_tuesday_evt_v0.1/firmware_lab_only/source_nrf52840/src/led.c"
7f53b7d7f7a3,579,2026-09-06,08_HISTORICAL_PACKAGES,"08_HISTORICAL_PACKAGES/2026-08-28_tuesday_evt_v0.1/firmware_lab_only/source_nrf52840/src/led.h"
a0ff36764b5c,7024,2026-09-06,08_HISTORICAL_PACKAGES,"08_HISTORICAL_PACKAGES/2026-08-28_tuesday_evt_v0.1/firmware_lab_only/source_nrf52840/src/lib/battery/battery.c"
737f0caa3b4d,2211,2026-09-06,08_HISTORICAL_PACKAGES,"08_HISTORICAL_PACKAGES/2026-08-28_tuesday_evt_v0.1/firmware_lab_only/source_nrf52840/src/lib/battery/battery.h"
8552687904b2,10759,2026-09-06,08_HISTORICAL_PACKAGES,"08_HISTORICAL_PACKAGES/2026-08-28_tuesday_evt_v0.1/firmware_lab_only/source_nrf52840/src/lib/opus-1.2.1/A2NLSF.c"
cc4d2169dddb,7175,2026-09-06,08_HISTORICAL_PACKAGES,"08_HISTORICAL_PACKAGES/2026-08-28_tuesday_evt_v0.1/firmware_lab_only/source_nrf52840/src/lib/opus-1.2.1/API.h"
eb8c9901f2a3,9599,2026-09-06,08_HISTORICAL_PACKAGES,"08_HISTORICAL_PACKAGES/2026-08-28_tuesday_evt_v0.1/firmware_lab_only/source_nrf52840/src/lib/opus-1.2.1/CNG.c"
8ced42dcf02a,3284,2026-09-06,08_HISTORICAL_PACKAGES,"08_HISTORICAL_PACKAGES/2026-08-28_tuesday_evt_v0.1/firmware_lab_only/source_nrf52840/src/lib/opus-1.2.1/CmakeLists.txt"
e528fcf0eebc,3989,2026-09-06,08_HISTORICAL_PACKAGES,"08_HISTORICAL_PACKAGES/2026-08-28_tuesday_evt_v0.1/firmware_lab_only/source_nrf52840/src/lib/opus-1.2.1/HP_variable_cutoff.c"
d8d637375bd1,7314,2026-09-06,08_HISTORICAL_PACKAGES,"08_HISTORICAL_PACKAGES/2026-08-28_tuesday_evt_v0.1/firmware_lab_only/source_nrf52840/src/lib/opus-1.2.1/Inlines.h"
f15ac8e1d21d,5015,2026-09-06,08_HISTORICAL_PACKAGES,"08_HISTORICAL_PACKAGES/2026-08-28_tuesday_evt_v0.1/firmware_lab_only/source_nrf52840/src/lib/opus-1.2.1/LPC_analysis_filter.c"
c24418dfdcd9,3957,2026-09-06,08_HISTORICAL_PACKAGES,"08_HISTORICAL_PACKAGES/2026-08-28_tuesday_evt_v0.1/firmware_lab_only/source_nrf52840/src/lib/opus-1.2.1/LPC_fit.c"
c2cc22922cd3,6161,2026-09-06,08_HISTORICAL_PACKAGES,"08_HISTORICAL_PACKAGES/2026-08-28_tuesday_evt_v0.1/firmware_lab_only/source_nrf52840/src/lib/opus-1.2.1/LPC_inv_pred_gain.c"
e17cec3098ec,6552,2026-09-06,08_HISTORICAL_PACKAGES,"08_HISTORICAL_PACKAGES/2026-08-28_tuesday_evt_v0.1/firmware_lab_only/source_nrf52840/src/lib/opus-1.2.1/LP_variable_cutoff.c"
e57c94e63891,4730,2026-09-06,08_HISTORICAL_PACKAGES,"08_HISTORICAL_PACKAGES/2026-08-28_tuesday_evt_v0.1/firmware_lab_only/source_nrf52840/src/lib/opus-1.2.1/LTP_analysis_filter_FIX.c"
d2b8a417bcad,2877,2026-09-06,08_HISTORICAL_PACKAGES,"08_HISTORICAL_PACKAGES/2026-08-28_tuesday_evt_v0.1/firmware_lab_only/source_nrf52840/src/lib/opus-1.2.1/LTP_scale_ctrl_FIX.c"
58441b221c2f,20764,2026-09-06,08_HISTORICAL_PACKAGES,"08_HISTORICAL_PACKAGES/2026-08-28_tuesday_evt_v0.1/firmware_lab_only/source_nrf52840/src/lib/opus-1.2.1/MacroCount.h"
7af465e3a640,33528,2026-09-06,08_HISTORICAL_PACKAGES,"08_HISTORICAL_PACKAGES/2026-08-28_tuesday_evt_v0.1/firmware_lab_only/source_nrf52840/src/lib/opus-1.2.1/MacroDebug.h"
89cf63c26906,6362,2026-09-06,08_HISTORICAL_PACKAGES,"08_HISTORICAL_PACKAGES/2026-08-28_tuesday_evt_v0.1/firmware_lab_only/source_nrf52840/src/lib/opus-1.2.1/NLSF2A.c"
d2742ac1f6cb,3975,2026-09-06,08_HISTORICAL_PACKAGES,"08_HISTORICAL_PACKAGES/2026-08-28_tuesday_evt_v0.1/firmware_lab_only/source_nrf52840/src/lib/opus-1.2.1/NLSF_VQ.c"
975b062a6bbd,3937,2026-09-06,08_HISTORICAL_PACKAGES,"08_HISTORICAL_PACKAGES/2026-08-28_tuesday_evt_v0.1/firmware_lab_only/source_nrf52840/src/lib/opus-1.2.1/NLSF_VQ_weights_laroia.c"
3d723c92896d,4766,2026-09-06,08_HISTORICAL_PACKAGES,"08_HISTORICAL_PACKAGES/2026-08-28_tuesday_evt_v0.1/firmware_lab_only/source_nrf52840/src/lib/opus-1.2.1/NLSF_decode.c"
3d045d2d5931,11896,2026-09-06,08_HISTORICAL_PACKAGES,"08_HISTORICAL_PACKAGES/2026-08-28_tuesday_evt_v0.1/firmware_lab_only/source_nrf52840/src/lib/opus-1.2.1/NLSF_del_dec_quant.c"
5fba9bb8dc77,6129,2026-09-06,08_HISTORICAL_PACKAGES,"08_HISTORICAL_PACKAGES/2026-08-28_tuesday_evt_v0.1/firmware_lab_only/source_nrf52840/src/lib/opus-1.2.1/NLSF_encode.c"
14c69720cd90,6347,2026-09-06,08_HISTORICAL_PACKAGES,"08_HISTORICAL_PACKAGES/2026-08-28_tuesday_evt_v0.1/firmware_lab_only/source_nrf52840/src/lib/opus-1.2.1/NLSF_stabilize.c"
e94e9519bb38,2949,2026-09-06,08_HISTORICAL_PACKAGES,"08_HISTORICAL_PACKAGES/2026-08-28_tuesday_evt_v0.1/firmware_lab_only/source_nrf52840/src/lib/opus-1.2.1/NLSF_unpack.c"
473b46b62b04,22787,2026-09-06,08_HISTORICAL_PACKAGES,"08_HISTORICAL_PACKAGES/2026-08-28_tuesday_evt_v0.1/firmware_lab_only/source_nrf52840/src/lib/opus-1.2.1/NSQ.c"
7ef6eec66064,4288,2026-09-06,08_HISTORICAL_PACKAGES,"08_HISTORICAL_PACKAGES/2026-08-28_tuesday_evt_v0.1/firmware_lab_only/source_nrf52840/src/lib/opus-1.2.1/NSQ.h"
1e66080620da,39434,2026-09-06,08_HISTORICAL_PACKAGES,"08_HISTORICAL_PACKAGES/2026-08-28_tuesday_evt_v0.1/firmware_lab_only/source_nrf52840/src/lib/opus-1.2.1/NSQ_del_dec.c"
fefb38726ec0,20451,2026-09-06,08_HISTORICAL_PACKAGES,"08_HISTORICAL_PACKAGES/2026-08-28_tuesday_evt_v0.1/firmware_lab_only/source_nrf52840/src/lib/opus-1.2.1/PLC.c"
f67f0d84ddae,3261,2026-09-06,08_HISTORICAL_PACKAGES,"08_HISTORICAL_PACKAGES/2026-08-28_tuesday_evt_v0.1/firmware_lab_only/source_nrf52840/src/lib/opus-1.2.1/PLC.h"
1484eb810598,39242,2026-09-06,08_HISTORICAL_PACKAGES,"08_HISTORICAL_PACKAGES/2026-08-28_tuesday_evt_v0.1/firmware_lab_only/source_nrf52840/src/lib/opus-1.2.1/SigProc_FIX.h"
3ab5d7cc2839,15042,2026-09-06,08_HISTORICAL_PACKAGES,"08_HISTORICAL_PACKAGES/2026-08-28_tuesday_evt_v0.1/firmware_lab_only/source_nrf52840/src/lib/opus-1.2.1/VAD.c"
4d6e893e1b7b,7138,2026-09-06,08_HISTORICAL_PACKAGES,"08_HISTORICAL_PACKAGES/2026-08-28_tuesday_evt_v0.1/firmware_lab_only/source_nrf52840/src/lib/opus-1.2.1/VQ_WMat_EC.c"
b36149a0a4bb,5935,2026-09-06,08_HISTORICAL_PACKAGES,"08_HISTORICAL_PACKAGES/2026-08-28_tuesday_evt_v0.1/firmware_lab_only/source_nrf52840/src/lib/opus-1.2.1/_kiss_fft_guts.h"
d277973dbada,3770,2026-09-06,08_HISTORICAL_PACKAGES,"08_HISTORICAL_PACKAGES/2026-08-28_tuesday_evt_v0.1/firmware_lab_only/source_nrf52840/src/lib/opus-1.2.1/ana_filt_bank_1.c"
063d73e0755d,36054,2026-09-06,08_HISTORICAL_PACKAGES,"08_HISTORICAL_PACKAGES/2026-08-28_tuesday_evt_v0.1/firmware_lab_only/source_nrf52840/src/lib/opus-1.2.1/analysis.c"
c862ac10d4ea,4080,2026-09-06,08_HISTORICAL_PACKAGES,"08_HISTORICAL_PACKAGES/2026-08-28_tuesday_evt_v0.1/firmware_lab_only/source_nrf52840/src/lib/opus-1.2.1/analysis.h"
58c5b569dc7c,4921,2026-09-06,08_HISTORICAL_PACKAGES,"08_HISTORICAL_PACKAGES/2026-08-28_tuesday_evt_v0.1/firmware_lab_only/source_nrf52840/src/lib/opus-1.2.1/apply_sine_window_FIX.c"
7d2609cf4ce8,7778,2026-09-06,08_HISTORICAL_PACKAGES,"08_HISTORICAL_PACKAGES/2026-08-28_tuesday_evt_v0.1/firmware_lab_only/source_nrf52840/src/lib/opus-1.2.1/arch.h"
53b3e0024db7,3234,2026-09-06,08_HISTORICAL_PACKAGES,"08_HISTORICAL_PACKAGES/2026-08-28_tuesday_evt_v0.1/firmware_lab_only/source_nrf52840/src/lib/opus-1.2.1/arm/LPC_inv_pred_gain_arm.h"
61d2709dca89,5477,2026-09-06,08_HISTORICAL_PACKAGES,"08_HISTORICAL_PACKAGES/2026-08-28_tuesday_evt_v0.1/firmware_lab_only/source_nrf52840/src/lib/opus-1.2.1/arm/NSQ_del_dec_arm.h"
7582f536ee38,2254,2026-09-06,08_HISTORICAL_PACKAGES,"08_HISTORICAL_PACKAGES/2026-08-28_tuesday_evt_v0.1/firmware_lab_only/source_nrf52840/src/lib/opus-1.2.1/arm/SigProc_FIX_armv4.h"
75645e689c04,2765,2026-09-06,08_HISTORICAL_PACKAGES,"08_HISTORICAL_PACKAGES/2026-08-28_tuesday_evt_v0.1/firmware_lab_only/source_nrf52840/src/lib/opus-1.2.1/arm/SigProc_FIX_armv5e.h"
c6b803609ea3,2481,2026-09-06,08_HISTORICAL_PACKAGES,"08_HISTORICAL_PACKAGES/2026-08-28_tuesday_evt_v0.1/firmware_lab_only/source_nrf52840/src/lib/opus-1.2.1/arm/armcpu.h"
aeb87daec248,4421,2026-09-06,08_HISTORICAL_PACKAGES,"08_HISTORICAL_PACKAGES/2026-08-28_tuesday_evt_v0.1/firmware_lab_only/source_nrf52840/src/lib/opus-1.2.1/arm/biquad_alt_arm.h"
049a413aa633,14065,2026-09-06,08_HISTORICAL_PACKAGES,"08_HISTORICAL_PACKAGES/2026-08-28_tuesday_evt_v0.1/firmware_lab_only/source_nrf52840/src/lib/opus-1.2.1/arm/celt_pitch_xcorr_arm_gcc.s"
420dc0ff08d7,13699,2026-09-06,08_HISTORICAL_PACKAGES,"08_HISTORICAL_PACKAGES/2026-08-28_tuesday_evt_v0.1/firmware_lab_only/source_nrf52840/src/lib/opus-1.2.1/arm/celt_pitch_xcorr_arm_iar.s"
af2127640e4a,13247,2026-09-06,08_HISTORICAL_PACKAGES,"08_HISTORICAL_PACKAGES/2026-08-28_tuesday_evt_v0.1/firmware_lab_only/source_nrf52840/src/lib/opus-1.2.1/arm/celt_pitch_xcorr_arm_keil.s"
84c83aaed010,3445,2026-09-06,08_HISTORICAL_PACKAGES,"08_HISTORICAL_PACKAGES/2026-08-28_tuesday_evt_v0.1/firmware_lab_only/source_nrf52840/src/lib/opus-1.2.1/arm/fixed_armv4.h"
2ea12bc025f7,5628,2026-09-06,08_HISTORICAL_PACKAGES,"08_HISTORICAL_PACKAGES/2026-08-28_tuesday_evt_v0.1/firmware_lab_only/source_nrf52840/src/lib/opus-1.2.1/arm/fixed_armv5e.h"
6e41b8f62c4d,4660,2026-09-06,08_HISTORICAL_PACKAGES,"08_HISTORICAL_PACKAGES/2026-08-28_tuesday_evt_v0.1/firmware_lab_only/source_nrf52840/src/lib/opus-1.2.1/arm/kiss_fft_armv4.h"
104a476f9ab3,6494,2026-09-06,08_HISTORICAL_PACKAGES,"08_HISTORICAL_PACKAGES/2026-08-28_tuesday_evt_v0.1/firmware_lab_only/source_nrf52840/src/lib/opus-1.2.1/arm/kiss_fft_armv5e.h"
a6418f0d3424,4734,2026-09-06,08_HISTORICAL_PACKAGES,"08_HISTORICAL_PACKAGES/2026-08-28_tuesday_evt_v0.1/firmware_lab_only/source_nrf52840/src/lib/opus-1.2.1/arm/macros_armv4.h"
93c8673dcf54,8482,2026-09-06,08_HISTORICAL_PACKAGES,"08_HISTORICAL_PACKAGES/2026-08-28_tuesday_evt_v0.1/firmware_lab_only/source_nrf52840/src/lib/opus-1.2.1/arm/macros_armv5e.h"
beaecb333350,6436,2026-09-06,08_HISTORICAL_PACKAGES,"08_HISTORICAL_PACKAGES/2026-08-28_tuesday_evt_v0.1/firmware_lab_only/source_nrf52840/src/lib/opus-1.2.1/arm/pitch_arm.h"
fc57330ccb4f,4264,2026-09-06,08_HISTORICAL_PACKAGES,"08_HISTORICAL_PACKAGES/2026-08-28_tuesday_evt_v0.1/firmware_lab_only/source_nrf52840/src/lib/opus-1.2.1/arm/warped_autocorrelation_FIX_arm.h"
16aceb2d3d8a,2725,2026-09-06,08_HISTORICAL_PACKAGES,"08_HISTORICAL_PACKAGES/2026-08-28_tuesday_evt_v0.1/firmware_lab_only/source_nrf52840/src/lib/opus-1.2.1/autocorr_FIX.c"
b3bb71c4598d,51184,2026-09-06,08_HISTORICAL_PACKAGES,"08_HISTORICAL_PACKAGES/2026-08-28_tuesday_evt_v0.1/firmware_lab_only/source_nrf52840/src/lib/opus-1.2.1/bands.c"
571d86a58491,5417,2026-09-06,08_HISTORICAL_PACKAGES,"08_HISTORICAL_PACKAGES/2026-08-28_tuesday_evt_v0.1/firmware_lab_only/source_nrf52840/src/lib/opus-1.2.1/bands.h"
cab5911f028e,6886,2026-09-06,08_HISTORICAL_PACKAGES,"08_HISTORICAL_PACKAGES/2026-08-28_tuesday_evt_v0.1/firmware_lab_only/source_nrf52840/src/lib/opus-1.2.1/biquad_alt.c"
65e4117e6a2c,16792,2026-09-06,08_HISTORICAL_PACKAGES,"08_HISTORICAL_PACKAGES/2026-08-28_tuesday_evt_v0.1/firmware_lab_only/source_nrf52840/src/lib/opus-1.2.1/burg_modified_FIX.c"
f01c2e6752d8,2760,2026-09-06,08_HISTORICAL_PACKAGES,"08_HISTORICAL_PACKAGES/2026-08-28_tuesday_evt_v0.1/firmware_lab_only/source_nrf52840/src/lib/opus-1.2.1/bwexpander.c"
81ae3a2a4fa9,2490,2026-09-06,08_HISTORICAL_PACKAGES,"08_HISTORICAL_PACKAGES/2026-08-28_tuesday_evt_v0.1/firmware_lab_only/source_nrf52840/src/lib/opus-1.2.1/bwexpander_32.c"
5a6ccbc8e3d8,9107,2026-09-06,08_HISTORICAL_PACKAGES,"08_HISTORICAL_PACKAGES/2026-08-28_tuesday_evt_v0.1/firmware_lab_only/source_nrf52840/src/lib/opus-1.2.1/celt.c"
92868264a9e2,7812,2026-09-06,08_HISTORICAL_PACKAGES,"08_HISTORICAL_PACKAGES/2026-08-28_tuesday_evt_v0.1/firmware_lab_only/source_nrf52840/src/lib/opus-1.2.1/celt.h"
07d1e12d0baa,41237,2026-09-06,08_HISTORICAL_PACKAGES,"08_HISTORICAL_PACKAGES/2026-08-28_tuesday_evt_v0.1/firmware_lab_only/source_nrf52840/src/lib/opus-1.2.1/celt_decoder.c"
7893e9e91088,82045,2026-09-06,08_HISTORICAL_PACKAGES,"08_HISTORICAL_PACKAGES/2026-08-28_tuesday_evt_v0.1/firmware_lab_only/source_nrf52840/src/lib/opus-1.2.1/celt_encoder.c"
75364dace691,7996,2026-09-06,08_HISTORICAL_PACKAGES,"08_HISTORICAL_PACKAGES/2026-08-28_tuesday_evt_v0.1/firmware_lab_only/source_nrf52840/src/lib/opus-1.2.1/celt_lpc.c"
84f34c883133,2221,2026-09-06,08_HISTORICAL_PACKAGES,"08_HISTORICAL_PACKAGES/2026-08-28_tuesday_evt_v0.1/firmware_lab_only/source_nrf52840/src/lib/opus-1.2.1/celt_lpc.h"
f01ebcb1b221,4939,2026-09-06,08_HISTORICAL_PACKAGES,"08_HISTORICAL_PACKAGES/2026-08-28_tuesday_evt_v0.1/firmware_lab_only/source_nrf52840/src/lib/opus-1.2.1/check_control_input.c"
becd3134a77e,5554,2026-09-06,08_HISTORICAL_PACKAGES,"08_HISTORICAL_PACKAGES/2026-08-28_tuesday_evt_v0.1/firmware_lab_only/source_nrf52840/src/lib/opus-1.2.1/code_signs.c"
21847e9acd78,2723,2026-09-06,08_HISTORICAL_PACKAGES,"08_HISTORICAL_PACKAGES/2026-08-28_tuesday_evt_v0.1/firmware_lab_only/source_nrf52840/src/lib/opus-1.2.1/config.h"
9c63ee1b8a46,6165,2026-09-06,08_HISTORICAL_PACKAGES,"08_HISTORICAL_PACKAGES/2026-08-28_tuesday_evt_v0.1/firmware_lab_only/source_nrf52840/src/lib/opus-1.2.1/control.h"
d82dbf53b207,3407,2026-09-06,08_HISTORICAL_PACKAGES,"08_HISTORICAL_PACKAGES/2026-08-28_tuesday_evt_v0.1/firmware_lab_only/source_nrf52840/src/lib/opus-1.2.1/control_SNR.c"
3567b33e96da,5712,2026-09-06,08_HISTORICAL_PACKAGES,"08_HISTORICAL_PACKAGES/2026-08-28_tuesday_evt_v0.1/firmware_lab_only/source_nrf52840/src/lib/opus-1.2.1/control_audio_bandwidth.c"
81bb138d8471,20591,2026-09-06,08_HISTORICAL_PACKAGES,"08_HISTORICAL_PACKAGES/2026-08-28_tuesday_evt_v0.1/firmware_lab_only/source_nrf52840/src/lib/opus-1.2.1/control_codec.c"
dc73a44c5a98,8335,2026-09-06,08_HISTORICAL_PACKAGES,"08_HISTORICAL_PACKAGES/2026-08-28_tuesday_evt_v0.1/firmware_lab_only/source_nrf52840/src/lib/opus-1.2.1/corrMatrix_FIX.c"
36a4b37807a8,2372,2026-09-06,08_HISTORICAL_PACKAGES,"08_HISTORICAL_PACKAGES/2026-08-28_tuesday_evt_v0.1/firmware_lab_only/source_nrf52840/src/lib/opus-1.2.1/cpu_support.h"
aefb978dc715,28257,2026-09-06,08_HISTORICAL_PACKAGES,"08_HISTORICAL_PACKAGES/2026-08-28_tuesday_evt_v0.1/firmware_lab_only/source_nrf52840/src/lib/opus-1.2.1/cwrs.c"
7705be67d58e,1885,2026-09-06,08_HISTORICAL_PACKAGES,"08_HISTORICAL_PACKAGES/2026-08-28_tuesday_evt_v0.1/firmware_lab_only/source_nrf52840/src/lib/opus-1.2.1/cwrs.h"
face052ec8cb,6849,2026-09-06,08_HISTORICAL_PACKAGES,"08_HISTORICAL_PACKAGES/2026-08-28_tuesday_evt_v0.1/firmware_lab_only/source_nrf52840/src/lib/opus-1.2.1/debug.c"
071907a9dc3e,12960,2026-09-06,08_HISTORICAL_PACKAGES,"08_HISTORICAL_PACKAGES/2026-08-28_tuesday_evt_v0.1/firmware_lab_only/source_nrf52840/src/lib/opus-1.2.1/debug.h"
a15a863439a4,19853,2026-09-06,08_HISTORICAL_PACKAGES,"08_HISTORICAL_PACKAGES/2026-08-28_tuesday_evt_v0.1/firmware_lab_only/source_nrf52840/src/lib/opus-1.2.1/dec_API.c"
a93b22fc6497,11900,2026-09-06,08_HISTORICAL_PACKAGES,"08_HISTORICAL_PACKAGES/2026-08-28_tuesday_evt_v0.1/firmware_lab_only/source_nrf52840/src/lib/opus-1.2.1/decode_core.c"
9813390d7d67,6152,2026-09-06,08_HISTORICAL_PACKAGES,"08_HISTORICAL_PACKAGES/2026-08-28_tuesday_evt_v0.1/firmware_lab_only/source_nrf52840/src/lib/opus-1.2.1/decode_frame.c"
9371600217e3,7246,2026-09-06,08_HISTORICAL_PACKAGES,"08_HISTORICAL_PACKAGES/2026-08-28_tuesday_evt_v0.1/firmware_lab_only/source_nrf52840/src/lib/opus-1.2.1/decode_indices.c"
d86e43fd07b7,5527,2026-09-06,08_HISTORICAL_PACKAGES,"08_HISTORICAL_PACKAGES/2026-08-28_tuesday_evt_v0.1/firmware_lab_only/source_nrf52840/src/lib/opus-1.2.1/decode_parameters.c"
6b1de5dd4d14,3717,2026-09-06,08_HISTORICAL_PACKAGES,"08_HISTORICAL_PACKAGES/2026-08-28_tuesday_evt_v0.1/firmware_lab_only/source_nrf52840/src/lib/opus-1.2.1/decode_pitch.c"
efaba90323d2,5598,2026-09-06,08_HISTORICAL_PACKAGES,"08_HISTORICAL_PACKAGES/2026-08-28_tuesday_evt_v0.1/firmware_lab_only/source_nrf52840/src/lib/opus-1.2.1/decode_pulses.c"
5befab6798ef,4968,2026-09-06,08_HISTORICAL_PACKAGES,"08_HISTORICAL_PACKAGES/2026-08-28_tuesday_evt_v0.1/firmware_lab_only/source_nrf52840/src/lib/opus-1.2.1/decoder_set_fs.c"
7c8386374b31,9707,2026-09-06,08_HISTORICAL_PACKAGES,"08_HISTORICAL_PACKAGES/2026-08-28_tuesday_evt_v0.1/firmware_lab_only/source_nrf52840/src/lib/opus-1.2.1/define.h"
a334f1ead35b,3749,2026-09-06,08_HISTORICAL_PACKAGES,"08_HISTORICAL_PACKAGES/2026-08-28_tuesday_evt_v0.1/firmware_lab_only/source_nrf52840/src/lib/opus-1.2.1/ecintrin.h"
8f161e5f1953,31946,2026-09-06,08_HISTORICAL_PACKAGES,"08_HISTORICAL_PACKAGES/2026-08-28_tuesday_evt_v0.1/firmware_lab_only/source_nrf52840/src/lib/opus-1.2.1/enc_API.c"
f340e1a4f4cd,23458,2026-09-06,08_HISTORICAL_PACKAGES,"08_HISTORICAL_PACKAGES/2026-08-28_tuesday_evt_v0.1/firmware_lab_only/source_nrf52840/src/lib/opus-1.2.1/encode_frame_FIX.c"
f5320210d7e9,9360,2026-09-06,08_HISTORICAL_PACKAGES,"08_HISTORICAL_PACKAGES/2026-08-28_tuesday_evt_v0.1/firmware_lab_only/source_nrf52840/src/lib/opus-1.2.1/encode_indices.c"
dc0acb54b36c,8839,2026-09-06,08_HISTORICAL_PACKAGES,"08_HISTORICAL_PACKAGES/2026-08-28_tuesday_evt_v0.1/firmware_lab_only/source_nrf52840/src/lib/opus-1.2.1/encode_pulses.c"
fb52778fb752,5700,2026-09-06,08_HISTORICAL_PACKAGES,"08_HISTORICAL_PACKAGES/2026-08-28_tuesday_evt_v0.1/firmware_lab_only/source_nrf52840/src/lib/opus-1.2.1/entcode.c"
af64d2ac226e,5414,2026-09-06,08_HISTORICAL_PACKAGES,"08_HISTORICAL_PACKAGES/2026-08-28_tuesday_evt_v0.1/firmware_lab_only/source_nrf52840/src/lib/opus-1.2.1/entcode.h"
0b0542909f1b,8016,2026-09-06,08_HISTORICAL_PACKAGES,"08_HISTORICAL_PACKAGES/2026-08-28_tuesday_evt_v0.1/firmware_lab_only/source_nrf52840/src/lib/opus-1.2.1/entdec.c"
c1be6eaefef0,4835,2026-09-06,08_HISTORICAL_PACKAGES,"08_HISTORICAL_PACKAGES/2026-08-28_tuesday_evt_v0.1/firmware_lab_only/source_nrf52840/src/lib/opus-1.2.1/entdec.h"
c6d8287d6d09,9561,2026-09-06,08_HISTORICAL_PACKAGES,"08_HISTORICAL_PACKAGES/2026-08-28_tuesday_evt_v0.1/firmware_lab_only/source_nrf52840/src/lib/opus-1.2.1/entenc.c"
6c56e4803119,5427,2026-09-06,08_HISTORICAL_PACKAGES,"08_HISTORICAL_PACKAGES/2026-08-28_tuesday_evt_v0.1/firmware_lab_only/source_nrf52840/src/lib/opus-1.2.1/entenc.h"
3bbf21416af6,3640,2026-09-06,08_HISTORICAL_PACKAGES,"08_HISTORICAL_PACKAGES/2026-08-28_tuesday_evt_v0.1/firmware_lab_only/source_nrf52840/src/lib/opus-1.2.1/errors.h"
4b92d7ab9833,7361,2026-09-06,08_HISTORICAL_PACKAGES,"08_HISTORICAL_PACKAGES/2026-08-28_tuesday_evt_v0.1/firmware_lab_only/source_nrf52840/src/lib/opus-1.2.1/find_LPC_FIX.c"
3d3e6eb73870,5422,2026-09-06,08_HISTORICAL_PACKAGES,"08_HISTORICAL_PACKAGES/2026-08-28_tuesday_evt_v0.1/firmware_lab_only/source_nrf52840/src/lib/opus-1.2.1/find_LTP_FIX.c"
328294c9916f,7330,2026-09-06,08_HISTORICAL_PACKAGES,"08_HISTORICAL_PACKAGES/2026-08-28_tuesday_evt_v0.1/firmware_lab_only/source_nrf52840/src/lib/opus-1.2.1/find_pitch_lags_FIX.c"
3b9343a2d841,7543,2026-09-06,08_HISTORICAL_PACKAGES,"08_HISTORICAL_PACKAGES/2026-08-28_tuesday_evt_v0.1/firmware_lab_only/source_nrf52840/src/lib/opus-1.2.1/find_pred_coefs_FIX.c"
f21919139e0e,21206,2026-09-06,08_HISTORICAL_PACKAGES,"08_HISTORICAL_PACKAGES/2026-08-28_tuesday_evt_v0.1/firmware_lab_only/source_nrf52840/src/lib/opus-1.2.1/fixed_debug.h"
7c820d7e19f4,7953,2026-09-06,08_HISTORICAL_PACKAGES,"08_HISTORICAL_PACKAGES/2026-08-28_tuesday_evt_v0.1/firmware_lab_only/source_nrf52840/src/lib/opus-1.2.1/fixed_generic.h"
019f8ec97b5f,5001,2026-09-06,08_HISTORICAL_PACKAGES,"08_HISTORICAL_PACKAGES/2026-08-28_tuesday_evt_v0.1/firmware_lab_only/source_nrf52840/src/lib/opus-1.2.1/float_cast.h"
070223b7a209,6928,2026-09-06,08_HISTORICAL_PACKAGES,"08_HISTORICAL_PACKAGES/2026-08-28_tuesday_evt_v0.1/firmware_lab_only/source_nrf52840/src/lib/opus-1.2.1/gain_quant.c"
b89c51b04b8d,2366,2026-09-06,08_HISTORICAL_PACKAGES,"08_HISTORICAL_PACKAGES/2026-08-28_tuesday_evt_v0.1/firmware_lab_only/source_nrf52840/src/lib/opus-1.2.1/init_decoder.c"
713097da7082,2877,2026-09-06,08_HISTORICAL_PACKAGES,"08_HISTORICAL_PACKAGES/2026-08-28_tuesday_evt_v0.1/firmware_lab_only/source_nrf52840/src/lib/opus-1.2.1/init_encoder.c"
11356406441d,2451,2026-09-06,08_HISTORICAL_PACKAGES,"08_HISTORICAL_PACKAGES/2026-08-28_tuesday_evt_v0.1/firmware_lab_only/source_nrf52840/src/lib/opus-1.2.1/inner_prod_aligned.c"
7ca78007663a,2601,2026-09-06,08_HISTORICAL_PACKAGES,"08_HISTORICAL_PACKAGES/2026-08-28_tuesday_evt_v0.1/firmware_lab_only/source_nrf52840/src/lib/opus-1.2.1/interpolate.c"
0dbe9b0849be,2675,2026-09-06,08_HISTORICAL_PACKAGES,"08_HISTORICAL_PACKAGES/2026-08-28_tuesday_evt_v0.1/firmware_lab_only/source_nrf52840/src/lib/opus-1.2.1/k2a_FIX.c"
22f0dcde79d7,2622,2026-09-06,08_HISTORICAL_PACKAGES,"08_HISTORICAL_PACKAGES/2026-08-28_tuesday_evt_v0.1/firmware_lab_only/source_nrf52840/src/lib/opus-1.2.1/k2a_Q16_FIX.c"
badf5056eb5e,17003,2026-09-06,08_HISTORICAL_PACKAGES,"08_HISTORICAL_PACKAGES/2026-08-28_tuesday_evt_v0.1/firmware_lab_only/source_nrf52840/src/lib/opus-1.2.1/kiss_fft.c"
6ad018d5223c,6295,2026-09-06,08_HISTORICAL_PACKAGES,"08_HISTORICAL_PACKAGES/2026-08-28_tuesday_evt_v0.1/firmware_lab_only/source_nrf52840/src/lib/opus-1.2.1/kiss_fft.h"
a46d602528d7,4022,2026-09-06,08_HISTORICAL_PACKAGES,"08_HISTORICAL_PACKAGES/2026-08-28_tuesday_evt_v0.1/firmware_lab_only/source_nrf52840/src/lib/opus-1.2.1/laplace.c"
cb3ddf5ee52f,2142,2026-09-06,08_HISTORICAL_PACKAGES,"08_HISTORICAL_PACKAGES/2026-08-28_tuesday_evt_v0.1/firmware_lab_only/source_nrf52840/src/lib/opus-1.2.1/laplace.h"
707db4165541,2220,2026-09-06,08_HISTORICAL_PACKAGES,"08_HISTORICAL_PACKAGES/2026-08-28_tuesday_evt_v0.1/firmware_lab_only/source_nrf52840/src/lib/opus-1.2.1/lin2log.c"
4ce500b6b3ae,2636,2026-09-06,08_HISTORICAL_PACKAGES,"08_HISTORICAL_PACKAGES/2026-08-28_tuesday_evt_v0.1/firmware_lab_only/source_nrf52840/src/lib/opus-1.2.1/log2lin.c"
ea2a68f2cf06,6420,2026-09-06,08_HISTORICAL_PACKAGES,"08_HISTORICAL_PACKAGES/2026-08-28_tuesday_evt_v0.1/firmware_lab_only/source_nrf52840/src/lib/opus-1.2.1/macros.h"
3d00d22a00e7,32680,2026-09-06,08_HISTORICAL_PACKAGES,"08_HISTORICAL_PACKAGES/2026-08-28_tuesday_evt_v0.1/firmware_lab_only/source_nrf52840/src/lib/opus-1.2.1/main.h"
36eefa8698a7,19046,2026-09-06,08_HISTORICAL_PACKAGES,"08_HISTORICAL_PACKAGES/2026-08-28_tuesday_evt_v0.1/firmware_lab_only/source_nrf52840/src/lib/opus-1.2.1/main_FIX.h"
7c662626aeb4,6826,2026-09-06,08_HISTORICAL_PACKAGES,"08_HISTORICAL_PACKAGES/2026-08-28_tuesday_evt_v0.1/firmware_lab_only/source_nrf52840/src/lib/opus-1.2.1/mathops.c"
8ecfc69ab27b,7978,2026-09-06,08_HISTORICAL_PACKAGES,"08_HISTORICAL_PACKAGES/2026-08-28_tuesday_evt_v0.1/firmware_lab_only/source_nrf52840/src/lib/opus-1.2.1/mathops.h"
03f60fbde8d6,10898,2026-09-06,08_HISTORICAL_PACKAGES,"08_HISTORICAL_PACKAGES/2026-08-28_tuesday_evt_v0.1/firmware_lab_only/source_nrf52840/src/lib/opus-1.2.1/mdct.c"
c70bd44adeac,4776,2026-09-06,08_HISTORICAL_PACKAGES,"08_HISTORICAL_PACKAGES/2026-08-28_tuesday_evt_v0.1/firmware_lab_only/source_nrf52840/src/lib/opus-1.2.1/mdct.h"
5974c2341889,2232,2026-09-06,08_HISTORICAL_PACKAGES,"08_HISTORICAL_PACKAGES/2026-08-28_tuesday_evt_v0.1/firmware_lab_only/source_nrf52840/src/lib/opus-1.2.1/mfrngcod.h"
fa4fc250c5ee,4131,2026-09-06,08_HISTORICAL_PACKAGES,"08_HISTORICAL_PACKAGES/2026-08-28_tuesday_evt_v0.1/firmware_lab_only/source_nrf52840/src/lib/opus-1.2.1/mlp.c"
ced3054f955c,1614,2026-09-06,08_HISTORICAL_PACKAGES,"08_HISTORICAL_PACKAGES/2026-08-28_tuesday_evt_v0.1/firmware_lab_only/source_nrf52840/src/lib/opus-1.2.1/mlp.h"
e1faf5777866,5693,2026-09-06,08_HISTORICAL_PACKAGES,"08_HISTORICAL_PACKAGES/2026-08-28_tuesday_evt_v0.1/firmware_lab_only/source_nrf52840/src/lib/opus-1.2.1/mlp_data.c"
f95956d28e75,13951,2026-09-06,08_HISTORICAL_PACKAGES,"08_HISTORICAL_PACKAGES/2026-08-28_tuesday_evt_v0.1/firmware_lab_only/source_nrf52840/src/lib/opus-1.2.1/modes.c"
c38ac61f218a,2437,2026-09-06,08_HISTORICAL_PACKAGES,"08_HISTORICAL_PACKAGES/2026-08-28_tuesday_evt_v0.1/firmware_lab_only/source_nrf52840/src/lib/opus-1.2.1/modes.h"
c11fae78f542,20671,2026-09-06,08_HISTORICAL_PACKAGES,"08_HISTORICAL_PACKAGES/2026-08-28_tuesday_evt_v0.1/firmware_lab_only/source_nrf52840/src/lib/opus-1.2.1/noise_shape_analysis_FIX.c"
ff2bb0b492fe,9882,2026-09-06,08_HISTORICAL_PACKAGES,"08_HISTORICAL_PACKAGES/2026-08-28_tuesday_evt_v0.1/firmware_lab_only/source_nrf52840/src/lib/opus-1.2.1/opus.c"
24e57572c52e,48554,2026-09-06,08_HISTORICAL_PACKAGES,"08_HISTORICAL_PACKAGES/2026-08-28_tuesday_evt_v0.1/firmware_lab_only/source_nrf52840/src/lib/opus-1.2.1/opus.h"
630939691582,14768,2026-09-06,08_HISTORICAL_PACKAGES,"08_HISTORICAL_PACKAGES/2026-08-28_tuesday_evt_v0.1/firmware_lab_only/source_nrf52840/src/lib/opus-1.2.1/opus_custom.h"
6ad9a786d2f8,31152,2026-09-06,08_HISTORICAL_PACKAGES,"08_HISTORICAL_PACKAGES/2026-08-28_tuesday_evt_v0.1/firmware_lab_only/source_nrf52840/src/lib/opus-1.2.1/opus_decoder.c"
457f86f02454,34695,2026-09-06,08_HISTORICAL_PACKAGES,"08_HISTORICAL_PACKAGES/2026-08-28_tuesday_evt_v0.1/firmware_lab_only/source_nrf52840/src/lib/opus-1.2.1/opus_defines.h"
52f4c9142d3c,97200,2026-09-06,08_HISTORICAL_PACKAGES,"08_HISTORICAL_PACKAGES/2026-08-28_tuesday_evt_v0.1/firmware_lab_only/source_nrf52840/src/lib/opus-1.2.1/opus_encoder.c"
48c71105cc4f,2684,2026-09-06,08_HISTORICAL_PACKAGES,"08_HISTORICAL_PACKAGES/2026-08-28_tuesday_evt_v0.1/firmware_lab_only/source_nrf52840/src/lib/opus-1.2.1/opus_multistream.c"
0db4cb1379ad,33575,2026-09-06,08_HISTORICAL_PACKAGES,"08_HISTORICAL_PACKAGES/2026-08-28_tuesday_evt_v0.1/firmware_lab_only/source_nrf52840/src/lib/opus-1.2.1/opus_multistream.h"
86123545d945,14475,2026-09-06,08_HISTORICAL_PACKAGES,"08_HISTORICAL_PACKAGES/2026-08-28_tuesday_evt_v0.1/firmware_lab_only/source_nrf52840/src/lib/opus-1.2.1/opus_multistream_decoder.c"
407fe5115e38,40821,2026-09-06,08_HISTORICAL_PACKAGES,"08_HISTORICAL_PACKAGES/2026-08-28_tuesday_evt_v0.1/firmware_lab_only/source_nrf52840/src/lib/opus-1.2.1/opus_multistream_encoder.c"
cf7dad1dafb3,5052,2026-09-06,08_HISTORICAL_PACKAGES,"08_HISTORICAL_PACKAGES/2026-08-28_tuesday_evt_v0.1/firmware_lab_only/source_nrf52840/src/lib/opus-1.2.1/opus_private.h"
e2c1075e2656,4954,2026-09-06,08_HISTORICAL_PACKAGES,"08_HISTORICAL_PACKAGES/2026-08-28_tuesday_evt_v0.1/firmware_lab_only/source_nrf52840/src/lib/opus-1.2.1/opus_types.h"
4dc4eb0f3e97,3163,2026-09-06,08_HISTORICAL_PACKAGES,"08_HISTORICAL_PACKAGES/2026-08-28_tuesday_evt_v0.1/firmware_lab_only/source_nrf52840/src/lib/opus-1.2.1/os_support.h"
244d8f61620e,14459,2026-09-06,08_HISTORICAL_PACKAGES,"08_HISTORICAL_PACKAGES/2026-08-28_tuesday_evt_v0.1/firmware_lab_only/source_nrf52840/src/lib/opus-1.2.1/pitch.c"
76f858f0b7aa,5891,2026-09-06,08_HISTORICAL_PACKAGES,"08_HISTORICAL_PACKAGES/2026-08-28_tuesday_evt_v0.1/firmware_lab_only/source_nrf52840/src/lib/opus-1.2.1/pitch.h"
582f79679957,34345,2026-09-06,08_HISTORICAL_PACKAGES,"08_HISTORICAL_PACKAGES/2026-08-28_tuesday_evt_v0.1/firmware_lab_only/source_nrf52840/src/lib/opus-1.2.1/pitch_analysis_core_FIX.c"
ed1230792944,4061,2026-09-06,08_HISTORICAL_PACKAGES,"08_HISTORICAL_PACKAGES/2026-08-28_tuesday_evt_v0.1/firmware_lab_only/source_nrf52840/src/lib/opus-1.2.1/pitch_est_defines.h"
c0cf34e7d5ce,3589,2026-09-06,08_HISTORICAL_PACKAGES,"08_HISTORICAL_PACKAGES/2026-08-28_tuesday_evt_v0.1/firmware_lab_only/source_nrf52840/src/lib/opus-1.2.1/pitch_est_tables.c"
396ac86ece04,5447,2026-09-06,08_HISTORICAL_PACKAGES,"08_HISTORICAL_PACKAGES/2026-08-28_tuesday_evt_v0.1/firmware_lab_only/source_nrf52840/src/lib/opus-1.2.1/process_NLSFs.c"
92a25af5a235,6595,2026-09-06,08_HISTORICAL_PACKAGES,"08_HISTORICAL_PACKAGES/2026-08-28_tuesday_evt_v0.1/firmware_lab_only/source_nrf52840/src/lib/opus-1.2.1/process_gains_FIX.c"
1f9aa2768ee6,7351,2026-09-06,08_HISTORICAL_PACKAGES,"08_HISTORICAL_PACKAGES/2026-08-28_tuesday_evt_v0.1/firmware_lab_only/source_nrf52840/src/lib/opus-1.2.1/quant_LTP_gains.c"
d80db2e55c24,18714,2026-09-06,08_HISTORICAL_PACKAGES,"08_HISTORICAL_PACKAGES/2026-08-28_tuesday_evt_v0.1/firmware_lab_only/source_nrf52840/src/lib/opus-1.2.1/quant_bands.c"
fbe7d733d3dc,2974,2026-09-06,08_HISTORICAL_PACKAGES,"08_HISTORICAL_PACKAGES/2026-08-28_tuesday_evt_v0.1/firmware_lab_only/source_nrf52840/src/lib/opus-1.2.1/quant_bands.h"
5237183bbce2,21428,2026-09-06,08_HISTORICAL_PACKAGES,"08_HISTORICAL_PACKAGES/2026-08-28_tuesday_evt_v0.1/firmware_lab_only/source_nrf52840/src/lib/opus-1.2.1/rate.c"
c8611c953f22,3279,2026-09-06,08_HISTORICAL_PACKAGES,"08_HISTORICAL_PACKAGES/2026-08-28_tuesday_evt_v0.1/firmware_lab_only/source_nrf52840/src/lib/opus-1.2.1/rate.h"
7028df79d2ff,2626,2026-09-06,08_HISTORICAL_PACKAGES,"08_HISTORICAL_PACKAGES/2026-08-28_tuesday_evt_v0.1/firmware_lab_only/source_nrf52840/src/lib/opus-1.2.1/regularize_correlations_FIX.c"
84c84990fca1,9842,2026-09-06,08_HISTORICAL_PACKAGES,"08_HISTORICAL_PACKAGES/2026-08-28_tuesday_evt_v0.1/firmware_lab_only/source_nrf52840/src/lib/opus-1.2.1/repacketizer.c"
7e28b897c5b0,9931,2026-09-06,08_HISTORICAL_PACKAGES,"08_HISTORICAL_PACKAGES/2026-08-28_tuesday_evt_v0.1/firmware_lab_only/source_nrf52840/src/lib/opus-1.2.1/resampler.c"
7aa4cba793ab,3475,2026-09-06,08_HISTORICAL_PACKAGES,"08_HISTORICAL_PACKAGES/2026-08-28_tuesday_evt_v0.1/firmware_lab_only/source_nrf52840/src/lib/opus-1.2.1/resampler_down2.c"
2ab8318bf4bc,4765,2026-09-06,08_HISTORICAL_PACKAGES,"08_HISTORICAL_PACKAGES/2026-08-28_tuesday_evt_v0.1/firmware_lab_only/source_nrf52840/src/lib/opus-1.2.1/resampler_down2_3.c"
b14e6d03394a,4553,2026-09-06,08_HISTORICAL_PACKAGES,"08_HISTORICAL_PACKAGES/2026-08-28_tuesday_evt_v0.1/firmware_lab_only/source_nrf52840/src/lib/opus-1.2.1/resampler_private.h"
c16d50bde74b,2665,2026-09-06,08_HISTORICAL_PACKAGES,"08_HISTORICAL_PACKAGES/2026-08-28_tuesday_evt_v0.1/firmware_lab_only/source_nrf52840/src/lib/opus-1.2.1/resampler_private_AR2.c"
584c7b2afbcb,5231,2026-09-06,08_HISTORICAL_PACKAGES,"08_HISTORICAL_PACKAGES/2026-08-28_tuesday_evt_v0.1/firmware_lab_only/source_nrf52840/src/lib/opus-1.2.1/resampler_private_IIR_FIR.c"
5ed14a4557a3,10897,2026-09-06,08_HISTORICAL_PACKAGES,"08_HISTORICAL_PACKAGES/2026-08-28_tuesday_evt_v0.1/firmware_lab_only/source_nrf52840/src/lib/opus-1.2.1/resampler_private_down_FIR.c"
f06a982b8856,5367,2026-09-06,08_HISTORICAL_PACKAGES,"08_HISTORICAL_PACKAGES/2026-08-28_tuesday_evt_v0.1/firmware_lab_only/source_nrf52840/src/lib/opus-1.2.1/resampler_private_up2_HQ.c"
ec3ba5c620ee,4747,2026-09-06,08_HISTORICAL_PACKAGES,"08_HISTORICAL_PACKAGES/2026-08-28_tuesday_evt_v0.1/firmware_lab_only/source_nrf52840/src/lib/opus-1.2.1/resampler_rom.c"
68088e075048,3294,2026-09-06,08_HISTORICAL_PACKAGES,"08_HISTORICAL_PACKAGES/2026-08-28_tuesday_evt_v0.1/firmware_lab_only/source_nrf52840/src/lib/opus-1.2.1/resampler_rom.h"
b038e84c7d79,2615,2026-09-06,08_HISTORICAL_PACKAGES,"08_HISTORICAL_PACKAGES/2026-08-28_tuesday_evt_v0.1/firmware_lab_only/source_nrf52840/src/lib/opus-1.2.1/resampler_structs.h"
384cdf5f4142,4837,2026-09-06,08_HISTORICAL_PACKAGES,"08_HISTORICAL_PACKAGES/2026-08-28_tuesday_evt_v0.1/firmware_lab_only/source_nrf52840/src/lib/opus-1.2.1/residual_energy16_FIX.c"
633ed6d7d8da,5389,2026-09-06,08_HISTORICAL_PACKAGES,"08_HISTORICAL_PACKAGES/2026-08-28_tuesday_evt_v0.1/firmware_lab_only/source_nrf52840/src/lib/opus-1.2.1/residual_energy_FIX.c"
0dce2180da54,3994,2026-09-06,08_HISTORICAL_PACKAGES,"08_HISTORICAL_PACKAGES/2026-08-28_tuesday_evt_v0.1/firmware_lab_only/source_nrf52840/src/lib/opus-1.2.1/schur64_FIX.c"
ce05edf0c709,4447,2026-09-06,08_HISTORICAL_PACKAGES,"08_HISTORICAL_PACKAGES/2026-08-28_tuesday_evt_v0.1/firmware_lab_only/source_nrf52840/src/lib/opus-1.2.1/schur_FIX.c"
60b5a2786238,7718,2026-09-06,08_HISTORICAL_PACKAGES,"08_HISTORICAL_PACKAGES/2026-08-28_tuesday_evt_v0.1/firmware_lab_only/source_nrf52840/src/lib/opus-1.2.1/shell_coder.c"
339568f30645,3164,2026-09-06,08_HISTORICAL_PACKAGES,"08_HISTORICAL_PACKAGES/2026-08-28_tuesday_evt_v0.1/firmware_lab_only/source_nrf52840/src/lib/opus-1.2.1/sigm_Q15.c"
8436c8b92db9,6265,2026-09-06,08_HISTORICAL_PACKAGES,"08_HISTORICAL_PACKAGES/2026-08-28_tuesday_evt_v0.1/firmware_lab_only/source_nrf52840/src/lib/opus-1.2.1/sort.c"
603a5beb27f6,5989,2026-09-06,08_HISTORICAL_PACKAGES,"08_HISTORICAL_PACKAGES/2026-08-28_tuesday_evt_v0.1/firmware_lab_only/source_nrf52840/src/lib/opus-1.2.1/stack_alloc.h"
fd5405b0b950,32819,2026-09-06,08_HISTORICAL_PACKAGES,"08_HISTORICAL_PACKAGES/2026-08-28_tuesday_evt_v0.1/firmware_lab_only/source_nrf52840/src/lib/opus-1.2.1/static_modes_fixed.h"
9c49d71262dc,25209,2026-09-06,08_HISTORICAL_PACKAGES,"08_HISTORICAL_PACKAGES/2026-08-28_tuesday_evt_v0.1/firmware_lab_only/source_nrf52840/src/lib/opus-1.2.1/static_modes_fixed_arm_ne10.h"
65fdb130c42c,50919,2026-09-06,08_HISTORICAL_PACKAGES,"08_HISTORICAL_PACKAGES/2026-08-28_tuesday_evt_v0.1/firmware_lab_only/source_nrf52840/src/lib/opus-1.2.1/static_modes_float.h"
f17e57248f30,28613,2026-09-06,08_HISTORICAL_PACKAGES,"08_HISTORICAL_PACKAGES/2026-08-28_tuesday_evt_v0.1/firmware_lab_only/source_nrf52840/src/lib/opus-1.2.1/static_modes_float_arm_ne10.h"
b47a3a1257df,12473,2026-09-06,08_HISTORICAL_PACKAGES,"08_HISTORICAL_PACKAGES/2026-08-28_tuesday_evt_v0.1/firmware_lab_only/source_nrf52840/src/lib/opus-1.2.1/stereo_LR_to_MS.c"
af24277c7191,4871,2026-09-06,08_HISTORICAL_PACKAGES,"08_HISTORICAL_PACKAGES/2026-08-28_tuesday_evt_v0.1/firmware_lab_only/source_nrf52840/src/lib/opus-1.2.1/stereo_MS_to_LR.c"
b852fbd96ea3,3417,2026-09-06,08_HISTORICAL_PACKAGES,"08_HISTORICAL_PACKAGES/2026-08-28_tuesday_evt_v0.1/firmware_lab_only/source_nrf52840/src/lib/opus-1.2.1/stereo_decode_pred.c"
4634861dac77,2885,2026-09-06,08_HISTORICAL_PACKAGES,"08_HISTORICAL_PACKAGES/2026-08-28_tuesday_evt_v0.1/firmware_lab_only/source_nrf52840/src/lib/opus-1.2.1/stereo_encode_pred.c"
b77b33b43ab9,4374,2026-09-06,08_HISTORICAL_PACKAGES,"08_HISTORICAL_PACKAGES/2026-08-28_tuesday_evt_v0.1/firmware_lab_only/source_nrf52840/src/lib/opus-1.2.1/stereo_find_predictor.c"
8d1895de054a,3404,2026-09-06,08_HISTORICAL_PACKAGES,"08_HISTORICAL_PACKAGES/2026-08-28_tuesday_evt_v0.1/firmware_lab_only/source_nrf52840/src/lib/opus-1.2.1/stereo_quant_pred.c"
4f7173bc0400,21018,2026-09-06,08_HISTORICAL_PACKAGES,"08_HISTORICAL_PACKAGES/2026-08-28_tuesday_evt_v0.1/firmware_lab_only/source_nrf52840/src/lib/opus-1.2.1/structs.h"
a01a3611c279,5152,2026-09-06,08_HISTORICAL_PACKAGES,"08_HISTORICAL_PACKAGES/2026-08-28_tuesday_evt_v0.1/firmware_lab_only/source_nrf52840/src/lib/opus-1.2.1/structs_FIX.h"
710b83c92458,3790,2026-09-06,08_HISTORICAL_PACKAGES,"08_HISTORICAL_PACKAGES/2026-08-28_tuesday_evt_v0.1/firmware_lab_only/source_nrf52840/src/lib/opus-1.2.1/sum_sqr_shift.c"
9cae32dfdc4a,4191,2026-09-06,08_HISTORICAL_PACKAGES,"08_HISTORICAL_PACKAGES/2026-08-28_tuesday_evt_v0.1/firmware_lab_only/source_nrf52840/src/lib/opus-1.2.1/table_LSF_cos.c"
0e976672b3c9,7700,2026-09-06,08_HISTORICAL_PACKAGES,"08_HISTORICAL_PACKAGES/2026-08-28_tuesday_evt_v0.1/firmware_lab_only/source_nrf52840/src/lib/opus-1.2.1/tables.h"
95b4912701d4,7432,2026-09-06,08_HISTORICAL_PACKAGES,"08_HISTORICAL_PACKAGES/2026-08-28_tuesday_evt_v0.1/firmware_lab_only/source_nrf52840/src/lib/opus-1.2.1/tables_LTP.c"
94e49118901f,10785,2026-09-06,08_HISTORICAL_PACKAGES,"08_HISTORICAL_PACKAGES/2026-08-28_tuesday_evt_v0.1/firmware_lab_only/source_nrf52840/src/lib/opus-1.2.1/tables_NLSF_CB_NB_MB.c"
24a56112a6f6,14499,2026-09-06,08_HISTORICAL_PACKAGES,"08_HISTORICAL_PACKAGES/2026-08-28_tuesday_evt_v0.1/firmware_lab_only/source_nrf52840/src/lib/opus-1.2.1/tables_NLSF_CB_WB.c"
c91e247a6580,2519,2026-09-06,08_HISTORICAL_PACKAGES,"08_HISTORICAL_PACKAGES/2026-08-28_tuesday_evt_v0.1/firmware_lab_only/source_nrf52840/src/lib/opus-1.2.1/tables_gain.c"
1d8e66c52751,5445,2026-09-06,08_HISTORICAL_PACKAGES,"08_HISTORICAL_PACKAGES/2026-08-28_tuesday_evt_v0.1/firmware_lab_only/source_nrf52840/src/lib/opus-1.2.1/tables_other.c"
f504bbaf35a2,3068,2026-09-06,08_HISTORICAL_PACKAGES,"08_HISTORICAL_PACKAGES/2026-08-28_tuesday_evt_v0.1/firmware_lab_only/source_nrf52840/src/lib/opus-1.2.1/tables_pitch_lag.c"
2fb238cd3704,11423,2026-09-06,08_HISTORICAL_PACKAGES,"08_HISTORICAL_PACKAGES/2026-08-28_tuesday_evt_v0.1/firmware_lab_only/source_nrf52840/src/lib/opus-1.2.1/tables_pulses_per_block.c"
835fcdf08d5b,2304,2026-09-06,08_HISTORICAL_PACKAGES,"08_HISTORICAL_PACKAGES/2026-08-28_tuesday_evt_v0.1/firmware_lab_only/source_nrf52840/src/lib/opus-1.2.1/tansig_table.h"
752c03100137,6191,2026-09-06,08_HISTORICAL_PACKAGES,"08_HISTORICAL_PACKAGES/2026-08-28_tuesday_evt_v0.1/firmware_lab_only/source_nrf52840/src/lib/opus-1.2.1/tuning_parameters.h"
24e9365165de,3345,2026-09-06,08_HISTORICAL_PACKAGES,"08_HISTORICAL_PACKAGES/2026-08-28_tuesday_evt_v0.1/firmware_lab_only/source_nrf52840/src/lib/opus-1.2.1/typedef.h"
8aaf9937665d,4778,2026-09-06,08_HISTORICAL_PACKAGES,"08_HISTORICAL_PACKAGES/2026-08-28_tuesday_evt_v0.1/firmware_lab_only/source_nrf52840/src/lib/opus-1.2.1/vector_ops_FIX.c"
af23c4beaa6c,12850,2026-09-06,08_HISTORICAL_PACKAGES,"08_HISTORICAL_PACKAGES/2026-08-28_tuesday_evt_v0.1/firmware_lab_only/source_nrf52840/src/lib/opus-1.2.1/vq.c"
3664f207ab39,3175,2026-09-06,08_HISTORICAL_PACKAGES,"08_HISTORICAL_PACKAGES/2026-08-28_tuesday_evt_v0.1/firmware_lab_only/source_nrf52840/src/lib/opus-1.2.1/vq.h"
cd70ffc998d9,4656,2026-09-06,08_HISTORICAL_PACKAGES,"08_HISTORICAL_PACKAGES/2026-08-28_tuesday_evt_v0.1/firmware_lab_only/source_nrf52840/src/lib/opus-1.2.1/warped_autocorrelation_FIX.c"
173b5ea40da4,8666,2026-09-06,08_HISTORICAL_PACKAGES,"08_HISTORICAL_PACKAGES/2026-08-28_tuesday_evt_v0.1/firmware_lab_only/source_nrf52840/src/main.c"
2b81e03b897c,2701,2026-09-06,08_HISTORICAL_PACKAGES,"08_HISTORICAL_PACKAGES/2026-08-28_tuesday_evt_v0.1/firmware_lab_only/source_nrf52840/src/mic.c"
db4363fcbb02,351,2026-09-06,08_HISTORICAL_PACKAGES,"08_HISTORICAL_PACKAGES/2026-08-28_tuesday_evt_v0.1/firmware_lab_only/source_nrf52840/src/mic.h"
b54e848ef73c,14602,2026-09-06,08_HISTORICAL_PACKAGES,"08_HISTORICAL_PACKAGES/2026-08-28_tuesday_evt_v0.1/firmware_lab_only/source_nrf52840/src/sdcard.c"
edc57bd3e28b,2462,2026-09-06,08_HISTORICAL_PACKAGES,"08_HISTORICAL_PACKAGES/2026-08-28_tuesday_evt_v0.1/firmware_lab_only/source_nrf52840/src/sdcard.h"
a817e004e5cd,14403,2026-09-06,08_HISTORICAL_PACKAGES,"08_HISTORICAL_PACKAGES/2026-08-28_tuesday_evt_v0.1/firmware_lab_only/source_nrf52840/src/storage.c"
1b71767de77a,251,2026-09-06,08_HISTORICAL_PACKAGES,"08_HISTORICAL_PACKAGES/2026-08-28_tuesday_evt_v0.1/firmware_lab_only/source_nrf52840/src/storage.h"
0c6642f6fe47,34903,2026-09-06,08_HISTORICAL_PACKAGES,"08_HISTORICAL_PACKAGES/2026-08-28_tuesday_evt_v0.1/firmware_lab_only/source_nrf52840/src/transport.c"
bc4e5ae5b931,897,2026-09-06,08_HISTORICAL_PACKAGES,"08_HISTORICAL_PACKAGES/2026-08-28_tuesday_evt_v0.1/firmware_lab_only/source_nrf52840/src/transport.h"
4690e54da972,1713,2026-09-06,08_HISTORICAL_PACKAGES,"08_HISTORICAL_PACKAGES/2026-08-28_tuesday_evt_v0.1/firmware_lab_only/source_nrf52840/src/utils.h"
7cb453dd2628,1604,2026-09-06,08_HISTORICAL_PACKAGES,"08_HISTORICAL_PACKAGES/2026-08-28_tuesday_evt_v0.1/firmware_lab_only/source_nrf52840/src/wdog_facade.c"
d7b3e4037f8d,469,2026-09-06,08_HISTORICAL_PACKAGES,"08_HISTORICAL_PACKAGES/2026-08-28_tuesday_evt_v0.1/firmware_lab_only/source_nrf52840/src/wdog_facade.h"
8d2bec55e7ae,213,2026-09-06,08_HISTORICAL_PACKAGES,"08_HISTORICAL_PACKAGES/2026-08-28_tuesday_evt_v0.1/firmware_lab_only/source_nrf52840/west.yml"
5af51595ecc8,21714,2026-09-06,08_HISTORICAL_PACKAGES,"08_HISTORICAL_PACKAGES/2026-08-28_tuesday_evt_v0.1/generate_tuesday_evt.py"
444dc8d7a2b6,4554,2026-09-06,08_HISTORICAL_PACKAGES,"08_HISTORICAL_PACKAGES/2026-08-28_tuesday_evt_v0.1/strict_evt_fit_report.json"
ad3db65c1da5,3708,2026-09-06,08_HISTORICAL_PACKAGES,"08_HISTORICAL_PACKAGES/2026-08-28_tuesday_evt_v0.1/verify_package.py"
3bd65a375880,49278,2026-09-06,08_HISTORICAL_PACKAGES,"08_HISTORICAL_PACKAGES/2026-08-29_r0_kicad_with_git_history/Anticipy_PROD_R0_EVT.dsn"
c086bae9fedc,232616,2026-09-06,08_HISTORICAL_PACKAGES,"08_HISTORICAL_PACKAGES/2026-08-29_r0_kicad_with_git_history/Anticipy_PROD_R0_EVT.kicad_pcb"
c186674c1e8e,2307,2026-09-06,08_HISTORICAL_PACKAGES,"08_HISTORICAL_PACKAGES/2026-08-29_r0_kicad_with_git_history/Anticipy_PROD_R0_EVT.kicad_prl"
2d5f234a9448,9794,2026-09-06,08_HISTORICAL_PACKAGES,"08_HISTORICAL_PACKAGES/2026-08-29_r0_kicad_with_git_history/Anticipy_PROD_R0_EVT.kicad_pro"
d558256180fd,3530,2026-09-06,08_HISTORICAL_PACKAGES,"08_HISTORICAL_PACKAGES/2026-08-29_r0_kicad_with_git_history/BOM.csv"
613f850b250e,2223,2026-09-06,08_HISTORICAL_PACKAGES,"08_HISTORICAL_PACKAGES/2026-08-29_r0_kicad_with_git_history/FREE_TOOLCHAIN_WORKFLOW.md"
4ac474402fea,903,2026-09-06,08_HISTORICAL_PACKAGES,"08_HISTORICAL_PACKAGES/2026-08-29_r0_kicad_with_git_history/INDICATOR_BEHAVIOR.md"
d85d65618f56,1084,2026-09-06,08_HISTORICAL_PACKAGES,"08_HISTORICAL_PACKAGES/2026-08-29_r0_kicad_with_git_history/PINMAP.csv"
1edad913a70b,1877164,2026-09-06,08_HISTORICAL_PACKAGES,"08_HISTORICAL_PACKAGES/2026-08-29_r0_kicad_with_git_history/R0_ROUTING_HISTORY.bundle"
0238bf664d42,3417,2026-09-06,08_HISTORICAL_PACKAGES,"08_HISTORICAL_PACKAGES/2026-08-29_r0_kicad_with_git_history/R0_ROUTING_HISTORY_COMMITS.txt"
5256830b0ecb,193,2026-09-06,08_HISTORICAL_PACKAGES,"08_HISTORICAL_PACKAGES/2026-08-29_r0_kicad_with_git_history/R0_UNCOMMITTED_AT_ARCHIVE_TIME.txt"
301aeb8ae8a8,3478,2026-09-06,08_HISTORICAL_PACKAGES,"08_HISTORICAL_PACKAGES/2026-08-29_r0_kicad_with_git_history/README.md"
56220a021301,1903,2026-09-06,08_HISTORICAL_PACKAGES,"08_HISTORICAL_PACKAGES/2026-08-29_r0_kicad_with_git_history/RELEASE_GATES.md"
33c0bfb34717,5748,2026-09-06,08_HISTORICAL_PACKAGES,"08_HISTORICAL_PACKAGES/2026-08-29_r0_kicad_with_git_history/docs/ENGINEERING_AUDIT.md"
b9329a162f1f,1653,2026-09-06,08_HISTORICAL_PACKAGES,"08_HISTORICAL_PACKAGES/2026-08-29_r0_kicad_with_git_history/docs/ROUTE_STATUS.md"
30ac8e542f0e,35926,2026-09-06,08_HISTORICAL_PACKAGES,"08_HISTORICAL_PACKAGES/2026-08-29_r0_kicad_with_git_history/drc_unrouted_report.txt"
4d885c5ef1f1,1684,2026-09-06,08_HISTORICAL_PACKAGES,"08_HISTORICAL_PACKAGES/2026-08-29_r0_kicad_with_git_history/export_fab.py"
36468a1d0d6c,20335,2026-09-06,08_HISTORICAL_PACKAGES,"08_HISTORICAL_PACKAGES/2026-08-29_r0_kicad_with_git_history/generate_board.py"
0a7be6160a96,12600,2026-09-06,08_HISTORICAL_PACKAGES,"08_HISTORICAL_PACKAGES/2026-08-29_r0_kicad_with_git_history/pad_net_report.csv"
f8495e12153c,58880,2026-09-06,08_HISTORICAL_PACKAGES,"08_HISTORICAL_PACKAGES/2026-08-29_r0_kicad_with_git_history/preview/bottom.png"
8f64a8ac501e,40023,2026-09-06,08_HISTORICAL_PACKAGES,"08_HISTORICAL_PACKAGES/2026-08-29_r0_kicad_with_git_history/preview/bottom.svg"
05a1d4369511,101852,2026-09-06,08_HISTORICAL_PACKAGES,"08_HISTORICAL_PACKAGES/2026-08-29_r0_kicad_with_git_history/preview/top.png"
e39f636918d9,136478,2026-09-06,08_HISTORICAL_PACKAGES,"08_HISTORICAL_PACKAGES/2026-08-29_r0_kicad_with_git_history/preview/top.svg"
d0eb405d43a5,947,2026-09-06,08_HISTORICAL_PACKAGES,"08_HISTORICAL_PACKAGES/2026-08-29_r0_kicad_with_git_history/tools/export_dsn.py"
9e2168bcea4e,20347,2026-09-06,08_HISTORICAL_PACKAGES,"08_HISTORICAL_PACKAGES/2026-08-29_r0_kicad_with_git_history/tools/final_build.py"
00aabc6bc2d8,254440,2026-09-06,08_HISTORICAL_PACKAGES,"08_HISTORICAL_PACKAGES/2026-08-29_r0_kicad_with_git_history/tools/last_pipeline_routes.json"
de2c92f6e3eb,19018,2026-09-06,08_HISTORICAL_PACKAGES,"08_HISTORICAL_PACKAGES/2026-08-29_r0_kicad_with_git_history/tools/route_board.py"
a1ea7c9d1cf1,2868,2026-09-06,08_HISTORICAL_PACKAGES,"08_HISTORICAL_PACKAGES/2026-08-29_r0_kicad_with_git_history/verify_project.py"
00a6452e09c9,2735,2026-09-06,08_HISTORICAL_PACKAGES,"08_HISTORICAL_PACKAGES/2026-09-05_master_package/00_READ_ME_FIRST.md"
c65bfb4ec634,577242,2026-09-06,08_HISTORICAL_PACKAGES,"08_HISTORICAL_PACKAGES/2026-09-05_master_package/01_CURRENT_REQUIREMENTS/Anticipy_Full_Handoff_Guide.pdf"
afbb8d03f7a7,253740,2026-09-06,08_HISTORICAL_PACKAGES,"08_HISTORICAL_PACKAGES/2026-09-05_master_package/01_CURRENT_REQUIREMENTS/Anticipy_Hardware_CAD_Brief_v1.pdf"
7a0918b91050,49342,2026-09-06,08_HISTORICAL_PACKAGES,"08_HISTORICAL_PACKAGES/2026-09-05_master_package/01_CURRENT_REQUIREMENTS/Anticipy_Hardware_Development_Brief_2026-09-04.docx"
5b69344e9536,22611,2026-09-06,08_HISTORICAL_PACKAGES,"08_HISTORICAL_PACKAGES/2026-09-05_master_package/01_CURRENT_REQUIREMENTS/Anticipy_Hardware_Development_Brief_2026-09-04.md"
b86dd3f8bcc6,10520,2026-09-06,08_HISTORICAL_PACKAGES,"08_HISTORICAL_PACKAGES/2026-09-05_master_package/01_CURRENT_REQUIREMENTS/Anticipy_PROD_R1_Flux_Build_Brief.md"
615b5d257e6d,466,2026-09-06,08_HISTORICAL_PACKAGES,"08_HISTORICAL_PACKAGES/2026-09-05_master_package/02_XIAO_NO_LEES_REFERENCE/00_FOLDER_STATUS.md"
a4d512f9bf2f,4216,2026-09-06,08_HISTORICAL_PACKAGES,"08_HISTORICAL_PACKAGES/2026-09-05_master_package/02_XIAO_NO_LEES_REFERENCE/00_START_HERE.md"
f246fc79ff99,528384,2026-09-06,08_HISTORICAL_PACKAGES,"08_HISTORICAL_PACKAGES/2026-09-05_master_package/02_XIAO_NO_LEES_REFERENCE/01_FIRMWARE/HOLD_FOR_PHYSICAL_RELEASE_TEST_Anticipy_0.9.3_owner2_live_50mA.uf2"
2b2b92974950,308,2026-09-06,08_HISTORICAL_PACKAGES,"08_HISTORICAL_PACKAGES/2026-09-05_master_package/02_XIAO_NO_LEES_REFERENCE/01_FIRMWARE/SHA256SUMS.txt"
0abcfd7c83ff,178384,2026-09-06,08_HISTORICAL_PACKAGES,"08_HISTORICAL_PACKAGES/2026-09-05_master_package/02_XIAO_NO_LEES_REFERENCE/02_CAD_PRINT/PRINT_FULL_SHELL_body_exact_historical_geometry.stl"
cc34568c3069,144084,2026-09-06,08_HISTORICAL_PACKAGES,"08_HISTORICAL_PACKAGES/2026-09-05_master_package/02_XIAO_NO_LEES_REFERENCE/02_CAD_PRINT/PRINT_FULL_SHELL_hooked_face_exact_historical_geometry.stl"
d3151e419414,684,2026-09-06,08_HISTORICAL_PACKAGES,"08_HISTORICAL_PACKAGES/2026-09-05_master_package/02_XIAO_NO_LEES_REFERENCE/02_CAD_PRINT/battery_max_24x10x5p5_gauge.stl"
088a62c59b80,5484,2026-09-06,08_HISTORICAL_PACKAGES,"08_HISTORICAL_PACKAGES/2026-09-05_master_package/02_XIAO_NO_LEES_REFERENCE/02_CAD_PRINT/battery_safety_bridge.stl"
25ad5cbd26bc,103084,2026-09-06,08_HISTORICAL_PACKAGES,"08_HISTORICAL_PACKAGES/2026-09-05_master_package/02_XIAO_NO_LEES_REFERENCE/02_CAD_PRINT/body_drill_marking_jig.stl"
264c80e28a51,684,2026-09-06,08_HISTORICAL_PACKAGES,"08_HISTORICAL_PACKAGES/2026-09-05_master_package/02_XIAO_NO_LEES_REFERENCE/02_CAD_PRINT/driver_max_8x4x2_gauge.stl"
f31ad58081ff,53284,2026-09-06,08_HISTORICAL_PACKAGES,"08_HISTORICAL_PACKAGES/2026-09-05_master_package/02_XIAO_NO_LEES_REFERENCE/02_CAD_PRINT/keyed_retainer_posts_print_two.stl"
c7788ddcbe7c,98284,2026-09-06,08_HISTORICAL_PACKAGES,"08_HISTORICAL_PACKAGES/2026-09-05_master_package/02_XIAO_NO_LEES_REFERENCE/02_CAD_PRINT/midband_4p50mm_loose.stl"
6b38ac5d7812,98284,2026-09-06,08_HISTORICAL_PACKAGES,"08_HISTORICAL_PACKAGES/2026-09-05_master_package/02_XIAO_NO_LEES_REFERENCE/02_CAD_PRINT/midband_4p50mm_nominal.stl"
ff7eb0b2e9af,25084,2026-09-06,08_HISTORICAL_PACKAGES,"08_HISTORICAL_PACKAGES/2026-09-05_master_package/02_XIAO_NO_LEES_REFERENCE/02_CAD_PRINT/motor_max_10p2x2p3_gauge.stl"
0a6b9ab1a009,684,2026-09-06,08_HISTORICAL_PACKAGES,"08_HISTORICAL_PACKAGES/2026-09-05_master_package/02_XIAO_NO_LEES_REFERENCE/02_CAD_PRINT/xiao_max_gauge.stl"
ff005eaae1de,261680,2026-09-06,08_HISTORICAL_PACKAGES,"08_HISTORICAL_PACKAGES/2026-09-05_master_package/02_XIAO_NO_LEES_REFERENCE/03_CAD_STEP/PRINT_FULL_SHELL_body_exact_historical_geometry.step"
dcfe1f6a020a,161111,2026-09-06,08_HISTORICAL_PACKAGES,"08_HISTORICAL_PACKAGES/2026-09-05_master_package/02_XIAO_NO_LEES_REFERENCE/03_CAD_STEP/PRINT_FULL_SHELL_hooked_face_exact_historical_geometry.step"
bff863cf75a7,1788,2026-09-06,08_HISTORICAL_PACKAGES,"08_HISTORICAL_PACKAGES/2026-09-05_master_package/02_XIAO_NO_LEES_REFERENCE/04_QA/NO_LEES_RELEASE_CHECK.md"
eb2a9a43dd45,2541,2026-09-06,08_HISTORICAL_PACKAGES,"08_HISTORICAL_PACKAGES/2026-09-05_master_package/03_XIAO_ALL_CAD/04_ASSEMBLY/ADHESIVE_AND_FINISH_GATE.md"
5d70cc4c978e,5436,2026-09-06,08_HISTORICAL_PACKAGES,"08_HISTORICAL_PACKAGES/2026-09-05_master_package/03_XIAO_ALL_CAD/04_ASSEMBLY/ASSEMBLY.md"
625ddc614167,6454,2026-09-06,08_HISTORICAL_PACKAGES,"08_HISTORICAL_PACKAGES/2026-09-05_master_package/03_XIAO_ALL_CAD/04_ASSEMBLY/FIT_AND_BATTERY_GATE.md"
11b72b2b7e22,2313,2026-09-06,08_HISTORICAL_PACKAGES,"08_HISTORICAL_PACKAGES/2026-09-05_master_package/03_XIAO_ALL_CAD/06_EVIDENCE/CAD_REPRODUCIBILITY.md"
33f2ef8eef05,2899,2026-09-06,08_HISTORICAL_PACKAGES,"08_HISTORICAL_PACKAGES/2026-09-05_master_package/03_XIAO_ALL_CAD/06_EVIDENCE/FIRMWARE_BUILD_AND_TEST_EVIDENCE.md"
faf3699a1c19,1644,2026-09-06,08_HISTORICAL_PACKAGES,"08_HISTORICAL_PACKAGES/2026-09-05_master_package/03_XIAO_ALL_CAD/06_EVIDENCE/PHYSICAL_TESTS_PENDING.md"
aa5000011e0c,4538,2026-09-06,08_HISTORICAL_PACKAGES,"08_HISTORICAL_PACKAGES/2026-09-05_master_package/03_XIAO_ALL_CAD/ARCHITECTURE_OPTIONS.md"
8f30ef64aaa1,42449,2026-09-06,08_HISTORICAL_PACKAGES,"08_HISTORICAL_PACKAGES/2026-09-05_master_package/03_XIAO_ALL_CAD/CAD_SHA256SUMS.txt"
d74e3abb9f09,63766,2026-09-06,08_HISTORICAL_PACKAGES,"08_HISTORICAL_PACKAGES/2026-09-05_master_package/03_XIAO_ALL_CAD/FIT_REPORT.json"
ad2c25ad83f2,5692,2026-09-06,08_HISTORICAL_PACKAGES,"08_HISTORICAL_PACKAGES/2026-09-05_master_package/03_XIAO_ALL_CAD/PRIMARY_RENATA_ONLY_SCREW_RETENTION.md"
fc985bb2877b,52284,2026-09-06,08_HISTORICAL_PACKAGES,"08_HISTORICAL_PACKAGES/2026-09-05_master_package/03_XIAO_ALL_CAD/PRINT_THESE/ALT_BENCH_ONLY_lower_fit_gauge_batt24_Vybronics10p2.stl"
d3151e419414,684,2026-09-06,08_HISTORICAL_PACKAGES,"08_HISTORICAL_PACKAGES/2026-09-05_master_package/03_XIAO_ALL_CAD/PRINT_THESE/ALT_LOCAL_MEASURE_MAX_battery_24x10x5p5.stl"
97bbdc3f3231,26684,2026-09-06,08_HISTORICAL_PACKAGES,"08_HISTORICAL_PACKAGES/2026-09-05_master_package/03_XIAO_ALL_CAD/PRINT_THESE/BENCH_ONLY_xiao_plan_fit_gauge.stl"
e488cf83486b,25084,2026-09-06,08_HISTORICAL_PACKAGES,"08_HISTORICAL_PACKAGES/2026-09-05_master_package/03_XIAO_ALL_CAD/PRINT_THESE/FALLBACK_ONLY_MEASURE_Lee_PID10431_10x2p7.stl"
ff7eb0b2e9af,25084,2026-09-06,08_HISTORICAL_PACKAGES,"08_HISTORICAL_PACKAGES/2026-09-05_master_package/03_XIAO_ALL_CAD/PRINT_THESE/MEASURE_MAX_Vybronics_VCLP1020B002L_10p2x2p3.stl"
264c80e28a51,684,2026-09-06,08_HISTORICAL_PACKAGES,"08_HISTORICAL_PACKAGES/2026-09-05_master_package/03_XIAO_ALL_CAD/PRINT_THESE/MEASURE_MAX_finished_driver_island_8x4x2.stl"
0a6b9ab1a009,684,2026-09-06,08_HISTORICAL_PACKAGES,"08_HISTORICAL_PACKAGES/2026-09-05_master_package/03_XIAO_ALL_CAD/PRINT_THESE/MEASURE_XIAO_official_bbox_22p482x17p78x4p46.stl"
f63b7208b917,52284,2026-09-06,08_HISTORICAL_PACKAGES,"08_HISTORICAL_PACKAGES/2026-09-05_master_package/03_XIAO_ALL_CAD/PRINT_THESE/PLAN_B_BENCH_ONLY_lower_fit_gauge_DTP401525_Vybronics_driver_rotated.stl"
30ab9151a681,684,2026-09-06,08_HISTORICAL_PACKAGES,"08_HISTORICAL_PACKAGES/2026-09-05_master_package/03_XIAO_ALL_CAD/PRINT_THESE/PLAN_B_MEASURE_MAX_DTP401525_total_25p3x15x4.stl"
25ad5cbd26bc,103084,2026-09-06,08_HISTORICAL_PACKAGES,"08_HISTORICAL_PACKAGES/2026-09-05_master_package/03_XIAO_ALL_CAD/PRINT_THESE/PRIMARY_RENATA_ONLY_M2_body_drill_marking_jig_USB_NOTCH.stl"
c7788ddcbe7c,98284,2026-09-06,08_HISTORICAL_PACKAGES,"08_HISTORICAL_PACKAGES/2026-09-05_master_package/03_XIAO_ALL_CAD/PRINT_THESE/PRIMARY_RENATA_ONLY_M2_screw_retained_midband_rise_4p50mm_loose_tongue.stl"
6b38ac5d7812,98284,2026-09-06,08_HISTORICAL_PACKAGES,"08_HISTORICAL_PACKAGES/2026-09-05_master_package/03_XIAO_ALL_CAD/PRINT_THESE/PRIMARY_RENATA_ONLY_M2_screw_retained_midband_rise_4p50mm_nominal.stl"
526ae3af6381,25084,2026-09-06,08_HISTORICAL_PACKAGES,"08_HISTORICAL_PACKAGES/2026-09-05_master_package/03_XIAO_ALL_CAD/PRINT_THESE/PRIMARY_RENATA_ONLY_MEASURE_MAX_coin_motor_10p2x2p7.stl"
088a62c59b80,5484,2026-09-06,08_HISTORICAL_PACKAGES,"08_HISTORICAL_PACKAGES/2026-09-05_master_package/03_XIAO_ALL_CAD/PRINT_THESE/PRINT_DECK_DOWN_then_FLIP_battery_safety_bridge.stl"
0abcfd7c83ff,178384,2026-09-06,08_HISTORICAL_PACKAGES,"08_HISTORICAL_PACKAGES/2026-09-05_master_package/03_XIAO_ALL_CAD/PRINT_THESE/PRINT_FULL_SHELL_body_exact_historical_geometry.stl"
cc34568c3069,144084,2026-09-06,08_HISTORICAL_PACKAGES,"08_HISTORICAL_PACKAGES/2026-09-05_master_package/03_XIAO_ALL_CAD/PRINT_THESE/PRINT_FULL_SHELL_hooked_face_exact_historical_geometry.stl"
f31ad58081ff,53284,2026-09-06,08_HISTORICAL_PACKAGES,"08_HISTORICAL_PACKAGES/2026-09-05_master_package/03_XIAO_ALL_CAD/PRINT_THESE/PRINT_TWO_PRIMARY_RENATA_ONLY_M2_keyed_retainer_posts_HEAD_DOWN.stl"
555a7fdfb696,77684,2026-09-06,08_HISTORICAL_PACKAGES,"08_HISTORICAL_PACKAGES/2026-09-05_master_package/03_XIAO_ALL_CAD/PRINT_THESE/mic_drill_jig_usb_end_notched.stl"
95209ada44a2,94684,2026-09-06,08_HISTORICAL_PACKAGES,"08_HISTORICAL_PACKAGES/2026-09-05_master_package/03_XIAO_ALL_CAD/PRINT_THESE/ordered_shell_midband_rise_4p50mm_loose_tongue.stl"
bbacd9b095fa,94684,2026-09-06,08_HISTORICAL_PACKAGES,"08_HISTORICAL_PACKAGES/2026-09-05_master_package/03_XIAO_ALL_CAD/PRINT_THESE/ordered_shell_midband_rise_4p50mm_nominal.stl"
63a326a3f856,11037,2026-09-06,08_HISTORICAL_PACKAGES,"08_HISTORICAL_PACKAGES/2026-09-05_master_package/03_XIAO_ALL_CAD/README_BUILD.md"
1007d2493156,48452,2026-09-06,08_HISTORICAL_PACKAGES,"08_HISTORICAL_PACKAGES/2026-09-05_master_package/03_XIAO_ALL_CAD/REFERENCE_ONLY_STEP/ALT_BENCH_ONLY_lower_fit_gauge_batt12_Vybronics10p2.step"
bb67cc89f61f,48447,2026-09-06,08_HISTORICAL_PACKAGES,"08_HISTORICAL_PACKAGES/2026-09-05_master_package/03_XIAO_ALL_CAD/REFERENCE_ONLY_STEP/ALT_BENCH_ONLY_lower_fit_gauge_batt15_Vybronics10p2.step"
81c4034d2566,48444,2026-09-06,08_HISTORICAL_PACKAGES,"08_HISTORICAL_PACKAGES/2026-09-05_master_package/03_XIAO_ALL_CAD/REFERENCE_ONLY_STEP/ALT_BENCH_ONLY_lower_fit_gauge_batt24_Vybronics10p2.step"
abbd74eeabef,48444,2026-09-06,08_HISTORICAL_PACKAGES,"08_HISTORICAL_PACKAGES/2026-09-05_master_package/03_XIAO_ALL_CAD/REFERENCE_ONLY_STEP/ALT_BENCH_ONLY_lower_fit_gauge_batt25_Vybronics10p2.step"
8a33f55f59b5,15418,2026-09-06,08_HISTORICAL_PACKAGES,"08_HISTORICAL_PACKAGES/2026-09-05_master_package/03_XIAO_ALL_CAD/REFERENCE_ONLY_STEP/ALT_LOCAL_MEASURE_MAX_battery_12x10x5p5.step"
ead60a337446,15444,2026-09-06,08_HISTORICAL_PACKAGES,"08_HISTORICAL_PACKAGES/2026-09-05_master_package/03_XIAO_ALL_CAD/REFERENCE_ONLY_STEP/ALT_LOCAL_MEASURE_MAX_battery_15x10x5p5.step"
7cc5d51cb45e,15444,2026-09-06,08_HISTORICAL_PACKAGES,"08_HISTORICAL_PACKAGES/2026-09-05_master_package/03_XIAO_ALL_CAD/REFERENCE_ONLY_STEP/ALT_LOCAL_MEASURE_MAX_battery_24x10x5p5.step"
0967a3cceb8a,15470,2026-09-06,08_HISTORICAL_PACKAGES,"08_HISTORICAL_PACKAGES/2026-09-05_master_package/03_XIAO_ALL_CAD/REFERENCE_ONLY_STEP/ALT_LOCAL_MEASURE_MAX_battery_25x10x5p5.step"
ff60a444cb6a,178220,2026-09-06,08_HISTORICAL_PACKAGES,"08_HISTORICAL_PACKAGES/2026-09-05_master_package/03_XIAO_ALL_CAD/REFERENCE_ONLY_STEP/ALT_layout_batt12_Vybronics10p2.step"
f8cb6b4cc22f,178161,2026-09-06,08_HISTORICAL_PACKAGES,"08_HISTORICAL_PACKAGES/2026-09-05_master_package/03_XIAO_ALL_CAD/REFERENCE_ONLY_STEP/ALT_layout_batt15_Vybronics10p2.step"
75a98f4bf6fd,178214,2026-09-06,08_HISTORICAL_PACKAGES,"08_HISTORICAL_PACKAGES/2026-09-05_master_package/03_XIAO_ALL_CAD/REFERENCE_ONLY_STEP/ALT_layout_batt24_Vybronics10p2.step"
bae260c821f4,178188,2026-09-06,08_HISTORICAL_PACKAGES,"08_HISTORICAL_PACKAGES/2026-09-05_master_package/03_XIAO_ALL_CAD/REFERENCE_ONLY_STEP/ALT_layout_batt25_Vybronics10p2.step"
7a8b914bca3d,58301,2026-09-06,08_HISTORICAL_PACKAGES,"08_HISTORICAL_PACKAGES/2026-09-05_master_package/03_XIAO_ALL_CAD/REFERENCE_ONLY_STEP/BENCH_ONLY_lower_component_fit_gauge.step"
f108b2ec5f6f,39386,2026-09-06,08_HISTORICAL_PACKAGES,"08_HISTORICAL_PACKAGES/2026-09-05_master_package/03_XIAO_ALL_CAD/REFERENCE_ONLY_STEP/BENCH_ONLY_xiao_plan_fit_gauge.step"
2625a3731afb,778353,2026-09-06,08_HISTORICAL_PACKAGES,"08_HISTORICAL_PACKAGES/2026-09-05_master_package/03_XIAO_ALL_CAD/REFERENCE_ONLY_STEP/EXACT_historical_body_face_recovery_assembly.step"
6703cbc9c548,5748,2026-09-06,08_HISTORICAL_PACKAGES,"08_HISTORICAL_PACKAGES/2026-09-05_master_package/03_XIAO_ALL_CAD/REFERENCE_ONLY_STEP/FALLBACK_ONLY_MEASURE_Lee_PID10431_10x2p7.step"
2799fd5fa41c,5756,2026-09-06,08_HISTORICAL_PACKAGES,"08_HISTORICAL_PACKAGES/2026-09-05_master_package/03_XIAO_ALL_CAD/REFERENCE_ONLY_STEP/MEASURE_MAX_Vybronics_VCLP1020B002L_10p2x2p3.step"
db6d51dc6779,15514,2026-09-06,08_HISTORICAL_PACKAGES,"08_HISTORICAL_PACKAGES/2026-09-05_master_package/03_XIAO_ALL_CAD/REFERENCE_ONLY_STEP/MEASURE_MAX_finished_battery_25x10x5p5.step"
eb50d2632ade,15399,2026-09-06,08_HISTORICAL_PACKAGES,"08_HISTORICAL_PACKAGES/2026-09-05_master_package/03_XIAO_ALL_CAD/REFERENCE_ONLY_STEP/MEASURE_MAX_finished_driver_island_8x4x2.step"
70a90701d3bd,15957,2026-09-06,08_HISTORICAL_PACKAGES,"08_HISTORICAL_PACKAGES/2026-09-05_master_package/03_XIAO_ALL_CAD/REFERENCE_ONLY_STEP/MEASURE_XIAO_official_bbox_22p482x17p78x4p46.step"
7782186cfcb5,8101,2026-09-06,08_HISTORICAL_PACKAGES,"08_HISTORICAL_PACKAGES/2026-09-05_master_package/03_XIAO_ALL_CAD/REFERENCE_ONLY_STEP/MEASURE_motor_4x8.step"
7bb2511b7085,48355,2026-09-06,08_HISTORICAL_PACKAGES,"08_HISTORICAL_PACKAGES/2026-09-05_master_package/03_XIAO_ALL_CAD/REFERENCE_ONLY_STEP/PLAN_B_BENCH_ONLY_lower_fit_gauge_DTP401525_Vybronics_driver_rotated.step"
4b3c959947d6,15515,2026-09-06,08_HISTORICAL_PACKAGES,"08_HISTORICAL_PACKAGES/2026-09-05_master_package/03_XIAO_ALL_CAD/REFERENCE_ONLY_STEP/PLAN_B_MEASURE_MAX_DTP401525_total_25p3x15x4.step"
fb40d1480667,160807,2026-09-06,08_HISTORICAL_PACKAGES,"08_HISTORICAL_PACKAGES/2026-09-05_master_package/03_XIAO_ALL_CAD/REFERENCE_ONLY_STEP/PLAN_B_layout_DTP401525_Vybronics_driver_rotated.step"
3d4749e0cb80,61379,2026-09-06,08_HISTORICAL_PACKAGES,"08_HISTORICAL_PACKAGES/2026-09-05_master_package/03_XIAO_ALL_CAD/REFERENCE_ONLY_STEP/PRIMARY_RENATA_ONLY_M2_body_drill_marking_jig_USB_NOTCH.step"
7c1c6f066bd3,244157,2026-09-06,08_HISTORICAL_PACKAGES,"08_HISTORICAL_PACKAGES/2026-09-05_master_package/03_XIAO_ALL_CAD/REFERENCE_ONLY_STEP/PRIMARY_RENATA_ONLY_M2_screw_retained_midband_rise_4p50mm_loose_tongue.step"
719f36e49e4f,244475,2026-09-06,08_HISTORICAL_PACKAGES,"08_HISTORICAL_PACKAGES/2026-09-05_master_package/03_XIAO_ALL_CAD/REFERENCE_ONLY_STEP/PRIMARY_RENATA_ONLY_M2_screw_retained_midband_rise_4p50mm_nominal.step"
ba6776bb7814,926095,2026-09-06,08_HISTORICAL_PACKAGES,"08_HISTORICAL_PACKAGES/2026-09-05_master_package/03_XIAO_ALL_CAD/REFERENCE_ONLY_STEP/PRIMARY_RENATA_ONLY_M2_screw_retention_reference.step"
0bbd8e8b0d4d,5756,2026-09-06,08_HISTORICAL_PACKAGES,"08_HISTORICAL_PACKAGES/2026-09-05_master_package/03_XIAO_ALL_CAD/REFERENCE_ONLY_STEP/PRIMARY_RENATA_ONLY_MEASURE_MAX_coin_motor_10p2x2p7.step"
6c5733081d3d,102691,2026-09-06,08_HISTORICAL_PACKAGES,"08_HISTORICAL_PACKAGES/2026-09-05_master_package/03_XIAO_ALL_CAD/REFERENCE_ONLY_STEP/PRINT_DECK_DOWN_then_FLIP_battery_safety_bridge.step"
ff005eaae1de,261680,2026-09-06,08_HISTORICAL_PACKAGES,"08_HISTORICAL_PACKAGES/2026-09-05_master_package/03_XIAO_ALL_CAD/REFERENCE_ONLY_STEP/PRINT_FULL_SHELL_body_exact_historical_geometry.step"
dcfe1f6a020a,161111,2026-09-06,08_HISTORICAL_PACKAGES,"08_HISTORICAL_PACKAGES/2026-09-05_master_package/03_XIAO_ALL_CAD/REFERENCE_ONLY_STEP/PRINT_FULL_SHELL_hooked_face_exact_historical_geometry.step"
538d2937be82,70442,2026-09-06,08_HISTORICAL_PACKAGES,"08_HISTORICAL_PACKAGES/2026-09-05_master_package/03_XIAO_ALL_CAD/REFERENCE_ONLY_STEP/PRINT_TWO_PRIMARY_RENATA_ONLY_M2_keyed_retainer_posts_HEAD_DOWN.step"
31992163ea81,57639,2026-09-06,08_HISTORICAL_PACKAGES,"08_HISTORICAL_PACKAGES/2026-09-05_master_package/03_XIAO_ALL_CAD/REFERENCE_ONLY_STEP/mic_drill_jig_usb_end_notched.step"
97098848e048,180647,2026-09-06,08_HISTORICAL_PACKAGES,"08_HISTORICAL_PACKAGES/2026-09-05_master_package/03_XIAO_ALL_CAD/REFERENCE_ONLY_STEP/ordered_shell_layout_reference.step"
2a365bb8fb28,184469,2026-09-06,08_HISTORICAL_PACKAGES,"08_HISTORICAL_PACKAGES/2026-09-05_master_package/03_XIAO_ALL_CAD/REFERENCE_ONLY_STEP/ordered_shell_midband_rise_4p50mm_loose_tongue.step"
6f05512d6776,184787,2026-09-06,08_HISTORICAL_PACKAGES,"08_HISTORICAL_PACKAGES/2026-09-05_master_package/03_XIAO_ALL_CAD/REFERENCE_ONLY_STEP/ordered_shell_midband_rise_4p50mm_nominal.step"
2e723cb60e1d,75189,2026-09-06,08_HISTORICAL_PACKAGES,"08_HISTORICAL_PACKAGES/2026-09-05_master_package/03_XIAO_ALL_CAD/SOURCE/generate_recovery.py"
ff005eaae1de,261680,2026-09-06,08_HISTORICAL_PACKAGES,"08_HISTORICAL_PACKAGES/2026-09-05_master_package/03_XIAO_ALL_CAD/SOURCE/reference/alu_body.step"
dcfe1f6a020a,161111,2026-09-06,08_HISTORICAL_PACKAGES,"08_HISTORICAL_PACKAGES/2026-09-05_master_package/03_XIAO_ALL_CAD/SOURCE/reference/alu_face_front_v3.step"
cbc8228484d6,10247,2026-09-06,08_HISTORICAL_PACKAGES,"08_HISTORICAL_PACKAGES/2026-09-05_master_package/04_CUSTOM_PCB_R0B_ENGINEERING_NOT_FOR_FAB/00_Master_Guide/ANTICIPY_FULL_HANDOFF_GUIDE.md"
73ae021f5a96,58085,2026-09-06,08_HISTORICAL_PACKAGES,"08_HISTORICAL_PACKAGES/2026-09-05_master_package/04_CUSTOM_PCB_R0B_ENGINEERING_NOT_FOR_FAB/00_Master_Guide/Anticipy_Full_Handoff_Guide.docx"
9c85b0fbe120,556212,2026-09-06,08_HISTORICAL_PACKAGES,"08_HISTORICAL_PACKAGES/2026-09-05_master_package/04_CUSTOM_PCB_R0B_ENGINEERING_NOT_FOR_FAB/00_Master_Guide/Anticipy_Full_Handoff_Guide.pdf"
0e643c2ec559,24027,2026-09-06,08_HISTORICAL_PACKAGES,"08_HISTORICAL_PACKAGES/2026-09-05_master_package/04_CUSTOM_PCB_R0B_ENGINEERING_NOT_FOR_FAB/00_Master_Guide/Anticipy_Project_Control.xlsx"
6bcf3012b43f,3197,2026-09-06,08_HISTORICAL_PACKAGES,"08_HISTORICAL_PACKAGES/2026-09-05_master_package/04_CUSTOM_PCB_R0B_ENGINEERING_NOT_FOR_FAB/00_Master_Guide/FILE_DICTIONARY.md"
2c1a367c90d4,2304,2026-09-06,08_HISTORICAL_PACKAGES,"08_HISTORICAL_PACKAGES/2026-09-05_master_package/04_CUSTOM_PCB_R0B_ENGINEERING_NOT_FOR_FAB/00_Master_Guide/OPEN_ITEMS_AND_DECISIONS.md"
e7e5b7ba57f0,2532,2026-09-06,08_HISTORICAL_PACKAGES,"08_HISTORICAL_PACKAGES/2026-09-05_master_package/04_CUSTOM_PCB_R0B_ENGINEERING_NOT_FOR_FAB/00_Master_Guide/SEVEN_DAY_RUSH_PLAN.md"
834fb07e941b,2816,2026-09-06,08_HISTORICAL_PACKAGES,"08_HISTORICAL_PACKAGES/2026-09-05_master_package/04_CUSTOM_PCB_R0B_ENGINEERING_NOT_FOR_FAB/00_START_HERE.md"
d7a0558d1db0,3006,2026-09-06,08_HISTORICAL_PACKAGES,"08_HISTORICAL_PACKAGES/2026-09-05_master_package/04_CUSTOM_PCB_R0B_ENGINEERING_NOT_FOR_FAB/01_Electrical_Source/Anticipy_PROD_R0B_EVT.kicad_dru"
331cb47e4e2c,344911,2026-09-06,08_HISTORICAL_PACKAGES,"08_HISTORICAL_PACKAGES/2026-09-05_master_package/04_CUSTOM_PCB_R0B_ENGINEERING_NOT_FOR_FAB/01_Electrical_Source/Anticipy_PROD_R0B_EVT.kicad_pcb"
01e0fac93589,7513,2026-09-06,08_HISTORICAL_PACKAGES,"08_HISTORICAL_PACKAGES/2026-09-05_master_package/04_CUSTOM_PCB_R0B_ENGINEERING_NOT_FOR_FAB/01_Electrical_Source/Anticipy_PROD_R0B_EVT.kicad_pro"
4dce285f72d2,248448,2026-09-06,08_HISTORICAL_PACKAGES,"08_HISTORICAL_PACKAGES/2026-09-05_master_package/04_CUSTOM_PCB_R0B_ENGINEERING_NOT_FOR_FAB/01_Electrical_Source/Anticipy_PROD_R0B_EVT.kicad_sch"
2fbaacc583f3,109192,2026-09-06,08_HISTORICAL_PACKAGES,"08_HISTORICAL_PACKAGES/2026-09-05_master_package/04_CUSTOM_PCB_R0B_ENGINEERING_NOT_FOR_FAB/01_Electrical_Source/Anticipy_PROD_R0B_EVT.net"
19f59e2c66e2,6560,2026-09-06,08_HISTORICAL_PACKAGES,"08_HISTORICAL_PACKAGES/2026-09-05_master_package/04_CUSTOM_PCB_R0B_ENGINEERING_NOT_FOR_FAB/01_Electrical_Source/Anticipy_R0B.pretty/LED_Kingbright_APHB1608LVBDSEKJ3C.kicad_mod"
3e61e56a7f34,1699,2026-09-06,08_HISTORICAL_PACKAGES,"08_HISTORICAL_PACKAGES/2026-09-05_master_package/04_CUSTOM_PCB_R0B_ENGINEERING_NOT_FOR_FAB/01_Electrical_Source/Anticipy_R0B.pretty/Mechanical_Battery_Envelope.kicad_mod"
030a90a999aa,8932,2026-09-06,08_HISTORICAL_PACKAGES,"08_HISTORICAL_PACKAGES/2026-09-05_master_package/04_CUSTOM_PCB_R0B_ENGINEERING_NOT_FOR_FAB/01_Electrical_Source/Anticipy_R0B.pretty/Mechanical_Button_Access_Target.kicad_mod"
7b88df56dec9,14377,2026-09-06,08_HISTORICAL_PACKAGES,"08_HISTORICAL_PACKAGES/2026-09-05_master_package/04_CUSTOM_PCB_R0B_ENGINEERING_NOT_FOR_FAB/01_Electrical_Source/Anticipy_R0B.pretty/Mechanical_CoinMotor_Envelope.kicad_mod"
7e7e18973d5a,8919,2026-09-06,08_HISTORICAL_PACKAGES,"08_HISTORICAL_PACKAGES/2026-09-05_master_package/04_CUSTOM_PCB_R0B_ENGINEERING_NOT_FOR_FAB/01_Electrical_Source/Anticipy_R0B.pretty/Mechanical_Indicator_Lightpipe_Target.kicad_mod"
8624e4de1b4c,4536,2026-09-06,08_HISTORICAL_PACKAGES,"08_HISTORICAL_PACKAGES/2026-09-05_master_package/04_CUSTOM_PCB_R0B_ENGINEERING_NOT_FOR_FAB/01_Electrical_Source/Anticipy_R0B.pretty/PogoPad_D1.0mm.kicad_mod"
ce31a4d7b291,13599,2026-09-06,08_HISTORICAL_PACKAGES,"08_HISTORICAL_PACKAGES/2026-09-05_master_package/04_CUSTOM_PCB_R0B_ENGINEERING_NOT_FOR_FAB/01_Electrical_Source/Anticipy_R0B.pretty/Raytac_MDBT50Q_R0B.kicad_mod"
f0d77ffc0666,14410,2026-09-06,08_HISTORICAL_PACKAGES,"08_HISTORICAL_PACKAGES/2026-09-05_master_package/04_CUSTOM_PCB_R0B_ENGINEERING_NOT_FOR_FAB/01_Electrical_Source/Anticipy_R0B.pretty/SameSky_CMM-3424DT-26165-TR_TopPort_PDM.kicad_mod"
d801f4aea7cf,3478,2026-09-06,08_HISTORICAL_PACKAGES,"08_HISTORICAL_PACKAGES/2026-09-05_master_package/04_CUSTOM_PCB_R0B_ENGINEERING_NOT_FOR_FAB/01_Electrical_Source/Anticipy_R0B.pretty/TI_DCK_SC70_3_R0B.kicad_mod"
a30a9e6c68ff,3935,2026-09-06,08_HISTORICAL_PACKAGES,"08_HISTORICAL_PACKAGES/2026-09-05_master_package/04_CUSTOM_PCB_R0B_ENGINEERING_NOT_FOR_FAB/01_Electrical_Source/Anticipy_R0B.pretty/TI_DPY0002A_X1SON.kicad_mod"
9322e8577a59,3526,2026-09-06,08_HISTORICAL_PACKAGES,"08_HISTORICAL_PACKAGES/2026-09-05_master_package/04_CUSTOM_PCB_R0B_ENGINEERING_NOT_FOR_FAB/01_Electrical_Source/Anticipy_R0B.pretty/Texas_DRT-3_R0B.kicad_mod"
c9974958e041,7979,2026-09-06,08_HISTORICAL_PACKAGES,"08_HISTORICAL_PACKAGES/2026-09-05_master_package/04_CUSTOM_PCB_R0B_ENGINEERING_NOT_FOR_FAB/01_Electrical_Source/Anticipy_R0B.pretty/USB_C_Receptacle_GCT_USB4500-03-1-A_MidMount.kicad_mod"
3bd1b05d0299,1745,2026-09-06,08_HISTORICAL_PACKAGES,"08_HISTORICAL_PACKAGES/2026-09-05_master_package/04_CUSTOM_PCB_R0B_ENGINEERING_NOT_FOR_FAB/01_Electrical_Source/Anticipy_R0B.pretty/WirePads_2_P1.27mm.kicad_mod"
bcbd29d245fb,1948,2026-09-06,08_HISTORICAL_PACKAGES,"08_HISTORICAL_PACKAGES/2026-09-05_master_package/04_CUSTOM_PCB_R0B_ENGINEERING_NOT_FOR_FAB/01_Electrical_Source/Anticipy_R0B.pretty/WirePads_3_P1.27mm.kicad_mod"
1777085eeca8,7745,2026-09-06,08_HISTORICAL_PACKAGES,"08_HISTORICAL_PACKAGES/2026-09-05_master_package/04_CUSTOM_PCB_R0B_ENGINEERING_NOT_FOR_FAB/01_Electrical_Source/BOM_DRAFT_DO_NOT_PROCURE.csv"
5816bff402a5,4098,2026-09-06,08_HISTORICAL_PACKAGES,"08_HISTORICAL_PACKAGES/2026-09-05_master_package/04_CUSTOM_PCB_R0B_ENGINEERING_NOT_FOR_FAB/01_Electrical_Source/ENGINEER_SCOPE_OF_WORK.md"
1e10538ff2c9,2849,2026-09-06,08_HISTORICAL_PACKAGES,"08_HISTORICAL_PACKAGES/2026-09-05_master_package/04_CUSTOM_PCB_R0B_ENGINEERING_NOT_FOR_FAB/01_Electrical_Source/R0B_PINMAP.md"
0f06cbb811cb,3701,2026-09-06,08_HISTORICAL_PACKAGES,"08_HISTORICAL_PACKAGES/2026-09-05_master_package/04_CUSTOM_PCB_R0B_ENGINEERING_NOT_FOR_FAB/01_Electrical_Source/R0B_PLACEMENT_PLAN.md"
b183ba715eea,5639,2026-09-06,08_HISTORICAL_PACKAGES,"08_HISTORICAL_PACKAGES/2026-09-05_master_package/04_CUSTOM_PCB_R0B_ENGINEERING_NOT_FOR_FAB/01_Electrical_Source/R0B_REQUIREMENTS.md"
d714c8c54fa5,4514706,2026-09-06,08_HISTORICAL_PACKAGES,"08_HISTORICAL_PACKAGES/2026-09-05_master_package/04_CUSTOM_PCB_R0B_ENGINEERING_NOT_FOR_FAB/01_Electrical_Source/References/Nordic/npm1300-qeaa-reference-layout-1_2.zip"
9e4ab8d0656a,131753,2026-09-06,08_HISTORICAL_PACKAGES,"08_HISTORICAL_PACKAGES/2026-09-05_master_package/04_CUSTOM_PCB_R0B_ENGINEERING_NOT_FOR_FAB/01_Electrical_Source/Reports/Anticipy_PROD_R0B_EVT.net.xml"
c6a57955045a,224631,2026-09-06,08_HISTORICAL_PACKAGES,"08_HISTORICAL_PACKAGES/2026-09-05_master_package/04_CUSTOM_PCB_R0B_ENGINEERING_NOT_FOR_FAB/01_Electrical_Source/Reports/placement.png"
d9a4dc024726,291598,2026-09-06,08_HISTORICAL_PACKAGES,"08_HISTORICAL_PACKAGES/2026-09-05_master_package/04_CUSTOM_PCB_R0B_ENGINEERING_NOT_FOR_FAB/01_Electrical_Source/Reports/placement.svg"
887c655b4ff9,37269,2026-09-06,08_HISTORICAL_PACKAGES,"08_HISTORICAL_PACKAGES/2026-09-05_master_package/04_CUSTOM_PCB_R0B_ENGINEERING_NOT_FOR_FAB/01_Electrical_Source/Reports/verify_project_r0b_drc.txt"
885bb8d2a283,21018,2026-09-06,08_HISTORICAL_PACKAGES,"08_HISTORICAL_PACKAGES/2026-09-05_master_package/04_CUSTOM_PCB_R0B_ENGINEERING_NOT_FOR_FAB/01_Electrical_Source/design_spec_r0b.py"
01528a80abaf,32255,2026-09-06,08_HISTORICAL_PACKAGES,"08_HISTORICAL_PACKAGES/2026-09-05_master_package/04_CUSTOM_PCB_R0B_ENGINEERING_NOT_FOR_FAB/01_Electrical_Source/footprint_builders_r0b.py"
043d28d80404,1874,2026-09-06,08_HISTORICAL_PACKAGES,"08_HISTORICAL_PACKAGES/2026-09-05_master_package/04_CUSTOM_PCB_R0B_ENGINEERING_NOT_FOR_FAB/01_Electrical_Source/fp-lib-table"
bd55f88e2325,21922,2026-09-06,08_HISTORICAL_PACKAGES,"08_HISTORICAL_PACKAGES/2026-09-05_master_package/04_CUSTOM_PCB_R0B_ENGINEERING_NOT_FOR_FAB/01_Electrical_Source/generate_board_r0b.py"
1938be6d12d5,8928,2026-09-06,08_HISTORICAL_PACKAGES,"08_HISTORICAL_PACKAGES/2026-09-05_master_package/04_CUSTOM_PCB_R0B_ENGINEERING_NOT_FOR_FAB/01_Electrical_Source/generate_schematic_r0b.py"
9e2b4a96b4ae,12549,2026-09-06,08_HISTORICAL_PACKAGES,"08_HISTORICAL_PACKAGES/2026-09-05_master_package/04_CUSTOM_PCB_R0B_ENGINEERING_NOT_FOR_FAB/01_Electrical_Source/pad_net_report.csv"
3ee961c305b9,5674,2026-09-06,08_HISTORICAL_PACKAGES,"08_HISTORICAL_PACKAGES/2026-09-05_master_package/04_CUSTOM_PCB_R0B_ENGINEERING_NOT_FOR_FAB/01_Electrical_Source/verify_net_equivalence.py"
4c55b0e5a825,27636,2026-09-06,08_HISTORICAL_PACKAGES,"08_HISTORICAL_PACKAGES/2026-09-05_master_package/04_CUSTOM_PCB_R0B_ENGINEERING_NOT_FOR_FAB/01_Electrical_Source/verify_project_r0b.py"
2a013534213b,392053,2026-09-06,08_HISTORICAL_PACKAGES,"08_HISTORICAL_PACKAGES/2026-09-05_master_package/04_CUSTOM_PCB_R0B_ENGINEERING_NOT_FOR_FAB/02_Mechanical_CAD/ANT-PROD-R0B_PROVISIONAL_BOARD_ONLY.step"
69c3c3aadc2d,2803,2026-09-06,08_HISTORICAL_PACKAGES,"08_HISTORICAL_PACKAGES/2026-09-05_master_package/04_CUSTOM_PCB_R0B_ENGINEERING_NOT_FOR_FAB/02_Mechanical_CAD/ANT-PROD-R0B_PROVISIONAL_BOARD_OUTLINE.dxf"
94eb79cd8402,2956,2026-09-06,08_HISTORICAL_PACKAGES,"08_HISTORICAL_PACKAGES/2026-09-05_master_package/04_CUSTOM_PCB_R0B_ENGINEERING_NOT_FOR_FAB/02_Mechanical_CAD/MECHANICAL_CAD_HANDOFF.md"
a66fa75a22eb,2678,2026-09-06,08_HISTORICAL_PACKAGES,"08_HISTORICAL_PACKAGES/2026-09-05_master_package/04_CUSTOM_PCB_R0B_ENGINEERING_NOT_FOR_FAB/03_Firmware/FIRMWARE_HANDOFF.md"
fc74e66c5c2f,3559,2026-09-06,08_HISTORICAL_PACKAGES,"08_HISTORICAL_PACKAGES/2026-09-05_master_package/04_CUSTOM_PCB_R0B_ENGINEERING_NOT_FOR_FAB/04_Manufacturing/FAB_STACKUP_REQUEST.md"
5e52d4e7fff2,9948,2026-09-06,08_HISTORICAL_PACKAGES,"08_HISTORICAL_PACKAGES/2026-09-05_master_package/04_CUSTOM_PCB_R0B_ENGINEERING_NOT_FOR_FAB/04_Manufacturing/MANUFACTURING_HANDOFF_CHECKLIST.md"
6a56ef54b5b5,1459,2026-09-06,08_HISTORICAL_PACKAGES,"08_HISTORICAL_PACKAGES/2026-09-05_master_package/04_CUSTOM_PCB_R0B_ENGINEERING_NOT_FOR_FAB/04_Manufacturing/PCBA_FACTORY_HANDOFF.md"
66a03b588a52,2177,2026-09-06,08_HISTORICAL_PACKAGES,"08_HISTORICAL_PACKAGES/2026-09-05_master_package/04_CUSTOM_PCB_R0B_ENGINEERING_NOT_FOR_FAB/05_Final_Assembly/FINAL_ASSEMBLY_SOP_DRAFT.md"
f48ff651c0fb,767,2026-09-06,08_HISTORICAL_PACKAGES,"08_HISTORICAL_PACKAGES/2026-09-05_master_package/04_CUSTOM_PCB_R0B_ENGINEERING_NOT_FOR_FAB/06_Quality_and_Release/FABRICATION_BLOCKED.txt"
bfa4cb6c9cfa,11464,2026-09-06,08_HISTORICAL_PACKAGES,"08_HISTORICAL_PACKAGES/2026-09-05_master_package/04_CUSTOM_PCB_R0B_ENGINEERING_NOT_FOR_FAB/06_Quality_and_Release/FIRST_ARTICLE_TEST_PLAN.md"
0962261cf524,2306,2026-09-06,08_HISTORICAL_PACKAGES,"08_HISTORICAL_PACKAGES/2026-09-05_master_package/04_CUSTOM_PCB_R0B_ENGINEERING_NOT_FOR_FAB/06_Quality_and_Release/RELEASE_AND_QA_GATES.md"
1c29aabddd20,663,2026-09-06,08_HISTORICAL_PACKAGES,"08_HISTORICAL_PACKAGES/2026-09-05_master_package/04_CUSTOM_PCB_R0B_ENGINEERING_NOT_FOR_FAB/06_Quality_and_Release/RELEASE_REMAINING_TEN_TEMPLATE.txt"
b292814fad95,762,2026-09-06,08_HISTORICAL_PACKAGES,"08_HISTORICAL_PACKAGES/2026-09-05_master_package/04_CUSTOM_PCB_R0B_ENGINEERING_NOT_FOR_FAB/07_Messages/BARE_BOARD_BACKUP_RFQ_ENIGMA.txt"
9a33ff384bbf,965,2026-09-06,08_HISTORICAL_PACKAGES,"08_HISTORICAL_PACKAGES/2026-09-05_master_package/04_CUSTOM_PCB_R0B_ENGINEERING_NOT_FOR_FAB/07_Messages/FINAL_ASSEMBLY_TECH_EMAIL.txt"
66337f5967c9,1187,2026-09-06,08_HISTORICAL_PACKAGES,"08_HISTORICAL_PACKAGES/2026-09-05_master_package/04_CUSTOM_PCB_R0B_ENGINEERING_NOT_FOR_FAB/07_Messages/MECHANICAL_ENGINEER_EMAIL.txt"
ec11a670757e,1768,2026-09-06,08_HISTORICAL_PACKAGES,"08_HISTORICAL_PACKAGES/2026-09-05_master_package/04_CUSTOM_PCB_R0B_ENGINEERING_NOT_FOR_FAB/07_Messages/PCBA_FACTORY_RFQ_CANADIAN_CIRCUITS.txt"
cada6954e88c,1659,2026-09-06,08_HISTORICAL_PACKAGES,"08_HISTORICAL_PACKAGES/2026-09-05_master_package/04_CUSTOM_PCB_R0B_ENGINEERING_NOT_FOR_FAB/07_Messages/PCB_ENGINEER_EMAIL.txt"
bcfe19545b14,746,2026-09-06,08_HISTORICAL_PACKAGES,"08_HISTORICAL_PACKAGES/2026-09-05_master_package/04_CUSTOM_PCB_R0B_ENGINEERING_NOT_FOR_FAB/07_Messages/SUPPLIER_CONTACTS.md"
42b8ee0bafa8,624,2026-09-06,08_HISTORICAL_PACKAGES,"08_HISTORICAL_PACKAGES/2026-09-05_master_package/04_CUSTOM_PCB_R0B_ENGINEERING_NOT_FOR_FAB/99_Superseded_Notice/SUPERSEDED_FILES_NOTICE.md"
593f84f892cc,8157,2026-09-06,08_HISTORICAL_PACKAGES,"08_HISTORICAL_PACKAGES/2026-09-05_master_package/04_CUSTOM_PCB_R0B_ENGINEERING_NOT_FOR_FAB/FILE_INDEX_SHA256.csv"
a796efa2dc5c,3377,2026-09-06,08_HISTORICAL_PACKAGES,"08_HISTORICAL_PACKAGES/2026-09-05_master_package/04_CUSTOM_PCB_R0B_ENGINEERING_NOT_FOR_FAB/PACKAGE_MANIFEST.txt"
3bd65a375880,49278,2026-09-06,08_HISTORICAL_PACKAGES,"08_HISTORICAL_PACKAGES/2026-09-05_master_package/05_OLDER_R0_KICAD_NOT_FOR_FAB/Anticipy_PROD_R0_EVT.dsn"
64a4931f0fc4,211773,2026-09-06,08_HISTORICAL_PACKAGES,"08_HISTORICAL_PACKAGES/2026-09-05_master_package/05_OLDER_R0_KICAD_NOT_FOR_FAB/Anticipy_PROD_R0_EVT.kicad_pcb"
a6f71a8b9bde,6882,2026-09-06,08_HISTORICAL_PACKAGES,"08_HISTORICAL_PACKAGES/2026-09-05_master_package/05_OLDER_R0_KICAD_NOT_FOR_FAB/Anticipy_PROD_R0_EVT.kicad_pro"
992332bffefd,3344,2026-09-06,08_HISTORICAL_PACKAGES,"08_HISTORICAL_PACKAGES/2026-09-05_master_package/05_OLDER_R0_KICAD_NOT_FOR_FAB/BOM.csv"
613f850b250e,2223,2026-09-06,08_HISTORICAL_PACKAGES,"08_HISTORICAL_PACKAGES/2026-09-05_master_package/05_OLDER_R0_KICAD_NOT_FOR_FAB/FREE_TOOLCHAIN_WORKFLOW.md"
4ac474402fea,903,2026-09-06,08_HISTORICAL_PACKAGES,"08_HISTORICAL_PACKAGES/2026-09-05_master_package/05_OLDER_R0_KICAD_NOT_FOR_FAB/INDICATOR_BEHAVIOR.md"
d85d65618f56,1084,2026-09-06,08_HISTORICAL_PACKAGES,"08_HISTORICAL_PACKAGES/2026-09-05_master_package/05_OLDER_R0_KICAD_NOT_FOR_FAB/PINMAP.csv"
301aeb8ae8a8,3478,2026-09-06,08_HISTORICAL_PACKAGES,"08_HISTORICAL_PACKAGES/2026-09-05_master_package/05_OLDER_R0_KICAD_NOT_FOR_FAB/README.md"
56220a021301,1903,2026-09-06,08_HISTORICAL_PACKAGES,"08_HISTORICAL_PACKAGES/2026-09-05_master_package/05_OLDER_R0_KICAD_NOT_FOR_FAB/RELEASE_GATES.md"
3e241bbcc3d9,61180,2026-09-06,08_HISTORICAL_PACKAGES,"08_HISTORICAL_PACKAGES/2026-09-05_master_package/05_OLDER_R0_KICAD_NOT_FOR_FAB/drc_unrouted_report.txt"
4d885c5ef1f1,1684,2026-09-06,08_HISTORICAL_PACKAGES,"08_HISTORICAL_PACKAGES/2026-09-05_master_package/05_OLDER_R0_KICAD_NOT_FOR_FAB/export_fab.py"
5951321037e7,19523,2026-09-06,08_HISTORICAL_PACKAGES,"08_HISTORICAL_PACKAGES/2026-09-05_master_package/05_OLDER_R0_KICAD_NOT_FOR_FAB/generate_board.py"
063bdaffef41,12491,2026-09-06,08_HISTORICAL_PACKAGES,"08_HISTORICAL_PACKAGES/2026-09-05_master_package/05_OLDER_R0_KICAD_NOT_FOR_FAB/pad_net_report.csv"
f8495e12153c,58880,2026-09-06,08_HISTORICAL_PACKAGES,"08_HISTORICAL_PACKAGES/2026-09-05_master_package/05_OLDER_R0_KICAD_NOT_FOR_FAB/preview/bottom.png"
8f64a8ac501e,40023,2026-09-06,08_HISTORICAL_PACKAGES,"08_HISTORICAL_PACKAGES/2026-09-05_master_package/05_OLDER_R0_KICAD_NOT_FOR_FAB/preview/bottom.svg"
05a1d4369511,101852,2026-09-06,08_HISTORICAL_PACKAGES,"08_HISTORICAL_PACKAGES/2026-09-05_master_package/05_OLDER_R0_KICAD_NOT_FOR_FAB/preview/top.png"
e39f636918d9,136478,2026-09-06,08_HISTORICAL_PACKAGES,"08_HISTORICAL_PACKAGES/2026-09-05_master_package/05_OLDER_R0_KICAD_NOT_FOR_FAB/preview/top.svg"
1b5d80ae2fc5,2644,2026-09-06,08_HISTORICAL_PACKAGES,"08_HISTORICAL_PACKAGES/2026-09-05_master_package/05_OLDER_R0_KICAD_NOT_FOR_FAB/verify_project.py"
b077dd3cf968,372,2026-09-06,08_HISTORICAL_PACKAGES,"08_HISTORICAL_PACKAGES/2026-09-05_master_package/06_ROUTING_CANDIDATES_NOT_FOR_FAB/00_MASTER_PACKAGE_WARNING.md"
1a4fa662394e,994,2026-09-06,08_HISTORICAL_PACKAGES,"08_HISTORICAL_PACKAGES/2026-09-05_master_package/06_ROUTING_CANDIDATES_NOT_FOR_FAB/00_WARNING.md"
44364cf3fe17,475344,2026-09-06,08_HISTORICAL_PACKAGES,"08_HISTORICAL_PACKAGES/2026-09-05_master_package/06_ROUTING_CANDIDATES_NOT_FOR_FAB/AUDIO_STORAGE_ROUTED_CANDIDATE.kicad_pcb"
85e2b7b95352,397953,2026-09-06,08_HISTORICAL_PACKAGES,"08_HISTORICAL_PACKAGES/2026-09-05_master_package/06_ROUTING_CANDIDATES_NOT_FOR_FAB/MISC_ROUTED_CANDIDATE_BASE.kicad_pcb"
f633c53d744d,421607,2026-09-06,08_HISTORICAL_PACKAGES,"08_HISTORICAL_PACKAGES/2026-09-05_master_package/06_ROUTING_CANDIDATES_NOT_FOR_FAB/POWER_ROUTED_CANDIDATE.kicad_pcb"
598f923cbec1,4510,2026-09-06,08_HISTORICAL_PACKAGES,"08_HISTORICAL_PACKAGES/2026-09-05_master_package/06_ROUTING_CANDIDATES_NOT_FOR_FAB/ROUTING_CANDIDATES_STATUS.md"
28a80b1b5612,448790,2026-09-06,08_HISTORICAL_PACKAGES,"08_HISTORICAL_PACKAGES/2026-09-05_master_package/06_ROUTING_CANDIDATES_NOT_FOR_FAB/USB_ROUTED_CANDIDATE.kicad_pcb"
f33c4a7de142,31679,2026-09-06,08_HISTORICAL_PACKAGES,"08_HISTORICAL_PACKAGES/2026-09-05_master_package/06_ROUTING_CANDIDATES_NOT_FOR_FAB/USB_ROUTED_CANDIDATE_DRC.txt"
593f84d47bc8,3214,2026-09-06,08_HISTORICAL_PACKAGES,"08_HISTORICAL_PACKAGES/2026-09-05_master_package/06_ROUTING_CANDIDATES_NOT_FOR_FAB/USB_ROUTED_CANDIDATE_ROUTES.csv"
cdc67819dc99,909,2026-09-06,08_HISTORICAL_PACKAGES,"08_HISTORICAL_PACKAGES/2026-09-05_master_package/06_ROUTING_CANDIDATES_NOT_FOR_FAB/USB_ROUTED_CANDIDATE_SUMMARY.txt"
3768968ffe24,3537,2026-09-06,08_HISTORICAL_PACKAGES,"08_HISTORICAL_PACKAGES/2026-09-05_master_package/06_ROUTING_CANDIDATES_NOT_FOR_FAB/audio_storage_candidate_summary.txt"
79352b7cadaf,32169,2026-09-06,08_HISTORICAL_PACKAGES,"08_HISTORICAL_PACKAGES/2026-09-05_master_package/06_ROUTING_CANDIDATES_NOT_FOR_FAB/audio_storage_routed_candidate_drc.txt"
9e26e38071ad,2456,2026-09-06,08_HISTORICAL_PACKAGES,"08_HISTORICAL_PACKAGES/2026-09-05_master_package/06_ROUTING_CANDIDATES_NOT_FOR_FAB/audio_storage_routes.csv"
32429584fca4,34940,2026-09-06,08_HISTORICAL_PACKAGES,"08_HISTORICAL_PACKAGES/2026-09-05_master_package/06_ROUTING_CANDIDATES_NOT_FOR_FAB/misc_candidate_base_drc.txt"
92aa2949d756,464,2026-09-06,08_HISTORICAL_PACKAGES,"08_HISTORICAL_PACKAGES/2026-09-05_master_package/06_ROUTING_CANDIDATES_NOT_FOR_FAB/misc_candidate_base_routes.csv"
dfd6c277b445,28733,2026-09-06,08_HISTORICAL_PACKAGES,"08_HISTORICAL_PACKAGES/2026-09-05_master_package/06_ROUTING_CANDIDATES_NOT_FOR_FAB/power_routed_candidate_drc.txt"
d5644cd85c60,9085,2026-09-06,08_HISTORICAL_PACKAGES,"08_HISTORICAL_PACKAGES/2026-09-05_master_package/06_ROUTING_CANDIDATES_NOT_FOR_FAB/power_routed_candidate_manifest.csv"
e64fd3aa5b37,966,2026-09-06,08_HISTORICAL_PACKAGES,"08_HISTORICAL_PACKAGES/2026-09-05_master_package/06_ROUTING_CANDIDATES_NOT_FOR_FAB/power_routed_candidate_summary.txt"
627b72c79b0f,35595,2026-09-06,08_HISTORICAL_PACKAGES,"08_HISTORICAL_PACKAGES/2026-09-05_master_package/06_ROUTING_CANDIDATES_NOT_FOR_FAB/route_audio_storage_clean_candidate.py"
9739b9237c02,14250,2026-09-06,08_HISTORICAL_PACKAGES,"08_HISTORICAL_PACKAGES/2026-09-05_master_package/06_ROUTING_CANDIDATES_NOT_FOR_FAB/route_misc_clean_candidate.py"
19d1102657d4,19450,2026-09-06,08_HISTORICAL_PACKAGES,"08_HISTORICAL_PACKAGES/2026-09-05_master_package/06_ROUTING_CANDIDATES_NOT_FOR_FAB/route_pmic_power_cell_r0b.py"
4f72ebff7588,27780,2026-09-06,08_HISTORICAL_PACKAGES,"08_HISTORICAL_PACKAGES/2026-09-05_master_package/06_ROUTING_CANDIDATES_NOT_FOR_FAB/route_usb_full_stage_r0b.py"
a71e53d525bd,10830,2026-09-06,08_HISTORICAL_PACKAGES,"08_HISTORICAL_PACKAGES/2026-09-05_master_package/07_LEGACY_METAL_CAD_NOT_FOR_MANUFACTURE/HISTORICAL_SOURCE_AND_OUTPUTS/gen_alu_body.py"
ff005eaae1de,261680,2026-09-06,08_HISTORICAL_PACKAGES,"08_HISTORICAL_PACKAGES/2026-09-05_master_package/07_LEGACY_METAL_CAD_NOT_FOR_MANUFACTURE/HISTORICAL_SOURCE_AND_OUTPUTS/out/alu_body.step"
dcfe1f6a020a,161111,2026-09-06,08_HISTORICAL_PACKAGES,"08_HISTORICAL_PACKAGES/2026-09-05_master_package/07_LEGACY_METAL_CAD_NOT_FOR_MANUFACTURE/HISTORICAL_SOURCE_AND_OUTPUTS/out/alu_face_front_v3.step"
272d64088e35,16213,2026-09-06,08_HISTORICAL_PACKAGES,"08_HISTORICAL_PACKAGES/2026-09-05_master_package/07_LEGACY_METAL_CAD_NOT_FOR_MANUFACTURE/HISTORICAL_SOURCE_AND_OUTPUTS/out/alu_face_front_v3_mm.dxf"
c51bd9771579,423379,2026-09-06,08_HISTORICAL_PACKAGES,"08_HISTORICAL_PACKAGES/2026-09-05_master_package/07_LEGACY_METAL_CAD_NOT_FOR_MANUFACTURE/HISTORICAL_SOURCE_AND_OUTPUTS/out/alu_unibody_assembly.step"
5e2b60aec2e1,15542,2026-09-06,08_HISTORICAL_PACKAGES,"08_HISTORICAL_PACKAGES/2026-09-05_master_package/07_LEGACY_METAL_CAD_NOT_FOR_MANUFACTURE/HISTORICAL_SOURCE_AND_OUTPUTS/out/antenna_window_mm.dxf"
663bad367ddf,60343,2026-09-06,08_HISTORICAL_PACKAGES,"08_HISTORICAL_PACKAGES/2026-09-05_master_package/07_LEGACY_METAL_CAD_NOT_FOR_MANUFACTURE/HISTORICAL_SOURCE_AND_OUTPUTS/out/pc_antenna_window.step"
95fc42b16a8c,15526,2026-09-06,08_HISTORICAL_PACKAGES,"08_HISTORICAL_PACKAGES/2026-09-05_master_package/07_LEGACY_METAL_CAD_NOT_FOR_MANUFACTURE/HISTORICAL_SOURCE_AND_OUTPUTS/out/pom_lock_key.step"
baa99869d259,1769,2026-09-06,08_HISTORICAL_PACKAGES,"08_HISTORICAL_PACKAGES/2026-09-05_master_package/07_LEGACY_METAL_CAD_NOT_FOR_MANUFACTURE/READ_BEFORE_USE.md"
b9d878bf49cc,1484,2026-09-06,08_HISTORICAL_PACKAGES,"08_HISTORICAL_PACKAGES/2026-09-05_master_package/08_JLCPCB_ORDER_STATUS/JLCPCB_STATUS_2026-09-05.md"
891a8e0e40be,5854283,2026-09-06,08_HISTORICAL_PACKAGES,"08_HISTORICAL_PACKAGES/2026-09-05_master_package/09_SOURCE_ARCHIVES/Anticipy_36h_Custom_EVT_Sprint_2026-08-30.zip"
3ddc6b372496,256257,2026-09-06,08_HISTORICAL_PACKAGES,"08_HISTORICAL_PACKAGES/2026-09-05_master_package/09_SOURCE_ARCHIVES/Anticipy_ANT_PROD_R0_EVT_KiCad_Source.zip"
e0598a07ae66,6119376,2026-09-06,08_HISTORICAL_PACKAGES,"08_HISTORICAL_PACKAGES/2026-09-05_master_package/09_SOURCE_ARCHIVES/Anticipy_Investor_Unit_001_FULL_PRINT_BRIEF_2026-09-01.zip"
7dab57f58604,5443887,2026-09-06,08_HISTORICAL_PACKAGES,"08_HISTORICAL_PACKAGES/2026-09-05_master_package/09_SOURCE_ARCHIVES/Anticipy_R0B_Engineer_Handoff_2026-08-29.zip"
c9808c317d59,433545,2026-09-06,08_HISTORICAL_PACKAGES,"08_HISTORICAL_PACKAGES/2026-09-05_master_package/09_SOURCE_ARCHIVES/Anticipy_SAPA_No_Lees_2026-09-04.zip"
796cdebe9467,32062,2026-09-06,08_HISTORICAL_PACKAGES,"08_HISTORICAL_PACKAGES/2026-09-05_master_package/FILE_INDEX_SHA256.csv"
ed826c472fcf,1882,2026-09-06,08_HISTORICAL_PACKAGES,"08_HISTORICAL_PACKAGES/2026-09-05_master_package/HARDWARE_SYSTEM_MAP.md"
be656378fd90,15602,2026-09-06,08_HISTORICAL_PACKAGES,"08_HISTORICAL_PACKAGES/2026_firmware_provenance_lane/BUILD.md"
a59b96b61ede,5261,2026-09-06,08_HISTORICAL_PACKAGES,"08_HISTORICAL_PACKAGES/2026_firmware_provenance_lane/PROTOCOL.md"
2a84ac885abc,6483,2026-09-06,08_HISTORICAL_PACKAGES,"08_HISTORICAL_PACKAGES/2026_firmware_provenance_lane/README.md"
a6f1242568b8,8130,2026-09-06,08_HISTORICAL_PACKAGES,"08_HISTORICAL_PACKAGES/2026_firmware_provenance_lane/THREAT-MODEL.md"
72a4d230671e,208,2026-09-06,08_HISTORICAL_PACKAGES,"08_HISTORICAL_PACKAGES/2026_firmware_provenance_lane/protocol/__init__.py"
17bc1bd88e97,5684,2026-09-06,08_HISTORICAL_PACKAGES,"08_HISTORICAL_PACKAGES/2026_firmware_provenance_lane/protocol/frame_protocol.py"
86020315c631,1519,2026-09-06,08_HISTORICAL_PACKAGES,"08_HISTORICAL_PACKAGES/2026_firmware_provenance_lane/quarantine/README.md"
9dcbdb805840,99,2026-09-06,08_HISTORICAL_PACKAGES,"08_HISTORICAL_PACKAGES/2026_firmware_provenance_lane/quarantine/SHA256SUMS"
2e78015e01d2,624640,2026-09-06,08_HISTORICAL_PACKAGES,"08_HISTORICAL_PACKAGES/2026_firmware_provenance_lane/quarantine/anticipy-unverified-2e78015e.uf2"
7f9056bd57f5,1365,2026-09-06,08_HISTORICAL_PACKAGES,"08_HISTORICAL_PACKAGES/2026_firmware_provenance_lane/quarantine/manifest.json"
78ce347d4df1,6587,2026-09-06,08_HISTORICAL_PACKAGES,"08_HISTORICAL_PACKAGES/2026_firmware_provenance_lane/replacement/patches/0001-anticipy-name-and-battery.patch"
e0c411dd1891,189180,2026-09-06,08_HISTORICAL_PACKAGES,"08_HISTORICAL_PACKAGES/2026_firmware_provenance_lane/replacement/patches/0002-anticipy-source-safety.patch"
c390fe9f4779,4794,2026-09-06,08_HISTORICAL_PACKAGES,"08_HISTORICAL_PACKAGES/2026_firmware_provenance_lane/replacement/replacement.lock.json"
d1d0ef913ea6,60417,2026-09-06,08_HISTORICAL_PACKAGES,"08_HISTORICAL_PACKAGES/2026_firmware_provenance_lane/replacement/spdx-2.3.schema.json.b64"
792d23736ca7,1103,2026-09-06,08_HISTORICAL_PACKAGES,"08_HISTORICAL_PACKAGES/2026_firmware_provenance_lane/replacement/spdx-schema.lock.json"
5efb9b2872c7,3343,2026-09-06,08_HISTORICAL_PACKAGES,"08_HISTORICAL_PACKAGES/2026_firmware_provenance_lane/replacement/toolchain.lock.json"
e3218836188f,971,2026-09-06,08_HISTORICAL_PACKAGES,"08_HISTORICAL_PACKAGES/2026_firmware_provenance_lane/scripts/OmiBLEProbe.Info.plist"
ffca05a7ea06,39338,2026-09-06,08_HISTORICAL_PACKAGES,"08_HISTORICAL_PACKAGES/2026_firmware_provenance_lane/scripts/build_candidate.py"
2fa4534a72d0,3317,2026-09-06,08_HISTORICAL_PACKAGES,"08_HISTORICAL_PACKAGES/2026_firmware_provenance_lane/scripts/fetch_upstream.py"
d3d0750c69ff,9740,2026-09-06,08_HISTORICAL_PACKAGES,"08_HISTORICAL_PACKAGES/2026_firmware_provenance_lane/scripts/materialize_replacement.py"
5e330722058e,10037,2026-09-06,08_HISTORICAL_PACKAGES,"08_HISTORICAL_PACKAGES/2026_firmware_provenance_lane/scripts/omi_ble_probe.html"
cc9a46cfe880,19115,2026-09-06,08_HISTORICAL_PACKAGES,"08_HISTORICAL_PACKAGES/2026_firmware_provenance_lane/scripts/omi_ble_probe.swift"
09a824606ba2,1416,2026-09-06,08_HISTORICAL_PACKAGES,"08_HISTORICAL_PACKAGES/2026_firmware_provenance_lane/scripts/select_sbom_python.sh"
d689d42e5835,44051,2026-09-06,08_HISTORICAL_PACKAGES,"08_HISTORICAL_PACKAGES/2026_firmware_provenance_lane/scripts/spdx_sbom.py"
2879187f267f,2493,2026-09-06,08_HISTORICAL_PACKAGES,"08_HISTORICAL_PACKAGES/2026_firmware_provenance_lane/scripts/uf2.py"
f34aa04ea04b,1993,2026-09-06,08_HISTORICAL_PACKAGES,"08_HISTORICAL_PACKAGES/2026_firmware_provenance_lane/scripts/verify_quarantine.py"
33f1517cedab,2038,2026-09-06,08_HISTORICAL_PACKAGES,"08_HISTORICAL_PACKAGES/2026_firmware_provenance_lane/tests/fixtures/audio_packet_streams.json"
ad61e6af726a,6515,2026-09-06,08_HISTORICAL_PACKAGES,"08_HISTORICAL_PACKAGES/2026_firmware_provenance_lane/tests/fixtures/replacement_upstream/CMakeLists.txt"
6b0dd778af58,601,2026-09-06,08_HISTORICAL_PACKAGES,"08_HISTORICAL_PACKAGES/2026_firmware_provenance_lane/tests/fixtures/replacement_upstream/README.md"
755e670b0f42,3004,2026-09-06,08_HISTORICAL_PACKAGES,"08_HISTORICAL_PACKAGES/2026_firmware_provenance_lane/tests/fixtures/replacement_upstream/prj_xiao_ble_sense_devkitv2-adafruit.conf"
fdbb91a4ced4,1161,2026-09-06,08_HISTORICAL_PACKAGES,"08_HISTORICAL_PACKAGES/2026_firmware_provenance_lane/tests/fixtures/replacement_upstream/src/config.h"
7577cb0f888e,25576,2026-09-06,08_HISTORICAL_PACKAGES,"08_HISTORICAL_PACKAGES/2026_firmware_provenance_lane/tests/fixtures/replacement_upstream/src/transport.c"
f1e590904c00,2404,2026-09-06,08_HISTORICAL_PACKAGES,"08_HISTORICAL_PACKAGES/2026_firmware_provenance_lane/tests/test_ble_probe_contract.py"
7340965d27b3,5275,2026-09-06,08_HISTORICAL_PACKAGES,"08_HISTORICAL_PACKAGES/2026_firmware_provenance_lane/tests/test_firmware_runtime_selector.py"
f05226af130e,47615,2026-09-06,08_HISTORICAL_PACKAGES,"08_HISTORICAL_PACKAGES/2026_firmware_provenance_lane/tests/test_firmware_sbom.py"
d28d60b7097b,3260,2026-09-06,08_HISTORICAL_PACKAGES,"08_HISTORICAL_PACKAGES/2026_firmware_provenance_lane/tests/test_frame_protocol.py"
1d11f290252f,2918,2026-09-06,08_HISTORICAL_PACKAGES,"08_HISTORICAL_PACKAGES/2026_firmware_provenance_lane/tests/test_provenance.py"
49992419f4af,63558,2026-09-06,08_HISTORICAL_PACKAGES,"08_HISTORICAL_PACKAGES/2026_firmware_provenance_lane/tests/test_replacement_source.py"
ff300aafde7a,2822,2026-09-06,08_HISTORICAL_PACKAGES,"08_HISTORICAL_PACKAGES/2026_firmware_provenance_lane/upstream.lock.json"
9535f6fbf2f8,3690,2026-09-06,08_HISTORICAL_PACKAGES,"08_HISTORICAL_PACKAGES/README.md"
f5af590a38e2,6523,2026-09-06,README.md,"README.md"
