:020000022000DC
:10700000C03F022031390400C9EE05001D390400DB
:107010001D3904001D3904001D3904000000000062
:10702000000000000000000000000000E13A040041
:107030001D39040000000000AD3A04001D390400B1
:10704000C53C0400E74A0600C53C0400C53C0400FA
:10705000C53C0400C53C0400C53C0400C53C04001C
:10706000B74A0600C53C0400C53C0400D14A0600EE
:10707000C53C0400C53C0400C53C0400C53C0400FC
:10708000C53C0400C53C0400C53C0400C53C0400EC
:10709000C53C0400C53C0400C53C0400C53C0400DC
:1070A000C53C0400C53C0400C53C0400C53C0400CC
:1070B000C53C040059350500C53C0400C53C04002E
:1070C000C53C0400C53C0400C53C0400C53C0400AC
:1070D000C53C0400C53C0400C53C0400C53C04009C
:1070E000C53C0400C53C0400C53C0400C53C04008C
:1070F000C53C0400C53C0400C53C0400C53C04007C
:1071000080F0004002E000BF81F0004142001FBF5C
:107110005FEA410392EA030F7FEA226C7FEA236C65
:107120006AD04FEA1262D2EB1363C1BFD21841405A
:1071300048404140B8BF5B42192B88BF704710F0F0
:10714000004F40F4000020F07F4018BF404211F093
:10715000004F41F4000121F07F4118BF494292EAFB
:10716000030F3FD0A2F1010241FA03FC10EB0C0027
:10717000C3F1200301FA03F100F0004302D54942B4
:1071800060EB4000B0F5000F13D3B0F1807F06D361
:1071900040084FEA310102F10102FE2A51D2B1F159
:1071A000004F40EBC25008BF20F0010040EA03004E
:1071B0007047490040EB0000013A28BFB0F5000FCE
:1071C000EDD2B0FA80FCACF1080CB2EB0C0200FA84
:1071D0000CF0AABF00EBC25052421843BCBFD040D3
:1071E0001843704792F0000F81F4000106BF80F44D
:1071F00000000132013BB5E74FEA41037FEA226C10
:1072000018BF7FEA236C21D092EA030F04D092F0DA
:10721000000F08BF0846704790EA010F1CBF00200E
:10722000704712F07F4F04D1400028BF40F000406B
:10723000704712F100723CBF00F50000704700F08B
:10724000004343F0FE4040F4000070477FEA2262B2
:1072500016BF08467FEA23630146420206BF5FEA83
:10726000412390EA010F40F4800070474FF0000383
:1072700004E000BF10F0004348BF40425FEA000C4A
:1072800008BF704743F0964301464FF000001CE0F2
:1072900050EA010208BF70474FF000030AE000BF48
:1072A00050EA010208BF704711F0004302D5404286
:1072B00061EB41015FEA010C02BF844601460020F8
:1072C00043F0B64308BFA3F18053A3F50003BCFA13
:1072D0008CF2083AA3EBC25310DB01FA02FC6344C0
:1072E00000FA02FCC2F12002BCF1004F20FA02F2C7
:1072F00043EB020008BF20F00100704702F12002BA
:1073000001FA02FCC2F1200250EA4C0021FA02F21A
:1073100043EB020008BF20EADC7070474FF0FF0C1F
:107320001CEAD0521EBF1CEAD15392EA0C0F93EA1A
:107330000C0F6FD01A4480EA010C400218BF5FEABC
:1073400041211ED04FF0006343EA501043EA51112F
:10735000A0FB01310CF00040B1F5000F3EBF490029
:1073600041EAD3715B0040EA010062F17F02FD2A2D
:107370001DD8B3F1004F40EBC25008BF20F0010010
:10738000704790F0000F0CF0004C08BF49024CEA27
:10739000502040EA51207F3AC2BFD2F1FF0340EAB9
:1073A000C250704740F400004FF00003013A5DDC2A
:1073B00012F1190FDCBF00F000407047C2F100026B
:1073C000410021FA02F1C2F1200200FA02FC5FEA58
:1073D000310040F1000053EA4C0308BF20EADC70A2
:1073E000704792F0000F00F0004C02BF400010F414
:1073F000000F013AF9D040EA0C0093F0000F01F0C1
:10740000004C02BF490011F4000F013BF9D041EAE2
:107410000C018FE70CEAD15392EA0C0F18BF93EAE4
:107420000C0F0AD030F0004C18BF31F0004CD8D10E
:1074300080EA010000F00040704790F0000F17BF95
:1074400090F0004F084691F0000F91F0004F14D0DB
:1074500092EA0C0F01D142020FD193EA0C0F03D133
:107460004B0218BF084608D180EA010000F0004036
:1074700040F0FE4040F40000704740F0FE4040F411
:10748000400070474FF0FF0C1CEAD0521EBF1CEAB0
:10749000D15392EA0C0F93EA0C0F69D0A2EB0302CE
:1074A00080EA010C49024FEA402037D04FF0805368
:1074B00043EA111143EA10130CF000408B4238BF2D
:1074C0005B0042F17D024FF4000C8B4224BF5B1A3B
:1074D00040EA0C00B3EB510F24BFA3EB510340EA89
:1074E0005C00B3EB910F24BFA3EB910340EA9C0037
:1074F000B3EBD10F24BFA3EBD10340EADC001B01A7
:1075000018BF5FEA1C1CE0D1FD2A3FF650AF8B424A
:1075100040EBC25008BF20F0010070470CF0004C57
:107520004CEA50207F32C2BFD2F1FF0340EAC25082
:10753000704740F400004FF00003013A37E792F043
:10754000000F00F0004C02BF400010F4000F013AA1
:10755000F9D040EA0C0093F0000F01F0004C02BF9C
:10756000490011F4000F013BF9D041EA0C0195E705
:107570000CEAD15392EA0C0F08D142027FF47DAF9E
:1075800093EA0C0F7FF470AF084676E793EA0C0F8E
:1075900004D14B023FF44CAF08466EE730F0004C8C
:1075A00018BF31F0004CCAD130F000427FF45CAF1C
:1075B00031F000437FF43CAF5FE700BF4FF0FF3C8A
:1075C00006E000BF4FF0010C02E000BF4FF0010CDD
:1075D0004DF804CD4FEA40024FEA41037FEA226CA6
:1075E00018BF7FEA236C11D001B052EA530C18BFC8
:1075F00090EA010F58BFB2EB030088BFC81738BF2D
:107600006FEAE17018BF40F0010070477FEA226C1A
:1076100002D15FEA402C05D17FEA236CE4D15FEA16
:10762000412CE1D05DF8040B704700BF844608464A
:107630006146FFE70FB5FFF7C9FF002848BF10F10B
:10764000000F0FBD4DF808EDFFF7F4FF0CBF012050
:1076500000205DF808FB00BF4DF808EDFFF7EAFFDA
:1076600034BF012000205DF808FB00BF4DF808ED95
:10767000FFF7E0FF94BF012000205DF808FB00BF8A
:107680004DF808EDFFF7D2FF94BF012000205DF810
:1076900008FB00BF4DF808EDFFF7C8FF34BF01201D
:1076A00000205DF808FB00BF42000ED2B2F1FE4F91
:1076B0000BD34FF09E03B3EB126209D44FEA0023C1
:1076C00043F0004323FA02F070474FF00000704788
:1076D00012F1610F01D1420202D14FF0FF30704729
:1076E0004FF00000704700BF53B94AB9002908BFE6
:1076F00000281CBF4FF0FF314FF0FF3000F00CB8F6
:10770000ADF1080C6DE904CE0BF049FFDDF804E0A3
:10771000DDE9022304B07047704700BF2DE9F00790
:1077200091E8F807B2E802105B1854EB0C04B2E8D9
:1077300002104D4156EB0C06B2E802104F4158EBD7
:107740000C08B2E8021059EB01095AEB0C0A80E868
:10775000F80780410130BDE8F00770472DE9F007D8
:1077600091E8F807B2E802105B1A74EB0C04B2E877
:1077700002108D4176EB0C06B2E802108F4178EBD7
:107780000C08B2E8021079EB01097AEB0C0A80E8E8
:10779000F80780414042BDE8F00770472DE9F00747
:1077A000524290E87800B1E880071740DB1918EAE8
:1077B000020854EB080419EA020955EB09051AEA14
:1077C000020A56EB0A0678C090E87800B1E8800714
:1077D00017407B4118EA020854EB080419EA020931
:1077E00055EB09051AEA020A56EB0A0678C08041F1
:1077F0000130BDE8F00770472DE9F007524290E8EC
:107800007800B1E880071740DB1B18EA020874EB28
:10781000080419EA020975EB09051AEA020A76EB6F
:107820000A0678C090E87800B1E880071740BB41AD
:1078300018EA020874EB080419EA020975EB090555
:107840001AEA020A76EB0A0678C080414042BDE897
:10785000F00770472DE9F00152424FF0040890E81C
:10786000300091E8C000A31B1340E41AF618EB1B8C
:107870001340ED1AFF1830C0C0C1B8F10108EED1B5
:10788000BDE8F001704700BF00B592E8DC072DE9C4
:10789000DC07B1E8805702B4A7FB02510A95A8FBA8
:1078A000020BE7FB6310E9FB62B00B91A8FB0351ED
:1078B000EAFB6201E7FB64B5E7FB6605E8FB6615DA
:1078C000CDF830B0A9FB03B6EAFB6316ECFB6356B8
:1078D000E8FB640BE9FB641BEAFB645BECFB646B99
:1078E0000D90ACFB0230059CEEFB6250E9FB64603E
:1078F000EAFB64B0E7FB6431E8FB6451069CE8FBFB
:107900006461E9FB64B1EAFB64010E93A7FB0432F6
:10791000079CE7FB6462E8FB64B2E9FB6402EAFBF4
:107920006412049CE9FB6453EAFB6463089CE7FB74
:1079300064B3E8FB6403E9FB6413EAFB64230F957B
:107940005DF8049B99E80006DDF80080A9FB085467
:10795000EAFB68B4DDF81080ECFB6804EEFB681409
:10796000E9FB6824EAFB6834DDF80480EEFB686517
:10797000E9FB68B5EAFB6805DDF81480ECFB6815E7
:10798000EEFB6825E9FB6835EAFB68450F96DDF8F4
:107990000880AEFB0876E9FB6806EAFB6816DDF8AE
:1079A0001880ECFB6826EEFB6836E9FB6846EAFBCC
:1079B0006856DDF80C80ECFB68B7EEFB6807E9FB66
:1079C0006817EAFB6827DDF81C80ECFB6837EEFBE4
:1079D0006847E9FB6857EAFB686708B000BD00BF6D
:1079E0002DE9F14F87B0FFF74FFFDDF81C8008F15C
:1079F000200888E8FF00FFBC87E87F08BDE8F08F1B
:107A000000B591E89857A3FB03520195A3FB04012D
:107A1000E3FB6420E3FB67100292A3FB0752E3FB46
:107A20006802E4FB6415E3FB6805E3FB6925039149
:107A3000A4FB07B6E3FB6926E3FB6A56E4FB670B8E
:107A4000E4FB682BE3FB6A5BE3FB6C6B0490A4FB39
:107A50000810E4FB6950E3FB6C60E3FB6EB0E7FBEE
:107A60006721E4FB6951E4FB6A61E3FB6EB1E4FB6F
:107A70006E010592A7FB0832E4FB6A62E4FB6CB27C
:107A8000E4FB6E02E7FB6E12E7FB6853E7FB6963FA
:107A9000E4FB6CB3E7FB6C03E7FB6E13E8FB6E23C0
:107AA0000695A7FB0954E7FB6AB4E7FB6C04E8FB07
:107AB0006C14E8FB6E24E9FB6E34E8FB6865E7FBB9
:107AC0006AB5E8FB6A05E8FB6C15E9FB6C25E9FB88
:107AD0006E35EAFB6E450796A8FB0976E8FB6A0659
:107AE000E9FB6A16E9FB6C26EAFB6C36EAFB6E469C
:107AF000ECFB6E56E8FB69B7E9FB6907E9FB6A171F
:107B0000EAFB6A27EAFB6C37ECFB6C47ECFB6E5731
:107B1000EEFB6E6700BD00BF2DE9F14F87B0FFF7A8
:107B20006FFFDDF81C8008F1200888E8FF00FFBC2B
:107B300087E87F08BDE8F08F30B44FF0000310F8FD
:107B4000014B11F8015B013A84EA050443EA04039E
:107B5000F5D1A3F101034FEAD37030BC704700BFE9
:107B60004FF0000310F8012B013943EA0203F9D169
:107B7000A3F101034FEAD370704700BF30B411F88E
:107B8000014B12F8015B6C4000F8014B013BF6D150
:107B900030BC70472DE9F00791E8F807B2E8021011
:107BA0005B1854EB0C04B2E802104D4156EB0C0686
:107BB000B2E802104F4158EB0C08B2E8021059EB42
:107BC00001095AEB0C0A8941B3F1FF3374F1FF3418
:107BD00075F1FF3576F1000677F1000778F10008BE
:107BE00079F101097AF1FF3A51F100015B184C413A
:107BF0004D4156F1000657F1000758F1000859EBC6
:107C0000D1795AEB010A80E8F807BDE8F007704720
:107C10002DE9F00791E8F807B2E802105B1A74EB5F
:107C20000C04B2E802108D4176EB0C06B2E80210AB
:107C30008F4178EB0C08B2E8021079EB01097AEB7E
:107C40000C0A89415B184C414D4156F1000657F131
:107C5000000758F1000859EBD1795AEB010A80E886
:107C6000F807BDE8F007704718EB040859EB050961
:107C70005AEB060A5BEB070B5FF0000C4CF1000CB3
:107C800018EB050859EB06095AEB070A5BEB070BE3
:107C900050EB0C005FF0000C51EB0C0152EB0C02AE
:107CA00063414CF1000CB8EB070879F100097AF157
:107CB000000A7BEB040BA841B141A241B3416CF136
:107CC000000CBBEB050BB041B941AA41BB416CF1C3
:107CD000000C4CF001068CF0020718EB060859EB7B
:107CE0006C095AEB6C0A7BEB6C0B70EB6C0471EB60
:107CF0006C0572EB670653EB6C076CEB6C0C18EBC6
:107D00000C0059EB0C015AEB0C025BF1000354F12F
:107D1000000455F1000556EBDC7657EB0C07704775
:107D20002DE9F14F87B0FFF7AFFDDDF81080DDF8EA
:107D30001490DDF818A0FFF797FFBDE8000FFFF7DC
:107D400093FF03B05DF8048B88E8FF00BDE8F08F77
:107D50002DE9F14F87B0FFF753FEDDF81080DDF815
:107D60001490DDF818A0FFF77FFFBDE8000FFFF7C4
:107D70007BFF03B05DF8048B88E8FF00BDE8F08F5F
:107D80001FB50B4B01934FF48C73ADF808300823EB
:107D90008DF80A3083788DF80B3001A9FF2301207C
:107DA0008DF80C3000F090FB05B05DF804FB00BFCF
:107DB000996603001FB50A4B01934FF43673ADF873
:107DC000083008238DF80A3001A943788DF80B306C
:107DD00000208DF80C0000F077FB05B05DF804FB87
:107DE0001F6B0300F7B504460D4641B9124B1B78D3
:107DF000012B04D0019101A80121FFF7F3FF2368B3
:107E00000E4E0F4F0733002D23F0070323600CBFE6
:107E10002046002000F034FB002556F8043B0BB14F
:107E2000384698470135032DF7D100F09DFB2368B4
:107E30000344236003B0F0BD48120020400000203E
:107E40004A1200202DE9F7432A4C0190074601A869
:107E50000E46FFF7C7FFA578E3784FF000091D44F1
:107E6000EDB2C8465FFA89F39D4238D801980330D5
:107E700020F00300002E0190414618BF002000F0C2
:107E8000B5FC019D21790544019589B16379627C36
:107E90000335002E25F003051A44D2B2A3890195BB
:107EA0000CBF2846002000F015FD019B0344019300
:107EB000A17B79B123796BB1019B073323F00703D1
:107EC000002E0CBF18460020019304F0CFF8019B50
:107ED000034401930198C01B03B0BDE8F083A37A6B
:107EE000627A217AE0790CF0EDF909F10109804418
:107EF000B8E700BF481200208FB572B6194B9D6AD3
:107F0000E5B9BFF34F8F1849184BCA6802F4E06215
:107F10001343CB60BFF34F8F00BFFDE7B4FBF6F414
:107F2000DAB20133002CF9D102F110036B440A26B6
:107F300003F80C4C32B901A8A847E2E70446002335
:107F40000A26EDE7531E04AC54FA83F4DAB2C3B246
:107F5000B3FBF6F706FB1733303304F80C3CB0FBE9
:107F6000F6F0E7E74812002000ED00E00400FA0513
:107F70001FB5104B9A7A8DF809205A7A8DF808208F
:107F800002A81A7ADB79ADF80C20ADF80A3002F0BD
:107F90004FFC18B1DB210320FFF7AEFF012301A83E
:107FA0008DF804300DF002FA08B1DF21F3E705B0D7
:107FB0005DF804FB4812002038B5044690B30AF07F
:107FC00081FD10B94FF0FF3038BD07F097FBB0F5D9
:107FD000FA7FF7D8164D1748AC6200F0F3F9164B4C
:107FE00028460024C3E900449C6000F8024B262286
:107FF00021460BF0E9F80123EB702B711B23EB7189
:1080000040F21B332B810223AB721F23AB81082369
:10801000AB73EFF3108572B600F032FD2DB962B686
:108020002846D1E76FF01500CEE72046CCE700BF29
:1080300048120020717F02004000002010B5002887
:1080400036D1204C2378022B2FD059B1002A32D0C0
:10805000023905292CD8DFE801F0030F1D2B20235E
:108060001378E37001210020FFF7ECFEB0F5803FAC
:1080700024DA0123237010BD9378E3B1D378D3B110
:1080800013781A2B17D953781A2B14D91368C4F8FC
:108090000730E7E713782371E4E71388A381E1E76A
:1080A0001388FF2B07D8A373DCE74FF0FF30E2E71C
:1080B0006FF02C00DFE76FF01500DCE76FF00B00CE
:1080C000D9E700BF4812002070B50D460646E8B15A
:1080D000E1B111F0070419D100F0B2F8C8B130468F
:1080E0000AF064FE0C4E214686F82C002846FFF765
:1080F000A9FE0EF056FD96F82C00214602F02CFC4D
:10810000FFF736FF02233370204670BD6FF0150075
:10811000FBE74FF0FF30F8E74812002010B5074C9E
:108120002378022B05D102F02FFC94F82C000AF0E2
:1081300059FE0CF0B6F90020207010BD4812002046
:1081400050B1074B03F1140253F8041B40F8041B11
:108150009342F9D1002070476FF01500704700BFBF
:10816000D81F070010B5064B1C7834B902F0BEFBCF
:10817000044B054A5A60204610BD4FF0FF30FBE724
:108180004812002040000020817D020010B5064BFF
:108190001C7834B902F0BEFB044B054A1A60204635
:1081A00010BD4FF0FF30FBE74812002040000020D8
:1081B000B57D020010B5054B1C781CB902F062FBBE
:1081C000204610BD4FF0FF30FBE700BF48120020F3
:1081D00010B5054B1C781CB90DF0FEF8204610BDFB
:1081E0004FF0FF30FBE700BF4812002010B5054BF1
:1081F0001C781CB90DF0F3F8204610BD4FF0FF308D
:10820000FBE700BF4812002008B5054B1B78022B86
:1082100003D002F015F9002008BD4FF0FF30FBE756
:1082200048120020024B02681A600020704700BF0D
:1082300078120020014B1B68184700BF78120020FD
:10824000024B1868003818BF0120704778120020D0
:108250002DE9F341284E031D04463360304603F0F8
:10826000CFF90228054607D1234920460BF006FB2B
:10827000284602B0BDE8F081042836D13378072BB8
:1082800018D13E2000F04EF878B9F378327901A980
:1082900043EA02236846ADF800300BF0BBFD00282E
:1082A000DCD053210820FFF727FE052000F07AF8E4
:1082B0000028EAD0314620460BF045FBB0F5817F1F
:1082C00001D37221EEE70028C8D0277894F8028005
:1082D000384600F027F80028C0D03E2FC8D14046CD
:1082E00000F060F80028C3D1B8E70828C0D10249DF
:1082F00020460BF0F2FABBE77C120020074B4FF050
:10830000FF3141F6FF72C3E9001205490022C1E9BD
:1083100000221F21C3E90212704700BF00000020A5
:10832000C01200203F280CD801380B4BC0F342127A
:1083300000F01F0053F8223023FA00F000F0010093
:108340007047FF2806D04038C0F34212034B00F0BC
:108350001F00EFE70120704700000020C01200203E
:108360000146074B006849681A4603C240F48C2254
:108370001A6041F0107242F4FF625A60704700BF09
:10838000000000200246024B0068516803C370479A
:10839000C01200200246024B0068516803C37047B8
:1083A000080000200138064BC0F3421203EB8203A1
:1083B00000F01F009B6823FA00F000F001007047F6
:1083C00000000020014B1860704700BFC812002059
:1083D00010B5FFF793FF0CF05EFC034B1B680446DF
:1083E00003B19847204610BDC81200200B880288B0
:1083F000F0B5C3F30E049EB204F11803C57CC35A52
:1084000005352A442B4497B213FA82F3013B428884
:10841000B3FBF7F313FB07439BB29A42044A93BFA3
:1084200022EA0603324013439BB20B80F0BD00BF2B
:108430000080FFFF10B5114B00EB41041A786389EF
:10844000B3FBF2F303FB0223013A1A44B2F5706F57
:10845000027928BF00231A448378B2FBF3F0194451
:1084600003FB1020091AB1FBF3F003FB10131344B4
:108470006FEA43436FEA5343638110BDCC1200207F
:1084800010B5104BC8B15A78022A04D040F22B1113
:108490001720FFF731FD03225A70026812F007011E
:1084A00002D04FF49871F3E75C685A60224402608E
:1084B000C3E903119A60596110BD0122C3E90100AB
:1084C0005A70F9E7CC1200202DE9F041254E96F8BC
:1084D00001E00EF0FD0CBCF1010F04D040F245119B
:1084E0001720FFF709FD91F80680B8F1080F02D9AF
:1084F00040F24711F4E7CF7997B34546022D7268F1
:1085000038BF02257B1D5C0002EB43036A1E134447
:108510006D422B408D884544013DC8F100022A4040
:108520004FF6FE75AA4202D94FF4A971D8E7BEF101
:10853000030F12D106EB80001C1BC56815B140F279
:108540005711CDE7C460A770228084F803C0087A71
:1085500009682071080CE080218107FB02337360F9
:10856000BDE8F081CC1200202DE9F047364C63784D
:10857000012B65D0032B04D040F267111720FFF7C1
:10858000BBFCD4E901329A4202D04FF4B571F5E751
:108590002546002305F80C3B1E460222994655F855
:1085A0002200013A58B190F804808178B8F1FF0FA9
:1085B0002FD180F804908E423CBFCEB20123511CD3
:1085C000EDD103B12670022640F6FF6955F82670FA
:1085D0009FBB013EFAD2042363700020BDE8F08700
:1085E00055F82CE0BEF1000F06D09EF804A0C2455D
:1085F00004BF9EF802E077440CF1FF3CBCF1000F91
:10860000EEDA3944FF2907D903B126704FF483719C
:10861000B4E794460027F1E70771CCE707EB410385
:108620003846A3F80A90FFF705FF08F10108BB7868
:108630005FFA88F18B42F1D8CBE74FF00008F6E7FC
:10864000022360686370C9E7CC120020F8B54FF6CA
:10865000FF730380184B03EB81030546D868B8B15C
:1086600086780379B3FBF6F206FB1233DBB21946C8
:108670000A1D00EB4202B2F902705488002F09DB98
:108680000131B1FBF6F206FB1211C9B28B42EFD1F8
:108690000020F8BDFF29FBD0C4F30E03C4782B8063
:1086A00024B94FF4D9711720FFF726FC5380BDE899
:1086B000F8400BF0E6BD00BFCC1200201D4B03EBD1
:1086C000810370B5DC68054644B3030404D54FF458
:1086D000E0711720FFF710FC014620460BF0B3FDB8
:1086E000FF28014604D02046BDE870400BF0C9BD0C
:1086F000A078B5FBF0F300FB1353DBB219460A1D5B
:1087000004EB4206B6F90260002E09DB0131B1FB31
:10871000F0F200FB1211C9B28B42F0D1002070BD03
:10872000FF29FBD08B4204EB42021CBF0023E37005
:108730005580D8E7CC120020094B03EB810310B51C
:10874000DC68014620460BF07EFDFF28014604D080
:108750002046BDE810400BF094BD002010BD00BFC6
:10876000CC120020F8B5104B03EB81030746DC6800
:10877000014620460BF067FDFF28054611D0E6882C
:10878000238953EA064606D0014620460BF079FDC0
:1087900001463846B04720462946FFF74BFE0020E9
:1087A000F8BD0320FCE700BFCC12002038B50E4B0B
:1087B000827903EB82030446D86808B9022038BDE9
:1087C0008278E1799142F9D24B1CE37100EB4103CD
:1087D0005D89B3F90A30002BF3DBA5800BF051FD66
:1087E00020600020EBE700BFCC12002070B50446EB
:1087F00010F003000E4603D049211820FFF77CFB40
:108800000BF0C5FC054624B10348314604600BF06B
:10881000BEFC284670BD00BFE41200202DE9F04FD9
:108820001E4C85B092462268BDF83CB09846814601
:10883000BDF838300D461AB95B211820FFF75CFBF4
:108840001A460A21504603930BF04CFB5A46064643
:10885000092140460BF046FB3118074620680BF013
:10886000C1FC039BC9F8000018B9286005B0BDE839
:10887000F08F84192C60D9F80000009352463146DD
:108880000A230BF0E1FA2868CDF838B009234246F4
:10889000394605B0BDE8F04F0BF0D6BAE41200201F
:1088A00070B50E4604460BF026FB054630460BF02D
:1088B00022FB044B2A1821461868BDE870400BF0D3
:1088C000BBBC00BFE4120020014B18680BF07DBC5C
:1088D000E4120020F8B511441D4EC9B210F0030592
:1088E000317003D04D210920FFF706FB1F2B19D84B
:1088F0009B009BB2033323F003039BB208B170606B
:10890000338101EB81047668E2004FF0010C00EB4B
:10891000C404EFB2B94212D8D01D03FB010020F00D
:108920000700F8BDFF2B4FEA430204D9FF339342FF
:10893000DFDB93B2DEE77C2AFBDC7C23DAE710B1D5
:1089400086F800C07460013528361C44E1E700BF9A
:10895000E812002038B5144A147853680021C8B2D0
:10896000844203D8A8210920FFF7C6FA184601312E
:1089700005782833002DF2D000218170012412895E
:10898000447044688161C161920800F12001051DB5
:1089900021F8022B994245F8044B1444F8D10023E6
:1089A0004361037038BD00BFE81200202DE9F84391
:1089B0004B7880460C4602F0040602F0FB07D3B168
:1089C000DFB12E4BD4F804901D89B7BB012363702F
:1089D000AD08A761E76104F120034A46211D04F1B7
:1089E000280023F8025B984241F8042B2A44F8D16E
:1089F0000023636101E0002FE3D0FF23A370002E6A
:108A000018BF0226A3191B7D032B03D1022F1CBF05
:108A10000136F6B2A31901221A7506F10C0204EB15
:108A20008606002324F812307268A370C8F800206C
:108A3000A8F804304046BDE8F88300211422617094
:108A4000A0180AF0C1FBB5F5FF7F0FD26B08ED1A35
:108A5000ADB209EB0502C4F804902584A2606384DA
:108A6000C4F80C90A5842261E384C6E7B5F5EE6FE7
:108A70004FF0FF03EBD940F27265EAE7E8120020FD
:108A8000134B012200214FF0FF309A60C3F800120F
:108A9000C3F80803C3F80015C3F804259A60C3F8A7
:108AA0000803C3F80015C3F804250A490A4A03F568
:108AB00080334FF40040C3F80825C1F88000BFF3AD
:108AC0004F8FBFF36F8FC1F88001C3F8082570473F
:108AD00000F0004000E100E00000F63F0A461923E4
:108AE00002F8033B0448C368C1F8033003695360CC
:108AF00043699360704700BFF8120020024B5A8C04
:108B000002435A845B6A1847F8120020014B002187
:108B10005B6A1847F812002010B5154C05F046FFA7
:108B200005F066FB208DFFF7F1FF237E6BB1224637
:108B3000104952F80C3BE36063685360A36893608C
:108B400004F1190002220DF040F9236B93F8703004
:108B5000022B02D1084803F03FFAA36B94F83410BB
:108B600094F835009847002384F83C3010BD00BFCE
:108B7000F8120020DD8A020024130020034B93F832
:108B80003C300BB1FFF7C8BF704700BFF8120020A0
:108B900070B51D4C256B636C236495F89C300646BC
:108BA00094F848000BB10430C0B295F869102EB9A2
:108BB000FF2803D195F868308B4201D005F0B8FD4D
:108BC00095F89C30D3B1E06C06F072F8012384F87C
:108BD0006830D5E94023E16C206CC4E9182305F026
:108BE000BDFA16B9304606F0A1F895F868100020D5
:108BF00006F0E6F8022384F83C3070BD206C06F0E5
:108C000057F805F0F5FAECE7F81200202DE9F743E4
:108C1000404C94F83C30266B012B05460F465FFA1A
:108C200083F804D040F275412720FFF765F996F8E4
:108C30008C303BB1002186F88C100420FFF75EFFDA
:108C400086F88E80A16F0B7803F00303032B05D108
:108C500096F8923013B90220FFF750FFA26F1378F5
:108C600003F00303032B03D05378002B3ED10123E1
:108C700086F8923096F89C30B3B1D6E94001236B68
:108C800094F84890C4E918014FF0010893F869007E
:108C900084F868800BF007FC0022034600921E490E
:108CA0004A46404605F014FADDB9D7B1E36F2846CD
:108CB0009847B0B194F834309BB994F88030D90615
:108CC000C3F300125CBF636C1D78D4F884305CBFC2
:108CD000C5F30015C5F1010553B9B4F888303BB1AF
:108CE00032B903B0BDE8F043FFF716BF0223BFE778
:108CF000638C9A0709D5A36FDB78022BF1D1002092
:108D000003B0BDE8F043FFF743BF002DE9D1002BCE
:108D1000F5D0E6E7F81200204813002008B5094B0B
:108D200093F83C20022A04D04FF40F712720FFF75C
:108D3000E3F8DA7A42F00102DA72BDE80840FFF7A0
:108D4000EBBE00BFF8120020044B93F83C2002F069
:108D5000FF000AB9187670470C207047F8120020FF
:108D60000A4B0B4A70B506460D461A60FFF7ECFF3A
:108D700018B1DE212720FFF7BFF8064C012104F1CE
:108D80008A000CF013FF6664E56470BD4C0000209F
:108D900048950200F8120020024B012283F8AC2013
:108DA000704700BFF81200202DE9F043804C85B0D9
:108DB00002AE86E8030094F83C100C9F01F0FF051A
:108DC00011B90AB103B127B940F24F112720FFF7BB
:108DD00093F896E8030004F12C0C8CE8030084F867
:108DE000AC5084F8345084F8AD5084F8355084F891
:108DF000AE5065842585256BE3676262A76305F045
:108E0000D5FC05F0F5F995F96C0005F061FD686A8F
:108E100005F040FFE86905F061FD95F8AC0005F04C
:108E200083FD236B93F8FF310BB105F0ADFC95F892
:108E30006910012005F04AFE002800F0B6805D4B65
:108E40005D4E186805F02CFF2B69C4F8B0306B69D3
:108E5000C4F8B43005F58C7705F584731868596843
:108E6000324603C20833BB421646F7D1D5F8182163
:108E7000C4F869205A68514B5A60236B93F89620C6
:108E8000A2F12501012993F868100E4603D993F841
:108E90009700252855D193F8AE322BB1012E03D07F
:108EA000012B14BF0226012605F130073146384652
:108EB0000DF01BF831460CF0D2FCAB8F95F8691021
:108EC000834228BF0346384684F8B8300CF0F6FFDA
:108ED00095F8691095F89C60B5F84480082908BF9A
:108EE00004210CF0BCFC0EB9043080B2404528BF10
:108EF000404695F89C305FFA80F884F848809BB132
:108F0000D5E9406795F869004FF00109C4E9186791
:108F100084F868900BF0C7FA0022034600922649B5
:108F20004246484605F0D4F80120FFF731FE244BB5
:108F3000D3F8503523F00803032B2AD140F2F9115E
:108F400044E7203A012A0CD8232893F83E210AD07E
:108F500012F0010319D19207A6D5012918BF0226E4
:108F6000A2E723280DD193F83E2193F861301340F6
:108F700013F001020BD19B0796D5012908BF0E46BD
:108F8000ECE7042908BF08268EE71E468CE7164644
:108F90008AE7002323606360A360B5F890306380A4
:108FA0002B88238095F8AC30237105B0BDE8F083A1
:108FB000F81200204C00002048130020611300200C
:108FC0000010004008B50C4B93F83C201AB9BDE8DE
:108FD0000840FFF7A1BD93F83C20022A04D040F2DC
:108FE00012212720FEF788FF1B6BD3F81802BDE87B
:108FF000084005F06FBE00BFF8120020014B187644
:10900000704700BFF8120020014B93F8AE00704784
:10901000F8120020024B188DC0F38020704700BF6B
:10902000F8120020014B93F8AD007047F8120020B1
:109030002DE9F3411E4D82072C6B06460F4622D5C3
:10904000D5F8843023B940F266412720FEF754FF5B
:10905000B5F88820296C1846033291F801800AF08F
:109060003BF80DF1020201A92864D5F8B4000BF019
:1090700084F801980BF06BF8012238604146D5F86E
:10908000B4000BF010F8F3070ED5D4E940320133E9
:1090900042F10002C4E9403294F89430012B0CBF35
:1090A0000023012384F8943002B0BDE8F08100BFB2
:1090B000F81200202DE9F04FA04C002387B0CDE935
:1090C000043394F83C30276B022B80468A4604D048
:1090D0004FF49D612720FEF70FFF238D590606D41C
:1090E0004020FFF713FD238D43F04003238597F8BD
:1090F0009C30B8F1000F00F01281A3B105F0A6F882
:1091000005F08AF878B9236C5A7862B11B7897F821
:109110009420C3F3C0039A4205D1012384F835306B
:10912000FFF7FAFC4FE1236C5978A4F8881011B3CB
:10913000D4F8B4000AF08DFFC4F88400238D97F8AA
:10914000932043F480732385236C1B78C3F380033F
:109150009A4200F0B980256B95F89230002B3ED0F2
:10916000022B12D1D4F8B00004A90AF009FF28B9E3
:109170004FF47971AEE7C4F88410DFE7D5E93E32E9
:10918000013342F10002C5E93E3295F88E300021EC
:1091900085F8921023B185F88E101020FFF7AEFCF1
:1091A00095F88D309BB1002685F88D6001F0C2FDE9
:1091B00010B940F2FB318DE731460820FFF79EFCE5
:1091C000D5E93E32013342F10002C5E93E3295F85D
:1091D0009330012B0CBF0023012385F89330238D9E
:1091E00043F4806323854FF0000B216C97F89420A3
:1091F0000D78C5F3C0039A4240F0868005F0030560
:10920000032D266B62D0002D6BD196F89430013B74
:1092100018BF012386F89430236C5B7833B1D6E90C
:109220004032013342F10002C6E9403297F89B30E8
:1092300093B1D7E93E23216B002691F8680084F8AA
:109240006860C4E918230BF02EF93D4900960346E7
:10925000FB22304604F03CFFBAF1000F72D1628C61
:1092600094F8AD30120703D5A26FD278022A69D0E4
:10927000012B67D8E36F01209847002862D094F84B
:109280003490B9F1000F5DD1266B94F8483096F810
:109290009C208DF80D90002A40F09880FF2B96F8C6
:1092A000681003D196F869308B4202D0FF2005F098
:1092B0003FFA96F89230032B00F22F81DFE813F08B
:1092C00089000E0111012401C3468EE7238D012080
:1092D00043F4006386F88C002385FFF70FFC00251C
:1092E00093E74B78002BFAD0228DD4F8845042F4C7
:1092F00000622285002D99D0FB2B07D894F8AC3062
:109300005BB12020FFF702FC00258FE794F8343092
:1093100043F0100384F83430F6E7454675E70BB1A7
:1093200004F0CAFF94F8AD30013384F8AD30238DDA
:10933000002543F400732385AB4677E7F81200203D
:109340004813002005F05CFD4FF0010A1DB105A98E
:109350000220FFF76DFEBBF1000F0DD0B4F807201F
:10936000B4F805301343B7F8902013431EBFB4F888
:1093700009300133A4F80930B8F1000F00F0D580AE
:10938000B4F805300133A4F80530002384F8AD307B
:10939000694802F0FFFD049840B10AF0D8FE216B45
:1093A00000234372072201300CF0FDFC059B33B112
:1093B000216B00221A720C2205980CF0F4FCBAF111
:1093C000000F7FF4ADAE07B0BDE8F08F0433DBB221
:1093D00064E794F8B830ADF80E305848A6F8583025
:1093E00001F098FC00285DD0A16F8020FFF786FB7C
:1093F000012386F88D3096F89330A26FDB0003F0DE
:109400000801137803F0F3030B4396F894108900D6
:1094100001F004010B4323F0100103F00303032BBD
:10942000117002D1D378022B0FD0D4F8B0000AF01B
:10943000EFFD40B9A36F1B7803F00303032B04D0A7
:1094400001F08EFC08B94FF01009A06F037849EACB
:10945000030980F8009096F89B30002B60D0437889
:10946000002B5DD0E06C05F023FC002384F868300D
:10947000D6E93E23A16FE06CC4E9182304F06EFE28
:1094800096F86910012005F09BFCA26F1188A4F8E2
:10949000801091782A4A012384F8AE30917084F8C4
:1094A0003C3053E7D4F8B0000DF10D020DF10E0180
:1094B0000AF043FDA06788B196F8D73073B99DF8DC
:1094C0000D302BB903808370A06F01210CF06EFB6F
:1094D000BDF80E10A06F0CF035FC8CE7194BA3679C
:1094E00089E7B6F85830D4F8B000ADF80E300DF179
:1094F0000D020DF10E010AF020FDA06700287FF497
:109500007AAF40F2D521E5E50C4801F003FC0028D4
:109510007FF471AF40F2DE21DCE540F2EB21D9E5CA
:1095200005F0C6FB04F064FEAAE7B4F80730013387
:10953000A4F807302CE700BF24130020701300208C
:1095400078130020821300201D8D0200B5900200C8
:109550000D8C02007D8B02000B2808B504D94FF456
:1095600052710620FEF7C8FC014B33F8100008BD0D
:10957000789006002DE9F04F8BB004461546029313
:10958000894690F869B00BF075FF064694F8000222
:10959000FFF7E2FF94F897300393064485F0010348
:1095A000B6B2059355BB94F84C32032B26D1039BDE
:1095B0000D2B23D1B4F8AC324B451FD1D4F8543223
:1095C000C4F84032A369B4F81E22C4F84432B4F897
:1095D00092321344C4F84832204604F099FCD4F87F
:1095E000B032A362B4F8AE32A385D4F8B432A3612A
:1095F000D4F8B8322362022384F84C32B4F8907263
:10960000B4F89080A9EB07073FB204F51A73A9EBF1
:109610000808002F04930FFA88F86EDAD4E9A02323
:109620004746C4E9A22301230493CC4B1B7803F0E3
:10963000FF05002B54D006F0E1F8054600284FD076
:10964000B4F83432012B6DD994F84C32022B69D026
:1096500094F86252002D65D194F80002FFF77CFF68
:1096600094F84C3200F5C866012BB6B2D9B24CD191
:1096700094F89A30D4F828A0032B40D1D4F844525F
:1096800055443146D4F8440206F00EF8D4F840327E
:10969000C4F84002A0EB030AD4F848323146284609
:1096A00003FB0AFA06F000F8D4F85052C4F850024E
:1096B000451B3146A06905F0F7FFAA44B4F81E52D5
:1096C000D4F848324544ED1BDB432B44D4F85452C4
:1096D000451B05FB03A50123C4F8540284F862323C
:1096E00094F84C32DFF874A2032B00F28281DFE899
:1096F00013F01B0016016B003701029B94E728460C
:109700000CF0D7F800EB0A05BBE7A069314605F07D
:10971000CBFFB4F81E52D4F854324544ED1BC31AA3
:109720005D43D8E70025DBE7012100200CF0C1F8FC
:109730008046A06A3146404405F0B6FF3146C4F881
:109740005002A06905F0B0FF07A9C4F8540208A8A8
:1097500005F05EFB079B0093D4E9A201DDE9082335
:1097600009F094F8834620460AF0E3FED4F89832D4
:10977000A66A94F869001E4405F090FCD4F85012D3
:10978000A6F120077F1A00F523404FF47A7347446F
:10979000A130B0FBF3F0A38DA7EB0B0730313F1ADC
:1097A00003EB410194F869000AF0B0FED4F8983256
:1097B000FB1A2230B3F5CA7FCAF8040055D840F22C
:1097C000F2413020FEF798FBA36AD4F844023146F8
:1097D000184405F069FF3146C4F85002A06905F04D
:1097E00063FFC4F8540220460AF0A3FEB4F81E3208
:1097F000A66AD4F84472002B40F08C80029B002BA8
:1098000000F0888094F869B0584605F047FC37446A
:10981000D4F89C22D4F8503204938046203F584616
:10982000174405F033FC049BFF1A3F1A08F5234840
:1098300008F1A1084FF47A70B8FBF0F8A7EB08071D
:10984000D4F85012D4F84032D4F8482294F8690081
:10985000303102FB0311A38D03EB41010AF056FEE8
:109860000123CAF8040084F84C32A669D4F85432B3
:10987000A6F21F26F61ADAF804309E4228BF1E46CA
:109880007423A4F87032D4E9A2327F1BDF1942F1AD
:1098900000024FF00008C4E99E72C4F8186284F810
:1098A000688204F130000CF007FBB4F80812A4F849
:1098B0009092D4E99E23A1EB09090FFA89F9C145D9
:1098C000C4E9A223C8BF022384F87282C8BF84F807
:1098D0007232039B06440D2BC4F86C62029B00F0AD
:1098E0008B80002B40F0898094F84C32002B00F0E4
:1098F000A280A169D4F8543204F51A70C91A0BF089
:109900007DFF80B2002800F09680149B03B1188080
:109910000120A0E0D4F8500237443F1A90E7D4F871
:109920005422A369D4F84802D4F840129B1A5F432A
:10993000B4F81E329844C3439844D4F850323033BC
:1099400001FB0033A18D94F8690002FB083301EBA1
:1099500043010AF0DBFDCAF8040086E7B4130020D7
:10996000A369D4F854021B1A5F4394F89630252B50
:1099700003D094F89730252B0AD1B4F8AC32A9EB78
:1099800003031B0404D494F8AF32002B18BF9B468A
:10999000049B03B3B4F81E32EBB9D4F89C3213B96C
:1099A00040F244510DE794F8690005F077FBD4F8D4
:1099B0009C320646203B94F86900049305F066FB50
:1099C000049B1F44381A06F52343A1334FF47A77DA
:1099D000B3FBF7F7C71BB4F81E12D4F85432414456
:1099E00059433031490058460AF090FD1B4B5860EE
:1099F0003BE740F25951E4E6EBB1B4F8341221B33D
:109A0000B4F8362294F83832A4F8362202FB033335
:109A1000994202F101000EDD94F872325BB100232D
:109A200084F87232A4F8360201F022FF00F0070039
:109A3000013084F8380294F8940204F51A7107F0A2
:109A400071FE20B940F2A351BBE60A46DAE7059B56
:109A500084F8603200200BB0BDE8F08FB413002012
:109A60002DE9FF41044618B99C213020FEF744FA45
:109A7000082900F22381DFE811F0090071007B0062
:109A80007B00760021010D0115011F010023C0F8A4
:109A90009C3290F86032B0F89020002B56D0B0F88D
:109AA0005E3293424CD1B0F80C22A0F89020D31A29
:109AB000A0F80E32D4E99E232046C4E9A02304F086
:109AC0000BF994F81332002B00F0A780A569D4F8A5
:109AD0005432DFF8EC819D4288BFED1A98F80830C7
:109AE00098BF00251BB9236B9D4228BF1D4604F17A
:109AF0003000D4F818720CF0DFF90744022008F0A7
:109B0000F1FBED1B25EAE575854228BF05460221DC
:109B1000284608F037FC00B92F4440F27D22394630
:109B200020460CF014FAD4F81832C8F80C00A069DA
:109B3000184408F07DFB00286FD140F2AA3194E769
:109B40009A1AA0F80E22A4F89030B3E7B0F85C326D
:109B50009A1AA0F80E22B0F85C32F4E704B0BDE81F
:109B6000F0410CF0FDBF04B0BDE8F04105F05CB978
:109B70000DF097F8D4E9A023801A61EB03010128C6
:109B800071F1000302DA4FF4C4616EE76FF0010374
:109B900083424FF000038B4102DA40F2216164E717
:109BA000A3690BB1B0FBF3F394F89710B4F85E22FD
:109BB0000D2935D10132A4F85E22B4F89232B4F8FE
:109BC00090500133A4F89232B4F8CA301D44B4F86E
:109BD000C830013DED1AADB20DF10E06B4F85E12BB
:109BE0006B1A1B0436D594F89A303649002B0CBFFB
:109BF0003E23082384F8B93004F1B0000CF0DFF8FC
:109C000020460CF0AFFF002384F84C3294F8940205
:109C100007F054FC202384F8943204B0BDE8F081AE
:109C2000B4F890100B449BB2D11A090454BF531CD2
:109C300001339BB2A4F85E3294F86132002BBCD1A0
:109C4000B4F80C32B4F85E22934204BF0133A4F896
:109C50005E32B2E7002300961A462046FFF78AFCE0
:109C60000028DAD0012812D1B4F85E22B4F8081224
:109C7000BDF80E301344521A12049BB204D5EA1AEE
:109C800012F4004F18BF0B46A4F85E32A6E74FF45B
:109C9000CC61EAE6012005F0D1FC04B0BDE8F0415A
:109CA0000AF00FBC90F84C32042B01D0C021DCE646
:109CB000002380F84C32B0E7C621D6E6CA21D4E6AC
:109CC000B41300208360030090F8E8302DE9F041E0
:109CD00004460D46164603F0FF0813B10C20BDE8FC
:109CE000F0810146474807F0BDFB20280746F5D024
:109CF0005022414604F1C80009F066FA012384F8B5
:109D0000C870C4F8CC5084F8E83035B101F0C8FD13
:109D100000F00700013085F8380220460AF0D3FB36
:109D200000270223A4F8FA30A4F8F80084F8F070B1
:109D300005F0EAFCB4F8F8509D35054420460CF0D7
:109D400091FDADB2014668B30BF094FB00F5CD6117
:109D500089B2304605F0A8FC3044C4F8F4000CF099
:109D6000A0FF281841F10001C4E94001012084F856
:109D7000D000E7840CF043FEDB3E361AC4F8D46012
:109D80004FF0FF326FF00043C4E9422394F8C8005B
:109D900004F1F00107F0C6FC30BB40F2EF113020B7
:109DA000FEF7AAF820460CF081FC174FDB30C4F810
:109DB000F400388A40B1E08C30B101F071FD3B8A8B
:109DC000B0FBF3F202FB130005440CF06AFF2D1800
:109DD00041F10001C4E94051002ED1D0751941F183
:109DE0000001C4E94251D1E7D4E9402300252046CF
:109DF000C4E93823A4F8EA5029460CF05FFD284650
:109E00006DE700BFF7450300B4130020F0B5002351
:109E100085B0CDE9003301238DF806306846FEF7A2
:109E2000C5FC70B11B4E0123B3740027CDE9027746
:109E300002A8FEF7BBFC0546A8B10020B07405B02F
:109E4000F0BD00980AF08CFCE8E790F8940208F066
:109E5000C3FB94F8940284F84C5207F02FFB2023A4
:109E600084F89432E2E7029B002BE1D093F894222D
:109E7000202ADDD018884FF6FF739842DDD029469E
:109E8000FEF75AFC04460028DFD140F229113020A9
:109E9000FEF732F8B4130020054B002201211A729C
:109EA00019709A7442F210721A82FFF7AFBF00BFA6
:109EB000B4130020014B1872704700BFB413002088
:109EC00008B504F0F7FB044BDA6882422ABF987C9D
:109ED000002080F0010008BDB41300202DE9F347F5
:109EE0000446052900F28D80DFE801F0037D6A7ADF
:109EF0008186D0F89C32002B50D090F86232002B33
:109F00004CD090F84C32032B48D190F869A00BF05C
:109F1000B1FA064694F80002FFF71EFB804606449D
:109F20005046D4F89C7205F0B1F83F1A504605F03F
:109F3000B5F800F2E7325046D4F818524FF47A7967
:109F4000B2FBF9F2BF1A05F0A1F82D1A504605F040
:109F5000A5F800F52340A130B0FBF9F02B1A5A0800
:109F6000B6B2603B08F5C868293273431FFA88F817
:109F7000B3FBF8F360335908A2EB53039F4202D3BB
:109F80000A44974201D905F025FEA069314605F043
:109F90008BFB0023C4F8540284F862321A4B9B7C7A
:109FA00003F0FF0263B9B4F80C12009201232046BB
:109FB000FFF7E0FA38B140F2DA613020FDF79CFF9C
:109FC000042384F84C3204F03BFD07F0A5F8B4F804
:109FD0009020A4F85E220023A4F8923284F8613223
:109FE00002B0BDE8F087032380F84C32F8E704F0B4
:109FF0005BFBC4F89C02F3E702B0BDE8F0470AF04F
:10A0000098BA40F26E71D8E7B41300202DE9F843F6
:10A0100006460C4615468ABB04F04CFB0121D4E9E8
:10A020004089074684F8E850D4F8CC0084F8D05032
:10A0300084F8E91001F0D6F8D4F8CC00C0E9A08982
:10A0400094F8C83080F89432C0E9A289C0F89872B8
:10A050000AF083FA20B140F21D713020FDF74CFF69
:10A0600004F0EEFC07F058F8074994F8C8003246AF
:10A0700005F0B8FA28B940F28171EEE74FF4F361C8
:10A08000EBE7BDE8F88300BF619A0200014B18823C
:10A09000704700BFB4130020F0B5070CA7F5AA4223
:10A0A000144B543A012A03EA90231FD927F40040A5
:10A0B00042F6AA22801A18BF012000221621164655
:10A0C0001F2487EA060562EA0505013510D0DD0385
:10A0D000ADB245EA5606E503ADB2013945EA520292
:10A0E0004FEA53034FEA5404EBD1F0BD0020E4E7FC
:10A0F0000020FAE7E0FF3F0010B501210020FEF745
:10A100001BFB044670B90121FEF7D8FA044620B9BA
:10A1100040F21B313920FDF7EFFE034B93F900109D
:10A120000CF08CFA204610BDC8130020304BF0B55F
:10A130005A88B0F85C70B0F85A609D88974228BF82
:10A140001746964228BF16461B2E85B00C462ED0C9
:10A15000B5F5A47F2DD040F648039D4201A928BF44
:10A160001D460AF076FCBDF80A309F4228BF1F4604
:10A17000BDF80C30E780AB4228BF2B462381BDF8E9
:10A1800006309E4228BF1E46BDF8083066809D42BC
:10A1900028BF1D46A580FF232370E3881B3B9BB28D
:10A1A000E02B08D94FF4B7613920FDF7A5FE1B2F2E
:10A1B000CED105B0F0BD63881B3B9BB2E02B02D92A
:10A1C00040F2BA51F0E72389A3F5A4739BB2B3F52B
:10A1D000E06F02D940F2BC51E6E7A388A3F5A4736F
:10A1E0009BB2B3F5E06FE4D940F2BE51DCE700BFAB
:10A1F000C813002008B50BF066FA00F0FDFE00F071
:10A20000F3FB0BF0CEFD01F0A5F801F041FF01F0EA
:10A21000B9F8084B1B224FF4A4715A809980064B61
:10A2200006499A8000221960DA825A821A835A7487
:10A2300008BD00BFC8130020F417002003021B0054
:10A24000044B41F64C52C3E902221B221A74FFF759
:10A25000D1BF00BFF41700202DE9FF41364DAB6898
:10A26000044640F8303F0AF0B1FA064600F0ACFB75
:10A270006687324E2B7C84F8383010F0200F33681C
:10A280001DBFAA886988A4F85A101B2208BFA4F829
:10A290005A20A4F85C205BB1012302A88DF8083095
:10A2A00003940CF073FC336894F96C102088984781
:10A2B000AE7CEF7CB5F8148041F64C53A36116B91F
:10A2C00000F088FB064657BB00F084FB074646B308
:10A2D00038B302A920468DF808608DF80970ADF8F2
:10A2E0000A800BF0E2FA6B7801932B7800936A886E
:10A2F000AB8804F1140104F11000FEF78FFA236912
:10A3000013B940F28F5114E0636913B94FF4B2618D
:10A310000FE0002004B0BDE8F0810920FAE7002E2C
:10A32000D7D120880021FEF71DFA0028F5D040F291
:10A330007E513920FDF7E0FDF41700205000002089
:10A34000F7B505460E460CF0ACF9002873D0284648
:10A350000CF088FA40B1B6F80130013B7F2B03D9ED
:10A360001224204603B0F0BD28460CF07FFA08B94D
:10A370000C24F6E728460AF0E9FA0028F8D1284626
:10A380000CF04DF904460028F2D1284602F03AFBC1
:10A390000028E5D0B6F80170F17842F21073284633
:10A3A0005F430CF04CFA28460CF054FA014658B9B9
:10A3B0003A462846FFF788FC04460028D1D041F6EB
:10A3C00016013920FDF798FD21460DF10600FEF734
:10A3D0003DF9064668B3214600F004FFBDF806309B
:10A3E0003380284631460CF057FA28460CF044FAE0
:10A3F00098B928460CF042FA01463046FFF72CFF88
:10A4000004460028ADD13A4631462846FFF75CFCA9
:10A41000044620B141F63901D3E70121EDE7074BAE
:10A420009B68002B9DD0024606F5997130469847EF
:10A4300097E70D2495E7422493E700BFC813002057
:10A4400008B500F051FF0AF0B3FA014B187008BDCF
:10A45000C8130020034B5A8802801B7883700020A9
:10A46000704700BFF417002037B583781A2B0546D4
:10A4700009D8042B05D9012202FA03F3134A134227
:10A4800005D112241AE0292B01D03B2BF9D12888C1
:10A49000B0F5706FF5D269460BF063F988B9019B8E
:10A4A00093F8302102F0FF046AB9AA7883F83121C9
:10A4B000FF2283F8302168460BF04EFC204603B0A3
:10A4C00030BD0224FAE70C24F8E700BF200038046E
:10A4D0000188A1F11B039BB2E02B0CD84288A2F5A6
:10A4E000A4739BB244F24810834204D8034B00206B
:10A4F00059809A8070471220704700BFC81300200F
:10A50000034B5A889B88028043800020704700BF1D
:10A51000C813002038B504784278857804F0010328
:10A5200052EA030104F0020401D1112038BDBCB984
:10A53000002DFAD0002B08BF144601E00024254668
:10A5400020460AF03FFA0028EFD028460AF03AFAEF
:10A550000028EAD0054B00209C74DD749882E5E762
:10A56000002BEBD114461D46EAE700BFF41700208C
:10A5700013B5008869460BF0F4F818B102242046A0
:10A5800002B010BD019A92F84C32DBB292F8B820BA
:10A59000002AF3D113F0FB0FF0D0019890F842316C
:10A5A0000BB13A24EBE790F8E23003F0FF04002B04
:10A5B000F7D190F8D9309B0706D1012380F84231BA
:10A5C00068460BF0C9FBDAE702490222DA300BF0E9
:10A5D000FCFBD4E7DF640300F0B50778EF2F85B00C
:10A5E00004460D4603D91225284605B0F0BDB0F843
:10A5F0000130ADF80C309DF80C30DA063FD49E06E1
:10A6000003F0030238D5002AEDD11807EBD46378A4
:10A61000190711D42179E278E07942EA01226179BF
:10A6200042EA0142A17941EA0021207A41EA00414F
:10A630008A42D8D81F2AD6D9627A013A062AD2D8B5
:10A64000A27A032ACFD813F0040102D1023A012AD8
:10A6500003D8E27A012AC6D811B9A27C032AC2D84B
:10A6600013F01001227D19D0012ABCD1227E012ACB
:10A67000B9D8B1B91125B7E7032AC6D1B3E713F0AA
:10A68000600FB0D103F00F0203F00703052BBED01B
:10A69000931E012BBBD9002AA5D1B8E7022AE5D128
:10A6A000A1E7DA071FD46378227D03F01801082997
:10A6B0001ED1022ADED11B0709D4E279A37943EA2D
:10A6C0000223227A43EA0243B3F5804FD2D8BFB2C5
:10A6D00001213846FEF730F8064678B10AF036F91F
:10A6E000B8B10C2580E700F031F90028DBD1C1E7D3
:10A6F000022AE0D0A27E002ADDD0BBE70121384645
:10A70000FDF7DCFF064650B3164B93F900100BF033
:10A7100095FF30460CF09BF821462870E0743046D7
:10A720000BF0E0FF637E0546002B3FF45DAF002891
:10A730007FF45AAF316B02466846FEF737F9306B4B
:10A740002A46012109F0FFFD316B68460422FEF71D
:10A750002DF9306B2A46294609F0F5FD44E7072517
:10A7600042E700BFC813002070B50579042D8AB0F8
:10A77000034658D84488B4F5804F54D82B48465DDA
:10A78000284400214279857AC07BADF8041042F05C
:10A79000100242EA460242EA850242EAC00202F0A0
:10A7A0001F028DF80420BDF80420ADF80D201A8892
:10A7B0008DF80F208DF81240120A240A8DF811101E
:10A7C0008DF814108DF810208DF813405A7B8DF8F9
:10A7D00015205A798DF816209A79D3F807008DF84C
:10A7E0001720B3F80B209B7B8DF81E307F238DF84C
:10A7F0001F3001238DF80C1006908DF82110ADF854
:10A800001C208DF820308DF8223003A88DF82310FD
:10A810008DF824108DF825108DF8261001A9FFF76A
:10A82000DBFE0AB070BD1220FBE700BF9C90060063
:10A830000278034672B1427862B142881A2A09D975
:10A8400082881A2A06D9044A006810609B8893807F
:10A850000020704712207047F4170020024B026856
:10A860009A600020704700BFF41700200378A3F11E
:10A870000A02112A9DBF024A002013741220704759
:10A88000F417002008B5052000F090F803F070FBE5
:10A89000014B024A9A6008BDC81300202DA1020096
:10A8A00008B502F097F8FFF7F7FABDE8084001484D
:10A8B00002F07AB8D413002010B50B4C012384F8B1
:10A8C000023102F08FF80CF049F90AF0FAFE04F2B6
:10A8D00003112046FEF744FA002009F0DAFCBDE837
:10A8E000104000F085BE00BFD413002010B5064C08
:10A8F000064904F502700AF07EFD04F50370044970
:10A90000BDE810400AF077BDD413002054000020A9
:10A910005C00002010B5094C094904F502700AF0EA
:10A920006AFD04F5037007490AF065FD04F504703B
:10A930000549BDE810400AF05EBD00BFD4130020F9
:10A940006C0000207400002064000020014B93F88C
:10A9500002017047D413002010B5074C00F040FEF0
:10A96000D4F808020AF03FFDFFF76AFC00F0B0FFE0
:10A97000012384F8143210BDD4130020014B93F846
:10A9800014027047D413002010B5074CD4F80C0201
:10A990000AF029FDD4F810020AF025FDFFF72AFC81
:10A9A000002384F8143210BDD4130020C2080549D6
:10A9B000012300F0070003FA00F08B5C1843885471
:10A9C000704700BF10000020014BD3E90001704721
:10A9D00010000020034B1868C0F30020400040F036
:10A9E000010070471000002008B504F087FE084AF7
:10A9F000002332F82310814205D302EB83039B78B6
:10AA0000044A137008BD01330C2BF2D10023F7E781
:10AA1000B0900600E915002010B544682388A4F81A
:10AA2000903194F8683084F88F11012B06D0022BF6
:10AA300004D040F281210620FDF75EFA84F89231BD
:10AA400094F86930012B01D0022BF2D184F89331B4
:10AA50000449022204F5C3700BF0B7F9002384F80F
:10AA60003C3110BD79540300406808490388A0F8C0
:10AA7000823190F8603080F8843190F8613080F84D
:10AA8000853100F279100BF09AB900BF8F540300A2
:10AA90002DE9F743456895F8973095F89680232B74
:10AAA00004460F462CD1973538460BF034F9002870
:10AAB0004CD038460BF029F9814638460BF027F97F
:10AAC00001460AF039FD666848B396F86830984246
:10AAD00025D096F83C21012A0CBF96F83E2196F825
:10AAE0006420114232D0B8F1210F18D096F86120BD
:10AAF000114214D153B940F26D110620FDF7FCF953
:10AB0000B8F1210F40F0B3809635CDE7042B01D08A
:10AB1000042831D1984294BF00200120B0B94846A2
:10AB20000AF00AFD002849D096F86930834245D0E2
:10AB300096F83C31012B0CBF96F83F3196F8653002
:10AB400019EA030F14BF01230023BBBB636893F80A
:10AB50003C21012A19D11E212046FFF75DFFB8F1E3
:10AB6000210F1FD1FA786368182A83F8212110D0A9
:10AB700040F26D217E20C1E7082BCBD00828C9D038
:10AB800098422CBF00200120C8E7002283F83C2116
:10AB9000E5E7092283F8962093F8D23093BB40F280
:10ABA0007521E7E7002320462B700BF01AFA39468F
:10ABB000204603B0BDE8F0430BF037BA304601AA97
:10ABC00039460AF0C6FCD4F804800646F8B998F86D
:10ABD0003C31012B18D101462046FFF71DFF2E7096
:10ABE000636803F19702954202D1002283F897200F
:10ABF000636803F1970295424FF0000534D1204677
:10AC00000BF0EFF9002033E088F83C01E8E7384624
:10AC10000BF07FF8A8F8AC026068B0F8AC32B0F87E
:10AC20009020013B9B1A9BB247F6FD72934207D9D5
:10AC3000282380F8B9301049B0300BF0C0F8D7E7BE
:10AC400090F897300D2B02D00A3B012B01D82A2314
:10AC5000EFE79DF8043080F8AE329DF8053080F8BB
:10AC6000AF3225232B70C3E783F8D250CAE7022006
:10AC700003B0BDE8F08300BF83600300044B0022F3
:10AC800083F822204FF6FF729A84DA841A8570477F
:10AC9000EA150020054B9A8C824201BF002283F8FE
:10ACA00022204FF6FF729A84704700BFEA150020F9
:10ACB000014BD884704700BFEA150020094A0346BB
:10ACC000908C4FF6FF71884206D192F8221001292C
:10ACD00005D01A60012070470020186070470020DE
:10ACE000704700BFEA150020064B93F82220012A86
:10ACF0001FBF0120DA8C83F822009A8408BF00204D
:10AD0000704700BFEA150020014B1885704700BF4F
:10AD1000EA150020064B0246198D988C884205D111
:10AD200093F8220018B1136001207047002070478B
:10AD3000EA150020094B998C1A8D914201D0002010
:10AD400070474FF6FF729A8493F82220002AF6D0BB
:10AD5000002283F822200120704700BFEA1500205E
:10AD6000054B998C1A8D914203BF93F82200B0FADB
:10AD700080F0400901207047EA15002050B90A4AC6
:10AD80001346012003F8010B0868C2F801008A8805
:10AD90009A807047012805D1034B0A689A608A8817
:10ADA000D8719A81704700BF1416002048B90A4B29
:10ADB000187880B1D3F80120B3F805300A608B8091
:10ADC0007047012806D1044BD87920B19A680A60EF
:10ADD0009B89F4E7002070471416002020B9054B2A
:10ADE000187800F00100704701280ABF014B0020CD
:10ADF000D879F6E714160020F7B500228B888DF875
:10AE00000600ADF8043008680C4B8DF80720019D52
:10AE10001C78014603F5AC73D0B2844201D80820F7
:10AE200009E0D3E90076AE4208BF8F4203F1080380
:10AE300002F10102F0D103B0F0BD00BF28160020DE
:10AE400030B5094B01465C78002203F58173D0B21E
:10AE5000844201D8082005E013F8015B8D4202F11D
:10AE60000102F4D130BD00BF28160020F0B5254DF9
:10AE700095F8984189B0224605F29911684608F084
:10AE80002BF9214668460AF03DFC0446B8B300EBB6
:10AE90004001C9B202A8FDF7CDF9601E95F8A16185
:10AEA000C0B2012495F8982105E0731CB3FBF2F1C0
:10AEB00002FB1133DEB206F120030DEB030111F8A2
:10AEC000203C002BF1D100EB400220326A4406EB1B
:10AED00046032B4412F8187C83F8A27112F8177CF1
:10AEE00012F8162C83F8A37183F8A42101F8204CE2
:10AEF0000138AB19C0B2FF2883F89941D2D109B00B
:10AF0000F0BD00BF2816002070B5064688B00C467C
:10AF1000002A4FD02A4A92F8A131D01890F89911FE
:10AF200021B94FF480712820FCF7E6FF03EB4301C1
:10AF30001144013391F8A251E57091F8A35191F8B1
:10AF4000A41161710021257180F8991192F898116E
:10AF5000B3FBF1F001FB103382F8A13192F8C2315A
:10AF600023B9184902F5DD700AF02CFF657905F068
:10AF70003F0545F0400565710D220021684608F047
:10AF800023F9E3788DF80F3023798DF80E3004AA79
:10AF90000423694630468DF80D5007F007FE9DF8F2
:10AFA0001F3023709DF81E3063709DF81D30A37014
:10AFB00008B070BD03216018FDF73CF9D6E700BF6B
:10AFC000281600206DAE0200044B5A78824286BFDC
:10AFD0001B1893F84A010020704700BF2816002074
:10AFE000044B5A78824286BF1B1893F84201002016
:10AFF000704700BF28160020064B00224FF46171F5
:10B000001A8083F8C32183F8C421A3F8C61183F8FA
:10B01000C221704728160020014B83F8C4017047F5
:10B0200028160020014BB3F8C601704728160020EF
:10B0300030B50A4B5C7884420ED9184490F802016E
:10B040002B3003EBC004A5790D7053F8300010606D
:10B05000A3889380012030BD0020FCE72816002043
:10B060000246074810B590F8C34124B1417821B198
:10B07000023002F0A3FF204610BD0C46FBE700BFE4
:10B08000281600202DE9F74F2F4C9A46637883420B
:10B090008046894656D9231893F8425185F0010518
:10B0A000F9B193F84A31E3B945F002070135BAF135
:10B0B000000F18D1FA070AD5062101FB084104EB5D
:10B0C0000810524601F585718230FFF71DFFBB075E
:10B0D00034D504EB0810524649460230FFF714FFFE
:10B0E0002CE02F46E3E794F8A1614FF0010B002D0F
:10B0F000E0D0A319019393F8991199B90092DAB1AC
:10B1000000F0B6FB06EB46012144019B81F8A20149
:10B110004FEA102C009A81F8A3C1000C81F8A40119
:10B1200083F899B194F898310136B6FBF3F103FB3B
:10B130001166F6B2013DDAE747F00407384603B07E
:10B14000BDE8F08F0027F9E728160020074B5A7852
:10B15000824209D91A1892F842212AB9062202FB22
:10B16000003000F5857070470020704728160020D9
:10B17000064B5A78824281BF1B1893F83A01B0FA05
:10B1800080F0400998BF0020704700BF28160020BB
:10B1900030B50024A0F85040B0F8544042F2107589
:10B1A0004C43B4FBF2F4A0F85440541E05FB034397
:10B1B000B3FBF2F3A0F85230094BB3FBF2F30133C7
:10B1C000A0F85830B0F84C3005FB0344436CB4FB96
:10B1D000F2F459438464B1FBF2F2426430BD00BF23
:10B1E000005A620270B504460D4659BB4FF43672E0
:10B1F00007F0EAFF012384F89E30492384F8E93000
:10B20000042384F8EA306FF03B0384F8EB306F23BB
:10B2100084F8EC306FF03F0384F8ED302B2384F892
:10B22000E830FE2384F826317F2384F895301E4BC6
:10B23000C4F88030202384F8EE5084F8EF5084F86E
:10B24000943270BD012922D100238269A0F81E32F8
:10B2500080F81332154B1344B3FBF2F3C0F8C0303F
:10B2600040F6B833A0F8C4301146438C7830FFF76D
:10B270008FFF0BF0DFFD30B1E069FEF70DFF10B975
:10B2800084F8FF51DDE7002384F8FF31D9E7022974
:10B29000D7D1B0F8BA32D0F8B4228169BDE8704095
:10B2A0007830FFF775BF00BF00E0FCFF7FC3C90126
:10B2B000034B80F86C101B680BB10088184770476F
:10B2C0007C000020074B93F900301844142804DC5C
:10B2D00010F17F0F03DB40B27047142070476FF00E
:10B2E0007E007047F0170020084B1B785B4240FA45
:10B2F00083F0142804DC10F17F0F03DB40B27047A9
:10B30000142070476FF07E00704700BFF0170020D8
:10B3100007B57F230DF107008DF8073003F044FDDA
:10B320009DF9073068B10A4A5078404243FA80F0EC
:10B33000142808DC10F17F0F07DB40B203B05DF882
:10B3400004FB1846FAE71420F8E76FF07E00F5E7F3
:10B35000F0170020024B00221A705A70704700BF8D
:10B36000F0170020054BFF221A70054A0168116092
:10B370000179117100221A70704700BFF217002086
:10B380001800002007B5064B186800901B798DF84F
:10B3900004306846FFF7E6FF03B05DF804FB00BF2A
:10B3A000ED1F07000346407848B1DB783A2B05D8FB
:10B3B000034AD35C1B1A584258417047012070471A
:10B3C000E09006003A2908B5C17003D8064B5B5CD3
:10B3D000437008BDFF2904D04FF489612A20FCF78F
:10B3E0008BFD0123F4E700BFE09006002DE9F04358
:10B3F00085B0894602A9144698460AF0B2F9054676
:10B4000000283CD1039E34B9012486F89D40204693
:10B4100005B0BDE8F08337692146384608F03CFDA9
:10B42000014670B3194B5B88A3422CD301AA38465E
:10B4300008F087FE019B1D809D7096F89D30019855
:10B44000002B0CBF494602210AF0B0FB01982246AE
:10B450004146033007F040FE2146384608F051FDD2
:10B46000044618B97B212B20FCF746FD02A80AF000
:10B4700073FC039BA3F80A5286F89D50C7E701248A
:10B48000C5E70446C3E72C46C1E700BFF417002018
:10B49000024B987DC04300F001007047F417002074
:10B4A000034B987D80F00200C0F34000704700BF5E
:10B4B000F417002010B5094C14220021204607F093
:10B4C00083FE1222002104F1140007F07DFE012307
:10B4D0002373231DC4E9003310BD00BF10180020E2
:10B4E0007FB505460C4619B9F1211020FCF704FD83
:10B4F00003888B8000234B724669304608F013FEA8
:10B50000014608B9FA21F0E701AA304608F019FE11
:10B51000E08008B9FF21E8E7FB2802D940F20111D9
:10B52000E3E701980AF04AFB012801D0022805D17F
:10B530002072206828B94FF48C71D6E740F21111BF
:10B54000D3E70199E288033107F0C6FD304608F0E1
:10B5500000FE10B940F21D11C7E70021304608F087
:10B5600034FD10B94FF49171BFE70B4BDA7D82B116
:10B570001A8B2888013A02A91A830AF0F2F810B14E
:10B5800040F22B11B1E7039AB2F8AE300133A2F8C2
:10B59000AE3004B070BD00BFF417002010B520B964
:10B5A00040F21B211020FCF7A7FC41600272EFF370
:10B5B000108472B6094B1A1D0260596819B1097AD4
:10B5C000012908BF1A601A681060186004B962B6D1
:10B5D000BDE8104093F8260007F014BC10180020B6
:10B5E000024B83F82600FFF765BF00BF101800204C
:10B5F000014B024A1A60704780000020E1B402004B
:10B60000F7B54F4D4F4F06466B681B7A0C2B06D192
:10B61000FB7D23B13B8B13B9002003B0F0BD2B6938
:10B620009BB11B7A8BB12C69002CF5D0237ADBB24D
:10B6300005222272023B0A2B73D8DFE803F017328F
:10B64000477272507272727265006C68237A012BB5
:10B65000E2D0EFF3108372B66A6812686A6003B9C9
:10B6600062B6237A002BDAD02C61DFE7636823B956
:10B6700040F2A1111020FCF73FFC204631469847CC
:10B680000420EFF3108372B6227A052AD1B201D0DA
:10B6900000294FD1002222722A61002B46D162B6C6
:10B6A00044E0636813B94FF4D571E3E731462046AF
:10B6B00098470346C3F30723012BADF80400C0B23B
:10B6C00032D0022BDDD100232B612FE0636813B948
:10B6D0004FF4DA71CEE7204698470020D1E763683F
:10B6E0000BB9C621C6E70B2232701988A6F80310E1
:10B6F000012200241869B2707271B471214608F0F9
:10B7000064FC2C61042088E7606810B940F2DF1106
:10B71000B0E70D4B31461B68984700232B61022090
:10B720007BE74FF4F471A5E70323237200283FF46D
:10B730006BAF72E7002B7FF467AF62B664E700BFC0
:10B7400010180020F4170020800000200448037F18
:10B7500023B90449022214300AF025BB704700BF08
:10B7600010180020995D03001B234FF01B128384E7
:10B77000038482618382C260038539B94FF4A47364
:10B78000034AC3844384C261C3820261704700BF1D
:10B790004801480103460846B3F85420B3F848105E
:10B7A0009142F0B528BF1146B3F84C40B3F856208B
:10B7B000B3F84450DF8FB3F84260D987A24228BF64
:10B7C0002246B3F84640A3F84220944238BF1446BC
:10B7D0008D4238BF0D468F42A3F84450A3F846402F
:10B7E0002DD1B61A18BF0126B3F84A50B3F850400D
:10B7F000B3F852E0B3F83CC0B3F84070A54228BF9C
:10B800002546B3F84E409D87744528BF7446AC4525
:10B81000A3F8404002D1A74200D196B11B88A0F8FE
:10B820000930A0F80B50A0F80D40A0F80F10A0F8B8
:10B830001120BDE8F040034902220AF0C6BA0126F1
:10B84000D2E7F0BDDD5D03000B8BA2F80B304B8B14
:10B85000A2F80D308B8BA2F80F30CB8BA2F8090029
:10B860000249A2F8113010460AF0A9BA1D5E030081
:10B87000094AD2E90003434083EAB01181EA432137
:10B880004FEAF3435360054B116058434FEAF060B1
:10B8900000EB8000704700BF38180020BB79379E4E
:10B8A000094AD2E90203434083EAB01181EA432105
:10B8B0004FEAF343D360054B916058434FEAF06081
:10B8C00000EB8000704700BF38180020BB79379E1E
:10B8D00038B50A4C04F1080508212846FCF7AAFCF3
:10B8E000D4E902231343F7D0FFF7DAFF2060FFF714
:10B8F000D7FF236860600343F6D038BD38180020B6
:10B90000174B184A9A60184A5A60184A1A60184A1F
:10B910009A62184ADA62184ADA60184A9A61184A32
:10B920001A63184A1A62184ADA64184A9A64184A5A
:10B930005A62184B184A9A60184A5A62184ADA62D0
:10B94000184A1A61184A5A61184A9A61184A1A63C1
:10B95000184A9A64184ADA64184A9A63704700BF12
:10B9600084000020E9600300A1BB02000DBC0200BE
:10B970008562030057630300D16203006D63030017
:10B98000C9BE020061BD0200596403008164030066
:10B99000B9BD0200700100201561030019640300A5
:10B9A0008F630300C5BC0200B3630300FDBC02004B
:10B9B000FD640300B9640300A7640300F36303009C
:10B9C000044B054A5A65054B054A1A65054A5A65EE
:10B9D000704700BF840000208161030070010020D7
:10B9E0005B610300FB610300054B064A9A65064A4A
:10B9F0001A66064B064A9A65064ADA65704700BF22
:10BA000084000020E955030091AA02007001002083
:10BA10001355030091560300252A70B505460C46C0
:10BA200018D8012A19D9023A232A16D8DFE802F0D9
:10BA30001A15252424331535152439444815154D78
:10BA4000242467676D74151515151515151515152D
:10BA500015808990FF2A00F0828040F2D631512073
:10BA6000FCF74AFA02784368012A02D193F8283198
:10BA700001E093F83131237170BD4168204601F532
:10BA80000A710AF005F96968204601F50C71BDE8F4
:10BA900070400AF0FFB84368E8E7BDE8704000F086
:10BAA000F7B90D230B7159234B7100238B71FB23C5
:10BAB000CB7111230B72DFE7436893F82231DAE789
:10BAC000BDE87040084600F0D1B90378466873B904
:10BAD00096F828315BB196F8251120460AF02AF92C
:10BAE00096F824112046BDE870400AF027B996F870
:10BAF000231120460AF01EF996F82211F2E7416858
:10BB00002046BDE870400AF0A4BA436893F83E218D
:10BB1000227193F83F3109E0436893F83C21012AF0
:10BB2000F4D093F864200A7193F865306371A3E749
:10BB3000104B1B68002B9FD002462320BDE87040AD
:10BB400018470C4B1B68002B96D002462420F5E7C3
:10BB5000084B1B68002B8FD002462520EEE7436878
:10BB6000204693F8A722D3F8A812BDE870400AF047
:10BB700029B800BF5C0200203A289ABF024B53F854
:10BB800020000020704700BF840000203A289ABFA0
:10BB9000024B53F820000020704700BF70010020C6
:10BBA00070B5044640680D4690F8972001230021A7
:10BBB000783009F0E3FD20B3284666680AF04BF8B8
:10BBC000A6F8AC026068B0F8AC32B0F89020013B47
:10BBD0009B1A9BB247F6FD72934208D9282380F83E
:10BBE000B9300949B0300AF0EAF8002070BD00F21F
:10BBF000AE2128460AF02AF863680A2283F89720C3
:10BC0000F3E70120F2E700BF8360030070B505464B
:10BC100040680C4690F8972001230021783009F005
:10BC2000ADFD002849D00021204609F0E2FF28B9E7
:10BC300021462846BDE870400AF0F7B96868B4F8B4
:10BC40000D30B0F89020A0F8AC32D24313449BB230
:10BC500047F6FD72934208D9282380F8B930184975
:10BC6000B0300AF0ACF8002070BD204609F0B8FFF3
:10BC70006E6840F2E2425043C6F8B4022379C3EB47
:10BC8000431103EB810303EB83035B00A6F8AE32A1
:10BC9000B4F805305343C6F8B032204609F0A3FF8C
:10BCA000A6F8B80220466E6809F0A0FF6B68A6F8F7
:10BCB000BA020D2283F89720D5E70120D4E700BF10
:10BCC0008360030008B5406890F89730152B04D0C6
:10BCD0004FF492711F20FCF70FF9012380F8D73041
:10BCE000162380F89730BDE808400349022200F58A
:10BCF0002F700AF058B800BF5D62030038B5436882
:10BD000093F897201C2A044604D040F271111F209A
:10BD1000FCF7F2F893F8D8101D88002283F8D7209A
:10BD200003F5F97071B10C4983F8D82083F8FB2131
:10BD3000A3F8FC5102220AF036F86368002283F867
:10BD4000972038BD012283F8FB1183F8FE210349B7
:10BD5000A3F8FC510222EEE74962030031620300BE
:10BD6000436830B5D3F8884014F001001FD14D6806
:10BD7000104A8968A3F8D4002A40C3F8E820C2F327
:10BD8000076242F0080221F41E5121F0100183F8ED
:10BD9000EB2093F8D6200904090C013244F0010489
:10BDA000C3F8EC1083F8D620C3F8884030BD0120DA
:10BDB000FCE700BF2F4904F770B54468037894F896
:10BDC00096200D4604F17800072109F0D7FC80B3D6
:10BDD0006968AA68194B22F41E520B40C4F8E83077
:10BDE00022F01002C3F3076343F008031204120C9D
:10BDF00084F8EB300023C4F8EC2084F8D23084F8C7
:10BE0000963094F89C2102F0FF06A2B92388A4F88A
:10BE10009E3184F89D616B68C4F8A031AB68084915
:10BE2000C4F8A431022204F5CA7009F0BCFF304600
:10BE300070BD0126FBE71E46F9E700BF2F4904F756
:10BE4000D1630300406890F89C315BB90388A0F887
:10BE50009E311A2380F89D310349022200F5CA70F1
:10BE600009F0A1BF704700BFD163030010B50446BD
:10BE7000FEF7AAFD21F41E51044B21F01001090424
:10BE80000340090C6360A16010BD00BF2F4904F797
:10BE900037B50C464568FEF797FD0A4B95F8E82044
:10BEA00021F41E5121F01001034009040093090CF4
:10BEB00013408DF8003001916B4603CB6060A160A8
:10BEC00003B030BD2F4904F738B54468037894F8BF
:10BED00096200D4604F17800082109F04FFC18B9AE
:10BEE000D4F88830980744D494F8D93099071DD4F1
:10BEF000284609F0D2FE84F8E300B5F80530A4F82E
:10BF0000E430B5F80730A4F8E63094F8D93043F0BF
:10BF1000020284F8D920DA0702D494F842312BB116
:10BF20001549022204F1DA0009F04FFF94F8D930E4
:10BF3000DB0713D4D4F8883013F0020203D0562163
:10BF40004020FBF7D9FF43F00203C4F8883094F88F
:10BF5000D630A4F8D420013384F8D63094F8963043
:10BF6000012B4FF0000003D184F8960084F8D20032
:10BF700038BD0120FCE700BFDF640300044B9B6871
:10BF80005843C3F580534B4303EB2030704700BF49
:10BF90004818002070B54568044602F07FFB85F81C
:10BFA0008700FFF7B5F97F28014685F895000ED088
:10BFB000D5F88000FFF7E2FF054BC5F880001B7B3A
:10BFC0002BB1044B20461B68BDE87040184770BD7C
:10BFD0004818002064020020014B1B68184700BF6E
:10BFE00060020020F0B5204E054630780024147021
:10BFF00080B1431E7768DBB2181B01280BDC07EB0E
:10C00000C40057F834604068884208BFAE4212D17D
:10C0100014700120F0BD1819461007EBC60E57F832
:10C0200036C0DEF80460AC45C0F347008E412CBF3B
:10C0300003460446E0E7B54271EB000002D21470FB
:10C040000020E7E707EBC30057F833404068884219
:10C0500008BFAC4201D11370DBE7A542814128BF84
:10C0600001331370ECE700BF5818002010F00702EE
:10C0700008B503D063214820FBF73EFF18B1034BFE
:10C08000197258601A70C80008BD00BF5818002007
:10C09000014B00221A70704758180020014B187A83
:10C0A000704700BF581800202DE9D3430AF058FA12
:10C0B0000DF1070207460E46FFF794FF98B9114CA1
:10C0C0002278237A93420ED0616813466FF0604E57
:10C0D0009DF80700984209D301EBC003C3E900763D
:10C0E00001322270012002B0BDE8D08303EB0E00C4
:10C0F00001EBC000D0E90089013BC0E90289DBB255
:10C10000E6E700BF5818002037B50AF029FA0DF10C
:10C110000702FFF767FF0446A0B10C4A9DF807002D
:10C1200013785568013BDBB213701A1AD2B2411C66
:10C13000D200834238BF002205EBC10105EBC000ED
:10C1400006F084FF204603B030BD00BF5818002021
:10C1500038B5074D044600F15101286809F09CFCF0
:10C1600094F850102868BDE8384009F0A3BC00BF1F
:10C1700064180020F8B504460E466588407F15F027
:10C180000401134618BF04F15F013246FEF77AFF3F
:10C19000C20705460BD5012384F85030607FFEF7B7
:10C1A000D5FF0368C4F851308388A4F85530AB0735
:10C1B0000CD5094E0127306884F85E7004F15F01E8
:10C1C00009F071FC3068394609F07DFC85F0040007
:10C1D000C0F38000F8BD00BF6418002038B5C38DDF
:10C1E0000E4D0133C385AB7C04462BB102F0CEFD6E
:10C1F00001F016FF0023AB7400232B7194F871300B
:10C200002BB101212046BDE8384008F055BB637CC6
:10C2100013B1E28D9A42F4D20021F3E764180020B2
:10C2200070B5294C2379012B07D02379022B04D038
:10C2300040F6E2412D20FBF75FFEA0B90125A37C6B
:10C240001BB102F0A3FD01F0EBFE002D3AD0E06936
:10C2500008F0AAFA002830D002F0A8FB236ABDE853
:10C2600070409B6818472168E26911F8095B02F188
:10C270005103E80992F8502009F026FA0028DDD091
:10C280002068002109F044FC0028D7D02379E06918
:10C29000012B05D02379022B02D040F6BB41C9E720
:10C2A0002379226A03F180435269013B05F00F01B3
:10C2B00052F8233098470546C1E7E069BDE8704071
:10C2C000FFF78CBF70BD00BF6418002010B5134C81
:10C2D000A37C1BB102F05AFD01F0A2FEE06908F058
:10C2E00063FA70B12379E069012B0FD12379226AB7
:10C2F00003F18043D268013BBDE8104052F823307F
:10C300001847E069BDE81040FFF768BF2379022BAA
:10C31000ECD040F6E7312D20FBF7EEFD641800204D
:10C3200018B1084BD869FFF759BF51B1054A1379C5
:10C33000116AD069096903F18043033B51F8233046
:10C3400018477047641800202DE9F043032985B091
:10C35000054690467ED090F8703003F0FF02002B27
:10C360007DD1052904D16B88DE0760D5002A5ED116
:10C370000127DFF8F09099F81260B6B109F0D9F909
:10C38000082888F8000014D002AA0DF10701FEF772
:10C390004FFE20B940F642712D20FBF7ADFD9DF810
:10C3A000070002A90AF0E8F8064698F80030082BC2
:10C3B00008D1D9F8001011F8030BC0F380100AF06F
:10C3C000DBF80646D9F8001095F8572011F8030B52
:10C3D00005F15803C0F3801009F076F9D9F8001080
:10C3E000044611F8030BC0F3801009F098F9814658
:10C3F000FEF7BEFE014640B1B9F1080F1BD048461A
:10C40000FEF7E2FD80F00101C9B298F800000828AB
:10C4100015D094B96B7F1C1A604260416B885A0733
:10C4200006D421B996B9EB7C93B1BB4210D0002061
:10C4300005B0BDE8F0830021E7E70120EEE714B185
:10C4400081F00104E4B204F00100E7E73046EFE7D1
:10C450000120EDE743889B07E9D5022789E70529F5
:10C46000E5D180E7641800202DE9F04F85B008235E
:10C470000DF10702052104468DF80730FFF764FF30
:10C48000064620B90026304605B0BDE8F08F7D4D48
:10C490002968EA7C11F8030B05F11403C0F380103E
:10C4A00009F012F907460028ECD12B68216A1846DA
:10C4B00091F89E2010F803CB02EA5C1202F0010210
:10C4C00081F89E20D3F80320C1F803208288A1F8C8
:10C4D00007201A46216A12F81F0BC0F380108870DB
:10C4E00012798DF80C20D3F80F20D3F81F00CA6101
:10C4F0005A7D0290187D120442EA0022D87C024341
:10C500004A62B3F8192040F2E24808FB02F28A615D
:10C510009A7DC2EB421002EB800202EB82025200D3
:10C520008A85B3F8172008FB02F28A62B3F81B2051
:10C530000A84B3F81D204A8493F8243003F01F03C3
:10C5400081F8AA30D4F8209094F912B002A909F128
:10C550009E0009F0F7F92B6893F824305B0989F8FD
:10C56000003240F20113A9F868304FF0FF0A89F851
:10C570006AA0394609F13000FFF7F6F859464846F7
:10C58000FEF796FE236A84F87B701A88A4F87C2054
:10C5900084F899A04FF6FF72A4F89A209A69B2FB2A
:10C5A000F8F2A4F892201A8CA4F894205A8CA4F8DB
:10C5B000962093F8002284F89820227F9DF80700A7
:10C5C00004F186015AB394F85020012A27D194F837
:10C5D000562002F0C002402A21D1D4F85120C4F8DC
:10C5E0008620B4F855208A809A7884F87F2008281D
:10C5F00003F1030704F18002D3F8033004F18C0146
:10C6000036D0C4F88C30BB888B8004F17F01FEF7F4
:10C610000FFD40B94FF444612D20FBF76DFC002263
:10C62000C4F88620DFE794F87F3043F0020384F8F3
:10C630007F301549022204F1720009F0B4FB236A2D
:10C6400012491A88A4F8B32093F89E3084F8B530C4
:10C65000022204F1AA0009F0A6FB0D4B206A1B6818
:10C6600000222A71002B3FF40EAF214698470AE7BB
:10C67000C4F88030BB8893800023C4F88C308B8052
:10C68000D7E700BF64180020BB6503008D65030079
:10C690006C020020032973B5044604D0052953D049
:10C6A000012002B070BD08230DF107028DF807309C
:10C6B000FFF74AFE0028F3D0237C284D0BB39DF8EA
:10C6C000070094F8BE30E3B9237884F8BF30082817
:10C6D00004F1C10229D004F1C001FEF7A9FC20B980
:10C6E00040F6BF712D20FBF707FC94F8C03043F0F3
:10C6F000020384F8C0301A49022204F1B60009F09E
:10C7000052FB2B68062204265A701E702046FFF743
:10C710001FFD94F84020E16B286809F0EAF92868C9
:10C720002E7102F0C5FA0020BBE72868034613F813
:10C73000031BC1F3801184F8C010D0F80310C4F8B3
:10C74000C1109B889380D6E7064B1B6823B198479E
:10C7500080F00100C0B2A4E71846A2E764180020E8
:10C76000A3650300680200202DE9F04104460E464F
:10C7700019B300F1280528460AF01AF9A0B9638810
:10C780001A072ED528460AF02AF9074628460AF045
:10C790000FF9381AC0B20AF032F9544A93680344C8
:10C7A000284693600AF0E0F828460AF0E2F802F022
:10C7B000BBF82179252001F0BBFF4C4D94F85E2099
:10C7C00028680023037043706388103B0D2B57D8F3
:10C7D000DFE803F052564E0C56395656565656560A
:10C7E00056392046BDE8F041FFF7F8BC06234370F8
:10C7F000202303702046FFF7ABFC638823F0080377
:10C800009BB2152B05D094F83820616B286809F08D
:10C8100061F9286802F04CFA03232B7136B1638862
:10C82000102B32D12179002002F084F86388103B6C
:10C830000D2B56D8DFE803F058554F4F554F55553F
:10C8400055555555554F0C2343702123037042B164
:10C8500004F15F0109F027F90121286809F033F993
:10C86000C8E704F1580109F01EF994F85710F4E7ED
:10C87000062303704370BDE7022303700623F9E724
:10C8800040F255612D20FBF737FB04F128084046A4
:10C89000EF680AF0A4F8064640460AF089F8013E1F
:10C8A000301A61882822C0B200F03AFA63881B0768
:10C8B000074406D5AB681F440AF09EF83844C4F814
:10C8C000D80022793946002002F068F90028ADD15D
:10C8D00040F65751D6E721790120BDE8F04102F03A
:10C8E0006FBA40F66B51CDE7BDE8F08164180020C7
:10C8F00038B54388102B044604D1BDE838400121E7
:10C90000FFF732BF0B4DAB7C23B101F06FFB402032
:10C9100002F030FA286802F0CBF9608810F00400C9
:10C9200002D1217902F04CFA002002F0FFF9012334
:10C930002B7138BD64180020024B0121D869FFF724
:10C9400013BF00BF6418002010B50B4B1A798AB1D1
:10C950001A79DC69012A02D01A79022A05D19B7C56
:10C960001BB102F013FA01F05BFB2046BDE810405A
:10C97000FFF734BC10BD00BF6418002010B5094893
:10C98000037903F0FF0453B918222146043006F05E
:10C990001BFC02F0FBF901F043FB204610BD0C2408
:10C9A000FBE700BF6418002010B5094C0023237179
:10C9B0002060FFF7E3FF20B140F225312D20FBF787
:10C9C0009BFA236A13B94FF44A71F7E710BD00BF11
:10C9D00064180020014B024A1A6270476418002054
:10C9E000C8CC0200034B044A1A60044B044A1A6084
:10C9F000704700BF6802002069C402006C0200207A
:10CA00000DA002002DE9F041067DB31EDBB2012B23
:10CA100004468CBF4FF000084FF001087EB3B71EEC
:10CA200018BF0127012B36D800F1580190F85700A4
:10CA300008F075FE082805462DD0FEF7D1FA58BB40
:10CA4000657784F81C8084F85070FEF7EBFA054691
:10CA50000AF027F9174BA5FB03351B1845EB010519
:10CA60000022C4E9123584F85E2011462046FFF703
:10CA700081FB70B940F2C2412D20FBF73DFA3746E9
:10CA8000082504F151010020FEF790F90028D7D1C4
:10CA90000020BDE8F0810825022EF2D0E37E002BB5
:10CAA000F6D0D4F81530C4F85130B4F81930A4F8E1
:10CAB0005530C5E740420F002DE9F041634E337910
:10CAC00086B0044603F0FF0513B90378FF2B04D1A9
:10CAD00040F6DE112D20FBF70FFA5D4B02935D4B04
:10CAE00003935D4B0493336A75715B6880F87150F2
:10CAF00002A805933582B560B57102F0D1F801F056
:10CB000055FE02F043F901F08BFA544801F0E6FEBD
:10CB100004F12807524802F0BDF8384609F024FF16
:10CB2000384609F026FF01F0FFFE2179252001F0AB
:10CB3000FFFD94F9120001F0CBFE2846217901F0A7
:10CB4000C5FF0546F06030B92046FFF747FB284691
:10CB500006B0BDE8F081012104F1680008F0A8FDED
:10CB600004F13401206B07F00BFC04F13C01074693
:10CB7000206B07F02CFC05461FB194F82430002BE5
:10CB80003ED10DB194F82550237F13B963885B071C
:10CB90000AD5D4E912126FF000439A4208BFB1F1EE
:10CBA000FF3F2FD1002D35D130680330FEF758FA02
:10CBB0006588B07415F0010546D00023276ACDE9D9
:10CBC0000033FF23F37407F10A086846FBF7EEFD14
:10CBD0000028BCD1009CA742F7D07A7A607A4346FD
:10CBE00004F10A0108F070FD0028EED0A378F37478
:10CBF000D4F8030070611B4BB4F807209A80A6E7B5
:10CC00000125C1E70AF04DF8D4E91223904271EBF7
:10CC10000303C7D3012205EA02012046FFF7AAFA5F
:10CC200068B1FEF7FFF905460AF03BF80E4BA5FB8D
:10CC300003351B1845EB0105C4E91235B4E7002D97
:10CC4000B2D040F61F2145E7012580E76418002097
:10CC5000CDC2020021C2020021C30200D6BE898ECD
:10CC6000555555007818002040420F00024BD861FE
:10CC70001B6A1B68184700BF6418002043881B0705
:10CC800010B5044612D5036A0A493C2280F87B207D
:10CC90001B88A0F87C30FF2380F899304FF6FF7393
:10CCA000A0F89A300222723009F07DF8012384F84E
:10CCB000713010BDBB65030095C60200F1C80200CB
:10CCC0001B660300156603008168030049C9020062
:10CCD00039C90200C4CC0200BCCC0200B8CC0200AE
:10CCE0000138022808B503D9CA212F20FBF704F91F
:10CCF00013290A4B05D811290CD8102907D0D8219F
:10CD0000F3E71529FBD103EB4003D88801E033F8A2
:10CD1000100008BD03EB40039889FAE71C91060058
:10CD200008B5431EDBB2012B05D91D291ED0EE210B
:10CD30002F20FBF7E1F810390D291BD8DFE801F0AF
:10CD4000071A11111A0C1A1A1A1A1A1A1A160B4A59
:10CD500002EB4303588A08BD084A02EB4303D88A12
:10CD6000F9E7064A02EB4303588BF4E740F25A33E3
:10CD70005843F0E74FF48171DAE700BF1C910600D9
:10CD800008B5084B586890F89C304BB990F897203C
:10CD900001230621783008F0F1FC00F0010008BD05
:10CDA0000120FAE788180020F8B52D4B1A89402891
:10CDB00042EA00021A8105D158680421BDE8F84012
:10CDC000FDF78CB800F00302032A04D140F60E21CF
:10CDD0003120FBF791F810F0020418BFD960C507A5
:10CDE00005D5CA781961062A0DD00B2A18D02CB1A6
:10CDF000DA68D278052A1FD00B2A2AD0820644BFCF
:10CE000008221A75F8BD5A6892F897101829EED1C1
:10CE1000002600270121C2E93E6782F89B10E6E761
:10CE20005A6892F89710122901BF002182F89B10CE
:10CE3000012182F8D810DAE75A6892F8971016297B
:10CE4000DCD100240025C2E94045012182F89C1074
:10CE5000D4E75A6892F897101129CFD10021F5E74D
:10CE60008818002013B5044601A8FDF727FF20B954
:10CE700040F2ED713120FBF73FF8222200210198AA
:10CE800006F0A2F90198032108F090FE01980378BA
:10CE900023F0100303702146FEF794FA0199064827
:10CEA0002246FEF7B9FDFDF71FFF10B940F2F771FA
:10CEB000E0E702B010BD00BF8818002070B5274C15
:10CEC000636893F8AE6293F8AF52002E3FD193F8A7
:10CED0006810002D3DD193F8692083F8681083F81D
:10CEE0006920FF2283F86A201D4B1B680BB1606824
:10CEF0009847636893F83C31012B02D056EA05034A
:10CF000003D016480021FDF787FD6068303008F037
:10CF1000D3FF0546606800F25311FEF73BFC6068E2
:10CF20000521FCF7DBFF6068303008F0C5FF854263
:10CF3000044610D202F092FB0146601B322838BF33
:10CF4000322005F01FFAB0FA80F0400970BD31467A
:10CF5000BFE72A46C1E70120F8E700BF8818002094
:10CF600074020020002908BF1F21172810B50346AE
:10CF70000BD80D280DD90E3809280AD8DFE800F0A3
:10CF80000B0909090B090B09110BA0F12303022B53
:10CF900024D9002010BDBDE810400021184609F03A
:10CFA00032BD124C606890F89630212B09D1204692
:10CFB000FDF732FD6368002283F8962083F8D220C3
:10CFC000E7E72E2BE5D190F8972001230B2178304D
:10CFD00008F0D4FB0028EDD12A21E8E7044B1B68B8
:10CFE000002BD6D0BDE81040184700BF881800209D
:10CFF00070020020114B09790246586890F896306B
:10D00000212B11D02E2B0FD0282B0FD0042B0FD07B
:10D010000F2B0FD01D2B0FD090F89730232B14BF60
:10D02000FE201720FFF79EBF1620FBE72320F9E71D
:10D030000E20F7E71220F5E71420F3E78818002008
:10D0400008B50C4B5B6893F82621FE2A04D040F209
:10D05000FC713120FAF750FF83F8260111B9A3F8CB
:10D06000D41008BD0022A3F8CE20012283F8D220DC
:10D07000F7E700BF881800200C4A117D91B938B934
:10D080005068B0F85810828F91420BD8FCF718BF47
:10D0900013891B0708D5536893F89800073818BF01
:10D0A0000120704700207047012070478818002039
:10D0B0004368D3F8883013F0300F2DE9F743044666
:10D0C0000D4656D1084608F002FE30B929462046E2
:10D0D00003B0BDE8F04308F0A8BF2846666808F032
:10D0E000F2FD0746284608F0EAFD8046284608F08B
:10D0F000ECFD8146284608F0E4FD303600904B46B2
:10D1000042463946304608F0E9FE1B4B1A89920721
:10D1100011D5DA68D278142A0DD16268D2F8883035
:10D1200043F01003C2F88830204608F050FF00207A
:10D1300003B0BDE8F083626892F896101D29ECD028
:10D1400092F83321002AE8D1626892F83221002A4D
:10D15000E3D16168D1F8882042F02002C1F888202C
:10D160005A68114602F5B37231F8300BFEF76CFBCA
:10D17000DAE70120DCE700BF88180020F7B5834C10
:10D180000546002840F0B28023891F0728D5636830
:10D1900093F82621FE2A04D14FF4A8613120FAF732
:10D1A000ABFEFE2283F8262193F897201A2A07D196
:10D1B00083F8D700204608F014FF636883F897507F
:10D1C000606890F89630202B33D0332B40D06368C2
:10D1D00093F89820072A02BF0222627583F826215D
:10D1E0002389DE073DD42389580700F1B1809907D0
:10D1F00013D5E368DE780D2E00F0B280112E00F01A
:10D20000B180072E00F0B0803046FEF7BFFC034629
:10D21000002800F0AB805D4898472389DA0665D581
:10D22000636893F897200A2A60D10B2283F897202D
:10D230005CE090F8972001230B21783008F09EFAEB
:10D24000636818B12E2283F89620C0E72122FAE7FE
:10D25000012380F8A532002380F8963080F8D23080
:10D26000B5E76068276990F89720FE7801230521CB
:10D27000783008F083FA58B1B31EDBB2092B00F204
:10D280008180012202FA03F340F23332134279D053
:10D290003846FEF787F820B939463C4808F0C5FE05
:10D2A0004BE0FE78012E01D9162E0FD1636893F85A
:10D2B000960008F0ABFE48B1636893F89620202AE8
:10D2C00004D0212A0ED12E2283F89620112E39D097
:10D2D0002AD8072E38D00D2E38D03046FEF74CFC19
:10D2E000034625E0162E0CBF20250225237D1B07B3
:10D2F00017D56068012390F897200521783008F051
:10D300003DFA064600283FD1019001A90320FBF712
:10D310008FFE019B2BB11E720C226168019808F0F0
:10D3200042FD284603B0F0BD142ED6D1184B1B6821
:10D33000002BB1D021691548984700283FF453AF1E
:10D340000546D3E7134BF5E7134BF3E7134BF1E730
:10D35000626892F89820062A04BF0122627546E7A7
:10D360000F4B58E70F4B56E70F4B54E7FF2E06D1F4
:10D370006268332182F8961082F8A4024DE740F2E9
:10D3800034510BE70825B1E70825CAE788180020C3
:10D390007C020020F16A03000DD40200F5CF0200E8
:10D3A000A36A0300C16A0300ADD3020010B5164B97
:10D3B000DB681979436893F89620092A09D193F814
:10D3C00021218A4205D1002283F8962083F8D220B9
:10D3D00010BDD3F8882012F0080407D022F008020C
:10D3E000BDE81040C3F8882008F0FBBDFF2905D137
:10D3F000332283F8962083F8A442E9E740F2CE4135
:10D400003120FAF779FD00BF8818002010B50B799C
:10D410004268172B92F8962004460CD80D2B0CD995
:10D42000A3F10E01092908D8DFE801F00907070771
:10D43000090709071009232B26D0002010BD22461A
:10D440000121BDE81040184609F0DDBA212A01D0BB
:10D450002E2AF2D1204608F0B1FD636893F8972098
:10D46000222AEAD093F8E92022F0010283F8E92089
:10D47000626892F8E93023F0080382F8E9301A2153
:10D480002046FDF7C9FAD8E7282AD6D1024B1B68F7
:10D49000002BD2D09847D0E7780200202DE9F04148
:10D4A000B04C228963680746D00555BFB3F8C82041
:10D4B00000220132A3F8C8204CBF83F81C22A3F835
:10D4C000C8200E46FFF75CFC50B12389606819053F
:10D4D0005FD590F89C30002B5BD00023C0F8BC30A7
:10D4E000238903F4407333B1606890F89A30002BBD
:10D4F0006CD0032B70D06168238991F89A20012A9F
:10D5000004D15A0544BF022281F89A20002F40F02E
:10D51000EB825D065DBFB1F83422013292B23A4629
:10D52000A1F8342203F00A020A2A0DD1E268D27867
:10D53000022A09D123F0080330462381FFF71EFE9B
:10D5400008230643F6B223813046FFF717FE064351
:10D55000606890F82631FE2BF6B277D1002E75D197
:10D56000012390F898201946783008F007F9002830
:10D570006CD1636893F830319BB3636893F83121C1
:10D58000A3F8CC6083F8282101210220FFF758FD81
:10D590005CE0D0F8BC30D0F8C02001339342C0F832
:10D5A000BC3004D8E18AD51A05318D4202D8012158
:10D5B00080F8C610934293D30023C0F8BC306A4968
:10D5C000022200F5A57008F000FC89E7012180F82F
:10D5D0009A10FCF783FC8EE7022380F89A30012131
:10D5E000F7E76068012390F897200421783008F06D
:10D5F000C5F80546A0B1636893F89720113A0B2A45
:10D6000000F24481DFE812F00401420142014201CC
:10D6100007010A0142014201420142014201300177
:10D620006268D2F88830D80702D531460920ADE7C4
:10D63000990740F1928031460C20FFF701FD6268A6
:10D6400092F8D93043F0010382F8D9306568B5F813
:10D65000103295F814820133A5F81032B8F1000F9A
:10D6600000F01882FBF7D6FC10B10023A5F81032A9
:10D670006068012390F897200021783008F07EF848
:10D6800028B9636893F897300B2B40F01B826068D1
:10D69000012390F896200021783008F06FF80028D8
:10D6A00000F010826068012390F898200021783003
:10D6B00008F064F8002800F00582636893F89A2067
:10D6C000022A40F0FF8193F81C22002A40F0FA81E0
:10D6D000186906F096FC002800F0F481606890F864
:10D6E0002631FE2B40F0EE81B0F80A32012B40F2D9
:10D6F000E981B0F8CA20B0F8C810951E0123A942EC
:10D7000080F81232BCBF02F1FF335B1AB0F810523E
:10D71000E18AB8BF9BB28D423BBF4A1C521B01221B
:10D7200092B2934228BF1346012B02D1002280F807
:10D7300012226068B0F8902090F89A1013449BB2BF
:10D740000129A0F80C3240F2CD810239012940F2C2
:10D75000C18140F66101312033E1580706D53146D9
:10D76000132013E7881800204B640300190706D51F
:10D7700092F8203182F828313146072006E713F06D
:10D78000300F3FD092F83331002B40F0968263681F
:10D7900093F83231F3B1606890F89730252B00F59B
:10D7A000997100F2AE222BD090F89630A3F1250C9F
:10D7B000DCF1000343EB0C0308F082FB6268D2F853
:10D7C000883023F0200343F01003C2F88830002390
:10D7D00082F832316068D0F88830DB0640F16D8223
:10D7E00000F25311FDF7D6FF6368B3F85220A3F897
:10D7F0002821B3F85620A3F82A2100211520C5E6D8
:10D800000123D9E7590640F1588200212420BDE6C2
:10D8100000210B20BAE600210420B7E693F8A0020D
:10D82000012808D100210520FFF70AFC63680022C7
:10D8300083F8A0220AE702287FF408AF93F8D850B3
:10D8400006221DB183F828210021EDE7A04803211D
:10D8500008F0D6FB636893F8E83013F0040F29460C
:10D8600014BF11200D20DFE7002106208EE693F87B
:10D870003C21022A02D10021172087E693F83C219F
:10D88000012A03D193F83D31002BF4D060680123C5
:10D8900090F896200021783007F070FF78B160682A
:10D8A000012390F897200421783007F067FF30B902
:10D8B000636893F8C63013B10121122066E66068F0
:10D8C00090F89620092A05D190F8213180F8283166
:10D8D000012152E7002D7FF4B9AE012329467830AB
:10D8E00007F04CFF002800F09D80636893F8432107
:10D8F0003AB101210E20FFF7A3FB636883F843517F
:10D90000A4E693F842218AB193F8D92092070DD169
:10D9100001210C20FFF794FB636893F8D92083F86A
:10D92000425142F0010283F8D9208FE693F8323158
:10D9300053B3636893F8333133BB606890F8973022
:10D94000252B00F5997100F2AE221BD090F896308D
:10D95000A3F1250CDCF1000343EB0C0308F0B0FA53
:10D960006368002283F8322101211420FFF768FB4D
:10D970006368B3F85220A3F82821B3F85620A3F81F
:10D980002A2163E60123E9E7626892F83C11012944
:10D99000CBB25DD192F83D21002A59D160680B21AC
:10D9A00090F89720783007F0E9FE002850D16068A1
:10D9B00090F86810012906D0022904D040F2812194
:10D9C0000620FAF799FA90F86920012A01D0022A74
:10D9D000F4D1022990F83E3118D0012B14BF002356
:10D9E0000123ABB990F8972001230321783007F089
:10D9F000C5FEB8B96068012390F8972002217830FD
:10DA000007F0BCFE70B901211620BFE5022BE5E747
:10DA1000022A90F83F3119D0012BE3D12C48002184
:10DA2000FCF7FAFF6068012390F896200021783017
:10DA300007F0A4FE00283FF409AE636893F8A4320F
:10DA4000002B3FF403AE0121FF209FE5022BE4E70A
:10DA5000636893F849317BB1636893F83D315BB9F2
:10DA60006068012390F897200B21783007F086FE3C
:10DA700010B90121232089E5636893F84631002B12
:10DA8000D0D001212520FFF7DBFA6368002283F85C
:10DA90004621DBE5FBF7B8FA08B1A5F81082FBF7E1
:10DAA000C1FA00283FF4E4AD95F81C320133DBB233
:10DAB000022B85F81C3282BF0023A5F8103285F8AE
:10DAC0001C32D5E56368002283F81222012330E678
:10DAD0008818002090F89850B0F8C810072D5DD134
:10DAE000022954D8A0F808322289636855065BBF22
:10DAF000B3F81E22B3F80E1200225218A3F81E2209
:10DB000093F83031002B00F081806368B3F8CC20AB
:10DB1000B3F80E120A44A3F8CC20636893F8D2003D
:10DB200030B1B3F8CE20B3F80E120A44A3F8CE20D9
:10DB300093F9D6100029C1BFB3F8D420B3F80E5220
:10DB40005219A3F8D42093F8B92052B9002F40F00D
:10DB5000AE80627D022A65D193F82821062A18BF7B
:10DB60001622636893F8B83033B96068594980F871
:10DB7000B920B03008F023F9606808F0F3FF63685B
:10DB80000022BDE8F04183F81322FDF7D3B8B0F8C6
:10DB9000CA301A440132A0F80822A5E7B0F8CA50EA
:10DBA0004B1CAB420FDA6D1AADB2022D0BD0033D08
:10DBB000ADB290F8C63043B9FFF7E2F8B0B96DB135
:10DBC000013DADB20BE00025F3E790F8962001236C
:10DBD0000921783007F0D2FD0028EDD100256368D7
:10DBE000B3F80C221544A3F808527DE76268D2E925
:10DBF0002F23911C8B4207D39B1A022B04D0033B8B
:10DC00009D4288BF9DB2DAE70023F9E760680123EF
:10DC100090F898201946783007F0B0FD00287FF47E
:10DC200074AF7AE7012A08D193F89920002A98D195
:10DC300060680021FCF752F9A1E756B1F00634D430
:10DC4000310734D4B20634D4B30734D140F68D1141
:10DC500081E538B1B3F8CE00B3F8D020904201D3BB
:10DC600022227EE7002905DDB3F8D410B3F8D020D6
:10DC70009142F5D2B3F8CC10B3F8CA2091420BD23E
:10DC8000636893F89A10B3F8C82051B1B3F8CA305A
:10DC90009342CDD8082264E793F83031002BDFD1CE
:10DCA000EEE7052AC4D93E225BE71E2259E73D2252
:10DCB00057E7232255E72A2253E7636893F8972012
:10DCC000222A3FF4D4AD312A7FF4E0AD00211120A7
:10DCD0005CE400BF83600300F7B5734C0127277035
:10DCE0000023606080F813720088238123756375B8
:10DCF000FCF7DEFF63681888FDF706F86368B3F881
:10DD00000A22264612B393F82621FE2A1ED193F842
:10DD10003031DBB160683B4690F898203946783066
:10DD200007F02CFD054688B9636893F83121A3F804
:10DD3000CC0083F8282102203946FFF781F9636877
:10DD4000022083F81252FFF78DF804E0636893F81D
:10DD50002601FE28F7D1636893F81522002A4FD0D8
:10DD600000236268E382B2F80E32B2F81012013B6F
:10DD700011FA83F1A2F81012B2F8C8109FB211FA8A
:10DD800083F3A2F8C830FEF7FBFF28B16268D2F82F
:10DD9000BC303B44C2F8BC306068B0F80A32012B9A
:10DDA0009CBF0133A0F80A3200250FB180F81C5245
:10DDB00090F8973080F81252A3F10A02012A2AD86B
:10DDC000B0F89030B0F8AC229B1A19043DD400F2A0
:10DDD000AE219E3007F0B6FD636883F89750FF22AE
:10DDE00083F8F0206168B1F80E2201F1780007F0A5
:10DDF000EFFD00283FD040F615113120FAF77CF8EE
:10DE000093F8B03123B96268D38D128C9A42A8D3AB
:10DE100063681B8CA5E7252B17D1B0F8AC22B0F8AE
:10DE200090309B1A1A0410D480F89750FFF746F8E8
:10DE30006368014630B983F83C0103B0BDE8F040A7
:10DE4000FFF72CBB83F83C51CCE790F8963003F0F9
:10DE5000FD03252BC6D1B0F89030B0F8AC229B1A48
:10DE60001B04BFD4002380F89630FFF727F8014643
:10DE70000028B7D1E1E70D4B009396E803000C4B67
:10DE80000C4AFAF791FF6068012390F8972005216A
:10DE9000783007F073FC20B103B0BDE8F040FAF72A
:10DEA0007BBF03B0F0BD00BF881800209DD40200E6
:10DEB00079D00200A9CD020038B50446084694F88E
:10DEC000A03213B10C25284638BD94F89730162B94
:10DED000F8D194F8C43203F0FF05002BF2D199B1C8
:10DEE0000A4B5968D1F83032C4F81C3101F58472FC
:10DEF000052301F5087104F059FE012384F8A032CE
:10DF0000204608F03CFEDEE70223F7E788180020F1
:10DF1000D0F8B4328269934210B5044604D1D0F8E7
:10DF2000B812026A914216D02288A4F8B22140F2B7
:10DF3000E242B3FBF2F3A4F8B431B4F8B832A4F877
:10DF4000B631B4F8BA320949A4F8B831022204F55E
:10DF5000D47007F03AFF02212046FDF743F9002371
:10DF600084F89730032384F89A3010BD336103009E
:10DF700008B5FDF725FD024B024A1A6008BD00BF37
:10DF80007C020020B1D00200064BD3F8000138B16A
:10DF9000D3F8040120B1D3F80801B0FA80F04009A9
:10DFA000704700BF00F00040034B00221A705A7007
:10DFB00010229A70704700BFA218002070B5064664
:10DFC000022014460D4600F09BF9064B01221A7000
:10DFD000054B033CC3F81045C3F80865C3F8045566
:10DFE00070BD00BFA218002000F0004008B502205C
:10DFF00000F086F9084B01221A70084B0022C3F882
:10E000000021C3F80421C3F8082103F580334FF43D
:10E010000002C3F8042508BDA218002000F000404B
:10E020000D4A08B513787BB10C4B4FF40001C3F8CF
:10E030000815FFF7A9FF60B101235370084BD3F80F
:10E040000034937000231370BDE80840002000F0F6
:10E0500057B950701023F4E7A218002000F00140D7
:10E0600000F000400A4B1A786AB10A4BD3F800213D
:10E070005AB1D3F8040120B1D3F80801B0FA80F006
:10E080004009C0B27047587870470220704700BFFF
:10E09000A218002000F0004008B5074B1A783AB1EA
:10E0A000FFF772FF30B1054BD3F80004C0B208BDD2
:10E0B0009878FCE71020FAE7A218002000F0004052
:10E0C000024B00221A705A709A707047A5180020EF
:10E0D0002DE9F04104461C4D01201E468846174696
:10E0E00000F00EF904F003002E7140EA0643174ECB
:10E0F00043F08073C6F80435C6F8088508F070FE52
:10E1000030B9D6F8183523F0FF033B43C6F818356D
:10E110000F4B104AC3F8082514F0FB0F01BF0E4A3D
:10E12000C3F89825FC3AC3F89C250122022C6A709A
:10E13000EC7007D8054B2A700021C3F80011C3F812
:10E1400000121A60BDE8F081A518002000F0004020
:10E1500000F001400000020200F10040214A537823
:10E1600070B523B940F217213C20F9F7C5FE1E4BCC
:10E17000C3F80C15C3F81005D57801249470C5B9FF
:10E1800012780AB9E621EFE7184AC3F804514FF4B0
:10E190000035C2F80455D3F8006116B15C60C2F8CE
:10E1A00008550B7803704B78043343708B78837079
:10E1B00070BD042D4FF0000106D11470C3F8041196
:10E1C000C3F800421C60F3E7127812B94FF489716A
:10E1D000CAE7C3F80411054B4FF00072C3F80425D9
:10E1E000E6E700BFA518002000F0004000F0014065
:10E1F000064B1A782AB1064A0649C2F808150022C9
:10E200001A7000225A709A70704700BFA51800203B
:10E2100000F001400000020208B50A4B1B7823B948
:10E2200040F27D213C20F9F767FE074BD3F804212B
:10E2300012B940F27E21F5E7D3F80004003818BF88
:10E24000012008BDA518002000F00040164B1B78E7
:10E2500070B523B940F28E213C20F9F74DFE134CE6
:10E26000D4F80431BBB90223C4F80433104B114E67
:10E270001D691A6942F0100205F010051A61D4F800
:10E2800004314BB125B90A4A136923F01003136115
:10E290000223C4F8083370BD4FF40043C6F8803140
:10E2A00008F0E6FDEBE700BFA518002000F00040F5
:10E2B00000ED00E000E100E0014B01229A607047B0
:10E2C00000F0004008B50B4B4FF40042C3F880202B
:10E2D000BFF34F8FBFF36F8F074B0022C3F80025AA
:10E2E000C3F80025FFF784FF044B4FF40002C3F886
:10E2F000082508BD00E100E000F0004000F001400A
:10E3000038B5144C0023C4F80035C4F80035054670
:10E31000FFF76EFF104B4FF40002012DC3F80825E4
:10E3200003D0022D08D085B938BD0223C4F80035CA
:10E330000A4BC4F81435F7E70321C4F80015074960
:10E34000C4F81415C3F80425EEE782213D20F9F73F
:10E35000D3FD00BF00F0004000F00140AA180020EB
:10E36000084B0022C3F80021C3F80C21C3F8102188
:10E37000C3F80421C3F81421C3F81821C3F80821F5
:10E38000704700BF00100040024B00221A809A70B4
:10E390001A717047B819002038B5134B93F83150F3
:10E3A0000246084625B940F651013E20F9F7A4FD82
:10E3B0005AB9012DDC6A93F8301003D100F08AFEBF
:10E3C000204438BD08F00AFCFAE7012A0AD1012DE1
:10E3D000DC6A93F8301002D100F06EFEF0E708F02E
:10E3E00008FCEDE70020ECE7B819002008B5094B60
:10E3F000012883F82000084B06D0022808D040F6F8
:10E40000B9513E20F9F778FD0322C3F8102508BD65
:10E410000422FAE7B81900200010004007B50B4AA3
:10E4200001AB92F9212000F099FE9DF9040000F063
:10E430003BFE9DF8050000F00BFF20B140F2CD51EE
:10E440003E20F9F759FD03B05DF804FBB819002030
:10E4500008B503460F4863B92831C1600E4900F082
:10E46000DFFE0130012814D940F224713E20F9F773
:10E4700043FD012B0AD12931C160074900F0D6FEC6
:10E480000130012805D940F22E71EFE740F23271D8
:10E49000ECE708BD200000203C91060008B5134BB6
:10E4A00093F83D30D9071FD59A0711D5104BD3F8F3
:10E4B000002242F00102C3F80022D3F8503503F0E5
:10E4C000F603022B10D140F2FC513E20F9F714FD67
:10E4D0005B0709D5074B084AC3F8AC2508F0E3FBF6
:10E4E00010B140F20361F0E708BD00BFB819002089
:10E4F0000010004000F0014008100040084B1A785E
:10E500003AB993F83D2042F0020283F83D20FFF72C
:10E51000C5BF012AFBD193F83D2042F00402F4E785
:10E52000B819002008B50C4B9B78012B09D100F0DD
:10E5300083FE013001280ED940F6A2013E20F9F7F2
:10E54000DBFC022B07D100F07DFE0130012802D94F
:10E5500040F6A801F2E708BDB8190020054B0344B6
:10E5600000F07F001A7E044BC3F80825C3F8540559
:10E57000704700BF3C9106000010004038B50D46C2
:10E580000446FFF733FF2846FFF7E8FF29462046F9
:10E59000FFF744FF08F04EFC90B10A494FF080535A
:10E5A000D1F88825D3F82033022C0CBFC3F30663BF
:10E5B000C3F3062322F4FE4242EA0323C1F888355E
:10E5C00038BD00BF0010004010B50C46FFF70EFF2D
:10E5D0002046FFF7C3FF0E4B5A78012A03D1D878A3
:10E5E0002146FFF71BFF0B4CD4F8003243F488732D
:10E5F000C4F8003208F01EFC40B908F02AFC28B923
:10E60000D4F8683543F4C023C4F8683510BD00BFA2
:10E61000B81900200010004010B550220021194800
:10E6200004F0D2FDFFF7B0FE08F0BFFB60B124227A
:10E630001548FF2104F0C8FD4FF080430022C3F8C5
:10E64000082EC3F8102E10BD08F0B8FB0028EED13C
:10E6500008F0BDFB0028EAD108F0D7FB08B1402242
:10E66000E6E708F0C9FB04460028F8D1064838223E
:10E67000FF2104F0A9FD4FF08043C3F8084EC3F812
:10E68000104EE0E7B8190020000E0040024B034492
:10E69000187E00F5166070473C910600014B93F818
:10E6A00030007047B8190020014B986A704700BFCE
:10E6B000B8190020014BD86A704700BFB819002074
:10E6C000084A094B92F83010906A03EB81031A6CE8
:10E6D000DB6C801A03F2DB534FF47A72B3FBF2F374
:10E6E000C01A7047B81900203C91060008B50E48C2
:10E6F00090F83010012906D0022912D040F2AA2148
:10E700003E20F9F7F9FB40F6B833084A806A02EB7D
:10E710008102126C801A4FF47A72B3FBF2F3184440
:10E7200008BD4FF4FA63F0E7B81900203C910600E9
:10E7300008B5134B012983F83C0006D002291BD0F1
:10E7400040F20B313E20F9F7D7FB00230D4A43F48A
:10E75000801340F0007043F4847340F44030C2F8FA
:10E760001435C2F81805D2F8503503F0F703032B1F
:10E7700005D140F22331E5E74FF08073E6E708BDAD
:10E78000B81900200010004008B508F053FB50B144
:10E79000054AD2F8743723F0807323F0010343F065
:10E7A0008073C2F8743708BD00100040424B02224B
:10E7B00070B5C3F88020BFF34F8FBFF36F8F3F4C0E
:10E7C0000023C4F8FC3F0123C4F8FC3F08F041FBE0
:10E7D00028B1D4F83C3743F48063C4F83C3708F0E0
:10E7E000FFFA58B1D4F83C3723F0004323F0FF037D
:10E7F00043F0004343F09603C4F83C3708F01AFB9B
:10E800002E4C38B1D4F8403723F47F4343F4B0534F
:10E81000C4F840372A4BC4F8783700F029FD38B1E6
:10E820004FF08053D3F83033591C18BFC4F84C371D
:10E830004FF01023214C1B6E5A1C09D0D4F88C25A4
:10E840001B0403F47F0322F47F021343C4F88C35C6
:10E8500040F20313C4F834351A4D40F25B63C4F838
:10E8600038350123C4F8303585F820300323C4F847
:10E87000103540F20123C4F850360226124BC4F87A
:10E880000062187C00F0FAFC104B4FF04062C3F8B5
:10E89000042500232B86EB6285F83D30064B1022C1
:10E8A000C3F88061C4F804231E602B6D13B1BDE86A
:10E8B0007040184770BD00BF00E100E0001000404C
:10E8C0002C000089B81900202000002000F0014031
:10E8D000014B83F821007047B8190020034B020E4A
:10E8E0000002C3F82425C3F81C057047001000403F
:10E8F00038B5044600680A4DFFF7F0FF094B62681F
:10E90000C3F83C25237A85F82230617AA07AFFF794
:10E910000FFF607AFFF76AFDE37A85F8213038BD92
:10E92000B819002000100040014B83F82200704706
:10E93000B819002070B51A4D95F83D30DA07044635
:10E94000084604D440F257713E20F9F7D5FA154E27
:10E95000D6F8002243F0020342F00102C6F800227A
:10E9600085F83D3084B995F82210FFF707FE0E4A6E
:10E970000123AB70D36433600B4B2046D3F84C15A6
:10E98000BDE87040FFF764BD012CF5D195F8221069
:10E99000FFF71AFE0223AB70034BDC647460EBE7F5
:10E9A000B81900200010004000800040214B1022C8
:10E9B00013B5D3F80443C3F808230222C3F8002296
:10E9C0001D4A002182F83D101C4A4FF46020C2F815
:10E9D0000805D3F85025D2B204F01004DAB1FF22B2
:10E9E0008DF807200122C3F810111A619DF8072045
:10E9F00012B1D3F810213AB19DF807305BB940F657
:10EA000091013E20F9F778FA9DF80720013AD2B239
:10EA10008DF80720EAE7FFF785FD06490023C1F8D6
:10EA20001031FFF7B1FC14B11023C1F8043302B068
:10EA300010BD00BF00100040B819002000F00140D8
:10EA400038B51E4D0024C5F84845C5F84445C5F8FD
:10EA50004045C5F84C45FFF7A9FF00F0DBFB01304E
:10EA6000012804D940F241513E20F9F745FA144BF0
:10EA700014495A6B42F04462C1F80825C3E90A44BC
:10EA80005C631C76104BC5F848450222C5F8444526
:10EA9000C5F84045C5F84C45C5F84841C5F844415E
:10EAA000C5F84041C5F84C41C3F88020BFF34F8FF3
:10EAB000BFF36F8FC3F8802138BD00BF00800040D6
:10EAC000B819002000F0014000E100E070B52F4CC3
:10EAD00094F83D3043F002030E4684F83D3005467D
:10EAE00078BB94F822103046FFF748FD0123A3704D
:10EAF00023782749012B01BF264AD2F8003243F080
:10EB00000803C2F80032636B01EB460143F4801343
:10EB10006363214BB1F858404FF48012C3F80425C9
:10EB200004F5FA744FF47A73B4FBF3F4FFF7E6FCE0
:10EB300008F0B9F8014620B3FFF738FF002420465B
:10EB400070BD01281BD194F822103046FFF73CFD20
:10EB50000223A3702378012B01BF0E4AD2F80032A2
:10EB600043F00403C2F80032636B43F400136363A1
:10EB7000094B4FF40012C3F804252924D6E70024DA
:10EB8000D4E72846FFF764FCD9E700BFB819002096
:10EB90003C9106000010004000F001402DE9F047D4
:10EBA000354C0E4615460746002848D194F82210E9
:10EBB0001046FFF7E3FC217801239942A37010D09F
:10EBC0002E4A02EB4502B2F858304FF47A7203F540
:10EBD000FA73B3FBF2F3F61A19B9294B294AC3F8B1
:10EBE000AC25DFF8A490DFF89880284BC9F8406581
:10EBF000C8F8A835234B1022C3F80423636B4FF4E5
:10EC0000002A43F4002363630125C8F804A5FFF735
:10EC100075FCC9F84C50D9F84C359E4226D80025D1
:10EC2000C9F84055C8F8AC55636B23F400236363FF
:10EC3000C8F808A5FFF7BAFE2846BDE8F087012806
:10EC40000FD194F822101046FFF7BEFC0223A370E8
:10EC50002378012BC5D0293E002BC2D1084B0C4A8A
:10EC6000BDE74FF401613E20F9F746F931463846D9
:10EC7000FFF7EEFBE0E700BFB81900203C9106006B
:10EC800000F0014000100040008000404081004042
:10EC900004100040014BC3F83C05704700100040D1
:10ECA00010B50FC8014C84E80F0010BD0C1A0020ED
:10ECB000064BC3F80405064B93F83D20986342F0D9
:10ECC000010283F83D20FFF7E9BB00BF00100040C0
:10ECD000B819002008B5124BDA6A824204D340F614
:10ECE00022113E20F9F708F90E4AD8610121197660
:10ECF0005164D2F84415884202D840F62B11F0E74F
:10ED00000021C2F84411C2F844055A6B42F4800253
:10ED10005A63054B4FF48002C3F8042508BD00BFB9
:10ED2000B81900200080004000F0014010B50F4CE1
:10ED3000034694F8310094F830100222012822761C
:10ED40004FF0960094F820200CD100F0D1F9084A39
:10ED5000E0610023C2F84431E36AE1690B44C2F880
:10ED6000443510BD00F0DEF9F1E700BFB81900200E
:10ED700000800040044BC3F86005D3F8002242F045
:10ED80004002C3F80022704700100040054BD3F842
:10ED9000002222F04002C3F800220022C3F86025BE
:10EDA000704700BF00100040044BD3F8483503F013
:10EDB0007F035B4203700120704700BF00100040DA
:10EDC00008B50D4B0246D97008460021197082B96A
:10EDD00001225A709A78022A0DD193F82210FFF777
:10EDE0001DFB064AD2F8003243F48873C2F80032A1
:10EDF00001E002225A7008BDB8190020001000403E
:10EE0000024B0022C3F84025704700BF008000403D
:10EE1000044B30B5D3E910459B6CC0E900450B604D
:10EE200030BD00BFB81900202DE9F843924D934C36
:10EE30000123EB64D5F84C7594F83C8003F050FA4C
:10EE40000026C4E91006A764FFF76CFB8C4B626BCD
:10EE5000C3F808258B4A6663D2F8003223F48E7318
:10EE600023F00103C2F80032237E84F83D6023B111
:10EE7000D5F844319B1B18BF0123A578012D50D133
:10EE8000D2F80C31002B0CBF0025082515F00B0F14
:10EE900006D17C4BD3F8103113B145F01005EDB21B
:10EEA000FFF75EFA05F01803102B05D1A378012BAC
:10EEB00004BF45F02005EDB26F4B6678D3F84825C6
:10EEC000E262D3F8443594F82020A362A37884F852
:10EED000302084F83130002E3AD1FFF755FA2676EB
:10EEE000EF077ED5636D9847EB0601D5236E9847F3
:10EEF000A378022B13D1237E8BB1022B5E4A40F004
:10EF0000AD80E36AE1690B44C2F84435636B43F4B6
:10EF1000800363635A4B4FF48002C3F80425BDE8B5
:10EF2000F883022D12D1574AD2F80C11D2F80024DE
:10EF3000002908BF0025D2075CBF45F00405EDB2EB
:10EF4000002BA3D045F00105EDB29FE700259DE71A
:10EF500015F0110F1BD1237994F80090013E18BFD2
:10EF60000126012B17D0022B2AD073BB96213046E5
:10EF7000FFF712FA0146FFF707FAB9F1010F29D19D
:10EF80003B378F4224D93F4B01261E61A8E7FFF78C
:10EF90000DFD0026A4E73C48FFF7AAFC94F83130A9
:10EFA00023B940F24E713E20F8F7A6FF012B04D1A1
:10EFB000FFF79CFB61690144DDE7FFF781FBF9E79F
:10EFC0003148FFF795FC6169D5E740F6BF21EAE7D4
:10EFD00084F80090E2783046FFF7E0FD0028D2D0B8
:10EFE000D7E7A8072FD507F025FFE8B907F031FFCD
:10EFF000D0B9244BD3F85034D90115D51A0705D010
:10F0000013F0F00F02D013F4706F0DD11D4AC3F34B
:10F0100004410129D2F8542406D1012A04D0C3F3B3
:10F020004253022B7FF65EAFA36B5B78434584BFF0
:10F0300045F00405EDB285F00400A36D3146C0F340
:10F040008000984750E715F0280F3FF44DAF85F04A
:10F050002001E36DC1F340113046F2E7012B02D0ED
:10F0600040F69B419FE7E369E16A8B423FF64CAF74
:10F0700040F69C4197E700BF00800040B81900208F
:10F0800000F0014000100040C0190020024B03EBCB
:10F090008003186C704700BF3C910600014B53F889
:10F0A0002000704788910600024BC0B2C3F80C05DF
:10F0B000704700BF00100040054B33F81130023894
:10F0C0004FF47A7203F2E733B3FBF2F3184470475C
:10F0D000A8910600054B33F811304FF47A7203F50E
:10F0E0007A73B3FBF2F31844704700BFA89106008F
:10F0F00038B51D460A4B33F8111003EB8203053572
:10F100009C6821444FF47A7301F6B73103FB001475
:10F110001046B4FBF3F4FFF7B9FF2C44204438BD8C
:10F12000A891060070B5064608461546FFF7B6FFDB
:10F13000094A02EB850293684FF47A7203F6B733FB
:10F1400002FB06331C1A2846B4FBF2F4FFF79EFFBD
:10F150000530204470BD00BFA89106002DE9F74F8F
:10F16000284C074698460D46164600F0A9F8237825
:10F17000BB42814611D16378AB420ED194F9023083
:10F18000B3420AD1E378834207D1A388A8F80030BC
:10F1900094F9060003B0BDE8F08F7B1E072B13D84F
:10F1A000DFE803F0170412191212121001200DF1FA
:10F1B00007033246294600F089F8824668B13D21AE
:10F1C000752004E00220F2E740F2F2310620F8F761
:10F1D00093FE0020EBE70320E9E728469DF907B0FE
:10F1E000FFF754FA534602464146584600F036F8B7
:10F1F000B8F80030A071A38027706570A67084F8FD
:10F200000390C5E738000020014B1B681B681847B6
:10F2100080020020014B1B685B68184780020020B9
:10F22000014B1B68DB68184780020020014B1B68FC
:10F230001B69184780020020014B1B685B69184757
:10F2400080020020014B1B689B6918478002002048
:10F25000014B1B689B6A18478002002010B4034CC6
:10F260002468A468A44610BC604700BF8002002048
:10F27000014B1878704700BF6420002000220F491E
:10F2800038B50446134644FA02F0C007D5B248BF69
:10F29000581C02F1010244BFCD54C3B2042AF2D17A
:10F2A000064DC3F10402042BD2B24FF0FF0188BF18
:10F2B0000022E81803F088FF2C7138BD7020002070
:10F2C000014B187D704700BF201A0020042810B59C
:10F2D00011D883B104280CBF10242824A1420AD2DB
:10F2E000064C54F8200018B141568A42A8BF0A467D
:10F2F0001A70002010BD6FF01500FBE7201A0020E7
:10F3000030B50346114890F91C209A4219DD90F956
:10F3100024209A4217DA9A1A846AA05C0C4A15567D
:10F320009D420DD00E32002918BF01309442C0B268
:10F3300006D129B1013BDBB2012B01D80130C0B2AB
:10F3400030BD0D20FCE70020FAE700BF201A0020A6
:10F35000BC91060008B5054B93F91C30984203DABE
:10F36000FFF7CEFF024B1B56184608BD201A00209F
:10F37000BC91060010B51C4C94F82C3073B90123D5
:10F3800084F82C3007F023FD48B1184BA362D82332
:10F39000236284F824300823A361237710BD07F08B
:10F3A0002BFD0028F1D107F030FD0028EDD107F04A
:10F3B000F3FC38B10E4BA362D823236284F82430C7
:10F3C0000423E9E707F0F1FC0028F3D107F0F6FC8D
:10F3D0000028EFD107F004FD0028EBD140F2BB116B
:10F3E000742003F02FFB00BF201A0020F7910600C5
:10F3F000CA910600014B1879704700BF541A0020CB
:10F40000054B1A79824283BF1B6800EB400003EB77
:10F4100000100020704700BF541A002043F6095224
:10F42000C0F3080302FB03F3400A03F5807302FBF9
:10F4300000F000EB5320704743F6095CC0F308026C
:10F4400010B50CFB02F2C0F34E24030E43EA012375
:10F450000CFB04F0090E02F580724FEA411C00EB30
:10F4600052205A01B2EB030E4CEAD36C6CEB010450
:10F470004FEA841C4FEA8E12B2EB0E024CEA9E6CED
:10F480006CEB040C4FEACC0C4CEA527CD200D31843
:10F4900041EB0C01DA03C903801841EA534141F101
:10F4A000000110BD430B48F2376C0CFB03F34FEA2D
:10F4B000134C00B5104B43F6095E0EFB1C0000FB1D
:10F4C00003F35B0D0EFB03FE03EB4C230EF5745CA4
:10F4D0000CF1080CB0EB5C2F08D80EF5807EA0EB89
:10F4E0005E20C0B20B6010705DF804FB0133002099
:10F4F0000B6010705DF804FB6F0C0100F8B5274D30
:10F50000A94246D8264E274F450F45EAC105A6FB1E
:10F510000514C0F34F31A40B01EB054107FB141197
:10F52000A6FB0151890B41EA04411F4C04FB110465
:10F5300048F2376C600B0CFB00F04FEA104C43F6BE
:10F54000095E1A480EFB1C4505FB00F0400D0EFB42
:10F5500000FE00EB4C200EF5745C0CF1080CB5EBD2
:10F560005C2F12D80EF5807EA5EB5E2E5FFA8EFE24
:10F57000069D85F800E00D0628184FEA112141F19B
:10F580000001186059601460F8BD01304FF0000EA2
:10F59000EEE796219B2003F055FA00BFFF7F841E03
:10F5A00083DE1B43000024F40080841E6F0C0100E6
:10F5B000420B48F2376303FB02F2120C43F6095C7C
:10F5C000074B0CFB120101FB0333013B5B0D0CFBF2
:10F5D00003FC5002B1EB5C2F88BF01301844704728
:10F5E0006F0C01001F2810B59FBF054B440103EBB2
:10F5F0004010195196BF42600020012010BD00BF8D
:10F60000601A002070B5012504460E4685407AB187
:10F61000002000F065FDE30003F1804303F5F833BB
:10F62000C3F81005C3F81465034BC3F8045570BD47
:10F63000014BC3F80855FAE700F0014008B5064B46
:10F6400093F80024202A03D13F21022003F0FAF985
:10F6500083F8300408BD00BF601A002008B5064BCF
:10F6600093F80024202A03D14521022003F0EAF96F
:10F6700093F8280408BD00BF601A002010B5094A9D
:10F6800092F80034202B03D15021022003F0DAF944
:10F69000590102EB4313BDE8104052585868042149
:10F6A000104700BF601A002008B501B3F0B14FF059
:10F6B000FF331A46E0FB01320E498A4203D9712119
:10F6C0006D2003F0BFF9180D40EA0230C3F30F13A9
:10F6D0004FF22441B0FBF1F203EB0040064B03FB79
:10F6E0001200B0FBF1F040EA0240013008BD0846CC
:10F6F000FCE700BF3F420F00000024F4014B988854
:10F70000704700BF9C1E0020014B5888704700BF07
:10F710009C1E002010B5EFF3108472B6064A937950
:10F720000133DBB293719379012B01D107F0D7FA42
:10F7300004B962B610BD00BF9C1E002070B50C4C11
:10F74000267866B90125A0602570FFF7E3FF00F079
:10F7500075FA30B94FF080432573C3F80453002085
:10F7600070BDA368002BFAD09847A660F7E700BFEA
:10F770009C1E002038B5FFF7CDFF00F05FFA094C62
:10F780004FF0804540B107F097FA01232B61042325
:10F7900063730023A37338BD032363730123C5F888
:10F7A0000433F6E79C1E002010B5EFF3108472B608
:10F7B0000A4B9A7922B94FF496716D2003F042F901
:10F7C0009A79013AD2B29A719A791AB9DB7B0BB95C
:10F7D00000F022FA04B962B610BD00BF9C1E0020E2
:10F7E00008B5054B1A7822B100221A731A70FFF778
:10F7F000DBFF002008BD00BF9C1E0020024B587B91
:10F80000003818BF012070479C1E002073B51B4DA7
:10F810002B7F63B9286A00F0030007F07AFA30B151
:10F82000EFF3108372B66A7B1AB103B962B602B005
:10F8300070BD01226A7303B962B64FF0804308229B
:10F84000C3F808234FF42073ADF80630BDF8064026
:10F85000A4B2631E9BB2ADF80630002CF6D14FF077
:10F8600080460748C6F80C4107F078FA85F825402D
:10F87000FFF780FF0823C6F80433D8E79C1E00205A
:10F88000C01E00202DE9F041384C94F82630002BA2
:10F8900069D04FF08043D3F80071D3F8046157B1B9
:10F8A0000122C3F80823237B2BB1A368002525730D
:10F8B0000BB19847A5604EB14FF080430022C3F8CA
:10F8C00004210222C3F80823FFF7A0FF4FF080466F
:10F8D0002748D6F80C8194F82550EDB207F042FA8B
:10F8E00020B140F2C5116D2003F0ACF847B1637B45
:10F8F000032B05D10423637307F0DEF90123336181
:10F90000B8F1000F16D04FF080430022C3F80C214D
:10F91000637B042B02D040F2D711E4E707F07EFAB4
:10F92000C0B14FF080430022C3F8342C022363732C
:10F93000FFF73AFF4DB1002384F82530637B022B9B
:10F9400001D1FFF717FFFFF72FFFBDE8F04108488F
:10F9500007F017BA07F044FA0028E2D107F055FA89
:10F960000028DED1E2E7BDE8F08100BF9C1E002048
:10F97000C01E002010B5044C206A00F0030007F000
:10F98000C8F90028F8D010BD9C1E0020F8B5054627
:10F9900050B10278042A07D8437842B9013B1F2BA3
:10F9A00002D88378212B07D96FF0150076E0002B61
:10F9B000FAD18378002BF7D1814B0127C3F88070EF
:10F9C000BFF34F8FBFF36F8F4FF08046C3F8807146
:10F9D0007C4C4FF0FF33C6F808330023C6F80031E3
:10F9E000C6F80431C6F80C31A371AB88A38007F0C8
:10F9F0007BF908B12770A771D6F80C24D6F80C341F
:10FA0000D20303D5DF0701D500F012F940F2F55318
:10FA100063802B78A9782377002222622174A27355
:10FA2000042B4ED8DFE803F005033B494B000123CC
:10FA3000236207F060F900284ED007F063F9236ACB
:10FA400003F00303984247D1AB79002B3ED1FFF777
:10FA500091FF237C6BB12B785BB900F0EFF8054682
:10FA600003F066F96FF00043002D00F0A580C4E9B3
:10FA700005034FF08043D3F80C24D3F80C34D203A1
:10FA800003D5DB0701D500F0D3F84D4A0123002050
:10FA9000607384F82630C2F880311360F8BDFFF738
:10FAA00039FE4FF08043D3F80C14D3F80C24CE0366
:10FAB000F9D5D007F7D50223BAE7434BB8E7434B54
:10FAC000B6E740F216316D2002F0BCFF4FF08043E4
:10FAD0000222C3F80423BCE74FF080430122DA601E
:10FAE0000022C3F80421226AC3F8182507F054F94C
:10FAF00010B34FF080534FF08042D3F84432C3F339
:10FB00004233C2F83C3507F047F910B34FF0804359
:10FB10000122C3F84C254FF0804301229A60022253
:10FB2000C3F80423AA79002A93D1D3F804239107B8
:10FB30001CD440F2CD21C6E707F037F90028D8D110
:10FB400007F03CF90028D4D107F04AF90028D0D1B9
:10FB5000D9E707F02AF90028D8D107F02FF90028B3
:10FB6000D4D107F03DF90028D0D1D4E7184A16695E
:10FB7000116941F010011161D3F8043106F010064B
:10FB80000BB907F077F94FF08047D7F8043183B10C
:10FB9000FFF7F0FE26B90E4A136923F01003136134
:10FBA0004FF080430222C3F808230022C3F8042147
:10FBB0004FE707F05DF9E8E7C4E9053059E700BF12
:10FBC00000E100E09C1E0020010002000100030093
:10FBD00000ED00E010B50D4C04F1240007F0C2F870
:10FBE00048B9637B022B01D1FFF7C4FDBDE810408B
:10FBF000074807F0C6B8074A012384F82530BDE856
:10FC00001040C2F80031FFF785BD00BF9C1E0020E8
:10FC1000C01E002000E100E04FF08042012353604D
:10FC20000023C2F80031014A13707047C31E002040
:10FC3000014B01221A707047C31E00204FF0804311
:10FC4000D3F8003123B9034B187800F00100704756
:10FC50000120FAE7C31E0020094B4FF0FF32C3F822
:10FC600008230022C3F84025C3F84021C3F84425E7
:10FC7000C3F84421C3F84825C3F84821704700BFA2
:10FC800000800040084B094A1B78012B16BF4FF437
:10FC900040314FF400310023C2F84813C2F8081372
:10FCA0000BB9C2F840317047C81E002000B00040B8
:10FCB00070B5EFF3108472B6094A0A4B0025D2F8EA
:10FCC0000415D2F804612EB1596801315960C2F8A7
:10FCD0000451F4E75B6804B962B6C0E9001370BD73
:10FCE00000B00040C81E0020094BD3F80435C01AEC
:10FCF00020F07F4323F001033BB120F07F40B0F5BB
:10FD0000000F8CBF0220002070470120704700BF09
:10FD100000B00040104B4FF40062C3F88020BFF3E6
:10FD20004F8FBFF36F8FC3F880210C4B01225A60B5
:10FD30009A60D3F80425002AFBD10949C3F80813B7
:10FD40004FF44031C3F84813C3F84021C3F84421AD
:10FD5000C3F80421704700BF00E100E000B000409C
:10FD60000200030008B5144BD3F8042522F0030267
:10FD7000C3F80425D3F8082542F00302C3F8082588
:10FD8000102292FAA2F2B2FA82F2092A04DD0B489A
:10FD900040F2913102F04CFEC3F810250122DA60E6
:10FDA000074A9268C3F80022064B4FF48072C3F8EA
:10FDB00080211A6008BD00BF00800040F31F0700CB
:10FDC000C81E002000E100E008B50A4B4FF4807225
:10FDD000C3F88020BFF34F8FBFF36F8F0649C3F87E
:10FDE000802101204860FFF737FF044B08610022A3
:10FDF0001A7308BD00E100E000800040C81E00202A
:10FE000010B5234C0023FF224FF0FF314FF0FF309D
:10FE1000C4E90401237062736360FFF7D5FFFFF745
:10FE200079FF1C4B4FF400621A60A1691A4A31B97C
:10FE300001231360184B0222C3F8042310BD174B93
:10FE40001748C3F8A805C3F8AC15C3F85C294FF4EC
:10FE50000022C3F80425134A0521C2F840150121E8
:10FE60001160D2F840110029FBD04FF40021C3F8F3
:10FE7000081501215160D1600021C2F84011C2F87B
:10FE80004015C3F8A815C3F8AC15C3F8AC15D1E7F5
:10FE9000C81E002000E100E000B0004000F001407A
:10FEA0004081004000800040014BD3E904017047CD
:10FEB000C81E0020014BD3F80405704700B0004075
:10FEC00013B56846FFF7F4FEDDE90004FFF7A6FA74
:10FED000024B0021E4FB030102B010BD0080841E30
:10FEE000B1F1FF3F08BFB0F1FF3F2DE9F041424CB7
:10FEF00005460E463AD1414DD5F800318BB3404E00
:10FF0000404BC6F80835FFF7BDFE4FF0000801234F
:10FF1000A36084F80D80FFF757FFFFF723FF3A4BEC
:10FF2000C5F80081394FC6F8A8354FF40023C6F84C
:10FF3000AC75C6F8043506F0FCFED5F800312BB1DF
:10FF40000123C5F800817B60FB60F4E7013041F1DB
:10FF500000010223C4E904012370FF236370BDE89C
:10FF6000F08106F0E6FEC51C41F10006D4E90473F9
:10FF7000B34208BFAF42F2D0214B224AC3F8082552
:10FF8000FFF780FE1D4A4FF4803125F07F480023A3
:10FF9000C2F808134046C2F84813C2F84031FFF7D0
:10FFA000A3FE20B140F226316C2002F04BFDC2F8D6
:10FFB0004085C2F844132378012B06D127F07F47F0
:10FFC0003846FFF791FE0128FAD00023012763731A
:10FFD000A760FFF7F9FEFFF7C5FE094B27704FF04A
:10FFE0000042C3F8042504236370044BC4E904569B
:10FFF000C3F84873B3E700BFC81E002000B000403C
:020000023000CC
:1000000000F001400000088000B100400080004086
:10001000032870B52D4B06D9011FC9B201292FD96C
:1000200040F276310BE0D3E90441B1F1FF3F08BF64
:10003000B4F1FF3F06D11B7B23B940F255316C2050
:1000400002F000FD2249234D00F11004012380003D
:1000500003FA04F4C5F808430B5000F1804101F5A0
:100060000041D1F84005101A022805DDC1F84025ED
:10007000C5F80443012002E00020C1F8400570BD2E
:100080001C782CB15B78834202D140F27231D6E702
:10009000114B124E22F07F458A0013444FF48034F6
:1000A0008C400022C6F808432846C6F848431A6028
:1000B000FFF71AFE40B901F5A87146F82150C6F8BD
:1000C0000443C6F84443D5E71046D8E7C81E0020CD
:1000D000408000400080004040B1004000B000403F
:1000E00008B520B14FF461716C2002F0ABFC0148FF
:1000F00008BD00BF40810040032837B508D9041F60
:10010000E4B2012C19D940F2CA316C2002F09AFCF9
:10011000234900F1100201239340C1F8083300F590
:10012000A873002241F823201E4B81005A5053F837
:1001300020300093009B03B030BD1B4D2B7893B152
:100140006A7882420FD1194A1949C2F80815012B61
:1001500001D1FFF739FE00232B704FF0FF324FF033
:10016000FF33C5E90423134A4FF48033A340C2F898
:100170000833C2F8483304F5A87352F82300FFF798
:10018000B3FD012818BF0C4B22B24FEA84041CBFF8
:1001900000211951084B53F822300193019BCAE703
:1001A0000080004040810040C81E002000F0014057
:1001B0000000088000B0004040B1004010B50A4B7C
:1001C0000446012210B1C3F8442310BDC3F84823EC
:1001D000FFF7FAFD054B4FF0FF304FF0FF31C3E959
:1001E00004011C70F1E700BF00B00040C81E0020F1
:1001F0001F4A08B5D2F80433D90311D5D2F84031DB
:1002000073B10023C2F84031D2F84005FFF76CFD0E
:1002100030B14FF48033C2F80833042001F094FE6B
:10022000134AD2F804339B0311D5D2F8443173B189
:100230000023C2F84431D2F84405FFF755FD30B130
:100240004FF40033C2F80833052001F07DFE084B5F
:10025000D3F8042132B10022C3F80421054A5368BF
:1002600001335360044B4FF40062C3F8802108BD92
:1002700000B00040C81E002000E100E038B5364C58
:10028000637BFF2B64D0237883B10122022B22737E
:1002900019D1324B4FF40022C3F8082500232370F4
:1002A0004FF0FF324FF0FF33C4E904232C4BD3F857
:1002B000042310030DD5D3F84C2152B140F20F4165
:1002C0006C2002F0BFFB022360782370FFF714FF5D
:1002D000ECE7D3F8042351030DD5D3F8483153B1DB
:1002E0000220FFF709FF1F4B4FF48072C3F88021F3
:1002F000022001F029FE1A4BD3F8042392030DD5F6
:10030000D3F8443153B10120FFF7F6FE154B4FF4FB
:100310008072C3F88021012001F016FE104DD5F83F
:100320000433DB0316D5D5F840319BB10020FFF72D
:10033000E3FE0C4B4FF48072C3F880210020FF23B2
:100340006373A060C5F80002BDE8384001F0FCBD51
:100350000620F9E738BD00BFC81E002000F00140AC
:100360000080004000E100E02DE9F04F97B01C460E
:10037000CDE90212DFF8FCA28046FFF795FD4FF0B1
:1003800080420123C2F80835DAF800200F461360D6
:10039000B949082202EB441253185558B3F80E908D
:1003A000CDF81090D3E901B201EB441C06921C7BFE
:1003B0005A7BDB6800920CF1080C07930646BCE8F8
:1003C0000F000DF1380EAEE80F009CE803008EE838
:1003D000030025F07F40FFF721F84B4601331C4412
:1003E000A64B9842044400F237829C4200F3E4801A
:1003F000002CC0F2C180FFF721FC009B012B0246BC
:1004000008D0DAE90613B3F1FF3F08BFB1F1FF3FAF
:1004100000F0B7800192FFF777F940F25633984227
:10042000019A00F0D78040F2F553984200F0CF8057
:10043000B0F5C67F00F0C5800023019300210320A2
:100440000591B7F1FF3F08BFB6F1FF3F1FD0AE42A5
:1004500077EB0B03C0F08280B6EB050C67EB0B0368
:10046000BCF5000F73F1000380F00082A5EB060CD1
:10047000BCF1000F33460ADD0598002800F0AD807E
:100480009AF8200000280CBF0846002000E04346F0
:1004900015F1FF39A9EB030C4BF1FF3184454B46B5
:1004A00057DB002A41D00993029B0891B9EB080859
:1004B00061EB03020292FFF727F940F2563C6045D8
:1004C000DDE90813029A00F0DD8040F2F55C60453A
:1004D00000F0BE80B0F5C67F14BF0920162080450D
:1004E00072F1000280F0BA80039A012A00F0CC80F9
:1004F000059A002A73D1B7F1FF3F08BFB6F1FF3F5D
:100500006DD0B6EB090C67EB0102BCF1050F72F17F
:10051000000080F28481BCF1010F72F1000318DA4F
:1005200039463346059FB14668E0DAE90620B0F166
:10053000FF3F08BFB2F1FF3FB5D0DDF804C0AA1AF3
:100540006BEB0000624570F10002ACD2009A012A08
:10055000A9D00026304617B0BDE8F08FB5EB060CE9
:100560006BEB0703BCF5000F73F1000380D340F27F
:100570003171702002F066FA04F1F45404F590240D
:1005800039E700287FF446AF0190FFF7BDF840F24D
:1005900056339842019A00F04B8140F2F55398424D
:1005A00000F01D81B0F5C67F00F01F8101230320FC
:1005B00011460192059344E704F1614404F5F70400
:1005C00019E700210D2303200193059139E7322318
:1005D000019333E71C23019330E7084658E7484668
:1005E00005930291FFF77CFC0299059B0027B1F16E
:1005F000FF3F08BFB9F1FF3F00F0338123F07F4098
:100600002A1A22F07F42013AB2F5000FA1D2069BCE
:100610005B191B1A23F07F43B3F5000F99D80291A1
:10062000FEF7FCFE164B0299A4EB000898453BD35D
:10063000041B9C42C0F0DF80104B984530D89C4290
:1006400040F22881C4F1614404F5F704A0462CE08F
:100650003B20804572F10002FFF446AF0593009BFA
:1006600002915F1E484618BF0127FFF739FC059B22
:100670000299BCE7E81E0020601A0020FF7F841E5C
:100680000040420F25202AE7B7F1FF3F08BFB6F12F
:10069000FF3F00F0F58039463346B1460027ADE70D
:1006A00008F1F45808F5902844467D4B93F828301B
:1006B00023B9049B1E33A34280F2A580039B012B28
:1006C00004D001200291FFF717FD0299049B4BB162
:1006D000A8EB0302012000230291FFF799FC029985
:1006E000002854D00023424618460291FFF790FCA0
:1006F0000299064600284AD0009BDAF81820012B00
:10070000DAF81C3000F08480002F44D1B3F1FF3FB1
:1007100008BFB2F1FF3F00F098800120FFF74EFDC7
:100720009AF82030002B40F08980049A1932A242B6
:1007300080F2A1800024A8EB020223460220FFF7EA
:1007400067FC30B1DAF800301C604FF08043C3F82A
:100750000845069B1093079B119300238DF850309A
:100760000A934FF0FF324FF0FF33CDE90E5BCDE936
:100770000C230AAD0FCD4A4C0FC40FCD0FC495E822
:100780000F0084E80F00304617B0BDE8F08F01205D
:10079000FFF7B2FCDDE6B3F1FF3F08BFB2F1FF3F68
:1007A0000BD00091FFF700F84FF0FF324FF0FF330E
:1007B000CAE906230099002FB2D0019BB9EB0302CE
:1007C00061F100030520FFF723FC00285DD09AF8B3
:1007D0002030002BA9D101238AF82030A5E732214F
:1007E00001233520019105932BE60D2101231020D3
:1007F0000191059325E62A4B93F828306442A046E0
:10080000002B7FF45BAF4FF4F261702002F01AF915
:10081000B3F1FF3F08BFB2F1FF3FCCD0C1E748467C
:1008200008930291059FFFF75BFB0299089BDEE6A8
:100830001C2101231F200191059302E60520FFF7EB
:100840005BFC00238AF820306FE7FEF763FF06F0B9
:1008500070FACAE9060160E740F22141702002F017
:10086000F1F840F27C71702002F0ECF840F2357142
:10087000702002F0E7F840F2BA71702002F0E2F85E
:1008800040F2A361702002F0DDF840F226217020D2
:1008900002F0D8F840F65801702002F0D3F800BFFB
:1008A000681E00202DE9F04F8F4F97F8214004EB90
:1008B00044033B4483B05E7A202E48D08B4BE5B294
:1008C0006400002B00F08980894BDFF82892002B10
:1008D0005FD006EB451207EB420A4FEA45189AF83B
:1008E0002830013BDBB2052B34D8834A12F803B021
:1008F000BBF1090F2ED0AFF30080EFF3108372B677
:100900002C443C449AF829206272A27AB24204BF75
:100910002022A27213B9AFF3008062B6B044730113
:1009200007EB480809EB4616012259F803307068B6
:1009300088F828205946984797F8214004EB44034B
:100940003B44E5B25E7A202E4FEA4404C1D103B0A5
:10095000BDE8F08F40F26E61702002F073F862B66D
:10096000B044730107EB480809EB4616012259F819
:100970000330706888F828205946984797F8214036
:1009800004EB44033B44E5B25E7A202E4FEA440474
:10099000DDD006EB451207EB420A4FEA45189AF8FC
:1009A0002830013BDBB2052BD4D8534A12F803B0F0
:1009B000BBF1090FCED0AFF30080EFF3108372B616
:1009C0002C443C449AF829206272A27A964204BFD1
:1009D0002022A272002BC3D1C1E7454BDFF818B12A
:1009E000DFF810A14FF02009002B51D006EB451283
:1009F00007EB42024FEA451892F82830013BDBB280
:100A0000052BA7D81BF803100929A3D0EFF31083F7
:100A100072B62C443C4492F829206272A27A964223
:100A200008BF84F80A90002B54D0B04407EB480864
:100A300073010AEB461601225AF80330706888F8F1
:100A40002820984797F8214004EB44033B44E5B243
:100A50005E7A202E4FEA4404C8D178E762B6B044EB
:100A6000730107EB48080AEB461601225AF80330D7
:100A7000706888F82820984797F8214004EB4403D1
:100A80003B44E5B25E7A202E4FEA44043FF45FAF68
:100A900006EB451207EB42024FEA451892F8283060
:100AA000013BDBB2052B3FF655AF1BF803100929BC
:100AB0003FF450AFEFF3108372B62C443C4492F8ED
:100AC00029206272A27A964208BF84F80A90002B0D
:100AD000C5D1C3E70191AFF3008062B6B04401997C
:100AE00007EB4808A4E700BFE81E00200000000054
:100AF00000000000601A0020289206002DE9F04F47
:100B000085B00D4614461F469DF838B0FEF750FDDF
:100B10002E686968031947F10002B342019372EB32
:100B200001030292C0F0CA80DFF8A891DFF8A88123
:100B30000BEB4B034B440393DA46039B1C7A202CAC
:100B40003BD040F2F5578C460FE06B7B012B02D077
:100B5000537D012B56D004EB4A1409EB440494F85E
:100B60002940202C29D0D5E9006C08EB44124FEA2B
:100B7000441B91681369D0685B1840F100009E42E5
:100B80007CEB0003E1D240F2563740F2F55608EB19
:100B90000B0C2968AB68DCF808006A685B1842F146
:100BA00000029842DCF80C3093411AD39CF81530BF
:100BB000012B02D06B7B012B03D0012005B0BDE8D7
:100BC000F08F411A0091FEF79FFDB84200993FD087
:100BD000B04228D0B0F5C67F14BF01230E2399423E
:100BE000EBDA08EB0B032A7C197E91421FD904EB48
:100BF0004A1409EB440494F82940202CDDD04FEA34
:100C0000441BC4E7761AFEF77FFD40F25633984244
:100C100020D0B84209D0B0F5C67F14BF01230E23FF
:100C20009E42B0DB97E73323D9E73323F8E7D3E9D4
:100C300002611C695B7DA61941F10001012B0BD0FB
:100C4000019BB342029B8B4138D3C5E9006174E735
:100C50001D23C4E71D23E3E76B7B012BF0D000913C
:100C6000FEF752FD40F25633984200992CD040F2E4
:100C7000F553984226D0B0F5C67F14BF01230E234A
:100C80009C42DDDAFEF740FD40F2563398421FD019
:100C900040F2F553984219D0B0F5C67F14BF012633
:100CA0000E26C344DBF80830DBF80C10F618019B65
:100CB00041F10001B342029B8B41C6D2002005B036
:100CC000BDE8F08F3323DBE71D23D9E73326E8E7C0
:100CD0001D26E6E7E81E0020601A00202DE9F047F7
:100CE000154692F8008092F80BC0AF7A12891C4624
:100CF00086B00023E3602361C4E9003327749DF8C4
:100D0000389084F80DC00646A3606361E28184F8E0
:100D100011800F46B8F1000F42D1FEF78DFBD5E9E7
:100D200004C24C4BC31841F1000E9C4572EB0E03FC
:100D30000AD3013E47F1FF37C4E900674FF47A73E5
:100D4000A36006B0BDE8F087263041F1000184457C
:100D500072EB0103EDD3288901300021844572EB49
:100D600001036AD3BCEB000062EB010104F10C0348
:100D7000009303AA04ABFEF7C1FB039B6A682889B2
:100D8000473313441844FEF713FCDDE90432C01A5C
:100D900020F07F40C4E90032A06006B0BDE8F087D3
:100DA0002D4804A9801A04F10C02FEF77BFB2B4BA3
:100DB0001B78202B24D02A490B69D1E90521053362
:100DC00042F1000A13EB01084AF1000A6B68227B2A
:100DD000E089473310441844C4E9008AFEF7E8FB71
:100DE0003246A0603B462869CDF800902146FFF7C7
:100DF00085FE0028A5D1C4E9006706B0BDE8F087EC
:100E0000637B16F1090847F1000A012BDED0FEF7DB
:100E100015FF0028DAD1FEF777FC40F256339842EE
:100E20000ED040F2F55398420FD0B0F5C67FCDD129
:100E300016F1160847F1000AC8E74046414695E713
:100E400016F1250847F1000AC0E716F13B0847F103
:100E5000000ABBE70040420FFF7F841E601E002097
:100E6000681E00202DE9F047374DDFF8E08000EBE9
:100E700040032B4406461C7A4700FFF71BF84FF04F
:100E8000200C4FEA461E08EB44110EEB0403D1F888
:100E900008A00A69AAEB000929F07F49B9F5000FFB
:100EA00005EB43030DD812EB0A02121A22F07F421F
:100EB000B2F5000F05D8BCF1200F0BD12046BDE8DC
:100EC000F08793F82930202BA4461C46DBD1BCF1D7
:100ED000200FF3D0BB192B440CEB461205EB42025A
:100EE00093F8088092F829201A72710144464FF055
:100EF000040E0B1905EB430322469445204683F864
:100F000028E093F82940F4D1BB192B440A4493F804
:100F10000AE0BEF1200F5FFA8EFC18BF8C443E44FD
:100F200018BF05EB4C0C05EB4202354408BF83F8B3
:100F300009804FF0200318BF8CF82980A87282F82E
:100F400029302046BDE8F087E81E0020601A002006
:100F50002DE9F0414E4D01EB41032B440C461E7A26
:100F6000202E80464FEA410741D14A4B0BB1AFF3E7
:100F7000008005F0DEFE95F82230202B0AD0464B8B
:100F8000D3E904E210F1020C41F10003E64572EBF3
:100F9000030331D3202E0AD042463346FFF7E4F94B
:100FA00000283FD085F822600220BDE8F081D5E915
:100FB0000623B3F1FF3F08BFB2F1FF3F1FD195F801
:100FC000203043BB0420FFF797F805F0C0FE002057
:100FD000FFF7F4F829684FF08042202085F82200BE
:100FE00000230B600120C2F80835BDE8F0810846F7
:100FF000FFF738FF8642B8D00020BDE8F081FEF749
:10100000D3FB4FF0FF334FF0FF32C5E9062395F8CD
:101010002030002BD6D00520FFF76EF8002385F88E
:101020002030CFE73B192B4406EB441205EB42027C
:1010300093F808E092F829201A726101734604209F
:10104000CA189C4605EB4202664592F8293082F8A0
:101050002800F5D13B192B443C44987A2028C2B291
:1010600018BF5218614418BF05EB420205EB41015D
:10107000254408BF83F809E04FF0200318BF82F829
:1010800029E085F80AC081F829300020BDE8F08108
:10109000E81E002000000000681E0020F8B5194A74
:1010A000194D002342F2200020214FF0FF364FF06F
:1010B000FF37A972288185F82130136082F8283023
:1010C000C2E90267AB73C5E906671C4685F82210C2
:1010D00085F8203005F1280202F814300134202C64
:1010E000FAD101260948EE7301F060FE084B187032
:1010F000084B1C7001F0CAFE2860FEF781FE85F8DF
:101100002360F8BD681E0020E81E0020A50803002B
:10111000981E0020601E00202DE9F04F85B005F0DC
:1011200008FEC04E0746884605F011FED6E90223A8
:10113000B3F1FF3F08BFB2F1FF3F05D04FF0FF32E0
:101140004FF0FF33C6E9022396F82830ABB94FF4CD
:101150000C71B069FEF7A8FA33697269B16902339C
:1011600042F100025B1842F100021B1842F100023A
:101170009F4278EB020380F06181AB4C4FF0FF306F
:101180004FF0FF31FEF7ACFEE37B002B40F04581D2
:10119000A64991F800B00122BBF1200FE27300F0E4
:1011A000378120220A7084F82220A373336094F8D8
:1011B000213003EB430AA2445FFA83F99AF80850FE
:1011C0005B009542009307D0994B03EB45102A46EC
:1011D000407E012800F0C580009BDFF858A203EB99
:1011E0000908202DA0444FEA491708D04846FFF7C8
:1011F00039FE854203D098F80850202DF6D1BAF177
:10120000000F01D0AFF3008005F093FD94F8223079
:10121000202B09D0D6E9042310F1020E41F1000C75
:10122000724573EB0C03E6D3202D38D02B460122F8
:10123000FFF79AF8002859D084F8225007EB0B03E7
:1012400004EB430393F82820022A1DD1009A4A4454
:101250002244062183F82810917ACBB220291CBFA2
:10126000DB1904EB43035F4418BF83F829B0009BEC
:1012700008BF82F809B04B44234404EB470783F8C6
:101280000AB0202387F82930FF232374009B4B44A6
:101290001C44637A202B5DD105B0BDE8F08FD4E902
:1012A0000623B3F1FF3F08BFB2F1FF3F07D0FEF7BF
:1012B0007BFA4FF0FF324FF0FF33C4E9062394F876
:1012C0002030002B3FD10420FEF716FF05F03FFD34
:1012D0000020FEF773FF21684FF08042002320209A
:1012E00084F822000B60C2F80835A7E77B1904EBED
:1012F000430398F8080093F8293088F8083002462C
:1013000004211346BA1804EB42029D4282F82810C9
:1013100092F82920F5D198F80A1088F80A30CAB254
:1013200020291CBFD21904EB42023B4404EB4303C7
:1013300018BF82F829004FF0200208BF88F8090082
:1013400083F8292057E70520FEF7D6FE002384F80E
:101350002030B8E7384B187805B0BDE8F04F01F001
:1013600051BD0978202914D0316970694F1DB169C8
:1013700040F10000791840F10000019003EB4213A6
:10138000D3E9020288420198824128BFC3E90210D2
:1013900022E701FB0531487D17F1090148F1000CF6
:1013A0000128CDF804C0E9D0CDE90251FEF746FC92
:1013B000DDE902211E4B10B19AF80850DEE7CDE9B5
:1013C0000221FEF7A1F940F25635A842029A184BC5
:1013D0000CD040F2F555A84214D0B0F5C67F039961
:1013E0000AD0009848442044057AC7E717F1250140
:1013F00048F100000190F4E717F1160148F10000F0
:101400000190EEE717F13B0148F100000190E8E799
:101410004FF43171702001F015FB40F2C1217020B2
:1014200001F010FB681E0020E81E0020601E002056
:10143000601A002000000000981E0020074B084A98
:101440001B78580102EB4313082112585868904743
:1014500040F2B621702001F0F5FA00BF601E0020B6
:10146000601A002070B5134C0D460646FEF782FA4E
:1014700094F8213004F1280CD9B20CEB831C002322
:1014800002E00133202B12D01CF81320D8B2002A1E
:10149000F7D103EB4111084A04EB4104590102EB77
:1014A00043135650012284F828205D6070BD184611
:1014B00070BD00BFE81E0020601A00201F280AD857
:1014C0000C4991F8213000EB431301EB430393F8EF
:1014D0002820012A01D00020704791F8213000EB2C
:1014E000431301EB43034FF0000C104683F828C070
:1014F000704700BFE81E00200378002B40F0EF800B
:101500002DE9F04F804A5368C3F308038BB082463D
:10151000002B40F0CF80DFF8F4917D4FDFF8F4B17D
:1015200009F1080827B1002140F24940AFF30080DB
:1015300099F82140E4B24FF0000389F8103027B148
:10154000002140F24E40AFF30080734B661C03EB6A
:10155000841E06F0010503EB851CBEE80F00ACE815
:101560000F00BEE80F00ACE80F00BEE80F00ACE8CB
:101570000F009EE80F0024B28CE80F002E4627B122
:10158000002140F2DE30AFF3008004EB440405EBB1
:10159000450508EB040338F804209B7828F805205B
:1015A0004544AB7057B1002140F2E230AFF3008008
:1015B00027B1002140F25340AFF3008005F0B9FBA2
:1015C000009604AB524604460D46FFF787FB27B151
:1015D000002140F25A40AFF30080504B1B78202B83
:1015E00044D0DBF81030DBF81420DBF8181005339A
:1015F00042F100025B1842F10002DDE90401984269
:1016000071EB020C009628D3454822462B4604A9CC
:10161000FFF774FAC0B1DDE90401FDF70DFFBDF875
:101620001E309DF81C401B1903F101034FF000020E
:1016300052411B1842EB0102CAE9043227B10021D2
:1016400040F26D40AFF3008099F81030002B7FF42A
:1016500069AF01200BB0BDE8F08FCDE9043204A9D9
:1016600022462B462E48FFF749FAD4E79DF81D1075
:1016700014F1090345F100020129BED0CDE902327F
:10168000FEF7DCFADDE902320028B6D1FEF73CF8BD
:1016900040F25631884232D040F2F551884229D08A
:1016A000B0F5C67FDDE90232A7D114F1160345F18A
:1016B0000002A2E7103B59B2002912DB01F16041A0
:1016C00001F5614191F8000340090028C2D0DFF81C
:1016D0003C900F4FDFF83CB009F1080822E70020EA
:1016E000704703F00F03043B1344187E40090028A1
:1016F000EDD1AFE714F13B0345F100027DE714F1B2
:10170000250345F1000278E700ED00E0E81E002027
:1017100000000000681E0020101F0020601E002036
:101720000040420F2DE9F04FB14A536891B0C3F326
:10173000080303900791002B40F03D820823069395
:10174000079B1B78012B00F2E882DFF8A8B2BBF1FF
:10175000000F04D0002140F24350AFF3008000237B
:10176000DFF894A2DFF8948204930124BBF1000F08
:1017700004D000214FF4AA60AFF3008024B9A04B3D
:101780000BB1AFF3008062B69AF821305FFA83F9AB
:10179000CDF814904FF000038AF81030069B002B10
:1017A00040F0AB80BBF1000F04D0002140F2645048
:1017B000AFF3008005F0BDFA059B0093079A0AABD2
:1017C0000446FFF78BFABBF1000F04D0002140F272
:1017D0006C50AFF30080039B03EB49130AEB430308
:1017E0004FEA491693F82830013B012B00F2CB80D9
:1017F000DDE90A3224F07F441D1B25F07F4121F0F2
:101800000101002940F0D680039A09EB49035344B3
:10181000B218997A0AEB4202042082F828002029A3
:101820004FEA49020992CAB200F015823244039B82
:101830000AEB420282F829301A464FEA49034B4428
:10184000534416440AEB46069A72202386F8293040
:10185000002304930125BBF1000F04D0002140F2C6
:101860007150AFF30080674B0BB1AFF30080EFF323
:101870001086344672B69AF81030002B7FF476AF9B
:10188000039B0AAF08EB43140FCF08340FC497E84B
:10189000030084E80300A5B1069B002B00F0B28191
:1018A000049B23B1584B1B78202B00F0FC819AF845
:1018B0002130DB4303F001038AF82130FF238AF84B
:1018C000103026B94E4B0BB1AFF3008062B6BBF1BE
:1018D000000F04D000214FF4B560AFF30080002D5D
:1018E00053D1BBF1000F04D0002140F2B450AFF34C
:1018F0000080284611B0BDE8F08F059A434B551C77
:1019000005F0010503EB821E03EB851C17B2BEE850
:101910000F00ACE80F00BEE80F00ACE80F00BEE817
:101920000F00ACE80F009EE80F00A9468CE80F00FE
:101930002EB2BBF1000F04D0002140F2DE30AFF335
:101940000080334B07EB470706EB4606DA19D95BF5
:101950009278995333449A70BBF1000F0CD0002158
:1019600040F2E230AFF30080BBF1000F04D0002161
:1019700040F25A50AFF300809AF81030002B7FF4F9
:10198000F5AE05950EE7002565E79AF8213003EBE3
:10199000430353445B7A202BA3D0BBF1000F04D048
:1019A000002140F2AF50AFF300801A4B187801F0DD
:1019B00029FA96E725F07F45B5F5000F3FF624AFED
:1019C0000C99C9180C1B24F07F44B4F5000F3FF6A6
:1019D0001BAF09EB490151440C7A4FEA4901202C15
:1019E000099100F045812021944604911A4627E090
:1019F00000ED00E000000000E81E0020601A00205A
:101A00000000000000000000601E0020101F0020E9
:101A1000F01E0020981E00209DF83510012903D0EB
:101A2000417D012900F0B18033190AEB430393F89B
:101A30002930202B00F02B81DDE90A2C04941C4670
:101A400008EB4410650187680169C368C91943F14F
:101A5000000E8A427CEB0E03DED213466246049FE0
:101A60000C9908EB0500C918D0F808C042F1000233
:101A70008C45C16871EB020275D3427D012A03D007
:101A80009DF83520012A59D0049B9F4200F0EA803E
:101A9000202F00F04781049B202B06EB07030AEB65
:101AA000430393F8292000F02F81049BF3180AEBDD
:101AB000430393F8294083F8292022460520B318D0
:101AC0000AEB430311468F4293F8292083F828003C
:101AD000F5D1099B4B445344987A202808BF5C7287
:101AE000099B4B44C1B253441CBF89190AEB410105
:101AF0009F72039B18BF81F82940F318F1190AEB74
:101B000043030AEB4101202081F8290083F82920B2
:101B1000049B834200F0B2801C4634440AEB440428
:101B2000039B84F8293000230493039B1E440AEB93
:101B30004606032386F8283001258CE6ACEB030328
:101B40000893FDF7E1FD40F256339842089B55D0CB
:101B500040F2F55290424DD0B0F5C67F14BF01223D
:101B60000E229A4290DD45449DF838302A7E9A42F2
:101B70004FD933190AEB4303274693F82940202C09
:101B80006CD0DDE90A3265016AE7D71BFDF7BCFDC1
:101B900040F25633984233D040F2F55398422BD05E
:101BA000B0F5C67F14BF01220E22BA427FF73CAFC8
:101BB000DDE90A3253E7103B59B2002943DB01F15A
:101BC000604101F5614191F800335B090693002BF8
:101BD0007FF4B6AD584B1B78202B00F0A880079BF4
:101BE0001B780693002B3FF4B0AD40F23C517020BF
:101BF00000F028FF3322B4E73322D6E71D22B0E7F6
:101C00001D22D2E7FF238AF81030002E7FF45FAE4A
:101C100058E6099B039A4B445344B218997A0AEB4D
:101C200042020420202982F82800CAB208D0324497
:101C3000039B0AEB420282F829301A46099BFEE513
:101C4000039A5A72FAE703F00F03043B13441B7E16
:101C50005B090693BBE7039A5A72EEE5049B9F4229
:101C60007FF419AF202B11D1099B4B4453441C7AAC
:101C7000039BF3180AEB430383F82940099B039A5B
:101C80004B4453441A72012304934EE71C46331904
:101C90000AEB430393F82920039BF3180AEB430351
:101CA00083F8292039E705990220FFF751F9002828
:101CB0007FF4FDAD9AF82130039F03EB43015144BB
:101CC00007EB43128C7A0AEB42020420202C82F8A4
:101CD0002800DDB24FEA4312E0B24FEA430319D0C5
:101CE00011180AEB410181F8297039462B445344FD
:101CF0000A440AEB420299722023049D82F829309B
:101D0000002E7FF4E4ADDDE5099B4B4453441C7A7F
:101D10001A72D2E64F723946E8E74FF4A861702094
:101D200000F090FE4FF4E871702000F08BFE40F25E
:101D30003951702000F086FE601E00202DE9F84F1A
:101D40007B4CDFF8F08105464FF0010B04F1080AE7
:101D5000B8F1000F04D0002140F2C650AFF300806C
:101D6000BBF1000F04D1744B0BB1AFF3008062B62E
:101D70004FF000032374B8F1000F04D0002140F2AB
:101D8000CB50AFF3008094F821606C4BB146013624
:101D900006F0010703EB891E03EB871CBEE80F006A
:101DA000ACE80F00BEE80F00ACE80F00BEE80F0083
:101DB000ACE80F009EE80F003E468CE80F00B8F13B
:101DC000000F04D0002140F2DE30AFF3008009EBB9
:101DD000490907EB47070AEB09033AF809209B7802
:101DE0002AF807205744BB70B8F1000F04D0002137
:101DF00040F2E230AFF30080237C03F0FF01002BC0
:101E000040F08680B8F1000F03D040F2D550AFF318
:101E1000008005EB461304EB4303770193F8282079
:101E2000032A73D106EB4602224492F808904D45EE
:101E300078D0B9F1200F69D04B4601E0202B65D056
:101E4000FA1804EB4202194692F829309D42F5D166
:101E5000202D5BD07B19394404EB430304EB410193
:101E600093F8293081F82930B8F1000F0CD0002107
:101E700040F24B30AFF30080B8F1000F04D00021E6
:101E800040F2DA50AFF300802F4404EB4707012300
:101E900087F82830B8F1000F04D0002140F2E35059
:101EA000AFF30080264B0BB1AFF30080EFF3108B44
:101EB00072B6237C002B7FF44BAF4D4503D1214BF1
:101EC0001B78202B1CD094F82130DB4303F0010356
:101ED00084F82130FF2323740124BBF1000F04D1C7
:101EE000154B0BB1AFF3008062B6B8F1000F04D010
:101EF000002140F20560AFF300802046BDE8F88F76
:101F000031460220FFF724F80028DCD10024E4E762
:101F1000B8F1000F3FF424AF002140F2D150AFF3ED
:101F2000008015E7202DF1D093F8293013729BE73C
:101F3000E81E00200000000000000000101F00202C
:101F400000000000601E002070B506280DD8DFE8F4
:101F500000F01C52040C0C740D00B14A4FF080418B
:101F600012680123C1F80835136070BDAD4D2B78A0
:101F7000202B00F09180AC4C5A0104EB4313A25883
:101F80005868BDE8704005211047A54CD4E90623E8
:101F9000B3F1FF3F08BFB2F1FF3F00F0D080A34E86
:101FA0000120FEF70BF9737F012B04D0FDF746FEED
:101FB000002800F030819B4D2B78202B00F09B8077
:101FC000FF23A373D6E90223B3F1FF3F08BFB2F1A9
:101FD000FF3F05D00520FEF71BF8002800F0168112
:101FE0002B78914A590102EB4313BDE870405258D7
:101FF0005868012110478B4D2B78202B00F0A680CC
:102000008A4E737F012B04D0FDF718FE002800F0E4
:10201000F380834CD4E90623B3F1FF3F08BFB2F14C
:10202000FF3F61D02B78804A590102EB4313BDE892
:1020300070405258586800211047794C94F820306D
:102040007BB1D4E90623B3F1FF3F08BFB2F1FF3FF4
:1020500000F0A2800120FEF7B1F8002384F82030C0
:1020600070BD704D2A78202A00F09D806F4E4FF091
:10207000FF324FF0FF33C6E90223A37B002B00F0B1
:10208000B6802B78684A590102EB4313BDE87040D3
:102090005258586806211047614890F8213003EBE8
:1020A00043010144DAB20B7A202B00F0AA8003EB43
:1020B000421200EB420292F829400C72FF21017497
:1020C000022182F82810584C58492B700022C27304
:1020D00081F8282004EB4312127E002A7FF44CAFD3
:1020E00001F0DEF82B7847E7FDF714FB04F021FE42
:1020F000C4E9060196E794F82130DAB203EB430312
:102100002344197A20297CD001EB421204EB4202CD
:1021100092F829001872FF232374434B297003EBB4
:1021200041110023097EE37386F82830022382F8E8
:10213000283000297FF444AF01F0B2F840E7FDF702
:10214000E9FA04F0F6FDC4E9060128E7344A92F8FA
:10215000213003EB43001044DBB2017A202950D038
:1021600001EB431302EB430393F829400472FF2071
:102170001074022083F828002B4B297003EB4111C7
:102180002A4E097E0023D37386F8283000297FF475
:1021900038AF01F085F834E7FDF7BCFA04F0C9FD6B
:1021A000C4E9060156E794F82120D1B202EB4202BD
:1021B0002244107A202824D000EB411104EB410185
:1021C00091F829601672FF222274174A287002EBD8
:1021D0004010164E027EE37386F82830022381F801
:1021E0002830002A7FF443AF01F05AF83FE740F26D
:1021F0004361702000F026FC40F25161702000F035
:1022000021FC40F24721702000F01CFC40F22F61BD
:10221000702000F017FC40F22961702000F012FCE1
:10222000E81E0020601E0020601A0020681E0020AA
:1022300070B5274B1A78202A86B044D0254CD4E9B3
:102240000213B3F1FF3F08BFB1F1FF3F36D1224D7A
:1022500005EB42150646D5E90201FDF7EDF8EA8ADD
:102260002B7DD31803F101034FF0000252419B195B
:1022700042F1000218180DF10B0342EB010100932B
:1022800003AA04ABFDF73AF99DF80B20DDE9043110
:102290000F2A94BF002201229B1841F10001C4E9DA
:1022A00002310E4B9B7B13B9012006B070BDD4E9FF
:1022B00002230520FDF7ACFE06B070BD40F62F01ED
:1022C000702000F0BFFB40F62E01702000F0BAFB3A
:1022D000601E0020681E0020601A0020E81E0020FA
:1022E000FDF7E8BD38B5234B93F800E0BEF1200FB1
:1022F0003AD0214D95F8213095F821C003EB4303E6
:102300002B445FFA8CFC1B7A202B1FD01B4C4FEA0E
:102310004C1C06E0634405EB430393F82930202B63
:1023200014D004EB4312117E8142F3D804EB4E1417
:10233000D4E9021320694018D2E9021243F10003E4
:10234000814272EB030304D2002038BD4FF0FF300E
:1023500038BD0B4B081A1C68FDF760F804F1320316
:102360008342F1D8001B38BD40F66801702000F0B0
:1023700069FB00BF601E0020E81E0020601A0020DC
:10238000681E00202DE9F04F8D4B1E7887B0202E5F
:10239000019000F010818B4F8B4D97F8213003EBAB
:1023A00043033B44804628681C7A2B6903930DF154
:1023B0001302AB6902938946404405A9FDF772F800
:1023C000824BA8F132029A4261D8DFF80482059B61
:1023D000696908EB4616B2689B1832699B182A692E
:1023E0009B1A23F07F40B0F5000F50D897F821A03A
:1023F000AB61202C85F820905FFA8AFA18BF4FF065
:10240000200B00F0CB8008EB441C9B18DCF8080084
:1024100041F100019842DCF80C308B414FEA441640
:102420004ED39CF81530012B02D06B7F012B32D09C
:102430000520FDF761FE97F821104FF0FF324FF0B5
:10244000FF33BBF1200FC5E90223C9B240F0A480DD
:1024500001EB4101394420240B7A594A97F82110A5
:10246000127802EB411207EB420282F829302B6806
:10247000019A13442B60FF233B74202C40D0554B12
:10248000187800F0BFFC002007B0BDE8F08F0120F5
:1024900007B0BDE8F08FA0EB0209FDF735F940F277
:1024A0005633984220D040F2F55398421AD0B0F5F6
:1024B000C67F14BF01230E234B45B9DD95F820904C
:1024C0004644337E4B4511D904EB4A1307EB4303D3
:1024D00093F82930202B17D0A346D5E904211C46B8
:1024E000AB6990E73323E7E71D23E5E7DDE9023138
:1024F0002A695B189B1A0220AB6107B0BDE8F08F18
:10250000002007B0BDE8F08F0520FDF7F5FD4FF086
:10251000FF324FF0FF3397F82110C5E90223C9B20B
:1025200001EB41033B4404EB411207EB420293F8F9
:1025300008A092F829201A724FEA410C480153462C
:102540004FF0050800EB030E07EB4E0E1A469442BF
:102550001E468EF828809EF82930F3D10CEB010E30
:10256000BE4461449EF80A90B9F1200F5FFA89F8E1
:1025700018BF80443944024418BF07EB480807EBF2
:1025800042028E724FF0200114BF88F829A08EF805
:1025900009A082F8291060E75C46C1E70520FDF735
:1025A000ABFD97F821104FF0FF324FF0FF33C5E934
:1025B0000223C9B24CE74FF40961702000F042FADF
:1025C000601E0020E81E0020681E0020CE3F420F43
:1025D000601A0020981E00202DE9F04FA64C94F8B8
:1025E000213000EB431304EB430383B093F828300E
:1025F000002B00F03C8194F82170DFF880820546C2
:10260000FFB2B8F1000F04D0002140F6CF00AFF3C5
:1026100000807E0105EB471704EB4707B8F1000F78
:1026200040F0E880771904EB470797F82830012B32
:1026300009D0043B022B40F2D08004F019FC97F83B
:102640002830012BF5D1DFF838B201230193ABF12B
:10265000200AB8F1000F04D0002140F6E600AFF3E5
:102660000080019B23B9874B0BB1AFF3008062B6AA
:102670004FF000032374B8F1000F04D0002140F69E
:10268000EB00AFF3008094F82160B1460BEB891E9C
:10269000BEE80F00013606F001070BEB871CACE823
:1026A0000F00BEE80F00ACE80F00BEE80F00ACE87A
:1026B0000F009EE80F003E468CE80F00B8F1000FB7
:1026C00004D0002140F2DE30AFF3008009EB49096D
:1026D00007EB47070AEB09033AF809209B782AF829
:1026E00007205744BB70B8F1000F04D0002140F21E
:1026F000E230AFF30080237C03F0FF01002B40F0B9
:102700008E80B8F1000F03D040F6F500AFF30080E3
:1027100006EB460323444FEA46095F7ABD4200F0C8
:102720009B80202F30D0700101E0202F2CD0C319C6
:1027300004EB430339463A4693F82970BD42F4D17D
:10274000202D21D00144284404EB400004EB41013A
:1027500090F8293081F82930B8F1000F06D0002117
:1027600040F243300192AFF30080019A09EB060377
:1027700023449B7A9F4260D0B8F1000F0CD0002117
:1027800040F24B30AFF30080B8F1000F04D00021CD
:1027900040F6F900AFF300803B4B0BB1AFF3008084
:1027A000EFF31083019372B6227C002A7FF451AFBD
:1027B00084F82160FF22227423B9324B0BB1AFF3AE
:1027C000008062B6B8F1000F04D0002140F60B1073
:1027D000AFF3008003B0BDE8F08F731904EB43033F
:1027E000DFF89CB0012283F8282001230193ABF18C
:1027F000200A2EE797F82830012B3FF424AF043B42
:10280000022B16D9002140F6DB00AFF3008004F064
:102810002FFB002140F6DF00AFF30080FEE6B8F1A9
:10282000000F3FF41EAF002140F6F100AFF300802F
:102830000FE7012387F82830EBE7B8F1000F06D047
:10284000002140F246300192AFF30080019A09EB7B
:10285000060323449A728FE7202D95D005EB46128C
:1028600004EB420292F829205A72202274E740F6C3
:10287000C601702000F0E6F8E81E0020000000000D
:10288000101F0020000000000000000070B586B09E
:1028900063BB064610460D46FCF7C0FD0DF10B0369
:1028A0000446009303AA04AB29463046FCF726FEF3
:1028B000039A1349A31A8B420BD3121B8A420ED3DD
:1028C00010498B420DD88A4215D9C2F1614303F5F4
:1028D000F7030A9AA2F10F00C01A06B070BD534266
:1028E000F7E703F1F45303F59023F2E740F61111F3
:1028F000702000F0A7F840F65801702000F0A2F810
:102900000040420FFF7F841EBFF34F8F0549064BE7
:10291000CA6802F4E0621343CB60BFF34F8F00BF7D
:10292000FDE700BF00ED00E00400FA05094B0122BD
:102930005A604FF0FF32C3F80823074B4FF4804230
:10294000C3F88020BFF34F8FBFF36F8FC3F8802190
:10295000704700BF00E0004000E100E0094B0122A9
:102960005A604FF0FF32C3F80823074B4FF48052F0
:10297000C3F88020BFF34F8FBFF36F8FC3F8802160
:10298000704700BF00C0004000E100E0084B00229B
:10299000C3F8FC2F0122C3F8FC2F064B0222C3F818
:1029A0008020BFF34F8FBFF36F8FC3F88021704734
:1029B0000010004000E100E0F8B51B4E33780546FA
:1029C0000C4617466BBBFCF7D5FC184B7760002D07
:1029D00008BF1D4628463472FFF7D8FFFFF7BEFF39
:1029E000FFF7A4FFFCF7D2FF0546C0B9FEF756FB80
:1029F000FCF7C0FFFCF70AFF04F042F9002C0CDBE7
:102A000004F01F026409A40004F1604404F5614469
:102A100001239340C4F8803123600123337028469A
:102A2000F8BD4FF0FF35FAE7901F00202E92060008
:102A300008B572B6024B5B6803B19847FFF764FFB5
:102A4000901F00201FB572B6134B5D688DB9FFF75C
:102A50005BFFB2FBF6F2DCB20133002AF9D104F1DC
:102A600010036B4403F80C2C0A2234B901A8A847C0
:102A7000EDE7024600230A26EDE7631E04AEDCB252
:102A800056FA83F3B0FBF2F602FB1600303003F87F
:102A90000C0C3046E9E700BF901F0020074B93F96C
:102AA0000830002B09DB5A09012103F01F0301FA4A
:102AB00003F34032024941F822307047901F002052
:102AC00000E100E0014B1878704700BF901F002024
:102AD0002DE9F84FDFF8C4A0314C324DDFF8C89033
:102AE000074601269AF800805FFA88F8FF238AF8E3
:102AF0000030B8F1000F01D08AF80130EFF31082F6
:102B000072B600236660C4F80031C4F80431C4F81A
:102B1000047526603AB962B605E0D4F8043133B9D9
:102B20002B69DB0620D4D4F80031002BF5D0D4F883
:102B30000431002BE2D1B8F1000F13D19AF8013023
:102B4000DBB28AF8018003214FF48042C4F80813F5
:102B5000C4F80481C4F80081C9F880218AF8008093
:102B6000002BBFD1BDE8F88F4FF48043C9F8803106
:102B7000EFF3108B72B60323C4F80433D4F800319A
:102B800013B9D4F804311BB1BBF1000FCBD1C2E7AC
:102B900004F06EF9BBF1000FC5D1BCE79C1F00200B
:102BA00000E0004000ED00E000E100E070B51646F6
:102BB000DA078CB01D4686468C4640F1A280C37B66
:102BC0008DF80030837B8DF80130437B8DF8023027
:102BD000037B8DF80330C37A8DF80430837A8DF847
:102BE0000530437A8DF80630037A8DF80730C379C3
:102BF0008DF8083083798DF8093043798DF80A30E3
:102C000003798DF80B30C3788DF80C3083784278D7
:102C10008DF80D3003788DF80F308DF80E20CA7BBB
:102C20008B7B8DF810208DF811304A7B0B7B8DF853
:102C300012208DF81330CA7A8B7A8DF814208DF813
:102C400015304A7A0B7A8DF816208DF81730CA792C
:102C50008B798DF818208DF819304A790B798DF819
:102C60001A208DF81B30CA788B788DF81C208DF8CF
:102C70001D304A780B788DF81E208DF81F306C4679
:102C80002046FFF725FFAB0731D59DF82F009DF8B3
:102C90002E109DF82D209DF82C30307071709DF80D
:102CA0002B009DF82A10B270F3709DF829209DF832
:102CB0002830307171719DF827009DF82610B2718F
:102CC000F3719DF825209DF82430307271729DF8C3
:102CD00023009DF82210B272F3729DF821209DF816
:102CE000203030737173B273F3730CB070BD0DF19B
:102CF000200CBCE80F0030607160B260F3600CB073
:102D000070BDDEF80410DEF80820DEF80C30006834
:102D10006C46A646AEE80F00DCF80000DCF80410B4
:102D2000DCF80820DCF80C30AEE80F00A8E700BFA4
:102D30001B4B4FF4805270B5C3F88020BFF34F8F08
:102D4000BFF36F8F174D184C0021C5F80011C3F861
:102D500080212669236943F0100323610123C5F80C
:102D6000043306F010062B60D5F80031A3B11EB96C
:102D7000236923F0100323610A4B0122D3F80805CD
:102D80005A60C3F808230022C3F80021044B4FF413
:102D90008052C3F8802170BD04F06AF8E4E700BFF8
:102DA00000E100E000C0004000ED00E038B50C4953
:102DB000024605200138C0B2FF2803D1482169200E
:102DC000FFF740FE01EBC0031D7905F0FF04002D65
:102DD000F0D141F8302001225C719C711A7138BD2C
:102DE000A01F0020042808B503D94F216920FFF750
:102DF00029FE034B03EBC0000023037108BD00BF95
:102E0000A01F0020042808B503D958216920FFF726
:102E100019FE094B03EBC0000379012B01D05921A6
:102E2000F4E7437982790133DBB29A4218BF4371E8
:102E3000BDE80840FFF732BEA01F002070B5124C5D
:102E400006250026013D15F0FF0500D170BD94F860
:102E5000281004EBC1031A79012A09D158799A790B
:102E6000904205D05A79D2B29A7154F831309847CD
:102E700094F828300133DBB2042B94BF84F8283057
:102E800084F82860DEE700BFA01F002008B503F02B
:102E900083FF70B903F089FF58B903F08FFF40B981
:102EA00003F09EFF044A054B002808BF134618464E
:102EB00008BD024BFBE700BF00E701400C050040E6
:102EC00008B503F08DFF08B3EFF3108072B6104A17
:102ED0001369116941F010011161A2F5406203F01C
:102EE0001003D2F80011D2F804210A4300D040BFE9
:102EF00020BF00BF00BF00BF00BF23B9044A136951
:102F000023F01003136100B962B608BD20BFFCE7CF
:102F100000ED00E0914270B53BD2B2FA82F33BB1D2
:102F2000C3F1200420FA04F49940214398409A40C8
:102F3000160CB1FBF6FC06FB1C1424041FFA82FEDF
:102F4000030C85B204EB10400CFB0EF4844206D94E
:102F5000201A90428CBF02200120ACEB000C03EB46
:102F600001410CFB1211B1FBF6F006FB101105EB51
:102F7000014100FB0EFE8E454FEA0C4C06D9AEEB2C
:102F8000010E96458CBF02220122801A40EA0C00F5
:102F900070BD73219620FFF755FD00BF2DE9F84362
:102FA0001C4652EA040349D0074615460E467CB932
:102FB000914208D321463046FFF7ACFF04462A462B
:102FC000384604FB1561FFF7A5FF2146BDE8F883ED
:102FD000B4FA84F9B9F11F0F34DC4FF0010808FA94
:102FE00009F2A2FB051320FA08F002FB043226FACC
:102FF00008F140EAC670FFF78DFFC9F11F03D84002
:103000004FF0000118D0431E8C4661EB010105FB17
:1030100001F203FB042280461846A5FB033EFB1A7F
:10302000724466EB02061F46AF4276EB040324BFF0
:1030300040466146BDE8F8838446F5E7CA219620FC
:10304000FFF700FDE7219620FFF7FCFC10B5441ABE
:1030500094422BD34AB34B1CC31A022B31D9531EB3
:10306000072B2ED922F003048C4686460C445CF8CC
:10307000043B4EF8043BA445F9D122F003039A42E5
:1030800002F0030400EB030C01EB030E0DD0CA5C4D
:10309000C254012C09D09EF801308CF80130022C6A
:1030A00003D09EF802308CF8023010BD002AFCD00C
:1030B0008B18024413F801CD02F801CD8B42F9D1EF
:1030C00010BD4B1E0244014613F8014F01F8014B9D
:1030D0009142F9D110BD00BF81EA00039B072DE9A1
:1030E000F0415DD187075FD0002A57D0034601E049
:1030F000002A53D011F801CB03F801CB9E0702F14F
:10310000FF32F5D1032A28D941EA0305141F6D07C0
:103110004FEA940E4AD12B2C48D90EF101084FEA00
:10312000580C03EBCC0CA1F108051C46F5E902672D
:10313000E4E802676445F9D118F0010F28F00104B2
:1031400003D051F8245043F824500EF1010402F04A
:10315000030203EB840301EB8401FAB1541E022C39
:1031600020D922F003058C460D449E465CF8044BA2
:103170004EF8044BAC45F9D122F00304A24223449B
:10318000214402F0030509D00A781A70012D05D0F8
:103190004A785A70022D1CBF8A789A70BDE8F08177
:1031A0000346DAE71546EFE70346ABE70EF1010702
:1031B00001EB87071D1F0C4654F8046B45F8046F9C
:1031C000BC42F9D1C1E700BF2DE9F04184075FFAA5
:1031D00081FE5FD0002A59D0034601E0002A55D075
:1031E00003F801EB990702F1FF32F7D14EEA0E2402
:1031F000032A44EA04443ED9151FAE08172D06F1F0
:103200000106C3F3800147D99846002940D048F809
:10321000044B771A03EB810C79080CEBC101CCE964
:1032200000440CF1080C6145F9D127F0010C08EBC2
:103230008C016745CCEB8C7805EB880517D02F1FE8
:10324000032F0C6013D9A5F10807032F4C600ED98A
:10325000A5F10C07032F8C6009D9A5F11007032FE6
:10326000CC6004D9143D032D0C6188BF4C6102F081
:10327000030203EB86034AB1013A83F800E005D06C
:10328000012A83F801E018BF83F802E0BDE8F0816D
:103290001546BEE70346A9E719461546CFE700BF26
:1032A000014B01229A777047082000202DE9344015
:1032B00055F804AB1A1F55F804BB2CDD54F804CBA9
:1032C0001CFB0A6654F804EB1CFB1A77043A1CFB3F
:1032D0000B881CFB1B991CFB3A6655F804AB1CFBC6
:1032E0002B771CFB3B881CFB2A99C8BF54F804CBE6
:1032F0001EFB0B661EFB1B771EFB0A881EFB1A9922
:103300001EFB3B6655F804BB1EFB2A771EFB3A8862
:103310001EFB2B99D4DC043236DD34F802CB013AA3
:103320001CFB0A66C8BF34F802EB1CFB1A771CFBB7
:103330000B881CFB1B9927DD1EFB1A66013A1EFB3E
:103340000B7735F802AB1EFB1B88C8BF34F802CBE5
:103350001EFB0A9918DD1CFB0B66012A1CFB1B7760
:1033600035F8022B1CFB0A88C8BFB4F800E01CFB30
:10337000029909DD1EFB1B66B5F800B01EFB0A773B
:103380001EFB02881EFB0B99BDE834802DE9F04F2F
:103390000D460999044615F0030F4FF001003BD08C
:1033A000B3F1040C4FF0000E35F8028B19DD54F820
:1033B000046B4FEA084855F8049B16FB18EE54F8C6
:1033C000047B16FB29EE55F8048B17FB19EEBCF1B4
:1033D000040C17FB28EEC4BF54F8046BEBE74FEA6C
:1033E00018481CF1040CA2BF34F8026B16FB08EE5F
:1033F000BCF1010CC4BF35F8028BF4E7A4EB430425
:10340000A5EB4305704505F10205B8BF70460139CB
:1034100042F804EB00DCC0E004391BDB4FF000068F
:103420004FF000074FF000084FF00009FFF73EFF94
:10343000B04205F10805B8BF3046B842B8BF3846BB
:103440004045B8BF40464845B8BF4846A2E8C0031B
:103450000439E3DA02315FDBB3F1040C4FF0000A08
:103460004FF0000B55F8048B20DD54F8046B55F831
:10347000049B16FB08AA54F8047B16FB18BBBCF18E
:10348000040C16FB38AA55F8048B16FB29BBC8BFE1
:1034900054F8046B17FB09AA17FB19BB17FB39AAD1
:1034A000C8BF55F8049B17FB28BBE2DC1CF1020CDB
:1034B0000EDD54F8046B16FB08AA55F8049B16FBA6
:1034C00018BBACF1020C16FB38AAC84616FB29BB88
:1034D00034F8026B1CF1010C16FB08AAC8BF34F8C3
:1034E000027B16FB18BB05DD35F8029B17FB18AAFB
:1034F00017FB09BBA4EB4304A5EB4305504505F1BD
:103500000205B8BF5046A1F10201584542F804AB8C
:10351000B8BF584642F804BB01313EDBB3F1040C9E
:103520004FF0000E1DDB54F8046B55F8048B54F873
:10353000047B55F8049B16FB08EEBCF1040C16FB4B
:1035400038EEA8BF54F8046B17FB09EEA8BF55F876
:10355000048B17FB39EEA2BF54F8047B55F8049B8B
:10356000E9E71CF1020CA1BF54F8046B55F8048B79
:1035700016FB08EEACF1020CA8BF16FB38EE1CF1EE
:10358000010CA2BF34F8026B35F8028B16FB08EE73
:10359000704542F804EBB8BF7046BDE8F08F2DE9E6
:1035A000F04786468C460846089E154674461946DE
:1035B000002B40F0C2808542B2FA82F245D94AB16E
:1035C000C2F1200300FA02FC2EFA03F3954043EA0D
:1035D0000C0C94404FEA154EA8B2BCFBFEF8230C2D
:1035E0000EFB18CC08FB00F943EA0C43994528D997
:1035F000EB1808F1FF3704D2994502D9A8F1020768
:103600002B44A3EB0903A4B2B3FBFEFC0EFB1C335B
:103610000CFB00F044EA0344A04214D92C190CF12D
:10362000FF3304D2A04202D9ACF102032C44241A85
:1036300043EA07401EB1D440002334607360BDE804
:10364000F0874746DDE76346F1E792BB431B012164
:103650004FEA154EAFB2B3FBFEFC200C0EFB1C3341
:103660000CFB07F840EA0343984562D9EB180CF1CC
:10367000FF3004D2984502D9ACF102002B44A3EBF1
:103680000803A4B2B3FBFEFC0EFB1C330CFB07F7D4
:1036900044EA0344A7424ED92C190CF1FF3304D25B
:1036A000A74202D9ACF102032C44E41B43EA0040D8
:1036B000C0E7C2F1200320FA03F1954090402EFAB2
:1036C00003F303434FEA154EAFB2B1FBFEFC0EFB12
:1036D0001C10190C0CFB07F841EA0041884504FA5C
:1036E00002F422D969180CF1FF3004D2884502D9BE
:1036F000ACF102002944A1EB08019BB2B1FBFEFC36
:103700000EFB1C110CFB07F743EA01439F420ED945
:10371000EB180CF1FF3104D29F4202D9ACF1020147
:103720002B44DB1B41EA004192E76046E3E7614638
:10373000F7E76046A3E76346B7E7834206D916B9C1
:10374000002108467BE7C6E900E0F9E7B3FA83F712
:103750008FB9834201D3724508D8BEEB020460EBF7
:10376000030301209C461EB9002168E73846FAE7AA
:10377000C6E9004CF8E7C7F1200CBB4022FA0CF474
:103780001C432EFA0CF120FA0CF3B84001434FEA27
:1037900014490EFA07F5B3FBF9F81FFA84FE09FB8A
:1037A00018300B0C08FB0EFA43EA00439A4502FA64
:1037B00007F240D9E31808F1FF3004D29A4502D944
:1037C000A8F102002344A3EB0A0389B2B3FBF9F882
:1037D00009FB183308FB0EFE41EA03418E452CD944
:1037E000611808F1FF3304D28E4502D9A8F1020313
:1037F000214443EA0040A0FB0298A1EB0E014145A1
:10380000CE46434602D306D14D4504D2B9EB020E53
:1038100068EB04030138002EA6D0B5EB0E0261EB75
:10382000030101FA0CFC22FA07F34CEA0303F94006
:10383000C6E9003198E74046C5E74346D9E71FB5DA
:10384000014601A800F006F801A802F08FFA05B0C1
:103850005DF804FB0B88C3F30B0383804B88C380A4
:10386000002242724B78C3F30113012B02D0022BCA
:1038700018BF1346043103720160704710B58B887E
:103880000370437803F0F00343708A88C2F3032285
:1038900013434370CA888270CA8803F0CF03120AA8
:1038A0004370C2700A7A120102F03002134303F02F
:1038B0003F0343704A7A43EA821343700C46096817
:1038C0000430814205D0E288FB2A28BFFB22FFF7A3
:1038D00003FCE0880430C0B210BD10B48B880370C4
:1038E000437803F0F00343700A468988C1F303214B
:1038F0000B434370D1888170C17801F0C001C17061
:10390000D488C4F30524214303F0CF034370C1706E
:10391000147A240104F03004234303F0BF034370FE
:10392000547A43EA841301F03F0103F07F034370AC
:10393000C17011680430814203D0D28810BCFFF7F7
:10394000CBBB10BC704770B50B78013B05460C46ED
:10395000182B00F20A81DFE813F02F003300080172
:10396000A600AC00B200B800BE00C200C400D40083
:10397000DA001900080108013700C800CE00DE0097
:10398000E400EA00F000F600FC0002010E23B1F8AA
:1039900003200B7042F283039A4209D1062363701D
:1039A00066780236324621462846FFF795FB51E0FD
:1039B0003121C720F4F7A0FA0C230B700823EEE79F
:1039C0001A230B700123EAE72920F4F7EBFC30B14E
:1039D0003E232370222363702923A370E0E70A208B
:1039E000F4F7E0FC3E2305F1080204F108012B7016
:1039F00090B30A23AB70E378EB70A3882B71A38894
:103A00001B0A6B71A379AB71E379EB71A368AB60AF
:103A10008B889380D4F80E30C5F80E30638A6B82A1
:103A200063696B61238B2B83638BAB76638B1B0A80
:103A3000EB76A38B2B77A38B1B0A6B77E38BAB7790
:103A4000E38B1B0AEB7794F8203085F820301F2693
:103A50006E700236304670BD0123AB70E378EB70B8
:103A6000A3882B71A3881B0A6B71A379AB71E379CF
:103A700003F00103EB71A368AB608B889380638BC9
:103A8000AB73638B1B0AEB73A38B2B74A38B1B0A87
:103A90006B74E38BAB74E38B1B0AEB7494F82030EC
:103AA0002B751326D4E73E230B7004234B7014238D
:103AB00093E73E230B700C234B7004238DE73E23CA
:103AC0000B700A234B70032387E73E230B700D23F3
:103AD0004B70052381E70523237004235FE7082348
:103AE000FAE730230B70032359E73E230B700B23B7
:103AF0004B70072371E73E230B7006234B700C239A
:103B00006BE713230B708B789B00013347E7572338
:103B10000B70022343E73E230B7006234B701223E6
:103B20005BE73E230B7009234B70132355E73E23BD
:103B30000B7005234B7020234FE73E230B700923A6
:103B40004B70212349E7FF230B700B234B70A223FB
:103B500043E7FF230B7005234B70A3233DE7FF23AF
:103B60000B700D234B70802337E740F26F2120E765
:103B700008B510B1FFF763FE10B96FF0150008BD6E
:103B80000020FCE710B50C4630B129B1F4F760FB1A
:103B900028B12070002010BD6FF01500FBE76FF01A
:103BA0002200F8E708B5F4F7DBFB002008BD01F0C0
:103BB000CAB808B5F4F7E6FB002008BD01F091BBD8
:103BC00001F09FBB034602221A709A70D6225A71E6
:103BD0006FF025029A716FF03802DA716FF05102BE
:103BE0001A7208225A726FF0240200209A7272220E
:103BF0005870D8701871DA72704701F0F4B838B59F
:103C00004FF080530446D3F8A020D3F8A41001311C
:103C100006D1D3F8A8304FF6FF719BB28B423ED04D
:103C2000D3073CD54FF08055D5F8A420D5F8A8305F
:103C3000A4F80530C3F3072363F03F03C4F8012061
:103C4000A371D5F89030013323D0D5F894300133E7
:103C50001FD0D5F8983001331BD0D5F89C300133F4
:103C600017D00020F7F7BAF898B9D5F89000D5F832
:103C70009410D5F89820D5F89C30C4F81330C4F8C7
:103C80000700C4F80B10C4F80F2001232370002094
:103C900038BD10220021E01DFFF796FAF5E700235A
:103CA000F4E770B54FF08055102200210446D5F896
:103CB000A060FFF789FA10220021A018FFF784FA0C
:103CC000D5F8803001330BD1D5F88430013307D1DA
:103CD000D5F88830013303D1D5F88C3001330BD0BF
:103CE000D5F88000D5F88410D5F88820D5F88C3028
:103CF000E36120616161A2610020F7F76FF808B904
:103D0000F3071DD44FF08053D3F8902001320BD12C
:103D1000D3F89420013207D1D3F89820013203D18F
:103D2000D3F89C2001320BD0D3F89000D3F8941034
:103D3000D3F89820D3F89C30E36020606160A260E3
:103D4000002070BD10B50446FEF7F2FFB0F5007F0D
:103D500009DA10F5007F08DD031EB8BF03339B109E
:103D60002370002010BD7F23FAE76FF07E03F7E792
:103D7000012070470120704701F018BB007800381F
:103D800018BF012001F026B9F6F768BD81780088D8
:103D900001F0D7BA01F0F3BA37B505460C460088F2
:103DA0000DF1060101F01BF92B882380BDF80630C8
:103DB000638003B030BDF6F759BD01F012BB00F0CF
:103DC000ABBF01F005B808B5F4F7E4FA002008BD70
:103DD000F6F740BB01F01CB8F6F7C6BC00F0E4BF34
:103DE00001F01DBA01F0E7B901F02EBA00F058BF9A
:103DF00000F05DBF00F069BF00F07BBF01F019B8B3
:103E000001F0FAB800F0DBBF00F097BF03880B8029
:103E100001F04CBA03880B8001F056BA01F030B8BB
:103E2000F6F76EBBF6F754BB01F058B801F066B870
:103E3000F6F770BB01F0A3B800F0A5BF01F0BFBA60
:103E4000F6F712BBF6F794BBF8B5D4181F46BDF8C9
:103E50001830053414FB03F4A4B2054604F11B002A
:103E600020F0030080B28842164603D0A32114201C
:103E7000F4F742F815F0030101D0A421F7E7B4F5F7
:103E8000004F01D9A521F2E71422281DFFF79CF964
:103E9000EF746C802E80F8BD70B50688C5880389E4
:103EA0008E42C5F30E02C3F30E0403D2C9211420BF
:103EB000F4F722F85D40C5F30E030BB92D0409D4C5
:103EC000A24209D2C37CA41A0533E41AA14203DD3D
:103ED00000238374184604E018320123815283744E
:103EE000104470BD0844053010FB02F01B3020F078
:103EF000030080B2704740881B3020F0030080B27E
:103F0000704738B503888B4204D240F20111142067
:103F1000F3F7F2FF857C65B1C388C3F30E03183352
:103F2000C25A8A4207D3C152811DF4F75FFA0023B7
:103F30008374284638BD0025FBE70346F0B59C880E
:103F4000A5B2C4F30E06DC88AC4200F1180002D121
:103F50000020D881F0BD5F89DC7C855B3C44023465
:103F60003444ED1B20440C88ADB2AC4288BF0D80B8
:103F70005C89B4FA84F4640914700A88DA81E9E788
:103F8000F8B58288C389002604460D4692B20E60B9
:103F9000CBB1C2F30E024189183287180B44825A02
:103FA0009BB29342438104D94FF4A7711420F3F7D5
:103FB000A3FF04D1011DF4F719FA46812F600023F5
:103FC000E3810120F8BD1846FCE770B5044604F112
:103FD0001806A38822899BB29A420846C2F30E05AE
:103FE0000DD021B1A91CE27C3144FFF775F804F132
:103FF00008012046755BF4F7F9F9284670BD0025E5
:10400000FBE78388C0889BB2C31A58425841704767
:10401000828873B5C48895B2AC42C2F30E0202F135
:10402000180212D04189C689835A314499420EDB65
:104030000DF10601ADF80650F4F7D8F9BDF8060009
:10404000001B18BF012002B070BD0020FBE701205B
:10405000F9E7028970B5C588C5F30E065540C2F36D
:104060000E04C5F30E020346183022B92A0402D505
:104070000020188270BDB4421D8806D9DA7CA41BCA
:104080000532A41AA542A8BF25469A890AB1845BC5
:104090002D1BA942ECDCDC7C1982033A0534324446
:1040A00022441044E6E7F8B5038A002B39D08B424E
:1040B00037D3C488858900F11803C4F30E041E1990
:1040C00095B91D55757085891E5B0D44ADB231449F
:1040D00085811953DAB1811DF4F788F900238381B2
:1040E000002303820120F8BD1E5BAE4204D040F2E3
:1040F00001211420F3F700FFC57C878A033E264484
:10410000053535445E195F53857DB570DBE7C27CAC
:104110002C44144402341A191B5B838293788375F0
:10412000DEE70020DFE78388C2889BB29A4206D090
:10413000428922B9C3F30E03183318447047002094
:104140007047C37C088802330B4413607047023009
:10415000704738B58388C2889BB29A4209D0438998
:104160003BB9C5893DB9011DF4F740F9C58101206E
:1041700038BD0020FCE71846FAE703881380C3889F
:10418000C3F30E03183303440B60808970474A1E43
:10419000062A08B50346084604D84FF4D171152005
:1041A000F3F7AAFE11B903B1196008BD5BB1B1F50F
:1041B000803F02D34FF4DA71F1E71B6800225A60A6
:1041C0001A1D19811A600430EFE70268002322B932
:1041D0000381031D426003607047918812680B449D
:1041E0009BB2F4E703464FF6F672A1F10800904245
:1041F00070B504D94FF4ED711520F3F77DFE186802
:10420000B8B1848802688C4214D03AB98EB206F1F3
:104210000805ADB2AC4204D210460AE0034610468F
:10422000EFE742501A6845181268A41BAC80425050
:104230001D6070BD1A60FCE700230B6003688A8074
:104240000B600160704730B590B18478B1FBF4F336
:1042500004FB131300EB430252898A4201D1D8B206
:1042600030BDC27822B900F10A03D0B2844201D82D
:10427000FF20F5E733F8025BA94202F10102F4D115
:10428000EEE78278038805324B4303EB4203184480
:10429000704713B50023CDE9003304468DF80600BE
:1042A0006846F4F783FA08B102B010BDBDF8040007
:1042B0002146F4F757FA0028F2D040F21D211720CA
:1042C000F3F71AFE70B50D460A211E46FFF70AFEE7
:1042D0003246044609212846FFF704FE204470BDFB
:1042E000012303707047F8B50546084600281146BB
:1042F0001E4614BF00240224FF23AB702B191B7D24
:10430000012B04D001342B191B7D012B19D105EB96
:1043100044073B8B3A8C9819904204DD2C440020D2
:1043200038832075F8BD05EB840432466068184474
:10433000FEF7D2FE3A8B16443E830023AB70012079
:10434000F0E70020EEE7002910B514BF0023022398
:10435000FF218170C1180C7D012C07D10C3320F88E
:10436000132002230B750023837010BD0133C11885
:104370000C7D012CF2D040F215110920F3F7BCFDA1
:1043800030B50246837803F0FF00F3B9137D022BAA
:1043900019D0537D022B19D10346012089B1D518BC
:1043A0000C3300242C7522F81340131803241C75B9
:1043B00002EB80035B680B6000F10C0332F81330F2
:1043C0008B80012002E00123E8E7002030BD30B5FA
:1043D0008378E3B9837D022B17D0C47D022C16D1DC
:1043E000032381B105190C3400222A7520F814200A
:1043F000C2180324147500EB83020C33526830F8A2
:1044000013300A608B80012002E00324E9E70020DA
:1044100030BD037D012B01D1008B7047437D012B03
:104420000CBF408B00207047837D012B01D1808B16
:104430007047C37D012B0CBFC08B00207047038BDE
:1044400023B9408B003818BF012070470120704706
:10445000838B23B9C08B003818BF0120704701201F
:104460007047027D022A01D1008B7047437D022BE9
:1044700001D1408B7047032AF6D0032BF9D00020DE
:104480007047827D022A01D1808B7047C37D022B49
:1044900001D1C08B7047032AF6D0032BF9D000203E
:1044A0007047F4F7EDBA012808B506D0022806D007
:1044B00040F2B2310620F3F71FFD002008BD0120B5
:1044C000FCE7F4F729BB37B50023054601A80193A3
:1044D000FAF79AFE019B284613F0030F0CBF002445
:1044E0000A2402F0C9F970B1284602F0B3F938B9CC
:1044F000284602F0B3F918B904F1500003B030BDFA
:1045000004F15A00FAE704F16100F7E770B50D46CF
:104510000646FAF7C3FD04463046FAF7B7FD04F540
:10452000234328444FF47A72A133B3FBF2F31844C7
:1045300070BD10B5044690F86900FAF7AFFD00F5BC
:104540005F4141314FF47A70B1FBF0F1204601F246
:104550004511BDE8104001F00ABD13B5002380F8F5
:104560004C32A0F890321A46009319460446F5F7EB
:1045700001F820B140F221213020F3F7BDFC0122E7
:1045800084F84C22C4F84802C4F84002A4F85E0241
:10459000A4F85C0284F86102B4F89020A4F89202B6
:1045A000013AA4F8902002B010BDF8B590F810318F
:1045B000044603F0FF05E3B9D0E942126FF000436F
:1045C0009A4208BFB1F1FF3F13D02946D0E94067B6
:1045D00002F06CF8D4E94232DB309B1B62EB07023D
:1045E0001B1A62F10002002A03DA2046F8F746FBA4
:1045F00001252846F8BD2DE9F047044618B9D22117
:104600003020F3F779FC082900F2A580DFE801F0FB
:1046100005123C3C38A33199A100F8F727FBD4F8E8
:10462000F400CB38FDF704FE002840F0888040F20B
:104630008121E5E702F016F90546F8B90146204662
:1046400002F034F800F1DB06D4F8F400B04209D2ED
:10465000301A322838BF32200321FDF793FE051EA1
:1046600018BF0125C4F8F460204602F021F9002D9E
:1046700065D02046BDE8F04702F01EB90025F3E7FB
:10468000BDE8F047FAF7D0BBFFF71DFF002384F821
:10469000F03084F8FB30B4F8EA30A4F8F800062BC8
:1046A0000BD80133A4F8EA3004F1F0052846FCF7F2
:1046B00023FF58B940F29F61A2E7D4F8CC301BB178
:1046C000012384F8FA30EFE70223FAE72046FFF7E8
:1046D0006CFF034694F8C80033B92946FDF722F869
:1046E00038B940F2A3618BE7FCF7E8FE002384F8B9
:1046F000E830D4E94078D4E9389AB9457AEB080330
:104700001DD2204601F0DDFF50EA010305460E46AA
:1047100015D0B7EB09002A4668EB0A013346FEF7CD
:104720003DFC05FB01F200FB0622A5FB0050024404
:10473000D4E93803451942EB0302C4E93852BDE815
:10474000F08790F8C800FCF7B9FE002384F8E83041
:10475000F5E7F22154E7F62152E7D0F8CC00704794
:1047600090F8E83010B50446E3B1012180F810114B
:1047700002F0A4F894F8E830A3B194F8C800FDF76B
:10478000DDFA94F8C800FDF727FF94F8C800FCF79D
:1047900095FE20B940F20D213020F3F7ADFB002348
:1047A00084F8E830002010BD90F8102110B542B90F
:1047B00090F8D02042B1D0E93531994202D9F8F7CA
:1047C0005DFA0022104610BD0122FBE708B540F259
:1047D000C32101F0D8FB40F64803984228BF184691
:1047E00080B208BD7FB590F81332044603F0FF0590
:1047F000002B45D190F84C32032B41D102F051FAF5
:10480000D4E9A023801A61EB0301012871F10003B0
:1048100036DB6FF00103834275EB010304DA40F2EB
:10482000D7513020F3F768FBA269B4F890300AB191
:10483000B0FBF2F2013313449BB2A4F85C32B4F83B
:104840005C22B4F80C329B1A1BB2002B18DD94F8D2
:104850009402FDF773FA98B1FF2384F86132B4F83B
:10486000CA30B4F890501D44B4F8C830013DED1A78
:10487000ADB20DF10E06B4F85C32EB1A1B0401D593
:1048800004B070BDB4F85C1200960023012289B216
:104890002046F4F76FFE0028F2D0012809D1B4F8C1
:1048A0005C32BDF80E2012FA83F39BB2A4F85C329E
:1048B000E1E74FF4C261B4E7F8B5044621B101293C
:1048C00040D04FF4F56131E0C68C36B1F6F7D0FF39
:1048D000E58CB0FBF5F606FB15062046D4E9385703
:1048E00001F0EFFE2D1847EB01070023AD1947F14A
:1048F000000784F8F0300223A4F8FA30C4E94057E6
:104900002046FFF7E0FDD4E94023A4F8F800C4E90D
:1049100038232046FFF749FE58B994F8C80004F13F
:10492000F001FCF7FFFE20B940F2FA613020F3F706
:10493000E3FA0023A4F8EA30FAF782F8BDE8F84079
:10494000FCF7EABB002380F8D030F5E790F8E800E8
:10495000704713B50023CDE9003301238DF80630ED
:104960006846F3F723FF08B100200AE0009C2046C8
:10497000FFF7ECFF0028F3D0204601F0A5FE002849
:10498000EED002B010BD07B50023CDE900330123FE
:104990008DF806306846F3F709FF08B1002004E0FF
:1049A0000098FFF7D3FF0028F4D003B05DF804FBB4
:1049B00007B5002340F6881201A9FAF74FFC03B0AF
:1049C0005DF804FB10B5044638B1F6F703F834EA95
:1049D00000030CBF0120002010BD0120FCE710B532
:1049E000F5F78AFB044601F039FF40B9204601F093
:1049F00031FF80F00100C0B200F0010010BD0020C6
:104A0000FAE738B5054601F04CFEF0B12846FFF74D
:104A10009DFF08B9002038BD2846FFF79EFE0446DA
:104A20002846FFF79DFE054688B9002CF2D0208865
:104A3000F6F730F920882946F3F794FE0028E9D0EC
:104A400041F65C013920F3F757FA4220E3E70C20E6
:104A5000E1E72DE9F843B0F85A60B0F85C508046C1
:104A600030300F46FFF7B2FE0221044600F0F7FE99
:104A700002218146204600F0F2FE4E4528BF4E46F8
:104A8000B6B21B2E38BF1B26FB2E28BFFB26854245
:104A900028BF0546ADB21B2D38BF1B25FB2DB8F82E
:104AA00000303B8028BFFB25B4F5A47F38BF4FF40E
:104AB000A47440F648039C4228BF1C467E80FD80BB
:104AC000BC803C81BDE8F8832DE9F04186B0054605
:104AD00001A9008800F045FE0446002873D1029A1F
:104AE00092F86E31003B18BF01238DF80230D2F8E6
:104AF000883099064ABF9DF80230034683F00103CF
:104B000003F001038DF8033092F8E8309B0603D4DC
:104B10009DF80330002B5CD0EB881B3B9BB2E02B55
:104B200059D82989A1F5A4739BB244F24810834255
:104B300051D86B881B3B9BB2E02B4CD8AA88A2F5BE
:104B4000A4739BB2834246D840F64807B94244D882
:104B5000BA4242D8029E4FF0FF0886F833819DF892
:104B60000230A3BB03A93046FFF773FF6A88BDF884
:104B70001230E888934228BF1346A6F83831BDF8B2
:104B80001430AA88BB4228BF3B461946BDF80E30F8
:104B9000834228BF0346A6F83431BDF81030288977
:104BA000BB4228BF3B46834228BF03468A42A6F841
:104BB0003631134628BF0B46A6F83A3186F83281C3
:104BC000002386F83331204606B0BDE8F0813A2450
:104BD000F6E71A24F7E71224F5E71124F3E72DE9A5
:104BE000FF4107468846008802A900F0BAFD054645
:104BF00018BB039C94F8813103F0FF051BB1B8F199
:104C0000020518BF012594F89730222B94F8E9305B
:104C100043EAD3030CBFC5F10102002203F00103F4
:104C2000134333D0BE7816B9F5F7D4FE0646F878AC
:104C300070BBF5F7CFFE26B90925284604B0BDE8BC
:104C4000F0810028F8D0FF2384F83D31E5B994F8CD
:104C50003C3103F0FF05BBB984F83F0184F83C8187
:104C600084F83E613B797A798DF8050043EA0223A6
:104C700001A920468DF80460ADF8063000F015FE5D
:104C8000002384F83D31D8E73A25F9E71A25D4E71F
:104C9000002ED8D1D0E708B5F5F776FE002008BD84
:104CA00010B50446F7F7FAF92070002010BD10B5D2
:104CB000FFF74FFE044630B9F7F7EAF92046F6F75A
:104CC000ABF9204610BD0C20FCE710B50446FFF7F9
:104CD00040FE50B92078012809D8611CF7F7E4F9A3
:104CE000002814BF0020072010BD0C20FCE7122074
:104CF000FAE738B50546FFF72CFE044640B9287898
:104D0000012803D8691CF7F7FFF918B9122038BD3C
:104D10000C20FCE72046FAE710B503460D2404708A
:104D20006FF0040111220020DC70592459709A7030
:104D30001C7158719971DA7110BD08B50821F3F72B
:104D400079FA002008BD73B506460C46008869460E
:104D500000F007FD0546A0B9B3786BB9019B93F845
:104D60006C30A370338894F902002380F6F7AAFA16
:104D7000A070284602B070BD7F20FFF719FEA0701A
:104D8000F0E70225F5E710B504466FF07F00FFF766
:104D90000FFEF6F797FA20707F20FFF709FEF6F76F
:104DA00091FA6070002010BD10B50446F5F7A4F923
:104DB00001F04DFDF6F786FA2070002010BD08B511
:104DC0000A46072300F11001FDF7F0FE002008BDA0
:104DD00010B5014604460020F5F7E8FF08B9206049
:104DE000A080002010BD10B50446F5F7C7FD28B916
:104DF00000202146F5F7C2FF002010BDFFF7C3FDDC
:104E00000028F5D0FFF7EBFD0028F1D10C20F4E7E6
:104E100010B50446FFF7B7FD28B901202146F5F784
:104E2000ADFF002010BDFFF7DAFD0028F5D10C2002
:104E3000F8E7F7B50C4605466946008800F091FC96
:104E4000A21C034690B9019901F19F0781F8F03047
:104E500038681060387910712888208091F8F060E7
:104E600006F0FF00002EF1D103B0F0BD0023C4F81E
:104E700002300220137123706370F5E7FFF724BE40
:104E80001FB5838844F29022934217D840F6480217
:104E9000934228BF13460288ADF804204088ADF83D
:104EA0000600ADF80A000A8001A8ADF80830ADF898
:104EB0000C30FFF709FE05B05DF804FB1220FAE79D
:104EC00037B50D46694600F04CFC044618B9019808
:104ED0002946FFF7BEFD204603B030BD10B503469E
:104EE0006FF004040020482108221C70587099704B
:104EF000DA701C7158719971DA7110BD37B50546B9
:104F00000C460088694600F02CFCF0B9019B014674
:104F100083F86A1093F86820012A06D0022A04D088
:104F200040F281210620F2F7E7FFA27093F8692092
:104F3000012A01D0022AF3D1E27093F86A2002F02C
:104F4000FF00002AE4D12B88238003B030BD10B5C8
:104F50008388022B044610D8C078FFF733FD08B9C8
:104F6000112010BDA078FFF72DFD0028F8D02046B5
:104F70000121BDE81040FFF732BE1220F1E713B562
:104F80008378C178027903F0010451EA040C03F03C
:104F900002031DD052EA030C1AD0002C18BF0021C6
:104FA000002B18BF00228DF80320037842788DF87B
:104FB000021043EA0223ADF8003043798279684653
:104FC00043EA0223ADF80430FFF7C1FF02B010BD81
:104FD0001120FBE708B5F4F711F8002008BD13B560
:104FE0000C46694600F0BDFB20B9019BB3F8903038
:104FF0000133238002B010BD07B50088694600F078
:10500000B0FB38B99DF80020019B012A05D093F828
:1050100043216AB103B05DF804FB93F84C22D2B28D
:1050200093F8B81011B912F0FB0FF0D10220F1E79C
:10503000012283F84321EDE72DE9F3410546477846
:1050400000780121F3F778FB044600285FD001F0D7
:10505000EFFBEE78864228BF0646042FB6B23DD05D
:10506000206BFFF7D6F9304480B21F2803D91220F5
:1050700002B0BDE8F081FB1E012B2CD8204601F0C8
:10508000FBFB6B78032B2CD107F0FD08B8F1010F67
:1050900039D1204601F0F0FB002831D1012F08BFA3
:1050A0004FF00208216B42466846F3F77FFC6A68BE
:1050B000206B33460121FFF716F950B36B78023BA2
:1050C000012B22D8206BFFF7A4F901210246206BA7
:1050D000FFF739F919E0002ED0D1C8E7002ECDD066
:1050E000C5E70028C3D1042BCED12046FFF72EFC04
:1050F0000028BCD0206BFFF7A2F90028C4D1B6E786
:105100004FF00008CEE7042FD1D10020B0E74220B5
:10511000AEE70720ACE72DE9F74380464578C7782E
:1051200000780121F3F708FB0446D0B101F096FBAB
:105130000028206B08BF0027FFF776F9C619B6B222
:105140001F2E1FFA87F910D8042D0ED0032D12D070
:105150005FB12046FFF7FAFB58B10C2002E00422B1
:1051600012E0422003B0BDE8F0831220FAE70720E6
:10517000F8E7012D0CD1204601F07EFB0028EED18E
:10518000012D0CBF06220522216B6846F3F70EFCA9
:10519000D8F80420206B4B460021FFF7A4F8002824
:1051A000E5D0023D012D04D8206B32460021FFF7E7
:1051B000CAF80020D6E713B50446F4F79DFF4FF474
:1051C0004073ADF8003000238DF80230684614F8C3
:1051D000013B8DF803300194FFF79DFF02B010BD35
:1051E00038B5012105460078F3F7A6FA0446A0B1C8
:1051F000FFF7ACFB28B92046691C01F06AFA0020D1
:1052000038BD204601F02AFB08B10C20F8E7204603
:1052100001F020FB0028F8D1EDE74220F0E713B5BC
:105220000446F4F769FF14F8013B8DF803304FF49E
:105230004073ADF80030684600238DF802300194C9
:10524000FFF7FAFE02B010BD73B50546F4F754FF40
:105250002B78044663B100230DF1010101208DF884
:105260000030F5F7A3FD18B16846FFF7B9FFA0B904
:10527000002620468DF8006001F0F4FAB04214BF19
:1052800080233346ADF801302B788DF80360012B75
:1052900005D169462046F5F753F802B070BD1BB939
:1052A0002046FFF7AEFBF8E71220F6E710B5002125
:1052B00004460088F3F740FA20B1A11CBDE8104075
:1052C000F8F7FABD022010BD08B500880021F3F7F9
:1052D00033FA20B1BDE808400021F8F7EDBD022007
:1052E00008BD37B505460C460088694600F039FA16
:1052F00028B92B882380019BB3F8C430638003B0A6
:1053000030BD2DE9F341438804460E46BBB1008809
:10531000694600F026FA054668B923883380019E65
:1053200006F17808B76962883946404600F00BFA02
:10533000B369BB42F6D1284602B0BDE8F081122520
:10534000F9E710B50C460021F3F7F6F988B1022C05
:1053500011D804F00103C4F3400480F8153280F83A
:10536000144223B190F812323BB1FFF73BFA002010
:1053700010BD0220FCE71220FAE71846F8E710B546
:1053800004460078FF280AD00121F3F7D5F958B177
:105390006378A27843EA0223C384002010BDB4F8E6
:1053A0000100F4F773FEF8E74220F7E708B500784C
:1053B000003818BF0120F4F77DFD002008BD10B5AE
:1053C0000446F4F799FE6178C1F3400201F001014F
:1053D00001F077FA002010BD0820F5F7E7BA01F0D8
:1053E000D3BB1220704710B5044604B910BD236822
:1053F00098476468F9E703680BB9016070471A467B
:105400005B6813B18A42FAD170478A4218BF516073
:10541000704708B50020FEF73CFFF3F755FAF5F7A3
:105420002DFCF3F791FC20B140F205110120F2F7B9
:1054300063FD08BD08B5F4F7E9FC20B140F2231183
:105440000120F2F759FDF7F799FA10B14FF4947172
:10545000F6E7BDE808400120FEF71BBF08B5FFF7DF
:10546000E9FF01F079FB20B140F23D110120F2F794
:1054700043FD08BDFAF742B90B46122203F8032B8D
:10548000D0F80920C1F80320427B1A71704730B56B
:1054900085B004460D46F5F7FBFF80B36FF4BC738F
:1054A0001C4402A92088ADF8000000F05AF918B198
:1054B0002E217E20F2F720FD039B93F864208DF8C7
:1054C0000220022193F86520B3F866308DF803209E
:1054D0006846ADF80430FFF782FB08B14421E8E7E5
:1054E0008DF808009DF808308DF80900002063F35E
:1054F00007009DF8093063F30F2005B030BD182375
:105500002B70D4F80930C5F8033004238DF8083027
:10551000E8E710B54468037894F89620002104F178
:10552000780000F02BF918B986217E20F2F7E4FC10
:10553000202384F8963010BD034610F0010007D1F7
:105540009A0704D413F0040018BF08207047022003
:1055500070472DE9F84F074608469246884600F006
:10556000D4FB8146404600F0D2FB8346FFF7E4FFC0
:1055700005464846FFF7E0FF45EA0006F6B2003E62
:10558000044618BF0126F5F725FA00EA0B03DBB243
:10559000002B08BF0025F5F71DFA00EA090097F86F
:1055A0006830C0B2002808BF0024AB4208BF002505
:1055B0008AF8005097F86930A34208BF002455EAE2
:1055C00004038AF801400CD1404600F0A2FBB7F872
:1055D0009030DB43184480B247F6FD73984288BF91
:1055E00000263046BDE8F88FF8B5446804F1780726
:1055F00094F8972005460E4601230B21384600F00B
:10560000BDF8014608B12020F8BD94F89720012389
:10561000384600F0B3F8C8B394F89630252BF2D092
:10562000304600F067FB28B931462846BDE8F8400F
:1056300000F0FBBC737903F0070384F86130337921
:1056400003F0070384F8603094F83D3193B994F87F
:105650003C31012B0ED094F8602094F869309A42C6
:1056600010D194F8612094F868309A420AD102234C
:1056700084F83C312223284684F8973000F0A7FCB8
:105680000020C1E72846F5F7EFF9F3E70120BBE773
:1056900008B5436893F89720222A05D022B140F23A
:1056A0008A317E20F2F728FC232283F8972008BD58
:1056B0000A46437923B9016811B10079F9F7A2BF0D
:1056C0007047F5F7DBBA704730B542400C78187870
:1056D0005D7844404878684004449D788878684004
:1056E0000444DD78C878684004441D7908795B7902
:1056F0004979684004444B402344D3420CBF012005
:10570000002030BD034600200139C9B2FF2900D175
:1057100070475A5C82F001021044C0B2F4E708B549
:10572000F5F76AFB082803D0BDE80840F5F788BB09
:1057300008BD08B501F040FA18B1BDE80840F8F717
:10574000ABBC082008BD10B50023436442F21074BE
:105750004B1EA0F84C2004FB0232B2FBF1F1816435
:1057600010BD10B50C460021F2F7E6FF606018B1DD
:1057700001232370002010BD0220FCE70C2939D83A
:10578000DFE801F0070B0E1416191C252A362C2E03
:105790003400B2FA82F040097047063A012A01E06B
:1057A0000A3A022A8CBF0020012070470D3AF5E723
:1057B000103A0C2AF6E7113A0B2AF3E7A2F110038C
:1057C000032B19D990F86000B8B11C2AEAE7042A23
:1057D00014BF002001207047012AF9E71D3AE0E7D5
:1057E000A2F12003062B07D92E2AF1E7282AEFE79A
:1057F0000F2AEDE70020704701207047F8B5D0E987
:10580000047605460C46FBF777FE20B94FF4E571A8
:105810002920F2F771FBF4B1D5E90431DA1B61EB11
:105820000603012A73F100014FF0000115DB6FF050
:105830000100904271EB030302DA4FF4EA71E7E7EB
:10584000631E1344B3FBF4F35C43E41946F1000612
:10585000C5E904461C462046F8BD0C46FBE711F09E
:105860000C0312D001F0040100290CBF4FF4167391
:10587000962303F5BC730CBF40221022984212D924
:10588000C01A90FBF2F080B27047022905D13C2883
:1058900009D93C38C0F38F007047702803D970389D
:1058A000C0F3CF0070470020704703460868586671
:1058B0007047012908B5024606D002290CD040F2F3
:1058C00045212920F2F718FB40F6C41340F2E240CC
:1058D000002A18BF184608BD40F6C410FBE7C3B243
:1058E00093FAA3F3000A90FAA0F01B0E000E43EA0D
:1058F000002070470131F8B5C9B2821D002301258F
:1059000012F8010B884216D312F8066C002405FA2F
:1059100004F737421CBF01F1FF31C9B2E0B269B1EF
:105920000134082CF3D10133DBB2052BE8D19921E6
:105930004620F2F7E1FA091AC9B2F4E700EBC30016
:10594000C0B2F8BD0B6870B5C0F801300B7903F038
:105950001F03437100230446C372451C861D15F8BE
:10596000010B00F01AFB2871E37AB5421844E0728B
:10597000F5D170BD70B581EA114189B2C57A04468E
:10598000032682EA0100FFF7AAFF013E00EB0010A8
:105990000A1816F0FF0690B2F5D141402522B1FB5E
:1059A000F2F302FB1313C3F3C4022244D8B25678B5
:1059B00003F00703012202FA03F31E4207D16943F1
:1059C0002046C1F30741BDE87040FFF793BF70BDAB
:1059D000F8B590F831506B1E242B044658D8002A95
:1059E00058D090F8260018B1012847D01F201AE09F
:1059F00094F8331094F8323002FB03132522B3FBE2
:105A0000F2F102FB1133DBB204EBD30284F8333042
:105A100092F82710012603F0070206FA02F211425B
:105A200002D084F83430F8BDB3FBF5F205FB123335
:105A30000133024604F12C01D8B211F8013B834234
:105A400019D311F8067C002306FA03FC1CEA070FA1
:105A50001CBF00F1FF30C0B2DDB220B905EBC202BD
:105A600084F83420DFE70133082BEDD10132D2B2C4
:105A7000052AE2D1BAE7C01AC0B2F7E7228BC9699A
:105A800004F12600FFF776FF84F834000020CAE70F
:105A90001220C8E71046C6E70B68C0F803308B88B1
:105AA000A0F8073070470B68C0F809308B88A0F861
:105AB0000D3070470378890123F0400301F0400165
:105AC0000B4303707047037803F07F0343EAC1136D
:105AD000037070471F2A38B50546144603D9BF2105
:105AE0002A20F2F709FA09300634FDF7F5FA6C704E
:105AF00038BD1F2A38B50546144603D9E1212A20AE
:105B0000F2F7FAF909300634FDF7E6FA6C7038BDA1
:105B100030B5037803F00F03032B024640D0052B6A
:105B20001FD1C37F90F82000034392F82100034364
:105B300092F82200034392F8230020F01F0018433C
:105B40002DD05378222B0CD1B2F81930B2F817406F
:105B5000907D41B1B3F5506F05D940F607518B42A6
:105B60000ED900201BE0991F89B240F67A45A94260
:105B7000F7D8411E0729F4D88342F2D9A342F0D3C3
:105B8000B2F81B30B3F5FA7FEBD2B2F81D000A3839
:105B900080B240F6764398428CBF0020012030BD91
:105BA0004078A0F10C0358425841F8E7037801F01F
:105BB000030123F003030B4303707047007800F0E8
:105BC000030070471B2A08B504D940F252412A202D
:105BD000F2F792F94270BDE808400330FDF77CBA55
:105BE000B0F807007047B0F809007047B0F80B0034
:105BF000704770B5B0F80730B0F80950B0F80560DC
:105C00000479B0F80B0091B1B3F5506F0FD940F69D
:105C10000752934218D8B5F5FA7F15D20A3880B2E8
:105C200040F6764398428CBF0020012070BD9A1F39
:105C300092B240F67A418A4206D8621E072A03D8F9
:105C40009C4201D29E42E5E70020EFE743680B60EB
:105C5000037A0B717047B0F80900704700797047FC
:105C60000B6843604B688360704743680B608368D0
:105C70004B60704783890B807047D0F80E300B6003
:105C8000D0F812304B607047D0F816300B60704778
:105C9000FFF7E6BF0B68C36070470079704701717A
:105CA000090A417170478171090AC1717047017217
:105CB000090A417270478172090AC172704780886F
:105CC0007047C088704700897047408970470389D2
:105CD0001A2B0DD94389B3F5A47F09D383881A2BD6
:105CE00006D9C088B0F5A47F34BF002001207047DA
:105CF000002070470379024613F0070004D0507962
:105D000010F0070018BF01207047007970474079F4
:105D10007047C08870470279437902F0070203F0A8
:105D20000703511E0A40591E0B4013430CBF0120AC
:105D300000207047017170470079704741717047CA
:105D400040797047FB2908B504D940F2E5712A2053
:105D5000F2F7D2F8417008BD406890F8123223B1D2
:105D6000002380F81232FEF73DBD704708B5017A76
:105D700019B101290DD0002008BD0368C288022195
:105D80008088F5F733FB0028F6D1F5F7DFFC01201A
:105D9000F2E70368C288F3E702230B7001238B70DC
:105DA0007047F5F787BB08B5037A23B14FF41A7132
:105DB0001020F2F7A1F8BDE80840F5F7EFBB032289
:105DC000FFF7F1BF0422FFF7EEBF30B4057A15B13B
:105DD000027230BC704730BCF5F7E0BB0B461122B5
:105DE00003F8032BD0F80920C1F80320D0F80D20C8
:105DF0005A60B0F811201A817047012908B503D103
:105E00000E30C00080B208BD022902D10F308000E0
:105E1000F8E740F2CF110620F2F76EF830B587B000
:105E200004460D46F5F73CFBA0B300232372A4F50E
:105E3000B374694624882046FFF742F818B1D82188
:105E40002C20F2F759F8BDF80630ADF80E30BDF849
:105E50000830ADF81030BDF80230ADF8123003A8AC
:105E6000BDF80430ADF80C40ADF81430FFF706F87B
:105E700008B1E121E4E78DF80C009DF80C308DF8B5
:105E80000D00002063F307009DF80D3063F30F2031
:105E900007B030BD2B46172203F8032BD4F8092096
:105EA000C5F80320D4F80D205A60B4F811201A81E7
:105EB00004238DF80C30E0E740687047C08A7047D3
:105EC00010B58A880B89CC884988A0F85010A0F8B2
:105ED0005440A0F85220A0F8563010BD8383BDF87E
:105EE000003001834283C383704738B5C38B458C30
:105EF00004469D42007A28BF1D46FFF77EFF638956
:105F0000AB4228BF2B46984238BF184680B238BDF6
:105F1000F8B50546808F16460F46FFF76EFF3946E7
:105F2000044605F13000FFF7E0FF844228BF044635
:105F30003146B5F84400FFF760FFB5F846308342BC
:105F4000A4B228BF034614FA83F09C30F8BD38B5DC
:105F50000D46144690F8681090F86920FFF7D8FFB6
:105F600096342044A84294BF281A002038BD38B582
:105F70000D4690F8692090F868100446FFF7C8FFB6
:105F80000544656338BD006801F19C03984283BFF6
:105F9000401A9C3840080020704700F05503400824
:105FA00000F05500184400F03303800800F033007F
:105FB000184400F00F0303EB1010704743680022F1
:105FC00083F8962083F8D220A3F8CE207047436848
:105FD0000022A3F8D42093F8D620013283F8D620EB
:105FE000704708B5426892F8D630013B5BB2002B8F
:105FF00082F8D63003DA34214A20F1F77DFF08BD5C
:10600000436883F8231183F822217047A0F10A0323
:10601000042B08D9A0F12003062B04D9A0F12E03EC
:10602000584258417047012070474268D2F8883082
:1060300010B513F008040AD143F00803C2F8883001
:10604000CB7882F82031FFF7C2FF204610BD012037
:10605000FCE738B50C460546B1F85410FFF71FFEB3
:10606000B4F82A112846FFF71EFEB4F8501028464F
:10607000FFF71DFEB4F828112846BDE83840FFF7A9
:106080001ABE37B530F8024C7CB100238DF80430CD
:106090008DF805309DF80430002063F307009DF86B
:1060A000053063F30F2003B030BD30F8B05CA1F8C9
:1060B000035008220A708C70427A4A7150F89C0C86
:1060C000FDF79FFF18B983216320F1F715FF2846DC
:1060D000F4F7E0FD21462846F2F744FB04238DF84F
:1060E00004308DF80540D5E738B54468037894F856
:1060F00098200D4604F178000121FFF73FFB38B9E5
:106100002846FFF7ABFD062384F8990084F8983001
:10611000002038BD10B54468037894F89820012118
:1061200004F17800FFF72AFB10B9072384F89830B0
:1061300010BD0B46062210B503F8032BA0F5D47250
:106140000024D485D0F80920C1F80320D0F80D2010
:106150005A60427C1A72CC7010BD10B54468037846
:1061600094F89620002104F17800FFF707FB18B996
:1061700024214520F1F7C0FE1D2384F8963010BD80
:106180002DE9F7434568037895F8962006460C46B6
:1061900005F178000A21FFF7F1FA60B32046FFF716
:1061A00096FD00B32046FFF78EFD07462046FFF719
:1061B00086FD80462046FFF788FD81462046FFF792
:1061C00080FD4B4600904246394605F13000FFF70E
:1061D00085FE7168284601F25311F5F7DBFA706805
:1061E0000521F3F77BFE002085F8D20085F89600A4
:1061F00003B0BDE8F0830120FAE74268D2F88830A6
:10620000D90610B5044603D49A214520F1F774FE4F
:10621000990601D59B21F8E723F01003C2F88830D6
:10622000FFF7DFFE60680521BDE81040F3F756BEBA
:1062300009230B70437A8B70A0F5F9731B88A1F8C2
:106240000330037B4B7170470A230B70437A8B70CA
:10625000A0F5F9700388A1F80330704707230B708D
:10626000A0F52F731B88A1F80330D0F80B30C1F8CC
:106270000530D0F80F30C1F80930B0F81330A1F86C
:106280000D30704738B504464068012390F89720D8
:1062900000217830FFF772FA656860B995F89720A9
:1062A0000123052105F17800FFF768FA002814BFE3
:1062B0000820012038BD95F89C000028FAD020461F
:1062C000FFF785FE6368112283F897200020F1E72D
:1062D00070B5044640680D4690F8972001230021D0
:1062E0007830FFF74BFA666870B996F89720132A52
:1062F0000AD00123052106F17800FFF73FFA0028B4
:1063000014BF0820012070BD96F8D83013B920467C
:10631000FFF75DFE6168284601F50871FFF7ADFCE7
:106320006168284601F58C71FFF7AEFC61680B8847
:10633000A1F8C532284601F2C721FFF796FC616833
:10634000284601F2CF21FFF795FC6368152283F8F8
:1063500097200020D7E7436893F89720122A03BFBD
:106360001322002083F897200220704710B543685D
:1063700093F89730182B044607D1FFF732FE636875
:106380001C2283F89720002010BD0220FCE708B5EE
:10639000436893F89720112A04D04FF4A8711F2066
:1063A000F1F7AAFD012283F8D720122283F8972063
:1063B00008BD08B5436893F89720162A04D04FF417
:1063C000B0711F20F1F798FD182283F8972008BDBF
:1063D0000B46052203F8032BD0F80920C1F803204F
:1063E000D0F80D205A60B0F811201A81C27C9A7240
:1063F000704710B54468037894F89620002104F1A2
:106400007800FFF7BBF918B9AA211C20F1F774FD39
:10641000042384F8963010BD4268D2F8881008B57D
:10642000CB0703D4B7211C20F1F766FD92F8D630D4
:10643000013B5BB2002B82F8D63001DAB921F2E7DA
:1064400021F00101C2F8881008BD0C23A0F5A57049
:106450000B7003884B80704710B54468037894F83C
:106460009620092104F17800FFF788F930B1002364
:1064700084F8C63084F8D23084F89630002010BDFD
:1064800038B54568D5F8883013F0040409D1FFF712
:106490009EFDD5F8883043F00403C5F888302046C7
:1064A00038BD0120FCE74268D2F8883023F00403AD
:1064B000C2F88830FFF795BD10B54468037894F8AA
:1064C0009620002104F17800FFF758F918B97121DE
:1064D0004B20F1F711FD0F2384F8963010BD0123F6
:1064E0000B7000238B7030F8DA3CA1F80330437A4C
:1064F0004B714389CB8083890B81704738B54468E1
:1065000094F8D95015F0020514D1037894F8962028
:10651000294604F17800FFF731F918B975214020B8
:10652000F1F7EAFC012384F8963084F8D230A4F81D
:10653000CE5038BDD4F8882093070DD594F8D630C6
:10654000013B5BB2002B84F8D63001DA8721E6E705
:1065500022F00202C4F88820002384F84231E8E7E0
:1065600010B50B794C790A68012843EA042108BF69
:1065700041F48031104610BD07B5FFF7F1FF0DF172
:106580000702F5F72FFD03B05DF804FB0B4604226C
:1065900003F8032BB0F80920A1F80320C27A9A70FF
:1065A00070470B46142203F8032BD0F80920C1F8DA
:1065B0000320D0F80D205A60704738B50B461022E2
:1065C00003F8032B0C4600F10902293052F8041B92
:1065D00043F8041B8242F9D112781A70A58801236E
:1065E000A37100212846F2F7A7F890B1E27862B1D2
:1065F0000088F4F74FFB00212846F2F7B3F840B1CA
:1066000040F242212D20F1F777FCBDE8384000F040
:10661000B6BA38BD0121F6F7A7B8FFF7FBBF90F86F
:106620007A300BB10120704790F8B22002F0FF03DE
:10663000002AF7D190F8A4201846704737B50446D1
:106640000D464FF48C720021FCF7BEFDFF23237032
:106650001323638042F21073E384F2F77BF9002284
:10666000014620636846F2F7A1F9206B0022012160
:10667000FDF769FE216B68460422F2F797F90022C4
:10668000206B1146FDF75FFE04F12800A57403B0EE
:10669000BDE8304000F04DB9FF23086B0B70FDF7EB
:1066A0001FBE0078FF3818BF0120704710B50446A0
:1066B000283000F094F961882822BDE81040F6F7F0
:1066C0000FBBD0E902017047C07C003818BF012021
:1066D00070470B68C0F815308B88A0F8193001237B
:1066E000C37670472DE9F04F06460D4607460FCE9C
:1066F00091B006AC0FC40FCE0FC496E803000DF1A5
:10670000100884E80300404600F013F995F814904F
:106710006E7895F80AA095F800B0B9F1010F06F06F
:106720007F0607D0B9F1020F04D040F29321062072
:10673000F1F7E2FB697A404600F002F92B7DAA7E70
:10674000022B08BF697D02F1010206BF0131C9B207
:106750000121D2B2404600F0F5F816F0080364D1EA
:106760004046019300F03BF928223146F6F7B8FA8B
:1067700040F271212A79019B00F2D620B0FBF1F49E
:1067800001FB04F0EC7844EA02246A7944EA02440A
:106790004C43A0420BD9EC79AA7942EA04222C7A24
:1067A00042EA044201FB02F4A04200D804462A7ED9
:1067B0000393531E5A425A41A97C386B02910192AD
:1067C000FDF74FFE386BFDF75CFE039B019A0299C3
:1067D000ADF81A6008948DF828208DF82B108DF8EC
:1067E0002CA08DF818B08DF81C90099306AE0FCE32
:1067F0003C460FC40FCE0FC496E8030084E80300A4
:1068000098E80300B862B985EB7A13F0FD0F14BF66
:106810000123002387F85730EB68BB652B8AA7F864
:106820005C30002011B0BDE8F08F00242346BEE7A5
:10683000438813F0040F0CBF1F2000207047002373
:10684000C38543881D2B08BF00214174704790F910
:1068500012007047408800F0010070474088C0F384
:10686000400070474088C0F3C000704708B5006B17
:10687000FDF7EEFD012008BD0120704701207047A3
:1068800010B50446F6F718F928B120460021BDE8F6
:106890001040F5F769BF10BD90F8503001624B729F
:1068A000D0F85130C1F80A30B0F85530CB8170477C
:1068B00000216830FEF7FCBEF5F790BC80F8701040
:1068C000704780F8241080F825207047C0F34002FC
:1068D000C0F38003134400F00100184470470228FD
:1068E00008B507D0042807D0012807D039212E2069
:1068F000F1F702FB262008BD2720FCE72520FAE758
:106900008278034612F0010002D0D978C9070FD56A
:10691000900702D5D978890709D512F0040007D06D
:10692000DB7813F0040F14BF00200420704702200E
:1069300070470023C0F80230012343700370704792
:106940008170704710B50170427080781446FFF76F
:10695000BDFF10FB01F104FB01F2FE2A03DD5C2107
:106960002E20F1F7C9FA10BD0023C37043710371E3
:10697000704710B50446FFF7C3FF637962780133AF
:10698000DBB29A4263710FD1E378A1780343DBB2A3
:106990009942E37008BF23794FF0000208BF01332A
:1069A000627104BFE2702371BDE81040FFF797BF2A
:1069B00038B501468078FFF789FF0446C8784D78DE
:1069C000FFF784FF0A790B789B1A13FB05F34A79CA
:1069D00013FB04F39B1A00FB1530C0B238BD08B599
:1069E00001468078FFF772FF4B780A7813FB02F3B9
:1069F00013FB00F0C0B208BD40F2EF20704740F238
:106A00005A335843704738B553680E3814460D460C
:106A100093F8962009283FD8DFE800F0053E3E3E77
:106A20000F3E173E3E26042A05D12046FFF7C6FA40
:106A30002046F5F707FA002038BD0F2AFBD1204683
:106A40000021BDE83840FFF707BD1D2AF3D12046DD
:106A5000FFF7B4FA002DEED0626892F8E83023F028
:106A6000200382F8E830E6E793F89720232AE2D162
:106A7000002583F897502046FFF7B3FA636893F830
:106A80003C31012B03D129462046F3F7C5FF63684B
:106A9000002283F83C21CEE74FF413713120F1F747
:106AA0002BFA08B5436893F89720162A04D040F2D1
:106AB000D4413120F1F720FA1A2283F8972008BD3B
:106AC00008B5436893F89720312A06D1002283F84D
:106AD0009720BDE80840FFF784BA162A03D11A228E
:106AE00083F8972008BD40F2E9413120F1F704FA1C
:106AF00070B5426892F8E83043F00403044682F827
:106B0000E83008460D46FFF71BF906462846FFF712
:106B100013F922463146BDE87040F6F723BA38B57E
:106B20000C460546D1E90401F1F7BAFE94F8940247
:106B300020280BD0FBF750FD94F89402FAF7BEFC26
:106B400020B940F674013120F1F7D6F92846022128
:106B5000BDE83840F1F706BE00207047F4F7D0BE1C
:106B6000F2F730BA90F813320022A0F8962080F89D
:106B70009A2013B10221F3F7B1B90321FBE70C21ED
:106B800000F50A70F1F756BBF4F72EBF42680023F8
:106B9000A2F8443182F84631A2F8473182F84931EF
:106BA000704708B5F7F738FDF7F78CFBF7F7FCF9F6
:106BB000BDE80840F7F784BA08B5C821F7F752FADC
:106BC000022807D1013911F0FF01F7D1FA213B204A
:106BD000F1F792F9431E5842584108BD10B50446DA
:106BE0000846F8F75BFA4FF47A73B0FBF3F0201A1B
:106BF00010BD10B504460846F8F750FA023C4FF4B1
:106C00007A7300F2E730B0FBF3F0201A10BDF8F70A
:106C1000B1BB801A00F3070038B540B20D4659B237
:106C20001446F8F797FB0023287020446B7040B29D
:106C300038BD002303607047002070474FF0FF30DD
:106C400070474FF0FF307047704770470020704723
:106C50004FF0FF307047002070470020704700233E
:106C6000037070470022FFF7D4BF002070474FF039
:106C7000FF3070474FF0FF3070474FF0FF307047E4
:106C800070B5F8F7B7FB002405462646E0B285420A
:106C900000D870BDF8F7B4FB0134868480F8266014
:106CA000F4E7F9F70DB908B50020F9F719FA00680B
:106CB000003818BF012008BD08B500F0AFF828B1B2
:106CC0004FF080430222C3F8342C08BD00F088F84E
:106CD0000028F5D100F099F80028F1D1F5E74FF040
:106CE000804301221A6070474FF08043D3F80804B4
:106CF00000F0010070474FF08043D3F8140400F017
:106D0000010070474FF08043D3F81C0400F00300EB
:106D100070474FF080410246D1F81804D1F818149A
:106D200010F4803004D001F00300831A5842584117
:106D3000704707B56846F8F7BBFFDDE900024FF082
:106D400080730021E2FB030103B05DF804FB08B58A
:106D5000F8F798FFBDE80840F8F77EBF034600202B
:106D600018707047EFF3108272B603780121DBB21E
:106D7000017002B962B6012B0CBF6FF02200002037
:106D80007047EFF3108372B60022027003B962B647
:106D900000207047FCF752B84FF08053D3F8300111
:106DA000A0F10F035842584170474FF08053D3F879
:106DB0003001A0F10A035842584170474FF0805308
:106DC000D3F83001A0F10E035842584170474FF0FC
:106DD0008053D3F83001A0F1100358425841704756
:106DE0004FF08053D3F83001062803D0431C58429B
:106DF00058417047012070474FF08053D3F830015D
:106E0000A0F10D035842584170474FF08053D3F81A
:106E10003001A0F1080358425841704708B5FFF708
:106E2000C4FF30B14FF08053D3F83401B0FA80F092
:106E3000400908BD08B5FFF7D3FF48B14FF08053B4
:106E4000D3F83401063810F1080F94BF0020012058
:106E500008BD08B5FFF7C4FF48B14FF08053D3F821
:106E60003401063810F1080F8CBF0020012008BD46
:106E7000FCF726B8FCF724B800280CBF6FF015000B
:106E800000207047002070470723037000207047E0
:106E9000002070470020704710F8012B11F8013BCB
:106EA000012A28BF9A42F7D0D01A7047034611F83A
:106EB000012B03F8012B002AF9D17047034613F880
:106EC000012B002AFBD1181A0138704700B585B094
:106ED0004FF4C86100F050FF10B905B05DF804FB35
:106EE0000390054B0293002001900090034601227D
:106EF000024921F0E0FCF0E758920600048F0600FA
:106F000000B585B021F08FFD10B905B05DF804FB28
:106F10000390054B0293002001900090034601224C
:106F2000024921F0C8FCF0E778920600048F0600C1
:106F300008B5124B1B7863B9114B1B789BB100202D
:106F400000F0F6FE002000F0FDFE012000F004FF3E
:106F500008BD002000F0ECFE002000F0F3FE002051
:106F600000F0FAFEF4E7012000F0E2FE002000F05D
:106F7000E9FE002000F0F0FEEAE700BF545B0120CC
:106F8000505B012070B584B0924B029300200190B9
:106F9000009003460322904921F08DFC00F0F4FD9F
:106FA0000446002878D121F0ABFC012000F0CAFE95
:106FB000002000F0C7FE00F01BFC00287AD101F091
:106FC0009DFC0546002840F095800395834B029375
:106FD000002001900090034603227F4921F06BFCC2
:106FE0004FF4FA7021F076FC02F0D8F9002840F056
:106FF0008D8001F06DFA002840F094804FF4FA7013
:1070000001F0AAFA012000F0A7FE754800F0AEFEDC
:1070100000F0D4FE0546002840F09080002000F0EB
:107020009BFE012000F084FE012000F08BFE6D4BE2
:10703000029300200190009003460322664921F04C
:107040003AFC694800F09AFD00F014FD044600285F
:1070500040F09480002000F06BFE002000F072FEF3
:10706000624B0293002401940094234603225A4960
:10707000204621F020FC012000F06EFE4FF47A70D3
:1070800021F028FC204600F067FEFFF751FF4FF487
:10709000FA7021F01FFCF8E70390554B0293002093
:1070A00001900090034601224B4921F004FC204648
:1070B00004B070BD03904F4B0293002001900090EC
:1070C00003460122444921F0F6FB25460CE01E212F
:1070D000494821F0E0FBB0FA80F0400900F032FEB0
:1070E000C82021F0F7FB0135042DF0DD002000F071
:1070F00029FE64E70390414B029300200190009029
:1071000003460122344921F0D6FB5EE703903C4B55
:107110000293002001900090034601222E4921F0A5
:10712000CAFB66E70390374B029300200190009062
:1071300003460122284921F0BEFB5FE70390324B52
:10714000029300200190009003460122224921F081
:10715000B2FB0CE00621284821F09DFBB0FA80F03C
:10716000400900F0F9FDC82021F0B4FB0134042CE3
:10717000F0DD002000F0F0FD2C4698E70390234B53
:10718000029300200190009003460122124921F051
:1071900092FB16E0184E1A21304621F07CFBB0FA23
:1071A00080F0400900F0C4FD1E21304621F073FB41
:1071B000B0FA80F0400900F0C5FDC82021F08AFB3C
:1071C0000135042DE6DD002000F0B2FD002000F0C6
:1071D000B9FD6CE7A0920600048F06002493060018
:1071E000016F03009C930600CD6E0300E093060040
:1071F000C8920600E8920600808B060008930600FD
:10720000389306005C93060080930600C093060046
:10721000BFF34F8F0549CA6802F4E062044B134381
:10722000CB60BFF34F8F00BFFDE700BF00ED00E074
:107230000400FA050A88014B1A807047485B012058
:1072400000B585B001290DD0B9B9124B02930020C9
:1072500001900090034603220F4921F0BFFB05B0C7
:107260005DF804FB0D4B0293002001900090034653
:107270000322094921F0B2FBF1E70391084B029385
:1072800000200190009003460322034921F0A6FB51
:10729000E5E700BF34940600848F060010940600D2
:1072A0005C94060000B585B001290DD0B9B9124B28
:1072B0000293002001900090034603220F4921F021
:1072C0008DFB05B05DF804FB0D4B0293002001908F
:1072D000009003460322094921F080FBF1E7039166
:1072E000084B0293002001900090034603220349BB
:1072F00021F074FBE5E700BF34940600848F06009C
:10730000109406005C940600F0B587B006460F4660
:1073100015461C46174B029300200190009003462F
:107320000322154921F05AFB012C04D0022C0CD069
:10733000204607B0F0BD2B78062BF7D14FF08043E5
:10734000A822C3F81C25FFF763FF2B78012BEFD190
:1073500010238DF8173001230DF1170239463046FE
:1073600021F02AFB4FF08043A822C3F81C25FFF729
:107370004FFF00BF74940600848F060000B585B0EF
:10738000064B02930020019000900346032204491B
:1073900021F024FB05B05DF804FB00BF94940600C7
:1073A000848F060000B585B0064B02930020019043
:1073B000009003460322044921F010FB012005B090
:1073C0005DF804FBB4940600848F060000B589B014
:1073D0000DF11E0000F040FF30B9BDF81E100DF198
:1073E0001D0000F08DFF90B1194B02930020019019
:1073F000009003460122174921F0F0FA4FF4F022E1
:10740000002315481DF0C2F809B05DF804FB9DF893
:107410001D300493BDF81E300393104B029301906E
:107420000090034603220B4921F0D8FA9DF81D0075
:107430000BF002FC0028E1D00390094B02930020DE
:107440000190009003460122024921F0C7FAD5E7D6
:1074500038950600848F0600C8020020F0940600CC
:107460001495060010B584B04FF4A172104911486C
:1074700026F099FE104B1860B0F5A17F09D10C4A97
:107480001378527803EB02230B4A1360012004B0F7
:1074900010BD0390094B02930024019400942346ED
:1074A00001220749204621F099FA2046EFE700BF64
:1074B000A43900203C3800205C3800205895060094
:1074C000848F06002DE9F8430746FFF7CBFF80467F
:1074D000002834D0002635461A4B1C68A5422ED20F
:1074E000194A1388591C1180641B184A1288033AE0
:1074F000944228BF1446164803701B0A43708670D6
:10750000224614492944033031F058FA2544013603
:10751000F6B2114B1968E31C9BB20D4A1431384680
:1075200021F04AFA81460028D6D0212000211DF002
:10753000A5FB09F10C09B9F1010FCDD8E9E74046E7
:10754000BDE8F8835C380020465B0120485B0120E1
:10755000F8360020A63900207006002030B585B02E
:10756000054600240B4B1C700B4B1C700B4B0293FD
:1075700001940094234603220949204621F02EFA63
:10758000284629F002FA074B1C60074B1C8005B007
:1075900030BD00BF505B01205C5B01208C95060074
:1075A000848F060028630020485B012070B58EB0F0
:1075B00005462822002104A831F028FA204B012298
:1075C0001A7004A9284611F06BFB10F0FF0F29D1A7
:1075D0001C4E1D4B02930024019400942346032269
:1075E0003146204621F0FAF9284629F0A7F9174B31
:1075F00018600C9B1A88164B1A80164B0293019444
:107600000094234603223146204621F0E7F94FF447
:10761000F022002310481CF0B1FF104B01221A7019
:107620000EB070BDC0B203900D4B029300200190CC
:10763000009003460122034921F0D0F9F0E700BF92
:107640005C5B0120848F0600CC9506002863002037
:10765000485B0120E0950600C8020020505B012035
:10766000A4950600B1F5A07F01D90020704710B5A0
:107670000A4C21700B0A63700A460146A01C31F0C7
:107680009DF94FF4A1722146054826F031FDB0F571
:10769000A17F01D0002010BD0120FCE76038002050
:1076A0003C3800202DE9F041FFF7DCFE054610B91B
:1076B0002846BDE8F0810E4BD3F800800D4E34888B
:1076C000601C0D4F42460D49384431F077F907F8F8
:1076D00004805034A4B23480B4F5C87FE8D34FF4AA
:1076E000C871384600F0C6FF00223280E0E700BFD4
:1076F0005C380020445B012068350020A63900205A
:1077000008B5012001F002F80246044B1860044B52
:107710001978044826F095FA08BD00BF8C26012090
:10772000555B0120F495060038B54FF4FA7021F04E
:1077300064F924E0642021F060F9254B00221A70DE
:10774000244B01221A7026E0224B00221A7022E0FC
:10775000214826F076FAFFF7D3FF1D4B01221A705D
:107760001DE01E4B1B78002B2FD015B12046FFF7D4
:10777000A9FE14B1204629F008F91DF0EBF9184BC9
:107780001D78002DF9D1174B1C68002CDCD0114B53
:107790001B78002BCED00E4B1B78002BD8D01CB101
:1077A000204629F0CBF804460F4B1B88632BD8D911
:1077B000002CD6D00D4B19680122143120462AF036
:1077C000A1FC05460028D1D1CBE7FFF76BFFCCE742
:1077D000EE0D0020515B0120149606005C5B012039
:1077E000545B012028630020485B012070060020C4
:1077F00030B58FB04B4811F0CFF900200FF0C6FD27
:1078000000286AD1484B0293002401940094234637
:1078100003224649204621F0E1F84FF4A0722146A8
:10782000434831F0F3F8434813F0A8FB424813F003
:10783000A5FB424813F0A2FB0DF1240C404C0FCCE9
:10784000ACE80F002368CCF80030022300933D4BD6
:1078500003223D4909A810F097FB0446002849D1AE
:107860003A4B0293002001900090034603222F49D7
:1078700021F0B4F800F09EFD054600F0D7FC05436A
:1078800044D00395324B02930020019000900346B0
:107890000122264921F0A2F82E4A4FF42153D36148
:1078A0002D4B13600023D360936053609361536149
:1078B000136100200021CDE9060104930722039201
:1078C000029301930093254B4FF48052244925489D
:1078D00030F031FB20460FB030BD04460390224B00
:1078E0000293002001900090034601220F4921F0ED
:1078F00075F8EFE703901D4B029300200190009074
:1079000003460122094921F069F8E3E7184B029385
:1079100000200190009003460322044921F05EF804
:10792000BAE700BF6407002054960600848F060063
:10793000683500201408002070060020C0050020D3
:10794000D08F0600FC96060024970600A496060039
:10795000C89606003C380020E83A0020297703004A
:10796000805B01207820002028960600749606008F
:10797000E8960600014B1868704700BF2863002096
:1079800070B400F01F0C400919D001281AD10E4D17
:107990000CF5E07055F820600C4C344041EA42018F
:1079A00041EA83039DF80C2043EA02239DF810204E
:1079B00043EA0243234345F8203070BC70474FF040
:1079C000A045E5E70025E3E700030050F0F8FCFFE1
:1079D00000F01F01400907D0012808D1054A012302
:1079E0008B40C2F8083570474FF0A042F7E70022FD
:1079F000F5E700BF0003005010B584B0037ABBB9AF
:107A00000446037853B1154B1B78EBB94FF4C861AA
:107A100013481BF047FD114B01221A70606828B112
:107A2000104B1B6813B10F4B1B68984704B010BD77
:107A300003930D4B02930020019000900346012216
:107A40000A4921F00CF8F1E74FF4C86108481BF02F
:107A500029FD024B00221A70E0E700BF525B0120B3
:107A6000B06F00202C630020589706000C8F060092
:107A70003063002010B58AB04FF08043D3F80C2457
:107A8000D3F80C3412F4803F04D003F0010313B197
:107A9000012300E000231BB94FF0804301221A604C
:107AA00000220492059206920792089209920123FD
:107AB0008DF8103020210591102106914FF00461BE
:107AC000079128218DF820108DF8211007218DF8BD
:107AD000221040218DF820108DF821104FF02061E8
:107AE00007918DF8233005211D2027F033FA1D4919
:107AF00004A81BF093FC1C4B984218D12A2020F0BC
:107B0000A2FF2A20FFF764FF1BF0B2FC164B98423D
:107B10001AD1164B029300240194009423460322A9
:107B20001349204620F09BFF20460AB010BD114BA0
:107B30000293002001900090034601220C4920F09E
:107B40008EFF4FF0FF30F0E70B4B029300200190C7
:107B5000009003460122064920F081FF4FF0FF30DC
:107B6000E3E700BFF97903000000AD0BA49706001E
:107B70000C8F06006897060088970600014B186076
:107B8000704700BF2C63002010B586B060482FF00E
:107B900092FD68B34FF4B0115E4820F097FF0028C3
:107BA0003BDB5B482FF087FD002851D04FF4B0112C
:107BB000594820F08BFF00285FDB55482FF07BFDF4
:107BC000002875D04FF4B011544820F07FFF0028F2
:107BD000C0F28380524B0293002401940094234608
:107BE00003225049204620F099FF204606B010BDE0
:107BF00047482FF060FD05900A2304934A4B0393F6
:107C00004A4B02930020019000900346012245490F
:107C100020F084FF4FF0FF30E8E73E4C4FF4B01106
:107C2000204620F053FF05900B2304933E4B039313
:107C30003E4B0293002001900090034601223949F7
:107C400020F06CFF4FF4B011204620F03FFFCDE74D
:107C50002F482FF030FD05900C230493324B0393F3
:107C6000324B0293002001900090034601222D49DF
:107C700020F054FF4FF0FF30B8E7274C4FF4B0111D
:107C8000204620F023FF05900D230493264B0393F9
:107C9000264B0293002001900090034601222149C7
:107CA00020F03CFF4FF4B011204620F00FFF9DE77D
:107CB00017482FF000FD05900E2304931A4B0393F1
:107CC0001A4B0293002001900090034601221549AF
:107CD00020F024FF4FF0FF3088E7104C4FF4B01134
:107CE000204620F0F3FE05900F2304930E4B0393E0
:107CF0000E4B029300200190009003460122094997
:107D000020F00CFF4FF4B011204620F0DFFE6DE7AD
:107D1000808B0600149806000C9806000498060054
:107D2000F4970600E48E0600C4970600E09706006C
:107D300008B502461A21024820F0E3FE08BD00BF44
:107D4000808B060008B502461E21024820F0D9FEAD
:107D500008BD00BF808B060008B502460621024818
:107D600020F0CFFE08BD00BF808B0600014B1860DD
:107D7000704700BF7426012010B584B04C00224625
:107D800001460B4826F0B4F9844202D1002004B029
:107D900010BD0394074B029300200190009003460E
:107DA0000122054920F0C9FE4FF0FF30EFE700BF88
:107DB00054A900201C980600CC8E060010B588B08F
:107DC000012024F01BFC40F6030301224FF47A51FA
:107DD000B74805F013FE002872D14FF4FA4240F67E
:107DE000A271B34806F00CFF002840F08680012203
:107DF00040F6A671AE4806F003FF002840F09980D7
:107E0000002240F6B471AA4806F0FAFE002840F0BD
:107E1000AB80032240F6AA71A54806F0F1FE0028C7
:107E200040F0BD8040F6B93240F6B871A04806F087
:107E3000E7FE002840F0CE80102240F6C4719C4836
:107E400006F0DEFE002840F0E18000224FF47B6166
:107E5000974806F0D5FE002840F0F380002240F657
:107E6000AC71934806F0CCFE002840F0058100225A
:107E700040F6AE718E4806F0C3FE0446002840F07E
:107E800029818C494FF4FA42CA618B4B0B60002365
:107E9000CB608B604B608B614B610B6100200021DC
:107EA000CDE9060104930421039102930193009309
:107EB000824B8349834830F03EF8204608B010BD1D
:107EC00040F6030301224FF47A51794805F096FDFC
:107ED000B0FA80F040090590662304937A4B03932F
:107EE0007A4B0293002001900090034601227849CA
:107EF00020F023FE4FF0FF34DFE74FF4FA4240F664
:107F0000A2716B4806F07CFEB0FA80F04009059043
:107F1000672304936C4B03936C4B029300200190F6
:107F20000090034601226A4920F007FE4FF0FF341B
:107F3000C3E7012240F6A6715D4806F061FEB0FA83
:107F400080F040090590682304935F4B03935F4BD7
:107F50000293002001900090034601225C4920F02A
:107F6000ECFD4FF0FF34A8E7002240F6B471504812
:107F700006F046FEB0FA80F04009059069230493AC
:107F8000514B0393514B0293002001900090034604
:107F900001224F4920F0D1FD4FF0FF348DE703223D
:107FA00040F6AA71424806F02BFEB0FA80F0400974
:107FB00005906A230493444B0393444B029300209F
:107FC0000190009003460122414920F0B6FD4FF098
:107FD000FF3472E740F6B93240F6B871344806F023
:107FE0000FFEB0FA80F0400905906B230493364BE6
:107FF0000393364B02930020019000900346012228
:10800000334920F09AFD4FF0FF3456E7102240F636
:10801000C471274806F0F4FDB0FA80F040090590DD
:108020006C230493284B0393284B02930020019068
:10803000009003460122264920F07FFD4FF0FF34D7
:108040003BE700224FF47B61194806F0D9FDB0FAF6
:1080500080F0400905906D2304931B4B03931B4B49
:10806000029300200190009003460122184920F05D
:1080700064FD4FF0FF3420E7002240F6AC710C485D
:1080800006F0BEFDB0FA80F0400905906E2304931F
:108090000D4B03930D4B029300200190009003467B
:1080A00001220B4920F049FD4FF0FF3405E700BFE6
:1080B000307C002054A9002074A900206D810300A9
:1080C000C06B0120F82000204C980600E0970600C5
:1080D000CC8E0600002240F6AE710C4806F090FDF2
:1080E000B0FA80F0400905906F230493084B039386
:1080F000084B02930020019000900346012206499C
:1081000020F01BFD4FF0FF34D7E600BF307C00208D
:108110004C980600E0970600CC8E060010B584B09F
:108120004FF4A07300930C4BA0220C490C4806F0AE
:108130003FFD002802DB80B204B010BD0390094B64
:10814000029300240194009423460222064920460B
:1081500020F0F3FC2046EFE7D4A6002014A800206E
:10816000307C00206C980600CC8E060008B504E038
:108170004FF4A47000211CF081FD0D4A9368126930
:108180009B1AB3F5A07FF3D34FF4A07209490848B6
:1081900026F009F8FFF7C2FF0146074B1B681BB129
:1081A000054B1B68054898471CF0D4FCE5E700BF69
:1081B00054A9002014A8002074260120D4A6002071
:1081C00008B501220E21024820F0FEFC08BD00BFC8
:1081D000808B06000B4BB3F90030002B0DDB00EB5E
:1081E000400003EB430203EB8203C01808D40011E4
:1081F000044B1880034B18787047024B1880F9E73E
:108200000F30F4E7EC0D002008B5064B1B782BB1BE
:1082100001220D21044820F0D7FC08BD6FF08B002F
:10822000FBE700BF535B0120808B0600084B1B78E7
:1082300053B110B5FFF7C4FF0446012211210548D0
:1082400020F0C2FC204310BD6FF08B00704700BFD0
:10825000535B0120808B0600F0B587B00446214DAA
:10826000AF683E89002305934FF0FF324FF0FF3394
:108270001D481BF087FE7B681C4928469847054629
:1082800008B9002313E00390194B029300200190DA
:10829000009003460222174920F0A3FCF1E7164A9A
:1082A00032F91310059A0A4405920133DBB2092B07
:1082B000F5D9059B114A82FB0312DB17C3EBA2031E
:1082C000059305AB0C220021304620F099FC0543B4
:1082D000059B03EB4303238003481BF0D3FE284692
:1082E00007B0F0BDF88B0600600F0020B407002037
:1082F00090980600448E0600782601206766666620
:108300002DE9F04706460C46294B1B888B4205D3C6
:10831000274B9B8DA34206D800230BE06420FFF778
:1083200059FF3070F4E70020FFF754FF3070F3E797
:1083300001339BB20A2B36D81D4A32F82350A5428E
:10834000F6D303F1010832F82870A742F0D891461D
:1083500002EB830191F802A0601BEEF78BFF04464D
:1083600009EB880999F80200A0EB0A00EEF782FFFA
:108370008046781BEEF77EFF01464046EFF782F815
:1083800001462046EEF7CAFF04465046EEF772FF5C
:108390002146EEF7BBFEEFF787F9C0B2FFF71AFFF1
:1083A0003070002001E06FF01C00BDE8F08700BFD6
:1083B0008407002070B584B035482FF07CF9002880
:1083C00037D0334883681B683249984704460028F1
:1083D0003BD131482FF06FF9002842D02F4E2E4D5F
:1083E00032461121284620F0B7FB044332460E21C5
:1083F000284620F0B1FB044332460D21284620F0E8
:10840000ABFB044339D1264B01221A70254B029352
:1084100000200190009003460322234920F0E1FB55
:10842000FFF7CEFE0443FFF7EFFE0443204604B0FF
:1084300070BD1E4B029301900090034601221A4921
:1084400020F0CFFB6FF00404F0E70390184B029389
:1084500000200190009003460122134920F0C1FB47
:10846000B7E7144B029301900090034601220E4996
:1084700020F0B7FB6FF00404D8E70F4B0293002005
:108480000190009003460122074920F0AAFBCDE7A6
:10849000F88B0600D8070020808B06000100020040
:1084A000535B012010990600448E0600AC9806002C
:1084B000C4980600E0980600F898060008B5034B3B
:1084C00000221979186820F0F1FB08BDE0070020B0
:1084D00000B585B01C4B18682FF0EDF8D0B11B4BE0
:1084E000029300200190009003460322184920F0D7
:1084F000EAFB4FF4B011144820F0BDFB002816DB56
:10850000114B00221979186820F0D0FB002005B02B
:108510005DF804FB0F4B029300200190009003468E
:1085200001220B4920F0CFFB4FF0FF30EFE7094B62
:10853000029300200190009003460122044920F09C
:10854000C2FB4FF0FF30E2E7E00700202C99060065
:108550006C8F06004099060010B584B041F2883354
:1085600098421ED80446144B01221979186820F04D
:108570009DFB610CE40340F2E733E0184FF47A729C
:108580004FF0000341F10001EFF7AEF802460B4651
:1085900000200021CDE9000108481CF047FE04B08E
:1085A00010BD074B0293002001900090034601226A
:1085B000044920F088FBF2E7E0070020580E002075
:1085C0005C9906006C8F060010B588B0134C0090C3
:1085D000134B144A202120461FF0C8FE00230593A8
:1085E00006938DF81C301222214605A80BF06EFD73
:1085F000044628B905A80BF0D3FD204608B010BDED
:108600000390094B02930020019000900346012241
:10861000064920F0B0FB6FF00104EEE76C27012063
:108620007C990600849906008C990600548F0600F8
:10863000F0B585B005460E46174600240194029415
:108640008DF80C4003220A4901A80BF03FFD224699
:10865000394601A80BF012FE3246294601A80BF05C
:10866000C5FD044601A80BF09BFD204605B0F0BDFA
:108670004C27012070B584B005460E4600240194B5
:1086800002948DF80C402222074901A80BF01EFD30
:108690003246294601A80BF0CDFD01A80BF080FD64
:1086A000204604B070BD00BF2C270120632828D8C5
:1086B00010B504460E2030F0E9F8612303707522EE
:1086C0004270642282706922C2706F2202712F226E
:1086D000427183710C4BA3FB0423DB0803F13002CE
:1086E000C27103EB8303A4EB4304303404722E23E2
:1086F0004372742383727822C2720373002343731C
:1087000010BD0020704700BFCDCCCCCC30B5C7B079
:10871000FFF7CCFF0446104D0090104B104A20216B
:1087200028461FF023FE204630F0A7F804A928466B
:108730000BF016FF10B9459847B030BD094B0293B6
:10874000002401940094234601220749204620F08A
:1087500012FB2046F0E700BF6C2701207C99060041
:1087600084990600A4990600548F060030B5C7B05E
:10877000FFF79CFF04460F4D00900F4B0F4A20213E
:1087800028461FF0F3FD204630F077F804A928466C
:108790000BF0E6FE08B947B030BD094B029300204C
:1087A0000190009003460122064920F0E4FA4FF0C0
:1087B000FF30F0E74C2701207C99060084990600E1
:1087C000A4990600548F060030B5C7B0FFF76EFFBE
:1087D00004460F4D00900F4B0F4A202128461FF0F2
:1087E000C5FD204630F049F804A928460BF0B8FE34
:1087F00008B947B030BD094B0293002001900090AA
:1088000003460122064920F0B6FA4FF0FF30F0E7A8
:108810002C2701207C99060084990600A499060063
:10882000548F06002DE9F04387B007460E46436893
:10883000DB695B6A9847002854D1054673781BB9F9
:10884000284607B0BDE8F083D6F80431274A136004
:10885000274D049300240394264B02930194009423
:10886000234603222946204620F085FA06F1010915
:10887000CDF80C90204B02930194009423460322E0
:108880002946204620F077FA01257B68DB695B6A80
:108890003146384698470028D2D17378002BCFD084
:1088A000D6F80431114A42F82530DFF844800493A9
:1088B0000395104B02930024019400942346032255
:1088C0004146204620F057FACDF80C900A4B02930F
:1088D00001940094234603224146204620F04BFA9F
:1088E0000135D2E74FF0FF35AAE700BF8C26012003
:1088F000548F0600B4990600CC99060070B5ADF50A
:108900000A7D964B18682EF0D6FE002800F0AC8049
:10891000934B02930020019000900346032291495B
:1089200020F029FA4FF4D0118C4820F003FA0028E7
:10893000C0F2A7808C4826F042F8044603908B4B87
:10894000029300200190009003460322854920F005
:1089500012FA4CB14FF47A7020F0F7F9824826F001
:108960002EF8002840F09A808148824BC3600BF0BB
:108970004BFE002840F09F807F4B029301900090B7
:1089800003460322774920F0F6F97C480BF040FDBE
:10899000002800F09E80082800F0A9800390784B02
:1089A0000293002001900090034603226D4920F0BD
:1089B000E2F9002388938993704988A80BF082FC20
:1089C000002840F09F80674E03906E4B0293002476
:1089D00001940094234603223146204620F0CBF92F
:1089E00046A988A8FFF71EFF674D287001232B704A
:1089F00088A80BF0E5FC2B780393644B0293019459
:108A00000094234603223146204620F0B4F928780A
:108A1000FFF7DAFE0546002840F082805A4C2078A5
:108A2000FFF7A4FE23780393594B02930020019093
:108A30000090034603224B4920F09DF904A95548B4
:108A40000BF08EFD0446002877D10394524B02931D
:108A500000200190009003460322424920F08BF948
:108A600028460DF50A7D70BD4C4B02930020019005
:108A70000090034601223B4920F07DF94FF0FF357D
:108A8000EEE7474B0293002001900090034601223D
:108A9000344920F070F94FF0FF35E1E7414B029384
:108AA000002001900090034601222E4920F063F936
:108AB0004FF0FF35D4E703903B4B02930020019029
:108AC000009003460122274920F055F94FF0FF3569
:108AD000C6E7364B02930020019000900346032224
:108AE000204920F048F9012020F054F961E7304B8B
:108AF000029300200190009003460322194920F0C0
:108B00003AF956E703902B4B029300200190009016
:108B100003460122134920F02EF94FF0FF359FE75D
:108B2000254B0293204601940094234601223146AE
:108B300020F021F94FF0FF3592E72048FFF744FD80
:108B4000044603901E4B02930020019000900346C0
:108B50000322044920F00FF977E700BFE80700205F
:108B6000E0990600548F06002C9A0600309A060001
:108B7000F0070020609A0600689A0600889A0600AE
:108B8000F09A0600349B0600555B01204C9B0600C2
:108B9000849B0600949B0600D49B0600F499060073
:108BA000149A0600489A0600949A0600A89A0600AD
:108BB000D09A0600149B0600609B0600A49B06004A
:108BC000B09B060070B584B00546FFF76FFD044604
:108BD0001D4E00901D4B1E4A202130461FF0C6FB43
:108BE00020462FF04AFE30460BF066FC88B9284636
:108BF000FFF75CFD05460A2020F0A7F82846FFF79E
:108C0000E3FC044628462FF038FE7CB9204604B029
:108C100070BD104B0293002001900090034601228A
:108C20000D4920F0A8F84FF0FF34EFE70B4B02930B
:108C300000200190009003460122074920F09BF894
:108C40004FF0FF34E2E700BF6C2701207C9906005B
:108C500084990600E89B0600548F0600FC9B0600E2
:108C600030B583B0FFF722FD04460B4D00900B4B4F
:108C70000B4A202128461FF079FB20462FF0FDFDEE
:108C800028460BF019FC08B903B030BD054824F0A4
:108C9000D8FF4FF0FF30F7E76C2701207C990600E2
:108CA00084990600109C060038B5214B1C78012CD5
:108CB0003BD08CB12046FFF7D3FF05460A2020F0B9
:108CC00044F815B9013CE4B2F3E72146194824F011
:108CD000B8FF4FF0FF3414E017480BF0EDFB90B9EC
:108CE00015480BF095FBA0B91448FFF76DFC04463E
:108CF000A8B9134824F0A5FF01200D4B1870FFF709
:108D000063FD204638BD0F4824F09BFF4FF0FF3431
:108D1000F7E70D4824F095FF4FF0FF34F1E70B48DB
:108D200024F08FFF4FF0FF34EBE70024E9E700BFAA
:108D3000555B0120309C0600889A0600749C060052
:108D4000B09C0600409C0600589C0600849C0600CF
:108D500000B585B0144B01221A7091420DD0B9B9FB
:108D6000124B029300200190009003460322104909
:108D700020F01FF805B05DF804FB0E4B02930020B5
:108D80000190009003460322094920F012F8F1E710
:108D90000391094B029300200190009003460122A9
:108DA000034920F006F8E5E75C5B012034940600F7
:108DB0007C8F0600109406005C9406002DE9F041BB
:108DC000B6B005460E46174698460A2020F000F831
:108DD000C822002104A82FF019FE4FF0000C09E072
:108DE0000F4B53F82C3036AA02EB8C0444F8C83CE5
:108DF0000CF1010C0B4C94F800E0E645F0DC042388
:108E0000029304AB0193BDF8F030009343463A4619
:108E10003146284629F014F836B0BDE8F08100BF8D
:108E20008C260120555B012070B584B0062901D045
:108E3000022916D104784678062920D000252B4631
:108E400032462146524824F0FCFE1EB3514B1B789B
:108E5000B3422BD3032C00F28E80DFE804F033788A
:108E60007F844D4B02930020019000900346032223
:108E70004A491FF09EFF0624204604B070BD837847
:108E8000C5782D0445EA0365037945EA032543794E
:108E90001D43D4E7424B029300200190009003460B
:108EA00003223E491FF085FF0324E5E73D4B029373
:108EB0000020019000900346032238491FF079FFFB
:108EC0000324D9E7721E384951F82220B34214D046
:108ED0002AB395422FD8354B029300200190009081
:108EE000034603222D491FF064FF314B1D60314BB7
:108EF0001E70314B01221A70BEE7304B02930020E6
:108F0000019000900346032224491FF052FF284B92
:108F10001D60284B1E70284B01221A70ACE7284BAD
:108F20000293002001900090034603221B491FF08A
:108F300040FF0424A0E7234B0293002001900090FF
:108F40000346032215491FF034FF052494E71E4B06
:108F50001E701E4B01221A7000248DE71C4B01224B
:108F60001A70002488E71B4B50221A601A4B01220A
:108F70001A70002480E7194B0293002001900090A2
:108F80000346032205491FF014FF062474E700BFBF
:108F9000DC9C0600555B0120CC9C06007C8F060003
:108FA000109D0600289D06008C260120849D060049
:108FB000CC290120EF0D00205B5B01203C9D0600C9
:108FC000589D0600689D0600575B0120585B0120F4
:108FD000565B0120C8290120595B0120A09D060095
:108FE0002DE9F04186B0804617461D46234E244B9E
:108FF0000293002401940094234603223146204624
:109000001FF0D7FE3B7803931E4B0293019400940C
:1090100023460322314620461FF0CBFE8DF8144034
:1090200029463846FFF700FF07468DF814000395E0
:10903000154B0293019400942346032231462046A7
:109040001FF0B7FE0397114B02930194009423463F
:109050000322314620461FF0ACFE0D4B1968012358
:1090600005AA143140461FF0C9FE4FF4FA701FF0F4
:10907000AFFE284606B0BDE8F08100BF7C8F060039
:10908000B49D0600D49D0600E49D0600009E0600E7
:1090900014080020F0B585B000203B4B18703B4B06
:1090A0000293019000900346032239491FF081FE8C
:1090B0004FF47A701FF08CFE364B1878FFF756FB92
:1090C000002847D10746334C23780393324B029351
:1090D000002001900090034603222D491FF069FEF5
:1090E0002378591E2D4A52F821102D4A11602D4A1D
:1090F0001078834243D02A4A2B4E136831685B1A9A
:109100001360234D0393294B029300240194009490
:1091100023460322294620461FF04BFE3368039363
:10912000234B0293019400942346032229462046B0
:109130001FF03FFE174B1B7803931E4B02930194C5
:10914000009423460322294620461FF032FE38466B
:1091500005B0F0BD184B02930024019400942346FF
:1091600003220B4920461FF024FE074B1C70094BBD
:1091700001221A700A4B1C604FF0FF37E7E7FFF738
:10918000C5FA074B1860B6E75B5B01200C9E060032
:109190007C8F0600EF0D0020349E06008C260120F7
:1091A000C8290120555B0120CC290120489E0600DA
:1091B000609E06006C9E0600289E06002DE9F8437E
:1091C0000646194A1388591C1180184F00223A701C
:1091D000174D2B701B0A6B70AA70DFF85880D8F8F7
:1091E0000040502C28BF5024DFF84C90D9F80020C4
:1091F0002146E81CFFF71CFAD9F800302344C9F8CF
:109200000030D8F80030503BC8F800303B780133CC
:109210003B700A4B1968E31C9BB22A461431304656
:109220001FF0ECFDBDE8F8834A5B01205A5B01208A
:10923000D0290120C8290120CC29012014080020B0
:1092400030B587B061E00393474B02930020019053
:1092500000900346032245491FF0ABFDFFF71AFFBC
:109260005AE00393424B0293002001900090034682
:1092700003223E491FF09DFD3E4B1878FFF7A2FCEC
:1092800098B9C8238DF8143044B1FEF773FB3A4BFC
:109290001968012305AA14311FF0B0FD374B0022D5
:1092A0001A700A201FF094FD3AE0354824F0C9FCFA
:1092B000F4E7FFF7F9FC334B00221A7034E0324B2D
:1092C00002930025019500952B4601222749284647
:1092D0001FF06FFD2D4B1D601BF03CFC32E02C4855
:1092E00024F0AFFC64238DF81430FEF743FB224BCF
:1092F0001968012305AA14311FF080FD4FF4A470F2
:1093000000211BF0BBFC1BF025FCFEF733FB0446E1
:10931000204B1B78002B96D1184B1B78002BA0D12B
:10932000184B1B78002BC4D11B4B1B7823B1002397
:10933000164A1360184A1370144B1B68002BE2D0B6
:10934000002CBCD02046FFF739FF124B00221A70C8
:109350000E4B1B68002BD6D10F4B1B78002BBED0B9
:109360000D4B1A70CFE700BF789E06007C8F060079
:10937000989E0600575B012014080020585B0120CE
:10938000A49E0600565B0120B49E0600C829012059
:10939000C89E06005B5B0120595B012010B588B0B8
:1093A00000220023CDE9062300240494072303931D
:1093B000029401940094054B4FF4805204490548EF
:1093C0002EF0B9FD204608B010BD00BF4192030049
:1093D00000E901207821002000B58C468142A8BF19
:1093E0008446154B83FB0CE3A3EBEC731844194440
:1093F00003468842B8BF0B460133B3FA83F3C3F187
:109400001F0CC3F11103002B09DD184100B21080BD
:10941000002B0ADD194109B251805DF804FBCCF143
:109420000E0E00FA0EF000B2F1E7CCF10E0C01FACC
:109430000CF109B2F0E700BF565555558446B1F519
:10944000807F02D9B0FBF1F070474B420B40B3FA7A
:1094500083F3C3F1200221FA02F2074850F82220D8
:10946000C3F11F032CFA03F3A2FB032000FB11C37B
:109470008B4228BF0130704714B5060038B58446CA
:109480000C461D4604984FEA4C03591E10B1BCF11E
:10949000020F1DD002FB01401FF045FD641BA4F12B
:1094A0001F03834201DCA4F1200003464028A8BF2B
:1094B000402303280EDD03F00701074A32F91100AB
:1094C000DB10C3F10E031841013020F0010038BD5C
:1094D000991EDFE70120FAE7309F06002DE9F04FE3
:1094E00087B005460C4616461F4600220592049298
:1094F00004AA019205AA00920A46014620461FF0DE
:10950000CAFC059B33FB06F35A000592721012FB4E
:1095100002F2049800EB020AAAEB83000AEB830A2A
:10952000354B9A452BDD984229DDB0FA80F8C8F119
:109530001F084FEA6808BAFA8AF9C9F11F094FEA09
:109540006909A8F107035B00002B1EDD184122F01A
:1095500050FB0390A9F107035B00002B18DD4AFACA
:1095600003F022F046FBB8F1060F01DC4FF00708CC
:10957000B9F1060F01DC4FF00709002337E07A004C
:10958000294620462FF01AFA33E05B429840DEE786
:109590005B420AFA03F0E4E735F9132016FB02F206
:1095A00002F5804234F913E0C2F3CF321FFA8EFE87
:1095B000A2EB0E01DDF80CC01CFB01F108F1010A61
:1095C0004FF0010C0CFA0AFB01EB6B0141FA0AF1B6
:1095D00025F81310724410FB02F209EB0C010CFA8F
:1095E00001FC02EB6C020A4124F813200133BB4258
:1095F000D2DB07B0BDE8F08F247502002DE9F047FB
:1096000000AF8C46154602FB01F24FEA420A0AF10E
:10961000070121F00701ADEB010D694653B305F1D8
:109620008048A8F10208002610E005FB036908EB5A
:109630000604154A52F824400CFB043E30F9194048
:1096400021F81E4001336345EFDB0136AE4214DAE8
:109650000023F8E705FB034E0CFB043630F91EE04F
:1096600021F816E001336345F4DB0134AC4204DA3F
:109670004346F8E798461C46F8E752462FF09EF915
:10968000BD46BDE8F08700BF409F06002DE9F843C6
:1096900000AF8C46154602FB01F24FEA420909F180
:1096A000070121F00701ADEB010D694653B305F148
:1096B0008048A8F10208002610E008EB0604164ACC
:1096C00052F824400CFB043E05FB036430F91EE015
:1096D00021F814E001336345EFDB0136AE4214DAC2
:1096E0000023F8E70CFB043E05FB034630F91EE0BF
:1096F00021F816E001336345F4DB0134AC4204DAAF
:109700004346F8E798461C46F8E74A462FF056F9D4
:10971000BD46BDE8F88300BF409F06002DE9F04F2D
:1097200083B004460191DDF830B00668D0F81CA083
:10973000B2F1000818BF4FF001080F460025009253
:10974000B14610E00121504621F0EFFB0646236AA6
:10975000083B2362636813B1B6B1134B3B800135FC
:10976000A84514DB009F236A072B0BDDB9F1000F1E
:10977000E8D0B7F90060F60F01223146504621F0DB
:1097800008FDE4E70026E5E74FF48043E6E7BBF198
:10979000000F05D0019BB3F900301B11ABF800306E
:1097A000012003B0BDE8F08F00C0FFFF024A034B69
:1097B00002FB0030704700BF0D6619005FF36E3C7E
:1097C00000FB00F000F5805141F34F330E4803FBDE
:1097D00000F000F5804042F2550202EBE03203FB5C
:1097E00002F202F58042D213A2F5EF52033A12B20E
:1097F00002FB03F000F58040C013A0EB613080B2A3
:10980000A0F5004000B270478EFDFFFF00B5B1FA31
:1098100081F3B0FA80F2A3F1110C01FA0CF1A2F17C
:10982000110C00FA0CF0A3EB020E00B20F4A02FB7F
:1098300000F303F5804341F6FC6C0CEBE33300FBD3
:1098400003F303F58043DB1303EBCE2308B200FBE5
:1098500002F202F580420CEBE23C0CFB00F000F55A
:109860008040A3EBE0305DF804FB00BFDBF5FFFFB9
:109870002DE9F04F8DB081460D4606920593DDF837
:109880005CA01B9E076883680793C2680492046902
:10989000D0F81C80416A08911B6B33F912301A9A78
:1098A00003EBC203591026B1169A022A58D004229B
:1098B00000E0042200968A1ADAF800101698FFF7E2
:1098C000DDFD834626B1049BA34201DB4FF0010B73
:1098D000002F47D13C46404603F0C2FD0390BBF148
:1098E000010F00F04881002F5AD01EB1D9F8302066
:1098F000002A42D104FB0BF404F50054A413002EFB
:1099000050D1D9F83830002B4AD0002C48DDA3457F
:1099100046DD5946A003FFF791FD814600B2FFF7EF
:109920004FFF0990C9F5804000B2FFF749FF169B31
:10993000013BDB010FFA83F90999FFF767FF00B2DA
:1099400000FB09F909F580494FEAE932DAF80030FD
:10995000B3EBE93F48DB5B42934221DD34461FE035
:109960001022A7E7D9F82C300093169B32460599B0
:10997000069823F0BFFE0446ADE7B4F5005F2FDD87
:1099800047F6FF7393FBFBF304FB0B339B1323EAB4
:10999000E3745C4501DB0BF1FF34002A00DB01348A
:1099A000002E5AD0169B022B57DD0BEBDB794FEACA
:1099B000690909F101030B9303EB430309934B443A
:1099C0000A93FFB14C4511DC04EB44014C4513DC18
:1099D000621C02EB42020A9B404621F06CFB47E00E
:1099E000B04B93FBFBF3CFE75C46D9E7611EA1EBDD
:1099F0000901099B1944E9E7A4EB0902099B1344F7
:109A00001A46E8E70A99404621F051FA099B834239
:109A100012DDA54B83FB0023A3EBE0744C4511DC66
:109A200004EB44014C4513DC621C02EB42020A9B2E
:109A3000404621F053FA1BE0099BC41A0B9B2344B8
:109A40001C46EBE7611EA1EB0901099B1944E9E7FC
:109A5000A4EB0909099A4A44E9E7199B012B20DD87
:109A6000002F37D00BF101022146404621F0B2FB16
:109A70005946A003FFF7E2FC0446002F00F0C08027
:109A8000002E00F0BE8000286ED1169B0193049B2F
:109A90000093089B059A069907981FF04FFA2646EF
:109AA000AFE0002EDCD14FEA6B0909F101030A9304
:109AB00003FB03F3099327B3A14512DB621CA14505
:109AC00013DB04FB04414910099B0A44404621F082
:109AD000F2FACDE70BF10101404621F043FA0446CA
:109AE000C6E70BF10102121BE9E70BF10101091BAB
:109AF0000BF102031B1B03FB01F1099BA3EB6101AB
:109B0000E2E70999404621F0D2F90A9B03FB09F9E3
:109B1000B0EB690F0FDAC000013022F053F8441E99
:109B20006408621C04FB04414910099B0A44404636
:109B300021F0D4F99CE70BF101094FEA4904099B94
:109B4000181A0138C000013022F03CF8231A5C08D2
:109B5000A9EB53020BF10201A1EB530102FB01F14E
:109B6000099BA3EB6101E0E7169A059906981FF09F
:109B7000B9F9002645E0002E43D087B3B4F5005F65
:109B800011DDD9F834305BB14FF0000B0DE031F846
:109B90001320524221F8132001338342F7DB04E003
:109BA00005991698F9E74FF0000B169B0193049B5B
:109BB0000093089B059A069907981FF0BFF9DAF8F9
:109BC0000030102B13DDD9F82030102B16DD47B1F3
:109BD00002225946404621F0AFFA5E4608E0BB46F5
:109BE000EDE70221404621F08CF9064600E0002610
:109BF000D9F834402CB10026344602E00026F7E7BD
:109C00003E46404603F02CFC039BC71ADAF80030AE
:109C1000DB1BCAF80030BCB91C9B1A6801231899D9
:109C20008B40013B1A401C9B1A60A04647F6FF7907
:109C30001E4B2E60C5F80490C5F80880EB602C61BF
:109C40006F610DB0BDE8F08FB4F5804F19D020B230
:109C5000FFF7B6FD82468146C4F5804000B2FFF7AB
:109C6000AFFD8046169B013BDB010FFA83FB51469B
:109C7000FFF7CCFD00B200FB0BF303F58043DB13D1
:109C8000D7E71C9B1A68012318998B40013B8B4036
:109C90001A401C9B1A60234647F6FF784FF00009D4
:109CA000C7E700BF0180FFFF5655555500C0FFFFB5
:109CB0002DE9F04F8DB00890069192460993169EBB
:109CC000179F1B9D1C9C03680793D0F81880012EDA
:109CD00014BF002301230B9331461046FFF7AEFB60
:109CE000BAF1010F1ED08346B8F1000F24DDC14642
:109CF00095B18FB1B9F1000F07D11BF0010F02D15F
:109D0000B8F1000F01DB012E06DD4FEA4A023946A9
:109D100028462EF053FE2F460025CDF828B0B34636
:109D2000079E1DE0199B0093099B00220699089845
:109D3000FFF7F4FC0446C2E04FF00009D8E7012227
:109D4000AA404AFA05F106981FF025FD0CE004F040
:109D50000F025D4B9A5C24111C5D42EA84040135BC
:109D6000A9450BDD002EEAD1002FF0D00122AA4038
:109D70004AFA05F138461FF00EFDE8E75E46DDF8C9
:109D800028B046FA09F50BFA09F64FF0000BCDF8AA
:109D90002890DDF81C900EE02A46314606981FF008
:109DA000FAFC11E004FA05F31C436D0076100BF188
:109DB000010B08F1010816F0010F0DD1B8F1000FE9
:109DC0000ADAB9F1000FE7D1002FEBD02A4631466D
:109DD00038461FF0E0FCE5E7DDF82890012D0ADDAC
:109DE000079B1BBB3FB10B9B05FA09F246FA09F131
:109DF0003846FFF703FC0494BDF968300393189BC1
:109E0000029301970095099B5246DDF81880414660
:109E1000089F38461FF03AF904467B68002B4ED065
:109E2000012D0CDC0027DDF818801CE00B9B05FAE7
:109E300009F246FA09F10698FFF7E0FBD2E70B9B1F
:109E400005FA09F246FA09F14046FFF71FFCE9E777
:109E50006D10760024FA05F31C432A46314640462D
:109E60001FF099FC0137BB45F2DC0026069F09E094
:109E7000164B1C5D0122B2404AFA06F138461FF02B
:109E80008AFC0136B145F3DC05FA09F5199B93B15B
:109E90004FEA8A5021F0E6FE00B200220699199E90
:109EA00007E031F9123010FB03F3DB1326F8123010
:109EB00001325245F5DB0123AB40013B1C402046FB
:109EC0000DB0BDE8F08F00BF209F0600109F060078
:109ED0002DE9F04F8146DDF828A016687642C6F3DA
:109EE0000D08B61355686D42C5F30D07AD134FF05D
:109EF000000CC346B04606E047F6FF70099A22F808
:109F00000E000CF1010CD44532DA4FEA4C0E39F94F
:109F10001C4018680A6832FB04029200586832FB41
:109F20000BF67613013600EB6600186032FB080072
:109F300018604E6836FB04061E6032FB07F6761387
:109F4000013676105E6032FB05665E60886830FB25
:109F50000460586002F57F523F329013B2F1005F07
:109F6000CADA10F5004F01DB00B2C7E70148C5E7C8
:109F7000BDE8F08F0080FFFF2DE9F04F87B0109E05
:109F8000119F14686442C4F30D0BA413009452682B
:109F90005242C2F30D040194921302924FF0000C4E
:109FA000CDF80CB0B046B94617E047F6FF7628F872
:109FB0000E6002F57F523F329413B2F1005F06DA71
:109FC00014F5004F75DB24B203E03C4EEFE747F693
:109FD000FF7428F805400CF1010CCC456BDA1D68C4
:109FE0000A684FEA8C0E30F92C4032FB0454A4006E
:109FF00004949E680EF10205475F32FB07629200EF
:10A0000005925E68BDF90C7034FB07FB4FEA6B3BB1
:10A010000BF1010B06EB6B0BC3F800B0DE6832FBF3
:10A0200007F77F13013706EB67069E60BDF900A0B6
:10A0300034FB0AB71F6032FB0A6AC3F808A030F984
:10A040002C60D1F804B03BFB06771F604E68475F79
:10A0500036FB07A69E60BDF9047034FB07F6761345
:10A06000013676105E6032FB07F77F1301377F10F1
:10A07000DF60BDF908A034FB0A665E6032FB0A7A35
:10A08000C3F80CA08F6830F92CB037FB0B675F600A
:10A090008E68475F36FB07A6DE6004F57F543F34C9
:10A0A000A613B4F1005F80DA16F5004F8DDB36B2EF
:10A0B0007DE7024C8DE707B0BDE8F08F0080FFFF21
:10A0C0002DE9F04F87B00090104605920493BDF93A
:10A0D0004060BDF944300193BDF948E0C2EB8273A2
:10A0E0009B00A3F108028A584FEA420C0246013253
:10A0F000C2EB827251F822004000CA585200043369
:10A10000CB585B00002590E05D4F009C44F80B703D
:10A1100008F1030751F827904FEA490C029C04F11B
:10A12000010B51F82B7033FB0677039C02EB040AFA
:10A13000019C3AFB047A00EB490939FB0EA950480F
:10A14000814504DC4F484845B8BF484600E04C48CC
:10A15000009C44F82B0008F1040051F820904FEACD
:10A160004900029C04F1020B51F82B70039C34FB54
:10A17000067703EB0C0A019C3AFB047A02EB4909CF
:10A1800039FB0EA93E4A914504DC3E4A4A45B8BF18
:10A190004A4600E03A4A009C44F82B2008F10502A8
:10A1A00051F822904FEA4902029C04F1030B51F846
:10A1B0002B703CFB0677039C04EB000A019C3AFBE6
:10A1C000047A03EB490939FB0EA92D4B994504DCB0
:10A1D0002C4B4B45B8BF4B4600E0294B009C44F844
:10A1E0002B3008F1060851F828A04FEA4A03029CD8
:10A1F00004F1040951F8297030FB06770CEB0208D2
:10A20000019C38FB0478039C04EB4A0434FB0E8465
:10A210001B4FBC4204DC1B4FBC42B8BF3C4600E0B5
:10A22000174C009F47F829400535049C043CAC427C
:10A2300022DD059CA5EB040808F1020451F82490E6
:10A240004FEA4904039402954FEA850B51F82570B3
:10A2500032FB067703EB000A019C3AFB047A0CEB15
:10A26000490939FB0EA9064FB9453FF74DAF054FD8
:10A270004F45B8BF4F4648E707B0BDE8F08F00BF75
:10A2800000A3E111005D1EEE2DE9F04F91B0BDF984
:10A290006C40BDF970501D9FDDF878C00CB9002DE1
:10A2A0005ED00F2AB8BF0F220B920F2BB8BF0F231F
:10A2B0009846854A07EB470602EB460332F91660DB
:10A2C00014FB06F606F5804646F3CF360C96B3F936
:10A2D000026014FB06F606F5804646F3CF360D966F
:10A2E000B3F9043014FB03F303F5804343F3CF3396
:10A2F0000E930CEB4C0602EB460332F9162015FBCD
:10A3000002F202F5804242F3CF320892B3F9022002
:10A3100015FB02F202F5804242F3CF320992B3F903
:10A32000043015FB03F303F5804343F3CF330A9363
:10A33000C8EB88739B001A1D8A580592CA5806926A
:10A3400008F10102C2EB827251F822200792083B09
:10A35000CA58AC420CD04FF0000E81460F951AE05F
:10A36000814200F0AD801A9B9A002EF035FBA7E0E9
:10A370000B9B4345EFD16745EDD100232093EAE7DE
:10A38000524A49F80A200EF1010E079A069B0793DC
:10A39000059B06930590209B734571DDAEEB08038A
:10A3A000023351F823001F9B33F91E4014FB04F4C1
:10A3B00044F3CF354FEA8E0A47F6FF73A3EBE4333D
:10A3C0001BB20C9C13FB04F747F3CF370B9CAEEB8F
:10A3D000040451F8246036FB07F651F82E7007EBA1
:10A3E00046070D9E13FB06FC4CF3CF3C661C51F850
:10A3F000266004F1804B0BF1FF3B51F82BB05E441B
:10A4000036FB0CF607EB46060E9F13FB07F343F3F0
:10A41000CF33A71C51F8277004F18044023C51F857
:10A420002440274437FB03F706EB4707089B15FB3F
:10A4300003F343F3CF33069C34FB03F307EB4307EB
:10A44000099B15FB03F444F3CF34059B079E33446B
:10A4500033FB04F307EB43030A9C15FB04F545F3B8
:10A46000CF35024432FB05F203EB420249F82E20BD
:10A47000164B9A4284DC164B9A42B8BF1A4680E7C4
:10A480000F9D6DB949451BD01A9B209A9A1A9200CC
:10A49000209B01EB830109EB83002EF09DFA0FE076
:10A4A0000A9B0293099B0193089B00931A9BA3EBC1
:10A4B0000E03424601EB8E0109EB8E00FFF700FE12
:10A4C00011B0BDE8F08F00BFB89F060000A3E111F6
:10A4D000005D1EEE2DE9F04F8BB000AF804689463F
:10A4E00093463B613C6D3D6E7B6D02FB03F35B006D
:10A4F000073323F00703ADEB030DEA46ADEB030D85
:10A500006E4692000021B86D2EF080FA0022F96D9F
:10A510001FE035F91230402010FB03F0C1F10903B0
:10A520009BB29B029BB203449BB2BD48805680B253
:10A53000800180B2181A531D13FB03F34FF0060C71
:10A540001CFB03F313FA80F000F5007026F81200EC
:10A550000132A242DDDBB34B00207A6D12E00BFB2F
:10A56000001338F9133036F911C0A3EB0C03AB42DA
:10A57000B8BF2B461DB20131A142F0DB2B460130A2
:10A58000824202DD00211D46F6E7BA6F322A40F30F
:10A59000B4817A6F002A40F3BC81D7F88020002A6A
:10A5A00040F0BB817A623A62BD60C7F80480C7F8A8
:10A5B0000CB0B346A8E002F10043013B35F913307B
:10A5C00003F5C0639942A8BF194625F8121001325D
:10A5D000A2420EDA08EB020339F9131003F100432B
:10A5E000013B39F9133003F500739942E3DD7A62D8
:10A5F000E1E77B6A013B13E008EB030239F9122023
:10A60000591C35F9111001F500618A42A8BF0A46AC
:10A6100035F913108A42A8BF0A4625F81320013BDA
:10A62000002BE9DA0226F861C7F818A0C7F814B0C1
:10A6300002E025F80BA00136A31EB34216DD4FEA57
:10A64000460B35F916A008EB060000F10040023871
:10A6500009EB400020F027F8A0F580639A45E8DC7C
:10A6600080B2A0F580600FFA80FAE2E7F869D7F8C7
:10A6700018A0D7F814B020F04CF883B2A3F580638B
:10A680001BB23AF918209A42B8BF1A462AF8182085
:10A69000B5F902209342B8BF13466B8008EB040063
:10A6A00000F10040033809EB400020F032F883B29B
:10A6B000A3F580631BB204F10042023A35F912108F
:10A6C0009942B8BF194625F8121004F10042013A28
:10A6D00035F912108B42B8BF0B4625F81230D7F867
:10A6E000803009E03BF9132035F913108A42B8BFD6
:10A6F0000A4625F813200133A342F3DB3B6A0133FA
:10A700003B627A6D9A420DDD3B6AFA6802FB03F800
:10A710000AEB480509EB480039F918302AF81830D7
:10A72000012255E7BB68D7F80480D7F80CB0022A9D
:10A7300032D03A693CE02AF8006038F90020961BD4
:10A7400038F915203AF91550521B22EAE272002E10
:10A75000A8BF921952102AF800200131A14229DA2B
:10A7600048003AF91160A6F6FF7C01EB0B053AF9B7
:10A770001520944503DDB2B2A2F5805212B22AF838
:10A780001520A2F6FF7C3AF90060B445D3DD92B201
:10A79000A2F5805216B2CEE73969DFE738F9121018
:10A7A0003AF91200091A21EAE1712AF8121001326D
:10A7B000A242F3DB3A69D7F8845009E035F9121068
:10A7C0003AF912008142B8BF01462AF8121001324C
:10A7D000A242F3DBBA6E0AB1FA6E0AB17A6E52B1D6
:10A7E0003A690BE03AF9121049102AF812100132B6
:10A7F000A242F7DBF4E73A69FAE70132A24213DA40
:10A80000072A04DC3AF8121049002AF812100B2A21
:10A81000F3DD3AF9121049102AF81210EDE700BFE3
:10A820005CDC06006680FFFF7B623969D7F870E068
:10A83000D7F874B0D7F8805028E0302B08DDD2115B
:10A8400002FB03F3DB0001D4DB103CE00733FBE742
:10A8500002FB03F3334880FB0302A2EBE372921284
:10A8600002EB42031B012EE005EB030CB86F4FEA2D
:10A8700040082D4880FB0890A0EBE870B0EBAC1FBF
:10A880002BDBB86D40F826201D440131A14230DA9F
:10A890000E463AF91120B2F5805FA8BF4FF48052FE
:10A8A0002AF811204B1C3EF913303EF911001B1AF7
:10A8B000786D00FB03F303FA0BF3052BBDDC92125A
:10A8C00002FB03F3DB00B86E0028CDD0F86E002841
:10A8D000D7D0786E0028D4D1C6E77B6AC7F88050FD
:10A8E000C5EB8012B96D41F826208201C7F880209F
:10A8F00006E07B6AC7F8805002E00022C7F880209B
:10A90000FA6FD7F88010116018462C37BD46BDE8A5
:10A91000F08F0022C7F88020F2E70022C7F88020DD
:10A92000EEE700BFABAAAA2A5655555502460028A5
:10A9300038D0B0FA80F1C1F11F030F2B2BDD0F3B94
:10A940001A4102F5804212B24FF6872312FB03F33D
:10A95000C3F3CF3303F6F11312FB03F3C3F3CF3387
:10A9600003F56B439F3312FB03F3C3F3CF3303F5BC
:10A970007653023312FB03F2C2F3CF32A2F5D45264
:10A98000093AC1F1120080B2800280B242F30B1288
:10A99000104400B27047C3F10F039A4002F58042A1
:10A9A00012B2D1E7004870470180FFFF2DE9F04F58
:10A9B00085B00546884616461C46DDF838A0DDF809
:10A9C0003C90169BB3F57A4F0ADB864A934210DC23
:10A9D000A3F57A439B1240331B011BB2009302E0A4
:10A9E0004FF480630093B9F1020F3BD00027394642
:10A9F000BFE04FF4A0630093F5E7AA6932F916307F
:10AA000003FA0AF000EB0B01013632F91620D21AD4
:10AA100002FA0AF208EB410108EB40001FF01AFDB0
:10AA2000831417FA83F31FB2072EE6DD019E4FF45D
:10AA3000805313FB07F343F3CF33002BB8BF5B42C4
:10AA40009BB2B3F5806F28BF4FF480631BB21F46E3
:10AA50004FF0080B0193029603945C46DDF840B07A
:10AA6000149E21E0002701963E46DDF840B0DBE76A
:10AA7000AA6932F9143003FA0AF000EB0B01013431
:10AA800032F91420D21A02FA0AF208EB410108EB5B
:10AA900040001FF0DFFC8314002BB8BF5B429BB269
:10AAA000BB42A8BF3B461FB2B442E1DB019B029E02
:10AAB000039C002FB8BF7F42BFB2B7F5806F28BF9D
:10AAC0004FF480673FB213FB03F3C3F5801000F22D
:10AAD0001940FFF72BFF824640F34F0817FB07F0A2
:10AAE000C0F5801000F21940FFF720FF804508DC18
:10AAF00017FB07F7C7F5801000F21940FFF716FFA4
:10AB00008046AAF5BF531E3B43F38F02A8F5BF53FF
:10AB10001E3B43F38F034FF4C04111FB02F1B1F12F
:10AB20007E4F14DB4FF4C04111FB02F2D2130099A7
:10AB30000A4412B200925B105B42129AB2F90020F2
:10AB400040329342A8BF1346129A13804EE7264A1A
:10AB5000EDE7AA6807FB023236F912200133C4EB95
:10AB6000430000FB0211621E9A42F2DC0137B94534
:10AB700001DD0023F7E709FB02F291FBF2F3BDF8D8
:10AB8000002003F5806399101848B0EBA30F0ADC8E
:10AB900040F6054399421FDC154B83FB0103A3EBF1
:10ABA000E1739BB201E04FF47E43D31A9BB2BDF92F
:10ABB0005420A3EBA2039BB2BDF94C20921152008A
:10ABC00092B29B1A1BB28033181208D40A28A8BF6D
:10ABD0000A2005B0BDE8F08F4FF40073E5E70020D0
:10ABE000F7E700BF7F38010000FCFFFFFBF3FFFF2A
:10ABF000ABAAAA2A2DE9F04F83B004460F461E46A1
:10AC0000DDF830B0DDF838A0DAF804304FEAC309D7
:10AC1000DAF81410DAF81C30B3FA83F3C3F1200326
:10AC2000CB1A90464AB10222BBF1000F07DDD118C2
:10AC3000013149450FD9002002E00422F4E7002049
:10AC4000A9EB000925464FF0000C614600900194E5
:10AC50004446E04617E00120F2E756F82530594017
:10AC6000504620F069FADAF81430DAF81C20B2FA0B
:10AC700082F2C2F120029B1A56F8251048EA010818
:10AC800008E005220135BD4208DAD0184845E4D96C
:10AC900046F82510002CF4D00422F3E70098424631
:10ACA000A046019C18B34FEA8803104602EB8801C6
:10ACB000114A02EBCB02515602330344D356994258
:10ACC00001D1002013E001220D99504620F034FA02
:10ACD0000D980CE000EB480256F8243003EB4203D9
:10ACE000054A02EBCB02D35646F824300134BC426D
:10ACF000F0DB03B0BDE8F08FCC9F06002DE9F04FEC
:10AD000097B008AFF9617A613B62D7F860B0D7F8C5
:10AD1000788002687A62D2F804900BF5806A03FBAF
:10AD20000AF39B00073323F00703ADEB030D08ABD9
:10AD30003B6303EB8A037B630025C7F818A03861E7
:10AD400007F1380303EB850353F8084C4FF48052A6
:10AD50007B6903EB053120462DF030FE09EB0B0635
:10AD600005FB06914FEA8B0A5246FB6903EB810112
:10AD700004F580502DF022FE01353B6AAB42DFDC4A
:10AD8000FE60C7F808A0D7F818A03C697B6F002BBD
:10AD900058D10F23FB620022F96AA36ECB1A002B55
:10ADA000B8BF5B4203EB8303B1EB430FC0F2938068
:10ADB00041F69A13B8F1180F02DC03F6CD431BB22B
:10ADC000B8F1220F02DC03F6CD431BB2B4F96C10CC
:10ADD00043F23330814202DDA3F6CD431BB244F28D
:10ADE0006660814202DDA3F6CD431BB241F69A10A4
:10ADF0008342B8BF03469A4272DB531A03F6CC4330
:10AE000041F69810834200D9114601F5C0618B12BA
:10AE1000924A82FB0323A3EBE173013B5ED4072B31
:10AE2000A8BF07231E46731C03EB43039B021BB200
:10AE30003B614FF0010A00257E60C7F800A0D7F8FB
:10AE40001CA089E02AF00103073323F00703ADEBD0
:10AE5000030D08AEA36C00933B6A5246314607F1DE
:10AE6000300021F0EEFDA36C019307F12C05009555
:10AE700040F2D3335A4631460DF5846021F0E0FEAE
:10AE8000FB6AC3F58063FB62A36C0393B4F96C3077
:10AE90000293A36E019300955B460F224FF48061ED
:10AEA000304604F0D5F9FA6A40F2FE339A4200DDEA
:10AEB000FB6245F69A1212FB00F242F3CF32A36B0B
:10AEC000022B00DD5210042B00DD5210082B7FF7FF
:10AED00063AF002260E743F234336BE70026A2E75A
:10AEE0000026B2463E61A6E709EB080007F13803E9
:10AEF00003EB850353F808CCA26EB4F86C104942FA
:10AF000009B2236FD4F848E0CDF81CE04FF0000EF2
:10AF1000CDF818E0CDF814E0049303930291019169
:10AF2000009613460CF580510AEB8000FFF7ACF950
:10AF30002FE007F1380303EB850353F8081C4FF4A7
:10AF40008052BB6819447B6903EB05302DF036FD58
:10AF500001353B6AAB4270DD7B6A5E6AA6EB09068F
:10AF6000A36E0F2BB8BF0F23A366FB6805FB03F886
:10AF700004F1EC0309FB05F203EB8201F9614FEAEE
:10AF80008903BB611A460AEB88002DF017FD002EDD
:10AF9000AAD109EB0800304407F1380303EB85031D
:10AFA00053F8081C06F5806CB4F86C307A6A526B62
:10AFB000D4F848E0CDF81CE0CDF8189005927A6EF0
:10AFC0000492226F03923A69524212B202925B4299
:10AFD0001BB20193ABEB06060096FB6AA26E01EB77
:10AFE0008C010AEB8000FFF74FF90BEB0801BA69FF
:10AFF0000AEB8101F8692DF0E1FCBBF5806F98DC6C
:10B000000BEB8521CBF5806292007E6906EB810116
:10B0100006EB05302DF0E0FC681CCBEB802007F13F
:10B02000380303EB850353F8081CBA6801F5805117
:10B0300006EB80002DF0C2FC8AE77E68D7F800A0FE
:10B04000FB6E3A691A80FA6ABB6E1A603B6F1E602B
:10B0500050463C37BD46BDE8F08F00BF56555555AC
:10B060002DE9F04F85B000AF83460D467A609846D3
:10B070004B00073323F00703ADEB030D6C460023B1
:10B080003A6C1360FB6B5BB94FF0040905EBD576A6
:10B0900076104FF0000AC7F808A0C7F80080E9E072
:10B0A0004FF00509F2E747F6FF7324F8123001323A
:10B0B000AA421ADA05FB0A235BF823304FEA233C45
:10B0C00000EB2333C818A0EB4C00ACEB6301023358
:10B0D0004FEAA30CB3F5003FE5DA1CF5004F02DDA3
:10B0E0000FFA8CF3E1E7864BDFE700232360636010
:10B0F000A360E360236163611846194608E034F9F0
:10B1000013209142B8BF11469042A8BF10460133A8
:10B110009D42F4DC40428142B8BF0146002918DC60
:10B120000123B3FA83F3113B21D100200146844669
:10B130003CE034F912108842B8BF08468B42A8BFE1
:10B140000B4601329542F4DC5B428342B8BF0346B2
:10B15000E7E7002318461A46F4E734F9112092B2C3
:10B160009A4024F811200131A942F6DBDDE70021E5
:10B17000FAE78A0034F9213013FB03F30232A25EAE
:10B1800012FB02F21A4402F5004200EB2240CCEB23
:10B190002243012202FA09F203EB620343FA09F3A4
:10B1A00063441BB224F811309C460131B142E0DB0C
:10B1B000711E4FF0000842460DE034F911309B1A21
:10B1C000043302EBE3031BB224F811301A4698450E
:10B1D000B8BF984601390029EFDA20F043FD03B2E9
:10B1E000FB6046F34F0318FB03F020F03BFDFB68C8
:10B1F00013FB00F331055B10013391FBF3F10020E9
:10B200000C220FE031FB03FC4FEA4C0CBCF17F0F2A
:10B210001DDC31FB03F35B00DFF8E8C01CF80330F2
:10B2200018440432731F934213DD34F81230013393
:10B230001BB231FB03FC4FEA4C0CBCF17F0FE1DC8D
:10B2400031FB03FC1CF0804FDCD00023E4E77F23BC
:10B25000E2E70002A6F1110303EB43035B0090FB5E
:10B26000F3F0BB68834203DABB6BC3F800A0B8609D
:10B270000AF1010A7B689A4503DA002108460A466A
:10B2800016E7B968D7F80080C829D4BF0025012582
:10B29000FB6B43B1C82906DDB1F5167F03DA012344
:10B2A0003A6C1360002501EB410101EBC10420461B
:10B2B00020F0D8FC292811DC0023A32BA8BFA3234E
:10B2C000712212FB03F21049B1EB823F0DDA7122B9
:10B2D00012FB03F30D4800EB833007E0204620F01B
:10B2E000C1FCA0F12A031BB2E7E7002020F0BAFC62
:10B2F000A8F8000028461437BD46BDE8F08F00BF0F
:10B300000180FFFFEC9F06000F583902F0A7C6FD31
:10B310002DE9F04F8FB000AF864693461E46D7F812
:10B320006CA0B7F97030C3F50053AB4A9342B8BF75
:10B33000134640F21F5212FB03F343F38F33FB62B9
:10B340008A00073222F00702ADEB020DEC46846959
:10B3500034F9113001F10040013834F910001B1AA2
:10B3600003FA0AF35B00073323F00703ADEB030D89
:10B37000E846ADEB030DC7F804D0ADEB020DC7F8FE
:10B3800010D0ADEB020DC7F80CD00025C7F818C0DF
:10B39000C7F808E079613E605E4658E0324677E0E3
:10B3A000224641467C6820462DF008FB012202FA25
:10B3B0000AF249FA0AF120461EF0EDF9FB6A0AF199
:10B3C0000102494620461FF0FAF8834508DC0023B5
:10B3D0007B6202E0651C13E07E620024FD6122E0D6
:10B3E00083464FF0FF337B62F7E7002300E0002342
:10B3F0005344A3421EDD002EECD0AAEB0405013D10
:10B400000122A24049FA04F140461EF0C4F9FB6A49
:10B410002A46494640461FF0D2F8834502DD631CA8
:10B420007B6283460134002EE1D1BB6A012BDCD064
:10B430000123DDE7FD69002E39D07B6A5B00BA6924
:10B44000396A42F82130BB6A012B39D001357B695A
:10B450009D4245DABB689B693D626A1C33F9122044
:10B4600033F91510531ABB6203FA0AF901FA0AF10B
:10B470007B6FBA6E02FB03114FEA490422467B6ED2
:10B4800003EB410140462DF099FA002E86D052463A
:10B49000FB6A494640461FF092F88346002E9BD037
:10B4A000BA6A012A7FF47CAF00237B6295E77B6A4E
:10B4B000C3EBC3735B00BA69396A42F82130C2E753
:10B4C000BB693A6A53F8223023B1CAEBCA72B3EBB4
:10B4D000420FBBD1013BBA69396A42F82130B5E766
:10B4E000D7F818C01946B3463E680023C7F828B0FD
:10B4F0009B467E62D7F86080C7F86CA037E00EEB01
:10B50000080A06EB0809FB6A53F82430BA6A0BEB09
:10B51000420255003148D7F86CC000EBCC0010F95E
:10B520001220A3EB4202002AB8BF5242B245D4BF58
:10B5300002EB0A06961901354257A3EB4203002B92
:10B54000B8BF5B42F145D4BF03EB090E9E44013402
:10B550008C42D4DBD7F82CC07645A8BF764607F1DD
:10B56000380303EB8B0343F8086C0BF1010BBBF1C1
:10B57000010F0ADCBB6A33B14FF0000E0026012434
:10B58000C7F82CC0E4E7C646F8E7D7F828B07E6ACB
:10B59000D7F86CA07A6B3B6B9A420ADABBF1000FCA
:10B5A0000DD1D9463B6E00220124FE62D7F860809F
:10B5B00034E0BBF1000F06D1D9463B6EF3E74FF004
:10B5C00001090023EFE74FF000094B46EBE70120AC
:10B5D0003D6945F824002CE000F0FFFFCC9F0600F9
:10B5E0000122F86840F824201E465CF8243009EB5C
:10B5F0004B025500254800EBCA0010F91220A3EBBE
:10B600004202002AB8BF5242724401354057A3EBB0
:10B610004003002BB8BF5B42334401348C4211DA43
:10B6200003EB080E7245D2DA00203D6945F824008C
:10B63000964602EB0806B342D2DD0023FA6842F8D0
:10B640002430D2E7FE6A01F1804001389A42B4BF4B
:10B650000022012246F820208B1E3869FC6804E095
:10B6600054F8222046F82320013B002B09DB5A1C0A
:10B6700056F822100129F3D050F8222046F8232052
:10B68000F2E748463C37BD46BDE8F08FCC9F060048
:10B690002DE9F04FD9B014AFC7F8A8000E46984670
:10B6A000D7F838A101464368C7F880308368C7F8E7
:10B6B000A0300F23C7F8DC300023A7F8DA30C7F832
:10B6C000D430C7F8CC30C7F8C0300068C7F89C0049
:10B6D0008468C7F89440D0F804B08469C7F88440FF
:10B6E0000C6AC7F8AC404C6AC7F8A440A7F8CA3047
:10B6F000BAF1010F41F3E183002E01F0E283CD693D
:10B7000002FB05F51946C2698A4205DB436A8B4094
:10B71000AB4201D00131F6E7C7F898108A42C1F276
:10B72000D48301238B403B63D7F89C305B6A8B400A
:10B73000C7F88830D7F8A830EC33D7F880100BFB67
:10B7400001F203EB8202BA670BF5806201FB02F2A1
:10B7500003EB8204D7F8943003FB01F3BB635A0078
:10B760003A6504EB430904EB8302FA6202EB4303FC
:10B77000FB64D7F83C319BB3184601F071FE386189
:10B78000D7F83C315A69DB69B3FA83F3C3F120037C
:10B79000D31AC7F8B4300433DB10C7F88C3040F24A
:10B7A000FB439A45A8BF9A465346C7F87CA0D7F8F2
:10B7B0008C209B1A3B67D7F8A820D36AC3B1926A42
:10B7C000B2F1FF3F14D0D7F89C301B68D9101B1181
:10B7D00005FB023393FBF1F37B669B117B6531E044
:10B7E00001233B61C7F8B4300023C7F88C30D6E79B
:10B7F000D7F8A8309B6A03FB05F5D7F8B420012AD7
:10B8000000DD1544B3F1FF3F15D0D7F89C301A681E
:10B8100005EB8203D20093FBF2F3D7F8A820126B5A
:10B82000002A18BF013BFA6F9342A8BF1346022BB0
:10B83000B8BF0223FB67FB6FD7F88C209B1A7B6590
:10B8400000237B664FF4C873FA6F03FB02F2D7F84C
:10B850009850C5F1030038620241D7F8A01001EBFF
:10B860008101C90001F1140078612B41323B00FBDA
:10B8700003F3D11A7963D7F8A820926AB2F1FF3F97
:10B8800004D0D21A9142A8BF11467963D7F83C314F
:10B89000002B4AD07A6E002A16DDD7F8A8104B6B21
:10B8A00093B1D1F8C830C3EB4205AD11D7F8B4302D
:10B8B000012B45D000239D42B8BF1D463B6F9D42E2
:10B8C000A8BF1D46AB423DDCFB6FDB00C7F89030E4
:10B8D000D7F89C30DB68C7F8B030D7F8A420934283
:10B8E00001DBC7F8B020D7F888200BEB0208D7F8A7
:10B8F000803003FB08F39B00073323F00703ADEB15
:10B90000030D14ABFB66D7F8A810D1F8D8E0A2EB72
:10B910000B02D7F8A03003FB02F2D1F81CC092FB57
:10B92000FCF200200546034620E0FA6F414607F18D
:10B93000E0001FF0ADFB07F1E003C7F83C31A9E7D9
:10B940000223B8E7D7F88C302B44FB671946D7F8A9
:10B950003C011FF063FC3D67B6E736F913108D42DA
:10B96000B8BF0D468842A8BF084601339A42F4DCAE
:10B9700040428542B8BF0546AE4513DC002005466F
:10B98000034608E036F913108D42B8BF0D468842D1
:10B99000A8BF084601339A42F4DC4042A842B8BF2F
:10B9A00028468646D7F8A0300BFB03F393FBFCFC3C
:10B9B00000210D460B4609E0D01836F910008542EB
:10B9C000B8BF05468142A8BF014601339C45F3DC60
:10B9D0004942A942B8BF2946D7F8A830C3F8D810C1
:10B9E0008E45B8BF8E46BEFA8EF35B09BB65D7F8AD
:10B9F000B430012B51D00023BB650025C7F88C4023
:10BA0000D7F88040C7F87490D7F86CA0D7F8A89002
:10BA100005FB08B1D7F89C3003F1100209F1B80317
:10BA20000020039003EB850302930192D9F81C30A8
:10BA300000932346D7F888200AEB810106EB4500E6
:10BA40001EF0DDFF0135AC42E2DCD7F88C40D7F8C0
:10BA50007490D7F8A8301B6C13B13B6F032B07DC35
:10BA6000D7F8A03003EB43033A6FB2EB830F48DD06
:10BA7000D7F8AC30002B40F09380BB6D002B40F02A
:10BA80009180D7F8A8205369002B40F08D809369EE
:10BA9000042B00F38B80002334E00F22BD6D294678
:10BAA000D7F83C011FF048FB002DA6D07B6E002B81
:10BAB00013DDD7F88C20531CF96F8B4201DA023268
:10BAC000FA67FD6FEA00C7F890202946D7F83C01D5
:10BAD0001FF0A4FB7D6502233B67F96FCB00C7F81D
:10BAE000B430D7F83C315A69DB69B3FA83F3C3F158
:10BAF0002003D31AC3EBC1031344D7F83C2153618D
:10BB00007BE70023D7F8A85028466A6EBA62396FDF
:10BB10000691059307F1BC03049307F1DA0303933D
:10BB200007F1DC0302930192D7F888300093D7F82D
:10BB30008030BA6FF96EFFF7E1F87862B7F9DA2072
:10BB400043F233339A4203DCB5F96C209A422FDD7D
:10BB5000D7F8A820936F23B17D49D06FEBF79AFDFA
:10BB600048B3D7F8DC00EBF785FB0546D7F8A830DB
:10BB7000986EEBF77FFB06467649EBF7CFFB014665
:10BB80002846EBF787FDC8B973493046EBF7C6FB8B
:10BB900001462846EBF760FD30BB0023BB600FE099
:10BBA0000023AFE70023ADE70023ABE70123A9E7BC
:10BBB0000023BB6004E00023BB6001E00123BB6005
:10BBC0007B6AA3B9D7F8AC30002B43D1D7F8B43097
:10BBD0000F33D7F8902093423CDA01220021D7F8A6
:10BBE0003C011FF0A9FA35E00123BB60E8E7012220
:10BBF0001146D7F83C011FF09FFAD7F8DC50013509
:10BC0000C7F8DC50B5FA85F5C5F11B0606223146AA
:10BC1000D7F83C011FF0DEFA1023B340C5F11F0234
:10BC2000D7F8DC10C91AD7F83C011FF0B2FAD7F8E0
:10BC3000DC30013BC7F8DC300322D7F8BC10D7F862
:10BC40003C011FF0A6FA0223444AB96AD7F83C0126
:10BC50001FF080FAD7F8A8108B69002B1EDD0B6C43
:10BC6000002B37D1D7F8AC203AB17A6D0E2A04DC1C
:10BC7000D1F8B420632A00DD012307F1C00202924B
:10BC8000019307F1CC03009307F1CA03D7F8802092
:10BC90004146F86EFFF7E4F9B86701E00023BB679F
:10BCA000D7F89830002B18DDD7F83C315B69D7F80E
:10BCB0003C21D269B2FA82F2C2F120029B1A02330D
:10BCC000D7F89020934237DABB6F002B3AD1BB6193
:10BCD000BB6607E00023BB67E2E70123BB610023EB
:10BCE000BB67BB66D7F88030D7F8882002FB03F328
:10BCF0009B00073323F00703ADEB030D14ABC7F82C
:10BD00008C30BB6B9B00073323F00703ADEB030DB7
:10BD100014AB7B673B6D073323F00703ADEB030DDB
:10BD200014ADBB6EE3B1D7F8A8309B69072B00F3C5
:10BD30009A800023FB6515E00123BB610023BB67EC
:10BD4000BB66CFE73B6BBB660023BB61CAE700BFA6
:10BD50009A99993EAE47A13F713D4A3FC4A0060063
:10BD60000023FB65D7F8A030D7F8942002FB03F33B
:10BD7000BB645B003B66073323F00703ADEB030DA9
:10BD800014AB3B64FB6D002B70D1D7F8A820936CEB
:10BD90000493D3690393D7F898300293D7F880605F
:10BDA0000196D7F8A0300093D7F88C30FA6EB96EB0
:10BDB000D7F89C001EF087FD022E00F0A080D7F877
:10BDC000A860B36C0293D7F898300193D7F8A030ED
:10BDD0000093D7F8B0307A6FD7F88C10D7F89C0062
:10BDE0001DF0FCFA336C002B40F0AD80D7F8A0308A
:10BDF000019300957B6FD7F8A4603246D7F8B01056
:10BE0000D7F89C0003F09AFE3B6E073323F007033C
:10BE1000ADEB030D14A87864720000212CF0F6FD40
:10BE2000D7F8AC30002B40F06781D7F8A820D2F8C3
:10BE3000E480B8F1000F00F07B81136CFB63002BF2
:10BE400040F07A81D66D022EB8BF02269A469B46F4
:10BE50009C469E46C7F8B480D7F88480FC61C7F83A
:10BE60000C907D60A3E00123FB657BE7D7F8A86019
:10BE7000B36C0493F3690393D7F898B0CDF808B086
:10BE8000D7F880300193D7F8A080CDF80080D7F89C
:10BE90008C30FA6E0021D7F89CA050461EF013FD9E
:10BEA000B36C0293CDF804B0CDF80080D7F8B0B0F1
:10BEB0005B467E6F3246D7F88C1050461DF08EFAE6
:10BEC000CDF80480D7F84080CDF800803346D7F80D
:10BED000A4205946504603F031FE0022BE6C404675
:10BEE0000AE030F81210B7F898309B0243F34E0383
:10BEF0000B4420F8123001329642F2DC45E7D7F8C5
:10BF0000A030012B7FF45BAF0023C7F8CC3056E79D
:10BF100041F80C30012BB8BF012341F80C3001323D
:10BF20007245BFF663AF4FEA820C51F822300E68BB
:10BF3000032036FB00F0B3EB400FE9DB032336FBB5
:10BF400003F67300E4E70222D7F8A4E0796FE7E78D
:10BF5000894A5C1C38F9140081B238F913501FFA71
:10BF600085F9A1EB090112FB01F18E44401B8344CA
:10BF7000C6EB4303013312FB03F294442346B3425E
:10BF800013DAD7F8942002FB0A32D7F8B41031F94B
:10BF9000122012F5006FDBDDB2F5807FA8BF4FF4F1
:10BFA0008072002AD5DD5210D3E70AF1010AD7F8D2
:10BFB000A0309A4501DAFB6BE1E7FC69D7F80C90F9
:10BFC0007D680FFA8BF39EFBF3FE0FFA8EF101F101
:10BFD000CD0E0CEB4C0C4FEA4C03721ED7F8A000B0
:10BFE00000FB02F206FB022206FB02F293FBF2F3D5
:10BFF0005A1013F13E0F07DB202AA8BF20229246D9
:10C00000F86BD7F8842003E06FF01F0AF8E70130DF
:10C01000431C32F913804FEA460C32F9163003EB19
:10C02000D373B8EB630FF2DBFA6B9046C7F8B4C07A
:10C03000D7F8A0C0FC61C7F80C90D7F8A8900DE025
:10C04000D9F8E440D7F894B0934434F91BB034F9EC
:10C0500012405C45B8BF5C460CE00132B2421BDACC
:10C06000131A0AFB03E3BCF1020FE9D0D9F8E4404C
:10C0700034F91240002CD4BFC3EB04035B429CB2E2
:10C080001BB2B3F5807FE8DDA4F580747B6C23F8E8
:10C09000124008F10108E0E7D7F8B4C0FC69D7F80E
:10C0A0000C90B8F1020F0FDD01F2CD1EBEF1000FB2
:10C0B00002DCFA6B796C13E062460021786C2CF09C
:10C0C000A5FCD7F83CE0F2460EF1CD034FEA8A1208
:10C0D00012B27A601BB2FB6011E000230B520132F6
:10C0E000B242F1DA500031F91230FF2BF5DD9BB28C
:10C0F000A3F580731BB2F1E700237B60FB60D7F8E8
:10C10000A830186C002840F0F580BB6EC3B1B7F8BA
:10C110009860B60246F34E0636B2D7F8AC10174B0D
:10C120001A46D7F8A0E0D7F89480D7F8A4C00BE05F
:10C1300000237B60FB60E2E700237B60FB60DEE7BF
:10C140000026EAE710440131614519DA35F911306A
:10C150009B1BA2F580629342B8BF13461AB2BEF190
:10C16000020FEFD101EB080335F913309B1B93420B
:10C17000B8BF13461AB2E5E700F8FFFF00D8FFFF8B
:10C18000D7F8A430D7F8AC209B1A90FBF3F39BB2FE
:10C19000D7F8A820B2F8E8209B1A1BB2B3F5406F7D
:10C1A00000F3A480B8498B42B8BF0B46FB6140F254
:10C1B0008F23F96913FB01F302EBE332D7F8A830C0
:10C1C000A3F8E820FB6D002B00F09780D7F898309B
:10C1D000002B29DDD7F83C315B69D7F83C21D269C7
:10C1E000B2FA82F2C2F120029B1A0233D7F89020F1
:10C1F000934219DABB6FBBB9D7F8A8209369042B17
:10C2000012DD136C83B9D7F8AC306BB9D7F8A02026
:10C210000192D7F8A4200092D7F89420214628460E
:10C220001EF027F900286ED1D7F89830002B10DDCA
:10C23000D7F83C315B69D7F83C21D269B2FA82F277
:10C24000C2F120029B1A0233D7F890209342C0F229
:10C25000A980D7F8A060D7F8883003FB06F35B000D
:10C26000073323F00703ADEB030D14AAFA633B6B0E
:10C2700002930196D7F8B03000937B6FD7F88C10FB
:10C28000D7F89C001DF03CF9D7F894309B00FB6672
:10C29000073323F00703ADEB030D14ABFB65C6EBCF
:10C2A00006137A6D93420ADCD7F8AC3053B9D7F84D
:10C2B000A8209369012B02DD136C002B79D0D7F8ED
:10C2C000AC3023B1D7F8C030002B40F0AF80D7F8A6
:10C2D000AC30002B00F0DA807B6D0E2B40F3B38086
:10C2E0000023B96FD7F8A420F86DB4E04FF4406391
:10C2F000FB615CE70023FB6164E73A6E2946386C1A
:10C300002CF05CFB62E7D7F8A860B36C0493F36988
:10C310000393D7F898B0CDF808B0D7F880300193E0
:10C32000D7F8A080CDF80080D7F88C30FA6E396B42
:10C33000D7F89CA050461EF0C6FAB36C0293CDF815
:10C3400004B0CDF80080D7F8B0B05B467E6F3246BF
:10C35000D7F88C1050461DF041F8CDF804800095B8
:10C360003346D7F8A4205946504603F0E7FBD7F8E8
:10C37000AC30386C0AE030F81310B7F8982092020D
:10C3800042F34E020A4420F813200133BA6C9A4259
:10C39000F1DC40F6CD43A7F8CA303B6BBB66012306
:10C3A000BB6741E70322B96FD7F83C011EF0C4FE1A
:10C3B0004FE74FF4A0637A6D93FBF2F3032BB8BF02
:10C3C00003230233D7F8CC200592B7F9CA20049290
:10C3D000D7F898200392D7F888200292FA6B01923E
:10C3E0000093D7F85CA05346BA6FD7F8B0804146A7
:10C3F000D7F89C00FEF78CFF06464346C446D7F8A4
:10C40000A400514607E00CF18042013A51F8222085
:10C4100041F8232001338342F5DB1FE0012240F87D
:10C42000232013448B42F9DB002617E00023D7F8C2
:10C43000A410F86DF6E7002240F8232001338B4268
:10C44000F9DBBE6F0AE00023D7F8A410F86DF6E719
:10C4500040F8231001339342FADB00263B6E07338A
:10C4600023F00703ADEB030D14AB3B664FF0000C5C
:10C47000C7F8B460D7F8A000D7F894E0D7F8A46064
:10C48000D7F84C8029E000BF00FAFFFFD7F8AC30A6
:10C49000B96FD7F8A420F86DDDE70131B14218DAA1
:10C4A0000EFB0C1A35F91A2034F91A30D31A03F29C
:10C4B000FF7340F6FE7B5B45EFD838F91A304FF436
:10C4C000005B13FB0BF392B2A2EBE33225F81A20C8
:10C4D000E3E70CF1010C604502DDD7F8AC10DDE7B5
:10C4E000D7F8B460D7F8A880D8F81830D8F840202A
:10C4F0000C92D8F838200B92032BD4BF00230123D1
:10C500000A9308F154030993D8F80C3008933B6F51
:10C510000793D7F898A0CDF818A0D7F8A0300593C6
:10C52000D7F83C3104933B6E0393D7F890B0CDF825
:10C5300008B001940095D7F8B030D7F8A420D7F808
:10C54000AC10D7F89C0003F06DF9D7F83C3102939A
:10C550000196CDF800A0FB6DBA6FD7F8A410D7F8FC
:10C56000AC00FEF747FBD7F83C315B69D7F83C21BC
:10C57000D269B2FA82F2C2F120029B1A03335B4500
:10C5800012DAD8F84030002B7ED00023C8F864308F
:10C590000223C8F8503005238F4AD7F8A810096D38
:10C5A000D7F83C011EF0D6FDFB6E073323F00703DE
:10C5B000ADEB030D14A9C7F8B410D7F89C301B6B72
:10C5C000D7F8A86006F17808CDF838807A6C0D921B
:10C5D000326C0C9207F1C4020B92D7F854A0CDF83C
:10C5E00028A0D7F898200992D7F884200892726B77
:10C5F0000792F26A0692BA6F05920493F36B039363
:10C600000291D7F8A0300193D7F8A4300093D7F85F
:10C61000AC30D7F89420396C2846FDF75BFF3863BF
:10C62000336C53B151461A297EDC6C4B83FB0A23D1
:10C63000A3EBEA73D7F8B4201360FB6E073323F043
:10C640000703ADEB030D0DF1500BD7F8A030D7F871
:10C6500098205946D7F89C001DF0D9FED7F89030A5
:10C66000DB00C7F8B030D7F83C0100F0F9FED7F88E
:10C67000AC3000260622C7F89020C7F870807C6591
:10C68000C7F844903D6462E0D7F8AC308BB1D7F87E
:10C69000A82093690BB913657DE7BB6F23B1022313
:10C6A000D7F8A820136576E70323D7F8A8201365E9
:10C6B00071E7BB6E63B9D7F8A8309B69022B07DD21
:10C6C000D7F8A03003EB83033A6FB2EB430F0ADADB
:10C6D000D7F8A82093690BB913655CE70223D7F854
:10C6E000A820136557E7D7F8A80000F15802036D9A
:10C6F00000F1600164307E6A0EB101267E623E6BFD
:10C700000596D7F8A0600496D7F8B06003967E6AC5
:10C71000029601900091F96BD7F89C001CF05AFF2B
:10C72000D7F8A830186536E7082383E7D7F88C30A8
:10C7300045463CB1D7F89020032AB8BF0322013AFE
:10C74000C7F89020D7F8B42042F82A500133D7F820
:10C75000A420934244DA9A465A1CD7F8841031F93F
:10C76000122031F91310521AD7F8A01001FB02F26F
:10C77000D7F898108A409146302AB8BF4FF0300958
:10C78000D2009145A8BF9146D7F890200024C7F861
:10C790008C30A04600EBC203D7F8B010891B8B4247
:10C7A000C4DA5BF82A304345C0DDD7F8B43053F81B
:10C7B0002A50A542D4BF00210121D7F83C011EF028
:10C7C000BBFCD7F83C0100F04BFEA542AEDDC844EF
:10C7D0004E4401340122DDE7C8A0060056555555E8
:10C7E000D7F87080C7F890007C6DD7F844903D6C06
:10C7F000D7F8A030022B00F00D81D7F890302F33FE
:10C80000D7F8B020921B934280F25E81D7F8AC300B
:10C81000002B40F32C810023D7F8A820A2F8DC30AD
:10C820000523C7F88C300723C04AD7F88C10D7F8F7
:10C830003C011EF08FFCD7F83C0100F011FEC7F858
:10C8400090007A6E002A40F3BA80D7F89C30DB69FA
:10C85000D7F898105B1AC7F8B03040F2FB43396A3A
:10C860000B41D7F87CA09A45A8BF9A46D7F8AC30C0
:10C87000002B40F02D817B69A2EBC302D7F8A810F2
:10C880004B6B2BB1D1F8D010D7F8B00001410A445E
:10C89000D7F8AC10002940F02681D7F8A800D0F8CE
:10C8A000E410FD690D95FD680C95003918BF012154
:10C8B0000B91016C0A91396B0991B9680891B7F92C
:10C8C000CA100791D7F8C4100691B0F9DC10059191
:10C8D0000493D0F8E0300393D7F8A0300293C36DEF
:10C8E00001937B6B0093D7F898304146D7F89C00B2
:10C8F0001DF023FF0246D7F890301A44F3183F3357
:10C900009B110233D7F8AC1041B1396901F594712C
:10C9100031443F3189118B42B8BF0B4602F12001EF
:10C9200089118B42B8BF0B465345A8BF53461D46DD
:10C930007B6EA2EB0308AE01BB6D1BB180264FF0EE
:10C9400000080225D7F8A830D3F8D43040F2C93215
:10C95000934240F3F3802120D7F8A8C0DCF83420BC
:10C9600032B1DCF8C830796E761A3344CCF8C8306E
:10C97000A2B1D7F8B03008FA03F3D7F8A860D6F818
:10C98000D0105B1AD6F8CC105B1A33FB00F301EB26
:10C990004303C6F8CC305B42C6F8D03032B1D7F88A
:10C9A000A830D3F8C830002BC0F2D3805545A8BFBB
:10C9B00055462946FD67D7F83C011EF02FFCFB6E5B
:10C9C000073323F00703ADEB030D14AEADEB030DFE
:10C9D0000DF1500AADEB030D14ABC7F8B030FB6F8F
:10C9E000DA00C7F890209D01D7F83C0100F038FD2F
:10C9F0002D1A6B1EBA6F002A00F0BB80D7F8982062
:10CA0000012A40F38B810232B3EBC20F80F288819E
:10CA10000025AFE0D7F8982042B1D7F88830F96BFD
:10CA2000D7F89C001DF0E2FDC7F8D400404B796BAD
:10CA300083FB0123C817C0EBA310D7F8A8A0DAF82E
:10CA4000E030009315233B4A3B4900B21CF0FAFA50
:10CA5000CAF8E000D7F8AC209042B8BF1046D7F82B
:10CA6000A4209042A8BF1046CAF8E000C5E6D7F857
:10CA7000A8301B6C002B7FF4CEAED7F8A820936CA7
:10CA800009937B6B08937B680793D2F8E030069399
:10CA9000B7F9CA30059302F1DC030493CDF80C809A
:10CAA000D7F888300293D7F8A0300193D7F89830A0
:10CAB0000093D7F8A4302A46F96BD7F89C00FDF70D
:10CAC00075FFC7F88C00AEE60523C7F88C30B8E6D2
:10CAD000D7F8A03003EBC30204327B6EA3EBC20293
:10CAE00022EAE272CAE6D7F8A830D3F8B430632B52
:10CAF00003DC6021386A01410A44642B03DD902382
:10CB0000396A0B41D21AB7F9CA10A1F580534FF414
:10CB1000C87013FB00F302EBA33242F6CD439942F7
:10CB20007FF7E9AE8242B8BF0246E4E6CCA0060039
:10CB3000D34D62106CA0060098A006005A1CD7F8CE
:10CB4000A810C1F8D420153318041FF0CFF800B294
:10CB500002E75B42002B0ADB9B11BA6D02B1002396
:10CB60001D440023D7F8A820C2F8C8301EE73F3381
:10CB7000F2E700255B1BD7F8A420013AD7F8A810EC
:10CB8000096C01B101220E92D7F8A810CA6D0D925E
:10CB900001220C92D7F83C210B92D7F898200A92E8
:10CBA000D7F8A0200992D7F8B02008920796CDF8C0
:10CBB00018A007F1D0020592049307F1D403039360
:10CBC00001F1E0030293D7F88C300193CDF800B067
:10CBD000D7F8B430D7F8A420D7F8AC10D7F89C0019
:10CBE00003F0A2FA8046D7F8A810CB6D002B00F016
:10CBF00099805A1E8242B8BF024601339342A8BFB1
:10CC00001346CB65D7F8A0B0CDF80CB0D7F83C31BF
:10CC1000029301963B6E00932346D7F8A420D7F8E1
:10CC2000AC10D7F89C0020F056F9BB6C073323F00A
:10CC30000703ADEB030D14AA5B46022B76D000234D
:10CC4000D7F8A800416C1291816C11918169109103
:10CC500000F14C010F91CDF83880D7F898100D9164
:10CC6000D7F83C110C91D7F8D0100B91F96FC5EBA8
:10CC700081110A91F96D09918046D0F8E010089170
:10CC8000D7F8D4100791016D0691B96E0591CDF8D2
:10CC900010A0796F039102920193FB6B0093D7F878
:10CCA000A430D7F8AC20D7F89C1001201CF013FF5B
:10CCB000002D41D1D7F83C315A69DB69B3FA83F3CF
:10CCC000C3F12003D21AD7F8A080CDF81480D7F88A
:10CCD0003C310493D7F890108A1A0392D7F8B030F9
:10CCE00002930196D7F860A0CDF800A02346D7F8AC
:10CCF000A4502A46D7F8AC10D7F89C0020F048F989
:10CD00003A6D0021D7F84CB058462BF07FFE00203A
:10CD10004346D7F89460DC46D6462FE0002529E745
:10CD2000082527E7D7F8A830D8656BE7FB6BD7F85D
:10CD3000881003EB410383E7D8F874100122914275
:10CD4000CCBF00210121D7F83C011EF022FAB1E747
:10CD500060492CF818100132AA420CDA06FB0028B0
:10CD60003EF9181011F5804FF2DBB1F5804FA8BFE6
:10CD70004FF48041EDE70130834202DDD7F8AC206B
:10CD8000EAE7BB6DE3B9D7F8DC30D7F8A8209366A3
:10CD9000B7F8DA30A2F86C301346BA6A1A67D7F8D7
:10CDA0008030022B0FD0BB6FD3B10023B86B2DE0C6
:10CDB0004FF4104224F8132001339942F8DCE2E7E3
:10CDC0000023B96CF9E7D7F8A030012BEBD1D7F8E5
:10CDD00094305A00214604EB43002BF0EFFDE2E7CC
:10CDE0003D6D2A464946F86A2BF0E8FD2A46214661
:10CDF00048462BF0E3FD0BE034F9132039F913100A
:10CE00008A42A8BF0A4629F8132001339842F3DC6E
:10CE10000020D7F88020D7F89410D7F8ACC0FE6A6D
:10CE200023E001FB00354FF0000E24F815E04FF42D
:10CE3000104E26F815E029F815E001336345F0DBC4
:10CE4000D7F8A4300CE001FB00354FF0000E24F8B9
:10CE500015E04FF4104E26F815E029F815E00133DF
:10CE60008B42F0DB0130824201DD0023E6E7BB6F3D
:10CE70000BB9BB69C3B1D7F8A820536F013353670F
:10CE8000D7F83C31DB69D7F8A820D364D7F83C0148
:10CE90001EF0D2F9D7F83C31DB6A53B9F86F07F5C9
:10CEA0008A77BD46BDE8F08F0023D7F8A8205367E6
:10CEB000E6E76FF00203FB67F0E74FF0FF33FB6735
:10CEC000ECE74FF0FF33FB67E8E74FF0FF33FB671A
:10CED000E4E700BF00C0FFFF0EB4F0B582B0044627
:10CEE00007AA52F8043B0192B3F57D6F3BDA40F696
:10CEF000A272934234DBA3F6A2732D2B00F2808141
:10CF0000DFE813F0B0007E017E017E01AA007E0101
:10CF10007E017E0160007E017E017E0196007E0121
:10CF20007E017E017E017E019F007E017E017E01E9
:10CF30007E017E017E017E01F3007E017E016301A0
:10CF40007E017E017E017E01CE00D9007E017E0140
:10CF50007E017E017E017E017E017E01E000E9000E
:10CF60006FF0040073E042F22C72934200F34B81A5
:10CF700042F21272934222DBA3F51C53123B1A2B8E
:10CF800000F23B81DFE813F0430039013901390138
:10CF90003901390182003901270039013500390191
:10CFA00039011901EA003901390139013901390121
:10CFB000F0003901290139012F0139010B016FF00E
:10CFC000040044E0019B1A1D01921B680A2B00F229
:10CFD000118183613AE0019B1A1D01921B68002BAD
:10CFE000C0F20881226892689A4240F3038123626A
:10CFF0002CE0019B1A1D01921B68002B40F3FA8064
:10D00000226892689A42C0F2F58063621EE0019B3A
:10D010001A1D01921B68022B00F2EC80012BCCBF81
:10D02000002201226261B3FA83F35B09E3600DE041
:10D03000019B1A1D01921B68642B00F2DB80836345
:10D0400004E0019B1A1D01921B684363002002B09B
:10D05000BDE8F04003B07047019B1A1D01921B68A8
:10D06000C362F3E7019B1A1D01921A68B2F5FA7FB9
:10D0700003DCB2F1FF3F40F0BD806368634901FB10
:10D0800003F39342A8BF1346A362DFE7019B1A1D77
:10D0900001921B685A1E012A00F2AC80A360D5E7FA
:10D0A000019B1A1D01921B68A3F10802102A00F2CD
:10D0B000A180C363CAE7019B1A1D01921B68C26B62
:10D0C0001A60C3E7019B1A1D01921B68012B00F235
:10D0D00091804364BAE7019B1A1D01921B68002BE3
:10D0E00000F08880426C1A60B0E700F1EC054168FE
:10D0F00050F84C3B5F6807F5806201FB02F29E68C6
:10D1000001FB06F6730003EB820215448A0207FB5B
:10D1100001221A443B3292004C3A00212BF076FC5B
:10D12000002307E0F1184FF4104225F8112025F8EC
:10D130001320013362682168896801FB02F29A4278
:10D14000F0DC0023C4F8D03001226265022222659F
:10D150004FF48072A2652366636677E7019B1A1D10
:10D1600001921B68236371E7019B1A1D01921A68E3
:10D17000002A3FF46BAF1346783430321E685D6886
:10D180009868D96826606560A060E160103310344B
:10D190009342F3D11A685B682260636056E7019B93
:10D1A0001A1D01921B68002B3FF450AF1A685B6890
:10D1B000C4F8B020C4F8B43048E7019B1A1D0192AE
:10D1C0001B68BBB122681A6040E7019B1A1D0192DF
:10D1D0001B687BB1C26C1A6038E7019B1A1D019273
:10D1E0001B68236432E7019B1A1D01921B68C4F877
:10D1F000E4302BE74FF0FF3029E76FF0040026E71B
:10D200006FF0040023E76FF0040020E7A0F70300AD
:10D2100070B50646421E51F82230D80F002BB8BF19
:10D220005B420DE09C002C59204451F8224084EAD6
:10D23000E47EAEEBE47E7344002C10DB002A20DD9C
:10D24000013AA6EB020C65469C45A8BF1D460D4C55
:10D2500054F825509C45E5DD4FEA8C04E3E79C45F6
:10D260000BDD5D1C074C54F825505C1CA44506DD05
:10D270004FEA8C042C592044E0E76546F2E7A4000D
:10D28000F8E770BDD8A00600F0B5002517E057F804
:10D2900021208C4603E00CF1FF3C57F82C2072450E
:10D2A000F9D8AEEB0202A1EB0C0116FA81F109B23A
:10D2B000714043F8041B11FB0155614601380228F7
:10D2C00052DD88421DDC394C54F820704C1C57F854
:10D2D0002440A2424FF0FF3638BF002606EA040E73
:10D2E000A2EB0E0E840057F820209645CFD284463C
:10D2F0000CF1FF3C2D4A52F82C2012599645F7D3D9
:10D30000CFE72A4C54F82170860057F8207001F1BD
:10D31000010C54F82C4054F82040BA4206D3A242E3
:10D3200004D2D21B002443F8044BC7E7A2424FF0BB
:10D33000FF3738BF002707EA040CA2EB0C0C0C46A1
:10D34000013C1A4A52F8242092599445F8D3ACEB88
:10D350000202091B17FA81F109B2794043F8041B54
:10D3600011FB01552146A9E74C000134A2424FF0C0
:10D37000FF3038BF00200440121B541C640802D048
:10D38000A2EB44020132A4B2091B10FA81F109B2E6
:10D390004140196011FB01515542A01A00B22AB256
:10D3A0005040586010FB0010F0BD00BFD8A0060030
:10D3B00070B50C4615461E4601462046FFF728FF6D
:10D3C00001462246AC42A8BF2A460E4B53F8222003
:10D3D000AC4211DDA300D258AC420FDD681C094BF2
:10D3E00053F820300135A5420ADBAC001B591A4422
:10D3F00030461DF0EFFE70BDAB00ECE72046EEE7D7
:10D40000A400F3E7D8A0060070B506460C46154602
:10D4100018468A42A8BF0A46104B53F822208D4274
:10D4200016DA8B00D158A54214DA6A1C0B4B53F85C
:10D4300022306A1CA2420FDB92009B5819441DF057
:10D4400091FD0246334629462046FFF71DFF70BD79
:10D45000AB00E7E72246E9E7A200EEE7D8A0060026
:10D4600010B44169C269B2FA82F3C3F12000C3F17A
:10D470001003DA40130B083B054C54F82340944248
:10D4800038BF013303EBC000C0EBC10010BC7047D4
:10D49000F4B406008446B1F5807F02D9B0FBF1F008
:10D4A00070474B420B40B3FA83F3C3F1200221FAD9
:10D4B00002F2074850F82220C3F11F032CFA03F3AD
:10D4C000A2FB032000FB11C38B4228BF0130704731
:10D4D00014B506008446B1F5807F02D9B0FBF1F0A7
:10D4E00070474B420B40B3FA83F3C3F1200221FA99
:10D4F00002F2074850F82220C3F11F032CFA03F36D
:10D50000A2FB032000FB11C38B4228BF01307047F0
:10D5100014B506002DE9F0418AB005460E46C768ED
:10D5200027EAE7770123029300235A0002F108015A
:10D5300035F91100093235F912100AAA02EB8302FB
:10D5400052F8202C1C46013300FB02F20AA800EB23
:10D55000830040F8202C0129E7D15B00073335F91F
:10D5600013300DE04FF0010812E00AAA02EB84022A
:10D5700052F8202C194630461DF0C2FE013C4346AD
:10D58000002C43DB002CEDD06200073235F912800D
:10D590006200083235F912C0ACF1020CBCF1030F85
:10D5A000ECD801A252F82CF06BD50300D5D50300BE
:10D5B000B9D50300F1D503000AAA02EB840252F8A0
:10D5C000201CCDF8048000912A46B94030461DF059
:10D5D000F6FED3E70AAA02EB840252F8201CCDF82B
:10D5E000048000912A46B94030461DF0FDFFC5E792
:10D5F0000AAA02EB840252F8201CCDF804800091A4
:10D600002A46B94030461EF087F8B7E70AB0BDE8B1
:10D61000F08100BF08B5C0F31000B0F5803F01DD18
:10D62000C0F50030C0F30E0373B1B0F5004F03DA5C
:10D6300000B21EF081FA0EE0404200B21EF07CFA09
:10D6400080B2404200B206E083B23BB9C0F31000A2
:10D6500010B947F6FF7008BD0148FCE70020FAE763
:10D660000180FFFF38B5B1FA81F3C3F11F02C3F1A6
:10D670000203002B2CDD40FA03F5002B2DDD41FACF
:10D6800003F404F5004000141EF030FB011D41F3CB
:10D69000CF0135FB01F25300023542F38070E217EF
:10D6A00003FB02F204FB0022A3FB04400244E40F4C
:10D6B00044EA4204C4EBA50434FB01F403EBC403C5
:10D6C000B3F1005F0EDAB3F1604F0EDD980038BDA4
:10D6D000C2F11D0400FA04F5CFE7C2F11D0201FA00
:10D6E00002F4CEE76FF00040F1E70148EFE700BF3A
:10D6F0000100008000B54FF0000EBEF1000F17DDF5
:10D70000DAB14FF0FF33136000205DF804FB013302
:10D71000032B0FDC4BF6803C6045F8D101FA03FC8B
:10D72000BCF5707FF3D10AB1002313600448ECE725
:10D730000023EDE70EF1010EDFE71046E5E700BF3D
:10D7400018B70600037890F90020002A0FDB03F0D9
:10D750006002602A15D0C3F3C103032B22D0994085
:10D76000154B83FB0123C917C1EB63107047C3F34B
:10D77000C1039940104B83FB0123C917C1EBE31090
:10D78000704713F0080F06D00B4B83FB0123C9171A
:10D79000C1EB23107047084B83FB0123C917C1EB72
:10D7A00063107047C1EB01118800044B83FB002319
:10D7B000C017C0EBA31070471F85EB51D34D62100B
:10D7C00000B584468E4641B9D0F89030124981FBAD
:10D7D00003014FEAE37ECEEBE11EDCF8A40010F576
:10D7E0007A7F04D0B0F1FF3F0DD05DF804FBDCF888
:10D7F0009000C0EB00139B0093FBFEF3DCF870106D
:10D8000001FB0030F1E7DCF8900002FB00F0C00003
:10D8100090FBFEF0E9E700BF1F85EB5170B4039E5B
:10D82000049D059C01EB8101C9001431323A02FBD1
:10D83000110233B9214981FB0231D317A3EB6103F4
:10D840001A4405F15A0002FB00F01D4B83FB002334
:10D85000C017C0EB6310A6F57A73012B0DD940F207
:10D86000EA339E421ED004FB00F304EB4404A40000
:10D87000143493FBF4F3C01A0AE0012D0ADD04FB13
:10D8800000F304EB440464000A3493FBF4F3C01A7D
:10D8900070BC704780000B4B83FB0023C017C0EBAC
:10D8A0006300ECE7042DF3DC00EBC000054B83FBC9
:10D8B0000023C017C0EBA300EAE700BFABAAAA2A67
:10D8C0001F85EB516766666630B589B00E9C40F6E1
:10D8D000A71C1CFB01F11F4D85FB04C5E417C4EB1D
:10D8E000A51491FBF4F16FF4EB7E0EFB01FE0EF13B
:10D8F00080550595CEF1704E4FEA4E04069407957B
:10D900004FEAA51C81FB01E44FEA1E4101EB0441F3
:10D91000A1F500018CFB0145210C01EB05410391B0
:10D920008CFB0C14090C01EB044104910D990129A5
:10D9300008D00C990191009203AA05A9FCF71CFBE1
:10D9400009B030BD0C990191009203AA05A9FCF71A
:10D95000BFFAF5E7D34D62102DE9F04F0746914627
:10D960001C46DDF824A0DDF8288001EB41010B9B6B
:10D9700093FBF1F5B5FA85F5C5F11F05002235E0F9
:10D9800047F6FF7329F81630013050452DDA08FBB1
:10D99000002637F916104FEAC20E54F83230C3EBA6
:10D9A00081314FF0010C0CFA05FC01EB6C0B4BFACA
:10D9B00005FB5B4444F832300EF1040E54F80E308F
:10D9C000C91A01EB6C0C4CFA05FC634444F80E30A8
:10D9D00001F500518B13B1F1005FD1DA13F5004F5F
:10D9E00001DD1BB2CEE7044BCCE70132424501DA40
:10D9F0000020CAE7BDE8F08F0180FFFF2DE9F84362
:10DA000004460D4616461F464BF6803399420ED00B
:10DA100045F6C05399420AD0B1F57A5F07D042F675
:10DA2000E063994203D0B1F5FA5F40F09B80731E2A
:10DA3000012B00F29A80A7F50063012B04D940F670
:10DA400003039F4240F0948030461EF0D7FD02460B
:10DA5000002120462AF0DAFF0023636040F6980296
:10DA6000226004EB02082667C4F8BC60C4F890503A
:10DA7000C4F8B430A660E66025614FF47A52626162
:10DA80004FF4FA51A161E2611422226246F2A81217
:10DA90006262A3620922E2622363A363E363E36435
:10DAA0003246294640461DF03BF88146002862D1A7
:10DAB000002242F220714046FFF70EFAE26A40F679
:10DAC000AA714046FFF708FA4FF00108C4F89480A5
:10DAD000C4F89880294BC4F8A43006FB05F505F678
:10DAE000B835C4F8A050E766E367C4F8803040F268
:10DAF0005145C4F88450A367C4F888304FF0FF3311
:10DB0000C4F88C30D4F890301D4A82FB0312D91728
:10DB1000C1EB6212C4F8AC201822C4F8A82041F26C
:10DB20008832C4F89C20174A82FB0323C1EB2311DF
:10DB300061674FF48043A4F8C03047F6FF73A4F840
:10DB4000C8303C201DF0B6FF0002C4F8C400C4F881
:10DB5000F88040F2E933C4F8DC30C4F8EC504846B1
:10DB6000BDE8F8834FF0FF39F9E74FF0FF39F6E7EA
:10DB70004FF0FF39F3E76FF00209F0E718FCFFFF01
:10DB80001F85EB51D34D62100346314880FB020CD8
:10DB9000D017C0EBEC1098424EDC41F2883C614556
:10DBA0001BD0A1F59C5CACF1090CBCF1080F46D868
:10DBB00041F28D3C614504DCA1F59C510939884056
:10DBC0000CE0A1F59C510B3902FB01F1204880FBD0
:10DBD00001C0C917C1EB201000E01846984231DCA3
:10DBE0004FF4C87300FB03F3934224D0C82300FB17
:10DBF00003F393421FD0642300FB03F393421AD034
:10DC0000322300FB03F3934215D000EB800101EBBC
:10DC1000810191420FD002EB42018B420BD0B3EB5A
:10DC2000820F08D002EB82018B4204D002EB420249
:10DC3000B3EB420F09D170474FF0FF3070474FF000
:10DC4000FF3070474FF0FF3070474FF0FF30F2E782
:10DC50001F85EB512DE9F04F83B01D4692FBF1FA81
:10DC600047F6FF72192313FB02F35446322CB8BF58
:10DC7000322493FBF4F3D21A16B200242746A046AE
:10DC8000A146CDF800A001964FE04FEA840C30F990
:10DC900024B00CF10203C65E1BFB0BFA1BFB06FB58
:10DCA00016FB06F6631C30F923200CF10603C35E55
:10DCB00012FB02FE4FEAAE0E0EEBAA0E12FB03FAA7
:10DCC0004FEAAA0A0AEBAB0A13FB03F39A1002EB22
:10DCD000A602A31C30F923600CF10A03C35E16FBF5
:10DCE00006FB0EEBAB0B16FB03F60AEBA60613FBCB
:10DCF00003F302EBA303E21C30F922200CF10E0C1B
:10DD000030F90CC012FB02FE0BEBAE0E12FB0CF254
:10DD100006EBA2021CFB0CFC03EBAC0309EBAE29E7
:10DD200008EBA22807EBA3270434CB1EA342ACDCEC
:10DD3000DDF800A0019E2868A9EB000939FB06F96F
:10DD400000EB490028606A68A8EB020838FB06F877
:10DD500002EB48026A60AB68FF1A37FB06F703EB79
:10DD60004703AB6020EAE070286022EAE2726A6052
:10DD700023EAE373AB608342B8BF0346D22B0EDCC9
:10DD8000B5F90E20142313FB02F3B3F5004F4EDA5E
:10DD9000142010FB02F000B203B0BDE8F08F1DF0BC
:10DDA00061FF04B2A8681DF05DFF0FFA80F82046FD
:10DDB0001DF058FF07B240461DF054FF06B208FBA5
:10DDC00004F06B689842A8BF1846686014FB08F11D
:10DDD0000131FFF747FC0014BB1B002BB8BF5B42AF
:10DDE00047F6FF7414FB03F401373E4494FBF6F44A
:10DDF00024B210FB00F0C0F180401DF033FF10FB97
:10DE000004F242F3CF32B5F90C30D21A92FBFAF297
:10DE100012FA83F31BB2AB81B5F90E20054991FBD1
:10DE2000FAF10A449342B8BF1346EB81A8E747F6DC
:10DE3000FF70B1E771FDFFFF2DE9F04FABB006AF0A
:10DE400079627B630023FB6540F2FC46D7F8B8108B
:10DE50008E42A8BF0E46C0F89438151E40F3968631
:10DE60000446002940F39686012900F0A280236829
:10DE700004EB030BE26E40F603039A4200F0A48029
:10DE8000636F3B62D4F8A820D7F8BC309A42A8BF91
:10DE90001A46BA6207F15C0242F21F715846FFF758
:10DEA0001BF84FF0FF33C4F88C30236F022B00F0C7
:10DEB0008E800023BB61324629462046FFF780FC56
:10DEC000C4F8A000D4F890A09AFBF5F8D4F89430E8
:10DED0003B6323BB0AEB4A039B0093FBF5F300EB88
:10DEE0004000800001460028C0F2818003EBD3721D
:10DEF000521002EBE10292FBF3F2B242A8BF3246AB
:10DF000002FB03F3DB00864981FB0301DB17C3EB54
:10DF10006103C4F8A030012AB8BF01221646022EC0
:10DF200067DDD4F8A020FA6208EB4803B2EBC30F18
:10DF30005FDBB8F1310F07DC08FB06F3B3F5967F22
:10DF400057DBB2F5166F54DB08FB06F3DB00BB6052
:10DF5000216FF961E36A3B61A26A7A6102920193DF
:10DF6000002300933B6B4246F86AFFF757FCE36FD0
:10DF700040F6B932934200F0D58040F6BA3293426F
:10DF800000F04081D4F88C30002BC0F2BE8040F20B
:10DF9000471202FB03F94FEA2929E26E40F601031A
:10DFA0009A4240F0C180B9F1730FA8BF4FF07309D6
:10DFB000BAE0D0F8903005EB8502B3EB420F7FF466
:10DFC00056AF6FF0010078E000233B625AE7A36F81
:10DFD000012B02D10023BB616DE704F58073D4F8F7
:10DFE00090202946786AFFF735FEB86163E7C11DC6
:10DFF0007CE7D4F8DC00D4F8EC200AB940F24D42BA
:10E0000008B94FF47A70B8F1640F0BDCB8F1190F4E
:10E010000AD1B0F57A7F07D04FF0000901254FF003
:10E0200032082BE040F2EA30B8F1100F23DCD7F8C9
:10E03000B830012B0BD0B0F57A7F05D0322393FB9B
:10E04000F8F90325984619E0B8F10A0FF6D0B8F1AF
:10E050000C0FD4BF0125002506D04FF000094FF466
:10E060007A704FF0100809E04FF000094FF47A7011
:10E070004FF0190802E04FF000094D46B0F57A7FE5
:10E080001FD040F2EA33984221D040F2E93398425F
:10E0900024D0D4F8BC3041461EF05DF97B6B18707B
:10E0A00028431870012D1FDD02208642B8BF0646A6
:10E0B000032D1BD0D4F89430E3B19437BD46BDE8AE
:10E0C000F08FB2F58A6FDCDB40F24F42E1E740F2BD
:10E0D0004E439A42D9D140F24D42DAE7B2F58A6F07
:10E0E000D7DC4FF48A62D4E70120DEE77B6B83F84C
:10E0F0000190DFE732460146786B1FF010F808B94F
:10E100003046DAE76FF00200D7E7E36EB3F5006F51
:10E1100002D04FF0300907E04FF0730904E000BF70
:10E12000ABAAAA2A4FF07F09A36F7B6013F57A7F11
:10E1300002D0FB69022B68D0FB69022B69D0FB6916
:10E14000C4F8BC30D4F8BC10F9607B6902933B6919
:10E150000193002300933B6B4246F86AFFF75EFB96
:10E16000E26E40F603039A4264D0D4F8883013F587
:10E170007A7F64D0C4F8DC30D4F8DC2040F2EA3393
:10E180009A420CD0954A82FB0A324FEAEA73C3EBFB
:10E190006213AB4203DD40F2EA33C4F8DC30D4F85A
:10E1A000B0301BB140F2EA33C4F8DC30FB68012B1D
:10E1B00000F0B28000236364D4F8DC307A69029204
:10E1C0003A690192BB6100933B6B4246D4F8BC10A4
:10E1D000F86AFFF723FB804640F2EA33BA699A42B5
:10E1E00006D0D4F8F8301BB9636D002B00F0138112
:10E1F000FB69022B00F0AB80DFF8E4E1DFF8E4C15B
:10E200000023C3E04FF000098EE77B68C4F8BC3000
:10E2100098E7D4F8BC30022B07D046F2A81383420B
:10E2200006DAFB69C4F8BC308CE745F6D813F6E78C
:10E230000123F7E740F2EA33C4F8DC309CE7D7F873
:10E2400018E0CEF5FF4C0CF17F0C0FFA8CFC4FF46C
:10E250007A4333FB0CF348F6A04131FB0EF1490041
:10E2600001EB43014FF47A5333FB0CFC33FB0EF309
:10E270005B0003EB4C0309FB09FCA1EB030E0EFB57
:10E280000CF103EBA133B2F5006F39D0D4F8E020E4
:10E2900040F2EA318A4236D0002A01DD03F57A6382
:10E2A000834233DC40F2EA33C4F8DC30236B4BB1F9
:10E2B000C9F180037A69B2EB231F03DD4FF47A734F
:10E2C000C4F8DC30D4F8B830A36333B1B9F1640FCB
:10E2D00003DD4FF47A73C4F8DC30B8F1320F18DD87
:10E2E00042F2283305FB03F34FEACA0293FBF2F331
:10E2F000B3427FF741AF40F2EA33C4F8DC303BE78A
:10E3000003F5FA53C2E7A3F57A63C9E74FF47A73CA
:10E31000CAE741F27073E5E7D4F8E430022B7FF4EA
:10E3200049AF636C002B7FF445AFD4F8DC2040F29A
:10E33000EA339A423FF43EAFD4F8E0209A423FF4E9
:10E3400039AF012363640223C4F8BC3034E77B682F
:10E35000012B04D0DFF890E0DFF890C050E7DFF841
:10E3600080E0DFF880C04BE75EF8231009FB09F27C
:10E370005CF82300401A00FB02F201EBA23107F126
:10E38000900202EB830242F8541C0133072BEBDDB1
:10E3900040F2514107E01044404529DD013940F287
:10E3A0004D42914224DDA1F24E42530007F190000C
:10E3B00000EBC20252F8540C013307F1900202EB59
:10E3C000830353F8542CD4F8F830002BE4D1D4F85C
:10E3D000F0C08C45DFDB801ADEE700BF1F85EB5104
:10E3E00078DA060098DA060038DA060058DA06000D
:10E3F000C4F8F010C4F8EC106BB940F2EA33BA6913
:10E400009A4208D0A36D33B9B1F58A6F03DB40F2AD
:10E410004F43C4F8EC30D4F8EC20D4F884309A425E
:10E4200001DDC4F8EC30D4F8803013F57A7F01D0E8
:10E43000C4F8EC3040F2EA33BA699A420DD043F6A0
:10E440009723BA689A4208DCD4F8EC2040F24F4394
:10E450009342A8BF1346C4F8EC3045F6C0539A4522
:10E4600008DCD4F8EC30B3F58A6F03DD4FF48A632F
:10E47000C4F8EC30BAF57A5F08DCD4F8EC30B3F5C8
:10E480008A6F03DB40F24F43C4F8EC3042F6E0639E
:10E490009A4507DCD4F8EC2040F24E439A4201DD65
:10E4A000C4F8EC30BAF5FA5F07DCD4F8EC2040F29F
:10E4B0004D439A4201DDC4F8EC30BA6A40F6C471AB
:10E4C0005846FEF709FDD4F8DC3040F2EA329342B8
:10E4D00042D0D4F8B0201AB140F24D42C4F8EC203A
:10E4E000D4F8EC90B3F57A7F41D0D4F8DC2040F238
:10E4F000E9339A4243D0D4F89020344981FB023169
:10E50000D317C3EB2113AB4204DAD4F8DC10B1F516
:10E510007A7F09D102EB42012C4880FB01C0C91768
:10E52000C1EB2011A94253DAD4F8DC10B1F57A7F9F
:10E530002DD0D7F8D8200492BA6A03920022029212
:10E54000D7F8B82001927A6B009295FBF3F2796AC2
:10E5500020461EF05EF8B0E5D4F8EC1040F24E42D2
:10E560009142B6D140F24F42C4F8EC20B1E7B9F580
:10E570008A6FBADB40F2E933C4F8DC30B5E7B9F5AD
:10E580008A6FB8DA4FF47A73C4F8DC30B3E751001D
:10E590000E4880FB0160C917C1EBE001A9420DD014
:10E5A00002EB4202094880FB0210D117C1EBE001E7
:10E5B000A942BED1D217C2EB2013BAE7034981FBAF
:10E5C0000231D317C3EBE103B3E700BF1F85EB5163
:10E5D000731EFB621A467B6B591C07F160001CF02E
:10E5E00057FD386A4319BB62226F02FB03F35B00DD
:10E5F000073323F00703ADEB030D0DF1180CC7F83B
:10E6000030C0D4F8AC30191A02FB01F1883100FB9C
:10E6100002F2520004EB410160462AF0CFF93C209F
:10E620001DF048FAD4F8C430C3EB002040F2D732D2
:10E6300030FB0230C4F8C40000121DF051FAE36E42
:10E64000B3F5006F00F05381236F3A6A02FB03F2C7
:10E65000D4F8901002910193009504F1CC03396B2A
:10E6600001EB42020321786AFFF776F9B9F58A6F68
:10E6700080F2538140F24E43994580F2538140F23B
:10E680004D43994540F050810D2242F21C7158468D
:10E69000FEF722FCD4F8BC2042F218715846FEF76F
:10E6A0001BFC4FF0FF3240F6A2715846FEF714FCF7
:10E6B000D4F8DC30B3F57A7F40F03A81206FD4F89B
:10E6C000901001FB00F3CD4A82FB032CDA17C2EB5A
:10E6D000EC125200D31D23F00703ADEB030D0DF137
:10E6E000180AC7F81CA0D4F8DC30B3F57A7F07D03D
:10E6F000D4F8E0C0634503D0BCF1000F00F35D81A6
:10E70000D4F870A0D4F8AC20BB6AD11A01FB0AF18E
:10E71000002940F3688105FB0AF18831531B3A6AEE
:10E720009B1A03FB0AF27A62520004EB410104F5E2
:10E7300088702AF051F97A6A02F18800BB6A0AFBF4
:10E7400003F25200396B04EB40002AF037F9B4F9B8
:10E75000C82047F6FF739A4240F0528147F6FF7394
:10E76000A4F8C830D4F8DC2040F2E9339A4200F033
:10E77000598145F6C0534345B8BF4346A3F5BB4353
:10E78000403B5B00B3F5804FA8BF4FF48043E36587
:10E79000D4F8FC30002B00F04B81D4F8DC2040F2A0
:10E7A000EA339A4217D0FB6FB3FA83F3C3F1200127
:10E7B0007B6F5B1A113340F2E9318A4200F07081BD
:10E7C00000210B44F96AB3EBC10F04DC40F2E933DA
:10E7D0009A4200F067810023C4F8F430D4F8DC30AA
:10E7E00040F2EA32934200F064814FF0110AB3F52F
:10E7F0007A7F00F06181D7F82C80414607F16000F4
:10E800001CF00CFDC7F828804FF00008D4F8DC207D
:10E8100040F2E9339A4200F06281002242F22C7108
:10E820005846FEF759FB524642F21A715846FEF717
:10E8300053FBD4F8DC30B3F57A7F12D0D4F8E02063
:10E84000934202D0002A00F35681FB6FB3FA83F3A0
:10E85000C3F120037A6FD21ABB6AB2EBC30F40F345
:10E860006A81D4F89010D4F8BC304A4691FBF5F197
:10E87000D4F8DC001DF06FFDD7F834C08CF8000030
:10E88000FB6FC4F89438D4F8DC10C4F8E010D4F866
:10E89000BC20C4F8E420C4F8E8500022C4F8F820F2
:10E8A000B3FA83F3C3F120037A6FD21AFB6AB2EB97
:10E8B000C30F40F35A81012E40F3708100238CF87E
:10E8C0000130C4F894384FF0010808F10100D4F881
:10E8D0009430002B7FF4F1AB32460146786B1EF08A
:10E8E0001EFC002840F05E813046FFF7E6BB236F38
:10E8F0003A6A02FB03F2D4F8B4100391D4F89010F2
:10E9000002910193009504F1CC03396B01EB4202B3
:10E910000146786AFEF7D8FFA8E6B9F58A6F05D1F7
:10E920001322B2E61122B0E61522AEE61522ACE6BD
:10E93000002240F6A6715846FEF7CEFAE36C2BBBD8
:10E94000022242F212715846FEF7C6FAD4F8DC20D1
:10E9500040F2E9339A421BD0D4F89430002B3FF4B4
:10E96000ADAE012240F6A6715846FEF7B5FAD4F8CE
:10E97000982040F6B4715846FEF7AEFAD4F8A020BD
:10E9800040F6A2715846FEF7A7FA97E60022D8E7AC
:10E99000D4F89430002B3FF491AED4F8A020636AF1
:10E9A000D21A40F6A2715846FEF796FA002240F6B7
:10E9B000B4715846FEF790FA80E6D4F8AC30D7F838
:10E9C00020C0A3EB0C0C0D4B83FB013ECB17A3EB3C
:10E9D000EE13634403FB00F1883104EB4101504620
:10E9E00029F0ECFF8CE602FB0AF252003B6BA3EB32
:10E9F000410104F5887029F0E1FFA8E61F85EB517D
:10EA0000FB6D59685B6BD4F8900004900393236FFF
:10EA100002930195009147F6FF73396B08461DF08C
:10EA200039FD9BE6D4F8BC30012B7FF4B1AEA0E6F3
:10EA3000216F02297FF4B1AEB4F9C030B3F5804F35
:10EA400004DBE26DB2F5804FBFF6A7AEE06D0FFAC2
:10EA500080FCB3F5804F1DD09AB2520012B2BCF5C3
:10EA6000804F1AD083B25B001BB2F86DD0F804C09F
:10EA7000406BD4F890E0CDF810E00390029101953E
:10EA8000CDF800C0396B08461DF09EFCE36DA4F87C
:10EA9000C03082E647F6FF72E1E747F6FF73E4E72E
:10EAA00014218EE60C22002107F160001CF044FBCB
:10EAB00091E64FF0000A9AE6FB6FB3FA83F3C3F1D5
:10EAC00020027B6FA3EB020808F107084FEAE80871
:10EAD00007F160001CF0B0FBC7F8288096E6636E73
:10EAE000FB63A36E3B6407F13C0242F22C71584673
:10EAF000FEF7F2F997E640F6BC715846FEF7ECF9DE
:10EB0000D4F89030294981FB0321DA174FF0000A2D
:10EB1000CDF804A00223009307F13C03C2EBE112FD
:10EB2000F9695846FCF7B4FD524642F21271584654
:10EB3000FEF7D2F989E6D4F8942040F6A67158463B
:10EB4000FEF7CAF907F160030193BB6A0093002343
:10EB50002A46396B5846FCF79BFDB0F10008BFF61A
:10EB600080AE6FF00200FFF7A8BAB1F57A7F7FF4AC
:10EB7000ACAE7A6B01E008F1FF38B8F1020F7FF715
:10EB8000A4AE12F80830002BF5D09EE64FF0FF300F
:10EB9000FFF793BA4FF0FF30FFF78FBA6FF0010025
:10EBA000FFF78BBA6FF00200FFF787BA1F85EB51B2
:10EBB000F0B58BB004460D4616461F46D0F890209F
:10EBC000D0F89C103046FEF7DFFF02460023089382
:10EBD0000A490791216F06916FF001010591049395
:10EBE0000396029510230193109B00933B46294600
:10EBF0002046FFF721F90BB0F0BD00BF7DC5050031
:10EC00000EB430B582B0044605AA52F8043B05683C
:10EC100005440192B3F57D6F3ADAB3F57A6FC0F22D
:10EC2000E582A3F57A632F2B00F2E782DFE813F089
:10EC3000770092009D00BB00E6000801A501B3012A
:10EC4000140139015C016B01760180018B019A018D
:10EC500045015001E502E502CB01D601CB00DB0006
:10EC6000E201F501E50202029A021D02E502290213
:10EC7000E502E502E502E50235024202E502E502AF
:10EC80004E0261026D027602E502E50280028D020B
:10EC900042F6FA22934200F08E8214DD42F60A32E6
:10ECA000934200F0848142F60B32934234D1019BAF
:10ECB0001A1D01921B68002B00F0A482D0F88C2052
:10ECC0001A60002094E242F22872934200F082829D
:10ECD00042F22A7293420BD1019B1A1D01921A68CB
:10ECE000C0F8FC2042F22A712846FEF7F5F87FE2D0
:10ECF00042F21F7293420CD1019B1A1D01921A68B5
:10ED0000002A00F07F8242F21F712846FEF7E4F8E5
:10ED10006EE26FF004006BE26FF0040068E2019BAA
:10ED20001A1D01921B68A3F50062012A06D940F65C
:10ED30000302934202D04FF0FF3059E2D4F8F8209A
:10ED40002AB9E26E9A4202D04FF0FF3050E2E366F9
:10ED500000204DE2019B1A1D01921B68002B00F060
:10ED60005182C26E1A60002042E2019B1A1D01927C
:10ED70001B6813F57A7F12D0B3F1FF3F0FD0002B41
:10ED800040F34082B3F5FA7F07DD026FA84901FB2B
:10ED900002F29A4203DA134601E04FF4FA73C4F820
:10EDA000A430002024E2019B1A1D01921D68002D51
:10EDB00000F0288240F2FC42D0F8E810FEF700FD97
:10EDC0002860002014E2019B1A1D01921B68002B91
:10EDD00002DD026F9A4203DA13F57A7F40F0128265
:10EDE000A367002004E2019B1A1D01921B68002BFF
:10EDF00000F00882826F1A600020F9E1019B1A1D61
:10EE000001921B68A3F24D42042A00F2FB81C0F874
:10EE1000843040F24D42934208D040F24E42934239
:10EE200009D04FF47A5343610020E1E14FF4FA53E3
:10EE300043610020DCE142F6E06343610020D7E15A
:10EE4000019B1A1D01921B68002B00F0DB81D0F89A
:10EE500084201A600020CBE1019B1A1D01921B68DF
:10EE6000A3F24D42042A03D913F57A7F40F0CA81F8
:10EE7000C4F8803040F24D42934208D040F24E42F6
:10EE8000934209D04FF47A5363610020B0E14FF40C
:10EE9000FA5363610020ABE142F6E0636361002056
:10EEA000A6E1019B1A1D01921B68002B00F0AA81AC
:10EEB000D0F8EC201A6000209AE1019B1A1D019203
:10EEC0001B68012B00F29E81C0F8B83000208FE152
:10EED000019B1A1D01921B68002B00F09381D0F852
:10EEE000B8201A60002083E1019B1A1D01921A6864
:10EEF0000A2A00F28781C26240F6AA712846FDF70D
:10EF0000EBFF002074E1019B1A1D01921B68002B8E
:10EF100000F07881C26A1A60002069E1019B1A1D25
:10EF200001921B68012B00F26D81036300205FE1F9
:10EF3000019B1A1D01921B68002B00F06381026B7C
:10EF40001A60002054E1019B1A1D01921A68642A7C
:10EF500000F25881826240F6AE712846FDF7BCFF90
:10EF6000002045E1019B1A1D01921B68002B00F057
:10EF70004981826A1A6000203AE1019B1A1D0192C0
:10EF80001B68012B00F23E81C0F89430C3F10103ED
:10EF9000C36300202CE1019B1A1D01921B68002B0A
:10EFA00000F03081D0F894201A60002020E1019B0D
:10EFB0001A1D01921B685A1C652A00F22381C0F8B1
:10EFC0008C30002014E1019B1A1D01921B68012B5B
:10EFD00000F21881C0F89830002009E1019B1A1D49
:10EFE00001921B68002B00F00D81D0F898201A6068
:10EFF0000020FDE0019B1A1D01921B6813F57A7F2A
:10F0000008D040F6B932934204D040F6BA32934267
:10F0100040F0F880E3670020EAE0019B1A1D0192AE
:10F020001B68002B00F0EE80C26F1A600020DFE04A
:10F03000E0930400019B1A1D01921968002900F059
:10F04000E180D0F89030714A82FB0302DB17C3EBFA
:10F05000E2130B60E06E40F60302904200F0D080B5
:10F06000626F13440B600020C2E0019B1A1D0192E5
:10F070001B68002B00F0C680D0F890201A6000209A
:10F08000B6E0019B1A1D01921B68002B00F0BA80AC
:10F09000D0F894281A600020AAE0019B1A1D019262
:10F0A0001B68A3F10802102A00F2AC80C0F8A83057
:10F0B00000209DE0019B1A1D01921B68002B00F0AF
:10F0C000A180D0F8A8201A60002091E0019B1A1DB1
:10F0D00001921A68A2F59C53083B092B00F292801A
:10F0E000C0F89C2040F6C8712846FDF7F5FE0020C8
:10F0F0007EE0019B1A1D01921B68002B00F08280AC
:10F10000D0F89C201A60002072E0019B1A1D019229
:10F110001B68012B76D8C364002069E0019B1A1D8F
:10F1200001921B68002B6DD0C26C1A6000205FE05A
:10F13000019B1A1D01921A68012A63D840F6CE710C
:10F140002846FDF7C9FE002052E0019B1A1D0192DE
:10F150001A68002A56D040F6CF712846FDF7BCFE4B
:10F16000002045E040F2DC720021BC3029F04EFC6A
:10F1700040F6BC712846FDF7AFFE236FC4F8BC30E3
:10F180004FF48043A4F8C03047F6FF73A4F8C830AA
:10F190000123C4F8F83040F2E933C4F8DC3040F21F
:10F1A0005143C4F8EC303C201CF084FC0002C4F84D
:10F1B000C40000201CE0019B1A1D01921B68A3F5EE
:10F1C0007A72022A02D913F57A7F1BD1C4F88830EB
:10F1D00000200DE0019B1A1D01921A68C0F8B020B2
:10F1E00042F228712846FDF777FE01E06FF0040037
:10F1F00002B0BDE8304003B070476FF00400F7E79D
:10F200000020F5E74FF0FF30F2E700BF1F85EB511C
:10F210008446B1F5807F02D9B0FBF1F070474B42D4
:10F220000B40B3FA83F3C3F1200221FA02F207483C
:10F2300050F82220C3F11F032CFA03F3A2FB032092
:10F2400000FB11C38B4228BF0130704714B5060084
:10F250002DE9F04F93B002AF3A60D7F86880FC6EAA
:10F26000B7F97050BD6001EBD1714D107D6002EBBC
:10F27000D2794FEA6909D8F8002002EBD272521015
:10F28000C8F8002004EBD4746410FC6103EBD37362
:10F290005B103B6221F00103C618B2EB610F02DB89
:10F2A0006B1EC8F80030D8F800B07D686B1C9B005E
:10F2B000073323F00703ADEB030D0DF10F0A4FEAFF
:10F2C000DA042AF0070A07F13C03019307F1380337
:10F2D00000933B6AA6EB4B02314630461DF05CFAC8
:10F2E000BB6BCAF80030012128463D6A11E0C1EB32
:10F2F000C17236F9122012FB02F21A446B1A36F967
:10F30000133013FB03F3D31A23EAE3724AF82120E4
:10F3100001318142EBDD4FEA8B0353F834203A612F
:10F32000FB6BFB60B96B18461DF036FBB861C7F884
:10F3300014B00225C7F824B08346C7F8688038E0C7
:10F340007B6A03EB00087A6890454DDD98464BE0F8
:10F35000BA6845F69A1313FB0BF31146C2EBE3337D
:10F3600042F2656C634577DD45F69A1313FB0BF3A8
:10F37000C2EBE3331BB209EB490CA4456FDD46F643
:10F38000CD4313FB0BF3C1EBE33343F232318B423A
:10F3900079DD46F6CD4313FB0BF3C2EBE3331BB22F
:10F3A000834205DAFB6BFB60C7F81080B8617C61B3
:10F3B00001350F2D6DDC4FEA450841467B6A05EBB0
:10F3C0004300FFF725FF0446814562DC022DB7D0DC
:10F3D0005A4B53F825007B6A03FB00F0414605EBCE
:10F3E0004000FFF715FF8046C4EBC471C8EBC8723C
:10F3F00007F13403019307F13C0300933B6A06EBEA
:10F40000420206EB410130461DF0C6F9F86B7B6BFA
:10F4100018444010F8635AF824305AF8282013444E
:10F420004FEA63084246B96B1DF0B6FAFB69E31A6E
:10F430005A1C022A8CD90233042B09D805FB05F388
:10F4400003EB83037A6A934204DABB685A1080E7BD
:10F4500000227EE700227CE742F266638BE7B4EB92
:10F46000490F9DDA47F2333313FB0BF3C1EBE33162
:10F47000B1F5804F0ADB47F2333313FB0BF3C2EBDA
:10F48000E33213B28CE743F2333389E74FF480431E
:10F4900086E7D7F86880FB6823EAE3703B6983421C
:10F4A00007DC47F6FF750024D7F81490D7F820A0A2
:10F4B00016E019460131FEF7D5F80514F3E704EB21
:10F4C0000901C1F10101524606EB410130461DF030
:10F4D0007BF907F1400303EB840343F8180C013474
:10F4E000022CECDD386BBB6AC41AFA6AD11A45F6F5
:10F4F0009A1631FB06F1B4EB410F09DC1B1A121A04
:10F5000032FB06F2B3EB420F16DD4FF0FF3300E0A3
:10F510000123BA69AA4200DBBD617A6903EB4203A9
:10F52000C8F800303A68934201DAC8F80020B86998
:10F530004437BD46BDE8F08F0023EAE7B8DA06009D
:10F540000246002838D0B0FA80F1C1F11F030F2B1A
:10F550002BDD0F3B1A4102F5804212B24FF6872392
:10F5600012FB03F3C3F3CF3303F6F11312FB03F3E0
:10F57000C3F3CF3303F56B439F3312FB03F3C3F3A2
:10F58000CF3303F57653023312FB03F2C2F3CF32CB
:10F59000A2F5D452093AC1F1120080B2800280B2C1
:10F5A00042F30B12104400B27047C3F10F039A40AC
:10F5B00002F5804212B2D1E7004870470180FFFF98
:10F5C0002DE9F04F8DB08246059103920693DDF848
:10F5D0006CB01E9CBDF97C30049300230A930B93FE
:10F5E000189B0233179A93420EDB9CB9874B1D9AE6
:10F5F00033F912300793864B33F912300293DDF85A
:10F6000014800023019397E00322214658461BF003
:10F6100093FDEAE741F23333079300230293EEE7C9
:10F620007C4B0029C0F2B780DDF82490DBF8142071
:10F63000DBF81C30B3FA83F3C3F12003D21A179B13
:10F640009A1A039BA3EB08031C9901FB03F3A3EB9A
:10F6500083031344059988450DD01D2B0BDC172B14
:10F6600009DC49460129A8BF012109910F2B02DCC1
:10F6700041EAE1710991209B33B1B8F1010F03DD3B
:10F68000099B03EAE37309930E2A00F39180012A90
:10F6900040F3A3800999B1F1FF3FC0F29B8001299B
:10F6A000A8BF01210991C81702235B4A80EA4101E2
:10F6B00058461BF04FFD403509998BB29B029BB217
:10F6C000DAF8082006FB0282C3EBE5151A9B23F843
:10F6D0001250A9EB0109B9F1000FB8BFC9F1000937
:10F6E000019B4B4401938A02029B13FB04F380337A
:10F6F00007EB232303EB414348488342B8BF03464B
:10F700004033DB11DAF8080006FB0080169C24F871
:10F71000103007EB414742F30F22079B13FB02F225
:10F72000BF1A0CAB03EB860343F8087C01361C9B25
:10F73000B34205DC08F10108039B98455DDA002619
:10F74000DAF8083006FB0383069A32F9132016997B
:10F7500031F9133032499942B8BF19460C46029923
:10F7600011FB04F580352D12C5EBC2150CA901EB78
:10F77000860151F8087CED1B05F58031491409918B
:10F780000498181A10F5E04FFFF64AAF9BB20498A0
:10F790001B1A1BB245E793427FF746AF9B1A01EB5A
:10F7A000A321099100297FF73FAF002309933BE78D
:10F7B0004346142BA8BF1423199A12F81320199941
:10F7C00001EB43035B789B01D20109A958461CF069
:10F7D0000BF970E74FF0FF3164E7002A03DC4FF0CC
:10F7E000FF33099367E7099901EAE1710991012261
:10F7F000494258461BF0A0FC5DE7209B0BB100235B
:10F80000019301980DB0BDE8F08F00BF4CDC0600FD
:10F8100054DC06000090FFFFF8DA06000000C8FF85
:10F8200000DCFFFF2DE9F04FAFB00CAF82468B46F6
:10F830007A62D7F8C040D7F8C460D7F8D010A1B921
:10F84000D7F8D810A1B9D7F8D4100968A2EB0B02E9
:10F8500006FB02F2B1EB420F0ADDD7F8CC108A4268
:10F8600006DA0122C7F8D02002E00122C7F8D02032
:10F87000D7F8D4201268D7F8B81001FB02F1D7F8F6
:10F88000DC2001FB02F27102B2FBF1F27A61DAF8DC
:10F8900008900196CDF800905A46D7F8B410D7F8E2
:10F8A000B0001DF0EFFAF8616269E369B3FA83F31F
:10F8B000C3F12003A2EB030808F10303D7F8B82033
:10F8C000934204D90023C7F8D030C7F8D8307B6AF8
:10F8D000A3EB0B030A2B09DDD7F8CC30DD01B5F51E
:10F8E000804FA8BF4FF480452DB201E04FF4804512
:10F8F000D7F8E0300BB14FF4406507F1580CA6463D
:10F90000BEE80F00ACE80F00BEE80F00ACE80F0047
:10F910009EE80F008CE80F0006FB09F25200D31D91
:10F9200023F00703ADEB030D0DF13009ADEB030D33
:10F930000CAB3B62D7F8B410484629F03FF8D7F833
:10F94000D83023B9D7F8D030002B00F0BB80542337
:10F95000D7F8C82002FB03F32A33764A1344D7F8BA
:10F96000E0200A92099501220892D7F8C820079250
:10F97000069605943A6A04920393CDF80880D7F866
:10F98000B8300193CDF80090D7F8B0307A6A594674
:10F990005046FFF715FEB861D7F8D030002B40F085
:10F9A00095802046FDF75CFD786007F1280CA6469F
:10F9B000BEE80F00ACE80F00BEE80F00ACE80F0097
:10F9C0009EE80F008CE80F003B6FBA6AD1183961CE
:10F9D0003A6CD21AFA60D31D23F00703ADEB030D86
:10F9E0000CABBB60184628F0E9FFA44607F1580E9F
:10F9F000BEE80F00ACE80F00BEE80F00ACE80F0057
:10FA00009EE80F008CE80F005423D7F8C82002FBB3
:10FA100003F32A22D7F8D01002FB0133454A1344DE
:10FA2000D7F8E0200A92099500220892D7F8C8205A
:10FA3000079206960594D7F8BC2004920393CDF85C
:10FA40000880D7F8B8300193D7F8B4300093D7F8CE
:10FA5000B0307A6A59465046FFF7B2FDD7F8D83031
:10FA6000002B47D0BB69834208DB43D12046FDF71A
:10FA7000F7FC7B6918447B6898423BDD07F1280559
:10FA80000FCD0FC40FCD0FC495E80F0084E80F0011
:10FA9000FA68B968386928F091FFDAF8082006FB9F
:10FAA00002F252004946D7F8B40028F087FFDAF88E
:10FAB000082006FB02F25200396AD7F8BC0028F091
:10FAC0007DFF1AE0D7F8D030BB616AE7DAF808208A
:10FAD00006FB02F252004946D7F8B40028F06EFF48
:10FAE000DAF8082006FB02F25200396AD7F8BC00A7
:10FAF00028F064FFD7F8D0303BB1D7F8D430FA699A
:10FB00001A608C37BD46BDE8F08F0B4BD7F8C82084
:10FB100033F9123013FB03F343F3CF33D7F8D42078
:10FB2000126832FB03F2FB6903EB4202D7F8D430D0
:10FB30001A60E6E7FCDA060054DC06002DE9F84F0F
:10FB40008046894692469B460A9E00272EE0D8F8BA
:10FB5000085007FB05455BF82500FFF7F1FC80B274
:10FB6000144B1B579BB29B019BB2C01A26F8150081
:10FB7000D8F8083007FB034336F8132002F500627B
:10FB800026F8132001344C45E1DB4B4608E0D8F859
:10FB9000082007FB02324FF4484126F812100133C7
:10FBA0005345F4DB01370B9B9F4201DA0024EAE75F
:10FBB000BDE8F88F5CDC06008446B1F5807F02D991
:10FBC000B0FBF1F070474B420B40B3FA83F3C3F143
:10FBD000200221FA02F2074850F82220C3F11F0345
:10FBE0002CFA03F3A2FB032000FB11C38B4228BFB6
:10FBF0000130704714B506002DE9F04F8BB0059029
:10FC00000C46079206931498159EDDF858C0DDF84F
:10FC10005CA0229B4FEAC309012BD4BF0023012320
:10FC20000893239BDB00099300224FF0400E1146FE
:10FC3000CDF808E0DDF860B023E05AF822509D428C
:10FC4000D4BF7F19FF18012513465A1EA34211DDA8
:10FC500056F822300EFB03F350F8221001EBA313E9
:10FC60005CF822109942E8DD002DE6D19945EBDCE5
:10FC70004F44E9E7019942465F4512DDCDF808E0BF
:10FC80000132052A0FDC029B01EB030E4FEA6E0ED8
:10FC9000079D4FF00008474601912B464546904688
:10FCA000D3E77146ECE78846DDF87CB0079B002778
:10FCB0003D4609E001275AF822108B42A8BF0B46A7
:10FCC0004BF822301D4413465A1EA34213DD50F850
:10FCD000223056F8221008FB01F103EBA1135CF867
:10FCE00022109942E6DD002FE5D1994501DC4B4613
:10FCF000E1E73B46DFE7079B0193CDF808900494CA
:10FD0000CDF858C0CDF85CA0DDF870A050E0DDF86B
:10FD10000890049CCDF870A0DDF85CA01A9B189A9E
:10FD20001A4418921C9B002B40F3A980259B002BA2
:10FD300000F09B801B9B1B68019A11469A42A8BF4A
:10FD400019461B9B19600132121B091B24981BF0DA
:10FD500041FA97E00023049902310198814265DA63
:10FD600002FB03F3239A934043F35B03434502DA18
:10FD7000279B9E425ADD0122002124981BF0DCF9CA
:10FD80000835A8F108085BF826305344EB1ABAF19D
:10FD9000000F04DD049AB21A7D4911F802A00AEBA3
:10FDA0000305029B98455CDB1D444BF82630019609
:10FDB000019B5E1E069B9E42A9DD189B5C1B059B5A
:10FDC000D3F81880019B38F91390049A38F912700F
:10FDD000A9EB0702039211462046FFF7EDFE039AB6
:10FDE00000FB124438F91620D71BE41BA9EB0202D2
:10FDF0005BF8263002FB0038002CA8BFA044029913
:10FE000001F10803169951F826108B42B8BF0B4632
:10FE10004345B8DC259BB3B1019B112B9ADD269B92
:10FE20009E4201DA072396E7092394E7DDF808905C
:10FE3000049CCDF870A0DDF85CA001221146249846
:10FE40001BF07AF96EE7012124981BF05AF800287C
:10FE500096D0DDF80890049CCDF870A0DDF85CA089
:10FE600060E700234BF82630A1E7019B591C091BD2
:10FE700024981BF077F820441B9B186002E00023B5
:10FE80001B9A13601B9B1B68A3421BDC189B1E9ACA
:10FE90001344189300231D9A1360189B5D1BDDF813
:10FEA0001480D8F81830019F33F9176033F91430F3
:10FEB000F61A31462846FFF77FFE00FB165623460A
:10FEC000C44622E01E9B002BE4DD259B33B10122BA
:10FED0001D9B196824981BF02FF9DEE70121249857
:10FEE0001BF00FF81D9B1860D7E7DCF818205D1C8D
:10FEF00032F9151032F913E0A1EB0E015BF8232063
:10FF000000FB01224BF823202B46BB42EDDB2246AF
:10FF1000019D059F10E0B969501C31F9103031F98D
:10FF200012105B1AB342A8BF33465BF82210194483
:10FF30004BF82210F61A0246AA42ECDB0023029389
:10FF4000CDF80C90CDF85CA0DDF814A0DDF8809021
:10FF50005FE0022A08DD1D98006838B91B98006828
:10FF6000A04205DC002079E0002077E0002075E069
:10FF7000012073E0FA0008EBA20880E007EB4700DD
:10FF8000B2EBC00F80F2838008EBE1087FE000BF96
:10FF900078DC060059F80530082BA8BF082349F87B
:10FFA0000530FF0007FB03F35BF805204244934252
:10FFB000B4BF00230123219A53515BF8053059F84F
:10FFC0000520229901FB02F2A3EBC2034BF8053096
:10FFD000002E40F3878059F80520C2F108030899E4
:10FFE000033146FA01F18B42A8BF0B461A4449F887
:10FFF0000520229A02FB03F3029AB21AB2EBC30F56
:020000024000BC
:10000000D4BF0122002221994A51A6EBC3030293D7
:100010000134019B9C4267DADAF81830621C33F92C
:100020001220610033F91430D21A239B9A40A500A4
:100030005BF8243002980344012A44DD179850F8F5
:1000400024609E1B26EAE6769B1B4BF82430229800
:1000500002FB00F702283FF47CAF00200744DAF8E7
:100060003000415E0998014407FB01F16FF014086C
:1000700008FB07F808EB6108022A3FF47BAF03EBAB
:100080000802B2EB071FBFF679AF08EBA1084344A3
:1000900003EB870020EAE07049F805003946FFF7D6
:1000A0008BFDC00849F80500229B03FB00F05BF8BC
:1000B0000530B0EBE30F7FF76DAF089A1341DB100B
:1000C00049F8053066E7039A9E1A26EAE6769B1BF6
:1000D0004BF82430002349F824300123219A42F8B8
:1000E000243075E7029693E7199B029A1A600898E4
:1000F0000799209A219D11E05BF824300341DB1021
:1001000042F8243000234BF8243052F82430002BDE
:10011000CCBF0023012345F8243001348C42EBDBB3
:1001200001980BB0BDE8F08F2DE9F04FA3B014AFEC
:100130007961FA621C46D7F86080D7F864A03A6FFC
:10014000D7F88430D7F8889022EAE27185683D6359
:10015000072A28DD4FF0080EA1EB0E023A62022BAF
:1001600024D00022FA6015463A6B9200073222F042
:100170000702ADEB020D14A9F961ADEB020D14A954
:10018000B961ADEB020D0DF1500CC7F810C0ADEB2D
:10019000020D14AE79697D63C7F828E0E646D7F80A
:1001A0002CC07C621BE04FF0000ED5E7FA6A79693B
:1001B000521AB1498D5C3A6AAA420BDB521B072ADC
:1001C00005DD0821F960F968521A3A62CCE700218E
:1001D000F960F8E70022FA601546C5E7013161458C
:1001E0003DDA85694C1C35F9142035F91150521B44
:1001F00002EB420202FA09F242F35B02DD00AA427C
:10020000B8BF2A464EF82120826932F914B032F97B
:100210001120ABEB020B03FB0BFBAAF10502A2EBD7
:10022000090202FB0BFBACEB0102013A02FB0BF2F1
:1002300009F1030B02FA0BF2921146F82120D0F8D3
:1002400018B03BF914403BF911B0A4EB0B0404FACD
:1002500009F4012CC2D1521B46F82120BEE77D6B68
:10026000D7F828E07C6A826A013A4FF0010BBD6042
:10027000C7F804E0D7F810E0B24616465A46C7F869
:100280008890D7F8149042E058F822605E45D4BFB9
:10029000AD195D440121796311464A1E49452DDDA2
:1002A000866936F911B036F91210ABEB010B0BFB76
:1002B00003FBC16A3E6B0CFB0626895D01FB0BFB51
:1002C000D7F888100BFA01FB4FEAAB0BBBF1000F1C
:1002D00004DD5AF82210594421EAE17B54F82260E7
:1002E000B3445EF822605E45CEDD796B0029CBD148
:1002F000D900BBEBC30FCFDB0D44CDE7BA6A7E6AF2
:10030000396AA9420DDA0CF1FF36B2420CDC02EB7D
:10031000060C4FEA6C0CF96A00257D63BA627E62B6
:10032000BBE70CF10102F0E79346BD68D7F804E0A3
:100330005646D7F88890013AD7F814C0C7F834C0A9
:10034000BD62C7F824E01546C7F86080D7F8308052
:10035000C7F8843031E008FB0BC11AF8011001FB2B
:100360000EFE0EFA09FE4FEAAE0E002B04DD56F823
:100370002210194421EAE173BEF1000F04DD56F8A2
:100380002210714421EAE17E002D02DD54F8221092
:100390000B4454F822108E44002901DDC7F834C004
:1003A000AEEB030E2EEAEE71D7F81CE04EF82230C9
:1003B000BB6943F822100CF1010CFB6A9C451FDA63
:1003C000836962460CF1010133F911E033F91C3005
:1003D000AEEB030ED7F884300EFB03FED0F82CA052
:1003E00005FB08C31AF8033003FB0EF303FA09F305
:1003F0009B10816A5945AEDC396E51F82CE0B4E7A8
:10040000BD6AD7F824E0D7F86080D7F88430D7F8F1
:1004100098201392D7F894201292D7F89020119236
:10042000D7F88C201092CDF83C900E93D7F88030FE
:100430000D93FB6F0C93BB6F0B93FB680A93FB6EE2
:1004400009930895BB6E0793CDF818E07B6F059371
:100450003B6A0493CDF80C803B690293BB6901931E
:10046000FB6900937B6BFA6A7969FFF7C5FB3C3740
:10047000BD46BDE8F08F00BF78DC06002DE9F04FE7
:1004800083B0DDF830A00F1EC0F23181834698465C
:10049000974280F2308143689342C0F23081D61B8C
:1004A00000F1C803019303EB470500F108090D9B18
:1004B0004BB106F10043013B35F91330FB2B1FDD37
:1004C0000223009301E00D9B0093012E1BD0022E0E
:1004D0002BD04446022E07DC0E9B002B00F0CB8075
:1004E000009B534580F2C7800D9B002B52D006F134
:1004F0000043013B35F91330FB2B57DD02214AE065
:1005000001230093E1E7019B33F917300133009A8F
:100510001A4400929245C0F2F6809BF8003044469F
:1005200003F0FC0304F8013BD4E7B5F90230019A6B
:1005300032F9172093421BD013440233FB2AC8BF61
:100540000133009A1A440092524500F3E4809BF86C
:100550000030444623F0030343F0020304F8013B58
:100560002146019B33F917001BF06DFD0444B1E7F0
:1005700053000133009A1A4400929245C0F2C7809A
:100580009BF80030444623F0030343F0010304F8D2
:10059000013B9FE70D990123B34209DA35F91300B6
:1005A000B5F90020904209D10133F5E70121F2E7C6
:1005B000002000283CD00231002205E00120F8E7AD
:1005C0000446234419440132731E934205DD35F974
:1005D0001230FB2BF4DD0224F3E706F10043013B6C
:1005E00035F913300B4400939A45C0F298809BF87C
:1005F000003043F00303444604F8023B66F07F03F7
:1006000088F801300E9BABB3009BBAEB030131D0ED
:1006100098F8013043F0400388F801304A1E444BFB
:1006200083FB02C31344D217C2EBE312002318E08A
:10063000019B33F9173006FB03F302330B4400939D
:100640009A4570DB9BF8003043F00303444604F8FE
:10065000023B88F80160D5E74FF0FF0C04F801CBAE
:1006600001339342F8DB5318DBB2013B04F8013B42
:10067000CDF800A080B90D9B8BB94FF0000B26E0A0
:10068000214635F91B001BF0DEFC04440BF1010B85
:10069000731E5B45F4DCEEE74FF0000BF8E706F164
:1006A0000043013B214635F913001BF0CCFC044408
:1006B000E3E707EB0B0335F91B2059F8231020461D
:1006C00028F08AF935F91B301C440BF1010BB345B6
:1006D000EFDB0E9B33B9009803B0BDE8F08F002329
:1006E00004F8013B08EB0A03A342F8D8F3E74FF004
:1006F000FF330093EFE74FF0FF330093EBE74FF04A
:10070000FF330093E7E76FF001030093E3E76FF037
:1007100001030093DFE76FF001030093DBE76FF065
:1007200001030093D7E76FF001030093D3E700BF05
:10073000818080808446B1F5807F02D9B0FBF1F0E2
:1007400070474B420B40B3FA83F3C3F1200221FA06
:1007500002F2074850F82220C3F11F032CFA03F3DA
:10076000A2FB032000FB11C38B4228BF013070475E
:1007700014B506002DE9F04F85B003920E9AB1EB47
:10078000420F04DD80460C461E460F9B13B905B090
:10079000BDE8F08F013B394951F8230047F6FF7758
:1007A00017FB04F54FEAE57900FB02401BF09EFAC7
:1007B000C31705FB03F300FB0933A5FB00500344FB
:1007C000ED0F45EA430515FB05F52D142846FCF70A
:1007D00021FF8246781BFCF71DFF8346B4EBC60F52
:1007E0000ADA002531462046FFF7A4FF0746002419
:1007F00033465E469B4614E0012505FB0552B310C7
:1008000006FB0233A342EDDA0135F6E707FB04F0FD
:10081000009653460122394608EB40001CF0E0FCEC
:1008200001345C45B3DA039B002B0DDA002DEDD0CB
:1008300007FB04F0CDF800A033462A46394608EB02
:1008400040001CF0CDFCE1E707FB04F908EB490987
:1008500073421BB2009353460122394648461CF0AE
:10086000BFFC002DDCD0CAF100031BB2009333465D
:100870002A46394648461CF0B3FCD1E790DC060016
:100880002DE9F04F91B005920293134602F0040255
:100890000092C3F3C20210F00303019340F02D82D3
:1008A00080468A460132041D00284FD0B8F1000F5F
:1008B00005D0A4EB08030433534500F22182029BC8
:1008C0005D1E019B04930693039300264FF0FF3BAC
:1008D0000427B946B8F1000F01D0029B2360531ED4
:1008E0000793002A40F35F81059B13F0020228D092
:1008F0000120A4EB08018B081AB1B1F5007F80F04C
:10090000058203990F2900F20482B8F1000F00F06C
:100910006281DBB201F140026A4402F8103C02F845
:1009200020BC002800F0538163F07F0301F14002F6
:100930006A4402F8103C049B01330493039B013387
:10094000039304340022CC4640463DE001F0070A00
:100950005444CAF1080AA9E7002634E0002632E030
:10096000002630E00827BC462DE025292BD10BF1CD
:10097000010B01260427BC4625E04729EED82A2989
:1009800014D32A39C9B24FF0010E0EFA01F14FF615
:10099000DA7E11EA0E0F16D111F0625F40F0C180CD
:1009A00011F0010F40F08C8000260CE0252903D1C6
:1009B0000BF1FF3B002606E001D9002603E02029C9
:1009C00001D02329CCD11D466B1C6978002900F089
:1009D0001B81002EC9D07A29BED84C29CDD34C39E1
:1009E0002E2961D80FF2040E5EF821F0C709040029
:1009F000A90A0400A90A0400A90A0400A90A04001B
:100A0000A90A0400A90A0400A90A0400A90A04000A
:100A1000A90A0400A90A0400A90A0400B90A0400EA
:100A2000A90A0400A90A0400A90A0400A90A0400EA
:100A3000A90A0400A90A0400A90A0400A90A0400DA
:100A4000230B0400A90A0400B90A0400B90A04002F
:100A5000230B0400230B0400230B0400C70904002C
:100A6000B90A040065090400A90A0400C7090400C2
:100A7000A90A04007F0B0400B90A04007F0B0400DC
:100A8000A90A0400A90A0400870B0400B30A0400A1
:100A9000B90A0400A90A0400A90A0400B90A04005A
:100AA000A90A0400AD0A040000268CE70427BC460E
:100AB00089E70427BC4686E729786C2925D00026DB
:100AC0003C44013CB4FBF7F407FB04F4254620B199
:100AD000211A6144514500F21681002A58D1BCF117
:100AE000040F00F08980BCF1080F40F015811A99BD
:100AF000073121F0070101F108051A95D1E90089B4
:100B000008B1C4E9008908345DE713F8021C6C29B8
:100B100003D000260427BC46D2E700260827BC469F
:100B2000CEE729784C291AD01A99073121F007010C
:100B300001F108061A96D1E90067073424F007048A
:100B400040B1211A0831514513D829784C2913D0C6
:100B5000C4E90067083400260827BC4633E71A9921
:100B6000073121F0070101F108061A96D1E9006763
:100B7000E3E76FF01B00BDE0C4E90067EAE7002689
:100B80000427BC469CE7324600260427BC4697E76C
:100B90002C46E14680461A9A111D1A91126802925B
:100BA000079A1D4696E6624B029A9A4204D3614B1D
:100BB0009A420AD3002300E00023002B7FF494AE76
:100BC000059B03F00202002093E60123F5E7069B54
:100BD00001330693B2E610B10AF1010AAEE6009BBA
:100BE00013B10AF1020AA9E60298F6F767F900EBD9
:100BF0000A0303F1020AA1E61A990D1D1A95096864
:100C000000B121600434DEE68046231AB3F5806F1C
:100C100080F0858090B1002202609B080370009BE9
:100C200083B1069BC370049B88F802301BBB019DF7
:100C3000DDF80C90DDF810B0029F3DE05344A3F1C5
:100C4000080057E0069B4370EDE701339842EED968
:100C500003F140026A4412F8101C12F9102C002A09
:100C6000F3DA01F07F01A4EB08020132524559D8B2
:100C700004F8011BE9E7019B0398E7E7009B43B3F6
:100C800005F140036B4413F8203C04F8013B019E3E
:100C9000A4EB080333440133534546D805F1400320
:100CA0006B4413F8103C04F8013B324639462046A9
:100CB00027F084FE34440135A94519D9BBF1000F52
:100CC000DCD005F140036B4413F9103C002BD5DA5E
:100CD000F1E705F140036B4413F8103C58F823701A
:100CE000002248F823203846F6F7E8F8461CCFE7FC
:100CF000A4EB080011B0BDE8F08F6FF00D00F9E72C
:100D00006FF01B00F6E76FF01B00F3E76FF01500C4
:100D1000F0E76FF01500EDE76FF01500EAE76FF010
:100D20001500E7E76FF01B00E4E76FF01B00E1E759
:100D3000408A06004C210700014B1860704700BF35
:100D40004009002080B505460E461746984613F028
:100D5000FFFF034627F06AFE0446DFF8189049F8C3
:100D60000030424639463046A84754F8090002F0A0
:100D700047FE00BF080000002DE9F04383B00446A1
:100D800008461546238B13F0080F05D103F007061C
:100D900000230093019354E0012909D043F020037C
:100DA000238385F31188BFF36F8F03B0BDE8F08311
:100DB00043F010032383F4E720461CF0ABFF42E02E
:100DC000D4F814904A46694620461CF0BCFF4FF008
:100DD0000008238B03F00707B74269D0A268002AF6
:100DE00066D0012243F00803238385F31188BFF303
:100DF0006F8F002A64D1009B2BB14B463A4669465F
:100E000020461DF019F8B8F1000F02D034492046F1
:100E1000C047EFF31185402383F31288BFF36F8F30
:100E2000238B23F008032383238B13F0100F4DD063
:100E300023F0100323830120268B06F007060028E9
:100E4000AFD00228B8D00028ABD0013804282BD866
:100E500001A353F820F000BFC10D0400A90E040047
:100E60006D0E0400810E0400950E04002369D3F872
:100E70000080062120461CF023FF4FF00009A8E760
:100E80002369D3F80480042120461CF019FF4FF099
:100E900000099EE72369D3F80880052120461CF04D
:100EA0000FFF4FF0000994E74FF00008C14690E7AC
:100EB000009A0AB1002295E7B8F1000F92D1B3E78A
:100EC0004A46394620461CF003FF94E713F0200FF2
:100ED00004D023F0200323830220ADE70020ABE7FA
:100EE00067DE050038B505460B4C00E010340B4BAF
:100EF0009C420FD263685B79002BF7D029462046CD
:100F00001DF077F90028F1D023681B682946204698
:100F10009847EBE738BD00BFB48F0600C48F0600CA
:100F20002DE9F041074605460AE007EA0807144B99
:100F300003EB06135B6804221968204600F00CF9E5
:100F4000D5B195FAA5F6B6FA86F60D4C04EB061463
:100F50000123B3406FEA030825EA0305237B002B36
:100F6000EED03301064AD3581B69002BDDD0204652
:100F700098470028E4D1D8E73846BDE8F08100BFA3
:100F8000B48F06002DE9F04180460F46204BBFF399
:100F90005B8F53E8005F6A1C43E800210029F8D109
:100FA000BFF35B8F002D2FD11A4C002607E063683A
:100FB00004221968204600F0CFF801361034164B91
:100FC0009C4213D2237B002BF7D02368DB680BB144
:100FD0002046984723681B69002BE8D02046984795
:100FE0000028E4D00123B3401D43E6E7B8F1000F29
:100FF0000BD055B12846FFF793FF0546002FF8D0D8
:101000000A201DF001F9F4E700252846BDE8F0812B
:101010006C2B0120B48F0600C48F0600014B53F8DF
:1010200020007047B0DC060048B108B5054A1060E2
:10103000054B1960084600F055FA002008BD6FF016
:101040001500704744090020602B012008B50023DB
:10105000054A1370054A1360054A13604FF40041B6
:101060000448FFF7E1FF08BD5E5B0120642B01200F
:10107000682B012001E205000D4B1B7803B170477E
:1010800010B500210120FFF77DFF0A4C00E010346D
:10109000094B9C4208D263685B79002BF7D0236828
:1010A0009B6820469847F2E7014B01221A7010BD59
:1010B0005E5B0120B48F0600C48F0600014B012245
:1010C0001A7070475D5B01200D4BBFF35B8F53E8D7
:1010D000001F013143E80012002AF8D1BFF35B8FF3
:1010E00000B97047074BBFF35B8F53E8001F01390E
:1010F00043E80012002AF8D1BFF35B8FF1E700BF8D
:10110000642B0120682B012010B50446044B1B689A
:101110009847A060214603481DF06DF810BD00BF40
:1011200044090020100E00200248034BC01AC008DA
:10113000704700BFB48F0600348E060010B50C4611
:10114000FFF7F2FFA04203D9024B53F8340010BD61
:101150000020FCE7348E060008B5094BC31A1B11AA
:101160000133D0F804C08CF8043043689A714368A6
:101170001960436801225A71FFF7A0FF08BD00BF44
:10118000B48F0600406820B1034BC01A40F3CF0073
:1011900070474FF0FF307047348E06000EB400B534
:1011A00082B0014603AB53F8042B0193034802F0CD
:1011B000BBFE02B05DF804EB03B0704727E3050007
:1011C00030B585B011F0440F05D01A4B1C6834B906
:1011D000002005B030BD1849FFF7E0FFF9E7174BD5
:1011E0001968B2FBF1F1B1FBF4FC154AA2FB0C3219
:1011F000D20A4FF4616E0EFB12CE124BA3FB0E53BC
:101200005B0904FB1C114FF47A7C0CFB01F1B1FB70
:10121000F4F504FB15110CFB01F1B1FBF4F10291A3
:101220000195C3EB0311AEEB810100910649FFF775
:10123000B5FFCEE7742B0120D0DC0600702B012017
:10124000C5B3A29189888888DCDC060061B108B545
:101250002AB1064A52F8232012B9054A00E0044A8E
:101260000449FFF79BFF08BD704700BF4CDD060037
:10127000F8DC060034F806002DE9F0410546174673
:10128000069EDDF81C8081B900242EB1324611493A
:101290002846FFF783FF0444B8F1000F14D06FB164
:1012A000099B042B13D00C4909E00C4B099A53F805
:1012B00022200B49FFF772FF0446E6E70649424643
:1012C0002846FFF76BFF04442046BDE8F08105493E
:1012D000F5E700BF14DD060004DD060060DD060052
:1012E0000CDD060000DD06002DE9F04F87B0054655
:1012F0000C46049205939DF84C7001F0020B01F02E
:10130000010AC1F3C00801F480791CF0A9FF18B3E9
:10131000024616492846FFF741FF0646BBF1000F7B
:101320001CD13A46514628461DF02AF8B9F1000F63
:1013300001D0002311930397129B0293119B0193F9
:10134000109B00930023049A41462846FFF794FF20
:10135000304407B0BDE8F08F0026DFE7059A21464C
:101360002846FFF72DFF0644DBE700BF18DD060027
:1013700011F0100F0BD108B511F0200F03D0044964
:10138000FFF70CFF08BD0349FFF708FFFAE77047B6
:10139000B09D0600B41E07002DE9F04105460F463A
:1013A000164698460699FFF7E3FF0024444505DA00
:1013B00024492846FFF7F2FE0134F7E7002409E04C
:1013C00020492846FFF7EAFE0BE01F492846FFF7B1
:1013D000E5FE01340F2C0CDC002C02DD14F0070FAD
:1013E000EED0B442F1D23A5D18492846FFF7D6FE56
:1013F000EFE717492846FFF7D1FE002409E011491D
:101400002846FFF7CBFE0BE012492846FFF7C6FE41
:1014100001340F2C13DC002C02DD14F0070FEED08A
:10142000B44207D23A5D0C4B9B5C13F0970FEBD1A3
:101430002E22E9E703492846FFF7B0FEE8E7BDE8BA
:10144000F08100BFE09D0600601707001CDD06006C
:1014500024DD060028DD06003B2007002DE9F041D1
:1014600084B004469DF82C500C9F0E9E95B9012B1C
:101470001ED019484FF0000827B13B4622461749B5
:101480001CF0A9FBC6B905BB20461CF0ACFF04B09C
:10149000BDE8F08103950A980290019300920B46F3
:1014A00000220F992046FFF71FFF80460C48E3E714
:1014B0000B484FF00008DFE70F9B0093434632468E
:1014C0000D9920461CF074FFDDE72A460F9920464F
:1014D0001CF062FFD8E700BF45E30500293F040088
:1014E00027E30500074B01221A6004E04008054A83
:1014F00013685B001360044B9842F7D8034B1860E5
:10150000704700BF702B012040420F00742B012058
:1015100070B506460D46002405E0315D0448836839
:101520005B6898470134AC42F7D3284670BD00BFD2
:10153000948B0600014B036000207047C8DD060055
:10154000072801D900207047024B034483F8BB10E1
:1015500001207047A82B0120072801D900207047DF
:10156000024B034493F8BB00704700BFA82B012037
:1015700010B50378C3F341130A33064C54F82330F3
:1015800023B19847002803DB012010BD0020FCE7B1
:101590000020FAE7A82B01200A30024B43F8201064
:1015A000704700BFA82B0120014B5862704700BF55
:1015B000A82B0120136800221A705A7001221A7099
:1015C000064A92F8C3203AB1022242F001021A7090
:1015D00002230B60012070470022F6E7A82B0120B0
:1015E00030B545884FEA152EAEF10403DBB2012B6E
:1015F00021D9EDB2BEF1070F1FD8114B5B6A002451
:1016000000E00344187840B193F801C0E645F8D1F2
:10161000A54201D00134F4E7012068B11360BEF1A6
:10162000020F02D01B780B6006E09A78DB7842EA62
:1016300003230B6000E0002030BD0020FCE700BF6A
:10164000A82B012038B50C460D4B5B6A156800E0ED
:1016500013441A788AB193F801C0BCF1040FF7D192
:1016600093F802C0B0F804E0F445F1D16046FFF70A
:1016700073FF28700120206000E0002038BD00BF0B
:10168000A82B0120034B93F8BA00003818BF0120A3
:10169000704700BFA82B0120074B5B6A00E0134492
:1016A0001A783AB159780229F9D119798142F6D9D3
:1016B0000120704700207047A82B012030F08003E4
:1016C00018D01049104B994219D210B403E02431BC
:1016D0000D4B99420CD20C6A00230A7F9A42F6D92C
:1016E00004EBC3021279824206D00133DBB2F4E785
:1016F000002002E001207047012010BC704700204C
:10170000704700BF2012002044120020014B986156
:10171000704700BFA82B0120014BD861704700BF64
:10172000A82B0120F8B506460A4D0B4B9D420FD25F
:101730002F6A002401E00134E4B22B7FA34205D9D3
:1017400007EBC400B0470028F5DAF8BD2435ECE714
:101750000020FAE7201200204412002038B50C4B7C
:1017600000E024330B4CA3420ED25C680A4D6D6A34
:10177000AC42F6D31D69002DF3D094F802C0047971
:10178000A445EED1A84701E06FF0850038BD00BF49
:101790002012002044120020A82B01202DE9F04146
:1017A00006460F469046114C05E042463946304603
:1017B000A84719E024340E4B9C4213D263680D4DA8
:1017C0006D6AAB42F6D3A569002DF3D099783279D2
:1017D0009142EAD05B79012BECD142463946304642
:1017E000A847E7E76FF08500BDE8F08120120020F0
:1017F00044120020A82B0120F8B507460E461546D6
:101800000A4C00E024340A4B9C420AD26369002B44
:10181000F8D02A4631463846984703460028F1D189
:1018200001E06FF085031846F8BD00BF20120020CC
:101830004412002010F0700F07D100F07F0310F069
:10184000800F13D101209840704710B584B00390E9
:10185000084B029300240194009423460122064978
:1018600020461CF026FE204604B010BD1033012097
:1018700098407047C8DD06009C8F060038B50446C6
:10188000007920F0A3FF05462079FFF7D3FF044A33
:10189000D2F8C43023EA0003C2F8C430284638BD69
:1018A000A82B012030B585B0054620F08FFF10F140
:1018B000780F0FD00446C8B92846FFF7BBFF114A7E
:1018C000D2F8C43023EA0003C2F8C4300024204612
:1018D00005B030BD03950C4B0293002001900090A1
:1018E0000346022209491CF0E4FDE5E70395084B95
:1018F00002930020019000900346012203491CF04E
:10190000D8FDE4E7A82B0120E4DD06009C8F06004B
:1019100008DE060070B586B00D4604798DF81740D4
:101920002046FFF7CBFE064630B134F0800306D0E8
:10193000FFF7A8FE18B90646304606B070BDBDB127
:101940000394174B0293002001900090034603225A
:1019500014491CF0AEFD9DF817000AF073FD124B00
:10196000DB69002BE8D00DF1170108209847E3E769
:1019700003940E4B02930020019000900346032233
:1019800008491CF096FD9DF817000AF09BFD064BD8
:10199000DB69002BD0D00DF1170109209847CBE768
:1019A0002CDE06009C8F0600A82B012040DE0600DE
:1019B00030B587B0044680788DF81000A388ADF864
:1019C0001230E37803F003038DF81430FFF732FF91
:1019D0000546334BD3F8C43003421AD104A80AF0A9
:1019E000F9FC10F1780F1FD060BB9DF810000AF0D1
:1019F000B3FD10F1780F35D0002841D1284B0120DC
:101A000083F8B900D3F8C4201543C3F8C45007B015
:101A100030BD20461CF05CFD26F050FA0028DDD1D8
:101A2000962013F059F9D9E79DF8103003931D4B18
:101A30000293002001900090034602221A491CF0F4
:101A400038FDD2E79DF810300393184B0293002421
:101A50000194009423460122134920461CF029FDDD
:101A60002046D4E79DF810300393114B02930020D9
:101A700001900090034602220B491CF01AFDBDE7BD
:101A80009DF8103003930B4B0293002401940094B3
:101A900023460122044920461CF00BFD2046B6E7F0
:101AA000A82B012058DE06009C8F06007CDE060075
:101AB000A0DE0600C0DE06002DE9F8430646194BFD
:101AC0005C6A0027FF25A846B94607E094F8038022
:101AD000A578B088854212D023781C442378C3B1FE
:101AE0006378042BF2D0052BF6D1B3889D42F3D155
:101AF000B278414620461CF000FD0746ECE77188AD
:101B00008845E9D1C9B2C0B2FFF71AFD0746A14620
:101B1000E2E7044BDB6913B1494607209847384692
:101B2000BDE8F883A82B0120024B00221A605A60FE
:101B3000704700BF632C01202DE9F0410546224B80
:101B40005C6A43881BB10027FF26B04610E0FFF710
:101B5000EBFF6A881C4B83F8BA20DB6913B11B4981
:101B60000320984701271EE094F8038023781C4443
:101B70002378BBB16378042BF6D0052B07D0022B5A
:101B8000F4D166796B889E42F0D10127EEE76B882D
:101B90009E42EBD1B8F1000FE8D12046FFF708FFD5
:101BA0000746E3E717B93846BDE8F081FFF7BCFF09
:101BB0006A88054B83F8BA20DB69002BF3D0034910
:101BC00003209847EFE700BFA82B0120622C0120DB
:101BD00010B5146890F90030002B0ADB4378013B04
:101BE000082B3AD8DFE803F024392F391A3939396C
:101BF00021004378062B07D0082B08D00BB100201A
:101C000010BDFFF7D7FCFBE7FFF7EAFCF8E7144B42
:101C100093F8BA30237001200860F1E780780AF069
:101C20006FFBB0FA80F04009EAE7FFF785FFE7E7CE
:101C30004388012B01D00020E2E7094B002283F802
:101C4000C3200120DCE74388012B01D00020D7E727
:101C50000120034B83F8C300D2E70020D0E700BF88
:101C6000A82B012070B505460E46042803D0012894
:101C700003D0134C11E0FFF757FF124B93F8B93024
:101C8000002BF6D000F058FD0F48FFF74BFD0D4B31
:101C9000002283F8B920ECE724340C4B9C4207D295
:101CA000E368002BF8D03246294620469847F3E7F0
:101CB000044B1B6A13B131462846984770BD00BFDC
:101CC00020120020A82B01207D18040044120020BF
:101CD00070B504460D461646184B9B690BB19847E4
:101CE00048B1237803F01F03012B0DD0022B13D032
:101CF00013B16FF0150070BD324629462046FFF73C
:101D000067FF88B10020F6E73246294620461CF0DE
:101D1000FDFB60B10020EEE73246294620461CF06C
:101D20003DFC38B10020E6E76FF01500E3E76FF007
:101D30001500E0E76FF01500DDE700BFA82B0120DC
:101D400070B50E4E0E4B9E4215D2356A002401E04E
:101D50000134E4B2337F9C420BD205EBC40355F847
:101D6000341018790AF0A2FD0028F1D04FF0FF30AE
:101D700070BD2436E6E70020FAE700BF20120020FD
:101D8000441200202DE9F04385B00646894690466E
:101D90001F46032500E01D463B4642464946304665
:101DA0000AF008FC044610F10B0F0FD10396094B03
:101DB00002930020019000900346022206491CF085
:101DC00078FB12F0C7FE6B1E002DE4D1204605B053
:101DD000BDE8F083E4DE06009C8F060010B582B0FB
:101DE000154B1B7DF3B9144CE268019201ABA1685D
:101DF0008020FFF7C7FFA368019A1344A360E3683C
:101E00009B1AE360B3B9AAB1E28823699A4211DD53
:101E100094F8C82093FBF2F102FB113353B901226D
:101E2000227507E00021044B19750B460A468020F5
:101E30000AF0C0FB02B010BDA82B012010B588B07D
:101E400000230793002840F0908019B34E4BDA68C6
:101E5000002A72DD07AB4C498968002020F0CFFCD6
:101E6000002877DB484A936807990B449360D3684E
:101E70005B1AD360002B7AD1104602F1380342F886
:101E8000083F00F11001FFF773FB002869D0FFF74E
:101E9000A5FF6CE0082205A920F0B1FC00282EDB8C
:101EA0009DF81400384B18709DF815205A70BDF835
:101EB00016205A80BDF818209A80BDF81A10D980D3
:101EC00003F138029A6000221A751A61DA6010F084
:101ED000800F02D1802916D839BB2C4A02F10801A3
:101EE000A2F10800FFF744FB18B3274BDA88196901
:101EF0008A42A8BF0A46DA60FFF770FF37E0802009
:101F00000AF0A0FA33E0224B0293144601920092A9
:101F1000134601221F4920461CF0CBFA80200AF00C
:101F200091FA20460AF08EFA21E0174B1961D96028
:101F30001DE080200AF086FA19E007AB0022124962
:101F40008968104620F05BFC002810DA80200AF037
:101F500079FA0CE080200AF075FA00200AF072FA93
:101F600005E080200AF06EFA01E0802801D008B078
:101F700010BD054BDB681BB9034B1B7D002BF6D056
:101F8000FFF72CFFF3E700BFA82B0120B02B0120A7
:101F90000CDF06009C8F060008B5FFF705FB08491B
:101FA0000020FFF7F9FA07490120FFF7F5FA064983
:101FB0000220FFF7F1FA0548FFF7A8FB002008BD53
:101FC000D11C04005D170400F91704009D170400DC
:101FD00070B586B005464FF0FF324FF0FF335348DF
:101FE00011F0D0FF524B93F8B830002B69D1504B11
:101FF0005B6A002B72D001201CF059FA041EC0F25B
:102000008E804B4B5E6A1D624A4C2046FFF784FB74
:1020100020460AF05FFC0AF037F9041E7FDB00F06F
:10202000BDFB041E7BDB7378012B6CD1F379002B95
:1020300069D03F4A82F8C830ADF8123000238DF8DD
:1020400014308DF8103004A80AF0C4F9041E66DBC1
:1020500080238DF8103004A80AF0BCF9041E5EDB62
:10206000354900200AF022FC041E58DB324980204A
:102070000AF01CFC041E52DBFFF762FE041E4EDB5E
:1020800000200AF069FA041E49DB0020FFF7D2FBAA
:10209000274AD2F8C4300343C2F8C43080200AF083
:1020A0005BFA041E3BDB8020FFF7C4FB204BD3F818
:1020B000C4200243C3F8C420012283F8B8200024BE
:1020C0002DE01E4B02930020019000900346022257
:1020D0001B491CF0EEF96FF0770420E000F052F994
:1020E000FFF75AFF124B5B6A002B84D1154B02930A
:1020F0000020019000900346012211491CF0D9F9FB
:102100004FF0FF340BE0104B029300200190009041
:10211000034601220A491CF0CCF96FF0150403486C
:1021200011F0B0FF204606B070BD00BFEC0F0020DC
:10213000A82B0120651C04003D1E040028DF0600BA
:102140009C8F06004CDF060074DF0600024606483E
:1021500000E02430054B984203D243689342F8D103
:1021600000E00020704700BF201200204412002031
:1021700010B58AB00DF1040C1D4C0FCCACE80F006B
:1021800023688CF800300023069307930893099383
:10219000184A136053609360D3601382102106A81D
:1021A00020F010FF002820DD0828B8BF0820A0F18B
:1021B000080C002217E002EB0C0328336B4413F8E1
:1021C000103C51000AA800EB131010F824EC094849
:1021D00000F812E003F00F03013128336B4413F8C9
:1021E000243C43540132072AE5DD02480AB010BD01
:1021F000B0DF0600742C012030B585B00446FFF72F
:10220000B7FF80B10546F4F759FE024658B11028D1
:102210000BD0084B0293002001900090034601224E
:1022200005491CF076FA05B030BD2946A01C26F001
:10223000C5FBF8E7C4DF0600948F06002DE9F041E6
:1022400086B004464FF00113059300252F46A8469B
:102250002E4604E020461CF0DBF923781C4423784A
:10226000002B78D06378052BF7D801A252F823F021
:102270000F23040055220400532304000F230400FD
:1022800089220400C7220400E378002BE5D1A3785B
:102290004BB92046FFF75AFF804638B1836813B127
:1022A0003946204698470137FFB2D6E703942F4BB3
:1022B000029301900090034601222D491CF029FA57
:1022C0004FF0FF304CE0B8F1000F13D005AA4146A3
:1022D00020461CF0BDF90028BFD0264B02930020F9
:1022E000019000900346012221491CF012FA4FF0A0
:1022F000FF3035E0204B0293002001900090034610
:1023000001221B491CF005FA4FF0FF3028E0032D95
:102310000AD06DB986B1A31BB370C3F30723F37062
:1023200037710135EDB298E72046FFF765FFF0E71A
:1023300020461CF05BF9F4E7104B0293002001905B
:102340000090034601220A491CF0E3F94FF0FF30E8
:1023500006E0264681E7A01C094B984203D10020E5
:1023600006B0BDE8F081FFF769FFF9E710E006006D
:10237000948F060074E0060030E0060094E006004A
:102380001F1200200E4B1B780BB10E48704710B582
:1023900084B00C48FFF752FF28B9094B01221A708C
:1023A000084804B010BD084B029300240194009427
:1023B00023460122054920461CF0ABF92046F0E7F0
:1023C0005F5B01207C110020B4E00600948F0600C2
:1023D000002300E00133032B12D803EBC3020949A9
:1023E00011F832208242F5D103EBC301054A02EB1A
:1023F000C1025268002AEDD0024800EBC1007047CC
:1024000000207047882C01202DE9F04188B0044657
:1024100010F8345C50F8303C13F1100F23D10369ED
:1024200013F0020F3CD050F8282C2AB913F0040FF7
:1024300021D143F00403036107AB54F82C1C284658
:10244000FFF7A0FCD8B954F82C2C079B1A4444F889
:102450002C2C54F8282CD21A44F8282C54F8242C6C
:10246000134444F8243C54F8303C13F1100F57D176
:1024700008B0BDE8F081002340F8303CF3E7049554
:102480000390354B029300200190009003460122F7
:1024900032491CF08FF96FF0150344F8303CE2E745
:1024A00007AB50F8282C50F82C1C28460AF020F9CD
:1024B000A0B954F82C3C079E334444F82C3C54F803
:1024C000283C9B1B44F8283C54F8243C334444F8F3
:1024D000243CA6B9002344F8303CC4E7049503909B
:1024E0001D4B0293002001900090034601221B49DE
:1024F0001CF060F96FF0150344F8303CB3E7284650
:102500000AF0EEF9B6FBF0F300FB1366002EE1D102
:1025100054F8283C002BDDD028460AF05DF9A2E7EC
:1025200054F8206C54F8247C54F81C8C25F0C6FC1C
:1025300068B9002344F8203CA4F1180011F018FEFB
:10254000002E95D0424639462846B04790E72146AE
:10255000034825F0FEFB8BE7E4E00600AC8F0600A5
:10256000F821002070B586B006460C46FFF730FF14
:10257000631EDBB2012B0AD8054650B125F09EFC44
:1025800008B1012C1CD105F13400FFF73DFF06B066
:1025900070BD012CFBD105AB01220DF113013046BA
:1025A0000AF0A6F8059B002BF5D1084B02930020FA
:1025B000019000900346012205491CF0FBF8E6E774
:1025C00005F13401034825F0C4FBE0E704E106000F
:1025D000AC8F0600F82100202DE9F04F85B00546AC
:1025E000884616461F461CF0F4F8002876D1EFF313
:1025F0001189402383F31288BFF36F8F0024032CCB
:1026000034D804EBC400C0001830364B18440430F2
:102610000022002311F0D2FD824608B10134EEE71A
:1026200004EBC404E2002F4B03EBC404D4F804B061
:102630001BF1100F2ED09D54C4F80880E6600023D3
:1026400023610E9B636167640F9BA3616FF00F03AF
:10265000636028460AF044F968BB17F0020F38D0CF
:1026600004F13401204825F074FB0BE01F4B02936A
:10267000002001900090034601221D491CF09AF8A9
:102680006FF00B0A89F31188BFF36F8F504605B0C6
:10269000BDE8F08F0395174B029300200190009046
:1026A0000346012212491CF085F804F11C0011F0C8
:1026B0005FFDDA46E6E728460AF012F9B6FBF0F3CA
:1026C00000FB1366002EC8D0636C43F00403636400
:1026D000C3E728460AF080F88246D3E76FF00F0A76
:1026E000D4E700BF882C0120F821002020E106005B
:1026F000AC8F06003CE1060010B5EFF311844023D7
:1027000083F31288BFF36F8FFFF762FE20B101469B
:10271000436813F1100F04D084F31188BFF36F8F57
:1027200010BD6FF08B0343603431024825F011FB7C
:10273000F2E700BFF821002038B5002404E085F35B
:102740001188BFF36F8F0134032C21D8EFF311856B
:10275000402383F31288BFF36F8F04EBC403DA00C6
:102760000C4B13445B6813F1100FE8D1094A04EBDA
:10277000C401CB0013446FF08B01596004EBC40318
:10278000D900303111440431034825F0E2FAD6E78C
:1027900038BD00BF882C0120F821002070B500242E
:1027A00014E0E50004EBC403D8003030094E304497
:1027B0000949043025F072FA2B19D800183030443A
:1027C00004300122114625F05FF90134032CE8D9C9
:1027D000002070BD882C01200924040070B5044637
:1027E0000E461546017918481BF0B4FF30B394F932
:1027F0000020002A18DB6278202A04D0222A0ED07A
:102800006FF0850019E02A68116840F8101C918863
:10281000927920F80C1C00F80A2C00200DE0A27818
:1028200000F8092C002008E06278212A09D1A0F1E3
:1028300010032B6007233360002070BD6FF012007F
:10284000FBE76FF08500F8E7A82D012008B50146E9
:1028500003481BF093FF10B1012200F8072C08BDBC
:10286000A82D012008B50169012381F84B300B68C0
:1028700013B191F8493003B908BD0831014825F07A
:1028800068FAF9E7F821002008B50169012381F809
:102890004A300B6813B191F8483003B908BD0831CC
:1028A000014825F056FAF9E7F821002038B50D4621
:1028B0001446012382F84830136813B192F84A3065
:1028C0005BB9D4F890301A699B689A420BD004F136
:1028D00018015DB1002200230BE002F10801074856
:1028E00025F037FAEDE73DB904F1180140F6CD4285
:1028F0000023024825F074FA38BD00BFF8210020FB
:1029000030B583B0054614460A1E16DD04F14C01AD
:10291000D4F88C001BF0ECFB012384F849302368C9
:1029200013B194F84B306BB9D4F88C10CB694A686A
:102930004969521A9B1A3F2B0AD994F89E305BB909
:1029400003B030BD04F10801094825F002FAEBE7B5
:10295000012384F8A030F3E70194064B0093012390
:10296000402204F14C012846FFF736FEE8E700BF9D
:10297000F82100200129040038B5046994F89E303C
:10298000A3B194F89F300BB1002010E084F84830D8
:10299000D4F890001BF0ACFB05460022002304F1A4
:1029A0001801034825F01CFA284600E0002038BD35
:1029B000F821002008B503464FF0000C80F89EC0B7
:1029C00080F89FC080F849C080F848C00B4A92E860
:1029D0000300C3F89400A3F89810090C83F89A1028
:1029E00083F89CC083F89BC083F8A0C04022614656
:1029F00003F14C0026F00AF808BD00BFE48F060082
:102A000030B583B00446D0F8A4305D68013905299B
:102A100006D8DFE801F003050723262AFFF7CAFFDF
:102A200003B030BD90F89E30002BF9D1012380F81F
:102A30009E302B6A02460021187BFFF761FF94F855
:102A40004830002BECD12B6A187D01940B4B00937E
:102A5000022300221146FFF7BFFDE1E7FFF7AAFFBF
:102A6000DEE7012380F89F30DAE790F89F30002BF3
:102A7000D6D0002380F89F30D2E700BFAD280400F5
:102A800038B50C461546014604481BF051FE20B1EE
:102A90002A462146A438FFF7B3FF38BDA82D0120F0
:102AA00010B582B08DF807100469002384F848300F
:102AB00002E001201BF01FFF01220DF10701D4F8F5
:102AC00090001BF015FB30B925F0F8F918B994F80F
:102AD000A130002BEDD12122002304F1180102487E
:102AE00025F07EF902B010BDF821002010B5046970
:102AF000C4F8A40004F1A8030022C4F8A8200B4ADB
:102B0000526872B11360094A5360094904F1080020
:102B100025F0C4F8074904F1180025F046F9002013
:102B200010BD024A53601360EFE700BFA82D0120DB
:102B300003E80500392B0400F0B585B00446A0F188
:102B40001806D0F88C305B681B6A1D7D28461BF088
:102B500040FE10B994F886300BB905B0F0BD4FF4C3
:102B6000806203A9A06F1BF0E3FA07460028F4D0A7
:102B7000002384F8303010F03F0F00D1471E01963B
:102B8000064B009302233A4603992846FFF724FD9B
:102B90003946A06F1BF0E9FADFE700BFAD2804005B
:102BA00030B583B0084D002400944FF0FF334FF44C
:102BB00080620649284611F09DFC0549284625F00B
:102BC000A6F9204603B030BDF821002040F90120CD
:102BD000CCE1060000B585B001290ED0084B039367
:102BE000084B0293002001900090034603220649FF
:102BF0001BF0B5FE05B05DF804FB044BEFE700BF2A
:102C0000FCDD060000E306003C8E0600B8DE060090
:102C100010B586B0074C24788DF817400124029433
:102C20000DF117040194BDF8204000941FF008F93D
:102C300006B010BDF00D002000B583B08DF8070080
:102C4000C3B2642B0ED80A4A137001230DF1070298
:102C5000084900201BF092FE10F1800F05D003B050
:102C60005DF804FB6FF01500F9E70020F7E700BFFF
:102C7000F00D00202CE30600F8B50746F4F71EF926
:102C800006464FF0FF324FF0FF33114811F07AF94A
:102C9000104B1C689C4206D1002404E00D4B5B687D
:102CA0009C4213D0246864B1A5682846F4F706F95D
:102CB000B042F3D132462946384625F00AFE0028B4
:102CC000ECD1034811F0DEF92046F8BD0024EAE714
:102CD000880F0020F409002010B584B004464FF09E
:102CE000FF324FF0FF33184811F04CF98CB1A06857
:102CF00078B1FFF7C1FFC8B9144B5A68236062600E
:102D000014605C600024104811F0BCF9204604B047
:102D100010BD0F4B0293002001900090034601224A
:102D20000C491BF03DFE6FF01504ECE70A4B0293D3
:102D30000020019000900346012206491BF030FE5E
:102D40006FF01504DFE700BF880F0020F4090020B2
:102D5000A4E30600D48E0600C0E3060008B50348CD
:102D60001AF06FFF02481AF06CFF08BDECE3060092
:102D700024E4060070B48DB006460D460DF1040C37
:102D80002B4C0FCCACE80F000FCCACE80F0094E854
:102D900007008CE80700002E45D03046002D44D0B7
:102DA00000230FE015F8234005EB83014A78120455
:102DB00042EA04628C7842EA0422C9780A4340F865
:102DC00023200133032BEDD906E0191F50F8211001
:102DD0004A4040F8232001332B2B20D85A1E50F8AC
:102DE000222013F0030FF0D14FEA3262110E114C82
:102DF000655CC2F30741615C090441EA0561C2F305
:102E00000725655D41EA0521D2B2A25C114323F09A
:102E1000030230326A4452F82C2C4A40D5E7012094
:102E20000DB070BC70470020FAE70020F8E700BF43
:102E3000EC8F060054E4060000284ED070B584B034
:102E40001546064600294AD0002A4AD010230A46D1
:102E5000194668461BF022FE294668461BF038FEDC
:102E6000002414E01DF803101F48415C0DF8031006
:102E700001330F2BF6D968461BF06BFE68461BF03A
:102E8000E2FE013405EB041168461BF021FE082C1C
:102E900001D80023EDE7002306E01DF803201249C6
:102EA0008A5C0DF8032001330F2BF6D968461BF01E
:102EB00050FE611C05EB011168461BF009FE102352
:102EC0006A46194630461BF0E9FD1022002168468B
:102ED0001BF0F1FD012004B070BD00207047002000
:102EE000F9E70020F7E700BF54E4060008B5024800
:102EF00012F03AFE08BD00BF54E50600B0F5680FB9
:102F000017D00CD840F6BA63984214D0B0F5683F99
:102F100013D03A2801D00120704700207047094B98
:102F200098420CD0084B984201D0012070470020F5
:102F30007047002070470020704700207047002035
:102F4000704700BF3A00003A2C5F5CA9E8B108B5B1
:102F50004268B2F5683F07D00F498A421AD000682C
:102F600011F090F8002008BD03680022BFF35B8FCA
:102F700053E8001F012903D143E800200028F7D1BE
:102F8000BFF35B8F04D11046EDE76FF4E04070476C
:102F90000248E8E70248E6E72C5F5CA9E98FFFFFFB
:102FA000EA8FFFFF30B308B54268B2F5683F0CD036
:102FB00012498A421CD000684FF0FF324FF0FF33B5
:102FC00010F0E0FF88B10E480FE003680122BFF364
:102FD0005B8F53E8001F002903D143E8002000283D
:102FE000F7D1BFF35B8F01D1002008BD0448FCE797
:102FF0000448FAE76FF4E040704700BF2C5F5CA91B
:10300000E98FFFFFEA8FFFFF10B50446A8B16368A0
:10301000B3F5683F10D0B3F5680F0DD00D4A934259
:103020000AD013F4686F0DD021680B4824F022FCFD
:1030300000232360074B636010BD084B5B680848A2
:103040009847E4E7236800221A605A609A60DA60C1
:103050001A61EFE72C5F5CA9B03201207C0D0020E3
:103060005CE5060010B5044668B36068B0F5683FDB
:1030700028D0B0F5680F25D0174B984228D0FFF71D
:103080003DFFC0B14FF0FF324FF0FF3321461348F0
:1030900010F046FF08B923681BB9114B5B68114853
:1030A0009847236800221A605A609A60DA601A61B1
:1030B0004FF468636360206824F026FC636843F083
:1030C0003A03636010BD064B5B6807489847CCE73E
:1030D0002368002BD3D1D5E72C5F5CA9B032012047
:1030E0007C0D002084E506005CE5060008B5402361
:1030F00014220449044824F0AFFB0449044812F0A8
:10310000F7FD08BDB02D0120B0320120B4E5060066
:10311000C8E5060070B586B0054603684268816858
:103120001C4E0591049203931B4B029300240194BF
:10313000009423460122314620461BF0B0FEEB6886
:103140002A696969059104920393144B02930194CF
:10315000009423460122314620461BF0A0FEEB6975
:1031600003930F4B029301940094234601223146AE
:1031700020461BF094FEAB6903930A4B0293019423
:10318000009423460122314620461BF088FE06B0FB
:1031900070BD00BF3C8F0600D8E5060008E60600BB
:1031A00038E6060048E6060030B585B004460D4610
:1031B00011B10846FFF7AEFF012C05D02946204685
:1031C00010F0DCFC05B030BDEFF30583103B03933A
:1031D000054B029300200190009003460122034911
:1031E0001BF05DFEEAE700BF78E606003C8F0600B4
:1031F00030BFFFF7FDBF00BF38B50446054D2A4676
:10320000054925F0DBFB054A0021601925F0FEFB8E
:1032100038BD00BF00000000C48F0600040000009D
:1032200070B50646054D064B1D444C1B2046FFF766
:10323000E3FF083C746705F1080070BD0000000062
:1032400004000000074B9B6893F90E20002A08DB5E
:10325000044A5269934204D0034A536843F08053AE
:10326000536070474050012000ED00E081690D4B34
:103270005A6942F480725A61BFF34F8FBFF36F8F68
:1032800031F8021C5A6922F480725A61BFF34F8FE1
:10329000BFF36F8F4DF60273994201D00020704743
:1032A0000120704700ED00E010B584B000241C70D0
:1032B00002F07F44B4F17F4F19D102F00C04082CC6
:1032C00005D012F0080F0FD0084604B010BD094B0E
:1032D00002930024019400942346012206492046CB
:1032E0001BF0FAFD2046F0E701221A70EDE70020FE
:1032F000EBE700BF8CE606003C8F0600F0B585B01A
:1033000005460F4614464C4B029300200190009056
:103310000346012249491BF0DFFD494B9B6A13F428
:10332000805F26D11626464B9B6A13F4006F2CD182
:10333000434B9B6A13F4007F33D1414B9B6A13F4D8
:10334000806F55D13E4B9B6A13F4807F5CD13C4B20
:103350009B6A13F4005F63D1394A936A43F47F4355
:103360009362012128461BF0B5FD2070304605B060
:10337000F0BD344B029300200190009003460122DF
:103380002E491BF0A9FD1726CDE72F4B02930020F5
:10339000019000900346012228491BF09DFD18264C
:1033A000C6E72A4B029300200190009003460122B9
:1033B00022491BF091FD224B9A6B9B6A13F4004F3C
:1033C00001D11926B9E70392214B02930020019005
:1033D00000900346012219491BF07EFD37B1184ABF
:1033E000936A23F4004393621926A6E71926A4E7FB
:1033F000184B0293002001900090034601220F49D0
:103400001BF06AFD1A269DE7134B029300200190E2
:1034100000900346012209491BF05EFD1B269BE735
:103420000E4B0293002001900090034601220349B5
:103430001BF052FD1C268FE7B8E606003C8F060005
:1034400000ED00E0D0E60600E4E60600F8E606003F
:1034500014E706002CE7060048E7060060E70600D0
:1034600000B585B03D4B02930020019000900346CB
:1034700001223B491BF030FD3A4B9B6A13F0007F61
:1034800023D11D20374B9B6A13F0807F29D1354B08
:103490009B6A13F4002F30D1324B9B6A13F4802FB8
:1034A00037D1304B9B6A13F4003F3ED12D4B9B6AC2
:1034B00013F4803F45D12B4A936A6FEA03436FEAC6
:1034C0001343936205B05DF804FB274B0293002081
:1034D000019000900346012221491BF0FDFC1E20B3
:1034E000D0E7224B02930020019000900346012276
:1034F0001B491BF0F1FC1F20C9E71D4B0293002064
:10350000019000900346012215491BF0E5FC2120A3
:10351000C2E7184B0293002001900090034601225D
:103520000F491BF0D9FC2220BBE7134B029300206C
:10353000019000900346012209491BF0CDFC232095
:10354000B4E70E4B02930020019000900346012245
:1035500003491BF0C1FC2420ADE700BF90E7060043
:103560003C8F060000ED00E0A8E70600BCE706007F
:10357000D8E70600F8E7060020E806003CE8060069
:1035800000B585B000200870054B029301900090B3
:103590000346012203491BF09FFC05B05DF804FBC4
:1035A00068E806003C8F060000B587B00F2910DCE4
:1035B000094B103904910393084B029300200190AA
:1035C00000900346012206491BF086FC07B05DF817
:1035D00004FB044BEDE700BF8CE80600C0E80600E2
:1035E0003C8F0600A4E806002DE9F04184B00446B3
:1035F0000F461546584B0293002001900090034659
:10360000012256491BF068FC554B9B6A13F0100FC2
:103610003DD11026524B9B6A13F0080F43D1504BFB
:103620009B6A13F0020F4AD16FF015084C4B9B6A4E
:1036300013F0010F6ED14A4B9B6A13F0200F75D126
:10364000474B9B6A13F0100F04D1454B9B6A13F054
:10365000020F04D0424B5B6813F4006F72D1404BF1
:103660009B6A13F0200F04D03D4A536A23F40053A1
:1036700053623B4A936A43F0FF0393620121204661
:103680001BF028FC2870304604B0BDE8F081354BB3
:103690000293002001900090034601222F491BF065
:1036A0001BFC1126B6E7304B0293002001900090DE
:1036B0000346012229491BF00FFC1226AFE72B4BD2
:1036C00002930020019000900346012223491BF041
:1036D00003FC234BD3F834809B6A13F0800F03D193
:1036E0006FF015081326A1E7CDF80C80204B02934C
:1036F0000020019000900346012218491BF0ECFBCA
:1037000037B1174A936A23F08003936213268DE73B
:1037100013268BE7174B029300200190009003467D
:1037200001220E491BF0D8FB142684E7124B0293AA
:103730000020019000900346012208491BF0CCFBB9
:1037400015267DE72146404600F058FA002886D02D
:1037500080F30988022682E7D4E806003C8F060041
:1037600000ED00E0ECE80600E4E6060020E90600D3
:1037700038E9060050E9060060E7060070B584B03D
:1037800005460E46384B02930024019400942346CC
:103790000122364920461BF09FFB3470344BDC6A13
:1037A00014F002040BD1324BDB6A002B13DB304BDD
:1037B000DC6A14F0804419D1204604B070BD2D4B52
:1037C00002930024019400942346012227492046B5
:1037D0001BF082FBF0E7284B029300200190009041
:1037E0000346012221491BF077FBE5E7234B0293B7
:1037F000002001900090034601221C491BF06CFB45
:103800002846FFF733FD98B9194B9B6A13F0FF0F59
:103810001CD1174B9C6A14F47F441ED1144B9B6A35
:10382000B3F5803FC8D32846FFF71AFE0446C3E726
:103830002B680393124B02930020019000900346E3
:1038400001220A491BF048FB2C68B5E732460121EA
:103850002846FFF7C9FE0446AEE732460121284656
:10386000FFF74CFD0446A7E770E906003C8F060011
:1038700000ED00E088E90600ACE90600BCE90600BE
:10388000DCE9060030B58BB01F4B5D68C5F3080559
:10389000002383F31188BFF36F8F0DF12603FFF729
:1038A00003FD04460DF1270229461BF024FB9DF879
:1038B00027300BB10BB030BD05460DF1040C20686C
:1038C0006168A268E368ACE80F0020696169A269D9
:1038D000E369ACE80F009DF826304BB1089BC3F3B9
:1038E00008025AB96FEA53236FEA4323089305E0AD
:1038F000089B23F4FF7323F00103089301A92846D2
:10390000FFF752FCD6E700BF00ED00E0024A536922
:1039100043F010035361704700ED00E0EFF30880BF
:10392000EFF3098101B57246FFF7ACFF01BD00BF9F
:10393000002080F31488BFF36F8F0FF061F8002030
:103940000D490860BFF34F8F0C4880F3088800F0E2
:103950002DF8402080F3118809484FF40461401885
:1039600080F30988EFF314800221084380F3148860
:10397000BFF36F8F00F006F994ED00E0C03F022026
:1039800000160220084BD3F89000C0F30720002354
:1039900006E0054AC2F898300021C2F8A0100133B1
:1039A0008342F6DB704700BF00ED00E010B572B651
:1039B000002484F31388FFF7E5FF234608E003F1B2
:1039C00020010E4A4FF0FF3042F821000133DBB2F4
:1039D000072BF4D9002308E003F16001074A4FF0F8
:1039E000FF3042F821000133DBB2072BF4D962B675
:1039F000BFF34F8FBFF36F8F10BD00BF00E100E03A
:103A000008B50A4B9B68834202D024F03FFC08BDF6
:103A1000EFF30583002BF8D0054B5A6842F0805233
:103A20005A605A6A22F400425A62EEE7405001207E
:103A300000ED00E0094A936898676FF00A01D967C2
:103A400007494B6843F080534B60002383F3118890
:103A5000BFF36F8F9368D86F704700BF405001204D
:103A600000ED00E010B50446EFF31183402383F32B
:103A70001288BFF36F8F0A4B58699860094B4FF05B
:103A800000625A60426F084B1A60836F002282679F
:103A900083F31188BFF36F8F00F032F9204610BD19
:103AA0004050012000ED00E0CC3201200B498A6833
:103AB0004FF030001044EFF3098C80E8F01F74469B
:103AC0007046FFF7CFFFA64604498A6802F130002E
:103AD00090E8F01F8CF309887047000040500120E7
:103AE0001EF0040F0CBFEFF30880EFF3098081692B
:103AF00011F8021C0229FFD001B51BF0DFF901BD4E
:103B0000002807DB00F01F02400901239340024A0E
:103B100042F82030704700BF00E100E000280CDBD5
:103B200000F01F024009012393402030034A42F86D
:103B30002030BFF34F8FBFF36F8F704700E100E07D
:103B4000002808DB4901C9B200F1604000F561407E
:103B500080F80013704700F00F004901C9B2014B13
:103B60001954704714ED00E04209054B53F8222028
:103B700000F01F00012303FA00F01040704700BF5F
:103B800000E100E008B50B4B0B4A22F07F029A607F
:103B9000BFF34F8FBFF36F8FD3F8882022F47002EA
:103BA000C3F8882010F0F0F811F082F900F070F8F6
:103BB00010F048F900ED00E00070020010B4A2F12E
:103BC00020040D4942F8081C21F0010142F8081CAC
:103BD00042F8203C019B42F81C3C029B42F8183CF6
:103BE000039B42F8143C4FF0807342F8043C046598
:103BF0000023836710BC7047450D04000E4B9B6883
:103C0000A3B110F1160F0AD05A6EA2F1400C8445F0
:103C10000ED882420ED98A4206D8002070475A6ECA
:103C20008A4201D800207047586E704700207047C4
:103C300000207047002070474050012008B50D4615
:103C400014460C4A9060426F0B4B1A6000F058F813
:103C5000A446644685F309884FF00000074B984757
:103C600020464FF000014FF000024FF00003044CDB
:103C7000204700BF40500120CC32012077EF0500E3
:103C8000450D0400014B10221A61704700ED00E061
:103C9000002206E003F00F030949194440230B7684
:103CA00001322F2A0ADC53B2002BF3DB03F160430D
:103CB00003F56143402183F80013F1E7704700BF2B
:103CC000FCEC00E008B5EFF30583103B044A02EB7F
:103CD000C301496852F833008847FFF7B3FA08BDBB
:103CE000708C060008B5034B034A012103481BF002
:103CF0007CFA08BD0000042000000020F8E906005E
:103D000008B5436E403B0548036040234360044BC5
:103D1000836001211BF06DFA08BD00BFD032012085
:103D200000000B15084AC2F898000B6823F01F0327
:103D3000034343F01003C2F89C308B6843F0010347
:103D4000C2F8A030704700BF00ED00E010B584B0AD
:103D500004460D4BD3F89030C3F30723013B984240
:103D600004D8FFF7DFFF204604B010BD0390074BD7
:103D700002930020019000900346012204491BF0A9
:103D80002EF96FF01500EFE700ED00E008EA0600FD
:103D90001C8F06002DE9F04385B080460F469946FA
:103DA0001646002509E02146F0B21BF027F9064629
:103DB00010F1160F1ED001360135BD421ADA05EB9F
:103DC000450408EB84046268002AF5D0B9F1000FBD
:103DD000E9D020461BF0F2F80028E4D10395074B08
:103DE0000293019000900346012205491BF0F7F869
:103DF0006FF01506304605B0BDE8F08330EA0600E6
:103E00001C8F060010B5034C01232278FFF7C2FF78
:103E1000207010BD605B012008B500230B4A1278AA
:103E2000FFF7B8FF10F1160F0FD0024606E0084B5F
:103E3000C3F898200021C3F8A0100132044BD3F836
:103E40009030C3F307239342F1DC08BD605B01208F
:103E500000ED00E0044B0522C3F89420BFF34F8F20
:103E6000BFF36F8F704700BF00ED00E0BFF35F8FBF
:103E7000024B0022C3F89420704700BF00ED00E021
:103E800038B51C4B1D681C4BD3F89030C3F3072387
:103E90009D422BD8FFF7EAFF002409E0154B5B6831
:103EA00004EB440103EB81012046FFF73BFF0134A3
:103EB000A542F3D8114805701BF0BFF810F1160F9A
:103EC00013D00E4B1A780C4BD3F89030C3F3072362
:103ED0009A4207DA084BC3F898200021C3F8A010D3
:103EE0000132F0E7FFF7B6FF002038BD4FF0FF309A
:103EF000FBE700BF54EA060000ED00E0605B012034
:103F000008B5024B1B689847002008BDDC32012031
:103F1000034B1860034A937843F002039370704791
:103F2000DC3201201C0A002030B587B00D46114656
:103F300000240094019402940394049405940222B2
:103F40008DF80220044A0192049005951A466846AD
:103F500014F038FA07B030BDFBF1050008B506498A
:103F600021F00701C1F1005202F58022034819F047
:103F7000E9FD002008BD00BFFFE40220E03201207F
:103F800008B501230A4AC2F840354FF08042C2F812
:103F900078351BF03DF920B14FF080430122C3F882
:103FA00038264FF080430122C3F88025002008BD49
:103FB00000E0014030B108B5034B800143F001033C
:103FC000984708BD704700BF509206000023012BA0
:103FD0000ED8094A02EBC30252680AB10133F6E770
:103FE000054A42F8330002EBC302516000207047DB
:103FF0006FF01B00704700BFEC3201200146002328
:1040000000E00133012B0BD8064800EBC3004268E7
:10401000002AF6D0034A52F833208A42F1D100E058
:1040200000207047EC3201202DE9F84F83460F46FF
:1040300092460846F2F742FF80464FF0FF324FF0BB
:10404000FF3320480FF09EFF1F4B1C689C421DD081
:104050000026B1460CE02A46E168384624F039FCD7
:1040600008B92E46A146184B5B689C4210D02468C4
:1040700084B1A569AE42F6D8A845F4D3012DEAD99A
:104080007B5D2F2BE7D0002BE5D0ECE70024DFE7AA
:104090000024EDE70B480FF0F5FFB9F1000F0BD04E
:1040A000CBF80090BAF1000F09D0D9F81830CAF84F
:1040B00000300020BDE8F88F6FF00100FAE7002023
:1040C000F8E700BF9C0F00202C0A0020F0B587B055
:1040D00071B3054616460F460846F2F7EFFE012873
:1040E00026D93B782F2B23D16B68002B46D1002299
:1040F000394605A8FFF798FF041E26DB059B93F8B9
:10410000202012F0020F02D016F0120F39D1DA6916
:104110001268002A38D06B60DB691B68324639466A
:1041200028469847041E1BDB2E72204607B0F0BDC0
:10413000174B02930020019000900346012215497D
:104140001BF07EF86FF01504EFE7134B029300208D
:1041500001900090034601220E491BF071F8E4E73C
:1041600003940E4B029300260196009633460122DB
:10417000084930461BF064F86E60D6E76FF00F0414
:10418000D3E76FF01D04D0E76FF08504CDE700BFE3
:1041900088EA0600DC8E06009CEA0600B4EA060007
:1041A00030B585B04368BBB10446DB69DB69ABB1B0
:1041B0009847051E04DB00236360284605B030BD28
:1041C0000395084B029300200190009003460122C2
:1041D00005491BF035F8F0E70025EEE76FF085059F
:1041E000EBE700BFCCEA0600DC8E060010B584B019
:1041F0004368A3B1DB695B68A3B19847041E02DB87
:10420000204604B010BD0394084B02930020019097
:1042100000900346012206491BF012F8F0E76FF008
:104220000804EDE76FF08504EAE700BFE4EA060062
:10423000DC8E060010B584B04368A3B1DB699B68CF
:10424000A3B19847041E02DB204604B010BD0394BE
:10425000084B02930020019000900346012206497A
:104260001AF0EEFFF0E76FF00804EDE76FF0850459
:10427000EAE700BFFCEA0600DC8E060010B584B059
:104280004368A3B1DB69DB68A3B19847041E02DB76
:10429000204604B010BD0394084B02930020019007
:1042A00000900346012206491AF0CAFFF0E76FF0BA
:1042B0000804EDE76FF08504EAE700BF14EB0600A1
:1042C000DC8E0600F0B587B041B304460E460B788D
:1042D00023B32F2B22D14368002B59D10768002F1D
:1042E00059D130493046F2F7D7FD054618B30022C0
:1042F000314605A8FFF798FE051E30DB059BDA69FD
:10430000126A002A4AD06360DB691B6A3146204684
:104310009847051E2EDB284607B0F0BD224B0293BE
:104320000020019000900346012220491AF088FFE6
:104330006FF01505EFE74FF0FF324FF0FF331C48E9
:104340000FF020FE002363601A4A1368934204D0E2
:10435000236017480FF096FEDDE73B46F8E7164B63
:104360000293002001900090034601220F491AF0A9
:1043700067FFD0E700206060206003950F4B029339
:10438000019000900346012208491AF059FFC2E744
:104390006FF00F05BFE76FF00F05BCE76FF0850505
:1043A000B9E700BF809906002CEB0600DC8E060002
:1043B0009C0F00202C0A00209CEA060048EB060017
:1043C00030B585B0044643685BB1DB699B6ABBB11D
:1043D0009847051E08DB002363602360284605B06C
:1043E00030BD00250560F9E70395074B02930020D7
:1043F000019000900346012204491AF021FFEDE7E5
:104400006FF08505EAE700BF64EB0600DC8E06006E
:1044100030B587B0F0B10546F2F750FD012819D943
:104420002B782F2B16D10022294605A8FFF7FCFD7B
:10443000041E1CDB059890F8203013F0020F2DD1DC
:10444000C369DB6B6BB329469847041E1ADB204611
:1044500007B030BD144B029300200190009003463A
:10446000012212491AF0ECFE6FF01504EFE7104B31
:104470000293002001900090034601220B491AF09C
:10448000DFFEE4E703940B4B0293002001900090C1
:104490000346012205491AF0D3FED8E76FF01D0448
:1044A000D5E76FF08504D2E72CEB0600DC8E060022
:1044B0009CEA060080EB060030B587B0F0B10546F7
:1044C000F2F7FCFC012819D92B782F2B16D10022EA
:1044D000294605A8FFF7A8FD041E1CDB059890F8E7
:1044E000203013F0020F2DD1C3695B6B6BB32946EB
:1044F0009847041E1ADB204607B030BD144B0293C8
:104500000020019000900346012212491AF098FE03
:104510006FF01504EFE7104B02930020019000901C
:10452000034601220B491AF08BFEE4E703940B4B80
:1045300002930020019000900346012205491AF0E1
:104540007FFED8E76FF01D04D5E76FF08504D2E752
:1045500088EA0600DC8E06009CEA0600A0EB060056
:1045600070B586B000B30E460546F2F7A7FC0128E9
:104570001AD92B782F2B17D10022294605A8FFF72F
:1045800053FD041E1DDB0598C3691B6C002B2FD047
:10459000324629469847044610F1020F01D0002800
:1045A0001ADB204606B070BD134B02930020019029
:1045B00000900346012211491AF042FE6FF01504E3
:1045C000EFE70F4B02930020019000900346012279
:1045D0000A491AF035FEE4E703900A4B02930020E3
:1045E000019000900346012204491AF029FED8E701
:1045F0006FF08504D5E700BFBCEB0600DC8E06003B
:104600009CEA0600D8EB0600F0B585B0D0B10646AE
:10461000C468BCB1076817BB2046F2F74FFC0546DB
:10462000012829D923782F2B26D14FF0FF324FF0C4
:10463000FF3358480FF0A6FC574B1C689C423AD1F8
:104640003C4638E0554B0293002001900090034611
:10465000012253491AF0F4FD6FF0150463E0514B49
:104660000293002001900090034601224C491AF069
:10467000E7FD6FF00F0456E04B4B029300200190D2
:1046800000900346012246491AF0DAFD6FF0150446
:1046900049E0444B02930020019000900346012220
:1046A0003F491AF0CDFD6FF00F0439E03A4B5B68DB
:1046B0009C421BD02468DCB1A369AB42F6D13269BD
:1046C00023699A42E5D02A46E168F06824F001F9AE
:1046D0000028EBD1354B0293019000900346012254
:1046E0002F491AF0ADFD6FF00F0419E03C46E2E7E8
:1046F000B46820461AF09CFD0746B8B1C36A0BB3F4
:10470000036B002B2CD0FB6A30469847041E34DB29
:10471000B561F761204B5A683360726016605E6065
:104720001C480FF0AFFC204605B0F0BD204B0293B3
:10473000019000900346012219491AF081FD6FF0A3
:104740000104EDE703941B4B0293002001900090BD
:104750000346012212491AF073FD6FF08504DFE76A
:10476000F3680393144B02930020019000900346DA
:1047700002220B491AF064FDC5E703940F4B029324
:104780000020019000900346012205491AF058FDCF
:10479000C6E700BF9C0F00202C0A0020FCEB06009F
:1047A000DC8E06001CEC06003CEC060054EC060017
:1047B00074EC0600A0EC0600C8EC0600ECEC060069
:1047C00038B504460D464FF0FF324FF0FF330A482C
:1047D0000FF0D8FB20461AF02BFD48B92946204699
:1047E000FFF7F4FB044604480FF04CFC204638BDAC
:1047F0006FF07704F7E700BF9C0F002008B502496F
:104800000020FFF7DDFF08BD04ED060030B5ADF573
:10481000057D04460569C0681AF050FD0146012275
:1048200028460CF0FFFE0D280BD028B994F8203054
:1048300043F0080384F820301AF011FD0DF5057DD2
:1048400030BD94F8203013F0020F1CD113F0010F8B
:10485000EBD16D460D4B0FCB85E80F00E0681AF0E9
:104860002DFD4FF4007304AA29460DF099F9002894
:10487000E2D12569E0681AF021FD014601222846AF
:104880000CF0D0FED1E76FF01D00D7E718900600BE
:1048900038B50446006821F0F7FE05462168034854
:1048A00022F0E8FF28461AF0DAFC38BDC80E0020D6
:1048B00070B582B004460D460022002301A91148BC
:1048C0000FF02EFBA0B9019E50220021304624F0AB
:1048D0009DF8266028461AF0F1FC0146304621F08A
:1048E00088FE054638B928461AF0B9FC02B070BDFA
:1048F0006FF00B00FAE70199024822F0BBFF00239A
:104900002360F0E7C80E002038B50446006821F0A7
:104910005DFD05462168044822F0ACFF00232360BA
:1049200028461AF09CFC38BDE40E0020F0B583B098
:1049300004460D4616460022002301A913480FF035
:10494000EFFAC8B9019F50220021384624F05EF8E2
:10495000276030461AF0B4FC064628461AF0AEFC32
:104960000146324638460CF089FE054638B92846DD
:104970001AF075FC03B0F0BD6FF00B00FAE7019977
:10498000024822F077FF00232360F0E7E40E0020C6
:1049900008B5044822F08FFE08B1002008BD6FF072
:1049A0001200FBE7D08B0600F0B585B00446071D6A
:1049B0000023436002230372437201238372C37294
:1049C00090F8373013F0010F04D113F0020F29D003
:1049D000022500E00125EDB26573012363723946BB
:1049E00020681AF09DFD0646F0B9206B1AF0EBFD29
:1049F00002236372394620681AF092FD0646F0B928
:104A000025740023A4F86E30206B1AF0DCFD174BE0
:104A10006360394620681AF083FD0646D0B93046F7
:104A200005B0F0BD0325D6E7114B0293002001909D
:104A30000090034601220F491AF0DBFDEFE70C4B13
:104A400002930020019000900346012209491AF0C8
:104A5000D0FDE4E7084B029300200190009003464C
:104A6000012204491AF0C5FDD9E700BF801A0600EB
:104A70004CED06004C8F060074ED060030B585B095
:104A800005461AF07CFD88B90A2229461B481AF00F
:104A900062FD044610F1740F16D020BB95F84C301F
:104AA0007BB128461AF07CFD04460AE00446144B0C
:104AB00002930020019000900346012211491AF050
:104AC00098FD204605B030BD0F4B029300200190A9
:104AD0000090034603220B491AF08BFD28461AF07A
:104AE0004EFD0446EDE7094B029300200190009033
:104AF0000346012203491AF07CFDE2E7114B040052
:104B000090ED06004C8F0600A4ED0600D8ED0600DF
:104B100010B58EB00446082305934FF4D573069361
:104B200079230B9300220C92C8230D9305A90068EA
:104B30001AF0EDFC08BB94F84C3083B1089BDAB254
:104B4000AA2A0ED103F47063B3F5807F17D1B4F8AD
:104B50006E3043F00803A4F86E300EB010BD079B12
:104B6000EDE7084B029300200190009003460322DA
:104B700005491AF03EFD0120EFE70120EDE76FF057
:104B80008500EAE7ECED06004C8F060070B584B0B6
:104B9000002877D00C4641F8280B1AF0D3FC0546C4
:104BA00018BB04F11406304622F0AEFE054630BBB9
:104BB0004FF44042002330460FF0E4F9054608BBAD
:104BC0002046FFF7F1FE054638BB20461AF020FDCF
:104BD0000546032825D000284DD1022384F86C30E7
:104BE00030460FF04FFA054609E0284B02930020AB
:104BF000019000900346012225491AF0FAFC28464C
:104C000004B070BD234B0293002001900090034636
:104C100001221F491AF0EDFCF1E730460FF032FA9D
:104C2000EDE7012384F86C302046FFF7BDFE054612
:104C300098B920461AF0ECFC05460028CDD0164B5A
:104C400002930020019000900346012210491AF0BF
:104C5000D0FC30460FF016FAD1E7104B029300203B
:104C6000019000900346012209491AF0C2FC304627
:104C70000FF008FAC3E730460FF004FA012384F876
:104C80006C30BCE76FF01205B9E700BF14EE060008
:104C90004C8F060044EE06008CEE060070EE060017
:104CA00038B505460F4C05E07D2022F0FEFC7D3C2A
:104CB000002C13DD28681AF0D1FC0028F4D10A2258
:104CC000294609481AF0D3FC034648B110F1740F85
:104CD000EAD1A4F5F414A4F59064E5E76FF00F03AE
:104CE000184638BD8096980097F6050030B595B007
:104CF0000446012B29D012200B90B4F86E0010F05E
:104D0000020F24D1B4F8680002FB00F00C901120CF
:104D1000119003201290C82013900592B4F86820D7
:104D200006920793099142F210730A9305AA0BA900
:104D300020681AF08AFC054658B92046FFF7B0FFF4
:104D4000054690B9284615B030BD1120D4E70C9225
:104D5000DDE703900B4B0293002001900090034687
:104D6000012209491AF013FEECE7084B02930020D8
:104D7000019000900346012203491AF008FE6FF0EB
:104D80007305DFE7B8EE06004C8F0600D8EE06008C
:104D900010B58EB0044637230593090406911123FC
:104DA0000B9300220C92C8230D9305A900681AF0FA
:104DB0004CFCF8B90B9B012B09D094F84C30D3B9BB
:104DC000079B13F0200F16D16FF0850013E0079AB0
:104DD0000A4B1340002BF0D00392094B02930020A2
:104DE000019000900346022206491AF0D0FD6FF0B0
:104DF000040000E001200EB010BD00BF0880F9FDE6
:104E0000FCEE06004C8F060070B590B004460D46CF
:104E100000F19006B0F86210FFF7BAFF08B110B0C9
:104E200070BD162307930023089311220D920E9351
:104E3000C8220F9201930423029301230393059642
:104E400042F21073069301AA07A920681AF0FDFB2D
:104E50000028E4D10D9B012B0ED0D4F89020130A2A
:104E600003F47F4343EA1263110201F47F010B4311
:104E700043EA02632B60D2E7034B099A1340002BED
:104E8000EBD01846CBE700BF0880F9FD30B597B0EE
:104E900004461D46012B3AD019230C93B4F86E300A
:104EA00013F0020F35D1B4F8683002FB03F30D9311
:104EB0001123129303231393C82314930692B4F877
:104EC0006830079308950A9142F210730B9306AA73
:104ED0000CA920681AF0B9FBE8B12046FFF7E0FE04
:104EE0000346E8B915A92046FFF78EFF0346B8B977
:104EF0000495159B0393124B029301900090034677
:104F0000012210491AF043FD6FF0040308E0182352
:104F1000C3E70D92CCE72046FFF7C2FE034610B967
:104F2000184617B030BD084B029300200190009046
:104F30000346012203491AF02AFD6FF07303EFE7DD
:104F40002CEF06004C8F0600D8EE06002DE9F0414C
:104F500084B015461E461A44436E9A4245D804460C
:104F6000884690F86D30012B17D000F114074FF4EC
:104F7000A022002338460FF005F8D8B933462A4658
:104F800041462046FFF7B2FE044600BB38460FF00C
:104F900079F8204604B0BDE8F081154B029300205B
:104FA000019000900346022212491AF0F0FC6FF0C3
:104FB0008504EEE7104B0293002001900090034619
:104FC00002220C491AF0E3FC6FF00F04E1E70B4BEF
:104FD00002930020019000900346012205491AF037
:104FE000D6FC38460FF04EF8D3E76FF01504D0E743
:104FF00050EF06004C8F060074EF060090EF06009D
:105000002DE9F04184B015461E461A44436E9A427B
:1050100045D80446884690F86D30012B17D000F132
:1050200014074FF4A022002338460EF0ABFFD8B986
:1050300033462A4641462046FFF728FF044600BB78
:1050400038460FF01FF8204604B0BDE8F081154B3C
:1050500002930020019000900346022212491AF0A8
:1050600096FC6FF08504EEE7104B02930020019050
:105070000090034602220C491AF089FC6FF00F04DD
:10508000E1E70B4B029300200190009003460122C0
:1050900005491AF07CFC38460EF0F4FFD3E76FF0B8
:1050A0001504D0E750EF06004C8F060074EF0600A1
:1050B000A4EF06002DE9F04184B005460C461746E2
:1050C00000F114064FF4A022002330460EF05AFFE0
:1050D000804638B9611E042922D8DFE801F00E1796
:1050E00021171B00104B02930020019000900346F3
:1050F00002220E491AF04BFC04E06B6E3B60304616
:105100000EF0C0FF404604B0BDE8F081B5F868304D
:105110003B60F4E72846FFF7C3FD6FF08508EEE734
:105120006FF08508EBE700BF74EF06004C8F0600B8
:1051300030B58BB004460D462422002101A823F08F
:1051400065FCB4F8621020461AF049FD034668B9C0
:105150000623019301230793C8230993002308938F
:10516000012D06D0042D19D06FF0850318460BB021
:1051700030BD00230293002201A920681AF055FCDB
:1051800003460028F2D1079B012B0AD0A5722146C5
:1051900051F8040B1AF052FC0346E7E7022302938E
:1051A000E9E7034B039A1340002BEFD0DEE700BF83
:1051B0000880F9FD70B58EB005460E46292305938B
:1051C000069114230B93C8230D9300240C9406E03E
:1051D000079B002B1EDB0A201AF07BFD0134B4F57F
:1051E0007A7F17DA002128461AF0F9FC03460128D5
:1051F000F4D038BB002205A928681AF016FC034633
:1052000000BBF6B195F84C30002BE1D0079B13F0B2
:10521000010FE0D1B4F57A7F06DA95F84C30A3B9E6
:10522000079B2B6500230DE0094B029300200190A2
:1052300000900346012207491AF061FD6FF07303E5
:1052400000E0334618460EB070BD0023FAE700BFF9
:10525000B4EF06004C8F0600F0B585B0044600F1AF
:105260009001426D836A9A4228BF1A46164690F80A
:105270006B30E3B1012B30D10227009100220121D4
:1052800020461AF063FC054640BB94F8A03094F821
:105290006B2003F00F039A420BD0124B0293019044
:1052A00000900346022210491AF029FD16E001275A
:1052B000E3E7E7726660214651F8040B1AF0BEFB83
:1052C000054658B1094B0293002001900090034617
:1052D000012205491AF013FD00E00025284605B01B
:1052E000F0BD00BFD0EF06004C8F0600F0EF0600C7
:1052F00030B585B090F8363013F0200F30D004462A
:1053000090F86A30012B2FD9436D0BB9002528E0A6
:105310001AF053FC2046FFF79FFF0546A8B9B4F8E2
:105320006E3013F0040F1CD004212046FFF700FF5D
:105330000546B0B10D4B029300200190009003464A
:1053400001220B491AF0DBFC0BE00A4B0293002010
:10535000019000900346012205491AF0D0FC00E0BC
:105360000025284605B030BD0025FAE734F00600D8
:105370004C8F060010F0060070B584B090F84C30E9
:10538000002B00F0B480044600211AF0AFFB054664
:10539000A8BB002384F86D30B4F86E3013F0080F0A
:1053A00030D10026642022F080F931462046FFF7F4
:1053B00001FF054648BB94F84C308BBB236D13F0BE
:1053C000804F05D0B4F86E2042F00202A4F86E209F
:1053D00013F0807F05D0B4F86E2042F02002A4F8CC
:1053E0006E2013F4003F05D0B4F86E3043F0400354
:1053F000A4F86E3020461AF0FCFA0546C0B12846E3
:1054000004B070BD4FF08046CCE73A4B02930020C9
:10541000019000900346012237491AF070FCEEE734
:10542000314620461AF062FB05460028C6D0E6E762
:1054300020461AF0BBFA05460028E0D1A36A2F4A9D
:10544000934231D92E4B6360214651F8040B1AF078
:10545000F5FA0546002834D120461AF0C4FB05466B
:105460000028CCD1B4F86E3013F0020F0BD14FF4FA
:10547000007120461AF053FB054600282CD14FF44A
:105480000073A4F868302046FFF732FF0546002875
:10549000B5D01C4B029300200190009003460122DE
:1054A00015491AF02CFCAAE70393174B02930190BD
:1054B00000900346032210491AF021FCA36A63609E
:1054C000C2E7124B02930020019000900346012294
:1054D00009491AF014FC92E70D4B02930020019049
:1054E00000900346012204491AF009FC87E76FF097
:1054F000850584E760F006004C8F06003F787D014B
:1055000040787D0100F106007CF00600B4F0060052
:10551000DCF00600F0B58BB004460D461646037865
:10552000032B38D8DFE803F002212B311D4B93E821
:1055300003000790ADF82010090C8DF82210637954
:105540002279E178A07867780DF11C0CCDF814C0B1
:1055500004970390029101920093A379124A314675
:10556000284612F003FF0BB0F0BD104B93E8030088
:105570000790ADF82010090C8DF82210DFE70C4AD7
:1055800007AB07CA03C31A80D9E70A4A07AB07CAA1
:1055900003C31A80D3E7084A0A2107A812F0E6FEDF
:1055A000CDE700BF34F1060044F106003CF10600EF
:1055B00068F1060074F106003C040700402928BF8A
:1055C000402100238B421CD230B410F803C04FEAB4
:1055D0001C1C5A000D4D15F80CC00D4C04F813C0DE
:1055E00010F803C00CF00F0C013215F80C50A55444
:1055F00001338B42E9D30648002200F8132030BC67
:1056000070470348002200F81320704780F106001D
:105610001C33012010B5034C1E222146FFF77AFFF0
:10562000204610BDFC32012070B584B002AE0024CB
:1056300002940394084B0293084D284622F0AFFBD6
:1056400000960A234FF4A862054928460EF052FF3F
:10565000204604B070BD00BF94F1060098220020DF
:1056600080FD012008B50146014822F0B9FB08BDC4
:105670009822002008B50146014822F0CAFB08BD67
:105680009822002010B586468C460378012B18D04E
:10569000022B32D003B110BD224C0FCCCCF800004D
:1056A000CCF80410CCF80820CCF80C3023788CF817
:1056B0001030BEF802308CF80D301B0A8CF80E301A
:1056C000E9E7184C0FCCCCF80000CCF80410CCF86B
:1056D0000820CCF80C3023788CF81030DEF8043039
:1056E0008CF80D30C3F307228CF80E201A0C8CF8BE
:1056F0000F201B0E8CF81030CDE70068DEF8041088
:10570000DEF80820DEF80C30CCF80000CCF80410ED
:10571000CCF80820CCF80C309EF810308CF8103003
:10572000B9E700BFA0F1060038B5044605481CF0F3
:105730006AFE054620B101210C301CF0DCFE2C76FF
:10574000284638BD2411002010B513280ED091B181
:105750000B481CF058FE044634B1012104F10C0042
:105760001CF0C9FE01232376204610BD05481CF01D
:105770004AFE0446F0E70120FFF7D6FF0446F3E7B0
:10578000A010002050110020002383B170470C4A64
:1057900032F8132032B940F47042094C24F8132037
:1057A000084AD1540133002BF1D010BC7047044A91
:1057B00032F813200AB10133E7E710B4EBE700BF7A
:1057C000A4330120A033012040F4704000230BB12A
:1057D00000207047064A32F81320824201D001337C
:1057E000F5E7034A002122F81310024AD05C704703
:1057F000A4330120A0330120C2685178084B83F8FC
:1058000070105188A3F87210117983F87110B2F8F2
:105810000710A3F87410B2F80520A3F8762070479B
:10582000A8030020C268034BD2F80100D2F805108B
:1058300003C370478004002030B5C46804F1010C34
:10584000094D4134AE46DCF80000DCF80410DCF809
:105850000820DCF80C30AEE80F000CF1100C754697
:10586000A445EFD130BD00BF28040020C268034B1F
:10587000D2F80100D2F8051003C3704720040020BD
:1058800008B5C06801301AF0EAFA024BC3E93801E2
:1058900008BD00BFA8030020032801D902487047B3
:1058A000024B53F820007047ECF10600ECFA0600BA
:1058B000022807D1052901D903487047034B53F843
:1058C0002100704700487047ECF10600D4FA06004A
:1058D000032801D902487047024B53F82000704753
:1058E000ECF10600C4FA0600C3681B788BB9094BBB
:1058F000BFF35B8F1A68BFF35B8F02F00902BFF33F
:105900005B8F53E8001F43E800200028F9D1BFF364
:105910005B8F70477C04002008B5C368B3F8012092
:1059200091B209B1D97801B908BD0548A0F80421A0
:10593000D9780A4600F5847022F0A6F8F4E700BF93
:10594000A803002008B5C268084BB3F8043103B1BE
:1059500008BDB2F801300548A0F8043191880A4624
:1059600000F5847022F090F8F2E700BFA803002051
:1059700000B585B0C3681B780393064B02930020E3
:10598000019000900346022203491AF0A6FA05B0DE
:105990005DF804FBF4F106007C8E060030B587B09C
:1059A000054608464FF0000C634520D902EBCC01B8
:1059B00012F83C40AC4208D1038A4A78934207D39C
:1059C0004B689847002007B030BD0CF1010CEBE7A5
:1059D00004950393074B0293002001900090034627
:1059E000012205491AF079FA6FF01500EBE76FF024
:1059F0005E00E8E71CF206007C8E0600012801D05C
:105A00000020704708B50622074B93F86F0003F09B
:105A100017F900B108BD05220449034B93F86F0044
:105A200003F00EF9F6E700BFA803002014F106000A
:105A300010B584B002F046F91030BFF35B8F50E828
:105A4000003F23F0800340E80032002AF7D1BFF383
:105A50005B8F00210120FFF7D1FF044648B13C23B2
:105A60004372002102F082FE20461AF08EFF04B03D
:105A700010BD054B0293019000900346012203499B
:105A80001AF02BFAF3E700BF40F206007C8E060006
:105A900030B585B0C368B3F801501B780BB105B0C1
:105AA00030BD0F21284602F03DFF044648B10021D9
:105AB00002F05CFEA378012B0ED020461AF065FFA1
:105AC000EDE70395064B02930190009003460122F7
:105AD00004491AF002FAE2E720461AF056FFDEE720
:105AE00064F206007C8E06002DE9F04186B0D0F805
:105AF0000C8098F8002093000133018A8B4201D872
:105B0000002765E0059104930392414B0293002026
:105B100001900090034601223E491AF0DEF906B0DA
:105B2000BDE8F081013BE36182F31188BFF36F8F21
:105B3000204602F0F1FB0EF01BFB23E082F31188FC
:105B4000BFF36F8F002B35D0EFF31181402282F32A
:105B50001288BFF36F8FDA68E2610022DA601A60A0
:105B6000626A002A50D01360636281F31188BFF328
:105B70006F8F04F128000EF0B5FC204602F0CCFB3C
:105B80000EF0F6FA2E46751EADB2EEB1EFF31182AD
:105B9000402383F31288BFF36F8FE369002BC1D1D9
:105BA0006369002BCAD019686161A0698342C5D1BD
:105BB000A161C3E7184B02930020019000900346B7
:105BC000012214491AF089F920461AF0DEFE013745
:105BD00098F800309F42A2DA08EB8703B3F801502F
:105BE000B3F803600F21284602F09CFE044600280B
:105BF000C9D10395094B02930190009003460122FD
:105C000004491AF06AF9E2E763622362ADE700BF74
:105C10008CF206007C8E0600D4F20600B8F2060074
:105C200000B970472DE9F04186B00E46154607468B
:105C30004C4B0022BFF35B8F53E8004F43E8002139
:105C40000029F9D1BFF35B8FA046002C45D0204638
:105C50001CF0B5FB00EB4000434B03EB80035B887B
:105C6000BB4246D1A5420ED020461CF0C7FB012105
:105C7000217604F10C0738461CF03DFC2A8AE968BD
:105C800038461CF042FC20461CF099FB00EB40001B
:105C9000354B03EB80035B680BB1002E52D02046DE
:105CA0001CF08DFB00EB40002F4B03EB80039B6847
:105CB000002B3ED020461CF082FB2B4D00EB400019
:105CC00005F8206020461CF07AFB00EB400005EB55
:105CD0008005A8680EF04CFA2BE00397234B029343
:105CE0001046019200921346012221491AF0F5F85C
:105CF0001FE020461CF063FB00EB40001A4B03EB57
:105D000080035B88049303971A4B02930020019051
:105D100000900346012216491AF0DFF8114BBFF339
:105D20005B8F53E8008F43E80042002AF9D1BFF3AC
:105D30005B8FB8F1000F02D040461CF09EFB06B00E
:105D4000BDE8F08120461CF03AFB00EB4000064B1A
:105D500003EB80035B681A7A596818681AF03EF9F9
:105D60009DE700BFE8040020A8330120ECF2060004
:105D70007C8E060014F3060030B585B0C468B4F814
:105D800001500121284602F0CDFDA0B10346227842
:105D9000E2B11A1DBFF35B8F52E8000F40F4805050
:105DA00042E800010029F7D1BFF35B8F18461AF0D3
:105DB000ECFD05B030BD0395094B029301900090B6
:105DC0000346012207491AF088F8F2E7D4F80310D5
:105DD000D4F80720C0F8AD10C0F8B120D9E700BF53
:105DE00048F306007C8E060038B5044604210C30CA
:105DF0001CF0ADFB4578224601784088FFF710FF84
:105E000005B938BD01480EF0B3F9FAE7D004002017
:105E100030B585B0044603210C301CF098FB0578A2
:105E2000B0F80100E368197840F63543984205D090
:105E30002246FFF7F5FE6DB905B030BD0391074B63
:105E400002930020019000900346022204491AF0B8
:105E500044F8F1E703480EF08BF9EDE76CF3060028
:105E60007C8E0600D004002000B585B001210C30E6
:105E70001CF06DFB03780393064B02930020019006
:105E800000900346012204491AF027F805B05DF896
:105E900004FB00BFA4F306007C8E060070B586B03C
:105EA00005460C46FFF77AFD10F15F0F01D006B0F2
:105EB00070BD268A3146E068FFF780FB05900496A6
:105EC0000395054B029300200190009003460222A7
:105ED00002491AF002F8EAE7C8F306007C8E0600D1
:105EE00030B585B00446038A012B15D902210C3048
:105EF0001CF02DFB0546007819F0CCFF10F0020FC6
:105F000019D00423144A21462878FFF7C7FF2046FA
:105F10001CF0B3FA05B030BD0393104B0293002080
:105F200001900090034601220D4919F0D6FF20464A
:105F30001CF0A3FAEEE740F6FB230A4A0A490B4895
:105F400017F08DFE002383F31188BFF36F8F0323B7
:105F5000184602DFD5E700BF24FB0600ECF306007D
:105F60007C8E060008F406003CF406006CF4060083
:105F700010B5044601210C301CF0E9FA0723034A4E
:105F800021460078FFF78AFF10BD00BF44FB0600E2
:105F900010B584B00C46FFF701FD10F15F0F01D082
:105FA00004B010BD218AE068FFF708FB0390054BA1
:105FB000029300200190009003460222024919F04A
:105FC0008CFFEDE78CF406007C8E060010B50446CD
:105FD00001210C301CF0BBFA0023034A2146007853
:105FE000FFF7D6FF10BD00BF7CFB060000B585B0F3
:105FF00001460C481CF011FA0B490C4821F0A9FE8F
:10600000002802DB05B05DF804FB0390084B029307
:1060100000200190009003460122064919F05DFF1F
:10602000F0E700BFEC040020700A0020B823002035
:10603000B0F406007C8E060070B586B00446038A74
:10604000032B1ED904210C301CF081FA42880088F1
:10605000060BC0F30B006083FF236376238A934211
:106060001FD0049203931F4B0293002001900090D5
:10607000034601221C4919F030FF20461CF0FDF9AF
:106080000DE00393194B029300200190009003460A
:106090000122154919F021FF20461CF0EEF906B047
:1060A00070BD0F2102F03EFC054658B102F062FCC3
:1060B00060763246214628461AF034FC28461AF00B
:1060C00064FCECE7638B0393094B0293019000900F
:1060D00003460122044919F000FF20461CF0CDF9C7
:1060E000DDE700BFF4F406007C8E0600D0F4060065
:1060F00018F5060010B584B01A481CF0A3F988B151
:106100000446037E012B0FD0032B10D1FFF794FF21
:10611000154BD3F844312BB11449154821F019FE21
:10612000002813DB04B010BDFFF7DAFEF0E703939D
:10613000104B0293002001900090034601220E496B
:1061400019F0CBFE20461CF098F9E1E703900B4BC9
:10615000029300200190009003460122064919F0A5
:10616000BCFEDFE7EC040020A8030020700A00203A
:10617000B82300203CF506007C8E0600B0F4060033
:106180002DE9F04F85B0C5682E880121304602F018
:10619000C9FBB0B30446B5F802801FFA88F2EE8856
:1061A0001FFA86FAAF881FFA87F92D891FFA85FB37
:1061B000A2F11B039BB2E02B2ED8AAF11B039BB2CA
:1061C000E02B35D8A9F5A4739BB244F24812934250
:1061D0003BD8ABF5A4739BB244F24812934241D82A
:1061E000A4F8BE80A4F8C070A4F8C260A4F8C4509B
:1061F000204602F04FFC20461AF0C7FB05B0BDE870
:10620000F08F03961E4B02930190009003460122EB
:106210001C4919F062FEF1E703921B4B0293002028
:106220000190009003460222164919F056FEC4E779
:10623000CDF80CA0154B029300200190009003466E
:106240000222104919F049FEBCE7CDF80C90104B22
:10625000029300200190009003460222094919F0A0
:106260003CFEB6E7CDF80CB00A4B0293002001903B
:10627000009003460222034919F02FFEB0E700BF49
:1062800048F306007C8E060050F506007CF50600FB
:10629000A8F50600D0F5060070B586B0C568B5F85B
:1062A00001600121304602F03DFB38B304462B78F3
:1062B0001A2B2ED02B78002B49D1B5F80330A4F837
:1062C0009E30B5F80530A4F8A430B5F80730A4F82E
:1062D000A630231DBFF35B8F53E8001F21F48071AC
:1062E00043E80012002AF7D1BFF35B8F204602F08B
:1062F00081FB20461AF049FB06B070BD0396264B81
:1063000002930190009003460122244919F0E5FD13
:10631000F2E7C378012BCDD10A21043019F083FEB6
:106320000028C7D1B4F8A030ADF81030B4F8A230CE
:10633000ADF81230B4F8A830ADF81430B4F8AA3083
:10634000ADF8163004A920461AF0B1FCD1E7261D9D
:106350000821304619F0B4FD10B12B78202B0CD059
:10636000BFF35B8F56E8003F23F4807346E80032AA
:10637000002AF7D1BFF35B8FB8E794F8AC30002B5D
:10638000EED0013B84F8AC304FF42032002304F10E
:1063900058000EF0F3F8A9E748F306007C8E0600DB
:1063A00010B50C460A604B609DF808300B721CF06B
:1063B00006F800EB4000024B03EB80035C6010BD6D
:1063C000A83301202DE9F843064688464FF0FF32F6
:1063D0004FF0FF3319481CF016F8044658B300F18B
:1063E0000C07012138461CF086F84FF0000984F8AC
:1063F000189020461BF0E3FF114D00EB400005EB29
:106400008000468020461BF0DAFF00EB400005EBE1
:106410008003C3F8089020461BF0D1FF00EB40003A
:1064200005EB8005C5F80490032138461CF067F899
:10643000068080F802802046BDE8F883F81000202E
:10644000A8330120F0B58DB0074615460C4661B360
:1064500006AE01220021304621F016FB20461BF03B
:10646000AEFF00EB4000364B03EB80039E602046FE
:106470001CF01DF8014633481BF0FBFF4FF4A0222F
:10648000002330460DF09AFE0646B0B920461BF0B8
:1064900096FF00EB40002A4B13F8206016BB002D3E
:1064A00045D02C6000200DB0F0BDFFF78BFF0446F7
:1064B0000028CDD16FF06800F5E740F24D13224A75
:1064C0002249234817F0CBFB32463946214817F0C2
:1064D000C6FB002383F31188BFF36F8F0323184695
:1064E00002DFD3E7049603971B4B02930020019031
:1064F000009003460222194919F0EFFC20461BF0D8
:10650000BCFF093E092E0FD8DFE806F0050E0E0B82
:10651000160E0E0E0E086FF06E00C4E76FF0150039
:10652000C1E76FF00C00BEE76FF00400BBE7204648
:106530001BF0A3FF0020B6E76FF00B00B3E700BF2E
:10654000A8330120F404002008F40600F8F5060042
:106550006CF4060004F6060030F606007C8E060099
:1065600010B582B0224BD3F864319B6813F0010F51
:106570000DD101AA002140F60340FFF763FF044656
:1065800068B90198FFF7B0F901981BF076FF01AAEE
:10659000002141F20300FFF755FF044610B12046E9
:1065A00002B010BD0198FFF761F901981BF065FF7B
:1065B00001AA002141F20100FFF744FF0446002830
:1065C000EDD10198FFF718F901981BF056FF01AAC9
:1065D000002141F20200FFF735FF04460028DED11A
:1065E0000198FFF729F901981BF047FFD7E700BF93
:1065F000A803002070B586B005460C4605AA002108
:1066000042F22F00FFF71EFF0646D0B90598C36877
:10661000B3F801202A80B3F8033023801BF02DFF4C
:106620002A88A2F11B039BB2E02B15D82288A2F581
:10663000A4739BB244F248118B4219D8304606B07D
:1066400070BD114B0293002001900090034601227F
:106650000E4919F042FCF1E703920D4B0293002022
:106660000190009003460222084919F036FCDDE74C
:106670000392084B029300200190009003460222EF
:10668000024919F02AFCD9E74CF606007C8E060078
:1066900054F50600ACF5060010B5082142F20100E1
:1066A000FFF790FE30B3044608210C301BF027FFA3
:1066B0000246124B93F8D83013F0020F17D10F2077
:1066C000002113F0200F01D040F040000B4B93F855
:1066D000D93013F0090F01D040F4006019F0AEFB7F
:1066E0000022214642F20100FFF7ACFE10BD2F2030
:1066F0000021E6E76FF06800F8E700BFA80300207C
:1067000010B586B04E4B93F87C3013F0400F0AD092
:1067100005AA002142F20300FFF794FE034678B178
:10672000184606B010BD474B029300200190009020
:1067300003460122444919F0D0FB6FF01203EFE742
:106740000598FFF76FF805981BF097FE05AA002142
:1067500042F20200FFF776FE03460028E0D10598DA
:10676000FFF7DAF805981BF088FE354B1F22A3F8D7
:10677000202193F87C3013F0200F32D0304B93F867
:106780009C3013F0080F44D12D4B93F8D83013F000
:10679000200F22D00DF1120104A8FFF72BFF0346B2
:1067A0000028BDD1042142F22400FFF70BFE04466D
:1067B00000283FD004210C301BF0A1FEBDF81030A2
:1067C0000380BDF8123043800022214642F22400AB
:1067D000FFF738FE03460028A2D1FFF75DFF03460E
:1067E0009EE7022140F66D40FFF7ECFD044620B322
:1067F00002210C301BF083FE012303700022427043
:10680000214640F66D40FFF71DFE03460028B5D037
:1068100086E705AA002142F21C00FFF713FE03469B
:1068200000287FF47DAF0598FFF72AF805981BF044
:1068300024FEA9E76FF0680372E76FF068036FE763
:10684000A80300206CF606007C8E060010B582B00E
:106850000B4BB3F804311BB10024204602B010BD2D
:1068600001AA002141F20500FFF7ECFD04460028D3
:10687000F3D10198FFF766F801981BF0FEFDECE7F5
:10688000A803002010B5082140F60140FFF79AFD4B
:1068900088B1044608210C301BF031FE024607483F
:1068A0004FF0005119F0CAFA0022214640F601408B
:1068B000FFF7C8FD10BD6FF06800FBE7108800020D
:1068C000F0B58BB009AA00214FF60140FFF7BAFDE1
:1068D000002867D1099BDD68B5F801402046FEF726
:1068E000DBFF414E04940390404B0293002401943B
:1068F0000094234603223146204619F0EEFAB5F8FB
:1069000003703946B5F80100FEF7D2FF04970390F3
:10691000374B0293019400942346032231462046CC
:1069200019F0DBFA6F793846FEF7D2FFAB79B5F88C
:106930000720D5F809100791069205930497039054
:106940002C4B0293019400942346032231462046A7
:1069500019F0C3FA09981BF090FD09AA21464FF6D9
:106960000240FFF76FFD48BB0998C368B3F80130D8
:10697000214CA4F8C1301BF080FD94F8C13013F015
:10698000040F19D009AA00214FF60340FFF75AFD62
:10699000F8B90998C3685A78174B83F8C0201BF0E0
:1069A0006CFD09E0154B0293002001900090034616
:1069B00002220D4919F091FA0BB0F0BD104B029371
:1069C00020460194009423460222314619F085FAAC
:1069D000F2E70C4B02930020019000900346022244
:1069E000014919F07AFAE7E77C8E0600B4F6060052
:1069F000D0F60600E8F60600A803002090F6060090
:106A000018F7060044F7060000B585B0FFF7A8FDAB
:106A1000034618B1184605B05DF804FBFFF770FE99
:106A200003460028F6D1144B93F87C3013F0200F66
:106A30000ED0114BB3F8043183B1FFF723FF0346A7
:106A40000028E7D1FFF73CFF00F0E4FF0346E1E751
:106A5000FFF7FCFE03460028EFD0DBE7074B02936D
:106A600000200190009003460122054919F035FAF3
:106A70006FF00403CEE700BFA803002070F7060004
:106A80007C8E060070B582B006460C46124B93F918
:106A90009B30002B1DDAC4B12546082C28BF0825E1
:106AA00001AA002142F21800FFF7CCFC034668B9A6
:106AB000019BD9682A460131304621F07FFF0198B9
:106AC0001BF0DBFC2E44641BE5E70023184602B0F4
:106AD00070BD6FF08503F9E7A803002070B584B09E
:106AE000C568B5F801600121304601F01BFF90B187
:106AF0000446E87819F0C9FA84F8BC00287919F03E
:106B0000C4FA84F8BD00204601F0E8FF204619F0E1
:106B10003CFF04B070BD0396044B029301900090BB
:106B200003460122024919F0D8F9F2E748F30600BA
:106B30007C8E0600837A072B00D0704710B586B094
:106B400004460C21043019F0BBF958B9E3782BB195
:106B50002F4B93F8D83013F0080F03D0204619F0CC
:106B60007BFAC0B92A4B93F8D93013F0010F03D048
:106B7000204619F08DF9D0B1254B93F8D83013F099
:106B8000200F06D0224BD3F864319B6813F0020F1C
:106B900022D106B010BD03901E4B0293002001903D
:106BA0000090034601221C4919F097F9DAE7002109
:106BB000009102231A46204619F0A9FA0028DBD0DA
:106BC0000390164B0293002001900090034601228F
:106BD000114919F082F9CFE70DF1160105A8FFF769
:106BE00009FD0028D5D1BDF81620BDF814102046A7
:106BF00019F070FA0028CCD00390094B02930020C2
:106C00000190009003460122034919F066F9C0E79C
:106C1000A803002094F706007C8E0600B8F7060053
:106C2000D0F70600F0B589B00446B0F801703846D8
:106C3000FEF7CAFD237883B13C2B0BD00393484B5E
:106C4000029300200190009003460222454919F06A
:106C500044F930E0FEF7ECFE2DE00646E278012A2A
:106C60002BD0224604A906A819F071F904A9E078EE
:106C7000FEF7C4FE0546E378012B22D0A5B32246D9
:106C800004A9284619F038F9012385F8BC3085F8A5
:106C9000BD30EB78012B3AD00721284601F066FD84
:106CA000002E57D1284619F0C1FE2846FFF742FFB3
:106CB000284619F06AFE09B0F0BD2B4B93F86F30EF
:106CC000CFE700F0FFFF00F11003BFF35B8F53E845
:106CD000001F21F0800143E80012002AF7D1BFF322
:106CE0005B8F19F0AFFCC9E7201DFEF793FC039002
:106CF0001E4B029300200190009003460122194987
:106D000019F0EBF81321384619F0CAF9D3E70698C1
:106D1000C5F88F00BDF81C209DF81E30A5F8932003
:106D200085F8953000F0CEFF2B7AC3EBC3030E4AF3
:106D30009918D358C5F8963088888B79A5F89A00A9
:106D400085F89C30D2F8E43013F0400FA4D001F065
:106D5000A1F9A1E76E720121284601F007FDA1E724
:106D6000ECF706007C8E0600A803002008F8060059
:106D700000B589B0C3681A788DF80020B3F80120F7
:106D8000ADF80120DA788DF80320B3F80B20ADF8C8
:106D90001720B3F80D20ADF81920B3F80F20ADF887
:106DA0001B205A7C8DF81D20586801901A899B7A07
:106DB000ADF808208DF80A30084B1A68CDF80B2082
:106DC0009B88ADF80F30CDF81120ADF8153068462E
:106DD00019F0C2F909B05DF804FB00BF2CF1060000
:106DE00010B58EB08646EC460C4C0FCCACE80F00CC
:106DF0000FCCACE80F000FCCACE80F0094E8030018
:106E00008CE80300BEF10D0F02D905480EB010BD8D
:106E10000EAB03EB8E0E5EF8380CF7E728900600F9
:106E2000ECF10600F0B589B02F4BDB79012B11D9BD
:106E30002E4C2D48FEF7EEFB049003942C4B02934E
:106E4000002001900090034603222A4919F045F8DA
:106E5000012414E0284CECE7C4EBC4032248184496
:106E6000FEF7D8FB04900394244B0293002001907A
:106E70000090034603221F4919F02FF801341A4BE2
:106E8000DB79A342E8DC184D95F870402046FFF707
:106E9000A7FFB5F87230B5F87620164E0692059326
:106EA00004940390164B029300240194009423460B
:106EB00003223146204619F010F895F871703846D3
:106EC000FFF78EFFB5F874300593049703900D4BD0
:106ED000029301940094234603223146204618F081
:106EE000FCFF09B0F0BD00BFA803002024F8060095
:106EF00028F806007C8E060020E4060038F806001C
:106F00004CF806008CF8060008B5034BD3F8643142
:106F10005B69984708BD00BFA803002030B585B065
:106F200004460D4659B140F635439C420FD02946E0
:106F300011481BF09EFA0024204605B030BDFFF733
:106F400041FA05460028EED16FF06804F4E72846C0
:106F5000FFF7DAFF04460028EED00390074B0293B8
:106F600000200190009003460122054918F0B5FF6A
:106F700028461BF082FADFE7F4040020B4F806008C
:106F80007C8E060070B584B005460C46032142F2A3
:106F90002100FFF717FA68B1064603210C301BF0F9
:106FA000AEFA05808470314642F22100FFF7B6FF49
:106FB00004B070BD044B029301900090034601227F
:106FC000024918F08AFFF3E7D8F806007C8E060025
:106FD00030B587B0C3681C885A88ADF810209A88ED
:106FE000ADF81220DA88ADF814201B89ADF8163000
:106FF0000121204601F096FC68B1054604A901F084
:1070000091FDB8B91E212046FFF7BCFF284619F0B4
:10701000BCFC07B030BD0394094B02930190009073
:1070200003460122074918F058FF02212046FFF7C6
:10703000A9FFEEE704A9204619F0BFF8E6E700BF74
:1070400048F306007C8E060070B584B00022002351
:107050002D481BF0DEF9044638B32C4D4FF0FF32BB
:107060004FF0FF3328460DF0A9F8AB698BB1284BE0
:1070700002930025019500952B46012225492846BB
:1070800018F02BFF244ED6F840011BF0F6F9C6F895
:10709000405120461BF00BFA1F4BC3F8400120461D
:1070A000FFF732FF88B904B070BD40F60A331B4ABF
:1070B0001B491C4816F0D3FD002383F31188BFF34E
:1070C0006F8F0323184602DFC7E70390164B029326
:1070D000002001900090034601220E4918F0FDFEA9
:1070E0000A480DF045F820461BF069F900EB400016
:1070F0000E4B03EB800322461F215888FEF790FDBC
:1071000020461BF0BAF9CEE7F4040020D00400209A
:10711000F4F806007C8E0600A803002008F40600A0
:10712000C40807006CF40600B4F80600A833012078
:1071300030B585B004460D460FE0FFF785FF0AE045
:107140000393104B0293002001900090034602220B
:107150000D4918F0C2FE1434013D85B1E368C3F354
:107160008633022BF7D9042BEAD1237B002BE4D002
:10717000012BF0D12069383801F000FFEBE705B0B2
:1071800030BD00BF10F906007C8E060038B514E053
:1071900040F67833134A1449144816F060FD002372
:1071A00083F31188BFF36F8F0323184602DF214654
:1071B0000F48FFF7BDFF0DF0CDFC0D4DEB686FF3F1
:1071C0009433EB6005F1140001F0ACFA441C4FF06D
:1071D000FF324FF0FF33214628460EF067F80028B3
:1071E000D6D1E4E708F40600F8F506006CF40600D2
:1071F000340A002070B586B0044600F10C0528461C
:107200001BF0B5F9ADF81400238AADF81630012B48
:107210001ED9022128461BF09AF90646007818F07C
:1072200039FE054610F0010F21D005231A4A2146E8
:107230003078FEF733FE15F0020F28D06369BDF8F1
:1072400014201344E360BDF81630238206B070BDED
:107250000393124B029300200190009003460122F9
:107260000F4918F03AFE20461BF007F9EEE740F60A
:1072700056730C4A0C490D4816F0F1FC002383F3B9
:107280001188BFF36F8F0323184602DFCDE7204636
:107290001BF0F3F8DAE700BFFCFA0600ECF3060097
:1072A0007C8E060008F4060034F906006CF4060033
:1072B00030B585B00446037E012B06D0032B1AD1CE
:1072C000FEF794FE002005B030BDC368187818F0B2
:1072D000E1FD054610F0010F04D115F0020F05D1B4
:1072E0000020F0E72046FFF785FFF6E72046FEF78F
:1072F0007DFE0020E7E70393074B029300200190F7
:10730000009003460122054918F0E7FD20461BF0D6
:10731000B4F86FF01500D6E750F906007C8E060031
:107320000A4BD3F8643143B9C3684BB1436953B1D5
:10733000064BC3F86401002070476FF07700704778
:107340006FF0150070476FF015007047A80300201C
:1073500008B5084BBFF35B8F53E8001F41F00401F1
:1073600043E80012002AF7D1BFF35B8FFFF75AFD05
:1073700008BD00BF7C04002008B518F04FFF024B89
:107380001B6803B1984708BDC0330120F0B589B030
:10739000414BD3F86431002B5DD005463F4BBFF322
:1073A0005B8F53E8002F22F0020243E800210029FE
:1073B000F7D1BFF35B8FBFF35B8F53E8002F42F031
:1073C000010143E800100028F7D1BFF35B8F12F0F2
:1073D000010F5DD1324B1D60324E01221146304605
:1073E00020F052FB06F1240020F025FB2E4F002256
:1073F0000023CDE90623002404946FF008030393CF
:10740000029401940094294B4FF4C06228493846F5
:1074100020F091FD2749384620F079FD264F384667
:1074200020F0BDFC00946FF007034FF48062234905
:1074300038460DF05FF82249384620F068FDF36BBE
:10744000DB689847044698B9F5B11E480DF04AF834
:10745000204609B0F0BD1C4B029300200190009023
:1074600003460122194918F038FD6FF01204EFE7C6
:107470000390174B029300200190009003460122D5
:10748000124918F02AFDE3E718F0C8FE0446DFE7CA
:107490006FF07704DCE700BFA80300207C04002025
:1074A000C0330120D0040020382300208D71040057
:1074B0000003022080F90600B823002040090220C2
:1074C00088F906006C04002064F906007C8E060032
:1074D00094F90600BFF35B8F034B1868BFF35B8F13
:1074E000C0F38000704700BF7C0400200048704754
:1074F0000C97060070B50546002401E00134E4B2A3
:10750000094BDB79A3420BD92646C4EBC401072201
:10751000054B1944284621F0BFF90028EED101E0BF
:107520006FF00106304670BDA803002030B585B06D
:10753000044606221B4921F0AFF9054610B928463A
:1075400005B030BD062142F20500FEF73BFF0546BF
:1075500028B3062221460C301AF0D7FF0022294614
:1075600042F20500FEF76EFF054650B90E4B226849
:10757000C3F86920A288A3F86D20012283F868204F
:10758000DDE710F10D0FDAD1084B029300200190D6
:10759000009003460222064918F053FECFE76FF031
:1075A0006805CCE711040020A80300208CFB06002E
:1075B000848E060070B582B005460E4629B10722BA
:1075C0001849304621F068F9E8B9684618F019FC06
:1075D000044618BB6846FFF78DFF0028F5DAC5EBB7
:1075E000C505114AAB1800985051BDF804009DF82C
:1075F0000610988099718EB1525932609A889B79A1
:10760000B280B3710AE0C5EBC505074AAB18316813
:107610005151B188B27999809A710024204602B004
:1076200070BD00BF1CF10600A80300202DE9F04347
:1076300087B0304B93F8C24014F0010412D00546D5
:107640000E4605AA00214FF60940FEF7FBFE8646CE
:1076500098B90598D0F80C9099F80140B44228BF29
:10766000344633E0244B02930020019000900346FF
:107670000222224918F0E5FD2DE0214B029300245F
:1076800001940094234602221C49204618F0D9FD9B
:1076900021E04FF0160C0CFB0EFC05EB0C0109EB86
:1076A0000C02D2F80230D2F80680D2F80A70D2F872
:1076B0000E6045F80C30C1F804808F60CE60D2F8BF
:1076C00012300B61D38A8B820EF1010E7445E0DC1F
:1076D0001AF0D3FE1CB1204607B0BDE8F083094B79
:1076E000029300200190009003460222034918F003
:1076F000A8FDF0E7A80300209CFB0600848E06008E
:10770000C8FB0600E8FB060070B588B0002950D120
:1077100004460E4620B107222A4921F0BDF828BBB5
:10772000294BDB79012B4AD0BFF35B8F274B1B68BA
:10773000BFF35B8F13F0010F0BD10023049305936C
:107740000693079364B307221E49204621F0A4F84C
:1077500030B31D4BD879421CDA71054632462146BA
:10776000FFF728FFF8B9284608B070BD2046FFF79C
:10777000C1FE002820DA2378012B04D1A37903F07D
:10778000C003C02BCCD0124B02930020019000907C
:10779000034601220F4918F054FD6FF01505E2E78A
:1077A0006FF01505DFE70849CB79013BCB71054642
:1077B000D9E76FF01505D6E76FF07705D3E76FF0DF
:1077C0000B05D0E71CF10600A80300207C04002074
:1077D00014FC0600848E0600F0B587B0E0B10546C3
:1077E00005AA002141F20900FEF72CFE08BB059E08
:1077F000F7687C1C06221C49204621F04DF828B170
:1078000006221A49204621F047F8F8B930461AF006
:1078100034FE002007B0F0BD154B02930024019404
:107820000094234602221349204618F00AFD204600
:10783000F0E7114B029300240194009423460222A6
:107840000C49204618F0FDFC2046E3E7D7F801304C
:10785000C5F80130A388A5F8053000232B700598E2
:107860001AF00BFE0120D5E72CF1060024F10600EA
:1078700044FC0600848E060060FC060000B583B060
:107880006846FFF7A9FF064BD87118B9002003B06E
:107890005DF804FB002269461046FFF78BFEF6E711
:1078A000A803002010B588B0184BDC7924BB012157
:1078B00002A8FFF7BBFE154BD87101E00134E4B21A
:1078C000124BDB799C4216D202AA162304FB03F367
:1078D000D118D358CDF801308B88ADF8053001238D
:1078E0008DF80030002269462046FFF763FE03460C
:1078F0000028E3D005E03BB900210846FFF704FF6C
:107900000346184608B010BD0023FAE7A80300207C
:1079100000286CD0F0B585B00C4617461D460346CE
:10792000002D67D0067811F4002F16D011F0040F47
:1079300006D118F0AAFC08B901232B7005B0F0BDE0
:10794000314B0293002001900090034601222F4901
:1079500018F077FC6FF01500F0E711F0010F29D057
:1079600042B111F0200F05D0294A92F8D82012F028
:10797000400F42D0C6EBC60225498A5C012A0ED0D0
:10798000C6EBC606224B9B5D2B70002F38D014F03F
:10799000200F37D043F002032B700020CEE7C6EB58
:1079A000C6011B4A11440131184618F061FC002839
:1079B000E6D0C3E711F0040F14D0C6EBC602144999
:1079C0008A5C012A06D00020C6EBC606104B9B5DE0
:1079D0002B70B3E7C6EBC6010D4A1144013118F014
:1079E00047FCF1E718F051FC01232B70A6E76FF07C
:1079F000150070476FF01500A0E76FF085009DE758
:107A000000209BE7002099E780FC0600848E06009A
:107A1000A803002010B584B01C4BDB7933B11B4B9D
:107A2000DB799BB10024204604B010BDFFF726FF90
:107A300004460028F3D0164B0293002001900090DA
:107A400003460122134918F0FCFBECE7FFF72AFF7D
:107A5000044680B91048FFF769FD04460028E2D0CB
:107A60000E4B029300200190009003460122094929
:107A700018F0E7FBD7E7064B029300200190009037
:107A800003460122034918F0DCFBCCE7A8030020E1
:107A9000A0FC0600848E0600A9030020C0FC06009E
:107AA00000487047C00300202DE9F04F87B006461C
:107AB000884615469A464FF0000B5B46D34549D29F
:107AC00005EBCB0955F83B700024CDF810B00595B7
:107AD00022E0224B029300200190009003460122F5
:107AE0001F4918F049FC6FF0150007B0BDE8F08F92
:107AF0005FFA82FB591CC9B20BF1010E06F805E0D2
:107B00009D1CEDB27054DCF80410701920F056FF83
:107B1000AB445FFA8BF30134D9F80420944213D2BA
:107B200007EBC40C9CF8012017F834001D46991887
:107B300002314145DCD99A1CA8EB02020928C8D1C0
:107B4000002AC6DD0820D3E7DDF810B0059D0BF153
:107B5000010BB3E7109A13700020C6E7E8FC06009B
:107B60004C8E060010B504460078214BDB79984214
:107B700030D2C0EBC00007221E491D4B184420F034
:107B80008BFE48B3636813F0010F07D1184A92F8CF
:107B90007020082A02D8A2689F2A1FD913F0300F3C
:107BA00001D02269E2B113F0100F08D1226932B17D
:107BB00003F46033B3F5603F18D001200BE0A268F6
:107BC000E1688A420ED81F2A0ED9B1F5804FEFD94D
:107BD000002000E0002010BD0020FCE70020FAE7B4
:107BE0000020F8E70020F6E70020F4E70020F2E7A5
:107BF000A80300201CF106002DE9F0410546884647
:107C0000044614F8096B194B83F86F600722184972
:107C1000204620F041FE70B907461649304618F05C
:107C20000FFF0446C8B1052100F0A0FDC8F80040D0
:107C30003846BDE8F0812146304600F0D9FF78B9DA
:107C40002146287818F0FCFE044660B1062100F0B9
:107C50008DFDC8F800400027EAE76FF00B07E7E763
:107C60006FF01507E4E76FF00B07E1E7A8030020CA
:107C70001CF1060014F1060070B504460D4600F133
:107C8000090607220D49304620F006FE78B9052284
:107C90000B49207800F0D4FF04463CB16572002106
:107CA000204600F063FD204618F06FFE70BD0622EE
:107CB0003146207800F0C4FF0446EEE71CF10600D0
:107CC00014F1060000487047C00300202DE9F04F72
:107CD0008DB005929846002307930E69B6EB030B0F
:107CE00018BF4FF0010BBFF35B8FA34B1B68BFF3B3
:107CF0005B8F13F0040F00F02E8105460C460846FA
:107D000018F00EFC002800F02981204618F0D6FA61
:107D10008246002800F0258105F11007072138462A
:107D200018F002FB0490002840F01E810023089305
:107D300009930A93CDF82B30A368ADF82030E3689F
:107D4000ADF82230D4F80490484618F0DBFA8DF8EC
:107D50002D00484618F0D4FA8DF82E00864BBFF35C
:107D60005B8F53E8002F22F4005243E800210029E2
:107D7000F7D1BFF35B8F22782A7003F8652C0DF1E1
:107D800025035A4661682846FFF7C2FD8146002850
:107D900040F0C18026B323691A68C5F809209A8883
:107DA0009B79A5F80D20EB73204618F00BFC834659
:107DB000636813F0010F25D006B313F0100F19D02C
:107DC00004238DF8243023691A68CDF826209A8878
:107DD0009B79ADF82A208DF82C30DDF810A019E041
:107DE000664B1A68C5F809209A889B79A5F80D207A
:107DF000EB73D9E701238DF82430E4E700238DF8F5
:107E0000243007E013F4007F01D1169B53B3022303
:107E10008DF824300F2142F20600FEF7D3FA814696
:107E2000002800F0A4800F2208A90C301AF06DFB86
:107E30000022494642F20600FEF704FB8146002874
:107E400069D1BEB1636813F0010F2BD007A9284692
:107E5000FFF7D2FE30B310F10C0F40F08B80DEB193
:107E6000814658E00228D2D003238DF82430DDF873
:107E700010A0CFE7CDF80CB0CDF808A000230193F7
:107E8000179B0093169B42460599284618F0BDFAA9
:107E90000028D7D081463EE0626812F0020F0CD075
:107EA000814638E00121284618F0C8FB0546002825
:107EB00035D1079808B118F068FD002E43D04A4626
:107EC00002F001020E21384618F03BFBBBF1010F16
:107ED00014BF002201220821384618F032FBBBF102
:107EE000020F14BF002201220921384618F029FB95
:107EF000626802F001020A21384618F022FB52465D
:107F00000B21384618F01DFB6268C2F380020D2178
:107F1000384618F016FB48460DB0BDE8F08F184BF8
:107F2000029300200190009003460122154918F0A9
:107F300023FA079828B1002100F018FC079818F0E0
:107F400024FDA946E7E7636813F0020F01D04A4613
:107F5000B6E70122B4E76FF00A09DCE76FF0150914
:107F6000D9E76FF01509D6E76FF07709D3E76FF01F
:107F70006809D0E78146CEE77C0400201CF10600AA
:107F800004FD06004C8E06002DE9F04182B0064645
:107F90000C4615461F46FFF783FDF8B18046089B47
:107FA000019300972B4622463146FFF78FFE064687
:107FB0002946204618F085F918B9304602B0BDE8C8
:107FC000F08108F11808074940461FF0EEFE4FF413
:107FD0007022002340460CF0D9FAEEE76FF00B0652
:107FE000EBE700BF6580040030B585B0FFF76AFE9F
:107FF000C0B1054618F026FB05F11004BFF35B8FF6
:1080000054E8003F23F4804344E80032002AF7D1CB
:10801000BFF35B8F0721204618F086F978B900205E
:1080200005B030BD0D4B029300240194009423460B
:1080300001220B49204618F09FF92046F0E70A215B
:10804000204618F071F920B90021284618F0CEFA20
:10805000E6E700212846FFF70FFEF5E720FD0600C2
:108060004C8E060000B585B0FFF7BEFF10B905B015
:108070005DF804FB0390054B0293002001900090F3
:1080800003460222024918F077F9F0E734FD0600B2
:108090004C8E0600F0B587B0FFF714FE38B10446E9
:1080A00000F110050E21284618F03EF908B907B076
:1080B000F0BD0721284618F037F906460028F6D10A
:1080C0000A21284618F030F90028F0D005A92046EA
:1080D000FFF792FD0028EAD10722204904F10900A8
:1080E00020F0DAFB071E18BF0127204618F029F9F7
:1080F00001460DF113033A462046FFF709FCB0B9DB
:108100000121204618F09AFAE8B9059818F03DFCCC
:10811000002ECCD0BFF35B8F55E8003F43F4804383
:1081200045E80032002AF7D1BFF35B8FBFE7039029
:108130000B4B029300200190009003460122094955
:1081400018F01AF9B3E70021059800F00FFB0E2193
:10815000284618F01BFA0646D7E700BF1CF10600B8
:1081600054FD06004C8E0600082816D8DFE800F003
:10817000051707090B0D0F1113000A4870470A482D
:1081800070470A4870470A4870470A4870470A48CB
:1081900070470A4870470A4870470A4870470A48BB
:1081A000704700BF94FD0600C4FD0600B8FD060040
:1081B000D0FD0600E8FD0600F8FD0600B402070049
:1081C0000CFE06001CFE0600A4FD060010B50B4BBD
:1081D0001C6801E09847E4691CB1A368002BF9D141
:1081E000F9E7074C00E02034064B9C4204D2A36818
:1081F000002BF8D09847F6E710BD00BFA43501204A
:10820000148E0600148E060038B505460C4B1C680B
:1082100003E0697A28469847E4691CB12368002B7B
:10822000F7D1F9E7074C00E02034074B9C4206D217
:108230002368002BF8D0697A28469847F4E738BDC0
:10824000A4350120148E0600148E060038B50546AC
:108250000C4B1C6803E0697A28469847E4691CB116
:108260006368002BF7D1F9E7074C00E02034074B97
:108270009C4206D26368002BF8D0697A284698475A
:10828000F4E738BDA4350120148E0600148E0600D4
:1082900008B50146002343608360C36001481FF0B6
:1082A000D6FB08BD1810002010B58AB0044620F097
:1082B000BDFB094B1A58094B9A4209D02834204675
:1082C0000CF010F9694620461FF04DFD0AB010BDB4
:1082D000204618F0F2F9F9E70800000028340020E1
:1082E00008B520F0A3FB094B1A58094B9A4207D056
:1082F0004FF0FF324FF0FF3306480BF0FFFE08BD92
:108300000022002303480BF0F9FEF8E70800000004
:108310002834002018100020034BB3F804310BB1AF
:108320000248704700207047A8030020B0040020D6
:108330002DE9F04184B004460D468E69EFF31183B8
:10834000402181F31288BFF36F8FAEB100213160FD
:10835000876977B13E608661002783F31188BFF398
:108360006F8F2946204618F014FA78B904B0BDE89A
:10837000F08186614661F0E7876927B10C3739687B
:1083800001313960E9E700F11C07F8E70390184B69
:10839000029300200190009003460122154918F035
:1083A000E9F9EFF31188402383F31288BFF36F8F4D
:1083B000BEB1314604F1140018F05CF988F311885D
:1083C000BFF36F8F2046FFF7A7FF0BF0D1FE66B11A
:1083D0000023AB613146204618F096F96FF0040097
:1083E000C4E73B68013B3B60E8E76FF00400BDE792
:1083F000B4F806005C8E06002DE9F84306460D46EB
:1084000014461F46FFF788FF002200230BF0D6FE1C
:1084100008BBB37A072B2FD134B3194BB3F80481BF
:1084200004F10C0948461AF0A6F8804516D2144B00
:10843000B3F80481424655F80C1F48461AF065F817
:10844000414628461AF07BF83A4621463046FFF767
:108450006FFFBDE8F8836FF06800FAE748461AF04E
:108460008AF81FFA80F8E5E70022002306F13800B9
:1084700019F0CFFF0446E7E76FF07F00E9E700BFA0
:10848000A803002038B500238B4228D2D02404FB57
:10849000030404F1C8024FF0010CBFF35B8F52E8F4
:1084A00000EFBEF1000F03D142E800C5002DF6D168
:1084B000BFF35B8F11D174B1C8220021204620F098
:1084C000A5FA084904F158001FF06FFC064904F1B1
:1084D00028001FF0E3FB204638BD6344D4E70024A6
:1084E000E9E700BFD98D0400FF06060008B50121A9
:1084F0000148FFF7C7FF08BD5824002070B586B0BB
:1085000004460D46012A26D0022A60D1036963B1D0
:10851000404B0293002001900090034601223E4907
:1085200018F028F9204618F095F9256121690A8A82
:10853000012A5DD9CB6858781B7843EA00230433BD
:108540009BB2934254D855D3002323610122204685
:1085500000F0B6FE4CE0006980B10E8AF6B10C3036
:108560001AF009F8B0421DD320692A8AE9680C3054
:1085700019F0CBFF284619F080FFD7E7274B02936D
:108580000190009003460122234918F0F3F8204699
:1085900018F060F9284619F070FF29E0084619F034
:1085A0006CFF25E01E4B0293002601960096334691
:1085B00001221949304618F0DDF83246216920467B
:1085C00000F07EFE2661284619F057FF10E0039266
:1085D000144B0293002001900090034601220E49A3
:1085E00018F0C8F8204618F035F9284619F045FF6C
:1085F00006B070BD049303920B4B029300200190D0
:10860000009003460122044918F0B4F8204618F0FF
:1086100021F9EDE728FE06005C8E060048FE060004
:1086200068FE060090FE0600B0FE06002DE9F0414F
:1086300086B005460C461F46097A904622B30222B0
:10864000914223DCE37A072B2DD9AB7A072B3CD15F
:10865000B8F1000F56D0FFF743FE0646002854D06D
:10866000AB7A072B3ED1C0F8048087600023C3603B
:10867000A06100262677214605F1380019F0F9FEA1
:10868000304606B0BDE8F0810122D9E7204B0293C5
:10869000002001900090034601221E4918F06AF85C
:1086A0006FF01500EDE7A27A059208220492039379
:1086B000194B0293002001900090034601221549B6
:1086C00018F058F86FF01500DBE7144B0293002008
:1086D00001900090034601220E4918F04BF86FF00C
:1086E0007F00CEE70E4B02930020019000900346DE
:1086F0000222084918F03EF83046FFF7C9FD6FF036
:108700007F00BEE70023A361B3E76FF06800B8E71E
:10871000CCFE06005C8E0600F0FE060020FF060080
:1087200030FF060070B506460E4C204620F087F854
:10873000234600220121304620F04FF80125002475
:108740000CB1284670BD05EB850106EB8101D020F8
:10875000054B00FB043018F0A7F800B901350134CF
:10876000EEE700BF800A00205824002070B584B0D6
:108770000D46867A8E4210D00446817216B98378EF
:10878000082B19D1A37A082B00F2B480DFE803F09C
:10879000389EA4A4A4A4A417A4000846FFF7E4FCF0
:1087A00003905A4B0293002001900090034602224E
:1087B000574917F0DFFF8FE018F0C0F8E2E7A37821
:1087C000042B00F0898004F138001FF034F90021F7
:1087D00050480CF0C7FD002323656365E378012B47
:1087E0007AD1A378012B07D04FF42032002304F173
:1087F00058000BF0C3FE6FE0032384F8AC30F3E7BE
:10880000A378042B08D0082E66D8DFE806F05309B9
:108810002D374B4F41535300204618F0B6F85BE01C
:108820002046FFF741FDA378012B11D00434BFF39C
:108830005B8F54E8003F43F0400344E80032002AD5
:10884000F7D1BFF35B8F002132480CF08BFD43E082
:1088500004F1580528461FF0B4FA10F00C0FE5D0CB
:1088600028461FF0F2FAE1E7637A1BB9204618F0B8
:108870008CF831E02046FFF7C7FCF7E7637A1BB9B5
:10888000204618F082F827E02046FFF7BDFCF7E706
:10889000637A1BB9204618F078F81DE02046FFF7F0
:1088A000B3FCF7E7204618F070F815E0204618F002
:1088B0006CF811E00395184B029300200190009092
:1088C00003460222124917F055FF05E0637A3E2B5A
:1088D00004D0204617F07EFF04B070BD03940F4B08
:1088E000029300200190009003460222084917F0ED
:1088F00041FFEEE703950A4B0293002001900090A0
:1089000003460222024917F035FFE5E758FF06004B
:108910005C8E0600800A00206CFF060084FF0600C3
:10892000ACFF060070B584B004460D460246012136
:108930000D4818F050F8064610B183782B4202D04B
:10894000304604B070BD0394084B02930024019498
:108950000094234602220649204617F00BFF3046BA
:1089600018F013F82646EBE758240020C8FF06004D
:108970005C8E0600034BC01A0011034B03FB00F092
:10898000C0B2704758240020C54EECC430B585B045
:1089900004460D4653EA020106D020F047F810497C
:1089A0000858104988420CD074B1204619F02BFDAC
:1089B000044658B1691D0C3019F09DFD204605B0E4
:1089C00030BD00221346EFE7074CEEE7074B02935A
:1089D0000190009003460222054917F0CBFEEDE717
:1089E000080000002834002048100020E0FF0600A6
:1089F0005C8E060070B50446051D0921284617F057
:108A0000ACFE78B1B4F89E30B4F8A020934209D3FC
:108A1000B4F8A220934205D8D4F8A420D4F8A83002
:108A20009A4202D0184B1D6815E0BFF35B8F55E8E2
:108A3000003F23F4007345E80032002AF7D1BFF36A
:108A40005B8FEFE7B4F8A630B4F8A420B4F89E101A
:108A50002046B047ED691DB12E69002EF2D1F9E72D
:108A60000A4D00E020350A4B9D420BD22E69002EA4
:108A7000F8D0B4F8A630B4F8A420B4F89E1020467C
:108A8000B047EFE770BD00BFA4350120148E06008B
:108A9000148E060038B505460D4B1C6804E005F140
:108AA000BE0128469847E4691CB1A369002BF6D1A2
:108AB000F9E7084C00E02034074B9C4207D2A36939
:108AC000002BF8D005F1BE0128469847F3E738BDE2
:108AD000A4350120148E0600148E060038B5054614
:108AE0000D4B1C6804E005F1BC0128469847E46979
:108AF0001CB16369002BF6D1F9E7084C00E0203483
:108B0000074B9C4207D26369002BF8D005F1BC01EA
:108B100028469847F3E738BDA4350120148E060097
:108B2000148E0600F8B506460D46084617F01DFBE4
:108B3000074638B3154B1C6800E0E4696CB1E36884
:108B4000002BFAD0294630469847D0B1284617F076
:108B50000CFB0028F1D1074614E00D4C00E0203456
:108B60000C4B9C420ED2E368002BF8D029463046CD
:108B7000984748B1284617F0F8FA0028EFD1074681
:108B800000E007463846F8BD0746FBE7A43501205C
:108B9000148E0600148E0600024B1A68C26118601B
:108BA000704700BFA4350120F8B507460E460024E3
:108BB00014B100252846F8BDD0200C4B00FB043032
:108BC00017F0BCFE054670B18378012B09D13246FF
:108BD000394617F050FF0028ECD1284617F0D5FE93
:108BE00001E017F0D2FE0134E2E700BF5824002074
:108BF00030B587B00C46FFF7D7FF10B9002007B09B
:108C000030BD05462046FCF705FD0446A87AFFF76F
:108C1000ABFA059004940395074B02930020019052
:108C2000009003460222054917F0A4FD284617F0DC
:108C3000ACFE0120E3E700BF0C0007005C8E0600DD
:108C40002DE9F04180460F46164600251DB100244F
:108C50002046BDE8F081D020104B00FB053017F016
:108C60006DFE044688B18378012B10D127B13A46B6
:108C7000414617F000FF68B1A37AB34202D1237ACC
:108C80004345E5D0204617F080FE0135DEE717F0BA
:108C90007CFEFAE7204617F078FEF6E7582400201D
:108CA00070B504460D4683780B70C3784B70037A19
:108CB0008B70807A17F0EEFC85F82400002685F88A
:108CC0002760204617F0BAFE85F8250085F8266053
:108CD000A378012B3FD104F18803AB60237AC3EB67
:108CE000C303204A13446B60E3786BBB04F18F032A
:108CF000EB6004F196032B61B4F89E30AB82B4F8BC
:108D0000A430EB82B4F8A6302B8304F1BC03EB61F2
:108D100004F1BE032B62D4F8B83033B15B7B13F09F
:108D2000100F02D0012385F82730D4F8B830ABB14A
:108D30005B7B13F0200F13D095F8273043F002032C
:108D400085F8273000200CE004F19603EB6004F175
:108D50008F032B61D0E76FF0150002E0002000E0E8
:108D6000002070BDA803002038B504460D46084613
:108D700017F0FBF950B3174B93F8D83013F0020FEC
:108D800004D094F8AD3013F0020F13D1E378C3B9D7
:108D90002946204617F098FEB8B92B88A4F8A030D1
:108DA0006B88A4F8A230AB88A4F8A830EB88A4F8AC
:108DB000AA300AE00A21201D17F0CFFC0028E5D1D7
:108DC000E6E72946204617F072FF38BD6FF0150020
:108DD000FBE700BFA803002070B588B0A0F15805DC
:108DE00010F84E3CDBB3044610F8563C012B34D14E
:108DF000A0F154060921304617F093FC002844D016
:108E0000B4F84830ADF81030B4F84A30ADF812304C
:108E1000B4F85030ADF81430B4F85230ADF8163024
:108E200004A92846FFF7A0FF18BBBFF35B8F56E8E5
:108E3000003F23F4807346E80032002AF7D1BFF3E5
:108E40005B8FBFF35B8F56E8003F43F0800346E83B
:108E50000032002AF7D1BFF35B8F08B070BD2846FF
:108E600017F0ACFE2846FFF7F1F9284617F08DFD04
:108E7000F3E70390174B0293002001900090034604
:108E80000222154917F076FCDBE7144A06AB92E89C
:108E9000030083E8030019462846FFF765FF60B921
:108EA000BFF35B8F56E8003F43F4807346E800321F
:108EB000002AF7D1BFF35B8FC3E70390084B0293FF
:108EC00000200190009003460222034917F052FC53
:108ED000B7E700BF480007005C8E06006090060000
:108EE0007000070008B501460148FFF74FFD08BDB7
:108EF000CC1000202DE9F04105460C460A8A1E4B95
:108F0000B3F804319A4201D80B7FC3B1237F0BBB66
:108F10000026238A184AB2F804219A421CD221461C
:108F2000284617F0F7FD074610B3334602462146A0
:108F30002846FFF761FA804638B90126E9E702239F
:108F40000022FFF759FA80460FE02677384619F0DD
:108F500094FA0AE00126DCE70123237703230022A9
:108F600021462846FFF748FA80464046BDE8F08192
:108F70006FF00B08F9E700BFA803002070B50446A6
:108F8000837A23B90621043017F0CBFBA8B904F18A
:108F900038001EF073FD054698B1284619F087FA8F
:108FA000054601462046FFF7A5FF0646284619F06C
:108FB00064FA16F1050F14D070BD204617F053FC6B
:108FC000FAE74FF477730D4A0D490E4814F047FE47
:108FD000002383F31188BFF36F8F0323184602DF4A
:108FE000DBE7AE690023AB61284619F046FA002E94
:108FF000E2D03146204617F087FBDDE79C000700F2
:10900000C40807006CF4060010B50C481EF013FDF0
:10901000002406E00A4901EB041108481EF017FD80
:1090200001341D2CF6D918F028FC19F087F90446F4
:1090300008B1204610BD17F05AFEFAE718100020BC
:10904000C433012005490A78531CDBB20B700BB9FD
:1090500002320A70014B1878704700BF615B012033
:1090600010B584B00346002070B103930F4B0293F8
:10907000002001900090034601220D4917F063FD86
:109080006FF00B0004B010BD00EB40021201094C60
:10909000A2580AB10130E7E700EB4002054B03EBB1
:1090A0000213054A5A600B60ECE700BFF4000700AA
:1090B0008C8E0600A8350120600207000B8A012B68
:1090C00000D9704700B585B0064B0293002001908F
:1090D000009003460122044917F035FD05B05DF804
:1090E00004FB00BF1C0107008C8E060010B584B085
:1090F00099B10B4610310024BFF35B8F51E800CFCC
:1091000041E8004EBEF1000FF8D1BFF35B8F194666
:1091100017F044FD012004B010BD064B029300245B
:1091200001940094234601220349204617F00BFDC9
:109130002046F0E7380107008C8E060030B583B07A
:109140000546194C00E00C34184B9C422AD2636847
:1091500001A9284698470028F5DB019923888B82CE
:109160008B84A2682846FFF7C1FFD8B101984368F5
:109170001B6803B19847019B1033BFF35B8F53E823
:10918000001F41F0010143E80012002AF7D1BFF3AC
:109190005B8F01984368DB69002BD4D000F110018C
:1091A0009847D0E703B030BDF08D0600148E06005E
:1091B000F0B585B004460E4615464FF480320023C4
:1091C0000021084617F015FD074648B104210C3070
:1091D00019F095F9047046704580384605B0F0BD29
:1091E0000394054B0293019000900346012203492A
:1091F00017F0A9FCF1E700BF5C0107008C8E0600A8
:1092000070B586B00B8A032B17D906460C4604218D
:1092100004F10C0019F09BF905464288238A934219
:1092200018D143781BB30378012B10D0132B29D10D
:1092300021463046FFF742FF09E01C4B0293002015
:109240000190009003460122194917F07CFC002090
:1092500006B070BD04920393164B02930020019058
:10926000009003460122124917F06DFCEFE7124B04
:109270000293002001900090034601220C4917F050
:1092800062FCE4E703930D4B0293002401940094E5
:10929000234602220649204617F055FC69780094BF
:1092A00023462246306817F0D0FCD0E7840107003F
:1092B0008C8E0600A4010700C8010700EC0107001E
:1092C000F0B585B00C460B8A032B12D9054616461D
:1092D000042104F10C0019F03AF947883946284670
:1092E00017F0D3FC98B13246214617F03BFC05B08D
:1092F000F0BD0E4B02930020019000900346012226
:109300000B4917F020FC204619F0B7F8EFE7039758
:10931000084B02930190009003460222044917F083
:1093200012FC204619F0A9F8E1E700BF140207007B
:109330008C8E060034020700522833D81B2821D314
:10934000A0F11B03372B2FD8DFE803F0372E393B72
:109350002E2A352E372E2E2E2E2E2E2E2E2E2E2E21
:109360002E2E2E2E2E2E2E2E2E2E2E2E2E2E2E2E1D
:109370002E2E2E2E2E2E2E2E2E2E2E2E2E2E2E2E0D
:109380002E2E2E3319280FD843B26BB10123834000
:10939000104A1A40BAB9104A1A402AB1012070473F
:1093A00001207047D22810D010F0400F0FD10620B6
:1093B0007047002070470220704703207047052047
:1093C000704704207047022070470020704700203B
:1093D000704700BFAAAA8A02545545012DE9F04101
:1093E00084B00346806850F8342BD2F80080DD68E2
:1093F000DE881F69002117F021FD10B195B100240E
:109400000EE00A4B029301900090034601220849A6
:1094100017F005FD06E039464046A8470134A4B2DE
:10942000A642F8D804B0BDE8F08100BF940207005E
:10943000548E060010B584B08468002104F1340015
:1094400017F0FCFC50B1A36B33B14FF47022002332
:1094500004F158000BF09AF804B010BD044B0293CD
:109460000190009003460122024917F0D8FCF3E76F
:1094700094020700548E060010B584B0837A072B3F
:109480000ED1042117F001FC0446A8B100213030B0
:1094900017F0D4FCD0B154F8044C204604B010BDF1
:1094A000104B0293002401940094234602220E499B
:1094B000204617F0B4FCF0E70C4B029301900090AB
:1094C00003460122084917F0AAFCE6E7084B02937D
:1094D000002401940094234601220349204617F0FA
:1094E0009EFCDAE7B0020700548E0600C0020700B7
:1094F0009402070070B586B005460E46436A03B174
:10950000883B0593002202E0013205E00593059CAB
:109510006CB12368AB42F7D0012A47D014F188031D
:10952000F4D0D4F88830002BF0D0883BEEE700224E
:10953000002305A91F480AF0F3FC30BB059C9022CC
:10954000002120461FF062FA1B4BA36004F13C008F
:109550001EF071FA059B3433BFF35B8F53E8002F85
:1095600043E800610029F9D1BFF35B8F059B1D60C3
:109570000599284617F075FC059C204617F0DBFB83
:1095800080B14FF4F873638311E02B6803930B4BA6
:10959000029300200190009003460222084917F030
:1095A0003EFC04E017236385638300E0002420462B
:1095B00006B070BDAC0E0020900A0020DC0207004F
:1095C000548E0600F0B587B007460C4600220023F3
:1095D00005A919480AF0A4FCE0B905461FF026FACF
:1095E000164B1A58164B1A60059E2C220021304645
:1095F0001FF00CFA376005980021416081604162DC
:109600008162FFF777FF034690B104332360284659
:1096100007B0F0BD03970B4B029300200190009020
:1096200003460122084917F0FAFB6FF00B05EEE73D
:109630006FF00B05EBE700BF900E00200800000064
:109640002036012004030700548E060008B5011FD0
:1096500001481EF00FF908BDAC0E00202DE9F041C5
:1096600084B005460E461446176800238DF808306E
:109670004FF42053ADF80A3002A9006816F06DFBD4
:1096800058B100238DF80C3042F60103ADF80E30CE
:1096900003A9286816F061FB50BB6168286816F0C2
:1096A0005CFB68BBE36893F80080B8F1000F07D05B
:1096B000384617F042FBA3681B8AC01A404525DBD9
:1096C000A06804210C3018F01AFF2061068023697D
:1096D0005E800194104B00930023A268294638460F
:1096E00017F028FC002813DB23699BB101200AE056
:1096F00023691BB15A88B24200D25E80012002E089
:1097000000232361012004B0BDE8F0810020FAE7C6
:109710000020F8E70020F6E7B90D06002DE9F04338
:1097200083B0054688461446D2F80090D9F80470F4
:109730005168006816F011FB20B10126304603B0D5
:10974000BDE8F08395222946384618F0B8FC064655
:10975000207538B92946384617F018FB48B9082350
:109760002375EBE7E3681B780BB100232375002614
:10977000E4E700272775A06818F09DFE02210C3051
:1097800018F0BDFE2061A0F800800194114B0093F9
:109790003B46A2682946484617F0CCFB002808DB68
:1097A0002369002BCAD0484617F0C7FAA3680022E5
:1097B00006E017F0E3FA2075C0E7198A0A445B68EF
:1097C000002BFAD1861AE3681B789E4294BF0026CC
:1097D0000126B3E7910D06002DE9F04F95B005463F
:1097E0000E4614461768D7F8048000238DF84830D9
:1097F00042F60103ADF84A3012A9006816F0ADFA3E
:1098000028B90023A360012015B0BDE8F08F002324
:109810008DF84C304FF42053ADF84E3013A9286822
:1098200016F09BFA40B9384617F087FA014660688F
:1098300003464FF0000C0AE0A3681BB15A88B242FD
:1098400000D25E800120DFE71A8A94445B68002B17
:10985000FAD1A1EB0C03032B01D80020D4E718F0B8
:109860002AFE8146384617F068FA6368002202E053
:10987000198A0A445B68002BFAD1A0EB020A09F1AD
:109880000C0B584618F077FE82452DD2384617F05B
:1098900054FA6368002202E0198A0A445B68002BCC
:1098A000FAD1801A20B36F680023009310230EAA08
:1098B00029464046B847051EA3DB227CAA4227D191
:1098C0002A460EA9E0681EF0E7FF002899D1002380
:1098D0006374042109F10C0018F011FEA0600680E9
:1098E000A3685E8001208FE7584618F044FED9E750
:1098F0006368987A01F0A6FF0022002318F083FD28
:109900008146002880D00146606818F0E5FDCAE76E
:10991000E16809A816F03FFA60B1EAB20EA904A8FE
:1099200016F039FA90B104A909A816F016FA002821
:10993000CDD066E7237C03930A4B029301900090FD
:1099400003460222084917F06AFA5AE70395074BC3
:1099500002930190009003460222034917F05FFA38
:109960004FE700BF2C030700548E06004C0307008E
:1099700010B50446043804F13003BFF35B8F53E89D
:10998000001F41F0010143E80012002AF7D1BFF3A4
:109990005B8F17F05AFC044904F154001EF005FADD
:1099A000206801F0CDFE10BD65A40400F0B58BB0B9
:1099B00004460D4616460378032B38D8DFE803F03B
:1099C00002212B311D4B93E803000790ADF82010C6
:1099D000090C8DF8221063792279E178A0786778F4
:1099E0000DF11C0CCDF814C0049703900291019264
:1099F0000093A379124A314628460EF0B7FC0BB00B
:109A0000F0BD104B93E803000790ADF82010090C4F
:109A10008DF82210DFE70C4A07AB07CA03C31A8090
:109A2000D9E70A4A07AB07CA03C31A80D3E7084A33
:109A30000A2107A80EF09AFCCDE700BF34F106001A
:109A400044F106003CF1060068F1060074F10600DE
:109A50003C04070008B518F0B2FC00EB4000024BD4
:109A600003EBC00008BD00BFD83501202DE9F04749
:109A700086B006460C460846FFF7ECFF0546D0F8D0
:109A800008A0E768002106F1340017F0D7F970B399
:109A9000E3681B782B7100232B603B78D22B32D0EC
:109AA00004F10C0018F063FD0746ADF81400B4F89B
:109AB0001090ADF81690AE603368186800230093DC
:109AC0002246042117F09AF8804660B110F1690F20
:109AD0002FD0636913FA87F7E760A4F81090C5F8F0
:109AE00008A0C5F80080404606B0BDE8F087164BD8
:109AF00002930190009003460122144917F08FF958
:109B00006FF01508EFE733682146186818F013FC6A
:109B100080460028C4D00E4B029300200190009094
:109B200003460122094917F07AF9204618F0A5FCEE
:109B3000D9E7084B029300200190009003460122D0
:109B4000024917F06CF9C4E794020700548E06002E
:109B50006C0307008003070030B585B00446007928
:109B6000FFF7EAFB0546A06810B3036803B31B6860
:109B7000F3B123684BB917F0DEF890B1052D17D873
:109B8000DFE805F018131618161303930B4B029316
:109B900000200190009003460122094917F03FF987
:109BA00006E0204617F084FCE8E72046FFF742FC79
:109BB00005B030BD2046FFF711FCF9E7A40307000C
:109BC000548E060070B586B006460C46551C17F03C
:109BD000B4F885420BD82046FFF7AEFB022814D01C
:109BE000042812D04FF0FF324FF0FF3310E00495FD
:109BF0000390164B02930025019500952B460222F7
:109C00001349284617F00BF911E04FF47022002396
:109C10000021104816F0EDFF054658B1FFF71AFF76
:109C20008660012105F10C0018F069FC04702846DB
:109C300006B070BD0394084B029301900090034658
:109C40000122034917F0EBF8F1E700BFC403070056
:109C5000548E0600741000205C0107002DE9F041CD
:109C600086B006460C46071F384617F0BEF8238A12
:109C7000C3B18046012104F10C0018F068FC0546D0
:109C800098F80A30072B17D156F8043CA3B10023EB
:109C90000D2B2CD829782B4A12F8332091420FD063
:109CA0000133F5E7284B0293002001900090034612
:109CB0000122264917F0B3F8002006B0BDE8F08174
:109CC000204E06EBC306238A727893422AD3736828
:109CD000214638469847B378012BEDD10028EBD0C8
:109CE000034600222978384617F053FCE4E72B7826
:109CF0000393174B02930020019000900346022229
:109D0000124917F08CF82C782046FFF715FB002835
:109D1000D2D00528D0D0062300222146384617F09D
:109D200038FCC9E72A78049203930A4B0293002077
:109D30000190009003460122044917F070F80420B6
:109D4000C9E700BF94040700EC030700548E060027
:109D500008040700240407002DE9F0418AB00446F6
:109D600016461D4603688846003918BF0121186849
:109D700018F05CFA28B175B9012738460AB0BDE879
:109D8000F081032104F1340017F0BBF808B100277B
:109D9000F3E71227F1E70023049305930693079353
:109DA000089309933EB11A4631462046FFF70AFF51
:109DB000059000283AD023681B6804938DF818801A
:109DC000BDF84030ADF82230119B0793BDF8483004
:109DD000ADF8203001238DF8243004AB0293144BEE
:109DE00001930022009213462946284600F056FFB0
:109DF0009DF8247037B905990029BED0204617F088
:109E000093FBBAE726B9B8F1180F0CD00027B4E7D6
:109E1000059818F032FB9DF824302A46414620462A
:109E200017F0B7FBEFE79DF82470A6E71127A4E72A
:109E30008B0E06002DE9F04184B088461746FFF7E7
:109E40001BFB044610B3446A24B3883C14F1880613
:109E500007D0D4F8886026B1883E02E03346344605
:109E60001E46CCB17D1C204616F067FF854207D9FF
:109E7000002EF3D0D6F88830002BF0D0883BEEE7E8
:109E80003A4641462046FFF79DFE0446204604B070
:109E9000BDE8F0812646E4E701370397054B0293BE
:109EA00000200190009003460222034916F0B7FFFC
:109EB000ECE700BF44040700548E0600F0B585B0FF
:109EC00004460F464FF470220023144818F09BFA02
:109ED0000646A8B1204616F02EFFE0B9092106F18A
:109EE0000C05284618F007FB3046FFF7B3FD8460E9
:109EF0000121284618F003FB0770304605B0F0BD7D
:109F00000397074B029301900090034601220549F5
:109F100016F085FFF1E70B21E1E700BF7410002088
:109F20005C010700548E06002DE9F0418AB0054619
:109F3000884616461F460024059406940794089404
:109F400009941121FFF7BAFF079050B30595CDF89A
:109F5000188001210C3018F0D2FA089022460470C3
:109F6000099405AB0293104B0193009423463946A4
:109F7000304600F093FE089B1C7844B107992846B0
:109F800017F0D2FA002420460AB0BDE8F081079805
:109F900018F073FA0A2332461021284617F0F9FA0E
:109FA000F1E71124EFE700BF5D96040070B588B0BB
:109FB00006460D4603680121186818F037F950B9B4
:109FC000032106F1340016F09CFF10B1002008B008
:109FD00070BD1220FBE700230493059306930793BB
:109FE00021213046FFF76AFF069058B304962B8A6A
:109FF000012B21D905F10C0018F0B1FA0446012318
:10A000008DF81C3004AB02930F4B01930022009299
:10A010001346014600F042FE9DF81C30002BE6D0AE
:10A02000069818F02AFA9DF81C3022462021304666
:10A0300017F0AFFA0020CAE70699304617F074FA15
:10A040000020C4E71120C2E79710060070B588B061
:10A0500006460D4603680121186818F0E7F850B964
:10A06000032106F1340016F04CFF10B1002008B0B7
:10A0700070BD1220FBE7002304930593069307931A
:10A080000F213046FFF71AFF069058B304962B8A2B
:10A09000012B21D905F10C0018F061FA04460123C7
:10A0A0008DF81C3004AB02930F4B019300220092F9
:10A0B0001346014600F0F2FD9DF81C30002BE6D05F
:10A0C000069818F0DAF99DF81C3022460E21304629
:10A0D00017F05FFA0020CAE70699304617F024FA15
:10A0E0000020C4E71120C2E717110600F0B589B0BF
:10A0F00004460F4616461D4603680121186818F0ED
:10A1000095F820B16DB90126304609B0F0BD0321A4
:10A1100004F1340016F0F5FE08B10026F4E712262B
:10A12000F2E70023049305930693079331462046F4
:10A13000FFF7C4FE069030B30494BDF83830ADF894
:10A14000143001238DF81C3004AB02930F4B0193A4
:10A150000022009213462946284600F09FFD9DF8F4
:10A160001C6026B90699204617F0DEF9CCE7069860
:10A1700018F083F99DF81C302A463946204617F01E
:10A1800008FA0026C0E71126BEE700BF1711060037
:10A190002DE9F0418AB00546884616461F46002440
:10A1A0000494059406940794089409940921FFF7F0
:10A1B00085FE069068B30495CDF8148001210C301B
:10A1C00018F09DF90790224604700A238DF8243078
:10A1D00004AB0293104B019300942346394630465A
:10A1E00000F05CFD9DF824403CB90699284617F024
:10A1F0009BF920460AB0BDE8F081069818F03DF9B9
:10A200009DF8243032460821284617F0C2F9002470
:10A21000EFE71124EDE700BF1D9704002DE9F041A1
:10A220008AB005460E4617469846002405940694C3
:10A230000794089409940721FFF740FE069060B345
:10A24000059522460794CDF820809DF840308DF882
:10A2500024300A238DF8253005AB0293104B01936F
:10A26000009423463946304600F018FD9DF82540FD
:10A270003CB90699284617F057F920460AB0BDE8C0
:10A28000F081069818F0F9F89DF82530324606213D
:10A29000284617F07EF90024EFE71124EDE700BF10
:10A2A000D997040070B588B004460E4615460023C1
:10A2B00004930593069307930521FFF7FFFD05908F
:10A2C000F8B1049404AB02930F4B01930022009267
:10A2D00013462946304600F0E1FC069B33B1059950
:10A2E000204617F021F9002008B070BD059818F03D
:10A2F000C4F80A2332460421204617F04AF9002008
:10A30000F2E71120F0E700BF7911060000B583B035
:10A3100002460B46002101911EF088FB0C490958AA
:10A320000C48006888420DD001A90B4809F0F8FDDF
:10A3300058B901980023036043608360C36003B091
:10A340005DF804FB00221346EEE70020F7E700BFAC
:10A3500008000000203601201C0F002010B5044624
:10A36000806818B118F089F80023A36021460248DC
:10A370001DF080FA10BD00BF1C0F00202DE9F04732
:10A3800084B004460F4691461E4658301DF05DFDD0
:10A39000A06BF0B1164B984227D045684FF0000AE9
:10A3A000C0F804A0A06BD0F80C80FFF7D7FFC4F86A
:10A3B00038A0206816F0DEFF3DB123681868CDF89C
:10A3C00000804B463A463146A847002004B0BDE81D
:10A3D000F087084B02930025019500952B46022239
:10A3E0000549284616F01BFDE3E70025A563E0E7D5
:10A3F0002436012060040700548E060070B582B038
:10A40000054602E0184618F038F80022002305F14E
:10A410000C0017F0FEFF03460028F3D10CE0AB6000
:10A4200011E0E368009300231A466FF06701286883
:10A43000B0472046FFF792FF6C6844B123686B6019
:10A44000AA68A242EBD06668002EEAD1F1E70023A9
:10A450002B60294602481DF00DFA02B070BD00BF06
:10A46000900E002030B58DB0044650F8583C186866
:10A4700016F028FB04AD1E222946FFF797FA039534
:10A48000074B0293002001900090034601220549EA
:10A4900016F0C5FCA4F1540017F028FA0DB030BD39
:10A4A00078040700548E06008068034B984214BF5E
:10A4B00000200120704700BF19A7040010B559B152
:10A4C0000268B2F810E08E4506D81E4B1C6894B1A5
:10A4D000A4F10803002125E000F1080300228260B6
:10A4E000184A52681AB11360164A536010BD154AD3
:10A4F00053601360FAE72346ECE731B100F108023C
:10A500000831104817F06FFAF0E700F10802846094
:10A510000C4B1A605B68002BE8D10A4B5A60E5E7E8
:10A5200019461346002BE1D01A68B2F810C0E64570
:10A53000E3D313F10802F3D09A68002AF0D0083A66
:10A54000EEE700BF8C360120064B1A68C0F80120E8
:10A550009A889B79A0F80520C371002303700381BA
:10A56000704700BF1CF1060070B50646002407E0E6
:10A57000284607220D4901301EF08EF9A0B10134A2
:10A58000012C10D80A4D05EB0415002EF0D0230144
:10A59000074901EB04120132C95C304616F06BFA30
:10A5A0000028ECD000E00025284670BD1CF1060014
:10A5B0005036012070B505460E46002400E00134F7
:10A5C000012C17D804EB44030B4A12F823309D42A8
:10A5D000F5D104EB440302EB83000722314601303E
:10A5E0001EF05AF90028EAD104EB4404024800EBBB
:10A5F000840000E0002070BD70360120F8B50746E9
:10A600000D4600240AE004EB840005EB400007221D
:10A610000E4901301EF040F9A8B10134012C11D8C7
:10A6200004EB840605EB4606002FECD004EB840314
:10A630003246013215F81310384616F01CFA00287D
:10A64000EBD000E000263046F8BD00BF1CF106004C
:10A650000D4BBFF35B8F53E8002F42F0020143E83C
:10A6600000100028F7D1BFF35B8F12F0020F0AD160
:10A67000064B05E05A680649088802440A800833F8
:10A68000044A9342F6D3704788360120148E0600A0
:10A690004C5B0120348E0600F0B585B006460F46AF
:10A6A00015461C46FFF786FF844678B1BCF8083093
:10A6B00013B9BCF80A301BB323462A460CF10A0131
:10A6C0000CF1080017F0BEF905B0F0BD0F49FFF717
:10A6D00071FF844650B1034603F8016B3A68C0F835
:10A6E0000120B988BA7999809A71DFE7084B029303
:10A6F0000190009003460122064917F0ADFAE3E706
:10A70000ACF80850ACF80A40DEE700BF1CF10600C8
:10A710001C050700748E06002DE9F04385B01C4629
:10A72000BDF83030CF68002B55D181460E46631EF0
:10A730009BB2012B52D8012C1ED95378157845EACB
:10A74000032539464846FFF759FF8046B0B1FB69FB
:10A7500043B12A46314648469847002809DB01386C
:10A7600001283ED8A8F80850BB8A9D422AD175B36B
:10A77000204605B0BDE8F0831578E2E70DB9204624
:10A78000F7E739460020FFF739FF804670B1D9F866
:10A790008830C0F80130B9F88C2099F88E30A0F8D4
:10A7A0000520C37199F808300370D0E70E4B02936F
:10A7B00001900090034602220C4917F04DFA6FF009
:10A7C0001000D6E73946304617F09BF9CFE74046F0
:10A7D000FFF7BAFECCE76FF00600CAE76FF00C0097
:10A7E000C7E76FF00D00C4E73C050700748E060054
:10A7F0002DE9F04184B01E46BDF82830012B35D834
:10A8000004461746B0463344012B32D8FFF7ACFE5E
:10A810000546D0B132463946284617F035F958B3C7
:10A82000D4F88830C5F80130B4F88C2094F88E3014
:10A83000A5F80520EB71237A2B700121284617F02B
:10A840006BFA404604B0BDE8F081FFF78DFE054687
:10A850000028DFD10A4B02930190009003460222A8
:10A86000084917F0F9F96FF01008EAE76FF00608E9
:10A87000E7E76FF00C08E4E76FF01208E1E700BFCC
:10A8800058050700748E060030B585B0044600F107
:10A8900088052946007A15F0D2FC40B92946207A6D
:10A8A000FFF788FE08B117F03BFA05B030BD294626
:10A8B000207A17F03AFA0028F7D00390054B02935C
:10A8C00000200190009003460122034917F0C4F9CB
:10A8D000EBE700BF84050700748E060010B5044640
:10A8E000164BBFF35B8F53E8002F22F0020243E8C0
:10A8F00000210029F7D1BFF35B8FBFF35B8F1B688B
:10A90000BFF35B8F13F0010F04D1204617F034F82A
:10A9100030B910BD00220023094809F037FEF4E7E2
:10A920002046FFF721FE0028F3D0027A12F0010F33
:10A93000EFD0012117F0F0F9EBE700BFE025002090
:10A94000B025002010B502460B46164CBFF35B8FB6
:10A9500054E8001F41F0010044E8000CBCF1000F76
:10A96000F6D1BFF35B8F11F0010F0DD1A4F15001AF
:10A970000A834B83BFF35B8F0A4B1B68BFF35B8F6C
:10A9800013F0020F07D010BD0749881E17F05AF8C0
:10A990000028EFD1F7E74FF4A4720023034809F031
:10A9A000F5FDF0E7E0250020AA250020B0250020D5
:10A9B0002DE9F04F87B006460F4690469946DDF8E0
:10A9C00044A0DDF848B01B4B1D6845B1083D06E0CA
:10A9D000002411E000240FE0AD6805B1083D2DB35F
:10A9E00015F1080FF4D0AB68002BF3D053F8083CF6
:10A9F0001B8AB342F0D900246B68A342ECD92868C3
:10AA000004EB840300EB8300018ACDF810B0CDF88D
:10AA10000CA010AB0293CDF80490CDF800803B461B
:10AA2000324617F0B9F908B10134E5E707B0BDE8DF
:10AA3000F08F00BF8C36012070B5234BBFF35B8FC6
:10AA400053E8001F21F0080143E80012002AF7D163
:10AA5000BFF35B8F4FF4A47200231C48FAF70AFE81
:10AA60000024012C2FD81A4D05EB04156E1C07226B
:10AA7000184930461DF010FF18B32B7A13F0010F60
:10AA80001FD031460020FEF78FF8064620B116F0A1
:10AA900075FF304615F079FF230108330C4A134443
:10AAA0000433BFF35B8F53E8001F21F0020143E83A
:10AAB0000012002AF7D1BFF35B8F0021284617F060
:10AAC0002BF90134CDE770BDE025002038250020AA
:10AAD000503601201CF106002DE9F04F83B00746E7
:10AAE0001546FFF7E1FC0090002856D0FE68B38AB7
:10AAF000002B52D00024019403E0184615F045FFC6
:10AB00000134012C41D804EB840806EB4808B8F85E
:10AB10000830002BF4D004EB840308F101094A4605
:10AB200016F81310284615F0A6FF78B904EB840335
:10AB3000494616F81300FEF737F803460028DFD021
:10AB4000827A072AD9D1009A0192D6E705F1880BBB
:10AB50005946287A15F073FB50B9124B9E4203D028
:10AB60004046FFF7F1FCCBE72846FFF78DFEF7E7FD
:10AB7000D5F88830C8F80130BBF804209BF80630BF
:10AB8000A9F8042089F80630BAE7019B2BB9B382F3
:10AB9000B36913B1002138469847012003B0BDE8DE
:10ABA000F08F00BFD00A00200B4B1A68C0F80120BC
:10ABB0009A889B79A0F80520C371002303720C309A
:10ABC000BFF35B8F50E8002F40E800310029F9D136
:10ABD000BFF35B8F704700BF1CF10600114BBFF342
:10ABE0005B8F53E8002F42F0010143E8001000287A
:10ABF000F7D1BFF35B8F12F0010F00D0704710B593
:10AC0000FFF726FD084C094920461DF0CEF84FF409
:10AC1000A47200232046FAF725FD054905481DF0DA
:10AC2000C4F810BD883601203825002075200600A4
:10AC30006DB20400B025002028B38446008A38BBDA
:10AC400070B4144D012203E06B6813449AB20835C6
:10AC5000114B9D421AD22C686445F5D86E6806EBFC
:10AC600086039B00143B23446345EDD300239E429F
:10AC7000EDD903EB830104EB8101614505D001337C
:10AC8000013292B2F3E700207047104670BC704763
:10AC9000704700BF148E0600348E06002DE9F04F79
:10ACA00089B08246079190469946139FDDF850B0CF
:10ACB000BDF848301BB94FF6FF73ADF84830244B50
:10ACC0001B88534536D3234E012413975746DDF88E
:10ACD0004CA022E001350134A4B27368AB421BD909
:10ACE00005EB8500CDF810B0CDF80CA012AB0293A7
:10ACF000CDF80490CDF80080079B3A462146D6F85F
:10AD000000C00CEB800017F047F80028E2D109B032
:10AD1000BDE8F08F0025E0E708360F4B9E4205D2D4
:10AD20007368E118B942F5D28CB2F5E7CDF84CA0C2
:10AD3000BA46139FCDF808B00197BDF8483000938C
:10AD40004B46424607995046FFF732FEDFE700BF09
:10AD50004C5B0120148E0600348E060010B5CCB07A
:10AD60000023489349934A934B931CAA48A904A8EB
:10AD700013F0C1FF18B304AC02941B4B01930022E3
:10AD8000009213464FF6FF710120FFF787FF21461F
:10AD9000164814F04DF8E0B11021144816F03CFEAE
:10ADA000134BBFF35B8F53E8001F41F0080143E8EA
:10ADB0000012002AF7D1BFF35B8F4CB010BD0D4BD2
:10ADC000029301900090034601220B4916F044FFC4
:10ADD000F3E70A4B029301900090034601220649D3
:10ADE00016F03AFFE9E700BF7B1B0600282500208C
:10ADF000E02500209C050700748E0600B8050700BA
:10AE00002DE9F04184B004460D4616461F461F4901
:10AE1000A1F130001DF028F8BFF35B8F1C4B1B68BD
:10AE2000BFF35B8F13F0080F17D02046FFF79CFB92
:10AE300018B1027A12F0010F12D110230293154BB0
:10AE40000193BDF8283000933B4632462946204600
:10AE500016F0F6FF04B0BDE8F081FFF77FFFE4E7EE
:10AE600000F10C080021404616F005FF0028E4D14F
:10AE7000BFF35B8F58E8003F43F0020348E800321D
:10AE8000002AF7D1BFF35B8FD7E700BF682500200A
:10AE9000E02500202825002008B5BFF35B8F054B77
:10AEA0001B68BFF35B8F13F0080F00D008BDFFF7DE
:10AEB00055FFFBE7E025002000B587B001460022E2
:10AEC000059205AB0293054B019300921346FFF7E1
:10AED000E5FE059807B05DF804FB00BFF71A060011
:10AEE0002DE9F04184B00746066884881F4B1B6833
:10AEF0006BB11E4B5B6803B1083B1A685B6803EBE0
:10AF000083039B00143B13441D8AA8460AE0184B98
:10AF10001D884FF0000805E0A8420CD905461436FC
:10AF2000013CA4B2D6B1CCB1308A0028F4D10135AD
:10AF3000ADB23582F3E7FFF7BFFF0028EFD0338AC9
:10AF400003930C4B029300200190009003460122D2
:10AF5000094916F081FE6FF0150004E041463846BD
:10AF6000FFF7ACFA002004B0BDE8F0818C36012078
:10AF70004C5B0120D4050700748E060030B583B009
:10AF80000446FFF765FB2368186800238DF800303E
:10AF90004FF4C053ADF80230694614F0DEFE78B3CA
:10AFA0002368186800238DF8043041F60103ADF8DA
:10AFB000063001A914F0D1FE10B309F08DFD204632
:10AFC000FFF78EFF051E1EDBBFF35B8F114B1B6867
:10AFD000BFF35B8F13F0010F18D02268636803EB97
:10AFE00083039B00143B1344198A108AFFF7AAFCC1
:10AFF000FFF722FD09F088FD0025284603B030BD8B
:10B000006FF07705F9E709F07FFDF6E709F07CFDC1
:10B010000025F2E78836012010B584B004460A46C0
:10B0200000230360029007490191012100914FF62E
:10B03000FF718088FFF732FE2068003818BF0120BA
:10B0400004B010BD731B060010B586B00024059433
:10B05000FFF7F2FD013080B205AB0293054B01937F
:10B060000094234622460146FFF718FE059806B0D5
:10B0700010BD00BFFD1A06002DE9F04784B005465B
:10B080000F46144656689422314617F018F80028E7
:10B090003DD102223146284617F034F8002843D02B
:10B0A000A68A023600961D23002221462F4816F05C
:10B0B0009EFE8146002856D032461D212846FEF7C6
:10B0C000B9FE804600283BD001230022114616F02D
:10B0D0007EFC08F10C0A0221504617F010FA0646D1
:10B0E00026F8027BA18A504617F009FAA28A216944
:10B0F00030461DF063FCC9F808804946284616F022
:10B100001CFC044658BB204604B0BDE8F087184B31
:10B11000029300200190009003460222154916F088
:10B120009BFD4FF0FF34EEE7134B0293019000902C
:10B13000034602220F4916F08FFD6FF01504E2E777
:10B140000E4B02930190009003460222094916F02B
:10B1500083FD4846FFF702F96FF00B04D3E748463A
:10B16000FFF7FCF8CFE76FF00B04CCE7471B0600B6
:10B17000F8050700748E0600100607003C0607005D
:10B18000BFF35B8F374B1B68BFF35B8F13F0040F6C
:10B190005ED030B58DB005460C4610B1837A072BD2
:10B1A00059D160680590FFF747FDADF81800216898
:10B1B00041B305A8FFF730FF00284FD0059B63601F
:10B1C000059B186800238DF82C3042F60303ADF878
:10B1D0002E300BA914F0C1FD48B90598C3689B79BE
:10B1E00013F0200F13D016F0ECFEADF818008DB15F
:10B1F0000123A3752246BDF818102846FFF73CFF2F
:10B200000DB030BD0028DBD16FF00100F8E76FF022
:10B210001500F5E76FF07F0307930223ADF82030A8
:10B2200009940023A3758DF8283042F60212ADF878
:10B230002A2005AA02920C4A0192012200920AAA2F
:10B240004FF6FF71BDF81800FFF728FD0798D7E704
:10B250006FF00A0070476FF07F00D1E76FF00100D8
:10B26000CEE700BF7C040020B9B5040010B582B061
:10B27000034630F8082CADF8042030F8062CADF861
:10B280000620A0F1200100F13004BFF35B8F54E8E9
:10B29000002F22F0010244E800200028F7D1BFF37C
:10B2A0005B8F002023F8080C23F8060C0E4A43F8A5
:10B2B0001C2C0E4A43F8182C01AA43F8102C042227
:10B2C00023F80C2CFFF75CFF08B102B010BDBFF3F0
:10B2D0005B8F54E8003F43F0020344E80032002A49
:10B2E000F7D1BFF35B8FF0E7FC060700DDA8040091
:10B2F00030B585B0044600F18801007AFFF75AF9AD
:10B3000000B3054603890BB94389DBB12046FDF73D
:10B3100031FB2B89124A22F820306B8902EB800224
:10B320005380104D00EB400305EBC3030E495960F9
:10B330000E4999601A6104229A8219462046FFF745
:10B340001FFF08B905B030BD094B029300200190E2
:10B35000009003460122074916F07EFCF2E700BF89
:10B360003436012038360120FC0607005F1D060038
:10B3700064060700748E0600F0B585B005461768B0
:10B38000FFF792F820B3EE680024012C20D804EBDC
:10B39000840306EB43031B8943B304EB840306EBEE
:10B3A0004302013216F81310384615F064FBE8B179
:10B3B0004FF495722946384616F081FE08B10328ED
:10B3C00009D03146284616F09CFB0B4B9E420FD00D
:10B3D000012005B0F0BD0395084B029300200190B9
:10B3E000009003460222064916F036FC0134CCE7F1
:10B3F0003846FFF77DFFEBE7D00A00208406070000
:10B40000748E06002DE9F04385B005460F461446BC
:10B4100056689422314616F052FE70BB0122314626
:10B42000284616F06FFE002834D0A28902321B2174
:10B430002846FEF7FFFC8046002837D000F10C09B3
:10B440000221484617F05BF8064626F8027BA189E0
:10B45000484617F054F8A289A16830461DF0AEFAAC
:10B46000012362692169404616F0B1FA4146284637
:10B4700016F04EFA05B0BDE8F083124B029300209F
:10B4800001900090034602220F4916F0E5FB4FF0B1
:10B49000FF30EFE70D4B029301900090034602222C
:10B4A000094916F0D9FB6FF01500E3E7084B02934A
:10B4B0000190009003460222034916F0CDFB6FF085
:10B4C0000B00D7E7F8050700748E0600100607008A
:10B4D00098060700BFF35B8F354B1B68BFF35B8F8C
:10B4E00013F0040F5AD030B58DB005460C4610B19C
:10B4F000837A072B55D160680590FFF79DFBADF867
:10B500001800216831B305A8FFF786FD00284BD04D
:10B51000059B6360059B186800238DF82C3042F66C
:10B520000303ADF82E300BA914F017FC48B90598A9
:10B53000C3689B7913F0100F11D016F042FDADF8DF
:10B5400018007DB12246BDF818102846FFF75AFFB3
:10B550000DB030BD0028DDD16FF00100F8E76FF0CD
:10B560001500F5E76FF07F0307930122ADF8202067
:10B57000099400238DF8283042F60211ADF82A1004
:10B5800005A902910B49019100920AAA4FF6FF7199
:10B59000BDF81800FFF782FB0798D9E76FF00A00A3
:10B5A00070476FF07F00D3E76FF00100D0E700BF76
:10B5B0007C040020B9B504002DE9F04784B00646AC
:10B5C0001546FEF771FF002800F0AC80F768574B76
:10B5D0009F422DD0002469E02B691A6904EB4400D6
:10B5E000538812884146DFF848C11CF82000FFF755
:10B5F00053F80134012CEDD804EB44024C4B03EB1F
:10B60000820808F1010807224A4940461DF044F922
:10B610000028EED004EB440307224146444810F8CA
:10B620002300FDF70DFB0028D6D015F0AEF9E0E7BA
:10B630000024DFE715F0A9F937E0484615F0A5F931
:10B6400033E03D4B0293002001900090034602221C
:10B650003A4916F001FB484615F097F925E004EB4E
:10B66000840207EB4202128912F0020F48D02A69C5
:10B67000A9884846FFF700FD824670B92A69937D84
:10B680000133937509E004EB840307EB43031B8943
:10B6900013F0010F39D14FF0000A484615F075F943
:10B6A000C5F808A0BAF1000F38DB0134012C33D8FB
:10B6B00004EB840307EB43031A89AB899A42F4D164
:10B6C00004EB840307EB4301013117F81300FDF786
:10B6D0006BFA81460028E8D0837A072BAAD13B6A0F
:10B6E0001BB1314698470028A7D0942231464846DE
:10B6F00016F0E5FC80460028A3D1AB89022BAED022
:10B70000012BC0D04FF0000AC7E72A69A988484634
:10B71000FFF778FE8246C0E74FF00108404604B0CC
:10B72000BDE8F0874FF00108F8E700BFD00A00201D
:10B73000703601201CF10600F8050700748E060023
:10B7400000B587B0049001208DF8140004AB02937B
:10B75000054B01930022009213464FF6FF71FFF74D
:10B760009DFA07B05DF804FB79B30400F8B505460F
:10B770000E4617460A4B1C6804B1043C74B123689A
:10B7800043B13A463146284698476468002CF5D0C4
:10B79000043CF3E7231DF8D11C46EFE7F8BD00BFDA
:10B7A0009436012010B584B004460290074B0193F3
:10B7B0000022009213464FF6FF710120FFF76EFA48
:10B7C000204616F022FB04B010BD00BFD9AA040029
:10B7D00010B584B00346002070B103930F4B029361
:10B7E000002001900090034601220D4916F06CFDE7
:10B7F0006FF00B0004B010BD00EB40021201094CC9
:10B80000A2580AB10130E7E700EB4002054B03EB19
:10B810000213054A5A600B60ECE700BF5C080700A2
:10B82000AC8E06009C36012084080700034BC01A2A
:10B830008010034B03FB00F0704700BF481000204E
:10B84000A38B2EBA2C22024B02FB0030704700BFA4
:10B85000481000202DE9F04385B00546039190463D
:10B860001C4668461CF0C7FDDDE90067EFF3118355
:10B87000402282F31288BFF36F8F6A8BDAB1994648
:10B880002B8B9A420BD200220023284608F036FC6C
:10B89000044620B189F31188BFF36F8F20E0698BD4
:10B8A0004B1E6B8389F31188BFF36F8F284616F008
:10B8B00047FD044614E083F31188BFF36F8F54EA09
:10B8C000080306D01DF0B2F81A4B1A581A4B9A42C8
:10B8D00018D042462346284608F010FC044668B1BA
:10B8E000039B9BB9002363610123237200236372CE
:10B8F0006360039B6382204616F080FD204605B0FE
:10B90000BDE8F0834FF000084446E2E732463B468C
:10B9100068461CF0A6FDDDE9002303A9204616F0C9
:10B9200022FD054660610028DED1204616F02FFD7D
:10B930002C46E3E7080000002834002008B5034641
:10B940000269002182F8D01003480361D2F8D43094
:10B950008360F7F7C1F908BDE40B002010B5044679
:10B9600016F074FEC0B104F00F0314F0800F0AD17A
:10B9700014F0080F14D103F1090040014830094BBD
:10B980001844043010BD14F0080F07D15801483096
:10B99000044B18440430F5E70020F3E70248F1E7D0
:10B9A0000248EFE7CC360120183801203839012051
:10B9B00010B5002405E0E0B216F063FE16F06BFE51
:10B9C0000134072CF7D9002402E016F064FE01349C
:10B9D000072C0AD8E0B216F05AFE0369002BF4D106
:10B9E0000A4B03EB84130361EFE7882016F049FE4E
:10B9F00016F051FE082016F04AFE03691BB116F03E
:10BA00004AFE002010BD024B0361F8E75C3D0120B7
:10BA10005C39012008B500220023024808F06EFBC3
:10BA200008BD00BF3010002010B504E04168054893
:10BA30001BF020FF2CB1FFF7EDFF04460028F5D1E5
:10BA4000F8E710BD000F002000B587B000220023EA
:10BA500005A91A4808F064FA20B90598406007B0B3
:10BA60005DF804FB164B0293002001900090034602
:10BA70000122144916F023FEFFF7D6FF002200230F
:10BA800005A90E4808F04CFA58B10F4B029300205C
:10BA900001900090034601220A4916F010FE002092
:10BAA000DDE70599496004230B7408481BF0CFFFBC
:10BAB000074908481CF04DF9F1E700BF000F0020CE
:10BAC000F4080700A48F06001409070030100020B6
:10BAD000F4360120E825002010B50446FFF7B4FF36
:10BAE00050B1014600230374047206481BF0AFFFF7
:10BAF000054B93F8243003B910BD044904481CF0E9
:10BB000028F9F9E730100020CC360120F436012066
:10BB1000E825002000B585B001280ED002280FD0FE
:10BB200068B10390094B02930020019000900346F6
:10BB30000122074916F0C3FD04E0002000E00120C7
:10BB4000FFF7CAFF05B05DF804FB00BF300907002E
:10BB5000A48F060010B584B00820FFF7FFFE20B1C7
:10BB60000446037A5BB904B010BD134B02930190F5
:10BB7000009003460122114916F0A1FDF3E70123CD
:10BB800043770377FFF760FF014658B10123037441
:10BB9000037384600A481BF05AFF0A490A481CF0E4
:10BBA000D8F8E0E7094B0293019000900346012288
:10BBB000024916F084FDD6E74C090700A48F060061
:10BBC00030100020F4360120E8250020600907002D
:10BBD00070B586B0044685782846FFF7BFFE064656
:10BBE00015F0800F16D1E378002B38D0012B4DD102
:10BBF000FFF72AFF0146002854D00123737703740E
:10BC00000373866028481BF022FF284928481CF04F
:10BC1000A0F847E0E37873B1032B43D00495039376
:10BC2000244B0293002001900090034601222249F8
:10BC300016F045FD36E0FFF707FF0146002831D03A
:10BC40000023B3770123037403230373866016482C
:10BC50001BF0FDFE154916481CF07BF822E0FFF7AB
:10BC6000F3FE0546F0B1A178144816F0CEFCF06062
:10BC700001232B7402232B73AE6029460A481BF064
:10BC8000E6FE0A490A481CF064F80BE004950393A9
:10BC9000084B0293002001900090034601220649C0
:10BCA00016F00DFD06B070BD30100020F4360120F6
:10BCB000E825002074090700A48F060000700240E8
:10BCC0004B7F73B370B588B00C460B7F0BB908B0CF
:10BCD00070BD00264E770E7700F138054FF0FF3229
:10BCE0004FF0FF33284608F04DF963690593636808
:10BCF0000693079605A9607A01F098F9094B9842D6
:10BD000003D1284608F0BEF9E1E70390064B029301
:10BD100030460196009633460122044916F0CFFCC6
:10BD2000EFE770470000AD0BA0090700A48F0600E5
:10BD300010B5024644694FF0000CC4F800C0C4F8C6
:10BD400004C01E4BD3F880142170D3F884146170A2
:10BD5000D3F8881489B2D3F88C04000280B201436E
:10BD60006180D3F8901489B2D3F89404000280B2B1
:10BD70000143A180D3F8981489B2D3F89C341B02F4
:10BD80009BB20B43E3800823D3600D4B20686168AE
:10BD900003C313686146507A984794F90030002B2A
:10BDA00001DBE38823B9074B0022A3F88C2210BDE6
:10BDB000044AA2F88C3201F0B5FAF8E700700240AC
:10BDC000D0360120CC36012038B504680379032B26
:10BDD00006D8DFE803F002060B102046FFF7A8FFA5
:10BDE00038BD21460F48FFF76BFFF9E723680121B3
:10BDF000607A9847F4E7A37A0BB9E37F23B123680D
:10BE00000221607A9847EBE7074D4FF0FF324FF081
:10BE1000FF33284608F0B6F801F062FB284608F028
:10BE200031F9ECE7CC3601200437012010B5037856
:10BE3000042B1CD8DFE803F01C030C2C3B0001F0A2
:10BE40003DF8A0B900F0C8FF1F4816F09FFC0EE0B7
:10BE50001D4C204616F068FC002001F015F8012367
:10BE600084F82530236813B100210220984710BDC3
:10BE7000154C002384F8253001F05CFC204616F0B8
:10BE800039FC2368002BF2D0002104209847EEE70C
:10BE90000D4B93F82530002BE9D001F019F80A4B2F
:10BEA0001B68002BE3D0002105209847DFE7064BF5
:10BEB0001B68002BDBD0044A92F82520002AD6D03C
:10BEC000002106209847D2E7CC36012008B51BF0A8
:10BED000DBFA01F02FFC00F075FFFFF7A5FDFFF77F
:10BEE00067FD1BF0CAFA024801F030F808BD00BF38
:10BEF0003DC1040070B584B005460FE061683C4860
:10BF00001BF0B8FC0AE015F8043C1BB304F1080070
:10BF1000FFF75AFF616836481BF0ACFCFFF77AFD6B
:10BF20000446002862D0334B93F8253013B9237CA4
:10BF3000002BE3D1237C042B4CD801A252F823F030
:10BF400071BF040007BF04007BBF0400A7BF04004B
:10BF5000BBBF0400A3685B7A0393274B02930020C6
:10BF60000190009003460122244916F0A8FBCDE77A
:10BF700004F10800FFF75AFFCCE705F110064FF077
:10BF8000FF324FF0FF33304607F0FCFFFFF710FDA4
:10BF9000304608F077F855F8283C002BBAD000213D
:10BFA00001209847B6E7FFF7D5FD55F8283C002B50
:10BFB000B0D000210A209847ACE7114B0293002033
:10BFC00001900090034601220C4916F078FBFFF720
:10BFD0007DFF9FE703930B4B02930020019000909D
:10BFE00003460122054916F06AFB93E704B070BDD1
:10BFF000000F0020CC360120C8090700A48F0600DE
:10C00000F0090700080A070070B586B00446857875
:10C010002846FFF7A3FC064615F0800F16D1E378FB
:10C02000002B38D0012B6CD1FFF70EFD0146002804
:10C0300073D00123737703740373866038481BF051
:10C0400006FD384938481BF084FE66E0E37873B19A
:10C05000032B62D004950393344B0293002001908C
:10C06000009003460122324916F029FB55E0FFF704
:10C07000EBFC0146002850D00023B3770123037462
:10C0800003230373866026481BF0E1FC25492648FC
:10C090001BF05FFE41E0FFF7D7FC054600283CD0CF
:10C0A0000123037402230373866006F10C01A07858
:10C0B00001F016F890B91F4BB3F88C32F268934236
:10C0C00018D81C4B0022A3F88C22294614481BF0D8
:10C0D000BEFC144914481BF03CFE1EE00390164BB6
:10C0E000029300200190009003460122104916F0AF
:10C0F000E6FAE0E79B1A0F4AA2F88C3201F012F937
:10C10000E3E704950393094B02930020019000900C
:10C1100003460122064916F0D2FA06B070BD00BFF0
:10C1200030100020F4360120E825002074090700B3
:10C13000A48F0600CC360120200A070010B588B075
:10C140000023039304930593069307930378013B1D
:10C15000052B1CD8DFE803F025031D214329032309
:10C160008DF81430FFF770FC034680B19DF81C2059
:10C17000027400F1080205A903C982E80300194608
:10C1800021481BF064FC214921481BF0E2FD08B066
:10C1900010BD04238DF81430E4E704238DF8143027
:10C1A000E0E702238DF81C30DCE704468078FFF7D7
:10C1B000D5FB837A012B0ED005D8002BE7D1204682
:10C1C000FFF722FFE3E7023BDBB2012BDFD820467B
:10C1D000FFF7FEFCDBE72046FFF7FAFCD7E701A8F4
:10C1E00001F07AF89DF80530052B07D00020FFF705
:10C1F000B5FB01238DF81C300590B3E79DF80430A2
:10C2000013F0600FC3D0F1E730100020F4360120A6
:10C21000E825002030B583B0124800F097FE124B9D
:10C2200098421BD1114807F03BFA114807F068FA11
:10C23000104D002400944FF0FF334FF480620E49FC
:10C24000284608F057F90D4928461BF060FE0C49B6
:10C250000C481BF023FD204603B030BD6FF00400F6
:10C26000FAE700BF3DC104000000AD0B500B070012
:10C270004C0B0700E8250020800D0220400A070033
:10C28000F5BE0400F436012010B5184B93F82430A5
:10C2900013B10024204610BD154C20461BF034FB82
:10C2A000002001F0BFFE44F81C0C002201212720D1
:10C2B00012F050FE1BF0E1F8FFF77AFB044618B9C4
:10C2C0000A4B012283F824200A4B1B681BB10A4940
:10C2D0000A481BF03EFD4FF08043D3F8383413F08A
:10C2E000010FD7D00020FFF715FCD3E7CC36012093
:10C2F0000437012030100020F4360120E82500200A
:10C30000074B93F824302BB1054B93F8253023B11C
:10C31000002070476FF0120070476FF012007047F6
:10C32000CC36012000B585B0027802F00F01037908
:10C3300003B961B9082917D8012B22D0012B3DD0B0
:10C3400012F0080F2DD1002005B05DF804FB1C4B46
:10C35000029300200190009003460122194916F033
:10C36000AEF94FF0FF30EFE7174B0293002001903A
:10C37000009003460122134916F0A1F94FF0FF3057
:10C38000E2E712F0080FD9D1104B02930020019080
:10C390000090034602220B4916F091F94FF0FF304E
:10C3A000D2E70B4B0293002001900090034602223B
:10C3B000044916F084F94FF0FF30C5E70020C3E7C9
:10C3C0004C0A0700A48F06006C0A07008C0A0700BD
:10C3D000A40A0700184B93F824303BB330B585B05E
:10C3E000044605782846FFF7B9FA10B3457222795A
:10C3F000827262884260207810F0080F03D163884F
:10C400005A1E134205D1618800F08EFD002005B050
:10C4100030BD0A4B02930020019000900346012298
:10C42000074916F04CF96FF01500F0E76FF01200B5
:10C4300070476FF01500EAE7CC360120C40A070008
:10C44000A48F06001C4B93F8243063B330B585B03D
:10C450000446194B93F8253043B3FFF77FFA05469E
:10C4600038B3837A012B11D008D80BB901F03EF80C
:10C470000020E8606B69AB6105B030BD023BDBB208
:10C48000012BF5D8204600F0F3FEF1E70B4B0293A9
:10C4900000200190009003460122094916F00FF98F
:10C4A0006FF01500E8E76FF0120070476FF01200B0
:10C4B000E2E76FF01500DFE7CC360120EC0A070059
:10C4C000A48F0600114B93F824309BB110B504469D
:10C4D0000E4B93F8253083B1FFF740FA80B114F08A
:10C4E000080F10D1204600F0EDFE204601F0CCF9F7
:10C4F000002010BD6FF0120070476FF01200F8E7D7
:10C500006FF01500F5E76FF01500F2E7CC3601206B
:10C5100038B5104B93F824307BB104460D460D4BD3
:10C5200093F8253063B1FFF719FA60B175B1204671
:10C5300000F0A6FE2870002038BD6FF01200FBE767
:10C540006FF01200F8E76FF01500F5E76FF01500D7
:10C55000F2E700BFCC36012038B5154B93F82430F4
:10C56000EBB10446FFF7FAF90546D8B114F0080F0D
:10C5700009D02B7ACBB901232B720D4B93F82530C0
:10C5800043B9002038BD204600F09CFE204601F053
:10C590007BF9EEE7204601F037F90020F2E76FF073
:10C5A0001200EFE76FF01500ECE76FF07700E9E7B6
:10C5B000CC3601202DE9F04188B01F46464B93F858
:10C5C0002430002B7CD0044688461646424B93F814
:10C5D0002530002B77D010F0800F77D0FFF7BEF911
:10C5E0000546002875D0037A002B48D04FF0FF3263
:10C5F0004FF0FF33394807F0C5FCAB7F002B4CD11F
:10C600001EB9EB7F0BB10023EB77AB7A63B95EB158
:10C61000314A5289B24207D96968B6FBF1F201FB8F
:10C6200012620AB90122EA771BB900F065FF844261
:10C6300039D10123AB77CDF81480069600230793F8
:10C6400005A9204600F0F2FC254B984232D0002389
:10C65000AB7707B13B600390224B0293002001901F
:10C66000009003460122204916F029F86FF00404D7
:10C670001A4807F007FD204608B0BDE8F081039492
:10C680001A4B0293002001900090034601221649A4
:10C6900016F015F86FF01504EDE7104807F0F2FCFE
:10C6A0006FF00A04E7E700F01BFF0C4807F0EAFC14
:10C6B0000024E0E717B13E600024D9E70024D7E763
:10C6C0006FF01204D7E76FF01204D4E76FF015048F
:10C6D000D1E76FF01504CEE7CC36012004370120F6
:10C6E0000000AD0B300B0700A48F0600100B0700F5
:10C6F0002DE9F04184B09846334B93F82430002B59
:10C7000056D006460D4617462F4B93F82530002B82
:10C7100051D010F0800F51D159B33046FFF71EF9B8
:10C72000044600284DD0037A43B34FF0FF324FF058
:10C73000FF33264807F026FCE3681E46BB4228BFAD
:10C740003E464DB33246A16928461CF037F9A3692D
:10C750003344A361E3689B1BE360B8F1000F01D091
:10C76000C8F80060194807F08DFC002004B0BDE84F
:10C77000F081002AD1D06FF01500F7E70396144B33
:10C78000029300200190009003460122114915F008
:10C7900096FF6FF01500E9E7002FD3D1B8F1000F35
:10C7A00001D0C8F80030094807F06CFC0020DDE734
:10C7B0006FF01200DAE76FF01200D7E76FF01500A4
:10C7C000D4E76FF01500D1E7CC3601200437012003
:10C7D000100B0700A48F06002D4B93F82430002B7C
:10C7E0004AD030B585B00546294B93F82530002B4B
:10C7F00045D010F0800F45D1FFF7B0F8044600286F
:10C8000043D0037AA3B14FF0FF324FF0FF332148FA
:10C8100007F0B8FBE3682BB96369A36101232377B1
:10C82000637F9BB91B4807F02DFC002005B030BD8D
:10C830000395194B029300200190009003460122BA
:10C84000164915F03CFF6FF01500EFE7FFF7FCF815
:10C85000014658B1012303748460037310481BF030
:10C86000F6F8104910481BF074FADBE7094807F0A6
:10C8700009FC6FF00B00D9E76FF0120070476FF002
:10C880001200D3E76FF01500D0E76FF01500CDE789
:10C89000CC36012004370120100B0700A48F0600BE
:10C8A00030100020F4360120E8250020084B93F8D2
:10C8B00024303BB110B50C46FFF750F828B10460A6
:10C8C000002010BD6FF0120070476FF01500F8E700
:10C8D000CC360120014B1860704700BFCC360120D8
:10C8E00008B5074B93F8243023B1FFF737F820B190
:10C8F000406808BD6FF01200FBE76FF01500F8E725
:10C90000CC36012042B200F00F0310F0080F09D11D
:10C91000002A03DB064800EB83007047054800EB64
:10C9200083007047002A01DB0348704703487047C3
:10C930003071024008710240507102402C71024077
:10C9400042B200F00F0310F0080F15D1002A09DBE6
:10C9500003EB83039B0003F1804303F51C33D3F8FF
:10C960000807704703EB83039B0003F1804303F543
:10C970001C33D3F808067047002A03DB034BD3F8B7
:10C98000A8077047014BD3F8A80670470070024013
:10C990004FFA80FC10F0080F22D100F00F03BCF119
:10C9A000000F0FDB10B4184C03EB830004EB800086
:10C9B000C0F80017C0F804270A33012244F82320E6
:10C9C00010BC7047104803EB830C00EB8C0CCCF8C8
:10C9D0000016CCF8042600EB830001234360704767
:10C9E000BCF1000F07DB084BC3F8A017C3F8A4275E
:10C9F00001229A647047044BC3F8A016C3F8A4261A
:10CA000001225A62704700BF0070024008B515F05D
:10CA10002CFF18B1024B8222C3F81C2C08BD00BFAA
:10CA20000070024008B515F020FF18B1024B00223B
:10CA3000C3F81C2C08BD00BF0070024000B583B0D5
:10CA40000023074A1370074A1370019301238DF8DE
:10CA50000430054B1B6801A8984703B05DF804FB40
:10CA6000655B0120645B01205441012000B583B067
:10CA700000238DF804300C4BD3F82025ADF80620A8
:10CA8000D3F8C03463B94FF48071084A13680B437C
:10CA90001360074B1B6801A8984703B05DF804FBBF
:10CAA0004FF00121F1E700BF00700240504101202A
:10CAB0005441012000B583B0012303FA01F1154A66
:10CAC00013680B43136010F0800F12D1124B1B68D8
:10CAD00019420BD106238DF804308DF8060001238E
:10CAE0008DF807300D4B1B6801A8984703B05DF81F
:10CAF00004FB094B1B681942F8D106238DF804305A
:10CB00008DF8060000238DF80730044B1B6801A840
:10CB10009847EBE7504101204C410120544101204E
:10CB200000B583B0114BD3F8803413F0800F1BD1C4
:10CB300000220F4B1A700F4A136823F00113136081
:10CB40000D4A136823F48033136043F0010313602C
:10CB50000023019305238DF80430084B1B6801A8BE
:10CB6000984703B05DF804FB8022E2E700700240C2
:10CB7000645B01204C4101205041012054410120BF
:10CB800010B582B01C4BD3F80044C3F8004414F431
:10CB9000807F0BD0194B01221A70002301930223CE
:10CBA0008DF80430164B1B6801A8984714F4007FD9
:10CBB0000AD00023114A1370019303238DF8043027
:10CBC0000F4B1B6801A8984714F4806F12D00B4BD1
:10CBD0001B787BB10023094A1370074A0121C2F870
:10CBE00008159165019304238DF80430044B1B68EC
:10CBF00001A8984702B010BD00700240655B01209B
:10CC000054410120EFF31183402282F31288BFF3D5
:10CC10006F8F0C4AD2F8002C72B90A4A49F275316A
:10CC2000C2F8001CC020C2F8140CC2F8001C83F328
:10CC30001188BFF36F8F7047024AC021C2F8141CDD
:10CC4000F5E700BF00E00640EFF31183402282F3D6
:10CC50001288BFF36F8F0C4AD2F8002C72B90A4ABF
:10CC600049F27531C2F8001C0020C2F8140CC2F859
:10CC7000001C83F31188BFF36F8F7047024A0021B5
:10CC8000C2F8141CF5E700BF00E00640EFF3118383
:10CC9000402282F31288BFF36F8F0C4AD2F8002C27
:10CCA00072B90A4A49F27531C2F8001C0320C2F871
:10CCB000140DC2F8001C83F31188BFF36F8F704707
:10CCC000024A0321C2F8141DF5E700BF00E0064048
:10CCD000EFF31183402282F31288BFF36F8F0C4A67
:10CCE000D2F8002C72B90A4A49F27531C2F8001C18
:10CCF0000020C2F8140DC2F8001C83F31188BFF3A2
:10CD00006F8F7047024A0021C2F8141DF5E700BF7B
:10CD100000E0064008B515F095FDC0B915F088FD96
:10CD2000C0B9114B0122C3F800250F4BD3F80034D2
:10CD300013F4006FF9D00C4B4FF40062C3F80024D9
:10CD400015F076FD48B915F07DFD48B908BDFFF72F
:10CD50009DFFE3E7FFF756FFE3E7FFF775FFF2E715
:10CD6000FFF7B6FFF2E700BF00700240F8B50646D5
:10CD70000C4615464B68934200D81D46216801F0C9
:10CD80006043B3F1005F10D1236833607560606861
:10CD9000401B606023682B442360A36813F0010FDD
:10CDA0000AD0281E18BF0120F8BD054F2A46384674
:10CDB0001BF004FE3760E9E7003818BF0120F3E7F5
:10CDC0005C3F01200023024A1360024A137070473F
:10CDD00054410120665B012010B5244B4FF40062E2
:10CDE000C3F80024FFF796FF15F049FD10B1204B62
:10CDF0001B7863BB15F026FD90BB15F00FFD58B1F5
:10CE00001A4B40F2E372C3F800284022C3F804280A
:10CE1000BFF36F8FBFF34F8F144B8022C3F81C25D5
:10CE20000122C3F83025134B40F2FF121A60002490
:10CE3000114B1C60114B1C70FFF7F4FD104B1C7064
:10CE4000104B02221A7015F0FDFC60B910BD0024D1
:10CE5000064BC3F80045FFF75DFF054B1C70C9E7A3
:10CE6000FFF714FFC9E7FFF733FFEFE70070024059
:10CE7000F10D0020504101204C410120625B012056
:10CE8000645B0120665B012010B5084B00221A701C
:10CE900050B9074B074CC4F80033272012F050F864
:10CEA0000123C4F8043510BD034BF3E7655B012093
:10CEB000FDFFDF0100700240FDFFFF01034B18780A
:10CEC000012894BF00200120704700BF665B01204D
:10CED000EFF31182402383F31288BFF36F8F104B5F
:10CEE0001B7803F0FF00B3B10E4BD3F8003413F4FA
:10CEF000007F0FD10B4B0121C3F82C15D3F82C1553
:10CF0000D3F8003413F4007F05D00020054BC3F89C
:10CF10002C0500E0002082F31188BFF36F8F70476B
:10CF2000655B01200070024010F0800F08D1054BB6
:10CF300000F00F0000EB400003EBC0039982704744
:10CF4000014BF5E79C3F01207440012070B5264B52
:10CF50001C78002C46D1254B1860234B01221A70F7
:10CF6000254613E040213046FFF7DEFF16F0800F24
:10CF700016D11F4B05F00F0202EB420203EBC20376
:10CF800000229A751A731A610135EDB2082D1DD869
:10CF900045F0800615F0080FE4D040F2FF11E2E7FB
:10CFA000144BE7E740212046FFF7BEFF14F0800F47
:10CFB00014D10F4B04F00F0202EB420203EBC20349
:10CFC00000229A751A731A610134E4B2082C07D84A
:10CFD00014F0080FE6D040F2FF11E4E7054BE9E753
:10CFE000054870BD0548FCE7665B012054410120FF
:10CFF0009C3F0120744001200000AD0B0500AD0BEB
:10D0000000F00F0110F0800F09D1074BD3F8142561
:10D0100001238B40134214BF012000207047024BB4
:10D02000D3F81025F4E700BF0070024070B546B297
:10D03000002E11DB102300F00F02D418EFF3118E35
:10D04000402383F31288BFF36F8F3AB91B4B1B78D1
:10D05000834203D01A482BE00023ECE7194B1B68EE
:10D06000DB439BB2184805682B434FF0010C0CFAC8
:10D0700004FC13EA0C0F1AD1002E16DB134B02EB43
:10D08000420203EBC20301221A7307C983E80700B7
:10D0900000221A619A7545EA0C050B4A15600C4B83
:10D0A0008022C3F804210B4802E00B4BE7E70B4852
:10D0B0008EF31188BFF36F8F70BD00BF645B0120DA
:10D0C0000A00AD0B504101204C4101209C3F012042
:10D0D00000E100E00000AD0B744001200B00AD0B3F
:10D0E00010F0800F17D10E4B00F00F0000EB400046
:10D0F00003EBC003EFF31182402080F31288BFF3EB
:10D100006F8F18690860197B39B9987D82F311888F
:10D11000BFF36F8F7047034BE6E70420F6E700BFCD
:10D120009C3F01207440012010F0080F07D100F04F
:10D130000F0000F59470064B53F820007047044B25
:10D14000D3F8C00410F4803FF8D00020704700BF2F
:10D15000007002403F4B1A683F4B1B681A4200D1D7
:10D160007047F0B585B0002200233C4807F026F850
:10D17000002854D005B0F0BD15F0B7FB06465BE0C3
:10D18000374C03E066F07F05EDB2354C05F00F0338
:10D1900003EB430304EBC30415F0800F25D12846AD
:10D1A000FFF7C2FF07460346A28A214602A815F0F0
:10D1B00068FB029B13B1039BBB421CD308B900233D
:10D1C0002373FFF723FC0122B24023490B6823EAB3
:10D1D00002030B602369039A13442361214B1D70E2
:10D1E00002992846FFF7D4FBC4E7A28A214602A889
:10D1F000FFF7BCFDE2E70221A1750122B24015480C
:10D20000036823EA0203036006238DF804308DF8D7
:10D2100006508DF80710144B1B6801A898470D4B5A
:10D2200018680D4B1B68184010D010F00123A3D0D4
:10D23000184615F05AFB06460F2EA3D9A6F1100387
:10D24000DDB213F0800F9BD1084C9FE7034806F036
:10D250008FFF8FE74C41012050410120001000203A
:10D2600074400120635B0120544101209C3F012058
:10D2700040F48070014BC3F81805704700700240FD
:10D2800042B200F00F0310F0080F16D1002A0BDB9A
:10D2900003F588739B0003F1804303F51C33586842
:10D2A000003818BF0120704703F58473044A52F810
:10D2B0002300003818BF012070470020704700BFCE
:10D2C00000700240034BC3F80C0540F48070C3F8B3
:10D2D0000C05704700700240002303604360104B50
:10D2E000D3F880240270D3F884244270D3F88814D1
:10D2F000D3F88C24120292B20A434280D3F89014DD
:10D30000D3F89424120292B20A438280D3F898246C
:10D31000D3F89C341B029BB21343C380704700BFF9
:10D3200000700240014B0122DA6470470070024035
:10D3300010B582B00446FFF703FB00F00100254A58
:10D34000137843401370FFF76DFB234806F010FF7E
:10D3500061B2002925DB214A04F00F0303EB4300EF
:10D3600002EBC002907D03281DD0127B6ABB00290E
:10D3700000DB1022134401229A401948036823EA73
:10D380000203036000291DDB06238DF804308DF8AD
:10D39000064000238DF80730124B1B6801A8984700
:10D3A0000CE0114AD8E700290ADB102213440122BD
:10D3B0009A400B490B6823EA02030B6002B010BDD0
:10D3C0000022F3E7882CF9D1DEE7002CF6D1FFF735
:10D3D000A9FFF3E7625B0120001000209C3F0120C1
:10D3E0004C410120544101207440012038B5384B94
:10D3F000D3F8604134B10022C3F86021D3F86C4403
:10D40000C3F86C44324BD3F828318BB1304B002237
:10D41000C3F828212F4A137892F90020002A2DDB27
:10D42000102203F00F031344012202FA03F31C43FA
:10D43000294B1D782846FFF765FA036803BB204691
:10D4400015F03AFA224BD3F80031FBB9204BD3F850
:10D45000543143B11E4B0022C3F85421D3F8043396
:10D4600013F4001F19D11A4BD3F85831C3B9184B14
:10D47000D3F85C31DBB9FFF76DFE38BD0022D0E791
:10D48000002303602846FFF753FFD8E7104B002224
:10D49000C3F80021FFF7D2FAD8E7FFF7E7FAE2E78F
:10D4A0000B4B0022C3F85821FFF76AFBDFE70B4B59
:10D4B0009B682BB9084B1B78802BDCD0002BDAD073
:10D4C000034B0022C3F85C21FFF72AFBD3E700BF20
:10D4D00000700240645B0120635B012000100020AB
:10D4E000014B01221A65704700700240014B012276
:10D4F0005A65704700700240014B1878704700BFB2
:10D50000645B012010B4EFF3118C402383F3128885
:10D51000BFF36F8F10F0800F19D1102300F00F01AF
:10D520000B4401229A400B4C236823EA0203236038
:10D5300010F0080F05D101F59471074B002243F854
:10D5400021208CF31188BFF36F8F10BC704700232C
:10D55000E4E700BF504101200070024070B582B086
:10D56000EFF31185402383F31288BFF36F8F42B22C
:10D57000002A24DB3A4C00F00F0303EB430104EBD9
:10D58000C104002A20DB374A126803F1100101238D
:10D590008B4033EA020114D10021217322EA0302F5
:10D5A00030490A6030490A6822EA03020A6003230C
:10D5B000A37585F31188BFF36F8F02B070BD2B4C3C
:10D5C000D9E7FFF79FFFF2E710F0080F13D180288B
:10D5D00034D003F2DA3252002549C1F80028D1F8DC
:10D5E0000428D2B242F00202D1F804683243C1F8F2
:10D5F0000428D1F804281C4A11681A4A166866EAF9
:10D60000010C012202FA03F31CEA030FD1D026EA2F
:10D610000306144A16601943134B19600023237341
:10D620000323A37506228DF804208DF806008DF8DB
:10D630000730104B1B6801A89847BAE70C4940F225
:10D64000B472C1F80028D1F80428D2B242F0040222
:10D65000D1F804683243C1F80428D1F80428CAE795
:10D660009C3F01204C410120504101207440012089
:10D67000007002405441012038B50446094D4FF076
:10D68000FF324FF0FF33284606F098FD2046FFF7A3
:10D6900065FF284606F06CFD034B8022C3F8042189
:10D6A00038BD00BF0010002000E100E038B5124B8B
:10D6B0005B88124A146844EA034409E045F080009C
:10D6C00010F0080F0FD0EDB20123AB4024EA0304A1
:10D6D00064B194FAA4F5B5FA85F50F2DEED9A5F14C
:10D6E0001000C0B2ECE7FFF739FFECE7024B40F265
:10D6F000FF121A6038BD00BF504101204C4101208B
:10D7000038B50A4B8022C3F884212720F6F72CFA7B
:10D7100000B938BDFFF7CAFF054C0025C4F8045511
:10D72000272011F012FCC4F80053F2E700E100E0FA
:10D730000070024008B54FF0FF324FF0FF3315483C
:10D7400006F03CFDFFF7DCFF134B1B7863B9134B6E
:10D750000022C3F80025FFF765F90E4806F008FD22
:10D760000F4B01221A7008BD0C4B0022C3F8082190
:10D77000012209498020FFF70BF9084BD3F8083143
:10D78000002BFAD00023054AC2F80831024A137070
:10D79000DDE700BF00100020625B01200070024046
:10D7A000665B012070B5044646B200F00F054FF0ED
:10D7B000FF324FF0FF33114806F000FD2046FFF71F
:10D7C000CDFE002E10DB0E49D1F814350122AA40FF
:10D7D00023EA0203C1F81435084806F0C9FC094BD6
:10D7E0008022C3F8042170BD0549D1F8103501220B
:10D7F000AA4023EA0203C1F81035EDE7001000202B
:10D800000070024000E100E0F8B5044646B200F0C6
:10D810000F05FFF7F5FB68B9002E0CDB1849D1F8AE
:10D8200014350122AA401343C1F81435631EDBB23C
:10D83000062B09D9F8BD1249D1F810350122AA40AA
:10D840001343C1F81035F1E7EFF31187402383F359
:10D850001288BFF36F8F2046FFF754FE002E0DDBBA
:10D8600010231D440122AA4006490B6823EA020343
:10D870000B6087F31188BFF36F8FDBE70023F0E7BE
:10D88000007002404C41012010B5044610F0800F9A
:10D8900003D0064BC3F8184510BDFFF7F1FC002874
:10D8A000F7D02046FFF72EFEF3E700BF00700240DE
:10D8B000132810D80C4B13F810307BB10A4A02EB36
:10D8C000400252786AB1086800FB03F393FBF2F35D
:10D8D0000B60002070476FF0150070476FF0150067
:10D8E00070476FF015007047700B0700074B01225F
:10D8F000C3F8002590F8863013B1044BDA60704706
:10D90000024B01221A605A60704700BF007000404D
:10D9100069B938B5064CD4F82C56D4F8341689B207
:10D92000743015F01BF80544C4F82C5638BD704708
:10D9300000700040027CA2F10803062B0DD8DFE83E
:10D9400003F01E0C200C040C0A0002220E4BC3F83C
:10D95000F025002070470322F8E700B585B0039258
:10D960000A4B0293002001900090034601220849CF
:10D9700015F068F86FF0150005B05DF804FB0022A3
:10D98000E4E70122E2E700BF00700040980B0700C7
:10D99000348E060000B585B0012901D9437C4BB90E
:10D9A000437C082B13D8DFE803F020202020202020
:10D9B00020202000104B029300200190009003468D
:10D9C00001220E4915F03EF86FF0150011E00393A7
:10D9D0000B4B02930020019000900346012207495F
:10D9E00015F030F86FF0150003E0064AC2F8F43580
:10D9F000002005B05DF804FBC00B0700348E060064
:10DA0000F40B07000070004010B586B0044614F017
:10DA1000A5FF236813B19B8903FB0000E3688342E1
:10DA200002D3002006B010BD04900393064B02936E
:10DA300000200190009003460122044915F002F8ED
:10DA40006FF00B00EEE700BF180C0700348E0600E5
:10DA5000F0B587B000230493CDF813300C7904F0AF
:10DA60001F048E79072C75D80D460B780B2B34D8F4
:10DA7000DFE803F009061B1F33233333272B332F33
:10DA800001238DF812306B78032B33D0042B34D064
:10DA9000324B02930020019000900346012230494E
:10DAA00014F0D0FF6FF0150744E002238DF8123018
:10DAB000E9E703238DF81230E5E704238DF81230EF
:10DAC000E1E705238DF81230DDE706238DF81230EB
:10DAD000D9E707238DF81230D5E7224B02930020B7
:10DAE00001900090034601221D4914F0ABFF6FF036
:10DAF00015071FE001238DF8133005A9688814F07D
:10DB00002FFF0746C8B92B79C3F340138DF81530A2
:10DB10006A79154B234483F8A020144D04AA2146AA
:10DB2000284614F0E7FE5134230105EB0414666027
:10DB30000022EA50384607B0F0BD0D4B029300209A
:10DB40000190009003460122054914F07BFF6FF01D
:10DB50001507EFE76FF01507ECE700BF600C070053
:10DB6000348E0600400C07001005002000700040B5
:10DB7000840C070010B582B000F10804D0F88800CA
:10DB8000410CC003084BC018084A4FF0000341F194
:10DB90000001D9F7A9FD0090019100220023204641
:10DBA00007F044FB02B010BD3F420F0040420F009F
:10DBB000F0B585B04E68731EFE2B03D80D460023CA
:10DBC0001C4624E0364B029300200190009003464F
:10DBD0000122344914F036FF6FF015033FE0039340
:10DBE000314B0293002001900090034601222D4901
:10DBF00014F028FF6FF0150331E003F15102120118
:10DC00002A49002088500133DBB2072B22D81A465C
:10DC100026FA03F111F0010FEFD02549194491F8CC
:10DC2000A070002FDBD0697C003918BF0121DFF81C
:10DC30007CC00CEB031EDEF8180520F0807040EA73
:10DC40000160CEF81805513212014CF8027001340F
:10DC5000E4B2D8E72846FFF76DFE034610B1184638
:10DC600005B0F0BD21462846FFF794FE0346002884
:10DC7000F5D121462846FFF7C7FE03460028EED11E
:10DC8000AA680A4BC3F82C26C3F83046084C29462C
:10DC9000204614F0E6FE204614F0C7FE0346DEE7F9
:10DCA000B00C0700348E0600D00C07000070004056
:10DCB0001005002070B504460D46084E002211469E
:10DCC000304614F0A9FE29462046FFF771FF0446AE
:10DCD00006F1400006F04CFA204670BD1005002009
:10DCE00010B50D4B0024C3F80441D3F80421C3F848
:10DCF0001041D3F810211222C3F80423072011F099
:10DD00001FF922460121072011F024F9034814F0DD
:10DD1000D7FE204610BD00BF007000401005002057
:10DD200008B5114BD3F8043173B90F4BD3F8103148
:10DD30004BB10D4B0022C3F81021D3F81021012262
:10DD40009A601A605A6008BD074B0022C3F804218C
:10DD5000D3F8041101219960C3F800250146034856
:10DD600014F0B6FEEFE700BF007000401005002081
:10DD700000487047AC410120034BC01A8010034B90
:10DD800003FB00F0704700BF6C410120B76DDBB6AC
:10DD900038B505460C46FFF7EFFF01464022034821
:10DDA00014F074FF01462846A04738BD588B060082
:10DDB00030B583B005460C46FFF7DEFF0146402331
:10DDC00000932346054A064814F07AFF011E01DB42
:10DDD00003B030BD2846A047FAE700BF092D060072
:10DDE000588B060008B510B101280DD008BD0021E0
:10DDF000084814F0D7FE836813F0070FF6D100210E
:10DE0000044814F031FFF1E70121024814F02CFF1F
:10DE1000ECE700BF588B060010B582B0EFF3118419
:10DE2000402383F31288BFF36F8F154A136843F0C2
:10DE30000201116013F0010F09D1002384F311884E
:10DE4000BFF36F8FB3B914F067FF02B010BD0DF1CF
:10DE5000070201214FF0804014F088FE9DF8073042
:10DE6000012B01D00023E9E7FFF782FF14F0EAFE5F
:10DE70000123E3E70021034814F0F6FEE5E700BFC5
:10DE8000BC410120588B060010B5EFF311844023EC
:10DE900083F31288BFF36F8F074A136823F00201E0
:10DEA000116013F0010F04D084F31188BFF36F8F5A
:10DEB00010BD14F03BFFF7E7BC41012070B582B004
:10DEC0000546012807D14FF08043D3F81C3403F0F6
:10DED0000303012B4BD019F0F1FF044618B9284B6E
:10DEE0001B78002B38D1EFF31186402383F312887F
:10DEF000BFF36F8F012424B94FF080430222C3F88F
:10DF0000082301AA00214FF0804014F02FFE20B119
:10DF1000019B012B26D0012D24D0FCB1304611F0FD
:10DF20003EF84FF08043D3F81835002BE9D14FF07D
:10DF30008043D3F80431002BE3D04FF0804300221C
:10DF4000C3F80421D3F804210122C3F818250D4990
:10DF5000C1F880219A60D4E70026CCE7012014F0B4
:10DF6000EFFEDEE72CB186F31188BFF36F8F02B0AE
:10DF700070BD4FF080430222C3F80423F7E700BFCF
:10DF80006B5B012000E100E000B587B0CDF800D068
:10DF9000CDF804D0002302930123039304AB049330
:10DFA00005936B46064A14F0A7FE002805DB4FF4E4
:10DFB00080420023684606F001F907B05DF804FBD3
:10DFC0006D2D060070B5064600220121104610F0A6
:10DFD000C1FF114802F07EFB104B984219D116F098
:10DFE000CDFD0024012C12D82146304614F0DAFD74
:10DFF00005462146304614F0E2FD09490FF041FF85
:10E00000002805DB0123AB601C44E4B2EAE70020F2
:10E0100070BD6FF00400FBE7E5DD04000000AD0B10
:10E02000180D070008B5C1B2014814F0C8FD08BDBD
:10E03000588B060010B50446104B0121BFF35B8FCF
:10E0400053E8002F43E800100028F9D1BFF35B8F9D
:10E050001AB1631E012B0DD910BD094814F0AFFD94
:10E06000084900234B608B60CB6001238B600FF06D
:10E0700025FFEEE72046FFF721FFEDE7684101208D
:10E08000588B06005841012010B504460A2806D0D6
:10E09000E1B2064883685B689847204610BD034894
:10E0A00083685B680D219847F2E700BF948B0600F8
:10E0B00010B5044C2046F5F72BFF2046F2F73CFE46
:10E0C00010BD00BF89E0040008B5054819F0F3FA57
:10E0D00018B1FFF7EDFF002008BD6FF01200FBE75D
:10E0E000948B0600EFF31182402383F31288BFF371
:10E0F0006F8F0A4BD3F800316BB1084BD3F808058A
:10E10000C0B20021C3F80011D3F8003182F31188A6
:10E11000BFF36F8F70476FF00A00F7E700D0004041
:10E12000F0B586468578C478EFF3118C402383F3ED
:10E130001288BFF36F8F067833464778AD1B2540B2
:10E14000AA4200D9AAB2B01820408EF800008CF381
:10E150001188BFF36F8F084607E00EEB0302527978
:10E1600000F8012B01332340624602F1FF3C1FFA05
:10E170008CFC002AF1D1BE420ED1EFF31183402274
:10E1800082F31288BFF36F8F9EF800208EF8012073
:10E1900083F31188BFF36F8F401A80B22D1A9EF857
:10E1A0000430AB4202D3024B01221A60F0BD00BF23
:10E1B00000D00040F8B50D46144613F0010F03D10E
:10E1C0002548FFF7ADFFF8BD0AB92046FBE7EFF39E
:10E1D0001186402383F31288BFF36F8F0D20F5F76C
:10E1E000C3FC07460D2010F0B0FE86F31188BFF384
:10E1F0006F8F1A4B0022C3F80021D3F800210122AF
:10E200001A60174B4FF40052C3F8802126460AE0EB
:10E21000EFF31180402383F31288BFF36F8F10F068
:10E22000BEFE00E08EB10D4BD3F80031002BEFD0D5
:10E23000FFF758FF0A4B4FF40052C3F88021002823
:10E24000F0DB013EB6B2A855ECE7002FBDD00D20A3
:10E2500010F076FEB9E700BFF041012000D0004089
:10E2600000E100E010B5FFF73DFF002806DBC4B277
:10E2700021460A4814F07FFD002800DB10BD21462E
:10E28000074814F078FD002803DB064805F070FF0E
:10E29000F4E7054B01225A60F7E700BFF041012087
:10E2A00005420120D841012000D00040F8B50F46BA
:10E2B000144607E04FF0FF324FF0FF3306F118002D
:10E2C00005F07CFFBCB10D4E4FF0FF324FF0FF3335
:10E2D000304605F073FF2246394606F14500FFF748
:10E2E0001FFF0546304605F043FF002DE2D0641BBA
:10E2F000A4B22F44E6E70020F8BD00BFC0410120D2
:10E3000010B5184C01221146204619F0BDFB012220
:10E31000002104F1180019F0B7FB0422082104F1D0
:10E32000450014F03BFD0C22102104F1300014F0E4
:10E3300035FD0D4BD3F8042522F00102C3F8042566
:10E340000024C3F80041D3F800210121C3F80413CD
:10E35000196022460D2010F0FDFD0D2010F0F0FD9B
:10E36000204610BDC041012000D00040F0B51C4641
:10E37000059F069E00F01F0C400936D0012837D1BA
:10E38000284D0CF5E07355F8233099B301209AB36A
:10E390004FF0020E40EA0E008CB34FF00C0E40EA34
:10E3A0000E007FB34FF4E06E40EA0E006EB34FF400
:10E3B000403E40EA0E0023EA000049B30B784AB31E
:10E3C0001278520013433CB32278920013432FB3C8
:10E3D0003A78120213431EB33278120413430343F4
:10E3E0000CF5E07C45F82C30F0BD4FF0A045C8E7B7
:10E3F0000025C6E70020CAE74FF0000ECAE74FF03D
:10E40000000ECCE74FF0000ECEE74FF0000ED0E745
:10E410000023D4E70022D5E70022D7E70022D9E77E
:10E420000022DBE70003005000F01F03400909D081
:10E4300001280AD1064A03F5E07352F8230000F0E0
:10E44000010070474FF0A042F5E70022F3E700BF5C
:10E450000003005028B1012801D103487047002073
:10E4600070470248704700BF6C8B0600808B060027
:10E470002DE9F04786B0884615469946446801F074
:10E480001F07237B47EA4317204614F033FD00287B
:10E4900053D0B5F5001F2AD00DF10C0A00260396C3
:10E4A00004964946284614F062FD8DF80C0000964B
:10E4B00001960296CDF804A0A36823FA08F313F09E
:10E4C000010F02D1B5F1A07F18D010346A46394649
:10E4D000204618F015FF1C4B984231D101223946D5
:10E4E000204618F031FF002006B0BDE8F08739461D
:10E4F00004F1100018F02CFF0020F5E73846FFF774
:10E5000093FF0028E1D104F110050DF117023946FF
:10E51000284618F001FF0D4B984203D00DF1170368
:10E520000493D2E70DF11701284618F009FF064BB6
:10E530009842F3D06FF00B00D6E76FF08500D3E779
:10E540006FF01500D0E700BF0000AD0B0400AD0B6D
:10E55000F0B589B00F461446456801F01F062B7BC5
:10E5600046EA4316104614F0CAFC8DF81E0040F22D
:10E5700006332340B3F5837F54D016D8062B4DD0F5
:10E5800006D9B3F5807F0DD101238DF81D3024E02D
:10E5900003B3022B03D104238DF81D301DE06FF06F
:10E5A000150039E06FF0150036E040F20222934288
:10E5B0003CD0B3F5407F03D103238DF81D300CE030
:10E5C000B3F5007F03D102238DF81D3005E06FF015
:10E5D000150021E000238DF81D3014F4002F29D000
:10E5E0006A680123BB40C2F80835284614F082FC53
:10E5F00048B310350DF11F023146284618F08CFE45
:10E60000074614F4403F37D13146284618F090FEB3
:10E610003C4B9F426ED0002009B0F0BD06238DF820
:10E620001D30DAE707238DF81D30D6E705238DF876
:10E630001D30D2E714F4802FD7D06A680123BB4085
:10E64000C2F80C35D1E7C4F340438DF8083014F418
:10E65000803F0CBF012300238DF81030002401946B
:10E660000DF11D0300930DF11E0304AA02A930460B
:10E67000FFF77CFE2046CFE702AA00230293039314
:10E68000049305930693059204AA3146284618F090
:10E6900037FE1C4B98421DD114F4003F1DD09DF84D
:10E6A0001D308DF8103014F4803F0CBF012300237F
:10E6B0008DF811309DF81E308DF81230002304AA19
:10E6C0003146284618F020FE0E4B9842A0D06FF03D
:10E6D0001500A1E76FF015009EE700230493059352
:10E6E00006930DF11E03049304AA3146284618F040
:10E6F00007FEE9E79DF81F10284618F01DFE0020D0
:10E700008AE700BF0000AD0B10B54468204614F046
:10E71000F1FB08B9002010BD1034204618F004FEAB
:10E7200008B10020F7E70021204618F0F9FD094B59
:10E7300098420BD100220849204618F0E9FD00223A
:10E740000521062010F006FC0020E4E76FF004002D
:10E75000E1E700BF0000AD0BA72F060070B400F08A
:10E760001F0C400919D001281AD10E4D0CF5E0708C
:10E7700055F820600C4C344041EA420141EA8303E1
:10E780009DF80C2043EA02239DF8102043EA02433F
:10E79000234345F8203070BC70474FF0A045E5E7B3
:10E7A0000025E3E700030050F0F8FCFF00F01F0134
:10E7B000400907D0012808D1054A01238B40C2F83F
:10E7C000083570474FF0A042F7E70022F5E700BF99
:10E7D0000003005000F01F01400907D0012808D1B4
:10E7E000054A01238B40C2F80C3570474FF0A04218
:10E7F000F7E70022F5E700BF000300502DE9F04FD6
:10E8000085B080468B460392002423E04FF0FF360C
:10E8100038E0039BC3F80C65012702973946B6F12F
:10E82000FF3F15D0B1F1FF3F40F0248158F80A3086
:10E8300013F4004F40F02281029D00220192CDF896
:10E840000090C3F341233A4629463046FFF786FF3E
:10E850000134E4B25C4580F013814FEA840A58F831
:10E860002430C3F3C725C3F3C322C3F3080615F04E
:10E87000080540F00781874911F8029040F2FF1225
:10E880009642C3D05B0C222B00F2FF8001A252F80B
:10E8900023F000BF13E8040021E9040031E904007B
:10E8A0003FE904004FE904005FE904006DE904005A
:10E8B0008BEA04008BEA04008BEA04008BEA040074
:10E8C0007DE9040093E904008BEA04008BEA04006C
:10E8D0008BEA04008BEA04008BEA04008BEA040054
:10E8E0008BEA04008BEA04008BEA0400A9E9040027
:10E8F000BDE90400D1E90400E5E904008BEA040065
:10E900008BEA04008BEA0400F9E9040009EA040038
:10E9100017EA040027EA040037EA040047EA040083
:10E92000039BC3F814652F4602954FF0FF3176E73D
:10E93000039BC3F808650127029739466FE7039BDD
:10E94000C3F810652F4602954FF0FF3167E7039B30
:10E95000C3F808652F460123029300215FE7039B5C
:10E96000C3F80C6501270297002158E7039BC3F801
:10E9700010652F4602954FF0FF3150E7039BC3F817
:10E980000865B9F1000F65D02F4602954FF0FF31B1
:10E9900045E7039BC3F80C65B9F1000F62D02F4621
:10E9A00002954FF0FF313AE7039BC3F8606558F8D2
:10E9B0000A10C1F300410127029730E7039BC3F817
:10E9C000646558F80A10C1F300410127029726E751
:10E9D000039BC3F8686558F80A10C1F3004101278A
:10E9E00002971CE7039BC3F86C6558F80A10C1F343
:10E9F00000410127029712E7039BC3F824650295A3
:10EA000001274FF0FF310AE7039BC3F82865012770
:10EA10000297394603E7039BC3F830650295012747
:10EA20004FF0FF31FBE6039BC3F8346502950127E5
:10EA30004FF0FF31F3E6039BC3F8386502950127D9
:10EA40004FF0FF31EBE6039BC3F83C6501270297CB
:10EA50003946E4E64F46CDF808904FF0FF314FF0CD
:10EA60000609DCE64F46CDF808904FF0FF314FF035
:10EA70000609D4E6304614F0EBFAD7E60127DCE6C7
:10EA8000002004E06FF0150001E06FF0850005B094
:10EA9000BDE8F08F440E070000B9704708B5410C7F
:10EAA000C30306481818064A4FF0000341F100015D
:10EAB000D8F71AFE06F0E2F808BD00BF3F420F008B
:10EAC00040420F0030B585B00446456814F0C8FADE
:10EAD000A86A50B118F0EFFD68B14FF4003105F1AC
:10EAE000280014F0EFFB002803DB0021204614F07F
:10EAF00033FB05B030BDAB6A1B680393054B029333
:10EB00000190009003460122034914F03BFC6FF092
:10EB10001200EEE74C0E0700448F060010B588B0D7
:10EB2000094C0694079306AC0494012405940292C0
:10EB3000039302AB0093019483681C686B4604AA9C
:10EB4000A04708B010BD00BFF80F070070B54668B9
:10EB50000269546823680BB9114B2360A38843F4FE
:10EB60008043A3800A23303221463068FFF7D6FF66
:10EB7000054658B9306883685B6821469847054662
:10EB8000A38823F48043A380284670BD306883683F
:10EB90005B6821469847A38823F48043A380F3E76A
:10EBA000801A0600F0B583B00D46476806690E4C22
:10EBB00000E01C4601230DF1070271683868FFF779
:10EBC000ADFF034648B99DF80700A84203D1631E74
:10EBD000002CEED11C461CB10346184603B0F0BD14
:10EBE0006FF07303F9E700BF40420F0003695B68F1
:10EBF000014A1A6000207047801A060038B50C469A
:10EC0000456828220021204619F000FF074B636069
:10EC1000EB6823602B69A360E37B43F00103E3739C
:10EC2000012384F82430002038BD00BF801A06007C
:10EC3000F0B585B00C46466805690B686A681168CE
:10EC40008B4219D0F1688B4262D8ABB105F1080153
:10EC50008A4230D02A4642F81C3FEB695768D2F806
:10EC600008E0D2F80CC0AB604F60C1F808E0C1F812
:10EC70000CC013690B6169602379022B4BD12A7890
:10EC800063799A420ED0022B28D0706840B1637924
:10EC9000022B34D00022317A14F0C6FB00283DD17B
:10ECA00063792B70A379012B3BD1637A012B3BD184
:10ECB000002005B0F0BDAB6005F11C03AA68D1F8D7
:10ECC00004E0D1F808C0CF68EA61C5F820E0C5F8D3
:10ECD00024C0AF620A69EA626B60CDE7FFF736FFD6
:10ECE0000028D2D0124B02930020019000900346DE
:10ECF0000122104914F0BDFB6FF00400D9E7012296
:10ED0000317A14F091FB0028CAD06FF00400D0E7EC
:10ED10006FF08500CDE76FF08500CAE76FF0040063
:10ED2000C7E76FF08500C4E76FF08500C1E700BF5B
:10ED3000380F07005C8F06002DE9F04F8FB00F46AB
:10ED4000D0F80480D0F810900D69D1F808B03D4B90
:10ED50000B934B680C930BAA099201220A92079518
:10ED6000089307A905910692B3F5007F66D88246FD
:10ED7000FF21FFF717FF041E0EDBFE2C1ED06FF0E5
:10ED8000040409E0304B02930020019000900346F8
:10ED900001222E4914F06DFB20460FB0BDE8F08F24
:10EDA0002B4B02930020019000900346012227493B
:10EDB00014F05FFB6FF08904EEE7B3460BF1FF360A
:10EDC000BBF1000FE8D0D8F80000D9F80410836830
:10EDD0001C6805AB09AAA04704460028D2D103232A
:10EDE0000DAAD9F80410D8F80000FFF797FE0446E2
:10EDF0007A68294600200EF0B8FC9DF834209DF872
:10EE0000353043EA02239842CAD17B681D440795F6
:10EE1000002ED2D0FF215046FFF7C4FE0446FE2844
:10EE2000CBD00C4B029300200190009003460122AE
:10EE3000064914F01EFB6FF00404ADE76FF0850483
:10EE4000AAE700BFF80F0700580F07005C8F060005
:10EE50006C0F07007C0F070030B585B0456804696A
:10EE6000286818F028FC10B36868A8B118F023FCD3
:10EE700000B34FF4B011281D14F0BBFA054660B181
:10EE800003900E4B02930020019000900346012254
:10EE90000B4914F0EEFA07E000252346012203F89F
:10EEA000082B63600023A360284605B030BD6FF0D7
:10EEB0001205F9E76FF01205F6E700BF880F0700AB
:10EEC0005C8F060043681A68B1F5164F6FD03AD8C8
:10EED000B1F5165F6ED00AD9B1F5E14F75D024D9DE
:10EEE00047F6122399422BD14FF4000313E0B1F5FA
:10EEF000966F61D007D9B1F5166F63D0B1F5965F03
:10EF000010D13C4B07E0B1F5967F58D0B1F5167F94
:10EF100005D14FF41C33C2F82435002070476FF040
:10EF2000150070476FF015007047B1F5615F4ED066
:10EF3000B1F5964F01D1304BEDE76FF015007047FA
:10EF40006FF015007047B1F5613F42D009D9B1F5B6
:10EF5000612F46D01FD9294B994248D14FF0805399
:10EF6000D9E7B1F5963F37D005D9B1F5E13F0FD1DB
:10EF70004FF0EB73CFE74DF6C02399422ED0B1F599
:10EF8000614F02D14FF46B03C5E76FF01500704776
:10EF90006FF0150070471A4B994225D0B1F5E12F5B
:10EFA00002D14FF0E863B6E76FF0150070474FF4F9
:10EFB0001D03B0E7134BAEE74FF49E23ABE74FF4CE
:10EFC000A033A8E74FF41D23A5E70F4BA3E70F4B92
:10EFD000A1E74FF06C739EE70D4B9CE74FF4650380
:10EFE00099E74FF0706396E74FF0806393E76FF017
:10EFF0001500704700B0130000A04E0040420F0003
:10F0000090D003000050270000C0750000F03A00C7
:10F0100000903A01F8B505460E46076918F04EFF14
:10F0200010B9114B1B787BB9EFF31184402383F3A4
:10F030001288BFF36F8F284614F03AFD40B984F36D
:10F040001188BFF36F8FEFE7284614F060FE044687
:10F050007B691E7001227969284614F043FD84F310
:10F060001188BFF36F8FF8BD6B5B012030B585B0A1
:10F0700005460C4601F11C0004F0C8FB0F4B9842FA
:10F080000ED105F10C0205F59071207F03F0C0FD53
:10F09000237F0120984003F0B5FD002005B030BD6E
:10F0A000074B02930020019000900346012205497E
:10F0B00014F062FE6FF00400F0E700BF0000AD0B3B
:10F0C000F81107008C8F060000F01F01400907D0DF
:10F0D000012808D1054A01238B40C2F80835704742
:10F0E0004FF0A042F7E70022F5E700BF0003005011
:10F0F00000F01F01400907D0012808D1054A01236B
:10F100008B40C2F80C3570474FF0A042F7E7002261
:10F11000F5E700BF00030050134B984211D9134B81
:10F12000984211D9124B984211D9124B984211D9D9
:10F13000114B984211D9114B984211D24FF0804097
:10F1400070474FF0007070474FF0806070474FF08D
:10F15000006070474FF0805070474FF0005070478C
:10F160004FF00040704700BF8FD003001FA1070081
:10F170003F420F007F841E00FF083D0000127A000E
:10F1800070B58AB00C460569466895F86D301BB1BC
:10F190002B68994200F0B280A38813F4006F4AD123
:10F1A00013F0010F54D113F0080F60D1C3F34513CE
:10F1B000082B69D12268524B9A4272D90DF1140C76
:10F1C00006F1080EBEE80F00ACE80F00DEF80030D4
:10F1D000CCF800302068FFF79FFF0790A38813F05A
:10F1E000020F6BD013F0040F6DD003238DF8203085
:10F1F000A38813F0100F6AD001238DF821303368F3
:10F20000D3F80805A188C1F3400114F075FE95F804
:10F210006D30002B5DD12B463A4A05A9304604F0EB
:10F2200091FB394B98425BD1012385F86D302C60FE
:10F2300000200AB070BD354B029300200190009071
:10F2400003460122324914F015FF6FF08500F0E704
:10F25000036803932F4B0293002001900090034614
:10F2600001222B4914F006FF6FF01500E1E72A4B4D
:10F27000029300200190009003460122244914F0DB
:10F28000F9FE6FF01500D4E7244B029300200190A3
:10F290000090034601221E4914F0ECFE6FF01500A9
:10F2A000C7E71F4B02930020019000900346012204
:10F2B000174914F0DFFE6FF01500BAE713F0040FE2
:10F2C00003D0012392E7022390E700238EE7002377
:10F2D00093E7304604F06AFB002385F86D309AE727
:10F2E0000390104B029300200190009003460122EE
:10F2F000074914F0BFFE6FF004009AE7002098E77A
:10F3000047E8010035F404000000AD0BA812070027
:10F31000748F0600C4120700E812070008130700E4
:10F32000381307006C13070030B585B00446002081
:10F33000034605E0626C02EBC302526810440133DD
:10F34000A26C9342F6D30022134605E0E16C01EB78
:10F35000C30149680A440133216D8B42F6D38242CE
:10F3600038BF02464FF4FA5303FB02F0254655F826
:10F37000283B1B68B0FBF3F0C830410CC00340F2DF
:10F38000E733C0184FF47A724FF0000341F10001E7
:10F39000D8F7AAF902460B46284604F00FFF10B929
:10F3A000206C05B030BD064B029300200190009008
:10F3B00003460122034914F05DFE6FF07300F0E78D
:10F3C00094130700748F060030B585B0044640687A
:10F3D0002269916D01B3136E03B38B4228BF0B46B4
:10F3E00023B39366556D0095D5B1D9B90191D16D0F
:10F3F0000291C9B1126E02B9134603930022694605
:10F4000004F018FB0A4B984204D06FF00401204628
:10F4100014F002FE05B030BD136EE1E70B46DFE7E6
:10F420000021E3E71946E1E70023E6E70021EEE7E4
:10F430000000AD0B0378002B5ED110B584B00C46F4
:10F440008A6EE2B18B6D43B19A421ED89B1A8B65CE
:10F4500033B34B6D0BB113444B65A26E236E4BB1AE
:10F460009A422DD89B1A2366002B34D0E36D0BB142
:10F470001344E365606EFFF7A7FF04B010BD6FF0A3
:10F480007301606E14F0C8FDF7E71C4B0293002077
:10F490000190009003460122194914F0EBFDDCE7CE
:10F4A0004B6C08334B648B6C013B8B64012301F183
:10F4B0005802483104F1440014F026FD6065CCE7A1
:10F4C0000E4B0293002001900090034601220C494C
:10F4D00014F0D0FDCEE7E36C0833E364236D013B09
:10F4E0002365012304F1600204F1500104F14C0092
:10F4F00014F00AFDE065BDE7704700BFBC130700CC
:10F50000748F06002DE9F04385B004460E46904600
:10F510001F460569D0F8049000910E9B0D9A9DF846
:10F520003010284614F090FD31462046FFF728FEA3
:10F53000064608BB012385F86C30D9F82410B1F1D8
:10F54000FF3F21D101233A464146284614F0F3FCFF
:10F5500000220121284614F01EFD2046FFF734FF4B
:10F560002846FFF7E1FE064610F1740F1ED0002278
:10F570001146284614F00FFD3146284614F057FD79
:10F58000304605B0BDE8F08309F1280014F0AEFD67
:10F5900010F1740FD6D10E4B029300200190009011
:10F5A000034602220B4914F065FDCBE70027AF6646
:10F5B000484604F0FBF985F86D706FF07301204642
:10F5C00014F02AFD05F1280004F020FECFE700BF6B
:10F5D000DC130700748F060030B587B005468468D9
:10F5E00011E023681B68227904920393114B029364
:10F5F00001900090034601220F4914F03BFD6FF08B
:10F60000120014E00834AB68EA6803EBC2039C42C2
:10F610000CD2206818F04FF80028E2D04FF4B01157
:10F62000204614F041FC0028ECDA00E0002007B08E
:10F6300030BD00BF08140700748F060070B584B099
:10F64000456806690021286A14F034FD041E0EDBAB
:10F65000696AB1F1FF3F0DD1EB6998473046FFF77A
:10F66000BBFF041E03DB304614F0B5FC002420462B
:10F6700004B070BD05F1280000F04CF8044610F10C
:10F68000130F0DD010F1050FE6D10B4B02930020A4
:10F690000190009003460122084914F0EBFCE6E7D4
:10F6A000074B02930020019000900346012203497A
:10F6B00014F0E0FCDBE700BF58140700748F06006D
:10F6C0002C14070070B400F01F0C400919D0012859
:10F6D0001AD10E4D0CF5E07055F820600C4C3440FA
:10F6E00041EA420141EA83039DF80C2043EA0223E8
:10F6F0009DF8102043EA0243234345F8203070BCB4
:10F7000070474FF0A045E5E70025E3E70003005010
:10F71000F0F8FCFF30B587B004460D4601238DF8A4
:10F72000173002238DF80C300DF1160104910DF104
:10F730001703009303AB01930023029317F000FE1D
:10F740000C4B984212D16A462946204617F0D8FD44
:10F75000084B984202D1002007B030BD9DF816102A
:10F76000204617F0E9FD6FF00400F5E76FF0120096
:10F77000F2E700BF0000AD0B21F07F4100F5A8705B
:10F78000014B43F820107047001001404FF48033C4
:10F790008340024AC2F84433704700BF0010014062
:10F7A0004FF480338340024AC2F84833704700BFA9
:10F7B00000100140014BD3F80405704700100140D0
:10F7C0002DE9F843054689469046FFF7E9FF2846AC
:10F7D00014F018FD4E46032710E0FFF7EBFF044638
:10F7E000494614F0FEFCB0F5000F26D9284614F067
:10F7F00009FDB8F1000F22D13E19013731462846E4
:10F80000FFF7BAFF2846FFF7C1FFFFF7D3FF044613
:10F81000C11C304614F0E5FC0A4B98420AD9284630
:10F8200014F0E3FC0028D8D1B8F1000FE4D06FF059
:10F83000150000E00020BDE8F8830020FBE76FF032
:10F840001500F8E7FDFF7F00034B044AC3F80823C7
:10F85000C3F84823704700BF0010014003000F00A9
:10F8600010B5012383406FEA030C0E4ABFF35B8F90
:10F8700052E8001F01EA0C0E42E800E4002CF7D128
:10F88000BFF35B8F4FF4803282400748C0F80823F3
:10F89000BFF35F8FBFF36F8F0B4214BF01200020B7
:10F8A00010BD00BF80420120001001404FF48033A2
:10F8B0008340144AD2F80423134201D10020704738
:10F8C00010B5044601238340DB430F49BFF35B8F30
:10F8D00051E8002F02EA030041E8000CBCF1000FE0
:10F8E000F6D1BFF35B8F22FA04F313F0010F03D1BB
:10F8F000204614F07AFC18B1204614F083FC012055
:10F9000010BD00BF001001407C42012001B97047CA
:10F9100001238340114ABFF35B8F52E800CF4CEACA
:10F92000030C42E800C10029F7D1BFF35B8F4FF40D
:10F93000803383400A4AC2F80433BFF35B8F094B1C
:10F940001B68BFF35B8FC34013F0010FDFD0064B82
:10F950004FF40032C3F80021D9E700BF80420120F4
:10F96000001001407C42012000E100E038B514465F
:10F970001046194614F052FC02460D490B68E01A75
:10F980001B184C6844F100040B604C60A2F5001396
:10F99000B3F5400F09D2074B1B68190A1B06D41890
:10F9A00041F10005044BC3E9004505F043FB38BDB8
:10F9B0009826002084420120A026002038B50D4B57
:10F9C0001C68250A2406BFF35F8FFFF7F3FE03468A
:10F9D000001945F10001B3F5801F0AD2064BD3E9A7
:10F9E0000023904271EB030303D210F1807041F1C8
:10F9F000000138BD84420120A02600202DE9F041FD
:10FA0000064614461D469DF820801046194614F0FF
:10FA100005FC0746FFF7D2FFA04271EB050319D2A0
:10FA2000201A65EB01011D4B984271F100012FD2A4
:10FA30001B4B03EB0613D3E90223AB4208BFA242E0
:10FA400001D1002018E0424639463046FFF7B8FEA3
:10FA500090B11BE0B8F1000F1DD10123B340114A52
:10FA6000BFF35B8F52E8000F184342E80001002902
:10FA7000F8D1BFF35B8F0020094B320103EB061670
:10FA8000C6E9024506999950079B7360BDE8F0816D
:10FA90006FF01500FAE76FF01500F7E7010080003E
:10FAA000882600207C42012030B585B0FFF7CCFECF
:10FAB00000231E4AC2F80835002B25DD1B4C022509
:10FAC000C4F804531A4B4FF40032C3F880210022CB
:10FAD000012111200FF03EFA11200FF031FA01231D
:10FAE000A3602360134A1360002402940194124B14
:10FAF0000093124A0023204614F09AFB2846FEF792
:10FB000099FA204605B030BD0D4A02EB03124FF0C2
:10FB1000FF304FF0FF31C2E902014FF480329A40CA
:10FB20000249C1F804230133C6E700BF00100140B9
:10FB300000E100E0804201206DF90400FFFF7F003A
:10FB4000882600202DE9F04782B00446FFF7AEFE7C
:10FB500010B902B0BDE8F087FFF730FF82460D46CE
:10FB600014F05FFB0646154B03EB0413D3E902893F
:10FB7000C24575EB09050BD20025304614F055FB44
:10FB8000002DE6D0009742464B462046A847E0E7C6
:10FB90000A4A230102EB0411D5584F680020D050C7
:10FBA0004FF0FF324FF0FF33C1E902232046FFF749
:10FBB000F7FD204614F026FBDFE700BF8826002073
:10FBC00010B50D4BD3F8043313F0020F03D100240A
:10FBD000002C0BDD10BD0221074814F0CCFA0028E0
:10FBE000F5D0064A136801331360F0E72046FFF7AB
:10FBF000A9FF0134ECE700BF00100140844201205E
:10FC000010B584B0B0F1FF3F18D001281BDD154BB3
:10FC10009842A8BF18460446134B01221A70FFF7FA
:10FC2000CDFE124B1A685B68801AB0F5000F0CD23B
:10FC30000444B4F5000F09D30A4C07E00A4B002234
:10FC40001A70084CEBE70124E6E7064C0020121975
:10FC5000029001900649009143F1000314F0E8FA84
:10FC600004B010BDFFFF7F00695B012098260020D3
:10FC70006DF9040008B5FFF7A1FE024B1B68C01A1E
:10FC800008BD00BF9826002008B502460B46024872
:10FC900004F078F908BD00BF740F002008B50248D1
:10FCA00004F0F0F908BD00BF740F002010B5034642
:10FCB0000A46034881680C681946A04710BD00BF7A
:10FCC000D08B060010B586B004910390094B0293C7
:10FCD000002401940094234601220749204614F091
:10FCE000DCFA84F31188BFF36F8F0323184602DF19
:10FCF00006B010BDF8140700A48E060070B584B0DD
:10FD0000044614F0B5FA034620781D468BB1002254
:10FD100000232946F5F718FD064678B162780232CD
:10FD200021460C3012F0F1FB304610F06BFA04B0B3
:10FD300070BD4FF0FF324FF0FF33EAE7002DF6D1F0
:10FD4000044B02930190009003460122024914F0F3
:10FD5000A4FAECE720150700A48E060030B585B0A4
:10FD600004464FF0FF324FF0FF330320F5F7DCFC81
:10FD700058B105466288043221460C3012F0C5FBAA
:10FD8000284610F03FFA05B030BD054B02930190B4
:10FD9000009003460122034914F07FFAF3E700BF05
:10FDA0003C150700A48E060030B587B004464FF01E
:10FDB000FF304FF0FF31FFF767FF10B1002007B0B1
:10FDC00030BD0DF11701204600F074FA0546FFF72B
:10FDD00065FF002DF2D19DF81730042B10D0022BB7
:10FDE00013D0082B16D003930D4B029300200190E3
:10FDF0000090034601220B4914F04FFA0120DEE780
:10FE00002046FFF77BFF0120D9E72046FFF7A6FF3A
:10FE10000120D4E7204614F04FFA0120CFE700BFBD
:10FE200058150700A48E060008B50249024817F0CD
:10FE300090FF08BD904A01208832002038B5044662
:10FE40004FF0FF304FF0FF31FFF71EFF054608B1BE
:10FE5000284638BDE068E3F78BFE0546FFF71EFF36
:10FE6000002DF5D00249034817F073FFF0E700BFFB
:10FE7000904A01208832002038B505464FF0FF3007
:10FE80004FF0FF31FFF700FF044608B1204638BDB0
:10FE9000E86800F0FBF90446FFF700FF002CF5D1FD
:10FEA0000249034817F055FFF0E700BF904A0120D0
:10FEB0008832002010B58CB03749384817F0EEFE74
:10FEC00000F02CFB07A8D8F73BF9354B0393354BD3
:10FED0000293002001901423009307AB03223249C0
:10FEE00014F0DBF9314817F0E6FB80B1304B069394
:10FEF00006A8D8F797F9B0B94FF0FF304FF0FF31AF
:10FF0000FFF7C2FE0446E0B120460CB010BD294BFD
:10FF100002930190009003460122234914F0BDF999
:10FF20006FF01204F0E70390234B0293002001903E
:10FF30000090034601221C4914F0AFF96FF015043C
:10FF4000E2E70820D8F760F9B0B91C491C48D8F797
:10FF5000BBF80446A8B941F64C53059305A8E3F74E
:10FF600013FF88B901238DF8103004A8E3F704FFCC
:10FF700078B9FFF793FEC7E7FFF790FE6FF08504AF
:10FF8000C2E7FFF78BFEBFE7FFF788FE6FF085043F
:10FF9000BAE7FFF783FEF9E785430600904A0120A0
:10FFA0009415070034F80600A48E0600D08B0600D6
:10FFB000ADFC0400BC150700DC150700A8260020D6
:10FFC00029FE040010B58AB001238DF81C3007AA61
:10FFD00002210020D8F732F8002833DB0823ADF8DF
:10FFE0001C3007AA07210020D8F728F8002829DBB1
:10FFF000FB238DF81D308DF81C3002238DF81F3047
:020000025000AC
:1000000003218DF81E1007AA0020D8F717F8002842
:1000100018DB01238DF81C3007AA04210020D8F733
:100020000DF800280EDB1F23ADF81C3007AA0621AF
:100030000020D8F703F8002804DB40F6D9339842B3
:1000400002D800200AB010BD049003930A4B02931B
:10005000002401940094234601220849204614F00C
:100060001CF984F31188BFF36F8F0423184602DF55
:100070006FF00B00E6E700BF00160700A48E060035
:1000800008B50648F7F74CF90548D7F795FF14F07F
:1000900059F900B108BDFFF795FFFBE750160700BF
:1000A000C5FC040008B50548FFF77EFE00B908BD91
:1000B0000349044817F04DFEF9E700BF88420120CC
:1000C000904A01208832002042F24403984239D8F5
:1000D00042F24303984255D242F22603984229D86D
:1000E00042F20D03984218D240F2064398424BD098
:1000F00040F21D43984201D0012070470020704714
:10010000A0F50150283880B2224BC34013F0010FF4
:1001100001D10120704700207047A0F500500D3834
:1001200080B21D4BC34013F0010F01D10120704775
:100130000020704742F23203984201D001207047FC
:100140000020704742F2850398420FD842F26803BC
:100150009842D5D242F26403984217D042F2660325
:10016000984201D001207047002070474FF602539B
:1001700098420DD04FF60A53984201D001207047A3
:100180000020704700207047002070470020704713
:10019000002070472F80002041120003F0B583B08B
:1001A00007460E464378057845EA032504238DF873
:1001B0000630354B1C683CB10DF107030DF106020A
:1001C000A0470446012821D1AB0AB5F5105F0BD238
:1001D0001AB2002A4BD0013B072B4AD8DFE803F0C4
:1001E0002249272F3749493F3F2B07D10DF10602FE
:1001F0003146384614F089F9044600E001242846C7
:10020000FFF762FF80F001008DF807009DF80730CE
:100210000BB9012C2FD122462946304614F0B6F8EE
:1002200003B0F0BD384614F016F90446E7E70DF1C7
:1002300006023146384614F025F90446DFE70DF191
:1002400006023146384614F0D6FA0446D7E70DF1D7
:1002500006023146384614F0B2F80446CFE70DF1F5
:1002600006023146384614F017FB0446C7E701245E
:10027000C5E70124C3E723469DF8062029463046FA
:1002800014F08DF8CCE700BFA04A0120074B1B7883
:100290004BB910B5064C2146FFF780FF012304F847
:1002A000013C002010BD4FF0FF307047A44A0120F0
:1002B000A54A012038B50C46084B1B7813B9E3F763
:1002C00061FC38BD054DAA780232691C18F076FB36
:1002D0000020287004232370F3E700BFA44A012004
:1002E00038B505460C46094817F0E5F980F00103DA
:1002F00013F0FF0F06D1A2B2044883681B68294699
:10030000984738BD6FF01200FBE700BFD08B0600A6
:1003100008B502E04FF0FF3090B120210948FFF707
:10032000DFFF60B920220849064818F0B5FA002816
:10033000F0D0044901F1200005F062F8ECE71F203D
:1003400008BD00BF004B0120AC16070070B5FFF7D9
:10035000DFFF05464FF0FF324FF0FF330120F5F786
:10036000E3F9044600F10C060221304612F0C7F80A
:100370003E230370422343700121304612F0BFF840
:10038000082303704121304612F0B9F805701DB9F9
:10039000421C0E4B20210AE040220021013018F0BF
:1003A00035FB11E013F801C902F801CB013900292E
:1003B000F8D12130064B202204E013F8011900F88F
:1003C000011B013A002AF8D1204670BD3F4B0120A5
:1003D0005F4B012000B585B048B10C490C4802467E
:1003E00005F022F828B9002005B05DF804FB0949A2
:1003F000F4E70390084B029300200190009003461D
:100400000122064914F032FB1220EDE7AC1607007A
:10041000204B0120004B0120781607009C8E06001F
:1004200070B5FFF7D7FF05464FF0FF324FF0FF33AF
:100430000120F5F779F9044600F10C060221304657
:1004400012F05DF83E2303702223437001213046F1
:1004500012F055F8092303702121304612F04FF8AD
:1004600005701DB90130094B20220AE02022FF212E
:10047000013018F0CBFA06E013F8011900F8011B5F
:10048000013A002AF8D1204670BD00BF3F4B012041
:1004900008B50249024817F05CFC08BDEC4A01208F
:1004A0008832002010B584B0BFF35B8F184B1B68F7
:1004B000BFF35B8F022B23D0042B25D0012B0CD054
:1004C000144B029300240194009423460222124903
:1004D000204614F0CBFA204601E0FFF737FF0C4B23
:1004E0000022BFF35B8F53E8001F43E80024002C79
:1004F000F9D1BFF35B8F08B10FF084FE04B010BDDB
:100500000020FFF78DFFEAE70120FFF789FFE6E70C
:10051000FC4A01209C1607009C8E060008B5024983
:10052000024817F0BBFB08BD8B4A0600EC4A0120CD
:1005300008B50A4B0122BFF35B8F53E8001F002967
:1005400003D143E800200028F7D1BFF35B8F03D12C
:10055000FFF79EFF002008BD0C20FCE7FC4A0120AD
:1005600008B5A1B10422174BBFF35B8F53E8001FFE
:10057000002904D143E8002CBCF1000FF6D1BFF3F1
:100580005B8F1CD100F11F020F4B202106E00222DD
:10059000E9E712F801C903F801CB01390029F8D1C4
:1005A0003F300A4B202204E010F8011903F8011B28
:1005B000013A002AF8D1FFF76BFF002008BD0C209C
:1005C000FCE700BFFC4A0120204B0120404B0120EA
:1005D00000B583B014F06DFA8DF800003223ADF849
:1005E000043000238DF806308DF801308DF802308C
:1005F000034A19216846E2F7DFF903B05DF804FB0E
:100600000506050010B586B004910390094B0293CE
:10061000002401940094234601220749204614F047
:1006200086FA84F31188BFF36F8F0323184602DF25
:1006300006B010BDD8160700148F060030B583B081
:100640000D4D002400946FF009034FF480620B49B4
:10065000284603F04FFF0A49284617F058FC09497D
:10066000094817F01BFB2246042119200EF072FCEA
:10067000204603B030BD00BF88320020C0110220E8
:10068000EC1607004D4B0600604B012008B50249EF
:10069000024817F05EFB08BD604B01208832002045
:1006A00008B5024B1B680020984708BD704B01201D
:1006B00008B528B1012802D10448DFF73FF808BD8A
:1006C000034B1B6801209847F9E700BFA10605000E
:1006D000704B0120014B186001487047704B01209E
:1006E0000000AD0B2DE9F04180460E4601F11A00E5
:1006F00014F055FA58BB357825F04005013D05EB5F
:10070000450305EB83050127002404E04FF6FF7342
:10071000984221D101340C2C0DD8134B185D304474
:1007200014F03DFA002FF1D0FF2D13D828F8150052
:1007300007460135EEE7337813F0400F0ED07FB156
:10074000FF2D0FD8002328F81530012000E00020ED
:10075000BDE8F0810020FBE70020F9E70120F7E782
:100760000120F5E70020F3E7141807002DE9F8430E
:1007700080460F4691464B730F23CB7200240C73B7
:10078000214607F11A0014F03CFA09F1FF3606EB96
:10079000460306EB8306254602E001340C2C11D8F3
:1007A0004FF6FF739D4202D038F8165001360C4BBD
:1007B000185D2946384414F024FA002DEDD14FF687
:1007C000FF75EAE74FF6FF739D4202D038F8163006
:1007D0000BB949F0400987F80090BDE8F88300BFE5
:1007E00014180700F0B40568002D44D006462F46C3
:1007F0003B7801371F2B01D93A2BF9D13A2B02D084
:100800000020F0BC70472878A0F13003DBB2092B40
:1008100009D8AB1CBB4201D0002024E030380728A7
:1008200026DC3760EDE700201DE0203AD2B2A3B10C
:100830009A4212D1237801349CF800200CF1010C6B
:10084000A3F16101C9B2192901D8203BDBB2A2F1A1
:100850006101C9B21929EAD8E7E70BB96745DED0CB
:1008600001300728DBDC054B53F82040AC46E1E7BC
:100870004FF0FF30C5E74FF0FF30C2E74C180700DC
:1008800038B50446002303714FF0FF33836314F03F
:1008900099FA002868D104F23A2014F080F905464C
:1008A0004AF6552398420DD094F83C30EB2B13D0E8
:1008B000E92B11D0E82B0FD04AF655239D4251D099
:1008C000032038BD0B22294904F13C0017F0E4FF56
:1008D0000028E9D10120F4E74AF655239D4237D09C
:1008E00004F1470014F05BF994F84920431E1842C4
:1008F000E2D1B0F5007FDFD3DED8002ADCD0531E72
:100900001A42D9D104F14A0014F049F90028D3D091
:1009100094F84C30013B012BCED804F14D0014F07B
:100920003EF90028C8D004F14F0014F038F97F28B0
:1009300006D804F15C0014F037F9B0F5803FBBD362
:1009400004F1520014F02BF90028B5D00020B8E7CC
:100950000822074904F18E0017F09EFF0028BFD13E
:100960000020AEE70220ACE70420AAE70417070046
:10097000101707002DE9F04F83B00D4616460023EF
:100980000B60FFF72FFF0028C0F2E881AB4B53F854
:100990002040002C00F0E7812C6006F0FE06237852
:1009A00073B1607801F004FF10F0010508D1002E4A
:1009B00000F0D58110F0040F00F0D1810A25CEE1BE
:1009C00000232370607801F001FF10F0010540F072
:1009D000CC811EB110F0040F40F0C98100212046E7
:1009E00014F00BFA042800F0C481012800F2C3813E
:1009F000A66B00F0D38004F1470014F0D0F8B0F5F6
:100A0000007F40F0D28104F1520014F0C8F807468C
:100A100020B904F1600014F0C7F80746276294F883
:100A20004C20E270531EDBB2012B00F2C08107FBA9
:100A300002F894F84990A4F80A90B9F1000F00F078
:100A4000B88109F1FF3319EA030F40F0B48104F1D2
:100A50004D0014F0A4F88246208110F00F0F40F0F2
:100A6000AC8104F14F0014F09AF8834620B904F1E8
:100A70005C0014F099F8834604F14A0014F08FF8F2
:100A80000246002800F09B8100EB080303EB1A13D9
:100A90009B45C0F09681ABEB030BBBFBF9F1CB455B
:100AA000C0F091816648814200F2CE804FF6F57029
:100AB000814200F20A814FF0020BC7E001333F2B65
:100AC00004D8E21892F83C20002AF7D03F2B40F2DD
:100AD000548104F1A40014F062F8B0F5807F40F076
:100AE0004E8194F8A830092B40F04B8104F184002A
:100AF00014F065F8871941F100084FF0FF33BB424D
:100B00004FF0000373EB0803C0F03D8104F1900047
:100B100014F04AF8206294F8AAA084F803A0BAF16D
:100B2000010F40F0328194F8A930012202FA03F358
:100B30000193BDF804306381002B00F0288104F19B
:100B4000980014F031F883463E4B984200F2218120
:100B5000831CE361666204F1940014F025F800EB55
:100B60000609C4F8309004F18C0014F01DF83044EC
:100B7000A0620022BDF804300BFB03F319EB03095C
:100B800052414F4578EB0202C0F0058104F19C0010
:100B900014F00AF8E062002637460AE00B238EE7DD
:100BA0000137A31993F83C30812B14D02036C6F3BB
:100BB0000806002EF5D16389BB4240F2EE80E16A5F
:100BC000204614F043F8C119204614F0FBF8002821
:100BD000E6D05546C3E004F13C0706F11400384462
:100BE00013F0E2FF0646012840F2D980E369834210
:100BF00040F2D780236B6289811E01FB023363635D
:100C0000A16A01EBD611204614F0DCF8002840F070
:100C1000CA8006F07F0007EB800013F0C5FFB0F13B
:100C2000FF3F04D00136B042EAD00D2597E04FF0E7
:100C3000FF33A36163614FF0040B39E0D44F01200F
:100C4000F5FFFF0FFDFFFF7F4FF0000B40F6F57043
:100C500081423DD9BBF1000F00F0B78001F10209DC
:100C6000C4F81C9066623244A26233442363BBF131
:100C7000030F30D0BAF1000F00F0AD804244E262C1
:100C8000BBF1020F38D009EB490309F0010909EB68
:100C9000530909F2FF13B7EB532FC0F09E804FF0BA
:100CA000FF33A361636180236371BBF1030F26D01F
:100CB00084F800B04A4A138801339BB21380E38062
:100CC000484BE360484B236149E04FF0030BC1E719
:100CD0004FF0010BC2E704F1660013F060FF00283B
:100CE00075D1BAF1000F74D104F1680013F05CFF04
:100CF000E0624FEA8909CCE74FEA4909C9E704F104
:100D00006C0013F04CFF0128D2D1711C204614F066
:100D100059F80028CCD10023637104F23A2013F073
:100D20003EFF4AF655239842C2D104F13C0013F02D
:100D30003BFF2E4B9842BBD104F5087013F034FFF3
:100D40002B4B9842B4D104F5097013F02DFFA0612C
:100D500004F50A7013F028FF6061A9E70B25284607
:100D600003B0BDE8F08F0C25F9E70325F7E70A2566
:100D7000F5E70125F3E70D25F1E70D25EFE70D2553
:100D8000EDE70D25EBE70D25E9E70D25E7E70D2557
:100D9000E5E70D25E3E70D25E1E70D25DFE70D2567
:100DA000DDE70D25DBE75546D9E70D25D7E70D250E
:100DB000D5E70D25D3E70D25D1E70D25CFE70D2587
:100DC000CDE70D25CBE70D25C9E70D25C7E70D2597
:100DD000C5E70D25C3E70D25C1E70D25BFE700BF1A
:100DE0004E5B0120744B0120744D01205252614131
:100DF000727241612DE9F04F85B0074689460B6854
:100E000003930368DD68002405E0FE2C00F21C81DA
:100E100025F81460013403A814F042FEB0F1FF3F3E
:100E200000F01081B0F5803F03D3030C25F8143097
:100E3000013486B21F2E0DD92F2E0BD05C2E09D077
:100E40007F2EE2D83146814817F036FD0028DCD0ED
:100E500006209CE01F2E07D84FF00408039BC9F81A
:100E6000003010E001330393039B1A782F2AF9D046
:100E70005C2AF7D01F2A02D94FF00008EEE74FF0A6
:100E80000408EBE7013C44B104F10043013B35F8B1
:100E90001330202BF6D02E2BF4D0002325F814305D
:100EA00014B9062073E0013335F81320202AFAD054
:100EB0000BB92E2A01D148F0030844B104F10042D5
:100EC000013A35F812202E2A01D0013CF5E74FF007
:100ED00020323A647A64C7F847204FF0080B4FF08D
:100EE000000ACDF800A003F1010935F8136056B3EC
:100EF000202E1BD02E2E17D0DA451BD24C4519D0F0
:100F00007F2E54D82EB13146514817F0D5FC002819
:100F100079D048F003085F2607EB0A0383F84060A6
:100F20004B460AF1010ADEE74C45E5D048F00308DC
:100F30004B46D8E7BBF10B0F2CD04C4501D048F005
:100F400003084C4529D297F84030E52B71D0BBF10E
:100F5000080F72D0009A02F00C030C2B03D002F0A1
:100F60000303032B01D148F0020818F0020F0BD144
:100F7000009B13F0010F01D048F01008009B13F004
:100F8000040F01D048F0080887F84B80002005B016
:100F9000BDE8F08F48F00308D5E7009B9B00DBB26B
:100FA000009323464FF00B0B4FF0080A9BE748F0E5
:100FB0000203019340F2B511304601F077FC06467A
:100FC00010F0800F06D000F07F06224B9E5DDDF80A
:100FD000048097E7FF2813D90BF1FF3353450AD953
:100FE000C0F3072307EB0A0282F840300AF1010A36
:100FF000DDF8048090E748F003084B46DA4672E7D4
:10100000DDF804807EE7A6F141039BB2192B03D8DB
:10101000009B43F002030093A6F161039BB2192BDE
:101020003FF67AAF009B43F001030093203EB6B237
:1010300072E7052387F8403089E7009B9B00DBB20D
:10104000009387E70620A2E70620A0E71C17070009
:1010500028170700941707002DE9F04781460F462F
:1010600001F11A0013F09BFDC8BB3E7806F03F0665
:10107000013E06EB460306EB83064FF00108002510
:1010800006E000202CE04FF6FF7398422AD101358C
:101090000C2D18D8174B585D384413F080FD0446CA
:1010A000B8F1000FEFD0FF2EEBD801F035FC8046F1
:1010B00006F1010A39F8160001F02EFC8045E0D156
:1010C000A0465646E3E73B7813F0400F0CD0B8F14A
:1010D000000F0BD039F8163053B9012000E0002082
:1010E000BDE8F0870020FBE70120F9E70120F7E7E2
:1010F0000020F5E7141807002DE9F04104460068C8
:101100000669A16B13F05EFE054620B9E36B1A7801
:10111000852A03D002252846BDE8F0811D6858685D
:101120009968DA6835607060B160F2601D6958696D
:101130009969DA6935617061B161F2617778013777
:101140007F01A7F16003B3F5007F7CD80021204622
:1011500014F0B4FA054604280ED00028DBD1A16BA8
:10116000206813F02FFE05460028D4D1E36B1A78CF
:10117000C02A03D00225CEE70225CCE71D685868B7
:101180009968DA6835627062B162F2621D69586905
:101190009969DA6935637063B163F26396F8233055
:1011A0002C332C4AA2FB0323DB08B7EB431F4CD3A1
:1011B0004FF0400805E00225ADE708F1200847455B
:1011C00031D90021204614F079FA05460428F2D0DE
:1011D0000028A0D1A16B206813F0F4FD054600287B
:1011E00099D1E36B1A78C12A31D1B8F5187FE4D2CE
:1011F00006EB0802D3F800E0D3F804C09868D96879
:1012000046F808E0C2F804C09060D160D3F810E05E
:10121000D3F814C09869D969C2F810E0C2F814C0B4
:101220009061D161C9E7B8F5187F3FF674AF3046D9
:1012300013F04EFD0446B01C13F0B1FC84423FF4A1
:101240006AAF022567E7022565E7022563E7022505
:1012500061E700BF898888882DE9F04198B0066869
:1012600090F84B7017F0A00F40F0E880054600247E
:1012700000E00134F36833F81430002BF9D13378EF
:10128000042B1CD015AB286C696CAA6C07C317F033
:10129000010F74D0402385F84B300127632F65D8A8
:1012A0003B46F26815A905F1400014F01DFE2846E2
:1012B00014F0EDFC8046002858D10137EEE70E34DB
:1012C000644BA3FB0434E408A11C284614F064FA20
:1012D0008046002840F0B4802B6B0134A3EB44130C
:1012E000EB64EB7913F0040F13D023F00403EB71DC
:1012F000284613F0E4FE08B18046A1E04FF0FF322B
:10130000696B284613F0C3FE002840F09D80AB684F
:1013100023B9F168306914F004FC91E0294668466D
:1013200014F0C8FD034608B1984689E02B69696945
:10133000728952029A1841F100032A616B61306987
:10134000383013F06CFC3069D5E90423283013F0F1
:1013500066FCEB79326943F0010382F8213068467C
:1013600014F027FE03460028D3D0DDE7642F6DD0AC
:10137000B8F1040F64D19DF85F3085F84B309DF8CB
:101380005F3013F0020F31D00C34334BA3FB043425
:10139000A40801342146284614F0FEF980460028AE
:1013A0004ED1013C24D1B8F1000F49D1A96B304690
:1013B00013F008FD8046002842D120220021E86B6E
:1013C00017F024FBEB6B296C6A6C19605A60B5F856
:1013D000481095F84A2019819A7295F84B30EA6BBB
:1013E00003F0180313730123337129E00124D1E7BB
:1013F000296BA1EB4411284613F031FF8046F8B960
:1014000005F1400013F054FC0746A96B304613F079
:10141000D9FC80460028C6D13B46E2B2E96BF068B1
:10142000FFF7A4F9012333710021284614F046F98F
:1014300080460028B7D1013CE7D1B4E74FF0060859
:10144000404618B0BDE8F0818046F9E74FF0070844
:10145000F6E700BF898888884FECC44E70B5044613
:1014600013F08CFC054648B92378032B08D00022E2
:101470001146607801F0D4F900B10125284670BD0D
:101480006379012BF3D104F13C064FF40072002183
:10149000304617F0BBFA4AF6552104F23A2013F011
:1014A000B0FB0F49304613F0B0FB0E4904F508704D
:1014B00013F0ABFBA16904F5097013F0A6FB616999
:1014C00004F50A7013F0A1FB626A0132A2630123E2
:1014D0003146607801F096F900236371C7E700BFD9
:1014E00052526141727241612DE9F04F85B0019015
:1014F0008B4600929A4603AA012101F091F9002837
:1015000040F08880DDF80C80082444B1B8FBF4F288
:101510004FF63E439A4202D96400E4B2F5E704B9BB
:10152000FF244FF400720021504617F06FFA0AF5BD
:10153000DF763F254FF0000945E0474654E0A8EB31
:101540000507002F56D0294606F1080013F05DFB71
:10155000394606F10C0013F058FB009B33712F4AFB
:10156000A2FB0513E91A03EB51035B09B3FBF4F18A
:1015700004FB1130C3EB8313EB1ADBB20133DBB294
:101580007070880800F0C0000343B370F1703D44F0
:101590006B1EA2FB0312991A02EB51025209B2FB15
:1015A000F4F104FB1120C2EB82129B1ADBB201336F
:1015B000DBB270718A0802F0C0021343B371F1719B
:1015C000103609F10109B9F1030F13D895B145455A
:1015D00010D25BF82970642F06D8AED0104BA3FB55
:1015E00008235B0903FB07F7EB194345A7D8AB4278
:1015F000A7D2A4E74AF655210AF5FF7013F001FBC4
:10160000012300225146019801F0FCF820B905B0F1
:10161000BDE8F08F0120FAE70120F8E7054110044A
:101620001F85EB5110B584B00190009114460391D1
:1016300003A8FFF7D7F800281CDB0F4B53F8203026
:1016400023B100220C4941F820201A70019B3BB1C4
:101650005870019B00221A70074B019A43F8202012
:1016600014B9204604B010BD002201A96846FFF756
:1016700081F9F7E70B20F5E7D44F01202DE9F0437E
:1016800099B00191002800F03C811446064602F012
:101690003F073A4603A901A8FFF76CF9054628B1B0
:1016A00000233360284619B0BDE8F083039B049300
:1016B000019904A814F0A4FB054618B99DF95B3004
:1016C000002B4CDB14F01C0F00F09480002D4DD04B
:1016D000042D46D047F00807002DE1D117F0080F80
:1016E00000F0998003980378042B49D0864C21465A
:1016F00013980E3013F089FA21461398163013F020
:1017000084FADDF80C80DDF84C904946404613F031
:10171000A9FA0446202389F80B3000221399404689
:1017200013F0B3FA002113981C3013F06EFA039BE8
:1017300001221A71002C6ED0D3F838800022214685
:1017400004A813F0E4FE05460028A9D141460398F9
:1017500013F038FB0546013C039B5C615BE006250A
:10176000B0E704A8FFF778FD0546B3E79DF816300B
:1017700013F0110F4ED114F0040FADD008258FE7F0
:101780003060314613F0C0FA039C20691E2200210C
:10179000023017F03BF922690023C2F82630C2F864
:1017A0002A30C2F82E30C2F83230C2F83630C2F8D1
:1017B0003A30D387236920221A71206952490830B0
:1017C00013F023FA039B1B69012283F8212004A84C
:1017D00014F0EFFB054600287FF462AFB168D1B189
:1017E0000022304613F093FE0546B368013B039A8E
:1017F000536110E0002D7FF453AF9DF8163013F0C5
:10180000100F7AD114F0020F05D013F0010F02D09F
:10181000072545E70725002D7FF442AF17F0080F95
:1018200001D047F040070398836BB3641399F164C8
:101830000378042B27D013F015FAB06013981C30EE
:1018400013F0B2F9306100237361039B3360DA88CF
:10185000B28086F83070002286F831207264002051
:101860000021C6E90E0117F0200F42D034697769D4
:1018700054EA07023DD0B463F763B3F80A904FEA25
:101880004929B16813E0069B3362089B23F0FF03EC
:101890009DF8172013437362179BB362314613F010
:1018A00033FAD2E70225B4EB080467F1000785B9E3
:1018B000C846A1454FF00003BB410AD2304613F0A1
:1018C00017FC01460128EDD9B0F1FF3FEBD101250E
:1018D000E9E73164002D7FF4E3AEC4F3080343B1BC
:1018E000039813F0B3F950B1640A44EAC7540444AE
:1018F0007464002D3FF4D6AED2E60425D0E602256E
:10190000CEE60925CEE600BF0000215430B597B0E1
:10191000044615A913F00FFA68B994F8303013F0A3
:10192000400F08D015980378042B06D0A16C13F053
:1019300049FA002850D017B030BD204613F0BFFB45
:101940000028F8D14FF0FF32216C204613F09FFBA6
:101950000028F0D12146684614F0ACFA0028EAD1FC
:10196000159B19690A7942F020020A71E279196916
:1019700042F0010281F821201869A168343013F087
:1019800044F9159B1869D4E90423383013F047F95A
:10199000159B1869D4E90423283013F040F9159BEE
:1019A000186920490C3013F030F9159B1A69002191
:1019B00051751869103013F028F9684614F0F9FAD7
:1019C0000028B8D11598FFF749FD94F8303023F07E
:1019D000400384F83030AEE7E56CEB7A43F0200347
:1019E000EB72A2682946206813F04FF9216905F1CE
:1019F0001C0013F00AF90B4905F1160013F005F964
:101A0000002105F1120013F0FCF815980123037171
:101A1000FFF724FD94F8303023F0400384F8303091
:101A200089E700BF0000215470B5A4B001900222E4
:101A300023A901A8FEF79EFF044610B1204624B05A
:101A400070BD239B0E9301990EA814F0D9F90028BC
:101A500000F0A280042801D00446EFE7239B029304
:101A6000002102A813F05BFC054618B1012802D141
:101A7000022404E00724B5F1FF3F00F08B802CB175
:101A80000022294602A813F042FDD7E729462398F1
:101A900013F0EBFD04460028F2D123980378042BC1
:101AA00020D10EA8FFF7D8FB04460028E8D1239BDD
:101AB0001A78042A48D039491D98163013F0A5F831
:101AC0002A461D99239813F0E0F81D9B1022DA7224
:101AD000239B01221A71002CB0D12398FFF7BEFC82
:101AE0000446ABE74FF02033C3630364C0F84330D0
:101AF0002E2680F83C60102380F84730274952306A
:101B000013F083F823982A4600F13C0113F0BDF846
:101B10002398C46B016C426C836CC4650166426699
:101B20008366C46C016D426D836DC4660167426754
:101B3000836780F85D60109A00F15C0113F0A5F8EE
:101B4000239B01221A71ACE7186914490C3013F079
:101B50005CF8239B18692946343013F056F8239B10
:101B6000186959894902383013F04FF8239B1869D6
:101B700059894902283013F048F8239B1A69032138
:101B800082F821101B6910221A710EA814F011FAA4
:101B90000446A0E7012473E708244FE7000021541E
:101BA0002DE9F04F9BB011900C4693461F4611A8AB
:101BB000FEF718FE0028C0F2CA85B64B53F8203055
:101BC0000BB100221A705FFA80FA504600F0FEFD59
:101BD00010F0010F40F0BD8510F0040F40F0BD85FE
:101BE00004B363681993FBB1199A531EB3F5004F00
:101BF00001D21A4201D00123199394F8009065781C
:101C00006B1EDBB2012B00D90125D4F8088008F146
:101C1000FF33B3F5004F0DD218F00F0F0CD04FF477
:101C2000007809E09C4CDCE719AA0321504600F03B
:101C3000F7FDD9E74FF40078E468B4F1807F04D869
:101C4000631E1C4202D0002400E00024630A0193BA
:101C50007B0A0293B7F5007FC0F08185BBF1000FCE
:101C600000F07F850023189318AA0121504600F048
:101C7000D7FD002840F0778519F00803059307D1B8
:101C8000189B3F2B1CD93F3B18933F23009301E047
:101C90000023009318997F2940F2678519F0040FFB
:101CA00011D009F007030393042B1ED0B1F1806F0C
:101CB00080F09380B4F5813F0AD30423039314E0AA
:101CC00000230093E6E7B4F5813F01D3802301931D
:101CD00019F0020F03D019F0010F00F0818019F004
:101CE000010F00F044850223039301F1A84303F59B
:101CF00004130693039B042B75D0CDF810A0CDF8E8
:101D00001CB0DDF804B00197039F032F00F023837C
:101D1000BBF1000F00F042835E46B1FBF6F340F6E4
:101D2000F572934240F249839C1C640004F2FF1454
:101D3000640AC8F3161E0120009B03EB000C05FB90
:101D400004C27244DDF864A00AEB0203013BCAF14D
:101D5000000A03EA0A039B1A032F00F03583B3FB42
:101D6000F5FA05FB1A3ABAF1000F03D0013B013036
:101D70000CF1010CB3FBF5F31C4402EB0612009BC3
:101D8000D21A9142C0F0F7840B1A05FB1433A3EB6F
:101D90000E03B3FBF6F3032F00F01983022F40F07C
:101DA0003F834FF6F572934240F22183BBF1000F5F
:101DB00003D17300402B40F2CA8219F0020F40F0A9
:101DC000C882BBF1000F40F0DA844FEA460BBBF14A
:101DD000800F9AD90E2000F0BDBC0423039384E742
:101DE0000323039381E7B1F5805FC0F09882019BE4
:101DF00053B9B1F5002F49D208230193B1F1806F97
:101E000002D34FF480730193009C04F12002019DE2
:101E1000B1FBF5F302339B0003F2FF13580A0A905B
:101E200002EB532319980344013B404218400990A8
:101E3000031B0B93B3EB510F80F07382231A0B44F7
:101E4000B3FBF5F10C910F2940F26D82134B9942CF
:101E500000F26B82CB1DD9080E914FEA452909EBA0
:101E6000D303013BB3FBF9F30D93139305FB03037A
:101E70000024A046264604942546CDF83C901092B6
:101E8000A146CDF820A09A46079743E0402301934E
:101E9000B4E700BFD44F012084170700FDFFFF7F88
:101EA000304600F039FD87B2BE4219D00136B6B2D5
:101EB00039E008F1010806EB0804A4B224B1204679
:101EC00000F02AFD8442F4D0B8F17F0F0BD8012432
:101ED000731C9BB2B8F1010809D037461E4622E0B8
:101EE0004FF00108E7E702244FF6FF771BE0444676
:101EF00037461E4617E005F201256D0A2B4652466D
:101F00005946089800F07EFC002840F01082AA4450
:101F100000252EB3002CC3D0012CD9D01FFA88F78E
:101F20003E44B6B20024F8B20BF80500049912F052
:101F3000E8FE01466B1CC7F307200BF8030012F004
:101F4000E0FE0490AA1C09F10209002ED3D0079BE1
:101F500023F4FF7323F001039342CCD01546D8E756
:101F6000109A4B46CDF84090DDF83C90DDF820A06B
:101F7000079F4B44013BB3FBF9F3149301211591E7
:101F80000E9901F2FF114FEA51290D99CB180F93C9
:101F90005C1CDDF82480079210E0029E4E4528BFAD
:101FA0004E46334642465946504600F02BFC002828
:101FB00040F0BF81B044B9EB06091BD027F4FF7590
:101FC00025F001052A460021584616F01FFD002382
:101FD000002CE2D0D808B5EBD30FDED91BF80020D7
:101FE00003F007060121B1400A430BF8002001333A
:101FF000013CEDE7079A4F46C8464C460A9BCDF890
:1020000020909946CDF81CA092463EE06FF0070163
:10201000584612F0FAFD4FF0FF310BF1040012F0B8
:10202000F4FD08F1020808260DE04FF0FF3114E03E
:10203000022F05D81AAB03EB870353F81C4C01376A
:1020400094B1B54210D9002CF2D0B542F9D90BEBBE
:102050000600012CE9D908F1010112F0D6FD043681
:1020600008F10108013CEEE7029E4E4528BF4E46AE
:10207000334652465946079800F0C4FB002840F00A
:102080005A81B244B9EB060909D02A4600215846C4
:1020900016F0BCFCB8F1000FB8D0089ED3E7DDF80D
:1020A0001CA02A460021584616F0B0FC83238BF86A
:1020B000003081238BF8203002210BF1340012F024
:1020C000A4FD0E990BF1380012F09FFD82238BF8CE
:1020D000403004990BF1440012F097FD0BF15400CD
:1020E00004900D99023112F090FD0BF15803079303
:1020F0001099184612F089FD099B0F9ADDF804909B
:1021000009FB0234029E4D46B14528BF35462B4699
:1021100022465946504600F075FB002840F00D81DC
:102120004FF400720021584616F070FC2C44B9EBB5
:102130000509E8D1DDF80080B9F1010F00F2DB827A
:102140004FF4007422460021584616F05FFCB04B55
:1021500003CBCBF80000CBF804101A889B78ABF8BF
:1021600008208BF80A300025009A2B460BF140001E
:1021700012F055FD189A2B460BF1480012F04FFD56
:1021800020210BF1500012F040FD0A99049812F042
:102190003CFD0B99079812F038FD0C990BF15C008F
:1021A00012F033FD0F9B991C0BF1600012F02DFD16
:1021B00006990BF1640012F028FD4FF480710BF1C9
:1021C000680012F01EFD8BF86C5023465B0805D0AA
:1021D0009BF86C2001328BF86C20F7E700238BF81A
:1021E0006D30019E760805D09BF86D3001338BF879
:1021F0006D30F7E701238BF86E3080238BF86F305A
:102200004FF6EB610BF1780012F0FBFC0BF5FF755C
:102210004AF65521284612F0F4FC37463146B7F508
:10222000007F0DD2A7F16A03012B01D80137F6E731
:10223000702FFBD01BF8070012F063FD0146F5E795
:102240000C4608F10107012342465946504600F06A
:10225000D9FA002873D14FF400720021584616F0C5
:10226000D5FB4AF65521284612F0CBFC4FF0010869
:1022700016E05D1C1BF8030012F043FD01462B46DF
:10228000B3F5007FF5D30C467D1C01233A46594631
:10229000504600F0B7FA002853D108F101082F4644
:1022A000B8F1080F02D833462146E9E74FF400722F
:1022B0000021584616F0AAFB15E05D1C1BF8030030
:1022C00012F01FFD01462B46B3F5007FF5D30C46F7
:1022D0007D1C01233A465946504600F093FA90BBC4
:1022E00008F101082F46B8F10A0F02D833462146FB
:1022F000EAE7B6F5007F06D221460BEB060012F0A6
:1023000084FC0436F5E707F1010801233A465946F3
:10231000504600F077FAC0B909F101090CE70E2028
:1023200018E20E2016E20E2014E20E2012E2012026
:1023300010E201200EE201200CE201200AE201205D
:1023400008E2012006E2012004E2012002E29B46AD
:10235000DBE40327D9E4BBF1000F12D05E46B1FBEA
:10236000F6F39C1CA40004F2FF14640AA3F57F4357
:10237000F63B284A934200F2FC814FF0000E2020E9
:10238000DAE4480C5A460126234B33F81230002B6E
:10239000E5D08342E3D801327600F5E7080B5A46D0
:1023A000012601E0013276001C4B33F81230002B7D
:1023B0003FF4B3AC8342F5D9AFE403EB43040134FB
:1023C000640803340127B1E418449C44D5E44FF673
:1023D000F57293423FF6E2ACBBF1000F40F0CD81C5
:1023E0004FEA560B012E3FF690AC0E20B2E140F6BC
:1023F000F572934214D8BBF1000F40F0CF814FEA41
:10240000460BBBF1800F7FF680AC0E20A2E100BF2F
:1024100004170700FFFFFE0F74170700641707007B
:102420003A460397CDF820C00990CDF828E0DDF8B2
:1024300010A019460493DDF81CB0019F012A04D1B5
:1024400040F6F573994200F2AB814FF400794A46A9
:102450000021584616F0DAFACA4B03CBCBF800003D
:10246000CBF804101A889B78ABF808208BF80A3058
:1024700049460BF10B0012F0C4FB8BF80D60BDF860
:1024800024100BF10E0012F0BCFB8BF810500BF176
:102490001100039B032B00F093801FFA88F112F0C8
:1024A000B0FB1899B1F5803F80F08C8089B20BF1B8
:1024B000130012F0A6FBF8238BF815303F210BF127
:1024C000180012F09EFBFF210BF11A0012F099FB8D
:1024D00000990BF11C0012F098FB039B032B76D0A4
:1024E00006990BF1270012F090FBA1B20BF1160038
:1024F00012F087FB80238BF8243029238BF82630B9
:10250000DFF884C2BCE80F00CBF82B00CBF82F100B
:10251000CBF83320CBF83730BCF800209CF80230E1
:10252000ABF83B208BF83D300BF5FF784AF6552190
:10253000404612F066FB0123009A5946504600F0CF
:1025400061F9002840F02E81039B032B73D027F400
:10255000FF7222F001020021584616F057FA4FF0A0
:1025600000090196089F0094DDF80880A94580F0D5
:10257000AB80039B032B00F09380039B012B00F0A7
:10258000A1806FF00701584612F03FFB009E3446D1
:10259000464528BF444623463A465946504600F031
:1025A00031F9002840F000814FF4007200215846B4
:1025B00016F02CFA2744361BE9D109F10109D5E7B9
:1025C00000216CE70BF1200012F01FFB73E7069966
:1025D0000BF1430012F019FB21460BF1240012F01D
:1025E00014FB02210BF12C0012F00FFB01210BF167
:1025F000300012F006FB06210BF1320012F001FB55
:1026000080238BF8403029238BF84230DFF87CC1DF
:10261000BCE80F00CBF84700CBF84B10CBF84F20AD
:10262000CBF85330BCF800209CF80230ABF85720B0
:102630008BF8593078E70123009A06325946504604
:1026400000F0E0F84FF400720021584616F0DEF971
:102650004F49584612F0D9FA4E490BF5F27012F074
:10266000D4FA049B591E0BF5F47012F0CEFA022135
:102670000BF5F67012F0C9FA4AF65521404612F0F1
:10268000C0FA0123009A07325946504600F0BAF8C2
:102690000123009A1A445946504600F0B3F856E711
:1026A0006FF00701584612F0B0FA4FF0FF310BF10E
:1026B000040012F0AAFA6FF070410BF1080012F05A
:1026C000A4FA63E734495EE7019E0897039B032B56
:1026D0001ED0089E0A9D029F2C46BD4228BF3C4644
:1026E000234632465946504600F08CF800285DD10A
:1026F00026442D1BF0D1039A042A0FD0032A22D09E
:10270000189BB3F5803F20D2022A05D0012206E0B3
:1027100035463E46029FDFE7042200E00722059B84
:102720004BB9189B1693002317935B4616A9504686
:10273000FEF7DAFE70B900221146504600F070F83C
:1027400040B1012006E00C22E9E70622E7E70B2072
:1027500000E003201BB0BDE8F08F0A20FAE711204B
:10276000F8E71120F6E70120F4E70E20F2E7132046
:10277000F0E70E20EEE70E20ECE70E20EAE70E2051
:10278000E8E700BF30170700501707003C170700A5
:102790005252614172724161F8FFFF000E20D9E789
:1027A0000E20D7E70120D5E70120D3E70120D1E7AC
:1027B00008B5054B53F820000CF014F908B10120BE
:1027C00008BD0020FCE700BF6C18070008B5054BEA
:1027D00053F820000CF0F3F808B1012008BD0020E8
:1027E000FCE700BF6C18070010B5054C54F820003A
:1027F0000CF00BF908B1012010BD0020FCE700BF70
:102800006C18070010B5054C54F820000CF016F9B0
:1028100008B1012010BD0020FCE700BF6C180700C4
:1028200010B582B0144600230193032934D8DFE8A1
:1028300001F0020D182805211B4B53F820000CF065
:1028400016F9034650BBD8B202B010BD0121164B99
:1028500053F820000CF00BF903460028F3D00123B5
:10286000F1E701AA0221104B53F820000CF0FFF809
:102870000346A8B9019A91B2B2F5803F12D22180E5
:10288000E1E70421084B53F820000CF0F0F8034670
:102890000028D8D00123D6E70423D4E70123D2E7C8
:1028A0000123D0E70123CEE76C1807007F2801D869
:1028B00080B27047B0F5803F13D240F2B513994211
:1028C0000DD00020704701339BB27F2B04D8064AFD
:1028D00032F813208242F6D18033D8B270470023F9
:1028E000F3E70020704700BF3C1B07007F280FD98B
:1028F00040F2B513994201D000207047FF2806D856
:1029000000F100408038034B33F81000704700207E
:10291000704700BF3C1B0700B0F5803F47D230B581
:1029200085B2B5F5805F01D2214B02E0214B00E07A
:1029300023461A88EAB195421BD31C1D5B88190AED
:10294000DBB21FFA80FC03EB020EF44504DB002926
:10295000EED104EB4303ECE708290AD8DFE801F0E5
:10296000050B1114171A1D202300ACEB020C34F8D0
:102970001C50284630BDAB1A03F00103ED1AADB26E
:10298000F7E7103DADB2F4E7203DADB2F1E7303DE1
:10299000ADB2EEE71A3DADB2EBE70835ADB2E8E710
:1029A000503DADB2E5E7A5F5E355ADB2E1E77047BF
:1029B000481907008C180700BFF34F8F0549CA68F4
:1029C00002F4E062044B1343CB60BFF34F8F00BFB0
:1029D000FDE700BF00ED00E00400FA05024BD3F86C
:1029E0000034002BFAD0704700E0014008B5034BDB
:1029F000C3F80405FFF7F2FF08BD00BF00E0014087
:102A000038B514F0F9F840B14FF080430022C3F814
:102A10000C21C3F81021C3F8382514F0F7F800286A
:102A200046D04FF08052D2F804144E4BC3F8201514
:102A3000D2F80814C3F82415D2F80C14C3F82815DA
:102A4000D2F81014C3F82C15D2F81414C3F83015AA
:102A5000D2F81814C3F83415D2F81C14C3F8401572
:102A6000D2F82014C3F84415D2F82414C3F848153A
:102A7000D2F82814C3F84C15D2F82C14C3F850150A
:102A8000D2F83014C3F85415D2F83414C3F86015D2
:102A9000D2F83814C3F86415D2F83C14C3F868159A
:102AA000D2F84014C3F86C15D2F84424C3F870254A
:102AB00014F0B6F818B12C4B2C4AC3F88C2614F03D
:102AC000C2F818B12A4BFB22C3F8182514F0CEF82F
:102AD00070B14FF08041D1F8E43E23F00F034FF086
:102AE0008052D2F8582202F00F021343C1F8E43E9C
:102AF00014F0CFF820B11F4B4FF40072C3F84026FA
:102B000014F0DAF860B14FF08043D3F8003413F0DA
:102B1000010F05D04FF080436FF00102C3F800248D
:102B200014F0E4F84FF01023D3F80032002B06DB4A
:102B30004FF01023D3F80432002B00DB38BD012006
:102B4000FFF754FF4FF010241225C4F80052FFF78E
:102B500045FFC4F80452FFF741FF0020FFF746FF8E
:102B6000FFF72AFF00C000400050004048810300EA
:102B700000F000400090024010B50468CCB1B4FAF7
:102B800084F3C3F11F03DBB201229A4024EA02025C
:102B9000BFF35B8F50E800CFA44504D140E8002E7E
:102BA000BEF1000FF6D1BFF35B8FE6D10B70024888
:102BB00010BD0248FCE700BF0000AD0B0200AD0BEA
:102BC0000368CB4013F0010F15D100B50268012353
:102BD0008B401343BFF35B8F50E800CF944504D183
:102BE00040E8003EBEF1000FF6D1BFF35B8FEDD1A0
:102BF00002485DF804FB0248704700BF0000AD0BBF
:102C00000400AD0B014BC3F80405704700F0014010
:102C1000034BA23043F8301003EBC0035A607047F7
:102C200000F0014070B400F01F0C400919D00128D9
:102C30001AD10E4D0CF5E07055F820600C4C344064
:102C400041EA420141EA83039DF80C2043EA022352
:102C50009DF8102043EA0243234345F8203070BC1E
:102C600070474FF0A045E5E70025E3E7000300507B
:102C7000F0F8FCFFF0B51C46059F069E00F01F0C07
:102C8000400936D0012837D1284D0CF5E07355F8AE
:102C9000233099B301209AB34FF0020E40EA0E00A0
:102CA0008CB34FF00C0E40EA0E007FB34FF4E06E91
:102CB00040EA0E006EB34FF4403E40EA0E0023EAB5
:102CC000000049B30B784AB31278520013433CB367
:102CD0002278920013432FB33A78120213431EB3A3
:102CE00032781204134303430CF5E07C45F82C3092
:102CF000F0BD4FF0A045C8E70025C6E70020CAE7B1
:102D00004FF0000ECAE74FF0000ECCE74FF0000E78
:102D1000CEE74FF0000ED0E70023D4E70022D5E73E
:102D20000022D7E70022D9E70022DBE700030050AA
:102D300000F01F02400908D0012809D1054BD3F843
:102D40001005D04000F0010070474FF0A043F6E7B7
:102D50000023F4E70003005000F01F03400909D0EE
:102D600001280AD1064A03F5E07352F82300C0F3A4
:102D7000014070474FF0A042F5E70022F3E700BFA3
:102D80000003005000B583B084468E460D4B93E897
:102D9000030002AB03E9030063460BE002A901EB69
:102DA000830151F8081CD1F8200542F8040BC1F842
:102DB000200501330CEB0E009842EFD803B05DF80C
:102DC00004FB00BF6890060000F01F01400907D017
:102DD000012808D1054A01238B40C2F820357047ED
:102DE0004FF0A042F7E70022F5E700BF00030050D4
:102DF0004309034AD35C00F01F001844C0B2704777
:102E00003C1C070000487047E40C00202DE9F0410D
:102E100084B005460C4616461F460846FFF7E8FFF5
:102E2000804656B32146284614F052F828B1214670
:102E3000284614F00DF8002841D12146284614F008
:102E400016F810B17378012B39D001238DF80F30AB
:102E5000002301930096B31C721C0DF10F01204654
:102E6000FFF708FF2879FFF7CDFF08F1080230F8D7
:102E7000123043F0030320F81230002F39D02146DE
:102E8000284614F025F8002835D13E782B6806F541
:102E9000A272002143F822102879FFF7B3FF08F14E
:102EA000080230F8123023F02003DB04DB0C20F89A
:102EB00012307B782BB9114804B0BDE8F08110487E
:102EC000FAE7BA78009222463146286813F03BFFB1
:102ED0002879FFF797FF024608F1080032F8103012
:102EE0007603B6B2334343F0200322F81030034890
:102EF000E2E70248E0E70248DEE700BF0000AD0B72
:102F00000400AD0B70B506460D46144613F0A0FF45
:102F100068B13079FFF776FF06462846FFF768FF6D
:102F2000083036F810305B0B2370024870BD024841
:102F3000FCE700BF0000AD0B0400AD0B30B583B063
:102F400005460191002400E00134012C18D80E4BF5
:102F50001B5D03F0070202A901EBD30313F8043C45
:102F6000D34013F0010FEFD005EB8402012120467E
:102F7000FFF708FF55F82430002BE5D0012000E0D2
:102F8000002003B030BD00BF4C1C07002DE9F0410C
:102F900082B00546884616461F4614F0F7F8AEB3D1
:102FA0003A463146284614F001F8041E20DB287901
:102FB000FFF728FF40F834602879FFF723FF00EB84
:102FC000C40047602879FFF71DFF05464046FFF71C
:102FD0000FFF083035F81030E4B26402A4B2234386
:102FE00043F4807325F81030094802B0BDE8F08141
:102FF0002879FFF707FF0DF107017830FFF7BCFDD7
:10300000034B9842F1D19DF80740D0E70048ECE728
:103010000000AD0B2DE9F04385B004460D46174680
:103020000846FFF7E5FE0646D7F80080B8F1000F26
:1030300028D02946204613F03AFF00284FD100231C
:103040008DF80E308DF80F300193009343460DF14B
:103050000F020DF10E012846FFF70CFE2079FFF755
:10306000D1FE06F1080830F8183023F0020320F8EA
:1030700018302079FFF7C6FE30F8183043F001030E
:1030800020F818307B68F3B193F80080D3F80490EF
:103090002946204613F0FCFE18B3B9F1000F65D1A4
:1030A0002079FFF7AFFE083630F8163023F01C0306
:1030B00020F816302079FFF7A5FE30F8163043EAE5
:1030C000880320F81630BA68002A53D05368126873
:1030D00029462046FFF75AFF05B0BDE8F083264891
:1030E000FAE72079FFF78EFE06F1080230F8123079
:1030F00023F02003DB04DB0C20F81230B9F1000FC1
:10310000CED0B8F1030F33D87B685B6893F800909A
:10311000B8F1000F06D1236809F5A279002243F81F
:103120002920BDE7404613F0DBFE0346216809F580
:10313000A27C51F82C2022F0030241F82C202A46D0
:103140004946206813F0E6FD2079FFF75BFE06F1A3
:10315000080230F812304FEA49391FFA89F943EA78
:10316000090343F0200320F8123099E70248B3E73F
:103170000148B1E70148AFE70400AD0B0000AD0B1B
:1031800038B505460C4613F054FE08B9074838BD5B
:103190002146284613F0D5FE2146284614F021F892
:1031A000204613F02AFE0248F1E700BF0400AD0BF1
:1031B0000000AD0B70B582B005460E460079FFF7F2
:1031C00021FE90F8803013B10B4802B070BD044668
:1031D00060220021103015F019FC236F00930023AA
:1031E00032464FF00041286814F025F8012384F896
:1031F0008030A3670148E8E70C00AD0B0000AD0B81
:103200002DE9F04383B080460F46002300930193DD
:10321000C96F6846FFF792FE4BE094FAA4F4B4FA43
:1032200084F404F01F05254B9B5D45EA43152846B1
:10323000FFF7DEFD083037F81090C9F382090DEB77
:103240008603E00804F007041A5C0121A14022EA89
:1032500001021A542846FFF77FFD03464A462946D5
:10326000384613F053FF2846FFF7AEFD02AB03EBE1
:10327000860353F8084C002CCFD10136012E0DD80F
:103280000F4B9B5D07F17C02D90803F00703525CEA
:1032900022FA03F313F0010FEFD0E7E73A6F4FF094
:1032A0000041404613F08BFDF96F6846FFF746FE7C
:1032B00008B10026E2E703B0BDE8F083501C070028
:1032C0004C1C070008B50249024813F0FFFF08BD77
:1032D000E40C00200060004070B400F01F0C4009B6
:1032E00019D001281AD10E4D0CF5E07055F8206068
:1032F0000C4C344041EA420141EA83039DF80C2022
:1033000043EA02239DF8102043EA0243234345F891
:10331000203070BC70474FF0A045E5E70025E3E79B
:1033200000030050F0F8FCFF00F01F01400907D037
:10333000012808D1054A01238B40C2F80C3570479B
:103340004FF0A042F7E70022F5E700BF000300506E
:10335000044B02221A74044B0122C3F800251A60A0
:10336000704700BFF44F012000D00140044B012200
:103370001A75044B4FF00052C3F80021704700BF8C
:10338000F44F012000E100E010B586B00446037D53
:10339000002B36D0637D33B96168A2681E4BC3F839
:1033A0004015C3F8442523788DF8043063788DF8F0
:1033B000053063680293A3680393E3680493237C56
:1033C0008DF81430637C8DF81530E37C8DF8163061
:1033D000637D8DF81730104C01A9204613F0C0FF13
:1033E0000023C4F80031D4F80021C4F80431D4F823
:1033F00004311D200BF0A4FD0323C4F8043306B0F0
:1034000010BD4068FFF790FF606813F0F3FF0021E4
:10341000A06813F0FBFFBDE700D0014008B5104BDA
:103420001B7CCBB90E4B00225A609A609A74DA74F6
:1034300019605A7458B1027D5A75037C502B0DD80F
:10344000437C502B01D9074805E0FFF79DFF044B53
:1034500001221A74044808BD0448FCE70148FAE751
:10346000F44F01200400AD0B0000AD0B0C00AD0BC0
:1034700008B5094B5B7C43B1074B5B7CDBB2012B8E
:1034800001D0064808BD0648FCE7034B02225A74E7
:10349000FFF76CFF0248F5E7F44F01200B00AD0B7E
:1034A0000000AD0B30B583B0254B1B7C002B3ED00C
:1034B00004460D46224B5B7CDBB2032B39D000283F
:1034C00039D011F4004F38D11D200BF03EFD1C4ABD
:1034D000937C83F0010303F00103527CD2B2022AF1
:1034E0000BD0174A02EB8302526842B1154C1D20E3
:1034F0000BF026FD204603B030BD0023F1E7104A53
:1035000002EB83014C60043302EB43039D80009483
:10351000ADF804500C4BC3F86045C3F86455137CF8
:10352000022B01D1094CE2E7FFF712FFFAE7084C42
:10353000E0E7044CDEE7074CDCE7064CDAE700BFC7
:10354000F44F01200B00AD0B00D001400000AD0B8B
:103550000500AD0B0400AD0B00B587B04E4B9A7C57
:1035600003EB820149680491043203EB42039B8818
:10357000ADF8143004AA0321484813F010FF10F0EE
:10358000010F57D0444B997C81F0010202F00102F7
:1035900003EB82035B68002B2ED000208DF80C001B
:1035A0003D4BD8745B7CDBB2022B3AD03A4B03EB39
:1035B000810148680290002048609A7401238DF8C8
:1035C0000430354B1B6801A89847334B5B7CDBB25A
:1035D000022B2BD0304B1B7D5BB101238DF80430C7
:1035E000002302938DF80C302B4A1375136801A841
:1035F000984707B05DF804FB274B5B7CDBB2022BDE
:10360000CBD0254BDB7C002BDFD18DF8043002932F
:1036100001228DF80C20204BDA741B6801A8984712
:10362000D3E702901C4B01225A74C7E71A4B0122C0
:103630005A74CFE710F0020FCCD00022174BC3F81A
:103640000025154B5A748DF80C208DF804209A7CB7
:1036500003EB82035B6843B102930F4B03EB8202DF
:10366000002151601B6801A898470B4A937C83F0A6
:10367000010303F0010302EB8302526842B102929C
:10368000054A02EB830300215960136801A898479B
:10369000014B00229A749DE7F44F012000D00140B5
:1036A0000F4B1B780BB10F48704710B504460178DB
:1036B000C1F340014FF0804013F0C4FE237813F0B3
:1036C000010F0BD001224FF08043C3F8782513F08F
:1036D000CBFE034B01221A70034810BD0022F2E713
:1036E0006A5B01200C00AD0B0000AD0B08B513F0B8
:1036F000CBFE024B00221A6008BD00BF0C50012017
:1037000010B50446FFF7F2FF23680BB1014A1360BE
:1037100010BD00BF0C50012010B54FF08043D3F80E
:10372000044314F0040F0CD0D3F808314BB14FF020
:1037300080430022C3F80821D3F80831304B1B68BE
:10374000984714F0200F0ED04FF08043D3F8143177
:103750004BB14FF080430020C3F81401D3F814316B
:10376000284B1B68984714F0400F0FD04FF0804350
:10377000D3F8183153B14FF080430022C3F8182119
:10378000D3F818311F4B1B680120984714F0800FA5
:103790000ED04FF08043D3F81C314BB14FF0804333
:1037A0000020C3F81C01D3F81C31174B1B68984745
:1037B00014F4807F0FD04FF08043D3F8203153B101
:1037C0004FF080430022C3F82021D3F820310E4B64
:1037D0001B680120984714F4007F0FD04FF08043FE
:1037E000D3F8243153B14FF080430022C3F8242191
:1037F000D3F82431044B1B680220984710BD00BF4A
:1038000014500120105001200C50012008B5014631
:103810000148FFF7B1F908BD680D002070B400F051
:103820001F0C400919D001281AD10E4D0CF5E0707B
:1038300055F820600C4C344041EA420141EA8303D0
:103840009DF80C2043EA02239DF8102043EA02432E
:10385000234345F8203070BC70474FF0A045E5E7A2
:103860000025E3E700030050F0F8FCFF00F01F0123
:10387000400907D0012808D1054A01238B40C2F82E
:10388000083570474FF0A042F7E70022F5E700BF88
:103890000003005000F01F01400907D0012808D1A3
:1038A000054A01238B40C2F80C3570474FF0A04207
:1038B000F7E70022F5E700BF0003005038B50546E2
:1038C0000C46084613F026FE2B79E17803EB8303C0
:1038D0001B4A02EBC3039977237C73B96378FF2BF0
:1038E00028D01A46A378FF2B27D029682078C1F862
:1038F0000805C1F80C25C1F810352B68A268C3F87B
:103900002425627B217B286813F0CBFD2B7961791C
:103910000B4A03EB830302EBC303D9772B7903EB49
:10392000830352F8333023B1286840F307300BF09B
:1039300007FB38BD4FF0FF32D4E74FF0FF33D4E739
:103940001850012038B50546047904EB840C14485E
:1039500000EBCC00007F08BB114800EBCC0E40F818
:103960003C20CEF8043059B1C87B8EF82500CA78C7
:103970008EF81E204A798EF81F202846FFF79EFFFA
:103980002B680121C3F80015054B04EB840203EBFF
:10399000C202002050771177024838BD0248FCE788
:1039A000185001200000AD0B0C00AD0B38B50479A8
:1039B000056804EB84021E4B53F8323033B145F3F3
:1039C00007300BF0C2FA0423C5F808330023C5F80A
:1039D000003504EB8402164B03EBC20393F8253049
:1039E0003BB104EB8404124B03EBC40300221A77AF
:1039F00038BDD5F8080513F081FDD5F81005B0F1F4
:103A0000FF3F0FD1D5F80C05B0F1FF3F0DD104EB0E
:103A10008402074B03EBC203987FFF28E1D013F029
:103A20006DFDDEE713F06AFDECE713F067FDEEE7EE
:103A3000185001202DE9F041047904EB84031D4F57
:103A400007EBC3077B7F9BBB06460D46904604EB06
:103A50008403184A52F833300BB101227A7704EB11
:103A60008402144B03EBC20C0CF10C0E95E80F0012
:103A70008EE80F0000238CF824309CF81E00FF28ED
:103A80000CD1B8F1000F0CD004EB8404094B03EB0C
:103A9000C40300225A770848BDE8F081FFF7FAFE18
:103AA000EFE72A463946306813F0B3FD0348F3E7E1
:103AB0000348F1E7185001200300AD0B0000AD0BE7
:103AC0000B00AD0B08B50249024813F0DFFD08BD3D
:103AD0001850012000300240034B00E01433034A29
:103AE0009342FBD3704700BF588B0600708C0600D2
:103AF00004280CD8DFE800F0030D0507090006488C
:103B000070470648704706487047064870470648A1
:103B100070470648704700BF541C0700781C070018
:103B2000881C0700941C0700A41C0700641C0700E5
:103B300030B108B514F0EEF920B1037823B108BD17
:103B4000024870470148FAE70048F8E7ECF1060040
:103B500010B584B00446EDF78FFA064B02930020AF
:103B60000190009003460122034913F0B4FD204662
:103B700013F0C0FDB41C07003C8F06002DE9F04196
:103B800086B005460C46EFF31188402383F3128874
:103B9000BFF36F8F1F4FBE68FFF7AAFF3B7C0593F3
:103BA000049003951C4B0293002001900090034663
:103BB00001221A4913F08FFD1CB1E369C3F3080316
:103BC000E3B93046FFF7B4FF04900396144B029319
:103BD00000200190009003460122104913F07BFD64
:103BE00021462846FFF7B4FF88F31188BFF36F8F93
:103BF0003046EFF705FF06B0BDE8F081094B0293B0
:103C000000200190009003460122044913F063FD57
:103C1000D7E700BF40500120C41C07003C8F0600BE
:103C2000101D0700EC1C070038B505460A4B53F879
:103C3000204002E02368984708346B1C064A52F87B
:103C40002330A34206D96368002BF3D0204613F03B
:103C500059FDF1E738BD00BF281D070010B586B03B
:103C6000104C04EBC01400EB400C00EB80000E4B3A
:103C700003EB800300220592012104910F2103919F
:103C8000029201920093094B4FF4A072084901EB94
:103C9000CC11204600F090FC637B23F00403637397
:103CA00006B010BD2833002040500120C378060024
:103CB000401E022008B553EA020102D114F02CF98B
:103CC00008BD0249183001F02FF9F9E75B810600C1
:103CD00010B586B0184C14E0636A0593236A049308
:103CE000E3690393A36902936369019323690093D2
:103CF000E368A2686168206800F05EFC23685C6588
:103D000030340E4B9C42E7D300F0E6FE0A4C00E054
:103D100030340A4B9C420BD2A26AE36AB3F1FF3FF4
:103D200008BFB2F1FF3FF3D02068FFF7C3FFEFE712
:103D300000F0EAFE06B010BDF08D0600F08D060022
:103D400008B50A4B01221A700320FFF76DFFEFF749
:103D500005F80420FFF768FFFFF7BAFFE3F712F951
:103D6000034A137B23F00103137308BD6B5B01202F
:103D7000A833002008B50146014A0248EFF75EFF6C
:103D8000413D0500A833002008B50348034A121A34
:103D9000002113F0CFFC08BD481200206C5B01200D
:103DA00010B50446FFF75AFF0B4901EBC4110B4A4B
:103DB00004EB840302EB8303D9601C7404EB44110D
:103DC000074B03EB811303F5046304EB840402EB5C
:103DD0008402536010BD00BF2833002040500120F2
:103DE0000016022070B586B000F0ACFE104D114BED
:103DF0005D61114B05930123049300240394029405
:103E0000019400940D4B4FF400520D49284600F0E8
:103E1000D3FB06466B7B23F004036B73284614F038
:103E20001CF92046FFF7BCFF304606B070BD00BF4E
:103E3000A83300204050012008940600413D0500B1
:103E4000C01F022008B50020FFF7EEFE1E4B83F3D3
:103E500008881E4C636943F400736361E02384F8AF
:103E600022302023E377002525766576A57684F831
:103E70002050636A43F4E023636284F82350EFF731
:103E800045FDEFF7FFFE4FF0FF33A362E362EFF76C
:103E9000F7FFEFF727FFEDF7D9F80D4C0126667312
:103EA00026736566A566204601F08EFA094B9C6074
:103EB000FFF712FE3046FFF7B7FE0220FFF7B4FE11
:103EC000FFF790FFFFF756FF401E022000ED00E0D5
:103ED000C83400204050012010B5064C05E0A2680F
:103EE0006168204613F02EFC1434034B9C42F6D339
:103EF000002010BD380F00204C0F002010B5064CDC
:103F0000002000E01C34054B9C4204D2204613F0F4
:103F10008CFC0028F6DA10BD900E0020380F00202F
:103F200030B583B00D46EFF31181402484F312883D
:103F3000BFF36F8FC46864B12C602368C36083696A
:103F400001338361002081F31188BFF36F8F03B0C9
:103F500030BD00F1080C53EA020404D100232B60A9
:103F60006FF00B00EFE7009201930246604600F00D
:103F7000F1FC0028EBD1024B9B685B692B60E6E704
:103F8000405001202DE9F04182B00446EFF3118743
:103F9000402181F31288BFF36F8FC16899B900295E
:103FA00050D1364B9B6893F90E3023610131E160AB
:103FB000324B9B68A36087F31188BFF36F8F00209B
:103FC00002B0BDE8F08116461D4682682B4B9B6807
:103FD0009A42E4D055EA060136D092F90E80414665
:103FE00093F90E0013F07AFC804534DC4FF00008A2
:103FF0000096019522463946214800F0ABFC002886
:10400000DED0EFF31185402383F31288BFF36F8F67
:10401000A36843B323689C4223D013B3216993F967
:104020000E0013F05BFC0146204613F062FCE8B979
:10403000B8F1000F1AD185F31188BFF36F8F6FF0BD
:104040000A00BDE72369B0E787F31188BFF36F8FDC
:104050006FF00F00B4E70146204613F04AFC80469B
:10406000C6E72169E0E7B8F1000FE4D0294604482B
:1040700000F0E8FC6FF00A00A2E700BF405001200A
:104080006050012038B5836873B30446194A9268BA
:1040900093422CD1C368012B03D9013BC36000209C
:1040A00038BDEFF31185402383F31288BFF36F8F80
:1040B000016913F01EFC204614F07AF8A06060B18C
:1040C00090F90E3023610024C46713F0C6FF29461F
:1040D000094800F0B7FC2046E2E70020E06085F3E5
:1040E0001188BFF36F8FDBE76FF01500D8E74FF053
:1040F000FF30D5E7405001206050012010B582B05C
:1041000001468446EFF31184402080F31288BFF308
:104110006F8F5CF8080B88B1036823F003030B6012
:104120004A68904208D0012113F076FC84F311888C
:10413000BFF36F8F02B010BD4B60F4E753EA02018A
:104140000BD00092019362462146604600F002FCCB
:1041500048B9064B9B685869ECE784F31188BFF3B4
:104160006F8F0020E6E70020E4E700BF4050012009
:1041700038B50446EFF31185402383F31288BFF36B
:104180006F8F14F015F840B10022C26713F065FF7D
:104190002946094800F056FC38BDA368E2689342FE
:1041A00008D001221344A360022104F1100014F08E
:1041B0002CFBEDE70022F5E76050012010B582B03E
:1041C000EFF31181402484F31288BFF36F8F84686A
:1041D00044B1013C846081F31188BFF36F8F0020EC
:1041E00002B010BD53EA020406D0009201930246C9
:1041F000054800F0AFFBF3E781F31188BFF36F8F41
:104200006FF00F00ECE700BF6050012038B50446A6
:10421000EFF31185402383F31288BFF36F8F04E01F
:104220006FF00A02C26713F018FF204613F0C0FFB8
:104230000028F5D10023A360022104F1100014F03E
:10424000E4FA2946014800F0FDFB38BD605001202A
:1042500000B585B0094A02AB92E8030083E8030089
:1042600000934FF0FF334FF400620549054800F01A
:1042700041F9002005B05DF804FB00BF7090060016
:10428000004002202834002070B338B50D460446A3
:104290001B4B9B6883421BD000231A46D4F89830EE
:1042A000C3F38001C3F3C00013F0010F1FD001B1AD
:1042B00002B300B109B300232B60D4F8843073B18A
:1042C0001D60C4F88450204613F050FC012038BD16
:1042D00013F0F4FD08B90123DFE70023DDE7C4F89C
:1042E0008450C4F88050EEE76FF0150070476FF00F
:1042F0001200ECE76FF00F00E9E76FF00F00E6E760
:104300004050012038B504460D46083001220021F6
:1043100013F0BAFB656000232360054B5B681BB19B
:104320001C60034B5C6038BD014B5C601C60FAE7AD
:104330006050012010B5C36823F00203C360134B23
:104340001C687CB1236803B10CB100210FE0234647
:10435000FBE722460D4813F0C3FB04F10800FFF70A
:1043600007FF10BD2346F0E71A461C461346002CF3
:10437000F7D062688242ECD02146002BF4D01A6854
:10438000002AF2D0002BF0D11A46EEE7605001204F
:1043900070B584B0054616E0D5F8983023F00402D5
:1043A000C5F8982013F0040F5BD1002302934FF05F
:1043B000FF324FF0FF33CDE9002305F1880231468B
:1043C000314800F0CBFCEFF31186402383F31288D1
:1043D000BFF36F8FD5F88040002CDDD02368C5F87F
:1043E0008030D5F88420944238D0D5F8983043F006
:1043F0000203C5F89830E36843F00102E26023F05D
:10440000040343F00103E360636886F31188BFF39C
:104410006F8F20469847EFF31186402383F312886D
:10442000BFF36F8FE36823F00103E36013F0100F15
:1044300021D1E36813F0020F21D1D5F8983023F091
:104440000203C5F89830C3F3002386F31188BFF345
:104450006F8F002BB7D100F07DFBB4E7C5F8843037
:10446000C3E705F1900400220121204613F034FF38
:104470000028F8D199E7204613F0EEFBD9E7204653
:10448000FFF758FFD9E700BF6850012008B5844600
:10449000084653EA02010CD0C16841F00801C1602E
:1044A000DCF8001081620549103000F03DFD01206C
:1044B00008BD614613F064FBFAE700BFE17B06002C
:1044C00010B5044610300122002113F0DDFA044932
:1044D000204613F0E3FBE36843F01003E36010BDF4
:1044E000277B060008B50146014813F032FC08BDE1
:1044F00028340020F0B589B004460E9D0020C4F891
:104500008000C4F8840004F18800C4F88800C4F86E
:104510008C0004F19000C4F89000C4F894002DB30E
:10452000287928BB0120C4F898004FF0FF364FF0DF
:10453000FF37CDE9066700200490039302900190B5
:1045400000940D4B204613F0F6FC55B1296811B1CB
:10455000204613F0DCFC6B791BB1237B43F0010395
:104560002373204613F0D8FC09B0F0BD0120DAE730
:1045700040F20110D7E700BF9143050008B501469E
:10458000014813F02DFC08BD2834002008B5014671
:10459000014813F03EFC08BD2834002008B553EA5A
:1045A000020102D113F0B8FC08BD0249183000F036
:1045B000BBFCF9E75B810600F0B585B004460E460A
:1045C00015461F4600F158038365C3650E9B042200
:1045D0000D9913F0A5FC2A463146204613F074FCD1
:1045E00005460C9B02930B9B01930A9B00933B4651
:1045F000024631462046EFF7E1FA00236365054B9A
:104600009B6823B11B6F2367284605B0F0BD236765
:10461000FAE700BF4050012010B5114B53F8184F76
:104620009C420FD074B180B90D4B9B685A7B12F03D
:104630001F0F0AD1A26942B9DA897F2A05D9084A2F
:1046400053610BE0064BDC68EDE7054B9B68A3422A
:1046500002D0204600F0CCFB014B5C6110BD00BFD6
:104660004050012008B5437B90F90D20002A08DB5B
:10467000094B9B68834214BF00200120FFF7CCFF49
:1046800008BD03F07F0343734268036813605A60F8
:10469000002303604360EBE740500120B3F1FF3F8C
:1046A00008BFB2F1FF3F00D1704708B5024918308A
:1046B00000F03AFC08BD00BF5B810600427B90F928
:1046C0000D30002B33DB70B5044612F01F0F01D103
:1046D000866906B170BD62F07F024273144B53F8D5
:1046E000185F9D4208D1354606E06B68636025601F
:1046F0001C606C6017E035466DB12946204613F00A
:104700004FFC0028F1DC002DF6D0094BDB699D42FF
:10471000F1D02D68F0E7064BDA6903F1180121604A
:1047200062601460DC610020FFF776FFD2E770471B
:1047300040500120437B0B425AD170B504460D46D0
:104740000B43437313F0800F10D1082D19D00026AE
:104750000120FFF761FF102D36D0002E3BD1BFF3B3
:104760005F8F637B23F06003637370BD03F07F038F
:1047700043734268036813605A6000230360436018
:10478000E3E7A3685BB16268236813605A600023A3
:1047900023606360627B22F002026273A36004F113
:1047A000180013F003FE04F1580013F003FC114B42
:1047B0009B68A34201D00026CAE7EFF305830BB93B
:1047C0000026C5E70126C3E7BFF35F8F637B23F0B5
:1047D00060036373C9E7084D01236B732B730023D8
:1047E0006B66AB66284600F0EFFD024B9D60B6E7B6
:1047F000704700BF40500120C834002038B505463E
:104800000C46124B9868437B13F0600F05D013F0F1
:10481000200F07D00821FFF78DFF84F31188BFF325
:104820006F8F0EE01021F6E7EFF31184402383F33E
:104830001288BFF36F8F13F04FF884F31188BFF322
:104840006F8F6B7B13F0600FEED138BD40500120AD
:10485000F8B504460E46154600F1580713F08DFBD7
:10486000B8B1637B55B1202213436373EFF3058323
:1048700033B131462046FFF7C1FF17E04022F3E78E
:104880003946104B986813F0B1FB304613F084FBA7
:104890000CE065B108212046FFF74CFF094B9B68EF
:1048A000A34206D086F31188BFF36F8FF8BD1021A5
:1048B000F1E7EFF30583002BF4D1304613F06CFBE6
:1048C000F4E700BF4050012038B50546437B90F91E
:1048D0000D20002A0ADB6B7B63F07F036B731C4B9C
:1048E00053F8184F9C4213D1002411E003F07F03CA
:1048F00043734268036813605A6000230360436097
:10490000E9E763686B602C601D60656017E0002458
:104910006CB12146284613F043FB0028F1DC002C43
:10492000F6D00B4BDB699C42F1D02468F0E7084BD2
:10493000DA6903F1180129606A601560DD61044BD2
:104940009868A84214BF00200120FFF765FE38BD1B
:104950004050012010B50C4611460A4882680A4BA7
:104960001A60EFF31183402383F31288BFF36F8F34
:10497000DDE90223806813F064FB2046EFF75AF864
:1049800010BD00BF40500120685001202DE9F041CA
:1049900005460F460023EFF31186402282F312886A
:1049A000BFF36F8F184629E063686B602C601D6051
:1049B000656017E044466CB12146284613F0F0FAD2
:1049C0000028F1DC002CF6D01D4BDB699C42F1D0B5
:1049D0002468F0E71A4BDA6903F1180129606A606C
:1049E0001560DD610120FFF717FE012001E0AF73C4
:1049F000002086F31188BFF36F8F0123F3B96B7B1F
:104A000013F01F0FF3D1D5F81880B8F1000FEED1D5
:104A100003F07F036B736A682B6813605A6000238E
:104A20002B606B60AF736B7B63F07F036B73044B26
:104A300053F8184F9C42BED14446BCE7BDE8F08114
:104A40004050012008B50B4659B9EFF3058242B931
:104A5000064A50699268904203D00846EEF7EAFF92
:104A600003E083F31188BFF36F8F08BD405001202E
:104A700010B5EFF31184402383F31288BFF36F8FD7
:104A8000437B13F0040F04D184F31188BFF36F8FBD
:104A900010BD23F004034373FFF710FE21460248C4
:104AA000FFF7D0FFF4E700BF6850012008B50346C8
:104AB00050B9EFF305823AB9064A516992689142BA
:104AC00002D0EEF7B7FF03E083F31188BFF36F8FD7
:104AD00008BD00BF405001200023EFF311814022A8
:104AE00082F31288BFF36F8F09E0064B9A68D37B7D
:104AF000013BD37381F31188BFF36F8F0123002B28
:104B0000F3D070474050012010B50023EFF311841B
:104B1000402282F31288BFF36F8F0CE0084B9A6833
:104B2000D37B0133D3730020FFF776FD84F3118824
:104B3000BFF36F8F0123002BF0D013F088FB10BD63
:104B40004050012008B5024813F09CFB08BD00BF8F
:104B50005450012070B5EFF31186402383F312887F
:104B6000BFF36F8F1E4B9A68517B01F07F01517329
:104B700050681168016048600021116051609D68B3
:104B80006A7B62F07F026A7353F8184F9C4208D127
:104B9000002406E063686B602C601D60656017E0B0
:104BA00000246CB12146284613F0FAF90028F1DC04
:104BB000002CF6D00A4BDB699C42F1D02468F0E768
:104BC000074BDA6903F1180129606A601560DD613D
:104BD0000120FFF721FD3046EEF72CFF70BD00BF2E
:104BE000405001202DE9F04150EA010337D004463E
:104BF0000E466FF001031B1A4FF0FF3262EB010209
:104C0000012B72F100022EDB6FF001052D1AEFF37C
:104C10001188402383F31288BFF36F8F144FB86855
:104C2000144B1860FFF71EFDB86822463346124940
:104C3000183000F079F9BA68537B43F010035373CE
:104C40004046EEF7F7FE13F0CEFB281A63EB0303A2
:104C5000012873F1000300DA0020BDE8F081FFF7BE
:104C600079FF0020F9E713F0BEFB0519CFE700BF7D
:104C700040500120685001205B81060008B5B1F169
:104C8000FF3F08BFB0F1FF3F1DD0FFF7ABFFC217DA
:104C9000510141EAD06143011B1A61EB0201890015
:104CA00041EA93719B001B1842EB0102D20042EAD9
:104CB0005372DB0047F6FF71581842F10002C00B37
:104CC00040EA424008BD034B986813F0E1F94FF009
:104CD000FF30F7E74050012008B5C117C90341EA8A
:104CE0005041C003184BC018184A4FF0000341F15F
:104CF0000001D2F7F9FCC117FFF774FF4FEAE07C1F
:104D00004FEA4C1343EAD0634201121A63EB0C03DF
:104D10005B0243EAD253520212184CEB03014FEAF2
:104D2000811E4EEA926E93019B1A6EEB010E1818CB
:104D30004CEB0E0C47F6FF73C0184CF1000CC00B87
:104D400040EA4C4008BD00BF3F420F0040420F0008
:104D5000014B9868704700BF405001202DE9104872
:104D600083B0089CDDE906BCCDE900BCFFF7F2FD8D
:104D70001CB1034B9B685B69236003B0BDE81088DE
:104D800040500120044BC01AC010044B03FB00F03C
:104D9000034B01221A54704748350020ABAAAAAA37
:104DA0006C500120C3897F2B11D80E4B1B687BB13F
:104DB00090F90E200C4B1B689A420CDB437B13F0DE
:104DC0001F0F0AD1094B984209D0012300E00023AC
:104DD00003F0010070470023FAE70023F8E70023FF
:104DE000F6E700BF745001207050012028330020E6
:104DF00070B505460D4B1E7C06EB46030C4C04EBD0
:104E0000C304204613F0D2FA0A4B00229A552846D2
:104E1000FFF7C8FF00B970BD074B1A68013AD317F6
:104E20000649204600F080F8F5E700BF4050012019
:104E3000483500206C50012074500120854D05003C
:104E400038B5EFF31185402383F31288BFF36F8FDA
:104E5000144B9C68144B1B68A34217D0124B0022C2
:104E60001A60104B1B7C114AD35C53B12046FFF7EC
:104E700099FF30B1637B13F01F0F0FD02046FFF76F
:104E8000B7FF85F31188BFF36F8F38BD2046FFF75A
:104E9000AFFF85F31188BFF36F8FF6E72046FFF76A
:104EA00013FDEBE740500120685001206C500120B9
:104EB00008B50648064A121A064912F03FFC064A8F
:104EC0000649074812F03AFC08BD00BF0000002068
:104ED000441200204C210700000000004C21070074
:104EE00000000020034B1868984200D07047002053
:104EF000FCE700BF6C0D002030B1044A52689042BC
:104F000001D0006870470020704700BF6C0D002082
:104F100008B5044B1B680BB1002008BDFAF7AAFEC8
:104F2000FBE700BF78500120B3F1FF3F08BFB2F1AB
:104F3000FF3F77D02DE9F047044692461D46816039
:104F40000023EFF31187402282F31288BFF36F8FA3
:104F500026E01AF1010845F10009FFF7D9FF18EB27
:104F6000000349EBE070236160613BE0521A66EB9D
:104F70000303026143614368636020601C60446016
:104F800005E0294B5A682360626014605C60FFF79B
:104F9000A9FF84423AD087F31188BFF36F8F0123B2
:104FA000002B3DD153466FF00101B1EB0A014FF0E8
:104FB000FF3060EB0502002ACBDB1C4A1168526807
:104FC0005B1842EB05026FF00101C91A60EB0203A6
:104FD00008461A46012973F1000301DA0120002274
:104FE00020616261FFF77EFF0028CAD0026946692E
:104FF00021696369914273EB060EB7DB891A63EB93
:10500000060321616361FFF777FFEDE7084B1B683B
:10501000002BC0D113F0ADF90021FAF7F1FDBAE78A
:10502000BDE8F087704700BF6C0D002060350020A0
:105030007850012070B5EFF31186402383F3128876
:10504000BFF36F8F2A4B1860FFF74CFF044623E035
:10505000284A136851685B1941EBE5711360516090
:1050600000220023C4E90423204613F06BF986F3E1
:105070001188BFF36F8FA36820469847EFF311861E
:10508000402383F31288BFF36F8F194A13685B1BA9
:105090001360FFF727FF04463CB125696169144B93
:1050A0001A68D317AA428B41D2DA44B123696269E4
:1050B0000F4909685B1A62EBE172236162610D4A74
:1050C0000B4D2868136851681B1841EBE0711360A1
:1050D000516000242C6013F04CF92146FAF790FD42
:1050E00086F31188BFF36F8FFFF7AAFE70BD00BF74
:1050F000785001206035002010B50022EFF31184B4
:10510000402383F31288BFF36F8F134611460CE0E0
:10511000FFF7FEFE074A13685168C31841EBE071C0
:1051200084F31188BFF36F8F0122002AF0D0184654
:1051300010BD00BF60350020F8B5EFF311834022A9
:1051400082F31288BFF36F8F026822B183F3118854
:10515000BFF36F8FF8BD04461D46826AC36A52EAE8
:10516000030105D0B3F1FF3F08BFB2F1FF3F26D1E5
:10517000236B01332363236A6BB185F31188BFF37B
:105180006F8F236A20469847EFF31185402383F3FE
:105190001288BFF36F8F04F11803A469A3423ED0B5
:1051A000002C3CD0204612F08DFF0023E36785F3EE
:1051B0001188BFF36F8F204612F04FFFCAE71646E3
:1051C0001F46012A73F1000301DA01260027013E80
:1051D00047F1FF3713F00BF9013041F1000180195D
:1051E00047EB0101012871F1000108DA6FF00102BB
:1051F0004FF0FF330C492046FFF796FEB8E713F057
:10520000F6F8013041F10001801947EB01036FF01E
:105210000102121A4FF0FF3161EB0303EAE785F355
:105220001188BFF36F8F95E739510500F8B51D461A
:10523000EFF31187402383F31288BFF36F8FB5F12B
:10524000FF3F08BFB2F1FF3F1FD006461446294674
:105250006FF00102121B4FF0FF3262EB0502002AD1
:1052600018DB304613F0A2F8DDE90623C6E90A236D
:105270000023336322462B460B493046FFF754FE8A
:1052800087F31188BFF36F8FF8BD87F31188BFF3E1
:105290006F8FF9E7012C71F1000101DA012400257B
:1052A000013C45F1FF35DCE7395105002DE9F043BC
:1052B00083B0074616461D46274B9C68012384F899
:1052C000603084F8613055EA02030CBF01230023EB
:1052D00004F1600213F0E4F98046EFF311894023F2
:1052E00083F31288BFF36F8F94F860300BB3002301
:1052F00084F8603055EA060326D000960195174AD7
:1053000049461748FFF726FB0446EFF31182402376
:1053100083F31288BFF36F8F15464146384613F06A
:1053200034F985F31188BFF36F8F204603B0BDE8D1
:10533000F0834A460146384613F027F989F311886D
:10534000BFF36F8F0024F0E789F31188BFF36F8FED
:105350006FF00A04E9E700BF40500120740D0020FF
:105360007C50012038B50346EFF31185402282F3CB
:105370001288BFF36F8FC160012282600068834290
:1053800010D04268036813605A60002303604360D2
:10539000012113F000FA044629460548FFF752FBA5
:1053A000204638BD85F31188BFF36F8F0024F7E7DF
:1053B0007C50012008B50A460146024813F044FA21
:1053C00008BD00BF380F0020014B0367704700BFC6
:1053D000380F002038B504460D4612F06FFD40B975
:1053E000054B9B68186F18B12A46214613F02CFA1A
:1053F00038BD0248F8E700BF40500120380F0020B8
:1054000030B599B00546684600F028F8694604466C
:1054100008A800F053FA08A90443284600F08AF9C6
:10542000204619B030BD00BF70B598B0054668463B
:10543000164600F013F83146044608A800F046F975
:1054400008A96A460443084600F082F908A9044303
:10545000284600F06DF9204618B070BD70B50B6895
:10546000124E1BBAC3614B681BBA83618B681BBAAF
:105470004361CB681BBA03610B691BBAC3604B69FC
:105480001BBA83608B691BBA4360CB691BBA324677
:10549000036001460446D2F761F9314605460246EB
:1054A0002046D2F77BF9681E70BD00BF501D070073
:1054B0002DE9F04188B00C46064602F1200168460D
:1054C00006F120079046D2F743FC6A4669466846D3
:1054D000D2F760FB69463846D2F73AFC3A4639467D
:1054E000384604F12005D2F755FB6A4669466846FE
:1054F000D2F750FB41462846D2F72AFC6A4641467D
:105500003046D2F70DFC2A4629466846D2F742FBC0
:105510002A4669466846D2F73DFB124A6946684604
:10552000D2F738FB69462046D2F712FC32462146B4
:105530002046D2F76DFB324621462046D2F768FB63
:10554000224631462846D2F763FB6A46294628465A
:10555000D2F7E6FB3A4629462846D2F759FB08B06F
:10556000BDE8F081301E0700F0B599B004460D4645
:105570000A4601466846D2F74BFB69466846D2F7B1
:10558000E7FB6A46214608A805F1200604F120073A
:10559000D2F7C6FB6A4629466846D2F7C1FB3246B7
:1055A000394610A8D2F7F6FA324639463046D2F7D5
:1055B0002FFB31462846D2F7CBFB6A4608A9204686
:1055C000D2F7E8FA224629462846D2F721FB6A4656
:1055D00008A96846D2F71CFB6A4639463846D2F716
:1055E0009FFB2A4608A96846D2F712FB6A46314655
:1055F0003046D2F795FB3A4631463046D2F708FBA3
:1056000010A96846D2F7A4FB224669462046D2F785
:10561000FFFA08A922460846D2F7FAFA10A908AA02
:105620000846D2F77DFB3A4610A93846D2F7F0FA81
:1056300019B0F0BD2DE9F04188B00C460546904602
:105640000A4601466846D2F7E3FA69466846D2F749
:105650007FFB6A462946284604F12006D2F760FB04
:1056600005F120076A4621466846D2F759FB3246C3
:1056700039463046D2F7CCFA31462046D2F768FB9D
:105680002A4621462046D2F7C3FA6A4621462046DA
:10569000D2F7BEFA6A4629464046D2F7B9FA4246E0
:1056A00039463846D2F73CFB224629466846D2F7AF
:1056B000AFFA6A4631463046D2F732FB3A463146B7
:1056C0003046D2F7A5FA08B0BDE8F08170B500F118
:1056D000200690B00D46044600F014F905F12001B3
:1056E000304600F00FF9214608A8D2F731FB08A98F
:1056F00008460D4AD2F74EFA08A922460846D2F7C4
:105700000FFB08A9094A0846D2F744FA3146684611
:10571000D2F71EFB202269460DEB0200D2F70CFAED
:10572000013810B070BD00BF301E0700101E07000A
:1057300000F002B938B504460D4600F0FDF805F159
:10574000200104F12000BDE8384000F0F5B800BFAA
:105750002DE9F0471346B8B0544A894680461946A9
:1057600010A8D1F7FBFF5249024610A8D2F716F84D
:10577000179E4E4900EAD6760746C6F1010210A8E8
:10578000D2F70CF8179B4A466FEA030A28A918A813
:10579000FFF78EFE4FEADA7A20A9CAF10102084625
:1057A00000F092F8C7F10107FE246A4618A928A85C
:1057B000FFF740FF631138AA02EB830304F01F02D6
:1057C00053F8A03CD340554603F0010A8AEA050588
:1057D0002A4628A918A8D2F73DF82A4630A920A8B9
:1057E000D2F738F8013C28A918A8FFF7BDFE631CC2
:1057F000DBD1CAF1010220A908A800F065F886EA09
:105800000A066A4618A928A8FFF714FF28A93246F5
:1058100018A8D2F71FF8324630A920A8D2F71AF8F4
:1058200008A96A460846D2F77BFA08A9084600F09C
:105830009DF808A908F1200409F120020846D2F7D2
:105840006FFA20A908AA2046D2F76AFA08AA18A96E
:105850006846D2F765FA69466846D2F779FA18AA17
:10586000694608A8D2F75CFA21466846D2F770FA72
:1058700008AA69461046D2F7CBF90E4A08A968462D
:10588000D2F7C6F920462021D2F76AF908A90246C4
:1058900044426846D1F7DEFF4046074A6946D2F7E0
:1058A0003FFA3C43204638B0BDE8F087901D070022
:1058B000B01D0700101E0700701D07000A460149B1
:1058C000FFF746BFD01D070070B588B004460D46EF
:1058D000164600212022684613F098F80023294636
:1058E00020222046009313F069F82A46694668464C
:1058F000D2F78EF9324669462046D1F7ABFF08B0A1
:1059000070BD00BF0B681BBAC3614B681BBA8361D3
:105910008B681BBA4361CB681BBA03610B691BBA66
:10592000C3604B691BBA83608B691BBA4360CB6948
:105930001BBA0360704700BFCB691BBA03608B6959
:105940001BBA43604B691BBA83600B691BBAC36007
:10595000CB681BBA03618B681BBA43614B681BBAE7
:1059600083610B681BBAC361704700BF70B598B004
:105970000D46064610A8D2F7EBF92A4610A968464C
:10598000D2F7CEF9694610A8D2F7E2F910A9084675
:10599000D2F7DEF96A4610A908A8D2F7C1F908A91A
:1059A00010A8D2F7D5F910A90846D2F7D1F910A955
:1059B0000846D2F7CDF910A90846D2F7C9F910A9BF
:1059C00008AA0846D2F7ACF910A90846D2F7C0F9E0
:1059D00010A90846D2F7BCF910A96A4608A8D2F760
:1059E0009FF9052408A910A8D2F7B2F910A9084612
:1059F000D2F7AEF9013C10A9F5D108AA0846D2F7B2
:105A00008FF9052410A90846D2F7A2F910A9084673
:105A1000D2F79EF9013CF5D110A908AA0846D2F7A1
:105A20007FF910A908A8D2F793F908A90846D2F778
:105A30008FF908A96A466846D2F772F910246946B8
:105A400010A8D2F785F910A90846D2F781F9013CD0
:105A500010A9F5D12A460846D2F762F9402410A9C8
:105A60000846D2F775F910A90846D2F771F9013C3A
:105A7000F5D110A96A460846D2F752F9102410A9A8
:105A80000846D2F765F910A90846D2F761F9013C3A
:105A9000F5D110A96A460846D2F742F9102410A998
:105AA0000846D2F755F910A90846D2F751F9013C3A
:105AB000F5D110A908AA0846D2F732F92A4610A94A
:105AC0003046D2F72DF918B070BD00BF10B50C4CA0
:105AD000236813B10B4B1B682BB900F029FE30B9BA
:105AE000084B01221A6001232360002010BD0138F9
:105AF000062801D9044810BD044B53F8200010BDFE
:105B0000805001207C500120FE8FFFFF501E0700B7
:105B1000BFF34F8F0549064BCA6802F4E062134396
:105B2000CB60BFF34F8F00BFFDE700BF00ED00E08B
:105B30000400FA0510B4094B09490A4C4FF0FE3233
:105B4000C3F800244968C3F80424C3F80824C3F840
:105B50000C240023C4F8003510BC084700B00250E4
:105B60007C0D002000A00250D0E90012014BC3E9D7
:105B7000001270477C0D00202DE9F043134B144EAA
:105B8000002814BF04461C4683B02368B34219D0D2
:105B90000D4620464FF4E07104F10409174604F560
:105BA0008E7800F0E9F8484600F0ACFC404600F082
:105BB000DBFA084900972B464A46404600F0EAFACD
:105BC00008B92660002003B0BDE8F08384500120AE
:105BD000A5BCC95A8D65050070B51D460C4B002843
:105BE00018BF03460B481E68864282B00DD10026BE
:105BF00003F58E7000963346144600F017FB00281C
:105C000018BF34462C6002B070BD0348FBE700BFEC
:105C100084500120A5BCC95AE88FFFFF10B5044687
:105C200050B1636813F0685F05D0064A934202D012
:105C300000232360626010BD034B04485B689847F3
:105C4000EFE700BF2C5F5CA97C0D00206C1E0700F5
:105C5000C8B143680D4A934213D013F0685F0ED069
:105C6000012350E8002F194640E8001C9CF0000F6B
:105C7000F7D1012AF5D0BFF35F8F002070470448A9
:105C80007047044870476FF4E04070472C5F5CA990
:105C9000E98FFFFFEA8FFFFF80B14368094A934213
:105CA0000AD013F0685F05D0BFF35F8F0023036055
:105CB0001846704704487047044870476FF4E04046
:105CC000704700BF2C5F5CA9E98FFFFFEA8FFFFFE1
:105CD00010B5044620B1044B63600022226010BD61
:105CE0000248FFF727FFF6E73A00003A941E070044
:105CF00070B5D0E90023174C174D6360D0E902302E
:105D0000C4E9023022604868D1F800C0134BC3E9EF
:105D100000C0D5F81801D1F808C0C3F808C010F0C9
:105D2000685FD1F80CC00969C3F80CC0196110D0C4
:105D30000B49C5F8BC110023C5E9453105F58A704A
:105D4000C5F8B8319047236805F5DC70BDE87040B0
:105D5000184770BD980D002084500120840D00204C
:105D60002C5F5CA938B131B10144002203460130F7
:105D700081421A70FAD1704738B131B10144002222
:105D80000346013088421A70FAD170472DE9F04F6E
:105D9000B2F5C07FB5B000F2D780DFF8B4911446F9
:105DA0000D464FF4D07200210DF15C0807464846BD
:105DB00012F02CFE404601F051F9002309F11806BB
:105DC000A9F8103063BA29462246A9F812303046A5
:105DD000202389F8173012F0F1FD5E4B079303F191
:105DE00004338022089303F104330993325503F1FD
:105DF000043307A940460A9301F046F98246002879
:105E00007FD104F119030BAE0FAC029303970196F7
:105E100004940198DFF840B11022002112F0F6FD41
:105E2000DDF808A005940E9B5BF8044C5BF80C7C35
:105E30000B995BF8100C5BF8085CDDE90C625C40C8
:105E4000019B7E40554081EA00071A4601214046E9
:105E5000CDE90B76CDE90D5401F030F9BAF1100F10
:105E600094BFAAEB0A0AAAF1100A0BF1100B002842
:105E700065D1BAF1000FD6D1059C019920461022B8
:105E800012F09CFD99F8033010340133A04589F8D5
:105E90000330BED1049C039F019E802221464046D0
:105EA00001F0F2F8824670BB07F120093D4613ABC2
:105EB0001A460121404601F001F91022824613A939
:105EC00028461544BAF1000F1DD112F077FD4D455B
:105ED000EDD1404601F0D2F81D484FF4D071FFF7E4
:105EE0004BFF20462021FFF747FF07A81021FFF7AF
:105EF00043FF30461021FFF73FFF504635B0BDE865
:105F0000F08F0FAC0BAE404601F0B8F810484FF4DC
:105F1000D071FFF731FF20462021FFF72DFF07A8A2
:105F20001021FFF729FF10213046FFF725FF202120
:105F30003846FFF721FF504635B0BDE8F08F039F8C
:105F4000019E049C8246DEE76FF0370AF3E700BF4C
:105F50005452012000010203645201202DE9F04156
:105F600088B004460D4620220021684612F04EFDFE
:105F700004F120066F46E27B0132D2B2E273002ABE
:105F80004DD1A27B0132D2B2A273002A47D1637BEA
:105F90000133DBB26373002B41D1237B0133DBB2CE
:105FA0002373002B3BD1E37A0133DBB2E372002B86
:105FB00035D1A37A0133DBB2A372002B2FD1637AE0
:105FC0000133DBB2637253BB237A0133DBB223723A
:105FD0002BBBE3790133DBB2E37103BBA37901335C
:105FE000DBB2A371DBB963790133DBB26371B3B99F
:105FF00023790133DBB223718BB9E3780133DBB250
:10600000E37063B9A3780133DBB2A3703BB9637863
:106010000133DBB2637013B92378013323703B463D
:1060200022460121304601F049F8804650BB103726
:1060300008AB9F429FD1029AAB68039F07995340D8
:1060400002933046EE68009B7E400396049F2E69C3
:106050007E4004966E69059F7E400596069FAE6958
:106060007E400696EE697140079129684B40009387
:1060700001996B6880224B406946019301F004F856
:10608000804638B168462021FFF776FE404608B0CA
:10609000BDE8F08110220DEB0201204612F08EFCCB
:1060A000F0E700BF2DE9F84304468069B0F5C07FF2
:1060B00052D81D46C0F5C073AB424DD3C5F5C07371
:1060C0001B1A9342164647D3DFF898904FF4C072DC
:1060D0000F464846002112F099FCD4F89430A2698A
:1060E000D4F8980049469847002838D1D4F8188049
:1060F0003DB1D4E925302A4609EB0801984770BB29
:10610000A84407B1C6B9174942460846FFF73EFE04
:10611000054638B113484FF4C071FFF72DFE2846ED
:10612000BDE8F8830F492046FFF718FF0546002811
:10613000F0D101232361EDE709EB0800394632462F
:1061400012F03CFC0749B04442460846FFF71EFEE9
:1061500005460028DED1E5E76FF03705DFE76FF091
:106160003305DCE7F453012010B5A42204460021D6
:1061700012F04CFC064B4FF0FF314FF6F0722161EC
:10618000E26104F19C001B68BDE81040184700BFA5
:10619000E80D00202DE9F04385B005460F46164670
:1061A000002110226846994612F030FC1D4B05F183
:1061B0009C081B684046984720B10446204605B01D
:1061C000BDE8F08305F12004204600F047FFAA69EE
:1061D000C5E925762E69E2B92022002EAA611FDBCF
:1061E00020466946802200F04FFF044630B90C9AE1
:1061F000334649462846FFF755FF04460A4B4046BA
:106200001B689847002818BF0446204605B0BDE823
:10621000F083002EE4DA172A02D801325608DFE7AD
:106220000026DDE7E40D0020E00D00202DE9F04F11
:106230008DB0B2F5806F169F00F2E380B7F5807FD6
:1062400000F2DC80044615460E462022002104A8F8
:10625000984612F0DBFB6C4B04F19C091B68484626
:1062600098478346002840F092802269E3699A4269
:1062700000F391806369002B40F08D80002F40F087
:10628000A980DFF888A16F46002D00F0988004F106
:1062900020086F460EE0102DAB4628BF4FF0100BC4
:1062A00030465A46394612F089FBB5EB0B055E4481
:1062B00000F08580E37B0133DBB2E373002B4DD12B
:1062C000A37B0133DBB2A373002B47D1637B013384
:1062D000DBB26373002B41D1237B0133DBB2237329
:1062E000002B3BD1E37A0133DBB2E372002B35D1D3
:1062F000A37A0133DBB2A372002B2FD1637A01336F
:10630000DBB2637253BB237A0133DBB223722BBB44
:10631000E3790133DBB2E37103BBA3790133DBB271
:10632000A371DBB963790133DBB26371B3B923794C
:106330000133DBB223718BB9E3780133DBB2E37055
:1063400063B9A3780133DBB2A3703BB9637801333F
:10635000DBB2637013B92378013323703B462246C6
:106360000121404600F0AAFE8346002893D0DAF8C7
:106370000030484698472021034604A8002B18BF48
:106380009B46FFF7F9FC10213846FFF7F5FC58460D
:106390000DB0BDE8F08F3A46414600232046FFF796
:1063A00081FEDFF868A000283FF46DAFDAF8003016
:1063B00048469847834600283FF465AFE7E704A9BD
:1063C0002046FFF7CBFD83460028D0D12369013357
:1063D0002361CCE73A46414604A8FFF7D7FC834641
:1063E00018B1DFF828A06F46C1E704A92046FFF7DF
:1063F000B5FD834600283FF444AFF2E76FF0370B5A
:10640000C5E76FF0350BC2E7E40D0020E00D00207A
:106410002DE9F043202B8BB01D4606468846914659
:1064200026D8DBB202AF8DF80480B0468DF8053077
:1064300058F8041B21B9404600F084FE044640B9D8
:1064400001233360022201A9404600F08FFE04467A
:1064500038B138462021FFF78FFC20460BB0BDE84D
:10646000F0832A464946404600F080FE0446F0E7A5
:1064700002AF1946104600233A4600F0FDFF0446DD
:106480000028E6D12023B9461D46CCE7F0B5D0F868
:10649000F830A7B0002BD8BF02AE2CDDD0F80C41ED
:1064A0000546002302AE0193A4F10107D0F80001D4
:1064B000D5F8FC4001AB90223146A047B7FA87F7E8
:1064C0007F09044610B9019B3BB9A7B13046902122
:1064D000FFF752FC204627B0F0BD01463246284661
:1064E000FFF796FF50B9D5F80431019A1344C5F867
:1064F0000431002FEAD16FF03C04E7E70446204660
:1065000027B0F0BD70B50025044604F58876142246
:106510002946C0F8F850FC3012F078FA08222946D3
:10652000304612F073FA154B30461B6898472046E8
:1065300040F8045B00F0ECFD114B30461B689847B7
:10654000D8B9D4F8F830AB4211DC03EB830204EB8A
:1065500082022021C2F808110121C2F80C11013376
:106560000849C2F80001C2F8FC10C4F8F830064B24
:1065700030461B68BDE87040184770BDE80D00202C
:10658000E40D0020616F0500E00D00202DE9F047CB
:10659000202A88B079D83E4B00F588791B680446DC
:1065A00048461746884698470546F8B9D4F8F83063
:1065B00040F20116002B64D02046FFF767FF054626
:1065C00038B9D4F8F830002B14DC013EF2D16FF06A
:1065D0003B056E4620213046FFF7CEFB2D4B48464B
:1065E0001B689847002818BF6FF01D05284608B0A3
:1065F000BDE8F087D4E94132934203D3D4F80C21AB
:10660000012A02D0013ED7D1E1E71F2BFAD96E460D
:1066100001462022304604F1040A12F0F7F931460F
:10662000504600F0CDFD05460028D3D1504600F07D
:1066300083FD504600F06CFD2946504600F082FD77
:1066400005460028C6D150462022314600F08EFD76
:1066500005460028BED1034632462021304600F0D0
:106660000BFF05460028B5D1D4F8F830002BC4BF85
:106670000023C4F804313A464046314612F09EF9F0
:10668000A8E76FF03F056E46A4E76FF03B05ADE766
:10669000E40D0020E00D002030B58DB0002128224F
:1066A00002A8019112F0B2F902A800F00DFF044611
:1066B00010B120460DB030BD174D4FF0FF312868A6
:1066C00000F044F9044620B11448FFF733FA012CD6
:1066D00018D0002000F06AF9D0B9114A02A901A827
:1066E00000F030FC0446012000F060F960B9286831
:1066F00000F034F90028DCD00A48FFF71BFA2046E6
:106700000DB030BD0524F2E70748FFF713FAEEE7B6
:106710000648FFF70FFAE0E7CC0D0020B81E07008F
:1067200074550120101F0700F01E0700D01E07003F
:1067300030B583B000F05CF828B100F0ABF803246A
:10674000204603B030BD00F077F8D8B900F02EF93C
:10675000E0B9224CD4F828391B0EF02B0AD1D4F81A
:10676000242A1F4B9A4231D000F044F8072400F04D
:1067700091F8E5E700F03EF800F08CF8062420469A
:1067800003B030BD0424204603B030BD00F032F821
:1067900000F080F8FFF780FF044698B9114D2B6890
:1067A000002BCDD102460146FFF7E6F950B90E495C
:1067B00001AB6822FFF710FA20B90C4B2B60204682
:1067C00003B030BD0524204603B030BD012000F0E9
:1067D000EDF80028DAD1C4F80C0ADBE700B002506B
:1067E0000000E02094570120985701205AEA5A5A95
:1067F0000020704700207047430504D5044B4FF03C
:10680000FF32C3F80821024BC3F8080A704700BFE3
:1068100000B00250014BC3F8040A704700B00250A8
:1068200008B100F06BB84FF47500704708B100F084
:106830004FB84FF47500704710B5114800F072F86A
:1068400000B110BD0F4800F06DF80028F9D10E4CD2
:10685000204600F067F80028F3D10C4B0C481C6070
:1068600000F060F801460028EBD100F02DF8044656
:1068700008B1204610BD00F07BF82046FAE700BFC3
:10688000DC0D0020D80D0020D40D0020CC0D002000
:10689000D00D002008B5084800F04EF8074800F079
:1068A0004BF8074800F048F8064800F045F8BDE806
:1068B000084000F00BB800BFDC0D0020D80D002010
:1068C000D40D0020D00D002000207047704700BF7D
:1068D00010B4094C0246D4F8003A1342FBD021B15F
:1068E000D4F804310B60C4F80831034BC3F8082A0C
:1068F000002010BC704700BF00B00250044AD2F81C
:10690000003A1842FBD0C2F8080A0020704700BFC6
:1069100000B0025012F060B812F078B80A460021B8
:1069200012F074B808B5034B02681B6810689847EA
:10693000002008BD980D002008B5034B02685B6875
:1069400010689847002008BD980D0020024B02688F
:106950009B681068184700BF980D002008B5034BCE
:106960000268DB6810689847002008BD980D002079
:1069700070B5094C094D2069AB68984718B1084BB0
:1069800008485B689847084AEB6820690021116055
:10699000BDE87040184700BF840D0020980D00200E
:1069A0007C0D0020281F070000580120F8B51A4D63
:1069B0001A4E0446B26828699047E8B9184F3B68F8
:1069C0004CB1A3B1012B19D0013B3B602869F3689E
:1069D00098470020F8BD43B9124A0121C2F80015BA
:1069E0001149D1F81029002AFBD101333B60F3682B
:1069F000286998470020F8BD0C48F8BD0A4AD2F82B
:106A00001039002BFBD1074A6FF07E40C2F80035E9
:106A1000FFF700FF3B68D7E7840D0020980D0020AA
:106A20000058012000A0025000B00250E98FFFFF83
:106A3000014B1B68184700BF980D0020014B9B6855
:106A4000184700BF980D0020014BDB68184700BFB6
:106A5000980D00202DE9F047002878D00C46002939
:106A600075D01D46002B72D007461AB101220023B3
:106A70002A6003602B68002B64D02946204600F072
:106A8000DBFD804600285FD12868214600F0BAFD72
:106A90008046002858D12B68082B6CD0042B6DD071
:106AA000A3F10209B9FA89F94FEA5919354E0121C2
:106AB000C6F8C411C6F84011C6F8C411636AC6F816
:106AC0003031D6F830219342F6D14FF0000A4FF022
:106AD000FF30C6F82CA1FFF78FFE6FF01B03C6F83E
:106AE00000315046FFF796FEC6F80C91D6F8040A1E
:106AF00040F48060FFF78EFE0A23C6F83831089B09
:106B0000012B29D02369204AA2FB03231B09626AB7
:106B100002FB03F303EB43031A4ADB039B09C2F8AE
:106B2000D8310123C2F82C313B682A6823F07F4317
:106B300043EA02633B602A6843EA02233B60404623
:106B4000BDE8F087DFF844804046BDE8F087DFF815
:106B500040804046BDE8F0874FF08053D3F80C2CBE
:106B6000013206D0D3F80C3C074AA2FB03231B09D1
:106B7000CDE71623CBE74FF0030997E74FF0020963
:106B800094E700BF00B00250ABAAAAAA310CF100F2
:106B9000350CF10050B34B1EB3F5047F26D24FF0F5
:106BA000000C30B5CD00E6466446630904F01F01D1
:106BB00050F823301F2923FA01F306D003F0010314
:106BC0001CB901249E46A446EFE79E4504F101044A
:106BD00006D09E464FF0010CAC42E6D1002030BDFD
:106BE0000CF1010C9445F7D1014830BD00487047C5
:106BF000360CF100C8B32DE9F0434C1EB4F5047F08
:106C00001CD2DBB1D2B14FF0000ECF007646F04679
:106C1000754603F1FF396C0905F01F0150F8244057
:106C20001F2924FA01FC0CD00CF0010C4DB90126EF
:106C3000E0463546B646EEE7964218D90D48BDE81F
:106C4000F08373450CD0C44508BF0136F145F3D03D
:106C50000EF1010E0135BD42DDD10020BDE8F0830B
:106C60004FF0010EE0467646F4E7024870479E4634
:106C7000F0E700BF370CF1002DE9F04F91B00D4661
:106C8000DDE91B41824600296ED1286906901A98D9
:106C90001C6000230360002A00F02E819C4B6A6A6E
:106CA000D3F83811D3F830319A4269D10A2967D123
:106CB0009AF80330089304F1080306990793954B5B
:106CC000934CA3FB01239B0803EB4303A1EB43037A
:106CD0000393042305931A9B069E1E60002E00F06A
:106CE000E980002700F0B8FC0997BAF1000F00F026
:106CF000D580DDF81C804FF00109002D00F0CE801A
:106D0000089B002B3ED008A9284600F095FC0028DF
:106D10003AD0814B984220D0089B082B00F0E480A9
:106D20005B0000220893009208AB29465046FFF70B
:106D300091FE7A4B984200F0D38070B9DAF80020C7
:106D4000130A03F47F03134323F07F43CAF8003090
:106D5000059B013B0593BED10020039000F07CFC15
:106D6000039811B0BDE8F08F4FF08050D0F80C6C54
:106D7000013614BFD0F80C0C4FF40470069086E76F
:106D80006748EAE76548C4E70898294600F03AFCF6
:106D90000028BED1089B082B00F0A880042B00F02F
:106DA000A880A3F10203B3FA83F35B090493C4F848
:106DB000C491C4F84091C4F8C4916B6AC4F83031EE
:106DC000D4F830219342F6D14FF0000BC4F82CB127
:106DD0004FF0FF30FFF710FD6FF01B035846C4F86B
:106DE0000031FFF717FD049BC4F80C31D4F8040AF6
:106DF00040F48060FFF70EFD0A23C4F838312B6998
:106E0000ABF1553BABFB03236A6A1B0902FB03F39F
:106E100003EB4303DB039B09C4F8D831C4F82C917E
:106E2000DAF80030089923F07F420B0243EA01634D
:106E30001343CAF8003009A800F0D4FB099B03F003
:106E40001A0303437FF468AFABFB063BD4F814315D
:106E50000A93D4F818310B93D4F81C310C93D4F85E
:106E600020310D93D4F824310E93D4F828310F93A8
:106E7000B7EB9B0F01D1039B93B9404618220AA997
:106E8000183EFFF747FD08F11808013796B100F0EA
:106E9000E3FB00230993002D7FF432AF214838E74C
:106EA0004046F61A1A460AA998440137FFF732FD00
:106EB000002EECD1069F079E6A6939463046FFF7DF
:106EC00069FEAA6940B94FF4806339463046FFF73E
:106ED00091FE00283FF440AF1A9A0023136018E790
:106EE0002B6A002B3FF439AF0F4836E70323049396
:106EF0005DE7022304935AE7009108AB012229467B
:106F00005046FFF7A7FD00283FF4D5AE25E700BFA8
:106F100000B00250ABAAAAAA020CF100310CF10099
:106F2000300CF100350CF100320CF10010B4DDE949
:106F300001340194039C02940024039410BCFFF7D5
:106F40009BBE00BF10B586B005AB0124CDE901247E
:106F50000093002204ABFFF78FFE06B010BD00BF08
:106F6000F0B587B0002966D01E46002B63D01446CA
:106F7000002A60D0314F0D4638684FF0FF31FFF7DF
:106F8000E5FC00284DD10020FFF710FD002844D17A
:106F90002B4800F099FA0346D8B101204FF0FF3595
:106FA000FFF704FD002834D126484FF40871FEF79E
:106FB000D9FE25480421FEF7D5FE21482821FEF7F9
:106FC000D1FE3868FFF7CAFC00282ED1284607B04A
:106FD000F0BD1C4A029205AA019204AA03900092F5
:106FE000174919481A46FFF7A1FF03460028D4D1D4
:106FF00028461D46059B04999C42224628BF1A46F6
:1070000032600831FFF786FC0120FFF7CFFC002833
:10701000CAD00E48FEF78EFDC6E70D48FEF78AFD82
:10702000B6E70C48FEF786FDADE70B48FEF782FD9C
:10703000284607B0F0BD4FF0FF35C7E7CC0D002064
:10704000085801203058012004580120F01E070084
:10705000D01E0700B81E0700481F070010B50446E1
:1070600030B1002201236265A265E365236610BD8D
:107070000148FEF75FFDF4E7601F070018B17422B6
:107080000021FFF749BC704790B1A1B110B5802A2B
:107090004FF00004846380F83C4006D11022046362
:1070A0001044FFF737FC204610BD6FF01F0010BDE5
:1070B0006FF0210070476FF01F00704728B322B3B4
:1070C0001BB3012921D870B50446816B86B017D057
:1070D000012917D1102500210DEB0506616310462B
:1070E0000095019602AA294600F0C2FA50B92B4633
:1070F000324602A9204600F043FD18B906B070BD23
:107100000029E7D06FF02100F8E76FF02100704709
:1071100010B5044628B12046F421BDE81040FFF721
:10712000FDBB0448FEF706FD2046F421BDE81040F3
:10713000FFF7F4BB741F070010B1F421FEF712BE75
:10714000704700BF08B521B1012908D06FF03600A3
:1071500008BD012100F058F80028F7D108BD022130
:1071600000F052F80028F9D0F0E700BF30B505462E
:107170008818B0F5801FA1B00B46144601D8802AAC
:107180000CD9B3F5801F17D922461946284600F0BE
:107190007DF8044684B9204621B030BD6846FFF72B
:1071A000B9FB22466946284600F070F88021044663
:1071B0006846FFF7B3FBEDE76FF03604EBE700BF7F
:1071C00070B5E8B10E46D9B1044600F031F8054675
:1071D000B0B92368012B0BD0022B01D0284670BD1B
:1071E0001C2204F108013046FFF794FB284670BDCD
:1071F000202204F108013046FFF78CFB284670BDC1
:107200006FF03605EAE700BF78B138B504460D46A1
:10721000F021FFF783FB40232560E365204600F063
:107220005BFA003818BF012038BD0120704700BF4D
:1072300070B5056EA4B0044604AEE5B90122002382
:1072400062603046CDE9003302AA294600F010FA08
:1072500010B1012024B070BD2A4602A9204600F0DA
:1072600063FA0028F5D1204600F074FB0028F0D125
:10727000206624B070BD802D2A4600F1640128BF2D
:1072800080223046FFF746FB256ED7E7002800F046
:10729000AE802DE9F04F1446A5B0002A3DD00F4630
:1072A000002949D0B2F5803F0546006E20D34FF645
:1072B000FF7805F1640AEB6D1A1AB2FBF3F103FBD8
:1072C0001122002A65D18342B9464FF6FF7672D06B
:1072D000B6FBF3FB03FB0BFBBBF1000F30D1002E21
:1072E00045D1A4F57F44FF3CB4F5803F4744E2D24A
:1072F000EA6D161AB6FBF2F302FB1366A64228BF2C
:107300002646002E75D1824200F08D80B4FBF2F645
:1073100002FB06F62EB9002C79D1002025B0BDE87D
:10732000F08F0023CDE9003302AA3146384600F041
:107330009FF9002800F09580012025B0BDE8F08F6E
:107340000023CDE9003302AA5946484600F090F9DF
:107350000028F1D102A95A46284600F0E5F9002894
:10736000EAD1A6EB0B06286ED944002EB9D019300D
:10737000494605EB80003246FFF7CCFAA4F57F447E
:10738000286EFF3C3044B4F5803F4744286692D2D3
:10739000AEE7424528BF4246504439461646FFF7FD
:1073A000B9FA286EEB6D3044834207EB0609286674
:1073B000A8EB06068CD1802B28BF80231A465146A5
:1073C00004A8FFF7A7FA0023CDE9003302AAE96D6C
:1073D00004A800F04DF90028AED1EA6D02A92846B4
:1073E00000F0A2F90028A7D1EB6D286670E7012014
:1073F000704705F16403394632461844FFF78AFAAC
:10740000286EEA6D3044A41B374428667BE72B6E58
:10741000193305EB830022463946FFF77BFA2B6EC2
:1074200023442B6679E7802A28BF802205F1640176
:1074300004A8FFF76FFA0023CDE9003304A8E96D33
:1074400002AA00F015F900287FF476AFEA6D02A9D0
:10745000284600F069F900287FF46EAFEA6D2866CF
:1074600054E702A93246284600F05EF900287FF46E
:1074700063AF3744A41B4EE7F8B51C4605461148D8
:107480000E461746FFF744FE21460E48FFF75AFE08
:10749000044620B10B48FFF74FFE2046F8BD0948CF
:1074A00032462946FFF762FE04460028F2D13946EB
:1074B0000448FFF785FE04460248FFF73DFE2046DC
:1074C000F8BD00BF505A012030B583B01C2301A97C
:1074D0000546019300F032F8044638B9019B1C2B95
:1074E00007D0144C1C212846FFF718FA204603B099
:1074F00030BDD5E90112131E18BF012300392A68D7
:1075000018BF01219B0043EA4103002A18BF43F042
:107510000103EA680120E8612AB9C5E90834002BB3
:10752000E4D1054CDEE743F008032046C5E9083402
:1075300003B030BD370CF0000E0CF00018B111B1E3
:107540000B681C2B01D0012070474FF08053D3F8FB
:10755000102C013214BFD3F8102C41F25C224FF0F2
:1075600080530260D3F8142C013214BFD3F8142CCA
:1075700041F664124FF080534260D3F8182C013268
:1075800014BFD3F8182C40F6D8624FF080538260B5
:10759000D3F81C2C013214BFD3F81C2C41F28832D2
:1075A0004FF08053C260D3F8002C013214BFD3F8DF
:1075B000002C90224FF080530261D3F8042C01324A
:1075C00014BFD3F8042C51224FF080534261D3F8FA
:1075D000082C013214BFD3F8083C40F237338361E2
:1075E0000020704708B501464FF48060FFF71EF990
:1075F000034B0022C3F8C821C3F82C2108BD00BFEB
:1076000000B002500138072805D8DFE800F0100E5E
:10761000040A0404040607487047CB684B62002044
:1076200070478B684B62002070474B68F6E70B6829
:10763000F4E700BF310CF1000B6802E0082B0B608F
:1076400006D8026A13424FEA4303F7D0002070477E
:1076500000487047310CF100044B0022C3F82C2184
:107660004FF48060C3F8C421FFF7C6B800B00250E1
:10767000F0B583B01D46B0F1005F4FF000038DF808
:10768000073024D38C468444BCF1804F04461ED876
:1076900017460DF10703012200F064FE0646B0B95B
:1076A000099A9DF807303C603B7192B14DB102469A
:1076B00008990DF10703284600F054FE38B99DF8EB
:1076C0000730099A30461560137103B0F0BD4FF4CE
:1076D0007506304603B0F0BDD8B108B50368012B7C
:1076E00004D0022B0FD043B10B4808BD0B49202218
:1076F0000830FFF70FF9002008BD094914220830AF
:10770000FFF708F9F7E7074920220830FFF702F9E9
:10771000F1E74FF4730070470100F300841F070086
:10772000C41F0700A41F07002DE9F843002900F03B
:10773000F9800446002800F0F980036890460F465F
:10774000002B00F0C380013B012B00F2D780794869
:107750004FF0FF314FF00209FFF7F8F8002840F032
:10776000BF800020FFF722F90646002840F0C280C3
:10777000714AD2F81C39002BFBD16F4DD5F8203C53
:10778000002BFBD14FF0FF30FFF736F8D5F8040A95
:1077900020F04000FFF73EF801230722C5F8183813
:1077A000C5F80029C5F8C437A36CC5F8CC37E36C1D
:1077B000C5F8D037C5F8C09723685BB1013B012BF2
:1077C00018D8636AC5F85C36236AC5F85836E36989
:1077D000C5F85436584BA269C3F850266269C3F8FD
:1077E0004C262269C3F84826E268C3F84426A268FA
:1077F000C3F84026504AD2F81039002BFBD1B8F11B
:10780000000F5FD06368012B08BFC2F884364A4B73
:107810003A68C3F8282C4020C3F82C8CFFF700F8F6
:107820000646454AD2F81039002BFBD1424AD2F81D
:10783000203C002BFBD123685BB1013B012B18D806
:10784000D2F85C366362D2F858362362D2F85436E6
:10785000E361394BD3F85026A261D3F84C2662611C
:10786000D3F848262261D3F84426E260D3F84036A4
:10787000A360314AD2F8CC17A164D2F8D017E164E2
:1078800000230121C2F8C417C2F88436C2F8C837F1
:10789000D2F81039002BFBD1C2F81838002E3BD19A
:1078A000254BD3F8040A40F04000FEF7B3FF012057
:1078B000FFF77CF860BB1F48FFF750F810BB30465D
:1078C000BDE8F8830423C2F8C837AAE719484FF087
:1078D000FF314FF00109FFF739F800283FF441AFBD
:1078E0001648FEF727F90020FFF760F80646002843
:1078F0003FF43EAF1248FEF71DF939E7114E30460E
:10790000BDE8F8831048FEF715F93046BDE8F88366
:107910000E48FEF70FF9CEE7102104F10800FEF73C
:10792000FDFFBDE70A4E3046BDE8F8834FF473060D
:10793000C5E700BFDC0D002000B00250B81E0700F4
:10794000D01E07000100F300101F0700F01E070003
:107950000300F30098B370B4D0E90241D0E90423E6
:1079600026BA0DBA14BA19BAD0E9062312BAC0E978
:1079700004418261D0E90842C0E902651BBA25BA18
:10798000C0E9073514BAD0E90B23816A12BA09BAE3
:10799000C0E90941C262D0E90D421BBA25BAC0E96B
:1079A0000C3514BAD0E91023C16B12BA09BA1BBA4C
:1079B000C0E90E41C0E91023002070BC70474FF4AD
:1079C00073007047002847D090F83C30002B34D02B
:1079D000032B10B513D02248224C2268224B126888
:1079E000C3F8002422685268C3F80424226892680D
:1079F000C3F808242268D268C3F80C2410BD016BB8
:107A0000006C184C00F0A8FB0028E6D12268164B49
:107A10001268C3F8002422685268C3F8042422685C
:107A20009268C3F808242268D268C3F80C2400F0D6
:107A3000A1FB0028D1D1002010BD0B4B0269C3F877
:107A400000244269C3F804248269C3F80824C26987
:107A5000C3F80C24002070474FF47100704700BF3A
:107A60000900F100C80D002000B00250374A38B5B7
:107A70000446D2F81039002BFBD1344AD2F87034C6
:107A8000002BFBD1314AD2F8203D002BFBD12F4AED
:107A9000D2F8203C002BFBD12C4AD2F8383D002BE9
:107AA000FBD12A4DD5F8383C002BFBD14FF0FF30ED
:107AB000FEF7A2FE636BD5F8040A23F00403032B40
:107AC000E36D39D0012B0CBF20F0800020F02000A6
:107AD000FEF7A0FE1D4A0123C2F80039D2F8103982
:107AE000002BFBD1194AD2F87034002BFBD1174977
:107AF000C2F8BC34D1F81039002BFBD1134AD2F8AC
:107B00007034002BFBD1626B22F00401032918BFF3
:107B1000A36B0E494FEA820218BF03F0010302F083
:107B20001C021A43C1F8C024636B072B04BF012356
:107B3000C1F87C34002038BD012B0CBF20F0400080
:107B400020F01000FEF766FEC4E700BF00B0025050
:107B5000094A0A4B11680968C3F80014116849689A
:107B6000C3F8041411688968C3F808141268D2684D
:107B7000C3F80C24704700BFC80D002000B00250AD
:107B80002DE9F04F85B0002900F0EC809046002AE6
:107B900000F0E8800546002800F029819946C36D71
:107BA0000E46002B52D1B9F5805F54D295F83C3087
:107BB000042B00F0FF800027AD484FF0FF31FEF7A7
:107BC000C5FE002840F0D5800020FEF7EFFE00281B
:107BD00040F0D880A7480123C0F81038D0F81049E9
:107BE000002CFBD16B6B032B3ADC002B3BDAA24C55
:107BF000A04AD2F81039002BFBD1002F40F0D180E1
:107C00006B6BEA6D23F00403032B9A4BD3F8040A41
:107C100000F09F80012A0CBF40F0800040F020005F
:107C2000FEF7F8FD934B0022C3F810280120FEF761
:107C3000BDFE002840F0B1808D48FEF78FFE002881
:107C400040F0A480204605B0BDE8F08F012BADD1F7
:107C5000B9F5803FAAD3894C204605B0BDE8F08F26
:107C6000063B012BC3D8AB6B012B00F2BE80EB6D42
:107C7000012B7CD82B6E012B00F2E8802846FFF701
:107C8000F5FE04460028B3D12846FFF79BFE0446C4
:107C90000028ADD16B6B072BA9D801229A4012F0B6
:107CA0008A0F40F0D58012F0440F40F0BA80D2071E
:107CB0009DD523F00403032B32680DD02B6ED8F82A
:107CC0000010012B6B4B0BBFC3F8281DC3F8301DF0
:107CD000C3F82C9DC3F8349DEB6D012B654B0BBF96
:107CE000C3F8282CC3F8302CC3F82C9CC3F8349C60
:107CF0006B6B23F00403032B00F0A2802B6E012B8F
:107D000014BF20208020FEF78BFD044600287FF45E
:107D10006FAF584BD3F81049002CFBD1696B072982
:107D200014D801228A4012F08A0F40F0BB8012F072
:107D3000440F0BD0D3F860242A60D3F864246A601F
:107D4000D3F86824AA60D3F86C34EB600123AB65E8
:107D50004EE7012A0CBF40F0400040F01000FEF753
:107D600059FD5FE7464C204605B0BDE8F08F454C15
:107D70003EE74548FDF7DEFE0020FEF717FE00282F
:107D80003FF428AF4148FDF7D5FE23E74048FDF713
:107D9000D1FE204605B0BDE8F08F3E48FDF7CAFE93
:107DA0004AE7042385F83C30202105F11000FEF756
:107DB000B5FD25E7296B286C00F0C0F998B9364F5E
:107DC0002C4C3B681B68C4F800343B685B68C4F803
:107DD00004343B689B68C4F808343B68DB68C4F82B
:107DE0000C34296B31B10127E6E62C4C00E74FF447
:107DF000710427E72B6D0193EB6C009305F1100ADA
:107E00004FF0100BCDF808A0CDF80CB0D5E9112338
:107E1000286C00F0B9F9002851D1002385F83C30D6
:107E2000E1E7144B2A68C3F860246A68C3F8642445
:107E3000AA68C3F86824EA68C3F86C246B6B38E757
:107E4000EB6D012B14BF102040205CE7144CCFE6F3
:107E5000084B2A68C3F840246A68C3F84424AA6817
:107E6000C3F84824EA68C3F84C246B6B21E700BFD1
:107E7000DC0D002000B002500100F1000500F1000F
:107E80000B00F1000300F100B81E0700D01E070030
:107E9000101F0700F01E0700C80D00200200F100AF
:107EA0000400F100D3F840242A60D3F844246A6027
:107EB000D3F84824AA60D3F84C34EB6046E73B681B
:107EC0001B68C4F800343B685B68C4F804343B6842
:107ED0009B68C4F808343B68DB68C4F80C34594626
:107EE0005046FEF71BFD98E72DE9F04109B302B3B8
:107EF0000446002800F0AF801D46436B072B0E465A
:107F00001BD05DB9032B10D1836D73B900F16403ED
:107F100045668566C56605670B6010252B463146AC
:107F20002046BDE8F041FFF72BBE2F463846BDE89E
:107F3000F081764F3846BDE8F081C36D002B40F0EC
:107F40008D80B5F5805F80F090801DB9A36D002B0A
:107F500040F08B806E484FF0FF31FEF7F7FC0028B1
:107F600040F08F800020FEF721FD002840F0858042
:107F7000684A0123C2F81038D2F81039002BFBD11F
:107F8000636B032B4FDD063B012B4ED8A36B012BFC
:107F90006DD8E36D012B78D8236E012B77D820465E
:107FA000FFF764FD0746002840D12046FFF70AFD91
:107FB000074600283AD1626B072A36D8012393403E
:107FC00013F08A0F40F0818013F0440F6FD1DB076C
:107FD0002BD5504B0122C3F87C24C3F8BC54316824
:107FE000002D56D1A16D09B9C3F82425494BD3F80A
:107FF0001079002FFBD1616B072917D801228A4025
:1080000012F08A0F6FD112F0440F0FD0D3F8602412
:108010002260D3F864246260D3F86824A260D3F8A5
:108020006C34E36002E0002BB0DA3B4F394AD2F8FF
:108030001039002BFBD1C2F810380120FEF7B6FC36
:10804000B8B93348FEF78AFC00283FF46FAF3348D5
:10805000FDF770FD6AE74FF4710767E7012B7FF4C6
:1080600074AFB5F5803FFFF470AF2D4F5EE72D4F35
:10807000DCE72D48FDF75EFDE3E72C48FDF75AFDF0
:1080800076E72B48FDF756FD6CE72A4FCEE72A4FDF
:10809000CCE7E26D012A33D0C3F8301C1020C3F8BE
:1080A000345CFEF7BDFB074600289FD0BEE7194BA6
:1080B0002268C3F860246268C3F86424A268C3F825
:1080C0006824E268C3F86C2483E7124B2268C3F883
:1080D00040246268C3F84424A268C3F84824E268D4
:1080E000C3F84C2475E7D3F840242260D3F8442425
:1080F0006260D3F84824A260D3F84C34E36095E77B
:10810000C3F8281C4020C3F82C5CCAE70B00F10020
:10811000DC0D002000B002500100F100101F07002C
:108120000500F1000200F100F01E0700D01E07005C
:10813000B81E07000300F1000400F10029B9044B48
:10814000002814BF1846002070470248704700BF3F
:108150000100F7000300F70029B9044B002814BF01
:108160001846002070470248704700BF0100F70022
:108170000300F700034B00200122C3F8380AC3F8BC
:108180007824704700B002502DE9F047CCB00024AD
:10819000579DDDF85881824689461646214674224D
:1081A0000EA81F4610F032FC802221462CA82B94EA
:1081B00010F02CFC8423B5F57F6FCDE90A44CDE99E
:1081C0000C44059363D8FFF7C3FC05AB30462BAED8
:1081D00001930295DDE954233946009600F062F8D8
:1081E00000284FD103238DF813309DF813308DF8FC
:1081F0007430072300221C9010210EA81B93012429
:108200000123CDE92423CDF86890CDF878A02694F9
:108210000DF12009FEF782FB102200920599CDF89E
:1082200004900AAB304606AAFFF722FA074670B15F
:108230001DE00EA908EB0700FEF76CFB10210EA84D
:10824000FEF76CFB0134AD1B3744E4B224D0102D93
:108250004A46059B8DF8AC4006A90EA82E4628BFBD
:108260001026FFF741FE32460028E2D007460EA84E
:1082700074220021FEF750FBFFF76AFC38464CB031
:10828000BDE8F087054F38464CB0BDE8F087044F95
:1082900038464CB0BDE8F0872F46E8E70E00F10005
:1082A0000F00F1002DE9F04182B01E460A9D002327
:1082B000B5F57F6F01933ED8ED00B5F5807F174689
:1082C00001F1FF3234BF032304233F2A0C460093FD
:1082D00031D880B366BB089A6AB3099A116851B362
:1082E000A2191344994226D3089B01462246581CE2
:1082F000FEF710FB089B04F102081C440023637086
:1083000026BB089B0095FF2D03EB080017D92B0215
:108310009BB243EA1523022201A90193FEF7FAFA60
:1083200008F10203099A0020136002B0BDE8F08151
:108330000FB1402ECFD90A4802B0BDE8F08101222A
:108340006946FEF7E7FA08F10103EBE7089B3246BE
:1083500003EB08003946FEF7DDFAB044D1E700BF71
:108360000600008000201870704700BF0CB430B5C4
:1083700089B005460C461C22002101A810F046FBDE
:1083800002238DF806300E4B0293059523462CB13F
:10839000B4F1004F28BF4FF00043013B1D440DAA2C
:1083A0000C99069501A8009200F00CF814B1059BF9
:1083B00000221A7009B0BDE8304002B0704700BF1B
:1083C0001D8A06002DE9F04F8DB043680293837833
:1083D00015469A07804640F10D8100240E78002E44
:1083E00000F00A81252E0BD04B1C03930134029B15
:1083F0004146304698470028C0F2F6800399EDE7E1
:108400004E788B1C252E0393F0D00027B946BB462F
:10841000BBF11F0F38D8A6F12003102B0AD8DFE8D4
:1084200003F02A0909300909092109090928092D38
:1084300009091F00A6F13003092B33D92A2E37D1A1
:108440001BF0400F55F8043B40F08280002BA7BF83
:108450004BF0200B9946C3F100094BF0280B01E0CB
:108460004BF0010B039B13F8016B0393002ECFD14C
:1084700030E04BF0020B4BF0040BF3E74BF0080B32
:10848000F0E74BF0100BEDE7BBF17F0F19D8A6F129
:108490003003092BD2D81BF0400F03D00A2101FB77
:1084A0000737DFE70A2101FB09394BF0200BD9E739
:1084B0002E2E06D11BF0400F40F09E804BF0400B5B
:1084C000D0E76C2E31D02BD8682E36D06A2E3CD017
:1084D0004C2E3AD0002F46F02003B8BF2BF04002BC
:1084E000A3F16501BCBF1FFA82FB0027022901D955
:1084F000612B2FD1073525F00705DFF8ACA2083531
:1085000007271BF0080F66D00AEB070B56465E459F
:1085100063D1A4EB0A0A06EB0A02A9EB07096FE193
:10852000742E9FD07A2E9DD0D4E71BF0800F18BFF9
:108530004BF4007B4BF0800B94E71BF4807F18BF5B
:108540004BF4007B4BF4807B8CE74BF4207B89E77A
:108550001F4687E7A6F16301122900F2F080DFE8E9
:1085600011F013004F00EE00EE00EE00EE004F00A1
:10857000EE00EE00EE00EE00EE00FE00E900EE0080
:10858000EE001B00EE00AF0055F8043B8DF81830EC
:1085900001270DF1180AB4E755F804AB834BBAF183
:1085A000000F08BF9A461BF0400F14BF39464FF02A
:1085B000FF31504610F09FF90746A2E7029B414663
:1085C0002020984700280FDB013EB742F6D34C44E9
:1085D000A41BB14698E74E46F7E716F8010B029B3D
:1085E00041469847002892DA98F8023043F0040395
:1085F00088F802304FF0FF3420460DB0BDE8F08F10
:108600001BF0800F34D01BF4007F2CD0073525F0F1
:108610000705AA4669685AF8080B2BF010050029CF
:10862000ADB237DA404261EB410145F480650DF1AE
:10863000180B0A235A4610F06AF9A0EB0B030193BA
:108640006B0662D5019B25F001019F4289B240F380
:10865000A180002E00F0998015F0100240F09C805F
:10866000BB460D4623E0AA465AF8040BC117D4E7CF
:10867000AA461BF4807F5AF8041B01D10846F5E78F
:108680001BF4007F15BF48B208B241F3C01141F39B
:10869000C031C2E750EA0103C9D11BF0400FC6D078
:1086A000002FC4D12BF0110295B2BB46019740F2C6
:1086B000064115EA01021CBF0BF1010B00222CE060
:1086C0002BF010021FFA82FB0A231BF0800C49D00A
:1086D0001BF400711DBF073525F00705AA46AA4601
:1086E0001ABF5AF8080B69685AF8040B50EA0105DA
:1086F00045D12BF016051BF0400FADB242D0002F34
:1087000040D12BF0170295B2019715F0100248D016
:10871000019B002E42D103F1010B29075AD4EB072C
:1087200006D5D9456FDD0199A9EB0B035F18CB4640
:108730005B4649E04BF0100B10237826C5E7782BF9
:1087400004D1C6F1780343F01003BEE7029B414613
:10875000252098470028FFF647AF023447E6082354
:108760000026B2E7AA461BF480715AF8040BBDD06C
:108770001BF400711ABFC0B2614680B2B6E72BF09D
:10878000060295B20DF1180B54E725F01105ADB2B4
:10879000BB468CE70D46B8E73B460D4603F1020B9E
:1087A000BBE7DDF804B082E7422107003B21070068
:1087B000CDE904324146029B202098470028FFF66D
:1087C00013AF049B059A01339945F1DCA4EB0B012F
:1087D000CC189B460AB3029B41463020984700289C
:1087E000FFF602AF8EB901342744019B391B994231
:1087F00024DC1D465DBB019AA9EB0B0922445546BA
:108800001446914435E0019F92E7023441463046D8
:10881000029B98470028E7DAE6E640F206410D425F
:10882000E2D015F0020F14BF2B20202015F4806F2A
:1088300004F10104414618BF2D20E9E7029B41469F
:1088400030209847002804F10104CEDACCE606ABCC
:10885000013D4146585D029B98470028CADAC3E6AD
:10886000029B414620209847002804F10104FFF6AE
:10887000BBAEA9EB0403002BF2DCBFE5704738B5B3
:108880000C46056983685B68984718B923682A68AD
:108890005340236038BD10B582B00C4601A9FFF7E4
:1088A000EEFF30B90123A340019A134214BF012007
:1088B000002002B010BD10B586B00BAC0594039437
:1088C0000A9C0294099C0194089C009405F0E1FC28
:1088D00006B010BD08B520EAE070C117C90341EA2F
:1088E0005041C00340F2E733C0184FF47A724FF0A2
:1088F000000341F10001CEF7F7FEFCF7BFF908BD18
:1089000008B50120DFF714FA4FF41670FFF7E2FF05
:108910000020DFF70DFAC820FFF7DCFF0120DFF7AA
:1089200011FA4FF41670FFF7D5FF0020DFF70AFAAF
:10893000C820FFF7CFFF0120DFF70EFA4FF41670C3
:10894000FFF7C8FF0020DFF707FAC820FFF7C2FFD4
:108950000120DFF7EDF90120DFF7F4F90120DFF75F
:10896000FBF94FF41670FFF7B5FF0020DFF7E0F9D1
:108970000020DFF7E7F90020DFF7EEF908BD7047C8
:1089800010B586B014248DF814400124029405AC6F
:108990000194BDF82040009409F052FA06B010BDD1
:1089A00010B584B0002402940194BDF818400094DE
:1089B00009F046FA04B010BD10B586B0002400944A
:1089C0000194029403940494059401910292ADF8E9
:1089D0000C306946F2F77EFD06B010BD10B586B0CA
:1089E0000BAC059403940A9C0294099C0194089C86
:1089F000009405F04EFC06B010BD08B520EAE0700A
:108A0000C117C90341EA5041C00340F2E733C0181F
:108A10004FF47A724FF0000341F10001CEF764FE8B
:108A2000FCF72CF908BD38B505460C4603E02120BB
:108A30000021FCF723F921462846DEF713FE002823
:108A4000F5D0002038BD00B583B00023019300931A
:108A500001221146DEF794FF03B05DF804FB10B568
:108A600086B00BAC059403940A9C0294099C019473
:108A7000089C009405F00DFC06B010BD38B51346F7
:108A80008568046912F4801F07D012F4402F04D0C7
:108A900012F0010F01D082F4402323F4801213F06E
:108AA000010F0AD023684FF0010C0CFA01FC43EAD5
:108AB0000C0323602B68984738BD23684FF0010CE6
:108AC0000CFA01FC23EA0C032360F3E708B5034624
:108AD0008C4600681979DA8842EA0C02FFF7CEFF6B
:108AE00008BD08B532B1012303FA01F18368DB68E0
:108AF000984708BD012303FA01F183681B69984771
:108B0000F7E710B503691C6801238B401C4202D0B3
:108B1000B2FA82F25209FFF7E4FF10BD10B586B039
:108B20000BAC059403940A9C0294099C0194089C44
:108B3000009405F0AEFB06B010BD10B586B00BACCE
:108B4000059403940A9C0294099C0194089C009447
:108B500005F09FFB06B010BD38B513468568046963
:108B600012F4801F07D012F4402F04D012F0010F2E
:108B700001D082F4402323F4801213F0010F0AD0B5
:108B800023684FF0010C0CFA01FC43EA0C0323604C
:108B90002B68984738BD23684FF0010C0CFA01FC94
:108BA00023EA0C032360F3E708B532B1012303FA8B
:108BB00001F18368DB68984708BD012303FA01F1DE
:108BC00083681B699847F7E710B503691C680123A0
:108BD0008B401C4202D0B2FA82F25209FFF7E4FF46
:108BE00010BD10B586B00BAC059403940A9C02949A
:108BF000099C0194089C009405F04BFB06B010BD45
:108C000030B583B08446084615461C461B680CFBED
:108C100003F3019301A9F4F74BFE10B9019B2B411B
:108C2000236003B030BD38B513468568046912F47B
:108C3000801F07D012F4402F04D012F0010F01D092
:108C400082F4402323F4801213F0010F0AD023682A
:108C50004FF0010C0CFA01FC43EA0C0323602B6873
:108C6000984738BD23684FF0010C0CFA01FC23EA49
:108C70000C032360F3E708B503468C4600681979B6
:108C8000DA8842EA0C02FFF7CEFF08BD08B532B120
:108C9000012303FA01F18368DB68984708BD0123CB
:108CA00003FA01F183681B699847F7E710B5036978
:108CB0001C6801238B401C4202D0B2FA82F2520996
:108CC000FFF7E4FF10BD10B586B00BAC059403941C
:108CD0000A9C0294099C0194089C009405F0D9FA1E
:108CE00006B010BD38B513468568046912F4801FBC
:108CF00007D012F4402F04D012F0010F01D082F4FB
:108D0000402323F4801213F0010F0AD023684FF0A0
:108D1000010C0CFA01FC43EA0C0323602B68984712
:108D200038BD23684FF0010C0CFA01FC23EA0C0358
:108D30002360F3E708B503468C4600681979DA88A2
:108D400042EA0C02FFF7CEFF08BD08B520EAE0704A
:108D5000C117C90341EA5041C00340F2E733C018CC
:108D60004FF47A724FF0000341F10001CEF7BCFCE2
:108D7000FBF784FF08BD10B586B00BAC05940394D7
:108D80000A9C0294099C0194089C009405F081FAC5
:108D900006B010BD10B5DFF789FC38B104460FF0FE
:108DA0006CFD2046DFF710FC002010BD4FF0FF30B7
:108DB000FBE710B586B00BAC059403940A9C0294B3
:108DC000099C0194089C009405F063FA06B010BD5C
:108DD00008B520EAE070C117C90341EA5041C00359
:108DE00040F2E733C0184FF47A724FF0000341F1BC
:108DF0000001CEF779FCFBF741FF08BD10B586B046
:108E00000024009401940294039404940594019125
:108E10000292ADF80C306946F2F75CFB06B010BD6B
:108E200030B5C56D846D806802FB0000084434F9DC
:108E30001020AC18A85C03F1FF3E0023194601E0A6
:108E400013460131052908DC1A180132521014F8B2
:108E500002C0F445F4DB1046F3E74BB1E15CAEEB46
:108E60000101225CA2EB0E02914200DC184630BDEB
:108E70004FF0FF31F3E730B4C46D856D806802FBBD
:108E80000000084435F91020184613B11444E05C82
:108E9000013030BC704770B500242546A4460BE075
:108EA00030F91CE031F91C601EFB065532F91C60DC
:108EB0001EFB06440CF1010C9C45F1DB049B1D607C
:108EC000059B1C6070BD10B504460020034606E0FB
:108ED00034F913C031F913E01CFB0E000133934247
:108EE000F6DB10BD4FF0000C94451BDA10B530F9DD
:108EF0001CE045F6822313FB0EFE31F91C4013FBE8
:108F000004F30EEB030444F3CF3420F81C40A3EB2E
:108F10000E0343F3CF3321F81C300CF1010C9445C0
:108F2000E5DB10BD704708B5002802DBE0F786FAE4
:108F300008BD4042E0F782FA4042F9E72DE9F041EE
:108F40000C461546069F079E82683A4453F8221045
:108F500053F827200B469142B8BF1346002B26DD5D
:108F6000B3FA83F3C3F11F031846A3F10D07002FD3
:108F70001FDD42FA07F80FFA88F8002F20DD41FACA
:108F800007F73FB218FB08F3013317FB07F018444B
:108F900002F068FE013000B24FEA883292FBF0F234
:108FA00012B2B90391FBF0F109B200231AE00023D9
:108FB000DAE7C3F10D0302FA03F80FFA88F8DCE7E9
:108FC000C0F10D0081400FB2DCE734F913C035F970
:108FD000130012FB0CFC11FB00C040F38F3024F88F
:108FE00013000133B342F0DBBDE8F081F8B58E46E3
:108FF000154606998269581C32F9100032F913C0DF
:10900000A0EB0C0C01FB0CFC023332F913301B1AE1
:1090100001FB03F34FEA4C06C3EB4C014F00A3EBFB
:109020000C035C0022460EEB41010EEB4C000FF0EE
:10903000C5FC079B03B9F8BD2246E919A8190FF032
:10904000BDFCF8E710B58646029C002000E0013028
:10905000984203DA31F910C0F445F8DDA04207DD8B
:1090600031F9143032F914C063449E4500DA2046C9
:10907000A0420ADA04F10043013B31F9131032F93E
:109080001330CB1A9E4500DD204610BD2DE9F04F70
:1090900097B006460C4692460F93DDF88880BDF9DE
:1090A0008CB003680A938768D0F80C9043690B93DF
:1090B000C3690C93F96DBA6DBB6808FB03334B446D
:1090C00032F91330CA18B8F1FF3F00F0F680CB5CDC
:1090D000D35C0C330F9A934280F2EF80BAF1020F07
:1090E00040F3EB804FEA6A0309932AF0010A04EB8C
:1090F0000A030B9308F1FF330A93209B012B00F026
:109100008680209B03F101084FEA680824AB069390
:10911000002305930A9D0495209B0393CDF80880B6
:109120000FAB0193099B00930B9B224610A930467D
:10913000E0F79EFB139B14980E90159ABDF944100E
:109140000C91BDF948100D91209901290ADDC0F359
:109150000D0139B1B0F5005F60DDC5F1040143FADE
:1091600001F15B1A0F9FFB1A03EBD3756D10BD4223
:10917000A8BF3D4625EAE5757F1B336AA3EB0209CC
:10918000C6F82090219B002B52D09A44BD4252DB5E
:109190000C9B1BFB03F303F58043249A049243F3D7
:1091A000CF3303930A9B0293219B0193CDF8008058
:1091B0002B46099A21463046FFF768FF0446336A7A
:1091C000A9EB0303EB1A182B03DD0E9A0AB1183B27
:1091D0001F440D9B1BFB03F303F58043249A42FAC3
:1091E00008F2049243F3CF3303930A9B0293CDF822
:1091F00004A0CDF800803B46099A0B993046FFF752
:1092000045FF209B5B1000FA03F7274395E0249A63
:1092100002F0010343EA4203249372E70999C9006B
:109220000A98C0F1050001410B4403EAE37399E792
:10923000DDF884A0AAE70D9B1BFB03F303F5804335
:10924000249A42FA08F2049243F3CF3303930A9B21
:109250000293CDF804A0CDF800803B46099A0B9903
:109260003046FFF713FF209B5B1000FA03FA336AC6
:10927000A9EB0309A7EB0907182F05DD0E9BB3F532
:10928000804F01D0183F3D440C9B1BFB03F303F5BB
:109290008043249A049243F3CF3303930A9B0293AF
:1092A000219B0193CDF800802B46099A2146304638
:1092B000FFF7ECFE4AEA00073FE00F9B42464946B3
:1092C0003846FFF7ADFD0546034642464946384657
:1092D000FFF7D1FD336A1B1A336209940AE0044494
:1092E0003462013D2B46424649463846FFF7C3FDEE
:1092F000241A3462346A002C01DA002DEFDC099C58
:109300006DB3072D06DD05F007030833ED10013DB1
:1093100003FA05F50A9BA3B1F36A049373680393F8
:10932000CDF808B00C9B0193209B00930B9B2A4621
:109330005146204604F02EF90746384617B0BDE8DE
:10934000F08FCDF808B00C9B0193209B00930B9BF2
:109350002A465146204604F065F90746EDE7736852
:10936000002B39D00127209B9F40013F249B3B408D
:1093700024931BB1219B8BB1219F19E04FEA4A0234
:10938000002120460FF042FB0027D6E7B06AE0F745
:109390000DFAB062001524F8150001355545F5DBCE
:1093A00013E0042237F81530134424F81530013542
:1093B000554509DAB06AE0F7F9F9B06210F4004FE8
:1093C000EFD16FF00302EDE7249FF36A5A4651464E
:1093D000204604F05AF9B0E70027AEE72DE9F04F38
:1093E00087B080460D4605920293119E83690393D0
:1093F000436AB34004934FF0000A7CE00BEB030197
:1094000055F821108A42B8BF0A468842A8BF0846CC
:1094100001339C42F2DC40428242B8BF0246002A3D
:109420005BDDB2FA82F2C2F11104D8F83030019A51
:109430009B5E06EBE303013304EB6304002C35DD94
:1094400000200EEB0C0355F82330234113FB0300DF
:109450000CF1010C09FA06F36345F2DC002C35DB54
:1094600002F000FC00FA04F30133D8F808200AFBEC
:109470000272059941F822300137029B9F4235DA8A
:10948000049B03FB0AFE7B000193039A32F9174009
:1094900004FA06FC0EEB0C0B7B1C32F91390A9EBC3
:1094A0000404B440002002460346B2E700200EEB5D
:1094B0000C0355F823306242934013FB03000CF178
:1094C000010C09FA06F36345F1DCC7E702F0CAFBB9
:1094D000644240FA04F30133C7E7D8F808300AFBC6
:1094E00003730122059941F82320C5E70AF1010A17
:1094F000109B9A4501DA0027BFE707B0BDE8F08F5F
:109500002DE9F04F85B00290894693460393109F52
:10951000D0F81880456A07FB05F5002454E00023C5
:109520003CE0C3F10D03984000B23EE005FB04238C
:1095300059F82330AAF10E0C43FA0CF31BB213FBBB
:1095400000F3DB1305FB042C2BF81C3001324B1C01
:1095500038F9133007FB03F393420BDD012EE5DCF2
:1095600005FB042359F82330C6F1010C03FA0CF370
:109570001BB2E4E7019B013301930E9A93421FDA79
:10958000029B9B68019A04FB0323039A52F8230071
:109590000028C4DDB0FA80F3C3F11F039A46A3F19B
:1095A0000D06002EBDDD304100B2C00002F09EFB72
:1095B00000B2019B194638F9132007FB02F2CDE7F0
:1095C00001340F9B9C4202DA00230193D8E705B0D7
:1095D000BDE8F08F2DE9F04F8BB0039015461C4687
:1095E000DDF85C90199F8669436A07FB03FA36F938
:1095F000193009F10042013A36F912209B1A07FB93
:1096000003F3082B40F3BD808B464FF00008CDF8E4
:109610000880CDF80480CDF800800495059464E0BE
:109620007F2B02DC099B013309930132A24214DA39
:1096300031F9123013FB03F343F3CF3313FB04F37D
:10964000B3F5006FECDA079801300790B3F5007FAF
:10965000EBDA089801300890E2E7039B9B68033B34
:10966000AB4209DC0898079B184421464001DFF70C
:10967000E5FE029B03440293099BB4EB430FD4BF66
:1096800001230023089AB4EB420FD4BF0122002229
:109690001344079AB4EB420FD4BF012200221344B3
:1096A000009A02EB03230093019B013301930135E0
:1096B0004D4515DA002307930893099336F91530C1
:1096C0000AFB08F107FB03110BEB41016A1C36F999
:1096D0001240E41A07FB04F4082CE8DD0022A5E799
:1096E00008F10108189B984501DA0025E0E7049D80
:1096F000059C169B03B3029850B1039B9968C1F176
:1097000004014944189B03FB01F1DFF797FE029027
:10971000149B1B68029A13445B10149A1360159AE9
:109720001268022A02D012B9043B00E00433162B5F
:109730001DDD0223159A136001990098DFF77EFE64
:109740002B6803445B102B6003EB4303C4F103025B
:10975000D2014032134402339A10B3F5A07F14DBD8
:10976000FF2A14DDB2F5C07F13DA01200AE0122BC4
:1097700003DD0123159A1360DEE70023159A1360B9
:10978000DAE700200BB0BDE8F08F0320FAE70220F3
:10979000F8E70020F6E7F0B514464E10002525E066
:1097A00004FB02F705EB470730F9173045F6822C2A
:1097B0001CFB03F3510001FB0441294430F911E083
:1097C0001CFB0EFC03EB0C0E0EF5804E4EF3CF3E51
:1097D00020F817E0A3EB0C0303F5804343F3CF33EA
:1097E00020F811300132B242DADB0135A54201DA4C
:1097F0000022F8E7F0BD2DE9F04F97B004468B4604
:1098000015461E46DDF884A0D0F80080C3690C938D
:10981000012E76D020AB53F8182F0E920693012319
:109820000593239B0493CDF80CA0CDF808A020ABA2
:10983000019300962B460A4610A9E0F719F8109BF1
:109840000B93139F149B0993159BBDF944200D9214
:10985000BDF948200A92022E5DD0209AD71B07EB53
:10986000D7777F109742A8BF174627EAE777A2EB82
:109870000708226AA2EB0309C4F820904745C0F20A
:10988000DB80269B0693259B059347F6FF73049385
:10989000249B0393239B0293229B0193CDF800A06A
:1098A0003B46324659462046E0F702FA0C90236ABE
:1098B000A9EB0303FB1A182B03DD099A0AB1183B25
:1098C0009844269B43FA0AF30693002305930A9AC9
:1098D00004920393239A02920193CDF800A0434689
:1098E000324629462046E0F7E3F90C9B43EA000A9A
:1098F000636863B1022E40F0DC800B9B3BB1002318
:10990000E6E0249B0093209BDFF708FF8246504649
:1099100017B0BDE8F08F209A099931B1B1F5804FA9
:1099200001D0082702E0002700E0099FD21B0F9218
:10993000226A3B44D21A2262099BB3F5005F72DDB2
:10994000A946CDF824B0AFB1B8F1000F6ED0B9F987
:109950000070099AB2F9023003FB07F7B9F9023037
:10996000B2F9002002FB1377FF0F012239460C9851
:1099700001F00FFC7F00C7F101080E9B0693259BA9
:10998000059347F6FF730493249B0393239B029351
:10999000229B0193CDF800A00F9B324649462046FA
:1099A000E0F786F98246013FB9F9023017FB03F769
:1099B000099A1780B9F9003013FB08F353806368E4
:1099C000002B95D0BBF900300D9A12FB03F3DB138B
:1099D000ABF80030BBF9023012FB03F3DB13ABF83A
:1099E0000230B5F900300A9911FB03F3DB132B8029
:1099F000B5F9022011FB02F2D2136A80BBF90020F4
:109A000092B29BB2D31AABF800302B881A442A804A
:109A1000BBF902309BB26A889A1AABF802206A88B6
:109A200013446B8064E7D94609958CE701210C98B3
:109A300001F07BFA07469DE7269B43FA0AF306935B
:109A4000002305930A9A04920393239A02920193A6
:109A5000CDF800A04346324629462046E0F728F9D3
:109A60000A90236AA9EB0309A8EB0908B8F1180FBB
:109A700006DD099BB3F5804F02D0A8F118084744D2
:109A8000269B0693259B059347F6FF730493249B1F
:109A90000393239B0293229B0193CDF800A03B46A6
:109AA000324659462046E0F703F90A9B43EA000A8A
:109AB0001EE7E36A009333460D9A29465846DFF7BE
:109AC0000DFD1AE735F81320524225F81320013313
:109AD000B342F7DB1BE72DE9F04FADF2C46D08AFE1
:109AE00096463B66D7F8DC26D7F8FC86D1F8189066
:109AF000D7F8CC3683B14FF0020A002847D0D7F808
:109B0000CC3663B1D7F8E43663B9D7F80837072BFA
:109B10003ADC0023BB6407E04FF0010AEDE70023C5
:109B2000BB6401E00023BB64BB6CBB63012303FA8D
:109B300008F33B617AB37B6609EB4E037B6339F92B
:109B40001E3003FA08F6FE648D6805F10043013B00
:109B500039F9134004FA08F2931B0AFB03F6760066
:109B6000073626F00706ADEB060D08AEFE6506EBE0
:109B70004303BB6290B1BB6C002B73D039F9153035
:109B80001B1B03FA08F30AE00123BB64CCE7B863AC
:109B90000123BB64CAE701237B66CDE703465B0074
:109BA000DC1D24F00704ADEB040D08AC3C6508B1E6
:109BB000BC6C24B9D7F8C84604EB42023A650733B7
:109BC00023F00703ADEB030D08AA3A63ADEB030DD9
:109BD00008AAFA62ADEB030D08AA3A62ADEB030DD9
:109BE00008AAFA61ADEB030D08ABBB61D7F8D43618
:109BF000C7F88836D7F8F836C7F88036C7F864064D
:109C0000D7F8E836C7F87436C7F86C16D7F80437B3
:109C10001B68C7F88C36D7F8E036C7F87836D7F81F
:109C20000C37C7F89036D7F81037C7F89836BB6CA2
:109C3000C7F868360023C7F894367A6E012AD4BF75
:109C400000220122C7F89C2601267B6574467964B0
:109C5000C7F840E0D7F8D0B6C7F8FC86B046D7F8CA
:109C6000FC6657E1BB6C9AE7D7F8CC26FA6771E13E
:109C700000237B67BB6CBBB1BB6E39F90330B340CB
:109C8000D7F884209B1A7A6BB2F90020B240934235
:109C90000ADBB8F1000F06D17B6D2BB97C6503E0C0
:109CA00000237B67E6E77C65D7F8EC36D7F88020A1
:109CB00053F82230C7F87C367A6CD268A24209DCAD
:109CC000D7F8CC26002A00F08280FA6DFA673A674E
:109CD00000223A65BA6FA2427FD07A6D42B1D7F8BE
:109CE000E026032A7FD17A6E012A7CDC002B7ADB06
:109CF00001257B6E9D40013DA8464FF0FF33BB65BB
:109D0000D7F8E436002B00F0AA80D7F8E8369C425A
:109D100000F09F80D7F8E436002B00F0A0807B6F26
:109D200003EBD3735B10FB63BB6DB3F1FF3F00F03C
:109D30006D81FA6D02EB4302BB6FA34200F06881B4
:109D4000BB6E39F90330B340F96C5B1AF96D01EB66
:109D500043030695396D059147F6FF71049103930E
:109D6000029601927B6E0093FB6BD7F88420396FCB
:109D700007F26460DFF79CFF0546BB6DB3F1FF3F60
:109D800000F04881BA6A02EB4302BB6FA34200F0C5
:109D90004381BB6E39F90330B340F96C5B1AB96A81
:109DA00001EB4303CDF81880396D059147F6FF713B
:109DB00004910393029601927B6E0093FB6BD7F89C
:109DC0008420F96F07F26460DFF772FF7FE0FA6DBD
:109DD0003A67D7F8CC263A657CE7BA6B002A7FF45D
:109DE0007CAF3A6579E77B6D39F9138008FA06F89C
:109DF000F86CA8EB0008D7F88420A8EB020828EA42
:109E0000E871B965013B39F91320B2404518AA42FF
:109E1000F8DC7A6D013AD7F884E01146013239F95D
:109E20001200B04005EB0E0C6045F6DB4FF0000869
:109E300045460AFB03F21BF80200054352445A440C
:109E400012F8012C48EA0208994203F10103F0DC00
:109E500056E7BB6C002B40F0D080C7F8E436FB6FB0
:109E6000002B00F07B82BB6B23B1D7F8E8369C4215
:109E7000C0F2D4800023C7F89436BB6DB3F1FF3F26
:109E800000F06882FA6D02EB4302BB6FA34200F060
:109E90006382BB6E39F90330B340F96C5B1AF96D1C
:109EA00001EB430345EA08050695396D05910493D6
:109EB000039602927B6E01937B6F0093D7F88430F8
:109EC000FA6F396F07F26460FFF795FC05460AFBED
:109ED00004F30BF803505344013B0BF80300D7F88D
:109EE000D836D7F8802053F82230FA6E1344D7F8CA
:109EF000F4261A44C7F8F4267B6FD7F88420B3EB16
:109F0000C20FCCBF4FF001084FF000080023C7F884
:109F10009C3601343B6E9C4280F24E82C7F87046FC
:109F20003B6E013BBB67C7F880406300BB6609EB33
:109F30004403FB6339F91430B3405A00D7F8C8160C
:109F400001EB43013967D7F8CC1600293FF48CAEFA
:109F50008A18FA67D7F88020013239F91220B24006
:109F6000D31AC7F88430D7F8F806E3F779FAF86619
:109F70003B6C9C4204D0D7F8F4361B1AC7F8F43671
:109F8000D7F8F036FA6E9D1A6B1EC7F88436D7F8EC
:109F900000379C42BFF66CAE191B0329A8BF0321F2
:109FA000D7F8F406FEF7BFFFD7F8D836D7F88020E9
:109FB00053F8223003449D42A8BF1D46002DFFF6F2
:109FC0006FAE43F6FF739D42A8BF1D467D6751E605
:109FD00031F912303EF9120003445B1021F81230BF
:109FE0000132B4F90030B340A3EB0C039342EFDC31
:109FF0007C6A0023C7F8E4368CE600227C62FC6BA6
:10A00000D7F84CC0F96DD7F828E0EAE7002293E6CC
:10A0100000239EE60022B8E60023C3E67B6C9B6823
:10A02000234407F18C02D7F8D41651F82310D7F83F
:10A03000D436D7F8800053F82000DFF7CDF945EA91
:10A0400008037B6207F19005D7F8F8C6BCE80F005B
:10A050000FC5BCE80F000FC59CE80F0085E80F0096
:10A0600007F1F00507F2646CBCE80F000FC5BCE80F
:10A070000F000FC5BCE80F000FC59CE8070085E87E
:10A080000700D7F884305B001D46FB631A46396F22
:10A09000386B0EF093FC2A46F96FF86A0EF08EFCCE
:10A0A0004FF0FF33C7F89436BB6DB3F1FF3F00F0BC
:10A0B000FC80FA6D02EB4303BB65BB6FA34200F06B
:10A0C000F780BB6E39F90330B340FA6C9B1AFA6D16
:10A0D00002EB43037A6A06923A6D05920493039663
:10A0E000BB6D02937B6E01937B6F0093D7F8843036
:10A0F000FA6FD7F87080414607F26460FFF77BFB88
:10A10000B860B7F98C50D7F88420C7F87080414602
:10A11000386BFEF7D8FE30FB05F56D00B7F98E8081
:10A12000D7F88420F96FF86AFEF7CDFE30FB08F00F
:10A1300005EB40037B6107F1C005D7F8F8C6BCE822
:10A140000F000FC5BCE80F000FC59CE80F0085E8A5
:10A150000F0007F5967C07F264650FCDACE80F00A1
:10A160000FCDACE80F000FCDACE80F0095E807006D
:10A170008CE80700FD6B2A46396F386A0EF01EFC2A
:10A180002A46F96FF8690EF019FCBB6FA3420CD098
:10A19000BB6E39F90310B140FB6CC91A2A46FB6D3E
:10A1A00003EB4101B8690EF009FCD7F8A830D7F8E5
:10A1B0009420D7F8901019447960D31AFB601A469E
:10A1C00007F5B4700EF0FAFBD7F8F8C607F1900562
:10A1D0000FCDACE80F000FCDACE80F0095E80F00F5
:10A1E0008CE80F0007F2646507F1F00CBCE80F0083
:10A1F0000FC5BCE80F000FC5BCE80F000FC59CE8F9
:10A20000070085E80700FD6B2A46396B386F0EF0B2
:10A21000D5FB2A46F96AF86F0EF0D0FB3B6C013390
:10A22000A34247D00123C7F89436BB6FA3424DD059
:10A23000BB6E39F90330B340FA6C9B1AFA6D02EB2E
:10A2400043037A6A06923A6D059204930396BB6DB6
:10A2500002937B6E01937B6F0093D7F88430FA6F83
:10A26000396F07F26460FFF7C6FA0546B7F98C80CC
:10A27000D7F88420396F386BFEF725FE30FB08F8DD
:10A280004FEA4808B7F98E30BB65D7F88420F96FDC
:10A29000F86AFEF718FEBB6D30FB03F008EB4008D0
:10A2A0007B69434514DA284611E60023BB6504E7C1
:10A2B00000230FE7D7F8E43601933B6900933B6C2A
:10A2C000BA6AF96D786CFEF791FEABE70023B8E748
:10A2D000D7F8F85607F1C00CBCE80F000FC5BCE872
:10A2E0000F000FC59CE80F0085E80F0007F26465BA
:10A2F00007F5967CBCE80F000FC5BCE80F000FC542
:10A30000BCE80F000FC59CE8070085E80700FD6B5F
:10A310002A46396A386F0EF051FB2A46F969F86F00
:10A320000EF04CFBBB6FA3420CD0BB6E39F903009F
:10A33000B040FB6CC01A2A46B969FB6D03EB4000C4
:10A340000EF03CFBFA6807F5B47178680EF036FB46
:10A35000BD68A8E7002298E50023A3E5BB6DB3F133
:10A36000FF3F27D0FA6D02EB4303BA6FA24209D038
:10A37000BA6E39F90220B240F96C521AF96D01EB4C
:10A380004202FA6745EA080506953A6D059247F6D6
:10A39000FF720492FA6F0392029601937B6E009310
:10A3A0007B6FD7F88420396F07F26460DFF780FC99
:10A3B00005468CE5FB6FD8E7D7F88C36D7F804272D
:10A3C000136007F2A467BD46BDE8F08FB0F57A5F71
:10A3D00013D009DD45F6C053984214D04BF68033B4
:10A3E000984212D101207047B0F5FA5F07D042F6CB
:10A3F000E063984205D1042070470320704706208F
:10A40000704700207047022070470020704770B5E9
:10A410004FF0000C1AE084690CF1010534F915E0E5
:10A4200034F91C40AEEB040E0EFA02FE03EB4204BC
:10A43000013C06FB04C4066E345D403403FB04F4A7
:10A440000EFB04F4A41041F82C40AC468668664527
:10A45000E1DC70BD10B504460020034606E034F987
:10A4600013C031F913E01CFB0E0001339342F6DBFD
:10A4700010BD2DE9F0418EB0054614461E461498D5
:10A48000159F012F0ED0134431F9133031F91620E6
:10A490009342B8BF13460EAA02EB460222F8343CA0
:10A4A000731C39E031F913200EAB03EB460323F89C
:10A4B000342C731C13E031F9132003F1FF3C0DF130
:10A4C000380E0EEB4C0C3CF934CCACF5806C62458C
:10A4D000B8BF62460EEB430C2CF8342C0133834298
:10A4E000E9DB1BE01A1931F9122031F913C062457A
:10A4F000B8BF624603F1FF3C0DF1380E0EEB4C0C79
:10A500003CF934CCACF5806C6245B8BF62460EEBCA
:10A51000430C2CF8342C01338342E3DB831E05E02B
:10A520000EAA02EB430222F8341C013BB34212DBB9
:10A530005A1C0EA901EB420232F9342CA2F2FF3C64
:10A5400001EB430131F9341C8C45E9DD92B2A2F5EF
:10A55000806211B2E4E74FF0000E72461AE004FB8D
:10A5600002C335F913300EA901EB4C0131F9341C4B
:10A5700021EAE171002BACBFC1EB03014942002984
:10A58000A8BF8E440CF1010C411E6145E7DC01328D
:10A59000974206DDB046022EB8BF4FF00208C4460F
:10A5A000F2E7A1EB080307FB03F39EFBF3F0B0F522
:10A5B000806FD4BF002001200EB0BDE8F08110B53F
:10A5C0000024A4460AE030F91CE0BEF1000FB8BF39
:10A5D000CEF1000E14FA8EF40CF1010C8C45F2DB76
:10A5E00012FB03F2600030FB024010BD2DE9F04F7A
:10A5F00080460D4617469A46012004464FF0000B50
:10A600002AE035F912C002EB0A0335F913E00CEB2E
:10A610000E03ACEB0E01BCF1000FB8BFCCF1000C87
:10A62000BEF1000FB8BFCEF1000E1FFA8EFE1EFA6B
:10A630008CFC6444002BB8BF5B420029B8BF494280
:10A640000B441844013209F1010336F91330BB40C1
:10A650009342D6DC0BF1010BBBF10C0F06DCD8F8F2
:10A660001860D94636F91B20BA40ECE745F682233C
:10A6700030FB03F35B00012F13DD0D21D8F8182008
:10A68000B2F91A200137BA40114433FB01F334FB0D
:10A6900002F25200B2EB430FB4BF01200020BDE82C
:10A6A000F08F0521EAE700B5B0F904E0B0F9001039
:10A6B000B0F90230994202DD0A4619461346B0F954
:10A6C00006C0B0F90820944502DD60469446024673
:10A6D000614503DC614610461A46034672450CDAB2
:10A6E0008A4205DA7145A8BF714608B25DF804FBDD
:10A6F0009A42A8BF1A4610B2F8E7714504DD8A42B3
:10A70000A8BF0A4610B2F1E77345A8BF734618B256
:10A71000ECE70346B0F90020B0F90200824202DD06
:10A72000114602460846B3F90430984204DB9A42C7
:10A7300001DA18467047104670472DE9F04F0A9924
:10A740000B9CBDF940C0149D8668876901B93146EC
:10A750004FEA410E37F9110000FA03FB022C6DD0CD
:10A7600090464FF0130E0EFA03FE0F99A1EB0E0167
:10A770004144ACF2D12E31FB0EFE01EB8E019DB1B6
:10A78000139888B94FEACB00BDF954E01EFB00F0E6
:10A7900001EBA0208E460029C0F290804FEAAE0E59
:10A7A00071468645B8BF014606F10040023837F9C8
:10A7B000100000FA03F303FB04F4E400BDF9483091
:10A7C00014FB03F4A4128B10A342B8BF23468B42A0
:10A7D000A8BF0B460DB1139941B10D9931B19B1A28
:10A7E00045F2C35133FB01F302EB430305BB40F6D3
:10A7F000CC418C451CDC0999C1F5BB3101F5807158
:10A8000000295EDBB1F5FA4FA8BF4FF4FA4109B257
:10A8100040F6015010FB01F040F3CF30BDF9581065
:10A8200011FB00F141F38F2133FB01F103EB4103F5
:10A8300050009842A8BF1846BDE8F08F0C9881429E
:10A8400001DD4FEA400E37F90EE00EFA03FEF34445
:10A850000C988142A8BF014637F911E00EFA03FEB9
:10A86000AEEB010146F2666E1EFB01FE0FFA8BF89D
:10A870009EFBF8FE0FFA8EFEBDF93880B8F5807F9A
:10A88000A8BF4FF4807832FB0EF9A8F11A080FFA2E
:10A8900088F8C90009B218FB01FA4FEA2A2ABAEB74
:10A8A000490F06DD32FB0EFE4FEA4E08A2EB080808
:10A8B00057E718FB01F84FEA2828F7E701F1030EE4
:10A8C0006CE70021A4E72DE9F04F87B0814693465D
:10A8D0001F46129B139CD0F804A051B10D46466A46
:10A8E000C36905934FF000083B46574613949A46B8
:10A8F00028E0466A9E40C269D31A05930125F1E714
:10A9000005FB067304FB06F108FB031108FB06F2C6
:10A9100005FB0242149B03930295059B019300974C
:10A92000D9F834300AEB82020BEB810109F13800CF
:10A9300001F026FA0134A542E2DC08F10108119B7E
:10A94000984501DA0024F6E75746139C022B06D0FF
:10A95000012C3CD04FF00008DDF8409031E0109B16
:10A96000012BF5D100230AE057F823101A4457F8B9
:10A970002220521002EB610247F82320013305FB2D
:10A9800006F29A42F0DCE3E708FB05F306FB03134B
:10A9900057F8230004FB00F047F82300013161451C
:10A9A000F2DB08FB05F006FB00C0A2EB0C029200F4
:10A9B000002107EB80000EF029F808F10108C145DD
:10A9C00005DD05FB06F292FBF4FC0021E7E707B08A
:10A9D000BDE8F08F10B5044600224FF470714BF6BD
:10A9E0008030E2F787FE4268A30202FB04338268EC
:10A9F00002FB04F403EB44003B30800010BD2DE962
:10AA0000F84F07460D4616469846DDF828900B9AF3
:10AA10000D9BB2F900B00C990C68B2F9022032B962
:10AA2000B9F1010F02D096FBF9FA05E0BBB196FB34
:10AA3000F9FAB9F1010F04D0B200002128460DF057
:10AA4000E5FF002319E008FB03F237F91220C4EBFD
:10AA5000023445F823401BFB02F2D4100133B34209
:10AA6000F1DB0C9B1C601AE008FB03F109FB03F20D
:10AA700037F9111045F8221001335345F4DB002358
:10AA800009E035F92320C4EB023445F823401BFBD1
:10AA900002F2D4100133B342F3DB0C9B1C60BDE81F
:10AAA000F88F022A33D8F8B504460E4615461F46DD
:10AAB00000282FD0002930D04B68920203FB0522DA
:10AAC0008B6805FB03F302EB43023B32920000214B
:10AAD0000DF09CFF26606560A5600123E361002501
:10AAE0002562F26862622363A764636323614FF0A7
:10AAF000FF33A362E562E5600523A3611823E363E6
:10AB000040F6BC712046E2F7E7F92846F8BD4FF061
:10AB1000FF3070476FF00600F8E76FF00600F5E7CA
:10AB2000F8B504460F4615461E4600224FF47071D4
:10AB30004BF68030E2F7DEFD014633462A462046DA
:10AB4000FFF7AFFF054608B12846F8BD3846FFF7C6
:10AB50003DFCE061F8E72DE9F04F9BB080460D46E3
:10AB600017460E689200002102A80DF04FFF2B68D7
:10AB7000002B40F08680002293E01AAB03EB8103A8
:10AB800053F8603C4FEAE37E621A55F822C04FEA60
:10AB9000EC7203FB02F20CFB0E22A3FB0C3C6244A2
:10ABA000DB0F43EA4203184401318C42E5DC631CAD
:10ABB00055F8233000EBE3003146C000E2F752FDC8
:10ABC0004042C2101AAB03EB840343F8602C4FF0F1
:10ABD000000801962DE01AAB03EB880A5AF8603C96
:10ABE000611EA1EB08011AAA02EB810151F8606C09
:10ABF0004FEAE07E4FEAE67C00FB0CFC06FB0ECC45
:10AC0000A0FB0629E144D20F42EA49021A444AF85D
:10AC1000602CDA1700FB02F203FB0E22A0FB033CC0
:10AC20006244DB0F43EA4203334441F8603C08F1DD
:10AC30000108631CB8EB630FCDDB019EC11700FB5D
:10AC400001F1A0FB000202EB4102C00F40EA42000A
:10AC5000C117F21700FB02F206FB0122A0FB06015E
:10AC60000A44C00F40EA4200361A2A68B6EBA22F07
:10AC700005DB1C46BC4207DA0020014695E7D846B2
:10AC800079E70024C346F5E7D84674E71AAB03EB2F
:10AC9000820353F8603C03F500431B1428F812307C
:10ACA0000132BA42F2DB1BB0BDE8F08F2DE9F0476C
:10ACB00082B002AF8846D7F820907D6AA5EB090ADA
:10ACC0006900073121F00701ADEB010D02AC2BB398
:10ACD0009C46002304E030F9131024F813100133CC
:10ACE000AB42F8DB002316E030F9131032F91360A1
:10ACF00011FB06F1C91324F81310E91A01F1004100
:10AD0000013930F9116032F913E016FB0EF6F61333
:10AD100024F8116001336345E6DB2046EB01013383
:10AD200015F0010214D0B0F9001011FB01F103EB92
:10AD300061230DE030F9121011FB01F103EB6123E7
:10AD4000511C30F9111011FB01F103EB61230232A8
:10AD5000AA42EFDBB3FA83F3C3F11F02C3F10B0680
:10AD600006EBD6767610152A1CDC04460026BB6A54
:10AD7000019309F1010300935346424621462046C0
:10AD8000D8F704FB4FF0000C20E030F9123001211D
:10AD9000B14003EB6103334124F812300132AA427F
:10ADA000F3DBE4E70022FAE734F91310A3EB0C001D
:10ADB00034F9100011FB00220133AB42F4DB58F8E8
:10ADC0002C30134448F82C300CF1010CCC4503DC3A
:10ADD0000CEB0A030022F0E77000002809DDD8F828
:10ADE0000030B3F1805F19DAB3FA83F3D91E002380
:10ADF0000EE0D8F80030414201228A401344C8F8DE
:10AE00000030ECE758F823208A4048F8232001332B
:10AE10004B45F7DD401ABD46BDE8F087B3F1005F52
:10AE2000F9DBB3F1804F02DA0121002307E00221B0
:10AE3000FBE758F823200A4148F8232001334B450B
:10AE4000F7DD0844E7E783694268934204D2026869
:10AE5000591C8161D05C704700207047836842684C
:10AE6000934205D2016801338360D21A885C70472F
:10AE70000020704738B5044614E062690832626108
:10AE80001B02E361A56A2046FFF7DDFFA06240EAEE
:10AE90000523226A6FEA6303DBB203EB022323F08C
:10AEA00000432362E369B3F5000FE6D938BD38B536
:10AEB00005460C46C069E2F7EDFA68622B6AB3FBFF
:10AEC000F0F3E01A01385A1CA2424FF0FF3298BF4B
:10AED000002210401844201A013838BD38B5446AA1
:10AEE0009B1A04FB03F3056AED1A056231B1521A8D
:10AEF00002FB04F4C461FFF7BDFF38BDC469E41A66
:10AF0000F8E738B5C269036A22FA01F18B4234BF0F
:10AF10000124002401D35D1A05628B4200D3511A2B
:10AF2000C161FFF7A7FF204638BDF8B505460F46BB
:10AF3000C66804698C4207D22846FFF78FFFA040FD
:10AF400006430834182CF7DD4FF0FF30B84026FADE
:10AF500007F3E41BEB602C616B693B446B6126EAF1
:10AF60000000F8BD2DE9F04105464F1EB7FA87F203
:10AF7000C2F12003082B1BDDC2F1180627FA06F8E0
:10AF800008F101084146FFF792FF04464346421C80
:10AF900001462846FFF7A2FFB44031462846FFF796
:10AFA000C4FF0443A7420DD20123EB623C4609E0F3
:10AFB0000E46FFF77CFF04463346421C01462846F6
:10AFC000FFF78CFF2046BDE8F08110B482698368EA
:10AFD00013444468A34206D20368541C8461995404
:10AFE000002010BC70474FF0FF30FAE78269836899
:10AFF00002EB030C4268944508D210B40468013394
:10B000008360D21AA154002010BC70474FF0FF306B
:10B01000704770B50446FF291ED00D460E12816A96
:10B02000002912DA636A6BB1FF36F6B23146204668
:10B03000FFF7CBFFE36A0343E362636A013B6362AA
:10B04000002BF3D1EDB2A56270BD3144FFF7BDFF17
:10B05000E36A0343E362E5E7436A01334362F3E7EC
:10B0600010B504460FE0216AC90D2046FFF7D1FF55
:10B07000236A1B0223F000432362E3691B02E3619E
:10B08000636908336361E369B3F5000FEBD910BD61
:10B09000016000238360C3600361212141618361FA
:10B0A0004FF00041C1614FF0FF31816203624362A2
:10B0B0004260C36270472DE9F04105460E461746CF
:10B0C0001C46D0F81C8019464046E2F703FA76B1D8
:10B0D0002B6AA41B00FB148423442B62BE1B06FBBB
:10B0E00000F0E8612846FFF7BBFFBDE8F081E21BF6
:10B0F00000FB1282EA61F5E738B5C46924FA03FE61
:10B1000091B18C46016A012505FA03F3A3EB0C0308
:10B110000EFB134421440162A2EB0C0C0EFB0CF35A
:10B12000C361FFF79DFF38BD012101FA03F39B1AAC
:10B130000EFB1344C461F4E710B5C369046A23FA33
:10B1400002F29B1A11B11C4404621346C361FFF75B
:10B1500087FF10BD10B5C46924FA03F3002913DD7D
:10B1600001F1FF3C12F80CE003FB1E44D0F820E094
:10B170007444046212F80C40525CA21A02FB03F3FE
:10B18000C361FFF76DFF10BD525C03FB1244C46145
:10B19000F7E72DE9F041044688461746C668056979
:10B1A000AB18202B0AD9F1B22046FFF71FFFE36A44
:10B1B0000343E362360A083D072DF4DC08FA05F87C
:10B1C00048EA06063D44E660256163693B446361E5
:10B1D000BDE8F08170B506460C461346013AB2FA56
:10B1E00082F5C5F12001082913DDC5F1180522FA01
:10B1F00005F324FA05F101334A1CFFF75CFF4FF019
:10B20000FF31A9402A4624EA01013046FFF7C1FF79
:10B2100070BD621C2146FFF74EFFF9E738B50446C2
:10B220000D4603688268881A6168891A19441844AF
:10B230000DF0D2FB656038BDF8B50446C269B2FABC
:10B2400082F66FF00043F340006AC11821EA03055B
:10B250001943024491420DD3013600EB530020EA1A
:10B26000530507E0E90D2046FFF7D3FE2D0225F038
:10B270000045083E002EF5DCA36A002B01DA636A64
:10B280001BB100212046FFF7C4FEE768256908E0EE
:10B29000F9B22046FFF7AAFEE36A0343E3623F0ADE
:10B2A000083D072DF4DCE36A03B1F8BD2368A0690B
:10B2B0006268121AA168521A002118440DF0A6FB08
:10B2C000002DF2DDA26863689A4203D34FF0FF338A
:10B2D000E362EAE77642A16911448B4208D8B5429D
:10B2E00006DD0121B14001390F404FF0FF31E1622D
:10B2F00021689B1A013BCA5CFFB23A43CA54D4E7A7
:10B3000003464FF0000C944558DA70B582B003F153
:10B31000200103C902AC04E903001868009D411B29
:10B3200019625968019C0E1B5E6228441860214412
:10B3300059609C6AD96A601845F6822E30FB0EF07F
:10B3400040000090091B31FB0EF1490001919D68FE
:10B350002C1A9C62DC68661ADE6205449D600C440F
:10B36000DC605D6B00951E6B744201941869411B93
:10B37000196359690C1B5C6328441861891B596166
:10B38000D96B9C6B081B30FB0EF0400000902144F1
:10B39000494231FB0EF1490001919D692C1A9C63D1
:10B3A000DC69661ADE6305449D610C44DC61403350
:10B3B0000CF1010C9445AADB02B070BD70472DE979
:10B3C000F04F9DB004468B462699279F012B51D004
:10B3D00016469C465B000A930CEB4C030693002236
:10B3E00013460C905D460D96CDF808C02691279720
:10B3F000E6E020682569A0EB050CCDF838C063684D
:10B4000062699F1A0F972844206013446360D4F840
:10B410000880A26908EB020ACDF840A0D4F80CE03D
:10B42000E5690EEB0509CDF84490A0EB0A0BC4F8D2
:10B4300010B0A3EB090BC4F814B0504420604B4487
:10B440006360A8EB02001090AEEB05031193634418
:10B45000A360A2EB08023A44E260A5EB0E0363444A
:10B46000A3613844E061203401368E42C1DB1DB057
:10B47000BDE8F08F0026F8E7029B0BEBC3010791B4
:10B480000398D1E90023056833FB05F032FB05F191
:10B4900033FB15F432FB1500091B490010914000E5
:10B4A0001190DDF828A00BEBCA03049C08931D46FD
:10B4B000D5E90023256833FB05F632FB05F733FB9E
:10B4C00015F432FB15663F1B7F001297760013962A
:10B4D000069D0BEBC50ECDF824E0DDF81480DEE907
:10B4E0000045D8F8008035FB08F234FB08F335FB43
:10B4F00018FE34FB1822A3EB0E035B0014935200DA
:10B500001592DBF80080A8EB070ECDF868E0DBF8B9
:10B510000450AC1B1B944744CBF800703544CBF867
:10B52000045001EB0309CDF8589086181796A1EB4B
:10B530000308CDF86080851A1995A7EB09074BF829
:10B540003A70DBF80470BF1BDDF820A0CAF8047065
:10B55000039F07EB8C070397049F07EBCC07049727
:10B560000CEB4C07DDF814A00AEB87070597DBF816
:10B5700000704F44CBF80070DBF804703E44CBF809
:10B5800004607544029E4BF836505B1A23440799B9
:10B590004B60121A7244069D4BF835204444DDF886
:10B5A00024E0CEF804400BF1080B019B013301931A
:10B5B000019B029A9342FFF65FAF0B9B65460133F6
:10B5C000269A9342BFF653AF279A02FB03F00C9AD8
:10B5D00002EBC00B0D9A526B03920592049200226B
:10B5E00001920B93AC46E3E72DE9F04F93B0029143
:10B5F0001E464FEA430B49F22613ADF81E304FF0BA
:10B60000000E0490059271467FE01D9B03FB01F242
:10B61000049B03EBC202059B586B039101960090BB
:10B62000804602EBC601DDF800C0D1E90045DCF838
:10B63000000035FB00F934FB00FC35FB10F334FB54
:10B640001099ACEB030C4FEA4C0CCDF828C04FEA34
:10B650004909CDF82C9002EBCB00D0E90045D8F891
:10B6600000A035FB0AF734FB0AF335FB1AFE34FB66
:10B670001A77A3EB0E035B000C937D000D950CEB8A
:10B68000030ECDF838E009EB05070F97ACEB030389
:10B690000893A9EB05050995029CDDF800C00CEBA9
:10B6A000840CCDF800C008EBC4081468A4EB6E0449
:10B6B00042F836405468A4EB67044C6049F2261403
:10B6C00033FB04F35B00089335FB04F56D0009952B
:10B6D00014687444146054682744576052F8364024
:10B6E0002C4442F83B404C68E41A446052F836005F
:10B6F000401B42F83600486803444B600832019B07
:10B70000013B01938DD1039901311C9B9942FFF6B6
:10B710007CAF13B0BDE8F08F2DE9F04FADB00D91C7
:10B720000B9342F28E71ADF8441048F24461ADF8CB
:10B73000461049F67201ADF840104BF2C341ADF826
:10B740004210526B0C924FF000080F9022E112ABA6
:10B75000009E96E8030083E80300019B0D9A02FB1C
:10B7600003F3029ADDF830B0D2E900675BF82350AA
:10B7700037FB05FA36FB05F437FB15F236FB15AA45
:10B78000A41A640014944FEA4A0ACDF854A0039D09
:10B79000D5E900895BF8337039FB07F238FB07F60F
:10B7A00039FB17F538FB1722761B760016965200E8
:10B7B000179203EB4305049FD7E900895BF825E066
:10B7C00039FB0EF738FB0EF539FB1EFC38FB1E77F4
:10B7D000A5EB0C056D0018957F0019970BEB031373
:10B7E000DDF814B0DBE90089D3F800B039FB0BFCBD
:10B7F00038FB0BF339FB1BFE38FB1BCCA3EB0E0312
:10B800005B001A934FEA4C08CDF86C8004EB030EF2
:10B81000CDF880E00AEB080CCDF884C0E31A9B4613
:10B820002693AAEB0804A046279474192294D319EE
:10B830002393751B06952495D21B259207460EEB84
:10B8400004003844009E306008460CEB030107906A
:10B850000144716042F28E793EFB09F149F6720AA9
:10B8600034FB0AF0400000EB41000A9738441C907A
:10B870003CFB09F533FB0AF1490001EB4501079D4B
:10B8800029441D91CDF8248048F2446638FB06F621
:10B890004BF2C34532FB05F77F0007EB46071E97C7
:10B8A000CDF820B048F244663BFB06FB069E36FB13
:10B8B00005F6760006EB4B06C6F1000BCDF87CB022
:10B8C000A0EB070BDDF80880C8F800B001EB060B11
:10B8D000C8F804B03844DDF814B0CBF80000891B78
:10B8E000CBF804103EFB0AFE34FB09F4640004EBC1
:10B8F0004E040A99214428913CFB0AFC33FB09F3CE
:10B900005B0003EB4C03079C2344299348F24466F5
:10B9100032FB06F2099830FB05F04000C0EB420410
:10B920002A94DDF820E03EFB05F5DDF818E03EFB4B
:10B9300006F67600C6EB45072B970C44DDF80CC0E5
:10B94000CCF800401F44CCF80470A0EB420008443F
:10B9500004990860A6EB45061E444E60009E06F161
:10B960000800009008F1080202920CF1080203920C
:10B9700001F1080204920BF108020592019B0133C8
:10B980000193019B0B9A9342FFF6E1AEDDF83880FC
:10B9900008F10108369B98451ADA379B03FB08F338
:10B9A0000F9A02EBC30200920B9902EBC1030293C0
:10B9B00002EB0113039301EB410302EBC303049376
:10B9C00002EB4113059300230193CDF83880D8E7AB
:10B9D0002DB0BDE8F08FC0F5FF406030C1F580416B
:10B9E00001FB00F0C00B70472DE9F84F80469346ED
:10B9F0001D460B68002B41D00F464FEAD3794FEA22
:10BA0000E37AA3EBD37686EAE37629461046FFF77E
:10BA1000E2FF0446012208E063000BEB440404F15A
:10BA2000020B05FB03F3DC0B01320CB1B242F3DB7A
:10BA3000DCB9CBF500434B445B10013BB61AB34273
:10BA4000A8BF334659000131A1EB09015944C1F5A2
:10BA5000004BBBF1010F28BF4FF0010B1344A3EBC8
:10BA6000090383EA0A033B6009E0013409F1FF3965
:10BA700009EA040909EB0B01A34600E000210F23AA
:10BA80000BEB01024046FFF737FBBDE8F88FB0FA39
:10BA900080F30B60A3F11801D3F1180302D0002B3F
:10BAA00004DBD84100F07F0010607047C1F1200135
:10BAB000C841F7E700B583B06A4601A9FFF7E7FF81
:10BAC000009AC2F1800302FB03F3B32133FB01238D
:10BAD0000198C0F11F0003EBC01003B05DF804FB38
:10BAE000002824DB40F67E73984222DCC11101233A
:10BAF0008B4000F07F02B0F5006F0BDAC2F18000DE
:10BB000012FB00F04FF6527C30FB0C20884003EB18
:10BB1000E01070474FEAE31CC2F1800112FB01F113
:10BB20004FF6527031FB00220CFB023070470020B0
:10BB300070476FF00040704710FB00F202F5804242
:10BB4000D11342F3CF32C2F5FF407F304FF68E5C07
:10BB50001CFB02FC0CF5804C42F2550303EBEC336A
:10BB600012FB03F303F58043DB13A3F5EF53033B11
:10BB700012FB03F303F5804300EBE33047F6FE735B
:10BB800098421CDC4FF68E5010FB02F000F580400E
:10BB900042F2550303EBE03312FB03F303F580435A
:10BBA000DB13A3F5EF53033B12FB03F202F58042D4
:10BBB000C1EBE23080B280F4004000B2704747F63B
:10BBC000FF7070478446B0FA80F3C3F11F035B1027
:10BBD00001219940002005E00844ACEB020C490823
:10BBE000013B05D401EB40029A409445F7D3F3E7BB
:10BBF0007047A0F5004109B241F6392011FB00F071
:10BC0000C0F3CF30A0F55250323811FB00F0C0F332
:10BC1000CF3000F5B840053002B212FB02FC4CF305
:10BC2000CF3313FB01F3C3F3CF33CCF3CF3C6344E7
:10BC30009BB2A3F580439BB25B001BB24FF4405113
:10BC400013FB01F1C1F3CF31A1F5804113FB01F3E7
:10BC500043F3CF3312FB03F2C2F3CF3212FA80F078
:10BC600000B27047034600283CD0B0F1804F3ADA6A
:10BC7000B0FA80F1C1F11F014910C81F002828DD6A
:10BC800042001341A3F500431BB24FF6685213FB69
:10BC900002F2C2F3CF3202F2A36213FB02F2C2F34A
:10BCA000CF32A2F6C33213FB02F2C2F3CF3202F557
:10BCB0003452293213FB02F3C3F3CF3303F5B543F8
:10BCC00007331BB2C0F10700002807DD43FA00F07C
:10BCD0007047C0EBC07252009340D3E70E3903FAAD
:10BCE00001F07047704747F6FF707047B0FA80FC6C
:10BCF000CCF11F0CBCF10F0F35DDACF10F0340FA96
:10BD000003F3A3F500431BB24CF2C43212FB03F25F
:10BD1000C2F3CF3202F5F042783291B212B212FB86
:10BD200003F0C0F3CF300844A0F5004012FB00F24E
:10BD3000C2F3CF328A1A91B212B212FB03F3C3F3E9
:10BD4000CF330B44A3F5004312FB03F2C2F3CF320F
:10BD5000881A013800B2BCF1100F0CDDACF1100CE8
:10BD600040FA0CF07047CCF10F0300FA03F3A3F58F
:10BD700000431BB2C8E7CCF1100C00FA0CF070477E
:10BD80002DE9F04F8DB000AF90469A46FA6D931CA6
:10BD900050F823403C62A368013BFB61B4F90430D6
:10BDA000BB6103688569002003E05B1005EB430578
:10BDB00001309042F9DB5A1016467A619C104FEA26
:10BDC000820C0CF1070222F00702ADEB020D6A466D
:10BDD0007A62C3F39C03A2EBC3039D46EB46BB6DA3
:10BDE0004FEA630E01EB8E0006EB0E0303F1804376
:10BDF000013B01EB83010AEB4E090EF1004E0EF1FF
:10BE0000FF3E0AEB4E0E00233D61C7F80CB0BC604C
:10BE1000C7F80480D7F8588024E0BEF9005050F8E5
:10BE20000C4034FB05F5B9F900600C6834FB06F4EE
:10BE3000640004EB4504154645F8084B39F9044BFA
:10BE400050F8086B36FB04F63EF904B9A1EB0C047C
:10BE5000246834FB0BF46400C4EB460454600839D6
:10BE600001332A4608F10304A610B3EBA40FD4DB78
:10BE70003D69D7F80CB0BC68D7F80480D7F858E013
:10BE80000EF1004E0EF1FF3E0AEB4E0EC7F810C049
:10BE9000B14609E051F8086994464CF8086B50F82F
:10BEA000086B566001336246A4EB09069E42F1DC42
:10BEB000D7F810C03D61C7F80CB024E0BEF90060AF
:10BEC0000D6835FB06F6BAF90090A0EB0C052D685D
:10BED00035FB09F56D00C5EB4605164646F8085BCF
:10BEE0003EF9049950F8085B35FB09F93AF904BBAF
:10BEF00051F80C5035FB0BF56D0005EB490555600D
:10BF0000083901333246A342D8DB3D69D7F80CB07B
:10BF100000267A6AC7F824B0D7F82090D7F81CE03A
:10BF2000C7F81C80D7F8188038E035F916A0331907
:10BF300035F9130094465CF8083B516833FB0AFB63
:10BF400031FB00F25200C2EB4B0231FB0AF133FB32
:10BF500000F35B0003EB4103BA62FB6232FB08F2C1
:10BF6000012101FA0EF102EB610242FA0EF2BA620D
:10BF700033FB08F303EB610343FA0EF3FB62D9F8DA
:10BF8000303033F916307A6A02EBC30307F130021E
:10BF900012E9030083E8030001366246A642C4DBCF
:10BFA000D7F824B0D7F81C805946386AE1F7B2FABE
:10BFB0007B695E1E3B6E03FB06F608EB86060021DE
:10BFC0009C461EE00B1935F91390DBF8043033FB67
:10BFD00009FA35F911E05BF8080B30FB0EF252005C
:10BFE000C2EB4A0230FB09F033FB0EF35B0003EBBC
:10BFF0004003C8F80020336008EBCC08A6EBCC0661
:10C000000131A142DEDB3437BD46BDE8F08F0029A7
:10C010000ADD0378FB2B0DD901290EDD417803EBF6
:10C0200081031380022070474FF6FF7313804FF097
:10C03000FF3070471380012070474FF6FF73138065
:10C040004FF0FF307047FB2802DC0870012070477A
:10C0500060F00303DBB20B70C01A8010487002203E
:10C0600070472DE9F04F87B0019002920393109F23
:10C07000119E002E00F01E8104468A460029C0F25F
:10C080001C81002900F01C814BF68031E1F75AFB3E
:10C0900014F8013B04930AF1FF3903F00303012B69
:10C0A0001DD0022B2ED0002B00F09A80B9F1000F8A
:10C0B00040F31281019B9C1C5B7813F03F0500F05C
:10C0C0000E8105FB00F0B0F5B45F00F30B81AAF11F
:10C0D000020A13F0400F40D04FF0000B31E0029BFA
:10C0E000002B40F0978019F0010B40F0EC8009EB39
:10C0F000D9734FEA630843F34F0333800123059359
:10C10000022573E0324649462046FFF780FFA9EB3F
:10C110000009B6F90080B8F1000FC0F2D780C84519
:10C1200000F3D7800444A9EB08084FF0000BCDF8CA
:10C1300014B002255AE0FE21AAEB010A8B44FF2A23
:10C140000DD1BAF1000F40F3D08014F8012B0AF1A1
:10C15000FF3AFF2AEFD01146EEE74FF0000BBAF19D
:10C16000000FC0F2C5805BB2DA43D20F0592002BFC
:10C170000BDB029A002A54D19AFBF5F808FB05F371
:10C18000534540F0C180134625E0D0464FF00009EA
:10C190006B1E4B4516DD06EB490251462046FFF764
:10C1A00036FFAAEB000A36F91930002BC0F2A38043
:10C1B000534500F3A38004440344A8EB030809F1AA
:10C1C0000109E5E7B8F1000FC0F29B80D1460DE010
:10C1D00026F8138001336A1E9A42F9DCD14605E045
:10C1E000C8464FF0000BCDF814B00125029BDBB917
:10C1F00040F2FB43984500F3938005F10043013B77
:10C2000026F81380129B1BB1019BE31A129A13604C
:10C21000002339E0C8464FF0000B012305930225A7
:10C22000E4E7C846D146E1E705F10043013B02934C
:10C2300006EB430A524649462046FFF7E8FEA9EBC3
:10C240000009029B36F91330002B60DB4B4561DCA3
:10C250000444059A72B105FB03F34B455DDC0023F2
:10C2600004E0BAF9002026F8132001336A1E9A422E
:10C27000F7DCC7E703444345C4DD6FF0030515E071
:10C2800036F9132014440133AB4204DA002FF7D0FF
:10C2900047F82340F4E7139B23B1019BE41A5C4465
:10C2A000139B1C60039B0BB1049A1A70284607B0BD
:10C2B000BDE8F08F4FF0FF35F8E74FF0FF35F5E7B9
:10C2C0006FF00305F2E76FF00305EFE76FF003058A
:10C2D000ECE76FF00305E9E76FF00305E6E76FF0C1
:10C2E0000305E3E76FF00305E0E76FF00305DDE723
:10C2F0006FF00305DAE76FF00305D7E76FF003058A
:10C30000D4E76FF00305D1E76FF00305CEE76FF0D8
:10C310000305CBE76FF00305C8E76FF00305C5E73A
:10C320006FF00305C2E700290BDD037813F0030368
:10C330000AD0032B0AD101290ADD407800F03F0022
:10C3400070474FF0FF307047012070470220704760
:10C350006FF0030070474FF0000C02E049000CF151
:10C36000010CB1F5C87FF9DBB0F57A7F13D040F24C
:10C37000EA31884219D0A2F58A62120142F06002C5
:10C3800052B2ACF1020C42EACC02D2B2022B19D06A
:10C390000020104370474D3AD2B25201D2B2ACF1F4
:10C3A000020C42EACC02D2B2F0E7A2F24E42002ADC
:10C3B00006DB520162F07F0242EACC02D2B2E5E72C
:10C3C0000022F6E70420E4E72DE9F04F0B9EDDF8AC
:10C3D00030B00D9C4BF6803A9AFBF4FA099C94FB22
:10C3E000FAF947F6FF75AA1A0FFA82F8ED1A2DB27C
:10C3F0004FF0000C2BE00AFB0CF33BF9132012FB6F
:10C4000002F242F3CF3414FB05F447F6FF73A3EBBB
:10C41000E23313FB084343F3CF3306FB0CF430F94C
:10C420001420671C30F917E0A2EB0E02521013FB28
:10C4300002F331F81420C3F3CF33D21A21F81420B9
:10C4400031F81720134421F817300CF1010CCC45BA
:10C45000D1DB0A9F1AE006FB0CF230F91230541CB3
:10C4600030F914E0A3EB0E035B1015FB03F331F876
:10C4700012E0C3F3CF33AEEB030E21F812E031F834
:10C480001420134421F814300CF1010CBC45E2DBFC
:10C49000BDE8F08F2DE9F0471D46099E0A9CDDF8A6
:10C4A0002C800C9B4BF6803E9EFBF3FE089F97FB77
:10C4B000FEF7012C20D04FF0000C47E00EFB0CF3F0
:10C4C00038F9139019FB09F949F3CF3A1AFB05FA29
:10C4D00047F6FF73A3EBE93313FB02A343F3CF3318
:10C4E00030F91C9013FB09F3DB1321F81C300CF11D
:10C4F000010CBC45E2DB2BE04FF0000CF9E70EFB32
:10C500000CF338F9139019FB09F949F3CF3A1AFBE8
:10C5100005FA47F6FF73A3EBE93313FB02A343F3DA
:10C52000CF334FEA8C0A30F92C9013FB09F94FEA0C
:10C53000E93921F82C900AF1020A30F90A9013FB2C
:10C5400009F3DB1321F80A300CF1010CBC45D6DBF2
:10C5500000230FE004FB0C3E30F91E2015FB02F215
:10C56000D21321F81E200CF1010CB445F2DB01338B
:10C570009C4201DDBC46F8E7BDE8F087F0B4049EBC
:10C58000059F069D4FF0000C09E00CEB030405FB32
:10C59000046430F9144041F82C400CF1010C94452E
:10C5A000F3DB002F0EDB002494420EDAE61805FBC5
:10C5B000067630F9166051F824C0664441F82460CC
:10C5C0000134F1E717F1020F16D0F0BC70470CEB05
:10C5D000030405FB046430F9144051F82C703C440A
:10C5E00041F82C400CF1010C9445F0DB0136AE42D1
:10C5F000EBDA4FF0000CF7E70126F8E708B5431E29
:10C60000012B01D9002008BDFEF7E4F900F69800DF
:10C61000F9E72DE9F04F91B00AAF05463961904630
:10C620009946022A50D05300D5F89420C2B9D5F8C3
:10C63000A420B2F1FF3F13D0D5F8A01001EB4101C7
:10C64000D5F8902002EB4202D20009FB08F092FBE1
:10C65000F0F291FBF2F2796C9142A8BF1146796435
:10C660007A6CD31A93FBF8F340F2FB429342A8BFD3
:10C67000134603F1010A03FB0883073323F0070382
:10C68000ADEB030D0DF1280BCCB00AAB7B61184666
:10C6900000F03DFDD5F88830FB60D5F88030BB60F8
:10C6A000AB6F7B60D5F8DC30C5F88830D5F8EC305E
:10C6B000C5F88030D5F8BC30AB676E6C36B101235D
:10C6C000AB6700243E6029E00323ADE7C5F8E43002
:10C6D000F7E7296F09FB01F104FB01F10AFB04B63E
:10C6E0003B6D0893002307930693059304930393EC
:10C6F0000293FB6C0193CDF800A033464A4638699B
:10C7000000EB41012846E1F797FB021E3BDB314677
:10C71000786900F0FFFC002838DB0134444513DA67
:10C7200000236B6408F1FF33A342D4BF002201222F
:10C73000C5F89028BA6C002ACBD0A342C9D140F2E8
:10C74000EA33C5F88830C4E73E68D5F89430B3FAC8
:10C7500083F35B090293002101917B6C00933B6C96
:10C7600042467869E3F78AFE002812DBFB68C5F8C9
:10C770008830BB68C5F880307B68AB676E641C3757
:10C78000BD46BDE8F08F6FF00200F8E76FF00200E1
:10C79000F5E76FF00200F2E770B500242546A446E5
:10C7A0000BE030F91CE031F91C601EFB065532F934
:10C7B0001C601EFB06440CF1010C9C45F1DB049B44
:10C7C0001D60059B1C6070BD10B50446002003462B
:10C7D00006E034F913C031F913E01CFB0E000133FD
:10C7E0009342F6DB10BD2DE9F04F83B00090084670
:10C7F00001920C99B0F900B0B0F902A0B0F9049020
:10C80000B0F90680B0F90870B1F90050B1F90240F2
:10C81000B1F904E0B1F906C0B1F9082000201AE02E
:10C82000009931F9106031031BFB05111AFB04114B
:10C8300019FB0E1118FB0C1117FB021101F5006119
:10C8400041F30F31019A22F8101001306246F4468C
:10C85000A6462C4635469842E2DB0C990D804C806A
:10C86000A1F804E0A1F806C00A8103B0BDE8F08F8A
:10C870002DE9F04F87B0DDF840B0119E129FB7FA56
:10C8800087F7C7F11F040194C7F111074FF6FF7432
:10C89000ADF81440ADF81640002503950495CBF88B
:10C8A00000500124CBF80440AC4607E031F91C509D
:10C8B00015FB05F535412C440CF1010C9445F5DBD5
:10C8C0000025CDF840B025E0DDF80480C8F10E0861
:10C8D0000CFA08FC0FFA8CFC2AE0ADF816C00494A0
:10C8E000DDF840C0CCF8045005EB020C31F91CC057
:10C8F0001CFB0CFC4CFA06FC31F91EE01EFB0EFE84
:10C900004EFA06FEACEB0E0CA4446446012CB8BFF4
:10C91000012401359D423CDAAE4650F825C0BCF1F9
:10C92000000FE1DD002FCFDD4CFA07FC0FFA8CFC85
:10C930001CFB0CFC4CF3CF3CDDF8108038FB0CF9F1
:10C94000BDF9168034FB08F84FEA4808B8EB490FE8
:10C95000CADADDF80C9039FB0CF8C346BDF914A017
:10C9600034FB0AF84FEA4808B8EB4B0FB5DAADF8DC
:10C9700016A0CDF81090DDF84080D8F80080DDF8E2
:10C980004090C9F80480ADF814C00394C9F8005071
:10C99000AAE707B0BDE8F08F002849D038B50446B3
:10C9A000002947D0002A47D0B1FA81F0C0F11F0E0C
:10C9B000C0F11100B2FA82F3C3F11F0CC3F11103ED
:10C9C000C518002821DD014109B2002B23DD42FA00
:10C9D00003F31BB211FB03F2901315F0010F04D007
:10C9E000B0F5004F1DDA4000013DFFF702F934FBBE
:10C9F00000F460006B10032D16DD013B184147F673
:10CA0000FE7398421ADC00B215E0CEF10E0E01FA68
:10CA10000EF109B2D9E7CCF10E0C02FA0CF213B206
:10CA2000D8E7D0130135E0E7C3F101039840E6E70A
:10CA300000207047002038BD0020FCE747F6FF705B
:10CA4000F9E7F0B593B00D46002408940994ADF8C9
:10CA500028400768A446214608E057F82460B14200
:10CA6000B8BF3146B445A8BFB4460134A242F4DC95
:10CA7000CCF1000C6145B8BF6146022B0BD00029F8
:10CA800022DDB1FA81F1D1F115061FD4022B1FD09E
:10CA90004FF0010E32E0D0F804E00027BC463C46DF
:10CAA00008E05EF82460B445B8BFB446B742A8BFFA
:10CAB00037460134A242F4DC7F42BC45B8BFBC46D5
:10CAC0006145B8BF6146DAE70121DAE70026DDE714
:10CAD0000136DDE7046804EBCE0C5CF8041CDCF8DE
:10CAE0000470394454F83E4004EB610C4FEA6C0C7E
:10CAF0004CFA06FC25F81EC00EF1010E5410BEEBD8
:10CB0000620FE7DB02685168126802EB61025210A3
:10CB100032412A80022B42D0189B029301940423B5
:10CB2000009300231A460DA92846FEF7BFF80D9B77
:10CB300003EB63330D930123042B32DC13FB03F26D
:10CB4000520012A901EB830050F8141C31FB02F2D1
:10CB5000A1EB420140F8141C0133EDE735F8121047
:10CB6000436803EBC20C5CF8047CDCF804C0674447
:10CB700053F8323003EB67035B1033410B4425F865
:10CB8000123001329442E9DC2A88436859681B68F4
:10CB900003EB61035B10334113442B80BCE701229C
:10CBA000F0E704220DA90BA8FDF7D5FF47F6FF72A9
:10CBB0000021032911DC47F2333313FB02F242F365
:10CBC000CF3212AB03EB410030F91C3C13FB02F3F4
:10CBD000DB1320F81C3C0131EBE7BDF92C2093B2AC
:10CBE00003F6CD43ADF81430BDF92E1046F266635E
:10CBF00013FB02F2D21312FA81F2ADF81620BDF93E
:10CC0000302013FB01F1C91311FA82F1ADF81810AD
:10CC1000BDF9321013FB02F2D21312FA81F2ADF811
:10CC20001A2013FB01F3DB13ADF81C3008AB0093A3
:10CC300023462A4605A92846FFF7D5FD13B0F0BDC7
:10CC40002DE9F04F8BB004AF80460E4691469E46CC
:10CC500000233B617B6102EB0E014FEAA20B4FEA1E
:10CC60004B02073222F00702ADEB020D04A8891037
:10CC70004A00073222F00702ADEB020D0DF1100A57
:10CC80004FEA6E02BA609200073222F00702ADEB63
:10CC9000020D0DF11702D4087C6022F00702FA6041
:10CCA00004E038F9232020F8132001339B45F8DCF9
:10CCB000002304E036F923202AF813200133994297
:10CCC000F8DC00242546234608E030F9132095427D
:10CCD000B8BF15469442A8BF144601339B45F4DC07
:10CCE0006442AC42B8BF2C46A44600231D461A46F7
:10CCF00008E03AF91240A542B8BF2546A342A8BFB2
:10CD0000234601329142F4DC5B429D42B8BF1D468E
:10CD10006545B8BF6546012DB8BF0125B5FA85F553
:10CD2000C5F11405002D09DD00239B4508DD30F910
:10CD300013202A4120F813200133F6E700250AE0EA
:10CD40000023994206DD3AF913202A412AF81320DC
:10CD50000133F6E76D004FEAAE047B6C019300945B
:10CD60005B46FA685146D6F711FB02900023019307
:10CD700007F11003009323465A465146D7F80CA0FA
:10CD80005046FFF775FD4FF0010C0024B86852467D
:10CD900015E038F91E3004EB0E0B36F91BB013FB0F
:10CDA0000BF32B419A440EF1010EBEEB690FF0DB41
:10CDB0004AEAEA735350D445B8BFD4460134A0427E
:10CDC0001BDDA100002342F824303B69A4EB4303A0
:10CDD000002BB8BF5B42022B0BDD7B69A4EB430346
:10CDE000002BB8BF5B42022BE8DC4FF0000AD646AE
:10CDF000DBE74FF0000AD646D7E7CDF808C001358B
:10CE0000019507F110030093BC6823464FEA6902BD
:10CE10003146F868FFF72CFD3A69002A23DD631ECE
:10CE20009A4229DA02F18043013B9B007C6853F867
:10CE30003430910051F83410501C800050F83440C8
:10CE4000E51AC81A45F69A1630FB06F0B5EB400F06
:10CE500014DC1B1B091B31FB06F1B3EB410F0FDD8B
:10CE60004FF0FF3300E00023C3EB42033A6C136042
:10CE70001C37BD46BDE8F08F0023F5E70123F3E73B
:10CE80000023F1E72DE9F04105460C461746184608
:10CE9000069EDDF81C800022114614E006FB01E32B
:10CEA00035F913C0CCF3CF0C34F91330C3F3CF03EF
:10CEB000ACEB030C1CFB0C220EF1010E8645EDDBE6
:10CEC0000131414501DABE46F8E79013C828A8BFF2
:10CED000C820BDE8F0812DE9F04F83B007460E462B
:10CEE00094469A46DDF830800D9A96463BE00BF169
:10CEF000FF34002C30DB21460E98FEF74AF9A302DE
:10CF000003F50073D9F8002013419BB2A3F5007319
:10CF10009BB2BA6805FB02623AF8121019442AF86B
:10CF20001210BA6805FB026238F81210CB1A28F802
:10CF3000123001350F9B9D4210DABB6805FB03637D
:10CF400038F9134004F50074D9F80020C2F10A033F
:10CF50001C41A345CDDCCAE70024CCE7DDF804C0C2
:10CF6000DDF834E0013666450FDA0EEB86095EF82F
:10CF70002630012098400FFA80FB002BF2DD0025BF
:10CF8000CDF804C0CDF834E0D7E703B0BDE8F08FAA
:10CF90002DE9F04F87B007468B4614469A46DDF8D8
:10CFA00040801199129BDDF84C90159A4FF0000EBD
:10CFB000CDF814B09C464DE00135754545DA9145F4
:10CFC00043DB01EB850B51F82530072BF4DC5CF8D3
:10CFD0002530A342F0D100260194CDF808E003915A
:10CFE000CDF810C00092BB6806FB035338F913401C
:10CFF000E443E40F012221461498FEF7CAF8A40284
:10D00000A4F50074DBF8003001331C41BB6806FB5B
:10D0100003533AF81320A4B222442AF81320BB6821
:10D0200006FB035338F81320121B28F8132009F1CC
:10D03000FF390136009BB342D5DC019CDDF808E0E6
:10D040000399DDF810C01A46B6E77346A6461C469B
:10D050000EF1010EBEF1010F04DC059D234674465E
:10D060009E46AAE707B0BDE8F08F2DE9F04387B0F0
:10D07000171E40DD04460E46994643688BB303787D
:10D080000A785340032B39D839463046FFF74BF91D
:10D09000B0F1000835DD656805EB0803D4F82821F8
:10D0A00002FB03F3B3F5707F2EDC0023039302939E
:10D0B00005F1640304EB43030193023504EB85059A
:10D0C00000950DF117034A4639463046FEF7C9FF71
:10D0D000002803DD636843446360002007B0BDE8B7
:10D0E000F0830B7803704FF4FA513046E0F72AFBD7
:10D0F000C4F82801C8E76FF00300EFE76FF0030002
:10D10000ECE76FF00300E9E76FF00300E6E70022C9
:10D110004260704708B50023FFF7A7FF08BDF0B5D0
:10D12000D1B00C1E26DD06461546944225D026DCDD
:10D1300005A8FFF7ECFF2F1B37442246314638463F
:10D140000BF04AFC2246394605A8FFF7E3FF0446E8
:10D1500010B1204651B0F0BD01230293002101918E
:10D1600000953346069A05A8E3F788F90028F0DC15
:10D170000446EEE74FF0FF34EBE70024E9E74FF019
:10D18000FF34E6E741F2483313FB00F303F5804335
:10D19000DB13A3F53A53273B10FB03F303F580435E
:10D1A000DB13153B10FB03F303F5804347F6FF72D7
:10D1B00002EBE33310FB03F000F5804040F3CF3087
:10D1C000704710B504460020034606E034F913C04A
:10D1D00031F913E01CFB0E0001339342F6DB10BD66
:10D1E0002DE9F041BDF918506C4224B28446002765
:10D1F00018E0BCF900803CF912E013FB0EF615FBB9
:10D20000086606F5804646F3CF362CF8126013FB0D
:10D2100008F814FB0E8E0EF5804E4EF3CF3E2CF820
:10D2200002EB01378E1ABE42E3DCA1EB420101F1B1
:10D230000046013E00EB4600013918E0B0F90060FD
:10D2400030F912C013FB0CFE15FB06EE0EF5804EF6
:10D250004EF3CF3E20F812E013FB06F614FB0C6CE5
:10D260000CF5804C4CF3CF3C20F802C90139002961
:10D27000E4DABDE8F08138B588421BDAC503C4178B
:10D280000846FEF733FDC31705FB03F300FB04322A
:10D29000A5FB00031344C00F40EA430047F6FE73AA
:10D2A000984201DD47F6FF7000B2FFF76BFF40F3D5
:10D2B0004F0038BDCD03CC17FEF718FDC31705FB93
:10D2C00003F300FB0432A5FB00031344C00F40EA44
:10D2D000430047F6FE73984201DD47F6FF7000B247
:10D2E000FFF750FF46F28843A3EB600000B2E0E78F
:10D2F000012A1FDD38B50446084615461146E3F7F6
:10D3000019FA84464FF0000E704600210B460CFBC4
:10D310000E3254F82220114301339C45F7DC0039CA
:10D3200018BF012101FA0EF108430EF1010E7545F7
:10D33000EBDC38BD01207047F8B504460D461646B3
:10D34000B3FA83F2C2F11F0257100F2A1EDDFA1F33
:10D35000520043FA02F0FEF74CFCBDF9183010FB06
:10D3600003FC0CF5804C4CF3CF3C002234F9223006
:10D370001CFB03F3781C0121814003EB6103034193
:10D3800025F812300132B242F0DBF8BDFA1FC2EBD1
:10D39000C272520003FA02F0DDE72DE9F04F87B0C8
:10D3A00000AF044688467A609B465B00073323F053
:10D3B0000703ADEB030D6D464FEA8B03073323F0F4
:10D3C0000703ADEB030DE946002334F91320D20F18
:10D3D00049F8232034F91320002AB8BF524224F818
:10D3E0001320002248F8232025F8132001339B4501
:10D3F000EBDC7B68B3EB6B0F41DD1046134634F971
:10D400001320104401339B45F9DC7B6883420BDB1E
:10D410004FF4804323800123002224F8132001339A
:10D420009B45F9DC4FF48040D7F804A00FFA8AF648
:10D43000FEF75CFC30FB06F636B250464FF0000CAF
:10D44000E246624634F9123013FB06F3DB1348F868
:10D45000223019B225F8121011FB01CC0FFA8CFC06
:10D4600034F912E01EFB01AA9BB25B0025F81230D2
:10D4700058F82230C01A01329345E3DC03E07868A3
:10D480004FF0000CE2460BF1030383420FDA03B2C4
:10D4900013FB03C212B2B5F9001013FB01230FFAFC
:10D4A00083FCD8F800300344C8F800300020002284
:10D4B0009646C7F800904246E04684464EE07B68B8
:10D4C000A3EB0C0676440136B6FA86F6C6F12006C2
:10D4D00008F101081FFA88F8B4F9000050443041FF
:10D4E000B5F80090C1440FFA89F910FB00F040F341
:10D4F000CF3000237B610121C7F810E0C7F80CC0D2
:10D50000BA6034F911305344334135F811204244A4
:10D5100012B213FB03F343F3CF3319FB03FC12FBEB
:10D5200000FEE64532DB01318B45EADCD7F810E03E
:10D53000D7F80CC0BA68796934F911309A4435F8D3
:10D54000113098440FFA88F8023325F8113052F858
:10D550002130013342F821300EF1010EE645AEDBF9
:10D56000D7F80090C4469046002358F8231059F885
:10D570002320504241400A4448F8232001339B4570
:10D58000F3DC60461C37BD46BDE8F08F1846914677
:10D590007961C8E72DE9F04F83B002AF06460C462B
:10D5A00015469946D7F828A0CB1C9B00073323F0DB
:10D5B0000703ADEB030D0DF10808CDF804900092C0
:10D5C00053460122E3F7D6F8BB6B009323462A4665
:10D5D00041463046FFF7E1FE8346FB6A2A46214674
:10D5E0004046DFF7E5FE7B6B43B952462146404695
:10D5F000FFF77EFE0437BD46BDE8F08FB7F9303047
:10D6000000935B46224631464046FFF795FECDF833
:10D610000490009553464FF0FF3221463046E3F721
:10D62000A9F8E2E72DE9F04782B002AF05460C46C3
:10D6300016469846D7F820904FEA810C0CF1070C5B
:10D640002CF0070CADEB0C0D0DF1080A7B6A50466F
:10D65000DFF7DAFE0346B7F9282000922246294672
:10D660005046FFF769FECDF8048000964B464FF018
:10D67000FF3221462846E3F77DF84A4621465046C8
:10D68000FFF736FEBD46BDE8F087F8B504460D4607
:10D6900017460A460146FFF794FD0130B0FA80F3C1
:10D6A000C3F11F035E100F2B0CDDF31F5B0018414D
:10D6B000FEF79FFA10FB07F000F5804040F3CF30F3
:10D6C000002214E0F31FC3EBC3735B009840EFE745
:10D6D000B4F9003010FB03F3711C4FF0010C0CFA8D
:10D6E00001FC03EB6C030B4124F8023B0132AA421C
:10D6F000EEDBF8BDF8B50F461E46002A30D11A46BB
:10D700000146FFF75EFD451C324639463846FFF7B5
:10D7100058FD441C13E030F91EC0CCF34F0C37F910
:10D720001E30C3F34F030CEB0302ACEB030C12FBF4
:10D7300002551CFB0C440EF1010EB645EBDB2846EE
:10D74000FEF790FA05B22046FEF78CFA294600B2A1
:10D75000FFF791FD45F27D1313FB00F0C013F8BDF8
:10D76000012425464FF0000EE7E711E0030243EAEB
:10D7700010239BB211F8010B5840C0F30313434030
:10D7800083EA03339BB2580100F4FF505840013A3A
:10D79000002AEBD170470CE011F8013B434083EACB
:10D7A000131282EAD313180180EA430000F0FE004E
:10D7B000624602F1FF3C002AEED17047C9000431F5
:10D7C000084470474FEAC10C00EBC103DB88994263
:10D7D0000CD08444BCF80410043240F82230CA0053
:10D7E00006328352DB000433C1527047C368012103
:10D7F000914023EA0103C3600432002340F8223041
:10D80000704710B5131D50F8234074B9C368012444
:10D8100094402343C360043240F82210CB001A1D09
:10D8200089B281520633C15210BDE2000432835ADC
:10D830004FEAC10C0CF1040E20F80E300CF1060C6E
:10D8400020F80C40DB00063389B2C1528152EBE76D
:10D8500000B5CB00023330F803E0A2EB010C891ACB
:10D8600001EB5E014FEA4C0E20F803E04FEA410E57
:10D87000D300023320F803E020F832C0C35A02EB91
:10D88000530220F832105DF804FB00B5C9000231E4
:10D8900030F801E04FEAC20C0CF1020C30F80C3009
:10D8A0005B0803EB5E034FEA430E20F801E030F81B
:10D8B0000C1002EB510220F832305DF804FB043901
:10D8C000081AC008704708B500EBC1035A8852080F
:10D8D000B2FA82F2C2F11F02FFF774FF08BD08B569
:10D8E00000EBC1035A885208B2FA82F2C2F11F0259
:10D8F000FFF787FF08BDF8B504460D46CE00B71CFC
:10D90000C15B05EB510100EBC1035B8813F0010F14
:10D910000CD0A15B691A04EBC1035B8813F0010F03
:10D920000ED029462046FFF7DAFFF8BDFFF7CBFF00
:10D93000E25B05EB520229462046FFF7A6FFE8E727
:10D940002046FFF7C0FFA15B2A46691A2046FFF771
:10D950009CFFA35BED1AE4E770B5B1FA81F3C3F164
:10D96000230450F82450CDB1C3F11F024FF0030E31
:10D97000141D50F824404FEAC40C00EBC40676880E
:10D98000B1EB560F14D98444BCF80640161D40F87C
:10D990002640BEF1010E01D0A542E9D1C468C3F111
:10D9A0002002012393405B421C4005D1204670BDFC
:10D9B0002146FFF707FFF9E794FAA4F2B2FA82F2E0
:10D9C000131D50F823402146FFF7FCFEEEE779B126
:10D9D00010B504682046FFF772FF014604EBC00251
:10D9E000538823F0010353802046FFF784FF10BDC6
:10D9F0007047F8B5056841B30B46AA68B2EBD10F82
:10DA000025D90B33DC0821462846FFF7A5FF07463A
:10DA1000F8B1C60005EBC0035B88B4EB530F09D324
:10DA2000AB195A8842F001025A8039462846FFF75E
:10DA3000C5FEF8BD0444224601462846FFF708FF0C
:10DA400021462846FFF74BFFEAE70020F1E70020D8
:10DA5000EFE70020EDE72DE9F843154606684B4255
:10DA60000B4001F1FF3919EA010904D0032B48D812
:10DA70004C46994603E00C4604293DD90423002D69
:10DA800057D0B268B2EBD50F56D96119C91A0B310C
:10DA9000C9083046FFF760FF074600284FD001460F
:10DAA0003046FFF78BFE00EB0908A04408F1FF3871
:10DAB000B8FBF4F804FB08F8A8EB090808EB050428
:10DAC000073424F0070441463046FFF7F8FE0546C8
:10DAD000A41BE410874218D3EF0006EBC5035B8854
:10DAE00005EB53039C421AD33E44738843F0010371
:10DAF00073804046BDE8F8831146FFF77AFF804601
:10DB0000F7E74C4699460423B9E7024639463046C2
:10DB1000FFF79EFE39463046FFF7E1FEDCE722467E
:10DB200029463046FFF794FE21463046FFF7D7FEE0
:10DB3000DAE74FF00008DCE74FF00008D9E74FF0D4
:10DB40000008D6E770B50346043AC81D20F0070068
:10DB50000A4422F00702121AD508186085600023D3
:10DB6000C360B5FA85F1C1F1200EC1F1240189002D
:10DB7000CE1DF10805E003F1040C002440F82C4010
:10DB800001337345F7DB4C00A4B244804FF0000C26
:10DB9000A0F800C044F0010444806B1A4FEA430E21
:10DBA00026F00704A51C20F805E0015322F0070425
:10DBB000951C20F805C002440353538843F0010329
:10DBC0005380FFF78CFE70BD10B50C4611461A4607
:10DBD000029BA04710BD5BB32DE9F04782B007461A
:10DBE000884691461D461A785E789C78DB7804EB6F
:10DBF000820404EB43042C444FF0000A0AE014F8BA
:10DC0000013B45F823402046D9F758F90130044438
:10DC10000AF1010AB245F2D305F1080300936B68DB
:10DC20004A4641463846FFF7CFFF02B0BDE8F087CD
:10DC30006FF0150070470020704708B500F001FB39
:10DC400008BD0FB400B583B004A951F8040B0191CD
:10DC5000FFF7F3FF03B05DF804EB04B070470FB4B7
:10DC600000B583B004A951F8040B0191FFF7E5FF5B
:10DC700003B05DF804EB04B070470B4639B111688E
:10DC8000196041688A4209D0002313607047136805
:10DC9000036041688A42F7D14360F5E74360F3E7E8
:10DCA00008B50A460368002101E019461B682BB13C
:10DCB0009342FAD1FFF7E1FF012000E0002008BD08
:10DCC00001F00701038B23F007030B430383704725
:10DCD0002DE9F04106460F469046816821B10C6857
:10DCE0003CB131B90C4604E00C4602E02346214623
:10DCF0001C4669B14D6843463A463046A847002C59
:10DD0000F4D02368002BF2D0002CF0D12346EEE7AC
:10DD1000BDE8F081038B13F0070303D102680AB159
:10DD200003207047022B03D0012B06D00020704740
:10DD3000428B002AF8D10420704703680BB10520FC
:10DD400070470020704710B504468C46038B002AAC
:10DD500007DB03F007035A1F012A0ED9042B36D024
:10DD600010BDD0E900018CE803000023236063604C
:10DD700001212046FFF7A4FFF2E7D0E900018CE87B
:10DD80000300002222606260062B1BD1DCF8003009
:10DD900053B1628B013262831A461B68002BF7D0A5
:10DDA000002AF5D11346F3E702212046FFF788FF4A
:10DDB0002046FFF7AFFF0028D2D0238B43F020038B
:10DDC0002383CDE700212046FFF77AFFF0E700210B
:10DDD000FFF776FF2046FFF79DFF0028C0D0238B7A
:10DDE00043F020032383BBE750B110B50C4651B17B
:10DDF000081D00F006F910B9A368032B06D810BD62
:10DE00006FF0150070476FF01500F8E76FF0150020
:10DE1000F5E72DE9F04107460C4616461D46194622
:10DE2000201D00F00DF928B180462B4632462146D0
:10DE30003846C047BDE8F0812DE9F04180460C46E8
:10DE400017461E4604E033463A464046FFF7E1FFD8
:10DE5000216831B10D68256063688B42F3D165603C
:10DE6000F1E7BDE8F08108B5EFF311824FF0400C07
:10DE70008CF31288BFF36F8F41610121E2F77CFFC1
:10DE800008BD034670B181B10A688AB14A6892B18F
:10DE90000020186058609860D860186158619861D7
:10DEA000196170476FF0150070476FF015007047EB
:10DEB0006FF0150070476FF01500704770B505469C
:10DEC0000E46FFF791FF041E2EDBEFF31182402375
:10DED00083F31288BFF36F8FB5F818C00CF0070CEE
:10DEE0006B8B4FF6FF718B422CD06446BCF1020F56
:10DEF00008D0BCF1060F19D8DFE80CF01E1818186E
:10DF00001E2A1E0001336B8301230021084628B11D
:10DF100000203060686808B306606E6009BB82F359
:10DF20001188BFF36F8F0BBB204670BD6FF00404E8
:10DF3000002319461846EAE7BCFA8CF14909002388
:10DF40000120E4E76FF00A04002319461846DEE7D3
:10DF50006FF08504002319461846D8E76E602E60DE
:10DF6000DCE702212846E2F707FFDDE700236246EF
:10DF700031462846FFF74DFFD6E710B5EFF3118283
:10DF8000402383F31288BFF36F8F038B03F00703E3
:10DF9000022B07D0012B02D06FF0850408E06FF050
:10DFA000040405E01C46438B013B9BB243832BB129
:10DFB00082F31188BFF36F8F204610BD0221E2F774
:10DFC000DBFEF9E7B8B1C9B138B5EFF311854023ED
:10DFD00083F31288BFF36F8F038B03F00704FFF7FF
:10DFE0005FFE08B1204601E06FF0770085F31188ED
:10DFF000BFF36F8F38BD6FF0150070476FF01500DD
:10E0000070470246B0B1436803F00303022B0BD004
:10E01000032B04D0012B04D06FF015007047036868
:10E020005BB10020906070470368002BF9D16FF05E
:10E03000150070476FF0150070476FF015007047BE
:10E0400010B50346426802F003028160022A04D040
:10E05000032A05D10468002004E00068002401E0E0
:10E060000024204600225A6008B1F7F77BF92046C9
:10E0700010BD70B40346C6684568A81BDC698442BD
:10E0800015D9201AD3F814C0A5EB0C0CA4EB0C0482
:10E09000A24228BF2246904228BF10461A68AD1BF4
:10E0A0002A440A605A6802445A6070BC7047001BD8
:10E0B0002644E6E730B444688368E41A8C422CBFF7
:10E0C000002401248CB90246194481604160C5686E
:10E0D000491BC3698B428CBF0020012008B930BCAA
:10E0E00070472B44D3602046F9E76FF01500F6E740
:10E0F0002DE9F04182B080460E46154600272A469B
:10E1000001A94046FFF7B5FF044602463146019893
:10E110000AF054FC274426442D1B01D0002CEED1DC
:10E1200039464046FFF7C6FF384602B0BDE8F081E9
:10E1300070B4034686690569A81BDC69844211D95D
:10E14000201A9C68641BA24228BF2246904228BF26
:10E1500010461A68AD1B2A440A601A6902441A6103
:10E1600070BC7047001B2644EAE730B40469436979
:10E17000E41A8C422CBF002401248CB902461944B5
:10E18000416101618569491BC3698B428CBF0020D5
:10E19000012008B930BC70472B4493612046F9E751
:10E1A0006FF01500F6E72DE9F04182B080460E468B
:10E1B0001546002709E00246019930460AF0FEFBA9
:10E1C000264427442D1B09D044B12A4601A94046C4
:10E1D000FFF7AEFF0446002EEDD1F2E73946404688
:10E1E000FFF7C3FF384602B0BDE8F081704700205A
:10E1F00070470120704708B50846E2F773FE08BD76
:10E2000008B506F031F808BD08B520EAE070C1177E
:10E21000C90341EA5041C00340F2E733C0184FF44C
:10E220007A724FF0000341F10001C9F75DFAF6F789
:10E2300025FD08BD08B500210846E2F7A3FE002031
:10E2400008BD00B585B003910290002001900090B8
:10E2500003460246014600F01CF805B05DF804FBD9
:10E260000020704770B588B10E4614461946054621
:10E2700033B11030C2F34A23120D18440AF09EFB4A
:10E280002C606E602846E2F73FFF70BDE2F71CFF8E
:10E29000FBE72DE9F04F85B002AF81460D46904671
:10E2A0001E46D7F830B0D7F838A0BAF1000F38D0F2
:10E2B000FB6B7B60009353467A6B10210020E2F7E2
:10E2C000DFFA014600EB0B03173300246FF3000461
:10E2D0006FF341046FF3820469F3C50468F3881493
:10E2E00060F353246BF31F5423F00703ADEB030DCE
:10E2F0000DF108086B4613F1180008D0BAF1000FB1
:10E3000005D0FB6B009353467A6BE2F7B9FA3346BC
:10E31000224629464046FFF7A5FF0C37BD46BDE81B
:10E32000F08F0020CDE700B583B08DF807000B68B3
:10E330004A68526801210DF107009847002003B098
:10E340005DF804FB38B504460D460A2805D0294679
:10E350002046FFF7E8FF002038BD0D20FFF7E3FF60
:10E36000F5E7F8B507460D4614461E4605E0324669
:10E3700021462846B847241A0544002CF7D1F8BD99
:10E3800008B513460122E2F761FF08BD08B5134640
:10E390000022E2F75BFF08BD38B505460C4601F0E8
:10E3A0000101FFF7F3FF21462846E2F7E1FF38BD00
:10E3B0002DE9F04383B080460E4615461F46DDF832
:10E3C00028902C46102D28BF1024CDF800903B46F5
:10E3D000224631464046E2F7DFFF26442D1BF0D1AE
:10E3E00003B0BDE8F08310B5044642685368126874
:10E3F00081680068FFF7B5FF636800221A6010BDEE
:10E400002DE9F04387B006460C469046D1F80890B7
:10E410000F88C7F382170878C0F3C2050846E2F7F1
:10E42000B1FE011E1ADA0023214651F8105BC5F334
:10E430004A256288C2F30B12481905B90021CDF8AC
:10E4400014800492039002910197002200924946A1
:10E450003046E3F703F807B0BDE8F0832846E2F75B
:10E460006DFE0346E0E743681B685B689961002026
:10E47000704743681B681A6852685360704708B554
:10E4800043681B685A68012111771868FFF7ABFFD2
:10E4900008BD38B50C4643681D686B689869E2F79B
:10E4A000BDFD03460F2221462868984738BD00204D
:10E4B000704710B586B00BAC059403940A9C029487
:10E4C000099C0194089C0094FFF7E3FE06B010BD80
:10E4D00010B582B084788DF80040C37803F0030350
:10E4E0008DF804302046E4F707F92046E3F7DAF91F
:10E4F000B0FA80F0400902B010BD08B5914202D0D8
:10E50000FFF7E6FF08BDE3F753FAFBE7F8B504466B
:10E510000E4615461768E3F7B5F800B9F8BD20793F
:10E52000E3F7BAF80028F9D094F90030002B04DBA7
:10E5300063780B2B13D00020F0E763781BB10A2B14
:10E5400007D00020EAE700233B707B700223336092
:10E55000E4E72A4631462046E3F774F8DEE7204632
:10E56000E3F7AAFADAE7F8B50E4604791768204609
:10E57000E3F7A4F8054630B134F0800305D0E3F7A3
:10E5800081F810B905462846F8BD39462046EDF712
:10E59000BFFF00237B7002233360F4E708B590F9D6
:10E5A0000030002B06DB4378012B0AD0032B10D060
:10E5B000002002E043780BB1002008BDFFF7D3FF35
:10E5C000FBE743880BB10020F7E70021E3F7A2F94E
:10E5D000F3E743880BB10020EFE70121E3F79AF955
:10E5E000EBE708B50020E3F7F3FC08BD10F8022BB9
:10E5F000D31E5208023A08E00021C154591E10F8F7
:10E6000002C000F801C0023B013A002BF4DA704767
:10E6100010B582B0044600238DF800304022ADF8DA
:10E6200002208DF804306846EDF77CFE20B9BDF875
:10E630000230E37102B010BD0823ADF80230684625
:10E64000EDF770FE0028F2D00023ADF80230EEE7BF
:10E650002DE9F04383B0054689469046002747E000
:10E66000D8F8002004F1100101238B401A4208D190
:10E6700064F07F038DF800306846EDF753FE0346E3
:10E68000D0B10134E4B20F2C31D8EB7803F003039E
:10E690008DF80430AB88ADF80230AB788DF80030DF
:10E6A00013F0800FDCD1D8F800200123A3401A42D8
:10E6B000E7D18DF80040DFE79DF80020AA703271A5
:10E6C00012F0800F0AD1D8F800200121A1400A439E
:10E6D000C8F80020184603B0BDE8F083D8F8002041
:10E6E00010340121A1400A43C8F80020F2E70137A5
:10E6F00099F81C309F4209D2D9F82060AA7806EB1D
:10E70000C70633799A42F2D10124BCE74FF0FF33B8
:10E71000E0E710B586B00BAC059403940A9C029414
:10E72000099C0194089C0094FFF7B3FD06B010BD4E
:10E73000006810B1043800E0184650B103685B6807
:10E740008B4206D0031DF7D040680028F5D004386E
:10E75000F3E77047006810B1043800E0184660B174
:10E7600003685B685B689B788B4206D0031DF5D01D
:10E7700040680028F3D00438F1E77047006800B122
:10E780000438B0B130B403E0406800B1043870B16F
:10E7900003685C68256A0023227F9A42F4D905EB5E
:10E7A000C30212798A4202D00133DBB2F4E730BCF3
:10E7B0007047704710B586B00BAC059403940A9C63
:10E7C0000294099C0194089C0094FFF762FD06B036
:10E7D00010BD08B5E3F7FCFD28B1436813F1100F35
:10E7E00003D0002008BD0020FCE70120FAE781707B
:10E7F00081764B1CDBB280F82530C37600F8061C0E
:10E80000704708B550F8083C50F8041CD0F89C003C
:10E81000984708BD0369002283F84A2070470369BE
:10E8200093F84A2022B193F848301BB90020704772
:10E8300000207047012070470369002283F84B20B5
:10E840007047036993F849300BB9002070470120E5
:10E850007047036993F8482012B193F84A203AB9F7
:10E8600093F8492032B193F84B302BB90020704710
:10E870000120704700207047012070470120704739
:10E88000036919605A60704770B505460469D4F889
:10E890008C00FFF788FC0646D4F88C301A6999681A
:10E8A000914212D094F8A0206AB1DA6959685B6984
:10E8B000CB1AD31A3F2B06D96A6894F89E3043B915
:10E8C000002384F8A030304670BD002284F849202F
:10E8D000E8E7136A22460021187BE4F711F8EFE716
:10E8E00008B50122FFF7D0FF012801D1002008BDA3
:10E8F0004FF0FF30FBE708B520EAE070C117C9030D
:10E9000041EA5041C00340F2E733C0184FF47A7235
:10E910004FF0000341F10001C8F7E6FEF6F7AEF94B
:10E9200008BD2DE9F04184B005460C4616461F4649
:10E93000D1F80C804046D8F7C1FA80B20290CDF8E9
:10E940000480BDF8283000933B46324621462846D5
:10E9500003F076FA04B0BDE8F0810020704710B5EE
:10E9600086B00BAC059403940A9C0294099C019414
:10E97000089C0094FFF78DFC06B010BD10B586B062
:10E98000002400940194029403940494059401914A
:10E990000292ADF80C306946ECF79CFD06B010BD54
:10E9A00010B586B00BAC059403940A9C0294099CA4
:10E9B0000194089C0094FFF76CFC06B010BD08B5EC
:10E9C000E4F75AF928B1C26832B112683AB19047F7
:10E9D00008BD6FF01500FBE76FF01500F8E76FF06A
:10E9E0001500F5E708B5E4F747F928B1C26832B178
:10E9F00052683AB1904708BD6FF01500FBE76FF021
:10EA00001500F8E76FF01500F5E7F8B50C46154668
:10EA10001E46E4F731F940B1C3684BB19F6857B166
:10EA200033462A462146B847F8BD6FF01500FBE78C
:10EA30006FF01500F8E76FF01500F5E7F8B50C4634
:10EA400015461E46E4F718F940B1C3684BB1DF68BC
:10EA500057B133462A462146B847F8BD6FF0150036
:10EA6000FBE76FF01500F8E76FF01500F5E770B5FC
:10EA70000C461546E4F700F938B1C26842B1166990
:10EA80004EB12A462146B04770BD6FF01500FBE736
:10EA90006FF01500F8E76FF01500F5E78B4201D92C
:10EAA0000020704710B594461C461A46614609F08E
:10EAB00085FF204610BD08B509F0A8FF08BDC309B1
:10EAC00003EB430303EBC30383EA4000C0B2704788
:10EAD0000378CA785340037043788A785340437070
:10EAE00083784A7853408370C3780A785340C37060
:10EAF0000379CA795340037143798A79534043714A
:10EB000083794A7953408371C3790A795340C37139
:10EB1000037ACA7A53400372437A8A7A5340437223
:10EB2000837A4A7A53408372C37A0A7A5340C37213
:10EB3000037BCA7B53400373437B8A7B53404373FD
:10EB4000837B4A7B53408373C37B0A7B5340C373ED
:10EB5000704700B585B002788DF8002042798DF8B5
:10EB60000120827A8DF80220C27B8DF80320027981
:10EB70008DF80420427A8DF80520827B8DF80620DE
:10EB8000C2788DF80720027A8DF80820427B8DF834
:10EB9000092082788DF80A20C2798DF80B20027B3B
:10EBA0008DF80C2042788DF80D2082798DF80E209A
:10EBB000C37A8DF80F3010236A461946FFF76EFFAF
:10EBC00005B05DF804FB70B506460C460878FFF703
:10EBD00076FF05466078FFF772FF6178A278E378E8
:10EBE000484045406A405340337025786078FFF7CD
:10EBF00066FF4540EDB2A078FFF761FFA278E378A9
:10EC0000504045406B407370257863785D40A07834
:10EC1000FFF755FF4540EDB2E078FFF750FFE3788E
:10EC200058404540B5702078FFF749FF2278637857
:10EC3000A578504043405D40EDB2E078FFF73FFFDC
:10EC40004540F57070BD10B584B004460146684675
:10EC5000FFF7B9FF211D01A8FFF7B5FF04F1080177
:10EC600002A8FFF7B0FF04F10C0103A8FFF7ABFF08
:10EC700010236A4619462046FFF710FF04B010BD66
:10EC80000B4613F90F2B002A04DB4FF0000C00F1A8
:10EC90000F0206E04FF0870CF9E713F801094FEA7D
:10ECA000D01C18788CEA400002F801098B42F4D19C
:10ECB000704730B108B558220021FFF7FCFE012053
:10ECC00008BD00207047A0B110B5044610220021F5
:10ECD000FFF7F1FE1022002104F13000FFF7EBFEF8
:10ECE0000023636400224FF48033C4E9142301201D
:10ECF00010BD0020704738B370B50D461646044667
:10ED000021B358220021FFF7D6FEA66429463046DB
:10ED1000E4F730F8102200212046FFF7CCFEA26C69
:10ED200021462046E4F788F804F1100521462846DC
:10ED3000FFF7A6FF294604F12000FFF7A1FF2046B8
:10ED4000FFF7C1FF012070BD002070470020FAE7E7
:10ED5000002864D02DE9F0410D4616460446002AED
:10ED60005FD0002960D0036D426D53EA02015DD08F
:10ED7000013B42F1FF3203654265476C002F3DD0F5
:10ED8000C7F1100846450DD307F1300043462A4627
:10ED900041462044FFF782FE103F3E444544002395
:10EDA000636413E007F1300033462A4631462044BD
:10EDB000FFF774FE636C33446364012032E0E25C6D
:10EDC000E11891F830104A40E25401330F2BF6D984
:10EDD000A26C21462046E4F72FF80FE0E05C15F81E
:10EDE00003C080EA0C00E05401330F2BF6D9A26C6B
:10EDF00021462046E4F720F81035103E102E01D9A8
:10EE00000023F2E70EB901200CE033462A463146D2
:10EE100004F13000FFF742FE6664012002E00020AA
:10EE200070470120BDE8F0810020FBE70020F9E7F2
:10EE300080B338B50C46054671B34A6C102A03D12D
:10EE400001F1100C002319E002F13000C2F11002B0
:10EE500000212044FFF72FFE636C2344802283F8B7
:10EE6000302004F1200CEDE7E25CE11891F830006D
:10EE70001CF8031048404240E25401330F2BF3D9F1
:10EE8000A26C21462846E3F7D7FF2046FFF711FF83
:10EE9000012038BD002070470020FAE7FEE710B5DA
:10EEA00086B00BAC059403940A9C0294099C0194CF
:10EEB000089C0094FFF7EDF906B010BD08B50146B7
:10EEC0000068E4F771F908BD08B5E4F791F9E4F7D3
:10EED000B9F908BD0020704710B586B00BAC059499
:10EEE00003940A9C0294099C0194089C0094FFF7E7
:10EEF000D0F906B010BD08B500231370CB1E092B46
:10EF00001AD8DFE803F005090D1119191919191498
:10EF10001146E4F733FC08BD0021E4F765FBFAE78E
:10EF20000021E4F7EBF9F6E7E4F79AFAF3E7114684
:10EF3000E4F726FB0020EEE7E4F736FB0020EAE7E3
:10EF400008B540B2E4F7DCFD08BD08B540B2E4F70F
:10EF5000E5FD08BD08B512F0010F04D1023140B241
:10EF6000E4F7EEFD08BD0021F9E708B50021012016
:10EF7000E4F71AF908BD61B662B680F31188BFF3F1
:10EF80006F8F704772B6002383F31188BFF36F8FC2
:10EF9000BFF34F8F30BF62B6BFF36F8F704772B64B
:10EFA000002383F31188BFF36F8FBFF34F8F20BF10
:10EFB00080F31188BFF36F8F62B6704743685A1EA3
:10EFC000134206D11F2B06D903681A4205D0002030
:10EFD000704700207047002070470120704710B52F
:10EFE00086B00BAC059403940A9C0294099C01948E
:10EFF000089C0094FFF74DF906B010BD00B585B030
:10F000000B6801934B688A68202B12D9B3F1004F2B
:10F0100011D8013BB3FA83F3C3F11F035B0003F084
:10F020003E031343039301A9E4F790FE05B05DF896
:10F0300004FB0823F5E73E23F3E7F0B585B005466A
:10F0400003A8E2F777FA0646002424E0B3F5801F10
:10F0500020D1576809589368202B64D9B3F1004F29
:10F0600063D8013BB3FA83F3C3F11F035B0003F0E2
:10F070003E0343F0885343F43023009701910293F9
:10F0800069462878E4F762FE0028C0F2A8802B7851
:10F0900001332B700134B44280F0A4802001039925
:10F0A00001EB0412D3681B0D1B05B3F5000F5ED0F6
:10F0B0001DD8B3F5001F3AD0B3F5800FC6D15768FD
:10F0C00009589368202B4ED9B3F1004F4DD8013B1E
:10F0D000B3FA83F3C3F11F035B0003F03E0343F075
:10F0E000E06343F40033009701910293C8E7B3F162
:10F0F000807F56D0B3F1007FCCD157680958936810
:10F10000202B68D9B3F1004F67D8013BB3FA83F3E2
:10F11000C3F11F035B0003F03E0343F48023009719
:10F1200001910293ACE70823A3E73E23A1E75768C8
:10F1300009589368202B12D9B3F1004F11D8013B25
:10F14000B3FA83F3C3F11F035B0003F03E0343F004
:10F15000885343F4002300970191029390E708231A
:10F16000F5E73E23F3E70823B9E73E23B7E75768FF
:10F1700009589368202B10D9B3F1004F0FD8013BE9
:10F18000B3FA83F3C3F11F035B0003F03E0343F0C4
:10F19000827300970191029372E70823F7E73E23F9
:10F1A000F5E7576809589368202B10D9B3F1004F41
:10F1B0000FD8013BB3FA83F3C3F11F035B0003F0E5
:10F1C0003E0343F0887300970191029358E70823A8
:10F1D000F7E73E23F5E708239FE73E239DE76FF01F
:10F1E000150000E0002005B0F0BD08B5E4F70AFE08
:10F1F00008BD08B5E4F710FE08BD08B50B694969FC
:10F200009847002008BD08B5E4F77AFE002008BD45
:10F210004FF08053D3F83021D3F83431082A01D08D
:10F2200000207047022B01D000207047012070475A
:10F2300008B5E4F7E3FE034600B14368184608BD8D
:10F2400010B586B00BAC059403940A9C0294099CFB
:10F250000194089C0094FFF71CF806B010BD132819
:10F2600026D8DFE800F02A2222222828280A0D10BA
:10F2700013161616222222191C1F6FF00C0070475D
:10F280006FF0100070476FF0080070476FF01D00BE
:10F2900070476FF0120070476FF00B0070476FF00F
:10F2A000170070476FF0150070476FF0040070474B
:10F2B0006FF0040070476FF0010070470130704735
:10F2C00000F0130070470368986B704710B582B068
:10F2D000144600230093C068FFF7F0FF01AA6946B7
:10F2E00007F025FA78B9009BE3604FF400732360C0
:10F2F000019A53895B026360D369023BA360FFF705
:10F30000AEFF02B010BD6FF00400FAE730B5C9B02F
:10F3100014460846FFF7D2FF694607F0E6F90546AE
:10F3200020B12846FFF79BFF49B030BD9DF80C3057
:10F33000C3F30013204600F8013B0DF11A01D7F783
:10F34000B5FD009BC4F80431EBE708B50846FFF7AC
:10F35000B5FFF2F769FBFFF782FF08BD08B5084665
:10F36000FFF7ACFF07F0C8FAFFF779FF08BD30B52B
:10F37000C9B00D461046FFF7A1FF0446694607F0E5
:10F38000B4F918B9204607F0B7FA48B92846FFF78C
:10F3900095FF214607F01EFBFFF761FF49B030BD26
:10F3A000FFF75DFFFAE708B5C068FFF787FF014682
:10F3B00000221046F2F736F9FFF751FF08BD30B5CD
:10F3C000C9B00C466946006807F068F9054620B1E7
:10F3D0002846FFF744FF49B030BD0DF11A01601C0B
:10F3E000D7F764FD6378002BF2D09DF80C30C3F39F
:10F3F00000132370009BC4F80431E9E708B50068E6
:10F40000F2F784FAFFF72BFF08BD08B5012A05D0F3
:10F41000022A16D02AB16FF0150011E003689B6B29
:10F420001944002911DBCB1700684269D0F810C0DD
:10F430008C459A410CD30A4606F0D8FFFFF70FFF20
:10F4400008BD03681B691944EBE76FF01500F7E787
:10F450006FF01500F4E770B582B005460E460068FF
:10F4600004690A46CB1706F0C1FF40B9B44209DD72
:10F47000286807F0F2F9FFF7F2FE02B070BDFFF75F
:10F48000EEFEFAE72868866B2246E31706F0AEFF29
:10F4900018B900238DF8033003E0FFF7E0FEECE736
:10F4A0000134B442E7DA01AB01220DF1030128680F
:10F4B00006F085FE0028F3D0DDE770B582B0044683
:10F4C0000D46164600680269237A13F0200F03D018
:10F4D000D31706F08BFF30B901AB324629462068BE
:10F4E00006F06DFE18B1FFF7BAFE02B070BD0198CC
:10F4F000FBE700B583B001AB006806F09DFD18B9CD
:10F50000019803B05DF804FBFFF7A9FEF9E708B521
:10F5100083685B680BB1984708BD6FF05700FBE745
:10F5200008B583689B680BB1984708BD6FF057001A
:10F53000FBE708B58368DB680BB1984708BD6FF03F
:10F540005700FBE708B583689B690BB1984708BD76
:10F550006FF05700FBE770B506460D4614466FF096
:10F560007300002C04F1FF3403DB2846B047012868
:10F57000F7D0012800D070BD6FF07300FBE700B535
:10F580008BB0002201920292102307930892C823A5
:10F59000099301A90068FFF7BAFF0BB05DF804FBFF
:10F5A00000B58BB03B2301930123029310230793F3
:10F5B00000220892C823099301A90068FFF7A7FF5A
:10F5C0000BB05DF804FB08B520EAE070C117C90371
:10F5D00041EA5041C00340F2E733C0184FF47A7259
:10F5E0004FF0000341F10001C8F77EF8F5F746FB44
:10F5F00008BD10B586B00BAC059403940A9C029428
:10F60000099C0194089C0094FEF743FE06B010BDCF
:10F6100010B504460120FFF7D6FF2046E5F72EFA85
:10F6200000B110BD2046E5F7A7FE0028F9D06FF025
:10F630008500F6E738B108B5FFF77BFF012814BF56
:10F640000020012008BD0020704708B583685B6872
:10F650000BB1984708BD6FF05700FBE708B583680A
:10F660005B690BB1984708BD6FF05700FBE770B5B9
:10F6700006460D4614466FF07300002C04F1FF346B
:10F6800003DB2846B0470128F7D0012800D070BD21
:10F690006FF07300FBE710B58AB004460D230193A9
:10F6A0000023029390F84C301BB9B0F862301B0471
:10F6B00002933123079300220892C823099301A9DA
:10F6C0002068FFF7C2FFD0B994F84C3063B1039BB8
:10F6D00013F4407F16D113F4604F16D113F4E05F9A
:10F6E0000ED06FF004000BE0039B13F4807F0FD06B
:10F6F000C3F34323042B03D06FF00F0000E001207D
:10F700000AB010BD6FF00C00FAE76FF01500F7E7D4
:10F710006FF00F00F4E710B5CC68A40F047091F8F7
:10F720000EC080F801C091F80DC080F802C091F8B9
:10F730000CC080F803C0D1F808C04FEA1C5CA0F8E8
:10F7400004C0B1F80AC00CF00F0C80F806C0D1F864
:10F7500008E01EF4004F05D0B0F808E04EF0010EAE
:10F76000A0F808E0D1F808E01EF4804F05D0B0F80A
:10F7700008E04EF0010EA0F808E0D1F808E01EF411
:10F78000005F05D0B0F808E04EF0040EA0F808E0E5
:10F79000D1F808E01EF4805F05D0B0F808E04EF024
:10F7A000080EA0F808E0002C47D0012C00F08C8057
:10F7B0004B6813F4804F03D0038943F01003038197
:10F7C0004B68C3F3C61343754B6803F07F0383751F
:10F7D0000B68C3F38263C3750B68C3F3835303766B
:10F7E0000B6813F4001F03D0038943F04003038127
:10F7F0000B6813F4004F03D0038943F080030381A7
:10F800000B6813F4804F03D0038943F480730381A2
:10F810000B6813F4005F03D0038943F40073038182
:10F820000B6813F4805F03D0038943F48063038182
:10F830000B68C3F38123437610BD40F6FC74D1F806
:10F8400008E004EA8E04C460D1F804E044EA9E743F
:10F85000C460D1F804E0CEF3C26E80F810E091F8F5
:10F8600007E00EF0070E80F811E0D1F804E04FEA4F
:10F870001E5E0EF00E0E80F812E0D1F804E0CEF31A
:10F88000824E80F813E0D1F804E0CEF3C23E80F857
:10F8900014E001340EF1020E04FA0EF44FF0010EE2
:10F8A0000EFA0CFC1FFA8CFEBEF5007F04D004FBA0
:10F8B0000EF4640A4FF4007E02B11460002B3FF492
:10F8C00077AFA3F800E073E78C68240404F47C1499
:10F8D000C460B1F806C044EA0C04C4600134A40258
:10F8E00002B11460002B3FF463AF4FF400721A8032
:10F8F0005EE7CB7B0370CB68C3F30F2343800B7BA6
:10F900000371CB7A43718B7A83714B7AC3710B7A13
:10F910000372CB7943724B681B02C360CA781343EE
:10F92000C3600B68C3F30B230382704770B590B0BC
:10F93000144600F1900507910026089610220D92BA
:10F940000E96C8230F930196029201220392059509
:10F95000069301AA07A90068FFF777FE314611E078
:10F9600055F82120130A03F47F4343EA126310027F
:10F9700000F47F000343C1F1030043EA026344F84B
:10F98000203001310329EBDD002010B070BD10B52F
:10F9900086B00BAC059403940A9C0294099C0194D4
:10F9A000089C0094FEF775FC06B010BD30B58DB014
:10F9B0000023019302930393049305930693079303
:10F9C00090F84C3093B1044608AA0921FFF7AEFF26
:10F9D000054610B128460DB030BD04F1680304F1AE
:10F9E000640208A901A8FFF796FEF3E76FF085050A
:10F9F000F0E710B58AB000230193029303930493B8
:10FA0000059390F84C306BB106AA0A21FFF78EFFE0
:10FA1000044610B120460AB010BD06A901A8FFF7A0
:10FA200068FFF7E76FF08504F4E708B583685B6863
:10FA30000BB1984708BD6FF05700FBE708B5836826
:10FA40009B680BB1984708BD6FF05700FBE7002398
:10FA500043800B681B0F0370CB7803F00F034370D8
:10FA6000D1F800C01CF4000F03D04FF0010CA0F837
:10FA700002C0D1F800C0CCF3025C80F804C0B1F839
:10FA800002C00CF00F0C80F805C0D1F800C01CF4C7
:10FA9000004F05D0B0F802C04CF0020CA0F802C034
:10FAA000D1F800C04FEA9C2C0CF01E0C80F806C068
:10FAB000D1F800C00CF0030C80F807C049688160E1
:10FAC000012B0FD0022B07D023B100230AB103B1C1
:10FAD000137070470123F9E7438813F0020F03D135
:10FAE0000423F3E70223F1E70823EFE710B58AB018
:10FAF00004463A230193029140230793C8230993B4
:10FB00000022089201A90068FFF78FFF10B9049B3B
:10FB100023650BB10AB010BD6FF08500FAE730B570
:10FB20008BB004460D462422002101A808F06EFF88
:10FB300010230193029511230793C82309930022F0
:10FB400001A92068FFF771FF0BB030BDF0B591B08F
:10FB500006460C4617461D462422002107A808F039
:10FB600055FF002301930293039304930593069397
:10FB700006230793E10761F07F410891BA000F2344
:10FB8000934021EA0301089105F00F0595402943B0
:10FB9000089111230D93C8230F934023029301234F
:10FBA0000393169B059342F21073069301AA07A9CB
:10FBB0003068FFF73AFF11B0F0BD90F8363013F01F
:10FBC000200F08D090F85C3013F0020F03D001230F
:10FBD00080F86B307047002380F86B30704708B5B1
:10FBE000E5F7D6F808BD70B594B00446242200218C
:10FBF0000BA808F00BFF00230593069307930893C7
:10FC000009930A93B4F862102046FFF7E8FF05460F
:10FC100010B1284614B070BD04F1900633230B9345
:10FC200000230C9311221192C822139212930823DD
:10FC3000069301230793099642F210730A9305AACB
:10FC40000BA92068FFF7F1FE05460028E1D1D4F8A2
:10FC50009020130A03F47F4343EA1263110201F474
:10FC60007F010B4343EA02630093D4F89420130A04
:10FC700003F47F4343EA1263110201F47F010B4353
:10FC800043EA0263019304F16A02694602A8FFF79E
:10FC9000DEFE9DF80D3013F0040F05D0B4F86E3081
:10FCA00043F00403A4F86E309DF80F3013F0010FF9
:10FCB00005D0B4F86E2042F48072A4F86E2013F0E0
:10FCC000020FA6D0B4F86E3043F08003A4F86E3073
:10FCD0009FE708B520EAE070C117C90341EA504127
:10FCE000C00340F2E733C0184FF47A724FF00003BC
:10FCF00041F10001C7F7F8FCF4F7C0FF08BD10B5EB
:10FD000086B00BAC059403940A9C0294099C019460
:10FD1000089C0094FEF7BDFA06B010BD08B5E5F7E3
:10FD2000C9F908BD08B5E5F711F908BD08B5E5F74B
:10FD300067F908BD10B58AB00C4605A9E5F7A2FC25
:10FD400069462046E5F79EFC10220DF101010DF1F8
:10FD5000150008F0A1FD0AB010BD08B503780A78B7
:10FD6000934207D1012B0CD0022B0ED02BB16FF098
:10FD7000150008BDFFF7DEFFFBE740884B88C01A7F
:10FD8000F7E740684B68C01AF3E7102201310130F1
:10FD900008F082FDEDE700B50346042A0FD0102AD3
:10FDA0001DD0022A02D000205DF804FB0022027060
:10FDB00048780A7842EA00225A800120F4E70120BC
:10FDC0001870CA7891F802C04CEA022C91F801E050
:10FDD0000A7842EA0E2242EA0C425A60E4E70246FE
:10FDE000022002F8010BD1F800E0D1F804C08868C5
:10FDF000C968C3F801E0C2F804C09060D160012076
:10FE0000D2E710B50446012300F8013B0621F0F7C4
:10FE100067FA18B9A37963F03F03A37110BD0B68AB
:10FE200003608A888B7982808371037823F00203D0
:10FE3000037070470078C0F3400070471070C0F343
:10FE400007235370030C9370000ED0701171C1F32F
:10FE5000072353710B0C9371090ED171704700B5D4
:10FE6000C379817941EA03214279037943EA022384
:10FE7000C27890F802C04CEA022C90F801E00278B7
:10FE800042EA0E2242EA0C4043EA01415DF804FBDB
:10FE900000207047053815280ED8DFE800F00B0D5C
:10FEA0000D0D0D0D0D0D0D0F0F0D0D0D0F0D0D0D7C
:10FEB0000D0D0D0F03207047022070470120704781
:10FEC0004B09BFF35B8F50F82300BFF35B8F01F04A
:10FED0001F01084100F00100704710B586B00BAC5F
:10FEE000059403940A9C0294099C0194089C009434
:10FEF000FEF7CFF906B010BDB2F801C0034623F8F3
:10FF000088CBD1F800C0C0F888C0B1F804C08979A6
:10FF1000A3F804C09971B2F81730A0F89E30B2F877
:10FF20001930A0F8A430B2F81B30A0F8A630D3786E
:10FF3000C370002343721B22A0F8BE204FF4A473A9
:10FF4000A0F8C030A0F8C220A0F8C43070472DE956
:10FF5000F04104460E4615469846171D3846FFF7F1
:10FF600069FF78B139463046FFF759FFD5F81130AF
:10FF7000C4F80130B5F81530A4F80530012323701A
:10FF8000BDE8F0813946404600F06AF90368336005
:10FF900082888379B280B3716B682360BA88BB7939
:10FFA000A280A371ECE770B5C468B4F8016023784F
:10FFB00003B170BD0F213046E8F7B4FC054640B1EF
:10FFC000E37843720121E8F7D1FB284600F0DDFC1D
:10FFD000EFE7E1783046E5F7D7FBEAE701F01F0CE1
:10FFE000012303FA0CF372B1490900EB8100BFF35E
:10FFF0005B8F50E8002F1A4340E800210029F8D118
:0200000260009C
:10000000BFF35B8F7047490900EB8100DB43BFF30F
:100010005B8F50E8002F1A4040E800210029F8D1FA
:10002000BFF35B8F704701F01F0201239340490922
:1000300000EB8100BFF35B8F50E8002F42EA030121
:1000400040E8001CBCF1000FF6D1BFF35B8F1342F8
:1000500014BF01200020704738B50446022142F247
:100060001600E6F7AFF968B1054602210C3002F040
:1000700046FA238803800022294642F21600E6F75A
:10008000E1F938BD6FF06800FBE7022804D00328CF
:1000900004D0012801D00020704770470420704729
:1000A00070B505460C46032140F20640E6F78AF992
:1000B00068B1064603210C3002F021FA05808470F5
:1000C0000022314640F20640E6F7BCF970BD6FF001
:1000D0006800FBE7F8B506460F461446062142F2D3
:1000E0002200E6F76FF978B1054606210C3002F0E0
:1000F00006FA33880380478084800022294642F232
:100100002200E6F79FF9F8BD6FF06800FBE72DE9E4
:10011000F04107460E4615461C46072142F23200C2
:10012000E6F750F9A8B1804607210C3002F0E7F954
:100130003B8803808670C57004719DF81830A0F864
:1001400005300022414642F23200E6F77BF9BDE875
:10015000F0816FF06800FAE708B5E6F763FD08BDC7
:1001600008B5C068FFF7F8FF08BD028843889A42C7
:1001700017D8052A17D9B3F5486F16D88188B1F575
:10018000FA7F14D2C088A0F10A0292B240F6764CEF
:1001900062450ED801FB0333B3EB800F0BD2012075
:1001A00070470020704700207047002070470020F3
:1001B0007047002070470020704770B505460C4618
:1001C0000E2142F22000E6F7FDF8C0B106460E21EE
:1001D0000C3002F094F90023036043608360838154
:1001E00005802388438063888380A388C380E38855
:1001F0000381314642F22000E6F790FE70BD6FF0B9
:100200006800FBE710B50446F4F766FC2046E7F704
:100210004FF80446F4F778FC204610BD10B5E6F719
:10022000F3FB044608B1204610BDE8F7EDFE044696
:100230000028F8D1E7F78CF8F5E716207047002082
:10024000704710B586B00BAC059403940A9C0294D9
:10025000099C0194089C0094FEF71BF806B010BDA1
:1002600010B919B108467047002070470020704748
:1002700028B139B108B50846E7F758F908BD6FF05D
:10028000150070476FF015007047A0B110B582B02F
:10029000044606216846F0F723F808B102B010BD05
:1002A0009DF8053003F03F038DF805306946204680
:1002B000FFF7DEFFF2E76FF01500704700B1012095
:1002C000704700238B4219D200B502E001338B4204
:1002D00011D200EBC30E30F833C040F20112944546
:1002E000F4D1DEF80420002AF0D0127812F0010FC9
:1002F000ECD0012000E000205DF804FB00207047F6
:1003000000207047034610F4004F0BD1072013F470
:10031000803F01D000F0FD0013F4003F01D000F059
:10032000FB0070470620F2E74B09BFF35B8F50F8E4
:100330002300BFF35B8F01F01F01084100F00100B3
:10034000704738B500F110040E212046FFF7ECFF8E
:1003500080B100250A212046FFF7E6FF08B145F0ED
:1003600001050D212046FFF7DFFF08B145F0040528
:10037000284638BD0225EDE710B586B00BAC0594D4
:1003800003940A9C0294099C0194089C0094FDF734
:1003900080FF06B010BD2DE9F04182B007460D4642
:1003A00016462021E6F70EF800B3804620210C30D7
:1003B00002F0A5F804462022002108F027FB009453
:1003C00033462A461F21601CE7F76EFB044648B9F6
:1003D000002241463846E6F735F80446204602B08A
:1003E000BDE8F081404602F048F8F7E76FF0680496
:1003F000F4E708B542F20800FFF7CDFF08BD08B5E5
:1004000042F20900FFF7C7FF08BD2DE9F04F89B0A0
:1004100004460D4616461F46DDF848809DF84CA060
:100420009DF850B09DF854900023049305930693D3
:100430000793B9F1000F33D1BAF1000F02D0BBF12D
:10044000000F0ED104950596B9F1010F56D0012287
:1004500004A92046FFF7CDFF0346E8B9BBF1000F22
:100460000CD00497CDF81480B9F1020F4CD00122C2
:1004700004A92046FFF7C3FF034668B91034BFF351
:100480005B8F54E8003F43F0040344E80032002A45
:10049000F7D1BFF35B8F0023184609B0BDE8F08F9A
:1004A000E7F724F8019065B10022964207D915F8C4
:1004B0003230083BDBB2012B0FD90132F5E70023C4
:1004C00043BB77B10022904509D917F83230083B79
:1004D000DBB2012B10D90132F5E70123F0E700234D
:1004E000DBB90198D6F7EAFC09238DF808308DF8BE
:1004F0000900019B03939FE70123F1E702AB0693F9
:10050000012307930222A3E702AB0693012307937B
:100510000222ADE76FF01503BEE76FF01503BBE7EE
:1005200008B5436813F4806F07D1026912B113F064
:10053000010F04D0E7F716FB08BD0020FCE7002000
:10054000FAE701F01F0C012303FA0CF372B1490919
:1005500000EB8100BFF35B8F50E8002F1A4340E8A7
:1005600000210029F8D1BFF35B8F7047490900EBE8
:100570008100DB43BFF35B8F50E8002F1A4040E857
:1005800000210029F8D1BFF35B8F704700B501F05F
:100590001F0201239340490900EB8100D943BFF3B7
:1005A0005B8F50E8002F02EA010C40E800CEBEF15C
:1005B000000FF6D1BFF35B8F134214BF0120002060
:1005C0005DF804FB436813F0080F0BD013F4802F81
:1005D0000AD103F4C063B3F5806F01D002207047E5
:1005E00001207047002070470120704770B586B029
:1005F00005460C46012142F20A00E5F7E3FED0B1C0
:1006000006469CB101210C3001F08AFF00940723BB
:1006100005F1100203A93046E5F7C2FE002231467B
:1006200042F20A00E5F70EFF06B070BD00210C3063
:1006300001F076FFEAE76FF06800F5E708B5FFF72D
:10064000D5FF08BD08B5183007F0FFFB08BD0B4605
:1006500039B11168196041688A4209D000231360DA
:1006600070471368036041688A42F7D14360F5E739
:100670004360F3E708B50A460368002101E0194624
:100680001B682BB19342FAD1FFF7E1FF012000E094
:10069000002008BD07280CD007D80238C0B20428B3
:1006A00001D80120704700207047082803D103209B
:1006B0007047022070470020704770B504460CE078
:1006C00083F31188BFF36F8FC0B145688668E7F781
:1006D000DFFD002231462046A847EFF31183402278
:1006E00082F31288BFF36F8F206A0028E8D0026877
:1006F0002262616A8842E3D16262E1E770BD08B5B7
:100700002838FFF7DAFF08BD70B5044608464D6883
:100710008E68E7F7BDFD6FF06D0231462046A847B1
:1007200070BD00B501F01F0201239340490900EBA1
:100730008100D943BFF35B8F50E8002F02EA010C20
:1007400040E800CEBEF1000FF6D1BFF35B8F13423D
:1007500014BF012000205DF804FB4B09BFF35B8F41
:1007600050F82300BFF35B8F01F01F01084100F038
:100770000100704710B586B00BAC059403940A9C39
:100780000294099C0194089C0094FDF782FD06B038
:1007900010BD70B505460C46032A18D8DFE802F0F4
:1007A000021502150026042104F10C0001F0BFFE21
:1007B0002B8843EA06330380238A043B43800223C9
:1007C00023762046E6F7A0FB70BD0126EBE76FF02D
:1007D0001500F9E710B5044627E0013BE36182F319
:1007E0001188BFF36F8F2046E7F796FDF3F7C0FC43
:1007F0001BE082F31188BFF36F8F51B3EFF31183C6
:10080000402282F31288BFF36F8FCA68E261002230
:10081000CA6083F31188BFF36F8F2046FFF774FF20
:100820002046E7F779FDF3F7A3FCEFF311824023AD
:1008300083F31288BFF36F8FE369002BCDD1616919
:100840000029D6D00B686361A0698142D1D1A36130
:10085000CFE710BD10B50446006918B101F00DFED8
:100860000023236110BD38B505460022002305F1A1
:10087000380001F0CEFD034660B19C6900229A6108
:10088000184601F0FAFD002CEFD021462846FFF76C
:100890003BFFEAE72846FFF7DDFF0022002305F1D2
:1008A0005800F3F773FE38BD38B5BFF35B8FD0F84F
:1008B000C830BFF35B8F63B304460D46837AB3B190
:1008C000A37A072B28D12046E7F726FD034630B34D
:1008D0008168A26B02B1B1B104F138030022042196
:1008E000284607F07AFF01232B73002038BD06212C
:1008F0000430FFF716FF0028E2D02046FFF7B3FFD1
:100900006FF07F00F2E700220221284607F065FF22
:10091000E9E76FF07F00E9E76FF07F00E6E76FF04F
:100920007F00E3E770B504460D461646E7F7BCFCCA
:10093000324629462046E7F7E1FD70BDBFF35B8FE5
:10094000D0F8C830BFF35B8FEBB100B506E0BFF362
:100950005B8FD0F8C830BFF35B8F93B100F1C80252
:10096000591CBFF35B8F52E800CF9C4504D142E88D
:10097000001EBEF1000FF6D1BFF35B8FE7D15DF82B
:1009800004FB0020FBE70020704770B582B085783B
:10099000C678C830BFF35B8F50E8003F5A1E40E86E
:1009A00000210029F8D1BFF35B8F0193BFF35B8F68
:1009B000019CBFF35B8F012C03D0012D04D002B04A
:1009C00070BDE7F703FCF8E7012EF8D1012CF6D152
:1009D000E7F760FBF3E7F8B506460D461746002437
:1009E00003E06046FFF7D1FF0134AC421BD2D020B8
:1009F00000FB0460FFF7A2FF84460028F4D0837A4E
:100A0000012B06D05AB2002AEBD0073BDBB2012BF8
:100A1000E7D8BCF80030BB4201D16046F8BD604663
:100A2000FFF7B3FFE0E74FF0000CF6E710B5044620
:100A3000E8F784FB2046E7F7E7FB10BD012070478D
:100A400038B505460C46E7F751FD034688B10572F7
:100A50002268C0F88820A188A279A0F88C1080F8BC
:100A60008E20012282701822A0F8A0202822A0F84F
:100A7000A220184638BD38B5037A8B421ED10446F1
:100A80001546072200F18801284607F005FFB8B196
:100A9000E3784BB1072204F18F01284607F0FCFEF2
:100AA000B0FA80F040090AE0072204F196012846D6
:100AB00007F0F2FEB0FA80F0400900E0002038BDF7
:100AC0000120FCE78830704770B505460C460E21C2
:100AD00042F21300E5F776FCC8B106460E210C3051
:100AE00001F00DFD002202604260826082812B884D
:100AF00003802388438063888380A388C380E3883E
:100B00000381314642F21300E5F79CFC70BD6FF0A3
:100B10006800FBE738B504460D464FF0FF324FF052
:100B2000FF330020E8F7DEF9A37A072B05D1002375
:100B3000836103776B7F437738BD01F09EFC002013
:100B4000FAE77047704710B586B00BAC0594039474
:100B50000A9C0294099C0194089C0094FDF799FB5F
:100B600006B010BD10B50C4643685B699847204637
:100B700001F083FC10BD38B504464568036823B115
:100B80006B6803B1984700232360E3680BB12046EC
:100B900098472B6A0BB12046984738BD10B401F135
:100BA000080300248C60446D2CB123604365086009
:100BB000CA6010BC704743650365F8E710B5006D67
:100BC00038B1083810F1080408D0846834B1083C02
:100BD00004E0044602E0234620461C4640B1FFF7ED
:100BE000CAFF002CF7D0A368002BF5D0083BF3E731
:100BF00010BD08B50431E7F7C9FE08BDF8B50546D4
:100C00000F4614461E46042102F10C0001F08FFC31
:100C1000238A043B03804780069B324621462846B0
:100C2000E7F704FDF8BD30B583B00C460023009310
:100C30000A460521FFF7E2FF054610B9284603B032
:100C400030BD204601F019FCF8E72DE9F843804655
:100C500017461C469DF82060B21C0120E8F7A8FA50
:100C600088B1054600F10C090221484601F047FC15
:100C7000078024B132462146484601F046FC294609
:100C80004046FFF7D0FFBDE8F883006D10B108388B
:100C900000E0184650B1838A8B4207D010F1080358
:100CA000F7D080680028F5D00838F3E7704770B5B2
:100CB00006460C46E8F7C6F9014608221220E8F776
:100CC00077FA88B1054608210C3001F018FC23881A
:100CD000038063884380A3888380E388C380294698
:100CE0003046FFF7A0FF70BD6FF00B00FBE77047C9
:100CF0000B4639B11168196041688A4209D0002356
:100D0000136070471368036041688A42F7D14360FB
:100D1000F5E74360F3E708B50A460368002101E000
:100D200019461B682BB19342FAD1FFF7E1FF01206E
:100D300000E0002008BD002070470346408D5B8B1B
:100D4000984228BF184670470346006820B10268E1
:100D50001A605968884200D070475A60FCE720B199
:100D600019B1884206D8012070470AB100231380C8
:100D70000020704702B110800020704710F1FF0F73
:100D800001D20E2070474042C0B270470120704728
:100D900010B4D468237823B902312170012010BC2B
:100DA000704702318B4205D0038A023B0382002048
:100DB0001061F4E70120F2E7D06803781BB9043131
:100DC00001700120704704318B4206D091680B8A74
:100DD000043B0B8200201061704701207047012006
:100DE000704706207047062070474068704738B546
:100DF0000446807AEAF726FD0546616951B1637AB7
:100E000013F0010F04D1436A1B689B682046984782
:100E1000002363612146284606F025FE38BD10B543
:100E200086B00BAC059403940A9C0294099C01942F
:100E3000089C0094FDF72DFA06B010BD4B09BFF3D6
:100E40005B8F50F82300BFF35B8F01F01F01084157
:100E500000F00100704708B50022002301F0D9FA24
:100E600008BD38B504460D46436A43B105F1880311
:100E7000626AC5F888206362A26A22B138BD0C306C
:100E800006F0D9FDF2E7A362F8E72DE9F04182B060
:100E9000064614464FF495720146206801F00FF99A
:100EA000207548BB0546276831463846FFF797FF4F
:100EB00028B1237A33B1182B18D02B4603E008232E
:100EC00023751AE00223D6F808800193638A009301
:100ED000238AE26831463846C047002802DB238A6D
:100EE000834205D0FFF74AFF207506E00423EAE7B6
:100EF00000232375012500E00025284602B0BDE847
:100F0000F08101F01F0201239340490900EB8100A9
:100F1000BFF35B8F50E8002F42EA030140E8001C5A
:100F2000BCF1000FF6D1BFF35B8F134214BF012059
:100F3000002070472DE9F04F85B080468946144661
:100F400002921D4643680393FFF7F7FE23460022F3
:100F500002E0198A0A445B68002BFAD1904204D857
:100F60000024204605B0BDE8F08F029801F0A3FAF6
:100F700007464FF0000A86E0198A0A445B68002B96
:100F8000FAD1841A07F10C06304601F0F4FA8442D3
:100F900028D3304601F0EFFA0646002E2FD0D9F8BC
:100FA0000440F9683A8A0095B3B20A444946039866
:100FB000A047041E58DB0E9B2BB10F9A21463846E2
:100FC0009847002865D0A346214607F10C0001F0A0
:100FD00096FAA2442C44A5B24046FFF7AEFE029B0F
:100FE00000224AE04046FFF7A8FE029B002202E0F2
:100FF000198A0A445B68002BFAD1861ACDE7029B56
:10100000987AEAF71FFC0022002301F0FCF907465A
:1010100050B10146029C204601F05EFA4046FFF7BF
:101020008CFE3246234604E054469AE7198A0A4465
:101030005B68002BFAD1841A07F10C0B584601F0BB
:101040009AFA844204D3584601F095FA0646A6E778
:101050004046FFF772FE029B02E01A8A16445B6864
:10106000002BFAD1861B9AE7BAF1000F3FF479AF53
:10107000544676E7198A0A445B68002BFAD19042FD
:1010800007D9B34505D14046FFF757FE029B002222
:1010900075E7544665E72DE9F04182B007461446EE
:1010A000D2F80080D8F8046000231373952201461B
:1010B000304601F004F8207340BB054639463046FF
:1010C000FFF764FED8B14046FFF737FEA268138AE7
:1010D000C31A012B1BDD022102F10C0001F00FFAF3
:1010E0000646002301930093A388A2683946404630
:1010F000FFF720FF002805DB3080012507E00823EB
:10110000237304E0FFF73AFE207300E00025284631
:1011100002B0BDE8F0812DE9F04182B007461446E7
:10112000D2F80080D8F8046000231373952201469A
:10113000304600F0C4FF2073C8B905463946304632
:10114000FFF724FE10B90823237311E00023019355
:101150000093A388A26839464046FFF7EBFE0028BB
:1011600001DB012504E0FFF709FE207300E0002504
:10117000284602B0BDE8F0812DE9F84306460F4647
:101180001446D2F8008093684BB1A3681D78012DF6
:1011900013D0022D2ED000252846BDE8F8835068D4
:1011A00001210C3001F0ABF9A06033681B7813B952
:1011B00001230370E9E70223FBE7336893F800900B
:1011C000B9F1000F01D00025E6E7606804210C307A
:1011D00001F095F9E06007803268E36852885A8030
:1011E0004046FFF7AAFD63681B8AC01A0428D3D8BB
:1011F0004D46D1E733681B78022B01D00025CBE7A1
:10120000606812210C3001F07AF9E0600780E36831
:101210003268D2F80150D2F80500D2F80910D2F89D
:101220000D20C3F80250C3F80600C3F80A10C3F833
:101230000E204046FFF781FD63681B8AC01A122802
:1012400001D80025A8E70125A6E770B50668736AEE
:1012500053B1883B13F1880403D0D3F8884004B11C
:10126000883C0022114604E01C46FAE72546234646
:101270002C468BB1834207D05D8DA94238BF2946E9
:101280005B8B9A4238BF1A46002CEFD0D4F88850B6
:10129000002DECD0883DEAE7438D8B4202D8448B89
:1012A000944209D9408B824238BF0246994238BFE6
:1012B00019463068EAF75AFA70BD08B5E8F7D6FB68
:1012C00008BDF8B505460C46FFF737FDA3680022B8
:1012D00003E0B3F810C062445B68002BF9D1904280
:1012E00019D3AC63A668A360F3F7F6FB3146284632
:1012F000FFF7E3FF074630B1A6600023AB63F3F7C7
:1013000003FC3846F8BD2846FFF717FD0146204686
:1013100000F0D9FFF3E76FF07907F2E708B5FFF7C0
:10132000D0FF08BD70B5044608460021FFF786FDD2
:1013300028B1261F54F8043C0BB1626B02B170BD9A
:101340005D68002DFBD02A685A6099688D420FD0E5
:1013500029463046FFF7E2FF0028F0DA54F8043C53
:101360005A682A605D609A68002AE8D19D60E6E7C5
:101370009A60EDE72DE9F8430746446A8CB3883C50
:1013800014F1880503D0D4F8885005B1883D4FF09A
:10139000000846462AE096B12146381DFFF7D4FCE6
:1013A0000646E0B101462046FFF7B8FF002829DADB
:1013B0007B6833607E60BB6873B1A0461AE0B8F109
:1013C000000FE9D02046FFF7B6FC81464046FFF704
:1013D000B2FC8145E0D10DE0BE60A0460AE0A04627
:1013E00008E02546D3E72B462C461D4654B1A36B97
:1013F000002BD0D0002DF6D0D5F88830002BF3D0BC
:10140000883BF1E7BDE8F88370B504460D46014618
:101410002846FFF720FD68B1064601462046FFF743
:101420004CFF044608B9204670BD3146284606F0F8
:101430001AFBF8E76FF00104F5E7F8B50446061F5C
:1014400050F8045C00F13003BFF35B8F53E8001FDA
:1014500021F0040143E80012002AF7D1BFF35B8FAB
:101460003DB1636B33B104F138013046FFF7CCFF77
:10147000C0B9F8BD6F68002FF5D03B686B60AA68F3
:1014800097420DD039463046FFF71BFF0028F0DAAF
:101490006B683B606F60AB68002BE4D1AF60E2E744
:1014A000AB60EFE705F10C013046FFF7ADFFE0E779
:1014B00008B580680430FFF7C0FF08BD2DE9F84388
:1014C0008146446A54B3883C14F1880503D0D4F8AB
:1014D000885005B1883D002637460EE009F10C0121
:1014E0002046FFF791FF0646E0B1CDB1D5F8883030
:1014F00003B1883B27462C461D469CB116F1020FCE
:10150000ECD1002FEAD02046FFF715FC8046384684
:10151000FFF711FC8045E1D13C46E6E72546DAE7D6
:101520002B46E7E7BDE8F88338B504460D46E8F7F3
:101530009DFA00B938BD294604F13C0000F099FF3E
:10154000F8E730B587B00546E8F784FA8446EE46FA
:1015500004460FCCAEE80F0094E803008EE80300C9
:101560000023CCF80030CCF80430CCF80830CCF8AC
:101570000C30CCF81030CCF814302846FFF737FC8C
:101580009DF804300BB907B030BD6846E8F7E4FABF
:10159000F9E701B970472DE9F041064615461C46AA
:1015A0000F4604220121E8F70DFB804658B10421C3
:1015B0000C3000F0A4FF0770A0F80150C470414641
:1015C0003046FFF7B1FFBDE8F08130B585B0054684
:1015D0000C4601F10C0000F0C2FF0346E268218ACC
:1015E00002910192002100910A462846E8F7B4FBD7
:1015F00005B030BD30B585B005460C4601F10C0094
:1016000000F0ADFF0346E268218A029101920022B8
:101610000092132212212846E8F79EFB05B030BD48
:10162000F0B589B0054608460C7C043CE4B2022CB7
:1016300001D0102C42D104210C3000F088FF068824
:1016400047882246011D01A8FEF7A5FBC8B30DF18E
:10165000160239463046FFF782FBF0B100238DF8C1
:1016600018304FF42053ADF81A3006A901A8FEF740
:1016700074FB58B100238DF81C3042F60103ADF81D
:101680001E3007A901A8FEF768FB78B93B46324631
:1016900001A92846E8F748FC11E00123BDF816200F
:1016A00010212846FFF775FF002008E0102332467E
:1016B00019462846FFF76DFF002000E0042009B01E
:1016C000F0BD0E20FBE700B583B0CA6813885288CE
:1016D00000920D220C21E8F709FD03B05DF804FB30
:1016E00000B583B0CB681B88002200920B220A2130
:1016F000E8F7FCFC03B05DF804FBF0B587B00546E5
:1017000008460C7C043CE4B2022C01D0102C23D1FE
:1017100004210C3000F01BFF068847882246011D7B
:1017200001A8FEF738FBC8B10DF116023946304664
:10173000FFF715FB38B13B46324601A92846E8F7CA
:1017400027FD07B0F0BD0123BDF81620082128466B
:10175000FFF71FFF0020F4E70420F2E70E20F0E778
:101760002DE9F04387B007460C46062104F10C0032
:1017700000F0EDFE05884688B0F80480D4F80C909F
:101780000DF10E0231462846FFF7E9FAD0B10023E9
:101790008DF81030ADF812808DF814304FF42053CE
:1017A000ADF8163005A904A8FEF7D7FA98B9237C3E
:1017B00000934B46324629463846E8F72FFD07B0DE
:1017C000BDE8F0830123BDF80E2006213846FFF75F
:1017D000E0FE0020F3E70A232A4606213846FFF7F9
:1017E000D8FE0020EBE770B582B00446CB681D88B8
:1017F0005E880DF1060231462846FFF7B0FA30B197
:10180000324629462046E8F74DFD02B070BD01235F
:10181000BDF8062004212046FFF7BBFE0020F4E7B8
:1018200070B504460D46FFF786FA00BBEB681D88CD
:10183000ABB2162B1DD903212046E8F73FFB064625
:10184000C8B102210C3000F05AFE6FF00D03037096
:101850000123437031462046FFF766FE4FF4F973CB
:10186000638365852046FFF7F0FC002070BD0620ED
:10187000FCE70420FAE70E20F8E708B5E9F7AEF92F
:1018800008BD08B500230A8AC968E8F777FD08BDD6
:1018900010B50446014651F8880B2430FFF73BFA97
:1018A00002E0184600F0E9FD0022002304F13C00AC
:1018B00000F0AFFD03460028F3D1A36B33B16FF006
:1018C0006703002211462046E8F758FD002344F83C
:1018D000343BBFF35B8F54E8003F23F0010344E83F
:1018E0000032002AF7D1BFF35B8F10BD38B5044634
:1018F00050F8045C25B10438FFF7CAFF6B6A03B1E6
:1019000038BD2846E8F77AFD2068E9F74BFFF7E78E
:1019100038B50C46E7F7B0FD48B1054621460C3016
:1019200000F0A7FD2846FFF7C9FD002038BD20467E
:1019300000F0A3FD6FF07F00F8E738B505460C46D0
:10194000F3F7CAF82846E7F797FD68B10346002287
:10195000226082686AB1146084601846FFF70AFD4D
:10196000F3F7D2F8002038BDF3F7CEF86FF07F0020
:10197000F9E784604460F0E70120704708B5E7F7B5
:101980007BFDB8B1436A03B1883B9BB103F13402DC
:10199000BFF35B8F52E8000F20F0080042E800011F
:1019A0000029F7D1BFF35B8FD3F88830002BECD040
:1019B000883BEAE708BD08B50421FFF766F920B1C6
:1019C00003213030FFF73AFA08BD0020FCE770B57C
:1019D0000E4615461C46E8F73DF8C6600561012332
:1019E000C380047570BD0B4621B1096851B1116007
:1019F0001A6070470368136002604368002BF8D1D7
:101A00004260704700231360436813B11A6042605C
:101A100070474260026070470023B3EB510F10D251
:101A200000B510F803C0CA1A013A10F802E000F835
:101A300003E000F802C00133B3EB510FF1D35DF8BE
:101A400004FB7047B0F800C0624512D300B5B1F88E
:101A500000E0734508D9624500D202800A889342AB
:101A600004D90B80012002E0002000E001205DF895
:101A700004FB624500D202800A88934202D90B809F
:101A8000012070470120704710B5002301E00133A9
:101A90009BB2022B19D84FEAD30CB2EBD30F12D959
:101AA00000EB0C04247A03F0070E24FA0EF414F071
:101AB000010FECD011F80C4024FA0EF414F0010FD1
:101AC000E5D1002016E0002300E00023934210D26D
:101AD0006BB9C41894F808C011F803E00EF0070EB3
:101AE0004CEA0E0C84F808C001339BB2EEE70120EB
:101AF00000E0012010BD1060002070471060002041
:101B0000704708B58C4600210B4600E00133012BDD
:101B100008D803EB83020CEB420212898A42F5D902
:101B20001146F3E7BCF81430994205D0ACF8141014
:101B3000DCF8183003B1984708BDFF2801D8C0B2BF
:101B400070470E20704770B5049CA6683EB10546EC
:101B50000846FFF7F2FF024621462846B047A37D1C
:101B6000013BDBB2A375E26812B10BB92046904786
:101B700070BD1060918000207047F0B589B0066894
:101B80003578002D60D1074614467388B3F5245F7D
:101B900019D013D903F55643FF339BB2042B59D800
:101BA000ADF80A1002220DF10A012046FDF7D0F827
:101BB000002839D16FF01503A36546E0A3F5205343
:101BC0009BB2032B44D8ADF80A1002220DF10A0192
:101BD0002046FDF7BDF818B96FF01503A36534E092
:101BE0007388ADF80A3002220DF10A012046FDF794
:101BF000AFF878B17E6800200090132303AA39461D
:101C0000B047021E0ADB03A92046FDF7A1F838B150
:101C100001251AE06FF01503A36516E0A26514E034
:101C20006FF01503A36510E07388ADF80A30022247
:101C30000DF10A012046FDF78BF808B1012504E0FB
:101C40006FF01503A36500E00125284609B0F0BD3B
:101C50000125FAE70125F8E710B586B00BAC05942D
:101C600003940A9C0294099C0194089C0094FCF73C
:101C700010FB06B010BD4B09BFF35B8F50F823007B
:101C8000BFF35B8F01F01F01084100F001007047B6
:101C900001F01F0201239340490900EB8100BFF3CB
:101CA0005B8F50E8002F42EA030140E8001CBCF1C2
:101CB000000FF6D1BFF35B8F134214BF0120002049
:101CC000704700B501F01F0201239340490900EB62
:101CD0008100D943BFF35B8F50E8002F02EA010C6B
:101CE00040E800CEBEF1000FF6D1BFF35B8F134288
:101CF00014BF012000205DF804FB08B539B10021B4
:101D00000C30FFF7C5FF80F00100C0B208BD002114
:101D10000C30FFF7D6FFF9E708B5FFF7EEFF08BD77
:101D20000023036043608360704708B5E8F742FC16
:101D300008B1FFF7F5FF002008BD08B5022A03D05F
:101D4000E8F7A2FD022008BD00231A4600F1880131
:101D5000007AE8F7A1FCF5E700238360704738B507
:101D600004461546FFF708FE48B93DB904F188015D
:101D7000207AE8F71FFC08B1FFF7EEFF38BD2046D8
:101D8000E8F7F2FB0028F0D0027A12F0010FECD055
:101D90000121FFF7C1FFE8E7994222D838B505468F
:101DA0000C4691421FD3049B23B101681846FDF7EE
:101DB000D4FFD0B9059B2BB1EB68059A934201D0B3
:101DC000012011E0069B1B88013B069A1380089AAC
:101DD00021462846079B9847069B1B8823B900206D
:101DE00002E000207047012038BD0120FCE738B533
:101DF00005460C464FF470200021E8F787FA0346A9
:101E000008B14560C460184638BD70B50446E8F7AF
:101E1000ABFB50B1054604F188063146207AFEF747
:101E20000EFA18B92846E8F7BFFE70BDD4F888301E
:101E3000C5F80130B288B379A5F80520EB71F4E755
:101E400010B5BDF80810BDF81040A1420CD81046DE
:101E5000641AA342A8BF23469CB22246039B19449E
:101E600006F0ACFD204610BD6FF00604FAE710B591
:101E700086B01824ADF810402824ADF81240002494
:101E8000ADF814402A24ADF816400824029404AC9E
:101E90000194BDF820400094FFF7D2FF06B010BDBA
:101EA000F0B587B004460D4616461F46FEF7C5F945
:101EB000ADF81600022302930DF116030193BDF84D
:101EC000303000933B46324629462046FFF7B8FFA4
:101ED00007B0F0BD2DE9F04184B004460D4616462A
:101EE0001F46E5F703FB8046D4F7E8FF80B2029077
:101EF000CDF80480BDF8283000933B463246294691
:101F00002046FFF79DFF04B0BDE8F081F0B587B033
:101F100004460D4616461F4600238DF81430E8F798
:101F200023FB10B1037A8DF814300123029305AB23
:101F30000193BDF8303000933B4632462946204697
:101F4000FFF77EFF07B0F0BD70B586B0BDF8285032
:101F5000CC68267846B1013410260296019400958B
:101F6000FFF76EFF06B070BD6488ADF8164002241E
:101F700002940DF1160401940095FFF761FFF1E75B
:101F8000F0B587B005460C4616461F46C968E8F707
:101F900035FB90B10389ADF81630022302930DF1A1
:101FA00016030193BDF8303000933B46324621467C
:101FB0002846FFF745FF07B0F0BD0023ADF8163007
:101FC000EBE7B8B110B582B0044600238DF80430B9
:101FD00042F60303ADF8063001A90068FDF7BDFE27
:101FE00050B9E368988840B92046E8F725FE0130EB
:101FF00080B202E000207047002002B010BD2DE941
:10200000F0418AB005460C4616461F46D1F80C80B2
:1020100098F806308DF814300846FFF7D2FFADF877
:102020001500D8F800100B7893B94B88ADF817302D
:102030000523029305AB0193BDF8403000933B4666
:10204000324621462846FFF7FBFE0AB0BDE8F08184
:10205000D1F801C0D1F80500D1F80920D1F80D3030
:10206000CDF817C0CDF81B00CDF81F20CDF82330D8
:102070001323DEE708B5E8F70FFF08BD10B586B0FB
:10208000CC6894F800C08DF810C094F901C08DF8A8
:1020900011C0B4F802C0ADF812C094F804C08DF8B5
:1020A00014C0E488ADF815400724029404AC0194F0
:1020B000BDF820400094FFF7C3FE06B010BD12F03B
:1020C000010F05D04B8A13F0950F11D04B688BB1DF
:1020D00012F0020F05D04B8A13F4957F0CD08B6859
:1020E00063B14B8A134013F4DE7F09D1002070479F
:1020F000022070470220704703207047032070477A
:1021000005207047837A072B01D000207047F0B577
:1021100089B005460C461646086800238DF8043041
:1021200042F60303ADF8063001A9FDF716FE50B9DB
:10213000E3689B7913F0300F01D109B0F0BD204660
:10214000E8F782FF0446206800238DF8083042F645
:102150000213ADF80A3002A9FDF7FFFD002836D1C1
:10216000206800238DF80C3042F60213ADF80E30D3
:1021700003A9FDF7F2FD78B3206800238DF8103035
:1021800042F60303ADF8123004A9FDF7E6FD18B3DB
:10219000206800238DF814304FF42053ADF816302A
:1021A00005A9FDF7DAFDB8B1206800238DF81830D5
:1021B00042F60103ADF81A3006A9FDF7CEFD58B17D
:1021C0002046E8F741FF04460028C9D1B5E720467C
:1021D000E8F73AFF0446C3E7206800238DF81C3077
:1021E00042F60213ADF81E3007A9FDF7B6FD10B98F
:1021F000E768002402E000209FE70134012C13D897
:1022000004EB840307EB4302013217F8131028464E
:10221000FEF731FC0028F0D004EB840307EB430306
:102220001B893342E9D088E7002086E72DE9F04199
:1022300007460C46E8F798F9002842D00646037A8C
:1022400013F0010F03D101252846BDE8F08100F10C
:102250000C0800214046FFF70EFD05460028F3D18B
:102260000CB92546F0E701214046FFF72AFD054657
:10227000F8B93846FFF780FB05460028E4D0384619
:10228000FFF799FB05460028DED0BFF35B8F58E8C7
:10229000003F23F0020348E80032002AF7D1BFF3E1
:1022A0005B8F3846FFF76AFB01213046FFF734FDAC
:1022B000CAE73846FFF762FB01213046FFF72CFDE5
:1022C000C2E70125C0E7704710B586B00BAC059496
:1022D00003940A9C0294099C0194089C0094FBF7C7
:1022E000D8FF06B010BDF0B583B007684FF0FF32DD
:1022F0004FF0FF3300210846FEF77BFC044600F157
:102300000C060121304600F0FAF805250570012180
:10231000304600F0F4F805700023009322460621B1
:102320003846FEF76BFC10B9002003B0F0BD204624
:1023300000F0A3F8F8E76FF08500704700207047C1
:1023400038B50446037F1B3323F00303028B521A74
:10235000856A03FB0255E9F769FAA872237FEB72DD
:10236000284638BD70472DE9F04104460D46174612
:102370001E46807AE9F766FA436A1B68D3F8008044
:102380003A46334629462046C047BDE8F08138B575
:102390000446807AE9F756FA0546616951B1637AD5
:1023A00013F0010F04D1436A1B689B6820469847CD
:1023B000002363612146284605F055FB38BD10B562
:1023C0000446807AE9F73EFA037F1B3323F00303C8
:1023D000826AA41AB4FBF3F010BD70B504460D4632
:1023E000807AE9F72FFA436A5A689E682E6015686A
:1023F0002046FFF7E4FF00FB065070BD0023038278
:102400004369C360704708B5416A8968E9F722FAF1
:1024100008BD08B5F1F772FE08BDEFF31182402345
:1024200083F31288BFF36F8F00230B60436833B1CF
:102430001960416082F31188BFF36F8F704741606C
:102440000160F7E70346EFF31182402181F3128820
:10245000BFF36F8F006828B101681960D3F804C01A
:10246000604504D082F31188BFF36F8F70475960C5
:10247000F8E708B505F0EBFA08BD38B5044603E007
:102480002046FFF784FF2C4684B16568237A013B20
:10249000DBB2237253B9E3606360A07AE9F7D2F943
:1024A000036A002BECD020469847ECE738BD027A4F
:1024B000013202727047034618465B68002BFBD15D
:1024C000704770B504460D4646681EB10846FFF7D2
:1024D000F2FF4660656070BD38B50D4638B1044600
:1024E000FFF7E9FF2946FFF7ECFF204638BD084615
:1024F000FFF7DDFFFAE783680B440360704702686B
:10250000838819448180D018704738B50D46144629
:102510001146FFF7F4FF2246294606F04FFA38BD70
:1025200010B50C460121FFF7EAFF047010BD034609
:102530000068401A18609A880A449A8070470346D7
:102540008288521A828000680844186070470346E7
:1025500000689A88521A9A8001441960704710B531
:1025600003681C880221FFF7EAFF204610BD0268BD
:102570008068101A704738B50446C588FFF7F7FF22
:102580002D1AA088281A38BD08B503691869FDF707
:10259000C5FB08BD08B500690069FDF7C7FB08BDAC
:1025A00008B500690069FDF7BDFB08BD10B50369FA
:1025B0005A681C691068FDF73DF838B194F8D030BE
:1025C000022B01D0012010BD0020FCE70220FAE719
:1025D00038B503695D681C6994F8D030022B10D0BF
:1025E0002868FDF727F870B121462868E2F7CEFA8F
:1025F00018B9022384F8D03004E0012384F8D030E5
:1026000000E0002038BD0220FCE711F0800F05D16A
:1026100011F0080F11D0D0F8A807704711F0080F7B
:1026200002D0D0F8A806704701F00F0101EB81013C
:1026300000EB8100D0F80806704701F00F0101EBB4
:10264000810100EB8100D0F80807704700F07F039C
:1026500010F0800F06D1082B0FD010F0780F0ED19C
:1026600001207047082B04D010F0780F03D101200F
:1026700070470120704700207047012070470020FC
:10268000704708B540F08000E9F768F908BD08B563
:10269000E9F764F908BD10B5044603694361836135
:1026A0000023C360837F33B901232377002363773B
:1026B000A377E37710BD407AEAF7DEFFF4E710B5C1
:1026C00086B00BAC059403940A9C0294099C019477
:1026D000089C0094FBF7DDFD06B010BD10B5044664
:1026E000FBF770FC10F1780F00D010BD2046FBF70F
:1026F00044FCFAE708B500F120030022BFF35B8F2A
:1027000053E8001F012904D143E8002CBCF1000F5D
:10271000F6D1BFF35B8F05D100F10C01C069FFF763
:10272000DDFF08BD0020FCE710B5002400E0013407
:10273000072C09DCE0B2FFF7A4FF037A002BF6D0E8
:10274000407AEBF761F8F2E78820FFF79AFF037A07
:102750000BB9002404E0407AEBF756F8F9E70134AE
:10276000072C09DCE0B2FFF792FF037A002BF6D0CA
:10277000407AEBF749F8F2E70820FFF788FF037A81
:1027800003B910BD407AEBF73FF8FAE708B500F15E
:1027900020030122BFF35B8F53E8001F002904D1FF
:1027A00043E8002CBCF1000FF6D1BFF35B8F0BD1D7
:1027B00000230361436183610123436100F10C0144
:1027C000C069FBF77BFB08BD0020FCE738B5044679
:1027D000E9F7C4F868B10546037A6BB12046EAF719
:1027E000E1FF0024AC772846FFF755FF2C72204606
:1027F00038BD6FF01500FBE76FF07700F8E770B5B4
:1028000005460C461646E9F773FF18B91CB1284671
:10281000E9F7E2FF70BD002EF9D1FBE74FF08053DE
:10282000D3F83031082B01D00020704701207047C9
:102830004FF08053D3F83031082B01D0002070477F
:10284000012070474FF08053D3F83021D3F8343152
:10285000082A01D000207047002B04D8DFE803F0DD
:10286000010000207047012070474FF08053D3F8DB
:102870003031082B01D00020704701207047002024
:10288000704730B44C689C4208D200254560096806
:10289000016093420BD0002030BC704743600D684C
:1028A0000560E41A4C60086818440860F1E70CB948
:1028B0000020F1E70120EFE710B5044608E042F000
:1028C0008000D2B20123934024EA0304EAF7F2F82D
:1028D00054B194FAA4F2B2FA82F211460F2AEED958
:1028E000A2F11000C0B2ECE710BD90FAA0F0B0FA6F
:1028F00080F0704793781B0203F4E06392F803C002
:102900004FEA0C3C0CF4805C43EA0C0392F804C0E0
:102910004FEA0C4C0CF4E02C43EA0C0392F800C094
:102920000CF0030C43EA0C0392F801C04FEA0C1CB4
:102930000CF0300C43EA0C0392F805C04FEA0C5C33
:102940000CF4801C43EA0C039279120602F08072A8
:10295000134300EB0110C0F818357047480070476A
:1029600040B344F22802904234D844F20302904229
:1029700033D3A0F58043033B252B31D8DFE803F0A8
:10298000133016303030301A303030301E303030A6
:102990003022303030303030303030303030303045
:1029A00030303030302600200870704701230B7023
:1029B0000020704702230B700020704703230B7028
:1029C0000020704704230B700020704705230B7014
:1029D000002070476FF0150070476FF015007047CA
:1029E0006FF01500704708B5BFF35B8F50E8003FEC
:1029F0005A1C40E800210029F8D1BFF35B8F1BB1BE
:102A00006FF00F03036708BDEAF770FFFBE708B537
:102A10000838FFF7E8FF08BD08B540304FF0FF3237
:102A20004FF0FF33F1F7CAFB08BD10B5044658302C
:102A30004FF0FF324FF0FF33F1F7C0FB00B12067DA
:102A4000206F10BD10B586B00BAC059403940A9CA2
:102A50000294099C0194089C0094FBF71AFC06B0B0
:102A600010BD38B584460D4600F1740E0C460FCCEF
:102A7000AEE80F002368CEF800300023CCF87030A9
:102A80002B6853B10CF188040FCB84E80F00CCF80D
:102A900074400023ACF8983018B96046EAF726FF76
:102AA00038BD0023BFF35B8F5CE8002F4CE800319A
:102AB0000029F9D1BFF35B8F6046EBF75BF8EFE7D6
:102AC00008B5836C03B108BD4030F1F751FBFAE75C
:102AD00010B50446436F0BB30846D4F88C3043B1AD
:102AE000B4F8982004F17401984701280DD0022809
:102AF0000ED0B4F89830B4F89420934213D2013336
:102B0000A4F8983000210B4604E00121002301E0E5
:102B10000021012353B1D4F8883013BB04F15800CD
:102B2000F1F726FB10BD00210123F3E72046EAF769
:102B3000EFFED4F888301BB92046EAF7D7FEF1E75C
:102B4000BFF35B8F54E8003F5A1E44E80021002980
:102B5000F8D1BFF35B8F012BE4DD2046EAF7C6FE18
:102B6000E0E704F1080005F0B1FCD7E7034619B12E
:102B700001290CD000207047D3F81804C0F300409E
:102B80007AB1D3F8183403F0030313607047D3F815
:102B90000C04C0F3004022B1D3F80C3403F001035D
:102BA00013707047006901EB410189003831084416
:102BB0007047406801EB410100EB810070470069FC
:102BC000C1EBC10100EB8100704708B5C9B2FFF746
:102BD000E9FF806800F0070008BDEFF31182402391
:102BE00083F31288BFF36F8F036813F0C00301D023
:102BF0008B4207D101230360002082F31188BFF3C9
:102C00006F8F70474FF0FF30F7E7EFF311824023EB
:102C100083F31288BFF36F8F036803F0C00C03F0D7
:102C20000703012B08D08C4509D04FF0FF3082F309
:102C30001188BFF36F8F704701600020F7E76FF0D6
:102C40007700F4E7EFF31182402383F31288BFF398
:102C50006F8F036803F0C00343F00203036082F345
:102C60001188BFF36F8F7047F8B506460C46FFF723
:102C700099FF05684768002340F8083BFFF7E2FF2B
:102C80001DB13A4621463046A847F8BD70B5064604
:102C90001546CCB22146FFF785FF29460830FFF7DD
:102CA0009CFF002806DB21463046FFF782FF436881
:102CB0009847002070BD08B58022FFF7E7FF08BDE8
:102CC0002DE9F041064690461F46CDB22946FFF752
:102CD00069FF044606990830FFF797FF002809DBD3
:102CE000C4F80080676029463046FFF762FF03683A
:102CF00098470020BDE8F08110B582B08024009490
:102D0000FFF7DEFF02B010BD10B51446C9B2FFF7E1
:102D100056FF0021A04710BD08B50120EDF7C8FC03
:102D200008BD08B50020EDF7C3FC08BD08B50120BB
:102D300001F01DFF08BD08B5002001F018FF08BD17
:102D400008B520EAE070C117C90341EA5041C00349
:102D500040F2E733C0184FF47A724FF0000341F1AC
:102D60000001C4F7C1FCF1F789FF08BD08B51046A2
:102D7000F1F7FEF908BD4278837890F803C09A1AFB
:102D80003CEA020207D0C2185171013303EA0C0376
:102D90008370002070476FF0680070470023037055
:102DA000437083700139C170027170470020704711
:102DB00038B50C461546E4F78DFB20B12946204670
:102DC000E3F760FE38BD6FF00A00FBE7F0B583B0B3
:102DD0000F4616464FF4806500240AE001AB2A46F0
:102DE00039190020F2F7F8FE70B9019BAB420FD100
:102DF0002C44A64205D9331BB3F5806FEED21D4695
:102E0000ECE708D0162001E06FF0150003B0F0BD2C
:102E10006FF01500FAE70020F8E708B50022114628
:102E20001046F2F7A9FE00B908BD6FF01500FBE7E8
:102E30000B4639B11168196041688A4209D00023F4
:102E4000136070471368036041688A42F7D143609A
:102E5000F5E74360F3E708B50A460368002101E09F
:102E600019461B682BB19342FAD1FFF7E1FF01200D
:102E700000E0002008BD70B504460D461646036804
:102E800033B1FFF7E8FF70B91EB96FF0150006E027
:102E900032B123682B602560636843B1002070BDA8
:102EA0006FF01500FBE7002EF3D10020F7E7656017
:102EB0000020F4E770B50E461546016821B10C6894
:102EC0003CB131B90C4604E00C4602E023462146F1
:102ED0001C4671B18A682A4002D04B683046984738
:102EE000002CF3D02368002BF1D0002CEFD1234627
:102EF000EDE770BD0069003818BF0120704710F081
:102F0000100F04D110F0200F03D1002070470320D0
:102F100070470120704743685B68D3F810350B6039
:102F20000020704743685B6802EA010021EA020161
:102F3000C3F80805C3F80C150020704743685B68A8
:102F4000C3F808150020704743685B68C3F80C1588
:102F50000020704743685A68D2F8043521EA03001C
:102F60000B40C2F80805C2F80C3500207047B0F5D8
:102F7000800F07D0B1F1C06F0DD0B1F1007F08D044
:102F800001207047B1F1007F01D005207047042077
:102F90007047022070470320704708B5006904306D
:102FA000FFF769FF08BD10B500F01F044009EBF7FB
:102FB00051FA30B1014600690122A2400430FFF706
:102FC00079FF10BD10B584B00C464FF080531A6ED7
:102FD0000092596E01910B0A03F47F4343EA116397
:102FE0004FEA012C0CF47F0C43EA0C0343EA016323
:102FF0000293130A03F47F4343EA1263110201F4BC
:103000007F010B4343EA02630393082C00D9082491
:10301000224602A905F0D2FC204604B010BD00B53E
:103020004368136001E008331360136890F808C028
:10303000D0F804E00EEBCC0C634505D293F805C044
:103040008C45F0D1002001E06FF001005DF804FB39
:1030500008B511B9EBF7BEFB08BDEBF7A7FBFBE723
:1030600010B50469204604F04FFC0023636110BDD5
:1030700070B58568426806696B680BB3044692F8C0
:10308000263013F0010F02D00024204670BD4FF00F
:10309000FF324FF0FF333046F0F774FF7369013BA6
:1030A000736143B96B6820469847041E04DA73695C
:1030B0000133736100E000243046F0F7E3FFE4E7FA
:1030C0000024E2E710B543688468246944B1D3F86A
:1030D00004C08C4507DB1B68934207DCA04710BD8A
:1030E0006FF05700FBE76FF01500F8E76FF0150081
:1030F000F5E710B543688468246A44B1D3F810C07A
:103100008C4507DBDB68934207DCA04710BD6FF0FE
:103110005700FBE76FF01500F8E76FF01500F5E7D3
:1031200070B5456883689E6A9EB195F824400CB1DD
:10313000002303E0B04770BD0133DBB29C4205D9E8
:103140002A6AD25C8A42F7D1B047F4E76FF0850073
:10315000F1E76FF05700EEE72DE9F04182B0044649
:103160000E46D0F808804568076995F82510FF29B4
:103170003AD195F82610C1F3810102290AD000390D
:1031800018BF0121A3681B6B002B32D02046984743
:10319000002826DBA968B1F1004F2DD16969B1F192
:1031A000004F30D12B68B3F1004F33D0A3685B6977
:1031B000002B35D001A920469847002811DB29684B
:1031C000019B99422FDC69688B4233DC002E3CD096
:1031D0007B6901337B6195F8263013F0100F30D1F5
:1031E000002002B0BDE8F081FFF79AFF0028C0DAA6
:1031F000F7E76FF05700F4E70A462046FFF762FF53
:103200000028CBDAEDE70A462046FFF772FF0028D8
:10321000C8DAE6E76A686FF000439A42C6D1D5E79C
:103220006FF05700DDE70A462046FFF74BFF002806
:10323000CCDAD6E70A462046FFF744FF0028C5DA75
:10324000CFE72046FFF714FFCBE795F8263013F0C1
:10325000030F0DD0D8F80030204698470028C0DB77
:10326000A869EBF719FC7B6901337B610020B8E7A3
:103270000020B6E738B513468568046912F4801F4C
:1032800007D012F4402F04D012F0010F01D082F4C5
:10329000402323F4801213F0010F0AD023684FF06B
:1032A000010C0CFA01FC43EA0C0323602B689847DD
:1032B00038BD23684FF0010C0CFA01FC23EA0C0323
:1032C0002360F3E708B503468C4600681979DA886D
:1032D00042EA0C02FFF7CEFF08BD08B532B1012368
:1032E00003FA01F18368DB68984708BD012303FAFC
:1032F00001F183681B699847F7E710B503691C68FB
:1033000001238B401C4202D0B2FA82F25209FFF72D
:10331000E4FF10BD08B54368986A40B1012293F8F4
:103320002C10FFF7EAFF002800DB002008BD6FF03B
:103330008500FBE708B54368986A28B1002293F836
:103340002C10FFF7DAFF08BD6FF08500FBE743683C
:103350001B68B3F1004F03D00020C043C00F70477B
:103360006FF00100F9E739B943681B68B3F1004F0A
:1033700005D01360002070476FF0150070476FF0A4
:103380001500704710B586B00BAC059403940A9CE9
:103390000294099C0194089C0094FAF77AFF06B005
:1033A00010BD38B513468568046912F4801F07D034
:1033B00012F4402F04D012F0010F01D082F4402308
:1033C00023F4801213F0010F0AD023684FF0010C90
:1033D0000CFA01FC43EA0C0323602B68984738BDC4
:1033E00023684FF0010C0CFA01FC23EA0C03236064
:1033F000F3E708B503468C4600681979DA8842EA93
:103400000C02FFF7CEFF08BD08B532B1012303FA65
:1034100001F18368DB68984708BD012303FA01F1D5
:1034200083681B699847F7E710B503691C68012397
:103430008B401C4202D0B2FA82F25209FFF7E4FF3D
:1034400010BD10B582B04468016901230DF1070277
:1034500049682068EBF762FB30B99DF80730FF2B15
:1034600000D0012002B010BD6FF00400FAE7012087
:10347000704710B586B00BAC059403940A9C029477
:10348000099C0194089C0094FAF703FF06B010BD54
:1034900008B520EAE070C117C90341EA5041C003F2
:1034A00040F2E733C0184FF47A724FF0000341F155
:1034B0000001C4F719F9F1F7E1FB08BD2DE9F0416E
:1034C00082B00E461546D0F80480076919E0EB1764
:1034D0005A0142EAD5626C01641B62EB030292005E
:1034E00042EA9472A400641943EB0203DB0043EA4E
:1034F0005473C4F3103444EA43442046FFF7C8FF32
:10350000361B002E0EDD01230DF107027968D8F875
:103510000000EBF703FB024630B99DF80730FF2BA4
:10352000D5D101E06FF07302104602B0BDE8F08122
:103530002DE9F0478AB081460D46D0F8048007692E
:103540000C698E680DF127030393012304930594FE
:103550004B68069309AB07930223089303AB0193CF
:1035600003230293012E37D9FC238DF827303346ED
:10357000013E002B3FD06A6821460020FAF7F5F89B
:10358000030A8DF824308DF82500D8F800007968FA
:103590008368D3F800A0002301AAD047034618BBD4
:1035A00001230DF126027968D8F80000EBF7B6FA8E
:1035B0000346C8B99DF8263003F00F03052B0FD141
:1035C0006B681C440594002269694846FFF776FF42
:1035D00003460028CBD007E0FE238DF82730C6E74E
:1035E0000B2B05D06FF0040318460AB0BDE8F08736
:1035F0006FF08903F8E7AB68012B16D9FD238DF82E
:10360000273001230293D8F80000796883681C688A
:10361000002301AAA04703460028E5D100226969DA
:103620004846FFF74BFF0346DEE70023DCE72DE9C2
:10363000F04780460E46D0F80490056905F1300742
:10364000BC18D1F820A005F1380300E00133A342F3
:1036500003D293F90020002AF8DBA34221D013F80B
:10366000012BB2607AB112F0600F40F0948012F03A
:10367000040F40F0938012F0080F40F0928012F097
:10368000120F40F09180B26902F0F002302A4DD062
:1036900025D8102A00F08B80202A35D06FF08500C5
:1036A00024E005F13104BAF1000F12DD01233A469E
:1036B0006968D9F80000EBF731FA002816DB95F8B5
:1036C0003030FF2B05D10A20FFF7E2FEAAF10A0AEB
:1036D000E9E795F83030FF2B5AD03B46BFE7602A28
:1036E00024D005D9702A07D06FF08500BDE8F08797
:1036F000402A01D0502A03D10022F260904630E0E7
:103700006FF08500F2E70133A34202D21A78002A53
:10371000F9D0A34201D00020E8E74FF47A7240F6D6
:10372000B8314046FFF7CAFE0020DFE79C4204D0D4
:103730001B781B02B3600020D8E701233A46696872
:10374000D9F80000EBF7EAF90028CFD13B46EFE7C4
:10375000F26813F8011B0A43F26008F101085FFAEE
:1037600088F8B8F1030F11D8F2681202F260A34290
:10377000EED105F1310401233A466968D9F8000019
:10378000EBF7CCF90028B1D13B46E1E70020ADE7EB
:103790006FF07300AAE76FF00D00A7E76FF0150058
:1037A000A4E76FF08900A1E76FF004009EE7002016
:1037B0009CE7F0B585B005460E464768046904F1FC
:1037C000300302931521039102A900910121019177
:1037D0000AB1092203924FF0FF3222635A609A60C5
:1037E000DA601A611A75336803F03F0384F83130E8
:1037F00043F0400384F8313073681A0C190E84F8D2
:10380000321084F83320C3F3072284F8342084F87C
:103810003530052204F131010020F9F7BCFF40F0FA
:10382000010084F836003868616883681C686B465C
:103830006A46A04708B105B0F0BD039A3146284654
:10384000FFF7F5FEF7E72DE9F04F8BB00646884607
:103850009146D0F804B0D0F810A0CF6924220021FE
:1038600001A805F0D3F80C2301932023079301232B
:1038700008934FF47A730993B9F1000F27D100E050
:103880001F46002241463046FFF793FF044610B121
:103890007B1E002FF4DC002C41D1DBF80000DAF8AD
:1038A000041083685B689847044620460BB0BDE867
:1038B000F08F49463046FFF73BFE0446DCB9D8F8A6
:1038C0000030122B17D0002CE5D0002FE3DD013F94
:1038D000012241463046FFF76CFF04460028F4D130
:1038E000D8F80030183B012BE3D949463046EBF7B6
:1038F00023FA0446E2E7D8F81C50002201A930461A
:10390000FFF757FF06E0002201A93046FFF751FFFD
:103910000446013D0028D6D0002DF4DCD3E7DBF8C7
:103920000000DAF8041083685B689847BDE74368D5
:103930001B68EFF31182402181F31288BFF36F8F70
:10394000D3F8201131B10021C3F82011D3F8201190
:103950000121D96082F31188BFF36F8F704770B572
:10396000044646683568D5F8043313F4807F03D0E5
:10397000D5F82031002B37D1736813F0100F19D010
:10398000EFF31182402383F31288BFF36F8FD5F8D2
:10399000583113B10023C5F800352369DB680BB13A
:1039A0001B691BB94FF48003C5F8083382F31188F3
:1039B000BFF36F8F2369DA68AAB1D5F8581121B126
:1039C00000211161DA68927B8AB9D5F8242122B1ED
:1039D0000022C5F82421D5F82421DA68136813B130
:1039E00051682046984770BDFFF7A1FFC4E74FF428
:1039F0008002C5F80823DB689973F4E770B582B0DC
:103A000006460C4605694B79012B06D0032B11D0D5
:103A10006FF08503184602B070BD00238DF80630A4
:103A2000A379032B37D1E37943B1012B10D06FF089
:103A30008503EFE710238DF80630F1E700238DF8BA
:103A40000430237943B1022B21D06FF08503E1E7E5
:103A500001238DF80430F4E700238DF80530216848
:103A60003046EBF72FFA0346C0B9726810689DF82C
:103A700005109DF806609DF8042031430A43C0F804
:103A80006C25043594E8030085E80300C2E70E23A3
:103A90008DF80530E3E76FF08503BBE76FF0850332
:103AA000B8E743681B68D3F88004C3F88004704704
:103AB00043681A685B6803F00203D2F8581129B909
:103AC00033B9D2F820312BB900207047012070475C
:103AD000002070470120704743681B680822C3F824
:103AE0000025704710B543681C68C4F84415C4F835
:103AF00048250022C4F82021D4F82011C4F8582108
:103B0000D4F858215B6813F0100F02D10123A36091
:103B100010BD0121FFF7E0FF4FF48003C4F8043328
:103B2000F4E710B4046943681B68D3F810215AB154
:103B3000A26912780A700020C3F81001D3F810218E
:103B400001221A6010BC70474FF0FF30FAE743685B
:103B50001B680069002A0DDDD3F8102162B1002234
:103B6000C3F81021D3F81021826912780A7001205D
:103B700018607047002070470020704743681A683B
:103B80000169EFF31183402080F31288BFF36F8F38
:103B9000C968002088734FF48001C2F8041383F3CE
:103BA0001188BFF36F8F70470369DB6801229A7336
:103BB0007047436819680369DB689A7B5AB9D1F882
:103BC000582152B1D1F8042312F4800F07D00022FB
:103BD0001A610120704700207047002070470020C4
:103BE000704743681B68D3F81001003818BF0120E4
:103BF000704743681B681022C3F80423704743686A
:103C00001B681022C3F80823704743681B684FF4F1
:103C10000072C3F80423704743681B684FF40072B6
:103C2000C3F80823704738B5044643681D68D5F8C3
:103C3000043313F4800F06D1D5F8043313F0100FBA
:103C400007D1002038BDFFF7B4FF0028F4D00120D1
:103C5000F8E72046FFF7C5FF0028F3D00120F1E781
:103C6000012070470369D8680160DB685A607047BB
:103C7000F8B505460669F3689C899442A8BF1446C6
:103C800010330122BFF35B8F53E8000F002803D1EC
:103C900043E80027002FF7D1BFF35B8F1FD1F368F4
:103CA0002246986804F08AFEEFF31187402383F3DD
:103CB0001288BFF36F8F2846FFF7FAFE40B9F3680A
:103CC00000241C6187F31188BFF36F8F2046F8BD75
:103CD000F368224699682846FFF704FFF2E70024BC
:103CE000F4E708B520EAE070C117C90341EA504182
:103CF000C00340F2E733C0184FF47A724FF000036C
:103D000041F10001C3F7F0FCF0F7B8FF08BD70B552
:103D1000064612E075B1EFF31184402383F3128855
:103D2000BFF36F8F3046FFF7C3FE98B984F3118855
:103D3000BFF36F8F0120FFF7D4FF64243046FFF7F5
:103D4000B7FE05460028E5D1012002F0DFFF013C67
:103D5000F4D1DFE7204670BD10B582B0044601AA59
:103D6000FFF75DF9002805DB019B226819791868C7
:103D7000EAF744FD02B010BD10B586B00BAC059457
:103D800003940A9C0294099C0194089C0094FAF7FD
:103D900080FA06B010BD2DE9F041044647683E6840
:103DA000D0F810800021C6F80015C8F80000F868A7
:103DB000FFF7D2FF051E35DB08F104012046FFF7AF
:103DC0001DFE054670BB7B6813F0020F2DD1082342
:103DD000C6F800353B7A5BB9C6F81031D6F8103119
:103DE000D8F81830C6F834350123C6F838353360B2
:103DF0007B6813F0020F03D14FF48073C6F80433CD
:103E00007B6813F0100F03D04FF48003C6F804331F
:103E1000D8F81430C6F844350023C6F848350123D5
:103E2000B360F3602846BDE8F08141463046EBF7C9
:103E30001DF90028CBDA0546F4E710B50446002248
:103E400001210220FBF786F80220FBF779F8012117
:103E50002046FFF7A0FF10BD38B5134685680469FA
:103E600012F4801F07D012F4402F04D012F0010F7B
:103E700001D082F4402323F4801213F0010F0AD002
:103E800023684FF0010C0CFA01FC43EA0C03236099
:103E90002B68984738BD23684FF0010C0CFA01FCE1
:103EA00023EA0C032360F3E708B503468C46006859
:103EB0001979DA8842EA0C02FFF7CEFF08BD08B58F
:103EC00032B1012303FA01F18368DB68984708BD2A
:103ED000012303FA01F183681B699847F7E710B5DE
:103EE00003691C6801238B401C4202D0B2FA82F2A3
:103EF0005209FFF7E4FF10BD08B511B9EBF7F8F868
:103F000008BDEBF7E1F8FBE730B404E008340460E7
:103F10000C68013C0C600C684CB1046865689D42FB
:103F2000F4D3B5FBF3F515600368186801E00020D1
:103F3000106030BC704770B5044615461E460A46F0
:103F400009B30B68636403B35368A364334604F195
:103F5000580204F1480104F14400FFF7D5FF606501
:103F6000ADB12B68E364A3B16B682365334604F1FC
:103F7000600204F1500104F14C00FFF7C5FFE06559
:103F80000023236470BD0B46DCE70023DDE72B46EE
:103F9000E8E70023E9E70368E3B110B50446986851
:103FA00070B171B91AB99A8812F4805F08D1186992
:103FB00003F07BFB23680022197B9868FFF78FFFD3
:103FC00010BD0122197BFFF78AFF2368186903F0EF
:103FD0006CFBF5E7704710B5044601220021FFF79E
:103FE000DAFFA36903B110BD636004F11000F0F7BC
:103FF000BFF8F8E708B5006903688B4206D190F86E
:104000006C3033B9FFF7E7FF002008BD6FF01500F3
:10401000FBE76FF00F00F8E710B50469216404F1C5
:104020002800F0F7A5F8002384F86C3010BD08B51F
:1040300003689B8813F4005F00D008BD0023436031
:104040001030F0F795F8F8E738B50446049DAB88D2
:1040500013F4005F04D0836913B94368AB4208D0FE
:1040600004F110004FF0FF324FF0FF33F0F7A6F8E5
:10407000656038BD10B586B00BAC059403940A9CFE
:104080000294099C0194089C0094FAF702F906B086
:1040900010BD10B584B00024029401940094EBF795
:1040A00031FA04B010BD08B5002201212320FAF72F
:1040B00051FF08BD10B582B0044601AAFEF7AFFF5C
:1040C000002805DB019B226819791868EAF796FB3E
:1040D00002B010BD00B583B00B46002101910091E4
:1040E0000A46EBF7EFFA03B05DF804FBF8B50446B7
:1040F0000F4603F031F9054600223946204603F009
:1041000023F903213846FFF7E5FF00F0ADF8064636
:1041100023685B593BB900F0A7F8831B062BF7D93E
:104120006FF0730500E000253946204603F010F9D2
:1041300001213846FFF7CEFF2846F8BD00B5A2F5AD
:10414000807E4FEA9E0E4FF0010C0CFA0EFC1CEA2A
:10415000010F0DD0815809B900200AE000218150DB
:1041600082581BB11A684CEA02021A60012000E072
:1041700000205DF804FB70B582B006460D460024B1
:10418000019409E0A20001AB02F5A0722946304675
:10419000FFF7D4FF0134E4B2032CF3D915F0010F7B
:1041A00002D0D6F8003143B915F0020F02D0D6F88C
:1041B000043163B9019802B070BD0023C6F8003124
:1041C000D6F80031019B43F001030193ECE7002393
:1041D000C6F80431D6F80431019B43F00203019381
:1041E000E8E7401A20F07F40704700F150039B0041
:1041F0009BB203F1804303F588331868003818BF79
:104200000120704700F150039B009BB203F18043F3
:1042100003F5883300221A601B68704720F07F4046
:104220007047EFF3108072B6704780F310887047C4
:10423000F0B585B0044617461D46EBF711FB064660
:104240009DF8303002930B9B01930A9B00933A46F2
:104250002B462046EBF7D2FB054631462046EBF7CE
:1042600055FB284605B0F0BD08B5EBF7A7FB08BD28
:1042700003783E2B03D0FF2B08D0002070478378B3
:10428000022B01D000207047012070478378802BDB
:1042900001D0002070470120704710B586B00BACEC
:1042A000059403940A9C0294099C0194089C009430
:1042B000F9F7EFFF06B010BD38B505464FF0FF32F5
:1042C0004FF0FF330520E1F72FFA04466A880432E5
:1042D00029460C30FEF719F92046FBF793FF38BD4D
:1042E00038B5038A83B10446037E4BB1022B0ED14D
:1042F000EBF7A4FD054665B92046FEF7BEF808E0D9
:10430000EBF7BAFD0546F6E76FF0150501E06FF033
:104310001505284638BD10B500F0BBFB4FF0FF3047
:104320004FF0FF31EBF7B0FC044608B1204610BD5A
:10433000C3F7F4FE044610B9EBF7B0FCF6E7EBF771
:10434000ADFCF3E708B5C3F70DFF60B9C3F71EFF77
:1043500060B9C3F72FFF60B9C3F73AFF60B9C3F77D
:1043600045FF60B908BD6FF08500FBE76FF0850081
:10437000F8E76FF08500F5E76FF08500F2E76FF082
:104380008500EFE708B5EBF78DFE08BD0F2303703E
:104390000423437082700123C370818070474FF003
:1043A0000E0C80F800C0427001228270A0F8031049
:1043B000437170478F230370C0230371704701203E
:1043C0007047002303604360037943F020030371C7
:1043D000DBB243F04003037170470023038003788E
:1043E00043F001030370DBB243F002030370DBB25E
:1043F00043F020030370437843F001034370DBB2C2
:1044000043F002034370DBB243F004034370704790
:1044100000230360037843F001030370DBB243F031
:1044200002030370DBB243F004030370DBB243F01A
:1044300008030370DBB243F010030370DBB243F0F8
:1044400020030370837843F002038370DBB243F0F0
:1044500008038370704708B5427810F8033B43EABD
:1044600002231BB240F20642934205D040F21D42A5
:10447000934204D0012008BDCFF7E2FCFBE7CFF761
:10448000E1FCF8E708B50346033093F801C01B7858
:1044900043EA0C231BB240F6634C63452CD001F178
:1044A000060116DC40F6034C634522D040F62D4C45
:1044B000634505D1137803331370CFF778FB07E01A
:1044C00040F60142934202D1CFF76CFB00E001209D
:1044D00008BD40F67B4C634511D040F67C4C6345EB
:1044E00005D1137802331370CFF76AFBF0E7012090
:1044F000EEE7C3F76DFFEBE7CFF75BFBE8E7137879
:1045000004331370CFF75AFBE2E708B503460330D4
:10451000063193F801C01B7843EA0C234FF60B4C8D
:1045200063451CD94FF61D5C634500F28280B3F5EC
:104530007D4F26D3A3F57D431D2B76D8DFE803F00E
:104540004C54575A5D6075757563757566757575EC
:104550007575757569756F75757575757572B3F562
:104560007C4F01D8012008BDA3F57C43013B0A2BF9
:104570005DD8DFE803F0080F5C5C5C275C5C17200B
:104580002A000120EFE713780C3313700846CFF7A9
:1045900019FBE8E71378403313700846FFF71DFF57
:1045A0000020E0E71378581C10701733137008468A
:1045B000CFF725FBD7E71378203313700846CFF7E2
:1045C00070FBD0E7CFF719FBCDE7137801331370F9
:1045D0000846CFF7B7FBC6E7137840331370084699
:1045E000FFF716FF0020BEE7CFF7C2FBBBE7CFF710
:1045F000C1FBB8E7CFF7C0FBB5E7CFF7BFFBB2E72A
:10460000CFF7C2FBAFE7CFF7C1FBACE7CFF7C2FBF9
:10461000A9E7137804331370CFF7BEFBA3E7CFF7F6
:10462000CAFBA0E7CFF7C9FB9DE701209BE701206C
:1046300099E7012097E710B504463022002104F0E5
:10464000E5F9237843F020032370A37843F0800337
:10465000A370637943F040036371DBB243F08003DE
:104660006371A37A43F00403A372A37B43F00803AE
:10467000A373DBB243F02003A373E37B43F0020395
:10468000E373A37D43F00403A375637E43F001034A
:104690006376DBB243F002036376DBB243F00403DC
:1046A0006376DBB243F010036376DBB243F02003A2
:1046B0006376DBB243F040036376DBB243F0800302
:1046C0006376A37E43F00103A376DBB243F00203DB
:1046D000A37694F82D3043F0400384F82D30A37E68
:1046E00043F04003A376DBB243F08003A376E37E7E
:1046F00043F00103E376DBB243F00203E376DBB27F
:1047000043F01003E376DBB243F02003E376DBB241
:1047100043F04003E376DBB243F08003E376237F8C
:1047200043F002032377DBB243F004032377DBB2C9
:1047300043F008032377DBB243F010032377DBB2A7
:1047400043F020032377DBB243F04003237794F850
:10475000203043F0100384F82030DBB243F0200314
:1047600084F8203094F8213043F0400384F821305D
:10477000DBB243F0800384F8213094F8223043F018
:10478000010384F8223094F8233043F0080384F8BE
:104790002330DBB243F0100384F82330DBB243F064
:1047A000200384F82330DBB243F0400384F8233045
:1047B000DBB243F0800384F8233094F8243043F0D4
:1047C000010384F8243094F8263043F0800384F801
:1047D000263094F8223043F0020384F82230DBB212
:1047E00043F0040384F8223094F8293043F00403A2
:1047F00084F8293010BD08B50346881D93F801C020
:104800001B7843EA0C231BB2A3F58053013B082B12
:1048100020D8DFE803F0050B121F1F1F1F1F190010
:10482000137808331370CFF7CAFA14E013784033C3
:104830001370FFF700FF00200DE0137808331370AA
:10484000FFF7BFFD002006E0137806331370CFF7A3
:10485000B8FA00E0012008BD00230360436003783C
:1048600043F001030370DBB243F004030370DBB2D7
:1048700043F008030370DBB243F010030370DBB2B4
:1048800043F020030370437843F001034370DBB22D
:1048900043F040034370704708B5034603300631C8
:1048A00093F801C01B7843EA0C231BB2A3F5005315
:1048B000013B7B2B00F2D880DFE803F03E4148D675
:1048C0005053565D6063D6D6D6D669707376D6D609
:1048D000797F8288D68F959BD6D6D6D6D6A3A9B017
:1048E000B3B6D6D6D6D6D6D6D6D6BCC3C9CCD6D6EF
:1048F000D6D6D6D6D6D6D6D6D6D6D6D6D6D6D6D658
:10490000D6D6D6D6D6D6CFD6D6D6D6D6D6D6D6D64E
:10491000D6D6D6D6D6D6D6D6D6B9D6D6D6D6D6D654
:10492000D6D6D6D6D6D6D6D6D6D6D6D6D6D6D6D627
:10493000D6D6D6D6D6D6D666CFF745FA95E0137832
:10494000033313700846CFF743FA8EE01378083329
:1049500013700846FFF780FF002086E0CFF73AFA91
:1049600083E0CFF739FA80E01378013313700846FB
:10497000CFF734FA79E0CFF733FA76E0CFF732FAAF
:1049800073E0CFF731FA70E0CFF758FA6DE01378A3
:10499000013313700846CFF729FA66E0CFF728FAFB
:1049A00063E0CFF727FA60E0CFF726FA5DE01378EF
:1049B00007331370CFF722FA57E0CFF721FA54E00C
:1049C000137810331370CFF71DFA4EE013780833C5
:1049D00013700846CFF718FA47E0137802331370C4
:1049E000CFF714FA41E0137802331370CFF712FABD
:1049F0003BE01378083313700846FFF7DBFC002018
:104A000033E0137802331370CFF708FA2DE01378F0
:104A1000043313700846CFF703FA26E0CFF702FA03
:104A200023E0EBF785FD20E000F034F81DE000F016
:104A300036F81AE01378083313700846CFF7F4F904
:104A400013E0137804331370CFF7F0F90DE0CFF7CC
:104A5000EFF90AE0CFF7EEF907E0137802331370AD
:104A60000846CFF7E9F900E0012008BD10B586B08F
:104A70000BAC059403940A9C0294099C0194089C35
:104A80000094F9F706FC06B010BD08B5EBF70AFD77
:104A900008BD704708B50021EBF762FD08BD90F82E
:104AA0004010012903D808B5EBF75AFD08BD1220C4
:104AB000704701207047684620F007018D4601B518
:104AC000CBF7DCFBDEF7BEFBBDE801408546704757
:104AD000684620F007018D4601B5CBF789FBBDE89C
:104AE000014085467047684620F007018D4601B5B4
:104AF000CAF7C4FDDEF7A6FBBDE801408546704756
:104B000010B5EBF765FD044608B1204610BD012243
:104B100000210820FAF71EFA012200210B20FAF7E3
:104B200019FA012200211046FAF714FAEDE710B540
:104B300086B00BAC059403940A9C0294099C0194E2
:104B4000089C0094F9F7A5FB06B010BD08B54FF01E
:104B5000FF304FF0FF31EBF797F8D2F71BF9EBF787
:104B60009DF808BD08B5D2F752F8002008BD01280D
:104B700000D0704708B5CAF733FE08BD704708B5C6
:104B8000CAF780FE08BD08B5F0F7A0FF08BD08B55C
:104B9000DEF7ACF9DEF7AAFAFFF7F5FF08BD4278B9
:104BA000007840EA02207047C378827842EA032204
:104BB000437843EA0223007840EA03207047C37930
:104BC000827942EA0322437943EA0223027942EAE4
:104BD0000322C3F30743C17841EA02211B0243EADF
:104BE0001163827842EA01221B0243EA1263417890
:104BF00041EA02211B02007840EA012043EA1161E8
:104C000070470170090A417070470170C1F30723B2
:104C10004370C1F307438370090EC170704702707F
:104C2000C2F307214170C2F307418170120EC270B6
:104C30000371C3F307224271C3F3074282711B0E53
:104C4000C371704700207047002070470239C36964
:104C5000023B8B4204D9036B428901FB023070474F
:104C60000020704770B506460D4601F11A00FFF7A7
:104C700096FF3378032B00D070BD044605F1140075
:104C8000FFF78DFF44EA0040F6E770B506460C4694
:104C9000154691B204F11A00FFF7B3FF3378032BE6
:104CA00000D070BD290C04F11400FFF7AAFFF8E74B
:104CB00001464FF00B0C0020C30143EA50030A7871
:104CC000013152FA83F3D8B2BCF1010CF4D1704730
:104CD00000B586464178013149010020034601E0D4
:104CE000013301338B420AD2022BF9D0420802EB86
:104CF000C0321EF803C01CFA82F290B2F1E75DF8F0
:104D000004FB00EB7100704738B505460C4600699E
:104D10003430FFF749FFA06028693830FFF74FFFB4
:104D2000C4E904012B6993F8213003F00203E37115
:104D30000023E36138BD38B50D46044698B10368D9
:104D40009BB11A78A2B18188DA88914203D00920F8
:104D500000242C6038BD5878EDF72AFD10F00100D2
:104D600009D12468F5E70920F3E71C460920F0E79C
:104D700009200024EDE709200024EAE770B5057951
:104D80000DB9284670BD044600F13C060123826B34
:104D900031464078EDF736FD054688B9002323718A
:104DA000A16BA36ACB1A226A9342EAD2E378022B60
:104DB000E7D101230A4431466078EDF723FDE0E7AF
:104DC0000125DEE770B5836B8B4202D100263046A9
:104DD00070BD04460D46FFF7D1FF06460028F6D108
:104DE00001232A4604F13C016078EDF7FDFC10B187
:104DF00001264FF0FF35A563E9E770B584B006469C
:104E00000D460021EBF73CFD022803D02BD855B30B
:104E1000002400E00024032C0ED806F13C002301FE
:104E200003F5E3731844FFF7BFFE04AB03EB840301
:104E300043F8100C0134EEE70DB16C1E0AE02C466D
:104E400008E03046EBF71CFD6DB901280BD90134A1
:104E5000032C08D804AB03EB840353F8101C00297F
:104E6000EFD10320F0E704B070BD2DE9F84305460B
:104E700091468F1EC369023BBB4200D80027B8464B
:104E80003C460026696B01EB14312846FFF79AFF78
:104E9000844640BBC4F3C80004F0070201239340DA
:104EA000DBB209E0A0460026A7421FD023B901309B
:104EB000B0F5007FE6D201232A1892F83C201A4070
:104EC0005B00DBB20134E9690239A14203D86346D1
:104ED00000244FF40070002AE4D101364E45E3D19E
:104EE00008F1020003E04FF0FF3000E00020BDE8D1
:104EF000F8832DE9F8430646174698468B1E416B0A
:104F000001EB1331C3F3C80503F0070301249C40F0
:104F1000E4B201F101093046FFF754FF024610B137
:104F200001221EE00124731993F83C10214214BFA2
:104F300001230023434513D07319614083F83C10CB
:104F400001233371013F0CD09C4014F0FF04EAD1DF
:104F50001D441C46B5F5007FE4D349460025D8E73B
:104F600002221046BDE8F8832DE9F047012940F2FE
:104F7000868005460C461646C3698B4240F2838004
:104F80000378022B68D036D8012B32D101EB5108BF
:104F9000816A01EB5821FFF715FF074600286FD102
:104FA00005F13C0A08F10109C8F3080814F00104EE
:104FB00048D01AF80830320102F47F6203F00F0380
:104FC0001343DBB20AF8083001232B71A96A01EB05
:104FD00059212846FFF7F6FE0746002850D1C9F3AD
:104FE00008098CB3C6F307130AF8093001232B71A3
:104FF00046E0022744E0033BDBB2012B45D8816A3F
:1050000001EBD411FFF7DEFE0746C8BB2B78042B5B
:105010000CD026F0704605F13C00A30003F4FE73AB
:105020001844FFF7C1FD00F07040064305F13C0055
:10503000A40004F4FE7431462044FFF7E6FD01238A
:105040002B711DE0F3B2BDE71AF80930C6F3032651
:1050500023F00F033343C7E7816A01EB1421FFF705
:10506000B1FE074660B905F13C00640004F4FF742A
:10507000B1B22044FFF7C5FD01232B7100E00227E8
:105080003846BDE8F0870227FAE70227F8E770B54F
:1050900004460D46164607E03246FFF765FF034615
:1050A00058B9E369013BE361E36933B12068EA1A67
:1050B000511C012BF0D90232EFE7184670BDC379BD
:1050C000032B02D000231846704770B5064681684E
:1050D00084694CB14D1C2A463068FFF745FF0346F2
:1050E00020B9013C2946F4E70023F371184670BD4E
:1050F000F8B50568012940F2998003460C46EA6933
:105100008A4240F295802A78013A032A00F292807E
:10511000DFE802F0022B3C4F04EB5406A96A01EBD6
:1051200056212846FFF74EFE10B14FF0FF307EE0CB
:10513000771CC6F308062E4496F83C60A96A01EB7A
:1051400057212846FFF73EFE002875D1C7F3080710
:105150002F4497F83C3046EA032614F0010F01D0A3
:10516000300964E0C6F30B0061E0A96A01EB142189
:105170002846FFF727FE002861D105F13C006400B6
:1051800004F4FF742044FFF70AFD50E0A96A01EB24
:10519000D4112846FFF716FE002853D105F13C0034
:1051A000A40004F4FE742044FFF7FEFC20F07040DD
:1051B0003DE00269416952EA010001D0986810B9E6
:1051C000D879002841D19868201A013A41F1FF317D
:1051D000520A42EAC1526989B2FBF1F2D979022935
:1051E00008D003290BD0022934D0DB6963B16FF0FA
:1051F00000401CE09042F4D829D0601C17E09A6966
:105200008242F0D9601C12E0A96A01EBD411284651
:10521000FFF7D8FD00BB05F13C00A30003F4FE73CB
:105220001844FFF7C1FC20F0004000E00120F8BD69
:105230000120FCE70120FAE74FF0FF30F7E74FF0DD
:10524000FF30F4E74FF0FF30F1E70120EFE76FF0B8
:105250000040ECE70120EAE74FF0FF30E7E72DE9F7
:10526000F04107460E46D0F8008098F80030042B35
:1052700028D04FF40013B34242D916F01F0F42D189
:105280003E63BC680CBB98F80030022B03D9D8F8F9
:105290002C400023FB71C4B9B8F80830B3EB561F9B
:1052A00033D9D8F82C30BB637C63BB6BABB303EB57
:1052B0005623BB6308F13C08C6F308014144F96377
:1052C00000201EE04FF08053D5E7B8F80A506D0279
:1052D000AE420FD321463846FFF70AFF0446B0F12D
:1052E000FF3F14D0012814D9D8F81C30834212D9BA
:1052F000761BEDE721464046FFF7A8FCB863D3E7ED
:105300000220BDE8F0810220FBE70220F9E701203E
:10531000F7E70220F5E70220F3E70220F1E72DE9A5
:10532000F0470746D0F80080894641B9D8F81460A4
:10533000B6B1D8F81C30B34213D8012611E0FFF7FC
:10534000D7FE0546012840F2D780B0F1FF3F00F0BC
:10535000CD80D8F81C30834200F2C8804E4600E071
:105360000126D8F81850002D00F0C08098F80030C1
:10537000042B09D04E4550D04FF0000ABAF1000F6F
:1053800040F0888034467BE0012231464046FFF7FA
:105390006CFD0546431E13F1030F00F2A7800123A5
:1053A0001A4601464046FFF7A4FD0346022800F0D6
:1053B000A580012800F0A480B9F1000F19D10222C4
:1053C000FA71FA79022A00F08C8009F10102AA42EE
:1053D0001BD0FB690BB90123FB612A4649463846BD
:1053E000FFF755FE034600287DD10122FA61AA4647
:1053F0005BE0FA79022AE4D1721CAA42E1D0BA68D1
:10540000B21ABA610322FA71DBE7FA691AB1013202
:10541000FA61AA4649E00222FAE706F1010AD8F841
:105420001C30534501D84FF0020A51463846FFF769
:105430005FFE0546012859D0B0F1FF3F56D0002845
:105440009CD0D8F81430012B06D9D8F81C209A42E9
:1054500005D84FF0000A91E74FF0000A8EE71E468C
:105460004FF0000A8AE721463846FFF741FE05461D
:1054700078B101283AD0B0F1FF3F37D0B44244D0E0
:105480000134D8F81C30A342EDD8012E3BD90224B8
:10549000E9E7A2464FF0FF3251464046FFF764FD70
:1054A000034600BBB9F1000F14D1E3B9C8F814A04A
:1054B000D8F81820D8F81C30023B9A4202D8013A9A
:1054C000C8F8182098F8053043F0010388F8053033
:1054D00055460BE0524649464046FFF745FD034618
:1054E000E3E7AA46E1E7012B03D001252846BDE802
:1054F000F0874FF0FF35F9E70125F7E70125F5E7DC
:105500004FF0FF35F2E75546F0E75546EEE72DE957
:10551000F0470568012940F28E8007460C46914607
:10552000EB698B4240F28A8072B12B78042B02D156
:10553000C379022B08D04FF0FF3249462846FFF7C7
:1055400013FD824600287BD1A04611E0002231469F
:105550002846FFF709FD8246C8B171E0731CA342DB
:1055600003D02B78042B1ED0A046EB69A34227D989
:10557000264621463846FFF7BBFD044600B3012806
:1055800061D0B0F1FF3F61D02B78042BDED1AA6946
:10559000EB69023B9A42E1D20132AA616B7943F096
:1055A00001036B71DAE7A6EB0802002301324146E2
:1055B0002846FFF79EFC8246002841D1A046D4E74A
:1055C0002B78042B02D04FF0000A39E0B9F1000F1C
:1055D00004D14FF0000A87F807A031E097F807A040
:1055E000BAF1000F15D1BC684C450DD021463846A4
:1055F000FFF77EFD01282CD9B0F1FF3F2CD0631CB2
:10560000834201D11C46EFE74C4519D10223FB71BF
:1056100016E0BAF1030F02D04FF0000A10E0BB68A9
:105620004B451CD8BA6913444B451BD30223FB716D
:105630004FF0000A04E04FF0020A01E04FF0020AC6
:105640005046BDE8F0874FF0020AF9E74FF0010A33
:10565000F6E74FF0020AF3E74FF0010AF0E74FF0E8
:10566000000AEDE74FF0000AEAE7F8B505460C46F8
:10567000FFF784FB08B10120F8BD21462846FFF75B
:10568000E5FA0646A86305F13C074FF400720021D5
:10569000384603F0BBF9002400E001346B89A342D3
:1056A00007D90123A21939466878EDF7ABF800282D
:1056B000F3D06889001B18BF0120DDE72DE9F8430E
:1056C000044688460568066B20362B78042B1AD0D2
:1056D0004FF40013B34201D80023A363A36B002B44
:1056E0004CD0C6F308073FB90133A363616B89B996
:1056F0002B89B3EB561F09D926633C353D44E5633E
:105700000020BDE8F8834FF08053E3E70023A36354
:105710000420F6E76B89013B13EA5623ECD12046BF
:10572000FFF7E6FC814601282AD9B0F1FF3F29D0D6
:10573000EB69834216D8B8F1000F1BD0616B20468D
:10574000FFF7EDFD8146F8B101281FD0B0F1FF3F12
:105750001ED001462846FFF788FFD8B9E37943F009
:105760000403E371C4F8349049462846FFF76EFA03
:10577000A063C1E70023A3630420C2E70420C0E7BD
:105780000220BEE70120BCE70720BAE70220B8E705
:105790000120B6E70120B4E7F8B504460F460668D5
:1057A0000021FFF75CFD034610BB00250FE0E26B14
:1057B00092F90020002A01DA002502E00135BD42FD
:1057C00016D001212046FFF779FF034680B9A16B6F
:1057D0003046FFF7F7FA034650B93278042AE6D08C
:1057E000E26B1278E52AE9D0002AE7D00025E8E745
:1057F000042B01D01846F8BD0723FBE770B504461B
:105800000568066BC16CB1F1FF3F03D10023ABB15A
:10581000184670BDFFF723FD0346F8E7E16B0A78F1
:1058200002F07F020A7001222A71226BB24212D268
:1058300000212046FFF742FF034660B9A16B2846CE
:10584000FFF7C0FA034630B92A78042AE6D0E26BA3
:10585000E5211170E7E7042BDAD10223D8E738B548
:105860000D46144640F2B511EDF720F8FF2809D98E
:10587000012C01D8002038BDC0F307232B706870BD
:105880000220F8E718B124B128700120F3E70020C6
:10589000F1E72046EFE72DE9F843D0F80090002328
:1058A0008B76836B002B00F0DC8005460C4699F864
:1058B0000030042B34D0C36CB3F1FF3F00F08E8076
:1058C0004FF00008464647466FE006F118012144B4
:1058D000C6F1FF02023140EA0840FFF7C0FF58B3AB
:1058E00006444FF00008D9F8100090F82330BB426E
:1058F0001CD9B5F5187F18D215F01F0F00D102354D
:105900002844FFF74CF902350137B8F1000FDCD11C
:1059100000F520539BB2B3F5006FD6D28046E2E784
:105920000027B8463E464025DDE70026B8F1000FC7
:1059300004D126B1334606E00646F7E70026731C7D
:1059400026443F22B276234400229A766273D9F825
:1059500010301B7903F03702227313F0100F05D1BA
:10596000D9F810003830FFF72AF901E0002001468D
:1059700020606160D9F810000C30FFF710F96081E9
:10598000D9F810000E30FFF70AF9208169E006F11E
:1059900018012144C6F1FF02023140EA0840FFF736
:1059A0005EFF98B106444FF00008D9F80C3033F888
:1059B000170060B10137B8F1000FE8D100F52053AE
:1059C0009BB2B3F5006FE2D28046EEE70646B8F12F
:1059D000000F00D0002626440023B3760022134691
:1059E00005E009290ED0A018437301320B460A2B9B
:1059F0000FD8E86B591CC35C202BF7D0052BF0D1D6
:105A0000E523EEE70B2AEED8A0182E2646730132C6
:105A1000E9E7A31800215973A37E63B9002A3BD19B
:105A2000511C22443F239376214400238B76EB6B59
:105A30001B7B03B96373EB6BDB7A03F03F032373C8
:105A4000E86B1C30FFF7B0F8206000236360E86B60
:105A50001630FFF7A4F86081E86B1830FFF79FF865
:105A60002081BDE8F88310270AE063189E76013094
:105A7000013123185B7B002BD6D01E462E2BF2D093
:105A8000A3F1410292B2192AEFD8EA6B127B3A4293
:105A9000EBD003F12006E8E7082700210846E8E7F5
:105AA000F8B505460668374617F8014B2046FFF75C
:105AB000C9F840B1B71C76783046FFF7C5F888B111
:105AC00006EB0424A4B214B920462F60F8BD40F2BE
:105AD000B5112046ECF70AFF04460028F4D14FF038
:105AE000FF30F3E74FF0FF30F0E738B5044600250C
:105AF00011E0ECF711FF6B0803EBC533C2B212FAE9
:105B000083F39AB2C3F34E0303EBC233C0F307200F
:105B100010FA83F39DB234F8020B0028E9D128462D
:105B200038BD2DE9F8430746884640242246002127
:105B300002F06CFF85233B70C02387F820300125DD
:105B40000026B14617E029463819FFF75AF8023403
:105B500014F01F0F08D0002DF5D038F81650002D86
:105B6000F1D00136F6B2EEE709F10103DBB238F805
:105B700016203AB19946631CC1223A550022FA54C4
:105B80000234E8E787F8236009F1020987F80190F9
:105B90004046FFF7AAFF014607F12400FFF731F85E
:105BA000BDE8F8832DE9F8430446884606684FF0BF
:105BB000FF094F46042508E0852B28D00021204608
:105BC000FFF77CFD054600285BD1A16B002958D06A
:105BD0003046FFF7F7F80546002852D1E16B0B7805
:105BE000002B4DD03278042AE6D0CA7A02F03F0268
:105BF000A271E52B3ED02E2B3ED022F020000828AB
:105C000014BF0020012040450ED0FF27D6E7236BAC
:105C1000E3642046EBF770FA054698BB33691B79BD
:105C200003F03F03A3712CE00F2A19D113F0400FAA
:105C300006D091F80D9003F0BF03226BE2641F467B
:105C4000BB4201D0FF27B9E74B7B4B4501D0FF2773
:105C5000B4E7F068EAF746FD80B1013FFFB2ADE777
:105C600027B90846FFF724F848450AD04FF0FF331C
:105C7000E36406E0FF27A1E7FF279FE7FF279DE7F3
:105C800004250DB10023A3632846BDE8F8832DE960
:105C9000F84F044607680021FFF7E1FA064600289E
:105CA00040F0AB803B78042B06D04FF0FF33E36429
:105CB0004FF0FF09C84646E0F868FFF716FF834635
:105CC00020E038694044FEF76AFFECF725FE814684
:105CD000FB6833F81A00ECF71FFE81450CD1013D3B
:105CE000EDB208F102080AF1010A2DB118F01F0FF8
:105CF000E7D108F10208E4E725B9FB6833F81A3068
:105D0000002B7AD000212046FFF74CFF06460028E2
:105D100073D13D6905F12400FEF741FF5845F1D1EB
:105D200095F823504FF0000A4FF04008DDE74FF0A0
:105D3000FF33E3644FF0FF0800212046FFF7BEFC6D
:105D40000646002859D1A16B3846FFF73BF80646B6
:105D5000002852D1E56B2B78002B4DD0EA7A02F067
:105D60003F01A171E52BE2D012F0080F15D00F29E9
:105D7000DDD194F84B2012F0400FDDD113F0400F2D
:105D800006D095F80D9003F0BF03226BE2649846AD
:105D900043451ED04FF0FF08CEE70F29E9D0B8F1F8
:105DA000000F04D12846FEF783FF484525D094F81C
:105DB0004B3013F0010F06D10B2204F140012846AD
:105DC00002F06AFDC8B14FF0FF33E3644FF0FF0803
:105DD000B2E76B7B4B4502D04FF0FF08ACE729469A
:105DE000F868EBF739F920B108F1FF385FFA88F865
:105DF000A2E74FF0FF089FE704263046BDE8F88F82
:105E000030B583B004460191056801E00133019388
:105E1000019B1A782F2AF9D05C2AF7D00022A260C1
:105E2000E2611B781F2B1BD8802384F84B3011466E
:105E30002046FFF714FA0346184603B030BD042885
:105E4000FAD112F0040FF7D10523F5E705F13C0173
:105E5000236BC3F3080319442846FEF703FFA06031
:105E600001A92046EAF7C6FF03460028E4D12046F0
:105E7000FFF70DFF94F84B2003460028DFD112F006
:105E8000040FD9D1A37913F0100F11D02B78042B64
:105E9000DCD1A3682362236923F0FF03E279134373
:105EA0006362E36CA36221462846FEF72DFFD7E725
:105EB0000523C1E710B504460B6803600B6A8360D5
:105EC00091F82430C3714B6A23F0FF030022036171
:105ED0004261C261896AC164FFF7C1F900B110BDB6
:105EE0002046EBF709F9FAE7F0B583B006460C68EF
:105EF0004868346070600889897A3081B172052BF6
:105F000013D8072722E00CF1010CBCF10F0F0CD8BD
:105F100001F0010E0EEB4303490813F4803FF2D069
:105F200083F4883383F02103EDE711880029E8D05A
:105F300002324FF0000CE8E707F10801694401F86C
:105F4000082C7D1E0DD00F280BD92F4603F00F0112
:105F500001F1300218461B09392AEDD901F1370247
:105F6000EAE77E2205F108036B4403F8082C0024BD
:105F700000E00134AC4211D2305D20280ED0FEF793
:105F800061FE0028F5D0BB1EA34207D00134F0E724
:105F90002022631C3255072B09D81C46072DF7D841
:105FA00005F108036B4413F8082C0135F1E703B041
:105FB000F0BD70B5054603681C692046FEF788FEF3
:105FC0000146A01CFEF71DFE66780136E96C2846E6
:105FD000FFF745F9024605E0203400212846FFF787
:105FE0006DFB02461ABBA96B2868FEF7EBFE024662
:105FF000E8B9EB6BD4F800E0D4F804C0A068E1681D
:10600000C3F800E0C3F804C09860D960D4F810E089
:10601000D4F814C0A069E169C3F810E0C3F814C053
:106020009861D9612B6801211971013ED4D1022AEE
:1060300028BF0222D0B270BD2DE9F04F85B00546D1
:106040000F46164699460023C9F8003003A9FEF70B
:1060500072FE8246002840F0A68095F831A0BAF181
:10606000000F40F0A08095F8303013F0010F00F0E1
:10607000A3802B696A69A86BE96B1B1A62EB0102AA
:10608000B34272F100024FD21E464DE0296C284601
:10609000FFF72EF85DE04FF0020A85F831A082E0AC
:1060A0004FF0010A85F831A07DE04FF0020A85F833
:1060B00031A078E003990B7923B1886B019BC01A5A
:1060C000A04201D3640221E04FF400723C3107EB9F
:1060D000402002F073FCF5E7019B6B64AC6BC4F3EA
:1060E0000804C4F50074A64200D23446696C0398D3
:1060F000FEF768FE00285AD103993C31AB6BC3F31D
:10610000080322461944384602F058FC361BD9F8D9
:1061100000302344C9F800302744AA6BEB6BA41865
:1061200043F10003AC63EB63002E3CD0AB6BE96B37
:10613000C3F30802002AD1D14FEA532848EAC158D4
:10614000039A5289013A18EA020808D10B439DD1FB
:10615000A86801289FD9B0F1FF3FA1D02864DDF8DD
:106160000CB0296C5846FEF771FD00289DD008EB55
:1061700000030193740AB6F5007FADD308EB040366
:10618000BBF80A20934201D9A2EB08042346019AE6
:1061900039469BF80100ECF727FB00288AD04FF026
:1061A000010A85F831A0504605B0BDE8F08F4FF0E8
:1061B000010A85F831A0F6E74FF0070AF3E72DE969
:1061C000F04F85B004460F46164699460023C9F89D
:1061D000003003A9FEF7AFFD824600284CD194F8A9
:1061E00031A0BAF1000F47D194F8303013F0020F0C
:1061F00000F0E980039B1B78042B00F0AD80A36BBB
:10620000F342C0F0A980DE43A6E0216C2046FFF7F0
:1062100086F8002800F0D080012831D0B0F1FF3F8F
:1062200033D02064A36803B9A0600398826B636CC9
:106230009A422FD0DDF80CB0216C5846FEF706FDCF
:1062400088B308EB00030193750AB6F5007F45D3C8
:1062500008EB0503BBF80A20934201D9A2EB08051D
:106260002B46019A39469BF80100ECF7CBFAF8B1BE
:106270004FF0010A84F831A0504605B0BDE8F08F18
:106280004FF0020A84F831A0F6E74FF0010A84F8D3
:1062900031A0F1E7FEF772FD0028CBD04FF0010AE4
:1062A00084F831A0E8E74FF0020A84F831A0E3E770
:1062B000DDF80C80D8F83810019BC91AA94201D327
:1062C0006D022FE04FF4007207EB412108F13C0012
:1062D00002F074FB002388F80430F1E7A06BE36B55
:1062E000216962698842934154D2019B6364A56B22
:1062F000C5F30805C5F50075AE4200D23546616CA0
:106300000398FEF75FFD002851D103983C30A36B42
:10631000C3F308032A463946184402F04FFB039B97
:1063200001221A71761BD9F800302B44C9F80030CD
:106330002F44A26BE36BAD1843F10003A563E36345
:10634000D4F810C0606929461A466545834101D2D8
:10635000614602462161626176B3A36BE16BC3F3D0
:106360000802002AC3D14FEA532848EAC158039AC9
:106370005289013A18EA02087FF457AF0B437FF4C1
:1063800044AFA06800287FF447AF00212046FEF705
:10639000C6FF3EE75846FEF7F1FC18B9039B019A89
:1063A0009A63A2E74FF0010A84F831A064E74FF046
:1063B000010A84F831A05FE794F8303043F04003DD
:1063C00084F8303058E74FF0070A55E710B582B02F
:1063D0000446EBF79BFA08B102B010BD01A92046B4
:1063E000FEF7A9FC0028F7D12060F5E72DE9F04F72
:1063F00085B0044615461E4603A9FEF79CFC0746D9
:1064000040B994F83170002F40F0ED80039B1B7869
:10641000042B58D0002F40F0E680039B1A78042A02
:1064200009D04FF0FF32AA424FF00002B24102D22F
:106430004FF0FF35002621696269A94272EB060020
:1064400006D294F8300010F0020F01D10D46164626
:10645000D4F83890D4F83CA000200021C4E90E0103
:1064600055EA060200F0A880B3F80A804FEA4828EF
:1064700059EA0A032FD0681E4FF0000B42465B46D4
:1064800046F1FF31C1F730F90090019119F1FF3960
:106490004AF1FF3A42465B4648465146C1F724F965
:1064A000009A8242019B8B4115D3C8F1000309EA8F
:1064B0000303A363C4F83CA0B5EB03094D4666EBA8
:1064C0000A06216C0AE04FF0FF32216C2046FEF7ED
:1064D000DEFD07469EE7A16811B1216419BB6CE09F
:1064E0002046FEF71CFF0146012804D0B0F1FF3F13
:1064F00005D0A060F1E7022784F8317073E001272E
:1065000084F831706FE02046FEF709FF014600284D
:1065100038D0B1F1FF3F2DD001292FD9039BDB6982
:106520008B422BD921644046A8454FF00003B3416C
:106530002AD22D1A66F10006A36BE26B1B1842F1FA
:106540000002A363E26394F830C01CF0020F0CD089
:106550006069D4F810E09E459041D4D22361626115
:106560004CF0400C84F830C0CDE72046FEF7C0FD6B
:106570000146CEE7012784F8317034E0022784F821
:10658000317030E000252E46A36BE26B5B1942EBC5
:106590000602A363E263C5F3080343B30398FEF75F
:1065A00055FB014620B16D0A45EAC655294404E071
:1065B000022784F8317016E00021A36BE06B256997
:1065C00062699D42824107D22361606194F8302064
:1065D00042F0400284F83020C3F308031BB1636C1F
:1065E0008B4200D06164384605B0BDE8F08F0021D1
:1065F000E3E710B584B00191002843D0044600229F
:1066000003A901A8EAF7B6F9034620B100222260E7
:10661000184604B010BD039B236001992046FFF784
:10662000EFFB0346B8B994F94B30002B0BDBA37991
:1066300013F0100F22D003980378042B10D0E16BD5
:10664000FEF710FBA060039BDB88A380002120469F
:10665000FEF705FE0346042B12D0002BD8D0D5E759
:10666000A3682362236923F0FF03E2791343636283
:10667000E36CA3622146FEF747FBE4E70523EAE764
:106680000523C3E70923C3E710B582B0044601A977
:10669000FEF751FB00B9206002B010BD70B582B0AA
:1066A00004460D4601A9FEF746FB0646C0B995B162
:1066B00000212046FFF776FA042800D098B9294631
:1066C0002046FFF7E8F800212046FEF7F7FF0428F0
:1066D00006D0064604E000212046FEF7C0FD06462F
:1066E000304602B070BD0646FAE730B597B001906B
:1066F0000C46002202A901A8EAF73CF9054610B1B0
:10670000284617B030BD019902A8FFF779FB05466E
:106710000028F5D19DF95330002B06DB002CEFD07B
:10672000214602A8FFF7B7F8EAE70625E8E72DE9D2
:10673000F04790B001900F46144600220FA901A81F
:10674000EAF718F9804638B90F9B23609A69DE6929
:10675000B41EA24204D83A60404610B0BDE8F087AB
:1067600093F80090B9F1010F07D0B9F1040F1AD0D6
:10677000D3F828900024254651E0029302240025F6
:1067800004E001340F9BDB69A34258D9214602A8DB
:10679000FEF7AEFCB0F1FF3F50D001285AD00028E0
:1067A000EFD10135EDE7596B0026354616E001F1D2
:1067B00001090F98FEF706FB804600283FD14946A5
:1067C0000EE003F0010005445B08013A013C0AB108
:1067D000002CF6D10136C6F3080684B3002EE6D0AD
:1067E0000F9B334493F83C30DB43DBB20822EEE7E7
:1067F00009F1010A49460F98FEF7E4FA8046F0B91C
:10680000D1460EE03C302044FEF7C9F900B901350D
:10681000023400E00434C4F30804013E0FD0002C1D
:10682000E6D00F980378022BECD03C302044FEF7E2
:10683000BBF930F07043EDD10135EBE7C846B8F154
:10684000000F89D13D600F9B9D615A7942F0010292
:106850005A7181E74FF00208F1E730B583B0044682
:1068600001A9FEF768FA054620BB94F831500DBB2C
:1068700094F8303013F0020F3CD0A26BE16B20692A
:106880006369824271EB030314D20A4315D10022DB
:10689000A1682046FEF73BFE05460023A360D4E92D
:1068A0000E23C4E9042394F8303043F0400384F805
:1068B0003030E5B9284603B030BD216C2046FEF7E4
:1068C00017FCB0F1FF3F0ED001280ED0002DE6D10D
:1068D000019BDB698342E2D9226C01462046FEF728
:1068E00016FE0546DBE70125F0E70225D7E784F829
:1068F0003150DFE70725DDE730B5B9B0019002225E
:1069000037A901A8EAF736F8044610B1204639B095
:1069100030BD379B2293019922A8FFF771FA0446F4
:106920000028F3D19DF9D330002B36DB9DF88E3053
:1069300013F0010F4CD1379802900378042B1ED02E
:106940003199FEF78FF905469DF88E3013F0100F40
:1069500025D0379B0E9310951B78042B14D0002163
:106960000EA8FEF77CFC04460028CFD100210EA81B
:10697000FFF718F9044610B3042810D111E002A95A
:10698000FEF7C2F9049DDFE7DDE90623CDE9122316
:106990009DF80F308DF83F30E1E700250624002CEC
:1069A000B4D122A8FEF72AFF04460028AED145B98B
:1069B000002CABD13798EAF751FD0446A6E707242F
:1069C000EDE70022294602A8FEF7A1FD0446EFE705
:1069D00007249BE72DE9F043BDB001900091684684
:1069E000E9F700FF02223BA901A8E9F7C3FF04462B
:1069F00018B120463DB0BDE8F0833B9B269301993A
:106A000026A8FFF7FDF904460028F2D19DF8E330EF
:106A100013F0A00F40F0EE803B9B1A78042A1DD0A3
:106A2000359D02AC28686968AA68EB680FC42869BC
:106A30006969AA69EB690FC4502226A912A801F05E
:106A4000BDFF009912A8FFF7DBF9044600286CD1BE
:106A5000149A289B9A4262D0082468E01C6902AD0F
:106A600004F1400EAC4620686168A268E368ACE8B7
:106A70000F00103465467445F4D1502226A912A89F
:106A800001F09CFF009912A8FFF7BAF9044658B923
:106A9000149A289B9A4201D0082448E01E9A329BFF
:106AA0009A4203D0082442E0042840D112A8EAF711
:106AB000D3FB044600289CD13B9E346994F80180A6
:106AC00094F8237004F12400FEF769F881460DF173
:106AD000080C0DF1480E65460FCD20606160A26084
:106AE000E360AC4610347545F5D1336983F8018015
:106AF0003B9B1A6982F82370186949462430FEF7D7
:106B000080F83B9B1A69137913F0100F02D143F000
:106B10002003137112A8FFF74CFA044607E01E9AEF
:106B2000329B9A4212D0082401E004280ED0002C97
:106B30007FF45FAF26A8FEF761FE044600287FF4CD
:106B400058AF3B98EAF78AFC044652E712A8EAF7E6
:106B500083FB044600287FF44CAF2199DDF81550E3
:106B6000DDF81900DDF81D20DDF82130C1F80D50E9
:106B7000C1F81100C1F81520C1F81930BDF8252061
:106B80009DF82730A1F81D20CB779DF81330CB72EC
:106B900013F0100F02D143F02003CB723B9D012371
:106BA0002B71CB7A13F0100FC1D0289A149B9A4204
:106BB000BDD02846FEF756F801462846FEF746F8AF
:106BC000014608B9022414E72846FEF7FBF83B9B70
:106BD00003F15C01044600287FF40BAF93F85D20BD
:106BE0002E2AA4D1149A1846FEF74FF83B9B012297
:106BF0001A719CE70624FCE64FF08053D3F830313D
:106C0000082B01D000207047012070474FF08053BF
:106C1000D3F83031082B01D0002070470120704795
:106C20004FF08053D3F83021D3F83431082A01D003
:106C300000207047002B04D8DFE803F0010001209A
:106C40007047002070474FF08053D3F83021D3F8BD
:106C50003431082A01D000207047002B04D8DFE827
:106C600003F0010001207047002070474FF080536F
:106C7000D3F83021D3F83431082A01D000207047EE
:106C8000002B04D8DFE803F001000120704700204A
:106C900070474FF08053D3F83021D3F83431082AAD
:106CA00001D000207047002B04D8DFE803F001007A
:106CB00001207047002070474FF08053D3F83031E7
:106CC000082B01D000207047012070474FF08053FF
:106CD000D3F83021D3F83431082A01D0002070478E
:106CE000042B01D8002070470120704708B5FFF73A
:106CF000EDFF38B14FF01023D3F808224FF0804356
:106D0000C3F8582508BD08B5804708BD08B500F090
:106D1000CCFC08BD10B401F5A27150F8214024F458
:106D20004F3424F4407440F8214050F821401202BE
:106D300002F47C521B0403F440331A43144340F81A
:106D4000214010BC704710B401F5A27150F82140E9
:106D500024F4991424F4F85440F8214050F82140C8
:106D6000120202F47C521B0403F440331A439DF8D0
:106D700004301B0503F480131A43144340F82140E8
:106D800010BC704700B5A2F5807E4FEA9E0E4FF012
:106D9000010C0CFA0EFC1CEA010F0DD0815809B948
:106DA00000200AE00021815082581BB11A684CEA89
:106DB00002021A60012000E000205DF804FBF0B53B
:106DC00083B005460E4617460024019409E0E2B25E
:106DD000920001AB02F5807231462846FFF7D2FFE0
:106DE0000134BC42F3D301AB4FF4BE7231462846A6
:106DF000FFF7C8FF019803B0F0BD00B583B00021D4
:106E0000019100910B460122EBF70CFF03B05DF8F6
:106E100004FB00B585B08DF80F100DF10F03019341
:106E2000002100910B460A46EBF724FF05B05DF800
:106E300004FB38B50D460079EBF7E4FF044628461D
:106E4000EBF7D6FF083034F8100000F0010038BD31
:106E500038B50D460079EBF7D5FF04462846EBF729
:106E6000C7FF083034F81000C0F3401038BD38B503
:106E70000D460079EBF7C6FF04462846EBF7B8FF4E
:106E8000083034F8100010F01C0018BF012038BD85
:106E900038B50D460079EBF7B5FF04462846EBF709
:106EA000A7FF083034F81000C0F3400038BD38B5F3
:106EB00004460D46FFF7ECFF30B129462046FFF7A8
:106EC000C7FF18B1012000E0002038BD0020FCE71A
:106ED00008B5FFF7DDFF80F00100C0B208BD7047C4
:106EE000704738B50D460079EBF78CFF044628460D
:106EF000EBF77EFF083034F81000400B38BD032854
:106F000094BF00200120704770B506460D4600244E
:106F100004E04FF0FF33AB4211D001342F2C0CD8DA
:106F20003079EBF76FFF04F1080330F8133013F4F6
:106F3000807FEED0C3F34323EDE7002000E0012083
:106F400070BD38B504460D46FFF782FFB8B129463B
:106F50002046FFF7BDFF90B129462046FFF7C1FF4D
:106F6000226801238340C2F80833226800F5A2702A
:106F700052F8203023F0030342F8203003E00021D0
:106F80002846FFF746FF38BD38B504460D46FFF7E3
:106F90005FFF10B94FF4BE7038BD29462046FFF799
:106FA000A0FF800000F5807080B2F5E7F8B50646D6
:106FB0000F4615460024002C03DD4FF0FF34204619
:106FC000F8BD3079EBF71EFF50F83430BB4201D0EA
:106FD0000134F0E700EBC4035B68AB42F8D1EEE7A5
:106FE00038B50C460079EBF70DFF05462046EBF768
:106FF000FFFE083035F81030C3F38203042B09D0AC
:10700000052B01D1022006E02046EBF791FE18B1D6
:10701000032000E0032038BD0220FCE710B5044641
:107020000846EBF7E5FE083034F8103013F4807FA3
:1070300004D0C3F3432304EBC30010BD0020FCE7DE
:1070400070B504460E4615460079EBF7DBFE866008
:107050002079EBF7D7FEC56070BD08B50079EBF776
:10706000D1FE90F88000003818BF012008BD70B52F
:1070700004460D4616460368D3F80423002A03DBB2
:107080004FF00042C3F8042329462046FFF7E0FEF4
:1070900000B329462046FFF71BFFD8B129462046FA
:1070A000FFF71FFF2268830003F580739BB2002166
:1070B00099509B58226800F5A27152F8213043F094
:1070C000010342F821306EB1226801238340C2F8E7
:1070D000043307E029462046FFF782FF0146284691
:1070E000FFF797FE70BDF8B504460D461646FFF74C
:1070F00095FF20B10768426831462846B847A36823
:107100001BB1E268314628469847F8BDF8B50746F6
:107110000E4614461D461046FFF7F1FE60B9022DDB
:107120001DD002213046FFF774FE032C1BD0022D28
:1071300017D0032D1DD0F8BD224631463846FFF743
:10714000D2FF3046EBF708FEA842F4D100213046CA
:10715000FFF75FFE29463046FFF75BFEEBE70321B2
:10716000E0E7012CE5D1224631463846FFF7BBFF68
:10717000E1E7022CDFD1F6E710B50C460079EBF71A
:1071800041FE21467430EBF7F7FC10BD70B50546A3
:107190000846EBF72DFE04462879EBF733FE04F1A1
:1071A000080330F8133013F4807F0BD0C3F3432669
:1071B000083423F4F85320F8143031462846FFF7FA
:1071C000A3FE00B170BD2879EBF71CFE002340F848
:1071D00036302879EBF716FE31467830EBF7F0FCC5
:1071E000F0E770B504460D46FFF732FE48B1266859
:1071F00029462046FFF775FE00F5A270002346F8E9
:10720000203029462046FFF7C1FF2079EBF7FAFD31
:1072100004462846EBF7ECFD0830002324F8103034
:1072200070BD10B50C460079EBF7ECFD21467430CB
:10723000EBF7C6FC10BD70B504460D461E4604981B
:107240004FF0000C01E00CF1010C84450ED25FFA06
:107250008CF2920002F580719208012303FA02F287
:107260001542F0D0002363506358ECE7002D04DA98
:107270000023C4F87C31D4F87C3144F30730F7F7AD
:107280005FFE0EB1C4F8045370BDF8B506460F4654
:10729000144618E094FAA4F3B3FA83F301229A4057
:1072A00024EA020403F5A27356F82350C5F305251A
:1072B00056F82300C0F30140FFF711FE02462946AD
:1072C0003846FFF710FF002CE4D1F8BD70B5054635
:1072D0000E46D0F80413C9B2326F41F00041FFF7F7
:1072E0006EFD041E05DB224631462846FFF7CDFF22
:1072F00070BD31462846EBF783FF24F00044F2E7E7
:1073000008B5EBF787FE08BD08B5EBF77FFD08BDB4
:1073100008B5FFF795FE08BD08B5EBF7F3FD08BD0E
:1073200008B5EBF747FF08BD08B5FFF796FE08BDA7
:1073300008B5EBF725FF08BD08B5FFF772FF08BDDC
:1073400008B5FFF719FF08BD08B5FFF790FE08BDA7
:1073500008B5FFF7F6FD08BD08B5FFF715FE08BD37
:107360008B7CC0F82035CB68C0F804350B784A78A0
:1073700003F00103520002F002021343C0F8083583
:107380000A7C4B7CC0F81825C0F81C35CB7C2BB987
:107390004A688B68C0F84025C0F8443570470346FA
:1073A00011F0010002D0D3F8000160B911F0020F12
:1073B00002D0D3F804216AB911F0040F02D0D3F837
:1073C00008217AB970470022C3F80021D3F80021C0
:1073D0000120EBE70022C3F80421D3F8042140F098
:1073E0000200E9E70022C3F80821D3F8083140F091
:1073F0000400E7E700B583B0002301930093012266
:107400001146EBF769FF03B05DF804FB00B583B0EC
:107410000B460021019100910A46EBF75DFF03B096
:107420005DF804FB4FF08053D3F83021D3F83431AA
:10743000082A01D000207047022B01D0002070479D
:107440000120704710B5044641B1FFF7EBFF48B18A
:1074500001234FF08042C2F8383600E00023C4F820
:10746000803510BD0123FAE708B50020DCF77CFB6E
:1074700000B108BDF7F764FDFBE74FF080434FF420
:107480006072C3F8042370474FF080434FF460727A
:10749000C3F80823704708B5ECF73EF9FDF76FFB1A
:1074A00008BD003A18BF0122022909D003290AD0D9
:1074B000012902D0C0F85425704742F00202F9E7D2
:1074C00042F00402F6E742F00602F3E700B583B0AB
:1074D00000230193009301221146ECF79FF903B0BA
:1074E0005DF804FB00B583B00B46002101910091CB
:1074F0000A46ECF793F903B05DF804FB00B583B0DE
:107500000021019100910B460122ECF787F903B0AD
:107510005DF804FBC37B7BBB10B582B00446037BE4
:10752000012B15D90078ECF7A1F900220192009205
:10753000134601212078ECF771F96078FF280BD110
:10754000A078FF280ED1E078FF280FD102B010BD3F
:107550000078ECF79FF9E8E7ECF79CF96078FFF723
:10756000B5FFEDE7A17BFFF7BDFFECE7ECF77EF998
:10757000E078FFF7ABFFE9E7704710B50446807F7E
:10758000FF2808D1002363772372204650F8083B78
:107590006168984710BDECF769F9F3E730B482B041
:1075A000D0F81835DBB28DF807300B6A8A69934240
:1075B00003D24A699DF80740D4540B6A5A1C0A62E8
:1075C000023391F824403CB10C699C4200D90B6114
:1075D0008C699C4200D98B610C699C4208D88D69EA
:1075E0009D420DD8A24210D3AA4210D2012004E03D
:1075F000CA68D35CC0F81C35012002B030BC7047AB
:10760000CB7FC0F81C350120F7E70120F5E700200B
:10761000F3E738B504460D4600230B620421C0F899
:107620000813C0F80831D0F80831536883B11368E3
:107630001B78C4F81C355368012B0BD913685B7891
:10764000C4F81C352B6863B10423C4F8043338BD77
:10765000EB7FEEE7D368012BF4D9EB7FC4F81C3540
:10766000F0E7D4F80831002BFBD00023C4F8083130
:10767000D4F8083129462046FFF790FF0028F0D1C2
:10768000A87FFF28E3D0ECF7F1F8E0E710B50C464F
:107690000022C0F80821D0F80831FFF77FFF00B1C1
:1076A00010BD2046FFF769FFFAE700B9704708B53B
:1076B000DCF780FC08BD60B1C3685A7812F0010F96
:1076C00003D01B781BB100207047002070470120B9
:1076D00070470020704710B586B00BAC059403943A
:1076E0000A9C0294099C0194089C0094F6F7D1FD31
:1076F00006B010BDEFF31183402383F31288BFF36C
:107700006F8FFEE710B5446803688BB12046984739
:1077100030B100280ADBFF2800DDFF20E368187085
:10772000E268537843F00103537010BD4042F2E722
:107730000020F5E708B501F069F908BD08B501F0CA
:107740003DF908BD10B500F10C04C4600461F6F702
:10775000F9F910BD2DE9F04F89B006468A469146E9
:10776000129D139C2A46234606A800F044FEDDE93C
:107770000623CDE9022306F1140BEFF31181402318
:1077800083F31288BFF36F8F4FF000084746CDF8A0
:1077900014B08B4615E0DDE9022306A800F061FE77
:1077A000069D079C0095019406F10C025946059828
:1077B000EDF7D0F8EFF3118B402383F31288BFF37A
:1077C0006F8F77B94A4651463046F6F744F9074677
:1077D00038B9254305D0B8F1000FDCD14FF00108CE
:1077E000D9E78BF31188BFF36F8F384609B0BDE836
:1077F000F08F70B5044600F11406EFF311854023B5
:1078000083F31288BFF36F8FF6F7E1F804F10C00F1
:1078100000F028FD20B985F31188BFF36F8F70BD8C
:1078200029463046EDF70EF9F9E7426983681A43B5
:1078300012F003020DD10021C16005E0C16819609A
:10784000C36041690B44013201699142F6D80020BE
:1078500070476FF01500704710B504460361426130
:10786000816000238361FFF7E0FF002801DB2460D3
:10787000646010BDF8B504460D46EFF31186402351
:1078800083F31288BFF36F8FC36853B1E3682B6033
:10789000E560A369013BA36186F31188BFF36F8F95
:1078A000F8BD00F1080700F083FC0028EED00022AC
:1078B000C267456100F0D1FB31463846EDF7C2F8AA
:1078C000EEE708B5EFF31183402383F31288BFF38B
:1078D0006F8FF7F757FBF5E700BF7047884200DA74
:1078E000014611F17F0F01DB084670476FF07E0003
:1078F000704708B5806890F90E308B4201D10020A6
:1079000008BDEDF743F8FBE7034600209860D86018
:107910001B605B6070470B6803F003030B604268F9
:1079200032B1136803F003030B43136041607047E7
:1079300041600160704708B591B18C460B6823F037
:107940000301032B18D9136803F003030B431360DF
:10795000DCF8003003F003031343CCF8003008BD1B
:107960000168136803F003030B431360026043686C
:10797000002BF4D14260F2E71146FFF7CCFFEEE7AF
:1079800008B50022C267416100F067FB08BD2DE920
:10799000F84304460E4615461F469DF8203000F178
:1079A0000808EFF31189402282F31288BFF36F8F2A
:1079B00003B14668404600F0FBFB98B9DFB90023ED
:1079C0002B602A4631462046FFF7B5FF042104F11B
:1079D000100000F01AFF49464046EDF733F800204A
:1079E000BDE8F8832946FFF7CBFF49464046EDF74F
:1079F00029F80020F4E708210020EDF7EBFC20B186
:107A00004560012202600546DBE789F31188BFF378
:107A10006F8F6FF00B00E3E760B1036813F0030FA3
:107A200008D010B5446809B9204610BD00F025FF04
:107A30002046FAE7704700230360436000F1080323
:107A40008360C36000F1100303614361704700B5B8
:107A500083B00A460123009300231946FFF797FFDE
:107A600003B05DF804FB00B583B00A460021009125
:107A70000B46FFF78CFF03B05DF804FB08B500214F
:107A80000068FFF7C9FF08BD5AB18A420CD3816074
:107A9000C2600060406000F1100303614361002098
:107AA00070476FF0150070476FF0150070470B4678
:107AB00021B1096851B111601A6070470368136001
:107AC00002604368002BF8D14260704700231360C6
:107AD000436813B11A6042607047426002607047A9
:107AE0000B4639B11168196041688A4209D00023F8
:107AF000136070471368036041688A42F7D143609E
:107B0000F5E74360F3E708B50A460368002101E0A2
:107B100019461B682BB19342FAD1FFF7E1FF012010
:107B200000E0002008BD704708B5CB6823F00402D0
:107B3000CA6013F0040F00D108BD8030FFF7E3FFE7
:107B4000FAE710B50446C36813F0020F09D0E368E2
:107B500013F01F0004D043F00202E26040F0020084
:107B600010BD01468068FFF7DFFFF0E730B108B5D0
:107B700000221146883000F0AFFB08BD002070479E
:107B800070B50D46C36813F0020F22D1044613F0FE
:107B9000040F23D10B68ABB1E36813F0010F14D0CD
:107BA000A3682B60022621462868ECF76DFB0028AD
:107BB00011DBE36843F00403E3602B68A36036B194
:107BC00030460AE083680B60E6E70126EBE73046C3
:107BD00001E06FF00F0000232B6070BD0020FAE77A
:107BE00010B582B00346EFF31184402282F312886D
:107BF000BFF36F8F0022019250F8042C22F008018D
:107C000040F8041C12F0080F05D184F31188BFF36B
:107C10006F8F02B010BD10389B69019301A9FFF767
:107C2000AFFFF2E708B5EFF31180402383F312882A
:107C3000BFF36F8FECF73AFF08BD10B50246C4687A
:107C400014F0020FC4F3400401D1204610BD0846D1
:107C50001146ECF757FBF8E708B5C36823F01003AB
:107C6000C3601030ECF784FA08BD08B5C36823F090
:107C70000802C26013F0080F01D1002008BD1030C7
:107C800000F094FBB0FA80F04009F7E710B5044625
:107C9000FFF7EBFF2046FFF754FF10BD0023036002
:107CA00043608360C36041607047F8B506460D4687
:107CB0001746D0F880304BB1AB4215D01C461B683C
:107CC000002BF8D0002CF6D12346F4E700243846E8
:107CD000ECF7F6FB54B9D6F880303B60C6F88070FC
:107CE000D6F884304BB1F8BD0124F0E73A46294676
:107CF00006F18000FFF7DBFEF5E7C6F88470F2E7D7
:107D000038B5C36803F00503002B14BF0124002419
:107D100001D1204638BD85680A4601462846FFF74E
:107D2000C4FF2846FFF722FFF3E710B582B00190A9
:107D30000846EFF31184402383F31288BFF36F8F5B
:107D400001A9FFF71DFF84F31188BFF36F8F02B005
:107D500010BD10B5FFF7E9FF041E01DC204610BD81
:107D6000FFF760FFFAE770B50D46EFF31186402389
:107D700083F31288BFF36F8FFFF7C2FF044686F3C9
:107D80001188BFF36F8F08B9204670BD05F1100050
:107D90004FF0FF324FF0FF33ECF710FAF4E708B57D
:107DA000A022002100F032FE08BD38B504460D4681
:107DB0003022002100F02AFE65604FF48073E360FA
:107DC00038BDEFF31183402282F31288BFF36F8F27
:107DD000C06800F01F0083F31188BFF36F8F7047F6
:107DE00010B582B00190EFF31184402080F3128827
:107DF000BFF36F8FC86810F01E0F06D0002084F309
:107E00001188BFF36F8F02B010BD01A8ECF73EFBE5
:107E1000F5E7F0B583B001900C4616461D46EFF32A
:107E20001187402383F31288BFF36F8F0846FFF753
:107E30001CFF32462B46214601A8ECF727FB87F3AF
:107E40001188BFF36F8F03B0F0BD10B5EFF311844D
:107E5000402383F31288BFF36F8FFFF717FF84F37C
:107E60001188BFF36F8F10BDF8B50D46EFF3118782
:107E7000402383F31288BFF36F8FC36803F01F039F
:107E8000002B14BF0126002607D1002087F311889C
:107E9000BFF36F8F48B93046F8BD0446FFF7F6FED2
:107EA00029462046FFF7C9FEF0E705F108004FF02C
:107EB000FF324FF0FF33ECF781F9ECE7EFF3058089
:107EC000003818BF01207047F8B50546D31D23F0D0
:107ED00007037F3323F03F0301F14007A3F140067E
:107EE0003F2B07D8002282F31188BFF36F8F042243
:107EF000104602DFCC1821462846DBF791F90730FF
:107F000020F007006F66AE66E866201AF8BD6FF0D5
:107F1000570070470020704708B5ECF7A9FD08BD71
:107F200010B400248460037342738173C47384614A
:107F3000C46110BC7047F0B587B00446129E139D13
:107F400000270597109F04970F9F03970E9F029796
:107F50000D9F01970C9F0097ECF72EFBB5F1FF3FAB
:107F600008BFB6F1FF3F02D1204607B0F0BD324650
:107F70002B462046ECF712FBF6E7002070474268DC
:107F8000036813605A60002303604360427B22F061
:107F9000020242738360704708B5DBF74BFD08BDF2
:107FA00090F90E3091F90E00834201D0C01A70474B
:107FB0000020704770B506463468A64215D0A4B1BB
:107FC0006268236813605A60002525606560637BE2
:107FD00023F002036373A56004F1180000F0E6F9D2
:107FE000E5672046ECF76AFBE6E770BD70B505462D
:107FF0000E46ECF737FB6B7B43F002036B73FEB16D
:10800000AE603468A64208D1002406E063686B6065
:108010002C601D60656013E0002464B12146284691
:10802000FFF7BEFF0028F1DC002CF6D073689C42FD
:10803000F2D02468F1E773682E606B601D60756094
:1080400070BD70B5044616461D46FFF7CFFF324699
:108050002B462046ECF722FB70BD38B504460023C2
:10806000EFF31185402282F31288BFF36F8F04E093
:1080700085F31188BFF36F8F012343B92046FFF7C3
:108080007CFF0028F4D12046ECF718FBF0E738BD60
:1080900010B50446183000F089F9EFF31181402340
:1080A00083F31288BFF36F8F637B13F0100F04D03C
:1080B00081F31188BFF36F8F10BD00222046ECF7CB
:1080C000C7FBF9E738B504460023EFF311854022DA
:1080D00082F31288BFF36F8F04E085F31188BFF33A
:1080E0006F8F012333B9A368002BF6D02046FFF72A
:1080F00046FFF2E738BD70B504460E460023EFF3A5
:108100001185402282F31288BFF36F8F07E020466B
:10811000ECF7D4FA85F31188BFF36F8F0123DBB935
:10812000637B13F0280FF5D1A3685BB16268236805
:1081300013605A60002323606360627B22F00202B6
:108140006273A360637B23F004026273002EDED0AF
:1081500023F014036373DAE770BD08B50121183802
:10816000FFF7C9FF08BD01460023EFF3118C402241
:1081700082F31288BFF36F8F184605E000208CF35E
:108180001188BFF36F8F01238BB908688142F5D046
:108190000028F4D04268036813605A60002303602B
:1081A0004360427B22F0020242738360E7E770473C
:1081B00070B505460023EFF31186402282F3128842
:1081C000BFF36F8F1C4605E0002486F31188BFF3D0
:1081D0006F8F0123ABB92C68A542F5D0002CF4D0E9
:1081E0006268236813605A60002323606360627BC7
:1081F00022F002026273A36004F1180000F0D6F8C6
:10820000E3E7204670BD08B50023EFF3118140225B
:1082100082F31288BFF36F8F04E081F31188BFF3FC
:108220006F8F01237BB98368002BF6D04268036807
:1082300013605A60002303604360427B22F0020215
:1082400042738360E9E7183000F0B0F808BD08B564
:10825000EFF31180402383F31288BFF36F8FECF7A5
:1082600025FC08BD38B5054600202C68A54208D07D
:108270003CB12046FFF7C7FF2046FFF7EEFE012086
:10828000F3E738BD031D43608360704708B5EFF323
:108290001181402383F31288BFF36F8F037B13F0A8
:1082A000010F08D1437B13F0080F11D081F311881F
:1082B000BFF36F8F0BE081F31188BFF36F8F002343
:1082C00083F31188BFF36F8F0423184602DF08BDC4
:1082D0000122ECF7BDFAFAE72DE9F04105468846A0
:1082E00017460023EFF31186402282F31288BFF372
:1082F0006F8F184604E086F31188BFF36F8F012358
:10830000F3B92C68A542F6D0002CF4D0C4F87C80D8
:1083100067616268236813605A60002323606360AA
:1083200094F80DC02CF0020C84F80DC0A36004F189
:10833000180000F03BF82046ECF7C0F90120DAE71E
:10834000BDE8F08110B50446ECF7D6FD48B1024611
:108350000369416920691B18606941EB00011361E1
:1083600051616268236813605A6000232360636070
:1083700010BD10B5ECF7B6FD0446ECF7C9FD7CB1B5
:10838000236962691B1A62EBE072B3F1004F72F16C
:10839000000108DA002A01DB184610BD0023FBE7C4
:1083A0006FF00040F9E76FF00040F6E770B5044663
:1083B0000023EFF31186402282F31288BFF36F8F00
:1083C0006FF0150004E086F31188BFF36F8F01236F
:1083D0001D463BB92368002BF5D02046FFF7B2FFBE
:1083E0002846F0E770BD08B5ECF786FE08BD08B575
:1083F000ECF782FE08BD70B50646B3F1FF3F08BF3B
:10840000B2F1FF3F09D015461C4653EA02010CD1D8
:1084100000220023C0E9002305E04FF0FF324FF0B7
:10842000FF33C0E90023304670BD6FF00101891AA7
:108430004FF0FF3262EB0303002B02DB016043606D
:10844000F1E7ECF759FE2B462246012D74F10004AA
:1084500001DA01230022C01841EB02013060716093
:10846000E1E7F8B50546B3F1FF3F08BFB2F1FF3FC2
:108470000AD014461F4657EA02030CD100220023FB
:10848000C0E900232846F8BD4FF0FF324FF0FF331C
:10849000C0E90023F6E7ECF72FFE03460A46A042A8
:1084A000B94105D2E61A67EB02022E606A60E9E77D
:1084B00000263246F9E708B5EFF31180402383F335
:1084C0001288BFF36F8FECF7F1FA08BD10B50446C0
:1084D000FFF76CFF60B9636A0BB12046984704F15F
:1084E0001800FFF740FE18B1FFF7B7FDFFF7E3FFF5
:1084F00010BD437B03F03F03013B072B26D8DFE889
:1085000003F01404250D2525251C03699B680BB970
:108510000020704702230B600120704703691B682D
:10852000B3B104230B600120704703699B680BB94A
:108530000020704701200860704703691B6A0BB96F
:108540000020704710230B60012070470020704707
:108550000020704708B1603870477047002383607F
:10856000437B03F03F03082B0ED84FF48B7222FAA3
:1085700003F313F0010F07D003682BB142681360B7
:108580005A60002303604360704770B50646144686
:1085900011E005EB850006EB8000FFF7DFFF84F3B9
:1085A0001188BFF36F8FEFF31184402383F3128898
:1085B000BFF36F8F29464D1E0029EAD170BD2DE90A
:1085C000F04105460E460368984215D014464368AC
:1085D00093B19868FFF7BEFF80462046FFF7BAFFC9
:1085E000074601464046FFF7DBFC002804DC2C6808
:1085F000A5420FD100240DE06B68356073601E60EA
:108600006E60BDE8F0816368736034601E60666010
:10861000F7E700249CB1A068FFF79CFF01463846AD
:10862000FFF7BEFC0028EEDC22466B689C42F0D0CF
:108630002468002CEED0002AECD11446EAE76B68DF
:10864000356073601E606E60DBE738B504460D462A
:10865000437B03F03F03013B072B0BD8DFE803F01C
:1086600013040A0C0A0A0A1900690A462146103046
:10867000FFF7A5FFA56038BD00690A462146103006
:10868000FFF79DFFF6E70A4601460069FFF797FFEF
:10869000F0E700690A4621462430FFF790FFE9E73A
:1086A0002DE9F04F83B080460F4691469A4600254B
:1086B000AB460AE0BAF1000F02D199F8003023BBB3
:1086C00086F31188BFF36F8F0135BD4224DAEFF3D3
:1086D0001186402383F31288BFF36F8F05EB850467
:1086E00008EB840401A92046FFF703FF0028E1D02E
:1086F0000021A160E368C3F386320198024362F36C
:108700009433E36089F80010DAE749462046FFF722
:108710009CFF0BF1010BD3E7584603B0BDE8F08F87
:1087200038B50D468068FFF715FF437B13F0020F45
:1087300001D1002038BD0446FFF765FD082D09D0A2
:108740000023E367637B13F01F0F08D1A36923B1F4
:10875000002305E06FF00303F3E7012300E00023AB
:10876000002BE6D02046FFF778FCE2E770B584687E
:10877000237873B154F8045C5DB1A4F1140604F1DC
:108780001400FFF713FE0023E36231462846FFF78B
:10879000CCFA002070BD70B504460D468668D6B18F
:1087A0007378012B0DD0022B12D0002030700023E3
:1087B000A360E368C3F386322A4362F39433E36031
:1087C00070BDFFF7ADFF002333709842EFDAF7E793
:1087D000FFF7CCFFF7E70020E9E710B4002484603E
:1087E00090F80DC061F3050C80F80DC0C16864F30A
:1087F0009431C160817B62F345118173C28964F356
:108800008F12C281036110BC704710B50346EFF3AD
:108810001184402282F31288BFF36F8F0068834275
:1088200008D04268036813605A6000230360436005
:10883000FFF7B1FF84F31188BFF36F8F10BD0060A5
:108840004060002383607047D0B582B004460023A7
:1088500004320ED27BB900260027CDE9006741F033
:1088600004012046FEF776FF08B140F8044B02B041
:10887000D0BD0123EEE70020F9E730B108B5011FB4
:1088800050F8040CFEF7B5FF08BD704708B5014667
:108890000420ECF78FFD08BD10B501390244904269
:1088A00001D1002005E0037811F8014FA34201D067
:1088B000181B10BD0130F2E7C9B20346184613F881
:1088C000012B12B18A42F9D17047002918BF00204C
:1088D000704710B56AB10139841810F8012B11F8EE
:1088E000013F9A4203D1A04201D0002AF5D1D01A0B
:1088F00010BD1046FCE710B5024601448A421346FB
:1089000003D01C780132002CF8D1181A10BDF0B534
:10891000C3F137070446FFB203F01F031046082BCC
:10892000E6B233D0102B3ED06508A40844EA817427
:1089300045EAC1752D194FEA910242EB510229090E
:1089400041EA02716D1842EB1212290A41EA0261F2
:108950006D1842EB1222290C41EA02416D1842EBDC
:108960001242AD1842F10002EC0844EA4274D10808
:1089700004EB8402A6EB4205EDB2092D0CD90134BB
:10898000A5F10A0541F10001EDB212E0E40844EA64
:10899000417406F00705C908303554EA010200F8B1
:1089A000015BBCD1F0BD240944EA017406F00F0557
:1089B0000909092D84BFED19EDB2EDE70A44914292
:1089C00000F1FF3300D1704710B511F8014B03F8E7
:1089D000014F9142F9D110BD884210B501EB02045C
:1089E00002D98442234607D8431EA14208D011F879
:1089F000012B03F8012FF8E7024401468A4200D117
:108A000010BD13F8014D02F8014DF7E7024403468B
:108A1000934200D1704703F8011BF9E7D1E9043212
:108A200093421EBF5A1C0A611870704701480068C3
:088A300070470000CC32012068
:088A380074A8FC7F010000009E
:108A4000813F040000000000C5DF0400588B0600D1
:108A5000D93E050000000000FD3E050000000000BA
:108A600009E704006C8B060009E70400808B060010
:108A7000014B060000000000654B060000000000EE
:108A8000874B060000000000AD2D0600BC8B0600E1
:108A90001B2E0600D08B060001E30400A88B060005
:108AA0003B3E0600E48B0600ED2A0400948B060092
:108AB000C9E0040000000000A9FA04000000000062
:108AC000914904000000000035E2050000000000AC
:108AD000A12B0400000000005D3F04000000000026
:108AE0003D060500000000008F4B0600000000005E
:108AF0005142050000000000E1DC0400F88B060094
:108B00003DF604000C8C060029560400000000000D
:108B100015C20400000000008100050000000000F4
:108B2000C5EA0400208C0600C5EA0400348C060067
:108B300059EE0400488C06003DB904005C8C060028
:108B4000E3E5050000000000FD4704000000000010
:088B50005BE9050000000000D4
:108B5800240D0700540D07006C0D0700F80D0020C8
:108B68006C410120D00D0700F00D0700200E070012
:108B7800000E002014420120E00D0700080E070037
:108B8800200E0700020E00202042012078E1060096
:108B98002012002088E10600F20D0020F8020020D3
:108BA800880D070000000000980D0700FA0D00204E
:108BB800C0410120A00D070000000000B00D070013
:108BC800FC0D002000000000B80D070000000000A8
:108BD800C80D0700FE0D0020000000001812070055
:108BE80038120700641207000A0E0020400C00200B
:108BF800EC0C0700000000000C0D0700F60D00202B
:108C0800000000007814070098140700F01407000B
:108C18000C0E0020740C0020640E07009C0E070048
:108C2800FC0E0700040E00202C420120740E0700E1
:108C3800CC0E0700FC0E0700060E0020444201205F
:108C4800AC0F0700C00F0700D40F0700080E002064
:108C5800F80B0020D8080700DC0807000000000017
:088C6800F40D00200C0B0020AC
:108C700097740600076D0600000000006BEF05000A
:108C8000E48B06005F390600000000006BEF050072
:108C9000000000006BEF0500000000006BEF050016
:108CA000C5320500076D0600F88B060021DD0400C3
:108CB000000000006BEF0500000000006BEF0500F6
:108CC000000000006BEF0500000000006BEF0500E6
:108CD000000000006BEF0500C041012065E20400C8
:108CE000000000006BEF0500000000006BEF0500C6
:108CF000000000006BEF050000000000C1FB040055
:108D0000000000006BEF0500000000006BEF0500A5
:108D1000000000006BEF0500000000006BEF050095
:108D2000000000006BEF0500000000006BEF050085
:108D3000000000006BEF0500000000008D0605003C
:108D4000000000006BEF0500000000006BEF050065
:108D5000000000006BEF0500000000006BEF050055
:108D6000000000006BEF0500000000006BEF050045
:108D7000000000006BEF0500000000006BEF050035
:108D8000000000006BEF0500C53A0500076D060006
:108D9000000000006BEF0500000000006BEF050015
:108DA000000000006BEF0500EDD30400076D060026
:108DB000000000006BEF0500000000006BEF0500F5
:108DC000000000006BEF0500000000006BEF0500E5
:108DD000000000006BEF0500000000006BEF0500D5
:108DE000000000006BEF0500000000006BEF0500C5
:108DF0000500000061900400000000000600000073
:108E0000D1B704000000000004000000C595040074
:048E1000000000005E
:108E1400D406070008000000A407070007000000AC
:108E240018E306000500000014E206000900000033
:108E3400FC0C070003000000A0E306000300000090
:108E44001C990600030000008CFD060003000000CE
:108E54001405070003000000EC00070003000000F5
:108E6400E4F10600030000000CE206000300000029
:108E7400CC06070003000000B8FA06000300000057
:108E8400E0FC060003000000880207000300000065
:108E94006816070003000000CC160700030000005A
:108EA4003C16070003000000AC08070003000000A4
:108EB40024990600030000009CDC06000300000067
:108EC400440D07000300000088980600030000001A
:108ED400E4E306000300000000ED060003000000C8
:108EE400BCDE060003000000C0DC06000300000036
:108EF400C4DC06000300000088DD06000300000057
:108F04000894060003000000C09706000300000058
:108F1400F81607000300000004EA0600030000003E
:108F2400C008070003000000C80807000300000091
:108F3400600B070003000000401D07000300000051
:108F44008C0E070003000000B4EE060003000000CE
:108F5400C49C060003000000B40F070003000000D7
:108F640084EA060003000000749906000300000070
:108F74008814070003000000089F06000300000097
:108F840018970600030000002812070003000000E1
:108F9400D4E0060003000000A4DF06000300000084
:108FA400540B07000300000068E106000300000002
:108FB400ACDD06004809002074DD06000100000055
:0C8FC400FFFFFFFFFFFFFFFFFFFFFFFFAD
:108FD0000000000001000000A0000000F000000000
:108FE0000000000000C201000000080000000000B6
:108FF0000000000100000002000000040000000862
:109000000000001000000020000000400000008070
:109010000000001B000000360F01000000000000EF
:109020000002000000000000B0F90600B8F90600D8
:10903000BCF90600C0F90600C4F90600C8F906002C
:10904000CCF90600D0F90600D4F90600381707005D
:10905000D8F90600DCF90600E0F90600E4F906009C
:109060001800280000002A000000005000030050F3
:10907000441D070000010000F401FA00960064009E
:109080004B0032001E0014000A000500020001001F
:1090900000000000141E000030110000010001005B
:1090A00000010100000100010000010001000000BA
:1090B00001000B0002000A00050009000A00080078
:1090C000140007001E000600320005004B000400DB
:1090D0006400030096000200FA000100F4010000A1
:1090E0000C0802170D010102090901010602091805
:1090F00018030101090903030503020123020224E5
:109100000910040405050B0B040B2B1B1B151A1A65
:109110001C021D16130501490D150500A301B1031D
:10912000BF05EF024906A309C505F50B25120E027E
:109130001C045A03B4063006600C00000100000055
:1091400010110040000000000000000000000000BE
:10915000000000000406080A0C0E10121416181C59
:109160001E20222426282A2C2E30323436383A3C2F
:109170003E40424446484A4C4E021A50000000000D
:10918000280000001800000000000000141E00006D
:109190003011000000002CA6E0A10000000000003B
:1091A00070170000A00F00000000DC05E8030000BD
:1091B00000000000141E000030110000D8ECF0F494
:1091C000F8FC000203040506070800000000000088
:1091D000000000000000000000000000000001018D
:1091E000010102020202030303030404040405054F
:1091F0000505060606080900000000000000000042
:109200000000000000000000000000010101010258
:109210000202020303030304040404050505050612
:10922000060708090A0B0C0D0709090203070010BD
:109230000200FA0000000000796E0300856E030052
:10924000896E0300916E0300956E0300000000001C
:109250000338FDD8704700004661696C656420746E
:109260006F2070726F636573732050434D2064618B
:1092700074613A20256400004661696C656420745D
:109280006F2062726F6164636173742061756469D9
:109290006F207061636B6574733A20256400000071
:1092A000416E7469636970792070656E64616E7473
:1092B000206669726D77617265207374617274697A
:1092C0006E672E2E2E0000004661696C6564207466
:1092D0006F20696E697469616C697A65204C4544D8
:1092E000733A2025640000004661696C656420744F
:1092F0006F207374617274207472616E73706F7218
:10930000743A2025640000004661696C656420742D
:109310006F206D6F756E7420534420636172643AE0
:1093200020256400726573756C74206F66206D6F04
:10933000756E743A256400004661696C656420743A
:109340006F20696E697469616C697A652073746FE6
:10935000726167653A202564000000004661696C0F
:10936000656420746F20696E697469616C697A65DF
:10937000206861707469632070696E3A202564000A
:109380004661696C656420746F2073746172742027
:10939000636F6465633A2025640000005374617252
:1093A00074696E67206D6963726F70686F6E652097
:1093B000696E697469616C697A6174696F6E0000C5
:1093C0004661696C656420746F20737461727420E7
:1093D0006D6963726F70686F6E653A202564000076
:1093E0004F6D69206669726D7761726520696E697B
:1093F0007469616C697A65642073756363657373FE
:1094000066756C6C790A00006D61696E0000000081
:10941000436C69656E74207375627363726962650B
:109420006420666F72206E6F746966696361746927
:109430006F6E7300436C69656E7420756E73756230
:10944000736372696265642066726F6D206E6F74FB
:10945000696669636174696F6E730000496E766155
:109460006C6964204343432076616C75653A20251E
:10947000750000006466755F636F6E74726F6C5F79
:10948000706F696E745F77726974655F68616E642E
:109490006C657200436F6E6E656374696F6E2070E9
:1094A0006172616D65746572732075706461746555
:1094B000642E00005472616E73706F727420636F5B
:1094C0006E6E656374696F6E20706172616D657434
:1094D000657273207570646174652072657175655D
:1094E00073742072656365697665642E0000000000
:1094F00042617474657279206174202564206D5610
:1095000020286361706163697479202564252529A9
:10951000000000004572726F72207570646174699A
:109520006E672062617474657279206C6576656C13
:109530003A202564000000004661696C656420746F
:109540006F20726561642062617474657279206C49
:109550006576656C000000004661696C6564207486
:109560006F20726561642066726F6D2072696E672C
:10957000206275666665722E206E6F7420656E6F50
:109580007567682064617461202564005472616E9F
:1095900073706F727420646973636F6E6E65637449
:1095A000656400004661696C656420746F206765BE
:1095B0007420636F6E6E656374696F6E20696E668A
:1095C0006F2028657272202564290000626C756521
:1095D000746F6F7468206163746976617465640088
:1095E0005472616E73706F727420636F6E6E656318
:1095F0007465640066696C652073697A6520666FBE
:10960000722066696C6520636F756E742025642016
:1096100025640A007570646174696E672066696C00
:10962000652073697A650A005472616E73706F7297
:109630007420626C7565746F6F746820696E6974EC
:10964000206661696C656420286572722025642932
:10965000000000005472616E73706F727420626C4F
:109660007565746F6F746820696E697469616C697F
:109670007A6564005472616E73706F7274206164F5
:10968000766572746973696E67206661696C65647A
:1096900020746F20737461727420286572722025A3
:1096A000642900004164766572746973696E67208D
:1096B0007375636365737366756C6C79207374611D
:1096C00072746564000000004261747465727920F0
:1096D000696E6974206661696C65642028657272C0
:1096E00020256429000000004261747465727920AD
:1096F000696E697469616C697A65640003020000CF
:10970000B8050020071000005D060020416E746956
:1097100063697079000000007472616E73706F721B
:109720007400000001010000BC05002007100000CB
:1097300051070020090800000C97060000000229CC
:109740000000032800000028000003280000022970
:10975000000003280000002850444D206572726FFD
:10976000723A202564000000417564696F20756EAF
:1097700061626C6520746F20696E697469616C69DF
:109780007A652050444D0000417564696F20756E04
:1097900061626C6520746F20737461727420504430
:1097A0004D000000417564696F206D6963726F70D0
:1097B000686F6E65207374617274656400000000E8
:1097C0006D696300434D414B455F534F55524345CF
:1097D0005F4449522F7372632F6C65642E630000DF
:1097E0004572726F722061742025733A25643A25A0
:1097F000640000004C4544732073746172746564A6
:1098000000000000808B060006000100808B06002F
:109810001E000100808B06001A0001004661696C81
:10982000656420746F2077726974652025642062F6
:109830007974657320746F20636F64656320726947
:109840006E6720627566666572000000434D414B8D
:10985000455F534F555243455F4449522F737263DE
:109860002F636F6465632E63000000004F70757393
:1098700020656E636F64696E67206661696C6564FC
:109880003A20256400000000636F646563000000F7
:109890004144432072656164206661696C6564209F
:1098A000286572726F7220256429000041444320AC
:1098B000646576696365206E6F7420666F756E648B
:1098C0002100000041444320736574757020666177
:1098D000696C656420286572726F722025642900A6
:1098E0004750494F20646576696365206E6F742028
:1098F000666F756E642100004750494F20636F6E9C
:10990000666967757265206661696C65642100002F
:10991000496E697469616C697A6564006261747426
:1099200065727900627574746F6E000048617074BE
:1099300069632050696E20726561647900000000DF
:109940004572726F722073657474696E67207570EA
:10995000204861707469632050696E0044757261BB
:1099600074696F6E20697320746F6F206C6F6E67FF
:1099700000000000737065616B6572002F53443AFC
:109980002F000000257325730000000046696C65F8
:10999000206372656174696F6E206661696C6564CD
:1099A00020256400696E76616C69642066696C6567
:1099B0000A00000066696C65206E756D61727261E7
:1099C00079202564202564200000000066696C650C
:1099D000206E616D652069732025732000000000F2
:1099E000534420456E61626C652050696E2072653B
:1099F000616479004572726F722073657474696E68
:109A00006720757020534420456E61626C6520505C
:109A1000696E00004572726F722073657474696EAE
:109A2000672075702053442050696E005344000035
:109A30006469736B5F6163636573735F696E697497
:109A40003A2025640A0000006469736B5F616363F8
:109A50006573735F696E6974206661696C65640023
:109A60002F53443A00000000534420636172642085
:109A70006D6F756E7465642073756363657373666B
:109A8000756C6C79000000002F53443A2F617564A7
:109A9000696F0000665F6D6F756E74206661696C3A
:109AA00065643A2025640000617564696F2064690B
:109AB000726563746F727920637265617465642086
:109AC0007375636365737366756C6C790000000071
:109AD000617564696F206469726563746F7279205F
:109AE000616C7265616479206578697374730000D4
:109AF000617564696F206469726563746F7279203F
:109B00006372656174696F6E206661696C65643A41
:109B1000202564006572726F72207768696C652019
:109B20006F70656E696E67206469726563746F72C9
:109B300079200000726573756C74206F66206F70F9
:109B4000656E6469723A2025640000006E657720B6
:109B50006E756D2066696C65733A2025640000009F
:109B60006572726F207768696C65206D6F76696EBB
:109B7000672074686520777269746520706F696EFC
:109B80007465720066696C6520636F756E743A2047
:109B9000256400002F53443A2F696E666F2E747847
:109BA00074000000696E666F2E7478740000000007
:109BB000726573756C74206F6620696E666F2E74A3
:109BC0007874206372656174696F6E3A2025642031
:109BD00000000000726573756C74206F6620636806
:109BE00065636B3A202564006572726F722064654C
:109BF0006C6574696E672066696C65006572726F6A
:109C000072206372656174696E672066696C6500B5
:109C10006572726F722064656C6574696E67206628
:109C2000696C6520696E2064656C6574650A000066
:109C30006572726F72206F6E2025640A000000004A
:109C40006572726F722064656C6574696E672066F8
:109C5000696C650A000000006661696C65642074C7
:109C60006F206D616B65206469726563746F7279D2
:109C7000200A0000617564696F2F6130312E74789D
:109C8000740000006661696C656420746F206D610A
:109C90006B65206E65772066696C6520696E20644F
:109CA00069726563746F72792066696C65730A0006
:109CB000646F6E65207769746820636C6561726992
:109CC0006E670A007364636172640000696E766196
:109CD0006C696420636F6D6D616E6400636F6D6DA0
:109CE000616E64207375636365737366756C3A2087
:109CF000636F6D6D616E643A2025642066696C65E2
:109D00003A2025642073697A653A202564200A0088
:109D1000696E76616C69642066696C6520636F7535
:109D20006E74203000000000696E76616C696420FA
:109D300066696C6520636F756E74000066696C659A
:109D40005F636F756E74203D3D2066696E616C20A7
:109D500066696C650000000066696C652073697A4D
:109D600065206973203000007265717565737465D4
:109D7000642073697A6520697320746F6F206C6149
:109D80007267650076616C696420636F6D6D616EEA
:109D9000642C2073657474696E67207570200000F0
:109DA000696E76616C696420636F6D6D616E6420AD
:109DB0000A00000061626F757420746F207363681D
:109DC0006564756C65207468652073746F72616773
:109DD000650000007761732073656E742025642030
:109DE000200000006C656E677468206F66207374D5
:109DF0006F726167652077726974653A2025640027
:109E0000726573756C743A202564200061626F7509
:109E10007420746F207472616E736D697420737432
:109E20006F726167650A000062616420706F696E1D
:109E30007465720063757272656E74207265616418
:109E4000207074722025640072656D61696E696EA0
:109E500067206C656E6774683A2025640000000016
:109E60006F66667365743A202564000066696C65E8
:109E70003A202564000000007472616E73706F7286
:109E8000207374617274656420696E2073696465FF
:109E9000203A20256400000064656C6574653A25ED
:109EA000640A00006572726F7220636C656172698A
:109EB0006E670A00696E76616C696420636F6E6E0E
:109EC000656374696F6E0000646F6E652E20617447
:109ED00074656D7074696E6720746F20646F776E3F
:109EE0006C6F6164206D6F72652066696C65730AC2
:109EF00000000000000002290000032800000229E1
:109F0000000003280000002873746F726167650009
:109F100000030C0F30333C3FC0C3CCCFF0F3FCFF49
:109F2000000101010203030302030303020303030D
:109F30000040CA451B4CFF52825AB362A26B607547
:109F4000010000000000000003000000000000000D
:109F500002000000010000000700000000000000F7
:109F600004000000030000000600000001000000E3
:109F700005000000020000000F00000000000000CB
:109F800008000000070000000C00000003000000B3
:109F90000B000000040000000E00000001000000A3
:109FA00009000000060000000D0000000200000093
:109FB0000A000000050000004027C81B9810603B05
:109FC000502200006066D00C0000000000FF00FF7F
:109FD00000FF00FF00FF00FE010001FF00FE00FD8A
:109FE000020001FF00FE00FD030001FFFFFF9C6E69
:109FF00056463B332D2825211F1C1A1917161514F8
:10A0000013121110100F0F0E0D0D0C0C0C0C0B0B6E
:10A010000B0A0A0A090909090909080808080807B2
:10A0200007070707070606060606060606060606CB
:10A0300006060606060505050505050505050505CB
:10A0400005040404040404040404040404040404CF
:10A0500004040404040404040404030303030303C6
:10A0600003030303030303030303030201000100CB
:10A0700001000100010001000100020002000200D5
:10A0800002000200020002000300030004000500B9
:10A0900006000800080000000100020003000400A0
:10A0A00005000600070008001000180024002C001E
:10A0B000320038003E00430048004F0058006A005C
:10A0C0008600000002010000191702007E7C776DF7
:10A0D000572913090402000014A10600D4A30600A6
:10A0E00090A6060048A90600FCAB0600ACAE060030
:10A0F00058B10600C0B206007CB30600F0B30600FB
:10A100003CB4060074B4060094B40600ACB4060077
:10A11000B8B40600010000000000000000000000CC
:10A12000000000000000000000000000000000002F
:10A13000000000000000000000000000000000001F
:10A14000000000000000000000000000000000000F
:10A1500000000000000000000000000000000000FF
:10A1600000000000000000000000000000000000EF
:10A1700000000000000000000000000000000000DF
:10A1800000000000000000000000000000000000CF
:10A1900000000000000000000000000000000000BF
:10A1A00000000000000000000000000000000000AF
:10A1B000000000000000000000000000000000009F
:10A1C000000000000000000000000000000000008F
:10A1D000000000000000000000000000000000007F
:10A1E000000000000000000000000000000000006F
:10A1F000000000000000000000000000000000005F
:10A20000000000000000000000000000000000004E
:10A21000000000000000000000000000000000003E
:10A22000000000000000000000000000000000002E
:10A23000000000000000000000000000000000001E
:10A24000000000000000000000000000000000000E
:10A2500000000000000000000000000000000000FE
:10A2600000000000000000000000000000000000EE
:10A2700000000000000000000000000000000000DE
:10A2800000000000000000000000000000000000CE
:10A2900000000000000000000000000000000000BE
:10A2A00000000000000000000000000000000000AE
:10A2B000000000000000000000000000000000009E
:10A2C000000000000000000000000000000000008E
:10A2D000000000000000000000000000000000007E
:10A2E000000000000000000000000000000000006E
:10A2F000000000000000000000000000000000005E
:10A30000000000000000000000000000000000004D
:10A31000000000000000000000000000000000003D
:10A32000000000000000000000000000000000002D
:10A33000000000000000000000000000000000001D
:10A34000000000000000000000000000000000000D
:10A3500000000000000000000000000000000000FD
:10A3600000000000000000000000000000000000ED
:10A3700000000000000000000000000000000000DD
:10A3800000000000000000000000000000000000CD
:10A3900000000000000000000000000000000000BD
:10A3A00000000000000000000000000000000000AD
:10A3B000000000000000000000000000000000009D
:10A3C000000000000000000000000000000000008D
:10A3D000000000000000000001000000010000007B
:10A3E0000100000001000000010000000100000069
:10A3F0000100000001000000010000000100000059
:10A400000100000001000000010000000100000048
:10A410000100000001000000010000000100000038
:10A420000100000001000000010000000100000028
:10A430000100000001000000010000000100000018
:10A440000100000001000000010000000100000008
:10A4500001000000010000000100000001000000F8
:10A4600001000000010000000100000001000000E8
:10A4700001000000010000000100000001000000D8
:10A4800001000000010000000100000001000000C8
:10A4900001000000010000000100000001000000B8
:10A4A00001000000010000000100000001000000A8
:10A4B0000100000001000000010000000100000098
:10A4C0000100000001000000010000000100000088
:10A4D0000100000001000000010000000100000078
:10A4E0000100000001000000010000000100000068
:10A4F0000100000001000000010000000100000058
:10A500000100000001000000010000000100000047
:10A510000100000001000000010000000100000037
:10A520000100000001000000010000000100000027
:10A530000100000001000000010000000100000017
:10A540000100000001000000010000000100000007
:10A5500001000000010000000100000001000000F7
:10A5600001000000010000000100000001000000E7
:10A5700001000000010000000100000001000000D7
:10A5800001000000010000000100000001000000C7
:10A5900001000000010000000100000001000000B7
:10A5A00001000000010000000100000001000000A7
:10A5B0000100000001000000010000000100000097
:10A5C0000100000001000000010000000100000087
:10A5D0000100000001000000010000000100000077
:10A5E0000100000001000000010000000100000067
:10A5F0000100000001000000010000000100000057
:10A600000100000001000000010000000100000046
:10A610000100000001000000010000000100000036
:10A620000100000001000000010000000100000026
:10A630000100000001000000010000000100000016
:10A640000100000001000000010000000100000006
:10A6500001000000010000000100000001000000F6
:10A6600001000000010000000100000001000000E6
:10A6700001000000010000000100000001000000D6
:10A6800001000000010000000100000001000000C6
:10A6900001000000010000000300000005000000B0
:10A6A00007000000090000000B0000000D00000082
:10A6B0000F00000011000000130000001500000052
:10A6C00017000000190000001B0000001D00000022
:10A6D0001F000000210000002300000025000000F2
:10A6E00027000000290000002B0000002D000000C2
:10A6F0002F00000031000000330000003500000092
:10A7000037000000390000003B0000003D00000061
:10A710003F00000041000000430000004500000031
:10A7200047000000490000004B0000004D00000001
:10A730004F000000510000005300000055000000D1
:10A7400057000000590000005B0000005D000000A1
:10A750005F00000061000000630000006500000071
:10A7600067000000690000006B0000006D00000041
:10A770006F00000071000000730000007500000011
:10A7800077000000790000007B0000007D000000E1
:10A790007F000000810000008300000085000000B1
:10A7A00087000000890000008B0000008D00000081
:10A7B0008F00000091000000930000009500000051
:10A7C00097000000990000009B0000009D00000021
:10A7D0009F000000A1000000A3000000A5000000F1
:10A7E000A7000000A9000000AB000000AD000000C1
:10A7F000AF000000B1000000B3000000B500000091
:10A80000B7000000B9000000BB000000BD00000060
:10A81000BF000000C1000000C3000000C500000030
:10A82000C7000000C9000000CB000000CD00000000
:10A83000CF000000D1000000D3000000D5000000D0
:10A84000D7000000D9000000DB000000DD000000A0
:10A85000DF000000E1000000E3000000E500000070
:10A86000E7000000E9000000EB000000ED00000040
:10A87000EF000000F1000000F3000000F500000010
:10A88000F7000000F9000000FB000000FD000000E0
:10A89000FF000000010100000301000005010000AD
:10A8A00007010000090100000B0100000D0100007C
:10A8B0000F0100001101000013010000150100004C
:10A8C00017010000190100001B0100001D0100001C
:10A8D0001F010000210100002301000025010000EC
:10A8E00027010000290100002B0100002D010000BC
:10A8F0002F0100003101000033010000350100008C
:10A9000037010000390100003B0100003D0100005B
:10A910003F0100004101000043010000450100002B
:10A9200047010000490100004B0100004D010000FB
:10A930004F010000510100005301000055010000CB
:10A9400057010000590100005B0100005D0100009B
:10A950005F0100000D000000190000002900000048
:10A960003D00000055000000710000009100000053
:10A97000B5000000DD000000090100003901000001
:10A980006D010000A5010000E101000021020000AE
:10A9900065020000AD020000F9020000490300005A
:10A9A0009D030000F503000051040000B104000005
:10A9B000150500007D050000E905000059060000AE
:10A9C000CD06000045070000C10700004108000057
:10A9D000C50800004D090000D9090000690A0000FF
:10A9E000FD0A0000950B0000310C0000D10C0000A6
:10A9F000750D00001D0E0000C90E0000790F00004B
:10AA00002D100000E5100000A111000061120000EF
:10AA100025130000ED130000B91400008915000093
:10AA20005D1600003517000011180000F118000035
:10AA3000D5190000BD1A0000A91B0000991C0000D8
:10AA40008D1D0000851E0000811F00008120000078
:10AA5000852100008D22000099230000A924000018
:10AA6000BD250000D5260000F127000011290000B7
:10AA7000352A00005D2B0000892C0000B92D000054
:10AA8000ED2E00002530000061310000A1320000F1
:10AA9000E53300002D35000079360000C93700008D
:10AAA0001D390000753A0000D13B0000313D000027
:10AAB000953E0000FD3F000069410000D9420000C2
:10AAC0004D440000C545000041470000C14800005A
:10AAD000454A0000CD4B0000594D0000E94E0000F2
:10AAE0007D50000015520000B15300005155000088
:10AAF000F55600009D580000495A0000F95B00001F
:10AB0000AD5D0000655F000021610000E1620000B2
:10AB1000A56400006D66000039680000096A000045
:10AB2000DD6B0000B56D0000916F000071710000D9
:10AB3000557300003D750000297700001979000069
:10AB40000D7B0000057D0000017F000001810000F9
:10AB5000058300000D850000198700002989000089
:10AB60003D8B0000558D0000718F00009191000019
:10AB7000B5930000DD95000009980000399A0000A7
:10AB80006D9C0000A59E0000E1A0000021A3000034
:10AB900065A50000ADA70000F9A9000049AC0000C0
:10ABA0009DAE0000F5B0000051B30000B1B500004B
:10ABB00015B800007DBA0000E9BC000059BF0000D4
:10ABC000CDC1000045C40000C1C6000041C900005D
:10ABD000C5CB00004DCE0000D9D0000069D30000E5
:10ABE000FDD5000095D8000031DB0000D1DD00006C
:10ABF00075E000001DE30000C9E5000079E80000F1
:10AC00002DEB0000E5ED0000A1F000003F0000008A
:10AC100081000000E7000000790100003F02000011
:10AC2000410300008704000019060000FF07000030
:10AC3000410A0000E70C0000F90F00007F1300003C
:10AC400081170000071C000019210000BF2600002A
:10AC5000012D0000E7330000793B0000BF430000F6
:10AC6000C14C000087560000196100007F6C000095
:10AC7000C1780000E7850000F9930000FFA2000002
:10AC800001B3000007C4000019D600003FE900002E
:10AC900081FD0000E7120100792901003F41010018
:10ACA000415A01008774010019900100FFAC0100B6
:10ACB00041CB0100E7EA0100F90B02007F2E020000
:10ACC0008152020007780200199F0200BFC70200EC
:10ACD00001F20200E71D0300794B0300BF7A030075
:10ACE000C1AB030087DE0300191304007F49040091
:10ACF000C1810400E7BB0400F9F70400FF3505003B
:10AD00000176050007B8050019FC05003F42060062
:10AD1000818A0600E7D40600792107003F7007000A
:10AD200041C1070087140800196A0800FFC1080024
:10AD3000411C0900E7780900F9D709007F390A00AA
:10AD4000819D0A0007040B00196D0B00BFD80B0092
:10AD500001470C00E7B70C00792B0D00BFA10D00D7
:10AD6000C11A0E0087960E0019150F007F960F006E
:10AD7000C11A1000E7A11000F92B1100FFB8110053
:10AD80000149120007DC1200197213003F0B140076
:10AD900081A71400E746150079E915003F8F1600DA
:10ADA0004138170087E4170019941800FF4619006E
:10ADB00041FD1900E7B61A00F9731B007F341C002F
:10ADC00081F81C0007C01D00198B1E00BF591F0011
:10ADD000012C2000E701210079DB2100BFB822000F
:10ADE000C1992300877E2400196725007F53260020
:10ADF000C1432700E7372800F92F2900FF2B2A003D
:10AE0000012C2B0007302C0019382D003F442E0058
:10AE100081542F00E7683000798131003F9E320075
:10AE200041BF330087E43400190E3600FF3B370082
:10AE3000416E3800E7A43900F9DF3A007F1F3C007B
:10AE400081633D0007AC3E0019F93F00BF4A410055
:10AE500001A14200E7FB4300795B4500BFBF46000C
:10AE6000C12848008796490019094B007F804C0093
:10AE7000C1FC4D00E77D4F00F9035100FF8E5200E9
:10AE8000011F540007B45500194E57003FED5800FC
:10AE900081915A00E73A5C0079E95D003F9D5F00CF
:10AEA000415661008714630019D86400FFA0660052
:10AEB000416F6800E7426A00F91B6C007FFA6D0081
:10AEC00041010000A902000009050000C1080000BE
:10AED000410E000009160000A9200000C12E00004C
:10AEE0000141000029580000097500008198000008
:10AEF00081C3000009F7000029340100017C010032
:10AF0000C1CF0100A930020009A00200411F0300C7
:10AF1000C1AF030009530400A90A050041D8050088
:10AF200081BD060029BC070009D60800010D0A00F2
:10AF300001630B0009DA0C0029740E008133100044
:10AF4000411A1200A92A140009671600C1D118007D
:10AF5000416D1B00093C1E00A9402100C17D240059
:10AF600001F6270029AC2B0009A32F0081DD330057
:10AF7000815E380009293D002940420001A74700B1
:10AF8000C1604D00A970530009DA590041A060006A
:10AF9000C1C6670009516F00A9427700419F7F0039
:10AFA000816A880029A89100095C9B00018AA5009C
:10AFB0000136B0000964BB002918C7008156D300D0
:10AFC0004123E000A982ED000979FB00C10A0A01D2
:10AFD000413C190109122901A9903901C1BC4A015A
:10AFE000019B5C0129306F010981820181929601E8
:10AFF0008169AB01090BC101297CD70101C2EE01B6
:10B00000C1E10602A9E01F0209C4390241915402BC
:10B01000C14D700209FF8C02A9AAAA024156C902B9
:10B020008107E90229C4090309922B0301774E0322
:10B0300001797203099E970329ECBD038169E50339
:10B04000411C0E04A90A3804093B6304C1B38F04F0
:10B05000417BBD040998EC04A9101D05C1EB4E0508
:10B060000130820529E4B605090FED0581B72406F4
:10B0700081E45D06099D980629E8D40601CD1207F2
:10B08000C1525207A9809307095ED60741F21A08F8
:10B09000C1446108095DA908A942F30841FD3E09C0
:10B0A00081948C092910DC0909782D0A01D4800AC1
:10B0B000012CD60A09882D0B29F0860B816CE20B36
:10B0C0004105400CA9C29F0C09AD010DC1CC650D15
:10B0D000412ACC0D09CE340EA9C09F0EC10A0D0F16
:10B0E00001B57C0F29C8EE0F094D6310814CDA10B1
:10B0F00081CF531109DFCF1129844E1201C8CF121D
:10B10000C1B35313A950DA1309A8631441C3EF1450
:10B11000C1AB7E15096B1016A90AA51641943C1700
:10B120008111D717298C7418090E151901A1B819A6
:10B13000014F5F1A0922091B2924B61B815F661C77
:10B1400041DE191DA9AAD01D09CF8A1EC155481F6D
:10B150004149092009B4CD20A9A09521C119612236
:10B16000012A302329DC0224093BD9248151B3254B
:10B1700093060000450E00000F1C00001133000074
:10B180005B5700000D8E000077DD0000394D010097
:10B1900063E6010095B302001FC10300211D0500F5
:10B1A000ABD70600DD02090007B30B00C9FE0E0095
:10B1B00033FF1200E5CF17002F8F1D00315E2400F2
:10B1C000FB602C00ADBE350097A1400059374D0003
:10B1D00003B15B0035436C003F267F00419694002D
:10B1E0004BD3AC007D21C80027C9E600E916090150
:10B1F000D35B2F0185ED59014F2689015165BD01B2
:10B200009B0EF7014D8B3602B7497C0279BDC8020F
:10B21000A35F1C03D5AE77035F2FDB03616B47048D
:10B22000EBF2BC041D5C3C054743C605094B5B06BD
:10B23000731CFC062567A9076FE1630871482C0998
:10B240003B60030AEDF3E90AD7D5E00B99DFE80C80
:10B2500043F2020E75F62F0F7FDC7010819CC61131
:10B260008B363213BDB2B41467214F16299B0218D6
:10B270001341D019C53CB91B8FC0BE1D9107E21FF9
:10B28000DB5524228DF88624F7450B27B99DB2297A
:10B29000E3687E2C151A702F9F2D8932A129CB359A
:10B2A0002B9E37395D25D03C8763964049078C44F7
:10B2B000B3C9B248656E0C4DAFC39A51B1A25F5687
:10B2C0007BEF5C5B2D999460179A0866D9F7BA6B8F
:10B2D00083C3AD71B519E377BF225D7E1D230000E6
:10B2E000714D0000919C0000FD260100650C0200DC
:10B2F000E977030099A2050035D608002D700D00EE
:10B30000E1E4130021C31C00EDB72800759238005A
:10B3100059484D0029FA670025F889003DC7B40057
:10B320005126EA00B1132C01DDD27C0185F2DE0149
:10B33000C9525502B92BE30215148C034D0854046D
:10B34000C1713F05412E5306CD979407958C09098D
:10B350003977B80A4957A80C05CAE00E5D136A117F
:10B3600031274D14D1B29317BD26481BA5C0751FB8
:10B37000A9952824D99C6D29F5B9522F6DC8E635B9
:10B38000A1A6393D61415C45AD9F604EB5EE59586F
:10B39000198E5C63691C7E6FE583D57CFFBD000060
:10B3A00001A801008F6B0300F19E06003F230C00F3
:10B3B000C13D15008FB62300F1FC3900FF515B0041
:10B3C00001FA8B000F75D10071BF32013F9AB801AD
:10B3D000C1DC6D020FCF5F03718E9E04FF7B3D06C3
:10B3E00001B653088F9CFC0AF161580E3FA78C12DE
:10B3F000C125C5178F65341EF1811426FFFBA72FC9
:10B40000019C3A3B0F6222497186C0593F8A826D86
:10B41000C158E384010E040091210900112C13008E
:10B4200041EE2500414F47009143800011F7DD00B8
:10B430000146730101925A021101B8039135BC050E
:10B44000418FA7084106CE0C11B29B12910F9A1A98
:10B45000011A7625014C0734919E5747119DAC6027
:10B4600041A6918123511600C59E320017B96B0089
:10B4700099F6D8006B89A0010DC4FE021F0150058A
:10B4800021D91D09336C300FD5A2A418A76708274E
:10B4900029FD7D3C7BB5E75B1D771D89AFA02DC9DC
:10B4A000AD8E7B0089E6190139965E023D16D804FF
:10B4B000B5637709E128C611210334207548823825
:10B4C0007D575760BF5BAF0281D82706F7845E0DBA
:10B4D000E9FEAD1B7F8BEB3681B7E56817039CC196
:10B4E000C10CFF0E396A852219EE914B81782B9E93
:10B4F00033E10954958B000037980000FFA5000048
:10B5000004B5000067C5000045D70000C1EA00008F
:10B51000FFFF0000FFFFFFFF555555553333333311
:10B52000244992241CC7711C74D14517133BB113D5
:10B53000111111110F0F0F0F5E43790D0CC3300C59
:10B540002C64210BA3703D0A5E427B09B0DCD3085A
:10B55000841042087CF0C10707755007453EEB0692
:10B560000669900663703E06D017F405055BB005CA
:10B570000A62720529783905050505053E87D40458
:10B580004A90A7041FC17D0497C75604535C320438
:10B5900004411004033FF0033526D2030ECCB5035B
:10B5A000D10A9B03E0C0810336D06903EC1D53032D
:10B5B000D2913D031F1629032197150303030303AB
:10B5C0009049F1020B5CE002022DD0022CB0C002C7
:10B5D00046DAB102FDA0A302D4FA95020CDF88027C
:10B5E00097457C0202277002697C6402693F590218
:10B5F000176A4E02F0F64302D5E039020223300208
:10B6000002B92602AD9E1D0221D01402BA490C02D5
:10B6100010080402F007FC015946F4017BC0EC015C
:10B62000AC73E5016E5DDE01657BD70158CBD001BF
:10B63000304BCA01F0F8C301B8D2BD01C3D6B7017F
:10B640006403B2010157AC011AD0A6013F6DA101FC
:10B65000142D9C014F0E9701B40F920118308D01EB
:10B660005F6E880177C983015F407F0120D27A0134
:10B67000CE7D760187427201761F6E01CD136A017D
:10B68000C61E6601A73F6201BB755E0156C05A0126
:10B69000D31E5701949053010115500188AB4C0102
:10B6A0009E534901BC0C460162D6420113B03F01D2
:10B6B0005A993C01C2913901DF98360145AE3301F8
:10B6C00090D130015C022E014A402B01018B2801F0
:10B6D00027E225016745230170B42001F32E1E01E6
:10B6E000A4B41B013845190168E01601F085140166
:10B6F0008E35120101EF0F010AB20D016E7E0B01B2
:10B70000F3530901603207017F1905011B09030189
:10B71000010101010000000080BB00007800000072
:10B720001500000015000000CD6C00000010002086
:10B730000CDA06000300000008000000780000009A
:10B740000B00000024D9060008D8060034D80600F3
:10B75000800700000300000040C6060004C6060083
:10B76000C8C506008CC506007CB70600880100002D
:10B7700034D70600ACD5060004D50600FF7FFF7F56
:10B78000FF7FFE7FFD7FFB7FF97FF77FF47FF17FF7
:10B79000EE7FEA7FE67FE27FDD7FD87FD27FCD7FBD
:10B7A000C67FC07FB97FB27FAA7FA27F9A7F917F39
:10B7B000887F7F7F757F6B7F617F567F4B7F407F68
:10B7C000347F287F1B7F0E7F017FF47EE67ED87E4C
:10B7D000C97EBA7EAB7E9B7E8B7E7B7E6A7E597EE7
:10B7E000487E367E247E127EFF7DEC7DD97DC57D30
:10B7F000B17D9D7D887D737D5D7D477D317D1B7D28
:10B80000047DED7CD57CBD7CA57C8C7C737C5A7CD6
:10B81000417C277C0C7CF27BD77BBC7BA07B847B30
:10B82000687B4B7B2E7B117BF37AD57AB77A987A3B
:10B83000797A5A7A3A7A1A7AFA79D979B8799779F3
:10B840007579537931790E79EB78C878A478807856
:10B850005C7837781278ED77C777A1777B77547764
:10B860002D770677DE76B6768E7665763D7613761C
:10B87000EA75C07596756B7540751575EA74BE747A
:10B880009274657438740B74DE73B073827354737E
:10B890002573F672C7729772677237720672D67125
:10B8A000A471737141710F71DC70AA70777043706D
:10B8B0001070DC6FA76F736F3E6F096FD36E9D6E54
:10B8C000676E316EFA6DC36D8C6D546D1C6DE46CDA
:10B8D000AC6C736C3A6C006CC76B8D6B526B186BF5
:10B8E000DD6AA26A666A2A6AEE69B26975693869B0
:10B8F000FB68BE68806842680468C56786674767FA
:10B900000767C866876647660766C66584654365D8
:10B910000165BF647D643A64F863B46371632D6349
:10B92000EA62A56261621C62D76192614C61066144
:10B93000C0607A603360ED5FA55F5E5F165FCE5ECC
:10B94000865E3E5EF55DAC5D635D1A5DD05C865CD7
:10B950003C5CF15BA65B5B5B105BC55A795A2D5A68
:10B96000E15994594859FB58AD5860581258C4577A
:10B9700076572857D9568A563B56EC559C554C5508
:10B98000FC54AC545B540B54BA5368531753C55210
:10B9900073522152CF517C512951D650835030508F
:10B9A000DC4F884F344FE04E8B4E364EE14D8C4D80
:10B9B000374DE14C8B4C354CDF4B884B324BDB4ADF
:10B9C000844A2C4AD5497D492549CD4875481C48AB
:10B9D000C4476B471247B8465F460546AB455145DD
:10B9E000F7449D444244E7438C433143D6427A4274
:10B9F0001F42C34167410A41AE405140F43F973F67
:10BA00003A3FDD3E7F3E223EC43D663D083DA93CB7
:10BA10004B3CEC3B8D3B2E3BCF3A703A103AB13960
:10BA20005139F13891383138D03770370F37AE3659
:10BA30004D36EC358A352935C73466340434A233A3
:10BA40003F33DD327B321832B5315231EF308C303A
:10BA50002930C62F622FFE2E9A2E372ED22D6E2D14
:10BA60000A2DA62C412CDC2B782B132BAE2A482A2E
:10BA7000E3297E291829B3284D28E72781271B278A
:10BA8000B5264F26E82582251B25B5244E24E7231D
:10BA900080231923B2224A22E3217C211421AC20E5
:10BAA0004520DD1F751F0D1FA51E3D1ED51D6C1DDC
:10BAB000041D9B1C331CCA1B611BF91A901A271A00
:10BAC000BE195519EC1882181918B0174617DD164B
:10BAD00073160A16A0153615CD146314F9138F13B7
:10BAE0002513BB125112E7117C111211A8103D1041
:10BAF000D30F690FFE0E940E290EBE0D540DE90CE6
:10BB00007E0C140CA90B3E0BD30A680AFE0993099C
:10BB10002809BD085208E7077C071107A6063A0660
:10BB2000CF056405F9048E042304B8034C03E10235
:10BB300076020B02A0013401C9005E00F3FF87FF0B
:10BB40001CFFB1FE46FEDAFD6FFD04FD99FC2EFCE4
:10BB5000C2FB57FBECFA81FA16FAABF940F9D5F8BB
:10BB60006AF8FFF793F729F7BEF653F6E8F57DF587
:10BB700012F5A7F43CF4D2F367F3FCF291F227F24A
:10BB8000BCF152F1E7F07DF012F0A8EF3EEFD3EEFA
:10BB900069EEFFED95ED2BEDC1EC57ECEDEB83EB92
:10BBA00019EBAFEA46EADCE972E909E99FE836E811
:10BBB000CDE763E7FAE691E628E6BFE556E5EDE472
:10BBC00084E41CE4B3E34BE3E2E27AE211E2A9E1AC
:10BBD00041E1D9E071E009E0A1DF3ADFD2DE6BDEBE
:10BBE00003DE9CDD35DDCDDC66DCFFDB99DB32DBA3
:10BBF000CBDA65DAFED998D932D9CBD865D8FFD758
:10BC00009AD734D7CED669D604D69ED539D5D4D4D2
:10BC10006FD40BD4A6D341D3DDD279D214D2B0D114
:10BC20004DD1E9D085D022D0BECF5BCFF8CE95CE16
:10BC300032CECFCD6DCD0ACDA8CC46CCE4CB82CBD5
:10BC400020CBBFCA5DCAFCC99BC93AC9D9C878C84C
:10BC500018C8B7C757C7F7C697C637C6D8C578C577
:10BC600019C5BAC45BC4FCC39DC33FC3E1C283C250
:10BC700025C2C7C169C10CC1AEC051C0F4BF98BFD5
:10BC80003BBFDFBE82BE26BECBBD6FBD13BDB8BC01
:10BC90005DBC02BCA7BB4DBBF2BA98BA3EBAE4B9D0
:10BCA0008BB931B9D8B87FB826B8CDB775B71DB73D
:10BCB000C5B66DB615B6BEB566B50FB5B9B462B446
:10BCC0000CB4B5B35FB30AB3B4B25FB209B2B5B1E5
:10BCD00060B10BB1B7B063B00FB0BBAF68AF15AF19
:10BCE000C2AE6FAE1DAECAAD78AD26ADD5AC83ACDD
:10BCF00032ACE1AB90AB40ABF0AAA0AA50AA00AA2C
:10BD0000B1A962A913A9C5A876A828A8DAA78DA702
:10BD10003FA7F2A6A5A659A60CA6C0A574A528A55E
:10BD2000DDA492A447A4FCA3B2A368A31EA3D4A23B
:10BD30008BA242A2F9A1B0A168A120A1D8A090A095
:10BD400049A002A0BB9F749F2E9FE89EA29E5D9E6D
:10BD5000189ED39D8E9D4A9D059DC29C7E9C3B9CBA
:10BD6000F89BB59B729B309BEE9AAD9A6B9A2A9A80
:10BD7000E999A99968992999E998A9986A982B98B5
:10BD8000ED97AF9771973397F596B8967B963F9658
:10BD90000396C7958B9550951495DA949F94659466
:10BDA0002B94F193B8937F9346930E93D6929E92E1
:10BDB00066922F92F891C1918B9155911F91EA90C3
:10BDC000B59080904C901790E38FB08F7D8F4A8F05
:10BDD000178FE58EB28E818E4F8E1E8EED8DBD8DAE
:10BDE0008D8D5D8D2D8DFE8CCF8CA18C728C448CB5
:10BDF000178CE98BBC8B908B638B378B0B8BE08A1A
:10BE0000B58A8A8A608A368A0C8AE289B9899089D9
:10BE1000688940891889F088C988A2887C885588F3
:10BE200030880A88E587C0879B87778753872F8765
:10BE30000C87E986C786A4868286618640861F862F
:10BE4000FE85DE85BE859E857F856085428523854E
:10BE50000585E884CB84AE849184758459843E84BE
:10BE600022840784ED83D383B9839F8386836D8384
:10BE700055833D8325830E83F682E082C982B38297
:10BE80009D82888273825E824A82368222820F82FB
:10BE9000FC81E981D781C581B381A28191818181B2
:10BEA00071816181518142813381258117810981AD
:10BEB000FB80EE80E280D580C980BD80B280A78003
:10BEC0009C80928088807F8075806D8064805C809B
:10BED00054804C8045803E80388032802C80278082
:10BEE00022801D801980158011800E800B800880B3
:10BEF000068004800380018001800180FF7FFF7F36
:10BF0000FD7FF97FF47FEE7FE67FDC7FD27FC67F07
:10BF1000B87FA97F997F877F747F607F4A7F327F58
:10BF20001A7F007FE47EC77EA97E897E687E467E7A
:10BF3000227EFD7DD67DAE7D857D5A7D2E7D017D67
:10BF4000D27CA27C707C3D7C097CD47B9D7B647B15
:10BF50002A7BEF7AB37A757A367AF679B479717981
:10BF60002C79E778A07857780D78C277767728779C
:10BF7000D97689763776E57590753B75E4748C745F
:10BF80003374D8737C731F73C172617200729E71B7
:10BF90003B71D67070700970A16F376FCD6E616E96
:10BFA000F36D856D156DA46C326CBF6B4B6BD56AF0
:10BFB0005F6AE7696E69F4687868FC677E67FF66A8
:10BFC0007F66FE657C65F9647564EF636963E162B1
:10BFD0005862CE614461B8602B609D5F0D5F7D5EED
:10BFE000EC5D5A5DC75C325C9D5B075B705AD7594C
:10BFF0003E59A45809586C57CF5631569255F254B1
:10C000005154AF530D536952C5511F517950D24FFE
:10C01000294F804ED74D2C4D804CD44B274B794A1D
:10C02000CA491A496A48B94707475446A045EC44EB
:10C0300037448143CA4213425B41A240E93F2F3F4C
:10C04000743EB83DFC3C3F3C823BC33A043A453920
:10C050008538C437033741367E35BB34F733333345
:10C060006E32A931E3301D30562F8E2EC62DFD2C99
:10C07000342C6B2BA12AD6290C2940287427A826FA
:10C08000DB250E2541247323A522D6210721382044
:10C09000681F981EC71DF71C261C541B831AB11954
:10C0A000DE180C18391766169315BF14EC13181305
:10C0B00043126F119B10C60FF10E1C0E470D710C31
:10C0C0009C0BC60AF0091A0944086E079806C205B7
:10C0D000EC0415043F0369029201BC00E5FF0FFF69
:10C0E00038FE62FD8BFCB5FBDFFA08FA32F95CF82A
:10C0F00086F7B0F6DAF505F52FF459F384F2AFF1CF
:10C10000DAF005F030EF5CEE88EDB3ECDFEB0CEB32
:10C1100038EA65E992E8BFE7EDE61BE649E577E432
:10C12000A6E3D5E204E234E164E094DFC5DEF6DDA7
:10C1300028DD59DC8CDBBEDAF1D925D959D88DD769
:10C14000C2D6F7D52DD563D499D3D0D208D240D159
:10C1500079D0B2CFEBCE26CE60CD9CCCD8CB14CB51
:10C1600051CA8FC9CDC80CC84BC78BC6CCC50DC52D
:10C170004FC492C3D5C219C25DC1A3C0E9BF2FBFCE
:10C1800077BEBFBD08BD52BC9CBBE7BA33BA7FB90E
:10C19000CDB81BB86AB7BAB60AB65CB5AEB401B4CE
:10C1A00055B3A9B2FFB155B1ACB005B05EAFB7AEF3
:10C1B00012AE6EADCBAC28AC86ABE6AA46AAA7A958
:10C1C00009A96CA8D1A736A79CA603A66BA5D4A4E1
:10C1D0003EA4A8A314A381A2F0A15FA1CFA040A078
:10C1E000B29F259F9A9E0F9E859DFD9C769CEF9BFE
:10C1F0006A9BE69A639AE1996099E1986298E5975B
:10C200006997EE967496FB9584950D959894249471
:10C21000B1933F93CF925F92F19184911991AE9037
:10C220004590DD8F768F118FAC8E498EE78D878D8F
:10C23000278DC98C6D8C118CB78B5E8B068BB08A69
:10C240005A8A078AB48963891389C48877882B88B6
:10C25000E08797874F870887C2867E863C86FA8567
:10C26000BA857B853E850285C7848E8456841F846B
:10C27000EA83B683838352832283F482C6829B82BD
:10C28000708247822082FA81D581B1818F816F814E
:10C290004F8131811581FA80E080C880B1809B8018
:10C2A0008780748063805380448037802C80218015
:10C2B000188011800B80068002800180FF7FFC7F48
:10C2C000F37FE57FD07FB67F977F727F477F177FB1
:10C2D000E17EA57E647E1E7ED17D807D297DCC7C25
:10C2E0006A7C037C967B237BAB7A2E7AAC792479AB
:10C2F000977804786C77CF762D768675D974287404
:10C300007173B572F4712E716370946FBF6EE66DC8
:10C31000076D246C3C6B506A5F6969686E676F6675
:10C320006C6564645863476232611960FB5EDA5D74
:10C33000B45C8A5B5D5A2B59F557BC567E553D540B
:10C34000F852B0516450144FC14D6B4C114BB4496D
:10C350005448F0468A452044B3424441D23F5C3EB3
:10C36000E43C6A3BED396D38EB366635DF335632E7
:10C37000CA303D2FAD2D1B2C882AF2285B27C22501
:10C3800027248B22ED204E1FAD1D0C1C681AC418EB
:10C390001F177815D11329128010D60E2C0D810B82
:10C3A000D5092A087D06D10424037701CAFF1DFEA2
:10C3B00071FCC4FA18F96BF7C0F514F469F2BFF018
:10C3C00016EF6DEDC5EB1EEA78E8D3E62FE58CE3BA
:10C3D000EAE14AE0ABDE0EDD72DBD8D93FD8A8D661
:10C3E00013D580D3EFD160D0D3CE48CDBFCB39CADF
:10C3F000B5C833C7B4C537C4BDC246C1D2BF60BE1D
:10C40000F1BC85BB1CBAB7B854B7F4B598B43FB308
:10C41000EAB197B049AFFEADB6AC72AB32AAF6A89E
:10C42000BDA788A658A52BA402A3DDA1BDA0A09FEF
:10C43000889E749D659C5A9B539A5099539859971E
:10C44000659675958994A393C192E4910B91389068
:10C45000698FA08EDB8D1C8D618CAC8BFB8A508A22
:10C46000AA8909896D88D7874687BA863386B285B7
:10C470003685C0844F84E3837D831C83C1826B82B5
:10C480001B82D0818B814B811181DD80AE808580C4
:10C49000618043802A8017800A800280FF7FF27FBC
:10C4A000CD7F927F417FD97E5C7EC87D1D7D5D7C86
:10C4B000887B9C7A9B79857859771876C3745A73F0
:10C4C000DC714A70A46EEB6C1F6B40694F674B6563
:10C4D00036630F61D75E8F5C375ACE575655CF52B1
:10C4E0003A50974DE64A28485D458642A33FB53C01
:10C4F000BD39BA36AE3399307B2D552A2827F4231F
:10C50000B920791D341AEA169C134B10F70CA009B8
:10C510004806EF0295FF3BFCE2F88AF534F2E1EEC3
:10C5200090EB43E8FAE4B6E177DE3FDB0CD8E1D4E8
:10C53000BDD1A1CE8ECB84C884C58EC2A3BFC3BCDF
:10C54000EFB928B76DB4BFB11FAF8DAC0AAA96A7DB
:10C5500032A5DDA299A0669E439C329A33984696F6
:10C560006C94A592F190508FC38D4A8CE58A958981
:10C570005A8834872386278541847183B682118245
:10C5800083810B81A8805D80278009803C000000AA
:10C5900044440000050000000300000005000C00FA
:10C5A000030004000400010000000000000000007F
:10C5B0000000000000000000000000007CC6060033
:10C5C00084CD060000000000780000004444000014
:10C5D000060000000200000005001800030008002B
:10C5E0000200040004000100000000000000000040
:10C5F0000000000000000000F4C6060084CD060024
:10C6000000000000F00000004444000007000000AB
:10C6100001000000050030000300100004000400C9
:10C620000400010000000000000000000000000005
:10C6300000000000E4C7060084CD060000000000F2
:10C64000E00100004444000008000000FFFFFFFF7D
:10C650000500600003002000040008000200040040
:10C6600004000100000000000000000000000000C5
:10C67000C4C9060084CD06000000000000000C00C4
:10C68000180024003000040010001C0028003400B2
:10C690000800140020002C00380001000D001900D3
:10C6A00025003100050011001D002900350009009A
:10C6B000150021002D00390002000E001A0026008E
:10C6C0003200060012001E002A0036000A00160082
:10C6D00022002E003A0003000F001B002700330049
:10C6E000070013001F002B0037000B00170023006A
:10C6F0002F003B00000018003000480060000800D8
:10C700002000380050006800100028004000580049
:10C71000700004001C0034004C0064000C00240075
:10C720003C0054006C0014002C0044005C007400B9
:10C7300001001900310049006100090021003900A1
:10C7400051006900110029004100590071000500E5
:10C750001D0035004D0065000D0025003D00550011
:10C760006D0015002D0045005D00750002001A00E7
:10C7700032004A0062000A0022003A0052006A00B9
:10C7800012002A0042005A00720006001E00360005
:10C790004E0066000E0026003E0056006E00160099
:10C7A0002E0046005E00760003001B0033004B00A5
:10C7B00063000B0023003B0053006B0013002B00B1
:10C7C00043005B00730007001F0037004F00670045
:10C7D0000F0027003F0057006F0017002F00470091
:10C7E0005F0077000000300060009000C000100083
:10C7F00040007000A000D000200050008000B00079
:10C80000E0000400340064009400C40014004400FC
:10C810007400A400D400240054008400B400E40098
:10C820000800380068009800C80018004800780028
:10C83000A800D800280058008800B800E8000C00C4
:10C840003C006C009C00CC001C004C007C00AC0048
:10C85000DC002C005C008C00BC00EC00010031000E
:10C8600061009100C100110041007100A100D100E0
:10C87000210051008100B100E10005003500650094
:10C880009500C500150045007500A500D5002500E0
:10C8900055008500B500E5000900390069009900E0
:10C8A000C900190049007900A900D90029005900E0
:10C8B0008900B900E9000D003D006D009D00CD002C
:10C8C0001D004D007D00AD00DD002D005D008D00E0
:10C8D000BD00ED000200320062009200C2001200B2
:10C8E00042007200A200D200220052008200B20078
:10C8F000E2000600360066009600C60016004600FC
:10C900007600A600D600260056008600B600E60097
:10C910000A003A006A009A00CA001A004A007A0027
:10C92000AA00DA002A005A008A00BA00EA000E00C3
:10C930003E006E009E00CE001E004E007E00AE0047
:10C94000DE002E005E008E00BE00EE00030033000D
:10C9500063009300C300130043007300A300D300DF
:10C96000230053008300B300E30007003700670093
:10C970009700C700170047007700A700D7002700DF
:10C9800057008700B700E7000B003B006B009B00DF
:10C99000CB001B004B007B00AB00DB002B005B00DF
:10C9A0008B00BB00EB000F003F006F009F00CF002B
:10C9B0001F004F007F00AF00DF002F005F008F00DF
:10C9C000BF00EF0000006000C000200180012000D7
:10C9D0008000E0004001A0014000A00000016001D3
:10C9E000C00108006800C8002801880128008800EC
:10C9F000E8004801A8014800A80008016801C80132
:10CA000010007000D0003001900130009000F00064
:10CA10005001B0015000B00010017001D0011800A9
:10CA20007800D8003801980138009800F8005801C3
:10CA3000B8015800B80018017801D801040064005A
:10CA4000C4002401840124008400E4004401A40102
:10CA50004400A40004016401C4010C006C00CC007B
:10CA60002C018C012C008C00EC004C01AC014C0022
:10CA7000AC000C016C01CC0114007400D400340132
:10CA8000940134009400F4005401B4015400B40043
:10CA900014017401D4011C007C00DC003C019C01E9
:10CAA0003C009C00FC005C01BC015C00BC001C0163
:10CAB0007C01DC0101006100C10021018101210034
:10CAC0008100E1004101A1014100A10001016101DA
:10CAD000C10109006900C9002901890129008900F3
:10CAE000E9004901A9014900A90009016901C90139
:10CAF00011007100D1003101910131009100F1006C
:10CB00005101B1015100B10011017101D1011900B0
:10CB10007900D9003901990139009900F9005901CA
:10CB2000B9015900B90019017901D9010500650061
:10CB3000C5002501850125008500E5004501A50109
:10CB40004500A50005016501C5010D006D00CD0082
:10CB50002D018D012D008D00ED004D01AD014D0029
:10CB6000AD000D016D01CD0115007500D500350139
:10CB7000950135009500F5005501B5015500B5004A
:10CB800015017501D5011D007D00DD003D019D01F0
:10CB90003D009D00FD005D01BD015D00BD001D016A
:10CBA0007D01DD0102006200C2002201820122003B
:10CBB0008200E2004201A2014200A20002016201E1
:10CBC000C2010A006A00CA002A018A012A008A00FA
:10CBD000EA004A01AA014A00AA000A016A01CA0140
:10CBE00012007200D2003201920132009200F20073
:10CBF0005201B2015200B20012017201D2011A00B8
:10CC00007A00DA003A019A013A009A00FA005A01D1
:10CC1000BA015A00BA001A017A01DA010600660068
:10CC2000C6002601860126008600E6004601A60110
:10CC30004600A60006016601C6010E006E00CE0089
:10CC40002E018E012E008E00EE004E01AE014E0030
:10CC5000AE000E016E01CE0116007600D600360140
:10CC6000960136009600F6005601B6015600B60051
:10CC700016017601D6011E007E00DE003E019E01F7
:10CC80003E009E00FE005E01BE015E00BE001E0171
:10CC90007E01DE0103006300C30023018301230042
:10CCA0008300E3004301A3014300A30003016301E8
:10CCB000C3010B006B00CB002B018B012B008B0001
:10CCC000EB004B01AB014B00AB000B016B01CB0147
:10CCD00013007300D3003301930133009300F3007A
:10CCE0005301B3015300B30013017301D3011B00BF
:10CCF0007B00DB003B019B013B009B00FB005B01D9
:10CD0000BB015B00BB001B017B01DB01070067006F
:10CD1000C7002701870127008700E7004701A70117
:10CD20004700A70007016701C7010F006F00CF0090
:10CD30002F018F012F008F00EF004F01AF014F0037
:10CD4000AF000F016F01CF0117007700D700370147
:10CD5000970137009700F7005701B7015700B70058
:10CD600017017701D7011F007F00DF003F019F01FE
:10CD70003F009F00FF005F01BF015F00BF001F0178
:10CD80007F01DF01FF7F0000FE7F53FEF57FA6FCE1
:10CD9000E77FF9FAD47F4DF9BA7FA1F79B7FF6F5CB
:10CDA000777F4AF44C7F9FF21D7FF5F0E87E4BEFD2
:10CDB000AD7EA3ED6C7EFBEB277E54EADB7DADE818
:10CDC0008A7D07E7337D63E5D87CC1E3777C1EE28B
:10CDD000107C7DE0A47BDFDE337B41DDBB7AA6DB0C
:10CDE0003E7A0CDABD7972D83679DCD6A97847D587
:10CDF0001778B4D3807723D2E47693D0427604CFE9
:10CE00009B7579CDF074F0CB3E746ACA8973E5C81E
:10CE1000CE7263C70D72E5C5487167C47D70EDC2FF
:10CE2000AE6F76C1DB6E00C0026E8FBE246D21BD79
:10CE3000426CB4BB5A6B4BBA6E6AE3B87E6980B77A
:10CE4000886821B68E67C4B491666AB38D6515B2E1
:10CE50008664C2B07A6373AF6A6228AE5661DFAC93
:10CE60003D609BAB215F5AAAFF5D1EA9DA5CE5A776
:10CE7000B15BAFA6835A7DA5525950A41D5827A374
:10CE8000E45601A2A755E0A06654C49F2253AB9E6E
:10CE9000DA51969D8E50879C404F7B9BED4D739A47
:10CEA000974C71993D4B7398E249789781488496E5
:10CEB0001D479295B645A7944D44BF93E242DC923C
:10CEC0007341FE91014026918C3E5290143D838F18
:10CED0009A3BB98E1E3AF38D9E38338D1C37788C71
:10CEE0009835C38B1134128B8932658AFC30BE8928
:10CEF0006E2F1D89E02D80884E2CE987BB2A57872D
:10CF00002629CA868F274486F625C2855B24468556
:10CF1000BF22CF8422215C84831FF183E21D8A8398
:10CF2000411C28839F1ACD82F918768255172582D5
:10CF3000AD15DA81071494815F125381B6101981FF
:10CF40000C0FE380620DB480B70B8A800C0A6580F9
:10CF500060084680B4062C8007051A805C030B80AD
:10CF6000AE0102800000018053FE0280A6FC0B800F
:10CF7000F9FA19804DF92C80A1F74680F6F5658005
:10CF80004AF489809FF2B480F5F0E3804BEF18817A
:10CF9000A3ED5381FBEB948154EAD981ADE825825E
:10CFA00007E7768263E5CD82C1E328831EE28983A9
:10CFB0007DE0F083DFDE5C8441DDCD84A6DB45854A
:10CFC0000CDAC28572D84386DCD6CA8647D5578725
:10CFD000B4D3E98723D2808893D01C8904CFBE893B
:10CFE00079CD658AF0CB108B6ACAC28BE5C8778C85
:10CFF00063C7328DE5C5F38D67C4B88EEDC2838FEC
:10D0000076C1529000C025918FBEFE9121BDDC9269
:10D01000B4BBBE934BBAA694E3B8929580B7829600
:10D0200021B67897C4B472986AB36F9915B2739A9F
:10D03000C2B07A9B73AF869C28AE969DDFACAA9E49
:10D040009BABC39F5AAADFA01EA901A2E5A726A3F6
:10D05000AFA64FA47DA57DA550A4AEA627A3E3A7A8
:10D0600001A21CA9E0A059AAC49F9AABAB9EDEAC5A
:10D07000969D26AE879C72AF7B9BC0B0739A13B20D
:10D08000719969B37398C3B478971EB684967FB7C5
:10D090009295E3B8A7944ABABF93B3BBDC921EBD86
:10D0A000FE918DBE2691FFBF529074C1838FECC25A
:10D0B000B98E66C4F38DE2C5338D62C7788CE4C83F
:10D0C000C38B68CA128BEFCB658A77CDBE8904CF3C
:10D0D0001D8992D0808820D2E987B2D3578745D561
:10D0E000CA86DAD6448671D8C2850ADA4685A5DBB7
:10D0F000CF8441DD5C84DEDEF1837DE08A831EE245
:10D100002883BFE3CD8261E5768207E72582ABE81D
:10D11000DA8153EA9481F9EB5381A1ED19814AEF49
:10D12000E380F4F0B4809EF28A8049F46580F4F5DF
:10D130004680A0F72C804CF91A80F9FA0B80A4FCE9
:10D14000028052FE018000000280AD010B805A0374
:10D15000198007052C80B30646805F0865800A0A9F
:10D160008980B60BB480610DE3800B0F1881B51078
:10D1700053815D1294810514D981AC152582531712
:10D180007682F918CD829D1A28833F1C8983E21D7F
:10D19000F083831F5C842121CD84BF2245855A24DE
:10D1A000C285F42543868E27CA8624295787B92A43
:10D1B000E9874C2C8088DD2D1C896D2FBE89FC30C1
:10D1C000658A8732108B1034C28B9635778C1B376B
:10D1D000328D9D38F38D1B3AB88E993B838F133D6A
:10D1E00052908A3E25910040FE917141DC92DF42CF
:10D1F000BE934C44A694B54592951D4782968048AF
:10D200007897DF4972983C4B6F99964C739AEB4D27
:10D210007A9B3E4F869C8D50969DD851AA9E215355
:10D22000C39F6554DFA0A65501A2E25626A31B5852
:10D230004FA451597DA5835AAEA6B05BE3A7D95C34
:10D240001CA9FF5D59AA205F9AAB3C60DEAC55611A
:10D2500026AE6A6272AF7963C0B0856413B28D6521
:10D2600069B38F66C3B48D671EB688687FB77C6963
:10D27000E3B86E6A4ABA596BB3BB416C1EBD246DEC
:10D280008DBE026EFFBFDA6E74C1AE6FECC27D70F0
:10D2900066C44771E2C50D7262C7CD72E4C8887377
:10D2A00068CA3D74EFCBEE7477CD9B7504CF4276A0
:10D2B00092D0E37620D28077B2D3177845D5A9787B
:10D2C000DAD6367971D8BC790ADA3E7AA5DBBA7A31
:10D2D00041DD317BDEDEA47B7DE00F7C1EE2767CCF
:10D2E000BFE3D87C61E5337D07E78A7DABE8DB7D72
:10D2F00053EA267EF9EB6C7EA1EDAD7E4AEFE77E28
:10D30000F4F01D7F9EF24C7F49F4767FF4F59B7F0D
:10D31000A0F7BA7F4CF9D47FF9FAE67FA4FCF57F39
:10D3200052FEFE7F0000FF7FAD01FE7F5A03F57FB6
:10D330000705E77FB306D47F5F08BA7F0A0A9B7FA1
:10D34000B60B777F610D4C7F0B0F1D7FB510E87E0C
:10D350005D12AD7E05146C7EAC15277E5317DB7D08
:10D36000F9188A7D9D1A337D3F1CD87CE21D777C9D
:10D37000831F107C2121A47BBF22337B5A24BB7ADC
:10D38000F4253E7A8E27BD7924293679B92AA978E1
:10D390004C2C1778DD2D80776D2FE476FC304276AB
:10D3A00087329B751034F07496353E741B37897341
:10D3B0009D38CE721B3A0D72993B4871133D7D70BA
:10D3C0008A3EAE6F0040DB6E7141026EDF42246D1B
:10D3D0004C44426CB5455A6B1D476E6A80487E6965
:10D3E000DF4988683C4B8E67964C9166EB4D8D65A6
:10D3F0003E4F86648D507A63D8516A6221535661DC
:10D4000065543D60A655215FE256FF5D1B58DA5C0E
:10D410005159B15B835A835AB05B5259D95C1D583C
:10D42000FF5DE456205FA7553C606654556122536A
:10D430006A62DA5179638E508564404F8D65ED4D97
:10D440008F66974C8D673D4B8868E2497C698148BF
:10D450006E6A1D47596BB645416C4D44246DE242DE
:10D46000026E7341DA6E0140AE6F8C3E7D70143DEA
:10D4700047719A3B0D721E3ACD729E3888731C37E5
:10D480003D749835EE7411349B7589324276FC30C8
:10D49000E3766E2F8077E02D17784E2CA978BB2A83
:10D4A00036792629BC798F273E7AF625BA7A5B240D
:10D4B000317BBF22A47B22210F7C831F767CE21D5F
:10D4C000D87C411C337D9F1A8A7DF918DB7D551766
:10D4D000267EAD156C7E0714AD7E5F12E77EB6101A
:10D4E0001D7F0C0F4C7F620D767FB70B9B7F0C0A64
:10D4F000BA7F6008D47FB406E67F0705F57F5C033A
:10D50000FE7FAE01E0E0E0E0E0E0E0E0A0A0A0A06F
:10D51000B9B9B9B2B2A8863D25E0E0E0E0E0E0E0CC
:10D52000E0F0F0F0F0CFCFCFC6C6B7904228A0A071
:10D53000A0A0A0A0A0A0B9B9B9B9C1C1C1B7B7ACEA
:10D540008A4026F0F0F0F0F0F0F0F0CFCFCFCFCC63
:10D55000CCCCC1C1B48F4228B9B9B9B9B9B9B9B93C
:10D56000C1C1C1C1C1C1C1B7B7AC8A4127CFCFCFFB
:10D57000CFCFCFCFCFCCCCCCCCC9C9C9BCBCB08D60
:10D580004228C1C1C1C1C1C1C1C1C1C1C1C1C2C2A1
:10D59000C2B8B8AD8B4127CCCCCCCCCCCCCCCCC990
:10D5A000C9C9C9C6C6C6BBBBAF8C42282807070776
:10D5B00007070707070707070707070707070707FB
:10D5C00007070707070707070707070707070707EB
:10D5D0000707070707280F171C1F22242627292AB9
:10D5E0002B2C2D2E2F2F3132333435363737393A15
:10D5F0003B3C3D3E3F3F414243444546474728145C
:10D6000021293035393D40424547494B4C4E505217
:10D610005557595B5C5E60626567696B6C6E7072D2
:10D620007577797B7C7E80281727333C43494F539D
:10D63000575B5E616466696B6F7376797C7E81830C
:10D64000878B8E919496999B9FA3A6A9ACAEB1B3FC
:10D65000231C31414E59636B72787E84888D91957D
:10D66000999FA5ABB0B4B9BDC0C7CDD3D8DCE1E5B7
:10D67000E8EFF5FB15213A4F61707D89949DA6AEC8
:10D68000B6BDC3C9CFD9E3EBF3FB11233F566A7B89
:10D690008B98A5B1BBC5CED6DEE6EDFA191F374B88
:10D6A0005B6975808A929AA1A8AEB4B9BEC8D0D77A
:10D6B000DEE5EBF0F5FF102441596E80909FADB987
:10D6C000C4CFD9E2EAF2FA0B294A678097ACBFD1FE
:10D6D000E1F1FF092B4F6E8AA3BACFE3F60C27477F
:10D6E000637B90A4B6C6D6E4F1FD092C51718EA8D7
:10D6F000C0D6EBFF07315A7FA0BFDCF706335F8649
:10D70000AACBEA072F577B9BB8D4ED06346189AECC
:10D71000D0F005396A97C0E7053B6F9ECAF305371D
:10D720006793BBE0053C71A1CEF804417AAFE004F9
:10D73000437FB6EAFFFFFFFFFFFFFFFFFFFFFFFF93
:10D74000FFFFFFFF0000000000000000290029008B
:10D750002900520052007B00A400C800DE00000037
:10D760000000000000000000000000000000290090
:10D770002900290029007B007B007B00A400A40075
:10D78000F0000A011B0127012900290029002900B6
:10D7900029002900290029007B007B007B007B00F9
:10D7A000F000F000F0000A010A0131013E014801D9
:10D7B00050017B007B007B007B007B007B007B00BB
:10D7C0007B00F000F000F000F00031013101310188
:10D7D0003E013E0157015F0166016C01F000F0005F
:10D7E000F000F000F000F000F000F0003101310135
:10D7F000310131015701570157015F015F0172018A
:10D8000078017E018301000000000000000000009C
:10D8100000000000000000000800080008000800E8
:10D820001000100010001500150018001D00220047
:10D83000240000000200140037006C00B2000A014E
:10D840007401EE017B021803C603850455053606F4
:10D85000270729083A095B0A8C0BCC0C1B0E790FA1
:10D86000E5105F12E6137B151C17CA18841A491CB1
:10D87000191EF31FD721C423B925B727BC29C72BED
:10D88000D82DEF2F0A3229344B366F38953ABB3CEE
:10D89000E23E08412D4350456F478B49A34BB54DA0
:10D8A000C24FC851C753BE55AD5793596F5B425DC8
:10D8B0000A5FC66078621D64B7654367C368366AED
:10D8C0009C6BF56C406E7D6FAD70CF71E372EA7347
:10D8D000E474D075B076827748780179AF79517A5F
:10D8E000E77A727BF37B697CD67C397D947DE57D1C
:10D8F0002F7E727EAD7EE17E107F387F5C7F7A7FE7
:10D90000957FAB7FBD7FCD7FD97FE47FEC7FF27FBA
:10D91000F67FFA7FFC7FFE7FFF7FFF7FFF7FFF7F29
:10D92000FF7FFF7F000000000000000000000000FB
:10D930000000000000000000005A504B453F383105
:10D9400028221D14120A00000000000000006E646E
:10D950005A544E47413A332D27201A140C00000028
:10D96000000000766E675D56504B46413B352F28D0
:10D970001F170F04000000007E7770685F59534E38
:10D9800048423C362F272019110C010000867F7871
:10D990007267615B554E48423C362F29231D171094
:10D9A0000A019089827C716B655F58524C46403900
:10D9B000332D27211A0F0198918A847B756F696234
:10D9C0005C56504A433D37312B241401A29B948E60
:10D9D000857F79736C66605A544D47413B352E1EE6
:10D9E00001ACA59E988F89837D76706A645E5751DD
:10D9F0004B453F382D14C8C8C8C8C8C8C8C8C6C118
:10DA0000BCB7B2ADA8A39E99948168000000010044
:10DA100002000300040005000600070008000A00D9
:10DA20000C000E001000140018001C00220028003A
:10DA300030003C004E00640010270000E8030000A6
:10DA4000F82A0000E8030000BC340000E8030000EE
:10DA5000B0360000D007000010270000E8030000E7
:10DA6000F82A0000E8030000BC340000E8030000CE
:10DA7000B0360000D007000010270000E8030000C7
:10DA8000F82A0000E8030000BC340000E8030000AE
:10DA9000B0360000D007000010270000E8030000A7
:10DAA000F82A0000E8030000BC340000E80300008E
:10DAB000B0360000D00700000000000000000000A9
:10DAC000030000000200000003000000020000004C
:10DAD000050000000200000003000000020000003A
:10DAE000030000000200000005000000020000002A
:10DAF000030000000200000002010000487F418195
:10DB00004280418040803E80408040805C4E5C4F3F
:10DB10005C4E5A4F742973287228841A841A911102
:10DB2000A10CB00AB10B18B3308A3687368435861B
:10DB30003885378437843D7246604A584B58574A77
:10DB400059425B43643B6C3278287A25612B4E3214
:10DB5000534E5451584B564A57475A495D4A5D4AAD
:10DB60006D287224752275228F1191129213A20CC6
:10DB7000A50AB207BD06BE08B10917B236733F66E3
:10DB8000426245634A59475B495B4E5956505C4275
:10DB90005D40663B673C683C75347B2C8A23851F5F
:10DBA00061264D2D3D5A5D3C692A6B296E2D7426E8
:10DBB000712670267C1A841B88138C149B0E9F1070
:10DBC0009E12AA0DB10ABB08C006AF099F0A15B282
:10DBD0003B6E47564B5554535B42584957485C4B34
:10DBE0006248693A6B3673347237703881338428EF
:10DBF00096218C1D62234D2A2A7960426C2B6F2856
:10DC0000752C7B20782477217F2186228B15931712
:10DC100098149E199A1AA615AD10B80DB80A960D4B
:10DC20008B0F16B23F724A5254535C52673E6048A3
:10DC3000604365496B48713776347D347634753787
:10DC4000873189279D20911D61214D28C3750A5771
:10DC50005C2F9A19007300660053004067645C559E
:10DC6000514D48464E4B49474E4A4548464A4C4717
:10DC70003C3C3C3C3C00000000080D1013151718FC
:10DC80001A1B1C1D1E1F202021222223242425258F
:10DC90000F0000000A0000000500000063627072BF
:10DCA000696E74665F7061636B6167650000000098
:10DCB00001E405000000000000000000000000007A
:10DCC0006C6F67006C6F675F6D676D7400000000BC
:10DCD0005B2530386C755D20000000005B2530321C
:10DCE000753A253032753A253032752E2530337528
:10DCF0002C253033755D20001B5B306D000000006B
:10DD000025732E0025733A20000000003C25733E49
:10DD10002000000025732F00257320002530327865
:10DD2000200000007C000000256300001B5B313BED
:10DD300033316D001B5B313B33336D006572720014
:10DD400077726E00696E6600646267000000000012
:10DD50002CDD060034DD060000000000000000009D
:10DD6000000000003CDD060040DD060044DD06004A
:10DD700048DD06006C6F675F6261636B656E645FB0
:10DD800075617274000000006C6F675F756172747A
:10DD9000000000009CDD0600782B01201115040016
:10DDA000982B0120A42B01200100000093E4050022
:10DDB000000000007FE4050073E40500000000009F
:10DDC00067E4050000000000456E64706F696E74C2
:10DDD0002030782530327820697320696E76616C46
:10DDE00069640000456E64706F696E742030782538
:10DDF00030327820616C7265616479206469736186
:10DE0000626C6564000000004661696C65642074A2
:10DE10006F2064697361626C6520656E64706F6900
:10DE20006E742030782530327800000053657420FD
:10DE300068616C742065702030782530327800007D
:10DE4000436C6561722068616C7420657020307865
:10DE50002530327800000000456E64706F696E7482
:10DE60002030782530327820616C726561647920C9
:10DE7000636F6E6669677572656400004661696C00
:10DE8000656420746F20636F6E66696775726520C4
:10DE9000656E64706F696E7420307825303278005A
:10DEA000456E64706F696E7420307825303278204A
:10DEB000616C726561647920656E61626C65640095
:10DEC0004661696C656420746F20656E61626C6583
:10DED00020656E64706F696E7420307825303278FA
:10DEE000000000004661696C656420746F207772E1
:10DEF00069746520656E64706F696E742062756602
:10DF00006665722030782530327800005265717570
:10DF10006573742062756666657220746F6F207316
:10DF20006D616C6C00000000555342206465766999
:10DF3000636520737570706F727420616C726561B7
:10DF4000647920656E61626C656400004661696C8D
:10DF5000656420746F20636F6E66696775726520F3
:10DF60005553422064657669636520737461636B01
:10DF7000000000004572726F6E656F7573206465F6
:10DF8000766963652064657363726970746F72206B
:10DF90006F7220624D61785061636B657453697A6A
:10DFA000653000007573625F6465766963650000C3
:10DFB00030313233343536373839414243444546BF
:10DFC00000000000746865206E657720534E206461
:10DFD000657363726970746F7220646F65736E2706
:10DFE000742068617665207468652073616D6520B2
:10DFF0006C656E67746820617320434F4E464947D5
:10E000005F5553425F4445564943455F534E0000B8
:10E010005468657265206973206E6F207573625F46
:10E020006366675F6461746120666F7220257000AB
:10E03000556E696E697469616C697A65642075737F
:10E04000625F6366675F6461746120706F696E749C
:10E0500065722C20636F72727570746564206465DC
:10E06000766963652064657363726970746F723F6B
:10E07000000000004661696C656420746F20766161
:10E080006C696461746520656E64706F696E747329
:10E0900000000000496E636F6D706C6574652064EC
:10E0A00065766963652064657363726970746F7205
:10E0B000000000004661696C656420746F20666929
:10E0C000787570205553422064657363726970746B
:10E0D0006F7200007573625F646573637269707458
:10E0E0006F7200005472616E7366657220657272A1
:10E0F0006F722025642C20657020307825303278AE
:10E100000000000052582064617461206C6F7374C9
:10E110002C206E6F207472616E7366657200000051
:10E120004E6F207472616E7366657220736C6F74CB
:10E1300020617661696C61626C65000041207472D7
:10E14000616E7366657220697320616C72656164CB
:10E1500079206F6E676F696E672C2065702030784C
:10E1600025303278000000007573625F7472616E52
:10E1700073666572000000006364632D61636D2D3A
:10E180007561727400000000E1E80500A12A040036
:10E19000000000007929040089E8050089280400AE
:10E1A00015E805001FE805006528040039E80500AA
:10E1B0000000000043E8050000000000000000002F
:10E1C00053E805007DE8050081E805007573627776
:10E1D0006F726B7100000000416E74696369707941
:10E1E0002050656E64616E7400000000312E302E88
:10E1F000350000005365656564205869616F2042F1
:10E200004C452053656E73650000000062745F64C6
:10E2100069730000FCE20600491F060000000000D0
:10E22000F8E2060000000100F4E20600FF1F06000D
:10E2300000000000C009002000000100ECE2060020
:10E2400023E9050000000000D8E1060000000100FD
:10E25000E8E20600FF1F060000000000B8090020E9
:10E2600000000100E0E2060023E9050000000000D4
:10E270000C97060000000100DCE20600FF1F06000C
:10E2800000000000B009002000000100D4E20600F8
:10E2900023E9050000000000ECE106000000010099
:10E2A000D0E20600FF1F060000000000A8090020C1
:10E2B00000000100C8E2060023E90500000000009C
:10E2C000F4E10600000001000000272A0000272AD0
:10E2D000000003280000262A0000262A0000032848
:10E2E0000000292A0000292A000003280000242A0F
:10E2F0000000242A0000032800000A18000000285B
:10E30000424153204E6F74696669636174696F6E30
:10E31000732025730000000094E30600491F0600E7
:10E320000000000090E30600000001008CE30600FE
:10E33000FF1F060000000000EC09002000000100A3
:10E3400084E30600112C040000000000F00D002002
:10E350000000010080E30600811F060019A70400E9
:10E36000C8090020000003007CE306007D200600B1
:10E370000000000098E306000000010000000429EE
:10E38000000002290000192A0000192A00000328B1
:10E3900000000F18000000280400AD27010006014E
:10E3A00062617300696E76616C6964206469736B85
:10E3B00020696E746572666163652121000000004A
:10E3C0006469736B20696E74657266616365206150
:10E3D0006C726561647920726567697374657265D2
:10E3E000642121006469736B000000002A2A2A203E
:10E3F000426F6F74696E67206E524620436F6E6E77
:10E400006563742053444B2076322E372E302D35E1
:10E410006362383535373063613433202A2A2A0A5B
:10E42000000000002A2A2A205573696E67205A6569
:10E4300070687972204F532076332E362E39392D5D
:10E44000313030626566633730633734202A2A2AD8
:10E450000A000000637C777BF26B6FC53001672B8D
:10E46000FED7AB76CA82C97DFA5947F0ADD4A2AFC8
:10E470009CA472C0B7FD9326363FF7CC34A5E5F1D6
:10E4800071D8311504C723C31896059A071280E284
:10E49000EB27B27509832C1A1B6E5AA0523BD6B3D8
:10E4A00029E32F8453D100ED20FCB15B6ACBBE3948
:10E4B0004A4C58CFD0EFAAFB434D338545F9027F34
:10E4C000503C9FA851A3408F929D38F5BCB6DA21ED
:10E4D00010FFF3D2CD0C13EC5F974417C4A77E3D19
:10E4E000645D197360814FDC222A908846EEB8146F
:10E4F000DE5E0BDBE0323A0A4906245CC2D3AC6232
:10E500009195E479E7C8376D8DD54EA96C56F4EA3C
:10E51000657AAE08BA78252E1CA6B4C6E8DD741F4D
:10E520004BBD8B8A703EB5664803F60E613557B910
:10E5300086C11D9EE1F8981169D98E949B1E87E9CA
:10E54000CE5528DF8CA1890DBFE6426841992D0F79
:10E55000B054BB16000000009DEE05006D7574659B
:10E56000785F696E69742063616C6C65642077699B
:10E570007468204E554C4C20706172616D657465F5
:10E5800072000000436F756C64206E6F7420616CC4
:10E590006C6F63617465206D757465782062656663
:10E5A0006F726520696E697469616C697A696E67FA
:10E5B00000000000140A00200C0A0020040A0020B9
:10E5C00000000000FC090020653004000930040050
:10E5D000A52F04004D2F040072302F61313A202006
:10E5E000307825303878202072312F61323A20205F
:10E5F000307825303878202072322F61333A20204D
:10E60000307825303878000072332F61343A20207A
:10E61000307825303878207231322F69703A2020D6
:10E62000307825303878207231342F6C723A2020BF
:10E63000307825303878000020787073723A2020C6
:10E6400030782530387800004661756C74696E67E3
:10E6500020696E737472756374696F6E206164648F
:10E660007265737320287231352F7063293A203018
:10E670007825303878000000556E68616E646C65EE
:10E6800064204952516E3A2025640000535053458E
:10E690004C20696E20746872656164206D6F6465DA
:10E6A00020646F6573206E6F7420696E64696361A6
:10E6B00074652050535000002A2A2A2A2A204255E5
:10E6C00053204641554C54202A2A2A2A2A00000069
:10E6D0002020537461636B696E67206572726F727C
:10E6E000000000002020556E737461636B696E67D3
:10E6F000206572726F72000020205072656369732A
:10E7000065206461746120627573206572726F7236
:10E71000000000002020424641522041646472659E
:10E7200073733A2030782578000000002020496D6E
:10E7300070726563697365206461746120627573CA
:10E74000206572726F7200002020496E73747275BA
:10E750006374696F6E20627573206572726F7200E8
:10E760002020466C6F6174696E672D706F696E74DE
:10E77000206C617A7920737461746520707265739E
:10E780006572766174696F6E206572726F720000D7
:10E790002A2A2A2A2A205553414745204641554CCA
:10E7A00054202A2A2A2A2A0020204469766973697B
:10E7B0006F6E206279207A65726F00002020556E9E
:10E7C000616C69676E6564206D656D6F727920613B
:10E7D000636365737300000020204E6F20636F70C9
:10E7E000726F636573736F7220696E737472756391
:10E7F00074696F6E730000002020496C6C6567615E
:10E800006C206C6F6164206F66204558435F5245F1
:10E810005455524E20696E746F2050430000000022
:10E820002020496C6C6567616C20757365206F668C
:10E830002074686520455053520000002020417428
:10E8400074656D707420746F206578656375746588
:10E8500020756E646566696E656420696E73747296
:10E86000756374696F6E00002A2A2A2A2A2044657B
:10E87000627567206D6F6E69746F7220657863656D
:10E880007074696F6E202A2A2A2A2A0052657365DD
:10E890007276656420457863657074696F6E2028B0
:10E8A0000000000053707572696F757320696E7493
:10E8B0006572727570742028495251200000000062
:10E8C0002A2A2A2A2A20257320256429202A2A2A4E
:10E8D0002A2A00002A2A2A2A2A204D505520464159
:10E8E000554C54202A2A2A2A2A000000202053743A
:10E8F00061636B696E67206572726F722028636F47
:10E900006E746578742061726561206D69676874E2
:10E91000206265206E6F742076616C696429000046
:10E9200020204461746120416363657373205669DC
:10E930006F6C6174696F6E0020204D4D464152200E
:10E94000416464726573733A203078257800000062
:10E950002020496E737472756374696F6E20416311
:10E96000636573732056696F6C6174696F6E000024
:10E970002A2A2A2A2A2048415244204641554C54EA
:10E98000202A2A2A2A2A0000202042757320666144
:10E99000756C74206F6E20766563746F722074617D
:10E9A000626C65207265616400000000202044658F
:10E9B000627567206576656E7400000020204661F0
:10E9C000756C7420657363616C6174696F6E202867
:10E9D0007365652062656C6F77290000415243487A
:10E9E0005F455843455054207769746820726561CB
:10E9F000736F6E2025780A000000002000000000E0
:10EA000000000B066D7075004661696C65642074CA
:10EA10006F20616C6C6F63617465206E6577204D4B
:10EA2000505520726567696F6E2025750A000000D9
:10EA3000506172746974696F6E2025753A20736134
:10EA40006E69747920636865636B206661696C65C3
:10EA5000642E0000020000006CEA0600464C4153A0
:10EA6000485F30005352414D5F300000000000000D
:10EA70005CEA0600260002070000002064EA0600A7
:10EA800022000B11736F6300696E76616C696420FC
:10EA900066696C65206E616D652121006D6F756E14
:10EAA0007420706F696E74206E6F7420666F756E5F
:10EAB0006421210066696C65206F70656E20657247
:10EAC000726F7220282564290000000066696C6559
:10EAD00020636C6F7365206572726F7220282564E5
:10EAE0002900000066696C652072656164206572AA
:10EAF000726F7220282564290000000066696C6529
:10EB0000207772697465206572726F72202825649F
:10EB10002900000066696C65207365656B2065726D
:10EB2000726F72202825642900000000696E7661EA
:10EB30006C6964206469726563746F7279206E61B8
:10EB40006D652121000000006469726563746F7255
:10EB500079206F70656E206572726F72202825644F
:10EB6000290000006469726563746F727920636CB8
:10EB70006F7365206572726F72202825642900000A
:10EB80006661696C656420746F2063726561746589
:10EB9000206469726563746F727920282564290086
:10EBA0006661696C656420746F20756E6C696E6B4C
:10EBB000207061746820282564290000696E7661E0
:10EBC0006C69642066696C65206F722064697220CC
:10EBD0006E616D65212100006661696C6564206766
:10EBE00065742066696C65206F7220646972207399
:10EBF0007461742028256429000000006D6F756E13
:10EC00007420706F696E74206E6F7420696E697401
:10EC100069616C697A6564212100000066696C6530
:10EC20002073797374656D20616C726561647920FD
:10EC30006D6F756E7465642121000000696E7661E8
:10EC40006C6964206D6F756E7420706F696E7421CD
:10EC5000210000006D6F756E7420706F696E7420F6
:10EC6000616C7265616479206578697374732121C0
:10EC700000000000726571756573746564206669D3
:10EC80006C652073797374656D2074797065206E7E
:10EC90006F74207265676973746572656421210001
:10ECA0006673207479706520256420646F65732015
:10ECB0006E6F7420737570706F7274206D6F756EE7
:10ECC00074696E67000000006D6F756E742070616E
:10ECD0007468202573206973206E6F7420756E6DC3
:10ECE0006F756E7461626C65000000006673206D64
:10ECF0006F756E74206572726F722028256429000A
:10ED0000667300002D490400F3F40500BBF4050010
:10ED10000BF40500C7F2050057F40500FDF30500EC
:10ED200009490400B1480400BFF3050091480400FC
:10ED30000D480400A7F305005DF305006FF305001F
:10ED40004BF305000DF30500CDF20500436F756C24
:10ED500064206E6F742064697361626C6520636106
:10ED6000726420706F776572207669612053444821
:10ED700043000000436F756C64206E6F74207374E1
:10ED80006172742062757320636C6F636B000000A6
:10ED900043617264206572726F72206F6E20434D02
:10EDA000443000004361726420646F6573206E6FAD
:10EDB0007420737570706F727420434D44382C202A
:10EDC000617373756D696E67206C65676163792027
:10EDD00063617264000000004361726420657272B6
:10EDE0006F72206F6E20434D442038004C65676180
:10EDF000637920636172642064657465637465641B
:10EE00002C206E6F20434D443820737570706F72E4
:10EE100074000000534420686F737420636F6E7435
:10EE2000726F6C6C65722072657475726E656420A9
:10EE3000696E76616C69642070726F706572746956
:10EE40006573000054696D656F7574207768696C2F
:10EE50006520747279696E6720746F2061637175C3
:10EE60006972652063617264206D75746578000055
:10EE70004661696C656420746F20726573657420E7
:10EE80005344484320492F4F000000004661696CFD
:10EE9000656420746F20696E697420534420636137
:10EEA000726420616674657220492F4F2072657309
:10EEB00065740000736400004661696C65642074C9
:10EEC0006F20726561642066726F6D2053444D4DF2
:10EED000432025640000000043617264206469647B
:10EEE000206E6F742072657475726E20746F20725C
:10EEF0006561647920737461746500005344206116
:10EF0000707020636F6D6D616E64206661696C6501
:10EF100064207769746820523120726573706F6E57
:10EF20007365206F66203078255800004F6E6C792D
:10EF300020256420626C6F636B73206F66202564EC
:10EF40002077657265207772697474656E000000C1
:10EF50005344494F20646F6573206E6F742073753E
:10EF600070706F7274204D4D4320636F6D6D616ED4
:10EF700064730000436F756C64206E6F7420676566
:10EF8000742053442063617264206D757465780049
:10EF9000436172642072656164206661696C6564B6
:10EFA000000000005772697465206661696C6564D1
:10EFB0000000000043617264206E65766572206C0B
:10EFC00065667420627573792073746174650000DE
:10EFD0004361726420646964206E6F7420616363AE
:10EFE000657074206E65772073706565640000003D
:10EFF0004661696C656420746F206368616E676543
:10F0000020686F7374206275732073706565640087
:10F010004661696C656420746F20737769746368F6
:10F02000206361726420746F204853206D6F6465A3
:10F03000000000004661696C656420746F2063689D
:10F04000616E676520636172642062757320776901
:10F0500064746820746F2034206269747300000047
:10F060004661696C656420746F20717565727920E2
:10F0700063617264204F4352000000004D61786963
:10F080006D756D20534420636C6F636B2069732032
:10F09000756E6465722032354D487A2C207573691F
:10F0A0006E6720636C6F636B206F66202564487AFF
:10F0B000000000004661696C656420746F20726115
:10F0C00069736520627573206672657175656E631C
:10F0D0007920746F2032354D487A0000436F756C8B
:10F0E00064206E6F742073657420534420626C6FCB
:10F0F000636B6C656E20746F203531320000000048
:10F100004853206361726420696E69742066616986
:10F110006C65640000FFFFFFFFFFFF0000000000C0
:10F1200000000000FFFFFFFFFFFF000000000000E5
:10F13000000000007075626C6963000072616E64AB
:10F140006F6D0000253032583A253032583A25305C
:10F1500032583A253032583A253032583A25303232
:10F1600058202825732900007075626C69632D6929
:10F170006400000072616E646F6D2D6964000000B0
:10F18000303132333435363738396162636465661D
:10F19000000000004254204C57205751000000004E
:10F1A00002FB349B5F800000800010000000000024
:10F1B00000000000B4080700C0F1060005080000C8
:10F1C00050630220B4080700D0F106002E000000B2
:10F1D0009CB40220B4080700E0F10600080000001B
:10F1E0007CB5022062745F6461746100756E6B6E41
:10F1F0006F776E0044617461206275666665722087
:10F200006F766572666C6F7720286C696E6B207400
:10F21000797065203078253032782900546F6F205E
:10F22000736D616C6C202825752062797465732973
:10F23000206576656E7420307825303278000000C5
:10F240004E6F2070656E64696E67207065726970BC
:10F25000686572616C20636F6E6E656374696F6E52
:10F2600000000000556E61626C6520746F206C6F49
:10F270006F6B20757020636F6E6E207769746820E5
:10F2800068616E646C6520257500000065767420E9
:10F290006E756D5F68616E646C657320283D2575C1
:10F2A0002920746F6F206C61726765202825752096
:10F2B0003E202575290000004E6F20636F6E6E653D
:10F2C0006374696F6E20666F722068616E646C652E
:10F2D000202575007061636B65747320636F756EB4
:10F2E00074206D69736D6174636800004E6F2063F4
:10F2F0006F6D6D616E642073656E7420666F722031
:10F30000636D6420636F6D706C6574652030782563
:10F31000303478004F70436F646520307825303486
:10F320007820636F6D706C6574656420696E7374AA
:10F33000656164206F66206578706563746564201C
:10F340003078253034780000556E61626C65207429
:10F350006F206C6F6F6B757020636F6E6E20666FC1
:10F36000722068616E646C6520257500556E657845
:10F3700070656374656420484F53545F4E554D5F0C
:10F38000434F4D504C455445445F5041434B4554C9
:10F390005320287374617475732030782530327867
:10F3A000290000004861726477617265206572729D
:10F3B0006F722C20686172647761726520636F647C
:10F3C000653A202564000000556E68616E646C65C6
:10F3D00064206576656E7420307825303278206C34
:10F3E000656E2025753A202573000000496E766110
:10F3F0006C696420484349206576656E74207369A2
:10F400007A65202825752900574553545F544F507D
:10F410004449522F7A65706879722F7375627379D7
:10F42000732F626C7565746F6F74682F686F737477
:10F430002F6863695F636F72652E630062745F6833
:10F4400063695F6576745F6765745F666C61677337
:10F45000286864722D3E657674292026202831554F
:10F460004C203C3C202831292900000041535345C1
:10F470005254494F4E204641494C205B25735D2034
:10F48000402025733A25640A00000000556E68612B
:10F490006E646C65642076656E646F722D73706542
:10F4A0006369666963206576656E743A202573002A
:10F4B000436F756C64206E6F74207375626D697430
:10F4C0002072785F776F726B3A202564000000002D
:10F4D000496E76616C6964204843492041434C2061
:10F4E0007061636B65742073697A652028257529BE
:10F4F0000000000041434C2064617461206C656E23
:10F50000677468206D69736D617463682028257560
:10F5100020213D2025752900556E61626C6520749F
:10F520006F2066696E6420636F6E6E20666F722056
:10F5300068616E646C65202575000000556E6B6E09
:10F540006F776E206275662074797065202575006E
:10F550006D61785F74785F6F63746574732065782C
:10F560006365656473207468652076616C696420E6
:10F5700072616E6765202575000000006D61785F1F
:10F5800072785F6F63746574732065786365656412
:10F5900073207468652076616C69642072616E679F
:10F5A00065202575000000006D61785F74785F74D8
:10F5B000696D65206578636565647320746865208E
:10F5C00076616C69642072616E6765202575000044
:10F5D0006D61785F72785F74696D652065786365C9
:10F5E000656473207468652076616C69642072615B
:10F5F0006E67652025750000657272203D3D2030E4
:10F600000000000009636F6D6D616E64206F7063B0
:10F610006F6465203078253034782074696D656FAB
:10F6200075742077697468206572722025640A00F9
:10F630006F70636F64652030782530347820737480
:10F640006174757320307825303278004661696CBA
:10F65000656420746F207265616420444C45206DA0
:10F6600061782064617461206C656E004E6F6E2D50
:10F670004C452063617061626C6520636F6E7472CB
:10F680006F6C6C65722064657465637465642100D9
:10F6900056656E646F722048434920657874656EC4
:10F6A00073696F6E73206E6F7420617661696C612F
:10F6B000626C6500485720506C6174666F726D3AD9
:10F6C0002025732028307825303478290000000068
:10F6D00048572056617269616E743A20257320285C
:10F6E00030782530347829004669726D776172650B
:10F6F0003A20257320283078253032782920566525
:10F700007273696F6E2025752E2575204275696CA0
:10F7100064202575000000004661696C65642074F2
:10F720006F207265616420737570706F72746564A8
:10F730002076656E646F7220636F6D6D616E6473A9
:10F74000000000004661696C656420746F2072657A
:10F75000616420737570706F727465642076656E75
:10F76000646F7220666561747572657300000000D5
:10F7700041434C2042522F454452206275666665D3
:10F780007273206E6F7420696E697469616C697A36
:10F79000656400004661696C65642072656164207F
:10F7A00072656D6F7465206665617475726573202E
:10F7B00028256429000000004661696C6564204CBE
:10F7C000452053657420504859202825642900009D
:10F7D0004661696C656420746F2073657420646190
:10F7E0007461206C656E202825642900556E65784B
:10F7F0007065637465642073746174757320307808
:10F8000025303278000000004E6F2070656E64690C
:10F810006E6720636F6E6E20666F72207065657212
:10F82000202573005B305D004964656E74697479EE
:10F8300025733A20257300004964656E74697479F4
:10F840005B25645D3A202573000000004843493A77
:10F850002076657273696F6E2025732028307825B5
:10F8600030327829207265766973696F6E2030783E
:10F87000253034782C206D616E7566616374757205
:10F880006572203078253034780000004C4D503AB5
:10F890002076657273696F6E202573202830782575
:10F8A0003032782920737562766572203078253081
:10F8B00034780000556E61626C6520746F2073654A
:10F8C0006E6420746F206472697665722028657298
:10F8D0007220256429000000556E61626C652074F9
:10F8E0006F20616C6C6F636174652062756666651C
:10F8F00072000000556E636C65617265642070650E
:10F900006E64696E672073656E745F636D6400007A
:10F91000556E6578706563746564206B5F706F6C9D
:10F920006C206576656E742073746174652025752E
:10F93000000000006576745F666C616773202620A6
:10F940002831554C203C3C2028302929000000005B
:10F95000496E76616C6964206275662074797065A1
:10F96000202575004E6F20484349206472697665F2
:10F9700072207265676973746572656400000000C7
:10F9800042542054580000004254205258205751ED
:10F990000000000048434920647269766572206F58
:10F9A00070656E206661696C656420282564290095
:10F9B000312E306200000000312E3100312E320035
:10F9C000322E3000322E3100332E3000342E3000F3
:10F9D000342E3100342E3200352E3100352E3200D7
:10F9E000352E3300352E34005374616E64617264B9
:10F9F00020426C7565746F6F746820636F6E7472EB
:10FA00006F6C6C657200000056656E646F722073D7
:10FA10007065636966696320636F6E74726F6C6C86
:10FA2000657200004669726D77617265206C6F6166
:10FA30006465720052657363756520696D61676501
:10FA40000000000072657365727665640000000056
:10FA50006E524635317800006E52463532780000DD
:10FA60006E524635337800006E5246353448780081
:10FA70006E524635344C7800496E74656C20436F85
:10FA800072706F726174696F6E0000004E6F726405
:10FA900069632053656D69636F6E647563746F721B
:10FAA000000000004E58502053656D69636F6E640E
:10FAB0007563746F7273000062745F6863695F637B
:10FAC0006F726500E8F9060008FA060024FA0600DD
:10FAD00034FA060044FA060050FA060058FA060006
:10FAE00060FA060068FA060070FA060044FA06009A
:10FAF00078FA06008CFA0600A4FA06000E0300004D
:10FB0000115E04000F040000E95D04001A0100000A
:10FB10007159040005040000A7FF0500130100004F
:10FB2000E95A0400FF010000CD5F04003E0100001F
:10FB3000715F040005040000915A040010010000E8
:10FB4000695E040001120000716D04000A1E0000CD
:10FB5000610106000309000099620400040B000023
:10FB6000795D0400060A0000D16F0400070A000056
:10FB7000816104000C050000DD6A0400B408070080
:10FB800088FB060047000000A0B50220636D6420DA
:10FB9000646973616C6C6F776564000052656164C1
:10FBA0002053746174696320416464726573736582
:10FBB0007320636F6D6D616E64206E6F742061766B
:10FBC00061696C61626C65004661696C6564207492
:10FBD0006F2072656164207374617469632061646D
:10FBE00064726573736573004E6F2073746174691A
:10FBF00063206164647265737365732073746F72DC
:10FC0000656420696E20636F6E74726F6C6C6572D0
:10FC1000000000004F6E6C792072616E646F6D2081
:10FC2000737461746963206964656E7469747920A2
:10FC30006164647265737320737570706F7274653C
:10FC400064000000496E76616C696420696E7075AD
:10FC50007420706172616D657465727300000000DC
:10FC60004661696C656420746F2072656164207000
:10FC700075626C696320616464726573730000006F
:10FC800043616E27742073657420626F7468204925
:10FC900044454E544954592026204E5250410000AC
:10FCA000556E61626C6520746F20736574206964A1
:10FCB000656E7469747920616464726573730000A1
:10FCC000556E61626C6520746F207365742072617B
:10FCD0006E646F6D20616464726573730000000070
:10FCE00062745F6964000000546F6F20626967206E
:10FCF0006164766572746973696E672064617461AA
:10FD0000000000004661696C656420746F207374A4
:10FD10006172742061647665727469736572000043
:10FD20004E6F2076616C6964206C65676163792031
:10FD3000616476004661696C656420746F20737439
:10FD40006F70206164766572746973696E673A20BA
:10FD500025640000436F6E74726F6C6C6572206373
:10FD6000616E6E6F7420726573756D6520636F6E62
:10FD70006E65637461626C65206164766572746936
:10FD800073696E67202825642900000062745F6132
:10FD900064760000646973636F6E6E656374656496
:10FDA00000000000646973636F6E6E6563742D6399
:10FDB0006F6D706C657465007363616E2D6265664E
:10FDC0006F72652D696E6974696174696E67000090
:10FDD000696E6974696174696E672D66696C7465B2
:10FDE000722D6C69737400006164762D636F6E6EA2
:10FDF00065637461626C65006164762D6469722D5F
:10FE0000636F6E6E65637461626C650064697363D1
:10FE10006F6E6E656374696E6700000028756E6BA7
:10FE20006E6F776E29000000556E6578706563749B
:10FE30006564206669727374204C324341502066B9
:10FE400072616D6500000000556E657870656374C1
:10FE50006564204C3243415020636F6E74696E7547
:10FE60006174696F6E0000004E6F7420656E6F756F
:10FE700067682062756666657220737061636520CD
:10FE8000666F72204C3243415020646174610000FF
:10FE9000556E65787065637465642041434C2066D7
:10FEA0006C61677320283078253032782900000093
:10FEB00041434C206C656E206D69736D617463689D
:10FEC00020282575203E20257529000062756620B2
:10FED000676976656E20746F20636F6E6E2068614F
:10FEE00073206F746865722072656673000000008D
:10FEF0006E6F7420656E6F75676820726F6F6D200E
:10FF0000696E20757365725F646174612025642079
:10FF10003C20256420706F6F6C2025750000000068
:10FF20006E6F7420636F6E6E65637465642100008C
:10FF3000446973636F6E6E65637465642077686986
:10FF40006C6520616C6C6F636174696E6720636FB0
:10FF50006E746578740000006E6F207472616E7349
:10FF60006974696F6E20257300000000496E766128
:10FF70006C69642028257529206F6C642073746176
:10FF800074650000636F6E6E202570206661696C79
:10FF9000656420746F2065737461626C6973682E88
:10FFA000205246206E6F6973653F00006E6F2076A9
:10FFB000616C69642028257529207374617465203B
:10FFC0007761732073657400696E636F6D7061741F
:10FFD00069626C652068616E646C6520257500003F
:10FFE000556E61626C6520746F20616C6C6F63612B
:10FFF0007465206275666665722077697468696EDB
:0200000270008C
:100000002074696D656F757400000000466F756E31
:10001000642076616C696420636F6E6E65637469D9
:100020006F6E2028257029207769746820616464C8
:100030007265737320257320696E20257320737495
:10004000617465200000000053656E64204C4520FB
:10005000706172616D20757064617465206661699C
:100060006C656420286572722025642900000000F8
:1000700053656E64206175746F204C452070617209
:10008000616D20757064617465206661696C65647A
:1000900020286572722025642900000057455354BA
:1000A0005F544F504449522F7A65706879722F73AC
:1000B00075627379732F626C7565746F6F74682FD6
:1000C000686F73742F636F6E6E2E6300B408070041
:1000D000D80007000508000068B60220B408070031
:1000E000E8000700FB010000B4C6022062745F63F1
:1000F0006F6E6E004E6F20617661696C61626C6537
:10010000204C3243415020636F6E746578742066D2
:100110006F7220636F6E6E2025700000546F6F2029
:10012000736D616C6C204C4520636F6E6E20706146
:1001300072616D2072737000556E61626C6520741F
:100140006F20616C6C6F63617465204C3243415069
:10015000206368616E6E656C20494400556E616273
:100160006C6520746F20616C6C6F636174652062D4
:10017000756666657220666F72206F702030782514
:1001800030327800546F6F20736D616C6C204C328C
:10019000434150207369676E616C696E67205044FB
:1001A000550000004C32434150206C656E67746806
:1001B000206D69736D617463682028257520213D69
:1001C0002025752900000000496E76616C69642065
:1001D0006964656E742076616C756520696E204C6B
:1001E00032434150205044550000000052656A657A
:1001F0006374696E6720756E6B6E6F776E204C321C
:100200004341502050445520636F64652030782569
:1002100030327800546F6F20736D616C6C204C32FB
:10022000434150205044552072656365697665648A
:100230000000000049676E6F72696E672064617428
:100240006120666F7220756E6B6E6F776E206368CB
:10025000616E6E656C20494420307825303478001A
:10026000430B0600450B06000000000000000000E4
:1002700000000000019204000000000000000000E7
:10028000000000000000000062745F6C3263617067
:1002900000000000415454206368616E6E656C205C
:1002A0006E6F7420636F6E6E65637465640000002A
:1002B0004E6F7420636F6E6E65637465640000003A
:1002C000556E61626C6520746F2066696E642041B2
:1002D0005454206368616E6E656C00004E6F20613F
:1002E0007661696C61626C65204154542063686179
:1002F0006E6E656C20666F7220636F6E6E20257067
:10030000000000004E6F20617661696C61626C656F
:100310002041545420636F6E7465787420666F7248
:1003200020636F6E6E20257000000000556E6162C4
:100330006C6520746F206372656174652055554942
:10034000443A2073697A652025750000556E616214
:100350006C6520746F206372656174652055554922
:10036000443A2073697A6520256400004572726FF3
:1003700072207369676E696E672064617461000042
:1003800052616E206F7574206F662054582062751C
:100390006666657273206F7220636F6E7465787421
:1003A000732E0000476F74206572722025642C2024
:1003B0006E6F742063616C6C696E672041545420C9
:1003C00063620000415454204D54552065786365A4
:1003D000656465642C206D61782025752C2077611B
:1003E0006E74656420257A7500000000546F6F20DC
:1003F000736D616C6C2041545420504455207265DB
:100400006365697665640000556E68616E646C654D
:10041000642041545420636F646520307825303265
:1004200078000000496E76616C6964206C656E200E
:10043000257520666F7220636F64652030782530E3
:10044000327800004E6F20415454206368616E6E14
:10045000656C20666F72204D545520257A7500001A
:100460004E6F2070656E64696E672041545420722F
:1004700065717565737400004154542054696D654D
:100480006F757420666F72206465766963652025D8
:10049000730000000202010021180600040401009C
:1004A000E7170600060601006117060008040100B0
:1004B000FB1606000A020100E11606000C0401000A
:1004C000C71606000E0401004DA004002004010020
:1004D000AD9F040010040100211606001202010065
:1004E000F515060016040100E30D060018010100D1
:1004F000E70D06001E0004008318060052020000EB
:10050000CB150600B408070010050700FD01000028
:10051000C4DB022062745F6174740000756E6162F6
:100520006C6520746F20736176652053433A206EAA
:100530006F20636667206C65667400004E6F2073E1
:100540007061636520746F2073746F72652043431C
:1005500043206366670000004E6F2073706163651F
:1005600020746F2073746F726520436C69656E74BC
:1005700020537570706F7274656420466561747580
:10058000726573004661696C656420746F20636CEA
:10059000656172205343202564000000556E61623E
:1005A0006C6520746F20736574757020414553200D
:1005B000434D414300000000556E61626C6520743C
:1005C0006F2063616C63756C61746520686173682A
:1005D00000000000556E61626C6520746F207265CA
:1005E0006769737465722068616E646C6520307829
:1005F00025303478000000004C696E6B2069732050
:100600006E6F7420656E63727970746564000000AB
:10061000446576696365206973206E6F7420737515
:10062000627363726962656420746F2063686172CB
:100630006163746572697374696300004E6F206250
:10064000756666657220617661696C61626C6520B1
:10065000746F2073656E6420696E64696361746988
:100660006F6E0000534320726573746F726520696A
:100670006E6469636174696F6E206661696C65643C
:1006800000000000434343202570206E6F742077E4
:1006900072697461626C65004E6F20627566666592
:1006A0007220617661696C61626C6520746F207381
:1006B000656E64206E6F74696669636174696F6EDC
:1006C0000000000062742F636363000062745F6760
:1006D00061747400A0070700491F060000000000B5
:1006E0009C0707000000010098070700FF1F060095
:1006F00000000000C80A0020000001009007070069
:1007000000000000000000000000000000000000E9
:100710008C070700811F060019A70400D00A0020DB
:100720000000030088070700FF1F0600000000000C
:10073000C00A002000000100800707000D1F06000E
:10074000F1A7040000000000000003007C07070080
:10075000FF1F060000000000B80A00200000010092
:100760007407070001AE0400000000000000000054
:100770000000010000002A2B00002A2B00000328A3
:100780000000292B0000292B00000328000002296B
:100790000000052A0000052A0000032800000118B7
:1007A0000000002858080700491F0600000000004C
:1007B000540807000000010050080700FF1F060052
:1007C00000000000040B00200000010048080700A2
:1007D000D51E06000000000000000000000001001F
:1007E00044080700FF1F060000000000FC0A00206C
:1007F000000001003C080700A11E060000000000E8
:10080000000000000000010038080700FF1F06007C
:1008100000000000F40A002000000100300807007A
:100820006F1E060000000000000000000000010034
:100830000000042A0000042A000003280000012A06
:100840000000012A000003280000002A0000002AFE
:100850000000032800000018000000284E6F2061EF
:100860007661696C61626C6520534D5020636F6ED8
:100870007465787420666F7220636F6E6E202570C9
:100880000000000000000000000000000000000068
:100890000000000000000000E72206000000000049
:1008A00000000000000000000000000062745F73A0
:1008B0006D700000DB2306000000000065230600C9
:1008C0006E65745F627566006E65745F6275665F03
:1008D00073696D706C6500006D6D6300488C060077
:1008E000D1250600AD250600A125060095250600A8
:1008F0008925060055534244206576656E74206153
:100900006C6C6F636174696F6E206661696C65649D
:100910002100000055534244206576656E74206DB9
:10092000656D6F727920636F7272757074656400A3
:10093000556E6B6E6F776E2055534220706F7765E2
:1009400072206576656E74202564000054686572B7
:1009500065206973206E6F2049534F206570000039
:100960004661696C656420746F20616C6C6F6320F4
:1009700065767400556E657870656374656420658E
:1009800076656E7420286E7266785F75736264296E
:100990003A2025642C20657020307825303278008C
:1009A0006E52462055534244207472616E736665E0
:1009B00072206572726F7220284F5554293A203088
:1009C00078253032780000006E6F74206174746195
:1009D000636865642C2045502030782530327820BB
:1009E0006576656E742064726F70706564000000D7
:1009F00055534244206576656E7420717565756542
:100A00002066756C6C210000556E6B6E6F776E20E2
:100A100055534244206576656E743A20256864001B
:100A20005F65705F7374617475735F67657420666A
:100A300061696C65642120436F64653A2025640018
:100A4000757362645F776F726B710000696E7661B7
:100A50006C696420656E64706F696E7420636F6E7C
:100A600066696775726174696F6E0000696E7661A0
:100A70006C696420656E64706F696E7420696E6461
:100A800065782F616464726573730000696E7661C6
:100A90006C696420656E64706F696E74207479701F
:100AA0006500000069736F20656E64706F696E7415
:100AB0002063616E206F6E6C792062652069736FB0
:100AC000000000004550206D6178207061636B6507
:100AD000742073697A65206D757374206265206176
:100AE00020706F776572206F662032005354414C3E
:100AF0004C20756E737570706F72746564206F6EC4
:100B00002049534F20656E64706F696E7400000059
:100B1000456E64706F696E742030782530327820AD
:100B20006973206E6F7420656E61626C656400008D
:100B30006E52462055534244207772697465206591
:100B400072726F723A2025640000000015BB040029
:100B5000030000007573625F6E726678000000002B
:100B60006E72665F757362645F636F6D6D6F6E004A
:100B70000601050104010301050202010302050447
:100B8000010101020103010401060108010C011029
:100B90000118012001400180414443207265736FB8
:100BA0006C7574696F6E2076616C756520256420A4
:100BB0006973206E6F742076616C696400000000B8
:100BC0004F76657273616D706C696E672069732012
:100BD000737570706F7274656420666F72207369CC
:100BE0006E676C65206368616E6E656C206F6E6CFD
:100BF000790000004F76657273616D706C696E6785
:100C00002076616C7565202564206973206E6F7491
:100C10002076616C6964000050726F766964656467
:100C20002062756666657220697320746F6F207329
:100C30006D616C6C202825752F257529000000003A
:100C400053656C6563746564204144432067616942
:100C50006E206973206E6F742076616C6964000089
:100C600053656C6563746564204144432072656616
:100C70006572656E6365206973206E6F742076619E
:100C80006C69640053656C6563746564204144431A
:100C9000206163717569736974696F6E2074696D21
:100CA00065206973206E6F742076616C6964000042
:100CB000496E76616C69642073656C656374696FF5
:100CC0006E206F66206368616E6E656C7300000055
:100CD0004368616E6E656C202575206E6F742063AD
:100CE0006F6E6669677572656400000061646340D9
:100CF0003430303037303030000000006164635FE2
:100D00006E7266785F7361616463000051DA04009B
:100D1000B5DC040058020000B1DD040091DD0400E0
:100D200000000000636C6F636B4034303030303053
:100D3000303000006866636C6B0000006C66636CAA
:100D40006B000000636C6F636B5F636F6E74726F38
:100D50006C00000019DE040089DE0400340D070079
:100D6000232D0600372D06003C0D070089DF040007
:100D7000B72C0600F92C060000000000CB2B060063
:100D8000000000000000000072616E646F6D40346E
:100D90003030306430303000ADE20400B5E10400A2
:100DA000656E74726F70795F62745F68636900006A
:100DB000B12D06000000000063727970746F403539
:100DC0003030326130303000CD2D060000000000A0
:100DD0006770696F4035303030303330300000009C
:100DE0006770696F4035303030303030300000008F
:100DF000FFFF0000000300500000000001000000A1
:100E00000060004000000000FFFFFFFF00000050F6
:100E10000000000000000000006000400000000032
:100E200051E50400172F0600252F06003D2F060070
:100E3000492F0600552F060071E404009B2F060081
:100E40000000000000010203040506074750494F57
:100E500020706F72743A202573206E6F7420726553
:100E6000616479006C736D3664733374722D632D15
:100E7000656E00006D736D3236316433353236681D
:100E80006963706D2D632D656E0000007265677576
:100E90006C61746F725F6669786564000000008041
:100EA000FFFFFF7F0000008000000080FFFFFF7F4A
:100EB00000000080B80B000000000000CC0E07000E
:100EC00000FF0A006C8B0600080000020000008092
:100ED000FFFFFF7F0000008000000080FFFFFF7F1A
:100EE000000000800000000000000000FC0E070071
:100EF00000FF08006C8B06000A0000021533060094
:100F0000353306004F33060067330600000000004B
:100F100000000000000000000000000000000000D1
:100F200000000000000000000000000000000000C1
:100F30000000000000000000436172642053434C35
:100F40004B20696E69742073657175656E636520E9
:100F50006661696C65640000446174612077726940
:100F60007465206661696C656400000042616420FC
:100F700064617461204352430000000042616420B8
:100F8000746F6B656E000000436F756C64206E6F4C
:100F90007420636F6E66696775726520706F776520
:100FA00072206770696F20282564290053444843E4
:100FB0005F300000736468635F7370690000000055
:100FC0000C8C0600000000000000000000366E01DE
:100FD00001000000EDEB04004738060031EC04008E
:100FE0006F3406000000000043340600FDEB0400EF
:100FF0000000000000000000FFFFFFFFFFFFFFFFF9
:10100000FFFFFFFFFFFFFFFFFFFFFFFFFFFFFFFFF0
:10101000FFFFFFFFFFFFFFFFFFFFFFFFFFFFFFFFE0
:10102000FFFFFFFFFFFFFFFFFFFFFFFFFFFFFFFFD0
:10103000FFFFFFFFFFFFFFFFFFFFFFFFFFFFFFFFC0
:10104000FFFFFFFFFFFFFFFFFFFFFFFFFFFFFFFFB0
:10105000FFFFFFFFFFFFFFFFFFFFFFFFFFFFFFFFA0
:10106000FFFFFFFFFFFFFFFFFFFFFFFFFFFFFFFF90
:10107000FFFFFFFFFFFFFFFFFFFFFFFFFFFFFFFF80
:10108000FFFFFFFFFFFFFFFFFFFFFFFFFFFFFFFF70
:10109000FFFFFFFFFFFFFFFFFFFFFFFFFFFFFFFF60
:1010A000FFFFFFFFFFFFFFFFFFFFFFFFFFFFFFFF50
:1010B000FFFFFFFFFFFFFFFFFFFFFFFFFFFFFFFF40
:1010C000FFFFFFFFFFFFFFFFFFFFFFFFFFFFFFFF30
:1010D000FFFFFFFFFFFFFFFFFFFFFFFFFFFFFFFF20
:1010E000FFFFFFFFFFFFFFFFFFFFFFFFFFFFFFFF10
:1010F000FFFFFFFFFFFFFFFFFFFFFFFFFFFFFFFF00
:10110000FFFFFFFFFFFFFFFFFFFFFFFFFFFFFFFFEF
:10111000FFFFFFFFFFFFFFFFFFFFFFFFFFFFFFFFDF
:10112000FFFFFFFFFFFFFFFFFFFFFFFFFFFFFFFFCF
:10113000FFFFFFFFFFFFFFFFFFFFFFFFFFFFFFFFBF
:10114000FFFFFFFFFFFFFFFFFFFFFFFFFFFFFFFFAF
:10115000FFFFFFFFFFFFFFFFFFFFFFFFFFFFFFFF9F
:10116000FFFFFFFFFFFFFFFFFFFFFFFFFFFFFFFF8F
:10117000FFFFFFFFFFFFFFFFFFFFFFFFFFFFFFFF7F
:10118000FFFFFFFFFFFFFFFFFFFFFFFFFFFFFFFF6F
:10119000FFFFFFFFFFFFFFFFFFFFFFFFFFFFFFFF5F
:1011A000FFFFFFFFFFFFFFFFFFFFFFFFFFFFFFFF4F
:1011B000FFFFFFFFFFFFFFFFFFFFFFFFFFFFFFFF3F
:1011C000FFFFFFFFFFFFFFFFFFFFFFFFFFFFFFFF2F
:1011D000FFFFFFFFFFFFFFFFFFFFFFFFFFFFFFFF1F
:1011E000FFFFFFFFFFFFFFFFFFFFFFFFFFFFFFFF0F
:1011F000FFFFFFFFFFFFFFFF4661696C656420741E
:101200006F20616C6C6F636174652050504920439E
:1012100068616E6E656C00007561727440343030C8
:101220003032303030000000756172745F6E72666B
:10123000785F756172746500002000400200000054
:101240000000000048120700002000405412070070
:10125000010000005C120700020000002B000000EB
:101260002C060200233B060015F00400A33A0600FA
:10127000713C06004F3B06007D3B0600A93B060083
:10128000B33B0600F33B0600FF3B0600B33B060002
:10129000E33B06000B3C0600193C0600273C060019
:1012A000613C0600653C060048616C662D64757003
:1012B0006C6578206E6F7420737570706F727465D2
:1012C00064000000536C617665206D6F6465206971
:1012D00073206E6F7420737570706F727465642004
:1012E0006F6E2025730000004C6F6F706261636B3E
:1012F000206D6F6465206973206E6F742073757044
:10130000706F727465640000576F72642073697A3D
:101310006573206F74686572207468616E20382070
:101320006269747320617265206E6F7420737570CA
:10133000706F7274656400004672657175656E63E6
:10134000696573206C6F776572207468616E2031F7
:101350003235206B487A20617265206E6F7420737D
:101360007570706F72746564000000004661696C8E
:10137000656420746F20696E697469616C697A654F
:10138000206E726678206472697665723A20253024
:101390003878000054696D656F75742077616974E1
:1013A000696E6720666F72207472616E7366657213
:1013B00020636F6D706C657465000000557064612A
:1013C0007465206578636565647320637572726502
:1013D0006E742062756666657200000057616974FC
:1013E000696E6720666F722057414B452061636BC1
:1013F0006E6F776C6564676D656E742074696D657A
:1014000064206F75740000004353204750494F20FB
:10141000706F72742025732070696E2025642069B6
:1014200073206E6F74207265616479004661696C27
:10143000656420746F20616C6C6F63617465204714
:1014400050494F5445206368616E6E656C20666F2D
:10145000722057414B4500004661696C65642074F9
:101460006F20636F6E6669677572652057414B45E3
:101470002070696E000000007370694034303032B3
:1014800033303030000000007370695F6E72667830
:101490005F7370690000000000300240000000002F
:1014A000000000FF00FF000000000000000000013D
:1014B00001000000A7400600C8140700FFFFFFFF5F
:1014C000000000000000000000300240D4140700BB
:1014D00001000000DC140700030000002D000800DC
:1014E0002F000A002E000C00808B06001C0001005B
:1014F00093400600F53F0600536F667444657669B5
:10150000636520436F6E74726F6C6C65722041531B
:10151000534552543A2025732C20256400000000C6
:101520004E6F206576656E74206275666665722002
:10153000617661696C61626C650000004E6F2064C9
:101540006174612062756666657220617661696C9E
:1015500061626C6500000000556E657870656374AB
:101560006564206D73675F747970653A2025752E08
:1015700020546869732069662D656C7365206E65FB
:101580006564732061206E6577206272616E6368A6
:1015900000000000536F66744465766963652043FC
:1015A0006F6E74726F6C6C6572206275696C64200A
:1015B0007265766973696F6E3A200000456E7472C9
:1015C0006F707920736F75726365206465766963E7
:1015D00065206E6F74207265616479004661696C84
:1015E000656420746F207265676973746572207218
:1015F000616E6420736F757263652028256429000D
:10160000416C6C6F6361746564206D656D6F727998
:1016100020746F6F206C6F773A202575203C202551
:1016200075000000536F66744465766963652043F6
:101630006F6E74726F6C6C657200000062745F7321
:1016400064635F6863695F64726976657200000055
:10165000241607000000000000000000B5FE040092
:1016600017430600E142060062745F7364635F63C0
:10167000727970746F0000007075626C6963206B22
:101680006579206973206E6F742076616C696420BF
:10169000286572722025642900000000556E6B6E6B
:1016A0006F776E20636F6D6D616E64003F49F6D495
:1016B000A3C55F3874C9B3E3D2103F504AFF607BC3
:1016C000EB40B7995899B8A6CD3C1ABD62745F73C8
:1016D00064635F65636468004D50534C204153530D
:1016E0004552543A2025732C202564004D50534C0C
:1016F00020576F726B0000006D70736C5F696E69CC
:1017000074000000EB76904558464154202020009C
:101710004641543332202020000000002A3A3C3E4B
:101720007C223F7F000000002B2C3B3D5B5D0000D6
:10173000EBFE904D53444F53352E30004E4F204E0C
:10174000414D4520202020464154333220202000A6
:101750004E4F204E414D4520202020464154202010
:1017600020202000010004001000400000010002C1
:10177000000000000100020004000800100020002A
:101780000000000007000000000000000000000052
:1017900000000000809A45418E418F8045454549B3
:1017A00049498E8F9092924F994F555559999A9BCE
:1017B0009C9D9E9F41494F55A5A5A6A7A8A9AAAB48
:1017C000ACADAEAFB0B1B2B3B4B5B6B7B8B9BABBE1
:1017D000BCBDBEBFC0C1C2C3C4C5C6C7C8C9CACBD1
:1017E000CCCDCECFD0D1D2D3D4D5D6D7D8D9DADBC1
:1017F000DCDDDEDFE0E1E2E3E4E5E6E7E8E9EAEBB1
:10180000ECEDEEEFF0F1F2F3F4F5F6F7F8F9FAFBA0
:10181000FCFDFEFF01030507090E10121416181C2B
:101820001E00000052414D004E414E440000000099
:101830004346000053443200555342005553423250
:101840000000000055534233000000002418070038
:1018500028180700301807002C9A060034180700D3
:10186000381807003C180700441807002418070020
:1018700028180700301807002C9A060034180700B3
:10188000381807003C180700441807007D1D0100A8
:10189000632C001E9601A01E5A01001F0806101F8F
:1018A0000606201F0806301F0806401F0606511FA7
:1018B0000700591F521F5B1F541F5D1F561F5F1FDC
:1018C000601F0806701F0E00BA1FBB1FC81FC91F6C
:1018D000CA1FCB1FDA1FDB1FF81FF91FEA1FEB1F00
:1018E000FA1FFB1F801F0806901F0806A01F08068E
:1018F000B01F0400B81FB91FB21FBC1FCC1F0100CE
:10190000C31FD01F0206E01F0206E51F0100EC1FE7
:10191000F31F0100FC1F4E21010032217021100233
:10192000842101008321D0241A05302C2F04602C3F
:101930000201672C0601752C0201802C6401002D28
:10194000260841FF1A03000061001A03E000170394
:10195000F8000703FF0001007801000130013201A7
:101960000601390110014A012E01790106018001A9
:101970004D004302810182018201840184018601BC
:101980008701870189018A018B018B018D018E01FD
:101990008F0190019101910193019401F60196014B
:1019A0009701980198013D029B019C019D01200235
:1019B0009F01A001A001A201A201A401A401A6010E
:1019C000A701A701A901AA01AB01AC01AC01AE01BD
:1019D000AF01AF01B101B201B301B301B501B5016E
:1019E000B701B801B801BA01BB01BC01BC01BE011D
:1019F000F701C001C101C201C301C401C501C40195
:101A0000C701C801C701CA01CB01CA01CD0110013C
:101A1000DD0101008E01DE011201F3010300F1017D
:101A2000F401F401F8012801220212013A0209002E
:101A3000652C3B023B023D02662C3F024002410204
:101A4000410246020A01530240008101860155020B
:101A500089018A0158028F015A0290015C025D02DD
:101A60005E025F02930161026202940164026502F8
:101A700066026702970196016A02622C6C026D028F
:101A80006E029C01700271029D01730274029F013B
:101A900076027702780279027A027B027C02642C59
:101AA0007E027F02A60181028202A90184028502D0
:101AB00086028702AE014402B101B20145028D02E5
:101AC0008E028F0290029102B7017B030300FD0397
:101AD000FE03FF03AC0304008603880389038A0323
:101AE000B1031103C2030200A303A303C403080349
:101AF000CC0303008C038E038F03D8031801F20379
:101B00000A00F903F303F403F503F603F703F703FD
:101B1000F903FA03FA0330042003500410076004A9
:101B200022018A043601C1040E01CF040100C00461
:101B3000D00444016105260400000000C700FC0039
:101B4000E900E200E400E000E500E700EA00EB0065
:101B5000E800EF00EE00EC00C400C500C900E6009C
:101B6000C600F400F600F200FB00F900FF00D6000A
:101B7000DC00A200A300A500A7209201E100ED0077
:101B8000F300FA00F100D100AA00BA00BF00102350
:101B9000AC00BD00BC00A100AB00BB0091259225AC
:101BA0009325022524256125622556255525632583
:101BB000512557255D255C255B25102514253425E9
:101BC0002C251C2500253C255E255F255A255425FE
:101BD00069256625602550256C25672568256425BF
:101BE000652559255825522553256B256A25182525
:101BF0000C25882584258C2590258025B103DF00C0
:101C00009303C003A303C303B500C403A60398034F
:101C1000A903B4031E22C603B50329226122B10021
:101C20006522642220232123F7004822B0001922D4
:101C3000B7001A227F20B200A025A000002030307B
:101C40003030303030303030303030300001000053
:101C50000001000043505520657863657074696F1A
:101C60006E000000556E68616E646C656420696E7C
:101C70007465727275707400537461636B206F7653
:101C80006572666C6F7700004B65726E656C206FD5
:101C90006F7073004B65726E656C2070616E696366
:101CA00000000000556E6B6E6F776E206572726F6C
:101CB0007200000048616C74696E672073797374F8
:101CC000656D00003E3E3E205A4550485952204620
:101CD0004154414C204552524F522025643A202510
:101CE00073206F6E20435055202564004661756C4B
:101CF0007420647572696E6720696E74657272759E
:101D000070742068616E646C696E670A0000000080
:101D100043757272656E74207468726561643A20EE
:101D20002570202825732900408A0600408A060075
:101D3000B88A0600C88A0600508B0600588B060039
:101D40006F730000737973776F726B71000000001E
:101D5000512563FCC2CAB9F3849E17A7ADFAE6BC4D
:101D6000FFFFFFFFFFFFFFFF00000000FFFFFFFF7F
:101D7000AAAAAAAAAAAAAAAAAAAAAAAA5555555517
:101D80005555555555555555000000005555555557
:101D9000522563FCC2CAB9F3849E17A7ADFAE6BC0C
:101DA000FFFFFFFFFFFFFFFF00000000FFFFFFFF3F
:101DB000512563FCC2CAB9F3849E17A7ADFAE6BCED
:101DC000FFFFFFFFFFFFFFFF00000000FFFFFFFF1F
:101DD00096C298D84539A1F4A033EB2D817D0377C5
:101DE000F240A463E5E6BCF847422CE1F2D1176B60
:101DF000F551BF376840B6CBCE5E316B5733CE2B33
:101E0000169E0F7C4AEBE78E9B7F1AFEE242E34F61
:101E10004B60D2273E3CCE3BF6B053CCB0061D659E
:101E2000BC86987655BDEBB3E7933AAAD835C65A27
:101E3000FCFFFFFFFFFFFFFFFFFFFFFF00000000B1
:101E4000000000000000000001000000FFFFFFFF95
:101E5000FF8FFFFFFF8FFFFFFE8FFFFFFE8FFFFF54
:101E6000FD8FFFFFFC8FFFFFFC8FFFFF6D7574651B
:101E7000785F667265652063616C6C656420776964
:101E80007468204E554C4C20706172616D657465AC
:101E90007200000043616E277420696E6974696185
:101EA0006C697A65206D757465782C207761732074
:101EB0004E554C4C0D0A00004661696C20746F2031
:101EC00061637175697265206D757465780A0000CB
:101ED0004661696C20746F20696E63726561736519
:101EE00020504D20636F756E7465720A000000000B
:101EF0004661696C20746F20646563726561736507
:101F000020504D20636F756E7465720A00000000EA
:101F10004661696C20746F2072656C656173652021
:101F20006D757465780A0000436F756C64206E6F80
:101F300074206C6F636B20706F77657220736176AD
:101F400065206D75746578004661696C20746F203A
:101F5000756E6C6F636B206D757465780A00000098
:101F60006374782063616E6E6F74206265204E55D5
:101F70004C4C00000A637478206973204E554C4C19
:101F80000A00000067E6096A85AE67BB72F36E3C23
:101F90003AF54FA57F520E518C68059BABD9831F34
:101FA00019CDE05BD89E05C107D57C3617DD7030B2
:101FB00039590EF7310BC0FF11155868A78FF96416
:101FC000A44FFABE0123456789ABCDEFFEDCBA987A
:101FD00076543210F0E1D2C3D6DAC7AE08DB726FA6
:101FE0002AA326492A4DA8B3980E077F00FFFFFFBA
:101FF000FF1F00647261676F6F6E2F6C6962732FD1
:102000007363686564756C696E672F7372632F7292
:10201000656D5F68616C5F6576656E745F74696D30
:1020200065722E6300B0EA56C88D83335088D0EBBA
:10203000895665696D3CB0CEB90000202020202073
:102040002020202028282828282020202020202068
:102050002020202020202020202020881010101058
:1020600010101010101010101010100404040404AC
:1020700004040404041010101010101041414141D8
:1020800041410101010101010101010101010101C0
:1020900001010101010110101010101042424242D2
:1020A0004242020202020202020202020202020290
:1020B00002020202020210101010200000000000B4
:1020C0000000000000000000000000000000000010
:1020D0000000000000000000000000000000000000
:1020E00000000000000000000000000000000000F0
:1020F00000000000000000000000000000000000E0
:1021000000000000000000000000000000000000CF
:1021100000000000000000000000000000000000BF
:1021200000000000000000000000000000000000AF
:102130000000000000000000000000286E756C6CBC
:0C21400029002A666C6F61742A00000000
:10214C00FFFFFFFFFF1F00001F000000000000004A
:10215C005D40000000000000FFFFFFFF1F000000BB
:10216C0000000000008000400000000000000000A3
:10217C000C0000000000000000FF7F0000000000C9
:10218C000000000000000000000000000000000043
:10219C0000000000A1A8020000000000355403005C
:1021AC00000000001354030000000000B9A8020056
:1021BC00000000005D54030000000000000000005F
:1021CC000000000000000000000000000000000003
:1021DC0000000000000000000000000000000000F3
:1021EC0000000000000000000000000000000000E3
:1021FC0000000000000000000000000000000000D3
:10220C0000000000000000000000000000000000C2
:10221C0000000000000000000000000000000000B2
:10222C0000000000000000000000000000000000A2
:10223C000000000000000000000000000000000092
:10224C000000000000000000000000000000000082
:10225C000000000000000000000000000000000072
:10226C000000000000000000000000000000000062
:10227C000000000000000000000000000000000052
:10228C000000000000000000000000000000000042
:10229C000000000000000000000000000000000032
:1022AC000000000000000000000000000000000022
:1022BC000000000000000000000000000000000012
:1022CC000000000000000000000000000000000002
:1022DC0000000000000000000000000000000000F2
:1022EC0000000000000000000000000000000000E2
:1022FC0000000000000000000000000000000000D2
:10230C0000000000000000000000000000000000C1
:10231C0000000000000000000000000000000000B1
:10232C0000000000000000000000000000000000A1
:10233C000000000000000000000000000000000091
:10234C000000000000000000000000000000000081
:10235C000000000000000000000000000000000071
:10236C000000000000000000000000000000000061
:10237C000000000000000000000000000000000051
:10238C000000000000000000000000000000000041
:10239C000000000000000000000000000000000031
:1023AC000000000000000000000000000000000021
:1023BC000000000000000000000000000000000011
:1023CC0084020020336C0300396C0300656C03003D
:1023DC003D6C03006F6C0300436C03007B6C0300CB
:1023EC00496C03004B6C03004D6C03005B6C0300E9
:1023FC005F6C0300516C0300576C03006B6C0300A3
:10240C00756C03000000000000000000CD73030099
:10241C0000000000000100000000000000000000AF
:10242C0000000000000000000000000000000000A0
:10243C000000000000000000000000000000000090
:10244C000000000000000000000000000000000080
:10245C000000000000000000000000000000000070
:10246C000000000000000000000000000000000060
:10247C000000000000000000000000000000000050
:10248C000000000000000000000000000000000040
:10249C000000000000000000000000000000000030
:1024AC000000000000000000000000000000000020
:1024BC000000000000000000000000000000000010
:1024CC0000000000700900205009002000C201002B
:1024DC0000000800000000000000000000000000E8
:1024EC0000000000000000000000000000000000E0
:1024FC0000000000000000000000000000000000D0
:10250C0000000000000000000000000000000000BF
:10251C0000000000000000000000000000000000AF
:10252C00000000000000000000000000000000009F
:10253C00000000000000000000000000000000008F
:10254C00000000000000000000000000000000007F
:10255C00000000000000000000000000000000006F
:10256C00000000000000000000000000000000005F
:10257C00000000000000000000000000000000004F
:10258C00000000000000000000000000000000003F
:10259C00000000000000000000000000000000002F
:1025AC00000000000000000000000000000000001F
:1025BC00797304000000000000000000000000001F
:1025CC0000000000000000000000000000000000FF
:1025DC0000000000000000000000000000000000EF
:1025EC0000000000000000000000000000000000DF
:1025FC0000000000000000000000000000000000CF
:10260C0000000000000000000000000000000000BE
:10261C0000000000000000000000000000000000AE
:10262C00000000000000000000000000000000009E
:10263C00000000000000000000000000000000008E
:10264C00000000000000000000000000000000007E
:10265C00000000000000000000000000000000006E
:10266C0039510500000000000000000000000000CF
:10267C0030050020300500200F2A06000000000065
:10268C00000000000000000000000000000000003E
:10269C005005002050050020000000000100000043
:1026AC0060050020600500206805002068050020FA
:1026BC0000000000010000007805002078050020D3
:1026CC0000000000000000000000000000000000FE
:1026DC0000000000000000000000000000000000EE
:1026EC0000000000000000000000000000000000DE
:1026FC0000000000000000000A18000006000000A6
:10270C00CC050020040000000000000044970600E7
:10271C00491F0600000000005C06002000000100BC
:10272C0040970600FF1F0600000000004006002036
:10273C00000001004806002000000000097303009F
:10274C0000000000000002003C970600811F0600FC
:10275C0019A704001C060020000003000000000064
:10276C00000000000000000000000000000000005D
:10277C0000000000A5720300000000000000000033
:10278C0048060020000018000223D1BCEA5F782321
:10279C0015DEEF1212311500000000000223D1BC2F
:1027AC00EA5F782315DEEF121230150000000000EE
:1027BC007C06002006000000000000005497060074
:1027CC00491F060000000000500700200000010017
:1027DC0050970600FF1F0600000000002007002095
:1027EC00000001003C070020A1890500000000004A
:1027FC0000000000000001004C970600811F06003D
:10280C0019A70400FC0600200000030048970600EE
:10281C00FF1F060000000000F4060020000001006D
:10282C00280700208189050000000000000000003E
:10283C00000001002807002000000200000000003A
:10284C00000000000000000000000000000000007C
:10285C0000000000417203000000000000000000B6
:10286C003C070020000012000214128A7604D16C7E
:10287C004F7E53F2E80200B1190000000214128AD4
:10288C007604D16C4F7E53F2E80100B119000000C0
:10289C000214128A7604D16C4F7E53F2E80000B118
:1028AC0019000000AD7503005D7503000000000009
:1028BC00A57303007D7303007F8905003572030047
:1028CC00000000006810640040106300FA0F5B0009
:1028DC00BE0F4E00320F3F00F60E3500600E240086
:1028EC004C0E2300980D0E005C0D0B004E0C0100DD
:1028FC0000000000C807002080000000782601209E
:10290C00140000000C000000F401000000000000A6
:10291C00000000000900000000040000070800008F
:10292C006C8B06000B000000808B0600130000006F
:10293C00000000000000000000000000000000008B
:10294C008C270120000000000000000000000000A7
:10295C00000000002008002007000000000000001C
:10296C00049F0600491F0600000000002C090020EF
:10297C0000000100009F0600FF1F06000000000081
:10298C00FC080020000001001809002000000000D5
:10299C00E18F03000000000000000200FC9E060016
:1029AC00811F060019A70400D808002000000300AE
:1029BC00F89E0600FF1F060000000000D008002053
:1029CC000000010004090020BD8D03000000000080
:1029DC000000000000000100F49E0600811F0600AC
:1029EC0019A70400AC080020000003000000000040
:1029FC0000000000000000000000000000000000CB
:102A0C0000000000518D03000000000000000000D9
:102A1C00040900200000120000000000000000006B
:102A2C00000000000000000000000000000000009A
:102A3C00518D030000000000000000001809002068
:102A4C00000018000243AEFEAD49280429BDEA017E
:102A5C0043825729300000000243AEFEAD492804E2
:102A6C0029BDEA0143815729300000000243AEFE24
:102A7C00AD49280429BDEA014380572930000000E4
:102A8C0037DC0500EFE1050094DD060000000000D6
:102A9C00D0580220000000000000000000000000E0
:102AAC000000000000000000000000000004000016
:102ABC00D05C0220000000000000000000000000BC
:102ACC0000000000000000000000000000040000F6
:102ADC004D28040080000000652504000000000063
:102AEC006525040080000000CCE206000000020016
:102AFC00D8E2060000000200E4E20600000002003A
:102B0C00F0E20600000002000000000000000000DF
:102B1C0000000000000000000000000000000000A9
:102B2C00D52B0400000000000000000088E3060024
:102B3C0000001200F4090020F4090020B00F00205E
:102B4C003A000000C40F00203A0000004C0F002097
:102B5C003A000000D80F00203A00000000000000EE
:102B6C0007F2050000000000000000002C0A002005
:102B7C002C0A0020000000000000000000000000F3
:102B8C0000040000F404002000000000000000001D
:102B9C000000000000000000000000000000000029
:102BAC000000000000000000000000000000000019
:102BBC0000000000F56004000000000000000000B0
:102BCC00800A0020800A00200000000000000000A5
:102BDC0071990400ED1806000000000000000000D0
:102BEC00000000005D9C04003B1406002513060049
:102BFC004D9604000000000078070700000002005A
:102C0C008407070000000A0094070700000020005A
:102C1C0000000000000000000000000000000000A8
:102C2C000000000000000000000000003B1D06003A
:102C3C0000000000340807000000020040080700F4
:102C4C00000002004C080700000002000000000019
:102C5C000000000000000000000000000000000068
:102C6C000000000000000000000000000000000058
:102C7C000000000000000000000000000000000048
:102C8C000000000000000000000000000000000038
:102C9C000000000000000000000000000000000028
:102CAC000000000000000000000000000000000018
:102CBC000000000000000000000000000000000008
:102CCC0000000000000000000000000000000000F8
:102CDC0000000000000000000000000000000000E8
:102CEC0000000000000000000000000000000000D8
:102CFC0000000000000000000000000000000000C8
:102D0C0000000000000000000000000000000000B7
:102D1C0000000000000000000000000000000000A7
:102D2C002C9A0600000000000000000000000000CB
:102D3C00E008070000000000000000000000000098
:102D4C0000366E0100310000808B06001C00010073
:102D5C000000000000000000000000000000000067
:102D6C000000000000000000000000000000000057
:102D7C000000000000000000000000000000000047
:102D8C000000000000C2010000010300600C0020E4
:102D9C0000000000685B0120675B01200000000060
:102DAC0000000000000000005C4201202000000038
:102DBC00000000000000000000000000E814070004
:102DCC0001000000840C0020840C00200000000096
:102DDC0001000000940C0020940C00209C0C00209E
:102DEC009C0C00200000000001000000AC0C002036
:102DFC00AC0C0020000000000000000000000000EF
:102E0C0000000000000000000000000000000000B6
:102E1C0000000000000000000C8C06000000000008
:102E2C000000000000000000000000000000000096
:102E3C000000000000000000000000000000000086
:102E4C000000000000000000000000000000000076
:102E5C000000000000000000000000000000000066
:102E6C000000000000000000000000000000000056
:102E7C000000000000000000000000000000000046
:102E8C000000000000000000000000000000000036
:102E9C000000000008000000FF000000000000001F
:102EAC000300000000000000FFFF01006C0D00207B
:102EBC006C0D0020740D0020740D0020000000002B
:102ECC00115B0500C00D0020B80D0020B00D0020D6
:102EDC0000000000A80D0020D15C05001D5C050061
:102EEC00515C0500995C0500445201203A00003AFF
:102EFC00485201203A00003A4C5201203A00003A64
:102F0C00505201203A00003A98570120D40D00206D
:102F1C00940D00208C0D0020880D0020840D0020C5
:102F2C00496A05003D6A0500316A0500FFFF010191
:022F3C0064012E
:102F3E000000000000000000000000000000000083
:0C2F4E0000000000000000000000000077
:022F5A00FFFF77
:102F5C000000000000000000000000000000000065
:102F6C000000000000000000000000000000000055
:102F7C000000000000000000000000000000000045
:102F8C000000000000000000000000000000000035
:042F9C000000000031
:042FA000FFFFFFFF31
:102FA400000000000000000039510500000000008E
:102FB4000000000000000000700E0020700E0020D1
:102FC400BD840300000000000000000000000000B9
:082FD4000000000000000000F5
:102FDC00900E0020900E00201CE202200000000049
:102FEC00010000002C00000000000000AC0E0020CE
:102FFC00AC0E002040480220000000000100000040
:10300C009000000000000000C80E0020C80E002038
:10301C0010620220000000000400000050000000BC
:10302C0000000000E40E0020E40E0020D06002201E
:10303C000000000004000000500000000000000030
:10304C00000F0020000F002078E20220000000009A
:10305C002000000014000000000000001C0F0020E5
:10306C001C0F002048E202200000000003000000BA
:08307C0010000000000000003C
:1030840000000000D04802200010000000000000F2
:043094000000000038
:103098004C0F00204C0F0020000000000000000032
:1030A8000E000000600F0020600F002000000000EC
:1030B800000000000E000000740F0020740F0020B4
:1030C80000000000000000000E000000880F002033
:1030D800880F002000000000000000000E00000023
:1030E8009C0F00209C0F0020000000000000000042
:1030F8000E000000B00F0020B00F002000000000FC
:10310800000000000E000000C40F0020C40F0020C3
:1031180000000000000000000E000000D80F002092
:10312800D80F002000000000000000000E00000082
:10313800EC0F0020EC0F0020000000000000000051
:043148000E00000075
:10314C000010002000100020010000000100000011
:08315C001010002010100020EB
:1031640000000000000000002010002020100020BB
:10317400281000202810002000000000000000009B
:10318400381000203810002040100020401000208B
:10319400000000000000000050100020501000202B
:1031A40058100020581000200A000A0008000000EF
:1031B40000000000DC00070084DA022000000000A8
:1031C400000000007C1000207C10002084100020EF
:1031D40084100020030003000800000043150600CB
:1031E40004050700BCE1022000000000000000000C
:1031F400A8100020A8100020B0100020B01000205B
:10320400030003000100000000000000C4F10600F8
:1032140028B502200000000000000000D4100020A7
:10322400D4100020DC100020DC100020020002007A
:103234000800000000000000CC00070074C6022053
:103244000000000000000000001100200011002018
:1032540008110020081100200200020001000000F3
:10326400000000007CFB060030B6022000000000D5
:10327400000000002C1100202C110020341100202B
:10328400341100200A000A000100000000000000C0
:10329400B4F1060084B30220000000000000000026
:1032A40058110020581100206011002060110020E6
:1032B400010001000100000000000000D4F106003C
:0432C40084B50220AB
:1032C80012010002EF020140E32F00010603010290
:1032D800030109020000000100E032080B000202AD
:1032E8000200000904000001020200000524001089
:1032F8000105240102010424020205240600010735
:1033080005800310000A09040100020A00000007F2
:103318000580024000000705000240000004030980
:10332800040E035A4550485952000000000000108E
:10333800035553422D44455600000000000000226A
:103348000330313233343536373839414243444516
:10335800460000000000000000000000000000001F
:0333680000000062
:01336B00FF62
:10336C00000000009F110020EFE70500812A0400F7
:10337C00DD27040000000000000000000300000036
:04338C009009002084
:0433900015E015E04F
:04000003400039314F
:00000001FF
