ISO-10303-21;
HEADER;
FILE_DESCRIPTION(('Open CASCADE Model'),'2;1');
FILE_NAME('Open CASCADE Shape Model','2026-08-31T18:40:25',('Author'),(
    'Open CASCADE'),'Open CASCADE STEP processor 7.9','Open CASCADE 7.9'
  ,'Unknown');
FILE_SCHEMA(('AUTOMOTIVE_DESIGN { 1 0 10303 214 1 1 1 1 }'));
ENDSEC;
DATA;
#1 = APPLICATION_PROTOCOL_DEFINITION('international standard',
  'automotive_design',2000,#2);
#2 = APPLICATION_CONTEXT(
  'core data for automotive mechanical design processes');
#3 = SHAPE_DEFINITION_REPRESENTATION(#4,#10);
#4 = PRODUCT_DEFINITION_SHAPE('','',#5);
#5 = PRODUCT_DEFINITION('design','',#6,#9);
#6 = PRODUCT_DEFINITION_FORMATION('','',#7);
#7 = PRODUCT('Open CASCADE STEP translator 7.9 2',
  'Open CASCADE STEP translator 7.9 2','',(#8));
#8 = PRODUCT_CONTEXT('',#2,'mechanical');
#9 = PRODUCT_DEFINITION_CONTEXT('part definition',#2,'design');
#10 = SHAPE_REPRESENTATION('',(#11,#15,#19),#23);
#11 = AXIS2_PLACEMENT_3D('',#12,#13,#14);
#12 = CARTESIAN_POINT('',(0.,0.,0.));
#13 = DIRECTION('',(0.,0.,1.));
#14 = DIRECTION('',(1.,0.,-0.));
#15 = AXIS2_PLACEMENT_3D('',#16,#17,#18);
#16 = CARTESIAN_POINT('',(0.,0.,0.));
#17 = DIRECTION('',(0.,0.,1.));
#18 = DIRECTION('',(1.,0.,-0.));
#19 = AXIS2_PLACEMENT_3D('',#20,#21,#22);
#20 = CARTESIAN_POINT('',(0.,0.,0.));
#21 = DIRECTION('',(0.,0.,1.));
#22 = DIRECTION('',(1.,0.,-0.));
#23 = ( GEOMETRIC_REPRESENTATION_CONTEXT(3) 
GLOBAL_UNCERTAINTY_ASSIGNED_CONTEXT((#27)) GLOBAL_UNIT_ASSIGNED_CONTEXT(
(#24,#25,#26)) REPRESENTATION_CONTEXT('Context #1',
  '3D Context with UNIT and UNCERTAINTY') );
#24 = ( LENGTH_UNIT() NAMED_UNIT(*) SI_UNIT(.MILLI.,.METRE.) );
#25 = ( NAMED_UNIT(*) PLANE_ANGLE_UNIT() SI_UNIT($,.RADIAN.) );
#26 = ( NAMED_UNIT(*) SI_UNIT($,.STERADIAN.) SOLID_ANGLE_UNIT() );
#27 = UNCERTAINTY_MEASURE_WITH_UNIT(LENGTH_MEASURE(1.E-07),#24,
  'distance_accuracy_value','confusion accuracy');
#28 = PRODUCT_RELATED_PRODUCT_CATEGORY('part',$,(#7));
#29 = SHAPE_DEFINITION_REPRESENTATION(#30,#36);
#30 = PRODUCT_DEFINITION_SHAPE('','',#31);
#31 = PRODUCT_DEFINITION('design','',#32,#35);
#32 = PRODUCT_DEFINITION_FORMATION('','',#33);
#33 = PRODUCT('Open CASCADE STEP translator 7.9 2.1',
  'Open CASCADE STEP translator 7.9 2.1','',(#34));
#34 = PRODUCT_CONTEXT('',#2,'mechanical');
#35 = PRODUCT_DEFINITION_CONTEXT('part definition',#2,'design');
#36 = ADVANCED_BREP_SHAPE_REPRESENTATION('',(#11,#37),#3265);
#37 = MANIFOLD_SOLID_BREP('',#38);
#38 = CLOSED_SHELL('',(#39,#159,#602,#652,#702,#752,#802,#876,#925,#979,
    #1028,#1078,#1127,#1179,#1229,#1278,#1803,#1879,#1955,#2031,#2100,
    #2129,#2158,#2165,#2241,#2317,#2393,#2462,#2491,#2520,#2527,#2601,
    #2677,#2753,#2824,#2853,#2882,#2889,#3021,#3092,#3141,#3188,#3215,
    #3244,#3251,#3258));
#39 = ADVANCED_FACE('',(#40),#54,.T.);
#40 = FACE_BOUND('',#41,.T.);
#41 = EDGE_LOOP('',(#42,#77,#105,#133));
#42 = ORIENTED_EDGE('',*,*,#43,.T.);
#43 = EDGE_CURVE('',#44,#46,#48,.T.);
#44 = VERTEX_POINT('',#45);
#45 = CARTESIAN_POINT('',(-13.75,10.15,0.));
#46 = VERTEX_POINT('',#47);
#47 = CARTESIAN_POINT('',(-13.75,10.15,1.));
#48 = SURFACE_CURVE('',#49,(#53,#65),.PCURVE_S1.);
#49 = LINE('',#50,#51);
#50 = CARTESIAN_POINT('',(-13.75,10.15,0.));
#51 = VECTOR('',#52,1.);
#52 = DIRECTION('',(0.,0.,1.));
#53 = PCURVE('',#54,#59);
#54 = PLANE('',#55);
#55 = AXIS2_PLACEMENT_3D('',#56,#57,#58);
#56 = CARTESIAN_POINT('',(-13.75,10.15,0.));
#57 = DIRECTION('',(0.,1.,0.));
#58 = DIRECTION('',(1.,0.,0.));
#59 = DEFINITIONAL_REPRESENTATION('',(#60),#64);
#60 = LINE('',#61,#62);
#61 = CARTESIAN_POINT('',(-1.7763568394E-15,0.));
#62 = VECTOR('',#63,1.);
#63 = DIRECTION('',(0.,-1.));
#64 = ( GEOMETRIC_REPRESENTATION_CONTEXT(2) 
PARAMETRIC_REPRESENTATION_CONTEXT() REPRESENTATION_CONTEXT('2D SPACE',''
  ) );
#65 = PCURVE('',#66,#71);
#66 = CYLINDRICAL_SURFACE('',#67,10.15);
#67 = AXIS2_PLACEMENT_3D('',#68,#69,#70);
#68 = CARTESIAN_POINT('',(-13.75,0.,0.));
#69 = DIRECTION('',(0.,-0.,-1.));
#70 = DIRECTION('',(0.,-1.,0.));
#71 = DEFINITIONAL_REPRESENTATION('',(#72),#76);
#72 = LINE('',#73,#74);
#73 = CARTESIAN_POINT('',(3.14159265359,0.));
#74 = VECTOR('',#75,1.);
#75 = DIRECTION('',(0.,-1.));
#76 = ( GEOMETRIC_REPRESENTATION_CONTEXT(2) 
PARAMETRIC_REPRESENTATION_CONTEXT() REPRESENTATION_CONTEXT('2D SPACE',''
  ) );
#77 = ORIENTED_EDGE('',*,*,#78,.T.);
#78 = EDGE_CURVE('',#46,#79,#81,.T.);
#79 = VERTEX_POINT('',#80);
#80 = CARTESIAN_POINT('',(13.75,10.15,1.));
#81 = SURFACE_CURVE('',#82,(#86,#93),.PCURVE_S1.);
#82 = LINE('',#83,#84);
#83 = CARTESIAN_POINT('',(-13.75,10.15,1.));
#84 = VECTOR('',#85,1.);
#85 = DIRECTION('',(1.,0.,0.));
#86 = PCURVE('',#54,#87);
#87 = DEFINITIONAL_REPRESENTATION('',(#88),#92);
#88 = LINE('',#89,#90);
#89 = CARTESIAN_POINT('',(0.,-1.));
#90 = VECTOR('',#91,1.);
#91 = DIRECTION('',(1.,0.));
#92 = ( GEOMETRIC_REPRESENTATION_CONTEXT(2) 
PARAMETRIC_REPRESENTATION_CONTEXT() REPRESENTATION_CONTEXT('2D SPACE',''
  ) );
#93 = PCURVE('',#94,#99);
#94 = PLANE('',#95);
#95 = AXIS2_PLACEMENT_3D('',#96,#97,#98);
#96 = CARTESIAN_POINT('',(-9.809045532495E-16,1.839196037343E-16,1.));
#97 = DIRECTION('',(0.,-0.,-1.));
#98 = DIRECTION('',(-1.,0.,0.));
#99 = DEFINITIONAL_REPRESENTATION('',(#100),#104);
#100 = LINE('',#101,#102);
#101 = CARTESIAN_POINT('',(13.75,10.15));
#102 = VECTOR('',#103,1.);
#103 = DIRECTION('',(-1.,0.));
#104 = ( GEOMETRIC_REPRESENTATION_CONTEXT(2) 
PARAMETRIC_REPRESENTATION_CONTEXT() REPRESENTATION_CONTEXT('2D SPACE',''
  ) );
#105 = ORIENTED_EDGE('',*,*,#106,.F.);
#106 = EDGE_CURVE('',#107,#79,#109,.T.);
#107 = VERTEX_POINT('',#108);
#108 = CARTESIAN_POINT('',(13.75,10.15,0.));
#109 = SURFACE_CURVE('',#110,(#114,#121),.PCURVE_S1.);
#110 = LINE('',#111,#112);
#111 = CARTESIAN_POINT('',(13.75,10.15,0.));
#112 = VECTOR('',#113,1.);
#113 = DIRECTION('',(0.,0.,1.));
#114 = PCURVE('',#54,#115);
#115 = DEFINITIONAL_REPRESENTATION('',(#116),#120);
#116 = LINE('',#117,#118);
#117 = CARTESIAN_POINT('',(27.5,0.));
#118 = VECTOR('',#119,1.);
#119 = DIRECTION('',(0.,-1.));
#120 = ( GEOMETRIC_REPRESENTATION_CONTEXT(2) 
PARAMETRIC_REPRESENTATION_CONTEXT() REPRESENTATION_CONTEXT('2D SPACE',''
  ) );
#121 = PCURVE('',#122,#127);
#122 = CYLINDRICAL_SURFACE('',#123,10.15);
#123 = AXIS2_PLACEMENT_3D('',#124,#125,#126);
#124 = CARTESIAN_POINT('',(13.75,0.,0.));
#125 = DIRECTION('',(0.,0.,-1.));
#126 = DIRECTION('',(0.,1.,0.));
#127 = DEFINITIONAL_REPRESENTATION('',(#128),#132);
#128 = LINE('',#129,#130);
#129 = CARTESIAN_POINT('',(0.,0.));
#130 = VECTOR('',#131,1.);
#131 = DIRECTION('',(0.,-1.));
#132 = ( GEOMETRIC_REPRESENTATION_CONTEXT(2) 
PARAMETRIC_REPRESENTATION_CONTEXT() REPRESENTATION_CONTEXT('2D SPACE',''
  ) );
#133 = ORIENTED_EDGE('',*,*,#134,.F.);
#134 = EDGE_CURVE('',#44,#107,#135,.T.);
#135 = SURFACE_CURVE('',#136,(#140,#147),.PCURVE_S1.);
#136 = LINE('',#137,#138);
#137 = CARTESIAN_POINT('',(-13.75,10.15,0.));
#138 = VECTOR('',#139,1.);
#139 = DIRECTION('',(1.,0.,0.));
#140 = PCURVE('',#54,#141);
#141 = DEFINITIONAL_REPRESENTATION('',(#142),#146);
#142 = LINE('',#143,#144);
#143 = CARTESIAN_POINT('',(0.,0.));
#144 = VECTOR('',#145,1.);
#145 = DIRECTION('',(1.,0.));
#146 = ( GEOMETRIC_REPRESENTATION_CONTEXT(2) 
PARAMETRIC_REPRESENTATION_CONTEXT() REPRESENTATION_CONTEXT('2D SPACE',''
  ) );
#147 = PCURVE('',#148,#153);
#148 = PLANE('',#149);
#149 = AXIS2_PLACEMENT_3D('',#150,#151,#152);
#150 = CARTESIAN_POINT('',(-9.809045532495E-16,1.839196037343E-16,0.));
#151 = DIRECTION('',(0.,-0.,-1.));
#152 = DIRECTION('',(-1.,0.,0.));
#153 = DEFINITIONAL_REPRESENTATION('',(#154),#158);
#154 = LINE('',#155,#156);
#155 = CARTESIAN_POINT('',(13.75,10.15));
#156 = VECTOR('',#157,1.);
#157 = DIRECTION('',(-1.,0.));
#158 = ( GEOMETRIC_REPRESENTATION_CONTEXT(2) 
PARAMETRIC_REPRESENTATION_CONTEXT() REPRESENTATION_CONTEXT('2D SPACE',''
  ) );
#159 = ADVANCED_FACE('',(#160,#478,#509,#540,#571),#94,.F.);
#160 = FACE_BOUND('',#161,.F.);
#161 = EDGE_LOOP('',(#162,#186,#187,#211,#244,#272,#305,#333,#362,#390,
    #423,#452));
#162 = ORIENTED_EDGE('',*,*,#163,.T.);
#163 = EDGE_CURVE('',#164,#46,#166,.T.);
#164 = VERTEX_POINT('',#165);
#165 = CARTESIAN_POINT('',(-13.75,-10.15,1.));
#166 = SURFACE_CURVE('',#167,(#172,#179),.PCURVE_S1.);
#167 = CIRCLE('',#168,10.15);
#168 = AXIS2_PLACEMENT_3D('',#169,#170,#171);
#169 = CARTESIAN_POINT('',(-13.75,0.,1.));
#170 = DIRECTION('',(0.,-0.,-1.));
#171 = DIRECTION('',(0.,-1.,0.));
#172 = PCURVE('',#94,#173);
#173 = DEFINITIONAL_REPRESENTATION('',(#174),#178);
#174 = CIRCLE('',#175,10.15);
#175 = AXIS2_PLACEMENT_2D('',#176,#177);
#176 = CARTESIAN_POINT('',(13.75,-1.839196037343E-16));
#177 = DIRECTION('',(0.,-1.));
#178 = ( GEOMETRIC_REPRESENTATION_CONTEXT(2) 
PARAMETRIC_REPRESENTATION_CONTEXT() REPRESENTATION_CONTEXT('2D SPACE',''
  ) );
#179 = PCURVE('',#66,#180);
#180 = DEFINITIONAL_REPRESENTATION('',(#181),#185);
#181 = LINE('',#182,#183);
#182 = CARTESIAN_POINT('',(0.,-1.));
#183 = VECTOR('',#184,1.);
#184 = DIRECTION('',(1.,0.));
#185 = ( GEOMETRIC_REPRESENTATION_CONTEXT(2) 
PARAMETRIC_REPRESENTATION_CONTEXT() REPRESENTATION_CONTEXT('2D SPACE',''
  ) );
#186 = ORIENTED_EDGE('',*,*,#78,.T.);
#187 = ORIENTED_EDGE('',*,*,#188,.T.);
#188 = EDGE_CURVE('',#79,#189,#191,.T.);
#189 = VERTEX_POINT('',#190);
#190 = CARTESIAN_POINT('',(21.10250235184,6.997371589832,1.));
#191 = SURFACE_CURVE('',#192,(#197,#204),.PCURVE_S1.);
#192 = CIRCLE('',#193,10.15);
#193 = AXIS2_PLACEMENT_3D('',#194,#195,#196);
#194 = CARTESIAN_POINT('',(13.75,0.,1.));
#195 = DIRECTION('',(0.,0.,-1.));
#196 = DIRECTION('',(0.,1.,0.));
#197 = PCURVE('',#94,#198);
#198 = DEFINITIONAL_REPRESENTATION('',(#199),#203);
#199 = CIRCLE('',#200,10.15);
#200 = AXIS2_PLACEMENT_2D('',#201,#202);
#201 = CARTESIAN_POINT('',(-13.75,-1.839196037343E-16));
#202 = DIRECTION('',(0.,1.));
#203 = ( GEOMETRIC_REPRESENTATION_CONTEXT(2) 
PARAMETRIC_REPRESENTATION_CONTEXT() REPRESENTATION_CONTEXT('2D SPACE',''
  ) );
#204 = PCURVE('',#122,#205);
#205 = DEFINITIONAL_REPRESENTATION('',(#206),#210);
#206 = LINE('',#207,#208);
#207 = CARTESIAN_POINT('',(0.,-1.));
#208 = VECTOR('',#209,1.);
#209 = DIRECTION('',(1.,0.));
#210 = ( GEOMETRIC_REPRESENTATION_CONTEXT(2) 
PARAMETRIC_REPRESENTATION_CONTEXT() REPRESENTATION_CONTEXT('2D SPACE',''
  ) );
#211 = ORIENTED_EDGE('',*,*,#212,.T.);
#212 = EDGE_CURVE('',#189,#213,#215,.T.);
#213 = VERTEX_POINT('',#214);
#214 = CARTESIAN_POINT('',(21.,7.,1.));
#215 = SURFACE_CURVE('',#216,(#221,#232),.PCURVE_S1.);
#216 = CIRCLE('',#217,2.);
#217 = AXIS2_PLACEMENT_3D('',#218,#219,#220);
#218 = CARTESIAN_POINT('',(21.,5.,1.));
#219 = DIRECTION('',(0.,0.,1.));
#220 = DIRECTION('',(0.,-1.,0.));
#221 = PCURVE('',#94,#222);
#222 = DEFINITIONAL_REPRESENTATION('',(#223),#231);
#223 = ( BOUNDED_CURVE() B_SPLINE_CURVE(2,(#224,#225,#226,#227,#228,#229
,#230),.UNSPECIFIED.,.T.,.F.) B_SPLINE_CURVE_WITH_KNOTS((1,2,2,2,2,1),(
    -2.094395102393,0.,2.094395102393,4.188790204786,6.28318530718,
8.377580409573),.UNSPECIFIED.) CURVE() GEOMETRIC_REPRESENTATION_ITEM() 
RATIONAL_B_SPLINE_CURVE((1.,0.5,1.,0.5,1.,0.5,1.)) REPRESENTATION_ITEM(
  '') );
#224 = CARTESIAN_POINT('',(-21.,3.));
#225 = CARTESIAN_POINT('',(-24.46410161513,3.));
#226 = CARTESIAN_POINT('',(-22.73205080756,6.));
#227 = CARTESIAN_POINT('',(-21.,9.));
#228 = CARTESIAN_POINT('',(-19.26794919243,6.));
#229 = CARTESIAN_POINT('',(-17.53589838486,3.));
#230 = CARTESIAN_POINT('',(-21.,3.));
#231 = ( GEOMETRIC_REPRESENTATION_CONTEXT(2) 
PARAMETRIC_REPRESENTATION_CONTEXT() REPRESENTATION_CONTEXT('2D SPACE',''
  ) );
#232 = PCURVE('',#233,#238);
#233 = CYLINDRICAL_SURFACE('',#234,2.);
#234 = AXIS2_PLACEMENT_3D('',#235,#236,#237);
#235 = CARTESIAN_POINT('',(21.,5.,0.));
#236 = DIRECTION('',(0.,0.,1.));
#237 = DIRECTION('',(1.,0.,-0.));
#238 = DEFINITIONAL_REPRESENTATION('',(#239),#243);
#239 = LINE('',#240,#241);
#240 = CARTESIAN_POINT('',(-1.570796326795,1.));
#241 = VECTOR('',#242,1.);
#242 = DIRECTION('',(1.,0.));
#243 = ( GEOMETRIC_REPRESENTATION_CONTEXT(2) 
PARAMETRIC_REPRESENTATION_CONTEXT() REPRESENTATION_CONTEXT('2D SPACE',''
  ) );
#244 = ORIENTED_EDGE('',*,*,#245,.T.);
#245 = EDGE_CURVE('',#213,#246,#248,.T.);
#246 = VERTEX_POINT('',#247);
#247 = CARTESIAN_POINT('',(18.,7.,1.));
#248 = SURFACE_CURVE('',#249,(#253,#260),.PCURVE_S1.);
#249 = LINE('',#250,#251);
#250 = CARTESIAN_POINT('',(23.,7.,1.));
#251 = VECTOR('',#252,1.);
#252 = DIRECTION('',(-1.,0.,0.));
#253 = PCURVE('',#94,#254);
#254 = DEFINITIONAL_REPRESENTATION('',(#255),#259);
#255 = LINE('',#256,#257);
#256 = CARTESIAN_POINT('',(-23.,7.));
#257 = VECTOR('',#258,1.);
#258 = DIRECTION('',(1.,0.));
#259 = ( GEOMETRIC_REPRESENTATION_CONTEXT(2) 
PARAMETRIC_REPRESENTATION_CONTEXT() REPRESENTATION_CONTEXT('2D SPACE',''
  ) );
#260 = PCURVE('',#261,#266);
#261 = PLANE('',#262);
#262 = AXIS2_PLACEMENT_3D('',#263,#264,#265);
#263 = CARTESIAN_POINT('',(23.,7.,0.));
#264 = DIRECTION('',(0.,-1.,0.));
#265 = DIRECTION('',(-1.,0.,0.));
#266 = DEFINITIONAL_REPRESENTATION('',(#267),#271);
#267 = LINE('',#268,#269);
#268 = CARTESIAN_POINT('',(0.,-1.));
#269 = VECTOR('',#270,1.);
#270 = DIRECTION('',(1.,0.));
#271 = ( GEOMETRIC_REPRESENTATION_CONTEXT(2) 
PARAMETRIC_REPRESENTATION_CONTEXT() REPRESENTATION_CONTEXT('2D SPACE',''
  ) );
#272 = ORIENTED_EDGE('',*,*,#273,.T.);
#273 = EDGE_CURVE('',#246,#274,#276,.T.);
#274 = VERTEX_POINT('',#275);
#275 = CARTESIAN_POINT('',(16.,5.,1.));
#276 = SURFACE_CURVE('',#277,(#282,#293),.PCURVE_S1.);
#277 = CIRCLE('',#278,2.);
#278 = AXIS2_PLACEMENT_3D('',#279,#280,#281);
#279 = CARTESIAN_POINT('',(18.,5.,1.));
#280 = DIRECTION('',(0.,0.,1.));
#281 = DIRECTION('',(0.,-1.,0.));
#282 = PCURVE('',#94,#283);
#283 = DEFINITIONAL_REPRESENTATION('',(#284),#292);
#284 = ( BOUNDED_CURVE() B_SPLINE_CURVE(2,(#285,#286,#287,#288,#289,#290
,#291),.UNSPECIFIED.,.T.,.F.) B_SPLINE_CURVE_WITH_KNOTS((1,2,2,2,2,1),(
    -2.094395102393,0.,2.094395102393,4.188790204786,6.28318530718,
8.377580409573),.UNSPECIFIED.) CURVE() GEOMETRIC_REPRESENTATION_ITEM() 
RATIONAL_B_SPLINE_CURVE((1.,0.5,1.,0.5,1.,0.5,1.)) REPRESENTATION_ITEM(
  '') );
#285 = CARTESIAN_POINT('',(-18.,3.));
#286 = CARTESIAN_POINT('',(-21.46410161513,3.));
#287 = CARTESIAN_POINT('',(-19.73205080756,6.));
#288 = CARTESIAN_POINT('',(-18.,9.));
#289 = CARTESIAN_POINT('',(-16.26794919243,6.));
#290 = CARTESIAN_POINT('',(-14.53589838486,3.));
#291 = CARTESIAN_POINT('',(-18.,3.));
#292 = ( GEOMETRIC_REPRESENTATION_CONTEXT(2) 
PARAMETRIC_REPRESENTATION_CONTEXT() REPRESENTATION_CONTEXT('2D SPACE',''
  ) );
#293 = PCURVE('',#294,#299);
#294 = CYLINDRICAL_SURFACE('',#295,2.);
#295 = AXIS2_PLACEMENT_3D('',#296,#297,#298);
#296 = CARTESIAN_POINT('',(18.,5.,0.));
#297 = DIRECTION('',(0.,0.,1.));
#298 = DIRECTION('',(-0.,1.,0.));
#299 = DEFINITIONAL_REPRESENTATION('',(#300),#304);
#300 = LINE('',#301,#302);
#301 = CARTESIAN_POINT('',(-3.14159265359,1.));
#302 = VECTOR('',#303,1.);
#303 = DIRECTION('',(1.,0.));
#304 = ( GEOMETRIC_REPRESENTATION_CONTEXT(2) 
PARAMETRIC_REPRESENTATION_CONTEXT() REPRESENTATION_CONTEXT('2D SPACE',''
  ) );
#305 = ORIENTED_EDGE('',*,*,#306,.T.);
#306 = EDGE_CURVE('',#274,#307,#309,.T.);
#307 = VERTEX_POINT('',#308);
#308 = CARTESIAN_POINT('',(16.,-5.,1.));
#309 = SURFACE_CURVE('',#310,(#314,#321),.PCURVE_S1.);
#310 = LINE('',#311,#312);
#311 = CARTESIAN_POINT('',(16.,7.,1.));
#312 = VECTOR('',#313,1.);
#313 = DIRECTION('',(0.,-1.,0.));
#314 = PCURVE('',#94,#315);
#315 = DEFINITIONAL_REPRESENTATION('',(#316),#320);
#316 = LINE('',#317,#318);
#317 = CARTESIAN_POINT('',(-16.,7.));
#318 = VECTOR('',#319,1.);
#319 = DIRECTION('',(0.,-1.));
#320 = ( GEOMETRIC_REPRESENTATION_CONTEXT(2) 
PARAMETRIC_REPRESENTATION_CONTEXT() REPRESENTATION_CONTEXT('2D SPACE',''
  ) );
#321 = PCURVE('',#322,#327);
#322 = PLANE('',#323);
#323 = AXIS2_PLACEMENT_3D('',#324,#325,#326);
#324 = CARTESIAN_POINT('',(16.,7.,0.));
#325 = DIRECTION('',(1.,0.,-0.));
#326 = DIRECTION('',(0.,-1.,0.));
#327 = DEFINITIONAL_REPRESENTATION('',(#328),#332);
#328 = LINE('',#329,#330);
#329 = CARTESIAN_POINT('',(0.,-1.));
#330 = VECTOR('',#331,1.);
#331 = DIRECTION('',(1.,0.));
#332 = ( GEOMETRIC_REPRESENTATION_CONTEXT(2) 
PARAMETRIC_REPRESENTATION_CONTEXT() REPRESENTATION_CONTEXT('2D SPACE',''
  ) );
#333 = ORIENTED_EDGE('',*,*,#334,.F.);
#334 = EDGE_CURVE('',#335,#307,#337,.T.);
#335 = VERTEX_POINT('',#336);
#336 = CARTESIAN_POINT('',(18.,-7.,1.));
#337 = SURFACE_CURVE('',#338,(#343,#350),.PCURVE_S1.);
#338 = CIRCLE('',#339,2.);
#339 = AXIS2_PLACEMENT_3D('',#340,#341,#342);
#340 = CARTESIAN_POINT('',(18.,-5.,1.));
#341 = DIRECTION('',(-0.,-0.,-1.));
#342 = DIRECTION('',(0.,-1.,0.));
#343 = PCURVE('',#94,#344);
#344 = DEFINITIONAL_REPRESENTATION('',(#345),#349);
#345 = CIRCLE('',#346,2.);
#346 = AXIS2_PLACEMENT_2D('',#347,#348);
#347 = CARTESIAN_POINT('',(-18.,-5.));
#348 = DIRECTION('',(0.,-1.));
#349 = ( GEOMETRIC_REPRESENTATION_CONTEXT(2) 
PARAMETRIC_REPRESENTATION_CONTEXT() REPRESENTATION_CONTEXT('2D SPACE',''
  ) );
#350 = PCURVE('',#351,#356);
#351 = CYLINDRICAL_SURFACE('',#352,2.);
#352 = AXIS2_PLACEMENT_3D('',#353,#354,#355);
#353 = CARTESIAN_POINT('',(18.,-5.,0.));
#354 = DIRECTION('',(0.,0.,1.));
#355 = DIRECTION('',(0.,-1.,0.));
#356 = DEFINITIONAL_REPRESENTATION('',(#357),#361);
#357 = LINE('',#358,#359);
#358 = CARTESIAN_POINT('',(-0.,1.));
#359 = VECTOR('',#360,1.);
#360 = DIRECTION('',(-1.,0.));
#361 = ( GEOMETRIC_REPRESENTATION_CONTEXT(2) 
PARAMETRIC_REPRESENTATION_CONTEXT() REPRESENTATION_CONTEXT('2D SPACE',''
  ) );
#362 = ORIENTED_EDGE('',*,*,#363,.T.);
#363 = EDGE_CURVE('',#335,#364,#366,.T.);
#364 = VERTEX_POINT('',#365);
#365 = CARTESIAN_POINT('',(21.,-7.,1.));
#366 = SURFACE_CURVE('',#367,(#371,#378),.PCURVE_S1.);
#367 = LINE('',#368,#369);
#368 = CARTESIAN_POINT('',(16.,-7.,1.));
#369 = VECTOR('',#370,1.);
#370 = DIRECTION('',(1.,0.,0.));
#371 = PCURVE('',#94,#372);
#372 = DEFINITIONAL_REPRESENTATION('',(#373),#377);
#373 = LINE('',#374,#375);
#374 = CARTESIAN_POINT('',(-16.,-7.));
#375 = VECTOR('',#376,1.);
#376 = DIRECTION('',(-1.,0.));
#377 = ( GEOMETRIC_REPRESENTATION_CONTEXT(2) 
PARAMETRIC_REPRESENTATION_CONTEXT() REPRESENTATION_CONTEXT('2D SPACE',''
  ) );
#378 = PCURVE('',#379,#384);
#379 = PLANE('',#380);
#380 = AXIS2_PLACEMENT_3D('',#381,#382,#383);
#381 = CARTESIAN_POINT('',(16.,-7.,0.));
#382 = DIRECTION('',(0.,1.,0.));
#383 = DIRECTION('',(1.,0.,0.));
#384 = DEFINITIONAL_REPRESENTATION('',(#385),#389);
#385 = LINE('',#386,#387);
#386 = CARTESIAN_POINT('',(0.,-1.));
#387 = VECTOR('',#388,1.);
#388 = DIRECTION('',(1.,0.));
#389 = ( GEOMETRIC_REPRESENTATION_CONTEXT(2) 
PARAMETRIC_REPRESENTATION_CONTEXT() REPRESENTATION_CONTEXT('2D SPACE',''
  ) );
#390 = ORIENTED_EDGE('',*,*,#391,.T.);
#391 = EDGE_CURVE('',#364,#392,#394,.T.);
#392 = VERTEX_POINT('',#393);
#393 = CARTESIAN_POINT('',(21.10250235184,-6.997371589832,1.));
#394 = SURFACE_CURVE('',#395,(#400,#411),.PCURVE_S1.);
#395 = CIRCLE('',#396,2.);
#396 = AXIS2_PLACEMENT_3D('',#397,#398,#399);
#397 = CARTESIAN_POINT('',(21.,-5.,1.));
#398 = DIRECTION('',(0.,0.,1.));
#399 = DIRECTION('',(0.,-1.,0.));
#400 = PCURVE('',#94,#401);
#401 = DEFINITIONAL_REPRESENTATION('',(#402),#410);
#402 = ( BOUNDED_CURVE() B_SPLINE_CURVE(2,(#403,#404,#405,#406,#407,#408
,#409),.UNSPECIFIED.,.T.,.F.) B_SPLINE_CURVE_WITH_KNOTS((1,2,2,2,2,1),(
    -2.094395102393,0.,2.094395102393,4.188790204786,6.28318530718,
8.377580409573),.UNSPECIFIED.) CURVE() GEOMETRIC_REPRESENTATION_ITEM() 
RATIONAL_B_SPLINE_CURVE((1.,0.5,1.,0.5,1.,0.5,1.)) REPRESENTATION_ITEM(
  '') );
#403 = CARTESIAN_POINT('',(-21.,-7.));
#404 = CARTESIAN_POINT('',(-24.46410161513,-7.));
#405 = CARTESIAN_POINT('',(-22.73205080756,-4.));
#406 = CARTESIAN_POINT('',(-21.,-1.));
#407 = CARTESIAN_POINT('',(-19.26794919243,-4.));
#408 = CARTESIAN_POINT('',(-17.53589838486,-7.));
#409 = CARTESIAN_POINT('',(-21.,-7.));
#410 = ( GEOMETRIC_REPRESENTATION_CONTEXT(2) 
PARAMETRIC_REPRESENTATION_CONTEXT() REPRESENTATION_CONTEXT('2D SPACE',''
  ) );
#411 = PCURVE('',#412,#417);
#412 = CYLINDRICAL_SURFACE('',#413,2.);
#413 = AXIS2_PLACEMENT_3D('',#414,#415,#416);
#414 = CARTESIAN_POINT('',(21.,-5.,0.));
#415 = DIRECTION('',(0.,0.,1.));
#416 = DIRECTION('',(0.,-1.,0.));
#417 = DEFINITIONAL_REPRESENTATION('',(#418),#422);
#418 = LINE('',#419,#420);
#419 = CARTESIAN_POINT('',(0.,1.));
#420 = VECTOR('',#421,1.);
#421 = DIRECTION('',(1.,0.));
#422 = ( GEOMETRIC_REPRESENTATION_CONTEXT(2) 
PARAMETRIC_REPRESENTATION_CONTEXT() REPRESENTATION_CONTEXT('2D SPACE',''
  ) );
#423 = ORIENTED_EDGE('',*,*,#424,.T.);
#424 = EDGE_CURVE('',#392,#425,#427,.T.);
#425 = VERTEX_POINT('',#426);
#426 = CARTESIAN_POINT('',(13.75,-10.15,1.));
#427 = SURFACE_CURVE('',#428,(#433,#440),.PCURVE_S1.);
#428 = CIRCLE('',#429,10.15);
#429 = AXIS2_PLACEMENT_3D('',#430,#431,#432);
#430 = CARTESIAN_POINT('',(13.75,0.,1.));
#431 = DIRECTION('',(0.,0.,-1.));
#432 = DIRECTION('',(0.,1.,0.));
#433 = PCURVE('',#94,#434);
#434 = DEFINITIONAL_REPRESENTATION('',(#435),#439);
#435 = CIRCLE('',#436,10.15);
#436 = AXIS2_PLACEMENT_2D('',#437,#438);
#437 = CARTESIAN_POINT('',(-13.75,-1.839196037343E-16));
#438 = DIRECTION('',(0.,1.));
#439 = ( GEOMETRIC_REPRESENTATION_CONTEXT(2) 
PARAMETRIC_REPRESENTATION_CONTEXT() REPRESENTATION_CONTEXT('2D SPACE',''
  ) );
#440 = PCURVE('',#441,#446);
#441 = CYLINDRICAL_SURFACE('',#442,10.15);
#442 = AXIS2_PLACEMENT_3D('',#443,#444,#445);
#443 = CARTESIAN_POINT('',(13.75,0.,0.));
#444 = DIRECTION('',(0.,0.,-1.));
#445 = DIRECTION('',(0.,1.,0.));
#446 = DEFINITIONAL_REPRESENTATION('',(#447),#451);
#447 = LINE('',#448,#449);
#448 = CARTESIAN_POINT('',(0.,-1.));
#449 = VECTOR('',#450,1.);
#450 = DIRECTION('',(1.,0.));
#451 = ( GEOMETRIC_REPRESENTATION_CONTEXT(2) 
PARAMETRIC_REPRESENTATION_CONTEXT() REPRESENTATION_CONTEXT('2D SPACE',''
  ) );
#452 = ORIENTED_EDGE('',*,*,#453,.T.);
#453 = EDGE_CURVE('',#425,#164,#454,.T.);
#454 = SURFACE_CURVE('',#455,(#459,#466),.PCURVE_S1.);
#455 = LINE('',#456,#457);
#456 = CARTESIAN_POINT('',(13.75,-10.15,1.));
#457 = VECTOR('',#458,1.);
#458 = DIRECTION('',(-1.,0.,0.));
#459 = PCURVE('',#94,#460);
#460 = DEFINITIONAL_REPRESENTATION('',(#461),#465);
#461 = LINE('',#462,#463);
#462 = CARTESIAN_POINT('',(-13.75,-10.15));
#463 = VECTOR('',#464,1.);
#464 = DIRECTION('',(1.,0.));
#465 = ( GEOMETRIC_REPRESENTATION_CONTEXT(2) 
PARAMETRIC_REPRESENTATION_CONTEXT() REPRESENTATION_CONTEXT('2D SPACE',''
  ) );
#466 = PCURVE('',#467,#472);
#467 = PLANE('',#468);
#468 = AXIS2_PLACEMENT_3D('',#469,#470,#471);
#469 = CARTESIAN_POINT('',(13.75,-10.15,0.));
#470 = DIRECTION('',(0.,-1.,0.));
#471 = DIRECTION('',(-1.,0.,0.));
#472 = DEFINITIONAL_REPRESENTATION('',(#473),#477);
#473 = LINE('',#474,#475);
#474 = CARTESIAN_POINT('',(0.,-1.));
#475 = VECTOR('',#476,1.);
#476 = DIRECTION('',(1.,0.));
#477 = ( GEOMETRIC_REPRESENTATION_CONTEXT(2) 
PARAMETRIC_REPRESENTATION_CONTEXT() REPRESENTATION_CONTEXT('2D SPACE',''
  ) );
#478 = FACE_BOUND('',#479,.F.);
#479 = EDGE_LOOP('',(#480));
#480 = ORIENTED_EDGE('',*,*,#481,.F.);
#481 = EDGE_CURVE('',#482,#482,#484,.T.);
#482 = VERTEX_POINT('',#483);
#483 = CARTESIAN_POINT('',(-0.7,-7.37,1.));
#484 = SURFACE_CURVE('',#485,(#490,#497),.PCURVE_S1.);
#485 = CIRCLE('',#486,0.6);
#486 = AXIS2_PLACEMENT_3D('',#487,#488,#489);
#487 = CARTESIAN_POINT('',(-0.1,-7.37,1.));
#488 = DIRECTION('',(0.,0.,-1.));
#489 = DIRECTION('',(-1.,0.,0.));
#490 = PCURVE('',#94,#491);
#491 = DEFINITIONAL_REPRESENTATION('',(#492),#496);
#492 = CIRCLE('',#493,0.6);
#493 = AXIS2_PLACEMENT_2D('',#494,#495);
#494 = CARTESIAN_POINT('',(0.1,-7.37));
#495 = DIRECTION('',(1.,0.));
#496 = ( GEOMETRIC_REPRESENTATION_CONTEXT(2) 
PARAMETRIC_REPRESENTATION_CONTEXT() REPRESENTATION_CONTEXT('2D SPACE',''
  ) );
#497 = PCURVE('',#498,#503);
#498 = CYLINDRICAL_SURFACE('',#499,0.6);
#499 = AXIS2_PLACEMENT_3D('',#500,#501,#502);
#500 = CARTESIAN_POINT('',(-0.1,-7.37,1.));
#501 = DIRECTION('',(0.,0.,-1.));
#502 = DIRECTION('',(-1.,0.,0.));
#503 = DEFINITIONAL_REPRESENTATION('',(#504),#508);
#504 = LINE('',#505,#506);
#505 = CARTESIAN_POINT('',(0.,0.));
#506 = VECTOR('',#507,1.);
#507 = DIRECTION('',(1.,0.));
#508 = ( GEOMETRIC_REPRESENTATION_CONTEXT(2) 
PARAMETRIC_REPRESENTATION_CONTEXT() REPRESENTATION_CONTEXT('2D SPACE',''
  ) );
#509 = FACE_BOUND('',#510,.F.);
#510 = EDGE_LOOP('',(#511));
#511 = ORIENTED_EDGE('',*,*,#512,.F.);
#512 = EDGE_CURVE('',#513,#513,#515,.T.);
#513 = VERTEX_POINT('',#514);
#514 = CARTESIAN_POINT('',(-4.4,-7.37,1.));
#515 = SURFACE_CURVE('',#516,(#521,#528),.PCURVE_S1.);
#516 = CIRCLE('',#517,0.6);
#517 = AXIS2_PLACEMENT_3D('',#518,#519,#520);
#518 = CARTESIAN_POINT('',(-3.8,-7.37,1.));
#519 = DIRECTION('',(0.,0.,-1.));
#520 = DIRECTION('',(-1.,0.,0.));
#521 = PCURVE('',#94,#522);
#522 = DEFINITIONAL_REPRESENTATION('',(#523),#527);
#523 = CIRCLE('',#524,0.6);
#524 = AXIS2_PLACEMENT_2D('',#525,#526);
#525 = CARTESIAN_POINT('',(3.8,-7.37));
#526 = DIRECTION('',(1.,0.));
#527 = ( GEOMETRIC_REPRESENTATION_CONTEXT(2) 
PARAMETRIC_REPRESENTATION_CONTEXT() REPRESENTATION_CONTEXT('2D SPACE',''
  ) );
#528 = PCURVE('',#529,#534);
#529 = CYLINDRICAL_SURFACE('',#530,0.6);
#530 = AXIS2_PLACEMENT_3D('',#531,#532,#533);
#531 = CARTESIAN_POINT('',(-3.8,-7.37,1.));
#532 = DIRECTION('',(0.,0.,-1.));
#533 = DIRECTION('',(-1.,0.,0.));
#534 = DEFINITIONAL_REPRESENTATION('',(#535),#539);
#535 = LINE('',#536,#537);
#536 = CARTESIAN_POINT('',(0.,0.));
#537 = VECTOR('',#538,1.);
#538 = DIRECTION('',(1.,0.));
#539 = ( GEOMETRIC_REPRESENTATION_CONTEXT(2) 
PARAMETRIC_REPRESENTATION_CONTEXT() REPRESENTATION_CONTEXT('2D SPACE',''
  ) );
#540 = FACE_BOUND('',#541,.F.);
#541 = EDGE_LOOP('',(#542));
#542 = ORIENTED_EDGE('',*,*,#543,.F.);
#543 = EDGE_CURVE('',#544,#544,#546,.T.);
#544 = VERTEX_POINT('',#545);
#545 = CARTESIAN_POINT('',(7.4,-5.143516556419E-16,1.));
#546 = SURFACE_CURVE('',#547,(#552,#559),.PCURVE_S1.);
#547 = CIRCLE('',#548,2.1);
#548 = AXIS2_PLACEMENT_3D('',#549,#550,#551);
#549 = CARTESIAN_POINT('',(9.5,0.,1.));
#550 = DIRECTION('',(0.,0.,-1.));
#551 = DIRECTION('',(-1.,0.,0.));
#552 = PCURVE('',#94,#553);
#553 = DEFINITIONAL_REPRESENTATION('',(#554),#558);
#554 = CIRCLE('',#555,2.1);
#555 = AXIS2_PLACEMENT_2D('',#556,#557);
#556 = CARTESIAN_POINT('',(-9.5,-1.839196037343E-16));
#557 = DIRECTION('',(1.,0.));
#558 = ( GEOMETRIC_REPRESENTATION_CONTEXT(2) 
PARAMETRIC_REPRESENTATION_CONTEXT() REPRESENTATION_CONTEXT('2D SPACE',''
  ) );
#559 = PCURVE('',#560,#565);
#560 = CYLINDRICAL_SURFACE('',#561,2.1);
#561 = AXIS2_PLACEMENT_3D('',#562,#563,#564);
#562 = CARTESIAN_POINT('',(9.5,0.,1.));
#563 = DIRECTION('',(0.,0.,-1.));
#564 = DIRECTION('',(-1.,0.,0.));
#565 = DEFINITIONAL_REPRESENTATION('',(#566),#570);
#566 = LINE('',#567,#568);
#567 = CARTESIAN_POINT('',(0.,0.));
#568 = VECTOR('',#569,1.);
#569 = DIRECTION('',(1.,0.));
#570 = ( GEOMETRIC_REPRESENTATION_CONTEXT(2) 
PARAMETRIC_REPRESENTATION_CONTEXT() REPRESENTATION_CONTEXT('2D SPACE',''
  ) );
#571 = FACE_BOUND('',#572,.F.);
#572 = EDGE_LOOP('',(#573));
#573 = ORIENTED_EDGE('',*,*,#574,.F.);
#574 = EDGE_CURVE('',#575,#575,#577,.T.);
#575 = VERTEX_POINT('',#576);
#576 = CARTESIAN_POINT('',(4.7,5.,1.));
#577 = SURFACE_CURVE('',#578,(#583,#590),.PCURVE_S1.);
#578 = CIRCLE('',#579,0.8);
#579 = AXIS2_PLACEMENT_3D('',#580,#581,#582);
#580 = CARTESIAN_POINT('',(5.5,5.,1.));
#581 = DIRECTION('',(0.,0.,-1.));
#582 = DIRECTION('',(-1.,0.,0.));
#583 = PCURVE('',#94,#584);
#584 = DEFINITIONAL_REPRESENTATION('',(#585),#589);
#585 = CIRCLE('',#586,0.8);
#586 = AXIS2_PLACEMENT_2D('',#587,#588);
#587 = CARTESIAN_POINT('',(-5.5,5.));
#588 = DIRECTION('',(1.,0.));
#589 = ( GEOMETRIC_REPRESENTATION_CONTEXT(2) 
PARAMETRIC_REPRESENTATION_CONTEXT() REPRESENTATION_CONTEXT('2D SPACE',''
  ) );
#590 = PCURVE('',#591,#596);
#591 = CYLINDRICAL_SURFACE('',#592,0.8);
#592 = AXIS2_PLACEMENT_3D('',#593,#594,#595);
#593 = CARTESIAN_POINT('',(5.5,5.,1.));
#594 = DIRECTION('',(0.,0.,-1.));
#595 = DIRECTION('',(-1.,0.,0.));
#596 = DEFINITIONAL_REPRESENTATION('',(#597),#601);
#597 = LINE('',#598,#599);
#598 = CARTESIAN_POINT('',(0.,0.));
#599 = VECTOR('',#600,1.);
#600 = DIRECTION('',(1.,0.));
#601 = ( GEOMETRIC_REPRESENTATION_CONTEXT(2) 
PARAMETRIC_REPRESENTATION_CONTEXT() REPRESENTATION_CONTEXT('2D SPACE',''
  ) );
#602 = ADVANCED_FACE('',(#603),#591,.F.);
#603 = FACE_BOUND('',#604,.F.);
#604 = EDGE_LOOP('',(#605,#629,#650,#651));
#605 = ORIENTED_EDGE('',*,*,#606,.F.);
#606 = EDGE_CURVE('',#607,#607,#609,.T.);
#607 = VERTEX_POINT('',#608);
#608 = CARTESIAN_POINT('',(4.7,5.,0.));
#609 = SURFACE_CURVE('',#610,(#615,#622),.PCURVE_S1.);
#610 = CIRCLE('',#611,0.8);
#611 = AXIS2_PLACEMENT_3D('',#612,#613,#614);
#612 = CARTESIAN_POINT('',(5.5,5.,0.));
#613 = DIRECTION('',(0.,0.,-1.));
#614 = DIRECTION('',(-1.,0.,0.));
#615 = PCURVE('',#591,#616);
#616 = DEFINITIONAL_REPRESENTATION('',(#617),#621);
#617 = LINE('',#618,#619);
#618 = CARTESIAN_POINT('',(0.,1.));
#619 = VECTOR('',#620,1.);
#620 = DIRECTION('',(1.,0.));
#621 = ( GEOMETRIC_REPRESENTATION_CONTEXT(2) 
PARAMETRIC_REPRESENTATION_CONTEXT() REPRESENTATION_CONTEXT('2D SPACE',''
  ) );
#622 = PCURVE('',#148,#623);
#623 = DEFINITIONAL_REPRESENTATION('',(#624),#628);
#624 = CIRCLE('',#625,0.8);
#625 = AXIS2_PLACEMENT_2D('',#626,#627);
#626 = CARTESIAN_POINT('',(-5.5,5.));
#627 = DIRECTION('',(1.,0.));
#628 = ( GEOMETRIC_REPRESENTATION_CONTEXT(2) 
PARAMETRIC_REPRESENTATION_CONTEXT() REPRESENTATION_CONTEXT('2D SPACE',''
  ) );
#629 = ORIENTED_EDGE('',*,*,#630,.F.);
#630 = EDGE_CURVE('',#575,#607,#631,.T.);
#631 = SEAM_CURVE('',#632,(#636,#643),.PCURVE_S1.);
#632 = LINE('',#633,#634);
#633 = CARTESIAN_POINT('',(4.7,5.,1.));
#634 = VECTOR('',#635,1.);
#635 = DIRECTION('',(0.,0.,-1.));
#636 = PCURVE('',#591,#637);
#637 = DEFINITIONAL_REPRESENTATION('',(#638),#642);
#638 = LINE('',#639,#640);
#639 = CARTESIAN_POINT('',(6.28318530718,-0.));
#640 = VECTOR('',#641,1.);
#641 = DIRECTION('',(0.,1.));
#642 = ( GEOMETRIC_REPRESENTATION_CONTEXT(2) 
PARAMETRIC_REPRESENTATION_CONTEXT() REPRESENTATION_CONTEXT('2D SPACE',''
  ) );
#643 = PCURVE('',#591,#644);
#644 = DEFINITIONAL_REPRESENTATION('',(#645),#649);
#645 = LINE('',#646,#647);
#646 = CARTESIAN_POINT('',(0.,-0.));
#647 = VECTOR('',#648,1.);
#648 = DIRECTION('',(0.,1.));
#649 = ( GEOMETRIC_REPRESENTATION_CONTEXT(2) 
PARAMETRIC_REPRESENTATION_CONTEXT() REPRESENTATION_CONTEXT('2D SPACE',''
  ) );
#650 = ORIENTED_EDGE('',*,*,#574,.T.);
#651 = ORIENTED_EDGE('',*,*,#630,.T.);
#652 = ADVANCED_FACE('',(#653),#560,.F.);
#653 = FACE_BOUND('',#654,.F.);
#654 = EDGE_LOOP('',(#655,#679,#700,#701));
#655 = ORIENTED_EDGE('',*,*,#656,.F.);
#656 = EDGE_CURVE('',#657,#657,#659,.T.);
#657 = VERTEX_POINT('',#658);
#658 = CARTESIAN_POINT('',(7.4,-5.143516556419E-16,0.));
#659 = SURFACE_CURVE('',#660,(#665,#672),.PCURVE_S1.);
#660 = CIRCLE('',#661,2.1);
#661 = AXIS2_PLACEMENT_3D('',#662,#663,#664);
#662 = CARTESIAN_POINT('',(9.5,0.,0.));
#663 = DIRECTION('',(0.,0.,-1.));
#664 = DIRECTION('',(-1.,0.,0.));
#665 = PCURVE('',#560,#666);
#666 = DEFINITIONAL_REPRESENTATION('',(#667),#671);
#667 = LINE('',#668,#669);
#668 = CARTESIAN_POINT('',(0.,1.));
#669 = VECTOR('',#670,1.);
#670 = DIRECTION('',(1.,0.));
#671 = ( GEOMETRIC_REPRESENTATION_CONTEXT(2) 
PARAMETRIC_REPRESENTATION_CONTEXT() REPRESENTATION_CONTEXT('2D SPACE',''
  ) );
#672 = PCURVE('',#148,#673);
#673 = DEFINITIONAL_REPRESENTATION('',(#674),#678);
#674 = CIRCLE('',#675,2.1);
#675 = AXIS2_PLACEMENT_2D('',#676,#677);
#676 = CARTESIAN_POINT('',(-9.5,-1.839196037343E-16));
#677 = DIRECTION('',(1.,0.));
#678 = ( GEOMETRIC_REPRESENTATION_CONTEXT(2) 
PARAMETRIC_REPRESENTATION_CONTEXT() REPRESENTATION_CONTEXT('2D SPACE',''
  ) );
#679 = ORIENTED_EDGE('',*,*,#680,.F.);
#680 = EDGE_CURVE('',#544,#657,#681,.T.);
#681 = SEAM_CURVE('',#682,(#686,#693),.PCURVE_S1.);
#682 = LINE('',#683,#684);
#683 = CARTESIAN_POINT('',(7.4,-5.143516556419E-16,1.));
#684 = VECTOR('',#685,1.);
#685 = DIRECTION('',(0.,0.,-1.));
#686 = PCURVE('',#560,#687);
#687 = DEFINITIONAL_REPRESENTATION('',(#688),#692);
#688 = LINE('',#689,#690);
#689 = CARTESIAN_POINT('',(6.28318530718,-0.));
#690 = VECTOR('',#691,1.);
#691 = DIRECTION('',(0.,1.));
#692 = ( GEOMETRIC_REPRESENTATION_CONTEXT(2) 
PARAMETRIC_REPRESENTATION_CONTEXT() REPRESENTATION_CONTEXT('2D SPACE',''
  ) );
#693 = PCURVE('',#560,#694);
#694 = DEFINITIONAL_REPRESENTATION('',(#695),#699);
#695 = LINE('',#696,#697);
#696 = CARTESIAN_POINT('',(0.,-0.));
#697 = VECTOR('',#698,1.);
#698 = DIRECTION('',(0.,1.));
#699 = ( GEOMETRIC_REPRESENTATION_CONTEXT(2) 
PARAMETRIC_REPRESENTATION_CONTEXT() REPRESENTATION_CONTEXT('2D SPACE',''
  ) );
#700 = ORIENTED_EDGE('',*,*,#543,.T.);
#701 = ORIENTED_EDGE('',*,*,#680,.T.);
#702 = ADVANCED_FACE('',(#703),#529,.F.);
#703 = FACE_BOUND('',#704,.F.);
#704 = EDGE_LOOP('',(#705,#729,#750,#751));
#705 = ORIENTED_EDGE('',*,*,#706,.F.);
#706 = EDGE_CURVE('',#707,#707,#709,.T.);
#707 = VERTEX_POINT('',#708);
#708 = CARTESIAN_POINT('',(-4.4,-7.37,0.));
#709 = SURFACE_CURVE('',#710,(#715,#722),.PCURVE_S1.);
#710 = CIRCLE('',#711,0.6);
#711 = AXIS2_PLACEMENT_3D('',#712,#713,#714);
#712 = CARTESIAN_POINT('',(-3.8,-7.37,0.));
#713 = DIRECTION('',(0.,0.,-1.));
#714 = DIRECTION('',(-1.,0.,0.));
#715 = PCURVE('',#529,#716);
#716 = DEFINITIONAL_REPRESENTATION('',(#717),#721);
#717 = LINE('',#718,#719);
#718 = CARTESIAN_POINT('',(0.,1.));
#719 = VECTOR('',#720,1.);
#720 = DIRECTION('',(1.,0.));
#721 = ( GEOMETRIC_REPRESENTATION_CONTEXT(2) 
PARAMETRIC_REPRESENTATION_CONTEXT() REPRESENTATION_CONTEXT('2D SPACE',''
  ) );
#722 = PCURVE('',#148,#723);
#723 = DEFINITIONAL_REPRESENTATION('',(#724),#728);
#724 = CIRCLE('',#725,0.6);
#725 = AXIS2_PLACEMENT_2D('',#726,#727);
#726 = CARTESIAN_POINT('',(3.8,-7.37));
#727 = DIRECTION('',(1.,0.));
#728 = ( GEOMETRIC_REPRESENTATION_CONTEXT(2) 
PARAMETRIC_REPRESENTATION_CONTEXT() REPRESENTATION_CONTEXT('2D SPACE',''
  ) );
#729 = ORIENTED_EDGE('',*,*,#730,.F.);
#730 = EDGE_CURVE('',#513,#707,#731,.T.);
#731 = SEAM_CURVE('',#732,(#736,#743),.PCURVE_S1.);
#732 = LINE('',#733,#734);
#733 = CARTESIAN_POINT('',(-4.4,-7.37,1.));
#734 = VECTOR('',#735,1.);
#735 = DIRECTION('',(0.,0.,-1.));
#736 = PCURVE('',#529,#737);
#737 = DEFINITIONAL_REPRESENTATION('',(#738),#742);
#738 = LINE('',#739,#740);
#739 = CARTESIAN_POINT('',(6.28318530718,-0.));
#740 = VECTOR('',#741,1.);
#741 = DIRECTION('',(0.,1.));
#742 = ( GEOMETRIC_REPRESENTATION_CONTEXT(2) 
PARAMETRIC_REPRESENTATION_CONTEXT() REPRESENTATION_CONTEXT('2D SPACE',''
  ) );
#743 = PCURVE('',#529,#744);
#744 = DEFINITIONAL_REPRESENTATION('',(#745),#749);
#745 = LINE('',#746,#747);
#746 = CARTESIAN_POINT('',(0.,-0.));
#747 = VECTOR('',#748,1.);
#748 = DIRECTION('',(0.,1.));
#749 = ( GEOMETRIC_REPRESENTATION_CONTEXT(2) 
PARAMETRIC_REPRESENTATION_CONTEXT() REPRESENTATION_CONTEXT('2D SPACE',''
  ) );
#750 = ORIENTED_EDGE('',*,*,#512,.T.);
#751 = ORIENTED_EDGE('',*,*,#730,.T.);
#752 = ADVANCED_FACE('',(#753),#498,.F.);
#753 = FACE_BOUND('',#754,.F.);
#754 = EDGE_LOOP('',(#755,#779,#800,#801));
#755 = ORIENTED_EDGE('',*,*,#756,.F.);
#756 = EDGE_CURVE('',#757,#757,#759,.T.);
#757 = VERTEX_POINT('',#758);
#758 = CARTESIAN_POINT('',(-0.7,-7.37,0.));
#759 = SURFACE_CURVE('',#760,(#765,#772),.PCURVE_S1.);
#760 = CIRCLE('',#761,0.6);
#761 = AXIS2_PLACEMENT_3D('',#762,#763,#764);
#762 = CARTESIAN_POINT('',(-0.1,-7.37,0.));
#763 = DIRECTION('',(0.,0.,-1.));
#764 = DIRECTION('',(-1.,0.,0.));
#765 = PCURVE('',#498,#766);
#766 = DEFINITIONAL_REPRESENTATION('',(#767),#771);
#767 = LINE('',#768,#769);
#768 = CARTESIAN_POINT('',(0.,1.));
#769 = VECTOR('',#770,1.);
#770 = DIRECTION('',(1.,0.));
#771 = ( GEOMETRIC_REPRESENTATION_CONTEXT(2) 
PARAMETRIC_REPRESENTATION_CONTEXT() REPRESENTATION_CONTEXT('2D SPACE',''
  ) );
#772 = PCURVE('',#148,#773);
#773 = DEFINITIONAL_REPRESENTATION('',(#774),#778);
#774 = CIRCLE('',#775,0.6);
#775 = AXIS2_PLACEMENT_2D('',#776,#777);
#776 = CARTESIAN_POINT('',(0.1,-7.37));
#777 = DIRECTION('',(1.,0.));
#778 = ( GEOMETRIC_REPRESENTATION_CONTEXT(2) 
PARAMETRIC_REPRESENTATION_CONTEXT() REPRESENTATION_CONTEXT('2D SPACE',''
  ) );
#779 = ORIENTED_EDGE('',*,*,#780,.F.);
#780 = EDGE_CURVE('',#482,#757,#781,.T.);
#781 = SEAM_CURVE('',#782,(#786,#793),.PCURVE_S1.);
#782 = LINE('',#783,#784);
#783 = CARTESIAN_POINT('',(-0.7,-7.37,1.));
#784 = VECTOR('',#785,1.);
#785 = DIRECTION('',(0.,0.,-1.));
#786 = PCURVE('',#498,#787);
#787 = DEFINITIONAL_REPRESENTATION('',(#788),#792);
#788 = LINE('',#789,#790);
#789 = CARTESIAN_POINT('',(6.28318530718,-0.));
#790 = VECTOR('',#791,1.);
#791 = DIRECTION('',(0.,1.));
#792 = ( GEOMETRIC_REPRESENTATION_CONTEXT(2) 
PARAMETRIC_REPRESENTATION_CONTEXT() REPRESENTATION_CONTEXT('2D SPACE',''
  ) );
#793 = PCURVE('',#498,#794);
#794 = DEFINITIONAL_REPRESENTATION('',(#795),#799);
#795 = LINE('',#796,#797);
#796 = CARTESIAN_POINT('',(0.,-0.));
#797 = VECTOR('',#798,1.);
#798 = DIRECTION('',(0.,1.));
#799 = ( GEOMETRIC_REPRESENTATION_CONTEXT(2) 
PARAMETRIC_REPRESENTATION_CONTEXT() REPRESENTATION_CONTEXT('2D SPACE',''
  ) );
#800 = ORIENTED_EDGE('',*,*,#481,.T.);
#801 = ORIENTED_EDGE('',*,*,#780,.T.);
#802 = ADVANCED_FACE('',(#803),#233,.F.);
#803 = FACE_BOUND('',#804,.F.);
#804 = EDGE_LOOP('',(#805,#826,#854,#875));
#805 = ORIENTED_EDGE('',*,*,#806,.T.);
#806 = EDGE_CURVE('',#189,#807,#809,.T.);
#807 = VERTEX_POINT('',#808);
#808 = CARTESIAN_POINT('',(21.10250235184,6.997371589832,0.));
#809 = SURFACE_CURVE('',#810,(#814,#820),.PCURVE_S1.);
#810 = LINE('',#811,#812);
#811 = CARTESIAN_POINT('',(21.10250235184,6.997371589832,0.));
#812 = VECTOR('',#813,1.);
#813 = DIRECTION('',(0.,0.,-1.));
#814 = PCURVE('',#233,#815);
#815 = DEFINITIONAL_REPRESENTATION('',(#816),#819);
#816 = B_SPLINE_CURVE_WITH_KNOTS('',1,(#817,#818),.UNSPECIFIED.,.F.,.F.,
  (2,2),(-1.0000006,6.E-07),.PIECEWISE_BEZIER_KNOTS.);
#817 = CARTESIAN_POINT('',(1.519522687547,1.0000006));
#818 = CARTESIAN_POINT('',(1.519522687547,-6.E-07));
#819 = ( GEOMETRIC_REPRESENTATION_CONTEXT(2) 
PARAMETRIC_REPRESENTATION_CONTEXT() REPRESENTATION_CONTEXT('2D SPACE',''
  ) );
#820 = PCURVE('',#122,#821);
#821 = DEFINITIONAL_REPRESENTATION('',(#822),#825);
#822 = B_SPLINE_CURVE_WITH_KNOTS('',1,(#823,#824),.UNSPECIFIED.,.F.,.F.,
  (2,2),(-1.0000006,6.E-07),.PIECEWISE_BEZIER_KNOTS.);
#823 = CARTESIAN_POINT('',(0.810141118528,-1.0000006));
#824 = CARTESIAN_POINT('',(0.810141118528,6.E-07));
#825 = ( GEOMETRIC_REPRESENTATION_CONTEXT(2) 
PARAMETRIC_REPRESENTATION_CONTEXT() REPRESENTATION_CONTEXT('2D SPACE',''
  ) );
#826 = ORIENTED_EDGE('',*,*,#827,.T.);
#827 = EDGE_CURVE('',#807,#828,#830,.T.);
#828 = VERTEX_POINT('',#829);
#829 = CARTESIAN_POINT('',(21.,7.,0.));
#830 = SURFACE_CURVE('',#831,(#836,#843),.PCURVE_S1.);
#831 = CIRCLE('',#832,2.);
#832 = AXIS2_PLACEMENT_3D('',#833,#834,#835);
#833 = CARTESIAN_POINT('',(21.,5.,0.));
#834 = DIRECTION('',(0.,0.,1.));
#835 = DIRECTION('',(0.,-1.,0.));
#836 = PCURVE('',#233,#837);
#837 = DEFINITIONAL_REPRESENTATION('',(#838),#842);
#838 = LINE('',#839,#840);
#839 = CARTESIAN_POINT('',(-1.570796326795,0.));
#840 = VECTOR('',#841,1.);
#841 = DIRECTION('',(1.,0.));
#842 = ( GEOMETRIC_REPRESENTATION_CONTEXT(2) 
PARAMETRIC_REPRESENTATION_CONTEXT() REPRESENTATION_CONTEXT('2D SPACE',''
  ) );
#843 = PCURVE('',#148,#844);
#844 = DEFINITIONAL_REPRESENTATION('',(#845),#853);
#845 = ( BOUNDED_CURVE() B_SPLINE_CURVE(2,(#846,#847,#848,#849,#850,#851
,#852),.UNSPECIFIED.,.T.,.F.) B_SPLINE_CURVE_WITH_KNOTS((1,2,2,2,2,1),(
    -2.094395102393,0.,2.094395102393,4.188790204786,6.28318530718,
8.377580409573),.UNSPECIFIED.) CURVE() GEOMETRIC_REPRESENTATION_ITEM() 
RATIONAL_B_SPLINE_CURVE((1.,0.5,1.,0.5,1.,0.5,1.)) REPRESENTATION_ITEM(
  '') );
#846 = CARTESIAN_POINT('',(-21.,3.));
#847 = CARTESIAN_POINT('',(-24.46410161513,3.));
#848 = CARTESIAN_POINT('',(-22.73205080756,6.));
#849 = CARTESIAN_POINT('',(-21.,9.));
#850 = CARTESIAN_POINT('',(-19.26794919243,6.));
#851 = CARTESIAN_POINT('',(-17.53589838486,3.));
#852 = CARTESIAN_POINT('',(-21.,3.));
#853 = ( GEOMETRIC_REPRESENTATION_CONTEXT(2) 
PARAMETRIC_REPRESENTATION_CONTEXT() REPRESENTATION_CONTEXT('2D SPACE',''
  ) );
#854 = ORIENTED_EDGE('',*,*,#855,.T.);
#855 = EDGE_CURVE('',#828,#213,#856,.T.);
#856 = SURFACE_CURVE('',#857,(#861,#868),.PCURVE_S1.);
#857 = LINE('',#858,#859);
#858 = CARTESIAN_POINT('',(21.,7.,0.));
#859 = VECTOR('',#860,1.);
#860 = DIRECTION('',(0.,0.,1.));
#861 = PCURVE('',#233,#862);
#862 = DEFINITIONAL_REPRESENTATION('',(#863),#867);
#863 = LINE('',#864,#865);
#864 = CARTESIAN_POINT('',(1.570796326795,0.));
#865 = VECTOR('',#866,1.);
#866 = DIRECTION('',(0.,1.));
#867 = ( GEOMETRIC_REPRESENTATION_CONTEXT(2) 
PARAMETRIC_REPRESENTATION_CONTEXT() REPRESENTATION_CONTEXT('2D SPACE',''
  ) );
#868 = PCURVE('',#261,#869);
#869 = DEFINITIONAL_REPRESENTATION('',(#870),#874);
#870 = LINE('',#871,#872);
#871 = CARTESIAN_POINT('',(2.,0.));
#872 = VECTOR('',#873,1.);
#873 = DIRECTION('',(0.,-1.));
#874 = ( GEOMETRIC_REPRESENTATION_CONTEXT(2) 
PARAMETRIC_REPRESENTATION_CONTEXT() REPRESENTATION_CONTEXT('2D SPACE',''
  ) );
#875 = ORIENTED_EDGE('',*,*,#212,.F.);
#876 = ADVANCED_FACE('',(#877),#261,.T.);
#877 = FACE_BOUND('',#878,.T.);
#878 = EDGE_LOOP('',(#879,#902,#903,#904));
#879 = ORIENTED_EDGE('',*,*,#880,.F.);
#880 = EDGE_CURVE('',#828,#881,#883,.T.);
#881 = VERTEX_POINT('',#882);
#882 = CARTESIAN_POINT('',(18.,7.,0.));
#883 = SURFACE_CURVE('',#884,(#888,#895),.PCURVE_S1.);
#884 = LINE('',#885,#886);
#885 = CARTESIAN_POINT('',(23.,7.,0.));
#886 = VECTOR('',#887,1.);
#887 = DIRECTION('',(-1.,0.,0.));
#888 = PCURVE('',#261,#889);
#889 = DEFINITIONAL_REPRESENTATION('',(#890),#894);
#890 = LINE('',#891,#892);
#891 = CARTESIAN_POINT('',(0.,-0.));
#892 = VECTOR('',#893,1.);
#893 = DIRECTION('',(1.,0.));
#894 = ( GEOMETRIC_REPRESENTATION_CONTEXT(2) 
PARAMETRIC_REPRESENTATION_CONTEXT() REPRESENTATION_CONTEXT('2D SPACE',''
  ) );
#895 = PCURVE('',#148,#896);
#896 = DEFINITIONAL_REPRESENTATION('',(#897),#901);
#897 = LINE('',#898,#899);
#898 = CARTESIAN_POINT('',(-23.,7.));
#899 = VECTOR('',#900,1.);
#900 = DIRECTION('',(1.,0.));
#901 = ( GEOMETRIC_REPRESENTATION_CONTEXT(2) 
PARAMETRIC_REPRESENTATION_CONTEXT() REPRESENTATION_CONTEXT('2D SPACE',''
  ) );
#902 = ORIENTED_EDGE('',*,*,#855,.T.);
#903 = ORIENTED_EDGE('',*,*,#245,.T.);
#904 = ORIENTED_EDGE('',*,*,#905,.F.);
#905 = EDGE_CURVE('',#881,#246,#906,.T.);
#906 = SURFACE_CURVE('',#907,(#911,#918),.PCURVE_S1.);
#907 = LINE('',#908,#909);
#908 = CARTESIAN_POINT('',(18.,7.,0.));
#909 = VECTOR('',#910,1.);
#910 = DIRECTION('',(0.,0.,1.));
#911 = PCURVE('',#261,#912);
#912 = DEFINITIONAL_REPRESENTATION('',(#913),#917);
#913 = LINE('',#914,#915);
#914 = CARTESIAN_POINT('',(5.,0.));
#915 = VECTOR('',#916,1.);
#916 = DIRECTION('',(0.,-1.));
#917 = ( GEOMETRIC_REPRESENTATION_CONTEXT(2) 
PARAMETRIC_REPRESENTATION_CONTEXT() REPRESENTATION_CONTEXT('2D SPACE',''
  ) );
#918 = PCURVE('',#294,#919);
#919 = DEFINITIONAL_REPRESENTATION('',(#920),#924);
#920 = LINE('',#921,#922);
#921 = CARTESIAN_POINT('',(0.,0.));
#922 = VECTOR('',#923,1.);
#923 = DIRECTION('',(0.,1.));
#924 = ( GEOMETRIC_REPRESENTATION_CONTEXT(2) 
PARAMETRIC_REPRESENTATION_CONTEXT() REPRESENTATION_CONTEXT('2D SPACE',''
  ) );
#925 = ADVANCED_FACE('',(#926),#294,.F.);
#926 = FACE_BOUND('',#927,.F.);
#927 = EDGE_LOOP('',(#928,#956,#977,#978));
#928 = ORIENTED_EDGE('',*,*,#929,.T.);
#929 = EDGE_CURVE('',#881,#930,#932,.T.);
#930 = VERTEX_POINT('',#931);
#931 = CARTESIAN_POINT('',(16.,5.,0.));
#932 = SURFACE_CURVE('',#933,(#938,#945),.PCURVE_S1.);
#933 = CIRCLE('',#934,2.);
#934 = AXIS2_PLACEMENT_3D('',#935,#936,#937);
#935 = CARTESIAN_POINT('',(18.,5.,0.));
#936 = DIRECTION('',(0.,0.,1.));
#937 = DIRECTION('',(0.,-1.,0.));
#938 = PCURVE('',#294,#939);
#939 = DEFINITIONAL_REPRESENTATION('',(#940),#944);
#940 = LINE('',#941,#942);
#941 = CARTESIAN_POINT('',(-3.14159265359,0.));
#942 = VECTOR('',#943,1.);
#943 = DIRECTION('',(1.,0.));
#944 = ( GEOMETRIC_REPRESENTATION_CONTEXT(2) 
PARAMETRIC_REPRESENTATION_CONTEXT() REPRESENTATION_CONTEXT('2D SPACE',''
  ) );
#945 = PCURVE('',#148,#946);
#946 = DEFINITIONAL_REPRESENTATION('',(#947),#955);
#947 = ( BOUNDED_CURVE() B_SPLINE_CURVE(2,(#948,#949,#950,#951,#952,#953
,#954),.UNSPECIFIED.,.T.,.F.) B_SPLINE_CURVE_WITH_KNOTS((1,2,2,2,2,1),(
    -2.094395102393,0.,2.094395102393,4.188790204786,6.28318530718,
8.377580409573),.UNSPECIFIED.) CURVE() GEOMETRIC_REPRESENTATION_ITEM() 
RATIONAL_B_SPLINE_CURVE((1.,0.5,1.,0.5,1.,0.5,1.)) REPRESENTATION_ITEM(
  '') );
#948 = CARTESIAN_POINT('',(-18.,3.));
#949 = CARTESIAN_POINT('',(-21.46410161513,3.));
#950 = CARTESIAN_POINT('',(-19.73205080756,6.));
#951 = CARTESIAN_POINT('',(-18.,9.));
#952 = CARTESIAN_POINT('',(-16.26794919243,6.));
#953 = CARTESIAN_POINT('',(-14.53589838486,3.));
#954 = CARTESIAN_POINT('',(-18.,3.));
#955 = ( GEOMETRIC_REPRESENTATION_CONTEXT(2) 
PARAMETRIC_REPRESENTATION_CONTEXT() REPRESENTATION_CONTEXT('2D SPACE',''
  ) );
#956 = ORIENTED_EDGE('',*,*,#957,.T.);
#957 = EDGE_CURVE('',#930,#274,#958,.T.);
#958 = SURFACE_CURVE('',#959,(#963,#970),.PCURVE_S1.);
#959 = LINE('',#960,#961);
#960 = CARTESIAN_POINT('',(16.,5.,0.));
#961 = VECTOR('',#962,1.);
#962 = DIRECTION('',(0.,0.,1.));
#963 = PCURVE('',#294,#964);
#964 = DEFINITIONAL_REPRESENTATION('',(#965),#969);
#965 = LINE('',#966,#967);
#966 = CARTESIAN_POINT('',(1.570796326795,0.));
#967 = VECTOR('',#968,1.);
#968 = DIRECTION('',(0.,1.));
#969 = ( GEOMETRIC_REPRESENTATION_CONTEXT(2) 
PARAMETRIC_REPRESENTATION_CONTEXT() REPRESENTATION_CONTEXT('2D SPACE',''
  ) );
#970 = PCURVE('',#322,#971);
#971 = DEFINITIONAL_REPRESENTATION('',(#972),#976);
#972 = LINE('',#973,#974);
#973 = CARTESIAN_POINT('',(2.,0.));
#974 = VECTOR('',#975,1.);
#975 = DIRECTION('',(0.,-1.));
#976 = ( GEOMETRIC_REPRESENTATION_CONTEXT(2) 
PARAMETRIC_REPRESENTATION_CONTEXT() REPRESENTATION_CONTEXT('2D SPACE',''
  ) );
#977 = ORIENTED_EDGE('',*,*,#273,.F.);
#978 = ORIENTED_EDGE('',*,*,#905,.F.);
#979 = ADVANCED_FACE('',(#980),#322,.T.);
#980 = FACE_BOUND('',#981,.T.);
#981 = EDGE_LOOP('',(#982,#1005,#1006,#1007));
#982 = ORIENTED_EDGE('',*,*,#983,.F.);
#983 = EDGE_CURVE('',#930,#984,#986,.T.);
#984 = VERTEX_POINT('',#985);
#985 = CARTESIAN_POINT('',(16.,-5.,0.));
#986 = SURFACE_CURVE('',#987,(#991,#998),.PCURVE_S1.);
#987 = LINE('',#988,#989);
#988 = CARTESIAN_POINT('',(16.,7.,0.));
#989 = VECTOR('',#990,1.);
#990 = DIRECTION('',(0.,-1.,0.));
#991 = PCURVE('',#322,#992);
#992 = DEFINITIONAL_REPRESENTATION('',(#993),#997);
#993 = LINE('',#994,#995);
#994 = CARTESIAN_POINT('',(0.,0.));
#995 = VECTOR('',#996,1.);
#996 = DIRECTION('',(1.,0.));
#997 = ( GEOMETRIC_REPRESENTATION_CONTEXT(2) 
PARAMETRIC_REPRESENTATION_CONTEXT() REPRESENTATION_CONTEXT('2D SPACE',''
  ) );
#998 = PCURVE('',#148,#999);
#999 = DEFINITIONAL_REPRESENTATION('',(#1000),#1004);
#1000 = LINE('',#1001,#1002);
#1001 = CARTESIAN_POINT('',(-16.,7.));
#1002 = VECTOR('',#1003,1.);
#1003 = DIRECTION('',(0.,-1.));
#1004 = ( GEOMETRIC_REPRESENTATION_CONTEXT(2) 
PARAMETRIC_REPRESENTATION_CONTEXT() REPRESENTATION_CONTEXT('2D SPACE',''
  ) );
#1005 = ORIENTED_EDGE('',*,*,#957,.T.);
#1006 = ORIENTED_EDGE('',*,*,#306,.T.);
#1007 = ORIENTED_EDGE('',*,*,#1008,.F.);
#1008 = EDGE_CURVE('',#984,#307,#1009,.T.);
#1009 = SURFACE_CURVE('',#1010,(#1014,#1021),.PCURVE_S1.);
#1010 = LINE('',#1011,#1012);
#1011 = CARTESIAN_POINT('',(16.,-5.,0.));
#1012 = VECTOR('',#1013,1.);
#1013 = DIRECTION('',(0.,0.,1.));
#1014 = PCURVE('',#322,#1015);
#1015 = DEFINITIONAL_REPRESENTATION('',(#1016),#1020);
#1016 = LINE('',#1017,#1018);
#1017 = CARTESIAN_POINT('',(12.,0.));
#1018 = VECTOR('',#1019,1.);
#1019 = DIRECTION('',(0.,-1.));
#1020 = ( GEOMETRIC_REPRESENTATION_CONTEXT(2) 
PARAMETRIC_REPRESENTATION_CONTEXT() REPRESENTATION_CONTEXT('2D SPACE',''
  ) );
#1021 = PCURVE('',#351,#1022);
#1022 = DEFINITIONAL_REPRESENTATION('',(#1023),#1027);
#1023 = LINE('',#1024,#1025);
#1024 = CARTESIAN_POINT('',(-1.570796326795,0.));
#1025 = VECTOR('',#1026,1.);
#1026 = DIRECTION('',(-0.,1.));
#1027 = ( GEOMETRIC_REPRESENTATION_CONTEXT(2) 
PARAMETRIC_REPRESENTATION_CONTEXT() REPRESENTATION_CONTEXT('2D SPACE',''
  ) );
#1028 = ADVANCED_FACE('',(#1029),#351,.F.);
#1029 = FACE_BOUND('',#1030,.T.);
#1030 = EDGE_LOOP('',(#1031,#1055,#1056,#1057));
#1031 = ORIENTED_EDGE('',*,*,#1032,.T.);
#1032 = EDGE_CURVE('',#1033,#984,#1035,.T.);
#1033 = VERTEX_POINT('',#1034);
#1034 = CARTESIAN_POINT('',(18.,-7.,0.));
#1035 = SURFACE_CURVE('',#1036,(#1041,#1048),.PCURVE_S1.);
#1036 = CIRCLE('',#1037,2.);
#1037 = AXIS2_PLACEMENT_3D('',#1038,#1039,#1040);
#1038 = CARTESIAN_POINT('',(18.,-5.,0.));
#1039 = DIRECTION('',(-0.,-0.,-1.));
#1040 = DIRECTION('',(0.,-1.,0.));
#1041 = PCURVE('',#351,#1042);
#1042 = DEFINITIONAL_REPRESENTATION('',(#1043),#1047);
#1043 = LINE('',#1044,#1045);
#1044 = CARTESIAN_POINT('',(-0.,0.));
#1045 = VECTOR('',#1046,1.);
#1046 = DIRECTION('',(-1.,0.));
#1047 = ( GEOMETRIC_REPRESENTATION_CONTEXT(2) 
PARAMETRIC_REPRESENTATION_CONTEXT() REPRESENTATION_CONTEXT('2D SPACE',''
  ) );
#1048 = PCURVE('',#148,#1049);
#1049 = DEFINITIONAL_REPRESENTATION('',(#1050),#1054);
#1050 = CIRCLE('',#1051,2.);
#1051 = AXIS2_PLACEMENT_2D('',#1052,#1053);
#1052 = CARTESIAN_POINT('',(-18.,-5.));
#1053 = DIRECTION('',(0.,-1.));
#1054 = ( GEOMETRIC_REPRESENTATION_CONTEXT(2) 
PARAMETRIC_REPRESENTATION_CONTEXT() REPRESENTATION_CONTEXT('2D SPACE',''
  ) );
#1055 = ORIENTED_EDGE('',*,*,#1008,.T.);
#1056 = ORIENTED_EDGE('',*,*,#334,.F.);
#1057 = ORIENTED_EDGE('',*,*,#1058,.F.);
#1058 = EDGE_CURVE('',#1033,#335,#1059,.T.);
#1059 = SURFACE_CURVE('',#1060,(#1064,#1071),.PCURVE_S1.);
#1060 = LINE('',#1061,#1062);
#1061 = CARTESIAN_POINT('',(18.,-7.,0.));
#1062 = VECTOR('',#1063,1.);
#1063 = DIRECTION('',(0.,0.,1.));
#1064 = PCURVE('',#351,#1065);
#1065 = DEFINITIONAL_REPRESENTATION('',(#1066),#1070);
#1066 = LINE('',#1067,#1068);
#1067 = CARTESIAN_POINT('',(-0.,0.));
#1068 = VECTOR('',#1069,1.);
#1069 = DIRECTION('',(-0.,1.));
#1070 = ( GEOMETRIC_REPRESENTATION_CONTEXT(2) 
PARAMETRIC_REPRESENTATION_CONTEXT() REPRESENTATION_CONTEXT('2D SPACE',''
  ) );
#1071 = PCURVE('',#379,#1072);
#1072 = DEFINITIONAL_REPRESENTATION('',(#1073),#1077);
#1073 = LINE('',#1074,#1075);
#1074 = CARTESIAN_POINT('',(2.,0.));
#1075 = VECTOR('',#1076,1.);
#1076 = DIRECTION('',(0.,-1.));
#1077 = ( GEOMETRIC_REPRESENTATION_CONTEXT(2) 
PARAMETRIC_REPRESENTATION_CONTEXT() REPRESENTATION_CONTEXT('2D SPACE',''
  ) );
#1078 = ADVANCED_FACE('',(#1079),#379,.T.);
#1079 = FACE_BOUND('',#1080,.T.);
#1080 = EDGE_LOOP('',(#1081,#1104,#1105,#1106));
#1081 = ORIENTED_EDGE('',*,*,#1082,.F.);
#1082 = EDGE_CURVE('',#1033,#1083,#1085,.T.);
#1083 = VERTEX_POINT('',#1084);
#1084 = CARTESIAN_POINT('',(21.,-7.,0.));
#1085 = SURFACE_CURVE('',#1086,(#1090,#1097),.PCURVE_S1.);
#1086 = LINE('',#1087,#1088);
#1087 = CARTESIAN_POINT('',(16.,-7.,0.));
#1088 = VECTOR('',#1089,1.);
#1089 = DIRECTION('',(1.,0.,0.));
#1090 = PCURVE('',#379,#1091);
#1091 = DEFINITIONAL_REPRESENTATION('',(#1092),#1096);
#1092 = LINE('',#1093,#1094);
#1093 = CARTESIAN_POINT('',(0.,0.));
#1094 = VECTOR('',#1095,1.);
#1095 = DIRECTION('',(1.,0.));
#1096 = ( GEOMETRIC_REPRESENTATION_CONTEXT(2) 
PARAMETRIC_REPRESENTATION_CONTEXT() REPRESENTATION_CONTEXT('2D SPACE',''
  ) );
#1097 = PCURVE('',#148,#1098);
#1098 = DEFINITIONAL_REPRESENTATION('',(#1099),#1103);
#1099 = LINE('',#1100,#1101);
#1100 = CARTESIAN_POINT('',(-16.,-7.));
#1101 = VECTOR('',#1102,1.);
#1102 = DIRECTION('',(-1.,0.));
#1103 = ( GEOMETRIC_REPRESENTATION_CONTEXT(2) 
PARAMETRIC_REPRESENTATION_CONTEXT() REPRESENTATION_CONTEXT('2D SPACE',''
  ) );
#1104 = ORIENTED_EDGE('',*,*,#1058,.T.);
#1105 = ORIENTED_EDGE('',*,*,#363,.T.);
#1106 = ORIENTED_EDGE('',*,*,#1107,.F.);
#1107 = EDGE_CURVE('',#1083,#364,#1108,.T.);
#1108 = SURFACE_CURVE('',#1109,(#1113,#1120),.PCURVE_S1.);
#1109 = LINE('',#1110,#1111);
#1110 = CARTESIAN_POINT('',(21.,-7.,0.));
#1111 = VECTOR('',#1112,1.);
#1112 = DIRECTION('',(0.,0.,1.));
#1113 = PCURVE('',#379,#1114);
#1114 = DEFINITIONAL_REPRESENTATION('',(#1115),#1119);
#1115 = LINE('',#1116,#1117);
#1116 = CARTESIAN_POINT('',(5.,0.));
#1117 = VECTOR('',#1118,1.);
#1118 = DIRECTION('',(0.,-1.));
#1119 = ( GEOMETRIC_REPRESENTATION_CONTEXT(2) 
PARAMETRIC_REPRESENTATION_CONTEXT() REPRESENTATION_CONTEXT('2D SPACE',''
  ) );
#1120 = PCURVE('',#412,#1121);
#1121 = DEFINITIONAL_REPRESENTATION('',(#1122),#1126);
#1122 = LINE('',#1123,#1124);
#1123 = CARTESIAN_POINT('',(0.,0.));
#1124 = VECTOR('',#1125,1.);
#1125 = DIRECTION('',(0.,1.));
#1126 = ( GEOMETRIC_REPRESENTATION_CONTEXT(2) 
PARAMETRIC_REPRESENTATION_CONTEXT() REPRESENTATION_CONTEXT('2D SPACE',''
  ) );
#1127 = ADVANCED_FACE('',(#1128),#412,.F.);
#1128 = FACE_BOUND('',#1129,.F.);
#1129 = EDGE_LOOP('',(#1130,#1131,#1159,#1178));
#1130 = ORIENTED_EDGE('',*,*,#1107,.F.);
#1131 = ORIENTED_EDGE('',*,*,#1132,.T.);
#1132 = EDGE_CURVE('',#1083,#1133,#1135,.T.);
#1133 = VERTEX_POINT('',#1134);
#1134 = CARTESIAN_POINT('',(21.10250235184,-6.997371589832,0.));
#1135 = SURFACE_CURVE('',#1136,(#1141,#1148),.PCURVE_S1.);
#1136 = CIRCLE('',#1137,2.);
#1137 = AXIS2_PLACEMENT_3D('',#1138,#1139,#1140);
#1138 = CARTESIAN_POINT('',(21.,-5.,0.));
#1139 = DIRECTION('',(0.,0.,1.));
#1140 = DIRECTION('',(0.,-1.,0.));
#1141 = PCURVE('',#412,#1142);
#1142 = DEFINITIONAL_REPRESENTATION('',(#1143),#1147);
#1143 = LINE('',#1144,#1145);
#1144 = CARTESIAN_POINT('',(0.,0.));
#1145 = VECTOR('',#1146,1.);
#1146 = DIRECTION('',(1.,0.));
#1147 = ( GEOMETRIC_REPRESENTATION_CONTEXT(2) 
PARAMETRIC_REPRESENTATION_CONTEXT() REPRESENTATION_CONTEXT('2D SPACE',''
  ) );
#1148 = PCURVE('',#148,#1149);
#1149 = DEFINITIONAL_REPRESENTATION('',(#1150),#1158);
#1150 = ( BOUNDED_CURVE() B_SPLINE_CURVE(2,(#1151,#1152,#1153,#1154,
#1155,#1156,#1157),.UNSPECIFIED.,.T.,.F.) B_SPLINE_CURVE_WITH_KNOTS((1,2
    ,2,2,2,1),(-2.094395102393,0.,2.094395102393,4.188790204786,
6.28318530718,8.377580409573),.UNSPECIFIED.) CURVE() 
GEOMETRIC_REPRESENTATION_ITEM() RATIONAL_B_SPLINE_CURVE((1.,0.5,1.,0.5,
1.,0.5,1.)) REPRESENTATION_ITEM('') );
#1151 = CARTESIAN_POINT('',(-21.,-7.));
#1152 = CARTESIAN_POINT('',(-24.46410161513,-7.));
#1153 = CARTESIAN_POINT('',(-22.73205080756,-4.));
#1154 = CARTESIAN_POINT('',(-21.,-1.));
#1155 = CARTESIAN_POINT('',(-19.26794919243,-4.));
#1156 = CARTESIAN_POINT('',(-17.53589838486,-7.));
#1157 = CARTESIAN_POINT('',(-21.,-7.));
#1158 = ( GEOMETRIC_REPRESENTATION_CONTEXT(2) 
PARAMETRIC_REPRESENTATION_CONTEXT() REPRESENTATION_CONTEXT('2D SPACE',''
  ) );
#1159 = ORIENTED_EDGE('',*,*,#1160,.F.);
#1160 = EDGE_CURVE('',#392,#1133,#1161,.T.);
#1161 = SURFACE_CURVE('',#1162,(#1166,#1172),.PCURVE_S1.);
#1162 = LINE('',#1163,#1164);
#1163 = CARTESIAN_POINT('',(21.10250235184,-6.997371589832,0.));
#1164 = VECTOR('',#1165,1.);
#1165 = DIRECTION('',(0.,0.,-1.));
#1166 = PCURVE('',#412,#1167);
#1167 = DEFINITIONAL_REPRESENTATION('',(#1168),#1171);
#1168 = B_SPLINE_CURVE_WITH_KNOTS('',1,(#1169,#1170),.UNSPECIFIED.,.F.,
  .F.,(2,2),(-1.0000006,6.E-07),.PIECEWISE_BEZIER_KNOTS.);
#1169 = CARTESIAN_POINT('',(5.127363924773E-02,1.0000006));
#1170 = CARTESIAN_POINT('',(5.127363924773E-02,-6.E-07));
#1171 = ( GEOMETRIC_REPRESENTATION_CONTEXT(2) 
PARAMETRIC_REPRESENTATION_CONTEXT() REPRESENTATION_CONTEXT('2D SPACE',''
  ) );
#1172 = PCURVE('',#441,#1173);
#1173 = DEFINITIONAL_REPRESENTATION('',(#1174),#1177);
#1174 = B_SPLINE_CURVE_WITH_KNOTS('',1,(#1175,#1176),.UNSPECIFIED.,.F.,
  .F.,(2,2),(-1.0000006,6.E-07),.PIECEWISE_BEZIER_KNOTS.);
#1175 = CARTESIAN_POINT('',(2.331451535062,-1.0000006));
#1176 = CARTESIAN_POINT('',(2.331451535062,6.E-07));
#1177 = ( GEOMETRIC_REPRESENTATION_CONTEXT(2) 
PARAMETRIC_REPRESENTATION_CONTEXT() REPRESENTATION_CONTEXT('2D SPACE',''
  ) );
#1178 = ORIENTED_EDGE('',*,*,#391,.F.);
#1179 = ADVANCED_FACE('',(#1180),#441,.T.);
#1180 = FACE_BOUND('',#1181,.T.);
#1181 = EDGE_LOOP('',(#1182,#1206,#1207,#1208));
#1182 = ORIENTED_EDGE('',*,*,#1183,.F.);
#1183 = EDGE_CURVE('',#1133,#1184,#1186,.T.);
#1184 = VERTEX_POINT('',#1185);
#1185 = CARTESIAN_POINT('',(13.75,-10.15,0.));
#1186 = SURFACE_CURVE('',#1187,(#1192,#1199),.PCURVE_S1.);
#1187 = CIRCLE('',#1188,10.15);
#1188 = AXIS2_PLACEMENT_3D('',#1189,#1190,#1191);
#1189 = CARTESIAN_POINT('',(13.75,0.,0.));
#1190 = DIRECTION('',(0.,0.,-1.));
#1191 = DIRECTION('',(0.,1.,0.));
#1192 = PCURVE('',#441,#1193);
#1193 = DEFINITIONAL_REPRESENTATION('',(#1194),#1198);
#1194 = LINE('',#1195,#1196);
#1195 = CARTESIAN_POINT('',(0.,0.));
#1196 = VECTOR('',#1197,1.);
#1197 = DIRECTION('',(1.,0.));
#1198 = ( GEOMETRIC_REPRESENTATION_CONTEXT(2) 
PARAMETRIC_REPRESENTATION_CONTEXT() REPRESENTATION_CONTEXT('2D SPACE',''
  ) );
#1199 = PCURVE('',#148,#1200);
#1200 = DEFINITIONAL_REPRESENTATION('',(#1201),#1205);
#1201 = CIRCLE('',#1202,10.15);
#1202 = AXIS2_PLACEMENT_2D('',#1203,#1204);
#1203 = CARTESIAN_POINT('',(-13.75,-1.839196037343E-16));
#1204 = DIRECTION('',(0.,1.));
#1205 = ( GEOMETRIC_REPRESENTATION_CONTEXT(2) 
PARAMETRIC_REPRESENTATION_CONTEXT() REPRESENTATION_CONTEXT('2D SPACE',''
  ) );
#1206 = ORIENTED_EDGE('',*,*,#1160,.F.);
#1207 = ORIENTED_EDGE('',*,*,#424,.T.);
#1208 = ORIENTED_EDGE('',*,*,#1209,.F.);
#1209 = EDGE_CURVE('',#1184,#425,#1210,.T.);
#1210 = SURFACE_CURVE('',#1211,(#1215,#1222),.PCURVE_S1.);
#1211 = LINE('',#1212,#1213);
#1212 = CARTESIAN_POINT('',(13.75,-10.15,0.));
#1213 = VECTOR('',#1214,1.);
#1214 = DIRECTION('',(0.,0.,1.));
#1215 = PCURVE('',#441,#1216);
#1216 = DEFINITIONAL_REPRESENTATION('',(#1217),#1221);
#1217 = LINE('',#1218,#1219);
#1218 = CARTESIAN_POINT('',(3.14159265359,0.));
#1219 = VECTOR('',#1220,1.);
#1220 = DIRECTION('',(0.,-1.));
#1221 = ( GEOMETRIC_REPRESENTATION_CONTEXT(2) 
PARAMETRIC_REPRESENTATION_CONTEXT() REPRESENTATION_CONTEXT('2D SPACE',''
  ) );
#1222 = PCURVE('',#467,#1223);
#1223 = DEFINITIONAL_REPRESENTATION('',(#1224),#1228);
#1224 = LINE('',#1225,#1226);
#1225 = CARTESIAN_POINT('',(-1.7763568394E-15,-0.));
#1226 = VECTOR('',#1227,1.);
#1227 = DIRECTION('',(0.,-1.));
#1228 = ( GEOMETRIC_REPRESENTATION_CONTEXT(2) 
PARAMETRIC_REPRESENTATION_CONTEXT() REPRESENTATION_CONTEXT('2D SPACE',''
  ) );
#1229 = ADVANCED_FACE('',(#1230),#467,.T.);
#1230 = FACE_BOUND('',#1231,.T.);
#1231 = EDGE_LOOP('',(#1232,#1233,#1234,#1257));
#1232 = ORIENTED_EDGE('',*,*,#1209,.T.);
#1233 = ORIENTED_EDGE('',*,*,#453,.T.);
#1234 = ORIENTED_EDGE('',*,*,#1235,.F.);
#1235 = EDGE_CURVE('',#1236,#164,#1238,.T.);
#1236 = VERTEX_POINT('',#1237);
#1237 = CARTESIAN_POINT('',(-13.75,-10.15,0.));
#1238 = SURFACE_CURVE('',#1239,(#1243,#1250),.PCURVE_S1.);
#1239 = LINE('',#1240,#1241);
#1240 = CARTESIAN_POINT('',(-13.75,-10.15,0.));
#1241 = VECTOR('',#1242,1.);
#1242 = DIRECTION('',(0.,0.,1.));
#1243 = PCURVE('',#467,#1244);
#1244 = DEFINITIONAL_REPRESENTATION('',(#1245),#1249);
#1245 = LINE('',#1246,#1247);
#1246 = CARTESIAN_POINT('',(27.5,0.));
#1247 = VECTOR('',#1248,1.);
#1248 = DIRECTION('',(0.,-1.));
#1249 = ( GEOMETRIC_REPRESENTATION_CONTEXT(2) 
PARAMETRIC_REPRESENTATION_CONTEXT() REPRESENTATION_CONTEXT('2D SPACE',''
  ) );
#1250 = PCURVE('',#66,#1251);
#1251 = DEFINITIONAL_REPRESENTATION('',(#1252),#1256);
#1252 = LINE('',#1253,#1254);
#1253 = CARTESIAN_POINT('',(0.,0.));
#1254 = VECTOR('',#1255,1.);
#1255 = DIRECTION('',(0.,-1.));
#1256 = ( GEOMETRIC_REPRESENTATION_CONTEXT(2) 
PARAMETRIC_REPRESENTATION_CONTEXT() REPRESENTATION_CONTEXT('2D SPACE',''
  ) );
#1257 = ORIENTED_EDGE('',*,*,#1258,.F.);
#1258 = EDGE_CURVE('',#1184,#1236,#1259,.T.);
#1259 = SURFACE_CURVE('',#1260,(#1264,#1271),.PCURVE_S1.);
#1260 = LINE('',#1261,#1262);
#1261 = CARTESIAN_POINT('',(13.75,-10.15,0.));
#1262 = VECTOR('',#1263,1.);
#1263 = DIRECTION('',(-1.,0.,0.));
#1264 = PCURVE('',#467,#1265);
#1265 = DEFINITIONAL_REPRESENTATION('',(#1266),#1270);
#1266 = LINE('',#1267,#1268);
#1267 = CARTESIAN_POINT('',(0.,-0.));
#1268 = VECTOR('',#1269,1.);
#1269 = DIRECTION('',(1.,0.));
#1270 = ( GEOMETRIC_REPRESENTATION_CONTEXT(2) 
PARAMETRIC_REPRESENTATION_CONTEXT() REPRESENTATION_CONTEXT('2D SPACE',''
  ) );
#1271 = PCURVE('',#148,#1272);
#1272 = DEFINITIONAL_REPRESENTATION('',(#1273),#1277);
#1273 = LINE('',#1274,#1275);
#1274 = CARTESIAN_POINT('',(-13.75,-10.15));
#1275 = VECTOR('',#1276,1.);
#1276 = DIRECTION('',(1.,0.));
#1277 = ( GEOMETRIC_REPRESENTATION_CONTEXT(2) 
PARAMETRIC_REPRESENTATION_CONTEXT() REPRESENTATION_CONTEXT('2D SPACE',''
  ) );
#1278 = ADVANCED_FACE('',(#1279,#1335,#1449,#1452,#1455,#1569,#1572,
    #1686,#1689),#148,.T.);
#1279 = FACE_BOUND('',#1280,.T.);
#1280 = EDGE_LOOP('',(#1281,#1303,#1304,#1326,#1327,#1328,#1329,#1330,
    #1331,#1332,#1333,#1334));
#1281 = ORIENTED_EDGE('',*,*,#1282,.T.);
#1282 = EDGE_CURVE('',#1236,#44,#1283,.T.);
#1283 = SURFACE_CURVE('',#1284,(#1289,#1296),.PCURVE_S1.);
#1284 = CIRCLE('',#1285,10.15);
#1285 = AXIS2_PLACEMENT_3D('',#1286,#1287,#1288);
#1286 = CARTESIAN_POINT('',(-13.75,0.,0.));
#1287 = DIRECTION('',(0.,-0.,-1.));
#1288 = DIRECTION('',(0.,-1.,0.));
#1289 = PCURVE('',#148,#1290);
#1290 = DEFINITIONAL_REPRESENTATION('',(#1291),#1295);
#1291 = CIRCLE('',#1292,10.15);
#1292 = AXIS2_PLACEMENT_2D('',#1293,#1294);
#1293 = CARTESIAN_POINT('',(13.75,-1.839196037343E-16));
#1294 = DIRECTION('',(0.,-1.));
#1295 = ( GEOMETRIC_REPRESENTATION_CONTEXT(2) 
PARAMETRIC_REPRESENTATION_CONTEXT() REPRESENTATION_CONTEXT('2D SPACE',''
  ) );
#1296 = PCURVE('',#66,#1297);
#1297 = DEFINITIONAL_REPRESENTATION('',(#1298),#1302);
#1298 = LINE('',#1299,#1300);
#1299 = CARTESIAN_POINT('',(0.,0.));
#1300 = VECTOR('',#1301,1.);
#1301 = DIRECTION('',(1.,0.));
#1302 = ( GEOMETRIC_REPRESENTATION_CONTEXT(2) 
PARAMETRIC_REPRESENTATION_CONTEXT() REPRESENTATION_CONTEXT('2D SPACE',''
  ) );
#1303 = ORIENTED_EDGE('',*,*,#134,.T.);
#1304 = ORIENTED_EDGE('',*,*,#1305,.T.);
#1305 = EDGE_CURVE('',#107,#807,#1306,.T.);
#1306 = SURFACE_CURVE('',#1307,(#1312,#1319),.PCURVE_S1.);
#1307 = CIRCLE('',#1308,10.15);
#1308 = AXIS2_PLACEMENT_3D('',#1309,#1310,#1311);
#1309 = CARTESIAN_POINT('',(13.75,0.,0.));
#1310 = DIRECTION('',(0.,0.,-1.));
#1311 = DIRECTION('',(0.,1.,0.));
#1312 = PCURVE('',#148,#1313);
#1313 = DEFINITIONAL_REPRESENTATION('',(#1314),#1318);
#1314 = CIRCLE('',#1315,10.15);
#1315 = AXIS2_PLACEMENT_2D('',#1316,#1317);
#1316 = CARTESIAN_POINT('',(-13.75,-1.839196037343E-16));
#1317 = DIRECTION('',(0.,1.));
#1318 = ( GEOMETRIC_REPRESENTATION_CONTEXT(2) 
PARAMETRIC_REPRESENTATION_CONTEXT() REPRESENTATION_CONTEXT('2D SPACE',''
  ) );
#1319 = PCURVE('',#122,#1320);
#1320 = DEFINITIONAL_REPRESENTATION('',(#1321),#1325);
#1321 = LINE('',#1322,#1323);
#1322 = CARTESIAN_POINT('',(0.,0.));
#1323 = VECTOR('',#1324,1.);
#1324 = DIRECTION('',(1.,0.));
#1325 = ( GEOMETRIC_REPRESENTATION_CONTEXT(2) 
PARAMETRIC_REPRESENTATION_CONTEXT() REPRESENTATION_CONTEXT('2D SPACE',''
  ) );
#1326 = ORIENTED_EDGE('',*,*,#827,.T.);
#1327 = ORIENTED_EDGE('',*,*,#880,.T.);
#1328 = ORIENTED_EDGE('',*,*,#929,.T.);
#1329 = ORIENTED_EDGE('',*,*,#983,.T.);
#1330 = ORIENTED_EDGE('',*,*,#1032,.F.);
#1331 = ORIENTED_EDGE('',*,*,#1082,.T.);
#1332 = ORIENTED_EDGE('',*,*,#1132,.T.);
#1333 = ORIENTED_EDGE('',*,*,#1183,.T.);
#1334 = ORIENTED_EDGE('',*,*,#1258,.T.);
#1335 = FACE_BOUND('',#1336,.T.);
#1336 = EDGE_LOOP('',(#1337,#1367,#1395,#1423));
#1337 = ORIENTED_EDGE('',*,*,#1338,.F.);
#1338 = EDGE_CURVE('',#1339,#1341,#1343,.T.);
#1339 = VERTEX_POINT('',#1340);
#1340 = CARTESIAN_POINT('',(7.75,-8.9,0.));
#1341 = VERTEX_POINT('',#1342);
#1342 = CARTESIAN_POINT('',(10.75,-8.9,0.));
#1343 = SURFACE_CURVE('',#1344,(#1348,#1355),.PCURVE_S1.);
#1344 = LINE('',#1345,#1346);
#1345 = CARTESIAN_POINT('',(7.75,-8.9,0.));
#1346 = VECTOR('',#1347,1.);
#1347 = DIRECTION('',(1.,0.,0.));
#1348 = PCURVE('',#148,#1349);
#1349 = DEFINITIONAL_REPRESENTATION('',(#1350),#1354);
#1350 = LINE('',#1351,#1352);
#1351 = CARTESIAN_POINT('',(-7.75,-8.9));
#1352 = VECTOR('',#1353,1.);
#1353 = DIRECTION('',(-1.,0.));
#1354 = ( GEOMETRIC_REPRESENTATION_CONTEXT(2) 
PARAMETRIC_REPRESENTATION_CONTEXT() REPRESENTATION_CONTEXT('2D SPACE',''
  ) );
#1355 = PCURVE('',#1356,#1361);
#1356 = PLANE('',#1357);
#1357 = AXIS2_PLACEMENT_3D('',#1358,#1359,#1360);
#1358 = CARTESIAN_POINT('',(7.75,-8.9,-1.));
#1359 = DIRECTION('',(0.,1.,0.));
#1360 = DIRECTION('',(0.,0.,1.));
#1361 = DEFINITIONAL_REPRESENTATION('',(#1362),#1366);
#1362 = LINE('',#1363,#1364);
#1363 = CARTESIAN_POINT('',(1.,0.));
#1364 = VECTOR('',#1365,1.);
#1365 = DIRECTION('',(0.,1.));
#1366 = ( GEOMETRIC_REPRESENTATION_CONTEXT(2) 
PARAMETRIC_REPRESENTATION_CONTEXT() REPRESENTATION_CONTEXT('2D SPACE',''
  ) );
#1367 = ORIENTED_EDGE('',*,*,#1368,.F.);
#1368 = EDGE_CURVE('',#1369,#1339,#1371,.T.);
#1369 = VERTEX_POINT('',#1370);
#1370 = CARTESIAN_POINT('',(7.75,-9.5,0.));
#1371 = SURFACE_CURVE('',#1372,(#1376,#1383),.PCURVE_S1.);
#1372 = LINE('',#1373,#1374);
#1373 = CARTESIAN_POINT('',(7.75,-9.5,0.));
#1374 = VECTOR('',#1375,1.);
#1375 = DIRECTION('',(0.,1.,0.));
#1376 = PCURVE('',#148,#1377);
#1377 = DEFINITIONAL_REPRESENTATION('',(#1378),#1382);
#1378 = LINE('',#1379,#1380);
#1379 = CARTESIAN_POINT('',(-7.75,-9.5));
#1380 = VECTOR('',#1381,1.);
#1381 = DIRECTION('',(0.,1.));
#1382 = ( GEOMETRIC_REPRESENTATION_CONTEXT(2) 
PARAMETRIC_REPRESENTATION_CONTEXT() REPRESENTATION_CONTEXT('2D SPACE',''
  ) );
#1383 = PCURVE('',#1384,#1389);
#1384 = PLANE('',#1385);
#1385 = AXIS2_PLACEMENT_3D('',#1386,#1387,#1388);
#1386 = CARTESIAN_POINT('',(7.75,-9.5,-1.));
#1387 = DIRECTION('',(1.,0.,0.));
#1388 = DIRECTION('',(0.,0.,1.));
#1389 = DEFINITIONAL_REPRESENTATION('',(#1390),#1394);
#1390 = LINE('',#1391,#1392);
#1391 = CARTESIAN_POINT('',(1.,0.));
#1392 = VECTOR('',#1393,1.);
#1393 = DIRECTION('',(0.,-1.));
#1394 = ( GEOMETRIC_REPRESENTATION_CONTEXT(2) 
PARAMETRIC_REPRESENTATION_CONTEXT() REPRESENTATION_CONTEXT('2D SPACE',''
  ) );
#1395 = ORIENTED_EDGE('',*,*,#1396,.T.);
#1396 = EDGE_CURVE('',#1369,#1397,#1399,.T.);
#1397 = VERTEX_POINT('',#1398);
#1398 = CARTESIAN_POINT('',(10.75,-9.5,0.));
#1399 = SURFACE_CURVE('',#1400,(#1404,#1411),.PCURVE_S1.);
#1400 = LINE('',#1401,#1402);
#1401 = CARTESIAN_POINT('',(7.75,-9.5,0.));
#1402 = VECTOR('',#1403,1.);
#1403 = DIRECTION('',(1.,0.,0.));
#1404 = PCURVE('',#148,#1405);
#1405 = DEFINITIONAL_REPRESENTATION('',(#1406),#1410);
#1406 = LINE('',#1407,#1408);
#1407 = CARTESIAN_POINT('',(-7.75,-9.5));
#1408 = VECTOR('',#1409,1.);
#1409 = DIRECTION('',(-1.,0.));
#1410 = ( GEOMETRIC_REPRESENTATION_CONTEXT(2) 
PARAMETRIC_REPRESENTATION_CONTEXT() REPRESENTATION_CONTEXT('2D SPACE',''
  ) );
#1411 = PCURVE('',#1412,#1417);
#1412 = PLANE('',#1413);
#1413 = AXIS2_PLACEMENT_3D('',#1414,#1415,#1416);
#1414 = CARTESIAN_POINT('',(7.75,-9.5,-1.));
#1415 = DIRECTION('',(0.,1.,0.));
#1416 = DIRECTION('',(0.,0.,1.));
#1417 = DEFINITIONAL_REPRESENTATION('',(#1418),#1422);
#1418 = LINE('',#1419,#1420);
#1419 = CARTESIAN_POINT('',(1.,0.));
#1420 = VECTOR('',#1421,1.);
#1421 = DIRECTION('',(0.,1.));
#1422 = ( GEOMETRIC_REPRESENTATION_CONTEXT(2) 
PARAMETRIC_REPRESENTATION_CONTEXT() REPRESENTATION_CONTEXT('2D SPACE',''
  ) );
#1423 = ORIENTED_EDGE('',*,*,#1424,.T.);
#1424 = EDGE_CURVE('',#1397,#1341,#1425,.T.);
#1425 = SURFACE_CURVE('',#1426,(#1430,#1437),.PCURVE_S1.);
#1426 = LINE('',#1427,#1428);
#1427 = CARTESIAN_POINT('',(10.75,-9.5,0.));
#1428 = VECTOR('',#1429,1.);
#1429 = DIRECTION('',(0.,1.,0.));
#1430 = PCURVE('',#148,#1431);
#1431 = DEFINITIONAL_REPRESENTATION('',(#1432),#1436);
#1432 = LINE('',#1433,#1434);
#1433 = CARTESIAN_POINT('',(-10.75,-9.5));
#1434 = VECTOR('',#1435,1.);
#1435 = DIRECTION('',(0.,1.));
#1436 = ( GEOMETRIC_REPRESENTATION_CONTEXT(2) 
PARAMETRIC_REPRESENTATION_CONTEXT() REPRESENTATION_CONTEXT('2D SPACE',''
  ) );
#1437 = PCURVE('',#1438,#1443);
#1438 = PLANE('',#1439);
#1439 = AXIS2_PLACEMENT_3D('',#1440,#1441,#1442);
#1440 = CARTESIAN_POINT('',(10.75,-9.5,-1.));
#1441 = DIRECTION('',(1.,0.,0.));
#1442 = DIRECTION('',(0.,0.,1.));
#1443 = DEFINITIONAL_REPRESENTATION('',(#1444),#1448);
#1444 = LINE('',#1445,#1446);
#1445 = CARTESIAN_POINT('',(1.,0.));
#1446 = VECTOR('',#1447,1.);
#1447 = DIRECTION('',(0.,-1.));
#1448 = ( GEOMETRIC_REPRESENTATION_CONTEXT(2) 
PARAMETRIC_REPRESENTATION_CONTEXT() REPRESENTATION_CONTEXT('2D SPACE',''
  ) );
#1449 = FACE_BOUND('',#1450,.T.);
#1450 = EDGE_LOOP('',(#1451));
#1451 = ORIENTED_EDGE('',*,*,#756,.F.);
#1452 = FACE_BOUND('',#1453,.T.);
#1453 = EDGE_LOOP('',(#1454));
#1454 = ORIENTED_EDGE('',*,*,#706,.F.);
#1455 = FACE_BOUND('',#1456,.T.);
#1456 = EDGE_LOOP('',(#1457,#1487,#1515,#1543));
#1457 = ORIENTED_EDGE('',*,*,#1458,.F.);
#1458 = EDGE_CURVE('',#1459,#1461,#1463,.T.);
#1459 = VERTEX_POINT('',#1460);
#1460 = CARTESIAN_POINT('',(-12.25,-8.9,0.));
#1461 = VERTEX_POINT('',#1462);
#1462 = CARTESIAN_POINT('',(-9.25,-8.9,0.));
#1463 = SURFACE_CURVE('',#1464,(#1468,#1475),.PCURVE_S1.);
#1464 = LINE('',#1465,#1466);
#1465 = CARTESIAN_POINT('',(-12.25,-8.9,0.));
#1466 = VECTOR('',#1467,1.);
#1467 = DIRECTION('',(1.,0.,0.));
#1468 = PCURVE('',#148,#1469);
#1469 = DEFINITIONAL_REPRESENTATION('',(#1470),#1474);
#1470 = LINE('',#1471,#1472);
#1471 = CARTESIAN_POINT('',(12.25,-8.9));
#1472 = VECTOR('',#1473,1.);
#1473 = DIRECTION('',(-1.,0.));
#1474 = ( GEOMETRIC_REPRESENTATION_CONTEXT(2) 
PARAMETRIC_REPRESENTATION_CONTEXT() REPRESENTATION_CONTEXT('2D SPACE',''
  ) );
#1475 = PCURVE('',#1476,#1481);
#1476 = PLANE('',#1477);
#1477 = AXIS2_PLACEMENT_3D('',#1478,#1479,#1480);
#1478 = CARTESIAN_POINT('',(-12.25,-8.9,-1.));
#1479 = DIRECTION('',(0.,1.,0.));
#1480 = DIRECTION('',(0.,0.,1.));
#1481 = DEFINITIONAL_REPRESENTATION('',(#1482),#1486);
#1482 = LINE('',#1483,#1484);
#1483 = CARTESIAN_POINT('',(1.,0.));
#1484 = VECTOR('',#1485,1.);
#1485 = DIRECTION('',(0.,1.));
#1486 = ( GEOMETRIC_REPRESENTATION_CONTEXT(2) 
PARAMETRIC_REPRESENTATION_CONTEXT() REPRESENTATION_CONTEXT('2D SPACE',''
  ) );
#1487 = ORIENTED_EDGE('',*,*,#1488,.F.);
#1488 = EDGE_CURVE('',#1489,#1459,#1491,.T.);
#1489 = VERTEX_POINT('',#1490);
#1490 = CARTESIAN_POINT('',(-12.25,-9.5,0.));
#1491 = SURFACE_CURVE('',#1492,(#1496,#1503),.PCURVE_S1.);
#1492 = LINE('',#1493,#1494);
#1493 = CARTESIAN_POINT('',(-12.25,-9.5,0.));
#1494 = VECTOR('',#1495,1.);
#1495 = DIRECTION('',(0.,1.,0.));
#1496 = PCURVE('',#148,#1497);
#1497 = DEFINITIONAL_REPRESENTATION('',(#1498),#1502);
#1498 = LINE('',#1499,#1500);
#1499 = CARTESIAN_POINT('',(12.25,-9.5));
#1500 = VECTOR('',#1501,1.);
#1501 = DIRECTION('',(0.,1.));
#1502 = ( GEOMETRIC_REPRESENTATION_CONTEXT(2) 
PARAMETRIC_REPRESENTATION_CONTEXT() REPRESENTATION_CONTEXT('2D SPACE',''
  ) );
#1503 = PCURVE('',#1504,#1509);
#1504 = PLANE('',#1505);
#1505 = AXIS2_PLACEMENT_3D('',#1506,#1507,#1508);
#1506 = CARTESIAN_POINT('',(-12.25,-9.5,-1.));
#1507 = DIRECTION('',(1.,0.,0.));
#1508 = DIRECTION('',(0.,0.,1.));
#1509 = DEFINITIONAL_REPRESENTATION('',(#1510),#1514);
#1510 = LINE('',#1511,#1512);
#1511 = CARTESIAN_POINT('',(1.,0.));
#1512 = VECTOR('',#1513,1.);
#1513 = DIRECTION('',(0.,-1.));
#1514 = ( GEOMETRIC_REPRESENTATION_CONTEXT(2) 
PARAMETRIC_REPRESENTATION_CONTEXT() REPRESENTATION_CONTEXT('2D SPACE',''
  ) );
#1515 = ORIENTED_EDGE('',*,*,#1516,.T.);
#1516 = EDGE_CURVE('',#1489,#1517,#1519,.T.);
#1517 = VERTEX_POINT('',#1518);
#1518 = CARTESIAN_POINT('',(-9.25,-9.5,0.));
#1519 = SURFACE_CURVE('',#1520,(#1524,#1531),.PCURVE_S1.);
#1520 = LINE('',#1521,#1522);
#1521 = CARTESIAN_POINT('',(-12.25,-9.5,0.));
#1522 = VECTOR('',#1523,1.);
#1523 = DIRECTION('',(1.,0.,0.));
#1524 = PCURVE('',#148,#1525);
#1525 = DEFINITIONAL_REPRESENTATION('',(#1526),#1530);
#1526 = LINE('',#1527,#1528);
#1527 = CARTESIAN_POINT('',(12.25,-9.5));
#1528 = VECTOR('',#1529,1.);
#1529 = DIRECTION('',(-1.,0.));
#1530 = ( GEOMETRIC_REPRESENTATION_CONTEXT(2) 
PARAMETRIC_REPRESENTATION_CONTEXT() REPRESENTATION_CONTEXT('2D SPACE',''
  ) );
#1531 = PCURVE('',#1532,#1537);
#1532 = PLANE('',#1533);
#1533 = AXIS2_PLACEMENT_3D('',#1534,#1535,#1536);
#1534 = CARTESIAN_POINT('',(-12.25,-9.5,-1.));
#1535 = DIRECTION('',(0.,1.,0.));
#1536 = DIRECTION('',(0.,0.,1.));
#1537 = DEFINITIONAL_REPRESENTATION('',(#1538),#1542);
#1538 = LINE('',#1539,#1540);
#1539 = CARTESIAN_POINT('',(1.,0.));
#1540 = VECTOR('',#1541,1.);
#1541 = DIRECTION('',(0.,1.));
#1542 = ( GEOMETRIC_REPRESENTATION_CONTEXT(2) 
PARAMETRIC_REPRESENTATION_CONTEXT() REPRESENTATION_CONTEXT('2D SPACE',''
  ) );
#1543 = ORIENTED_EDGE('',*,*,#1544,.T.);
#1544 = EDGE_CURVE('',#1517,#1461,#1545,.T.);
#1545 = SURFACE_CURVE('',#1546,(#1550,#1557),.PCURVE_S1.);
#1546 = LINE('',#1547,#1548);
#1547 = CARTESIAN_POINT('',(-9.25,-9.5,0.));
#1548 = VECTOR('',#1549,1.);
#1549 = DIRECTION('',(0.,1.,0.));
#1550 = PCURVE('',#148,#1551);
#1551 = DEFINITIONAL_REPRESENTATION('',(#1552),#1556);
#1552 = LINE('',#1553,#1554);
#1553 = CARTESIAN_POINT('',(9.25,-9.5));
#1554 = VECTOR('',#1555,1.);
#1555 = DIRECTION('',(0.,1.));
#1556 = ( GEOMETRIC_REPRESENTATION_CONTEXT(2) 
PARAMETRIC_REPRESENTATION_CONTEXT() REPRESENTATION_CONTEXT('2D SPACE',''
  ) );
#1557 = PCURVE('',#1558,#1563);
#1558 = PLANE('',#1559);
#1559 = AXIS2_PLACEMENT_3D('',#1560,#1561,#1562);
#1560 = CARTESIAN_POINT('',(-9.25,-9.5,-1.));
#1561 = DIRECTION('',(1.,0.,0.));
#1562 = DIRECTION('',(0.,0.,1.));
#1563 = DEFINITIONAL_REPRESENTATION('',(#1564),#1568);
#1564 = LINE('',#1565,#1566);
#1565 = CARTESIAN_POINT('',(1.,0.));
#1566 = VECTOR('',#1567,1.);
#1567 = DIRECTION('',(0.,-1.));
#1568 = ( GEOMETRIC_REPRESENTATION_CONTEXT(2) 
PARAMETRIC_REPRESENTATION_CONTEXT() REPRESENTATION_CONTEXT('2D SPACE',''
  ) );
#1569 = FACE_BOUND('',#1570,.T.);
#1570 = EDGE_LOOP('',(#1571));
#1571 = ORIENTED_EDGE('',*,*,#656,.F.);
#1572 = FACE_BOUND('',#1573,.T.);
#1573 = EDGE_LOOP('',(#1574,#1604,#1632,#1660));
#1574 = ORIENTED_EDGE('',*,*,#1575,.F.);
#1575 = EDGE_CURVE('',#1576,#1578,#1580,.T.);
#1576 = VERTEX_POINT('',#1577);
#1577 = CARTESIAN_POINT('',(7.75,9.5,0.));
#1578 = VERTEX_POINT('',#1579);
#1579 = CARTESIAN_POINT('',(10.75,9.5,0.));
#1580 = SURFACE_CURVE('',#1581,(#1585,#1592),.PCURVE_S1.);
#1581 = LINE('',#1582,#1583);
#1582 = CARTESIAN_POINT('',(7.75,9.5,0.));
#1583 = VECTOR('',#1584,1.);
#1584 = DIRECTION('',(1.,0.,0.));
#1585 = PCURVE('',#148,#1586);
#1586 = DEFINITIONAL_REPRESENTATION('',(#1587),#1591);
#1587 = LINE('',#1588,#1589);
#1588 = CARTESIAN_POINT('',(-7.75,9.5));
#1589 = VECTOR('',#1590,1.);
#1590 = DIRECTION('',(-1.,0.));
#1591 = ( GEOMETRIC_REPRESENTATION_CONTEXT(2) 
PARAMETRIC_REPRESENTATION_CONTEXT() REPRESENTATION_CONTEXT('2D SPACE',''
  ) );
#1592 = PCURVE('',#1593,#1598);
#1593 = PLANE('',#1594);
#1594 = AXIS2_PLACEMENT_3D('',#1595,#1596,#1597);
#1595 = CARTESIAN_POINT('',(7.75,9.5,-1.));
#1596 = DIRECTION('',(0.,1.,0.));
#1597 = DIRECTION('',(0.,0.,1.));
#1598 = DEFINITIONAL_REPRESENTATION('',(#1599),#1603);
#1599 = LINE('',#1600,#1601);
#1600 = CARTESIAN_POINT('',(1.,0.));
#1601 = VECTOR('',#1602,1.);
#1602 = DIRECTION('',(0.,1.));
#1603 = ( GEOMETRIC_REPRESENTATION_CONTEXT(2) 
PARAMETRIC_REPRESENTATION_CONTEXT() REPRESENTATION_CONTEXT('2D SPACE',''
  ) );
#1604 = ORIENTED_EDGE('',*,*,#1605,.F.);
#1605 = EDGE_CURVE('',#1606,#1576,#1608,.T.);
#1606 = VERTEX_POINT('',#1607);
#1607 = CARTESIAN_POINT('',(7.75,8.9,0.));
#1608 = SURFACE_CURVE('',#1609,(#1613,#1620),.PCURVE_S1.);
#1609 = LINE('',#1610,#1611);
#1610 = CARTESIAN_POINT('',(7.75,8.9,0.));
#1611 = VECTOR('',#1612,1.);
#1612 = DIRECTION('',(0.,1.,0.));
#1613 = PCURVE('',#148,#1614);
#1614 = DEFINITIONAL_REPRESENTATION('',(#1615),#1619);
#1615 = LINE('',#1616,#1617);
#1616 = CARTESIAN_POINT('',(-7.75,8.9));
#1617 = VECTOR('',#1618,1.);
#1618 = DIRECTION('',(0.,1.));
#1619 = ( GEOMETRIC_REPRESENTATION_CONTEXT(2) 
PARAMETRIC_REPRESENTATION_CONTEXT() REPRESENTATION_CONTEXT('2D SPACE',''
  ) );
#1620 = PCURVE('',#1621,#1626);
#1621 = PLANE('',#1622);
#1622 = AXIS2_PLACEMENT_3D('',#1623,#1624,#1625);
#1623 = CARTESIAN_POINT('',(7.75,8.9,-1.));
#1624 = DIRECTION('',(1.,0.,0.));
#1625 = DIRECTION('',(0.,0.,1.));
#1626 = DEFINITIONAL_REPRESENTATION('',(#1627),#1631);
#1627 = LINE('',#1628,#1629);
#1628 = CARTESIAN_POINT('',(1.,0.));
#1629 = VECTOR('',#1630,1.);
#1630 = DIRECTION('',(0.,-1.));
#1631 = ( GEOMETRIC_REPRESENTATION_CONTEXT(2) 
PARAMETRIC_REPRESENTATION_CONTEXT() REPRESENTATION_CONTEXT('2D SPACE',''
  ) );
#1632 = ORIENTED_EDGE('',*,*,#1633,.T.);
#1633 = EDGE_CURVE('',#1606,#1634,#1636,.T.);
#1634 = VERTEX_POINT('',#1635);
#1635 = CARTESIAN_POINT('',(10.75,8.9,0.));
#1636 = SURFACE_CURVE('',#1637,(#1641,#1648),.PCURVE_S1.);
#1637 = LINE('',#1638,#1639);
#1638 = CARTESIAN_POINT('',(7.75,8.9,0.));
#1639 = VECTOR('',#1640,1.);
#1640 = DIRECTION('',(1.,0.,0.));
#1641 = PCURVE('',#148,#1642);
#1642 = DEFINITIONAL_REPRESENTATION('',(#1643),#1647);
#1643 = LINE('',#1644,#1645);
#1644 = CARTESIAN_POINT('',(-7.75,8.9));
#1645 = VECTOR('',#1646,1.);
#1646 = DIRECTION('',(-1.,0.));
#1647 = ( GEOMETRIC_REPRESENTATION_CONTEXT(2) 
PARAMETRIC_REPRESENTATION_CONTEXT() REPRESENTATION_CONTEXT('2D SPACE',''
  ) );
#1648 = PCURVE('',#1649,#1654);
#1649 = PLANE('',#1650);
#1650 = AXIS2_PLACEMENT_3D('',#1651,#1652,#1653);
#1651 = CARTESIAN_POINT('',(7.75,8.9,-1.));
#1652 = DIRECTION('',(0.,1.,0.));
#1653 = DIRECTION('',(0.,0.,1.));
#1654 = DEFINITIONAL_REPRESENTATION('',(#1655),#1659);
#1655 = LINE('',#1656,#1657);
#1656 = CARTESIAN_POINT('',(1.,0.));
#1657 = VECTOR('',#1658,1.);
#1658 = DIRECTION('',(0.,1.));
#1659 = ( GEOMETRIC_REPRESENTATION_CONTEXT(2) 
PARAMETRIC_REPRESENTATION_CONTEXT() REPRESENTATION_CONTEXT('2D SPACE',''
  ) );
#1660 = ORIENTED_EDGE('',*,*,#1661,.T.);
#1661 = EDGE_CURVE('',#1634,#1578,#1662,.T.);
#1662 = SURFACE_CURVE('',#1663,(#1667,#1674),.PCURVE_S1.);
#1663 = LINE('',#1664,#1665);
#1664 = CARTESIAN_POINT('',(10.75,8.9,0.));
#1665 = VECTOR('',#1666,1.);
#1666 = DIRECTION('',(0.,1.,0.));
#1667 = PCURVE('',#148,#1668);
#1668 = DEFINITIONAL_REPRESENTATION('',(#1669),#1673);
#1669 = LINE('',#1670,#1671);
#1670 = CARTESIAN_POINT('',(-10.75,8.9));
#1671 = VECTOR('',#1672,1.);
#1672 = DIRECTION('',(0.,1.));
#1673 = ( GEOMETRIC_REPRESENTATION_CONTEXT(2) 
PARAMETRIC_REPRESENTATION_CONTEXT() REPRESENTATION_CONTEXT('2D SPACE',''
  ) );
#1674 = PCURVE('',#1675,#1680);
#1675 = PLANE('',#1676);
#1676 = AXIS2_PLACEMENT_3D('',#1677,#1678,#1679);
#1677 = CARTESIAN_POINT('',(10.75,8.9,-1.));
#1678 = DIRECTION('',(1.,0.,0.));
#1679 = DIRECTION('',(0.,0.,1.));
#1680 = DEFINITIONAL_REPRESENTATION('',(#1681),#1685);
#1681 = LINE('',#1682,#1683);
#1682 = CARTESIAN_POINT('',(1.,0.));
#1683 = VECTOR('',#1684,1.);
#1684 = DIRECTION('',(0.,-1.));
#1685 = ( GEOMETRIC_REPRESENTATION_CONTEXT(2) 
PARAMETRIC_REPRESENTATION_CONTEXT() REPRESENTATION_CONTEXT('2D SPACE',''
  ) );
#1686 = FACE_BOUND('',#1687,.T.);
#1687 = EDGE_LOOP('',(#1688));
#1688 = ORIENTED_EDGE('',*,*,#606,.F.);
#1689 = FACE_BOUND('',#1690,.T.);
#1690 = EDGE_LOOP('',(#1691,#1721,#1749,#1777));
#1691 = ORIENTED_EDGE('',*,*,#1692,.F.);
#1692 = EDGE_CURVE('',#1693,#1695,#1697,.T.);
#1693 = VERTEX_POINT('',#1694);
#1694 = CARTESIAN_POINT('',(-12.25,9.5,0.));
#1695 = VERTEX_POINT('',#1696);
#1696 = CARTESIAN_POINT('',(-9.25,9.5,0.));
#1697 = SURFACE_CURVE('',#1698,(#1702,#1709),.PCURVE_S1.);
#1698 = LINE('',#1699,#1700);
#1699 = CARTESIAN_POINT('',(-12.25,9.5,0.));
#1700 = VECTOR('',#1701,1.);
#1701 = DIRECTION('',(1.,0.,0.));
#1702 = PCURVE('',#148,#1703);
#1703 = DEFINITIONAL_REPRESENTATION('',(#1704),#1708);
#1704 = LINE('',#1705,#1706);
#1705 = CARTESIAN_POINT('',(12.25,9.5));
#1706 = VECTOR('',#1707,1.);
#1707 = DIRECTION('',(-1.,0.));
#1708 = ( GEOMETRIC_REPRESENTATION_CONTEXT(2) 
PARAMETRIC_REPRESENTATION_CONTEXT() REPRESENTATION_CONTEXT('2D SPACE',''
  ) );
#1709 = PCURVE('',#1710,#1715);
#1710 = PLANE('',#1711);
#1711 = AXIS2_PLACEMENT_3D('',#1712,#1713,#1714);
#1712 = CARTESIAN_POINT('',(-12.25,9.5,-1.));
#1713 = DIRECTION('',(0.,1.,0.));
#1714 = DIRECTION('',(0.,0.,1.));
#1715 = DEFINITIONAL_REPRESENTATION('',(#1716),#1720);
#1716 = LINE('',#1717,#1718);
#1717 = CARTESIAN_POINT('',(1.,0.));
#1718 = VECTOR('',#1719,1.);
#1719 = DIRECTION('',(0.,1.));
#1720 = ( GEOMETRIC_REPRESENTATION_CONTEXT(2) 
PARAMETRIC_REPRESENTATION_CONTEXT() REPRESENTATION_CONTEXT('2D SPACE',''
  ) );
#1721 = ORIENTED_EDGE('',*,*,#1722,.F.);
#1722 = EDGE_CURVE('',#1723,#1693,#1725,.T.);
#1723 = VERTEX_POINT('',#1724);
#1724 = CARTESIAN_POINT('',(-12.25,8.9,0.));
#1725 = SURFACE_CURVE('',#1726,(#1730,#1737),.PCURVE_S1.);
#1726 = LINE('',#1727,#1728);
#1727 = CARTESIAN_POINT('',(-12.25,8.9,0.));
#1728 = VECTOR('',#1729,1.);
#1729 = DIRECTION('',(0.,1.,0.));
#1730 = PCURVE('',#148,#1731);
#1731 = DEFINITIONAL_REPRESENTATION('',(#1732),#1736);
#1732 = LINE('',#1733,#1734);
#1733 = CARTESIAN_POINT('',(12.25,8.9));
#1734 = VECTOR('',#1735,1.);
#1735 = DIRECTION('',(0.,1.));
#1736 = ( GEOMETRIC_REPRESENTATION_CONTEXT(2) 
PARAMETRIC_REPRESENTATION_CONTEXT() REPRESENTATION_CONTEXT('2D SPACE',''
  ) );
#1737 = PCURVE('',#1738,#1743);
#1738 = PLANE('',#1739);
#1739 = AXIS2_PLACEMENT_3D('',#1740,#1741,#1742);
#1740 = CARTESIAN_POINT('',(-12.25,8.9,-1.));
#1741 = DIRECTION('',(1.,0.,0.));
#1742 = DIRECTION('',(0.,0.,1.));
#1743 = DEFINITIONAL_REPRESENTATION('',(#1744),#1748);
#1744 = LINE('',#1745,#1746);
#1745 = CARTESIAN_POINT('',(1.,0.));
#1746 = VECTOR('',#1747,1.);
#1747 = DIRECTION('',(0.,-1.));
#1748 = ( GEOMETRIC_REPRESENTATION_CONTEXT(2) 
PARAMETRIC_REPRESENTATION_CONTEXT() REPRESENTATION_CONTEXT('2D SPACE',''
  ) );
#1749 = ORIENTED_EDGE('',*,*,#1750,.T.);
#1750 = EDGE_CURVE('',#1723,#1751,#1753,.T.);
#1751 = VERTEX_POINT('',#1752);
#1752 = CARTESIAN_POINT('',(-9.25,8.9,0.));
#1753 = SURFACE_CURVE('',#1754,(#1758,#1765),.PCURVE_S1.);
#1754 = LINE('',#1755,#1756);
#1755 = CARTESIAN_POINT('',(-12.25,8.9,0.));
#1756 = VECTOR('',#1757,1.);
#1757 = DIRECTION('',(1.,0.,0.));
#1758 = PCURVE('',#148,#1759);
#1759 = DEFINITIONAL_REPRESENTATION('',(#1760),#1764);
#1760 = LINE('',#1761,#1762);
#1761 = CARTESIAN_POINT('',(12.25,8.9));
#1762 = VECTOR('',#1763,1.);
#1763 = DIRECTION('',(-1.,0.));
#1764 = ( GEOMETRIC_REPRESENTATION_CONTEXT(2) 
PARAMETRIC_REPRESENTATION_CONTEXT() REPRESENTATION_CONTEXT('2D SPACE',''
  ) );
#1765 = PCURVE('',#1766,#1771);
#1766 = PLANE('',#1767);
#1767 = AXIS2_PLACEMENT_3D('',#1768,#1769,#1770);
#1768 = CARTESIAN_POINT('',(-12.25,8.9,-1.));
#1769 = DIRECTION('',(0.,1.,0.));
#1770 = DIRECTION('',(0.,0.,1.));
#1771 = DEFINITIONAL_REPRESENTATION('',(#1772),#1776);
#1772 = LINE('',#1773,#1774);
#1773 = CARTESIAN_POINT('',(1.,0.));
#1774 = VECTOR('',#1775,1.);
#1775 = DIRECTION('',(0.,1.));
#1776 = ( GEOMETRIC_REPRESENTATION_CONTEXT(2) 
PARAMETRIC_REPRESENTATION_CONTEXT() REPRESENTATION_CONTEXT('2D SPACE',''
  ) );
#1777 = ORIENTED_EDGE('',*,*,#1778,.T.);
#1778 = EDGE_CURVE('',#1751,#1695,#1779,.T.);
#1779 = SURFACE_CURVE('',#1780,(#1784,#1791),.PCURVE_S1.);
#1780 = LINE('',#1781,#1782);
#1781 = CARTESIAN_POINT('',(-9.25,8.9,0.));
#1782 = VECTOR('',#1783,1.);
#1783 = DIRECTION('',(0.,1.,0.));
#1784 = PCURVE('',#148,#1785);
#1785 = DEFINITIONAL_REPRESENTATION('',(#1786),#1790);
#1786 = LINE('',#1787,#1788);
#1787 = CARTESIAN_POINT('',(9.25,8.9));
#1788 = VECTOR('',#1789,1.);
#1789 = DIRECTION('',(0.,1.));
#1790 = ( GEOMETRIC_REPRESENTATION_CONTEXT(2) 
PARAMETRIC_REPRESENTATION_CONTEXT() REPRESENTATION_CONTEXT('2D SPACE',''
  ) );
#1791 = PCURVE('',#1792,#1797);
#1792 = PLANE('',#1793);
#1793 = AXIS2_PLACEMENT_3D('',#1794,#1795,#1796);
#1794 = CARTESIAN_POINT('',(-9.25,8.9,-1.));
#1795 = DIRECTION('',(1.,0.,0.));
#1796 = DIRECTION('',(0.,0.,1.));
#1797 = DEFINITIONAL_REPRESENTATION('',(#1798),#1802);
#1798 = LINE('',#1799,#1800);
#1799 = CARTESIAN_POINT('',(1.,0.));
#1800 = VECTOR('',#1801,1.);
#1801 = DIRECTION('',(0.,-1.));
#1802 = ( GEOMETRIC_REPRESENTATION_CONTEXT(2) 
PARAMETRIC_REPRESENTATION_CONTEXT() REPRESENTATION_CONTEXT('2D SPACE',''
  ) );
#1803 = ADVANCED_FACE('',(#1804),#1766,.F.);
#1804 = FACE_BOUND('',#1805,.F.);
#1805 = EDGE_LOOP('',(#1806,#1829,#1857,#1878));
#1806 = ORIENTED_EDGE('',*,*,#1807,.T.);
#1807 = EDGE_CURVE('',#1751,#1808,#1810,.T.);
#1808 = VERTEX_POINT('',#1809);
#1809 = CARTESIAN_POINT('',(-9.25,8.9,-1.));
#1810 = SURFACE_CURVE('',#1811,(#1815,#1822),.PCURVE_S1.);
#1811 = LINE('',#1812,#1813);
#1812 = CARTESIAN_POINT('',(-9.25,8.9,0.));
#1813 = VECTOR('',#1814,1.);
#1814 = DIRECTION('',(0.,0.,-1.));
#1815 = PCURVE('',#1766,#1816);
#1816 = DEFINITIONAL_REPRESENTATION('',(#1817),#1821);
#1817 = LINE('',#1818,#1819);
#1818 = CARTESIAN_POINT('',(1.,3.));
#1819 = VECTOR('',#1820,1.);
#1820 = DIRECTION('',(-1.,0.));
#1821 = ( GEOMETRIC_REPRESENTATION_CONTEXT(2) 
PARAMETRIC_REPRESENTATION_CONTEXT() REPRESENTATION_CONTEXT('2D SPACE',''
  ) );
#1822 = PCURVE('',#1792,#1823);
#1823 = DEFINITIONAL_REPRESENTATION('',(#1824),#1828);
#1824 = LINE('',#1825,#1826);
#1825 = CARTESIAN_POINT('',(1.,0.));
#1826 = VECTOR('',#1827,1.);
#1827 = DIRECTION('',(-1.,0.));
#1828 = ( GEOMETRIC_REPRESENTATION_CONTEXT(2) 
PARAMETRIC_REPRESENTATION_CONTEXT() REPRESENTATION_CONTEXT('2D SPACE',''
  ) );
#1829 = ORIENTED_EDGE('',*,*,#1830,.F.);
#1830 = EDGE_CURVE('',#1831,#1808,#1833,.T.);
#1831 = VERTEX_POINT('',#1832);
#1832 = CARTESIAN_POINT('',(-12.25,8.9,-1.));
#1833 = SURFACE_CURVE('',#1834,(#1838,#1845),.PCURVE_S1.);
#1834 = LINE('',#1835,#1836);
#1835 = CARTESIAN_POINT('',(-12.25,8.9,-1.));
#1836 = VECTOR('',#1837,1.);
#1837 = DIRECTION('',(1.,0.,0.));
#1838 = PCURVE('',#1766,#1839);
#1839 = DEFINITIONAL_REPRESENTATION('',(#1840),#1844);
#1840 = LINE('',#1841,#1842);
#1841 = CARTESIAN_POINT('',(0.,0.));
#1842 = VECTOR('',#1843,1.);
#1843 = DIRECTION('',(0.,1.));
#1844 = ( GEOMETRIC_REPRESENTATION_CONTEXT(2) 
PARAMETRIC_REPRESENTATION_CONTEXT() REPRESENTATION_CONTEXT('2D SPACE',''
  ) );
#1845 = PCURVE('',#1846,#1851);
#1846 = PLANE('',#1847);
#1847 = AXIS2_PLACEMENT_3D('',#1848,#1849,#1850);
#1848 = CARTESIAN_POINT('',(-12.25,8.9,-1.));
#1849 = DIRECTION('',(0.,0.,1.));
#1850 = DIRECTION('',(1.,0.,0.));
#1851 = DEFINITIONAL_REPRESENTATION('',(#1852),#1856);
#1852 = LINE('',#1853,#1854);
#1853 = CARTESIAN_POINT('',(0.,0.));
#1854 = VECTOR('',#1855,1.);
#1855 = DIRECTION('',(1.,0.));
#1856 = ( GEOMETRIC_REPRESENTATION_CONTEXT(2) 
PARAMETRIC_REPRESENTATION_CONTEXT() REPRESENTATION_CONTEXT('2D SPACE',''
  ) );
#1857 = ORIENTED_EDGE('',*,*,#1858,.F.);
#1858 = EDGE_CURVE('',#1723,#1831,#1859,.T.);
#1859 = SURFACE_CURVE('',#1860,(#1864,#1871),.PCURVE_S1.);
#1860 = LINE('',#1861,#1862);
#1861 = CARTESIAN_POINT('',(-12.25,8.9,0.));
#1862 = VECTOR('',#1863,1.);
#1863 = DIRECTION('',(0.,0.,-1.));
#1864 = PCURVE('',#1766,#1865);
#1865 = DEFINITIONAL_REPRESENTATION('',(#1866),#1870);
#1866 = LINE('',#1867,#1868);
#1867 = CARTESIAN_POINT('',(1.,0.));
#1868 = VECTOR('',#1869,1.);
#1869 = DIRECTION('',(-1.,0.));
#1870 = ( GEOMETRIC_REPRESENTATION_CONTEXT(2) 
PARAMETRIC_REPRESENTATION_CONTEXT() REPRESENTATION_CONTEXT('2D SPACE',''
  ) );
#1871 = PCURVE('',#1738,#1872);
#1872 = DEFINITIONAL_REPRESENTATION('',(#1873),#1877);
#1873 = LINE('',#1874,#1875);
#1874 = CARTESIAN_POINT('',(1.,0.));
#1875 = VECTOR('',#1876,1.);
#1876 = DIRECTION('',(-1.,0.));
#1877 = ( GEOMETRIC_REPRESENTATION_CONTEXT(2) 
PARAMETRIC_REPRESENTATION_CONTEXT() REPRESENTATION_CONTEXT('2D SPACE',''
  ) );
#1878 = ORIENTED_EDGE('',*,*,#1750,.T.);
#1879 = ADVANCED_FACE('',(#1880),#1846,.F.);
#1880 = FACE_BOUND('',#1881,.F.);
#1881 = EDGE_LOOP('',(#1882,#1883,#1906,#1934));
#1882 = ORIENTED_EDGE('',*,*,#1830,.T.);
#1883 = ORIENTED_EDGE('',*,*,#1884,.T.);
#1884 = EDGE_CURVE('',#1808,#1885,#1887,.T.);
#1885 = VERTEX_POINT('',#1886);
#1886 = CARTESIAN_POINT('',(-9.25,10.1,-1.));
#1887 = SURFACE_CURVE('',#1888,(#1892,#1899),.PCURVE_S1.);
#1888 = LINE('',#1889,#1890);
#1889 = CARTESIAN_POINT('',(-9.25,8.9,-1.));
#1890 = VECTOR('',#1891,1.);
#1891 = DIRECTION('',(0.,1.,0.));
#1892 = PCURVE('',#1846,#1893);
#1893 = DEFINITIONAL_REPRESENTATION('',(#1894),#1898);
#1894 = LINE('',#1895,#1896);
#1895 = CARTESIAN_POINT('',(3.,0.));
#1896 = VECTOR('',#1897,1.);
#1897 = DIRECTION('',(0.,1.));
#1898 = ( GEOMETRIC_REPRESENTATION_CONTEXT(2) 
PARAMETRIC_REPRESENTATION_CONTEXT() REPRESENTATION_CONTEXT('2D SPACE',''
  ) );
#1899 = PCURVE('',#1792,#1900);
#1900 = DEFINITIONAL_REPRESENTATION('',(#1901),#1905);
#1901 = LINE('',#1902,#1903);
#1902 = CARTESIAN_POINT('',(0.,0.));
#1903 = VECTOR('',#1904,1.);
#1904 = DIRECTION('',(0.,-1.));
#1905 = ( GEOMETRIC_REPRESENTATION_CONTEXT(2) 
PARAMETRIC_REPRESENTATION_CONTEXT() REPRESENTATION_CONTEXT('2D SPACE',''
  ) );
#1906 = ORIENTED_EDGE('',*,*,#1907,.F.);
#1907 = EDGE_CURVE('',#1908,#1885,#1910,.T.);
#1908 = VERTEX_POINT('',#1909);
#1909 = CARTESIAN_POINT('',(-12.25,10.1,-1.));
#1910 = SURFACE_CURVE('',#1911,(#1915,#1922),.PCURVE_S1.);
#1911 = LINE('',#1912,#1913);
#1912 = CARTESIAN_POINT('',(-12.25,10.1,-1.));
#1913 = VECTOR('',#1914,1.);
#1914 = DIRECTION('',(1.,0.,0.));
#1915 = PCURVE('',#1846,#1916);
#1916 = DEFINITIONAL_REPRESENTATION('',(#1917),#1921);
#1917 = LINE('',#1918,#1919);
#1918 = CARTESIAN_POINT('',(0.,1.2));
#1919 = VECTOR('',#1920,1.);
#1920 = DIRECTION('',(1.,0.));
#1921 = ( GEOMETRIC_REPRESENTATION_CONTEXT(2) 
PARAMETRIC_REPRESENTATION_CONTEXT() REPRESENTATION_CONTEXT('2D SPACE',''
  ) );
#1922 = PCURVE('',#1923,#1928);
#1923 = PLANE('',#1924);
#1924 = AXIS2_PLACEMENT_3D('',#1925,#1926,#1927);
#1925 = CARTESIAN_POINT('',(-12.25,10.1,-1.));
#1926 = DIRECTION('',(0.,1.,0.));
#1927 = DIRECTION('',(0.,0.,1.));
#1928 = DEFINITIONAL_REPRESENTATION('',(#1929),#1933);
#1929 = LINE('',#1930,#1931);
#1930 = CARTESIAN_POINT('',(0.,0.));
#1931 = VECTOR('',#1932,1.);
#1932 = DIRECTION('',(0.,1.));
#1933 = ( GEOMETRIC_REPRESENTATION_CONTEXT(2) 
PARAMETRIC_REPRESENTATION_CONTEXT() REPRESENTATION_CONTEXT('2D SPACE',''
  ) );
#1934 = ORIENTED_EDGE('',*,*,#1935,.T.);
#1935 = EDGE_CURVE('',#1908,#1831,#1936,.T.);
#1936 = SURFACE_CURVE('',#1937,(#1941,#1948),.PCURVE_S1.);
#1937 = LINE('',#1938,#1939);
#1938 = CARTESIAN_POINT('',(-12.25,10.1,-1.));
#1939 = VECTOR('',#1940,1.);
#1940 = DIRECTION('',(0.,-1.,0.));
#1941 = PCURVE('',#1846,#1942);
#1942 = DEFINITIONAL_REPRESENTATION('',(#1943),#1947);
#1943 = LINE('',#1944,#1945);
#1944 = CARTESIAN_POINT('',(0.,1.2));
#1945 = VECTOR('',#1946,1.);
#1946 = DIRECTION('',(0.,-1.));
#1947 = ( GEOMETRIC_REPRESENTATION_CONTEXT(2) 
PARAMETRIC_REPRESENTATION_CONTEXT() REPRESENTATION_CONTEXT('2D SPACE',''
  ) );
#1948 = PCURVE('',#1738,#1949);
#1949 = DEFINITIONAL_REPRESENTATION('',(#1950),#1954);
#1950 = LINE('',#1951,#1952);
#1951 = CARTESIAN_POINT('',(0.,-1.2));
#1952 = VECTOR('',#1953,1.);
#1953 = DIRECTION('',(0.,1.));
#1954 = ( GEOMETRIC_REPRESENTATION_CONTEXT(2) 
PARAMETRIC_REPRESENTATION_CONTEXT() REPRESENTATION_CONTEXT('2D SPACE',''
  ) );
#1955 = ADVANCED_FACE('',(#1956),#1923,.T.);
#1956 = FACE_BOUND('',#1957,.T.);
#1957 = EDGE_LOOP('',(#1958,#1959,#1982,#2010));
#1958 = ORIENTED_EDGE('',*,*,#1907,.F.);
#1959 = ORIENTED_EDGE('',*,*,#1960,.T.);
#1960 = EDGE_CURVE('',#1908,#1961,#1963,.T.);
#1961 = VERTEX_POINT('',#1962);
#1962 = CARTESIAN_POINT('',(-12.25,10.1,-0.6));
#1963 = SURFACE_CURVE('',#1964,(#1968,#1975),.PCURVE_S1.);
#1964 = LINE('',#1965,#1966);
#1965 = CARTESIAN_POINT('',(-12.25,10.1,-1.));
#1966 = VECTOR('',#1967,1.);
#1967 = DIRECTION('',(0.,0.,1.));
#1968 = PCURVE('',#1923,#1969);
#1969 = DEFINITIONAL_REPRESENTATION('',(#1970),#1974);
#1970 = LINE('',#1971,#1972);
#1971 = CARTESIAN_POINT('',(0.,0.));
#1972 = VECTOR('',#1973,1.);
#1973 = DIRECTION('',(1.,0.));
#1974 = ( GEOMETRIC_REPRESENTATION_CONTEXT(2) 
PARAMETRIC_REPRESENTATION_CONTEXT() REPRESENTATION_CONTEXT('2D SPACE',''
  ) );
#1975 = PCURVE('',#1738,#1976);
#1976 = DEFINITIONAL_REPRESENTATION('',(#1977),#1981);
#1977 = LINE('',#1978,#1979);
#1978 = CARTESIAN_POINT('',(0.,-1.2));
#1979 = VECTOR('',#1980,1.);
#1980 = DIRECTION('',(1.,0.));
#1981 = ( GEOMETRIC_REPRESENTATION_CONTEXT(2) 
PARAMETRIC_REPRESENTATION_CONTEXT() REPRESENTATION_CONTEXT('2D SPACE',''
  ) );
#1982 = ORIENTED_EDGE('',*,*,#1983,.T.);
#1983 = EDGE_CURVE('',#1961,#1984,#1986,.T.);
#1984 = VERTEX_POINT('',#1985);
#1985 = CARTESIAN_POINT('',(-9.25,10.1,-0.6));
#1986 = SURFACE_CURVE('',#1987,(#1991,#1998),.PCURVE_S1.);
#1987 = LINE('',#1988,#1989);
#1988 = CARTESIAN_POINT('',(-12.25,10.1,-0.6));
#1989 = VECTOR('',#1990,1.);
#1990 = DIRECTION('',(1.,0.,0.));
#1991 = PCURVE('',#1923,#1992);
#1992 = DEFINITIONAL_REPRESENTATION('',(#1993),#1997);
#1993 = LINE('',#1994,#1995);
#1994 = CARTESIAN_POINT('',(0.4,0.));
#1995 = VECTOR('',#1996,1.);
#1996 = DIRECTION('',(0.,1.));
#1997 = ( GEOMETRIC_REPRESENTATION_CONTEXT(2) 
PARAMETRIC_REPRESENTATION_CONTEXT() REPRESENTATION_CONTEXT('2D SPACE',''
  ) );
#1998 = PCURVE('',#1999,#2004);
#1999 = PLANE('',#2000);
#2000 = AXIS2_PLACEMENT_3D('',#2001,#2002,#2003);
#2001 = CARTESIAN_POINT('',(-12.25,8.9,-0.6));
#2002 = DIRECTION('',(0.,0.,1.));
#2003 = DIRECTION('',(1.,0.,0.));
#2004 = DEFINITIONAL_REPRESENTATION('',(#2005),#2009);
#2005 = LINE('',#2006,#2007);
#2006 = CARTESIAN_POINT('',(0.,1.2));
#2007 = VECTOR('',#2008,1.);
#2008 = DIRECTION('',(1.,0.));
#2009 = ( GEOMETRIC_REPRESENTATION_CONTEXT(2) 
PARAMETRIC_REPRESENTATION_CONTEXT() REPRESENTATION_CONTEXT('2D SPACE',''
  ) );
#2010 = ORIENTED_EDGE('',*,*,#2011,.F.);
#2011 = EDGE_CURVE('',#1885,#1984,#2012,.T.);
#2012 = SURFACE_CURVE('',#2013,(#2017,#2024),.PCURVE_S1.);
#2013 = LINE('',#2014,#2015);
#2014 = CARTESIAN_POINT('',(-9.25,10.1,-1.));
#2015 = VECTOR('',#2016,1.);
#2016 = DIRECTION('',(0.,0.,1.));
#2017 = PCURVE('',#1923,#2018);
#2018 = DEFINITIONAL_REPRESENTATION('',(#2019),#2023);
#2019 = LINE('',#2020,#2021);
#2020 = CARTESIAN_POINT('',(0.,3.));
#2021 = VECTOR('',#2022,1.);
#2022 = DIRECTION('',(1.,0.));
#2023 = ( GEOMETRIC_REPRESENTATION_CONTEXT(2) 
PARAMETRIC_REPRESENTATION_CONTEXT() REPRESENTATION_CONTEXT('2D SPACE',''
  ) );
#2024 = PCURVE('',#1792,#2025);
#2025 = DEFINITIONAL_REPRESENTATION('',(#2026),#2030);
#2026 = LINE('',#2027,#2028);
#2027 = CARTESIAN_POINT('',(0.,-1.2));
#2028 = VECTOR('',#2029,1.);
#2029 = DIRECTION('',(1.,0.));
#2030 = ( GEOMETRIC_REPRESENTATION_CONTEXT(2) 
PARAMETRIC_REPRESENTATION_CONTEXT() REPRESENTATION_CONTEXT('2D SPACE',''
  ) );
#2031 = ADVANCED_FACE('',(#2032),#1999,.T.);
#2032 = FACE_BOUND('',#2033,.T.);
#2033 = EDGE_LOOP('',(#2034,#2057,#2078,#2099));
#2034 = ORIENTED_EDGE('',*,*,#2035,.F.);
#2035 = EDGE_CURVE('',#2036,#1961,#2038,.T.);
#2036 = VERTEX_POINT('',#2037);
#2037 = CARTESIAN_POINT('',(-12.25,9.5,-0.6));
#2038 = SURFACE_CURVE('',#2039,(#2043,#2050),.PCURVE_S1.);
#2039 = LINE('',#2040,#2041);
#2040 = CARTESIAN_POINT('',(-12.25,8.9,-0.6));
#2041 = VECTOR('',#2042,1.);
#2042 = DIRECTION('',(0.,1.,0.));
#2043 = PCURVE('',#1999,#2044);
#2044 = DEFINITIONAL_REPRESENTATION('',(#2045),#2049);
#2045 = LINE('',#2046,#2047);
#2046 = CARTESIAN_POINT('',(0.,0.));
#2047 = VECTOR('',#2048,1.);
#2048 = DIRECTION('',(0.,1.));
#2049 = ( GEOMETRIC_REPRESENTATION_CONTEXT(2) 
PARAMETRIC_REPRESENTATION_CONTEXT() REPRESENTATION_CONTEXT('2D SPACE',''
  ) );
#2050 = PCURVE('',#1738,#2051);
#2051 = DEFINITIONAL_REPRESENTATION('',(#2052),#2056);
#2052 = LINE('',#2053,#2054);
#2053 = CARTESIAN_POINT('',(0.4,0.));
#2054 = VECTOR('',#2055,1.);
#2055 = DIRECTION('',(0.,-1.));
#2056 = ( GEOMETRIC_REPRESENTATION_CONTEXT(2) 
PARAMETRIC_REPRESENTATION_CONTEXT() REPRESENTATION_CONTEXT('2D SPACE',''
  ) );
#2057 = ORIENTED_EDGE('',*,*,#2058,.T.);
#2058 = EDGE_CURVE('',#2036,#2059,#2061,.T.);
#2059 = VERTEX_POINT('',#2060);
#2060 = CARTESIAN_POINT('',(-9.25,9.5,-0.6));
#2061 = SURFACE_CURVE('',#2062,(#2066,#2072),.PCURVE_S1.);
#2062 = LINE('',#2063,#2064);
#2063 = CARTESIAN_POINT('',(-12.25,9.5,-0.6));
#2064 = VECTOR('',#2065,1.);
#2065 = DIRECTION('',(1.,0.,0.));
#2066 = PCURVE('',#1999,#2067);
#2067 = DEFINITIONAL_REPRESENTATION('',(#2068),#2071);
#2068 = B_SPLINE_CURVE_WITH_KNOTS('',1,(#2069,#2070),.UNSPECIFIED.,.F.,
  .F.,(2,2),(0.,3.),.PIECEWISE_BEZIER_KNOTS.);
#2069 = CARTESIAN_POINT('',(0.,0.6));
#2070 = CARTESIAN_POINT('',(3.,0.6));
#2071 = ( GEOMETRIC_REPRESENTATION_CONTEXT(2) 
PARAMETRIC_REPRESENTATION_CONTEXT() REPRESENTATION_CONTEXT('2D SPACE',''
  ) );
#2072 = PCURVE('',#1710,#2073);
#2073 = DEFINITIONAL_REPRESENTATION('',(#2074),#2077);
#2074 = B_SPLINE_CURVE_WITH_KNOTS('',1,(#2075,#2076),.UNSPECIFIED.,.F.,
  .F.,(2,2),(0.,3.),.PIECEWISE_BEZIER_KNOTS.);
#2075 = CARTESIAN_POINT('',(0.4,0.));
#2076 = CARTESIAN_POINT('',(0.4,3.));
#2077 = ( GEOMETRIC_REPRESENTATION_CONTEXT(2) 
PARAMETRIC_REPRESENTATION_CONTEXT() REPRESENTATION_CONTEXT('2D SPACE',''
  ) );
#2078 = ORIENTED_EDGE('',*,*,#2079,.T.);
#2079 = EDGE_CURVE('',#2059,#1984,#2080,.T.);
#2080 = SURFACE_CURVE('',#2081,(#2085,#2092),.PCURVE_S1.);
#2081 = LINE('',#2082,#2083);
#2082 = CARTESIAN_POINT('',(-9.25,8.9,-0.6));
#2083 = VECTOR('',#2084,1.);
#2084 = DIRECTION('',(0.,1.,0.));
#2085 = PCURVE('',#1999,#2086);
#2086 = DEFINITIONAL_REPRESENTATION('',(#2087),#2091);
#2087 = LINE('',#2088,#2089);
#2088 = CARTESIAN_POINT('',(3.,0.));
#2089 = VECTOR('',#2090,1.);
#2090 = DIRECTION('',(0.,1.));
#2091 = ( GEOMETRIC_REPRESENTATION_CONTEXT(2) 
PARAMETRIC_REPRESENTATION_CONTEXT() REPRESENTATION_CONTEXT('2D SPACE',''
  ) );
#2092 = PCURVE('',#1792,#2093);
#2093 = DEFINITIONAL_REPRESENTATION('',(#2094),#2098);
#2094 = LINE('',#2095,#2096);
#2095 = CARTESIAN_POINT('',(0.4,0.));
#2096 = VECTOR('',#2097,1.);
#2097 = DIRECTION('',(0.,-1.));
#2098 = ( GEOMETRIC_REPRESENTATION_CONTEXT(2) 
PARAMETRIC_REPRESENTATION_CONTEXT() REPRESENTATION_CONTEXT('2D SPACE',''
  ) );
#2099 = ORIENTED_EDGE('',*,*,#1983,.F.);
#2100 = ADVANCED_FACE('',(#2101),#1738,.F.);
#2101 = FACE_BOUND('',#2102,.F.);
#2102 = EDGE_LOOP('',(#2103,#2104,#2105,#2106,#2107,#2128));
#2103 = ORIENTED_EDGE('',*,*,#1858,.T.);
#2104 = ORIENTED_EDGE('',*,*,#1935,.F.);
#2105 = ORIENTED_EDGE('',*,*,#1960,.T.);
#2106 = ORIENTED_EDGE('',*,*,#2035,.F.);
#2107 = ORIENTED_EDGE('',*,*,#2108,.T.);
#2108 = EDGE_CURVE('',#2036,#1693,#2109,.T.);
#2109 = SURFACE_CURVE('',#2110,(#2114,#2121),.PCURVE_S1.);
#2110 = LINE('',#2111,#2112);
#2111 = CARTESIAN_POINT('',(-12.25,9.5,-1.));
#2112 = VECTOR('',#2113,1.);
#2113 = DIRECTION('',(0.,0.,1.));
#2114 = PCURVE('',#1738,#2115);
#2115 = DEFINITIONAL_REPRESENTATION('',(#2116),#2120);
#2116 = LINE('',#2117,#2118);
#2117 = CARTESIAN_POINT('',(0.,-0.6));
#2118 = VECTOR('',#2119,1.);
#2119 = DIRECTION('',(1.,0.));
#2120 = ( GEOMETRIC_REPRESENTATION_CONTEXT(2) 
PARAMETRIC_REPRESENTATION_CONTEXT() REPRESENTATION_CONTEXT('2D SPACE',''
  ) );
#2121 = PCURVE('',#1710,#2122);
#2122 = DEFINITIONAL_REPRESENTATION('',(#2123),#2127);
#2123 = LINE('',#2124,#2125);
#2124 = CARTESIAN_POINT('',(0.,0.));
#2125 = VECTOR('',#2126,1.);
#2126 = DIRECTION('',(1.,0.));
#2127 = ( GEOMETRIC_REPRESENTATION_CONTEXT(2) 
PARAMETRIC_REPRESENTATION_CONTEXT() REPRESENTATION_CONTEXT('2D SPACE',''
  ) );
#2128 = ORIENTED_EDGE('',*,*,#1722,.F.);
#2129 = ADVANCED_FACE('',(#2130),#1792,.T.);
#2130 = FACE_BOUND('',#2131,.T.);
#2131 = EDGE_LOOP('',(#2132,#2133,#2134,#2135,#2136,#2157));
#2132 = ORIENTED_EDGE('',*,*,#1807,.T.);
#2133 = ORIENTED_EDGE('',*,*,#1884,.T.);
#2134 = ORIENTED_EDGE('',*,*,#2011,.T.);
#2135 = ORIENTED_EDGE('',*,*,#2079,.F.);
#2136 = ORIENTED_EDGE('',*,*,#2137,.T.);
#2137 = EDGE_CURVE('',#2059,#1695,#2138,.T.);
#2138 = SURFACE_CURVE('',#2139,(#2143,#2150),.PCURVE_S1.);
#2139 = LINE('',#2140,#2141);
#2140 = CARTESIAN_POINT('',(-9.25,9.5,-1.));
#2141 = VECTOR('',#2142,1.);
#2142 = DIRECTION('',(0.,0.,1.));
#2143 = PCURVE('',#1792,#2144);
#2144 = DEFINITIONAL_REPRESENTATION('',(#2145),#2149);
#2145 = LINE('',#2146,#2147);
#2146 = CARTESIAN_POINT('',(0.,-0.6));
#2147 = VECTOR('',#2148,1.);
#2148 = DIRECTION('',(1.,0.));
#2149 = ( GEOMETRIC_REPRESENTATION_CONTEXT(2) 
PARAMETRIC_REPRESENTATION_CONTEXT() REPRESENTATION_CONTEXT('2D SPACE',''
  ) );
#2150 = PCURVE('',#1710,#2151);
#2151 = DEFINITIONAL_REPRESENTATION('',(#2152),#2156);
#2152 = LINE('',#2153,#2154);
#2153 = CARTESIAN_POINT('',(0.,3.));
#2154 = VECTOR('',#2155,1.);
#2155 = DIRECTION('',(1.,0.));
#2156 = ( GEOMETRIC_REPRESENTATION_CONTEXT(2) 
PARAMETRIC_REPRESENTATION_CONTEXT() REPRESENTATION_CONTEXT('2D SPACE',''
  ) );
#2157 = ORIENTED_EDGE('',*,*,#1778,.F.);
#2158 = ADVANCED_FACE('',(#2159),#1710,.T.);
#2159 = FACE_BOUND('',#2160,.T.);
#2160 = EDGE_LOOP('',(#2161,#2162,#2163,#2164));
#2161 = ORIENTED_EDGE('',*,*,#2137,.F.);
#2162 = ORIENTED_EDGE('',*,*,#2058,.F.);
#2163 = ORIENTED_EDGE('',*,*,#2108,.T.);
#2164 = ORIENTED_EDGE('',*,*,#1692,.T.);
#2165 = ADVANCED_FACE('',(#2166),#1649,.F.);
#2166 = FACE_BOUND('',#2167,.F.);
#2167 = EDGE_LOOP('',(#2168,#2191,#2219,#2240));
#2168 = ORIENTED_EDGE('',*,*,#2169,.T.);
#2169 = EDGE_CURVE('',#1634,#2170,#2172,.T.);
#2170 = VERTEX_POINT('',#2171);
#2171 = CARTESIAN_POINT('',(10.75,8.9,-1.));
#2172 = SURFACE_CURVE('',#2173,(#2177,#2184),.PCURVE_S1.);
#2173 = LINE('',#2174,#2175);
#2174 = CARTESIAN_POINT('',(10.75,8.9,0.));
#2175 = VECTOR('',#2176,1.);
#2176 = DIRECTION('',(0.,0.,-1.));
#2177 = PCURVE('',#1649,#2178);
#2178 = DEFINITIONAL_REPRESENTATION('',(#2179),#2183);
#2179 = LINE('',#2180,#2181);
#2180 = CARTESIAN_POINT('',(1.,3.));
#2181 = VECTOR('',#2182,1.);
#2182 = DIRECTION('',(-1.,0.));
#2183 = ( GEOMETRIC_REPRESENTATION_CONTEXT(2) 
PARAMETRIC_REPRESENTATION_CONTEXT() REPRESENTATION_CONTEXT('2D SPACE',''
  ) );
#2184 = PCURVE('',#1675,#2185);
#2185 = DEFINITIONAL_REPRESENTATION('',(#2186),#2190);
#2186 = LINE('',#2187,#2188);
#2187 = CARTESIAN_POINT('',(1.,0.));
#2188 = VECTOR('',#2189,1.);
#2189 = DIRECTION('',(-1.,0.));
#2190 = ( GEOMETRIC_REPRESENTATION_CONTEXT(2) 
PARAMETRIC_REPRESENTATION_CONTEXT() REPRESENTATION_CONTEXT('2D SPACE',''
  ) );
#2191 = ORIENTED_EDGE('',*,*,#2192,.F.);
#2192 = EDGE_CURVE('',#2193,#2170,#2195,.T.);
#2193 = VERTEX_POINT('',#2194);
#2194 = CARTESIAN_POINT('',(7.75,8.9,-1.));
#2195 = SURFACE_CURVE('',#2196,(#2200,#2207),.PCURVE_S1.);
#2196 = LINE('',#2197,#2198);
#2197 = CARTESIAN_POINT('',(7.75,8.9,-1.));
#2198 = VECTOR('',#2199,1.);
#2199 = DIRECTION('',(1.,0.,0.));
#2200 = PCURVE('',#1649,#2201);
#2201 = DEFINITIONAL_REPRESENTATION('',(#2202),#2206);
#2202 = LINE('',#2203,#2204);
#2203 = CARTESIAN_POINT('',(0.,0.));
#2204 = VECTOR('',#2205,1.);
#2205 = DIRECTION('',(0.,1.));
#2206 = ( GEOMETRIC_REPRESENTATION_CONTEXT(2) 
PARAMETRIC_REPRESENTATION_CONTEXT() REPRESENTATION_CONTEXT('2D SPACE',''
  ) );
#2207 = PCURVE('',#2208,#2213);
#2208 = PLANE('',#2209);
#2209 = AXIS2_PLACEMENT_3D('',#2210,#2211,#2212);
#2210 = CARTESIAN_POINT('',(7.75,8.9,-1.));
#2211 = DIRECTION('',(0.,0.,1.));
#2212 = DIRECTION('',(1.,0.,0.));
#2213 = DEFINITIONAL_REPRESENTATION('',(#2214),#2218);
#2214 = LINE('',#2215,#2216);
#2215 = CARTESIAN_POINT('',(0.,0.));
#2216 = VECTOR('',#2217,1.);
#2217 = DIRECTION('',(1.,0.));
#2218 = ( GEOMETRIC_REPRESENTATION_CONTEXT(2) 
PARAMETRIC_REPRESENTATION_CONTEXT() REPRESENTATION_CONTEXT('2D SPACE',''
  ) );
#2219 = ORIENTED_EDGE('',*,*,#2220,.F.);
#2220 = EDGE_CURVE('',#1606,#2193,#2221,.T.);
#2221 = SURFACE_CURVE('',#2222,(#2226,#2233),.PCURVE_S1.);
#2222 = LINE('',#2223,#2224);
#2223 = CARTESIAN_POINT('',(7.75,8.9,0.));
#2224 = VECTOR('',#2225,1.);
#2225 = DIRECTION('',(0.,0.,-1.));
#2226 = PCURVE('',#1649,#2227);
#2227 = DEFINITIONAL_REPRESENTATION('',(#2228),#2232);
#2228 = LINE('',#2229,#2230);
#2229 = CARTESIAN_POINT('',(1.,0.));
#2230 = VECTOR('',#2231,1.);
#2231 = DIRECTION('',(-1.,0.));
#2232 = ( GEOMETRIC_REPRESENTATION_CONTEXT(2) 
PARAMETRIC_REPRESENTATION_CONTEXT() REPRESENTATION_CONTEXT('2D SPACE',''
  ) );
#2233 = PCURVE('',#1621,#2234);
#2234 = DEFINITIONAL_REPRESENTATION('',(#2235),#2239);
#2235 = LINE('',#2236,#2237);
#2236 = CARTESIAN_POINT('',(1.,0.));
#2237 = VECTOR('',#2238,1.);
#2238 = DIRECTION('',(-1.,0.));
#2239 = ( GEOMETRIC_REPRESENTATION_CONTEXT(2) 
PARAMETRIC_REPRESENTATION_CONTEXT() REPRESENTATION_CONTEXT('2D SPACE',''
  ) );
#2240 = ORIENTED_EDGE('',*,*,#1633,.T.);
#2241 = ADVANCED_FACE('',(#2242),#2208,.F.);
#2242 = FACE_BOUND('',#2243,.F.);
#2243 = EDGE_LOOP('',(#2244,#2245,#2268,#2296));
#2244 = ORIENTED_EDGE('',*,*,#2192,.T.);
#2245 = ORIENTED_EDGE('',*,*,#2246,.T.);
#2246 = EDGE_CURVE('',#2170,#2247,#2249,.T.);
#2247 = VERTEX_POINT('',#2248);
#2248 = CARTESIAN_POINT('',(10.75,10.1,-1.));
#2249 = SURFACE_CURVE('',#2250,(#2254,#2261),.PCURVE_S1.);
#2250 = LINE('',#2251,#2252);
#2251 = CARTESIAN_POINT('',(10.75,8.9,-1.));
#2252 = VECTOR('',#2253,1.);
#2253 = DIRECTION('',(0.,1.,0.));
#2254 = PCURVE('',#2208,#2255);
#2255 = DEFINITIONAL_REPRESENTATION('',(#2256),#2260);
#2256 = LINE('',#2257,#2258);
#2257 = CARTESIAN_POINT('',(3.,0.));
#2258 = VECTOR('',#2259,1.);
#2259 = DIRECTION('',(0.,1.));
#2260 = ( GEOMETRIC_REPRESENTATION_CONTEXT(2) 
PARAMETRIC_REPRESENTATION_CONTEXT() REPRESENTATION_CONTEXT('2D SPACE',''
  ) );
#2261 = PCURVE('',#1675,#2262);
#2262 = DEFINITIONAL_REPRESENTATION('',(#2263),#2267);
#2263 = LINE('',#2264,#2265);
#2264 = CARTESIAN_POINT('',(0.,0.));
#2265 = VECTOR('',#2266,1.);
#2266 = DIRECTION('',(0.,-1.));
#2267 = ( GEOMETRIC_REPRESENTATION_CONTEXT(2) 
PARAMETRIC_REPRESENTATION_CONTEXT() REPRESENTATION_CONTEXT('2D SPACE',''
  ) );
#2268 = ORIENTED_EDGE('',*,*,#2269,.F.);
#2269 = EDGE_CURVE('',#2270,#2247,#2272,.T.);
#2270 = VERTEX_POINT('',#2271);
#2271 = CARTESIAN_POINT('',(7.75,10.1,-1.));
#2272 = SURFACE_CURVE('',#2273,(#2277,#2284),.PCURVE_S1.);
#2273 = LINE('',#2274,#2275);
#2274 = CARTESIAN_POINT('',(7.75,10.1,-1.));
#2275 = VECTOR('',#2276,1.);
#2276 = DIRECTION('',(1.,0.,0.));
#2277 = PCURVE('',#2208,#2278);
#2278 = DEFINITIONAL_REPRESENTATION('',(#2279),#2283);
#2279 = LINE('',#2280,#2281);
#2280 = CARTESIAN_POINT('',(0.,1.2));
#2281 = VECTOR('',#2282,1.);
#2282 = DIRECTION('',(1.,0.));
#2283 = ( GEOMETRIC_REPRESENTATION_CONTEXT(2) 
PARAMETRIC_REPRESENTATION_CONTEXT() REPRESENTATION_CONTEXT('2D SPACE',''
  ) );
#2284 = PCURVE('',#2285,#2290);
#2285 = PLANE('',#2286);
#2286 = AXIS2_PLACEMENT_3D('',#2287,#2288,#2289);
#2287 = CARTESIAN_POINT('',(7.75,10.1,-1.));
#2288 = DIRECTION('',(0.,1.,0.));
#2289 = DIRECTION('',(0.,0.,1.));
#2290 = DEFINITIONAL_REPRESENTATION('',(#2291),#2295);
#2291 = LINE('',#2292,#2293);
#2292 = CARTESIAN_POINT('',(0.,0.));
#2293 = VECTOR('',#2294,1.);
#2294 = DIRECTION('',(0.,1.));
#2295 = ( GEOMETRIC_REPRESENTATION_CONTEXT(2) 
PARAMETRIC_REPRESENTATION_CONTEXT() REPRESENTATION_CONTEXT('2D SPACE',''
  ) );
#2296 = ORIENTED_EDGE('',*,*,#2297,.T.);
#2297 = EDGE_CURVE('',#2270,#2193,#2298,.T.);
#2298 = SURFACE_CURVE('',#2299,(#2303,#2310),.PCURVE_S1.);
#2299 = LINE('',#2300,#2301);
#2300 = CARTESIAN_POINT('',(7.75,10.1,-1.));
#2301 = VECTOR('',#2302,1.);
#2302 = DIRECTION('',(0.,-1.,0.));
#2303 = PCURVE('',#2208,#2304);
#2304 = DEFINITIONAL_REPRESENTATION('',(#2305),#2309);
#2305 = LINE('',#2306,#2307);
#2306 = CARTESIAN_POINT('',(0.,1.2));
#2307 = VECTOR('',#2308,1.);
#2308 = DIRECTION('',(0.,-1.));
#2309 = ( GEOMETRIC_REPRESENTATION_CONTEXT(2) 
PARAMETRIC_REPRESENTATION_CONTEXT() REPRESENTATION_CONTEXT('2D SPACE',''
  ) );
#2310 = PCURVE('',#1621,#2311);
#2311 = DEFINITIONAL_REPRESENTATION('',(#2312),#2316);
#2312 = LINE('',#2313,#2314);
#2313 = CARTESIAN_POINT('',(0.,-1.2));
#2314 = VECTOR('',#2315,1.);
#2315 = DIRECTION('',(0.,1.));
#2316 = ( GEOMETRIC_REPRESENTATION_CONTEXT(2) 
PARAMETRIC_REPRESENTATION_CONTEXT() REPRESENTATION_CONTEXT('2D SPACE',''
  ) );
#2317 = ADVANCED_FACE('',(#2318),#2285,.T.);
#2318 = FACE_BOUND('',#2319,.T.);
#2319 = EDGE_LOOP('',(#2320,#2321,#2344,#2372));
#2320 = ORIENTED_EDGE('',*,*,#2269,.F.);
#2321 = ORIENTED_EDGE('',*,*,#2322,.T.);
#2322 = EDGE_CURVE('',#2270,#2323,#2325,.T.);
#2323 = VERTEX_POINT('',#2324);
#2324 = CARTESIAN_POINT('',(7.75,10.1,-0.6));
#2325 = SURFACE_CURVE('',#2326,(#2330,#2337),.PCURVE_S1.);
#2326 = LINE('',#2327,#2328);
#2327 = CARTESIAN_POINT('',(7.75,10.1,-1.));
#2328 = VECTOR('',#2329,1.);
#2329 = DIRECTION('',(0.,0.,1.));
#2330 = PCURVE('',#2285,#2331);
#2331 = DEFINITIONAL_REPRESENTATION('',(#2332),#2336);
#2332 = LINE('',#2333,#2334);
#2333 = CARTESIAN_POINT('',(0.,0.));
#2334 = VECTOR('',#2335,1.);
#2335 = DIRECTION('',(1.,0.));
#2336 = ( GEOMETRIC_REPRESENTATION_CONTEXT(2) 
PARAMETRIC_REPRESENTATION_CONTEXT() REPRESENTATION_CONTEXT('2D SPACE',''
  ) );
#2337 = PCURVE('',#1621,#2338);
#2338 = DEFINITIONAL_REPRESENTATION('',(#2339),#2343);
#2339 = LINE('',#2340,#2341);
#2340 = CARTESIAN_POINT('',(0.,-1.2));
#2341 = VECTOR('',#2342,1.);
#2342 = DIRECTION('',(1.,0.));
#2343 = ( GEOMETRIC_REPRESENTATION_CONTEXT(2) 
PARAMETRIC_REPRESENTATION_CONTEXT() REPRESENTATION_CONTEXT('2D SPACE',''
  ) );
#2344 = ORIENTED_EDGE('',*,*,#2345,.T.);
#2345 = EDGE_CURVE('',#2323,#2346,#2348,.T.);
#2346 = VERTEX_POINT('',#2347);
#2347 = CARTESIAN_POINT('',(10.75,10.1,-0.6));
#2348 = SURFACE_CURVE('',#2349,(#2353,#2360),.PCURVE_S1.);
#2349 = LINE('',#2350,#2351);
#2350 = CARTESIAN_POINT('',(7.75,10.1,-0.6));
#2351 = VECTOR('',#2352,1.);
#2352 = DIRECTION('',(1.,0.,0.));
#2353 = PCURVE('',#2285,#2354);
#2354 = DEFINITIONAL_REPRESENTATION('',(#2355),#2359);
#2355 = LINE('',#2356,#2357);
#2356 = CARTESIAN_POINT('',(0.4,0.));
#2357 = VECTOR('',#2358,1.);
#2358 = DIRECTION('',(0.,1.));
#2359 = ( GEOMETRIC_REPRESENTATION_CONTEXT(2) 
PARAMETRIC_REPRESENTATION_CONTEXT() REPRESENTATION_CONTEXT('2D SPACE',''
  ) );
#2360 = PCURVE('',#2361,#2366);
#2361 = PLANE('',#2362);
#2362 = AXIS2_PLACEMENT_3D('',#2363,#2364,#2365);
#2363 = CARTESIAN_POINT('',(7.75,8.9,-0.6));
#2364 = DIRECTION('',(0.,0.,1.));
#2365 = DIRECTION('',(1.,0.,0.));
#2366 = DEFINITIONAL_REPRESENTATION('',(#2367),#2371);
#2367 = LINE('',#2368,#2369);
#2368 = CARTESIAN_POINT('',(0.,1.2));
#2369 = VECTOR('',#2370,1.);
#2370 = DIRECTION('',(1.,0.));
#2371 = ( GEOMETRIC_REPRESENTATION_CONTEXT(2) 
PARAMETRIC_REPRESENTATION_CONTEXT() REPRESENTATION_CONTEXT('2D SPACE',''
  ) );
#2372 = ORIENTED_EDGE('',*,*,#2373,.F.);
#2373 = EDGE_CURVE('',#2247,#2346,#2374,.T.);
#2374 = SURFACE_CURVE('',#2375,(#2379,#2386),.PCURVE_S1.);
#2375 = LINE('',#2376,#2377);
#2376 = CARTESIAN_POINT('',(10.75,10.1,-1.));
#2377 = VECTOR('',#2378,1.);
#2378 = DIRECTION('',(0.,0.,1.));
#2379 = PCURVE('',#2285,#2380);
#2380 = DEFINITIONAL_REPRESENTATION('',(#2381),#2385);
#2381 = LINE('',#2382,#2383);
#2382 = CARTESIAN_POINT('',(0.,3.));
#2383 = VECTOR('',#2384,1.);
#2384 = DIRECTION('',(1.,0.));
#2385 = ( GEOMETRIC_REPRESENTATION_CONTEXT(2) 
PARAMETRIC_REPRESENTATION_CONTEXT() REPRESENTATION_CONTEXT('2D SPACE',''
  ) );
#2386 = PCURVE('',#1675,#2387);
#2387 = DEFINITIONAL_REPRESENTATION('',(#2388),#2392);
#2388 = LINE('',#2389,#2390);
#2389 = CARTESIAN_POINT('',(0.,-1.2));
#2390 = VECTOR('',#2391,1.);
#2391 = DIRECTION('',(1.,0.));
#2392 = ( GEOMETRIC_REPRESENTATION_CONTEXT(2) 
PARAMETRIC_REPRESENTATION_CONTEXT() REPRESENTATION_CONTEXT('2D SPACE',''
  ) );
#2393 = ADVANCED_FACE('',(#2394),#2361,.T.);
#2394 = FACE_BOUND('',#2395,.T.);
#2395 = EDGE_LOOP('',(#2396,#2419,#2440,#2461));
#2396 = ORIENTED_EDGE('',*,*,#2397,.F.);
#2397 = EDGE_CURVE('',#2398,#2323,#2400,.T.);
#2398 = VERTEX_POINT('',#2399);
#2399 = CARTESIAN_POINT('',(7.75,9.5,-0.6));
#2400 = SURFACE_CURVE('',#2401,(#2405,#2412),.PCURVE_S1.);
#2401 = LINE('',#2402,#2403);
#2402 = CARTESIAN_POINT('',(7.75,8.9,-0.6));
#2403 = VECTOR('',#2404,1.);
#2404 = DIRECTION('',(0.,1.,0.));
#2405 = PCURVE('',#2361,#2406);
#2406 = DEFINITIONAL_REPRESENTATION('',(#2407),#2411);
#2407 = LINE('',#2408,#2409);
#2408 = CARTESIAN_POINT('',(0.,0.));
#2409 = VECTOR('',#2410,1.);
#2410 = DIRECTION('',(0.,1.));
#2411 = ( GEOMETRIC_REPRESENTATION_CONTEXT(2) 
PARAMETRIC_REPRESENTATION_CONTEXT() REPRESENTATION_CONTEXT('2D SPACE',''
  ) );
#2412 = PCURVE('',#1621,#2413);
#2413 = DEFINITIONAL_REPRESENTATION('',(#2414),#2418);
#2414 = LINE('',#2415,#2416);
#2415 = CARTESIAN_POINT('',(0.4,0.));
#2416 = VECTOR('',#2417,1.);
#2417 = DIRECTION('',(0.,-1.));
#2418 = ( GEOMETRIC_REPRESENTATION_CONTEXT(2) 
PARAMETRIC_REPRESENTATION_CONTEXT() REPRESENTATION_CONTEXT('2D SPACE',''
  ) );
#2419 = ORIENTED_EDGE('',*,*,#2420,.T.);
#2420 = EDGE_CURVE('',#2398,#2421,#2423,.T.);
#2421 = VERTEX_POINT('',#2422);
#2422 = CARTESIAN_POINT('',(10.75,9.5,-0.6));
#2423 = SURFACE_CURVE('',#2424,(#2428,#2434),.PCURVE_S1.);
#2424 = LINE('',#2425,#2426);
#2425 = CARTESIAN_POINT('',(7.75,9.5,-0.6));
#2426 = VECTOR('',#2427,1.);
#2427 = DIRECTION('',(1.,0.,0.));
#2428 = PCURVE('',#2361,#2429);
#2429 = DEFINITIONAL_REPRESENTATION('',(#2430),#2433);
#2430 = B_SPLINE_CURVE_WITH_KNOTS('',1,(#2431,#2432),.UNSPECIFIED.,.F.,
  .F.,(2,2),(0.,3.),.PIECEWISE_BEZIER_KNOTS.);
#2431 = CARTESIAN_POINT('',(0.,0.6));
#2432 = CARTESIAN_POINT('',(3.,0.6));
#2433 = ( GEOMETRIC_REPRESENTATION_CONTEXT(2) 
PARAMETRIC_REPRESENTATION_CONTEXT() REPRESENTATION_CONTEXT('2D SPACE',''
  ) );
#2434 = PCURVE('',#1593,#2435);
#2435 = DEFINITIONAL_REPRESENTATION('',(#2436),#2439);
#2436 = B_SPLINE_CURVE_WITH_KNOTS('',1,(#2437,#2438),.UNSPECIFIED.,.F.,
  .F.,(2,2),(0.,3.),.PIECEWISE_BEZIER_KNOTS.);
#2437 = CARTESIAN_POINT('',(0.4,0.));
#2438 = CARTESIAN_POINT('',(0.4,3.));
#2439 = ( GEOMETRIC_REPRESENTATION_CONTEXT(2) 
PARAMETRIC_REPRESENTATION_CONTEXT() REPRESENTATION_CONTEXT('2D SPACE',''
  ) );
#2440 = ORIENTED_EDGE('',*,*,#2441,.T.);
#2441 = EDGE_CURVE('',#2421,#2346,#2442,.T.);
#2442 = SURFACE_CURVE('',#2443,(#2447,#2454),.PCURVE_S1.);
#2443 = LINE('',#2444,#2445);
#2444 = CARTESIAN_POINT('',(10.75,8.9,-0.6));
#2445 = VECTOR('',#2446,1.);
#2446 = DIRECTION('',(0.,1.,0.));
#2447 = PCURVE('',#2361,#2448);
#2448 = DEFINITIONAL_REPRESENTATION('',(#2449),#2453);
#2449 = LINE('',#2450,#2451);
#2450 = CARTESIAN_POINT('',(3.,0.));
#2451 = VECTOR('',#2452,1.);
#2452 = DIRECTION('',(0.,1.));
#2453 = ( GEOMETRIC_REPRESENTATION_CONTEXT(2) 
PARAMETRIC_REPRESENTATION_CONTEXT() REPRESENTATION_CONTEXT('2D SPACE',''
  ) );
#2454 = PCURVE('',#1675,#2455);
#2455 = DEFINITIONAL_REPRESENTATION('',(#2456),#2460);
#2456 = LINE('',#2457,#2458);
#2457 = CARTESIAN_POINT('',(0.4,0.));
#2458 = VECTOR('',#2459,1.);
#2459 = DIRECTION('',(0.,-1.));
#2460 = ( GEOMETRIC_REPRESENTATION_CONTEXT(2) 
PARAMETRIC_REPRESENTATION_CONTEXT() REPRESENTATION_CONTEXT('2D SPACE',''
  ) );
#2461 = ORIENTED_EDGE('',*,*,#2345,.F.);
#2462 = ADVANCED_FACE('',(#2463),#1621,.F.);
#2463 = FACE_BOUND('',#2464,.F.);
#2464 = EDGE_LOOP('',(#2465,#2466,#2467,#2468,#2469,#2490));
#2465 = ORIENTED_EDGE('',*,*,#2220,.T.);
#2466 = ORIENTED_EDGE('',*,*,#2297,.F.);
#2467 = ORIENTED_EDGE('',*,*,#2322,.T.);
#2468 = ORIENTED_EDGE('',*,*,#2397,.F.);
#2469 = ORIENTED_EDGE('',*,*,#2470,.T.);
#2470 = EDGE_CURVE('',#2398,#1576,#2471,.T.);
#2471 = SURFACE_CURVE('',#2472,(#2476,#2483),.PCURVE_S1.);
#2472 = LINE('',#2473,#2474);
#2473 = CARTESIAN_POINT('',(7.75,9.5,-1.));
#2474 = VECTOR('',#2475,1.);
#2475 = DIRECTION('',(0.,0.,1.));
#2476 = PCURVE('',#1621,#2477);
#2477 = DEFINITIONAL_REPRESENTATION('',(#2478),#2482);
#2478 = LINE('',#2479,#2480);
#2479 = CARTESIAN_POINT('',(0.,-0.6));
#2480 = VECTOR('',#2481,1.);
#2481 = DIRECTION('',(1.,0.));
#2482 = ( GEOMETRIC_REPRESENTATION_CONTEXT(2) 
PARAMETRIC_REPRESENTATION_CONTEXT() REPRESENTATION_CONTEXT('2D SPACE',''
  ) );
#2483 = PCURVE('',#1593,#2484);
#2484 = DEFINITIONAL_REPRESENTATION('',(#2485),#2489);
#2485 = LINE('',#2486,#2487);
#2486 = CARTESIAN_POINT('',(0.,0.));
#2487 = VECTOR('',#2488,1.);
#2488 = DIRECTION('',(1.,0.));
#2489 = ( GEOMETRIC_REPRESENTATION_CONTEXT(2) 
PARAMETRIC_REPRESENTATION_CONTEXT() REPRESENTATION_CONTEXT('2D SPACE',''
  ) );
#2490 = ORIENTED_EDGE('',*,*,#1605,.F.);
#2491 = ADVANCED_FACE('',(#2492),#1675,.T.);
#2492 = FACE_BOUND('',#2493,.T.);
#2493 = EDGE_LOOP('',(#2494,#2495,#2496,#2497,#2498,#2519));
#2494 = ORIENTED_EDGE('',*,*,#2169,.T.);
#2495 = ORIENTED_EDGE('',*,*,#2246,.T.);
#2496 = ORIENTED_EDGE('',*,*,#2373,.T.);
#2497 = ORIENTED_EDGE('',*,*,#2441,.F.);
#2498 = ORIENTED_EDGE('',*,*,#2499,.T.);
#2499 = EDGE_CURVE('',#2421,#1578,#2500,.T.);
#2500 = SURFACE_CURVE('',#2501,(#2505,#2512),.PCURVE_S1.);
#2501 = LINE('',#2502,#2503);
#2502 = CARTESIAN_POINT('',(10.75,9.5,-1.));
#2503 = VECTOR('',#2504,1.);
#2504 = DIRECTION('',(0.,0.,1.));
#2505 = PCURVE('',#1675,#2506);
#2506 = DEFINITIONAL_REPRESENTATION('',(#2507),#2511);
#2507 = LINE('',#2508,#2509);
#2508 = CARTESIAN_POINT('',(0.,-0.6));
#2509 = VECTOR('',#2510,1.);
#2510 = DIRECTION('',(1.,0.));
#2511 = ( GEOMETRIC_REPRESENTATION_CONTEXT(2) 
PARAMETRIC_REPRESENTATION_CONTEXT() REPRESENTATION_CONTEXT('2D SPACE',''
  ) );
#2512 = PCURVE('',#1593,#2513);
#2513 = DEFINITIONAL_REPRESENTATION('',(#2514),#2518);
#2514 = LINE('',#2515,#2516);
#2515 = CARTESIAN_POINT('',(0.,3.));
#2516 = VECTOR('',#2517,1.);
#2517 = DIRECTION('',(1.,0.));
#2518 = ( GEOMETRIC_REPRESENTATION_CONTEXT(2) 
PARAMETRIC_REPRESENTATION_CONTEXT() REPRESENTATION_CONTEXT('2D SPACE',''
  ) );
#2519 = ORIENTED_EDGE('',*,*,#1661,.F.);
#2520 = ADVANCED_FACE('',(#2521),#1593,.T.);
#2521 = FACE_BOUND('',#2522,.T.);
#2522 = EDGE_LOOP('',(#2523,#2524,#2525,#2526));
#2523 = ORIENTED_EDGE('',*,*,#2499,.F.);
#2524 = ORIENTED_EDGE('',*,*,#2420,.F.);
#2525 = ORIENTED_EDGE('',*,*,#2470,.T.);
#2526 = ORIENTED_EDGE('',*,*,#1575,.T.);
#2527 = ADVANCED_FACE('',(#2528),#1532,.F.);
#2528 = FACE_BOUND('',#2529,.F.);
#2529 = EDGE_LOOP('',(#2530,#2553,#2579,#2600));
#2530 = ORIENTED_EDGE('',*,*,#2531,.F.);
#2531 = EDGE_CURVE('',#2532,#1517,#2534,.T.);
#2532 = VERTEX_POINT('',#2533);
#2533 = CARTESIAN_POINT('',(-9.25,-9.5,-0.6));
#2534 = SURFACE_CURVE('',#2535,(#2539,#2546),.PCURVE_S1.);
#2535 = LINE('',#2536,#2537);
#2536 = CARTESIAN_POINT('',(-9.25,-9.5,-1.));
#2537 = VECTOR('',#2538,1.);
#2538 = DIRECTION('',(0.,0.,1.));
#2539 = PCURVE('',#1532,#2540);
#2540 = DEFINITIONAL_REPRESENTATION('',(#2541),#2545);
#2541 = LINE('',#2542,#2543);
#2542 = CARTESIAN_POINT('',(0.,3.));
#2543 = VECTOR('',#2544,1.);
#2544 = DIRECTION('',(1.,0.));
#2545 = ( GEOMETRIC_REPRESENTATION_CONTEXT(2) 
PARAMETRIC_REPRESENTATION_CONTEXT() REPRESENTATION_CONTEXT('2D SPACE',''
  ) );
#2546 = PCURVE('',#1558,#2547);
#2547 = DEFINITIONAL_REPRESENTATION('',(#2548),#2552);
#2548 = LINE('',#2549,#2550);
#2549 = CARTESIAN_POINT('',(0.,0.));
#2550 = VECTOR('',#2551,1.);
#2551 = DIRECTION('',(1.,0.));
#2552 = ( GEOMETRIC_REPRESENTATION_CONTEXT(2) 
PARAMETRIC_REPRESENTATION_CONTEXT() REPRESENTATION_CONTEXT('2D SPACE',''
  ) );
#2553 = ORIENTED_EDGE('',*,*,#2554,.F.);
#2554 = EDGE_CURVE('',#2555,#2532,#2557,.T.);
#2555 = VERTEX_POINT('',#2556);
#2556 = CARTESIAN_POINT('',(-12.25,-9.5,-0.6));
#2557 = SURFACE_CURVE('',#2558,(#2562,#2568),.PCURVE_S1.);
#2558 = LINE('',#2559,#2560);
#2559 = CARTESIAN_POINT('',(-12.25,-9.5,-0.6));
#2560 = VECTOR('',#2561,1.);
#2561 = DIRECTION('',(1.,0.,0.));
#2562 = PCURVE('',#1532,#2563);
#2563 = DEFINITIONAL_REPRESENTATION('',(#2564),#2567);
#2564 = B_SPLINE_CURVE_WITH_KNOTS('',1,(#2565,#2566),.UNSPECIFIED.,.F.,
  .F.,(2,2),(0.,3.),.PIECEWISE_BEZIER_KNOTS.);
#2565 = CARTESIAN_POINT('',(0.4,0.));
#2566 = CARTESIAN_POINT('',(0.4,3.));
#2567 = ( GEOMETRIC_REPRESENTATION_CONTEXT(2) 
PARAMETRIC_REPRESENTATION_CONTEXT() REPRESENTATION_CONTEXT('2D SPACE',''
  ) );
#2568 = PCURVE('',#2569,#2574);
#2569 = PLANE('',#2570);
#2570 = AXIS2_PLACEMENT_3D('',#2571,#2572,#2573);
#2571 = CARTESIAN_POINT('',(-12.25,-10.1,-0.6));
#2572 = DIRECTION('',(0.,0.,1.));
#2573 = DIRECTION('',(1.,0.,0.));
#2574 = DEFINITIONAL_REPRESENTATION('',(#2575),#2578);
#2575 = B_SPLINE_CURVE_WITH_KNOTS('',1,(#2576,#2577),.UNSPECIFIED.,.F.,
  .F.,(2,2),(0.,3.),.PIECEWISE_BEZIER_KNOTS.);
#2576 = CARTESIAN_POINT('',(0.,0.6));
#2577 = CARTESIAN_POINT('',(3.,0.6));
#2578 = ( GEOMETRIC_REPRESENTATION_CONTEXT(2) 
PARAMETRIC_REPRESENTATION_CONTEXT() REPRESENTATION_CONTEXT('2D SPACE',''
  ) );
#2579 = ORIENTED_EDGE('',*,*,#2580,.T.);
#2580 = EDGE_CURVE('',#2555,#1489,#2581,.T.);
#2581 = SURFACE_CURVE('',#2582,(#2586,#2593),.PCURVE_S1.);
#2582 = LINE('',#2583,#2584);
#2583 = CARTESIAN_POINT('',(-12.25,-9.5,-1.));
#2584 = VECTOR('',#2585,1.);
#2585 = DIRECTION('',(0.,0.,1.));
#2586 = PCURVE('',#1532,#2587);
#2587 = DEFINITIONAL_REPRESENTATION('',(#2588),#2592);
#2588 = LINE('',#2589,#2590);
#2589 = CARTESIAN_POINT('',(0.,0.));
#2590 = VECTOR('',#2591,1.);
#2591 = DIRECTION('',(1.,0.));
#2592 = ( GEOMETRIC_REPRESENTATION_CONTEXT(2) 
PARAMETRIC_REPRESENTATION_CONTEXT() REPRESENTATION_CONTEXT('2D SPACE',''
  ) );
#2593 = PCURVE('',#1504,#2594);
#2594 = DEFINITIONAL_REPRESENTATION('',(#2595),#2599);
#2595 = LINE('',#2596,#2597);
#2596 = CARTESIAN_POINT('',(0.,0.));
#2597 = VECTOR('',#2598,1.);
#2598 = DIRECTION('',(1.,0.));
#2599 = ( GEOMETRIC_REPRESENTATION_CONTEXT(2) 
PARAMETRIC_REPRESENTATION_CONTEXT() REPRESENTATION_CONTEXT('2D SPACE',''
  ) );
#2600 = ORIENTED_EDGE('',*,*,#1516,.T.);
#2601 = ADVANCED_FACE('',(#2602),#2569,.T.);
#2602 = FACE_BOUND('',#2603,.T.);
#2603 = EDGE_LOOP('',(#2604,#2627,#2655,#2676));
#2604 = ORIENTED_EDGE('',*,*,#2605,.F.);
#2605 = EDGE_CURVE('',#2606,#2555,#2608,.T.);
#2606 = VERTEX_POINT('',#2607);
#2607 = CARTESIAN_POINT('',(-12.25,-10.1,-0.6));
#2608 = SURFACE_CURVE('',#2609,(#2613,#2620),.PCURVE_S1.);
#2609 = LINE('',#2610,#2611);
#2610 = CARTESIAN_POINT('',(-12.25,-10.1,-0.6));
#2611 = VECTOR('',#2612,1.);
#2612 = DIRECTION('',(0.,1.,0.));
#2613 = PCURVE('',#2569,#2614);
#2614 = DEFINITIONAL_REPRESENTATION('',(#2615),#2619);
#2615 = LINE('',#2616,#2617);
#2616 = CARTESIAN_POINT('',(0.,0.));
#2617 = VECTOR('',#2618,1.);
#2618 = DIRECTION('',(0.,1.));
#2619 = ( GEOMETRIC_REPRESENTATION_CONTEXT(2) 
PARAMETRIC_REPRESENTATION_CONTEXT() REPRESENTATION_CONTEXT('2D SPACE',''
  ) );
#2620 = PCURVE('',#1504,#2621);
#2621 = DEFINITIONAL_REPRESENTATION('',(#2622),#2626);
#2622 = LINE('',#2623,#2624);
#2623 = CARTESIAN_POINT('',(0.4,0.6));
#2624 = VECTOR('',#2625,1.);
#2625 = DIRECTION('',(0.,-1.));
#2626 = ( GEOMETRIC_REPRESENTATION_CONTEXT(2) 
PARAMETRIC_REPRESENTATION_CONTEXT() REPRESENTATION_CONTEXT('2D SPACE',''
  ) );
#2627 = ORIENTED_EDGE('',*,*,#2628,.T.);
#2628 = EDGE_CURVE('',#2606,#2629,#2631,.T.);
#2629 = VERTEX_POINT('',#2630);
#2630 = CARTESIAN_POINT('',(-9.25,-10.1,-0.6));
#2631 = SURFACE_CURVE('',#2632,(#2636,#2643),.PCURVE_S1.);
#2632 = LINE('',#2633,#2634);
#2633 = CARTESIAN_POINT('',(-12.25,-10.1,-0.6));
#2634 = VECTOR('',#2635,1.);
#2635 = DIRECTION('',(1.,0.,0.));
#2636 = PCURVE('',#2569,#2637);
#2637 = DEFINITIONAL_REPRESENTATION('',(#2638),#2642);
#2638 = LINE('',#2639,#2640);
#2639 = CARTESIAN_POINT('',(0.,0.));
#2640 = VECTOR('',#2641,1.);
#2641 = DIRECTION('',(1.,0.));
#2642 = ( GEOMETRIC_REPRESENTATION_CONTEXT(2) 
PARAMETRIC_REPRESENTATION_CONTEXT() REPRESENTATION_CONTEXT('2D SPACE',''
  ) );
#2643 = PCURVE('',#2644,#2649);
#2644 = PLANE('',#2645);
#2645 = AXIS2_PLACEMENT_3D('',#2646,#2647,#2648);
#2646 = CARTESIAN_POINT('',(-12.25,-10.1,-1.));
#2647 = DIRECTION('',(0.,1.,0.));
#2648 = DIRECTION('',(0.,0.,1.));
#2649 = DEFINITIONAL_REPRESENTATION('',(#2650),#2654);
#2650 = LINE('',#2651,#2652);
#2651 = CARTESIAN_POINT('',(0.4,0.));
#2652 = VECTOR('',#2653,1.);
#2653 = DIRECTION('',(0.,1.));
#2654 = ( GEOMETRIC_REPRESENTATION_CONTEXT(2) 
PARAMETRIC_REPRESENTATION_CONTEXT() REPRESENTATION_CONTEXT('2D SPACE',''
  ) );
#2655 = ORIENTED_EDGE('',*,*,#2656,.T.);
#2656 = EDGE_CURVE('',#2629,#2532,#2657,.T.);
#2657 = SURFACE_CURVE('',#2658,(#2662,#2669),.PCURVE_S1.);
#2658 = LINE('',#2659,#2660);
#2659 = CARTESIAN_POINT('',(-9.25,-10.1,-0.6));
#2660 = VECTOR('',#2661,1.);
#2661 = DIRECTION('',(0.,1.,0.));
#2662 = PCURVE('',#2569,#2663);
#2663 = DEFINITIONAL_REPRESENTATION('',(#2664),#2668);
#2664 = LINE('',#2665,#2666);
#2665 = CARTESIAN_POINT('',(3.,0.));
#2666 = VECTOR('',#2667,1.);
#2667 = DIRECTION('',(0.,1.));
#2668 = ( GEOMETRIC_REPRESENTATION_CONTEXT(2) 
PARAMETRIC_REPRESENTATION_CONTEXT() REPRESENTATION_CONTEXT('2D SPACE',''
  ) );
#2669 = PCURVE('',#1558,#2670);
#2670 = DEFINITIONAL_REPRESENTATION('',(#2671),#2675);
#2671 = LINE('',#2672,#2673);
#2672 = CARTESIAN_POINT('',(0.4,0.6));
#2673 = VECTOR('',#2674,1.);
#2674 = DIRECTION('',(0.,-1.));
#2675 = ( GEOMETRIC_REPRESENTATION_CONTEXT(2) 
PARAMETRIC_REPRESENTATION_CONTEXT() REPRESENTATION_CONTEXT('2D SPACE',''
  ) );
#2676 = ORIENTED_EDGE('',*,*,#2554,.F.);
#2677 = ADVANCED_FACE('',(#2678),#2644,.F.);
#2678 = FACE_BOUND('',#2679,.F.);
#2679 = EDGE_LOOP('',(#2680,#2710,#2731,#2732));
#2680 = ORIENTED_EDGE('',*,*,#2681,.F.);
#2681 = EDGE_CURVE('',#2682,#2684,#2686,.T.);
#2682 = VERTEX_POINT('',#2683);
#2683 = CARTESIAN_POINT('',(-12.25,-10.1,-1.));
#2684 = VERTEX_POINT('',#2685);
#2685 = CARTESIAN_POINT('',(-9.25,-10.1,-1.));
#2686 = SURFACE_CURVE('',#2687,(#2691,#2698),.PCURVE_S1.);
#2687 = LINE('',#2688,#2689);
#2688 = CARTESIAN_POINT('',(-12.25,-10.1,-1.));
#2689 = VECTOR('',#2690,1.);
#2690 = DIRECTION('',(1.,0.,0.));
#2691 = PCURVE('',#2644,#2692);
#2692 = DEFINITIONAL_REPRESENTATION('',(#2693),#2697);
#2693 = LINE('',#2694,#2695);
#2694 = CARTESIAN_POINT('',(0.,0.));
#2695 = VECTOR('',#2696,1.);
#2696 = DIRECTION('',(0.,1.));
#2697 = ( GEOMETRIC_REPRESENTATION_CONTEXT(2) 
PARAMETRIC_REPRESENTATION_CONTEXT() REPRESENTATION_CONTEXT('2D SPACE',''
  ) );
#2698 = PCURVE('',#2699,#2704);
#2699 = PLANE('',#2700);
#2700 = AXIS2_PLACEMENT_3D('',#2701,#2702,#2703);
#2701 = CARTESIAN_POINT('',(-12.25,-9.5,-1.));
#2702 = DIRECTION('',(0.,0.,1.));
#2703 = DIRECTION('',(1.,0.,0.));
#2704 = DEFINITIONAL_REPRESENTATION('',(#2705),#2709);
#2705 = LINE('',#2706,#2707);
#2706 = CARTESIAN_POINT('',(0.,-0.6));
#2707 = VECTOR('',#2708,1.);
#2708 = DIRECTION('',(1.,0.));
#2709 = ( GEOMETRIC_REPRESENTATION_CONTEXT(2) 
PARAMETRIC_REPRESENTATION_CONTEXT() REPRESENTATION_CONTEXT('2D SPACE',''
  ) );
#2710 = ORIENTED_EDGE('',*,*,#2711,.T.);
#2711 = EDGE_CURVE('',#2682,#2606,#2712,.T.);
#2712 = SURFACE_CURVE('',#2713,(#2717,#2724),.PCURVE_S1.);
#2713 = LINE('',#2714,#2715);
#2714 = CARTESIAN_POINT('',(-12.25,-10.1,-1.));
#2715 = VECTOR('',#2716,1.);
#2716 = DIRECTION('',(0.,0.,1.));
#2717 = PCURVE('',#2644,#2718);
#2718 = DEFINITIONAL_REPRESENTATION('',(#2719),#2723);
#2719 = LINE('',#2720,#2721);
#2720 = CARTESIAN_POINT('',(0.,0.));
#2721 = VECTOR('',#2722,1.);
#2722 = DIRECTION('',(1.,0.));
#2723 = ( GEOMETRIC_REPRESENTATION_CONTEXT(2) 
PARAMETRIC_REPRESENTATION_CONTEXT() REPRESENTATION_CONTEXT('2D SPACE',''
  ) );
#2724 = PCURVE('',#1504,#2725);
#2725 = DEFINITIONAL_REPRESENTATION('',(#2726),#2730);
#2726 = LINE('',#2727,#2728);
#2727 = CARTESIAN_POINT('',(0.,0.6));
#2728 = VECTOR('',#2729,1.);
#2729 = DIRECTION('',(1.,0.));
#2730 = ( GEOMETRIC_REPRESENTATION_CONTEXT(2) 
PARAMETRIC_REPRESENTATION_CONTEXT() REPRESENTATION_CONTEXT('2D SPACE',''
  ) );
#2731 = ORIENTED_EDGE('',*,*,#2628,.T.);
#2732 = ORIENTED_EDGE('',*,*,#2733,.F.);
#2733 = EDGE_CURVE('',#2684,#2629,#2734,.T.);
#2734 = SURFACE_CURVE('',#2735,(#2739,#2746),.PCURVE_S1.);
#2735 = LINE('',#2736,#2737);
#2736 = CARTESIAN_POINT('',(-9.25,-10.1,-1.));
#2737 = VECTOR('',#2738,1.);
#2738 = DIRECTION('',(0.,0.,1.));
#2739 = PCURVE('',#2644,#2740);
#2740 = DEFINITIONAL_REPRESENTATION('',(#2741),#2745);
#2741 = LINE('',#2742,#2743);
#2742 = CARTESIAN_POINT('',(0.,3.));
#2743 = VECTOR('',#2744,1.);
#2744 = DIRECTION('',(1.,0.));
#2745 = ( GEOMETRIC_REPRESENTATION_CONTEXT(2) 
PARAMETRIC_REPRESENTATION_CONTEXT() REPRESENTATION_CONTEXT('2D SPACE',''
  ) );
#2746 = PCURVE('',#1558,#2747);
#2747 = DEFINITIONAL_REPRESENTATION('',(#2748),#2752);
#2748 = LINE('',#2749,#2750);
#2749 = CARTESIAN_POINT('',(0.,0.6));
#2750 = VECTOR('',#2751,1.);
#2751 = DIRECTION('',(1.,0.));
#2752 = ( GEOMETRIC_REPRESENTATION_CONTEXT(2) 
PARAMETRIC_REPRESENTATION_CONTEXT() REPRESENTATION_CONTEXT('2D SPACE',''
  ) );
#2753 = ADVANCED_FACE('',(#2754),#2699,.F.);
#2754 = FACE_BOUND('',#2755,.F.);
#2755 = EDGE_LOOP('',(#2756,#2779,#2780,#2803));
#2756 = ORIENTED_EDGE('',*,*,#2757,.T.);
#2757 = EDGE_CURVE('',#2758,#2682,#2760,.T.);
#2758 = VERTEX_POINT('',#2759);
#2759 = CARTESIAN_POINT('',(-12.25,-8.9,-1.));
#2760 = SURFACE_CURVE('',#2761,(#2765,#2772),.PCURVE_S1.);
#2761 = LINE('',#2762,#2763);
#2762 = CARTESIAN_POINT('',(-12.25,-8.9,-1.));
#2763 = VECTOR('',#2764,1.);
#2764 = DIRECTION('',(0.,-1.,0.));
#2765 = PCURVE('',#2699,#2766);
#2766 = DEFINITIONAL_REPRESENTATION('',(#2767),#2771);
#2767 = LINE('',#2768,#2769);
#2768 = CARTESIAN_POINT('',(0.,0.6));
#2769 = VECTOR('',#2770,1.);
#2770 = DIRECTION('',(0.,-1.));
#2771 = ( GEOMETRIC_REPRESENTATION_CONTEXT(2) 
PARAMETRIC_REPRESENTATION_CONTEXT() REPRESENTATION_CONTEXT('2D SPACE',''
  ) );
#2772 = PCURVE('',#1504,#2773);
#2773 = DEFINITIONAL_REPRESENTATION('',(#2774),#2778);
#2774 = LINE('',#2775,#2776);
#2775 = CARTESIAN_POINT('',(0.,-0.6));
#2776 = VECTOR('',#2777,1.);
#2777 = DIRECTION('',(0.,1.));
#2778 = ( GEOMETRIC_REPRESENTATION_CONTEXT(2) 
PARAMETRIC_REPRESENTATION_CONTEXT() REPRESENTATION_CONTEXT('2D SPACE',''
  ) );
#2779 = ORIENTED_EDGE('',*,*,#2681,.T.);
#2780 = ORIENTED_EDGE('',*,*,#2781,.T.);
#2781 = EDGE_CURVE('',#2684,#2782,#2784,.T.);
#2782 = VERTEX_POINT('',#2783);
#2783 = CARTESIAN_POINT('',(-9.25,-8.9,-1.));
#2784 = SURFACE_CURVE('',#2785,(#2789,#2796),.PCURVE_S1.);
#2785 = LINE('',#2786,#2787);
#2786 = CARTESIAN_POINT('',(-9.25,-10.1,-1.));
#2787 = VECTOR('',#2788,1.);
#2788 = DIRECTION('',(0.,1.,0.));
#2789 = PCURVE('',#2699,#2790);
#2790 = DEFINITIONAL_REPRESENTATION('',(#2791),#2795);
#2791 = LINE('',#2792,#2793);
#2792 = CARTESIAN_POINT('',(3.,-0.6));
#2793 = VECTOR('',#2794,1.);
#2794 = DIRECTION('',(0.,1.));
#2795 = ( GEOMETRIC_REPRESENTATION_CONTEXT(2) 
PARAMETRIC_REPRESENTATION_CONTEXT() REPRESENTATION_CONTEXT('2D SPACE',''
  ) );
#2796 = PCURVE('',#1558,#2797);
#2797 = DEFINITIONAL_REPRESENTATION('',(#2798),#2802);
#2798 = LINE('',#2799,#2800);
#2799 = CARTESIAN_POINT('',(0.,0.6));
#2800 = VECTOR('',#2801,1.);
#2801 = DIRECTION('',(0.,-1.));
#2802 = ( GEOMETRIC_REPRESENTATION_CONTEXT(2) 
PARAMETRIC_REPRESENTATION_CONTEXT() REPRESENTATION_CONTEXT('2D SPACE',''
  ) );
#2803 = ORIENTED_EDGE('',*,*,#2804,.F.);
#2804 = EDGE_CURVE('',#2758,#2782,#2805,.T.);
#2805 = SURFACE_CURVE('',#2806,(#2810,#2817),.PCURVE_S1.);
#2806 = LINE('',#2807,#2808);
#2807 = CARTESIAN_POINT('',(-12.25,-8.9,-1.));
#2808 = VECTOR('',#2809,1.);
#2809 = DIRECTION('',(1.,0.,0.));
#2810 = PCURVE('',#2699,#2811);
#2811 = DEFINITIONAL_REPRESENTATION('',(#2812),#2816);
#2812 = LINE('',#2813,#2814);
#2813 = CARTESIAN_POINT('',(0.,0.6));
#2814 = VECTOR('',#2815,1.);
#2815 = DIRECTION('',(1.,0.));
#2816 = ( GEOMETRIC_REPRESENTATION_CONTEXT(2) 
PARAMETRIC_REPRESENTATION_CONTEXT() REPRESENTATION_CONTEXT('2D SPACE',''
  ) );
#2817 = PCURVE('',#1476,#2818);
#2818 = DEFINITIONAL_REPRESENTATION('',(#2819),#2823);
#2819 = LINE('',#2820,#2821);
#2820 = CARTESIAN_POINT('',(0.,0.));
#2821 = VECTOR('',#2822,1.);
#2822 = DIRECTION('',(0.,1.));
#2823 = ( GEOMETRIC_REPRESENTATION_CONTEXT(2) 
PARAMETRIC_REPRESENTATION_CONTEXT() REPRESENTATION_CONTEXT('2D SPACE',''
  ) );
#2824 = ADVANCED_FACE('',(#2825),#1504,.F.);
#2825 = FACE_BOUND('',#2826,.F.);
#2826 = EDGE_LOOP('',(#2827,#2828,#2829,#2830,#2831,#2852));
#2827 = ORIENTED_EDGE('',*,*,#2580,.F.);
#2828 = ORIENTED_EDGE('',*,*,#2605,.F.);
#2829 = ORIENTED_EDGE('',*,*,#2711,.F.);
#2830 = ORIENTED_EDGE('',*,*,#2757,.F.);
#2831 = ORIENTED_EDGE('',*,*,#2832,.T.);
#2832 = EDGE_CURVE('',#2758,#1459,#2833,.T.);
#2833 = SURFACE_CURVE('',#2834,(#2838,#2845),.PCURVE_S1.);
#2834 = LINE('',#2835,#2836);
#2835 = CARTESIAN_POINT('',(-12.25,-8.9,-1.));
#2836 = VECTOR('',#2837,1.);
#2837 = DIRECTION('',(0.,0.,1.));
#2838 = PCURVE('',#1504,#2839);
#2839 = DEFINITIONAL_REPRESENTATION('',(#2840),#2844);
#2840 = LINE('',#2841,#2842);
#2841 = CARTESIAN_POINT('',(0.,-0.6));
#2842 = VECTOR('',#2843,1.);
#2843 = DIRECTION('',(1.,0.));
#2844 = ( GEOMETRIC_REPRESENTATION_CONTEXT(2) 
PARAMETRIC_REPRESENTATION_CONTEXT() REPRESENTATION_CONTEXT('2D SPACE',''
  ) );
#2845 = PCURVE('',#1476,#2846);
#2846 = DEFINITIONAL_REPRESENTATION('',(#2847),#2851);
#2847 = LINE('',#2848,#2849);
#2848 = CARTESIAN_POINT('',(0.,0.));
#2849 = VECTOR('',#2850,1.);
#2850 = DIRECTION('',(1.,0.));
#2851 = ( GEOMETRIC_REPRESENTATION_CONTEXT(2) 
PARAMETRIC_REPRESENTATION_CONTEXT() REPRESENTATION_CONTEXT('2D SPACE',''
  ) );
#2852 = ORIENTED_EDGE('',*,*,#1488,.F.);
#2853 = ADVANCED_FACE('',(#2854),#1558,.T.);
#2854 = FACE_BOUND('',#2855,.T.);
#2855 = EDGE_LOOP('',(#2856,#2857,#2858,#2859,#2860,#2881));
#2856 = ORIENTED_EDGE('',*,*,#2531,.F.);
#2857 = ORIENTED_EDGE('',*,*,#2656,.F.);
#2858 = ORIENTED_EDGE('',*,*,#2733,.F.);
#2859 = ORIENTED_EDGE('',*,*,#2781,.T.);
#2860 = ORIENTED_EDGE('',*,*,#2861,.F.);
#2861 = EDGE_CURVE('',#1461,#2782,#2862,.T.);
#2862 = SURFACE_CURVE('',#2863,(#2867,#2874),.PCURVE_S1.);
#2863 = LINE('',#2864,#2865);
#2864 = CARTESIAN_POINT('',(-9.25,-8.9,0.));
#2865 = VECTOR('',#2866,1.);
#2866 = DIRECTION('',(0.,0.,-1.));
#2867 = PCURVE('',#1558,#2868);
#2868 = DEFINITIONAL_REPRESENTATION('',(#2869),#2873);
#2869 = LINE('',#2870,#2871);
#2870 = CARTESIAN_POINT('',(1.,-0.6));
#2871 = VECTOR('',#2872,1.);
#2872 = DIRECTION('',(-1.,0.));
#2873 = ( GEOMETRIC_REPRESENTATION_CONTEXT(2) 
PARAMETRIC_REPRESENTATION_CONTEXT() REPRESENTATION_CONTEXT('2D SPACE',''
  ) );
#2874 = PCURVE('',#1476,#2875);
#2875 = DEFINITIONAL_REPRESENTATION('',(#2876),#2880);
#2876 = LINE('',#2877,#2878);
#2877 = CARTESIAN_POINT('',(1.,3.));
#2878 = VECTOR('',#2879,1.);
#2879 = DIRECTION('',(-1.,0.));
#2880 = ( GEOMETRIC_REPRESENTATION_CONTEXT(2) 
PARAMETRIC_REPRESENTATION_CONTEXT() REPRESENTATION_CONTEXT('2D SPACE',''
  ) );
#2881 = ORIENTED_EDGE('',*,*,#1544,.F.);
#2882 = ADVANCED_FACE('',(#2883),#1476,.T.);
#2883 = FACE_BOUND('',#2884,.T.);
#2884 = EDGE_LOOP('',(#2885,#2886,#2887,#2888));
#2885 = ORIENTED_EDGE('',*,*,#2861,.T.);
#2886 = ORIENTED_EDGE('',*,*,#2804,.F.);
#2887 = ORIENTED_EDGE('',*,*,#2832,.T.);
#2888 = ORIENTED_EDGE('',*,*,#1458,.T.);
#2889 = ADVANCED_FACE('',(#2890),#1384,.F.);
#2890 = FACE_BOUND('',#2891,.F.);
#2891 = EDGE_LOOP('',(#2892,#2915,#2943,#2971,#2999,#3020));
#2892 = ORIENTED_EDGE('',*,*,#2893,.F.);
#2893 = EDGE_CURVE('',#2894,#1369,#2896,.T.);
#2894 = VERTEX_POINT('',#2895);
#2895 = CARTESIAN_POINT('',(7.75,-9.5,-0.6));
#2896 = SURFACE_CURVE('',#2897,(#2901,#2908),.PCURVE_S1.);
#2897 = LINE('',#2898,#2899);
#2898 = CARTESIAN_POINT('',(7.75,-9.5,-1.));
#2899 = VECTOR('',#2900,1.);
#2900 = DIRECTION('',(0.,0.,1.));
#2901 = PCURVE('',#1384,#2902);
#2902 = DEFINITIONAL_REPRESENTATION('',(#2903),#2907);
#2903 = LINE('',#2904,#2905);
#2904 = CARTESIAN_POINT('',(0.,0.));
#2905 = VECTOR('',#2906,1.);
#2906 = DIRECTION('',(1.,0.));
#2907 = ( GEOMETRIC_REPRESENTATION_CONTEXT(2) 
PARAMETRIC_REPRESENTATION_CONTEXT() REPRESENTATION_CONTEXT('2D SPACE',''
  ) );
#2908 = PCURVE('',#1412,#2909);
#2909 = DEFINITIONAL_REPRESENTATION('',(#2910),#2914);
#2910 = LINE('',#2911,#2912);
#2911 = CARTESIAN_POINT('',(0.,0.));
#2912 = VECTOR('',#2913,1.);
#2913 = DIRECTION('',(1.,0.));
#2914 = ( GEOMETRIC_REPRESENTATION_CONTEXT(2) 
PARAMETRIC_REPRESENTATION_CONTEXT() REPRESENTATION_CONTEXT('2D SPACE',''
  ) );
#2915 = ORIENTED_EDGE('',*,*,#2916,.F.);
#2916 = EDGE_CURVE('',#2917,#2894,#2919,.T.);
#2917 = VERTEX_POINT('',#2918);
#2918 = CARTESIAN_POINT('',(7.75,-10.1,-0.6));
#2919 = SURFACE_CURVE('',#2920,(#2924,#2931),.PCURVE_S1.);
#2920 = LINE('',#2921,#2922);
#2921 = CARTESIAN_POINT('',(7.75,-10.1,-0.6));
#2922 = VECTOR('',#2923,1.);
#2923 = DIRECTION('',(0.,1.,0.));
#2924 = PCURVE('',#1384,#2925);
#2925 = DEFINITIONAL_REPRESENTATION('',(#2926),#2930);
#2926 = LINE('',#2927,#2928);
#2927 = CARTESIAN_POINT('',(0.4,0.6));
#2928 = VECTOR('',#2929,1.);
#2929 = DIRECTION('',(0.,-1.));
#2930 = ( GEOMETRIC_REPRESENTATION_CONTEXT(2) 
PARAMETRIC_REPRESENTATION_CONTEXT() REPRESENTATION_CONTEXT('2D SPACE',''
  ) );
#2931 = PCURVE('',#2932,#2937);
#2932 = PLANE('',#2933);
#2933 = AXIS2_PLACEMENT_3D('',#2934,#2935,#2936);
#2934 = CARTESIAN_POINT('',(7.75,-10.1,-0.6));
#2935 = DIRECTION('',(0.,0.,1.));
#2936 = DIRECTION('',(1.,0.,0.));
#2937 = DEFINITIONAL_REPRESENTATION('',(#2938),#2942);
#2938 = LINE('',#2939,#2940);
#2939 = CARTESIAN_POINT('',(0.,0.));
#2940 = VECTOR('',#2941,1.);
#2941 = DIRECTION('',(0.,1.));
#2942 = ( GEOMETRIC_REPRESENTATION_CONTEXT(2) 
PARAMETRIC_REPRESENTATION_CONTEXT() REPRESENTATION_CONTEXT('2D SPACE',''
  ) );
#2943 = ORIENTED_EDGE('',*,*,#2944,.F.);
#2944 = EDGE_CURVE('',#2945,#2917,#2947,.T.);
#2945 = VERTEX_POINT('',#2946);
#2946 = CARTESIAN_POINT('',(7.75,-10.1,-1.));
#2947 = SURFACE_CURVE('',#2948,(#2952,#2959),.PCURVE_S1.);
#2948 = LINE('',#2949,#2950);
#2949 = CARTESIAN_POINT('',(7.75,-10.1,-1.));
#2950 = VECTOR('',#2951,1.);
#2951 = DIRECTION('',(0.,0.,1.));
#2952 = PCURVE('',#1384,#2953);
#2953 = DEFINITIONAL_REPRESENTATION('',(#2954),#2958);
#2954 = LINE('',#2955,#2956);
#2955 = CARTESIAN_POINT('',(0.,0.6));
#2956 = VECTOR('',#2957,1.);
#2957 = DIRECTION('',(1.,0.));
#2958 = ( GEOMETRIC_REPRESENTATION_CONTEXT(2) 
PARAMETRIC_REPRESENTATION_CONTEXT() REPRESENTATION_CONTEXT('2D SPACE',''
  ) );
#2959 = PCURVE('',#2960,#2965);
#2960 = PLANE('',#2961);
#2961 = AXIS2_PLACEMENT_3D('',#2962,#2963,#2964);
#2962 = CARTESIAN_POINT('',(7.75,-10.1,-1.));
#2963 = DIRECTION('',(0.,1.,0.));
#2964 = DIRECTION('',(0.,0.,1.));
#2965 = DEFINITIONAL_REPRESENTATION('',(#2966),#2970);
#2966 = LINE('',#2967,#2968);
#2967 = CARTESIAN_POINT('',(0.,0.));
#2968 = VECTOR('',#2969,1.);
#2969 = DIRECTION('',(1.,0.));
#2970 = ( GEOMETRIC_REPRESENTATION_CONTEXT(2) 
PARAMETRIC_REPRESENTATION_CONTEXT() REPRESENTATION_CONTEXT('2D SPACE',''
  ) );
#2971 = ORIENTED_EDGE('',*,*,#2972,.F.);
#2972 = EDGE_CURVE('',#2973,#2945,#2975,.T.);
#2973 = VERTEX_POINT('',#2974);
#2974 = CARTESIAN_POINT('',(7.75,-8.9,-1.));
#2975 = SURFACE_CURVE('',#2976,(#2980,#2987),.PCURVE_S1.);
#2976 = LINE('',#2977,#2978);
#2977 = CARTESIAN_POINT('',(7.75,-8.9,-1.));
#2978 = VECTOR('',#2979,1.);
#2979 = DIRECTION('',(0.,-1.,0.));
#2980 = PCURVE('',#1384,#2981);
#2981 = DEFINITIONAL_REPRESENTATION('',(#2982),#2986);
#2982 = LINE('',#2983,#2984);
#2983 = CARTESIAN_POINT('',(0.,-0.6));
#2984 = VECTOR('',#2985,1.);
#2985 = DIRECTION('',(0.,1.));
#2986 = ( GEOMETRIC_REPRESENTATION_CONTEXT(2) 
PARAMETRIC_REPRESENTATION_CONTEXT() REPRESENTATION_CONTEXT('2D SPACE',''
  ) );
#2987 = PCURVE('',#2988,#2993);
#2988 = PLANE('',#2989);
#2989 = AXIS2_PLACEMENT_3D('',#2990,#2991,#2992);
#2990 = CARTESIAN_POINT('',(7.75,-9.5,-1.));
#2991 = DIRECTION('',(0.,0.,1.));
#2992 = DIRECTION('',(1.,0.,0.));
#2993 = DEFINITIONAL_REPRESENTATION('',(#2994),#2998);
#2994 = LINE('',#2995,#2996);
#2995 = CARTESIAN_POINT('',(0.,0.6));
#2996 = VECTOR('',#2997,1.);
#2997 = DIRECTION('',(0.,-1.));
#2998 = ( GEOMETRIC_REPRESENTATION_CONTEXT(2) 
PARAMETRIC_REPRESENTATION_CONTEXT() REPRESENTATION_CONTEXT('2D SPACE',''
  ) );
#2999 = ORIENTED_EDGE('',*,*,#3000,.T.);
#3000 = EDGE_CURVE('',#2973,#1339,#3001,.T.);
#3001 = SURFACE_CURVE('',#3002,(#3006,#3013),.PCURVE_S1.);
#3002 = LINE('',#3003,#3004);
#3003 = CARTESIAN_POINT('',(7.75,-8.9,-1.));
#3004 = VECTOR('',#3005,1.);
#3005 = DIRECTION('',(0.,0.,1.));
#3006 = PCURVE('',#1384,#3007);
#3007 = DEFINITIONAL_REPRESENTATION('',(#3008),#3012);
#3008 = LINE('',#3009,#3010);
#3009 = CARTESIAN_POINT('',(0.,-0.6));
#3010 = VECTOR('',#3011,1.);
#3011 = DIRECTION('',(1.,0.));
#3012 = ( GEOMETRIC_REPRESENTATION_CONTEXT(2) 
PARAMETRIC_REPRESENTATION_CONTEXT() REPRESENTATION_CONTEXT('2D SPACE',''
  ) );
#3013 = PCURVE('',#1356,#3014);
#3014 = DEFINITIONAL_REPRESENTATION('',(#3015),#3019);
#3015 = LINE('',#3016,#3017);
#3016 = CARTESIAN_POINT('',(0.,0.));
#3017 = VECTOR('',#3018,1.);
#3018 = DIRECTION('',(1.,0.));
#3019 = ( GEOMETRIC_REPRESENTATION_CONTEXT(2) 
PARAMETRIC_REPRESENTATION_CONTEXT() REPRESENTATION_CONTEXT('2D SPACE',''
  ) );
#3020 = ORIENTED_EDGE('',*,*,#1368,.F.);
#3021 = ADVANCED_FACE('',(#3022),#2988,.F.);
#3022 = FACE_BOUND('',#3023,.F.);
#3023 = EDGE_LOOP('',(#3024,#3025,#3048,#3071));
#3024 = ORIENTED_EDGE('',*,*,#2972,.T.);
#3025 = ORIENTED_EDGE('',*,*,#3026,.T.);
#3026 = EDGE_CURVE('',#2945,#3027,#3029,.T.);
#3027 = VERTEX_POINT('',#3028);
#3028 = CARTESIAN_POINT('',(10.75,-10.1,-1.));
#3029 = SURFACE_CURVE('',#3030,(#3034,#3041),.PCURVE_S1.);
#3030 = LINE('',#3031,#3032);
#3031 = CARTESIAN_POINT('',(7.75,-10.1,-1.));
#3032 = VECTOR('',#3033,1.);
#3033 = DIRECTION('',(1.,0.,0.));
#3034 = PCURVE('',#2988,#3035);
#3035 = DEFINITIONAL_REPRESENTATION('',(#3036),#3040);
#3036 = LINE('',#3037,#3038);
#3037 = CARTESIAN_POINT('',(0.,-0.6));
#3038 = VECTOR('',#3039,1.);
#3039 = DIRECTION('',(1.,0.));
#3040 = ( GEOMETRIC_REPRESENTATION_CONTEXT(2) 
PARAMETRIC_REPRESENTATION_CONTEXT() REPRESENTATION_CONTEXT('2D SPACE',''
  ) );
#3041 = PCURVE('',#2960,#3042);
#3042 = DEFINITIONAL_REPRESENTATION('',(#3043),#3047);
#3043 = LINE('',#3044,#3045);
#3044 = CARTESIAN_POINT('',(0.,0.));
#3045 = VECTOR('',#3046,1.);
#3046 = DIRECTION('',(0.,1.));
#3047 = ( GEOMETRIC_REPRESENTATION_CONTEXT(2) 
PARAMETRIC_REPRESENTATION_CONTEXT() REPRESENTATION_CONTEXT('2D SPACE',''
  ) );
#3048 = ORIENTED_EDGE('',*,*,#3049,.T.);
#3049 = EDGE_CURVE('',#3027,#3050,#3052,.T.);
#3050 = VERTEX_POINT('',#3051);
#3051 = CARTESIAN_POINT('',(10.75,-8.9,-1.));
#3052 = SURFACE_CURVE('',#3053,(#3057,#3064),.PCURVE_S1.);
#3053 = LINE('',#3054,#3055);
#3054 = CARTESIAN_POINT('',(10.75,-10.1,-1.));
#3055 = VECTOR('',#3056,1.);
#3056 = DIRECTION('',(0.,1.,0.));
#3057 = PCURVE('',#2988,#3058);
#3058 = DEFINITIONAL_REPRESENTATION('',(#3059),#3063);
#3059 = LINE('',#3060,#3061);
#3060 = CARTESIAN_POINT('',(3.,-0.6));
#3061 = VECTOR('',#3062,1.);
#3062 = DIRECTION('',(0.,1.));
#3063 = ( GEOMETRIC_REPRESENTATION_CONTEXT(2) 
PARAMETRIC_REPRESENTATION_CONTEXT() REPRESENTATION_CONTEXT('2D SPACE',''
  ) );
#3064 = PCURVE('',#1438,#3065);
#3065 = DEFINITIONAL_REPRESENTATION('',(#3066),#3070);
#3066 = LINE('',#3067,#3068);
#3067 = CARTESIAN_POINT('',(0.,0.6));
#3068 = VECTOR('',#3069,1.);
#3069 = DIRECTION('',(0.,-1.));
#3070 = ( GEOMETRIC_REPRESENTATION_CONTEXT(2) 
PARAMETRIC_REPRESENTATION_CONTEXT() REPRESENTATION_CONTEXT('2D SPACE',''
  ) );
#3071 = ORIENTED_EDGE('',*,*,#3072,.F.);
#3072 = EDGE_CURVE('',#2973,#3050,#3073,.T.);
#3073 = SURFACE_CURVE('',#3074,(#3078,#3085),.PCURVE_S1.);
#3074 = LINE('',#3075,#3076);
#3075 = CARTESIAN_POINT('',(7.75,-8.9,-1.));
#3076 = VECTOR('',#3077,1.);
#3077 = DIRECTION('',(1.,0.,0.));
#3078 = PCURVE('',#2988,#3079);
#3079 = DEFINITIONAL_REPRESENTATION('',(#3080),#3084);
#3080 = LINE('',#3081,#3082);
#3081 = CARTESIAN_POINT('',(0.,0.6));
#3082 = VECTOR('',#3083,1.);
#3083 = DIRECTION('',(1.,0.));
#3084 = ( GEOMETRIC_REPRESENTATION_CONTEXT(2) 
PARAMETRIC_REPRESENTATION_CONTEXT() REPRESENTATION_CONTEXT('2D SPACE',''
  ) );
#3085 = PCURVE('',#1356,#3086);
#3086 = DEFINITIONAL_REPRESENTATION('',(#3087),#3091);
#3087 = LINE('',#3088,#3089);
#3088 = CARTESIAN_POINT('',(0.,0.));
#3089 = VECTOR('',#3090,1.);
#3090 = DIRECTION('',(0.,1.));
#3091 = ( GEOMETRIC_REPRESENTATION_CONTEXT(2) 
PARAMETRIC_REPRESENTATION_CONTEXT() REPRESENTATION_CONTEXT('2D SPACE',''
  ) );
#3092 = ADVANCED_FACE('',(#3093),#2960,.F.);
#3093 = FACE_BOUND('',#3094,.F.);
#3094 = EDGE_LOOP('',(#3095,#3096,#3097,#3120));
#3095 = ORIENTED_EDGE('',*,*,#3026,.F.);
#3096 = ORIENTED_EDGE('',*,*,#2944,.T.);
#3097 = ORIENTED_EDGE('',*,*,#3098,.T.);
#3098 = EDGE_CURVE('',#2917,#3099,#3101,.T.);
#3099 = VERTEX_POINT('',#3100);
#3100 = CARTESIAN_POINT('',(10.75,-10.1,-0.6));
#3101 = SURFACE_CURVE('',#3102,(#3106,#3113),.PCURVE_S1.);
#3102 = LINE('',#3103,#3104);
#3103 = CARTESIAN_POINT('',(7.75,-10.1,-0.6));
#3104 = VECTOR('',#3105,1.);
#3105 = DIRECTION('',(1.,0.,0.));
#3106 = PCURVE('',#2960,#3107);
#3107 = DEFINITIONAL_REPRESENTATION('',(#3108),#3112);
#3108 = LINE('',#3109,#3110);
#3109 = CARTESIAN_POINT('',(0.4,0.));
#3110 = VECTOR('',#3111,1.);
#3111 = DIRECTION('',(0.,1.));
#3112 = ( GEOMETRIC_REPRESENTATION_CONTEXT(2) 
PARAMETRIC_REPRESENTATION_CONTEXT() REPRESENTATION_CONTEXT('2D SPACE',''
  ) );
#3113 = PCURVE('',#2932,#3114);
#3114 = DEFINITIONAL_REPRESENTATION('',(#3115),#3119);
#3115 = LINE('',#3116,#3117);
#3116 = CARTESIAN_POINT('',(0.,0.));
#3117 = VECTOR('',#3118,1.);
#3118 = DIRECTION('',(1.,0.));
#3119 = ( GEOMETRIC_REPRESENTATION_CONTEXT(2) 
PARAMETRIC_REPRESENTATION_CONTEXT() REPRESENTATION_CONTEXT('2D SPACE',''
  ) );
#3120 = ORIENTED_EDGE('',*,*,#3121,.F.);
#3121 = EDGE_CURVE('',#3027,#3099,#3122,.T.);
#3122 = SURFACE_CURVE('',#3123,(#3127,#3134),.PCURVE_S1.);
#3123 = LINE('',#3124,#3125);
#3124 = CARTESIAN_POINT('',(10.75,-10.1,-1.));
#3125 = VECTOR('',#3126,1.);
#3126 = DIRECTION('',(0.,0.,1.));
#3127 = PCURVE('',#2960,#3128);
#3128 = DEFINITIONAL_REPRESENTATION('',(#3129),#3133);
#3129 = LINE('',#3130,#3131);
#3130 = CARTESIAN_POINT('',(0.,3.));
#3131 = VECTOR('',#3132,1.);
#3132 = DIRECTION('',(1.,0.));
#3133 = ( GEOMETRIC_REPRESENTATION_CONTEXT(2) 
PARAMETRIC_REPRESENTATION_CONTEXT() REPRESENTATION_CONTEXT('2D SPACE',''
  ) );
#3134 = PCURVE('',#1438,#3135);
#3135 = DEFINITIONAL_REPRESENTATION('',(#3136),#3140);
#3136 = LINE('',#3137,#3138);
#3137 = CARTESIAN_POINT('',(0.,0.6));
#3138 = VECTOR('',#3139,1.);
#3139 = DIRECTION('',(1.,0.));
#3140 = ( GEOMETRIC_REPRESENTATION_CONTEXT(2) 
PARAMETRIC_REPRESENTATION_CONTEXT() REPRESENTATION_CONTEXT('2D SPACE',''
  ) );
#3141 = ADVANCED_FACE('',(#3142),#2932,.T.);
#3142 = FACE_BOUND('',#3143,.T.);
#3143 = EDGE_LOOP('',(#3144,#3145,#3146,#3169));
#3144 = ORIENTED_EDGE('',*,*,#2916,.F.);
#3145 = ORIENTED_EDGE('',*,*,#3098,.T.);
#3146 = ORIENTED_EDGE('',*,*,#3147,.T.);
#3147 = EDGE_CURVE('',#3099,#3148,#3150,.T.);
#3148 = VERTEX_POINT('',#3149);
#3149 = CARTESIAN_POINT('',(10.75,-9.5,-0.6));
#3150 = SURFACE_CURVE('',#3151,(#3155,#3162),.PCURVE_S1.);
#3151 = LINE('',#3152,#3153);
#3152 = CARTESIAN_POINT('',(10.75,-10.1,-0.6));
#3153 = VECTOR('',#3154,1.);
#3154 = DIRECTION('',(0.,1.,0.));
#3155 = PCURVE('',#2932,#3156);
#3156 = DEFINITIONAL_REPRESENTATION('',(#3157),#3161);
#3157 = LINE('',#3158,#3159);
#3158 = CARTESIAN_POINT('',(3.,0.));
#3159 = VECTOR('',#3160,1.);
#3160 = DIRECTION('',(0.,1.));
#3161 = ( GEOMETRIC_REPRESENTATION_CONTEXT(2) 
PARAMETRIC_REPRESENTATION_CONTEXT() REPRESENTATION_CONTEXT('2D SPACE',''
  ) );
#3162 = PCURVE('',#1438,#3163);
#3163 = DEFINITIONAL_REPRESENTATION('',(#3164),#3168);
#3164 = LINE('',#3165,#3166);
#3165 = CARTESIAN_POINT('',(0.4,0.6));
#3166 = VECTOR('',#3167,1.);
#3167 = DIRECTION('',(0.,-1.));
#3168 = ( GEOMETRIC_REPRESENTATION_CONTEXT(2) 
PARAMETRIC_REPRESENTATION_CONTEXT() REPRESENTATION_CONTEXT('2D SPACE',''
  ) );
#3169 = ORIENTED_EDGE('',*,*,#3170,.F.);
#3170 = EDGE_CURVE('',#2894,#3148,#3171,.T.);
#3171 = SURFACE_CURVE('',#3172,(#3176,#3182),.PCURVE_S1.);
#3172 = LINE('',#3173,#3174);
#3173 = CARTESIAN_POINT('',(7.75,-9.5,-0.6));
#3174 = VECTOR('',#3175,1.);
#3175 = DIRECTION('',(1.,0.,0.));
#3176 = PCURVE('',#2932,#3177);
#3177 = DEFINITIONAL_REPRESENTATION('',(#3178),#3181);
#3178 = B_SPLINE_CURVE_WITH_KNOTS('',1,(#3179,#3180),.UNSPECIFIED.,.F.,
  .F.,(2,2),(0.,3.),.PIECEWISE_BEZIER_KNOTS.);
#3179 = CARTESIAN_POINT('',(0.,0.6));
#3180 = CARTESIAN_POINT('',(3.,0.6));
#3181 = ( GEOMETRIC_REPRESENTATION_CONTEXT(2) 
PARAMETRIC_REPRESENTATION_CONTEXT() REPRESENTATION_CONTEXT('2D SPACE',''
  ) );
#3182 = PCURVE('',#1412,#3183);
#3183 = DEFINITIONAL_REPRESENTATION('',(#3184),#3187);
#3184 = B_SPLINE_CURVE_WITH_KNOTS('',1,(#3185,#3186),.UNSPECIFIED.,.F.,
  .F.,(2,2),(0.,3.),.PIECEWISE_BEZIER_KNOTS.);
#3185 = CARTESIAN_POINT('',(0.4,0.));
#3186 = CARTESIAN_POINT('',(0.4,3.));
#3187 = ( GEOMETRIC_REPRESENTATION_CONTEXT(2) 
PARAMETRIC_REPRESENTATION_CONTEXT() REPRESENTATION_CONTEXT('2D SPACE',''
  ) );
#3188 = ADVANCED_FACE('',(#3189),#1412,.F.);
#3189 = FACE_BOUND('',#3190,.F.);
#3190 = EDGE_LOOP('',(#3191,#3212,#3213,#3214));
#3191 = ORIENTED_EDGE('',*,*,#3192,.F.);
#3192 = EDGE_CURVE('',#3148,#1397,#3193,.T.);
#3193 = SURFACE_CURVE('',#3194,(#3198,#3205),.PCURVE_S1.);
#3194 = LINE('',#3195,#3196);
#3195 = CARTESIAN_POINT('',(10.75,-9.5,-1.));
#3196 = VECTOR('',#3197,1.);
#3197 = DIRECTION('',(0.,0.,1.));
#3198 = PCURVE('',#1412,#3199);
#3199 = DEFINITIONAL_REPRESENTATION('',(#3200),#3204);
#3200 = LINE('',#3201,#3202);
#3201 = CARTESIAN_POINT('',(0.,3.));
#3202 = VECTOR('',#3203,1.);
#3203 = DIRECTION('',(1.,0.));
#3204 = ( GEOMETRIC_REPRESENTATION_CONTEXT(2) 
PARAMETRIC_REPRESENTATION_CONTEXT() REPRESENTATION_CONTEXT('2D SPACE',''
  ) );
#3205 = PCURVE('',#1438,#3206);
#3206 = DEFINITIONAL_REPRESENTATION('',(#3207),#3211);
#3207 = LINE('',#3208,#3209);
#3208 = CARTESIAN_POINT('',(0.,0.));
#3209 = VECTOR('',#3210,1.);
#3210 = DIRECTION('',(1.,0.));
#3211 = ( GEOMETRIC_REPRESENTATION_CONTEXT(2) 
PARAMETRIC_REPRESENTATION_CONTEXT() REPRESENTATION_CONTEXT('2D SPACE',''
  ) );
#3212 = ORIENTED_EDGE('',*,*,#3170,.F.);
#3213 = ORIENTED_EDGE('',*,*,#2893,.T.);
#3214 = ORIENTED_EDGE('',*,*,#1396,.T.);
#3215 = ADVANCED_FACE('',(#3216),#1438,.T.);
#3216 = FACE_BOUND('',#3217,.T.);
#3217 = EDGE_LOOP('',(#3218,#3219,#3220,#3221,#3222,#3243));
#3218 = ORIENTED_EDGE('',*,*,#3192,.F.);
#3219 = ORIENTED_EDGE('',*,*,#3147,.F.);
#3220 = ORIENTED_EDGE('',*,*,#3121,.F.);
#3221 = ORIENTED_EDGE('',*,*,#3049,.T.);
#3222 = ORIENTED_EDGE('',*,*,#3223,.F.);
#3223 = EDGE_CURVE('',#1341,#3050,#3224,.T.);
#3224 = SURFACE_CURVE('',#3225,(#3229,#3236),.PCURVE_S1.);
#3225 = LINE('',#3226,#3227);
#3226 = CARTESIAN_POINT('',(10.75,-8.9,0.));
#3227 = VECTOR('',#3228,1.);
#3228 = DIRECTION('',(0.,0.,-1.));
#3229 = PCURVE('',#1438,#3230);
#3230 = DEFINITIONAL_REPRESENTATION('',(#3231),#3235);
#3231 = LINE('',#3232,#3233);
#3232 = CARTESIAN_POINT('',(1.,-0.6));
#3233 = VECTOR('',#3234,1.);
#3234 = DIRECTION('',(-1.,0.));
#3235 = ( GEOMETRIC_REPRESENTATION_CONTEXT(2) 
PARAMETRIC_REPRESENTATION_CONTEXT() REPRESENTATION_CONTEXT('2D SPACE',''
  ) );
#3236 = PCURVE('',#1356,#3237);
#3237 = DEFINITIONAL_REPRESENTATION('',(#3238),#3242);
#3238 = LINE('',#3239,#3240);
#3239 = CARTESIAN_POINT('',(1.,3.));
#3240 = VECTOR('',#3241,1.);
#3241 = DIRECTION('',(-1.,0.));
#3242 = ( GEOMETRIC_REPRESENTATION_CONTEXT(2) 
PARAMETRIC_REPRESENTATION_CONTEXT() REPRESENTATION_CONTEXT('2D SPACE',''
  ) );
#3243 = ORIENTED_EDGE('',*,*,#1424,.F.);
#3244 = ADVANCED_FACE('',(#3245),#1356,.T.);
#3245 = FACE_BOUND('',#3246,.T.);
#3246 = EDGE_LOOP('',(#3247,#3248,#3249,#3250));
#3247 = ORIENTED_EDGE('',*,*,#3223,.T.);
#3248 = ORIENTED_EDGE('',*,*,#3072,.F.);
#3249 = ORIENTED_EDGE('',*,*,#3000,.T.);
#3250 = ORIENTED_EDGE('',*,*,#1338,.T.);
#3251 = ADVANCED_FACE('',(#3252),#122,.T.);
#3252 = FACE_BOUND('',#3253,.T.);
#3253 = EDGE_LOOP('',(#3254,#3255,#3256,#3257));
#3254 = ORIENTED_EDGE('',*,*,#1305,.F.);
#3255 = ORIENTED_EDGE('',*,*,#106,.T.);
#3256 = ORIENTED_EDGE('',*,*,#188,.T.);
#3257 = ORIENTED_EDGE('',*,*,#806,.T.);
#3258 = ADVANCED_FACE('',(#3259),#66,.T.);
#3259 = FACE_BOUND('',#3260,.T.);
#3260 = EDGE_LOOP('',(#3261,#3262,#3263,#3264));
#3261 = ORIENTED_EDGE('',*,*,#1235,.T.);
#3262 = ORIENTED_EDGE('',*,*,#163,.T.);
#3263 = ORIENTED_EDGE('',*,*,#43,.F.);
#3264 = ORIENTED_EDGE('',*,*,#1282,.F.);
#3265 = ( GEOMETRIC_REPRESENTATION_CONTEXT(3) 
GLOBAL_UNCERTAINTY_ASSIGNED_CONTEXT((#3269)) 
GLOBAL_UNIT_ASSIGNED_CONTEXT((#3266,#3267,#3268)) REPRESENTATION_CONTEXT
('Context #1','3D Context with UNIT and UNCERTAINTY') );
#3266 = ( LENGTH_UNIT() NAMED_UNIT(*) SI_UNIT(.MILLI.,.METRE.) );
#3267 = ( NAMED_UNIT(*) PLANE_ANGLE_UNIT() SI_UNIT($,.RADIAN.) );
#3268 = ( NAMED_UNIT(*) SI_UNIT($,.STERADIAN.) SOLID_ANGLE_UNIT() );
#3269 = UNCERTAINTY_MEASURE_WITH_UNIT(LENGTH_MEASURE(1.E-07),#3266,
  'distance_accuracy_value','confusion accuracy');
#3270 = CONTEXT_DEPENDENT_SHAPE_REPRESENTATION(#3271,#3273);
#3271 = ( REPRESENTATION_RELATIONSHIP('','',#36,#10) 
REPRESENTATION_RELATIONSHIP_WITH_TRANSFORMATION(#3272) 
SHAPE_REPRESENTATION_RELATIONSHIP() );
#3272 = ITEM_DEFINED_TRANSFORMATION('','',#11,#15);
#3273 = PRODUCT_DEFINITION_SHAPE('Placement','Placement of an item',
  #3274);
#3274 = NEXT_ASSEMBLY_USAGE_OCCURRENCE('1','','',#5,#31,$);
#3275 = PRODUCT_RELATED_PRODUCT_CATEGORY('part',$,(#33));
#3276 = SHAPE_DEFINITION_REPRESENTATION(#3277,#3283);
#3277 = PRODUCT_DEFINITION_SHAPE('','',#3278);
#3278 = PRODUCT_DEFINITION('design','',#3279,#3282);
#3279 = PRODUCT_DEFINITION_FORMATION('','',#3280);
#3280 = PRODUCT('Open CASCADE STEP translator 7.9 2.2',
  'Open CASCADE STEP translator 7.9 2.2','',(#3281));
#3281 = PRODUCT_CONTEXT('',#2,'mechanical');
#3282 = PRODUCT_DEFINITION_CONTEXT('part definition',#2,'design');
#3283 = ADVANCED_BREP_SHAPE_REPRESENTATION('',(#11,#3284),#3456);
#3284 = MANIFOLD_SOLID_BREP('',#3285);
#3285 = CLOSED_SHELL('',(#3286,#3399,#3424,#3451));
#3286 = ADVANCED_FACE('',(#3287),#3302,.T.);
#3287 = FACE_BOUND('',#3288,.T.);
#3288 = EDGE_LOOP('',(#3289,#3325,#3351,#3380));
#3289 = ORIENTED_EDGE('',*,*,#3290,.F.);
#3290 = EDGE_CURVE('',#3291,#3293,#3295,.T.);
#3291 = VERTEX_POINT('',#3292);
#3292 = CARTESIAN_POINT('',(23.,4.178516483156,0.));
#3293 = VERTEX_POINT('',#3294);
#3294 = CARTESIAN_POINT('',(23.,-4.178516483156,0.));
#3295 = SURFACE_CURVE('',#3296,(#3301,#3313),.PCURVE_S1.);
#3296 = CIRCLE('',#3297,10.15);
#3297 = AXIS2_PLACEMENT_3D('',#3298,#3299,#3300);
#3298 = CARTESIAN_POINT('',(13.75,0.,0.));
#3299 = DIRECTION('',(0.,0.,-1.));
#3300 = DIRECTION('',(0.,1.,0.));
#3301 = PCURVE('',#3302,#3307);
#3302 = CYLINDRICAL_SURFACE('',#3303,10.15);
#3303 = AXIS2_PLACEMENT_3D('',#3304,#3305,#3306);
#3304 = CARTESIAN_POINT('',(13.75,0.,0.));
#3305 = DIRECTION('',(0.,0.,-1.));
#3306 = DIRECTION('',(0.,1.,0.));
#3307 = DEFINITIONAL_REPRESENTATION('',(#3308),#3312);
#3308 = LINE('',#3309,#3310);
#3309 = CARTESIAN_POINT('',(0.,0.));
#3310 = VECTOR('',#3311,1.);
#3311 = DIRECTION('',(1.,0.));
#3312 = ( GEOMETRIC_REPRESENTATION_CONTEXT(2) 
PARAMETRIC_REPRESENTATION_CONTEXT() REPRESENTATION_CONTEXT('2D SPACE',''
  ) );
#3313 = PCURVE('',#3314,#3319);
#3314 = PLANE('',#3315);
#3315 = AXIS2_PLACEMENT_3D('',#3316,#3317,#3318);
#3316 = CARTESIAN_POINT('',(-9.809045532495E-16,1.839196037343E-16,0.));
#3317 = DIRECTION('',(0.,-0.,-1.));
#3318 = DIRECTION('',(-1.,0.,0.));
#3319 = DEFINITIONAL_REPRESENTATION('',(#3320),#3324);
#3320 = CIRCLE('',#3321,10.15);
#3321 = AXIS2_PLACEMENT_2D('',#3322,#3323);
#3322 = CARTESIAN_POINT('',(-13.75,-1.839196037343E-16));
#3323 = DIRECTION('',(0.,1.));
#3324 = ( GEOMETRIC_REPRESENTATION_CONTEXT(2) 
PARAMETRIC_REPRESENTATION_CONTEXT() REPRESENTATION_CONTEXT('2D SPACE',''
  ) );
#3325 = ORIENTED_EDGE('',*,*,#3326,.F.);
#3326 = EDGE_CURVE('',#3327,#3291,#3329,.T.);
#3327 = VERTEX_POINT('',#3328);
#3328 = CARTESIAN_POINT('',(23.,4.178516483156,1.));
#3329 = SURFACE_CURVE('',#3330,(#3334,#3340),.PCURVE_S1.);
#3330 = LINE('',#3331,#3332);
#3331 = CARTESIAN_POINT('',(23.,4.178516483155,0.));
#3332 = VECTOR('',#3333,1.);
#3333 = DIRECTION('',(0.,0.,-1.));
#3334 = PCURVE('',#3302,#3335);
#3335 = DEFINITIONAL_REPRESENTATION('',(#3336),#3339);
#3336 = B_SPLINE_CURVE_WITH_KNOTS('',1,(#3337,#3338),.UNSPECIFIED.,.F.,
  .F.,(2,2),(-1.0000006,6.E-07),.PIECEWISE_BEZIER_KNOTS.);
#3337 = CARTESIAN_POINT('',(1.146503407512,-1.0000006));
#3338 = CARTESIAN_POINT('',(1.146503407512,6.E-07));
#3339 = ( GEOMETRIC_REPRESENTATION_CONTEXT(2) 
PARAMETRIC_REPRESENTATION_CONTEXT() REPRESENTATION_CONTEXT('2D SPACE',''
  ) );
#3340 = PCURVE('',#3341,#3346);
#3341 = PLANE('',#3342);
#3342 = AXIS2_PLACEMENT_3D('',#3343,#3344,#3345);
#3343 = CARTESIAN_POINT('',(23.,-7.,0.));
#3344 = DIRECTION('',(-1.,0.,0.));
#3345 = DIRECTION('',(0.,1.,0.));
#3346 = DEFINITIONAL_REPRESENTATION('',(#3347),#3350);
#3347 = B_SPLINE_CURVE_WITH_KNOTS('',1,(#3348,#3349),.UNSPECIFIED.,.F.,
  .F.,(2,2),(-1.0000006,6.E-07),.PIECEWISE_BEZIER_KNOTS.);
#3348 = CARTESIAN_POINT('',(11.178516483155,-1.0000006));
#3349 = CARTESIAN_POINT('',(11.178516483155,6.E-07));
#3350 = ( GEOMETRIC_REPRESENTATION_CONTEXT(2) 
PARAMETRIC_REPRESENTATION_CONTEXT() REPRESENTATION_CONTEXT('2D SPACE',''
  ) );
#3351 = ORIENTED_EDGE('',*,*,#3352,.T.);
#3352 = EDGE_CURVE('',#3327,#3353,#3355,.T.);
#3353 = VERTEX_POINT('',#3354);
#3354 = CARTESIAN_POINT('',(23.,-4.178516483156,1.));
#3355 = SURFACE_CURVE('',#3356,(#3361,#3368),.PCURVE_S1.);
#3356 = CIRCLE('',#3357,10.15);
#3357 = AXIS2_PLACEMENT_3D('',#3358,#3359,#3360);
#3358 = CARTESIAN_POINT('',(13.75,0.,1.));
#3359 = DIRECTION('',(0.,0.,-1.));
#3360 = DIRECTION('',(0.,1.,0.));
#3361 = PCURVE('',#3302,#3362);
#3362 = DEFINITIONAL_REPRESENTATION('',(#3363),#3367);
#3363 = LINE('',#3364,#3365);
#3364 = CARTESIAN_POINT('',(0.,-1.));
#3365 = VECTOR('',#3366,1.);
#3366 = DIRECTION('',(1.,0.));
#3367 = ( GEOMETRIC_REPRESENTATION_CONTEXT(2) 
PARAMETRIC_REPRESENTATION_CONTEXT() REPRESENTATION_CONTEXT('2D SPACE',''
  ) );
#3368 = PCURVE('',#3369,#3374);
#3369 = PLANE('',#3370);
#3370 = AXIS2_PLACEMENT_3D('',#3371,#3372,#3373);
#3371 = CARTESIAN_POINT('',(-9.809045532495E-16,1.839196037343E-16,1.));
#3372 = DIRECTION('',(0.,-0.,-1.));
#3373 = DIRECTION('',(-1.,0.,0.));
#3374 = DEFINITIONAL_REPRESENTATION('',(#3375),#3379);
#3375 = CIRCLE('',#3376,10.15);
#3376 = AXIS2_PLACEMENT_2D('',#3377,#3378);
#3377 = CARTESIAN_POINT('',(-13.75,-1.839196037343E-16));
#3378 = DIRECTION('',(0.,1.));
#3379 = ( GEOMETRIC_REPRESENTATION_CONTEXT(2) 
PARAMETRIC_REPRESENTATION_CONTEXT() REPRESENTATION_CONTEXT('2D SPACE',''
  ) );
#3380 = ORIENTED_EDGE('',*,*,#3381,.T.);
#3381 = EDGE_CURVE('',#3353,#3293,#3382,.T.);
#3382 = SURFACE_CURVE('',#3383,(#3387,#3393),.PCURVE_S1.);
#3383 = LINE('',#3384,#3385);
#3384 = CARTESIAN_POINT('',(23.,-4.178516483155,0.));
#3385 = VECTOR('',#3386,1.);
#3386 = DIRECTION('',(0.,0.,-1.));
#3387 = PCURVE('',#3302,#3388);
#3388 = DEFINITIONAL_REPRESENTATION('',(#3389),#3392);
#3389 = B_SPLINE_CURVE_WITH_KNOTS('',1,(#3390,#3391),.UNSPECIFIED.,.F.,
  .F.,(2,2),(-1.0000006,6.E-07),.PIECEWISE_BEZIER_KNOTS.);
#3390 = CARTESIAN_POINT('',(1.995089246077,-1.0000006));
#3391 = CARTESIAN_POINT('',(1.995089246077,6.E-07));
#3392 = ( GEOMETRIC_REPRESENTATION_CONTEXT(2) 
PARAMETRIC_REPRESENTATION_CONTEXT() REPRESENTATION_CONTEXT('2D SPACE',''
  ) );
#3393 = PCURVE('',#3341,#3394);
#3394 = DEFINITIONAL_REPRESENTATION('',(#3395),#3398);
#3395 = B_SPLINE_CURVE_WITH_KNOTS('',1,(#3396,#3397),.UNSPECIFIED.,.F.,
  .F.,(2,2),(-1.0000006,6.E-07),.PIECEWISE_BEZIER_KNOTS.);
#3396 = CARTESIAN_POINT('',(2.821483516845,-1.0000006));
#3397 = CARTESIAN_POINT('',(2.821483516845,6.E-07));
#3398 = ( GEOMETRIC_REPRESENTATION_CONTEXT(2) 
PARAMETRIC_REPRESENTATION_CONTEXT() REPRESENTATION_CONTEXT('2D SPACE',''
  ) );
#3399 = ADVANCED_FACE('',(#3400),#3369,.F.);
#3400 = FACE_BOUND('',#3401,.F.);
#3401 = EDGE_LOOP('',(#3402,#3423));
#3402 = ORIENTED_EDGE('',*,*,#3403,.T.);
#3403 = EDGE_CURVE('',#3353,#3327,#3404,.T.);
#3404 = SURFACE_CURVE('',#3405,(#3409,#3416),.PCURVE_S1.);
#3405 = LINE('',#3406,#3407);
#3406 = CARTESIAN_POINT('',(23.,-7.,1.));
#3407 = VECTOR('',#3408,1.);
#3408 = DIRECTION('',(0.,1.,0.));
#3409 = PCURVE('',#3369,#3410);
#3410 = DEFINITIONAL_REPRESENTATION('',(#3411),#3415);
#3411 = LINE('',#3412,#3413);
#3412 = CARTESIAN_POINT('',(-23.,-7.));
#3413 = VECTOR('',#3414,1.);
#3414 = DIRECTION('',(0.,1.));
#3415 = ( GEOMETRIC_REPRESENTATION_CONTEXT(2) 
PARAMETRIC_REPRESENTATION_CONTEXT() REPRESENTATION_CONTEXT('2D SPACE',''
  ) );
#3416 = PCURVE('',#3341,#3417);
#3417 = DEFINITIONAL_REPRESENTATION('',(#3418),#3422);
#3418 = LINE('',#3419,#3420);
#3419 = CARTESIAN_POINT('',(0.,-1.));
#3420 = VECTOR('',#3421,1.);
#3421 = DIRECTION('',(1.,0.));
#3422 = ( GEOMETRIC_REPRESENTATION_CONTEXT(2) 
PARAMETRIC_REPRESENTATION_CONTEXT() REPRESENTATION_CONTEXT('2D SPACE',''
  ) );
#3423 = ORIENTED_EDGE('',*,*,#3352,.T.);
#3424 = ADVANCED_FACE('',(#3425),#3341,.T.);
#3425 = FACE_BOUND('',#3426,.T.);
#3426 = EDGE_LOOP('',(#3427,#3448,#3449,#3450));
#3427 = ORIENTED_EDGE('',*,*,#3428,.F.);
#3428 = EDGE_CURVE('',#3293,#3291,#3429,.T.);
#3429 = SURFACE_CURVE('',#3430,(#3434,#3441),.PCURVE_S1.);
#3430 = LINE('',#3431,#3432);
#3431 = CARTESIAN_POINT('',(23.,-7.,0.));
#3432 = VECTOR('',#3433,1.);
#3433 = DIRECTION('',(0.,1.,0.));
#3434 = PCURVE('',#3341,#3435);
#3435 = DEFINITIONAL_REPRESENTATION('',(#3436),#3440);
#3436 = LINE('',#3437,#3438);
#3437 = CARTESIAN_POINT('',(0.,0.));
#3438 = VECTOR('',#3439,1.);
#3439 = DIRECTION('',(1.,0.));
#3440 = ( GEOMETRIC_REPRESENTATION_CONTEXT(2) 
PARAMETRIC_REPRESENTATION_CONTEXT() REPRESENTATION_CONTEXT('2D SPACE',''
  ) );
#3441 = PCURVE('',#3314,#3442);
#3442 = DEFINITIONAL_REPRESENTATION('',(#3443),#3447);
#3443 = LINE('',#3444,#3445);
#3444 = CARTESIAN_POINT('',(-23.,-7.));
#3445 = VECTOR('',#3446,1.);
#3446 = DIRECTION('',(0.,1.));
#3447 = ( GEOMETRIC_REPRESENTATION_CONTEXT(2) 
PARAMETRIC_REPRESENTATION_CONTEXT() REPRESENTATION_CONTEXT('2D SPACE',''
  ) );
#3448 = ORIENTED_EDGE('',*,*,#3381,.F.);
#3449 = ORIENTED_EDGE('',*,*,#3403,.T.);
#3450 = ORIENTED_EDGE('',*,*,#3326,.T.);
#3451 = ADVANCED_FACE('',(#3452),#3314,.T.);
#3452 = FACE_BOUND('',#3453,.T.);
#3453 = EDGE_LOOP('',(#3454,#3455));
#3454 = ORIENTED_EDGE('',*,*,#3428,.T.);
#3455 = ORIENTED_EDGE('',*,*,#3290,.T.);
#3456 = ( GEOMETRIC_REPRESENTATION_CONTEXT(3) 
GLOBAL_UNCERTAINTY_ASSIGNED_CONTEXT((#3460)) 
GLOBAL_UNIT_ASSIGNED_CONTEXT((#3457,#3458,#3459)) REPRESENTATION_CONTEXT
('Context #1','3D Context with UNIT and UNCERTAINTY') );
#3457 = ( LENGTH_UNIT() NAMED_UNIT(*) SI_UNIT(.MILLI.,.METRE.) );
#3458 = ( NAMED_UNIT(*) PLANE_ANGLE_UNIT() SI_UNIT($,.RADIAN.) );
#3459 = ( NAMED_UNIT(*) SI_UNIT($,.STERADIAN.) SOLID_ANGLE_UNIT() );
#3460 = UNCERTAINTY_MEASURE_WITH_UNIT(LENGTH_MEASURE(1.E-07),#3457,
  'distance_accuracy_value','confusion accuracy');
#3461 = CONTEXT_DEPENDENT_SHAPE_REPRESENTATION(#3462,#3464);
#3462 = ( REPRESENTATION_RELATIONSHIP('','',#3283,#10) 
REPRESENTATION_RELATIONSHIP_WITH_TRANSFORMATION(#3463) 
SHAPE_REPRESENTATION_RELATIONSHIP() );
#3463 = ITEM_DEFINED_TRANSFORMATION('','',#11,#19);
#3464 = PRODUCT_DEFINITION_SHAPE('Placement','Placement of an item',
  #3465);
#3465 = NEXT_ASSEMBLY_USAGE_OCCURRENCE('2','','',#5,#3278,$);
#3466 = PRODUCT_RELATED_PRODUCT_CATEGORY('part',$,(#3280));
ENDSEC;
END-ISO-10303-21;
