:10000000001C022071D301007F6103005DD3010059
:100010005DD301005DD301005DD30100000000004D
:100020000000000000000000000000003DD50100BD
:100030005DD301000000000009D501005DD301007F
:10004000FDD601002F960300FDD60100FDD601006C
:10005000FDD60100FDD60100FDD60100FDD6010050
:10006000E5950300FDD60100FDD6010019960300B9
:10007000FDD60100FDD60100FDD60100FDD6010030
:10008000FDD60100FDD60100FDD60100FDD6010020
:10009000FDD60100FDD60100FDD60100FDD6010010
:1000A000FDD60100FDD60100FDD60100FDD6010000
:1000B000FDD60100FDD60100FDD60100FDD60100F0
:1000C000FDD60100FDD60100FDD60100FDD60100E0
:1000D000FDD60100FDD60100FDD60100FDD60100D0
:1000E000FDD60100FDD60100FDD60100FDD60100C0
:1000F000FDD60100FDD60100FDD60100FDD60100B0
:1001000081F0004102E000BF83F0004330B54FEAC8
:1001100041044FEA430594EA050F08BF90EA020F35
:100120001FBF54EA000C55EA020C7FEA645C7FEAC8
:10013000655C00F0E2804FEA5454D4EB5555B8BFEB
:100140006D420CDD2C4480EA020281EA030382EA5C
:10015000000083EA010180EA020281EA0303362DEE
:1001600088BF30BD11F0004F4FEA01314FF4801CC1
:100170004CEA113102D0404261EB410113F0004FD3
:100180004FEA03334CEA133302D0524263EB43038A
:1001900094EA050F00F0A780A4F10104D5F1200E28
:1001A0000DDB02FA0EFC22FA05F2801841F1000183
:1001B00003FA0EF2801843FA05F359410EE0A5F157
:1001C00020050EF1200E012A03FA0EFC28BF4CF088
:1001D000020C43FA05F3C01851EBE37101F000453E
:1001E00007D54FF0000EDCF1000C7EEB00006EEB4B
:1001F0000101B1F5801F1BD3B1F5001F0CD34908D5
:100200005FEA30004FEA3C0C04F101044FEA44522B
:1002100012F5800F80F09A80BCF1004F08BF5FEAB2
:10022000500C50F1000041EB045141EA050130BD92
:100230005FEA4C0C404141EB0101013C28BFB1F5A4
:10024000801FE9D291F0000F04BF01460020B1FAEF
:1002500081F308BF2033A3F10B03B3F120020CDAC2
:100260000C3208DD02F1140CC2F10C0201FA0CF0A0
:1002700021FA02F10CE002F11402D8BFC2F1200C05
:1002800001FA02F120FA0CFCDCBF41EA0C019040BB
:10029000E41AA2BF01EB0451294330BD6FEA040404
:1002A0001F3C1CDA0C340EDC04F11404C4F12002EF
:1002B00020FA04F001FA02F340EA030021FA04F301
:1002C00045EA030130BDC4F10C04C4F1200220FA58
:1002D00002F001FA04F340EA0300294630BD21FA96
:1002E00004F0294630BD94F0000F83F4801306BF5C
:1002F00081F480110134013D4EE77FEA645C18BF50
:100300007FEA655C29D094EA050F08BF90EA020FE6
:1003100005D054EA000C04BF1946104630BD91EADE
:10032000030F1EBF0021002030BD5FEA545C05D1E1
:100330004000494128BF41F0004130BD14F5800420
:100340003CBF01F5801130BD01F0004545F0FE4194
:1003500041F470014FF0000030BD7FEA645C1ABFC9
:10036000194610467FEA655C1CBF0B46024650EA00
:10037000013406BF52EA033591EA030F41F400212C
:1003800030BD00BF90F0000F04BF0021704730B5B2
:100390004FF4806404F132044FF000054FF0000187
:1003A00050E700BF90F0000F04BF0021704730B548
:1003B0004FF4806404F1320410F0004548BF40421D
:1003C0004FF000013EE700BF42004FEAE2014FEA72
:1003D00031014FEA02701FBF12F07F4393F07F4F4D
:1003E00081F06051704732F07F4208BF704793F050
:1003F0007F4F04BF41F40021704730B54FF4607463
:1004000001F0004521F000411CE700BF50EA010265
:1004100008BF704730B54FF000050AE050EA01020E
:1004200008BF704730B511F0004502D5404261EB7E
:1004300041014FF4806404F132045FEA915C3FF4BF
:10044000D8AE4FF003025FEADC0C18BF03325FEA5C
:10045000DC0C18BF033202EBDC02C2F1200300FA0D
:1004600003FC20FA02F001FA03FE40EA0E0021FA32
:1004700002F11444BDE600BF70B54FF0FF0C4CF420
:10048000E06C1CEA11541DBF1CEA135594EA0C0FD2
:1004900095EA0C0F00F0DEF82C4481EA030621EA0D
:1004A0004C5123EA4C5350EA013518BF52EA033548
:1004B00041F4801143F4801338D0A0FB02CE4FF0FA
:1004C0000005E1FB02E506F00042E0FB03E54FF02A
:1004D0000006E1FB03569CF0000F18BF4EF0010E22
:1004E000A4F1FF04B6F5007F64F5407404D25FEA1E
:1004F0004E0E6D4146EB060642EAC62141EA5551D1
:100500004FEAC52040EA5E504FEACE2EB4F1FD0C12
:1005100088BFBCF5E06F1ED8BEF1004F08BF5FEA90
:10052000500E50F1000041EB045170BD06F0004642
:1005300046EA010140EA020081EA0301B4EB5C04EF
:10054000C2BFD4EB0C0541EA045170BD41F48011E7
:100550004FF0000E013C00F3AB8014F1360FDEBF0C
:10056000002001F0004170BDC4F10004203C35DAE8
:100570000C341BDC04F11404C4F1200500FA05F36B
:1005800020FA04F001FA05F240EA020001F000420C
:1005900021F0004110EBD37021FA04F642EB060182
:1005A0005EEA430E08BF20EAD37070BDC4F10C04AC
:1005B000C4F1200500FA04F320FA05F001FA04F270
:1005C00040EA020001F0004110EBD37041F100015C
:1005D0005EEA430E08BF20EAD37070BDC4F1200567
:1005E00000FA05F24EEA020E20FA04F301FA05F2CF
:1005F00043EA020321FA04F001F0004121FA04F277
:1006000020EA020000EBD3705EEA430E08BF20EA46
:10061000D37070BD94F0000F0FD101F00046400080
:1006200041EB010111F4801F08BF013CF7D041EA02
:10063000060195F0000F18BF704703F00046520006
:1006400043EB030313F4801F08BF013DF7D043EAD7
:100650000603704794EA0C0F0CEA135518BF95EA8D
:100660000C0F0CD050EA410618BF52EA4306D1D114
:1006700081EA030101F000414FF0000070BD50EA33
:10068000410606BF1046194652EA430619D094EABD
:100690000C0F02D150EA013613D195EA0C0F05D1A7
:1006A00052EA03361CBF104619460AD181EA0301FB
:1006B00001F0004141F0FE4141F470014FF00000B3
:1006C00070BD41F0FE4141F4780170BD70B54FF04E
:1006D000FF0C4CF4E06C1CEA11541DBF1CEA1355CE
:1006E00094EA0C0F95EA0C0F00F0A7F8A4EB0504B0
:1006F00081EA030E52EA03354FEA013100F08880A7
:100700004FEA03334FF0805545EA131343EA12636F
:100710004FEA022245EA111545EA10654FEA002624
:100720000EF000419D4208BF964244F1FD0404F5DD
:10073000407402D25B084FEA3202B61A65EB030539
:100740005B084FEA32024FF480104FF4002CB6EBF6
:10075000020E75EB030E22BFB61A754640EA0C0076
:100760005B084FEA3202B6EB020E75EB030E22BFB6
:10077000B61A754640EA5C005B084FEA3202B6EBF7
:10078000020E75EB030E22BFB61A754640EA9C00B6
:100790005B084FEA3202B6EB020E75EB030E22BF86
:1007A000B61A754640EADC0055EA060E18D04FEA44
:1007B000051545EA16754FEA06164FEAC30343EAE4
:1007C00052734FEAC2025FEA1C1CC0D111F4801FB1
:1007D0000BD141EA00014FF000004FF0004CB6E7AA
:1007E00011F4801F04BF01430020B4F1FD0C88BF49
:1007F000BCF5E06F3FF6AFAEB5EB030C04BFB6EB54
:10080000020C5FEA500C50F1000041EB045170BD46
:100810000EF0004E4EEA113114EB5C04C2BFD4EB73
:100820000C0541EA045170BD41F480114FF0000EF7
:10083000013C90E645EA060E8DE60CEA135594EA73
:100840000C0F08BF95EA0C0F3FF43BAF94EA0C0F76
:100850000AD150EA01347FF434AF95EA0C0F7FF4EB
:1008600025AF104619462CE795EA0C0F06D152EA3F
:1008700003353FF4FDAE1046194622E750EA410623
:1008800018BF52EA43067FF4C5AE50EA41047FF434
:100890000DAF52EA43057FF4EBAE12E74FEA410297
:1008A00012F5001215D211D56FF47873B3EB6252C2
:1008B00012D94FEAC12343F0004343EA505311F0E9
:1008C000004F23FA02F018BF404270474FF000007B
:1008D000704750EA013005D111F0004008BF6FF0B9
:1008E000004070474FF00000704700BF4A0011D22F
:1008F00012F5001211D20DD56FF47873B3EB62527A
:100900000ED44FEAC12343F0004343EA505323FA85
:1009100002F070474FF00000704750EA013002D1FA
:100920004FF0FF3070474FF0000070474FEA410230
:10093000B2F1E04324BFB3F5001CDCF1FE5C0DD93D
:1009400001F0004C4FEAC0024CEA5070B2F1004F87
:1009500040EB830008BF20F00100704711F0804F8A
:1009600021D113F13872BCBF01F00040704741F44F
:1009700080114FEA5252C2F11802C2F1200C10FA53
:100980000CF320FA02F018BF40F001004FEAC12337
:100990004FEAD32303FA0CFC40EA0C0023FA02F3DB
:1009A0004FEA4303CCE77FEA625307D150EA0133B1
:1009B0001EBF4FF0FE4040F44000704701F0004081
:1009C00040F0FE4040F40000704700BF80F000405F
:1009D00002E000BF81F0004142001FBF5FEA410317
:1009E00092EA030F7FEA226C7FEA236C6AD04FEA17
:1009F0001262D2EB1363C1BFD2184140484041405C
:100A0000B8BF5B42192B88BF704710F0004F40F40D
:100A1000000020F07F4018BF404211F0004F41F429
:100A2000000121F07F4118BF494292EA030F3FD0F5
:100A3000A2F1010241FA03FC10EB0C00C3F1200308
:100A400001FA03F100F0004302D5494260EB400097
:100A5000B0F5000F13D3B0F1807F06D340084FEA02
:100A6000310102F10102FE2A51D2B1F1004F40EBF7
:100A7000C25008BF20F0010040EA0300704749005F
:100A800040EB0000013A28BFB0F5000FEDD2B0FAFC
:100A900080FCACF1080CB2EB0C0200FA0CF0AABF1F
:100AA00000EBC25052421843BCBFD04018437047BD
:100AB00092F0000F81F4000106BF80F400000132C3
:100AC000013BB5E74FEA41037FEA226C18BF7FEA9A
:100AD000236C21D092EA030F04D092F0000F08BFDC
:100AE0000846704790EA010F1CBF0020704712F0C3
:100AF0007F4F04D1400028BF40F00040704712F102
:100B000000723CBF00F50000704700F0004343F066
:100B1000FE4040F4000070477FEA226216BF08469C
:100B20007FEA23630146420206BF5FEA412390EA5F
:100B3000010F40F4800070474FF0000304E000BF55
:100B400010F0004348BF40425FEA000C08BF704706
:100B500043F0964301464FF000001CE050EA0102CA
:100B600008BF70474FF000030AE000BF50EA0102DF
:100B700008BF704711F0004302D5404261EB4101CC
:100B80005FEA010C02BF84460146002043F0B643F1
:100B900008BFA3F18053A3F50003BCFA8CF2083A16
:100BA000A3EBC25310DB01FA02FC634400FA02FC1F
:100BB000C2F12002BCF1004F20FA02F243EB020026
:100BC00008BF20F00100704702F1200201FA02FC88
:100BD000C2F1200250EA4C0021FA02F243EB02007B
:100BE00008BF20EADC7070474FF0FF0C1CEAD052BF
:100BF0001EBF1CEAD15392EA0C0F93EA0C0F6FD080
:100C00001A4480EA010C400218BF5FEA41211ED05D
:100C10004FF0006343EA501043EA5111A0FB013149
:100C20000CF00040B1F5000F3EBF490041EAD3711E
:100C30005B0040EA010062F17F02FD2A1DD8B3F19A
:100C4000004F40EBC25008BF20F00100704790F009
:100C5000000F0CF0004C08BF49024CEA502040EA5B
:100C600051207F3AC2BFD2F1FF0340EAC250704721
:100C700040F400004FF00003013A5DDC12F1190F5F
:100C8000DCBF00F000407047C2F10002410021FAD1
:100C900002F1C2F1200200FA02FC5FEA310040F1E9
:100CA000000053EA4C0308BF20EADC70704792F062
:100CB000000F00F0004C02BF400010F4000F013A9A
:100CC000F9D040EA0C0093F0000F01F0004C02BF95
:100CD000490011F4000F013BF9D041EA0C018FE704
:100CE0000CEAD15392EA0C0F18BF93EA0C0F0AD00A
:100CF00030F0004C18BF31F0004CD8D180EA010030
:100D000000F00040704790F0000F17BF90F0004FC8
:100D1000084691F0000F91F0004F14D092EA0C0FAA
:100D200001D142020FD193EA0C0F03D14B0218BF3D
:100D3000084608D180EA010000F0004040F0FE4083
:100D400040F40000704740F0FE4040F4400070471F
:100D50004FF0FF0C1CEAD0521EBF1CEAD15392EA9E
:100D60000C0F93EA0C0F69D0A2EB030280EA010C8E
:100D700049024FEA402037D04FF0805343EA111127
:100D800043EA10130CF000408B4238BF5B0042F185
:100D90007D024FF4000C8B4224BF5B1A40EA0C002A
:100DA000B3EB510F24BFA3EB510340EA5C00B3EB5C
:100DB000910F24BFA3EB910340EA9C00B3EBD10F4A
:100DC00024BFA3EBD10340EADC001B0118BF5FEA9C
:100DD0001C1CE0D1FD2A3FF650AF8B4240EBC250C5
:100DE00008BF20F0010070470CF0004C4CEA502086
:100DF0007F32C2BFD2F1FF0340EAC250704740F4D5
:100E000000004FF00003013A37E792F0000F00F0C6
:100E1000004C02BF400010F4000F013AF9D040EA44
:100E20000C0093F0000F01F0004C02BF490011F4D8
:100E3000000F013BF9D041EA0C0195E70CEAD153D0
:100E400092EA0C0F08D142027FF47DAF93EA0C0FB7
:100E50007FF470AF084676E793EA0C0F04D14B029B
:100E60003FF44CAF08466EE730F0004C18BF31F04D
:100E7000004CCAD130F000427FF45CAF31F0004347
:100E80007FF43CAF5FE700BF4FEA4002B2F1FE4F94
:100E90000FD34FF09E03B3EB12620DD94FEA00233C
:100EA00043F0004310F0004F23FA02F018BF404215
:100EB00070474FF00000704712F1610F01D14202FC
:100EC00005D110F0004008BF6FF0004070474FF0B0
:100ED0000000704742000ED2B2F1FE4F0BD34FF02C
:100EE0009E03B3EB126209D44FEA002343F00043A0
:100EF00023FA02F070474FF00000704712F1610FC3
:100F000001D1420202D14FF0FF3070474FF0000094
:100F1000704700BF53B94AB9002908BF00281CBF59
:100F20004FF0FF314FF0FF3000F00CB8ADF1080C7E
:100F30006DE904CE0CF099F9DDF804E0DDE9022357
:100F400004B07047704700BF4FF0FF3C06E000BFA1
:100F50004FF0010C02E000BF4FF0010C4DF804CD42
:100F60004FEA410C7FEA6C5C4FEA430C18BF7FEA02
:100F70006C5C1BD001B050EA410C0CBF52EA430C30
:100F800091EA030F02BF90EA020F0020704710F1B0
:100F9000000F91EA030F58BF994208BF90422CBF3F
:100FA000D8176FEAE37040F0010070474FEA410C38
:100FB0007FEA6C5C02D150EA013C07D14FEA430C56
:100FC0007FEA6C5CD6D152EA033CD3D05DF8040BC7
:100FD000704700BF8446104662468C4619466346F9
:100FE00000E000BF01B5FFF7B7FF002848BF10F1D0
:100FF000000F01BD4DF808EDFFF7F4FF0CBF012015
:1010000000205DF808FB00BF4DF808EDFFF7EAFF90
:1010100034BF012000205DF808FB00BF4DF808ED4B
:10102000FFF7E0FF94BF012000205DF808FB00BF40
:101030004DF808EDFFF7CEFF94BF012000205DF8CA
:1010400008FB00BF4DF808EDFFF7C4FF34BF0120D7
:1010500000205DF808FB00BF2DE9F00791E8F807D4
:10106000B2E802105B1854EB0C04B2E802104D41D8
:1010700056EB0C06B2E802104F4158EB0C08B2E8F0
:10108000021059EB01095AEB0C0A80E8F80780417D
:101090000130BDE8F00770472DE9F00791E8F80747
:1010A000B2E802105B1A74EB0C04B2E802108D4136
:1010B00076EB0C06B2E802108F4178EB0C08B2E830
:1010C000021079EB01097AEB0C0A80E8F8078041FD
:1010D0004042BDE8F00770472DE9F007524290E822
:1010E0007800B1E880071740DB1918EA020854EBD2
:1010F000080419EA020955EB09051AEA020A56EB37
:101100000A0678C090E87800B1E8800717407B4174
:1011100018EA020854EB080419EA020955EB09051C
:101120001AEA020A56EB0A0678C080410130BDE88F
:10113000F00770472DE9F007524290E87800B1E8D7
:1011400080071740DB1B18EA020874EB080419EA51
:10115000020975EB09051AEA020A76EB0A0678C05D
:1011600090E87800B1E880071740BB4118EA020810
:1011700074EB080419EA020975EB09051AEA020A78
:1011800076EB0A0678C080414042BDE8F007704720
:101190002DE9F00152424FF0040890E8300091E848
:1011A000C000A31B1340E41AF618EB1B1340ED1A02
:1011B000FF1830C0C0C1B8F10108EED1BDE8F001A0
:1011C000704700BF00B592E8DC072DE9DC07B1E805
:1011D000805702B4A7FB02510A95A8FB020BE7FB5C
:1011E0006310E9FB62B00B91A8FB0351EAFB6201BB
:1011F000E7FB64B5E7FB6605E8FB6615CDF830B0A4
:10120000A9FB03B6EAFB6316ECFB6356E8FB640B31
:10121000E9FB641BEAFB645BECFB646B0D90ACFBCD
:101220000230059CEEFB6250E9FB6460EAFB64B0AF
:10123000E7FB6431E8FB6451069CE8FB6461E9FB71
:1012400064B1EAFB64010E93A7FB0432079CE7FB41
:101250006462E8FB64B2E9FB6402EAFB6412049C8A
:10126000E9FB6453EAFB6463089CE7FB64B3E8FBB7
:101270006403E9FB6413EAFB64230F955DF8049BA8
:1012800099E80006DDF80080A9FB0854EAFB68B481
:10129000DDF81080ECFB6804EEFB6814E9FB6824C1
:1012A000EAFB6834DDF80480EEFB6865E9FB68B5AD
:1012B000EAFB6805DDF81480ECFB6815EEFB682599
:1012C000E9FB6835EAFB68450F96DDF80880AEFB60
:1012D0000876E9FB6806EAFB6816DDF81880ECFB87
:1012E0006826EEFB6836E9FB6846EAFB6856DDF8DF
:1012F0000C80ECFB68B7EEFB6807E9FB6817EAFBBC
:101300006827DDF81C80ECFB6837EEFB6847E9FBDB
:101310006857EAFB686708B000BD00BF2DE9F14FD0
:1013200087B0FFF74FFFDDF81C8008F1200888E840
:10133000FF00FFBC87E87F08BDE8F08F00B591E8AB
:101340009857A3FB03520195A3FB0401E3FB642020
:10135000E3FB67100292A3FB0752E3FB6802E4FB86
:101360006415E3FB6805E3FB69250391A4FB07B65D
:10137000E3FB6926E3FB6A56E4FB670BE4FB682B9F
:10138000E3FB6A5BE3FB6C6B0490A4FB0810E4FBDB
:101390006950E3FB6C60E3FB6EB0E7FB6721E4FBA5
:1013A0006951E4FB6A61E3FB6EB1E4FB6E010592F7
:1013B000A7FB0832E4FB6A62E4FB6CB2E4FB6E025A
:1013C000E7FB6E12E7FB6853E7FB6963E4FB6CB372
:1013D000E7FB6C03E7FB6E13E8FB6E230695A7FBA8
:1013E0000954E7FB6AB4E7FB6C04E8FB6C14E8FB08
:1013F0006E24E9FB6E34E8FB6865E7FB6AB5E8FB41
:101400006A05E8FB6C15E9FB6C25E9FB6E35EAFB28
:101410006E450796A8FB0976E8FB6A06E9FB6A16A3
:10142000E9FB6C26EAFB6C36EAFB6E46ECFB6E567B
:10143000E8FB69B7E9FB6907E9FB6A17EAFB6A277A
:10144000EAFB6C37ECFB6C47ECFB6E57EEFB6E6710
:1014500000BD00BF2DE9F14F87B0FFF76FFFDDF84A
:101460001C8008F1200888E8FF00FFBC87E87F089F
:10147000BDE8F08F30B44FF0000310F8014B11F8C5
:10148000015B013A84EA050443EA0403F5D1A3F1C0
:1014900001034FEAD37030BC704700BF4FF0000328
:1014A00010F8012B013943EA0203F9D1A3F101033A
:1014B0004FEAD370704700BF30B411F8014B12F8F7
:1014C000015B6C4000F8014B013BF6D130BC70472A
:1014D0002DE9F00791E8F807B2E802105B1854EB29
:1014E0000C04B2E802104D4156EB0C06B2E80210B3
:1014F0004F4158EB0C08B2E8021059EB01095AEBC6
:101500000C0A8941B3F1FF3374F1FF3475F1FF35F3
:1015100076F1000677F1000778F1000879F101090A
:101520007AF1FF3A51F100015B184C414D4156F1FF
:10153000000657F1000758F1000859EBD1795AEB32
:10154000010A80E8F807BDE8F00770472DE9F007C9
:1015500091E8F807B2E802105B1A74EB0C04B2E8E9
:1015600002108D4176EB0C06B2E802108F4178EB49
:101570000C08B2E8021079EB01097AEB0C0A8941F8
:101580005B184C414D4156F1000657F1000758F1E8
:10159000000859EBD1795AEB010A80E8F807BDE859
:1015A000F007704718EB040859EB05095AEB060AD7
:1015B0005BEB070B5FF0000C4CF1000C18EB05081F
:1015C00059EB06095AEB070A5BEB070B50EB0C00D3
:1015D0005FF0000C51EB0C0152EB0C0263414CF13B
:1015E000000CB8EB070879F100097AF1000A7BEBEF
:1015F000040BA841B141A241B3416CF1000CBBEB1B
:10160000050BB041B941AA41BB416CF1000C4CF053
:1016100001068CF0020718EB060859EB6C095AEB2F
:101620006C0A7BEB6C0B70EB6C0471EB6C0572EB72
:10163000670653EB6C076CEB6C0C18EB0C0059EB6A
:101640000C015AEB0C025BF1000354F1000455F15C
:10165000000556EBDC7657EB0C0770472DE9F14F90
:1016600087B0FFF7AFFDDDF81080DDF81490DDF8EE
:1016700018A0FFF797FFBDE8000FFFF793FF03B037
:101680005DF8048B88E8FF00BDE8F08F2DE9F14F8D
:1016900087B0FFF753FEDDF81080DDF81490DDF819
:1016A00018A0FFF77FFFBDE8000FFFF77BFF03B037
:1016B0005DF8048B88E8FF00BDE8F08F1FB50B4B89
:1016C00001934FF48C73ADF8083008238DF80A307D
:1016D00083788DF80B3001A9FF2301208DF80C30A1
:1016E00000F082FB05B05DF804FB00BFC7040100F9
:1016F0001FB50A4B01934FF43673ADF80830082339
:101700008DF80A3001A943788DF80B3000208DF850
:101710000C0000F069FB05B05DF804FB4D09010009
:10172000F7B504460D4641B9124B1B78012B04D086
:10173000019101A80121FFF7F3FF23680E4E0F4F1F
:101740000733002D23F0070323600CBF2046002041
:1017500000F026FB002556F8043B0BB138469847AD
:101760000135032DF7D100F08FFB2368034423607C
:1017700003B0F0BD000D002040000020020D00204D
:101780002DE9F7432A4C0190074601A80E46FFF7C2
:10179000C7FFA578E3784FF000091D44EDB2C846B5
:1017A0005FFA89F39D4238D80198033020F0030096
:1017B000002E0190414618BF002000F0A7FC019DBB
:1017C00021790544019589B16379627C0335002E46
:1017D00025F003051A44D2B2A38901950CBF28460F
:1017E000002000F007FD019B03440193A17B79B128
:1017F00023796BB1019B073323F00703002E0CBF45
:1018000018460020019304F0CDF9019B0344019395
:101810000198C01B03B0BDE8F083A37A627A217AF5
:10182000E0790CF0C3FB09F101098044B8E700BF7F
:10183000000D00208FB572B6194B9D6AE5B9BFF354
:101840004F8F1849184BCA6802F4E0621343CB600B
:10185000BFF34F8F00BFFDE7B4FBF6F4DAB20133FC
:10186000002CF9D102F110036B440A2603F80C4C4A
:1018700032B901A8A847E2E7044600230A26EDE7AB
:10188000531E04AC54FA83F4DAB2C3B2B3FBF6F7D6
:1018900006FB1733303304F80C3CB0FBF6F0E7E7F7
:1018A000000D002000ED00E00400FA051FB5104B0C
:1018B0009A7A8DF809205A7A8DF8082002A81A7AA7
:1018C000DB79ADF80C20ADF80A3002F037FC18B126
:1018D000DB210320FFF7AEFF012301A88DF80430C0
:1018E0000DF060FC08B1DF21F3E705B05DF804FB03
:1018F000000D002038B5044690B30AF049FF10B936
:101900004FF0FF3038BD07F023FDB0F5FA7FF7D870
:10191000164D1748AC6200F0E5F9164B2846002436
:10192000C3E900449C6000F8024B262221460BF0DC
:10193000B1FA0123EB702B711B23EB7140F21B33C7
:101940002B810223AB721F23AB810823AB73EFF310
:10195000108572B600F024FD2DB962B62846D1E795
:101960006FF01500CEE72046CCE700BF000D002049
:10197000AD1800004000002010B5002836D1204CE2
:101980002378022B2FD059B1002A32D002390529F1
:101990002CD8DFE801F0030F1D2B20231378E37010
:1019A00001210020FFF7ECFEB0F5803F24DA01238F
:1019B000237010BD9378E3B1D378D3B113781A2B89
:1019C00017D953781A2B14D91368C4F80730E7E7EE
:1019D00013782371E4E71388A381E1E71388FF2BD1
:1019E00007D8A373DCE74FF0FF30E2E76FF02C007D
:1019F000DFE76FF01500DCE76FF00B00D9E700BF01
:101A0000000D002070B50D460646E8B1E1B111F0B9
:101A1000070419D100F0A4F8C8B130460BF02CF837
:101A20000C4E214686F82C002846FFF7A9FE0EF042
:101A3000CFFF96F82C00214602F014FCFFF736FF8A
:101A400002233370204670BD6FF01500FBE74FF0A6
:101A5000FF30F8E7000D002010B5074C2378022B6B
:101A600005D102F017FC94F82C000BF021F80CF0D3
:101A70008CFB0020207010BD000D002050B1074BE2
:101A800003F1140253F8041B40F8041B9342F9D1EC
:101A9000002070476FF01500704700BF313304001D
:101AA00010B5064B1C7834B902F0A6FB044B054A6E
:101AB0005A60204610BD4FF0FF30FBE7000D0020BC
:101AC00040000020BD16000010B5064B1C7834B94C
:101AD00002F0A6FB044B054A1A60204610BD4FF0E9
:101AE000FF30FBE7000D002040000020F116000051
:101AF00010B5054B1C781CB902F04AFB204610BDFE
:101B00004FF0FF30FBE700BF000D002010B5054B84
:101B10001C781CB90DF05CFB204610BD4FF0FF3067
:101B2000FBE700BF000D002010B5054B1C781CB969
:101B30000DF051FB204610BD4FF0FF30FBE700BF1A
:101B4000000D0020024B02681A600020704700BFA1
:101B5000300D0020014B1B68184700BF300D0020DE
:101B6000024B1868003818BF01207047300D002064
:101B70002DE9F341284E031D04463360304603F03F
:101B8000DBFA0228054607D1234920460BF0DCFC8E
:101B9000284602B0BDE8F081042836D13378072BFF
:101BA00018D13E2000F04EF878B9F378327901A9C7
:101BB00043EA02236846ADF800300BF091FF00289D
:101BC000DCD053210820FFF735FE052000F07AF81D
:101BD0000028EAD0314620460BF01BFDB0F5817F8E
:101BE00001D37221EEE70028C8D0277894F802804C
:101BF000384600F027F80028C0D03E2FC8D1404614
:101C000000F060F80028C3D1B8E70828C0D1024925
:101C100020460BF0C8FCBBE7340D0020074B4FF00B
:101C2000FF3141F6FF72C3E9001205490022C1E904
:101C300000221F21C3E90212704700BF00000020EC
:101C4000780D00203F280CD801380B4BC0F342120E
:101C500000F01F0053F8223023FA00F000F00100DA
:101C60007047FF2806D04038C0F34212034B00F003
:101C70001F00EFE70120704700000020780D0020D2
:101C80000146074B006849681A4603C240F48C229B
:101C90001A6041F0107242F4FF625A60704700BF50
:101CA000000000200246024B0068516803C37047E1
:101CB000780D00200246024B0068516803C370474C
:101CC000080000200138064BC0F3421203EB8203E8
:101CD00000F01F009B6823FA00F000F0010070473D
:101CE00000000020014B1860704700BF800D0020ED
:101CF00010B5FFF793FF0CF044FE034B1B6804463E
:101D000003B19847204610BD800D00200B88028843
:101D1000F0B5C3F30E049EB204F11803C57CC35A98
:101D200005352A442B4497B213FA82F3013B4288CB
:101D3000B3FBF7F313FB07439BB29A42044A93BFEA
:101D400022EA0603324013439BB20B80F0BD00BF72
:101D50000080FFFF10B5114B00EB41041A78638936
:101D6000B3FBF2F303FB0223013A1A44B2F5706F9E
:101D7000027928BF00231A448378B2FBF3F0194498
:101D800003FB1020091AB1FBF3F003FB10131344FB
:101D90006FEA43436FEA5343638110BD840D002013
:101DA00010B5104BC8B15A78022A04D040F22B115A
:101DB0001720FFF73FFD03225A70026812F0070157
:101DC00002D04FF49871F3E75C685A6022440260D5
:101DD000C3E903119A60596110BD0122C3E90100F2
:101DE0005A70F9E7840D00202DE9F041254E96F850
:101DF00001E00EF0FD0CBCF1010F04D040F24511E2
:101E00001720FFF717FD91F80680B8F1080F02D9E7
:101E100040F24711F4E7CF7997B34546022D726837
:101E200038BF02257B1D5C0002EB43036A1E13448E
:101E30006D422B408D884544013DC8F100022A4087
:101E40004FF6FE75AA4202D94FF4A971D8E7BEF148
:101E5000030F12D106EB80001C1BC56815B140F2C0
:101E60005711CDE7C460A770228084F803C0087AB8
:101E700009682071080CE080218107FB0233736040
:101E8000BDE8F081840D00202DE9F047364C6378E1
:101E9000012B65D0032B04D040F267111720FFF708
:101EA000C9FCD4E901329A4202D04FF4B571F5E78A
:101EB0002546002305F80C3B1E460222994655F89C
:101EC0002200013A58B190F804808178B8F1FF0FF0
:101ED0002FD180F804908E423CBFCEB20123511C1A
:101EE000EDD103B12670022640F6FF6955F8267041
:101EF0009FBB013EFAD2042363700020BDE8F08747
:101F000055F82CE0BEF1000F06D09EF804A0C245A3
:101F100004BF9EF802E077440CF1FF3CBCF1000FD7
:101F2000EEDA3944FF2907D903B126704FF48371E3
:101F3000B4E794460027F1E70771CCE707EB4103CC
:101F40003846A3F80A90FFF705FF08F10108BB78AF
:101F50005FFA88F18B42F1D8CBE74FF00008F6E743
:101F6000022360686370C9E7840D0020F8B54FF65E
:101F7000FF730380184B03EB81030546D868B8B1A3
:101F800086780379B3FBF6F206FB1233DBB219460F
:101F90000A1D00EB4202B2F902705488002F09DBDF
:101FA0000131B1FBF6F206FB1211C9B28B42EFD13F
:101FB0000020F8BDFF29FBD0C4F30E03C4782B80AA
:101FC00024B94FF4D9711720FFF734FC5380BDE8D2
:101FD000F8400BF0CABF00BF840D00201D4B03EB7F
:101FE000810370B5DC68054644B3030404D54FF49F
:101FF000E0711720FFF71EFC014620460BF097FF0B
:10200000FF28014604D02046BDE870400BF0ADBF6C
:10201000A078B5FBF0F300FB1353DBB219460A1DA1
:1020200004EB4206B6F90260002E09DB0131B1FB78
:10203000F0F200FB1211C9B28B42F0D1002070BD4A
:10204000FF29FBD08B4204EB42021CBF0023E3704C
:102050005580D8E7840D0020094B03EB810310B5B0
:10206000DC68014620460BF062FFFF28014604D0E1
:102070002046BDE810400BF078BF002010BD00BF27
:10208000840D0020F8B5104B03EB81030746DC6894
:10209000014620460BF04BFFFF28054611D0E6888D
:1020A000238953EA064606D0014620460BF05DFF21
:1020B00001463846B04720462946FFF74BFE002030
:1020C000F8BD0320FCE700BF840D002038B50E4B9F
:1020D000827903EB82030446D86808B9022038BD30
:1020E0008278E1799142F9D24B1CE37100EB410314
:1020F0005D89B3F90A30002BF3DBA5800BF035FFC7
:1021000020600020EBE700BF840D002070B504467E
:1021100010F003000E4603D049211820FFF78AFB78
:102120000BF0A9FE054624B10348314604600BF0CC
:10213000A2FE284670BD00BF9C0D00202DE9F04F87
:102140001E4C85B092462268BDF83CB09846814648
:10215000BDF838300D461AB95B211820FFF76AFB2D
:102160001A460A21504603930BF030FD5A460646A4
:10217000092140460BF02AFD3118074620680BF074
:10218000A5FE039BC9F8000018B9286005B0BDE89A
:10219000F08F84192C60D9F8000000935246314624
:1021A0000A230BF0C5FC2868CDF838B00923424655
:1021B000394605B0BDE8F04F0BF0BABC9C0D0020CD
:1021C00070B50E4604460BF00AFD054630460BF08E
:1021D00006FD044B2A1821461868BDE870400BF034
:1021E0009FBE00BF9C0D0020014B18680BF061BE24
:1021F0009C0D0020F8B511441D4EC9B210F0030526
:10220000317003D04D210920FFF714FB1F2B19D883
:102210009B009BB2033323F003039BB208B17060B1
:10222000338101EB81047668E2004FF0010C00EB92
:10223000C404EFB2B94212D8D01D03FB010020F054
:102240000700F8BDFF2B4FEA430204D9FF33934246
:10225000DFDB93B2DEE77C2AFBDC7C23DAE710B11C
:1022600086F800C07460013528361C44E1E700BFE1
:10227000A00D002038B5144A147853680021C8B264
:10228000844203D8A8210920FFF7D4FA1846013167
:1022900005782833002DF2D00021817001241289A5
:1022A000447044688161C161920800F12001051DFC
:1022B00021F8022B994245F8044B1444F8D100232D
:1022C0004361037038BD00BFA00D00202DE9F84325
:1022D0004B7880460C4602F0040602F0FB07D3B1AF
:1022E000DFB12E4BD4F804901D89B7BB0123637076
:1022F000AD08A761E76104F120034A46211D04F1FE
:10230000280023F8025B984241F8042B2A44F8D1B4
:102310000023636101E0002FE3D0FF23A370002EB0
:1023200018BF0226A3191B7D032B03D1022F1CBF4C
:102330000136F6B2A31901221A7506F10C0204EB5C
:102340008606002324F812307268A370C8F80020B3
:10235000A8F804304046BDE8F883002114226170DB
:10236000A0180AF097FDB5F5FF7F0FD26B08ED1AA4
:10237000ADB209EB0502C4F804902584A260638421
:10238000C4F80C90A5842261E384C6E7B5F5EE6F2E
:102390004FF0FF03EBD940F27265EAE7A00D002091
:1023A000134B012200214FF0FF309A60C3F8001256
:1023B000C3F80803C3F80015C3F804259A60C3F8EE
:1023C0000803C3F80015C3F804250A490A4A03F5AF
:1023D00080334FF40040C3F80825C1F88000BFF3F4
:1023E0004F8FBFF36F8FC1F88001C3F80825704786
:1023F00000F0004000E100E00000F63F0A4619232B
:1024000002F8033B0448C368C1F803300369536012
:1024100043699360704700BFB00D0020024B5A8C97
:1024200002435A845B6A1847B00D0020014B00211B
:102430005B6A1847B00D002010B5154C06F052F835
:1024400005F072FC208DFFF7F1FF237E6BB1224671
:10245000104952F80C3BE36063685360A3689360D3
:1024600004F1190002220DF0C7FB236B93F87030C2
:10247000022B02D1084803F04BFBA36B94F83410F5
:1024800094F835009847002384F83C3010BD00BF15
:10249000B00D0020FD230000DC0D0020034B93F85D
:1024A0003C300BB1FFF7C8BF704700BFB00D002034
:1024B00070B51D4C256B636C236495F89C30064603
:1024C00094F848000BB10430C0B295F869102EB9E9
:1024D000FF2803D195F868308B4201D005F0C4FE87
:1024E00095F89C30D3B1E06C06F07EF9012384F8B6
:1024F0006830D5E94023E16C206CC4E9182305F06D
:10250000C9FB16B9304606F0ADF995F86810002001
:1025100006F0F2F9022384F83C3070BD206C06F01E
:1025200063F905F001FCECE7B00D00202DE9F7435D
:10253000404C94F83C30266B012B05460F465FFA61
:1025400083F804D040F275412720FFF773F996F81D
:102550008C303BB1002186F88C100420FFF75EFF21
:1025600086F88E80A16F0B7803F00303032B05D14F
:1025700096F8923013B90220FFF750FFA26F13783C
:1025800003F00303032B03D05378002B3ED1012328
:1025900086F8923096F89C30B3B1D6E94001236BAF
:1025A00094F84890C4E918014FF0010893F86900C5
:1025B00084F868800BF0EBFD0022034600921E4970
:1025C0004A46404605F020FBDDB9D7B1E36F284607
:1025D0009847B0B194F834309BB994F88030D9065C
:1025E000C3F300125CBF636C1D78D4F884305CBF09
:1025F000C5F30015C5F1010553B9B4F888303BB1F6
:1026000032B903B0BDE8F043FFF716BF0223BFE7BE
:10261000638C9A0709D5A36FDB78022BF1D10020D8
:1026200003B0BDE8F043FFF743BF002DE9D1002B15
:10263000F5D0E6E7B00D0020000E002008B5094BEC
:1026400093F83C20022A04D04FF40F712720FFF7A3
:10265000F1F8DA7A42F00102DA72BDE80840FFF7D9
:10266000EBBE00BFB00D0020044B93F83C2002F0FD
:10267000FF000AB9187670470C207047B00D002093
:102680000A4B0B4A70B506460D461A60FFF7ECFF81
:1026900018B1DE212720FFF7CDF8064C012104F107
:1026A0008A000DF09AF96664E56470BD4C00002064
:1026B000682E0000B00D0020024B012283F8AC20F0
:1026C000704700BFB00D00202DE9F043804C85B06D
:1026D00002AE86E8030094F83C100C9F01F0FF0561
:1026E00011B90AB103B127B940F24F112720FFF702
:1026F000A1F896E8030004F12C0C8CE8030084F8A0
:10270000AC5084F8345084F8AD5084F8355084F8D7
:10271000AE5065842585256BE3676262A76305F08B
:10272000E1FD05F001FB95F96C0005F06DFE686AAE
:1027300006F04CF8E86905F06DFE95F8AC0005F080
:102740008FFE236B93F8FF310BB105F0B9FD95F8BF
:102750006910012005F056FF002800F0B6805D4B9F
:102760005D4E186806F038F82B69C4F8B0306B6914
:10277000C4F8B43005F58C7705F58473186859688A
:10278000324603C20833BB421646F7D1D5F81821AA
:10279000C4F869205A68514B5A60236B93F896200D
:1027A000A2F12501012993F868100E4603D993F888
:1027B0009700252855D193F8AE322BB1012E03D0C6
:1027C000012B14BF0226012605F130073146384699
:1027D0000DF0A2FA31460CF059FFAB8F95F8691055
:1027E000834228BF0346384684F8B8300DF07DFA9E
:1027F00095F8691095F89C60B5F84480082908BFE1
:1028000004210CF043FF0EB9043080B2404528BFCC
:10281000404695F89C305FFA80F884F848809BB178
:10282000D5E9406795F869004FF00109C4E91867D8
:1028300084F868900BF0ABFC002203460092264916
:102840004246484605F0E0F90120FFF731FE244BEF
:10285000D3F8503523F00803032B2AD140F2F911A5
:1028600044E7203A012A0CD8232893F83E210AD0C5
:1028700012F0010319D19207A6D5012918BF02262B
:10288000A2E723280DD193F83E2193F8613013403D
:1028900013F001020BD19B0796D5012908BF0E4604
:1028A000ECE7042908BF08268EE71E468CE716468B
:1028B0008AE7002323606360A360B5F890306380EB
:1028C0002B88238095F8AC30237105B0BDE8F083E8
:1028D000B00D00204C000020000E0020190E00203A
:1028E0000010004008B50C4B93F83C201AB9BDE825
:1028F0000840FFF7A1BD93F83C20022A04D040F223
:1029000012212720FEF796FF1B6BD3F81802BDE8B3
:10291000084005F07BBF00BFB00D0020014B1876CA
:10292000704700BFB00D0020014B93F8AE00704718
:10293000B00D0020024B188DC0F38020704700BFFF
:10294000B00D0020014B93F8AD007047B00D002092
:102950002DE9F3411E4D82072C6B06460F4622D50A
:10296000D5F8843023B940F266412720FEF762FF94
:10297000B5F88820296C1846033291F801800AF0D6
:1029800011FA0DF1020201A92864D5F8B4000BF088
:1029900068FA01980BF04FFA012238604146D5F8E9
:1029A000B4000BF0F4F9F3070ED5D4E9403201334B
:1029B00042F10002C4E9403294F89430012B0CBF7C
:1029C0000023012384F8943002B0BDE8F08100BFF9
:1029D000B00D00202DE9F04FA04C002387B0CDE9C9
:1029E000043394F83C30276B022B80468A4604D08F
:1029F0004FF49D612720FEF71DFF238D590606D455
:102A00004020FFF713FD238D43F04003238597F803
:102A10009C30B8F1000F00F01281A3B105F0B2F9BB
:102A200005F096F978B9236C5A7862B11B7897F85B
:102A30009420C3F3C0039A4205D1012384F83530B2
:102A4000FFF7FAFC4FE1236C5978A4F8881011B312
:102A5000D4F8B4000BF071F9C4F88400238D97F812
:102A6000932043F480732385236C1B78C3F3800386
:102A70009A4200F0B980256B95F89230002B3ED039
:102A8000022B12D1D4F8B00004A90BF0EDF828B94C
:102A90004FF47971AEE7C4F88410DFE7D5E93E3230
:102AA000013342F10002C5E93E3295F88E30002133
:102AB00085F8921023B185F88E101020FFF7AEFC38
:102AC00095F88D309BB1002685F88D6001F0B8FD3A
:102AD00010B940F2FB318DE731460820FFF79EFC2C
:102AE000D5E93E32013342F10002C5E93E3295F8A4
:102AF0009330012B0CBF0023012385F89330238DE5
:102B000043F4806323854FF0000B216C97F89420E9
:102B10000D78C5F3C0039A4240F0868005F00305A6
:102B2000032D266B62D0002D6BD196F89430013BBB
:102B300018BF012386F89430236C5B7833B1D6E953
:102B40004032013342F10002C6E9403297F89B302F
:102B500093B1D7E93E23216B002691F8680084F8F1
:102B60006860C4E918230BF012FB3D490096034648
:102B7000FB22304605F048F8BAF1000F72D1628CA2
:102B800094F8AD30120703D5A26FD278022A69D02B
:102B9000012B67D8E36F01209847002862D094F892
:102BA0003490B9F1000F5DD1266B94F8483096F857
:102BB0009C208DF80D90002A40F09880FF2B96F80D
:102BC000681003D196F869308B4202D0FF2005F0DF
:102BD0004BFB96F89230032B00F22F81DFE813F0C5
:102BE00089000E0111012401C3468EE7238D0120C7
:102BF00043F4006386F88C002385FFF70FFC002563
:102C000093E74B78002BFAD0228DD4F8845042F40D
:102C100000622285002D99D0FB2B07D894F8AC30A8
:102C20005BB12020FFF702FC00258FE794F83430D9
:102C300043F0100384F83430F6E7454675E70BB1EE
:102C400005F0D6F894F8AD30013384F8AD30238D1B
:102C5000002543F400732385AB4677E7B00D0020D1
:102C6000000E002005F068FE4FF0010A1DB105A915
:102C70000220FFF76DFEBBF1000F0DD0B4F8072066
:102C8000B4F805301343B7F8902013431EBFB4F8CF
:102C900009300133A4F80930B8F1000F00F0D580F5
:102CA000B4F805300133A4F80530002384F8AD30C2
:102CB000694802F00BFF049840B10BF0BCF8216B9F
:102CC00000234372072201300CF084FF059B33B1CF
:102CD000216B00221A720C2205980CF07BFFBAF1CE
:102CE000000F7FF4ADAE07B0BDE8F08F0433DBB268
:102CF00064E794F8B830ADF80E305848A6F858306C
:102D000001F08EFC00285DD0A16F8020FFF786FBCC
:102D1000012386F88D3096F89330A26FDB0003F024
:102D20000801137803F0F3030B4396F8941089001D
:102D300001F004010B4323F0100103F00303032B04
:102D4000117002D1D378022B0FD0D4F8B0000AF062
:102D5000D3FF40B9A36F1B7803F00303032B04D008
:102D600001F084FC08B94FF01009A06F037849EA1C
:102D7000030980F8009096F89B30002B60D04378D0
:102D8000002B5DD0E06C05F02FFD002384F8683047
:102D9000D6E93E23A16FE06CC4E9182304F07AFF62
:102DA00096F86910012005F0A7FDA26F1188A4F81C
:102DB000801091782A4A012384F8AE30917084F80B
:102DC0003C3053E7D4F8B0000DF10D020DF10E01C7
:102DD0000AF027FFA06788B196F8D73073B99DF83D
:102DE0000D302BB903808370A06F01210CF0F5FD2D
:102DF000BDF80E10A06F0CF0BCFE8CE7194BA3675A
:102E000089E7B6F85830D4F8B000ADF80E300DF1BF
:102E10000D020DF10E010AF004FFA06700287FF4F7
:102E20007AAF40F2D521E5E50C4801F0F9FB002826
:102E30007FF471AF40F2DE21DCE540F2EB21D9E511
:102E400005F0D2FC04F070FFAAE7B4F807300133B4
:102E5000A4F807302CE700BFDC0D0020280E00206E
:102E6000300E00203A0E00203D260000D52900003B
:102E70002D2500009D2400000B2808B504D94FF42F
:102E800052710620FEF7D6FC014B33F8100008BD46
:102E900030AF03002DE9F04F8BB004461546029386
:102EA000894690F869B00CF0E1F9064694F8000202
:102EB000FFF7E2FF94F897300393064485F001038F
:102EC000B6B2059355BB94F84C32032B26D1039B25
:102ED0000D2B23D1B4F8AC324B451FD1D4F854326A
:102EE000C4F84032A369B4F81E22C4F84432B4F8DE
:102EF00092321344C4F84832204604F0A5FDD4F8B9
:102F0000B032A362B4F8AE32A385D4F8B432A36170
:102F1000D4F8B8322362022384F84C32B4F89072A9
:102F2000B4F89080A9EB07073FB204F51A73A9EB38
:102F30000808002F04930FFA88F86EDAD4E9A0236A
:102F40004746C4E9A22301230493CC4B1B7803F02A
:102F5000FF05002B54D006F07BFA054600284FD021
:102F6000B4F83432012B6DD994F84C32022B69D06D
:102F700094F86252002D65D194F80002FFF77CFFAF
:102F800094F84C3200F5C866012BB6B2D9B24CD1D8
:102F900094F89A30D4F828A0032B40D1D4F84452A6
:102FA00055443146D4F8440206F0A8F9D4F840322A
:102FB000C4F84002A0EB030AD4F848323146284650
:102FC00003FB0AFA06F09AF9D4F85052C4F85002FA
:102FD000451B3146A06906F091F9AA44B4F81E5287
:102FE000D4F848324544ED1BDB432B44D4F854520B
:102FF000451B05FB03A50123C4F8540284F8623283
:1030000094F84C32DFF874A2032B00F28281DFE8DF
:1030100013F01B0016016B003701029B94E7284652
:103020000CF05EFB00EB0A05BBE7A069314606F039
:1030300065F9B4F81E52D4F854324544ED1BC31A56
:103040005D43D8E70025DBE7012100200CF048FBB9
:103050008046A06A3146404406F050F93146C4F833
:103060005002A06906F04AF907A9C4F8540208A85A
:1030700005F06AFC079B0093D4E9A201DDE908236F
:1030800009F06AFA834620460BF0C7F8D4F8983264
:10309000A66A94F869001E4405F09CFDD4F850120D
:1030A000A6F120077F1A00F523404FF47A734744B6
:1030B000A130B0FBF3F0A38DA7EB0B0730313F1A23
:1030C00003EB410194F869000BF094F8D4F89832BE
:1030D000FB1A2230B3F5CA7FCAF8040055D840F273
:1030E000F2413020FEF7A6FBA36AD4F84402314631
:1030F000184406F003F93146C4F85002A06906F0FE
:10310000FDF8C4F8540220460BF087F8B4F81E32DC
:10311000A66AD4F84472002B40F08C80029B002BEE
:1031200000F0888094F869B0584605F053FD3744A4
:10313000D4F89C22D4F8503204938046203F58465D
:10314000174405F03FFD049BFF1A3F1A08F523487A
:1031500008F1A1084FF47A70B8FBF0F8A7EB080764
:10316000D4F85012D4F84032D4F8482294F86900C8
:10317000303102FB0311A38D03EB41010BF03AF850
:103180000123CAF8040084F84C32A669D4F85432FA
:10319000A6F21F26F61ADAF804309E4228BF1E4611
:1031A0007423A4F87032D4E9A2327F1BDF1942F1F4
:1031B00000024FF00008C4E99E72C4F8186284F857
:1031C000688204F130000CF08EFDB4F80812A4F807
:1031D0009092D4E99E23A1EB09090FFA89F9C14520
:1031E000C4E9A223C8BF022384F87282C8BF84F84E
:1031F0007232039B06440D2BC4F86C62029B00F0F4
:103200008B80002B40F0898094F84C32002B00F02A
:10321000A280A169D4F8543204F51A70C91A0CF0CE
:1032200004FA80B2002800F09680149B03B1188045
:103230000120A0E0D4F8500237443F1A90E7D4F8B8
:103240005422A369D4F84802D4F840129B1A5F4371
:10325000B4F81E329844C3439844D4F85032303303
:1032600001FB0033A18D94F8690002FB083301EBE8
:1032700043010AF0BFFFCAF8040086E76C0E002085
:10328000A369D4F854021B1A5F4394F89630252B97
:1032900003D094F89730252B0AD1B4F8AC32A9EBBF
:1032A00003031B0404D494F8AF32002B18BF9B46D1
:1032B000049B03B3B4F81E32EBB9D4F89C3213B9B3
:1032C00040F244510DE794F8690005F083FCD4F80E
:1032D0009C320646203B94F86900049305F072FC8A
:1032E000049B1F44381A06F52343A1334FF47A7721
:1032F000B3FBF7F7C71BB4F81E12D4F8543241449D
:1033000059433031490058460AF074FF1B4B58604E
:103310003BE740F25951E4E6EBB1B4F8341221B383
:10332000B4F8362294F83832A4F8362202FB03337C
:10333000994202F101000EDD94F872325BB1002374
:1033400084F87232A4F8360202F02EF800F007007A
:10335000013084F8380294F8940204F51A7108F0E8
:1033600047F820B940F2A351BBE60A46DAE7059BCD
:1033700084F8603200200BB0BDE8F08F6C0E0020A6
:103380002DE9FF41044618B99C213020FEF752FA7E
:10339000082900F22381DFE811F0090071007B00A9
:1033A0007B00760021010D0115011F010023C0F8EB
:1033B0009C3290F86032B0F89020002B56D0B0F8D4
:1033C0005E3293424CD1B0F80C22A0F89020D31A70
:1033D000A0F80E32D4E99E232046C4E9A02304F0CD
:1033E00017FA94F81332002B00F0A780A569D4F8DF
:1033F0005432DFF8EC819D4288BFED1A98F808300E
:1034000098BF00251BB9236B9D4228BF1D4604F1C0
:103410003000D4F818720CF066FC0744022008F063
:10342000C7FDED1B25EAE575854228BF054602214B
:10343000284608F00DFE00B92F4440F27D2239469F
:1034400020460CF09BFCD4F81832C8F80C00A06998
:10345000184408F053FD00286FD140F2AA3194E7D8
:103460009A1AA0F80E22A4F89030B3E7B0F85C32B4
:103470009A1AA0F80E22B0F85C32F4E704B0BDE866
:10348000F0410DF084BA04B0BDE8F04105F068BA2F
:103490000DF06CFDD4E9A023801A61EB0301012833
:1034A00071F1000302DA4FF4C4616EE76FF00103BB
:1034B00083424FF000038B4102DA40F2216164E75E
:1034C000A3690BB1B0FBF3F394F89710B4F85E2244
:1034D0000D2935D10132A4F85E22B4F89232B4F845
:1034E00090500133A4F89232B4F8CA301D44B4F8B5
:1034F000C830013DED1AADB20DF10E06B4F85E1202
:103500006B1A1B0436D594F89A303649002B0CBF41
:103510003E23082384F8B93004F1B0000CF066FBB8
:1035200020460DF036FA002384F84C3294F89402C9
:1035300007F014FE202384F8943204B0BDE8F08133
:10354000B4F890100B449BB2D11A090454BF531C19
:1035500001339BB2A4F85E3294F86132002BBCD1E7
:10356000B4F80C32B4F85E22934204BF0133A4F8DD
:103570005E32B2E7002300961A462046FFF78AFC27
:103580000028DAD0012812D1B4F85E22B4F808126B
:10359000BDF80E301344521A12049BB204D5EA1A35
:1035A00012F4004F18BF0B46A4F85E32A6E74FF4A2
:1035B000CC61EAE6012005F06BFE04B0BDE8F04105
:1035C0000AF0F3BD90F84C32042B01D0C021DCE6A8
:1035D000002380F84C32B0E7C621D6E6CA21D4E6F3
:1035E0006C0E0020B1FE000090F8E8302DE9F041AB
:1035F00004460D46164603F0FF0813B10C20BDE843
:10360000F0810146474807F07DFD20280746F5D0A8
:103610005022414604F1C80009F03CFC012384F823
:10362000C870C4F8CC5084F8E83035B101F0D4FE4D
:1036300000F00700013085F8380220460AF0B7FD97
:1036400000270223A4F8FA30A4F8F80084F8F070F8
:1036500005F084FEB4F8F8509D35054420460DF081
:1036600018F8ADB2014668B30BF000FE00F5CD616D
:1036700089B2304605F042FE3044C4F8F4000DF043
:1036800075FC281841F10001C4E94001012084F8CB
:10369000D000E7840DF0CAF8DB3E361AC4F8D460D7
:1036A0004FF0FF326FF00043C4E9422394F8C800A2
:1036B00004F1F00107F09CFE30BB40F2EF11302026
:1036C000FEF7B8F820460CF008FF174FDB30C4F8BF
:1036D000F400388A40B1E08C30B101F07DFE3B8AC5
:1036E000B0FBF3F202FB130005440DF03FFC2D1874
:1036F00041F10001C4E94051002ED1D0751941F1CA
:103700000001C4E94251D1E7D4E940230025204615
:10371000C4E93823A4F8EA5029460CF0E6FF28460D
:103720006DE700BFDFE200006C0E0020F0B5002363
:1037300085B0CDE9003301238DF806306846FEF7E9
:10374000C5FC70B11B4E0123B3740027CDE902778D
:1037500002A8FEF7BBFC0546A8B10020B07405B076
:10376000F0BD00980AF070FEE8E790F8940208F0C7
:1037700099FD94F8940284F84C5207F0EFFC202352
:1037800084F89432E2E7029B002BE1D093F8942274
:10379000202ADDD018884FF6FF739842DDD02946E5
:1037A000FEF75AFC04460028DFD140F229113020F0
:1037B000FEF740F86C0E0020054B002201211A7222
:1037C00019709A7442F210721A82FFF7AFBF00BFED
:1037D0006C0E0020014B1872704700BF6C0E002069
:1037E00008B504F003FD044BDA6882422ABF987CD6
:1037F000002080F0010008BD6C0E00202DE9F34789
:103800000446052900F28D80DFE801F0037D6A7A25
:103810008186D0F89C32002B50D090F86232002B79
:103820004CD090F84C32032B48D190F869A00BF0A3
:103830001DFD064694F80002FFF71EFB8046064475
:103840005046D4F89C7205F0BDF93F1A504605F079
:10385000C1F900F2E7325046D4F818524FF47A79A1
:10386000B2FBF9F2BF1A05F0ADF92D1A504605F07A
:10387000B1F900F52340A130B0FBF9F02B1A5A083A
:10388000B6B2603B08F5C868293273431FFA88F85E
:10389000B3FBF8F360335908A2EB53039F4202D302
:1038A0000A44974201D905F0E5FFA069314605F0C9
:1038B00025FD0023C4F8540284F862321A4B9B7C25
:1038C00003F0FF0263B9B4F80C1200920123204602
:1038D000FFF7E0FA38B140F2DA613020FDF7AAFFD5
:1038E000042384F84C3204F047FE07F065FAB4F87C
:1038F0009020A4F85E220023A4F8923284F861326A
:1039000002B0BDE8F087032380F84C32F8E704F0FA
:1039100067FCC4F89C02F3E702B0BDE8F0470AF088
:103920007CBC40F26E71D8E76C0E00202DE9F843A4
:1039300006460C4615468ABB04F058FC0121D4E922
:103940004089074684F8E850D4F8CC0084F8D05079
:1039500084F8E91001F0F6F9D4F8CC00C0E9A089A8
:1039600094F8C83080F89432C0E9A289C0F89872FF
:103970000AF067FC20B140F21D713020FDF75AFFBC
:1039800004F0FAFD07F018FA074994F8C800324627
:1039900005F052FC28B940F28171EEE74FF4F36173
:1039A000EBE7BDE8F88300BF81330000014B1882CC
:1039B000704700BF6C0E0020F0B5070CA7F5AA42B7
:1039C000144B543A012A03EA90231FD927F40040EC
:1039D00042F6AA22801A18BF01200022162116469C
:1039E0001F2487EA060562EA0505013510D0DD03CC
:1039F000ADB245EA5606E503ADB2013945EA5202D9
:103A00004FEA53034FEA5404EBD1F0BD0020E4E742
:103A10000020FAE7E0FF3F0010B501210020FEF78B
:103A20001BFB044670B90121FEF7D8FA044620B901
:103A300040F21B313920FDF7FDFE034B93F90010D6
:103A40000CF013FD204610BD800E0020304BF0B569
:103A50005A88B0F85C70B0F85A609D88974228BFC9
:103A60001746964228BF16461B2E85B00C462ED010
:103A7000B5F5A47F2DD040F648039D4201A928BF8B
:103A80001D460AF05CFEBDF80A309F4228BF1F4663
:103A9000BDF80C30E780AB4228BF2B462381BDF830
:103AA00006309E4228BF1E46BDF8083066809D4203
:103AB00028BF1D46A580FF232370E3881B3B9BB2D4
:103AC000E02B08D94FF4B7613920FDF7B3FE1B2F67
:103AD000CED105B0F0BD63881B3B9BB2E02B02D971
:103AE00040F2BA51F0E72389A3F5A4739BB2B3F572
:103AF000E06F02D940F2BC51E6E7A388A3F5A473B6
:103B00009BB2B3F5E06FE4D940F2BE51DCE700BFF1
:103B1000800E002008B50BF0D2FC00F053FF00F03F
:103B2000E9FB0CF055F801F0B1F902F04DF801F0A5
:103B3000C5F9084B1B224FF4A4715A809980064B9B
:103B400006499A8000221960DA825A821A835A74CE
:103B500008BD00BF800E0020AC12002003021B0035
:103B6000044B41F64C52C3E902221B221A74FFF7A0
:103B7000D1BF00BFAC1200202DE9FF41364DAB682C
:103B8000044640F8303F0AF095FC064600F0A2FBE0
:103B90006687324E2B7C84F8383010F0200F336863
:103BA0001DBFAA886988A4F85A101B2208BFA4F870
:103BB0005A20A4F85C205BB1012302A88DF80830DC
:103BC00003940CF0FAFE336894F96C10208898473F
:103BD000AE7CEF7CB5F8148041F64C53A36116B966
:103BE00000F07EFB064657BB00F07AFB074646B363
:103BF00038B302A920468DF808608DF80970ADF839
:103C00000A800BF069FD6B7801932B7800936A882A
:103C1000AB8804F1140104F11000FEF78FFA236958
:103C200013B940F28F5114E0636913B94FF4B261D4
:103C30000FE0002004B0BDE8F0810920FAE7002E73
:103C4000D7D120880021FEF71DFA0028F5D040F2D8
:103C50007E513920FDF7EEFDAC120020500000200F
:103C6000F7B505460E460CF033FC002873D0284605
:103C70000CF00FFD40B1B6F80130013B7F2B03D9AA
:103C80001224204603B0F0BD28460CF006FD08B90A
:103C90000C24F6E728460AF0CDFC0028F8D1284687
:103CA0000CF0D4FB04460028F2D1284602F046FC72
:103CB0000028E5D0B6F80170F17842F2107328467A
:103CC0005F430CF0D3FC28460CF0DBFC014658B9EE
:103CD0003A462846FFF788FC04460028D1D041F632
:103CE00016013920FDF7A6FD21460DF10600FEF76D
:103CF0003DF9064668B3214601F024F8BDF80630C8
:103D00003380284631460CF0DEFC28460CF0CBFC14
:103D100098B928460CF0C9FC01463046FFF72CFF45
:103D200004460028ADD13A4631462846FFF75CFCF0
:103D3000044620B141F63901D3E70121EDE7074BF5
:103D40009B68002B9DD0024606F599713046984736
:103D500097E70D2495E7422493E700BF800E0020EB
:103D6000034B5A8802801B7883700020704700BF85
:103D7000AC12002037B583781A2B054609D8042BDE
:103D800005D9012202FA03F3134A134205D1122482
:103D90001AE0292B01D03B2BF9D12888B0F5706FA0
:103DA000F5D269460BF0E8FB88B9019B93F8302106
:103DB00002F0FF046AB9AA7883F83121FF2283F860
:103DC000302168460BF0DFFE204603B030BD0224F0
:103DD000FAE70C24F8E700BF200038040188A1F1BD
:103DE0001B039BB2E02B0CD84288A2F5A4739BB2B4
:103DF00044F24810834204D8034B002059809A8033
:103E000070471220704700BF800E0020034B5A8875
:103E10009B88028043800020704700BF800E0020F6
:103E200038B504784278857804F0010352EA03013A
:103E300004F0020401D1112038BDBCB9002DFAD024
:103E4000002B08BF144601E00024254620460AF056
:103E50002FFC0028EFD028460AF02AFC0028EAD0E0
:103E6000054B00209C74DD749882E5E7002BEBD1B4
:103E700014461D46EAE700BFAC12002013B50088C7
:103E800069460BF079FB18B10224204602B010BD40
:103E9000019A92F84C32DBB292F8B820002AF3D1A2
:103EA00013F0FB0FF0D0019890F842310BB13A2497
:103EB000EBE790F8E23003F0FF04002BF7D190F825
:103EC000D9309B0706D1012380F8423168460BF0B8
:103ED0005AFEDAE702490222DA300BF08DFED4E70F
:103EE0000D030100F0B50778EF2F85B004460D46AD
:103EF00003D91225284605B0F0BDB0F80130ADF861
:103F00000C309DF80C30DA063FD49E0603F0030215
:103F100038D5002AEDD11807EBD46378190711D4EE
:103F20002179E278E07942EA0122617942EA0142AC
:103F3000A17941EA0021207A41EA00418A42D8D899
:103F40001F2AD6D9627A013A062AD2D8A27A032A3F
:103F5000CFD813F0040102D1023A012A03D8E27A41
:103F6000012AC6D811B9A27C032AC2D813F01001C5
:103F7000227D19D0012ABCD1227E012AB9D8B1B93B
:103F80001125B7E7032AC6D1B3E713F0600FB0D10C
:103F900003F00F0203F00703052BBED0931E012B85
:103FA000BBD9002AA5D1B8E7022AE5D1A1E7DA07F3
:103FB0001FD46378227D03F0180108291ED1022A3C
:103FC000DED11B0709D4E279A37943EA0223227ADE
:103FD00043EA0243B3F5804FD2D8BFB2012138463D
:103FE000FEF73AF8064678B10AF024FBB8B10C2582
:103FF00080E700F031F90028DBD1C1E7022AE0D0E8
:10400000A27E002ADDD0BBE701213846FDF7E6FF9E
:10401000064650B3164B93F900100CF026FA3046C2
:104020000CF02CFB21462870E07430460CF071FA3D
:10403000637E0546002B3FF45DAF00287FF45AAF46
:10404000316B02466846FEF741F9306B2A46012182
:1040500009F0EDFF316B68460422FEF737F9306B4B
:104060002A46294609F0E3FF44E7072542E700BF57
:10407000800E002070B50579042D8AB0034658D80B
:104080004488B4F5804F54D82B48465D284400211D
:104090004279857AC07BADF8041042F0100242EA02
:1040A000460242EA850242EAC00202F01F028DF88F
:1040B0000420BDF80420ADF80D201A888DF80F20DB
:1040C0008DF81240120A240A8DF811108DF8141080
:1040D0008DF810208DF813405A7B8DF815205A79F1
:1040E0008DF816209A79D3F807008DF81720B3F8C9
:1040F0000B209B7B8DF81E307F238DF81F30012312
:104100008DF80C1006908DF82110ADF81C208DF85C
:1041100020308DF8223003A88DF823108DF824105C
:104120008DF825108DF8261001A9FFF7DBFE0AB0E7
:1041300070BD1220FBE700BF54AF030002780346B6
:1041400072B1427862B142881A2A09D982881A2A41
:1041500006D9044A006810609B889380002070474D
:1041600012207047AC120020024B02689A600020B7
:10417000704700BFAC1200200378A3F10A02112A95
:104180009DBF024A0020137412207047AC12002019
:1041900008B5052000F090F803F086FC014B024AB8
:1041A0009A6008BD800E00204D3A000008B502F06C
:1041B000ADF9FFF701FBBDE80840014802F090B9F6
:1041C0008C0E002010B50B4C012384F8023102F054
:1041D000A5F90CF0DAFB0BF070F904F2031120469C
:1041E000FEF74EFA002009F0C8FEBDE8104000F0CE
:1041F0009BBF00BF8C0E002010B5064C064904F58D
:1042000002700AF0F4FF04F503700449BDE81040A1
:104210000AF0EDBF8C0E0020540000205C0000204E
:1042200010B5094C094904F502700AF0E0FF04F5E5
:10423000037007490AF0DBFF04F504700549BDE887
:1042400010400AF0D4BF00BF8C0E00206C0000208C
:104250007400002064000020014B93F802017047B5
:104260008C0E002010B5074C00F056FFD4F8080261
:104270000AF0B5FFFFF774FC01F0C6F8012384F8DB
:10428000143210BD8C0E0020014B93F814027047BD
:104290008C0E002010B5074CD4F80C020AF09FFFDA
:1042A000D4F810020AF09BFFFFF734FC002384F8D7
:1042B000143210BD8C0E0020C2080549012300F005
:1042C000070003FA00F08B5C18438854704700BF66
:1042D00010000020014BD3E90001704710000020BE
:1042E000034B1868C0F30020400040F00100704705
:1042F0001000002008B505F02BF8084A002332F81A
:104300002310814205D302EB83039B78044A137088
:1043100008BD01330C2BF2D10023F7E768AF03008F
:10432000A110002010B544682388A4F8903194F8B7
:10433000683084F88F11012B06D0022B04D040F294
:1043400081210620FDF776FA84F8923194F86930DD
:10435000012B01D0022BF2D184F8933104490222BF
:1043600004F5C3700BF048FC002384F83C3110BD09
:1043700071F20000406808490388A0F8823190F883
:10438000603080F8843190F8613080F8853100F237
:1043900079100BF02BBC00BF87F200002DE9F7432A
:1043A000456895F8973095F89680232B04460F467C
:1043B0002CD1973538460BF0C5FB00284CD0384639
:1043C0000BF0BAFB814638460BF0B8FB01460AF009
:1043D000AFFF666848B396F86830984225D096F8E3
:1043E0003C21012A0CBF96F83E2196F86420114228
:1043F00032D0B8F1210F18D096F86120114214D1B3
:1044000053B940F26D110620FDF714FAB8F1210FEF
:1044100040F0B3809635CDE7042B01D0042831D18C
:10442000984294BF00200120B0B948460AF080FFAE
:10443000002849D096F86930834245D096F83C313F
:10444000012B0CBF96F83F3196F8653019EA030F3F
:1044500014BF01230023BBBB636893F83C21012AEE
:1044600019D11E212046FFF75DFFB8F1210F1FD1A2
:10447000FA786368182A83F8212110D040F26D2160
:104480007E20C1E7082BCBD00828C9D098422CBF8A
:1044900000200120C8E7002283F83C21E5E709223B
:1044A00083F8962093F8D23093BB40F27521E7E76A
:1044B000002320462B700BF0ABFC3946204603B09E
:1044C000BDE8F0430BF0C8BC304601AA39460AF0FB
:1044D0003CFFD4F804800646F8B998F83C31012B2B
:1044E00018D101462046FFF71DFF2E70636803F1C7
:1044F0009702954202D1002283F89720636803F166
:10450000970295424FF0000534D120460BF080FC15
:10451000002033E088F83C01E8E738460BF010FB58
:10452000A8F8AC026068B0F8AC32B0F89020013B5B
:104530009B1A9BB247F6FD72934207D9282380F855
:10454000B9301049B0300BF051FBD7E790F89730F5
:104550000D2B02D00A3B012B01D82A23EFE79DF84F
:10456000043080F8AE329DF8053080F8AF32252354
:104570002B70C3E783F8D250CAE7022003B0BDE82E
:10458000F08300BFB1FE0000044B002283F822201C
:104590004FF6FF729A84DA841A857047A2100020C1
:1045A000054B9A8C824201BF002283F822204FF6ED
:1045B000FF729A84704700BFA2100020014BD8847C
:1045C000704700BFA2100020094A0346908C4FF6A6
:1045D000FF71884206D192F82210012905D01A6095
:1045E000012070470020186070470020704700BF0E
:1045F000A2100020064B93F82220012A1FBF0120A1
:10460000DA8C83F822009A8408BF0020704700BF2C
:10461000A2100020014B1885704700BFA210002097
:10462000064B0246198D988C884205D193F82200DA
:1046300018B113600120704700207047A2100020BD
:10464000094B998C1A8D914201D0002070474FF68A
:10465000FF729A8493F82220002AF6D0002283F871
:1046600022200120704700BFA2100020054B998C2A
:104670001A8D914203BF93F82200B0FA80F04009EE
:1046800001207047A210002050B90A4A13460120A9
:1046900003F8010B0868C2F801008A889A80704705
:1046A000012805D1034B0A689A608A88D8719A81DB
:1046B000704700BFCC10002048B90A4B187880B171
:1046C000D3F80120B3F805300A608B8070470128C9
:1046D00006D1044BD87920B19A680A609B89F4E727
:1046E00000207047CC10002020B9054B187800F04E
:1046F0000100704701280ABF014B0020D879F6E776
:10470000CC100020F7B500228B888DF80600ADF89C
:10471000043008680C4B8DF80720019D1C78014679
:1047200003F5AC73D0B2844201D8082009E0D3E984
:104730000076AE4208BF8F4203F1080302F1010286
:10474000F0D103B0F0BD00BFE010002030B5094B40
:1047500001465C78002203F58173D0B2844201D80F
:10476000082005E013F8015B8D4202F10102F4D14B
:1047700030BD00BFE0100020F8B52E4C6278013A41
:10478000D2B22318824293F80251627032D01301E0
:1047900001019E1C8F1C2644274406F1100C56F87C
:1047A00004EB47F804EB6645F9D1823382312344A8
:1047B000214403F1100653F8047B41F8047BB34213
:1047C000F9D1A618211896F8023181F802314FF478
:1047D0008577062313FB027213FB0070A318A258FF
:1047E000225004EB000C9B88ACF8043096F83A3168
:1047F00081F83A312846FFF7A9FF082818D1237815
:10480000013BDBB29D42237012D02B3304EBC30378
:1048100093E8030005F12B0204EBC20282E80300D7
:104820002078FFF793FF08281CBF241884F8025152
:10483000F8BD00BFE0100020F0B5254D95F8984177
:1048400089B0224605F29911684608F0ABFA214674
:1048500068460AF053FE0446B8B300EB4001C9B203
:1048600002A8FDF777F9601E95F8A161C0B2012496
:1048700095F8982105E0731CB3FBF2F102FB1133AC
:10488000DEB206F120030DEB030111F8203C002BF2
:10489000F1D100EB400220326A4406EB46032B4480
:1048A00012F8187C83F8A27112F8177C12F8162CF3
:1048B00083F8A37183F8A42101F8204C0138AB19C7
:1048C000C0B2FF2883F89941D2D109B0F0BD00BF32
:1048D000E010002070B5064688B00C46002A4FD084
:1048E0002A4A92F8A131D01890F8991121B94FF4C1
:1048F00080712820FCF79EFF03EB43011144013334
:1049000091F8A251E57091F8A35191F8A411617149
:104910000021257180F8991192F89811B3FBF1F0FC
:1049200001FB103382F8A13192F8C23123B9184942
:1049300002F5DD700BF05DF9657905F03F0545F096
:10494000400565710D220021684608F0A3FAE3785E
:104950008DF80F3023798DF80E3004AA04236946B0
:1049600030468DF80D5007F087FF9DF81F302370FB
:104970009DF81E3063709DF81D30A37008B070BDA7
:1049800003216018FDF7E6F8D6E700BFE01000202D
:1049900039480000044B5A78824286BF1B1893F8AE
:1049A0004A010020704700BFE0100020044B5A78F5
:1049B000824286BF1B1893F842010020704700BF57
:1049C000E0100020064B00224FF461711A8083F83A
:1049D000C32183F8C421A3F8C61183F8C22170470C
:1049E000E0100020014B83F8C4017047E010002064
:1049F0002DE9F0478246894617469846FFF782FE22
:104A000008280546064603D0FFF7A0FE082863D114
:104A1000334C6378072B61D8082D18D12678731C86
:104A2000072E237003D96B212820FCF703FF06F122
:104A30002B03DAB2D9F8000044F8320004EBC201CB
:104A400004EBC303B9F804208A8083F806A06578D4
:104A50006B1C290163704B1C07F11002234412F8F0
:104A6000010D03F8010FBA42F9D1813108F11003A9
:104A7000214413F8012D01F8012F9845F9D1102197
:104A800040460AF086FD2544102185F8420138464B
:104A90000AF07FFD85F80261667885F84A010023F7
:104AA00085F83A3131460F480AF028FD314605466F
:104AB0000D480AF023FD012D03D8002818BF013549
:104AC000EDB284F898510025284684F8A151FFF7EB
:104AD000B3FE2846BDE8F0871220FBE70720F9E780
:104AE000E0100020221200202A12002010B5064BF0
:104AF0005878013840B2002800DA10BDC4B2204610
:104B0000FFF73AFE601EF5E7E0100020014B83F846
:104B1000C3017047E0100020014B93F8C3017047B8
:104B2000E0100020431E9BB24AF2B71293429DBF91
:104B3000024BA3F8C601012000207047E0100020BE
:104B4000014BB3F8C6017047E010002030B50A4BA6
:104B50005C7884420ED9184490F802012B3003EBA4
:104B6000C004A5790D7053F830001060A3889380BD
:104B7000012030BD0020FCE7E0100020024607487D
:104B800010B590F8C34124B1417821B1023002F050
:104B9000B1FF204610BD0C46FBE700BFE01000202F
:104BA0002DE9F74F2F4C9A46637883428046894619
:104BB00056D9231893F8425185F00105F9B193F8BD
:104BC0004A31E3B945F002070135BAF1000F18D1B7
:104BD000FA070AD5062101FB084104EB08105246EA
:104BE00001F585718230FFF775FEBB0734D504EB04
:104BF0000810524649460230FFF76CFE2CE02F4663
:104C0000E3E794F8A1614FF0010B002DE0D0A31968
:104C1000019393F8991199B90092DAB100F0C4FBAD
:104C200006EB46012144019B81F8A2014FEA102CBA
:104C3000009A81F8A3C1000C81F8A40183F899B10E
:104C400094F898310136B6FBF3F103FB1166F6B226
:104C5000013DDAE747F00407384603B0BDE8F08FBE
:104C60000027F9E7E0100020074B5A78824209D963
:104C70001A1892F842212AB9062202FB003000F5E8
:104C80008570704700207047E0100020064B5A786E
:104C9000824281BF1B1893F83A01B0FA80F04009B4
:104CA00098BF0020704700BFE0100020F8B50E4606
:104CB00007460621304615460AF06BFC044640B113
:104CC0000A482946427800F59D7008F0E3F820462E
:104CD000F8BD314638460AF02DFC08281FBF034BAB
:104CE000C018012480F83A51F1E700BFE01000201D
:104CF00030B50024A0F85040B0F8544042F210758E
:104D00004C43B4FBF2F4A0F85440541E05FB03439B
:104D1000B3FBF2F3A0F85230094BB3FBF2F30133CB
:104D2000A0F85830B0F84C3005FB0344436CB4FB9A
:104D3000F2F459438464B1FBF2F2426430BD00BF27
:104D4000005A620270B504460D4659BB4FF43672E4
:104D500008F0A0F8012384F89E30492384F8E93054
:104D6000042384F8EA306FF03B0384F8EB306F23C0
:104D700084F8EC306FF03F0384F8ED302B2384F897
:104D8000E830FE2384F826317F2384F895301E4BCB
:104D9000C4F88030202384F8EE5084F8EF5084F873
:104DA000943270BD012922D100238269A0F81E32FD
:104DB00080F81332154B1344B3FBF2F3C0F8C03044
:104DC00040F6B833A0F8C4301146438C7830FFF772
:104DD0008FFF0CF094F930B1E069FEF7EDFD10B9EA
:104DE00084F8FF51DDE7002384F8FF31D9E7022979
:104DF000D7D1B0F8BA32D0F8B4228169BDE870409A
:104E00007830FFF775BF00BF00E0FCFF7FC3C9012A
:104E1000034B80F86C101B680BB100881847704773
:104E20007C000020074B93F900301844142804DC60
:104E300010F17F0F03DB40B27047142070476FF012
:104E40007E007047A812002007B57F230DF10700F0
:104E50008DF8073003F044FD9DF9073068B10A4A28
:104E60005078404243FA80F0142808DC10F17F0F9C
:104E700007DB40B203B05DF804FB1846FAE71420E4
:104E8000F8E76FF07E00F5E7A8120020024B002241
:104E90001A705A70704700BFA8120020054BFF22FD
:104EA0001A70054A016811600179117100221A70A7
:104EB000704700BFAA1200201800002007B5064B5B
:104EC000186800901B798DF804306846FFF7E6FFFC
:104ED00003B05DF804FB00BF46330400034640788E
:104EE00048B1DB783A2B05D8034AD35C1B1A5842E9
:104EF000584170470120704798AF03003A2908B520
:104F0000C17003D8064B5B5C437008BDFF2904D019
:104F10004FF489612A20FCF78DFC0123F4E700BFE0
:104F200098AF03002DE9F04385B0894602A91446E5
:104F300098460AF021FB054600283CD1039E34B96F
:104F4000012486F89D40204605B0BDE8F08337690E
:104F50002146384608F014FE014670B3194B5B88B1
:104F6000A3422CD301AA384608F05FFF019B1D80A5
:104F70009D7096F89D300198002B0CBF4946022188
:104F80000AF02BFD019822464146033007F00AFF44
:104F90002146384608F029FE044618B97B212B200B
:104FA000FCF748FC02A80AF0EEFD039BA3F80A52A6
:104FB00086F89D50C7E70124C5E70446C3E72C46A1
:104FC000C1E700BFAC120020024B987DC04300F047
:104FD00001007047AC120020034B987D80F0020066
:104FE000C0F34000704700BFAC12002010B5094C60
:104FF00014220021204607F04DFF1222002104F167
:10500000140007F047FF01232373231DC4E9003375
:1050100010BD00BFC81200207FB505460C4619B967
:10502000F1211020FCF706FC03888B8000234B72D3
:105030004669304608F0EBFE014608B9FA21F0E770
:1050400001AA304608F0F1FEE08008B9FF21E8E748
:10505000FB2802D940F20111E3E701980AF0C5FCF0
:10506000012801D0022805D12072206828B94FF408
:105070008C71D6E740F21111D3E70199E288033130
:1050800007F090FE304608F0D8FE10B940F21D112E
:10509000C7E70021304608F00CFE10B94FF49171BB
:1050A000BFE70B4BDA7D82B11A8B2888013A02A93F
:1050B0001A830AF061FA10B140F22B11B1E7039A9A
:1050C000B2F8AE300133A2F8AE3004B070BD00BF0C
:1050D000AC12002010B520B940F21B211020FCF7C3
:1050E000A9FB41600272EFF3108472B6094B1A1DDE
:1050F0000260596819B1097A012908BF1A601A6853
:105100001060186004B962B6BDE8104093F826003C
:1051100007F0DEBCC8120020024B83F82600FFF720
:1051200065BF00BFC8120020014B024A1A607047D9
:105130008000002019500000F7B54F4D4F4F064634
:105140006B681B7A0C2B06D1FB7D23B13B8B13B90B
:10515000002003B0F0BD2B699BB11B7A8BB12C6989
:10516000002CF5D0237ADBB205222272023B0A2BF7
:1051700073D8DFE803F0173247727250727272729E
:1051800065006C68237A012BE2D0EFF3108372B6CE
:105190006A6812686A6003B962B6237A002BDAD0B3
:1051A0002C61DFE7636823B940F2A1111020FCF7FE
:1051B00041FB2046314698470420EFF3108372B636
:1051C000227A052AD1B201D000294FD100222272C1
:1051D0002A61002B46D162B644E0636813B94FF4EC
:1051E000D571E3E73146204698470346C3F30723CA
:1051F000012BADF80400C0B232D0022BDDD1002368
:105200002B612FE0636813B94FF4DA71CEE72046C3
:1052100098470020D1E763680BB9C621C6E70B2287
:1052200032701988A6F80310012200241869B270A0
:105230007271B471214608F03CFD2C61042088E7AE
:10524000606810B940F2DF11B0E70D4B31461B68C2
:10525000984700232B6102207BE74FF4F471A5E708
:105260000323237200283FF46BAF72E7002B7FF417
:1052700067AF62B664E700BFC8120020AC1200201E
:10528000800000200448037F23B90449022214301F
:105290000AF0A0BC704700BFC8120020C7FB000086
:1052A0001B234FF01B128384038482618382C260BC
:1052B000038539B94FF4A473034AC3844384C2619C
:1052C000C3820261704700BF480148010346084697
:1052D000B3F85420B3F848109142F0B528BF1146F6
:1052E000B3F84C40B3F85620B3F84450DF8FB3F80E
:1052F0004260D987A24228BF2246B3F84640A3F8AD
:105300004220944238BF14468D4238BF0D468F422A
:10531000A3F84450A3F846402DD1B61A18BF012671
:10532000B3F84A50B3F85040B3F852E0B3F83CC079
:10533000B3F84070A54228BF2546B3F84E409D877C
:10534000744528BF7446AC45A3F8404002D1A7423B
:1053500000D196B11B88A0F80930A0F80B50A0F836
:105360000D40A0F80F10A0F81120BDE8F04003494F
:1053700002220AF041BC0126D2E7F0BD0BFC00007E
:105380000B8BA2F80B304B8BA2F80D308B8BA2F855
:105390000F30CB8BA2F809000249A2F81130104659
:1053A0000AF024BC4BFC0000094AD2E90003434048
:1053B00083EAB01181EA43214FEAF3435360054B7E
:1053C000116058434FEAF06000EB8000704700BF67
:1053D000F0120020BB79379E094AD2E9020343400C
:1053E00083EAB01181EA43214FEAF343D360054BCE
:1053F000916058434FEAF06000EB8000704700BFB7
:10540000F0120020BB79379E38B50A4C04F108052C
:1054100008212846FCF79EFBD4E902231343F7D06A
:10542000FFF7DAFF2060FFF7D7FF236860600343D0
:10543000F6D038BDF0120020174B184A9A60184A6F
:105440005A60184A1A60184A9A62184ADA62184A68
:10545000DA60184A9A61184A1A63184A1A62184A96
:10546000DA64184A9A64184A5A62184B184A9A60C1
:10547000184A5A62184ADA62184A1A61184A5A6176
:10548000184A9A61184A1A63184A9A64184ADA64E0
:10549000184A9A63704700BF8400002017FF00007D
:1054A000D956000045570000B300010085010100F6
:1054B000FF0001009B010100015A00009958000003
:1054C00087020100AF020100F158000070010020C6
:1054D00043FF000047020100BD010100FD5700002D
:1054E000E1010100355800002B030100E702010033
:1054F000D502010021020100044B054A5A65054B03
:10550000054A1A65054A5A65704700BF84000020A5
:10551000AFFF00007001002089FF0000290001009A
:10552000054B064A9A65064A1A66064B064A9A656C
:10553000064ADA65704700BF84000020E1F30000EE
:105540009D430000700100200BF3000089F400006F
:10555000252A70B505460C4618D8012A19D9023AF1
:10556000232A16D8DFE802F01A152524243315352E
:10557000152439444815154D242467676D74151595
:10558000151515151515151515808990FF2A00F0AC
:10559000828040F2D6315120FCF74CF90278436802
:1055A000012A02D193F8283101E093F831312371B7
:1055B00070BD4168204601F50A710AF080FA6968F9
:1055C000204601F50C71BDE870400AF07ABA4368D4
:1055D000E8E7BDE8704000F0F7B90D230B715923DF
:1055E0004B7100238B71FB23CB7111230B72DFE70F
:1055F000436893F82231DAE7BDE87040084600F0CE
:10560000D1B90378466873B996F828315BB196F83A
:10561000251120460AF0A5FA96F824112046BDE887
:1056200070400AF0A2BA96F8231120460AF099FABF
:1056300096F82211F2E741682046BDE870400AF072
:105640001FBC436893F83E21227193F83F3109E073
:10565000436893F83C21012AF4D093F864200A713E
:1056600093F865306371A3E7104B1B68002B9FD044
:1056700002462320BDE8704018470C4B1B68002BE6
:1056800096D002462420F5E7084B1B68002B8FD0EC
:1056900002462520EEE74368204693F8A722D3F878
:1056A000A812BDE870400AF0A4B900BF5C02002057
:1056B0003A289ABF024B53F820000020704700BFE1
:1056C000840000203A289ABF024B53F820000020A3
:1056D000704700BF7001002070B5044640680D4659
:1056E00090F8972001230021783009F05EFF20B365
:1056F000284666680AF0C6F9A6F8AC026068B0F8F9
:10570000AC32B0F89020013B9B1A9BB247F6FD7279
:10571000934208D9282380F8B9300949B0300AF0FB
:1057200065FA002070BD00F2AE2128460AF0A5F906
:1057300063680A2283F89720F3E70120F2E700BFAD
:10574000B1FE000070B5054640680C4690F8972001
:1057500001230021783009F028FF002849D00021DA
:1057600020460AF05DF928B921462846BDE8704078
:105770000AF072BB6868B4F80D30B0F89020A0F859
:10578000AC32D24313449BB247F6FD72934208D920
:10579000282380F8B9301849B0300AF027FA0020E1
:1057A00070BD20460AF033F96E6840F2E242504381
:1057B000C6F8B4022379C3EB431103EB810303EB77
:1057C00083035B00A6F8AE32B4F805305343C6F845
:1057D000B03220460AF01EF9A6F8B80220466E68DC
:1057E0000AF01BF96B68A6F8BA020D2283F897201D
:1057F000D5E70120D4E700BFB1FE000008B540683E
:1058000090F89730152B04D04FF492711F20FCF7BD
:1058100011F8012380F8D730162380F89730BDE8BF
:1058200008400349022200F52F700AF0D3B900BFE7
:105830008B00010038B5436893F897201C2A044672
:1058400004D040F271111F20FBF7F4FF93F8D81039
:105850001D88002283F8D72003F5F97071B10C4937
:1058600083F8D82083F8FB21A3F8FC5102220AF028
:10587000B1F96368002283F8972038BD012283F8CC
:10588000FB1183F8FE210349A3F8FC510222EEE745
:10589000770001005F000100436830B5D3F888400D
:1058A00014F001001FD14D68104A8968A3F8D40094
:1058B0002A40C3F8E820C2F3076242F0080221F44C
:1058C0001E5121F0100183F8EB2093F8D620090433
:1058D000090C013244F00104C3F8EC1083F8D6201F
:1058E000C3F8884030BD0120FCE700BF2F4904F712
:1058F00070B54468037894F896200D4604F178005A
:10590000072109F052FE80B36968AA68194B22F496
:105910001E520B40C4F8E83022F01002C3F30763B4
:1059200043F008031204120C84F8EB300023C4F88F
:10593000EC2084F8D23084F8963094F89C2102F060
:10594000FF06A2B92388A4F89E3184F89D616B6894
:10595000C4F8A031AB680849C4F8A431022204F5A8
:10596000CA700AF037F9304670BD0126FBE71E46C3
:10597000F9E700BF2F4904F7FF010100406890F8E4
:105980009C315BB90388A0F89E311A2380F89D31C1
:105990000349022200F5CA700AF01CB9704700BF23
:1059A000FF01010010B50446FEF794FC21F41E51DE
:1059B000044B21F0100109040340090C6360A1604D
:1059C00010BD00BF2F4904F737B50C464568FEF7F8
:1059D00081FC0A4B95F8E82021F41E5121F01001BA
:1059E000034009040093090C13408DF80030019125
:1059F0006B4603CB6060A16003B030BD2F4904F754
:105A000038B54468037894F896200D4604F1780080
:105A1000082109F0CAFD18B9D4F88830980744D491
:105A200094F8D93099071DD428460AF04DF884F827
:105A3000E300B5F80530A4F8E430B5F80730A4F871
:105A4000E63094F8D93043F0020284F8D920DA071E
:105A500002D494F842312BB11549022204F1DA0044
:105A60000AF0CAF894F8D930DB0713D4D4F8883098
:105A700013F0020203D056214020FBF7DBFE43F077
:105A80000203C4F8883094F8D630A4F8D420013347
:105A900084F8D63094F89630012B4FF0000003D1F3
:105AA00084F8960084F8D20038BD0120FCE700BFDE
:105AB0000D030100044B9B685843C3F580534B43CF
:105AC00003EB2030704700BF0013002070B545681D
:105AD000044602F07FFB85F88700FFF7B5F97F28C1
:105AE000014685F895000ED0D5F88000FFF7E2FF5B
:105AF000054BC5F880001B7B2BB1044B20461B686F
:105B0000BDE87040184770BD0013002064020020FB
:105B1000014B1B68184700BF60020020F0B5204E03
:105B2000054630780024147080B1431E7768DBB2DC
:105B3000181B01280BDC07EBC40057F834604068E1
:105B4000884208BFAE4212D114700120F0BD18196E
:105B5000461007EBC60E57F836C0DEF80460AC45B9
:105B6000C0F347008E412CBF03460446E0E7B54230
:105B700071EB000002D214700020E7E707EBC300CE
:105B800057F833404068884208BFAC4201D11370D7
:105B9000DBE7A542814128BF01331370ECE700BF6A
:105BA0001013002010F0070208B503D0632148202D
:105BB000FBF740FE18B1034B197258601A70C80009
:105BC00008BD00BF10130020014B00221A7070475F
:105BD00010130020014B187A704700BF10130020EB
:105BE0002DE9D3430AF0D3FB0DF1070207460E4619
:105BF000FFF794FF98B9114C2278237A93420ED084
:105C0000616813466FF0604E9DF80700984209D313
:105C100001EBC003C3E9007601322270012002B01B
:105C2000BDE8D08303EB0E0001EBC000D0E9008992
:105C3000013BC0E90289DBB2E6E700BF1013002098
:105C400037B50AF0A4FB0DF10702FFF767FF044622
:105C5000A0B10C4A9DF8070013785568013BDBB2F0
:105C600013701A1AD2B2411CD200834238BF0022EC
:105C700005EBC10105EBC00007F04EF8204603B06C
:105C800030BD00BF1013002038B5074D044600F1A9
:105C90005101286809F017FE94F850102868BDE8F3
:105CA000384009F01EBE00BF1C130020F8B50446A2
:105CB0000E466588407F15F00401134618BF04F1B5
:105CC0005F013246FEF76CFFC20705460BD5012384
:105CD00084F85030607FFEF7C7FF0368C4F8513086
:105CE0008388A4F85530AB070CD5094E01273068DE
:105CF00084F85E7004F15F0109F0ECFD306839460C
:105D000009F0F8FD85F00400C0F38000F8BD00BF85
:105D10001C13002038B5C38D0E4D0133C385AB7CF9
:105D200004462BB102F0CEFD01F016FF0023AB7448
:105D300000232B7194F871302BB101212046BDE86E
:105D4000384008F02DBC637C13B1E28D9A42F4D246
:105D50000021F3E71C13002070B5294C2379012B97
:105D600007D02379022B04D040F6E2412D20FBF727
:105D700061FDA0B90125A37C1BB102F0A3FD01F0D8
:105D8000EBFE002D3AD0E06908F082FB002830D00D
:105D900002F0A8FB236ABDE870409B6818472168A1
:105DA000E26911F8095B02F15103E80992F8502009
:105DB00009F086FB0028DDD02068002109F0BFFD36
:105DC0000028D7D02379E069012B05D02379022B55
:105DD00002D040F6BB41C9E72379226A03F1804330
:105DE0005269013B05F00F0152F8233098470546F0
:105DF000C1E7E069BDE87040FFF78CBF70BD00BF30
:105E00001C13002010B5134CA37C1BB102F05AFDEB
:105E100001F0A2FEE06908F03BFB70B12379E06974
:105E2000012B0FD12379226A03F18043D268013B11
:105E3000BDE8104052F823301847E069BDE8104033
:105E4000FFF768BF2379022BECD040F6E7312D2015
:105E5000FBF7F0FC1C13002018B1084BD869FFF7C2
:105E600059BF51B1054A1379116AD069096903F123
:105E70008043033B51F82330184770471C13002020
:105E80002DE9F043032985B0054690467ED090F871
:105E9000703003F0FF02002B7DD1052904D16B88FF
:105EA000DE0760D5002A5ED10127DFF8F09099F86F
:105EB0001260B6B109F048FB082888F8000014D039
:105EC00002AA0DF10701FEF741FE20B940F642712A
:105ED0002D20FBF7AFFC9DF8070002A90AF063FA3A
:105EE000064698F80030082B08D1D9F8001011F8B0
:105EF000030BC0F380100AF056FA0646D9F80010DA
:105F000095F8572011F8030B05F15803C0F38010E2
:105F100009F0D6FAD9F80010044611F8030BC0F3C3
:105F2000801009F007FB8146FEF7B0FE014640B144
:105F3000B9F1080F1BD04846FEF72CFD80F0010197
:105F4000C9B298F80000082815D094B96B7F1C1AC4
:105F5000604260416B885A0706D421B996B9EB7C40
:105F600093B1BB4210D0002005B0BDE8F083002102
:105F7000E7E70120EEE714B181F00104E4B204F098
:105F80000100E7E73046EFE70120EDE743889B0794
:105F9000E9D5022789E70529E5D180E71C13002010
:105FA0002DE9F04F85B008230DF1070205210446C5
:105FB0008DF80730FFF764FF064620B9002630460B
:105FC00005B0BDE8F08F7D4D2968EA7C11F8030B20
:105FD00005F11403C0F3801009F072FA0746002897
:105FE000ECD12B68216A184691F89E2010F803CB5B
:105FF00002EA5C1202F0010281F89E20D3F803202D
:10600000C1F803208288A1F807201A46216A12F8F5
:106010001F0BC0F38010887012798DF80C20D3F814
:106020000F20D3F81F00CA615A7D0290187D120418
:1060300042EA0022D87C02434A62B3F8192040F2B7
:10604000E24808FB02F28A619A7DC2EB421002EB41
:10605000800202EB820252008A85B3F8172008FB07
:1060600002F28A62B3F81B200A84B3F81D204A8426
:1060700093F8243003F01F0381F8AA30D4F820905D
:1060800094F912B002A909F19E0009F072FB2B6885
:1060900093F824305B0989F8003240F20113A9F823
:1060A00068304FF0FF0A89F86AA0394609F13000DC
:1060B000FFF7F6F859464846FEF7AAFE236A84F829
:1060C0007B701A88A4F87C2084F899A04FF6FF72A0
:1060D000A4F89A209A69B2FBF8F2A4F892201A8CDC
:1060E000A4F894205A8CA4F8962093F8002284F8FF
:1060F0009820227F9DF8070004F186015AB394F896
:106100005020012A27D194F8562002F0C002402ADC
:1061100021D1D4F85120C4F88620B4F855208A80C3
:106120009A7884F87F20082803F1030704F180029D
:10613000D3F8033004F18C0136D0C4F88C30BB881E
:106140008B8004F17F01FEF701FD40B94FF44461FB
:106150002D20FBF76FFB0022C4F88620DFE794F8C0
:106160007F3043F0020384F87F301549022204F1A6
:10617000720009F02FFD236A12491A88A4F8B3208F
:1061800093F89E3084F8B530022204F1AA0009F099
:1061900021FD0D4B206A1B6800222A71002B3FF461
:1061A0000EAF214698470AE7C4F88030BB88938039
:1061B0000023C4F88C308B80D7E700BF1C1300206D
:1061C000E9030100BB0301006C020020032973B541
:1061D000044604D0052953D0012002B070BD082325
:1061E0000DF107028DF80730FFF74AFE0028F3D0C3
:1061F000237C284D0BB39DF8070094F8BE30E3B91B
:10620000237884F8BF30082804F1C10229D004F1B2
:10621000C001FEF79BFC20B940F6BF712D20FBF7B3
:1062200009FB94F8C03043F0020384F8C0301A49E7
:10623000022204F1B60009F0CDFC2B6806220426E8
:106240005A701E702046FFF71FFD94F84020E16B46
:10625000286809F065FB28682E7102F0C5FA002055
:10626000BBE72868034613F8031BC1F3801184F8C9
:10627000C010D0F80310C4F8C1109B889380D6E7F3
:10628000064B1B6823B1984780F00100C0B2A4E719
:106290001846A2E71C130020D10301006802002069
:1062A0002DE9F04104460E4619B300F128052846B1
:1062B0000AF095FAA0B963881A072ED528460AF085
:1062C000A5FA074628460AF08AFA381AC0B20AF038
:1062D000ADFA544A93680344284693600AF05BFA87
:1062E00028460AF05DFA02F0BBF82179252001F07A
:1062F000BBFF4C4D94F85E20286800230370437068
:106300006388103B0D2B57D8DFE803F052564E0C34
:10631000563956565656565656392046BDE8F0411F
:10632000FFF7F8BC06234370202303702046FFF7D5
:10633000ABFC638823F008039BB2152B05D094F8BF
:106340003820616B286809F0DCFA286802F04CFA02
:1063500003232B7136B16388102B32D121790020B1
:1063600002F084F86388103B0D2B56D8DFE803F069
:1063700058554F4F554F555555555555554F0C235D
:1063800043702123037042B104F15F0109F0A2FAC6
:106390000121286809F0AEFAC8E704F1580109F0B4
:1063A00099FA94F85710F4E7062303704370BDE799
:1063B000022303700623F9E740F255612D20FBF715
:1063C00039FA04F128084046EF680AF01FFA064639
:1063D00040460AF004FA013E301A61882822C0B211
:1063E00000F03AFA63881B07074406D5AB681F44E0
:1063F0000AF019FA3844C4F8D80022793946002046
:1064000002F068F90028ADD140F65751D6E721795E
:106410000120BDE8F04102F06FBA40F66B51CDE7C4
:10642000BDE8F0811C13002038B54388102B0446CA
:1064300004D1BDE838400121FFF732BF0B4DAB7CE2
:1064400023B101F06FFB402002F030FA286802F01F
:10645000CBF9608810F0040002D1217902F04CFAE7
:10646000002002F0FFF901232B7138BD1C1300201E
:10647000024B0121D869FFF713BF00BF1C13002096
:1064800010B50B4B1A798AB11A79DC69012A02D04E
:106490001A79022A05D19B7C1BB102F013FA01F094
:1064A0005BFB2046BDE81040FFF734BC10BD00BFC9
:1064B0001C13002010B50948037903F0FF0453B9F9
:1064C00018222146043006F0E5FC02F0FBF901F049
:1064D00043FB204610BD0C24FBE700BF1C1300202B
:1064E00010B5094C002323712060FFF7E3FF20B1B2
:1064F00040F225312D20FBF79DF9236A13B94FF4A3
:106500004A71F7E710BD00BF1C130020014B024A7F
:106510001A6270471C13002000680000034B044AF5
:106520001A60044B044A1A60704700BF68020020DA
:10653000A15F00006C0200202D3900002DE9F04120
:10654000067DB31EDBB2012B04468CBF4FF0000862
:106550004FF001087EB3B71E18BF0127012B36D8B4
:1065600000F1580190F8570008F0E4FF08280546AC
:106570002DD0FEF71BFA58BB657784F81C8084F891
:106580005070FEF7DDFA05460AF0F0FC174BA5FB4C
:1065900003351B1845EB01050022C4E9123584F8C8
:1065A0005E2011462046FFF781FB70B940F2C241E0
:1065B0002D20FBF73FF93746082504F15101002053
:1065C000FEF77AF80028D7D10020BDE8F081082531
:1065D000022EF2D0E37E002BF6D0D4F81530C4F8AA
:1065E0005130B4F81930A4F85530C5E740420F00D7
:1065F0002DE9F041634E337986B0044603F0FF0580
:1066000013B90378FF2B04D140F6DE112D20FBF7E0
:1066100011F95D4B02935D4B03935D4B0493336A19
:1066200075715B6880F8715002A805933582B5607A
:10663000B57102F0D1F801F055FE02F043F901F016
:106640008BFA544801F0E6FE04F12807524802F0A4
:10665000BDF838460AF09FF838460AF0A1F801F074
:10666000FFFE2179252001F0FFFD94F9120001F0D1
:10667000CBFE2846217901F0C5FF0546F06030B910
:106680002046FFF747FB284606B0BDE8F081012110
:1066900004F1680008F008FF04F13401206B07F0F2
:1066A000E3FC04F13C010746206B07F004FD0546BE
:1066B0001FB194F82430002B3ED10DB194F8255031
:1066C000237F13B963885B070AD5D4E912126FF0F0
:1066D00000439A4208BFB1F1FF3F2FD1002D35D1C1
:1066E00030680330FEF74AFA6588B07415F001058A
:1066F00046D00023276ACDE90033FF23F37407F166
:106700000A086846FBF7E2FC0028BCD1009CA742BF
:10671000F7D07A7A607A434604F10A0108F0D0FE95
:106720000028EED0A378F374D4F8030070611B4BFB
:10673000B4F807209A80A6E70125C1E70AF016FC05
:10674000D4E91223904271EB0303C7D3012205EA77
:1067500002012046FFF7AAFA68B1FEF7F1F90546F3
:106760000AF004FC0E4BA5FB03351B1845EB010595
:10677000C4E91235B4E7002DB2D040F61F2145E739
:10678000012580E71C130020055E0000595D000014
:10679000595E0000D6BE898E555555003013002035
:1067A00040420F00024BD8611B6A1B68184700BFAC
:1067B0001C13002043881B0710B5044612D5036A3A
:1067C0000A493C2280F87B201B88A0F87C30FF23FC
:1067D00080F899304FF6FF73A0F89A300222723099
:1067E00009F0F8F9012384F8713010BDE9030100C4
:1067F000CD61000029640000490401004304010048
:10680000AF0601008164000071640000FC670000B5
:10681000F4670000F06700000138022808B503D9CA
:10682000CA212F20FBF706F813290A4B05D8112996
:106830000CD8102907D0D821F3E71529FBD103EB99
:106840004003D88801E033F8100008BD03EB400393
:106850009889FAE7D4AF030008B5431EDBB2012BD9
:1068600005D91D291ED0EE212F20FAF7E3FF10399C
:106870000D291BD8DFE801F0071A11111A0C1A1A9A
:106880001A1A1A1A1A160B4A02EB4303588A08BD41
:10689000084A02EB4303D88AF9E7064A02EB4303AE
:1068A000588BF4E740F25A335843F0E74FF48171C4
:1068B000DAE700BFD4AF030008B5084B586890F87A
:1068C0009C304BB990F8972001230621783008F0CE
:1068D0006CFE00F0010008BD0120FAE74013002023
:1068E000F8B52D4B1A89402842EA00021A8105D1D9
:1068F00058680421BDE8F840FCF780BF00F00302AF
:10690000032A04D140F60E213120FAF793FF10F04C
:10691000020418BFD960C50705D5CA781961062ACF
:106920000DD00B2A18D02CB1DA68D278052A1FD0E6
:106930000B2A2AD0820644BF08221A75F8BD5A686D
:1069400092F897101829EED1002600270121C2E9FC
:106950003E6782F89B10E6E75A6892F89710122972
:1069600001BF002182F89B10012182F8D810DAE7DC
:106970005A6892F897101629DCD100240025C2E944
:106980004045012182F89C10D4E75A6892F897108C
:106990001129CFD10021F5E74013002013B504469B
:1069A00001A8FDF711FE20B940F2ED713120FAF790
:1069B00041FF22220021019806F06CFA0198032180
:1069C00009F00BF80198037823F0100303702146B7
:1069D000FEF794FA019906482246FEF7B9FDFDF745
:1069E00009FE10B940F2F771E0E702B010BD00BF38
:1069F0004013002070B5274C636893F8AE6293F89B
:106A0000AF52002E3FD193F86810002D3DD193F87E
:106A1000692083F8681083F86920FF2283F86A20D0
:106A20001D4B1B680BB160689847636893F83C3155
:106A3000012B02D056EA050303D016480021FDF7CA
:106A400071FC6068303009F04EF90546606800F26C
:106A50005311FEF73BFC60680521FCF7CFFE606830
:106A6000303009F040F98542044610D202F020FC93
:106A70000146601B322838BF322005F0E9FAB0FA2F
:106A800080F0400970BD3146BFE72A46C1E70120CA
:106A9000F8E700BF4013002074020020002908BF5F
:106AA0001F21172810B503460BD80D280DD90E3815
:106AB00009280AD8DFE800F00B0909090B090B09BE
:106AC000110BA0F12303022B24D9002010BDBDE837
:106AD00010400021184609F0ADBE124C606890F8D5
:106AE0009630212B09D12046FDF71CFC636800225B
:106AF00083F8962083F8D220E7E72E2BE5D190F893
:106B0000972001230B21783008F04FFD0028EDD1AC
:106B10002A21E8E7044B1B68002BD6D0BDE81040C3
:106B2000184700BF4013002070020020114B097964
:106B30000246586890F89630212B11D02E2B0FD09A
:106B4000282B0FD0042B0FD00F2B0FD01D2B0FD0C5
:106B500090F89730232B14BFFE201720FFF79EBF1D
:106B60001620FBE72320F9E70E20F7E71220F5E7D0
:106B70001420F3E74013002008B50C4B5B6893F832
:106B80002621FE2A04D040F2FC713120FAF752FE91
:106B900083F8260111B9A3F8D41008BD0022A3F888
:106BA000CE20012283F8D220F7E700BF4013002057
:106BB0000C4A117D91B938B95068B0F85810828FDD
:106BC00091420BD8FCF70CBE13891B0708D55368FC
:106BD00093F89800073818BF0120704700207047CD
:106BE00001207047401300204368D3F8883013F029
:106BF000300F2DE9F74304460D4656D1084608F0FC
:106C00007DFF30B92946204603B0BDE8F04309F0C6
:106C100023B92846666808F06DFF0746284608F045
:106C200065FF8046284608F067FF8146284608F041
:106C30005FFF303600904B4642463946304609F0F9
:106C400064F81B4B1A89920711D5DA68D278142A96
:106C50000DD16268D2F8883043F01003C2F8883052
:106C6000204609F0CBF8002003B0BDE8F08362684D
:106C700092F896101D29ECD092F83321002AE8D121
:106C8000626892F83221002AE3D16168D1F8882045
:106C900042F02002C1F888205A68114602F5B3720A
:106CA00031F8300BFEF76CFBDAE70120DCE700BFC0
:106CB00040130020F7B5834C0546002840F0B28011
:106CC00023891F0728D5636893F82621FE2A04D15B
:106CD0004FF4A8613120FAF7ADFDFE2283F826219A
:106CE00093F897201A2A07D183F8D700204609F095
:106CF0008FF8636883F89750606890F89630202B7F
:106D000033D0332B40D0636893F89820072A02BF12
:106D10000222627583F826212389DE073DD4238968
:106D2000580700F1B180990713D5E368DE780D2E7E
:106D300000F0B280112E00F0B180072E00F0B0807C
:106D40003046FEF7BFFC0346002800F0AB805D48EC
:106D500098472389DA0665D5636893F897200A2A4D
:106D600060D10B2283F897205CE090F897200123F4
:106D70000B21783008F019FC636818B12E2283F8D3
:106D80009620C0E72122FAE7012380F8A5320023EC
:106D900080F8963080F8D230B5E76068276990F8BF
:106DA0009720FE7801230521783008F0FEFB58B1CA
:106DB000B31EDBB2092B00F28180012202FA03F339
:106DC00040F23332134279D03846FEF787F820B9C3
:106DD00039463C4809F040F84BE0FE78012E01D9D5
:106DE000162E0FD1636893F8960009F026F848B183
:106DF000636893F89620202A04D0212A0ED12E22EF
:106E000083F89620112E39D02AD8072E38D00D2E8F
:106E100038D03046FEF74CFC034625E0162E0CBF5A
:106E200020250225237D1B0717D56068012390F8D4
:106E300097200521783008F0B8FB064600283FD19E
:106E4000019001A90320FBF783FD019B2BB11E726A
:106E50000C226168019808F0BDFE284603B0F0BD21
:106E6000142ED6D1184B1B68002BB1D021691548C0
:106E7000984700283FF453AF0546D3E7134BF5E797
:106E8000134BF3E7134BF1E7626892F89820062A58
:106E900004BF0122627546E70F4B58E70F4B56E7D8
:106EA0000F4B54E7FF2E06D16268332182F896100B
:106EB00082F8A4024DE740F234510BE70825B1E710
:106EC0000825CAE7401300207C0200201F090100AA
:106ED000456F00002D6B0000D1080100EF08010094
:106EE000E56E000010B5164BDB681979436893F81E
:106EF0009620092A09D193F821218A4205D100223E
:106F000083F8962083F8D22010BDD3F8882012F0A1
:106F1000080407D022F00802BDE81040C3F888201A
:106F200008F076BFFF2905D1332283F8962083F835
:106F3000A442E9E740F2CE413120FAF77BFC00BFE2
:106F40004013002010B50B794268172B92F8962059
:106F500004460CD80D2B0CD9A3F10E01092908D831
:106F6000DFE801F009070707090709071009232BC4
:106F700026D0002010BD22460121BDE81040184651
:106F800009F058BC212A01D02E2AF2D1204608F05F
:106F90002CFF636893F89720222AEAD093F8E9201F
:106FA00022F0010283F8E920626892F8E93023F0C8
:106FB000080382F8E9301A212046FDF7B3F9D8E733
:106FC000282AD6D1024B1B68002BD2D09847D0E795
:106FD000780200202DE9F041B04C22896368074611
:106FE000D00555BFB3F8C82000220132A3F8C8204D
:106FF0004CBF83F81C22A3F8C8200E46FFF75CFCA8
:1070000050B12389606819055FD590F89C30002B3A
:107010005BD00023C0F8BC30238903F4407333B144
:10702000606890F89A30002B6CD0032B70D06168A8
:10703000238991F89A20012A04D15A0544BF0222DB
:1070400081F89A20002F40F0EB825D065DBFB1F819
:107050003422013292B23A46A1F8342203F00A02F5
:107060000A2A0DD1E268D278022A09D123F0080356
:1070700030462381FFF71EFE08230643F6B2238124
:107080003046FFF717FE0643606890F82631FE2B66
:10709000F6B277D1002E75D1012390F898201946C9
:1070A000783008F082FA00286CD1636893F83031A8
:1070B0009BB3636893F83121A3F8CC6083F828214F
:1070C00001210220FFF758FD5CE0D0F8BC30D0F879
:1070D000C02001339342C0F8BC3004D8E18AD51AED
:1070E00005318D4202D8012180F8C610934293D316
:1070F0000023C0F8BC306A49022200F5A57008F0F0
:107100007BFD89E7012180F89A10FCF777FB8EE779
:10711000022380F89A300121F7E76068012390F894
:1071200097200421783008F040FA0546A0B1636842
:1071300093F89720113A0B2A00F24481DFE812F00D
:10714000040142014201420107010A0142014201D8
:1071500042014201420130016268D2F88830D8070A
:1071600002D531460920ADE7990740F192803146BA
:107170000C20FFF701FD626892F8D93043F001035B
:1071800082F8D9306568B5F8103295F81482013369
:10719000A5F81032B8F1000F00F01882FBF7CAFB17
:1071A00010B10023A5F810326068012390F89720F1
:1071B0000021783008F0F9F928B9636893F897301E
:1071C0000B2B40F01B826068012390F89620002171
:1071D000783008F0EAF9002800F010826068012396
:1071E00090F898200021783008F0DFF9002800F0AE
:1071F0000582636893F89A20022A40F0FF8193F891
:107200001C22002A40F0FA81186906F06EFD002861
:1072100000F0F481606890F82631FE2B40F0EE819A
:10722000B0F80A32012B40F2E981B0F8CA20B0F878
:10723000C810951E0123A94280F81232BCBF02F18A
:10724000FF335B1AB0F81052E18AB8BF9BB28D428F
:107250003BBF4A1C521B012292B2934228BF1346E5
:10726000012B02D1002280F812226068B0F8902031
:1072700090F89A1013449BB20129A0F80C3240F206
:10728000CD810239012940F2C18140F661013120EE
:1072900033E1580706D53146132013E74013002089
:1072A00079020100190706D592F8203182F82831B9
:1072B0003146072006E713F0300F3FD092F8333104
:1072C000002B40F09682636893F83231F3B1606826
:1072D00090F89730252B00F5997100F2AE222BD053
:1072E00090F89630A3F1250CDCF1000343EB0C037E
:1072F00008F0FDFC6268D2F8883023F0200343F0E8
:107300001003C2F88830002382F832316068D0F868
:107310008830DB0640F16D8200F25311FDF7D6FF95
:107320006368B3F85220A3F82821B3F85620A3F8D5
:107330002A2100211520C5E60123D9E7590640F18D
:10734000588200212420BDE600210B20BAE600214E
:107350000420B7E693F8A002012808D100210520F7
:10736000FFF70AFC6368002283F8A0220AE70228DC
:107370007FF408AF93F8D85006221DB183F8282176
:107380000021EDE7A048032108F051FD636893F860
:10739000E83013F0040F294614BF11200D20DFE759
:1073A000002106208EE693F83C21022A02D100211A
:1073B000172087E693F83C21012A03D193F83D3149
:1073C000002BF4D06068012390F8962000217830DB
:1073D00008F0EBF878B16068012390F89720042159
:1073E000783008F0E2F830B9636893F8C63013B12A
:1073F0000121122066E6606890F89620092A05D1DE
:1074000090F8213180F82831012152E7002D7FF4D6
:10741000B9AE01232946783008F0C7F8002800F0FB
:107420009D80636893F843213AB101210E20FFF754
:10743000A3FB636883F84351A4E693F842218AB121
:1074400093F8D92092070DD101210C20FFF794FB6E
:10745000636893F8D92083F8425142F0010283F81F
:10746000D9208FE693F8323153B3636893F8333100
:1074700033BB606890F89730252B00F5997100F2C6
:10748000AE221BD090F89630A3F1250CDCF100035E
:1074900043EB0C0308F02BFC6368002283F83221D5
:1074A00001211420FFF768FB6368B3F85220A3F8AA
:1074B0002821B3F85620A3F82A2163E60123E9E73F
:1074C000626892F83C110129CBB25DD192F83D215E
:1074D000002A59D160680B2190F89720783008F085
:1074E00064F8002850D1606890F86810012906D02F
:1074F000022904D040F281210620FAF79BF990F886
:107500006920012A01D0022AF4D1022990F83E31E3
:1075100018D0012B14BF00230123ABB990F897209A
:1075200001230321783008F040F8B8B960680123DE
:1075300090F897200221783008F037F870B90121CF
:107540001620BFE5022BE5E7022A90F83F3119D05B
:10755000012BE3D12C480021FCF7E4FE60680123F5
:1075600090F896200021783008F01FF800283FF4AA
:1075700009AE636893F8A432002B3FF403AE0121F7
:10758000FF209FE5022BE4E7636893F849317BB164
:10759000636893F83D315BB96068012390F89720E8
:1075A0000B21783008F001F810B90121232089E57A
:1075B000636893F84631002BD0D001212520FFF7D6
:1075C000DBFA6368002283F84621DBE5FBF7ACF9C0
:1075D00008B1A5F81082FBF7B5F900283FF4E4AD37
:1075E00095F81C320133DBB2022B85F81C3282BFC6
:1075F0000023A5F8103285F81C32D5E56368002217
:1076000083F81222012330E64013002090F89850AE
:10761000B0F8C810072D5DD1022954D8A0F808325F
:107620002289636855065BBFB3F81E22B3F80E12B9
:1076300000225218A3F81E2293F83031002B00F0DC
:1076400081806368B3F8CC20B3F80E120A44A3F823
:10765000CC20636893F8D20030B1B3F8CE20B3F8F1
:107660000E120A44A3F8CE2093F9D6100029C1BF08
:10767000B3F8D420B3F80E525219A3F8D42093F8DB
:10768000B92052B9002F40F0AE80627D022A65D148
:1076900093F82821062A18BF1622636893F8B83099
:1076A00033B96068594980F8B920B03008F09EFAC3
:1076B000606809F06EF963680022BDE8F04183F864
:1076C0001322FCF7BDBFB0F8CA301A440132A0F84B
:1076D0000822A5E7B0F8CA504B1CAB420FDA6D1A6E
:1076E000ADB2022D0BD0033DADB290F8C63043B918
:1076F000FFF7E2F8B0B96DB1013DADB20BE0002586
:10770000F3E790F8962001230921783007F04DFF28
:107710000028EDD100256368B3F80C221544A3F8C6
:1077200008527DE76268D2E92F23911C8B4207D370
:107730009B1A022B04D0033B9D4288BF9DB2DAE71F
:107740000023F9E76068012390F898201946783003
:1077500007F02BFF00287FF474AF7AE7012A08D1E5
:1077600093F89920002A98D160680021FCF746F828
:10777000A1E756B1F00634D4310734D4B20634D47C
:10778000B30734D140F68D1181E538B1B3F8CE009E
:10779000B3F8D020904201D322227EE7002905DDF4
:1077A000B3F8D410B3F8D0209142F5D2B3F8CC108E
:1077B000B3F8CA2091420BD2636893F89A10B3F8D9
:1077C000C82051B1B3F8CA309342CDD8082264E73B
:1077D00093F83031002BDFD1EEE7052AC4D93E22E1
:1077E0005BE71E2259E73D2257E7232255E72A226D
:1077F00053E7636893F89720222A3FF4D4AD312AE7
:107800007FF4E0AD002111205CE400BFB1FE000078
:10781000F7B5734C012727700023606080F813725E
:107820000088238123756375FCF7C8FE6368188898
:10783000FCF7F0FE6368B3F80A22264612B393F809
:107840002621FE2A1ED193F83031DBB160683B4619
:1078500090F898203946783007F0A7FE054688B999
:10786000636893F83121A3F8CC0083F82821022023
:107870003946FFF781F96368022083F81252FFF757
:107880008DF804E0636893F82601FE28F7D1636859
:1078900093F81522002A4FD000236268E382B2F8E1
:1078A0000E32B2F81012013B11FA83F1A2F8101255
:1078B000B2F8C8109FB211FA83F3A2F8C830FEF7ED
:1078C000FBFF28B16268D2F8BC303B44C2F8BC3040
:1078D0006068B0F80A32012B9CBF0133A0F80A326D
:1078E00000250FB180F81C5290F8973080F81252A2
:1078F000A3F10A02012A2AD8B0F89030B0F8AC22DD
:107900009B1A19043DD400F2AE219E3007F031FFDE
:10791000636883F89750FF2283F8F0206168B1F81C
:107920000E2201F1780007F06AFF00283FD040F6F0
:1079300015113120F9F77EFF93F8B03123B9626851
:10794000D38D128C9A42A8D363681B8CA5E7252B94
:1079500017D1B0F8AC22B0F890309B1A1A0410D4AA
:1079600080F89750FFF746F86368014630B983F80E
:107970003C0103B0BDE8F040FFF72CBB83F83C515D
:10798000CCE790F8963003F0FD03252BC6D1B0F874
:107990009030B0F8AC229B1A1B04BFD4002380F8AF
:1079A0009630FFF727F801460028B7D1E1E70D4BE5
:1079B000009396E803000C4B0C4AFAF785FE6068CA
:1079C000012390F897200521783007F0EEFD20B1D3
:1079D00003B0BDE8F040FAF76FBE03B0F0BD00BFE2
:1079E00040130020D56F0000B16B0000E16800007B
:1079F00038B50446084694F8A03213B10C25284641
:107A000038BD94F89730162BF8D194F8C43203F0AF
:107A1000FF05002BF2D199B10A4B5968D1F83032E9
:107A2000C4F81C3101F58472052301F5087104F0D6
:107A300023FF012384F8A032204608F0B7FFDEE7D9
:107A40000223F7E740130020D0F8B4328269934252
:107A500010B5044604D1D0F8B812026A914216D08B
:107A60002288A4F8B22140F2E242B3FBF2F3A4F878
:107A7000B431B4F8B832A4F8B631B4F8BA3209491E
:107A8000A4F8B831022204F5D47008F0B5F8022148
:107A90002046FDF757F9002384F89730032384F834
:107AA0009A3010BD61FF000008B5FDF725FD024BBF
:107AB000024A1A6008BD00BF7C020020E96B00008A
:107AC000064BD3F8000138B1D3F8040120B1D3F844
:107AD0000801B0FA80F04009704700BF00F0004094
:107AE000034B00221A705A7010229A70704700BF20
:107AF0005A13002070B50646022014460D4600F0C9
:107B00009BF9064B01221A70054B033CC3F8104544
:107B1000C3F80865C3F8045570BD00BF5A130020B0
:107B200000F0004008B5022000F086F9084B012261
:107B30001A70084B0022C3F80021C3F80421C3F8CF
:107B4000082103F580334FF40002C3F8042508BD73
:107B50005A13002000F000400D4A08B513787BB19D
:107B60000C4B4FF40001C3F80815FFF7A9FF60B1F3
:107B700001235370084BD3F8003493700023137023
:107B8000BDE80840002000F057B950701023F4E71A
:107B90005A13002000F0014000F000400A4B1A7810
:107BA0006AB10A4BD3F800215AB1D3F8040120B1CD
:107BB000D3F80801B0FA80F04009C0B27047587895
:107BC00070470220704700BF5A13002000F00040A9
:107BD00008B5074B1A783AB1FFF772FF30B1054B81
:107BE000D3F80004C0B208BD9878FCE71020FAE78B
:107BF0005A13002000F00040024B00221A705A7005
:107C00009A7070475D1300202DE9F04104461C4D29
:107C100001201E468846174600F00EF904F00300C6
:107C20002E7140EA0643174E43F08073C6F80435C0
:107C3000C6F8088509F039FA30B9D6F8183523F0B6
:107C4000FF033B43C6F818350F4B104AC3F808250D
:107C500014F0FB0F01BF0E4AC3F89825FC3AC3F895
:107C60009C250122022C6A70EC7007D8054B2A7003
:107C70000021C3F80011C3F800121A60BDE8F081BA
:107C80005D13002000F0004000F0014000000202FF
:107C900000F10040214A537870B523B940F2172112
:107CA0003C20F9F7C7FD1E4BC3F80C15C3F81005AF
:107CB000D57801249470C5B912780AB9E621EFE7A6
:107CC000184AC3F804514FF40035C2F80455D3F8EC
:107CD000006116B15C60C2F808550B7803704B78F0
:107CE000043343708B78837070BD042D4FF0000116
:107CF00006D11470C3F80411C3F800421C60F3E706
:107D0000127812B94FF48971CAE7C3F80411054B10
:107D10004FF00072C3F80425E6E700BF5D130020B2
:107D200000F0004000F00140064B1A782AB1064AE4
:107D30000649C2F8081500221A7000225A709A707B
:107D4000704700BF5D13002000F0014000000202F8
:107D500008B50A4B1B7823B940F27D213C20F9F786
:107D600069FD074BD3F8042112B940F27E21F5E7F3
:107D7000D3F80004003818BF012008BD5D130020AF
:107D800000F00040164B1B7870B523B940F28E21ED
:107D90003C20F9F74FFD134CD4F80431BBB9022352
:107DA000C4F80433104B114E1D691A6942F01002D9
:107DB00005F010051A61D4F804314BB125B90A4A0F
:107DC000136923F0100313610223C4F8083370BD54
:107DD0004FF40043C6F8803109F0AFF9EBE700BF7C
:107DE0005D13002000F0004000ED00E000E100E045
:107DF000014B01229A60704700F0004008B50B4B20
:107E00004FF40042C3F88020BFF34F8FBFF36F8F52
:107E1000074B0022C3F80025C3F80025FFF784FFB5
:107E2000044B4FF40002C3F8082508BD00E100E050
:107E300000F0004000F0014038B5144C0023C4F8B5
:107E40000035C4F800350546FFF76EFF104B4FF4C0
:107E50000002012DC3F8082503D0022D08D085B9F2
:107E600038BD0223C4F800350A4BC4F81435F7E7CF
:107E70000321C4F800150749C4F81415C3F80425F4
:107E8000EEE782213D20F9F7D5FC00BF00F000406D
:107E900000F0014062130020084B0022C3F80021CB
:107EA000C3F80C21C3F81021C3F80421C3F814212E
:107EB000C3F81821C3F80821704700BF0010004024
:107EC000024B00221A809A701A71704770140020B9
:107ED00038B5134B93F831500246084625B940F6A1
:107EE00051013E20F9F7A6FC5AB9012DDC6A93F83E
:107EF000301003D100F08AFE204438BD08F085FD23
:107F0000FAE7012A0AD1012DDC6A93F8301002D178
:107F100000F06EFEF0E708F083FDEDE70020ECE7EF
:107F20007014002008B5094B012883F82000084B85
:107F300006D0022808D040F6B9513E20F9F77AFC65
:107F40000322C3F8102508BD0422FAE770140020AC
:107F50000010004007B50B4A01AB92F9212000F058
:107F600099FE9DF9040000F03BFE9DF8050000F02D
:107F70000BFF20B140F2CD513E20F9F75BFC03B07E
:107F80005DF804FB7014002008B503460F4863B980
:107F90002831C1600E4900F0DFFE0130012814D9FC
:107FA00040F224713E20F9F745FC012B0AD129311A
:107FB000C160074900F0D6FE0130012805D940F222
:107FC0002E71EFE740F23271ECE708BD200000208F
:107FD000F4AF030008B5134B93F83D30D9071FD514
:107FE0009A0711D5104BD3F8002242F00102C3F8D2
:107FF0000022D3F8503503F0F603022B10D140F2E3
:10800000FC513E20F9F716FC5B0709D5074B084ADF
:10801000C3F8AC2508F0ACFF10B140F20361F0E703
:1080200008BD00BF701400200010004000F00140A7
:1080300008100040084B1A783AB993F83D2042F0F6
:10804000020283F83D20FFF7C5BF012AFBD193F858
:108050003D2042F00402F4E77014002008B50C4BF8
:108060009B78012B09D100F083FE013001280ED945
:1080700040F6A2013E20F9F7DDFB022B07D100F00C
:108080007DFE0130012802D940F6A801F2E708BDC3
:1080900070140020054B034400F07F001A7E044B4F
:1080A000C3F80825C3F85405704700BFF4AF0300B8
:1080B0000010004038B50D460446FFF733FF284650
:1080C000FFF7E8FF29462046FFF744FF09F017F8BD
:1080D00090B10A494FF08053D1F88825D3F8203366
:1080E000022C0CBFC3F30663C3F3062322F4FE4243
:1080F00042EA0323C1F8883538BD00BF00100040B4
:1081000010B50C46FFF70EFF2046FFF7C3FF0E4BDE
:108110005A78012A03D1D8782146FFF71BFF0B4C70
:10812000D4F8003243F48873C4F8003208F0E7FF53
:1081300040B908F0F3FF28B9D4F8683543F4C023F8
:10814000C4F8683510BD00BF701400200010004056
:1081500010B550220021194804F09CFEFFF7B0FE34
:1081600008F088FF60B124221548FF2104F092FE38
:108170004FF080430022C3F8082EC3F8102E10BD24
:1081800008F081FF0028EED108F086FF0028EAD130
:1081900008F0A0FF08B14022E6E708F092FF04468D
:1081A0000028F8D106483822FF2104F073FE4FF072
:1081B0008043C3F8084EC3F8104EE0E77014002067
:1081C000000E0040024B0344187E00F51660704715
:1081D000F4AF0300014B93F8300070477014002097
:1081E000014B986A704700BF70140020014BD86A99
:1081F000704700BF70140020084A094B92F83010F5
:10820000906A03EB81031A6CDB6C801A03F2DB5378
:108210004FF47A72B3FBF2F3C01A70477014002067
:10822000F4AF030008B50E4890F83010012906D0CD
:10823000022912D040F2AA213E20F9F7FBFA40F6BB
:10824000B833084A806A02EB8102126C801A4FF43C
:108250007A72B3FBF2F3184408BD4FF4FA63F0E707
:1082600070140020F4AF030008B5134B012983F804
:108270003C0006D002291BD040F20B313E20F9F71A
:10828000D9FA00230D4A43F4801340F0007043F400
:10829000847340F44030C2F81435C2F81805D2F89F
:1082A000503503F0F703032B05D140F22331E5E706
:1082B0004FF08073E6E708BD701400200010004006
:1082C00008B508F01CFF50B1054AD2F8743723F006
:1082D000807323F0010343F08073C2F8743708BD44
:1082E00000100040424B022270B5C3F88020BFF35B
:1082F0004F8FBFF36F8F3F4C0023C4F8FC3F012327
:10830000C4F8FC3F08F00AFF28B1D4F83C3743F426
:108310008063C4F83C3708F0C8FE58B1D4F83C3745
:1083200023F0004323F0FF0343F0004343F09603A0
:10833000C4F83C3708F0E3FE2E4C38B1D4F840378F
:1083400023F47F4343F4B053C4F840372A4BC4F8B6
:10835000783700F029FD38B14FF08053D3F830332F
:10836000591C18BFC4F84C374FF01023214C1B6E1A
:108370005A1C09D0D4F88C251B0403F47F0322F483
:108380007F021343C4F88C3540F20313C4F834352C
:108390001A4D40F25B63C4F838350123C4F8303518
:1083A00085F820300323C4F8103540F20123C4F8C7
:1083B00050360226124BC4F80062187C00F0FAFC1A
:1083C000104B4FF04062C3F8042500232B86EB626C
:1083D00085F83D30064B1022C3F88061C4F80423B1
:1083E0001E602B6D13B1BDE87040184770BD00BF13
:1083F00000E100E0001000402C0000897014002013
:108400002000002000F00140014B83F8210070475C
:1084100070140020034B020E0002C3F82425C3F899
:108420001C0570470010004038B5044600680A4D2E
:10843000FFF7F0FF094B6268C3F83C25237A85F803
:108440002230617AA07AFFF70FFF607AFFF76AFDAA
:10845000E37A85F8213038BD701400200010004008
:10846000014B83F8220070477014002070B51A4D3C
:1084700095F83D30DA070446084604D440F25771B7
:108480003E20F9F7D7F9154ED6F8002243F0020343
:1084900042F00102C6F8002285F83D3084B995F813
:1084A0002210FFF707FE0E4A0123AB70D36433603E
:1084B0000B4B2046D3F84C15BDE87040FFF764BD68
:1084C000012CF5D195F82210FFF71AFE0223AB70AC
:1084D000034BDC647460EBE7701400200010004074
:1084E00000800040214B102213B5D3F80443C3F899
:1084F00008230222C3F800221D4A002182F83D1001
:108500001C4A4FF46020C2F80805D3F85025D2B2B7
:1085100004F01004DAB1FF228DF807200122C3F81D
:1085200010111A619DF8072012B1D3F810213AB149
:108530009DF807305BB940F691013E20F9F77AF9D2
:108540009DF80720013AD2B28DF80720EAE7FFF73D
:1085500085FD06490023C1F81031FFF7B1FC14B1C5
:108560001023C1F8043302B010BD00BF001000405A
:108570007014002000F0014038B51E4D0024C5F8ED
:108580004845C5F84445C5F84045C5F84C45FFF792
:10859000A9FF00F0DBFB0130012804D940F2415172
:1085A0003E20F9F747F9144B14495A6B42F04462E4
:1085B000C1F80825C3E90A445C631C76104BC5F872
:1085C00048450222C5F84445C5F84045C5F84C4524
:1085D000C5F84841C5F84441C5F84041C5F84C418B
:1085E000C3F88020BFF34F8FBFF36F8FC3F8802194
:1085F00038BD00BF008000407014002000F0014032
:1086000000E100E070B52F4C94F83D3043F00203D8
:108610000E4684F83D30054678BB94F8221030466B
:10862000FFF748FD0123A37023782749012B01BFE1
:10863000264AD2F8003243F00803C2F80032636BD6
:1086400001EB460143F480136363214BB1F85840BA
:108650004FF48012C3F8042504F5FA744FF47A73CA
:10866000B4FBF3F4FFF7E6FC08F082FC014620B30C
:10867000FFF738FF0024204670BD01281BD194F875
:1086800022103046FFF73CFD0223A3702378012B14
:1086900001BF0E4AD2F8003243F00403C2F80032A0
:1086A000636B43F400136363094B4FF40012C3F888
:1086B00004252924D6E70024D4E72846FFF764FCE4
:1086C000D9E700BF70140020F4AF03000010004091
:1086D00000F001402DE9F047354C0E46154607469F
:1086E000002848D194F822101046FFF7E3FC2178C7
:1086F00001239942A37010D02E4A02EB4502B2F832
:1087000058304FF47A7203F5FA73B3FBF2F3F61AAA
:1087100019B9294B294AC3F8AC25DFF8A490DFF832
:108720009880284BC9F84065C8F8A835234B10221B
:10873000C3F80423636B4FF4002A43F400236363FC
:108740000125C8F804A5FFF775FCC9F84C50D9F805
:108750004C359E4226D80025C9F84055C8F8AC557E
:10876000636B23F400236363C8F808A5FFF7BAFE20
:108770002846BDE8F08701280FD194F82210104652
:10878000FFF7BEFC0223A3702378012BC5D0293E3E
:10879000002BC2D1084B0C4ABDE74FF401613E20CB
:1087A000F9F748F831463846FFF7EEFBE0E700BF3F
:1087B00070140020F4AF030000F0014000100040EE
:1087C000008000404081004004100040014BC3F88D
:1087D0003C0570470010004010B50FC8014C84E8FC
:1087E0000F0010BDC4140020064BC3F80405064B4F
:1087F00093F83D20986342F0010283F83D20FFF793
:10880000E9BB00BF001000407014002008B5124BF7
:10881000DA6A824204D340F622113E20F9F70AF8C0
:108820000E4AD861012119765164D2F84415884264
:1088300002D840F62B11F0E70021C2F84411C2F82B
:1088400044055A6B42F480025A63054B4FF4800290
:10885000C3F8042508BD00BF70140020008000404C
:1088600000F0014010B50F4C034694F8310094F825
:1088700030100222012822764FF0960094F8202032
:108880000CD100F0D1F9084AE0610023C2F844316C
:10889000E36AE1690B44C2F8443510BD00F0DEF92B
:1088A000F1E700BF7014002000800040044BC3F8C3
:1088B0006005D3F8002242F04002C3F8002270475E
:1088C00000100040054BD3F8002222F04002C3F80C
:1088D00000220022C3F86025704700BF001000404E
:1088E000044BD3F8483503F07F035B42037001204B
:1088F000704700BF0010004008B50D4B0246D9700C
:1089000008460021197082B901225A709A78022A09
:108910000DD193F82210FFF71DFB064AD2F8003262
:1089200043F48873C2F8003201E002225A7008BD95
:108930007014002000100040024B0022C3F84025B4
:10894000704700BF00800040044B30B5D3E91045AC
:108950009B6CC0E900450B6030BD00BF7014002067
:108960002DE9F843924D934C0123EB64D5F84C75F7
:1089700094F83C8003F01AFB0026C4E91006A764B3
:10898000FFF76CFB8C4B626BC3F808258B4A666360
:10899000D2F8003223F48E7323F00103C2F80032C0
:1089A000237E84F83D6023B1D5F844319B1B18BF6A
:1089B0000123A578012D50D1D2F80C31002B0CBF2A
:1089C0000025082515F00B0F06D17C4BD3F810318C
:1089D00013B145F01005EDB2FFF75EFA05F018038C
:1089E000102B05D1A378012B04BF45F02005EDB273
:1089F0006F4B6678D3F84825E262D3F8443594F893
:108A00002020A362A37884F8302084F83130002E2F
:108A10003AD1FFF755FA2676EF077ED5636D984772
:108A2000EB0601D5236E9847A378022B13D1237E42
:108A30008BB1022B5E4A40F0AD80E36AE1690B44E2
:108A4000C2F84435636B43F4800363635A4B4FF4BD
:108A50008002C3F80425BDE8F883022D12D1574ADD
:108A6000D2F80C11D2F80024002908BF0025D20743
:108A70005CBF45F00405EDB2002BA3D045F0010525
:108A8000EDB29FE700259DE715F0110F1BD123796B
:108A900094F80090013E18BF0126012B17D0022B3D
:108AA0002AD073BB96213046FFF712FA0146FFF732
:108AB00007FAB9F1010F29D13B378F4224D93F4B37
:108AC00001261E61A8E7FFF70DFD0026A4E73C483C
:108AD000FFF7AAFC94F8313023B940F24E713E20E2
:108AE000F8F7A8FE012B04D1FFF79CFB6169014454
:108AF000DDE7FFF781FBF9E73148FFF795FC616996
:108B0000D5E740F6BF21EAE784F80090E2783046E6
:108B1000FFF7E0FD0028D2D0D7E7A8072FD508F04F
:108B2000EEFAE8B908F0FAFAD0B9244BD3F8503489
:108B3000D90115D51A0705D013F0F00F02D013F4A0
:108B4000706F0DD11D4AC3F304410129D2F854249A
:108B500006D1012A04D0C3F34253022B7FF65EAF45
:108B6000A36B5B78434584BF45F00405EDB285F007
:108B70000400A36D3146C0F38000984750E715F01C
:108B8000280F3FF44DAF85F02001E36DC1F3401194
:108B90003046F2E7012B02D040F69B419FE7E369A4
:108BA000E16A8B423FF64CAF40F69C4197E700BF2D
:108BB000008000407014002000F0014000100040D0
:108BC00078140020024B03EB8003186C704700BF41
:108BD000F4AF0300014B53F82000704740B003008E
:108BE000024BC0B2C3F80C05704700BF0010004034
:108BF000054B33F8113002384FF47A7203F2E73341
:108C0000B3FBF2F31844704760B00300054B33F830
:108C100011304FF47A7203F57A73B3FBF2F3184410
:108C2000704700BF60B0030038B51D460A4B33F8EB
:108C3000111003EB820305359C6821444FF47A73CD
:108C400001F6B73103FB00141046B4FBF3F4FFF751
:108C5000B9FF2C44204438BD60B0030070B506460F
:108C600008461546FFF7B6FF094A02EB85029368EE
:108C70004FF47A7203F6B73302FB06331C1A284608
:108C8000B4FBF2F4FFF79EFF0530204470BD00BF37
:108C900060B003002DE9F74F284C074698460D4673
:108CA000164600F0A9F82378BB42814611D16378BB
:108CB000AB420ED194F90230B3420AD1E378834239
:108CC00007D1A388A8F8003094F9060003B0BDE8E6
:108CD000F08F7B1E072B13D8DFE803F0170412195F
:108CE0001212121001200DF107033246294600F03E
:108CF00089F8824668B13D21752004E00220F2E740
:108D000040F2F2310620F8F795FD0020EBE7032052
:108D1000E9E728469DF907B0FFF754FA53460246A3
:108D20004146584600F036F8B8F80030A071A380EC
:108D300027706570A67084F80390C5E7380000209E
:108D4000014B1B681B68184780020020014B1B6801
:108D50005B68184780020020014B1B68DB681847DE
:108D600080020020014B1B681B691847800200200D
:108D7000014B1B685B69184780020020014B1B6890
:108D80009B69184780020020014B1B689B6A1847AB
:108D90008002002010B4034C2468A468A44610BCD0
:108DA000604700BF80020020014B1878704700BF69
:108DB0001C1B002000220F4938B50446134644FA14
:108DC00002F0C007D5B248BF581C02F1010244BFEF
:108DD000CD54C3B2042AF2D1064DC3F10402042BD0
:108DE000D2B24FF0FF0188BF0022E81804F052F819
:108DF0002C7138BD281B0020014B187D704700BF27
:108E0000D8140020042810B511D883B104280CBF51
:108E100010242824A1420AD2064C54F8200018B18C
:108E200041568A42A8BF0A461A70002010BD6FF052
:108E30001500FBE7D814002030B50346114890F91F
:108E40001C209A4219DD90F924209A4217DA9A1AC6
:108E5000846AA05C0C4A15569D420DD00E32002942
:108E600018BF01309442C0B206D129B1013BDBB238
:108E7000012B01D80130C0B230BD0D20FCE700202D
:108E8000FAE700BFD814002074B0030008B5054B02
:108E900093F91C30984203DAFFF7CEFF024B1B56C2
:108EA000184608BDD814002074B0030010B51C4C3F
:108EB00094F82C3073B9012384F82C3008F0ECF8C6
:108EC00048B1184BA362D823236284F824300823C6
:108ED000A361237710BD08F0F4F80028F1D108F061
:108EE000F9F80028EDD108F0BCF838B10E4BA362B8
:108EF000D823236284F824300423E9E708F0BAF881
:108F00000028F3D108F0BFF80028EFD108F0CDF821
:108F10000028EBD140F2BB11742003F0F9FB00BF35
:108F2000D8140020AFB0030082B00300034610B392
:108F3000007888B91A79012A1ED85A79012A1BD8D3
:108F40009A680E49643A8A4216D8D8680C4B9842FF
:108F50002CBF00200120704701280CD11A79012A6A
:108F600009D85A79012A06D8DA680449643A8A424B
:108F700001D89868EAE70020704700BF3C860100EE
:108F80000040420F10B5054C236813B198470023E9
:108F90002360BDE8104001F00FBF00BF081500209E
:108FA0002DE9F8438846074680B300F037F84FF0C4
:108FB000000905465FFA89F6AE420AD2304600F053
:108FC00033F890F8264009F10109002CF2D1FF2E68
:108FD00003D16FF00B00BDE8F883304600F024F8B1
:108FE0000546848480F8264080F8286001460A48B7
:108FF00002F088F8202885F827000AD001232F6284
:1090000085F82630204688F80060E4E76FF0150008
:10901000E1E76FF02200DEE7FF0B0100014B18795A
:10902000704700BF0C150020054B1A79824283BFA0
:109030001B6800EB400003EB00100020704700BFEE
:109040000C15002010B510F003040A460BD1074997
:109050000A71086030B102EB42021201214603F0AE
:1090600019FF204610BD6FF00D00FBE70C15002026
:1090700043F60952C0F3080302FB03F3400A03F569
:10908000807302FB00F000EB5320704743F6095C4D
:10909000C0F3080210B50CFB02F2C0F34E24030E1D
:1090A00043EA01230CFB04F0090E02F580724FEA3B
:1090B000411C00EB52205A01B2EB030E4CEAD36C78
:1090C0006CEB01044FEA841C4FEA8E12B2EB0E02E5
:1090D0004CEA9E6C6CEB040C4FEACC0C4CEA527CD4
:1090E000D200D31841EB0C01DA03C903801841EA1E
:1090F000534141F1000110BD430B48F2376C0CFBAA
:1091000003F34FEA134C00B5104B43F6095E0EFB18
:109110001C0000FB03F35B0D0EFB03FE03EB4C2373
:109120000EF5745C0CF1080CB0EB5C2F08D80EF552
:10913000807EA0EB5E20C0B20B6010705DF804FB77
:10914000013300200B6010705DF804FB6F0C010010
:10915000F8B5274DA94246D8264E274F450F45EA78
:10916000C105A6FB0514C0F34F31A40B01EB05416B
:1091700007FB1411A6FB0151890B41EA04411F4C66
:1091800004FB110448F2376C600B0CFB00F04FEA53
:10919000104C43F6095E1A480EFB1C4505FB00F017
:1091A000400D0EFB00FE00EB4C200EF5745C0CF144
:1091B000080CB5EB5C2F12D80EF5807EA5EB5E2E69
:1091C0005FFA8EFE069D85F800E00D0628184FEA2E
:1091D000112141F10001186059601460F8BD01309F
:1091E0004FF0000EEEE796219B2003F091FA00BFAE
:1091F000FF7F841E83DE1B43000024F40080841E56
:109200006F0C0100420B48F2376303FB02F2120CB1
:1092100043F6095C074B0CFB120101FB0333013BD6
:109220005B0D0CFB03FC5002B1EB5C2F88BF0130DF
:10923000184470476F0C01001F2810B59FBF054BE5
:10924000440103EB4010195196BF426000200120F9
:1092500010BD00BF1815002070B5012504460E464C
:1092600085407AB1002000F08BFDE30003F18043DC
:1092700003F5F833C3F81005C3F81465034BC3F8BE
:10928000045570BD014BC3F80855FAE700F00140E2
:1092900008B5064B93F80024202A03D13F21022071
:1092A00003F036FA83F8300408BD00BF181500201B
:1092B00008B5064B93F80024202A03D1452102204B
:1092C00003F026FA93F8280408BD00BF1815002003
:1092D00010B5094A92F80034202B03D15021022006
:1092E00003F016FA590102EB4313BDE8104052583F
:1092F00058680421104700BF1815002008B501B3B5
:10930000F0B14FF0FF331A46E0FB01320E498A42BA
:1093100003D971216D2003F0FBF9180D40EA0230EA
:10932000C3F30F134FF22441B0FBF1F203EB004003
:10933000064B03FB1200B0FBF1F040EA02400130A3
:1093400008BD0846FCE700BF3F420F00000024F4C0
:10935000014B9888704700BF54190020014B588872
:10936000704700BF5419002010B5EFF3108472B697
:10937000064A93790133DBB293719379012B01D1C2
:1093800007F012FE04B962B610BD00BF54190020E8
:1093900070B50C4C267866B90125A0602570FFF7E2
:1093A000E3FF00F09BFA30B94FF080432573C3F818
:1093B0000453002070BDA368002BFAD09847A66024
:1093C000F7E700BF5419002038B5FFF7CDFF00F0D4
:1093D00085FA094C4FF0804540B107F0D2FD0123DA
:1093E0002B61042363730023A37338BD03236373CA
:1093F0000123C5F80433F6E75419002010B5EFF344
:10940000108472B60A4B9A7922B94FF496716D2086
:1094100003F07EF99A79013AD2B29A719A791AB91F
:10942000DB7B0BB900F048FA04B962B610BD00BF8F
:109430005419002008B5054B1A7822B100221A737E
:109440001A70FFF7DBFF002008BD00BF5419002091
:10945000024B587B003818BF012070475419002078
:1094600038B5114C237CB3B1A27B013B9A4212DA8E
:1094700000F034FA054603F0C1FA237C012B82BFC9
:10948000A37B0133A37355B16369C31A0133022B64
:1094900009D935B16061BDE83840FFF795BFA369D0
:1094A000F3E7A061F7E738BD5419002073B51B4DF1
:1094B0002B7F63B9286A00F0030007F08FFD30B1FD
:1094C000EFF3108372B66A7B1AB103B962B602B0C9
:1094D00070BD01226A7303B962B64FF0804308225F
:1094E000C3F808234FF42073ADF80630BDF80640EA
:1094F000A4B2631E9BB2ADF80630002CF6D14FF03B
:1095000080460748C6F80C4107F08DFD85F82540D8
:10951000FFF75AFF0823C6F80433D8E75419002090
:10952000781900202DE9F041384C94F82630002BB2
:1095300069D04FF08043D3F80071D3F8046157B17C
:109540000122C3F80823237B2BB1A36800252573D0
:109550000BB19847A5604EB14FF080430022C3F88D
:1095600004210222C3F80823FFF7A0FF4FF0804632
:109570002748D6F80C8194F82550EDB207F057FD36
:1095800020B140F2C5116D2003F0C2F847B1637BF2
:10959000032B05D10423637307F0F3FC012333612C
:1095A000B8F1000F16D04FF080430022C3F80C2111
:1095B000637B042B02D040F2D711E4E707F093FD60
:1095C000C0B14FF080430022C3F8342C02236373F0
:1095D000FFF714FF4DB1002384F82530637B022B85
:1095E00001D1FFF7F1FEFFF709FFBDE8F0410848A0
:1095F00007F02CBD07F059FD0028E2D107F06AFD05
:109600000028DED1E2E7BDE8F08100BF5419002058
:109610007819002010B5044C206A00F0030007F010
:10962000DDFC0028F8D010BD54190020F8B505461F
:1096300050B10278042A07D8437842B9013B1F2B66
:1096400002D88378212B07D96FF0150076E0002B24
:10965000FAD18378002BF7D1814B0127C3F88070B2
:10966000BFF34F8FBFF36F8F4FF08046C3F8807109
:109670007C4C4FF0FF33C6F808330023C6F80031A6
:10968000C6F80431C6F80C31A371AB88A38007F08B
:1096900090FC08B12770A771D6F80C24D6F80C34CA
:1096A000D20303D5DF0701D500F012F940F2F553DC
:1096B00063802B78A9782377002222622174A27319
:1096C000042B4ED8DFE803F005033B494B00012390
:1096D000236207F075FC00284ED007F078FC236A5F
:1096E00003F00303984247D1AB79002B3ED1FFF73B
:1096F00091FF237C6BB12B785BB900F0EFF8054646
:1097000003F07CF96FF00043002D00F0A580C4E960
:1097100005034FF08043D3F80C24D3F80C34D20364
:1097200003D5DB0701D500F0D3F84D4A0123002013
:10973000607384F82630C2F880311360F8BDFFF7FB
:1097400013FE4FF08043D3F80C14D3F80C24CE034F
:10975000F9D5D007F7D50223BAE7434BB8E7434B17
:10976000B6E740F216316D2002F0D2FF4FF0804391
:109770000222C3F80423BCE74FF080430122DA60E1
:109780000022C3F80421226AC3F8182507F069FCF7
:1097900010B34FF080534FF08042D3F84432C3F3FC
:1097A0004233C2F83C3507F05CFC10B34FF0804305
:1097B0000122C3F84C254FF0804301229A60022217
:1097C000C3F80423AA79002A93D1D3F8042391077C
:1097D0001CD440F2CD21C6E707F04CFC0028D8D1BC
:1097E00007F051FC0028D4D107F05FFC0028D0D14D
:1097F000D9E707F03FFC0028D8D107F044FC002847
:10980000D4D107F052FC0028D0D1D4E7184A166909
:10981000116941F010011161D3F8043106F010060E
:109820000BB907F08CFC4FF08047D7F8043183B1B7
:10983000FFF7F0FE26B90E4A136923F010031361F7
:109840004FF080430222C3F808230022C3F804210A
:109850004FE707F072FCE8E7C4E9053059E700BFBD
:1098600000E100E0541900200100020001000300A3
:1098700000ED00E010B50D4C04F1240007F0D7FB1B
:1098800048B9637B022B01D1FFF79EFDBDE8104074
:10989000074807F0DBBB074A012384F82530BDE801
:1098A0001040C2F80031FFF75FBD00BF541900201F
:1098B0007819002000E100E04FF08042012353605E
:1098C0000023C2F80031014A137070477B19002051
:1098D000014B01221A7070477B1900204FF0804322
:1098E000D3F8003123B9034B187800F0010070471A
:1098F0000120FAE77B190020094B4FF0FF32C3F833
:1099000008230022C3F84025C3F84021C3F84425AA
:10991000C3F84421C3F84825C3F84821704700BF65
:1099200000800040084B094A1B78012B16BF4FF4FA
:1099300040314FF400310023C2F84813C2F8081335
:109940000BB9C2F8403170478019002000B00040C8
:1099500070B5EFF3108472B6094A0A4B0025D2F8AD
:109960000415D2F804612EB1596801315960C2F86A
:109970000451F4E75B6804B962B6C0E9001370BD36
:1099800000B0004080190020094BD3F80435C01AFC
:1099900020F07F4323F001033BB120F07F40B0F57E
:1099A000000F8CBF0220002070470120704700BFCD
:1099B00000B00040104B4FF40062C3F88020BFF3AA
:1099C0004F8FBFF36F8FC3F880210C4B01225A6079
:1099D0009A60D3F80425002AFBD10949C3F808137B
:1099E0004FF44031C3F84813C3F84021C3F8442171
:1099F000C3F80421704700BF00E100E000B0004060
:109A00000200030008B5144BD3F8042522F003022A
:109A1000C3F80425D3F8082542F00302C3F808254B
:109A2000102292FAA2F2B2FA82F2092A04DD0B485D
:109A300040F2913102F062FEC3F810250122DA6093
:109A4000074A9268C3F80022064B4FF48072C3F8AD
:109A500080211A6008BD00BF008000404C33040024
:109A60008019002000E100E008B50A4B4FF4807235
:109A7000C3F88020BFF34F8FBFF36F8F0649C3F841
:109A8000802101204860FFF737FF044B0861002266
:109A90001A7308BD00E100E000800040801900203A
:109AA00010B5234C0023FF224FF0FF314FF0FF3061
:109AB000C4E90401237062736360FFF7D5FFFFF709
:109AC00079FF1C4B4FF400621A60A1691A4A31B940
:109AD00001231360184B0222C3F8042310BD174B57
:109AE0001748C3F8A805C3F8AC15C3F85C294FF4B0
:109AF0000022C3F80425134A0521C2F840150121AC
:109B00001160D2F840110029FBD04FF40021C3F8B6
:109B1000081501215160D1600021C2F84011C2F83E
:109B20004015C3F8A815C3F8AC15C3F8AC15D1E7B8
:109B30008019002000E100E000B0004000F001408A
:109B40004081004000800040014BD3E90401704790
:109B500080190020014BD3F80405704700B0004085
:109B600013B56846FFF7F4FEDDE90004FFF780FA5D
:109B7000024B0021E4FB030102B010BD0080841EF3
:109B8000B1F1FF3F08BFB0F1FF3F2DE9F041424C7A
:109B900005460E463AD1414DD5F800318BB3404EC3
:109BA000404BC6F80835FFF7BDFE4FF00008012313
:109BB000A36084F80D80FFF757FFFFF723FF3A4BB0
:109BC000C5F80081394FC6F8A8354FF40023C6F810
:109BD000AC75C6F8043507F011FAD5F800312BB191
:109BE0000123C5F800817B60FB60F4E7013041F19F
:109BF00000010223C4E904012370FF236370BDE860
:109C0000F08107F0FBF9C51C41F10006D4E90473AB
:109C1000B34208BFAF42F2D0214B224AC3F8082515
:109C2000FFF780FE1D4A4FF4803125F07F48002366
:109C3000C2F808134046C2F84813C2F84031FFF793
:109C4000A3FE20B140F226316C2002F061FDC2F883
:109C50004085C2F844132378012B06D127F07F47B3
:109C60003846FFF791FE0128FAD0002301276373DD
:109C7000A760FFF7F9FEFFF7C5FE094B27704FF00D
:109C80000042C3F8042504236370044BC4E904565E
:109C9000C3F84873B3E700BF8019002000B000404C
:109CA00000F001400000088000B10040008000404A
:109CB000032870B52D4B06D9011FC9B201292FD930
:109CC00040F276310BE0D3E90441B1F1FF3F08BF28
:109CD000B4F1FF3F06D11B7B23B940F255316C2014
:109CE00002F016FD2249234D00F1100401238000EB
:109CF00003FA04F4C5F808430B5000F1804101F564
:109D00000041D1F84005101A022805DDC1F84025B0
:109D1000C5F80443012002E00020C1F8400570BDF1
:109D20001C782CB15B78834202D140F27231D6E7C5
:109D3000114B124E22F07F458A0013444FF48034B9
:109D40008C400022C6F808432846C6F848431A60EB
:109D5000FFF71AFE40B901F5A87146F82150C6F880
:109D60000443C6F84443D5E71046D8E780190020DD
:109D7000408000400080004040B1004000B0004002
:109D800008B520B14FF461716C2002F0C1FC0148AC
:109D900008BD00BF40810040032837B508D9041F23
:109DA000E4B2012C19D940F2CA316C2002F0B0FCA7
:109DB000234900F1100201239340C1F8083300F554
:109DC000A873002241F823201E4B81005A5053F8FB
:109DD00020300093009B03B030BD1B4D2B7893B116
:109DE0006A7882420FD1194A1949C2F80815012B25
:109DF00001D1FFF739FE00232B704FF0FF324FF0F7
:109E0000FF33C5E90423134A4FF48033A340C2F85B
:109E10000833C2F8483304F5A87352F82300FFF75B
:109E2000B3FD012818BF0C4B22B24FEA84041CBFBB
:109E300000211951084B53F822300193019BCAE7C6
:109E400000800040408100408019002000F0014067
:109E50000000088000B0004040B1004010B50A4B3F
:109E60000446012210B1C3F8442310BDC3F84823AF
:109E7000FFF7FAFD054B4FF0FF304FF0FF31C3E91C
:109E800004011C70F1E700BF00B000408019002001
:109E90001F4A08B5D2F80433D90311D5D2F840319E
:109EA00073B10023C2F84031D2F84005FFF76CFDD2
:109EB00030B14FF48033C2F80833042001F0AAFE19
:109EC000134AD2F804339B0311D5D2F8443173B14D
:109ED0000023C2F84431D2F84405FFF755FD30B1F4
:109EE0004FF40033C2F80833052001F093FE084B0D
:109EF000D3F8042132B10022C3F80421054A536883
:109F000001335360044B4FF40062C3F8802108BD55
:109F100000B000408019002000E100E038B5364C68
:109F2000637BFF2B64D0237883B10122022B227341
:109F300019D1324B4FF40022C3F8082500232370B7
:109F40004FF0FF324FF0FF33C4E904232C4BD3F81A
:109F5000042310030DD5D3F84C2152B140F20F4128
:109F60006C2002F0D5FB022360782370FFF714FF0A
:109F7000ECE7D3F8042351030DD5D3F8483153B19E
:109F80000220FFF709FF1F4B4FF48072C3F88021B6
:109F9000022001F03FFE1A4BD3F8042392030DD5A3
:109FA000D3F8443153B10120FFF7F6FE154B4FF4BF
:109FB0008072C3F88021012001F02CFE104DD5F8ED
:109FC0000433DB0316D5D5F840319BB10020FFF7F1
:109FD000E3FE0C4B4FF48072C3F880210020FF2376
:109FE0006373A060C5F80002BDE8384001F012BEFE
:109FF0000620F9E738BD00BF8019002000F00140BD
:10A000000080004000E100E02DE9F04F97B01C46D1
:10A01000CDE90212DFF8FCA28046FFF795FD4FF074
:10A0200080420123C2F80835DAF800200F46136099
:10A03000B949082202EB441253185558B3F80E9050
:10A04000CDF81090D3E901B201EB441C06921C7BC1
:10A050005A7BDB6800920CF1080C07930646BCE8BB
:10A060000F000DF1380EAEE80F009CE803008EE8FB
:10A07000030025F07F40FEF7FBFF4B4601331C44F5
:10A08000A64B9842044400F237829C4200F3E480DD
:10A09000002CC0F2C180FFF721FC009B012B02467F
:10A0A00008D0DAE90613B3F1FF3F08BFB1F1FF3F73
:10A0B00000F0B7800192FFF751F940F25633984211
:10A0C000019A00F0D78040F2F553984200F0CF801B
:10A0D000B0F5C67F00F0C580002301930021032066
:10A0E0000591B7F1FF3F08BFB6F1FF3F1FD0AE4269
:10A0F00077EB0B03C0F08280B6EB050C67EB0B032C
:10A10000BCF5000F73F1000380F00082A5EB060C94
:10A11000BCF1000F33460ADD0598002800F0AD8041
:10A120009AF8200000280CBF0846002000E04346B3
:10A1300015F1FF39A9EB030C4BF1FF3184454B4678
:10A1400057DB002A41D00993029B0891B9EB08081C
:10A1500061EB03020292FFF701F940F2563C6045C1
:10A16000DDE90813029A00F0DD8040F2F55C6045FD
:10A1700000F0BE80B0F5C67F14BF092016208045D0
:10A1800072F1000280F0BA80039A012A00F0CC80BC
:10A19000059A002A73D1B7F1FF3F08BFB6F1FF3F20
:10A1A0006DD0B6EB090C67EB0102BCF1050F72F143
:10A1B000000080F28481BCF1010F72F1000318DA13
:10A1C00039463346059FB14668E0DAE90620B0F12A
:10A1D000FF3F08BFB2F1FF3FB5D0DDF804C0AA1AB7
:10A1E0006BEB0000624570F10002ACD2009A012ACC
:10A1F000A9D00026304617B0BDE8F08FB5EB060CAD
:10A200006BEB0703BCF5000F73F1000380D340F242
:10A210003171702002F07CFA04F1F45404F59024BA
:10A2200039E700287FF446AF0190FFF797F840F236
:10A2300056339842019A00F04B8140F2F553984210
:10A2400000F01D81B0F5C67F00F01F8101230320BF
:10A2500011460192059344E704F1614404F5F704C3
:10A2600019E700210D2303200193059139E73223DB
:10A27000019333E71C23019330E7084658E748462B
:10A2800005930291FFF77CFC0299059B0027B1F131
:10A29000FF3F08BFB9F1FF3F00F0338123F07F405B
:10A2A0002A1A22F07F42013AB2F5000FA1D2069B92
:10A2B0005B191B1A23F07F43B3F5000F99D8029165
:10A2C000FEF7D6FE164B0299A4EB000898453BD347
:10A2D000041B9C42C0F0DF80104B984530D89C4254
:10A2E00040F22881C4F1614404F5F704A0462CE053
:10A2F0003B20804572F10002FFF446AF0593009BBE
:10A3000002915F1E484618BF0127FFF739FC059BE5
:10A310000299BCE7A019002018150020FF7F841EB9
:10A320000040420F25202AE7B7F1FF3F08BFB6F1F2
:10A33000FF3F00F0F58039463346B1460027ADE7D0
:10A3400008F1F45808F5902844467D4B93F82830DE
:10A3500023B9049B1E33A34280F2A580039B012BEB
:10A3600004D001200291FFF717FD0299049B4BB125
:10A37000A8EB0302012000230291FFF799FC029948
:10A38000002854D00023424618460291FFF790FC63
:10A390000299064600284AD0009BDAF81820012BC3
:10A3A000DAF81C3000F08480002F44D1B3F1FF3F75
:10A3B00008BFB2F1FF3F00F098800120FFF74EFD8B
:10A3C0009AF82030002B40F08980049A1932A2427A
:10A3D00080F2A1800024A8EB020223460220FFF7AE
:10A3E00067FC30B1DAF800301C604FF08043C3F8EE
:10A3F0000845069B1093079B119300238DF850305E
:10A400000A934FF0FF324FF0FF33CDE90E5BCDE9F9
:10A410000C230AAD0FCD4A4C0FC40FCD0FC495E8E5
:10A420000F0084E80F00304617B0BDE8F08F012020
:10A43000FFF7B2FCDDE6B3F1FF3F08BFB2F1FF3F2B
:10A440000BD00091FEF7DAFF4FF0FF324FF0FF33F1
:10A45000CAE906230099002FB2D0019BB9EB030291
:10A4600061F100030520FFF723FC00285DD09AF876
:10A470002030002BA9D101238AF82030A5E7322112
:10A4800001233520019105932BE60D210123102096
:10A490000191059325E62A4B93F828306442A046A3
:10A4A000002B7FF45BAF4FF4F261702002F030F9C3
:10A4B000B3F1FF3F08BFB2F1FF3FCCD0C1E7484640
:10A4C00008930291059FFFF75BFB0299089BDEE66C
:10A4D0001C2101231F200191059302E60520FFF7AF
:10A4E0005BFC00238AF820306FE7FEF73DFF06F0A3
:10A4F00085FDCAE9060160E740F22141702002F0C3
:10A5000007F940F27C71702002F002F940F23571D7
:10A51000702002F0FDF840F2BA71702002F0F8F8F5
:10A5200040F2A361702002F0F3F840F2262170207F
:10A5300002F0EEF840F65801702002F0E9F800BF92
:10A54000201900202DE9F04F8F4F97F8214004EBA0
:10A5500044033B4483B05E7A202E48D08B4BE5B257
:10A560006400002B00F08980894BDFF82892002BD3
:10A570005FD006EB451207EB420A4FEA45189AF8FE
:10A580002830013BDBB2052B34D8834A12F803B0E4
:10A59000BBF1090F2ED0AFF30080EFF3108372B63A
:10A5A0002C443C449AF829206272A27AB24204BF39
:10A5B0002022A27213B9AFF3008062B6B0447301D7
:10A5C00007EB480809EB4616012259F8033070687A
:10A5D00088F828205946984797F8214004EB44030F
:10A5E0003B44E5B25E7A202E4FEA4404C1D103B069
:10A5F000BDE8F08F40F26E61702002F089F862B61B
:10A60000B044730107EB480809EB4616012259F8DC
:10A610000330706888F828205946984797F82140F9
:10A6200004EB44033B44E5B25E7A202E4FEA440437
:10A63000DDD006EB451207EB420A4FEA45189AF8BF
:10A640002830013BDBB2052BD4D8534A12F803B0B3
:10A65000BBF1090FCED0AFF30080EFF3108372B6D9
:10A660002C443C449AF829206272A27A964204BF94
:10A670002022A272002BC3D1C1E7454BDFF818B1ED
:10A68000DFF810A14FF02009002B51D006EB451246
:10A6900007EB42024FEA451892F82830013BDBB243
:10A6A000052BA7D81BF803100929A3D0EFF31083BB
:10A6B00072B62C443C4492F829206272A27A9642E7
:10A6C00008BF84F80A90002B54D0B04407EB480828
:10A6D00073010AEB461601225AF80330706888F8B5
:10A6E0002820984797F8214004EB44033B44E5B207
:10A6F0005E7A202E4FEA4404C8D178E762B6B044AF
:10A70000730107EB48080AEB461601225AF803309A
:10A71000706888F82820984797F8214004EB440394
:10A720003B44E5B25E7A202E4FEA44043FF45FAF2B
:10A7300006EB451207EB42024FEA451892F8283023
:10A74000013BDBB2052B3FF655AF1BF8031009297F
:10A750003FF450AFEFF3108372B62C443C4492F8B0
:10A7600029206272A27A964208BF84F80A90002BD0
:10A77000C5D1C3E70191AFF3008062B6B04401993F
:10A7800007EB4808A4E700BFA01900200000000064
:10A790000000000018150020E0B003002DE9F04F84
:10A7A00085B00D4614461F469DF838B0FEF72AFDC9
:10A7B0002E686968031947F10002B342019372EBF6
:10A7C00001030292C0F0CA80DFF8A891DFF8A881E7
:10A7D0000BEB4B034B440393DA46039B1C7A202C70
:10A7E0003BD040F2F5578C460FE06B7B012B02D03B
:10A7F000537D012B56D004EB4A1409EB440494F822
:10A800002940202C29D0D5E9006C08EB44124FEAEE
:10A81000441B91681369D0685B1840F100009E42A8
:10A820007CEB0003E1D240F2563740F2F55608EBDC
:10A830000B0C2968AB68DCF808006A685B1842F109
:10A8400000029842DCF80C3093411AD39CF8153082
:10A85000012B02D06B7B012B03D0012005B0BDE89A
:10A86000F08F411A0091FEF779FDB84200993FD070
:10A87000B04228D0B0F5C67F14BF01230E23994201
:10A88000EBDA08EB0B032A7C197E91421FD904EB0B
:10A890004A1409EB440494F82940202CDDD04FEAF7
:10A8A000441BC4E7761AFEF759FD40F2563398422E
:10A8B00020D0B84209D0B0F5C67F14BF01230E23C3
:10A8C0009E42B0DB97E73323D9E73323F8E7D3E998
:10A8D00002611C695B7DA61941F10001012B0BD0BF
:10A8E000019BB342029B8B4138D3C5E9006174E7F9
:10A8F0001D23C4E71D23E3E76B7B012BF0D0009100
:10A90000FEF72CFD40F25633984200992CD040F2CD
:10A91000F553984226D0B0F5C67F14BF01230E230D
:10A920009C42DDDAFEF71AFD40F2563398421FD002
:10A9300040F2F553984219D0B0F5C67F14BF0126F6
:10A940000E26C344DBF80830DBF80C10F618019B28
:10A9500041F10001B342029B8B41C6D2002005B0F9
:10A96000BDE8F08F3323DBE71D23D9E73326E8E783
:10A970001D26E6E7A0190020181500202DE9F04754
:10A98000154692F8008092F80BC0AF7A12891C46E7
:10A9900086B00023E3602361C4E9003327749DF887
:10A9A000389084F80DC00646A3606361E28184F8A4
:10A9B00011800F46B8F1000F42D1FEF767FBD5E9D1
:10A9C00004C24C4BC31841F1000E9C4572EB0E03C0
:10A9D0000AD3013E47F1FF37C4E900674FF47A73A9
:10A9E000A36006B0BDE8F087263041F10001844540
:10A9F00072EB0103EDD3288901300021844572EB0D
:10AA000001036AD3BCEB000062EB010104F10C030B
:10AA1000009303AA04ABFEF79BFB039B6A6828899B
:10AA2000473313441844FEF7EDFBDDE90432C01A46
:10AA300020F07F40C4E90032A06006B0BDE8F08796
:10AA40002D4804A9801A04F10C02FEF755FB2B4B8C
:10AA50001B78202B24D02A490B69D1E90521053325
:10AA600042F1000A13EB01084AF1000A6B68227BED
:10AA7000E089473310441844C4E9008AFEF7C2FB5A
:10AA80003246A0603B462869CDF800902146FFF78A
:10AA900085FE0028A5D1C4E9006706B0BDE8F087AF
:10AAA000637B16F1090847F1000A012BDED0FEF79F
:10AAB00015FF0028DAD1FEF751FC40F256339842D8
:10AAC0000ED040F2F55398420FD0B0F5C67FCDD1ED
:10AAD00016F1160847F1000AC8E74046414695E7D7
:10AAE00016F1250847F1000AC0E716F13B0847F1C7
:10AAF000000ABBE70040420FFF7F841E18190020A8
:10AB0000201900202DE9F047374DDFF8E08000EBF9
:10AB100040032B4406461C7A4700FFF71BF84FF012
:10AB2000200C4FEA461E08EB44110EEB0403D1F84B
:10AB300008A00A69AAEB000929F07F49B9F5000FBE
:10AB400005EB43030DD812EB0A02121A22F07F42E2
:10AB5000B2F5000F05D8BCF1200F0BD12046BDE89F
:10AB6000F08793F82930202BA4461C46DBD1BCF19A
:10AB7000200FF3D0BB192B440CEB461205EB42021D
:10AB800093F8088092F829201A72710144464FF018
:10AB9000040E0B1905EB430322469445204683F827
:10ABA00028E093F82940F4D1BB192B440A4493F8C8
:10ABB0000AE0BEF1200F5FFA8EFC18BF8C443E44C1
:10ABC00018BF05EB4C0C05EB4202354408BF83F877
:10ABD00009804FF0200318BF8CF82980A87282F8F2
:10ABE00029302046BDE8F087A01900201815002064
:10ABF0002DE9F0414E4D01EB41032B440C461E7AEA
:10AC0000202E80464FEA410741D14A4B0BB1AFF3AA
:10AC1000008006F0F3F995F82230202B0AD0464B3D
:10AC2000D3E904E210F1020C41F10003E64572EBB6
:10AC3000030331D3202E0AD042463346FFF7E4F90E
:10AC400000283FD085F822600220BDE8F081D5E9D8
:10AC50000623B3F1FF3F08BFB2F1FF3F1FD195F8C4
:10AC6000203043BB0420FFF797F806F0D5F9002009
:10AC7000FFF7F4F829684FF08042202085F8220081
:10AC800000230B600120C2F80835BDE8F0810846BA
:10AC9000FFF738FF8642B8D00020BDE8F081FEF70C
:10ACA000ADFB4FF0FF334FF0FF32C5E9062395F8B7
:10ACB0002030002BD6D00520FFF76EF8002385F852
:10ACC0002030CFE73B192B4406EB441205EB420240
:10ACD00093F808E092F829201A7261017346042063
:10ACE000CA189C4605EB4202664592F8293082F864
:10ACF0002800F5D13B192B443C44987A2028C2B255
:10AD000018BF5218614418BF05EB420205EB410120
:10AD1000254408BF83F809E04FF0200318BF82F8EC
:10AD200029E085F80AC081F829300020BDE8F081CB
:10AD3000A01900200000000020190020F8B5194AD1
:10AD4000194D002342F2200020214FF0FF364FF032
:10AD5000FF37A972288185F82130136082F82830E6
:10AD6000C2E90267AB73C5E906671C4685F8221085
:10AD700085F8203005F1280202F814300134202C27
:10AD8000FAD101260948EE7301F076FE084B1870DF
:10AD9000084B1C7001F0E0FE2860FEF781FE85F88C
:10ADA0002360F8BD20190020A019002045A500004F
:10ADB00050190020181900202DE9F04F85B006F039
:10ADC0001DF9C04E0746884606F026F9D6E902234B
:10ADD000B3F1FF3F08BFB2F1FF3F05D04FF0FF32A4
:10ADE0004FF0FF33C6E9022396F82830ABB94FF491
:10ADF0000C71B069FEF782FA33697269B169023386
:10AE000042F100025B1842F100021B1842F10002FD
:10AE10009F4278EB020380F06181AB4C4FF0FF3032
:10AE20004FF0FF31FEF7ACFEE37B002B40F0458195
:10AE3000A64991F800B00122BBF1200FE27300F0A7
:10AE4000378120220A7084F82220A373336094F89B
:10AE5000213003EB430AA2445FFA83F99AF80850C1
:10AE60005B009542009307D0994B03EB45102A46AF
:10AE7000407E012800F0C580009BDFF858A203EB5C
:10AE80000908202DA0444FEA491708D04846FFF78B
:10AE900039FE854203D098F80850202DF6D1BAF13A
:10AEA000000F01D0AFF3008006F0A8F894F822302C
:10AEB000202B09D0D6E9042310F1020E41F1000C39
:10AEC000724573EB0C03E6D3202D38D02B460122BC
:10AED000FFF79AF8002859D084F8225007EB0B03AB
:10AEE00004EB430393F82820022A1DD1009A4A4418
:10AEF0002244062183F82810917ACBB220291CBF66
:10AF0000DB1904EB43035F4418BF83F829B0009BAF
:10AF100008BF82F809B04B44234404EB470783F889
:10AF20000AB0202387F82930FF232374009B4B4469
:10AF30001C44637A202B5DD105B0BDE8F08FD4E9C5
:10AF40000623B3F1FF3F08BFB2F1FF3F07D0FEF782
:10AF500055FA4FF0FF324FF0FF33C4E9062394F85F
:10AF60002030002B3FD10420FEF716FF06F054F8E6
:10AF70000020FEF773FF21684FF08042002320205D
:10AF800084F822000B60C2F80835A7E77B1904EBB0
:10AF9000430398F8080093F8293088F808300246EF
:10AFA00004211346BA1804EB42029D4282F828108D
:10AFB00092F82920F5D198F80A1088F80A30CAB218
:10AFC00020291CBFD21904EB42023B4404EB43038B
:10AFD00018BF82F829004FF0200208BF88F8090046
:10AFE00083F8292057E70520FEF7D6FE002384F8D2
:10AFF0002030B8E7384B187805B0BDE8F04F01F0C5
:10B0000067BD0978202914D0316970694F1DB16975
:10B0100040F10000791840F10000019003EB421369
:10B02000D3E9020288420198824128BFC3E9021095
:10B0300022E701FB0531487D17F1090148F1000CB9
:10B040000128CDF804C0E9D0CDE90251FEF746FC55
:10B05000DDE902211E4B10B19AF80850DEE7CDE978
:10B060000221FEF77BF940F25635A842029A184BAE
:10B070000CD040F2F555A84214D0B0F5C67F039924
:10B080000AD0009848442044057AC7E717F1250103
:10B0900048F100000190F4E717F1160148F10000B3
:10B0A0000190EEE717F13B0148F100000190E8E75D
:10B0B0004FF43171702001F02BFB40F2C121702060
:10B0C00001F026FB20190020A019002018190020EB
:10B0D000181500200000000050190020074B084AF6
:10B0E0001B78580102EB4313082112585868904707
:10B0F00040F2B621702001F00BFB00BF18190020B0
:10B100001815002070B5134C0D460646FEF782FA5E
:10B1100094F8213004F1280CD9B20CEB831C0023E5
:10B1200002E00133202B12D01CF81320D8B2002AE1
:10B13000F7D103EB4111084A04EB4104590102EB3A
:10B1400043135650012284F828205D6070BD1846D4
:10B1500070BD00BFA0190020181500201F280AD8B4
:10B160000C4991F8213000EB431301EB430393F8B2
:10B170002820012A01D00020704791F8213000EBEF
:10B18000431301EB43034FF0000C104683F828C033
:10B19000704700BFA019002010B5094C04EB401403
:10B1A000D4E90201FDF772FF227DE38A9B1803F1C7
:10B1B00001034FF000025241181842EB010110BD8B
:10B1C000181500200378002B40F0EF802DE9F04F98
:10B1D000804A5368C3F308038BB08246002B40F0CB
:10B1E000CF80DFF8F4917D4FDFF8F4B109F1080862
:10B1F00027B1002140F24940AFF3008099F8214087
:10B20000E4B24FF0000389F8103027B1002140F27A
:10B210004E40AFF30080734B661C03EB841E06F0B8
:10B22000010503EB851CBEE80F00ACE80F00BEE88B
:10B230000F00ACE80F00BEE80F00ACE80F009EE87E
:10B240000F0024B28CE80F002E4627B1002140F2F7
:10B25000DE30AFF3008004EB440405EB450508EB5A
:10B26000040338F804209B7828F805204544AB7087
:10B2700057B1002140F2E230AFF3008027B1002146
:10B2800040F25340AFF3008005F0B8FE009604ABE7
:10B29000524604460D46FFF771FB27B1002140F2EC
:10B2A0005A40AFF30080504B1B78202B44D0DBF882
:10B2B0001030DBF81420DBF81810053342F10002DF
:10B2C0005B1842F10002DDE90401984271EB020CC7
:10B2D000009628D3454822462B4604A9FFF75EFA7C
:10B2E000C0B1DDE90401FDF7D1FEBDF81E309DF8C7
:10B2F0001C401B1903F101034FF0000252411B18BF
:10B3000042EB0102CAE9043227B1002140F26D404C
:10B31000AFF3008099F81030002B7FF469AF012063
:10B320000BB0BDE8F08FCDE9043204A922462B46CC
:10B330002E48FFF733FAD4E79DF81D1014F10903E6
:10B3400045F100020129BED0CDE90232FEF7C6FA6E
:10B35000DDE902320028B6D1FEF700F840F256319E
:10B36000884232D040F2F551884229D0B0F5C67FEC
:10B37000DDE90232A7D114F1160345F10002A2E77C
:10B38000103B59B2002912DB01F1604101F5614126
:10B3900091F8000340090028C2D0DFF83C900F4F1D
:10B3A000DFF83CB009F1080822E70020704703F0FD
:10B3B0000F03043B1344187E40090028EDD1AFE78A
:10B3C00014F13B0345F100027DE714F1250345F13B
:10B3D000000278E700ED00E0A01900200000000066
:10B3E00020190020C8190020181900200040420F21
:10B3F0002DE9F04FB14A536891B0C3F308030390AD
:10B400000791002B40F03D8208230693079B1B7891
:10B41000012B00F2E882DFF8A8B2BBF1000F04D0E4
:10B42000002140F24350AFF300800023DFF894A2E4
:10B43000DFF8948204930124BBF1000F04D00021B3
:10B440004FF4AA60AFF3008024B9A04B0BB1AFF367
:10B45000008062B69AF821305FFA83F9CDF8149033
:10B460004FF000038AF81030069B002B40F0AB80B1
:10B47000BBF1000F04D0002140F26450AFF3008014
:10B4800005F0BCFD059B0093079A0AAB0446FFF745
:10B4900075FABBF1000F04D0002140F26C50AFF3FD
:10B4A0000080039B03EB49130AEB43034FEA491661
:10B4B00093F82830013B012B00F2CB80DDE90A3202
:10B4C00024F07F441D1B25F07F4121F0010100295C
:10B4D00040F0D680039A09EB49035344B218997A95
:10B4E0000AEB4202042082F8280020294FEA490290
:10B4F0000992CAB200F015823244039B0AEB420261
:10B5000082F829301A464FEA49034B445344164403
:10B510000AEB46069A72202386F82930002304930A
:10B520000125BBF1000F04D0002140F27150AFF3B0
:10B530000080674B0BB1AFF30080EFF31086344609
:10B5400072B69AF81030002B7FF476AF039B0AAFE7
:10B5500008EB43140FCF08340FC497E8030084E8C6
:10B560000300A5B1069B002B00F0B281049B23B120
:10B57000584B1B78202B00F0FC819AF82130DB43DC
:10B5800003F001038AF82130FF238AF8103026B92E
:10B590004E4B0BB1AFF3008062B6BBF1000F04D08D
:10B5A00000214FF4B560AFF30080002D53D1BBF103
:10B5B000000F04D0002140F2B450AFF300802846C1
:10B5C00011B0BDE8F08F059A434B551C05F00105FD
:10B5D00003EB821E03EB851C17B2BEE80F00ACE83C
:10B5E0000F00BEE80F00ACE80F00BEE80F00ACE8AB
:10B5F0000F009EE80F00A9468CE80F002EB2BBF1A9
:10B60000000F04D0002140F2DE30AFF30080334B56
:10B6100007EB470706EB4606DA19D95B9278995390
:10B6200033449A70BBF1000F0CD0002140F2E2309D
:10B63000AFF30080BBF1000F04D0002140F25A505C
:10B64000AFF300809AF81030002B7FF4F5AE05952B
:10B650000EE7002565E79AF8213003EB43035344D6
:10B660005B7A202BA3D0BBF1000F04D0002140F265
:10B67000AF50AFF300801A4B187801F029FA96E723
:10B6800025F07F45B5F5000F3FF624AF0C99C9189A
:10B690000C1B24F07F44B4F5000F3FF61BAF09EB01
:10B6A000490151440C7A4FEA4901202C099100F0DC
:10B6B00045812021944604911A4627E000ED00E0E0
:10B6C00000000000A0190020181500200000000054
:10B6D0000000000018190020C8190020A819002037
:10B6E000501900209DF83510012903D0417D012912
:10B6F00000F0B18033190AEB430393F82930202B73
:10B7000000F02B81DDE90A2C04941C4608EB441060
:10B71000650187680169C368C91943F1000E8A424F
:10B720007CEB0E03DED213466246049F0C9908EBB5
:10B730000500C918D0F808C042F100028C45C16864
:10B7400071EB020275D3427D012A03D09DF83520AA
:10B75000012A59D0049B9F4200F0EA80202F00F07C
:10B760004781049B202B06EB07030AEB430393F866
:10B77000292000F02F81049BF3180AEB430393F870
:10B78000294083F8292022460520B3180AEB4303F9
:10B7900011468F4293F8292083F82800F5D1099BA0
:10B7A0004B445344987A202808BF5C72099B4B4451
:10B7B000C1B253441CBF89190AEB41019F72039B1C
:10B7C00018BF81F82940F318F1190AEB43030AEB7B
:10B7D0004101202081F8290083F82920049B83421D
:10B7E00000F0B2801C4634440AEB4404039B84F806
:10B7F000293000230493039B1E440AEB46060323CF
:10B8000086F8283001258CE6ACEB03030893FDF79E
:10B81000A5FD40F256339842089B55D040F2F552B0
:10B8200090424DD0B0F5C67F14BF01220E229A423D
:10B8300090DD45449DF838302A7E9A424FD933191D
:10B840000AEB4303274693F82940202C6CD0DDE90E
:10B850000A3265016AE7D71BFDF780FD40F25633D7
:10B86000984233D040F2F55398422BD0B0F5C67FC2
:10B8700014BF01220E22BA427FF73CAFDDE90A3243
:10B8800053E7103B59B2002943DB01F1604101F558
:10B89000614191F800335B090693002B7FF4B6AD4C
:10B8A000584B1B78202B00F0A880079B1B78069331
:10B8B000002B3FF4B0AD40F23C51702000F028FF67
:10B8C0003322B4E73322D6E71D22B0E71D22D2E7A8
:10B8D000FF238AF81030002E7FF45FAE58E6099BF4
:10B8E000039A4B445344B218997A0AEB420204205B
:10B8F000202982F82800CAB208D03244039B0AEB00
:10B90000420282F829301A46099BFEE5039A5A72D0
:10B91000FAE703F00F03043B13441B7E5B09069315
:10B92000BBE7039A5A72EEE5049B9F427FF419AF7E
:10B93000202B11D1099B4B4453441C7A039BF318D1
:10B940000AEB430383F82940099B039A4B44534471
:10B950001A72012304934EE71C4633190AEB430382
:10B9600093F82920039BF3180AEB430383F829205B
:10B9700039E705990220FFF73BF900287FF4FDAD78
:10B980009AF82130039F03EB4301514407EB431224
:10B990008C7A0AEB42020420202C82F82800DDB2C7
:10B9A0004FEA4312E0B24FEA430319D011180AEBF1
:10B9B000410181F8297039462B4453440A440AEB6B
:10B9C000420299722023049D82F82930002E7FF4D0
:10B9D000E4ADDDE5099B4B4453441C7A1A72D2E670
:10B9E0004F723946E8E74FF4A861702000F090FEEE
:10B9F0004FF4E871702000F08BFE40F23951702056
:10BA000000F086FE181900202DE9F84F7B4CDFF876
:10BA1000F08105464FF0010B04F1080AB8F1000F60
:10BA200004D0002140F2C650AFF30080BBF1000FFC
:10BA300004D1744B0BB1AFF3008062B64FF000033A
:10BA40002374B8F1000F04D0002140F2CB50AFF3C3
:10BA5000008094F821606C4BB146013606F0010776
:10BA600003EB891E03EB871CBEE80F00ACE80F0058
:10BA7000BEE80F00ACE80F00BEE80F00ACE80F0016
:10BA80009EE80F003E468CE80F00B8F1000F04D08E
:10BA9000002140F2DE30AFF3008009EB490907EBEB
:10BAA00047070AEB09033AF809209B782AF8072090
:10BAB0005744BB70B8F1000F04D0002140F2E230CF
:10BAC000AFF30080237C03F0FF01002B40F0868061
:10BAD000B8F1000F03D040F2D550AFF3008005EB72
:10BAE000461304EB4303770193F82820032A73D10C
:10BAF00006EB4602224492F808904D4578D0B9F101
:10BB0000200F69D04B4601E0202B65D0FA1804EBDA
:10BB10004202194692F829309D42F5D1202D5BD082
:10BB20007B19394404EB430304EB410193F82930BA
:10BB300081F82930B8F1000F0CD0002140F24B30D1
:10BB4000AFF30080B8F1000F04D0002140F2DA50CA
:10BB5000AFF300802F4404EB4707012387F8283018
:10BB6000B8F1000F04D0002140F2E350AFF30080A1
:10BB7000264B0BB1AFF30080EFF3108B72B6237C32
:10BB8000002B7FF44BAF4D4503D1214B1B78202B6D
:10BB90001CD094F82130DB4303F0010384F82130FA
:10BBA000FF2323740124BBF1000F04D1154B0BB10B
:10BBB000AFF3008062B6B8F1000F04D0002140F26C
:10BBC0000560AFF300802046BDE8F88F31460220C3
:10BBD000FFF70EF80028DCD10024E4E7B8F1000FED
:10BBE0003FF424AF002140F2D150AFF3008015E7BD
:10BBF000202DF1D093F8293013729BE7A019002073
:10BC00000000000000000000C81900200000000033
:10BC10001819002070B506280DD8DFE800F01C5276
:10BC2000040C0C740D00B14A4FF0804112680123DE
:10BC3000C1F80835136070BDAD4D2B78202B00F096
:10BC40009180AC4C5A0104EB4313A2585868BDE8EC
:10BC5000704005211047A54CD4E90623B3F1FF3FFE
:10BC600008BFB2F1FF3F00F0D080A34E0120FEF7E5
:10BC7000F5F8737F012B04D0FDF730FE002800F0AB
:10BC800030819B4D2B78202B00F09B80FF23A373EA
:10BC9000D6E90223B3F1FF3F08BFB2F1FF3F05D061
:10BCA0000520FEF705F8002800F016812B78914A50
:10BCB000590102EB4313BDE8704052585868012106
:10BCC00010478B4D2B78202B00F0A6808A4E737F77
:10BCD000012B04D0FDF702FE002800F0F380834C16
:10BCE000D4E90623B3F1FF3F08BFB2F1FF3F61D0B3
:10BCF0002B78804A590102EB4313BDE8704052583B
:10BD0000586800211047794C94F820307BB1D4E971
:10BD10000623B3F1FF3F08BFB2F1FF3F00F0A2805E
:10BD20000120FEF79BF8002384F8203070BD704D91
:10BD30002A78202A00F09D806F4E4FF0FF324FF09E
:10BD4000FF33C6E90223A37B002B00F0B6802B78DB
:10BD5000684A590102EB4313BDE8704052585868D5
:10BD600006211047614890F8213003EB430101445C
:10BD7000DAB20B7A202B00F0AA8003EB421200EB20
:10BD8000420292F829400C72FF210174022182F8CC
:10BD90002810584C58492B700022C27381F8282073
:10BDA00004EB4312127E002A7FF44CAF01F0DEF860
:10BDB0002B7847E7FDF7D8FA05F020F9C4E906012A
:10BDC00096E794F82130DAB203EB43032344197A5F
:10BDD00020297CD001EB421204EB420292F82900A8
:10BDE0001872FF232374434B297003EB4111002386
:10BDF000097EE37386F82830022382F82830002970
:10BE00007FF444AF01F0B2F840E7FDF7ADFA05F07A
:10BE1000F5F8C4E9060128E7344A92F8213003EB2B
:10BE200043001044DBB2017A202950D001EB4313C8
:10BE300002EB430393F829400472FF2010740220A0
:10BE400083F828002B4B297003EB41112A4E097E01
:10BE50000023D37386F8283000297FF438AF01F02F
:10BE600085F834E7FDF780FA05F0C8F8C4E9060163
:10BE700056E794F82120D1B202EB42022244107A14
:10BE8000202824D000EB411104EB410191F82960F6
:10BE90001672FF222274174A287002EB4010164EC9
:10BEA000027EE37386F82830022381F82830002AC6
:10BEB0007FF443AF01F05AF83FE740F2436170204E
:10BEC00000F026FC40F25161702000F021FC40F2AD
:10BED0004721702000F01CFC40F22F61702000F020
:10BEE00017FC40F22961702000F012FCA01900201C
:10BEF00018190020181500202019002070B5274BB4
:10BF00001A78202A86B044D0254CD4E90213B3F124
:10BF1000FF3F08BFB1F1FF3F36D1224D05EB42157F
:10BF20000646D5E90201FDF7B1F8EA8A2B7DD31860
:10BF300003F101034FF0000252419B1942F100024C
:10BF400018180DF10B0342EB0101009303AA04AB97
:10BF5000FDF7FEF89DF80B20DDE904310F2A94BFB0
:10BF6000002201229B1841F10001C4E902310E4B6D
:10BF70009B7B13B9012006B070BDD4E902230520D4
:10BF8000FDF796FE06B070BD40F62F01702000F060
:10BF9000BFFB40F62E01702000F0BAFB18190020FC
:10BFA0002019002018150020A0190020FDF7D2BD8F
:10BFB00038B5234B93F800E0BEF1200F3AD0214D65
:10BFC00095F8213095F821C003EB43032B445FFA29
:10BFD0008CFC1B7A202B1FD01B4C4FEA4C1C06E01C
:10BFE000634405EB430393F82930202B14D004EB72
:10BFF0004312117E8142F3D804EB4E14D4E90213AC
:10C0000020694018D2E9021243F10003814272EB29
:10C01000030304D2002038BD4FF0FF3038BD0B4B76
:10C02000081A1C68FDF724F804F132038342F1D8A2
:10C03000001B38BD40F66801702000F069FB00BFAE
:10C0400018190020A0190020181500202019002020
:10C050002DE9F04F8D4B1E7887B0202E019000F017
:10C0600010818B4F8B4D97F8213003EB43033B44FA
:10C07000804628681C7A2B6903930DF11302AB6983
:10C0800002938946404405A9FDF736F8824BA8F192
:10C0900032029A4261D8DFF80482059B696908EB95
:10C0A0004616B2689B1832699B182A699B1A23F0BE
:10C0B0007F40B0F5000F50D897F821A0AB61202C3D
:10C0C00085F820905FFA8AFA18BF4FF0200B00F035
:10C0D000CB8008EB441C9B18DCF8080041F1000100
:10C0E0009842DCF80C308B414FEA44164ED39CF852
:10C0F0001530012B02D06B7F012B32D00520FDF7CC
:10C100004BFE97F821104FF0FF324FF0FF33BBF199
:10C11000200FC5E90223C9B240F0A48001EB410120
:10C12000394420240B7A594A97F82110127802EBEF
:10C13000411207EB420282F829302B68019A13441E
:10C140002B60FF233B74202C40D0554B187800F017
:10C15000BFFC002007B0BDE8F08F012007B0BDE8AC
:10C16000F08FA0EB0209FDF7F9F840F25633984240
:10C1700020D040F2F55398421AD0B0F5C67F14BFD4
:10C1800001230E234B45B9DD95F820904644337EBC
:10C190004B4511D904EB4A1307EB430393F82930BD
:10C1A000202B17D0A346D5E904211C46AB6990E7A4
:10C1B0003323E7E71D23E5E7DDE902312A695B1850
:10C1C0009B1A0220AB6107B0BDE8F08F002007B0DA
:10C1D000BDE8F08F0520FDF7DFFD4FF0FF324FF097
:10C1E000FF3397F82110C5E90223C9B201EB4103DF
:10C1F0003B4404EB411207EB420293F808A092F88B
:10C2000029201A724FEA410C480153464FF00508A5
:10C2100000EB030E07EB4E0E1A4694421E468EF8B4
:10C2200028809EF82930F3D10CEB010EBE44614406
:10C230009EF80A90B9F1200F5FFA89F818BF804480
:10C240003944024418BF07EB480807EB42028E72DC
:10C250004FF0200114BF88F829A08EF809A082F8B9
:10C26000291060E75C46C1E70520FDF795FD97F8CA
:10C2700021104FF0FF324FF0FF33C5E90223C9B25E
:10C280004CE74FF40961702000F042FA18190020C1
:10C29000A019002020190020CE3F420F18150020C1
:10C2A000501900202DE9F04FA64C94F8213000EBF6
:10C2B000431304EB430383B093F82830002B00F0C2
:10C2C0003C8194F82170DFF880820546FFB2B8F116
:10C2D000000F04D0002140F6CF00AFF300807E01B4
:10C2E00005EB471704EB4707B8F1000F40F0E88073
:10C2F000771904EB470797F82830012B09D0043B46
:10C30000022B40F2D08004F018FF97F82830012B60
:10C31000F5D1DFF838B201230193ABF1200AB8F16F
:10C32000000F04D0002140F6E600AFF30080019B2F
:10C3300023B9874B0BB1AFF3008062B64FF0000317
:10C340002374B8F1000F04D0002140F6EB00AFF3E6
:10C35000008094F82160B1460BEB891EBEE80F0007
:10C36000013606F001070BEB871CACE80F00BEE8B6
:10C370000F00ACE80F00BEE80F00ACE80F009EE82D
:10C380000F003E468CE80F00B8F1000F04D00021EA
:10C3900040F2DE30AFF3008009EB490907EB4707B5
:10C3A0000AEB09033AF809209B782AF8072057443A
:10C3B000BB70B8F1000F04D0002140F2E230AFF3BF
:10C3C0000080237C03F0FF01002B40F08E80B8F149
:10C3D000000F03D040F6F500AFF3008006EB4603F4
:10C3E00023444FEA46095F7ABD4200F09B80202F2C
:10C3F00030D0700101E0202F2CD0C31904EB43038F
:10C4000039463A4693F82970BD42F4D1202D21D007
:10C410000144284404EB400004EB410190F829302A
:10C4200081F82930B8F1000F06D0002140F24330E6
:10C430000192AFF30080019A09EB060323449B7A33
:10C440009F4260D0B8F1000F0CD0002140F24B3079
:10C45000AFF30080B8F1000F04D0002140F6F900DE
:10C46000AFF300803B4B0BB1AFF30080EFF31083D1
:10C47000019372B6227C002A7FF451AF84F82160C8
:10C48000FF22227423B9324B0BB1AFF3008062B6A6
:10C49000B8F1000F04D0002140F60B10AFF300807C
:10C4A00003B0BDE8F08F731904EB4303DFF89CB0D1
:10C4B000012283F8282001230193ABF1200A2EE703
:10C4C00097F82830012B3FF424AF043B022B16D9F8
:10C4D000002140F6DB00AFF3008004F02EFE0021C7
:10C4E00040F6DF00AFF30080FEE6B8F1000F3FF446
:10C4F0001EAF002140F6F100AFF300800FE70123EB
:10C5000087F82830EBE7B8F1000F06D0002140F2A1
:10C5100046300192AFF30080019A09EB06032344F1
:10C520009A728FE7202D95D005EB461204EB42025C
:10C5300092F829205A72202274E740F6C601702032
:10C5400000F0E6F8A019002000000000C819002043
:10C55000000000000000000070B586B063BB064616
:10C5600010460D46FCF784FD0DF10B0304460093C5
:10C5700003AA04AB29463046FCF7EAFD039A1349A7
:10C58000A31A8B420BD3121B8A420ED310498B4243
:10C590000DD88A4215D9C2F1614303F5F7030A9A0F
:10C5A000A2F10F00C01A06B070BD5342F7E703F1C5
:10C5B000F45303F59023F2E740F61111702000F0D8
:10C5C000A7F840F65801702000F0A2F80040420F92
:10C5D000FF7F841EBFF34F8F0549064BCA6802F4E4
:10C5E000E0621343CB60BFF34F8F00BFFDE700BF96
:10C5F00000ED00E00400FA05094B01225A604FF0FB
:10C60000FF32C3F80823074B4FF48042C3F8802061
:10C61000BFF34F8FBFF36F8FC3F88021704700BF08
:10C6200000E0004000E100E0094B01225A604FF0B9
:10C63000FF32C3F80823074B4FF48052C3F8802021
:10C64000BFF34F8FBFF36F8FC3F88021704700BFD8
:10C6500000C0004000E100E0084B0022C3F8FC2FBE
:10C660000122C3F8FC2F064B0222C3F88020BFF33F
:10C670004F8FBFF36F8FC3F88021704700100040C9
:10C6800000E100E0F8B51B4E337805460C4617462E
:10C690006BBBFCF70BFC184B7760002D08BF1D46E9
:10C6A00028463472FFF7D8FFFFF7BEFFFFF7A4FF5D
:10C6B000FCF7BCFF0546C0B9FEF740FBFCF7AAFF3C
:10C6C000FCF7F4FE04F0A3FB002C0CDB04F01F02CB
:10C6D0006409A40004F1604404F56144012393401B
:10C6E000C4F880312360012333702846F8BD4FF031
:10C6F000FF35FAE7481A0020E6B0030008B572B625
:10C70000024B5B6803B19847FFF764FF481A0020AB
:10C710001FB572B6134B5D688DB9FFF75BFFB2FBB7
:10C72000F6F2DCB20133002AF9D104F110036B44B4
:10C7300003F80C2C0A2234B901A8A847EDE70246F9
:10C7400000230A26EDE7631E04AEDCB256FA83F33B
:10C75000B0FBF2F602FB1600303003F80C0C30464A
:10C76000E9E700BF481A0020074B93F90830002B77
:10C7700009DB5A09012103F01F0301FA03F34032D8
:10C78000024941F822307047481A002000E100E0D9
:10C79000014B1878704700BF481A00202DE9F84F68
:10C7A000DFF8C4A0314C324DDFF8C89007460126AF
:10C7B0009AF800805FFA88F8FF238AF80030B8F111
:10C7C000000F01D08AF80130EFF3108272B6002317
:10C7D0006660C4F80031C4F80431C4F804752660FA
:10C7E0003AB962B605E0D4F8043133B92B69DB06F7
:10C7F00020D4D4F80031002BF5D0D4F80431002B2C
:10C80000E2D1B8F1000F13D19AF80130DBB28AF807
:10C81000018003214FF48042C4F80813C4F8048156
:10C82000C4F80081C9F880218AF80080002BBFD1AC
:10C83000BDE8F88F4FF48043C9F88031EFF3108BD7
:10C8400072B60323C4F80433D4F8003113B9D4F812
:10C8500004311BB1BBF1000FCBD1C2E704F06DFC7A
:10C86000BBF1000FC5D1BCE7541A002000E0004026
:10C8700000ED00E000E100E070B51646DA078CB08C
:10C880001D4686468C4640F1A280C37B8DF8003061
:10C89000837B8DF80130437B8DF80230037B8DF86C
:10C8A0000330C37A8DF80430837A8DF80530437AEB
:10C8B0008DF80630037A8DF80730C3798DF808308B
:10C8C00083798DF8093043798DF80A3003798DF832
:10C8D0000B30C3788DF80C30837842788DF80D30AA
:10C8E00003788DF80F308DF80E20CA7B8B7B8DF886
:10C8F00010208DF811304A7B0B7B8DF812208DF8BB
:10C900001330CA7A8B7A8DF814208DF815304A7A54
:10C910000B7A8DF816208DF81730CA798B798DF83F
:10C9200018208DF819304A790B798DF81A208DF876
:10C930001B30CA788B788DF81C208DF81D304A7812
:10C940000B788DF81E208DF81F306C462046FFF7BF
:10C9500025FFAB0731D59DF82F009DF82E109DF8CF
:10C960002D209DF82C30307071709DF82B009DF8B3
:10C970002A10B270F3709DF829209DF8283030718C
:10C9800071719DF827009DF82610B271F3719DF822
:10C9900025209DF82430307271729DF823009DF897
:10C9A0002210B272F3729DF821209DF8203030736E
:10C9B0007173B273F3730CB070BD0DF1200CBCE851
:10C9C0000F0030607160B260F3600CB070BDDEF8D3
:10C9D0000410DEF80820DEF80C3000686C46A6462D
:10C9E000AEE80F00DCF80000DCF80410DCF80820EA
:10C9F000DCF80C30AEE80F00A8E700BF1B4B4FF48B
:10CA0000805270B5C3F88020BFF34F8FBFF36F8F94
:10CA1000174D184C0021C5F80011C3F88021266974
:10CA2000236943F0100323610123C5F8043306F0A2
:10CA300010062B60D5F80031A3B11EB9236923F08D
:10CA4000100323610A4B0122D3F808055A60C3F88A
:10CA500008230022C3F80021044B4FF48052C3F88E
:10CA6000802170BD04F069FBE4E700BF00E100E055
:10CA700000C0004000ED00E038B50C49024605203A
:10CA80000138C0B2FF2803D148216920FFF740FEDA
:10CA900001EBC0031D7905F0FF04002DF0D141F832
:10CAA000302001225C719C711A7138BD581A002027
:10CAB000042808B503D94F216920FFF729FE034B4D
:10CAC00003EBC0000023037108BD00BF581A00200B
:10CAD000042808B503D958216920FFF719FE094B2E
:10CAE00003EBC0000379012B01D05921F4E743790E
:10CAF00082790133DBB29A4218BF4371BDE8084026
:10CB0000FFF732BE581A002070B5124C06250026D9
:10CB1000013D15F0FF0500D170BD94F8281004EB1D
:10CB2000C1031A79012A09D158799A79904205D01E
:10CB30005A79D2B29A7154F83130984794F8283023
:10CB40000133DBB2042B94BF84F8283084F82860CA
:10CB5000DEE700BF581A002008B504F082FA70B969
:10CB600004F088FA58B904F08EFA40B904F09DFA3E
:10CB7000044A054B002808BF1346184608BD024B5F
:10CB8000FBE700BF00E701400C05004008B504F0DA
:10CB90008CFA08B3EFF3108072B6104A136911696A
:10CBA00041F010011161A2F5406203F01003D2F8C8
:10CBB0000011D2F804210A4300D040BF20BF00BFBB
:10CBC00000BF00BF00BF23B9044A136923F010035C
:10CBD000136100B962B608BD20BFFCE700ED00E0BC
:10CBE000914270B53BD2B2FA82F33BB1C3F120045B
:10CBF00020FA04F49940214398409A40160CB1FB66
:10CC0000F6FC06FB1C1424041FFA82FE030C85B2FA
:10CC100004EB10400CFB0EF4844206D9201A90421B
:10CC20008CBF02200120ACEB000C03EB01410CFB9C
:10CC30001211B1FBF6F006FB101105EB014100FBF0
:10CC40000EFE8E454FEA0C4C06D9AEEB010E964512
:10CC50008CBF02220122801A40EA0C0070BD7321B1
:10CC60009620FFF755FD00BF2DE9F8431C4652EA18
:10CC7000040349D0074615460E467CB9914208D3B5
:10CC800021463046FFF7ACFF04462A46384604FBEF
:10CC90001561FFF7A5FF2146BDE8F883B4FA84F9D2
:10CCA000B9F11F0F34DC4FF0010808FA09F2A2FBBA
:10CCB000051320FA08F002FB043226FA08F140EAD4
:10CCC000C670FFF78DFFC9F11F03D8404FF0000178
:10CCD00018D0431E8C4661EB010105FB01F203FBFA
:10CCE000042280461846A5FB033EFB1A724466EBFD
:10CCF00002061F46AF4276EB040324BF404661465E
:10CD0000BDE8F8838446F5E7CA219620FFF700FDC9
:10CD1000E7219620FFF7FCFC10B5441A94422BD370
:10CD20004AB34B1CC31A022B31D9531E072B2ED9E1
:10CD300022F003048C4686460C445CF8043B4EF813
:10CD4000043BA445F9D122F003039A4202F0030404
:10CD500000EB030C01EB030E0DD0CA5CC254012C96
:10CD600009D09EF801308CF80130022C03D09EF8D7
:10CD700002308CF8023010BD002AFCD08B1802441F
:10CD800013F801CD02F801CD8B42F9D110BD4B1E35
:10CD90000244014613F8014F01F8014B9142F9D1C9
:10CDA00010BD00BF81EA00039B072DE9F0415DD172
:10CDB00087075FD0002A57D0034601E0002A53D0EE
:10CDC00011F801CB03F801CB9E0702F1FF32F5D138
:10CDD000032A28D941EA0305141F6D074FEA940E70
:10CDE0004AD12B2C48D90EF101084FEA580C03EB1D
:10CDF000CC0CA1F108051C46F5E90267E4E80267DE
:10CE00006445F9D118F0010F28F0010403D051F85E
:10CE1000245043F824500EF1010402F0030203EB06
:10CE2000840301EB8401FAB1541E022C20D922F0B4
:10CE300003058C460D449E465CF8044B4EF8044BAB
:10CE4000AC45F9D122F00304A2422344214402F06C
:10CE5000030509D00A781A70012D05D04A785A7056
:10CE6000022D1CBF8A789A70BDE8F0810346DAE78C
:10CE70001546EFE70346ABE70EF1010701EB870725
:10CE80001D1F0C4654F8046B45F8046FBC42F9D1E1
:10CE9000C1E700BF2DE9F04184075FFA81FE5FD052
:10CEA000002A59D0034601E0002A55D003F801EBCF
:10CEB000990702F1FF32F7D14EEA0E24032A44EA21
:10CEC00004443ED9151FAE08172D06F10106C3F321
:10CED000800147D99846002940D048F8044B771A7A
:10CEE00003EB810C79080CEBC101CCE900440CF197
:10CEF000080C6145F9D127F0010C08EB8C0167455E
:10CF0000CCEB8C7805EB880517D02F1F032F0C6016
:10CF100013D9A5F10807032F4C600ED9A5F10C0712
:10CF2000032F8C6009D9A5F11007032FCC6004D919
:10CF3000143D032D0C6188BF4C6102F0030203EB2A
:10CF400086034AB1013A83F800E005D0012A83F84C
:10CF500001E018BF83F802E0BDE8F0811546BEE7A6
:10CF60000346A9E719461546CFE700BF014B01224A
:10CF70009A777047C01A00202DE9344055F804AB69
:10CF80001A1F55F804BB2CDD54F804CB1CFB0A66B1
:10CF900054F804EB1CFB1A77043A1CFB0B881CFBAF
:10CFA0001B991CFB3A6655F804AB1CFB2B771CFB4A
:10CFB0003B881CFB2A99C8BF54F804CB1EFB0B66A8
:10CFC0001EFB1B771EFB0A881EFB1A991EFB3B6685
:10CFD00055F804BB1EFB2A771EFB3A881EFB2B99D3
:10CFE000D4DC043236DD34F802CB013A1CFB0A668D
:10CFF000C8BF34F802EB1CFB1A771CFB0B881CFB28
:10D000001B9927DD1EFB1A66013A1EFB0B7735F8CC
:10D0100002AB1EFB1B88C8BF34F802CB1EFB0A996B
:10D0200018DD1CFB0B66012A1CFB1B7735F8022B55
:10D030001CFB0A88C8BFB4F800E01CFB029909DD9C
:10D040001EFB1B66B5F800B01EFB0A771EFB0288AC
:10D050001EFB0B99BDE834802DE9F04F0D46099970
:10D06000044615F0030F4FF001003BD0B3F1040C60
:10D070004FF0000E35F8028B19DD54F8046B4FEABF
:10D08000084855F8049B16FB18EE54F8047B16FB71
:10D0900029EE55F8048B17FB19EEBCF1040C17FBB5
:10D0A00028EEC4BF54F8046BEBE74FEA18481CF1B4
:10D0B000040CA2BF34F8026B16FB08EEBCF1010CA5
:10D0C000C4BF35F8028BF4E7A4EB4304A5EB43059A
:10D0D000704505F10205B8BF7046013942F804EB0E
:10D0E00000DCC0E004391BDB4FF000064FF0000706
:10D0F0004FF000084FF00009FFF73EFFB04205F186
:10D100000805B8BF3046B842B8BF38464045B8BF3A
:10D1100040464845B8BF4846A2E8C0030439E3DAB0
:10D1200002315FDBB3F1040C4FF0000A4FF0000B4B
:10D1300055F8048B20DD54F8046B55F8049B16FB5E
:10D1400008AA54F8047B16FB18BBBCF1040C16FBB0
:10D1500038AA55F8048B16FB29BBC8BF54F8046BDA
:10D1600017FB09AA17FB19BB17FB39AAC8BF55F84B
:10D17000049B17FB28BBE2DC1CF1020C0EDD54F80B
:10D18000046B16FB08AA55F8049B16FB18BBACF100
:10D19000020C16FB38AAC84616FB29BB34F8026BF2
:10D1A0001CF1010C16FB08AAC8BF34F8027B16FB61
:10D1B00018BB05DD35F8029B17FB18AA17FB09BB46
:10D1C000A4EB4304A5EB4305504505F10205B8BFA8
:10D1D0005046A1F10201584542F804ABB8BF584689
:10D1E00042F804BB01313EDBB3F1040C4FF0000EFA
:10D1F0001DDB54F8046B55F8048B54F8047B55F888
:10D20000049B16FB08EEBCF1040C16FB38EEA8BF1D
:10D2100054F8046B17FB09EEA8BF55F8048B17FBF5
:10D2200039EEA2BF54F8047B55F8049BE9E71CF1E2
:10D23000020CA1BF54F8046B55F8048B16FB08EEE2
:10D24000ACF1020CA8BF16FB38EE1CF1010CA2BF1A
:10D2500034F8026B35F8028B16FB08EE704542F885
:10D2600004EBB8BF7046BDE8F08F2DE9F047864665
:10D270008C460846089E154674461946002B40F019
:10D28000C2808542B2FA82F245D94AB1C2F1200386
:10D2900000FA02FC2EFA03F3954043EA0C0C94408A
:10D2A0004FEA154EA8B2BCFBFEF8230C0EFB18CCBF
:10D2B00008FB00F943EA0C43994528D9EB1808F11B
:10D2C000FF3704D2994502D9A8F102072B44A3EBFA
:10D2D0000903A4B2B3FBFEFC0EFB1C330CFB00F0F5
:10D2E00044EA0344A04214D92C190CF1FF3304D2B0
:10D2F000A04202D9ACF102032C44241A43EA0740AD
:10D300001EB1D440002334607360BDE8F087474607
:10D31000DDE76346F1E792BB431B01214FEA154E5F
:10D32000AFB2B3FBFEFC200C0EFB1C330CFB07F86A
:10D3300040EA0343984562D9EB180CF1FF3004D260
:10D34000984502D9ACF102002B44A3EB0803A4B228
:10D35000B3FBFEFC0EFB1C330CFB07F744EA034453
:10D36000A7424ED92C190CF1FF3304D2A74202D99F
:10D37000ACF102032C44E41B43EA0040C0E7C2F1D5
:10D38000200320FA03F1954090402EFA03F3034363
:10D390004FEA154EAFB2B1FBFEFC0EFB1C10190C90
:10D3A0000CFB07F841EA0041884504FA02F422D94F
:10D3B00069180CF1FF3004D2884502D9ACF10200A3
:10D3C0002944A1EB08019BB2B1FBFEFC0EFB1C1132
:10D3D0000CFB07F743EA01439F420ED9EB180CF10F
:10D3E000FF3104D29F4202D9ACF102012B44DB1B76
:10D3F00041EA004192E76046E3E76146F7E76046AD
:10D40000A3E76346B7E7834206D916B90021084669
:10D410007BE7C6E900E0F9E7B3FA83F78FB9834207
:10D4200001D3724508D8BEEB020460EB0303012070
:10D430009C461EB9002168E73846FAE7C6E9004C69
:10D44000F8E7C7F1200CBB4022FA0CF41C432EFA7B
:10D450000CF120FA0CF3B84001434FEA14490EFADC
:10D4600007F5B3FBF9F81FFA84FE09FB18300B0C23
:10D4700008FB0EFA43EA00439A4502FA07F240D944
:10D48000E31808F1FF3004D29A4502D9A8F102004E
:10D490002344A3EB0A0389B2B3FBF9F809FB183361
:10D4A00008FB0EFE41EA03418E452CD9611808F1B4
:10D4B000FF3304D28E4502D9A8F10203214443EA86
:10D4C0000040A0FB0298A1EB0E014145CE46434629
:10D4D00002D306D14D4504D2B9EB020E68EB04032A
:10D4E0000138002EA6D0B5EB0E0261EB030101FA64
:10D4F0000CFC22FA07F34CEA0303F940C6E90031B9
:10D5000098E74046C5E74346D9E71FB5014601A85D
:10D5100000F006F801A802F040FB05B05DF804FB3E
:10D520000B88C3F30B0383804B88C38000224272B5
:10D530004B78C3F30113012B02D0022B18BF134603
:10D54000043103720160704710B58B880370437813
:10D5500003F0F00343708A88C2F30322134343703D
:10D56000CA888270CA8803F0CF03120A4370C2705F
:10D570000A7A120102F03002134303F03F034370B2
:10D580004A7A43EA821343700C46096804308142A8
:10D5900005D0E288FB2A28BFFB22FFF703FCE088C6
:10D5A0000430C0B210BD10B48B880370437803F010
:10D5B000F00343700A468988C1F303210B4343708B
:10D5C000D1888170C17801F0C001C170D488C4F3E2
:10D5D0000524214303F0CF034370C170147A240162
:10D5E00004F03004234303F0BF034370547A43EA4A
:10D5F000841301F03F0103F07F034370C170116891
:10D600000430814203D0D28810BCFFF7CBBB10BCE2
:10D61000704770B50B78013B05460C46182B00F29D
:10D620000A81DFE813F02F0033000801A600AC00E8
:10D63000B200B800BE00C200C400D400DA00190075
:10D64000080108013700C800CE00DE00E400EA004F
:10D65000F000F600FC0002010E23B1F803200B706D
:10D6600042F283039A4209D1062363706678023638
:10D67000324621462846FFF795FB51E03121C7206D
:10D68000F4F7D8F80C230B700823EEE71A230B707D
:10D690000123EAE72920F4F715FB30B13E2323707C
:10D6A000222363702923A370E0E70A20F4F70AFB22
:10D6B0003E2305F1080204F108012B7090B30A2300
:10D6C000AB70E378EB70A3882B71A3881B0A6B7196
:10D6D000A379AB71E379EB71A368AB608B8893801E
:10D6E000D4F80E30C5F80E30638A6B8263696B61C3
:10D6F000238B2B83638BAB76638B1B0AEB76A38B1D
:10D700002B77A38B1B0A6B77E38BAB77E38B1B0A1F
:10D71000EB7794F8203085F820301F266E700236A3
:10D72000304670BD0123AB70E378EB70A3882B719A
:10D73000A3881B0A6B71A379AB71E37903F0010332
:10D74000EB71A368AB608B889380638BAB73638B47
:10D750001B0AEB73A38B2B74A38B1B0A6B74E38BD9
:10D76000AB74E38B1B0AEB7494F820302B751326F3
:10D77000D4E73E230B7004234B70142393E73E231E
:10D780000B700C234B7004238DE73E230B700A2390
:10D790004B70032387E73E230B700D234B7005234B
:10D7A00081E70523237004235FE70823FAE730238A
:10D7B0000B70032359E73E230B700B234B70072399
:10D7C00071E73E230B7006234B700C236BE713238A
:10D7D0000B708B789B00013347E757230B700223B4
:10D7E00043E73E230B7006234B7012235BE73E2377
:10D7F0000B7009234B70132355E73E230B70052351
:10D800004B7020234FE73E230B7009234B702123DD
:10D8100049E7FF230B700B234B70A22343E7FF2341
:10D820000B7005234B70A3233DE7FF230B700D23E3
:10D830004B70802337E740F26F2120E708B510B125
:10D84000FFF763FE10B96FF0150008BD0020FCE77C
:10D8500010B50C4630B129B1F4F78AF928B120701F
:10D86000002010BD6FF01500FBE76FF02200F8E715
:10D8700008B5F4F705FA002008BD01F045B908B570
:10D88000F4F710FA002008BD01F027BC01F035BC08
:10D89000034602221A709A70D6225A716FF025023E
:10D8A0009A716FF03802DA716FF051021A72082221
:10D8B0005A726FF0240200209A7272225870D87047
:10D8C0001871DA72704701F06FB938B54FF08053B4
:10D8D0000446D3F8A020D3F8A410013106D1D3F820
:10D8E000A8304FF6FF719BB28B423ED0D3073CD598
:10D8F0004FF08055D5F8A420D5F8A830A4F805300D
:10D90000C3F3072363F03F03C4F80120A371D5F8E4
:10D910009030013323D0D5F8943001331FD0D5F89F
:10D92000983001331BD0D5F89C30013317D000203C
:10D93000F6F7DAFE98B9D5F89000D5F89410D5F836
:10D940009820D5F89C30C4F81330C4F80700C4F808
:10D950000B10C4F80F2001232370002038BD1022C3
:10D960000021E01DFFF796FAF5E70023F4E770B514
:10D970004FF08055102200210446D5F8A060FFF733
:10D9800089FA10220021A018FFF784FAD5F8803018
:10D9900001330BD1D5F88430013307D1D5F8883065
:10D9A000013303D1D5F88C3001330BD0D5F880008A
:10D9B000D5F88410D5F88820D5F88C30E361206143
:10D9C0006161A2610020F6F78FFE08B9F3071DD44C
:10D9D0004FF08053D3F8902001320BD1D3F894202C
:10D9E000013207D1D3F89820013203D1D3F89C201B
:10D9F00001320BD0D3F89000D3F89410D3F89820CC
:10DA0000D3F89C30E36020606160A260002070BDAC
:10DA100010B50446FEF7F2FFB0F5007F09DA10F505
:10DA2000007F08DD031EB8BF03339B102370002066
:10DA300010BD7F23FAE76FF07E03F7E70120704700
:10DA40000120704701F0AEBB0078003818BF0120FC
:10DA500001F0BCB9F6F788BB8178008801F06DBB96
:10DA600001F089BB37B505460C4600880DF106016B
:10DA700001F0B1F92B882380BDF80630638003B034
:10DA800030BDF6F779BB01F0A8BB01F026B801F074
:10DA900080B808B5F4F70EF9002008BDF6F760B9B4
:10DAA00001F097B8F6F7E6BA01F05FB801F0B3BA43
:10DAB00001F07DBA01F0C4BA00F068BF00F06DBF9C
:10DAC00000F0B9BF00F0CBBF01F094B801F090B9FD
:10DAD00001F056B801F012B803880B8001F0E2BAE9
:10DAE00003880B8001F0ECBA01F0ABB8F6F78EB901
:10DAF000F6F774B900F05FBF00F080BF00F0DBBF45
:10DB000000F0E7BF00F0C7BF00F0BCBF01F0C7B82E
:10DB100001F0F0B8F6F784B901F02DB901F014B8AE
:10DB200001F0CDB801F047BBF6F724B9F6F7A6B976
:10DB3000F8B5D4181F46BDF81830053414FB03F4AB
:10DB4000A4B2054604F11B0020F0030080B2884215
:10DB5000164603D0A3211420F3F76CFE15F0030141
:10DB600001D0A421F7E7B4F5004F01D9A521F2E7D0
:10DB70001422281DFFF78EF9EF746C802E80F8BDFB
:10DB800070B50688C58803898E42C5F30E02C3F3BB
:10DB90000E0403D2C9211420F3F74CFE5D40C5F3F7
:10DBA0000E030BB92D0409D4A24209D2C37CA41AD6
:10DBB0000533E41AA14203DD00238374184604E010
:10DBC0001832012381528374104470BD084405301B
:10DBD00010FB02F01B3020F0030080B27047408839
:10DBE0001B3020F0030080B2704738B503888B42A9
:10DBF00004D240F201111420F3F71CFE857C65B1BC
:10DC0000C388C3F30E031833C25A8A4207D3C152E2
:10DC1000811DF4F77BF800238374284638BD002566
:10DC2000FBE70346F0B59C88A5B2C4F30E06DC887A
:10DC3000AC4200F1180002D10020D881F0BD5F890C
:10DC4000DC7C855B3C4402343444ED1B20440C886E
:10DC5000ADB2AC4288BF0D805C89B4FA84F464092B
:10DC600014700A88DA81E9E7F8B58288C38900264A
:10DC700004460D4692B20E60CBB1C2F30E0241894A
:10DC8000183287180B44825A9BB29342438104D9BD
:10DC90004FF4A7711420F3F7CDFD04D1011DF4F763
:10DCA00035F846812F600023E3810120F8BD184636
:10DCB000FCE770B5044604F11806A38822899BB2DC
:10DCC0009A420846C2F30E050DD021B1A91CE27C90
:10DCD0003144FFF767F804F108012046755BF4F75B
:10DCE00015F8284670BD0025FBE78388C0889BB2E5
:10DCF000C31A584258417047828873B5C48895B298
:10DD0000AC42C2F30E0202F1180212D04189C68958
:10DD1000835A314499420EDB0DF10601ADF80650ED
:10DD2000F3F7F4FFBDF80600001B18BF012002B096
:10DD300070BD0020FBE70120F9E7028970B5C588B6
:10DD4000C5F30E065540C2F30E04C5F30E0203469A
:10DD5000183022B92A0402D50020188270BDB442BE
:10DD60001D8806D9DA7CA41B0532A41AA542A8BFD7
:10DD700025469A890AB1845B2D1BA942ECDCDC7C28
:10DD80001982033A0534324422441044E6E7F8B5D8
:10DD9000038A002B39D08B4237D3C488858900F1A0
:10DDA0001803C4F30E041E1995B91D5575708589A5
:10DDB0001E5B0D44ADB2314485811953DAB1811D2A
:10DDC000F3F7A4FF00238381002303820120F8BD21
:10DDD0001E5BAE4204D040F201211420F3F72AFD6D
:10DDE000C57C878A033E2644053535445E195F535A
:10DDF000857DB570DBE7C27C2C44144402341A19CB
:10DE00001B5B838293788375DEE70020DFE78388DE
:10DE1000C2889BB29A4206D0428922B9C3F30E034C
:10DE200018331844704700207047C37C08880233B9
:10DE30000B44136070470230704738B58388C2883E
:10DE40009BB29A4209D043893BB9C5893DB9011DAE
:10DE5000F3F75CFFC581012038BD0020FCE71846C0
:10DE6000FAE703881380C388C3F30E03183303440F
:10DE70000B60808970474A1E062A08B5034608468B
:10DE800004D84FF4D1711520F3F7D4FC11B903B1C4
:10DE9000196008BD5BB1B1F5803F02D34FF4DA7170
:10DEA000F1E71B6800225A601A1D19811A600430BC
:10DEB000EFE70268002322B90381031D426003607B
:10DEC0007047918812680B449BB2F4E703464FF603
:10DED000F672A1F10800904270B504D94FF4ED71CB
:10DEE0001520F3F7A7FC1868B8B1848802688C4243
:10DEF00014D03AB98EB206F10805ADB2AC4204D2E4
:10DF000010460AE003461046EFE742501A684518EB
:10DF10001268A41BAC8042501D6070BD1A60FCE703
:10DF200000230B6003688A800B600160704730B586
:10DF300090B18478B1FBF4F304FB131300EB4302BC
:10DF400052898A4201D1D8B230BDC27822B900F1DB
:10DF50000A03D0B2844201D8FF20F5E733F8025B10
:10DF6000A94202F10102F4D1EEE78278038805327A
:10DF70004B4303EB42031844704713B50023CDE92C
:10DF8000003304468DF806006846F4F79FF808B1A0
:10DF900002B010BDBDF804002146F4F773F8002864
:10DFA000F2D040F21D211720F3F744FC70B50D4666
:10DFB0000A211E46FFF70AFE32460446092128467A
:10DFC000FFF704FE204470BD012303707047F8B5CD
:10DFD00005460846002811461E4614BF00240224A8
:10DFE000FF23AB702B191B7D012B04D001342B199F
:10DFF0001B7D012B19D105EB44073B8B3A8C9819FB
:10E00000904204DD2C44002038832075F8BD05EBD8
:10E010008404324660681844FEF7C4FE3A8B164406
:10E020003E830023AB700120F0E70020EEE70029DB
:10E0300010B514BF00230223FF218170C1180C7D8D
:10E04000012C07D10C3320F8132002230B75002379
:10E05000837010BD0133C1180C7D012CF2D040F249
:10E0600015110920F3F7E6FB30B50246837803F07B
:10E07000FF00F3B9137D022B19D0537D022B19D168
:10E080000346012089B1D5180C3300242C7522F8E1
:10E090001340131803241C7502EB80035B680B60AC
:10E0A00000F10C0332F813308B80012002E00123D1
:10E0B000E8E7002030BD30B58378E3B9837D022BDB
:10E0C00017D0C47D022C16D1032381B105190C345D
:10E0D00000222A7520F81420C2180324147500EBBE
:10E0E00083020C33526830F813300A608B800120B1
:10E0F00002E00324E9E7002030BD037D012B01D1BC
:10E10000008B7047437D012B0CBF408B0020704774
:10E11000837D012B01D1808B7047C37D012B0CBF08
:10E12000C08B00207047038B23B9408B003818BF89
:10E130000120704701207047838B23B9C08B0038C2
:10E1400018BF0120704701207047027D022A01D1CB
:10E15000008B7047437D022B01D1408B7047032A0F
:10E16000F6D0032BF9D000207047827D022A01D11E
:10E17000808B7047C37D022B01D1C08B7047032A6F
:10E18000F6D0032BF9D000207047F4F709B9012825
:10E1900008B506D0022806D040F2B2310620F3F7C7
:10E1A00049FB002008BD0120FCE7F4F745B937B56D
:10E1B0000023054601A80193FAF7C2FD019B2846FA
:10E1C00013F0030F0CBF00240A2402F06CFA70B1A4
:10E1D000284602F056FA38B9284602F056FA18B91D
:10E1E00004F1500003B030BD04F15A00FAE704F125
:10E1F0006100F7E770B50D460646FAF7EBFC0446FA
:10E200003046FAF7DFFC04F5234328444FF47A72D2
:10E21000A133B3FBF2F3184470BD10B5044690F877
:10E220006900FAF7D7FC00F55F4141314FF47A708D
:10E23000B1FBF0F1204601F24511BDE8104001F0BC
:10E24000ADBD13B5002380F84C32A0F890321A46C9
:10E25000009319460446F4F71DFE20B140F2212137
:10E260003020F3F7E7FA012284F84C22C4F8480280
:10E27000C4F84002A4F85E02A4F85C0284F86102CB
:10E28000B4F89020A4F89202013AA4F8902002B0C9
:10E2900010BDF8B590F81031044603F0FF05E3B95E
:10E2A000D0E942126FF000439A4208BFB1F1FF3F3C
:10E2B00013D02946D0E9406702F00FF9D4E9423281
:10E2C000DB309B1B62EB07021B1A62F10002002A83
:10E2D00003DA2046F8F76EFA01252846F8BD2DE945
:10E2E000F047044618B9D2213020F3F7A3FA0829E1
:10E2F00000F2A580DFE801F005123C3C38A331991B
:10E30000A100F8F74FFAD4F8F400CB38FDF7F6FD8A
:10E31000002840F0888040F28121E5E702F0B9F959
:10E320000546F8B90146204602F0D7F800F1DB06B1
:10E33000D4F8F400B04209D2301A322838BF322063
:10E340000321FDF785FE051E18BF0125C4F8F46002
:10E35000204602F0C4F9002D65D02046BDE8F04704
:10E3600002F0C1B90025F3E7BDE8F047FAF7F8BAC3
:10E37000FFF71DFF002384F8F03084F8FB30B4F879
:10E38000EA30A4F8F800062B0BD80133A4F8EA30E1
:10E3900004F1F0052846FCF715FF58B940F29F61DB
:10E3A000A2E7D4F8CC301BB1012384F8FA30EFE7B0
:10E3B0000223FAE72046FFF76CFF034694F8C800F3
:10E3C00033B92946FDF714F838B940F2A3618BE759
:10E3D000FCF7C4FE002384F8E830D4E94078D4E99F
:10E3E000389AB9457AEB08031DD2204602F080F82E
:10E3F00050EA010305460E4615D0B7EB09002A4640
:10E4000068EB0A013346FEF72FFC05FB01F200FB27
:10E410000622A5FB00500244D4E93803451942EB1B
:10E420000302C4E93852BDE8F08790F8C800FCF751
:10E4300095FE002384F8E830F5E7F22154E7F62151
:10E4400052E7D0F8CC00704790F8E83010B5044699
:10E45000E3B1012180F8101102F047F994F8E83097
:10E46000A3B194F8C800FDF7CFFA94F8C800FDF7FF
:10E4700019FF94F8C800FCF771FE20B940F20D2195
:10E480003020F3F7D7F9002384F8E830002010BDDE
:10E4900090F8102110B542B990F8D02042B1D0E9DF
:10E4A0003531994202D9F8F785F90022104610BD9E
:10E4B0000122FBE708B540F2C32101F07BFC40F6E6
:10E4C0004803984228BF184680B208BD7FB590F82F
:10E4D0001332044603F0FF05002B45D190F84C326F
:10E4E000032B41D102F042FDD4E9A023801A61EB55
:10E4F0000301012871F1000336DB6FF00103834251
:10E5000075EB010304DA40F2D7513020F3F792F9AA
:10E51000A269B4F890300AB1B0FBF2F201331344AF
:10E520009BB2A4F85C32B4F85C22B4F80C329B1AAB
:10E530001BB2002B18DD94F89402FDF765FA98B130
:10E54000FF2384F86132B4F8CA30B4F890501D4407
:10E55000B4F8C830013DED1AADB20DF10E06B4F8B5
:10E560005C32EB1A1B0401D504B070BDB4F85C1228
:10E5700000960023012289B22046F4F78BFC002884
:10E58000F2D0012809D1B4F85C32BDF80E2012FA9D
:10E5900083F39BB2A4F85C32E1E74FF4C261B4E7C5
:10E5A000F8B5044621B1012940D04FF4F56131E0BE
:10E5B000C68C36B1F6F7F8FEE58CB0FBF5F606FB37
:10E5C00015062046D4E9385701F092FF2D1847EB85
:10E5D00001070023AD1947F1000784F8F03002234A
:10E5E000A4F8FA30C4E940572046FFF7E0FDD4E92B
:10E5F0004023A4F8F800C4E938232046FFF749FE79
:10E6000058B994F8C80004F1F001FCF7F1FE20B904
:10E6100040F2FA613020F3F70DF90023A4F8EA3054
:10E62000F9F7AAFFBDE8F840FCF7C6BB002380F865
:10E63000D030F5E790F8E800704713B50023CDE936
:10E64000003301238DF806306846F3F73FFD08B12B
:10E6500000200AE0009C2046FFF7ECFF0028F3D0E2
:10E66000204601F048FF0028EED002B010BD07B5EB
:10E670000023CDE9003301238DF806306846F3F717
:10E6800025FD08B1002004E00098FFF7D3FF002823
:10E69000F4D003B05DF804FBFFF7E9BF07B5002332
:10E6A00040F6881201A9FAF775FB03B05DF804FB88
:10E6B00010B5044638B1F5F713FE34EA00030CBF79
:10E6C0000120002010BD0120FCE710B5F5F7A4F9EA
:10E6D000044601F0DAFF40B9204601F0D2FF80F095
:10E6E0000100C0B200F0010010BD0020FAE738B50B
:10E6F000054601F0EDFEF0B12846FFF79BFF08B993
:10E70000002038BD2846FFF79CFE04462846FFF748
:10E710009BFE054688B9002CF2D02088F5F740FF13
:10E7200020882946F3F7AEFC0028E9D041F65C01C9
:10E730003920F3F77FF84220E3E70C20E1E72DE9E9
:10E74000F843B0F85A60B0F85C50804630300F465D
:10E75000FFF7B0FE0221044600F098FF0221814637
:10E76000204600F093FF4E4528BF4E46B6B21B2E02
:10E7700038BF1B26FB2E28BFFB26854228BF054637
:10E78000ADB21B2D38BF1B25FB2DB8F800303B80E8
:10E7900028BFFB25B4F5A47F38BF4FF4A47440F61E
:10E7A00048039C4228BF1C467E80FD80BC803C8183
:10E7B000BDE8F8832DE9F04186B0054601A900883F
:10E7C00000F0DAFE0446002873D1029A92F86E3106
:10E7D000003B18BF01238DF80230D2F8883099062B
:10E7E0004ABF9DF80230034683F0010303F00103A2
:10E7F0008DF8033092F8E8309B0603D49DF803307F
:10E80000002B5CD0EB881B3B9BB2E02B59D82989AD
:10E81000A1F5A4739BB244F24810834251D86B888F
:10E820001B3B9BB2E02B4CD8AA88A2F5A4739BB2E9
:10E83000834246D840F64807B94244D8BA4242D843
:10E84000029E4FF0FF0886F833819DF80230A3BB8B
:10E8500003A93046FFF773FF6A88BDF81230E888D5
:10E86000934228BF1346A6F83831BDF81430AA8861
:10E87000BB4228BF3B461946BDF80E30834228BF35
:10E880000346A6F83431BDF810302889BB4228BFB2
:10E890003B46834228BF03468A42A6F836311346D8
:10E8A00028BF0B46A6F83A3186F83281002386F855
:10E8B0003331204606B0BDE8F0813A24F6E71A2449
:10E8C000F7E71224F5E71124F3E72DE9FF410746A6
:10E8D0008846008802A900F04FFE054618BB039C3D
:10E8E00094F8813103F0FF051BB1B8F1020518BFA0
:10E8F000012594F89730222B94F8E93043EAD303AA
:10E900000CBFC5F10102002203F00103134333D011
:10E91000BE7816B9F5F7E4FC0646F87870BBF5F753
:10E92000DFFC26B90925284604B0BDE8F08100289F
:10E93000F8D0FF2384F83D31E5B994F83C3103F079
:10E94000FF05BBB984F83F0184F83C8184F83E613F
:10E950003B797A798DF8050043EA022301A9204624
:10E960008DF80460ADF8063000F0B6FE002384F8A0
:10E970003D31D8E73A25F9E71A25D4E7002ED8D15A
:10E98000D0E708B5F5F786FC002008BD10B50446B1
:10E99000F7F720F92070002010BD10B5FFF74DFEED
:10E9A000044630B9F7F710F92046F6F71BF8204671
:10E9B00010BD0C20FCE710B50378012B044601D9EB
:10E9C000122010BDFFF768FE58B9207810F0FD0046
:10E9D0000DD104F11703E21D611CBDE81040F6F7EC
:10E9E00007B8F6F799F80028EFD00C20E9E7A379EB
:10E9F00003F0C003C02BE3D10120EAE710B5037890
:10EA0000012B04460DD8FFF747FE60B9214611F8E7
:10EA1000013B13F0FD0F14BF0120002000F07BFD2F
:10EA200038B9122010BDF6F777F80028EED00C2088
:10EA3000F8E70020F6E710B50446FFF7FEFD50B9F1
:10EA40002078012809D8611CF7F7CAF8002814BFFC
:10EA50000020072010BD0C20FCE71220FAE738B593
:10EA60000546FFF7EAFD044640B92878012803D897
:10EA7000691CF7F7E5F818B9122038BD0C20FCE73F
:10EA80002046FAE708B50088F6F74CF800280CBFD6
:10EA90003020002008BD38B50546FFF7FDFD0446CF
:10EAA00038B92878003818BF0120F6F72FF820462B
:10EAB00038BD0C20FCE708B5FFF7EEFD18B9F6F7F6
:10EAC00015F8002008BDF6F727F80028F7D00C202D
:10EAD000F8E7082303700020704710B503460D24A3
:10EAE00004706FF0040111220020DC705924597069
:10EAF0009A701C7158719971DA7110BD08B50821AE
:10EB0000F3F728F8002008BD73B506460C460088C8
:10EB1000694600F031FD0546A0B9B3786BB9019B99
:10EB200093F86C30A370338894F902002380F6F7D1
:10EB300079F9A070284602B070BD7F20FFF7AEFDC6
:10EB4000A070F0E70225F5E710B504466FF07F00EE
:10EB5000FFF7A4FDF6F766F920707F20FFF79EFD12
:10EB6000F6F760F96070002010BD10B50446F4F7A8
:10EB700053FF01F083FDF6F755F92070002010BD1A
:10EB800008B50A46072300F11001FDF775FE0020C5
:10EB900008BD10B5014604460020F5F78DFD08B903
:10EBA0002060A080002010BD10B50446F5F76CFB76
:10EBB00028B900202146F5F767FD002010BDFFF7BA
:10EBC00056FD0028F5D0FFF780FD0028F1D10C207C
:10EBD000F4E710B50446FFF74AFD28B901202146A5
:10EBE000F5F752FD002010BDFFF76FFD0028F5D1AD
:10EBF0000C20F8E7F7B50C4605466946008800F09A
:10EC0000BBFCA21C034690B9019901F19F0781F852
:10EC1000F03038681060387910712888208091F8B9
:10EC2000F06006F0FF00002EF1D103B0F0BD00232C
:10EC3000C4F802300220137123706370F5E7FFF708
:10EC4000B9BD1FB5838844F29022934217D840F68D
:10EC50004802934228BF13460288ADF8042040883A
:10EC6000ADF80600ADF80A000A8001A8ADF808303A
:10EC7000ADF80C30FFF79EFD05B05DF804FB1220E7
:10EC8000FAE737B50D46694600F076FC044618B938
:10EC900001982946FFF753FD204603B030BD10B55B
:10ECA00003466FF004040020482108221C705870AD
:10ECB0009970DA701C7158719971DA7110BD10B5C4
:10ECC0000446FFF7E9FC78B92146E27911F8013BE7
:10ECD00013F0FD0F14BF01200020F5F7E7FF002817
:10ECE00014BF0020022010BDF5F716FF0028EBD05E
:10ECF0000C20F8E737B505460C460088694600F059
:10ED00003BFCF0B9019B014683F86A1093F8682038
:10ED1000012A06D0022A04D040F281210620F2F70F
:10ED200089FDA27093F86920012A01D0022AF3D14B
:10ED3000E27093F86A2002F0FF00002AE4D12B88E9
:10ED4000238003B030BD10B58388022B044610D851
:10ED5000C078FFF7ADFC08B9112010BDA078FFF70F
:10ED6000A7FC0028F8D020460121BDE81040FFF79D
:10ED7000ACBD1220F1E713B58378C178027903F0B6
:10ED8000010451EA040C03F002031DD052EA030C03
:10ED90001AD0002C18BF0021002B18BF00228DF8BC
:10EDA0000320037842788DF8021043EA0223ADF87D
:10EDB000003043798279684643EA0223ADF8043093
:10EDC000FFF7C1FF02B010BD1120FBE708B5F3F754
:10EDD000A5FD002008BD13B50C46694600F0CCFB2C
:10EDE00020B9019BB3F890300133238002B010BDED
:10EDF00007B50088694600F0BFFB38B99DF80020D0
:10EE0000019B012A05D093F843216AB103B05DF854
:10EE100004FB93F84C22D2B293F8B81011B912F057
:10EE2000FB0FF0D10220F1E7012283F84321EDE747
:10EE30002DE9F3410546477800780121F3F70CF9F5
:10EE4000044600285FD001F00AFCEE78864228BF15
:10EE50000646042FB6B23DD0206BFFF74EF9304482
:10EE600080B21F2803D9122002B0BDE8F081FB1E3A
:10EE7000012B2CD8204601F016FC6B78032B2CD1EB
:10EE800007F0FD08B8F1010F39D1204601F00BFC65
:10EE9000002831D1012F08BF4FF00208216B4246F4
:10EEA0006846F3F713FA6A68206B33460121FFF7CF
:10EEB0008EF850B36B78023B012B22D8206BFFF702
:10EEC0001CF901210246206BFFF7B1F819E0002E72
:10EED000D0D1C8E7002ECDD0C5E70028C3D1042B80
:10EEE000CED12046FFF7A6FB0028BCD0206BFFF751
:10EEF0001AF90028C4D1B6E74FF00008CEE7042F76
:10EF0000D1D10020B0E74220AEE70720ACE72DE9E1
:10EF1000F74380464578C77800780121F3F79CF8DD
:10EF20000446D0B101F0B1FB0028206B08BF0027D8
:10EF3000FFF7EEF8C619B6B21F2E1FFA87F910D8E0
:10EF4000042D0ED0032D12D05FB12046FFF772FBC7
:10EF500058B10C2002E0042212E0422003B0BDE8C8
:10EF6000F0831220FAE70720F8E7012D0CD12046A4
:10EF700001F099FB0028EED1012D0CBF06220522DD
:10EF8000216B6846F3F7A2F9D8F80420206B4B46B2
:10EF90000021FFF71CF80028E5D0023D012D04D820
:10EFA000206B32460021FFF742F80020D6E713B568
:10EFB0000446F4F731FD4FF44073ADF80030002300
:10EFC0008DF80230684614F8013B8DF80330019447
:10EFD000FFF79DFF02B010BD38B50121054600784E
:10EFE000F3F73AF80446A0B1FFF724FB28B920460E
:10EFF000691C01F085FA002038BD204601F045FB70
:10F0000008B10C20F8E7204601F03BFB0028F8D1BE
:10F01000EDE74220F0E713B50446F4F7FDFC14F8E1
:10F02000013B8DF803304FF44073ADF80030684673
:10F0300000238DF802300194FFF7FAFE02B010BDF4
:10F0400073B50546F4F7E8FC2B78044663B100235A
:10F050000DF1010101208DF80030F5F72DFB18B1FD
:10F060006846FFF7B9FFA0B9002620468DF800607A
:10F0700001F00FFBB04214BF80233346ADF80130DE
:10F080002B788DF80360012B05D169462046F4F7F3
:10F09000E7FD02B070BD1BB92046FFF728FBF8E77B
:10F0A0001220F6E710B5002104460088F2F7D4FFDD
:10F0B00020B1A11CBDE81040F8F79ABC022010BD99
:10F0C00008B500880021F2F7C7FF20B1BDE808406D
:10F0D0000021F8F78DBC022008BD37B505460C4667
:10F0E0000088694600F048FA28B92B882380019BE4
:10F0F000B3F8C430638003B030BD2DE9F3414388D9
:10F1000004460E46BBB10088694600F035FA054654
:10F1100068B923883380019E06F17808B769628850
:10F120003946404600F01AFAB369BB42F6D1284688
:10F1300002B0BDE8F0811225F9E710B50C460021B8
:10F14000F2F78AFF88B1022C11D804F00103C4F34E
:10F15000400480F8153280F8144223B190F812323E
:10F160003BB1FFF7B3F9002010BD0220FCE71220ED
:10F17000FAE71846F8E710B504460078FF280AD0E9
:10F180000121F2F769FF58B16378A27843EA0223BC
:10F19000C384002010BDB4F80100F4F707FCF8E7C1
:10F1A0004220F7E708B50078003818BF0120F4F7CF
:10F1B00011FB002008BD10B50446F4F72DFC617862
:10F1C000C1F3400201F0010101F092FA002010BDEC
:10F1D0000820F5F771B801F0EEBB1220704710B5AA
:10F1E000044604B910BD236898476468F9E70368CA
:10F1F0000BB9016070471A465B6813B18A42FAD1B5
:10F2000070478A4218BF5160704708B50020FEF76A
:10F21000B4FEF2F7E9FFF5F7B7F9F3F725FA20B1F5
:10F2200040F205110120F2F705FB08BD08B5F4F71F
:10F230007DFA20B140F223110120F2F7FBFAF7F733
:10F2400039F910B14FF49471F6E7BDE80840012098
:10F25000FEF793BE08B5FFF7E9FF01F094FB20B17C
:10F2600040F23D110120F2F7E5FA08BDFAF770B857
:10F270000B46122203F8032BD0F80920C1F8032013
:10F28000427B1A71704730B585B004460D46F5F7DC
:10F290009BFE80B36FF4BC731C4402A92088ADF8B8
:10F2A000000000F069F918B12E217E20F2F7C2FAB1
:10F2B000039B93F864208DF80220022193F86520C7
:10F2C000B3F866308DF803206846ADF80430FFF7D8
:10F2D000FCFA08B14421E8E78DF808009DF80830F1
:10F2E0008DF80900002063F307009DF8093063F3EF
:10F2F0000F2005B030BD18232B70D4F80930C5F8A5
:10F30000033004238DF80830E8E710B5446803782B
:10F3100094F89620002104F1780000F046F918B91D
:10F3200086217E20F2F786FA202384F8963010BDDD
:10F33000034610F0010007D19A0704D413F004002B
:10F3400018BF08207047022070472DE9F84F074684
:10F3500008469246884600F0EFFB8146404600F0A2
:10F36000EDFB8346FFF7E4FF05464846FFF7E0FF65
:10F3700045EA0006F6B2003E044618BF0126F4F73F
:10F38000AFFF00EA0B03DBB2002B08BF0025F4F748
:10F39000A7FF00EA090097F86830C0B2002808BF4C
:10F3A0000024AB4208BF00258AF8005097F8693066
:10F3B000A34208BF002455EA04038AF801400CD197
:10F3C000404600F0BDFBB7F89030DB43184480B2F4
:10F3D00047F6FD73984288BF00263046BDE8F88F97
:10F3E000F8B5446804F1780794F8972005460E466E
:10F3F00001230B21384600F0D8F8014608B120203F
:10F40000F8BD94F897200123384600F0CEF8C8B331
:10F4100094F89630252BF2D0304600F082FB28B9C4
:10F4200031462846BDE8F84000F016BD737903F078
:10F43000070384F86130337903F0070384F8603000
:10F4400094F83D3193B994F83C31012B0ED094F8E7
:10F45000602094F869309A4210D194F8612094F8B1
:10F4600068309A420AD1022384F83C31222328468C
:10F4700084F8973000F0C2FC0020C1E72846F4F77A
:10F4800079FFF3E70120BBE708B5436893F89720BD
:10F49000222A05D022B140F28A317E20F2F7CAF941
:10F4A000232283F8972008BD0A46437923B90168CF
:10F4B00011B10079F9F7D0BE7047F5F765B870471C
:10F4C00030B542400C7818785D7844404878684000
:10F4D00004449D78887868400444DD78C8786840A2
:10F4E00004441D7908795B794979684004444B40AC
:10F4F0002344D3420CBF0120002030BD034600202E
:10F500000139C9B2FF2900D170475A5C82F001026B
:10F510001044C0B2F4E708B5F5F7F4F8082807D0AE
:10F52000F5F714F9082803D0F5F726F9012008BDEE
:10F530000020FCE708B5F5F7E5F8082803D0BDE89A
:10F540000840F5F703B908BD08B501F04CFA18B149
:10F55000BDE80840F8F73CBB082008BD10B5002303
:10F56000436442F210744B1EA0F84C2004FB02329C
:10F57000B2FBF1F1816410BD10B50C460021F2F729
:10F580006BFD606018B101232370002010BD0220C4
:10F59000FCE701440023884203D1B3FA83F0400919
:10F5A000704710F8012B1343F5E70C2939D8DFE831
:10F5B00001F0070B0E1416191C252A362C2E3400C8
:10F5C000B2FA82F040097047063A012A01E00A3A8D
:10F5D000022A8CBF0020012070470D3AF5E7103A4F
:10F5E0000C2AF6E7113A0B2AF3E7A2F11003032BDA
:10F5F00019D990F86000B8B11C2AEAE7042A14BFB0
:10F60000002001207047012AF9E71D3AE0E7A2F146
:10F610002003062B07D92E2AF1E7282AEFE70F2A25
:10F62000EDE70020704701207047F8B5D0E9047677
:10F6300005460C46FBF7C6FD20B94FF4E5712920BD
:10F64000F2F7F8F8F4B1D5E90431DA1B61EB0603FF
:10F65000012A73F100014FF0000115DB6FF001008A
:10F66000904271EB030302DA4FF4EA71E7E7631E9D
:10F670001344B3FBF4F35C43E41946F10006C5E917
:10F6800004461C462046F8BD0C46FBE711F00C036F
:10F6900012D001F0040100290CBF4FF41673962319
:10F6A00003F5BC730CBF40221022984212D9C01A35
:10F6B00090FBF2F080B27047022905D13C2809D9AD
:10F6C0003C38C0F38F007047702803D97038C0F3FE
:10F6D000CF0070470020704703460868586670479F
:10F6E000012908B5024606D002290CD040F2452176
:10F6F0002920F2F79FF840F6C41340F2E240002AB6
:10F7000018BF184608BD40F6C410FBE7C3B293FA11
:10F71000A3F3000A90FAA0F01B0E000E43EA0020AB
:10F7200070470131F8B5C9B2821D0023012512F8D6
:10F73000010B884216D312F8066C002405FA04F770
:10F7400037421CBF01F1FF31C9B2E0B269B10134E7
:10F75000082CF3D10133DBB2052BE8D199214620E7
:10F76000F2F768F8091AC9B2F4E700EBC300C0B2B7
:10F77000F8BD0B6870B5C0F801300B7903F01F03BA
:10F78000437100230446C372451C861D15F8010B06
:10F7900000F01AFB2871E37AB5421844E072F5D103
:10F7A00070BD70B581EA114189B2C57A044603265D
:10F7B00082EA0100FFF7AAFF013E00EB00100A18E1
:10F7C00016F0FF0690B2F5D141402522B1FBF2F3CD
:10F7D00002FB1313C3F3C4022244D8B2567803F0D9
:10F7E0000703012202FA03F31E4207D169432046B0
:10F7F000C1F30741BDE87040FFF793BF70BDF8B596
:10F8000090F831506B1E242B044658D8002A58D04B
:10F8100090F8260018B1012847D01F201AE094F86C
:10F82000331094F8323002FB03132522B3FBF2F1BC
:10F8300002FB1133DBB204EBD30284F8333092F8CD
:10F840002710012603F0070206FA02F2114202D045
:10F8500084F83430F8BDB3FBF5F205FB1233013305
:10F86000024604F12C01D8B211F8013B834219D3AE
:10F8700011F8067C002306FA03FC1CEA070F1CBFE4
:10F8800000F1FF30C0B2DDB220B905EBC20284F84E
:10F890003420DFE70133082BEDD10132D2B2052A43
:10F8A000E2D1BAE7C01AC0B2F7E7228BC96904F106
:10F8B0002600FFF776FF84F834000020CAE7122004
:10F8C000C8E71046C6E70B68C0F803308B88A0F87D
:10F8D000073070470B68C0F809308B88A0F80D30EE
:10F8E00070470378890123F0400301F040010B4386
:10F8F00003707047037803F07F0343EAC11303707A
:10F9000070471F2A38B50546144603D9BF212A205F
:10F91000F1F790FF09300634FDF744FA6C7038BDFA
:10F920001F2A38B50546144603D9E1212A20F1F7EC
:10F9300081FF09300634FDF735FA6C7038BD30B5FB
:10F94000037803F00F03032B024640D0052B1FD191
:10F95000C37F90F82000034392F82100034392F8FC
:10F960002200034392F8230020F01F0018432DD0FB
:10F970005378222B0CD1B2F81930B2F81740907D91
:10F9800041B1B3F5506F05D940F607518B420ED9FE
:10F9900000201BE0991F89B240F67A45A942F7D8AA
:10F9A000411E0729F4D88342F2D9A342F0D3B2F81A
:10F9B0001B30B3F5FA7FEBD2B2F81D000A3880B2E3
:10F9C00040F6764398428CBF0020012030BD40783D
:10F9D000A0F10C0358425841F8E7037801F0030105
:10F9E00023F003030B4303707047007800F003001B
:10F9F00070471B2A08B504D940F252412A20F1F77A
:10FA000019FF4270BDE808400330FDF7CBB9B0F8EC
:10FA100007007047B0F809007047B0F80B00704756
:10FA200070B5B0F80730B0F80950B0F80560047947
:10FA3000B0F80B0091B1B3F5506F0FD940F60752F3
:10FA4000934218D8B5F5FA7F15D20A3880B240F63D
:10FA5000764398428CBF0020012070BD9A1F92B25D
:10FA600040F67A418A4206D8621E072A03D89C4291
:10FA700001D29E42E5E70020EFE743680B60037A7E
:10FA80000B717047B0F809007047007970470B6838
:10FA900043604B688360704743680B6083684B60CA
:10FAA000704783890B807047D0F80E300B60D0F818
:10FAB00012304B607047D0F816300B607047FFF77C
:10FAC000E6BF0B68C3607047007970470171090A8F
:10FAD000417170478171090AC17170470172090A49
:10FAE000417270478172090AC172704780887047FD
:10FAF000C0887047008970474089704703891A2B76
:10FB00000DD94389B3F5A47F09D383881A2B06D96D
:10FB1000C088B0F5A47F34BF0020012070470020CA
:10FB200070470379024613F0070004D0507910F0B3
:10FB3000070018BF0120704700797047407970476F
:10FB4000C08870470279437902F0070203F0070387
:10FB5000511E0A40591E0B4013430CBF01200020C8
:10FB60007047017170470079704741717047407963
:10FB70007047FB2908B504D940F2E5712A20F1F756
:10FB800059FE417008BD406890F8123223B100233D
:10FB900080F81232FEF79ABC704708B5017A19B1A5
:10FBA00001290DD0002008BD0368C2880221808889
:10FBB000F5F7B8F90028F6D1F5F764FB0120F2E774
:10FBC0000368C288F3E702230B7001238B70704730
:10FBD000F5F70CBA08B5037A23B14FF41A71102067
:10FBE000F1F728FEBDE80840F5F774BA0322FFF7E5
:10FBF000F1BF0422FFF7EEBF30B4057A15B10272EF
:10FC000030BC704730BCF5F765BA0B46112203F8DB
:10FC1000032BD0F80920C1F80320D0F80D205A603A
:10FC2000B0F811201A817047012908B503D10E30B0
:10FC3000C00080B208BD022902D10F308000F8E771
:10FC400040F2CF110620F1F7F5FD30B587B004463C
:10FC50000D46F5F7C1F9A0B300232372A4F5B374E0
:10FC6000694624882046FFF70CF818B1D8212C20CB
:10FC7000F1F7E0FDBDF80630ADF80E30BDF8083004
:10FC8000ADF81030BDF80230ADF8123003A8BDF861
:10FC90000430ADF80C40ADF81430FEF7D0FF08B1D9
:10FCA000E121E4E78DF80C009DF80C308DF80D0093
:10FCB000002063F307009DF80D3063F30F2007B0B9
:10FCC00030BD2B46172203F8032BD4F80920C5F8C2
:10FCD0000320D4F80D205A60B4F811201A810423AF
:10FCE0008DF80C30E0E740687047C08A704710B567
:10FCF0008A880B89CC884988A0F85010A0F8544015
:10FD0000A0F85220A0F8563010BD8383BDF8003013
:10FD100001834283C383704738B5C38B458C044647
:10FD20009D42007A28BF1D46FFF77EFF6389AB42E4
:10FD300028BF2B46984238BF184680B238BDF8B568
:10FD40000546808F16460F46FFF76EFF394604467C
:10FD500005F13000FFF7E0FF844228BF044631463A
:10FD6000B5F84400FFF760FFB5F846308342A4B20F
:10FD700028BF034614FA83F09C30F8BD38B50D4611
:10FD8000144690F8681090F86920FFF7D8FF963471
:10FD90002044A84294BF281A002038BD38B50D462B
:10FDA00090F8692090F868100446FFF7C8FF0544F2
:10FDB000656338BD006801F19C03984283BF401A17
:10FDC0009C3840080020704700F05503400800F0C0
:10FDD0005500184400F03303800800F03300184445
:10FDE00000F00F0303EB101070474368002283F804
:10FDF000962083F8D220A3F8CE20704743680022D3
:10FE0000A3F8D42093F8D620013283F8D620704787
:10FE100008B5426892F8D630013B5BB2002B82F8FD
:10FE2000D63003DA34214A20F1F704FD08BD4368D7
:10FE300083F8231183F822217047A0F10A03042BD1
:10FE400008D9A0F12003062B04D9A0F12E035842B3
:10FE500058417047012070474268D2F8883010B589
:10FE600013F008040AD143F00803C2F88830CB78B5
:10FE700082F82031FFF7C2FF204610BD0120FCE7C9
:10FE800038B50C460546B1F85410FFF71FFEB4F81C
:10FE90002A112846FFF71EFEB4F850102846FFF737
:10FEA0001DFEB4F828112846BDE83840FFF71ABEF9
:10FEB00037B530F8024C7CB100238DF804308DF852
:10FEC00005309DF80430002063F307009DF80530ED
:10FED00063F30F2003B030BD30F8B05CA1F80350DD
:10FEE00008220A708C70427A4A7150F89C0CFDF717
:10FEF000FCFE18B983216320F1F79CFC2846F4F737
:10FF00004FFB21462846F2F7BDF804238DF8043054
:10FF10008DF80540D5E738B54468037894F8982003
:10FF20000D4604F178000121FFF73FFB38B9284660
:10FF3000FFF7ABFD062384F8990084F89830002081
:10FF400038BD10B54468037894F89820012104F175
:10FF50007800FFF72AFB10B9072384F8983010BD0A
:10FF60000B46062210B503F8032BA0F5D47200242B
:10FF7000D485D0F80920C1F80320D0F80D205A60AC
:10FF8000427C1A72CC7010BD10B54468037894F8A6
:10FF90009620002104F17800FFF707FB18B924210F
:10FFA0004520F1F747FC1D2384F8963010BD2DE95C
:10FFB000F7434568037895F8962006460C4605F108
:10FFC00078000A21FFF7F1FA60B32046FFF796FDAB
:10FFD00000B32046FFF78EFD07462046FFF786FD5B
:10FFE00080462046FFF788FD81462046FFF780FDCA
:10FFF0004B4600904246394605F13000FFF785FE3A
:020000021000EC
:100000007168284601F25311F5F760F9706805210F
:10001000F3F7F4FB002085F8D20085F8960003B0D2
:10002000BDE8F0830120FAE74268D2F88830D906AB
:1000300010B5044603D49A214520F1F7FBFB99063D
:1000400001D59B21F8E723F01003C2F88830FFF7B1
:10005000DFFE60680521BDE81040F3F7CFBB092340
:100060000B70437A8B70A0F5F9731B88A1F80330ED
:10007000037B4B7170470A230B70437A8B70A0F59A
:10008000F9700388A1F80330704707230B70A0F5BF
:100090002F731B88A1F80330D0F80B30C1F805305E
:1000A000D0F80F30C1F80930B0F81330A1F80D3096
:1000B000704738B504464068012390F89720002126
:1000C0007830FFF772FA656860B995F897200123D8
:1000D000052105F17800FFF768FA002814BF082011
:1000E000012038BD95F89C000028FAD02046FFF783
:1000F00085FE6368112283F897200020F1E770B530
:10010000044640680D4690F897200123002178307E
:10011000FFF74BFA666870B996F89720132A0AD051
:100120000123052106F17800FFF73FFA002814BFEC
:100130000820012070BD96F8D83013B92046FFF78B
:100140005DFE6168284601F50871FFF7ADFC616846
:10015000284601F58C71FFF7AEFC61680B88A1F8A9
:10016000C532284601F2C721FFF796FC6168284690
:1001700001F2CF21FFF795FC6368152283F89720E1
:100180000020D7E7436893F89720122A03BF132271
:10019000002083F897200220704710B5436893F839
:1001A0009730182B044607D1FFF732FE63681C22F4
:1001B00083F89720002010BD0220FCE708B54368B3
:1001C00093F89720112A04D04FF4A8711F20F1F75B
:1001D00031FB012283F8D720122283F8972008BD33
:1001E00008B5436893F89720162A04D04FF4B071ED
:1001F0001F20F1F71FFB182283F8972008BD0B463C
:10020000052203F8032BD0F80920C1F80320D0F809
:100210000D205A60B0F811201A81C27C9A72704782
:1002200010B54468037894F89620002104F1780012
:10023000FFF7BBF918B9AA211C20F1F7FBFA042338
:1002400084F8963010BD4268D2F8881008B5CB0704
:1002500003D4B7211C20F1F7EDFA92F8D630013B18
:100260005BB2002B82F8D63001DAB921F2E721F037
:100270000101C2F8881008BD0C23A0F5A5700B7011
:1002800003884B80704710B54468037894F8962033
:10029000092104F17800FFF788F930B1002384F8D0
:1002A000C63084F8D23084F89630002010BD38B5BE
:1002B0004568D5F8883013F0040409D1FFF79EFD96
:1002C000D5F8883043F00403C5F88830204638BD9F
:1002D0000120FCE74268D2F8883023F00403C2F81A
:1002E0008830FFF795BD10B54468037894F89620E0
:1002F000002104F17800FFF758F918B971214B205B
:10030000F1F798FA0F2384F8963010BD01230B7093
:1003100000238B7030F8DA3CA1F80330437A4B713C
:100320004389CB8083890B81704738B5446894F842
:10033000D95015F0020514D1037894F89620294677
:1003400004F17800FFF731F918B975214020F1F771
:1003500071FA012384F8963084F8D230A4F8CE5094
:1003600038BDD4F8882093070DD594F8D630013BDA
:100370005BB2002B84F8D63001DA8721E6E722F061
:100380000202C4F88820002384F84231E8E710B55F
:100390000B794C790A68012843EA042108BF41F42B
:1003A0008031104610BD07B5FFF7F1FF0DF10702D0
:1003B000F5F7B4FB03B05DF804FB0B46042203F829
:1003C000032BB0F80920A1F80320C27A9A70704775
:1003D0000B46142203F8032BD0F80920C1F80320A0
:1003E000D0F80D205A60704738B50B46102203F83C
:1003F000032B0C4600F10902293052F8041B43F884
:10040000041B8242F9D112781A70A5880123A371C6
:1004100000212846F1F720FE90B1E27862B1008811
:10042000F4F7BEF800212846F1F72CFE40B140F267
:1004300042212D20F1F7FEF9BDE8384000F0B6BAB0
:1004400038BD0121F5F72CBFFFF7FBBF90F87A30DC
:100450000BB10120704790F8B22002F0FF03002A90
:10046000F7D190F8A4201846704737B504460D46DA
:100470004FF48C720021FCF70DFDFF232370132332
:10048000638042F21073E384F1F7F4FE0022014628
:1004900020636846F1F71AFF206B00220121FDF767
:1004A000C6FD216B68460422F1F710FF0022206B85
:1004B0001146FDF7BCFD04F12800A57403B0BDE8AA
:1004C000304000F04DB9FF23086B0B70FDF77CBD89
:1004D0000078FF3818BF0120704710B50446283057
:1004E00000F094F961882822BDE81040F6F794B92D
:1004F000D0E902017047C07C003818BF0120704766
:100500000B68C0F815308B88A0F819300123C3762A
:1005100070472DE9F04F06460D4607460FCE91B0C5
:1005200006AC0FC40FCE0FC496E803000DF11008FF
:1005300084E80300404600F013F995F814906E78B3
:1005400095F80AA095F800B0B9F1010F06F07F0602
:1005500007D0B9F1020F04D040F293210620F1F741
:1005600069F9697A404600F002F92B7DAA7E022BD8
:1005700008BF697D02F1010206BF0131C9B2012144
:10058000D2B2404600F0F5F816F0080364D14046B8
:10059000019300F03BF928223146F6F73DF940F28D
:1005A00071212A79019B00F2D620B0FBF1F401FB06
:1005B00004F0EC7844EA02246A7944EA02444C43A9
:1005C000A0420BD9EC79AA7942EA04222C7A42EAB9
:1005D000044201FB02F4A04200D804462A7E0393A1
:1005E000531E5A425A41A97C386B02910192FDF781
:1005F000ACFD386BFDF7B9FD039B019A0299ADF88C
:100600001A6008948DF828208DF82B108DF82CA0F6
:100610008DF818B08DF81C90099306AE0FCE3C46AD
:100620000FC40FCE0FC496E8030084E8030098E8D7
:100630000300B862B985EB7A13F0FD0F14BF0123F4
:10064000002387F85730EB68BB652B8AA7F85C302E
:10065000002011B0BDE8F08F00242346BEE7438898
:1006600013F0040F0CBF1F20002070470023C38528
:1006700043881D2B08BF00214174704790F9120078
:100680007047408800F0010070474088C0F3400088
:1006900070474088C0F3C000704708B5006BFDF795
:1006A0004BFD012008BD012070470120704710B5A7
:1006B0000446F5F79DFF28B120460021BDE8104013
:1006C000F5F7EEBD10BD90F8503001624B72D0F8D6
:1006D0005130C1F80A30B0F85530CB817047002155
:1006E0006830FEF7E1BEF5F715BB80F87010704773
:1006F00080F8241080F825207047C0F34002C0F332
:100700008003134400F0010018447047022808B524
:1007100007D0042807D0012807D039212E20F1F76F
:1007200089F8262008BD2720FCE72520FAE78278F3
:10073000034612F0010002D0D978C9070FD59007FF
:1007400002D5D978890709D512F0040007D0DB78E3
:1007500013F0040F14BF00200420704702207047DC
:100760000023C0F80230012343700370704781708A
:10077000704710B50170427080781446FFF7BDFFD6
:1007800010FB01F104FB01F2FE2A03DD5C212E20A7
:10079000F1F750F810BD0023C37043710371704727
:1007A00010B50446FFF7C3FF637962780133DBB20B
:1007B0009A4263710FD1E378A1780343DBB2994287
:1007C000E37008BF23794FF0000208BF0133627164
:1007D00004BFE2702371BDE81040FFF797BF38B542
:1007E00001468078FFF789FF0446C8784D78FFF707
:1007F00084FF0A790B789B1A13FB05F34A7913FBE4
:1008000004F39B1A00FB1530C0B238BD08B5014691
:100810008078FFF772FF4B780A7813FB02F313FB23
:1008200000F0C0B208BD40F2EF20704740F25A33EA
:100830005843704738B553680E3814460D4693F840
:10084000962009283FD8DFE800F0053E3E3E0F3EE7
:10085000173E3E26042A05D12046FFF7C6FA204659
:10086000F5F78CF8002038BD0F2AFBD12046002177
:10087000BDE83840FFF707BD1D2AF3D12046FFF73A
:10088000B4FA002DEED0626892F8E83023F020032D
:1008900082F8E830E6E793F89720232AE2D1002592
:1008A00083F897502046FFF7B3FA636893F83C311A
:1008B000012B03D129462046F3F734FD636800225B
:1008C00083F83C21CEE74FF413713120F0F7B2FFEB
:1008D00008B5436893F89720162A04D040F2D44113
:1008E0003120F0F7A7FF1A2283F8972008BD08B53A
:1008F000436893F89720312A06D1002283F8972085
:10090000BDE80840FFF784BA162A03D11A2283F8FB
:10091000972008BD40F2E9413120F0F78BFF70B518
:10092000426892F8E83043F00403044682F8E83065
:1009300008460D46FFF71BF906462846FFF713F950
:1009400022463146BDE87040F6F7A8B838B50C46E7
:100950000546D1E90401F1F733FC94F8940220280C
:100960000BD0FBF79FFC94F89402FAF7F7FB20B941
:1009700040F674013120F0F75DFF28460221BDE802
:100980003840F1F77FBB00207047F4F755BDF1F711
:10099000A9BF90F813320022A0F8962080F89A2080
:1009A00013B10221F2F72ABF0321FBE70C2100F566
:1009B0000A70F1F7CFB8F4F7B3BD42680023A2F88C
:1009C000443182F84631A2F8473182F84931704704
:1009D00008B5F7F7BDFBF7F711FAF7F781F8BDE8AF
:1009E0000840F7F709B908B5C821F7F7D7F8022882
:1009F00007D1013911F0FF01F7D1FA213B20F0F7BF
:100A000019FF431E5842584108BD10B50446084618
:100A1000F8F7E0F84FF47A73B0FBF3F0201A10BD4A
:100A200010B504460846F8F7D5F8023C4FF47A733F
:100A300000F2E730B0FBF3F0201A10BDF8F736BA39
:100A4000801A00F3070038B540B20D4659B214467B
:100A5000F8F71CFA0023287020446B7040B238BDB0
:100A6000002303607047002070474FF0FF3070474D
:100A70004FF0FF30704770477047002070474FF0CD
:100A8000FF3070470020704700207047002303703C
:100A900070470022FFF7D4BF002070474FF0FF30AF
:100AA00070474FF0FF3070474FF0FF30704738B558
:100AB000054691F827000C46FAF750FB18B9D321E8
:100AC0006A20FBF725FE0023A38484F82630092141
:100AD000236A2846984718B103780BB1D721EFE76E
:100AE00038BD426808B5034611441A785960012A96
:100AF000A1F1500006D1FBF701FA40B9B7216A20F5
:100B0000FBF706FEFBF7FAF908B9BC21F7E708BDC9
:100B1000F8B504460E4619B9012384F829303CE0A3
:100B20000D78032DF8D8DFE805F03A021215486871
:100B3000C72802D800252846F8BD0421FBF788FA0B
:100B40000028F7D171682046FFF7CBFFF3E7F8F7ED
:100B500019FAF0E790F82470FFB94D682846F8F7C5
:100B6000E5F90028D8D02978D9B9012222702B794B
:100B70002181003B18BF0123E3726B79002B0CBF6E
:100B800002230423A372AB6860336360EB682361C4
:100B9000032384F8263084F82520F8F7F3F902259A
:100BA000C9E794F82630052B04D040F277116A206B
:100BB000FBF7AEFD27702B7994F827002781003BC7
:100BC00018BF0123E3726B79002B0CBF02230423AF
:100BD000A372EB68A96860336360D4E906325B18DE
:100BE00042EBE172C4E90432042384F82630214642
:100BF000FAF7FEFB0028D0D140F27911D7E770B5A3
:100C00000D46044620B940F291116A20FBF780FDA1
:100C100090F82860082900F2F080DFE811F0EB007E
:100C20000900410041007C0086009000A900970067
:100C300090F82630033B012B02D94FF4CE71E4E744
:100C4000052390F8241080F82630002380F82930FE
:100C500011BBFFF746FF2378012B18D194F827002A
:100C6000FAF79AFAC4E90601236A00213046984748
:100C700001462046FFF74CFF022820D0002800F054
:100C8000BF80012840F0BF80236A0421EEE7D4E949
:100C90000423C4E90623E7E7BDE87040F8F772B91A
:100CA00090F82630DA1E012A02D94FF4DD71ACE744
:100CB00090F8242072B101463046FFF7F8FE002D6F
:100CC00040F0A48000F054F9002800F09F8040F22A
:100CD0002E219AE7042B0CBF02230123022980F85E
:100CE0002630036A0CD1052130469847002800F0D1
:100CF0008D800378002B00F0898040F2CF1184E7CB
:100D00000621304698470028D9D00378002BD6D04A
:100D10004FF4EA7179E790F82630052B02D040F2C3
:100D2000DB1172E7036A0221A0E790F82630052B59
:100D300002D040F2E11168E7036A012196E790F8DA
:100D40002630052BA8D040F2E7115EE790F8263058
:100D5000052B02D04FF4F67157E7036A0A2130469B
:100D6000984701462046FFF7D3FE40F2EF114CE7CB
:100D700090F82630052B07D090F825200AB1032BD8
:100D800002D040F2F31140E794F824202AB1214622
:100D90003046BDE87040FFF78ABE94F8293073B141
:100DA000022384F8263084F82920236A082130465B
:100DB000984758B303784BB340F2FF1125E794F8F6
:100DC000252052B194F8270084F825302146FAF7FF
:100DD0000FFBD8B94FF4017117E7022384F82630CE
:100DE0000721236A3046984780B1037873B140F2F7
:100DF0000B210AE74FF4047107E74FF4057104E78C
:100E0000236A032132E740F22521FEE670BD70B56A
:100E1000F8F704F9002405462646E0B2854200D8DA
:100E200070BDF8F701F90134868480F82660F4E794
:100E3000F8B504460D46F8F7F1F800270646F8B273
:100E4000864204D8082D0CD96FF0150008E0F8F799
:100E5000EBF890F826300137002BF0D04FF0FF3040
:100E6000F8BD2CB129462046BDE8F840F8F7EAB8AD
:100E700021462046F8E738B50546F8F7D5F801468B
:100E800088B190F824408CB990F8263073B1013BBA
:100E9000012B04D82846FFF70AFE204638BD01235F
:100EA00080F82430F9E76FF00100F7E76FF02200D7
:100EB000F4E770B50D46F8F7B7F8044600284AD0B5
:100EC00090F82660731E012B4BD8002D46D0284683
:100ED000F8F72CF8002841D02A7802BB01232370B0
:100EE0002B792281003B18BF0123E3726B79002B21
:100EF0000CBF02230423A372AB6860336360EB680A
:100F00002361032394F8270084F826302146FAF75A
:100F10006FFA48BB4FF42B716A20FBF7F9FB022EE6
:100F20001FD1002222702B7922819B1A18BF012326
:100F3000E3726B79934218BF0426A672EB68A96826
:100F400060336360D4E906325B1842EBE172C4E9B6
:100F500004320423D6E76FF0010070BD6FF0150076
:100F6000FBE76FF02200F8E70020F6E7F8F7F8BD9E
:100F700008B50020F8F704FF0068003818BF01200A
:100F800008BD08B500F0AFF828B14FF08043022249
:100F9000C3F8342C08BD00F088F80028F5D100F023
:100FA00099F80028F1D1F5E74FF0804301221A604B
:100FB00070474FF08043D3F8080400F001007047F9
:100FC0004FF08043D3F8140400F0010070474FF055
:100FD0008043D3F81C0400F0030070474FF08041B9
:100FE0000246D1F81804D1F8181410F4803004D057
:100FF00001F00300831A58425841704707B568460C
:10100000F8F7A6FCDDE900024FF080730021E2FB57
:10101000030103B05DF804FB08B5F8F783FCBDE8F5
:101020000840F8F769BC0346002018707047EFF3DA
:10103000108272B603780121DBB2017002B962B688
:10104000012B0CBF6FF0220000207047EFF31083DC
:1010500072B60022027003B962B600207047FBF737
:1010600053BD4FF08053D3F83001A0F10F03584225
:10107000584170474FF08053D3F83001A0F10A0374
:101080005842584170474FF08053D3F83001A0F1D7
:101090000E035842584170474FF08053D3F8300147
:1010A000A0F110035842584170474FF08053D3F8D5
:1010B0003001062803D0431C584258417047012094
:1010C00070474FF08053D3F83001A0F10D03584220
:1010D000584170474FF08053D3F83001A0F1080316
:1010E00058425841704708B5FFF7C4FF30B14FF080
:1010F0008053D3F83401B0FA80F0400908BD08B538
:10110000FFF7D3FF48B14FF08053D3F834010638CE
:1011100010F1080F94BF0020012008BD08B5FFF7AB
:10112000C4FF48B14FF08053D3F83401063810F1B2
:10113000080F8CBF0020012008BDFBF727BDFBF77F
:1011400025BD00280CBF6FF015000020704700205F
:10115000704707230370002070470020704700206D
:10116000704710F8012B11F8013B012A28BF9A4261
:10117000F7D0D01A7047034611F8012B03F8012B62
:10118000002AF9D17047034613F8012B002AFBD13E
:10119000181A013870470000F0B5424D83B0D5F8F9
:1011A0006431996811F0010100AF21D13A1D40F678
:1011B00003400DF0A5FB044600286FD17868C36892
:1011C0001B789BB9BFF35B8FD5F8D430BFF35B8F2F
:1011D00005F1D40203F00903BFF35B8F52E8001F4F
:1011E00042E80034002CF9D1BFF35B8F14F06AFEA3
:1011F0003A1D002141F203000DF082FB0446002855
:101200004CD17B68284EDA68D2F80100D2F805107C
:1012100003C6184614F056FE21463A1D41F201005D
:101220000DF06EFB0446002838D17868C3685A7800
:1012300085F870205A88A5F872201A7985F87120EF
:10124000B3F80720A5F87420B3F80530A5F8763078
:1012500014F038FE21463A1D41F202000DF050FB19
:101260000446D8B9D7F804C0DCF80C20531C41322E
:1012700018685968344603C4083393422646F7D1A8
:10128000604614F01FFE95F87C305A0612D4074AC7
:101290000748012125F0A9F86FF0120420460C3709
:1012A000BD46F0BD58030020D003002057160400AF
:1012B000B0AC03003A1D002142F203000DF020FB08
:1012C00004460028EAD17B68A54EDA68D2F801000E
:1012D000D2F8051003C6184614F0F4FD21463A1D55
:1012E00042F202000DF00CFB04460028D6D17C68C7
:1012F000E368B3F8012091B249B1D97839B1A5F8C2
:101300000421DA78114606F1280028F020FD204655
:1013100014F0D8FD95F87C601F2316F02006A5F880
:10132000203118D1022140F66D400DF0ADFA04468F
:10133000002800F0C98002210C3027F0ACF801230E
:10134000037046702146324640F66D400DF0D8FAE3
:1013500004460028A2D195F89C301B0712D53A1DEF
:10136000002142F21C000DF0CBFA0446002895D172
:101370007868C368D3F80120D3F80530C5E938236D
:1013800014F0A0FD95F8D8309E0621D5B91C38463A
:101390000DF030FB0446002880D1042142F22400E5
:1013A0000DF072FA0646002800F08E8004210C3001
:1013B00027F071F83B8803807B88438022463146C2
:1013C00042F224000DF09CFA044600287FF466AF38
:1013D00095F8D8305C0610D53A1D002142F22A005B
:1013E0000DF08EFA044600287FF458AF7868C36881
:1013F0005B7885F8223114F065FD082142F2010086
:101400000DF042FA044600285ED008210C3027F087
:1014100042F895F8D81011F0400F024640F202232E
:1014200008BF032388074CBF43F02C0043F00C0097
:101430008B0695F8D93048BF40F0400013F0090FF3
:1014400095F8A23018BF40F4006003F00603CE0701
:1014500048BF40F01000062B08BF40F4C0700021C8
:1014600024F0F1FF2146002242F201000DF048FA7B
:10147000044600287FF412AF95F87C30B5F80411CB
:10148000980624D4C9B93A1D41F205000DF038FA86
:10149000044600287FF402AFB5F804317C684BB9EC
:1014A000E368B3F80120A5F804219A882D48114675
:1014B00028F04DFC204614F005FD082140F60140BF
:1014C0000DF0E2F9044660B96FF06804E6E6002921
:1014D000F3D1254A2548012124F087FF6FF0040449
:1014E000DCE608210C3026F0D6FF95F8D830D90775
:1014F00002462AD41E484FF0005124F0A4FF214692
:10150000002240F601400DF0FBF9044600287FF46C
:10151000C5AE01463A1D4FF601400DF0F1F958B342
:10152000144A1248022124F060FF25F04FF90446C6
:1015300000287FF4B3AE10F0CFF8044600287FF403
:10154000ADAE0EF02DF80446A8E603A1D1E90001E6
:10155000D3E700BFAFF30080908800020080002036
:1015600030040020600400207B160400B0AC0300AF
:10157000108800029E1604007B68DC68B4F8013015
:10158000032B96BF434A444952F823106D468AB054
:101590006A464248D3614FF400731384404BC2E95A
:1015A000050142F8103F3F484FF4135124F02EFF3D
:1015B000B4F80120B4F80330022AAD4648D1052B17
:1015C00046D8394A52F823106D468AB06A463748E1
:1015D000D3614FF400731384314BC2E9050142F823
:1015E000103F4FF413512F4824F010FF6379A67970
:1015F000D4F80900032BAD4698BF2D4AB4F8075024
:1016000094BF52F8231024496C468CB06A46DFF828
:10161000A4C0C2E907364FF400739385264BC2E994
:1016200005C1C2E909504FF4735142F8103F1D48FB
:1016300024F0ECFEA546786814F044FC3A1D002125
:101640004FF602400DF05CF9044618B11B4A68E7FA
:101650001149B9E778681A4DC368B3F80130A5F8A5
:10166000C13014F02FFC95F8C1305B077FF55DAFFA
:101670003A1D21464FF603400DF042F908B1114AD8
:101680004FE77868C3685B7885F8C03014F01AFCBF
:101690004BE700BFC4CC0300F7140400C2160400DB
:1016A00004000001B0AC0300ACCC0300DB16040066
:1016B0009CCC0300F316040007000001201704006F
:1016C00058030020491704002DE9FF47B04F21F0CF
:1016D0000042BA4204460D464FEAD17632D9AD4FA8
:1016E000BA4216D894A3D3E90023EFF7ABFC074620
:1016F00010BB93A3D3E9002320462946EFF784FCCF
:10170000002800F09E80384604B0BDE8F04729F07C
:1017100079B8C1F313030343024605D00B46EEF735
:10172000F5FC04460D4602E0002E40F0FF80204606
:10173000294604B0BDE8F087002004B0BDE8F047BA
:101740001EF0E6BC944B9A4240F2A780934B9A421B
:1017500077D8934B03EBC603D3E90023EEF7D4FC11
:10176000904BF4002344D3E90034CDE90034C6F1B2
:10177000010A80468946AAEB060ADDE900234046B5
:101780004946EEF7C1FC04460D4622462B4620464C
:101790002946EEF771FE6CA3D3E9002306460F46F7
:1017A000EEF76AFE6AA3D3E90023EEF7ADFC3246FA
:1017B0003B46EEF761FE68A3D3E90023EEF7A6FCF3
:1017C00032463B46EEF758FE65A3D3E90023EEF719
:1017D0009BFC32463B46EEF74FFE63A3D3E9002362
:1017E000EEF794FC32463B46EEF746FE02460B46C9
:1017F00020462946EEF788FC02460B4606460F4671
:1018000020462946EEF738FECDE90201BAF1000F75
:101810005AD100224FF0804330463946EEF774FC2F
:1018200002460B46DDE90201EEF750FF22462B4649
:10183000EEF76AFC02460B4600205B49EEF764FCBB
:101840006FE75A4B204603EBC606294648A3D3E967
:101850000023EEF711FED6E90023EEF757FCEFF771
:101860001DF88246EEF79EFD43A3D3E9002306460A
:101870000F46EEF701FE02460B4620462946EEF7DC
:1018800043FC3FA3D3E900238046894630463946CE
:10189000EEF7F2FDCDE900016FE7454B9A420ED815
:1018A00039A3D3E90023EEF731FC3F4B0022EFF7D9
:1018B000C9FB38B13C4B0022204629462FE74FF0A8
:1018C000000A62E7824660E732463B4600204FF05E
:1018D0008041EEF719FC02460B46DDE90201EEF706
:1018E000F5FE02460B46DDE90001EEF70DFC42462F
:1018F0004B46EEF709FC0B4602462B490020EEF75B
:1019000003FC0B466FF47F718A45064603DB3446C1
:1019100003EB0A550BE70AF57A7A03EB0A513046D6
:1019200000224FF0B873EEF7A7FDFAE60024002579
:10193000FDE600BFAFF30080EF39FAFE422E86408D
:1019400051302DD5104987C0D0A4BE726937663E8C
:10195000F16BD2C541BDBB3E2CDE25AF6A56113FAF
:1019600093BDBE166CC1663F3E5555555555C53F96
:10197000FE822B654715F73F0000E0FE422EE63F52
:10198000763C7935EF39EA3D9C7500883CE4377E3A
:10199000412E8640FFFFEF7F422ED63FB1A2F03F9F
:1019A00058B1030048B103000000F03F68B10300E4
:1019B000FFFFEF3D000000002DE9F04FB1F5801F63
:1019C00087B0074688460D4625DA21F000430343D9
:1019D00005D1012007B0BDE8F04F1EF0A5BB0029DE
:1019E00004DA07B0BDE8F04F1EF0AABBC64B0022D8
:1019F000EEF742FD88460D4607466FF03501C348B5
:101A000085420ADD3A46434638464146EEF77EFBBC
:101A100007B0BDE8F08F0021F1E72C15A4F2FF34E8
:101A2000C5F313050C4405F5152101F6647101F4A5
:101A3000801686F07F5181F4401141EA0503194672
:101A40000022B34B3846EEF75FFBAB1CC3F3130326
:101A5000022B04EB165482468B464FF0000253DCF7
:101A60000023EFF7C7FAD0B1002C00F02081204608
:101A7000EEF798FC90A3D3E9002306460F46EEF755
:101A8000FBFC8FA3D3E9002304460D4630463946BC
:101A9000EEF7F2FC02460B4620462946B6E78AA33B
:101AA000D3E9002350465946EEF7E6FC02460B46C2
:101AB00000209849EEF728FB524606460F465B4643
:101AC00050465946EEF7D8FC02460B46304639469A
:101AD000EEF7D2FC06460F4614B932463B46A0E06C
:101AE0002046EEF75FFC74A3D3E9002380468946C5
:101AF000EEF7C2FC72A3D3E9002304460D4640462C
:101B00004946EEF7B9FCA5E04FF08043EEF7FEFA48
:101B100002460B4650465946EEF7D8FDCDE9000186
:101B20002046EEF73FFCDDE90023CDE90201104637
:101B30001946EEF7A1FC02460B46CDE90423EEF769
:101B40009BFC63A3D3E9002380468946EEF794FC0F
:101B500061A3D3E90023EEF7D9FA42464B46EEF7EC
:101B60008BFC5FA3D3E90023EEF7D0FA42464B4645
:101B7000EEF782FC5CA3D3E90023EEF7C7FADDE9B8
:101B80000423EEF779FC5AA3D3E90023CDE904013D
:101B900040464946EEF770FC57A3D3E90023EEF721
:101BA000B5FA42464B46EEF767FC55A3D3E900234E
:101BB000EEF7ACFA42464B46EEF75EFCA5F5C226C0
:101BC00002460B46C5F5D725DDE90401EEF79EFA7E
:101BD000A6F27A4651353543002D8046894648DDC8
:101BE0004C4B002250465946EEF746FC52465B46A7
:101BF000EEF742FC02460B4606460F464046494673
:101C0000EEF784FADDE90023EEF736FC80468946DC
:101C100064B902460B4630463946EEF775FA02467D
:101C20000B4650465946EEF76FFAF1E622A3D3E988
:101C30000023DDE90201EEF71FFC21A3D3E9002315
:101C400004460D46DDE90201EEF716FC42464B461E
:101C5000EEF75CFA02460B4630463946EEF754FA88
:101C600052465B46EEF750FA02460B46204629469E
:101C7000D9E702460B4650465946EEF745FADDE9EC
:101C80000023EEF7F9FB06460F46002C3FF425AF84
:101C900009A3D3E90023DDE90201EEF7EDFB08A378
:101CA000D3E9002304460D46DDE9020129E70020BF
:101CB0000021ADE6AFF300800000E0FE422EE63FDB
:101CC000763C7935EF39EA3D555555555555D53F53
:101CD00044523EDF12F1C23FDE03CB966446C73F5B
:101CE000599322942449D23F935555555555E53F74
:101CF0009FC678D0099AC33FAF788E1DC571CC3F7F
:101D000004FA97999999D93F00005043FFFFEF7F5C
:101D10000000F03F0000E03F024A0348022123F0A8
:101D200030BE00BFD2F6030058AD030010B5044624
:101D300000F0EAFCD8B120464FF4C86101F068FC1D
:101D400010F11C0F044603D1BDE81040FFF7E4BFBB
:101D500068B110F18C0F0AD0054A034601210548ED
:101D600023F018FE2046BDE810401EF0B5BA10BDA5
:101D7000FFF6030058AD0300024A0348022123F096
:101D800000BE00BF1CF7030058AD030038B5044681
:101D90000D4600F0B9FCD0B1204629461EF0A3FA4A
:101DA00010F11C0F044603D1BDE83840FFF7E4BF33
:101DB00068B110F18C0F0AD0054A0346012105488D
:101DC00023F0E8FD2046BDE838401EF085BA38BD56
:101DD00043F7030058AD030010B500F0A5FF04461B
:101DE00038B1344A03463448012123F0D3FD20465C
:101DF00010BD01F031FB044610B1304A0346F2E752
:101E000001201EF0F6FA0446A0B996201EF0E9F96A
:101E100020461EF0EEFA044660B901201EF0E3FAF7
:101E2000044638B996201EF0DCF920461EF0DBFA95
:101E3000044610B1224A2346D5E7224801F0AAFB06
:101E4000214801F0ADFB01F0E7FC044640B11F4A18
:101E500003461948012123F09DFD1EF0D2F9C6E783
:101E60001B4801F0D7FA184801F0DAFA01F016F928
:101E7000044610B1174A0346EBE700F093FD044611
:101E800010B1154A0346E4E700F0F4FF034620B121
:101E9000124A0948022123F07DFD114A0648032118
:101EA00023F06FFD01F022F800214FF400401AF0FA
:101EB0007BFAF7E764F7030058AD030087F70300E8
:101EC000ABF703008D1D0100DF010300D4F7030011
:101ED0002D1D0100F3F7030017F8030035F8030088
:101EE00066F80300EFF31183402282F31288BFF3F8
:101EF0006F8F20B1044A1268121A5042504183F386
:101F00001188BFF36F8F7047F438002008B5EFF3E6
:101F10001182402383F31288BFF36F8F68B10A4B9D
:101F20001B6883420ED10949096899420AD10848C1
:101F30001EF07AF9003818BF012082F31188BFF330
:101F40006F8F08BD0020F8E7F4380020D838002053
:101F5000DC38002010B5EFF31184402383F312889E
:101F6000BFF36F8F044B186808B124F076FD84F33B
:101F70001188BFF36F8F10BDF438002010B50446F0
:101F8000FFF7C4FF30B1054B196801222831204604
:101F900025F01DFE00F0010010BD00BF1805002057
:101FA00070B505460C46EFF31186402383F3128883
:101FB000BFF36F8F10B90C481EF075F929460B4816
:101FC0001EF03AF90A481EF061F986F31188BFF352
:101FD0006F8F1CB1074821461EF02EF90648BDE858
:101FE000704019F011BC00BFF0380020E438002028
:101FF000E0380020E8380020200B002070B50B46A8
:102000001C4A054603211C481EF022F9EFF31186F5
:10201000402383F31288BFF36F8F184B1C68AC42C8
:1020200004D086F31188BFF36F8F70BD00251D604B
:10203000134B14481D601EF036F986F31188BFF368
:102040006F8F002CF1D010481EF020F92946284649
:10205000FFF7A6FF0D4827F094FF20460EF008FE7C
:102060000B481EF020F9BDE870400A48002200230A
:1020700019F054BE90F80300B0AD0300F43800200E
:10208000D8380020DC380020AC380020C8020020FE
:10209000D0380020F802002010B5EFF3118440235F
:1020A00083F31288BFF36F8F054B064800221A6036
:1020B0001EF0F9F884F31188BFF36F8F10BD00BFD5
:1020C000D8380020DC380020012A70B505461446B7
:1020D00038D807D0FFF7E0FF00210020FFF760FFAE
:1020E000022070BDEFF31186402383F31288BFF303
:1020F0006F8FD0B1154B1B6898421AD11146144A04
:10210000144813601EF098F886F31188BFF36F8FA0
:102110009CB1114B196801222831284625F057FD42
:102120000028DDD000210120D8E7034604460146FF
:10213000E5E7002421462346E1E7FFF7ADFF6FF016
:102140000C01CAE76FF01200CBE700BFF4380020A3
:10215000D8380020DC3800201805002073B5474B24
:102160001B78002B00F08780FFF7F4FE0446002860
:1021700000F0818042481EF057F805460DF1060038
:102180001EF043F9034600284CD1BDF806100DF1AE
:10219000050001F041FC0346002843D139484FF0C7
:1021A000FF324FF0FF3319F049FA35481EF03CF882
:1021B000A84213D0334819F0B9FA31481EF034F868
:1021C000854255D12046FFF78DFE002850D04FF4B0
:1021D000F02200232C4819F0A1FD49E02046FFF72A
:1021E00081FE0028E6D09DF8051028481EF015F95C
:1021F0000646244819F09AFA21481EF015F8A8421C
:10220000DBD12046FFF76EFE0028D6D030460AF01C
:102210003DFA03460028D0D01D4A1E4801211EF079
:1022200017F8CAE71C4A1B4801211EF011F84FF0AD
:10223000FF324FF0FF33134819F000FA13481EF035
:10224000E8F8104819F072FA0D481DF0EDFF8542CC
:102250000ED12046FFF746FE50B11321204624F050
:1022600043FC034620B10D4A0A4801211DF0F0FF4E
:1022700020460EF0FDFC02B070BD00BFA487002018
:10228000AC380020580A0020C8020020346D00201D
:10229000ABF80300B0AD0300CBF80300EAF803008D
:1022A00030B5244889B01DF0BFFF10B3FFF752FED0
:1022B00020B109B0BDE830400EF0DABC1E4D0FCDA4
:1022C00003AC0FC42B68236001251C4B1C490095EF
:1022D000032203A80DF0D6FF04461A4814B114F1E6
:1022E000780F08D11DF0DFFF174A1848032123F0AB
:1022F00048FB09B030BD1DF0C9FF431C072B0CD8AB
:10230000134A12480094022123F04EFB40F6CD42BE
:102310000023104819F002FDEBE70F4A0B48009428
:10232000294623F041FB07481DF0BDFF4FF4203242
:10233000EEE700BFD4380020A0AE030078B1030060
:1023400080B10300D03800200EF90300B0AD0300C7
:102350002FF90300F802002059F90300012910B5F4
:102360000C4603D1BDE810401DF0A0BFFFF794FE5E
:1023700000210846FFF714FE34B9074A0748BDE8B4
:102380001040032123F0FDBA2346054A0348BDE867
:10239000104001211DF05CBF8DF90300B0AD0300BA
:1023A000AAF9030070B58AB0044624F056FBEFF397
:1023B0001186402383F31288BFF36F8F244B1D686F
:1023C0001860244B244800221A601DF06CFF86F32D
:1023D0001188BFF36F8F15B128460EF049FC1F48D6
:1023E00027F0CFFD1E481DF05EFF00210846FFF7D5
:1023F000D7FD1C481DF04AFF1B4B1B788BB14FF0DB
:10240000FF324FF0FF33194819F018F918481EF041
:1024100000F8164819F08AF916480022002319F02E
:102420007DFC28220021684628F04FF969462046A5
:102430000EF094FF034620B10F4A104802211DF010
:1024400007FF0F4A0D48032123F09BFA0AB070BD25
:10245000F4380020D8380020DC380020F8020020B2
:10246000D0380020AC380020A4870020580A002073
:10247000346D0020C8020020CAF90300B0AD03008B
:10248000F1F903000B4621B1034A044801211DF074
:10249000DFBEFFF787BF00BF2EFA0300B0AD030019
:1024A00010B512481DF0FFFE01F080F8EFF3118423
:1024B000402383F31288BFF36F8F0D4B0D4800212B
:1024C0004FF42152C3E90211C3E9051159601961A2
:1024D00028F0FBF808481DF0D9FE84F31188BFF3FB
:1024E0006F8F0648BDE8104019F08EB9F038002013
:1024F000B0380020A5870020EC380020980B002081
:1025000010B507481DF0CFFE00F0F4FE0446FFF7BB
:10251000C7FF1CB9BDE8104000F0E6BF204610BD63
:10252000F03800202DE9F047DFF82C81DFF82C91FE
:10253000DFF82CA14FF0FF334FF0FF32404619F087
:1025400089F9002148461DF077FE034620B1454831
:10255000524601211DF07CFEEFF31182402787F3E4
:102560001288BFF36F8F40481DF05EFE03463F4860
:102570001DF05AFE064682F31188BFF36F8F53B9E0
:10258000FFF7BEFF03460028D4D0394A3548012161
:102590001DF05EFECEE7FFF7DDFC0546FFF7EEFC23
:1025A00048B915B128460EF063FB6FF00C0100200E
:1025B000FFF7F6FCBEE7FFF7A3FF044658B900F0AB
:1025C000C1FF044638B92846FFF7D8FC40B900F0EF
:1025D0008BFF6FF00C0428460EF04AFB2146E6E71D
:1025E00000F0AAFD044620B100F07EFFFFF758FF7F
:1025F000F1E7EFF3118487F31288BFF36F8F1A4866
:102600001DF012FE20B119481DF00EFEB0420DD093
:1026100084F31188BFF36F8F28460EF029FBFFF774
:102620006FFF0346002885D0124AAFE72846FFF720
:10263000A5FC0028ECD001210F481DF0FDFD84F31E
:102640001188BFF36F8F28460EF012FB0B4A054826
:10265000032123F096F96DE7200B0020E8380020D5
:102660004EFA0300B0AD0300E4380020E03800204B
:1026700069FA0300A8FA0300F038002088FA030082
:1026800030B50C46D3B0054630B34B1EB3F5A07F32
:1026900022D200214FF49F7202A8019128F015F870
:1026A000224629460DF10600ADF8044027F0E5FF6B
:1026B000EFF31184402383F31288BFF36F8F104828
:1026C000436842699A1AC3699B1AB3F5A17F06D27F
:1026D00084F31188BFF36F8F002053B030BD4FF4E7
:1026E000A17201A922F00EFE84F31188BFF36F8F4F
:1026F000B0F5A17FF0D1034819F086F80120ECE78E
:10270000B0380020980B002008B503481DF08CFD60
:10271000003818BF012008BDF03800202DE9F04F27
:10272000ADF52F7D4FF4AA72002159A827F0CDFFF7
:102730009348DFF850921DF077FDAD904FF0FF33D6
:1027400091484FF0FF3219F085F88D481DF06CFD6F
:10275000AD9B83420CD00021AD904FF4A0725BA8DA
:102760008DF864115A91AB918DF8B21227F0ADFF3C
:10277000FFF7CAFF0028E1D081481DF055FDAD9B51
:10278000834229D00021AD904FF4A0725BA88DF850
:1027900064115A91AB918DF8B21227F096FFEFF3C6
:1027A0001184402383F31288BFF36F8F4FF4A1721B
:1027B00008A9764822F0FAFD034684F31188BFF396
:1027C0006F8F0028BAD0B0F5A17F19D0704A714838
:1027D00001211DF03DFDB1E79DF86431002BDED0F5
:1027E000FFF7B8FB05460028A8D0FFF7C7FBD8B90C
:1027F00028460EF03DFA6FF00C001DF06DFD9DE7D0
:10280000BDF82040631EB3F5A07F02D3624A234681
:10281000DDE722460DF122015BA827F02EFF012300
:102820005A948DF86431DBE72846FFF7A7FB28BBF5
:1028300028460EF01DFA6FF00C0420461DF064FDD2
:10284000002800F09A802346544A524802211DF085
:10285000FFFCBDF8B032002101334FF4A0725BA839
:102860008DF864115A91AB918DF8B212ADF8B03277
:1028700027F02BFF4A481DF009FD79E7284625F08F
:102880006AF92D2805D828460EF0F2F96FF0790480
:10289000D3E75A992829F6D1ABAF01AB3A461DF0E0
:1028A0003EFD044618B128460EF0E2F9C5E70DF1E9
:1028B000200BBDF8B032019CAB99ABF800309DF80D
:1028C000B2328BF802305BAB224619440DF1230083
:1028D00027F0D3FE03344FF0080AA4B20DEB0A062A
:1028E000FFF712FF20B32846FFF748FB002841D02E
:1028F000D9F8003018220021304603F1280827F0CB
:10290000E4FE31462846C6E9018BB48111F08EFB06
:10291000024678B100F10C03012B0BD80AF1FF3A03
:102920001AF0FF0A06D00021212019F03DFDD7E75B
:102930006FF08B020199334638461DF008FD0446BE
:102940000028B0D196E8030087E803005A9BAB9AB1
:102950009A420BD14FF4A07221465BA88DF86441D6
:102960005A94AB948DF8B24227F0AFFE28460EF091
:102970007FF9FDE66FF00C02DCE720463DE700BF83
:10298000EC38002018050020980B0020B0380020FB
:10299000D2FA0300B0AD0300FCFA030029FB0300E8
:1029A000A8380020F0B54C4B4FF421520024DA61D6
:1029B0004A4A1A60C3E90244C3E905448FB05C6027
:1029C0001C61002600270623CDE90243CDE90667F6
:1029D000CDE90044424B434904944FF4006242481D
:1029E00019F028FA0723CDE902434049404B0494EB
:1029F0004FF48052CDE90044CDE906673D4819F017
:102A000019FA3D480EF010FC3C4810F09FFF0446B8
:102A100040B13B4A03463B4801211DF019FC2046CA
:102A20000FB0F0BD0CF0E0FD044610B1364A03468D
:102A3000F1E723F07DF8044610B1344A0346EAE793
:102A4000334D28701DF0DFFC0446B0B91DF0DFFCEB
:102A5000044690B909A81DF0D8FC044668B9BDF831
:102A600024100DF1230000F0D7FF044628B99DF88B
:102A7000230009F00BFE044610B1264A2346CAE79C
:102A800001262E70244D254831461DF0D5FB0FCD73
:102A900009AC0FC42B6823602149224B0096032206
:102AA00009A80DF0EFFB044678B103461E4A15480D
:102AB00031461DF0CDFB1D481DF0F5FB40F6CD4223
:102AC00000231B4819F02AF9A9E71A4A0D480321E7
:102AD00022F057FFA3E700BFB0380020A5870020F1
:102AE00025250100804C0120E81B0020403C0120EE
:102AF0001D270100301B0020F004002018050020D5
:102B00004CFB0300B0AD030072FB030096FB030017
:102B1000A4870020B4FB0300A0AE0300D43800203B
:102B200080B1030078B10300DEFB0300D038002041
:102B3000F802002011FC030073B5134605460E464B
:102B400014460A4601460A4825F010FF68B90848AD
:102B50000DF107033246294625F001FF28B99DF8FB
:102B60000730A34218BF6FF0040002B070BD00BF71
:102B700010AA0300024801230522032125F0F6BE16
:102B800010AA030010B5044627F03EFAF0B91CB1B4
:102B90001049114827F0B4F94FF0FF330F484FF0B8
:102BA000FF3218F04BFD0E4B1B7863B1012384EA12
:102BB00003020C48082125F0D9FE0446074818F006
:102BC000B5FD204610BD6FF01204F7E76FF00A0460
:102BD000F7E700BFF838002020390020A80A0020BD
:102BE000E5AF002010AA030010B50020FFF7CAFFD0
:102BF000034630B1034A0448BDE81040012122F0E9
:102C0000C9BE10BD4DFC030018AD0300014818F00B
:102C1000E3BF00BF20390020F7B5054600283BD0B0
:102C20004FF0FF324FF0FF331E4818F007FD1E4EE5
:102C3000B7683B21FB6830469847044628B11948DD
:102C400018F074FD204603B0F0BD0021A42019F057
:102C5000ABFB3B21FB683046984704460028EED189
:102C600029213B696A463046984704460D4818F0CA
:102C70005DFD002CE6D10098019B4FF47A7193FB27
:102C8000F1F3DA17C0FB013241F27D518B4272F150
:102C9000000204D22B80D5E76FF01504D2E76FF065
:102CA0002104CFE7A80A002074AA030070B50446E7
:102CB0008AB078B3194D284626F0BAFE50B31848AA
:102CC00026F0B6FE30B39F220023CDE90023042373
:102CD0000DEB0302CDE90423039302AB069304AA90
:102CE0000123CDE90823CDF808D00793AB680D493F
:102CF0001E6806AA08AB2846B04708B10AB070BDE6
:102D00009DF806209DF807302270C22A637001D119
:102D1000372BF3D06FF01200F0E700BFFCA90300DF
:102D200070A903009CB10300F0B587B0444826F0B9
:102D30007FFE20B96FF01204204607B0F0BD414875
:102D400026F076FE0028F5D0FFF714FF0446002891
:102D5000F2D101233A481A46082125F007FE04461D
:102D60000028E9D1364801230322082125F0FEFD81
:102D700004460028E0D1082102460846FFF7DCFEA1
:102D800004460028D8D1304A304BCDE9042304AEA4
:102D9000102536F8027B2946C7F387020320FFF788
:102DA000CBFE04460028C7D1691C07F00302C9B254
:102DB0000320FFF7C1FE04460028BDD10235EDB265
:102DC000182DE6D122484FF4202217211DF0DEFAFB
:102DD00004460028B0D101464FF420221D481DF0C2
:102DE000D5FA04460028A7D119484FF4C02208217B
:102DF0001DF0CCFA044600289ED11749174827F049
:102E000029F8174B012203A81A70FFF74FFF03465A
:102E100050B1144A1448022122F0BCFD134A124852
:102E2000032122F0AEFD87E79DF80C309DF80D20C0
:102E30000D48009203210E4A22F0B6FDEEE700BFD6
:102E400010AA030074AA0300C50295027701770156
:102E500070A903005CA90300E92B010020390020C0
:102E6000E5AF00206DFC030018AD0300B4FC0300C7
:102E700091FC030070B586B0164D284626F0D8FDAB
:102E800020B3154BAE680FCB02AC84E80F0021468F
:102E9000B36828469847041E06DB0221336828469B
:102EA0009847064618B13446204606B070BD0B4B15
:102EB0001D600B4B1C604FF47A730093094A0A485B
:102EC00047F23053032122F06FFDECE76FF012045C
:102ED000EAE700BFC0A90300B4AE03003039002008
:102EE000C4050020FBFC0300B8AD0300054B1868C7
:102EF00030B1054B1968002902DB8368DB6818478D
:102F0000704700BF30390020C405002010B50446CA
:102F10001148124A1DF046FABFF35B8F03460021A9
:102F200052E8000F012804D142E8001CBCF1000F58
:102F3000F6D1BFF35B8F0DD107481DF033FA9842ED
:102F400008D1FFF763FE064B1B681BB12046BDE8A6
:102F50001040184710BD00BF4839002054390020E8
:102F60005C39002010B5054C23782BB1044B186850
:102F700022F028F90023237010BD00BFE6AF002027
:102F800044390020014818F0D1BB00BF800A00205E
:102F900010B5037A044653B12448254A012122F092
:102FA000F9FC6FF00400BDE81040FFF7AFBF0378F5
:102FB000E3B120481DF0F6F9C0B11F481DF0F8F943
:102FC0001E4B10F0010F4FF4C8611D4808BF184692
:102FD00017F030F81B4A9042034607D013481A4AAC
:102FE000012122F0D7FC6FF06800DCE76368DBB1F9
:102FF00010481DF0D7F9B8B1144B1A68A2B1BFF34D
:103000005B8F134A002152E8000F012804D142E8E7
:10301000001CBCF1000FF6D1BFF35B8F04D06068D9
:103020001B68BDE81040184710BD00BF60AD03002D
:1030300037FD03005439002068390020B87900209A
:10304000386D00200000AD0B49FD03006039002001
:103050006439002008B503460C481DF0A3F978B187
:103060000B4BD3F80035012B0FD00A481DF0B8F9EF
:1030700006481DF0B5F90848BDE8084018F0C4BB83
:103080001846BDE80840FFF783BF08BD4C39002053
:1030900000D0014050390020680B002030B51F4897
:1030A00087B01DF07FF9044690BB13F035F81C4B38
:1030B000186078B310230125CDE900530F224FF09B
:1030C0002063CDE90223174B224605211D20CDE9BF
:1030D00004340AF073FA1449684616F06BFF134A79
:1030E0009042034609D0124A1248294622F052FC67
:1030F0006FF00404204607B030BD2046FFF742FDC4
:1031000004460028F6D1054829461DF05EF9F1E78E
:103110000024EFE76FF01204ECE700BF58390020FD
:103120004439002040400501553001000000AD0B3E
:1031300065FD030060AD03002DE9F0475D484FF0E9
:10314000FF324FF0FF3318F079FA5B481DF02AF98F
:1031500030B9FFF717FF6FF00C042046BDE8F08789
:1031600056481DF01FF918B1FFF70CFF0024F4E7D3
:1031700053481DF017F920B1FFF704FF6FF00F045B
:10318000EBE750481DF00EF904460028F4D14E48F4
:103190004E4E1DF00DF94E4821461DF016F94D48D2
:1031A00001211DF012F94FF4486221464A4827F0E8
:1031B0008CFA4A484FF44862214627F086FA337861
:1031C000002B48D1464D474F6B60EB6038680123B8
:1031D0002946AB6021F09FFF041E2FDB27F076F815
:1031E0004FF47A79A0FB090809FB0188C30B43EA75
:1031F000484313F1FA044FEAD83848F10008CA46A8
:10320000AB689B0722D027F061F8A0FB0A0309FBFB
:103210000131C30B43EA41439C424FEAD13178EB81
:1032200001010EDA3C682E49204621F0EFFF78308C
:1032300002D1204621F0C6FF6FF07304FFF7A2FE13
:103240008BE70021212019F0AFF8D9E7EC68002CBA
:10325000F4DB012333700120FFF794FC044610B126
:10326000FFF780FEEAE7012115481DF0AEF813488C
:103270001DF0ABF816F0C2FE1B4B984204463FF41B
:1032800073AF0E481DF0ACF80D481DF0A9F80E48BC
:103290001DF08EF8FFF7BAFCFFF764FE134A1448DE
:1032A0002346012122F076FB6FF00404FFF76AFE4B
:1032B00053E700BF800A002058390020543900200D
:1032C000503900204C39002048390020E6AF00205A
:1032D0006839002064390020B8790020386D00205A
:1032E00034390020443900200000AD0B83FD030079
:1032F00060AD030038B54FF0FF324FF0FF33374871
:1033000018F09CF936481DF06BF836481DF050F85F
:1033100033481DF065F80020FFF734FC04463248BE
:103320001DF040F860B94FF4486200212F4827F0A3
:10333000CCF94FF4486200212D4827F0C6F913E07C
:103340002C481DF02FF8C8B12B484FF40052002331
:1033500018F080FA0028E6D0284A034628480121C0
:1033600022F018FB6FF073041F481DF01BF808B91A
:10337000FFF7F8FDFFF706FE204638BD1E4818F09F
:103380008FFA1C4801211DF020F816F09BFE1D4B02
:10339000984205460BD017481DF022F81A4A1848E3
:1033A0002B46012122F0F6FA6FF00404DCE7174BFC
:1033B000D3F80055012D0AD100230F484FF40052D5
:1033C00018F048FA03460028ADD0114AC6E706486F
:1033D0001DF006F807481DF003F8A4E7800A002056
:1033E000543900204839002050390020B879002095
:1033F000386D00204C390020680B002098FD030038
:1034000060AD03000000AD0BBEFD030000D0014025
:10341000D2FD0300014B1860704700BF60390020E7
:10342000014B1860704700BF5C390020014602481C
:1034300083685B68184700BF60AA03000146024822
:1034400082681268104700BF60AA0300014818F0A4
:103450006DB900BF6C0A002008B5084826F0E8FAEC
:1034600040B10020FFF7E2FF30B9BDE8084001207D
:10347000FFF7DCBF6FF0120008BD00BF60AA0300B9
:1034800070B5154E15484FF0FF334FF0FF3218F06E
:10349000D5F83378CBB1124D287880F00100287030
:1034A0001CF0A7FF044640B100233370FFF7CEFFA6
:1034B0002046BDE870401CF00FBF2B784BB140F6A2
:1034C000CD420848002318F029FCBDE87040FFF702
:1034D000BDBF43F23432F4E7E8AF00206C0A0020AD
:1034E000E7AF002028030020F8B54FF0FF364FF07B
:1034F000FF370F4C32463B46204618F09FF80D4BE5
:1035000000251D70FFF7A2FF0B490C4826F04CFD6B
:1035100032463B46204618F091F828461CF069FFD9
:10352000074B04461D70FFF791FF2046F8BD00BF12
:103530006C0A0020E8AF00206C390020280300202E
:10354000E7AF002010B5FFF7CFFF0446C0B94FF03A
:10355000FF324FF0FF330B4818F070F80120FFF7EF
:103560006DFF044650B9084A084801231370084A01
:10357000137040F6CD42002318F0D0FBFFF766FF32
:10358000204610BD6C0A0020E8AF00202803002070
:10359000E7AF0020014B1860704700BFC8550020FE
:1035A000014B1860704700BFC455002010B5EFF301
:1035B0001184402383F31288BFF36F8F104B11489F
:1035C00000214FF4FA42C3E90211C3E90511596021
:1035D000196127F07AF8BFF35B8F0B4B53E8001F9C
:1035E000013143E80012002AF8D1BFF35B8F84F366
:1035F0001188BFF36F8F0548BDE8104018F004B97B
:10360000A455002029B10020A0550020380B00202F
:1036100038B50C46014698B3002C31DD6400EFF359
:103620001185402383F31288BFF36F8F16484368D8
:1036300042699A1AC3699B1A9C420BD985F3118877
:10364000BFF36F8F114A1248012122F09AF96FF0EF
:103650001B0038BD224621F055FE85F31188BFF3CB
:103660006F8F844207D00B4A0948012122F089F963
:10367000FFF79CFFEBE7084818F0C6F80020E8E7E2
:103680006FF01500E5E700BFA4550020FFFD030023
:1036900010AD030017FE0300380B00202DE9F74F93
:1036A000514EDFF848A1DFF84891524FBFF35B8FCE
:1036B0003568BFF35B8F4FF0FF324FF0FF3350465A
:1036C00018F0C8F8DFF83081BFF35B8F3268BFF3C2
:1036D0005B8F2B469342154623D040F6BC7148467B
:1036E00005F0A6FD044638B1444A0346012144488A
:1036F00022F050F96FF004044FF4A0720021384614
:1037000026F0E3FF4FF4A0720021404626F0DDFFD3
:103710003CB13C4B1B68002BCDD06FF004009847A8
:10372000C9E7EFF31184402383F31288BFF36F8F4F
:103730003548836802699B1AB3F5A07F04D284F3ED
:103740001188BFF36F8FB6E7BFF35B8F4FF4A072A2
:10375000D6F800B0BFF35B8F394621F027FE034651
:1037600084F31188BFF36F8FB0F5A07F05D0274A8F
:103770002348012122F00EF99DE700904346A02244
:103780003946484605F02CFD041E1CDA204A1C4828
:103790002346012122F0FEF81A4B1B6813B16FF08B
:1037A00004009847FFF702FF4FF4A072002138464B
:1037B00026F08BFF4FF4A0720021404626F085FFD3
:1037C000002C81DA77E7EFD0124B1A68002AEBD091
:1037D000BFF35B8F3268BFF35B8F9345E4D11B6807
:1037E000054821469847DFE7A0550020380B002008
:1037F0009439002038860020E9AF002046FE0300FF
:1038000010AD0300C4550020A455002064FE030041
:103810008FFE0300C855002090B589B0012008AF85
:103820001FF0C0FD41F60B42411E914203460DD9E7
:1038300041F60C4200926D486D4A012122F0B4F825
:103840006FF00B0420460437BD4690BD694840F632
:10385000030301224FF47A5104F064FBB8B16C46C3
:103860008AB008AA644B5361644B9361D823D36137
:103870004FF400731384624B42F8103F5B484FF4DF
:1038800011511CF0BDFDA5466FF01504DAE74FF4A9
:10389000FA42584840F6A27105F0CAFC024640B10F
:1038A0006C468AB008AA544B5361544B9361DA2397
:1038B000DDE7504840F6A67105F0BAFC024640B17B
:1038C0006C468AB008AA4C4B53614C4B9361DD2384
:1038D000CDE7484840F6B47105F0AAFC40B16C460B
:1038E0008AB008AA444B5361444B9361DF23BEE77F
:1038F0004048032240F6AA7105F09AFC40B16C469C
:103900008AB008AA3C4B53613C4B9361E123AEE77C
:10391000384840F6B93240F6B87105F089FC40B13C
:103920006C468AB008AA344B5361344B9361E4234C
:103930009DE710222F4840F6C47105F079FC02463D
:1039400040B16C468AB008AA2B4B53612B4B936154
:10395000E6238CE727484FF47B6105F069FC0246BB
:1039600040B16C468AB008AA234B5361234B936144
:10397000E8237CE71F4840F6AC7105F059FC40B1E4
:103980006C468AB008AA1C4B53611C4B9361E92317
:103990006DE71848002240F6AE7105F049FC044678
:1039A00040B16C468AB008AA134B5361134B936124
:1039B000EB235CE7134B144919604FF4FA42C3E957
:1039C0000200C3E90500DA61586018610020002197
:1039D0000423CDE90601CDE90243CDE900440B4BB8
:1039E0000B4904940B4818F025FA2BE710AD03009F
:1039F000A8FE030094390020D4FE0300EEFE03006D
:103A000004000001A455002029B100209D360100CA
:103A1000C0540120A01C00202DE9F8430C460546A7
:103A2000002848D0254B1A888A4207D99A8D8A42A5
:103A300006D300232B700020BDE8F8836423F9E748
:103A4000194600220F88A74202F101002BD3B1F8DA
:103A50000490A14527D803EB820203EB800392F880
:103A600002809878A0EB0800EDF76AF80646A9EB0B
:103A70000700EDF765F801463046EDF769F90646AF
:103A8000E01BEDF75DF801463046EDF7ADF8044672
:103A90004046EDF755F801462046ECF79DFFEDF75F
:103AA00019FAC3B2C6E70B28024601F10401C9D1D5
:103AB0006FF01C00C0E76FF01500BDE70C09002097
:103AC0002DE9F04715464A4352000C46D11D21F01E
:103AD000070100AFADEB010D69464FEA450E43B952
:103AE0009C46AB4228DA00EB430801EB4C09002668
:103AF0001DE0144B03EB85080023AB421CDA00EBFE
:103B0000430C002609E058F82390BCF800A009FBFC
:103B10000469F44421F819A00136A642F3DB01330D
:103B2000EBE7B8F800A029F802AB0136F044A64252
:103B3000F7DB0133A444D4E726F09FFDBD46BDE882
:103B4000F08700BFA8B103002DE9F04715464A43AE
:103B500052000C46D11D21F0070100AFADEB010D65
:103B600069464FEA450E43B99846AB4228DA00EB66
:103B7000480901EB430C00261DE0144B03EB8508BC
:103B80000023AB421CDA01EB430C002609E058F895
:103B9000239009FB0469013630F81990ACF80090C5
:103BA000F444A642F3DB0133EBE739F902ABACF89E
:103BB00000A00136F444A642F7DB0133A044D4E769
:103BC00026F05BFDBD46BDE8F08700BFA8B103004D
:103BD000B1F5807F10B5024602D9B0FBF1F010BDFF
:103BE0004B420B40B3FA83F3C3F12004C3F11F032C
:103BF000D84021FA04F4054B53F82430A3FB0030DD
:103C000000FB1122914298BF0130E8E764C603002F
:103C10002DE9F74F1D46B2F1000A0368D0F81C9059
:103C2000009304460E46174618BF4FF0010A8B4614
:103C30004FF00008226A072A15DC62682ABBB8F137
:103C4000000F0CBF012302239A454FF0010808DA48
:103C50001DB1B6F900301B112B80012003B0BDE867
:103C6000F08FBB46E6E7009BA3B1BBF80010012232
:103C7000C90B484601911EF037FA0199226A083AA9
:103C800022626268002ADAD051B94FF48042ABF860
:103C90000020D4E7012148461EF023F90146EDE754
:103CA000004AF4E700C0FFFF2DE9F04F8BB0CDE9EB
:103CB000053283680793C3680493436A0893079B9C
:103CC000049A1B6B199E33F91250189BD0F800B060
:103CD000D0F81080D0F81C90149F039105EBC30519
:103CE000159B82461C6868103EB3022F25D1103800
:103CF000394600FB01401CF0D0FB641BA4F11F03FC
:103D00009842A8BFA4F12000032823DCCEB1049B75
:103D1000434532DABBF1000F40F09B80484604F087
:103D200005F88046159B1B68102B04DDDAF820305F
:103D3000102B00F3FA81002685E079000438013960
:103D4000D7E7BBF1000F1BD1484603F0EFFF8046D9
:103D50003446D7E04028A8BF402000F00702C34BFC
:103D6000C01033F91240C0F10E000441013424F0B8
:103D700001053EB1049B434526DBBBF1000FCDD0CE
:103D8000012524E0BBF1000F21D1484603F0CEFF0E
:103D9000179B012B804665DC5C466E10731C03FB91
:103DA00003FABBF1000F00F06781A642C0F2568112
:103DB00004FB0441621C491053460A44484603F080
:103DC000FFFF2946A00353E0BBF1000F43D0DAF810
:103DD0002C300093DDE905103B46324620F0B5FB60
:103DE0000446484603F0A2FF012D804644D1002E30
:103DF00000F08880BBF1000F94D0B4F5005F40F371
:103E00009281DAF83430002B40F08D81059A023A25
:103E1000BB42C0F28281049B079800930197089BE4
:103E20008068DDE905211CF044FB159B1B68102B05
:103E300081DDDAF82030102B7FF77DAF022231468A
:103E400048461EF02CF9DAF83440002C5AD00026EF
:103E50007EE73546BBE7484603F068FF022F804601
:103E600000F3C980691C48461EF06AF829468003A1
:103E7000FFF7AEFE044644E005FB04F396B1DAF822
:103E80003020002A40F0928003F50053022F4FEAC1
:103E9000A33410DC179B012B00F38280BBF1000FD1
:103EA0007ED1DFE703F500539C13DAF83830002B9E
:103EB0004CD1179B71E005EBD57A4FEA6A0A0AF1FB
:103EC000010202EB42020AEB02015445C5BF04F1B4
:103ED000FF30A0EB0A0004EB44008018CCBFA4EB39
:103EE0000A0AC21C0B46C8BF52440146484603F0AA
:103EF00067FFA0032946FFF76BFE0446002E40F043
:103F0000E6800026484603F011FF159B159A1B68B2
:103F1000A0EB08055B1B1360002C40F00C81169A87
:103F2000534F012393401A9A1268013B1A401A9B7F
:103F3000A0461A6047F6FF79039BC3E90069C3E90D
:103F40000287C3E904450BB0BDE8F08F002CB0DD5B
:103F5000A542AEDD2946A003FFF73AFE824600B235
:103F60001CF017FB0990CAF5804000B21CF011FB51
:103F700009991CF02FFB7B1EDB014FF4804213FBE1
:103F80000020159B1B68B3EBE03F4FEAE0325FDB9C
:103F90005B4293428DDD179B3446012B7FF7FDAECC
:103FA0006A1C214648461EF0D5F8A2E7B4F5005F2A
:103FB000D4BF304C47F6FF7494FBF5F41C44A413B3
:103FC00024EAE474AC42A8BF05F1FF34002A00DB08
:103FD0000134022F7FF762AF05EBD57A4FEA6A0A08
:103FE0000AF1010303EB430202EB0A01BBF1000FEC
:103FF0007FF46BAF07E04FEA640A0AF1010303EBB9
:10400000430202EB0A014846CDE90532049103F070
:10401000A7FE069ADDE904138242D9BF841AE41888
:10402000032390FBF3F4A245BBBF04F1FF30A0EBE8
:104030000A0004EB44008018B8BFA4EB0A0A0B4640
:10404000ACBFC21C5244014648461DF027FFB8E6EB
:10405000179B012B2C463FF721AF9EE66A1CA91C3B
:10406000121B091B5143AAEB6101A5E6F0D6030020
:1040700000C0FFFF0180FFFF51464846049303F054
:104080006FFE049B5E43B0EB660F0CDAC00001309C
:104090001EF05FFD441E640804FB0441621C4910CD
:1040A00053460A44D0E7AAEB0000C00007381EF0D0
:1040B00050FD6C1CC0EB44002246A91CA2EB500230
:1040C000A1EB500151434408AAEB6101E8E7C8B1F4
:1040D000069B9D1E059B0021981E45F6822C8F4253
:1040E0007FF70FAF35F8022F30F8023F1CFB02F2CA
:1040F0001CFB03F3D6189B1AF613DB132E800380E8
:104100000131ECE7049B079800930197DDE9052155
:10411000089B80681CF0CDF9F3E632F8021F494293
:104120001180013374E6002675E6022148461DF031
:10413000C6FE064687E6B4F5804F0FD1169A0123D6
:104140009340013B93401A9A12681A401A9B2746E3
:104150001A6047F6FF784FF00009EDE620B21CF038
:1041600018FA8146C4F5804000B21CF012FA4946A4
:1041700080461CF02FFA013FFF014FF4804317FBEC
:104180000037FF13D8E600BF2DE9F04F99B0044681
:104190008B461146BDF99420089222680D92D4E90D
:1041A00002622498099262690A92E269B5680B92E8
:1041B000421C0C92099AD6F85CC0119300FB05557D
:1041C0001544B26D32F915A0421C1CF80A500CEBD4
:1041D0000A0900F0EC8019F805200C329A4280F2AE
:1041E000E680022940F3E38021F001060BEB060391
:1041F0000C93229B012B01BF269A02F0010343EA94
:1042000042032693229B01334FEA630A26AB00F157
:10421000FF3806930023CDE90483229B4FEA61090E
:10422000CDE902A311ABCDE900935A460BEB06038F
:1042300012A92046FFF738FDDDE915530993BDF9B2
:104240004C300D93BDF950300E93229B179A012BE1
:1042500015DD099BC3F30D038BB1099BB3F5005F1B
:10426000DBBF4FEAC903C8F10501C8F104030B41E4
:10427000CBBF45FA03F35B19ED1A03EAE375119F0F
:10428000236A7D1B05EBD5756D10BD42A3EB0203C0
:10429000A8BF3D460A932362239B25EAE5757F1B51
:1042A000002B48D01E44269B0B9343FA0AF30F932E
:1042B000229BBD424FEA63031093089B3DDB0D9A9E
:1042C00013FB02F303F5804343F3CF33CDE90283BD
:1042D000239B0B9A0492CDE900A34A462B465946EC
:1042E0002046FFF751FF236A0A9AD31AEB1A182BBC
:1042F000834603DD099A0AB1183B1F440E9A089BB6
:1043000013FB02F303F580430F9A049243F3CF3378
:10431000CDE90283CDE900A63B460C994A462046EA
:10432000FFF732FF109B00FA03F747EA0B07384606
:1043300019B0BDE8F08F239EB5E70E9A13FB02F388
:1043400003F580430F9A049243F3CF33CDE9028300
:10435000CDE900A63B464A460C992046FFF714FFDC
:10436000109B0A9A00FA03F6236AD31AFF1A182F31
:1043700005DD099BB3F5804F1CBF183FED190D9A61
:10438000089B13FB02F303F5804343F3CF33CDE9DE
:104390000283239B0B9A0492CDE900A34A462B4645
:1043A00059462046FFF7F0FE46EA0007BFE703F153
:1043B000FF3E0627002250190130401019F80080F6
:1043C000C645D4BF05460246013FF4D119F80500A1
:1043D000A0EB0E0022B9834226DD45B92A460BE048
:1043E00019F80230AEEB030E8645F6DC1546D444D0
:1043F0002A461CF805305D1C236A5B1B002B2362D8
:104400002ADA9AB96368002B91D0229B01259D403E
:10441000269B013D2B402693002B45D14A00584650
:10442000194626F052F982E71546E5E72B44236248
:10443000DDF830C0B068DDF824E0F56D00FB0CE07D
:10444000D6F858C0013A3CF91000DBD005EB020C5D
:104450001CF800500135D0E7002AD3D0072A06DD2A
:1044600002F00703D2100833013A03FA02F20D9B5F
:104470007BB1E36A049363680393089B02930B9BED
:104480000193229B009358460A9B1FF0B8FF0746F2
:104490004DE7089B02930B9B0193229B0093584688
:1044A0000A9B1FF0F0FFF2E7239ABAB1164D174EA0
:1044B00000228A4216DB1D4609E0A36A00FB036363
:1044C000A3621B152BF8123001328A42F5DBE36A36
:1044D000089A584620F006F82F4628E7239A0A48FB
:1044E0000A4EF2E7A06A239F05FB0060A06237F83E
:1044F000127010F4004F14BF04206FF00300384412
:104500002BF812000132D4E70D6619005FF36E3C00
:104510002DE9F04F8FB0DDE9184A0B931A9B0C93ED
:104520001B9B0A93BDF970300D93036808931646E0
:1045300083690793621E5342534106900F463046EB
:1045400021460993FFF744FB012EDDE91D58834600
:1045500008D10A9B0698002239460FB0BDE8F04FFB
:10456000FFF756BB079B23EAE37985B1BAF1000F49
:104570000DD0002B05DC10F0010F00D10BB9012C80
:1045800005DD51467200284626F077F8AA46002538
:104590004D4557D10BFA09F544FA09F44FF0000BD9
:1045A000EB0703D4079B13EB0B0F6CD4012C14DD2A
:1045B000089B3BB1099B04FA09F245FA09F1384618
:1045C000FFF77EFABAF1000F07D0099B04FA09F24F
:1045D00045FA09F15046FFF773FA0D9B03930C9BC4
:1045E000CDF81080CDE901A306980B9B00943246CC
:1045F0003946FFF7C9FD069B5B688046F3B1012C85
:1046000007DD099B04FA09F245FA09F13846FFF77C
:104610009BFA4FF0000AD3454DD1DFF8F0A00025FA
:104620004FF0010B4D4554D10A9B04FA05F5002BC0
:104630005AD10123AB40013B08EA030840460FB0C2
:10464000BDE8F08F089B3BB1012303FA05F246FA5F
:1046500005F138461CF09FF9BAF1000F07D001238D
:1046600003FA05F246FA05F150461CF094F9284B7E
:1046700008F00F024FEA28189A5C13F808800135F9
:1046800042EA880884E7089B23B122462946384637
:104690001CF081F9BAF1000F04D022462946504699
:1046A0001CF079F908FA04F348EA030864006D1075
:1046B0000BF1010B74E764106D0028FA04F3224635
:1046C0002946384648EA03080AF1010A1CF063F952
:1046D000A1E70BFA05F246FA05F138461AF8088008
:1046E00001351CF058F99DE7B0051EF077FA00235C
:1046F00000B2B3429DDA0A9937F8132010FB02F298
:10470000D21321F813200133F3E700BF19FF030090
:1047100029FF03002DE9F04F95B09B4603680B93EA
:10472000BBF1010FC3690A9306460D46144607D133
:10473000229BFFF76DFA8046404615B0BDE8F08F2A
:104740001EAB53F8182F069301230593219B049366
:104750001F9B0C92CDE902331EAB0A46CDE900B394
:104760000EA92346FFF7A0FA0E9B0D93BDF93C302E
:104770000893BBF1020FBDF940300993DDE9112721
:1047800013991E9B40F09C80326A9846002F69D195
:10479000521A3262A246A9460C9B0693239B0593AC
:1047A000229B0393219B0293209B019347F6FF7268
:1047B0001F9B049200930222434649463046FFF76E
:1047C000A7FE7F00B9F802307A1E13FB02F3AAF8A5
:1047D0000030B9F80030C7F1010713FB07F3AAF85E
:1047E000023073688046002BA6D02B88089A12FBF3
:1047F00003F3DB132B806B8812FB03F3DB136B805B
:104800002388099A099912FB03F3628811FB02F2CB
:10481000DB13D213238062802A88D31A2B8023884B
:104820001A4422806B8862889A1A6A8062881344CC
:1048300063807368002B3FF47FAF0D9B002B3FF428
:104840007BAF023C00235B45BFF676AF34F8022F06
:10485000524222800133F6E7521A3262AA46A1463A
:10486000002799E7B7F5804FF6D0A3F10808083183
:104870000B9BB7F5005FA2EB01023262D9BFA246E3
:10488000A946AA46A146ABB1BAF80220B9F8007011
:10489000BAF800100A9817FB02F7B9F8022012FBC9
:1048A00001F29742ACBF00270127012239461DF0D3
:1048B0001BFC71E70A9801211DF013FB07466BE70B
:1048C000A3EB020909EBD9794FEA69099945A8BF19
:1048D000994629EAE979A3EB0908336A1F9A5B1A1A
:1048E0000A933362249B0B93C14543FA02FA53DBCC
:1048F0000693239B059347F6FF730493229B039330
:10490000219B0293209B019300924B465A462946D5
:104910003046FFF7FDFD336A0A9A0B90D31AA9EBD4
:104920000303182B02DD0FB1183B9844099ACDF808
:1049300018A00023CDE90332219A0593CDE9013275
:104940001F9B00935A46434621463046FFF7E0FD41
:104950000B9B43EA00087368002B3FF4EDAE002286
:10496000134611468B4550DC089933FB01F34FEA9F
:10497000610A1AFB0AFA9244AAEB83000AEB830A43
:104980004C4B9A4501DD984249DC4FEA4B022946DF
:10499000204625F072FE50E7099ACDF818A00023B2
:1049A000CDE90332219A0593CDE901321F9B009393
:1049B0005A46434621463046FFF7AAFD336A0A9A13
:1049C000D31AA8EB0308B8F1180F824605DDB7F536
:1049D000804F1CBFA8F11808C1440B9B0693239B72
:1049E000059347F6FF730493229B0393219B029345
:1049F000209B01931F9B00935A464B462946304605
:104A0000FFF786FD4AEA0008A5E734F9110035F8FA
:104A1000116010FB0022013110FB0633A2E7B0FA4F
:104A200080F7C7F11F077F10FB1F5B0018411EF0C6
:104A3000A6F8BAFA8AF6C6F11F0676108146F01F6C
:104A400040004AFA00F01EF09AF8013701231E4494
:104A50000FFA87FE03FA07F747FA03F20FFA86FA0E
:104A600003FA06F609901E411046023DA4F1020C1D
:104A70000027BB457FF7E1AE35F8023F089A12FBED
:104A800003F33CF8022F03F58043C3F3CF33991AA5
:104A9000134419FB01F1099A12FB03F30144334457
:104AA00041FA0EF143FA0AF32980ACF800300137DD
:104AB000DFE700BF247502002DE9F04F1468DFF82E
:104AC000A0806442C4F30D0A4FEAA43954686442DA
:104AD000C4F30D0C0026A41343F6FF7E0A9A9642F7
:104AE00001DBBDE8F08F30F916700A681D6832FBF3
:104AF00007525D68920032FB0AFB4FEA6B3B0BF1F9
:104B0000010B05EB6B0532FB09551D60D1F804B0B4
:104B10003BFB075532FB0CFB4FEA6B3B0BF1010BE8
:104B20001D604FEA6B0B32FB04B572445D60B2F15D
:104B3000005FD1F808B03BFB07555D604FEAA23536
:104B400008DA15F5004F08DB2AB2099D25F8162072
:104B50000136C3E747F6FF72F7E74246F5E700BFC5
:104B60000080FFFF2DE9F74F1468526864425242FB
:104B7000C4F30D0C44F38F34022600250194C2F3D4
:104B80000D0B42F38F380D9A954202DB03B0BDE85E
:104B9000F08F0A6830F8069030F825401F6832FB25
:104BA00004749F6832FB0972DF68920032FB0CF9D3
:104BB0004FEA693909F10109A40007EB690934FBDF
:104BC0000CFA5F684FEA6A3A0AF1010A07EB6A07D2
:104BD000DDF804A034FB0A7732FB0A991F60C3F8A2
:104BE000089030F825A0D1F804E03EFB0A771F605A
:104BF00030F806A04F6837FB0A979F6034FB0BF72D
:104C00007F13013732FB0BF94FEA69397F1009F145
:104C1000010934FB087704F57F545F603F344FEAA5
:104C2000690932FB0899C3F80C9030F825A0D1F837
:104C300008E03EFB0A77B4F1005F5F608F6830F8F0
:104C400006A037FB0A97DF604FEAA43717DA17F59B
:104C5000004F17DB3FB202F57F520C9C3F32B2F19E
:104C6000005F24F825704FEAA2340DDA14F5004FE6
:104C70000DDB24B20C9A01359453043683E747F6D2
:104C8000FF77E8E7034FE6E747F6FF74F2E7014CEA
:104C9000F0E700BF0080FFFF2DE9F04F95B09C4684
:104CA000BDF97C70BDF980601E9B079357EA06082A
:104CB000239B249D119396468246DDE921290C46CB
:104CC00009D1814200F02881079B9A0015B0BDE808
:104CD000F04F25F0E0BC71460F29B8BF0F21BCF1A1
:104CE0000F0FB8BF4FF00F0CDFF834E2CDF810C053
:104CF0004FF0060C0CFB02F80EEB08003EF80880A3
:104D000017FB08F808F5804848F3CF33B0F8028065
:104D100017FB08F808F580480CFB09FC80880E9307
:104D200017FB00F048F3CF3300F580400F9340F3BA
:104D3000CF330EEB0C003EF80CC016FB0CFC0CF550
:104D4000804C10934CF3CF33B0F802C016FB0CFC30
:104D50000CF5804C8088019316FB00F04CF3CF33A8
:104D600000F58040029340F3CF330393049B6FF030
:104D700003005843031D0B9354F8038023580593F5
:104D8000031F0C93E3580693A0F108030D93B74259
:104D9000E358089305D1049B994202D14A4508BFC4
:104DA0000025049BC3F18043013304EB83030A9382
:104DB0006FF0030303FB01424FF0000C65450CDC70
:104DC000002E7DD1544500F0A780079B5A1B92000E
:104DD00004EB85010AEB850078E70A9B53F8041F72
:104DE000CDE90913119B33F91CE01EFB0EFE47F6BB
:104DF000FF734EF3CF31A3EBEE3E0FFA8EFE0E9B08
:104E00001EFB03F913684FEAE93933FB09F90F9BDD
:104E10001EFB03FB52F8043F52F8087C4FEAEB3BC1
:104E20003B4452F80C7C33FB0BF3DDF818B01293C3
:104E3000109B1EFB03FE53684FEAEE3E1F44C34423
:104E4000019B37FB0EF711FB03FE059B4FEAEE3E7D
:104E500033FB0EFE029B11FB03F3DB133BFB03FB57
:104E6000039B11FB03F31393DDE908310B44139902
:104E7000C91333FB01F154F82C3003EB4903DDF87F
:104E8000489003EB490303EB470303EB4E0303EBAB
:104E90004B0303EB410323498B42B8BF0B46224926
:104EA0008B42D4BF4AF82C304AF82C10069B08934A
:104EB000059B0CF1010CCDE90583DDF824807DE72D
:104EC0000799DFF864E025EAE57204EB82038F1AA4
:104ED0000D991C585E580C995D580B9958580499B7
:104EE0004FF0000CC1F10201CDF810C0043FDFF813
:104EF00034C0059776006D006400400003EB81012B
:104F00000AEB8202DDE90487B84501F1140103F1DF
:104F1000140302F1140209DB15B0BDE8F08F00BFE5
:104F200000D70300005D1EEE00A3E11151F814ACA0
:104F300053F8147CDDF80490DDF808B034FB0977F1
:104F400006EB4A0600EB050939FB0B79039F36FB9C
:104F500007966645B8BF66467645D4BF42F8146CDE
:104F600042F814EC51F8109C53F8107CDDF804B0B2
:104F700030FB0B774FEA4A08DDF808B004EB4A0A29
:104F800005EB49053AFB0B7A039F35FB07A5654501
:104F9000B8BF65467545D4BF42F8105C42F810ECC6
:104FA00051F80CAC53F80C7CDDF804B038FB0B77EF
:104FB0004FEA4906DDF808B000EB490904EB4A0462
:104FC00039FB0B79039F34FB07946445B8BF6446F3
:104FD0007445D4BF42F80C4C42F80CEC51F8089CD4
:104FE00053F8087CDDF804B036FB0B774FEA4A052E
:104FF000DDF808B008EB4A0A00EB49003AFB0B7AEF
:10500000039F30FB07A06045B8BF60467045D4BF22
:1050100042F8080C42F808EC51F804AC53F8047C50
:10502000DDF804B035FB0B774FEA4904DDF808B032
:1050300006EB490908EB4A0839FB0B79039F38FB5B
:105040000798049FE045B8BFE04605374FEA4A009D
:10505000F045D4BF42F8048C42F804EC049751E7C1
:10506000002831D0B0FA80F1C1F11F039BB20F2BA1
:105070008BBF0F3BC3F10F0340FA03F300FA03F3B6
:1050800003F580431BB24EF69F304FF6872213FB89
:1050900002F2D21302F6F11213FB02F200EBE2323B
:1050A00043F6825013FB02F200EBE23213FB02F3F1
:1050B000DB13A3F5D453093B43F30B10C1F11201E9
:1050C00000EB812000B27047004870470180FFFF6D
:1050D0002DE9F04F93B000AF14467B60B7F98030F4
:1050E000AE4AF963C3F500539342B8BF134640F28A
:1050F0001F5212FB03F343F38F33FB628B00DA1D65
:10510000816978617B62F86BFB6BD7F87CA031F921
:10511000133001EB400122F0070231F9021C5B1A47
:1051200003FA0AF35B000733ADEB020D23F007032C
:10513000C7F838D0ADEB030DC7F834D0ADEB030D95
:10514000C7F828D0ADEB020DD7F88430C7F81CD0D3
:10515000ADEB020DBA6FC7F818D053433B61012382
:1051600003FA0AF3FB606FF0010303FB0AF3BB6071
:105170000AF1FF334FF0000B3B60FB6B9B4555DBA7
:105180003B6F87494FEA8A02002C02EB440208BFBA
:10519000994601EB420118BF4FF00009630007F187
:1051A000400800224E464FF0000C4FF0010EF86B05
:1051B0008645C0F2C980B445D4BF48F804CB48F84E
:1051C000046B0231002A00F0BD80D7E9101088423C
:1051D00080F2DD80002C00F0DB8014460021704E50
:1051E00023445B0003F1010C06EBCA063344154669
:1051F00000206644D7F83CC06545C0F2D3807B6A86
:105200007A6888421A44B4BF00200120F96942F844
:10521000040CB869ACF1020304310430002B80F2B5
:10522000F18020464C37BD46BDE8F08F7B69786B36
:105230009B6933F91B1003EB4B03B3F902305B1A84
:105240003B6303FA0AF93B6901FA0AF119447B6FDF
:105250004FEA490603EB4101324625F00EFAFB6A9C
:10526000FCB1786B524649461CF0B9F93B6B012BF7
:10527000054614D0796BB86A324625F0FEF9FA6813
:10528000B86A49FA0AF11BF086FBFB6AB86A0AF1B0
:10529000010249461CF0A3F98542804617DCA84666
:1052A00005E0786B224649461CF099F980460025B6
:1052B0000026002C3AD13B6B012B26D0564522DD2F
:1052C000BA6B6FF001036B4342F82B3037E04FF0BD
:1052D000FF35EDE73B689B1B3B62012303FA06F2B7
:1052E00049FA06F1786B1BF056FBFB6A3A6A786B59
:1052F00049461CF074F9804506F10106D4BF4046CA
:1053000035468046D5E7731CE6E75645FBDB6FF074
:1053100001035D43BB6B43F82B5015B1BB68AB4237
:105320000DD1BB6B013D43F82B5008E05645D1DB56
:10533000BB6B6D0043F82B503B6B012BEDD00BF199
:10534000010B1AE701222DE7386F91F9005006EBA7
:10535000000B60447863B86B50F82E00A0EB450555
:10536000002DB8BF6D42E345D4BF05EB0B0CAC4438
:1053700091F90150A0EB450000287D6BB8BF404279
:10538000B542D4BF461986190EF1010E0FE70CB9CC
:10539000396F24E70024214621E700BF00F0FFFF1A
:1053A00039FF0300D7F870C0D7F81C8001EB0C0E52
:1053B0007045ACBF94464FF0000C48F825C0D7F8B4
:1053C00070C08444B8BF86466145D8BF8C46B96971
:1053D000D4BF1046002041F82500B96B93F90000B6
:1053E00051F82510A1EB40000028B8BF404270449E
:1053F00096F900E0A1EB4E010029B8BF4942614493
:105400000135F7E652F8045D012D0CBF50F823502A
:1054100051F8235042F8045C013BFFE62DE9F04FC0
:105420008DB000AFC7E903324B00073323F0070309
:10543000FD6D7861ADEB030D3B6E00221A602B1DF4
:105440007B6201EBD1734FEA630A43F38F03BB62C4
:105450004FEA0A5388463B620621AAF111034B43E7
:10546000FB61291D01238B405B106E46FB6206EB3E
:105470004A03BB619146934614463B699B4580F2C3
:10548000C3807B69002203EB890C1046114618E0AB
:105490005CF8043B4FEA233E00EB23331A44A2EBB3
:1054A0004E00AEEB63020233B3F5003F4FEAA30EAA
:1054B00027DA714B9E4527DB0FFA8EFE26F811E0A6
:1054C00001318845E4DC18220021304625F0FDF842
:1054D000414630461CF062F80128B8BF0120B0FAFE
:1054E00080F3C3F11F039BB2D3F10E0303D0B11EAF
:1054F000002290450BDC00208446024606F1020E95
:1055000024E047F6FF7ED9E7DFF86CE1D6E731F813
:10551000020F984008800132EBE736F922303EF95D
:10552000221013FB03F311FB01F10B4403F50043BD
:10553000F96A00EB2340CCEB23430B44796A0B411F
:1055400063441BB226F812309C4601329245E4DCDB
:105550000022D7F818E00AF1FF3C1146BCF1000F19
:1055600025DA7A601DF03AFBBB6A7A68B86012FBF4
:1055700003F01DF033FBBB6813FB00F0002240106A
:105580000C21AAF1050E3B6A013093FBF0F0714546
:105590001DDBFB69120292FBF3F2A242C2BFBB6D9C
:1055A0001446C3F800B0C1440BF1010B65E73EF9A6
:1055B000023D5B1A043301EBE3031BB29A42AEF8DF
:1055C00000301946B8BF1A460CF1FF3CC6E736F862
:1055D000113001331BB230FB03FC4FEA4C0CBCF121
:1055E0007F0F02DCBCF1000F0CDB30FB03F35B0030
:1055F0007F2BA8BF7F23DFF884C01CF80330043161
:105600001A44C4E70023F6E775B3C82C25DC00254F
:105610001B235C4320461DF0E1FA292829DD2046A2
:105620001DF0DCFA2A3800B21549A328A8BFA32030
:10563000712313FB00F3B1EB833FB8BF11484FEA6E
:105640008332B4BF801800201DF0C8FAFB683437DD
:1056500018802846BD46BDE8F08FB4F5167FD7DA2E
:105660003A6E01231360D2E7C82CD4BF0025012570
:10567000CEE70020D8E700BF0180FFFF59FF0300FD
:105680000F583902F0A7C6FD2DE9F04F93B000AFD7
:1056900098467B6F386353435B00073323F007035F
:1056A000ADEB030D3961C7F844D00021ADEB030D1C
:1056B000B86FD7F87090D7F88040D7F8A0B0C7F887
:1056C0002CD09246920025F000F8FB6FB74EC3F144
:1056D00009039BB29B0203F500739BB200214FF0BC
:1056E000400C4FF0060E4945C0F2C880B04B7B61BC
:1056F000002210463B6B002103EB4204894500F376
:10570000D2807B6F013083425244F3DCD7F898306B
:10571000322B40F31E82D7F89430002B00F0198210
:10572000BBF1000F40F0158209F10043023B5B0022
:10573000FB630233FB604FEA4A037B63FB6B3D690B
:105740007A6CC7F838B00433EB183B64A9F1020354
:10575000C7F828B0C7F818B07B60B5F90010118001
:105760002E4614460120814500F3AB80BB69B86B1F
:1057700018183B6903EB4000BB6B02EB43039342F9
:10578000A0F1020040F0B580931CFB6102232E467D
:105790007B627B6A78688342C0F2BB80B5F9020005
:1057A0008142DEBF034608461946B5F904308B42F4
:1057B00003DC8342B8BF034619B2B2F90030A1F549
:1057C000806109B28B42B8BF0B461380B2F9023038
:1057D0008B42B8BF0B465380396C3B6C31F9041CCB
:1057E00033F9063C8B42DEBF084619460346386C47
:1057F00030F9020C984203DC88420346B8BF0B46DE
:10580000F96BF86B515EA3F580631BB29942B8BF88
:1058100019461152F968515E9942B8BF1946FB68A2
:10582000D152911E0023994500F3B580BB6A796B74
:105830000133BB627B6B1D441A443B6C0B443B64DD
:10584000BB69B96A5344BB617B6F8B4285DC022B19
:105850007B6C4FEA48021A4400F0AC80414689450F
:1058600040F3B3803B6BB2F9000033F911301B1ADF
:1058700023EAE37322F8023B0131F0E716F9012B2A
:1058800034F811501CFB05F592B2A3EB8212481DAF
:105890002A4410FB00F01EFB00F00244F86A20F8D6
:1058A000112001311FE7FD6A34F9023B35F911502F
:1058B0005B1B7D69AB42B8BF2B461BB27B610131DC
:1058C0001CE7B6F902C036F9023BD7F838E003F519
:1058D00000739C45C8BF8646B4F90030C7F838E06D
:1058E00003F5C0636345A8BF634624F8023F013057
:1058F00039E7B3F9006033F9024D06F50066B442AA
:10590000A8BF3446B0F90060B442A8BF34461C803A
:1059100035E7B6F902E0B6F90040B6F906C0FB6912
:105920007445DEBF7046A6460446B6F90800B3F9D2
:1059300002303B628445DCBFB8606046B6F9043093
:10594000D8BFD7F808C08645C1BF7046A646644692
:10595000F446A3421BDD844214DA8342A8BF034607
:10596000386A1BB2A3F580639842DCBF1BB23B626E
:10597000D7E9073023F8020FFB617B6A01337B62B2
:10598000023606E723466345A8BF6346E8E783423D
:10599000F9DA2346E1E7F86A31F9024F30F91300EA
:1059A000A042B8BF2046088001333CE759040400F8
:1059B0006680FFFF796C0AEB080301EB4303D7E92C
:1059C0000C1540460D44814507DC7B6C03EB480019
:1059D0004FEA48040246434636E0B2F90040B3F9C4
:1059E0000010A4F6FF7C8C45C4BFA4F5805421B2FE
:1059F0001980B2F90040A1F6FF7CA445C4BFA1F50F
:105A000080510CB21E46148035F91010B6F90060B2
:105A10008E1B396B31F91010091B21EAE171002E40
:105A2000A8BF8919491022F8021B02330130CAE7C6
:105A3000D7F8A410B2F9005031F91310A942B8BF39
:105A4000294622F8021B01339945F1DCD7F888304A
:105A500013B1D7F88C3013B1D7F884305BB103465B
:105A6000424612E0B2F90010491022F8021B01333D
:105A70009945F7DCF3E702464346F9E7072A2FDCAE
:105A8000198849001980013202339145F6DCD7F8B4
:105A9000983059000323B1FBF3F1D7F89030062674
:105AA0001C44C1453EDD2546B4F90230B5F900502D
:105AB000B0F900205B1B7D6F6B43D7F89450B2F5B3
:105AC000805F03FA05F3A8BF4FF48052052B20F83E
:105AD000022B04F1020409DC92125343DB000DE0B7
:105AE0000B2AD0DDB3F900104910CBE7302B22DDB3
:105AF000D2115343DB0048BF0733DB10D7F888507F
:105B00005B442DB1D7F88C50E5B1D7F88450CDB9AE
:105B1000B1EBA31F16DABA6FCBEB811342F8283032
:105B20004FEA811BD7F89C307869C3F800B04C3736
:105B3000BD46BDE8F08F534393FBF6F39A1206FB84
:105B400002F3CBE7BD6F9B4645F8282008F101081A
:105B5000A7E74FF0000BE5E72DE9F04FE9B014AFF0
:105B60009A46C7F8B8100168C7F8C4108968C7F822
:105B7000B410D7F8C4104368D7F878914E68C7F8C6
:105B8000AC3089698368C7F8CC30F9660F23016AA5
:105B9000C7F8D830C7F8C8100023416AA7F8D43036
:105BA000B9F1010FC7E939330446C7F8DC30C7F84B
:105BB000C010A7F8D6300CDDD7F8B81049B1C169CC
:105BC0004A43C7F8A820D7F8C420D2699B465A4553
:105BD00003DA4FF0FF3301F0ECBDD7F8C430D7F84B
:105BE000A8105B6A03FA0BF38B4202D00BF1010B96
:105BF000EDE7012303FA0BF27A6604F1EC023A6155
:105C0000D7F8AC2004F1EC01724301EB8201C7F834
:105C10009C10D7F8AC1002EB81227A61796904F10B
:105C2000EC0202EB8102C7F8B020D7F8B410D7F825
:105C3000AC204A437A679A40796FFA65D7F8B0206A
:105C400002EB4102BA64D7F8B02002EB81027A631A
:105C500002EB41023A63D7F87C21002A00F033823C
:105C6000104602F063F8F863D7F87C011BF0CBFC18
:105C700000F1040805464FEAE80840F2FB43994565
:105C8000A8BF9946A9EB0803A26AC7F88830E16A61
:105C9000D7F8A830C7F8BC905343002900F0188209
:105CA000501C00F03082D7F8C410096803EB2113B0
:105CB000C91093FBF1F3C7F890309B11C7F88430FB
:105CC000D7F8CC10CBF103033B6428234B431433A8
:105CD000BB624FF4C871B86A41FA0BF3323B4343DD
:105CE000D7F8BC004143CBF103000141C91A501C55
:105CF000F96705D0D21A91420B46A8BF1346FB673D
:105D0000D7F87C3153B9D7F8BC20514607F1EC00E5
:105D10001CF09AF907F1EC03C7F87C31D7F8903002
:105D2000002B25DD636B1BB3D4F8C830D7F8902067
:105D300005F1FF3CC3EB4209DCF1000343EB0C032C
:105D40004FEAA9195B009945B8BF9946D7F8883042
:105D50009945A8BF99464B450ADD08EB0903D7F8DA
:105D60007C01C7F8BC3019461CF016FAC7F88890B9
:105D7000D7F8BC30D7F8C020D7F8B800DB00C7F898
:105D80008030D7F8C430DB689342A8BF1346C7F809
:105D9000A430D7F8A830D7F8AC20F318C7F8A03053
:105DA00053439B00D4F8D820C7F88C200733D7F88A
:105DB000A82023F00703ADEB030DA2EB060AD7F8EA
:105DC000CC2014AB02FB0AFAC7F89830E3699AFBBF
:105DD000F3FA5146C7F894301BF0E0FBD7F8CC300B
:105DE00006FB03F1D7F8943091FBF3F1D7F8B83004
:105DF000814603EB4A001BF0D1FB012DD7F88C2024
:105E0000C4F8D80040F089818145B8BF81469145EA
:105E1000B8BF9146B9FA89F1D7F87C010F22490938
:105E20001CF03DF9B9F1000F40F07781D7F89030C0
:105E3000002B1BDDD7F8BC20D7F87C0108F101034B
:105E40009342BCBF08F10203C7F8BC30D7F8BC309E
:105E5000D7F8BC10DB00C7F880301CF09DF9D7F8EC
:105E6000BC30C7F884300223C7F88830D7F8BC307C
:105E7000D7F87C01DD001BF0C6FBD7F87C31D7F8E2
:105E80007C215B69281A0344536101233B67D7F8DF
:105E9000A0304FEA8309D7F8983003EB8601D7F892
:105EA000C43004F1B808002603F1100A0023CDE93C
:105EB0000283CDF804A0E3690093D7F8B800C7F8CF
:105EC0009410D7E92A2300EB46001BF0E2FDD7F837
:105ED000AC30D7F894100136B342494408F10408B5
:105EE000E4DC236C1BB1D7F88830032B08DCD7F82F
:105EF000CC200C235343D7F88820934280F20F81A3
:105F00003B6FD7F8C820134340F00981626922B97A
:105F1000A369042BD4BF00230123626EFA62D7F871
:105F20008820CDE9053207F58E73049307F1D40379
:105F3000039307F1D8030293FB6A0193D7F8A830C3
:105F40000093D7F8AC30D7E9261220461BF0EEFBC1
:105F5000B7F9D430FB60D7F8D830BB61386200287D
:105F600040F01281D7F8C830002B00F0F780A36909
:105F7000002B00F3D6800023C7F8B830BBF1000F28
:105F800000F04081D7F87C011BF03DFBD7F8803052
:105F90000230984280F23C81D7F8B830002B00F0F4
:105FA0003F817B6EC7F8943000237B65D7E92A23B5
:105FB00053439B00073323F00703ADEB030D7B6FC7
:105FC000D7F8B4209B00073323F007030DF1500AE4
:105FD000ADEB030D14ABC7F8A030FB6D073323F016
:105FE0000703ADEB030D14ABC7F88C30D7F8CC30FA
:105FF00053433B66D7F894205B007B64073323F060
:1060000007031AB1A269072A00F30E81ADEB030D55
:1060100014ABBB670023FB61A36C0493E369CDE978
:1060200002B3D7F8AC300193D7F8CC300093D7E95E
:1060300025125346D7F8C4001BF0EDFAD7F8AC3060
:10604000022B06D1D7F8CC30012B04BF0023C7F8B0
:10605000E430A36CCDE901B3D7F8CC300093D7E995
:106060002823D7F8C40051461AF0DFFA236C002B1E
:1060700040F03A81D7F8CC300193D7F88C300093B8
:10608000D7F8A030D7F8C020D7F8A410D7F8C400AC
:1060900003F064FF7B6C073323F00703ADEB030DC4
:1060A00014ABBB66D7F8C030B86E5B001A4600214F
:1060B0007B6224F00AFBD7F8C830002B00F01A816D
:1060C0000023FB64BAE1D7F87C81FB631D46D4E56D
:1060D000012DC8BF5B19511C15D0D7F8C410096831
:1060E00003EB8103C90093FBF1F3216B002918BF77
:1060F000013BD7F8BC108B42A8BF0B46022BB8BFA0
:106100000223C7F8BC30D7F8BC30A3EB0803C7F8AC
:1061100084300023C7F89030D2E50023B6E6002390
:10612000FBE6236C002B7FF426AFD7F884300E2BD0
:1061300061DD002307F1E802CDE9013207F1E40354
:106140000093D7F8AC20D7F8A010D7F8980007F143
:10615000D603FFF763F9C7F8B8000FE7D7F8803028
:106160000F359D4208DBA369002B7FF704AF236C3A
:10617000002B7FF400AFDCE7D7F8C810D7F87C011C
:1061800001221BF08CFFEEE701221146D7F87C01BB
:106190001BF085FFBB69D7F87C015D1CB5FA85F65D
:1061A000C6F11B08062241461BF0D4FF102101FA5C
:1061B00008F1D7F87C01C6F11F02691A1BF094FFA1
:1061C000D7F81C11D7F87C0103221BF08DFF0223A6
:1061D000474AF96AD7F87C011BF06DFFA369002BD1
:1061E0007FF7C9AE236C002B7FF4C5AED7F8C8305B
:1061F000002B9AD19DE7D4F8B430632BD4BF002391
:10620000012397E7C7F8B8B0C7F894B00123CCE6EC
:1062100001237B650023C7F8B830C7F89430C5E682
:10622000D7F8B8307B65F8E7ADEB030D14ABBB676F
:10623000A36C0493E369CDE902B3D7F8AC300193C2
:10624000D7F8CC300093D7F89820D7F8C40053463D
:1062500000211BF0E0F9A36CCDE901B3D7F8CC30F5
:106260000093D7E92823D7F8C40051461AF0DDF986
:10627000D7F8CC300193BB6F0093D7F8A030D7F894
:10628000C020D7F8A410D7F8C40003F067FE4BF382
:106290000502520292B20023396E8B4201DB0123C8
:1062A000B9E6B96FB86F31F81310114420F8131024
:1062B0000133F1E7D7F8A020D7F8A01052F8232037
:1062C000096831FB00F149008A42A8BF0A46012A49
:1062D000D7F8A010B8BF012241F823200133D7F826
:1062E000C0209342E6DBC5E602230320F7E700BFA8
:1062F000D9FF0300D4F8E430BB65002B00F01F8207
:10630000236C002B40F01B82E36DD7F8C800022BF2
:10631000B8BF0223C7F89C305A003A65FB6ED7F825
:106320009C20BB6303EB4203BB60D7F89C30C3F1F6
:1063300001018BB286460246804681467B60D7F8D3
:10634000CC309845C0F2B781D7F89C30D7F8CC60F4
:1063500000B292FBF0F2581E704303FB00000621CE
:10636000584301FB0EF191FBF0F1491020296FF029
:106370001F00A8BF20218142FB6EB8BF0146D7F89D
:106380009C0033F9106012B206EBD67602F1CD050F
:1063900076100020BB6B33F902CFBB63B445C0F26B
:1063A000BC81D7F8B460BB6D00FB115003EB460312
:1063B0004FF0000C1FFA81F980B2FB646646BB6D9A
:1063C00033F91680D7F8CC30022B05D1FB6C33F9AA
:1063D00016E0F045B8BFF046B8F1000FD4BFC0EBEF
:1063E000080EC0F1000E1FFA8EF80FFA8EFEBEF5F1
:1063F000807FC2BFBB6EA8F5807823F81680D7F8DF
:106400009C3006F10106C8BF0CF1010C4844B342B0
:1064100080B2D4D1BCF1020F0BDD02F2CD15002DFC
:1064200040F37D8100213A6DB86E24F04EF90021D1
:106430000D4689010BB2CD35FB642BB2256C3B6553
:10644000002D40F0A581D7F89430002B00F07A8120
:106450004BF305004002D7F88C30D7F8B420D7F8BA
:10646000C81003EB420EC64A0023D7F8C060B14201
:10647000C0F26B81B4F8E820D7F8C800311A93FB5A
:10648000F1F3C0499B1A1BB28B42B8BF0B46B3F560
:10649000406FA8BF4FF44063BB63B96B40F28F23DA
:1064A00013FB01F302EBE333A4F8E830FB692BB9EB
:1064B0007A6CD7F88C10B86F24F0DFF8BBF1000FBE
:1064C00000F0AC80D7F87C011BF09DF8D7F8803045
:1064D0000230984280F29280D7F8B830002B40F01A
:1064E0008D80A369042B40F38980D7F8C8301D4301
:1064F00040F08480D7E9043233F92220D7F8CC3039
:10650000012B40F05781A7F81C2107F58E72D7F8B0
:10651000C010994200F33F81D7F8C030981E7B6AC3
:1065200007F1D00280331344363B002880F26981A2
:10653000D7F8C020002318461E4602F1FF3C07F59D
:106540008E7ED7F88C2002EB460802226245C0F20C
:106550006781D7F8B4201644D7F8CC2001308242A6
:10656000EFDCD7F8C020D7F8CC10033A4A4393FBAE
:10657000F2F3B3F5806F41DDA36C0493E369CDE9D9
:1065800002B3D7F8AC3001930091D7F89820796E18
:10659000D7F8C40053461BF03EF8A36CCDE901B315
:1065A000D7F8CC300093D7E92823D7F8C400514658
:1065B0001AF03BF8D7F8CC300193D7F88C30009321
:1065C000D7F8A030D7F8C020D7F8A410D7F8C40067
:1065D00003F0C4FCBA6F4BF305035B029BB2023AB3
:1065E000396E8D42C0F22D8140F6CD43A7F8D630EA
:1065F0007B6EC7F894300123C7F8B830D7F87C0118
:106600001BF001F8D7F880300230984206DAD7F84C
:10661000B810D7F87C0103221BF041FDD7F8A82061
:10662000D7F8CC3053435B00073323F00703ADEBBF
:10663000030D14ABC7F89C307B6E0293D7F8CC30B7
:106640000193D7F8A4300093D7E92723D7F8C400E3
:1066500051461AF071F8D7F8B430D7F884209B006F
:10666000BB65073323F00703ADEB030D14ABC7F88D
:106670009830D7F8CC30C3EB03139342D7F8C83027
:1066800000F35F85002B00F0E280D7F8E8100029C6
:1066900040F06985D7F884300E2B00F3DD80D7F801
:1066A000C030D7F8980023EAE372920024F00DF886
:1066B000D7F8B86013E1BB6D7D68FE6E03EB49034C
:1066C000FB64FB6C33F902CBFB642F4B9C4522DB54
:1066D000BCF5807F6146A8BF4FF48071BCF1000F0C
:1066E00000DD4910B6F9023036F902CBA3EB0C0CF1
:1066F00011FB0CF31A44BB6811FB05F1B34205F121
:10670000020560448E44ADB2DBD1D7F8B43008F155
:106710000108994413E61D49E4E701303AE6BA6EF0
:10672000386D104432F9023BFF2BC6BFA3F58073CE
:106730001BB20023904222F8023CF3D179E6D7F84D
:10674000C830BEE4D7F8940085E6D7F88C6036F9F7
:1067500011C0D7F8CC60A2F58062ACEB000C6245AA
:10676000B8BF6246022E12B207D13EF911C0ACEB9F
:10677000000C6245B8BF624612B21344013174E6A0
:1067800000D8FFFF00FAFFFF01F8FFFF00F8FFFF4E
:106790000023BB638AE6D7F8B010B2F9000031F9E4
:1067A0001310A0F580608142B8BF014622F8021F95
:1067B0000133ACE6D7E92C3103EB410033F911305A
:1067C0009342B8BF1346A7F81C3107F58E7101221A
:1067D000D7F8C03093427FF79FAED7F8B0C030F9FA
:1067E00012303CF912C0B1F900606345B8BF63468E
:1067F000A6F58066B342B8BF334621F8023F0132A6
:10680000E6E7B3F9002033F9021CA2F2FF368E420C
:10681000C4BFA2F5806211B223F8021D013884E6DC
:106820003EF9121038F9129021EAE171B9F1000F26
:10683000ACBFC1EB090149420029A8BF5B18013276
:1068400084E632F8021F194411800135C8E6A369B5
:10685000012B0EDCD7F8C810D7F8C030994280F26F
:106860007F84D7F89830D7F8B82043F82120013139
:10687000F2E7236C002BEDD1D7F8E4300593B7F99C
:10688000D630CDE903B3D7F8A8300293D7F89C30BF
:106890000193D7F884204FF4A06393FBF2F3032B0A
:1068A000B8BF032302330093D7F89830D7F8B82045
:1068B000D7F8A410D7F8C400FEF70AFCD7F8A43024
:1068C000D7F8982003F18043013B02EB8303D7F80C
:1068D000A4200646D7F8C0108A42C0F22A847B6CF6
:1068E000073323F00703ADEB030D14AB7B640023E8
:1068F0009C4640F6FE7E4FF40058D7F8C820991801
:10690000D7F88C2002EB4101D7F8B02002EB430A04
:106910003A6B02EB4309D7F8C820D7F8C00082428F
:10692000C0F22484D7F8B4201344D7F8CC200CF15B
:10693000010C6245E1DC236C0C93A36B0B93A36900
:10694000032BD4BF002301230A9304F154030993BA
:10695000E3680893D7F888300592CDE906B3D7F8F5
:106960007C3104937B6C0393D7F880300293D7F883
:10697000B0300193D7F88C3000930246D7F8A4309A
:10698000D7E9310103F074F9D7F87C31D7F87C01ED
:106990005B684FEAC3091AF036FED7F8B830002B0F
:1069A00014BF02220422BBF1000F00F0F383451C48
:1069B0001544A94534BF00250125D7F8B830D7F8CC
:1069C000C880002B14BF042305234FF0000AA9EB55
:1069D00005097B625146D7F8C030434500F3DC839C
:1069E000ADB1B04BD7F8B82003EBCB03534403EB66
:1069F000820113F9222091F902309A4200F0E983D2
:106A0000D7F87C01012231461BF049FB3546D7F807
:106A1000B830D7F8C82005EB4305D7F8C8309E003A
:106A2000D7F8983003EB82019E4B03EBCB0303EBCB
:106A30004503D7F8C000904200F3CD83D7F87C011E
:106A40001AF0E1FDD7F88030033098420DDA236C5C
:106A5000002B00F0C683002363660221924AD7F818
:106A60007C01216505231BF026FBBB6D256C0733DC
:106A700023F00703ADEB030D14AB7B66BB6ECDE9D2
:106A80000C5307F58E730B93D7F88430CDE909B317
:106A9000FB6E0893636B0793E36A0693D7F8B830ED
:106AA0000593D7F8C4301B6B0493E36B03937B6EA1
:106AB0000293D7F8CC300193D7F8C0300093D7F8C1
:106AC000C830D7F8B420B96FD7F88C00FEF7DCFDDA
:106AD000786265B1D7F884301A2BDEBFD7F88420EE
:106AE000032392FBF3F37A6EC8BF08231360BB6DD8
:106AF000D7F8C400073323F00703ADEB030D14AB45
:106B0000C7F884305A46D7F8CC30D7F884101AF03A
:106B100025FDD7F88030D7F87C01DB00BB6601F09B
:106B200005F97B6ED7F8C820C7F8A4003344BB67CB
:106B3000FB6E03EB4203C7F8803000239146C7F891
:106B400088300626D7F8C0309945C0F28983D7F837
:106B5000CC30022B56D1BBF1000F38D0D7F8C4305F
:106B6000D7F8A8209E69D7F89C3003EB4203C7F8FA
:106B700080300123354606F11A0A1A46B5F900108D
:106B800035F902CF01FA0BF10CFA0BFC6145C0F2AA
:106B9000C383AA45F2D145F6822133FB01F3B6F94E
:106BA0001A10BBF1010F0BF1010514BF0D200520D8
:106BB000A94032FB01F252005B00084433FB00F3B2
:106BC000B2EB430FB4BF01230023C7F8DC30FB6FE7
:106BD000364A37494FF47A7093FBF0F0D4F8E0303E
:106BE000009300B2152319F0AFFCD7F8C8309842D3
:106BF000B8BF1846D7F8C0309842D4BFC4F8E000F8
:106C0000C4F8E030D7F8A430D7F8881003F12F0289
:106C1000BB6E5B1A9A4280F2D384D7F8C830002B3F
:106C200003DC236C002B00F09F830023A4F8DC30EE
:106C30004FF005091F4AD7F87C01072349461BF08E
:106C40003AFAD7F87C0101F071F8C7F8A400D7F838
:106C50009030002B40F33381D7F8C4303A6CDB69B5
:106C6000666BA3EB0B03C7F88C3040F2FB43134178
:106C7000D7F8BC209A42A8BF1A46D7F8C830C7F840
:106C80008020002B40F0A084D7F89030BA6AA3EBA4
:106C9000C2038EB1D4F8D020D7F88C100A41134427
:106CA0000AE000BF39FF0300DCFF030012D7030036
:106CB0003CD70300E0FF0300D7F81C21FA66D4F8A4
:106CC000E420C7F8BC20D7F8C420E16D9268BA6709
:106CD000D7F8C420D7F8CC00D2F818C0BA6FB7F9EB
:106CE000D6E0D4F84080002908BF114602283CF9BC
:106CF00011204FEA410502FA0BF240F0AA84D4F8C1
:106D0000E0A08A45B8BF4FEA4A058A45A8BF8A462F
:106D10003CF905503CF91A1005FA0BF52A4401FA22
:106D20000BF1A1EB0A0115B246F2666A1AFB01FAF1
:106D30009AFBF5FAB4F9DC5033FB0AFAB5F5807F1B
:106D4000A8BF4FF480751A3DC90015FB01F14FEA49
:106D50004A0509128D42D4BFA3EB050AA3EB010A31
:106D6000F86E132101FA0BF1451AD7F8BC0055440F
:106D70006FF43471714435FB01F105EB810178B199
:106D8000B8F1000F0CD1D200386D10FB02F201EB0C
:106D9000A2220029B8BF033189109142B8BF114621
:106DA000BA6F02F1004002383CF91020D7F8CC004D
:106DB00002FA0BF24243D200786A12FB00F288100A
:106DC00092129042B8BF1046D7F8BC208142A8BFAB
:106DD0000146002A00F04884B8F1000F07D036B110
:106DE000C91A45F2C35231FB02F103EB4101D7F856
:106DF000A460D7F888505B008B42D4BFF618761891
:106E0000D7F8A4301D443F35AD1102353B6F002B40
:106E100040F05B8406F120039B119D42B8BF1D46E4
:106E2000D7F880309D42A8BF1D46D7F890304FEA72
:106E30008518F61AD4F8D40040F2C933984200F30A
:106E40004A84431C1530C4F8D43000041BF002FF00
:106E500000B2636B3BB3D7F89030D4F8C820D4F8B5
:106E6000CC10A8EB03031344D7F88C20C4F8C83027
:106E70009640D4F8D020B61A761A36FB00F601EB0D
:106E80004601C4F8CC10002BC1F10001C4F8D010A9
:106E900009DA396F0022002940F020845B429B11FF
:106EA0001D44C4F8C820D7F88030D7F87C01AB4225
:106EB000A8BF2B461946C7F8BC301BF06DF9BB6D57
:106EC000D7F87C01073323F00703ADEB030D14AEB5
:106ED000ADEB030D0DF15008ADEB030DD7F8BC3051
:106EE000DB00C7F8A43000F021FFD7F8BC30C0EBBE
:106EF0008310D7F8B8300DF1500A0138002B00F09C
:106F0000F083BBF1010F40F3EC830BF10203B0EB14
:106F1000C30FACBF01250025ED00236C401B002BE7
:106F200040F0E183D7F8C030013B0E93E36D0D9341
:106F300001230C93D7F87C31CDE90AB3D7F8CC30D4
:106F4000CDE908A307F1E003CDE9040307F1DC0371
:106F5000039304F1E003CDE90193CDE90686D7F868
:106F600084300093D7F8C0207B6ED7E9310103F05D
:106F700089F8E26D8146002A00F0B783531E8342F0
:106F800002F10102B8BF03469342A8BF1346E3656E
:106F9000D7F8CC300393D7F87C31CDE901637B6C13
:106FA0000093D7E93101D7F8B030D7F8C0201CF0F2
:106FB000FBFD3B6E073323F00703ADEB030DD7F862
:106FC000CC30022B02BFD7F89C30D7F8A81003EBC7
:106FD0004103616C1291A16C1191A169109104F1AE
:106FE0004C01CDE90E91CDF834B0D7F87C110C915D
:106FF000D7F8E0100B91D7F8BC10C5EB81110A91BE
:10700000D7F898100991D4F8E0100891D7F8DC105F
:107010000791216D0691D7F89410CDE90481D7F836
:10702000A01018BF002314AACDE902210193D7F8BC
:107030009C300093D7E93112D7F8C030012019F005
:10704000D4FC4DB1616FD7F87C0101229142CCBFD5
:10705000002101211BF048F8D7F87C01C14D1AF03E
:10706000D2FAD7F8CC300593D7F87C310493D7F80F
:10707000A4300196181ACDE902A07B6C0093D7E9E1
:107080003101D7F8B030D7F8C0201CF0E2FDFA6D1E
:10709000386B002123F019FB002318467A6C02EBB1
:1070A000430C3A6B02EB4306D7F8C820D7F8C01060
:1070B0008A42C0F21C83D7F8B4201344D7F8CC20FE
:1070C00001308242EADC3B6F002B40F02783BB6932
:1070D000A366FB68A4F86C30FB6A2367D7F8AC3072
:1070E000022B0ED1D7F8CC30012B0AD1D7F8B4300F
:1070F000D7F8B010D7F8B4005A0001EB400023F0E5
:10710000BCFAD7F8B830002B00F00C83BB6C9A1E89
:107110000023796F994240F31083D7F8B01032F909
:10712000020F31F913108142A8BF014611800133CB
:10713000EFE7D7F89800196840F822100132FFF7FE
:10714000C9BB002B7FF4A1AA1946FFF785BBD7F86E
:10715000981041F823200133D7F8C0108B42F6DB9A
:107160000026FFF7BCBB00230122F5E731F9025BE3
:107170003AF91200281A00F2FF70704507D839F862
:10718000120010FB08F0A5EBE03521F8025C01329B
:10719000FFF7C3BB5D4610E413189945D7F8983044
:1071A00014D353F82830D7F87C0159401AF077FFF0
:1071B000D7F87C011AF027FAD7F8983053F828103E
:1071C0004AEA010A7A6A08F1010804E443F828103F
:1071D000F8E700251BE40868185641F8040B013253
:1071E00027E4D7F8C830A1694BB100293FF436AC89
:1071F000D7F8B830002B7FF430AC03212EE4D7F859
:10720000943043BB022926DDD7F8CC200A23534310
:10721000D7F8882093423FF720AC7B6E0593D7F8D0
:10722000CC300493D7F8A43003933B6A003B18BFDB
:107230000123029304F16403019304F160030093BA
:10724000D7F89C10236DD7F8C40004F1580219F048
:10725000D6FA014602E400293FF400ACFFF7FDBB7B
:10726000D7F88020B2F902301146B2F900209B1AFB
:10727000D7F8CC20534303FA0BF3302B9A46B8BF10
:107280004FF0300ADB009A45A8BF9A46D7F888200D
:10729000BB6EC7F86CA002310025A3EB020AC7F849
:1072A00080103246A846D7F8A43003EBC2035345FA
:1072B00005DAD7F8843053F82930434510DC1DB186
:1072C000032EB8BF0326013ED7F888304344C7F8E1
:1072D0008830BB6F43F8048B09F10109BB6731E4C7
:1072E000BB6FD7F87C011B683B62AB42D4BF002167
:1072F00001211AF0D4FED7F87C0100F017FDFB6ED7
:10730000C7F8A400AAEB030A3B6AAB42D7DDFB6EC9
:10731000013598440122C6E7D7F880E0D7F89C00F1
:107320003EF911E030F911008EEAEE7980EAE0785A
:10733000A9EBEE79A8EBE0781FFA89F919FA88F839
:10734000424400EB0E08B8F1000FA0EB0E00B8BFEE
:10735000C8F100080028B8BF4042804443440131CE
:1073600014E400BF00C0FFFFB7F9D630C7F8A4305F
:10737000FB6FB3F57A4FC0F2D180B74BFA6F9A42E8
:1073800000F3CF80A2F57A439B1240331B010FFA22
:1073900083FAD7F8CC30022B40F08480D7F8C43081
:1073A000996900260D4601F11008B5F9002035F95C
:1073B000020F801A02FA0BF300FA0BF2C7F88020D2
:1073C000D7F89C2002EB430ED7F8A8201344D7F837
:1073D0009C2002EB430300229446D7F880006045CE
:1073E00000F3A28006EBA242A84516B2DDD14FF40D
:1073F000805010FB06F040F3CF300028B8BF404269
:1074000080B2B0F5806F28BF4FF48060D4F8E030D0
:10741000C7F8803000B2103103464FF0080CD7F89F
:107420008020624500F3898010FB00F0DFF82C9289
:10743000002BB8BF5B42A9EB00000FFA83F8FDF701
:107440000FFE18FB08F8A9EB080840F34F060546A5
:107450004046FDF705FE864203DC4046FDF700FE90
:107460000646A5F5BF557E491E3DA6F5BF5645F318
:107470008F054FF4C04313FB05F3DB138B42ACBF06
:107480000AEB03020AEB01021E3EB4F9DC3046F3BC
:10749000CE06764240339E42A8BF1E460FFA82FABD
:1074A000A4F8DC60D7F8C01000221346481ED7F8B5
:1074B000C0100025C1F1020685426DDBD7F8CC1063
:1074C00001329142F3DC484393FBF0F3654803F546
:1074D0008063B0EBA30F1FFA8AF24FEAA30169DCC5
:1074E00040F60543994268DC062391FBF3F189B22B
:1074F000D7F8A4309811FB6C9B1003EB4003D31A10
:107500005B1A1BB280334FEA2329B9F10A0FA8BFD7
:107510004FF00A0929EAE979FFF78CBB4FF4806A3A
:1075200037E74FF4A06A34E73EF9029B33F9020BC8
:1075300019FB00220CF1010C4FE7B1F9002031F9E1
:10754000026FB61A02FA0BF506FA0BF2BA67D7F811
:107550009C2002EB4508D7F8A8201544D7F89C20BA
:1075600002EB450500229646BE6F76450BDC921471
:10757000002AB8BF524292B29A42A8BF1A4613B22A
:107580000CF1010C4BE738F9029B35F9026B19FB42
:1075900006220EF1010EE7E7D7F8C410D7F88CC029
:1075A000896801FB025101353CF9111001FB0633DA
:1075B000023681E74FF47E419AE74FF4007197E776
:1075C0004FF00509FFF743BBD7F8CC30D7F8902030
:1075D00003EBC3030433A2EBC30323EAE3732EB12B
:1075E000D4F8D020D7F88C100A411344D4F8B42032
:1075F000632A61DC396C60220A411344B7F9D61062
:10760000D7F8A4604FF4C870A1F5805212FB00F2C5
:10761000D7F8A40003EBA232D7F8883003443F33F5
:1076200042F6CD409B11814203F102034BDDB2F5DE
:10763000C87FACBFB61806F5C876D7F88850FA6B85
:10764000154405F26715AD119D42B8BF1D46FFF701
:10765000DDBB9A46FFF784BB7F3801001904100098
:1076600000FCFFFFFBF3FFFF36B1C91A45F2C3521E
:1076700031FB02F103EB410140F6CC4296453FF766
:10768000B6ABFA6FC2F5BB3202F58072B2F5FA4FB3
:10769000A8BF4FF4FA4240F6015022EAE27210FB12
:1076A00002F2B86BD21310FB02F2921231FB02F21B
:1076B00001EB4201FFF79BBB642A1FBF396C90228C
:1076C0000A419B1A9AE71644B7E74FF08008002654
:1076D0000225FFF7AFBB2120FFF7BBBB1346FFF727
:1076E000DFBB002519E401231FE403464FE43CF906
:1076F0001210B1F5804FA8BF4FF48041A942B8BF26
:10770000294626F812100132D0E4D7F8B01021F83B
:1077100013200133396E8B42F7DBD8E400234FF49A
:107720001042F7E7FA6DB96C786B22F0A6FFFA6D9C
:10773000D7F8B010B86C22F0A0FF002319461D4600
:107740004FF41042D7F8B00000EB430E786B00EB1B
:10775000430CB86C00EB4306B146E246F04600200D
:10776000D7F8C8B058452DDBD7F8C000D7F8B4809B
:1077700040452FDBD7F8AC00013188424344E1DCBF
:107780007B6DD7F8B820D7F87C0113431CBF636F1B
:1077900001336367D7F87C31DB69E3641AF00AFDD3
:1077A000D7F87C31DB6A002BD7F8BC3018BF6FF0FC
:1077B0000203C7F8BC30D7F8BC0007F5AA77BD466E
:1077C000BDE8F08F28F8025B01302AF8022B29F877
:1077D000022BC5E72EF810502CF8102026F81020A8
:1077E0000130C3E70EB477B507AA044652F8043B4C
:1077F0000192B3F57D6F4ADA40F6C3718B4216DC15
:1078000040F6AE718B4200F0BD802FDC40F6A671D1
:107810008B4200F0BF8040F6AA718B4278D040F6D0
:10782000A2718B4200F0B9806FF0040078E0A3F6FB
:10783000C4730B2BF8D801A252F823F0D1790100C0
:10784000E7790100297801002978010029780100F1
:1078500029780100297801002978010029780100A0
:1078600029780100F1790100017A010040F6BC712C
:107870008B4200F0CD8040F6BF718B4200F0278133
:1078800040F6B4729342CFD1089B436347E0A3F51F
:107890001C53123B1A2BC7D81A2BC5D801A252F879
:1078A00023F000BF637901002978010029780100E5
:1078B000297801002978010029780100BD790100AB
:1078C000297801002B79010029780100477901000E
:1078D0002978010029780100C17A01007B7A010032
:1078E0002978010029780100297801002978010010
:1078F00029780100837A010029780100DB7A0100F0
:1079000029780100E37A010029780100A57A0100B5
:10791000089B04320A2B019200F2E8808361002068
:1079200003B0BDE8704003B07047019B1A1D1B688F
:107930000192002BC0F2DA80226892689A4240F3EA
:10794000D5802362EBE7019B1A1D1B680192002B77
:1079500040F3CC80226892689A42C0F2C78063628A
:10796000DDE7019B1A1D1B680192022B00F2BE800D
:10797000012BB3FA83F3CCBF002201225B096261C1
:10798000E360CCE7089B0432642B019200F2AE80E6
:107990008363C4E7089BC362C1E7089B0432B3F565
:1079A000FA7F019202DC581C40F0A08062685149C5
:1079B0004A439A42D4BFA262A362B0E7019B1A1D58
:1079C0001B6801925A1E012A00F29080A360A6E76C
:1079D000019B1A1D1B680192A3F10802102A00F2F4
:1079E0008580C3639BE7019BC26B1B681A6096E7A7
:1079F000019B1A1D1B680192012B77D843648EE707
:107A0000019B1A1D1B680192002B6FD0426CEDE7A1
:107A10000646416856F8EC0B4368826803F58063BC
:107A20004B434A439B0003EB42031E44550019F0AD
:107A3000CBFD0021A0F14C0204F14C0022F045FEE8
:107A4000721900234FF41040216865688968694302
:107A500099420CDC022201210023C4E914214FF4D5
:107A60008072C4E91833C4F8D030A26557E722F811
:107A7000020B26F813000133E6E7019B1B68236322
:107A80004DE7019B1A1D1B680192002B3FF447AF85
:107A9000783403F1380253F8041B44F8041B934272
:107AA000F9D13CE7019B1A1D01921A68002A3FF4A4
:107AB00036AF1368C4F8B0305368C4F8B4302EE75A
:107AC000019B1A1D1B68019283B122688EE7089BF7
:107AD0000432019253B1C26C88E7019B1B68236496
:107AE0001DE7019B1B68C4F8E43018E74FF0FF3036
:107AF00016E700BFA0F703002DE9F0434F1E8046B4
:107B0000184658F827402C4B002C0E464FEA870E9B
:107B10004FEAD4714FF00205B8BF6442A542AC46AB
:107B2000A8BFA446A54253F82C90D4BF4FEA840CBA
:107B30004FEA850C013F59F80CC0614458F827C042
:107B40008CEAEC79A9EBEC79BCF1000F4C4410DA2B
:107B500004F1010CA542D4BFA946E146654553F89E
:107B60002990CCBF4FEA850C4FEA8C0C59F80CC019
:107B70006144002F05F10105D0DC96423446A8BFD0
:107B80001446964253F82440C8BF744402F10105DC
:107B9000CBBF626854F822202C463446AE4253F8DC
:107BA0002430D4BFAC000EF104041B59BDE8F043EF
:107BB0001A441AF0CFBA00BF28B203002DE9F84FDB
:107BC0008A42594E074618461346A8BF0B4614462C
:107BD00056F823300D4601328C42B5BF53F82130A0
:107BE00053F8243011462946954256F82110D4BF47
:107BF0009200AA00895819441AF0A2F9A7F1040EBC
:107C000029464FF0000C022927DC6300012DA5F165
:107C1000020203F101034FEA8202D8BF0022984218
:107C200034BF0026012675422B40C31A581C410858
:107C300018BFA0EB4103A41B89B2641A5842C91AA9
:107C40003A446C40484024B200B21460506014FBC7
:107C500004C410FB0040BDE8F88FA1424FEA810840
:107C600004F101022EDC56F821A04FEA820B5AF8EB
:107C7000222082428CBF00230123C3F1000909EABC
:107C80000202801A5AF82120904211D20A46013A83
:107C900056F822A05AF808B05845F8D3E31A9B1AB0
:107CA000A0EB0B0083EA09031BB213FB03CC19E022
:107CB000D34422465BF804BC5845EFD2013A5AF847
:107CC00022B0F9E756F8243053F8219056F82230C4
:107CD000484553F821300AD3984208D2A0EB090056
:107CE000224600234EF8043F013914468BE79842A0
:107CF00034BF4FF000094FF00109C9F1000A0AEA48
:107D00000303A0EB030B2246013A56F8223053F846
:107D100008008345F8D3A4EB09039B1AABEB0000E2
:107D200083EA0A03C0E700BF28B2030010B5C269A6
:107D30004469B2FA82F3C3F11001CA40110B083949
:107D4000C3F12000054BC00053F82130C0EBC40044
:107D5000401A934238BF013810BD00BF44C603002B
:107D600030B5B1F5807FC26911D9B2FBF1F3026A77
:107D70004362B2FBF3F3581C884201F1FF314FF02C
:107D8000FF30A1EB030188BF0020084030BD4B420B
:107D90000B40B3FA83F3C3F12004084D21FA04F435
:107DA000C3F11F0355F8244022FA03F3A4FB034355
:107DB00003FB1122914298BF0133D8E764C6030048
:107DC000B3F5807FF0B4C5690ED9B5FBF3F411B3F8
:107DD000066A5B1A2E4404FB1366511A06624C4372
:107DE000C461F0BC1AF014B95C421C40B4FA84F4CB
:107DF000C4F120060A4F23FA06F6C4F11F0457F80F
:107E0000266025FA04F4A6FB046404FB1356B3426F
:107E100098BF0134DBE79B1A04FB1354E0E700BF73
:107E200064C6030008B5C0F31003B3F5803F0246F3
:107E300005DDC3F50033C3F30E0018B908BDC0F368
:107E40000E0070B1B3F5004F04DA18B2BDE8084077
:107E50001AF052BE584200B21AF04EFE404200B232
:107E6000ECE792B2002AE9D1034A47F6FF70002BF3
:107E700018BF1046E2E700BF0180FFFF38B5B1FA36
:107E800081F3C3F10203002BD5BF5B4241FA03F437
:107E900001FA03F440FA03F5D8BF00FA03F504F53C
:107EA000004000141AF0D6FE031D43F3CF0335FB48
:107EB00003F0400080FB0442E40F023544EA420430
:107EC000C4EBA50434FB03F400EBC400B0F1005F85
:107ED00004DAB0F1604F04DD800038BD6FF000407F
:107EE000FBE70148F9E700BF0100008030B500233F
:107EF0004BF68034A04209D101FA03F5B5F5707F45
:107F000004D10AB100231360054830BD0133042BAE
:107F1000F0D10AB90020F8E74FF0FF331360F9E71A
:107F200068C803002DE9F84398464BF68033994220
:107F300004460D4616460ED045F6C05399420AD067
:107F4000B1F57A5F07D042F6E063994203D0B1F50C
:107F5000FA5F40F09380731E012B00F28F80A8F52A
:107F60000063012B04D940F60303984540F0868056
:107F700030461BF017FA00210246204622F0A5FBEE
:107F8000002340F69802C4E9002304EB02094FF4F1
:107F9000FA514FF47A52C4E90521E261142046F205
:107FA000A812C4E908020922C4E90B23C4E9026645
:107FB000C4E90E332667C4F8BC60C4F89050C4F816
:107FC000B4302561A362E36432462946484619F07D
:107FD000B2FD0746002854D1024642F220714846BD
:107FE000FFF700FCE26A40F6AA714846FFF7FAFB89
:107FF000254BC4F8A430C4E91F33A367C4F8883004
:108000004FF0FF33C4F88C306422D4F8903093FBE7
:10801000F2F2C4F8AC201822C4F8A820754341F24B
:10802000883205F6B835C4F89C20FA2293FBF2F3A7
:1080300063674FF480434FF00109C4F8A050A4F8DF
:10804000C03040F2514547F6FF73A4F8C830C4E988
:108050002599C4F86C80C4F884503C201AF00CFDBB
:1080600040F2E9330002C4F8C400C4F8F890C4F840
:10807000DC30C4F8EC503846BDE8F8834FF0FF37E9
:10808000F9E76FF00207F6E718FCFFFF2DE9F74F5D
:1080900092FBF1F647F6FF75322E32464FF0000E96
:1080A000B8BF32221C46192313FB05F393FBF2F3EE
:1080B000ED1ACB1E2DB272467746F4460193019B12
:1080C000734500F1100079DC2068A3686168ACEBAF
:1080D000000CD21A3CFB05FC32FB05F200EB4C0015
:1080E00003EB420323EAE37320EAE0708342A7EB49
:1080F0000107A36037FB05F7B8BF034601EB470153
:1081000021EAE171D22B2060616049DD1AF066FD41
:1081100005B2A0681AF062FD0FFA80F928461AF03D
:108120005DFD074648461AF059FD15FB09F16368E5
:10813000804605FB09F09842A8BF184601316060EF
:10814000FFF79CFE3FB20FFA88F8A7EB0803002B5D
:108150004FEA204212FB02F2C2F18040B8BF5B42FC
:1081600047F6FF7515FB03F51AF038FDB4F90C203E
:10817000364991FBF6F17B1C434495FBF3F510FB6C
:1081800005F343F3CF339B1A93FBF6F31344B4F98F
:108190000E201BB20A449342A381B8BF1346E38169
:1081A000B4F90E30142010FB03F0B0F5004FB4BF4B
:1081B00000B247F6FF7003B0BDE8F08F30F90C1C39
:1081C00030F90A3C11FB01F811FB03F14FEAA80852
:1081D000891013FB03F39B1030F910AC30F90E9C9F
:1081E0001AFB0AFB1AFB09FA08EBAB0801EBAA0120
:1081F00019FB09F903EBA90330F908AC30F9069C27
:108200001AFB0AFB1AFB09FA08EBAB0801EBAA01FF
:1082100019FB09F903EBA90330F904AC30F9029C0E
:108220001AFB0AFB1AFB09FA08EBAB0801EBAA01DF
:1082300019FB09F903EBA9030CEBA82C07EBA12709
:1082400002EBA3220EF1040E39E700BF71FDFFFF20
:108250002DE9F04FA5B004AF0446D7F8A800F961A6
:1082600040F2FC418142A8BF0146FB62B2F1000B23
:108270004FF00003BB633963C4F8943840F3A5871B
:10828000002840F3A287012807D1D4F890200A23C0
:1082900003FB0BF39A4200F09C872368E26EE3181D
:1082A0007B6340F603039A4218BF636F786B08BF85
:1082B0000023BB6207F13802D4F8A8307B6042F299
:1082C0001F71FFF78FFA4FF0FF33C4F88C30236F24
:1082D000022B5DD1A36F012B5AD0D4F89020F869FE
:1082E00004F580735946FFF7D1FE064659463A6BAE
:1082F00020461AF0B8FFD4F89430D4F89090C4F81F
:10830000A000014699FBFBF8F3B90C2000FB09F231
:10831000484392FBFBF202EBD27148BF0730491091
:1083200001EBE001386B91FBF2F18142A8BF0146FD
:10833000012901FB02F2B8BF0121D2000C203963F0
:1083400092FBF0F2C4F8A0203A6B022A36DDD4F892
:10835000A0203A62396A182202FB08F291422DDB12
:108360003A6BB8F1310F08FB02F2BA6000F3C98032
:10837000B2F5967F0EDBB1F5166F80F2C280D4F8AD
:10838000EC20D4F8DC000AB940F24D4220B30AE0F8
:108390000026ABE7D4F8EC20D4F8DC00002AF5D1B5
:1083A000A0B140F24D42B8F1190F65D1B0F57A7F16
:1083B0004FF0000540F090802E461EE0D4F8EC20EF
:1083C000D4F8DC00002A4BD100283FD1B8F1640F6B
:1083D00000F3848040F24D42B8F1100F77DCD7F8FB
:1083E000A830012B52D1B8F10C0F4FF00005D4BFCB
:1083F000012600266DD14FF0190840F24F439A42F2
:10840000A8BF1A464FF47A70D4F8BC3041461AF02F
:10841000FAFEFB6A3043012E187070DD3B6B022BB5
:10842000B8BF02233B63FB6A02215D70D4F894302D
:10843000002B40F0D286D7E90B021BF0E4FD0028A8
:1084400000F05C816FF002033B6357E1B8F1640F09
:10845000A7DD1546164640F2EA3040F24D42D3E71A
:1084600020B9B8F1640FB7DD054628E0B8F1640F14
:1084700099DD0025284622E0B8F1100F15DCD7F869
:10848000A830012BAFD0B0F57A7F07D1B8F10A0F31
:10849000A9D1052503264FF03208AEE70326322383
:1084A00093FBF8F54FF0320804E00025B0F57A7F31
:1084B0002E46A2D040F2EA33984214D1304640F220
:1084C0004E439A4219D0064640F2EA309CE7002516
:1084D00072E74FF0100890E70126E3E700252846F1
:1084E00040F24D42EFE740F2E93398428CD1B2F5C9
:1084F0008A6FB8BF4FF48A6286E70646ABE7012170
:1085000094E7226F7A62E26A3A61A26AE16EBA6126
:10851000E26F796140F6B9318A4200F0FB8040F6A3
:10852000BA318A4200F0F880D4F88C50002DC0F2A5
:10853000EA8040F247127969554340F601029142C0
:108540004FEA252502D1732DA8BF7325A26FFA60CB
:1085500012F57A7F00F0E280D7F824A0BAF1020F7A
:1085600008BF92467969C4F8BCA040F60302914264
:1085700040F0F78040F2EA32C4F8DC20D4F8B020B2
:108580001AB140F2EA32C4F8DC20BAF1010FD4F893
:10859000DC6040F06B81D4F8E420022A40F0668170
:1085A000616C002940F0628140F2EA30864200F0BE
:1085B0005D81D4F8E010814200F05881C4F844A0F5
:1085C000C4F8BC20BA6902923A69CDE90062424619
:1085D000D4F8BC10386A1AF0AAFE40F2EA318E4292
:1085E000D4E92032D4F8F880786100F04281B8F103
:1085F000000F40F03E81616D002940F03A81D4F8CF
:10860000EC10914200F38D8113F57A7F40F08D815B
:10861000BA6843F69723B3EBC20F80F2D28145F6D6
:10862000C053994515DCD4F8EC30B3F58A6F40F3AC
:1086300099814FF48A63B9F57A5FC4F8EC3008DCAD
:1086400040F24F43C4F8EC3042F6E063994540F302
:108650009C817B68D7F8AC50786BAB42A8BF2B46A7
:108660001A4640F6C4711D46FFF7BCF8D4F8DC305A
:1086700040F2EA329342D4F8B02040F0C281D4F8FC
:10868000EC307B62796A40F24E43994200F0AE8151
:10869000002A40F0B081D4F89010322391FBF3F31C
:1086A0005B4504DAD4F8DC20B2F57A7F16D101EB11
:1086B0004106322296FBF2F25A454FEA410C80F213
:1086C000CF81D4F8DC00B0F57A7F07D119209CFB6C
:1086D000F0FCDC4540F0B68191FBF0F3D7F8C82000
:1086E000CDE90252D7F8A8200192FA6A0092F969FE
:1086F0009BFBF3F220461AF0ABFE3863386B8437ED
:10870000BD46BDE8F08F7A69B2F5006F14BF302521
:1087100073251BE77F2519E7002517E77A6A022AE8
:108720001CD1D4F8BC1045F6D81246F2A81A02297A
:1087300008BF9246BA6902923A69019200220092F9
:10874000D7E908013B6042461AF0F1FD3B688245DB
:10875000ACBF4FF0010A4FF0020A03E7D7F824A09C
:1087600000E7D4F8882012F57A7F7CD1C6F5FF4067
:108770004FF47A5C7F3048F6A04232FB06F23CFBB5
:1087800006F65200760000B24FF47A4131FB00F158
:108790003CFB00F002EB410206EB4006921B05FB9E
:1087A00005F14A4306EBA2367A69B2F5006FD4F8B8
:1087B000E02040F2EA3108BF06F5FA568A424DD170
:1087C000A6F57A66BA6902923A690192002200928D
:1087D000386A7B61424651461AF0A9FD40F2EA32FE
:1087E0008642C8BF4FF47A72C4F8DC20226B7B69E2
:1087F0004AB1B969C5F18002B1EB221FC4BF4FF481
:108800007A72C4F8DC20D4F8B820A2632AB1642DAF
:10881000C4BF4FF47A72C4F8DC2041F2707142F2A6
:108820002832B8F1320FD8BF0A460BFB02F24FEAEA
:10883000C90192FBF1F2396B8A423FF79BAED4F843
:10884000DC2040F2EA318A423FF498AE642299FB80
:10885000F2F25A45C8BFC4F8DC108FE6002AC8BF40
:1088600006F57A66AEE7C4F8DC20E8E70022626429
:10887000A8E6796A02295BD1F9687548012975492A
:108880000CBF86468E46744874490CBF84468C469D
:1088900005FB05F1396207F1500179628A46002033
:1088A0005EF820105CF820506D1A396A4D435EF86E
:1088B0002010013001EBA53508284AF8045BEFD100
:1088C00040F2514540F24D40796AD1E906CEB8F107
:1088D000000F06D1D4F8F010A942ACBFACEB0E0CDF
:1088E000F44479698C4505DD796A013D0839854292
:1088F0007962E9D1C4E93B55B8F1000F52D140F299
:10890000EA318E421BD0A16DB9B9B5F58A6F14DB7F
:1089100040F24F41C4F8EC1040F24E418A423FF71A
:1089200073AE13F57A7F08BF1346C4F8EC306FE6D8
:10893000DFF81CE1DFF820C1AAE7954262E6954224
:1089400006DC13F57A7F3FF46AAEC4F8EC3066E6D5
:1089500013F57A7FC4F8EC20F7D145F6C05399455A
:108960003FF777AEB9F57A5F3FF773AED4F8EC30E6
:10897000B3F58A6FBFF664AE42F6E06291453FF709
:1089800068AE40F24F42934226D140F24E43B9F5D1
:10899000FA5FC4F8EC303FF75CAE40F24D43C4F8E8
:1089A000EC3056E6954201DDC4F8EC2013F57A7FF1
:1089B00001D0C4F8EC3040F2EA339E427FF428AE96
:1089C0002DE6D4F8EC2040F24F439A42D4BFC4F8CD
:1089D000EC20C4F8EC30C0E7B9F5FA5F3FF739AEE8
:1089E00040F24E4293427FF434AED6E740F24F431A
:1089F000C4F8EC301AB140F24D43C4F8EC307B625D
:108A000049E61AB140F24D42C4F8EC20D4F8EC200B
:108A10007A62B3F57A7F08D1B2F58A6FFFF63BAE82
:108A200040F2E933C4F8DC3035E640F2E9329342F3
:108A30007FF431AE7B6AB3F58A6FBFF62CAE4FF48C
:108A40007A73EFE796FBF0F65E4508BF134645E6FE
:108A5000FCC90300BCC903001CCA0300DCC9030035
:108A60003B6B013B1A463B62FB6A07F15000591C05
:108A700019F0EAFABB6A206FD4F8AC105B44BB6112
:108A800043435B00073323F00703ADEB030DBB6AE1
:108A9000C91A414303FB00F20DF1100A883152005C
:108AA00004EB4101504621F0E8FD3C2019F0E4FFC1
:108AB000D4F8C43040F2D732C3EB002030FB023090
:108AC000C4F8C400001219F0EEFFE36E256FB3F591
:108AD000006F024640F00481B96A40F6A71001FB1E
:108AE00005F610FB02F04FF47A71D4F8902092FB57
:108AF000F1F26FF4EB7190FBF2F0414301F180521F
:108B0000C1F170414900C7E9121280FB001C090C39
:108B100001EB0C417A64A1F50001921182FB010C7A
:108B2000000C00EB0C40F86382FB0201020C02EB2C
:108B300001420AEB46063A64CDE9006B012DF86963
:108B400004F1CC0307F13C0207F1440140F0C58079
:108B5000FBF7B2FF7B6A786BA3F24D43032B96BF02
:108B6000B84A1522D25642F21C71FEF73BFED4F8E9
:108B7000BC20786B42F21871FEF734FE786B4FF030
:108B8000FF3240F6A271FEF72DFED4F8DC30B3F5CB
:108B90007A7F28D0002240F6A671786BFEF722FE7D
:108BA000E26C786BB2FA82F25209520042F2127110
:108BB000FEF718FED4F8DC2040F2E9339A42D4F8EC
:108BC000943040F0EC8073B1D4F8A020636A786BE5
:108BD000D21A40F6A271FEF705FE002240F6B471EB
:108BE000786BFEF7FFFD256FD4F89000D4F8DC1009
:108BF0004FF4C87300FB05F292FBF3F25200D31D51
:108C000023F00703ADEB030D04ABB1F57A7FFB61F5
:108C100014D0D4F8E030994210D0002B0EDDD4F8F7
:108C2000AC30B96A591A884B90FBF3F001446943A0
:108C30008831F86904EB410121F01FFDD4F8AC60E4
:108C4000BB69F31A6B43002B04F5887040F3BC80BA
:108C5000BB6AA6EB0B06F61A6E430BFB05F176001A
:108C60008831324604EB410121F015FDBA6906F561
:108C700088706A4352005146204421F0FEFCB4F94A
:108C8000C8C047F6FF75AC4540F0A68047F6FF73B5
:108C9000D4F8DC60A4F8C83040F2E9339E42D4F83E
:108CA000FC2040F0F181D4F8BC30012B00F0C581EC
:108CB000002A00F005817B6EFA6EB2FA82F213444C
:108CC0003A6A0533B3EBC20F00F310810C22002186
:108CD00007F1500019F0E3F908E1FBF743FF39E72A
:108CE0000922D4F8903093FBF2F3B3FA83F3C3F183
:108CF0001F039BB2012199404A103A61BA6A02FBF4
:108D000005F66A000AEB46062046BA604FF00008F6
:108D100045457FF71FAFFA694FF0000C02EB4802A0
:108D2000FA60E146FA68D0F8CC1032F90C20C1EBB9
:108D30008232396902EB010ED0F8CC104EFA03FEF4
:108D40008E44D0F8D010C0F8CCE0521A396901EB4B
:108D5000020ED0F8D01002F500524EFA03FE8E44F7
:108D6000B2F1005FC0F8D0E04FEAA23E11DA374A14
:108D7000964511DB0FFA8EFEBA6826F80CE009F171
:108D80000109CB459444CDD108F1010802360830E1
:108D9000BEE747F6FF7EEFE7DFF8B0E0ECE7002B39
:108DA0003FF421AF012240F6A671786BFEF71AFD61
:108DB000D4F89820786B40F6B471FEF713FDD4F820
:108DC000A02040F6A2710BE706FB05F26FF001014F
:108DD000520001FB03A150E7266FB86BD4F8903026
:108DE000426B4068012E4BF6803191FBF3F190FB12
:108DF000F1F04FEA41012BD0D6464FF00008404534
:108E00000EF1040E2ADDB2F9003013FB03F3DB137D
:108E100013FB05F9EB1A13FB0C933EF8049C43F388
:108E2000CF3313FB09F94FEAE9392EF8049C3EF8D9
:108E3000029C13FB09F3DB132EF8023C08F1010836
:108E40000A44DCE70203040070FEFFFF0180FFFF1D
:108E5000AAF102084FF0000E704512DC00FB06F389
:108E60000AEB43034FEA460E002547F6FF78194602
:108E70008446E3451BDC0135AE4203F10203F6DC18
:108E800004E7B2F9003013FB03F3DB1313FB05F91E
:108E9000EB1A13FB0C9338F8029FDB1313FB09F357
:108EA000DB13A8F800300EF1010E0A44D4E70A885B
:108EB00018FB02F2D2130A800CF1010C7144D8E7BE
:108EC000236F022B7FF4F7AEB4F9C050E26DB5F515
:108ED000804FC0F2F180B2F5804FC0F2CD8040F2F9
:108EE000E9318E427B6EFA6E3FF4E7AED4F8DC30A7
:108EF00040F2EA3200269342C4F8F46000F04E815A
:108F0000B3F57A7F40F04981FD6E7B6EB5FA85F549
:108F10001D4407F15000193D19F04CF9ED10A84619
:108F20001126D4F8DC20786B40F2E9339A4201BF75
:108F3000636E7B64A36EBB640CBF07F14402002226
:108F400042F22C71FEF74EFC3246786B42F21A71F7
:108F5000FEF748FCD4F8DC20B2F57A7F3ED0D4F896
:108F6000E0309A421CD0002B1ADD40F6BC71786BC1
:108F7000FEF738FC00260223D4F89010CDE9003625
:108F80004FF4C872786B91FBF2F207F14403F96970
:108F9000FCF7E2FD786B324642F21271FEF722FCDA
:108FA000FB6E7A6EB3FA83F3C3F12003D21AB2EBED
:108FB000C80F13DCD4F89420786B40F6A671FEF746
:108FC00011FC07F15003CDE900835A46786B00236A
:108FD0005146FCF7C1FD051EFFF634AAD4F8BC309B
:108FE000D4F890107A6AD4F8DC0091FBFBF11AF007
:108FF0000AF9FB6A796E1870FB6EC4F89438B3FAFC
:1090000083F3C3F12003D4F8BC20D4F8DC00C4F807
:10901000E000C91A3B6AC4E9392BB1EBC30F4FF02A
:109020000002C4F8F82040F3C280FB6A01255A70A0
:10903000C4F89428691CFFF7F9B9796945F6C0535B
:109040009942B8BF1946A1F5BB43403B5B00B3F55D
:10905000804FA8BF4FF48043E365002A7FF43FAF01
:10906000236F022B22D1B4F9C050E26DB5F5804FC9
:1090700022DBB2F5804F19DAB5F5804F0FFA82FC8A
:109080001CD147F6FF751CE0796945F6C05399423B
:10909000B8BF1946A1F5BB43403B5B00B3F5804F19
:1090A000A8BF4FF48043E365002AD9D040F2EA33E9
:1090B0009E423FF41BAF12E70FFA82FC45F30E0508
:1090C0006D00BCF5804F18BF42F30E02BB6BD4F8A5
:1090D0009010D3F8348047F6FF7914BF520047F65A
:1090E000FF72A9EB0505A9EB02024BF680302DB209
:1090F00090FBF1F012B2596891FBF0F14000386139
:109100007D61BA6250464FF0000E714500F10400D7
:109110000ADC21EAE1710AEB81008B4500F10400D1
:1091200027DCA4F8C0C0C1E7B8F9003013FB03F393
:10913000DB13BA6A13FB02F57A69A9EB030313FB8D
:10914000025330F9045C30F9022CBA61AA1A5210A9
:10915000DB1313FB02F3BA69C3F3CF33ED1A1344E5
:1091600020F8023C3B6920F8045C0EF1010E9844A3
:10917000CBE730F9045C30F902ECBA6AA5EB0E03D8
:109180005B1012FB03F3C3F3CF33ED1A734420F8E3
:10919000045C20F8023C0131BFE71126396A07F16F
:1091A000500018F0F9FF0025D7F82080B9E6B0F597
:1091B0007A7F7FF43FAF022D7FF73CAFFB6A5B5DA8
:1091C000002B7FF437AF013DF5E74FF0FF33FFF79A
:1091D0003BB96FF00103FFF737B93963FFF78EBA78
:1091E000F0B516468BB0D0F8902004460D46D0F866
:1091F0009C1030461F461AF0E0F800230B490893F4
:109200000791216F06916FF00101CDE90431102320
:109210000193109B00930246CDE902563B46294636
:109220002046FFF715F80BB0F0BD00BFA9320300D0
:109230000EB433B505AB056853F8041B0193B1F5C3
:109240007D6F0446054438DAB1F57A6F4ADBA1F543
:109250007A612F2946D8DFE811F0590070007900B3
:109260009300B900D20042014F01DB00EE0009017A
:1092700016011E0126012E013901F70000014500EB
:10928000450063016D01A000B10077018501450033
:109290008E011202A6014500B001450045004500BF
:1092A0004500BA01C90145004500D301E201EC01C6
:1092B000F50145004500FE01080242F6FA229142FE
:1092C00000F0058211DC42F22872914200F00D821A
:1092D00042F22A72914200F00F8242F21F729142D2
:1092E00000F00E826FF0040022E042F60A32914252
:1092F00000F00C8142F60B329142F3D1043301931A
:10930000069B002B57D0D0F88C201DE0019B1B68DA
:10931000A3F50062012A03D940F6030293424AD121
:10932000D4F8F82012B9E26E9A4244D1E3660020E4
:1093300002B0BDE8304003B07047019B1A1D1B68A6
:109340000192002B37D0C26E1A60F0E7019B1A1D04
:109350001B68019213F57A7F0CD0581C0AD0002BA1
:1093600029DDB3F5FA7F08DD226F9F494A43934216
:10937000A8BF1346C4F8A430D9E74FF4FA73F9E74D
:10938000019B1D681A1D0192ADB1D0F8E81040F2A2
:10939000FC4219F068FF2860C9E7019B1A1D1B6891
:1093A0000192002B04DD026F9A4204DBA367BEE743
:1093B00013F57A7FFAD04FF0FF30B9E7019B1A1D01
:1093C0001B680192002BF6D0826FBDE7019B1A1D2E
:1093D0001B680192A3F24D42042AECD8C0F88430F5
:1093E00040F24D42934203D14FF4FA5363619EE73A
:1093F00040F24E42934218D142F6E063F6E7019BF9
:109400001A1D1B680192002BD5D0D0F884209BE751
:10941000019B1A1D1B680192A3F24D42042A07D931
:1094200013F57A7FC7D1C0F880304FF47A53DDE767
:10943000C0F88030D4E7019B1A1D1B680192002BF5
:10944000B9D0D0F8EC207FE7019B1A1D1B68019270
:10945000012BB0D8C0F8B83069E7019B1A1D1B6812
:109460000192002BA7D0D0F8B8206DE7019B1A1D00
:1094700001921A680A2A9ED8C26240F6AA7128464A
:10948000FEF7B0F953E7019B1A1D1B680192002BF0
:1094900091D0C26A58E7019B1A1D1B680192012BEB
:1094A00089D8036343E7019B1A1D1B680192002BB7
:1094B00081D0026B48E7019B1A1D01921A68642A49
:1094C0003FF679AF826240F6AE71D8E7019B1A1D74
:1094D0001B680192002B3FF46EAF826A34E7019B58
:1094E0001A1D1B680192012B3FF665AFC0F894303E
:1094F000C3F10103C3631AE7019B1A1D1B680192A4
:10950000002B3FF458AFD0F894201DE704330193AB
:10951000069B5A1C652A3FF64EAFC0F88C3006E712
:10952000019B1A1D1B680192012B3FF644AFC0F846
:109530009830FCE6019B1A1D1B680192002B3FF43A
:109540003AAFD0F89820FFE6019B1A1D1B680192E4
:1095500013F57A7F04D0A3F6B932012A3FF62BAF78
:10956000E367E4E6019B1A1D1B680192002B3FF4A0
:1095700022AFC26FE8E6019B1A1D01921A68002A09
:109580003FF419AFD0F890304FF4C87193FBF1F36A
:109590001360C06E40F6030188423FF4C8AE616FAD
:1095A0000B441360C3E6019B1A1D1B680192002B3C
:1095B0003FF401AFD0F89020C6E6019B1A1D1B684E
:1095C0000192002B3FF4F7AED0F89428BCE6019B43
:1095D0001A1D1B680192A3F10802102A3FF6EBAE98
:1095E000C0F8A830A3E600BFE0930400019B1A1D59
:1095F0001B680192002B3FF4DEAED0F8A820A3E652
:10960000019B1A1D01921A68A2F59C53083B092B75
:109610003FF6D1AEC0F89C2040F6C8712FE7019B01
:109620001A1D1B680192002B3FF4C5AED0F89C2098
:109630008AE6019B1A1D1B680192012B3FF6BBAE07
:10964000C36474E6019B1A1D1B680192002B3FF452
:10965000B2AEC26C78E6019B1A1D01921A68012A0B
:109660003FF6A9AE40F6CE7109E7019B1A1D0192A3
:109670001A68002A3FF49FAE40F6CF71FFE640F231
:10968000DC720021BC3021F020F840F6BC71284685
:10969000FEF7A8F8236FC4F8BC304FF48043A4F859
:1096A000C03047F6FF73A4F8C8300123C4F8F8307F
:1096B00040F2E933C4F8DC3040F25143C4F8EC30F6
:1096C0003C2019F0D9F90002C4F8C4002FE6043395
:1096D0000193069BA3F57A72022A03D913F57A7FC8
:1096E0007FF469AEC4F8883021E6069AC0F8B0204D
:1096F0002846FEF777F81BE6069AC0F8FC20F7E745
:10970000069A04330193002AF2D154E64B420B40EF
:10971000B3FA83F30246C3F1200010B521FA00F03A
:10972000074CC3F11F0354F8200022FA03F3A0FBF7
:10973000033000FB1122914298BF013010BD00BFE1
:1097400064C603002DE9F04F9BB002AF01EBD1716D
:10975000B7F990407A623C624C10BC637C6AD7F8DF
:109760008C2004EBD4746410BC62D7F88840246861
:1097700003EBD37304EBD47464105B107B63B4EB22
:10978000610F21F0010300EB0305A4BFBB6B03F1E4
:10979000FF34D7F888301C60BB6B9B000B3323F081
:1097A0000703ADEB030D02EBD2726300FB615210B5
:1097B00007F148037A61019307F14C0300937B6B37
:1097C00029460DF1080BA5EB4402284619F0F3FEDB
:1097D000FB6C3B64CBF800307B6B05EB43063B6CCA
:1097E0000121BA6B914240F3E2805BF824307B6444
:1097F000BB6CFB631846D7E9101219F060FFBB6A17
:1098000038635B003B61BB6AF86203EB4303BB61F7
:1098100045F69A1313FB00F3DB13FB60A24647F2F5
:109820003333022613FB00F3BB60FB697100981908
:10983000FFF76CFFBB6A834280466EDC022E40F06D
:10984000C680BB6B04EB00099945C8BFA14607F170
:109850005003019307F148036FF00101009301FBEE
:1098600009527B6B01FB0851284619F0A4FEBB6C22
:109870003A6D5BF8291013445BF828200A445B100A
:109880004FEA6209396CBB644A4618467B6019F09E
:1098900016FF7B69A8EB0302511C02297B6840F28A
:1098A000A0800232042A00F29E8006FB06F202EB40
:1098B0008202A24280F297803A6A5110FA6842F21C
:1098C000656C521A6245D7F818C0CCBF12B242F28A
:1098D0006662C44540F38980D7F830C046F6CD4271
:1098E00012FB0CF2C1EBE23243F232318A4240F316
:1098F0008A8012B2824206F101067A6CB8BF4A46EB
:109900007A64B8BFC246FA6BB8BF1A46FB6AFA63FC
:10991000B8BF0346102EFB6287D1FB6B23EAE370CE
:109920007B6C984272DA19460131FEF7A7FA0014EF
:109930006FF00102CAF1010302FB0AF207F15406BB
:109940005B00043A002105EB030C0C46D7F834E029
:10995000A6455EDC023B9A4246F8041BF2D1D7E9E9
:109960001523F96D8E1A9C1A45F69A1534FB05F4E9
:10997000B6EB440F55DC521A5B1A33FB05F3B2EB1E
:10998000430FCCBF4FF0FF330023D7F88820796A0C
:1099900003EB4A038B42ACBF13601160FB6A834246
:1099A000A8BF034618B26437BD46BDE8F08F30F952
:1099B000022D12FB02F21A4436F9023D13FB03F3A7
:1099C000D31A23EAE3724BF82120013109E7164B41
:1099D00053F82600604306EB4000FFF797FE8146F0
:1099E00035E7396A6AE7002168E7D7F810C0C4454F
:1099F00080DDBA68C1EBE232B2F5804FBFF679AFD5
:109A00004FF4804276E743F2333273E747F6FF7054
:109A10008EE735F814E03CF9028B1EFB0811013487
:109A200094E70123B1E700BF3CCA03002DE9F04FE2
:109A30008FB0DDE91F450893BDF9843009930023F9
:109A4000CDE90C331A9B0692199A1D9F039102339C
:109A50009342824604DA03222946384618F01FFB57
:109A60000DBB7C4B33F9143004937B4B33F914302A
:109A700000931E9B039A039D03EB43030793069BEE
:109A80009B1A1E9A5343A3EB830301930023029373
:109A9000069B9D420CDB229B0298002B18BF0020E6
:109AA0000FB0BDE8F08F41F2333304930023DFE7BA
:109AB0000DF1300B4FF00008DAF80830089A5BF827
:109AC000046B03FB085332F91310189A32F9133060
:109AD000624A9A42B8BF1A4605920598009A12FB4C
:109AE00000F4803424120998C4EBC114A41B1B1A7F
:109AF00004F5803213F5E04F4FEA6242B8BF584B8D
:109B00000B92A8BF1BB2002A09DA8B4207DD5B1A51
:109B100002EBA322002ACABF00230B920B93FB691E
:109B20007A69DDF82C90B3FA83F3C3F12003D21ADB
:109B3000199B9A1A019BD118039B9D420AD01729A1
:109B400008DC4B46012BA8BF01230F29D8BF43EAED
:109B5000E3730B93229B2BB1012DC2BF0B9B03EA36
:109B6000E3730B930E2A54DD1B9B1B99142D2A467D
:109B7000A8BF142203EB420311F812205B78D20134
:109B80009B010BA9384618F033FF0B993548DAF8DA
:109B90000830403400EA812003FB0853C0EBE41096
:109BA0001C9CA9EB010924F81300B9F1000F029BDA
:109BB00005982D4CB8BFC9F100094B440293009B96
:109BC00013FB00F3803306EB232303EB4143A34253
:109BD000DAF80800B8BF234600FB0850189C403351
:109BE000DB118A0224F810301212049B13FB02F2DC
:109BF0001E9B06EB414608F10108B61A43454BF897
:109C0000046C3FF759AF019B079A13440135019348
:109C10003EE7012A10DD0B98144A01280146A8BF2F
:109C2000012141EAE1710B91490081EAE0710223CF
:109C3000384618F040FAA8E708D10B9901EAE1711B
:109C40000B913846494218F02AFA9EE74FF0FF334D
:109C50000B939AE716F603001EF6030000DCFFFFE5
:109C60000090FFFF00FCFF030000C8FF0603040094
:109C70002DE9F04FB1B00CAFC7E90823D7E9365250
:109C80001268FA603A6AF962D7E9324B8146A2EB70
:109C90000108002D40F02081D7F8E0205AB9F9687A
:109CA00008FB0BF2B1EB420F05DDD7F8D4108A4266
:109CB000ACBF002501250022D9F8086094469646DD
:109CC000D7F8B810F86A01EB420AD7F8BC1001EBDC
:109CD0004201B9627B6A834200F300810EF1010EFA
:109CE000F3453244ECDCE3696269B3FA83F3C3F110
:109CF0002003D31A4FEAAC3AD7F8C0207B62BAF1FE
:109D0000C80F03F10303A8BF4FF0C80A934284BFF2
:109D10000025C7F8E050B8F10A0F40F3EC80D7F8FF
:109D2000D4304FEAC318B8F5804FA8BF4FF480482D
:109D30000FFA88F8D7F8E830A646002BBEE80F00E7
:109D400007F1300CACE80F00BEE80F00ACE80F00E4
:109D50009EE80F008CE80F000BFB06F2A369BB61C5
:109D60004FEA420202F1070323F00703ADEB030DB4
:109D70000CA9B962ADEB030D0CABD7F8BC10B86AF7
:109D8000FB6118BF4FF4406820F077FCD7F8D02073
:109D900054235343BB60D7F8E0302B437B611FD083
:109DA000D7F8E8300594CDE90983CDE906B201235F
:109DB0000893FB690493BA68654B134403937B6A69
:109DC0000293D7F8C0300193BB6A0093D7F8B8303C
:109DD0003A6AF96A4846FFF729FE7861002D66D194
:109DE0002046FDF7A3FF254678600FCD07F16006FA
:109DF0000FC60FCD0FC695E80F0086E80F00BA69B1
:109E00002368A6691344B61A3B61F31D23F00703C8
:109E1000ADEB030D0CAB3969BB613246184620F03F
:109E20002CFC07F1300CBCE80F00A646AEE80F0092
:109E3000BCE80F00AEE80F009CE80F0085E80F00BB
:109E4000D7F8E830CDE9098300230893D7F8D0305C
:109E50000594CDE906B3D7F8C4300493BA683D4BF6
:109E60001A4403927B6A0293D7F8C0300193D7F863
:109E7000BC300093D7F8B8303A6AF96A4846FFF721
:109E8000D5FDD7F8E030002B4BD07B69834235DA23
:109E900007F160050FCD0FC40FCD0FC495E80F007B
:109EA00084E80F00B9693869324620F0E6FBD9F83A
:109EB0000820B96AD7F8BC0002FB0BF2520020F070
:109EC000DCFBD9F80820F969D7F8C40002FB0BF2D3
:109ED000520020F0D2FB33E00125ECE63AF91010F5
:109EE0000B46B96A31F91010C910C1EBE30101301A
:109EF00011FB01CCEEE64FF480481BE711D1204660
:109F0000FDF714FFD7F8C020D7F8E4305343FA68C0
:109F100053434FEA4B22B3FBF2F37A680344934274
:109F2000B6DCD7F8D0200C4B33F91230D7F8DC2050
:109F300013FB03F31268DB1332FB03F20AEB420A52
:109F4000D7F8DC309437C3F800A0BD46BDE8F08FE9
:109F500033030400090304001EF603002DE9F74F44
:109F6000CDE900230C9E00244FF6872C4EF69F3E31
:109F700043F682584FF44847DFF8C09000258D42E1
:109F80000ADB0A46009B9A4250DB0D9B01349C423F
:109F9000F2DB03B0BDE8F08F836803FB045B019B39
:109FA00053F82B30002B3FD0B3FA83FACAF11F02CB
:109FB00092B20F2A8DBF0F3AC2F10F02934043FABB
:109FC00002F293BF03F5804302F5804213B21BB245
:109FD00013FB0CF2D21302F6F11213FB02F20EEB9A
:109FE000E23213FB02F208EBE23213FB02F3DB1363
:109FF000A3F5D453093B43F30B13CAF1120A03EB45
:10A000008A231BB219F9012B92B2A3EB821326F813
:10A010001B30836803FB0453013536F8132002F527
:10A02000006226F81320AAE7054BEBE7836803FBE1
:10A030000423013226F81370A4E700BF590404007A
:10A040000180FFFFB1F5807F10B5024602D9B0FB59
:10A05000F1F010BD4B420B40B3FA83F3C3F120047F
:10A06000C3F11F03D84021FA04F4054B53F8243000
:10A07000A3FB003000FB1122914298BF0130E8E7BA
:10A0800064C603002DE9F04F93B000AFD0F808A0EC
:10A09000BB61D7F880307A63072B0246D4BF002219
:10A0A0000122D200FA61002BACBFC2EB0302524284
:10A0B000D7F89430F863022B8B46BA6340F0B68031
:10A0C0007B6BB84A5B1A12F80380BB6B4345C0F246
:10A0D000AD80A3EB0802072AD4BF00230123D900D7
:10A0E000A2EBC3033963BB634FEA8A03073323F050
:10A0F0000703ADEB030DC7F844D0ADEB030DC7F874
:10A1000028D0ADEB030DC7F82CD0ADEB030DD7F87D
:10A110009430D7F89810DB003B647B6F053B5D1AE9
:10A120007B6B6C465A465E1E01F1030C7B6B9A42B8
:10A13000FB6B7FDB9B6A3B6203F1FF3C012101EB80
:10A140000C00401000227D6B0AFB00FE16465D45A8
:10A1500005F1FF3300F39D80BB6B9342B4BF00F168
:10A16000FF3C411C6145EADD01F1FF3C0AFB0CFEAE
:10A17000F244C7F824B05D467B6B9D42C0F2C480B8
:10A18000D7F89430012BD4BF002301233B62D7F8CA
:10A190009830DB007B614FF0400C062300260CEB6F
:10A1A000060100247A6B49102046934502F1FF35E1
:10A1B000C0F2FA80BA6B8242B4BF8C460E46013BB5
:10A1C000EDD17A6B1C46934502F1FF30C0F210814D
:10A1D0004FEA4B037A6B3B61D7F888307A6403EB24
:10A1E0008203BB623B6C0833FB606E4BA3EB0B033B
:10A1F000BB607B6C03F1FF395B00BB617B6A4B4545
:10A20000BB6BC0F22081FA691344BB63B8F1000F45
:10A2100040F09B81BB6FBBF1000FC3F80080C0F220
:10A22000CD81BB6B3A6B1344BB63AAE100233B6354
:10A23000984659E79B6903EB420133F91230B1F9B3
:10A240000210C91AD7F8983001EB410098403B6CD6
:10A2500040F35B009842B8BF1846D7F89430814667
:10A26000D7F898004B43A6EB020E81406B430129BF
:10A270000EFB03F308BF396C03FA0CF34FEAA31388
:10A2800008BF5B1AF96A44F8223041F82290013283
:10A290004CE7FD6BAD6905EB430935F91350B9F98E
:10A2A0000290A9EB0509D7F8945005FB09F9FD6B5D
:10A2B000ED6A7544ED5C05FB09F9D7F8985009FA89
:10A2C00005F94FEAA909B9F1000FC2BF54F82350AC
:10A2D0004D4425EAE579BD6955F82350A944FD6A46
:10A2E00055F823504D4500DD4EB13D6F55F82360C4
:10A2F000B145D4BF4A44921901261D4627E73D6C5B
:10A300004D45D8BF5219F8E7FB6B9B6903EB45023B
:10A3100033F91530B2F90220D21AD7F894305A43E3
:10A32000FB6BDB6A03EB0E00465DD7F898005643E3
:10A330008640386A8842CBBF53443B6F5B5D53F81D
:10A340002530C4BF5343D7F898204FEAA606C4BFB0
:10A3500093409B10002EC2BF54F82520921922EA88
:10A36000E276002BC8BF54F82500BA69C8BF1B1895
:10A3700052F82520786AC8BF23EAE373BCF1000FC6
:10A38000C8BFB6181344002AC8BF28467A6C786242
:10A3900042F825609B1BBA6A23EAE37342F8253032
:10A3A0000135E9E672040400BA6AD7F844E052F8CD
:10A3B00025205EF825E04A430EEBA212D7F82CE0E8
:10A3C0005EF825E0C7F818E0724500DA4CB13C6F42
:10A3D00054F82540A242D4BF8018001901242A460F
:10A3E000E3E6D7F840E09645DCBF72468018F6E712
:10A3F000BA6A796C52F8202051F82010724301EBB0
:10A40000A212F96A51F820108A4212DA23B9396C83
:10A410009142C8BF00210A46396F51F820108A4284
:10A42000A8BF0A46D7F88810144441F820200246F5
:10A43000C9E60123F0E70023BA6AC7F8449042F85E
:10A44000043DBA62D5E61E1BFB6BD3F818A0BB69AE
:10A450003AF903503B693AF903207A60A91A304669
:10A46000FFF7F0FD3AF919307A68ED1A00FB116632
:10A470009B1AF61ABB6AFA6853F8043C05FB003ACB
:10A48000FB6A53F82930002EA8BFB2449342B8BFEC
:10A4900013469A4537DBD7F8A030002B45D07B6CAC
:10A4A000112B25DDD7F8A4304B45CCBF072309235A
:10A4B000796C0BF1020291420BDD5D43D7F89830C5
:10A4C0009D4045F35B05AA4514DDD7F8A8304B4500
:10A4D00010DB0122D7F89C00114617F0E0FDB8F11F
:10A4E000000F35D1BB6FBBF1000FC3F8008044E013
:10A4F0000023DDE7D7F89C000122002117F0CFFDF3
:10A500000834AAF1080ABB6A53F8043C4344E31A2E
:10A51000B8F1000F02D0BA6812F8098003EB080402
:10A520003B6C534587DC1C4486E7D7F89C0001212F
:10A5300017F0C5FC0028E3D0B8F1000F25D1BB6FA0
:10A54000BBF1000FC3F800802BE0D7F8A030E3B1D7
:10A55000BB6F796C1B68D7F89C009942A8BF19465D
:10A56000BB6F19607B6C5A1CA2EB0B02A1EB0B01B9
:10A5700017F0F0FDBB6F1B689B45BFF652AE3B6BFF
:10A580001BBBFA6F0023136026E07B6CD7F89C009E
:10A59000591CA1EB0B0117F0D3FCBB6F584418609A
:10A5A0008345BFF63EAE3B6B002BEAD0D7F89C004C
:10A5B000012117F084FCFB6F18600DE03B6B002B52
:10A5C000DFD0D7F8A030002BF0D0FB6FD7F89C007D
:10A5D0001968012217F063FDBB6BBA691C1BFB6B8A
:10A5E0009B69995E33F91B302046C91AFFF72AFD93
:10A5F000D7F8883003EB8B0900FB11414FEA8B0C35
:10A600004C465B467A6C9A422EDC4C4658467B6C34
:10A61000834239DCD7F88C3003EB0C063B6A0333FA
:10A62000D8464FF0000A3B637B6C43453FDC7A6CB5
:10A63000A3EB0B039345C8BF0023D7F88420C2F8CF
:10A6400000A0D7F888205B4402EB8300D7F88C2069
:10A65000002402EB83017A6B9A4200F3E480786C69
:10A660004C37BD46BDE8F08FFD6B2268AE6906EB46
:10A67000430536F91360B5F90250AD1B00FB052206
:10A6800044F8042B0133BDE7FB6B9B6903EB4002ED
:10A6900033F91030B2F90220D21A8A422368A8BFD7
:10A6A0000A46134444F8043B891A0130AFE7FB6BB8
:10A6B000D9F800009B6903EB480233F91830B2F96E
:10A6C00002C0ACEB030CD7F898300CFA03FCBCF1D9
:10A6D000010F4FEA4805504440F396803B6F53F812
:10A6E0002840D7F89430041B24EAE474001B022BA2
:10A6F000C9F800000CFB03F17DD1BCF1020F7AD048
:10A70000FB6F1B68002B76D1BB6F1B689845ACBFF5
:10A71000002301231944FB6B1A6B535F7A691344BE
:10A720006FF0140202FB01F54B43CA00BCF1020FAB
:10A7300005EB630508BF05EBA20500EB050CBCEBC0
:10A74000011FBA634FEA410257DA05EBA30528441B
:10A7500000EB810020EAE070FFF774FCC008306075
:10A76000D7F89420D9F800305043B0EBE30FC1BFC5
:10A770003A6A1341DB1033603368BA6B082BA8BF09
:10A78000082333605343D9F800201544AB42D7F86F
:10A790009020B4BF0023012342F82830D7F894203A
:10A7A00033685A43D9F80030A3EBC203C9F800302C
:10A7B000D4B132683B6BC2F1080144FA03F38B4217
:10A7C000A8BF0B461A443260D7F89420D7F89010EF
:10A7D0005343A4EB0A0ABAEBC30FD4BF01220022F1
:10A7E00041F82820A4EBC30408F10108043609F15C
:10A7F0000409A24618E700238CE70A44BCEBC20F09
:10A80000B8BF05EBE305A2E73B6CC41A24EAE47485
:10A810000023001BC9F800003360D7F890300122F4
:10A8200043F82820C4E702683D6A2A41D2100A6032
:10A8300040F8044B51F8042BD7F89050002ACCBFB5
:10A840000022012245F82320013304E74B420B404C
:10A85000B3FA83F30246C3F1200010B521FA00F0E9
:10A86000074CC3F11F0354F8200022FA03F3A0FBA6
:10A87000033000FB1122914298BF013010BD00BF90
:10A8800064C603002DE9F04F85B01E460292DDE953
:10A890000E23B1EB420F83460C4651DD002B4FD007
:10A8A00047F6FF79013B19FB01F7384951F82300BE
:10A8B00000FB024018F0CEF987FB0030DB0F43EAC3
:10A8C000400313FB03F31F143846FDF7ABFA804631
:10A8D000A9EB0700FDF7A6FAB4EBC60F814632DB01
:10A8E000B11001231F46013303FB07F206FB0212DE
:10A8F0009442F7DCB6F5807F27D9B4FBF6F4C9F1B2
:10A9000000031BB24FEA440A00250393AE4217DD51
:10A91000029B002B1FDA3FB1CDF800804B463A4630
:10A920002146584619F0C8FB5846CDF800904346DA
:10A9300001222146013519F0BFFBB542D344EADBC1
:10A9400005B0BDE8F08F0027D4E720463146FFF779
:10A950007DFF0446D3E7039B009301224346214633
:10A96000584619F0A9FB01356FB1C8F100031BB2BD
:10A97000009358464B463A46214619F09DFBAE429D
:10A98000D344E8DCDCE7D344C0E700BF7CCA030063
:10A9900010B5094C0A44914200D110BD11F8013B99
:10A9A000584003090001E35CC0B2434018091B0191
:10A9B000205CDBB25840EEE78A0404002DE9F04F3A
:10A9C00091B08407009302F004030293C2F3C20320
:10A9D00003F10103DDF86890039205460E460593E6
:10A9E00040F0BA81041D30B1072909D86FF01B006F
:10A9F00011B0BDE8F08F01F00706341DC6F108065E
:10AA0000009B4FF00008591E4FF0040A4FF0FF332F
:10AA10000193CDF810804746C34653460DB1009AC6
:10AA200022600598002800F3E8809848009A824246
:10AA300003D397488242C0F0E080039AA4EB050E4E
:10AA400092074FEA9E0000F103810F2F00F2B180C0
:10AA5000002D00F0058107F140020DEB020C019A78
:10AA60000CF8200C0CF8102C049801300490E7E04E
:10AA70007A285DD84B280ED8472859D829282DD8B0
:10AA8000252852D054D820287AD02338D0F1000B72
:10AA90004BEB000B74E04C382E2849D8DFE800F06F
:10AAA0007048484848484848484848484B484848FB
:10AAB000484848484859484B4B595959704B6D487C
:10AAC0007048184B184848827F4B48484B487F00D5
:10AAD00000204FF0000B4FF0040A38E02A38C0B2D3
:10AAE000012202FA00F010EA0E0F49D110F0625C68
:10AAF0002FD110EA020B43D06046013C5444B4FB12
:10AB0000FAF40AFB04F4002D61D0A3EB050CA44475
:10AB1000B4453FF66BAF002868D1042B47D159F8F4
:10AB2000043B2360043404232AE0019A013A019291
:10AB30004FF0000B24E011F8010C6C2834D111F80F
:10AB4000023C00206C2B8346C5D14FF0080A5346C7
:10AB5000D3E709F1070929F007090734F9E802AB3F
:10AB600024F0070435B106982044B0423FF63EAFCA
:10AB7000C4E900AB08344FF0000B4FF0080A53460D
:10AB800011F8010F002878D0BBF1000F7FF470AFEF
:10AB90002528F5D1019B013301934FF0010B4FF0B4
:10ABA000040AECE7584694E700208346A5E7082B03
:10ABB00002D06FF015001BE709F1070929F007091A
:10ABC000F9E80223C4E9002308340823D8E768B968
:10ABD000042B02D109F10409A4E7082BE9D109F1FA
:10ABE000070929F0070909F10809EDE7059A013A73
:10ABF000059259F8042B009210E7039A900720D58C
:10AC0000A4EB050E4FEA9E004FF0010CBEF5007F4D
:10AC1000CFD20F2FCDD8F5B107F140020DEB020EC8
:10AC2000C0B2019A0EF8200C0EF8102CBCF1000FE7
:10AC30003FF41AAF60F07F000EF8200C08F1010815
:10AC40000137C5F10802043406924FF6DA7E97E721
:10AC50004FF0000CDAE7BCF1000F01D00136EFE74E
:10AC6000029802360028EBD10098CDE90631F6F7BC
:10AC70008AFADDE906310644E2E7631BB3F5806F2B
:10AC800097D23DB9A6F10804E018B1E638A8030050
:10AC9000A4330400029A28609B082B709DF81030A2
:10ACA000C2B1EB7085F80280B8F1000F05D008A89A
:10ACB0000022C5F1010C97420ED1C5F101030DF13F
:10ACC00020094FF0000A01930DF1300B574512D1C6
:10ACD000601B8DE66B70E5E710F8013B190608D59F
:10ACE00004EB0C0EB64503F07F033FF67FAE04F88D
:10ACF000013B0132DFE7B8F1000F03D099F90020E2
:10AD0000002A17DB029BD3B11AF80B2004F8012BA1
:10AD10000022019B98182044B0423FF667AE99F894
:10AD2000000004F8010B0099039220461FF0A5FCD7
:10AD3000039A14440AF1010A09F10109C6E799F8D6
:10AD4000002055F822300093029B45F822300098ED
:10AD5000F6F719FA421CDCE76FF00D0048E600BF79
:10AD60002DE9F04F97B000AF90F802A0D7F880B06F
:10AD70003B62CBF3C0030446FA62BB61894641B92A
:10AD8000457800780AEB800020444D4517D8A0EBA9
:10AD90000409E378FB61BAF1000F02D01BF0010F48
:10ADA00016D1FB6953BBFB6A1BB13A6A4946204680
:10ADB00098474D4628465C37BD46BDE8F08F461C97
:10ADC0003046F6F7E0F90130304409F10109DCE7DB
:10ADD000237862687A62FA6A9900796104EB8301E8
:10ADE000002A40F000814D460E4601EB0A094FF063
:10ADF00000084E454CD101EB0A0610E01BF0020F93
:10AE0000D1D023789A007A6162687A62FA6A04EB98
:10AE10008301002A77D14D4601EB0A0690461BF0CC
:10AE2000050F0CBF02230123FB62FB6906EB430AFB
:10AE30000BF00203BB625645BCD016F8021B16F895
:10AE4000013C54F82390AF4B994502D3AE4B994542
:10AE500036D3BB69002B40D0786A19F0D3FD0028A7
:10AE60003BD0E9468AB06A46A84B53617B6AC2E987
:10AE700006314FF400731384A54B42F8103FA548E8
:10AE800000234FF4125101F045F8023DCD46D2E7C0
:10AE900016F8013BF96254F82300F6F774F9D7F875
:10AEA0008430F96A01304BB1D7F8883098453EBFFD
:10AEB000D7F8843023F8180008F10108054498E712
:10AEC000BB6923B1786A19F09DFD0028C9D11BF038
:10AED000010F05D1FB6AED1AADE7BB6A002BAAD0C2
:10AEE0004846F6F750F9D7F8843053B1D7F8883090
:10AEF00098453FBFD7F88420431C22F8183008F14A
:10AF00000108054497E7BAF1000F72D01BF0040660
:10AF100072D0D046002607F1480052463B61B96224
:10AF20001FF0ABFBB96A3B6901EB0A02BA62FA692E
:10AF3000F9695200FA60BA6A02EB41023A610BF019
:10AF40000202BA603A69B96A8A4257D162787A6273
:10AF50001BF0020F32440CBF4FEA580100211BF0D6
:10AF6000010FD2B240F09F801BF0040F14BF404687
:10AF70000020BB616270A070E1703A6A7969FB6A77
:10AF800020469847051EFFF615AFBB6923707B6A04
:10AF90006370FB69E37041463A6AFB6A84F802A079
:10AFA00007F148009847B0F10008C0F2B5807B690E
:10AFB0003A6AA9EB0A01C91AFB68C91AD7E90A0358
:10AFC00098470028C0F2AA80A84408EB00054FF07B
:10AFD000000B07F1380AB34567D300213A6AFB6AD0
:10AFE00008469847E6E656464FF0000807F1380055
:10AFF00093E75646D04697E7B04695E7BA6A12F807
:10B00000021BBA6212F8015C3E4A54F825009042D5
:10B0100002D33D4A90421ED3BA6932B1786A7B604E
:10B0200019F0F0FC7B6800288CD1BA6802BB08F1EB
:10B03000280207F1300C08F10100944407F158028E
:10B0400052FA80F008F102080CF8101C5FFA88F838
:10B0500000F8105C76E7BA693AB1786A7B6019F05B
:10B06000D1FC7B6800287FF46DAF1BF0010F09D085
:10B0700006F1280207F13000711C161806F8205C52
:10B08000CEB25FE71BF0040F3FF45CAF08F128027B
:10B0900007F1300008F1010102EB000808F8105C2C
:10B0A0005FFA81F84EE7002063E71BF80A3087F863
:10B0B000373054F82390D7F88430FBB133F81B8035
:10B0C0003A6AFB6A012107F137009847002825DB1F
:10B0D0000544B8F1000F06D14846F6F754F800F1E0
:10B0E00001081FFA88F83A6AFB6A414648469847C1
:10B0F000002813DB05440BF1010B6CE7D7F88480C3
:10B10000DEE700BF38A80300A43304009A0404005B
:10B110000400000100AD030045464BE6054649E644
:10B1200080B505460E461746984611F05BF9034672
:10B130001FF078FBDFF81890044649F800304246CB
:10B1400030463946A84754F8090002F085F900BF97
:10B15000080000002DE9F047058B044628079046BB
:10B1600011D4022905F0070540F0CC80204619F0E3
:10B1700070FF78B10138218B042811D8DFE800F086
:10B18000C2106D85950001290CBF45F0100545F0F2
:10B190002005258388F31188BFF36F8FBDE8F08702
:10B1A00001F0070AAA4500F0A5800027B9463E46EF
:10B1B000A368002B00F0BC8041F00801218388F3D4
:10B1C0001188BFF36F8FA168002900F0BA800D6865
:10B1D000002900F0B680D1F804803346524620465C
:10B1E000C047002D76D02B6829461D46F0E701F0B8
:10B1F00007035A1F012A1BD8002221F00701062B42
:10B20000276889B2C4E9002209D13B4603E0628B7A
:10B21000013262831B68002BF9D141F002012183C6
:10B22000204619F016FF00287AD041F0200176E080
:10B23000042B0AD121F0070189B22183204619F09D
:10B2400008FF10B141F020012183218B01F0070A92
:10B25000AA454FD00027B946AAE7236921F0070184
:10B2600041F00601062DD3F8009021832DD1B9F1CC
:10B27000000F3FD041F00801218388F31188BFF30C
:10B280006F8F3A492046C84729E021F0070123691A
:10B2900041F0040189B2042DD3F804902183E6D053
:10B2A00000273E464FF0040A82E721F00701236998
:10B2B00041F0050189B2052DD3F808902183D6D03D
:10B2C00000273E464FF0050A72E700273E464FF042
:10B2D000060A6DE72B4687E7B9F1000FD1D1EFF3EE
:10B2E0001188402383F31288BFF36F8F238B23F0E1
:10B2F00008032383258BEA062ED525F0100323832C
:10B3000005F007056669218B002EBFF670AF00239C
:10B310002768C4E9003321F0070141F001012183CE
:10B32000218B01F0070AAA454FF000097FF440AFD6
:10B33000002F9CD041F00801218388F31188BFF3CE
:10B340006F8F002FC8D03D6839463346524620469D
:10B3500019F0ABFE2F46F4E7AB067FF51BAF25F0E7
:10B360002003238305F0070500E700BFD750030043
:10B370002DE9F7430F4606460821C06ADFF85090D2
:10B380001AF0A0F83C68241A80463C6004EA0905DB
:10B39000AC4203D8002003B0BDE8F08308236A461E
:10B3A000214630461AF023F80028F4D16946304689
:10B3B0001AF092F840B1BDF80230BDF804203C60AC
:10B3C00005EA090513441D44A4EB0804E0E700BFA7
:10B3D0000000FFFF2DE9F04704468AB000F1140792
:10B3E00038461EF016FCA06A8368DB689847E06266
:10B3F00050B9864A864801211AF059F86FF01505B0
:10B4000028460AB0BDE8F087A06A8368DB689847E1
:10B410000368013B1F2B01D97E4AEBE7A06A216834
:10B4200007AA1DF08CF908B17B4AE3E7A5892DB185
:10B43000089BB5FBF3F203FB12550DB1774AD9E730
:10B44000E389012B01D8764AD4E7E36A029593F8A1
:10B4500004904FF0FF334FF0FF32384610F0EEF813
:10B46000E06A08211AF02EF8A8460646E3891FFA7A
:10B4700085FA534508D8E389434523D1384610F06F
:10B4800055F96FF02C05BBE7A1892B04891B13FA32
:10B4900081F14A4608232046029119F0B6FF78B19F
:10B4A00002A9204619F0F6FF08F1010802990823C5
:10B4B0004A4620461FFA88F819F0A7FF0028DAD07C
:10B4C0000135D3E753450BD1029908234A46891B1E
:10B4D000204619F09AFF18B902A9204619F0DAFFA0
:10B4E00002A92046FFF744FF054618B1384610F080
:10B4F0001DF985E7029B63604FEA13484FEA08484D
:10B50000C4F80880D4E9011399420FD3082303AA91
:10B51000204619F06CFF05460028E7D103AB13F86D
:10B52000012B91453DD10135082DF8D163681B0CE5
:10B530001B0402A92046029319F0ACFFA3890299CB
:10B540004A46204619F061FF051ECFDB63687BD0B9
:10B5500006EB03084FF6FF79A389CDF808801FFAA0
:10B5600088F29B1B9A4238D32E4A2948032119F0AE
:10B570009EFF6168204619F073FF05460028B5D18B
:10B580006368294AA18913400B44A3EB4603636017
:10B590001340A36020461AF082F80546002D6FD0B4
:10B5A000A4E703A9204619F097FF626810B9921B1F
:10B5B0006260A7E7BDF81050BDF80E10E06AC4F84D
:10B5C0000880294419F07EFF40449042A060EED1EB
:10B5D000002DECD06FF01C057DE0082305AA414644
:10B5E000204619F004FF054600287FF47FAF05A927
:10B5F000204619F071FF38B1BDF814304B4503D126
:10B60000BDF81830002B6CD0B044A5E762050400EB
:10B6100030AD030084050400A1050400B905040051
:10B62000CD0504002A0604000000FFFF5B1A4A460D
:10B63000204619F0EAFE051EFFF658AF08D0E26A70
:10B64000A36812681344A360D4E901318B42EDD89A
:10B650006168A38901EB46029A429FD1DFF8A88076
:10B66000A26801EA08039A4298D0204619F0F8FE31
:10B67000054600287FF43AAF636803EA0803A36035
:10B68000A389A288A3EB46039A4220D0384610F043
:10B690004DF801232374A289E3891C4800920321F9
:10B6A0001B4A1AF081F963689AB200921748194A46
:10B6B0001B0C03211AF078F9A3689AB20092134880
:10B6C000154A1B0C03211AF06FF9002598E6204655
:10B6D00019F0CEFF0546384610F028F8002DD8D0D6
:10B6E0008EE60E4A0948032119F0E1FE63681B0C3F
:10B6F0001B0402A92046029319F0CCFE02992046B1
:10B7000019F0AEFE49E700BF0000FFFF30AD0300B7
:10B71000F0050400070604001906040051060400A1
:10B720002DE9F04F1D4691B0037C02910446009232
:10B7300053B9744A7448012119F0B9FE6FF00C0630
:10B74000304611B0BDE8F08FC26A0821104619F0EA
:10B75000B9FE29460190104619F0B4FEA389019A5A
:10B76000A3EB8203AB420746C0F0C9801DB1009B2A
:10B77000002B00F0C4806368059306AA05A9204643
:10B78000DDF814A019F0E0FE06460028D8D1BDF877
:10B790001830029A934206D06268059B9A42ECD117
:10B7A000002D36D1CCE706A9204619F095FE0028D9
:10B7B000F2D0BDF81A80BDF81C3045B39D4228D1A7
:10B7C000E36ADDF800B01B684FEA1A4A5B424FEAB1
:10B7D0000A4A03F02003D0440393AA46DDF80C90F4
:10B7E000D14528BFD1464B4608AA4146204619F00C
:10B7F000FEFD00284ED14A4608A958461EF06DFFAE
:10B8000038B9BAEB090AC844CB44E7D198E7002B12
:10B8100096D0002F41D104F114094FF0FF324FF0C0
:10B82000FF3348460FF00AFFDFF8E0B04FF6FF7A2B
:10B83000E3899E4260D0D4E901217B189A4230D33B
:10B84000029BADF82030FF23009A8DF82630204669
:10B850002B46ADF82210ADF8245019F0BFFE294652
:10B860008046E06A19F02EFEA2680244A260B8F198
:10B87000000F0AD108A819F01CFE08A9204619F0EB
:10B88000E6FE002814BF8046A84648460FF04EFF4B
:10B89000464655E7BDDC064652E7019B1F44BFB252
:10B8A000B9E70821E06A19F00DFE0023ADF8243055
:10B8B0001318ADF82230A389ADF820A002EA0B02DC
:10B8C0001A44101A606008A88DF826A019F0F1FD3E
:10B8D00008A9204619F0BBFE211D204619F0DAFD0B
:10B8E000636803EA0B03A360204619F0D8FE804684
:10B8F0000028CAD101369BE76FF01B08C5E76FF03F
:10B9000015061DE74E05040030AD03000000FFFFE3
:10B910002DE9FF471E46037CBDF8309004460F46D4
:10B9200090464BB92C482D4A012119F0C0FD6FF00B
:10B930000C0004B0BDE8F087C06A082119F0C2FD10
:10B94000A389A3EB4003B34243D3D4F804A0CDF8BA
:10B9500004A000254D455146DDF804A009D96368CF
:10B9600053451ED1BDF80830BB421AD06FF001001C
:10B97000DFE702AA01A9204619F0E6FD0028D8D188
:10B98000BDF80830BB4206D102A9204619F0A4FD3B
:10B9900008B10135ADB26268019B9A42DAD15146D5
:10B9A000E0E7BDF80C30002BE0D0A945DED8BDF8AB
:10B9B0000A00090CB3424FEA014128BF3346014453
:10B9C0004246204619F013FD0028B2D1BDF80C0004
:10B9D000AFE76FF01500ACE730AD03004E05040093
:10B9E0002DE9F047DFF85880044607464FF001097B
:10B9F00014B93846BDE8F08794FAA4F5B5FA85F590
:10BA000009FA05F32E0108EB05156FEA030A24EA8B
:10BA100003042B7B002BEBD058F806301B694BB985
:10BA20004644042273682846196807EA0A0700F0AA
:10BA30005DFADDE7284698470028D9D1F0E700BF36
:10BA4000C8AD030030B51049104889B000221EF07F
:10BA500084FC0F4D0F4900220023CDE9062300246A
:10BA60000E23CDE90334CDE901440B4B00944FF490
:10BA70004072284610F0DEF90849284610F054F9C3
:10BA8000204609B030BD00BFA1BA01001822002035
:10BA9000581D002000D2012091BD01006D06040058
:10BAA00001480FF0B1BE00BF500B00202DE9F04758
:10BAB00080461F480F4619F0DEFE0646002830D0AB
:10BAC00000252846BDE8F087237B6BB12368DB683F
:10BAD0000BB12046984723681B69D3B963680422D9
:10BAE0001968204600F002FA013610344C45EBD3B9
:10BAF000B8F1000FE5D0002DE2D02846FFF770FF27
:10BB00000546002FF7D000214FF4A47010F04CFC34
:10BB1000F1E7204698470028E0D00AFA06F31D43D3
:10BB2000E2E7044CDFF8109005464FF0010ADDE72C
:10BB3000DC550020C8AD0300D8AD0300014B53F81D
:10BB4000200070479CCA030008B5034608462BB185
:10BB5000044A136000F06AFC002008BD6FF0150075
:10BB6000FBE700BFC805002010B5044C237813B9CB
:10BB700003480FF049FE0123237010BD292E012038
:10BB8000500B002010B50446084819F074FE5CB153
:10BB9000BFF35B8F064B53E8001F013943E80012E7
:10BBA000002AF8D1BFF35B8F10BD00BFD455002031
:10BBB000D85500200020064BBFF35B8F014653E8A9
:10BBC000000F43E80012002AF9D1BFF35B8F7047E2
:10BBD000D455002070B5FFF7EDFF084C084E054620
:10BBE000B44200D370BD63685B792BB123685B6896
:10BBF00013B12946204698471034F1E7C8AD030039
:10BC0000D8AD030010B5044C0449204619F035F8AE
:10BC1000034B1C6010BD00BF9809002088CA0300B8
:10BC2000CC550020084A094808B500231370084A7B
:10BC30001360084A4FF400411360FFF785FFBDE829
:10BC40000840FFF7DFBF00BF2A2E01207358030012
:10BC5000D4550020D8550020014600220148002379
:10BC600019F02CB898090020014819F0C2B800BF9B
:10BC700098090020024B0146186819F00EB900BF60
:10BC8000CC550020014819F043B900BF98090020A5
:10BC900070B5284B187800284BD0FFF7E5FF054614
:10BCA00090B1BFF35B8F244B53E8001F013943E889
:10BCB0000012002AF8D1BFF35B8F204C204EB44213
:10BCC0002DD32846FFF7D6FF1E4B1F4C1B68002BB9
:10BCD00019DD1EF0FBFA4FF47A72A0FB020302FB9F
:10BCE0000131C30BD4E9002043EA41439B1A4FEAD8
:10BCF000D13140F2E93261EB0001934271F1000170
:10BD000001D3FFF767FFD4E9003213F57A7342F1EC
:10BD10000002C4E90032BDE87040FFF7B3BF6368BA
:10BD20005B7923B1236829461B6820469847103465
:10BD3000C5E770BD292E0120D8550020C8AD0300ED
:10BD4000D8AD0300D45500201022002070B50D4D51
:10BD5000297861B90120FFF7A9FE0B4C0B4EB442C4
:10BD600006D3FFF795FF0028FBD101232B7070BD90
:10BD700063685B791BB1236820469B689847103441
:10BD8000EDE700BF2A2E0120C8AD0300D8AD0300A7
:10BD900000212DE9F0470846FFF788FE044658B316
:10BDA00040F267684FF000091EF03CFD1B4B1C4A37
:10BDB0001B58136033B11B4B1B68092B02DD1A485B
:10BDC0000FF022FD194FDFF860A0002544B1204696
:10BDD000FFF706FE044618B94FF0FF384FF0FF3961
:10BDE000FFF756FF064628B9B5B942464B465046BE
:10BDF0000FF030FD3546E9E74FF0FF384FF0FF39DF
:10BE0000D2E72B689B691BB1002211462846984750
:10BE10001035BD42F5D3E8E7054DFAE7080000000C
:10BE2000D0550020D8550020500B0020D8AD03007D
:10BE3000C8AD030013B5184819F01DFD174B1B784A
:10BE400073B1EFF31184402383F31288BFF36F8F34
:10BE5000FFF71EFF84F31188BFF36F8F02B010BD90
:10BE60000F4B1B68002BF9D050B900220023CDE9FD
:10BE700000230C484FF40042002310F039FDEDE799
:10BE80000928EBD107481EF074FA074802B0BDE854
:10BE900010400FF0B9BC00BFD85500202A2E012059
:10BEA000D055002018220020500B002010B5064B62
:10BEB0001B68044698472146A060044818F07AFFA2
:10BEC000BDE81040FFF7B6BFC80500209809002064
:10BED000044A054B9B1AB1EBD30F34BF52F8310023
:10BEE0000020704760AC0300C8AD0300084BC31AC4
:10BEF00010B41B1144680133237143689A7143687D
:10BF00001960436801225A7110BCFFF72DBE00BFB3
:10BF1000C8AD03002DE9F04F8FB004AFC1F34A283C
:10BF2000B8600D4691467B600C0DB8F1000F63D0F0
:10BF3000002607F114034FF0040B4FF00A0AC7F86C
:10BF40000C80C7E907667E620193CDF808B0CDF892
:10BF500000A007F11C03F96832464846FEF700FFCF
:10BF6000B0F5006F03461CD36C468AB0D9F80410B4
:10BF700004AB2648C3E9050140F2FF71D9611A46B6
:10BF80004FF400711984224B42F8103F2148334688
:10BF90004FF41251FFF7BEFFA5462C37BD46BDE852
:10BFA000F08FC0F30A0804F11700184420F00700CE
:10BFB00080083B60FFF750FE68F35325044690B1BC
:10BFC0003B68154AC7E9083600F1100107F1140370
:10BFD000F961CDE900A3CDF808B0F96807F11C03B9
:10BFE0004846FEF7BDFE68F353257B68B9682A46CC
:10BFF000204619F076FCD0E704F1170020F0070086
:10C000008008FFF729FE0446EDE700BF8206040022
:10C010000400000148AD0300B75803002DE9F04FBC
:10C0200087B0DDE91269DDE9105A04460F469346F0
:10C030009846A6B31021CDF8009033465246002012
:10C04000CDF81490FEF7BAFC014605F1170008443C
:10C05000144B039104F007040BF0070BE40020F0ED
:10C06000070003EA412344EA8B1480081C43FFF7CE
:10C07000F3FD44EA0554054640B13EB10399CDF8BD
:10C080000090334652461030FEF798FC4346224655
:10C090003946284607B0BDE8F04F19F022BC3146BA
:10C0A000D3E700BF00FE0F00406820B1034BC01A69
:10C0B00040F3CF0070474FF0FF30704760AC030093
:10C0C0000EB403B503AB014653F8042B04480193A7
:10C0D00001F09CFC02B05DF804EB03B0704700BFB8
:10C0E000F7590300CA0605D48B064CBF0249034921
:10C0F000FFF7E6BF704700BFC2060400C106040098
:10C100002DE9F04F89B09B46149B06939DF84CA0F7
:10C11000159B0593169B179E049304460D46904667
:10C12000BAF1000F00F09D8006F48073079319F0B8
:10C13000C0FB06F00209024600283ED09149204685
:10C14000FFF7BEFF0746B9F1000F08D016F0440F05
:10C1500035D18D492A462046FFF7B2FF074406F045
:10C16000010353B1894B8A4953F82A20894B204651
:10C17000002A08BF1A46FFF7A3FF06F48073002BBE
:10C1800049D006F00803002B63D1B8F1000F66D048
:10C19000814942462046FFF793FF0546069B3D44F2
:10C1A000002B6DD1049B002B73D1F30700F1E480C9
:10C1B00031462046FFF796FFD8E00746C3E7774BA6
:10C1C00018680028CAD0764B4FF47A791B68B5FB03
:10C1D000F3F54FF46161B5FBF0F300FB135509FB78
:10C1E00005F54FF03C0CB3FBF1F201FB1231B5FB4E
:10C1F000F0FEB1FBFCF300FB1E550CFB131109FB19
:10C2000005F50091B5FBF0F56649CDE901E520465D
:10C21000FFF756FFA2E706F00803EBB1624B634954
:10C2200053F82A202046FFF74BFF0546B8F1000FD0
:10C2300005D0594942462046FFF742FF0544BBF16D
:10C24000000FABD05A495A462046FFF739FF054444
:10C25000A4E74FF0000BE1E706F00805E6E74546E6
:10C260009CE7BBF1010F069B06D1002B64D1049B18
:10C27000002B7BD000250CE0002BF8D04D485CE073
:10C280004D48069B4D49224618F08BFB049B002B22
:10C2900068D0DFF82C81DFF82C91049F3146102FF5
:10C2A000204628BF1027FFF71DFF4FF0000B5D450C
:10C2B00045DC059B49461A782046FFF701FF4FF001
:10C2C000010B1BF0070F03D141462046FFF7F8FE94
:10C2D0005F453BD9059B494613F80B202046FFF7E5
:10C2E000EFFE0BF1010BBBF1100FEAD136492046EE
:10C2F0004FF0000BFFF7E4FE5A46059B9A5CA2F153
:10C3000020015F2928BF2E2230492046FFF7D8FEA2
:10C310000BF1010BBBF1100F1DD01BF0070F03D168
:10C3200041462046FFF7CCFE5F455A46E5D84146D8
:10C330002046FFF7C5FEEBE71F485546A1E74146FB
:10C340002046FFF7BDFE0BF1010BB0E72049204668
:10C35000FFF7B6FEC5E7059B3B440593049BDB1B3B
:10C3600004939AD1BAF1000F7FF41FAF204609B0B1
:10C37000BDE8F04F19F032BB064A05492046FFF7E9
:10C380009FFE15E7C9060400CD060400ACCA0300F1
:10C39000C2150400C4060400F2060400E45500209F
:10C3A000E0550020D6060400C0CA0300F6060400CB
:10C3B000FC0604002D5A0300F75903000DDA0100B2
:10C3C00009070400010704000B0704000D0704001F
:10C3D0000707040073B542F20F738B4228BF0B4668
:10C3E00005680F4A04460521684613F00FFB636891
:10C3F0000C495B6806460B22284619F0E1FA63688F
:10C400003246694628465B6819F0DAFA63680649DD
:10C410005B681B22284619F0D3FA02B070BD00BF3A
:10C42000B63104002C07040010070400074A00215D
:10C430000123904206D8064A01B901231360054B37
:10C440001860704740085B000121F2E740420F008E
:10C45000E0550020E4550020014B01221A7070477E
:10C460002B2E0120014B002019607047FC55002045
:10C47000024B034801221A7019F0B0BA2C2E012089
:10C48000F0CA03000148FFF7A5BF00BFF0CA0300D0
:10C4900010B5064B18680C46FFF750FB21460346C3
:10C4A000BDE8104002480F22184700BFFC5500208D
:10C4B000F0CA030010B9074B18707047064B1B7881
:10C4C0001BB141F288301DF0AEBAA42000210FF05C
:10C4D0006BBF00BF2B2E01202C2E01202DE9F8432D
:10C4E000DFF874901D4F80460E46042499F80050E2
:10C4F00095B90EF08DFE2846324641460EF03AFEC2
:10C5000005460EF08FFEE5B101233B7099F800302F
:10C5100073B93046BDE8F8833246414600200EF03C
:10C5200029FE0546EFE72046FFF7C4FF651E2C46AF
:10C5300000200EF063FE0028EBD03B78002BF2D1F8
:10C54000E7E73B78002BE4D0013C2046FFF7B2FF41
:10C550003B78002BCAD1DCE72C2E01202B2E0120AA
:10C56000014B03600020704700CB030070B5114BF6
:10C570001C680D46DCB1104B196800238B4202DBAE
:10C580006FF0010070BD224612F8106B864202D097
:10C5900001331446F2E7E06810B96FF01200F1E7DA
:10C5A0001DF046FA0028F8D02C600020EAE76FF072
:10C5B0000C00E7E7CC05002000CB030070B588B085
:10C5C00005460C46C0B269461646FFF7CFFF002865
:10C5D0001BDB0098C8B14368029383682268019509
:10C5E000CDE903360023CDE906230593C56819F08C
:10C5F00060FA6DB12846084901AA1CF0A4F8079812
:10C6000008B9059B236008B070BD6FF01500FAE70C
:10C610006FF01200F7E700BFB55A030010B5084CE1
:10C6200086B024788DF81740012402940DF1170488
:10C630000194BDF8204000941BF0F4F906B010BD41
:10C640007409002080B50C4A0C4B00AF88B001295A
:10C6500008BF13466A460A49C2E905134FF400733E
:10C660009383084B42F8103F074800234FF4E651EC
:10C67000FFF750FCBD4680BDA7070400E9FC03009E
:10C68000AF0704000300000160AC030000B589B0EF
:10C6900064288DF8070019D80E4B18221870002155
:10C6A00002A81EF012F80C4B03930DF1070304933C
:10C6B00002A901230020ADF8143007F0B7FC10F1F7
:10C6C000800F08BF002009B05DF804FB6FF0150073
:10C6D000F9E700BF74090020C4CB03002DE9F04145
:10C6E0000F4B1C6805460E461746ACB14FF0FF32A3
:10C6F0004FF0FF330B480EF0A1FF63683246D3F8CA
:10C70000088029463B462046C047044605480FF0AE
:10C710000DF82046BDE8F0816FF00104F9E700BF95
:10C7200000560020F80A002000230360044B5A68DA
:10C7300012B9C3E90000704710605860704700BF2D
:10C7400004560020014B1860704700BF00560020BF
:10C7500030B585B000230546CDE9023301904FF096
:10C76000FF330C484FF0FF320EF068FF0A4B1C6895
:10C770004CB9284600F0E0F8044606480EF0D6FF13
:10C78000204605B030BD636820461B6801A9984764
:10C790002468EDE7F80A0020045600201FB5CDE913
:10C7A000010103924FF0FF330A484FF0FF320EF0C1
:10C7B00045FF094B1C682CB906480EF0B7FF204610
:10C7C00004B010BD636820461B6801A9984724681F
:10C7D000F1E700BFF80A002004560020024B0022B7
:10C7E000C3E90022704700BF04560020024B00221C
:10C7F000C3E90022FFF7F2BF0C5600202DE9F743F2
:10C8000007460C4609B100230B601F4DDFF87C90F2
:10C8100000264D450FD31E4B1D6885B355F8148C6B
:10C8200001AA41463846143D19F089F910B3D6B92A
:10C8300014BB2E461EE0D5F8008001AA41463846BA
:10C8400019F07DF950B116B954B92E4606E0316899
:10C850000022404619F073F90028F5D11435D8E7C5
:10C86000019B2360F1E731680022404619F067F927
:10C870000028DDD16D69D0E7019B2360D9E7304600
:10C8800003B0BDE8F08300BF1CAE030094AE03000C
:10C890000C5600202DE9F04784B002AF0446D7F8CB
:10C8A000289078600D4616469846B9F1000F07D0DB
:10C8B000D9F8001031BBD9F804A0BAF1000F28D183
:10C8C000391D2046FFF79AFF08B3D0F80890786822
:10C8D000434632462946C847C8B16D468AB002AAC7
:10C8E000124BD061C2E905344FF400731384104B2E
:10C8F00042F8103F0F4800234FF41151FFF70AFB95
:10C90000AD4604E03A1D19F01AF90028D3D10020F1
:10C9100007E0D9F808300093786843463246294644
:10C92000D0470837BD46BDE8F08700BFC807040000
:10C930000400000190AD0300F8B5184C184F0646EE
:10C940000025BC4208D3174B1C682CB3143CB6B965
:10C95000E368E3B96469F8E72EB9E3685BB9284690
:10C9600014340546EDE720680022314619F0E7F857
:10C970000028F2D1F3E79847002DF0D1F0E72068C6
:10C980000022314619F0DBF80028E1D1E2E79847B0
:10C99000002D08BF0546DDE72846F8BD1CAE0300A4
:10C9A00094AE03000C56002038B50C4D0C484FF0E7
:10C9B000FF334FF0FF320EF041FE2B783BB9FFF70B
:10C9C00015FF00F06DF8044610B901232B70002408
:10C9D00003480EF0ABFE204638BD00BF3D2E0120BF
:10C9E000F80A00202DE9F047048FDFF8B0A00134E9
:10C9F00098B006468946A4B200F10807651EADB29C
:10CA0000B5F5004F47D04A2305AA2946384618F005
:10CA100017FF04F57F543F34A4B28046214601231A
:10CA20000DF10B02384618F00BFFB8F1000F01466C
:10CA300010DC002810DC338FAB4209D132466B1E6C
:10CA400022F8383F4FF4004102233846FEF768FED3
:10CA50002C46D3E7002808DC2946384618F0ECFEBF
:10CA60002146384618F0E8FEE5E708F160030DEBD3
:10CA70000308002308F84C3C5246CDF8009003AB65
:10CA800005A80397ADF81040FFF704FF0028DFD09A
:10CA900018B0BDE8F0870020FAE700BFAF5B0300E5
:10CAA0007FB50125694628460195FFF75FFD0446DD
:10CAB00060BB02AA01A92846FFF780FD044610B119
:10CAC00010F10C0F22D10399B1F5803F23D2009AC7
:10CAD000002394681846084484421AD30133082B73
:10CAE000F9D10E4DA982EB825368AB602846D3681A
:10CAF000EB6319F0F4F8044640B9094E6E6028461D
:10CB0000FFF712FE28466E60FFF71CFE204604B0B9
:10CB100070BD9BB2E5E76FF02004F7E714560020E4
:10CB20000806002008B5044817F093FFBDE8084048
:10CB3000024817F08EBF00BFED0704002208040072
:10CB40000449431E0F3013F8012F8A5C1A70834288
:10CB5000F9D1704750080400F0B5264E07460C4640
:10CB60000FCE8DB001AD0FC50FCE0FC596E80700F3
:10CB700085E807003846002F38D0002C38D0381F01
:10CB80002146024610344B780D781B0443EA0563B6
:10CB9000CD782B438D78043143EA05238C4242F84B
:10CBA000043FF0D1144C04218A07036916D1C3F362
:10CBB0000742A55C1A0EA25C42EA0562C3F3072590
:10CBC000DBB2655DE35C42EA054242EA032221F002
:10CBD000030330336B4453F82C3C534050F8042F7C
:10CBE000013153402C290361DED101200DB0F0BD8D
:10CBF0002046FBE7C4AE030050080400014810F0D3
:10CC000003BB00BF14CC030038B5044618B90F4B62
:10CC10000F485B6898476168B1F5683F10D0B1F57F
:10CC2000680F0DD00B4DA9420AD011F4686120683D
:10CC300007D0014608481CF0B3FF0023236065605D
:10CC400038BD14221DF041FDF9E700BF9C0800200B
:10CC5000500904002C5F5CA9545B002008B520B388
:10CC60004368B3F5683F10D101220368BFF35B8FBF
:10CC700053E8001F002903D143E800200028F7D122
:10CC8000BFF35B8F0DD1002008BD094A93420AD043
:10CC900000684FF0FF324FF0FF330EF0CFFC00285A
:10CCA000F1D00448F0E70448EEE76FF4E040EBE72A
:10CCB0002C5F5CA9E98FFFFFEA8FFFFF08B5D8B1B1
:10CCC0004368B3F5683F10D100220368BFF35B8F60
:10CCD00053E8001F012903D143E800200028F7D1C1
:10CCE000BFF35B8F0BD1002008BD074A934208D0E9
:10CCF00000680EF01BFDF6E76FF4E040F4E7034830
:10CD0000F2E70348F0E700BF2C5F5CA9E98FFFFF63
:10CD1000EA8FFFFF10B5044618B91D4B1D485B682C
:10CD200098476368B3F5683F2FD0B3F5680F2CD0F0
:10CD3000194A934219D1236803BB18484FF0FF32B8
:10CD40004FF0FF3321460EF04BFC08B923681BB9A6
:10CD50000F4B13485B6898472068142200211DF090
:10CD6000B4FC4FF46863636008E0B3F5683F0DD826
:10CD70003A2B03D040F6BA629342DED120681CF011
:10CD800048FF636843F03A03636010BD054AF3E768
:10CD90009C080020500904002C5F5CA9545B002013
:10CDA000760904003A00003A08B5064906484023CF
:10CDB00014221CF0E7FEBDE808400449044810F0C6
:10CDC000E7BA00BF54560020545B00201CCC03007F
:10CDD00030CC03002DE9F047064600AF0C46002991
:10CDE00036D0E9468AB0D1E90012A3686D462148E1
:10CDF000A8464FF0050AC5E90501C5E9072348F82B
:10CE000010AF1D48424600234FF42151FFF782F82E
:10CE1000CD46D4E903126369AD461848C5F810A0A1
:10CE2000C5E90501C5E907231348002342464FF42D
:10CE30002151FFF76FF8CD46E369114A0E480121F1
:10CE400018F0A8FDA3690F4A0B48012118F0A2FDB4
:10CE5000012E07D1EFF305830B4A0748103B3146FB
:10CE600018F098FD214630460EF0F2F9BD46BDE8B7
:10CE7000F08700BFA309040088AD0300D2090400B5
:10CE8000010A0400100A04003E0A040030BFFFF744
:10CE9000FDBF00BF2DE9F0410B4EDFF8308006EBFF
:10CEA0000807CC1B05463246094920461DF0E5FB24
:10CEB000A01942460021083C1DF007FCC5F8A84017
:10CEC00007F10800BDE8F081000000000800000044
:10CED00094AE0300074A936893F90E10002907DB0C
:10CEE000526993421FBF044A536843F08053536012
:10CEF000704700BF3062002000ED00E070B5294CA3
:10CF000006460D462848294919F040F9A36AD90474
:10CF10003CD52548264919F039F91720A36A1A0586
:10CF200004D52148234919F031F918201D4CA36A72
:10CF30009B0512D51C48204919F028F9A36BA26A59
:10CF4000100409D51D4A1848012118F023FD1EB10F
:10CF5000A36A23F40043A3621920124CA36A590563
:10CF600004D51148164919F011F91A20A36ADA05F7
:10CF70000ED50D48134919F009F91B20094A936A87
:10CF800043F47F43936200232B7070BD1620C5E7E6
:10CF9000A36A9B04F2D504480B4919F0F7F81C204A
:10CFA000ECE700BF00ED00E088AD0300510A04008B
:10CFB000670A0400780A04008B0A0400A40A04002B
:10CFC000B90A0400D40A0400EC0A040010B5204C8D
:10CFD0002049214819F0DAF8A36A990136D51E488C
:10CFE0001E4919F0D3F81E20A36ADA0104D51A48A5
:10CFF0001B4919F0CBF81F20154CA36A1B0304D55D
:10D000001548184919F0C2F82120A36A590304D51C
:10D010001148154919F0BAF822200D4CA36A9A0359
:10D0200004D50D48114919F0B1F82320A36ADB0398
:10D0300004D509480E4919F0A9F82420044A936A36
:10D040006FEA03436FEA1343936210BD1D20CBE7E1
:10D0500000ED00E01B0B040088AD0300330B04005F
:10D06000460B0400600B04007E0B0400A30B0400BD
:10D07000BD0B04002DE9F843364D804689463648FD
:10D080003649174619F082F8AB6ADE0627D53449CF
:10D09000314819F07BF81124AB6A1D0704D53149DA
:10D0A0002D4819F073F812242A4DAB6A980718D549
:10D0B0002D49294819F06AF86E6BAB6A190646D5F6
:10D0C0002A4A25483346012118F064FCB9F1000FC3
:10D0D00003D0AB6A23F08003AB62132403E0102477
:10D0E000DAE76FF015061B4DAB6ADA0704D5204965
:10D0F000194819F04BF81424AB6A9B0604D51D4956
:10D10000154819F043F81524124B9A6AD50602D433
:10D110009A6A90070AD55B68190507D541463046DB
:10D1200000F09EFA10B180F309880224094B9A6A34
:10D13000920642BF5A6A22F400525A629A6A42F038
:10D14000FF029A6200233B702046BDE8F8836FF02F
:10D150001506C2E700ED00E088AD0300E80B04000F
:10D16000FE0B0400780A0400310C0400490C040092
:10D170005F0C0400EC0A04002DE9F041664B8AB014
:10D18000D3F8048000AF0446C8F30805002686F3F0
:10D190001188BFF36F8F02F07F43B3F17F4F07D148
:10D1A00002F00C03082B12D15C495D4818F0EEFF29
:10D1B000002634460023FB71EB1E092B00F28A8007
:10D1C000DFE803F00A80837D8888888888861007D6
:10D1D0004CBF0C460126EDE7524951484E4D18F020
:10D1E000D5FF0023FB71EB6A9A0705D54E494C48E1
:10D1F00018F0CCFF002333E0EB6A002B01DA4B4937
:10D20000F5E7EB6A5B00F5D54949454818F0BEFFE4
:10D210006B69A26943F480736B61BFF34F8FBFF3F7
:10D220006F8F6B6932F8022C23F480736B61BFF34C
:10D230004F8FBFF36F8F4DF602739A4209D0AB6ADE
:10D24000DBB27BB3FA1D01212046FFF713FF034633
:10D2500006E02368374A3248012118F09BFB236817
:10D26000FA79DAB907F1080504F1200C2068616841
:10D270002A4603C2083464451546F7D17A6A002E5F
:10D2800044D0C2F3080121B96FEA52226FEA422268
:10D290007A6207F108011846FFF79CFD2837BD4662
:10D2A000BDE8F081AB6A13F47F4F04D0F91D012073
:10D2B000FFF724FECBE7AB6AB3F5803F9AD3FFF7C5
:10D2C00085FEC4E7FA1D0021BEE7F91D0020EFE747
:10D2D00019498CE7194A1A4B18F4F87FE8468AB0C6
:10D2E00018BF13466A461749C2E905134FF4007385
:10D2F0001384103D144BD56142F8103F08480023B9
:10D300004FF41151FEF706FEC54673E722F4FF7293
:10D3100022F00102BCE700BF00ED00E0AC0C04000D
:10D3200088AD0300D70C0400EE0C04000F0D0400C0
:10D330001D0D04003C0D0400580D0400930C040066
:10D340007E0C04007C0D040004000001024A5369B5
:10D3500043F010035361704700ED00E0EFF30880E5
:10D36000EFF3098101B57246FFF706FF01BD00BF6B
:10D37000002013490870002080F31488BFF36F8FDA
:10D380000CF052F800200F490860BFF34F8F0E4891
:10D3900080F3088800F02EF8402080F311880B48B5
:10D3A0004FF40461401880F30988EFF314800221E0
:10D3B000084380F31488BFF36F8F00F019F9000061
:10D3C000013C012094ED00E0001C022040F201200D
:10D3D0000749D1F890200023C2F307221846934250
:10D3E00000DB7047C1F89830C1F8A0000133F6E7C0
:10D3F00000ED00E008B572B6002383F31388FFF751
:10D40000E7FF144B4FF0FF32C3F88020C3F88420AD
:10D41000C3F88820C3F88C20C3F89020C3F8942068
:10D42000C3F89820C3F89C20C3F88021C3F8842156
:10D43000C3F88821C3F88C21C3F89021C3F8942144
:10D44000C3F89821C3F89C2162B6BFF34F8FBFF396
:10D450006F8F08BD00E100E0084B9B6883420BD151
:10D46000EFF3058343B1064B5A6842F080525A608D
:10D470005A6A22F400425A621CF0CABE306200208E
:10D4800000ED00E00A4A93686FF00A01C3F8B0109B
:10D490000849C3F8AC004B6843F080534B6000234D
:10D4A00083F31188BFF36F8F9368D3F8B000704790
:10D4B0003062002000ED00E010B50446EFF3118368
:10D4C000402383F31288BFF36F8F0C4B5869986029
:10D4D0000B4B4FF000625A600A4BD0F8A8201A603C
:10D4E0000022D0F8AC30C0F8AC2083F31188BFF331
:10D4F0006F8F00F021F9204610BD00BF3062002080
:10D5000000ED00E0705B00200B498A684FF03000AE
:10D510001044EFF3098C80E8F01F74467046FFF763
:10D52000CBFFA64604498A6802F1300090E8F01F5C
:10D530008CF3098870470000306200201EF0040F51
:10D540000CBFEFF30880EFF30980816911F8021C2A
:10D550000229FFD001B518F00EFE01BD40B200282F
:10D5600007DB044A4109012300F01F00834042F811
:10D570002130704700E100E040B200280CDB430995
:10D58000064900F01F0020330122824041F8232089
:10D59000BFF34F8FBFF36F8F704700BF00E100E014
:10D5A000054B420900F01F0053F82220012303FA23
:10D5B00000F01040704700BF00E100E040B2D30728
:10D5C00054BF023100210028ACBF00F16040074A7F
:10D5D0004FEA4113ACBF00F5614000F00F00DBB231
:10D5E000B4BF135480F80033704700BF14ED00E05F
:10D5F0000B4A08B50B4B22F07F029A60BFF34F8FA6
:10D60000BFF36F8FD3F8882022F47002C3F888200C
:10D610000DF008FF0EF0A2FF00F064F80DF04AFFD5
:10D620000000000000ED00E042F8203C009B42F8C2
:10D630001C3C0A49019B42F8183C029B42F8143CEE
:10D6400021F001014FF0807342F8043C42F8081CBD
:10D650000023203A0265C0F8AC30704721B10100C8
:10D660000A4A0346906878B113F1160FD0F8980073
:10D6700005D0A0F140029A4205D8834203D28142EC
:10D6800028BF002070470020704700BF3062002094
:10D6900008B515460C4A0D4B9060D0F8A8201A60CA
:10D6A0000E4600F049F82C4686F309884FF000003A
:10D6B000074B984720464FF000014FF000024FF013
:10D6C0000003044C204700BF30620020705B002044
:10D6D0009D61030021B10100014B10221A617047C6
:10D6E00000ED00E0044800234021C2180133302B34
:10D6F00082F80013F9D1704700E100E008B5EFF3BC
:10D700000583064A103B02EBC30152F83300496817
:10D710008847BDE80840FFF7DDBB00BF9CAA0300B7
:10D72000024B034A0348012100F08CB8000004209A
:10D730000000002040CC0300D0F89820054B403A70
:10D740001A60054A4021C3E901121846012100F080
:10D7500083B800BF745B002000000B1508B50346BA
:10D760001048D0F89020C2F30722013A934207D91B
:10D770000D480E4A012118F00DF96FF0150008BD93
:10D78000C0F898300A6822F01F021A4342F01002D3
:10D79000C0F89C208A6842F00102C0F8A020184618
:10D7A000EDE700BF00ED00E070AD0300930D040055
:10D7B000F0B50E4685B01F4604460025B5420DDA89
:10D7C000606810B397B1431E18420AD0104A11483E
:10D7D0002B46012118F0DEF86FF01502104605B057
:10D7E000F0BD1F28F2D921680B42EFD123680193C5
:10D7F00018F0F7FCA36801A90343D0B20393FFF725
:10D80000ADFF10F1160FE7D0421C01350C34D5E7FF
:10D81000B90D040070AD0300044B0522C3F8942039
:10D82000BFF34F8FBFF36F8F704700BF00ED00E075
:10D83000BFF35F8F024B0022C3F89420704700BFF4
:10D8400000ED00E010B5034C01232278FFF7B0FF94
:10D85000207010BD3E2E012008B50B4A002312781F
:10D86000FFF7A6FF10F1160F07D0084A0021D2F8E3
:10D870009030C3F30723984200DB08BDC2F898003C
:10D88000C2F8A0100130F2E73E2E012000ED00E0CA
:10D890002DE9F04357485849D0F890300D68C3F34C
:10D8A00007239D4285B000F2A180FFF7C1FF4968C0
:10D8B0000022954201F10C011AD1504C504F2570B5
:10D8C0006846FEF74DFEDFF83C81DFF83C910646E6
:10D8D0000025AE421FD1237846490020D1F8902080
:10D8E000C2F3072293427BDBFFF796FF00204CE058
:10D8F000C0F8982051F80C3C23F01F03134343F069
:10D900001003C0F89C3051F8043C43F00103C0F808
:10D91000A0300132CDE7009800EB05114FEA051C5D
:10D92000CB683B40B3F5000F44D00AD8B3F5001FD5
:10D930002ED0B3F5800F34D0B3F5801F10D0013551
:10D94000C7E7B3F1807F3ED0B3F1007FF7D150F845
:10D950000C3088684A6818F044FC40F4802009E0E4
:10D9600050F80C3088684A6818F03BFC40F088504A
:10D9700040F43020039001A92078CDE90123FFF77E
:10D98000EDFE002828DA6FF0150005B0BDE8F08341
:10D9900050F80C3088684A6818F023FC40EA080008
:10D9A000E8E750F80C3088684A6818F01AFC40EA3A
:10D9B0000900DFE750F80C3088684A6818F011FC5D
:10D9C00040F08270D6E750F80C3088684A6818F04A
:10D9D00008FC40F08870CDE7237801332370AEE770
:10D9E000C1F89830C1F8A000013377E74FF0FF305D
:10D9F000CBE700BF00ED00E04CCC03003E2E012041
:10DA00000000F0FF0000081100000202F0B587B02E
:10DA100007460E4614460021102268461D461CF09B
:10DA200054FE02238DF802302A46054B019321460D
:10DA30006846CDE9047612F07BF807B0F0BD00BF70
:10DA40000362030008B50649064821F00701C1F149
:10DA5000005202F5802216F067FF002008BD00BFCB
:10DA600063B40220805B0020044A0123C2F84035E1
:10DA70004FF080420020C2F87835704700E0014046
:10DA800020B1034B800143F001031847704700BFEA
:10DA900040B1030008B504481BF0CAFF00280CBFC2
:10DAA0006FF01200002008BDACA903000E4B402906
:10DAB00070B528BF40210D4C46181D46B04203F1F9
:10DAC000020304D1002305F81130074870BD027825
:10DAD0001209A25C03F8022C10F8012B02F00F02CD
:10DAE000A25C03F8012CE9E75D2E01204E0E040034
:10DAF00030B503788BB0044607AD032B21D8DFE89F
:10DB000003F0021A1C1E12492846F3F734FB059550
:10DB100063780493A3780393E378029323790193C2
:10DB200063790093A3790B4A0B481E2111F06EFF15
:10DB300009480BB030BD0949E6E70949E4E709495E
:10DB4000E2E7094A0A21284611F060FFDFE700BF3B
:10DB5000090E04002B0E04003F2E0120100E0400BD
:10DB6000170E0400210E04004C2904002DE9F34196
:10DB7000234DBFF35B8F98462B68BFF35B8F17462F
:10DB8000DA07044620D538B91E4A1F48012117F08C
:10DB9000F8FE6FF0010018E001A917F0F4FF1B492F
:10DBA000024620461CF0A9FD0028F2D1BFF35B8F8E
:10DBB0002B68BFF35B8FC3F3C0061B0708D5144A5D
:10DBC0001148022117F0DDFE002002B0BDE8F0810F
:10DBD000A5F1D404072221464046B84706280AD8B2
:10DBE0000C4A0948012117F0CCFE45F8D46CE671C7
:10DBF000C4F80360E8E70723B0FBF3F0E071E3E764
:10DC00002C040020660E0400F0AC03001E0E04007D
:10DC1000870E0400AB0E04002DE9F04188B09C791A
:10DC2000DDF838805D791E79DF7893F802C093F8CB
:10DC300001E01B78B8F1000F0ED0CDE90638CDE930
:10DC400004CE1346CDE90267CDE90045084A11F03C
:10DC5000DDFE08B0BDE8F081CDE905E3CDE9037C48
:10DC60001346CDE90156034A009411F0CFFEF0E7C8
:10DC7000D00E0400F40E040010B5FEF795FE044625
:10DC800028B1044A03460121034817F083FE2046C9
:10DC900010BD00BF150F0400F0AC030070B50446C2
:10DCA0008CB01E461546A2B129B10A4602A804212D
:10DCB00017F03BF902A900912B462246242103A824
:10DCC000FFF7AAFF109A314603A8FEF707FD0CB034
:10DCD00070BD0346044A242103A811F097FE0028D2
:10DCE000F0DA6FF01500F2E73A0F040007B50B4BBE
:10DCF0000B48DA79C2EBC202009200221146FFF70C
:10DD0000CDFF034638B1074A0748012103B05DF84B
:10DD100004EB17F03FBE03B05DF804FB580300208E
:10DD20001E0E0400400F0400F0AC030030B50446A2
:10DD30008DB0154692B129B10A4602A8042117F008
:10DD4000F4F802A900912B462246242103A8FFF7EC
:10DD500063FF03A817F0EFFE0DB030BD0346054A80
:10DD6000242103A811F052FE0028F2DA6FF015000A
:10DD7000F2E700BF3A0F040007B5009313460A46C6
:10DD800001460348FFF78AFF03B05DF804FB00BFBC
:10DD9000E52604000A4601460148FFF7C7BF00BF59
:10DDA000E526040007B5009313460A4601460348DA
:10DDB000FFF774FF03B05DF804FB00BFDF2604002B
:10DDC00007B5009313460A4601460348FFF766FF6E
:10DDD00003B05DF804FB00BFC425040007B50022B2
:10DDE0000346009103481146FFF758FF03B05DF862
:10DDF00004FB00BF5925040008B502480DF0ECFEF5
:10DE0000002008BD3C060020F8B51E4DBFF35B8F17
:10DE10002B68BFF35B8F13F0010F2E462FD015F840
:10DE2000CD3CA5F1D4078BB901F01AFF044630B1FF
:10DE3000154A1648012117F0A4FD2046F8BDFB79CC
:10DE400023B901F01DFF04460028F1D1BFF35B8F19
:10DE50002B68BFF35B8F5A0701D401F007FBBFF3B8
:10DE60005B8F56E8003F23F4803246E8002100290A
:10DE7000F7D1BFF35B8FDB0301D5FFF7BDFF0024B4
:10DE8000DBE700BF2C0400205B0F0400F0AC0300B4
:10DE900007B5009313460A4601460348FFF7FEFE06
:10DEA00003B05DF804FB00BF122B04000A460146D4
:10DEB0000148FFF73BBF00BF122B040030B50A4DED
:10DEC0000A4B85B000242846029303941CF045F8C1
:10DED00002AB0093284606490A234FF4A8620DF0CE
:10DEE00081FE204605B030BD502200208E0F040078
:10DEF00040D50120014601480DF0B2BE502200205D
:10DF0000014601480DF0DCBE502200200378012BB1
:10DF100030B513D0022B27D07BB9194B0A4603F139
:10DF2000100453F8045B42F8045BA342F9D11B7858
:10DF3000137043884B731B0A8B7330BD104B0A461A
:10DF400003F1100453F8045B42F8045BA342F9D1D7
:10DF50001B78137043684B73C3F307221B0CCB73FE
:10DF60001B0A8A730B74E8E700F1100350F8042BC6
:10DF700041F8042B9842F9D103780B70DDE700BF1C
:10DF8000970F040038B5054605481AF027FA0446ED
:10DF900020B101210C301AF07AFA2576204638BDDE
:10DFA000A40C0020132810B50CD10A481AF016FA58
:10DFB000044628B101210C301AF069FA01232376B6
:10DFC000204610BD09B10448F0E7BDE8104001202B
:10DFD000FFF7D8BFD00C0020200C0020C368034AF4
:10DFE0001B780348022118F0FEB900BFB00F0400EF
:10DFF000B0AC030037B502EBC303044608469A42AF
:10E0000002D16FF05E0010E0114611F8085BA542E6
:10E0100011D1038A5178994209D90848084A0094D5
:10E02000012117F0C1FC6FF0150003B030BD53683B
:10E0300098470020F9E70A46E1E700BFB0AC0300CB
:10E04000D80F040070B5C6683378B6F8014083B9BC
:10E050000F21204602F060FFF378054650B90A4AC6
:10E06000118831B96FEA04506FEA10501080074AE6
:10E07000137070BD0373012102F032FE2846BDE823
:10E08000704002F0F5BD00BF78870020DE2E012031
:10E0900070B5C3681D78BDB9B3F801600F21304673
:10E0A00002F03AFF044638B93346084A0848BDE84A
:10E0B0007040012118F097B9294602F011FE204660
:10E0C000BDE8704002F0D4BD70BD00BFFA0F04007F
:10E0D000B0AC030010B501210C301AF003FABDE812
:10E0E00010400378024A0348012118F07CB900BFB0
:10E0F00020100400B0AC0300014610B508481AF027
:10E1000073F9084908481BF0D0FE031E06DABDE883
:10E110001040064A0648012118F065B910BD00BF3D
:10E120009C04002088060020E02300204210040008
:10E13000B0AC03002DE9F14FC5682E8801213046AF
:10E1400002F0EAFE044640B9294A2A483346012132
:10E1500001B0BDE8F04F18F046B9B5F80280EE887E
:10E16000AF882D891FFA88F3A3F11B02E02A1FFA5A
:10E1700086FA1FFA87F91FFA85FB04D91E4A1D4843
:10E18000022118F030F9AAF11B03E02B05D91B4A34
:10E1900018485346022118F026F9A9F5A4739BB23A
:10E1A00044F24812934205D9154A12484B460221BF
:10E1B00018F019F9ABF5A4739BB244F248129342DC
:10E1C00005D9104A0B485B46022118F00CF920468D
:10E1D000A4F8BE80A4F8C070A4F8C260A4F8C4502B
:10E1E00002F050FF204601B0BDE8F04F02F040BD04
:10E1F0005F100400B0AC030083100400AC100400F6
:10E20000D5100400FC10040010B5084C014606228D
:10E2100094F86F0003F080F838B994F86F0004495F
:10E22000BDE81040052203F077B810BD5803002068
:10E23000EF0D0400024A0348012118F0D6B800BFD0
:10E2400023110400B0AC030098B5012100AF0446CF
:10E250000C301AF047F9104A007800232146FFF7E6
:10E26000C9FE5F3015D1218AE068FFF71FFC6C46BC
:10E2700088B06A46094BC2E905304FF400739383B6
:10E28000074B42F8103F07484FF4E45118F0BEF82E
:10E29000A546BD4698BD00BF7CCD03003D110400DE
:10E2A00003000001B0AC0300B0B50B460D8A00AF0F
:10E2B00004462946D868FFF7F9FB8AB06A46094B3D
:10E2C000C2E9053440F202439384074BC2E9075088
:10E2D0004FF4325142F8103F044818F097F8BD4609
:10E2E000B0BD00BF6111040005000001B0AC030027
:10E2F00010B5012104460C301AF0F4F82146034A07
:10E300000078BDE810400A2318F083B82CCD030034
:10E3100070B5C568B5F801600121304602F0FCFD1A
:10E32000044638B933460D4A0D48BDE87040012116
:10E3300018F059B82B783BB9D5F80330C0F8AD3098
:10E34000D5F80730C0F8B130201D4FF4805118F0D7
:10E350004EF82046BDE8704002F08ABC5F10040011
:10E36000B0AC030073B53E481AF053F804460028D9
:10E3700073D0017E012945D003296BD1038A032B79
:10E3800002D8384A012141E004210C301AF0AAF8E1
:10E39000FF23428806886376238AC6F30B009A42DD
:10E3A000608309D0304800920121304A17F0FCFA0E
:10E3B000204607F087FD12E00F2102F0ADFD054673
:10E3C00010B9638B2A4ADDE702F0DEFD320B60767E
:10E3D0002146284602F004FB284602F049FC254B62
:10E3E000D3F84431002B38D0234924481BF05DFD7D
:10E3F000031E32DA224A1C48012102B0BDE87040F7
:10E4000017F0F1BF038A012B04D81E4A164817F0F3
:10E41000EAFFCDE702210C301AF064F805460078D7
:10E4200017F0CFFF10F002060DD1174A1749184810
:10E4300040F6FB2316F01AFB86F31188BFF36F8FAB
:10E440000323184602DF134A28780623214617F0D3
:10E45000E0FFADE7104A0B4694E702B070BD00BF85
:10E460009C04002083110400B0AC0300A41104003C
:10E47000C81104005803002088060020E023002073
:10E4800042100400EA110400061204003A120400CB
:10E4900068120400FCCC0300851204002DE9F74F3C
:10E4A000DFF828A1BFF35B8F80468946174600231B
:10E4B0005AE8004F4AE80032002AF9D1BFF35B8FD7
:10E4C000264644B9424A43484346012103B0BDE8C9
:10E4D000F04F17F088BF204607F046FC3E4D4FF046
:10E4E0000C0B0BFB0050438843451FD0204607F020
:10E4F0003BFC0BFB00504388384A009335484346A9
:10E50000012117F051FABFF35B8F5AE8003F4AE848
:10E510000062002AF9D1BFF35B8F002B53D01E4657
:10E52000304603B0BDE8F04F07F0CCBCA7420ED098
:10E53000204619F04EFF04F10C08012121764046D7
:10E5400019F0A5FF3A8AF968404619F0AAFF20465B
:10E5500007F00AFC0C2707FB00504368ABB1B9F188
:10E56000000F12D1204607F0FFFB07FB00500121EE
:10E570004268D2E90003127A03F01F07B9405B0931
:10E58000DAB100EB830017F032FF204607F0ECFB16
:10E590000C2707FB00508368002BC1D0204607F0F2
:10E5A000E3FB784305F80090204607F0DDFB07FB0E
:10E5B0000055A8680DF028F9B2E7C94300EB8300C5
:10E5C00017F035FFE1E703B0BDE8F08F98040020B5
:10E5D00099120400B0AC03008C5B0020C11204004F
:10E5E00038B5042104460C3019F07CFF03464088FE
:10E5F0005D7818B119782246FFF750FF25B103481E
:10E60000BDE838400DF000B938BD00BF80040020DF
:10E6100070B5032104460C3019F064FF0578B0F89A
:10E620000100E36840F6354290421B7806D1BDE810
:10E630007040084A0848022117F0D5BE18B122469A
:10E640001946FFF72BFF25B10448BDE870400DF0D7
:10E65000DBB870BDF4120400B0AC030080040020ED
:10E660002DE9F84FC668018A3478012303EB84034F
:10E670008B4200AF40F283806D468AB06A464248C2
:10E68000C2E907310523C2E905044FF4215142F8DC
:10E69000103F3E4817F0BAFEAD46BD46BDE8F88FC4
:10E6A0003B4A3A484B46012117F09DFE013533782D
:10E6B0009D42F2DA06EB85030F21B3F80190B3F81F
:10E6C0000340484602F028FC82460028E8D04FF07C
:10E6D000000900F1280B1CB3EFF3118188F31288B5
:10E6E000BFF36F8FDAF81C2072B1013ACAF81C2010
:10E6F00081F31188BFF36F8F504602F033F9013C6C
:10E700000DF082F8A4B2E6E7DAF8142062B981F3DA
:10E710001188BFF36F8F1F4A1C48012117F065FE57
:10E72000504602F0A5FAC1E7DAF818001368CAF8F3
:10E730001430824208BFCAF8183081F31188BFF341
:10E740006F8FEFF3118088F31288BFF36F8FD1685A
:10E75000CAF81C10C2F80C90C2F80090DAF8241025
:10E7600049B9CAE9082280F31188BFF36F8F584670
:10E770000DF032FAC0E70A60CAF82420F3E700255A
:10E780004FF0400893E700BF2A130400B0AC030029
:10E79000541304007013040073B5C568B5F8016024
:10E7A0000121304602F0B8FB044640B92B4A2C4800
:10E7B0003346012102B0BDE8704017F014BE2B783B
:10E7C0001A2B00F1040619D1C378012B2AD14FF47A
:10E7D0008061304617F00BFE42050FD4D4F8A0300C
:10E7E00000936946D4F8A8300193204603F0A0F8BE
:10E7F000204602B0BDE8704002F03ABA2B788BB9DF
:10E80000B5F80330A4F89E30B5F80530A4F8A4306C
:10E81000B5F80730A4F8A6306FF48071304617F0D1
:10E8200006FE17E0BFF35B8F6368BFF35B8FDB050A
:10E83000F2D52B78202BEFD194F8AC30002BEBD015
:10E84000013B84F8AC304FF42032002304F158002F
:10E850000DF030FA204602F0D1FBC9E75F1004004A
:10E86000B0AC030010B5C1E900239DF808300B726D
:10E870000C4607F079FA034B0C2202FB00335C6074
:10E8800010BD00BF8C5B00202DE9F0474FF0FF3238
:10E8900006464FF0FF331848884619F09FFD04469E
:10E8A00038B300F10C0701214FF00009384619F088
:10E8B000EEFD84F81890204607F056FA0F4D4FF001
:10E8C0000C0A0AFB00504680204607F04DFA0AFB6E
:10E8D0000050C0F80890204607F046FA0AFB0055A1
:10E8E00003213846C5F8049019F0D5FD068080F85C
:10E8F00002802046BDE8F087780C00208C5B002069
:10E900002DE9F041074688B016460C4621B9FFF7BD
:10E91000BBFF0446002854D002AD01220021284646
:10E920001BF015FA204607F01FFADFF8A4800C232D
:10E9300003FB00808560204619F083FD01462548D1
:10E9400019F07DFD4FF4A022284600230CF082FF31
:10E95000054698B140F24D131F4A2049204816F051
:10E9600085F820482A46394616F080F8002383F3BC
:10E970001188BFF36F8F0323184602DF204607F08C
:10E98000F3F90C23584318F8005095B1164A17486C
:10E9900000953B460221093D17F006F8EDB22046EE
:10E9A00007F090FA092D0FD8114B585708B0BDE861
:10E9B000F08116B134600020F8E7204607F082FAB3
:10E9C000F9E76FF06800F1E76FF00400EEE700BFD1
:10E9D0008C5B0020A40400200612040087130400AE
:10E9E0006812040090130400BC130400B0AC0300D0
:10E9F000E317040073B506460D4601AA002142F252
:10EA00002F00FFF77DFF044638B1154A1548012154
:10EA100017F0EBFC204602B070BD0198C368B3F854
:10EA200001203280B3F803302B8007F04BFA338893
:10EA3000A3F11B02E02A04D90B4A0A48022117F06D
:10EA4000D2FC2B88A3F5A47292B244F248118A42F8
:10EA5000E0D9064A0348022117F0C5FCDAE700BFF7
:10EA6000D8130400B0AC030087100400D9100400D0
:10EA7000F7B5144B93F99B30002B05460C461DDA75
:10EA800014B9204603B0F0BD082C01AA4FF00001D4
:10EA900042F21800264628BF0826FFF731FF00285B
:10EAA000F0D1019FF9683246013128461BF0E5FD9F
:10EAB000384607F007FA3544A41BE1E76FF08500FC
:10EAC000E0E700BF580300200138C0B202289ABF17
:10EAD000014B185C00207047E017040070B5C56852
:10EAE000B5F801600121304602F016FA044638B943
:10EAF00033460C4A0C48BDE87040012117F073BC46
:10EB0000E878FFF7E1FF84F8BC002879FFF7DCFF25
:10EB100084F8BD00204602F0D7FA2046BDE87040D8
:10EB200002F0A6B85F100400B0AC03002DE9F04F6E
:10EB300089B0A94BB0F80190198849F4704291420C
:10EB40004FF0000608BF1E80054608BFA34B02AF6A
:10EB500008BF1E7800F094FF2C782CB33C2C1CD1FD
:10EB600001F050FA6FF08001103017F060FC0020C7
:10EB7000FFF74AFB054640B9994A9A48012117F028
:10EB800034FC1C37BD46BDE8F08F0473002102F051
:10EB9000A7F8284602F06CF8F3E7934A9148234619
:10EBA000022117F020FCECE7EB78012B08BF8F4B1C
:10EBB00005F10408404608BF93F86F4017F0E5FBE5
:10EBC000414650B307F1100017F0D4FBD5F81130CF
:10EBD000C7F80930B5F81530A7F80D304FF0010A25
:10EBE000EB78012B2ED04046FEF782FF6C4688B0B2
:10EBF00002AA7F4BC2E905304FF4007393837D4B2B
:10EC000042F8103F77484FF4E25117F0FFFB132111
:10EC1000A546484617F027FCB3E7204617F097FDB6
:10EC20000346006838619A889B796868BA82BB7528
:10EC3000B8F8042098F8063095F804A0B860BA81B6
:10EC4000BB73CDE707F11000FFF7DEFAEB78012B7D
:10EC500004460AD101F0D6F96FF0800183461030E6
:10EC600017F0E5FB584617F09CFE002CBBD023465E
:10EC7000B5F8012023F8882B3869BA7DB98AC4F821
:10EC800088009A719980B5F81730A4F89E30B5F8CD
:10EC90001930A4F8A430B5F81B30A4F8A63000222F
:10ECA000EB782273544AC4F8BC204732C4F8C02021
:10ECB000012B4FF4A472E370A4F8C42020D187F88C
:10ECC00008A0BA89BB7BB868A4F8932084F8953073
:10ECD000C4F88F0001F096F9237A444AC3EBC303CA
:10ECE0009918D358C4F896308B88A4F89A308B7949
:10ECF00084F89C30D2F8E4305D0601D501F042FB87
:10ED00000721204601F0ECFF26B1267301212046A1
:10ED100001F0E6FF204617F0DEFE637B072B55D19E
:10ED2000BFF35B8F6368314EBFF35B8F13F4805F7B
:10ED300020D1E3781BB196F8D83018071AD50221F4
:10ED400042F21600FFF7A0FD0546002840D0022140
:10ED50000C3019F0A0FB238803800022294642F2E0
:10ED60001600FFF7CDFD034620B1244A1D480121BE
:10ED700017F039FB96F8D930D9070DD502230021B9
:10ED80001A460091204617F0A7FB034620B11C4A03
:10ED90001448012117F027FB96F8D8309A0615D5AC
:10EDA000D6F864319B689B0710D5B91D381DFFF755
:10EDB00021FE58B9FA88B988204617F06FFB034640
:10EDC00020B1104A0748012117F00DFB2046E1E66B
:10EDD0006FF06803C9E700BF78870020DE2E0120AE
:10EDE000F8130400B0AC0300191404005803002009
:10EDF000321404000300000101011B004E14040042
:10EE00006F1404008614040000B5C36889B01A7832
:10EE10008DF80020B3F80120ADF80120DA788DF8E4
:10EE20000320B3F80B20ADF81720B3F80D20ADF890
:10EE30001920B3F80F20ADF81B205A7C8DF81D2047
:10EE4000586801901A899B7A8DF80A30094BADF801
:10EE5000082068461A689B88CDF80B20ADF80F3063
:10EE6000CDF81120ADF81530FFF760FE09B05DF860
:10EE700004FB00BF030E040029289ABF014B185C55
:10EE800009207047B617040070B5C368B3F8016075
:10EE90001D780F21304602F03FF8044638B933465A
:10EEA000184A1948BDE87040012117F09CBA65B1B5
:10EEB0002846FFF7E1FF29460246204602F08EF978
:10EEC0002046BDE8704001F0D3BE8678012EEFD118
:10EED00006F04AFC204617F05CFA0028E8D105202D
:10EEE000FFF7CAFF05210246204602F077F93146B6
:10EEF000064A054817F079FA0521204617F0F4FD77
:10EF0000DEE700BFFA0F0400B0AC0300A214040057
:10EF10002DE9F041C668B6F8017035780F21384602
:10EF200001F0FAFF044638B93B46214A2148BDE8C2
:10EF3000F041012117F057BA45B12846FFF79CFF71
:10EF400029460246204602F049F908E0F278C37AE1
:10EF5000934209D1184A1748022117F044FA204673
:10EF6000BDE8F04101F084BE8378C272012B05D068
:10EF70000020FFF781FF00210246E3E70AB106F017
:10EF8000F3FB204617F005FA0028F1D10520FFF722
:10EF900073FF05210246204602F020F9074A054882
:10EFA000012117F022FA0521204617F09DFDD6E732
:10EFB000FA0F0400B0AC0300C8140400A21404004B
:10EFC00070B50C4D06460FCD8EB06C460FC40FCDFC
:10EFD0000FC40FCD0FC495E803000D2E84E8030085
:10EFE0009BBF0EAB03EB8606034856F8380C0EB0F9
:10EFF00070BD00BFF0AE0300F7140400024BD3F85D
:10F0000064315B69184700BF5803002038B50546D6
:10F010000C4619B9FFF738FC0446C8B140F6354331
:10F020009D420FD12046FFF7E9FF054640B1034658
:10F03000094A0A48012117F0D6F9204606F042FF96
:10F04000284638BD0648214619F0F9F90025F7E7AA
:10F050006FF06805F4E700BFFF140400B0AC0300D4
:10F06000A4040020F0B5C5682F88BCB287B0012188
:10F07000204601F051FF064640B9274A274823465B
:10F08000012107B0BDE8F04017F0ADB902ACD5F8EA
:10F090000220D5F8063001946989009118F0D5FF57
:10F0A00040B3122142F21A00FFF7EEFB054648B9C1
:10F0B0001B4A1A48012117F098F9304601F0D8FD93
:10F0C00007B0F0BD12210C3019F0E5F903462246D5
:10F0D00023F8027B06AF144603CCBC42186059608B
:10F0E000224603F10803F6D1294642F21A00FFF73F
:10F0F0008DFFE2E7022142F21B00FFF7C5FB044649
:10F100000028D5D002210C3019F0C5F9214607801E
:10F1100042F21B00EBE700BF5F100400B0AC03003D
:10F120002115040073B5C368D9789A781E8842EA1D
:10F130000122ADF8002059791A7942EA0122ADF88E
:10F140000220D9799A7942EA0122ADF804201A7A8C
:10F150005B7AB4B242EA032301212046ADF80630BF
:10F1600001F0DAFE054658B91C481D4A0121234624
:10F1700017F039F90221204617F0FAF902B070BDF4
:10F18000694601F0C3FF38B91E21204617F0F0F997
:10F19000284601F06DFDF1E70E2142F22000FFF755
:10F1A00073FB04460028F3D00E210C3019F073F9DC
:10F1B00000230680C0F80A30BDF800304380BDF857
:10F1C00002308380BDF80430C380BDF8063003816F
:10F1D000214642F22000FFF719FFD9E7B0AC030047
:10F1E0005F1004002DE9F84F4A4FDFF82C8107F13A
:10F1F0001409FB6848466FF39433FB6001F0EEFCA2
:10F20000451C44484FF0FF324FF0FF3329460DF0C4
:10F21000A9FB70B14149424840F67833424615F0A7
:10F2200025FC002383F31188BFF36F8F0323184657
:10F2300002DF384EDFF8ECB015B90DF033F8D8E73F
:10F24000F368C3F38633022B53D9042B5BD1337B92
:10F25000002B51D134480022002319F0C3F8044692
:10F2600068B932492E4840F60A33424615F0FEFB93
:10F2700084F31188BFF36F8F0323184602DFDFF892
:10F28000B0A02C484FF0FF324FF0FF330CF0E2FA01
:10F29000DAF840215AB1284A2248012117F0A5F88E
:10F2A000DAF8400106F00EFE0022CAF8402120469E
:10F2B00019F0C7F8CAF840012046FFF79FFE034641
:10F2C000B8B11E4A1748012117F08DF819480CF003
:10F2D0009BFA204606F048FD194B0C2202FB003336
:10F2E000588818B122461F21FFF7D8F8204606F0AB
:10F2F000E9FD1436013D9FE7012BFAD1306938381A
:10F3000002F04CF9F5E70F4A0221584617F06BF866
:10F31000EFE700BF4C06002006120400871304002C
:10F3200068120400B0AC0300A40400203D2B0400CC
:10F33000580300208004002038150400FF14040046
:10F340008C5B0020531504002DE9F843044600F1BE
:10F350000C06304619F0D6F8B4F81080B8F1010F59
:10F3600005460AD81A4A1B484346012117F03BF8C4
:10F370002046BDE8F84306F0A5BD3046022119F04D
:10F38000B1F80746007817F01CF810F0010906469E
:10F390000DD1114A1149124840F6567315F066FB1B
:10F3A00089F31188BFF36F8F0323184602DF05230B
:10F3B0000C4A3878214617F02CF8B307D8D5636982
:10F3C000A4F8108013FA85F5E560BDE8F88300BF66
:10F3D000EA110400B0AC0300061204007415040026
:10F3E00068120400D4CC030038B504460CF01EFFAC
:10F3F000237E012B05D0032B14D12046FEF77CFE83
:10F400000BE0E368187816F0DCFFC207054602D56A
:10F410002046FFF799FFAB07EFD400240CF01AFF4A
:10F42000204638BD054A0648012116F0DCFF20467B
:10F4300006F048FD6FF01504F0E700BF8D150400DD
:10F44000B0AC0300084A0346D2F8640130B9D96869
:10F4500039B1596929B1C2F8643170476FF077004A
:10F4600070476FF015007047580300202DE9F84FE2
:10F470003D4C3E483E4D00AF042116F0B8FFE27906
:10F480003C4B2046012A88BF1D466E46FEF730FBE6
:10F490008AB06A46384BD061C2E90535374B1362F2
:10F4A000374B42F8103F3748DFF8DC80DFF8D49064
:10F4B0004FF4235116F0AAFFB546344EA34601255A
:10F4C000E3799D420BF1070B38DB94F87050284626
:10F4D000FFF776FD6E468CB0B4F87210B4F8763053
:10F4E0006A46DFF8ACC05362C2E90751294B4FF4BA
:10F4F0000075C2E905C015854FF4535142F8103F1D
:10F50000204816F083FFB54694F871603046FFF747
:10F5100057FD8AB0B4F874306A461F499584C2E931
:10F5200007631E4BC2E9051042F8103F15484FF41F
:10F53000335116F06BFFBD46BDE8F88F5846FEF715
:10F54000D7FAEA468AB06A4640F20133C2E9056555
:10F55000D06113844FF4135142F8108F484616F0CF
:10F5600055FF0135D546ABE7580300202C04002099
:10F57000C3060400A1150400A51504000002010340
:10F5800004000002B0AC030004000001B415040044
:10F59000C515040006000001031604000500000163
:10F5A00008B50848C37933B9074A0848032116F05B
:10F5B0001CFF002008BD0821D43016F018FFFFF70B
:10F5C00055FFF6E7580300202A160400B0AC0300EC
:10F5D00010B5F1F7E1FD034B1B6813B1BDE8104016
:10F5E000184710BDA45B002070B5364DD5F86431C6
:10F5F00088B006464BB9344A3448012116F0F5FE6E
:10F600006FF01204204608B070BD6FF0020105F1E2
:10F61000D40016F00CFF012116F0E9FEC3074ED40A
:10F62000FEF72AFB04460028ECD1294B1E6001227C
:10F63000114605F594701AF08AFB05F5A6701AF0CC
:10F6400061FB00220023CDE906236FF00803CDE91A
:10F650000243CDE900441F4B1F4904944FF4C0629C
:10F660001E480CF0E7FB1E491C480CF05DFB1D48D2
:10F670001AF073FC1C491B4800946FF0070340F616
:10F6800098020CF0AFFA194916480CF04DFBD5F86A
:10F690006431DB689847044630B10346144A0B488E
:10F6A000012116F0A0FEADE726B908B0BDE8704014
:10F6B000F1F772BD05F1C4000CF08EFAA2E76FF00D
:10F6C00077049FE75803002072170400B0AC0300D2
:10F6D000A45B0020E5F10100C0DA0120282300200E
:10F6E0008B170400E023002000E1012091170400A3
:10F6F0009A170400044BBFF35B8F1868BFF35B8F4E
:10F70000C0F38000704700BF2C0400200048704701
:10F710003AFC0300F8B50A4DEF7906460024E3B23F
:10F720009F4202D86FF0010007E02946304616F0EC
:10F7300045FF0735631C08B12046F8BD1C46EEE7BF
:10F740005803002037B504460D46B9B1164928467E
:10F7500016F034FF90B91548C4EBC4042946204480
:10F7600016F036FF124816F03AFF430703D5FEF7AE
:10F7700043FB16F0A1FD002003B030BD684616F033
:10F78000EBFD0028F8D16846FFF7C4FF0028F5DA42
:10F79000064BC4EBC4001844694616F019FF002D4F
:10F7A000E0D001462846DBE7F60D040058030020B0
:10F7B0002C04002070B5194E0622314605461AF079
:10F7C0008CFF30B3062142F20500FFF75DF80446D6
:10F7D00008B3062229460C3018F063FE21460022A9
:10F7E00042F20500FFF78CF8044648B110F10D0F06
:10F7F00004D10B4A0B48022116F0E8FE204670BDEA
:10F8000033462A6843F86929AA88B280012283F81E
:10F8100068200024F2E76FF06804EFE7C1030020DE
:10F82000F0180400B8AC0300F7B50021044602222A
:10F83000084601F071FD0646A8B1BFF35B8F424B4D
:10F8400053E8001F41F4004143E80012002AF7D1B9
:10F85000BFF35B8F237A43F00103237203B0BDE84B
:10F86000F04001F005BA394D0146394800F0C4FBBB
:10F8700095F823314BB1304616F0F3FE28B1354AE6
:10F880000221354816F0A2FE1DE095F8232195F8D7
:10F8900022319A4221D1314A2F48022116F096FE98
:10F8A0000022114642F22900FFF72AF810B12C4A33
:10F8B0000121E6E795F82331013385F82331237AD6
:10F8C00043F004032372012016F0CBFE25480021EB
:10F8D00003B0BDE8F04000F08FBB2246671C12F871
:10F8E0002A0B394616F081FE064608B11E4ADFE7AC
:10F8F00095F82331013385F82331237A43F004034B
:10F90000237295F8A7305B0701D4184AB8E7394647
:10F91000684616F05DFE0123082142F24E008DF884
:10F920000730FEF7B1FF044660B1082269460C308B
:10F9300018F0B7FD3246214642F24E00FEF7E0FFD6
:10F940000028C0D00A4AB3E72C0400205803002046
:10F9500017670300FF180400B8AC03002419040063
:10F9600055190400936603007519040095190400E5
:10F97000BF19040000212DE9F04102220446084687
:10F9800001F0CAFC0546A0B1BFF35B8F344B53E8CE
:10F99000001F41F4004143E80012002AF7D1BFF3F1
:10F9A0005B8F237A43F002032372BDE8F04101F03C
:10F9B0005FB901462B4800F01FFB284616F051FEA8
:10F9C000294D064688B1294A03460121284815F0E9
:10F9D000E1FF95F8233113B1012016F042FEBDE896
:10F9E000F0412448002100F007BB95F8233195F839
:10F9F00022219A420CD2013B85F82331237A1E49F9
:10FA000023F0040302462372022005F097FFE0E78B
:10FA1000072142F22800FEF737FF04F101080746EC
:10FA200028B9164A1248012116F0D0FDD1E7072166
:10FA30000C3018F030FD414616F0CAFD324639460A
:10FA400042F22800FEF75CFF0028EAD195F8233146
:10FA5000013B85F82331237A23F004032372B8E7AE
:10FA60002C0400201767030058030020DA19040053
:10FA7000B8AC0300936603004D660300071A040048
:10FA80000A4BBFF35B8F53E8002F22F4004143E899
:10FA900000100028F7D1BFF35B8F130404D504498D
:10FAA0000022022005F04ABF704700BF2C0400204E
:10FAB000AD67030007B50023CDE9000304496A469A
:10FAC000022005F03BFF019803B05DF804FB00BF86
:10FAD000C166030010B4034670B10A4991F822418F
:10FAE00091F823210CB1944208D2013281F82321EC
:10FAF0001A7A42F004021A7210BC704710BCFFF769
:10FB000093BE00BF5803002010B4034698B10B4CBD
:10FB100094F8221194F8232129B101318A4203DC9F
:10FB200010BCFFF727BF12B1013A84F823211A7ADB
:10FB300022F004021A7210BC704700BF5803002064
:10FB400070B50446B1B9C0B11F4916F037FDA0B970
:10FB50002046FFF7DFFD00282FDA2378012B04D1A0
:10FB6000A37903F0C003C02B07D0184A184801211D
:10FB700016F02CFD6FF0150070BD164DEB79012BC2
:10FB80001ED005F1D40016F02AFDC30707D4002CBF
:10FB9000F0D00D49204616F011FD0028EAD1EE798B
:10FBA0002146731C3046EB71FFF7CCFD08B9304697
:10FBB000E2E7EB79013BEB71DEE76FF07700DBE723
:10FBC0006FF00B00D8E700BFF60D04002C1A0400FC
:10FBD000B8AC0300580300202DE9F341044640B9B6
:10FBE0001A4A1B48022116F0F1FC002002B0BDE8C1
:10FBF000F08101AA002141F20900FEF781FE0546CD
:10FC000008B1144AEDE7019E1349D6F80C8008F1BB
:10FC10000107062238461AF060FD28B10F49062276
:10FC200038461AF05AFD18B9304606F04BF9DCE7B1
:10FC3000D8F80130C4F80130BB88A4F8053030464C
:10FC4000257006F03FF90120D0E700BF5A1A0400E2
:10FC5000B8AC0300731A0400030E0400FD0D040089
:10FC600007B56846FFF7B8FF044BD87118B169466D
:10FC70000020FFF767FD03B05DF804FB5803002088
:10FC8000F0B5304DEC7989B0002C53D195F8C260B5
:10FC900016F0010610D12C4A2C48022116F096FCD1
:10FCA000EC71162600240127EB79E0B298422CD3A0
:10FCB000002B3FD000203BE06A4621464FF609402A
:10FCC000FEF71EFE08B1224AE6E7DDF800C0DCF8C8
:10FCD0000C104B7823B9604606F0F4F81D4ADBE7B8
:10FCE0008B1C02AA01F1120418685968174603C751
:10FCF0000833A3423A46F7D1186838609B88BB8026
:10FD0000604606F0DFF83446CAE708AB06FB00336E
:10FD1000694653F8182C33F8143CCDF80120ADF89F
:10FD200005308DF80070FFF70DFD01340028BBD0C1
:10FD300009B0F0BD0021084609B0BDE8F040FFF76A
:10FD4000FFBE00BF58030020911A0400B8AC0300A6
:10FD5000BD1A0400DD1A04002DE9F04190460E465C
:10FD60001D46024650B14BB13103047810D57307DC
:10FD700008D52B4A2B48012116F028FC6FF01500FE
:10FD8000BDE8F08116F0F7FC0028F9D1012341E02D
:10FD9000F70730D5244FB8F1000F13D0B0060AD4BE
:10FDA000C4EBC403FB5C012B13D02B70B20620D52F
:10FDB00043F002030BE097F8D8305906F0D46FF007
:10FDC0008500DDE7C4EBC403FB5C012B01D02B7085
:10FDD0000FE0072101FB04710131104616F0C3FC4E
:10FDE0000028CDD1C4EBC4043B5D2B70B8F1000FEB
:10FDF000DCD10020C4E773070ED50B4EC4EBC4075B
:10FE0000F35D012BE3D1072111FB0431314416F0DE
:10FE1000AAFCF35D2B70B3E716F0ADFCB6E700BFAC
:10FE2000061B0400B8AC0300580300202DE9F74F6F
:10FE30000C46202100909246FEF726FD054600283C
:10FE400055D020210C3018F026FB202200218146BD
:10FE50001AF03BFC09F1010B04EBCA0A0026D4F8A6
:10FE600000800023626893420CD30834A245F6D187
:10FE7000009889F800600022294603B0BDE8F04FE1
:10FE8000FEF73EBD98F8012098F800C0B01C81181C
:10FE90001F2915D9BCF1090FC0F11F0201D1002A99
:10FEA0000CDC144A1448012115F06BFD284606F0BD
:10FEB00009F86FF0150003B0BDE8F08F4FF0080CA3
:10FEC000D7B2791C0BF80610711CC9B25BFA80F02E
:10FED0000BF801C0D8F80410019302371AF0CDFBDB
:10FEE000019B3744FEB2013308F10808BAE76FF00E
:10FEF0006800E0E72B1B040070AC030008B5044960
:10FF0000072209301AF0E9FB003818BF012008BDAC
:10FF1000F60D0400F8B5154B067883F86F600446BB
:10FF20000D46FFF7EBFF70B91149304601F084F937
:10FF3000044610B96FF00B00F8BD052100F0D0FEAB
:10FF40002C600020F8E704F109073946304601F03B
:10FF5000ABF940B92078394601F06EF90446002823
:10FF6000E8D00621EAE76FF01500E5E75803002026
:10FF7000EF0D0400F8B545686905064635D40469F7
:10FF800014B115F0010330D0194F3078FB7983425A
:10FF90002BD9C0EBC0001749072238441AF09DFB4B
:10FFA000A8B115F0010306D197F87020082A02D8ED
:10FFB000B2689F2A19D915F0300F09D0ACB1EA0602
:10FFC0000AD405F46035B5F5603018BF0120F8BDDE
:10FFD000EB0601D4002CF4D1D6E902239A4204D8CE
:10FFE0001F2A02D9B3F5804FEBD90020EFE700BFFD
:10FFF00058030020F60D040003460148184700BFCF
:020000022000DC
:100000007003002000487047700300202DE9F04F76
:10001000D1F810908DB09A460023B9EB030605463F
:100020009348059218BF0126079316F0E0FB0C4693
:10003000410740F112812046FFF79CFF28B96FF07D
:10004000150B58460DB0BDE8F08F204616F0AAFB00
:1000500080460028F3D005F11007384616F0C7FB9C
:100060000206C0F3C01300F1FB80CDE90933CDF8DF
:100070002B30A3686068ADF82030E368ADF822301B
:1000800016F0A6FB6FF400518DF82D00784816F09D
:10009000B4FB784A23782B7082F86F3061680DF1D9
:1000A000250332462846FFF757FE83460028C8D16D
:1000B00005F10902B9F1000F18D021690868C5F8E7
:1000C00009008888908089799171204616F032FC69
:1000D00062680646D0071BD4920503D4169B0BB961
:1000E000022E5CD102238DF8243023E0624B196884
:1000F000C5F8091099889B7991809371204616F074
:1001000019FC6268D1070646E6D58DF8249011E007
:1001100012F0100F0CBF012204228DF82420226956
:100120001168CDF826109188ADF82A1092798DF8D3
:100130002C20D8460F2142F20600FEF7A5FB83468D
:10014000002800F090800F2208A90C3018F0A9F9BF
:100150000022594642F20600FEF7D2FB002840F08A
:100160008580B9F1000F20D06368DB072BD4012113
:10017000284616F0EFFB8346002866D03F4A4048E9
:10018000012115F0FEFB079C002C3FF45AAF2046DE
:10019000002100F0A5FD204600F06AFD51E7032391
:1001A000DDF858808DF82430C4E7179B0093CDE923
:1001B0000186169B05995246284616F044FB834655
:1001C0000028D1D03DE707A92846FFF7A3FE8346C4
:1001D0000028CCD010F10C0F7FF433AFB9F1000F31
:1001E0007FF42FAF626890073FF52BAF636883F011
:1001F0000203C3F3400B0BF001020E21384616F048
:100200000BFB731E5A425A410821384616F004FB74
:10021000B11E4A424A413846092116F0FDFA626889
:100220000A2102F00102384616F0F6FA42460B2186
:10023000384616F0F1FA62680D21C2F380023846A2
:1002400016F0EAFA4FF0000BFBE6079808B100F051
:100250000FFDB9F1000FCED1C8E76FF00A0BF0E641
:100260006FF0770BEDE66FF0680BEAE68346E8E6A1
:100270002C04002058030020F60D0400441B040049
:1002800070AC030073B51546069A0C46CDE90032F2
:100290002B460A4601461148FFF7B8FE214606469E
:1002A000002340F201109D4202D1304602B070BDE1
:1002B0000A88824204D14A6812B11278D20702D465
:1002C00001330831EFE70649064819F04CFE4FF4B8
:1002D0007022002303480BF021FDE6E770030020A5
:1002E000610302008803002010B5194816F059FB7D
:1002F00018486FF4804116F080FA164816F077FA25
:1003000003461A06C0F3C01021D5124816F06FFA42
:10031000430513D50E48FFF7F1FD0F490346087E4C
:1003200093B90E49052200F0F7FF044630B10021D1
:10033000017300F0D5FC204600F09AFCBDE81040A7
:100340000348002116F006BB06222131EBE710BD61
:10035000700300208003002058030020EF0D0400EC
:1003600010B5FFF7C1FF034630B1044A0448BDE8A9
:100370001040022115F00EBB10BD00BF5F1B040032
:1003800070AC030073B53548344C16F030FA10F4F5
:10039000804F38D0204616F02AFA030633D4204680
:1003A00016F025FA46052ED501A9A4F11000FFF795
:1003B000B1FD40BBA4F11000FFF7A0FD02462046AE
:1003C00016F015FAC0F38031204616F010FA81F0CD
:1003D000010145054FEA4101204848BF41F00101B4
:1003E00016F005FA800448BF41F004011C480DF1E5
:1003F0000303FFF7B1FC054638B11A4A0346012151
:10040000194815F0C7FA02B070BD1548012116F061
:10041000A1FA019E28B9304602B0BDE8704000F054
:1004200027BC2946304600F05BFC6FF480410B4846
:1004300016F0E3F90546304600F01AFC6B04E2D5ED
:10044000BFF35B8F54E8003F43F4804344E800323D
:10045000002AF7D1BFF35B8FD5E700BF80030020F0
:10046000700300207E1B040070AC030008B5044933
:1004700040221AF032F9B0FA80F0400908BD00BFFE
:10048000421C040070B5394B93F8A23003F0060308
:10049000062B08D0364A3748022115F072FA6FF061
:1004A0008505284670BD00285CD0334E326872B195
:1004B000131F834207D1314A2E48022115F061FAF9
:1004C0006FF07705EDE75B680BB1043BF1E7426045
:1004D0007268031D336002B97360294CBFF35B8FF0
:1004E00054E8002F42F0200344E800310029F7D1FE
:1004F000BFF35B8F12F0200201D00025D1E7BFF3DC
:100500005B8F54E8003F23F0100344E800310029DA
:10051000F7D1BFF35B8F114642F22500FEF7F0F9E9
:1005200005460028E9D0174A1248012115F029FA9A
:10053000BFF35B8F54E8003F23F0200344E8003210
:10054000002AF7D1BFF35B8F34683CB154F8043C08
:10055000043C0BB1002098476468F6E70023C6E925
:1005600000339EE76FF015059BE700BF580300209E
:10057000BB1B0400A0AC0300AC5B0020DA1B040032
:100580002C040020F61B0400054BBFF35B8F1B6897
:100590000448BFF35B8F13F0100F08BF00207047B3
:1005A0002C040020DF2E012070B5244E33688B42CE
:1005B00004463DD01BB16FF00F04204670BD204BA8
:1005C000BFF35B8F1A68BFF35B8F9206F3D4BFF360
:1005D0005B8F1B68BFF35B8FDB062CD5316042F26B
:1005E00026004021FEF750F90546F0B140210C30BD
:1005F00017F051FF234604F1400253F8041B40F862
:10060000041B9342F9D10022294642F22600FEF74C
:1006100077F904460028D0D000233360094A0A48FD
:100620002346022115F0B6F9C7E76FF06804F3E737
:100630006FF07704C1E76FF07C04BEE7A85B002091
:100640002C040020201C0400A0AC0300F8B51D4BB6
:10065000C568BFF35B8F53E8002F22F0200243E808
:1006600000210029F7D1BFF35B8F2A78AAB9164978
:100670006A1C05F1410052F8044B41F8044B8242D8
:10068000F9D1BFF35B8F53E8001F41F0100143E83D
:100690000012002AF7D1BFF35B8F0C4E34686CB1A7
:1006A000094F043C23682BB12A78002A0CBF384636
:1006B0000020984764680CB1043CF3E70023C6E9C6
:1006C0000033F8BD2C040020DF2E0120AC5B00209D
:1006D00005490B6833B1C26800200860117801B980
:1006E000501C1847704700BFA85B002070B50B4B2B
:1006F0001D68044625B90A4D0A4EB54207D370BDA0
:100700002B6813B1217B204698476D6AF2E72B686E
:1007100013B1217B204698472835EEE7945D0020F1
:1007200040AC030040AC03002DE9F843DFF85480EF
:1007300004464FF040090025EFF3118389F3128836
:10074000BFF36F8F216A29B983F31188BFF36F8FCD
:10075000BDE8F883606A0A682262814208BF62626B
:1007600083F31188BFF36F8FD1E90167CD60C1E9D1
:100770000155404619F0D2FA002239462046B047CA
:10078000DAE700BFB00B002010B504461AF04AF8B3
:100790000A4B1A580A4B9A428AB005D120460AB031
:1007A000BDE81040FFF7C0BF283420460BF014FA14
:1007B0006946204619F089FB0AB010BD0800000008
:1007C000F836002070B5D1E901560022C1E90122B6
:1007D0000446CA60054819F0A1FA314620462B4666
:1007E0006FF06D02BDE87040184700BFB00B0020ED
:1007F0002DE9F047574F9946B7F80431002B0446CE
:100800000E4607F58470154608BF0020002200231D
:100810000BF020F8002840F09680637B072B40F017
:100820009580002D71D005F10C0A5046B7F804816F
:1008300017F06CFE404562D9B7F8048156F80C1FDA
:100840004246504617F02DFE4146304617F042FE14
:10085000AE69EFF31182402383F31288BFF36F8FE9
:10086000002E5DD000233360A369002B55D1C4E96D
:1008700005664FF0000882F31188BFF36F8F0421E3
:1008800005F10C0017F01EFE238809F0FD0943EA6C
:100890000939A0F800902B8A043B438002232B7671
:1008A0002846FEF7ABFB40B32B4A034601212B48F9
:1008B00015F070F8EFF31189402383F31288BFF32A
:1008C0006F8F002E39D0314604F1140016F06CF809
:1008D00089F31188BFF36F8FB7F804312048002BDC
:1008E00008BF00200AF090FF2EB10023AB61314613
:1008F0002046FFF767FF6FF00400BDE8F087504621
:1009000017F004FE1FFA80F898E70022002304F194
:10091000380017F067FD05469AE71E60A661A8E754
:10092000A36933B103F10C08DB680133C8F8003068
:10093000A1E7E36904F11C08F7E7D8F80030013BB0
:10094000C8F80030C4E76FF06800D6E76FF07F00AA
:10095000D3E700BF58030020FF14040080AC03005D
:10096000600400200448B0F80431002B00F58470C6
:1009700008BF0020704700BF5803002038B5002290
:1009800004468A4202D10024204638BD04F1C8033F
:100990000120BFF35B8F53E8005F002D04D143E8D3
:1009A000000CBCF1000FF6D1BFF35B8F02D0D03446
:1009B0000244E6E7002CE6D0C8220021204619F0C8
:1009C00084FE04F15800044919F0CDFA034904F1FA
:1009D000280019F03FFAD7E791140200FD690300DF
:1009E000F7B5164604460D46FFF7CEFE012E23D07E
:1009F000022E50D123693BB13048314A012114F015
:100A0000C0FF204615F0FDFF256121690B8A012BEF
:100A100051D9CA681288043292B293424BD341D959
:100A2000264800920121274A14F0BEFF204603B059
:100A3000BDE8F04015F0E5BF206940B9224A1F48E3
:100A4000314614F09EFF204615F0DBFF01E02F8AAF
:100A50002FB9284603B0BDE8F04005F033BA0C309A
:100A600017F054FD87420CD9184A1448314614F047
:100A700088FF21690022204600F02EFF0023236119
:100A8000E7E720692A8AE9680C3017F00AFD284652
:100A900005F018FAB9E70E4A08483346012114F068
:100AA00079FFD0E7002301222046236103B0BDE88F
:100AB000F04000F011BF03B0F0BD00BF80AC0300F8
:100AC000891C0400091D0400A61C0400C41C0400A9
:100AD000EB1C04002DE9F843161E0D46097A9946D1
:100AE00014BF02230123994200AF804609DD334A37
:100AF0003348012114F045FF6FF01500BD46BDE8F5
:100B0000F883EB7A072B14D86C468AB0A97A6A4628
:100B10002C48C2E905030823C2E90731052342F83E
:100B2000103F274800234FF42151FBF7F3F9A54666
:100B3000E2E7437B072B07D0234A2148012114F029
:100B400020FF6FF07F00D9E7002E31D019F06AFE48
:100B50001E4B1A581E4B9A421E4807BF0022002304
:100B60004FF0FF324FF0FF330AF01CFE044608B38B
:100B700098F80D30072B0DD0174A1148022114F0B8
:100B800000FF0023C4E901331248E360214619F055
:100B9000C5F8D6E7C0E901690023C360AC61002451
:100BA00008F138002C77294617F049FC2046A5E7C4
:100BB0003446F3E76FF06800A0E700BF241D04008F
:100BC00080AC0300451D0400721D040008000000F5
:100BD000F8360020B00B0020811D040070B50446DB
:100BE0001F4819F028FD1E4B00220121204619F054
:100BF000F9FCBFF35B8F1B4B1A68BFF35B8F04F1EB
:100C000014060AB9012070BDA3F1C80513F8BB3C56
:100C100053B96FF04001281D15F0E1FE430603D5DE
:100C2000284615F0F7FEEDE76B7B072BEAD10E4B5C
:100C3000B3F80421002AE5D0D3F81021A96B59B1EB
:100C400052B903F584730221304619F0CBFC01231D
:100C500084F820300220D6E7044B00220421F3E779
:100C6000980600208025002058030020F024002052
:100C7000F7B5C83010F8C66C10F8C55CBFF35B8FD1
:100C800050E8003F5A1E40E800210029F8D1BFF388
:100C90005B8F0193BFF35B8F019BBFF35B8F012BD6
:100CA0000CD10C4B1C685CB90B4C0C4FBC420CD3E8
:100CB000012E03D1012D01D1FFF764FB03B0F0BD7C
:100CC000A36803B19847646AEDE7A36803B1984746
:100CD0002834EBE7945D002040AC030040AC0300F7
:100CE0002DE9F041467B8E4200AF04460D461BD1F4
:100CF000082E96BF7E4B7F4B53F826306C4688B04B
:100D00006A467D49C2E905134FF4007393837B4B18
:100D100042F8103F7A4800234FF4E451FBF7FAF809
:100D2000A546BD46BDE8F081417326B98378082BFE
:100D300001D015F092FE637B082B00F2D68001A251
:100D400052F823F0A70D0200470E0200230D020007
:100D5000230D0200230D0200230D0200230D0200CB
:100D6000690D0200230D0200A378042BD9D004F1F1
:100D7000380018F0C7FF634800210BF04BFE00233A
:100D8000C4E91433E378012BCBD1A378012B04BF42
:100D9000032384F8AC304FF42032002304F15800D0
:100DA0000AF088FFBDE7A378042B03D12046FFF7A4
:100DB0005FFFB6E7082EB4D801A353F826F000BFB2
:100DC000390E0200E50D02002B0E02002B0E020070
:100DD000AD0D0200AD0D02002B0E0200390E020017
:100DE000390E02002046FFF7CFFCA378012B0AD171
:100DF00004F15805284619F0C2F810F00C0F02D083
:100E0000284619F0BEF8BFF35B8F043454E8003F66
:100E100043F0400344E80032002AF7D1BFF35B8F70
:100E2000002138480BF0F6FD7BE7237B002BBDD07B
:100E30002046FFF75BFCB9E7334A2B4630480221D6
:100E400014F0A8FD6DE7237B3E2B0FD16D4688B0D3
:100E50006A462E4BC2E90534032342F8103F284866
:100E600000234FF4C451FBF755F8AD46284D4FF021
:100E7000400805F58476EFF3118388F31288BFF3F9
:100E80006F8FE26972B1013AE26183F31188BFF3B7
:100E90006F8FB5F80431002B14BF304600200AF0E4
:100EA000B3FCE8E7616921B983F31188BFF36F8F61
:100EB00037E7A0690A686261814208BFA26183F3D3
:100EC0001188BFF36F8FEFF3118388F31288BFF39C
:100ED0006F8FCA68E2610022CA6083F31188BFF392
:100EE0006F8F2046FFF76EFCD3E70A4A2B46A5E733
:100EF0008CCD0300A71D0400B11D040003000001F8
:100F000080AC030098060020C21D0400D91D040017
:100F100058030020001E040070B5024605460E4628
:100F20000A48012115F0B5FD044610B900242046F9
:100F300070BD83781E42FAD1054A06482B4602212D
:100F400014F028FD2046FFF793FEEFE7B8240020B9
:100F50001C1E040080AC0300F8B5074609480D4686
:100F6000164615F07AFD044650B183781F4203D12E
:100F7000BDE8F840FFF77CBE3146A8472046F7E7BA
:100F8000F8BD00BFB8240020034BC01A034B00116A
:100F90005843C0B2704700BFB8240020C54EECC40F
:100FA00070B51C46144305460E4608D019F03AFCAD
:100FB0000D4908580D49884204BF002213460C49C8
:100FC000002D14BF2846084617F008FA044630B929
:100FD000084A0948022114F0D4FC204670BD711D56
:100FE0000C3017F054FAF8E708000000F83600203B
:100FF000C80B0020331E040080AC0300F8B5044683
:10100000BFF35B8F6368BFF35B8F9B0500F1040048
:1010100011D5B4F89E30B4F8A0209A420BD8B4F899
:10102000A2209A4207D3D4E929239A4203D16FF42C
:10103000007115F0D4FC104B1D6825B90F4D104FF1
:10104000BD420CD3F8BD2E693EB1B4F8A630B4F859
:10105000A420B4F89E102046B0476D6AEDE72E69D3
:101060003EB1B4F8A630B4F8A420B4F89E102046DF
:10107000B0472835E4E700BF945D002040AC030092
:1010800040AC0300F8B50D4B1D68044600F1BE06E8
:1010900035B90B4D0B4E04F1BE07B54207D3F8BD71
:1010A0002B6A13B13146204698476D6AF0E72B6AE8
:1010B00013B13946204698472835EEE7945D002065
:1010C00040AC030040AC0300F8B50D4B1D6804466E
:1010D00000F1BC0635B90B4D0B4E04F1BC07B5420F
:1010E00007D3F8BDEB6913B13146204698476D6AC6
:1010F000F0E7EB6913B13946204698472835EEE70B
:10110000945D002040AC030040AC03002DE9F041A9
:10111000074608460C4615F00AFA054618B9002598
:101120002846BDE8F081134B1E6846B9124EDFF821
:101130004C804645F4D2F36883B92836F9E7F36862
:101140000BB9766AF1E72146384698470028E6D081
:10115000204615F0ECF90028F3D1E0E721463846A7
:1011600098470028DBD0204615F0E1F90028E4D1AB
:10117000D5E700BF945D002040AC030040AC030005
:101180002DE9F041C378044673B900F19606104B7F
:101190001D6804F1880755B90E4D0F4F04F18808FA
:1011A000BD420CD3BDE8F08100F18F06EFE76B691B
:1011B0001BB13A463146204698476D6AEBE76B69AA
:1011C0001BB142463146204698472835E8E700BF24
:1011D000945D002040AC030040AC0300F8B5437AB6
:1011E00083720446164615F083FD0C4B1D6825B925
:1011F0000B4D0C4FBD4208D3F8BDAB691BB1617AF2
:101200003246204698476D6AF1E7AB691BB1617AB7
:101210003246204698472835ECE700BF945D002011
:1012200040AC030040AC0300024B1A6842621860F5
:10123000704700BF945D002038B505460C460B484A
:101240000121FFF79BFB80B105722368C0F888304D
:10125000A388A0F88C30A37980F88E3001234372E4
:1012600083728370024BC0F8A03038BDB8240020D0
:101270001800280070B505460A480E4615F0EDFB2B
:10128000044620B18378012B04D0FFF7F1FC002441
:10129000204670BD3246294615F096FC0028F7D14D
:1012A0002046F2E7B8240020B0B500AF0D46FFF7A6
:1012B000E1FF044608B32846FCF71AFC637B082BC1
:1012C00096BF0F4A0F4B52F823306D468AB06A46DC
:1012D0000D49C2E907030D4B53620D4BC2E90514DA
:1012E00042F8103F0B4800234FF44251FAF712FE28
:1012F0002046AD46FFF7BCFC0120BD46B0BD00BF97
:101300008CCD0300A71D04005C1E04000103020431
:101310000500000280AC0300F8B505460E480E46F5
:10132000174615F09AFB044620B18378012B03D0B1
:10133000FFF79EFC00240DE036B13246294615F039
:1013400043FC08B92046F3E7637BBB42FAD1237A1A
:10135000AB42F7D12046F8BDB824002010B5837801
:101360000B70C3784B70037A8B70437B023BDBB20C
:10137000062B98BF294C02464FF000008CBF034655
:10138000E35C81F8270081F82430537A81F8253016
:10139000104615F0E0FB81F826009378012B3AD136
:1013A00002F188038B60137A1D48C3EBC303034427
:1013B0004B60D47802F1960302F18F0014B11C4601
:1013C00003462046C1E90303B2F89E308B82B2F88F
:1013D000A430CB82B2F8A6300B8302F1BC03CB6100
:1013E00002F1BE030B62D2F8B8302BB15B7BD8069A
:1013F00044BF012381F82730D2F8B83013B15B7BAA
:101400009B0601D4002010BD91F8273043F0020361
:1014100081F82730F6E76FF01500F4E7141F040099
:101420005803002038B5044608460D4615F07FF8ED
:1014300048B3164B93F8D830990707D4E37883B1B3
:1014400029462046BDE8384000F072BA94F8AD3025
:101450009A07F3D5BFF35B8F6368BFF35B8F5B05C0
:10146000ECD42946204615F0D1FB58B92B88A4F8B6
:10147000A0306B88A4F8A230AB88A4F8A830EB8821
:10148000A4F8AA3038BD6FF01500FBE75803002020
:10149000F7B510F84B3C0446A0F15806FBB93046AE
:1014A00015F00EFC334B1D684DB9334D334FBD4223
:1014B0000DD3304603B0BDE8F040FFF7D9BB6B68F1
:1014C0001BB114F84C1C304698476D6AECE76B680A
:1014D0001BB114F84C1C304698472835E7E710F844
:1014E000563C012B23D1A0F154056FF4007128461E
:1014F00015F075FA810522D5A36C00936946236D1A
:1015000001933046FFF78EFF034690B96FF4807168
:10151000284615F064FABFF35B8F55E8003F43F0AF
:10152000800345E80032002AF7D1BFF35B8F03B098
:10153000F0BD134A1348022114F02CFAEBE7124ACB
:101540004FF4281369463046CDE90023FFF76AFFC0
:10155000034660B9BFF35B8F55E8003F43F48073E7
:1015600045E80032002AF7D1BFF35B8FD3E7074A83
:10157000E0E700BF945D002040AC030040AC0300F6
:10158000951E040080AC030018002800BA1E040059
:1015900001460148FFF704BD4C0C00202DE9F0473F
:1015A000437B05465BB96FF04001043015F017FA34
:1015B000430604D52846BDE8F04715F02BBA05F1DF
:1015C000380018F0C0FB044668B9354A354936483A
:1015D0004FF4777313F04AFA84F31188BFF36F8FD7
:1015E0000323184602DF204616F02BFFDFF8BC90DD
:1015F000028AB9F804319A420446027F07D832B908
:10160000022321462846FFF7F3F8064632E0174644
:101610004FF0000A228AB9F804319A4204D8012313
:10162000237700220323ECE74FF0FF334FF0FF3224
:101630000020FFF7ADFF6B7B072B804606D004F040
:1016400041FC2046BDE8F04704F03CBCC0F818A0BF
:1016500080F81CA0637F437702463B46214628461C
:10166000FFF7C6F80646B8B107F0010727774046EE
:1016700004F028FC204604F025FC05360ED1A669AE
:101680000023A361204604F01DFC3EB131462846EC
:10169000BDE8F047FFF796B80127BBE7BDE8F08744
:1016A000E41E04003D2B04006812040058030020CF
:1016B00068B10023C360074B596800F10C0219B9E7
:1016C000C3E90022002070470A605A60FAE76FF011
:1016D00015007047985D002070B50C480C4D0B4EFE
:1016E00018F010FB002429463046013418F016FB90
:1016F0001E2C05F11005F6D115F0DAFE04F0D4F831
:10170000044608B915F047FB204670BDB00B002019
:10171000B45B002008B50346034A0448012114F0D5
:1017200039F9002008BD00BFA41F0400C8AC0300A5
:1017300080B500AF88B06A46074BC2E90530032385
:1017400042F8103F054800234FF4C251FAF7E2FB7C
:101750006FF00B00BD4680BDCC1F0400C8AC030079
:10176000044B1A680AB1FFF7E3BF034858600B60E7
:1017700010467047A45D0020D0CD0300F7B5244D7E
:10178000244F04460026BD4201D303B0F0BD6B6870
:1017900001A920469847002834DB019B2A889A82B9
:1017A0009A8403F11002A868BFF35B8F52E8001F10
:1017B00042E8006CBCF1000FF8D1BFF35B8F9E6074
:1017C000616D03F10802F9B9C4E914221C60D86004
:1017D000019843681B6803B19847019BBFF35B8F77
:1017E000103353E8001F41F0010143E80012002AC2
:1017F000F7D1BFF35B8F01984368DB6913B100F148
:10180000100198470C35BEE70A606265DEE700BF4D
:101810001CAC030040AC030073B50D460646042122
:1018200005F10C0016F05EFE2B8A42889A420446AF
:1018300007D01B48009201211A4A14F0B5F802B0F3
:1018400070BD43783BB9184A1548012102B0BDE884
:10185000704014F096B80378012BF0D0132B03D10D
:10186000012AECD8114AEFE7114A0D48022114F081
:1018700091F8617835680222012015F0F0F90446EC
:101880000028DCD002210C3016F005FE0023037086
:1018900043702146284602B0BDE8704015F061BA99
:1018A000C8AC0300F31F040014200400352004001A
:1018B0005120040008B50B8A032B06D8044A0548BA
:1018C000012114F05EF8002008BDFFF7A5FFFAE73C
:1018D00079200400C8AC030038B50B8A032B0546F9
:1018E0000C4609D80F4A1048012114F04AF8204646
:1018F000BDE8384004F0E6BA042104F10C0016F00B
:10190000F1FD4188284615F03CFA30B9074A0648EF
:101910000B46022114F03EF8E9E7436821465B6973
:101920009847E4E797200400C8AC0300B420040003
:1019300070B5124B0C4619780131C9B2012938BF74
:101940000121054608221220197015F088F9064673
:1019500088B108210C3016F09EFD22880280628832
:101960004280A2888280E288C28031462846BDE853
:10197000704015F0F6B96FF00B0070BD1F2F0120FD
:1019800023281FD81A2804D8431E182B0ED9062046
:101990007047A0F11B03082B1ED8DFE803F0051DDC
:1019A0001B231D19251D0500032070470F4A012325
:1019B00083401A40C2B90E4A1A40002A14BF0120BF
:1019C0000620704700F07F03522B05D1002070479E
:1019D000012070470520704710F0400F0CBF062013
:1019E000002070470420704702207047AAAA8A028C
:1019F00054554501011F014818F0D2B8F8090020DC
:101A000010B500F130030446BFF35B8F53E8001FAD
:101A100041F0010143E80012002AF7D1BFF35B8FC8
:101A2000201F15F077FA04F15400044918F09BFACE
:101A30002068BDE8104002F005BC00BFAD290200DF
:101A40002DE9FF4105460E464FF000084FF42053A4
:101A5000006817688DF8088002A91446ADF80A30AE
:101A600014F02CFCA0B142F6010328688DF80C801C
:101A700003A9ADF80E3014F021FC48B123691BB165
:101A80005A88B24200D25E80012004B0BDE8F081E5
:101A90006168286814F012FC10B100232361F3E799
:101AA000E368A0681A786AB1B7F81AC0798D038A1A
:101AB0008C4594BFC3EB0C03C3EB0103934201DAE3
:101AC0000020E2E704210C3016F0E5FC20610680DE
:101AD00023695E80074B00930194A2680023294686
:101AE000384615F05AFA0028EADB2069003818BF9A
:101AF0000120CAE77B6F03002DE9F04182B000AFFF
:101B0000044688463E4800220023394609F068FD15
:101B10000546B0B16D4688B06A463A4BC2E9053415
:101B2000032342F8103F384800234FF4C251FAF71C
:101B3000F1F9AD466FF00B0630460837BD46BDE8FB
:101B4000F08118F06FFE314B3E681A58304B294631
:101B50001A60301D282218F0B8FD34603C682D480A
:101B60007D60C4E90155C4E9095500220023391DEF
:101B700009F036FD064688B123686C4688B06A468F
:101B80002549C2E90513032342F8103F1E482B469E
:101B90004FF4C451FAF7BEF9A546CBE77B6801467E
:101BA0009022184618F091FD1C4A82603C3018F0D3
:101BB000A9F87B68BFF35B8F343353E8002F43E809
:101BC00000610029F9D1BFF35B8F7B681C60636AF9
:101BD0007D681BB904F10C0018F094F8626AC5F82E
:101BE0008820A26A05F18803636202B9A3627B6858
:101BF00017225A855A830433C8F800309CE700BF87
:101C0000DC090020F020040078AC0300080000008C
:101C10001C5E0020F809002015210400A806002001
:101C20002DE9F743176805468846006851687E68C5
:101C3000144614F043FB8146002842D130469522D9
:101C4000294615F08AFF0646207540B1E3681B78E7
:101C50000BB184F81490002003B0BDE8F083A068B5
:101C600016F0F3FB02210C3016F015FC164B206128
:101C7000A0F8008000930194A268334629463846B4
:101C800015F08BF9002807DA10F1FF0F26BF40424C
:101C9000C0B20E202075DEE72369002BDBD0A068E0
:101CA00015F084F87B8B7A8D9A4294BFC0EB0200CA
:101CB000C0EB0300E3681B78984294BF002001202A
:101CC000CAE70120C8E700BFBD6D030073B50D462C
:101CD000438D418B8B4202F1010228BF0B469A4291
:101CE000064609D9194800920221194A13F05CFEF0
:101CF0000024204602B070BD2846FFF741FE0228AE
:101D000012D0042810D04FF0FF324FF0FF331148AB
:101D1000002115F00AF8044650B90F4A0B482B462B
:101D2000012113F037FEE3E74FF470220023EEE7C2
:101D300004F01AF8094B182202FB0033012104F1C8
:101D40000C009E6016F0A7FB0570D2E778AC03008C
:101D50003A210400F40B0020A41F0400D45D0020ED
:101D60002DE9F04F91B0166880460F46002542F6E7
:101D700001030068D6F804908DF82C500BA9144686
:101D8000ADF82E3014F09AFA002870D04FF420539A
:101D9000D8F800008DF82C500BA9ADF82E3014F0B7
:101DA0008DFA38B1A3681BB15A88BA4200D25F805D
:101DB00001200EE06168084614F0F8FF728B738D05
:101DC0009A4294BFC0EB0200C0EB0300032803D883
:101DD000002011B0BDE8F08F084616F036FB05462E
:101DE000606814F0E3FF728D738B05F10C0B9A425F
:101DF00094BFC0EB020AC0EB030A584616F086FBFC
:101E0000824537D2606814F0D1FF728B738D9A428D
:101E100094BFC0EB0200C0EB030070B96368987A0E
:101E200003F09AFF0022002316F0D8FA0546002896
:101E3000CED00146606816F019FB00230093D8F855
:101E40000460102302AA41464846B047061E0EDB36
:101E5000227CE068B2422BD001460BA814F05CFA59
:101E600060B9237C144A1548022113F093FD002326
:101E7000A3609DE7584616F049FBCEE7F2B202A9EF
:101E800006A814F049FA10B90D4A3346EBE706A943
:101E90000BA814F013FA0028E9D10023637404217D
:101EA00005F10C0016F0F7FAA0600780A3687EE742
:101EB00002A918F012FCEEE75F21040078AC0300E1
:101EC0007E2104002DE9F74F074608460C4603F033
:101ED0004BFFDFF8C4801823434308EB0302064698
:101EE000D2F808A0E068BFF35B8F796BBFF35B8F1C
:101EF000C9070AD4294A2A48012114F071FF6FF05A
:101F00001505284603B0BDE8F08FE1680978117126
:101F1000002248F803200378D22B0FD13B682146DA
:101F2000186816F004F9054640B11E4A1C48012104
:101F300014F056FF204603F0C5FFE2E704F10C0061
:101F400016F0E0FA182303FB0683B4F810B09F6084
:101F5000814600233868009300682246042114F06B
:101F6000E7FE05460028CCD010F1690F04D10E4AD7
:101F70000B48012114F034FF6369A4F810B013FA80
:101F800089F3E36018235E4308EB060348F8065024
:101F9000C3F808A0B5E700BFD45D00209D21040070
:101FA00078AC0300B7210400CA2104002DE9F14FE9
:101FB000054603F0D9FE3D49182202FB00F3C8187C
:101FC00051F803800779B0F80690D0F810A00021EE
:101FD000D0E9024618F079FBA87A03F0BDFE6969E2
:101FE000834651B16B7AD80705D4DBF824301B68DF
:101FF00028469B68984700236B612946584617F08E
:1020000098FE002F45D0002C43D02368002B40D0F1
:102010001B68002B3DD0B8F1000F08D0244A25489A
:102020004346012101B0BDE8F04F13F0B3BC201DC1
:1020300015F079F93846FFF7A3FC052829D8DFE821
:1020400000F01E03281E2803BFF35B8F636BBFF3F2
:102050005B8FDA0707D4184A1648012101B0BDE8A2
:10206000F04F14F0BDBEA36B9BB14FF47022002360
:1020700004F1580001B0BDE8F04F09F04FBE2368ED
:102080001D68BFF35B8F636BBFF35B8FDB07E2D52C
:1020900056B901B0BDE8F08F51462846B04701342B
:1020A000A3B29945F8D8F4E70024F9E7D45D0020FD
:1020B000ED21040078AC03009D210400F7B50B8AE4
:1020C000076804460D463BB9294A2A48012114F005
:1020D00087FE002003B0F0BD012105F10C0016F0D1
:1020E00001FA7B7B072B0646F3D154F8043C002B06
:1020F000EFD003782048043C002210F832709F4251
:1021000000EBC2010FD12A8A48788F78904222D9F9
:102110001848009301211346184A13F045FC012F7B
:10212000D7D1042320E001320E2AE6D11148144A07
:10213000022113F02FFC31780846FFF721FC00281C
:10214000C7D00528C5D00029C3D0062300222046C9
:1021500015F02DF9BDE74B68204629469847012F19
:102160000346B6D10028B4D031780029B1D0EDE7CC
:102170000C22040078AC0300F8CD030041220400D7
:1021800027220400F0B51E4603680D46003987B0CB
:10219000044618BF01211868174615F09CFD40B988
:1021A00004F1340014F0BBFF002844D0002007B035
:1021B000F0BD002E41D018220021684618F085FAA3
:1021C00047BB23681E4A1B6800930023ADF81230FA
:1021D0000C9B0393BDF83430ADF8103001238DF81B
:1021E000143031466B4630468DF8085014F02BFE03
:1021F0009DF81430C3B1002FD8D0019803F062FECF
:102200009DF81430002DD1D032462946204615F0D5
:10221000CEF8CBE7002239462046FFF757FD019064
:102220000028CED11120C2E701990029BED0204656
:1022300015F0AFF8BAE71220B9E70120B7E700BF01
:10224000E56D030008B5437B072B06D00C4A02213D
:102250000C4814F0C5FD002008BD042114F091FDC8
:1022600010B9094A0121F3E7BFF35B8F036BBFF39A
:102270005B8FDB0701D4054AF4E750F8040CEBE769
:102280006022040078AC03006E2204009D2104004B
:10229000F8B50F461646FFF7D5FFB0B1446A2046A1
:1022A0001CB150F8884904B1883C731C194638B1F8
:1022B000428B458DAA4228BF2A469A4207D264B96A
:1022C0000A4A0B48022113F065FB0020F8BD324694
:1022D0003946BDE8F840FFF7F9BCD4F8885005B19D
:1022E000883D20460B462C46E2E700BF89220400C9
:1022F00078AC0300F8B54FF470220746002311486C
:102300000D4616F06BF8044638B90F4A0F482B46B5
:10231000012113F03FFB2046F8BD00F10C06092116
:10232000304616F0B4F8204603F01EFD084B182284
:1023300002FB0033012130469F6016F0ACF80570B7
:10234000E9E700BFF40B0020A41F040078AC0300F1
:10235000D45D00202DE9F0410E8A043EF6B2022E33
:1023600004468CB0084601D0102E64D104210C30F4
:1023700016F0B8F80DF1080805884788011D3246A7
:10238000404613F0C9FF002857D09DB3002687B3FD
:10239000BD422FD84FF4205301A940468DF8046068
:1023A000ADF8063013F08AFF40BB1422002107A8C5
:1023B00018F08BF911212046FFF79CFF09900028A7
:1023C00037D001210C30CDE9074816F064F800231E
:1023D0000A901B4A037039460B93284607AB14F04A
:1023E00032FD0A9B1B78FBB9099803F06BFD0A23A9
:1023F00001E03D4601232A4610210EE042F601038A
:1024000007A940468DF81C60ADF81E3013F056FF4A
:102410000028CAD010232A461946204614F0C7FFC8
:1024200000200CB0BDE8F0810999204614F0B1FFFE
:10243000F6E71120F5E70420F3E70E20F1E700BFEF
:10244000411A02002DE9F043036885B004460D46A9
:102450001868012115F03FFC40B904F1340014F074
:102460005EFEB0BB122005B0BDE8F0831022002153
:10247000684618F02AF921212046FFF73BFF029019
:1024800048B3DFF85890009405F10C074FF00108AD
:102490002B8A012B04D80299204614F07AFF18E009
:1024A000384616F027F86B464A46014606468DF830
:1024B0000C8014F0C8FC9DF80C30002BE8D002987A
:1024C00003F000FD9DF80C3032462021204614F028
:1024D0006EFF0020C7E71120C5E700BF837103002E
:1024E0002DE9F043036885B004460D4618680121C4
:1024F00015F0F1FB40B904F1340014F010FEB0BB4C
:10250000122005B0BDE8F08310220021684618F0C3
:10251000DCF80F212046FFF7EDFE029048B3DFF80C
:102520005890009405F10C074FF001082B8A012BFD
:1025300004D80299204614F02CFF18E0384615F014
:10254000D9FF6B464A46014606468DF80C8014F0CA
:102550007AFC9DF80C30002BE8D0029803F0B2FC16
:102560009DF80C3032460E21204614F020FF00204A
:10257000C7E71120C5E700BF3D710300F0B51D4658
:10258000036885B004460E4618680121174615F009
:10259000A2FB38B904F1340014F0C1FD48BB12208D
:1025A00005B0F0BD65B310220021684618F08DF823
:1025B00039462046FFF79EFE029018B3BDF828303A
:1025C000ADF8043001238DF80C300F4A00946B46AF
:1025D0002946284614F037FC9DF80C305BB1029870
:1025E00003F070FC9DF80C302A463146204614F06A
:1025F000DEFE0020D4E70299204614F0CAFEF8E778
:102600000120CDE71120CBE73D7103002DE9F0411A
:102610000D8A043DEDB2022D04468CB0084601D06F
:10262000102D4BD104210C3015F05CFF0DF1040886
:1026300006884788011D2A46404613F06DFE002893
:102640003ED08EB17FB1B7420ED3182200210DEBE0
:10265000020018F03AF809212046FFF74BFE0890D7
:1026600060B9112007E03E4601233246082120468A
:1026700014F09DFE00200CB0BDE8F08101210C306B
:10268000CDE9064815F007FF0023099003700A23DF
:102690008DF82C300B4A06AB3946304614F0D3FB8C
:1026A0009DF82C302BB1089803F00CFC9DF82C30D1
:1026B000DBE70899204614F06CFEDBE70420DAE73C
:1026C0000E20D8E7211C02002DE9F0430F4687B009
:1026D0000446062107F10C0015F004FF0588B0F848
:1026E00002808288D7F80C90C5B10023B8F1000FA2
:1026F00013D0454512D88DF800308DF8043001A96B
:102700004FF420536846ADF80220ADF8063013F0C0
:10271000D5FD064660B10A2301E0454601232A465D
:102720000621204614F043FE002007B0BDE8F083E8
:102730000146142201A83F7C17F0C7FF072120465D
:10274000FFF7D8FD0290D8B10A238DF815300D4A55
:10275000019401AB41462846CDE903698DF8147018
:1027600014F071FB9DF815302BB1029803F0AAFB11
:102770009DF81530D3E70299204614F00AFED3E7FE
:102780001120D2E7611D02007FB5CB681D885E88ED
:10279000044685B176B1B5420DD8102200216846B5
:1027A00017F093FF05212046FFF7A4FD019058B9CB
:1027B000112007E0354601232A460421204614F063
:1027C000F6FD002004B070BD6B46094A0094314606
:1027D000284614F038FB029B23B9019803F072FBE2
:1027E0000A23E9E70199204614F0D3FDE9E700BF89
:1027F0005D6E030013B50B46002101910E490246A0
:1028000018F010F80C680D4909580D488C4208BFA3
:10281000002201A908BF134608F0E2FE014640B9B4
:10282000019B1C22184617F050FF0346184602B0C1
:1028300010BD0023FAE700BF1C5E00200800000066
:10284000140A002010B50446806818B103F03AFB62
:102850000023A36021460248BDE8104017F0A0B94C
:10286000140A00202DE9F347044658300E46174657
:102870001D4617F086FBA06B58B9174A174802216E
:1028800014F0AEFA206814F006FD002002B0BDE896
:10289000F087134B98424FF0000802D1C4F83880FB
:1028A000F0E7D0F80490C0F80480A06BD0F818A02E
:1028B000FFF7C8FF2068C4F8388014F0ECFCB9F1C9
:1028C000000FE2D02068CDF800A000683B463246F9
:1028D0002946C847D9E700BFA422040078AC03000A
:1028E000205E0020F7B550F8044C0546002C59D066
:1028F00000F1840104F1240014F0F6FB2E1F05F111
:10290000380700220023384615F06CFD024678BBDC
:102910006B6B2BB101466FF067033046FFF7A2FFE8
:10292000002345F8043C05F13003BFF35B8F53E807
:10293000001F21F0010143E80012002AF7D1BFF384
:102940005B8F636A73BB04F10C06002200233046E0
:1029500015F048FD78B9666886B9134826602146A7
:1029600017F01EF9286803B0BDE8F04001F03CBD47
:1029700003F0A8FAC5E703F0A5FAE6E7A268336812
:102980006360964208BFA36077683FB1B369009364
:10299000002320681A466FF06701B8473046FFF7FA
:1029A00051FFD8E703B0F0BDDC0900202DE9F0416C
:1029B00092B050F8583C06AF0646186814F024F957
:1029C000037804463D1D032B3BD8DFE803F00234B7
:1029D00036381F492846EEF7CEFBA3790595627875
:1029E0000492A2780392E2780292227901926279AB
:1029F000009207F11008174A1E2140460DF006F814
:102A00006C4688B006AA144BC2E905384FF400732F
:102A10009383124B42F8103F00234FF4E2511048C9
:102A2000F9F778FAA6F15400A546FFF75BFF3037B7
:102A3000BD46BDE8F0810B49CCE70B49CAE70B491D
:102A4000C8E70B4A0A2128460CF0E0FFC5E700BFA3
:102A5000090E04002B0E0400BB2204000300000139
:102A600078AC0300100E0400170E0400210E0400C1
:102A70004C290400F8B51D460F46164603F074F9BC
:102A8000044C182303FB0040C0E903760123C380F4
:102A90000575F8BDD45D002070B50D4C23788342D8
:102AA00006460D4604D1611C284614F05FFE58B955
:102AB000237CB3420AD10749284614F057FE10B1CF
:102AC000012004EB001070BD0020FAE70020FAE7B7
:102AD000545E0020655E002070B50D4C2378834263
:102AE00006460D4604D1611C284614F03FFE58B935
:102AF000237BB3420AD10749284614F037FE002849
:102B0000054808BF002070BD2046FCE70020FAE71A
:102B100088250020952500209425002070B50D4CB7
:102B20002378834205460E4603D1601C14F01EFE36
:102B300060B9237BAB420BD10748314614F016FE37
:102B400018B101200C2303FB004070BD0020F9E701
:102B50000020FAE77E8700208B87002070B5204B8D
:102B6000144682689A420FD1A568C66875B9227961
:102B70002168304614F002FE024628B1194901309E
:102B800014F029FE15701581012070BDE068002841
:102B9000FBD02B888B420AD0F6D2E068A3680138BC
:102BA0000433E0600038A36018BF0120EDE725681A
:102BB00022792946304614F0E1FD024660B9094900
:102BC000304614F0DBFD02460028E6D029460130ED
:102BD00014F001FE23791370A3685B881381DCE78E
:102BE000E5310200F60D040010B5084914461846F8
:102BF0001022A047041E07DA054A06482346012191
:102C000014F0F0FD204610BD0024FBE7E025002075
:102C1000DC220400A8AC030010B507481021FBF724
:102C2000DDF8034630B1BDE81040044A04480121F4
:102C300014F0D8BD10BD00BFD0250020FD22040037
:102C4000A8AC030070B5144D064640B115F8011C40
:102C50002A466C1E13F0B8FF98B120460CE00F49CD
:102C6000284614F083FD40B90C4905F1100014F01A
:102C70007DFD20B105F10F0070BD681EFCE700204E
:102C8000FAE7217C04F11102304613F09DFF002881
:102C9000F5D004F11000EFE7555E0020F60D0400BA
:102CA00010B54A1C0C4638B1097813F08DFF08B1F5
:102CB000204610BD0020FCE70249104614F056FDE6
:102CC000F5E700BFF60D04002DE9F04106460F467A
:102CD000904613F06AFC50B339463046FFF7FCFECD
:102CE000054698B9134814F07FFD0446E8B1124830
:102CF00014F07AFD50B9114D01240C235C43104AA5
:102D0000601C3946104414F066FD1655012101FA85
:102D100008F105F1080014F040FDBDE8F041094854
:102D20004FF40042002308F0F9BF054DE5E7BDE888
:102D3000F08100BF902500209C25002094250020D4
:102D400088250020A025002010B501460246042356
:102D500011F8010B0832FBF70FF8034630B1BDE85C
:102D60001040034A0348012114F03CBD10BD00BFD0
:102D700023230400A8AC03002DE9F04180460F4650
:102D800016461D46FFF7CAFE044680B91549FFF7EF
:102D9000C5FE044630B9BDE8F041134A134801218D
:102DA00014F0E2BC00F8018B394614F014FD2289BE
:102DB00063896AB973B926816581214611F8010BCF
:102DC00013F0F3FB40B12046BDE8F041FFF7BCBF74
:102DD000964203D39D42EFD8BDE8F0819D42268103
:102DE000EBD9E9E7F60D04003F230400A8AC03008B
:102DF000022110B5094814F0D0FC084007D1084959
:102E0000084A0B88084CA24202D300B10B8010BDC7
:102E1000506803449BB208320120F4E7745E00203E
:102E20009687002040AC030060AC030008B5044A5C
:102E30000448012114F098FC6FF0150008BD00BF94
:102E40005E230400A8AC030008B513468168074A56
:102E5000914209D11A791968C06814F08FFC18B131
:102E60000023036043600381012008BDE5310200B7
:102E700038B5094B154682689A420AD1C468296858
:102E80000134204614F072FC18B16968204614F031
:102E9000A2FC012038BD00BFE531020038B50C4B63
:102EA000144682689A420D460FD122792168C06883
:102EB00014F064FC48B1D4F8C83004EB8302013349
:102EC000158101895181C4F8C830012038BD00BF87
:102ED000E531020002484FF4A472002308F01EBF3F
:102EE0006826002008B50421084814F056FC07485D
:102EF0006FF0020114F060FC044814F075FCC30785
:102F000001D5FFF7E7FF002008BD00BF982600208D
:102F1000024608B50849013014F05DFC0023137225
:102F20000C32BFF35B8F52E8001F42E800300028EC
:102F3000F9D1BFF35B8F08BDF60D040010B5FFF7A4
:102F4000EDFD044678B1014611F8010BFAF722FFB6
:102F5000034620B1054A0648012114F043FC002332
:102F600023606360A360002010BD00BF6A230400DB
:102F7000A8AC030070B500F1880605463146007A1A
:102F800013F013FB04463146287A54B1FFF7D6FFFD
:102F9000034660B1BDE87040054A0648012114F0BF
:102FA00021BCFFF7BBFD10B104604460846070BDBC
:102FB00087230400A8AC030037B504460D46FFF78D
:102FC0006BFD0246C0B1037A8DF804300C3014F06A
:102FD0000BFC00F001008DF80500022301AA294630
:102FE0002046FAF7DFFE034620B1044A04480121D7
:102FF00014F0F8FB03B030BD0346F0E79D23040056
:10300000A8AC03002DE9F04385B00E4600AF904612
:103010009946044658B9354A3548012114F0A4FBB5
:103020006FF0150528461437BD46BDE8F08307F15B
:10303000080113F01DF9054698B16D4688B06A463F
:103040002C4BC2E905344FF4007393832A4B42F8AA
:10305000103F274800234FF4E251F8F75BFFAD46DD
:10306000DEE7391D204612F08EFD786858B10A223D
:1030700029460CF0F7FC034628B1204A1C480121E0
:1030800014F0B0FBCCE707F108010020FFF746FD84
:10309000044620BB002EC5D01949FFF73FFD04466A
:1030A00038B9184A1248012114F05EFB6FF00B0585
:1030B000B8E7002300F8013B07F1080114F08BFB8F
:1030C00004F1080104224846C047041EAADA0E4A49
:1030D00007482346012114F085FB2546A2E7002E70
:1030E000EED10660466086609CE700BF660E040075
:1030F000A8AC0300C623040003000001E22304007F
:10310000F60D0400FD230400DC22040013B5BDF815
:1031100010100B4C104608294FF42812CDE900423C
:103120000BD8C1F108049C42A8BF1C462246694442
:1031300017F0A3FA204602B010BD6FF00604F9E7BD
:10314000180028002DE9F041234B154682689A4269
:10315000074602D1C468638933BB0120BDE8F08112
:10316000FDF786FDE36800216181002BF5D038462C
:103170009847F2E705F18808287A414613F015FAD6
:1031800068B9164B9C4202D12846FFF7F3FE14495A
:10319000304614F020FB002323702381E2E74146F0
:1031A000304614F018FBDDE72389002BDAD02646E1
:1031B000284616F8011B324613F006FD0028D9D127
:1031C00020783146FEF756F80028CBD0437B072BFA
:1031D000C6D1FDF74DFDC0E7E53102002007002014
:1031E000F60D04002DE9F0471F46BDF82030D1F858
:1031F0000C9006468846002B4ED17B1E012B4ED8E4
:10320000012F4946157818BF1588FFF749FD044678
:10321000B8B915B93846BDE8F0874946FFF740FD13
:10322000044638B91F48204A022114F09DFA6FF075
:103230001000F0E706F18801013014F0CCFA337A7F
:103240002370D9F81030DBB9B4F808A02581B9F89B
:103250000A30AB4203D04946404614F00BFAAA4567
:1032600005D0307A002206F18801FFF72DFD002DF0
:10327000D0D10E49601C14F0AEFA25702581C9E743
:103280002A464146304698470028C4DB01380128C9
:10329000DAD96FF00D00BEE76FF00600BBE76FF004
:1032A0000C00B8E7A8AC03001F240400F60D0400CE
:1032B00038B505460C460F48012114F06EFA10F09F
:1032C000010F0D4B0AD11D835C830A4814F08CFA60
:1032D000830709D4BDE83840FFF7FCBD198B5A8B32
:1032E000A94202D89442EFD838BD94421D83ECD94C
:1032F000EAE700BF982600204826002010B5104CB1
:103300001049204614F032FA014638B9601E14F014
:103310004EFB14F8010C2146FFF74EFE09490A48FE
:1033200014F024FA014650B9084814F040FB084B49
:10333000BDE81040187C03F11101FFF73DBE10BD40
:10334000555E0020F60D0400655E0020645E0020DE
:10335000545E00202DE9F0411F46BDF81830012BC6
:103360000646904635D83B44012B3D4634DCFFF7FA
:1033700069FC044668B9FFF765FC044648B9194A78
:103380001948022114F0F0F96FF010052846BDE845
:10339000F08197B1217A98F80020002321FA03F0F8
:1033A000C70703D522FA03F0C00718D50133032B52
:1033B000F4D102F007021143217206F18801601C6A
:1033C00014F009FA337A23700121204614F0FFFA31
:1033D000DCE76FF00605D9E76FF00C05D6E76FF074
:1033E0001205D3E739240400A8AC030010B56FF030
:1033F000020104460E4814F0DFF90D4814F0F4F908
:10340000C20704D50B480022002308F087FC2046A1
:1034100014F005F958B12046FFF714FC38B1037ACF
:10342000DB0704D5BDE81040012114F0D0BA10BD6F
:103430009826002068260020F8B56FF0080117488C
:10344000174C184F14F0B8F917484FF4A472002322
:10345000FAF756FD0026651C3946284614F086F911
:10346000B0B9237ADB0713D52946FDF703FF0546DC
:1034700020B114F0D6F82846FDF7FAFB6FF00201F0
:1034800004F10C0014F098F90021204614F09FFA82
:10349000103406B1F8BD0126DDE700BF98260020F4
:1034A000545E0020F60D0400F02500202DE9F043C5
:1034B00085B0894600AF16469846044658B9424A38
:1034C0004248012114F050F96FF0150528461437D1
:1034D000BD46BDE8F08307F1080112F0C9FE0546BC
:1034E00098B16D4688B06A46394BC2E905344FF44D
:1034F00000739383374B42F8103F344800234FF456
:10350000E251F8F707FDAD46DEE7391D204612F01F
:103510003AFB786858B10A2229460CF0A3FA034610
:1035200028B12D4A2948012114F05CF9CCE707F1B4
:1035300008010020FFF7B0FA044690B9FFF782FBBC
:10354000044638B9254A2148012114F00DF96FF0DD
:103550000B05BBE7002300F8013B07F1080114F05D
:103560003AF9B9F1000F2AD0022239464046B04755
:10357000061E07DA1A4A15483346012114F032F9BB
:103580003546A3E73B782372022E09D0154A0F482F
:10359000022114F0E9F80021204614F018FA95E70A
:1035A0007B78012B05D9104A0848314614F01AF9E6
:1035B000F1E703F00101204614F0F9F986E720460F
:1035C000FFF7A6FC82E700BF660E0400A8AC03006C
:1035D000C623040003000001E22304006524040064
:1035E000DC22040087240400DB24040008B513480F
:1035F000012114F0D2F8C3071FD4FFF7F9FB1049DB
:10360000104816F0B0FC00234FF4A4720D48FAF7EE
:1036100071FC0D490D4816F0A6FC02210C4814F06F
:10362000BCF80C490C4816F09EFC0C48FEF740F81C
:10363000BDE808400A48FDF7F7BD08BD745E0020EC
:103640000D7B0300F0250020013E020068260020CB
:1036500098260020BD7D0300A0250020F80600204C
:10366000D00600202DE9F041034648B1008A38B960
:103670001249DFF84CE001244FF0140C714501D3DE
:10368000BDE8F081D1E90076BB4204D30CFB0672A1
:10369000143A93420ED93444A2B208311446EDE7ED
:1036A0000CFB0578434507D001356219B54292B24B
:1036B000F6D1F2E70025F8E71046E1E740AC030059
:1036C00060AC03002DE9F04F89B09946BDF8483051
:1036D00004460F4690461BB94FF6FF73ADF84830CD
:1036E000314B1B88A34230D2BDF84830ADF81E30B4
:1036F0002E4B1D687DBB09B0BDE8F08F6968514451
:10370000A14220D289B208358A46294B9D42F5D381
:10371000EAE7149B28680493139B039312ABCDE94B
:103720000193CDF800803B4622460BFB060014F0C7
:1037300061F80028DFD001366B680AEB0601B3425E
:1037400089B2E6D8DFE70026F6E71A4D4FF0010A06
:103750004FF0140BD9E7083D4FF0140A0DF11E0B82
:10376000AE68BEB96B689E4219D22868149B0AFBEA
:1037700006002246018A0493139BCDE90089CDE916
:1037800002B33B4614F036F80028B4D00136E9E71E
:103790000026E7E756F8083C1B8AA342F8D8AD6834
:1037A000002DA8D0083DDBE796870020785E00203A
:1037B00060AC030040AC030010B5C8B000241CAAE4
:1037C000694604A8CDE90044CDE9024412F008FCA2
:1037D00030B9134A1348012113F0C6FF48B010BD99
:1037E0004FF6FF710120104A04AB14F084F90F4822
:1037F00004A912F08AFC08B90D4AEBE70B4B2146ED
:1038000003F110020131187812F8014D03F8014B51
:1038100008291070F6D1074813F0BFFFDEE700BF9C
:103820002C250400A8AC0300C3760300D02500209B
:103830004525040098260020F8B51C49BDF81860FD
:103840000446A1F1300015461F4616F0ADFB18489E
:1038500013F0CAFF010705D4FFF7AEFFFFF74EFDD7
:10386000FFF7DAF92046FFF7EDF968B1037ADA07D6
:103870000AD500F10C04204613F0B6FFC30703D4A9
:103880000221204613F089FF102E0CD8C6F1100437
:103890000849BC42A8BF3C4622463144284616F09F
:1038A000ECFE2046F8BD6FF00604FAE72026002063
:1038B00098260020D025002010B51B4813F094FF57
:1038C000C0F3C00080F0010408B9FFF775FF164887
:1038D00013F08AFF0346144813F086FFDA0622D558
:1038E000830606D5FCB1FFF709FDBDE81040FFF7E0
:1038F00093B920210C4813F050FF0C49102288186E
:1039000016F0EBFE48B90A4816F03BFBBDE8104044
:1039100005486FF0010113F04FBF4FF6FF71012012
:10392000FFF7C6FCDFE710BD98260020D025002059
:103930006826002008B51021034813F02EFFFFF77A
:10394000BBFF002008BD00BF982600202DE9F74FDF
:103950000446624813F048FFC1070ED5604813F0D3
:1039600043FF420709D45F4A5F48012113F0FCFE80
:103970006FF0150003B0BDE8F08FFFF739FA236848
:10398000002518688DF800504FF4C0536946ADF813
:10399000023012F093FC10B96FF07700EAE7236869
:1039A00001A918688DF8045041F60103ADF80630FE
:1039B00012F084FC0028EFD04C4D08F037FC2B6847
:1039C0002768B4F80490ABB9494A1688002F5DD136
:1039D000002204F10803A2606A68002A5ED1C5E9EA
:1039E00000333E4813F000FFC30767D408F032FCF1
:1039F0000020BFE76B68002B6DD053E90232142121
:103A000001FB023333F8046C002F45D1002EDFD0C8
:103A100023681F8AB742DBD829680029E1D0A1F1C9
:103A2000080300221868008AB84240D904F108034C
:103A3000002A36D09168A1600029CDD09360D0E7EC
:103A4000398A69B9711C89B2398209F1FF39143791
:103A50001FFA89F90E46B9F1000FF1D14646D5E7B4
:103A6000B142F2D801AB5A460846CDF804A014F092
:103A700042F8019B43B13B8A1E4A1B48012113F0C7
:103A8000B1FE08F0E7FB73E73146DEE79846DFF862
:103A900068B04FF0000ADEE7B046F8E713606B60ED
:103AA0009FE76A68A1602B60002A9AD1F7E79868BF
:103AB000002896D01A46A0F10803B3E7D4E9002302
:103AC000142101FB0323108A33F8041CFFF7F0FBD9
:103AD000FFF7B2FC8AE71B68FFDE00BF745E0020C0
:103AE000982600205E250400A8AC0300785E002024
:103AF00096870020A02504006F7603002DE9F04F83
:103B0000B9B000AF0C4690463749D7F808013A469D
:103B1000994612F014F838B9FFF788F90546284697
:103B2000E437BD46BDE8F08F3E68391D304612F0DF
:103B30002AF83EB92D4A2E48012113F015FE6FF0E8
:103B400015043EE07868F8B907F1080A4FF0000B59
:103B50005146304687F814B012F08AFB054600B390
:103B60006C4688B06A46234BC2E905364FF40073B1
:103B70009383214B42F8103F1D485B464FF4E251BE
:103B8000F8F7C8F9A546DAE70A2200210BF06AFF28
:103B900003460028D8D0194A1548012113F022FE07
:103BA000CDE7C7F810A0E4B1C02207F120014846D4
:103BB000C047041E07DA124A0D482346012113F0BC
:103BC00011FE2546ABE7A40807F12003C7E9063438
:103BD0000C4A07F110034FF6FF71012013F08BFF21
:103BE0009DE72346F2E700BFC1250400660E0400EE
:103BF000A8AC0300C623040003000001E223040074
:103C0000DC2204005D2B020007B500230193FFF7BF
:103C100029FD411C89B20846034A01AB13F06BFF32
:103C2000019803B05DF804FB417803002DE9F047EB
:103C30001546894694226968064613F08EFF804631
:103C400048B12E4A2E48022113F08EFD4FF0FF3569
:103C50002846BDE8F08769680222304613F0B7FFB6
:103C600038B9284A2648022113F07EFD6FF0150569
:103C7000EEE74FF470200021AF8AFEF7BBFD02375C
:103C80000446A8B1204B47611D214174C0F80C8047
:103C9000436085613A463046FEF7FAFA074650B966
:103CA00017481A4A022113F05FFD2046FEF7CAFDAD
:103CB0006FF00B05CCE701234246414607F10C0AA1
:103CC000FEF7D8FE0221504614F0E5FB8046504630
:103CD00028F8029BA98A14F0DEFBAA8A29694046CB
:103CE00016F0CBFCA7602146304613F07BFC05465E
:103CF0000028ADD02046FEF7A5FDA9E7C8250400A1
:103D0000A8AC0300DE250400897603000926040020
:103D100030B504468BB0374813F066FD42070D46B8
:103D200061D514B1637B072B60D168680590FFF7FC
:103D300099FC2A68ADF818003AB305A902912E49FA
:103D400001910121002300914FF6FF710593FFF7C8
:103D5000B9FC059B1BB96FF001000BB030BD6B6067
:103D6000059B186800238DF8103004A942F6030360
:103D7000ADF8123012F0A2FA70B90598C3689B79B9
:103D80009B0605D46FF01500E7E70028E8D1E2E7CD
:103D900013F05FFEADF81800BDF818003CB1012328
:103DA0000146AB752A462046FFF740FFD5E76FF086
:103DB0007F0307930223ADF8203042F60213ADF8DB
:103DC000123005ABAC7502930C4B019301230093A9
:103DD00004AA23464FF6FF7109958DF81040FFF7AE
:103DE00071FC0798B9E76FF00A00B6E76FF07F0043
:103DF000B3E700BF2C040020B77603001541020092
:103E000073B500F13005044650F8083C0193A0F169
:103E100020066FF00101284613F0CEFC0D4B44F84C
:103E20001C3C0D4B44F8183C01AB002044F8103CFE
:103E3000042324F8080C24F8060C24F80C3C314622
:103E4000FFF766FF18B90221284613F0A6FC02B05E
:103E500070BD00BFA0CE0300ED3302002DE9F84392
:103E60003D4B1468904682689A4200AF054620D1C7
:103E7000C6683389721CE3B13178204612F0A4FE83
:103E8000B8B14FF495722946204613F066FE30B360
:103E9000032812D16C4688B06A46304BC2E905351A
:103EA00042F8100F2E4800234FF4C451F8F732F8AF
:103EB000A5460120BD46BDE8F883052820460CBF75
:103EC0004FF003094FF0020912F07CFE814506D93C
:103ED00098F804304B45ECD288F80490E9E7314675
:103EE000284613F0C7FB1F4B9E42E2D1207A04F113
:103EF0008801FEF713FE05460028DAD0038913B9BE
:103F00004389002BD5D02046FDF73EF8164A2B8971
:103F100022F8203002EB8003698959801349144D3F
:103F2000182303FB001300B202EB800200EB4000F9
:103F30005D601A610F4D9D60042201EBC0012046B7
:103F40009A82FFF7E5FE0028B3D00B4A044801210E
:103F500013F00AFCADE700BFE53102003026040093
:103F6000A8AC0300200700207A8700203C5E0020D8
:103F7000A0CE0300EB790300442604002DE9F843AA
:103F80001446884694226168064613F0E6FD40B167
:103F90002248234A022113F0E7FB4FF0FF30BDE82F
:103FA000F88361680122304613F011FE38B91B48CE
:103FB0001C4A022113F0D8FB6FF01500EFE7A2892D
:103FC0001B2102323046FEF763F9054638B9134823
:103FD000154A022113F0C8FB6FF00B00DFE700F178
:103FE0000C090221484614F056FA0746484627F8BD
:103FF000028BA18914F04FFAA289A168384616F005
:104000003CFBD4E9041228460123FEF733FD294680
:104010003046BDE8F84313F0B8BA00BFA8AC0300BF
:10402000C8250400DE2504006126040030B50446DE
:104030008BB0354813F0D8FB42070D465DD514B15F
:10404000637B072B5CD168680590FFF70BFB2A6840
:10405000ADF818003AB305A902912C49019101214C
:10406000002300914FF6FF710593FFF72BFB059B93
:104070001BB96FF001000BB030BD6B60059B186879
:1040800000238DF8103004A942F60303ADF8123076
:1040900012F014F970B90598C3689B79DB0605D452
:1040A0006FF01500E7E70028E8D1E2E713F0D1FC54
:1040B000ADF81800BDF818002CB101462A4620467C
:1040C000FFF75CFFD7E742F60212ADF8122005AA0F
:1040D0006FF07F0302920E4A07930123CDE900326D
:1040E000ADF8203004AA23464FF6FF7109958DF8EC
:1040F0001040FFF7E7FA0798BDE76FF00A00BAE74C
:104100006FF07F00B7E700BF2C040020B7760300F4
:10411000154102002DE9F843444B144682689A4247
:10412000074603D001273846BDE8F883C668404BF0
:104130009E4211D03289A3899A4206F10101F1D140
:104140003078FDF797F805460028EBD0437B072B26
:1041500026D0FCF78DFDE5E7364DDFF8DC904FF01B
:1041600000084946284613F001FB78B915F8010C00
:1041700007222946FDF7D0F878B9236915F8010C14
:104180001A69294653881288FEF7F6FD0C35B8F1F6
:10419000000FCFD14FF00108E3E7FCF769FDF5E729
:1041A000736923B13946984708B92846D1E739469B
:1041B0009422284613F0D1FC074628B11F4A204814
:1041C000022113F0D1FAF0E7A389022B14D133892D
:1041D00013F0020604D12846FCF74AFDA660A1E7C9
:1041E0002269A1882846FFF721FD0646A8B9226961
:1041F000937D01339375EEE7012B04D02846FCF73D
:1042000037FDA7608EE7338913F00106E3D02269FA
:10421000A1882846FFF7B2FE06462846FCF728FD8F
:10422000002EA660FFF67FAF7CE700BFE5310200FD
:10423000200700207F870020F60D0400C825040019
:10424000A8AC030070B58EB000F188050446039059
:104250000123007A8DF81030294612F0A6F990B1AA
:10426000227A52B302AE0421304610F05EFE009670
:10427000134A242105A82B46F9F7CEFC05AA1149BB
:104280001046F8F78BFA4FF6FF710F4A03AB012087
:1042900013F031FC204612F095FC9DF81010884276
:1042A00009D2204612F05FFC034620B1074A0848B5
:1042B000022113F097FA0EB070BD0092D8E700BF4C
:1042C000C4250400FD3A02005D3E02008A26040077
:1042D000A8AC0300F8B5084B1C6805460E46174607
:1042E0004CB154F8043C043C1BB13A4631462846D4
:1042F00098476468F4E7F8BD805E002037B5012573
:10430000044600904FF6FF712846094A8DF8045084
:104310006B4613F0F0FB0021204613F0DCFC20B9C3
:104320004FF6FF712846FEF7C3FF03B030BD00BF54
:104330005D3E020030B5B5B0002301918DF8080054
:1043400033930F4A01AB04460D4601204FF6FF712F
:1043500013F0D1FB339B83B19B0003AA204629466F
:10436000F9F72EFD044628B10346064A0648012106
:1043700013F038FA204635B030BD1A46EEE700BFDC
:104380009D2E0200B6260400A8AC03002DE9F341DF
:1043900000F18808CDE9001204460F46007A414634
:1043A000164612F002F90F4A05466B464FF6FF71AA
:1043B000012013F0A0FB1DB1207A4146FFF7BAFFA0
:1043C000207A3946FEF768FB40B13146013013F0E0
:1043D00002FA1DB1207A4146FEF7EEFD02B0BDE8BB
:1043E000F08100BF712E020073B5044603461A4ADD
:1043F0004FF6FF71012004F1880613F07CFB207A50
:10440000314613F0A1FC207A314612F0CEF850B1BB
:10441000237A8DF80430114A00966B464FF6FF71EF
:10442000012013F068FB2046FEF70CFC054688B11E
:10443000207A314612F0B9F828B9284602B0BDE812
:104440007040FEF765BD3146681C02B0BDE87040A3
:1044500013F0C1B902B070BD45310200492E02000F
:1044600008B5054B0146184613F0CDFC043B002867
:1044700014BF1846002008BDA426002010B50C4A21
:1044800011680C4ABFF35B8F00F5A87353E8004F27
:10449000944204D143E8001CBCF1000FF6D1BFF3F5
:1044A0005B8FBFF35B8FD0F85001BFF35B8F10BD04
:1044B000A05D0020A026002008B5FFF7DFFF03461F
:1044C000C8B1D0E9001221B9002A0CBF0320022094
:1044D00010E032B1836813B9094B1B7833B904205B
:1044E00008E00749087828B19B6833B9003A18BF3B
:1044F0000122500008BD0320FCE70120FAE700BFBD
:10450000202F012008B5034A0348012113F079FC4C
:10451000002008BDF0260400F8AC0300024A03485E
:10452000022113F06EBC00BF0B270400F8AC03009F
:1045300037B50023009304460D460A46D0F8EC0038
:10454000062112F0F5FB60B1693004D1084A094830
:10455000012113F056FC284603B0BDE8304001F0BD
:10456000B1BC204603B0BDE8304013F092BC00BFA0
:10457000CA210400F8AC030038B5EC22054600213E
:1045800016F0A3F8102105F1270004F0F5FB04460E
:1045900048B90521284613F085FCFBF7F5FF034BCE
:1045A0001860204638BD0824FBE700BF885E002065
:1045B00038B5051D04460821284613F073FC084948
:1045C00004F15700FBF7F0FF48B10821284613F02B
:1045D00044FC0448044A012113F013FC082038BDB0
:1045E00035810300F8AC03002427040070B50E46A3
:1045F00086B00446FFF742FFF36804F13702054630
:10460000114603F1100053F8046B41F8046B834228
:10461000F9D1237A052B00F29580DFE803F0172308
:104620002303936A02AB4B490093096804F1270303
:1046300004F1570001F046FB58BB0A21201D13F07E
:1046400031FCAB680299D4F8EC00984720460D2164
:1046500013F028FC201D102113F024FC204613F039
:1046600054FC17E094F8DC10D4F8D83002ADCB40FD
:104670003849009503F00103096843F0800304F111
:10468000570013F030FE38B1334A3448012113F09B
:10469000B8FB082006B070BD1022294604F11700AF
:1046A00016F01BF808B10420F4E70321204613F0AC
:1046B000F9FB13F02AFC0028ECD194F8DC3001332C
:1046C000DBB2142B84F8DC3009D10D21204613F025
:1046D000E9FB1021201D13F0E5FB0020DAE7102193
:1046E00004F1270004F048FB003818BF0120C00087
:1046F000D0E7102104F1270004F03EFB0028C8D1C8
:1047000035B3EB6823B3164BE27A1B88ADF808305B
:10471000A37CD20703F0010312D4002B14BF0123A2
:1047200003238DF809300023C4E93833201D0C2100
:1047300013F0B8FBEB68D4F8EC0002A99847CCE77B
:104740005B00EEE7074A0548012113F095FBA0E75F
:1047500002209FE7885E00203D270400F8AC03009C
:1047600004B10300562704002DE9F04790B0044639
:104770000CAD10220021284615F0A7FF237A052B47
:1047800034D8DFE803F0060303063323D4F8D83027
:104790000C93D4F8EC3004F1470204F1C707CDE9DB
:1047A000017204F1370803F1960204F1270900921F
:1047B0008F334A46414604F1970001F01BFAF0B1ED
:1047C000454A4648012113F01CFB14E0D4F8E430BC
:1047D000002BDED02E4603F11007186859683246C8
:1047E00003C20833BB421646F7D1D2E73C4A3B48E6
:1047F000012113F041FB082010B0BDE8F087D4F888
:10480000EC3003F18F02963308AE019304F11103EB
:104810000292009303962B4642464946384613F0CF
:1048200087FD08B12F4ACCE7237A052B0ED1D4F8A7
:10483000E01011B30B46AC4601F1100E1868596830
:10484000624603C2083373459446F7D1D4F8EC307E
:1048500003F196028F330DF1100A019304F10A035C
:1048600002920093CDF80CA02B464A4641463846AA
:1048700013F05EFD30B11C4AA3E71022284615F064
:1048800024FFE3E71022514604F1B70015F025FF9D
:10489000F8B90D21204613F019FB07460028AAD0CD
:1048A00010210C3013F0F7FD32460346164603CEB6
:1048B000AE4218605960324603F10803F6D139461A
:1048C0002046FFF735FE201D012113F0EBFA0020F2
:1048D00092E70B2090E700BF72270400F8AC0300BA
:1048E0005627040087270400AA27040073B5047A1A
:1048F000022C054623D844B190F8DC30D0F8D840DB
:10490000DC4004F0010444F080040321284613F045
:10491000DDFA0646D8B110210C3013F0BCFD009032
:1049200012482346006805F1270205F1570113F0EC
:10493000DAFC044680B1304601F0C4FA07E0032CEB
:1049400008D00B4A0B482346012113F095FA0820A2
:1049500002B070BD0024D8E731462846FFF7E8FDD5
:10496000281D214613F079FA2046F1E7885E0020E1
:1049700056270400F8AC030070B5061DCD68044648
:104980000B21304613F069FA2B4604F1170205F1AA
:10499000100153F8040B42F8040B8B42F9D1237A2F
:1049A000012B09D0022B13D12046042113F07AFAEF
:1049B000BDE87040FFF79ABF0A21304613F023FA92
:1049C0000028F1D03046002113F06CFA002070BDB1
:1049D0000348044A012113F04FFA0820F7E700BF0B
:1049E000F8AC030056270400F8B50446FFF746FD6F
:1049F000251D06460E21284613F005FA70B94B4BCB
:104A00002022196804F1570015F067FE30B9484AB2
:104A10004848022113F0F5F9082033E00C21204624
:104A200013F054FA07460028F6D040210C3013F05A
:104A300032FD3E4B1B680246014603F1200053F84D
:104A400004CB41F804CB8342F9D1203203F1200199
:104A500053F8040B42F8040B8B42F9D13946204637
:104A6000FFF766FD237A052B58D8DFE803F00338FB
:104A70000C0357540421204613F014FAFFF736FFB5
:104A800000283BD0F8BD2046D4F8EC70FFF7F6FCC8
:104A90000421064604F1D80004F06EF90028BBD1C9
:104AA000D4F8D830244AB3FBF2F102FB1133C4F836
:104AB000D83084F8DC0056B1336843B10B21284666
:104AC00013F0F0F93368D4F8D8103846984703212A
:104AD000204613F0E7F90E2113F0E4F90EE020462A
:104AE000032113F0DFF90E2113F0DCF928460A2127
:104AF00013F0D8F97368D4F8EC00984728460721DA
:104B000013F0D0F90820FFF7ABFC68B92046BDE8E8
:104B1000F840FFF74DBD04212046DDE7074A054870
:104B2000012113F0A9F977E70020ABE7885E0020A8
:104B3000CE270400F8AC030040420F0056270400C3
:104B400038B50D460446FFF799FCEB6804F15700B1
:104B5000024603F1200153F8045B42F8045B8B42E8
:104B6000F9D104F1770203F1200153F8045B42F814
:104B7000045B8B42F9D1FBF779FC40B9184B1D68F7
:104B800045BB201D062113F08DF9284621E0154A6A
:104B90001548032113F035F90E21201D13F082F979
:104BA000D4F8EC50D5F8B83033B9287A05F188013B
:104BB00000F09EFEC5F8B800D5F8B830002BDDD067
:104BC000DA8902F02402002AD8D05B7B9B07D5D477
:104BD000032038BD2046BDE83840FFF705BF00BFC1
:104BE000885E0020E9270400F8AC030038B51249BC
:104BF0000446A0F1EC05343015F0B5F9284613F061
:104C000001FABFF35B8F0D4A04F1640353E8001F00
:104C100043E800200028F9D1BFF35B8FBFF35B8F1F
:104C200068344FF0FF3354E8002F44E80031002986
:104C3000F9D1BFF35B8F38BD39570200A0260020A1
:104C400080B500AF88B06A46074BC2E90530032340
:104C500042F8103F054800234FF4C251F7F75AF9C4
:104C60006FF00B00BD4680BD0A280400F8AC0300BD
:104C7000064BD3F8EC200AB1FFF7E2BF0448C3F8B3
:104C8000F000EC330B601046704700BFA0260020F8
:104C9000A4CF03002DE9F0410B4600AF06460D21DD
:104CA000043013F0B0F878B3DD68D6F8EC3003F1D7
:104CB0008808197A4246022013F0B8FA0446C8B9A7
:104CC0004046F8F715FF6D4688B06A46114BC2E9B9
:104CD00005304FF4007393830F4B42F8103F0F4899
:104CE00023464FF4E251F7F715F90820AD46BD46CB
:104CF000BDE8F0812B462A3405F1100253F8041B5D
:104D000044F8041B9342F9D13046092113F0CAF844
:104D10000020ECE72F28040003000001F8AC03009A
:104D200038B5174B1B78054623B301F00F0428460E
:104D3000FFF7C2FB134A03280CBF04F00B0444F036
:104D4000040405F5AA731278BFF35B8F53E8001FC4
:104D5000013103D143E800200028F7D1BFF35B8F76
:104D6000BFF35B8FD5F85431BFF35B8F2BB144F0A9
:104D7000010038BD01F00704D9E704F0FE00F8E7B0
:104D8000202F012075090020F8B50D46D0F8EC6001
:104D90000446FFF773FBEF68FB78073B092B01D94B
:104DA0000620F8BDD6F8B8305BB1251D0F21284686
:104DB00013F029F880B92046FFF7DEFB60B1C0B2DE
:104DC000EFE7307A06F1880100F092FDC6F8B800EE
:104DD0000028EAD10820E4E7012363723B68C4F8A5
:104DE0000A30BB88E38102232374B9782046FFF799
:104DF00097FFE0742046FFF75FFB10236074237574
:104E00003B7903F0030363757B7903F00103A3751A
:104E1000E37C1A070CD5BB781B0709D5052128466A
:104E200013F040F8637D03F0020363750023A3755C
:104E30000521284612F0E7FF002842D0444B1B789A
:104E4000A374E37C980606D5BB78990603D5142194
:104E5000284613F027F8E37CDA07BBD5BB78DB07DD
:104E6000B8D528460D2113F01DF8A37D84F8E8304D
:104E7000637D84F8E930032113F014F8237BE17C8F
:104E80003F7803EA0102100704D5E27AA07C0243CE
:104E9000D20718D4042F18D80B4313F0040307D0FB
:104EA0002046FFF709FB2B4B07EB87073B441B5CB6
:104EB0002372D6F8B810204612F0AEFF38B903209E
:104EC0006FE7254BBBE70523F2E70023F0E7D4F8B3
:104ED000EC309B7A032B36D024D8013B012B3FF6D4
:104EE00079AF0521284612F08EFF0028E7D00C216B
:104EF000204612F0D7FF022112F0E8FF05460028F5
:104F00003FF468AF06210C3013F0C5FAD4F8113025
:104F10000360B4F81530838029462046FFF708FB6C
:104F200000203EE7042B7FF455AF237D627B934244
:104F300028BF1346102B7FF433AF0521284612F00B
:104F400062FF0028BBD0237A002BCAD1B7E700BF8D
:104F5000222F0120532A0400212F01202DE9F7439D
:104F6000C678012E044605D06FF01504204603B024
:104F7000BDE8F08312F082FF0546002800F0AC8007
:104F8000071D0421384612F03EFF002840F0A7809C
:104F90000321384612F037FF10B16FF00F04E5E738
:104FA0003146384612F02FFF0028F6D12846FFF789
:104FB00065FAD5F8EC309B7A032B064642D032D8FE
:104FC000013B012B48D90B21201D12F01CFF0028AA
:104FD000CAD1D4F8B83083B904F18806217A3246B0
:104FE000202000F0C3FCC4F8B80030B9217A324662
:104FF000042000F0BBFCC4F8B800D4F8B830002B93
:10500000B2D0DA8912F0240FAED0A17A022923D9C6
:10501000587BC007A8D503291ED09206A4D51B7BB8
:10502000102BA1D118E0042BCDD12846FFF744FA6C
:10503000032804D1002EC6D0F368002BC3D0294B1F
:105040001B7807E02846FFF737FA032804D1002E23
:10505000B9D0F368002BB6D0D4F8B8303BB12846AD
:10506000FFF78AFA804670B16FF068047EE7207A15
:1050700004F1880100F03CFCC4F8B8000028EED12F
:105080006FF00B0472E70B21284612F01FFF064653
:105090000028E9D001210C3013F0FDF909218146E7
:1050A0002846FFF73DFE434689F800003246204679
:1050B000CDF80080062111F03BFE044618B13046C1
:1050C00000F000FF52E738460F2112F0EBFE0121FD
:1050D000284612F0E7FE49E76FF07F0446E76FF0DD
:1050E000040443E7202F0120F8B5D0F8EC40D4F8B1
:1050F000B8300646051D002B32D10221404A4148F6
:1051000012F07FFE0721404B5F5CD4F8B8304BB102
:105110001B7B002B5CD1D4F8B80013F09BF8002364
:10512000C4F8B8300221284612F06DFE40B9072FAE
:1051300096BF364B1F21D95D3A462046FCF74EF804
:105140000321284612F05FFE68B3314B1B6853B34E
:105150001D6805B10C3D53F8083C002B41D143E0DC
:1051600081BB0D21284612F04EFE074620B1D4F82F
:10517000B80008B100F026FD254B1B689BB11D68E7
:1051800005B10C3D53F80C3C13B139462046984705
:105190004DB12B46ED681B681DB10C3D002BF4D1C1
:1051A000F7E7002BF1D1304612F02CFF637B072B81
:1051B00024D1627AA37A9A4220D02046BDE8F840F2
:1051C000FFF7CCBE0139C9B20E299CD909279CE74B
:1051D0000221284612F017FE00289CD1A2E70C3DC0
:1051E00023B1394620469847002DDCD02B46ED6888
:1051F0005B68002DF3D1002BF3D1D4E7F8BD00BFDD
:1052000049280400F8AC0300442A0400332A0400AF
:10521000985D0020031DF7B506460F46184602218B
:1052200012F0F1FD044620B1B6F8E840B4FA84F477
:1052300064090321184612F0E6FD88B1394630466C
:10524000FFF752FFCCB11B481B4A022112F0D9FDD7
:10525000D6F8EC00052111F047FC002003B0F0BDAA
:105260000121184612F0CFFD0028E7D10F21184682
:1052700012F0C9FD0028E1D1E4E70521304612F023
:1052800025FE054690B101210C3013F004F907709A
:105290000094D6F8EC0023462A46062111F048FD7A
:1052A0000028DAD0284600F00DFED6E76FF068003F
:1052B000D4E700BFF8AC0300732804002DE9F341E4
:1052C0000B8A04460E4643B92D4A2E48012112F09E
:1052D00098FD002002B0BDE8F081012106F10C002C
:1052E00013F000F9A4F1EC05E83C07460421204640
:1052F00012F089FD3B7828B1234A2248022112F09E
:10530000BBFDE6E70E2B01D9204AF6E7DFF88080E7
:1053100058F833204AB902211E4A1A4812F0ACFD4F
:1053200007212846FFF776FFD3E71946284612F0F3
:105330003DFE3B7860B91348174A022112F09CFDEC
:105340000321204612F05FFD0028C2D00821E8E7C3
:1053500008EBC301328A0979914208D001210093F8
:10536000084813460D4A10F01FFB0A21D9E73146C1
:1053700058F833302846984701460028A9D0D0E78E
:10538000CB280400F8AC0300E62804001729040029
:10539000CCCF030039290400532904004122040022
:1053A0000E4B10B5186018B9BDE81040FFF7B6B83D
:1053B0000B4C0C4806F028FABFF35B8F54F8043905
:1053C000BFF35B8F5B0607D52046FFF70DFB014659
:1053D00010B12046FFF71EFF10BD00BF885E002001
:1053E000A4260020800B00202DE9F04782B090F821
:1053F000E930D1F80C80D0F8EC6023F0020380F89B
:10540000E93098F8003000AF044606F18809BBB3D4
:1054100098F8063003F0C003C02B31D04046F8F7AF
:1054200067FB6E4688B06C465B4BDFF870812546A3
:105430004FF4007AC4E90530A4F81CA045F8108F99
:1054400000232A464FF4E2515548F6F763FD4846DB
:10545000B546F8F74DFBA546524BA4F81CA0C4E98D
:105460000530C4F810804E4800232A464FF4E2511C
:10547000F6F750FD0A20B5460837BD46BDE8F0876F
:1054800007224146484615F028F968B1307A41466E
:1054900000F0CAFA054638B10146204612F0BCFCBD
:1054A00028B3284612F0D6FE0D21201D12F0ABFCC9
:1054B00000285FD0317A4A46022012F0B7FE054636
:1054C000B8B94846F8F714FB6C4688B06A46364BC4
:1054D000C2E905304FF400739383304B42F8103F1C
:1054E0002F482B464FF4E251F6F714FDA54608204D
:1054F000C2E7F378C3BB06F196031878012828D1D8
:105500009A7902F0C002402A23D1D3F80120C5F8CD
:105510003A20B3F80530EB8796F88830CBB196F88F
:105520008E3003F0C003C02B13D020493A46C7E9A0
:105530000098FBF711FDD8F80030C5F80130B8F835
:105540000430A5F8053098F80630EB713046FBF7CB
:1055500017FE2846FAF7AEFA48B11148144A02215C
:1055600012F04FFC032087E706F18F03C5E72846BA
:10557000FAF7B0FA94F8E9305B0703D50A21204620
:1055800012F090FCB4F8E81009B1002074E720464E
:10559000FFF7AAFDF9E700BF6E2904000300000130
:1055A000F8AC0300EC2904002F280400D97F030085
:1055B000822904002DE9F0410E460446D0F8EC8023
:1055C000FEF75CFFF668114A337801210546271D76
:1055D0000F4812F051FC0A21384612F0E7FC38B1AE
:1055E0006DB920463178FFF77FFD0020BDE8F081DE
:1055F0000B21384612F0DAFC0028F1D1F1E72B69D3
:10560000002BEED040469847EBE700BFBD290400D1
:10561000F8AC03002DE9F8430546A0F1E80600AF19
:10562000044688463046012155F8EC9912F0BEFC3C
:1056300028B3B8F1000F17D00321304612F0E3FB76
:10564000E8B14046F9F718FC0138C0B208289ABF03
:10565000354B1C5C00240221304612F023FC21460D
:105660002846FFF741FD0AE099F80B303BB10321D2
:10567000304612F0C8FB28B9284612F0C3FCBD46DC
:10568000BDE8F8830521304612F0BDFBB8B114F82F
:10569000043C1B0707D514F8033C180703D5112158
:1056A000304612F0FFFB14F8043C23F0080304F822
:1056B000043C14F8033C23F0080304F8033C14F8FA
:1056C000033CD90710D50621284612F0EBFB3046E3
:1056D000022112F0E7FB2068D0F8B86066B134F818
:1056E000041C0029CBD1BBE79A0701D50821EBE7C1
:1056F0005B07ECD50A21E7E78830F8F7F9F96C4643
:1057000088B06A46094BC2E905304FF400739383B1
:10571000074B42F8103F074833464FF4E251F6F783
:10572000F9FBA546ABE700BF3B2A0400DF290400D4
:1057300003000001F8AC030010B5094A044601213A
:10574000084812F05EFBA4F590700821FFF7CCFC2E
:10575000A4F58E700421BDE8104012F0A3BB00BF79
:10576000F4290400F8AC03002DE9F84300AF044627
:1057700012F084FB054670B3061D0321304612F07B
:1057800042FB40B3D4F8B80008B112F063FD04F155
:105790008809207A494600F0ABF88046C4F8B80082
:1057A000E0B94846F8F7A4F96C4688B06A463B4B26
:1057B000C2E905304FF400739383394B42F8103F30
:1057C00038484FF4E2514346F6F7A4FB0821A546BA
:1057D0002846FFF71FFDBD46BDE8F8830E21304681
:1057E00012F011FB28B1D4F8B820537B43F0020328
:1057F00053732A7AD4F8B810032A4B7B3AD8002A7C
:105800003FD0D4F8B820537B43F0010353732B7D72
:10581000697BD4F8B8208B4228BF0B46137305214F
:10582000304612F0F0FAD4F8B8305A7B90B342F018
:1058300010025A730D21304612F0E5FA0028CAD042
:10584000D4F8B800202112F001FDD4F8B83005F1E9
:1058500047021A33573552F8041B43F8041BAA4277
:10586000F9D1D4F8B820002313615361D4F8B820DB
:105870001383B0E7053A012A03D843F020034B73A2
:10588000BFE723F020034B73D4F8B820537B23F0F9
:105890000103BBE722F010025A739CE72F28040093
:1058A00003000001F8AC030008B50C4B93F8A230DC
:1058B00003F00603062B0A4B0CBF012200221A70CC
:1058C00007D00848084A012112F09BFA6FF0010046
:1058D00008BD0648FAF7D6FD0020F9E75803002076
:1058E000202F0120F8AC0300002A040050070020FC
:1058F00070B50F4C14F8013B834206460D4604D1A7
:105900000722204614F0E9FE68B10A490A48072236
:1059100014F0E3FE48B904F8016C2B682360AB88EF
:10592000A380AB79A371024870BD0020FCE700BFE3
:105930008C5E0020F60D04008D5E002010B40B4636
:105940001146044AD489044202D010BC10461847BC
:1059500010BC70478C5E002008B50349002202206D
:10596000FFF7ECFF002008BD29820300F8B50C4CBE
:10597000E389074620463B400D464FF0000611469E
:1059800010F8012B07D0954203D1072214F0A5FE91
:1059900018B1304600E01846F8BD2046FCE700BFCD
:1059A0008C5E0020F8B50B78012B06460C4601D022
:1059B0000020F8BD8B7903F0C003402BF8D1174DC0
:1059C000EF892946BF0711F83A2B4FF0000304F185
:1059D000010006D5B24204D1062214F07EFED0B1F9
:1059E0000023EA89297802F00202002BE0D1002A84
:1059F000DED0B142DCD1671C0948394610F025FCE5
:105A000001230028EDD0D4F80130C5F83A30054B19
:105A1000B4F805209A800148CBE700BF8C5E0020D7
:105A2000B65E0020C65E002010B5074C2378834286
:105A300008D10722601C14F050FE00280CBF20463D
:105A4000002010BD0020FCE78C5E0020F0B593B074
:105A5000154602AF044650B9514A524801210FF091
:105A600090FF6FF0150630464437BD46F0BD342236
:105A700007F10C011846A847051E06DA4A4A2B46CC
:105A8000484801210FF086FFEBE7391D204610F052
:105A9000EFFB064698B16D4688B002AA434BC2E9B7
:105AA00005344FF400739383414B42F8103F3D4857
:105AB00000234FF4E251F6F72DFAAD46D1E739460F
:105AC000204610F060F8386838B10A22314609F0F3
:105AD000C9FF034608B1374AD2E70DBB3A1D294634
:105AE0003F20FFF743FF20B14022294614F0EDFD8F
:105AF000B9E7381DF7F7FCFF6C4688B002AA2E4BB9
:105B0000C2E905304FF400739383294B42F8103FEC
:105B100024482B464FF4E451F6F7FCF9A546A2E7DA
:105B2000391D0020FFF7E4FE0446C0B9381DF7F721
:105B3000DFFF6D4688B002AA204BC2E905304FF462
:105B4000007393831A4B42F8103F164823464FF4D4
:105B5000E251F6F7DFF96FF00B06AD4683E7342D1F
:105B60000BD034230093164A0E482B4601210FF028
:105B70001BFF204612F06EFB73E707F10C0200F1E9
:105B80000C0307F13C05144603CCAC421860596085
:105B9000224603F10803F6D12068186063E700BFCE
:105BA000660E0400C0AC0300732A0400C623040080
:105BB00003000001E2230400922A0400B52A040035
:105BC000D42A040010B501460246342311F8010B13
:105BD0000C32F8F75DF9044628B1044A0346012166
:105BE00003480FF0D7FE204610BD00BFF22A040084
:105BF000C0AC03002DE9F0479AB01D46DDE92397BC
:105C00002E4B16460CAA84468A4603F1300E904667
:105C100018685968144603C4083373452246F7D1FF
:105C200018681B79206023716146202204A812F0B5
:105C300024FB23486B46202204A912F036FB0446BD
:105C4000C0BB102251460DF1350012F016FB102298
:105C500031460DF1450012F010FB2946062211F8DD
:105C6000013B8DF855300DF1560012F006FB2299DC
:105C7000062211F8013B8DF85C300DF15D0012F049
:105C8000FCFA4B4635224146684612F00EFB0446AC
:105C900080B9484612F0FBFA01238DF830303522E6
:105CA0003B464146684612F000FB044610B93846B0
:105CB00012F0EDFA20461AB0BDE8F08706B10300F5
:105CC0001F2B040070B598B00E46144601462022E2
:105CD00004A81D4612F0D1FA202231460CA812F079
:105CE000CCFA1022294614A812F0C7FA1022214635
:105CF000684612F0C2FA6B46502204A9184612F008
:105D0000D4FA40B9039B054A1BBAB3FBF2F102FB7C
:105D100011331C9A136018B070BD00BF40420F00D1
:105D200070B54169867A0B4D044659B1437ADB0759
:105D300006D42C2303FB06535B6A1B689B689847B9
:105D4000002363612C20214606FB0050BDE8704013
:105D500013F0EFBFC80B0020024B2C2202FB0030D7
:105D6000704700BFC80B0020827A064B2C2101FB34
:105D700002339A6A1B7F1B33801A23F00303B0FBA4
:105D8000F3F07047C80B002038B5074B827A2C24FB
:105D900004FB02335B6AD3E901240C601568FFF74A
:105DA000E3FF04FB005038BDC80B00202DE9F04F85
:105DB00085B005466846039191461C4690469A4632
:105DC00014F086FADDE90067EFF3118B402383F3CB
:105DD0001288BFF36F8F698B002942D02B8B8B42C7
:105DE00026D900220023284605F0DCFC0446F8B141
:105DF0008BF31188BFF36F8F039B002B4FD032467C
:105E00003B46684614F088FAA27A2A4B2C2101FB03
:105E1000023320465B6A1B6803A91D68DDE9002385
:105E2000A847606100283BD12046FFF779FF31E0A9
:105E3000698B4B1E6B838BF31188BFF36F8F2B7FA6
:105E40002A8BAC6A1B3323F00303521A02FB034470
:105E5000184B194AEB1A9B105343A3722B7FE37222
:105E6000CAE78BF31188BFF36F8F54EA090409D096
:105E700014F0D8FC114A124B12589A420ABF8846B5
:105E8000C846C24642465346284605F08BFC0446A7
:105E90000028B1D10024204605B0BDE8F08F636131
:105EA00000230122636022812382039A6369628254
:105EB000E360F0E7C80B0020A38B2EBA08000000B7
:105EC000F836002070B50C4C2C2500B970BD037A53
:105ED0004668013BDBB20372002BF7D1C36043601D
:105EE000837A05FB03431B6A13B198473046ECE7FE
:105EF000FFF716FFFAE700BFC80B0020084B70B58C
:105F0000C31A0D4607499B100446594306484022D0
:105F100012F00DFB2B4601462046BDE870401847A5
:105F2000E05E0020B76DDBB648A9030073B50C4CEA
:105F30000C4A4023041B00930D460B460A49A4104B
:105F400061430646094812F01DFB011E05DA304682
:105F50002B4602B0BDE87040184702B070BD00BFCC
:105F6000E05E0020ED850300B76DDBB648A90300B5
:105F7000002270B5012104461046F7F71FFB0F48B9
:105F800003F030F90E4B984215D113F067FB2669E8
:105F90000C4930460FF0ACF800280BDB01253564C6
:105FA0002469084904F11C000FF0A2F8002801DB65
:105FB000E564002070BD6FF00400FBE7FD600200A7
:105FC0000000AD0B50D003007FB500220123CDE9C6
:105FD000022304ABCDE90433094ACDF800D06B4667
:105FE000CDF804D012F0FBFA002805DB4FF4804214
:105FF0000023684605F02EFC07B05DF804FB00BFE7
:106000000B86030010B5EFF31184402383F312884D
:10601000BFF36F8F074A136823F00201DB0711609B
:1060200002D4012013F015FB84F31188BFF36F8FA6
:1060300010BD00BF305F002030B4104B0C2202FBBB
:10604000003301460020D3E90E529863EFF311802C
:10605000402484F31288BFF36F8F1C6C04F0C004DB
:1060600044F002041C6480F31188BFF36F8F1DB1EC
:106070002B46034830BC184730BC7047E05E002018
:1060800048A9030010B4EFF31182402383F3128870
:10609000BFF36F8F1748016841F002040460C8071E
:1060A00007D482F31188BFF36F8F012010BC03F077
:1060B00089B84FF08041D1F80C04D1F80C14C9070D
:1060C000EFD5EFF3118083F31288BFF36F8F0A4986
:1060D0000B6C03F0C00343F002030B6480F31188E0
:1060E000BFF36F8F82F31188BFF36F8F002010BC56
:1060F000FFF7A2BF305F0020E05E002010B1012852
:1061000004D07047034B1B6C5B0701D1FFF794BFB2
:10611000704700BFE05E0020024AC3B21C2003FBB0
:1061200000207047E05E0020F8B52849BFF35B8F80
:106130000646012251E8003F41E800200028F9D13D
:10614000BFF35B8F33B9224922484B60CB608A6032
:106150000EF0E1FF731E012B1DD813F055FF04460E
:10616000D0B91D4B1B78BBB14FF080430222C3F85E
:10617000082305464FF08047D7F81824D7F818347D
:10618000D20312D59B0701D0012E0ED1BCB185F3ED
:106190001188BFF36F8FF8BDEFF31185402383F3B0
:1061A0001288BFF36F8F0124E4E71CB1284610F07A
:1061B00009F8E1E70021212006F0F6F8DCE74FF0CE
:1061C00080430222C3F80423E5E700BFDC5E002021
:1061D000CC5E0020FC5E0020013C0120EFF3118228
:1061E000402383F31288BFF36F8F0A4BD3F800115B
:1061F00061B10021D3F80805C3F80011D3F80031CC
:10620000C0B282F31188BFF36F8F70476FF00A003E
:10621000F7E700BF00D00040F0B5034610469C7879
:1062200093F803C0EFF31182402585F31288BFF382
:106230006F8F1F7893F801E0E41B04EA0C04A0427E
:1062400088BFA0B23E180CEA06063D461E7082F3D7
:106250001188BFF36F8F0A188A4216D177450CD187
:10626000EFF31182402181F31288BFF36F8F197809
:10627000597082F31188BFF36F8F1B79241AA342E0
:1062800022BF064B01221A60F0BD5E1901357679F6
:1062900001F8016B05EA0C05DEE700BF00D0004005
:1062A000DB432DE9F04713F001050E46144604D0F8
:1062B0002248FFF7B1FFBDE8F0879AB3EFF31188EA
:1062C000402383F31288BFF36F8F0D20F7F768F92F
:1062D00007460D20F7F750F988F31188BFF36F8F49
:1062E000DFF85CA0DFF85C80CAF80051DAF8003112
:1062F0004FF400590123CAF800302546C8F88091B0
:10630000DAF8003183B1FFF769FF031EC8F8809106
:10631000F6DB013DADB27355002DF1D117B10D2063
:10632000F7F71CF92046C6E7EFF31180402383F30B
:106330001288BFF36F8F0FF045FFE1E7645F002025
:1063400000D0004000E100E02DE9F041124F0D4681
:10635000144607F1450814B92046BDE8F0814FF016
:10636000FF334FF0FF32384605F074FA22462946D3
:106370004046FFF751FF0646384605F045FA3EB95C
:106380004FF0FF324FF0FF33044805F063FAE6E7C1
:10639000A41BA4B23544DEE7345F00204C5F00202C
:1063A00038B5194C01221146204613F0D0FC0122C9
:1063B000002104F1180013F0CAFC40F20743A4F8CE
:1063C00048304FF0706323630C2384F83430002589
:1063D0000E4B84F84550A4F84650D3F8042522F01B
:1063E0000102C3F804250121C3F80051D3F80021AC
:1063F000C3F804132A4619600D20F7F7DFF80D20C3
:10640000F7F7ACF8284638BD345F002000D00040D4
:1064100010B5FFF7E3FE002820DB174B93F832207E
:1064200093F8314093F83310141B31EA0404C0B2DE
:106430000DD193F8472093F8464093F84810141B69
:1064400031EA04040BD10D4B01225A600EE09C1876
:106450000132114084F8350083F8321010BD9C18C9
:106460000132114084F84A0083F847100448BDE81F
:10647000104005F0C9B900BF345F002000D00040D3
:106480004C5F0020024B0B6001231360704700BF7C
:10649000885F002000487047BCD0030007B5034662
:1064A000054A0091054801210FF07EFA6FF01500B2
:1064B00003B05DF804FB00BFA82B040020AD03006F
:1064C00010B5012211460748074C13F040FC02F0BA
:1064D000D3FE13F08FF9206013F088F9606000207C
:1064E00010BD00BF905F0020885F00204FF0804209
:1064F000D2F81015D2F8103501F01E0123F01F0359
:106500000B4343F00103C2F81035024B00221A700E
:10651000704700BF232F01204FF08053D3F8303154
:10652000082B20D14FF08042D2F81015CB071AD596
:10653000D2F8103501F01E0123F01F030B43C2F8FF
:106540001035D2F808315BB1D2F8103523F01F03B3
:106550000B4343F00103C2F810356FF08B00704716
:10656000024B01221A700020704700BF232F012028
:10657000F8B5044613F03AF9237B05460BB113F046
:106580007CF8134F0026FFF7C7FFE8B9606803F0F7
:1065900069FCA3685B1BA36063682B4463603B7862
:1065A0000BB1FFF7A3FF237B01363BB9A368002B98
:1065B000E9D1A068003818BF0120F8BD304602F0CC
:1065C000E9FE0028F2D0F4E76FF08B00F5E700BF9A
:1065D000232F012070B5037B04460BB113F04DF857
:1065E000194E0125A368032B06D8184AD2F80034A7
:1065F000DB07FBD5002070BDFFF78EFF08BB2368CB
:106600006068196803F04EFC33780BB1FFF76EFF3A
:10661000636804336360236804332360A368043B26
:10662000A360237B0135002BDCD0284602F0B2FEAC
:106630000028D7D0054AD2F80034D907FBD501206D
:10664000D9E76FF08B00D6E7232F012000E001404F
:10665000F0B589B00E46154613F0C8F8294607462E
:10666000304612F013F860B3B6FBF7F307FB136381
:1066700023B9B5FBF7F407FB14545CB11F4A00952E
:1066800033461F4801210FF08FF96FF015042046A3
:1066900009B0F0BDAF42FAD84FF0FF334FF0FF32F0
:1066A000184805F0D7F812F0DCFF04AB014660B9DA
:1066B0001022184614F009F8CDE90565FFF758FFD8
:1066C00016E0114A00953346DBE7102221461846B2
:1066D00013F0FBFF01228DF81C200C4ACDE90220AB
:1066E0000B48CDE9056502F0CFFD02A802F0D2FD0E
:1066F0000446044805F088F8C9E700BFC52B04002C
:1067000020AD0300905F0020A82B040071650200FB
:10671000645E010070B50D4688B0194628461646DD
:106720001C4611F0B3FF58B91D4A00942B461D4872
:1067300001210FF039F96FF01504204608B070BD43
:1067400045EA04039B0703D0174A00942B46EEE763
:10675000002CF2D04FF0FF334FF0FF32134805F01A
:1067600079F812F07EFF0346CDE9046504A806948B
:106770008BB101238DF81C300D4BCDE9023041F671
:106780004C5002F081FD02A802F084FD0446074847
:1067900005F03AF8D1E78DF81C30FFF71BFFF5E75D
:1067A000A82B040020AD0300E42B0400905F002020
:1067B000D5650200F0B54068057B01F01F0444EA8E
:1067C0004514056987B0002D64D0B2F5001F00F1B3
:1067D000100506D12146284612F0FDFF002007B023
:1067E000F0BD01AE0027B2F5800F0197776039D177
:1067F000B3F1007F14BF052304238DF80430002378
:10680000CDE904630393836823FA01F111F00101D8
:106810001AD1B2F1A07F17D104F01F03620903F56A
:10682000E0732AD0012A3BD11F4A52F82330DB07FC
:106830000AD40DF1030632462146284603F06CF9CE
:106840001A4B98421CD0029603AA2146284603F010
:1068500025F8174B984220D101222146284603F003
:10686000BFF9BBE7B3F1C06F05D0B3F1007F14BF30
:1068700001230223C1E70323BFE74FF0A042D4E77F
:106880003146284603F0A6F9094B9842DBD06FF059
:106890000B00A4E76FF08500A1E76FF015009EE7FD
:1068A00051F82330FFDE00BF000300500400AD0BA1
:1068B0000000AD0B38B545682B69B3B110352846DB
:1068C00003F078F9044680B90146284603F03EF902
:1068D000084B98420BD108492246284603F016F986
:1068E000224605210620F6F769FE002038BD6FF02C
:1068F0000400FBE70000AD0BFD680200420970B523
:10690000034602D0012A17D070BD0D4E326951687E
:106910000029F9D003F01F0301250C689D400029D0
:10692000F2D08A682A4002D04B68304698472CB192
:10693000236821461C46F2E7024EE7E72346F8E7C4
:1069400070A903005CA903002DE9F043466840F2FA
:106950000635D006337B87B002EA050554BFC2F383
:106960004010032001F01F07B5F5837F144647EA66
:1069700043178DF8030044D00FD8062D18D007D840
:10698000B5B1022D3FD06FF0150007B0BDE8F08320
:10699000B5F5807FF7D101250AE040F20222954249
:1069A00033D0B5F5407F32D0B5F5007FEBD102256D
:1069B00022032ED5726801238B40C2F80835326954
:1069C00092BB07F01F037F092BD0012F79D13F4ADB
:1069D00002EB830284F48033D2F80017C3F3004340
:1069E000C4F3404444EA430421F4E16144EA8004EE
:1069F00021F0070144EA05230B43C2F800370020C9
:106A0000C3E70725D4E70425D2E70525D0E703250A
:106A1000CEE7630341BF012372688B40C2F80C3597
:106A2000CDE74FF0A042D3E710360DF10202394610
:106A3000304603F071F814F4403F80460CD13946DB
:106A4000304612F0C6FE224B9845D8D19DF8021070
:106A5000304603F0B9F8D2E701AB4FF0000903AAC2
:106A600039463046CDE90439CDE90199CDF80C908D
:106A700002F014FF164B984285D114F4003315D060
:106A80009DF803308DF80E3084F48034C4F3004454
:106A90004B4603AA394630468DF80C508DF80D4010
:106AA00002F0B6FF0A4B9842CDD06CE7CDE9043333
:106AB00003AA0DF1030339463046039302F0EEFEBC
:106AC000F0E703F5E07352F82330FFDE00030050D7
:106AD0000000AD0B08B5CA0743680AD4C1F34201F0
:106AE000012909D002290ED0094A0A4801210EF0D5
:106AF00048FF6FF0150005E01B684FF0CC72C3F83B
:106B00002425002008BD1B684FF0C862F7E700BFCE
:106B1000462C040040AD0300F8B544680669E369FB
:106B200000AF05469847206A11F093FE00281FDB4E
:106B30003346134A04F10801204603F0E5FE114BE9
:106B4000984217D06C4688B02B686A460E49C2E955
:106B500005134FF4007393830C4B42F8103F0C481D
:106B600000234FF4E251F5F7D5F96FF00400A54684
:106B7000BD46F8BD204603F001FF0020F8E700BF46
:106B8000D16B02000000AD0B582C04000300000183
:106B900040AD030070B544682368D3F80855D3F8B6
:106BA0000C65204603F0FAFE3146284604F044FA0C
:106BB0000546206A11F04DFE204603F0DFFE034B30
:106BC0009D4214BF6FF00F00002070BD0000AD0BA0
:106BD0000378012B08D0022B08D04BB9054B0B636F
:106BE00001F1180004F010BE034BF8E7034BF6E781
:106BF000034BF4E70000AD0B0100AE0B0200AE0B3F
:106C00000100AD0B2DE9F04F8DB002AFD0F804B00C
:106C1000D0F81080BA6014221D460646BBF8183022
:106C2000D8F834A0FB600C46B818002113F04DFDD5
:106C30007D754FF0FF324FF0FF33404604F00AFEFF
:106C400008F118037B600022002308F1180004F00B
:106C500001FE4FF000094D46BB68994501D3002461
:106C60003FE0207A020700F1AB80BB68216809F1A0
:106C7000010999450AD2830708D4237D80EA0302DB
:106C800002F0010203F004031A4307D025B901F012
:106C90006043B3F1005F36D0002300E00123626857
:106CA000D7F80CE005EB020CF4451ED96C468CB00D
:106CB000316802ABDA61FA684348C3E9082140F25F
:106CC00003521A851A46C3E90505404B42F8103FA6
:106CD0003F4800234FF45151F5F71CF9A5466FF0DA
:106CE0001B04404604F090FD22E0C00705D40AEBE7
:106CF00005003B6013F0C1FC3B6862682A4495B212
:106D0000002B47D1CDB923683B6263680025227A06
:106D1000BB6102F001013975BBF82410994210D211
:106D20002C4A00912A4801210EF03EFE6FF01B0410
:106D300020462C37BD46BDE8F08FC7F820A02B4673
:106D4000E5E782F00202C2F34002520107F11401AA
:106D5000584603F041FE204B984205D00B33984231
:106D60000CD16FF00F04BCE74FF480427868002329
:106D700004F070FD28B13046FFF70CFF6FF00404FB
:106D8000AFE7D8F83030144A9342F7D1237ADB07C3
:106D900002D400250C345FE73B6A9A45F9D12346BB
:106DA00008E0A91AD8683B608DB21AFA81F113F095
:106DB00064FC3B685A689542A3F10C03F1D2E8E702
:106DC0006FF085048DE700BF782C040006000001F9
:106DD00040AD0300432D04000000AD0B2DE9F04150
:106DE000456806690446286812F022FE18B96FF05B
:106DF0001200BDE8F081304612F00BFF7461AB6801
:106E0000BBB96B7C04220B21204611F0AFFD00289A
:106E1000EFDBAB7C06220B21204611F0A7FD0028FA
:106E2000E7DB012320461A46BDE8F0410B2111F0B3
:106E30009DBD2A7C05230621204611F097FD0028E0
:106E4000D7DBA86812F0F4FD0028D0D0EB89A86841
:106E5000297B43F48032D0F810C0D0F808E013F05A
:106E6000010F4FF00107DCF8003007FA01F714BFFB
:106E70003B43BB43CCF80030DEF800309847002895
:106E8000B7DB2B7B144A012707FA03F3C6E9072374
:106E9000A8688368DB6906F1180113B96FF0570021
:106EA000A7E73A4698470028A3DB0C4BB362A868D3
:106EB000297B826803699669002EEFD01B688F409A
:106EC0001F4214BF4FF000734FF080634FF0A07269
:106ED000B047002895DA8CE7FD880300E16E0200D8
:106EE0002DE9F04F044691B050F8100C26230022F3
:106EF000D0F804900093114606AB11F013FD002862
:106F000005DA204604F068FE11B0BDE8F08F244F8A
:106F1000002697F8008097F801A008F140036B4421
:106F200013F8273C1AEA030F13D0216931B101236A
:106F300054F8100C0D6803FA06FB11BB08F10102AE
:106F400054F8100C5346D2B2002111F00FFD002866
:106F5000D7DB01360E2E07F10207DAD1D9F8080087
:106F600099F80C500669836805A95B689847002862
:106F7000C7D1059B32685A400123AB401A42C3D0A7
:106F8000BFE78A681BEA020203D04B680390984768
:106F900003981DB12B6829461D46CEE72B46FAE71C
:106FA000B22D04002DE9F04FDFF818A1DFF818B179
:106FB000DFF818818E46002740F2FF19FBB29E458C
:106FC00002D80020BDE8F08F50F827104D04C1F31F
:106FD000C324C1F3080365D4490C04391AF80440EA
:106FE0004B4508BF4FF0FF3308295ED8DFE801F0BA
:106FF000050B115D5D5D5D1843005E1CC2F8083530
:107000003CD10137DAE75D1CC2F80C35F9D0012517
:1070100035E0C2F81035591CF3D000252E4608E0A3
:10702000C2F80835002CF6D15C1CEAD000252E46AB
:10703000062450F8271001F4004CBCF1000F1CBFCF
:107040000026012503F01F0C5B0928D0012B33D14A
:10705000434603EB8C0CC1F341212402DCF80037DA
:1070600044EA8104344303EA0B0344EA450423431E
:10707000CCF80037C5E7C2F80C35D3E7002559092D
:107080000AD0012914D1C44603F01F01012606FAD3
:1070900001F1CCF80C15CCE74FF0A04CF4E74FF021
:1070A000A043D6E76FF015008CE76FF0850089E705
:1070B0000023C3F80C35FFDE0CF5E07C002353F809
:1070C0002C30F8E7CE2D0400F0F8FCFF0003005050
:1070D00038B570B1074C084A4FF400450021E0FB79
:1070E000054100232046D9F715FFBDE8384005F0DB
:1070F0005BB938BD3F420F0040420F0017289FBFC9
:10710000054B584300F5742000F510709ABF0860D5
:1071100000206FF015007047A086010010B5134CD9
:10712000A1421DDD124B98421ADCA04206DD9942B5
:1071300006DD172313806FF0210010BD0023F9E74F
:107140006FF43A63A0F55B2018440A4BB0FBF3F0F0
:107150001080584300F5742000F51070884202D961
:107160006FF01500E9E70020E7E700BF3F420F009E
:10717000A05A3200A086010037B50D46212D406887
:1071800011461C4614D03A2D27D10A2A25D1006871
:107190000DF107030422032111F0E1FB20B99DF852
:1071A0000720C4E90020002003B030BD1046F8E7F6
:1071B000022A12D100680DF10703052211F0CFFB5E
:1071C0000028F1DB9DF80720002AEFD012F00A0F0B
:1071D000034814BF01220022E3E76FF08500E3E7D4
:1071E00020A1070070B50C2945680369144600F01A
:1071F000928029398AB2142A00F29880142900F268
:107200009580DFE801F00B5093811B939393939348
:10721000939393939393937693707400188841F2A9
:107220008833584380124FF47A73B0FBF3F203FBB8
:107230001200226058436060002070BD9888D9F722
:107240007BFC01464FF08940D9F782FD4FF07E511B
:10725000D9F7C0FBD9F7B8F8EAF7AEFBD9F766FB68
:107260000646A88ED9F768FC01463046D9F770FD6E
:1072700001463048D9F7AEFB01464FF07E50D9F7B2
:1072800067FD2D49D9F7A6FB0546D9F7FDFD4FF05F
:107290007E512060284608F0A7FE2849D9F7A4FCB3
:1072A000D9F7F2FDC7E75A889B7A0D2B0ED80B2B26
:1072B0000ED8042B11D00020504348BF00F2FF30FD
:1072C00080124FF47A7390FBF3F2B0E70F2BF2D1F8
:1072D000E8684FF44873404202E028694FF47A733B
:1072E00090FBF3F0E8E71B7A23600020A3E75B7ACA
:1072F000FAE7EA68124B92FBF3F22260E86890FB2F
:10730000F3F203FB120096E72A690D4B92FBF3F2AE
:1073100022602869F3E7D8880A4B58430A4B90FB50
:10732000F3F000F5C02000F2AE50CAE76FF0850020
:1073300083E700BF0FCF5B3B33938843002474493E
:1073400040420F0078783C0078ECFFFF2DE9F04FC9
:10735000446887B0206812F06BFB002800F05F8162
:1073600094F8363020680133DBB20A22052111F08F
:10737000FDFA0646002854D1DFF8A8A2DFF8A8924B
:1073800004F1140710254FF07E5857F8040F6FF0E2
:10739000004398420BD10235EDB2182DF5D1DFF83C
:1073A0008C92A34F04F124086FF0004A3EE0D9F715
:1073B000C7FB5146D9F7CCFC4946D9F70DFB01462E
:1073C0004046D9F7C5FC9B49266BD9F703FB83469A
:1073D000A08ED9F7B1FB01465846D9F705FCD8F77E
:1073E000F3FFEAF771F902460B463046CDE9022376
:1073F000D8F7C8FFDDE90223D9F73EF8D9F776FAC6
:1074000006448302B3FBF6F303F003020092206804
:10741000C3F387032A46032111F0B7FA0646002872
:10742000B9D0304607B0BDE8F08F1A2558F8043FB0
:1074300053450DD11A2DF8D162687F480DF116031E
:10744000114611F036FF163020D16FF01506E8E72F
:10745000A9EB030341F288325A434BBF774B784B79
:107460009B189B184CBF93FBF7F3B3FBF7F39BB24E
:1074700003F0030200922068C3F387032A46032126
:1074800011F083FA06460028D4D0CAE79DF81630DA
:1074900020680C22032111F069FA06460028C0D1A9
:1074A000A26865480DF11603114611F002FF16306F
:1074B000CBD09DF8163020680D22032111F056FA2A
:1074C00006460028ADD1E2685E480DF11603A2F52C
:1074D000FA6111F05DFE1630B7D0BDF8163003F03A
:1074E000010200922068C3F347030822032111F030
:1074F0004CFA0646002894D1226953480DF1160330
:10750000A2F69E4111F044FE16309ED0BDF8163012
:1075100003F0010200922068C3F347030A2203210B
:1075200011F033FA064600287FF47BAF62694748C2
:107530000DF11603114611F0BCFE163085D0022263
:107540009DF816302068114611F010FA0646002802
:107550007FF467AF94F8373020680E22032111F0D2
:1075600005FA064600287FF45CAF94F838302068AE
:107570000F22032111F0FAF9064600287FF451AFDB
:10758000206801232422052111F0F0F90646002885
:107590007FF447AF024601232068052111F0E6F988
:1075A000064600287FF43DAF0125009520682B4654
:1075B0002A46052111F0E9F9064600287FF431AF8B
:1075C00020682B460C22052111F0D0F90646002830
:1075D0007FF427AF94F83A30BBB994F83B3033B11D
:1075E000206801230622032111F0C0F9A8B994F8FC
:1075F0003930002B3FF415AF20680123042203210A
:1076000007B0BDE8F04F11F0B1B920682B46502209
:10761000032111F0ABF90028DFD0064601E76FF037
:107620001206FEE600007A4433938843AE05060056
:1076300078783C000FCF5B3B44D30300C4C3E1FF29
:107640003C3C1E0038D303002CD3030014D30300AA
:1076500013B50A2A446833D1212917D03A292FD1EA
:107660001B6820683BB901230522032102B0BDE855
:10767000104011F07BB901230022032111F076F9AB
:1076800000BB0123042203212068EFE7D3E90012A5
:107690000D4B0E4803FB012211460DF1060311F0BC
:1076A00008FE10F1160F0DD09DF80630206801225B
:1076B000022111F05BF928B9012302460221E3E718
:1076C0006FF0850002B010BD40420F0014D30300DC
:1076D0002DE9F04383B045680669D5F83C8000AFDA
:1076E0003A1D0021404611F095F9041E1ADB7B6813
:1076F000D8F8002019791868FFF754FC041E11DB34
:10770000296C481C1BD005F1440000F059FB10F116
:10771000130F04460BD1314A3148012111F0E4FD29
:107720006FF0120420460C37BD46BDE8F083411DC2
:1077300005D12C4A2A48012111F0D6FDF2E76B6BE6
:107740009847B5684FF00108D6E9023203EBC2034F
:107750009D4204D3304611F015FE0024E2E728686C
:1077600012F066F90346B0B92A68297910686C46A8
:107770008AB06A461C4DD1614FF4007111841B49D7
:10778000C2E9055042F8101F15484FF41151F4F7A3
:10779000C1FBA546C4E728682979EB88D0F810C05A
:1077A000D0F80890DCF80040DA0754BF43F4B01377
:1077B00083F4D01323F4801208FA01FEDB074CBFD8
:1077C00044EA0E0424EA0E04CCF80040D9F8003054
:1077D0009847041EA6DB0835B6E700BFF52D040068
:1077E000A0AD0300202E04003D2E04000400000183
:1077F0002DE9FF410569D0F804802B6E0646A86D7F
:10780000002835D1002B53D0B8F838406A6DEF6DA1
:107810009C4228BF1C46EB6D53B1296E41B107F065
:107820006041B1F1005F03D0082C6F6F28BF0824BE
:1078300000926A6DAC661AB1AA6D002A18BF224682
:10784000CDE901271BB12B6E002B18BF2346002268
:1078500069464046039302F0F9FE184B984229D03E
:107860006FF00401304604B0BDE8F04111F0ACBD4A
:10787000696DEF6DB8F838400A46ABB1834228BF56
:1078800003469C4228BF1C460029C4D001F0604337
:10789000B3F1005FBFD0082C28BF08242246286F10
:1078A00012F0EBFE2A6FB6E7844228BF0446EBE7EE
:1078B0001946D7E704B0BDE8F08100BF0000AD0B6A
:1078C00010B502780346002A5FD10C69A26E32B966
:1078D000606E6FF07301BDE8104011F075BDE06D92
:1078E00040B1216E31B1DB6823B1834202D0616FB8
:1078F00012F0C3FEA36DA26E33B19A4213D9234A8C
:107900002348012111F0F0FC236EA26E33B19A429C
:1079100022D91E4A1E48012111F0E6FC606EBDE826
:107920001040FFF765BF9B1AA3657BB9636C0833F2
:107930006364A36C013BA36404F1580204F14801A1
:1079400004F1440011F0D7FC6065DDE7636D002BA6
:10795000DAD013446365D7E79B1A23667BB9E36CDF
:107960000833E364236D013B236504F1600204F1F5
:10797000500104F14C0011F0BEFCE065CEE7E36D70
:10798000002BCBD01344E365C8E710BD612E040083
:10799000A0AD03002DE9F04F8FB000AF8846FB602B
:1079A0004368BB608B88046999040646914633D4CA
:1079B0004FF0FF324FF0FF3304F1100003F04AFFA5
:1079C000C4F80480D6F804B0D6F810A0DBF808306C
:1079D0003B609AF86D3023B1DAF80030984500F03A
:1079E000E480B8F804E01EF400631CD0B34AB44845
:1079F000012111F079FC6FF0850523689B8813F451
:107A0000005304D1636004F1100003F0FDFE28462A
:107A10003C37BD46BDE8F08FA369002BC8D1636831
:107A20009845C5D1CEE71EF0010F15D06D4688B040
:107A300031686A46A348C2E905014FF40071918399
:107A4000A14942F8101F9E484FF4E251F4F762FA40
:107A5000AD466FF01505D0E71EF0080F05D09B4A24
:107A60009748012111F040FCF3E7CEF34513082BB2
:107A700001D0974AF4E7D8F800307B607A68954BDC
:107A80009A4201D8944AEBE70BF10C0CBCE80F00CA
:107A900007F110050FC5BCE80F000FC5D7E900239B
:107AA0009A4228BF1A469CE803008C4B9A4285E80C
:107AB000030017D28A4B9A4214D28A4B9A4211D2AF
:107AC000894B9A4250D8894B9A424FD8884B9A4258
:107AD0004ED8884B9A424DD88748884B8849824275
:107AE00088BF0B461EF0020F7B620EF0040343D0EA
:107AF000002B14BF0323022387F82830CEF3001392
:107B000087F82930DBF80030D3F808251EF0020F83
:107B10004FEA5213CEF3400102F01F0233D17BB380
:107B2000012B40F02681774901239340C1F80C35A1
:107B30009AF86D302BB1584602F03AFD00238AF8CE
:107B40006D30714A334607F11001584602F0FCFCD3
:107B50006E4A9042034623D06D4A594801210DF0E8
:107B600019FF6FF0040548E76A4BBBE76A4BB9E7BA
:107B70006A4BB7E76A4BB5E7003B18BF0123BBE789
:107B80004FF0A041D0E743B1012B40F0F5805D49B3
:107B900001239340C1F80835CAE74FF0A041F7E749
:107BA00001238AF86D30CAF80080012384F86C3014
:107BB000BB68196C4A1C0AD003F1440011F015FC93
:107BC000743004D1574A3E48022111F08DFBB9F1BF
:107BD000000F6BD1C4F844900023A36404F1580251
:107BE00004F1480104F1440011F085FBFB68606575
:107BF000002B40F09B80E3640023236504F16002C6
:107C000004F1500104F14C0011F075FB00252A46E7
:107C1000E06501212046256411F094FB3046FFF712
:107C2000E7FDA06C2A462B46834240F08880002363
:107C3000256D1946A94240F089809342A04638BF7D
:107C400013464FF4FA5202FB03F558F8283B4FF461
:107C5000004C1B68B5FBF3F540F2E730C835002156
:107C60004FF47A720023E5FB0C01D9F753F9024671
:107C70000B46404603F0EEFD024600286DD02A4A2E
:107C80000F48012111F030FB0025B868A56602F00D
:107C90008FFC84F86D506FF07301304611F094FB47
:107CA000404603F0FDFD6FF07305A6E6D9F80030FD
:107CB0006364002B90D0D9F804308EE77F2E040047
:107CC000A0AD0300992E040003000001BB2E0400A8
:107CD000DA2E040047E80100092F04000048E801FB
:107CE0000024F40000127A00FF083D007F841E008B
:107CF0003F420F001FA107008FD0030048E801009A
:107D000090D0030000030050C17802000000AD0BCA
:107D10003A2F040000093D0080841E0040420F00FD
:107D200020A10700612F04008B2F0400FB681B6853
:107D3000E364002B3FF460AFFB685B685DE7616C58
:107D400001EBC301013349680A446DE7E06C00EBC5
:107D5000C1000131406803446CE7256C15F1740FD4
:107D600092D0002D3FF449AE0146306911F0EAFA95
:107D700043E6C1F80C15FFDE0023C3F80835FAE727
:107D800000F01F0240090DD001280ED10A4B03EB71
:107D900082030A4AD3F80007024042EA8102C3F88C
:107DA000002770474FF0A043F1E702F5E07200238F
:107DB00053F82230FFDE00BF00030050F0F8FCFF54
:107DC000F0B587B001238DF8023002238DF804301E
:107DD0006B4403930F4601AB0DF1030100240493A0
:107DE00005460291059401F0F5FE0C4B98420646BB
:107DF0000FD103AA3946284601F050FDB0420BD0FE
:107E00009DF80310284601F0DFFE6FF0040007B074
:107E1000F0BD6FF01200FAE72046F8E70000AD0B66
:107E200070B5012383400E4ABFF35B8FDC4352E8F9
:107E3000001F01EA040542E80056002EF7D1BFF307
:107E40005B8F4FF4803282400648C0F80823BFF3AE
:107E50005F8FBFF36F8F0B4214BF0120002070BDF6
:107E6000306000200010014070B40E49D1E90034A8
:107E7000D01AC31844F1000422F07F46C1E900344F
:107E8000A6F50013B3F5400F09D2074B1B681A0A79
:107E90001B069C19054B42F10005C3E9004570BC67
:107EA00004F036BC08280020346000201028002090
:107EB00011B3BFF35B8F0123104A834052E800CF18
:107EC0004CEA030C42E800C10029F7D1BFF35B8FF5
:107ED0000B4A4FF480338340C2F80433094BBFF39D
:107EE0005B8F1B68BFF35B8FC340DB0742BF064B52
:107EF0004FF40032C3F80021704700BF306000200B
:107F0000001001402C60002000E100E00D4B1868DB
:107F1000010A0006BFF35F8F0B4BD3F80435181826
:107F200041F10001B3F5801F0AD2084BD3E90023C9
:107F3000904271EB030303D210F1807041F1000114
:107F4000704700BF3460002000100140102800205E
:107F50002DE9F04F85B016461F469DF840A0044617
:107F6000FFF75EFF0190FFF7D1FFB04271EB07030F
:107F700054D23E4B301A67EB0101984271F1000177
:107F80004FD23B4B03EB0413D3E902239F4208BFBC
:107F900096425ED037494FF4803804F1500508FA14
:107FA00004F8AD00C1F848832046ADB211F045FA9F
:107FB00026F07F4B05F1804504F5A87305F588355B
:107FC000DC464FF003090293029A2CF07F4341F8FC
:107FD0002230C1F84483D1F80435274A6FF00200FB
:107FE000C01A604420F07F40904232D9286868B1BE
:107FF000D1F804350393A3EB0B0020F07F40B0F5DC
:10800000000F26D9204611F018FA039BBAF1000F91
:1080100007D109EB030C09F10109D5E7BAF1000F0B
:1080200009D06FF0150520460199FFF741FF28465A
:1080300005B0BDE8F08F0123104ABFF35B8FA3406A
:1080400052E8000F184342E800010029F8D1BFF3BD
:108050005B8F07490E98230101EB0412C8500F9B58
:108060005360C2E902670025DDE700BF0100800020
:10807000F827002000100140FDFF7F002C60002049
:108080007FB51C4C1C4BC4F80833C4F848331B4B59
:1080900000254FF0FF304FF0FF31C4F80855C3E919
:1080A00002014FF48033C4F80433154B02264FF419
:1080B00000320121C4F804631120C3F880212A464C
:1080C000F5F77CFA1120F5F749FA0E4A0123A3606F
:1080D000236013600C4B0D4A0093CDE9015500233A
:1080E0002846FFF735FF3046FEF71EF8284604B055
:1080F00070BD00BF0010014003000F00F8270020F2
:1081000000E100E030600020697E0200FFFF7F0098
:108110002DE9F7432B4CD4F8043399070BD5D4F849
:10812000043143B1284A0023C4F80431D4F804319F
:10813000136801331360D4F80433DA0323D5BFF393
:108140005B8F224B53E8002F22F0010143E800101F
:108150000028F7D1BFF35B8FD30702D4D4F84031A6
:108160008BB10025C4F84051D4F84031FFF7CEFE62
:10817000EFF3108272B6164BD3E90267B042B941F1
:1081800004D282F3108803B0BDE8F0834FF0FF38CB
:108190004FF0FF39C3E90289D3E900101D604FF4A5
:1081A0008033C4F84833C4F84051D4F8403182F3E6
:1081B00010880029E7D0009032463B462846884781
:1081C000E1E700BF00100140346000202C60002077
:1081D000F827002030B5431C124C85B005D08442EE
:1081E000A8BF0446012CB8BF0124FFF78FFE0E4B39
:1081F0000C4DD3E90013401AB0F5000F10D222182D
:10820000AA4228BF2A4652184FF0000007490091A1
:10821000CDE9010043F10003FFF79AFE05B030BD40
:108220002A46F0E7FFFF7F0008280020697E020051
:1082300008B5FFF76BFE024B1B68C01A08BD00BFF4
:108240000828002037B503460D461C690B7B4068A3
:10825000022B24D10B68FBB994F824204B68C2B9D7
:10826000124A591E914217D823620DF1070102F0FC
:1082700085FE0F4B984215D0AB689DF807000BB1F7
:1082800044F8203094F82430013384F8243003B0CB
:1082900030BD226A9A42E8D06FF01500F7E76FF020
:1082A0008500F4E76FF00B00F1E700BFFEFFCF079A
:1082B0000200AD0B1FB502694468002301930393CC
:1082C000136A0293CA075CBF012301938B0758BF4F
:1082D000019B01A958BF43F00803204658BF0193F2
:1082E00002F026FE054B984205D1204602F03AFEE8
:1082F000002004B010BD6FF00F00FAE70000AD0BD6
:1083000010B50022446801211020F5F757F9002329
:108310001946054A204602F0F1FD044B984214BF6D
:108320006FF00F00002010BD318302000000AD0B84
:108330002DE9F0410B4E0C4F0C464FF001080CB9E3
:10834000BDE8F08194FAA4F5B5FA85F556F8253024
:1083500013B129463846984708FA05F524EA05047A
:10836000EDE700BF38600020C0A9030002460B46BD
:10837000014803F063B900BF940A0020014803F0EC
:10838000D5B900BF940A002030B5324887B0F7F75E
:1083900059F83148D9F7AEFAD9F782FB18B16FF026
:1083A000850007B030BDD9F78FFB0028F7D1D9F78A
:1083B0009FFB0028F3D1D9F7A9FB0028EFD1D9F70B
:1083C000B3FB04460028EAD1012503AA02218DF857
:1083D0000C50D9F7D1FA0028E3DB082303AA0721C0
:1083E0002046ADF80C30D9F7C7FA0028D9DB1B4B73
:1083F000039303AA03212046D9F7BEFA0028D0DB55
:1084000003AA042120468DF80C50D9F7B5FA0028AC
:10841000C7DB1F2303AA06212046ADF80C30D9F78D
:10842000ABFA0028BDDB40F6D933984210DD0C4A88
:10843000009029460B480DF0B7FA002383F311880A
:10844000BFF36F8F0423184602DF6FF00B00A8E71D
:108450000020A6E7F0D3030091840200FBFB030297
:10846000E72F0400E8AC03000149024811F01DBDEC
:1084700060600020B034002010B403460A46034870
:1084800081680C681946234610BC1847ACA9030044
:1084900098B500AF6C468AB06A460D4BD161C2E90F
:1084A00005304FF4007313840A4B42F8103F0A481A
:1084B00000234FF41151F3F72DFD0023A54683F35C
:1084C0001188BFF36F8F0323184602DFBD4698BDA6
:1084D0000930040004000001E8AC030090B589B045
:1084E0003149324800AF11F0B5FC00F04BFD07F107
:1084F0000C00D9F7C3FA6C4688B06A462C4B53611E
:108500002C4B93614FF4007393832B4B42F8103F35
:108510002A492B4807F10C03F3F7FCFCA546294830
:1085200011F086FA50B9284A254801210DF029FAA0
:108530006FF0120420462437BD4690BD234B7B606C
:10854000381DD9F7FFFA034638B1214A1C480121EA
:108550000DF020FA6FF01504ECE74FF0FF304FF00C
:10856000FF31FFF703FF04460028E3D119491A48F9
:10857000D9F748FA044610B1FFF700FFDAE741F6F1
:108580004C5307F10800BB60E5F764FA20B1FFF730
:10859000F5FE6FF08504CDE7012338463B70E5F723
:1085A00051FA0028E8D0F2E711950300606000203E
:1085B000C21504002E30040003000001C01C40015D
:1085C000E8AC0300ACA90300553004007984020034
:1085D00075300400182800206984020073B54FF03C
:1085E000FF304FF0FF31FFF7C1FE002861D1324D5F
:1085F0000DF10701284600F0A9FB0446FFF7BEFE77
:10860000002C56D19DF80730042B2CD128783E2819
:1086100015D0FF281AD04FF0FF324FF0FF3321461C
:10862000F5F7C0FC0646A0B924B9244A2448012124
:108630000DF0A7F902B0BDE87040FFF715BFAB78A9
:10864000022BE8D1002200230124E8E7AB78802B3D
:10865000F7E76A78184902320C300FF022FF3046F3
:10866000F6F7C2FEE6E7022B0AD14FF0FF324FF0D9
:10867000FF330320F5F786FC044658B9114AD5E7C5
:10868000082B10D14FF0FF324FF0FF330520F5F7E4
:1086900079FC04466A882946043204F10C000FF084
:1086A00000FF2046DCE7084A054801210DF072F979
:1086B000C0E702B070BD00BF442F01209930040014
:1086C000E8AC0300B3300400CC300400F7B5774DBC
:1086D0002B780446002B40F0328304238DF80730BA
:1086E000734B06881F68B7B10DF106030DF1070241
:1086F000691CB84701280ED09DF80630002B40F0C9
:1087000094829DF80730AB700E2201236A70EB70E3
:10871000AE80A87192E2B6F5105F4FEA96230BD2B5
:10872000002B00F0ED82013B072B08D8DFE803F0B7
:1087300009073476070707C63F2B00F01682012091
:1087400073E2204640F2064230F9033B93420ED0DA
:1087500040F21D42934213D0012040F206439E4254
:1087600000F0638240F21D439E422BD15DE2E5F7AB
:10877000DBF942F226039E4204D942F23203F3E7C8
:10878000E5F7D4F942F20C039E42E6D9A6F5005370
:108790000D3B484A9BB2BAE2204640F6634230F9AC
:1087A000033B93422ED010DC40F6034293421DD08F
:1087B00040F62D4293421CD040F601429342BED176
:1087C000E5F756F801289CD1B9E740F67B42934281
:1087D0001BD040F67C429342B1D19DF80730364918
:1087E00002338DF80730E5F751F8EBE7D9F780FA57
:1087F000E8E79DF80730304903338DF80730E5F797
:108800003CF8DFE7E5F73BF8DCE79DF807302A495D
:1088100004338DF80730E5F737F8D3E72388A3F55D
:108820008053013B082B8AD801A252F823F000BFE5
:1088300055880200678802007B8802003F8702009B
:108840003F8702003F8702003F8702003F87020008
:108850009B8802009DF80730174808338DF80730D1
:10886000E5F713F9AEE79DF80730134840338DF86C
:10887000073010F04FFE002043E79DF80730083323
:108880008DF807300C4B00221A605A60EB7A23F007
:10889000600343F06003EB72EDE79DF80730064894
:1088A00006338DF80730E5F7F2F88BE749370120FA
:1088B000706000204112000350370120204642F230
:1088C0005E0130F8033B1AB28A4267DCB2F5005F02
:1088D00068DDA3F50053013B5D2B63D8DFE813F09F
:1088E000640071007A006200840087008A009300AF
:1088F0009600990062006200620062009F00A8007A
:10890000AB00AE0062006200B100BA00BD00C6005C
:108910006200CF00D800E1006200620062006200E5
:108920006200EB00F400FD000001030109010C01ED
:108930000F011201620062001B011E0121012A01C8
:108940003301360162006200620062006200620070
:108950006200620062006200620062006200620007
:1089600062006200620062006200620062006200F7
:10897000620062003901620062004201620062002E
:1089800062006200620062006200620062006200D7
:1089900062006200620062006200060142F27C0333
:1089A0009A4239D0012001E0E5F773F842F244031E
:1089B0009E4200F2B38142F242039E427FF6D9AE5C
:1089C00033E19DF80730AF4803338DF80730E5F702
:1089D00065F8EBE79DF80730AA4808338DF80730B3
:1089E00010F0D5FD0020E1E7E5F75AF8DEE7E5F7FE
:1089F00059F8DBE79DF80730A24801338DF80730BE
:108A0000E5F752F8D2E7E5F751F8CFE7E5F750F888
:108A1000CCE7E5F74FF8C9E7E5F784F8C6E79DF836
:108A20000730984801338DF80730E5F745F8BDE782
:108A3000E5F744F8BAE7E5F743F8B7E7E5F742F8B2
:108A4000B4E79DF807308F4907338DF80730E5F715
:108A50003BF8ABE7E5F73AF8A8E79DF80730894916
:108A600010338DF80730E5F733F89FE79DF80730AE
:108A7000844808338DF80730E5F72CF896E79DF821
:108A80000730804902338DF80730E5F725F88DE788
:108A90009DF807307B4902338DF80730E5F720F861
:108AA00084E79DF8073008338DF807308F23EB718A
:108AB000C023EB7296E79DF80730724902338DF8B8
:108AC0000730E5F711F871E79DF807306D4804337A
:108AD0008DF80730E5F70AF868E7E5F709F865E784
:108AE00000F080FA62E710F072FD5FE710F072FDAF
:108AF0005CE7E4F7FFFF59E7E4F7FEFF56E7E4F72A
:108B0000FDFF53E79DF807305E4801338DF80730CD
:108B1000E4F7F6FF4AE7E4F7F5FF47E7E4F7F4FF89
:108B200044E79DF80730574808338DF80730E4F7DD
:108B3000EDFF3BE79DF80730524904338DF80730CD
:108B4000E4F7E6FF32E7E4F7E5FF2FE7E4F7E4FFB9
:108B50002CE79DF807304B4802338DF80730E4F7D7
:108B6000DDFF23E7E4F7DCFF20E720464FF60B426A
:108B700030F8033B934211D8B3F57C4F7FF6DFAD5D
:108B8000A3F57C43013B0A2B00F2C780DFE803F02A
:108B90002431C5C5C56DC5C55B64700003F5407261
:108BA00092B21D2A26F008023FF6C9ADA3F57D4317
:108BB0001D2B00F2C280DFE803F0677F8285888B7F
:108BC000C0C0C08EC0C091C0C0C0C0C0C0C094C032
:108BD0009DC0C0C0C0C0C0A09DF8073029480C335C
:108BE0008DF80730E4F754FE26F008034FF60252E2
:108BF000A1E09DF8073040338DF80730214B00226B
:108C00001A80EB7923F0230343F02303EB712B7AD3
:108C100023F0070343F007032B724FF6025226F0AE
:108C2000080393427FF427AE00200F236B700423C8
:108C3000AB700123E8702B71A5F8056001232B7040
:108C4000002003B0F0BD9DF807300E4817338DF8B3
:108C50000730E4F73AFEC7E79DF8073009482033AC
:108C60008DF80730E4F783FEBEE7E4F72CFEBBE7A0
:108C70009DF80730034801338DF80730E4F7C8FE4C
:108C8000B2E700BF503701209DF8073040338DF820
:108C900007302C4B00211960EB7923F03F0343F0A0
:108CA0003F03EB716B7A23F00A0343F00A036B7204
:108CB0004FF602539A42B5E7E4F7C0FE94E7E4F7B3
:108CC000BFFE91E7E4F7BEFE8EE7E4F7BDFE8BE75B
:108CD000E4F7C0FE88E7E4F7BFFE85E7E4F7C0FEEF
:108CE00082E79DF80730174904338DF80730E4F721
:108CF000B9FE79E7E4F7C5FE76E7E4F7C4FE73E76B
:108D000001205FE5A6F50153283B0F4A9BB222FAEA
:108D100003F3DB077FF556AD87E7012042F28503B9
:108D20009E423FF661AF42F267039E42EAD826F0C8
:108D3000020342F26402934217E5012054E74FF028
:108D4000FF307EE7503701202F80002038B5094CD6
:108D500023780D461BB9BDE83840E4F779BDA27809
:108D6000611C023211F089FC0020042320702B705A
:108D700038BD00BF4937012070B505460E46084C86
:108D8000204610F055FE38B1A368B2B229462046FD
:108D90001B68BDE8704018476FF0120070BD00BF3F
:108DA000ACA903001E4B1F4903F12002002808BF95
:108DB000194670B5104603F087FE034650B31A4AB1
:108DC0001A4801210CF0E6FD12244FF0FF324FF05B
:108DD000FF330120F5F7D6F800F10C060221054615
:108DE00030460FF058FB3E230370222343700121CD
:108DF00030460FF050FB09230370212130460FF05D
:108E00004AFB00F8014B3CB12022FF2111F05DFC30
:108E1000284670BD0446D8E7054910F0CEFBF7E7B9
:108E200091370120793104003B310400E0AC0300AC
:108E3000B1370120F8B53D4CBFF35B8F2368BFF31A
:108E40005B8F022B274659D0042B5CD0012B5CD1C1
:108E5000374C384E20212046FFF78EFF002842D1A4
:108E600020223146204611F038FC0028F2D032484A
:108E7000214603F015FE05460028EBD14FF0FF32E6
:108E80004FF0FF330120F5F77DF800F10C060221C9
:108E9000044630460FF0FFFA3E230370422343702E
:108EA000012130460FF0F7FA0823037041213046C4
:108EB0000FF0F1FA064600F8015BB5B1402200213F
:108EC00011F003FCBFF35B8F002357E8002F47E846
:108ED00000310029F9D1BFF35B8F34B32046BDE8E0
:108EE000F840F6F781BA1F25C8E7134910F065FB73
:108EF000203106F1210010F060FBE3E70020FFF7CE
:108F000051FF0446DEE70120F9E70C4A0C48022134
:108F10000CF037FDBFF35B8F002354E8002F44E8CB
:108F200000310029F9D1BFF35B8FF8BD84600020C8
:108F30009137012079310400B13701205C31040000
:108F4000E0AC030010B586B01022002101A811F09A
:108F5000BCFB0B4C059401238DF811304FF0FF3210
:108F60004FF0FF33012101A803F0FCFC204611F073
:108F700067FB049B6FF394330493FFF75BFFEDE70C
:108F80007460002010B588B00E4811F054FB0E4CF0
:108F90000E4900220023CDE9062300230A22CDE951
:108FA0000323CDE9013300934FF47072084B204640
:108FB00002F040FF0749204608B0BDE8104002F02B
:108FC000B3BE00BF74600020F833002000EA012027
:108FD000458F02006C3104000148F4F73DBA00BF30
:108FE000F833002008B50B4BBFF35B8F012253E829
:108FF000001F002903D143E800200028F7D1BFF368
:109000005B8F05D10448002103F004FD002008BD5A
:109010000C20FCE7846000207460002010B500295B
:10902000114BBFF35B8F04460CBF0222042253E8AE
:10903000001F002903D143E800200028F7D1BFF327
:109040005B8F0ED12146094810F0B7FA084804F1A9
:10905000200110F0B2FA0748002103F0DBFC0020E9
:1090600010BD0C20FCE700BF84600020B137012058
:10907000D13701207460002013B54FF4FA73ADF8B6
:10908000043000238DF806304FF48053ADF80030E3
:10909000104A0223192168468DF80230E3F7F2FAEC
:1090A0000446A0B90C480121E7F7C2FE044670B996
:1090B000014601220820F4F781FA012221460B2003
:1090C000F4F77CFA012221461046F4F777FA20469D
:1090D00002B010BDED9002008860002001490248F6
:1090E00010F0E3BEB8600020B034002098B500AFA7
:1090F0006C468AB06A460D4BD161C2E905304FF427
:10910000007313840A4B42F8103F0A4800234FF4BF
:109110001151F2F7FFFE0023A54683F31188BFF338
:109120006F8F0323184602DFBD4698BDA5310400AA
:109130000400000168AD030037B5114D114900244A
:1091400000946FF009034FF48062284602F04AFD54
:109150000D49284602F0E8FD0C490D4810F07AFE52
:10916000224604211920F4F729FA0A494FF4003263
:109170000023284602F074FD204603B030BD00BF36
:10918000B034002000EE0120B9310400FF95030047
:10919000B8600020C004002010B5E0F761F9BDE818
:1091A0001040034903484FF40032002302F058BD39
:1091B000C0040020B0340020014B00201B68184779
:1091C000C860002020B1012806D10448E0F7E0B8CB
:1091D000034B01201B681847704700BFB99102007C
:1091E000C8600020014B186001487047C86000202B
:1091F0000000AD0B10B51D48BFF35B8F0368BFF3D4
:109200005B8F23B9062904D8042923D839B100205B
:1092100010BD0729FBD1403802F0F6FAF7E750F805
:10922000203CA0F14004D3E900209047012805D05C
:109230000223E06384F834300D48E9E747F2305305
:109240002363032384F8343004F1240384F82900D1
:10925000A363F1E700F8173C064B40F8103CA0F17F
:109260001C014038007EE7F724FED0E70C610020A7
:1092700000610020FF3F420F02480122002110F050
:1092800066BD00BFCC600020014BD861704700BFB5
:10929000CC60002038B54FF0FF3105464FF0FF306D
:1092A000FFF764F834493548DFF77AFE0446FFF7E4
:1092B00065F8002C08DA3248324A234601210CF0C6
:1092C00069FB6FF00B0038BD2F4C40F20113238572
:1092D000E36925626433E36247F23053236300227B
:1092E0006FF0730384F82420E36304F14005BFF3B7
:1092F0005B8F55E8003F45E800210029F9D1BFF315
:109300005B8F4FF0FF314FF0FF30FFF72FF804F184
:109310002401207EE7F7CDFDFFF730F81B4A00233C
:10932000204602F097FA00280FDA194A1448012162
:109330000CF027FBBFF35B8F012355E8002F45E8B6
:1093400000310029F9D1BFF35B8F4FF0FF314FF0AF
:10935000FF30FFF70BF8207EE7F78DFDFFF70EF8E3
:10936000BFF35B8F236CBFF35B8F13B1064802F032
:1093700097FAE06BA7E700BFE4600020F5910200D8
:1093800028AD0300CD310400CC600020447B0B00ED
:10939000541E0400074B01221A64D3F84035B3FB76
:1093A000F0F01844044BDB69984234BF00200120E0
:1093B000704700BF00800040CC60002010B50C2931
:1093C000036912D118680A4C80EAE073A3EBE073DA
:1093D000990803F00303002804FB03F3BCBF4942D0
:1093E0005B42C2E90013002010BD6FF08500FBE76F
:1093F00090D003004FF08053D3F83021082A06D1D3
:10940000D3F83431052B02D8024AD05C70470020D3
:10941000704700BF26320400024AD2F80034002B05
:10942000FBD0704700E0014010B54FF08053D3F8F7
:109430003021082A4ED14FF080420021C2F80C1191
:10944000C2F81011C2F8381502F54042D3F80414DE
:10945000C2F82015D3F80814C2F82415D3F80C1458
:10946000C2F82815D3F81014C2F82C15D3F8141428
:10947000C2F83015D3F81814C2F83415D3F81C14F8
:10948000C2F84015D3F82014C2F84415D3F82414B8
:10949000C2F84815D3F82814C2F84C15D3F82C1488
:1094A000C2F85015D3F83014C2F85415D3F8341458
:1094B000C2F86015D3F83814C2F86415D3F83C1418
:1094C000C2F86815D3F84014C2F86C15D3F84434C8
:1094D000C2F87035FFF78EFF18B13A4B3A4AC3F81D
:1094E0008C26FFF787FF18B1384BFB22C3F81825ED
:1094F000FFF780FF70B14FF080414FF08053D1F8FB
:10950000E42ED3F8583222F00F0203F00F03134376
:10951000C1F8E43EFFF76EFF20B12D4B4FF400720F
:10952000C3F840264FF08053D3F83031082B1AD1BE
:109530004FF08043D3F80024D20744BF6FF00102FC
:10954000C3F800244FF08053D3F83431052B02D8F0
:10955000204AD35C3BB14FF01023D3F808224FF0E0
:109560008043C3F858254FF01023D3F80022002A77
:1095700003DBD3F80432002B22DA174901234FF022
:109580001020C1F804351224FFF746FFC0F800424E
:10959000FFF742FFC0F80442FFF73EFF0023C1F887
:1095A0000435FFF739FFBFF34F8F0C490C4BCA68E6
:1095B00002F4E0621343CB60BFF34F8F00BFFDE7BF
:1095C00010BD00BF005000404881030000F0004083
:1095D000009002402032040000E0014000ED00E075
:1095E0000400FA0530B50468CCB1BFF35B8FB4FA60
:1095F00084F3C3F11F03DBB201229A4024EA020282
:1096000050E8005FA54204D140E8002CBCF1000FF7
:10961000F6D1BFF35B8FE6D102480B7030BD024834
:10962000FCE700BF0000AD0B0200AD0B10B50368F6
:10963000CB40DB0714D401238B400268BFF35B8F60
:1096400043EA020150E8004F944204D140E8001C74
:10965000BCF1000FF6D1BFF35B8FEED1014810BD16
:109660000148FCE70000AD0B0400AD0B036803F0FC
:109670001F025B09026004D0012B034818BF0020C1
:1096800070474FF0A040704700030050034A430961
:1096900000F01F00D35C1844C0B270472C320400A5
:1096A00070B50546FFF7F2FF0C4C08300E4634F853
:1096B0001030DA0508D5C3F3432304EBC302284670
:1096C00054F8333052689847A3682BB1E2683146AA
:1096D0002846BDE87040184770BD00BF080800204C
:1096E00008B5FFF7D3FF034B083033F81000400BE9
:1096F00008BD00BF0808002008B5FFF7C7FF034BEF
:10970000083033F81000C0F3400008BD08080020FE
:1097100008B5FFF7BBFF034B083033F81000C0F368
:10972000401008BD08080020034611F0010010B5E4
:10973000CCB20DD1A207C4F3400012D5094AD2F829
:1097400020055860C2F82005003818BF012008E045
:109750004FF0A041D1F820251A60C1F82025002A39
:10976000E8D010BD0003005010B5FFF78FFF124A7C
:10977000083032F81030D9051CD5C3F3432123F447
:10978000F85322F8103002F10E04002034F8023FA2
:1097900013F4807F03D0C3F3432399420AD00130EE
:1097A0003028F3D1002342F831300448BDE810409E
:1097B000FFF73CBF10BD00BF080800208008002054
:1097C000F0B5054600200446012607468C420BD121
:1097D000114BD3F87C2132B10022C3F87C21D3F89D
:1097E0007C3140F00040F0BDE3B29B0003F5807295
:1097F0009B0806FA03F31D420BD002F1804202F5EA
:10980000C042D2F800C0BCF1000F02D0176012684D
:1098100018430134DAE700BF00600040F7B50646A0
:109820000846FFF733FF194F00F108050C4637F8DB
:109830001530DB0727D530460FF0A7FF2046FFF78E
:1098400067FF40B12046FFF74BFF316800F5A2707B
:10985000002341F820302046FFF786FF002301A8AF
:1098600027F815300194FFF701FF019B00EB8300FF
:10987000074BD0F80027134043F00203C0F800372D
:10988000044803B0F0BD0448FBE700BF080800200F
:10989000F0F8FCFF0000AD0B0400AD0B2DE9FF411B
:1098A000164680460846FFF7F1FE0D46316804462D
:1098B00009B32846FFF720FF18B12846FFF728FF15
:1098C00010BB0023CDE900338DF80E308DF80F303A
:1098D0000DF10F020B4628460DF10E010FF0ECFEC4
:1098E000474A04F1080132F8113023F0020343F033
:1098F000010322F81130736863B328461F78596852
:10990000FFF7FAFE10B1D1B13E4826E03C4A04F11F
:10991000080032F8103023F02003DB04DB0C22F8BF
:10992000103061B1032FEFD87168496891F800C019
:10993000D8F80010A7B90CF5A27C41F82C70304A79
:1099400004F1080132F8113023F01C0343EA8703C5
:1099500022F81130B3684BBB2B4804B0BDE8F0814E
:1099600001EB8C0143EA4C33D1F810E52EF0030EE5
:10997000C1F810E5D8F8001001EB8C0E43F020037D
:10998000DEF8101522F8103021F44F3121F4407127
:10999000CEF810152902DEF8108501F47C5141EA59
:1099A000074141EA0801CEF81015C8E7D3E900677E
:1099B0002846FFF7D9FE002ECED0114DD5E9002361
:1099C000964203D19F4201D1002209E00F480DF1D8
:1099D0000F01FFF707FE0C4B9842BED19DF80F20F8
:1099E00045F8326005EBC20308345F6035F8143087
:1099F00043EA422343F4807325F81430ACE700BFF8
:109A0000080800200400AD0B0000AD0B800800200A
:109A10002DE9F0430C4685B08046204611461E468F
:109A2000FFF734FE054629B32046FFF765FE18B957
:109A30002046FFF76DFE18BB314F05F1080937F8D6
:109A4000193013F01C0F02D04B78012B18D00123D2
:109A50008DF80F300023CDE900134A1C8B1C2046E3
:109A60000DF10F010FF028FE37F8193043F0030312
:109A700027F81930002E41D02046FFF73DFE18B9D7
:109A8000204805B0BDE8F08396F800C0D8F8003053
:109A90001B4F0CF5A272002143F8221005F10802B9
:109AA00037F8121021F02001C904C90C27F8121050
:109AB00075781DB3D8F80000B67800EB8C002D0443
:109AC000D0F8103523F4991323F4F853C0F8103567
:109AD000230203F47C5305F440353605D0F810E535
:109AE0002B4306F4801641EA4C31334341F0200108
:109AF00043EA0E0327F81210C0F810350248C0E7F9
:109B0000080800200400AD0B0000AD0B014BC3E9B9
:109B1000021270470808002010B508461446FFF7E7
:109B2000F7FD50B10846FFF7B1FD054B083033F89B
:109B3000103004485B0B237010BD0348FCE700BFE6
:109B4000080800200000AD0B0400AD0B70B5164DE9
:109B500095F8804006462CBB2146602205F1100096
:109B600010F0B3FD30682E6F21468E420ED10023D7
:109B7000C0F87C31D0F87C3140F30730F3F7EEFCCD
:109B800001230A4885F88030AB6770BDCBB29B00DB
:109B900003F580727C2B08BF845001F1010108BFDE
:109BA0008358E2E70248F0E7080800200000AD0B08
:109BB0000C00AD0B034B93F88000003818BF012058
:109BC000704700BF080800200148FFF72FBD00BF05
:109BD0007C0800200148FFF705BD00BF7C0800207D
:109BE00073B503681646D3F80423002AA8BF4FF0C4
:109BF00000420546A8BFC3F8042308460C46FFF7F9
:109C000087FD00B30846FFF777FD0146D8B9204627
:109C1000FFF766FD04B2A40004F5807203462868CD
:109C20008150296882582144D1F8102542F0010260
:109C3000C1F810252EB12968012202FA03F3C1F8F8
:109C4000043302B070BD2046FFF720FD0F4B0830F3
:109C500033F81030C3F38203042B12D0052B12D03B
:109C600001A80194FFF702FD019AD0F81035D34006
:109C700003F00103991C204602B0BDE870400FF0CC
:109C800064BD0321F7E70221F5E700BF08080020C3
:109C90002DE9F04F694BDFF8A881D3F80403D8F819
:109CA0007010C0B289B040F00040FFF789FD051E7A
:109CB0002FDAC24600235AF87C1F06A8CDE90633E6
:109CC000FFF732FD5F4B01930DF118094FF0000BC8
:109CD000019A12F8013B0192DA0803F007031AF81F
:109CE000022022FA03F3DA071CD409F10409BBF1BC
:109CF000000F14D0D8F870104FF00040FFF760FD4F
:109D0000D8F87C1006A8FFF70FFD0028DAD125F05F
:109D100000450124002D79D109B0BDE8F08F4FF046
:109D2000010BD5E7484B5B440293D9F8001000299A
:109D3000DBD0029B91FAA1F11C78B1FA81F141EAE2
:109D400044142046FFF7A2FC0830059438F8107040
:109D5000C808BB0819F80020039301F0070101238C
:109D600003FA01F122EA010209F8002005A8FFF731
:109D70007DFC059A039B02F5E072C7F3820650F85A
:109D800022205B073746C2F3014224D520463946DC
:109D9000D6B2FFF785FC05A80594FFF767FC059B85
:109DA00003F5E07350F82330C3F301439E4207D11B
:109DB000002120460FF0C9FC314620460FF0C5FCBB
:109DC00005A80594FFF752FC059B012202FA03F354
:109DD000C0F82035A9E7022A0CD1032120460FF054
:109DE000B4FC06F00503012BEAD139462046FFF703
:109DF00057FCE5E70221204603920FF0A6FC032E54
:109E0000F3D0039A032ADBD1022EEDE795FAA5F3EE
:109E1000B3FA83F304FA03F29B0003F1804303F5E2
:109E2000C04325EA0205D3F81005D3F81015C0F396
:109E30000520C1F30141FFF733FC6BE700600040F0
:109E4000080800203C3204003C320400044AD2F8E6
:109E50000034DB07FBD50160BFF35F8F704700BFA5
:109E600000E001404FF080531A69B0FBF2F302FBAF
:109E7000130373B9084B0222C3F80425C3F808057D
:109E8000D3F80024D207FBD500220448C3F80425E8
:109E900070470348704700BF00E001400000AD0B71
:109EA0000A00AD0B10B5054C0123C4F80435FFF7CB
:109EB000CDFF0023C4F8043510BD00BF00E0014011
:109EC000036803F01F025B09026004D0012B034802
:109ED00018BF002070474FF0A040704700030050AB
:109EE000F7B5037D014633BB4368019301A8FFF733
:109EF000E7FF019A2D4C01239340C0F80C354B68C5
:109F0000019301A8FFF7DCFF019B00EB8300D0F871
:109F10000037234043F00303C0F800378B680193F8
:109F200001A8FFF7CDFF019B00EB8300D0F80037BD
:109F30002340C0F800374B7D33B9D1E901021C4BF7
:109F4000C3F84005C3F844254B780A784E7D184C79
:109F5000D1F80CE091F810C04F7C5B0003F00203D5
:109F600002F00102D1E901501343C97CC4F8201565
:109F7000C4F804E5C4F80835C4F818C5C4F81C755D
:109F80001EB9C4F84055C4F844050023C4F8003194
:109F9000D4F80021C4F804311D20D4F80431F3F7BB
:109FA000DDFA0323C4F8043303B0F0BDF0F8FCFF7E
:109FB00000D0014010B50D4C227C9AB9C4E90122B1
:109FC00062822160627448B1027D6275027C502A0F
:109FD0000AD8437C502B07D8FFF782FF012304489F
:109FE000237410BD0348FCE70348FAE7146100201E
:109FF0000000AD0B0C00AD0B0400AD0B094B5A7CFF
:10A0000022B15B7C012B0AD00748704702225A74A8
:10A0100001221A75054B4FF00052C3F80021044885
:10A02000704700BF146100200B00AD0B00E100E0A1
:10A030000000AD0B70B51D4C237C06460D4673B376
:10A04000637C032B2DD070B30B042CD41D20F3F7AD
:10A0500093FA627CA37C022A1ABFDB4303F001035C
:10A06000002304EB83025168B9B904EB4303566043
:10A070009D810F4BC3F86065C3F86455227C022AAA
:10A0800005D0022222740122C3F800251A60094C6F
:10A090001D20F3F763FA204670BD074CF8E7074C24
:10A0A000F9E7054CF7E7064CF5E700BF146100201F
:10A0B00000D001400000AD0B0B00AD0B0500AD0B57
:10A0C0000400AD0B0C4B597C0129CAB20BD05A7C51
:10A0D00012B15A7C022A0CD108490022C1F800258D
:10A0E0005A7407487047032159741A74034B5A6015
:10A0F000F7E70448704700BF1461002000D001401A
:10A100000000AD0B0B00AD0B1FB5404B404CD3F81E
:10A110000021002A44D00022C3F80021D3F8001106
:10A12000D3F8041119B1C3F80421D3F80431A37C86
:10A13000DA4302F0010204EB8201496811B9617C43
:10A14000022952D1607C022818BF04EB83034FF030
:10A1500000010BBF01235868637459604FF001037D
:10A160008DF80C10E1740EBF02910290A2748DF86C
:10A170000430236801A89847637C022B01D1012396
:10A180006374237D53B101238DF8043000230293BF
:10A190008DF80C30237501A82368984704B010BDD2
:10A1A000D3F804110029ECD0C3F80421D3F804112A
:10A1B000C3F80025A37C627404EB83038DF80C20A4
:10A1C00059688DF80420D9B9A37CDB4303F001035F
:10A1D00004EB83035A682AB1029200225A6001A854
:10A1E000236898470023A374CBE7E37C002BC3D1FB
:10A1F0008DF80430029301238DF80C30E374B8E736
:10A200005A600291236801A89847DDE700D0014019
:10A2100014610020036803F01F025B09026004D090
:10A22000012B034818BF002070474FF0A040704733
:10A23000000300500F4B984219D00DD80E4B984296
:10A2400015D007D80D4B984211D00D4BC31A584268
:10A25000584170470B4BF9E70B4B984207D004D895
:10A260000A4B984203D00A4BF0E70A4BEEE7012075
:10A27000704700BF80841E0020A1070048E801004D
:10A2800090D0030040420F000024F40000093D007C
:10A2900000127A000048E80173B51646421C1C46BD
:10A2A0000546069B18D0012902D1BBB10FF0F9FA7F
:10A2B00001A80195FFF7AEFF019B00EB830024028C
:10A2C000D0F80027074B44EA86040C4313401C4394
:10A2D00044EA4101C0F8001702B070BD0FF0EEFA79
:10A2E000E6E700BFF0F8FCFF2DE9F04F814B4D6928
:10A2F00090F804909D4285B006460C4600F0C78059
:10A3000000F2B7807C4B9D4200F0C48000F2A9802F
:10A310007A4B9D4200F0C180794B9D420CBF4FF0BB
:10A3200080654FF08045774F94F82300242202FB8C
:10A330000973997F60F3000199773379217C02FBDF
:10A3400003739A7F61F341029A7794F82380B8F1FE
:10A35000000F34D162696C4B9A420CBF4FF0030A74
:10A360004FF0000A237E012B94BF002301230093AA
:10A370002068534642460121FFF78EFFCDF800804A
:10A380006068534642460121FFF786FFCDF8008002
:10A39000A27EA06853464146FFF77EFF237C83F0F0
:10A3A00001030093E068534642460121FFF774FF22
:10A3B00001210091E06953464246FFF76DFF94F892
:10A3C00021202423002A71D003FB09734FF0FF32B0
:10A3D0001A62D4E900BAE369D4F80890A07C217E1F
:10A3E00094F81980D4F80CE0227C94F822C00293EF
:10A3F00094F8203094F824400393336874B9029C95
:10A40000C3F808B5C3F80CA5C3F81095C3F86C459C
:10A41000C3F814E5C3F86825C3F864C5B8F10002B1
:10A4200018BF01220229C3F8C005C3F8245558D02B
:10A43000032959D0012901D142F00202C3F8542561
:10A44000039AC3F86025337924225343FB58002B29
:10A450004DD0306840F3073005B0BDE8F04FF3F75A
:10A460007DB82A4B9D420CBF4FF080554FF0804580
:10A4700059E7274B9D4213D0234B9D4213D0254BC8
:10A480009D420CBF4FF000454FF080454BE74FF029
:10A49000005548E74FF0006545E74FF0007542E78B
:10A4A0004FF020653FE74FF0A0553CE703FB0979EB
:10A4B000E168C9F82010217C99F81E3061F341034E
:10A4C00089F81E30E369D4F80890A07C217E94F8C6
:10A4D00019800293D4E900BA4FF0FF3E4FF0020C0E
:10A4E00086E742F00402A9E742F00602A6E705B0BB
:10A4F000BDE8F08F80841E0020A1070048E801001D
:10A5000090D00300306100200048E80140420F0075
:10A510000024F40000127A00431C07B50ED001900D
:10A5200001A8FFF777FE019B00EB8300054BD0F8F5
:10A530000027134043F00203C0F8003703B05DF872
:10A5400004FB00BFF0F8FCFF2DE9F8430746144C6C
:10A5500097F80480242505FB08F504EB05091E4641
:10A5600099F81C30C3B999B14869FFF763FEA8B1E7
:10A5700038466251C9F80460FFF7B6FE242303FB96
:10A58000084400236377074801232377BDE8F88355
:10A590006251C9F80460F1E70348F7E70348F5E7BB
:10A5A000306100200000AD0B0C00AD0B0400AD0BC2
:10A5B0002DE9F041044606790068214D40F307304B
:10A5C000F2F7DAFF24237343EB5853B123681D4A93
:10A5D000C3F8082306EBC601206805EB81010FF0E4
:10A5E0007AF92421236801FB0651D3F80805D3F832
:10A5F0000C75D3F810858B7FDB0714D4FFF78CFF25
:10A600004046FFF789FF3846FFF786FF086AFFF7E5
:10A6100083FF2368D3F86C05D3F81415FFF77CFF8C
:10A620000846FFF779FF2368074A934204BF0122D7
:10A630005A60242303FB065500232B77BDE8F081E5
:10A64000306100205201080000F002402DE9F04383
:10A650000779DFF8AC8124237B43164608EB03021D
:10A660000D46517F85B08146002940F0C68058F8DC
:10A67000033023B116F0140F04BF0123537795E87C
:10A680000F00242404FB078404F10C0C8CE80F0059
:10A69000206A431C04D0A37F99071AD50FF001F953
:10A6A0002968D9F8004021B101F06043B3F1005F9F
:10A6B00006D1AB6883B103F06043B3F1005F0BD008
:10A6C000242303FB078300224E485A7705B0BDE8D8
:10A6D000F0830FF0F3F8E3E74B4B9C4224D14FF0AB
:10A6E00080436A68D3F8000E484B1860E2B14848CE
:10A6F00021F4FF5323F01F0383426ED85018DFF874
:10A7000014C1C3F34F3101228A40002103F50053E5
:10A71000984241EA02014FEA420201D96345F5D36A
:10A720004FF08043C3F8001E16F0010318BF012349
:10A73000C4F8503516F0020318BF0123C4F84035A1
:10A7400095E80F00EC468CE80F00039BC4F8440525
:10A75000C4F84815C4F83425C4F838350023C4F8C3
:10A760001831D4F8183116F008054FF00703C4F873
:10A7700000350FD124237B4358F8032001232361A4
:10A7800042B9D4F81831002BFBD062464021204654
:10A790000FF049F824237B4358F803301BBB1A4BB6
:10A7A0009C4201BF194B1A684FF08043C3F8002E3A
:10A7B000242303FB0783186A421C04D09B7F9B075A
:10A7C0000ED50FF07BF835B907EBC70708EB87010B
:10A7D00020460FF080F8104878E74FF480719FE72B
:10A7E0000FF05FF8EFE716F0040F4FF0400314BFCF
:10A7F000C4F80833C4F80433EDE7084866E700BF3F
:10A80000306100200A00AD0B00F002402C610020F6
:10A81000FFFF0020002001200000AD0B0B00AD0B5E
:10A8200010B5134A134840210EF0FDFFF8B1124B4A
:10A83000124C1A684FF08043C3F8002E206A421C65
:10A8400004D0A37F9B070FD50FF038F8637F1BB1AF
:10A850000A4908480FF03FF8002323720848D4E95A
:10A860000031BDE8104018470FF01BF8EEE710BDAF
:10A870003C61002000F002402C610020306100208B
:10A880003861002030B500F01F04400911D00128C4
:10A8900012D10C4800EB84001B02D0F800570A4C80
:10A8A00043EA82022C4042EA41012143C0F80017EA
:10A8B00030BD4FF0A040EDE704F5E074002353F8FD
:10A8C0002430FFDE00030050F0F8FCFF10B4CC7B16
:10A8D0008A6803682CB9D1E90041C3F80845C3F878
:10A8E0000C15C3F82425037928225343054AD3586D
:10A8F0002BB1006810BC40F30730F2F72FBE10BC3C
:10A90000704700BF546100202DE9F04190F80480A9
:10A91000164E0746282000FB08F035180C4695F81F
:10A920002210F1B9A96032506B6085F8251085F8C6
:10A9300024106CB1A37B85F8273020460FF012F865
:10A9400088B1637B85F8263021463846FFF7BEFF85
:10A95000282303FB08660648012386F82230BDE859
:10A96000F0810448FBE70448F9E700BF5461002088
:10A970000000AD0B0C00AD0B0400AD0B03680279B9
:10A980000621C3F80015044B282101FB02330222E3
:10A9900083F82220704700BF5461002002790C4BDD
:10A9A000282101FB02330021996002680948C2F89E
:10A9B0000803D2F8000220F4BC50C2F80002C2F82A
:10A9C0000015012283F8222083F82410704700BF6D
:10A9D0005461002002029C012DE9F84FB04D90F81F
:10A9E00004900468282303FB09539046002283F84F
:10A9F00023204B680E4633B1CB6803F06043B3F1BC
:10AA0000005F40F085813378023B012B06D8336923
:10AA100003F06043B3F1005F40F07A81A14BC4F8CA
:10AA20000833282303FB095393F8241001F0FF0295
:10AA300039B19B68DFF870B2C4F804335846BDE8FA
:10AA4000F88F18F0140F0CBF0121002183F8241097
:10AA5000317883F82010717883F82110F168D9607B
:10AA60007168196131695961B1689961C8F3001160
:10AA700083F82510C3F81C807378C4F88835C4F8AF
:10AA80006021D4F86031C4F84821D4F84831C4F8C2
:10AA90002421D4F82431C4F80421D4F8043118F066
:10AAA000010318BF0123C4F8503518F0020318BF82
:10AAB0000123C4F84035337809EB890705EBC70754
:10AAC000032B00F2A380DFE803F0799862024FF4D1
:10AAD0008073C4F80032D7E90323C4F84425C4F8CE
:10AAE00048350123A3604FF4801120460EF05DFF2E
:10AAF0000028F8D1D7E90523C4F84425C4F848351F
:10AB0000282303FB09534FF480229A60DFF89CB19D
:10AB1000282202FB09F218F0080AAB5805EB0200E4
:10AB200013D13178032910D0012940F085802160AC
:10AB3000002B6ED0282202FB09F27168AA5821B9B5
:10AB4000002A00F0BB8001226261282202FB09F288
:10AB5000A918AA58002A00F0B18018F0040F1CBFF1
:10AB600000228A6018F0400F06D1282202FB095209
:10AB7000916841F002019160282202FB095291681C
:10AB800041F4007191609268C4F8042356E7D7E954
:10AB90000323C4F84425C4F84835D7E90523C4F88D
:10ABA0003425C4F838354FF48453C4F800320123F7
:10ABB0002362282303FB09530222A6E7D7E90323D4
:10ABC00018F0200FC4F84425C4F848354FF0280386
:10ABD00015BF4FF480724FF4007203FB095303FB5F
:10ABE000095315BFC4F80022C4F800224FF4802294
:10ABF00002229A600123236288E7D7E90323C4F87D
:10AC00003425C4F838354FF48053CEE7DFF8A0B0D0
:10AC10007EE7026902B961612649DFF89CA02046FF
:10AC20000EF0C3FE012210F4007F18BF626110EA2B
:10AC30000A0F2049F3D07DE70121A160002B7FF4AA
:10AC400079AF006918B31C4B1AEA030F7FF472AF97
:10AC5000184920460EF0A9FE10F4007F8246F2D07B
:10AC60004FF0807120460EF0A0FED4F8001280B1A3
:10AC700011F4007003D10122226282466261CB0589
:10AC8000E1D54FF4802120460EF08FFE04E0616193
:10AC9000D9E70122226262614FF0000AD3E700BFC8
:10ACA0005461002002029C010B00AD0B0000AD0BB3
:10ACB0000400AD0B02020400020004002821D4F8B5
:10ACC000C424C4F8C42401FB0955002185F82410CC
:10ACD0008AB11149114B12F0010F14BF8B469B46EC
:10ACE000013112F0020F18BF8B4612F0040F0C4A0C
:10ACF00018BF9346A2E618F0400F7FF49FAE394686
:10AD000020460EF0FEFD054A002808BF934695E652
:10AD1000DFF810B092E600BF0000AE0B0100AD0BF3
:10AD20000200AE0B0A00AD0B70B55C4D5C4C86B0FA
:10AD3000022128460EF039FE4FF4007106462846DF
:10AD40000EF033FED8B1E6B9A368C5F80833022384
:10AD5000A360A368C5F804334FF0807128460EF055
:10AD600024FE18B1D5F800329B0503D44B4B0122C9
:10AD70001A625A61012384F8233006B070BD002E98
:10AD800057D0E5696E060AD494F823303BB944499C
:10AD900042480EF0B6FD80F0010084F8230015F063
:10ADA000040524D13D4B94F82520C3F86051D3F815
:10ADB0006011C3F85C51D3F85C1112B194F82320F0
:10ADC00052B10022C3F80022A260364AC3F8082319
:10ADD000354B0822C3F88021238CADF80430E3689A
:10ADE00004932369029363690593A36903932B4A30
:10ADF000D2F8C434C2F8C434980749D4590749D4A6
:10AE0000DA0749D494F823309B00DBB28DF8003088
:10AE100094F825300BB984F82430E3695B0703D537
:10AE200094F82330002BA8D0D4E900316846984725
:10AE3000A3E74FF4802128460EF0B7FD94F82030A8
:10AE4000A3B994F825304BB9C5F80032A360154B6F
:10AE5000C5F80833144B0822C3F8802100238DF86D
:10AE6000043094F821308DF80530B8E74FF40073C2
:10AE7000C5F8003240F20223A36003F1CE73C5F897
:10AE80000833A368C5F804330123AB602B6274E771
:10AE90000123BBE70223B9E70323B7E700300040F3
:10AEA0005461002002029C0100E100E038B5D1E9C4
:10AEB000005104464FF47A720023C803490CD6F7B8
:10AEC00029F82368C3F80C55C3F8040522790A4B06
:10AED0000C2101FB02335B6863B124680023C4F8D2
:10AEE000003144F30730D4F80031F2F737FB012387
:10AEF000C4F8043338BD00BF7C610020F8B5047984
:10AF0000084E0C277C433719C7E90123335D33B959
:10AF10000123335509B1FFF7C9FF0348F8BD0348C2
:10AF2000FCE700BF7C6100200000AD0B0C00AD0B06
:10AF300008B503790C225343064AD35C2BB1022B8C
:10AF400005D0FFF7B3FF044808BD0448FCE70448F8
:10AF5000FAE700BF7C6100200000AD0B0500AD0BDF
:10AF60000B00AD0B02680379012111600C225343E1
:10AF7000014A0221D15470477C61002030B502792A
:10AF8000EFF31184402383F31288BFF36F8F0D4BCF
:10AF90000C2505FB02335A78072A10D80A70511C79
:10AFA000597001680123D1F808059340034306480E
:10AFB000C1F8083584F31188BFF36F8F30BD0348A3
:10AFC000F8E700BF7C6100200000AD0B0200AD0B74
:10AFD0000368034A01F5C07143F82120704700BFA0
:10AFE0003546526E10B40A4BD3F80414D3F800213E
:10AFF00062B10022C3F80021D3F80031054BD3E938
:10B0000001424FF48070234610BC184710BC7047B3
:10B01000000001407C610020036803F01F025B090F
:10B02000026004D0012B034818BF002070474FF086
:10B03000A040704700030050F7B506460EF0DFFC55
:10B0400008460EF0DCFC01A80196FFF7E5FF019B26
:10B050002E4D00EB83000C46D0F80037019440F2EF
:10B060000D612B400B43C0F8003701A8FFF7D4FF58
:10B07000019B00EB83000127D0F800372B400B43E6
:10B08000C0F8003704200EF015FB092501A8019433
:10B09000FFF7C2FF019AD0F81035D340DB0715D473
:10B0A00001A80196FFF7B8FF019B07FA03F3C0F868
:10B0B0000C3504200EF0FEFA30460EF0A0FC013DE7
:10B0C00004200EF0F7FA15F0FF05DFD101A8019476
:10B0D000FFF7A2FF019A01239340C0F80C3504202A
:10B0E0000EF0E8FA20460EF08AFC04200EF0E2FA98
:10B0F00001A80194FFF790FF019AD0F81035044899
:10B10000D34003F00103C01A03B0F0BDF0F8FCFF18
:10B110000100AD0B08B5124BA822002118460FF014
:10B12000D4FA032202610F4942610F4A8161C26170
:10B130004FF480620262002282624262C262016651
:10B140000A49416610218166094902670346C266C1
:10B15000426711F8010D98540132102AF9D108BD47
:10B16000886100203E32040001380120F1370120BF
:10B17000573204002DE9F84FDFF87C80182606FBD3
:10B18000008E00FB06664644DEF82440DEF828C048
:10B190007368A44507468946154603EB040022D888
:10B1A000DEF820B0ABEB040A0AF1FF339A4203D871
:10B1B0000FF063FA2C440FE063449A4219D85246C8
:10B1C0002C440FF05AFAB4EB0B0405D070682246F9
:10B1D00009EB0A010FF051FA182303FB0783012042
:10B1E0005C62BDE8F88F0CF1FF3CACEB040C9445BD
:10B1F000DED20020F5E700BF88610020034B182253
:10B2000002FB00339A6A586A801A704788610020EE
:10B2100003484FF0FF324FF0FF3300F00FBA00BF8A
:10B22000E40A0020014800F081BA00BFE40A0020CF
:10B2300010B50446F0F78AFD0348044A01210AF0DC
:10B24000A0FB20460EF0FFFB88AD0300583204003F
:10B250002DE9F843044600AF0D46EFF31188402373
:10B2600083F31288BFF36F8F0428294A98BF294BB4
:10B270009668117C94BF53F82030274BE9468AB07A
:10B280006A462648C2E9073140F201339384244BD1
:10B29000C2E9050442F8103F224800234FF431511F
:10B2A000F0F738FECD4645B1EB69C3F3080323B18F
:10B2B0001D4A1C4801210AF064FB2EB130460EF0F5
:10B2C000A9FE08B1037803B91848E9468AB06A466E
:10B2D000174BD061C2E9053640F201331384154B98
:10B2E00042F8103F00230F484FF41151F0F712FEBF
:10B2F0002946CD462046FFF79BFF88F31188BFF310
:10B300006F8F3046F2F7A8F8BD46BDE8F88300BF5E
:10B310003062002024D40300673204007532040038
:10B320000500000188AD03009D320400F7140400FD
:10B33000BE3204000400000138B5094B53F8204028
:10B34000013053F82050A54200D838BD636823B1BE
:10B3500020460EF080FB0834F5E723689847FAE7AB
:10B3600038D4030070B52A4B2A4C2B4D012286B0ED
:10B3700003201A70FFF7E0FFF1F7D4FB0420FFF77A
:10B38000DBFF2646AE4204F1300410D300F04EFF3E
:10B39000204C224EAC4226D300F05CFFE6F71CFDA9
:10B3A0001F4A137B23F00103137306B070BD54F8DA
:10B3B0000C3C059354F8103C049354F8143C03934C
:10B3C00054F8183C029354F81C3C019354F8203C68
:10B3D000009354E90A2354E90C0100F0B5FC54F839
:10B3E000303C5E65CDE7D4E90A23B3F1FF3F08BFE7
:10B3F000B2F1FF3F05D052EA0301206803D10EF0FD
:10B400000BFE3034C6E73146183001F007F9F8E793
:10B41000013C01201CAC03001CAC030059A103003B
:10B420004036002008B50348034A0021121A0EF0E6
:10B430002AFB08BD000D0020043C012070B5174E0A
:10B44000174D184986B0B82303FB0066164B0593C9
:10B4500001220F23CDE903320023CDE90133142368
:10B4600003FB005504464FF4C07000FB04110F4B62
:10B4700000954FF4A072304600F066FC737B0C4AD6
:10B48000EE6023F0040373734FF4046304FB03338F
:10B4900013442C746B6006B070BD00BF883500206B
:10B4A0003062002080FA012020330400ED9B03006D
:10B4B00040F20120BFB50020FFF73EFF2E4B83F383
:10B4C00008882E4C2E4E63692E4F43F4007363613F
:10B4D000E02384F8223000252023E3772576657663
:10B4E000A57684F82050636A43F4E023636284F80D
:10B4F0002350F1F72BFFF2F7EFF84FF0FF33A36281
:10B50000E362214CF2F7C4F9F2F70AF9F0F78AFB8B
:10B5100040F201132046A381C4E9265501F0A2FAA6
:10B52000B4600EF084FA0120FFF706FF0220174CEA
:10B53000FFF702FF00F0AEFE154B74610593012387
:10B5400014490095CDE903534FF400523B46CDE931
:10B550000155204600F0F8FB627B064622F004020B
:10B56000204662730EF09DFD2846FFF767FF3A46BE
:10B5700031462046F2F78CF880FA012000ED00E019
:10B580003062002065B30200D03700204036002032
:10B590009B07040000FC012038B5064C064DAC4268
:10B5A00001D3002038BDD4E9011220460EF06FFA15
:10B5B0001434F4E7300A0020440A002038B5064C61
:10B5C000064D0020AC4200D338BD20460EF0C4FA30
:10B5D0000028F9DB1C34F5E7DC090020300A0020E4
:10B5E00073B50C46EFF31181402585F31288BFF344
:10B5F0006F8FC5685DB125602B68C36083690133B7
:10B600008361002081F31188BFF36F8F11E052EA4C
:10B61000030603D125606FF00B00F3E7CDE90023AB
:10B620000246083000F04EFD18B9034B9B685B6979
:10B63000236002B070BD00BF306200202DE9F341ED
:10B64000044617461E46EFF31188402383F3128801
:10B65000BFF36F8FC368334A7BB1806891688842BB
:10B6600019D057EA060318D188F31188BFF36F8FFA
:10B670006FF00F0002B0BDE8F081916891F90E10F3
:10B6800021610133E3609368A36088F31188BFF3FD
:10B690006F8F0020EEE72169F2E791F90E1090F923
:10B6A0000E309942A8BF19466FF07E029142B8BF92
:10B6B00011468B422DDD0EF0A4FA0546CDE9007649
:10B6C00019482246414600F0FDFC0028E1D0EFF386
:10B6D0001186402383F31288BFF36F8FA068D0B127
:10B6E000236821699C420AD04BB193F90E309942EC
:10B6F000A8BF19466FF07E039942B8BF19460EF0F5
:10B7000080FA40B10848314600F04CFD6FF00A0065
:10B71000B0E70025D2E7002DF4D186F31188BFF3FE
:10B720006F8FF3E730620020023C012038B5836858
:10B7300004466BB3194A926893422CD1C368012B1B
:10B7400003D9013BC360002038BDEFF311854023CE
:10B7500083F31288BFF36F8F016980680EF051FA8E
:10B7600020460EF013FDA06060B190F90E2022611A
:10B770000022C0F8B0200EF094FC0948294600F0E1
:10B7800011FDE0E7E06085F31188BFF36F8FDAE722
:10B790006FF01500D8E74FF0FF30D5E7306200209A
:10B7A000023C012037B51146EFF31185402282F3A8
:10B7B0001288BFF36F8F04689CB12368426823F03E
:10B7C00003039442036008BF4360012120460EF04A
:10B7D0008DFA044685F31188BFF36F8F204603B0BE
:10B7E00030BD51EA0302F5D000F10802CDE90013A3
:10B7F0001046294600F066FC0028EFD1014B9B68FB
:10B800005C69EBE73062002038B50446EFF3118540
:10B81000402383F31288BFF36F8F0EF0B7FC50B153
:10B820000022C0F8B0200EF03CFC29460848BDE8D4
:10B83000384000F0B7BCD4E902329A4218BF013355
:10B84000A360022104F110000EF0DBFEEDE700BF63
:10B85000023C012013B5EFF31181402484F31288D8
:10B86000BFF36F8F846844B1013C846081F3118819
:10B87000BFF36F8F002002B010BD52EA030406D15F
:10B8800081F31188BFF36F8F6FF00F00F3E7CDE9FD
:10B8900000230246014800F015FCECE7023C0120C1
:10B8A00070B50446EFF31185402383F31288BFF38C
:10B8B0006F8F6FF00A0620460EF068FC20B1C0F8CA
:10B8C000B0600EF0EEFBF6E7A060022104F110007C
:10B8D0000EF097FE29460248BDE8704000F062BCB9
:10B8E000023C01201FB5094A92E8030002AB83E83D
:10B8F00003004FF400620093054906484FF0FF3300
:10B9000000F070F9002005B05DF804FB28AF0300DB
:10B91000401C0220F83600202DE9F043DFF8348186
:10B9200085B005464FF0FF364FF0FF37EFF3118932
:10B93000402383F31288BFF36F8FD5F8B8408CB9DA
:10B94000022105F1D0000EF012FA002860D1002388
:10B95000CDE90067029305F1C00249463E4800F078
:10B9600047FDE3E7D5F8BC202368C5F8B83094421A
:10B9700008BFC5F8BC30D5F8D03043F00203C5F895
:10B98000D030E36823F0040343F00103E36063680D
:10B9900089F31188BFF36F8F20469847EFF3118921
:10B9A000402383F31288BFF36F8FE368D90623F037
:10B9B000010237D4E260E3689A071AD5D8F800008C
:10B9C00023F00203E360A0B10268002188B143685C
:10B9D0009C4237D1036869BBD8F80420C8F800300E
:10B9E000824201D1C8F80430002340F8083BFFF739
:10B9F0000BFFD5F8D03023F00203C5F8D03089F31F
:10BA00001188BFF36F8FDB0590D400F04BFC8DE7FE
:10BA100005F1C8040022012120460EF01BFC00287D
:10BA2000F8D194E723F01103E36004F11000FFF76D
:10BA3000EBFEC0E70B60D8F80430834208BFC8F8BB
:10BA40000410D1E722B11368014610461A46BDE73B
:10BA50001346F9E754620020023C012070B5C36828
:10BA6000C3F340069B0705460C460DD50122002175
:10BA700004F108000EF06BF900232360054B6560AC
:10BA80005A681AB9C3E90044304670BD14605C605E
:10BA9000FAE700BF54620020F8B5C3689A0704466D
:10BAA0000F46C3F340062CD45B071AD40B680BB9BE
:10BAB00083680B60E368DD0744BFA3683B603D68B3
:10BAC0004CBF02260126002D3AD01F4B9B68AB428B
:10BAD0000AD0D5F8D030D807C3F3800214D46FF061
:10BAE000120600233B6025E00EF08EFAD5F8D03028
:10BAF0000028F0D1D907C3F3C002F0D552B15B07DB
:10BB000008D46FF00F06ECE7002AFAD1C3F3C003A4
:10BB1000002BF6D100232360D5F8BC3063B9C5E90A
:10BB20002E4428460EF03EF9E36843F00403E36038
:10BB30003B68A3603046F8BD1C60C5F8BC40F0E728
:10BB40006FF01506CDE700BF306200202DE9F0410F
:10BB5000C36803F00503002B07460C4614BF4FF0E3
:10BB600001084FF0000822D08668D6F8B85025B1F9
:10BB7000AF4201D02D68FAE701250122002104F12E
:10BB800010000EF0E4F8134920460EF063F9E36864
:10BB900043F01003E3609DB13B68236073B9D6F8AE
:10BBA000BC303BB9C6E92E4430460EF0FBF84046A7
:10BBB000BDE8F0811C60C6F8BC40F5E73C60F3E7E7
:10BBC000D6F8B8302360D6F8BC30C6F8B840002BA1
:10BBD000EAD1F0E7859D0300014601480EF065B902
:10BBE000F8360020F0B589B004460020C4E92E00E4
:10BBF0000E9D04F1C000C4E9300004F1C800C4E99E
:10BC000032004DB32879002840F2011008BF01200E
:10BC1000C4F8D00000204FF0FF364FF0FF37CDE9D9
:10BC20000330CDE90100CDE906670C4B00942046B6
:10BC300000F000F955B1296811B1204600F074F800
:10BC40006B791BB1237B43F001032373204609B0BA
:10BC5000BDE8F0400EF0E0B90120D9E719B90200C3
:10BC600037B501900846EFF31184402181F3128823
:10BC7000BFF36F8FC16811F01E0F16D153EA020592
:10BC800008D101A9FFF708FF84F31188BFF36F8F74
:10BC900003B030BD41F00801C160019981621030EC
:10BCA000034900F0BBFC0120EEE70020ECE700BFF9
:10BCB000199E030001460148FFF7D2BFF836002065
:10BCC000F7B50C46019016461D46EFF31187402349
:10BCD00083F31288BFF36F8F08460EF054F855EACD
:10BCE000060309D101A92046FFF7D6FE87F3118884
:10BCF000BFF36F8F03B0F0BDE368074943F008035B
:10BD0000E360019BA36204F1100032462B4600F071
:10BD100085FC0120EAE700BF199E030001460148A7
:10BD2000FFF7CEBFF836002010B5044608B9054B22
:10BD30009C681F2204F178000EF0F1FC002084F8CA
:10BD4000970010BD306200202DE9F04F073285B01A
:10BD500022F0070204461E467F3200F15803C0E974
:10BD6000163322F03F02129B237300200D46119BD5
:10BD7000DDF838A0139FA06004213F2AC4E9060023
:10BD80006173A373E07305F14009A2F1400B05D87C
:10BD900080F31188BFF36F8F084602DF05EB0208BE
:10BDA00041462046F1F776F80730109B20F0070057
:10BDB000C4E9269BC4F8A00002930F9BA8EB000BDC
:10BDC000CDE900A35A46334629462046F1F72CFC1C
:10BDD0000F9BE3664FF00008109BC4F85480C4E941
:10BDE000196A2367EFF31182402181F31288BFF3B0
:10BDF0006F8F0F4D296A61672C6282F31188BFF340
:10BE00006F8F8FB11F22394604F178000EF087FC46
:10BE100084F89780AB680BB1D3F8A430C4F8A43091
:10BE2000584605B0BDE8F08F84F87870F2E700BF9F
:10BE300030620020F0B587B000250595109D04956F
:10BE40000F9D03950E9D0295DDE912760D9D0195DE
:10BE50000C9D00950446FFF777FFB6F1FF3F08BF42
:10BE6000B7F1FF3F05D056EA070305D1204600F0A1
:10BE7000ABF9204607B0F0BD03493A46334604F11A
:10BE8000180000F0CBFBF4E759A1030038B50D4DC5
:10BE90002B4653F8184F9C4200D004B9EC68AB68AD
:10BEA00038B95A7BD20604D1A26912B9DA897F2A3D
:10BEB00005D89C4202D0204600F0DAFA23466B6196
:10BEC00038BD00BF3062002008B590F90D20437BDB
:10BED000002A014604DA03F07F0343730EF09EF854
:10BEE000044B9868431A58425841BDE80840FFF790
:10BEF000CDBF00BF3062002070B490F90D30427B9E
:10BF0000002B29DBD30627D183692BBB134962F0B1
:10BF10007F0242730A4652F8184F944218BF2346D4
:10BF2000CC6923B9C0E900242060C8610CE090F915
:10BF30000E5093F90E60B5420AD0AE4208DD5A6841
:10BF4000C0E900321060586070BC0020FFF79EBF4F
:10BF50009C42E7D01B68E4E770BC70473062002069
:10BF60002DE9F041002A427B0E460CBF102108212A
:10BF7000114204460FD141EA0203D20918D143739A
:10BF800008291BD00120FFF781FFBFF35F8F637B80
:10BF900023F0600363732C4B9B68A3424DD1EFF3F6
:10BFA0000583002B49D13046BDE8F041F1F76ABA6C
:10BFB00003F07F0343730EF031F8E1E7A36813B198
:10BFC00020460EF033F804F118000EF066F904F183
:10BFD00058074FF00008A56DBD4200D055B91A4F63
:10BFE000BB689C4213D00120FFF750FF204600F0B1
:10BFF00097FACAE728460EF019F805F118000EF076
:10C000004CF9C5F8B0802846FFF776FFE3E7EFF379
:10C010000583002BE7D001200C4DFFF737FF2046AA
:10C0200000F07EFA40F20113AB8128460023C5E9F7
:10C03000263300F017FDBD60A7E786F31188BFF334
:10C040006F8FBDE8F08100BF30620020D037002044
:10C0500070B590F90D20437B002A014604DA03F005
:10C060007F0343730DF0DAFF4B7B154A63F07F03C8
:10C0700010464B7350F8183FD469834208BF002321
:10C0800023B9C1E900042160D1610CE091F90E509F
:10C0900093F90E60B5420ED0AE420CDD5868C1E98E
:10C0A0000030016059609068431A5842BDE8704002
:10C0B0005841FFF7EBBE9C42E3D01B68E0E700BFAE
:10C0C00030620020F8B5124B0C461146114A9868B0
:10C0D0001060DDE90676EFF31182402282F31288C8
:10C0E000BFF36F8F9D6828460DF0AAFFB6F1FF3FA2
:10C0F00008BFB7F1FF3F06D007493A46334605F17E
:10C10000180000F08BFA2046BDE8F840F1F7BAB904
:10C11000306200205C62002059A10300F8B504469B
:10C12000EFF31186402383F31288BFF36F8F437BB5
:10C13000DA0649B219D18569BDB903F07F034373AB
:10C140000DF06CFF437B164A817363F07F034373EA
:10C15000134653F8180F984218BF0546D0695DB9C9
:10C16000C4E900300460D46111E0A173002086F3BB
:10C170001188BFF36F8FF8BD95F90E70B9420BD0DF
:10C180008F4209DD6B68C4E900531C606C600120BC
:10C19000FFF77CFE0120EAE7A842E1D02D68DEE748
:10C1A0003062002049B9EFF3058030B9054B5A6978
:10C1B0009B689A4201D0F1F765B981F31188BFF30A
:10C1C0006F8F70473062002010B5EFF3118440226A
:10C1D00082F31288BFF36F8F427B510704D484F33C
:10C1E0001188BFF36F8F10BD22F004024273FFF776
:10C1F00083FE21460248BDE81040FFF7D3BF00BFD1
:10C20000023C0120034648B9EFF3058232B9064AE1
:10C2100051699268914201D0F1F734B983F31188E2
:10C22000BFF36F8F704700BF30620020EFF31181C2
:10C23000402383F31288BFF36F8F054B9A68D37B3B
:10C24000013BD37381F31188BFF36F8F704700BF39
:10C250003062002038B5EFF31185402484F3128852
:10C26000BFF36F8F0A4B9A68D37B0133D3730020DF
:10C27000FFF70CFE85F31188BFF36F8FEFF311808A
:10C2800084F31288BFF36F8FBDE83840FFF7BABF61
:10C2900030620020024B03F11802C3E90622704706
:10C2A00030620020F8B5EFF31185402383F3128844
:10C2B000BFF36F8F19498868437B03F07F03437393
:10C2C0000DF0ACFE8B685A7B084662F07F025A7311
:10C2D00050F8182FCC69824208BF002222B9C3E966
:10C2E00000042360CB610CE093F90E6092F90E70AC
:10C2F000BE420ED0B7420CDD5168C3E900210B608D
:10C3000053600120FFF7C2FD2846BDE8F840F1F771
:10C31000B9B8A242E3D01268E0E700BF3062002063
:10C3200050EA01032DE9F04105460E4603D1FFF71F
:10C33000B9FF00202BE0831C71F1FF3329DB0DF0E6
:10C34000C1FF2C18EFF31188402383F31288BFF349
:10C350006F8F124F124BB8681860FFF7B5FDB868C1
:10C3600010492A463346183000F058F9BA68537B12
:10C3700043F0100353734046F1F784F80DF0A2FF29
:10C38000201A63EB0303012873F10003D1DBBDE83E
:10C39000F0816FF00104241AD4E700BF306200205E
:10C3A0005C62002059A10300B1F1FF3F08BFB0F16A
:10C3B000FF3F08B506D10A4B98680DF081FE4FF09B
:10C3C000FF3008BDFFF7ACFF4FF47A7147F6FF73FB
:10C3D0000022C0FB0132D80B40EA4240F1E700BF27
:10C3E00030620020014B9868704700BF3062002027
:10C3F000D3B5DDE90667089CCDE90067FFF762FE6B
:10C400001CB1034B9B685B69236002B0D0BD00BFC9
:10C4100030620020044BC01A044BC0105843044B38
:10C4200001221A54704700BF88380020ABAAAAAA7C
:10C43000023C0120C3897F2B12D80A4B1B6863B1D1
:10C44000094B90F90E201B689A4209DB437BDB06FF
:10C4500006D1064BC31A18BF012303F00100704731
:10C460000023FAE764620020606200208835002023
:10C4700070B50E4B0E4C1E7C06EB460304EBC3045A
:10C48000054620460DF009FF0A4B002228469A5522
:10C49000FFF7D0FF48B1084B08491A68013A204617
:10C4A000D317BDE8704000F0B9B870BD306200200D
:10C4B00088380020023C01206462002015C402007C
:10C4C00038B5EFF31185402383F31288BFF36F8FE4
:10C4D000104B114A9C681068A04206D1FFF7C8FFB4
:10C4E00085F31188BFF36F8F38BD00211B7C11606D
:10C4F0000A4AD35C002BF3D02046FFF79BFF0028AD
:10C50000EED0637BDB0602D12046FFF7A1FD20467B
:10C51000E4E700BF306200205C620020023C0120A2
:10C52000EFF31181402383F31288BFF36F8F0A4A20
:10C53000136A834207D15B6F136281F31188BFF3E3
:10C540006F8F70471346002BF7D05A6F8242F9D194
:10C55000426F5A67F1E700BF3062002008B5064815
:10C56000064A0749121A0DF090FABDE80840054A3C
:10C57000054906480DF089BA00000020FC0C002097
:10C58000A433040000000000A433040000000020D5
:10C59000034B1B680BB9FBF74BBE0020704700BF75
:10C5A0006862002030B570B10B4B5B6898420AD0CE
:10C5B000036843B1D3E90421D0E90445121941EBE2
:10C5C0000501C3E90421D0E9003213605A60002359
:10C5D000C0E9003330BD00BF8C08002010B50E4B01
:10C5E0001C689C4204D1FFF7D3FF6FF0004010BDE0
:10C5F000FFF7CEFF002CF8D0D4E904321B1A62EB0F
:10C60000E072B3F1004F72F10001EEDA002AACBF24
:10C6100018460020EBE700BF8C080020B3F1FF3F75
:10C6200008BFB2F1FF3FF8B504461D4616465ED07E
:10C630008160EFF31187402383F31288BFF36F8F7C
:10C64000013275F1FF3324DA2E49D1E900206FF071
:10C6500001039B1A4FF0FF3262EB00009E1B60EB60
:10C660000500012E70F1000301DA01260020C4E963
:10C670000460254ED6F800C07568B44508BF4FF079
:10C68000000CBCF1000F0DD1C4E900652C60746092
:10C690001CE0FFF77DFF013645F10005361845EB3C
:10C6A000E070E4E7DCE90420D4E90431934271EB63
:10C6B000000E1DDAD21ADCF8043060EB0100CCE980
:10C6C0000420C4E900C31C60CCF804403368B342C2
:10C6D00009D09C4207D10D4B1C6824B9FFF77EFF9F
:10C6E0002146FBF777FD87F31188BFF36F8FF8BD05
:10C6F0009B1A61EB0001AC45C4E90431C4D0DCF8FD
:10C7000000C0BEE7A03800208C080020686200202E
:10C710002DE9F84FEFF3118C402383F31288BFF318
:10C720006F8FDFF8B0A0DFF8B0902C4FC9F8000091
:10C73000DAF800000024504508BF00200025D7E9A2
:10C740000021D9F80030E04678B3D0E9046C4FEA14
:10C75000E37EB3427EEB0C0B05DAF61A6CEB0E04AB
:10C76000C0E9046421E0B21841EBE671C0E9044578
:10C77000C7E90021FFF716FF88F31188BFF36F8F19
:10C7800083689847EFF31188402383F31288BFF33F
:10C790006F8FD9F80030DAF800009B1B5045C44673
:10C7A000C9F80030CBD1D7E900219A1841EBE373E7
:10C7B0000024C7E90023C9F80040FFF70FFF214616
:10C7C000FBF708FD88F31188BFF36F8FBDE8F84FC2
:10C7D000FFF776BE8C08002068620020A038002099
:10C7E00010B5EFF31184402383F31288BFF36F8FEA
:10C7F000FFF7CEFE054A0346D2E90001181841EBC7
:10C80000E37184F31188BFF36F8F10BDA03800204F
:10C81000F8B50446EFF31187402383F31288BFF382
:10C820006F8F026822B187F31188BFF36F8FF8BD55
:10C83000D0E90A36581C46F10001022871F10001C6
:10C8400027D3012B76F10001BCBF012316465D1EE4
:10C8500046F1FF360DF03AFD013041F1000140197B
:10C8600046EB0101012871F100013ADB0DF02EFDCC
:10C87000013041F100016FF00102401946EB010364
:10C88000121A4FF0FF3161EB030318492046FFF7FE
:10C89000C5FE236B01332363236A6BB187F31188D1
:10C8A000BFF36F8F236A20469847EFF31187402329
:10C8B00083F31288BFF36F8F54F8185FA542B2D08C
:10C8C000002DB0D028460DF015FC0023C5F8B0307F
:10C8D00087F31188BFF36F8F2846BDE8F8400DF04D
:10C8E000E0BB6FF001024FF0FF33CEE711C802004A
:10C8F0002DE9F04105461C4690461F46EFF3118690
:10C90000402383F31288BFF36F8FB4F1FF3F08BF5A
:10C91000B2F1FF3F05D186F31188BFF36F8FBDE8F9
:10C92000F081531C74F1FF3309DB012A74F1000319
:10C93000BCBF0122002412F1FF3844F1FF37284622
:10C940000DF0ABFCDDE906010023C5E90A012B630C
:10C95000034942463B462846FFF760FEDBE700BF3F
:10C9600011C802002DE9F74F1D46274B9F68012390
:10C9700087F8603087F8613052EA050316460CBF2D
:10C980000123002307F1600280460DF06DFD814612
:10C99000EFF3118B4FF0400A8AF31288BFF36F8FC9
:10C9A00097F860404CB901465A4640460DF0FDFCF0
:10C9B0008BF31188BFF36F8F0BE0002387F8603093
:10C9C00056EA050309D18BF31188BFF36F8F6FF01F
:10C9D0000A04204603B0BDE8F08FCDE900650B4A9C
:10C9E0000B485946FFF76EFB0446EFF311858AF3B7
:10C9F0001288BFF36F8F2A46494640460DF0D5FC9A
:10CA000085F31188D6E700BF30620020940800202B
:10CA1000033C012038B50346EFF31185402282F331
:10CA20001288BFF36F8FC16001218160006883426B
:10CA300006D185F31188BFF36F8F0024204638BDDF
:10CA4000D0E9003213605A600023C0E900330DF0D2
:10CA500083FD294604460248FFF7A4FBEEE700BF2A
:10CA6000033C0120014BC0F8A4307047300A00207D
:10CA700038B504460D460DF0C7FA28B9064B9B6839
:10CA8000D3F8A4300BB938BD044B2A4621461846CA
:10CA9000BDE838400DF0D7BD30620020300A0020DC
:10CAA00030B599B00546684600F028F86946044656
:10CAB00008A800F053FA08A90443284600F08AF9B0
:10CAC000204619B030BD00BF70B598B00546684625
:10CAD000164600F013F83146044608A800F046F95F
:10CAE00008A96A460443084600F082F908A90443ED
:10CAF000284600F06DF9204618B070BD70B50B687F
:10CB0000124E1BBAC3614B681BBA83618B681BBA98
:10CB10004361CB681BBA03610B691BBAC3604B69E5
:10CB20001BBA83608B691BBA4360CB691BBA324660
:10CB3000036001460446D4F7AFFA31460546024683
:10CB40002046D4F7C9FA681E70BD00BF50D4030058
:10CB50002DE9F04188B00C46064602F120016846F6
:10CB600006F120079046D4F791FD6A46694668466B
:10CB7000D4F7AEFC69463846D4F788FD3A463946C4
:10CB8000384604F12005D4F7A3FC6A466946684696
:10CB9000D4F79EFC41462846D4F778FD6A464146C4
:10CBA0003046D4F75BFD2A4629466846D4F790FC08
:10CBB0002A4669466846D4F78BFC124A694668469D
:10CBC000D4F786FC69462046D4F760FD32462146FC
:10CBD0002046D4F7BBFC324621462046D4F7B6FCAB
:10CBE000224631462846D4F7B1FC6A4629462846F3
:10CBF000D4F734FD3A4629462846D4F7A7FC08B0B6
:10CC0000BDE8F08130D50300F0B599B004460D467B
:10CC10000A4601466846D4F799FC69466846D4F747
:10CC200035FD6A46214608A805F1200604F12007D3
:10CC3000D4F714FD6A4629466846D4F70FFD3246FC
:10CC4000394610A8D4F744FC324639463046D4F76A
:10CC50007DFC31462846D4F719FD6A4608A92046CE
:10CC6000D4F736FC224629462846D4F76FFC6A469C
:10CC700008A96846D4F76AFC6A4639463846D4F7AC
:10CC8000EDFC2A4608A96846D4F760FC6A4631469E
:10CC90003046D4F7E3FC3A4631463046D4F756FCEA
:10CCA00010A96846D4F7F2FC224669462046D4F71C
:10CCB0004DFC08A922460846D4F748FC10A908AA4A
:10CCC0000846D4F7CBFC3A4610A93846D4F73EFCC8
:10CCD00019B0F0BD2DE9F04188B00C4605469046EC
:10CCE0000A4601466846D4F731FC69466846D4F7DF
:10CCF000CDFC6A462946284604F12006D4F7AEFC4E
:10CD000005F120076A4621466846D4F7A7FC32465B
:10CD100039463046D4F71AFC31462046D4F7B6FCE3
:10CD20002A4621462046D4F711FC6A462146204671
:10CD3000D4F70CFC6A4629464046D4F707FC424625
:10CD400039463846D4F78AFC224629466846D4F745
:10CD5000FDFB6A4631463046D4F780FC3A46314600
:10CD60003046D4F7F3FB08B0BDE8F08170B500F1B0
:10CD7000200690B00D46044600F014F905F120019C
:10CD8000304600F00FF9214608A8D4F77FFC08A927
:10CD900008460D4AD4F79CFB08A922460846D4F75A
:10CDA0005DFC08A9094A0846D4F792FB314668465B
:10CDB000D4F76CFC202269460DEB0200D4F75AFB35
:10CDC000013810B070BD00BF30D5030010D503008E
:10CDD00000F002B938B504460D4600F0FDF805F143
:10CDE000200104F12000BDE8384000F0F5B800BF94
:10CDF0002DE9F0471346B8B0544A89468046194693
:10CE000010A8D4F749F95249024610A8D4F764F99A
:10CE1000179E4E4900EAD6760746C6F1010210A8D1
:10CE2000D4F75AF9179B4A466FEA030A28A918A8AB
:10CE3000FFF78EFE4FEADA7A20A9CAF1010208460E
:10CE400000F092F8C7F10107FE246A4618A928A845
:10CE5000FFF740FF631138AA02EB830304F01F02BF
:10CE600053F8A03CD340554603F0010A8AEA050571
:10CE70002A4628A918A8D4F78BF92A4630A920A851
:10CE8000D4F786F9013C28A918A8FFF7BDFE631C5A
:10CE9000DBD1CAF1010220A908A800F065F886EAF2
:10CEA0000A066A4618A928A8FFF714FF28A93246DF
:10CEB00018A8D4F76DF9324630A920A8D4F768F93C
:10CEC00008A96A460846D4F7C9FB08A9084600F035
:10CED0009DF808A908F1200409F120020846D4F7BA
:10CEE000BDFB20A908AA2046D4F7B8FB08AA18A9B8
:10CEF0006846D4F7B3FB69466846D4F7C7FB18AA5F
:10CF0000694608A8D4F7AAFB21466846D4F7BEFBB9
:10CF100008AA69461046D4F719FB0E4A08A96846C4
:10CF2000D4F714FB20462021D4F7B8FA08A902460A
:10CF300044426846D4F72CF94046074A6946D4F77C
:10CF40008DFB3C43204638B0BDE8F08790D4030009
:10CF5000B0D4030010D5030070D403000A46014981
:10CF6000FFF746BFD0D4030070B588B004460D4625
:10CF700016460021202268460DF0A7FB0023294613
:10CF80002022204600930DF078FB2A466946684629
:10CF9000D4F7DCFA324669462046D4F7F9F808B0EF
:10CFA00070BD00BF0B681BBAC3614B681BBA8361BD
:10CFB0008B681BBA4361CB681BBA03610B691BBA50
:10CFC000C3604B691BBA83608B691BBA4360CB6932
:10CFD0001BBA0360704700BFCB691BBA03608B6943
:10CFE0001BBA43604B691BBA83600B691BBAC360F1
:10CFF000CB681BBA03618B681BBA43614B681BBAD1
:10D0000083610B681BBAC361704700BF70B598B0ED
:10D010000D46064610A8D4F739FB2A4610A96846E3
:10D02000D4F71CFB694610A8D4F730FB10A90846BA
:10D03000D4F72CFB6A4610A908A8D4F70FFB08A95F
:10D0400010A8D4F723FB10A90846D4F71FFB10A99A
:10D050000846D4F71BFB10A90846D4F717FB10A904
:10D0600008AA0846D4F7FAFA10A90846D4F70EFB26
:10D0700010A90846D4F70AFB10A96A4608A8D4F7F5
:10D08000EDFA052408A910A8D4F700FB10A908465A
:10D09000D4F7FCFA013C10A9F5D108AA0846D4F748
:10D0A000DDFA052410A90846D4F7F0FA10A90846BD
:10D0B000D4F7ECFA013CF5D110A908AA0846D4F738
:10D0C000CDFA10A908A8D4F7E1FA08A90846D4F7C0
:10D0D000DDFA08A96A466846D4F7C0FA1024694602
:10D0E00010A8D4F7D3FA10A90846D4F7CFFA013C18
:10D0F00010A9F5D12A460846D4F7B0FA402410A961
:10D100000846D4F7C3FA10A90846D4F7BFFA013C81
:10D11000F5D110A96A460846D4F7A0FA102410A940
:10D120000846D4F7B3FA10A90846D4F7AFFA013C81
:10D13000F5D110A96A460846D4F790FA102410A930
:10D140000846D4F7A3FA10A90846D4F79FFA013C81
:10D15000F5D110A908AA0846D4F780FA2A4610A9E2
:10D160003046D4F77BFA18B070BD00BF10B50C4C38
:10D17000236813B10B4B1B682BB900F029FE30B9A3
:10D18000084B01221A6001232360002010BD0138E2
:10D19000062801D9044810BD044B53F8200010BDE7
:10D1A000706200206C620020FE8FFFFF50D50300EC
:10D1B000BFF34F8F0549064BCA6802F4E062134380
:10D1C000CB60BFF34F8F00BFFDE700BF00ED00E075
:10D1D0000400FA0510B4094B09490A4C4FF0FE321D
:10D1E000C3F800244968C3F80424C3F80824C3F82A
:10D1F0000C240023C4F8003510BC084700B00250CE
:10D200009C08002000A00250D0E90012014BC3E9A5
:10D21000001270479C0800202DE9F043134B144E78
:10D22000002814BF04461C4683B02368B34219D0BB
:10D230000D4620464FF4E07104F10409174604F549
:10D240008E7800F0E9F8484600F0ACFC404600F06B
:10D25000DBFA084900972B464A46404600F0EAFAB6
:10D2600008B92660002003B0BDE8F0837462002096
:10D27000A5BCC95A2DDC020070B51D460C4B002818
:10D2800018BF03460B481E68864282B00DD10026A7
:10D2900003F58E7000963346144600F017FB002805
:10D2A00018BF34462C6002B070BD0348FBE700BFD6
:10D2B00074620020A5BCC95AE88FFFFF10B5044670
:10D2C00050B1636813F0685F05D0064A934202D0FC
:10D2D00000232360626010BD034B04485B689847DD
:10D2E000EFE700BF2C5F5CA99C0800206CD5030011
:10D2F000C8B143680D4A934213D013F0685F0ED053
:10D30000012350E8002F194640E8001C9CF0000F54
:10D31000F7D1012AF5D0BFF35F8F00207047044892
:10D320007047044870476FF4E04070472C5F5CA979
:10D33000E98FFFFFEA8FFFFF80B14368094A9342FC
:10D340000AD013F0685F05D0BFF35F8F002303603E
:10D350001846704704487047044870476FF4E0402F
:10D36000704700BF2C5F5CA9E98FFFFFEA8FFFFFCA
:10D3700010B5044620B1044B63600022226010BD4A
:10D380000248FFF727FFF6E73A00003A94D503007A
:10D3900070B5D0E90023174C174D6360D0E9023017
:10D3A000C4E9023022604868D1F800C0134BC3E9D9
:10D3B00000C0D5F81801D1F808C0C3F808C010F0B3
:10D3C000685FD1F80CC00969C3F80CC0196110D0AE
:10D3D0000B49C5F8BC110023C5E9453105F58A7034
:10D3E000C5F8B8319047236805F5DC70BDE870409A
:10D3F000184770BDB808002074620020A4080020FF
:10D400002C5F5CA938B131B10144002203460130E0
:10D4100081421A70FAD1704738B131B1014400220B
:10D420000346013088421A70FAD170472DE9F04F57
:10D43000B2F5C07FB5B000F2D780DFF8B4911446E2
:10D440000D464FF4D07200210DF15C0807464846A6
:10D450000DF03BF9404601F051F9002309F118069F
:10D46000A9F8103063BA29462246A9F8123030468E
:10D47000202389F817300DF000F95E4B079303F174
:10D4800004338022089303F104330993325503F1E6
:10D49000043307A940460A9301F046F98246002862
:10D4A0007FD104F119030BAE0FAC029303970196E1
:10D4B00004940198DFF840B1102200210DF005F925
:10D4C000DDF808A005940E9B5BF8044C5BF80C7C1F
:10D4D0000B995BF8100C5BF8085CDDE90C625C40B2
:10D4E000019B7E40554081EA00071A4601214046D3
:10D4F000CDE90B76CDE90D5401F030F9BAF1100FFA
:10D5000094BFAAEB0A0AAAF1100A0BF1100B00282B
:10D5100065D1BAF1000FD6D1059C019920461022A1
:10D520000DF0ABF899F8033010340133A04589F8B9
:10D530000330BED1049C039F019E802221464046B9
:10D5400001F0F2F8824670BB07F120093D4613ABAB
:10D550001A460121404601F001F91022824613A922
:10D5600028461544BAF1000F1DD10DF086F84D453F
:10D57000EDD1404601F0D2F81D484FF4D071FFF7CD
:10D580004BFF20462021FFF747FF07A81021FFF798
:10D5900043FF30461021FFF73FFF504635B0BDE84E
:10D5A000F08F0FAC0BAE404601F0B8F810484FF4C6
:10D5B000D071FFF731FF20462021FFF72DFF07A88C
:10D5C0001021FFF729FF10213046FFF725FF20210A
:10D5D0003846FFF721FF504635B0BDE8F08F039F76
:10D5E000019E049C8246DEE76FF0370AF3E700BF36
:10D5F0004464002000010203546400202DE9F0413E
:10D6000088B004460D462022002168460DF05DF8E2
:10D6100004F120066F46E27B0132D2B2E273002AA7
:10D620004DD1A27B0132D2B2A273002A47D1637BD3
:10D630000133DBB26373002B41D1237B0133DBB2B7
:10D640002373002B3BD1E37A0133DBB2E372002B6F
:10D6500035D1A37A0133DBB2A372002B2FD1637AC9
:10D660000133DBB2637253BB237A0133DBB2237223
:10D670002BBBE3790133DBB2E37103BBA379013345
:10D68000DBB2A371DBB963790133DBB26371B3B988
:10D6900023790133DBB223718BB9E3780133DBB239
:10D6A000E37063B9A3780133DBB2A3703BB963784D
:10D6B0000133DBB2637013B92378013323703B4627
:10D6C00022460121304601F049F8804650BB103710
:10D6D00008AB9F429FD1029AAB68039F07995340C2
:10D6E00002933046EE68009B7E400396049F2E69AD
:10D6F0007E4004966E69059F7E400596069FAE6942
:10D700007E400696EE697140079129684B40009370
:10D7100001996B6880224B406946019301F004F83F
:10D72000804638B168462021FFF776FE404608B0B3
:10D73000BDE8F08110220DEB020120460CF09DFFA8
:10D74000F0E700BF2DE9F84304468069B0F5C07FDB
:10D7500052D81D46C0F5C073AB424DD3C5F5C0735A
:10D760001B1A9342164647D3DFF898904FF4C072C5
:10D770000F46484600210CF0A8FFD4F89430A26967
:10D78000D4F8980049469847002838D1D4F8188032
:10D790003DB1D4E925302A4609EB0801984770BB12
:10D7A000A84407B1C6B9174942460846FFF73EFEEE
:10D7B000054638B113484FF4C071FFF72DFE2846D7
:10D7C000BDE8F8830F492046FFF718FF05460028FB
:10D7D000F0D101232361EDE709EB08003946324619
:10D7E0000CF04BFF0749B04442460846FFF71EFEC7
:10D7F00005460028DED1E5E76FF03705DFE76FF07B
:10D800003305DCE7E465002010B5A42204460021BE
:10D810000CF05BFF064B4FF0FF314FF6F0722161C9
:10D82000E26104F19C001B68BDE81040184700BF8E
:10D83000080900202DE9F04385B005460F4616463D
:10D8400000211022684699460CF03FFF1D4B05F160
:10D850009C081B684046984720B10446204605B006
:10D86000BDE8F08305F12004204600F047FFAA69D7
:10D87000C5E925762E69E2B92022002EAA611FDBB8
:10D8800020466946802200F04FFF044630B90C9ACA
:10D89000334649462846FFF755FF04460A4B4046A3
:10D8A0001B689847002818BF0446204605B0BDE80D
:10D8B000F083002EE4DA172A02D801325608DFE797
:10D8C0000026DDE704090020000900202DE9F04FC3
:10D8D0008DB0B2F5806F169F00F2E380B7F5807FC0
:10D8E00000F2DC80044615460E462022002104A8E2
:10D8F00098460CF0EAFE6C4B04F19C091B68484604
:10D9000098478346002840F092802269E3699A4252
:10D9100000F391806369002B40F08D80002F40F070
:10D92000A980DFF888A16F46002D00F0988004F1EF
:10D9300020086F460EE0102DAB4628BF4FF0100BAD
:10D9400030465A4639460CF098FEB5EB0B055E445E
:10D9500000F08580E37B0133DBB2E373002B4DD114
:10D96000A37B0133DBB2A373002B47D1637B01336D
:10D97000DBB26373002B41D1237B0133DBB2237312
:10D98000002B3BD1E37A0133DBB2E372002B35D1BC
:10D99000A37A0133DBB2A372002B2FD1637A013358
:10D9A000DBB2637253BB237A0133DBB223722BBB2E
:10D9B000E3790133DBB2E37103BBA3790133DBB25B
:10D9C000A371DBB963790133DBB26371B3B9237936
:10D9D0000133DBB223718BB9E3780133DBB2E3703F
:10D9E00063B9A3780133DBB2A3703BB96378013329
:10D9F000DBB2637013B92378013323703B462246B0
:10DA00000121404600F0AAFE8346002893D0DAF8B0
:10DA10000030484698472021034604A8002B18BF31
:10DA20009B46FFF7F9FC10213846FFF7F5FC5846F6
:10DA30000DB0BDE8F08F3A46414600232046FFF77F
:10DA400081FEDFF868A000283FF46DAFDAF80030FF
:10DA500048469847834600283FF465AFE7E704A9A6
:10DA60002046FFF7CBFD83460028D0D12369013340
:10DA70002361CCE73A46414604A8FFF7D7FC83462A
:10DA800018B1DFF828A06F46C1E704A92046FFF7C8
:10DA9000B5FD834600283FF444AFF2E76FF0370B43
:10DAA000C5E76FF0350BC2E704090020000900202C
:10DAB0002DE9F043202B8BB01D4606468846914643
:10DAC00026D8DBB202AF8DF80480B0468DF8053061
:10DAD00058F8041B21B9404600F084FE044640B9C2
:10DAE00001233360022201A9404600F08FFE044664
:10DAF00038B138462021FFF78FFC20460BB0BDE837
:10DB0000F0832A464946404600F080FE0446F0E78E
:10DB100002AF1946104600233A4600F0FDFF0446C6
:10DB20000028E6D12023B9461D46CCE7F0B5D0F851
:10DB3000F830A7B0002BD8BF02AE2CDDD0F80C41D6
:10DB40000546002302AE0193A4F10107D0F80001BD
:10DB5000D5F8FC4001AB90223146A047B7FA87F7D1
:10DB60007F09044610B9019B3BB9A7B1304690210B
:10DB7000FFF752FC204627B0F0BD0146324628464A
:10DB8000FFF796FF50B9D5F80431019A1344C5F850
:10DB90000431002FEAD16FF03C04E7E70446204649
:10DBA00027B0F0BD70B50025044604F58876142230
:10DBB0002946C0F8F850FC300CF087FD08222946B1
:10DBC00030460CF082FD154B30461B6898472046C6
:10DBD00040F8045B00F0ECFD114B30461B689847A1
:10DBE000D8B9D4F8F830AB4211DC03EB830204EB74
:10DBF00082022021C2F808110121C2F80C11013360
:10DC00000849C2F80001C2F8FC10C4F8F830064B0D
:10DC100030461B68BDE87040184770BD08090020F9
:10DC20000409002001E60200000900202DE9F04768
:10DC3000202A88B079D83E4B00F588791B680446C5
:10DC400048461746884698470546F8B9D4F8F8304C
:10DC500040F20116002B64D02046FFF767FF05460F
:10DC600038B9D4F8F830002B14DC013EF2D16FF053
:10DC70003B056E4620213046FFF7CEFB2D4B484634
:10DC80001B689847002818BF6FF01D05284608B08C
:10DC9000BDE8F087D4E94132934203D3D4F80C2194
:10DCA000012A02D0013ED7D1E1E71F2BFAD96E46F7
:10DCB00001462022304604F1040A0CF006FD3146EC
:10DCC000504600F0CDFD05460028D3D1504600F067
:10DCD00083FD504600F06CFD2946504600F082FD61
:10DCE00005460028C6D150462022314600F08EFD60
:10DCF00005460028BED1034632462021304600F0BA
:10DD00000BFF05460028B5D1D4F8F830002BC4BF6E
:10DD10000023C4F804313A46404631460CF0ADFCCD
:10DD2000A8E76FF03F056E46A4E76FF03B05ADE74F
:10DD3000040900200009002030B58DB00021282200
:10DD400002A801910CF0C1FC02A800F00DFF0446EE
:10DD500010B120460DB030BD174D4FF0FF3128688F
:10DD600000F044F9044620B11448FFF733FA012CBF
:10DD700018D0002000F06AF9D0B9114A02A901A810
:10DD800000F030FC0446012000F060F960B928681A
:10DD900000F034F90028DCD00A48FFF71BFA2046CF
:10DDA0000DB030BD0524F2E70748FFF713FAEEE7A0
:10DDB0000648FFF70FFAE0E7EC080020B8D50300AB
:10DDC0006467002010D60300F0D50300D0D503000F
:10DDD00030B583B000F05CF828B100F0ABF8032454
:10DDE000204603B030BD00F077F8D8B900F02EF926
:10DDF000E0B9224CD4F828391B0EF02B0AD1D4F804
:10DE0000242A1F4B9A4231D000F044F8072400F036
:10DE100091F8E5E700F03EF800F08CF80624204683
:10DE200003B030BD0424204603B030BD00F032F80A
:10DE300000F080F8FFF780FF044698B9114D2B6879
:10DE4000002BCDD102460146FFF7E6F950B90E4945
:10DE500001AB6822FFF710FA20B90C4B2B6020466B
:10DE600003B030BD0524204603B030BD012000F0D2
:10DE7000EDF80028DAD1C4F80C0ADBE700B0025054
:10DE80000000E02084690020886900205AEA5A5A7C
:10DE90000020704700207047430504D5044B4FF025
:10DEA000FF32C3F80821024BC3F8080A704700BFCD
:10DEB00000B00250014BC3F8040A704700B0025092
:10DEC00008B100F06BB84FF47500704708B100F06E
:10DED0004FB84FF47500704710B5114800F072F854
:10DEE00000B110BD0F4800F06DF80028F9D10E4CBC
:10DEF000204600F067F80028F3D10C4B0C481C605A
:10DF000000F060F801460028EBD100F02DF804463F
:10DF100008B1204610BD00F07BF82046FAE700BFAC
:10DF2000FC080020F8080020F4080020EC0800207D
:10DF3000F008002008B5084800F04EF8074800F047
:10DF40004BF8074800F048F8064800F045F8BDE8EF
:10DF5000084000F00BB800BFFC080020F8080020C3
:10DF6000F4080020F008002000207047704700BF30
:10DF700010B4094C0246D4F8003A1342FBD021B148
:10DF8000D4F804310B60C4F80831034BC3F8082AF5
:10DF9000002010BC704700BF00B00250044AD2F805
:10DFA000003A1842FBD0C2F8080A0020704700BFB0
:10DFB00000B002500CF06FBB0CF087BB0A4600218A
:10DFC0000CF083BB08B5034B02681B6810689847C8
:10DFD000002008BDB808002008B5034B02685B6844
:10DFE00010689847002008BDB8080020024B02685E
:10DFF0009B681068184700BFB808002008B5034B9D
:10E000000268DB6810689847002008BDB808002047
:10E0100070B5094C094D2069AB68984718B1084B99
:10E0200008485B689847084AEB682069002111603E
:10E03000BDE87040184700BFA4080020B8080020C1
:10E040009C08002028D60300F0690020F8B51A4D7E
:10E050001A4E0446B26828699047E8B9184F3B68E1
:10E060004CB1A3B1012B19D0013B3B602869F36887
:10E0700098470020F8BD43B9124A0121C2F80015A3
:10E080001149D1F81029002AFBD101333B60F36814
:10E09000286998470020F8BD0C48F8BD0A4AD2F814
:10E0A0001039002BFBD1074A6FF07E40C2F80035D3
:10E0B000FFF700FF3B68D7E7A4080020B80800205E
:10E0C000F069002000A0025000B00250E98FFFFF6D
:10E0D000014B1B68184700BFB8080020014B9B6824
:10E0E000184700BFB8080020014BDB68184700BF85
:10E0F000B80800202DE9F047002878D00C46002908
:10E1000075D01D46002B72D007461AB1012200239C
:10E110002A6003602B68002B64D02946204600F05B
:10E12000DBFD804600285FD12868214600F0BAFD5B
:10E130008046002858D12B68082B6CD0042B6DD05A
:10E14000A3F10209B9FA89F94FEA5919354E0121AB
:10E15000C6F8C411C6F84011C6F8C411636AC6F8FF
:10E160003031D6F830219342F6D14FF0000A4FF00B
:10E17000FF30C6F82CA1FFF78FFE6FF01B03C6F827
:10E1800000315046FFF796FEC6F80C91D6F8040A07
:10E1900040F48060FFF78EFE0A23C6F83831089BF2
:10E1A000012B29D02369204AA2FB03231B09626AA1
:10E1B00002FB03F303EB43031A4ADB039B09C2F898
:10E1C000D8310123C2F82C313B682A6823F07F4301
:10E1D00043EA02633B602A6843EA02233B6040460D
:10E1E000BDE8F087DFF844804046BDE8F087DFF8FF
:10E1F00040804046BDE8F0874FF08053D3F80C2CA8
:10E20000013206D0D3F80C3C074AA2FB03231B09BA
:10E21000CDE71623CBE74FF0030997E74FF002094C
:10E2200094E700BF00B00250ABAAAAAA310CF100DB
:10E23000350CF10050B34B1EB3F5047F26D24FF0DE
:10E24000000C30B5CD00E6466446630904F01F01BA
:10E2500050F823301F2923FA01F306D003F00103FD
:10E260001CB901249E46A446EFE79E4504F1010433
:10E2700006D09E464FF0010CAC42E6D1002030BDE6
:10E280000CF1010C9445F7D1014830BD00487047AE
:10E29000360CF100C8B32DE9F0434C1EB4F5047FF1
:10E2A0001CD2DBB1D2B14FF0000ECF007646F04663
:10E2B000754603F1FF396C0905F01F0150F8244041
:10E2C0001F2924FA01FC0CD00CF0010C4DB90126D9
:10E2D000E0463546B646EEE7964218D90D48BDE809
:10E2E000F08373450CD0C44508BF0136F145F3D027
:10E2F0000EF1010E0135BD42DDD10020BDE8F083F5
:10E300004FF0010EE0467646F4E7024870479E461D
:10E31000F0E700BF370CF1002DE9F04F91B00D464A
:10E32000DDE91B41824600296ED1286906901A98C2
:10E330001C6000230360002A00F02E819C4B6A6A57
:10E34000D3F83811D3F830319A4269D10A2967D10C
:10E350009AF80330089304F1080306990793954B44
:10E36000934CA3FB01239B0803EB4303A1EB430363
:10E370000393042305931A9B069E1E60002E00F053
:10E38000E980002700F0B8FC0997BAF1000F00F00F
:10E39000D580DDF81C804FF00109002D00F0CE8003
:10E3A000089B002B3ED008A9284600F095FC0028C9
:10E3B0003AD0814B984220D0089B082B00F0E48093
:10E3C0005B0000220893009208AB29465046FFF7F5
:10E3D00091FE7A4B984200F0D38070B9DAF80020B1
:10E3E000130A03F47F03134323F07F43CAF800307A
:10E3F000059B013B0593BED10020039000F07CFCFF
:10E40000039811B0BDE8F08F4FF08050D0F80C6C3D
:10E41000013614BFD0F80C0C4FF40470069086E758
:10E420006748EAE76548C4E70898294600F03AFCDF
:10E430000028BED1089B082B00F0A880042B00F018
:10E44000A880A3F10203B3FA83F35B090493C4F831
:10E45000C491C4F84091C4F8C4916B6AC4F83031D7
:10E46000D4F830219342F6D14FF0000BC4F82CB110
:10E470004FF0FF30FFF710FD6FF01B035846C4F854
:10E480000031FFF717FD049BC4F80C31D4F8040ADF
:10E4900040F48060FFF70EFD0A23C4F838312B6981
:10E4A000ABF1553BABFB03236A6A1B0902FB03F389
:10E4B00003EB4303DB039B09C4F8D831C4F82C9168
:10E4C000DAF80030089923F07F420B0243EA016337
:10E4D0001343CAF8003009A800F0D4FB099B03F0ED
:10E4E0001A0303437FF468AFABFB063BD4F8143147
:10E4F0000A93D4F818310B93D4F81C310C93D4F848
:10E5000020310D93D4F824310E93D4F828310F9391
:10E51000B7EB9B0F01D1039B93B9404618220AA980
:10E52000183EFFF747FD08F11808013796B100F0D3
:10E53000E3FB00230993002D7FF432AF214838E735
:10E540004046F61A1A460AA998440137FFF732FDE9
:10E55000002EECD1069F079E6A6939463046FFF7C8
:10E5600069FEAA6940B94FF4806339463046FFF727
:10E5700091FE00283FF440AF1A9A0023136018E779
:10E580002B6A002B3FF439AF0F4836E7032304937F
:10E590005DE7022304935AE7009108AB0122294664
:10E5A0005046FFF7A7FD00283FF4D5AE25E700BF92
:10E5B00000B00250ABAAAAAA020CF100310CF10083
:10E5C000300CF100350CF100320CF10010B4DDE933
:10E5D00001340194039C02940024039410BCFFF7BF
:10E5E0009BBE00BF10B586B005AB0124CDE9012468
:10E5F0000093002204ABFFF78FFE06B010BD00BFF2
:10E60000F0B587B0002966D01E46002B63D01446B3
:10E61000002A60D0314F0D4638684FF0FF31FFF7C8
:10E62000E5FC00284DD10020FFF710FD002844D163
:10E630002B4800F099FA0346D8B101204FF0FF357E
:10E64000FFF704FD002834D126484FF40871FEF787
:10E65000D9FE25480421FEF7D5FE21482821FEF7E2
:10E66000D1FE3868FFF7CAFC00282ED1284607B033
:10E67000F0BD1C4A029205AA019204AA03900092DE
:10E68000174919481A46FFF7A1FF03460028D4D1BD
:10E6900028461D46059B04999C42224628BF1A46DF
:10E6A00032600831FFF786FC0120FFF7CFFC00281D
:10E6B000CAD00E48FEF78EFDC6E70D48FEF78AFD6C
:10E6C000B6E70C48FEF786FDADE70B48FEF782FD86
:10E6D000284607B0F0BD4FF0FF35C7E7EC08002033
:10E6E000F8690020206A0020F4690020F0D50300BA
:10E6F000D0D50300B8D5030048D6030010B50446B2
:10E7000030B1002201236265A265E365236610BD76
:10E710000148FEF75FFDF4E760D6030018B17422EC
:10E720000021FFF749BC704790B1A1B110B5802A14
:10E730004FF00004846380F83C4006D1102204634B
:10E740001044FFF737FC204610BD6FF01F0010BDCE
:10E750006FF0210070476FF01F00704728B322B39D
:10E760001BB3012921D870B50446816B86B017D040
:10E77000012917D1102500210DEB05066163104614
:10E780000095019602AA294600F0C2FA50B92B461C
:10E79000324602A9204600F043FD18B906B070BD0C
:10E7A0000029E7D06FF02100F8E76FF021007047F3
:10E7B00010B5044628B12046F421BDE81040FFF70B
:10E7C000FDBB0448FEF706FD2046F421BDE81040DD
:10E7D000FFF7F4BB74D6030010B1F421FEF712BEAC
:10E7E000704700BF08B521B1012908D06FF036008D
:10E7F00008BD012100F058F80028F7D108BD02211A
:10E8000000F052F80028F9D0F0E700BF30B5054617
:10E810008818B0F5801FA1B00B46144601D8802A95
:10E820000CD9B3F5801F17D922461946284600F0A7
:10E830007DF8044684B9204621B030BD6846FFF714
:10E84000B9FB22466946284600F070F8802104464C
:10E850006846FFF7B3FBEDE76FF03604EBE700BF68
:10E8600070B5E8B10E46D9B1044600F031F805465E
:10E87000B0B92368012B0BD0022B01D0284670BD04
:10E880001C2204F108013046FFF794FB284670BDB6
:10E89000202204F108013046FFF78CFB284670BDAA
:10E8A0006FF03605EAE700BF78B138B504460D468B
:10E8B000F021FFF783FB40232560E365204600F04D
:10E8C0005BFA003818BF012038BD0120704700BF37
:10E8D00070B5056EA4B0044604AEE5B9012200236C
:10E8E00062603046CDE9003302AA294600F010FAF2
:10E8F00010B1012024B070BD2A4602A9204600F0C4
:10E9000063FA0028F5D1204600F074FB0028F0D10E
:10E91000206624B070BD802D2A4600F1640128BF16
:10E9200080223046FFF746FB256ED7E7002800F02F
:10E93000AE802DE9F04F1446A5B0002A3DD00F4619
:10E94000002949D0B2F5803F0546006E20D34FF62E
:10E95000FF7805F1640AEB6D1A1AB2FBF3F103FBC1
:10E960001122002A65D18342B9464FF6FF7672D054
:10E97000B6FBF3FB03FB0BFBBBF1000F30D1002E0A
:10E9800045D1A4F57F44FF3CB4F5803F4744E2D233
:10E99000EA6D161AB6FBF2F302FB1366A64228BF15
:10E9A0002646002E75D1824200F08D80B4FBF2F62F
:10E9B00002FB06F62EB9002C79D1002025B0BDE867
:10E9C000F08F0023CDE9003302AA3146384600F02B
:10E9D0009FF9002800F09580012025B0BDE8F08F58
:10E9E0000023CDE9003302AA5946484600F090F9C9
:10E9F0000028F1D102A95A46284600F0E5F900287E
:10EA0000EAD1A6EB0B06286ED944002EB9D01930F6
:10EA1000494605EB80003246FFF7CCFAA4F57F4467
:10EA2000286EFF3C3044B4F5803F4744286692D2BC
:10EA3000AEE7424528BF4246504439461646FFF7E6
:10EA4000B9FA286EEB6D3044834207EB060928665D
:10EA5000A8EB06068CD1802B28BF80231A4651468E
:10EA600004A8FFF7A7FA0023CDE9003302AAE96D55
:10EA700004A800F04DF90028AED1EA6D02A928469D
:10EA800000F0A2F90028A7D1EB6D286670E70120FD
:10EA9000704705F16403394632461844FFF78AFA95
:10EAA000286EEA6D3044A41B374428667BE72B6E42
:10EAB000193305EB830022463946FFF77BFA2B6EAC
:10EAC00023442B6679E7802A28BF802205F1640160
:10EAD00004A8FFF76FFA0023CDE9003304A8E96D1D
:10EAE00002AA00F015F900287FF476AFEA6D02A9BA
:10EAF000284600F069F900287FF46EAFEA6D2866B9
:10EB000054E702A93246284600F05EF900287FF457
:10EB100063AF3744A41B4EE7F8B51C4605461148C1
:10EB20000E461746FFF744FE21460E48FFF75AFEF1
:10EB3000044620B10B48FFF74FFE2046F8BD0948B8
:10EB400032462946FFF762FE04460028F2D13946D4
:10EB50000448FFF785FE04460248FFF73DFE2046C5
:10EB6000F8BD00BF406C002030B583B01C2301A964
:10EB70000546019300F032F8044638B9019B1C2B7E
:10EB800007D0144C1C212846FFF718FA204603B082
:10EB900030BDD5E90112131E18BF012300392A68C0
:10EBA00018BF01219B0043EA4103002A18BF43F02C
:10EBB0000103EA680120E8612AB9C5E90834002B9D
:10EBC000E4D1054CDEE743F008032046C5E90834EC
:10EBD00003B030BD370CF0000E0CF00018B111B1CD
:10EBE0000B681C2B01D0012070474FF08053D3F8E5
:10EBF000102C013214BFD3F8102C41F25C224FF0DC
:10EC000080530260D3F8142C013214BFD3F8142CB3
:10EC100041F664124FF080534260D3F8182C013251
:10EC200014BFD3F8182C40F6D8624FF0805382609E
:10EC3000D3F81C2C013214BFD3F81C2C41F28832BB
:10EC40004FF08053C260D3F8002C013214BFD3F8C8
:10EC5000002C90224FF080530261D3F8042C013233
:10EC600014BFD3F8042C51224FF080534261D3F8E3
:10EC7000082C013214BFD3F8083C40F237338361CB
:10EC80000020704708B501464FF48060FFF71EF979
:10EC9000034B0022C3F8C821C3F82C2108BD00BFD4
:10ECA00000B002500138072805D8DFE800F0100E48
:10ECB000040A0404040607487047CB684B6200202E
:10ECC00070478B684B62002070474B68F6E70B6813
:10ECD000F4E700BF310CF1000B6802E0082B0B6079
:10ECE00006D8026A13424FEA4303F7D00020704768
:10ECF00000487047310CF100044B0022C3F82C216E
:10ED00004FF48060C3F8C421FFF7C6B800B00250CA
:10ED1000F0B583B01D46B0F1005F4FF000038DF8F1
:10ED2000073024D38C468444BCF1804F04461ED85F
:10ED300017460DF10703012200F064FE0646B0B944
:10ED4000099A9DF807303C603B7192B14DB1024683
:10ED500008990DF10703284600F054FE38B99DF8D4
:10ED60000730099A30461560137103B0F0BD4FF4B7
:10ED70007506304603B0F0BDD8B108B50368012B65
:10ED800004D0022B0FD043B10B4808BD0B49202201
:10ED90000830FFF70FF9002008BD09491422083098
:10EDA000FFF708F9F7E7074920220830FFF702F9D3
:10EDB000F1E74FF4730070470100F30084D60300BD
:10EDC000C4D60300A4D603002DE9F843002900F0BF
:10EDD000F9800446002800F0F980036890460F4649
:10EDE000002B00F0C380013B012B00F2D780794853
:10EDF0004FF0FF314FF00209FFF7F8F8002840F01C
:10EE0000BF800020FFF722F90646002840F0C280AC
:10EE1000714AD2F81C39002BFBD16F4DD5F8203C3C
:10EE2000002BFBD14FF0FF30FFF736F8D5F8040A7E
:10EE300020F04000FFF73EF801230722C5F81838FC
:10EE4000C5F80029C5F8C437A36CC5F8CC37E36C06
:10EE5000C5F8D037C5F8C09723685BB1013B012BDB
:10EE600018D8636AC5F85C36236AC5F85836E36972
:10EE7000C5F85436584BA269C3F850266269C3F8E6
:10EE80004C262269C3F84826E268C3F84426A268E3
:10EE9000C3F84026504AD2F81039002BFBD1B8F104
:10EEA000000F5FD06368012B08BFC2F884364A4B5D
:10EEB0003A68C3F8282C4020C3F82C8CFFF700F8E0
:10EEC0000646454AD2F81039002BFBD1424AD2F807
:10EED000203C002BFBD123685BB1013B012B18D8F0
:10EEE000D2F85C366362D2F858362362D2F85436D0
:10EEF000E361394BD3F85026A261D3F84C26626106
:10EF0000D3F848262261D3F84426E260D3F840368D
:10EF1000A360314AD2F8CC17A164D2F8D017E164CB
:10EF200000230121C2F8C417C2F88436C2F8C837DA
:10EF3000D2F81039002BFBD1C2F81838002E3BD183
:10EF4000254BD3F8040A40F04000FEF7B3FF012040
:10EF5000FFF77CF860BB1F48FFF750F810BB304646
:10EF6000BDE8F8830423C2F8C837AAE719484FF070
:10EF7000FF314FF00109FFF739F800283FF441AFA6
:10EF80001648FEF727F90020FFF760F8064600282C
:10EF90003FF43EAF1248FEF71DF939E7114E3046F7
:10EFA000BDE8F8831048FEF715F93046BDE8F88350
:10EFB0000E48FEF70FF9CEE7102104F10800FEF726
:10EFC000FDFFBDE70A4E3046BDE8F8834FF47306F7
:10EFD000C5E700BFFC08002000B00250B8D5030010
:10EFE000D0D503000100F30010D60300F0D50300D4
:10EFF0000300F30098B370B4D0E90241D0E90423D0
:10F0000026BA0DBA14BA19BAD0E9062312BAC0E961
:10F0100004418261D0E90842C0E902651BBA25BA01
:10F02000C0E9073514BAD0E90B23816A12BA09BACC
:10F03000C0E90941C262D0E90D421BBA25BAC0E954
:10F040000C3514BAD0E91023C16B12BA09BA1BBA35
:10F05000C0E90E41C0E91023002070BC70474FF496
:10F0600073007047002847D090F83C30002B34D014
:10F07000032B10B513D02248224C2268224B126871
:10F08000C3F8002422685268C3F8042422689268F6
:10F09000C3F808242268D268C3F80C2410BD016BA1
:10F0A000006C184C00F0A8FB0028E6D12268164B33
:10F0B0001268C3F8002422685268C3F80424226846
:10F0C0009268C3F808242268D268C3F80C2400F0C0
:10F0D000A1FB0028D1D1002010BD0B4B0269C3F861
:10F0E00000244269C3F804248269C3F80824C26971
:10F0F000C3F80C24002070474FF47100704700BF24
:10F100000900F100E808002000B00250374A38B585
:10F110000446D2F81039002BFBD1344AD2F87034AF
:10F12000002BFBD1314AD2F8203D002BFBD12F4AD6
:10F13000D2F8203C002BFBD12C4AD2F8383D002BD2
:10F14000FBD12A4DD5F8383C002BFBD14FF0FF30D6
:10F15000FEF7A2FE636BD5F8040A23F00403032B29
:10F16000E36D39D0012B0CBF20F0800020F020008F
:10F17000FEF7A0FE1D4A0123C2F80039D2F810396B
:10F18000002BFBD1194AD2F87034002BFBD1174960
:10F19000C2F8BC34D1F81039002BFBD1134AD2F895
:10F1A0007034002BFBD1626B22F00401032918BFDD
:10F1B000A36B0E494FEA820218BF03F0010302F06D
:10F1C0001C021A43C1F8C024636B072B04BF012340
:10F1D000C1F87C34002038BD012B0CBF20F040006A
:10F1E00020F01000FEF766FEC4E700BF00B002503A
:10F1F000094A0A4B11680968C3F800141168496884
:10F20000C3F8041411688968C3F808141268D26836
:10F21000C3F80C24704700BFE808002000B002507B
:10F220002DE9F04F85B0002900F0EC809046002ACF
:10F2300000F0E8800546002800F029819946C36D5A
:10F240000E46002B52D1B9F5805F54D295F83C3070
:10F25000042B00F0FF800027AD484FF0FF31FEF790
:10F26000C5FE002840F0D5800020FEF7EFFE002804
:10F2700040F0D880A7480123C0F81038D0F81049D2
:10F28000002CFBD16B6B032B3ADC002B3BDAA24C3E
:10F29000A04AD2F81039002BFBD1002F40F0D180CA
:10F2A0006B6BEA6D23F00403032B9A4BD3F8040A2B
:10F2B00000F09F80012A0CBF40F0800040F0200049
:10F2C000FEF7F8FD934B0022C3F810280120FEF74B
:10F2D000BDFE002840F0B1808D48FEF78FFE00286B
:10F2E00040F0A480204605B0BDE8F08F012BADD1E1
:10F2F000B9F5803FAAD3894C204605B0BDE8F08F10
:10F30000063B012BC3D8AB6B012B00F2BE80EB6D2B
:10F31000012B7CD82B6E012B00F2E8802846FFF7EA
:10F32000F5FE04460028B3D12846FFF79BFE0446AD
:10F330000028ADD16B6B072BA9D801229A4012F09F
:10F340008A0F40F0D58012F0440F40F0BA80D20707
:10F350009DD523F00403032B32680DD02B6ED8F813
:10F360000010012B6B4B0BBFC3F8281DC3F8301DD9
:10F37000C3F82C9DC3F8349DEB6D012B654B0BBF7F
:10F38000C3F8282CC3F8302CC3F82C9CC3F8349C49
:10F390006B6B23F00403032B00F0A2802B6E012B78
:10F3A00014BF20208020FEF78BFD044600287FF448
:10F3B0006FAF584BD3F81049002CFBD1696B07296C
:10F3C00014D801228A4012F08A0F40F0BB8012F05C
:10F3D000440F0BD0D3F860242A60D3F864246A6009
:10F3E000D3F86824AA60D3F86C34EB600123AB65D2
:10F3F0004EE7012A0CBF40F0400040F01000FEF73D
:10F4000059FD5FE7464C204605B0BDE8F08F454CFE
:10F410003EE74548FDF7DEFE0020FEF717FE002818
:10F420003FF428AF4148FDF7D5FE23E74048FDF7FC
:10F43000D1FE204605B0BDE8F08F3E48FDF7CAFE7C
:10F440004AE7042385F83C30202105F11000FEF73F
:10F45000B5FD25E7296B286C00F0C0F998B9364F47
:10F460002C4C3B681B68C4F800343B685B68C4F8EC
:10F4700004343B689B68C4F808343B68DB68C4F814
:10F480000C34296B31B10127E6E62C4C00E74FF430
:10F49000710427E72B6D0193EB6C009305F1100AC3
:10F4A0004FF0100BCDF808A0CDF80CB0D5E9112322
:10F4B000286C00F0B9F9002851D1002385F83C30C0
:10F4C000E1E7144B2A68C3F860246A68C3F864242F
:10F4D000AA68C3F86824EA68C3F86C246B6B38E741
:10F4E000EB6D012B14BF102040205CE7144CCFE6DD
:10F4F000084B2A68C3F840246A68C3F84424AA6801
:10F50000C3F84824EA68C3F84C246B6B21E700BFBA
:10F51000FC08002000B002500100F1000500F100DD
:10F520000B00F1000300F100B8D50300D0D50300B3
:10F5300010D60300F0D50300E80800200200F10017
:10F540000400F100D3F840242A60D3F844246A6010
:10F55000D3F84824AA60D3F84C34EB6046E73B6804
:10F560001B68C4F800343B685B68C4F804343B682B
:10F570009B68C4F808343B68DB68C4F80C3459460F
:10F580005046FEF71BFD98E72DE9F04109B302B3A1
:10F590000446002800F0AF801D46436B072B0E4643
:10F5A0001BD05DB9032B10D1836D73B900F16403D7
:10F5B00045668566C56605670B6010252B46314696
:10F5C0002046BDE8F041FFF72BBE2F463846BDE888
:10F5D000F081764F3846BDE8F081C36D002B40F0D6
:10F5E0008D80B5F5805F80F090801DB9A36D002BF4
:10F5F00040F08B806E484FF0FF31FEF7F7FC00289B
:10F6000040F08F800020FEF721FD002840F085802B
:10F61000684A0123C2F81038D2F81039002BFBD108
:10F62000636B032B4FDD063B012B4ED8A36B012BE5
:10F630006DD8E36D012B78D8236E012B77D8204647
:10F64000FFF764FD0746002840D12046FFF70AFD7A
:10F65000074600283AD1626B072A36D80123934027
:10F6600013F08A0F40F0818013F0440F6FD1DB0755
:10F670002BD5504B0122C3F87C24C3F8BC5431680D
:10F68000002D56D1A16D09B9C3F82425494BD3F8F3
:10F690001079002FFBD1616B072917D801228A400E
:10F6A00012F08A0F6FD112F0440F0FD0D3F86024FC
:10F6B0002260D3F864246260D3F86824A260D3F88F
:10F6C0006C34E36002E0002BB0DA3B4F394AD2F8E9
:10F6D0001039002BFBD1C2F810380120FEF7B6FC20
:10F6E000B8B93348FEF78AFC00283FF46FAF3348BF
:10F6F000FDF770FD6AE74FF4710767E7012B7FF4B0
:10F7000074AFB5F5803FFFF470AF2D4F5EE72D4F1E
:10F71000DCE72D48FDF75EFDE3E72C48FDF75AFDD9
:10F7200076E72B48FDF756FD6CE72A4FCEE72A4FC8
:10F73000CCE7E26D012A33D0C3F8301C1020C3F8A7
:10F74000345CFEF7BDFB074600289FD0BEE7194B8F
:10F750002268C3F860246268C3F86424A268C3F80E
:10F760006824E268C3F86C2483E7124B2268C3F86C
:10F7700040246268C3F84424A268C3F84824E268BD
:10F78000C3F84C2475E7D3F840242260D3F844240E
:10F790006260D3F84824A260D3F84C34E36095E764
:10F7A000C3F8281C4020C3F82C5CCAE70B00F1000A
:10F7B000FC08002000B002500100F10010D6030048
:10F7C0000500F1000200F100F0D50300D0D50300E0
:10F7D000B8D503000300F1000400F10029B9044B7F
:10F7E000002814BF1846002070470248704700BF29
:10F7F0000100F7000300F70029B9044B002814BFEB
:10F800001846002070470248704700BF0100F7000B
:10F810000300F700034B00200122C3F8380AC3F8A5
:10F820007824704700B002502DE9F047CCB0002496
:10F83000579DDDF858818246894616462146742236
:10F840000EA81F460AF041FF802221462CA82B94C7
:10F850000AF03BFF8423B5F57F6FCDE90A44CDE97B
:10F860000C44059363D8FFF7C3FC05AB30462BAEC1
:10F8700001930295DDE954233946009600F062F8C1
:10F8800000284FD103238DF813309DF813308DF8E5
:10F890007430072300221C9010210EA81B93012412
:10F8A0000123CDE92423CDF86890CDF878A02694E3
:10F8B0000DF12009FEF782FB102200920599CDF888
:10F8C00004900AAB304606AAFFF722FA074670B149
:10F8D0001DE00EA908EB0700FEF76CFB10210EA837
:10F8E000FEF76CFB0134AD1B3744E4B224D0102D7D
:10F8F0004A46059B8DF8AC4006A90EA82E4628BFA7
:10F900001026FFF741FE32460028E2D007460EA837
:10F9100074220021FEF750FBFFF76AFC38464CB01A
:10F92000BDE8F087054F38464CB0BDE8F087044F7E
:10F9300038464CB0BDE8F0872F46E8E70E00F100EE
:10F940000F00F1002DE9F04182B01E460A9D002310
:10F95000B5F57F6F01933ED8ED00B5F5807F174672
:10F9600001F1FF3234BF032304233F2A0C460093E6
:10F9700031D880B366BB089A6AB3099A116851B34B
:10F98000A2191344994226D3089B01462246581CCB
:10F99000FEF710FB089B04F102081C44002363706F
:10F9A00026BB089B0095FF2D03EB080017D92B02FF
:10F9B0009BB243EA1523022201A90193FEF7FAFA4A
:10F9C00008F10203099A0020136002B0BDE8F0813B
:10F9D0000FB1402ECFD90A4802B0BDE8F081012214
:10F9E0006946FEF7E7FA08F10103EBE7089B3246A8
:10F9F00003EB08003946FEF7DDFAB044D1E700BF5B
:10FA00000600008000201870704700BF0CB430B5AD
:10FA100089B005460C461C22002101A80AF055FEBB
:10FA200002238DF806300E4B0293059523462CB128
:10FA3000B4F1004F28BF4FF00043013B1D440DAA15
:10FA40000C99069501A8009200F072F814B1059B7C
:10FA500000221A7009B0BDE8304002B0704700BF04
:10FA600015A80300242AF0B5044601D8012A40D184
:10FA70000AF0D8FE2D4B16221A5001B10C6000205E
:10FA8000F0BD2F463D4615F8010B2028F9D0A0F116
:10FA90000906042E0346F4D92B282CD02D282CD16E
:10FAA00001267B78BD1C302B2DD1287840F020001A
:10FAB000782824D132F0100021D16B782C46102206
:10FAC00002350020392B82BF03F1FF3343F02003BE
:10FAD000263B303B9A421AD9A0FB02040CB9C0184D
:10FAE00001D346F002062F462C4617F8013B3D464F
:10FAF000E8E70746C6E70026D3E70026D3E7002A53
:10FB000008BF0822DDE7002A08BF0A22D9E701B1B1
:10FB10000C60F20748BF4042B307B1D50AF082FE3D
:10FB2000024B22221A504FF0FF30A9E70C000000D0
:10FB30002DE9F04F8DB043680293837815469A07FC
:10FB4000804640F10D8100240E78002E00F00A81DD
:10FB5000252E0BD04B1C03930134029B41463046AB
:10FB600098470028C0F2F6800399EDE74E788B1C89
:10FB7000252E0393F0D00027B946BB46BBF11F0FDB
:10FB800038D8A6F12003102B0AD8DFE803F02A09A1
:10FB900009300909092109090928092D09091F0046
:10FBA000A6F13003092B33D92A2E37D11BF0400F91
:10FBB00055F8043B40F08280002BA7BF4BF0200B90
:10FBC0009946C3F100094BF0280B01E04BF0010B03
:10FBD000039B13F8016B0393002ECFD130E04BF061
:10FBE000020B4BF0040BF3E74BF0080BF0E74BF084
:10FBF000100BEDE7BBF17F0F19D8A6F13003092BED
:10FC0000D2D81BF0400F03D00A2101FB0737DFE7F2
:10FC10000A2101FB09394BF0200BD9E72E2E06D122
:10FC20001BF0400F40F09E804BF0400BD0E76C2E55
:10FC300031D02BD8682E36D06A2E3CD04C2E3AD0FC
:10FC4000002F46F02003B8BF2BF04002A3F165015E
:10FC5000BCBF1FFA82FB0027022901D9612B2FD1DB
:10FC6000073525F00705DFF8ACA2083507271BF09C
:10FC7000080F66D00AEB070B56465E4563D1A4EB2E
:10FC80000A0A06EB0A02A9EB07096FE1742E9FD05E
:10FC90007A2E9DD0D4E71BF0800F18BF4BF4007B69
:10FCA0004BF0800B94E71BF4807F18BF4BF4007B74
:10FCB0004BF4807B8CE74BF4207B89E71F4687E77A
:10FCC000A6F16301122900F2F080DFE811F01300C1
:10FCD0004F00EE00EE00EE00EE004F00EE00EE00F2
:10FCE000EE00EE00EE00FE00E900EE00EE001B006C
:10FCF000EE00AF0055F8043B8DF8183001270DF1E8
:10FD0000180AB4E755F804AB834BBAF1000F08BFEB
:10FD10009A461BF0400F14BF39464FF0FF31504652
:10FD20000AF00DFD0746A2E7029B414620209847B6
:10FD300000280FDB013EB742F6D34C44A41BB1466A
:10FD400098E74E46F7E716F8010B029B41469847A5
:10FD5000002892DA98F8023043F0040388F8023061
:10FD60004FF0FF3420460DB0BDE8F08F1BF0800F40
:10FD700034D01BF4007F2CD0073525F00705AA46A8
:10FD800069685AF8080B2BF010050029ADB237DA74
:10FD9000404261EB410145F480650DF1180B0A23E7
:10FDA0005A460AF0D8FCA0EB0B0301936B0662D510
:10FDB000019B25F001019F4289B240F3A180002EF2
:10FDC00000F0998015F0100240F09C80BB460D4673
:10FDD00023E0AA465AF8040BC117D4E7AA461BF43D
:10FDE000807F5AF8041B01D10846F5E71BF4007F19
:10FDF00015BF48B208B241F3C01141F3C031C2E7A8
:10FE000050EA0103C9D11BF0400FC6D0002FC4D166
:10FE10002BF0110295B2BB46019740F2064115EA5C
:10FE200001021CBF0BF1010B00222CE02BF0100291
:10FE30001FFA82FB0A231BF0800C49D01BF40071CF
:10FE40001DBF073525F00705AA46AA461ABF5AF86E
:10FE5000080B69685AF8040B50EA010545D12BF0EC
:10FE600016051BF0400FADB242D0002F40D12BF051
:10FE7000170295B2019715F0100248D0019B002E91
:10FE800042D103F1010B29075AD4EB0706D5D94516
:10FE90006FDD0199A9EB0B035F18CB465B4649E088
:10FEA0004BF0100B10237826C5E7782B04D1C6F150
:10FEB000780343F01003BEE7029B41462520984794
:10FEC0000028FFF647AF023447E608230026B2E7D2
:10FED000AA461BF480715AF8040BBDD01BF40071C4
:10FEE0001ABFC0B2614680B2B6E72BF0060295B2E7
:10FEF0000DF1180B54E725F01105ADB2BB468CE7A8
:10FF00000D46B8E73B460D4603F1020BBBE7DDF8B3
:10FF100004B082E79A33040093330400CDE904323D
:10FF20004146029B202098470028FFF613AF049B10
:10FF3000059A01339945F1DCA4EB0B01CC189B46E3
:10FF40000AB3029B4146302098470028FFF602AFD3
:10FF50008EB901342744019B391B994224DC1D468C
:10FF60005DBB019AA9EB0B09224455461446914406
:10FF700035E0019F92E7023441463046029B9847A4
:10FF80000028E7DAE6E640F206410D42E2D015F03D
:10FF9000020F14BF2B20202015F4806F04F1010400
:10FFA000414618BF2D20E9E7029B41463020984783
:10FFB000002804F10104CEDACCE606AB013D41464F
:10FFC000585D029B98470028CADAC3E6029B414667
:10FFD00020209847002804F10104FFF6BBAEA9EBEE
:10FFE0000403002BF2DCBFE5F8B504460F4600F031
:10FFF000AFF828B939462046D0F7EEFC044620E099
:020000023000CC
:10000000384600F0A5F80028F4D0204600F0A0F80B
:10001000012804D12046BDE8F84000F0B3B837F01D
:1000200000453E4601D13846F5E724F00047AF428F
:10003000234606DB04F0004005D1344BC00F53F8D3
:1000400020402046F8BD14F0FF4F3ED13A026FF039
:100050007D01002A36DC16F0FF4F3CD12C026FF0F8
:100060007D02002C34DA11F17E0FB9BF6FF07D03F1
:100070005B1AC3F3160343F40003B8BF07FA03F394
:1000800012F17E0FB5BF6FF07D04C6F31606A41AF9
:1000900046F40005B8BFA540891A5C1BF1B913EA04
:1000A000240338BF2346002BC7D0B3F5000F1DDB58
:1000B00012F17E0F1DDBA3F5000303437F3243EAF9
:1000C000C254BEE701395200C3E7F9157F39C2E7D0
:1000D000013A6400C5E7EA157F3AC4E7002C02DA6A
:1000E0005B000139D9E7A8D06300FAE75B00013A69
:1000F000DBE7C2F1FF2202F57F02823213414FF0AB
:100100007E511843D0F770FD78E700BFD8D60300C2
:1001100010B103490020704702490020704700BF1A
:100120000000F0FF0000F07F10B10349002070478D
:1001300002490020704700BF0000F0FF0000F07F80
:1001400008B500F027F80149002008BD0000F87F3D
:1001500030F000400DD0A0F50003B3F1FE4F0AD3FC
:10016000074B421E9A4208D9A0F1FF43584258411A
:10017000704702207047042070470320704700BF7B
:10018000FEFF7F0008B5FFF7E3FF014808BD00BF91
:100190000000C07F0B4631F0004107D190B10D4AFD
:1001A0001A40002A14BF042003207047094A134252
:1001B0000AD0094B994209D9914209D1B0FA80F08D
:1001C00040097047022070470320704704207047A1
:1001D000002070470000F07FFFFFEF7F704700F0C6
:1001E0007BB8014640F2E73008B54FF47A7200233D
:1001F00000EBC1304914D0F78DFEBDE80840FCF794
:10020000D3B810B50524012000F0F3F8C820FFF79B
:10021000E8FF002000F0EDF8C820FFF7E2FF013C06
:10022000F1D110BD01207047BFF35B8F0068BFF3B1
:100230005B8F7047E1F76ABE0346BFF35B8F53E8FD
:10024000000F43E80012002AF9D1BFF35B8F70471B
:1002500005F0A0BB10B586B014248DF8174001241A
:1002600002940DF117040194BDF82040009407F0AA
:10027000D9FB06B010BD1FB50024CDE90144BDF87F
:100280001840009407F0CEFB04B010BD0346BFF346
:100290005B8F53E8000F421C43E800210029F8D18E
:1002A000BFF35B8F70470021FFF7C6BF38B5E1F79A
:1002B00051FE0546E1F72AFE044615B12846F0F73F
:1002C000D7FC2CB100210120BDE83840E1F768BE21
:1002D0006FF00C012046F7E7011E08BF6FF0040124
:1002E0000020E1F75DBE08B50246E2F70DFA40B125
:1002F0001046E2F7C5F900280CBF6FF01B00002084
:1003000008BD6FF08B00FBE710F11C0F05D00C301F
:1003100001288CBF002001207047012070476AB17E
:1003200063B112688A420CD263280DD90638891A43
:10033000884294BF18601960002070476FF0150064
:1003400070476FF0210070476FF07900704730B54B
:10035000B0B1ABB192B9B1B104680C1902D28579D0
:10036000FF2D02D16FF08A0208E003C883E8030082
:1003700099881C600131013599809D71104630BD0E
:100380006FF01502FAE76FF02102F7E7F0B40669A3
:100390008768336801248C4023EA040333603B6898
:1003A000F0BC1847BFF35B8F0068BFF35B8F7047EB
:1003B0000346BFF35B8F53E8000F421C43E8002164
:1003C0000029F8D1BFF35B8F7047BFF35B8F50E814
:1003D000003F40E80012002AF9D1BFF35B8F70475D
:1003E0000021FFF7F2BF10B10020E3F727B8E3F7D1
:1003F0001DB810B10120E3F721B80120E3F716B8CA
:100400000023EBF787BD00207047E2F705BCE2F759
:10041000B1BB00230380837070476429837828BFB1
:100420006421090253B90123018083700088803060
:10043000000A642828BF6420C0B27047038803EB19
:10044000430302330B449B080380EFE700290BDDD5
:10045000037813F003030AD0032B0AD101290AD031
:10046000407800F03F0070474FF0FF3070470120A8
:100470007047022070476FF00300704770B5044664
:1004800000200346934200DB70BD34F8135031F86E
:10049000136015FB06000133F4E708B5031E03DB08
:1004A000BDE80840E3F794BB5842E3F791FB4042B4
:1004B00008BD2DE9F0419046DDE90626104453F8C9
:1004C000224053F82050A5422B46B8BF2346002BAC
:1004D0000F4625DDB3FA83F3C3F11F039BB2A3F1EB
:1004E0000D02002A1DDD144145FA02F224B215B2B4
:1004F00014FB04F3013315FB05F0184402F06EFB06
:10050000013000B2A403AD0394FBF0F495FBF0F5C9
:1005100024B22DB2023F0022B24209DBBDE8F081D5
:100520000023C3F10D039C409D4024B22DB2DFE7B0
:1005300037F8021F38F8123014FB01F115FB0313D2
:100540009B133B800132E7E770B5049C0546002011
:10055000984203DA31F91060AE420FDDA0420FDCA1
:10056000A0420ADA04F10043013B31F9131032F9D9
:100570001330CB1A9D42C8BF204670BD0130E7E75B
:1005800031F9143032F9146033449D42E8DA2046E0
:10059000F3E74FF4805300FB0030421310B540F3F3
:1005A0004F304FF480444FF68E5110FB014142F220
:1005B000550303EBE1339BB243432344DB13A3F521
:1005C000EF53033B10FB0340C2F5004303EBE03065
:1005D00000B210BDB0FA80FCF0B5ACF11103B1FA75
:1005E00081F44FF4804698404FF2DB57A4F1110399
:1005F000994041F6FC6210FB07630DB202EBE33356
:1006000011FB07610FFA80FE02EBE1329BB20EFB99
:1006100003F3A4EB0C0092B233446A43C00200EB34
:10062000E3303244A0EBE230F0BD2DE9F04F87B06B
:10063000CDE9011205938369119A0393436A4FF040
:1006400000089340054604934746019BDDF80C9053
:1006500003EB880A0026059B9E4208DB049B984416
:10066000109B01379F42F0DB07B0BDE8F08FB9F96E
:100670000010119B39F9020F01FA03F2411A994057
:10068000019B08EB020C03EB8C0C00239E461C46DE
:10069000A14225DC5C427445B8BF7446002C43D0AF
:1006A000296B119B31F91610B4FA84F403EBE101C4
:1006B0000131C4F1110404EB6104002C00FA03F1D0
:1006C0004FF0000016DD5AF8223001328A4243FA18
:1006D00004F313FB0300F6DB02F080FAA0401AE0FB
:1006E0005CF804BBDE45B8BFDE465B45A8BF5B4691
:1006F0000134CDE7C4F1000B5AF8223001328A42AE
:1007000003FA0BF313FB0300F6DB002CE4D002F03A
:1007100065FA40FA0BF0AB68029A03FB07630130FD
:1007200042F82300013696E7AB68029A03FB0763A1
:10073000012142F82310F5E72DE9F04F87B0CDE90C
:1007400003238369129A0093436A002553430646A4
:100750000193A84601EB85030293039BDDF800A0FB
:1007600003EB450B4FF00009B368049A03FB0893B1
:1007700052F8230000283BDDB0FA80F4C4F11F04D6
:10078000A4B2A4F10D07002F35DD384100B2C0003E
:10079000059102F05FFABAF90020129B3AF902CFF4
:1007A000059900B25A4303FB0CFCC7F1010E0E3C45
:1007B000029B53F82230012FCCBF234103FA0EF3E2
:1007C0001BB213FB00F3DB132BF8123001329445FC
:1007D000EEDC109B09F101099945C5DB019B1D4425
:1007E000119B08F101089845B4DB07B0BDE8F08F14
:1007F0006FF00C070024C4F10D039840C6E72DE903
:10080000F04F89B092460593159A8369029303913C
:1008100033F912301599029A02EB4102064632F979
:10082000022C9B1A179A5343082B40F3AE800025E5
:10083000436ACDE90055534304932C46AB46029AD4
:10084000002315998B4245DB049B1D44169B0BF13D
:10085000010B9B45F3DB149BDBB154B1B168159BD5
:10086000C1F104011944169B20465943E3F7B0F93E
:100870000446129B1B681C44129B64101C60139B53
:100880001B68022B78D10434162C79DD0223139ACD
:100890001360DDE90001E3F79BF9DAF80030184452
:1008A000059B4010CAF80000C3F1030300EB4000B1
:1008B00000EBC3134233B3F5A07F4FEAA30066DB1E
:1008C000FF2866DDB0F5C07FACBF0020012009B075
:1008D000BDE8F08FB2F900C032F9021F1798A1EB02
:1008E0000C014143082945DD00FB0C5C03984FF0E7
:1008F000000900EB4C0E8C4400EB4C0CC8464F46F4
:100900003EF9020B10FB00F0C01310FB01F0B0F534
:10091000006F0ADAB0F5007F07F1010705DA7F28DA
:1009200008F10108D8BF09F10109F445E8D1B06820
:100930000338984209DC07EB08004001CDE9063294
:10094000E3F746F9DDE906320444B1EB490FD4BFC1
:10095000012000204FEA48088845A8BF01307F00E9
:100960008F42A8BF0130009901EB0021009101994D
:1009700001310191013364E7002B85D1043C83E709
:10098000122CCCBF0123002381E700209FE7032026
:100990009DE702209BE72DE9F04149104FEA820EC6
:1009A000002645F6822C96421DDA00EB460400270D
:1009B00015E0238834F812801CFB03F31CFB08F8B5
:1009C00003EB0805A3EB080305F5804503F5804319
:1009D000ED13DB132580013724F8123074448F4265
:1009E000E7DB0136DFE7BDE8F0812DE9F04FADF23E
:1009F000D46D08AF3B618B697B66D7F8DC36BA668D
:100A0000D7F80C67D7F8EC26396653B1002840F0C8
:100A1000D3800223C7F88430B8670123C7F8903029
:100A20000AE0B0FA80F35B09C7F890300123C7F8F9
:100A30008430D7F8DC36BB67012302B1B340FB66D4
:100A4000BB6E796E5B00BB63D7E9193203EB4203DF
:100A50007B637B6E33F91230B340FB673B6E9B6860
:100A600003F10043013B5A0031F91340FB6F04FAD4
:100A700006F1CD1AD7F884306B435B00073323F0BF
:100A80000703ADEB030D08ABC7F89C3003EB450340
:100A90007B65002800F0AB80D7F89030002B00F089
:100AA000A6807B6E1A44B2F902301B1BB3405B0078
:100AB000DA1D22F00702ADEB020D08AAC7F8982054
:100AC000073323F00703ADEB030D08AAADEB030DCD
:100AD000FA6508AAADEB030DBA6508AAADEB030DE4
:100AE000BA6208AAADEB030D08AB3B62D7F8E43657
:100AF000C7F82431D7F80837C7F81C31D7F8F836CB
:100B0000C7F810313B6EC7F80831D7F81437C7F86B
:100B100000011B68C7F82831D7F8F036C7F8143140
:100B2000D7F81C37C7F82C31D7F82037C7F834313D
:100B3000D7F89030C7F80431FB6ED7F884007A629A
:100B40000124012B04FA03F5BB6E00FB03F3D7F875
:100B5000E0061844F863B86E4FF000012044C7F86F
:100B600030117860D7F88400C7F894100344D7F8A0
:100B7000E00603443B64B86ED7F8E83603EB800325
:100B80007B647B6BC7F88C303B6903F1FF33D4BFC8
:100B900000220122013D80467B673B69C7F838216E
:100BA00098452CDBD7F82831D7F8142707F2B4671B
:100BB0001360BD46BDE8F08FD7F8F4364BB9D7F8CF
:100BC0001837072B0ADD0223C7F884300123BB67DF
:100BD00024E70223C7F884300023F8E7D7F8F43677
:100BE000BB67C7F890300223C7F8843024E7D7F8F2
:100BF000D83603EB4103C7F89830002360E7D7F8F5
:100C00008C30C7F80C81B3F90030D7F8DC26B3403C
:100C10004FEA430A002A00F0888002EB0A09D7F85D
:100C20008C20D7F80807B2F90220B240D31AC7F8CF
:100C30008830E7F77BF8BB6E386598451FBFD7F85B
:100C4000043702469B1AC7F804373A6DD7F80037C5
:100C5000A3EB020B0BF1FF33C7F82031D7F81037A5
:100C6000984565DAA3EB08010329A8BF0321D7F84B
:100C70000407FFF712FC7B6C1B68184443F6FF73F4
:100C80009B45A8BF9B465845A8BF584620EAE0733D
:100C90003B67D7F89030B3B1D7F88C30D7F88820BD
:100CA000B3F90030B3409B1A7A6BB2F90020B2401E
:100CB000934208DB002C3DD1D7F89430002B08BFBD
:100CC0004346C7F894303A6ED7F8FC36D26853F8EA
:100CD0002830C7F8183142452FDDD7F8D8265244BE
:100CE000C7F880207A6F424540F08E80BA6F002AA4
:100CF0003FD1D7F89420002A40F0E880D7F8F436A6
:100D000053B37B6FD7F8F826934240F0FE80D7F8B4
:100D10009030002B40F09083B9F1000F40F0AF838A
:100D2000C7F89890AA462A463CE0D7F8DC9676E7C2
:100D30000023ADE7C7F89480C5E7D7F89C20C7F833
:100D400080200022D7F8DC16C7F89820D7F89C201E
:100D5000002918BF9146C5E7B9F1000F40F0C483E0
:100D6000BB6FC7F89830AA462A464FF00009002307
:100D700026E0D7F89420002A4AD1D7F8F436002B81
:100D800036D07B6FD7F8F826934240F0C280D7F870
:100D90009030002B40F05983AA462A46B9F1000F43
:100DA00040F0B0807B6F4345E1D0D7F88C30F96FCD
:100DB000B3F90030B3405B1AD7F89C1001EB430342
:100DC00042EA0A020692D7F89820059247F6FF7287
:100DD000CDE90332CDE90196FB6E00933B6FD7F866
:100DE0008820D7F8801007F58070E3F791FB79E34E
:100DF000B9F1000FB7D0D7F8F8369845AA462A4679
:100E0000C0F23383002446E3D7F89420002A61D04F
:100E1000D7F8F026032A04D1FA6E012A01DC002B50
:100E200058DA7B6ED7F8942033F91240FB6FB44048
:100E3000E41AD7F88830E41AFB6F24EAE474114608
:100E400023447A6E013932F91120B2409A42F8DC1B
:100E5000D7F89420501ED7F8882013447A6E844621
:100E6000013032F91020B2409A42F7DBD7F88430D3
:100E7000D7F8E0264B43D018D7F884201344D7F88E
:100E8000E0264FF0000A1344524690F800E0D7F8ED
:100E900084B042EA0E0213F801EC8C454AEA0E0ACD
:100EA00058445B4401F10101EFDCD7F8F436002B24
:100EB00000F02983D7F8F836984500F0BD803B6FE5
:100EC000D7F89C105B1001EB440C2AE0BA6FC7F80E
:100ED00098209DE7D7F8F436002B00F0A280D7F8D1
:100EE000F836984515D1D7F89030002B40F0AD82F8
:100EF000B9F1000F3FF416AFBB6F002B00F09980E3
:100F0000AA462A46D7F89040C5E2D7F89430C7F8E9
:100F100098303B6FAA465B102A464FF0FF344FF0E3
:100F2000000C796F41451FBFD7F88C10F86FB1F9ED
:100F30000010B1401CBF091AD7F89C000692D7F8E0
:100F40009820059214BF00EB4101002147F6FF7283
:100F5000CDE90312CDE901C6FA6E0092D7F88010F0
:100F6000D7F88820FB6407F58070E3F7D1FA834651
:100F7000601C18BF7A6DFB6C18BF02EB44047A6FDB
:100F800008BF002442451FBFD7F88C20F96FB2F983
:100F90000020B2401CBF521A796DCDF818A018BFBE
:100FA00001EB4202D7F89810059108BF002247F6DE
:100FB000FF71CDE90321CDE90146FA6E0092D7F821
:100FC0008820494607F58070E3F7A2FAFB6B7A6C3C
:100FD00083F800B03B6C03F8010C52F8043B7A64D0
:100FE0003A6D1344D7F804271A44C7F804273B6F17
:100FF000D7F88820B3EBC20FD7F88420FB6B1344DB
:10100000FB633B6C13443B64D7F88C3003F1020361
:10101000CCBF0124002408F10108C7F88C3000225D
:10102000BBE5B9F1000F3FF47DAEBB6F002B7FF441
:10103000E2AEAA462A46E5E6D7F89030002B00F04B
:101040006A82D7F89C300021A3F1020ED7F88C30C9
:10105000F86FB3F90030B3401B1A8B4200F3FA81EA
:10106000B9F1000F00F04782BB6F002B00F00C823B
:10107000D7F8F836984580F20782D7F8E436D7F8E3
:10108000E40653F828103B6E9B6843444FF0030C72
:1010900050F8230081420B46A8BF034693FBFCF3A4
:1010A0001844194481420B46B8BF03460133B3FAD2
:1010B00083F3C3F11103002B40F3DA81194109B224
:1010C00040FA03F3B9641BB2D7F808E7FB644AEAB5
:1010D0000203FB61BEE80F0007F1A00CACE80F00B3
:1010E000BEE80F00ACE80F009EE80F008CE80F0090
:1010F000D7F808371B687B61D7F808375B68FB6255
:10110000D7F8083707F5807ED3F818B0BEE80F008F
:1011100007F59E7CACE80F00BEE80F00ACE80F00BE
:10112000BEE80F00ACE80F009EE807008CE807005F
:10113000D7F88830D7F88010F86D4FEA430A524646
:1011400009F09BFA52464946B86D09F096FA4FF0FD
:10115000FF339C42C7F830311CBFD7F89C3003EBFB
:1011600044047B6F08BF002443451FBFD7F88C3071
:10117000FA6FB3F90030B3401EBF9B1AD7F89C201A
:1011800002EB4303FA690692D7F8982008BF0023C0
:10119000CDE90432CDE90246FB6E01933B6F00932B
:1011A000D7F88830D7F880104A4607F58070E3F703
:1011B000B1FAD7F88820D7F88010F860F86DFFF7FB
:1011C0005DF9BB6C30FB03F34946B86D3B63FFF739
:1011D00055F9FB6C30FB03F03B6BD7F808E7400098
:1011E00000EB4303BB60BEE80F0007F1D00CACE896
:1011F0000F00BEE80F00ACE80F009EE80F008CE87F
:101200000F0007F5807CBCE80F0007F5BC7EAEE858
:101210000F00BCE80F00AEE80F00BCE80F00AEE81E
:101220000F009CE807008EE80700D7F88010B86A26
:10123000524609F022FA786A5246494609F01DFAE8
:101240007B6F43450ED0D7F88C30386AB3F9001065
:10125000FB6FB140C91AD7F89C30524603EB4101ED
:1012600009F00BFA7B695B44BB61FB6AB969A3EBCC
:101270000B031A4607F5DA703B6309F0FEF97B6948
:10128000C7F8A030FB6AC7F8A43007F1A00CBCE88F
:101290000F00D7F808E7C7F8B8B0AEE80F00BCE811
:1012A0000F00AEE80F009CE80F008EE80F0007F576
:1012B0009E7EBEE80F0007F5807CACE80F00BEE81C
:1012C0000F00ACE80F00BEE80F00ACE80F009EE88E
:1012D00007008CE80700F96DD7F88000524609F046
:1012E000CCF9B96D5246484609F0C7F97B68984574
:1012F00019D13B6EB86B9969BB6B085ECA18B2F91D
:101300000230B2F90410181AC91AB040D7F89C304C
:10131000B1400A1AC1EB4001520003EB410103EB5B
:10132000400009F0AAF90123C7F830317B6F43452B
:101330001FBFD7F88C30FA6FB3F90030B3401EBF2F
:101340009B1AD7F89C2002EB4303FA690692D7F860
:10135000982008BF0023CDE90432CDE90246FB6E98
:1013600001933B6F0093D7F88830D7F880104A4636
:1013700007F58070E3F7CEF9D7F88820D7F880100A
:101380008346F86DFFF77AF8BB6C30FB03F44946EF
:10139000B86DFFF773F8FB6C30FB03F0BB680444D7
:1013A000B3EB440F43DB07F1D00CBCE80F00D7F8D8
:1013B00008470FC4BCE80F000FC49CE80F0007F5F6
:1013C000BC7C84E80F00BCE80F0007F580740FC4F4
:1013D000BCE80F000FC4BCE80F000FC49CE8070076
:1013E00084E80700B96AD7F88000524609F045F949
:1013F000796A5246484609F040F97B6F43450ED062
:10140000D7F88C30396AB3F90000FB6FB040C01ACE
:10141000D7F89C30524603EB400009F02EF93A6BA6
:10142000B86907F5DA7109F028F9D7F80CB000238C
:101430005846C7F8F436C9E5D7F89430C7F898305D
:101440002A46AA464FF0FF34FBE52A46AA464FF04B
:10145000FF34F6E5786D3EF9023F30F911C0634480
:101460005B10AEF800300131F0E54FF0FF3404E6D8
:101470005B42994009B29840B96403B224E6D7F8B8
:101480009030C7F89830D4E5611C3FF4BBACD7F876
:101490009C3003EB4404796F00234145C7F8303199
:1014A0000AD0D7F88C30F96FB3F90030B3405B1A2B
:1014B000D7F89C1001EB43034AEA02020692D7F8E0
:1014C0009820CDE90246CDE90432FB6E01933B6FD3
:1014D0000093D7F88830D7F880104A4607F5807017
:1014E000E3F718F98346A2E7D7F89430C7F89830A5
:1014F000AA462A4686E4631C3FF454ACD7F89C30D5
:1015000003EB44094EE4B9F1000FF7D0BB6F002B99
:101510007FF4AEADBBE7B9F1000F7FF4A5ADEDE709
:10152000B0F57A5F14D009DCB0F5FA5F12D042F65C
:10153000E063C21A504250418000704745F6C053E4
:10154000984209D04BF68033C31A5842584170472D
:10155000032070470620704702207047F0B55F1ED9
:1015600007EB420700258668AE4200DCF0BDD0F8EC
:1015700018C0046E06FB07440CEB4506645D3CF99D
:1015800015C0B6F902604034A6EB0C065C439640E9
:101590007443A41041F825400135E4E7002330B539
:1015A0001A46044618468A4204DB5B429842B8BF9A
:1015B000184630BD34F91250A842B8BF2846AB4295
:1015C000A8BF2B460132EEE742688B023B3302FB99
:1015D00001338268514303EB41008000704770B5CE
:1015E000002425468D4205DB600012FB03F230FB30
:1015F000024070BD30F91560002EB8BF764214FA73
:1016000086F40135EEE7C3694069B3FA83F3C3F1A9
:101610002003C01A70472DE9F04F8FB09B460A9205
:1016200042680792C2691A9B456A059207460E46B0
:1016300019B99D40D31A05930126079B05FB06FAAD
:10164000534400240893AB000993A146A04607F138
:1016500038000A9B03EB890100230BEB84020693FD
:10166000069B9E420FDC089B9944199B08F10108D8
:1016700098455444EDDB022B1CD01B9B012B2FD132
:101680000FB0BDE8F08F1C9B0B90CDE90263059B6A
:101690000193079B00937B6BCDE90C1201F01AFBC1
:1016A000069B0C990D9A0B9801330693099B043203
:1016B0001944D5E7189B012BDFD106FB05F3ABF1ED
:1016C00004000BEB8A0400218B42D6DD54F8042B76
:1016D00050F8045F521002EB650202600131F3E73B
:1016E0001B9B9AFBF3F60024AAEB06084FEA880836
:1016F0004FEA8A090BEB860325460BEB8400002298
:10170000B2420CDB42461846002108F0DEFF189A70
:1017100001350346AA424B445444EEDCB0E701686D
:101720001B9F794340F8041B0132E9E72DE9F04F94
:101730009DB008AFC7E90C320368D7F878B0D3F88A
:1017400004A0FB623B6BF9630BF580656B439B0068
:10175000073323F00703ADEB030D08ABBB64AA000E
:1017600003EB8503FB64A2F58053BB620AEB0B031A
:10177000FB609E004FEA8A030446BB6101EB8A09C5
:101780004FF0000807F14803796B53F8283001EB5C
:10179000083118464FF4805208F06FFF4946BA6A84
:1017A00000F5805008F069FF3B6B08F101084345E4
:1017B000B144E7DCD7F88C30002B5FD025F0010373
:1017C000073323F00703ADEB030DA36C009308AEC2
:1017D0002A463B6B314607F1480001F0B8FF07F19C
:1017E0004405A36C01935A4640F2D33331460DF5BC
:1017F0008460009502F0B9F87B6CC3F580637B646C
:10180000A36C0393B4F96C300293A36E0F22CDE95D
:1018100000534FF480615B463046E7F793FF7A6CE4
:1018200040F2FE339A42C8BF7B6445F69A1313FB1D
:1018300000F0A36B022B40F3CF3002DD042B19DC48
:101840004010796CA36ECA1A002AB8BF52420A230C
:101850005A4341F69A1543F234339142A8BF2B46BE
:10186000D7F89020182A0DDC03F6CD4303F6CD43BC
:101870001BB20BE0082B03DC8010E2E70F237B6434
:101880000020DEE7D7F89020222AEFDDB4F96C5073
:1018900043F2333295420ADD44F266629BB29542CE
:1018A000CABFA3F5CC53A3F6CD431A3B1BB241F6F6
:1018B0009A129342B8BF1346834200F3C180431B80
:1018C00003F6CC4341F69812934288BF054605F5CE
:1018D000C0650323AD12B5FBF3F5013D072DA8BF8D
:1018E00007256B1C03EB43039B021BB27B620123A6
:1018F0007B61CBF580639B003B6104F1EC03BB6033
:101900007B6A5B421BB200267B60FB6ABA685B6A3B
:101910003B62A3EB0A03BB63A36E0F2BB8BF0F237D
:10192000A366FB6803FB06F806FB0AF302EB8303DE
:10193000FB611946FB6BBA6903EB880008F09DFE5A
:10194000BB6B13B307F15002B4F86C30D4F870C01D
:1019500002EB86025B4252F8081CA26C07921BB293
:101960000022CDE90522CDE903CCCDE90133BB6BE3
:101970000093A36ED7F83CC008EB0A001A4601F5A5
:1019800080510CEB8000E3F787F907F1500303EB7C
:101990008609BB6B59F8081C386A03F5806CA36C88
:1019A000CDE906A3FB6A5B6B0593FB6F0493236F82
:1019B00003937B680293B4F86C305B421BB20193D3
:1019C000BB6BABEB0303009301EB8C01D7F83CC07E
:1019D0007B6CA26E40440CEB8000E3F75DF9FB6B7F
:1019E000BA69F8690BEB080103EB810108F045FEC9
:1019F0007B6BBBF5806F03EB063025DD59F8081CC7
:101A0000BB6A4FF48052194408F037FE002E3A6B3F
:101A10000CBF012302239A424FF001063FF775AF36
:101A2000D7F884307A6A1A80D7F880307A6C78696F
:101A30001A60D7F8883054371D60BD46BDE8F08F76
:101A400000257D617D6254E77B6B3A690BEB862153
:101A500003EB81014FEA862808F01DFE59F8081CA7
:101A60007B6BBA6A08F58060A0EB0B0001F5805132
:101A700003EB8000C8E710B54FF4707104460022F4
:101A80004BF68030E6F732FA2146BDE81040FFF70A
:101A90009BBD2DE9F84F0D46DDE90A810446B1F9F9
:101AA00000B00C98B1F90210066817464FEA4309D6
:101AB0000D9AF1B9B8F1010F13D1002A32D1BA420F
:101AC00003DB0C9B1E60BDE8F88FB4F90030C6EB59
:101AD000033645F822601BFB03F30132DE104C4451
:101AE000EDE797FBF8FABA000021284608F0EDFD73
:101AF00004E0B8F1010F97FBF8FAF4D14FEA880837
:101B00002946002252450FDB043D0022BA42D8DAB2
:101B100035F9043FC6EB03362E601BFB03F301329D
:101B2000DE10F3E7BA46E9E7B4F9000008600132D5
:101B30004C444144E6E72DE9F041154604460F4682
:101B400000224FF470714BF680309846E6F7CEF9DC
:101B5000022D06462CD874B368B32946FFF734FD2E
:101B600000210246204608F0B0FD0122C4E90065CC
:101B7000A5600025C4E90725F36863624FF0FF33D1
:101B8000C4E90A350523A361182322636263226135
:101B9000E36340F6BC71C4F84880E5602046E5F791
:101BA00021FE3846FFF7BCFCE0612846BDE8F08125
:101BB0004FF0FF30FAE76FF00600F7E72DE9F04F3E
:101BC0009BB00C6801900E4617460021920002A8B7
:101BD00008F07BFD002C48D0B2460DF108094FF00B
:101BE0000008B84541DA514602AD002009E055F839
:101BF000043B51F8042983FB0232DB0F43EA420322
:101C00001844B142F3D15AF8043F00EBE3002146F7
:101C1000C000E6F733F94042C31008F10108C9F8E3
:101C200000304FEA6803009349460DF1080E4FF06B
:101C3000000C009B6345A1F104011DD180FB000352
:101C4000C00F40EA4300DA17E317434304FB0233B3
:101C5000A0FB04021344C00F40EA43003368241A77
:101C6000B4EBA32F09F10409BBDA02A90022BA429E
:101C700017DB1BB0BDE8F08F0A68DEF8003082FB8E
:101C8000005BED0F45EA4B051D444EF8045B83FBFA
:101C90000035DB0F43EA45031A440A600CF1010CDE
:101CA000C7E751F8043B019803F500431B1420F8E3
:101CB00012300132DBE72DE9F04F85B002AFD7E9F2
:101CC0000CA54FEA45087A6008F1070222F00702E6
:101CD000ADEB020D04460E46A5EB0A0B0DF108090B
:101CE0003B606BB125EAE57252000146484608F0B8
:101CF000C4FC3B6800229A42A8F1020848DB4C462B
:101D0000EB0115F0010203F1010305D0B4F9001055
:101D100011FB01F103EB6123A01CAA424BDBB3FAD8
:101D200083F3C3F10B03012B1FFA83F85ADD4FEA4B
:101D30006808012202FA08F252100023AB4248DB85
:101D40004C46BB6B01930AF10103009332465B469C
:101D500021462046DBF780F9331F7B600022524585
:101D600043DD4FEA4800B8F1000F02D1326801327A
:101D700032603268B2F1805F57DAB2FA82F2033A27
:101D8000002151454BDD801A0C37BD46BDE8F08F70
:101D9000796831F9120034F8121011FB00F1C913FF
:101DA00029F8121034F8081011FB00F1C91329F8B2
:101DB000081001329FE734F9121011FB01F103EB17
:101DC000612330F9121011FB01F1023203EB6123A0
:101DD000A3E734F91310114441FA08F129F813105C
:101DE0000133ABE74FF00008ABE76FF001000BEBFE
:101DF000020100FB024E4FF0000CA94207DB78689D
:101E000050F8041F7860614401600132A7E734F89C
:101E100011903EF8110019FB00CC0131EDE753F8A9
:101E2000044F94401C600131ABE7B2F1005FABDBC3
:101E3000B2F1804FACBF022401240022524501DDE3
:101E40002044A1E753F8041F214119600132F5E74E
:101E500010B5C369B3F5000F00D910BD1B0241686E
:101E6000C361836942698B4238BF5C1C02F108027E
:101E700038BF0168426138BF8461826A34BFCB5C7D
:101E80000023836243EA0223026A6FEA63031202B9
:101E900052FA83F323F000430362DAE730B4456A71
:101EA000046A9B1A6B43E41A046229B1521A6A430A
:101EB00030BCC261FFF7CCBFC269D21AF8E710B5D7
:101EC000D0E9072322FA01F18B4225BF5B1A511A90
:101ED0000124002428BF0362C161FFF7B9FF204637
:101EE00010BDF0B5D0E903438B421BD247681E46B4
:101EF0008268BA423FBF013282600568BA1A2CBFBD
:101F00000022AA5CB2400836182E44EA0204EFDD33
:101F1000C3F11802182B22F0070203F10805C8BF0D
:101F2000002253195B1A24FA01F2C0E90323436922
:101F30000B4443614FF0FF30884024EA0000F0BDBD
:101F40002DE9F0414F1EB7FA87F5C5F12003082BA4
:101F5000064688461CDDC5F1180527FA05F808F184
:101F600001084146E5F7FCFE4346421C0146044693
:101F70003046FFF793FF2946FFF7B3FFAC40044319
:101F8000A74202D20123F3623C462046BDE8F0811D
:101F9000E5F7E6FE43460446421C01463046FFF79D
:101FA0007DFFF2E7826A002A70B54FEA212312DB37
:101FB0008469856846682544B54238BF05681A4477
:101FC0003EBF661C86612A55C26A34BF00244FF0AA
:101FD000FF342243C262426ABAB103F1FF0283694D
:101FE000846845681C44AC423FBF04685D1C856141
:101FF000E254C36A34BF00244FF0FF342343C3626A
:10200000436A013B4362002BE9D1C9B2816270BDD2
:1020100008B5C369B3F5000F00D908BD016AC90D41
:10202000FF290DD0FFF7BEFF036A1B0223F0004318
:102030000362C3691B02C361436908334361E8E774
:10204000436A01334362EFE7002301602121C0E9C5
:1020500005134FF00041C1614FF0FF31C0E9023379
:10206000C0E90833036181624260C362704770B4A3
:10207000C569012425FA03F604FA03F359B1046A89
:102080005B1A254406FB1355511A05624E43C6617F
:1020900070BCFFF7BDBF9B1A06FB1356F7E7C36979
:1020A00023FA02F29B1A19B1016A1944016213461C
:1020B000C361FFF7ADBF70B4C469002924FA03F30C
:1020C0000EDD066A4D1E3444565D03FB1644046261
:1020D000545D525CA21A534370BCC361FFF798BFB2
:1020E000525C03FB1243F7E7F0B5D0E903539C18A9
:1020F000202C26D99C46D0E9017486692644BE422C
:102100003FBF0134066884603F1B2CBF4FF0FF3691
:10211000F555C46A38BF0026ACF1080C3443BCF155
:10212000070FC4624FEA1525E5DCA3F10806072B6B
:102130004FEAD6046FF0070707FB04F4D8BF00246A
:10214000A3199C189940436929431344C0E9031417
:102150004361F0BD1346013A70B5B2FA82F4C4F19E
:102160002006082E0D4612DDC4F11804E14022FAC3
:1021700004F301334A1CE5F723FE4FF0FF31A14081
:10218000224625EA0101BDE87040FFF7ADBFBDE87A
:1021900070404A1CE5F714BE38B50D46D0E901126F
:1021A00003680446891AA81A1944184408F073FAF7
:1021B000656038BDF7B5C169026AB1FA81F66FF0A2
:1021C0000043F3400446D01840EA030511448D4211
:1021D00025BF013602EB530220EA030522EA53052C
:1021E0003746002F24DCA36A002B01DA636A1BB197
:1021F00000212046FFF7D6FED4E90357072F26DC3F
:10220000E16A99B9A0692368A268019363680244EE
:102210009A1A019B184408F058FA002F06DDD4E9F9
:102220000131994229D34FF0FF33E36203B0F0BD8F
:10223000E90DFF2907D02046FFF7B4FE2B0223F05B
:102240000045083FCDE7636A01336362F6E7D4E9EE
:102250000123A169194491423FBF0133D21A216879
:10226000A36038BF8D54E36A34BF00224FF0FF32C1
:102270001343E3622D0A083FC0E7A2690A44934270
:102280000CD8F21DD208C6EBC206B74206DD012209
:10229000B240013A15404FF0FF32E262013B5B1A57
:1022A0002168CA5C2A43CA54C0E72DE9F04FC368CD
:1022B000A9B023EAE3730A910E9320A90123209386
:1022C0000390024600230D46B2F912600C68B2F981
:1022D000100002936043012E41F8040F03F1010343
:1022E00002F10402F0D1039A02EB8303B3F90E303A
:1022F0000193029B05EB830304931346029A03EBBD
:1023000082030D93029B93B10D9BB3F90E3005939D
:102310000D9BB3F91030023B032B14D8DFE813F008
:1023200009008B0187002102059B0193EAE7012345
:10233000EDE7049B1F680A9B002645F68221B74201
:1023400003F140030EDC029B013B0293049B043B20
:1023500004930D9B043B0D93029B0133E4D129B000
:10236000BDE8F08F53F8205C53F8400C53F81C4C38
:10237000421B43F8202C53F83C2C2844A2EB040CBD
:10238000224443F8400C43F83C2C53E9060253F82E
:10239000384C43F81CCC8518121A35FB01F5A4EB18
:1023A000450043F8180C53F8340C32FB01F2A0EB53
:1023B000420C00EB420004EB450443F8340C53F8A4
:1023C0000C5C53F8300C43F8384C421B53F8104C5B
:1023D00043F8102C53F82C2C43F814CC284402EB6F
:1023E000040C121B43F8300C43F82C2C53E9020266
:1023F00053F8284C43F80CCC151A024435FB01F570
:10240000A4EB450043F8080C53F8240C524204EBAB
:10241000450432FB01F2A0EB420C00EB420043F812
:1024200004CC43F8284C43F8240C013687E7049B7E
:102430001B680693019B012B41D10A9B0025069A3C
:10244000AA4203F120037FF77EAF53F8107C53F8C4
:102450000C6C53F8201C53F81C2C53F814EC53F854
:1024600004CCCC1B901B3944324453F8087C53F8FD
:10247000186C06EB0709A1EB090A0EEB0C0843F8F0
:1024800010ACA2EB080A424443F81C2CA4EB0C024B
:10249000724443F8182CA4EB0E04821BC01B494461
:1024A0003A446444304443F80CAC43F8201C43F8ED
:1024B000142C43F8084C43F8040C0135BFE70E9A7E
:1024C000069BDDF828C09340019AD20008929A003A
:1024D0001192DA0012920C2253431393059BDB00F6
:1024E000149300230793DDE9063293427FF72BAF65
:1024F000039BD3F834A0089BCDF82CA00CEB43022F
:10250000002103EB0C0803EB0209CDF824A063467D
:102510000C910C990198814203F1080305DB079B9C
:1025200001330793149B9C44DDE7D8E90001DAF8F6
:10253000005031FB05F730FB05F631FB15F430FB9D
:102540001577099D16940F971596D2E900012E680C
:1025500031FB06FE30FB06F431FB16F730FB16EEBE
:102560000B991094D9E90056D1F800B036FB0BF165
:1025700035FB0BF036FB1BF435FB1B111794109C3D
:1025800053F8086CE51BA6EB4504109406EB4505D3
:10259000DDE91564341B179E53F8047C43F8085C8E
:1025A000801B4000A7EB4E0B00EB440607EB4E07E9
:1025B00043F8047CAD1B0F9F1560490001EB470EEB
:1025C00053F8047C119DA7EB0E075760AA44129F95
:1025D000099D3D440995139F0B9D3D440B9553F870
:1025E000085C2E4453F8045C43F8086C754443F8C7
:1025F000045C0F9D109EC1EB45053544C8F80050A2
:102600000BEB0005A5EB4405C8F804500F9DA1EBAA
:1026100045013144C9F800100C990BEB440BABEBAE
:1026200000000131C9F804000C9108F108080832D3
:1026300009F108096DE7049B0E9A1B680893934003
:10264000019AD5004FEA021A9A00DB001093059B0D
:102650000F92DB0011930A9B06934FF0000B089B2F
:102660005B457FF770AE039A069BD2F834C00199A0
:10267000CDF81CC0EA181C1D0B91D2E90089DCF8CA
:10268000001039FB01F038FB01FE39FB11F638FB75
:102690001100099607990C9003EB0A00D0E9006736
:1026A000D1F8008037FB08F036FB08F137FB18F94A
:1026B00036FB1800099EA1EB0901AEEB06084E009F
:1026C0004100099109980C9900EB410E0F9910985F
:1026D0008C4407990144079154F8041C06EB480701
:1026E000A1EB670943F8059059680C98A1EB6E09B6
:1026F000C6EB4801DDF82480C2F8049049F22616A2
:10270000C8EB400031FB06F130FB06F054F8046CD6
:10271000374444F8047C5F6877445F605F5907EB97
:10272000400743F80A705768A7EB410744F80A705E
:102730005F59A7EB40075F51506800EB41000B99D0
:102740005060013903F1080302F1080204F10804A2
:102750000B9192D1069A119B1A440BF1010B069230
:102760007DE7049B0E9A1B6817939340039A526B64
:102770000B92019AD2000C92059AD2001E920A9AEC
:1027800009929A001A92DA001B920C225A431B01FA
:102790001D9300231C920F93179B0F9A93427FF770
:1027A000D2AD099A0C9BDDF824B01344069313466E
:1027B0000C9A03EB420E1346734407930EEB42034D
:1027C00008930B9B1393CDE91533149300231193B6
:1027D000089B1293069B079E01981A4608320692A0
:1027E000324608320792089A08320892119A8242B9
:1027F00071460BF1080B0EF1080E07DB0F9B1E9ABA
:1028000001330F93099B13440993C5E75BF8042C2C
:102810001092139AD3E9009A14683AFB04F539FB35
:1028200004F33AFB14F039FB1455149C1893D1E9C6
:102830000023276833FB07F432FB07FC33FB17F157
:1028400032FB1744159BD6E900781A6838FB02F66C
:1028500037FB02F338FB12F937FB126619931F9608
:10286000129B169AD3E90067136837FB03F836FB0F
:1028700003F237FB13FA36FB1388199B189E4FEAB5
:102880004808A3EB0903301AA2EB0A0208EB45063D
:10289000C8EB450A5D001F9BDDF84080520002EB4B
:1028A00040075B00C2EB4002ACEB0101189203EB66
:1028B0004402C3EB440305EB410019935BF8083C69
:1028C000109C1293C5EB4109391819444BF8081CA8
:1028D000B118214449F6720C30FB0CF464004BF83B
:1028E000041C42F28E7537FB05F104EB410432FB08
:1028F0000CF149001C4436FB05F5199B01EB450121
:102900004BF2C34C33FB0CFC4FEA4C0C189B41447C
:1029100048F244683AFB08F533FB08F80CEB450C29
:10292000069B4BF2C34539FB05F56D0005EB4805E9
:10293000A4EB0C0843F8088C01EB050843F8048C61
:10294000089B491B644443F8084C43F8041C42F2BA
:102950008E71129B30FB01F0400049F6720437FB88
:1029600004F700EB4700184432FB01F2109B36FBE2
:1029700004F652004BF2C34102EB46023AFB01FA65
:102980004FEA4A0A1A4448F24464199B39FB04F995
:1029900033FB04F3CAEB430404444FEA49094EF8FD
:1029A000084CAAEB430A189D079B35FB01F1C9EBC4
:1029B0004104A9EB4109144450444A444EF8044CE4
:1029C00043F8042C43F8080C119B1A9A0133119315
:1029D000139B134413931B9A149B134414931C9A34
:1029E000159B134415931D9A169B13441693EFE6FB
:1029F000F0B50D460968C9B3A1EBD174CE0FCF175E
:102A000084EAE171C2F5FF44C3F5804C60340CFBED
:102A100004F4E40B4FF0010C84B18C4505DB013468
:102A2000013E2640B118224620E0640004F1020E67
:102A30005C437244E40B0CF1010CEDE7C2F500437A
:102A400033445B10013BA1EB0C018B42A8BF0B464A
:102A5000C6EB4301013111446344C1F500429B1BA5
:102A6000012A83EA070328BF01222B60BDE8F0405A
:102A70000F230A44FFF7FBBAB0FA80F2C2F1180341
:102A8000002B03D0B8BFC2F13803D84100F07F005B
:102A9000C0F180034343B32133FB0103C2F11F00A4
:102AA00003EBC0107047002830B520DB40F67E7382
:102AB00098421EDCC511012200F07F01B0F5006FC5
:102AC00002FA05F2C1F180034FF6527407DA11FBE6
:102AD00003F030FB0410A84002EBE01030BD11FB06
:102AE00003F333FB0413D11101FB0320F6E70020AD
:102AF000F4E76FF00040F1E710FB00F202F58042CE
:102B0000D11342F2550342F3CF324FF68E5010FBF1
:102B100002F000F5804003EBE03312FB03F303F512
:102B20008043DB1347F6FF70A3F5EF5310B5033B6B
:102B300012FB03F3821A03F58043DC1302EBE3324A
:102B400047F6FE739A42DEBFC1F50041091908B28B
:102B500010BD10B5B0FA80F3C3F11F035B10012262
:102B600001469A40002002EB40049C40A14224BF51
:102B70008018091B013B4FEA5202F4D210BDA0F5A8
:102B8000004212B241F6392312FB03F3DB13A3F523
:102B9000525345F60540323B12FB03F300EBE330A2
:102BA00001B211FB01F3DB1313FB02F203EBE2337F
:102BB000A3F5804343F30E035B004FF4405213FB35
:102BC00002F2D213A2F5804213FB02F3DB1311FBD6
:102BD00003F1C91311FA80F000B2704710B5002854
:102BE00034D0B0F1804F32DAB0FA80F2C2F11F0275
:102BF0005210D11F0029D5BF6FF001034B004B438A
:102C00001841D8BF9840A0F5004000B24FF6685375
:102C100010FB03F3DB1342F6295403F2A36310FB0A
:102C200003F3DB13C1F10701A3F6C33310FB03F376
:102C300004EBE33310FB03F045F68723002903EB95
:102C4000E03318B2D6BF0E3A0841904010BD47F6A7
:102C5000FF70FBE7B0FA80F2C2F11F0292B20F2AB6
:102C60008BBFA2F10F03C2F10F0340FA03F300FA86
:102C700003F3A3F5004347F678001BB24CF2C431CE
:102C800011FB03F100EBE13030B505B215FB03F4A5
:102C9000E41381B2A4F5004414FA80F015FB00F5AA
:102CA000A1EBE5310CB214FB03F3DB1388B2A3F5FF
:102CB000004313FA81F114FB01F4A0EBE430102A75
:102CC00000F1FF3000B28BBF103AC2F11002104188
:102CD000904030BD2DE9F04F8DB000AFC7E906320E
:102CE000FA6D931C50F823A0DAF80830013B7B61A1
:102CF000BAF904303B6103688069F86200205C1017
:102D000090423C627EDB9A10A500BA62EA1D22F076
:102D10000702ADEB020D6A46C3F39C03A2EBC303AB
:102D2000C7F824D09D46BB6D5B1003F1804001388D
:102D3000204401EB830201EB8009B96901EB4301F7
:102D4000F960B96901EB4303023B5019BB6078603D
:102D5000BB6D786AD91C0430EB4689104E460023BF
:102D6000C5F100083860994254DCBB6DBC6903F1C1
:102D70000043013B04EB43037C6AFB6021EAE17002
:102D800004EBC00CBC6A02EBC002A9EBC003611AE1
:102D9000814202F1080EA3F108060CF1080463DC7D
:102DA0000021A2EB0509BE6A4418A6420CF1080CEA
:102DB00066DC7B697C6A01219940FB6A03EB46066D
:102DC0004910B4460020BB6A984204F108047BDB3A
:102DD00059465046FFF769FA3B6A3A6E013B534346
:102DE000FA6902EB83033A6ED000C0F100080021BB
:102DF0000BF10409BA6A9142C0F294803437BD469F
:102E0000BDE8F08FFB6A3C6A03EB4403FB620130D0
:102E1000234674E76FF003005843BC6834F900C0E0
:102E2000786850F8334034FB0CF08646F868346814
:102E300030F9230034FB00F4640004EB4E04D7F8AF
:102E400024E04EF8334052F8334034FB00F456F897
:102E5000080030FB0CF04000C0EB44003C68083E2A
:102E600044F8330001337EE7B36844F8083C5EF869
:102E7000083C44F8043C0130A4463346724687E7D8
:102E80006FF00304FE684C43345F1E6836FB04F6A3
:102E9000B046BE6936F921E059F8316036FB0EF6CE
:102EA0007600C6EB48064CF8086C52F8316036FBE9
:102EB00004F464005E5936FB0EFE04EB4E044CF83D
:102EC000044C083B01316EE7FB6A3CF902EB33F935
:102ED000108054E9025333FB0EF233FB08F35B001E
:102EE00035FB08F935FB0EF503EB4503DAF83050F6
:102EF000D7F810E033FB0EF852007B6935F910501B
:102F0000C2EB490232FB0EF20A441A414BF835205B
:102F10007A690BEBC50E08EB01031341CEF80430C0
:102F2000013050E7FA6A59F8315032F911C036F9D8
:102F300002EB5BF8312035FB0EFA32FB0CF435FB6B
:102F40000CF56400D7F81CC032FB0EF2520002EB05
:102F50004502C4EB4A04CCF800401A6062460244C1
:102F6000FA614344013145E700290DDD0378FB2B6D
:102F700003D81BB2012013807047012904D0417887
:102F8000022003EB8103F6E74FF0FF331846F2E728
:102F9000FB28C3B2C9BF43F0FC030120C01A801054
:102FA000C9BF48700B700B700220704790F9002069
:102FB0000378002A07DAC3F3C10399404FF4C873BA
:102FC00091FBF3F0704703F06002602A03D11B0706
:102FD0000BD53223F4E7C3F3C103032B04D13C2305
:102FE00059434FF47A73EBE799406423E8E72DE9FE
:102FF000F04F85B08246DDF83CB001930C46914617
:10300000BBF1000F00F0FC800029C0F2F98005D16F
:103010006FF00307384605B0BDE8F08F56464BF613
:103020008031FFF7C3FF16F8013B009303F003075D
:10303000012F04F1FF3508D0022F1BD0002F6AD1D9
:10304000B8463C462946012725E0B9F1000F40F07B
:10305000C68015F00108DBD16D10ABF800500227D7
:1030600040F2FB439D42D3DC07F10043013B2BF8C8
:10307000135032E029465A463046FFF775FF291AA9
:10308000BBF90050002DC3DB8D42C1DC4FF00008BE
:1030900006444D1B4446B9F1000FE1D007F1004949
:1030A00009F1FF390BEB490230460291FFF75CFF53
:1030B0003BF919300299002BA1EB0001A8DB8B42F0
:1030C000A6DC002C00F097807B438B42A0DC002321
:1030D000791E994200F389800644109B1BB1109A17
:1030E000A6EB0A03136000230E9A0AB142F823608C
:1030F0003BF913200133BB421644F5D1119B1BB1A0
:10310000A6EB0A0646441E60019B002B82D01A469D
:10311000009B13707EE7002D3FF47AAF9AF80120F0
:1031200002F03F030AF102061F46002B3FF470AF86
:103130005843B0F5B45F3FF76BAF5006A4F10201FE
:103140004FF000080BD500297FF762AF16F8010B8E
:10315000FF2815D04C1E211A80443FF559AF52B2BA
:10316000D443002A4FEAD47425DAABF102005A4660
:1031700000EB43030D469A4206D1002D8BDA47E758
:10318000FF3908F1FE08DEE73046CDE90213FFF70C
:10319000EBFE32F902CB0299BCF1000FA1EB00016A
:1031A000FFF636AF8C453FF733AF8444039B0644AC
:1031B000A5EB0C05DFE7B9F1000F7FF46FAFB1FBB2
:1031C000F3F505FB03F28A427FF422AF013B4B4546
:1031D0007FF746AF2BF8195009F10109F7E73C4694
:1031E00029464FF00008022758E7B2F900402BF8B3
:1031F000134001336DE70344AB427FF76DAF07E740
:103200004FF0FF3706E710B50024B1F5C87F0FDB9C
:10321000B0F57A7F0FD14D3A5201023CD2B242EA68
:10322000C402D4B2023B5842584144EA800010BD67
:1032300049000134E9E740F2EA3188420AD1A2F2BA
:103240004E4222EAE272E40044EA421464F07F044F
:10325000E4B2E7E7023CA2F58A62E40044EA021421
:1032600044F06004F4E710B5044629B9D0F8901092
:103270004FF4C87391FBF3F1D4F8A40010F57A7FF2
:1032800009D1D4F890003C23434393FBF1F1236F21
:1032900003FB001010BD431C01BFD4F890305A430B
:1032A000D20092FBF1F0F5E72DE9F041DDE9074CA2
:1032B000069D03FB0CF31D444FEA4C0600EB45054D
:1032C000002797420ADB002C18DB1C44043900EB72
:1032D00044000023934208DBBDE8F081B5F900E02B
:1032E00041F827E035440137EBE7B0F9005051F8D9
:1032F000044F2C440C6001333044EBE70234EBD133
:1033000000EB430001236345E6DA0F1F00EB4305A2
:10331000002408E0B5F9008057F804EFC644C7F868
:1033200000E0013435449442F4DB0133EBE7F0B5BF
:10333000282779431431323ADDE90565079C02FB01
:10334000110023B96FF00B0390FBF3F3184405F160
:103350005A026423504390FBF3F0A6F57A73012BD5
:103360000ED8012DDEBF8000052390FBF3F006236D
:10337000634304FB00F20A3392FBF3F3C01A0AE042
:1033800040F2EA339E4207D1042D04DC00EBC0007A
:103390000A2390FBF3F0F0BD0C23634304FB00F21F
:1033A0001433E9E708B5431E012B04D8FEF763FB8D
:1033B00000F6980008BD0020FCE770B504464FF405
:1033C000C87092FBF0F0A04216DC41F288339942BB
:1033D00015D0A1F59C53A3F10905082D0CD841F295
:1033E0008D36B142C9BF0B3BA84053433221C8BF01
:1033F00093FBF1F0A04203DD4FF0FF3027E02046C1
:103400004FF4C8734343934221D0C82343439342AC
:103410001DD064234343934219D032234343934244
:1034200015D019214143914211D002EB42018B4248
:103430000DD0B3EB820F4FEA820108D011448B42CA
:1034400005D006214A43934218BF4FF0FF3070BDAC
:103450002DE9F04F93B0022A99460AAF154618BFDE
:103460005300D0F89420B960044608BF0323B2B9D2
:10347000D0F8A420013212D0D0F8A010D0F89020BB
:10348000182001EB4101424309FB05F092FBF0F2E9
:1034900091FBF2F2F96C9142A8BF1146F964FA6C03
:1034A000D31A40F2FB4293FBF5F39342A8BF1346B5
:1034B0005A1C03FB0553073323F00703ADEB030D41
:1034C0000DF1280BCCB00DF1280A5046FA6100F03E
:1034D0006EFCD4F888307B61D4F880303B61A36FF8
:1034E000FB60D4F8DC30C4F88830D4F8EC30C4F891
:1034F0008030636CD4F8BC20A267BB6123B3012386
:10350000A3674FF000086B1E46467B6045451EDCF6
:10351000D4F89430B3FA83F35B090021029301914C
:10352000FB6C0093BB6C2A46504600F046FC00281A
:1035300030DB7B69C4F888303B69C4F88030FB68B5
:10354000A367BB69636427E0C4F8E420D9E77B681C
:10355000216F666443457B6DD4BF00220122C4F80D
:103560009028CDE90763CDE90566CDE903660296AB
:103570003B6D0193FB690093B86801FB09F108FBFF
:1035800001F14A4600EB41015B462046E4F760FE4C
:10359000021E05DA6FF002002437BD46BDE8F08F49
:1035A0005946504600F006FCFB6900289B44F1DBBD
:1035B00008F10108AAE7F0B500252E462C469C42EA
:1035C00004DB059B1E60069B1D60F0BD30F9147086
:1035D00031F814C017FB0C6632F814C017FB0C55F9
:1035E0000134ECE72DE9F04F85B0CDE902030E9EE2
:1035F000109D00230120C6E90030B5FA85F5C5F11C
:103600001105934210DB002701EB42034FF0FF3C12
:103610000193B846E6463C46C5F1000B039B9C422D
:103620000BDB05B0BDE8F08F0F9F31F9134014FBA1
:1036300004F43C4120440133E3E7029B53F8243077
:10364000002B21DD30FB0CFA002DCCBF2B4103FAFF
:103650000BF31BB213FB03F343F3CF3337FB03F935
:103660004FEA4909B9EB4A0F0EDD38FB03F730FB8F
:103670000EFC7F00B7EB4C0F1DDD3768F446C6E942
:1036800000479E4647468046019A31F9149032F928
:10369000023B01920F9A13FB03F319FB09F9134143
:1036A00049FA02F9A3EB09030344012BB8BF012334
:1036B00018460134B2E7746007469C46E4E738B523
:1036C000054600283BD000293AD0002A3AD0B1FA6A
:1036D00081F0C0F11100B2FA82F3C3F111030028A6
:1036E00000EB0304D6BF404201418140002BD6BF0E
:1036F0005B421A419A40E30709B212B211FB02F190
:103700004FEAA13007D5B0F5004FB9BF400004F132
:10371000FF34C8130134FFF732FA35FB00F06310B1
:10372000032C4FEA4000CBBF03F1FF33C3F1010389
:103730001841984047F6FE73984205DC00B238BD48
:103740000846FCE71046FAE747F6FF70F7E72DE971
:10375000F04F8846066800218FB00D460C46A24205
:1037600000F39C80012DC1F10004B8BF0125AC42DB
:10377000B8BF2C46022B00F09B80B4FA84F4C4F14D
:10378000150424EAE4755410B4460127BC4200F342
:10379000B180D6E9002102EB610252102A41022BCE
:1037A000A8F8002013D142684646042301218C4228
:1037B00003F1080700F3AD80D2E9003103EB6103A8
:1037C000B8F800205B102B411344A8F80030189B78
:1037D000CDE901430423009300231A4609A940467A
:1037E000FEF769FA099B03EB6333099309A80123E8
:1037F00050F8041F13FB03F201335200052B31FB79
:1038000002F2A1EB42010160F2D109A907A804224A
:10381000FEF7D4F947F2333507AB47F6FF710020C6
:103820000130B3F9002015FB01F1042841F3CF3139
:1038300012FB01F24FEAE23223F8022BF0D1BDF97C
:103840001C20BDF91E50BDF9206002F6CD4346F2A2
:1038500066671BB217FB02F205EBE232049313B268
:103860000593BDF9223017FB05F5002006EBE53581
:1038700017FB06F603EBE636A8F1020117FB03F788
:103880002DB236B247F3CF37824681468046864610
:10389000844664454DDC0FB0BDE8F08F56F82470C7
:1038A000BD42B8BF3D46B942A8BF3946013456E7CC
:1038B0000027D0F804E039463D46AA4210DCA14278
:1038C000B8BF21467F42B9420D46B8BF3D46B5FA62
:1038D00085F5C5F1150525EAE57501352DB252E7E7
:1038E0005EF825C06145B8BF61466745A8BF674619
:1038F0000135E2E7DCF80420DCF80C1011445CF838
:10390000082F02EB610252102A4128F817200137D4
:103910003CE7D058D359184452F8313003EB6003D8
:103920005B1036F8020F2B410344338001313B46D4
:103930003DE731F902BF049A4FEA0B3312FB0E3315
:10394000059A12FB083315FB093316FB0A3317FBE4
:10395000003303F500631B1350460B80CA460CF17D
:10396000010CC146F046DE4693E72DE9F04F914643
:103970008BB04FEAA90A04AFC7E901014FEA4A0137
:10398000073109EB030421F00701A410ADEB010D91
:103990006100073121F0070104A8ADEB010D5910BA
:1039A000F96089000022073121F00701C7E90422EC
:1039B0000DF1100BADEB010D04AD924500F39180BC
:1039C0000022944200F3948000210A460E46B2453C
:1039D00000F39580C1F1000800218C460E46B442E8
:1039E00000F39780012AB8BF01224245B8BF424682
:1039F0006245B8BF624649428A42B8BF0A46B2FA37
:103A000082F2C2F11402002A96B240F39C80811E19
:103A10000022924500F38780ABF10201002294421C
:103A200000F3898076004FEAA3087B6C2A46CDE933
:103A3000008359465346D9F70FFB002407F11003C2
:103A40005246029000930194434659462846FFF798
:103A5000C9FD3B694FEA430E7B694FEA69024FEAB1
:103A600043084FF0010C2346A246F96899426CDCEA
:103A700007F1100301360093CDF808C001960B46FC
:103A80002846B968FFF7AEFD3969002940F3888000
:103A9000FB68013B994280F2838001F18043013B46
:103AA00055F8232005EB8305D5E90130861A9C1AC9
:103AB00045F69A1534FB05F4B6EB440F72DC121A86
:103AC0001B1A33FB05F3B2EB430FCCBF4FF0FF33B0
:103AD00000233A6CC3EB41031C371360BD46BDE8BD
:103AE000F08F796831F8221020F81210013264E763
:103AF000B96831F822102BF81210013261E730F961
:103B000016C06245B8BF62466145A8BF614601362E
:103B10005DE73BF916E0F445B8BFF4467145A8BF30
:103B2000714601365BE731F902CF4CFA06FCA1F889
:103B300000C001326DE731F902CF4CFA06FCA1F862
:103B400000C001326BE700266DE7A3EB0E010029F0
:103B5000B8BF4942022945F823A006DDA3EB0801BE
:103B60000029B8BF494202290DDCB96801EB4309BD
:103B700000210C46A24208DC41EAE1708C4545F880
:103B80002300B8BF8C4601336FE7786839F902BB70
:103B900030F8140010FB0BF0304101440134E9E728
:103BA000002396E7012394E72DE9F74F0D9E804609
:103BB0000C469246994606EB81064FF0010B5445A0
:103BC00002DB03B0BDE8F08F56F8045B002D3EDD4C
:103BD0000BFA05F52DB200276B1ED8F808100C98CB
:103BE00056F8042C019301FB074130F91110C2F182
:103BF0000A0001F5007101418D42D8BF194621EA42
:103C0000E1710E980091FEF76FFA009956F8042CB6
:103C10000C9B890201F500711141D8F8082002FBC4
:103C20000742A1F5007139F8120010FA81F029F865
:103C30001200D8F8082002FB0742013733F81200BF
:103C4000411A23F812100F9B9F42019BC5DB0134E0
:103C5000B5E72DE9F04F85B09846DDF84C900F9B05
:103C6000009209F1FF3206460F4603EB81034FF045
:103C7000000B01929A463C4646E0119A4A4546DBC3
:103C80005AF8042B072A3EDC109A52F824205A4591
:103C900039D10025B268039302FB05420E9B1298AE
:103CA00033F81210C943C1F3C03101220291FEF76B
:103CB0001BFAB26802995AF8040C0E9B02FB0542EB
:103CC00089020130A1F50071014138F8120010FAA3
:103CD00081F028F81200B26802FB0542013533F882
:103CE0001200A945A0EB010123F81210039BD1DCBF
:103CF000119A511E019AB9F1000FC2F10002D8BF0A
:103D000000220A4411920134009A9442B5DBBBF1BF
:103D1000000F02D005B0BDE8F08F4FF0010BA9E70E
:103D20002DE9F047B2F1000886B004460E469A46E7
:103D300004DC6FF0030006B0BDE8F08742680B7842
:103D400082BB03704FF4FA513046FFF72FF9C4F8E5
:103D5000280141463046FCF779FB071EE9DD65681E
:103D6000D4F82821EB195343B3F5707FE1DC05F15A
:103D7000640302354FF0000904EB430304EB8505AF
:103D80000193CDE902990DF1170300955246414682
:103D90003046FFF72CF90028C1BF6368DB19636068
:103DA0004846C8E702785340032BD2D9C1E7002226
:103DB000426070470023FFF7B3BF2DE9F74F0F1E96
:103DC000DDF8309083469A46C0F21A81974280F21D
:103DD000178143689342C0F21381D61B0D9A00F1FC
:103DE000C80303EB4708002A67D1012E7CD0022EBE
:103DF00000F09780002408F1020208EB460191428E
:103E000040F0BD8033F9173006FB03440234A1456E
:103E100064DB9BF80030554643F0030305F8023B92
:103E20000E9B8AF80160EBB1B9EB04011AD00023B4
:103E30009AF80120019342F040024C1E8AF80120BA
:103E4000FF212846B4FBF1F2009206F03EFC009AF6
:103E5000019BA9181444501C0C7005444C46002BBF
:103E600040F0BB800D9B43B106F10043013B294666
:103E700038F91300FFF78CF8054407F18047013744
:103E80000BEB870708EB4606B8F9002057F8041F2C
:103E9000284606F000FC38F9023BB0451D44F3D13A
:103EA0000E9BEBB1D144A9EB0502A94538BF002216
:103EB0000021284606F009FC12E006F10042013A12
:103EC00038F91220FC2AB4BF01240224012E1CD18F
:103ED00033F9172001321444A14507DA6FF00104C9
:103EE000204603B0BDE8F08F0D9CF1E79BF8002061
:103EF000554622F0030205F8012B0E9A002AB1D094
:103F0000A145AFDD0D9A12B974E7022E0AD006F171
:103F10000042013A38F91220FC2AB4BF01240224DD
:103F200069E70D9CB8F9022033F917108A420CD1C9
:103F300004EB4202541CA145D0DB9BF8002022F088
:103F40000302554642F00102D5E70A440232FB293A
:103F5000C8BF013214444C45C0DC9BF800200093DC
:103F6000554622F0030242F0020205F8012B33F914
:103F700017002946FFF70CF8009B0544BDE732F90E
:103F8000020BB8F9005085423FF439AF02340023E8
:103F9000711E08E038F91320FB2ACCBF0220012053
:103FA0000244144401339942F4DC06F10043013B1E
:103FB00038F913301C44A14590DB9BF8003055467E
:103FC00043F0030305F8023B66F07F038AF80130F3
:103FD0000E9B13B1B9EB040110D10023721E9A425B
:103FE0007FF740AF38F91300019229460093FEF79E
:103FF000CFFF009B019A05440133F0E7012317E747
:104000004FF0FF346CE770B50C1ED0B00546164675
:1040100021DD94421DD01EDC00230693131B0344B4
:1040200001462246184606F036FB2246014605A800
:10403000FFF7C0FE58B90123CDE901030146069AF6
:1040400000962B4605A8FFF7B8FE00EAE07050B0D6
:1040500070BD0020FBE74FF0FF30F8E741F2483336
:1040600013FB00F303F58043DB13A3F53A53273B1F
:1040700010FB03F303F58043DB1347F6FF72153B98
:1040800010FB03F303F5804302EBE33310FB03F073
:1040900000F5804040F3CF30704770B504460020F3
:1040A0000346934200DB70BD34F8135031F81360BF
:1040B00015FB06000133F4E72DE9F047BDF9206058
:1040C00075422DB24FEA420CA0F1020E00EB4208FD
:1040D0000027891AB9420CDC8A1A02F10041013921
:1040E00000EB4100871C013A6044002A1ADABDE85F
:1040F000F0873EF902AFB8F9004013FB04F916FB54
:104100000A9913FB0AFA09F5804915FB04A404F582
:1041100080444FEAE939E41328F8029B0137AEF8EE
:104120000040D7E737F902CDB0F9001013FB01F4D6
:1041300016FB0C4413FB0CFC04F5804415FB01C179
:1041400001F58041E413C91320F80249013A39808E
:10415000CBE7F8B5B3FA83F4C4F11F046410072C5D
:104160000E461746D8BF6FF00101A4F10702D4BF75
:104170004A4352000546CCBF43FA02F003FA02F06C
:10418000FEF7FDFC01340121A140BDF9183010FB00
:1041900003F000F5804040F3CF304910002255F87D
:1041A000223010FB03F30B44234126F81230013276
:1041B000BA42F4DBF8BD012AF8B5054608461146B7
:1041C00021DDB2F5807F1ADDB0FBF2F30022164646
:1041D0001046002405EB820C27465CF804EB0137FF
:1041E000BB4244EA0E04F8DC003C18BF0124B44092
:1041F0000136B14240EA04001A44EAD1F8BDE6F7BC
:1042000025FB0346E2E70120F8E72DE9F04F1646CB
:104210005A001C46D31D87B023F0070300AFADEB57
:10422000030DA300073323F00703E846A0F10209BA
:10423000ADEB030D002383460D46C7F80CD048466E
:104240009C4630F9021FD7F80CA000294FEAD17E16
:10425000B8BF49424AF823E0018045F823C0013342
:104260009C42EEDC002CD8BF02220021404606F022
:104270002CFAB6EB640F63DD002003463BF91320F4
:1042800001339C421044F9DC86420FDB58464FF460
:10429000804A012C04F1FF324FEA420220F802ABBF
:1042A000D8BF0222002106F010FA5046FEF7D2FCD9
:1042B00030FB06FE00200FFA8EF33B617861334637
:1042C000844639F8022F396912FB01F2D21345F8FE
:1042D0002C200FFA82FAD7F814E01AFB0A00B9F87A
:1042E000001011FB0AE14FEA420A28F81CA00CF169
:1042F000010C644500B27961A3EB0203E1DCE21C2E
:104300009A4276DA1AB2B8F8001012FB020000B234
:1043100012FB010210B22A681A442A60043D0022EE
:10432000FB6855F8046F53F822104B42734001327A
:104330000B4494422B60F3DC1C37BD46BDE8F08F84
:10434000002033467861DAE73A6879696244B2FA64
:1043500082F2C2F1200292B20130BA6082B23A61B6
:10436000BBF90020BE680A443241B8F8006012FB75
:1043700002F216FA80F00FFA80FA42F3CF390026E3
:1043800001203BF91020796938F810E00A44B96837
:104390000A41396912FB02F242F3CF328E447A604D
:1043A0001AFB02F10A460FFA8EFE1EFB09F191423A
:1043B0007A68B8BF064600F10100BCBF9146F246DC
:1043C0008442DEDC3BF9162079693869114438F8FB
:1043D000162079611044023228F8162055F826205C
:1043E000013245F8262000B20CF1010C9C45ABDBF4
:1043F00094E70136F21A4FF0000C3A60F6E72DE927
:10440000F04F83B0994602AF8B001333D7F828A042
:1044100023F00703ADEB030D1546CDE90029534604
:1044200001220C4606460DF10808E6F72BFABB6B95
:1044300000932A46234641463046FFF7E6FEFB6AD4
:1044400083462A4621464046E3F756FB7B6B8BB1F9
:10445000B7F93030009322465B4631464046FFF7BD
:1044600078FECDE9005953464FF0FF3221463046E1
:10447000E6F708FA524621464046FFF79CFE04370D
:10448000BD46BDE8F08F2DE9F0478D00073582B0BD
:1044900025F0070502AFADEB050D02AD06469946C6
:1044A00028467B6AD7F820A00C469046E3F786FBA7
:1044B000B7F9282000920346224631462846FFF7E6
:1044C00048FE534621463046CDE900894FF0FF3281
:1044D000E6F7D8F9524621462846FFF76CFEBD465E
:1044E000BDE8F087F8B516460D460A460146074670
:1044F000FFF7D3FD0130B0FA80F4C4F11F0464105B
:10450000E31F072C1BB2D5BFC3EBC3735B005B007B
:104510001841D8BF9840FEF732FB10FB06F001347B
:10452000012200F58040A24040F3CF3026B2521065
:104530000021A94200DBF8BD3B8810FB03F31344C4
:10454000334127F8023B0131F3E72DE9F04184467E
:104550008846002A3FD11A460146FFF79EFD414694
:10456000461C4046FFF799FD451C10E03CF91740FA
:1045700038F91720C4F34F04C2F34F020137A118D2
:10458000A41A11FB016614FB04559F42EEDB304672
:10459000FEF724FB04B22846FEF720FB05B2AC422E
:1045A0001DDD2046FEF756FBED0385FB0053E80FAB
:1045B00040EA430047F6FF739842A8BF184600B28E
:1045C000FFF74CFD40F34F0045F27D1313FB00F065
:1045D000C013BDE8F08101252E460027D5E7284607
:1045E000FEF738FBE40384FB0043E00F40EA43009E
:1045F00047F6FF739842A8BF184600B2FFF72EFD9A
:1046000046F28843A3EB600000B2DDE700EBC10097
:10461000408840087047F8B50346FFF7F7FFB0FA47
:1046200080F0C0F11F0003EB800CCA00DCF81060C2
:10463000171D0C4606328DB256B9012101FA00F061
:10464000D9680143D960CCF81040DD539D52F8BDC4
:10465000F1000431585AD85303EBC0009E52C58074
:104660005D52F4E710B500EBC104E388994202F112
:1046700004010AD1012303FA02F2C36823EA020308
:10468000C360002340F8213010BDA28840F82130DB
:1046900000EBC20100EBC300CB808280F4E708B5D9
:1046A0000346FFF7B3FFB0FA80F2C2F11F021846CB
:1046B000BDE80840FFF7D6BF2DE9F843B1FA81F510
:1046C000C5F11F0900EB89080346D8F810200E46F3
:1046D000C2B10327D8F8104018462146FFF796FFCD
:1046E000B04206D34A461846FFF7BCFF2046BDE855
:1046F000F88303EBC404013FE088C8F8100001D040
:104700008242E7D1C5F120024FF0FF349440DA68CD
:104710001440EBD094FAA4F2B2FA82F2111D53F8CD
:1047200021402146DFE738B50346FFF76FFF0D460E
:10473000044611461846FFF769FF03EBC50504441C
:10474000600068801846FFF761FF014423F831409C
:1047500038BD38B50346FFF759FF0C46A51A511A64
:1047600003EBC40405444800608003EBC2006C0006
:10477000448023F8321018461146FFF747FF0144E2
:1047800023F8315038BD38B50546FFF73FFF0C46DA
:10479000014405EBC1035B88DA070AD42846FFF71A
:1047A0007EFF21462846FFF731FF22182846FFF7F3
:1047B000BAFF35F83410611A05EBC1035B88DB07DB
:1047C0000CD42846FFF76BFF35F834102246611AE7
:1047D0002846FFF7A8FF35F83430E41A214628466A
:1047E000BDE83840FFF717BF61B100680439091A06
:1047F00021F007030344C9085A8822F001025A80B5
:10480000FFF7C1BF704770B5056809B9002070BDDA
:10481000AB68B3EBD10FF9D90B31CC082146284650
:10482000FFF74AFF06460028F0D001462846FFF76A
:10483000EDFEA04207D932192846FFF78AFF11463C
:104840002846FFF7E8FE05EBC6021046538843F002
:10485000010353800430DAE72DE9F84301F1FF3911
:1048600019EA010906680F4614460CD04B420B406A
:10487000042B1A464F4628BF0422994664B90025E6
:104880002846BDE8F883042904D8BDE8F84311465A
:10489000FFF7B9BF0422F1E7B368B3EBD40FEED949
:1048A00004F10B013944891AC9083046FFF704FFA7
:1048B00080460028E3D009F1040505EBC0057B1E06
:1048C00035441D44B5FBF7F57D43A5EB09052C44A4
:1048D0002B1F07349B1B24F00704A41BB0EBD30F42
:1048E0004FEAD3074FEAE40408D201463A4630467D
:1048F000FFF72FFF41463046FFF78DFE3946304621
:10490000FFF784FE3844844207D230462246FFF740
:1049100020FF21463046FFF77EFE06EBC706738870
:1049200043F001037380ABE7043A2DE9F041CC1D5D
:10493000114424F0070421F007010E1BF708B7FA11
:1049400087F2C2F12405AD004FF000080735C2F12F
:104950002002ED0804604146A760C4F80C80920074
:1049600004F1100005F0B1FE6B0043F00103638019
:1049700004EBC5027B1B5900A4F800805180A219EA
:1049800024F83550A2F80280A35304EBC70329464C
:104990005A8842F001025A802046BDE8F041FFF7F4
:1049A0003ABE2DE9F04706460D46174698462BB30A
:1049B00098F8004093F80190DB78A40004EB4304DE
:1049C00098F802301C4444444FF0000ACA4509D309
:1049D000D8F8042008F1080339463046AC46BDE853
:1049E000F047604714F8013B48F823402046DCF7C5
:1049F000CAFB013004440AF1010AE7E76FF0150031
:104A0000BDE8F08770B5002502462846144614F824
:104A1000013B0BB9184609E098B18D4207D1702BC4
:104A200004D0A3F140023A2A0BD8002070BDA3F1B4
:104A300040063A2E05D853780135941C002BE9D056
:104A40000020252B08BF80F001002246DEE700F0A1
:104A50001FBF0FB407B504A951F8040B019100F072
:104A600017FF03B05DF804EB04B070470FB407B54F
:104A700004A951F8040B0191FFF7E9FF03B05DF8B9
:104A800004EB04B0704710B50369024613F0080048
:104A900009D11368D4689C4297BF126AE31AD31AEB
:104AA00001200B6010BD00231846FAE713B501A9D9
:104AB0000446FFF7E8FF20B1019BE268013B134485
:104AC0000193206A019BC01A013802B010BD10B5D5
:104AD000044650182269236AD20702D5013B1840C8
:104AE00010BD984228BFC01AFAE710B504460A461E
:104AF000C168FFF7ECFF2369E06023F0080323613E
:104B000010BD38B50D46C2698B00016843F0020341
:104B100042F82130044601682A46FFF7D8FFE368CF
:104B200061682060984202BF236943F00803236153
:104B30002A462046FFF7CBFF606038BD2DE9F74FCE
:104B4000C768C6699B4616F8273003F00303022B9B
:104B500004468846914606EB870A4FF0000309D0C9
:104B60001360CBF800302369990710D4002003B0FC
:104B7000BDE8F08F56F8271013608908CBF8003095
:104B8000F1D0FFF7B2FFE368A3600120EFE7A3696C
:104B90005046984716F82730DA070546E6D513F051
:104BA00002031DD0B8F1000F03D041462046FFF7A5
:104BB000A8FF61682A462046FFF789FFD4E9023141
:104BC0009942606004D12A462046FFF780FFA0602A
:104BD000A3682360E360236943F008032361D4E7FB
:104BE000014620460193FFF780FFE268A260B8F11A
:104BF000000F04D02168E269019B42F8213005EBE7
:104C00000802CBF8002021682046FFF760FF2369E7
:104C1000206043F00803236116F827306FF3000388
:104C200006F82730C9F800A0AFE770B5044615466E
:104C3000FFF74DFF2368834205D12369216023F0EC
:104C40000803236170BDE269AB0043F0020342F840
:104C50002130204661682A46FFF739FF6060F1E79E
:104C600038B503695B07044606D5456AFFF71EFFA2
:104C700085422CBF6562606238BD38B50D4604467A
:104C80001C22002105F021FDEB68A361AB68636184
:104C90002B68E3616B682362002262622A6923B198
:104CA000591E194208BF42F001022261012204F19B
:104CB00028000021BDE8384005F049B82DE9F04F43
:104CC00087B000250093036A03958B4204460E4685
:104CD00092460595A94639D3EFF3118B402383F310
:104CE0001288BFF36F8F059AD8462AB1294620460D
:104CF000FFF79BFF0023059304A92046FFF7C3FE9F
:104D00000499B14207462AD32268E36913F82210B6
:104D100021F0030103F8221003EB820921683246D7
:104D20002046FFF7D4FEE3682060984212D00027A7
:104D300088F31188BFF36F8F039929B162690AB1B3
:104D40002046904700230393002FC5D1484607B063
:104D5000BDE8F08F236943F008032361E7E718B14A
:104D60002046FFF7CEFEE3E7009B5AEA030319D083
:104D7000019105F049F90199A0B98BF31188BFF3AE
:104D80006F8F009B524604F12800F6F763FDEFF3A6
:104D90001188402383F31288BFF36F8FB0FA80F736
:104DA0007F09C5E705AB03AA20462568FFF7C6FEC5
:104DB0000746BDE770B50446836908460D46984727
:104DC0000246EFF31186402383F31288BFF36F8FFF
:104DD0002B7843F001032B7061682046FFF777FEC4
:104DE00060602046FFF73CFF86F31188BFF36F8FAA
:104DF00070BD2DE9F04104464027EFF3118687F39B
:104E00001288BFF36F8F236913F0080FA36802D1D4
:104E10006268934200D9226AE169D21A32B986F3F4
:104E20001188BFF36F8F4FF0000833E011F8232093
:104E300012F0030001EB8308F1D0022803D151F8EE
:104E40002350AD0805D1D00712D4A3694046984736
:104E50000546A1682A462046FFF739FE2946A0608C
:104E60002046FFF742FE86F31188BFF36F8FC4E739
:104E700042F0020201F823204046A369A568984742
:104E8000294602462046FFF722FEA06086F31188DD
:104E9000BFF36F8F4046BDE8F081F8B504468369E3
:104EA00008460D4698470646EFF31187402383F3E3
:104EB0001288BFF36F8F2B786FF300032B70236979
:104EC0009B0705D5E268E36903EB82039D421AD193
:104ED0002B786FF341032B70D4E90231994204D14E
:104EE00032462046FFF7F3FDA06031462046FFF72B
:104EF000FCFD87F31188BFF36F8F04F12800BDE834
:104F0000F840F6F781BC2B6860F39F032B60F0E755
:104F100002698368120702D442689A4200D2026A88
:104F2000D31A181E18BF01207047F0B56423054638
:104F3000042600200A2769B9F0BD9A42B2FBF3F4B7
:104F40000CD2012B0AD048B903FB1422D2B20A2496
:104F5000B3FBF4F3013EF0D12E70EDE7303405F8E9
:104F6000014BB2FBF3F4013903FB14220130B3FB14
:104F7000F7F3C9B2C0B2D2B2DBB2DCE7A0F13003C2
:104F8000DBB2092B02D80B7000207047A0F161033F
:104F9000052B02D85738C3B2F5E7A0F14103052B22
:104FA00001D83738F7E76FF015007047F7B50546B9
:104FB00001F0010000EB51069E424FEA510703D970
:104FC0000026304603B0F0BD58B128780DF1070136
:104FD000FFF7D4FF0028F3DB9DF8073002F8013B10
:104FE000013501351744BA42EBD015F8010C0DF12B
:104FF0000701FFF7C3FF0028E2DB9DF8074024010B
:10500000E4B2147015F8020BFFF7B8FF0028D7DBE5
:105010009DF807301C4402F8014BE4E703680022C6
:105020000BB9184670478B4210D10B6842B94268E1
:105030000360914200D1436000230B600120704760
:1050400013604368994208BF4260F5E71A461B683F
:10505000E6E7038B13F0070305D10368002B0CBFB1
:10506000002003207047022B05D1408BB0FA80F05E
:10507000400980007047012B05D10368002B0CBF4D
:105080000020052070470020704710B50C4600B185
:1050900011B96FF0150010BD081D00F0D2F80028FE
:1050A000F9D1A368032BF6D9F3E72DE9F0410D46BA
:1050B00007461946281D90461E4600F0D6F80446BD
:1050C00038B13346424629463846A446BDE8F04149
:1050D0006047BDE8F08110B4EFF31182402484F3FF
:1050E0001288BFF36F8F416110BC0121E6F732B81F
:1050F00038B50C46054658B151B10B6843B14B6801
:1051000033B11C22002105F0E0FA2C61002038BDEB
:105110006FF01500FBE770B505460E46FFF7B5FFCB
:10512000041E14DBEFF31182402383F31288BFF3D4
:105130006F8F6B8B2C8B4FF6FF718B4204F0070443
:1051400007D182F31188BFF36F8F6FF00A042046F6
:1051500070BD022C0CD101336B8382F31188BFF335
:105160006F8F0023224631462846FFF79EFFEEE769
:10517000062C14D8DFE804F004131313041A0400F7
:10518000002333606B683BB9C5E90066ACB9022106
:105190002846E5F7DFFFDAE71E606E60F6E782F388
:1051A0001188BFF36F8F6FF00404D0E782F311888A
:1051B000BFF36F8F6FF08504C9E782F31188BFF3E7
:1051C0006F8FC4E710B5EFF31182402383F3128889
:1051D000BFF36F8F048B04F00704022C0AD0012C5C
:1051E0000CBF6FF004006FF0850082F31188BFF3ED
:1051F0006F8F08E0438B013B9BB2438323B9214669
:10520000E5F7A8FF204610BD2046EEE738B5A8B167
:10521000A1B1EFF31185402282F31288BFF36F8FA3
:10522000048BFFF7FBFE30B104F0070085F3118813
:10523000BFF36F8F38BD6FF07700F7E76FF01500A1
:10524000F8E7034640B1426802F00302022A06D0A2
:10525000032A04D0012A05D06FF0150070471A68A0
:10526000002AF9D000209860704710B5426881602C
:1052700002F00302022A03464FF0000407D0032A7B
:1052800002D05C60002001E018685C6010BD186806
:105290005C600028F6D0F7F7BDFBF3E7F0B5C66811
:1052A0004568C369AF1B04464069BB4298BFFF1AFB
:1052B000A5EB0000944698BFF6181A1AD81B23686D
:1052C000AD1B62452B4428BF62460B606368904269
:1052D00028BF104603446360F0BDD0E90123D21A11
:1052E0008A420CD31944C368C269C0E90111C91AC2
:1052F0008A4201D9002070471344C360FAE76FF077
:10530000150070472DE9F34180460E4615460027EB
:105310002A4601A94046FFF7C1FF3146044602462E
:10532000019805F0AAF92D1B2744264401D0002C32
:10533000EED139464046FFF7D0FF384602B0BDE80F
:10534000F081F0B5044686690569C069A368AF1BA2
:10535000B842944698BF3618A3EB05022368A5EB24
:10536000060598BF3F1A2B446245A0EB070028BFF3
:1053700062460B602369904228BF104603442361B4
:10538000F0BDD0E90423D21A8A420CD31944D0E9E3
:105390000632C0E90411C91A8A4201D900207047B7
:1053A00013448361FAE76FF0150070472DE9F3416C
:1053B00080460D4616460027324601A94046FFF7B3
:1053C000C0FF04462DB102460199284605F055F963
:1053D0002544361B274401D0002CEDD139464046E8
:1053E000FFF7CFFF384602B0BDE8F081704770B4D8
:1053F00006688489806A0D0C16FA81F105FB041198
:1054000084682468A44670BC60472DE9F0431C46BC
:10541000C36A1D686D4289B006468846174605F086
:1054200020051CB9204609B0BDE8F083AC42A14676
:1054300028BFA9464B466A4641463046FFF7D7FF8C
:105440000028F0D16B46484502D1241A8044E8E791
:1054500013F8012BBA4201D10130F4E70120E2E751
:1054600038B5828903680D0C090C04462D04806A46
:1054700002FB013183689B68984750B9E26AA389AF
:10548000127929462046FFF7C0FF002818BF6FF0A9
:10549000050038BD0B6803F580330B60C0891A0C1A
:1054A000B0EB134F04BFA3EB02430B60704700F057
:1054B00068BA10B5014604460722FF20E5F768FAEE
:1054C000E07110BD0378012B81BF01F1FF31C918D4
:1054D0005B4219400846704770B50C4605460821E6
:1054E000C06AFFF7EFFF072206462146FF20E5F7D7
:1054F0004FFAE379834207D1AA896388901B8342DC
:105500002CBF0020012070BD0020FCE738B5054607
:105510000C46FFF7E1FFA0B1A08898B922884FF6AA
:10552000FF739A420DD1E86A0821FFF7CBFF62882A
:10553000AB899B1AB3FBF0F202FB1030B0FA80F09B
:10554000400938BD0020FCE7F7B504460D46C06AA7
:105550000821FFF7B7FF2968074608232046FFF711
:1055600046FF0646002836D12B683B442B60A289B3
:1055700099B2D21B91422ED11A0C03BFE28902F1DB
:10558000FF3203EB0241A3F58031296008236A460C
:105590002046FFF72CFFE8B9E36A1A796B4613F847
:1055A000011B8A420CD101300828F8D1636805E05C
:1055B0002B68BDF802201B0C1B0413442B600AE06F
:1055C00069462046FFF7A2FF0028F1D12946204670
:1055D000E5F7CEFE0646304603B0F0BD2DE9F043B8
:1055E000074689B090461E461BB9002009B0BDE8A9
:1055F000F0833C688389080C14FA81F100FB0314E2
:10560000FB6A1D686D4235400CD0B86A836821463C
:10561000D3F804902B46C8470028E7D1761BE4D086
:105620002C44A84432464146684605F026F8FD6AF7
:105630002A682979921B0DEB060005F046F8B86A36
:105640002B688268214655686A46A847CEE710B5A0
:105650000A46082341680446FFF7C0FF08210246B6
:10566000E06AFFF72FFF63681B1A6360104610BDE6
:1056700013B54FF6FF7300220446ADF800308DF8E5
:1056800006308368ADF804206846ADF80230FFF7B5
:1056900010FF69462046FFF7DAFF02B010BD2DE982
:1056A000F04F044695B0C06A0821FFF70BFF63680E
:1056B0001B0C1B04054603A920460393FFF7EAFED3
:1056C000DDF80CB0A6895E44761B06AA0823314695
:1056D00020460496FFF78BFE021EC0F2A980E36A03
:1056E00006AA1979002312F8010B814240F08F803D
:1056F0000133082BF7D1A36862682B449A427ED20B
:1057000059462046FFF7ACFE024691E0BDF81A303C
:10571000360C36041E44049608AA04A92046DDF877
:1057200010A0FFF711FF0246002840F0818008A971
:105730002046FFF7D1FE18B9019B9A45ECD1DAE774
:10574000636805930AAA05A92046059EFFF7FCFE9B
:10575000024600286CD1BDF82820BDF820309A42BE
:1057600027D06268059B9A42ECD15645E4D1BDF83A
:105770002430002BE0D0BDF822704FEA1A431B04FE
:105780001F4408A8A368ADF82230FFF792FEE36A31
:10579000BDF824901E68764206F02006B9F1000F8D
:1057A0000ED108A92046FFF752FF02460028C3D0B9
:1057B0003EE00AA92046FFF78FFE0028D1D0D4E7AB
:1057C0004E45B04628BFC8460CAA43463946204637
:1057D000FFF70DFE024658BB4346A1680CAA2046BF
:1057E000FFF7FCFE41460246E06AFFF76BFEA36846
:1057F0000344A360E2B9A9EB08094744CEE7204679
:10580000FFF736FF024600283FF47AAF10E0731B23
:1058100006A920460193FFF779FE00287FF476AFB2
:1058200004A92046E5F7A4FD024600283FF474AF22
:10583000104615B0BDE8F08F00231A46E5F770BF9B
:1058400013B500240094E6F763F802B010BD0378A6
:105850005B075FBF03684288C3F34A2303EB121060
:105860005DBF173020F0070080080020704700203F
:10587000704703F0EEBD0346BFF35B8F53E8000FA4
:10588000421C43E800210029F8D1BFF35B8F704729
:105890001FB50023CDE90201CDE900331A461946B0
:1058A0001846E6F7BBFB05B05DF804FB0120E6F700
:1058B00069B90020704770B5D2E901369B1B8B4255
:1058C0000C4615460AD313680A460146981904F097
:1058D000D4FEAB682344AB60204670BD6FF01B0064
:1058E000FBE770B50E4615461946044618B9BDE8E3
:1058F0007040E6F747B933B1C2F34A231030120DB6
:10590000184404F0BAFEC4E900562046BDE87040D1
:10591000E6F7CCBA2DE9F3415F1C4FEA870806464B
:1059200008F1170020F0070080080C461546E6F73E
:1059300093F90023ADF805308DF807308DF8047029
:1059400068B10346019A43F8102FA8F104012A46D2
:10595000294452F8045B43F8045F8A42F9D1A2015A
:1059600002F4E07242EA482222F07F4222F47002FE
:10597000002322F03F02314602B0BDE8F041FFF7BC
:10598000B0BF07B50123019201AAFFF7C3FF03B01F
:105990005DF804FB07B5CDE9002302236A46FFF753
:1059A000B9FF03B05DF804FB1FB5CDE90123069BE9
:1059B000039301AA0323FFF7ADFF05B05DF804FBD5
:1059C000F8B506460D4614461F4604B9F8BD2146F3
:1059D00028463A46B047241A0544F6E710B542680F
:1059E00081680446D2E900230068FFF7E9FF636895
:1059F00000221A6010BD38B54B681A68CB689A420D
:105A000005460C4602D10846FFF7E8FF6368BFF37E
:105A10005B8F53E8002F511C43E800100028F8D199
:105A2000BFF35B8FA3689D54002038BD0A2838B5AA
:105A300004460D4602D10D20FFF7DDFF2946204622
:105A4000FFF7D9FF002038BD2DE9F043054687B0A8
:105A500008460E8891F80090D1F808800C46174649
:105A6000E6F722FB011EC6F38216C9F3C2091EDB4C
:105A70004846E6F72DFA03462146608851F8102B78
:105A80000196C2F34A22002A01EB0204C0F30B1074
:105A900008BF00210022CDE90407CDE902140092DD
:105AA00041462846E6F72CFB07B0BDE8F08300230B
:105AB000E2E7704770B54C680368A34201D2012049
:105AC00070BD8A682244934201D30020F8E7D1E9EF
:105AD00003254E69B54203D36FF00B038B61F4E7E6
:105AE0001B1B42F835304368086902EBC002536063
:105AF0000B6901330B61E2E72DE9FF41D1F80C801E
:105B0000054640461F460C461646DBF73CFBBDF8F3
:105B10002830009380B2CDE901803B4632462146D1
:105B2000284601F07FFF04B0BDE8F08100207047F7
:105B30000020E6F70DBE00221146E6F7CFBD034672
:105B400010B508460AB10021116053B1D0B1411E11
:105B500011F8010F80B113F8014BA04201D13D288B
:105B6000F6D100200EE0013313600AE03D2808D092
:105B7000B0FA80F0400905E018782F28F6D1002A05
:105B8000F1D1012010BD10B509B100230B6058B14F
:105B900003461A781C4601332AB13D2A03D02F2A26
:105BA000F7D101B10B60201A10BD0830704710B555
:105BB000134614460A4681880068FFF741FEA0425A
:105BC000A8BF204610BD2DE9F04F97B004460192C2
:105BD0009A46894600297CD0DAB1BAFA8AF6760963
:105BE000258F0135ADB2A84604F1080B6F1EBFB278
:105BF000B7F5004F26D04A2303AA39465846FFF787
:105C00001FFE002807DA10F1020F08BFB8463D4614
:105C1000ECE70126E4E700F158030DEB0300002355
:105C200000F84C3C03A94846DBF79BFA0028EED16C
:105C300026B339465846FFF7FFFD002805DA17B0AE
:105C4000BDE8F08FBEB30020F9E705F57F513F3185
:105C500089B25846FFF7F0FD0028F0DB238FBB42E6
:105C6000F1D12246013B22F8383F4FF40041022394
:105C70005846E5F755FD00EAE070E0E7B846B8F5AC
:105C8000404F29D0238F434504F1080515D308F56B
:105C90008041019A534689B22846E5F741FD002824
:105CA000CDDB002ECFD04846DBF76DFA4A460346DF
:105CB00041462846DDE70126E1E72246022322F895
:105CC000388F4FF400412846E5F72AFD0028DEDA38
:105CD000B5E76FF01500B2E76FF00B00AFE773B5F3
:105CE000C36B03630446C3B100F108063046E5F711
:105CF00071FB054670B902230DF106024FF4004115
:105D00003046FFF79DFD0028ACBFBDF806304FF4CC
:105D100000432387284602B070BD6FF01205F9E7F3
:105D200038B50D46AB4211461C4604D81A4604F05D
:105D3000A4FC204638BD0024FBE704F0C6BCC30920
:105D400003EB430303EBC30383EA4000C0B2704795
:105D5000CB780278534003704B88427853404370AD
:105D60000A68837883EA122383700A68C3785340F1
:105D7000C370CB79027953400371CB884279534089
:105D800043714A68837983EA122383714A68C3792D
:105D90005340C371CB7A027A53400372427A4B89E3
:105DA000534043728A68837A83EA122383728A6833
:105DB000C37A5340C372CB7B027B53400373CB89BE
:105DC000427B53404373CA68837B83EA1223837305
:105DD000CA68C37B5340C37370471FB502788DF800
:105DE000002042798DF80120827A8DF80220C27B52
:105DF0008DF8032002798DF80420427A8DF8052071
:105E0000827B8DF80620C2788DF80720027A8DF803
:105E10000820427B8DF8092082788DF80A20C2790B
:105E20008DF80B20027B8DF80C204278C37A8DF818
:105E30000D2082798DF80E208DF80F3010236A46E0
:105E40001946FFF76DFF05B05DF804FBF8B506468F
:105E500008780C46FFF773FF05466078FFF76FFF81
:105E6000A27863785340E27853405D4068403070D8
:105E700060782778FFF763FF0546A078FFF75FFF9C
:105E8000A3785F40E3785F407D406840707063783E
:105E90002778A0785F40FFF752FF0546E078FFF7CC
:105EA0004EFFE3785F407D406840B0702078FFF798
:105EB00046FF627823785340A278534080EA030576
:105EC000E078FFF73CFFEDB24540F570F8BD70B5E6
:105ED000144688B00546002849D0002949D0002A38
:105EE00049D010230A4668461946FFF719FF214694
:105EF0006846FFF72DFF103401F1A0066846E6F76B
:105F00001FFE6846FFF769FF694604A8FFF79EFF7A
:105F100001A905A8FFF79AFF02A906A8FFF796FFB7
:105F200003A907A8FFF792FF102319460DEB030200
:105F30006846FFF7F5FE214668461034FFF708FF74
:105F4000B442DBD1E6F7FCFD6846FFF746FF214689
:105F50006846FFF7FDFE102319466A462846FFF7FC
:105F6000DFFE684610220021FFF7E7FE012008B09F
:105F700070BD0846FBE71046F9E710B50A460F303A
:105F800012F9103B002BACBF0023872312F8014D00
:105F900083EA44038A4200F8013902D01378DB090E
:105FA000F4E710BD08B520B158220021FFF7C5FE67
:105FB000012008BD10B5044688B110220021FFF76A
:105FC000BCFE102204F130000021FFF7B6FE0023D2
:105FD000636400224FF48033C4E91423012010BD10
:105FE00070B504460D46164610B311B35822002171
:105FF000FFF7A3FE2946A6643046E6F7ADFD102262
:1060000000212046FFF799FE04F11005A26C2146FD
:106010002046FFF75CFF21462846FFF7AEFF2946E2
:1060200004F12000FFF7A9FF2046FFF7C3FF01207E
:1060300070BD0846FCE72DE9F0410E4615460446C2
:10604000002860D0FAB100295DD0D0E9143253EABB
:10605000020158D0013BD0F8448042F1FF32C0E940
:106060001432B8F1000F2CD0C8F1100708F130003D
:10607000BD4220440AD22B4632462946FFF750FE45
:10608000636C2B4463640120BDE8F0813B463246DB
:106090003946FFF745FE103D0023636445443E4406
:1060A000631E04F10F0113F8012F93F830008B42A7
:1060B00082EA00021A70F6D1A26C21462046FFF750
:1060C00006FF04F10F07102D0AD8002DDBD02B4658
:1060D0003246294604F13000FFF722FE6564D2E71C
:1060E000631E711E13F8012F11F8010FBB4282EAE3
:1060F00000021A70F6D1A26C21462046FFF7E7FE97
:106100001036103DDFE70020BEE770B50C460546AF
:10611000E8B169B34A6C102A1AD11031631E0139F3
:1061200004F10F0013F8012F93F83060724011F85A
:10613000016F984282EA06021A70F3D1A26C2146DE
:106140002846FFF7C4FE2046FFF72CFF012070BD54
:1061500002F130000021C2F110022044FFF7EDFDF2
:10616000636C2344802283F8302004F12001D5E7BA
:106170000846ECE7FEE701460068E6F72BBE08B5E7
:10618000E6F784FEBDE80840E6F7A4BE0A46012112
:10619000FFF7F7BB00210120E6F71CBE61B662B62F
:1061A00080F31188BFF36F8F704772B6002383F3BB
:1061B0001188BFF36F8FBFF34F8F30BF62B6BFF34D
:1061C0006F8F704772B6002383F31188BFF36F8F10
:1061D000BFF34F8F20BF80F31188BFF36F8F62B67C
:1061E0007047202809D9B0F1004F08D80138B0FA1B
:1061F00080F0C0F11F0040007047082070473E202B
:10620000704708B5D1E904319847002008BD30B582
:1062100085B014460A888B78ADF8002005460D221B
:1062200000210DF103008DF8023004F04EFA6A46A9
:106230006946284603F0BBF928B9BDF800209DF84F
:1062400002302280A37005B030BD13B50C4601AA00
:106250000331FFF7DCFF48B9032201A9204604F00F
:106260003CFAB0FA80F0400902B010BD0020FBE714
:1062700070B50D4600210446FFF785FC0D2818D1A6
:10628000237B302B13D0312B13D1012305F8063B90
:1062900004F10C062A462046012302210234FEF7AF
:1062A00085FEB44205F1FF35F4D1002070BD002316
:1062B000ECE76FF01500F9E70020704710B50C46C9
:1062C000017822788A428AB00FD06946E7F71EFE2D
:1062D00005A92046E7F71AFE10220DF115010DF170
:1062E000010004F0FAF90AB010BD012A06D0022A12
:1062F00007D072B940886388C01AF4E740686368C1
:10630000FAE71022611C01300AB0BDE8104004F029
:10631000E4B96FF01500E6E7042A0AD0102A0DD080
:10632000022A4FF0000315D103700B88438001202F
:106330007047012303700B684360F8E7022300F8FD
:10634000013B01F1100351F8042B40F8042B994252
:10635000F9D1ECE718467047012310B50621044631
:1063600000F8013BF2F708FD18B9A37963F03F0389
:10637000A37110BD0B6803608B8883808B79837158
:10638000037823F00203037070470078C0F34000E5
:106390007047D0F8B83083B15A7BD1070DD5D206FB
:1063A0000DD51B7B102B14BF032304234372807A6B
:1063B00098428CBF0020012070470223F6E7032398
:1063C000F4E70F2807D80D280BD8052808BF0320AD
:1063D00018BF02207047132803D01A2808BF0120D5
:1063E000F6E701207047FFF7D5BAFFF7CABA10B534
:1063F0000346BFF35B8F53E8000F40EA010243E816
:106400000024002CF7D1BFF35B8F10BD0023E5F70C
:1064100081BD38B504460D46E7F7ECFD5F3005D188
:1064200029462046BDE83840E7F73EBF38BDBFF3F8
:106430005B8F50E8003F0B4040E80032002AF8D163
:10644000BFF35B8F7047C0F307231070000E5370CB
:10645000D0700023C1F30720090E9370137150719F
:106460009371D171704770B506460D4640F20640F3
:106470000321E8F709FA044668B103210C3002F061
:106480000AF80680857021460022BDE8704040F27F
:106490000640E8F735BA6FF0680070BDF8B50746FA
:1064A0000E4642F2220006211546E8F7EDF90446B1
:1064B00078B106210C3001F0EEFF3B880380468066
:1064C000858021460022BDE8F84042F22200E8F72C
:1064D00017BA6FF06800F8BD2DE9F047814688468D
:1064E00042F2320007219DF820A017461E46E8F729
:1064F000CBF90546A0B107210C3001F0CCFFB9F86B
:106500000030038080F80280C7700671A0F805A0F3
:1065100029460022BDE8F04742F23200E8F7F0B920
:106520006FF06800BDE8F087C068E8F7FFBA10B503
:1065300003884288934219D8052B17D9B2F5486FC2
:1065400014D88388B3F5FA7F10D2C088A0F10A016D
:1065500089B240F67644A14208D801339BB2534336
:10656000B3EB800F34BF0120002010BD0020FCE7FA
:1065700070B506460D4642F221000321E8F784F982
:10658000044618B9BDE87040E7F754BE03210C304B
:1065900001F081FF06808570214642F22100BDE8AE
:1065A0007040E8F733BD1620704708B5EFF73CFAA6
:1065B00018B1C089003818BF012008BD08B50722EE
:1065C00004F08BF8B0FA80F0400908BDFFF7D9B9A4
:1065D0000B6803608B8883808B7983717047BFF36E
:1065E0005B8F0068BFF35B8F7047F8B50F461446AA
:1065F00030BB272142F22700E8F746F9054610B3E1
:1066000027210C3001F047FF3946FFF7E1FF06462E
:106610002246C31D04F1100152F8040B43F8040B89
:106620008A42F9D11022002106F1170004F04DF83A
:1066300029460022BDE8F84042F22700E8F760B999
:106640006FF01500F8BD6FF06800FBE7037A5B0799
:10665000024605D501462A3211F8010BFFF7C5BFE6
:10666000704738B50121054642F22D00E8F70CF9D4
:10667000044658B129460C3001F01CFF2146002287
:10668000BDE8384042F22D00E8F73AB96FF06800F3
:1066900038BD10B400F11003BFF35B8F53E8002F37
:1066A00022F4004143E80014002CF7D1BFF35B8FC4
:1066B000130403D510BC012100F071B910BC704760
:1066C0002DE9F041D1F8048086B004460D46B8F1BA
:1066D000000F1DD1037A5B071AD50E68411C701C90
:1066E000FFF76CFF2A36162241460746684603F03C
:1066F000ECFF10226946304603F0EFFF30B1102264
:1067000004F12A01304603F0E8FF00B107B16C60E4
:1067100006B0BDE8F08100F1100208B5034610464E
:10672000FFF75DFF010611D5BFF35B8F52E8000F45
:1067300040F4004042E800010029F7D1BFF35B8F2D
:1067400018460021BDE8084000F029B908BD10B581
:106750000C4630B919B1EFF725F900B1441C2046B9
:1067600010BD0024FBE718B111B10846E9F722B8C3
:106770006FF01500704713B5044680B106216846D6
:10678000F2F7FAFA48B99DF80530694603F03F037D
:1067900020468DF80530FFF7E6FF02B010BD6FF020
:1067A0001500FAE7003818BF01207047037AD907AF
:1067B00004D523F001030372E9F78CB9990704D5D6
:1067C00023F002030372E9F79FB970470020704776
:1067D000034610F4004F0CBF07200620DA0348BF21
:1067E00000F005009B0348BF00F0FB007047BFF3BB
:1067F0005B8F0068BFF35B8F704710B50346BFF334
:106800005B8F53E8000F00EA010243E80024002CEC
:10681000F7D1BFF35B8F10BD012310B403FA01F170
:10682000044662B1BFF35B8F54E8003F0B4344E87A
:106830000032002AF8D1BFF35B8F10BC704710BC48
:10684000C943FFF7DABF2DE9F04F87B005469DF841
:106850004860DDF840909DF844A00C469046002129
:10686000102202A81F4603F030FFEEB9CDE902481E
:10687000012202A942F20800E9F7D8FA044678B9E1
:10688000BAF1000F3ED11035BFF35B8F55E8003FE2
:1068900043F0040345E80032002AF7D1BFF35B8FD1
:1068A000204607B0BDE8F08FE8F730FF8346E4B933
:1068B00037BB5846DAF767FC0923012ECDE901B44E
:1068C0008DF800308DF80100CDF80C80D0D1CDF8D6
:1068D00010D005960222CCE714F83320083A012A9A
:1068E00025D901339845F7D1E2E70023FAE717F8F5
:1068F0003320083A012A1AD901339945F7D1D8E74C
:106900000023FAE7022E4FF0010208BF059202A908
:1069100008BF324642F2090008BFCDF810D0CDE9D9
:106920000279E9F783FA0028ADD00446B8E76FF0A2
:106930001504B5E7436813F008000AD05A0307D4DA
:1069400003F4C063B3F5806F14BF022001207047C9
:106950000120704770B5064686B00D4642F20A0027
:106960000121E7F791FF0446B0B10C3095B1012148
:1069700001F0A0FD06F1100203A9204600950723AF
:10698000E7F770FF0022214642F20A00E7F7B8FF5E
:1069900006B070BD2946EBE76FF06800F8E7FFF737
:1069A000D9BF183003F0EDBA036800220BB91846BE
:1069B00070478B4210D10B6842B942680360914224
:1069C00000D1436000230B600120704713604368CF
:1069D000994208BF4260F5E71A461B68E6E710B522
:1069E0000346BFF35B8F53E8000F00EA010243E860
:1069F0000024002CF7D1BFF35B8F10BD2838E9F7D6
:106A000093BE10B50446006918B1EFF75BFA002396
:106A1000236110BD2DE9F0410446002704F138063A
:106A200000230022304601F0DDFC034650B9204629
:106A3000FFF7E7FF04F158000022BDE8F041002312
:106A4000F5F76CB99D699F61EFF73CFA002DE7D02F
:106A500029462046E9F7B6FEE0E710B5BFF35B8FA5
:106A6000D0F8C830BFF35B8F00F1C8027BB1BFF331
:106A70005B8F591C52E8004F9C4204D142E8001C35
:106A8000BCF1000FF6D1BFF35B8FE7D110BD184604
:106A9000FCE72DE9F84307460E46904600244FF0E8
:106AA000D009B44203D100231846BDE8F88309FB9E
:106AB0000470FFF7D2FF034658B1457B012D02D089
:106AC000073D012D03D81A884245EDD01846EAF754
:106AD000CFF80134E5E710B50446EAF74FFE20464B
:106AE000BDE81040E9F702BE10B5437B023B044607
:106AF000062B16D8DFE803F009041515150B09005D
:106B0000017300212046EAF7EBF8002010BD008851
:106B1000FFF7A9FC0028F9D1637B072BF5D10821E9
:106B2000F0E76FF07F00F1E710B50446D0F8B80049
:106B300028B9207A04F18801EEF776FF38B1E278BF
:106B4000C3892AB913F0210F14BF0120002010BD02
:106B500013F0240FF8E70346C07A18B1D3F8B80051
:106B600000B1007B704738B5437B072B044626D124
:106B70000B0601F07F0513D5BFF35B8F031D53E8B0
:106B8000001F41F4006143E80012002AF7D1BFF36F
:106B90005B8FA5722046EEF7E1F968B9002038BD99
:106BA000437AAB42FAD2837AAB42F7D26FF40061F8
:106BB0000430FFF714FFECE7637AA372EFE76FF09E
:106BC0007F00ECE7407A704738B5037A8B42044681
:106BD000154615D100F188010722284603F07DFDF6
:106BE00080B1E378072243B904F19601284603F007
:106BF00074FDB0FA80F0400938BD04F18F01F5E76B
:106C00000020F9E70120F7E788307047F8B507461C
:106C10000D4642F213000E21E7F736FE0646D0B1CC
:106C20000E210C3001F037FC0E220446002103F047
:106C30004CFD3B8823802B8863806B88A380AB88C6
:106C4000E380EB88238131460022BDE8F84042F220
:106C50001300E7F755BE6FF06800F8BD7047F8B550
:106C600005460F46164600234FF4803204210020CB
:106C7000EAF796F9044620B92846BDE8F840EAF755
:106C800049BD04210C3001F006FC057047704680B8
:106C90002046F8BD704770B5D0E90035044623B1F1
:106CA0006B6803B1984700232360E3680BB120466B
:106CB00098472B6A1BB12046BDE87040184770BD4D
:106CC00038B5006D30B150F8084904B1083CFFF701
:106CD000E2FF04B938BDA5682DB12046083DFFF795
:106CE000DAFF2C46F7E72046BDE83840FFF7D3BF70
:106CF00038B5036D0D46BBB1184650F8084904B1CC
:106D0000083C53F8043C9B680BB1294698475CB19A
:106D10002046A468436824B19B68083C002BF4D14A
:106D2000F6E79B68002BF0D138BD0431EAF738B99B
:106D30002DE9F041144605460F4602F10C000421EE
:106D40001E46DDF8188001F0BDFB228A4780043A18
:106D500002804346324621462846BDE8F041E9F725
:106D6000B9BE37B500230A460D4600930521FFF74B
:106D7000DFFF044610B12846EFF7A4F8204603B021
:106D800030BD006D30B183898B42A0F1080001D085
:106D90008068F7E7704770470346006828B1596874
:106DA00002681A60884208BF5A6070470346002094
:106DB00003B970471A8A5B681044F9E710B5D468C4
:106DC0002378023113B92170012010BD8B42FBD012
:106DD000038A023B038200201061F6E70620704719
:106DE000FEF7CFBD73B51446014605464FF49572C4
:106DF000206800F0B2FE207500BB237A2068ABB19A
:106E0000A3F11802534253419B000193638A0093FC
:106E1000AE68238AE2682946B047002808DB238A47
:106E200098420ED100232375012008E00223ECE7ED
:106E300010F1FF0F05D34042C0B22075002002B010
:106E400070BD0E20F9E71FB5CDE9012300230093A3
:106E50001A46ECF737FC05B05DF804FBF8B593680B
:106E6000166805460F46144663B9506801210C3078
:106E700001F011FBA0602B681B78002B14BF0223CC
:106E800001230370A3681B78012B03D0022B1FD0B2
:106E900000201CE02B681B78002BF9D160680421CE
:106EA0000C3001F0F8FAE06007802A68E368528845
:106EB0005A806168728D738B088A9A4294BFC0EBC6
:106EC0000200C0EB0300042894BF00200120F8BD9D
:106ED0002B681B78022BDBD1606812210C3001F08B
:106EE000DAFAE06007802B68E268591C023211333D
:106EF00051F8040B42F8040B9942F9D16168728D84
:106F0000738B088A9A4294BFC0EB0200C0EB030067
:106F10001228D9E770B405686A6A52B3136803B1DE
:106F2000883BA2F188040022114600E0883B84429D
:106F300007D0668D648BB14238BF3146A24238BF5C
:106F400022461C462BB1D3F88830002BEED1844268
:106F5000EFD1438D408B8B4201D890420BD98242B6
:106F600038BF02469942286838BF194670BCEDF711
:106F7000B1B91146EDE770BC7047D06803780431B1
:106F800013B90170012070478B42FBD091680B8AC6
:106F90000020043B0B82106170472DE9F04F04463E
:106FA00085B0104690469946FFF700FF638B628DCF
:106FB000934228BF134683428B4640F29380636816
:106FC0000393404601F041FA4FF0000A064640465E
:106FD000FFF7ECFE628B638D06F10C079A4294BFBB
:106FE000C0EB0205C0EB0305384601F08FFA85427D
:106FF00017D24046FFF7DAFE628B638D9A4294BF48
:10700000C0EB0205C0EB03058DBB98F80A00EEF754
:10701000A3FE0022002301F0E1F9064630B95746ED
:1070200036E0384601F072FA0546EDE70146404683
:1070300001F01CFA4046FFF7B9FE628D638B06F142
:107040000C079A4294BFC0EB0205C0EB030538461B
:1070500001F05CFA85421FD24046FFF7A7FE628D21
:10706000638B9A4294BFC0EB0205C0EB0305F16845
:10707000328ACDF80090DBF8047003980A44ABB272
:107080005946B847071E0CDABAF1000F18BF574629
:10709000384605B0BDE8F08F384601F037FA0546AE
:1070A000E5E70E9BB3B9394606F10C0001F0F3F9A0
:1070B0004046FFF77BFE638D628B934228BF1346E9
:1070C000B9448342BA441FFA89F9A8D9AF423FF4C0
:1070D0007EAFA4E70F9A0E9B3946304698470028AA
:1070E000E1D19CE70027D3E70368002203B970478A
:1070F0008B420FD10B683AB942680360914200D1CC
:10710000436000230B60704713604368994208BFD7
:107110004260F6E71A461B68E8E706207047BFF3AF
:107120005B8F50E8003F43F0080240E8002100294F
:10713000F7D1BFF35B8FC3F3C000704773B5166818
:10714000054600237068137314462946952200F003
:1071500004FD207380B9CDE900002946A388A26808
:107160003046FFF71AFF002809DA10F1FF0F26BF9B
:107170004042C0B20E202073002002B070BD01203A
:10718000FBE72DE9F3411668074600237068137387
:1071900014463946952200F0E0FC0546207308BBF2
:1071A000A068718D728B038A914294BFC3EB010377
:1071B000C3EB0203012B15DD02210C3001F06BF94A
:1071C000CDE900558046A388A26839463046FFF7CE
:1071D000E4FE031E0ADA13F1FF0F26BF5B42DBB2A7
:1071E0000E232373002002B0BDE8F081A8F8003020
:1071F0000120F8E72DE9F04104468868FFF7D6FD45
:10720000638D628B934228BF134683420D461DD384
:10721000A163D1F8088000278F60F5F707F8414691
:107220002046EAF74FFE064638B1C5F80880A76346
:10723000F5F710F83046BDE8F081618D638B994217
:1072400028BF1946284600F0D9FDF1E76FF079060E
:10725000F0E738B5BFF35B8F0B68BFF35B8FDB07DD
:10726000054617D550F8040CA0B16B6B93B90430E8
:10727000FFF792FD044668B10146281FFFF7BAFFE9
:10728000002807DA55F8043C5A6822609A685C6066
:1072900002B99C6038BD2DE9F041446A07463CB311
:1072A00054F8886906B1883E00231D4607F104089A
:1072B00001E034461646A26B9AB905B98BB940462F
:1072C000FFF76AFD054658B101462046FFF792FFD9
:1072D00000280DDA7B682B60BB687D6003B9BD6058
:1072E00023462EB1D6F88820002AE2D0883AE0E77B
:1072F000BDE8F08170B500220446002308460E4622
:1073000001F070F8054658B101462046EAF7DAFD6B
:10731000044618B12946304602F00BFD204670BDE8
:107320006FF00104FAE7F8B50546071F00F13003D6
:1073300050F8044CBFF35B8F53E8001F21F00401A9
:1073400043E80012002AF7D1BFF35B8F04B36B6BE5
:107350008BB963687BB1201DFFF71EFD0146064611
:107360003846FFF747FF002812DA63683360A368E6
:10737000666003B9A66005F138013846FFF7BAFF29
:1073800030B104F10C013846BDE8F840FFF7B2BF58
:10739000F8BD38B504460D46EAF794FD30B12946EC
:1073A00004F13C00BDE8384001F049B838BD2DE992
:1073B000F041884617460121042205461E46EAF799
:1073C00085FC044670B104210C3001F064F880F8AB
:1073D0000080A0F80170C67021462846BDE8F04143
:1073E000FFF7D7BFBDE8F08137B50C46054601F180
:1073F0000C0001F07FF8228A0192E26800920346B5
:10740000132212212846EAF7BDFE03B030BD37B57E
:107410000C46054601F10C0001F06CF8228A01923D
:10742000E26800920022034611462846EAF7AAFEC7
:1074300003B030BD07B5CA681388528800920C218A
:107440000D22EBF79BF803B05DF804FB07B5CB68A2
:1074500000221B8800920A210B22EBF78FF803B061
:107460005DF804FB70B5CB681E88B3B2162B0446DA
:107470001AD90321EAF73EFF0546B8B102210C30C4
:1074800001F009F86FF00D030370012343702946E2
:107490002046FFF77EFF4FF4F9732046638366852D
:1074A000FFF738FD002070BD0420FCE70E20FAE74E
:1074B000ECF79CB808B5EAF7C5FE08B3426A02B318
:1074C000136803B1883B32F86E0C32F85E2C9042A0
:1074D00028BF104643B913E0934228BF1346984291
:1074E00038BF1846A1F18803D3F888105A8B5B8DFA
:1074F0000029F1D19A4228BF1A46904238BF10465F
:1075000008BD1046FCE70A8AC9680023EBF7AAB950
:1075100070B5054650F8043C55F804690446002B44
:1075200032D031B1436B7BB31B7CDA072CD50523FA
:107530001DE03046ECF7E2FE737A012B24D0646B39
:1075400014B3237CDB071FD5E368002BEFD06269FF
:10755000617C2846EAF7BAFB064638B1D4E9051241
:10756000E368984750B13046EEF7ACFC0E2300229A
:1075700028461146BDE87040EBF774B931462846FD
:10758000EAF7A0FC0028EED170BD70B50E46EAF710
:1075900059FE044628B93046EEF794FC6FF07F00A0
:1075A00070BD00F10C052846314600F048FF606AC6
:1075B00038B150F8884904B1883C2946FFF79AFE53
:1075C00020B90020ECE71C466FF00100002CF8D039
:1075D000D4F8883023B90230F5D020461C46ECE7B9
:1075E000883BF8E738B505460C46F4F71FFE2846F9
:1075F000EAF728FE20B9F4F72DFE6FF07F0038BDC2
:107600000023236083683BB9C0E90144FFF743FED0
:10761000F4F720FE0020F2E71C608460F6E701200A
:10762000704708B5EAF70EFE98B1436A8BB1BFF315
:107630005B8F883B03F1340252E8000F20F0080012
:1076400042E800010029F7D1BFF35B8FD3F88830FF
:10765000ECE708BD08B50421FFF793FB30B1BFF399
:107660005B8F006BBFF35B8FC0F3C00008BD106081
:10767000002070470B4609895A898A4203D05981F4
:10768000DB6803B11847704710B5029CA36833B19B
:10769000B1F5807F28BF0E21CAB221469847A37D4D
:1076A000E268013BDBB2A37522B11BB92046BDE8FD
:1076B0001040104710BD10609180002070470020DE
:1076C0007047F0B507683D7889B006461446DDB9C5
:1076D0007B88B3F5245F04D010D8A3F52053032B87
:1076E00012D8ADF80A1002220DF10A012046FEF769
:1076F000A2FC68B96FF01502A26506E003F55643D7
:10770000FF339BB2042B1ED90125284609B0F0BDDA
:107710007B88ADF80A3002220DF10A012046FEF7FF
:107720008AFC0028E6D00020009003AA7768132383
:107730003146B847021EDFDB03A92046FEF77BFC7B
:107740000028E1D1D6E7ADF80A1002220DF10A01B6
:107750002046FEF770FC0028CCD07B88ADF80A30BC
:1077600002220DF10A01E8E7FEF70BB908B507227E
:1077700002F0B3FFB0FA80F0400908BD10B50378FD
:107780009342044607D10130FFF7F0FF002814BFF1
:107790002046002010BD0020FCE710B50346BFF3D3
:1077A0005B8F53E8000F40EA010243E80024002CFD
:1077B000F7D1BFF35B8F10BD10B50346BFF35B8FEE
:1077C00053E8000F00EA010243E80024002CF7D13F
:1077D000BFF35B8F10BD0B6803608B8883808B7950
:1077E00083717047FEF7D6B8BFF35B8F0068BFF3B5
:1077F0005B8F7047F8B599420446089EDDE906079D
:107800000D4601D90020F8BD914201D20120FAE7CE
:1078100060B98FB933880A9A013B33802946099BA6
:10782000204698473388002BEDD1EBE72168FEF71F
:1078300045FD0028EDD0E9E7E368BB42E6D1E9E782
:10784000106000207047022A10B508D1002300F113
:1078500088011A46007AEBF78FFA022010BDEBF789
:1078600089FBFAE7F7B51546BDF820601F46FEF71D
:107870009AFE022EADF806000ED8C6F10204BC42F4
:10788000A8BF3C460DF1060322469919284602F08E
:10789000F4FE204603B0F0BD6FF00604F9E72DE9D1
:1078A000F0419846BDF818601546E7F72FFF0746E8
:1078B000D9F769FC83B2B3420CD39C1B4445A8BFE3
:1078C0004446A4B22246B919284602F0D6FE204604
:1078D000BDE8F0816FF00604F9E7F7B51F46002315
:1078E000BDF820608DF804301546EBF7ABF910B108
:1078F000037A8DF80430012E0DD8C6F10104BC4284
:10790000A8BF3C4601AB22469919284602F0B5FEB5
:10791000204603B0F0BD6FF00604F9E713B5C9685F
:1079200010460A781C46BDF8103092B94A88ADF866
:107930000620022B18D8C3F102029442A8BF1446B5
:1079400022460DF10601194402F097FE204602B0CE
:1079500010BD102B01F1010106D8C3F110029442B1
:10796000A8BF14462246EEE76FF00604EEE7F7B52F
:10797000C968BDF8206015461F46EBF791F900B1C4
:107980000089ADF80600022E0ED8C6F10204BC42F2
:10799000A8BF3C460DF1060322469919284602F07D
:1079A0006CFE204603B0F0BD6FF00604F9E708B5A1
:1079B0000C3029B10121FFF7F0FEC043084008BD9B
:1079C0006FF00101FFF7F8FE00F00100F7E710B5D6
:1079D0000446FFF7ECFF38B121460122BDE8104014
:1079E00011F8010BEBF770B910BD38B50446154618
:1079F000FFF715FE48B12046EBF724F928B1037ACA
:107A0000DB0702D50121FFF7E2FF55B9207A04F127
:107A10008801EBF783F820B18560BDE83840EBF7CB
:107A200093B938BD10B5BDF80810BDF81040A1429B
:107A300010460BD8641A9C42A8BF1C46039BA4B2F4
:107A40002246194402F019FE204610BD6FF00604CC
:107A5000FAE713B5044610B9002002B010BD0023A8
:107A60008DF80430006842F6030301A9ADF8063032
:107A7000FEF724FC0028EFD1E36898880028ECD1B9
:107A80002046EBF7EFFD013080B2E6E7F0B5CC68B9
:107A900087B008461F46A3798DF80430BDF83060E2
:107AA0001546FFF7D6FF2468ADF8050023789BB98B
:107AB0006388ADF807300524B44219D3A41BBC4237
:107AC000A8BF3C46A4B201AB22469919284602F051
:107AD000D4FD204607B0F0BD631C0DF10702113440
:107AE00053F8041B42F8041BA342F9D11324E3E723
:107AF0006FF00604EDE71FB5CDE9012300230093E5
:107B00001A46EBF7DFFD05B05DF804FBEBF7D4BEDA
:107B100073B5CC68BDF8185061882688ADF8006050
:107B2000104622798DF80420072DE288ADF8021066
:107B3000ADF805200CD8C5F107049C42A8BF1C462F
:107B400022460DEB050102F098FD204602B070BD03
:107B50006FF00604F9E7FFF7ADBC38B5D4074B8AE0
:107B6000054604D513F0950F2BD0486848B390070D
:107B700004D513F4957F26D0896821B302EA030463
:107B800014F4DE7F0DD0EB7A2BB92846FEF7CCFF3C
:107B9000D8B9052038BD14F0300F04D114F4C07FDB
:107BA00007D10020F6E72846FFF70CF80228F5D8A1
:107BB000EFE7D5F8B830002BEBD05B7BDB06E8D5E0
:107BC000EFE70220E6E70320E4E70F20E2E72DE9F4
:107BD000FF41437B072B05460C46174610D1002377
:107BE0008DF80C30206842F6030303A9ADF80E307F
:107BF000FEF764FB60B9E3689B7913F0300F03D1A3
:107C0000002004B0BDE8F0812046EBF7FDFF0446FC
:107C1000002320688DF80C3003A942F60213ADF85A
:107C20000E30FEF74BFB18B12046EBF7EDFF044694
:107C3000002642F6021820688DF800606946ADF80B
:107C40000280FEF73BFBD8B9002320688DF80C308A
:107C500003A942F60213ADF80E30FEF72FFB002801
:107C6000CED1E4682246284612F8011BFEF7ACFF8D
:107C70000028C5D023891F4214BF01200020C0E77F
:107C800020688DF8046042F6030301A9ADF80630C0
:107C9000FEF714FB0028D7D020688DF808604FF459
:107CA000205302A9ADF80A30FEF708FB0028CBD01C
:107CB00020688DF80C6042F6010303A9ADF80E3080
:107CC000FEF7FCFA0028BFD02046EBF79DFF0446E4
:107CD0000028B0D194E72DE9F04105468846EAF73F
:107CE000B1FF0446E0B1037ADB0719D500F10C07B8
:107CF0003846FFF779FD10F0010611D1B8F1000FF9
:107D00000FD06FF002013846FFF756FD10F0020F5A
:107D1000284609D0FFF785FC01212046FFF757FED2
:107D200001263046BDE8F081FFF779FC0028F8D045
:107D30002846FFF78FFC0028F3D06FF00201384689
:107D4000FFF73AFD2846E5E7F8B506460F46EAF79D
:107D5000C3FE394604463046FEF727FC68B364B3D9
:107D600004F108056FF001012846FFF725FDC20761
:107D700003D539463046ECF7DDFA6FF002012846AC
:107D8000FFF71AFD830703D539463046EBF714F9A0
:107D90002846FFF729FD80B9234603F8010BC4F8F4
:107DA0000100C3F80300BFF35B8F55E8003F45E8CF
:107DB0000002002AF9D1BFF35B8FF8BD10B504466D
:107DC000A0F1170110F8180CFFF7BEFF14F80C0C07
:107DD000A4F10B01BDE81040FFF7B6BF38B504466B
:107DE00059B100F188052946007AECF7A3FA207A08
:107DF0002946BDE83840EBF7DFB838BD70470720AB
:107E00007047FDF7BEBDBFF35B8F0068BFF35B8FAC
:107E1000084100F00100704710B50346D9B1C88988
:107E200010F0240F17D01A7D5C7B097BA24228BF7B
:107E30002246914201D9002010BD820604D4187A4E
:107E4000003818BF0120F7E70521181DFFF7DBFFF9
:107E50000028F4D1EFE70120EEE701238B40DB435C
:107E6000BFF35B8F50E8002F1A4040E80021002943
:107E7000F8D1BFF35B8F7047FDF78CBD08B50621C5
:107E8000FEF77FFF18B9BDE80840ECF73BBBEC38C4
:107E900008BD4FF47022002300F59070F3F73EBF49
:107EA0000720704701238B40BFF35B8F50E8002F02
:107EB0001A4340E800210029F8D1BFF35B8F7047D7
:107EC00008B50E21FFF7EEFF002008BD70B5051DB7
:107ED0000E4628460421FFF796FF68B100220021D4
:107EE00000230846FEF721FF044640B90421284636
:107EF000FFF7D8FF204670BD4FF47022EFE7012155
:107F00000C3000F0C8FA0670F4E738B504210446D6
:107F1000FFF7DCFF054698B110210C3000F0BBFAEA
:107F200004F1270304F1370253F8041B40F8041B43
:107F30009342F9D120462946ECF7FAFA002038BDE1
:107F40000820FCE770B5D0F8EC30DB78012B044654
:107F500019D1CD68061D10213046FFF77EFF2B4654
:107F600004F1B70205F1100153F8040B42F8040BB9
:107F70008B42F9D107213046FFF745FF28B109218F
:107F80003046FFF78FFF002070BD0A213046FFF713
:107F90003AFF0028F3D12046BDE87040ECF7E4BB7F
:107FA00007207047072070470720704730B501232E
:107FB00003FA01F1CA43BFF35B8F50E8003F03EAC5
:107FC000020440E80045002DF7D1BFF35B8F194252
:107FD00014BF0120002030BD70B500F188060446B2
:107FE0000D4607220968304602F077FB48B96B68F6
:107FF0001A68C4F888209A88A4F88C209B7984F8A1
:108000008E3070BD38B50446031D0025BFF35B8F6D
:1080100053E8002F43E800510029F9D1BFF35B8FEB
:1080200004F5907001F0ADFF2572BFF35B8F54E84B
:10803000003F44E80052002AF9D1BFF35B8F20468D
:108040000121BDE83840FFF72DBF2DE9F84FDDF8DD
:108050002C80BDF82890044692461F46FFF70EFF7D
:10806000054600285AD0061DB9F1000F27D15AEA5B
:10807000070324D103213046FFF7C5FED0B3012109
:108080003046FFF7C0FEA8B32C7D6B7B9C4228BF17
:108090001C46224605F14701404602F0EEFA0F2C3D
:1080A00006D8C4F11002002108EB040002F00DFB19
:1080B00030460121FFF7F6FE0120BDE8F88FD4F825
:1080C000B830F3B904F1880B217A5A462020EDF735
:1080D0004DFCC4F8B80030B9217A5A460120EDF7BA
:1080E00045FCC4F8B800B9F1000F0AD15AEA0707F5
:1080F00004D006E0D4F8B830002BE3D0D4F8B810A0
:1081000071B90F213046FFF77EFE20B10222062111
:108110002046E9F763F82846FFF774FF0020CCE714
:10812000CB899B06EDD50C7B1A312246B4E76FF064
:108130008500704770B504460820ECF791F90546B4
:10814000E0B1061D08213046FFF787FEBCB30721CA
:10815000FFF783FE234605F1970204F1200153F84F
:10816000040B42F8040B8B42F9D10A213046FFF789
:108170004AFE70B109213046FFF794FE0720ECF764
:108180006FF90446E8B1ECF713FA0146C8B120468E
:1081900012E010213046FFF736FE09210028EAD10F
:1081A0003046FFF730FE0028E8D02846ECF7DCFA2E
:1081B00001460028E2D02846EDF72CF8DEE70B2137
:1081C000F9E770BD70B50446A0F1EC0650F8343BF9
:1081D000E83CD3F8B85001F0D4FE03212046FFF765
:1081E00012FEA0B108213046ECF77EFF3DB1EB89CD
:1081F00013B16B7B9B0702D5284600F02BF8304665
:108200004FF4AC72BDE87040002102F05EBA01216B
:108210002046FFF7F8FD0028E4D10F212046FFF7A4
:10822000F2FD0028DED1E1E7E7F754BC70B5044663
:108230000D461646EDF79AFB38B931462846EDF75C
:1082400057FB10B1C3891C43C48170BDC389194356
:10825000C181704710B5037A5B07044601D5E7F783
:1082600053FC214611F8010BE5F720FE2046402281
:10827000BDE81040002102F028BA531E1944024400
:1082800011F8013900F8013B9042F9D1704710B55F
:10829000431E00F11002073013F8011F12F8014DC0
:1082A0001C7083421170F7D110BD70B5C2B00D467D
:1082B0001646014616AA68461C46FDF791FE18B9F7
:1082C0006FF0040042B070BD324629466846FDF7A3
:1082D000B2FE0028F4D069462046FDF716FF0028BC
:1082E000EED00020EEE7F0B597B014460E462022FF
:1082F000014605A81D461C9FFFF7BFFF20223146FF
:108300000DA8FFF7BAFF2146102201A88DF854509E
:10831000FFF7B3FF3B46412205A901A8FFF7C5FFC0
:10832000044610B93846FFF7B2FF204617B0F0BD3B
:108330002DE9F04397B00446164605A810221D46C5
:10834000DDE91F98219FFFF798FF1022314609A809
:10835000FFF793FF102229460DA8FFF78EFF1E9905
:10836000032211A8FFF789FF4946D9F8010011F847
:10837000013B8DF8473012908B88ADF84C300622C7
:1083800012A8FFF77AFF4146062211F8013B8DF84B
:108390004E30D8F80130CDF84F300DF14F008B88BA
:1083A000ADF85330FFF769FF2146102201A8FFF70F
:1083B00064FF3B46412205A901A8FFF776FF04466A
:1083C00010B93846FFF763FF204617B0BDE8F083C9
:1083D0007047002303824369C3607047416A89681C
:1083E000EDF7E4BCF3F7DEB9EFF31182402383F33A
:1083F0001288BFF36F8F00230B60436833B9C0E965
:10840000001182F31188BFF36F8F704719604160CC
:10841000F7E710B50346EFF31181402282F312888B
:10842000BFF36F8F006828B15C6802681A60A042D1
:1084300008BF5A6081F31188BFF36F8F10BD01F040
:108440006DBC027A013202727047034618465B68BF
:10845000002BFBD17047426810B52AB10B461C4671
:108460005B68002BFBD16260416010BD10B5044613
:1084700020B90B7A01330B72084610BD034618462B
:108480005B68002BFBD1FFF7E6FF2046F5E783682A
:108490000B44036070478388026819448180D018B8
:1084A000704730B484880568A3188380281930BCCD
:1084B00002F0E3B810B5838802685C1C8480D15454
:1084C000D01810BD034600689A88401A11441860FD
:1084D000998070478288521A034682800068084457
:1084E00018607047034600689A88521A01449A80BF
:1084F0001960704710B503681C880221FFF7EAFF76
:10850000204610BD02688068101A70478388C288B0
:108510008168D21A03685B1AD01A70470369C9B21E
:108520000C2201FB0233186C00F00700704770B595
:10853000C9B20369EFF31185402484F31288BFF3B5
:108540006F8F0C2606FB0134246C14F0C00408D095
:10855000A24206D085F31188BFF36F8F4FF0FF3032
:1085600070BD71430B4401221A6485F31188BFF377
:108570006F8F43680B445B6898470020F0E78022C8
:10858000FFF7D5BFF8B5069F0469C9B2EFF31186AE
:10859000402585F31288BFF36F8F0C2569430C4487
:1085A000256C05F0070CBCF1010F0BD1276486F395
:1085B0001188BFF36F8FC4E90E2343685B58984757
:1085C0000020F8BD05F0C005AF4286F31188BFF367
:1085D0006F8F0CBF6FF077004FF0FF30F1E713B5EE
:1085E00080240094FFF7CEFF02B010BD10B40069E4
:1085F000CBB21C2403FB0400002110BC1047002058
:10860000F0F7E0BD002001F024B81046F3F7FCB805
:108610000020704738B50C461546E7F76BF828B1CF
:1086200029462046BDE83840E6F722BA6FF00A0036
:1086300038BDF7B50F4616464FF480650024A642B4
:1086400003D816D0162003B0F0BD331BB3F5806FEE
:1086500038BF1D462A4601AB39190020F4F70CFE3D
:1086600020B9019BAB4201D12C44E8E76FF0150023
:10867000E9E70020E7E7002208B511461046F4F7C5
:10868000CBFD002818BF6FF0150008BD38B50546B2
:108690000C4601F0A5F8002D07DBA84205D9401BC8
:1086A00084428CBF0020012038BD0020FCE770B55B
:1086B0000D462846194616461C46FFF7E7FF28B91F
:1086C00021462846BDE87040EDF7E8BE24B12246B9
:1086D0002946304601F0D1FF002070BDF7B51C4699
:1086E0001646002382682360A36013690D4601AA21
:1086F00069469847019B5A1E01921BB96FF01500FD
:1087000003B0F0BD0098A26847682168676085B92A
:10871000B31AD0F800C0634528BF63461A4403FB70
:1087200007112160A26002689A4206D808300090C2
:10873000E0E76B1AB3FBF7F3EBE70020E0E7134643
:108740000022FFF7CBBF2DE9F047836886B01B6995
:108750008846914601A902AA98470024A2462546C8
:10876000029BAB4202D806B0BDE8F087019F07EB41
:10877000C50700267B6804933A68B2420AEB0603F9
:1087800002D801359A46EBE703940593494603A8BE
:10879000C0470028E7D0049B01361C44ECE743683F
:1087A0005B68D3F810350B600020704743685B6846
:1087B00002EA010021EA0201C3F80805C3F80C151A
:1087C0000020704743685B680020C3F808157047B5
:1087D00043685B680020C3F80C15704743685A680B
:1087E000D2F8043521EA03000B40C2F80805C2F8AC
:1087F0000C350020704710B503695868F8B18842FD
:1088000019D19C6808685860A14200D19860002086
:1088100008602AB15A680A609A68596002B999607A
:10882000002010E0814206D10868206098688142EB
:10883000EDD19C60EBE7044600680028F2D1002AE5
:10884000E8D16FF0150010BD002201210320E4F7EC
:10885000B5BE13B5002101AA044600F0DBF80028DC
:1088600005DB019B226819791868EEF79BFB02B0C3
:1088700010BD022940680CD843181B79022B0BD17C
:1088800002314A000068012302F0FE020A2100F0D2
:108890006DB86FF0150070474FF0FF307047022938
:1088A00040680BD843181B79022B0AD14900CA1C17
:1088B00000680123D2B20A2100F058B86FF0150009
:1088C00070474FF0FF30704770B54568286801F079
:1088D000AFF880B1EE1C002416F8013F286822464C
:1088E0000A2100F043F8002804DB0134E4B2032C31
:1088F000F2D1002070BD6FF01200FBE701F10C0017
:10890000F3F76AB91FB50346CDE9011202220068E8
:108910009B888DF80C20826801A994680122A047E9
:1089200004B010BD30B589B044688DF80410002142
:1089300020688DF805201D4601AAA3888DF8101027
:108940000C990292069102220721039205958DF857
:108950001C1081688C6802A9A04709B030BD13B50E
:1089600001240094FFF7DEFF02B010BD07B58DF8BB
:1089700004108DF8052001A9032240688DF8063007
:10898000FFF7C0FF03B05DF804FB07B58DF80520C5
:1089900004228DF804108DF806300DEB02019DF8CD
:1089A000103040688DF80730FFF7ACFF03B05DF87A
:1089B00004FB2DE9F34705469DF82890D0F8108078
:1089C0000E4617469A464FF0FF324FF0FF334046AF
:1089D000F2F734FE0DF107033A4631462846FFF719
:1089E000BEFF044678B99DF8073023EA090309EA77
:1089F0000A0943EA09033A46314628468DF807300A
:108A0000FFF7B4FF04464046F2F790FE204602B05E
:108A1000BDE8F08730B543681360057A446804EB1D
:108A2000C504A34202D36FF0010030BD5C798C42D3
:108A300001D00833F0E70020F7E7F8B587687C68D5
:108A40000646E4B1436893F8264014F0010418D1B7
:108A500005694FF0FF334FF0FF322846F2F7EEFD85
:108A60006B69013B6B613BB97B6830469847041EDC
:108A7000BEBF6B6901336B612846F2F757FE204693
:108A8000F8BD0024FBE7F0B4D0E901631B693BB1FA
:108A900077688F4208DB3568954205DCF0BC1847E3
:108AA0006FF05700F0BC70476FF01500FAE7F0B4B4
:108AB000D0E901631B6A3BB137698F4208DBF56877
:108AC000954205DCF0BC18476FF05700F0BC7047CA
:108AD0006FF01500FAE770B4D0E90162956A0346B9
:108AE0000C46A5B196F8242012B92B4670BC184745
:108AF000306A024410F8011BA14202D121461846F7
:108B0000F3E79042F6D16FF0850070BC70476FF0CC
:108B10005700FAE72DE9F341D0E901470E4694F8F2
:108B200025100569FF2980460FD194F82610C1F35E
:108B30008101022914D0D8F808301B6B003918BF06
:108B400001214BB96FF0570003E0FFF7C4FF002885
:108B5000EBDA02B0BDE8F081404698470028F8DB28
:108B6000A268B2F1004F05D011464046FFF78BFFD7
:108B70000028EEDB6269B2F1004F05D01146404695
:108B8000FFF795FF0028E4DB2368B3F1004F14D012
:108B9000D8F808305B69002BD4D001A9404698472B
:108BA0000028D6DB2268019B9A421CDD1146404614
:108BB000FFF769FF002805DACBE762686FF0004332
:108BC0009A42E5D19EB994F826309B0716D03B68AF
:108BD000404698470028BCDBA069EEF779FA6B693C
:108BE00001336B610AE062689342EBDDDEE76B699B
:108BF00001336B6194F82630DA0601D40020A8E72F
:108C00004046FFF71AFFA4E7436893F82C30032B84
:108C100094BF182000207047F8B547680C4600261E
:108C20000125786830B90136052E07F10807F8D11B
:108C30000020F8BD3B7A05FA03F103691B6844FA8A
:108C400006F202F00102194218BF82F001022AB1B5
:108C50008368DB6898470028E5D0EAE783681B69EA
:108C6000F8E7406890F82C30032B13D8DFE803F0C6
:108C700002080B0F012300220421806AFFF776BE51
:108C800001230222F8E7012300220821F5E701234E
:108C90000222FAE700207047406890F82C30032B3E
:108CA00013D8DFE803F002080B0F01231A46042152
:108CB000806AFFF75BBE01230322F8E701231A460F
:108CC0000821F5E701230322FAE7002070474068F6
:108CD0000123006802220B21FFF748BE0B46114614
:108CE000426892F82C20032A02D898B2EEF706BA0E
:108CF0006FF01500704713B51C46806A0DF107032D
:108D0000FFF72DFE38B99DF807301C42049B14BFB5
:108D1000012200221A7002B010BD10B401320129E4
:108D2000D2B208BFD2009DF8044017BF42EA8313B5
:108D300042EAC313DBB2472204BFDBB2B822012CE4
:108D40000CD0022C07D064B901920C22806A10BCAE
:108D50000421FFF72EBE01920E22F7E701920D22A9
:108D6000F4E76FF0850010BC7047022A04D0032A94
:108D70000AD06FF08500704701F108020123806A74
:108D8000D2B20821FFF7F2BD01F108020023F6E795
:108D9000F7B501248C40012A05460E461346E4B27D
:108DA00004D0042A17D0C2B9052701E00427002304
:108DB0000094A86A15220421FFF7FBFD00280EDBB2
:108DC00007EB4602A86A0123D2B2042103B0BDE832
:108DD000F040FFF7CBBD2346E6E76FF0850003B018
:108DE000F0BD406890F82C300A46032B0DD8DFE820
:108DF00003F00205070A0021FFF7CABF0121FBE7C4
:108E00000021FFF7B2BF0121FBE76FF0850070473B
:108E100013B5144601F10C02806A0DF10703D2B2BA
:108E20000821FFF79CFD002807DB9DF8070021467D
:108E300002B0BDE81040EEF761B902B010BD37B521
:108E400005460C46104619460DF10602EEF766F986
:108E500010F1160F0BD004F10C029DF80630A86A31
:108E6000D2B2082103B0BDE83040FFF77FBD03B0A8
:108E700030BD73B505460C46806A16460DF10703F2
:108E80000F220421FFF76BFD002811DB9DF807304E
:108E9000A86A2341DB0745BF04346400103433461D
:108EA0004EBF04F0FE023346E2B20421FFF757FD45
:108EB00002B070BD30B5044685B010460D460DF1C8
:108EC0000E0219466468EEF729F910F1160F21D049
:108ED0000DF10D0229462046FFF7CBFF002819DBD4
:108EE000BDF80E309DF80D209A4213D02A1D520075
:108EF000A06ADBB202F0FE020421FFF737FD002872
:108F000008DB0123AB40DBB20093A06A0F220421EF
:108F1000FFF74FFD05B030BD30B44468134694F8F8
:108F20002C20032A14D8DFE802F002070A100A46B0
:108F3000002130BCFFF7BEBF0A460121F9E70A460F
:108F40000021204630BCFFF77ABF0A460121F8E72E
:108F50006FF0120030BC7047F8B54468012604F188
:108F60002805606820B90834A542FAD10020F8BD70
:108F700000F05EFDC0B163896068217A43F400327D
:108F80000769D0F808E013F0010F3B6806FA01FC0E
:108F900014BF4CEA030323EA0C033B60DEF8003005
:108FA00098470028DFD0E2E76FF01200DFE713B543
:108FB000406890F82C300C46032B20D8DFE803F0F3
:108FC0000211151C0DF107020021FFF752FF0028C6
:108FD00017DB9DF80700214602B0BDE81040EEF710
:108FE0008DB80DF107020121EFE70A46002102B01A
:108FF000BDE81040FFF70CBF0A460121F7E76FF00C
:10900000120002B010BD37B50346086880B1586839
:10901000CB8890F82C4003F00103032C24D8DFE820
:1090200004F002090D1B00920A790021FFF775FE7A
:1090300003B030BD00920A790121F7E70979B2B98E
:109040004A1C42EAC303DBB20522806A082103B04E
:10905000BDE83040FFF78ABC097942B94A1C42EAB0
:10906000C303DBB20622F0E76FF01200E0E76FF017
:109070008500DDE7F0B5456885B00446A86A00F0D4
:10908000D7FC002800F08180606890F82C30032B1A
:109090007BD8DFE803F00231363D0DF10D0300937C
:1090A000042334220421FFF726FE00284EDB9DF81E
:1090B0000D102046FFF72EFD002847DB296B61BB12
:1090C00095F84C30FF2B43D1002205F134012046A6
:1090D000FFF799FF002839D1012205F13C01204614
:1090E000FFF791FF90BB022205F14401204605B035
:1090F000BDE8F040FFF787BF0DF10D03009340235B
:10910000CFE70DF10D030093032304220821CAE7E2
:109110000DF10D0300930C23F7E7676897F82C60B7
:109120000EB1012E1BD10DF10E020846EDF7F6FF30
:1091300010F1160F0AD0720009329DF80E30B86A8D
:10914000D2B20421FFF712FC0028B9D005B0F0BD5F
:10915000606890F82C20022A04D0032A0FD06FF008
:109160008500F3E79B000C22009203F0FC03806A69
:1091700007220821FFF71DFC0028A5D0E6E71B0108
:109180003022009203F0F003F1E76FF01200DDE708
:10919000F0B5D0E90076B0F80AC00489BA42ACEB69
:1091A000040506FB057501DBA94202DD6FF0150021
:1091B000F0BDB94206DBAA4206DDA3F800C06FF09D
:1091C0002100F5E7A446F8E716B91C800020EFE778
:1091D000751EC91B2944B1FBF6F10C44A4B21C80D6
:1091E0000389E41AD0E9003101FB04339342EDD93D
:1091F000DCE770B50469456886B0286804F10803A7
:1092000034220321FFF7ABFB002850D1286804F17A
:10921000090336220321FFF7A2FB002847D10B23C5
:109220000093286803AB10220521FFF77BFB002881
:109230003DD19DF811309DF80D2003F0030343EA62
:10924000820323809DF811309DF80E20C3F3810323
:1092500043EA8203A3809DF811309DF80F20C3F3E9
:10926000011343EA8203E3809DF816309DF8142031
:10927000C3F3011343EA8203638001269DF80C3097
:10928000A37200962868334632460521FFF77DFB1E
:1092900068B90246334628680521FFF767FB30B9F5
:1092A000286804F10B0307220221FFF758FB06B0E0
:1092B00070BD70B4048945892D1BD0E9004606FBBA
:1092C0000544A14209DD848AC58A2D1BD0E90346E5
:1092D00006FB0544A14203DC0C3070BCFFF758BF0D
:1092E0006FF0150070BC7047FCF74BBB00220121EA
:1092F0002F20E4F763B910B50B6813B91360184653
:1093000005E003685C681CB114600368186810BD50
:10931000083303600B68013B0B60EDE703460A4628
:1093200000681979012303FA01F103691B681942E6
:1093300018BF82F0010212B18368DB6818478368A6
:109340001B69FBE710B504460068D0B18368C3B160
:1093500049B101210830FFF7E1FF23681869BDE832
:10936000104000F060BB12B98388DB0409D40069A7
:1093700000F059FB20680021BDE810400830FFF7DD
:10938000CDBF10BD10B5012200210446FFF7DAFF62
:10939000A36933B9636004F11000BDE81040F2F72F
:1093A00033BA10BD10B5006903688B4206D190F83E
:1093B0006C4034B9FFF7E6FF204610BD6FF0150092
:1093C000FBE76FF00F00F8E738B50569044629643C
:1093D00005F12800F2F718FA002285F86C202069C0
:1093E0001146BDE83840FFF7ADBFF8B50C4605465D
:1093F00000F0F3F90022214606462846F0F7F0FB7C
:1094000003212046EEF7BCFC00F023F807462B684A
:109410009B5953B100262146284600F0DCF920462E
:109420000121EEF7ADFC3046F8BD00F012F8C01B8C
:109430000628ECD96FF07306EDE700F150039B00AE
:109440009BB203F1804303F5883300221A601B6846
:10945000704708B5EEF75AFD08BD4FF0FF30704772
:1094600008B5034640681B6993F824308B4204D941
:10947000C9B2F1F7ADFD002008BD6FF01500FBE7A4
:1094800010B5EFF7A9FD4FF0FF304FF0FF31EEF7C9
:109490006DFF044620B9C8F7DFFA0446EEF76EFF09
:1094A000204610BD38B5038A054673B3037EA3B1C9
:1094B000022B2AD14FF0FF304FF0FF31EEF756FF6D
:1094C000044640B9E868D4F7B9F90446EEF756FF08
:1094D000B4B1EEF7C9FF204638BD4FF0FF304FF072
:1094E000FF31EEF743FF04460028F4D1E868EFF7B8
:1094F000EDF80446EEF742FF002CECD1EEF7B4FF96
:109500002846ECF7DFFC0024E5E76FF01504E2E7FE
:10951000EFF764B810B530220446002101F0D5F809
:10952000202323708023A3706FF03F036371042313
:10953000A3722823A3730223E3730423A3756FF09C
:10954000080363766FF03C03A3766FF00C03E376B9
:109550007E232377302384F820306FF03F0384F894
:1095600021307F2384F822306FF0010384F8233008
:10957000012384F82430802384F82630042384F8DF
:10958000273084F82930402384F82D3010BD002383
:1095900003604360037823F07D0343F07D03037091
:1095A000437823F0410343F041034370704708B50B
:1095B0000323D3F761F9002008BD01F1200301382E
:1095C00013F8012D00F8012F8B42F9D170470021CB
:1095D000EFF724BD90F84010012901D8EFF71EBD28
:1095E00012207047684620F007018D4601B5D0F77C
:1095F00095FCE3F76FFCBDE801408546704708B570
:109600004FF0FF314FF0FF30EEF7B0FED7F727FDF8
:10961000BDE80840EEF7B2BE684620F007018D466F
:1096200001B5D0F735FCBDE8014085467047684676
:1096300020F007018D4601B5CFF74AFEE3F74AFC5B
:10964000BDE801408546704708B5D7F7F7F9002017
:1096500008BD012801D1CFF7EDBE70477047CFF7A5
:1096600061BF08B5D3F794F830B1EFF30580033844
:10967000032894BF0020012008BD704700207047D8
:1096800010B53B29046901D00C2904D1D3F7B6F9F0
:109690002060002010BD6FF08500FBE7F3F766BD8A
:1096A00008B5E3F7ABFAE3F77FFBBDE80840F3F753
:1096B0005DBD004700F0B7B9F7B5019001A8DDE93D
:1096C000084716461D46EFF7D1FF019BB6F1000C87
:1096D00018BF4FF0010C00EB83000B1E18BF0123D5
:1096E000002D43EA4C0314BF4FF00C0C4FF0000C5C
:1096F000002C43EA0C0314BF4FF4E06C4FF0000C55
:10970000002F43EA0C03D0F8002714BF4FF4403C6D
:109710004FF0000C43EA0C0322EA030301B109787D
:109720000EB13678760019430DB12D78AD00314376
:109730000CB12478240229430FB13F783F040C4335
:109740003C43C0F8004703B0F0BD1FB50DF10F0357
:10975000019300238DF80F1000931A461946FFF766
:10976000ABFF05B05DF804FB08B50146EFF7D0FF8D
:1097700040B10846EFF7B4FF00B2800000F58070FA
:1097800080B208BD4FF4BE70FBE738B50546084609
:109790000C46EFF7BDFFB0B10846EFF7ADFF90B94B
:1097A0000846EFF79DFF2A6801238340C2F808337B
:1097B0002A6803B202EB8303D3F8102522F00302D8
:1097C000C3F8102538BD20460021BDE83840FFF71A
:1097D000BCBFF0F723B8FFF7D8BF0846FFF7C4BFF8
:1097E0004FF080531A695869504370474FF08053C7
:1097F000186970474FF080535869704770B5A2F5EB
:109800008074A408012606FA04F4054614EA01004F
:1098100008D0A85830B10021A950AA581A6822438C
:109820001A60304670BD2DE9F341002304460D4611
:109830000193904601AB4FF4A672FFF7DFFF4FF4A0
:10984000827229462046FFF7D9FF4FF48C720746F3
:1098500029462046FFF7D2FF064630B1B8F1000F87
:109860001DD017B1D4F83C353E4601AB4FF4887299
:1098700029462046FFF7C2FF30B1B8F1000F03D0F0
:1098800016B90FB1D4F83C3501AB4FF490722946AC
:109890002046FFF7B3FF019802B0BDE8F0814646CD
:1098A000E3E707B5019001A8F0F7B4FC019A0123A2
:1098B0009340C0F8083503B05DF804FB07B501908C
:1098C00001A8F0F7A7FC019A01239340C0F80C35DA
:1098D00003B05DF804FB012370B504460D464361F7
:1098E0006426002202212046FFF79DFF20B90120B7
:1098F000FFF7E0FE013EF4D100236B77C4F800359A
:1099000070BD91F820200346032A29D8DFE802F031
:10991000212519028A68500304D5D3F84C2508691B
:10992000904207D18A6852031AD4D3F84C2589692A
:10993000914215D000200622C3F80005C3F8002587
:109940007047D3F84C2508699042F3D1D3F83C25F1
:10995000EDE7D3F84C250969EAE7D3F83C25FAE7A7
:109960000120704738B5857B04465DB90068062341
:1099700003222946F0F786FF606806230322294662
:10998000F0F780FF012038BD30B5A2F58075AD0835
:109990000124AC400C4207D0815829B100218150EC
:1099A00082581A6822431A6030BD13B500230C4652
:1099B00001934FF4A47201ABFFF7E6FF21464FF489
:1099C0008272FFF7E1FF21464FF49272FFF7DCFF4E
:1099D00021464FF4A872FFF7D7FF21464FF4A67235
:1099E000FFF7D2FF21464FF4B072FFF7CDFF4FF4DF
:1099F000AE722146FFF7C8FF019802B010BD07B54F
:109A0000019001A8F1F708FB019A01239340C0F8E7
:109A1000083503B05DF804FBF1F77CBB08B5FFF730
:109A2000FBFF002008BD08B1E4F72AB87047704773
:109A300040B1C368587810F001001EBF1878B0FA22
:109A400080F040097047EFF31183402383F31288BD
:109A5000BFF36F8FFEE710B5D0E9003433B90020B3
:109A6000E268537843F00103537010BD20469847D5
:109A70000028F4D00028B8BF4042E368FF28A8BF00
:109A8000FF201870ECE700F020BE00F0F6BD10B427
:109A900000F10C04C0E9034410BCFAF745BF2DE9FE
:109AA000F04F89B0DDE9126705463B46914606A8AE
:109AB0003246059100F00CFCDDE9063405F1140A8C
:109AC000CDE90234EFF311844FF0400888F3128897
:109AD000BFF36F8F05F10C0B05994A462846FAF73C
:109AE000BBFE30B184F31188BFF36F8F09B0BDE8BE
:109AF000F08F3E43F6D0DDE9022306A800F00CFC0F
:109B0000DDE906675A46CDE9006721465046F2F77F
:109B1000D9FAEFF3118488F31288BFF36F8FDBE774
:109B200038B50446EFF31185402383F31288BFF361
:109B30006F8FFAF759FE04F10C0000F059FB30B1B9
:109B4000294604F11400BDE83840F2F72BBB85F339
:109B50001188BFF36F8F38BD82684369134313F0D8
:109B600003030CD1C3600169994201D800207047FA
:109B7000C16811604169C26001330A44F3E76FF0C4
:109B80001500704710B5C0E904320023816083617D
:109B90000446FFF7E1FF0028A8BFC4E9004410BD58
:109BA000F8B504460D46EFF31186402383F312887F
:109BB000BFF36F8FC76877B900F0E8FA58B1C0F803
:109BC000B070456100F06DFA314604F10800BDE85F
:109BD000F840F2F7E7BAE3682B60A369E560013B60
:109BE000A36186F31188BFF36F8FF8BD08B54024D9
:109BF000EFF3118384F31288BFF36F8FFCF7D5FA6C
:109C0000F6E790F90E308B4201D0F2F787BA0020C8
:109C1000704703460020C3E90200C3E900337047E0
:109C20002DE9F843994604469DF820300D469046AC
:109C300000F10806EFF31187402282F31288BFF388
:109C40006F8F03B14568304600F0A0FA60B1002381
:109C5000C0F8B030C0F8148000F023FA304639461E
:109C6000F2F7A0FA00200CE0B9F1000F1BD0082198
:109C7000F2F7FEFE38B987F31188BFF36F8F6FF0EC
:109C80000B00BDE8F8830122C0F80480026001687F
:109C900001F003015DB922680A4302606268206036
:109CA0006AB960600BE0C8F800904046EFE72A68A8
:109CB000032A10D80160616839B9C4E900000421A1
:109CC00004F1100000F09DFCC8E70A6802F00302EE
:109CD00002430A60E5E722F003020A4302602A68B1
:109CE00002F0030240EA02032B60E8E710B50446E5
:109CF00030B10268930703D0446809B100F0B6FCA4
:109D0000204610BD0023C0E9003300F10803C0E97C
:109D1000023300F11003C0E90433704707B5012393
:109D2000009300230A461946FFF77AFF03B05DF857
:109D300004FB07B500230A4600931946FFF770FF9E
:109D400003B05DF804FB00680021FFF7CFBF5AB1F4
:109D50008A4209D300F11003C0E90212C0E90000F1
:109D6000C0E90433002070476FF0150070470268A7
:109D700001238B4022EA0303036022FA01F000F082
:109D800001007047704710B5032104460C30FFF7FF
:109D9000EEFF30B104F1100000F07FFAB0FA80F06D
:109DA000400910BD20B100221146C03000F052BA67
:109DB000704770B5C368C3F340069B07044616D4CA
:109DC000856802210C30FFF7D2FF80B1D5F8B820AA
:109DD0006AB194421DD122689EB9D5F8BC30C5F84D
:109DE000B8209C4201D1C5F8BC2000232360E36861
:109DF00013F01F001EBF43F00203E36040F00200B7
:109E000070BD3260D5F8BC20944208BFC5F8BC6074
:109E1000EBE716461268DBE773B50446EFF31185EE
:109E2000402383F31288BFF36F8F0023A0F1100645
:109E3000032104380193FFF79AFF28B1A369019326
:109E400001A93046F1F728FE85F31188BFF36F8F23
:109E500002B070BD38B504460D461022002100F056
:109E600034FC656038BDEFF31183402282F3128821
:109E7000BFF36F8FC06800F01F0083F31188BFF33A
:109E80006F8F704713B501900846EFF3118440239C
:109E900083F31288BFF36F8F01A9F1F7FDFD84F3FF
:109EA0001188BFF36F8F02B010BD10B5FFF7EAFF46
:109EB000041E08DDEFF31180402383F31288BFF303
:109EC0006F8FF2F79FF9204610BD70B50D46EFF386
:109ED0001186402383F31288BFF36F8FF1F736FEAC
:109EE000044686F31188BFF36F8F38B14FF0FF320D
:109EF0004FF0FF3305F11000F1F7ACFC204670BDC8
:109F0000F8B505460C46EFF31186402383F312881B
:109F1000BFF36F8FC36803F01F03002B14BF01272B
:109F2000002705D186F31188BFF36F8F3846F8BD3F
:109F3000FFF73FFF21462846F1F790FD86F3118891
:109F4000BFF36F8F0028F1D04FF0FF324FF0FF3397
:109F500004F10800F1F77EFCE8E708B5D8220021FB
:109F600000F0B3FB08BD38B5302204460D46002191
:109F700000F0ABFB4FF480736560E36038BDFFF722
:109F800072BF38B50446EFF31185402383F312887E
:109F9000BFF36F8FFFF7F7FE2046FFF70AFF85F349
:109FA0001188BFF36F8F38BDF8B504460D46EFF347
:109FB0001186402383F31288BFF36F8FC36803F0C9
:109FC0001F03002B14BF0127002705D186F311883A
:109FD000BFF36F8F3846F8BDFFF7D5FE2046FFF779
:109FE000E8FE29462046F1F739FD86F31188BFF3D4
:109FF0006F8F0028EED04FF0FF324FF0FF3305F1A6
:10A000000800F1F727FCE5E7EFF30580003818BFFB
:10A010000120704778307047F2F7D6B8D0E90032A7
:10A0200013605A600023C0E90033704708B5FFF79A
:10A03000F5FF437B23F0020343730023836008BDD5
:10A0400038B504460D46F1F73FFF637B43F002034A
:10A050006373E5B1A5602B689D4209D16B68C4E9C3
:10A0600000531C606C6012E06A689A42F6D01B686C
:10A07000002BF3D094F90E2093F90E108A42F3D0FE
:10A080009142F1DD5A68C4E9003214605C6038BD69
:10A0900090F90E3091F90E00834214BFC01A0020CF
:10A0A000704710B5EFF31184402383F31288BFF398
:10A0B0006F8FF1F721FF84F31188BFF36F8F10BD0D
:10A0C00010B50446183000F0E8F8EFF31181402392
:10A0D00083F31288BFF36F8F627B12F0100204D0FB
:10A0E00081F31188BFF36F8F10BD2046BDE810408B
:10A0F000F1F736BF08B5EFF31181402282F31288E1
:10A10000BFF36F8F83680BB1FFF790FF81F3118866
:10A11000BFF36F8F08BD38B50446EFF311854023B8
:10A1200083F31288BFF36F8F437B13F0280F0BD19B
:10A1300083680BB1FFF77AFF637B51B903F0FB0330
:10A1400063732046F1F7D8FE85F31188BFF36F8F54
:10A1500038BD03F0EB03F3E701211838FFF7DBBF4D
:10A1600008B50346EFF31181402282F31288BFF352
:10A170006F8F0068834207D008B1FFF757FF81F364
:10A180001188BFF36F8F08BD0020F8E738B5EFF3F3
:10A190001185402383F31288BFF36F8F0468A042B8
:10A1A0000DD034B12046FFF741FF04F1180000F054
:10A1B00074F885F31188BFF36F8F204638BD0024F3
:10A1C000F7E710B50146EFF31184402383F31288BB
:10A1D000BFF36F8F83680BB1FFF728FF84F31188FB
:10A1E000BFF36F8FBDE8104001F1180000F055B8C3
:10A1F00038B5054600202C68A54200D004B938BD0A
:10A200002046FFF7DEFF2046FFF74BFF0120F2E775
:10A21000EFF31181402282F31288BFF36F8F027B2C
:10A22000D2070CD581F31188BFF36F8F002383F31E
:10A230001188BFF36F8F0423184602DF7047437BFA
:10A240001B0704D581F31188BFF36F8F704701227C
:10A25000F1F786BE38B5EFF31185402383F31288FA
:10A26000BFF36F8F0468A04213D0A4B1C4F8B0103C
:10A2700062612046FFF7DAFE04F1180000F00DF8E5
:10A280002046F1F739FE012085F31188BFF36F8F67
:10A2900038BD0020F8E72046F6E710B5EFF311844B
:10A2A000402282F31288BFF36F8F03683BB1F2F74D
:10A2B00079F9002084F31188BFF36F8F10BD6FF020
:10A2C0001500F7E708B5F2F78BFA08BDF2F788BA80
:10A2D000B3F1FF3F08BFB2F1FF3F70B504461D4622
:10A2E000164613D01A4315D06FF00102921B4FF09F
:10A2F000FF3363EB0501002904DAF2F771FA8219E2
:10A3000041EB0501C4E90021204670BD4FF0FF324A
:10A310001146F7E70022FBE7B3F1FF3F08BFB2F1B8
:10A32000FF3FF8B5074616461C4610D054EA020314
:10A3300011D0F2F755FAB0420A46A14103460AD2BB
:10A34000F31A64EB0204C7E900343846F8BD4FF055
:10A35000FF331C46F7E70023FBE70023C0E90812A0
:10A3600000F11802C0E90622C0E900330363436329
:10A37000704710B50446FFF790FFA8B9636A0BB1A8
:10A380002046984704F11800FFF7EAFE60B1FFF796
:10A3900088FEEFF31180402383F31288BFF36F8FA1
:10A3A000BDE81040F1F72EBF10BD1423F0B503FB3C
:10A3B000010000244FF48B76402701B9F0BD10F85E
:10A3C000073C40F80C4C03F03F03082BA0F1140CA1
:10A3D0000CD826FA03F3DB0708D550F8143C2BB150
:10A3E00050F8105C2B605D6040E9054482F31188F1
:10A3F000BFF36F8FEFF3118287F31288BFF36F8F74
:10A4000001396046D9E7F8B50D46D0E90013884216
:10A41000044605D16368C5E900431D6065601DE021
:10A42000002BF7D0986800B16038A2F16007394678
:10A43000FFF72EFE0028EDDC2668B442EAD0002E9D
:10A44000E8D0B16801B160393846FFF721FE002835
:10A4500005DD7368C5E900631D607560F8BD63685C
:10A460009E42D7D03668EAE72DE9F74F00258B46A4
:10A470001446019382462E464FF040082F465D4514
:10A4800003DB304603B0BDE8F08FEFF3118988F3AA
:10A490001288BFF36F8F9AF80D3003F03F03013B32
:10A4A000072B0FD8DFE803F01F040E0A0E0E0E264E
:10A4B000DAF810309B682BB1022321E0DAF8103073
:10A4C0001B688BBB019B3BBB23782BB39AF80D30E9
:10A4D00003F03F03013B072B2FD8DFE803F03227BF
:10A4E0002E272E2E2E37DAF810309B68002BE9D05D
:10A4F000012305E0DAF810301B6A002BE2D01023AC
:10A50000DAF80C20CAF80870C2F386310B4363F303
:10A510009432CAF80C20277089F31188BFF36F8F2B
:10A5200001350AF1140AAAE70423E9E7DAF8100072
:10A53000224651461030FFF766FFCAF80840013640
:10A54000EAE7DAF8100022465146F4E7DAF810009C
:10A55000224651462430EEE72DE9F0418468054655
:10A560000E46ECB16378012B25D114F8533C9A07C1
:10A5700014D5A4F160073846FFF723FE082E0CBF60
:10A580006FF003030023236514F8533CDB0605D169
:10A5900054F8483C13B93846FFF783FD0023237075
:10A5A000EB68C3F386321643002066F39433A86049
:10A5B000EB60BDE8F081022BF0D12378002BEDD0C9
:10A5C00054F8048CB8F1000FE8D004F11400FFF740
:10A5D00064FEA4F114070023E36239464046FFF706
:10A5E00051FCDBE710B55205090201F47C5102F47D
:10A5F00000120A43017B00240A43C0E9032384605C
:10A6000010BD10B50346EFF31184402282F3128887
:10A61000BFF36F8F0068834208D0D0E90032136027
:10A620005A600023C0E90033FFF796FF84F31188D6
:10A63000BFF36F8F10BD0023C0E900008360704737
:10A640000023836070470432D3B5044608D2002645
:10A650000027CDE9006741F00401FFF720FA10B9A7
:10A66000002002B0D0BD40F8044BFAE720B1011F32
:10A6700050F8040CFFF754BA70470A44914200F1B5
:10A68000FF3300D1704710B511F8014B03F8014FAB
:10A690009142F9D110BD884210B501EB020402D9F4
:10A6A0008442234607D8431EA14208D011F8012B4B
:10A6B00003F8012FF8E7024401468A4200D110BD99
:10A6C00013F8014D02F8014DF7E7024403469342A7
:10A6D00000D1704703F8011BF9E710B501390244B6
:10A6E000904201D1002005E0037811F8014FA34208
:10A6F00001D0181B10BD0130F2E710B56AB1013965
:10A70000841810F8012B11F8013F9A4203D1A0429E
:10A7100001D0002AF5D1D01A10BD1046FCE710B5C3
:10A720000139044632B111F8013F00F8013B013A0A
:10A73000002BF7D10021FFF7C8FF204610BD10B550
:10A74000024601448A42134603D01C780132002C91
:10A75000F8D1181A10BDF0B5C3F137070446FFB29F
:10A7600003F01F031046082BE6B233D0102B3ED067
:10A770006508A40844EA817445EAC1752D194FEAB9
:10A78000910242EB5102290941EA02716D1842EB34
:10A790001212290A41EA02616D1842EB1222290CB9
:10A7A00041EA02416D1842EB1242AD1842F100023B
:10A7B000EC0844EA4274D10804EB8402A6EB42059B
:10A7C000EDB2092D0CD90134A5F10A0541F10001C2
:10A7D000EDB212E0E40844EA417406F00705C90846
:10A7E000303554EA010200F8015BBCD1F0BD240908
:10A7F00044EA017406F00F050909092D84BFED191B
:10A80000EDB2EDE718B100204FF000417047002095
:10A8100000217047D1E9043293421EBF5A1C0A61DD
:10A82000187070470148006870470000705B002096
:08A830004827FD7F0100000034
:10A8380069DA010000000000715F020048A9030006
:10A848001D9A03000000000099B5020000000000F6
:10A85800BDB5020000000000B56802005CA9030055
:10A86800B568020070A9030079900200000000009A
:10A8780049960300000000009D96030000000000B8
:10A888001186030098A9030077860300ACA903008A
:10A89800A163020084A9030001830200C0A9030088
:10A8A800818002000000000095DA0100000000002D
:10A8B80045BA01000000000045DA01000000000070
:10A8C8003991020000000000A1960300000000007A
:10A8D800E5B8020000000000C1640200D4A903002A
:10A8E800196B0200E8A90300D1760200FCA9030055
:10A8F800BDDE0100000000008983020000000000A6
:10A90800DD6D020010AA0300598F030024AA03007A
:10A91800759003004CAA03007590030038AA030041
:10A928007D96030088AA03004D73020074AA0300F1
:10A93800C988030060AA03002D5B03000000000023
:10A94800502B04005CD0030074D00300760900206B
:10A95800E05E0020262C0400C4D00300F4D00300DD
:10A9680080090020A85F0020342C0400DCD00300FC
:10A97800F4D0030082090020B45F0020792B040082
:10A988000000000090D0030078090020345F002008
:10A99800892B04000000000098D003007A090020E9
:10A9A80000000000982B040000000000A0D0030065
:10A9B8007C09002000000000CC2F0400D8D303003D
:10A9C800E0D303009409002038600020022C040022
:10A9D80000000000A8D003007E090020000000004D
:10A9E8008A2D040018D103005CD1030084090020DB
:10A9F80058070020B12F04005CD30300D0D3030014
:10AA08009209002090070020AA2D040098D1030085
:10AA18000000000088090020C05F0020E22D04002B
:10AA28004CD20300B4D203008E09002000000000BD
:10AA3800D62D0400ACD1030078D203008A09002087
:10AA4800FC5F0020DC2D0400FCD1030078D2030059
:10AA58008C09002014600020A52D040074D1030087
:10AA68007CD103008609002000000000ED2D0400C1
:10AA7800BCD20300F8D20300900900209887002078
:10AA8800033204000000000008D4030096090020E7
:04AA98001061002029
:10AA9C005F960300B396030000000000956103006D
:10AAAC00000000009561030029AD0200B39603007D
:10AABC000000000095610300000000009561030098
:10AACC00919C0200B3960300000000009561030006
:10AADC000000000095610300000000009561030078
:10AAEC000000000095610300000000009561030068
:10AAFC000000000095610300345F00201164020027
:10AB0C000000000095610300000000009561030047
:10AB1C00E5AF0200B39603000000000011810200B3
:10AB2C000000000095610300000000009561030027
:10AB3C000000000095610300000000009561030017
:10AB4C000000000095610300000000009561030007
:10AB5C00000000009561030000000000DD90020081
:10AB6C0000000000956103000000000095610300E7
:10AB7C00000000009561030009A10200B3960300D8
:10AB8C0000000000956103000000000095610300C7
:10AB9C0000000000956103000000000095610300B7
:10ABAC0000000000956103000000000095610300A7
:10ABBC000000000095610300000000009561030097
:10ABCC000000000095610300000000009561030087
:10ABDC000000000095610300000000009561030077
:10ABEC000000000095610300000000009561030067
:10ABFC000000000095610300000000009561030057
:10AC0C00000000009561030021A80200B396030028
:10AC1C0005000000611702000000000006000000A3
:10AC2C00714C02000000000004000000F91A020040
:04AC3C000000000014
:10AC400078CE03000800000018CF030007000000C2
:10AC5000B0CB03000500000024CB03000700000078
:10AC6000C40704000300000011FF030003000000FC
:10AC7000B41B040003000000D52204000300000000
:10AC80009C1F0400030000002F2B040003000000A1
:10AC9000A80F040003000000A00704000300000048
:10ACA000821C040003000000E826040003000000EA
:10ACB000E418040003000000251B0400030000004A
:10ACC000172B040003000000E7200400030000002D
:10ACD0005F0E0400030000002D310400030000009B
:10ACE00099310400030000001B3104000300000040
:10ACF000820F0400030000006C2A0400030000001F
:10AD00003D050400030000006B2B0400030000005D
:10AD10000BFF030003000000F2FC0300030000002F
:10AD20001C2C040003000000F331040003000000A9
:10AD30006606040003000000422C0400030000002B
:10AD4000972D0400030000007506040003000000B6
:10AD500079060400030000009B07040003000000C4
:10AD6000FBFD030003000000C331040003000000EA
:10AD70008F0D040003000000392B040003000000C5
:10AD8000412B0400030000002533040003000000F1
:10AD9000850F040003000000EB0D04000300000019
:10ADA000BE2F040003000000113204000300000065
:10ADB00043FC0300030000002EFD0300030000001D
:08ADC000DE2F04000300000077
:10ADC800D4CA0300E8550020580704000100000019
:10ADD800040000000F00000001000000080000004F
:10ADE8002000000064000000740000000D00000056
:10ADF8000C0000000E000000500000007800000069
:10AE0800AC000000FFFFFFFFFFFFFFFFFFFFFFFF9A
:04AE1800FFFFFFFF3A
:10AE1C007F0F0400000000006DDB010009DE010063
:10AE2C0000000000C125040000000000BF760300F4
:10AE3C000000000000000000DC2604000000000000
:10AE4C00AD3402000000000000000000D426040015
:10AE5C0000000000E92B0200353902000000000060
:10AE6C000F2B0400000000004D5A0200595902003B
:10AE7C0000000000E2260400000000000530020083
:08AE8C00E52E020000000000A9
:0CAE9400FFFFFFFFFFFFFFFFFFFFFFFFBE
:10AEA0000000000001000000A0000000F000000011
:10AEB00000000000000000003075000000000000ED
:10AEC000020000000000000000000001000000027D
:10AED0000000000400000008000000100000002036
:10AEE00000000040000000800000001B0000003651
:10AEF000ED170400F2170400F6170400FA17040017
:10AF0000FE17040002180400061804000A180400C2
:10AF10000E18040012180400161804001A18040071
:10AF20001E18040022180400283304000001000049
:10AF3000F401FA00960064004B0032001E00140079
:10AF40000A0005000200010000000000141E0000BD
:10AF500030110000010001000001010000010001AA
:10AF6000000001000100000001000B0002000A00C7
:10AF7000050009000A000800140007001E00060072
:10AF8000320005004B00040064000300960002003C
:10AF9000FA000100F40100000C0802170D01010283
:10AFA000090901010602091818030101090903032F
:10AFB00005030201230202240910040405050B0BFA
:10AFC000040B2B1B1B151A1A1C021D161305014915
:10AFD0000D150500A301B103BF05EF024906A30942
:10AFE000C505F50B25120E021C045A03B4063006E3
:10AFF000600C000001000000101100400000000083
:10B000000000000000000000000000000406080A24
:10B010000C0E10121416181C1E20222426282A2C6E
:10B020002E30323436383A3C3E40424446484A4C50
:10B030004E021A5000000000280000001800000016
:10B0400000000000141E00003011000000002CA6BB
:10B05000E0A100000000000070170000A00F000039
:10B060000000DC05E803000000000000141E0000E2
:10B0700030110000D8ECF0F4F8FC000203040506DF
:10B0800007080000000000000000000000000000B1
:10B09000000000000000010101010202020203039E
:10B0A0000303040404040505050506060608090053
:10B0B0000000000000000000000000000000000090
:10B0C0000000000101010102020202030303030464
:10B0D0000404040505050506060708090A0B0C0DFE
:10B0E00007090902030700100200FA00000000002F
:10B0F000431101004F110100531101005B110100C8
:10B100005F11010001030062746C65000000000023
:10B11000000000000000000000000000000000002F
:10B12000000000000000000000000000000000001F
:10B13000000000000000000000010000000000000E
:10B140000338FDD870470000763C7935EF39EA3D89
:10B15000763C7935EF39EABD0000E0FE422EE63F4D
:10B160000000E0FE422EE6BF000000000000E03FCD
:10B17000000000000000E0BF030400003C090020C4
:10B1800001010000400900200710000064090020B0
:10B19000090800003AFC0300FCA9030000127A0031
:10B1A0000001000070A9030014000100000000006D
:10B1B000010000000000000003000000000000008B
:10B1C0000200000001000000070000000000000075
:10B1D0000400000003000000060000000100000061
:10B1E00005000000020000000F0000000000000049
:10B1F00008000000070000000C0000000300000031
:10B200000B000000040000000E0000000100000020
:10B2100009000000060000000D0000000200000010
:10B220000A0000000500000064B2030024B503001A
:10B23000E0B7030098BA03004CBD0300FCBF030055
:10B24000A8C2030010C40300CCC4030040C503001F
:10B250008CC50300C4C50300E4C50300FCC503009E
:10B2600008C603000100000000000000000000000C
:10B2700000000000000000000000000000000000CE
:10B2800000000000000000000000000000000000BE
:10B2900000000000000000000000000000000000AE
:10B2A000000000000000000000000000000000009E
:10B2B000000000000000000000000000000000008E
:10B2C000000000000000000000000000000000007E
:10B2D000000000000000000000000000000000006E
:10B2E000000000000000000000000000000000005E
:10B2F000000000000000000000000000000000004E
:10B30000000000000000000000000000000000003D
:10B31000000000000000000000000000000000002D
:10B32000000000000000000000000000000000001D
:10B33000000000000000000000000000000000000D
:10B3400000000000000000000000000000000000FD
:10B3500000000000000000000000000000000000ED
:10B3600000000000000000000000000000000000DD
:10B3700000000000000000000000000000000000CD
:10B3800000000000000000000000000000000000BD
:10B3900000000000000000000000000000000000AD
:10B3A000000000000000000000000000000000009D
:10B3B000000000000000000000000000000000008D
:10B3C000000000000000000000000000000000007D
:10B3D000000000000000000000000000000000006D
:10B3E000000000000000000000000000000000005D
:10B3F000000000000000000000000000000000004D
:10B40000000000000000000000000000000000003C
:10B41000000000000000000000000000000000002C
:10B42000000000000000000000000000000000001C
:10B43000000000000000000000000000000000000C
:10B4400000000000000000000000000000000000FC
:10B4500000000000000000000000000000000000EC
:10B4600000000000000000000000000000000000DC
:10B4700000000000000000000000000000000000CC
:10B4800000000000000000000000000000000000BC
:10B4900000000000000000000000000000000000AC
:10B4A000000000000000000000000000000000009C
:10B4B000000000000000000000000000000000008C
:10B4C000000000000000000000000000000000007C
:10B4D000000000000000000000000000000000006C
:10B4E000000000000000000000000000000000005C
:10B4F000000000000000000000000000000000004C
:10B50000000000000000000000000000000000003B
:10B51000000000000000000000000000000000002B
:10B520000000000000000000010000000100000019
:10B530000100000001000000010000000100000007
:10B5400001000000010000000100000001000000F7
:10B5500001000000010000000100000001000000E7
:10B5600001000000010000000100000001000000D7
:10B5700001000000010000000100000001000000C7
:10B5800001000000010000000100000001000000B7
:10B5900001000000010000000100000001000000A7
:10B5A0000100000001000000010000000100000097
:10B5B0000100000001000000010000000100000087
:10B5C0000100000001000000010000000100000077
:10B5D0000100000001000000010000000100000067
:10B5E0000100000001000000010000000100000057
:10B5F0000100000001000000010000000100000047
:10B600000100000001000000010000000100000036
:10B610000100000001000000010000000100000026
:10B620000100000001000000010000000100000016
:10B630000100000001000000010000000100000006
:10B6400001000000010000000100000001000000F6
:10B6500001000000010000000100000001000000E6
:10B6600001000000010000000100000001000000D6
:10B6700001000000010000000100000001000000C6
:10B6800001000000010000000100000001000000B6
:10B6900001000000010000000100000001000000A6
:10B6A0000100000001000000010000000100000096
:10B6B0000100000001000000010000000100000086
:10B6C0000100000001000000010000000100000076
:10B6D0000100000001000000010000000100000066
:10B6E0000100000001000000010000000100000056
:10B6F0000100000001000000010000000100000046
:10B700000100000001000000010000000100000035
:10B710000100000001000000010000000100000025
:10B720000100000001000000010000000100000015
:10B730000100000001000000010000000100000005
:10B7400001000000010000000100000001000000F5
:10B7500001000000010000000100000001000000E5
:10B7600001000000010000000100000001000000D5
:10B7700001000000010000000100000001000000C5
:10B7800001000000010000000100000001000000B5
:10B7900001000000010000000100000001000000A5
:10B7A0000100000001000000010000000100000095
:10B7B0000100000001000000010000000100000085
:10B7C0000100000001000000010000000100000075
:10B7D0000100000001000000010000000100000065
:10B7E000010000000100000003000000050000004F
:10B7F00007000000090000000B0000000D00000021
:10B800000F000000110000001300000015000000F0
:10B8100017000000190000001B0000001D000000C0
:10B820001F00000021000000230000002500000090
:10B8300027000000290000002B0000002D00000060
:10B840002F00000031000000330000003500000030
:10B8500037000000390000003B0000003D00000000
:10B860003F000000410000004300000045000000D0
:10B8700047000000490000004B0000004D000000A0
:10B880004F00000051000000530000005500000070
:10B8900057000000590000005B0000005D00000040
:10B8A0005F00000061000000630000006500000010
:10B8B00067000000690000006B0000006D000000E0
:10B8C0006F000000710000007300000075000000B0
:10B8D00077000000790000007B0000007D00000080
:10B8E0007F00000081000000830000008500000050
:10B8F00087000000890000008B0000008D00000020
:10B900008F000000910000009300000095000000EF
:10B9100097000000990000009B0000009D000000BF
:10B920009F000000A1000000A3000000A50000008F
:10B93000A7000000A9000000AB000000AD0000005F
:10B94000AF000000B1000000B3000000B50000002F
:10B95000B7000000B9000000BB000000BD000000FF
:10B96000BF000000C1000000C3000000C5000000CF
:10B97000C7000000C9000000CB000000CD0000009F
:10B98000CF000000D1000000D3000000D50000006F
:10B99000D7000000D9000000DB000000DD0000003F
:10B9A000DF000000E1000000E3000000E50000000F
:10B9B000E7000000E9000000EB000000ED000000DF
:10B9C000EF000000F1000000F3000000F5000000AF
:10B9D000F7000000F9000000FB000000FD0000007F
:10B9E000FF0000000101000003010000050100004C
:10B9F00007010000090100000B0100000D0100001B
:10BA00000F010000110100001301000015010000EA
:10BA100017010000190100001B0100001D010000BA
:10BA20001F0100002101000023010000250100008A
:10BA300027010000290100002B0100002D0100005A
:10BA40002F0100003101000033010000350100002A
:10BA500037010000390100003B0100003D010000FA
:10BA60003F010000410100004301000045010000CA
:10BA700047010000490100004B0100004D0100009A
:10BA80004F0100005101000053010000550100006A
:10BA900057010000590100005B0100005D0100003A
:10BAA0005F0100000D0000001900000029000000E7
:10BAB0003D000000550000007100000091000000F2
:10BAC000B5000000DD0000000901000039010000A0
:10BAD0006D010000A5010000E1010000210200004D
:10BAE00065020000AD020000F902000049030000F9
:10BAF0009D030000F503000051040000B1040000A4
:10BB0000150500007D050000E9050000590600004C
:10BB1000CD06000045070000C107000041080000F5
:10BB2000C50800004D090000D9090000690A00009D
:10BB3000FD0A0000950B0000310C0000D10C000044
:10BB4000750D00001D0E0000C90E0000790F0000E9
:10BB50002D100000E5100000A1110000611200008E
:10BB600025130000ED130000B91400008915000032
:10BB70005D1600003517000011180000F1180000D4
:10BB8000D5190000BD1A0000A91B0000991C000077
:10BB90008D1D0000851E0000811F00008120000017
:10BBA000852100008D22000099230000A9240000B7
:10BBB000BD250000D5260000F12700001129000056
:10BBC000352A00005D2B0000892C0000B92D0000F3
:10BBD000ED2E00002530000061310000A132000090
:10BBE000E53300002D35000079360000C93700002C
:10BBF0001D390000753A0000D13B0000313D0000C6
:10BC0000953E0000FD3F000069410000D942000060
:10BC10004D440000C545000041470000C1480000F8
:10BC2000454A0000CD4B0000594D0000E94E000090
:10BC30007D50000015520000B15300005155000026
:10BC4000F55600009D580000495A0000F95B0000BD
:10BC5000AD5D0000655F000021610000E162000051
:10BC6000A56400006D66000039680000096A0000E4
:10BC7000DD6B0000B56D0000916F00007171000078
:10BC8000557300003D750000297700001979000008
:10BC90000D7B0000057D0000017F00000181000098
:10BCA000058300000D850000198700002989000028
:10BCB0003D8B0000558D0000718F000091910000B8
:10BCC000B5930000DD95000009980000399A000046
:10BCD0006D9C0000A59E0000E1A0000021A30000D3
:10BCE00065A50000ADA70000F9A9000049AC00005F
:10BCF0009DAE0000F5B0000051B30000B1B50000EA
:10BD000015B800007DBA0000E9BC000059BF000072
:10BD1000CDC1000045C40000C1C6000041C90000FB
:10BD2000C5CB00004DCE0000D9D0000069D3000083
:10BD3000FDD5000095D8000031DB0000D1DD00000A
:10BD400075E000001DE30000C9E5000079E800008F
:10BD50002DEB0000E5ED0000A1F000003F00000029
:10BD600081000000E7000000790100003F020000B0
:10BD7000410300008704000019060000FF070000CF
:10BD8000410A0000E70C0000F90F00007F130000DB
:10BD900081170000071C000019210000BF260000C9
:10BDA000012D0000E7330000793B0000BF43000095
:10BDB000C14C000087560000196100007F6C000034
:10BDC000C1780000E7850000F9930000FFA20000A1
:10BDD00001B3000007C4000019D600003FE90000CD
:10BDE00081FD0000E7120100792901003F410100B7
:10BDF000415A01008774010019900100FFAC010055
:10BE000041CB0100E7EA0100F90B02007F2E02009E
:10BE10008152020007780200199F0200BFC702008A
:10BE200001F20200E71D0300794B0300BF7A030013
:10BE3000C1AB030087DE0300191304007F4904002F
:10BE4000C1810400E7BB0400F9F70400FF350500D9
:10BE50000176050007B8050019FC05003F42060001
:10BE6000818A0600E7D40600792107003F700700A9
:10BE700041C1070087140800196A0800FFC10800C3
:10BE8000411C0900E7780900F9D709007F390A0049
:10BE9000819D0A0007040B00196D0B00BFD80B0031
:10BEA00001470C00E7B70C00792B0D00BFA10D0076
:10BEB000C11A0E0087960E0019150F007F960F000D
:10BEC000C11A1000E7A11000F92B1100FFB81100F2
:10BED0000149120007DC1200197213003F0B140015
:10BEE00081A71400E746150079E915003F8F160079
:10BEF0004138170087E4170019941800FF4619000D
:10BF000041FD1900E7B61A00F9731B007F341C00CD
:10BF100081F81C0007C01D00198B1E00BF591F00AF
:10BF2000012C2000E701210079DB2100BFB82200AD
:10BF3000C1992300877E2400196725007F532600BE
:10BF4000C1432700E7372800F92F2900FF2B2A00DB
:10BF5000012C2B0007302C0019382D003F442E00F7
:10BF600081542F00E7683000798131003F9E320014
:10BF700041BF330087E43400190E3600FF3B370021
:10BF8000416E3800E7A43900F9DF3A007F1F3C001A
:10BF900081633D0007AC3E0019F93F00BF4A4100F4
:10BFA00001A14200E7FB4300795B4500BFBF4600AB
:10BFB000C12848008796490019094B007F804C0032
:10BFC000C1FC4D00E77D4F00F9035100FF8E520088
:10BFD000011F540007B45500194E57003FED58009B
:10BFE00081915A00E73A5C0079E95D003F9D5F006E
:10BFF000415661008714630019D86400FFA06600F1
:10C00000416F6800E7426A00F91B6C007FFA6D001F
:10C0100041010000A902000009050000C10800005C
:10C02000410E000009160000A9200000C12E0000EA
:10C0300001410000295800000975000081980000A6
:10C0400081C3000009F7000029340100017C0100D0
:10C05000C1CF0100A930020009A00200411F030066
:10C06000C1AF030009530400A90A050041D8050027
:10C0700081BD060029BC070009D60800010D0A0091
:10C0800001630B0009DA0C0029740E0081331000E3
:10C09000411A1200A92A140009671600C1D118001C
:10C0A000416D1B00093C1E00A9402100C17D2400F8
:10C0B00001F6270029AC2B0009A32F0081DD3300F6
:10C0C000815E380009293D002940420001A7470050
:10C0D000C1604D00A970530009DA590041A0600009
:10C0E000C1C6670009516F00A9427700419F7F00D8
:10C0F000816A880029A89100095C9B00018AA5003B
:10C100000136B0000964BB002918C7008156D3006E
:10C110004123E000A982ED000979FB00C10A0A0170
:10C12000413C190109122901A9903901C1BC4A01F8
:10C13000019B5C0129306F01098182018192960186
:10C140008169AB01090BC101297CD70101C2EE0154
:10C15000C1E10602A9E01F0209C43902419154025B
:10C16000C14D700209FF8C02A9AAAA024156C90258
:10C170008107E90229C4090309922B0301774E03C1
:10C1800001797203099E970329ECBD038169E503D8
:10C19000411C0E04A90A3804093B6304C1B38F048F
:10C1A000417BBD040998EC04A9101D05C1EB4E05A7
:10C1B0000130820529E4B605090FED0581B7240693
:10C1C00081E45D06099D980629E8D40601CD120791
:10C1D000C1525207A9809307095ED60741F21A0897
:10C1E000C1446108095DA908A942F30841FD3E095F
:10C1F00081948C092910DC0909782D0A01D4800A60
:10C20000012CD60A09882D0B29F0860B816CE20BD4
:10C210004105400CA9C29F0C09AD010DC1CC650DB3
:10C22000412ACC0D09CE340EA9C09F0EC10A0D0FB4
:10C2300001B57C0F29C8EE0F094D6310814CDA104F
:10C2400081CF531109DFCF1129844E1201C8CF12BB
:10C25000C1B35313A950DA1309A8631441C3EF14EF
:10C26000C1AB7E15096B1016A90AA51641943C179F
:10C270008111D717298C7418090E151901A1B81945
:10C28000014F5F1A0922091B2924B61B815F661C16
:10C2900041DE191DA9AAD01D09CF8A1EC155481F0C
:10C2A0004149092009B4CD20A9A09521C1196122D5
:10C2B000012A302329DC0224093BD9248151B325EA
:10C2C00093060000450E00000F1C00001133000013
:10C2D0005B5700000D8E000077DD0000394D010036
:10C2E00063E6010095B302001FC10300211D050094
:10C2F000ABD70600DD02090007B30B00C9FE0E0034
:10C3000033FF1200E5CF17002F8F1D00315E240090
:10C31000FB602C00ADBE350097A1400059374D00A1
:10C3200003B15B0035436C003F267F0041969400CB
:10C330004BD3AC007D21C80027C9E600E9160901EE
:10C34000D35B2F0185ED59014F2689015165BD0150
:10C350009B0EF7014D8B3602B7497C0279BDC802AE
:10C36000A35F1C03D5AE77035F2FDB03616B47042C
:10C37000EBF2BC041D5C3C054743C605094B5B065C
:10C38000731CFC062567A9076FE1630871482C0937
:10C390003B60030AEDF3E90AD7D5E00B99DFE80C1F
:10C3A00043F2020E75F62F0F7FDC7010819CC611D0
:10C3B0008B363213BDB2B41467214F16299B021875
:10C3C0001341D019C53CB91B8FC0BE1D9107E21F98
:10C3D000DB5524228DF88624F7450B27B99DB22919
:10C3E000E3687E2C151A702F9F2D8932A129CB3539
:10C3F0002B9E37395D25D03C8763964049078C4496
:10C40000B3C9B248656E0C4DAFC39A51B1A25F5625
:10C410007BEF5C5B2D999460179A0866D9F7BA6B2D
:10C4200083C3AD71B519E377BF225D7E1D23000084
:10C43000714D0000919C0000FD260100650C02007A
:10C44000E977030099A2050035D608002D700D008C
:10C45000E1E4130021C31C00EDB7280075923800F9
:10C4600059484D0029FA670025F889003DC7B400F6
:10C470005126EA00B1132C01DDD27C0185F2DE01E8
:10C48000C9525502B92BE30215148C034D0854040C
:10C49000C1713F05412E5306CD979407958C09092C
:10C4A0003977B80A4957A80C05CAE00E5D136A111E
:10C4B00031274D14D1B29317BD26481BA5C0751F57
:10C4C000A9952824D99C6D29F5B9522F6DC8E63558
:10C4D000A1A6393D61415C45AD9F604EB5EE59580E
:10C4E000198E5C63691C7E6FE583D57CFFBD0000FF
:10C4F00001A801008F6B0300F19E06003F230C0092
:10C50000C13D15008FB62300F1FC3900FF515B00DF
:10C5100001FA8B000F75D10071BF32013F9AB8014B
:10C52000C1DC6D020FCF5F03718E9E04FF7B3D0661
:10C5300001B653088F9CFC0AF161580E3FA78C127C
:10C54000C125C5178F65341EF1811426FFFBA72F67
:10C55000019C3A3B0F6222497186C0593F8A826D25
:10C56000C158E384010E040091210900112C13002D
:10C5700041EE2500414F47009143800011F7DD0057
:10C580000146730101925A021101B8039135BC05AD
:10C59000418FA7084106CE0C11B29B12910F9A1A37
:10C5A000011A7625014C0734919E5747119DAC60C6
:10C5B00041A6918123511600C59E320017B96B0028
:10C5C00099F6D8006B89A0010DC4FE021F01500529
:10C5D00021D91D09336C300FD5A2A418A7670827ED
:10C5E00029FD7D3C7BB5E75B1D771D89AFA02DC97B
:10C5F000AD8E7B0089E6190139965E023D16D8049E
:10C60000B5637709E128C6112103342075488238C3
:10C610007D575760BF5BAF0281D82706F7845E0D58
:10C62000E9FEAD1B7F8BEB3681B7E56817039CC134
:10C63000C10CFF0E396A852219EE914B81782B9E31
:10C6400033E10954958B000037980000FFA50000E6
:10C6500004B5000067C5000045D70000C1EA00002E
:10C66000FFFF0000FFFFFFFF5555555533333333B0
:10C67000244992241CC7711C74D14517133BB11374
:10C68000111111110F0F0F0F5E43790D0CC3300CF8
:10C690002C64210BA3703D0A5E427B09B0DCD308F9
:10C6A000841042087CF0C10707755007453EEB0631
:10C6B0000669900663703E06D017F405055BB00569
:10C6C0000A62720529783905050505053E87D404F7
:10C6D0004A90A7041FC17D0497C75604535C3204D7
:10C6E00004411004033FF0033526D2030ECCB503FA
:10C6F000D10A9B03E0C0810336D06903EC1D5303CC
:10C70000D2913D031F162903219715030303030349
:10C710009049F1020B5CE002022DD0022CB0C00265
:10C7200046DAB102FDA0A302D4FA95020CDF88021A
:10C7300097457C0202277002697C6402693F5902B6
:10C74000176A4E02F0F64302D5E0390202233002A6
:10C7500002B92602AD9E1D0221D01402BA490C0274
:10C7600010080402F007FC015946F4017BC0EC01FB
:10C77000AC73E5016E5DDE01657BD70158CBD0015E
:10C78000304BCA01F0F8C301B8D2BD01C3D6B7011E
:10C790006403B2010157AC011AD0A6013F6DA1019B
:10C7A000142D9C014F0E9701B40F920118308D018A
:10C7B0005F6E880177C983015F407F0120D27A01D3
:10C7C000CE7D760187427201761F6E01CD136A011C
:10C7D000C61E6601A73F6201BB755E0156C05A01C5
:10C7E000D31E5701949053010115500188AB4C01A1
:10C7F0009E534901BC0C460162D6420113B03F0171
:10C800005A993C01C2913901DF98360145AE330196
:10C8100090D130015C022E014A402B01018B28018E
:10C8200027E225016745230170B42001F32E1E0184
:10C83000A4B41B013845190168E01601F085140104
:10C840008E35120101EF0F010AB20D016E7E0B0150
:10C85000F3530901603207017F1905011B09030128
:10C86000010101010000000080BB00007800000011
:10C870001500000015000000CD6C00000010002025
:10C88000EAF5030003000000080000007800000043
:10C890000B0000001B020400D0F40300FAF40300B4
:10C8A000800700000300000080C9030044C90300A2
:10C8B00008C90300CCC8030066D703008801000044
:10C8C000FEF3030093000400EBFF03003C000000B4
:10C8D00044440000050000000300000005000C00B7
:10C8E000030004000400010000000000000000003C
:10C8F00000000000000000000000000076E50300DA
:10C900007EEC0300000000007800000044440000BA
:10C9100006000000020000000500180003000800E7
:10C9200002000400040001000000000000000000FC
:10C930000000000000000000EEE503007EEC0300B4
:10C9400000000000F0000000444400000700000068
:10C950000100000005003000030010000400040086
:10C9600004000100000000000000000000000000C2
:10C9700000000000DEE603007EEC03000000000083
:10C98000E00100004444000008000000FFFFFFFF3A
:10C9900005006000030020000400080002000400FD
:10C9A0000400010000000000000000000000000082
:10C9B000BEE803007EEC030000000000102700002A
:10C9C000E8030000F82A0000E8030000BC3400007F
:10C9D000E8030000B0360000D00700001027000078
:10C9E000E8030000F82A0000E8030000BC3400005F
:10C9F000E8030000B0360000D00700001027000058
:10CA0000E8030000F82A0000E8030000BC3400003E
:10CA1000E8030000B0360000D00700001027000037
:10CA2000E8030000F82A0000E8030000BC3400001E
:10CA3000E8030000B0360000D0070000000000004E
:10CA400000000000030000000200000003000000DE
:10CA500002000000050000000200000003000000CA
:10CA600002000000030000000200000005000000BA
:10CA70000200000003000000020000000F000000A0
:10CA80000A00000005000000101E00200001000048
:10CA9000AD5803004F58030002000000495A03003C
:10CAA0000000000000000000000000000000000086
:10CAB00038070400400704000000000000000000E8
:10CAC00000000000480704004C0704005007040061
:10CAD0005407040091C4010085C4010071C4010021
:10CAE00059C401000000000065C4010000000000FE
:10CAF000DDC40100F05500202D2E012010000000A3
:10CB000002000000000000000000000000C00F0054
:10CB1000D4A903000100000000C00F000040000085
:10CB2000D4A903004EF603001D79030000000000A5
:10CB30004AF603000000010046F603008D7A030068
:10CB400000000000E0050020000001003EF60300A8
:10CB5000F95A03000000000068070400000001000B
:10CB60003AF603008D7A030000000000D80500208B
:10CB70000000010032F60300F95A03000000000033
:10CB800079070400000001002EF603008D7A0300EF
:10CB900000000000D00500200000010026F6030080
:10CBA000F95A03000000000087070400000001009C
:10CBB0006AF603001D7903000000000066F603001A
:10CBC0000000010062F603008D7A030000000000FF
:10CBD00000060020000001005AF603001DC60100F7
:10CBE00000000000740900200000010056F6030058
:10CBF0006F790300E5310200E80500200000030022
:10CC000052F60300117B0300000000006EF60300E3
:10CC100000000100000000007561030034060020E0
:10CC20002C06002024060020000000001C06002026
:10CC300015CD010009CC01005DCC0100BDCC010087
:10CC4000000000200000000000000B0602000000B1
:10CC500054CC030000000000DC0D0400260002029A
:10CC600000000020E40D040022000B1144D003005A
:10CC700078CC0300050800001035022044D00300E2
:10CC800088CC03002E0000005C86022044D0030004
:10CC900098CC0300080000003C87022026180400FE
:10CCA000441804005F1804006F1804007C18040086
:10CCB000851804008C180400931804009A180400C6
:10CCC000A21804007C180400AA180400BC18040070
:10CCD000D11804000E03000011E601000F0400004B
:10CCE000E1E501001A010000DDDF0100050400009C
:10CCF00045E001001301000061E60100FF010000B2
:10CD000049E201003E010000F1E2010005040000DB
:10CD100091E001000804000011EF01003003000061
:10CD200089EE010010010000D5E0010001120000B1
:10CD300009EE01000A1E0000296503000309000036
:10CD400099E70100040B000011E30100060A00004E
:10CD500025F10100070A000035E101000C05000083
:10CD6000DDEA0100050C000065F00100084100004B
:10CD70004D06020009210000D106020044D0030044
:10CD800088CD030047000000608702201B1F0400BD
:10CD9000281F0400481F04003C1F0400531F040008
:10CDA0006A1F04007A1F0400642204008E1F04001E
:10CDB00044D00300BCCD03000508000028880220F1
:10CDC00044D00300CCCD0300FB0100007498022086
:10CDD0005D6C0300956C0300000000000000000083
:10CDE00000000000B5180200000000000000000074
:10CDF0000000000000000000020201006574030052
:10CE0000040401008927020006060100C926020069
:10CE1000080401000D2602000A0201004D740300FF
:10CE20000C040100357403000E040100E12402002B
:10CE300020040100452402001004010055230200D3
:10CE400012020100E973030016040100DD6D030006
:10CE5000180101001B7103001E0004000775030088
:10CE6000520200000F74030044D0030074CE03008C
:10CE7000FD01000084AD0220A2F603001D7903002D
:10CE8000000000009EF60300000001009AF6030077
:10CE90008D7A030000000000180700200000010048
:10CEA00092F60300000000000000000000000000F7
:10CEB000000000008EF603006F790300E5310200E8
:10CEC00020070020000003008AF603008D7A03008B
:10CED00000000000100700200000010082F603009F
:10CEE000DB7803005533020000000000000003005F
:10CEF0007EF603008D7A0300000000000807002082
:10CF00000000010076F6030039380200000000003E
:10CF10000000000000000100CEF603001D790300B0
:10CF200000000000CAF6030000000100C6F603007E
:10CF30008D7A030000000000480700200000010077
:10CF4000BEF603009F780300000000000000000010
:10CF500000000100BAF603008D7A03000000000013
:10CF60004007002000000100B2F6030065780300CE
:10CF7000000000000000000000000100AEF6030009
:10CF80008D7A030000000000380700200000010037
:10CF9000A6F603000D3102000000000000000000B2
:10CFA00000000100ED4B0200C58103001556020090
:10CFB0000000000000000000BD5202000000000060
:10CFC0000000000000000000000000000000000061
:10CFD00000000000894D020006000000A57F03004C
:10CFE000060000007949020010000000ED45020033
:10CFF00010000000B555020001000000FF7D030095
:10D0000010000000A17F03000A000000954C020000
:10D0100010000000E953020007000000A97F030090
:10D0200010000000A17E030001000000414B02003F
:10D0300040000000457F030010000000C17E030097
:10D0400001000000895D020000000000D1830300A0
:10D050002D5F0200FD5E02000000000085600200FE
:10D06000056002005F2B0400FF85030005860300B6
:10D07000652B0400C95F02007F850300DF85030084
:10D08000000000001D8503000000000000000000FB
:10D0900049630200A162020015860300000000003F
:10D0A0003386030000000000AF860300156702000E
:10D0B00051660200956402008564020004000000CD
:10D0C000FF000000FFFF0000000300500000000010
:10D0D000010000000060004000000000FFFFFFFFB3
:10D0E0000000005000000000000000000060004050
:10D0F00000000000496902009F870300AD8703001C
:10D10000C5870300D1870300DD870300B5670200F0
:10D11000F78703000000000000300040000000001E
:10D120000000000000000000000098010000010164
:10D13000100000004988030040D10300FFFF0000F9
:10D14000003000404CD103000100000054D1030026
:10D15000020000001A0016001B001800D56A020029
:10D1600000000000056C020000000000000000004C
:10D17000956B020010AA0300020202009F880300C0
:10D1800073880300000000000000000000000000A1
:10D190000000000000000000E8A903006B00000090
:10D1A000000000000000000000030000C0C62D00C9
:10D1B000C0C62D00C0C62D0000000080FFFFFF7F0D
:10D1C000000000800000000000000000ED2D0400C1
:10D1D00000FF090010AA0300010000000000000089
:10D1E000000000000000000000000000000000003F
:10D1F0000000000000000000FF000000A025260045
:10D20000A0252600A025260000000080FFFFFF7F4C
:10D21000000000800000000000000000ED2D040070
:10D2200000FF180010AA030000000000000000002A
:10D2300000000000000000000000000000000000EE
:10D240000000000000000000FF00000010AA030022
:10D2500000000000000000000000000000000000CE
:10D2600000000000000000000000000000000000BE
:10D270000000000000000000638C0300998C030094
:10D28000098C0300DD8C0300198F0300AF8F0300AE
:10D29000000000000000000000000000000000008E
:10D2A000E38D03000000000000000000000000000B
:10D2B00000000000198C0300CF8C030010AA0300AB
:10D2C00040164000A08F3E00409C0000B01E0400AD
:10D2D000A0860100FFFFFF7FFFFFFF7FFFFFFF7FB3
:10D2E000FFFFFF7FFFFFFF7FFFFFFF7F1027000093
:10D2F000A00F0000000000005176020079710200CA
:10D3000000000000F3910300E5710200000000003E
:10D3100000000000A08601000000000001000100E4
:10D3200020A10700A086010005000F003A170400A5
:10D330009E0C000053009F01007D0000D0070000FC
:10D3400010009001E067350050C3000000000300AA
:10D3500000093D0050C3000004000D0000F0024031
:10D36000000000000048E80100000000000000008C
:10D3700000000000FFFFFFFF0000FF0000000000B2
:10D3800000000000FFFFFFFF02000001010000009D
:10D39000ED920300FFFF0000A8D30300FFFFFFFF93
:10D3A000000000000000000000F00240B4D30300C1
:10D3B00001000000BCD303000300000013000800BC
:10D3C00015000A0016000C0070A9030014000100EB
:10D3D00095790200A59303000000014000000000C1
:10D3E000B58202005B940300458202006194030051
:10D3F000053104000000000000000000DD84020090
:10D4000081940300A59403000000000000000000C8
:10D410000000000081960300BD93020000000000A0
:10D4200000000000D6320400E4320400F8320400A8
:10D43000073304001333040038A8030038A803009E
:10D44000A8A80300B8A8030040A9030048A9030046
:10D45000512563FCC2CAB9F3849E17A7ADFAE6BC96
:10D46000FFFFFFFFFFFFFFFF00000000FFFFFFFFC8
:10D47000AAAAAAAAAAAAAAAAAAAAAAAA5555555560
:10D4800055555555555555550000000055555555A0
:10D49000522563FCC2CAB9F3849E17A7ADFAE6BC55
:10D4A000FFFFFFFFFFFFFFFF00000000FFFFFFFF88
:10D4B000512563FCC2CAB9F3849E17A7ADFAE6BC36
:10D4C000FFFFFFFFFFFFFFFF00000000FFFFFFFF68
:10D4D00096C298D84539A1F4A033EB2D817D03770E
:10D4E000F240A463E5E6BCF847422CE1F2D1176BA9
:10D4F000F551BF376840B6CBCE5E316B5733CE2B7C
:10D50000169E0F7C4AEBE78E9B7F1AFEE242E34FAA
:10D510004B60D2273E3CCE3BF6B053CCB0061D65E7
:10D52000BC86987655BDEBB3E7933AAAD835C65A70
:10D53000FCFFFFFFFFFFFFFFFFFFFFFF00000000FA
:10D54000000000000000000001000000FFFFFFFFDE
:10D55000FF8FFFFFFF8FFFFFFE8FFFFFFE8FFFFF9D
:10D56000FD8FFFFFFC8FFFFFFC8FFFFF6D75746564
:10D57000785F667265652063616C6C6564207769AD
:10D580007468204E554C4C20706172616D657465F5
:10D590007200000043616E277420696E69746961CE
:10D5A0006C697A65206D757465782C2077617320BD
:10D5B0004E554C4C0D0A00004661696C20746F207A
:10D5C00061637175697265206D757465780A000014
:10D5D0004661696C20746F20696E63726561736562
:10D5E00020504D20636F756E7465720A0000000054
:10D5F0004661696C20746F20646563726561736550
:10D6000020504D20636F756E7465720A0000000033
:10D610004661696C20746F2072656C65617365206A
:10D620006D757465780A0000436F756C64206E6FC9
:10D6300074206C6F636B20706F77657220736176F6
:10D6400065206D75746578004661696C20746F2083
:10D65000756E6C6F636B206D757465780A000000E1
:10D660006374782063616E6E6F74206265204E551E
:10D670004C4C00000A637478206973204E554C4C62
:10D680000A00000067E6096A85AE67BB72F36E3C6C
:10D690003AF54FA57F520E518C68059BABD9831F7D
:10D6A00019CDE05BD89E05C107D57C3617DD7030FB
:10D6B00039590EF7310BC0FF11155868A78FF9645F
:10D6C000A44FFABE0123456789ABCDEFFEDCBA98C3
:10D6D00076543210F0E1D2C3000000000000008058
:10D6E0000000032800000229000003280000002891
:10D6F0000040CA451B4CFF52825AB362A26B607550
:10D700004027C81B9810603B502200006066D00C78
:10D710000000010001000100010001000100010002
:10D7200002000200020002000200020002000300E8
:10D7300003000400050006000800080001000200C4
:10D740000300040005000600070008001000180090
:10D7500024002C00320038003E00430048004F00F7
:10D7600058006A008600FF7FFF7FFF7FFE7FFD7FFE
:10D77000FB7FF97FF77FF47FF17FEE7FEA7FE67F23
:10D78000E27FDD7FD87FD27FCD7FC67FC07FB97F2C
:10D79000B27FAA7FA27F9A7F917F887F7F7F757FEC
:10D7A0006B7F617F567F4B7F407F347F287F1B7F5D
:10D7B0000E7F017FF47EE67ED87EC97EBA7EAB7E88
:10D7C0009B7E8B7E7B7E6A7E597E487E367E247E63
:10D7D000127EFF7DEC7DD97DC57DB17D9D7D887DEF
:10D7E000737D5D7D477D317D1B7D047DED7CD57C2A
:10D7F000BD7CA57C8C7C737C5A7C417C277C0C7C1A
:10D80000F27BD77BBC7BA07B847B687B4B7B2E7BB6
:10D81000117BF37AD57AB77A987A797A5A7A3A7A02
:10D820001A7AFA79D979B8799779757953793179FA
:10D830000E79EB78C878A47880785C78377812789D
:10D84000ED77C777A1777B7754772D770677DE76EC
:10D85000B6768E7665763D761376EA75C0759675E2
:10D860006B7540751575EA74BE749274657438747E
:10D870000B74DE73B073827354732573F672C772C0
:10D880009772677237720672D671A47173714171A3
:10D890000F71DC70AA70777043701070DC6FA76F27
:10D8A000736F3E6F096FD36E9D6E676E316EFA6D4A
:10D8B000C36D8C6D546D1C6DE46CAC6C736C3A6C08
:10D8C000006CC76B8D6B526B186BDD6AA26A666A5F
:10D8D0002A6AEE69B26975693869FB68BE68806852
:10D8E00042680468C567866747670767C8668766D2
:10D8F00047660766C665846543650165BF647D64E8
:10D900003A64F863B46371632D63EA62A56261628D
:10D910001C62D76192614C610661C0607A603360BD
:10D92000ED5FA55F5E5F165FCE5E865E3E5EF55D77
:10D93000AC5D635D1A5DD05C865C3C5CF15BA65BB4
:10D940005B5B105BC55A795A2D5AE1599459485975
:10D95000FB58AD5860581258C45776572857D956B7
:10D960008A563B56EC559C554C55FC54AC545B5474
:10D970000B54BA5368531753C55273522152CF51A7
:10D980007C512951D65083503050DC4F884F344F52
:10D99000E04E8B4E364EE14D8C4D374DE14C8B4C6D
:10D9A000354CDF4B884B324BDB4A844A2C4AD549F5
:10D9B0007D492549CD4875481C48C4476B471247E7
:10D9C000B8465F460546AB455145F7449D44424441
:10D9D000E7438C433143D6427A421F42C3416741F9
:10D9E0000A41AE405140F43F973F3A3FDD3E7F3E13
:10D9F000223EC43D663D083DA93C4B3CEC3B8D3B83
:10DA00002E3BCF3A703A103AB1395139F13891384A
:10DA10003138D03770370F37AE364D36EC358A3562
:10DA20002935C73466340434A2333F33DD327B32C8
:10DA30001832B5315231EF308C302930C62F622F79
:10DA4000FE2E9A2E372ED22D6E2D0A2DA62C412C6D
:10DA5000DC2B782B132BAE2A482AE3297E291829A0
:10DA6000B3284D28E72781271B27B5264F26E82511
:10DA700082251B25B5244E24E72380231923B222B7
:10DA80004A22E3217C211421AC204520DD1F751F93
:10DA90000D1FA51E3D1ED51D6C1D041D9B1C331C9A
:10DAA000CA1B611BF91A901A271ABE195519EC18CE
:10DAB00082181918B0174617DD1673160A16A01526
:10DAC0003615CD146314F9138F132513BB1251129D
:10DAD000E7117C111211A8103D10D30F690FFE0E33
:10DAE000940E290EBE0D540DE90C7E0C140CA90BDE
:10DAF0003E0BD30A680AFE0993092809BD0852089B
:10DB0000E7077C071107A6063A06CF056405F90466
:10DB10008E042304B8034C03E10276020B02A00139
:10DB20003401C9005E00F3FF87FF1CFFB1FE46FE13
:10DB3000DAFD6FFD04FD99FC2EFCC2FB57FBECFAED
:10DB400081FA16FAABF940F9D5F86AF8FFF793F7BE
:10DB500029F7BEF653F6E8F57DF512F5A7F43CF487
:10DB6000D2F367F3FCF291F227F2BCF152F1E7F045
:10DB70007DF012F0A8EF3EEFD3EE69EEFFED95EDEC
:10DB80002BEDC1EC57ECEDEB83EB19EBAFEA46EA7A
:10DB9000DCE972E909E99FE836E8CDE763E7FAE6F0
:10DBA00091E628E6BFE556E5EDE484E41CE4B3E342
:10DBB0004BE3E2E27AE211E2A9E141E1D9E071E06E
:10DBC00009E0A1DF3ADFD2DE6BDE03DE9CDD35DD6E
:10DBD000CDDC66DCFFDB99DB32DBCBDA65DAFED944
:10DBE00098D932D9CBD865D8FFD79AD734D7CED6E3
:10DBF00069D604D69ED539D5D4D46FD40BD4A6D348
:10DC000041D3DDD279D214D2B0D14DD1E9D085D073
:10DC100022D0BECF5BCFF8CE95CE32CECFCD6DCD5C
:10DC20000ACDA8CC46CCE4CB82CB20CBBFCA5DCA00
:10DC3000FCC99BC93AC9D9C878C818C8B7C757C75B
:10DC4000F7C697C637C6D8C578C519C5BAC45BC468
:10DC5000FCC39DC33FC3E1C283C225C2C7C169C122
:10DC60000CC1AEC051C0F4BF98BF3BBFDFBE82BE87
:10DC700026BECBBD6FBD13BDB8BC5DBC02BCA7BB8F
:10DC80004DBBF2BA98BA3EBAE4B98BB931B9D8B83B
:10DC90007FB826B8CDB775B71DB7C5B66DB615B682
:10DCA000BEB566B50FB5B9B462B40CB4B5B35FB365
:10DCB0000AB3B4B25FB209B2B5B160B10BB1B7B0DB
:10DCC00063B00FB0BBAF68AF15AFC2AE6FAE1DAEE5
:10DCD000CAAD78AD26ADD5AC83AC32ACE1AB90AB80
:10DCE00040ABF0AAA0AA50AA00AAB1A962A913A9A0
:10DCF000C5A876A828A8DAA78DA73FA7F2A6A5A64B
:10DD000059A60CA6C0A574A528A5DDA492A447A475
:10DD1000FCA3B2A368A31EA3D4A28BA242A2F9A122
:10DD2000B0A168A120A1D8A090A049A002A0BB9F4B
:10DD3000749F2E9FE89EA29E5D9E189ED39D8E9DF1
:10DD40004A9D059DC29C7E9C3B9CF89BB59B729B0B
:10DD5000309BEE9AAD9A6B9A2A9AE999A99968999B
:10DD60002999E998A9986A982B98ED97AF97719798
:10DD70003397F596B8967B963F960396C7958B9505
:10DD800050951495DA949F9465942B94F193B893DD
:10DD90007F9346930E93D6929E9266922F92F8911D
:10DDA000C1918B9155911F91EA90B59080904C90C4
:10DDB0001790E38FB08F7D8F4A8F178FE58EB28ECD
:10DDC000818E4F8E1E8EED8DBD8D8D8D5D8D2D8D39
:10DDD000FE8CCF8CA18C728C448C178CE98BBC8B05
:10DDE000908B638B378B0B8BE08AB58A8A8A608A2B
:10DDF000368A0C8AE289B9899089688940891889AC
:10DE0000F088C988A2887C88558830880A88E58788
:10DE1000C0879B87778753872F870C87E986C786BC
:10DE2000A4868286618640861F86FE85DE85BE8545
:10DE30009E857F856085428523850585E884CB8422
:10DE4000AE849184758459843E8422840784ED8352
:10DE5000D383B9839F8386836D8355833D832583D5
:10DE60000E83F682E082C982B3829D8288827382A9
:10DE70005E824A82368222820F82FC81E981D781CA
:10DE8000C581B381A281918181817181618151813B
:10DE900042813381258117810981FB80EE80E280F8
:10DEA000D580C980BD80B280A7809C809280888008
:10DEB0007F8075806D8064805C8054804C8045805C
:10DEC0003E80388032802C80278022801D801980FF
:10DED000158011800E800B800880068004800380EE
:10DEE000018001800180FF7FFF7FFD7FF97FF47F4C
:10DEF000EE7FE67FDC7FD27FC67FB87FA97F997FE8
:10DF0000877F747F607F4A7F327F1A7F007FE47E45
:10DF1000C77EA97E897E687E467E227EFD7DD67D77
:10DF2000AE7D857D5A7D2E7D017DD27CA27C707C6C
:10DF30003D7C097CD47B9D7B647B2A7BEF7AB37A22
:10DF4000757A367AF679B47971792C79E778A07890
:10DF500057780D78C27776772877D97689763776AD
:10DF6000E57590753B75E4748C743374D8737C7369
:10DF70001F73C172617200729E713B71D6707070B6
:10DF80000970A16F376FCD6E616EF36D856D156D84
:10DF9000A46C326CBF6B4B6BD56A5F6AE7696E69C4
:10DFA000F4687868FC677E67FF667F66FE657C655F
:10DFB000F9647564EF636963E1625862CE6144613C
:10DFC000B8602B609D5F0D5F7D5EEC5D5A5DC75C48
:10DFD000325C9D5B075B705AD7593E59A45809586B
:10DFE0006C57CF5631569255F2545154AF530D538E
:10DFF0006952C5511F517950D24F294F804ED74D8C
:10E000002C4D804CD44B274B794ACA491A496A484F
:10E01000B94707475446A045EC4437448143CA42B8
:10E0200013425B41A240E93F2F3F743EB83DFC3CA8
:10E030003F3C823BC33A043A45398538C4370337FD
:10E0400041367E35BB34F73333336E32A931E3309A
:10E050001D30562F8E2EC62DFD2C342C6B2BA12A55
:10E06000D6290C2940287427A826DB250E25412413
:10E070007323A522D62107213820681F981EC71DAB
:10E08000F71C261C541B831AB119DE180C183917FB
:10E0900066169315BF14EC13181343126F119B10DF
:10E0A000C60FF10E1C0E470D710C9C0BC60AF00931
:10E0B0001A0944086E079806C205EC0415043F03CC
:10E0C00069029201BC00E5FF0FFF38FE62FD8BFC88
:10E0D000B5FBDFFA08FA32F95CF886F7B0F6DAF544
:10E0E00005F52FF459F384F2AFF1DAF005F030EFD3
:10E0F0005CEE88EDB3ECDFEB0CEB38EA65E992E817
:10E10000BFE7EDE61BE649E577E4A6E3D5E204E2E6
:10E1100034E164E094DFC5DEF6DD28DD59DC8CDB1C
:10E12000BEDAF1D925D959D88DD7C2D6F7D52DD594
:10E1300063D499D3D0D208D240D179D0B2CFEBCE2C
:10E1400026CE60CD9CCCD8CB14CB51CA8FC9CDC8BC
:10E150000CC84BC78BC6CCC50DC54FC492C3D5C226
:10E1600019C25DC1A3C0E9BF2FBF77BEBFBD08BD47
:10E1700052BC9CBBE7BA33BA7FB9CDB81BB86AB7FB
:10E18000BAB60AB65CB5AEB401B455B3A9B2FFB124
:10E1900055B1ACB005B05EAFB7AE12AE6EADCBACA4
:10E1A00028AC86ABE6AA46AAA7A909A96CA8D1A75C
:10E1B00036A79CA603A66BA5D4A43EA4A8A314A32B
:10E1C00081A2F0A15FA1CFA040A0B29F259F9A9EFF
:10E1D0000F9E859DFD9C769CEF9B6A9BE69A639AB9
:10E1E000E1996099E1986298E5976997EE9674963F
:10E1F000FB9584950D9598942494B1933F93CF9279
:10E200005F92F19184911991AE904590DD8F768F58
:10E21000118FAC8E498EE78D878D278DC98C6D8CC3
:10E22000118CB78B5E8B068BB08A5A8A078AB489A9
:10E2300063891389C48877882B88E08797874F87FD
:10E240000887C2867E863C86FA85BA857B853E85B0
:10E250000285C7848E8456841F84EA83B6838383B1
:10E2600052832283F482C6829B82708247822082FC
:10E27000FA81D581B1818F816F814F813181158183
:10E28000FA80E080C880B1809B8087807480638042
:10E290005380448037802C802180188011800B802F
:10E2A000068002800180FF7FFC7FF37FE57FD07FC7
:10E2B000B67F977F727F477F177FE17EA57E647E62
:10E2C0001E7ED17D807D297DCC7C6A7C037C967B03
:10E2D000237BAB7A2E7AAC792479977804786C77A3
:10E2E000CF762D768675D97428747173B572F471F2
:10E2F0002E716370946FBF6EE66D076D246C3C6B7E
:10E30000506A5F6969686E676F666C6564645863BC
:10E31000476232611960FB5EDA5DB45C8A5B5D5A0C
:10E320002B59F557BC567E553D54F852B0516450A8
:10E33000144FC14D6B4C114BB4495448F0468A45BB
:10E340002044B3424441D23F5C3EE43C6A3BED3959
:10E350006D38EB366635DF335632CA303D2FAD2D82
:10E360001B2C882AF2285B27C22527248B22ED202C
:10E370004E1FAD1D0C1C681AC4181F177815D11339
:10E3800029128010D60E2C0D810BD5092A087D0686
:10E39000D10424037701CAFF1DFE71FCC4FA18F9E9
:10E3A0006BF7C0F514F469F2BFF016EF6DEDC5EB35
:10E3B0001EEA78E8D3E62FE58CE3EAE14AE0ABDE3B
:10E3C0000EDD72DBD8D93FD8A8D613D580D3EFD1D4
:10E3D00060D0D3CE48CDBFCB39CAB5C833C7B4C5DA
:10E3E00037C4BDC246C1D2BF60BEF1BC85BB1CBA3A
:10E3F000B7B854B7F4B598B43FB3EAB197B049AFE2
:10E40000FEADB6AC72AB32AAF6A8BDA788A658A5D9
:10E410002BA402A3DDA1BDA0A09F889E749D659C36
:10E420005A9B539A50995398599765967595899424
:10E43000A393C192E4910B913890698FA08EDB8DEC
:10E440001C8D618CAC8BFB8A508AAA8909896D88E6
:10E45000D7874687BA863386B2853685C0844F848F
:10E46000E3837D831C83C1826B821B82D0818B817D
:10E470004B811181DD80AE808580618043802A8060
:10E4800017800A800280FF7FF27FCD7F927F417FDD
:10E49000D97E5C7EC87D1D7D5D7C887B9C7A9B7966
:10E4A000857859771876C3745A73DC714A70A46EF4
:10E4B000EB6C1F6B40694F674B6536630F61D75E2E
:10E4C0008F5C375ACE575655CF523A50974DE64A41
:10E4D00028485D458642A33FB53CBD39BA36AE33C8
:10E4E00099307B2D552A2827F423B920791D341A19
:10E4F000EA169C134B10F70CA0094806EF0295FF93
:10E500003BFCE2F88AF534F2E1EE90EB43E8FAE402
:10E51000B6E177DE3FDB0CD8E1D4BDD1A1CE8ECB06
:10E5200084C884C58EC2A3BFC3BCEFB928B76DB47D
:10E53000BFB11FAF8DAC0AAA96A732A5DDA299A0E4
:10E54000669E439C329A339846966C94A592F190BD
:10E55000508FC38D4A8CE58A95895A8834872386E3
:10E56000278541847183B682118283810B81A880C3
:10E570005D802780098000000C0018002400300016
:10E58000040010001C0028003400080014002000C3
:10E590002C00380001000D00190025003100050095
:10E5A00011001D00290035000900150021002D0073
:10E5B000390002000E001A00260032000600120088
:10E5C0001E002A0036000A00160022002E003A0023
:10E5D00003000F001B0027003300070013001F007B
:10E5E0002B0037000B00170023002F003B0000001A
:10E5F000180030004800600008002000380050007B
:10E6000068001000280040005800700004001C0042
:10E6100034004C0064000C0024003C0054006C00EA
:10E6200014002C0044005C0074000100190031004B
:10E630004900610009002100390051006900110002
:10E64000290041005900710005001D0035004D00F2
:10E6500065000D0025003D0055006D0015002D00E2
:10E6600045005D00750002001A0032004A00620099
:10E670000A0022003A0052006A0012002A004200FA
:10E680005A00720006001E0036004E0066000E00A2
:10E6900026003E0056006E0016002E0046005E006A
:10E6A000760003001B0033004B0063000B002300C7
:10E6B0003B0053006B0013002B0043005B00730012
:10E6C00007001F0037004F0067000F0027003F00C2
:10E6D00057006F0017002F0047005F007700000011
:10E6E000300060009000C000100040007000A000EA
:10E6F000D000200050008000B000E0000400340092
:10E7000064009400C400140044007400A400D40009
:10E71000240054008400B400E400080038006800BD
:10E720009800C800180048007800A800D800280009
:10E7300058008800B800E8000C003C006C009C0009
:10E74000CC001C004C007C00AC00DC002C005C0009
:10E750008C00BC00EC000100310061009100C100A0
:10E76000110041007100A100D10021005100810081
:10E77000B100E1000500350065009500C5001500F9
:10E7800045007500A500D500250055008500B500A1
:10E79000E5000900390069009900C9001900490025
:10E7A0007900A900D900290059008900B900E900C1
:10E7B0000D003D006D009D00CD001D004D007D0051
:10E7C000AD00DD002D005D008D00BD00ED000200FC
:10E7D000320062009200C200120042007200A200E9
:10E7E000D200220052008200B200E2000600360091
:10E7F00066009600C600160046007600A600D60009
:10E80000260056008600B600E6000A003A006A00BC
:10E810009A00CA001A004A007A00AA00DA002A0008
:10E820005A008A00BA00EA000E003E006E009E0008
:10E83000CE001E004E007E00AE00DE002E005E0008
:10E840008E00BE00EE000300330063009300C3009F
:10E85000130043007300A300D30023005300830080
:10E86000B300E3000700370067009700C7001700F8
:10E8700047007700A700D700270057008700B700A0
:10E88000E7000B003B006B009B00CB001B004B0024
:10E890007B00AB00DB002B005B008B00BB00EB00C0
:10E8A0000F003F006F009F00CF001F004F007F0050
:10E8B000AF00DF002F005F008F00BF00EF000000FF
:10E8C0006000C0002001800120008000E0004001C5
:10E8D000A0014000A00000016001C0010800680024
:10E8E000C8002801880128008800E8004801A80124
:10E8F0004800A80008016801C80110007000D0009D
:10E900003001900130009000F0005001B001500043
:10E91000B00010017001D00118007800D800380153
:10E92000980138009800F8005801B8015800B80064
:10E9300018017801D80104006400C4002401840196
:10E9400024008400E4004401A4014400A400040164
:10E950006401C4010C006C00CC002C018C012C0063
:10E960008C00EC004C01AC014C00AC000C016C01C3
:10E97000CC0114007400D4003401940134009400DC
:10E98000F4005401B4015400B40014017401D40122
:10E990001C007C00DC003C019C013C009C00FC0055
:10E9A0005C01BC015C00BC001C017C01DC010100BD
:10E9B0006100C1002101810121008100E1004101CC
:10E9C000A1014100A10001016101C101090069002B
:10E9D000C9002901890129008900E9004901A9012B
:10E9E0004900A90009016901C90111007100D100A4
:10E9F0003101910131009100F1005101B10151004B
:10EA0000B10011017101D10119007900D90039015A
:10EA1000990139009900F9005901B9015900B9006B
:10EA200019017901D90105006500C500250185019D
:10EA300025008500E5004501A5014500A50005016B
:10EA40006501C5010D006D00CD002D018D012D006A
:10EA50008D00ED004D01AD014D00AD000D016D01CA
:10EA6000CD0115007500D5003501950135009500E3
:10EA7000F5005501B5015500B50015017501D50129
:10EA80001D007D00DD003D019D013D009D00FD005C
:10EA90005D01BD015D00BD001D017D01DD010200C4
:10EAA0006200C2002201820122008200E2004201D3
:10EAB000A2014200A20002016201C2010A006A0032
:10EAC000CA002A018A012A008A00EA004A01AA0132
:10EAD0004A00AA000A016A01CA0112007200D200AB
:10EAE0003201920132009200F2005201B201520052
:10EAF000B20012017201D2011A007A00DA003A0162
:10EB00009A013A009A00FA005A01BA015A00BA0072
:10EB10001A017A01DA0106006600C60026018601A4
:10EB200026008600E6004601A6014600A600060172
:10EB30006601C6010E006E00CE002E018E012E0071
:10EB40008E00EE004E01AE014E00AE000E016E01D1
:10EB5000CE0116007600D6003601960136009600EA
:10EB6000F6005601B6015600B60016017601D60130
:10EB70001E007E00DE003E019E013E009E00FE0063
:10EB80005E01BE015E00BE001E017E01DE010300CB
:10EB90006300C3002301830123008300E3004301DA
:10EBA000A3014300A30003016301C3010B006B0039
:10EBB000CB002B018B012B008B00EB004B01AB0139
:10EBC0004B00AB000B016B01CB0113007300D300B2
:10EBD0003301930133009300F3005301B301530059
:10EBE000B30013017301D3011B007B00DB003B0169
:10EBF0009B013B009B00FB005B01BB015B00BB007A
:10EC00001B017B01DB0107006700C70027018701AB
:10EC100027008700E7004701A7014700A700070179
:10EC20006701C7010F006F00CF002F018F012F0078
:10EC30008F00EF004F01AF014F00AF000F016F01D8
:10EC4000CF0117007700D7003701970137009700F1
:10EC5000F7005701B7015700B70017017701D70137
:10EC60001F007F00DF003F019F013F009F00FF006A
:10EC70005F01BF015F00BF001F017F01DF01FF7F58
:10EC80000000FE7F53FEF57FA6FCE77FF9FAD47FF4
:10EC90004DF9BA7FA1F79B7FF6F5777F4AF44C7F59
:10ECA0009FF21D7FF5F0E87E4BEFAD7EA3ED6C7E0D
:10ECB000FBEB277E54EADB7DADE88A7D07E7337DF9
:10ECC00063E5D87CC1E3777C1EE2107C7DE0A47B09
:10ECD000DFDE337B41DDBB7AA6DB3E7A0CDABD7921
:10ECE00072D83679DCD6A97847D51778B4D380772F
:10ECF00023D2E47693D0427604CF9B7579CDF0741D
:10ED0000F0CB3E746ACA8973E5C8CE7263C70D72D0
:10ED1000E5C5487167C47D70EDC2AE6F76C1DB6E2C
:10ED200000C0026E8FBE246D21BD426CB4BB5A6B15
:10ED30004BBA6E6AE3B87E6980B7886821B68E6781
:10ED4000C4B491666AB38D6515B28664C2B07A6345
:10ED500073AF6A6228AE5661DFAC3D609BAB215F4A
:10ED60005AAAFF5D1EA9DA5CE5A7B15BAFA6835A7C
:10ED70007DA5525950A41D5827A3E45601A2A755BA
:10ED8000E0A06654C49F2253AB9EDA51969D8E50EC
:10ED9000879C404F7B9BED4D739A974C71993D4BEF
:10EDA0007398E2497897814884961D479295B645B5
:10EDB000A7944D44BF93E242DC927341FE9101401F
:10EDC00026918C3E5290143D838F9A3BB98E1E3A09
:10EDD000F38D9E38338D1C37788C9835C38B113466
:10EDE000128B8932658AFC30BE896E2F1D89E02D19
:10EDF00080884E2CE987BB2A57872629CA868F2709
:10EE00004486F625C2855B244685BF22CF84222115
:10EE10005C84831FF183E21D8A83411C28839F1A2F
:10EE2000CD82F918768255172582AD15DA8107143F
:10EE300094815F125381B61019810C0FE380620D2B
:10EE4000B480B70B8A800C0A658060084680B406DF
:10EE50002C8007051A805C030B80AE010280000045
:10EE6000018053FE0280A6FC0B80F9FA19804DF94F
:10EE70002C80A1F74680F6F565804AF489809FF2E0
:10EE8000B480F5F0E3804BEF1881A3ED5381FBEBE9
:10EE9000948154EAD981ADE8258207E7768263E55B
:10EEA000CD82C1E328831EE289837DE0F083DFDE2B
:10EEB0005C8441DDCD84A6DB45850CDAC28572D841
:10EEC0004386DCD6CA8647D55787B4D3E98723D291
:10EED000808893D01C8904CFBE8979CD658AF0CB18
:10EEE000108B6ACAC28BE5C8778C63C7328DE5C5C3
:10EEF000F38D67C4B88EEDC2838F76C1529000C087
:10EF000025918FBEFE9121BDDC92B4BBBE934BBA5E
:10EF1000A694E3B8929580B7829621B67897C4B448
:10EF200072986AB36F9915B2739AC2B07A9B73AF35
:10EF3000869C28AE969DDFACAA9E9BABC39F5AAA27
:10EF4000DFA01EA901A2E5A726A3AFA64FA47DA519
:10EF50007DA550A4AEA627A3E3A701A21CA9E0A00B
:10EF600059AAC49F9AABAB9EDEAC969D26AE879CF9
:10EF700072AF7B9BC0B0739A13B2719969B37398E7
:10EF8000C3B478971EB684967FB79295E3B8A794DA
:10EF90004ABABF93B3BBDC921EBDFE918DBE2691D3
:10EFA000FFBF529074C1838FECC2B98E66C4F38DDB
:10EFB000E2C5338D62C7788CE4C8C38B68CA128BF4
:10EFC000EFCB658A77CDBE8904CF1D8992D080882A
:10EFD00020D2E987B2D3578745D5CA86DAD6448688
:10EFE00071D8C2850ADA4685A5DBCF8441DD5C8411
:10EFF000DEDEF1837DE08A831EE22883BFE3CD82DB
:10F0000061E5768207E72582ABE8DA8153EA9481ED
:10F01000F9EB5381A1ED19814AEFE380F4F0B4805C
:10F020009EF28A8049F46580F4F54680A0F72C8032
:10F030004CF91A80F9FA0B80A4FC028052FE018080
:10F0400000000280AD010B805A03198007052C8057
:10F05000B30646805F0865800A0A8980B60BB480D3
:10F06000610DE3800B0F1881B51053815D129481FF
:10F070000514D981AC15258253177682F918CD82F3
:10F080009D1A28833F1C8983E21DF083831F5C84C3
:10F090002121CD84BF2245855A24C285F42543868B
:10F0A0008E27CA8624295787B92AE9874C2C80885D
:10F0B000DD2D1C896D2FBE89FC30658A8732108B4F
:10F0C0001034C28B9635778C1B37328D9D38F38D7B
:10F0D0001B3AB88E993B838F133D52908A3E2591FF
:10F0E0000040FE917141DC92DF42BE934C44A694F5
:10F0F000B54592951D47829680487897DF4972986A
:10F100003C4B6F99964C739AEB4D7A9B3E4F869C85
:10F110008D50969DD851AA9E2153C39F6554DFA060
:10F12000A65501A2E25626A31B584FA451597DA50E
:10F13000835AAEA6B05BE3A7D95C1CA9FF5D59AAB0
:10F14000205F9AAB3C60DEAC556126AE6A6272AF5E
:10F150007963C0B0856413B28D6569B38F66C3B43B
:10F160008D671EB688687FB77C69E3B86E6A4ABA55
:10F17000596BB3BB416C1EBD246D8DBE026EFFBFCB
:10F18000DA6E74C1AE6FECC27D7066C44771E2C5C1
:10F190000D7262C7CD72E4C8887368CA3D74EFCB44
:10F1A000EE7477CD9B7504CF427692D0E37620D271
:10F1B0008077B2D3177845D5A978DAD6367971D861
:10F1C000BC790ADA3E7AA5DBBA7A41DD317BDEDE34
:10F1D000A47B7DE00F7C1EE2767CBFE3D87C61E5FA
:10F1E000337D07E78A7DABE8DB7D53EA267EF9EBCA
:10F1F0006C7EA1EDAD7E4AEFE77EF4F01D7F9EF2BE
:10F200004C7F49F4767FF4F59B7FA0F7BA7F4CF9E9
:10F21000D47FF9FAE67FA4FCF57F52FEFE7F000062
:10F22000FF7FAD01FE7F5A03F57F0705E77FB30639
:10F23000D47F5F08BA7F0A0A9B7FB60B777F610D88
:10F240004C7F0B0F1D7FB510E87E5D12AD7E05145F
:10F250006C7EAC15277E5317DB7DF9188A7D9D1ACD
:10F26000337D3F1CD87CE21D777C831F107C2121DD
:10F27000A47BBF22337B5A24BB7AF4253E7A8E27A7
:10F28000BD7924293679B92AA9784C2C1778DD2D37
:10F2900080776D2FE476FC30427687329B75103490
:10F2A000F07496353E741B3789739D38CE721B3AC5
:10F2B0000D72993B4871133D7D708A3EAE6F0040E0
:10F2C000DB6E7141026EDF42246D4C44426CB545E9
:10F2D0005A6B1D476E6A80487E69DF4988683C4BDF
:10F2E0008E67964C9166EB4D8D653E4F86648D50D2
:10F2F0007A63D8516A622153566165543D60A655C0
:10F30000215FE256FF5D1B58DA5C5159B15B835AAD
:10F31000835AB05B5259D95C1D58FF5DE456205F9B
:10F32000A7553C606654556122536A62DA5179638D
:10F330008E508564404F8D65ED4D8F66974C8D677F
:10F340003D4B8868E2497C6981486E6A1D47596B6C
:10F35000B645416C4D44246DE242026E7341DA6E53
:10F360000140AE6F8C3E7D70143D47719A3B0D722B
:10F370001E3ACD729E3888731C373D749835EE74F2
:10F3800011349B7589324276FC30E3766E2F80779C
:10F39000E02D17784E2CA978BB2A36792629BC791E
:10F3A0008F273E7AF625BA7A5B24317BBF22A47B75
:10F3B00022210F7C831F767CE21DD87C411C337D8B
:10F3C0009F1A8A7DF918DB7D5517267EAD156C7E58
:10F3D0000714AD7E5F12E77EB6101D7F0C0F4C7FC9
:10F3E000620D767FB70B9B7F0C0ABA7F6008D47FD3
:10F3F000B406E67F0705F57F5C03FE7FAE01FFFFE5
:10F40000FFFFFFFFFFFFFFFFFFFFFFFFFFFF00000A
:10F4100000000000000029002900290052005200CD
:10F420007B00A400C800DE00000000000000000017
:10F430000000000000000000290029002900290028
:10F440007B007B007B00A400A400F0000A011B01EC
:10F450002701290029002900290029002900290065
:10F4600029007B007B007B007B00F000F000F000B7
:10F470000A010A0131013E01480150017B007B0075
:10F480007B007B007B007B007B007B00F000F000BA
:10F49000F000F0003101310131013E013E01570120
:10F4A0005F0166016C01F000F000F000F000F00078
:10F4B000F000F000F000310131013101310157015C
:10F4C000570157015F015F01720178017E018301DD
:10F4D000000000000000000000000000000000002C
:10F4E00008000800080008001000100010001500B7
:10F4F000150018001D00220024000200140037002F
:10F500006C00B2000A017401EE017B021803C6030D
:10F51000850455053606270729083A095B0A8C0B2E
:10F52000CC0C1B0E790FE5105F12E6137B151C1730
:10F53000CA18841A491C191EF31FD721C423B925E0
:10F54000B727BC29C72BD82DEF2F0A3229344B36C9
:10F550006F38953ABB3CE23E08412D4350456F471A
:10F560008B49A34BB54DC24FC851C753BE55AD577C
:10F5700093596F5B425D0A5FC66078621D64B76530
:10F580004367C368366A9C6BF56C406E7D6FAD70E7
:10F59000CF71E372EA73E474D075B07682774878FD
:10F5A0000179AF79517AE77A727BF37B697CD67CFB
:10F5B000397D947DE57D2F7E727EAD7EE17E107F6C
:10F5C000387F5C7F7A7F957FAB7FBD7FCD7FD97F92
:10F5D000E47FEC7FF27FF67FFA7FFC7FFE7FFF7F88
:10F5E000FF7FFF7FFF7FFF7FFF7F000001000200A2
:10F5F0000300040005000600070008000A000C00D4
:10F600000E001000140018001C002200280030001A
:10F610003C004E006400C3750A575C2F9A190073B2
:10F620000066005300400000272A0000272A00003F
:10F6300003280000292A0000292A000003280000CE
:10F64000242A0000242A0000032800000A180000D1
:10F65000002800000429000002290000192A0000E7
:10F66000192A0000032800000F18000000280400D9
:10F67000AD270100060100002A2B00002A2B000004
:10F6800003280000292B0000292B0000032800007C
:10F6900002290000052A0000052A000003280000B6
:10F6A0000118000000280000042A0000042A0000BD
:10F6B00003280000012A0000012A0000032800009E
:10F6C000002A0000002A00000328000000180000A3
:10F6D000002850434D2072696E672066756C6C2C53
:10F6E0002064726F7070696E67206F6E65206D693F
:10F6F00063726F70686F6E6520626C6F636B00463B
:10F7000061696C656420746F207175657565205042
:10F71000434D20646174613A20256400545820727E
:10F72000696E672066756C6C2C2064726F707069EE
:10F730006E67206F6E6520617564696F2066726107
:10F740006D65004661696C656420746F2071756534
:10F75000756520617564696F207061636B65743ACB
:10F7600020256400453120706F77657220696E69CD
:10F770007469616C697A6174696F6E206661696C25
:10F7800065643A202564005265636F7264696E6730
:10F7900020696E64696361746F7220756E61766151
:10F7A000696C61626C653A202564005265636F7212
:10F7B00064696E6720696E64696361746F72207337
:10F7C000656C662D74657374206661696C65643A56
:10F7D000202564004661696C656420746F20696E41
:10F7E000697469616C697A6520636F6465633A2046
:10F7F0002564004661696C656420746F20696E69D8
:10F800007469616C697A65206D6963726F70686F85
:10F810006E653A202564004661696C656420746FEA
:10F82000207374617274207472616E73706F72747D
:10F830003A202564005761746368646F6720756EB1
:10F84000617661696C61626C653B2068616E6720FE
:10F850007265636F766572792064697361626C6545
:10F86000643A20256400416E746963697079206C84
:10F870006976652D73747265616D206669726D7746
:10F8800061726520696E697469616C697A6564008A
:10F89000426C7565746F6F746820646973636F6E12
:10F8A0006E65637465643A20257500426174746501
:10F8B0007279206E6F74696669636174696F6E2016
:10F8C0006661696C65643A20256400426174746500
:10F8D0007279206D6561737572656D656E742066F1
:10F8E00061696C65643A20256400426174746572D4
:10F8F00079206661756C7420646973636F6E6E65E0
:10F900006374206661696C65643A20256400436F06
:10F910006E6E65637461626C652061647665727495
:10F920006973696E6720726573746F7265640041F4
:10F9300064766572746973696E6720726573746149
:10F94000727420617474656D707420256420666122
:10F95000696C65643A202564004164766572746957
:10F9600073696E672072657374617274206578685C
:10F970006175737465642061667465722025642006
:10F98000617474656D7074733A2025640041756408
:10F99000696F20636170747572652073746F702075
:10F9A00072657175657374656400556E73757070FA
:10F9B0006F7274656420617564696F2043434320EE
:10F9C00076616C75653A20257500436F6E6E6563D0
:10F9D00074696F6E20646961676E6F7374696373B5
:10F9E00020756E617661696C61626C653A20256490
:10F9F00000426C7565746F6F746820636F6E6E651E
:10FA0000637465643B206361707475726520726510
:10FA10006D61696E73206F666620756E74696C2007
:10FA20004343432073756273637269626500426C7D
:10FA30007565746F6F746820636F6E6E656374694B
:10FA40006F6E206661696C65643A202575004175AA
:10FA500064696F20706970656C696E652066617598
:10FA60006C7465643A20256400417564696F207088
:10FA70006970656C696E652073746F70206661696A
:10FA80006C65643A20256400456E63727970746514
:10FA90006420617564696F2063617074757265209C
:10FAA0007374617274656400537570657273656414
:10FAB000656420617564696F20737461727420637A
:10FAC0006F756C64206E6F742073746F703A2025AC
:10FAD0006400417564696F20717565756520726594
:10FAE0007475726E65642061207061727469616CF6
:10FAF000207265636F72643A2025750041756469F0
:10FB00006F20717565756520636F6E7461696E65D0
:10FB10006420696E76616C6964206672616D65202F
:10FB200073697A653A20257500417564696F2066AE
:10FB300072616D652064726F707065642C206C69F1
:10FB40006E6B20627573793A202564004175646993
:10FB50006F20736572766963652072656769737477
:10FB6000726174696F6E206661696C65643A202504
:10FB70006400426C7565746F6F746820696E697497
:10FB800069616C697A6174696F6E206661696C6520
:10FB9000643A20256400426F6E642F736574746943
:10FBA0006E6773206C6F6164206661696C65643A8E
:10FBB00020256400426174746572792073657276E1
:10FBC00069636520696E697469616C697A617469D9
:10FBD0006F6E206661696C65643A20256400496E29
:10FBE000697469616C206164766572746973696EA9
:10FBF00067206661696C65643B207265636F76653A
:10FC00007279207363686564756C65643A20256455
:10FC1000004164766572746973696E67206C6976F9
:10FC20006520617564696F202B2042617474657270
:10FC300079205365727669636500416E7469636902
:10FC40007079007472616E73706F7274004D6963C5
:10FC5000726F70686F6E6520706F776572206F6667
:10FC600066206661696C65643A202564004E414EE9
:10FC700044206964656E74696669636174696F6E56
:10FC800020756E617661696C61626C653A202564ED
:10FC9000004E414E44204944202530327820253002
:10FCA00032783B206E6F20646174612077726974D2
:10FCB00074656E0045315031204255434B32206D02
:10FCC00061696E3B204255434B312F5450313220F5
:10FCD0006F666620616674657220696E69743B2088
:10FCE0006368617267696E672064697361626C65DD
:10FCF000640065315F626F617264005761746368AC
:10FD0000646F672061726D65643A202575206D739C
:10FD10002074696D656F75742C202575206D7320B6
:10FD20006665656420696E74657276616C007761E2
:10FD3000746368646F670050444D204952512065D8
:10FD400072726F723A2025640050444D20627566CD
:10FD5000666572207175657565206661696C65649C
:10FD60003A2025640050444D20696E697469616CC5
:10FD7000697A6174696F6E206661696C65643A20A6
:10FD800025640050444D207374617274206661696B
:10FD90006C65643A2025640050444D2072656D61A5
:10FDA000696E7320696E207468652073746F70705B
:10FDB000696E672073746174653A2025640050444D
:10FDC0004D2073746F70206661696C65643A2025FC
:10FDD000640054696D6564206F757420776169747F
:10FDE000696E6720666F722050444D207175696599
:10FDF0007363656E63653A202564006D6963004333
:10FE00006F6465632050434D207175657565206989
:10FE1000732066756C6C00436F6465632050434DBE
:10FE200020717565756520777269746520776173D7
:10FE300020756E65787065637465646C7920706197
:10FE4000727469616C004F70757320656E636F64C6
:10FE50006572207265736574206661696C65643AC9
:10FE600020256400436F6465632050434D20717505
:10FE70006575652072657475726E656420612073A6
:10FE8000686F7274206672616D653A202575004F47
:10FE900070757320656E636F64696E672066616953
:10FEA0006C65643A202564004F70757320656E633D
:10FEB0006F646572206E65656473202564206279C5
:10FEC0007465733B20636170616369747920697341
:10FED00020257500417373657274696F6E206661C9
:10FEE000696C65642061742025733A256400434D74
:10FEF000414B455F534F555243455F4449522F7321
:10FF000072632F636F6465632E6300636F64656360
:10FF100000626174746572790000030C0F30333C29
:10FF20003FC0C3CCCFF0F3FCFF000101010203038B
:10FF300003020303030203030300FF00FF00FF00AB
:10FF4000FF00FF00FE010001FF00FE00FD020001B6
:10FF5000FF00FE00FD030001FFFFFF9C6E56463BC5
:10FF6000332D2825211F1C1A1917161514131211C9
:10FF700010100F0F0E0D0D0C0C0C0C0B0B0B0A0AB6
:10FF80000A090909090909080808080807070707ED
:10FF900007070606060606060606060606060606FF
:10FFA0000606050505050505050505050505040401
:10FFB0000404040404040404040404040404040401
:10FFC00004040404040404030303030303030303FA
:10FFD00003030303030303030202010019170200D2
:10FFE0007E7C776D57291309040200E0E0E0E0E031
:10FFF000E0E0E0A0A0A0A0B9B9B9B2B2A8863D25C2
:020000024000BC
:10000000E0E0E0E0E0E0E0E0F0F0F0F0CFCFCFC6FD
:10001000C6B7904228A0A0A0A0A0A0A0A0B9B9B93E
:10002000B9C1C1C1B7B7AC8A4026F0F0F0F0F0F02A
:10003000F0F0CFCFCFCFCCCCCCC1C1B48F4228B958
:10004000B9B9B9B9B9B9B9C1C1C1C1C1C1C1B7B7EC
:10005000AC8A4127CFCFCFCFCFCFCFCFCCCCCCCC5A
:10006000C9C9C9BCBCB08D4228C1C1C1C1C1C1C1CF
:10007000C1C1C1C1C1C2C2C2B8B8AD8B4127CCCCCD
:10008000CCCCCCCCCCCCC9C9C9C9C6C6C6BBBBAF0D
:100090008C422828070707070707070707070707EE
:1000A00007070707070707070707070707070707E0
:1000B000070707070707070707070707280F171C82
:1000C0001F22242627292A2B2C2D2E2F2F31323385
:1000D0003435363737393A3B3C3D3E3F3F4142436A
:1000E0004445464747281421293035393D4042458B
:1000F00047494B4C4E50525557595B5C5E606265A8
:1001000067696B6C6E70727577797B7C7E8028175F
:1001100027333C43494F53575B5E616466696B6F9D
:100120007376797C7E8183878B8E919496999B9F41
:10013000A3A6A9ACAEB1B3231C31414E59636B7277
:10014000787E84888D9195999FA5ABB0B4B9BDC0D8
:10015000C7CDD3D8DCE1E5E8EFF5FB15213A4F61D7
:10016000707D89949DA6AEB6BDC3C9CFD9E3EBF32C
:10017000FB11233F566A7B8B98A5B1BBC5CED6DE5B
:10018000E6EDFA191F374B5B6975808A929AA1A830
:10019000AEB4B9BEC8D0D7DEE5EBF0F5FF10244110
:1001A000596E80909FADB9C4CFD9E2EAF2FA0B291B
:1001B0004A678097ACBFD1E1F1FF092B4F6E8AA34C
:1001C000BACFE3F60C2747637B90A4B6C6D6E4F11A
:1001D000FD092C51718EA8C0D6EBFF07315A7FA0C4
:1001E000BFDCF706335F86AACBEA072F577B9BB8A5
:1001F000D4ED06346189AED0F005396A97C0E705C1
:100200003B6F9ECAF305376793BBE0053C71A1CEF7
:10021000F804417AAFE004437FB6EA000000000032
:1002200000000000000000000000000000000000CE
:100230005A504B453F383128221D14120A00000045
:1002400000000000006E645A544E47413A332D2797
:10025000201A140C000000000000766E675D5650F6
:100260004B46413B352F281F170F04000000007E2E
:100270007770685F59534E48423C362F272019113A
:100280000C010000867F787267615B554E48423CE6
:10029000362F29231D17100A019089827C716B6506
:1002A0005F58524C464039332D27211A0F0198913F
:1002B0008A847B756F69625C56504A433D37312BA7
:1002C000241401A29B948E857F79736C66605A54C6
:1002D0004D47413B352E1E01ACA59E988F89837DED
:1002E00076706A645E57514B453F382D14C8C8C8B4
:1002F000C8C8C8C8C8C6C1BCB7B2ADA8A39E9994A7
:1003000081680D111113020100487F418142804133
:100310008040803E80408040805C4E5C4F5C4E5A06
:100320004F742973287228841A841A9111A10CB071
:100330000AB10B18B3308A3687368435863885374C
:100340008437843D7246604A584B58574A59425B3D
:1003500043643B6C3278287A25612B4E32534E54DD
:1003600051584B564A57475A495D4A5D4A6D287263
:1003700024752275228F1191129213A20CA50AB234
:1003800007BD06BE08B10917B236733F6642624523
:10039000634A59475B495B4E5956505C425D406623
:1003A0003B673C683C75347B2C8A23851F61264D56
:1003B0002D3D5A5D3C692A6B296E2D74267126707D
:1003C000267C1A841B88138C149B0E9F109E12AAE5
:1003D0000DB10ABB08C006AF099F0A15B23B6E47B4
:1003E000564B5554535B42584957485C4B624869D9
:1003F0003A6B367334723770388133842896218C87
:100400001D62234D2A2A7960426C2B6F28752C7B44
:1004100020782477217F2186228B15931798149EAC
:10042000199A1AA615AD10B80DB80A960D8B0F16AD
:10043000B23F724A5254535C52673E604860436513
:10044000496B48713776347D347634753787318916
:10045000279D20911D61214D2867645C55514D48B1
:10046000464E4B49474E4A4548464A4C473C3C3C21
:100470003C3C00080D10131517181A1B1C1D1E1FDD
:100480002020212222232424252500070E091C1BBD
:100490001215383F363124232A2D28756E7369676B
:1004A0006E6564292063686172202A207573656413
:1004B00020666F722025257020617267756D656EEC
:1004C000742E2049742773207265636F6D6D656E9D
:1004D00064656420746F2063617374206974207490
:1004E0006F20766F6964202A206265636175736589
:1004F000206974206D6179206361757365206D6971
:10050000736265686176696F7220696E20636572D7
:100510007461696E20636F6E666967757261746974
:100520006F6E732E20537472696E673A22257322A0
:1005300020617267756D656E743A25640063627040
:1005400072696E74665F7061636B616765004E56B9
:1005500053206E6F7420696E697469616C697A6585
:100560006400436F756C64206E6F74206F627461F9
:10057000696E20666C61736820706172616D65746C
:1005800065727300556E737570706F727465642058
:10059000777269746520626C6F636B2073697A652A
:1005A00000556E61626C6520746F20676574207001
:1005B00061676520696E666F00496E76616C69647B
:1005C00020736563746F722073697A6500436F6E80
:1005D00066696775726174696F6E206572726F7299
:1005E000202D20736563746F7220636F756E7400C5
:1005F000256420536563746F7273206F66202564D1
:1006000020627974657300616C6C6F63207772612E
:100610003A2025642C20257800646174612077726B
:10062000613A2025642C202578004E6F2047432016
:10063000446F6E65206D61726B657220666F756EBA
:10064000643A2072657374617274696E67206763BF
:1006500000474320446F6E65206D61726B657220A8
:10066000666F756E640066735F6E7673006C6F679D
:1006700067696E67006C6F67006C6F675F6D676DB1
:1006800074004D65737361676520282225732229E4
:100690002064726F70706564206265636175736554
:1006A00020697420657863656564732073697A6571
:1006B000206C696D69746174696F6E2028257529D5
:1006C000000D0A001B5B306D00257320005B253098
:1006D000386C755D20005B253032753A25303275F7
:1006E0003A253032752E253033752C253033755D23
:1006F000200025732F003C25733E200025733A20EF
:1007000000253032782000202020007C0025630066
:10071000206D657373616765732064726F707065B7
:1007200064202D2D2D0D0A1B5B306D001B5B313BB2
:1007300033316D2D2D2D20001B5B313B33316D008E
:100740001B5B313B33336D006572720077726E0054
:10075000696E6600646267006C6F675F6261636BFD
:10076000656E645F72747400416E74696369707958
:100770002050656E64616E7400416E7469636970C7
:1007800079204C61627300416E74696369707920ED
:1007900045315031204255434B322D6D61696E0019
:1007A00062745F64697300656E61626C65640042C7
:1007B0004153204E6F74696669636174696F6E732B
:1007C00020257300626173007365742D76616C750A
:1007D00065206661696C7572652E206B65793A20BB
:1007E0002573206572726F7228256429002A2A2ACF
:1007F00020426F6F74696E67206E524620436F6EA1
:100800006E6563742053444B2076322E372E302D84
:10081000356362383535373063613433202A2A2A0C
:100820000A002A2A2A205573696E67205A65706863
:100830007972204F532076332E362E39392D3130B0
:1008400030626566633730633734202A2A2A0A000B
:10085000637C777BF26B6FC53001672BFED7AB767D
:10086000CA82C97DFA5947F0ADD4A2AF9CA472C028
:10087000B7FD9326363FF7CC34A5E5F171D8311595
:1008800004C723C31896059A071280E2EB27B275B6
:1008900009832C1A1B6E5AA0523BD6B329E32F842E
:1008A00053D100ED20FCB15B6ACBBE394A4C58CF26
:1008B000D0EFAAFB434D338545F9027F503C9FA8FA
:1008C00051A3408F929D38F5BCB6DA2110FFF3D2C8
:1008D000CD0C13EC5F974417C4A77E3D645D19737C
:1008E00060814FDC222A908846EEB814DE5E0BDB76
:1008F000E0323A0A4906245CC2D3AC629195E479AD
:10090000E7C8376D8DD54EA96C56F4EA657AAE0806
:10091000BA78252E1CA6B4C6E8DD741F4BBD8B8AA1
:10092000703EB5664803F60E613557B986C11D9E07
:10093000E1F8981169D98E949B1E87E9CE5528DF7E
:100940008CA1890DBFE6426841992D0FB054BB16AA
:100950006D757465785F696E69742063616C6C6530
:10096000642077697468204E554C4C207061726128
:100970006D6574657200436F756C64206E6F7420D2
:10098000616C6C6F63617465206D7574657820624D
:1009900065666F726520696E697469616C697A69F0
:1009A0006E670072302F61313A2020307825303860
:1009B00078202072312F61323A202030782530386B
:1009C00078202072322F61333A2020307825303859
:1009D000780072332F61343A20203078253038780F
:1009E000207231322F69703A2020307825303878E3
:1009F000207231342F6C723A2020307825303878CC
:100A00000020787073723A202030782530387800D2
:100A10004661756C74696E6720696E737472756374
:100A200074696F6E2061646472657373202872311B
:100A3000352F7063293A2030782530387800556E8C
:100A400068616E646C6564204952516E3A20256479
:100A5000002A2A2A2A2A20425553204641554C541E
:100A6000202A2A2A2A2A002020537461636B696E87
:100A700067206572726F72002020556E7374616317
:100A80006B696E67206572726F720020205072650C
:100A90006369736520646174612062757320657297
:100AA000726F720020204246415220416464726598
:100AB00073733A2030782578002020496D70726574
:100AC0006369736520646174612062757320657267
:100AD000726F72002020496E737472756374696F4F
:100AE0006E20627573206572726F72002020466CF2
:100AF0006F6174696E672D706F696E74206C617AB6
:100B000079207374617465207072657365727661A3
:100B100074696F6E206572726F72002A2A2A2A2AFF
:100B2000205553414745204641554C54202A2A2AF6
:100B30002A2A0020204469766973696F6E206279E1
:100B4000207A65726F002020556E616C69676E6552
:100B500064206D656D6F72792061636365737300E6
:100B600020204E6F20636F70726F636573736F72B6
:100B700020696E737472756374696F6E73002020E0
:100B8000496C6C6567616C206C6F6164206F6620D6
:100B90004558435F52455455524E20696E746F203C
:100BA0005043002020496C6C6567616C207573654B
:100BB000206F662074686520455053520020204104
:100BC0007474656D707420746F20657865637574D6
:100BD0006520756E646566696E656420696E737400
:100BE00072756374696F6E002A2A2A2A2A204D5072
:100BF00055204641554C54202A2A2A2A2A002020D2
:100C0000537461636B696E67206572726F7220281E
:100C1000636F6E746578742061726561206D6967B9
:100C20006874206265206E6F742076616C69642937
:100C30000020204461746120416363657373205612
:100C4000696F6C6174696F6E0020204D4D46415292
:100C500020416464726573733A20307825780020EF
:100C600020496E737472756374696F6E204163639B
:100C70006573732056696F6C6174696F6E0052659D
:100C800073657276656420457863657074696F6E0C
:100C900020280053707572696F757320696E7465D2
:100CA0007272757074202849525120005350534578
:100CB0004C20696E20746872656164206D6F646594
:100CC00020646F6573206E6F7420696E6469636160
:100CD000746520505350002A2A2A2A2A204841525B
:100CE00044204641554C54202A2A2A2A2A002020F2
:100CF000427573206661756C74206F6E2076656333
:100D0000746F72207461626C65207265616400208A
:100D1000204465627567206576656E740020204604
:100D200061756C7420657363616C6174696F6E20AA
:100D3000287365652062656C6F77290041524348CE
:100D40005F45584345505420776974682072656147
:100D5000736F6E2025780A002A2A2A2A2A204465E1
:100D6000627567206D6F6E69746F72206578636558
:100D70007074696F6E202A2A2A2A2A002A2A2A2AAF
:100D80002A20257320256429202A2A2A2A2A006D50
:100D90007075004661696C656420746F20616C6CCD
:100DA0006F63617465206E6577204D5055207265C4
:100DB00067696F6E2025750A0050617274697469E5
:100DC0006F6E2025753A2073616E697479206368AF
:100DD00065636B206661696C65642E00464C415307
:100DE000485F30005352414D5F3000736F63000025
:100DF000FFFFFFFFFFFF00000000000000FFFFFFFC
:100E0000FFFFFF0000000000007075626C69630066
:100E100072616E646F6D007075626C69632D6964D8
:100E20000072616E646F6D2D696400253032583A2E
:100E3000253032583A253032583A253032583A2542
:100E40003032583A25303258202825732900303165
:100E5000323334353637383961626364656600622F
:100E6000745F72706100496E737566666963696567
:100E70006E74206E756D626572206F662061726798
:100E8000756D656E74730049676E6F72696E672069
:100E90006964656E7469746965732073746F7265D3
:100EA0006420696E20666C61736800496E76616CBF
:100EB0006964206C656E67746820494420616464CD
:100EC0007265737320696E2073746F726167650059
:100ED00062742F25732F25303278253032782530F3
:100EE00032782530327825303278253032782575C1
:100EF0002F25730062742F25732F2530327825300B
:100F000032782530327825303278253032782530E5
:100F1000327825750073657474696E67735F7375D5
:100F2000627379735F696E6974206661696C656468
:100F30002028657272202564290062742F257300B1
:100F40004661696C656420746F2073617665204921
:100F50004420286572722025642900556E61626CF8
:100F60006520746F20736574757020616E206964EC
:100F7000656E74697479206164647265737300626C
:100F8000740062745F73657474696E6773004254B1
:100F9000204C572057510002FB349B5F800000809B
:100FA000001000000000000062745F646174610062
:100FB0004461746120627566666572206F76657241
:100FC000666C6F7720286C696E6B20747970652071
:100FD0003078253032782900546F6F20736D616C42
:100FE0006C202825752062797465732920657665E3
:100FF0006E742030782530327800556E61626C65F1
:1010000020746F206C6F6F6B20757020636F6E6E35
:1010100020776974682068616E646C6520257500AE
:101020004861726477617265206572726F722C20FC
:10103000686172647761726520636F64653A202528
:101040006400436F756C64206E6F74207375626DFD
:1010500069742072785F776F726B3A20256400554F
:101060006E61626C6520746F206C6F6F6B757020A1
:10107000636F6E6E20666F722068616E646C6520AF
:101080002575006D61785F74785F6F637465747344
:101090002065786365656473207468652076616C8B
:1010A00069642072616E6765202575006D61785FE7
:1010B00072785F6F637465747320657863656564C7
:1010C00073207468652076616C69642072616E6754
:1010D00065202575006D61785F74785F74696D6552
:1010E0002065786365656473207468652076616C3B
:1010F00069642072616E6765202575006D61785F97
:1011000072785F74696D65206578636565647320C6
:101110007468652076616C69642072616E67652011
:10112000257500556E61626C6520746F20616C6C72
:101130006F636174652062756666657200556E68DE
:10114000616E646C65642076656E646F722D737079
:10115000656369666963206576656E743A202573F8
:1011600000556E68616E646C6564206576656E74AA
:1011700020307825303278206C656E2025753A2035
:10118000257300496E76616C6964204843492041AB
:10119000434C207061636B65742073697A65202805
:1011A0002575290041434C2064617461206C656E93
:1011B000677468206D69736D617463682028257594
:1011C00020213D2025752900556E61626C652074D3
:1011D0006F2066696E6420636F6E6E20666F72208A
:1011E00068616E646C6520257500496E76616C6976
:1011F0006420484349206576656E742073697A657A
:10120000202825752900574553545F544F504449B1
:10121000522F7A65706879722F7375627379732FA4
:10122000626C7565746F6F74682F686F73742F6864
:1012300063695F636F72652E630062745F686369E0
:101240005F6576745F6765745F666C616773286855
:1012500064722D3E657674292026202831554C2055
:101260003C3C202831292900415353455254494FD1
:101270004E204641494C205B25735D20402025735C
:101280003A25640A00556E6B6E6F776E2062756644
:101290002074797065202575004E6F20636F6D6D29
:1012A000616E642073656E7420666F7220636D6476
:1012B00020636F6D706C65746520307825303478EC
:1012C000004F70436F646520307825303478206398
:1012D0006F6D706C6574656420696E7374656164AC
:1012E000206F6620657870656374656420307825AA
:1012F00030347800556E6578706563746564204895
:101300004F53545F4E554D5F434F4D504C455445E0
:10131000445F5041434B45545320287374617475A6
:1013200073203078253032782900657674206E7508
:101330006D5F68616E646C657320283D257529209A
:10134000746F6F206C6172676520282575203E20C0
:10135000257529004E6F20636F6E6E656374696F2B
:101360006E20666F722068616E646C652025750062
:101370007061636B65747320636F756E74206D6943
:10138000736D6174636800657272203D3D203000AA
:1013900009636F6D6D616E64206F70636F646520AB
:1013A0003078253034782074696D656F75742077D6
:1013B000697468206572722025640A006F70636F1B
:1013C00064652030782530347820737461747573C7
:1013D00020307825303278004661696C656420746D
:1013E0006F207265616420444C45206D61782064F3
:1013F000617461206C656E004E6F2070656E64696B
:101400006E67207065726970686572616C20636FC9
:101410006E6E656374696F6E00556E657870656396
:10142000746564207374617475732030782530326C
:1014300078004E6F2070656E64696E6720636F6E12
:101440006E20666F7220706565722025730046619C
:10145000696C656420726561642072656D6F746586
:1014600020666561747572657320282564290046BD
:1014700061696C6564204C4520536574205048595F
:101480002028256429004661696C656420746F20FA
:101490007365742064617461206C656E2028256416
:1014A00029004661696C656420746F20736574203F
:1014B00072657175697265642073656375726974AC
:1014C00079206C6576656C004E6F206368616E678D
:1014D0006520746F20656E6372797074696F6E2019
:1014E00073746174652028656E637279707420303E
:1014F00078253032782900756E6B6E6F776E0055E7
:101500006E61626C6520746F2073656E6420746F09
:1015100020647269766572202865727220256429BC
:10152000004F7574206F6620636F6D6D616E64206F
:101530006275666665727300556E636C656172658F
:10154000642070656E64696E672073656E745F6396
:101550006D6400556E6578706563746564206B5FBB
:10156000706F6C6C206576656E7420737461746541
:10157000202575006576745F666C61677320262090
:101580002831554C203C3C202830292900496E76D2
:10159000616C6964206275662074797065202575B8
:1015A000005B305D004964656E7469747925733A37
:1015B000202573004964656E746974795B25645DE8
:1015C0003A202573004843493A2076657273696F63
:1015D0006E202573202830782530327829207265D6
:1015E000766973696F6E203078253034782C206DE1
:1015F000616E75666163747572657220307825302E
:101600003478004C4D503A2076657273696F6E20C5
:10161000257320283078253032782920737562763A
:10162000657220307825303478004E6F2049442090
:10163000616464726573732E20417070206D7573E0
:10164000742063616C6C2073657474696E67735F7A
:101650006C6F61642829004E6F6E2D4C45206361CC
:101660007061626C6520636F6E74726F6C6C657212
:10167000206465746563746564210041434C2042B5
:10168000522F4544522062756666657273206E6FF4
:101690007420696E697469616C697A656400566565
:1016A0006E646F722048434920657874656E736973
:1016B0006F6E73206E6F7420617661696C61626C0D
:1016C0006500485720506C6174666F726D3A202532
:1016D0007320283078253034782900485720566107
:1016E0007269616E743A2025732028307825303471
:1016F0007829004669726D776172653A20257320FA
:1017000028307825303278292056657273696F6EDB
:101710002025752E2575204275696C64202575007D
:101720004661696C656420746F2072656164207322
:101730007570706F727465642076656E646F722068
:10174000636F6D6D616E6473004661696C656420E2
:10175000746F207265616420737570706F72746548
:10176000642076656E646F7220666561747572655B
:1017700073004E6F20484349206472697665722079
:1017800072656769737465726564004254205458C9
:101790000042542052582057510048434920647257
:1017A00069766572206F70656E206661696C65642C
:1017B00020282564290000090909090102090909ED
:1017C000090909090909090907090909090906098E
:1017D000090909090909090909090909090909057D
:1017E00001020491FBFBF3F4FBFBFBFBEA312E301F
:1017F0006200312E3100312E3200322E3000322E76
:101800003100332E3000342E3000342E3100342E8F
:101810003200352E3000352E3100352E3200352E77
:101820003300352E34005374616E6461726420425B
:101830006C7565746F6F746820636F6E74726F6C13
:101840006C65720056656E646F72207370656369B3
:1018500066696320636F6E74726F6C6C65720046AC
:1018600069726D77617265206C6F61646572005298
:10187000657363756520696D616765007265736581
:1018800072766564006E5246353178006E52463588
:101890003278006E5246353378006E524635344801
:1018A00078006E524635344C7800496E74656C2071
:1018B000436F72706F726174696F6E004E6F726405
:1018C00069632053656D69636F6E647563746F72CD
:1018D000004E58502053656D69636F6E6475637474
:1018E0006F72730062745F6863695F636F72650033
:1018F000636D6420646973616C6C6F776564004626
:1019000061696C656420746F2064697361626C65E1
:101910002061646472657373207265736F6C757493
:10192000696F6E005265736F6C76696E67206C69C3
:1019300073742073697A652065786365656465648E
:101940002E20537769746368696E6720746F20680E
:101950006F73742E004661696C656420746F206338
:101960006C656172207265736F6C7574696F6E203F
:101970006C697374004661696C656420746F2061E2
:1019800064642049524B20746F20636F6E74726FD1
:101990006C6C65720053657420707269766163794E
:1019A000206D6F646520636F6D6D616E6420697377
:1019B000206E6F7420737570706F7274656400466A
:1019C00061696C656420746F20736574207072693E
:1019D00076616379206D6F64650044697361626C40
:1019E000696E672061646472657373207265736FDA
:1019F0006C7574696F6E206661696C65642028651A
:101A0000727220256429004661696C656420746FD8
:101A10002072656D6F76652049524B2066726F6D3E
:101A200020636F6E74726F6C6C6572004F6E6C79B0
:101A30002072616E646F6D207374617469632069D4
:101A400064656E746974792061646472657373206F
:101A5000737570706F7274656400496E76616C693D
:101A60006420696E70757420706172616D65746553
:101A70007273004661696C656420746F20726561E1
:101A800064207075626C696320616464726573734D
:101A90000052656164205374617469632041646419
:101AA00072657373657320636F6D6D616E64206E14
:101AB0006F7420617661696C61626C650046616972
:101AC0006C656420746F2072656164207374617446
:101AD000696320616464726573736573004E6F207F
:101AE0007374617469632061646472657373657390
:101AF0002073746F72656420696E20636F6E7472F8
:101B00006F6C6C65720043616E277420736574207E
:101B1000626F7468204944454E5449545920262028
:101B20004E5250410062745F696400546F6F2062CE
:101B30006967206164766572746973696E67206491
:101B4000617461004661696C656420746F20737410
:101B5000617274206164766572746973657200469F
:101B600061696C656420746F2073746F70206164A8
:101B7000766572746973696E673A20256400436FF5
:101B80006E74726F6C6C65722063616E6E6F742020
:101B9000726573756D6520636F6E6E6563746162E7
:101BA0006C65206164766572746973696E6720285C
:101BB0002564290062745F616476004543432048D0
:101BC000434920636F6D6D616E6473206E6F742086
:101BD000617661696C61626C650043616C6C626125
:101BE000636B20616C7265616479207265676973EB
:101BF00074657265640053656E64696E67204C4558
:101C00002050323536205075626C6963204B6579FF
:101C100020636F6D6D616E64206661696C65640040
:101C20004661696C656420746F2067656E657261DA
:101C300074652044484B65792028657272202564BC
:101C40002900E69D350E480103CCDBFDF4AC119173
:101C5000F4EFB9A5F9E9A7832C5E2CBE97F2D20365
:101C6000B0208BD28915D08E1C742430ED8FC245E4
:101C700063765C15525ABF9A32636DEB2A65499CB4
:101C800080DC62745F65636300556E6578706563C0
:101C9000746564206669727374204C32434150202D
:101CA0006672616D6500556E657870656374656414
:101CB000204C3243415020636F6E74696E756174BD
:101CC000696F6E004E6F7420656E6F756768206275
:101CD000756666657220737061636520666F722039
:101CE0004C32434150206461746100556E657870D8
:101CF00065637465642041434C20666C61677320A2
:101D000028307825303278290041434C206C656EAC
:101D1000206D69736D6174636820282575203E20ED
:101D20002575290062756620676976656E20746F77
:101D300020636F6E6E20686173206F746865722017
:101D400072656673006E6F7420656E6F75676820CC
:101D5000726F6F6D20696E20757365725F64617458
:101D600061202564203C20256420706F6F6C202545
:101D700075006E6F7420636F6E6E656374656421A9
:101D800000446973636F6E6E656374656420776881
:101D9000696C6520616C6C6F636174696E67206348
:101DA0006F6E746578740028756E6B6E6F776E2930
:101DB000006E6F207472616E736974696F6E202596
:101DC0007300496E76616C69642028257529206F3F
:101DD0006C6420737461746500636F6E6E2025708F
:101DE000206661696C656420746F2065737461623C
:101DF0006C6973682E205246206E6F6973653F00D0
:101E00006E6F2076616C69642028257529207374B3
:101E1000617465207761732073657400696E636F08
:101E20006D70617469626C652068616E646C6520B8
:101E3000257500556E61626C6520746F20616C6C55
:101E40006F63617465206275666665722077697478
:101E500068696E2074696D656F757400466F756E84
:101E6000642076616C696420636F6E6E656374696B
:101E70006F6E20282570292077697468206164645A
:101E80007265737320257320696E20257320737427
:101E9000617465200053656E64204C45207061724A
:101EA000616D20757064617465206661696C65643C
:101EB0002028657272202564290053656E642061B4
:101EC00075746F204C4520706172616D207570646F
:101ED000617465206661696C656420286572722092
:101EE00025642900574553545F544F504449522F9D
:101EF0007A65706879722F7375627379732F626C6B
:101F00007565746F6F74682F686F73742F636F6E6D
:101F10006E2E630001010101010203646973636FA6
:101F20006E6E656374656400646973636F6E6E657D
:101F300063742D636F6D706C657465007363616E9F
:101F40002D6265666F72652D696E69746961746969
:101F50006E6700696E6974696174696E672D666980
:101F60006C7465722D6C697374006164762D636F97
:101F70006E6E65637461626C65006164762D646980
:101F8000722D636F6E6E65637461626C6500646967
:101F900073636F6E6E656374696E670062745F630E
:101FA0006F6E6E00556E61626C6520746F20616C9F
:101FB0006C6F636174652062756666657220666F1A
:101FC00072206F7020307825303278004E6F20619B
:101FD0007661696C61626C65204C324341502063CC
:101FE0006F6E7465787420666F7220636F6E6E20FA
:101FF0002570004C32434150206C656E6774682038
:102000006D69736D617463682028257520213D20FA
:1020100025752900496E76616C6964206964656E76
:10202000742076616C756520696E204C3243415096
:102030002050445500546F6F20736D616C6C204CC0
:102040004520636F6E6E20706172616D20727370D7
:102050000052656A656374696E6720756E6B6E6F9A
:10206000776E204C324341502050445520636F64BA
:10207000652030782530327800546F6F20736D61A1
:102080006C6C204C32434150207369676E616C69FF
:102090006E672050445500546F6F20736D616C6CF7
:1020A000204C32434150205044552072656365698D
:1020B0007665640049676E6F72696E67206461744B
:1020C0006120666F7220756E6B6E6F776E2063682D
:1020D000616E6E656C20494420307825303478007C
:1020E000636F6E6669670062745F6C326361700073
:1020F0004E6F20617661696C61626C652041545459
:1021000020636F6E7465787420666F7220636F6EE3
:102110006E202570004E6F20617661696C61626C83
:102120006520415454206368616E6E656C20666F53
:102130007220636F6E6E20257000415454204D5400
:10214000552065786365656465642C206D61782031
:1021500025752C2077616E74656420257A7500558D
:102160006E61626C6520746F2063726561746520B6
:10217000555549443A2073697A6520257500556E96
:1021800061626C6520746F206372656174652055AF
:102190005549443A2073697A6520256400415454B6
:1021A000206368616E6E656C206E6F7420636F6E65
:1021B0006E6563746564004572726F72207369673F
:1021C0006E696E6720646174610052616E206F7584
:1021D00074206F662054582062756666657273209D
:1021E0006F7220636F6E74657874732E00476F741E
:1021F000206572722025642C206E6F742063616CE0
:102200006C696E672041545420636200546F6F20E4
:10221000736D616C6C20415454205044552072659C
:1022200063656976656400556E68616E646C6564AB
:102230002041545420636F64652030782530327813
:1022400000496E76616C6964206C656E202575208E
:10225000666F7220636F64652030782530327800B5
:102260004E6F7420636F6E6E656374656400556EA7
:1022700061626C6520746F2066696E6420415454FD
:10228000206368616E6E656C004E6F20415454206F
:102290006368616E6E656C20666F72204D545520C8
:1022A000257A75004E6F2070656E64696E672041F7
:1022B00054542072657175657374004154542054F0
:1022C000696D656F757420666F72206465766963E9
:1022D000652025730062745F617474004661696CE7
:1022E000656420746F206465636F64652076616C3B
:1022F0007565202865727220257A64290046616917
:102300006C656420746F207361766520446174612C
:1023100062617365204861736820286572722025A8
:102320006429006661696C656420746F2073746F42
:102330007265205343202865727220256429007538
:102340006E61626C6520746F207361766520534303
:102350003A206E6F20636667206C65667400496E74
:1023600076616C6964206B6579006661696C65648F
:1023700020746F2064656C65746520534320286564
:10238000727220256429004661696C656420746F4F
:1023900020636C65617220534320256400466169A7
:1023A0006C656420746F2073746F726520436C6970
:1023B000656E742046656174757265732028657258
:1023C000722025642900556E61626C6520746F204F
:1023D0006465636F6465206164647265737320254E
:1023E0007300496E76616C6964206C6F63616C2068
:1023F0006964656E7469747920256C7500556E6129
:10240000626C6520746F20726573746F72652053FF
:10241000433A206E6F20636667206C656674004ED9
:102420006F20737061636520746F2073746F7265C1
:102430002043434320636667004E6F2073706163DF
:102440006520746F2073746F726520436C69656ECC
:102450007420537570706F72746564204665617482
:102460007572657300556E61626C6520746F2072C1
:102470006573746F72652043463A206E6F20636601
:1024800067206C656674004368616E67652D6177CF
:1024900061726520737461747573206E6F74206649
:1024A0006F756E6420696E2073657474696E6773EE
:1024B0002C2064656661756C74696E672070656553
:1024C000722073746174757320746F206368616E19
:1024D00067652D756E617761726500526561642074
:1024E0006261636B20626164206368616E67652D61
:1024F00061776172652076616C75653A2030782568
:10250000782C2064656661756C74696E67207065EF
:1025100065722073746174757320746F20636861D1
:102520006E67652D756E617761726500556E6162CB
:102530006C6520746F20736574757020414553205D
:10254000434D414300556E61626C6520746F20639A
:10255000616C63756C6174652068617368004361C8
:102560006E27742072656769737465722073657273
:102570007669636520616674657220696E6974208E
:10258000616E64206265666F72652073657474693C
:102590006E677320617265206C6F616465642E00E4
:1025A000556E61626C6520746F2072656769737423
:1025B00065722068616E646C6520307825303478EF
:1025C0000062742F636363004C696E6B2069732033
:1025D0006E6F7420656E6372797074656400446513
:1025E00076696365206973206E6F742073756273FA
:1025F00063726962656420746F20636861726163ED
:102600007465726973746963004E6F2062756666E3
:10261000657220617661696C61626C6520746F20FF
:1026200073656E6420696E6469636174696F6E00BE
:10263000434343202570206E6F7420777269746164
:10264000626C6500534320726573746F7265206914
:102650006E6469636174696F6E206661696C65643C
:10266000004E6F2062756666657220617661696CE6
:1026700061626C6520746F2073656E64206E6F7488
:10268000696669636174696F6E004661696C65644F
:1026900020746F2073657420736563757269747933
:1026A00020666F7220626F6E64656420706565726B
:1026B0002028256429004661696C656420746F20B8
:1026C00073746F72652043434373202865727220D0
:1026D0002564290062742F686173680062742F6337
:1026E000660062742F73630062745F6761747400C4
:1026F000556E61626C6520746F2066696E6420534C
:102700004D50206368616E6E656C005075626C6937
:1027100063206B6579206E6F7420617661696C61EE
:10272000626C65004661696C656420746F20676542
:102730006E65726174652044484B65790043616C35
:1027400063756C61746520636F6E6669726D206677
:1027500061696C656400556E6B6E6F776E20706199
:102760006972696E67206D6574686F6420282575CD
:10277000290043616C63756C617465204C544B2077
:102780006661696C65640043616C63756C61746556
:10279000206C6F63616C2044484B657920636865E9
:1027A000636B206661696C65640043616C63756C82
:1027B0006174652072656D6F74652044484B65795E
:1027C00020636865636B206661696C6564005265AF
:1027D0006D6F7465207075626C6963206B6579201C
:1027E00072656A65637465640052656D6F74652017
:1027F0006973207573696E67204465627567205040
:1028000075626C6963206B6579004E6F206176613B
:10281000696C61626C6520534D5020636F6E746506
:10282000787420666F7220636F6E6E20257000557D
:102830006E61626C6520746F20676574206B6579CA
:102840007320666F722025730054686520696E2DB1
:1028500070726F67726573732070616972696E67F9
:1028600020686173206265656E2064656C657465BF
:10287000642100534D5020646F6573206E6F742087
:10288000616C6C6F7720612070616972696E67207E
:102890006661696C75726520617420746869732063
:1028A000706F696E742E204B6E6F776E2069737334
:1028B00075652E20446973636F6E6E656374696E0F
:1028C0006720696E73746561642E00546F6F2073A6
:1028D0006D616C6C20534D502050445520726563DF
:1028E000656976656400534D5020636F6D6D616E50
:1028F000642028636F646520307825303278292081
:1029000072656365697665642061667465722074BA
:10291000696D656F757400526563656976656420DD
:10292000726573657276656420534D5020636F64E1
:10293000652030782530327800556E68616E646CA1
:10294000656420534D5020636F64652030782530D6
:10295000327800556E657870656374656420534DF8
:102960005020636F64652030782530327800496EDE
:1029700076616C6964206964656E74697479202578
:1029800073005265667573696E67206E6577207097
:10299000616972696E672E20546865206F6C6420CF
:1029A000626F6E64206D75737420626520756E7041
:1029B00061697265642066697273742E0070616962
:1029C00072696E67206661696C6564202870656550
:1029D0007220726561736F6E203078257829004E01
:1029E0006F206B65797320737061636520666F7209
:1029F00020257300534D502054696D656F75740028
:102A000053432050616972204F6E6C79204D6F6482
:102A1000652073656C656374656420627574204C11
:102A200045205343206E6F7420737570706F7274FD
:102A30006564000005061F1F29181203080203051C
:102A4000080A00080103040105040509060701013D
:102A50000606080000010001000301000302020154
:102A600000020000000000020301000362745F73B3
:102A70006D70004661696C656420746F20726561D9
:102A8000642076616C7565202865727220257A64F1
:102A90002900556E61626C6520746F2066696E64F2
:102AA0002064656C65746564206B65797320666F5E
:102AB00072202573004661696C656420746F206123
:102AC0006C6C6F63617465206B65797320666F72DF
:102AD00020257300496E76616C6964206B657920EE
:102AE0006C656E67746820257A6420213D20257A04
:102AF00075004661696C656420746F20736176654A
:102B0000206B657973202865727220256429006224
:102B1000742F6B6579730062745F6B657973006CF9
:102B2000888391AAF5A53860370BDB5A6083BE62B3
:102B3000745F63727970746F006E65745F6275663E
:102B4000006E65745F6275665F73696D706C6500B9
:102B5000636C6F636B40343030303030303000683D
:102B600066636C6B006C66636C6B00636C6F636BAD
:102B70005F636F6E74726F6C0072616E646F6D4034
:102B8000343030306430303000656E74726F70797C
:102B90005F62745F6863690063727970746F403557
:102BA0003030326130303000696E76616C6964209B
:102BB000616464726573733A2030782530386C78BC
:102BC0003A257A7500756E616C69676E656420617F
:102BD0006464726573733A2030782530386C783AC3
:102BE000257A75006E6F7420776F72642D616C6941
:102BF000676E65643A2030782530386C783A257AEB
:102C00007500666C6173682D636F6E74726F6C6CA7
:102C1000657240343030316530303000666C61733D
:102C2000685F6E7266006770696F403530303030B3
:102C3000333030006770696F4035303030303030BD
:102C4000300069326300756E737570706F727465F1
:102C500064207370656564004661696C6564207406
:102C60006F20696E697469616C697A652064657644
:102C70006963653A202573004E65656420746F2092
:102C80007573652074686520696E7465726E616C19
:102C9000206472697665722062756666657220626C
:102CA0007574206974732073697A6520697320696B
:102CB0006E73756666696369656E74202825752074
:102CC0002B202575203E202575292E2041646A750C
:102CD000737420746865207A65706879722C636FEC
:102CE0006E6361742D6275662D73697A65206F72EB
:102CF000207A65706879722C666C6173682D6275D4
:102D0000662D6D61782D73697A652070726F7065BC
:102D10007274792028746865206F6E6520776974F5
:102D20006820677265617465722076616C756529CB
:102D300020696E207468652022257322206E6F64DE
:102D4000652E00547279696E6720746F2074726109
:102D50006E73666572206D6F7265207468616E2097
:102D6000746865206D6178696D756D2073697A6529
:102D700020666F7220746869732064657669636584
:102D80003A202564203E20256400693263403430B7
:102D9000303033303030006932635F6E7266785F96
:102DA0007477696D006C65647300706D696340369B
:102DB00062000A100A200E010E021201120212080D
:102DC000160116022201220222042208221000010A
:102DD0000203040506074255434B32004255434B5C
:102DE0003100726567756C61746F7273006368613E
:102DF00072676572004661696C656420746F20615A
:102E00006C6C6F63617465204750494F5445206373
:102E100068616E6E656C20666F722057414B45008D
:102E20004661696C656420746F20636F6E666967C4
:102E30007572652057414B452070696E00435320E1
:102E40004750494F20706F72742025732070696E4F
:102E5000202564206973206E6F7420726561647927
:102E600000557064617465206578636565647320DE
:102E700063757272656E742062756666657200486D
:102E8000616C662D6475706C6578206E6F7420734C
:102E90007570706F7274656400536C617665206D37
:102EA0006F6465206973206E6F7420737570706F26
:102EB00072746564206F6E202573004C6F6F7062B2
:102EC00061636B206D6F6465206973206E6F742081
:102ED000737570706F7274656400576F72642073DD
:102EE000697A6573206F74686572207468616E20FA
:102EF00038206269747320617265206E6F7420736C
:102F00007570706F72746564004672657175656E78
:102F100063696573206C6F776572207468616E20D9
:102F2000313235206B487A20617265206E6F7420D3
:102F3000737570706F72746564004661696C656466
:102F400020746F20696E697469616C697A65206E9E
:102F5000726678206472697665723A202530387816
:102F60000057616974696E6720666F722057414B24
:102F7000452061636B6E6F776C6564676D656E7419
:102F80002074696D6564206F75740054696D656F98
:102F900075742077616974696E6720666F7220743A
:102FA00072616E7366657220636F6D706C657465B7
:102FB00000737069403430303266303030007370E6
:102FC000695F6E7266785F7370696D0077617463B4
:102FD00068646F67403430303130303030007764AF
:102FE000745F6E72667800416C6C6F6361746564C7
:102FF000206D656D6F727920746F6F206C6F773AFA
:10300000202575203C20257500536F667444657635
:1030100069636520436F6E74726F6C6C65722041DA
:1030200053534552543A2025732C20256400536F86
:10303000667444657669636520436F6E74726F6C65
:103040006C6572206275696C64207265766973695B
:103050006F6E3A2000456E74726F707920736F75D1
:1030600072636520646576696365206E6F74207293
:1030700065616479004661696C656420746F2072D3
:10308000656769737465722072616E6420736F7511
:103090007263652028256429004E6F206576656E71
:1030A000742062756666657220617661696C616222
:1030B0006C65004E6F2064617461206275666665A0
:1030C0007220617661696C61626C6500556E65782D
:1030D000706563746564206D73675F747970653AB9
:1030E0002025752E20546869732069662D656C73E0
:1030F00065206E656564732061206E65772062725D
:10310000616E636800536F66744465766963652019
:10311000436F6E74726F6C6C65720062745F73647F
:10312000635F6863695F6472697665720062745F89
:103130007364635F63727970746F007075626C6939
:1031400063206B6579206973206E6F742076616CE3
:10315000696420286572722025642900556E6B6EA3
:103160006F776E20636F6D6D616E64004254204313
:10317000544C522045434448003F49F6D4A3C55F10
:103180003874C9B3E3D2103F504AFF607BEB40B7BD
:10319000995899B8A6CD3C1ABD62745F7364635F99
:1031A00065636468004D50534C204153534552545D
:1031B0003A2025732C202564004D50534C20576F26
:1031C000726B006D70736C5F696E6974006D707303
:1031D0006C5F74696D65736C6F745F73657373692D
:1031E0006F6E5F6F70656E206661696C65643A2012
:1031F000256400666C6173685F73796E635F6D70E0
:10320000736C0074656D7040343030306330303032
:103210000074656D705F6E7266355F6D70736C0003
:10322000000000000001010000000000002030301C
:103230003030303030303030303030300001546594
:10324000726D696E616C0000000000000054545201
:10325000205245474745530048616C74696E6720AA
:1032600073797374656D00556E6B6E6F776E206544
:1032700072726F72003E3E3E205A455048595220AD
:10328000464154414C204552524F522025643A2029
:103290002573206F6E2043505520256400466175CC
:1032A0006C7420647572696E6720696E74657272E1
:1032B0007570742068616E646C696E670A0043758E
:1032C0007272656E74207468726561643A2025704C
:1032D0002028257329004350552065786365707454
:1032E000696F6E00556E68616E646C656420696E0E
:1032F0007465727275707400537461636B206F76BD
:103300006572666C6F77004B65726E656C206F6FCF
:103310007073004B65726E656C2070616E6963003E
:1033200069646C65006F7300737973776F726B718A
:1033300000D6DAC7AE08DB726F2AA326492A4DA849
:10334000B3980E077F00FFFFFFFF1F0064726167E5
:103350006F6F6E2F6C6962732F7363686564756C31
:10336000696E672F7372632F72656D5F68616C5F42
:103370006576656E745F74696D65722E6300B0EA80
:1033800056C88D83335088D0EB895665696D3CB043
:10339000CEB900286E756C6C29002A666C6F61745A
:0433A0002A000000FF
:1033A400FFFFFFFFFF1F00001F00000000000000E0
:1033B4005D40000000000000FFFFFFFF1F00000051
:1033C4000000000000800040000000000000000039
:1033D4000C0000000000000000FF7F00000000005F
:1033E40000000000000000000000000000000000D9
:1033F40000000000AD410000000000002DF20000BC
:10340400000000000BF2000000000000C5410000B5
:103414000000000055F20000000000000000000061
:103424000000000000000000000000000000000098
:103434000000000000000000000000000000000088
:103444000000000000000000000000000000000078
:103454000000000000000000000000000000000068
:103464000000000000000000000000000000000058
:103474000000000000000000000000000000000048
:103484000000000000000000000000000000000038
:103494000000000000000000000000000000000028
:1034A4000000000000000000000000000000000018
:1034B4000000000000000000000000000000000008
:1034C40000000000000000000000000000000000F8
:1034D40000000000000000000000000000000000E8
:1034E40000000000000000000000000000000000D8
:1034F40000000000000000000000000000000000C8
:1035040000000000000000000000000000000000B7
:1035140000000000000000000000000000000000A7
:103524000000000000000000000000000000000097
:103534000000000000000000000000000000000087
:103544000000000000000000000000000000000077
:103554000000000000000000000000000000000067
:103564000000000000000000000000000000000057
:103574000000000000000000000000000000000047
:103584000000000000000000000000000000000037
:103594000000000000000000000000000000000027
:1035A4000000000000000000000000000000000017
:1035B4000000000000000000000000000000000007
:1035C40000000000000000000000000000000000F7
:1035D40000000000000000000000000000000000E7
:1035E40000000000000000000000000000000000D7
:1035F40000000000000000000000000000000000C7
:1036040000000000000000000000000000000000B6
:1036140000000000000000000000000000000000A6
:1036240084020020610A0100670A0100930A010074
:103634006B0A01009D0A0100710A0100A90A010038
:10364400770A0100790A01007B0A0100890A010056
:103654008D0A01007F0A0100850A0100990A010010
:10366400A30A010000000000000000005D21010029
:103674000000000000010000000000000000000045
:103684000000000000000000000000000000000036
:10369400000000000000000000000000A122010062
:1036A4000000000000010000000000000000000015
:1036B4000000000000000000000000000000000006
:1036C4000000000000000000000000008134010040
:1036D40000000000000100000000000000000000E5
:1036E40000000000000000000000000000000000D6
:1036F40000000000000000000000000000000000C6
:1037040000000000000000000000000000000000B5
:1037140000000000000000000000000000000000A5
:103724000000000000000000000000000000000095
:103734000000000000000000000000000000000085
:103744000000000000000000000000000000000075
:103754000000000000000000000000000000000065
:103764000000000000000000000000000000000055
:103774000000000000000000000000000000000045
:103784000000000000000000000000000000000035
:103794000000000000000000000000000000000025
:1037A4000000000000000000000000000000000015
:1037B4000000000000000000000000000000000005
:1037C400D1F501000000000000000000000000002E
:1037D40000000000000000000000000000000000E5
:1037E40000000000000000000000000000000000D5
:1037F40000000000000000000000000000000000C5
:1038040000000000000000000000000000000000B4
:1038140000000000000000000000000000000000A4
:103824000000000000000000000000000000000094
:103834000000000000000000000000000000000084
:103844000000000000000000000000000000000074
:103854000000000000000000000000000000000064
:103864000000000099910200000000000001000027
:103874000000000000000000000000000000000044
:103884000000000000000000000000000000000034
:1038940085240100FD1F0100000000002502030033
:1038A4000000000000000000000000000000000014
:1038B40000000000000000002405002006000000B5
:1038C40000000000ECD603001D7903000000000096
:1038D4006309002000000100E8D603008D7A03008C
:1038E40000000000A405002000000100520900208F
:1038F4007702030000000000000000000000040044
:10390400E4D603006F790300E5310200AC05002022
:1039140000000C00E0D603008D7A030000000000D4
:103924009C0500200000010041090020550203000D
:103934000000000000000000000004004109002015
:1039440000000200520900200000120000000000E4
:1039540000000000000000005D230100C9200100F8
:1039640035020300FFFFFFFF6F58030004CB030081
:103974002AF603000000020036F6030000000200ED
:1039840042F60300000002000000000000000000F6
:103994000000000045C60100000000000000000017
:1039A4005EF6030000001200E5C9010000000000FB
:1039B400C75B030000000000AB5B0300BC0A0020EF
:1039C4003A000000D00A00203A000000440A002017
:1039D4003A0000000C0B00203A0000000000000038
:1039E400EDDC010000000000000000000000000009
:1039F400000000000000000000040000A4040020F7
:103A040000000000000000000000000000000000B2
:103A140000000000000000000000000000000000A2
:103A240000000000000000000000000065E3010049
:103A34000000000000000000980600209806002006
:103A44000000000000000000011A0200E528020046
:103A5400117503000000000000000000BD200200FA
:103A64002773030053720300F519020000000000DD
:103A74000000000000000000000000000000000042
:103A8400000000008D430200000000000000000060
:103A94000000000000000000DD7D030000000000C5
:103AA40000000000000000007AF60300000002009D
:103AB40086F6030000000A0096F6030000002000CA
:103AC40000000000000000000000000000000000F2
:103AD4004778030000000000AAF60300000002007B
:103AE400B6F6030000000200C2F603000000020064
:103AF400A1530200000000005807002058070020CE
:103B04000100000001000000680700206807002091
:103B14007007002070070020000000000100000072
:103B2400800700208007002000000000242F0120CF
:103B34000000000000000000C8D3030001000000E2
:103B4400A0070020A00700200000000001000000E2
:103B5400B0070020B0070020B8070020B8070020F5
:103B64000000000001000000C8070020C807002072
:103B74000000000000000000000000000000000041
:103B84000000000000000000000000000000000031
:103B940000000000FCA90300000000000000000079
:103BA4003C2F0120342F0120000000000000000001
:103BB4000000000000000000000000000000000001
:103BC40000000000000000000000000000000000F1
:103BD40000000000000000000000000000000000E1
:103BE40000000000000000000000000000000000D1
:103BF40000000000000000000000000000000000C1
:103C040000000000000000000000000000000000B0
:103C1400000000000000000008000000FF00000099
:103C24000000000003000000000000008C080020D9
:103C34008C08002094080020940800200000000054
:103C4400B1D10200E0080020D8080020D0080020EC
:103C540000000000C808002071D30200BDD2020099
:103C6400F1D2020039D30200346400203A00003A51
:103C7400386400203A00003A3C6400203A00003ADC
:103C8400406400203A00003A88690020F4080020CB
:103C9400B4080020AC080020A8080020A4080020D4
:103CA400E9E00200DDE00200D1E0020068106400F7
:103CB40040106300FA0F5B00BE0F4E00320F3F004E
:103CC400F60E3500600E24004C0E2300980D0E00F5
:103CD4005C0D0B004E0C0100000000000F180A18C8
:103CE400060214128A7604D16C4F7E53F2E8020065
:103CF400B1190214128A7604D16C4F7E53F2E80192
:103D040000B1190214128A7604D16C4F7E53F2E882
:063D14000000B11964017A
:103D1A000000000000000000000000000000000099
:103D2A000000000000000000000000000000000089
:023D3A00000087
:103D3C000000000000000000000000000000000077
:103D4C000000000000000000000000000000000067
:103D5C000000000000000000000000000000000057
:103D6C000000000000000000000000000000000047
:043D7C000000000043
:103D8000DC090020DC090020DCB302200000000078
:103D9000010000002C00000000000000F8090020D5
:103DA000F80900208024022000000000010000002B
:103DB0009000000000000000140A0020140A0020F7
:103DC00008B4022000000000030000001C000000F6
:043DD00000000000EF
:103DD4000000000010250220001000000000000078
:043DE40000000000DB
:103DE800440A0020440A00200000000000000000EF
:103DF8000E000000580A0020580A002000000000A9
:103E0800000000000E0000006C0A00206C0A002070
:103E180000000000000000000E000000800A0020E2
:103E2800800A002000000000000000000E000000D2
:103E3800940A0020940A00200000000000000000FE
:103E48000E000000A80A0020A80A002000000000B8
:103E5800000000000E000000BC0A0020BC0A002080
:103E680000000000000000000E000000D00A002042
:103E7800D00A002000000000000000000E00000032
:103E8800E40A0020E40A002000000000000000000E
:103E98000E000000F80A0020F80A002000000000C8
:103EA800000000000E0000000C0B00200C0B00208E
:0C3EB80000000000000000000E000000F0
:103EC400200B0020200B0020000000000100000057
:103ED400300B0020300B0020380B0020380B002062
:103EE4000000000001000000480B0020480B0020E7
:103EF400500B0020500B00200000000001000000C7
:103F0400600B0020600B0020680B0020680B002071
:103F14000000000001000000780B0020780B002056
:103F2400800B0020800B0020000000000100000036
:103F3400900B0020900B0020980B0020980B002081
:103F44000000000001000000A80B0020A80B0020C6
:103F54000000000000000000B80B0020B80B002097
:083F6400C00B0020C00B00207F
:103F6C000000000000000000D00B0020D00B00204F
:103F7C00D80B0020D80B00200A000A000800000013
:103F8C0000000000C0CD030044AC02200000000083
:103F9C0000000000FC0B0020FC0B0020040C002097
:103FAC00040C00200300030008000000AD1F0200F9
:103FBC0068CE03007CB3022000000000000000006B
:103FCC00280C0020280C0020300C0020300C002085
:103FDC000300030001000000000000007CCC030083
:103FEC00E88602200000000000000000540C0020B5
:103FFC00540C00205C0C00205C0C00200200020021
:10400C000800000000000000B0CD0300349802202E
:10401C000000000000000000800C0020800C00203C
:10402C00880C0020880C0020020002000100000017
:10403C00000000007CCD0300F0870220000000008F
:10404C0000000000AC0C0020AC0C0020B40C0020D4
:10405C00B40C00200A000A0001000000000000005F
:10406C006CCC03004485022000000000000000001E
:10407C00D80C0020D80C0020E00C0020E00C002014
:10408C000100010001000000000000008CCC0300C6
:04409C004487022033
:0440A00015E015E032
:040000031000D371A5
:00000001FF
