:020000022000DC
:1070000040470220D52E040039BA0500A92E0400FD
:10701000A92E0400A92E0400A92E040000000000DF
:10702000000000000000000000000000B52A04007D
:10703000A92E040000000000512A0400A92E04001B
:10704000712B04007BF50500712B0400712B0400EB
:10705000712B0400712B0400712B0400712B0400B0
:1070600031F50500712B0400712B040065F5050056
:10707000712B0400712B0400712B0400712B040090
:10708000712B0400712B0400712B0400712B040080
:10709000712B0400712B0400712B0400712B040070
:1070A000712B0400712B0400712B0400712B040060
:1070B000712B0400F1EB0400712B0400712B040010
:1070C000712B0400712B0400712B0400712B040040
:1070D000712B0400712B0400712B0400712B040030
:1070E000712B0400712B0400712B0400712B040020
:1070F000712B0400712B0400712B0400712B040010
:1071000081F0004102E000BF83F0004330B54FEA58
:1071100041044FEA430594EA050F08BF90EA020FC5
:107120001FBF54EA000C55EA020C7FEA645C7FEA58
:10713000655C00F0E2804FEA5454D4EB5555B8BF7B
:107140006D420CDD2C4480EA020281EA030382EAEC
:10715000000083EA010180EA020281EA0303362D7E
:1071600088BF30BD11F0004F4FEA01314FF4801C51
:107170004CEA113102D0404261EB410113F0004F63
:107180004FEA03334CEA133302D0524263EB43031A
:1071900094EA050F00F0A780A4F10104D5F1200EB8
:1071A0000DDB02FA0EFC22FA05F2801841F1000113
:1071B00003FA0EF2801843FA05F359410EE0A5F1E7
:1071C00020050EF1200E012A03FA0EFC28BF4CF018
:1071D000020C43FA05F3C01851EBE37101F00045CE
:1071E00007D54FF0000EDCF1000C7EEB00006EEBDB
:1071F0000101B1F5801F1BD3B1F5001F0CD3490865
:107200005FEA30004FEA3C0C04F101044FEA4452BB
:1072100012F5800F80F09A80BCF1004F08BF5FEA42
:10722000500C50F1000041EB045141EA050130BD22
:107230005FEA4C0C404141EB0101013C28BFB1F534
:10724000801FE9D291F0000F04BF01460020B1FA7F
:1072500081F308BF2033A3F10B03B3F120020CDA52
:107260000C3208DD02F1140CC2F10C0201FA0CF030
:1072700021FA02F10CE002F11402D8BFC2F1200C95
:1072800001FA02F120FA0CFCDCBF41EA0C0190404B
:10729000E41AA2BF01EB0451294330BD6FEA040494
:1072A0001F3C1CDA0C340EDC04F11404C4F120027F
:1072B00020FA04F001FA02F340EA030021FA04F391
:1072C00045EA030130BDC4F10C04C4F1200220FAE8
:1072D00002F001FA04F340EA0300294630BD21FA26
:1072E00004F0294630BD94F0000F83F4801306BFEC
:1072F00081F480110134013D4EE77FEA645C18BFE0
:107300007FEA655C29D094EA050F08BF90EA020F76
:1073100005D054EA000C04BF1946104630BD91EA6E
:10732000030F1EBF0021002030BD5FEA545C05D171
:107330004000494128BF41F0004130BD14F58004B0
:107340003CBF01F5801130BD01F0004545F0FE4124
:1073500041F470014FF0000030BD7FEA645C1ABF59
:10736000194610467FEA655C1CBF0B46024650EA90
:10737000013406BF52EA033591EA030F41F40021BC
:1073800030BD00BF90F0000F04BF0021704730B542
:107390004FF4806404F132044FF000054FF0000117
:1073A00050E700BF90F0000F04BF0021704730B5D8
:1073B0004FF4806404F1320410F0004548BF4042AD
:1073C0004FF000013EE700BF42004FEAE2014FEA02
:1073D00031014FEA02701FBF12F07F4393F07F4FDD
:1073E00081F06051704732F07F4208BF704793F0E0
:1073F0007F4F04BF41F40021704730B54FF46074F3
:1074000001F0004521F000411CE700BF50EA0102F5
:1074100008BF704730B54FF000050AE050EA01029E
:1074200008BF704730B511F0004502D5404261EB0E
:1074300041014FF4806404F132045FEA915C3FF44F
:10744000D8AE4FF003025FEADC0C18BF03325FEAEC
:10745000DC0C18BF033202EBDC02C2F1200300FA9D
:1074600003FC20FA02F001FA03FE40EA0E0021FAC2
:1074700002F11444BDE600BF70B54FF0FF0C4CF4B0
:10748000E06C1CEA11541DBF1CEA135594EA0C0F62
:1074900095EA0C0F00F0DEF82C4481EA030621EA9D
:1074A0004C5123EA4C5350EA013518BF52EA0335D8
:1074B00041F4801143F4801338D0A0FB02CE4FF08A
:1074C0000005E1FB02E506F00042E0FB03E54FF0BA
:1074D0000006E1FB03569CF0000F18BF4EF0010EB2
:1074E000A4F1FF04B6F5007F64F5407404D25FEAAE
:1074F0004E0E6D4146EB060642EAC62141EA555161
:107500004FEAC52040EA5E504FEACE2EB4F1FD0CA2
:1075100088BFBCF5E06F1ED8BEF1004F08BF5FEA20
:10752000500E50F1000041EB045170BD06F00046D2
:1075300046EA010140EA020081EA0301B4EB5C047F
:10754000C2BFD4EB0C0541EA045170BD41F4801177
:107550004FF0000E013C00F3AB8014F1360FDEBF9C
:10756000002001F0004170BDC4F10004203C35DA78
:107570000C341BDC04F11404C4F1200500FA05F3FB
:1075800020FA04F001FA05F240EA020001F000429C
:1075900021F0004110EBD37021FA04F642EB060112
:1075A0005EEA430E08BF20EAD37070BDC4F10C043C
:1075B000C4F1200500FA04F320FA05F001FA04F200
:1075C00040EA020001F0004110EBD37041F10001EC
:1075D0005EEA430E08BF20EAD37070BDC4F12005F7
:1075E00000FA05F24EEA020E20FA04F301FA05F25F
:1075F00043EA020321FA04F001F0004121FA04F207
:1076000020EA020000EBD3705EEA430E08BF20EAD6
:10761000D37070BD94F0000F0FD101F00046400010
:1076200041EB010111F4801F08BF013CF7D041EA92
:10763000060195F0000F18BF704703F00046520096
:1076400043EB030313F4801F08BF013DF7D043EA67
:107650000603704794EA0C0F0CEA135518BF95EA1D
:107660000C0F0CD050EA410618BF52EA4306D1D1A4
:1076700081EA030101F000414FF0000070BD50EAC3
:10768000410606BF1046194652EA430619D094EA4D
:107690000C0F02D150EA013613D195EA0C0F05D137
:1076A00052EA03361CBF104619460AD181EA03018B
:1076B00001F0004141F0FE4141F470014FF0000043
:1076C00070BD41F0FE4141F4780170BD70B54FF0DE
:1076D000FF0C4CF4E06C1CEA11541DBF1CEA13555E
:1076E00094EA0C0F95EA0C0F00F0A7F8A4EB050440
:1076F00081EA030E52EA03354FEA013100F0888037
:107700004FEA03334FF0805545EA131343EA1263FF
:107710004FEA022245EA111545EA10654FEA0026B4
:107720000EF000419D4208BF964244F1FD0404F56D
:10773000407402D25B084FEA3202B61A65EB0305C9
:107740005B084FEA32024FF480104FF4002CB6EB86
:10775000020E75EB030E22BFB61A754640EA0C0006
:107760005B084FEA3202B6EB020E75EB030E22BF46
:10777000B61A754640EA5C005B084FEA3202B6EB87
:10778000020E75EB030E22BFB61A754640EA9C0046
:107790005B084FEA3202B6EB020E75EB030E22BF16
:1077A000B61A754640EADC0055EA060E18D04FEAD4
:1077B000051545EA16754FEA06164FEAC30343EA74
:1077C00052734FEAC2025FEA1C1CC0D111F4801F41
:1077D0000BD141EA00014FF000004FF0004CB6E73A
:1077E00011F4801F04BF01430020B4F1FD0C88BFD9
:1077F000BCF5E06F3FF6AFAEB5EB030C04BFB6EBE4
:10780000020C5FEA500C50F1000041EB045170BDD6
:107810000EF0004E4EEA113114EB5C04C2BFD4EB03
:107820000C0541EA045170BD41F480114FF0000E87
:10783000013C90E645EA060E8DE60CEA135594EA03
:107840000C0F08BF95EA0C0F3FF43BAF94EA0C0F06
:107850000AD150EA01347FF434AF95EA0C0F7FF47B
:1078600025AF104619462CE795EA0C0F06D152EACF
:1078700003353FF4FDAE1046194622E750EA4106B3
:1078800018BF52EA43067FF4C5AE50EA41047FF4C4
:107890000DAF52EA43057FF4EBAE12E74FEA410227
:1078A00012F5001215D211D56FF47873B3EB625252
:1078B00012D94FEAC12343F0004343EA505311F079
:1078C000004F23FA02F018BF404270474FF000000B
:1078D000704750EA013005D111F0004008BF6FF049
:1078E000004070474FF00000704700BF4FEA410270
:1078F000B2F1E04324BFB3F5001CDCF1FE5C0DD90E
:1079000001F0004C4FEAC0024CEA5070B2F1004F57
:1079100040EB830008BF20F00100704711F0804F5A
:1079200021D113F13872BCBF01F00040704741F41F
:1079300080114FEA5252C2F11802C2F1200C10FA23
:107940000CF320FA02F018BF40F001004FEAC12307
:107950004FEAD32303FA0CFC40EA0C0023FA02F3AB
:107960004FEA4303CCE77FEA625307D150EA013381
:107970001EBF4FF0FE4040F44000704701F0004051
:1079800040F0FE4040F40000704700BF80F000402F
:1079900002E000BF81F0004142001FBF5FEA4103E7
:1079A00092EA030F7FEA226C7FEA236C6AD04FEAE7
:1079B0001262D2EB1363C1BFD2184140484041402C
:1079C000B8BF5B42192B88BF704710F0004F40F4DE
:1079D000000020F07F4018BF404211F0004F41F4FA
:1079E000000121F07F4118BF494292EA030F3FD0C6
:1079F000A2F1010241FA03FC10EB0C00C3F12003D9
:107A000001FA03F100F0004302D5494260EB400067
:107A1000B0F5000F13D3B0F1807F06D340084FEAD2
:107A2000310102F10102FE2A51D2B1F1004F40EBC7
:107A3000C25008BF20F0010040EA0300704749002F
:107A400040EB0000013A28BFB0F5000FEDD2B0FACC
:107A500080FCACF1080CB2EB0C0200FA0CF0AABFEF
:107A600000EBC25052421843BCBFD040184370478D
:107A700092F0000F81F4000106BF80F40000013293
:107A8000013BB5E74FEA41037FEA226C18BF7FEA6A
:107A9000236C21D092EA030F04D092F0000F08BFAC
:107AA0000846704790EA010F1CBF0020704712F093
:107AB0007F4F04D1400028BF40F00040704712F1D2
:107AC00000723CBF00F50000704700F0004343F037
:107AD000FE4040F4000070477FEA226216BF08466D
:107AE0007FEA23630146420206BF5FEA412390EA30
:107AF000010F40F4800070474FF0000304E000BF26
:107B000010F0004348BF40425FEA000C08BF7047D6
:107B100043F0964301464FF000001CE050EA01029A
:107B200008BF70474FF000030AE000BF50EA0102AF
:107B300008BF704711F0004302D5404261EB41019C
:107B40005FEA010C02BF84460146002043F0B643C1
:107B500008BFA3F18053A3F50003BCFA8CF2083AE6
:107B6000A3EBC25310DB01FA02FC634400FA02FCEF
:107B7000C2F12002BCF1004F20FA02F243EB0200F6
:107B800008BF20F00100704702F1200201FA02FC58
:107B9000C2F1200250EA4C0021FA02F243EB02004B
:107BA00008BF20EADC7070474FF0FF0C1CEAD0528F
:107BB0001EBF1CEAD15392EA0C0F93EA0C0F6FD050
:107BC0001A4480EA010C400218BF5FEA41211ED02E
:107BD0004FF0006343EA501043EA5111A0FB01311A
:107BE0000CF00040B1F5000F3EBF490041EAD371EF
:107BF0005B0040EA010062F17F02FD2A1DD8B3F16B
:107C0000004F40EBC25008BF20F00100704790F0D9
:107C1000000F0CF0004C08BF49024CEA502040EA2B
:107C200051207F3AC2BFD2F1FF0340EAC2507047F1
:107C300040F400004FF00003013A5DDC12F1190F2F
:107C4000DCBF00F000407047C2F10002410021FAA1
:107C500002F1C2F1200200FA02FC5FEA310040F1B9
:107C6000000053EA4C0308BF20EADC70704792F032
:107C7000000F00F0004C02BF400010F4000F013A6A
:107C8000F9D040EA0C0093F0000F01F0004C02BF65
:107C9000490011F4000F013BF9D041EA0C018FE7D4
:107CA0000CEAD15392EA0C0F18BF93EA0C0F0AD0DA
:107CB00030F0004C18BF31F0004CD8D180EA010000
:107CC00000F00040704790F0000F17BF90F0004F99
:107CD000084691F0000F91F0004F14D092EA0C0F7B
:107CE00001D142020FD193EA0C0F03D14B0218BF0E
:107CF000084608D180EA010000F0004040F0FE4054
:107D000040F40000704740F0FE4040F440007047EF
:107D10004FF0FF0C1CEAD0521EBF1CEAD15392EA6E
:107D20000C0F93EA0C0F69D0A2EB030280EA010C5E
:107D300049024FEA402037D04FF0805343EA1111F7
:107D400043EA10130CF000408B4238BF5B0042F155
:107D50007D024FF4000C8B4224BF5B1A40EA0C00FA
:107D6000B3EB510F24BFA3EB510340EA5C00B3EB2C
:107D7000910F24BFA3EB910340EA9C00B3EBD10F1A
:107D800024BFA3EBD10340EADC001B0118BF5FEA6C
:107D90001C1CE0D1FD2A3FF650AF8B4240EBC25095
:107DA00008BF20F0010070470CF0004C4CEA502056
:107DB0007F32C2BFD2F1FF0340EAC250704740F4A5
:107DC00000004FF00003013A37E792F0000F00F097
:107DD000004C02BF400010F4000F013AF9D040EA15
:107DE0000C0093F0000F01F0004C02BF490011F4A9
:107DF000000F013BF9D041EA0C0195E70CEAD153A1
:107E000092EA0C0F08D142027FF47DAF93EA0C0F87
:107E10007FF470AF084676E793EA0C0F04D14B026B
:107E20003FF44CAF08466EE730F0004C18BF31F01D
:107E3000004CCAD130F000427FF45CAF31F0004317
:107E40007FF43CAF5FE700BF4FF0FF3C06E000BFB0
:107E50004FF0010C02E000BF4FF0010C4DF804CDD3
:107E60004FEA40024FEA41037FEA226C18BF7FEAE3
:107E7000236C11D001B052EA530C18BF90EA010FE5
:107E800058BFB2EB030088BFC81738BF6FEAE17074
:107E900018BF40F0010070477FEA226C02D15FEA10
:107EA000402C05D17FEA236CE4D15FEA412CE1D07C
:107EB0005DF8040B704700BF844608466146FFE743
:107EC0000FB5FFF7C9FF002848BF10F1000F0FBD25
:107ED0004DF808EDFFF7F4FF0CBF012000205DF81E
:107EE00008FB00BF4DF808EDFFF7EAFF34BF0120A3
:107EF00000205DF808FB00BF4DF808EDFFF7E0FF3C
:107F000094BF012000205DF808FB00BF4DF808ED8C
:107F1000FFF7D2FF94BF012000205DF808FB00BFEF
:107F20004DF808EDFFF7C8FF34BF012000205DF8D1
:107F300008FB00BF4FEA4002B2F1FE4F0FD34FF0F3
:107F40009E03B3EB12620DD94FEA002343F00043C6
:107F500010F0004F23FA02F018BF404270474FF074
:107F60000000704712F1610F01D1420205D110F0FB
:107F7000004008BF6FF0004070474FF000007047AE
:107F800042000ED2B2F1FE4F0BD34FF09E03B3EB83
:107F9000126209D44FEA002343F0004323FA02F0AF
:107FA00070474FF00000704712F1610F01D142029B
:107FB00002D14FF0FF3070474FF00000704700BF14
:107FC0007BB972B90029BEBF00204FF0004106E026
:107FD00008BF00281CBF6FF000414FF0FF3000F0D9
:107FE00057B8ADF1080C6DE904CE002909DB002B70
:107FF0001ADB0CF0BAF8DDF804E0DDE9022304B086
:108000007047404261EB4101002B1BDB0CF0ADF8E7
:10801000DDF804E0DDE9022304B0404261EB4101F8
:10802000524263EB43037047524263EB43030CF04D
:108030009CF8DDF804E0DDE9022304B0404261EB86
:1080400041017047524263EB43030CF08EF8DDF8B8
:1080500004E0DDE9022304B0524263EB43037047BE
:1080600053B94AB9002908BF00281CBF4FF0FF319F
:108070004FF0FF3000F00CB8ADF1080C6DE904CE04
:108080000CF073F8DDF804E0DDE9022304B070477A
:10809000704700BF2DE9F00791E8F807B2E8021039
:1080A0005B1854EB0C04B2E802104D4156EB0C0681
:1080B000B2E802104F4158EB0C08B2E8021059EB3D
:1080C00001095AEB0C0A80E8F80780410130BDE84D
:1080D000F00770472DE9F00791E8F807B2E80210C1
:1080E0005B1A74EB0C04B2E802108D4176EB0C06BF
:1080F000B2E802108F4178EB0C08B2E8021079EB7D
:1081000001097AEB0C0A80E8F80780414042BDE89B
:10811000F00770472DE9F007524290E87800B1E887
:1081200080071740DB1918EA020854EB080419EA23
:10813000020955EB09051AEA020A56EB0A0678C04D
:1081400090E87800B1E8800717407B4118EA020800
:1081500054EB080419EA020955EB09051AEA020A68
:1081600056EB0A0678C080410130BDE8F007704741
:108170002DE9F007524290E87800B1E880071740F7
:10818000DB1B18EA020874EB080419EA020975EB14
:1081900009051AEA020A76EB0A0678C090E8780028
:1081A000B1E880071740BB4118EA020874EB0804E5
:1081B00019EA020975EB09051AEA020A76EB0A06C2
:1081C00078C080414042BDE8F00770472DE9F001DA
:1081D00052424FF0040890E8300091E8C000A31B21
:1081E0001340E41AF618EB1B1340ED1AFF1830C0C9
:1081F000C0C1B8F10108EED1BDE8F001704700BF81
:1082000000B592E8DC072DE9DC07B1E8805702B43D
:10821000A7FB02510A95A8FB020BE7FB6310E9FBE1
:1082200062B00B91A8FB0351EAFB6201E7FB64B566
:10823000E7FB6605E8FB6615CDF830B0A9FB03B691
:10824000EAFB6316ECFB6356E8FB640BE9FB641B7B
:10825000EAFB645BECFB646B0D90ACFB0230059CAD
:10826000EEFB6250E9FB6460EAFB64B0E7FB64315B
:10827000E8FB6451069CE8FB6461E9FB64B1EAFB3E
:1082800064010E93A7FB0432079CE7FB6462E8FBE2
:1082900064B2E9FB6402EAFB6412049CE9FB6453E8
:1082A000EAFB6463089CE7FB64B3E8FB6403E9FB57
:1082B0006413EAFB64230F955DF8049B99E80006BC
:1082C000DDF80080A9FB0854EAFB68B4DDF81080F3
:1082D000ECFB6804EEFB6814E9FB6824EAFB6834F5
:1082E000DDF80480EEFB6865E9FB68B5EAFB68052C
:1082F000DDF81480ECFB6815EEFB6825E9FB6835BA
:10830000EAFB68450F96DDF80880AEFB0876E9FBCE
:108310006806EAFB6816DDF81880ECFB6826EEFBC1
:108320006836E9FB6846EAFB6856DDF80C80ECFB32
:1083300068B7EEFB6807E9FB6817EAFB6827DDF81A
:108340001C80ECFB6837EEFB6847E9FB6857EAFBEB
:10835000686708B000BD00BF2DE9F14F87B0FFF797
:108360004FFFDDF81C8008F1200888E8FF00FFBC03
:1083700087E87F08BDE8F08F00B591E89857A3FB28
:1083800003520195A3FB0401E3FB6420E3FB6710A8
:108390000292A3FB0752E3FB6802E4FB6415E3FBD4
:1083A0006805E3FB69250391A4FB07B6E3FB692697
:1083B000E3FB6A56E4FB670BE4FB682BE3FB6A5BB9
:1083C000E3FB6C6B0490A4FB0810E4FB6950E3FB37
:1083D0006C60E3FB6EB0E7FB6721E4FB6951E4FBF3
:1083E0006A61E3FB6EB1E4FB6E010592A7FB083204
:1083F000E4FB6A62E4FB6CB2E4FB6E02E7FB6E1224
:10840000E7FB6853E7FB6963E4FB6CB3E7FB6C03D2
:10841000E7FB6E13E8FB6E230695A7FB0954E7FB09
:108420006AB4E7FB6C04E8FB6C14E8FB6E24E9FB20
:108430006E34E8FB6865E7FB6AB5E8FB6A05E8FBB4
:108440006C15E9FB6C25E9FB6E35EAFB6E4507967A
:10845000A8FB0976E8FB6A06E9FB6A16E9FB6C26CD
:10846000EAFB6C36EAFB6E46ECFB6E56E8FB69B73E
:10847000E9FB6907E9FB6A17EAFB6A27EAFB6C3745
:10848000ECFB6C47ECFB6E57EEFB6E6700BD00BF6C
:108490002DE9F14F87B0FFF76FFFDDF81C8008F181
:1084A000200888E8FF00FFBC87E87F08BDE8F08F60
:1084B00030B44FF0000310F8014B11F8015B013AA2
:1084C00084EA050443EA0403F5D1A3F101034FEA6A
:1084D000D37030BC704700BF4FF0000310F8012B81
:1084E000013943EA0203F9D1A3F101034FEAD37042
:1084F000704700BF30B411F8014B12F8015B6C40BB
:1085000000F8014B013BF6D130BC70472DE9F00774
:1085100091E8F807B2E802105B1854EB0C04B2E8DB
:1085200002104D4156EB0C06B2E802104F4158EBD9
:108530000C08B2E8021059EB01095AEB0C0A894108
:10854000B3F1FF3374F1FF3475F1FF3576F10006B6
:1085500077F1000778F1000879F101097AF1FF3A23
:1085600051F100015B184C414D4156F1000657F1A5
:10857000000758F1000859EBD1795AEB010A80E85D
:10858000F807BDE8F00770472DE9F00791E8F80714
:10859000B2E802105B1A74EB0C04B2E802108D41D1
:1085A00076EB0C06B2E802108F4178EB0C08B2E8CB
:1085B000021079EB01097AEB0C0A89415B184C41F6
:1085C0004D4156F1000657F1000758F1000859EBEC
:1085D000D1795AEB010A80E8F807BDE8F007704747
:1085E00018EB040859EB05095AEB060A5BEB070B7D
:1085F0005FF0000C4CF1000C18EB050859EB060974
:108600005AEB070A5BEB070B50EB0C005FF0000C1A
:1086100051EB0C0152EB0C0263414CF1000CB8EB36
:10862000070879F100097AF1000A7BEB040BA841F5
:10863000B141A241B3416CF1000CBBEB050BB04161
:10864000B941AA41BB416CF1000C4CF001068CF021
:10865000020718EB060859EB6C095AEB6C0A7BEB26
:108660006C0B70EB6C0471EB6C0572EB670653EBF3
:108670006C076CEB6C0C18EB0C0059EB0C015AEB13
:108680000C025BF1000354F1000455F1000556EBB8
:10869000DC7657EB0C0770472DE9F14F87B0FFF7F9
:1086A000AFFDDDF81080DDF81490DDF818A0FFF7BD
:1086B00097FFBDE8000FFFF793FF03B05DF8048B51
:1086C00088E8FF00BDE8F08F2DE9F14F87B0FFF794
:1086D00053FEDDF81080DDF81490DDF818A0FFF7E8
:1086E0007FFFBDE8000FFFF77BFF03B05DF8048B51
:1086F00088E8FF00BDE8F08F0EB51048017A8DF8CC
:108700000110C1798DF800108179ADF8041040791D
:10871000ADF80200684605F06FFF08B1B32108E02C
:1087200007480068029002A80EF00DFF002803D051
:10873000B721032000F0E2F80EBD00007C1C0020F1
:10874000048A020010B528B1142204490FF06FFE0C
:10875000002010BD6FF0150010BD0000248A02003B
:1087600070B56FF02C05D0BB204C607808B1A81113
:1087700070BD09B36FF01500002AF9D01C4B891E9B
:1087800006292DD2DFE801F00306162C191C1078FB
:10879000587019E091780029EAD0D1780029E7D003
:1087A00011781B29E4D351781B29E1D31068C3F851
:1087B000050009E01078987006E01088588103E001
:1087C0001188FF29D4D819730122094900200BF020
:1087D0001CFEB0F5803F05DB6FF00B0070BDFFE7BE
:1087E0002846FBE70121A170F8E7000020000020E7
:1087F0007C1C0020054910B5497811B14FF0FF30BD
:1088000010BD05F01DFF002010BD0000200000205D
:1088100010B5064C607820B106F090F920780BF086
:10882000ABFA00F04FFE0020607010BD2000002069
:1088300070B50C46050002D00CB1600702D06FF095
:10884000150070BD00F004F9A8B128460BF05AFAE3
:108850000A4D00220A49287020460BF0D6FD0FF081
:10886000C1FB0021287806F053F9FFF745FF0120EE
:108870006870002070BD4FF0FF3070BD20000020F8
:108880007C1C002030B589B004000CD00BF0E2F95C
:108890004FF0FF3520B10AF081FBB0F5FA7F05D922
:1088A000284609B030BD6FF01500FAE70F4D1048AB
:1088B0006C6000F081F900206870A87001461E22EB
:1088C00068460FF02EFE1E220A4968460FF0AFFDE3
:1088D0001E22694608480FF0AAFDEFF3108472B615
:1088E00000F0FEFD04B962B60020DAE720000020A7
:1088F000F9860200068A02007C1C00200EB572B6C2
:10890000154A5568DDB1002203466E460A2403E08D
:10891000B0FBF4F0521CD2B20028F9D1B0540AE0F6
:10892000D8B2B0FBF4F7B3FBF4F304FB1700521E0C
:10893000D2B23030B054002AF2D13046A847BFF34B
:108940004F8F06480168064A01F4E0611143016057
:10895000BFF34F8F00BFFDE7200000200CED00E0CB
:108960000400FA05064810B581784078014302D02A
:108970004FF0FF3010BD06F0F1F8002010BD0000F0
:1089800020000020064810B581784078014302D0CD
:108990004FF0FF3010BD05F075FF002010BD000046
:1089A00020000020064810B581784078014302D0AD
:1089B0004FF0FF3010BD0EF068FF002010BD00002A
:1089C00020000020064810B581784078014302D08D
:1089D0004FF0FF3010BD06F0D3F8002010BD0000AE
:1089E00020000020064810B581784078014302D06D
:1089F0004FF0FF3010BD0EF05EFF002010BD0000F4
:108A000020000020010000010100001B1B030200E8
:108A10001F0008000000000000000000000000002F
:108A200000000000C593BAA9144D8D05304E9B92ED
:108A3000D7711EE8AA02503C014A52681047000054
:108A4000981B0020014A926810470000981B0020E4
:108A50000448416819B1806808B1012070470020BE
:108A600070470000981B002002490DC881E80D00E6
:108A700000207047981B00207CB5214E0546001D44
:108A800030601F4801F0AEFE0446022804D0042CDA
:108A900007D0082C2DD030E0194928460BF059FD9D
:108AA0002BE03078072804D105213E200BF027FD6C
:108AB00050B1134928460BF0B1FDB0F5817F0FD3BB
:108AC00072210820FFF71AFFB6F80300ADF8000086
:108AD00001A968460BF062FF0028D2D05321F0E7CD
:108AE0000028CED0A97828780BF009FD0028C8D03E
:108AF00003E0034928460BF05AFD20467CBD0000E8
:108B0000A41B0020402803D2401EC1B2054805E046
:108B1000FF2805D04038C1B2024808300BF0D7BE5C
:108B20000120704728000020401EC1B201480BF010
:108B3000CEBE000038000020024902680A61406889
:108B40004861704728000020054902680A604068B3
:108B500042F48C220A60034A1043486070470000C8
:108B600028000020F8074002024902688A60406835
:108B7000C86070472800002007484FF0FF310022EE
:108B80000160C90C416000F108011F200A604A60C1
:108B90000831C1E9000270472800002010B5FFF736
:108BA000EBFF0EF0E8FD04460248006800B1804784
:108BB000204610BD400000200149086070470000B9
:108BC000400000202DE9F04104464FF08050D0F8DD
:108BD000A0701F4D1E4E103D1022002120460FF0A8
:108BE000A0FC1022002104F110000FF09AFC28686C
:108BF000401C08D16868401C05D1A868401C02D1FF
:108C0000E868401C07D028686A68A968EB6820619A
:108C10006261A161E361002000F0B4FD8743F807C1
:108C200013D13068401C08D17068401C05D1B06871
:108C3000401C02D1F068401C07D032687068B168EF
:108C4000F36822606060A160E3600020BDE8F0810D
:108C50009000001038B54FF0805104462248D1F8FA
:108C6000A010214D0268143D521C04D14268D24329
:108C70001204120C35D0C90733D001684068ADF832
:108C80000000C4F80110BDF80000A4F80500A079A8
:108C900040F0C000A0712868401C0CD06868401CDF
:108CA00009D0A868401C06D0E868401C03D000200A
:108CB00000F068FD40B110220021E01D0FF031FCF2
:108CC00001202070002038BD2A686968A868EB6818
:108CD000C4F80720C4F80B10C4F80F00C4F8133010
:108CE000EEE70020EDE70000A40000100221018063
:108CF000418000210171C52141714BF69321C18052
:108D00000149816000207047A9144D8D2DE9F04183
:108D1000114D012055F82030D3B11E79FF2E13D00C
:108D20000022411E13D400BF55F8214024B12779F9
:108D3000B74201D1A4782244491EF5D5FF2A06D9AD
:108D4000FA211720FFF7DAFD0021197100E01A71EE
:108D5000401EDFD5BDE8F0815000002030B503464D
:108D60004FEA020003EB400464898C4209D09C78EE
:108D7000401CB0FBF4F504FB1500C0B29042F1D1E9
:108D8000FF2030BD1CB504460022104664F3174096
:108D9000CDE900200BE000BFBDF80400214600F043
:108DA00001F920B140F2D7211720FFF7A7FD68464F
:108DB00000F0A8F80028EFD01CBD000070B50546F3
:108DC000194850F8214064B3B5F5706F04D340F2F0
:108DD0007E211720FFF792FD294620460CF07FF8F0
:108DE0000146FF2804D02046BDE870400CF08BB847
:108DF000A078B5FBF0F100FB1150C6B232464FF639
:108E0000F0712046FFF7AAFF0246FF2809D0B242C0
:108E100001D00020E07029462046BDE870400CF0EB
:108E200058B8002070BD000050000020084A10B55E
:108E300052F82140014620460CF051F80146FF2827
:108E400004D02046BDE810400CF05DB8002010BDF5
:108E5000500000202DE9FF410400184E0D460394F8
:108E60002AD03078022802D00020FFF7F3FF03A8B1
:108E700000F0BCF8124F2B78D7E90010BA6863F302
:108E80001F60CDE9001002926946002000F0D2F880
:108E9000D7E903106B787A6963F31F60CDE900109E
:108EA00002926946012000F0C5F800F00BF87068E6
:108EB00004B0001BBDE8F0810020D9E74400002089
:108EC0000491020010B50E4C2078012813D003281D
:108ED00002D04FF4A37105E0D4E90101814204D02E
:108EE00040F249111720FFF709FDFFF70FFF04209B
:108EF0002070002010BD02202070606810BD0000AE
:108F00004400002010B5044680790E4951F8200035
:108F1000A8B14FF6F073E179827891420FD24A1CE2
:108F2000E27100EB410252899A42F4D000EB410217
:108F30005289A2800BF0E7FF2060002010BD0220C4
:108F400010BD0000500000202DE9F04107464FF60B
:108F5000FF703880124850F82140ECB1A578207994
:108F6000B0FBF5F105FB110632464FF6F0712046D5
:108F7000FFF7F4FE0246FF280ED0A81B1044B0FBFA
:108F8000F5F105FB11002179084481B239802046B2
:108F9000BDE8F0410BF09DBF0020BDE8F08100006E
:108FA000500000202DE9F04106460F4850F82150AE
:108FB000314628460BF093FF0446FF2812D0D5F81F
:108FC000060021464FEA304728460BF09CFF014639
:108FD0003046B84705EB44014FF6F0704881002059
:108FE000BDE8F0810320FBE75000002010B51049D8
:108FF0000023B8B10A78022A02D04FF4837106E048
:1090000003220A700268540704D040F20B111720A3
:10901000FFF774FC4C684A6022448A600260CB60AF
:109020000B6110BD012008708B604B6010BD00000B
:10903000440000202DE9F041314D2E78012E04D05E
:10904000032E02D04FF4907137E08A79082A02D9B2
:109050004FF4917131E0CB79002B4ED05F000A378D
:109060006B68022A3B4401D9144601E04FF0020428
:109070002344A3F1010301D9144601E04FF0020497
:10908000A4F1010423EA04038C881444A2F1010230
:10909000A4F1010424EA02044FF6FF72944202D3C1
:1090A00040F22D1109E0032E23D1154EDA1B0C36A8
:1090B00056F8207027B14FF499711720FFF71EFC66
:1090C00046F820201480C87990700120D070087A6A
:1090D000107108684FF6F076000CD0800888108177
:1090E000002003E002EB4007401C7E81CF798742DD
:1090F000F8D8C87900FB04306860BDE8F081000052
:1091000044000020F36B0300E802080000000000A8
:10911000D561030010010800FF0000002DE9FF4F9A
:10912000244C064681B020689A46934650B1017A95
:10913000B14203D9406850F8260038B1032005B089
:10914000BDE8F08FA5211820FFF7D8FB194602983B
:109150000BF0FBFE804658460E990BF0ECFE0546E0
:1091600008EB0500001D87B22068A146394600685B
:109170000BF04AFE04001AD0678025802946201D86
:109180000E9D07465A46092300950BF0B7FD20882F
:10919000414638440A23029ACDF800A00BF0AEFDF8
:1091A000D9F80000406840F826400020C7E70120B9
:1091B000C5E700005800002070B5144C23688BB13F
:1091C000197A814212D95A6852F8201071B10025DB
:1091D00042F820504A8818680BF06EFE2168002083
:1091E0000A7A0BE0C6211820FFF788FB032070BD28
:1091F0004B6853F8203033B9401CC0B28242F7D8D4
:1092000008680BF04EFE002070BD000058000020E2
:109210002DE9F0410D46040090464FF0000606D0BF
:109220000027A00705D086211820FFF767FB01273C
:10923000F7E7CDB1114600200BF017FE0C3000EB24
:1092400085068FB90A4F04F10C00AA003C60257214
:10925000606000EB85002060002160680FF061F91C
:10926000414638680BF001FE3046BDE8F081000051
:109270005800002070B5084D286800280AD0002446
:1092800004E02046FFF798FF641CE4B22868007AE7
:10929000A042F6D870BD000058000020094910B562
:1092A00002460968002049B10B7A934205D9496802
:1092B00051F82210002900D0081D10BDEC21182003
:1092C000FFF71CFB580000200A4910B50246096848
:1092D000002059B10B7A934207D9496851F82210FE
:1092E000002902D031F8040B084410BDFA211820DF
:1092F000FFF704FB5800002070B51E4B456804467C
:109300000022A1B101206070588881085FF0000040
:1093100004EB400304EB80061A83198400FB01531D
:1093200073602318401C1A750428F1D370BD627055
:109330005FF0000004EB40010A830A8404EB800123
:109340004A602118401C0A750428F3D35888B0F5E8
:10935000FF7F01D2460800E0FF260BF06AFE656041
:1093600020842918A1606684E560A0842161E684D8
:1093700070BD00005C0000202DE9F04158B10025CF
:109380001144244ECCB200273470810705D04E2101
:109390000920FFF7B3FA0125F2E71F2B04D84FF697
:1093A000FF7101EA830109E05900FF2B0CD903F199
:1093B000FF02B2EB430F00D2114689B24FF6FC72A6
:1093C000C91C114035B107E07C22B2EB430FF4D346
:1093D0007C21F2E77060718004EB840207EBC2032A
:1093E000002276684FF0010C0DE04DB902EB8207C8
:1093F00000EB030E06F837C006EBC707C7F804E01A
:10940000521C0B44D2B2A242EFD3DB1D23F0070063
:10941000BDE8F0815C00002070B5104A0020516862
:10942000127814E000EB800311F833306BB100EBDD
:10943000800011EBC0040CD00025A570012120464E
:10944000FFF75AFF2570204670BD401CC0B2904205
:10945000E8D3A9210920FFF751FA00005C000020A1
:10946000044810B5408884080BF0E3FD844200D323
:10947000204610BD5C00002030B50D490120486039
:10948000821EC1F808230B4988600023C1F800320E
:10949000C1F80823084C2360251D28608860C1F8A6
:1094A00008232360286006490448086030BD000096
:1094B00000E0004000F0004000F500400000F63FF2
:1094C00008F5014010B5FFF7D7FF0BF089FE0349FF
:1094D0000148086010BD00000000F63F08F501409B
:1094E00010B5FFF7C9FF0BF07BFE00F081F80349D0
:1094F0000148086010BD00000000F63F08F501407B
:109500002DE9F84F824637480EF0F6FEDFF8D4B06A
:1095100028B101260BF10100FF21017000E00026B7
:109520004FF48075304C4FF000082F1D0121616011
:10953000C4F80081C4F80481C4F804A52160DFF8F0
:10954000AC901CE0D9F80000C00618D50E200BF036
:1095500056FEEFF31080009072B603212046C4F847
:10956000041329460BF058FE30B9394620460BF05B
:1095700053FE08B90EF057FF009800B962B62946AD
:1095800020460BF049FE28B9394620460BF044FE30
:109590000028D7D0394620460BF03EFE0028C5D122
:1095A0000025E6B99BF801008DF8000000980090B6
:1095B0009DF8000008B1012500E000250BF1010134
:1095C00081F800800321C4F80813C4F80481C4F8AA
:1095D00000810E200BF013FE02480EF0A4FE284678
:1095E000BDE8F88F5403002000E0004010ED00E0DB
:1095F00010B506480EF093FE18B130211D20FFF77C
:109600007DF902480021417010BD00005403002084
:109610000648074A818C5288914204D190F8220072
:1096200008B1002070470120704700009A1C0020FC
:10963000480300200149488070470000480300208B
:109640000848094A818C5288914209D14FF6FF712E
:10965000818410F8221F19B1002101700120704788
:10966000002070479A1C002048030020074810F88B
:10967000221F012907D001210170054803490088F4
:109680008884012070470020704700009A1C002049
:10969000480300200649074B8A8C5B889A4205D113
:1096A00091F8222012B1016001207047002070471C
:1096B0009A1C00204803002009498A8CA2F57F43A8
:1096C000FF3B02D00021016007E091F8222004490D
:1096D000012A02D00160012070470020704700007D
:1096E0009A1C0020014908807047000048030020B0
:1096F0000549002081F822004FF6FF708884034955
:1097000008804880704700009A1C00204803002011
:1097100005498A8C824205D1002081F822004FF64B
:10972000FF708884704700009A1C00200A4A10B11C
:10973000012807D00EE0507860B1D2F8020008602E
:10974000D08804E0107828B19068086090898880FB
:10975000012070470020704756030020084A01236B
:1097600038B1012804D1137008689060888890810E
:10977000704753700868C2F802008888D08070472C
:1097800056030020064910B1012802D005E04878B0
:1097900000E0087808B10120704700207047000001
:1097A0005603002001490876704700005216002039
:1097B0000148807870470000640000200148C078AC
:1097C000704700006400002070B50C460A49054649
:1097D0000848086000F034F918B1DE212720FFF7AF
:1097E0008DF8064801210CF071F80548C0E90B54CA
:1097F00070BD00000CA20200A8000020301600205E
:109800006400002001490120487170476400002075
:109810002DE9F84F634D0A9C2E78002E78D1002A4E
:1098200076D0002B74D0002C72D0B04605F114060F
:10983000C5E90F0186E81C0085F8058085F80480DD
:1098400085F8028085F8018085F80380A5F80C80F2
:10985000A5F80E8000F06CF9064600F031F90446D8
:1098600005F014FF05F068FC94F96E0005F092FF16
:10987000E06906F077F8606906F06AF896F8330058
:1098800006F0A6F805F13C00406890F80D0208B11A
:1098900005F076FE94F86B10012005F0B1FD00286C
:1098A00079D04148006805F01BFE2088FFF70CFDC9
:1098B00068632088FFF7F2FCA86306F18000883611
:1098C0003A4F96E80E1087E80E108169C7F8191014
:1098D000C069C7F81D00883E00F030F90146208FAE
:1098E000C2460BF0ABFDA18E814200D20846A871A2
:1098F000A94694F86B1004F12C000CF0DFF894F8F2
:109900006B1096F82380A58F082905D103E0FFE7A7
:1099100040F2531143E004210BF090FDB8F1000F29
:1099200001D1001D80B2854200D22846C5B289F817
:10993000075089F8085096F82300D04698B14FF0A8
:10994000010987F81890D6E92001C7E9040194F8C5
:109950006B000BF0D3FC03462A4614494846CDF869
:10996000008005F055FB012000F04EFB1048006818
:10997000032812D00B2810D047F84A8FC7F804806C
:10998000C7F808800948B18A4A304180218801809F
:1099900096F833100171BDE8F88F4FF4027127205B
:1099A000FEF7ACFF64000020A8000020081600208D
:1099B000501500402DE9FC418846074600F0B8F8F4
:1099C0001A4C0546B807616A4E7816D5A06A30B3BE
:1099D0006289D21C0EF02BFDA06A6062694601AA62
:1099E000A06B0BF008F900980BF0BBF8C8F800006A
:1099F00031460122A06B0BF06BF8F8070DD0D5E9CA
:109A000020011835401C41F10001C5E91A0115F883
:109A10001809012808D001202876BDE8FC8140F211
:109A20005F412720FEF76AFF0020F5E76400002071
:109A30000248C089C0F38020704700006400002005
:109A40000448007808B10C207047034900200876CC
:109A50007047000064000020521600200C4810B52A
:109A6000017849B100F13C010078022808D04FF498
:109A700009712720FEF742FFBDE8104000F0D0B981
:109A80004868D0F82002BDE8104005F031BD000064
:109A9000640000201A2001F8030B044850F8562FE8
:109AA0000A6042684A608068886070470816002033
:109AB000024A93890343938152691047640000204E
:109AC0000148406870470000A0000020014A0021C2
:109AD000526910476400002070B50546012918D866
:109AE000124CA1698847A0B1207990B9E5B904F179
:109AF00010000178C80605D4E06A0078C00601D4D9
:109B0000012000E00020A26A2AB962891AB1C906C0
:109B100001D4012070BDA1898A0703D5226AD278B9
:109B2000022A01D00843F4D1002070BD6400002057
:109B30000148406880307047A000002010B5FFF752
:109B4000BFFF0446FFF7F4FF0246417F1648252970
:109B500010D026290ED0927F252A0BD020290DD097
:109B600021290BD0232A0FD094F86A00042800D1B1
:109B7000082010BD406890F8BE120EE0232A03D0E2
:109B8000406890F83E0105E0416891F83E0191F887
:109B9000631008400BF0A8FB014694F86A00BDE88A
:109BA00010400BF0B9BB0000A00000202DE9FF5FC2
:109BB0008B468146FFF7BCFF0026684C07468DF8B0
:109BC00008600396019620783546022804D040F2BA
:109BD000E2412720FEF792FEA07B400606D44020FB
:109BE000FFF774FFE08940F04000E08197F8230020
:109BF000B9F1000F3AD080B105F0D8FA05F0B2FA09
:109C000058B9606A417841B10078397EC0F3C0002C
:109C1000884202D1012060709CE0606A41786181D5
:109C200021B1A06B0BF0BDF8A06200E0A562E08955
:109C300040F48070E081606AF97D0078C0F38000B4
:109C4000884207D003A800F091F9E08940F48060D1
:109C5000E08100E00126606A397E0078C0F3C00030
:109C600088420DD102A800F037F909E008B105F0EB
:109C700097FAA078401CA070E08940F40070E08161
:109C8000DFF8D8A097F822000AF13C0A90B1FFF75C
:109C900017FF33490D76D7E91E23C1E9042390F855
:109CA0006A000BF02BFB0346FB222D49284600954A
:109CB00005F0AEF94FF00008BBF1000F04D1A17818
:109CC0000120FFF709FF20B105F02EFE4FF001083B
:109CD00002E0002000F0D6F99DF8080018B101A9B3
:109CE0000220FFF767FE1E48BA8A49464A305EB135
:109CF0002AB9B0F8052012B9B0F8072022B1B0F89F
:109D00000920521CA0F8092029B130F8051F491C70
:109D10000180A57003E030F8071F491C01800F483F
:109D20003C3001F0DDF9039840B10AF01AFFDAF88F
:109D30000410401C057208220BF04FFE019830B150
:109D4000DAF804100572102201980BF046FEB8F103
:109D5000000F01D000F064F8BDE8FF9F6400002010
:109D6000081600202DE9F84388468146FFF7E0FEFB
:109D7000294D04462878012804D040F26E4127205E
:109D8000FEF7BCFD207C0027012628B127740021A6
:109D90000420FFF78DFEA674296A0878C043800767
:109DA00009D1A07D88BB0220FFF782FE286A0078D7
:109DB000C043800729D0286A407810B10220A075DE
:109DC00000E0A67594F8230098B1FFF779FE1349D7
:109DD0002D7A0E76D4E92023C1E9042390F86B0094
:109DE0000BF08CFA03462A460C493046009705F0E2
:109DF0000FF938EA090004D000210846FFF76CFE8D
:109E000028B1BDE8F84300F00BB80320D7E7BDE860
:109E1000F843002000F0F8B8640000200816002085
:109E200010B505F063FA05F087F90E4CE089FFF7ED
:109E30004DFE0D48007E70B10B484A3850F84A1F5D
:109E4000C160416801618168416107480222074998
:109E500019300BF0D6FDE269217960789047002037
:109E6000207010BD6400002052160020959A020058
:109E7000084810B50078022804D040F24E2127206F
:109E8000FEF73CFD04490120C872BDE81040FFF711
:109E9000C7BF0000640000205216002030B4044602
:109EA0000C48007A0BB1001DC0B23AB9FF2805D1A9
:109EB00094F86B2094F86A309A4209D021B194F852
:109EC0006B1030BC05F054BDFF2094F86A10F8E721
:109ED00030BC7047640000202DE9F0410746FFF7D1
:109EE00027FE214C05460126616A087800F0030030
:109EF00001280CD002280AD003281BD12E74E08937
:109F000040F40060E0810120FFF7D2FD12E04878C4
:109F100080B1E18941F40061E181A16A002918D092
:109F2000FB2818D8607920B1BDE8F0412020FFF768
:109F3000CDBD3E70287E012812D02E76606A407812
:109F4000002806D0F5E92001401C41F10001C5E9D7
:109F50000001BDE8F081207940F010002071F8E7A1
:109F600000202876EAE700006400002070B505466E
:109F7000FFF7DEFD0446807D00282DD002280CD19D
:109F80001B482946406B0AF07BFD30B3D4E91E0123
:109F9000401C41F10001C4E91E010025A575A07C0B
:109FA00020B1A57400211020FFF782FD607C70B104
:109FB0006574FFF745FB98B100210820FFF778FD95
:109FC000D4E91E01401C41F10001C4E91E01E07DFD
:109FD00001280AD00120E07570BD40F2DD3101E0BA
:109FE0004FF47D712720FEF789FCE57570BD0000F8
:109FF0006400002003480078002801D0FFF710BF5C
:10A0000070470000640000202DE9F0410646FFF78C
:10A0100057FD8046FFF78CFD184C05463246E06A36
:10A02000606295F8233001214046FFF737FF95F82D
:10A030002300002770B1206B05F0CEFB10480121F2
:10A040000176D5E92012C0E90412216B606A05F09F
:10A0500031F804E0606A05F0BFFB05F06DF816B951
:10A06000384605F069FA002198F86A20084605F09C
:10A070003DFC02202070BDE8F0810000640000205B
:10A08000081600202DE9FC470446FFF751FD054660
:10A09000FFF716FD00278DF800700646DFF8649183
:10A0A00095F8233022463946FFF7F8FEA87D4FF099
:10A0B0000108A9F1200440B1012820D002282FD0A6
:10A0C00003283BD040F2FF2157E0A0795021ADF8A2
:10A0D000040088534846FFF7DDFA30B18020216A3A
:10A0E000FFF7E6FC85F811802CE06A4601A9606B59
:10A0F0000BF01CF9206210B195F85B1011B14248C9
:10A1000020621FE09DF8001021B9078087700121AF
:10A110000BF0DCFBBDF80410206A0BF05FFB11E0D4
:10A12000B6F85000ADF804006A4601A9606B0BF068
:10A13000FDF8206230B940F2E9211EE04846FFF701
:10A14000A9FAC0B1206A0823017801F0F701017073
:10A15000EA7D03EAC202114301F0FB0101702A7E8D
:10A16000042303EA8202114301F0EF010170C943A5
:10A17000890705D007E040F2F2212720FEF7BEFB59
:10A18000C07802280FD0606B0AF078FD08B1012179
:10A190000AE0206A0078C043800704D0FFF738FA4D
:10A1A00080F0010100E00021206A027842EA0111FA
:10A1B000017095F8221081B1417871B1206B05F0E2
:10A1C0000BFB114828380776D5E91E12C0E90412A6
:10A1D000216A206B04F06EFF03E005F0FDFA04F045
:10A1E000ABFF96F86B200121002005F07FFB84F87F
:10A1F0000380216A0A8822828978A17484F8008009
:10A20000BDE8FC878400002030160020719E02000B
:10A21000AD9B0200659D0200F59F020004494A784B
:10A22000824203D9084490F84201704700207047E9
:10A23000C01C002004494A78824203D9084490F89F
:10A240004A01704700207047C01C002004494A782A
:10A25000824203D901EB0010823070470020704722
:10A26000C01C0020054A01EB410102EB41010268DC
:10A27000C1F80A218088A1F80E017047C01C002097
:10A2800004494A78824203D901EB0010801C7047D0
:10A2900000207047C01C002010B54FF4C57200218B
:10A2A00005480EF03EF905480021017041704FF459
:10A2B0006171418010BD0000C01C00204C030020D3
:10A2C0000B4B10B55C78844210D9184490F8020109
:10A2D000C0EBC000184490F852310B70D0F8531105
:10A2E0001160B0F857019080012010BD002010BD12
:10A2F000C01C002001484088704700004C0300202B
:10A3000005494A78824203D9084490F83A0108B1D5
:10A310000020704701207047C01C00200149487090
:10A32000704700004C0300200246094810B5007831
:10A330000B4658B10748417841B10BB1801C01E090
:10A340000448823004F0BEFD012010BD002010BD85
:10A350004C030020C01C0020084910B50346002013
:10A360004A7806E00C1894F802419C4204D0401C44
:10A37000C0B28242F6D8082010BD0000C01C0020E8
:10A38000F0B51A4C0346002025782BE0C0EBC00244
:10A3900022440F7892F853C192F8526187EA0C0771
:10A3A0005E403E444F7892F854C187EA0C073E4421
:10A3B0008F7892F855C187EA0C073E44CF7892F81F
:10A3C00056C187EA0C073E440F7992F857C192F8BC
:10A3D000582187EA0C073E444F795740F74204D092
:10A3E000401CC0B28542D1D80820F0BDC01C00205E
:10A3F0002DE9F047044600F180054FF0010971B1E5
:10A4000004F1A6077E1E012929D002294ED0032976
:10A4100023D139463046BDE8F0470BF004B94FF47C
:10A420003A7200210EF07DF885F825902449E966FE
:10A4300020460721296710F8EC1F21F00401017064
:10A44000FE2085F8A6007F2068761E48A8600020C0
:10A45000C5E90000202084F89402BDE8F0874FF0A1
:10A460000008A4F8268284F81B82216916480A464F
:10A470000844B0FBF1F0C4F8C40040F6B830A4F8CA
:10A48000C800638B284600F021F8394630460BF0AF
:10A49000CAF80DF0A4FF18B1606903F08DFF10B188
:10A4A00084F80D82D9E784F80D92D6E70169B4F8F3
:10A4B000CA32D4F8C4222846BDE8F04700F006B8F6
:10A4C0002F4904C400E0FCFF7FC3C90110B500247C
:10A4D000A0F84C4030F8504F4C43B4FBF2F420F855
:10A4E000104940F27124634302EB03135B1EB3FB7C
:10A4F000F2F3C381094BB3FBF2F35B1C8382038944
:10A50000634302EB03135B1EB3FBF2F34360036888
:10A510004B43B3FBF2F1016010BD0000005A620230
:10A52000024991F900100BF02FB8000064030020DD
:10A5300002490978494249B20BF026B86403002069
:10A5400008B57F208DF80000684605F0F5F940B1A8
:10A5500005484078404241B29DF900000BF014F8E4
:10A5600008BD9DF9000008BD64030020014A107079
:10A5700051707047640300200CB504A1D1E90001BB
:10A58000CDE90001684600F005F80CBDFFFFFFFFB4
:10A590001F0000000549FF220A700A460368C2F83E
:10A5A0000130007950710020087070476603002068
:10A5B00070B590F8322090F83130012403FB01216E
:10A5C0002522B1FBF2F302FB131100EBD10280F85C
:10A5D000321001F0070392F8262004FA03F31A421E
:10A5E00004D000BF80F83310002070BD90F83020F8
:10A5F000B1FBF2F302FB1311491CC9B20023C518C9
:10A6000095F82B208A4212D395F82650002200BFDD
:10A6100004FA02F6354201D0491EC9B221B1521CDA
:10A62000D2B2082AF4D304E002EBC301DAE7891AB4
:10A63000C9B25B1CDBB2052BE1D31F2070BD00004B
:10A6400070B5491C0023C9B20124C518AA798A42F1
:10A6500012D395F80150002204FA02F6354201D0D7
:10A66000491EC9B221B1521CD2B2082AF4D305E066
:10A6700002EBC300C0B270BD891AC9B25B1CDBB269
:10A68000052BE2D39D214620FEF738F9417841B1F0
:10A69000C0782B2803D2044A105C884201D10120E3
:10A6A00070470020704700001686030010B5012295
:10A6B000C1702B2902D2064A525C06E0FF2904D061
:10A6C00040F274412A20FEF719F9427010BD0000D3
:10A6D000168603000449897C490700D408B100208C
:10A6E0007047012070470000E81B00200348807C71
:10A6F000800701D40120704700207047E81B00202C
:10A700000348807CC00701D00020704701207047BB
:10A71000E81B00202DE9FE4388469946154604466D
:10A7200069460AF01CFEE0BB019E002780367DB121
:10A730002046FEF7C9FD04000ED029460AF070FA43
:10A7400018B11B494988A94208D20020BDE8FE8300
:10A75000012086F8240024E0672125E0014602AAB2
:10A7600020460AF056FA02980780877096F824105F
:10A7700009B14FF0020841460BF0A8F802982A46AA
:10A780004946C01C0DF053FE204629460AF0FFF949
:10A7900048B168460BF0F5F80198A0F8127286F8F7
:10A7A00024700120D2E77C212B20FEF7A7F80000BF
:10A7B000E81B0020094882B0007A8DF8000000985C
:10A7C00000909DF80000002805D1022204490348AA
:10A7D00002B00BF002B902B070470000001C00206C
:10A7E000215A03002DE9F84FDFF874915D4F83463D
:10A7F0004FF0010A002678683546007A8DF800008F
:10A80000009800909DF80010102906D199F81310B7
:10A8100019B1B9F81400002873D08DF800606846AB
:10A8200000F004F99DF800100029F8D1002868D044
:10A830000446007A8DF80000009800909DF8008092
:10A8400004F108000521009001704046B8F1080F9E
:10A8500042D007DC02280DD0032817D0B8F1040F2E
:10A8600005D11DE00F2852D0B8F1100F57D040F29B
:10A87000472163E0626832B1594620469047042080
:10A8800060F3070510E04FF4E07157E0626822B111
:10A89000594620469047054606E040F2C9114DE072
:10A8A0006168B1B120468847C5F30720012848D028
:10A8B000EFF3108072B6217A8DF8001000990091A4
:10A8C0009DF80010052940D0A1B366F3070590B3A9
:10A8D0003FE040F2D31131E060685D4698B10488F2
:10A8E0002046FEF7F1FC80B10B212970A5F803404A
:10A8F000A5F805A085F802A000210AF028FA042096
:10A900003E61BDE8F88FE32118E0C52116E015216E
:10A910008BF80010D4F80910CBF80310AFE71248F9
:10A92000026822B1606838B1008859469047022019
:10A930003E61E6E709E00BE040F23D211020FDF723
:10A94000DDFF00984146017003E026723E61BEE7DC
:10A9500062B615F0FF0F3FF44EAFE8B2D1E700004A
:10A96000E81B0020141C0020AC00002001490870E6
:10A9700000F0BEB86C03002002490148086070472F
:10A9800089A90200AC00002038B50D0014D0A880C1
:10A9900000216972FEF782FC04460AF01CF970B1CE
:10A9A00001466A4620460AF034F9E88050B1FB2897
:10A9B0000BD94FF4907133E04FF4887130E040F2DE
:10A9C00019112DE04FF48F712AE000980AF02AFF48
:10A9D000012804D0022802D04FF4987120E0287298
:10A9E0002868A8B10099EA88C91C0DF020FD20460E
:10A9F0000AF0B9F878B1204600210AF0A8F968B148
:10AA00000948C17C002902D0818A491E818238BD53
:10AA100040F2371104E04FF49E7101E040F2411121
:10AA20001020FDF76BFF0000E81B002038B503463F
:10AA30001749002018700869012440B1027A8DF886
:10AA40000020009A00929DF80050002D11D1486816
:10AA5000027A8DF80020009A00929DF80050012D96
:10AA600006D0EFF3108272B605684D6012B102E0B5
:10AA7000002038BD62B6027A8DF80020009A00925C
:10AA80009DF800500DB1086138BD1C7038BD000044
:10AA9000141C002038B5D0B1416000F108010A70E3
:10AAA000EFF3108372B6104C0460211F4A684AB15C
:10AAB000127A8DF80020009A00929DF80050012D26
:10AAC00000D10C600A68106008602BB105E040F20C
:10AAD00072211020FDF712FF62B604480078BDE82D
:10AAE000384009F02DB90000181C00206C0300202C
:10AAF00010B51422002108480DF013FD064812225B
:10AB0000002114380DF00DFD034801210173011DD2
:10AB10004160016010BD0000141C0020F0B4A2F8D8
:10AB200009000C89A2F80B408B89A2F80D304889E6
:10AB3000A2F80F00CD89A2F81150CE8DAE4208D1F7
:10AB40004D8D854205D10D8E9D4202D18B8DA34244
:10AB500001D0012300E00023D3744885B2F811002E
:10AB6000C885B2F80B008885B2F80D000886F0BCE5
:10AB7000014910460AF02BBFA5AB0200A2F809005C
:10AB8000888AA2F80B00C88AA2F80D00088BA2F8E8
:10AB90000F00488BA2F81100014910460AF014BFBB
:10ABA000E9AB020038B5A0F11605C07C0C4600F0F8
:10ABB0000100FFF78FFD002108B100910FE0112087
:10ABC000207055F81F0FC4F802006868C4F806002A
:10ABD00028896081A87A2073024840680090BDF8F7
:10ABE000000038BD70AC020070B586B00E46044659
:10ABF000FFF77CFD002558B3A4F5BA7025720488D0
:10AC000003A920460CF06BFC08B1FC2117E0ADF85D
:10AC10000040BDF81200ADF80200BDF81400ADF818
:10AC20000400BDF80E00ADF80600BDF81000ADF848
:10AC3000080068460CF08FFC20B140F205112C2072
:10AC4000FDF75CFECDF80050BDF8000006B070BD09
:10AC5000182006F8030B54F8090F30606068706024
:10AC600020893081014800680090EDE770AC020057
:10AC7000040000000400000070B50C4DA5F10804AC
:10AC800008210A48FDF7DEFE286810B96868002828
:10AC9000F6D000F013F8206000F010F86060216832
:10ACA000002901D10028F4D070BD0000B8000020B8
:10ACB000014800F009B80000B0000020014800F091
:10ACC00003B80000B800002010B5D0E90021094BFE
:10ACD000094C53435443514081EAB21282EA412263
:10ACE0004FEAF141C0E9002143EAD46303EB830357
:10ACF000184610BD6037EFC6BB79379E70B5044665
:10AD000040680D46012390F89E20002180300AF013
:10AD10003DFBD0B128460AF02BFD6168A1F8BC02CA
:10AD20006168B1F89420801A00B247F6FE72904232
:10AD30000DDC00280BDD284601F2BE210AF013FDD0
:10AD400061680A2081F89E000AE0012070BD282079
:10AD500081F8BD00606802220249B4300AF03DFE6D
:10AD6000002070BDF55C030070B5044640680D46D8
:10AD7000012390F89E20002180300AF007FBE8B301
:10AD8000002128460AF0F7FCC8B36168B5F80D0049
:10AD9000A1F8BC026168B1F89420801A00B247F6AD
:10ADA000FE72904234DC002832DD28460AF00DFDA8
:10ADB0000AF0E2FA064660683146C0F8C4622879B3
:10ADC0000AF0D5FB6168A1F8BE02B5F8050031466E
:10ADD0000AF0C9FB6168C1F8C00228460AF0F8FC15
:10ADE0006168A1F8C80228460AF0F5FC6168A1F87C
:10ADF000CA0261680D2081F89E0012E000E001E0C7
:10AE0000012070BD29462046BDE870400AF031BFE0
:10AE1000282081F8BD00606802220349B4300AF09E
:10AE2000DCFD002070BD0000F55C030070B5044639
:10AE300040680D46012390F89E20002180300AF0E2
:10AE4000A5FA70B9606890F89E20132A09D00123F2
:10AE5000052180300AF09AFA08B1082070BD01205F
:10AE600070BD606890F8DC0010B920460AF0EBFE77
:10AE70006168284601F50A710AF0C6FC6168284637
:10AE800001F58C710AF0B7FC60680188A0F8D51252
:10AE90006168284601F2D7210AF0B1FC61682846B2
:10AEA00001F2DF210AF0A4FC60680222054900F5E6
:10AEB00033700AF092FD6168152081F89E00002031
:10AEC00070BD0000955E030070B54468091D002543
:10AED00094F88C008034C00701D0012070BD486810
:10AEE00009680C4B41F607021940E16610402067E3
:10AEF0001B2104F16C000BF020F8A4F8585094F8D2
:10AF00005A00401C84F85A00E06840F00100E060FC
:10AF1000002070BD2F4904F710B5041D03F082FE18
:10AF2000034B41F60702184011402060616010BDDC
:10AF30002F4904F72DE9F843037840680F1D00F10D
:10AF4000800500F5A57406464FF000086A7F0721CA
:10AF500028460AF01BFAE0B13968184B78681940A6
:10AF600041F60702E966104028671B2105F16C00D5
:10AF70000AF0E3FF85F8568085F81D8094F860108C
:10AF800040468DF80010009900919DF8001091B98D
:10AF900002E00120BDE8F8833188A4F8621084F84B
:10AFA0006100396861667968A1660222044904F18A
:10AFB00058000AF012FD0020ECE700002F4904F7CA
:10AFC000A75F030070B50D1D446803F02BFE41F62A
:10AFD0000702054B114094F8EC201840024062F340
:10AFE00007002860696070BD2F4904F7416882B08E
:10AFF00001F5A57091F8AA218DF80020009A009221
:10B000009DF80020002A0BD10988A0F862101A21AF
:10B0100080F8611002220349583002B00AF0DDBC0A
:10B0200002B07047A75F030070B544680D4603780F
:10B0300094F89D2080340026082120460AF0A6F9C5
:10B0400020B9207B800701D5012070BD94F85D00F8
:10B05000800719D428460AF053FC84F8670035F8B5
:10B06000050FA4F868006888A4F86A0094F85D00E9
:10B0700040F0020084F85D00C00709D002221149A7
:10B0800004F15E000AF0BDFC94F85D00C00710D129
:10B09000E068810703D550214020FDF72FFC40F0E8
:10B0A0000200E06094F85A00401C84F85A00A4F8AA
:10B0B0005860607F012802D1667784F856600020CE
:10B0C00070BD00004F600300044A9268C2F58053CF
:10B0D0004B43424303EB223070470000C000002086
:10B0E000F8B54468064604F1800500F07BF894F852
:10B0F000281001291BD1002819D0706890F852112E
:10B100008DF80010009900919DF8001000F5A570D1
:10B1100000290CD12188A0F80910697EC172A97E8E
:10B120000173BDE8F840022201490AF056BCF8BD9F
:10B13000D360030000F500610D4A10B500F5006012
:10B14000091300134BB292F900404042002140B273
:10B15000A34202DA92F9021005E092F90140A342FB
:10B1600004DD92F90310084400F30701084610BDFE
:10B17000C00000202DE9FC41A0F5F575A0F5B574DF
:10B1800095F86B000BF076FE0646A068FFF7D2FF3D
:10B19000070021D020460AF0A3FF00281CD02888F1
:10B1A00069460AF0DCF818B185217A20FDF7A6FB84
:10B1B000761CF1B202233A4668460BF07AFE00286C
:10B1C0000AD1064806490079A0FB01650CF0F1FFA1
:10B1D00080196941C4E90001BDE8FC81C00000207C
:10B1E00040420F002DE9F0410746FFF7A9F97C68BE
:10B1F000054684F8990080347F2842D094F83300C3
:10B200007E68A0762946A068FFF75EFFA0601E4812
:10B210004079C0B1786800F18008D0F88800FFF765
:10B2200089FF80B140460AF05BFF60B1786800F5A5
:10B23000A578074604F0EAF987F86B00134908F18E
:10B24000A0000AF0C7FB94F91B000021281A00D5C2
:10B25000404296F82920824210DCFF2A0ED0207F3F
:10B26000401CC0B2207796F82A20904202D8E07E97
:10B270007F2803D10020E576207701210846BDE82C
:10B28000F0810020FBE70000C000002075B1020043
:10B29000F8B50AF041FF04460D466A4600F062F830
:10B2A00008B10120F8BD0F48037841788B4201D1E5
:10B2B0000020F8BD1A46416808E000BF01EBC20655
:10B2C000521E56E9027CC6E9007CD2B29DF80060AD
:10B2D000B242F3D8F2B201EBC2015B1CC1E90045F6
:10B2E0000370DEE7CC00002010B5420703D06321D5
:10B2F0004820FDF703FB20B1034A51705060002045
:10B300001070C80010BD0000CC00002038B50AF055
:10B3100003FF6A4600F026F8002814D00A4A107885
:10B32000401EC1B211709DF80000526808E000BFD5
:10B3300002EBC003401CD3E90245C3E90045C0B29B
:10B340008842F5D3012038BDCC00002001490020FF
:10B3500008707047CC00002001484078704700001A
:10B36000CC000020F0B5204D002313702B7823B3C0
:10B3700000245B1EDBB2D5F804C00BE0E5186D08B5
:10B380000CEBC506D6E900763F1A8E4101D22C4659
:10B3900000E02B461D1B012DF0DC0CEBC406D6E9AA
:10B3A000005680EA050781EA060E57EA0E0705D027
:10B3B000451B71EB060503D2147010E0147011E008
:10B3C0000CEBC305D5E9004580EA040681EA0507D0
:10B3D0003E4306D0001BA94100D35B1C1370002024
:10B3E000F0BD13700120F0BDCC0000202DE9F0412C
:10B3F0000446007C02283AD0032838D00026A8B39F
:10B40000022836D0012708254FF000085EB194F8D5
:10B41000570004F1580109F098FF0546082802D0AA
:10B42000FEF7FCFE60B137B357B1E07D00281BD0BA
:10B43000D4F81100C4F85100B4F81500A4F8550070
:10B44000267684F850706576FEF754FF0E49A0FB0F
:10B45000012304F148000AF0A6FF84F85E80002171
:10B46000204600F0F3FB0120BDE8F08101E0012659
:10B47000C5E70027C7E704F151010020FEF756F9A0
:10B480000028DDD1F0E7000040420F0030B50C4647
:10B490008DB005460146242202A80CF0C8FF0BA877
:10B4A0000AF0DEFFA07A8DF8180020788DF80800E9
:10B4B000B4F80100ADF800009DF8000000F00101B3
:10B4C000C0F3400241EA4201C0F3800241EA820136
:10B4D000C0F3C00241EAC201C0F3001241EA021106
:10B4E000C0F3401241EA4211C0F3801041EA8010DB
:10B4F000ADF80A00207D012806D0022804D040F2D1
:10B50000A6210620FDF7FAF98DF80C00617A0BA848
:10B510000AF08DFF207D0121022802D1607D401CB0
:10B52000C1B2A07E401CC2B20BA80AF047FFBDF812
:10B530000A00000701D5002020E00BA80AF050FF08
:10B54000BDF80A10282200F02BFE40F2712100F213
:10B55000DD20B0FBF1F04843D4F8021040F2712333
:10B560000A0A40F271214A43D4F80510090A5943E6
:10B57000904201D8049204E0884201D8049000E08F
:10B580000491A07C8DF81700207E012800D00020B7
:10B590008DF81400286B09F05AFD286B09F0FFFDA7
:10B5A000242202A928460CF042FF0B98A862BDF89D
:10B5B0003000A885E07A68B102280BD05FF0010066
:10B5C00085F85700E068A865208AA5F85C000DB0F2
:10B5D000002030BD0020F3E70A4A10B500211170A9
:10B5E000094C606000F022F810B140F21D3104E017
:10B5F000A068002804D14FF448712D20FDF77EF992
:10B6000010BD0000281C0020D40000200249014881
:10B610008860704788C10200D40000200249086099
:10B620008968096808470000D4000020084810B560
:10B63000007810B10C24204610BD002418222146A9
:10B6400003480CF06EFF03F02FFE03F053FCF2E70B
:10B65000281C0020044910B50978012901D100F007
:10B6600061FC002010BD0000281C00200449034894
:10B6700008600549034808607047000071BF020078
:10B68000E000002095C40200E400002010B504464C
:10B690008078C0F3C00058B13C23FF222046E16906
:10B6A00000F040FA0222044904F16A000AF095F918
:10B6B000012084F8690010BD336303002DE9F041D7
:10B6C0000F00044623D004F1280005460AF0B1FE1D
:10B6D000B0B9A078C0F3C00050B328460AF080FE8D
:10B6E000064628460AF0A5FE301AC0B20AF0F6FE59
:10B6F0000146354842681144416028460AF0B7FEC9
:10B7000028460AF079FE014620460AF041FE2F4DF8
:10B7100094F85E600021686801800AF0F2FD60889C
:10B72000132813D009DC102836D0122809D131E0B3
:10B730002046BDE8F04100F0F5BB15280FD01D28CC
:10B740000DD040F24A612D20FDF7D8F8002168683D
:10B7500009F0C1FF012168680AF0D3FD20E0012152
:10B76000686809F0B8FF012168680AF0CAFD36B1BF
:10B7700004F15F01686809F0C9FF012106E004F1E6
:10B780005801686809F0C2FF94F85710686809F01A
:10B79000C3FF05E0062100E00221686809F09BFF75
:10B7A000204600F0CFFC60881D2807D0152805D062
:10B7B00094F83820616B686809F07DFF39462046AF
:10B7C000BDE8F04100F084BA281C0020D40000201D
:10B7D0002DE9F0412A4D2978022905D0297803293D
:10B7E00002D040F6EF4121E0264C0027616891F835
:10B7F00000C00CF00F0638B32068093100F1510386
:10B8000090F850204FEADC1009F017FDE0B13946FE
:10B81000606809F040FFB8B12A7820683146022AF2
:10B8200007D02A78032A04D040F6C8412D20FDF71E
:10B8300065F8A2682B7852696FF0070606EB830360
:10B84000D2589047064600E00126A87B18B103F0C5
:10B850002BFD03F04FFB002E0FD020680AF054FEA2
:10B8600030B103F043FDA0688068BDE8F0410047B7
:10B870002068BDE8F04100F055BBBDE8F081000054
:10B88000281C0020D400002010B5032902D005296F
:10B890000AD102E000F0D4FB03E00449096809B1D1
:10B8A000884708B1002010BD012010BDE000002035
:10B8B000094A0300106801D000F034BB002909D008
:10B8C0009168064A096912786FF00F0303EB820250
:10B8D0008958084770470000D4000020281C002029
:10B8E00070B504464088102819D0104DA87B20B1AF
:10B8F00003F020FB402003F0E5FC0D48406803F016
:10B900006BFFA078400704D400212279084603F099
:10B91000EDFF002003F010FE0220287070BD2046CD
:10B92000BDE870400121FFF7C9BE0000281C0020BF
:10B93000D400002010B500F027F8114C20680AF060
:10B94000E3FD002820680BD00E490A78022A0BD0AC
:10B950000A78032A08D040F6FA312D20FCF7CEFFF2
:10B96000BDE8104000F0DEBAA2680978D2686FF036
:10B97000070303EB81015158BDE810400847000060
:10B98000D4000020281C0020054810B5807B00282A
:10B9900005D003F089FCBDE8104003F0ABBA10BD40
:10B9A000281C00202DE9F041584D044686B0287827
:10B9B000E8BB2078FF284BD04FF00008A5F80C809A
:10B9C000C5F8048085F8018085F8028084F86980D4
:10B9D0004F4B504E0FCB8DE80F00B068406803907E
:10B9E000684603F07DFD03F051FE03F05DFC03F0BB
:10B9F00081FA494803F0ACFF484803F0B3FF04F173
:10BA0000280007460AF033FD38460AF0F5FC0146E7
:10BA100020460AF0BDFC94F90E0003F0BBFE21792C
:10BA2000002003F0EDFC0121A860A8B100E00FE0C8
:10BA300004F13401206B09F079FB074604F13C0165
:10BA4000206B09F076FB4FB194F8201051B905E056
:10BA50000C2006B0BDE8F081297055E020B194F8C3
:10BA6000210008B1012700E00027207E10B9A0784E
:10BA700040071CD5D4E912106FF00042504070EA24
:10BA8000010106D00CF095FBD4E91223801A9941EC
:10BA900000D267B1FEF72EFC2149A0FB012304F17F
:10BAA00048000AF080FC0121204600F0CFF87068C1
:10BAB000C01C09F03DFCA873A078C00724D0404604
:10BAC000414660F31741CDE90481FF20E873E66940
:10BAD00006F10A0713E0049CB44210D0727A607A2F
:10BAE0003B4604F10A0109F0A8FB40B1A078E873D5
:10BAF000D4F803002861B4F80700A88204E004A881
:10BB0000FDF700FA0028E6D00020A2E7281C00205C
:10BB100068C10200D4000020D6BE898E555555005C
:10BB200040420F0070B5044680F873300888A4F8CE
:10BB30007400FF2084F891004FF6FF7016460D4602
:10BB4000A4F89200002B43D1286909F019FCA4F84D
:10BB50008A00288BA4F88C00688BA4F88E0095F8D6
:10BB60000E0284F89000207E002188B194F85000E5
:10BB700001280DD194F85620B0EB921F08D1D4F8CB
:10BB80005100C4F87E00B4F85500A4F8820003E028
:10BB9000C4F87E10A4F882101548FF2E4068027881
:10BBA000C2F3801284F8772018D050F8031FC4F82D
:10BBB00084108088A4F8880004F17802511E304671
:10BBC000FEF77EFB28B114F8770F40F002002070DA
:10BBD00070BD40F64D412D20FCF790FE50F8032F2C
:10BBE000A2678088A4F87C0044F8841FA18070BDFF
:10BBF000D400002010B50446FFF7D4FE002808D179
:10BC000004480078012803D000212046FFF756FDA4
:10BC1000002010BD281C00200A4810B50A490468FD
:10BC2000087800280CD00878022802D00878032869
:10BC300001D1FFF7A9FE2046BDE8104000F072B91F
:10BC400010BD0000D4000020281C00202DE9F04188
:10BC500004468846407EFEF7F9FA0546207E012616
:10BC600088B185B1607EFEF7D9FA60B904F151015F
:10BC700084F8506042460F46284609F0FEFA617E7D
:10BC80003846FEF7EFFAA07840071DD5607EFEF734
:10BC9000F7FA050018D0607EFEF7CCFA002813D121
:10BCA00084F85E6004F15F0142460C46284609F0C4
:10BCB000E4FA2146054C606809F028FD6068BDE89B
:10BCC000F041012109F028BDBDE8F081D400002039
:10BCD0002DE9F041044629480D46406803F07CFDFB
:10BCE000274E0420307055B36088102823D004F10B
:10BCF00028008046B5680AF073FB074640460AF004
:10BD000098FB381A401EC0B26188282200F068FAF9
:10BD10000544A078C0F3C00030B1706805440AF053
:10BD2000E1FB2844C4F8D00022792946002003F022
:10BD30006BFD20B90CE02179002003F027FB60881F
:10BD4000132811D007DC102815D0122807D10BE0DA
:10BD500040F6655105E0152806D01D2804D040F6B0
:10BD600079512D20FCF7CAFD2279BDE8F04101216F
:10BD7000002003F0BBBDBDE8F0810000D40000202E
:10BD8000281C002038B5044690F8B6000B468DF804
:10BD90000000009800909DF8000000282ED1207827
:10BDA00084F8B700FF2B12D004F1B902511E1846D7
:10BDB000FEF786FA30B194F8B80040F0020084F83B
:10BDC000B80013E040F6C2712D20FCF797FD0C4837
:10BDD00040680178C1F3801184F8B810D0F80310DE
:10BDE000C4F8B910B0F80700A4F8BD0004F1AE0023
:10BDF000BDE838400222034909F0EFBD38BD00001C
:10BE0000D40000207D6303002DE9FE43164604465E
:10BE1000032904D094F8680008B1012000E0002054
:10BE20000025032903D00127052905D008E0A178C2
:10BE30000227C1F3400101E0A178C90700296BD0B6
:10BE4000002869D13548DFF8D890807B80B109F0AF
:10BE500072FA3070FF2814D0C0B26A4602A9FEF709
:10BE60002FFA48B169469DF808000AF04EF90546D8
:10BE70003078FF2805D00DE040F645712D20FCF705
:10BE80003DFDD9F8041011F8030BC0F380100AF03F
:10BE90003CF90546D9F8041094F8572004F15803EA
:10BEA00011F8030BC0F3801009F0C7F9D9F804109A
:10BEB000804611F8030BC0F3801009F046FA814662
:10BEC000FEF71EFA38B14846FEF7DAF918B14846CF
:10BED000FEF7B0F938B100213078FF280CD0B8F166
:10BEE000000F05D101E00121F6E7627E824201D117
:10BEF000012003E0002001E028EA0100A2785207B7
:10BF000001D530B908E039B91DB9E07B08B1B842B4
:10BF100002D10120BDE8FE830020FBE7281C0020A1
:10BF2000D400002070B50446C08D104D401CE08543
:10BF3000A87B002620B103F0B7F902F0DBFFAE7357
:10BF40002E7094F8690008B101210AE0607B38B1D5
:10BF5000E18D884204D8012120460AF0E7FA70BD3D
:10BF600000212046BDE870400AF0E0BA281C0020FD
:10BF7000F8B50446FF208DF8000001266A46052129
:10BF80002046FFF741FF60B1294D284F6968FA7BD1
:10BF900007F1100311F8030BC0F3801009F04DF9FD
:10BFA00010B100263046F8BD6A68E069127810F8D2
:10BFB000A51FC2F340121140017001222046E16921
:10BFC00000F078F800239DF800202046E169FFF793
:10BFD000A9FD0222174904F16A0009F0FEFCE0699C
:10BFE00002220188A4F8AB1090F8A50084F8AD00F7
:10BFF000114904F1A20009F0F0FC0021E069397058
:10C000000E490B6813B10022214698476868E16920
:10C01000D0F8032041F8032FB0F807208A80007879
:10C02000E169C0F380108870BCE70000281C002084
:10C03000D40000203363030021630300E4000020E8
:10C04000F8B50446FF208DF8000001256A4603215B
:10C050002046FFF7D9FEE8B1207B20B19DF8001003
:10C060002046FFF78FFE0D4E0021706801800421ED
:10C0700009F031FB204600F065F894F84020E16BB0
:10C08000706809F05FFB064905200870706803F0CE
:10C09000A3FB00E000252846F8BD0000D4000020E6
:10C0A000281C0020024801210068FFF707BB0000A0
:10C0B000D40000202DE9F041214E80460C467068E6
:10C0C000154650F80F1F6161416821F07F41E16121
:10C0D000408909F051F90746206170683946807D32
:10C0E00009F045FAA08470683946B0F8170009F0E5
:10C0F0003AFA2062706830F81B1F218341886183FF
:10C100004168C4F8A610017A84F8AA10417A01F0B7
:10C110001F0184F8B110407A400984F80E0204F13E
:10C12000620005724572FF2181720021363809F0E4
:10C13000C7FC98F90E102046BDE8F04109F0C4B9DB
:10C14000D400002070B5074D044600F15101686825
:10C1500009F0E9FA94F850106868BDE8704009F0F9
:10C16000E8BA0000D400002035B90200D1B70200BF
:10C17000B1B802000000000089B80200E1B8020076
:10C18000156303001B630300F5BB020019BC02002A
:10C19000A5C0020084C102007CC1020078C1020077
:10C1A00010B5421E022A01D9CA2109E0401E1029F9
:10C1B00009D012290CD013290AD0152905D0D8216D
:10C1C0002F20FCF79BFB054904E00449891D01E091
:10C1D0000249891F31F8100010BD0000FC64030003
:10C1E000421E10B5D2B2012A03D91D2901D0EE2179
:10C1F0000DE0132913D004DC10290BD0122904D12F
:10C200000DE0152908D01D290ED04FF481712F2083
:10C21000FCF774FB074804E00648083001E00548D5
:10C22000001D30F8120010BD40F25A3110FB01F031
:10C2300010BD0000EA6403002DE9F041044690F8C7
:10C24000E00016460F4600285ED121464F4806F012
:10C250007BF90546202857D05022002104F1C00068
:10C260000CF05FF984F8C0500125C4F8C47084F85C
:10C27000E05037B1FEF722FD00F00700401C87F8C0
:10C280003C0220460AF033FBA4F8F000022084F8B8
:10C29000F200A84684F8F350002504F8E85F06F0A1
:10C2A000CDFD07460BF07CFF2189E83C884200D891
:10C2B00008463844CF3087B2204609F0ECFF30B34F
:10C2C0000BF03AFD00F5CD6081B2304606F0CAFEB3
:10C2D0003044C4F8EC0088340BF06BFFC01969419E
:10C2E000C4E91C0184F8408024F8665C01200AF04F
:10C2F000F5F800F58B70301A60644FF0FF3041089C
:10C30000C4E91E01883C25E00C20BDE8F081002135
:10C3100020460AF04CFADFF87880C4F8EC000020E0
:10C32000B8F8041049B1618C39B1FEF7C7FCB8F810
:10C330000410B0FBF1F201FB120007440BF039FFCF
:10C34000C0196941C4E93E01BEB1801951EB050134
:10C35000C4E9400194F8C00004F1E8010AF0C5FA0C
:10C3600078B1D4E93E01C4E93601A4F8E2500021D5
:10C37000204609F0BEFF0020C7E74FF0FF3041081C
:10C38000E6E74FF4F6713020FCF7B8FAD169030004
:10C39000E80000200149888070470000E800002084
:10C3A00005480021017001228270417042F2107133
:10C3B00081800AF0FBB80000E80000200149087005
:10C3C00070470000E800002008494FF47A72B1FB82
:10C3D000F2F110B501F52A7109F08BFB40F6480126
:10C3E000884200D3084680B210BD00007D52010093
:10C3F00010B503F005F905498A68904201D84878DC
:10C4000008B1002010BD012010BD0000E800002090
:10C4100010B50446062938D2DFE801F005110314EF
:10C420001532002106E0D4F89C0210B120460AF033
:10C43000EFF901212046BDE8104000F02BB90320A0
:10C4400084F84C0210BD03F0E7F8C4F89C0294F89D
:10C450006B0003F0A5F9D4F89C12884204D940F28D
:10C46000DA313020FCF74AFA94F86B0003F098F9BF
:10C47000D4F89C12081A06498A681044886010BDD6
:10C480002046BDE810400AF04CBB40F2A371E8E73B
:10C49000E80000202DE9F0410C46804612B140F240
:10C4A000CD7135E003F0ACF80746002084F8C800F1
:10C4B000D4E93E5684F8E000012084F8E10054F805
:10C4C000C40F0121FDF794FF2068C0F88052C0F826
:10C4D0008462216814F8040C81F894022068C0F882
:10C4E00098722068C0E9A25654F8C4090AF025FBE6
:10C4F00010B140F25A710BE00AF083F994F8C000D1
:10C500004246064905F0D8FE002804D140F2B67133
:10C510003020FCF7F3F9BDE8F08100003D6A03002C
:10C5200010B50C2804D340F25B310620FCF7E6F985
:10C53000014931F8100010BDE8CC02002DE9FC41A2
:10C54000174D0120687000244FF6FF760BE00021A4
:10C55000FCF76CFC07000CD097F8940205F0DCFEA9
:10C5600038460AF028FA204664F31740CDE9004027
:10C570000EE04FF491713020FCF7C0F9009838B10B
:10C5800090F89412202903D00088B042DFD104E053
:10C590006846FCF7B7FC0028F0D06C70BDE8FC8161
:10C5A000E80000202DE9F047044639481E46904631
:10C5B000807889460025002863D006F013FDE0B39B
:10C5C000B4F8380202285CD394F84C02022858D000
:10C5D00094F8620288BB94F80E02FFF7A1FF00F501
:10C5E000C86081B2318094F84C02002701280DD038
:10C5F000206906F037FDB4F826224244A2EB090177
:10C60000D4F85422821A01FB027535E094F8A10097
:10C61000032839D00121002008F044FF216A47187F
:10C620003188D4F8440206F01DFDD4F84022D4F835
:10C630004812821A01FB025500E022E0C4F84002D1
:10C640003188384606F00EFDD4F85012C4F8500276
:10C65000411A0D443188206906F004FDB4F8262201
:10C660004244A2EB0901D4F84822891AD4F8542292
:10C67000821A491E01FB0255C4F85402012084F8B5
:10C6800062022846BDE8F087D4F84402C6E70000FD
:10C69000E800002038B500250446012902D11048E1
:10C6A000407870B1042084F84C0200BF0AF0A9F869
:10C6B000A4F89252B4F89400A4F85E0284F861528F
:10C6C00038BD0095B4F8141201230022204600F072
:10C6D00009F80028EAD040F217713020FCF70EF973
:10C6E000E80000202DE9FF4F8BB0044690F86B0066
:10C6F00099460F46089305900BF01EFB054694F8EB
:10C700000E02FFF70DFF2844ADF8040094F89E00D8
:10C710000D2804D0002007900D9810B12EE00120C4
:10C72000F9E794F84C02032828D1079830B3B4F8FD
:10C73000BC02B84222D1D4F85402C4F840022069A5
:10C74000C4F84402B4F89202B4F826120844C4F8BB
:10C750004802204600F0D4FAD4F8C0022062B4F8AF
:10C76000BE02A084D4F8C4022061B4F8C8022083B9
:10C77000B4F8CA026083022084F84C02B4F8940032
:10C7800004F51A75381A0FFA80FAB4F89002381ABC
:10C790000FFA80F8B8F1000F08DAD4F88002D4F864
:10C7A0008412D046C4E9A2010120089001AB524690
:10C7B00041462046FFF7F6FE049094F84C02DFF85D
:10C7C00038B340B101287CD0022853D0032879D057
:10C7D00040F286518CE10121002008F063FE0646FC
:10C7E000206ABDF80410304406F03CFCC4F8500246
:10C7F000BDF80410206906F035FCC4F8540206A9FF
:10C8000008A802F061FE06980090D4E9A201DDE9D3
:10C81000082306F041F8824620460AF082F994F88F
:10C820006B00D4F8988202F0E9FF4AF2A13101448A
:10C830004FF47A70B1FBF0F0216AD4F85022314401
:10C84000081A811A41442039A1EB0A065000A18C34
:10C850006030014494F86B000AF035F82230CBF8D0
:10C860000C00D4F89802301AB0F5E87F58D240F2A4
:10C870001F513DE1D4F84412206A0844BDF8041069
:10C8800006F0F0FBC4F85002BDF80410206906F071
:10C89000E9FBC4F8540220460AF043F9B4F8260232
:10C8A00010BBB9F1000F1FD094F86B80404602F026
:10C8B000A5FF4AF2A13101444FF47A70B1FBF0F0C8
:10C8C00001E02EE04AE0D4F85012226A0844D4F87D
:10C8D000441211440E1A404602F062FFD4F89C1232
:10C8E000081A0644203E06E0216AD4F844020844AF
:10C8F000D4F85012461AD4F84822D4F84012D4F88A
:10C90000500201FB02004000A18C6030014494F809
:10C910006B0009F0D8FFCBF80C00012084F84C0222
:10C9200061E0D4F854122069B4F82622461A02EBCA
:10C930000A00D4F84822D4F840C2801AD4F8503201
:10C94000401E0CFB023200FB01204000A18C603035
:10C95000014406FB08F694F86B0040E02069D4F827
:10C96000541200FB08F008FB110694F89D002528DE
:10C9700003D094F89E00252809D1B4F8BC02381AD7
:10C9800000B2002803DB94F8BF0200B105900898BC
:10C99000D8B1B4F82602C0B9D4F89C0200287DD0E2
:10C9A00094F86B0002F02AFF4AF2A13101444FF4DF
:10C9B0007A70B1FBF0F0361A94F86B0002F0F0FEDA
:10C9C000D4F89C12081A0644203EB4F8261201EB53
:10C9D0000A00D4F85412484341006031059809F028
:10C9E00072FFCBF80C000498DBF80C20311AD4F855
:10C9F00054622069801BA0F25A20CBF810008242BA
:10CA000000D81046C4F8200200262E706E2028811F
:10CA1000D4E9A22051187041C5E9041004F12C009A
:10CA200009F072F8D4F8201208446860D5E90401CE
:10CA3000C4E9A201A4F89072AE72B4F81002C01B4F
:10CA400000B2002801DD0220A872079838B3B9F1BE
:10CA5000000F1CD0B4F83812F1B3B4F83A0200BF9A
:10CA6000A4F83A0294F83C22401C42438A420ED277
:10CA7000A87A60B1AE72B4F83A02401CA4F83A0247
:10CA8000FEF716F900F00700401C84F83C0294F809
:10CA90009402294609F029FF40B301E009E00BE0C8
:10CAA0000D9880F0010084F8600200200FB0BDE80E
:10CAB000F08F40F271511BE0B9F1000FCAD194F828
:10CAC0004C020028E3D0D4F854122069411A2846B9
:10CAD00008F0FEFC000400E006E0000CD7D0189936
:10CAE00001B108800120E1E70020B9E740F2CF5111
:10CAF0003020FBF703FF0000E80000202DE9F041A3
:10CB0000054690F86B00282109F0CCFD00F52E7841
:10CB10000BF046FB6E2800D86E20D5F85412A0F119
:10CB20006E032A690B449A4203D9511A0C1A6E34C7
:10CB300000E000241A4F387818B9E86AA04200D8FB
:10CB4000044605F12C0008F0DFFF064695F86B005F
:10CB500009F0DAFFD5F8201230444618A41B002C47
:10CB600000DC0024022004F0B3FC844200D304461D
:10CB70000221204604F0B4FB00B926444246314667
:10CB8000284608F060FFB86095F86B0009F0BCFF1C
:10CB9000301ABDE8F041A0F26F1005F0D9BD0000D9
:10CBA000E80000207CB504460BF003FBD4F880328B
:10CBB000D4F88422C01A61EB020100221346121A33
:10CBC0008B4102DB40F24C614DE0421C71F10001EF
:10CBD00002DB40F24D6146E0226900210AB1B0FB60
:10CBE000F2F194F89E000D28B4F85E021BD0B4F860
:10CBF00094205318C31A1BB2002B01DB401C01E028
:10CC0000491C5018A4F85E0294F861028DF80000E7
:10CC1000009800909DF8000040B9B4F85E02B4F8A6
:10CC20001412884202D1401CA4F85E02B4F89202A9
:10CC3000401CA4F89202B4F8CE00B4F8CC10401A0C
:10CC4000B4F89410401E084485B226E001A80023E1
:10CC500000901A462046FFF745FD00283AD00128EB
:10CC600004D040F28C613020FBF748FEB4F85E023D
:10CC7000B4F81012421A12B2002A09DABDF80420E0
:10CC80000244AA1A12B2002A02DAA4F85E1204E0E0
:10CC9000BDF804100844A4F85E02B4F85E12681AE5
:10CCA00000B20028D2DA94F8A10088B15FF0080041
:10CCB00084F8BD000222084904F1B40008F08DFE9A
:10CCC000204609F0B0FF2046BDE87C4009F073BE65
:10CCD0003E20EDE77CBD0000F55C03000000000095
:10CCE000141E000030110000F401FA0096006400E8
:10CCF0004B0032001E0014000A0005000200010073
:10CD000010B50446D0F8C4022169884209D1B4F8AC
:10CD1000C812228B914204D1B4F8CA12628B91429C
:10CD200014D02188A4F8C01108F02AFBA4F8C2018D
:10CD3000B4F8C802A4F8C401B4F8CA02A4F8C60141
:10CD40000222074904F5DB7008F05BFE0221204651
:10CD5000FDF74EFB002004F89E0F0320E07010BD8D
:10CD6000815D03000648054901650649416507489C
:10CD700005490165064941657047000091DD0200E3
:10CD800014010020C95D0300A55D0300C00100205F
:10CD90006D6D03001E481D4981601E4941601E499A
:10CDA00001601E4981621E49C1621E49C1601E495F
:10CDB00081611E4901631E4901621E49C1641E4909
:10CDC00081641E4941641E4941631E49C1611E4977
:10CDD00041621F481D4981601E49C1611E4941626F
:10CDE0001E49C1621E4901611E4941611E494164DB
:10CDF0001E4941631E4981611E4901631E498164C8
:10CE00001E49C1641E49816370470000375D0300FD
:10CE100014010020FDAC020069AD0200B35E030006
:10CE2000FF5E03002DAE0200175F030029B0020071
:10CE3000C9AE020017600300CF5F0300876C0300D8
:10CE400079DE0200C9DE020035AF0200635D030037
:10CE5000C001002009E00200696D0300A96D030014
:10CE6000436D0300416E0300EF6D03001F6E03006E
:10CE700095DF02005F6E0300F35F03003D60030077
:10CE80003D6E03000648054981650649016607486D
:10CE9000054981650649C165704700006D7D030045
:10CEA00014010020F1EC02000F7E0300C0010020FD
:10CEB000CF6D0300F8B57C4C0121A4F11006217060
:10CEC0000025606075807570357080F81B120088D1
:10CED000FCF7FAF980B160680088FCF703FC606831
:10CEE0000088FCF7A7FB6068B0F81212C9B1803067
:10CEF00009F0A8FE18B114E040F6D9116CE06068A2
:10CF000090F830118DF80010009900919DF80010F4
:10CF100039B190F89F2001231946803008F036FA85
:10CF200080B16068803009F08DFE28B1606890F8AB
:10CF3000260100BF00F02EFB606890F81D1289B139
:10CF4000B5801EE06068A0F8D05090F8311180F8EC
:10CF500028110121022000F0E3FD606880F81A52D8
:10CF60000220E7E790F8BE118DF8001000990091BB
:10CF70009DF8001019B9C18C028B914200D8018B29
:10CF8000B180B0F81612491E8FB2B0F818123944A9
:10CF9000A0F8181230F8CC1F3944018001F062F873
:10CFA00020B1606850F8C01F394401606168B1F871
:10CFB0001202012802D8401CA1F812020FB181F818
:10CFC000245281F81A52B1F8162201F1800008F0BB
:10CFD00008FB20B14FF422613120FBF78FFC606821
:10CFE00090F89E100A2901D00B2919D1B0F894208D
:10CFF000B0F8BC32D21A12B2002A11DBD0F8BE123D
:10D00000C0F8A61090F8C21280F8AA100321FDF70C
:10D01000EFF9606880F89E50FF2180F8F41026E058
:10D02000252911D1B0F89410B0F8BC22891A09B2A0
:10D03000002909DB80F89E5000F02CFE0028606873
:10D0400080F83C5129D012E090F89D10252901D09C
:10D0500027290CD1B0F89410B0F8BC22891A09B273
:10D06000002904DB80F89D5000F014FEA8B10F48A1
:10D070000090D6E904010E4B0E4AFCF7C9FB60682C
:10D080000123052190F89E20803008F07FF90028C8
:10D0900009D0BDE8F840FCF7B5BBBDE8F840002179
:10D0A000084600F049BBF8BD0C01002039D702004A
:10D0B00075D20200E1DB02001D4908B5496891F80C
:10D0C0009E20C0B1112A06D0152A07D0162A09D0F1
:10D0D0001C2A28D109E000210B2008E0144809F09F
:10D0E000E9FD06E000F03AFD03E00021062000F033
:10D0F00017FD012008BD222A04D02F2A13D10021B8
:10D100001120F4E791F83C0102280ED091F83C017F
:10D11000012808D191F83D018DF800000098009099
:10D120009DF8000008B1002008BD00211720DEE7AF
:10D130000C01002038B5002873D13B4C6068D0F852
:10D140008C10CA0702D00021092066E08A070AD5A0
:10D1500000210C2000F0E4FC606810F8DD1F41F0B5
:10D16000010101705BE04A0702D50021132054E061
:10D170000A0706D590F8201180F828110021072011
:10D180004BE011F0300F44D090F833118DF80010BF
:10D19000009900919DF80010C1BB90F83211002554
:10D1A0008DF80010009900919DF80010C1B190F821
:10D1B0009E1025292BD090F89D10252927D00023DB
:10D1C00000F2BE2200F5997108F02FFC606850F85B
:10D1D0008C1F21F0200141F01001016080F8A65061
:10D1E000606890F88C10C9061BD508F039FC0E4811
:10D1F00008F028FE616801F12C00C28BA1F82821FB
:10D20000408CA1F82A010021152006E009E0012345
:10D21000D6E7480605D50021242000F081FC012036
:10D2200038BD002038BD00000C01002010B5104CA6
:10D2300001230021606890F89D20803008F0A6F856
:10D2400040B160680123042190F89E20803008F0EE
:10D250009DF808B1002010BD606890F8CA00002851
:10D26000F9D00121122000F05BFC012010BD00006C
:10D270000C0100200D4902464878A0B901F11000C8
:10D28000406842B18978090703D590F89F000728C4
:10D2900009D00120704700F12C018A8C818E8A42CE
:10D2A00001D8FFF7A5B8002070470000FC0000205F
:10D2B00038B5324C05466068803009F0C3FC002860
:10D2C0005BD1002D59D160680123194690F89F2049
:10D2D000803008F05BF800284FD1606890F830117A
:10D2E0008DF80010009900919DF80020002142B1B6
:10D2F000A0F8D01090F8311180F8281101210220F7
:10D3000030E090F89E2001230421803008F03EF8A0
:10D310000546FFF70FFF00282FD12846FFF7CCFE68
:10D3200000282AD1FFF782FF002826D1606890F8F4
:10D330009D1009291AD0002D1FD100F01DFB0028D7
:10D340001BD160680123002190F89D20803008F0F7
:10D350001DF8002811D0606890F8B40200280CD0A5
:10D360000121FF20BDE8384000F0DABB90F8211120
:10D3700080F8281101210720F4E738BD0C010020B6
:10D38000F8B52B4D060005F1100433D100F0B4F8C8
:10D3900000F052F806002DD16988480706D560686C
:10D3A00090F89F00062801D101202870880716D523
:10D3B000A868C0782B2807D21E4951F8201019B14F
:10D3C0001B48103088470AE0FF2804D040F27C5107
:10D3D0003120FBF793FA1648103009F0A9FCA87821
:10D3E000C00607D5606890F89E100A2902D10B216B
:10D3F00080F89E106878000718D560680123052121
:10D4000090F89E20803007F0C1FF08B108260DE09B
:10D410000025694603200095FCF7CCFA009828B156
:10D42000057210226168009808F0D7FA3046F8BDFE
:10D43000FC000020C00100202DE9F0412C4F00200D
:10D44000B978C90717D007F11006FC687068012386
:10D45000E57890F89E200521803007F097FF60B1B5
:10D46000AD1E0A2D06D2DFE805F0080805050808FC
:10D47000050508080820BDE8F0812046FDF706F9FB
:10D4800030B1E57845B1012D06D0162D18D103E055
:10D4900017482146103026E0706890F89D0008F08B
:10D4A0000BFC68B1716891F89D00202808D02128F4
:10D4B00003D0162D10D00220DDE72E2081F89D002C
:10D4C0002B2D0BD20B4850F825203AB1F968BDE856
:10D4D000F0410748103010472020CCE7FF2DD7D16E
:10D4E000034821461030BDE8F04108F0C2BB0000FF
:10D4F000FC0000201401002070B5254EB078000714
:10D5000045D506F110046068803009F09BFB48B1F6
:10D510006068FE21002580F8261190F89E101A29D7
:10D520000ED104E04FF4B1613120FBF7E7F980F848
:10D53000DB501748103008F08EFB606880F89E5072
:10D54000606890F89D10202902D0312916D10EE094
:10D5500090F89E2001230B21803007F017FF08B1BF
:10D560002E2000E02120616881F89D0006E0012165
:10D5700080F8B51280F89D5080F8D650606890F819
:10D580009F10072903D10221317080F8261170BD48
:10D59000FC00002038B505466846FCF78DF808B356
:10D5A0002222002100980AF0BCFF0321009808F015
:10D5B0008DF90098017801F0EF0101702946FDF71F
:10D5C00075F85B4C112D32D00FDCA5F102050D2D45
:10D5D0001FD2DFE805F0211E55A3A3261E621EA35D
:10D5E0003F39900040F632019EE0172D75D008DCDF
:10D5F000A5F11205052D0CD2DFE805F090905454EA
:10D600003800232D7BD0242D79D0252D77D0FF2DE8
:10D610007CD040F6E40187E06168009891F8281119
:10D6200016E06068009990F82801087176E060685B
:10D6300090F82311009808F035F9606890F82211ED
:10D64000009808F033F969E06168009891F82211B8
:10D65000017163E000980D21017159214171002190
:10D6600081710221C1711121017257E00098616836
:10D6700091F83E110171616891F83F1141714DE0DF
:10D680006168009801F50C7108F0C7F861680098AE
:10D6900001F58E7108F0BEF840E025480099FDF7CD
:10D6A00091FC3BE06068B0F84C10009808F016F967
:10D6B0006068B0F82A11009808F014F96068B0F8B2
:10D6C0004810009808F012F96068B0F82811009826
:10D6D00008F010F922E000E011E0616891F83C01E7
:10D6E00001280098C4D091F866100171616891F822
:10D6F0006710C3E70AE00098FDF70EFC0EE00D4B43
:10D700000B4A28461B680099984707E0606890F824
:10D71000B722D0F8B812009808F0CAF8FBF7A6FFB5
:10D72000002804D140F6E8013120FBF7E7F838BDC6
:10D730000C0100206C0200202DE9F35F8C4E8A461C
:10D7400070680088FBF7C0FD07000CD0A6F110053B
:10D750004FF000046888C0050AD57068A0F8CC4076
:10D7600080F8244209E040F6C3313120FBF7C6F8C7
:10D77000716831F8CC0F401C088000F073FC4FF04A
:10D78000010940B36888000506D5706890F8A310B9
:10D7900011B1C0F8C0401EE07068D0F8C010491C3C
:10D7A000C0F8C010D0F8C4208A4201D3531A00E058
:10D7B0000023B5F804C00CF1050C634501D880F8CE
:10D7C000CA90914207D3C0F8C0400222694900F2D2
:10D7D000571008F016F968884FF0020B10F4407FDC
:10D7E0000ED0706890F8A11011B1032908D102E0A1
:10D7F00080F8A19001E080F8A1B00121FEF708FEB9
:10D800007068B04690F8A110012904D169884905D3
:10D8100001D580F8A1B00099002979D1A9784906ED
:10D8200002D5A0F8384204E0B0F83812491CA0F83C
:10D8300038125046FFF7A4FD40EA0A008246FFF77F
:10D8400037FDD8F80460B6F81802401CA6F8180294
:10D8500096F81C0228B1FCF7EBF8B0B1A6F8184214
:10D8600013E0FBF7ABFF08B1A6F81842FBF7A0FFE7
:10D8700058B196F82402401CC0B286F8240202284F
:10D8800003D9A6F8184286F82442D8F80400464680
:10D89000012390F89E200021803007F077FD20B909
:10D8A000706890F89E000B285FD1706801230021FA
:10D8B00090F89D20803007F069FD50B37068012317
:10D8C000002190F89F20803007F060FD08B3706859
:10D8D00090F8A110022948D190F82402C8B938461E
:10D8E00007F0C6F8A8B17068803009F0ABF980B9CC
:10D8F0007168B1F81202012837D981F81A92B1F88B
:10D90000CE20B1F8CC00931E984203DB012004E046
:10D910001CE02AE0101A401E80B2B1F81832AA8822
:10D92000934201D3012202E0D21A521C92B29042D9
:10D9300000D91046012801D181F81A427168B1F866
:10D9400094201044A1F8140200F0A8FCA8785246D4
:10D95000C0F38011009800F099FBD8F8040080F81B
:10D960001B42BDE8FC5FFBF76BBE01207168E3E77B
:10D970000C010020C15F03007CB5684C012300212D
:10D98000606890F89D20803007F000FD00287AD074
:10D99000606890F84311002539B101210E2000F094
:10D9A000BFF8606880F84351B6E090F8421119B1B1
:10D9B00090F8DD10890716D090F832118DF8041018
:10D9C000019901919DF8041041B190F833118DF83F
:10D9D0000010009900919DF8001089B190F83C1159
:10D9E000012930D040E001210C2000F099F8606856
:10D9F00010F8DD1F41F00101017080F865508BE0E7
:10DA000090F89E1025291CD090F89D10252918D03B
:10DA10005FF0000300F2BE2200F5997108F005F8EE
:10DA2000606880F832510121142000F079F86168B3
:10DA300001F12C00C28BA1F82821408CA1F82A0109
:10DA40006AE00123E6E790F83D118DF80010009997
:10DA500000919DF8001039B990F89E2001230B2108
:10DA6000803007F093FC78B1606890F849118DF828
:10DA70000010009900919DF80010C1B301212320EE
:10DA800000F04EF848E031E0606890F86A0009F074
:10DA9000E1F80546606890F86B0009F0DBF806468F
:10DAA000606890F83E11284609F0DFF858B16068C8
:10DAB00090F83F11304609F0D8F820B100211748FE
:10DAC00001F0F4F811E060680123032190F89E2032
:10DAD000803007F05BFC40B960680123022190F8B8
:10DAE0009E20803007F052FC10B100207CBD02E087
:10DAF00001211620C4E790F846018DF80000009837
:10DB000000909DF800000028F0D00121252000F0B1
:10DB100007F8606880F846510120E7E70C01002013
:10DB200070B50D4C06460D466068803009F08AF8E5
:10DB300020B140F6ED013120FAF7E0FE62680020E6
:10DB400082F8266125B122F8D20F0120107170BD34
:10DB5000A2F8D80070BD00000C01002038B51F4CA1
:10DB60000025606890F8A01201290AD0022933D15B
:10DB700090F8DC10D9B1062180F82811002102208C
:10DB800025E090F808128DF80010009900919DF89A
:10DB90000010002920D100F5847300F50A710022DD
:10DBA00000F2A12008F0D4FA002105200FE006229F
:10DBB00003210A4808F071F8606890F8EC008008CA
:10DBC00010F0010F01D0112000E00D200021FFF71F
:10DBD000A7FF606880F8A05238BD00000C0100204B
:10DBE00070B52B4B024658881043588003F1100043
:10DBF000402A40680DD096074FF000054FF0010411
:10DC00004FEAC2760CD54EB14FF433613120FAF7AA
:10DC100075FEBDE870400421FEF7FABB99601CE078
:10DC2000C6B1D960C978062902D00B2912D109E002
:10DC300090F89E1018290DD10021C0E93E1180F8FE
:10DC4000A24007E090F89E10122903D180F8A2505C
:10DC500080F8DC40910716D59968C978052902D06B
:10DC60000B2910D109E090F89E1016290BD1002144
:10DC7000C0E9401180F8A34005E090F89E101129FA
:10DC800001D180F8A350900601D50820587070BDCE
:10DC9000FC0000202DE9F041294C0125626892F832
:10DCA000BE1209B1012700E0002792F8BF0208B1B7
:10DCB000012600E000260FB992F86A100EB992F81A
:10DCC0006B0002F1620319725872FF2098721D48AE
:10DCD00003680BB110469847606890F83C01012832
:10DCE00001D007B91EB10021154800F0DFFF6068C0
:10DCF0002C3007F009FF0646606807F0B1FE30B12E
:10DD0000616801F5B07231F82C0BFCF707FF0521B3
:10DD10006068FEF77DFB60682C3007F0F5FE044676
:10DD2000A6420AD203F01EFC0146A01B682800D2BE
:10DD3000682003F0D5FA00B100252846BDE8F0813F
:10DD40000C0100207402002070B5104D6C6894F82E
:10DD50009D20212A02D02E2A02D014E0014609E09B
:10DD600094F89E2004F1800001230B2107F00EFBA4
:10DD700018B92A21054800F099FF6968002081F848
:10DD80009D0081F8D600002070BD00000C0100202D
:10DD90002DE9FC4104464068884690F88C0010F05C
:10DDA000300F02D00120BDE8FC81084607F046FD97
:10DDB00030B3404607F03CFD0746404607F03CFDC7
:10DDC0000646404607F032FD0546404607F032FD64
:10DDD00001460097606833462A462C3007F09EFEC5
:10DDE000244881788A074FF0010103D58068C07804
:10DDF00014280BD0606890F89D001D2806D008E01C
:10DE000041462046BDE8FC4107F033BF606880F81A
:10DE10006010606890F86010012911D090F83311FB
:10DE20008DF80410019901919DF8041041B990F802
:10DE300032118DF80010009900919DF8001049B141
:10DE400050F88C1F41F010010160204607F0FBFEE6
:10DE50000020A8E750F88C1F41F020010160054820
:10DE60001030406800F5BA7200F12C010088FCF710
:10DE700085FEEAE7FC000020024612480979436863
:10DE800093F89D00212811D02E280FD028280FD0DC
:10DE900004280FD00F280FD01D280FD093F89E0014
:10DEA00023280DD05FF0FE0000F050B81620FBE7ED
:10DEB0002320F9E70E20F7E71220F5E71420F3E717
:10DEC0001720F1E70C01002070B5044640680B797B
:10DED000002590F89D00162B13D006DC0E2B09D0E0
:10DEE000122B07D0142B2DD104E0172B02D0232B9B
:10DEF00028D120E022460121184600F07FF905468E
:10DF000020E0212801D02E281CD1204607F0CBFE8E
:10DF1000606890F89E10222914D00821EC3008F097
:10DF20005EFE60680B21EC3008F059FE1A21204695
:10DF300000F0BCFE06E0282804D1034802680AB1BC
:10DF400020469047284670BD7802002003460020F6
:10DF5000172B17D00ADC0E2B14D0122B12D0142B37
:10DF600010D0162B12D10846FFF7EEBE232B03D09C
:10DF7000242B01D0252B09D1054A1268002A05D08F
:10DF8000184610470021184600F038B970470000C5
:10DF90007002002070B50446406890F89E101C295D
:10DFA00004D040F2E7413120FAF7A8FC002580F8C0
:10DFB000DB50606890F8DC1061B180F8DC5060687C
:10DFC00002220188A0F80A1260680D4980F80952FF
:10DFD00060680CE00188A0F80A12606880F80952B5
:10DFE00061680120022281F80C020649606800F590
:10DFF000007007F0F2FC606880F89E5070BD000071
:10E00000815E0300655E0300154910B589680A79D1
:10E01000416891F89D30092B0AD191F82131934242
:10E0200006D1002281F89D20406880F8D62010BDDE
:10E03000D1F88C301C0707D523F00802C1F88C20DA
:10E04000BDE8104007F007BEFF2A04D040F2874128
:10E050003120FAF753FCBDE8104008F069BE00001B
:10E06000FC000020084810B5406890F8A31041B9A2
:10E0700090F89E2001230621803007F087F90028C0
:10E0800000D0012010BD00000C010020F8B5594C53
:10E09000064615466068002211B1A0F8262206E067
:10E0A000B0F82612B0F816221144A0F8261290F803
:10E0B00030118DF80010009900919DF8001039B9C9
:10E0C00090F89F2001231946803007F05FF930B1A6
:10E0D000606830F8D01FB0F84621114401806068B4
:10E0E00090F8D62032B1B0F8D210B0F816321944F8
:10E0F000A0F8D21090F9DA30002B06DDB0F8D81075
:10E10000B0F816723944A0F8D81090F8BD1009BBC9
:10E11000BEB9384910390978022906D001290AD038
:10E12000F5B1E9060BD51E2142E090F82811062929
:10E130003ED016213CE090F8A01059B954E02907D0
:10E1400001D53D2134E0A90601D5232130E0A907FE
:10E1500001D02A212CE040F6DD213120FAF7CEFB58
:10E160002AB1B0F8D210B0F8D420914216D2002BC8
:10E1700005DDB0F8D810B0F8D42091420ED2B0F836
:10E18000D020B0F8CE108A420AD390F830218DF812
:10E190000020009A00929DF800200AB1222107E099
:10E1A00090F8A12072B1B0F8CC208A421CD308218B
:10E1B00090F8BC208DF80020009A00929DF8002075
:10E1C0006AB905E0B0F8CC1006290DD33E21EFE77F
:10E1D00080F8BD1002220849B43007F0FEFB6068E9
:10E1E000BDE8F84008F01FBDBDE8F8400021FEF78B
:10E1F0000FB900000C010020F55C030070B5144657
:10E200000E4661680246002591F89D000E2A0AD04C
:10E21000122A11D0142A17D0172A24D040F24E21E6
:10E220003120FAF76BFB042833D1204607F03BFD81
:10E230002046FCF7DBFE2CE00F282AD100212046E7
:10E2400007F0E9FE054624E01D2822D1204607F00C
:10E250002AFD26B160680521EC3008F0C0FC0E48AC
:10E2600007F0F0FD15E091F89E00232811D100265B
:10E2700081F89E60204607F0EEFC606890F83C0153
:10E28000012803D10021204600F010FD606880F8CD
:10E290003C61284670BD00000C01002070B52E4D79
:10E2A000686890F8A11051B1012908D0022909D05D
:10E2B000032907D040F652113120FAF71FFBB0F8BE
:10E2C000141237E090F89F10072936D0B0F8CC2010
:10E2D000B0F8CE100024931C994206D3891A891EE7
:10E2E0000C04240C01D0641EA4B290F8CA1039B1F9
:10E2F00090F89D2001230921803007F047F840B3B2
:10E30000FFF7B0FE78B16A680020D2F8C410D2F8E6
:10E31000C020931C994203D3881A801E00D0401E4F
:10E32000A04200D284B20CB1641EA4B26868B0F8F6
:10E3300014122144A0F8101270BDB0F8CC100329BB
:10E34000BDD330F8941F428F1144491CA0F87C11B2
:10E3500070BD0024EAE700000C01002070B544689D
:10E360000D2204F59875002104F16F000AF0D9F828
:10E370004FF4A3700021A4F844110155A5F817101B
:10E38000697608465FF07F0104EB4002401CC0B292
:10E3900082F874100228F7D394F96E10204608F022
:10E3A000BDFD0020FF212218401CC0B282F877106A
:10E3B0000228F8D370BD0000F0B56FF01F02010C09
:10E3C00002EA90261F25A1F5AA4054380DD0A1F5E8
:10E3D000AA40553809D0A1F52850AA3805D0A1F592
:10E3E0002A40AA3801D0012000E000200022134674
:10E3F0004FEA020482EA0107FF431F437F1C0FD04C
:10E4000006F00107520842EAC73205F001075B082F
:10E4100076086D08641C43EAC733162CEAD3F0BDB6
:10E420000020F0BD03494A880280097881700020ED
:10E4300070470000E81B00203EB50C4605460088EA
:10E44000694606F08CFF002228B1C4F80220A271B0
:10E45000228002203EBD019911F1800181F87420D3
:10E46000D1F82600C4F8020091F82A00A07128888B
:10E47000208091F874008DF80800029802909DF8B1
:10E4800008000028EAD13EBDFEB50D4606460088CC
:10E49000694606F064FF00281AD1DDF80440002721
:10E4A00084F86C7014F86A0F09F01CFAA870607890
:10E4B00009F018FAE870A0788DF808000298029028
:10E4C0009DF808006A3C0028EAD1308828800020A6
:10E4D000FEBD000003490A8802804988418000206F
:10E4E000704700007E0200203EB5002402A98DF88E
:10E4F00004408DF80840009182784178007801ABA3
:10E5000009F077FB002812D19DF8040009F0B1FA58
:10E5100070B19DF8080009F0ACFA48B105489DF8C3
:10E52000041081739DF80810C173048200203EBD61
:10E5300011203EBDE81B002010B50446418800882C
:10E5400009F0ACFA002805D10348218801806188D0
:10E550004180002010BD00007E0200202DE9FC411A
:10E560000F460546067809F037FA00280ED12846EE
:10E5700009F00CFA002809D101213046FAF756FCBF
:10E58000040005D008F00FF870B10C20BDE8FC8144
:10E5900001213046FAF712FC040013D0154890F917
:10E5A0000010204607F01BFE204607F07EFE387064
:10E5B000E87429462046FCF769FF0646687EB8B134
:10E5C00016B115E00720E1E700226846216B06F04E
:10E5D00041FD00220121206B06F0B6FD04226846B1
:10E5E000216B06F037FD00221146206B06F0ACFDD2
:10E5F0003046CBE77C020020017871B1417861B1EF
:10E6000041881B2909D381881B2906D30449026844
:10E610000A608088888000207047122070470000C0
:10E62000E81B0020006840F2E241884203D303491E
:10E63000886000207047122070470000E81B00200F
:10E6400010B5FBF775FF09F0CCFA0149087010BD51
:10E650007C020020034AD2E90012016042600020DF
:10E660007047000008EB02000EB50088694606F00E
:10E6700076FE60B9019809F078FA40B10198014638
:10E6800090F84221803001F5A17162B901E00220C9
:10E690000EBD90F866208DF80820029A02929DF82F
:10E6A000083001220BB13A200EBD90F85D309B0777
:10E6B00006D0022205495E3007F0A3F900200EBD06
:10E6C0000A70684607F05DF9F8E700004F60030044
:10E6D000024940F6A660886009F0DAB8E81B00201D
:10E6E0002DE9FE43334C13460E46B0F854202588DE
:10E6F000B0F85210954200D22A4690468D4200D37F
:10E700000D46648840F64802944201D2214600E05A
:10E71000114600D314462746914200D311460C46B9
:10E720004FF4A4721B2D01D0974204D1B8F11B0FF6
:10E730003ED094423CD06A46194609F0BDF9BDF876
:10E7400006004146404500D90846F080BDF8081053
:10E75000A14200D80C463481BDF80210A94200D86D
:10E760000D467580BDF80410B94200D80F46B78039
:10E77000FF2131701B38E02802D94FF4B66114E054
:10E780001B3DE02D02D940F2B2510EE04FF4E060A3
:10E79000A4F5A474844202D940F2B45105E0A7F56F
:10E7A000A477874204D940F2B6513920FAF7A6F887
:10E7B000BDE8FE837E02002070B586B0044600F0FE
:10E7C00031FA400940EAC1602D4EC00704F12C0522
:10E7D00002D07188B08801E01B210846E9842885B1
:10E7E00000F020FA88074FF0010505D58DF800509C
:10E7F00068460194FFF7B2FDB068E06241F64C5103
:10E8000021612188ADF80410B17B8DF80610F17BF1
:10E810008DF80710318AADF8081004A90091284638
:10E8200003AB01AA214609F07DF938B12088002107
:10E83000FAF7B8FB08B340F27D511BE09DF80C00DD
:10E840008DF814009DF810008DF81500BDF8080033
:10E85000ADF8160005A9204606F020FE707800905D
:10E860003378B28871882088FAF758FC002805D0E0
:10E870004FF4B1613920FAF741F8092006B070BDB4
:10E88000E81B002010B5052000F0C0F9FEF76AFA79
:10E8900002490148886010BDE1E602007C020020C8
:10E8A00010B501210020FAF7C1FA04000AD10121B4
:10E8B000FAF784FA040007D0064890F900102046C1
:10E8C00007F08DFC204610BD4FF44C713920FAF74B
:10E8D00015F800007C020020F8B50C46054607F04C
:10E8E000E7FC58B1284607F0D6FC48B1B4F801005F
:10E8F000122108B1802803D90846F8BD4221FBE760
:10E90000284607F0BBFC20B1284607F04CFE30B982
:10E9100001E00C21F0E7284607F03DFC08B10C208F
:10E92000F8BD2846FCF762FD10B3B4F8016042F26E
:10E9300010704643E178284607F097FC284607F018
:10E94000A6FCB8B100216846FAF7FEFA04001BD015
:10E950000021FBF74DFDBDF8000020802146284630
:10E9600007F0BBFC284607F09AFC78B1012111E0C2
:10E970001220F8BD324600212846FDF75DFC002834
:10E98000F7D041F2697112E00D20F8BD284607F07A
:10E99000A2FC01462046FFF70FFF0028F5D13246C2
:10E9A00021462846FDF748FC20B141F28C71392000
:10E9B000F9F7A4FF0448836823B1002204F5997194
:10E9C000204698470020F8BD7C0200202DE9F04148
:10E9D00088B00446008806A906F0C1FC002847D18B
:10E9E000079890F87C118DF80810029902919DF813
:10E9F0000810803001B101218DF80C10017B4FF01F
:10EA00000008890602D59DF80C1049B15FF000019D
:10EA10008DF8041005216C3008F0D1FA10B104E033
:10EA20000121F5E79DF8040008B32189E08809F089
:10EA300035F800281CD1A188608809F02FF800283B
:10EA400016D12189E08809F01FF8002810D1A1888B
:10EA5000608809F019F806000AD1079800F5997541
:10EA6000FF276F709DF80C1029B13A262EE01A206E
:10EA700008B0BDE8F081414603AA09F01DF861889D
:10EA8000BDF81200814200D20846E880A188BDF896
:10EA90001400814200D208462881E288BDF80E1099
:10EAA0008A4200D2114669802289BDF810108A423C
:10EAB00000D2114640F64802A980914200D3114687
:10EAC000A980904200D202462A812F7085F80180E9
:10EAD0003046CDE710B50A4800210A4BC174818247
:10EAE0001B221A804FF4A4745C808173C1730323CA
:10EAF000037002234370428082808174017310BDD1
:10EB0000E81B00207E0200200D02110D59000211A9
:10EB100010B5FBF72BFF054C606809F0E6F8FFF72E
:10EB2000D7FDFCF7A9F80120207010BD8802002055
:10EB300001480078704700008802002010B5064C9C
:10EB4000A06809F0D2F8E06809F0CFF808F0A0FE5C
:10EB50000020207010BD00008802002010B505497B
:10EB6000054809F0B5F80448BDE810400349001D08
:10EB700009F0AEB8980200208C020020A00200200C
:10EB800010B50849084809F0A3F807480749001DCF
:10EB900009F09EF80448BDE810400549083009F026
:10EBA00097B80000B00200208C020020B8020020BC
:10EBB000A802002001484078704700008802002029
:10EBC00010B5FCF723FDFDF7EBFBBDE81040014855
:10EBD000FCF702BD4A1E00200A4910B5012048700A
:10EBE000FCF744FDFEF7D6F806F025FB0649A1F533
:10EBF0008170FAF7E9FD0020FAF7C4F8BDE810408B
:10EC0000FBF7BABE880200204C1F0020044AC1084E
:10EC100000F0070301209840535C034353547047AE
:10EC2000000000200149D1E90001704700000020E8
:10EC3000064801880079020642EA112000F001002E
:10EC40000018C0B240F00100704700000000002032
:10EC500010B504F0A3F90022084B114633F8214007
:10EC6000844203D303EB8100827803E0491CC9B2DC
:10EC70000C29F3D30248027010BD00003C7D030054
:10EC80006D0300204268114602F5A570128820F835
:10EC9000462F91F86220827091F86310C17002498A
:10ECA000093806F091BE000051EE020070B54568CB
:10ECB00005F5CF762888A5F89E0185F89D1105F504
:10ECC000987495F86A0009F00CF9B07095F86B002B
:10ECD00009F007F906F8030F02220449A6F10D0016
:10ECE00006F08FFE0020207370BD0000337E03000D
:10ECF0002DE9F84345680446894695F89D0021288A
:10ED000007D0002695F89E00232804D026B39D3511
:10ED100002E00126F6E79E35084606F0ADFD002725
:10ED2000E8B132464946204609F0FCF8B8B16A46D7
:10ED30004946606809F094F898B3484606F09AFD91
:10ED40006168A1F8BC026168B1F8941009F0D4F8C8
:10ED500040B3282061686CE00220BDE8F883606859
:10ED60004FF0000890F83C11012915D080F83C7153
:10ED70000EB3616899F80300012281F821018240F5
:10ED80006168C2F3006070B1092081F89D0060687D
:10ED900090F8D600C0B909E01E212046FFF786FF93
:10EDA000E6E713E027E040F26D2101E040F2752133
:10EDB0007E20F9F7A3FD2F70204606F04CFF494650
:10EDC000204606F056FF80464046C6E7606890F849
:10EDD0003C11012909D080F83C71606800F19E0166
:10EDE000A9421CD180F89E7019E000212046FFF74F
:10EDF0005DFF2F70F1E7616891F89E000D2817D034
:10EE00000B2815D00A2813D09DF8000081F8BE0207
:10EE100061689DF8010081F8BF02252028706068B4
:10EE200000F19E01A9420DD1204606F014FF0BE02F
:10EE30002A2081F8BD00606802220449B43006F03F
:10EE4000CCFDECE780F8D670002086E7F55C030087
:10EE50007FB50E460446FBF753FC002520B3A4F211
:10EE6000871402A92088ADF8000006F078FA08B1EE
:10EE70002E2110E0039810F8661F8DF802104178DB
:10EE80008DF803104088ADF804000221684608F0B0
:10EE900097FC18B144217E20F9F730FDCDF80050E1
:10EEA000BDF8000004B070BD19203070D4F809001E
:10EEB000C6F80300014800680090F1E7C0EE0200C8
:10EEC0000400000070B5054616460C46022000F00E
:10EED000B7F906490120F61E087005480660044887
:10EEE00008380560001F046070BD00006E0300203C
:10EEF00010F5004010B50C4C207880B10B494FF450
:10EF00000000086000F06AF8002120B10120607064
:10EF10000748006801E061701020A0702170BDE812
:10EF20001040002000F08CB96E03002008F501406D
:10EF300000F4004010B5022000F082F904490120DD
:10EF4000087000F059F803494FF40000086010BD44
:10EF50006E03002004F50140034800210170417058
:10EF600010218170704700006E030020074810B523
:10EF7000017841B100F032F818B105480068C0B21C
:10EF800010BD102010BD807810BD00006E03002061
:10EF900000F40040084810B5017859B10748D0F88E
:10EFA000000128B100F00CF8002800D0012010BDAD
:10EFB000022010BD407810BD6E03002000F000401C
:10EFC0000548D0F8041111B1D0F8080108B10020AB
:10EFD000704701207047000000F00040054810B560
:10EFE000D0F8000120B1FFF7EBFF08B1012010BD00
:10EFF000002010BD00F0004004480021C0F80011BE
:10F00000C0F80411C0F808117047000000F000407B
:10F010002DE9F04104461E4690460F46012000F0BF
:10F020000FF91E4D1E4804F003012E7100683204D2
:10F0300061F3070066F30F20000C1A4E42EA0060ED
:10F040000843C6F804051848076009F0ACF938B958
:10F0500015481030016821F0FF0141EA0801016004
:10F0600000F0E4F80CB1042C07D111480D490F4A07
:10F07000091DC0F81025C0F8141501206870EC7047
:10F080001CB1012C01D0022C06D128700021C6F839
:10F090000011C6F800123060BDE8F0817103002055
:10F0A0003CF2020000F0004008F5004000F1004092
:10F0B00088F0014070B51C4A5378A3B11B4B19600E
:10F0C000191D0860012595701046D678184B0078F8
:10F0D000184C002156B1042E1BD008B3C4F80411FB
:10F0E0006806186070BD40F20E211AE078B1204623
:10F0F000C4F804114FF400361E60711208F090FF3E
:10F100000028EFD065600A48001D066070BDEB2145
:10F1100007E01570C4F80411C4F80052256070BDF2
:10F12000FE213C20F9F7EAFB710300200CF50040BA
:10F1300004F5014000F0004070B5054D002428782A
:10F1400010B100F073F82C706C70AC7070BD0000E2
:10F1500071030020024800210170417081707047E6
:10F16000710300200B4810B5007858B14FF482713C
:10F17000094808F055FF40B108480068002800D051
:10F18000012010BD4FF41D7101E040F275213C20BB
:10F19000F9F7B4FB7103002000F0004000F40040D8
:10F1A000014801218160704700F000402DE9F047DF
:10F1B0001B480078D8B1DFF86C804FF48276314676
:10F1C000404608F02DFF002828D10220C8F804038B
:10F1D000154C2068C04340F30015206840F0100033
:10F1E00020604FF400474FF0E0296D1C08E04FF419
:10F1F00020713C20F9F782FBC9F8807209F013F9FD
:10F200003146404608F00CFF0028F5D01DB92068B3
:10F2100020F0100020600220C8F80803BDE8F08745
:10F220007103002000F0004010ED00E002490148A9
:10F23000086070470000020208F50140000001006C
:10F2400010B5044600F020F8002C0ED00B4A0B48F5
:10F250000B491432012C05D0022C07D082213D200D
:10F26000F9F74CFB02230360116010BD0323036018
:10F27000116004494FF40000086010BD00F5004023
:10F280004E20002004F50140054810B50021016022
:10F290000160FFF751FF03494FF40000086010BD03
:10F2A00000F5004008F501400548D0F8001221F0B3
:10F2B0004001C0F800120021C0F86015704700003E
:10F2C000001000400449C1F86005D1F8000240F088
:10F2D0004000C1F800027047001000400249085C7D
:10F2E00000F51660704700008EFF0200F8B5244C50
:10F2F000D4F8040310F0100F01D0012700E000271C
:10F300001020C4F808030220C4F800021D4800259C
:10F310001D4980F82D504FF460200860D4F8500546
:10F320004FF4887610F0FF0F19D0FF208DF8000001
:10F33000C4F810510120206105E000BF9DF80000D5
:10F34000401E8DF800009DF8000028B1314620468F
:10F3500008F095FE0028F1D09DF8000058B100F0AB
:10F3600033FCC4F8105100F093FD002F02D01020A0
:10F37000C4F80403F8BD4FF404613E20F9F7BEFA67
:10F38000001000408816002008F501402DE9F041EA
:10F39000184D074695F82D00C2070FD0164CD4F82B
:10F3A000002242F00102C4F8002240F0020085F879
:10F3B0002D0001263FB1012F0BD010E040F2167155
:10F3C0003E20F9F79BFA084600F0BCFD6E722660FD
:10F3D00005E0084600F09CFD022068726660074860
:10F3E000C66406480C30D0F840153846BDE8F041F8
:10F3F00000F020BD88160020001000400080004072
:10F400002DE9F0472C4C06002C4D94F82D00DFF828
:10F41000B08040F00200894684F82D004FF00007CC
:10F4200002D0012E20D036E0084600F08BFD0120EE
:10F430006072E079012805D1D5F8000240F008009B
:10F44000C5F80002606A40F4801060624FF48010DA
:10F45000C8F800001B4931F819004FF47A7100F523
:10F46000FA70B0FBF1F716E0084600F051FD0220FB
:10F470006072E079012805D1D5F8000240F004005F
:10F48000C5F80002606A40F4001060624FF400109A
:10F49000C8F80000292700F0FDFB08F078FE20B135
:10F4A000FFF724FF0020BDE8F0870021304600F080
:10F4B000C1FC3846F7E70000881600200010004025
:10F4C00004F5014088FF0200044A10B5D2E90C346B
:10F4D000C0E90034906B086010BD00008816002061
:10F4E00010B51DC8014981E81D0010BD7816002027
:10F4F0000F4910B5CA69824202D340F6D1010BE030
:10F5000001220A7308610B494A640A1DD2F840358A
:10F51000834204D340F6DA013E20F9F7EFF90023E5
:10F52000C1F84431C2F84005BDE8104000F056BCB7
:10F53000881600200080004070B50F4C0346022062
:10F54000207394F82150962094F82010227D012DEC
:10F550000ED000F055FD206108480021C0F844118C
:10F560002169E06908440549091DC1F8400570BDDD
:10F5700000F064FDEFE700008816002000800040E6
:10F5800010B508F02CFF002806D00448016821F0CF
:10F59000010141F08071016010BD0000741700404E
:10F5A0002DE9F04140220021134808F0BAFF00F095
:10F5B0006FFC08F0CDFE114D104E00240F4F0835A2
:10F5C000103628B908F0DBFE10B908F0E2FE08B1E9
:10F5D000242206E008F01DFF10B908F010FF40B12A
:10F5E0004022FF21384608F09CFF2C603460BDE8C3
:10F5F000F0813822F5E7000088160020000E004058
:10F600000148C0697047000088160020014890F842
:10F61000200070478816002001488069704700006C
:10F620008816002010B500F0E7FBFFF75FFE00F042
:10F63000AFFD30B1401C04D040F2FC413E20F9F750
:10F640005DF90F480F4A416A41F04461116000249E
:10F6500044620473C461846100F0CEFB0A48C0F8C0
:10F660004841C0F84441C0F84041C0F84C41012035
:10F6700008F0F4FCBDE81040012008F0E2BC0000F6
:10F680008816002008F501400080004070B5012078
:10F6900008F0E4FC374C0020C4F8FC0F0120C4F84B
:10F6A000FC0F08F08CFE344D18B1286840F48060DF
:10F6B000286008F078FE28B12868304920F06900F9
:10F6C0000843286008F08BFE38B12B48001D016804
:10F6D00021F47F4141F4B0510160274928483C3171
:10F6E000086000F08FFD40B14FF08050D0F830033B
:10F6F000411C02D02049103108604FF01020006EEC
:10F70000411C04D01F490A6860F317420A6040F2A6
:10F71000031140F25B60C4F83415C4F838050120C9
:10F72000C4F8300500F042F840F20120C4F8500659
:10F730000220C4F8000214494FF0406008601349E9
:10F74000002008861031C86181F82D00012008F0E2
:10F7500078FC1020C4F804034FF0E0210220C1F827
:10F7600000010B480068002802D0BDE87040004747
:10F7700070BD0000001000403C1700409600008063
:10F780002C0000898C15004004F5014078160020FB
:10F79000C00200200149487570470000881600200B
:10F7A000014951F820007047DCFF0200084910B5FC
:10F7B00008750849012806D0022806D040F63551C0
:10F7C0003E20F9F79BF8032000E00420086010BDFC
:10F7D00088160020101500400649C1F804050649A6
:10F7E00011F82D2F42F0010201F80529086000F000
:10F7F0001DBA00000010004088160020014951F891
:10F8000020007047E8FF02002DE9F047304E314CF0
:10F810008846070015464FF0010906D0012F12D087
:10F8200040F2C3713E20F9F769F8104600F08AFBF8
:10F83000294884F8099030F81510404600F030FB54
:10F84000054630460CE0104600F062FB0220607274
:10F8500049F6BA71404600F023FB05461C48001DDE
:10F8600000F0DCFADFF87480C8F84055DFF874A0C7
:10F870001B48CAF810051020C6F80403606A4FF44C
:10F88000002640F4002060621748066000F002FA8B
:10F890004146C8F84C9011480C30D0F84005A842B9
:10F8A00010D30020C1F84005CAF81405606A20F49E
:10F8B000002060620C48001D0660FFF717FD002065
:10F8C000BDE8F0872946384600F0B4FA0120F7E792
:10F8D000001000408816002088FF020000800040D1
:10F8E0004081004098F0014004F501400D4B10B5F7
:10F8F000D8719A7251B102201872012808D00228DA
:10F900000FD040F6F1113E20F8F7F8FF0120F3E7A1
:10F91000587A022805D100F04DF9BDE8104000F0FA
:10F9200053BA10BD8816002002490020C1F84005D6
:10F9300070470000008000400449D1F8481501F0EC
:10F940007F01494201700120704700000010004013
:10F950000349020EC1F824250002C1F81C057047B6
:10F96000001000400149C1F83C05704700100040FC
:10F97000124A10B582F82C000022012906D0022973
:10F9800002D04FF4377114E04FF080720C490A43F3
:10F990000C490A600C4908430A49091D08600B48D4
:10F9A000D0F85005C0B2032801D00B2804D14FF481
:10F9B0003D713E20F8F7A2FF10BD00008816002020
:10F9C0000801100014150040000003020010004060
:10F9D0000149887570470000881600202DE9F0471E
:10F9E00053484FF0010AC0F84CA051480C30D0F8F1
:10F9F000406508F0CAFB4F4C002504F1300181E856
:10FA0000610000F0E1F84C49606A0860DFF82C8181
:10FA1000656240F21D12D8F800129143C8F8001236
:10FA200084F82D5000F04AF9054641480830D0F8D6
:10FA300040053F4FE0613F1DD7F84005A06194F8B5
:10FA40002100207D84F82000607A84F821004FF0A6
:10FA500000093146284600F07DF918B9C8F810A011
:10FA60004FF00109334EE807A6F1100620D1A80790
:10FA70002FD508F0B4FCF0B908F0A1FCD8B9304893
:10FA80000068C0F3425CC0F3006300F00F02C0F3F3
:10FA90000311C0F3032873B11AB111B1B8F1000F0B
:10FAA00009D1C0F30440012805D1BCF1030F02D2F3
:10FAB0003068804716E0A06A94F82C10407888429D
:10FAC00001D945F0040545F380004946401C7268A1
:10FAD00007E015F0280F05D045F34011B2684846FD
:10FAE000491C9047E80601D5F0688047607A0228F3
:10FAF0001CD1207B002819D0022804D0012806D070
:10FB000040F6154109E02169E069084408E0E1692F
:10FB10002069884204D840F616413E20F8F7EEFEF0
:10FB2000C7F84005BDE8F04700F058B9BDE8F087D8
:10FB3000008000408816002008F5014000100040B9
:10FB4000501400400B48817D0B48405C00F5166066
:10FB5000B0F5166F04D2A0F6381040F4807001E0C2
:10FB6000A0F51660054AC2F8080501F07F00C2F84A
:10FB700054057047881600208EFF020000100040D8
:10FB800008B50B496B4691F91520897D00F0A2FA62
:10FB90009DF9000000F072FA0DF1010000F01CFB6D
:10FBA000002804D040F27E513E20F8F7A7FE08BDA1
:10FBB000881600200348017A012902D1807AFFF7D4
:10FBC000DFBF7047881600200D4810B5407A012825
:10FBD0000CD0022813D100F0E1FA00280FD0401C0D
:10FBE0000DD040F657013E20F8F788FE00F0E8FA05
:10FBF000002804D0401C02D040F65101F3E710BDAC
:10FC00008816002008480021C0F80011C0F80C1127
:10FC1000C0F81011C0F80411C0F81411C0F8181180
:10FC2000C0F808117047000000100040164810B5D9
:10FC300090F82D00C10726D0810714D51348D0F8BD
:10FC4000001241F00101C0F80012D0F85005C0B216
:10FC50000B2805D00A2803D0032801D0022812D18E
:10FC600040F2A7510CE040070DD50848084908307C
:10FC7000C1F8140508F08BFA002804D040F2AF5107
:10FC80003E20F8F73BFE10BD881600200010004013
:10FC900098F0014008480146C27991F82D1012B140
:10FCA000012A03D006E041F0020101E041F0040125
:10FCB00080F82D10FFF7BABF881600202DE9F0411B
:10FCC000214D0024287B28B12048D0F8440108B1F8
:10FCD000012700E00027687A1D4E4FF48671012845
:10FCE00002D0022806D016E0304608F0C8F990B1DC
:10FCF000082410E0304608F0C2F900B10224D6F81A
:10FD00000004C04340F30000401C01D144F004044F
:10FD10000FB144F0010414F00B0F07D14FF48871B8
:10FD2000304608F0ACF908B144F01004FFF76AFF60
:10FD3000E00606D5200704D4687A012801D144F0F2
:10FD400020042046BDE8F081881600200080004095
:10FD5000001000402DE9F0411A4C0D46217A29B1DE
:10FD600010F0110F07D0FFF7C1FA24E000F090F86F
:10FD7000002020731FE0012901D0012600E00026A9
:10FD8000E07901280ED0002700F082F89621304655
:10FD900000F094F801464FB13B358D4204D9002064
:10FDA000BDE8F0810127EFE70120E071A27A30463B
:10FDB000FFF72AFD08B10120F2E740F652213E206C
:10FDC000F8F79CFD881600200348D0F8001241F493
:10FDD0008871C0F800127047001000400448416A62
:10FDE00041F48001416203494FF48000086070478C
:10FDF0008816002004F50140074A00200832064911
:10FE0000C2F840050A1DC2F84005C1F84005024984
:10FE10000C31C1F840057047008000400349C979A2
:10FE2000002902D10249C1F8140570478816002044
:10FE300098F0014010B5144A20B1012811D040F2C9
:10FE4000FA611CE001F12800C2E902100F490E48D6
:10FE500000F0BCF9002815D0401C13D040F2E96135
:10FE60000DE001F12900C2E902100849064800F03E
:10FE70009BF9002806D0401C04D040F2F6613E20D9
:10FE8000F8F73CFD10BD0000C4020020B8FF0200DE
:10FE900002480021C171017241727047881600202A
:10FEA000054AD279012A06D04FF47A7201F5FA7127
:10FEB000B1FBF2F1401A70478816002070B5134C60
:10FEC00003460D4694F8212000205AB1214691F8AE
:10FED000201063B1012B11D1012A284612D008F05D
:10FEE000D3F809E040F604013E20F8F707FD012AA7
:10FEF000284604D008F0D6F8E169084470BD00F047
:10FF0000D1F8F9E700F0C0F8F6E700008816002005
:10FF100010B5FFF74BFCFFF715FEFFF74BFEFFF7A1
:10FF200053FF08F05CFA002808D108F048FA0028CE
:10FF300004D10348016841F4C021016010BD0000F4
:10FF40006815004010B50446FFF730FCFFF7FAFDD6
:10FF50002046FFF715FE08F042FA00280DD0094AA6
:10FF600011685006022CD0F8200307D0C0F30620F9
:10FF700021F4FE4141EA0020106010BDC0F306608C
:10FF8000F6E700008815004000002CA6E0A104065A
:10FF9000080A0C0E10121416181C1E2022242628E3
:10FFA0002A2C2E30323436383A3C3E4042444648C1
:10FFB0004A4C4E021A50000001000000101100408F
:10FFC0000000000000000000000000000000000031
:10FFD00000000000141E00003011000000000000AE
:10FFE000280000001800000000000000141E00009F
:10FFF000301100000000000070170000A00F00008A
:020000023000CC
:1000000070B5054614460846FFF7F8FB05EB4501B9
:10001000C1EBC511C0EBC101074850F824000844EA
:100020004FF47A7100F6B730B0FBF1F52046FFF7D8
:10003000B7FB2844401D70BDC800030070B50E4DCD
:100040001C46083D0C4B35F8111000EB400553F8E9
:100050002230C5EBC01001EBC00003F6B7331844E3
:100060004FF47A71B0FBF1F51046FFF799FB284485
:100070002044401D70BD0000C80003000149C0B20B
:10008000086070470C150040054A32F811104FF413
:100090007A7201F2E731B1FBF2F10844801E704739
:1000A000C0000300054A32F811104FF47A7201F5CE
:1000B0007A71B1FBF2F1084470470000C000030000
:1000C0000000DC05E803000000000000141E000032
:1000D000301100002DE9F8431E4617460C46054630
:1000E00000F0B6F8DFF8A490804699F80000A84226
:1000F00010D199F801104846A1420BD190F9021095
:10010000B94207D1C278424504D1818831808079D3
:10011000B07037E03A462146012D09D0022D09D0B2
:10012000042D09D0082D09D040F2054106200CE02D
:10013000002004E0012002E0032000E002206B46E2
:1001400000F00EF918B13D217520F8F7D7FB2046D5
:10015000FFF7C4F80246002331469DF9000000F085
:1001600047F8014689F807103188A9F80410B178DA
:1001700089F8061089F8005089F8014089F8027062
:1001800089F8038099F90700BDE8F8837603002019
:100190000148006800680047DC0200200148006850
:1001A00040690047DC020020014A1268D26810470B
:1001B000DC02002001490968C96A0847DC02002006
:1001C0000148006800690047DC020020014A12680B
:1001D00092681047DC02002001490968496A084713
:1001E000DC02002001490968896A0847DC02002016
:1001F00030B4034C24686468A44630BC60470000F7
:10020000DC02002001480078704700007E030020D7
:10021000078103003F810300298103001781030048
:100220002381030011810300058103000381030082
:100230003B8103002F8103001D8103000B8103001C
:10024000FD800300F5800300F9800300EF800300C8
:100250000148007870470000E002002070B51C4C97
:10026000607800282DD10120607008F092F8D82520
:100270006FF0270628B908F0C2F810B908F0C9F8DD
:1002800038B1144A66F307006260C4E902500820DE
:1002900013E008F053F840B908F05AF828B908F00C
:1002A0006EF810B908F07FF860B10A4A66F30700EB
:1002B00031326260C4E90250042060F30701C4E9EE
:1002C000040170BD4FF4DB71742003F065FC000085
:1002D000E00200204F860300074A10B5546910322F
:1002E00092F90420824205DD00F00AF80349085C17
:1002F00060F3070460B210BDE002002041860300F5
:100300000246154810B590F90400904201DC0D201A
:1003100010BD1148083890F90400904201DB00201C
:1003200010BD01B10121141A0B4810384368185D43
:100330000A4C24569442F3D0084C08443F34C0B2CF
:10034000D2B2A342ECD10029EAD0012A01D0022A7C
:10035000E6D1401CC0B210BDF0020020418603006F
:100360002DE9F0411C4690460D4606466FF01507F4
:10037000042804D81CB107F0E5FEA84202D838468C
:10038000BDE8F0810548424650F8260018B14057B4
:10039000824200DD024622700020F1E7401C00206E
:1003A0000148007870470000F802002005490A78EB
:1003B000904201D300207047496800EB400001EBF8
:1003C00000107047F80200200D4910B591F84A005E
:1003D00020280FD091F84A00A1F5906202EB40105E
:1003E00091F84A10406802EB41110A68BDE81040DC
:1003F0000421104740F6AF01702003F0CDFB000050
:10040000481B002070B50546202A28D019481A4CF0
:1004100000EB831C03EB43030CEB42002344202935
:1004200022D00CEB410140784C78487020460146C0
:100430000CEB4100914205704078F8D193F83220DE
:10044000202A1ABF0CEB4202547083F8314020225C
:100450000CEB410C8CF8012083F8321070BD40F297
:100460008121702003F098FB93F83040407883F8A6
:100470003000DBE7C81A0020481B00202DE9F04FB0
:100480008FB015461E460C4602F0D8FA281846F1E1
:100490000001CDE90110D4E90023801A71EB0300BB
:1004A000C0F0E58008A8DDF860A00A90BC480AEB1F
:1004B0004A010844099090F8305020200DF11C09A1
:1004C0008DF81C00202D36D0B648002600EB8A1B84
:1004D000B548D4E9007300EB451050F8088FD0E917
:1004E000012118EB01017241791A73EB020122D349
:1004F000E189C9B1C089B8B902F0A0FCB0F5C67FE6
:1005000008BF0D200BD0A0F54070563808BF1C2046
:1005100005D0A0F500709F3814BF30463220401C33
:10052000B7EB0801814206DB0BEB450089F8005070
:100530004578202DCCD10A9899F80010202D017013
:10054000DDF8289000F028819648974F00EB8A103C
:100550000026049007EB451A0AF10800D4E90112BD
:10056000D4F800B0D0E900831BEB02027141B8EB74
:10057000020273EB010120D3C089002800F00C8136
:10058000E089002840F0088102F058FCB0F5C67FF1
:1005900008BF0D200BD0A0F54070563808BF1C20B6
:1005A00005D0A0F500709F3814BF30463220411CA2
:1005B000B8EB0B00884280F2EF8089F800509AF87F
:1005C0001800217C814207D2049800EB4500457851
:1005D000202DBFD100F0E0B89DF8200007EB4010BF
:1005E000D0E90312D0F80890C08A19EB020541EB5C
:1005F0000608B0BBE089A0B302F020FCB0F5C67FCE
:1006000008BF0D200BD0A0F54070563808BF1C2045
:1006100005D0A0F500709F3814BF30463220411C31
:10062000B5EB090088421CDA02F008FCB0F5C67F81
:1006300008BF0D200BD0A0F54070563808BF1C2015
:1006400005D0A0F500709F3814BF304632209DF8C9
:100650002010401C07EB4111D1E90223151843EB90
:100660000608DDE90101491B70EB080003D20FB059
:100670000020BDE8F08FC4E9005818980B9008A836
:100680000A9009980DF11C0A90F8305020208DF83E
:100690001C00202D37D043480B9900EB811B00BF75
:1006A00007EB4510D4E9008350F8089FD0E9011208
:1006B00019EB02027141B8EB020273EB010122D384
:1006C000E189C9B1C089B8B902F0B8FBB0F5C67FFD
:1006D00008BF0D200BD0A0F54070563808BF1C2075
:1006E00005D0A0F500709F3814BF30463220411C61
:1006F000B8EB0900884206DB0BEB45008AF8005096
:100700004578202DCCD10A989AF80010202D017040
:10071000DDE90A8040D0234901EB8010CDF80C00C0
:1007200007EB451909F10800D4E90112D4F800B02B
:10073000D0E900A31BEB02027141BAEB020273EB9A
:1007400001011BD3C08938B3E08928BB02F076FBD6
:10075000B0F5C67F08BF0D200BD0A0F5407056380D
:1007600008BF1C2005D0A0F500709F3814BF30468C
:100770003220411CBAEB0B0088420DDA88F8005099
:1007800099F81810207C8842BFF426AF039800EB3C
:1007900045004578202DC3D10FB00120BDE8F08F72
:1007A000481B0020C81A0020C81600202DE9F0437D
:1007B00083B0914604460D46984601AA69461846FC
:1007C00002F058F902F0A2F902F038F907461E4883
:1007D00090F84A100026202909D0026941698069F1
:1007E000831D46F10000D41841EB000526E00A34D1
:1007F00045F10005B8F1000F17D002F077FCA0B961
:1008000002F01CFBB0F5C67F08BF0D200BD0A0F591
:100810004070563808BF1C2005D0A0F500709F38E6
:1008200014BF3046322004197541B9F1000F05D1CB
:100830000098874202D9381A0419754103B020463E
:100840002946BDE8F0830000481B00202DE9FF4F3A
:1008500081B0054602984A4900EB40000844002652
:1008600090F83040202092461070A1F59069202C1D
:1008700036D0029909F5806000EB811B09EB44102A
:10088000D5E9007350F8088FD0E9011218EB020285
:100890007141BA1A73EB010122D3E989C9B1C08948
:1008A000B8B902F0CBFAB0F5C67F08BF0D200BD067
:1008B000A0F54070563808BF1C2005D0A0F5007088
:1008C0009F3814BF30463220411CB7EB08008842E5
:1008D00006DB0BEB44008AF800404478202CCDD195
:1008E00004989AF80010202C0170049F029842D0BE
:1008F000244901EB80100090D5E90131D5F800B012
:1009000009EB441808F108001BEB010243EB060158
:10091000D0E900A3BAEB020273EB01011BD3C0893B
:1009200048B3E88938BB02F089FAB0F5C67F08BF42
:100930000D200BD0A0F54070563808BF1C2005D004
:10094000A0F500709F3814BF30463220411CBAEB2E
:100950000B0088420FDA3C7098F81810287C884207
:1009600003D305B00020BDE8F08F009800EB4400F1
:100970004478202CC0D105B00120BDE8F08F0000E4
:10098000481B0020C81A00202DE9FF5F9EB01D46BD
:1009900002F008FE04468B4602F0B8F8064620989E
:1009A000012818BF022805D04FF41C614FF07000D9
:1009B00003F0F2F8FE4901200860FE4989680860EA
:1009C00000208DF83A000490401ECDE90600FA4858
:1009D00008AF00EB451000F1080191E80E1087E820
:1009E0000E10D0E90610CDE90C10089820F07F40D9
:1009F00007F0E1FB0246BDF82E809DF82C00EF4B7E
:100A00004044411C50189A4255D8ED4A91425ADC54
:100A1000524291425FDB591C8142DCBF00F5F70076
:100A2000A0F1F85005DD0028BCBFA0F5F70000F1EB
:100A3000F8501A90E348B8F1000FB0F8A800ADF8EC
:100A4000380014BF4FF0010A4FF0000A02F04EFBCD
:100A50001890BAF1000F0BD0DB48D0E910106FEA04
:100A6000010171EA000002BF18980028012701D097
:100A70004FF0000702F0E2F9B0F5C67F08BF0D2085
:100A80000BD0A0F54070563808BF1C2005D0A0F54B
:100A900000709F3814BF002032200025A94619900D
:100AA000464536D91A99F343DFF810C3C8186D4686
:100AB0001CAA614504D94FF4B461702003F06CF8AE
:100AC000BF498B4204DD40F2A151702003F064F86D
:100AD000BE498B4204DA40F2A251702003F05CF868
:100AE000BB498142DCBF00F5F700A0F1F85005DDFD
:100AF0000028BCBFA0F5F70000F1F850294601F02E
:100B0000B9FF0098089920F07F400090081A20F063
:100B10007F45002F18BFDDF8649005D19DF838009F
:100B2000002818BF4FF00209E14371EA0B0022D000
:100B3000DDE90801221A7BEB01020CD2021B61EBFA
:100B40000B01B2F5000271F1000111D340F604214E
:100B5000702003F021F8221A6BEB0101B2F50002BC
:100B600071F1000104D340F60821702003F014F85D
:100B7000001B012803DA1E981C9003200DE057B1DA
:100B8000914890F8480030B19DF8380010F1000904
:100B900018BF4FF0020900201C948144DDE90802CF
:100BA000401B62F10001421E1C9B41F1FF3ED31A23
:100BB0004B4506DB75B30A9BCDE908012B440A932C
:100BC00028E02DB19DF8390020B901F095FF08B15A
:100BD000A7B90BE02FB99DF83800002818BFA9F17C
:100BE000020900258DF838502E4607E09DF83800A0
:100BF00020B100208DF83800A9F10209DDE90802D2
:100C0000401B62F10001421E1C9B41F1FF3ED31AC2
:100C10004B457CDB189B8BB9DFF8ACC1DCE9103CA1
:100C2000DD4375EA0C0509D0C31A199861EB0C0C69
:100C3000181A7CF1000038BF002000D301203AEAE6
:100C4000000064D1DDE91E01169020981B970391E6
:100C5000F14615461890002702F0F0F8B0F5C67F6F
:100C600008BF0D200BD0A0F54070563808BF1C20DF
:100C700005D0A0F500709F3814BF384632200B30E5
:100C8000169A039BAA1A69EB0303101A73F100006A
:100C900029D21898012802D01B9848B116E0E043E9
:100CA00070EA0B0026D140F60711702002F074FFA5
:100CB000E04370EA0B0009D01CD0601B6BEB09010C
:100CC0000023D0F1040273EB010206DA2C46CB4676
:100CD0002046594602F046FB0CE00022101A72EB47
:100CE000010014DB06E02C46CB462046594602F0B4
:100CF00039FB5746E04370EA0B0076D0089924F0A0
:100D00007F400B1A23F07F43DDF828C000E071E03C
:100D100011EB0C01081A20F07F40012B6AD3B3F5C8
:100D2000000F98BFB0F5000F64D824F07F4007F0A3
:100D300042FA1A99224B0D1A0022EB1A72F10002A4
:100D400019D3DFF87CC0421A0023B2EB0C0C73F10C
:100D5000000310D3194BAB423EBFC0F5902000F109
:100D6000F450451807D3934248D2C1F5902101F1C0
:100D7000F45108444542DFF8509099F82A0050B3E6
:100D80002098012805D0022002F06EFD012002F01B
:100D90006BFDB04543D2A5EB06024FF001064FF0C4
:100DA00000034FF00200009602F0AEFCF0B313E037
:100DB0000805004000030020C8160020FF7F841EA5
:100DC0000040420FC81A0020481B002000C0BDF0A0
:100DD0000080841E09E016E0B8F1000F3CD000232B
:100DE000A5EB0802012000962AE040F67A21702047
:100DF00002F0D2FE22B00020BDE8F09F40F676312E
:100E0000702002F0C9FEB04534BF304640461E3067
:100E1000A842B5DB40F68E21702002F0BDFE13D94A
:100E20000120A5EB08020023009000E03FE002F063
:100E30006BFCE0B386B101200090AA1B00230220C6
:100E400002F062FC98B307E056EA080004D040F6CE
:100E5000A311702002F0A0FE0120002600902A4677
:100E60003346304602F050FC08B3BAF1000F04BF1D
:100E700099F84800002800D067B3D9E910106FEA4C
:100E8000010171EA000007D001F0DEFF4FF0FF30F2
:100E90004FEA0001C9E9100117B319980096221A08
:100EA0006BEB0603052002F02FFC78B300E007E0AF
:100EB00099F84800002804BF012089F8480017E08D
:100EC000022002F0D1FC012002F0CEFC22B0002072
:100ED000BDE8F09FD9E91010C94371EA000010D0B5
:100EE00099F8480020B1052002F0BEFC89F848605E
:100EF00008F1190085420FDC40F6CC21702002F089
:100F00004BFE01F0BDFF02F0DDFBC3E7FFE740F25F
:100F1000FA21702002F040FE2A1A012000900023DE
:100F2000032002F0F1FB20B11548806806601548E7
:100F3000066004AC144894E80E10C0F88010C0F8A5
:100F40008420C0F88830C0F88CC008AC94E80E103B
:100F5000C0F89010C0F89420C0F89830C0F89CC039
:100F60000CAC94E80E10C0F8A010C0F8A420C0F893
:100F7000A830C0F8ACC022B00120BDE8F09F00004E
:100F80000003002008050040C81A002070B51D4D60
:100F900095F84A00202818BF70BD95F8492002EB4B
:100FA0004200284490F83040202C26D0164B03EB0A
:100FB000821101EB4401497880F83010FF2085F858
:100FC000390085F84A402146022000F08BF80020C5
:100FD00085F8380085F82A000C4800EB4410007EA4
:100FE000002808BF02F042FF002009494968002993
:100FF00008BF70BDBDE87040084740F23131702035
:1010000002F0CAFD481B0020C81A0020C8160020A4
:10101000000300202DE9F05FDFF8B88098F8495010
:1010200005EB4500404490F83140202C08BFBDE856
:10103000F09FDFF8A4B0DFF8A490A9F5806A09EB6F
:101040008517072617F8140001280ED0042808BFBA
:1010500002260AD005280CBF0326062805D04FF427
:101060000D614FF0700002F097FDBBF1000F18BF4B
:10107000AFF30080EFF3108072B607EB44014A78BB
:1010800005EB4501414481F8312091F83220A2421C
:1010900004BF202281F83220A8B12A46214601202F
:1010A00000F020F80AEB4411D1E9002031469047C6
:1010B00098F8495005EB4500404490F83140202C09
:1010C000BDD1BDE8F09F0648002818BFAFF30080EF
:1010D00062B6E2E7481B002000000000C81A0020AA
:1010E00000000000DFF858C010B500230CEB821C94
:1010F00007281FD2DFE800F00505050504040400F9
:1011000001230CF81100002B08BF10BD02EB4202B6
:101110000C48024492F8320020280EBF82F83110A9
:101120000CEB4000417020200CEB4103587082F81A
:10113000321010BD40F25721702002F02DFD00004A
:10114000C81A0020481B00202DE9F05F0F4680469A
:10115000DFF854B101EB47005844B8F1010F90F8A3
:101160003040254618BFB8F1020F05D040F60C31CB
:101170004FF0700002F010FD202D41D09BF82A00A6
:101180000026002808BF022602F0E6F8DFF81C91CE
:1011900009EB441399681B690A1AC918091A22F045
:1011A0007F4221F07F41964299BFB2F5000FB1F521
:1011B000000F3F4A02EB871A20D922460AEB420170
:1011C0004C78202C12D009EB441399681B69B1EBC1
:1011D000000CC918091A2CF07F4C21F07F4166459C
:1011E0009CBFBCF5000FB1F5000FE6D8202A05D052
:1011F0003B4620210420FFF705F90446AC4213D1F9
:101200002C48002818BFAFF3008002F05BFA9BF86F
:101210004B20202A0BD0DBE90432841C41F1000C66
:101220001B1B72EB0C0202D20020BDE8F09F202DA8
:1012300013D02B464246FFF7A7FB00281EBF8BF8B2
:101240004B500220BDE8F09F3B462A462021042057
:10125000FFF7D8F80020BDE8F09FDBE91001C0439C
:1012600070EA010005D001F0EFFD4FF0FF30CBE94F
:1012700010009BF8480028B1052002F0F5FA002084
:101280008BF84800042002F0EFFA02F053FB0A4901
:1012900020208BF84B00896800200860074908600F
:1012A0000120BDE8F09F0000481B0020C816002068
:1012B000C81A0020000000000003002008050040BC
:1012C000064910B591F84A20202A1CBF81F82A004F
:1012D00010BD40F28B31702002F05EFC481B0020F4
:1012E0002DE9F04FDFF8D4B106468FB09BF84A00E5
:1012F0008A46202860D09BF84A100BF11004ABF509
:10130000906808EB411920218DF818109BF84910BE
:10131000DBF8102001EB41015944002791F83050CF
:10132000DBF8181051180A91DBF8000009AA3044C4
:1013300007A901F09FFBD9F810200799D9F80800F8
:1013400051184018682E3CD35D490022891B72EB6E
:10135000070136D32168401A20F07F41D1F5000102
:1013600072EB02012DD3A06008F5906084F810A004
:1013700090F849000DF1180B202D55D008F580612B
:1013800001EB801001904F48D4E90131D4F800A05E
:1013900000EB451808F108001AEB010243EB0701C6
:1013A000D0E90093B9EB020273EB010125D3C089A8
:1013B00098B3E08948B137E040F6B331702002F0CD
:1013C000EBFB0FB00120BDE8F08F01F037FDB0F569
:1013D000C67F08BF0D200BD0A0F54070563808BF5F
:1013E0001C2005D0A0F500709F3814BF384632206D
:1013F000411CB9EB0A00884216DA8BF8005098F8C5
:101400001800217C814209D321680A98401AA06003
:101410000FB04FF00200BDE8F08F05E0019800EB3F
:1014200045004578202DAED1052002F01DFA234D50
:101430004FF0FF30C5E9020095F849309DF81820BB
:101440002021202A03D00520FEF7DCFF04E003EB77
:101450004300284490F8300095F849201A4901EBE0
:10146000821195F84A2001EB420148702868304407
:101470002860FF2085F8390095F837008DF80000C6
:101480009DF8000070B195F8210001280AD1D4E937
:1014900001302268101843F10001401E41F1FF3174
:1014A00002F00EF89DF81800202803D00748407875
:1014B00002F046FC0FB00020BDE8F08F481B002072
:1014C0000040420FC8160020C81A00200003002068
:1014D00070B5234A92F84A10202939D092F84A1060
:1014E000A2F5906303EB411C92F8491092F8494031
:1014F00001EB4101114491F83010A2F1800505EB98
:101500008414202929D003EB41152D7EA8423CBF2D
:1015100004EB41014978F4D3DCE9036003EB4113A8
:10152000DCF80850D3E902131468281846F10002C9
:10153000B1EB000C73EB020208D3081A06F03BFE75
:1015400004F1680181429CBF001B70BD002070BD8A
:1015500040F68631702002F01FFB4FF0FF3070BD67
:10156000481B0020064810B590F84A1020291CBFDF
:1015700090F8200010BD40F6AD31702002F00CFB59
:10158000481B0020F8B56E4D012705F59064002634
:10159000D4E91012072828BFF8BDDFE800F0047F67
:1015A000A7BA5D4EC000C84370EA020005D101F041
:1015B00067FC02F087F8C4E91001E08B10B101F07C
:1015C00095FDA0B1FFF7E2FCFF2084F83700D4E9D5
:1015D0000223D04370EA030004D00520009602F0F5
:1015E00093F848B194F82100012817D109E04FF48D
:1015F0000561702002F0D0FA40F65801702002F028
:10160000CBFA04F11000D0E90012A069081842EBEF
:101610000601401E41F1FF3101F052FF94F84A00EB
:1016200094F84A1005EB4010406805EB41110A6838
:1016300001B00121BDE8F040104794F8480060B1C6
:10164000C84370EA020005D101F01AFC02F03AF832
:10165000C4E9100184F84860F8BDFFF797FC4FF02B
:10166000FF30C4E9020094F837008DF800009DF8BF
:10167000000070B194F84A0094F84A1005EB40104D
:10168000406805EB41110A6801B00621BDE8F04051
:10169000104740F67101702002F07EFAFFF776FCE9
:1016A00084F8367001F022FD30B1D4E91001C04356
:1016B00070EA010005D00AE040F68901702002F0CE
:1016C0006BFA01F0DDFB01F0FDFFC4E9100194F8B5
:1016D0004A0094F84A1005EB4010406805EB4111B0
:1016E0000A6801B00021BDE8F040104701F0F0F9B0
:1016F000E08B10B101F0FAFC30B101F0FDF90028E7
:1017000018BF84F82970F8BD40F69401702002F0EB
:1017100043FA0C4807600C4880680760F8BDFFF783
:1017200035FC94F84A0094F84A1005EB40104068E4
:1017300005EB41110A6801B00521BDE8F0401047F2
:10174000C816002008050040000300202DE9F34FD3
:10175000FB4897B00C460068FA4FC005C00D0ED08C
:10176000103840B20028B8BF00F00F0000F1E020B0
:10177000ACBF90F8000490F8140D40090CD020780C
:101780004FF0000A002818BF012817D040F221713D
:101790004FF0700002F000FA97F84A004FF0010A8B
:1017A000202806D0207848B140F21D71702002F048
:1017B000F3F940F21A71702002F0EEF9DFF888B305
:1017C000BBF1000F04D0002140F22470AFF3008081
:1017D0000020CDE9100005A91291DC4917984FF0BF
:1017E000010801EB40100190BBF1000F04D0002173
:1017F00040F22F70AFF30080B8F1000F09D000BFA6
:1018000097F84960002587F83950BAF1000F07D0E2
:101810003EE0CF48002818BFAFF3008062B6EFE784
:10182000B146012020EA0906CA48402200EB89118E
:1018300000EB861006F0FBFDBBF1000F04D0002189
:1018400040F25D50AFF3008009EB490106EB460022
:10185000394438440A8E028691F8321080F83210EA
:10186000BBF1000F04D0002140F26150AFF30080C3
:10187000BBF1000F04D0002140F23970AFF30080BB
:1018800097F839008DF820009DF820000028ABD192
:10189000BBF1000F04D0002140F24370AFF3008091
:1018A00001F010FF814602A80B9088462189284646
:1018B00061F31F400146A27A284662F30700E27AEC
:1018C00062F30F202278029562F31740CDE90451AC
:1018D000CDE906050395207880B3BDF816109E4823
:1018E000401A0B9901F10C0214A901F0C3F800226F
:1018F000BDF8163048464146FEF758FF8446E07A68
:1019000000280CBF7A204C2062689DF814301044E7
:10191000BDF81620CDE902C11A441044801C01F024
:101920008DF8009604904A46434620690B99FEF7CD
:10193000A5FD002808BFCDE902984EE0FFE7484624
:10194000414600F0F3FFDFF814C2024610EB0C0C26
:101950000B4641F1000ED4E90401B0EB0C0C71EB25
:101960000E0C31D2293243F10003821A71EB0302CB
:101970002AD32289521CB0EB020C61EB0508801AB5
:1019800071EB05003CBF4FF0000CE0461298009050
:1019900014AB0BAA6046414600F0ECFFE07A002849
:1019A0000CBF7A204C200B992289084461681144AD
:1019B0000844801C01F042F8DDE91412CDE902125E
:1019C000401A20F07F4007E0B9F1010148F1FF30F3
:1019D000CDE902104FF47A700490BBF1000F04D0EF
:1019E000002140F24A70AFF300805A49DDF85C8074
:1019F00001EB8611099111F8181002A8012918BFEE
:101A0000022941D11195029A29F07F41531ADDF83C
:101A100010C023F07F4312EB0C02511A21F07F41DA
:101A2000022B74D3B3F5000F98BFB1F5000F6ED839
:101A3000012514AB0EAA3146FEF708FF00286DD031
:101A40009DF838109DF8502033468A426AD0052010
:101A5000FEF7D8FC099901EB480148709DF8380061
:101A6000202801BF06EB4600384480F830801195ED
:101A70001EBF099901EB400080F8018032464146C3
:101A80005FF00300FFF72EFBBBF1000F04D0002135
:101A900040F24F70AFF300803148002818BFAFF319
:101AA0000080EFF3108872B6BBF1000F04D0002164
:101AB00040F25570AFF3008097F839008DF82000A0
:101AC0009DF8200000287FF48FAEBBF1000F04D0FA
:101AD000002140F25D70AFF300800DF1040E9EE82E
:101AE0000F1000F1080E8EE80E10DDE90612C0E9B5
:101AF000061225B3BBF1000F04D0002140F26A703A
:101B0000AFF30080BAF1000F46D12BE0FFE7324679
:101B100041460420FFF7E6FA0125B5E73246414683
:101B20000420AFE720291DBF099800EB4100407851
:101B300006EB460004BF384490F830008AE73BE0EB
:101B400004ED00E0481B002000000000C816002043
:101B500000000000C81A0020FF7F841E0040420FD2
:101B600000000000119810F0FF0F15D097F84A0000
:101B7000202811D1BBF1000F04D0002140F26F707A
:101B8000AFF3008031460220FFF7DEFA109018B95B
:101B9000207800B301282ED0BBF1000F04D0002123
:101BA00040F28C70AFF30080FF20BAF1000F18BF35
:101BB00087F8390029D00125BBF1000F04D000219E
:101BC00040F29D70AFF300801098344C022825D06D
:101BD00001282BD02FE0BBF1000F04D0002140F2F0
:101BE0007770AFF3008097F8492004201799FFF72A
:101BF00079FA0125E0E7BBF1000F3FF4F5AD0021D4
:101C000040F28270AFF30080EEE597F849200121A1
:101C1000914387F8491087F83900CCE73869B0EB71
:101C2000090006F0C8FA616821B904E061684FF064
:101C3000FF3001B18847B8F1000F28D0BBF1000F89
:101C400004D000214FF4F660AFF300809DB197F807
:101C5000490000EB4000384490F8310020280AD0B9
:101C6000BBF1000F04D0002140F2B770AFF3008049
:101C7000607802F065F8BBF1000F04D0002140F25B
:101C8000BC70AFF3008019B02846BDE8F08F04485F
:101C9000002818BFAFF3008062B6CFE70003002032
:101CA000000000002DE9F04F0446007895B018B10F
:101CB00015B00020BDE8F08FD5480068C005C00D04
:101CC0000ED0103840B20028B8BF00F00F0000F16D
:101CD000E020ACBF90F8000490F8140D4009E7D064
:101CE0000BA80F90DFF82C93B9F1000F04D000215E
:101CF00040F2E950AFF30080DFF81C8398F84960A8
:101D0000002588F839500395B9F1000F04D000215F
:101D100040F2EE50AFF30080012020EA060ABF48EF
:101D2000402200EB861100EB8A1006F080FBB9F12F
:101D3000000F04D0002140F25D50AFF3008006EBAD
:101D400046010AEB4A00414440440A8E028691F85B
:101D5000321080F83210B9F1000F04D0002140F2A7
:101D60006150AFF30080B9F1000F04D0002140F2C0
:101D7000F350AFF3008001F0A5FC0F460646218921
:101D8000284661F31F400146A27A284662F3070005
:101D90000246E07A0DF1200B60F30F2220780895BF
:101DA00060F31742CDE90A51CDE90C250995207859
:101DB00088B3BDF82E009A490BF10C02081A11A93C
:101DC00000F058FE0022BDF82E3030463946FEF7AE
:101DD000EDFC0346E07A8C4600280CBF7A204C20AC
:101DE00061689DF82C200844BDF82E10CDE9083C10
:101DF00011440844801C00F021FECDF800A00A9098
:101E000032463B4659462069FEF738FB002808BF9A
:101E1000CDE908674DE0FFE73046394600F086FD22
:101E2000804B024610EB030C8B4641F10003D4E9D2
:101E30000401B0EB0C0C71EB030332D229324BF1ED
:101E40000003821A71EB03022BD32289521CB0EBE0
:101E5000020B61EB050C801A71EB05003CBF4FF0E3
:101E6000000BDC460F98009012AB07AA584661465B
:101E700000F080FDE07A00280CBF7A204C20079902
:101E800022890844616811440844801C00F0D6FD92
:101E90000146DDE91202CDE90802081A20F07F4070
:101EA00006E0711E47F1FF30CDE908104FF47A705B
:101EB0000A90B9F1000F04D0002140F2F950AFF3BD
:101EC0000080D8E90510D8F81020101898F84A209A
:101ED0006941202A09D0DDE90823121A73EB0102B7
:101EE00003D2CDE9080101200390B9F1000F04D01D
:101EF000002140F20460AFF30080089926F07F4093
:101F00000A1A0A9B22F07F42C918081A20F07F4063
:101F1000B2F5000F98BFB0F5000F0BD832463B4624
:101F200008A94048CDF800A0FEF7A8FA0399084395
:101F300047D160E0BDF82EB005AA01A9584600F0CF
:101F400099FD00F0E3FD00F079FD824698F84A0023
:101F500020280CD0D8E90520D8F8103010F1060C54
:101F600045F1000013EB0C0642EB000724E00A36B3
:101F700047F10007BBF1000F17D001F0B7F8A0B987
:101F800000F05CFFB0F5C67F08BF0D210BD0A0F5B7
:101F90004070563808BF1C2105D0A0F500709F384E
:101FA00014BF294632218E196F410198824503D909
:101FB000AAEB000086196F411F20CDE908678DF854
:101FC0002C00DDE9080100F0B1FCBDF82E208218DC
:101FD0009DF82C006941101841EB0502411C42F1AB
:101FE0000000C4E90410B9F1000F04D0002140F250
:101FF0001E60AFF3008098F839008DF800009DF85E
:10200000000000287FF46EAE15B00120BDE8F08F0F
:1020100004ED00E000000000481B0020C81A00206A
:10202000FF7F841E0040420F2DE9F14F9D4D8CB083
:1020300095F8490000200790089001209A4CA5F1DE
:1020400080094FF000080746069024B1002140F2B5
:10205000CD70AFF30080069800283CD085F8398019
:1020600024B1002140F2D270AFF3008095F849A06E
:10207000402227EA0A0609EB861009EB8A118346FB
:1020800006F0D5F924B1002140F25D50AFF3008095
:1020900006EB46000AEB4A012844294400900A8EC8
:1020A000028691F8321080F8321024B1002140F2FB
:1020B0006150AFF3008095F839008DF808009DF865
:1020C000080078B1002C1CBF00214FF4FB60BCD08D
:1020D000AFF30080B9E77548002818BFAFF3008060
:1020E00062B6BBE724B1002140F2DC70AFF30080A0
:1020F0000C981BF8100003287ED1009A0C9992F8D6
:102100003000884214BF4FF0000A4FF0010A02F17C
:10211000300C8346202209EB861303E0024603EBD2
:1021200042004078884202D020280AD0F6E72028D2
:1021300007D0834507D103EB4B0040788CF80000B3
:1021400007E040460CE003EB400003EB420140781F
:10215000487024B1002140F2C540AFF300803846FA
:10216000C34610EA0A0F18BFBB4600284ED024B160
:10217000002140F2E170AFF30080324601200C995B
:10218000FEF7B0FF24B1002140F2EA70AFF3008007
:102190004748002818BFAFF30080EFF3108072B6F5
:1021A000069024B1002140F2EF70AFF3008095F863
:1021B00039008DF808009DF8080038B1002C1CBFCC
:1021C000002140F2F3703FF440AF81E7BBF1000F14
:1021D00009D095F84A00202805D131460220FEF7A3
:1021E000B3FF0890F8B124B1002140F60700AFF327
:1021F000008095F8490000E008E027EA000085F833
:102200004900FF2085F839000120079024B1002102
:102210004FF40160AFF300800898264E022809D0E1
:10222000012827D02BE054B3002140F60200AFF381
:102230000080ECE701F046FAD5E90432B3EB000C7C
:1022400072EB010C04D240F61601702001F0A4FCE0
:10225000181A62EB0101B0F5000271F1000104D31C
:1022600040F61701702001F097FC05F0A4FF71689B
:1022700029B103E071684FF0FF3001B1884706983B
:1022800048B124B1002140F62700AFF30080079841
:102290000DB0BDE8F08F0548002818BFAFF30080EF
:1022A00062B6EEE7481B00200000000000000000BE
:1022B0000000000000030020202824BF00207047F9
:1022C000034B03EB4010C0E90012012070470000EF
:1022D000C816002010B5202811D20E4991F84930B7
:1022E000A1F1800202EB831C1CF810303BB191F885
:1022F000493002EB831212F81020012A01D000208D
:1023000010BD91F8492001460020FEF7EBFE0120A8
:1023100010BD0000481B00202DE9F84F864E804676
:1023200096F84900A6F1800707EB801010F8180016
:10233000002871D096F84990804D25B1002140F6D3
:10234000FA30AFF3008007EB891414F81800012865
:1023500018D0C0B204281CBF0528062861D02DB1B2
:102360004FF0000140F60640AFF3008006F05BF846
:1023700025B1002140F60A40AFF3008014F81800A0
:102380000128E6D1012425B1002140F61140AFF328
:102390000080002C4BD0002086F8390025B10021A8
:1023A00040F61640AFF3008096F849B0012020EACD
:1023B0000B0907EB8B1107EB8910402206F037F869
:1023C00025B1002140F25D50AFF3008009EB4900D8
:1023D00000EB060A0BEB4B003044018EAAF83010DC
:1023E00090F832008AF8320025B1002140F26150A5
:1023F000AFF3008096F839008DF800009DF80000DA
:10240000E0B1002D1CBF002140F61C40BBD000BF36
:10241000AFF30080B7E7FFE740F6F131702001F03D
:10242000BBFB4A4641460120FEF75CFEA0E744485C
:10243000002818BFAFF3008062B6ACE725B10021D9
:102440004FF44260AFF300809AF831300AF1310165
:1024500040461C464FF0200B07EB89120AF1320A66
:1024600004E0A34602EB4B0C9CF80140844202D0EE
:10247000202C2BD0F5E7202C28D0A34204D102EB4E
:1024800043004078087005E002EB440002EB4B018A
:1024900040784870BAF1000F11D025B1002140F208
:1024A000BD40AFF300809AF80000A04207D125B1EB
:1024B00000214FF49860AFF300808AF800B05DB15E
:1024C000002140F2C540AFF3008000E025B10021BB
:1024D00040F62440AFF300801A48002818BFAFF33D
:1024E0000080EFF3108472B696F839008DF8000082
:1024F0009DF8000038B1002D1CBF002140F62A4095
:102500003FF441AF84E786F84990FF2086F8390010
:1025100054B1002D08BFBDE8F88F002140F63740C8
:10252000AFF30080BDE8F88F0548002818BFAFF36F
:10253000008062B6EDE70000481B002000000000AC
:10254000000000000000000070B50D46064600F0D7
:10255000BBFD0D4890F849200024803800EB821024
:1025600010F8141029B1611CCCB2202CF8D3202013
:1025700070BD0648214600EB4410C0E9006501200B
:10258000FEF7B0FD204670BD481B0020C816002095
:102590002DE9F84F01F096F806460F4601F0CAF90A
:1025A000674CD4E90201C04370EA010003D04FF048
:1025B000FF30C4E9020094F82A00DFF888B1002552
:1025C00010BB4FF40C71A06900F04CFDD4E9052359
:1025D0002169181845EB0503081842EB0301301A6E
:1025E00077EB010010D394F84A0094F84A100BEBF3
:1025F000401040680BEB41110A680821904740F2F7
:10260000CB31702001F0C8FA94F8210080B194F821
:1026100037008DF800009DF8000048B100F0C8FFB9
:1026200094F8380050B14FF47971702001F0B4FA89
:10263000F01C47F1000100F095FEF1E7012084F85D
:10264000380094F84A00202820D094F84A9020209E
:1026500084F84A0084F84B0084F8365084F83750E8
:10266000256000F059FA84F8280094F8498008EBB6
:10267000480000EB040A9AF8300020281CD00BEB2D
:10268000401B9BF81A00012805D015E040F2E73105
:10269000702001F081FA0122BBF81630304639462D
:1026A000FEF784F8DBE90223121A73EB010224BF60
:1026B0000BF10802C2E9000141460120FEF744FD8A
:1026C0000700F9D0204800EB881010F81900022804
:1026D00004D1424649460620FEF704FDFF2084F857
:1026E00039009AF83100DFF8648020281CBF98F880
:1026F000010001F025FB94F8280028B100F0E8F96A
:1027000084F8285084F82950022F0FD0012F18BFC9
:10271000BDE8F88F4FF0FF30D8F80410002908BF4B
:10272000BDE8F88F01B0BDE8F04F08472069801B75
:1027300005F041FDD8F804100029F3D1BDE8F88F69
:10274000481B0020C8160020C81A002000030020E3
:10275000F0B52C4C064685B094F84A0020280AD0E3
:10276000D4E90201C04370EA010009D040F64631C5
:10277000702001F011FA40F64531702001F00CFA9A
:1027800094F84A00204901EB401000F10807D7E90E
:10279000000100F0CBF8FA8900258218387B6941E6
:1027A00010186941401C41F1000101AA00928019F2
:1027B000694102AB04AA00F0DDF89DF804000F287F
:1027C0008CBF01200020DDE90221821841EBE0737B
:1027D000C4E9022394F837008DF800009DF800004A
:1027E000002804BF05B0F0BD4FF00500009500F0D3
:1027F0008BFF00281CBF05B0F0BD40F65B31702098
:1028000001F0CAF9481B0020C816002070B51F4C03
:10281000202184F8301084F8311084F83210002020
:1028200084F8490084F84A10431E2060C4E902334A
:1028300084F82A0084F8360084F8370084F82800E9
:1028400084F8290084F84B10411EC4E9101184F863
:102850004800A4F182011022887001F8040F521E72
:10286000FAD100F063F90A4D012684F83860FF20A0
:102870002870084801F046FA687001F0B1FAA860C3
:1028800001F0D4F884F84C6070BD0000481B0020B3
:102890000003002015100300F0B587B006460F4670
:1028A00000210C9DD2F1FF3071EB030004D240F601
:1028B0004341702001F070F9104605F07CFC04469D
:1028C00003A8009004AB02AA3046394600F052F843
:1028D0000299144A601A0023821A73F1000218D375
:1028E000DFF840C00A1BB2EB0C0C73F1000310D3ED
:1028F0000D4B83423EBFC1F5902000F1F4502044BF
:1029000007D3934209D2C4F5902000F1F450084453
:1029100040420F3007B0281AF0BD40F676317020E3
:1029200001F03AF90040420FFF7F841E030E30B4DD
:1029300043EA0123DFF838C0090EA3FB0C2501FB95
:102940000C51002403FB041147F6FF7303EA5023E4
:1029500043F6095C13FB0CF3C0F3080010FB0CF00A
:1029600000F5807003EB50208018614130BC704747
:102970000080841E2DE9F047DFF8B0C0089C8C452C
:1029800003D896219B2001F007F9CD0045EA50714C
:102990004FF22446B1FBF6F8B1FBF6F5DFF8909064
:1029A000C0F34F3709044FEA084AC919A8FB097850
:1029B000C91BB1FBF6F7B1FBF6F14AEA0701A1FB2F
:1029C0000CC60025B0EB0C0C4FEA5C3048F23766C1
:1029D00000FB06F04FEA1040164E4FEA402806FB77
:1029E00000C6154806FB00F04FEA505708EB0700F9
:1029F00043F6095817FB08F808F5807743F608599D
:102A0000A6EB5727C844FFB2B6EB582F84BF002768
:102A1000401C27700C0A0906081844EB0501C3E99D
:102A20000001C2F800C0BDE8F08700000080841EED
:102A3000000024F4F7C2FFFF6F0C0100410B48F2C5
:102A4000376251430A0C094B510202FB030208484A
:102A5000504300F586306E30400D5B4210FB03F3AF
:102A6000B2EB532F88BF491C08447047F7C2FFFFE1
:102A70006F0C0100430B48F2376C03FB0CF330B4CE
:102A80001B0CDFF844C05C0203FB0C030F485843E7
:102A90004FEA505C04EB0C0043F609541CFB04F4B1
:102AA00004F5807C43F60855A3EB5C2C2C440CF019
:102AB000FF0CB3EB542F84BF4FF0000C401C086098
:102AC00082F800C030BC7047F7C2FFFF6F0C0100F6
:102AD000084890F900000028B8BF704700F01F01B7
:102AE000012202FA01F14009800000F1E020C0F863
:102AF000001270477F0300200348007803280CBFB2
:102B00000120002070470000500300200148408849
:102B1000704700005003002003480078022816BFC9
:102B200003280120002070475003002002480021A4
:102B30000170418070470000500300202DE9F041F2
:102B4000164C207A002827D04FF480718D05284636
:102B500005F05CFB80464FF48271284605F056FB79
:102B600000260746B8F1000F09D00120C5F8080378
:102B7000207920B12671E06908B18047E66137B15C
:102B8000C5F804610220C5F8080300F033FA404696
:102B9000BDE8F04100F030B8BDE8F0810C03002042
:102BA00010B505F0DFFB30B905F0FDFB18B905F0F5
:102BB00030FC002802D002490220086010BD00004D
:102BC000340C004070B500F05BF900F08FFA094C4E
:102BD0004FF0804530B1FFF7E3FF0120286104206A
:102BE000607204E0032060720120C5F80403002035
:102BF000A07170BD0C0300202DE9F04106464FF096
:102C000080454FF48671284605F000FB1F4C804636
:102C10002778E01D05F070FB10B140F2C51114E0FB
:102C200046B1607A032805D104206072FFF7B8FF2F
:102C3000012028610026B8F1000F18D0C5F80C61FA
:102C4000607A042804D040F2D7116D2000F0A4FF70
:102C500005F088FB28B905F0A6FB10B905F0D9FBF3
:102C600008B10B4806600220607200F0EDF83FB139
:102C70002670607A022801D1FFF7A4FF00F0E4F883
:102C8000BDE8F0410148C01D05F04DBB0C0300201C
:102C9000340C00402DE9F041484C00260746A6615F
:102CA00081780078A0726171A6714FF001084FF031
:102CB0008045052825D2DFE800F010030620220019
:102CC000C4F8188009E000F0DBF80121284605F07F
:102CD000A2FA0028F9D00220A06105F0CAFAC0B11A
:102CE00000F01EFA217E01F00301884211D1B8796B
:102CF00060B10220C5F8040344E03148ECE73148F4
:102D0000EAE740F21E316D2000F046FF00F0DCF9EA
:102D100038E0C5F80C80C5F80461A069C5F818054D
:102D200005F00CFB40B905F013FB28B905F027FBB3
:102D300010B905F038FB38B14FF08050D0F844029C
:102D40002149C0F34230086005F0F8FA40B905F0B7
:102D5000FFFA28B905F013FB10B905F024FB18B1F0
:102D600019491031C1F80080C5F808800220C5F863
:102D70000403B87930B900F029F80220C5F8080337
:102D8000C5F80461607970B1387860B900F0AEF9C7
:102D9000074600F077FF6FF0004117B1C4E9041057
:102DA00001E0C4E904010121284605F034FA08B124
:102DB00000F096F96672BDE8F08100000C03002077
:102DC00001000200010003003C0500402DE9F04134
:102DD0004FF08045D5F8040310F0020F11D0164CC7
:102DE0002068C04340F30016206840F010002060C7
:102DF0004FF4827739462846761C05F007FA28B149
:102E00000AE040F2D5216D2000F0C6FE05F00DFB72
:102E100002E000BF05F007FB3946284605F0F6F949
:102E20000028F7D000F050F9002E03D1206820F0E0
:102E300010002060BDE8F08110ED00E00148C0897D
:102E4000704700000C03002010B5EFF3108472B639
:102E50000A48417829B14178491E4170417829B129
:102E600008E04FF496716D2000F096FE807808B966
:102E700000F04AF9002C00D162B610BD0C0300200E
:102E800010B5EFF3108472B606484178491C4170C2
:102E90004078012801D105F0D6F9002C00D162B6A6
:102EA00010BD00000C030020054810B5C17821B109
:102EB00000210171C170FFF7C7FF002010BD0000A5
:102EC0000C03002070B50C4CE17861B90125E57068
:102ED000E061FFF7D5FF00F009F930B1E06910B10A
:102EE00080470020E061002070BD4FF080402571D8
:102EF000C0F80453F7E700000C0300202DE9F0416F
:102F000005006FF015003DD0297804293AD8002932
:102F1000697839D0002935D1A978002932D100202B
:102F200005F063F9002005F053F94FF080484FF0A9
:102F3000FF31C8F808130026C8F80061C8F804611A
:102F4000C8F80C61144C6670A888A08105F072F96D
:102F5000012708B1E77067700121404605F05BF971
:102F600008B100F0BDF840F2F550E0812846FFF7C7
:102F700091FE2772002005F02BF94FF0E02130463A
:102F8000C1F80071BDE8F0810029FBD02029F9D8F3
:102F9000A9782129C3D9F5E70C03002001488089CD
:102FA000704700000C03002010B50D4805F0A4F98F
:102FB0000B49C91F48B1012008704FF0E021C1F84A
:102FC0000002BDE81040FFF75BBF487A022801D13C
:102FD000FFF7F8FDBDE81040014805F0A4B9000076
:102FE000130300200248407A002800D001207047D7
:102FF0000C030020F8B51A4CA07A00280FD1207ECF
:1030000000F0030005F024F9002808D0EFF3108148
:1030100072B6FFF7E7FF18B1002900D162B6F8BD1C
:103020000120607201B962B60820C506C5F8080320
:103030004FF42070ADF80000BDF80000411EADF85F
:103040000010F9D20026C5F80C610548C01D05F036
:1030500066F92670FFF7B6FD0820C5F80403F8BD31
:103060000C03002070B502460020002926D0002A5B
:1030700024D0A2FB0101401E114A41F1FF319142CF
:1030800003D371216D2000F087FD0E4D090341EA45
:1030900010512A0CC0F30F13B1FBF2F4B1FBF2F0A4
:1030A00009042004C918A4FB0534C91AB1FBF2F3C2
:1030B000B1FBF2F140EA030000F1010070BD000035
:1030C00040420F00000024F410B5044C207E00F0B4
:1030D000030005F0BDF80028F8D010BD0C03002057
:1030E0000149012008707047800300204FF08040A4
:1030F000D0F8000118B903480078002800D001205A
:1031000070470000800300204FF0804001214160A3
:103110000021C0F8001101480170704780030020B1
:103120000248006800F00300704700001C040040E3
:1031300010B531B1012907D040F28A3105A000F065
:10314000FFFCD0F8140401E0D0F8080400F00100FE
:1031500010BD00006E72665F636C6F636B2E68005B
:103160002DE9F0470024DFF88090204D4FF48037A0
:103170004FF4A0784FEA0406D5F8042307FA04F0C8
:1031800008EB840102421AD0184A5258BAB16E5064
:10319000A10001F1804101F53041D1F84015D9F885
:1031A0000020891A21F07F41022902D3B1F5000FD6
:1031B00005D9C5F80803201DC0B2FEF7E3F9601C6D
:1031C000C4B2022CD8D3D5F8040128B1C5F80461E3
:1031D00007488168491C81604FF0E0214FF400608E
:1031E000C1F88002BDE8F08704B5004000B000409F
:1031F000080000202DE9F041384D2878FF2868D0DC
:10320000A81C0122017859B1012908BF6A7002D0B7
:103210006978002958D002210170407800F024FB21
:103220002F4CD4F804034FF0000810F4002F4FF493
:1032300080774FF0E0260AD02A48006838B1032092
:1032400000F012FBC6F880720320FEF79BF9D4F859
:10325000040310F4802F0AD02348006838B10220FC
:1032600000F002FBC6F880720220FEF78BF9D4F85A
:10327000040310F4003F0AD01C48006838B1012054
:1032800000F0F2FAC6F880720120FEF77BF9D4F85C
:10329000040310F4803F08BFBDE8F08114480068C3
:1032A000002808BFBDE8F081002000F0DDFAC6F874
:1032B0008072FF202870C5F80480C4F80082BDE841
:1032C000F0410020FEF75EB940F28D416C2000F025
:1032D00063FCBDE8F0410620FEF754B90800002069
:1032E000008000404C810040488100404481004003
:1032F00040810040012211024FF0E0230020C3F87A
:10330000801103F5C073BFF34F8FBFF36F8FC3F806
:1033100000110E4941F8042F431EC1F80433C1F8CF
:103320003C05C1F83C010A4BC3F84005C1F8400117
:103330001B1DC3F84005C1F844011B1DC3F840051F
:10334000C1F84801CA6003494870704700800040D6
:103350000480004008000020014800687047000019
:1033600004B500402DE9F05FDFF830810446A8F194
:10337000020798F800A0D7E904200E46BAF1010F21
:1033800006D182EA04017040084308BFBDE8F09FFF
:103390004FF0404042490860BAF1000F07BF4FF4B8
:1033A000403000234FF400300123DFF8F8C0CCF8A0
:1033B0004803CCF808034FF4A071002543B900BFBF
:1033C00001EB83004CF80050581C10F0FF03F7D0BD
:1033D0004FF4803124F07F400B46CCF80813CCF832
:1033E0004813CCF840513049D1F80090A0EB0909BE
:1033F00029F07F4B4FF00109BBF1020F2ED3BBF533
:10340000000F2BD8CCF84005CCF84433BAF1000FAC
:1034100005D00868101A20F07F400228F9D3C7F8B9
:1034200004903D70FFF766FF2048D0F8041565F35F
:103430000101C0F80415D0F80825022161F301024A
:10344000C0F80825102191FAA1F1B1FA81F10929FA
:1034500009D940F2633116A000F072FB40F20E3140
:103460006C2000F099FBC0F81015C0F80C9079683A
:10347000C0F800124FF0E0204FF48071C0F88012C5
:10348000C0F800110D4980040860C7E90446042013
:1034900088F8010088F80090BDE8F09F0A0000203D
:1034A00008F5014000B0004004B500400080004035
:1034B0006E72665F74696D65722E680004F5014076
:1034C0002DE9F047314CD4E9042382EA000C4B404B
:1034D0005CEA030314BF01230023DFF8B4C09CF8A7
:1034E0000080B8F1020F02D0002B3FD003E0002B88
:1034F00008BFBDE8F0876378BBB3264D4FF040436B
:103500002B60254E4FF4803520F07F432F46C6F8C0
:103510000853C6F848530025C6F840511F4DD5F84A
:103520000090A3EB090929F07F49B9F1020F27D3D5
:10353000B9F5000F24D8C6F84035C6F84473B8F181
:10354000000F05D02B68D31A23F07F43022BF9D349
:10355000134D022253072B60C4E9040104208CF8A8
:1035600001008CF80020BDE8F08704E04FF44771BB
:103570006C2000F011FB4FF448716C2000F00CFB44
:103580004FF44B716C2000F007FB00000800002096
:103590000A00002008F5014000B0004004B50040DA
:1035A00004F501400149D1E90401704708000020F9
:1035B0002DE9F047DFF8F4C09CF80040002C07BF6D
:1035C0004FF4403200214FF4003201213848C0F856
:1035D0004823C0F808230023002908BF4FF4A07532
:1035E00007D100BF05EB81028350491C11F0FF0198
:1035F000F8D0022C04D040F237316C2000F0CCFA25
:10360000EFF3108272B62B4CD0F80415D0F80451A9
:103610002DB1A168491CA160C0F80431F4E7A0688D
:1036200002B962B6020A0006401842EB0301D4E96F
:103630000428C01C41F100011F4F01261F4D80EAE4
:10364000020981EA080859EA08080ED0D7F8008074
:10365000A2EB080828F07F48B8F1040F05D3B8F5AD
:10366000000F02D8FFF77EFE1BE03868101A20F02A
:103670007F40022813D3B0F5000F10D810494FF047
:1036800080400860666023706E60EE604000091F35
:10369000086004208CF801008CF8006001E066608E
:1036A00023706068C5F80002BDE8F0870A000020BA
:1036B00000B000400800002004B500400080004039
:1036C00008F5014010B4EFF3108472B60C4A0D49AE
:1036D0004FF0000CD2F80405D2F804312BB1886801
:1036E000401C8860C2F804C1F4E7896804B962B676
:1036F0000A0A0906081810BC42EB0C0170470000CA
:1037000000B00040080000202DE9F041514922F0AE
:103710007F4C01240B78497800254FF4A0720628CD
:103720007ED2DFE800F0030303035A5A4A4FD7E979
:1037300004866FEA080878EA060604BF7E78002E41
:1037400002D0022B05D024E04FF461716C2000F010
:1037500023FA0E1FF6B202EB860202F1804606F54E
:1037600030460022012B02D0022B08D00EE00429A3
:1037700024BF3768002F08BF4FF0004206E004293D
:1037800024BF3768002F08BF42F0804212F0804FFC
:10379000E7D1324A00F1100104FA01F1C2F808132E
:1037A0004FF0400303EB8003DBB213441C6002EBD9
:1037B0008000D0F84035ACEB030323F07F43032BAC
:1037C0003EBFC0F840550020BDE8F081C0F840C5BC
:1037D000C2F804130120BDE8F08133B1814204D165
:1037E00040F2A3316C2000F0D7F9001FC1B20229CA
:1037F00004D34FF4F5716C2000F0CEF9184B4FF460
:1038000080308840C3F80803C3F8480302EB810204
:103810009D50144A1268ACEB020222F07F4200E095
:1038200012E0022A0DD3B2F5000F0AD803EB810192
:10383000C1F840C5C3F80403C3F844032046BDE8FB
:10384000F0812846BDE8F08140F2A7316C2000F0FD
:10385000A3F900000A0000200800002000800040BA
:1038600000B0004004B50040F8B5012100264FF437
:10387000A077062849D2DFE800F0030303031717F7
:1038800000F1100201FA02F22249C1F8082301EB0B
:1038900080030022C3F8402507EB80028E501E49AA
:1038A00051F820000090F8BD1C4D011FCCB22978C2
:1038B00081B16A7882420DD1194A4FF040401060C0
:1038C000012908BFFFF716FD2E70164A4FF0FF3092
:1038D000C2E9040014494FF48030A040C1F8080345
:1038E000C1F84803A0000844D0F840050F4A126808
:1038F000801A20F07F40022824BF07EB84000E507E
:103900000B4850F824000090F8BD4FF486616C20FD
:1039100000F042F900800040408100400A00002091
:1039200008F501400800002000B0004004B5004048
:1039300040B100401A480078002807BF4FF44030DB
:1039400000214FF400300121164AC2F84803C2F8A2
:1039500008030020002908BF4FF4A07C07D100BF56
:103960000CEB8103D050491C11F0FF01F8D00E4937
:103970004FF0FF32C1F80823C1F84005C1F84001FB
:103980000A1DC2F84005C1F84401121DC2F84005E5
:10399000C1F84801121DC2F84005C1F84C0170473A
:1039A0000A00002000B000400080004070B5EFF336
:1039B000108172B600240D4B0D4A00BFD3F80405E8
:1039C000D3F804C1BCF1000F05D09068401C906092
:1039D000C3F80441F2E7956801B962B604F0EBFB65
:1039E000044A2146E5FB020170BD000000B0004022
:1039F000080000200080841E10B506280CD2DFE8E5
:103A000000F0030303030505064902E0001F064911
:103A1000C0B201EB800010BD40F2CD316C2000F04F
:103A2000BBF800004081004040B1004070B5304814
:103A30000024304D0470FF202870601EC5E904008A
:103A4000AC60FFF757FC01234FF0E02CDE02CCF80E
:103A50008061BFF34F8FBFF36F8FCCF88062264A2F
:103A600053609360254801680029FCD12448C2F8BE
:103A70000803C2F84803C2F84041C2F84441C2F802
:103A80000441CCF80061E868002808BF136027D023
:103A9000DFF874C01B49CCF81015CCF814051B488E
:103AA000C0F810291A4D4FF400200521286019484C
:103AB000C0F84015C0F80030D0F840110029FBD004
:103AC000154D4FF4002129604360C360C0F84041A8
:103AD000C0F84045CCF81045CCF81445CCF8144556
:103AE0004FF48270C2F844030220C2F8040370BD90
:103AF0000A0000200800002000B0004004B500408B
:103B0000020003004081004098F001404CF0014069
:103B100004F501400080004008F50140BFF34F8FDD
:103B200005480168054A01F4E06111430160BFF3F3
:103B30004F8F00BFFDE700000CED00E00400FA0528
:103B400072B6034A526802B19047FFF7E7FF0000E0
:103B50002C030020064810B50021016001210160FE
:103B6000084604F09DFBBDE81040012004F08BBB2B
:103B7000FC1F0040074810B501214160891EC0F8B4
:103B800008130C2004F08CFBBDE810400C2004F05E
:103B90007ABB000000C000400EB572B60F4A5568EF
:103BA000D5B1002203466E460A2403E0B0FBF4F0D0
:103BB000521CD2B20028F9D1B05409E0B3FBF4F0A2
:103BC00004FB1030B3FBF4F3521ED2B23030B054C9
:103BD000002AF3D13046A847FFF7A0FF2C030020AE
:103BE0002DE9F041194C0646174660780D4618B18C
:103BF0004FF0FF30BDE8F081FCF730FB06B9144E02
:103C000067602570FFF7A6FFFFF7B4FF3046FFF7A8
:103C100075F90600EED1FEF7F9FDFFF755FAFFF74B
:103C2000E9F904F0A2FA284604F02DFB0120002D4A
:103C300009DB05F01F0100FA01F16A09920002F1A7
:103C4000E022C2F8001160703046D3E72C03002058
:103C5000C282030001484078704700002C03002016
:103C6000074890F90000002809DB00F01F0201213D
:103C700091404009800000F1E020C0F80012704738
:103C80002C0300202DE9F04101254FF0E02229030B
:103C90004FF000084046C2F88011BFF34F8FBFF3CA
:103CA0006F8F164CC4F800010C2004F018FB144E62
:103CB0003068C04340F30017306840F010003060B7
:103CC000C4F8045325607F1CD4F8000108B11FB16B
:103CD00006E004F0A8FBF7E7306820F01000306041
:103CE000D4F808656560C4F80853C4F800810C2056
:103CF00004F0F5FA3046BDE8F081000000C0004055
:103D000010ED00E010B5024605200C4904E000BFAC
:103D100001EBC0031B7933B1401EC0B2F8D2482179
:103D20006920FFF739FF41F8302001EBC001002284
:103D30004A718A7101220A7110BD0000541C0020D2
:103D400010B5052801D3582106E00A4901EBC0004F
:103D50000179012903D059216920FFF71DFF41791D
:103D60008279491CC9B28A4200D04171BDE8104035
:103D7000FFF776BF541C002010B5052803D34F2150
:103D80006920FFF709FF034A002102EBC00001711F
:103D900010BD0000541C002070B505250E4E0F4CC0
:103DA00016E0217806EBC1000279012A08D1427998
:103DB00083799A4204D04279827156F83100804763
:103DC0002078401CC0B22070052801D3002020704C
:103DD0006D1EEDB2E5D270BD541C002081030020A1
:103DE00000B504F0ABFA40B904F0B2FA28B904F017
:103DF000C6FA10B904F0D7FA08B1024800BD02486B
:103E000000BD00000C05004000E7014010B504F0C3
:103E1000CAFA30B3EFF31080C8B1002172B612486D
:103E200002680368C2F3001243F0100303604FF00E
:103E3000E023D3F80042D3F804321C4300D040BF43
:103E400020BF00BF00BF00BF00BF12B105E00121CD
:103E5000E4E7026822F010020260002900D062B696
:103E600010BD20BF10BD000010ED00E00149012091
:103E700088707047340300202DE9344055F804ABB6
:103E80001A1F55F804BB2CDD54F804CB1CFB0A6642
:103E900054F804EB1CFB1A77043A1CFB0B881CFB40
:103EA0001B991CFB3A6655F804AB1CFB2B771CFBDB
:103EB0003B881CFB2A99C8BF54F804CB1EFB0B6639
:103EC0001EFB1B771EFB0A881EFB1A991EFB3B6616
:103ED00055F804BB1EFB2A771EFB3A881EFB2B9964
:103EE000D4DC043236DD34F802CB013A1CFB0A661E
:103EF000C8BF34F802EB1CFB1A771CFB0B881CFBB9
:103F00001B9927DD1EFB1A66013A1EFB0B7735F85D
:103F100002AB1EFB1B88C8BF34F802CB1EFB0A99FC
:103F200018DD1CFB0B66012A1CFB1B7735F8022BE6
:103F30001CFB0A88C8BFB4F800E01CFB029909DD2D
:103F40001EFB1B66B5F800B01EFB0A771EFB02883D
:103F50001EFB0B99BDE834802DE9F04F0D46099901
:103F6000044615F0030F4FF001003BD0B3F1040CF1
:103F70004FF0000E35F8028B19DD54F8046B4FEA50
:103F8000084855F8049B16FB18EE54F8047B16FB02
:103F900029EE55F8048B17FB19EEBCF1040C17FB46
:103FA00028EEC4BF54F8046BEBE74FEA18481CF145
:103FB000040CA2BF34F8026B16FB08EEBCF1010C36
:103FC000C4BF35F8028BF4E7A4EB4304A5EB43052B
:103FD000704505F10205B8BF7046013942F804EB9F
:103FE00000DCC0E004391BDB4FF000064FF0000797
:103FF0004FF000084FF00009FFF73EFFB04205F117
:104000000805B8BF3046B842B8BF38464045B8BFCB
:1040100040464845B8BF4846A2E8C0030439E3DA41
:1040200002315FDBB3F1040C4FF0000A4FF0000BDC
:1040300055F8048B20DD54F8046B55F8049B16FBEF
:1040400008AA54F8047B16FB18BBBCF1040C16FB41
:1040500038AA55F8048B16FB29BBC8BF54F8046B6B
:1040600017FB09AA17FB19BB17FB39AAC8BF55F8DC
:10407000049B17FB28BBE2DC1CF1020C0EDD54F89C
:10408000046B16FB08AA55F8049B16FB18BBACF191
:10409000020C16FB38AAC84616FB29BB34F8026B83
:1040A0001CF1010C16FB08AAC8BF34F8027B16FBF2
:1040B00018BB05DD35F8029B17FB18AA17FB09BBD7
:1040C000A4EB4304A5EB4305504505F10205B8BF39
:1040D0005046A1F10201584542F804ABB8BF58461A
:1040E00042F804BB01313EDBB3F1040C4FF0000E8B
:1040F0001DDB54F8046B55F8048B54F8047B55F819
:10410000049B16FB08EEBCF1040C16FB38EEA8BFAE
:1041100054F8046B17FB09EEA8BF55F8048B17FB86
:1041200039EEA2BF54F8047B55F8049BE9E71CF173
:10413000020CA1BF54F8046B55F8048B16FB08EE73
:10414000ACF1020CA8BF16FB38EE1CF1010CA2BFAB
:1041500034F8026B35F8028B16FB08EE704542F816
:1041600004EBB8BF7046BDE8F08F2DE9F0478646F6
:104170008C460846089E154674461946002B40F0AA
:10418000C2808542B2FA82F245D94AB1C2F1200317
:1041900000FA02FC2EFA03F3954043EA0C0C94401B
:1041A0004FEA154EA8B2BCFBFEF8230C0EFB18CC50
:1041B00008FB00F943EA0C43994528D9EB1808F1AC
:1041C000FF3704D2994502D9A8F102072B44A3EB8B
:1041D0000903A4B2B3FBFEFC0EFB1C330CFB00F086
:1041E00044EA0344A04214D92C190CF1FF3304D241
:1041F000A04202D9ACF102032C44241A43EA07403E
:104200001EB1D440002334607360BDE8F087474698
:10421000DDE76346F1E792BB431B01214FEA154EF0
:10422000AFB2B3FBFEFC200C0EFB1C330CFB07F8FB
:1042300040EA0343984562D9EB180CF1FF3004D2F1
:10424000984502D9ACF102002B44A3EB0803A4B2B9
:10425000B3FBFEFC0EFB1C330CFB07F744EA0344E4
:10426000A7424ED92C190CF1FF3304D2A74202D930
:10427000ACF102032C44E41B43EA0040C0E7C2F166
:10428000200320FA03F1954090402EFA03F30343F4
:104290004FEA154EAFB2B1FBFEFC0EFB1C10190C21
:1042A0000CFB07F841EA0041884504FA02F422D9E0
:1042B00069180CF1FF3004D2884502D9ACF1020034
:1042C0002944A1EB08019BB2B1FBFEFC0EFB1C11C3
:1042D0000CFB07F743EA01439F420ED9EB180CF1A0
:1042E000FF3104D29F4202D9ACF102012B44DB1B07
:1042F00041EA004192E76046E3E76146F7E760463E
:10430000A3E76346B7E7834206D916B900210846FA
:104310007BE7C6E900E0F9E7B3FA83F78FB9834298
:1043200001D3724508D8BEEB020460EB0303012001
:104330009C461EB9002168E73846FAE7C6E9004CFA
:10434000F8E7C7F1200CBB4022FA0CF41C432EFA0C
:104350000CF120FA0CF3B84001434FEA14490EFA6D
:1043600007F5B3FBF9F81FFA84FE09FB18300B0CB4
:1043700008FB0EFA43EA00439A4502FA07F240D9D5
:10438000E31808F1FF3004D29A4502D9A8F10200DF
:104390002344A3EB0A0389B2B3FBF9F809FB1833F2
:1043A00008FB0EFE41EA03418E452CD9611808F145
:1043B000FF3304D28E4502D9A8F10203214443EA17
:1043C0000040A0FB0298A1EB0E014145CE464346BA
:1043D00002D306D14D4504D2B9EB020E68EB0403BB
:1043E0000138002EA6D0B5EB0E0261EB030101FAF5
:1043F0000CFC22FA07F34CEA0303F940C6E900314A
:1044000098E74046C5E74346D9E72DE9FC47814692
:1044100000F1070020F007005FEA020800904A78E8
:104420008DF804208A780C468DF8052000D00020F5
:1044300001A9F4F70FFD00990026084400902078A8
:10444000617835460844C7B208E0237AE279A17959
:10445000607900F061FD6D1C0644EDB2BD42F4D3FD
:104460000098C01C20F003000090B8F1000F00D0AD
:10447000002032463946F4F7CBFE00994246084404
:1044800000902146684600F005F80099A1EB09006C
:10449000BDE8FC8770B50546887816460C4688B19D
:1044A0002868C01C20F003002860E17BE278638963
:1044B0001144CAB2A17806B10020F4F75DFF296863
:1044C00008442860207B00280FD0A07800280CD05A
:1044D0002868C01D20F007002860217B06B100205D
:1044E000F6F702FF29680844286070BD0EB5014642
:1044F000684600F014F8684601F04FFA0EBD70B53A
:104500000D460446F4F7FEFA002802D03E2C01D0F6
:10451000012070BD2846BDE87040F4F705BB0A884D
:10452000C2F30B0282804A88C2804A789309002233
:1045300042724B78C3F301131BB1012B05D0022B40
:1045400005D00272091D016070470122F9E70222BD
:10455000F7E710B50C4609790170417801F0F001D8
:104560004170A288C2F3032211434170A279827084
:10457000E28801F0CF01120AC2704170227A41EA4A
:10458000021101F03F014170627A41EA82114170EB
:104590002168021D914206D0E288FB2A00D3FB224B
:1045A000001D03F044FFA079001DC0B210BD30B45F
:1045B0000A790270427802F0F00242708B88C3F3ED
:1045C00003231A4342708B798370C37802F0CF02C1
:1045D00003F0C003C370CC88C4F305242343C37025
:1045E00042700C7A04F0030442EA041202F0BF02A3
:1045F00042704C7A42EA841202F07F02427003F069
:104600003F02C2700B68021D934205D0CA8830BCBD
:104610001946001D03F00BBF30BC70472DE9F05F59
:104620000C46054691F800C00C27062305200421FE
:104630003E26FF224FF00D094FF0090B4FF0080AFC
:104640004FF0030EBCF11B0F72D2DFE80CF0DA1C46
:1046500020DA5F63676D7274789FA70EDADA247DC3
:104660009BACB0B5B9C7BEC3CB000E202070B4F868
:1046700003008338B0F5005F03D03121C720F4F781
:104680003DF96370B3E0277084F801A0AFE01A2011
:104690002070012085E02920F4F746FA20B1267029
:1046A000222060702920A1E00A20F4F73DFA20B111
:1046B0002146284600F0A8F86CE02E700120A87072
:1046C000E078E87020792871A088000A6871A079E4
:1046D000A871E07900F00100E871A068A860A089E5
:1046E000A881A07EA873608B000AE873207F2874DD
:1046F000A08B000A6874A07FA874E08B000AE8749D
:1047000094F8200028751320687044E026706170CA
:1047100014206BE026706770A17068E026700A2094
:10472000607084F802E062E0267084F801905DE039
:1047300067E0207001E084F800A0617057E030204D
:10474000207084F801E052E02E700720A870A07855
:10475000E8706088000A287120796871A088000AD2
:10476000A871A079E871E088000A2872207A68723E
:104770002089000AA872A07AE8726089000A28736A
:104780000B2008E026706370A77030E0A11C28465B
:1047900000F06EF858B36870861C2FE05720207028
:1047A0000220607023E02670637012201EE02670E5
:1047B00084F801B0132019E026706070202015E005
:1047C000267084F801B0212010E022700B20607068
:1047D000A2200BE022706070A32007E022706070BE
:1047E000A42003E0227084F801908020A0706678F5
:1047F0002146B61C3246284603F019FE3046BDE875
:10480000F09F40F2872139E73E2202700A2282702F
:10481000CA78C2700A7902718A88120A42718A794A
:104820008271CA79C2718A6882608A898281D1F86C
:104830000E20C0F80E204A8A42824A6942610A8BE1
:1048400002838A7E82764A8B120AC2760A7F0277B8
:104850008A8B120A42778A7F8277CA8B120AC277C2
:1048600091F8201080F820101F21417008467047F1
:1048700070B50A78827042B3012A26D813230370D8
:1048800000230BE001EB430400EB43056678EE7078
:10489000B4F80140240A5B1C2C71DBB29342F1D3C3
:1048A00000230BE001EB430500EB4304EE78667157
:1048B000B5F803502D0A5B1CA571DBB29342F1D30E
:1048C000012101EB8200C0B270BD002070BD4A0919
:1048D00001F01F0150F82200C84000F001007047AD
:1048E00010B56FF0150420B1FFF700FE08B10020ED
:1048F00010BD204610BD10B50C4630B12CB1F4F7F8
:10490000BBF828B12070002010BD6FF0150010BD5D
:104910006FF0220010BD02F0F5BE02F010BF10B51E
:10492000F4F712F9002010BD10B5F4F71DF90020BE
:1049300010BD02F025BF02F006BE01207047F9F756
:1049400071BE012070478178008802F0ACBD00780C
:1049500000B1012002F0A2BD02F0CFBD10B50446A7
:10496000FFF790F9C11700EB917080107F2801DDEF
:104970007F2004E06FF07E01884200DA0846207054
:10498000002010BD02F0CEBD02F0CDBEF9F762BE30
:1049900002F073BB02F088BB02F093BB02880A806E
:1049A00002F098BB02880A8002F0ADBB02F0D5BBD2
:1049B00002F0D9BBF9F736BDF9F73EBD02F013BCE2
:1049C00002F0DCBBF9F760BD02F0E1BBF9F782BD94
:1049D00002F0F9BB02F00EBC02F021BC02F034BCC4
:1049E00002F065BC02F0F1BC02F00FBDF9F77CBD2E
:1049F00010B5F4F7A1F8002010BD02F013BD02F0CD
:104A00002ABD02F036BDF9F797BD02F0E8BAF9F712
:104A10002BBE70B50B88C47C00F11805C3F30E06DD
:104A200002883544641D2D88224492B22544541EC8
:104A30002C4494FBF2F402FB0462408892B2904250
:104A400003D903F40040104302E04FF400409843C0
:104A5000088070BD4204B2EB414F07D100F4004022
:104A600001F40041884201D00120704700207047C6
:104A70008188C088884201D101207047002070479A
:104A80002DE9F0410F46044600F118018088002608
:104A9000C0F30E0045183E60E089002816D06189F9
:104AA000084480B260812988884205D940F25111BA
:104AB0004FF01400F3F722FF06D104F10401204661
:104AC000FFF7A7FF66813D60E6810120BDE8F08128
:104AD0002DE9F041044600F11803C0880E46C0F3EA
:104AE0000E07208AD91908B1B04202D20020BDE8D1
:104AF000F081A089002540B1B1F800C0604506D022
:104B00004FF401711420F3F7F9FE0D800EE094F8D4
:104B100013C018440CF1050CBC446044B4F814C034
:104B200020F803CC94F816C000F801CCA0893044DA
:104B3000A0810888304408802AB1A11D2046FFF7D3
:104B400068FFA5810AE0E07CA189401D3844194432
:104B5000084430F8031DA1828078A07525820120C9
:104B6000C5E7801C704710B50446C088A188814203
:104B700003D0608908B9E08908B1002010BD211D6B
:104B80002046FFF746FF0020E081012010BD10B550
:104B9000044600F11802C088C0F30E0002442088C9
:104BA000452800D24520884204D24FF48271142057
:104BB000F3F7A4FEA07C002803D01088884201D21D
:104BC000002010BD1180A11D2046FFF722FF00200C
:104BD000A074012010BD10B5C4888388014600F17F
:104BE0001802C3F30E001044A34202D049890029E1
:104BF00000D0002010BD0388452B00D24523138030
:104C0000C288C2F30E0300F118021A440A608089B8
:104C10007047C07C401D0844C01E10600888704763
:104C20002DE9F0410E46C1880289044600F11808BA
:104C30000088C1F30E05C2F30E07452800D24520B7
:104C4000B04203D2C6211420F3F758FE1046FFF7F6
:104C500001FF10B10020BDE8F081AF4208D9E17C2E
:104C6000781B401A401F864202DD0020A074F1E745
:104C700008EB050001210680A174ECE738B5C48873
:104C8000818800F11802C1F30E031A44A14210D02A
:104C90004389C58912882B44934208D3ADF800108C
:104CA0006946FFF7B6FEBDF80000A04201D0012022
:104CB00038BD002038BD70B5C6888588034600F130
:104CC0001804C5F30E002044B54202D10020D8815B
:104CD00070BD04885D89DE7C641B354428440D88E2
:104CE000A4B2801CA54200D90C805C8924B10024A8
:104CF00014700988D98170BD0124F9E72DE9F041CC
:104D00001D461646069F0B4604463A46294630463F
:104D100000F039F8834201D29E2112E0A00701D0B1
:104D20009F210EE018220021204603F0FAFBA8196B
:104D3000401D784380B2E5746080B0F5004F03D920
:104D4000A4211420F3F7DAFD2680BDE8F08170B5C8
:104D50000B46044600F1180102898088C2F30E0553
:104D60000D44824201D1002070BD23B1E27CA91C18
:104D7000184603F05CFB2D8804F108012046FFF77C
:104D800048FE284670BD0144491D51438AB20021A6
:104D9000452802D2C0F1450081B21832501880B2C5
:104DA00070472DE9F0478846C18804460089C1F361
:104DB0000E0604F11805C0F30E0705EB0609FFF710
:104DC00049FE002298B92088452800D24520B742E4
:104DD00006D9E37CB91BC91A491F814200DA08468B
:104DE000A18911B1B9F80030C01A404503DA228216
:104DF0000020BDE8F087E07C2944401D3044084491
:104E0000A4F81080C01EF4E770B50023A1F10802D9
:104E10004FF6F774A24204D34FF4E9711520F3F76B
:104E20006DFD02680AB91EE01046026893888B4245
:104E300002D01368002BF7D1948813468C4201D11D
:104E400011680DE001F10805AEB20025B44209D3A6
:104E5000641A11440D608C800268126802600A6056
:104E6000016000E00023184670BD10B50C0004D0AE
:104E7000082C07D24FF4CD710AE008B1002101607F
:104E8000002010BD58B1B4F5803F04D34FF4D67163
:104E90001520F3F733FDA1B2006800F014F8201DCF
:104EA00010BD0021026803E093881268194489B29A
:104EB000002AF9D100F007B800230B608A8002684D
:104EC0000A600160704700234360021D0181026097
:104ED000704700EB42035981114600F014B870B1DD
:104EE0008278B1FBF2F302FB1312D2B200EB420361
:104EF0005B898B4201D110467047C3780BB1FF200C
:104F00007047F3F72BBF028801FB020180780A2269
:104F100002EB40000844704770B50E461D4611462E
:104F200000F013F804462946304600F004F8204407
:104F3000001D80B270BD10B50A460921FFF723FF9E
:104F40004FF6FC71C01C084010BD10B50A460A217E
:104F5000FFF719FF4FF6FC71C01C084010BD09B1E6
:104F6000002100E0022143181A7D022A08D05B7D4F
:104F7000022B09D0032A03D0032B05D00020704751
:104F800000EB4100008B704700EB4100408B704705
:104F900009B1002100E0022100EB4100018B11B9B1
:104FA000408B002800D00120704738B583788DF8F9
:104FB0000030009B00939DF800305BB900240AB1DB
:104FC000002300E00223C218157D022D04D0527D7B
:104FD000022A04D0002038BD1A465B1C00E05A1C8F
:104FE00079B1C51800EB43032C751C830323841887
:104FF000237500EB820300EB42005B680B60008BC3
:105000008880012038BD10B509B1002100E00221DF
:1050100043181C7D944203D100EB4100008B10BD6E
:105020005B7D934203D100EB4100408B10BD00201B
:1050300010BDB0F5FF7F01D2410800E0FF21401A0A
:1050400040F27261884200DB084680B2704701215D
:10505000FFF785BF2DE9F041064642F38007487807
:105060000C4622F004057F1C00B10DB9284304D181
:1050700045B100212046F4F73FF9FF20A0701FB191
:10508000002002E00121F5E702202118097D032913
:1050900002D1022D00D0401C22180121117504EB11
:1050A0004001002204EB80000A834068A270314670
:1050B00062F30F01C6E90001BDE8F0812DE9F0417E
:1050C0001E461346044609B1002000E00220FF21DD
:1050D000A17021180A7D012A03D0497D01290CD134
:1050E000401C04EB40050027298BB5F820C08A1925
:1050F000624505D920442F8307750020BDE8F08163
:1051000004EB8000324640680844194603F08FF9EA
:10511000288B30442883A7700120EFE710B50121C8
:10512000FFF736FF002800D0012010BD0122FFF755
:105130003CBF0022FFF739BF10B50021FFF728FF61
:10514000002800D0012010BD70B509B1002300E097
:105150000223FF218170C11802240D7D012D07D08B
:105160004D7D012D09D04FF48B710920F3F7C6FB5B
:1051700000EB43031A830C7503E000EB43035A83EF
:105180004C750021817070BD0121017070470122B2
:105190001146FFF738BF01220021FFF734BF00217D
:1051A000FFF7DDBE002809DB00F01F02012191405E
:1051B0004009800000F1E020C0F88012704700280C
:1051C0000DDB00F01F02012191404009800000F139
:1051D000E020C0F88011BFF34F8FBFF36F8F70478F
:1051E00010B50E20FFF7EBFF0E20FFF7DBFF0F20BF
:1051F000FFF7E5FFBDE810400F20FFF7D3BF002801
:1052000009DB00F01F02012191404009800000F1FC
:10521000E020C0F8801270474058002800D00120DC
:10522000704710B504462046F4F76AF90028FAD111
:1052300010BDF4F76DBAF4F75BBA10B550400A78B8
:105240001C78624010444A785C78624010448A7846
:105250009C7862401044CA78DC78624010440A7935
:105260001C794979624010445A795140C14201D1B8
:10527000012010BD002010BD704730B50C4605461A
:105280008DB04FF0030104F1030012B1F3F7D4FB2A
:1052900001E0F3F7D7FB60790D2200F03F0040F00A
:1052A00040006071002104A803F03BF9E0788DF81C
:1052B0001F0020798DF81E0060798DF81D001022E6
:1052C0002946684603F0B3F86846FFF7AAFF9DF841
:1052D0002F0020709DF82E0060709DF82D00A070AA
:1052E0000DB030BDF4F79CBDC10701D0012070475F
:1052F000800701D5022070470020704710B50128B3
:1053000008D0022804D040F2C5310620F3F7F6FA9F
:10531000012010BD002010BD002904D0012803D0B9
:10532000012901D00220704701207047FFF7C3BC5C
:105330000121F4F7F9BF10B502F05FFE18B1BDE826
:105340001040F9F713BEFF2010BD10B5F5F718F89F
:10535000082803D0BDE81040F4F7FEBF10BD10B51B
:105360000C460021F3F762FD606018B10120207047
:10537000002010BD022010BD40F2E24148437047BA
:1053800040F2E241B0FBF1F080B2704710B5A2F1FB
:1053900010030D294DD2DFE801F007090E151A1D83
:1053A00021292C4E2F364800F2B342E0062A3ED087
:1053B000072A3CD03DE00B2A39D00C2A37D00A2AE4
:1053C00035D036E00D2A32D00E2A30D031E00C2B09
:1053D0002DD92EE0113A0B2A29D92AE0032B26D900
:1053E00090F85C00F8B11C2A21D922E0042A1ED0D2
:1053F0001FE0012A1BD01CE01D2A18D01E2A16D03F
:105400001F2A14D015E0202A11D0212A0FD0222AD9
:105410000DD0232A0BD0242A09D0252A07D0262AEA
:1054200005D02E2A03D004E001E0282A01D1012072
:1054300010BD002010BD0F2AFBD1F8E711F00C0FB2
:1054400018D04A074FF41671002A02DA4FF0100202
:1054500001E04FF0400201DA4FF0960101F5BC7116
:10546000A0EB0103884203D993FBF2F080B27047AE
:1054700000207047022908D07028F9D97038C11768
:1054800000EB5170C0F3CF0070473C28F0D93C3896
:10549000C11700EB9170C0F38F0070470968C0F826
:1054A0006610704710B540F6C412012906D00229D3
:1054B00005D04FF41C712920F3F720FA08B11046EB
:1054C00010BD40F2E24010BD80F86E1001F026BD24
:1054D0002DE9F04107460E46D7E90454FCF7E2FBFC
:1054E00098B11EB3D7E90401401B002361EB04010E
:1054F0001A461B1A8A4119DA421C71F1000107DBB6
:1055000040F2DD112920F3F7F9F940F2D311F9E760
:105510003044401EB0FBF6F101FB06F0281844F1C0
:105520000004C7E904040846BDE8F0810020FBE759
:1055300030B5134606E0CC18D51A14F8014C5B1EA2
:105540004455DBB2002BF6D130BD00230364A0F834
:10555000482040F271235A4301EB0212521EB2FB63
:10556000F1F14164704740F2E2414843704740F234
:10557000712110FB01F04FF6FF7101EA4000704706
:1055800000210846F4F7F2BF0144142901DD14207C
:1055900070476FF07E008142FADB48B2704770B509
:1055A000054681EA114086B21046EC7A314600F099
:1055B00063F870402521B0FBF1F201FB120105EB0D
:1055C000D10201F00703527801269E40324201D0F9
:1055D000084670BD4443210C2846BDE87040F5F7ED
:1055E0002FB810B5044690F8300008B1252801D92D
:1055F000122010BD32B194F8250028B1012809D03D
:105600001F2010BD002010BD2046BDE810401146EF
:10561000F4F7CEBFA28A496904F12500FFF7BFFF66
:1056200084F83300EEE770B50446401C884204D08D
:105630000868C4F8010008796071607900F01F0003
:1056400060710020E07205466619707800F0EAFA91
:10565000B071E17A6D1C0844EDB2E072052DF3D310
:1056600070BDC1B291FAA1F1000A090E90FAA0F042
:10567000000E41EA0020704770B50D4648400024F6
:10568000FFF7EFFF00EB0010641C2844E4B280B287
:10569000032CF5D370BD027802F00F02032A03D069
:1056A000052A04D100F02EB940780C2801D0002042
:1056B00070470120704770B5144605461F2A03D96C
:1056C000EE212A20F3F71AF905F1090002F0AFFEE6
:1056D000A41D6C7070BD10B5027801F00F0302F0CC
:1056E000F0021A43027007290CD2DFE801F0040629
:1056F000040604080400062102E00C2100E0222137
:10570000417010BDA8212A20F3F7F8F80A6840F884
:10571000092F898881807047027802F07F0242EA6F
:10572000C112027070470A6840F8032F898881808F
:1057300070470278402302F0BF0203EA81110A4356
:105740000270704770B5144605461F2A04D94FF4FD
:1057500088712A20F3F7D2F805F1090002F067FEFC
:10576000A41D6C7070BD42680A60007A08717047B1
:10577000B0F80900704770B5B0F80720B0F80940DC
:1057800030F8055F10F8013CC08831B1B2F5506FB8
:1057900003D940F607518A420BD9911F40F67A4649
:1057A000B14210D87BB1082B0DD893420BD2954251
:1057B00009D8B4F5FA7F06D240F676410A38884215
:1057C00001D8012070BD002070BDB0F807007047FF
:1057D000B0F809007047B0F80B00704710B5FB290E
:1057E00004D940F2A1612A20F3F788F8417010BD76
:1057F000808908807047D0F81600086070474268BA
:105800000A6080684860704750F80E2F0A60406850
:10581000486070470968C16070470A68426049681B
:1058200081607047007800F00300704780887047FF
:10583000C0887047008970474089704701891B29DB
:105840000CD341894FF4A472914207D381881B295C
:1058500004D3C088904201D30120704700207047D4
:105860000179490704D04079400701D001207047F1
:1058700000207047C08870470179407901F0070126
:105880004A1E00F007001140421E1040014301D0A3
:1058900000207047012070470079704740797047B9
:1058A00000797047017170474079704741717047C6
:1058B00010B51B2A04D940F27E412A20F3F71EF8C6
:1058C0004270BDE81040C01C02F0B1BD027801F08A
:1058D000030102F0FC020A43027070470171090AD9
:1058E000417170478171090AC17170470172090ADB
:1058F000417270478172090AC1727047007970471E
:105900000079704770B5D0F81F2090F8233012F05E
:10591000FF0F03F0E00308D1C2F307242CB9C2F350
:10592000074414B9120E00D14BB34678B0F81920D1
:10593000B0F81B40B0F81750837D222E1FD131B133
:10594000B2F5506F03D940F607518A420BD9911F27
:1059500040F67A46B14212D88BB1082B0FD8934249
:105960000DD295420BD8B4F5FA7F08D2B0F81D00DD
:1059700040F676410A38884201D8012070BD0020E7
:1059800070BD4168002291F81A32002B04D081F8D2
:105990001A22406800F01FBE704710B5017A19B195
:1059A000012906D0002010BDC2880368808802212A
:1059B00003E0C288036880880121F4F7ABFE08B9D0
:1059C000F4F7F8FE012010BD032200F006B8032210
:1059D00000F017B8042200F014B808B5037A8DF867
:1059E0000030009B00939DF8003023B140F2BF21AE
:1059F0001020F2F783FFBDE80840F5F74BB8F5F744
:105A000077B8037A82B08DF80030009B00939DF840
:105A1000003013B1027202B0704702B0F5F73AB825
:105A20000220087001208870704710B58C880A89A0
:105A30004B88C988A0F84830A0F84C10A0F84A401C
:105A4000A0F84E2010BD70B515460C4600F0BFF80A
:105A500096302844A04201D8201A70BD002070BDA5
:105A60002DE9F041044600F081F88046B4F8485032
:105A7000B4F84200A78E268F854200D3054694F8DD
:105A80006A10204600F06AF894F86010022908D1E4
:105A9000AF4200D23D46864200D23046002184F813
:105AA0006010A5862087BD4201D1B04201D00120FF
:105AB00000E0002040EA0800BDE8F081408A70471D
:105AC0001B2202848283C2828282428102820281FC
:105AD00042858285828400290AD14FF4A4714184D1
:105AE000C18341830183C18141828181C185018656
:105AF0007047006801F19C02904203D9401A9C381B
:105B000040087047002070474068704770B50C46E9
:105B1000054600F05CF82044286370BD10B5029C77
:105B20008182C2820383448310BD001D10B580B200
:105B3000012906D0022907D04FF4F1710620F2F7AF
:105B4000DDFEC000503001E080002C3080B210BD7E
:105B5000418C008B814200D208467047B0F84A1051
:105B6000B0F84600814200D2084670472DE9F04760
:105B70000646B0F83690B0F83A80B0F84C40B0F82D
:105B80004000844200D3044606F12C000546FFF78E
:105B9000DFFF07462846FFF7DBFF6C81EF810246F7
:105BA000B38F96F86B102846FFF788FFA34200D208
:105BB0002346904200D302462B826A824C4501D193
:105BC000474502D00120BDE8F0870020FBE7962181
:105BD00090F86B3090F86A2000F000B82DE9F041A1
:105BE0000D46064698461746808E1146FFF79DFFE4
:105BF000044639463046FFF7B1FFA04200D20446C2
:105C0000B08F4146FFF791FF0246414606F12C0056
:105C1000FFF754FF904200D3104620442844801DD3
:105C2000BDE8F08100F05501552202EA5000084419
:105C300000F03301332202EA9000084400F00F0123
:105C400001EB101070474068002120F8D81F8178C0
:105C5000491C8170704710B5406810F8DA1F491E62
:105C600049B20170002903DA35214A20F2F746FED5
:105C700010BD10B54268D2F88C301C0701D5012048
:105C800010BD43F00803C2F88C304268C97882F82E
:105C90002011FFF7D8FF002010BD406880F82311C5
:105CA00080F8222170474068002180F89D1080F81C
:105CB000D610A0F8D21070470B2819D00C2817D096
:105CC0000A2815D00D2813D00E2811D020280FD067
:105CD00021280DD022280BD0232809D0242807D032
:105CE000252805D0262803D02E2801D00020704773
:105CF0000120704710B5A0F1340230F8B44C0820F0
:105D0000087000208870A1F8034092F83D004871A7
:105D10002046F3F7C3FAFEF7ABFE40B12046FFF78B
:105D200088FA2046BDE810400021F3F73BB9722104
:105D30006320F2F7E3FD70B544680D46037894F8EC
:105D40009F20803401212046FFF720FB08B100206E
:105D500070BD2846FFF7D2FD84F820000620E077CA
:105D6000F5E710B544680378012194F89F2080344A
:105D70002046FFF70BFB002801D10720E07710BD7C
:105D800006220A7000F10902A0F5DB700023C3842B
:105D90001068C1F803005068C1F80700107AC87293
:105DA000CB70704710B544680378002194F89D20AB
:105DB00080342046FFF7EAFA10B11D20607710BD4D
:105DC00024214520F2F79AFD2DE9F84F0646037885
:105DD00040688B4600F1800405460027627F0A2157
:105DE0002046FFF7D3FA58B35846FFF727FDF0B126
:105DF0005846FFF71DFD82465846FFF71DFD8146B8
:105E00005846FFF713FD80465846FFF713FD01463D
:105E10004B46424605F12C00CDF800A0FFF77EFE70
:105E20002846FFF71DFE05217068F6F7F1FA84F8A1
:105E300056706777304600F005F80020BDE8F88F0F
:105E40000120FBE7416801F5A57291F86000012887
:105E500004D031F82C0B1632F4F760BE022081F822
:105E60006000704709220A7000F10902437AA0F528
:105E700000708B700088A1F80300D07848717047DB
:105E80000A220A70427AA0F500708A700088A1F890
:105E900003007047072201F8012BA0F53372128826
:105EA0004A8050F80B2F4A6042688A6000898881D6
:105EB000704710B5044640680123002190F89E20E9
:105EC0008030FFF763FA002860680CD090F8A300D8
:105ED000002807D02046FFF7B6FE6168112081F840
:105EE0009E00002010BD90F89E20012305218030E7
:105EF000FFF74CFA08B1082010BD012010BD406822
:105F000090F89E10122901D002207047132180F8CA
:105F10009E100020704710B50446406890F89E001F
:105F2000182801D0022010BD2046FFF794FE6168BA
:105F30001C2081F89E00002010BD00EBD10001F074
:105F400007030278012199400A430270704710B597
:105F500044680378002194F89D2080342046FFF7A0
:105F600015FA10B10420607710BDAA211C20F2F7A9
:105F7000C5FC10B5416891F88C20D2070BD011F800
:105F8000DA2F521E52B20A704068002A05DAB9218F
:105F90001C20F2F7B3FCB721FAE750F88C1F21F070
:105FA0000101016010BD052201F8032B50F8092FF3
:105FB0000A6042684A6002890A81807A8872704762
:105FC0000C22A0F257100A7000884880704710B564
:105FD000446894F88C10803411F0040F01D0012033
:105FE00010BDFFF730FEE06840F00400E0600020E4
:105FF00010BD10B544680378002194F89D208034CA
:106000002046FFF7C3F910B10F20607710BD712152
:106010004B20F2F773FC10B544680378092194F81B
:106020009D2080342046FFF7B1F9002805D00020DC
:1060300084F84A0084F85600607710BD4168D1F8B2
:106040008C2022F00402C1F88C20FFF704BE01234B
:106050000B70002300F109028B7030F8DE0CA1F800
:10606000030012F8010B48711088C880508808811D
:10607000704770B503784068002500F1800490F8FF
:10608000DD1000F5987089070ED4627F002120464C
:10609000FFF77CF930B10120607784F85600A4F84E
:1060A000525070BD6F210BE0217B89070FD594F80A
:1060B0005A10491E49B284F85A10002903DA812186
:1060C0004020F2F71BFCE16821F00201E1608574D9
:1060D00070BD17220A70D0F80900C1F8030070479C
:1060E00010B504466FF00042D4E90010504070EA49
:1060F000010108D002F05DF8D4E90023801A99412B
:1061000001D3012010BD002010BD08B500F004F837
:106110006A46F5F727F908BD30B54C78034608788C
:106120008D78220E40EA042040EA054042EA1542FA
:10613000CD780C7942EA15222243497940EA05607C
:1061400042EA01221146012B01D142F4803130BDD7
:1061500070B50E468CB0144601461D4610226846A6
:10616000FFF7E6F91022314604A8FFF7E1F9684687
:10617000FFF757F808A94FF01002284614B1FFF7AF
:10618000D7F901E002F053F930220021684602F00D
:10619000C8F90CB070BD08B590F872108DF80010F9
:1061A000009900919DF8001041B990F8AA108DF85F
:1061B0000010009900919DF8001009B1012008BD60
:1061C00090F89C008DF80000009800909DF8000069
:1061D000002008BDFF200870086BFEF7D5BF7CB516
:1061E0000D4604464FF48872002102F09AF9FF2010
:1061F00020701320608042F210706084F3F70CF975
:106200000146206300226846FEF724FF0022012198
:10621000206BFEF799FF04226846216BFEF71AFFF8
:1062200000221146206BFEF78FFFA57304F12800B2
:10623000BDE87C4000F014B98078C0F3800008B15C
:10624000002070471F207047F5F76CBE80687047CC
:106250000120704710B50446283000F0C1F861886D
:10626000BDE810402822F5F79BBF0022C285438875
:106270001D2B01D0417370474273704710B5002445
:10628000006BFEF759FF844384F0010010BD807855
:1062900000F0010070478078C0F3C0007047012013
:1062A00070478078C0F34000704790F90E00704747
:1062B0000078FF2801D0012070470020704700F8C7
:1062C000201F427070470A6840F8112F898881802A
:1062D00001218171704701207047C16190F8502001
:1062E0004A72D0F85120C1F80A20B0F85500C88190
:1062F000704780F868107047C07B002800D00120EC
:1063000070470278202302F0DF0203EA41110A43BA
:10631000027070470121F5F7D1B90121F5F7CEB927
:1063200004220A70B0F80920A1F80320C07A48714D
:10633000704710B50C461021217000F1090121228F
:10634000E01C02F074F80120A071E078002814D05D
:10635000A48800212046F2F769FD00280DD00088AE
:10636000FEF767FF00212046F2F71CFE002804D04C
:1063700040F249212D20F2F7C1FA10BD14220A7013
:1063800050F8092FC1F803204068C1F80700704792
:1063900010B504460846F9F71BFB2179BDE810400B
:1063A0002520F9F7E5BA70B514461D46064601F0FA
:1063B00000FF00196941C6E9000170BD70B50170A8
:1063C000427014460D46807800F07FF810FB05F00F
:1063D0006043FF2803D35C212E20F2F78FFA70BDB3
:1063E00010B50446807800F070F86178227811FBCF
:1063F00002F14843C0B210BD10B5044600F04DF89C
:106400006179491CC9B26171627891420BD1002255
:106410006271E1780143E170A378994203D1E2709F
:106420002179491C2171BDE8104000F025B8817028
:10643000704770B50446807800F047F8617811FB2A
:1064400000F5E07800F041F86178627910FB0120F6
:1064500021782279891A11FB05F1081AC0B270BDA2
:10646000002101608180012141700170704700218D
:10647000C17041710171704710B5012807D0022821
:1064800007D0042807D039212E20F2F737FA25202B
:1064900010BD262010BD272010BD014600208A789F
:1064A000D30702D0CB78DB0706D0930706D5CB788D
:1064B0009B0703D402207047012070475207FCD588
:1064C000C9784907F9D404207047C0F38001C0F3AC
:1064D0004002114400F001000844704740F25A3174
:1064E0004843704740F2EF2070470E021C0430060C
:1064F000600C5A03B406C505F50B2512A301B103C0
:10650000BF05EF024906A30910B590F8081109B1BB
:10651000002010BD90F8C81031B1D0E933128A4282
:1065200002D9F5F7B3F8F3E7012010BD10B531B18A
:10653000012908D040F2DD713020F2F7DFF9BDE823
:10654000104000F0FBB9002180F8C810BDE81040F1
:1065500000F057B910B5044690F8E000002819D0B3
:10656000012084F8080101462046FFF7C2FE94F896
:10657000E00070B114F8C00FFBF756FD2078FBF770
:10658000CBFE14F8C009FBF7A5FE20B1002084F86B
:10659000E000002010BD40F20A213020F2F7AEF9F1
:1065A000D0F8C400704790F8E00070471CB5012295
:1065B0000020014662F31741CDE9000102E0009896
:1065C000FFF7C8FF6846F2F79DFC0028F7D0F5F703
:1065D000B5FF00201CBD7CB5044690F81B020028C6
:1065E0005FD194F84C0203285BD101F0E2FDD4F8AE
:1065F0008032D4F88422C01A61EB020100231A46CB
:106600001B1A8A414DDA421C71F1000102DB40F293
:10661000036136E0216911B1B0FBF1F000E0002028
:10662000B4F89410401C0844A4F85C02B4F85C026E
:10663000B4F81412081A00B2002832DD94F894025B
:10664000FBF7F2FC00282CD0FF2084F86102B4F89C
:10665000CE00B4F8CC1001AE401AB4F89410401E2D
:10666000084485B217E00096B4F85C1200230122BA
:106670002046F6F737F8002813D0012804D040F25E
:106680003C613020F2F73AF9B4F85C02BDF804102E
:106690000844A4F85C02B4F85C02281A00B200288E
:1066A000E1DA7CBD002070472DE9F047044600F098
:1066B0001EF9A4F8F0004FF0000A84F8E8A00121C8
:1066C00084F8F310B4F8E200401C0A2801D2A4F8C0
:1066D000E200D4F8C40038B1B4F8E200401C0A2843
:1066E00002D384F8F21002E0022084F8F20001F0F4
:1066F00060FD06460D46D4E93E10F034B1EB0608C5
:1067000060EB0509FCF79AFB074601F049FD34F8F8
:10671000F019884200D808463844CF3080B2B8EB30
:10672000000379EB0A0204DA301845EB0A05C4E9E4
:106730003E0504F1E80000210546FEF7C9FE2046AB
:1067400000F03BF8E8B1204600F027F8D4E93630F5
:10675000D4E93E12591A904111D22046FFF776FD36
:10676000D4E93612D4F8F8305B1A002807D0B3FB0E
:10677000F0F3A0FB033059185041C4E93610BDE8CE
:10678000F08794F8C000294600F0AFF80028DDD16A
:1067900040F2DF613020F2F7B1F810B5044690F80E
:1067A000C000FBF797FD002084F8E00010BD10B595
:1067B000FFF750FD00F58B7010BD70B5054690F8E1
:1067C000080108B1012070BDD5E940106FF000420A
:1067D000504070EA010112D0002421462846FFF7FC
:1067E000E6FFF5E93E1240185441D5E90221F83D93
:1067F000101AA14103D52846F4F748FFE2E700202C
:1068000070BD10B5F8F70EFFBDE81040FBF7C0BE35
:106810002DE9F047044690F86202002851D094F820
:106820004C0203284DD194F86B9001F085FA05468F
:1068300094F80E02F5F774FE284486B294F80E021E
:10684000F5F76EFE00F5C8601FFA80F84846F8F7C5
:10685000A7FFD4F89C120D1A4846F8F7CFFF4FF463
:106860007A7A00F2E730B0FBFAF02D1A4846F8F7D2
:1068700097FFD4F820120F1A4846F8F7BFFF4AF2E4
:10688000A1310144B1FBFAF0391AA1F16000704363
:10689000B0FBF8F2292000EB51006032A0EB52016E
:1068A00000EB5200A94201D8854201D9FCF77CFBDC
:1068B00031462069FCF7D6FB0021C4F8540284F865
:1068C0006212BDE8F08770B50C460546F8F796FFF2
:1068D0004AF2A13108444FF47A71B0FBF1F6284630
:1068E000F8F75EFF3044204470BDFAF72FBF7CB547
:1068F0000446FFF7D4FCF8B12046FFF7C8FC18B9EE
:106900002046FFF7CEFC40B15A246846F9F76AFCEE
:106910009DF8000018B1012502E05024F5E700259C
:1069200001A8F9F747FC9DF8040000B101200543D8
:1069300000D00A3420467CBD61207CBD70B5044681
:10694000408C002530B1F4F7B3F9618CB0FBF1F263
:1069500001FB12052046FFF779FCF4E936212844B3
:106960000025821845EB0100C4E9082025740120A8
:10697000E0760220A076D83C2046FFF7B8FFA4F8C6
:10698000F000D4E93E01C4E936012046FFF715FFC7
:1069900030B994F8C00004F1E801FFF7A6FF28B170
:1069A000A4F8E250BDE87040FFF72BBF40F237710A
:1069B0003020F1F7A3FF10B50446002084F84C0204
:1069C00094F89402FBF786FC202084F8940210BD12
:1069D00010B540B109292FD2DFE801F007161E1EBD
:1069E0001A2E22262A00CD2123E00446F4F716FEB3
:1069F00010B140F27E211CE0D4F8EC00BDE810405C
:106A0000A0F20510FBF7A4BEBDE8104000F0BDB831
:106A1000BDE81040F8F7E2BFBDE81040FFF744BE04
:106A2000BDE81040FFF710BCBDE81040FFF7B5BE51
:106A3000ED213020F1F762FFF121FAE710B50400F3
:106A400009D0002209295DD2DFE801F0073B43436A
:106A50003F5C484F5800972151E0C4F89C2294F8BD
:106A60006012204689B1B0F85E22B0F894108A42D4
:106A700006D1B0F81422511AA0F8161211460DE0F2
:106A8000511AA0F8161291B208E0B0F85C12B0F8F2
:106A90009420891AA0F81612B0F85C12A0F894108D
:106AA000D0E99E12C0F88012C0F88422F6F702FAEC
:106AB00094F81B02002820D02046BDE81040F6F7CD
:106AC0001DB8BDE8104000F0ACB8BDE81040F8F7C4
:106AD00085BF2046BDE81040F6F764B80120FAF7FC
:106AE000EFFBBDE81040FEF7FDBB94F84C02042814
:106AF00001D0BB2103E084F84C2210BDC12130201D
:106B0000F1F7FCFEC521FAE710B5F8F777FE4DF670
:106B1000417108444FF47A71B0FBF1F000F27F103C
:106B200010BD10B5044690F86B00FFF7EDFF01466D
:106B30002046BDE81040FEF7E9BF38B50025044601
:106B400080F84C52A0F890522B462A4629460095D0
:106B5000F5F7C8FD20B140F21E213020F1F7CEFE3E
:106B6000C4F848520120C4F8405284F84C02A4F8FA
:106B70005E52A4F85C52943484F8CD512088401EB3
:106B80002080A4F8FE51002038BD70B50546FFF7FF
:106B900082FBC8B900212846FFF709FE0446D5F854
:106BA000EC00A0420ED2201A682800D268200321EF
:106BB000FAF796FB30B12846C5F8EC40BDE87040C6
:106BC000FFF742BBC5F8EC402846F4F743FD002828
:106BD00004D04FF42D713020F1F790FE70BD00EB22
:106BE000D10001F007030278012199408A43027025
:106BF000704710B50C46F2F7DFFA94F8940220289B
:106C00000CD0FBF789FB94F89402FBF763FB002898
:106C100004D140F663113120F1F770FE10BD002061
:106C20007047F2F71BBF002180F89D1080F89E107E
:106C300080F8A11090F81B1209B1022100E0032195
:106C4000F5F7E6BB90F8A600FE2801D001207047BA
:106C50000020704710B5012806D0022804D04FF458
:106C600025710620F1F74AFE10BD012802D0022846
:106C700005D102E0012904D001E0022901D0002061
:106C800070470120704770B5044640680D4610F803
:106C9000EC1F41F0040101702846FEF701FE064694
:106CA0002846FEF701FE014622463046BDE8704008
:106CB000F7F74CB910B54368044693F82C0108283F
:106CC0000DD200F50C72C0F10800C1B29818F1F7AE
:106CD000B3FE616891F82C21104481F82C016268A0
:106CE00092F82C11083904290DD201F58E70C1F1EA
:106CF0000401C9B21044F1F79FFE616891F82C219C
:106D0000104481F82C01606890F82C110C290ED3E6
:106D100005D040F2F6514FF03100F1F7EFFD0021C0
:106D200080F82C11BDE810400420F6F7F9BE10BD24
:106D30004268312182F89D104068002180F8B41229
:106D4000704710B5416891F89E20152A04D040F292
:106D5000B4413120F1F7D2FD012281F8DB204068F7
:106D6000162180F89E1010BDFFF703B910B54168D9
:106D70000446D1F88C00C20602D440F20C5103E064
:106D8000820604D540F20D513120F1F7B7FD20F015
:106D90001000C1F88C002046FEF75DFF6068BDE87A
:106DA00010400521F5F734BB10B5416891F89E20DD
:106DB000112A04D040F2AC413120F1F79FFD0122AD
:106DC00081F8DB204068122180F89E1010BD10B5BC
:106DD000416891F89E00222805D020B14FF4A361AC
:106DE0003120F1F78BFD232081F89E0010BD10B5F6
:106DF000416891F89E202F2A06D0162A0BD040F227
:106E0000D6413120F1F77AFD002281F89E20BDE8BD
:106E10001040FEF720BF1A2081F89E0010BD10B56B
:106E2000406890F89E10162904D040F2C1413120EC
:106E3000F1F764FD1A2180F89E1010BDFFF787B8A6
:106E400010B5406890F89E10162904D040F2BB415E
:106E50003120F1F753FD182180F89E1010BDFFF787
:106E600008B900EBD10001F007010078C84000F03C
:106E70000100704710B5012806D0022806D04FF453
:106E80002A717820F1F73AFD002010BD012010BDD5
:106E90007F2000F08CB86FF07F0000F088B810B54C
:106EA0000446F7F7BFFE641EE2B2BDE8104000F0F2
:106EB0005BB82DE9F84307461E4690460C46084647
:106EC000FFF7EDFFE8B17D68212105F1EC00803589
:106ED000FFF7C7FFB8B1641E296FE86EE2B200F099
:106EE00043F880B1786890F849118DF80010009946
:106EF00000919DF8001000F2471031B13A20BDE832
:106F0000F8831120FBE71A20F9E7811C0E7001219C
:106F1000A140017080F801800020F0E72DE9F041E8
:106F20000D460646FFF7B4FF0746FFF7B4FF0024FF
:106F3000854200D10124BD4201D144F0020400F099
:106F400026F800220146012303FA02F0084205D088
:106F500006EB420080F8705080F86F40521CD2B2AD
:106F6000022AF1D3BDE8F08110B514460246002094
:106F70000346022C05D2104600F010F80121A14072
:106F8000CBB2034201D0012010BD002010BD10B5CE
:106F9000F7F748FEBDE8104000F000B8000A0122F3
:106FA00040EA0160C00700D003221046704708B5D0
:106FB000012340F688126946F9F71AF908BD00EB7B
:106FC000D10001F007010078C84000F001007047CF
:106FD00018B1022801D001207047002070473EB54B
:106FE0008178002504461A2924D00EDC16292BD2DC
:106FF000DFE801F02A2A2A2A2A202A2A2A2A2A2AEB
:107000002A2A2A2A2A2A2A2020202A291CD00BDCD4
:10701000A1F11E010C2917D2DFE801F01616161691
:10702000161616161616160C3A3902290CD2DFE877
:1070300001F00B012088B0F5706F05D26946FEF7AC
:107040008EF918B102203EBD12203EBD019968465E
:1070500091F830218DF80820029A02929DF80820BC
:1070600001F598710AB10C203EBDA2784A70FF224A
:107070000A70FEF786FC28463EBD10B5044600F0B7
:10708000F4FD08B10C2010BD207818B1012801D002
:10709000122010BDFFF79CFF611CF4F7F9F808B14E
:1070A000002010BD072010BD10B500F0DEFD08B1B6
:1070B0000C2010BDF4F74AF90020F3F72FF9002057
:1070C00010BD10B50B46012200F11001FFF740F88A
:1070D000002010BD10B500880021F1F7A7FE18B1FF
:1070E00090F8A01211B107E0022010BD90F89E1098
:1070F000152903D0162901D00C2010BD022180F8DB
:10710000A012002010BDF8B5054600880021F1F757
:107110008DFE040003D094F8A00210B111E002200B
:10712000F8BD94F89E00152801D0162809D194F8CE
:10713000D4028DF80000009800909DF80000012610
:1071400008B10C20F8BD1022A91C04F2A12001F006
:107150006EF984F8A0620020F8BD10B50821F1F79F
:1071600071FC002010BD10B50446F7F799FBFFF73E
:107170009CF8F3F7D5F92070002010BDFB210180A9
:1071800040F6480242808180C280002070471CB5D2
:1071900000886946FEF7E3F800280DD19DF800004D
:1071A000019C012804F5987403D1019800F0DDFCDE
:1071B00018B1E07C18B13A201CBD02201CBD012092
:1071C000E07400201CBD10B504466FF07F0000F095
:1071D00008FDF3F7A5F9207000F0C4FCF3F7A0F95F
:1071E0006070002010BD10B50446F4F7B5F82070AB
:1071F000002010BD10B5044600F037FD08B10C208A
:1072000010BD207808B1012807D1FFF7E1FE611C0D
:10721000F4F77CF808B1002010BD122010BD1CB599
:107220000446F7F73DFB00208DF8020003218DF89E
:10723000011014F8011B8DF803108DF8000068464A
:10724000019400F08AF91CBD7FB50546F7F728FBCD
:1072500006462878002460B18DF8004001200DF129
:107260000101F2F763FA20B1684600F090F80028B7
:1072700012D18DF80C403046FFF70DF818B1802080
:10728000ADF80D0001E0ADF80D408DF80F40287805
:10729000012803D038B1122004B070BD03A93046D4
:1072A000F7F71AFBF8E7304600F075FCF4E710B585
:1072B00001798AB0042903D84188B1F5804F02D9F9
:1072C00012200AB010BD00218DF80410037900913E
:1072D0009DF80020052B42F010028DF8002051D2BD
:1072E000DFE803F0030805110B0042F0010242F051
:1072F000020206E042F0090201E042F0010242F01F
:1073000004028DF80020BDF800200092BDF8002096
:10731000ADF805200388DDF8062063F31F22CDF8C1
:1073200006204388DDF8092063F31F22CDF80920E9
:10733000427B8DF80D2042798DF80E2082798DF8F0
:107340000F20D0F807200492B0F80B20ADF81420DD
:10735000807B8DF816007F208DF8170001208DF8B6
:1073600018008DF819108DF81A008DF81C108DF882
:107370001D108DF81B108DF81E1008A901A8F7F735
:10738000EDF89EE741F2AD313920F1F7B7FA70B56B
:10739000044600780121F1F749FD050007D0FFF709
:1073A00002F960B12846FEF77CFF10B105E04220EB
:1073B00070BD2846FEF76BFF08B10C2070BD611C44
:1073C0002846FEF780FF002070BD0EB5828844F28B
:1073D00090239A4201D912200EBD40F648039A42EA
:1073E00000D31A460388ADF800304388ADF8023068
:1073F000ADF804204388ADF80630ADF808200088C9
:1074000008806846F7F7E2FA0EBD10B50446F7F7B4
:1074100047FA6178C1F3400201F00101FEF74FFF26
:10742000002010BD3EB504460DF107000090227902
:10743000E178A0780DF1060300F0DBFB002809D10C
:107440002088ADF80400B4F80500ADF8080001A8E4
:1074500000F03EF93EBD10B50446012000F060FA90
:1074600028B121460120F2F779F9002010BD0C2047
:1074700010BD1CB50446F7F713FA00208DF8000084
:107480008DF8020003208DF8010014F8010B8DF82F
:1074900003006846019400F0C9F81CBD10B5F2F76E
:1074A00081F9002010BD10B50C460021F1F7BEFC9B
:1074B00018B1022C03D9122010BD022010BD14F007
:1074C000010180F81D12C4F3400280F81C2204D090
:1074D00090F81A1209B1FFF77EF8002010BD1CB514
:1074E0000C466946FDF73BFF002805D100212246E6
:1074F000019800F0E1FA00201CBD10B504460078A8
:10750000FF2809D00121F1F791FC18B1B4F801105E
:10751000418405E0422010BDB4F80100F4F73AFFC1
:10752000002010BD10B50446F7F702FB18B100208B
:1075300000F0F6F928B121460020F2F70FF90020FB
:1075400010BD0C2010BD10B5007800B10120F4F77B
:1075500035FF002010BDF7F739BA2DE9FC4106468A
:10756000457800780121F1F761FC04001ED0FEF798
:1075700063FEF178814200D808460746042D18D0F2
:10758000206BFDF704FE384481B22046012200F052
:10759000D9F900280BD1032D00D0DFB12046FEF72A
:1075A0007EFE7178032910D0A0B904E04220BDE826
:1075B000FC817FB9F2E7042907D12046FEF7F3FFEB
:1075C00040B1206BFDF7AAFD20B1012D04D0032DA1
:1075D00002D00EE01220EAE72046FEF760FE08B176
:1075E000002202E0012D13D001226846216BFDF735
:1075F00031FD042D18D072683B460121206BFDF748
:107600005DFD38B17078022806D0032804D00BE065
:107610000222EAE70720CAE7206BFDF7B8FD024621
:107620000121206BFDF790FD0020C0E72DE9FC4112
:1076300007464578C67800780121F1F7F7FB04008A
:1076400003D0FEF72EFE18B103E04220BDE8FC8116
:107650000026206BFDF79FFD304481B2884620460E
:10766000012200F06FF90028F0D1042D08D0032D7D
:107670000AD02EB12046FEF796FF18B10C20E5E7A0
:107680001220E3E7012D0CD12046FEF708FE08B1D9
:10769000042202E0012D10D005226846216BFDF77F
:1076A000D9FC7A6833460021206BFDF707FD30B125
:1076B000022D06D0032D04D008E00622EDE70720B6
:1076C000C4E742460021206BFDF73EFD0020BDE7E8
:1076D00010B50446808828B1012803D0022801D0C3
:1076E000122010BDE07800F0C4F948B1A07800F095
:1076F000C0F928B12046BDE81040012100F060B873
:10770000112010BD7CB50C46054600886946FDF782
:1077100026FE002806D1019829882180B0F8C800EB
:10772000608000207CBD10B5044601460020F1F7C2
:10773000FDFF10B900202060A080002010BD7CB5A6
:107740000C46054600886946FDF709FE08B102208F
:107750007CBDA87858B100F005FAA0702888208078
:1077600094F90200F2F7DCFEA07000207CBD0198C5
:1077700090F86E00F1E710B5F7F7E0F9002010BDC2
:107780002DE9FC41044640880D46B8B12088694681
:10779000FDF7E5FD00280FD120882880019E06F125
:1077A000100580362F68628839463046FDF7CDFED9
:1077B0002868B842F6D10020BDE8FC811220FBE722
:1077C0002DE9F04F85B088460646008801A9FDF7EF
:1077D000C6FD00283BD1029801468A4690F88F11D9
:1077E00000F598748DF80010009900919DF8001034
:1077F0004FF00009803021B1B8F1020F01D001270C
:1078000000E00027817F222900D13FB100256C30A4
:1078100008218346FFF7D3FB10B107E00125F6E707
:107820000B215846FFF7CBFB00B97DB104A80090AF
:107830009DF8040003AB3246514600F073F9050091
:1078400005D10C34FF20607037B903E01A2005B071
:10785000BDE8F08F207808B13A2512E084F8008066
:107860009DF80C00A0709DF81010E1708DF80000DC
:107870008DF80110B088ADF8020069465046FDF75A
:107880000DFE84F801902846E1E70820F7F7BEB91D
:1078900010B5FDF7F1FCF2F7FFFCF7F7D9F9FEF7A9
:1078A000AEF8FDF76DFEF3F751FDF2F765FEBDE8AA
:1078B0001040F7F70FB9F5F7E5BA4FF4A471884215
:1078C00003D340F64801884200D3084680B270478F
:1078D000C10701D001207047800701D50220704701
:1078E0000020704710B5012806D0022804D04FF4BC
:1078F00025710620F1F702F810BD1CB5012168467C
:1079000000F0CBF905E00098FEF74DFE08B101202C
:107910001CBD6846F1F7F6FA0028F4D000201CBD23
:1079200010B5FFF7EAFF58B1F6F7BAFF0446FEF7C5
:10793000B8FC18B92046FEF7AAFC08B1002010BD1B
:10794000012010BD70B50C46054612B11F290CD898
:1079500016E0F1F785FDA04201D2072070BD284650
:10796000FEF79DFC18B11F2C01D9122070BD2846CE
:10797000FEF79EFC30B121462846FEF769FC18B19F
:10798000002070BD422070BD452070BD10B504467A
:107990004078C1061CD5C0070BD0F7F70BF9B8B17A
:1079A0006078C10605D4000703D5207D02280FD1D9
:1079B00010E0207D022801D0A07E48B96078000741
:1079C00008D4D4F805004FF48041B1EB102F01D258
:1079D000112010BD002010BD38B504460078EF28F6
:1079E00043D8B4F80100ADF80000009800F018F991
:1079F000A0B3617808070BD4D4F80200D4F805309E
:107A0000020AB2EB132F30D82022B2EB102F2CD861
:107A1000607A18B3072828D8A07A28B1012803D0A3
:107A2000022801D0032820D14A0703D4022801D01C
:107A3000032805D1E07A08B1012816D1480707D4F8
:107A4000A07C28B1012803D0022801D003280CD142
:107A5000C806207D03D5012807D102E005E00228F1
:107A600003D0207E18B1012801D0122038BD00209B
:107A700038BD10B5040005D0F7F7DAF8844301D01B
:107A8000002010BD012010BDFB2803D840F648009F
:107A9000814201D911207047002070471B38E1282E
:107AA00006D2B1F5A47F03D344F29020814201D9DC
:107AB00012207047002070472DE9F0410646B0F8CB
:107AC0005270B0F8544015462C30F4F77DFC8046D7
:107AD0000221FDF7B3FC874200D238460746022157
:107AE0004046FDF7ABFC844200D220463188298015
:107AF0001B2F13D9FB2F00D3FB276F801B280FD917
:107B0000FB2800D3FB20E8804046FFF7D6FEA88084
:107B10004046FFF7D2FE2881BDE8F0811B27ECE745
:107B20001B20F0E72DE9F0419078069E1D46144693
:107B300008B9F7F77DF8E478074614B9F7F778F84D
:107B400004466FB164B13846FFF7C2FE2046FFF726
:107B5000BFFE2FB124B12F7034700020BDE8F0813A
:107B60000920FBE77F2000F03CB808B590F84C12E4
:107B700090F8BC008DF80000009800909DF800007F
:107B800000B10120401E084203D0042901D0012089
:107B900008BD002008BD70B50546FEF789FB70B131
:107BA0002846FEF700FD002808D02846FEF7F8FC1E
:107BB00004462846FEF7CEFC18B10C2070BD4220CA
:107BC00070BD64B12088FDF734FB20880021F1F7F7
:107BD000E9F920B141F2AF713920F0F78FFE0020B2
:107BE00070BD08B540F6881200236946F8F700FB1F
:107BF00008BD30B540F3000440F34000401C039D35
:107C0000641C00D019B100B10AB11CB901E0112007
:107C100030BD0021197000B900222A70002030BD4B
:107C2000C0B2C1060CD481064FEAC07103D5D1B9E8
:107C3000810718D401E00029FAD1000713D410E01D
:107C4000410610D481060ED4C1074FEA807104D0DA
:107C5000002902DB400704D405E0010703D44007F4
:107C600001D401207047002070471CB501216846EF
:107C700000F013F80AE0009C2046FEF794FC28B1BF
:107C80002046FEF739FB08B101201CBD6846F1F71C
:107C900039F90028EFD000201CBD0022134661F303
:107CA0001743C0E90023704710B5FEF77FFC10B101
:107CB00040F2171104E0F3F7B9FC20B14FF48E71D4
:107CC0000120F0F71BFEBDE810400120F1F75AB883
:107CD000026812B9016070470246506808B18A42D2
:107CE000FAD18A42F7D05160704710B5044602E0DD
:107CF000206880476468002CFAD110BD10B50020C0
:107D0000F1F740F8F1F7B6FAF1F7F2FCF1F798FE67
:107D1000002803D0F9210120F0F7F0FD10BD10B5C7
:107D2000FFF7C2FFFEF77BFF002804D040F23111BD
:107D30000120F0F7E3FD10BDFBF730B901000B00A7
:107D400002000A00050009000A00080014000700EC
:107D50001E000600320005004B0004006400030012
:107D600096000200FA000100F40100002DE9F8433A
:107D70004468804604F180000D46064604F5987775
:107D8000827F01230B21FDF701FB18BBB27F01238A
:107D900000213046FDF7FAFAC8B1707F252819D0C6
:107DA0002846FDF75DFDB8B1687900F0070284F858
:107DB0006320287900F0070184F86210787B8DF841
:107DC0000000009800909DF80000C8B90AE001206A
:107DD000BDE8F8832020FBE729464046BDE8F8438C
:107DE000FDF747BF387B01280AD004F16A0000F094
:107DF0008FF810B10220387302E04046F6F742FFD8
:107E00002220B0774046FDF71EFF0020E0E710B5C6
:107E100044680378002194F89D2080342046FDF7C3
:107E2000B5FA10B12020607710BD86217E20F0F7D2
:107E300065FD12220A70D0F80920C1F80320407BAA
:107E4000C8717047C10701D001207047810701D573
:107E500002207047400701D5082070470020704776
:107E60002DE9F05F074690468B4601260846FDF750
:107E700013FD82465846FDF711FD8146FFF7E2FFEC
:107E800004465046FFF7DEFF054654EA050000D1E0
:107E90000026F6F7CDFE10EA090F00D10024F6F710
:107EA000C7FE10EA0A0F00D1002597F86A00A04229
:107EB00000D1002488F8004097F86B00A84200D158
:107EC000002588F801504CB945B95846FDF7D2FC59
:107ED000B7F8941000F010F800B100263046BDE865
:107EE000F09F10B5012806D0022804D04FF4257168
:107EF0000620F0F703FD10BD401A00B247F6FE71F0
:107F0000884201DC002801DC012070470020704716
:107F100043788B4204D10078904201D10120704710
:107F2000002070472DE9F041054616460F460846E9
:107F3000FDF7B2FC04463846FDF7B0FC0146324678
:107F4000284600F01BF8B8B122462046FFF77AFF1A
:107F500060B1696891F86B30834207D091F83C01B9
:107F6000012806D091F86700104205D00120BDE835
:107F7000F08191F83F01F7E70020F8E770B505467A
:107F80000C460846FFF75EFF030029D0696891F8A8
:107F90006A00984224D091F83C51012D05D091F807
:107FA0006650254213D01AB11AE091F83E51F8E715
:107FB00091F86310214213D158B104280ED0042B3C
:107FC0000CD008280AD0082B08D0984208D90020E5
:107FD00070BD4FF4BC710620F0F790FC9842F6D3C8
:107FE000012070BD10B5F7F7DBFA00F01EF8F6F7C8
:107FF000B3FFBDE81040F7F7ADB810B5C824641E54
:10800000E4B2F6F7C7FF022803D0012800D0002011
:1080100010BD002CF3D14FF482713B20F0F76EFCC1
:108020004058002800D0012070474FF0E0214FF465
:108030000040C1F88001BFF34F8FBFF36F8FF7F798
:1080400023B9002809DB00F01F02012191404009FB
:10805000800000F1E020C0F88012704700280DDB9E
:1080600000F01F02012191404009800000F1E02052
:10807000C0F88011BFF34F8FBFF36F8F7047405828
:10808000002800D00120704710B504460846F7F7D5
:10809000B5FB4FF47A7100F2E730B0FBF1F0201A33
:1080A000801E10BD10B504460846F7F7A7FB4FF435
:1080B0007A71B0FBF1F0201A10BDF8F7CFB870B5A7
:1080C00014460D46001B6FF07F01884201DA084616
:1080D00002E07F2800DD7F20194640B2F8F7FCF867
:1080E00028706C7000212044A97040B270BD4FF020
:1080F000FF30704700207047002070474FF0FF307E
:10810000704770477047002070470021017070472A
:108110004FF0FF3070474FF0FF3070470021017083
:1081200070474FF0FF3070474FF0FF3070470078D6
:10813000002801D06FF01500704700207047002222
:10814000FFF7BDBF042802D24FF02800704702D1CC
:108150004FF0100070474FF000007047002180F88A
:10816000261000F8241F4170704770B5F8F718F911
:108170000546002406E02046F8F718F9FFF7EEFF61
:10818000641CE4B2AC42F6D370BDFBF7E5B810B5A1
:108190000020FBF731FC0068002818BF012010BD4B
:1081A00010B5FAF7B3FCFAF749FC00F004F880B216
:1081B00010BDFBF7FBBB410A43F609525143C0F324
:1081C000080010FB02F000F5807001EB50207047B2
:1081D000002809DB00F01F020121914040098000C6
:1081E00000F1E020C0F88012704700280DDB00F09D
:1081F0001F02012191404009800000F1E020C0F8F9
:108200008011BFF34F8FBFF36F8F70474058002826
:1082100000D001207047D0F80C24D0F80C04C2F331
:10822000004200F001001AB1884201D101207047DC
:108230000020704710B501218807FAF779FF002860
:1082400000D0012010BD4FF0804001210160704737
:108250004FF08042D2F81814D2F81824C1F300412C
:1082600002F0030219B1824201D1012070470020BF
:10827000704710B500214FF08040FAF759FF0028F1
:1082800000D0012010BD002809DB00F01F020121F1
:1082900091404009800000F1E020C0F88012704752
:1082A00000280DDB00F01F020121914040098000F1
:1082B00000F1E020C0F88011BFF34F8FBFF36F8F44
:1082C000704700100200FA000000921E8006C02BCA
:1082D0009F0C9B0B21AC1AC551A8EEDC1F27002870
:1082E00009DB00F01F02012191404009800000F1EC
:1082F000E020C0F880127047EFF3108172B6027868
:10830000012A01D0012200E000220123037001B9FB
:1083100062B60AB1002070476FF02200704700215A
:10832000017008467047EFF3108172B600220270A8
:1083300001B962B600207047FBF72EBD4FF08050A8
:10834000D0F830010F2801D000207047012070477D
:108350004FF08050D0F830010A2801D0002070473B
:108360000120704700B5FFF7F3FF20B14FF08050B8
:10837000D0F8340108B1002000BD012000BD4FF04D
:108380008050D0F830010E2801D000207047012025
:1083900070474FF08050D0F83001102801D00020F5
:1083A0007047012070474FF08050D0F83001062808
:1083B00003D0401C01D0002070470120704700B559
:1083C000FFF7F1FF48B14FF08050D0F83401062894
:1083D00003D3401C01D0012000BD002000BD00B52A
:1083E000FFF7E1FF38B14FF08050D0F83401062894
:1083F00003D3401C01D0002000BD012000BD4FF080
:108400008050D0F830010D2801D0002070470120A5
:1084100070474FF08050D0F83001082801D000207C
:10842000704701207047FBF7F1BCFBF7EFBCF0B4DD
:1084300080EA010C03461CF0030F3CD113F0030F3C
:108440000BD0002A04BFF0BC704711F801CB03F831
:1084500001CB521E13F0030FF3D1032A4FD9B2F10F
:10846000004F4CD2C2F1000C4FEAEC740CEB947C40
:108470004FEAAC0CCCF1000CBCF1000F1BDD0D1F62
:108480001C1F1CF0010F03D055F8046F44F8046F53
:108490005FEA6C0607D06F68676055F8087F44F89C
:1084A000087F761EF7D101EB8C0103EB8C03CCF136
:1084B000000C02EB8C02002A04BFF0BC7047B2F142
:1084C000004F26D2002ADCBFF0BC7047491E5B1E5D
:1084D00012F0010F03D011F801CF03F801CF5210B1
:1084E00004BFF0BC704791F801C083F801C011F8D7
:1084F00002CF03F802CF521EF5D1F0BC7047042A18
:10850000D9D351F804CB121F43F804CB042AF8D274
:10851000D1E711F801CB03F801CB521EF9D1F0BC21
:10852000704770B4034601F0FF0C10F0030F09D040
:10853000002A04BF70BC704703F801CB521E13F031
:10854000030FF5D1C9B241EA012141EA0145032AED
:1085500039D9B2F1004F36D25142CC1701EB9471A8
:1085600089104E42002E11DD191F16F0010F18BFA1
:1085700041F8045F741004D04D6041F8085F641E38
:10858000FAD1714203EB860302EB8102002A04BF99
:1085900070BC7047B2F1004F1DD2002ADCBF70BC26
:1085A0007047591E12F0010F18BF01F801CF521089
:1085B00004BF70BC704781F801C001F802CF521EA1
:1085C000F9D170BC7047042AE0D3121F43F8045B52
:1085D000042AFAD2DAE703F801CB521EFBD170BCB1
:1085E000704710F8012B11F8013B012A28BF9A426D
:1085F000F7D0D01A7047034611F8012B03F8012B6E
:10860000002AF9D17047034613F8012B002AFBD149
:10861000181A013870470C0802170D0101020909E8
:1086200001010602091818030101090903030503E2
:108630000201230202240910040405050B0B040B9C
:108640002BD8ECF0F4F8FC00020304050607080040
:10865000000000000000000000000000000000001A
:1086600000000001010101020202020303030304EE
:108670000404040505050506060708090A0B0C0D88
:1086800000000000000000000000000000000000EA
:1086900000000000010101010202020203030303C2
:1086A0000404040405050505060606080900000083
:1086B000F8B5044608461546EEF774FE0646284609
:1086C0000F46EEF781FE02460B4630463946EEF77E
:1086D000D3FE0FA3D3E90023EEF7CEFE0E4B00220C
:1086E000EEF7F4FF06460F46EFF7D8F80A4B206086
:1086F000002230463946EEF7BFFEEFF7CFF84FF4D1
:108700007A7290FBF2F303FB120353436360F8BDEC
:1087100005A3923A019D234000408F4000000000D5
:10872000F8B5044608461546EEF73CFE06462846D0
:108730000F46EEF749FE02460B4630463946EEF745
:108740009BFE0FA3D3E90023EEF796FE0E4B00220B
:10875000EEF7BCFF06460F46EFF7A0F80A4B206085
:10876000002230463946EEF787FEEFF797F84FF4D0
:108770007A7290FBF2F303FB120353436360F8BD7C
:108780006811F16346DF913F00408F400000000018
:10879000032970B504460D4604D0072953D06FF065
:1087A000850027E0002A3BD0072AF8D158681A68CC
:1087B0005B4BC117C2FB0301012871F100033FDBD2
:1087C000584BC01841F100014FA3D3E90023EFF744
:1087D000F7FB022826690ED010280ED004280ED0F0
:1087E00008282DD12946204626F03EFB002808DA2D
:1087F0006FF0040070BD0025F4E70125F2E70225C3
:10880000F0E7494B33F81500EEF7CCFD40A3D3E970
:108810000023EEF731FEEFF769F8F0600020E9E79A
:108820001988424B33F8020B814206D1D1B220465F
:1088300011F02CFF0028F1DADAE701320B2AF1D12E
:108840006FF01500D6E7002A4DD0072AA7D15A6845
:108850001D683348D11713460A46C5FB0032B425BC
:10886000A3FB0501012B05FB021172F100022ADBBB
:108870002F4BC01828A3D3E9002341F10001EFF7E3
:108880009FFBFA2827D0B0F5FA7F26D0B0F57A7F83
:1088900025D0B0F5FA6F24D07D28D1D10425294602
:1088A0002046266926F0F0FA0028A1DB214B33F898
:1088B0001500EEF777FD204B0022EEF7DDFDEFF718
:1088C00015F8F061AAE71D4BC01861F1000112A371
:1088D000D3E90023D3E70025E1E70125DFE70225FF
:1088E000DDE70325DBE71988104B33F8020B8142E3
:1088F00004D1D1B2204626F0DBFA9BE701320B2AE5
:10890000F3D19DE7AFF300803AA39500000000008B
:1089100008AC1C5A643BAF3FD8EF2F0000000000AA
:1089200040420F009DD14A003C740600447406008A
:10893000ECF7170032740600008011401408E8FFBD
:1089400038B50D4B1D7855B1002000F03BFC0020E0
:1089500000F03EFC0020BDE8384000F03FBC074B73
:108960001C783CB1284600F02DFC284600F030FC75
:108970000120F0E70120E8E7CF510120F2A5002017
:10898000F8B500F0EBFB0446002840F0828001209F
:1089900000F018FC4FF416701DF053FE204600F056
:1089A00011FCC8201DF04DFE012000F011FC4FF419
:1089B00016701DF046FE204600F00AFCC8201DF08F
:1089C00040FE012000F00AFC4FF416701DF039FE45
:1089D000204600F003FCC8201DF033FE012000F00B
:1089E000F1FB012000F0F4FB012000F0F7FB4FF455
:1089F00016701DF026FE204600F0E4FB204600F035
:108A0000E7FB204600F0EAFB012000F0E1FB2046F6
:108A100000F0DEFB00F078FA88B1414D05242846CD
:108A20001DF0F4FDB0FA80F0400900F0D1FBC82041
:108A30001DF007FE013CF2D1204600F0C9FB01F019
:108A40001FF94FF4FA701DF0FCFD01F0ADFB00F0D2
:108A5000E3FF4FF4FA7001F009F8012000F0BEFBCB
:108A6000304800F0C1FB00F0D3FB044698B12E4E15
:108A7000052530461DF0CAFDB0FA80F0400900F02F
:108A8000ADFBC8201DF0DDFD013DF2D1284600F010
:108A9000A5FB2046F8BD00F0A1FB012000F092FBF1
:108AA000012000F095FB214800F052FB00F004FB90
:108AB0000446F0B11E4F1A4E052538461DF0A6FD9E
:108AC000B0FA80F0400900F07DFB30461DF09EFDBD
:108AD000B0FA80F0400900F07BFBC8201DF0B1FD2A
:108AE000013DEAD1284600F06DFB284600F070FBFE
:108AF000CFE700F067FB204600F06AFB012000F0A2
:108B00006DFB4FF47A701DF09CFD204600F066FB73
:108B1000FFF716FF4FF4FA701DF093FDF8E700BF62
:108B2000402C06003F660500382C0600376605001D
:108B3000482C0600BFF34F8F0549064BCA6802F464
:108B4000E0621343CB60BFF34F8F00BFFDE700BF70
:108B500000ED00E00400FA05014B0A881A80704716
:108B60006C89002038B5084B00241C70074B1C7022
:108B7000074B054607481C6029F0F0F8284624F00A
:108B8000E5F8054B1C8038BDF2A50020C753012035
:108B9000D8360020880300206C89002030B58BB0C7
:108BA000044628220021684629F0CAFC0E4B012504
:108BB000694620461D700DF069F8C0B290B9204694
:108BC00024F0A8F8094B1860089B09481A88094B3B
:108BD0001A801DF0E8FD00230748002218F0BEFEB1
:108BE000064B1D700BB030BDC7530120D836002096
:108BF000688900206C89002088030020F2A50020ED
:108C000007B50DF1060000F001FC68B9BDF80610CB
:108C10000DF1050000F032FC30B99DF80510084850
:108C20001DF0C5FD09F0A8FC064B1B682BB10648DA
:108C30004FF4F022002318F0C5FE03B05DF804FBEA
:108C400068890020D83600208803002010B5094C20
:108C500009484FF4A172214622F014FB074BB0F5EE
:108C6000A17F08BF2288186006BF1A60012000207B
:108C700010BD00BF09AA0020B0360020D036002069
:108C800073B51A4C1A4B236040F26760002119F04B
:108C900061F9206810B9002002B070BD28F0F8FD1D
:108CA0000028F8D034230025CDE9003520688368FA
:108CB0001E68002EEFD06B462A460321B047A8421B
:108CC000E9DB206883681E68002EE4D06B462A46E4
:108CD0000721B047A842DEDB206883683A21DB68C1
:108CE0009847A842B4BF00200120D5E7D436002021
:108CF000DC2706002DE9F041FFF7A8FF0546D0B1BB
:108D00000E4E0F4B3488D3F800800E4F0E49601C76
:108D10004246384429F0ECFB07F804805034A4B2F2
:108D2000B4F5C87F348006D34FF4C871384600F0DC
:108D300005FF002333802846BDE8F08164890020C8
:108D4000D0360020F4A500200BAA002008B5012091
:108D500000F00EFF044B1860044B024619780448DB
:108D6000BDE8084021F0EABED86100203052012061
:108D70004D7806002DE9F74F4FF48040002119F09F
:108D8000E9F8DFF850A1544B1B78002B44D1534B2A
:108D9000534E1D68534CDFF8509155B33778002F70
:108DA0003DD1002140F6CD4019F0D4F84F4827704E
:108DB0000127377021F0C2FEFFF7C8FF2770284651
:108DC00023F0A8FFB9F80030632B05467AD90028B4
:108DD0006ED0DAF800100122143125F0B8F800281E
:108DE00069D0FFF733FF00285BD1284623F0AEFFA0
:108DF00012E02378357033B93C4821F09FFEFFF72D
:108E0000A5FF01232370B9F80020394B632A1B7892
:108E10004ED80BB9FFF76EFF19F01AF8B3E72378B5
:108E2000002BCCD1314821F089FEFFF78FFF0123C1
:108E30002370C4E72F48B97003882F493B705C1C2E
:108E40000480B9F800402D48033C921B944228BF8F
:108E500014461B0A7B7022464FF4A073314426440B
:108E6000033429F0D2FAA3B20193DAF80010019B7F
:108E70003A46143128461DF023FC044640B908F157
:108E80000108DBF80020B2425FFA88F1D2D8ACE7E3
:108E90002120002119F05EF804F10C03012BEED81B
:108EA000E3E74FF00008DFF858B0164F4646E8E712
:108EB0000F4B1B78ADE70E4B1B78002B95D1FFF7BE
:108EC00019FF92E70A4B1B780BB9FFF713FF002D30
:108ED0008BD1A1E7B0070020CF510120D836002068
:108EE000F3A50020481100206C8900206D78060051
:108EF000C7530120668900200BAA002087A7002005
:108F0000D036002084A7002070B531488EB00CF018
:108F10005DFE00200BF0D2FD0646002852D1FFF77F
:108F2000AFFE10B12B480EF047FB00F03DFC00F007
:108F300085FC00F07BFC00F09DFC0446002841D13C
:108F400000F03EFD21464FF4A0722348234D29F046
:108F5000F7FA23480EF030FB22480EF02DFB224892
:108F60000EF02AFB0FCD09AC0FC42B68236002233F
:108F700000931E491E4B032209A80CF091F90446E8
:108F800018BB00F0CBFA00F029FA1A4B4FF421522B
:108F9000DA61194A1A60C3E90244C3E905445C6016
:108FA0001C6100220023CDE906230723CDE90243FB
:108FB000CDE90044114B1249124804944FF48052F9
:108FC00018F0A4F830460EB070BD0646FAE700BFB0
:108FD00068080020A0060020F4A50020A02B0600B1
:108FE00074090020B007002028070020602C06002C
:108FF000502C0600B03600204BAB0020758D0300CE
:10900000005F012060210020014B1868704700BFFD
:10901000D83600202DE9F843114E124F05460C4674
:10902000C1F3072906F10208B4F5A07F13D8224640
:1090300029464046347086F8019029F059FA0849CB
:109040004FF4A172384622F0C9F8B0F5A17F02D1E1
:109050000020BDE8F8830021212018F07BFFE3E722
:10906000C7A80020B036002070B5067A0446CEB9F5
:1090700003784BB10C4D2B784FF4C8616BB90B489A
:1090800015F06EFD01232B70606858B1084B1A680B
:1090900042B1BDE870401B681847064815F060FDF6
:1090A0002E70F1E770BD00BF8BD30020EE9500203D
:1090B000DC3600206E89002010B54FF0804386B06A
:1090C000D3F80C24D3F80C34D40301D5D80703D437
:1090D0004FF0804301221A6001222023CDE90023B2
:1090E00010214FF02063CDE90213144B002205211B
:1090F0001D20CDE9043209F057FC1149684615F0EE
:10910000EFFC104B9842044614D10F4A0F4BD2F893
:1091100028170B4043F00303C2F828374FF480634D
:10912000C2F8083515F000FD001B18BF4FF0FF30E6
:1091300006B010BD4FF0FF30FAE700BF4040070116
:10914000699003000000AD0B00030050F0F8FCFF35
:10915000014B1860704700BFDC36002008B5154889
:1091600028F096FB10B94FF0FF3008BD12481DF0F3
:10917000DCFA002804DA1048BDE808401DF0D5BA32
:109180000C4828F085FB0028EDD00C481DF0CDFAE6
:10919000002801DA0948EFE7064828F079FB0028A3
:1091A000E1D007481DF0C1FA002801DA0448E3E7DE
:1091B0000020DAE7D8260600882C0600802C06005E
:1091C000782C0600014601481DF0C9BA882C06001B
:1091D000014601481DF0C3BA802C06000146014833
:1091E0001DF0BDBA782C0600014B1860704700BF17
:1091F000A461002010B54C0022460146034821F02E
:10920000EDFF201A18BF4FF0FF3010BD8461002021
:1092100010B5012088B020F037FB3B4840F603032F
:1092200001224FF47A5105F00FFA20B14FF0FF34CC
:10923000204608B010BD34484FF4FA4240F6A271FF
:1092400006F088FB0028F1D101222F4840F6A671D4
:1092500006F080FB02460028E8D12B4840F6B471A6
:1092600006F078FB0028E1D12748032240F6AA71D6
:1092700006F070FB0028D9D1234840F6B93240F6F9
:10928000B87106F067FB0028D0D110221E4840F6C6
:10929000C47106F05FFB02460028C7D11A484FF49C
:1092A0007B6106F057FB02460028BFD1164840F606
:1092B000AC7106F04FFB02460028B7D1124840F6C9
:1092C000AE7106F047FB04460028AFD10F49104BA2
:1092D0000B604FF4FA420023C1E90233C1E90533C0
:1092E000CA614B600B6100200021CDE90601042119
:1092F000CDE90231CDE9003304930649064B074816
:1093000017F004FF94E700BFE036002084610020DE
:10931000CCD40020406F01204D930300E0210020B9
:1093200007B54FF4A07300930549064B0648A022E9
:1093300006F0E8FA20EAE07080B203B05DF804FBC2
:109340006EA200208CD30020E036002070B5104CB7
:10935000104E114DA36822699B1AB3F5A07F05D268
:1093600000214FF4A47018F0F5FDF3E731464FF4F7
:10937000A072204621F086FFFFF7D2FF2B6801463E
:1093800013B12B680548984718F062FDE2E700BF6B
:10939000846100206EA20020A46100208CD30020F4
:1093A00070B4056986682B6801228A4013432B60DC
:1093B0003368014A70BC184701000200054B1B7856
:1093C00023B1054801220D211DF0DDB96FF08B009E
:1093D000704700BFCC510120D826060010B5094BBC
:1093E0001B7863B101220E2107481DF0CCF9012240
:1093F0000446112104481DF0C6F9204310BD6FF04A
:109400008B00FBE7CC510120D8260600F7B5174C9E
:10941000A668054637894FF0FF324FF0FF331448F6
:1094200017F0ACFF13497368204698470024124A8E
:1094300006462346013332F9021BDBB20A2B0C44E9
:10944000F8D194FBF3F401A96743002001970FF0D2
:10945000C5FA08B9019C241304EB440406432C808C
:10946000034818F005F8304603B0F0BD3C2706006D
:109470006413002084080020AEA300202DE9F843E7
:10948000254A13888B423CBF64230370938D8B4223
:1094900088BF00230C46204988BF0370054600237F
:1094A0000F88A74203F101002DD3B1F80490A14524
:1094B00029D802EB830302EB800293F802809078B4
:1094C000A0EB0800EEF71CFB0646A9EB0700EEF741
:1094D00017FB01463046EEF71BFC0646E01BEEF795
:1094E0000FFB01463046EEF75FFB04464046EEF7C1
:1094F00007FB01462046EEF74FFAEEF741FD2870D4
:109500000020BDE8F8830B28034601F10401C7D110
:109510006FF01C00F5E700BF4410002038B5184C70
:10952000204628F0B5F910B96FF0040038BDA368E3
:1095300014491B68204698470546134828F0A8F9A7
:109540000028F1D011211048FFF72AFF0E21044610
:109550000D48FFF725FF0D2104430B48FFF720FFBF
:109560002C432043E2D1094B074801220E211A70F7
:109570001DF009F90446FFF721FF2043D6E700BF9D
:109580003C27060074100020D8260600CC5101208C
:10959000024A00231360024A13607047B061002042
:1095A000B4610020F7B5104E104F044625F0FEFEC2
:1095B00033683860C31AB3F52F7F10D30C4B1D7975
:1095C000A36801A95B68204698470A4B28B901990E
:1095D000012202FA05F50D4200D000221A703B6804
:1095E000336003B0F0BD00BFB8610020BC61002053
:1095F000A8080020CE51012030B587B004460D46A2
:1096000018220021684628F09BFF064B029369460A
:10961000082320460195ADF80C300EF007FA07B08C
:1096200030BD00BFA861002008B5074B04221A60B6
:10963000FFF7EAFC30B1054B1968BDE8084014316A
:10964000FFF7DABF08BD00BFA8610020B8080020FE
:1096500008B5074B03221A60FFF7D6FC30B1054B63
:109660001968BDE808401431FFF7C6BF08BD00BF48
:10967000A8610020B808002008B5074B05221A6031
:10968000FFF7C2FC30B1054B1968BDE80840143142
:10969000FFF7B2BF08BD00BFA8610020B8080020D6
:1096A00070B5394C394B25781B7865B91BB1FFF77C
:1096B000BBFF01232370BDE87040354840F21F52C4
:1096C000002318F07FB9012D1ED173B1314A136800
:1096D0000133322B1360EED9FFF7BAFF2E4A13780D
:1096E00083F00103137003230AE02C4D2B680BB9A0
:1096F000FFF7C2FF2B680133022B2B60DBD902235B
:109700002370FFF745FFD6E7022D25D1214E3268A1
:10971000B3B96AB1FFF7B0FF214B1D60FFF774FCCE
:109720000028E0D01F4B19681431FFF765FFDAE716
:109730001A4A13680A2B23D9194B01221A60EDE744
:1097400022B9FFF771FF33680133336033680A2BA6
:10975000B1D9FFF77DFFC6E7032DACD173B90F4D2B
:109760002B6823B90B4B1B680BB1FFF785FF2B68E8
:1097700001330A2B2B609ED90023C1E7054A1368E9
:109780000133136097E700BFCD510120CE51012076
:10979000B8030020B4610020CF510120B061002047
:1097A000A8610020B808002038B51C4C206828F0BB
:1097B0006FF818B94FF0FF35284638BD4FF4D01177
:1097C00020461DF00DF80028F4DB154C206828F029
:1097D0005FF80028EED04FF4803120461DF000F8ED
:1097E0000028E7D12068217983684FF0A0729D6935
:1097F0004FF0C063A84705460028DBD1237909480C
:109800000949012202FA03F3C1E9010320688368D0
:10981000DB69002BD0D09847CEE700BFB00800200E
:10982000A8080020A5950300C0610020024840F26E
:109830001F52002318F092B8B803002001480DF021
:10984000BBBE00BFB8080020094A03461068127961
:109850000121914002691268114218BF83F001038F
:1098600013B18368DB68184783681B69FBE700BF97
:109870004009002070B586B01E481F4E17F06EFAE2
:10988000306028F005F820B94FF0FF34204606B0CC
:1098900070BD1A4D0FCD01AC0FC42B68306823602A
:1098A000836801AA1B68012198470028ECD1144E57
:1098B000144841F69A120023314617F0B9FB0028EC
:1098C000E2D1114D0F4841F69A120023294617F0B4
:1098D000AFFB04460028D7D1014642F2107230682F
:1098E00028F02EFE286842F21072214628F028FE49
:1098F000CCE700BFB1780600D4610020B42B06008D
:10990000D061002004130020CC6100202DE9F04F2D
:10991000274B064689460FCB89B004AD85E80F007A
:1099200000244FF0000A06F1020BA14502DC09B049
:10993000BDE8F08F2046EEF7E3F81E49EEF7E8F9B0
:10994000574680462A46002352F8040B1A490393CF
:109950000292EEF729F94146EEF726F91CF07CF861
:10996000414601904FF07E50EEF714F80199EEF762
:109970001BF901463846EEF70FF8039B029A0133B4
:10998000042B0746E0D14FF07A51EEF70DF90B4961
:10999000EEF70AF94FF07C51EEF706F9EEF7CAFA46
:1099A00000B226F824002BF824000134BDE700BFE4
:1099B000C82B06000000FA45DB0FC94000FEFF4639
:1099C00038B5134B1D6840F6C4112846FFF79EFFBB
:1099D000104C002140F6CD4018F0BCFA2068836896
:1099E00042F21072DB682946984778B90146206830
:1099F0001CF025FF50B900214FF4804018F0AAFA5E
:109A000020680221BDE838401CF019BF38BD00BFF6
:109A1000CC610020D4610020F8B5134C206827F0F9
:109A200037FF10B94FF0FF30F8BD20682179E38887
:109A3000066987683468DA0754BF43F4B01383F4C7
:109A4000D013012523F480128D40DB074CBF2C433B
:109A5000AC4334603B6898470028E3DB0020FFF705
:109A6000F3FE0020E0E700BF4009002041F2883308
:109A7000984237B5044617D80120FFF7E5FE4FF4AA
:109A8000004540F2E73000214FF47A720023E4FBF6
:109A90000501EEF7E5FA02460B4600200021CDE96C
:109AA0000001024818F0CEFC03B030BD4012002087
:109AB00010B586B00D4B0E4A009020210D481BF0CA
:109AC00057FD00230B490593122203A8CDE9033368
:109AD00021F0BEFF044628B903A821F0F3FF204679
:109AE00006B010BD6FF00104F9E700BFBF780600B3
:109AF000C578060010520120F0B585B00024054657
:109B00000E4617460C490394032201A8CDE90144EF
:109B100021F09EFF2246394601A821F0FDFF324682
:109B2000294601A821F0E0FF044601A821F0CAFF60
:109B3000204605B0F0BD00BFF05101207FB50024E4
:109B400005460E4622220949039401A8CDE90144A5
:109B500021F07EFF3246294601A821F0D1FF01A85D
:109B600021F0B0FF204604B070BD00BFD0510120ED
:109B700010B5C4B01CF07BFE20210A4B0A4A0090AD
:109B800004460A481BF0F4FC204628F032FC074843
:109B900002A922F031F810B9439844B010BD00205A
:109BA000FBE700BFBF780600C57806001052012011
:109BB00030B5C5B01CF05BFE0A4D0B4B0B4A009054
:109BC0000446202128461BF0D3FC204628F011FC37
:109BD00002A9284622F010F8003818BF01204042A0
:109BE00045B030BDF0510120BF780600C5780600B1
:109BF00030B5C5B01CF03BFE0A4D0B4B0B4A009034
:109C00000446202128461BF0B3FC204628F0F1FB37
:109C100002A9284621F0F0FF003818BF0120404279
:109C200045B030BDD0510120BF780600C578060090
:109C3000F8B54368DB695B6A06460D4698470446FB
:109C4000C0B96B785BB10D4FD5F804313B6001248E
:109C50007368DB6929465B6A3046984708B120463D
:109C6000F8BD6B78002BFAD0D5F8043147F8043FE3
:109C70000134EDE74FF0FF34F1E700BFD861002079
:109C8000F0B5344CADF5077D206827F001FE28B90A
:109C90004FF0FF3420460DF5077DF0BD2068217997
:109CA000E388066987683468DA0754BF43F4D01341
:109CB00083F4B013012523F480128D40DB074CBFE1
:109CC0002C43AC4334603B6898470028E0DB2248D3
:109CD00021F01EFC002833D12048214BC36009F03D
:109CE00079FB0028D4D11F4821F036FF10B901209C
:109CF0001CF0E7FD00231B496846CDE9003309F05D
:109D00001FFB0028C4D102A9174D6846FFF790FF3A
:109D1000012368462B7021F00BFF2878FFF768FFBE
:109D200004460028B4D12878FFF742FF0F4844A921
:109D300021F062FF0028ADD00D48FFF7B9FEA9E77A
:109D40004FF47A701CF083FD034821F0E1FB0028FA
:109D5000C2D09DE748090020CA78060050090020BB
:109D6000CD780600D278060030520120DD7806005A
:109D7000E278060037B505461CF079FD124B134A10
:109D800000900446202112481BF0F2FB204628F0E8
:109D900030FB0F4821F008FF98B928461CF067FDFA
:109DA00005460A201CF053FD2846FFF781FE0446B5
:109DB000284628F01EFB201E18BF0120404203B099
:109DC00030BD4FF0FF30FAE7BF780600C5780600D7
:109DD0001052012013B51CF04AFD0B4B0B4A0090AA
:109DE000044620210A481BF0C3FB204628F001FB53
:109DF000074821F0D9FE20B1064820F09FFE4FF021
:109E0000FF3002B010BD00BFBF780600C578060065
:109E100010520120EB78060070B51A4E3478012CF0
:109E200012D100200DE02046FFF7D4FF05460A209E
:109E30001CF00DFD35B11448214620F07FFE4FF097
:109E4000FF3070BD013CE4B2002CECD10F4821F092
:109E5000ABFE18B10E4820F071FEF0E70B4821F080
:109E60007BFE08B10B48F6E70B48FFF721FE08B16F
:109E70000A48F0E70A4820F061FE01203070FFF741
:109E8000B7FECEE7305201200A790600D2780600EC
:109E9000177906002C7906004779060055790600E7
:109EA00081790600014B01221A707047C7530120C7
:109EB0002DE9F74FDFF86081584CFFF7A5F898F8C7
:109EC0000030064683B1564D4FF47A70002788F86B
:109ED00000701CF01AFD2878FFF76AFE38B30123E2
:109EE00088F800702B7027604E4D2B7863B14E4B75
:109EF0001878FFF73FFF68B34C4820F01FFE00239F
:109F00000A202B701CF001FD494D2B781BB1FFF787
:109F100083FF00232B70DFF81C9199F8003043B3C6
:109F20000023236089F8003017F092FFC5E72878F6
:109F3000414B421E53F822302360404B1B7898421D
:109F400002D1FFF715FE20603D4A236812689B1A74
:109F50002360C9E7C8238DF80430002ECFD0FFF767
:109F600053F8384B196801AA012314311CF0B8FCCE
:109F7000C5E72368002BD7D016B9266017F068FF15
:109F8000314A324F138825683B70591C1B0A502DEB
:109F90007B702B4BDFF8B8B0118028BF50251A68B2
:109FA0004FF0000A2946F81C8BF800A087F802A0A1
:109FB000FFF7A2FD224B1A682A441A602368503B1F
:109FC00023609BF8003001338BF80030EB1C1D4DF3
:109FD00029689BB23A46143130461CF081FC236854
:109FE00088F800A0002B9FD199F80020002A99D171
:109FF000184820F0A3FD64238DF80430FFF704F81F
:10A000002968012301AA14311CF06AFC00214FF4D5
:10A01000A47017F09FFF87E7C6530120B4640020A7
:10A02000E511002033520120325201209C790600B4
:10A030003152012034520120D861002030520120D9
:10A04000B864002074090020C2A300203652012009
:10A0500035520120AC7906002DE9F743062B4FF06D
:10A06000000480461E468DF8044018D1D2F8024004
:10A07000177892F8019024BA2B4823464A4639466D
:10A0800020F05CFDB9F1000F47D0284B1B784B4501
:10A0900043D3032F09D8DFE807F01B34393B022BE9
:10A0A00003D1177892F80190E6E70622204B8DF84D
:10A0B0000420196801AA0123143140461CF010FC49
:10A0C0004FF4FA701CF021FC304603B0BDE8F08379
:10A0D000184A09F1FF314B4552F8211008D1164AB0
:10A0E0001460164A1370164B01221A700022DDE725
:10A0F000A9B18C4215D8104B1C60104B83F800900E
:10A10000F1E7104B83F800900F4BEDE70F4BEBE7B7
:10A110000F4B50221A600F4BE6E70322C6E70422DA
:10A12000C4E70522C2E700BFD579060030520120FE
:10A1300074090020D8610020B8640020E5110020D7
:10A14000C6530120325201203352012031520120E6
:10A15000B464002034520120F0B50446B7B00A20A0
:10A160000D4616461F461CF0D0FB04AB1846C8220D
:10A17000002128F0E5F90A4A0A491278920028F0ED
:10A18000B7F9BDF8F03000930422CDE901023B4657
:10A1900032462946204623F055FE37B0F0BD00BFB9
:10A1A00030520120D861002010B588B00022002371
:10A1B0000024CDE906230723CDE90334CDE901448A
:10A1C000054B064900944FF48052054816F09EFF57
:10A1D000204608B010BD00BFB19E030080EC0120F6
:10A1E00060220020B1F5807F10B5024602D9B0FB95
:10A1F000F1F010BD4B420B40B3FA83F3C3F12004DE
:10A20000C3F11F03D84021FA04F4054B53F824305E
:10A21000A3FB003000FB1122914298BF0130E8E718
:10A22000444106002DE9F04715464A4352000C46CA
:10A23000D11D21F0070100AFADEB010D69464FEADA
:10A24000450E43B99C46AB4228DA00EB430801EBCC
:10A250004C0900261DE0144B03EB85080023AB429C
:10A260001CDA00EB430C002609E058F82390BCF8F8
:10A2700000A009FB0469F44421F819A00136A642A4
:10A28000F3DB0133EBE7B8F800A029F802AB0136A5
:10A29000F044A642F7DB0133A444D4E728F028F9C0
:10A2A000BD46BDE8F08700BF882C06002DE9F047C9
:10A2B00015464A4352000C46D11D21F0070100AF5C
:10A2C000ADEB010D69464FEA450E43B99846AB42E6
:10A2D00028DA00EB480901EB430C00261DE0144B83
:10A2E00003EB85080023AB421CDA01EB430C00268C
:10A2F00009E058F8239009FB0469013630F81990F9
:10A30000ACF80090F444A642F3DB0133EBE739F9F3
:10A3100002ABACF800A00136F444A642F7DB0133EF
:10A32000A044D4E728F0E4F8BD46BDE8F08700BFBC
:10A33000882C06002DE9F74F1D46B2F1000A03688C
:10A34000D0F81C90009304460E46174618BF4FF0F5
:10A35000010A8B464FF00008226A072A15DC626862
:10A360002ABBB8F1000F0CBF012302239A454FF01E
:10A37000010808DA1DB1B6F900301B112B8001204D
:10A3800003B0BDE8F08FBB46E6E7009BA3B1BBF886
:10A3900000100122C90B484601911EF0FFF80199F7
:10A3A000226A083A22626268002ADAD051B94FF470
:10A3B0008042ABF80020D4E7012148461DF0EBFFB6
:10A3C0000146EDE7004AF4E700C0FFFF2DE9F04F3A
:10A3D0008BB0CDE9053283680793C3680493436A61
:10A3E0000893079B049A1B6B199E33F91250189B14
:10A3F000D0F800B0D0F81080D0F81C90149F0391D2
:10A4000005EBC305159B82461C6868103EB3022FFE
:10A4100025D11038394600FB01401CF095FA641B29
:10A42000A4F11F039842A8BFA4F12000032823DC55
:10A43000CEB1049B434532DABBF1000F40F09B8064
:10A44000484604F005F88046159B1B68102B04DD78
:10A45000DAF82030102B00F3FA81002685E079002D
:10A4600004380139D7E7BBF1000F1BD1484603F090
:10A47000EFFF80463446D7E04028A8BF402000F0D8
:10A480000702C34BC01033F91240C0F10E00044163
:10A49000013424F001053EB1049B434526DBBBF1AA
:10A4A000000FCDD0012524E0BBF1000F21D148469B
:10A4B00003F0CEFF179B012B804665DC5C466E10D7
:10A4C000731C03FB03FABBF1000F00F06781A64287
:10A4D000C0F2568104FB0441621C491053460A44F1
:10A4E000484603F0FFFF2946A00353E0BBF1000FED
:10A4F00043D0DAF82C300093DDE905103B463246B4
:10A5000020F095FA0446484603F0A2FF012D80464C
:10A5100044D1002E00F08880BBF1000F94D0B4F538
:10A52000005F40F39281DAF83430002B40F08D81E7
:10A53000059A023ABB42C0F28281049B07980093BD
:10A540000197089B8068DDE905211CF009FA159B3D
:10A550001B68102B81DDDAF82030102B7FF77DAFE0
:10A560000222314648461DF0F4FFDAF83440002C50
:10A570005AD000267EE73546BBE7484603F068FF21
:10A58000022F804600F3C980691C48461DF032FF47
:10A5900029468003FFF726FE044644E005FB04F34A
:10A5A00096B1DAF83020002A40F0928003F500538B
:10A5B000022F4FEAA33410DC179B012B00F382809B
:10A5C000BBF1000F7ED1DFE703F500539C13DAF8EF
:10A5D0003830002B4CD1179B71E005EBD57A4FEA50
:10A5E0006A0A0AF1010202EB42020AEB0201544537
:10A5F000C5BF04F1FF30A0EB0A0004EB4400801853
:10A60000CCBFA4EB0A0AC21C0B46C8BF5244014689
:10A61000484603F067FFA0032946FFF7E3FD044621
:10A62000002E40F0E6800026484603F011FF159BFF
:10A63000159A1B68A0EB08055B1B1360002C40F00B
:10A640000C81169A534F012393401A9A1268013BCA
:10A650001A401A9BA0461A6047F6FF79039BC3E98C
:10A660000069C3E90287C3E904450BB0BDE8F08F78
:10A67000002CB0DDA542AEDD2946A003FFF7B2FDF8
:10A68000824600B21CF0DCF90990CAF5804000B2A5
:10A690001CF0D6F909991CF0F4F97B1EDB014FF48C
:10A6A000804213FB0020159B1B68B3EBE03F4FEA91
:10A6B000E0325FDB5B4293428DDD179B3446012B1A
:10A6C0007FF7FDAE6A1C214648461DF09DFFA2E7BC
:10A6D000B4F5005FD4BF304C47F6FF7494FBF5F43B
:10A6E0001C44A41324EAE474AC42A8BF05F1FF346F
:10A6F000002A00DB0134022F7FF762AF05EBD57A29
:10A700004FEA6A0A0AF1010303EB430202EB0A0172
:10A71000BBF1000F7FF46BAF07E04FEA640A0AF168
:10A72000010303EB430202EB0A014846CDE905327F
:10A73000049103F0A7FE069ADDE904138242D9BF13
:10A74000841AE418032390FBF3F4A245BBBF04F181
:10A75000FF30A0EB0A0004EB44008018B8BFA4EB64
:10A760000A0A0B46ACBFC21C5244014648461DF0C3
:10A77000EFFDB8E6179B012B2C463FF721AF9EE675
:10A780006A1CA91C121B091B5143AAEB6101A5E617
:10A79000D854060000C0FFFF0180FFFF5146484625
:10A7A000049303F06FFE049B5E43B0EB660F0CDA7C
:10A7B000C00001301EF027FC441E640804FB044165
:10A7C000621C491053460A44D0E7AAEB0000C000BF
:10A7D00007381EF018FC6C1CC0EB44002246A91C74
:10A7E000A2EB5002A1EB500151434408AAEB6101D6
:10A7F000E8E7C8B1069B9D1E059B0021981E45F603
:10A80000822C8F427FF70FAF35F8022F30F8023FCE
:10A810001CFB02F21CFB03F3D6189B1AF613DB1386
:10A820002E8003800131ECE7049B07980093019789
:10A83000DDE90521089B80681CF092F8F3E632F808
:10A84000021F49421180013374E6002675E6022199
:10A8500048461DF08EFD064687E6B4F5804F0FD1C1
:10A86000169A01239340013B93401A9A12681A40AA
:10A870001A9B27461A6047F6FF784FF00009EDE66D
:10A8800020B21CF0DDF88146C4F5804000B21CF017
:10A89000D7F8494680461CF0F4F8013FFF014FF419
:10A8A000804317FB0037FF13D8E600BF2DE9F04FB8
:10A8B00099B004468B461146BDF99420089222684F
:10A8C0000D92D4E902622498099262690A92E269BF
:10A8D000B5680B92421C0C92099AD6F85CC0119391
:10A8E00000FB05551544B26D32F915A0421C1CF849
:10A8F0000A500CEB0A0900F0EC8019F805200C3224
:10A900009A4280F2E680022940F3E38021F00106BA
:10A910000BEB06030C93229B012B01BF269A02F03E
:10A92000010343EA42032693229B01334FEA630A61
:10A9300026AB00F1FF3806930023CDE90483229B68
:10A940004FEA6109CDE902A311ABCDE900935A4664
:10A950000BEB060312A92046FFF738FDDDE915537E
:10A960000993BDF94C300D93BDF950300E93229BE5
:10A97000179A012B15DD099BC3F30D038BB1099BBE
:10A98000B3F5005FDBBF4FEAC903C8F10501C8F1A9
:10A9900004030B41CBBF45FA03F35B19ED1A03EA3D
:10A9A000E375119F236A7D1B05EBD5756D10BD42C4
:10A9B000A3EB0203A8BF3D460A932362239B25EA2B
:10A9C000E5757F1B002B48D01E44269B0B9343FA52
:10A9D0000AF31093229BBD424FEA63030F93089B37
:10A9E0003DDB0D9A13FB02F303F5804343F3CF33B2
:10A9F000CDE90283239B0B9A0492CDE900A34A463A
:10AA00002B4659462046FFF751FF236A0A9AD31A6C
:10AA1000EB1A182B834603DD099A0AB1183B1F4431
:10AA20000E9A089B13FB02F303F58043109A0492DD
:10AA300043F3CF33CDE90283CDE900A63B460C9921
:10AA40004A462046FFF732FF0F9B00FA03F747EA1A
:10AA50000B07384619B0BDE8F08F239EB5E70E9A74
:10AA600013FB02F303F58043109A049243F3CF33B0
:10AA7000CDE90283CDE900A63B464A460C99204623
:10AA8000FFF714FF0F9B0A9A00FA03F6236AD31A02
:10AA9000FF1A182F05DD099BB3F5804F1CBF183F27
:10AAA000ED190D9A089B13FB02F303F5804343F362
:10AAB000CF33CDE90283239B0B9A0492CDE900A307
:10AAC0004A462B4659462046FFF7F0FE46EA000765
:10AAD000BFE703F1FF3E0627002250190130401066
:10AAE00019F80080C645D4BF05460246013FF4D19F
:10AAF00019F80500A0EB0E0022B9984226DA45B9F4
:10AB00002A460BE019F80230AEEB030E7045F6DB77
:10AB10001546D4442A461CF805305D1C236A5B1B8D
:10AB2000002B23622ADA9AB96368002B91D0229B0A
:10AB300001259D40269B013D2B402693002B45D1AE
:10AB40004A005846194627F0FBFC82E71546E5E720
:10AB50002B442362DDF830C0B068DDF824E0F56DE9
:10AB600000FB0CE0D6F858C0013A3CF91000DBD0ED
:10AB700005EB020C1CF800500135D0E7002AD3D0B9
:10AB8000072A06DD02F00703D2100833013A03FA60
:10AB900002F20D9B7BB1E36A049363680393089B05
:10ABA00002930B9B0193229B009358460A9B1FF034
:10ABB00098FE07464DE7089B02930B9B0193229B4F
:10ABC000009358460A9B1FF0D0FEF2E7239ABAB1D1
:10ABD000164D174E00228A4216DB1D4609E0A36A75
:10ABE00000FB0363A3621B152BF8123001328A426B
:10ABF000F5DBE36A089A58461FF0E6FE2F4628E781
:10AC0000239A0A480A4EF2E7A06A239F05FB0060D8
:10AC1000A06237F8127010F4004F14BF04206FF0D8
:10AC2000030038442BF812000132D4E70D661900F6
:10AC30005FF36E3C2DE9F04F8FB0DDE9184A0B93BE
:10AC40001A9B0C931B9B0A93BDF970300D930368FC
:10AC50000893164683690793621E53425341069038
:10AC60000F46304621460993FFF7BCFA012EDDE975
:10AC70001D58834608D10A9B0698002239460FB01A
:10AC8000BDE8F04FFFF756BB079B23EAE37985B198
:10AC9000BAF1000F0DD0002B05DC10F0010F00D130
:10ACA0000BB9012C05DD51467200284627F020FC27
:10ACB000AA4600254D4557D10BFA09F544FA09F487
:10ACC0004FF0000BEB0703D4079B13EB0B0F6CD477
:10ACD000012C14DD089B3BB1099B04FA09F245FAEB
:10ACE00009F13846FFF79EFABAF1000F07D0099B29
:10ACF00004FA09F245FA09F15046FFF793FA0D9B61
:10AD000003930C9BCDF81080CDE901A306980B9B13
:10AD1000009432463946FFF7C9FD069B5B688046C2
:10AD2000F3B1012C07DD099B04FA09F245FA09F198
:10AD30003846FFF7BBFA4FF0000AD3454DD1DFF894
:10AD4000F0A000254FF0010B4D4554D10A9B04FAA9
:10AD500005F5002B5AD10123AB40013B08EA03085B
:10AD600040460FB0BDE8F08F089B3BB1012303FACA
:10AD700005F246FA05F138461CF064F8BAF1000F06
:10AD800007D0012303FA05F246FA05F150461CF0FC
:10AD900059F8284B08F00F024FEA28189A5C13F86C
:10ADA0000880013542EA880884E7089B23B12246DF
:10ADB000294638461CF046F8BAF1000F04D0224666
:10ADC000294650461CF03EF808FA04F348EA030806
:10ADD00064006D100BF1010B74E764106D0028FA2C
:10ADE00004F322462946384648EA03080AF1010AD4
:10ADF0001CF028F8A1E70BFA05F246FA05F13846EF
:10AE00001AF8088001351CF01DF89DE7B0051EF00A
:10AE10003FF9002300B2B3429DDA0A9937F81320B4
:10AE200010FB02F2D21321F813200133F3E700BF25
:10AE3000117A0600217A06002DE9F04F95B09B4665
:10AE400003680B93BBF1010FC3690A9306460D46D5
:10AE5000144607D1229BFFF76DFA8046404615B095
:10AE6000BDE8F08F1EAB53F8182F0693012305930E
:10AE7000219B04931F9B0C92CDE902331EAB0A4623
:10AE8000CDE900B30EA92346FFF7A0FA0E9B0D9360
:10AE9000BDF93C300893BBF1020FBDF94030099376
:10AEA000DDE9112713991E9B40F09C80326A984679
:10AEB000002F69D1521A3262A246A9460C9B069312
:10AEC000239B0593229B0393219B0293209B019339
:10AED00047F6FF721F9B04920093022243464946A5
:10AEE0003046FFF7A7FE7F00B9F802307A1E13FB49
:10AEF00002F3AAF80030B9F80030C7F1010713FBDC
:10AF000007F3AAF8023073688046002BA6D02B887E
:10AF1000089A12FB03F3DB132B806B8812FB03F3FD
:10AF2000DB136B802388099A099912FB03F362886B
:10AF300011FB02F2DB13D213238062802A88D31A1A
:10AF40002B8023881A4422806B8862889A1A6A8030
:10AF50006288134463807368002B3FF47FAF0D9BBE
:10AF6000002B3FF47BAF023C00235B45BFF676AF7E
:10AF700034F8022F524222800133F6E7521A32622D
:10AF8000AA46A146002799E7B7F5804FF6D0A3F16E
:10AF9000080808310B9BB7F5005FA2EB0102326293
:10AFA000D9BFA246A946AA46A146ABB1BAF802202B
:10AFB000B9F80070BAF800100A9817FB02F7B9F850
:10AFC000022012FB01F29742ACBF002701270122A9
:10AFD00039461DF0E3FA71E70A9801211DF0DBF90B
:10AFE00007466BE7A3EB020909EBD9794FEA690938
:10AFF0009945A8BF994629EAE979A3EB0908336A7C
:10B000001F9A5B1A0A933362249B0B93C14543FA40
:10B0100002FA53DB0693239B059347F6FF730493D1
:10B02000229B0393219B0293209B019300924B460A
:10B030005A4629463046FFF7FDFD336A0A9A0B90BF
:10B04000D31AA9EB0303182B02DD0FB1183B984468
:10B05000099ACDF818A00023CDE90332219A05936F
:10B06000CDE901321F9B00935A46434621463046A4
:10B07000FFF7E0FD0B9B43EA00087368002B3FF4E9
:10B08000EDAE0022924613469B4550DC089B3AFBEE
:10B0900003FA5B1013FB03F313444F4A4FEA8A0190
:10B0A00003EB8A0A924502DD5B1A934249DC4FEAC0
:10B0B0004B022946204627F01BFA50E7099ACDF8A3
:10B0C00018A00023CDE90332219A0593CDE901327E
:10B0D0001F9B00935A46434621463046FFF7AAFD80
:10B0E000336A0A9AD31AA8EB0308B8F1180F8246FC
:10B0F00005DDB7F5804F1CBFA8F11808C1440B9BB4
:10B100000693239B059347F6FF730493229B0393B7
:10B11000219B0293209B01931F9B00935A464B4611
:10B1200029463046FFF786FD4AEA0008A5E734F9CC
:10B13000131035F8130011FB0122013311FB00AA93
:10B14000A2E7B3FA83F7C7F11F077F10F81F40008B
:10B1500043FA00F01DF06DFFBAFA8AF6C6F11F0639
:10B1600076108146F01F40004AFA00F01DF061FFA2
:10B17000013701231E440FFA87FE03FA07F747FA47
:10B1800003F20FFA86FA03FA06F609901E411046FA
:10B19000023DA4F1020C0027BB457FF7E0AE35F875
:10B1A000023F089A12FB03F33CF8022F03F5804399
:10B1B000C3F3CF33991A134419FB01F1099A12FB17
:10B1C00003F30144334441FA0EF143FA0AF32980B0
:10B1D000ACF800300137DFE7247502002DE9F04FAD
:10B1E0001468DFF8A0806442C4F30D0A4FEAA43962
:10B1F00054686442C4F30D0C0026A41343F6FF7E8A
:10B200000A9A964201DBBDE8F08F30F916700A68A1
:10B210001D6832FB07525D68920032FB0AFB4FEA61
:10B220006B3B0BF1010B05EB6B0532FB09551D6008
:10B23000D1F804B03BFB075532FB0CFB4FEA6B3BEC
:10B240000BF1010B1D604FEA6B0B32FB04B572442E
:10B250005D60B2F1005FD1F808B03BFB07555D605F
:10B260004FEAA23508DA15F5004F08DB2AB2099D2E
:10B2700025F816200136C3E747F6FF72F7E7424686
:10B28000F5E700BF0080FFFF2DE9F74F1468526813
:10B2900064425242C4F30D0C44F38F34022600255D
:10B2A0000194C2F30D0B42F38F380D9A954202DBE5
:10B2B00003B0BDE8F08F0A6830F8069030F82540FA
:10B2C0001F6832FB04749F6832FB0972DF689200CA
:10B2D00032FB0CF94FEA693909F10109A40007EBC7
:10B2E000690934FB0CFA5F684FEA6A3A0AF1010A0D
:10B2F00007EB6A07DDF804A034FB0A7732FB0A99F2
:10B300001F60C3F8089030F825A0D1F804E03EFB98
:10B310000A771F6030F806A04F6837FB0A979F60D6
:10B3200034FB0BF77F13013732FB0BF94FEA693916
:10B330007F1009F1010934FB087704F57F545F6041
:10B340003F344FEA690932FB0899C3F80C9030F892
:10B3500025A0D1F808E03EFB0A77B4F1005F5F60FA
:10B360008F6830F806A037FB0A97DF604FEAA437F2
:10B3700017DA17F5004F17DB3FB202F57F520C9C2E
:10B380003F32B2F1005F24F825704FEAA2340DDAA3
:10B3900014F5004F0DDB24B20C9A0135945304369A
:10B3A00083E747F6FF77E8E7034FE6E747F6FF74E2
:10B3B000F2E7014CF0E700BF0080FFFF2DE9F04FFE
:10B3C00095B09C46BDF97C70BDF980601E9B0793CB
:10B3D00057EA0608239B249D119396468246DDE991
:10B3E00021290C4609D1814200F02881079B9A004F
:10B3F00015B0BDE8F04F27F089B871460F29B8BFE6
:10B400000F21BCF10F0FB8BF4FF00F0CDFF834E283
:10B41000CDF810C04FF0060C0CFB02F80EEB080044
:10B420003EF8088017FB08F808F5804848F3CF334A
:10B43000B0F8028017FB08F808F580480CFB09FCFF
:10B4400080880E9317FB00F048F3CF3300F580405F
:10B450000F9340F3CF330EEB0C003EF80CC016FBFD
:10B460000CFC0CF5804C10934CF3CF33B0F802C0B9
:10B4700016FB0CFC0CF5804C8088019316FB00F049
:10B480004CF3CF3300F58040029340F3CF33039366
:10B49000049B6FF003005843031D0B9354F8038083
:10B4A00023580593031F0C93E3580693A0F1080358
:10B4B0000D93B742E358089305D1049B994202D1FA
:10B4C0004A4508BF0025049BC3F18043013304EBC8
:10B4D00083030A936FF0030303FB01424FF0000C58
:10B4E00065450CDC002E7DD1544500F0A780079BFC
:10B4F0005A1B920004EB85010AEB850078E70A9B52
:10B5000053F8041FCDE90913119B33F91CE01EFB0E
:10B510000EFE47F6FF734EF3CF31A3EBEE3E0FFA6C
:10B520008EFE0E9B1EFB03F913684FEAE93933FBCD
:10B5300009F90F9B1EFB03FB52F8043F52F8087CED
:10B540004FEAEB3B3B4452F80C7C33FB0BF3DDF84A
:10B5500018B01293109B1EFB03FE53684FEAEE3E99
:10B560001F44C344019B37FB0EF711FB03FE059BF1
:10B570004FEAEE3E33FB0EFE029B11FB03F3DB139F
:10B580003BFB03FB039B11FB03F31393DDE9083142
:10B590000B441399C91333FB01F154F82C3003EB1E
:10B5A0004903DDF8489003EB490303EB470303EB42
:10B5B0004E0303EB4B0303EB410323498B42B8BF1C
:10B5C0000B4622498B42D4BF4AF82C304AF82C1043
:10B5D000069B0893059B0CF1010CCDE90583DDF872
:10B5E00024807DE70799DFF864E025EAE57204EB43
:10B5F00082038F1A0D991C585E580C995D580B994F
:10B60000585804994FF0000CC1F10201CDF810C058
:10B61000043FDFF834C0059776006D0064004000F9
:10B6200003EB81010AEB8202DDE90487B84501F1F1
:10B63000140103F1140302F1140209DB15B0BDE893
:10B64000F08F00BFE8540600005D1EEE00A3E1117C
:10B6500051F814AC53F8147CDDF80490DDF808B010
:10B6600034FB097706EB4A0600EB050939FB0B7939
:10B67000039F36FB07966645B8BF66467645D4BF3E
:10B6800042F8146C42F814EC51F8109C53F8107CFA
:10B69000DDF804B030FB0B774FEA4A08DDF808B05C
:10B6A00004EB4A0A05EB49053AFB0B7A039F35FB8D
:10B6B00007A56545B8BF65467545D4BF42F8105C1F
:10B6C00042F810EC51F80CAC53F80C7CDDF804B0E7
:10B6D00038FB0B774FEA4906DDF808B000EB490963
:10B6E00004EB4A0439FB0B79039F34FB0794644550
:10B6F000B8BF64467445D4BF42F80C4C42F80CEC19
:10B7000051F8089C53F8087CDDF804B036FB0B7741
:10B710004FEA4A05DDF808B008EB4A0A00EB490099
:10B720003AFB0B7A039F30FB07A06045B8BF604629
:10B730007045D4BF42F8080C42F808EC51F804AC4C
:10B7400053F8047CDDF804B035FB0B774FEA49046D
:10B75000DDF808B006EB490908EB4A0839FB0B791C
:10B76000039F38FB0798049FE045B8BFE0460537C4
:10B770004FEA4A00F045D4BF42F8048C42F804EC8A
:10B78000049751E7002831D0B0FA80F1C1F11F03CE
:10B790009BB20F2B8BBF0F3BC3F10F0340FA03F398
:10B7A00000FA03F303F580431BB24EF69F304FF6C9
:10B7B000872213FB02F2D21302F6F11213FB02F2FC
:10B7C00000EBE23243F6825013FB02F200EBE2326E
:10B7D00013FB02F3DB13A3F5D453093B43F30B1024
:10B7E000C1F1120100EB812000B2704700487047A0
:10B7F0000180FFFF2DE9F04F93B000AF14467B604E
:10B80000B7F98030AE4AF963C3F500539342B8BF2D
:10B81000134640F21F5212FB03F343F38F33FB62D4
:10B820008B00DA1D816978617B62F86BFB6BD7F85E
:10B830007CA031F9133001EB400122F0070231F90D
:10B84000021C5B1A03FA0AF35B000733ADEB020D2F
:10B8500023F00703C7F838D0ADEB030DC7F834D099
:10B86000ADEB030DC7F828D0ADEB020DD7F884304F
:10B87000C7F81CD0ADEB020DBA6FC7F818D0534310
:10B880003B61012303FA0AF3FB606FF0010303FB42
:10B890000AF3BB600AF1FF334FF0000B3B60FB6B18
:10B8A0009B4555DB3B6F87494FEA8A02002C02EB30
:10B8B000440208BF994601EB420118BF4FF000094E
:10B8C000630007F1400800224E464FF0000C4FF095
:10B8D000010EF86B8645C0F2C980B445D4BF48F864
:10B8E00004CB48F8046B0231002A00F0BD80D7E990
:10B8F0001010884280F2DD80002C00F0DB801446BE
:10B900000021704E23445B0003F1010C06EBCA06D4
:10B910003344154600206644D7F83CC06545C0F264
:10B92000D3807B6A7A6888421A44B4BF0020012021
:10B93000F96942F8040CB869ACF10203043104302F
:10B94000002B80F2F18020464C37BD46BDE8F08FD9
:10B950007B69786B9B6933F91B1003EB4B03B3F9DD
:10B9600002305B1A3B6303FA0AF93B6901FA0AF1F8
:10B9700019447B6F4FEA490603EB4101324626F03A
:10B98000B7FDFB6A54B1786B524649461CF080F80B
:10B990003B6B012B054617D1A84605E0786B224684
:10B9A00049461CF075F8804600250026002C4FD132
:10B9B0003B6B012B3BD0564537DDBA6B6FF0010373
:10B9C0006B4342F82B304CE0796BB86A324626F074
:10B9D0008FFDFA68B86A49FA0AF11BF033FAFB6A7C
:10B9E000B86A0AF1010249461CF052F885428046C5
:10B9F000D2DD4FF0FF35D8E73B689B1B3B6201234C
:10BA000003FA06F249FA06F1786B1BF01BFAFB6A9F
:10BA10003A6A786B49461CF03BF8804506F101060E
:10BA2000D4BF404635468046C0E7731CE6E756451E
:10BA3000FBDB6FF001035D43BB6B43F82B5015B18B
:10BA4000BB68AB420DD1BB6B013D43F82B5008E006
:10BA50005645D1DBBB6B6D0043F82B503B6B012B84
:10BA6000EDD00BF1010B1AE701222DE7386F91F9A8
:10BA7000005006EB000B60447863B86B50F82E0062
:10BA8000A0EB4505002DB8BF6D42E345D4BF05EBE3
:10BA90000B0CAC4491F90150A0EB450000287D6BE4
:10BAA000B8BF4042B542D4BF461986190EF1010E07
:10BAB0000FE70CB9396F24E70024214621E700BFC6
:10BAC00000F0FFFF317A0600D7F870C0D7F81C806D
:10BAD00001EB0C0E7045ACBF94464FF0000C48F8DB
:10BAE00025C0D7F870C08444B8BF86466145D8BF2A
:10BAF0008C46B969D4BF1046002041F82500B96BC7
:10BB000093F9000051F82510A1EB40000028B8BFC0
:10BB10004042704496F900E0A1EB4E010029B8BF05
:10BB2000494261440135F7E652F8045D012D0CBF2E
:10BB300050F8235051F8235042F8045C013BFFE6D3
:10BB40002DE9F04F8DB000AFC7E903324B0007334A
:10BB500023F00703FD6D7861ADEB030D3B6E002212
:10BB60001A602B1DFB6101EBD1734FEA630A43F3AB
:10BB70008F03BB624FEA0A5388467B620621AAF113
:10BB800011034B433B62291D01238B405B106E4622
:10BB9000FB6206EB4A03BB619146934614463B6940
:10BBA0009B4580F2C3807B69002203EB890C104621
:10BBB000114618E05CF8043B4FEA233E00EB2333C8
:10BBC0001A44A2EB4E00AEEB63020233B3F5003F22
:10BBD0004FEAA30E27DA714B9E4527DB0FFA8EFE44
:10BBE00026F811E001318845E4DC182200213046B6
:10BBF00026F0A6FC414630461BF029FF0128B8BFBD
:10BC00000120B0FA80F3C3F11F039BB2D3F10E03FE
:10BC100003D0B11E002290450BDC00208446024672
:10BC200006F1020E24E047F6FF7ED9E7DFF86CE16B
:10BC3000D6E731F8020F984008800132EBE736F979
:10BC400022303EF9221013FB03F311FB01F10B44E8
:10BC500003F50043F96A00EB2340CCEB23430B448C
:10BC6000F9690B4163441BB226F812309C4601323D
:10BC70009245E4DC0022D7F818E00AF1FF3C1146B7
:10BC8000BCF1000F25DA7A601DF002FABB6A7A680F
:10BC9000B86012FB03F01DF0FBF9BB6813FB00F06A
:10BCA000002240100C21AAF1050E7B6A013093FBA3
:10BCB000F0F071451DDB3B6A120292FBF3F2A242E7
:10BCC000C2BFBB6D1446C3F800B0C1440BF1010BF9
:10BCD00065E73EF9023D5B1A043301EBE3031BB257
:10BCE0009A42AEF800301946B8BF1A460CF1FF3C34
:10BCF000C6E736F8113001331BB230FB03FC4FEAC4
:10BD00004C0CBCF17F0F02DCBCF1000F0CDB30FBF4
:10BD100003F35B007F2BA8BF7F23DFF884C01CF8F0
:10BD2000033004311A44C4E70023F6E775B3C82C86
:10BD300025DC00251B235C4320461DF0A9F929289A
:10BD400029DD20461DF0A4F92A3800B21549A328A0
:10BD5000A8BFA320712313FB00F3B1EB833FB8BF4F
:10BD600011484FEA8332B4BF801800201DF090F9CB
:10BD7000FB68343718802846BD46BDE8F08FB4F51F
:10BD8000167FD7DA3A6E01231360D2E7C82CD4BFEE
:10BD900000250125CEE70020D8E700BF0180FFFF86
:10BDA000517A06000F583902F0A7C6FD2DE9F04F71
:10BDB00093B000AF98467B6F386353435B00073303
:10BDC00023F00703ADEB030D3961C7F844D0002120
:10BDD000ADEB030DB86FD7F87090D7F88040D7F867
:10BDE000A0B0C7F82CD09246920026F0A9FBFB6FBA
:10BDF000B74EC3F109039BB29B0203F500739BB2DC
:10BE000000214FF0400C4FF0060E4945C0F2C880AB
:10BE1000B04B7B61002210463B6B002103EB4204D8
:10BE2000894500F3D2807B6F013083425244F3DCBA
:10BE3000D7F89830322B40F31E82D7F89430002B7D
:10BE400000F01982BBF1000F40F0158209F10043A8
:10BE5000023B5B00FB630233FB604FEA4A037B63F8
:10BE6000FB6B3D697A6CC7F838B00433EB183B6460
:10BE7000A9F10203C7F828B0C7F818B07B60B5F97C
:10BE8000001011802E4614460120814500F3AB803E
:10BE9000BB69B86B18183B6903EB4000BB6B02EB46
:10BEA00043039342A0F1020040F0B580931CFB6174
:10BEB00002232E467B627B6A78688342C0F2BB8095
:10BEC000B5F902008142DEBF034608461946B5F9BE
:10BED00004308B4203DC8342B8BF034619B2B2F987
:10BEE0000030A1F5806109B28B42B8BF0B461380C8
:10BEF000B2F902308B42B8BF0B465380396C3B6CB1
:10BF000031F9041C33F9063C8B42DEBF0846194662
:10BF10000346386C30F9020C984203DC8842034631
:10BF2000B8BF0B46F96BF86B515EA3F580631BB28B
:10BF30009942B8BF19461152F968515E9942B8BF8B
:10BF40001946FB68D152911E0023994500F3B58034
:10BF5000BB6A796B0133BB627B6B1D441A443B6C3B
:10BF60000B443B64BB69B96A5344BB617B6F8B4232
:10BF700085DC022B7B6C4FEA48021A4400F0AC804F
:10BF80004146894540F3B3803B6BB2F9000033F979
:10BF900011301B1A23EAE37322F8023B0131F0E768
:10BFA00016F9012B34F811501CFB05F592B2A3EBE6
:10BFB0008212481D2A4410FB00F01EFB00F00244D0
:10BFC000F86A20F8112001311FE7FD6A34F9023BBD
:10BFD00035F911505B1B7D69AB42B8BF2B461BB2D4
:10BFE0007B6101311CE7B6F902C036F9023BD7F894
:10BFF00038E003F500739C45C8BF8646B4F90030AD
:10C00000C7F838E003F5C0636345A8BF634624F86A
:10C01000023F013039E7B3F9006033F9024D06F50C
:10C020000066B442A8BF3446B0F90060B442A8BF6D
:10C0300034461C8035E7B6F902E0B6F90040B6F99F
:10C0400006C0FB697445DEBF7046A6460446B6F9D5
:10C050000800B3F902303B628445DCBFB86060463B
:10C06000B6F90430D8BFD7F808C08645C1BF7046BE
:10C07000A6466446F446A3421BDD844214DA83429A
:10C08000A8BF0346386A1BB2A3F580639842DCBFA1
:10C090001BB23B62D7E9073023F8020FFB617B6AD2
:10C0A00001337B62023606E723466345A8BF634639
:10C0B000E8E78342F9DA2346E1E7F86A31F9024F0B
:10C0C00030F91300A042B8BF2046088001333CE796
:10C0D000517F06006680FFFF796C0AEB080301EBD5
:10C0E0004303D7E90C1540460D44814507DC7B6CC2
:10C0F00003EB48004FEA48040246434636E0B2F9F3
:10C100000040B3F90010A4F6FF7C8C45C4BFA4F531
:10C11000805421B21980B2F90040A1F6FF7CA445F9
:10C12000C4BFA1F580510CB21E46148035F9101021
:10C13000B6F900608E1B396B31F91010091B21EA2A
:10C14000E171002EA8BF8919491022F8021B0233A1
:10C150000130CAE7D7F8A410B2F9005031F9131032
:10C16000A942B8BF294622F8021B01339945F1DCE8
:10C17000D7F8883013B1D7F88C3013B1D7F88430A2
:10C180005BB10346424612E0B2F90010491022F8B2
:10C19000021B01339945F7DCF3E702464346F9E712
:10C1A000072A2FDC19884900198001320233914592
:10C1B000F6DCD7F8983059000323B1FBF3F1D7F838
:10C1C000903006261C44C1453EDD2546B4F90230B8
:10C1D000B5F90050B0F900205B1B7D6F6B43D7F8B9
:10C1E0009450B2F5805F03FA05F3A8BF4FF4805274
:10C1F000052B20F8022B04F1020409DC92125343B0
:10C20000DB000DE00B2AD0DDB3F900104910CBE7BD
:10C21000302B22DDD2115343DB0048BF0733DB1044
:10C22000D7F888505B442DB1D7F88C50E5B1D7F8DA
:10C230008450CDB9B1EBA31F16DABA6FCBEB8113E3
:10C2400042F828304FEA811BD7F89C307869C3F850
:10C2500000B04C37BD46BDE8F08F534393FBF6F377
:10C260009A1206FB02F3CBE7BD6F9B4645F82820E8
:10C2700008F10108A7E74FF0000BE5E72DE9F04FC3
:10C28000E9B014AF9A46C7F8B8100168C7F8C410EF
:10C290008968C7F8B410D7F8C4104368D7F8789104
:10C2A0004E68C7F8AC3089698368C7F8CC30396705
:10C2B0000F23016AC7F8D830C7F8C8100023416AB5
:10C2C000A7F8D430B9F1010FC7E939330446C7F8EC
:10C2D000DC30C7F8C010A7F8D6300CDDD7F8B8109E
:10C2E00049B1C1694A43C7F8A820D7F8C420D26928
:10C2F0009B465A4503DA4FF0FF3301F0ECBDD7F807
:10C30000C430D7F8A8105B6A03FA0BF38B4202D053
:10C310000BF1010BEDE7012303FA0BF27A6604F14E
:10C32000EC023A61D7F8AC2004F1EC01724301EB66
:10C330008201C7F89C10D7F8AC1002EB81227A6119
:10C34000796904F1EC0202EB8102C7F8B020D7F85A
:10C35000B410D7F8AC204A437A679A40796FFA65EF
:10C36000D7F8B02002EB4102BA64D7F8B02002EB54
:10C3700081027A6302EB41023A63D7F87C21002AFA
:10C3800000F03382104602F063F8B863D7F87C01FE
:10C390001BF092FB00F1040805464FEAE80840F262
:10C3A000FB439945A8BF9946A9EB0803A26AC7F8C1
:10C3B0008830E16AD7F8A830C7F8BC905343002909
:10C3C00000F01882501C00F03082D7F8C4100968C1
:10C3D00003EB2113C91093FBF1F3C7F890309B11C5
:10C3E000C7F88430D7F8CC10CBF103033B64282383
:10C3F0004B431433BB624FF4C871B86A41FA0BF374
:10C40000323B4343D7F8BC004143CBF10300014129
:10C41000C91A501CF96705D0D21A91420B46A8BF21
:10C420001346FB67D7F87C3153B9D7F8BC20514687
:10C4300007F1EC001CF062F807F1EC03C7F87C315F
:10C44000D7F89030002B25DD636B1BB3D4F8C830D0
:10C45000D7F8902005F1FF3CC3EB4209DCF1000363
:10C4600043EB0C034FEAA9195B009945B8BF994605
:10C47000D7F888309945A8BF99464B450ADD08EBA7
:10C480000903D7F87C01C7F8BC3019461CF0DEF868
:10C49000C7F88890D7F8BC30D7F8C020D7F8B800D4
:10C4A000DB00C7F88030D7F8C430DB689342A8BF00
:10C4B0001346C7F8A430D7F8A830D7F8AC20F31843
:10C4C000C7F8A03053439B00D4F8D820C7F88C207D
:10C4D0000733D7F8A82023F00703ADEB030DA2EB39
:10C4E000060AD7F8CC2014AB02FB0AFAC7F898303A
:10C4F000E3699AFBF3FA5146C7F894301BF0A7FAA8
:10C50000D7F8CC3006FB03F1D7F8943091FBF3F168
:10C51000D7F8B830814603EB4A001BF098FA012D9A
:10C52000D7F88C20C4F8D80040F089818145B8BF85
:10C5300081469145B8BF9146B9FA89F1D7F87C0197
:10C540000F2249091CF005F8B9F1000F40F077817E
:10C55000D7F89030002B1BDDD7F8BC20D7F87C0132
:10C5600008F101039342BCBF08F10203C7F8BC30D5
:10C57000D7F8BC30D7F8BC10DB00C7F880301CF00F
:10C5800065F8D7F8BC30C7F884300223C7F8883084
:10C59000D7F8BC30D7F87C01DD001BF08DFAD7F856
:10C5A0007C31D7F87C215B69281A0344536101234D
:10C5B000BB66D7F8A0304FEA8309D7F8983003EB71
:10C5C0008601D7F8C43004F1B808002603F1100A38
:10C5D0000023CDE90283CDF804A0E3690093D7F8E6
:10C5E000B800C7F89410D7E92A2300EB46001BF0E7
:10C5F000A9FCD7F8AC30D7F894100136B3424944BF
:10C6000008F10408E4DC236C1BB1D7F88830032B55
:10C6100008DCD7F8CC200C235343D7F8882093426A
:10C6200080F20F81D7F8C830BA6E134340F0098109
:10C63000626922B9A369042BD4BF00230123626E6F
:10C64000FA62D7F88820CDE9053207F58E73049396
:10C6500007F1D403039307F1D8030293FB6A019314
:10C66000D7F8A8300093D7F8AC30D7E92612204687
:10C670001BF0B5FAB7F9D430FB60D7F8D830BB61FE
:10C680003862002840F01281D7F8C830002B00F043
:10C69000F780A369002B00F3D6800023C7F8B830D9
:10C6A000BBF1000F00F04081D7F87C011BF004FAC9
:10C6B000D7F880300230984280F23C81D7F8B83009
:10C6C000002B00F03F817B6EC7F8943000237B6520
:10C6D000D7E92A2353439B00073323F00703ADEB2D
:10C6E000030D7B6FD7F8B4209B00073323F00703BB
:10C6F0000DF1500AADEB030D14ABC7F8A030FB6D84
:10C70000073323F00703ADEB030D14ABC7F88C30F0
:10C71000D7F8CC3053433B66D7F894205B007B645A
:10C72000073323F007031AB1A269072A00F30E8129
:10C73000ADEB030D14ABBB670023FB61A36C04934B
:10C74000E369CDE902B3D7F8AC300193D7F8CC3028
:10C750000093D7E925125346D7F8C4001BF0B4F96B
:10C76000D7F8AC30022B06D1D7F8CC30012B04BF60
:10C770000023C7F8E430A36CCDE901B3D7F8CC307F
:10C780000093D7E92823D7F8C40051461AF0A4F93A
:10C79000236C002B40F03A81D7F8CC300193D7F8C6
:10C7A0008C300093D7F8A030D7F8C020D7F8A41069
:10C7B000D7F8C40003F064FF7B6C073323F0070352
:10C7C000ADEB030D14ABFB66D7F8C030F86E5B0021
:10C7D0001A4600217B6225F0B3FED7F8C830002B43
:10C7E00000F01A810023FB64BAE1D7F87C81BB63B7
:10C7F0001D46D4E5012DC8BF5B19511C15D0D7F8D3
:10C80000C410096803EB8103C90093FBF1F3216BAA
:10C81000002918BF013BD7F8BC108B42A8BF0B46BC
:10C82000022BB8BF0223C7F8BC30D7F8BC30A3EB4B
:10C830000803C7F884300023C7F89030D2E50023FE
:10C84000B6E60023FBE6236C002B7FF426AFD7F877
:10C8500084300E2B61DD002307F1E802CDE90132BF
:10C8600007F1E4030093D7F8AC20D7F8A010D7F86D
:10C87000980007F1D603FFF763F9C7F8B8000FE790
:10C88000D7F880300F359D4208DBA369002B7FF776
:10C8900004AF236C002B7FF400AFDCE7D7F8C8109F
:10C8A000D7F87C0101221BF054FEEEE7012211466D
:10C8B000D7F87C011BF04DFEBB69D7F87C015D1CED
:10C8C000B5FA85F6C6F11B08062241461BF09CFE10
:10C8D000102101FA08F1D7F87C01C6F11F02691A8C
:10C8E0001BF05CFED7F81C11D7F87C0103221BF06B
:10C8F00055FE0223474AF96AD7F87C011BF035FE42
:10C90000A369002B7FF7C9AE236C002B7FF4C5AE63
:10C91000D7F8C830002B9AD19DE7D4F8B430632BF8
:10C92000D4BF0023012397E7C7F8B8B0C7F894B085
:10C930000123CCE601237B650023C7F8B830C7F894
:10C940009430C5E6D7F8B8307B65F8E7ADEB030D5A
:10C9500014ABBB67A36C0493E369CDE902B3D7F8CA
:10C96000AC300193D7F8CC300093D7F89820D7F8A3
:10C97000C400534600211BF0A7F8A36CCDE901B316
:10C98000D7F8CC300093D7E92823D7F8C400514614
:10C990001AF0A2F8D7F8CC300193BB6F0093D7F808
:10C9A000A030D7F8C020D7F8A410D7F8C40003F0FF
:10C9B00067FE4BF30502520292B20023396E8B429E
:10C9C00001DB0123B9E6B96FB86F31F813101144D8
:10C9D00020F813100133F1E7D7F8A020D7F8A01002
:10C9E00052F82320096831FB00F149008A42A8BFB0
:10C9F0000A46012AD7F8A010B8BF012241F8232027
:10CA00000133D7F8C0209342E6DBC5E602230320BA
:10CA1000F7E700BFD17A0600D4F8E430BB65002BFD
:10CA200000F01F82236C002B40F01B82E36DD7F8CF
:10CA3000C800022BB8BF0223C7F89C305A003A65E1
:10CA40003B6FD7F89C20FB6303EB4203BB60D7F836
:10CA50009C30C3F101018BB2864602468046814676
:10CA60007B60D7F8CC309845C0F2B781D7F89C30BE
:10CA7000D7F8CC6000B292FBF0F2581E704303FB73
:10CA800000000621584301FB0EF191FBF0F1491023
:10CA900020296FF01F00A8BF202181423B6FB8BF43
:10CAA0000146D7F89C0033F9106012B206EBD67637
:10CAB00002F1CD0576100020FB6B33F902CFFB634A
:10CAC000B445C0F2BC81D7F8B460BB6D00FB115017
:10CAD00003EB46034FF0000C1FFA81F980B2FB64B0
:10CAE0006646BB6D33F91680D7F8CC30022B05D1E2
:10CAF000FB6C33F916E0F045B8BFF046B8F1000F13
:10CB0000D4BFC0EB080EC0F1000E1FFA8EF80FFA6A
:10CB10008EFEBEF5807FC2BFFB6EA8F5807823F83D
:10CB20001680D7F89C3006F10106C8BF0CF1010C45
:10CB30004844B34280B2D4D1BCF1020F0BDD02F203
:10CB4000CD15002D40F37D8100213A6DF86E25F062
:10CB5000F7FC00210D4689010BB2CD35FB642BB2E9
:10CB6000256C3B65002D40F0A581D7F89430002B53
:10CB700000F07A814BF305004002D7F88C30D7F8EB
:10CB8000B420D7F8C81003EB420EC64A0023D7F8EA
:10CB9000C060B142C0F26B81B4F8E820D7F8C80099
:10CBA000311A93FBF1F3C0499B1A1BB28B42B8BFF9
:10CBB0000B46B3F5406FA8BF4FF44063FB63F96BBE
:10CBC00040F28F2313FB01F302EBE333A4F8E830C8
:10CBD000FB692BB97A6CD7F88C10B86F25F088FCFC
:10CBE000BBF1000F00F0AC80D7F87C011AF064FFB5
:10CBF000D7F880300230984280F29280D7F8B8306F
:10CC0000002B40F08D80A369042B40F38980D7F876
:10CC1000C8301D4340F08480D7E9043233F9222024
:10CC2000D7F8CC30012B40F05781A7F81C2107F52D
:10CC30008E72D7F8C010994200F33F81D7F8C03008
:10CC4000981E7B6A07F1D00280331344363B0028DC
:10CC500080F26981D7F8C020002318461E4602F1F1
:10CC6000FF3C07F58E7ED7F88C2002EB46080222A7
:10CC70006245C0F26781D7F8B4201644D7F8CC20BB
:10CC800001308242EFDCD7F8C020D7F8CC10033A4D
:10CC90004A4393FBF2F3B3F5806F41DDA36C049339
:10CCA000E369CDE902B3D7F8AC3001930091D7F82E
:10CCB0009820796ED7F8C40053461AF005FFA36C8C
:10CCC000CDE901B3D7F8CC300093D7E92823D7F8C2
:10CCD000C400514619F000FFD7F8CC300193D7F8C3
:10CCE0008C300093D7F8A030D7F8C020D7F8A41024
:10CCF000D7F8C40003F0C4FCBA6F4BF305035B0222
:10CD00009BB2023A396E8D42C0F22D8140F6CD437E
:10CD1000A7F8D6307B6EC7F894300123C7F8B83037
:10CD2000D7F87C011AF0C8FED7F88030023098425C
:10CD300006DAD7F8B810D7F87C0103221BF009FCFB
:10CD4000D7F8A820D7F8CC3053435B00073323F043
:10CD50000703ADEB030D14ABC7F89C307B6E029359
:10CD6000D7F8CC300193D7F8A4300093D7E9272324
:10CD7000D7F8C400514619F036FFD7F8B430D7F8C9
:10CD800084209B00BB65073323F00703ADEB030D45
:10CD900014ABC7F89830D7F8CC30C3EB03139342E9
:10CDA000D7F8C83000F35F85002B00F0E280D7F899
:10CDB000E810002940F06985D7F884300E2B00F385
:10CDC000DD80D7F8C030D7F8980023EAE3729200EC
:10CDD00025F0B6FBD7F8B86013E1BB6D7D683E6FF8
:10CDE00003EB4903FB64FB6C33F902CBFB642F4B71
:10CDF0009C4522DBBCF5807F6146A8BF4FF4807163
:10CE0000BCF1000F00DD4910B6F9023036F902CB53
:10CE1000A3EB0C0C11FB0CF31A44BB6811FB05F1DE
:10CE2000B34205F1020560448E44ADB2DBD1D7F8C0
:10CE3000B43008F10108994413E61D49E4E70130D4
:10CE40003AE6FA6E386D104432F9023BFF2BC6BF4A
:10CE5000A3F580731BB20023904222F8023CF3D169
:10CE600079E6D7F8C830BEE4D7F8940085E6D7F85D
:10CE70008C6036F911C0D7F8CC60A2F58062ACEBBB
:10CE8000000C6245B8BF6246022E12B207D13EF9CD
:10CE900011C0ACEB000C6245B8BF624612B213443D
:10CEA000013174E600D8FFFF00FAFFFF01F8FFFF31
:10CEB00000F8FFFF0023FB638AE6D7F8B010B2F951
:10CEC000000031F91310A0F580608142B8BF01461F
:10CED00022F8021F0133ACE6D7E92C3103EB410005
:10CEE00033F911309342B8BF1346A7F81C3107F548
:10CEF0008E710122D7F8C03093427FF79FAED7F8EA
:10CF0000B0C030F912303CF912C0B1F9006063458D
:10CF1000B8BF6346A6F58066B342B8BF334621F872
:10CF2000023F0132E6E7B3F9002033F9021CA2F216
:10CF3000FF368E42C4BFA2F5806211B223F8021DF3
:10CF4000013884E63EF9121038F9129021EAE171B5
:10CF5000B9F1000FACBFC1EB090149420029A8BFDC
:10CF60005B18013284E632F8021F19441180013542
:10CF7000C8E6A369012B0EDCD7F8C810D7F8C0307B
:10CF8000994280F27F84D7F89830D7F8B82043F8D8
:10CF900021200131F2E7236C002BEDD1D7F8E430EA
:10CFA0000593B7F9D630CDE903B3D7F8A83002938B
:10CFB000D7F89C300193D7F884204FF4A06393FBFB
:10CFC000F2F3032BB8BF032302330093D7F8983052
:10CFD000D7F8B820D7F8A410D7F8C400FEF70AFC99
:10CFE000D7F8A430D7F8982003F18043013B02EB37
:10CFF0008303D7F8A4200646D7F8C0108A42C0F2AF
:10D000002A847B6C073323F00703ADEB030D14ABCD
:10D010007B6400239C4640F6FE7E4FF40058D7F810
:10D02000C8209918D7F88C2002EB4101D7F8B0201E
:10D0300002EB430A3A6B02EB4309D7F8C820D7F852
:10D04000C0008242C0F22484D7F8B4201344D7F839
:10D05000CC200CF1010C6245E1DC236C0C93A36B3A
:10D060000B93A369032BD4BF002301230A9304F17C
:10D0700054030993E3680893D7F888300592CDE903
:10D0800006B3D7F87C3104937B6C0393D7F88030D8
:10D090000293D7F8B0300193D7F88C300093024652
:10D0A000D7F8A430D7E9310103F074F9D7F87C310F
:10D0B000D7F87C015B684FEAC3091AF0FDFCD7F88A
:10D0C000B830002B14BF02220422BBF1000F00F085
:10D0D000F383451C1544A94534BF00250125D7F825
:10D0E000B830D7F8C880002B14BF042305234FF0B5
:10D0F000000AA9EB05097B625146D7F8C0304345C9
:10D1000000F3DC83ADB1B04BD7F8B82003EBCB0311
:10D11000534403EB820113F9222091F902309A4221
:10D1200000F0E983D7F87C01012231461BF011FAA7
:10D130003546D7F8B830D7F8C82005EB4305D7F8FF
:10D14000C8309E00D7F8983003EB82019E4B03EB6A
:10D15000CB0303EB4503D7F8C000904200F3CD8327
:10D16000D7F87C011AF0A8FCD7F880300330984239
:10D170000DDA236C002B00F0C683002363660221C6
:10D18000924AD7F87C01216505231BF0EEF9BB6DAF
:10D19000256C073323F00703ADEB030D14AB7B665F
:10D1A000FB6ECDE90C5307F58E730B93D7F88430E3
:10D1B000CDE909B33B6F0893636B0793E36A06936A
:10D1C000D7F8B8300593D7F8C4301B6B0493E36BE2
:10D1D00003937B6E0293D7F8CC300193D7F8C0301D
:10D1E0000093D7F8C830D7F8B420B96FD7F88C00BF
:10D1F000FEF7DCFD786265B1D7F884301A2BDEBF0C
:10D20000D7F88420032392FBF3F37A6EC8BF082378
:10D210001360BB6DD7F8C400073323F00703ADEBF1
:10D22000030D14ABC7F884305A46D7F8CC30D7F882
:10D2300084101AF0ECFBD7F88030D7F87C01DB00C3
:10D24000FB6601F005F97B6ED7F8C820C7F8A4008B
:10D250003344BB673B6F03EB4203C7F880300023C6
:10D260009146C7F888300626D7F8C0309945C0F2F5
:10D270008983D7F8CC30022B56D1BBF1000F38D0C0
:10D28000D7F8C430D7F8A8209E69D7F89C3003EBB4
:10D290004203C7F880300123354606F11A0A1A46C0
:10D2A000B5F9001035F902CF01FA0BF10CFA0BFCBD
:10D2B0006145C0F2C383AA45F2D145F6822133FB12
:10D2C00001F3B6F91A10BBF1010F0BF1010514BF00
:10D2D0000D200520A94032FB01F252005B000844FA
:10D2E00033FB00F3B2EB430FB4BF01230023C7F8B5
:10D2F000DC30FB6F364A37494FF47A7093FBF0F01D
:10D30000D4F8E030009300B2152319F074FBD7F87D
:10D31000C8309842B8BF1846D7F8C0309842D4BF3A
:10D32000C4F8E000C4F8E030D7F8A430D7F888108B
:10D3300003F12F02FB6E5B1A9A4280F2D384D7F876
:10D34000C830002B03DC236C002B00F09F830023EC
:10D35000A4F8DC304FF005091F4AD7F87C010723F9
:10D3600049461BF002F9D7F87C0101F071F8C7F8C3
:10D37000A400D7F89030002B40F33381D7F8C430A5
:10D380003A6CDB69666BA3EB0B03C7F88C3040F299
:10D39000FB431341D7F8BC209A42A8BF1A46D7F8DE
:10D3A000C830C7F88020002B40F0A084D7F8903018
:10D3B000BA6AA3EBC2038EB1D4F8D020D7F88C1090
:10D3C0000A4113440AE000BF317A0600D47A06000D
:10D3D000FA54060024550600D87A0600D7F81C2116
:10D3E0003A67D4F8E420C7F8BC20D7F8C420E16D30
:10D3F0009268BA67D7F8C420D7F8CC00D2F818C022
:10D40000BA6FB7F9D6E0D4F84080002908BF1146BA
:10D4100002283CF911204FEA410502FA0BF240F0D4
:10D42000AA84D4F8E0A08A45B8BF4FEA4A058A45E5
:10D43000A8BF8A463CF905503CF91A1005FA0BF5CD
:10D440002A4401FA0BF1A1EB0A0115B246F2666A11
:10D450001AFB01FA9AFBF5FAB4F9DC5033FB0AFA2D
:10D46000B5F5807FA8BF4FF480751A3DC90015FB44
:10D4700001F14FEA4A0509128D42D4BFA3EB050A18
:10D48000A3EB010A386F132101FA0BF1451AD7F803
:10D49000BC0055446FF43471714435FB01F105EB68
:10D4A000810178B1B8F1000F0CD1D200386D10FBBA
:10D4B00002F201EBA2220029B8BF03318910914288
:10D4C000B8BF1146BA6F02F1004002383CF9102093
:10D4D000D7F8CC0002FA0BF24243D200786A12FB72
:10D4E00000F2881092129042B8BF1046D7F8BC20C4
:10D4F0008142A8BF0146002A00F04884B8F1000F1D
:10D5000007D036B1C91A45F2C35231FB02F103EB21
:10D510004101D7F8A460D7F888505B008B42D4BF94
:10D52000F6187618D7F8A4301D443F35AD110235F2
:10D53000BB6E002B40F05B8406F120039B119D42E3
:10D54000B8BF1D46D7F880309D42A8BF1D46D7F80A
:10D5500090304FEA8518F61AD4F8D40040F2C93357
:10D56000984200F34A84431C1530C4F8D4300004B8
:10D570001BF0CAFD00B2636B3BB3D7F89030D4F810
:10D58000C820D4F8CC10A8EB03031344D7F88C20A0
:10D59000C4F8C8309640D4F8D020B61A761A36FBB4
:10D5A00000F601EB4601C4F8CC10002BC1F10001DC
:10D5B000C4F8D01009DAB96E0022002940F02084A6
:10D5C0005B429B111D44C4F8C820D7F88030D7F8BF
:10D5D0007C01AB42A8BF2B461946C7F8BC301BF0F4
:10D5E00035F8BB6DD7F87C01073323F00703ADEBAB
:10D5F000030D14AEADEB030D0DF15008ADEB030DB3
:10D60000D7F8BC30DB00C7F8A43000F021FFD7F812
:10D61000BC30C0EB8310D7F8B8300DF1500A013898
:10D62000002B00F0F083BBF1010F40F3EC830BF112
:10D630000203B0EBC30FACBF01250025ED00236C46
:10D64000401B002B40F0E183D7F8C030013B0E9324
:10D65000E36D0D9301230C93D7F87C31CDE90AB328
:10D66000D7F8CC30CDE908A307F1E003CDE90403F6
:10D6700007F1DC03039304F1E003CDE90193CDE965
:10D680000686D7F884300093D7F8C0207B6ED7E9A0
:10D69000310103F089F8E26D8146002A00F0B7837A
:10D6A000531E834202F10102B8BF03469342A8BF52
:10D6B0001346E365D7F8CC300393D7F87C31CDE936
:10D6C00001637B6C0093D7E93101D7F8B030D7F80C
:10D6D000C0201CF0DBFC3B6E073323F00703ADEBEF
:10D6E000030DD7F8CC30022B02BFD7F89C30D7F807
:10D6F000A81003EB4103616C1291A16C1191A16917
:10D70000109104F14C01CDE90E91CDF834B0D7F869
:10D710007C110C91D7F8E0100B91D7F8BC10C5EB39
:10D7200081110A91D7F898100991D4F8E010089166
:10D73000D7F8DC100791216D0691D7F89410CDE948
:10D740000481D7F8A01018BF002314AACDE9022144
:10D750000193D7F89C300093D7E93112D7F8C03045
:10D76000012019F099FB4DB1616FD7F87C010122BE
:10D770009142CCBF002101211AF010FFD7F87C01A3
:10D78000C14D1AF099F9D7F8CC300593D7F87C3110
:10D790000493D7F8A4300196181ACDE902A07B6C47
:10D7A0000093D7E93101D7F8B030D7F8C0201CF08A
:10D7B000C2FCFA6D386B002124F0C2FE002318462B
:10D7C0007A6C02EB430C3A6B02EB4306D7F8C820A5
:10D7D000D7F8C0108A42C0F21C83D7F8B420134493
:10D7E000D7F8CC2001308242EADCBB6E002B40F03F
:10D7F0002783BB69A366FB68A4F86C30FB6A2367C8
:10D80000D7F8AC30022B0ED1D7F8CC30012B0AD18F
:10D81000D7F8B430D7F8B010D7F8B4005A0001EBFD
:10D82000400024F065FED7F8B830002B00F00C83E0
:10D83000BB6C9A1E0023796F994240F31083D7F88E
:10D84000B01032F9020F31F913108142A8BF01461E
:10D8500011800133EFE7D7F89800196840F82210DB
:10D860000132FFF7C9BB002B7FF4A1AA1946FFF7CD
:10D8700085BBD7F8981041F823200133D7F8C010A2
:10D880008B42F6DB0026FFF7BCBB00230122F5E745
:10D8900031F9025B3AF91200281A00F2FF70704564
:10D8A00007D839F8120010FB08F0A5EBE03521F895
:10D8B000025C0132FFF7C3BB5D4610E413189945C3
:10D8C000D7F8983014D353F82830D7F87C01594052
:10D8D0001AF03FFED7F87C011AF0EEF8D7F898302E
:10D8E00053F828104AEA010A7A6A08F1010804E4A8
:10D8F00043F82810F8E700251BE40868185641F89B
:10D90000040B013227E4D7F8C830A1694BB10029D4
:10D910003FF436ACD7F8B830002B7FF430AC03219D
:10D920002EE4D7F8943043BB022926DDD7F8CC206B
:10D930000A235343D7F8882093423FF720AC7B6EED
:10D940000593D7F8CC300493D7F8A43003933B6AFF
:10D95000003B18BF0123029304F16403019304F117
:10D9600060030093D7F89C10236DD7F8C40004F12E
:10D97000580219F09BF9014602E400293FF400AC7B
:10D98000FFF7FDBBD7F88020B2F902301146B2F99B
:10D9900000209B1AD7F8CC20534303FA0BF3302B0B
:10D9A0009A46B8BF4FF0300ADB009A45A8BF9A46A6
:10D9B000D7F88820FB6EC7F870A002310025A3EBD2
:10D9C000020AC7F880103246A846D7F8A43003EB05
:10D9D000C203534505DAD7F8843053F8293043455C
:10D9E00010DC1DB1032EB8BF0326013ED7F88830E6
:10D9F0004344C7F88830BB6F43F8048B09F1010931
:10DA0000BB6731E4BB6FD7F87C011B683B62AB425C
:10DA1000D4BF002101211AF09CFDD7F87C0100F051
:10DA200017FD3B6FC7F8A400AAEB030A3B6AAB42A1
:10DA3000D7DD3B6F013598440122C6E7D7F880E077
:10DA4000D7F89C003EF911E030F911008EEAEE792A
:10DA500080EAE078A9EBEE79A8EBE0781FFA89F983
:10DA600019FA88F8424400EB0E08B8F1000FA0EB59
:10DA70000E00B8BFC8F100080028B8BF404280447B
:10DA80004344013114E400BF00C0FFFFB7F9D630B2
:10DA9000C7F8A430FB6FB3F57A4FC0F2D180B74B13
:10DAA000FA6F9A4200F3CF80A2F57A439B1240337B
:10DAB0001B010FFA83FAD7F8CC30022B40F0848098
:10DAC000D7F8C430996900260D4601F11008B5F960
:10DAD000002035F9020F801A02FA0BF300FA0BF25C
:10DAE000C7F88020D7F89C2002EB430ED7F8A82077
:10DAF0001344D7F89C2002EB430300229446D7F846
:10DB00008000604500F3A28006EBA242A84516B251
:10DB1000DDD14FF4805010FB06F040F3CF300028E9
:10DB2000B8BF404280B2B0F5806F28BF4FF480602C
:10DB3000D4F8E030C7F8803000B2103103464FF01F
:10DB4000080CD7F88020624500F3898010FB00F0B4
:10DB5000DFF82C92002BB8BF5B42A9EB00000FFA54
:10DB600083F8FDF70FFE18FB08F8A9EB080840F34F
:10DB70004F0605464046FDF705FE864203DC40465B
:10DB8000FDF700FE0646A5F5BF557E491E3DA6F5EC
:10DB9000BF5645F38F054FF4C04313FB05F3DB136A
:10DBA0008B42ACBF0AEB03020AEB01021E3EB4F942
:10DBB000DC3046F3CE06764240339E42A8BF1E4676
:10DBC0000FFA82FAA4F8DC60D7F8C01000221346DE
:10DBD000481ED7F8C0100025C1F1020685426DDB52
:10DBE000D7F8CC1001329142F3DC484393FBF0F3B9
:10DBF000654803F58063B0EBA30F1FFA8AF24FEA82
:10DC0000A30169DC40F60543994268DC062391FBD9
:10DC1000F3F189B2D7F8A4309811FB6C9B1003EB99
:10DC20004003D31A5B1A1BB280334FEA2329B9F1A0
:10DC30000A0FA8BF4FF00A0929EAE979FFF78CBB60
:10DC40004FF4806A37E74FF4A06A34E73EF9029B4D
:10DC500033F9020B19FB00220CF1010C4FE7B1F96B
:10DC6000002031F9026FB61A02FA0BF506FA0BF230
:10DC7000BA67D7F89C2002EB4508D7F8A8201544CE
:10DC8000D7F89C2002EB450500229646BE6F7645EC
:10DC90000BDC9214002AB8BF524292B29A42A8BF3B
:10DCA0001A4613B20CF1010C4BE738F9029B35F917
:10DCB000026B19FB06220EF1010EE7E7D7F8C4103C
:10DCC000D7F88CC0896801FB025101353CF911106D
:10DCD00001FB0633023681E74FF47E419AE74FF4A9
:10DCE000007197E74FF00509FFF743BBD7F8CC3039
:10DCF000D7F8902003EBC3030433A2EBC30323EA5A
:10DD0000E3732EB1D4F8D020D7F88C100A41134415
:10DD1000D4F8B420632A61DC396C60220A411344D0
:10DD2000B7F9D610D7F8A4604FF4C870A1F58052A7
:10DD300012FB00F2D7F8A40003EBA232D7F8883028
:10DD400003443F3342F6CD409B11814203F102036D
:10DD50004BDDB2F5C87FACBFB61806F5C876D7F86C
:10DD60008850BA6B154405F26715AD119D42B8BFD6
:10DD70001D46FFF7DDBB9A46FFF784BB7F380100E5
:10DD80001904100000FCFFFFFBF3FFFF36B1C91AB6
:10DD900045F2C35231FB02F103EB410140F6CC42A4
:10DDA00096453FF7B6ABFA6FC2F5BB3202F580720B
:10DDB000B2F5FA4FA8BF4FF4FA4240F6015022EAFA
:10DDC000E27210FB02F2F86BD21310FB02F2921215
:10DDD00031FB02F201EB4201FFF79BBB642A1FBF3C
:10DDE000396C90220A419B1A9AE71644B7E74FF024
:10DDF000800800260225FFF7AFBB2120FFF7BBBB41
:10DE00001346FFF7DFBB002519E401231FE4034697
:10DE10004FE43CF91210B1F5804FA8BF4FF4804198
:10DE2000A942B8BF294626F812100132D0E4D7F82B
:10DE3000B01021F813200133396E8B42F7DBD8E4A0
:10DE400000234FF41042F7E7FA6DB96C786B24F0B9
:10DE50004FFBFA6DD7F8B010B86C24F049FB0023E3
:10DE600019461D464FF41042D7F8B00000EB430EA0
:10DE7000786B00EB430CB86C00EB4306B146E2460E
:10DE8000F0460020D7F8C8B058452DDBD7F8C000C1
:10DE9000D7F8B48040452FDBD7F8AC000131884279
:10DEA0004344E1DC7B6DD7F8B820D7F87C011343FD
:10DEB0001CBF636F01336367D7F87C31DB69E364B0
:10DEC0001AF0D2FBD7F87C31DB6A002BD7F8BC30D4
:10DED00018BF6FF00203C7F8BC30D7F8BC0007F5D5
:10DEE000AA77BD46BDE8F08F28F8025B01302AF81A
:10DEF000022B29F8022BC5E72EF810502CF8102021
:10DF000026F810200130C3E70EB477B507AA0446FF
:10DF100052F8043B0192B3F57D6F4ADA40F6C371C3
:10DF20008B4216DC40F6AE718B4200F0BD802FDCD8
:10DF300040F6A6718B4200F0BF8040F6AA718B427A
:10DF400078D040F6A2718B4200F0B9806FF00400E7
:10DF500078E0A3F6C4730B2BF8D801A252F823F093
:10DF6000F5E003000BE103004DDF03004DDF03008C
:10DF70004DDF03004DDF03004DDF03004DDF0300E5
:10DF80004DDF03004DDF030015E1030025E1030031
:10DF900040F6BC718B4200F0CD8040F6BF718B42E1
:10DFA00000F0278140F6B4729342CFD1089B4363BF
:10DFB00047E0A3F51C53123B1A2BC7D81A2BC5D820
:10DFC00001A252F823F000BF87E003004DDF0300F9
:10DFD0004DDF03004DDF03004DDF03004DDF030085
:10DFE000E1E003004DDF03004FE003004DDF0300DD
:10DFF0006BE003004DDF03004DDF0300E5E10300AC
:10E000009FE103004DDF03004DDF03004DDF030000
:10E010004DDF03004DDF0300A7E103004DDF0300E8
:10E02000FFE103004DDF030007E203004DDF0300C3
:10E03000C9E10300089B04320A2B019200F2E88038
:10E040008361002003B0BDE8704003B07047019BBE
:10E050001A1D1B680192002BC0F2DA8022689268B8
:10E060009A4240F3D5802362EBE7019B1A1D1B689F
:10E070000192002B40F3CC80226892689A42C0F251
:10E08000C7806362DDE7019B1A1D1B680192022BAA
:10E0900000F2BE80012BB3FA83F3CCBF0022012231
:10E0A0005B096261E360CCE7089B0432642B019258
:10E0B00000F2AE808363C4E7089BC362C1E7089B9C
:10E0C0000432B3F5FA7F019202DC581C40F0A080C4
:10E0D000626851494A439A42D4BFA262A362B0E740
:10E0E000019B1A1D1B6801925A1E012A00F29080A2
:10E0F000A360A6E7019B1A1D1B680192A3F1080209
:10E10000102A00F28580C3639BE7019BC26B1B68EA
:10E110001A6096E7019B1A1D1B680192012B77D8A4
:10E1200043648EE7019B1A1D1B680192002B6FD080
:10E13000426CEDE70646416856F8EC0B436882688E
:10E1400003F580634B434A439B0003EB42031E44A9
:10E15000550019F092FC0021A0F14C0204F14C0092
:10E1600024F0EEF9721900234FF41040216865681D
:10E170008968694399420CDC022201210023C4E929
:10E1800014214FF48072C4E91833C4F8D030A2656A
:10E1900057E722F8020B26F813000133E6E7019B4C
:10E1A0001B6823634DE7019B1A1D1B680192002B1E
:10E1B0003FF447AF783403F1380253F8041B44F8B6
:10E1C000041B9342F9D13CE7019B1A1D01921A6886
:10E1D000002A3FF436AF1368C4F8B0305368C4F86F
:10E1E000B4302EE7019B1A1D1B68019283B122688F
:10E1F0008EE7089B0432019253B1C26C88E7019B01
:10E200001B6823641DE7019B1B68C4F8E43018E712
:10E210004FF0FF3016E700BFA0F703002DE9F043F1
:10E220004F1E8046184658F827402C4B002C0E46AF
:10E230004FEA870E4FEAD4714FF00205B8BF64422F
:10E24000A542AC46A8BFA446A54253F82C90D4BF23
:10E250004FEA840C4FEA850C013F59F80CC0614429
:10E2600058F827C08CEAEC79A9EBEC79BCF1000FE7
:10E270004C4410DA04F1010CA542D4BFA946E14692
:10E28000654553F82990CCBF4FEA850C4FEA8C0CBA
:10E2900059F80CC06144002F05F10105D0DC96420D
:10E2A0003446A8BF1446964253F82440C8BF74446D
:10E2B00002F10105CBBF626854F822202C46344697
:10E2C000AE4253F82430D4BFAC000EF104041B5905
:10E2D000BDE8F0431A441AF097B900BF082D0600B4
:10E2E0002DE9F84F8A42594E074618461346A8BFF3
:10E2F0000B46144656F823300D4601328C42B5BF0A
:10E3000053F8213053F8243011462946954256F8E7
:10E310002110D4BF9200AA00895819441AF06AF853
:10E32000A7F1040E29464FF0000C022927DC6300F8
:10E33000012DA5F1020203F101034FEA8202D8BFC9
:10E340000022984234BF0026012675422B40C31A92
:10E35000581C410818BFA0EB4103A41B89B2641AE2
:10E360005842C91A3A446C40484024B200B2146082
:10E37000506014FB04C410FB0040BDE8F88FA142BC
:10E380004FEA810804F101022EDC56F821A04FEA81
:10E39000820B5AF8222082428CBF00230123C3F152
:10E3A000000909EA0202801A5AF82120904211D28B
:10E3B0000A46013A56F822A05AF808B05845F8D350
:10E3C000E31A9B1AA0EB0B0083EA09031BB213FBB1
:10E3D00003CC19E0D34422465BF804BC5845EFD285
:10E3E000013A5AF822B0F9E756F8243053F8219050
:10E3F00056F82230484553F821300AD3984208D2C3
:10E40000A0EB0900224600234EF8043F01391446D0
:10E410008BE7984234BF4FF000094FF00109C9F172
:10E42000000A0AEA0303A0EB030B2246013A56F85E
:10E43000223053F808008345F8D3A4EB09039B1A54
:10E44000ABEB000083EA0A03C0E700BF082D06001B
:10E4500010B5C2694469B2FA82F3C3F11001CA402F
:10E46000110B0839C3F12000054BC00053F82130CF
:10E47000C0EBC400401A934238BF013810BD00BF42
:10E480002441060030B5B1F5807FC26911D9B2FBD5
:10E49000F1F3026A4362B2FBF3F3581C884201F1C4
:10E4A000FF314FF0FF30A1EB030188BF002008408F
:10E4B00030BD4B420B40B3FA83F3C3F12004084D47
:10E4C00021FA04F4C3F11F0355F8244022FA03F3A0
:10E4D000A4FB034303FB1122914298BF0133D8E709
:10E4E00044410600B3F5807FF0B4C5690ED9B5FB91
:10E4F000F3F411B3066A5B1A2E4404FB1366511A37
:10E5000006624C43C461F0BC19F0DCBF5C421C40A5
:10E51000B4FA84F4C4F120060A4F23FA06F6C4F1D3
:10E520001F0457F8266025FA04F4A6FB046404FBD4
:10E530001356B34298BF0134DBE79B1A04FB135414
:10E54000E0E700BF4441060008B5C0F31003B3F58F
:10E55000803F024605DDC3F50033C3F30E0018B952
:10E5600008BDC0F30E0070B1B3F5004F04DA18B265
:10E57000BDE808401AF01ABD584200B21AF016FD64
:10E58000404200B2ECE792B2002AE9D1034A47F6D2
:10E59000FF70002B18BF1046E2E700BF0180FFFFAD
:10E5A00038B5B1FA81F3C3F10203002BD5BF5B424A
:10E5B00041FA03F401FA03F440FA03F5D8BF00FA74
:10E5C00003F504F5004000141AF09EFD031D43F30B
:10E5D000CF0335FB03F0400080FB0442E40F02351B
:10E5E00044EA4204C4EBA50434FB03F400EBC4008A
:10E5F000B0F1005F04DAB0F1604F04DD800038BD97
:10E600006FF00040FBE70148F9E700BF0100008020
:10E6100030B500234BF68034A04209D101FA03F54E
:10E62000B5F5707F04D10AB100231360054830BDF1
:10E630000133042BF0D10AB90020F8E74FF0FF3383
:10E640001360F9E7484306002DE9F84398464BF676
:10E650008033994204460D4616460ED045F6C05307
:10E6600099420AD0B1F57A5F07D042F6E063994249
:10E6700003D0B1F5FA5F40F09380731E012B00F2D6
:10E680008F80A8F50063012B04D940F60303984559
:10E6900040F0868030461BF0F7F800210246204605
:10E6A00023F04EFF002340F69802C4E9002304EB58
:10E6B00002094FF4FA514FF47A52C4E90521E2619C
:10E6C000142046F2A812C4E908020922C4E90B2367
:10E6D000C4E90266C4E90E332667C4F8BC60C4F816
:10E6E0009050C4F8B4302561A362E36432462946F1
:10E6F000484619F079FC0746002854D1024642F2F8
:10E7000020714846FFF700FCE26A40F6AA714846CD
:10E71000FFF7FAFB254BC4F8A430C4E91F33A36705
:10E72000C4F888304FF0FF33C4F88C306422D4F83A
:10E73000903093FBF2F2C4F8AC201822C4F8A82061
:10E74000754341F2883205F6B835C4F89C20FA22A8
:10E7500093FBF2F363674FF480434FF00109C4F871
:10E76000A050A4F8C03040F2514547F6FF73A4F81A
:10E77000C830C4E92599C4F86C80C4F884503C20A2
:10E780001AF0D4FB40F2E9330002C4F8C400C4F824
:10E79000F890C4F8DC30C4F8EC503846BDE8F88393
:10E7A0004FF0FF37F9E76FF00207F6E718FCFFFFBD
:10E7B0002DE9F74F92FBF1F647F6FF75322E324600
:10E7C0004FF0000EB8BF32221C46192313FB05F38D
:10E7D00093FBF2F3ED1ACB1E2DB272467746F44648
:10E7E0000193019B734500F1100079DC2068A36858
:10E7F0006168ACEB000CD21A3CFB05FC32FB05F265
:10E8000000EB4C0003EB420323EAE37320EAE070E1
:10E810008342A7EB0107A36037FB05F7B8BF0346A8
:10E8200001EB470121EAE171D22B2060616049DDF3
:10E830001AF02EFC05B2A0681AF02AFC0FFA80F933
:10E8400028461AF025FC074648461AF021FC15FB1D
:10E8500009F16368804605FB09F09842A8BF184695
:10E8600001316060FFF79CFE3FB20FFA88F8A7EB1A
:10E870000803002B4FEA204212FB02F2C2F1804053
:10E88000B8BF5B4247F6FF7515FB03F51AF000FCB5
:10E89000B4F90C20364991FBF6F17B1C434495FBFF
:10E8A000F3F510FB05F343F3CF339B1A93FBF6F319
:10E8B0001344B4F90E201BB20A449342A381B8BF9B
:10E8C0001346E381B4F90E30142010FB03F0B0F5C9
:10E8D000004FB4BF00B247F6FF7003B0BDE8F08F41
:10E8E00030F90C1C30F90A3C11FB01F811FB03F163
:10E8F0004FEAA808891013FB03F39B1030F910AC02
:10E9000030F90E9C1AFB0AFB1AFB09FA08EBAB085C
:10E9100001EBAA0119FB09F903EBA90330F908ACD3
:10E9200030F9069C1AFB0AFB1AFB09FA08EBAB0844
:10E9300001EBAA0119FB09F903EBA90330F904ACB7
:10E9400030F9029C1AFB0AFB1AFB09FA08EBAB0828
:10E9500001EBAA0119FB09F903EBA9030CEBA82CA5
:10E9600007EBA12702EBA3220EF1040E39E700BF4B
:10E9700071FDFFFF2DE9F04FA5B004AF0446D7F8B5
:10E98000A800F96140F2FC418142A8BF0146FB6248
:10E99000B2F1000B4FF00003BB633963C4F8943845
:10E9A00040F3A587002840F3A287012807D1D4F8B7
:10E9B00090200A2303FB0BF39A4200F09C87236804
:10E9C000E26EE3187B6340F603039A4218BF636F5D
:10E9D000786B08BF0023BB6207F13802D4F8A83077
:10E9E0007B6042F21F71FFF78FFA4FF0FF33C4F8DC
:10E9F0008C30236F022B5DD1A36F012B5AD0D4F83A
:10EA00009020F86904F580735946FFF7D1FE064659
:10EA100059463A6B20461AF098FED4F89430D4F850
:10EA20009090C4F8A000014699FBFBF8F3B90C20C4
:10EA300000FB09F2484392FBFBF202EBD27148BFA4
:10EA40000730491001EBE001386B91FBF2F1814294
:10EA5000A8BF0146012901FB02F2B8BF0121D20083
:10EA60000C20396392FBF0F2C4F8A0203A6B022A22
:10EA700036DDD4F8A0203A62396A182202FB08F287
:10EA800091422DDB3A6BB8F1310F08FB02F2BA600C
:10EA900000F3C980B2F5967F0EDBB1F5166F80F2F8
:10EAA000C280D4F8EC20D4F8DC000AB940F24D4220
:10EAB00020B30AE00026ABE7D4F8EC20D4F8DC0061
:10EAC000002AF5D1A0B140F24D42B8F1190F65D13D
:10EAD000B0F57A7F4FF0000540F090802E461EE0A2
:10EAE000D4F8EC20D4F8DC00002A4BD100283FD128
:10EAF000B8F1640F00F3848040F24D42B8F1100F7A
:10EB000077DCD7F8A830012B52D1B8F10C0F4FF0B9
:10EB10000005D4BF012600266DD14FF0190840F240
:10EB20004F439A42A8BF1A464FF47A70D4F8BC30CB
:10EB300041461AF0DAFDFB6A3043012E187070DD91
:10EB40003B6B022BB8BF02233B63FB6A02215D7063
:10EB5000D4F89430002B40F0D286D7E90B021BF09A
:10EB6000C4FC002800F05C816FF002033B6357E1B6
:10EB7000B8F1640FA7DD1546164640F2EA3040F2C0
:10EB80004D42D3E720B9B8F1640FB7DD054628E060
:10EB9000B8F1640F99DD0025284622E0B8F1100F86
:10EBA00015DCD7F8A830012BAFD0B0F57A7F07D1AC
:10EBB000B8F10A0FA9D1052503264FF03208AEE7B8
:10EBC0000326322393FBF8F54FF0320804E00025CA
:10EBD000B0F57A7F2E46A2D040F2EA33984214D1A3
:10EBE000304640F24E439A4219D0064640F2EA308F
:10EBF0009CE7002572E74FF0100890E70126E3E755
:10EC00000025284640F24D42EFE740F2E9339842B2
:10EC10008CD1B2F58A6FB8BF4FF48A6286E7064698
:10EC2000ABE7012194E7226F7A62E26A3A61A26A55
:10EC3000E16EBA61E26F796140F6B9318A4200F063
:10EC4000FB8040F6BA318A4200F0F880D4F88C504C
:10EC5000002DC0F2EA8040F247127969554340F630
:10EC6000010291424FEA252502D1732DA8BF7325D9
:10EC7000A26FFA6012F57A7F00F0E280D7F824A044
:10EC8000BAF1020F08BF92467969C4F8BCA040F6F9
:10EC90000302914240F0F78040F2EA32C4F8DC20EF
:10ECA000D4F8B0201AB140F2EA32C4F8DC20BAF14C
:10ECB000010FD4F8DC6040F06B81D4F8E420022A24
:10ECC00040F06681616C002940F0628140F2EA30D8
:10ECD000864200F05D81D4F8E010814200F0588156
:10ECE000C4F844A0C4F8BC20BA6902923A69CDE9DC
:10ECF00000624246D4F8BC10386A1AF08AFD40F22D
:10ED0000EA318E42D4E92032D4F8F880786100F0FC
:10ED10004281B8F1000F40F03E81616D002940F062
:10ED20003A81D4F8EC10914200F38D8113F57A7F8B
:10ED300040F08D81BA6843F69723B3EBC20F80F29F
:10ED4000D28145F6C053994515DCD4F8EC30B3F5C3
:10ED50008A6F40F399814FF48A63B9F57A5FC4F8FA
:10ED6000EC3008DC40F24F43C4F8EC3042F6E0638C
:10ED7000994540F39C817B68D7F8AC50786BAB42E7
:10ED8000A8BF2B461A4640F6C4711D46FFF7BCF8D3
:10ED9000D4F8DC3040F2EA329342D4F8B02040F0AC
:10EDA000C281D4F8EC307B62796A40F24E439942DA
:10EDB00000F0AE81002A40F0B081D4F890103223E8
:10EDC00091FBF3F35B4504DAD4F8DC20B2F57A7FEB
:10EDD00016D101EB4106322296FBF2F25A454FEA78
:10EDE000410C80F2CF81D4F8DC00B0F57A7F07D1F6
:10EDF00019209CFBF0FCDC4540F0B68191FBF0F360
:10EE0000D7F8C820CDE90252D7F8A8200192FA6AB3
:10EE10000092F9699BFBF3F220461AF08BFD3863F0
:10EE2000386B8437BD46BDE8F08F7A69B2F5006F64
:10EE300014BF302573251BE77F2519E7002517E749
:10EE40007A6A022A1CD1D4F8BC1045F6D81246F2D0
:10EE5000A81A022908BF9246BA6902923A69019239
:10EE600000220092D7E908013B6042461AF0D1FC2B
:10EE70003B688245ACBF4FF0010A4FF0020A03E73E
:10EE8000D7F824A000E7D4F8882012F57A7F7CD147
:10EE9000C6F5FF407F3000B24FF47A5C4FF47A42FF
:10EEA00048F6A04132FB00F231FB06F152003CFB78
:10EEB00006F6760002EB41023CFB00F006EB400652
:10EEC000921B05FB05F14A4306EBA2367A69B2F5BF
:10EED000006FD4F8E02040F2EA3108BF06F5FA5698
:10EEE0008A424DD1A6F57A66BA6902923A690192D0
:10EEF00000220092386A7B61424651461AF089FC32
:10EF000040F2EA328642C8BF4FF47A72C4F8DC207D
:10EF1000226B7B694AB1B969C5F18002B1EB221F4E
:10EF2000C4BF4FF47A72C4F8DC20D4F8B820A263CE
:10EF30002AB1642DC4BF4FF47A72C4F8DC2041F2C8
:10EF4000707142F22832B8F1320FD8BF0A460BFB7B
:10EF500002F24FEAC90192FBF1F2396B8A423FF7A4
:10EF60009BAED4F8DC2040F2EA318A423FF498AEFE
:10EF7000642299FBF2F25A45C8BFC4F8DC108FE650
:10EF8000002AC8BF06F57A66AEE7C4F8DC20E8E7D9
:10EF900000226264A8E6796A02295BD1F9687548A3
:10EFA000012975490CBF86468E46744874490CBFCA
:10EFB00084468C4605FB05F1396207F15001796200
:10EFC0008A4600205EF820105CF820506D1A396ADD
:10EFD0004D435EF82010013001EBA53508284AF8B2
:10EFE000045BEFD140F2514540F24D40796AD1E9DE
:10EFF00006CEB8F1000F06D1D4F8F010A942ACBF8C
:10F00000ACEB0E0CF44479698C4505DD796A013D61
:10F01000083985427962E9D1C4E93B55B8F1000F5E
:10F0200052D140F2EA318E421BD0A16DB9B9B5F58B
:10F030008A6F14DB40F24F41C4F8EC1040F24E41AD
:10F040008A423FF773AE13F57A7F08BF1346C4F8C0
:10F05000EC306FE6DFF81CE1DFF820C1AAE795424B
:10F0600062E6954206DC13F57A7F3FF46AAEC4F897
:10F07000EC3066E613F57A7FC4F8EC20F7D145F65C
:10F08000C05399453FF777AEB9F57A5F3FF773AE56
:10F09000D4F8EC30B3F58A6FBFF664AE42F6E062A6
:10F0A00091453FF768AE40F24F42934226D140F27D
:10F0B0004E43B9F5FA5FC4F8EC303FF75CAE40F26E
:10F0C0004D43C4F8EC3056E6954201DDC4F8EC201F
:10F0D00013F57A7F01D0C4F8EC3040F2EA339E4257
:10F0E0007FF428AE2DE6D4F8EC2040F24F439A424C
:10F0F000D4BFC4F8EC20C4F8EC30C0E7B9F5FA5F2F
:10F100003FF739AE40F24E4293427FF434AED6E739
:10F1100040F24F43C4F8EC301AB140F24D43C4F80A
:10F12000EC307B6249E61AB140F24D42C4F8EC2063
:10F13000D4F8EC207A62B3F57A7F08D1B2F58A6F01
:10F14000FFF63BAE40F2E933C4F8DC3035E640F27E
:10F15000E93293427FF431AE7B6AB3F58A6FBFF632
:10F160002CAE4FF47A73EFE796FBF0F65E4508BFDE
:10F17000134645E6DC4406009C440600FC440600B9
:10F18000BC4406003B6B013B1A463B62FB6A07F13D
:10F190005000591C19F0B2F9BB6A206FD4F8AC10BA
:10F1A0005B44BB6143435B00073323F00703ADEBD4
:10F1B000030DBB6AC91A414303FB00F20DF1100AAB
:10F1C0008831520004EB4101504623F091F93C2074
:10F1D00019F0ACFED4F8C43040F2D732C3EB0020B3
:10F1E00030FB0230C4F8C400001219F0B6FEE36E22
:10F1F000256FB3F5006F024640F00481B96A40F60E
:10F20000A71001FB05F610FB02F04FF47A71D4F859
:10F21000902092FBF1F26FF4EB7190FBF2F041431E
:10F2200001F18052C1F170414900C7E9121280FB1F
:10F23000001C090C01EB0C417A64A1F5000192114C
:10F2400082FB010C000C00EB0C40F86382FB020116
:10F25000020C02EB01420AEB46063A64CDE9006B70
:10F26000012DF86904F1CC0307F13C0207F14401D8
:10F2700040F0C580FBF7B2FF7B6A786BA3F24D4389
:10F28000032B96BFB84A1522D25642F21C71FEF7E4
:10F290003BFED4F8BC20786B42F21871FEF734FEC6
:10F2A000786B4FF0FF3240F6A271FEF72DFED4F8D6
:10F2B000DC30B3F57A7F28D0002240F6A671786B57
:10F2C000FEF722FEE26C786BB2FA82F2520952002B
:10F2D00042F21271FEF718FED4F8DC2040F2E93356
:10F2E0009A42D4F8943040F0EC8073B1D4F8A02066
:10F2F000636A786BD21A40F6A271FEF705FE00220F
:10F3000040F6B471786BFEF7FFFD256FD4F89000DE
:10F31000D4F8DC104FF4C87300FB05F292FBF3F253
:10F320005200D31D23F00703ADEB030D04ABB1F581
:10F330007A7FFB6114D0D4F8E030994210D0002BD2
:10F340000EDDD4F8AC30B96A591A884B90FBF3F053
:10F35000014469438831F86904EB410123F0C8F89E
:10F36000D4F8AC60BB69F31A6B43002B04F58870CA
:10F3700040F3BC80BB6AA6EB0B06F61A6E430BFB90
:10F3800005F176008831324604EB410123F0BEF8E6
:10F39000BA6906F588706A4352005146204423F04A
:10F3A000A7F8B4F9C8C047F6FF75AC4540F0A68091
:10F3B00047F6FF73D4F8DC60A4F8C83040F2E933B4
:10F3C0009E42D4F8FC2040F0F181D4F8BC30012BEF
:10F3D00000F0C581002A00F005817B6EFA6EB2FA5A
:10F3E00082F213443A6A0533B3EBC20F00F3108183
:10F3F0000C22002107F1500019F0ABF808E1FBF7EF
:10F4000043FF39E70922D4F8903093FBF2F3B3FAC3
:10F4100083F3C3F11F039BB20120984042103A616D
:10F42000BA6A02FB05F66A000AEB46062146BA6094
:10F430004FF0000845457FF71FAFFA694FF0000C09
:10F4400002EB4802FA60E146FA68D1F8CC0032F9E2
:10F450000C20C0EB8232386902EB000ED1F8CC00F0
:10F460004EFA03FE8644D1F8D000C1F8CCE0121A5F
:10F47000386900EB020ED1F8D00002F500524EFAC6
:10F4800003FE8644B2F1005FC1F8D0E04FEAA23E2D
:10F4900011DA374A964511DB0FFA8EFEBA6826F864
:10F4A0000CE009F10109CB459444CDD108F10108E4
:10F4B00002360831BEE747F6FF7EEFE7DFF8B0E03F
:10F4C000ECE7002B3FF421AF012240F6A671786BE8
:10F4D000FEF71AFDD4F89820786B40F6B471FEF769
:10F4E00013FDD4F8A02040F6A2710BE706FB05F24D
:10F4F0006FF00101520001FB03A150E7266FB86BCA
:10F50000D4F89030426B4068012E4BF6803191FB6D
:10F51000F3F190FBF1F04FEA41012BD0D6464FF0CA
:10F52000000840450EF1040E2ADDB2F9003013FB4D
:10F5300003F3DB1313FB05F9EB1A13FB0C933EF8F3
:10F54000049C43F3CF3313FB09F94FEAE9392EF852
:10F55000049C3EF8029C13FB09F3DB132EF8023CDB
:10F5600008F101080A44DCE7FA7D060070FEFFFF9F
:10F570000180FFFFAAF102084FF0000E704512DC77
:10F5800000FB06F30AEB43034FEA460E002547F65D
:10F59000FF7819468446E3451BDC0135AE4203F192
:10F5A0000203F6DC04E7B2F9003013FB03F3DB13CC
:10F5B00013FB05F9EB1A13FB0C9338F8029FDB13CE
:10F5C00013FB09F3DB13A8F800300EF1010E0A4417
:10F5D000D4E70A8818FB02F2D2130A800CF1010C5E
:10F5E0007144D8E7236F022B7FF4F7AEB4F9C05013
:10F5F000E26DB5F5804FC0F2F180B2F5804FC0F2F8
:10F60000CD8040F2E9318E427B6EFA6E3FF4E7AE78
:10F61000D4F8DC3040F2EA3200269342C4F8F460B9
:10F6200000F04E81B3F57A7F40F04981FD6E7B6E2C
:10F63000B5FA85F51D4407F15000193D19F014F88D
:10F64000ED10A8461126D4F8DC20786B40F2E9339F
:10F650009A4201BF636E7B64A36EBB640CBF07F16B
:10F660004402002242F22C71FEF74EFC3246786BC7
:10F6700042F21A71FEF748FCD4F8DC20B2F57A7F2A
:10F680003ED0D4F8E0309A421CD0002B1ADD40F670
:10F69000BC71786BFEF738FC00260223D4F890107A
:10F6A000CDE900364FF4C872786B91FBF2F207F1A6
:10F6B0004403F969FCF7E2FD786B324642F21271BD
:10F6C000FEF722FCFB6E7A6EB3FA83F3C3F12003DC
:10F6D000D21AB2EBC80F13DCD4F89420786B40F642
:10F6E000A671FEF711FC07F15003CDE900835A46DD
:10F6F000786B00235146FCF7C1FD051EFFF634AAC6
:10F70000D4F8BC30D4F890107A6AD4F8DC0091FBBD
:10F71000FBF119F0EAFFFB6A796E1870FB6EC4F812
:10F720009438B3FA83F3C3F12003D4F8BC20D4F89F
:10F73000DC00C4F8E000C91A3B6AC4E9392BB1EB1C
:10F74000C30F4FF00002C4F8F82040F3C280FB6AF8
:10F7500001255A70C4F89428691CFFF7F9B9796932
:10F7600045F6C0539942B8BF1946A1F5BB43403B8B
:10F770005B00B3F5804FA8BF4FF48043E365002AD8
:10F780007FF43FAF236F022B22D1B4F9C050E26D5A
:10F79000B5F5804F22DBB2F5804F19DAB5F5804F11
:10F7A0000FFA82FC1CD147F6FF751CE0796945F61B
:10F7B000C0539942B8BF1946A1F5BB43403B5B001B
:10F7C000B3F5804FA8BF4FF48043E365002AD9D03A
:10F7D00040F2EA339E423FF41BAF12E70FFA82FC7D
:10F7E00045F30E056D00BCF5804F18BF42F30E02C5
:10F7F000BB6BD4F89010D3F8348047F6FF7914BF70
:10F80000520047F6FF72A9EB0505A9EB02024BF681
:10F8100080302DB290FBF1F012B2596891FBF0F1FB
:10F82000400038617D61BA6250464FF0000E71456C
:10F8300000F104000ADC21EAE1710AEB81008B454A
:10F8400000F1040027DCA4F8C0C0C1E7B8F900301B
:10F8500013FB03F3DB13BA6A13FB02F57A69A9EB16
:10F86000030313FB025330F9045C30F9022CBA6134
:10F87000AA1A5210DB1313FB02F3BA69C3F3CF3396
:10F88000ED1A134420F8023C3B6920F8045C0EF1A9
:10F89000010E9844CBE730F9045C30F902ECBA6A07
:10F8A000A5EB0E035B1012FB03F3C3F3CF33ED1A8A
:10F8B000734420F8045C20F8023C0131BFE71126B4
:10F8C000396A07F1500018F0C1FE0025D7F82080F2
:10F8D000B9E6B0F57A7F7FF43FAF022D7FF73CAFFA
:10F8E000FB6A5B5D002B7FF437AF013DF5E74FF01E
:10F8F000FF33FFF73BB96FF00103FFF737B9396307
:10F90000FFF78EBAF0B516468BB0D0F890200446BB
:10F910000D46D0F89C1030461F4619F0C0FF00235A
:10F920000B4908930791216F06916FF00101CDE912
:10F93000043110230193109B00930246CDE9025637
:10F940003B4629462046FFF715F80BB0F0BD00BF37
:10F950008D9705000EB433B505AB056853F8041B4D
:10F960000193B1F57D6F0446054438DAB1F57A6F3D
:10F970004ADBA1F57A612F2946D8DFE811F059005A
:10F98000700079009300B900D20042014F01DB0002
:10F99000EE00090116011E0126012E013901F700B2
:10F9A00000014500450063016D01A000B100770131
:10F9B000850145008E011202A6014500B0014500F7
:10F9C000450045004500BA01C90145004500D30185
:10F9D000E201EC01F50145004500FE01080242F696
:10F9E000FA22914200F0058211DC42F22872914223
:10F9F00000F00D8242F22A72914200F00F8242F230
:10FA00001F72914200F00E826FF0040022E042F675
:10FA10000A32914200F00C8142F60B329142F3D14E
:10FA200004330193069B002B57D0D0F88C201DE0A7
:10FA3000019B1B68A3F50062012A03D940F603026B
:10FA400093424AD1D4F8F82012B9E26E9A4244D1D6
:10FA5000E366002002B0BDE8304003B07047019B70
:10FA60001A1D1B680192002B37D0C26E1A60F0E796
:10FA7000019B1A1D1B68019213F57A7F0CD0581C4C
:10FA80000AD0002B29DDB3F5FA7F08DD226F9F49EC
:10FA90004A439342A8BF1346C4F8A430D9E74FF4B1
:10FAA000FA73F9E7019B1D681A1D0192ADB1D0F8F8
:10FAB000E81040F2FC4219F048FE2860C9E7019BBB
:10FAC0001A1D1B680192002B04DD026F9A4204DBB1
:10FAD000A367BEE713F57A7FFAD04FF0FF30B9E79E
:10FAE000019B1A1D1B680192002BF6D0826FBDE7A7
:10FAF000019B1A1D1B680192A3F24D42042AECD807
:10FB0000C0F8843040F24D42934203D14FF4FA538F
:10FB100063619EE740F24E42934218D142F6E063A1
:10FB2000F6E7019B1A1D1B680192002BD5D0D0F877
:10FB300084209BE7019B1A1D1B680192A3F24D4292
:10FB4000042A07D913F57A7FC7D1C0F880304FF463
:10FB50007A53DDE7C0F88030D4E7019B1A1D1B689B
:10FB60000192002BB9D0D0F8EC207FE7019B1A1D41
:10FB70001B680192012BB0D8C0F8B83069E7019B2F
:10FB80001A1D1B680192002BA7D0D0F8B8206DE792
:10FB9000019B1A1D01921A680A2A9ED8C26240F679
:10FBA000AA712846FEF7B0F953E7019B1A1D1B689E
:10FBB0000192002B91D0C26A58E7019B1A1D1B6865
:10FBC0000192012B89D8036343E7019B1A1D1B682F
:10FBD0000192002B81D0026B48E7019B1A1D019214
:10FBE0001A68642A3FF679AF826240F6AE71D8E7B0
:10FBF000019B1A1D1B680192002B3FF46EAF826AB5
:10FC000034E7019B1A1D1B680192012B3FF665AF7B
:10FC1000C0F89430C3F10103C3631AE7019B1A1DB6
:10FC20001B680192002B3FF458AFD0F894201DE7D9
:10FC300004330193069B5A1C652A3FF64EAFC0F869
:10FC40008C3006E7019B1A1D1B680192012B3FF6C1
:10FC500044AFC0F89830FCE6019B1A1D1B68019266
:10FC6000002B3FF43AAFD0F89820FFE6019B1A1D15
:10FC70001B68019213F57A7F04D0A3F6B932012AEA
:10FC80003FF62BAFE367E4E6019B1A1D1B68019268
:10FC9000002B3FF422AFC26FE8E6019B1A1D0192D0
:10FCA0001A68002A3FF419AFD0F890304FF4C871A9
:10FCB00093FBF1F31360C06E40F6030188423FF4FA
:10FCC000C8AE616F0B441360C3E6019B1A1D1B682D
:10FCD0000192002B3FF401AFD0F89020C6E6019BC3
:10FCE0001A1D1B680192002B3FF4F7AED0F8942840
:10FCF000BCE6019B1A1D1B680192A3F10802102AA1
:10FD00003FF6EBAEC0F8A830A3E600BFE0930400D6
:10FD1000019B1A1D1B680192002B3FF4DEAED0F848
:10FD2000A820A3E6019B1A1D01921A68A2F59C5314
:10FD3000083B092B3FF6D1AEC0F89C2040F6C871B5
:10FD40002FE7019B1A1D1B680192002B3FF4C5AEE3
:10FD5000D0F89C208AE6019B1A1D1B680192012B9A
:10FD60003FF6BBAEC36474E6019B1A1D1B6801928B
:10FD7000002B3FF4B2AEC26C78E6019B1A1D0192D3
:10FD80001A68012A3FF6A9AE40F6CE7109E7019B39
:10FD90001A1D01921A68002A3FF49FAE40F6CF71F7
:10FDA000FFE640F2DC720021BC3022F0C9FB40F6D5
:10FDB000BC712846FEF7A8F8236FC4F8BC304FF496
:10FDC0008043A4F8C03047F6FF73A4F8C83001237D
:10FDD000C4F8F83040F2E933C4F8DC3040F2514363
:10FDE000C4F8EC303C2019F0A1F80002C4F8C400BB
:10FDF0002FE604330193069BA3F57A72022A03D9F6
:10FE000013F57A7F7FF469AEC4F8883021E6069A4C
:10FE1000C0F8B0202846FEF777F81BE6069AC0F82F
:10FE2000FC20F7E7069A04330193002AF2D154E646
:10FE30004B420B40B3FA83F30246C3F1200010B5E6
:10FE400021FA00F0074CC3F11F0354F8200022FAF6
:10FE500003F3A0FB033000FB1122914298BF013055
:10FE600010BD00BF444106002DE9F04F9BB002AF2A
:10FE700001EBD171B7F990407A623C624C10BC63DF
:10FE80007C6AD7F88C2004EBD4746410BC62D7F879
:10FE90008840246803EBD37304EBD47464105B10C4
:10FEA0007B63B4EB610F21F0010300EB0305A4BFFA
:10FEB000BB6B03F1FF34D7F888301C60BB6B9B0031
:10FEC0000B3323F00703ADEB030D02EBD27263009B
:10FED000FB61521007F148037A61019307F14C036B
:10FEE00000937B6B29460DF1080BA5EB44022846D5
:10FEF00019F0D3FDFB6C3B64CBF800307B6B05EB5A
:10FF000043063B6C0121BA6B914240F3E2805BF8FF
:10FF100024307B64BB6CFB631846D7E9101219F0E0
:10FF200040FEBB6A38635B003B61BB6AF86203EB6F
:10FF30004303BB6145F69A1313FB00F3DB13FB602D
:10FF4000A24647F23333022613FB00F3BB60FB6982
:10FF500071009819FFF76CFFBB6A834280466EDC24
:10FF6000022E40F0C680BB6B04EB00099945C8BF68
:10FF7000A14607F15003019307F148036FF0010117
:10FF8000009301FB09527B6B01FB0851284619F0D5
:10FF900084FDBB6C3A6D5BF8291013445BF8282094
:10FFA0000A445B104FEA6209396CBB644A46184642
:10FFB0007B6019F0F6FD7B69A8EB0302511C022956
:10FFC0007B6840F2A0800232042A00F29E8006FB89
:10FFD00006F202EB8202A24280F297803A6A511046
:10FFE000FA6842F2656C521A6245D7F818C0CCBF65
:10FFF00012B242F26662C44540F38980D7F830C03D
:020000024000BC
:1000000046F6CD4212FB0CF2C1EBE23243F2323142
:100010008A4240F38A8012B2824206F101067A6C6B
:10002000B8BF4A467A64B8BFC246FA6BB8BF1A4630
:10003000FB6AFA63B8BF0346102EFB6287D1FB6BE5
:1000400023EAE3707B6C984272DA19460131FEF7BD
:10005000A7FA00146FF00102CAF1010302FB0AF2D1
:1000600007F154065B00043A002105EB030C0C4633
:10007000D7F834E0A6455EDC023B9A4246F8041B02
:10008000F2D1D7E91523F96D8E1A9C1A45F69A1507
:1000900034FB05F4B6EB440F55DC521A5B1A33FB04
:1000A00005F3B2EB430FCCBF4FF0FF330023D7F87B
:1000B0008820796A03EB4A038B42ACBF136011605E
:1000C000FB6A8342A8BF034618B26437BD46BDE849
:1000D000F08F30F9022D12FB02F21A4436F9023D7C
:1000E00013FB03F3D31A23EAE3724BF82120013107
:1000F00009E7164B53F82600604306EB4000FFF774
:1001000097FE814635E7396A6AE7002168E7D7F844
:1001100010C0C44580DDBA68C1EBE232B2F5804F51
:10012000BFF679AF4FF4804276E743F2333273E79C
:1001300047F6FF708EE735F814E03CF9028B1EFBA2
:100140000811013494E70123B1E700BF1C45060004
:100150002DE9F04F8FB0DDE91F450893BDF98430DC
:1001600009930023CDE90C331A9B0692199A1D9F1F
:10017000039102339342824604DA03222946384629
:1001800018F0E7F90DBB7C4B33F9143004937B4B2B
:1001900033F9143000931E9B039A039D03EB430332
:1001A0000793069B9B1A1E9A5343A3EB8303019369
:1001B00000230293069B9D420CDB229B0298002B9E
:1001C00018BF00200FB0BDE8F08F41F23333049325
:1001D0000023DFE70DF1300B4FF00008DAF80830AC
:1001E000089A5BF8046B03FB085332F91310189A52
:1001F00032F91330624A9A42B8BF1A4605920598FE
:10020000009A12FB00F4803424120998C4EBC11444
:10021000A41B1B1A04F5803213F5E04F4FEA62422B
:10022000B8BF584B0B92A8BF1BB2002A09DA8B4209
:1002300007DD5B1A02EBA322002ACABF00230B9240
:100240000B93FB697A69DDF82C90B3FA83F3C3F161
:100250002003D21A199B9A1A019BD118039B9D4225
:100260000AD0172908DC4B46012BA8BF01230F2910
:10027000D8BF43EAE3730B93229B2BB1012DC2BF7E
:100280000B9B03EAE3730B930E2A54DD1B9B1B9914
:10029000142D2A46A8BF142203EB420311F81220A2
:1002A0005B78D2019B010BA9384618F0FBFD0B9936
:1002B0003548DAF80830403400EA812003FB08535F
:1002C000C0EBE4101C9CA9EB010924F81300B9F160
:1002D000000F029B05982D4CB8BFC9F100094B4493
:1002E0000293009B13FB00F3803306EB232303EB05
:1002F0004143A342DAF80800B8BF234600FB085088
:10030000189C4033DB118A0224F810301212049B2F
:1003100013FB02F21E9B06EB414608F10108B61AD8
:1003200043454BF8046C3FF759AF019B079A1344C0
:10033000013501933EE7012A10DD0B98144A01288C
:100340000146A8BF012141EAE1710B91490081EA10
:10035000E0710223384618F008F9A8E708D10B9994
:1003600001EAE1710B913846494218F0F2F89EE734
:100370004FF0FF330B939AE7FE73060006740600F6
:1003800000DCFFFF0090FFFF00FCFF030000C8FF40
:10039000FE7D06002DE9F04FB1B00CAFC7E9082390
:1003A000D7E936521268BA603A6AF962D7E9324B35
:1003B0008146A2EB0108002D40F02081D7F8E02013
:1003C0005AB9B9680BFB08F2B1EB420F05DDD7F85B
:1003D000D4108A42ACBF002501250022D9F808605C
:1003E00094469646D7F8B810F86A01EB420AD7F857
:1003F000BC1001EB4201B9627B6A834200F30081C9
:100400000EF1010EF3453244ECDCE3696269B3FAA4
:1004100083F3C3F12003D31A4FEAAC3AD7F8C020D4
:100420007B62BAF1C80F03F10303A8BF4FF0C80AFB
:10043000934284BF0025C7F8E050B8F10A0F40F39B
:10044000EC80D7F8D4304FEAC318B8F5804FA8BF76
:100450004FF480480FFA88F8D7F8E830A646002B0A
:10046000BEE80F0007F1300CACE80F00BEE80F004B
:10047000ACE80F009EE80F008CE80F000BFB06F2C3
:10048000A369BB614FEA420202F1070323F00703AD
:10049000ADEB030D0CA9B962ADEB030D0CABD7F8B6
:1004A000BC10B86AFB6118BF4FF4406822F020F816
:1004B000D7F8D020542353437B61D7F8E0302B4347
:1004C0003B611FD0D7F8E8300594CDE90983CDE929
:1004D00006B201230893FB6904937A69654B1344C0
:1004E00003937B6A0293D7F8C0300193BB6A0093F1
:1004F000D7F8B8303A6AF96A4846FFF729FE3861FA
:10050000002D66D12046FDF7A3FF254678600FCD6C
:1005100007F160060FC60FCD0FC695E80F0086E8FD
:100520000F00BA692368A6691344B61AFB60F31D6D
:1005300023F00703ADEB030D0CABF968BB6132464A
:10054000184621F0D5FF07F1300CBCE80F00A64695
:10055000AEE80F00BCE80F00AEE80F009CE80F000B
:1005600085E80F00D7F8E830CDE909830023089328
:10057000D7F8D0300594CDE906B3D7F8C43004934A
:100580007A693D4B1A4403927B6A0293D7F8C030D4
:100590000193D7F8BC300093D7F8B8303A6AF96ABB
:1005A0004846FFF7D5FDD7F8E030002B4BD03B692C
:1005B000834235DA07F160050FCD0FC40FCD0FC4AC
:1005C00095E80F0084E80F00B969F868324621F019
:1005D0008FFFD9F80820B96AD7F8BC0002FB0BF2EC
:1005E000520021F085FFD9F80820F969D7F8C40036
:1005F00002FB0BF2520021F07BFF33E00125ECE619
:100600003AF910100B46B96A31F91010C910C1EB54
:10061000E301013011FB01CCEEE64FF480481BE70B
:1006200011D12046FDF714FFD7F8C020D7F8E430E9
:100630005343BA6853434FEA4B22B3FBF2F37A6851
:1006400003449342B6DCD7F8D0200C4B33F9123078
:10065000D7F8DC2013FB03F31268DB1332FB03F241
:100660000AEB420AD7F8DC309437C3F800A0BD4645
:10067000BDE8F08F2B7E0600017E060006740600A2
:100680002DE9F74FCDE900230C9E00244FF6872C6F
:100690004EF69F3E43F682584FF44847DFF8C0902D
:1006A00000258D420ADB0A46009B9A4250DB0D9BD7
:1006B00001349C42F2DB03B0BDE8F08F836803FB9A
:1006C000045B019B53F82B30002B3FD0B3FA83FA25
:1006D000CAF11F0292B20F2A8DBF0F3AC2F10F0268
:1006E000934043FA02F293BF03F5804302F5804240
:1006F00013B21BB213FB0CF2D21302F6F11213FB6E
:1007000002F20EEBE23213FB02F208EBE23213FBD1
:1007100002F3DB13A3F5D453093B43F30B13CAF1E4
:10072000120A03EB8A231BB219F9012B92B2A3EB35
:10073000821326F81B30836803FB0453013536F817
:10074000132002F5006226F81320AAE7054BEBE719
:10075000836803FB0423013226F81370A4E700BF6B
:10076000517F06000180FFFFB1F5807F10B5024682
:1007700002D9B0FBF1F010BD4B420B40B3FA83F34A
:10078000C3F12004C3F11F03D84021FA04F4054B40
:1007900053F82430A3FB003000FB1122914298BF94
:1007A0000130E8E7444106002DE9F04F93B000AF77
:1007B000D0F808A0BB61D7F880307A63072B0246D7
:1007C000D4BF00220122D200FA61002BACBFC2EBE1
:1007D00003025242D7F89430F863022B8B46BA6377
:1007E00040F0B6807B6BB84A5B1A12F80380BB6B93
:1007F0004345C0F2AD80A3EB0802072AD4BF002313
:100800000123D900A2EBC3033963BB634FEA8A0318
:10081000073323F00703ADEB030DC7F844D0ADEB6E
:10082000030DC7F828D0ADEB030DC7F82CD0ADEB06
:10083000030DD7F89430D7F89810DB003B647B6F3A
:10084000053B5D1A7B6B6C465A465E1E01F1030C3C
:100850007B6B9A42FB6B7FDB9B6A3B6203F1FF3C45
:10086000012101EB0C00401000227D6B0AFB00FE11
:1008700016465D4505F1FF3300F39D80BB6B934247
:10088000B4BF00F1FF3C411C6145EADD01F1FF3CD2
:100890000AFB0CFEF244C7F824B05D467B6B9D4218
:1008A000C0F2C480D7F89430012BD4BF00230123B9
:1008B0003B62D7F89830DB007B614FF0400C062399
:1008C00000260CEB060100247A6B49102046934564
:1008D00002F1FF35C0F2FA80BA6B8242B4BF8C4697
:1008E0000E46013BEDD17A6B1C46934502F1FF3079
:1008F000C0F210814FEA4B037A6B3B61D7F8883026
:100900007A6403EB8203BB623B6C0833FB606E4B83
:10091000A3EB0B03BB607B6C03F1FF395B00BB6196
:100920007B6A4B45BB6BC0F22081FA691344BB6301
:10093000B8F1000F40F09B81BB6FBBF1000FC3F813
:100940000080C0F2CD81BB6B3A6B1344BB63AAE15C
:1009500000233B63984659E79B6903EB420133F957
:100960001230B1F90210C91AD7F8983001EB4100E2
:1009700098403B6C40F35B009842B8BF1846D7F8EC
:1009800094308146D7F898004B43A6EB020E814085
:100990006B4301290EFB03F308BF396C03FA0CF318
:1009A0004FEAA31308BF5B1AF96A44F8223041F8F2
:1009B000229001324CE7FD6BAD6905EB430935F937
:1009C0001350B9F90290A9EB0509D7F8945005FB2B
:1009D00009F9FD6BED6A7544ED5C05FB09F9D7F883
:1009E000985009FA05F94FEAA909B9F1000FC2BFF9
:1009F00054F823504D4425EAE579BD6955F8235054
:100A0000A944FD6A55F823504D4500DD4EB13D6FB8
:100A100055F82360B145D4BF4A44921901261D46BA
:100A200027E73D6C4D45D8BF5219F8E7FB6B9B6932
:100A300003EB450233F91530B2F90220D21AD7F888
:100A400094305A43FB6BDB6A03EB0E00465DD7F82C
:100A5000980056438640386A8842CBBF53443B6F68
:100A60005B5D53F82530C4BF5343D7F898204FEA55
:100A7000A606C4BF93409B10002EC2BF54F8252089
:100A8000921922EAE276002BC8BF54F82500BA6911
:100A9000C8BF1B1852F82520786AC8BF23EAE37341
:100AA000BCF1000FC8BFB6181344002AC8BF2846BF
:100AB0007A6C786242F825609B1BBA6A23EAE3737A
:100AC00042F825300135E9E66A7F0600BA6AD7F8B0
:100AD00044E052F825205EF825E04A430EEBA212CE
:100AE000D7F82CE05EF825E0C7F818E0724500DA88
:100AF0004CB13C6F54F82540A242D4BF8018001975
:100B000001242A46E3E6D7F840E09645DCBF72466A
:100B10008018F6E7BA6A796C52F8202051F8201054
:100B2000724301EBA212F96A51F820108A4212DADC
:100B300023B9396C9142C8BF00210A46396F51F878
:100B400020108A42A8BF0A46D7F88810144441F8FA
:100B500020200246C9E60123F0E70023BA6AC7F85D
:100B6000449042F8043DBA62D5E61E1BFB6BD3F8F5
:100B700018A0BB693AF903503B693AF903207A603F
:100B8000A91A3046FFF7F0FD3AF919307A68ED1AE4
:100B900000FB11669B1AF61ABB6AFA6853F8043C0C
:100BA00005FB003AFB6A53F82930002EA8BFB24477
:100BB0009342B8BF13469A4537DBD7F8A030002BD5
:100BC00045D07B6C112B25DDD7F8A4304B45CCBF2D
:100BD00007230923796C0BF1020291420BDD5D437F
:100BE000D7F898309D4045F35B05AA4514DDD7F84A
:100BF000A8304B4510DB0122D7F89C00114617F0B6
:100C0000A8FCB8F1000F35D1BB6FBBF1000FC3F8E2
:100C1000008044E00023DDE7D7F89C00012200219A
:100C200017F097FC0834AAF1080ABB6A53F8043C91
:100C30004344E31AB8F1000F02D0BA6812F80980F1
:100C400003EB08043B6C534587DC1C4486E7D7F86C
:100C50009C00012117F08DFB0028E3D0B8F1000FB4
:100C600025D1BB6FBBF1000FC3F800802BE0D7F894
:100C7000A030E3B1BB6F796C1B68D7F89C00994238
:100C8000A8BF1946BB6F19607B6C5A1CA2EB0B0204
:100C9000A1EB0B0117F0B8FCBB6F1B689B45BFF6BF
:100CA00052AE3B6B1BBBFA6F0023136026E07B6CDC
:100CB000D7F89C00591CA1EB0B0117F09BFBBB6FF5
:100CC000584418608345BFF63EAE3B6B002BEAD01C
:100CD000D7F89C00012117F04CFBFB6F18600DE06A
:100CE0003B6B002BDFD0D7F8A030002BF0D0FB6F90
:100CF000D7F89C001968012217F02BFCBB6BBA696E
:100D00001C1BFB6B9B69995E33F91B302046C91A8B
:100D1000FFF72AFDD7F8883003EB8B0900FB114160
:100D20004FEA8B0C4C465B467A6C9A422EDC4C4662
:100D300058467B6C834239DCD7F88C3003EB0C06C9
:100D40003B6A0333D8464FF0000A3B637B6C434554
:100D50003FDC7A6CA3EB0B039345C8BF0023D7F8A5
:100D60008420C2F800A0D7F888205B4402EB8300FF
:100D7000D7F88C20002402EB83017A6B9A4200F3AF
:100D8000E480786C4C37BD46BDE8F08FFD6B22687F
:100D9000AE6906EB430536F91360B5F90250AD1B99
:100DA00000FB052244F8042B0133BDE7FB6B9B6974
:100DB00003EB400233F91030B2F90220D21A8A4212
:100DC0002368A8BF0A46134444F8043B891A01303B
:100DD000AFE7FB6BD9F800009B6903EB480233F9DE
:100DE0001830B2F902C0ACEB030CD7F898300CFA0B
:100DF00003FCBCF1010F4FEA4805504440F39680D4
:100E00003B6F53F82840D7F89430041B24EAE4746D
:100E1000001B022BC9F800000CFB03F17DD1BCF1D3
:100E2000020F7AD0FB6F1B68002B76D1BB6F1B685B
:100E30009845ACBF002301231944FB6B1A6B535F29
:100E40007A6913446FF0140202FB01F54B43CA00A8
:100E5000BCF1020F05EB630508BF05EBA20500EB33
:100E6000050CBCEB011FBA634FEA410257DA05EBF0
:100E7000A305284400EB810020EAE070FFF774FC32
:100E8000C0083060D7F89420D9F800305043B0EB58
:100E9000E30FC1BF3A6A1341DB1033603368BA6BAA
:100EA000082BA8BF082333605343D9F8002015440A
:100EB000AB42D7F89020B4BF0023012342F828307A
:100EC000D7F8942033685A43D9F80030A3EBC20313
:100ED000C9F80030D4B132683B6BC2F1080144FA62
:100EE00003F38B42A8BF0B461A443260D7F8942014
:100EF000D7F890105343A4EB0A0ABAEBC30FD4BF40
:100F00000122002241F82820A4EBC30408F10108C3
:100F1000043609F10409A24618E700238CE70A44C5
:100F2000BCEBC20FB8BF05EBE305A2E73B6CC41AEC
:100F300024EAE4740023001BC9F800003360D7F8EA
:100F40009030012243F82820C4E702683D6A2A4114
:100F5000D2100A6040F8044B51F8042BD7F8905097
:100F6000002ACCBF0022012245F82320013304E7E8
:100F70004B420B40B3FA83F30246C3F1200010B595
:100F800021FA00F0074CC3F11F0354F8200022FAA5
:100F900003F3A0FB033000FB1122914298BF013004
:100FA00010BD00BF444106002DE9F04F85B01E463C
:100FB0000292DDE90E23B1EB420F83460C4651DD70
:100FC000002B4FD047F6FF79013B19FB01F7384959
:100FD00051F8230000FB024018F096F887FB003020
:100FE000DB0F43EA400313FB03F31F143846FDF7FE
:100FF000ABFA8046A9EB0700FDF7A6FAB4EBC60FE3
:10100000814632DBB11001231F46013303FB07F297
:1010100006FB02129442F7DCB6F5807F27D9B4FBB9
:10102000F6F4C9F100031BB24FEA440A002503930A
:10103000AE4217DD029B002B1FDA3FB1CDF80080D6
:101040004B463A462146584619F0A8FA5846CDF87C
:101050000090434601222146013519F09FFAB5421E
:10106000D344EADB05B0BDE8F08F0027D4E7204683
:101070003146FFF77DFF0446D3E7039B009301222F
:1010800043462146584619F089FA01356FB1C8F137
:1010900000031BB2009358464B463A46214619F0CE
:1010A0007DFAAE42D344E8DCDCE7D344C0E700BFBE
:1010B0005C450600014B1B68184700BF640A00200E
:1010C000014B1860704700BF640A002030B585B03E
:1010D00004460D4610220021684621F031FA022311
:1010E0008DF802302A46044B01932146684614F0DD
:1010F0006BFA05B030BD00BFB510040080B50546E1
:101100000E461746984610F059FF034621F02EFA76
:10111000DFF81890044649F8003042463046394618
:10112000A84754F8090001F055FF00BF080000006F
:101130002DE9F047058B04462807904611D4022973
:1011400005F0070540F0CD80204619F0EAFE78B1A1
:101150000138218B042811D8DFE800F0C3106D8519
:10116000950001290CBF45F0100545F020052583A9
:1011700088F31188BFF36F8FBDE8F08701F0070A8D
:10118000AA4500F0A6800027B9463E46A368002B7A
:1011900000F0BD8041F00801218388F31188BFF37E
:1011A0006F8FA168002900F0BB800D68002900F056
:1011B000B780D1F80480334652462046C047002D00
:1011C00076D02B6829461D46F0E701F007035A1F29
:1011D000012A1BD8002221F00701062B276889B2BB
:1011E000C4E9002209D13B4603E0628B01326283ED
:1011F0001B68002BF9D141F002012183204619F030
:1012000090FE00287BD041F0200177E0042B0AD12A
:1012100021F0070189B22183204619F082FE10B126
:1012200041F020012183218B01F0070AAA4550D00B
:101230000027B946AAE7236921F0070141F006011A
:10124000062DD3F8009021832DD1B9F1000F40D0A5
:1012500041F00801218388F31188BFF36F8F3A4969
:101260002046C84729E021F00701236941F0040125
:1012700089B2042DD3F804902183E6D000273E469E
:101280004FF0040A82E721F00701236941F00501CC
:1012900089B2052DD3F808902183D6D000273E4689
:1012A0004FF0050A72E700273E464FF0060A6DE749
:1012B0002B4687E7B9F1000FD1D14FF04003EFF390
:1012C000118883F31288BFF36F8F238B23F00803F9
:1012D0002383258BEA062ED525F01003238305F002
:1012E00007056669218B002EBFF66FAF00232768C4
:1012F000C4E9003321F0070141F001012183218B72
:1013000001F0070AAA454FF000097FF43FAF002F14
:101310009BD041F00801218388F31188BFF36F8FC0
:10132000002FC7D03D68394633465246204619F053
:1013300024FE2F46F4E7AB067FF51AAF25F0200315
:10134000238305F00705FFE6A7AF050008B50446AF
:101350004FF04002EFF3118382F31288BFF36F8FD7
:1013600009F060FE204601F0DFFD034819F0E6FBBE
:1013700001F0D0FAFCE700BF937F06000CF0B4BB8D
:10138000F0B40C4B0C4E5F6A0C4BB34203D36FF0BE
:101390008500F0BC70475D68BD4209D31C693CB153
:1013A00095F802C00579AC4502D12346F0BC184738
:1013B0002433EAE7BC64002008160020E41500206E
:1013C0002DE9F047134CDFF85080DFF850900546C8
:1013D0000E461746444503D36FF08500BDE8F087FD
:1013E0006268D9F824309A4212D3A36983B1907805
:1013F0002979884205D13A4631462846BDE8F0476A
:1014000018475279012A03D13A463146284698476F
:101410002434DFE7E415002008160020BC64002017
:101420002DE9F0410B4CDFF8308005460E4617469B
:10143000444502D36FF0850009E063690BB9243499
:10144000F6E73A463146284698470028F7D1BDE8E6
:10145000F08100BFE41500200816002010B50446F6
:101460001CF0B2FF10F1780F00D050B9054A2046A9
:1014700019F036FFD2F8C43023EA0003C2F8C430B2
:10148000002010BDBC640020024B00221A605A608C
:10149000704700BF7765002070B50B4B0B4CA34223
:1014A00001D3002070BD196A1E7F00220439D5B215
:1014B000AE4201D82433F2E7013211F832508542AE
:1014C000F5D10120EEE700BFE4150020081600204A
:1014D00008B509480378C3F341130A3350F82330A1
:1014E0003BB100F1080200F110019847C043C00F62
:1014F00008BD1846FCE700BFBC64002004282DE9A5
:10150000F14FDFF8989004460F4616D001282DD1F0
:10151000DFF88C8098F8B93043B300F009FE214D14
:101520004D4520D2D5F820B04FF0000A2B7F5FFA4E
:101530008AF6B34204D82435F2E7FFF7A5FFE7E7C0
:101540000BEBC6060AF1010A30791CF03DFF02469A
:10155000307919F0C5FED8F8C430002A23EA000318
:10156000C8F8C430E2DA002388F8B9300D4D4D4593
:1015700008D30B4B1B6A6BB13946204601B0BDE85E
:10158000F04F1847EB681BB13A462146284698476A
:101590002435ECE701B0BDE8F08F00BF081600204D
:1015A000BC640020E415002073B5C4B263060D4688
:1015B0008DF8074007D02046FFF76EFF78B10D4B3E
:1015C00093F8BA0058B10B4E204655B107F046F8D3
:1015D000F3691BB10DF1070108209847012002B003
:1015E00070BD07F063F8F369002BF7D00DF1070128
:1015F0000920F2E7BC64002073B586788DF800609E
:10160000037942791C4C43EA0223ADF80230C378D7
:10161000304603F003038DF8043019F061FED4F86E
:10162000C430184205460BD0304600F063FD30460A
:10163000FFF714FF20F0EDF910B9962010F0A4FC8C
:10164000684606F0E7FF10F1780F03D010B10020D4
:1016500002B070BD9DF8000007F064F810F1780F3B
:1016600001D00028F3D1D4F8C43001202B4384F8F2
:10167000B900C4F8C430EBE7BC6400202DE9F047A2
:10168000A34EB36904460F461546FBB9237803F011
:101690001F03012B00F09D80022B00F0048133BB5F
:1016A00094F900002A686178002834DA062912D0FB
:1016B00008292BD0D9B901231370517096F8C33083
:1016C0005B0043F00103137002232AE198470028CE
:1016D000DCD100200DE06288100A011F0129844638
:1016E00005D9072803D8716AD2B20C781CB96FF0FB
:1016F0001500BDE8F0874E78664503D19A4200F0A8
:101700000B8101332144F0E70B780AE196F8BA30F7
:101710001370012305E101390829E8D801A353F822
:1017200021F000BFBD170400EF160400CB17040022
:10173000EF16040049170400EF160400EF1604002A
:10174000EF16040055170400A07806F051FF00289A
:10175000BFD0CCE76388756A63BBFFF795FE6388EB
:1017600086F8BA30F369002BB3D06A490320984752
:10177000AFE76B78042B10D0052B11D0022B04D1CE
:101780006F796388BB4208BF01202B781D442B78FA
:10179000002BEED10028AAD0DFE795F80380F4E70C
:1017A0006388BB42F1D1B8F1000FEED12846FFF7B4
:1017B00023FFEAE7FF270020B846E8E76388012B0C
:1017C00095D1002386F8C33083E76388012B8ED13F
:1017D000F8E796F8BA30D5F800C0002B87D0756AC4
:1017E000A38894F804E02A46107800283FF47FAFDD
:1017F0005178022904D192F80480F04500F29380D8
:101800000244F1E78CF800208CF80120396060E791
:10181000154494E00B2A7FF46AAF00274FF0FF08CD
:10182000C146BA4606E06B78042B0FD0052B21D0B9
:101830002B781D442B78002BF5D1F36913B1514659
:1018400007209847002F7FF444AF50E795F80280B7
:10185000A38895F803909845EAD163889945E7D124
:10186000B8F1070F1CD806EB0803AA4683F8BB9013
:101870000127DDE7A3884345DAD1A3784B450AD099
:10188000AF78384600F036FC3846FFF7E7FDB0FA8F
:1018900080F77F09CCE72846FFF7AEFE0746C7E78B
:1018A000AA460027C4E794F900206378002A18DAD2
:1018B000002B7FF41CAF24792D6863060AD02046E4
:1018C000FFF7EAFD00283FF412AF96F8BA30002B7C
:1018D0003FF40DAF2946204606F008FF00236B7049
:1018E000F2E6012B08D0032B7FF401AF6388002BB5
:1018F0007FF4FDAE012103E0618800297FF4F7AE9B
:10190000A088FFF751FE00287FF4E3AEEFE600BFAA
:10191000BC64002076650020022829607FF4F4AEC4
:101920004B883B60D5E694F9000062780028BFF64A
:1019300071AF002A3FF466AF0A2A7FF4D8AE2A7846
:10194000002A3FF4D4AE697804297FF461AFA97806
:101950008B427FF45DAF072B96BF9B19002393F852
:10196000BB308CF80030D4E613B5164C237DF3B9A8
:10197000E268A168019201AB802019F0BFFC019AD6
:10198000A3681344A360E3689B1AE3606BB962B178
:101990002369E2889A4208DD94F8C82093FBF2F1AB
:1019A00002FB11330BB90123237502B010BD0023D4
:1019B0001A4619468020237502B0BDE8104006F093
:1019C000DBBE00BFBC64002030B585B000230246FA
:1019D0000D460193002858D1002935D108220B4625
:1019E0000DEB02011CF009FD002804DA802006F04E
:1019F00035FE05B030BD2A4C029A2260039A62601F
:101A000004F13802A2609DF90820BDF80E3025755A
:101A1000002AC4E903550ADB802B04D9802006F094
:101A20001DFE0020E3E713B1C4E90333E1E7FFF74C
:101A30004FFD0028DAD0E28823699A42D4BFE260E1
:101A4000E360FFF791FFD4E7154CD4E90215002DB0
:101A500001AB04DC1CF0D1FC0028CADAC6E72A4638
:101A60001CF0CBFC0028D9DB019AA3681344A360C7
:101A7000E3689B1AE360002BBBD104F13803A36039
:101A8000FFF726FD0028DCD1B0E78028B1D1044B58
:101A9000DA68002AD5D11B7D002BD2D1A9E700BF7F
:101AA000BC640020054B064A9A62064ADA62064A7E
:101AB0001A63064A58629A6100207047BC6400208D
:101AC0007D1604008113040021140400C1130400D6
:101AD0002DE9F341414D04466F6A41484FF0FF3212
:101AE0004FF0FF330FF04AFC95F8B860002E6ED12E
:101AF0003C482C62E86106F059FF06F047FD041EE1
:101B000049DB00F039FB041E45DB7B78012B61D1FA
:101B1000FB79002B5ED0684685F8C830ADF80230FE
:101B20008DF804608DF8006006F074FD041E32DB51
:101B3000802768468DF8007006F06CFD041E2ADBD5
:101B40002949304606F01EFF041E24DB264938468C
:101B500006F018FF041E1EDB244CDFF89480444579
:101B600020D3002006F0DEFD041E14DBD5F8C430BF
:101B7000802043F00103C5F8C43006F0D3FD041EF5
:101B800009DBD5F8C43043F48033C5F8C4300123F1
:101B900085F8B830002412480FF06AFC204602B0E5
:101BA000BDE8F081276A0026227FF3B29A4201D86D
:101BB0002434D4E707EBC30257F83310107906F04A
:101BC000E1FE01360028EFD04FF0FF34E3E76FF07D
:101BD0007704E0E76FF01504DDE700BFBC64002088
:101BE000DC130020FD140400C9190400E4150020D2
:101BF0000816002010B50A4B93F8B8404CB900F015
:101C000055F848B1FFF74EFF2046BDE81040FFF7FA
:101C10005FBF6FF0770010BD4FF0FF30FBE700BFF4
:101C2000BC64002030B51F4B8BB005AA03F1100532
:101C300018685968144603C40833AB422246F7D1EA
:101C40001B7823701022002101A820F079FC1222B9
:101C50000021154820F074FC102101A81CF017FD8C
:101C600000281BDD0828B8BF0820093801AB0E4941
:101C70001A18002012F8013F0AAC04EB131403F009
:101C80000F0328336B44013014F8144C13F8143C40
:101C90000C7008284B7001F10201EBD102480BB027
:101CA00030BD00BFC77F0600C85301202DE9F04FAB
:101CB000704C87B04FF0000B00264FF0011AB04671
:101CC0003546B14623782BB96B4B02349C42F3D195
:101CD000684833E06378052B1BD8DFE803F09003F6
:101CE000C8901D3B402304A88DF810B0ADF8123009
:101CF0008DF814B01CF050FB40B1082304A8ADF8D7
:101D000012301CF049FB08B1ADF812B0BDF812302A
:101D1000E37123781C44D5E7E378002BF9D1A3784D
:101D20007BB108F101085FFA88F8F2E76B689C4222
:101D300009D02435514B9D42F8D3002007B0BDE8AF
:101D4000F08F4F4DF6E7AB68002BEAD041462046B6
:101D50009847E6E7002DF0D000222B7F9A42ECD284
:101D6000296AA07801EBC2010B79984201D00132B7
:101D7000F3E70127E07800F003008DF814002079E4
:101D800094F805C040EA0C20ADF8120094F9020066
:101D90000028FBB228DA07F110004FF0010C0CFA12
:101DA00000F010EA0A0F26D143F080008DF81000F1
:101DB00004A8CDE9021301921CF0EEFADDE901213D
:101DC000039BC0B99DF81020A27012F0800F18BFBD
:101DD00010330A7118BFDBB24FF0010214BF9A40F2
:101DE000BA404AEA020A94E70120B84010EA0A0F12
:101DF00001D11846DAE70137102FBBD1B7E7032E20
:101E00001DD1FFF70FFF074668B1F6F7FCFB10285E
:101E100009D13846A31C07F1100250F8041B43F8FF
:101E2000041B9042F9D123786FF00201E218091BDC
:101E300004EB5303D14213D50136F6B269E7002E05
:101E4000F1D1B9F1000F3FF478AFA4EB090389F8A1
:101E50000230C3F3072389F8033089F80480EBE7E5
:101E600002F801BC13F8010902F8020DE2E7A146ED
:101E70004FE700BF40150020E315002008160020A2
:101E8000E415002010B5094B00211A461C78844245
:101E900005D15C681CB1482303FB012010BD013152
:101EA000042903F14803F1D10020F7E788650020F9
:101EB0002DE9F34150F8303C10F8346C10330446EF
:101EC00010D1036950F8282C990739D5EAB913F0D5
:101ED000040304D11A461946304619F00FFA0023BC
:101EE00044F8303C54F8303C10330BD054E90975B9
:101EF00054F81C8C1FF08DFD00284CD02C48214636
:101F00001FF007FF02B0BDE8F08150F82C1C01ABB8
:101F1000304619F0F3F910B16FF01503E0E7019ABC
:101F200054F82C3C134444F82C3C54F8283C9B1A9D
:101F300044F8283C54F8243C134444F8243CD1E7AA
:101F400050F82C1C01AB304606F092FC0028E3D17F
:101F5000019D54F82C3C2B4444F82C3C54F8283C6C
:101F60005B1B44F8283C54F8243C2B4444F8243CA4
:101F7000002DB4D0304606F01FFDB5FBF0F303FB97
:101F80001055002DABD154F8283C002BA7D030467B
:101F900006F0B6FCA6E744F8200CA4F118000FF0F8
:101FA000D7FA002DAED0424639463046A847A9E7B9
:101FB000E02200204B1E012B73B506460D460FD8BC
:101FC000FFF760FF044668B9012D09D101AB01227A
:101FD0000DF10301304606F04BFC019B002BF5D1BF
:101FE00002B070BD1FF015FD04F1340108B1012DE0
:101FF00005D1084602B0BDE87040FFF759BF03485D
:1020000002B0BDE870401FF084BE00BFE022002097
:102010002DE9F74F804600911746994619F0B6F919
:10202000044600285DD14FF04003EFF3118B83F39A
:102030001288BFF36F8F2C490022084600230191BC
:102040000FF0ACFA019968B9DFF8A0A0482262430A
:102050000AEB02056E6816F1100F12D108460FF058
:1020600077FA06E00134042C01F14801E4D16FF065
:102070000B068BF31188BFF36F8F304603B0BDE8BA
:10208000F08F0AF802800C9A009B6A610D9A286111
:10209000AA6140466FF00F02C5E90237C5F84490C7
:1020A0006A6006F089FC58B1404606F085FCB7FB33
:1020B000F0F202FB10771FB16A6C42F004026A640E
:1020C00019F0020F08D0482202FB04A1084834315D
:1020D0001FF01FFE0026CCE7404606F011FC064626
:1020E000C7E76FF00F06C8E7A465002088650020E9
:1020F000E022002010B54FF04003EFF3118483F38A
:102100001288BFF36F8FFFF7BDFE50B143681033E5
:1021100007D16FF08B03436000F1340103481FF0D7
:10212000F8FD84F31188BFF36F8F10BDE02200200B
:1021300070B50F4C04254FF04003EFF3118683F385
:102140001288BFF36F8F6368103307D16FF08B0372
:102150000848636004F134011FF0DBFD86F3118849
:10216000BFF36F8F013D04F14804E4D170BD00BF9F
:1021700088650020E022002070B50A4C0A4E002538
:10218000314620461FF098FD0122A4F118001146A7
:1021900001351FF00EFD042D04F14804F0D100209C
:1021A00070BD00BFBC650020B11E040008B501462B
:1021B000034819F0D5F810B1012300F8073C08BD19
:1021C000A86600200169012381F84B300B6833B108
:1021D00091F849301BB1024808311FF09ABD704791
:1021E000E02200200169012381F84A300B6833B1F5
:1021F00091F848301BB1024808311FF08ABD704782
:10220000E022002038B5056995F89E0088B195F860
:102210009F307BB985F84830D5F8900018F0DEFF84
:10222000002204460023044805F118010FF06CFB5E
:10223000204638BD0020FCE7E022002013B50469E9
:102240008DF8071094F89E30A3B194F89F308BB9A5
:102250000DF10701D4F8900084F84830012218F0FD
:10226000BDFF014640B10D482122002304F11801B1
:102270000FF04AFB02B010BDD4F89000012219F013
:1022800001F80028F6D0D4F8900001220DF10701E2
:1022900018F0A4FF0028E6D1ECE700BFE022002000
:1022A000F0B5D0F88C305B681B6A1F7D85B00546A1
:1022B000384619F06BF80646E0B9A86F4FF4806213
:1022C00003A918F0AAFF0446A0B18306A5F11803DC
:1022D00008BF00F1FF3485F830600193064B039985
:1022E0000093224602233846FFF792FEA86F21464C
:1022F00018F0B3FF05B0F0BD9D23040070B504468F
:102300000E4601791548154619F01CF810B394F9DA
:1023100000206378002A16DB202B04D0222B0ED05D
:102320006FF085000AE02B681A6840F8102C9A8834
:1023300020F80C2C9B7900F80A3C002070BD6388C3
:1023400000F8093CF9E7212BEAD11038072328606F
:102350003360F2E76FF01200F0E700BFA8660020DC
:102360000D4A03460021A0F848101068C3F89400F5
:1023700090889279A3F8980083F89A2083F89C10AB
:1023800083F89B10A3F89E1083F8A010402203F15D
:102390004C0020F0D5B800BF282C060010B5012352
:1023A00082F84830136814463BB192F84A3023B1A2
:1023B0000A4802F108011FF0ACFCD4F890309A688A
:1023C0001B699A4208D004F118010448BDE8104086
:1023D000002200230FF098BA10BD00BFE0220020B9
:1023E00010B504690023C4F8A8300C4BC4F8A4004D
:1023F000596804F1A80269B9C3E9002204F1080090
:1024000007491FF059FC04F1180006491FF098FC19
:10241000002010BD0A605A60F0E700BFA8660020E7
:10242000B7B30500A122040073B5144602F14C06AF
:102430000A1E05461FDDD4F88C00314618F0CEFE8A
:10244000012384F8493023683BB194F84B3023B121
:102450000E4804F108011FF05CFCD4F88C104B68A6
:102460004A699A1ACB699B1A3F2B04D8012384F836
:10247000A03002B070BD064B0093019401234022AE
:1024800031462846FFF7C4FDF3E700BFE0220020F5
:102490002924040038B50D4601461E4818F046FFB1
:1024A000044680B30246691E52F8A4395B680529C8
:1024B00029D8DFE801F020280320252914F8061C7C
:1024C00031B91B6A187BFFF7AFFF012304F8063C04
:1024D00014F85C3CBBB9012304F85C3C54F8A43C00
:1024E0008BB114F85A3C73B1A4F19C010A48BDE8C1
:1024F00038401FF00EBCBDE838401046FFF730BF33
:10250000012304F8053C38BD14F8053C002BFAD033
:102510000023F6E7A8660020E022002037B5094D29
:102520000949002400944FF0FF334FF4806228469D
:102530000FF0B2F9054928461FF071FA204603B0A2
:1025400030BD00BFE0220020C0FC01200D8006004D
:1025500010B5084C86B024788DF8174001240294F9
:102560000DF117040194BDF8204000941BF06AFCA3
:1025700006B010BD1912002000B589B064288DF88E
:10258000070019D80E4B18221870002102A81FF05E
:10259000D7FF0C4B03930DF10703049302A901230A
:1025A0000020ADF8143005F041FA10F1800F08BF9B
:1025B000002009B05DF804FB6FF01500F9E700BFDB
:1025C000191200207C4606002DE9F0410646F6F778
:1025D0001AF805464FF0FF3312484FF0FF320EF065
:1025E000CDFE114B1C68D3F804809C4208BF002428
:1025F0002CB90C480EF03CFF2046BDE8F081A768DE
:102600003846F6F700F8A84206D12A463946304641
:102610001FF034FF0028ECD0444501D02468E7E7E0
:102620000024E6E78C1300200C0B002010B50446B4
:102630000E484FF0FF324FF0FF330EF09FFE34B9DB
:102640006FF0150409480EF013FF204610BDA06876
:102650000028F5D0FFF7B8FF0028F1D1044B5A68E5
:10266000C4E9003214605C600446EBE78C13002080
:102670000C0B00200449431E0F3013F8012F8A5C15
:102680001A708342F9D1704761800600F0B5264E7A
:1026900007460C460FCE8DB001AD0FC50FCE0FC54E
:1026A00096E8070085E807003846002F38D0002C50
:1026B00038D0381F2146024610344B780D781B0461
:1026C00043EA0563CD782B438D78043143EA052333
:1026D0008C4242F8043FF0D1144C04218A0703696C
:1026E00016D1C3F30742A55C1A0EA25C42EA05624A
:1026F000C3F30725DBB2655DE35C42EA054242EACB
:10270000032221F0030330336B4453F82C3C534035
:1027100050F8042F013153402C290361DED10120F0
:102720000DB0F0BD2046FBE7D82B06006180060007
:10273000014810F01BBB00BFB846060038B5044680
:1027400018B90F4B0F485B6898476168B1F5683F4F
:1027500010D0B1F5680F0DD00B4DA9420AD011F47D
:102760006861206807D0014608481FF02CF9002353
:102770002360656038BD14221FF0E2FEF9E700BF58
:10278000AC0F0020618106002C5F5CA9B06B0020BB
:1027900008B520B34368B3F5683F10D10122036840
:1027A000BFF35B8F53E8001F002903D143E80020EB
:1027B0000028F7D1BFF35B8F0DD1002008BD094A77
:1027C00093420AD000684FF0FF324FF0FF330EF013
:1027D000D5FD0028F1D00448F0E70448EEE76FF497
:1027E000E040EBE72C5F5CA9E98FFFFFEA8FFFFF7A
:1027F00008B5D8B14368B3F5683F10D1002203682B
:10280000BFF35B8F53E8001F012903D143E8002089
:102810000028F7D1BFF35B8F0BD1002008BD074A1A
:10282000934208D000680EF023FEF6E76FF4E04014
:10283000F4E70348F2E70348F0E700BF2C5F5CA928
:10284000E98FFFFFEA8FFFFF10B5044618B91D4B53
:102850001D485B6898476368B3F5683F2FD0B3F5B0
:10286000680F2CD0194A934219D1236803BB18482A
:102870004FF0FF324FF0FF3321460EF0D9FB08B97D
:1028800023681BB90F4B13485B68984720681422D4
:1028900000211FF055FE4FF46863636008E0B3F554
:1028A000683F0DD83A2B03D040F6BA629342DED18E
:1028B00020681FF0E0F8636843F03A03636010BDDE
:1028C000054AF3E7AC0F0020618106002C5F5CA98C
:1028D000B06B0020878106003A00003A08B506492F
:1028E0000648402314221FF060F8BDE80840044960
:1028F000044810F0FFBA00BFB0660020B06B0020A3
:10290000C0460600D4460600014910220A607047FE
:1029100010ED00E072B6404080F31188BFF36F8F76
:10292000BFF34F8F30BF62B6BFF36F8F704700BFEA
:1029300072B6494081F31188BFF34F8F20BF80F3F7
:10294000118862B6704700BF40B2002807DB044A16
:102950004109012300F01F00834042F821307047F5
:1029600000E100E040B200280CDB4309064900F01A
:102970001F0020330122824041F82320BFF34F8FF4
:10298000BFF36F8F704700BF00E100E0054B4209C5
:1029900000F01F0053F82220012303FA00F010403A
:1029A000704700BF00E100E040B2D30754BF0231DE
:1029B00000210028ACBF00F16040074A4FEA4113F4
:1029C000ACBF00F5614000F00F00DBB2B4BF1354A0
:1029D00080F80033704700BF14ED00E030BFFFF710
:1029E000FDBF00BF0B4A08B50B4B22F07F029A6077
:1029F000BFF34F8FBFF36F8FD3F8882022F470029C
:102A0000C3F888200EF02EFA0FF050FB00F056FAB3
:102A10000EF07AFA0070020000ED00E0094A0A495F
:102A200093680968D967094998674B6843F08053F0
:102A30004B60002383F31188BFF36F8F9368D86FC7
:102A4000704700BF647E0020644E060000ED00E089
:102A500015498A684FF030001044EFF3098C80E884
:102A6000F01F402080F31288BFF36F8F0F4F4FF09D
:102A700000664A698A603E604FF074041419206849
:102A80000B4C2060906F0023936780F3118804B58E
:102A9000104600F0C1FABDE8044002F1300090E8B1
:102AA000F01F8CF309887047647E002004ED00E07D
:102AB000CC6B00201EF0040F0CBFEFF30880EFF387
:102AC0000980816911F8021C0229FFD001B518F0B4
:102AD000ABFF01BD42F8203C009B42F81C3C0A4978
:102AE000019B42F8183C029B42F8143C21F0010182
:102AF0004FF0807342F8043C42F8081C0023203A4F
:102B000002658367704700BFFD100400094A034651
:102B1000906870B113F1160F406E05D0A0F140021D
:102B20009A4205D8834203D2814228BF00207047D1
:102B300000207047647E002008B514460A4A0B4BFB
:102B40009060426F1A600D4600F066FA204685F3E9
:102B50000988002163B681F31188BFF36F8F0022CB
:102B60000023FEF7CBFA00BF647E0020CC6B002070
:102B700001B5EFF30580A0F110004FEAC000044951
:102B8000014409C99847BDE80140024908470000CF
:102B900004280600F52B0400114B124A2DE9F041E0
:102BA000D518DFF84480013DB5FBF3F55D430F4BCD
:102BB00008EB0304013CB4FBF3F403FB04540E1BC9
:102BC00007460B4930461FF093FC7019424600211E
:102BD000083E1FF0B5FC7E6704F10800BDE8F081F7
:102BE00001000000000000000400000004000000DC
:102BF000982B0600044B99685869884203D0034912
:102C00004FF080520A607047647E002004ED00E0BF
:102C100070B5264B15469A6A12F0100F9A6A14BFC7
:102C20001124102412F0080F9A6A18BF1224920778
:102C300006460AD5586B9A6A140634D519B19A6AB1
:102C400022F080029A62132401E06FF01500174B06
:102C50009A6A12F0010F9A6A18BF142412F0200F1A
:102C60009A6A18BF1524D20602D49B6A9B070AD51C
:102C70000E4B5B68190506D53146FFF747FF10B1CB
:102C800080F309880224094B9A6A920642BF5A6A65
:102C900022F400525A629A6A42F0FF029A620023BA
:102CA0002B70204670BD6FF01500CCE700ED00E002
:102CB000134B9A6A12F0007F9A6A14BF1E201D20DF
:102CC00012F0807F9A6A18BF1F2012F4002F9A6AB0
:102CD00018BF212012F4802F9A6A18BF222012F404
:102CE000003F9A6A18BF232012F4803F9A6A6FEA65
:102CF00002426FEA12429A6218BF2420704700BF56
:102D000000ED00E010B5194B0246986A9C6A10F479
:102D1000805F14BF1720162014F4006F9C6A18BF40
:102D20001820A40509D5986B986A000404D51AB137
:102D30009A6A22F400429A6219200C4B9A6A12F4A1
:102D4000806F9A6A18BF1A20D2050CD49B6A13F4BC
:102D5000005F18BF1C20054A936A43F47F439362C7
:102D600000230B7010BD1B20F5E700BF00ED00E055
:102D7000F0B5484B5B688BB00446C3F308030025ED
:102D800085F31188BFF36F8F02F07F40B0F17F4F62
:102D900011D102F00C0008280DD010074CBF0C46D2
:102DA00001250022033B8DF80720032B05D8DFE81F
:102DB00003F0246367602C46F3E700239DF80720A7
:102DC000CAB902AE04F1200720686168324603C226
:102DD0000834BC421646F7D1099A002D54D0C2F3EC
:102DE000080121B96FEA52226FEA4222099202A930
:102DF000184618F017FE0BB0F0BD264BDA6A9107A3
:102E0000DBD4DA6A002AD8DBDA6A5200D5D55A69EF
:102E1000A16942F480725A61BFF34F8FBFF36F8F85
:102E20005A6931F8021C22F480725A61BFF34F8F45
:102E3000BFF36F8F4DF6027291420AD09A6AD2B2F6
:102E40004AB10DF1070201212046FFF7E1FE0346DA
:102E5000B4E72368B2E79A6A12F47F4F05D00DF108
:102E600007010120FFF74EFFF1E79B6AB3F5803FB2
:102E7000A3D3FFF71DFFEAE70DF107020021E3E707
:102E80000DF107010020EDE722F4FF7222F00102AC
:102E9000ACE700BF00ED00E0024A536943F01003C5
:102EA0005361704700ED00E0EFF30880EFF3098114
:102EB00001B57246FFF75CFF01BD00BF0448002367
:102EC0004021C2180133302B82F80013F9D170472A
:102ED00000E100E0002080F31488BFF36F8FFEF75D
:102EE0004DFA00200D490860BFF34F8F0C4880F366
:102EF000088800F03DF8402080F3118809484FF41D
:102F00000461401880F30988EFF31480022108431C
:102F100080F31488BFF36F8FFFF764FD94ED00E03A
:102F200040470220801D0220BFF34F8F0549064B0A
:102F3000CA6802F4E0621343CB60BFF34F8F00BF57
:102F4000FDE700BF00ED00E00400FA050749D1F8F5
:102F500090200023C2F307221846934200DB7047FB
:102F6000C1F89830C1F8A0000133F6E700ED00E0A9
:102F700008B572B6002383F31388FFF7E7FF144BFD
:102F80004FF0FF32C3F88020C3F88420C3F88820B4
:102F9000C3F88C20C3F89020C3F89420C3F898207D
:102FA000C3F89C20C3F88021C3F88421C3F888218A
:102FB000C3F88C21C3F89021C3F89421C3F8982159
:102FC000C3F89C2162B6BFF34F8FBFF36F8F08BD6C
:102FD00000E100E0084B9B6883420BD1EFF30583CF
:102FE00043B1064B5A6842F080525A605A6A22F442
:102FF00000425A620EF0E8BF647E002000ED00E05F
:10300000024B034A0348012100F070B8000004207D
:1030100000000020E4460600426E054B403A1A606C
:10302000044A4021C3E901121846012100F068B8A2
:10303000D06B002000000B15F0B5204E00258D420E
:1030400039DA446874B353B104F1FF3C14EA0C0F4D
:103050002FD11F2C2DD907681CEA070F29D1202C4E
:103060000768D0F808C05FFA82FE1ED9B4F1004F9D
:103070001DD8013CB4FA84F4C4F11F046400BEF10D
:10308000070F4CEA040C14D827F01F04144344F033
:103090001004C6F89820C6F89C404CF00104C6F80D
:1030A000A040013201350C30C9E70824E7E73E248F
:1030B000E5E76FF015021046F0BD00BF00ED00E03F
:1030C000044B0522C3F89420BFF34F8FBFF36F8FDB
:1030D000704700BF00ED00E0BFF35F8F024B00229E
:1030E000C3F89420704700BF00ED00E010B5034C1A
:1030F00001232278FFF7A0FF207010BDDA530120D2
:1031000008B5094A00231278FFF796FF10F1160F51
:1031100002D0064A072800DD08BDC2F89800C2F8B0
:10312000A0300130F6E700BFDA53012000ED00E0E7
:1031300014490868082810B521D8FFF7CDFF124CB4
:1031400049680022904201F10C0105D10F4B187023
:10315000FFF7B6FF002010BDC4F8982051F80C3CD2
:1031600023F01F03134343F01003C4F89C3051F8BD
:10317000043C43F00103C4F8A0300132E2E74FF011
:10318000FF30E8E7F046060000ED00E0DA530120EA
:1031900008B5024B1B689847002008BDDC6B002077
:1031A000034B044A1860937843F00203937070470E
:1031B000DC6B0020340B002008B5044817F0BEFC7F
:1031C000404080F311884FF0020002DFB881060012
:1031D00008B50649064821F00701C1F1005202F581
:1031E000802217F046FE002008BD00BFF734032000
:1031F00088AE02200E4A0123C2F840354FF08042CB
:103200004FF08051C2F87835D1F83001082808D144
:10321000D1F83411052904D80648415C09B1C2F837
:1032200038364FF080430122C3F8802500207047D4
:1032300000E00140E581060020B1034B800143F02E
:1032400001031847704700BF302C0600084B59682F
:10325000024611B11968884207D0D86830B1996820
:1032600004488A4218BF002070471846704700BFC4
:10327000E06B0020E86B002008B504481EF0FBFB63
:10328000034BC3E90033002008BD00BFF06B0020F2
:10329000046C002002460B4601480EF06FB800BFD8
:1032A000F06B002001480EF0E3B800BFF06B002087
:1032B0002DE9F74F824608460F469046F5F7A3F9E9
:1032C0004FF0FF3183464FF0FF30FFF7E3FF1B4B1A
:1032D0001C684FF000099C4208BF00245B684E4602
:1032E0005CB9FFF7DFFF36B3CAF80060B8F1000F32
:1032F0001DD1002003B0BDE8F08FA569A94512D803
:10330000AB4510D3012D03D97A5D2F2A00D052B9D5
:10331000E16801932A4638461FF0B0F8019B002867
:1033200004BFA94626469C42DBD02468D8E7B3698F
:10333000C8F80030DDE76FF00100DBE7046C002027
:10334000F7B505460E46002937D00B782F2B34D120
:103350004368002B34D10768002F31D11B49304618
:10336000F5F73FF9044690B94FF0FF304FF0FF31C9
:10337000FFF790FF164A6C601368934214BF1F4614
:1033800027462F60FFF78EFF204603B0F0BD3A4678
:10339000314601A8FFF78CFF041EF5DB019BDA69BB
:1033A000126A82B16B60DB6931461B6A2846984716
:1033B000041EE9DAC5E90077E6E76FF01504E3E7F4
:1033C0006FF00F04E0E76FF08504DDE7C3780600D7
:1033D000046C00202DE9F0410446002855D0C66851
:1033E000002E52D00568002D4CD13046F5F70BF970
:1033F0000128074649D933782F2B46D1244E4FF068
:10340000FF304FF0FF31FFF745FF3368D6F80480F7
:10341000B34218BF1D46DDB9A068FFF717FF58B3C8
:10342000D0F80480B8F1000F26D0D8F82C3033B390
:1034300020469847051E06DB7368C4E90678C4E990
:1034400000631C607460FFF72DFF2846BDE8F08123
:10345000AB69BB4209D122692B699A4209D0E9685C
:10346000E0683A461FF00AF818B14545D4D02D68F7
:10347000D1E76FF00F05E6E76FF00105E3E76FF0C6
:103480008505E0E76FF00F05DFE76FF01505DCE776
:10349000046C002038B504460D464FF0FF304FF065
:1034A000FF31FFF7F7FE2046FFF7D0FE08B1436873
:1034B0007BB90B4B5A6812B1DA686AB9012243F83A
:1034C000324003EBC20300245D60FFF7EBFE2046B1
:1034D00038BD6FF07704F8E76FF01B04F5E700BF25
:1034E000E06B00201328DABF024B18566FF004007F
:1034F000704700BFF281060001490020FFF7CABFF4
:103500001047060030B5C1680122ADF5057D0446BF
:103510001144006909F068FB0D2819D194F8203096
:103520009A0722D4DB071AD4124B0FCB6D4685E8DD
:103530000F00E0684FF4007304AA2946013009F037
:103540007BFB60B9E16820690122114409F04CFB62
:1035500028B994F8203043F0080384F820300DF5A2
:10356000057DBDE83040FFF7BDBF6FF01D000DF5D4
:10357000057D30BD042C060038B5044600681DF0FA
:10358000A4FB2168054604481EF01DFA2846BDE844
:103590003840FFF7A7BF00BFB012002038B504467F
:1035A00000681DF055FA2168054605481EF00BFA23
:1035B000002323602846BDE83840FFF793BF00BFD3
:1035C000CC12002073B5002206460D461048002399
:1035D00001A90DF02DFD0446B0B9019B0146502212
:1035E00018461EF0ADFF691C30601DF02AFB054631
:1035F00020B1019906481EF0E6F93460284602B071
:10360000BDE87040FFF76EBF6FF00B0002B070BDF9
:10361000B0120020F7B5002306460D4612481746A3
:1036200001A900220DF004FD0446C0B9019B01462A
:10363000502218461EF084FF691C306007F0130208
:103640001CF0B3FE054620B1019907481EF0BBF9F6
:103650003460284603B0BDE8F040FFF743BF6FF089
:103660000B0003B0F0BD00BFCC12002008B5044829
:103670001EF00EF900280CBF6FF01200002008BDEC
:103680001427060070B50023051D43600126A3F131
:10369000FE330446467383602946006818F0DEFB5B
:1036A000B8B9206B18F0FDFB02232068637229462D
:1036B00018F0D4FB68B9A4F86E002674206B18F0DB
:1036C000F0FB044B636020682946BDE8704018F0A9
:1036D000C5BB70BD801A060070B50D4D044620684C
:1036E00018F0AEFC38B17D207D3D1EF0CCF8002DE9
:1036F000F5DC01200BE00C266FF07300013E04D0D6
:10370000204618F0D2FC0128F8D00028E7D170BD7F
:103710008096980030B58BB005460C4618220021E3
:1037200003A81EF00DFF37230193112324040793F0
:1037300028680294C823002201A9099318F079FC93
:1037400088B9079B012B03D1094B039A134063B936
:1037500095F84C302BB9039B13F0200F08BF6FF086
:1037600085000BB030BD0120FBE76FF00400F8E7E7
:103770000880F9FD2DE9F047144699461A44436E36
:103780009A429EB005468A4600F2838090F86D30DA
:10379000012B00F0818000F1140600220023304646
:1037A0000DF0ECFD0746002879D1014610220EA845
:1037B0001EF0C6FEB9F1010FB5F86E2003970CBFDD
:1037C000182319230C93B5F86830CDF808909107A9
:1037D00054BF04FB03F222460D92C8270322CDE911
:1037E00013274FF0110842F210792868CDF848806D
:1037F0006A460CA9CDE90043CDF810A0CDF814908D
:1038000018F017FC00283BD02846FFF765FF044658
:1038100078BB0146242215A81EF092FE18222146EC
:103820000DEB02001EF08CFEB5F862102846FFF783
:1038300071FF0446E8B91623CDE9153004220123AF
:10384000CDE907232868CDF86C8005F1700306AA3E
:1038500015A9CDE90A391D9718F0EBFB044640B9CC
:103860001B9B012B03D10F4C179B1C400CB96FF015
:103870000404304618F017FC20461EB0BDE8F0875F
:103880002846FFF729FF04460028F2D06FF07304A2
:10389000EFE76FF01504EFE76FF08504ECE76FF0EA
:1038A0000F04E9E70880F9FD2DE9F04390F84C306A
:1038B00091B00546002B00F07F81002118F000FD3B
:1038C0000446002840F0FB80B5F86E6085F86D0076
:1038D000C6F3C006B60764201DF0D5FF2923CDE945
:1038E000073614230D93C8230F9300212846FFF7B2
:1038F00011FF0128024600F09780002840F0618106
:10390000286807A918F0CEFC0246002840F059812B
:1039100095F84C20002E00F05681099B002A7BD0A0
:10392000D8077CD43146284618F0CAFC0446002843
:1039300040F0C5802B6D590042BFB5F86E2042F0B3
:103940000202A5F86E20DA0142BFB5F86E2042F0FF
:103950002002A5F86E209B0342BFB5F86E3043F0FD
:103960004003A5F86E30284618F01DFC04460028D8
:1039700040F0A580284618F0D8FB0446002840F007
:103980009E802E46AA6A924B9A4294BF46F8042F14
:1039900046F8043F2868314618F08BFC044600289E
:1039A00040F08D800146242207A81EF0C9FD214663
:1039B000182201A81EF0C4FDB5F862102846FFF7D2
:1039C000A9FE044600287AD13323CDE9073011231C
:1039D0000D93C8230F934FF008080123CDE902830C
:1039E000286842F2107305F1700701AA07A905972C
:1039F000069318F057FC0446002860D1286F01BADE
:103A000010F4000F00F00F02C9B215D1012A5AD0EC
:103A1000022A15D1042315E0002BC0F2D0804FF408
:103A2000A47000210EF096FA0134B4F57A7F7FF489
:103A30005CAF6FF0730442E0012A44D0022A44D004
:103A400012B9012385F86A30440542BFB5F86E30DB
:103A500043F00403A5F86E30C80742BFB5F86E30D6
:103A600043F48073A5F86E30890742BFB5F86E3015
:103A700043F08003A5F86E30B5F86E4014F00204F0
:103A800018D12146182209A8D5F800904FF40078E3
:103A90001EF056FD1023CDE90738C8230F932246A8
:103AA000112307A948460D9318F0FCFB044630B9D2
:103AB000A5F8688095F836309B0608D40024204687
:103AC00011B0BDE8F0830223BCE74346BAE795F89E
:103AD0006A30012BF2D96B6D002BEFD03D4BAB65FB
:103AE000012485F86B401822002109A8D5F8008030
:103AF0001EF026FD1022002101A81EF021FD364BEC
:103B000005974FF0060CCDE907C311230D93C82389
:103B10000F934023CDE9023401AA42F2107307A9A2
:103B20004046069318F0BEFB04460028C7D195F81E
:103B3000803095F86B2003F00F039A4230D0B5F82F
:103B40006E305C07BAD52422002107A81EF0F8FCCD
:103B5000B5F862102846FFF7DDFD04460028AED117
:103B60000623079301230D93C8230F9302460223D4
:103B70002868089307A918F095FB044600289ED1F1
:103B80000D9B012B04D1154C099B1C40002C96D198
:103B900004232868AB72314618F08BFB04468EE78D
:103BA0000423EB72AB6D28686B60314618F081FB23
:103BB00004460028C3D082E76FF085047FE72B65B9
:103BC000B8E614467BE7002A3FF4B4AEAAE600BF8D
:103BD00040787D0180F0FA02F1FFFF800880F9FD56
:103BE00030B50A4D0A4B85B0002428460293039451
:103BF0001EF0A0F802AB0093284606490A234FF4B2
:103C0000A3620DF049FE204605B030BD80230020A0
:103C10002382060000010220014601480DF074BE17
:103C200080230020014601480DF09EBE8023002025
:103C30000378012B30B513D0022B27D07BB9194B59
:103C40000A4603F1100453F8045B42F8045BA342F4
:103C5000F9D11B78137043884B731B0A8B7330BDEB
:103C6000104B0A4603F1100453F8045B42F8045B5E
:103C7000A342F9D11B78137043684B73C3F3072237
:103C80001B0CCB731B0A8A730B74E8E700F110035B
:103C900050F8042B41F8042B9842F9D103780B70AB
:103CA000DDE700BF2C82060038B5054605481AF04E
:103CB00081FA044620B100210C301AF0D7FA25769B
:103CC000204638BDE814002070B502460D48BFF309
:103CD0005B8F0B46002150E8004F40E80015002D97
:103CE000F9D1BFF35B8F24B9BDE870400120FFF725
:103CF000DBBF012304F10C00237621821AF0B6FA0F
:103D0000204670BDD005002070B504460F2C0D462E
:103D10001046194605D80D2C0DD9BDE87040FFF7A7
:103D2000D3BF132C07D10C481AF044FA044638B913
:103D30000024204670BD02460B4645B10748F3E714
:103D400000210C301AF092FA01232376F1E7BDE846
:103D500070400120FFF7A8BF141500206414002054
:103D600038B5C368B3F801401B786BB90F21204602
:103D700001F030FE054640B9084B1A8822B96FEAB7
:103D800004506FEA1050188038BD012101F060FD29
:103D90002846BDE8384018F0D9BF00BFC4A30020B2
:103DA00010B5084C0146052294F86F0001F04CFF55
:103DB00038B994F86F000449BDE81040042201F0BE
:103DC00043BF10BD980400200982060010B50121F0
:103DD00004460C301AF075FA2146034A0078BDE813
:103DE0001040072318F075BBD0470600F8B53F48D0
:103DF0001AF0FDF90446002876D0037E012B44D04A
:103E0000032B22D1038A032B0CD8394A39493A486B
:103E10004FF4007317F056FA404080F311884FF0CA
:103E2000030002DF042104F10C001AF04AFA47886B
:103E30000688324D204603F055FFC6F30B0325F8E4
:103E40001030238ABB42204602D003F0F1FF11E07C
:103E500003F048FF0F2135F8100001F0BBFD0546C7
:103E600008B92046F1E7320B214618F006FF284634
:103E700018F06CFF224BD3F83C31002B34D0BDE856
:103E8000F840204920481DF044BF038A012B0CD87C
:103E9000174A1849184840F65D2317F013FA4040B6
:103EA00080F311884FF0030002DF022104F10C00BF
:103EB0001AF007FA0546007818F089FA83070CD43F
:103EC0000B4A12490C4840F6612317F0FBF94040B9
:103ED00080F311884FF0030002DF0D4A2878042395
:103EE000214618F0F6FABCE7F8BD00BFD405002063
:103EF000458206007982060092820600C6A3002051
:103F000098040020800B0020A0240020AF8206002F
:103F1000B0470600F8B50746907A0E46144603F0FF
:103F2000D9FE284B83424BD1204603F0DBFE264DC1
:103F30000C2303FB00504388BB4241D1234FD7F8E9
:103F4000380120B103F074FF0023C7F83831204650
:103F500003F0C8FE0C2707FB005043689BB196B9DD
:103F6000204603F0BFFE07FB005001214268D2E962
:103F70000003127A03F01F07B9405B09D2B100EBCE
:103F8000830018F04DFA204603F0ACFE0C2707FB27
:103F900000508368A3B1204603F0A4FE78432E545A
:103FA000204603F09FFE07FB0055A868BDE8F840D7
:103FB0000DF0CEBAC94300EB830018F0A1FAE2E796
:103FC000F8BD00BFBC1400200C6C00209804002039
:103FD00038B5042104460C301AF073F9457801789D
:103FE00040882246FFF796FF25B10348BDE83840D8
:103FF0000DF0AEBA38BD00BFB805002038B50321BA
:1040000004460C301AF05DF9E36805781978B0F8C9
:1040100001002246FFF77EFF25B10348BDE8384086
:104020000DF096BA38BD00BFB805002010B5C1E943
:1040300000239DF808300B720C4603F053FE034B2F
:104040000C2202FB00335C6010BD00BF0C6C002032
:104050002DE9F0474FF0FF324FF0FF330646174887
:10406000174D0F461AF0A6F8044600F10C0A00217D
:104070004FF0000850461AF0F9F884F818802046EE
:1040800003F030FE4FF00C0909FB0050468020463B
:1040900003F028FE09FB0050C0F80880204603F01A
:1040A00021FE09FB005503215046C5F804801AF093
:1040B000E1F8068087702046BDE8F087BC14002038
:1040C0000C6C00202DE9F041074686B015460C46E1
:1040D00021B9FFF7BDFF044600284DD00122002181
:1040E00068461DF066FD204603F0FCFDDFF8948075
:1040F0000C2303FB0080C0F808D020461AF090F88B
:10410000014621481AF08AF84FF4A022002368469D
:104110000DF044FA064688B14FF4A9731B4A1C49B6
:104120001C4817F0CFF81C483246394617F0CAF839
:10413000404080F311884FF0030002DF204603F077
:10414000D1FD0C23584318F800606EB1204603F0EF
:104150006FFE092E13D00D2E0CBF6FF00B006FF009
:10416000040006B0BDE8F08115B12C600020F8E72E
:10417000204603F05DFEF9E76FF06800F1E76FF0AD
:104180006E00EEE70C6C0020DC0500204582060086
:10419000DD82060092820600E6820600F7B5144B27
:1041A00093F99B30002B05460C461DDA14B92046C6
:1041B00003B0F0BD082C01AA4FF0000142F2180034
:1041C000264628BF0826FFF77DFF0028F0D1019F73
:1041D000F9683246013128461EF08AF9384603F064
:1041E00027FE3544A41BE1E76FF08500E0E700BF40
:1041F000980400200138C0B202289ABF014B185C15
:1042000000207047378306002DE9F0417E4BB0F85F
:1042100001801988047848F4704291424FF00006FA
:1042200008BF1E8088B0054608BF0126BCB13C2CE3
:1042300036D100F00DFF6FF08001103018F060F9FA
:104240000020FFF7ADFD054650B34472002101F098
:10425000FFFA284608B0BDE8F04118F077BDC378F2
:10426000012B08BF694B00F10407384608BF93F8DB
:104270006F4018F0A8F83946A8B106A818F098F8C9
:1042800005F111010DF1110018F0F9F801238DF875
:104290001030EB78012B12D01321404618F039FA78
:1042A00008B0BDE8F081204618F03EFB014606A8A4
:1042B00018F0EAF8394604A818F0E6F8E9E706A885
:1042C000FFF76EFDEB78012B04460AD100F0C0FE2B
:1042D0006FF080010746103018F012F9384618F0D8
:1042E00098FC002CD8D02046B5F8013020F8883B47
:1042F00006A918F0C9F8B5F81730A4F89E30B5F83B
:104300001930A4F8A430B5F81B30A4F8A630002268
:10431000EB7862723E4AC4F8BC204732C4F8C02031
:10432000012B4FF4A472E370A4F8C42015D104A9A2
:1043300004F18F0018F0A8F800F08AFE217A334AC1
:10434000C1EBC101114404F1960018F09DF8D2F8B8
:10435000E4305D0601D501F011F80721204601F097
:1043600077FA1EB10121204601F072FA204618F0BA
:104370002BFDA37A072B42D1BFF35B8F6368234EDB
:10438000BFF35B8F13F4805F18D1E3781BB196F80D
:10439000D830180712D5022142F21600FFF758FE56
:1043A000054658B102210C3019F064FF23880380C0
:1043B0000022294642F21600FFF784FE96F8D93013
:1043C000D90706D50021022300911A46204618F08D
:1043D000D9F996F8D8309A0611D5D6F85C319B6891
:1043E0009B070CD50DF10E0103A818F05EF930B94A
:1043F000BDF80E20BDF80C10204618F0A5F9204697
:1044000018F0A4FC4CE700BFC4A3002098040020CF
:1044100001011B0000B5C16889B00B788DF8003030
:10442000B1F80130ADF80130CB788DF80330B1F838
:104430000B30ADF81730B1F80D30ADF81930B1F8D8
:104440000F30ADF81B304B7C8DF81D3001A80431C6
:1044500018F01AF807490DF10B0018F010F80DF1DB
:10446000110018F00CF86846FFF7CEFE09B05DF8B1
:1044700004FB00BF1D820600024BD3F85C315B6970
:10448000184700BF9804002038B505460C4619B9F6
:10449000FFF7DEFD044698B140F635439D4209D151
:1044A0002046FFF7E9FF054640B1204603F0C0FC77
:1044B000284638BD0448214619F0B0FE0025F7E72C
:1044C0006FF06805F4E700BFDC0500202DE9F04738
:1044D0003C4FDFF8F48007F11409FB6848466FF39E
:1044E0009433FB6001F062F9451C36484FF0FF320F
:1044F0004FF0FF3329460DF0D5FF60B13349344802
:1045000040F6DE23424616F0DDFE404080F311887F
:104510004FF0030002DF2B4E15B90DF099FCDCE7DC
:10452000F368C3F38633042B42D1337B002B42D193
:1045300028480022002319F042FE044660B92649AB
:1045400023484FF42763424616F0BCFE404080F3F8
:1045500011884FF0030002DFDFF880A020484FF001
:10456000FF324FF0FF330DF019F8DAF8380120B1BF
:1045700003F05EFC0023CAF83831204619F050FEE3
:10458000CAF838012046FFF777FF88B114480CF0CD
:10459000DFFF204603F0A6FB124B0C2202FB00308B
:1045A0001F2140882246FFF7B5FC204603F040FC5F
:1045B0001436013DB0E7012BFAD13069383801F0EB
:1045C00079FCF5E7440B002045820600DD820600F9
:1045D00092820600DC0500202A8406009804002050
:1045E000B80500200C6C00202DE9F041044600F1D4
:1045F0000C06304619F075FEB4F81080B8F1010FC2
:1046000005460CD81C4A1D491D4840F6856316F026
:1046100059FE404080F311884FF0030002DF30461E
:10462000022119F04EFE0746007817F0D0FEC207AF
:1046300006460CD4104A1349114840F6896316F017
:1046400041FE404080F311884FF0030002DF052354
:104650000D4A3878214617F03CFFB30707D5636948
:10466000A4F8108013FA85F5E560BDE8F0812046D6
:10467000BDE8F04103F0DCBB45820600798206000C
:1046800092820600128306008847060038B5037E32
:10469000012B04460AD0032B16D121460D4819F0F0
:1046A00090FD0D490D481DF034FB0BE0C3681878F0
:1046B00017F08DFEC207054602D52046FFF794FF8E
:1046C000AB07EAD4002038BD03F0B2FB6FF0150051
:1046D000F9E700BFD4050020800B0020A0240020B3
:1046E000084A0346D2F85C0130B9D96839B1596932
:1046F00029B1C2F85C3170476FF0770070476FF0F6
:1047000015007047980400200148042117F088BE66
:104710006C050020F7B5B44DD5F85C31996811F0FF
:10472000010121D101AA40F60340FFF7CBFC04466A
:10473000002867D10198C3681B789BB9BFF35B8FD2
:10474000D5F8D430BFF35B8F05F1D40203F0090331
:10475000BFF35B8F52E8001F42E80034002CF9D110
:10476000BFF35B8F03F064FB01AA002141F2030059
:10477000FFF7A8FC0446002844D1019B9B4EDA6851
:10478000D2F80100D2F8051003C6184603F050FB1A
:10479000214601AA41F20100FFF794FC044688BBC0
:1047A0000198C3685A7885F870205A88A5F8722055
:1047B0001A7985F87120B3F80720A5F87420B3F8AA
:1047C0000530A5F8763003F033FB214601AA41F20B
:1047D0000200FFF777FC0446A0B9019FFA68531C5A
:1047E000413218685968344603C408339342264658
:1047F000F7D1384603F01CFB95F87C305E0604D4F4
:104800006FF01204204603B0F0BD01AA002142F26D
:104810000300FFF757FC04460028F3D1019B744EB8
:10482000DA68D2F80100D2F8051003C6184603F082
:10483000FFFA214601AA42F20200FFF743FC0446B8
:104840000028DFD1019CE368B3F8012091B249B19F
:10485000D97839B1A5F80421DA78114606F1280093
:104860001DF0A7F9204603F0E3FA95F87C6016F0F6
:10487000200618D1022140F66D40FFF7E9FB0446FF
:10488000002800F0A98002210C3019F0F3FC01236C
:10489000037046702146324640F66D40FFF712FC29
:1048A00004460028AED195F89C301C0712D501AA09
:1048B000002142F21C00FFF705FC04460028A1D1AC
:1048C0000198C368D3F80120D3F80530C5E938232F
:1048D00003F0AEFA95F8D830980623D50DF1020111
:1048E000684617F0E2FE044600288BD1042142F20C
:1048F0002400FFF7ADFB064600286DD004210C30E4
:1049000019F0B8FCBDF800300380BDF802304380D8
:104910002246314642F22400FFF7D4FB0446002829
:104920007FF470AF082142F20100FFF791FB0446CB
:10493000002851D008210C3019F09CFC95F8D820A3
:1049400012F0020F14BF2F230F23910695F8D920E0
:1049500048BF43F0400312F0090F18BF43F400634F
:1049600000220370C3F3072343708270C270027188
:1049700042718271C271214642F20100FFF7A2FB2F
:10498000044600287FF43EAF95F87C30B5F804115A
:104990009A0624D4C9B901AA41F20500FFF792FB97
:1049A000044600287FF42EAFB5F80431019C4BB9C2
:1049B000E368B3F80120A5F804219A880D48114650
:1049C0001DF0F7F8204603F033FA082140F60140C5
:1049D000FFF73EFB044678B96FF0680412E7002940
:1049E000F3D16FF004040DE79804002010050020B7
:1049F00070050020A005002008210C3019F03AFCB9
:104A0000102303708823437002230022C3702023E5
:104A10008270027142718271C371214640F6014079
:104A2000FFF750FB044600287FF4ECAE014601AAD4
:104A30004FF60140FFF746FB044620BB019803F008
:104A4000F7F9214601AA4FF60240FFF73BFB044667
:104A5000C8B90198C368B3F80130A5F8C13003F0B4
:104A6000E7F995F8C1305B070DD501AA21464FF64D
:104A70000340FFF727FB30B90198C3685B7885F8DE
:104A8000C03003F0D5F900F04DFA044600287FF459
:104A9000B9AE01F09FFA044600287FF4B3AEFFF7E9
:104AA00033FEAFE610B5FFF735FE034B1B6813B1BD
:104AB000BDE81040184710BD246C002070B52E4D85
:104AC000D5F85C3188B00646002B4FD06FF002015C
:104AD00005F1D40017F014FD012117F0A1FC10EA34
:104AE000010446D1254B1E600A4605F590701DF065
:104AF00060F805F5A2701DF037F800220023CDE91B
:104B000006236FF00803CDE90243CDE900441C4BB6
:104B10001C4904944FF4C0621B480CF0F7FA1B497F
:104B200019481CF07CFF1A481DF004F9194918486F
:104B300000946FF007034FF480620CF0ADFE16494D
:104B400013481CF06CFFD5F85C31DB6898470446CD
:104B500048B926B908B0BDE87040FFF7DBBD05F1E4
:104B6000C4000CF093FE204608B070BD6FF0120434
:104B7000F9E76FF07704F6E798040020246C002032
:104B8000CD44040080060220202400202B83060050
:104B9000A0240020C00C022031830600044BBFF388
:104BA0005B8F1868BFF35B8FC0F38000704700BF56
:104BB0006C0500200048704781780600F8B50A4D62
:104BC000EF7906460024E3B29F4202D86FF001005D
:104BD00007E02946304617F093FE0735631C08B1FD
:104BE0002046F8BD1C46EEE79804002037B5044681
:104BF0000D4671B11249284617F082FE48B9114896
:104C0000C4EBC4042946204417F087FE002003B0FB
:104C100030BD684617F0BEFB0028F8D16846FFF7A4
:104C2000CDFF0028F5DA074BC4EBC40018446946F1
:104C300017F073FE002DE9D001462846E4E700BFD7
:104C4000108206009804002038B512490622054655
:104C50001DF0F7FBC8B1062142F20500FFF7F8F995
:104C60000446A0B1062229460C3019F009FB0022A7
:104C7000214642F20500FFF725FA38B905482946D2
:104C800017F046FE012300F8013C002038BD6FF00C
:104C90006800FBE70105002070B50D46044698B199
:104CA0001E4917F02DFE78B92378012B02D06FF042
:104CB000150070BDA37903F0C003C02BF7D12046C7
:104CC000FFF77CFF002823DA002DF0D1144DEB799B
:104CD000012B20D0BFF35B8FD5F8D430BFF35B8FAF
:104CE000DB0707D4002CE2D00C49204617F008FE61
:104CF0000028DCD1EE792146731C3046EB71FFF7BA
:104D000075FF08B93046D4E7EB79013BEB71D0E78A
:104D10006FF07700CDE76FF00B00CAE71082060056
:104D200098040020F7B50446C8B101AA002141F259
:104D30000900FFF7C7F9064688B9019F0E49FD68CB
:104D40000135062228461DF07CFB28B10B490622BE
:104D500028461DF076FB28B9384603F069F8002094
:104D600003B0F0BD2946601C17F0D2FD384626700E
:104D700003F05EF80120F3E71D82060017820600AB
:104D800007B56846FFF7CEFF044BD87118B16946E6
:104D90000020FFF72BFF03B05DF804FB9804002010
:104DA000F7B5184B93F8C230DB0705460E4603D41F
:104DB0000024204603B0F0BD01AA00214FF60940AF
:104DC000FFF780F903460028F2D10198C2685478B1
:104DD000B44228BF3446023216279C4202DC03F05C
:104DE00027F8E6E7114607FB035602F1140C51F8C9
:104DF00004EB46F804EB6145F9D1098831800133B1
:104E00001632EAE79804002070B5154DEC7988B0A9
:104E10002CB9012102A8FFF7C3FFE871C0B9002136
:104E2000084608B0BDE87040FFF736BF02AB06FB8E
:104E300002310DF1010017F06BFD012369461046A8
:104E40008DF80030FFF7D2FE013410B108B070BD0C
:104E50001626EB79E2B29342E8D80020F6E700BFCD
:104E6000980400202DE9F04190460E461D4602466A
:104E7000002852D0002B50D03103047807D5730797
:104E80004BD417F05EFD88BB01232B702DE0F70794
:104E90002ED5234FB8F1000F13D0B0060AD4C4EBBF
:104EA000C403FB5C012B11D02B70B2061DD543F05F
:104EB0000203EAE797F8D8305906F0D46FF085007E
:104EC00014E0C4EBC403FB5C012BDED1072101FB22
:104ED00004710131104617F02CFD38B9C4EBC4043D
:104EE0003B5D2B70B8F1000FDFD10020BDE8F081F1
:104EF00073070ED50A4EC4EBC407F35D012BC4D172
:104F0000072111FB0431314417F013FDF35D2B70C1
:104F1000ECE717F016FD0123F9E76FF01500E5E760
:104F20009804002010B50A4CE3790BB1002010BDA5
:104F3000FFF726FF0028FAD1E379002BF6D1FFF71F
:104F400063FF0028F3D1601CBDE81040FFF77CBE72
:104F500098040020F8B545686905064635D404690B
:104F600014B115F0010330D0194F3078FB7983422A
:104F70002BD9C0EBC0001749072238441DF061FA55
:104F8000A8B115F0010306D197F87020082A02D8BD
:104F9000B2689F2A19D915F0300F09D0ACB1EA06D2
:104FA0000AD405F46035B5F5603018BF0120F8BDAE
:104FB000EB0601D4002CF4D1D6E902239A4204D89E
:104FC0001F2A02D9B3F5804FEBD90020EFE700BFCD
:104FD000980400201082060008B504490722093011
:104FE0001DF02FFA003818BF012008BD10820600FE
:104FF000F8B5154B067883F86F6004460D46FFF749
:10500000EBFF70B91149304600F0E8FD044610B9D5
:105010006FF00B00F8BD042100F01AFC2C6000209A
:10502000F8E704F109073946304617F0F6FE40B9B3
:105030002078394600F0D2FD04460028E8D005214A
:10504000EAE76FF01500E5E7980400200982060002
:1050500000487047B00400202DE9F04FD1F81090BF
:105060008DB09A460023B9EB0305064689480592A0
:1050700018BF0125079317F08EFC0C46410740F13D
:10508000FD802046FFF766FF28B96FF0150B5846E4
:105090000DB0BDE8F08F204617F06AFC804600286E
:1050A000F3D006F11007384617F075FC0206C0F37E
:1050B000C01300F1E680CDE90933CDF82B30A368A9
:1050C0006068ADF82030E368ADF8223017F054FC8A
:1050D0006FF400518DF82D006E4817F062FC6E4A97
:1050E0002378337082F86F3061680DF125032A460A
:1050F0003046FFF7B7FE83460028C8D106F1090005
:10510000B9F1000F13D0216917F05AFC204617F0AF
:105110004BFD63680546D80716D49A0503D4169B41
:105120000BB9022D4CD102238DF8243019E05B49D4
:1051300017F046FC204617F037FD6368D90705468F
:10514000EBD58DF824900CE013F0100F0CBF012369
:10515000042321698DF824300DF1260017F030FC6E
:10516000D8460F2142F20600FEF772FF8346002860
:1051700000F08A800F2208A90C3019F081F8002273
:10518000594642F20600FEF79DFF00287FD1B9F193
:10519000000F1BD06368DB0726D43046012117F0CF
:1051A00013FD079E8346002860D0002E3FF46FAFAA
:1051B0003046002100F04CFB304617F0C7FD66E793
:1051C0000323DDF858808DF82430CAE7179B00933D
:1051D000CDE90185169B05995246304617F06DFCC6
:1051E00083460028D6D052E707A93046FFF700FFD4
:1051F00083460028D1D010F10C0F7FF448AFB9F1ED
:10520000000F7FF444AF636898073FF540AF6268D2
:1052100082F00202C2F3400B0BF001020E2138466D
:1052200017F034FC6B1E5A425A410821384617F0D9
:105230002DFCA91E4A424A413846092117F026FC96
:1052400062680A2102F00102384617F01FFC42464C
:105250000B21384617F01AFC62680D21C2F3800258
:10526000384617F013FC4FF0000B10E716B130462C
:1052700017F06CFDB9F1000FCED1C8E76FF00A0B43
:1052800005E76FF0770B02E76FF0680BFFE68346E8
:10529000FDE600BF6C050020980400201082060087
:1052A00073B51546069A0C46CDE900322B460A46E0
:1052B00001461148FFF7D0FE21460646002340F282
:1052C00001109D4202D1304602B070BD0A88824270
:1052D00004D14A6812B11278D20702D401330831DE
:1052E000EFE7064906481CF02BFD4FF4702200231F
:1052F00003480CF067FBE6E7B004002019CC05007A
:10530000C804002010B5194817F083FC18486FF442
:10531000804117F046FB164817F03DFB03461A067E
:10532000C0F3C01021D5124817F035FB430513D543
:105330000E48FFF751FE0F490346087E93B90E4908
:10534000042200F081FC044630B10021417200F0DB
:105350007FFA204617F0FAFCBDE810400348002110
:1053600017F032BC05222131EBE710BDB00400205C
:10537000C0040020980400200982060073B532485A
:10538000314C17F008FB10F4804F5AD0204617F02C
:1053900002FB030655D4204617F0FDFA460550D50A
:1053A00001A9A4F11000FFF723FE002849D1A4F1C0
:1053B0001000FFF711FE0246204617F0ECFAC0F38A
:1053C0008031204617F0E7FA81F0010145054FEAE8
:1053D00041011D4848BF41F0010117F0DCFA80048B
:1053E00048BF41F0040119480DF10303FFF73AFDEE
:1053F000054630BB1548012117F0E6FB019E28B990
:10540000304602B0BDE8704017F0A0BC29463046D7
:1054100000F01EFA6FF480410B4817F0C2FA0546FF
:10542000304617F093FC6B040BD5BFF35B8F54E849
:10543000003F43F4804344E80032002AF7D1BFF331
:105440005B8F02B070BD00BFC0040020B00400201C
:1054500070B50B4B1D68044625B90A4D0A4EB5427E
:1054600007D370BD2B6813B1617A20469847AD69A8
:10547000F2E72B6813B1617A204698471C35EEE7B6
:10548000086E0020A8290600A82906002DE9F04191
:10549000154F04464FF000084FF04002EFF3118320
:1054A00082F31288BFF36F8F216A29B983F31188C1
:1054B000BFF36F8FBDE8F081606A0A6822628142A3
:1054C00008BF626283F31188BFF36F8FD1E9015681
:1054D000C1F80C80C1E9018838461CF051FB00225C
:1054E00031462046A847D7E70814002070B5D1E917
:1054F00001560022C1E901220446CA6005481CF099
:105500003FFB314620462B466FF06D02BDE87040F0
:10551000184700BF081400202DE9F84FDFF8788104
:105520001F46B8F80431002B04460D4608F5847078
:10553000164608BF0020002200230CF02FF8002898
:1055400040F0A780002E7AD006F10C0A5046B8F839
:1055500004B118F0CAFE58456BD9B8F804B155F833
:105560000C1F5A46504618F08BFE5946284618F034
:10557000A0FEA37AB569072B40F088804FF0400366
:10558000EFF3118283F31288BFF36F8F002D61D088
:1055900000232B60A369002B59D1C4E9055582F380
:1055A0001188BFF36F8F042106F10C0018F079FE0B
:1055B000238807F0FD0743EA07370780338A043B57
:1055C0004380022333763046FEF756FF074668B322
:1055D0004FF04003EFF3118183F31288BFF36F8F15
:1055E000002D4DD0636900225BB19D4245D12B68EF
:1055F000002A3CD1A2696361954200D1A3610023D6
:105600002B6081F31188BFF36F8F6FF00407B8F838
:1056100004312248002B08BF00200BF099FF2DB168
:105620000023B36129462046FFF760FF3846BDE8F6
:10563000F88F504618F059FE1FFA80FB8FE70022C2
:10564000002304F1380018F0BAFD064691E71D600A
:10565000A561A4E7A36933B103F10C09DB68013349
:10566000C9F800309BE7E36904F11C09F7E7136010
:10567000A3699D4208BFA261C1E71A461B68B3E750
:10568000D9F80030013BC9F80030BAE76FF07F0766
:10569000BDE76FF06807C9E798040020A005002067
:1056A0000448B0F80431002B00F5847008BF0020D6
:1056B000704700BF9804002038B5002204468A4293
:1056C00002D10024204638BD04F1C8030120BFF3F5
:1056D0005B8F53E8005F002D04D143E8000CBCF160
:1056E000000FF6D1BFF35B8F02D0D0340244E6E75F
:1056F000002CE6D0C822002120461CF021FF04F136
:10570000580004491CF01CFB034904F128001CF05C
:10571000D3FAD7E7B15D04001DCC0500F8B51F46EC
:10572000CB7A072B06460D46144632D9837A072BCF
:105730001DD162B31CF01AFF194B1A58194B9A422B
:10574000194807BF002200234FF0FF324FF0FF330C
:105750000BF0CAFE00B3B37A072B4FF0000209D05A
:10576000C0E90122C26001460F481CF009FA6FF03F
:105770007F00F8BDC0E90147C2600024A8612C7712
:1057800006F13800294618F049FD2046F1E7104699
:10579000F3E76FF01500ECE76FF06800E9E700BF92
:1057A00008000000F03500200814002070B5044601
:1057B00023481CF003FE224B0022204601211CF04E
:1057C000E0FDBFF35B8F1F4B1A68BFF35B8F04F1E3
:1057D00014000AB9012070BDA3F1C80113F8BE3C42
:1057E00093B9BFF35B8F0B1D53E8002F22F04005E8
:1057F00043E80056002EF7D1BFF35B8F530603D565
:10580000084617F017FAE5E78B7A072BE2D10E4B23
:10581000B3F80421002ADDD0D3F81021896B51B1EF
:105820004AB903F5847302211CF0ABFD012384F80F
:1058300020300220CFE7054B00220421F4E700BF0F
:10584000900B0020082600209804002078250020D6
:105850002DE9F041857A8D42044600F098808172EE
:1058600025B98378082B01D017F054FAA37A012BBD
:105870001DD1564D002705F584764FF04002EFF319
:10588000118382F31288BFF36F8FE269002A78D008
:10589000013AE26183F31188BFF36F8FB5F80431E9
:1058A000002B14BF304600200BF052FEE5E7072B1B
:1058B00009D0002B6BD1A378042B24D12046BDE85E
:1058C000F04117F043BAA378042B60D004F13800FC
:1058D0001CF04AF93E4800210CF040FE0023C4E9C8
:1058E0001433E378012B52D1A378012B04BF032397
:1058F00084F8AC3004F158004FF42032BDE8F04198
:1059000000230CF02BB8013D052D40D801A353F81E
:1059100025F000BF2D59040075590400BD5804003E
:10592000BD58040075590400755904002046FFF75E
:10593000ADFDA378012B0AD104F1580528461CF0CF
:105940000BFA10F00C0F02D028461CF007FABFF338
:105950005B8F043454E8003F43F0400344E80032D6
:10596000002AF7D1BFF35B8F1948BDE8F041002151
:105970000CF0F4BD637A002BA0D02046FFF768FD41
:105980009CE7616929B983F31188BFF36F8FBDE884
:10599000F081A0690A686261814208BFA26183F355
:1059A0001188BFF36F8F4FF04002EFF3118382F342
:1059B0001288BFF36F8FCA68E261CF6083F31188EA
:1059C000BFF36F8F2046FFF791FD67E79804002033
:1059D000900B002010B502460C460748012117F035
:1059E000D1F9034610B90023184610BD827814423D
:1059F000FAD117F0ABF9F6E740250020034BC01AA7
:105A0000034B00115843C0B2704700BF402500202F
:105A1000C54EECC438B50D460649002808BF0846F7
:105A200018F0C8FB044618B1291D0C3018F01EFCF4
:105A3000204638BD38140020F8B5BFF35B8F4268AC
:105A4000BFF35B8F9205044600F1040319D5B0F84B
:105A50009E20B0F8A010914213D8B0F8A210914245
:105A60000FD3D0E9291291420BD1BFF35B8F53E8DA
:105A7000001F21F4007143E80012002AF7D1BFF3A0
:105A80005B8F104B1D6825B90F4D104FBD420CD3D5
:105A9000F8BDEE683EB1B4F8A630B4F8A420B4F86E
:105AA0009E102046B047AD69EDE7EE683EB1B4F810
:105AB000A630B4F8A420B4F89E102046B0471C3598
:105AC000E4E700BF086E0020A8290600A829060008
:105AD000F8B50D4B1D68044600F1BE0635B90B4DF7
:105AE0000B4E04F1BE07B54207D3F8BD6B6913B185
:105AF000314620469847AD69F0E76B6913B13946E6
:105B0000204698471C35EEE7086E0020A8290600BD
:105B1000A8290600F8B50D4B1D68044600F1BC0627
:105B200035B90B4D0B4E04F1BC07B54207D3F8BD98
:105B30002B6913B1314620469847AD69F0E72B69D0
:105B400013B13946204698471C35EEE7086E002011
:105B5000A8290600A82906002DE9F04107460846B5
:105B60000C4616F03AFE054618B900252846BDE851
:105B7000F081134B1E6846B9124EDFF84C80464543
:105B8000F4D2B36883B91C36F9E7B3680BB9B669C8
:105B9000F1E72146384698470028E6D0204616F01F
:105BA0001CFE0028F3D1E0E721463846984700283C
:105BB000DBD0204616F011FE0028E4D1D5E700BF67
:105BC000086E0020A8290600A8290600024B1A68C2
:105BD00082611860704700BF086E002038B5054626
:105BE0000C460A480121FFF767FD70B10572236872
:105BF000C0F88830A388A0F88C30A37980F88E3064
:105C000001238370024BC0F8A03038BD402500202E
:105C10001800280070B505460A480E4617F07AF8B5
:105C2000044620B18378012B04D017F08FF80024AC
:105C3000204670BD3246294617F0CFF80028F7D12C
:105C40002046F2E740250020F8B505460E480E46EE
:105C5000174617F05FF8044620B18378012B03D074
:105C600017F074F800240DE036B13246294617F0DB
:105C7000B4F808B92046F3E7A37ABB42FAD1237AF5
:105C8000AB42F7D12046F8BD4025002010B58378FF
:105C90000B70C3784B70037A8B70837A023BDBB254
:105CA000062B96BF254A0023D35C81F824300123BC
:105CB00081F825300023CB848378012B3AD100F181
:105CC00088038B60037A1E4AC3EBC30313444B6003
:105CD000C47800F1960300F18F0214B11C461346FC
:105CE0002246C1E90323B0F89E308B82B0F8A4307D
:105CF000CB82B0F8A6300B8300F1BC03CB6100F17E
:105D0000BE030B62D0F8B8302BB15B7BDA0644BF20
:105D1000012381F82730D0F8B83013B15B7B9B06A4
:105D200001D4002010BD91F8273043F0020381F820
:105D30002730F6E76FF01500F4E700BF8383060015
:105D40009804002038B5044608460D4616F045FD77
:105D500048B3164B93F8D830990707D4E37883B14A
:105D600029462046BDE8384000F0AEB994F8AD3081
:105D70009A07F3D5BFF35B8F6368BFF35B8F5B0557
:105D8000ECD42946204617F052F858B92B88A4F8CD
:105D9000A0306B88A4F8A230AB88A4F8A830EB88B8
:105DA000A4F8AA3038BD6FF01500FBE79804002076
:105DB000F7B510F84E3C0446A0F15806FBB9304642
:105DC00017F08AF8344B1D684DB9344D344FBD423D
:105DD0000DD3304603B0BDE8F04016F0B7BF6B6896
:105DE0001BB114F84F1C30469847AD69ECE76B685F
:105DF0001BB114F84F1C304698471C35E7E710F8E4
:105E0000563C012B30D1BFF35B8FA0F1540555E810
:105E1000003F23F4007245E800210029F7D1BFF3C9
:105E20005B8F9B0522D5A36C00936946236D01937C
:105E30003046FFF787FF58B9BFF35B8F55E8003F47
:105E400023F4807345E80032002AF7D1BFF35B8F5B
:105E5000BFF35B8F55E8003F43F0800345E8003215
:105E6000002AF7D1BFF35B8F03B0F0BD0D4A106875
:105E700051686B4603C369463046FFF763FF00284D
:105E8000E6D1BFF35B8F55E8003F43F4807345E8EC
:105E90000032002ADAD0F6E7086E0020A8290600B2
:105EA000A8290600202C060001460148FFF7B2BDD4
:105EB000901400202DE9F047837A054693B9BFF38B
:105EC0005B8F031D53E8002F22F0400143E80014CC
:105ED000002CF7D1BFF35B8F530603D5BDE8F04725
:105EE00016F0A8BE05F138001BF05FFE044660B94D
:105EF000344A3549354840F2973315F0E3F94040CC
:105F000080F311884FF0030002DF204618F088F973
:105F1000DFF8BC90028AB9F804319A420446027F45
:105F200007D832B9022321462846FFF7F5FA06467C
:105F300032E017464FF0000A228AB9F804319A423B
:105F400004D80123237700220323ECE74FF0FF332B
:105F50004FF0FF320020FFF7A7FFAB7A072B8046F8
:105F600006D001F065FF2046BDE8F04701F060BFB4
:105F7000C0F818A080F81CA0637F437702463B4618
:105F800021462846FFF7C8FA0646B8B107F00107D0
:105F90002777404601F04CFF204601F049FF0536C7
:105FA0000ED1A6690023A361204601F041FF3EB156
:105FB00031462846BDE8F047FFF798BA0127BBE70E
:105FC000BDE8F087538306002A840600928206000B
:105FD0009804002070B50C480C4D0B4E1BF0C4FD0E
:105FE00000242946304601341BF0CAFD1E2C05F161
:105FF0001005F6D100F03AFE18F0D4F8044608B9BE
:1060000016F0F4FF204670BD08140020286C002014
:10601000044B186818B9044A5A600B6070476FF057
:106020000B0070470C6E002038480600F7B5244D71
:10603000244F04460026BD4201D303B0F0BD6B6877
:1060400001A920469847002834DB019B2A889A82C0
:106050009A8403F11002A868BFF35B8F52E8001F17
:1060600042E8006CBCF1000FF8D1BFF35B8F9E607B
:10607000616D03F10802F9B9C4E914221C60D8600B
:10608000019843681B6803B19847019BBFF35B8F7E
:10609000103353E8001F41F0010143E80012002AC9
:1060A000F7D1BFF35B8F01984368DB6913B100F14F
:1060B000100198470C35BEE70A606265DEE700BF55
:1060C00084290600A829060073B5174B0E461978D7
:1060D0000131C9B2012938BF012105460822122029
:1060E000197016F0CDFE0446D0B108210C3018F01E
:1060F000C1F83388038073884380B3888380F38832
:10610000C3800023284600932246052116F0FFFE97
:10611000054610B1204601F08BFE284602B070BD46
:106120006FF00B05F9E700BFDB53012023281FD8D0
:106130001A2804D8431E182B0ED906207047A0F148
:106140001B03082B1ED8DFE803F0051D1B231D19B8
:10615000251D0500032070470F4A012383401A4084
:10616000C2B90E4A1A40002A14BF01200620704707
:1061700000F07F03522B05D10020704701207047AB
:106180000520704710F0400F0CBF0620002070471C
:106190000420704702207047AAAA8A02545545017C
:1061A000011F01481BF00FBC9412002010B50446DB
:1061B00080B10C4B98420DD303F51673984209D267
:1061C000002114221CF0BCF921460748BDE810400C
:1061D0001BF0D6BC20461422BDE8104000211CF064
:1061E000AFB900BF3C6E0020F013002010B500F1E5
:1061F00030030446BFF35B8F53E8001F41F00401F6
:1062000043E80012002AF7D1BFF35B8F201F17F07D
:1062100006F804F16C0004491BF092FD2068BDE80B
:10622000104001F001BD00BF4D6E04002DE9FF419B
:1062300005460E464FF000084FF4205300681768DB
:106240008DF8088002A91446ADF80A3016F054F80B
:10625000A0B142F6010328688DF80C8003A9ADF8BF
:106260000E3016F049F848B123691BB15A88B24282
:1062700000D25E80012004B0BDE8F081616828682A
:1062800016F03AF810B100232361F3E7E368A06841
:106290001A786AB1B7F81AC0798D038A8C4594BF11
:1062A000C3EB0C03C3EB0103934201DA0020E2E7E6
:1062B00004210C3017F0DEFF2061068023695E8028
:1062C000074B00930194A26800232946384617F033
:1062D00045F80028EADB2069003818BF0120CAE72A
:1062E00085D205002DE9F8430F46438D418B8B4243
:1062F00002F1010228BF0B469A42064625D83846CD
:10630000FFF714FF022824D004283FD04FF0FF38B5
:106310004FF0FF39002142464B46084616F0F4FD87
:10632000044690B11CF022F91B4B1A581B4B9A42A1
:106330001B4807BF0022002342464B460BF0D4F80F
:106340000546D0B9204601F073FD00242046BDE883
:10635000F8830F2F1AD0212F18D0B36D002BF4D152
:10636000706D17F05DFF044617F01FFF082104F160
:106370000C0006F1580517F079FF2E600121A56188
:1063800004F10C0017F076FF0770DFE74FF4702878
:106390004FF00009BEE700BF08000000F035002004
:1063A000F01300202DE9F74317680546884600687A
:1063B00051687E68144615F09FFF8146002842D13F
:1063C00030469522294617F0A6FD0646207540B1B5
:1063D000E3681B780BB184F81490002003B0BDE88B
:1063E000F083A06817F020FF02210C3017F042FF65
:1063F000164B2061A0F8008000930194A2683346F8
:106400002946384616F0AAFF002807DA10F1FF0FD8
:1064100026BF4042C0B20E202075DEE72369002B64
:10642000DBD0A06816F0EDFD7B8D7A8B9A4294BF8D
:10643000C0EB0200C0EB0300E3681B78984294BFF6
:1064400000200120CAE70120C8E700BF13D00500E3
:10645000F7B5002304460E462B48002269460AF091
:10646000E7FD0546D0B91CF081F8284B009F1A586B
:10647000274B29461A60381D28221CF061F83C6021
:10648000009C24480195C4E90155C4E9095500223E
:10649000002301A90AF0CCFD054620B16FF00B05E1
:1064A000284603B0F0BD019B0146A82218461CF007
:1064B00047F8194A82603C301BF056FB019BBFF342
:1064C0005B8F343353E8002F43E800510029F9D1A2
:1064D000BFF35B8F019B1C60636A019F1BB904F1D2
:1064E0000C001BF041FB626AC7F8A020A26A07F10A
:1064F000A003636202B9A362019B17225A855A83E3
:1065000004333360CCE700BF78120020080000009D
:106510009470002094120020A00B00202DE9F34776
:10652000D1F81880CB68D8F80090BFF35B8F426B2E
:10653000BFF35B8F520706460C463AD51B78D22B29
:106540000FD10368186817F02AFE054648B1A06904
:10655000FFF72CFE204601F06BFC284602B0BDE898
:10656000F08704F10C0017F0BCFEB4F810A0C8F8D6
:10657000006033681D68E36807461878FFF7D6FDAA
:10658000052896BF0C4B0D4B53F82030CDF80080FA
:1065900028462246042116F0BAFC05460028DCD025
:1065A0006369A4F810A013FA87F7E760C8F80090B1
:1065B000D3E76FF01505D0E760480600F5D7050072
:1065C0002DE9F84F0B8A05460C46002B6AD00121B5
:1065D00004F10C0017F075FE55F8043C0646002B3C
:1065E00060D00278324FA5F10408002317F8331069
:1065F00091424FEAC30A07EBC30B16D1204617F0AE
:106600000FFE9BF802902865B9F1010F22D0B9F175
:10661000050F37D0228A9BF801309A423DD3DBF830
:10662000043021464046984737E001330E2BDDD138
:10663000204617F0F5FD286531780846FFF776FD0E
:1066400058B3052829D041B306230022404617F04D
:1066500087F822E0002105F1300016F050FFE0B984
:106660009BF80120238A9A421FD8574421467B6811
:1066700040469847B9F1010F03460ED168B1317811
:1066800059B1E2E7012105F1300016F038FF20B9D9
:106690009BF80120238A9A42E7D9286D01F0C8FBB4
:1066A00000232B650020BDE8F88F0423E7E700BF37
:1066B00078480600F0B51E4603680D46003987B0DD
:1066C000044618BF01211868174617F00BFD48B99A
:1066D000052104F1340016F012FF002848D00020F4
:1066E00007B0F0BD002E45D01822002168461BF0EF
:1066F00027FF67BB2368204A1B6800930023ADF87F
:1067000012300C9B0393BDF83430ADF810300123E8
:106710008DF8143031466B4630468DF8085016F02F
:10672000D0FC9DF81430E3B1002FD8D0019B9869BC
:10673000FFF73CFD019801F07BFB9DF81430002D24
:10674000CDD032462946204617F00AF8C7E7002286
:1067500039462046FFF7C6FD01900028CAD1112016
:10676000BEE701990029BAD0204616F0EBFFB6E744
:106770001220B5E70120B3E761D005002DE9F04113
:106780000E8A043EF6B2022E04468CB0084601D0B2
:10679000102E6BD104210C3017F093FD0DF1080879
:1067A00005884788011D3246404615F0D3FD002874
:1067B0005ED0002D39D00026002F35D0BD4234D810
:1067C0004FF4205301A940468DF80460ADF806301F
:1067D00015F092FD68BB1422002107A81BF0B0FE43
:1067E00001221121204617F085F8099000283BD09E
:1067F00001210C30CDE9074817F03CFD00230A9039
:106800001C4A037039460B93284607AB16F059FC17
:106810000A9B1B781BBB099B9869FFF7C7FC09986B
:1068200001F006FB0A2301E03D4601232A46102120
:106830000EE042F6010307A940468DF81C60ADF852
:106840001E3015F059FD0028C5D010232A461946E0
:10685000204616F085FF00200CB0BDE8F0810999B4
:10686000204616F06FFFF6E71120F5E70420F3E766
:106870000E20F1E72D6204002DE9F043036885B096
:1068800004460D461868012117F02CFC50B905216B
:1068900004F1340016F033FE00283BD1122005B07D
:1068A000BDE8F0831022002168461BF049FE00225B
:1068B0002121204617F01EF8029068B3DFF85C90A3
:1068C000009405F10C074FF001082B8A012B04D826
:1068D0000299204616F036FF1CE0384617F0F9FC06
:1068E0006B464A46014606468DF80C8016F0E9FBD9
:1068F0009DF80C30002BE8D0029B9869FFF756FCFE
:10690000029801F095FA9DF80C303246202120467D
:1069100016F026FF0020C2E71120C0E76FD5050062
:106920002DE9F043036885B004460D46186801213F
:1069300017F0D8FB50B9052104F1340016F0DFFD43
:1069400000283BD1122005B0BDE8F08310220021C1
:1069500068461BF0F5FD00220F21204616F0CAFF05
:10696000029068B3DFF85C90009405F10C074FF0DB
:1069700001082B8A012B04D80299204616F0E2FE6A
:106980001CE0384617F0A5FC6B464A460146064611
:106990008DF80C8016F095FB9DF80C30002BE8D09C
:1069A000029B9869FFF702FC029801F041FA9DF8FA
:1069B0000C3032460E21204616F0D2FE0020C2E7EF
:1069C0001120C0E729D50500F0B51D46036885B044
:1069D00004460E4618680121174617F083FB40B99C
:1069E000052104F1340016F08AFD70BB122005B0B9
:1069F000F0BD8DB31022002168461BF0A1FD0022DE
:106A00003946204616F076FF029038B3BDF828309C
:106A1000ADF8043001238DF80C30114A00946B4618
:106A20002946284616F04DFB9DF80C307BB1029BA1
:106A30009869FFF7BBFB029801F0FAF99DF80C305A
:106A40002A463146204616F08BFE0020CFE70299F9
:106A5000204616F077FEF8E70120C8E71120C6E7C8
:106A600029D505002DE9F0410D8A043DEDB2022D36
:106A700004468CB0084601D0102D50D104210C30B2
:106A800017F01FFC0DF1040806884788011D2A46EF
:106A9000404615F05FFC002843D096B187B1B7425D
:106AA0000FD3182200210DEB02001BF049FD01223B
:106AB0000921204616F01EFF089060B9112007E05A
:106AC0003E46012332460821204616F049FE0020AA
:106AD0000CB0BDE8F08101210C30CDE9064817F07B
:106AE000C9FB0023099003700A238DF82C300E4A4D
:106AF00006AB3946304616F0E4FA9DF82C304BB11F
:106B0000089B9869FFF752FB089801F091F99DF8EE
:106B10002C30D7E70899204616F014FED7E704205A
:106B2000D6E70E20D4E700BFA56304002DE9F043AB
:106B30000F4687B00446062107F10C0017F0C1FB91
:106B40000588B0F802808288D7F80C90C5B1002380
:106B5000B8F1000F13D0454512D88DF800308DF8EC
:106B6000043001A94FF420536846ADF80220ADF877
:106B7000063015F0C1FB064660B10A2301E0454628
:106B800001232A460621204616F0EAFD002007B020
:106B9000BDE8F0830146142201A83F7C1BF0D0FC25
:106BA00032460721204616F0A5FE0290F8B10A23CE
:106BB0008DF815300F4A019401AB41462846CDE9C6
:106BC00003698DF8147016F07CFA9DF815304BB1FE
:106BD000029B9869FFF7EAFA029801F029F99DF8FB
:106BE0001530CEE70299204616F0ACFDCEE7112015
:106BF000CDE700BFD9D005007FB5CB681D885E8882
:106C000004468DB17EB1B5420ED8102200216846EF
:106C10001BF096FC00220521204616F06BFE019029
:106C200058B9112007E0354601232A4604212046A1
:106C300016F096FD002004B070BD6B460A4A009421
:106C40003146284616F03DFA029B43B9019B9869EC
:106C5000FFF7ACFA019801F0EBF80A23E5E7019998
:106C6000204616F06FFDE5E7A5D2050070B509488E
:106C7000094D084E1AF078FF0024294630460134A9
:106C80001AF07EFF1E2C05F11405F6D1BDE8704008
:106C900000F038BBF01300203C6E002013B50B460B
:106CA000002101910E4902461BF060FC0C680D4961
:106CB00009580D488C4208BF002201A908BF13469D
:106CC0000AF0B6F9014640B9019B102218461BF0A4
:106CD00037FC0346184602B010BD0023FAE700BF98
:106CE00094700020080000002013002010B5836875
:106CF00004463BB19869FFF759FAA06801F098F88B
:106D00000023A36021460248BDE810401AF05BBE94
:106D1000201300202DE9F347044670300E46174635
:106D20001D461BF01BF8A06B30B9206816F096FCCE
:106D3000002002B0BDE8F087104B98424FF00008E9
:106D400002D1C4F83880F0E7D0F80490C0F804808D
:106D5000A06BD0F80CA0FFF7C9FF2068C4F83880FA
:106D600016F07CFCB9F1000FE2D02068CDF800A04D
:106D700000683B4632462946C847D9E7987000204C
:106D80002DE9F34150F8044C0546002C59D000F190
:106D90009C0104F1240016F088FB2F1F05F1380830
:106DA00000220023404617F00AFA064640BB6B6BF0
:106DB0002BB1024601460E233846FFF7ABFF0023F6
:106DC00045F8043C022105F1300016F087FB636AA8
:106DD000002B36D104F10C0700220023384617F0AF
:106DE000EEF9064698B96668C6B917482660214686
:106DF0001AF0E9FD286802B0BDE8F04100F038BFA4
:106E0000B069FFF7D3F9304601F012F8C8E7B0696E
:106E1000FFF7CCF9304601F00BF8DDE7A2683368E4
:106E20006360964208BFA360776837B1F368009348
:106E3000002320681A460E21B8473046FFF756FF58
:106E4000D1E702B0BDE8F0817812002070B550F8AB
:106E5000703C92B00646186815F0E7FF03780446C8
:106E600007AD032B24D8DFE803F0021D1F211349CF
:106E70002846F1F7C0FBA379059562780492A278C1
:106E80000392E278029222790192627900921E21A5
:106E90000B4A0AA80EF06CFBA6F16C00FFF770FF1E
:106EA00012B070BD0749E3E70749E1E70749DFE7AB
:106EB000074A0A2128460EF05BFBDCE7BD8306008B
:106EC000E6830600C4830600CB830600D583060054
:106ED000DF83060070B5144D064640B115F8011C5D
:106EE0002A466C1E15F079FF98B120460CE00F4938
:106EF000284616F039FE40B90C4905F1100016F08D
:106F000033FE20B105F10F0070BD681EFCE70020C4
:106F1000FAE7217C04F11102304615F05EFF0028EB
:106F2000F5D004F11000EFE7C170002010820600D8
:106F300070B50D4C2378834205460E4603D1601C84
:106F400016F012FE60B9237BAB420BD107483146E5
:106F500016F00AFE18B101200C2303FB004070BD9F
:106F60000020F9E70020FAE7D6A30020E3A30020E1
:106F700038B54A1C0C46054668B90E49104616F04D
:106F8000F3FD30B90B4904F10B0016F0EDFD70B1C3
:106F90000A3420460CE0097815F01FFF0028F8D1CC
:106FA000A17A04F10B02284615F017FFEFE7002045
:106FB00038BD00BF1082060010B50A48012116F046
:106FC000E1FD38B90849094A0B88094CA24202D3AD
:106FD00000B10B8010BD506803449BB20832012001
:106FE000F4E700BFE0700020EEA30020A82906000F
:106FF000C82906002DE9F04180460F4616461D4679
:10700000FFF796FF044648B90B49FFF791FF044686
:1070100080B100F8018B394616F0FEFD22896389A4
:107020001AB92BB92681658104E0964238BF2681C2
:107030009D42F8D8BDE8F081108206002DE9F843A2
:107040001E46BDF82030D1F80C8081460F46002B3B
:107050003DD1731E012B3DD8012E4146157818BF36
:107060001588FFF785FF044680B915B93046BDE89D
:10707000F8834146FFF77CFF044670B309F18801AD
:10708000013016F0C9FD99F808302370D8F81C308B
:107090008BB92581B8F81430AB4203D0414638464D
:1070A00016F0EAFC002DE1D10D49601C16F0B4FD8C
:1070B00025702581DAE72A46394648469847002850
:1070C000D5DB01380128E4D96FF00D00CFE76FF070
:1070D0000600CCE76FF00C00C9E76FF01000C6E7C0
:1070E000108206001FB51046074A19464FF42813B0
:1070F000CDE9022308230093BDF818206B4416F055
:10710000B8FD05B05DF804FB18002800024608B57C
:107110000849013016F080FD002313720C32BFF3D2
:107120005B8F52E8001F42E800300028F9D1BFF31E
:107130005B8F08BD1082060070B505460C461048EE
:10714000002116F01FFD0F4B70B91D835C830C48A6
:1071500016F012FD83070DD4BDE870400A484FF4C5
:10716000A47200230AF02EBC198B5A8BA94202D8B4
:107170009442EBD870BD94421D83E8D9E6E700BF86
:10718000C8260020782600209826002010B56FF031
:10719000020104460F4816F00AFD0E4816F0ECFCFA
:1071A000C20704D50C48002200230AF00BFC20463D
:1071B00016F039FC60B12046FFF78CFE40B1037A2F
:1071C000DB0705D5BDE8104000210C3016F0DABC15
:1071D00010BD00BFC826002098260020F8B56FF02B
:1071E00008011748174C184F16F0E1FC17484FF4E8
:1071F000A4720023FCF716FD00263946204616F03F
:10720000B3FCC0B9E379DB0715D52146FEF702FDD3
:10721000054620B116F009FC284615F097FD04F14B
:107220000B056FF00201284616F0C1FC6FF001015A
:10723000284616F0BCFC103406B1F8BD0126DCE788
:10724000C8260020C17000201082060020260020E1
:107250002DE9F047284B164682689A4207462BD103
:10726000C568AB8A43B36C1C05F115094FF00008E3
:10727000B4F807309BB114F8011C2246304615F0D3
:10728000ACFDE0B914F8010C2146FEF7C3FC30B1A7
:10729000837A072B08BF4FF0010815F057FD0A3419
:1072A0004C45E5D1B8F1000F06D1AB69A5F81480C3
:1072B00013B14146384698470120BDE8F08706F1F2
:1072C000880A307A514615F019FB78B90B4B9D426C
:1072D00002D1304616F0ACFC0949204616F09CFC61
:1072E000002304F8013CA4F80730D8E751462046B3
:1072F00016F092FCD3E700BF3D700400E00B0020C5
:107300001082060010B50E48002116F03BFC044622
:10731000A0B9FFF751FE0B4B0B490C48C3E90044E1
:107320001AF00EFD09484FF4A4720023FCF774FC18
:10733000BDE81040064907481AF002BD10BD00BF65
:10734000E0700020EC7000209D75040020260020D5
:10735000E9780400982600202DE9F041034648B161
:10736000008A38B91249DFF84CE001244FF0140CC0
:10737000714501D3BDE8F081D1E90076BB4204D369
:107380000CFB0672143A93420ED93444A2B208316F
:107390001446EDE70CFB0578434507D0013562192B
:1073A000B54292B2F6D1F2E70025F8E71046E1E7E0
:1073B000A8290600C82906002DE9F04F89B0994692
:1073C000BDF8483004460F4690461BB94FF6FF7390
:1073D000ADF84830314B1B88A34230D2BDF848305D
:1073E000ADF81E302E4B1D687DBB09B0BDE8F08F97
:1073F00069685144A14220D289B208358A46294B96
:107400009D42F5D3EAE7149B28680493139B0393EA
:1074100012ABCDE90193CDF800803B4622460BFB31
:10742000060016F0D3FB0028DFD001366B680AEBAC
:107430000601B34289B2E6D8DFE70026F6E71A4D27
:107440004FF0010A4FF0140BD9E7083D4FF0140A32
:107450000DF11E0BAE68BEB96B689E4219D228684A
:10746000149B0AFB06002246018A0493139BCDE974
:107470000089CDE902B33B4616F0A8FB0028B4D042
:107480000136E9E70026E7E756F8083C1B8AA342E5
:10749000F8D8AD68002DA8D0083DDBE7EEA30020AA
:1074A000E4700020C8290600A829060010B5C8B05D
:1074B00000231CAA694604A8CDE90033CDE90233B4
:1074C00014F0E2F920B34FF6FF710120114A04AB2A
:1074D00016F016FD104804A914F06BFAC0B10E4B5B
:1074E000082203F11001187811F8014D03F8014B3F
:1074F000013A0870F7D1BFF35B8F084B53E8001FC8
:1075000041F0080143E80012002AF7D1BFF35B8F76
:1075100048B010BDC3DA050010260020C8260020A0
:107520002DE9F0411A49BDF818700446A1F1300068
:1075300015461E461AF026FC164816F01DFB0107DC
:1075400001D4FFF7B3FF2046FFF7C4FCA8B1037ACC
:10755000DA0712D500F10C04204616F00DFBC30724
:107560000BD4BFF35B8F54E8003F43F0020344E8C1
:107570000032002AF7D1BFF35B8F102306933A46FF
:1075800031462846044BBDE8F04116F072BB00BFFF
:1075900050260020C82600201026002008B50548E7
:1075A00016F0EAFA030703D4BDE80840FFF77EBFF0
:1075B00008BD00BFC82600202DE9F74F0446FFF79D
:1075C000FBFC2368002518688DF800504FF4C05369
:1075D0006946ADF8023014F08FFE20B96FF07700E5
:1075E00003B0BDE8F08F236801A918688DF8045036
:1075F00041F60103ADF8063014F07EFE0028EDD010
:10760000454D0AF0EDFB2B682768B4F80490ABB940
:10761000424A1688002F53D1002204F10803A260C9
:107620006A68002A54D1C5E900333D4816F0A4FA2F
:10763000C3075DD40AF0E8FB0020D1E76B68002B9C
:1076400063D053E90232142101FB023333F8046C96
:10765000002F3BD1002EDFD023681F8AB742DBD832
:1076600029680029E1D0A1F1080300221868008AE6
:10767000B84236D904F108036AB39168A1600029C1
:10768000CED09360D1E7398A69B9711C89B2398249
:1076900009F1FF3914371FFA89F90E46B9F1000FC5
:1076A000F1D14646D6E7B142F2D801AB5A46084678
:1076B000CDF804A016F024FC019B43BB3146E7E75C
:1076C0009846DFF860B04FF0000AE7E7B046F8E709
:1076D00013606B60A9E76A68A1602B60002AA4D1DF
:1076E000F7E798680028A0D01A46A0F10803BDE784
:1076F000D4E90023142101FB0323108A33F8041C6E
:10770000FFF71AFDFFF76AFD94E71B68FFDE0AF03A
:107710007BFB6FF0150063E7E4700020EEA3002010
:10772000E070002073DA050007B500230193FFF72E
:1077300013FE411C89B20846034A01AB16F0E0FB78
:10774000019803B05DF804FB83DD05002DE9F047E7
:10775000894651684F8A17F014078046154642D172
:10776000022216F0F4FB002840D04FF470200021D4
:10777000AE8AFFF793FA0236044660B11D4B4360B0
:10778000C56032461D21404616F08FF8064638B9CE
:107790002046FFF7ABFA6FF00B052846BDE8F087EF
:1077A00001233A46394606F10C0A16F05BF902212C
:1077B000504616F05FFD0746504627F8029BA98AFF
:1077C00016F058FDAA8A296938461AF091FEA6607B
:1077D0002146404616F012F905460028DDD0204625
:1077E000FFF784FAD9E74FF0FF35D6E76FF01505BC
:1077F000D3E700BF95DA050030B504468BB03748B3
:1078000016F0BAF942070D4661D514B1A37A072BD9
:1078100060D168680590FFF79FFD2A68ADF81800F1
:107820003AB305A902912E4901910121002300914B
:107830004FF6FF710593FFF7BFFD059B1BB96FF076
:1078400001000BB030BD6B60059B186800238DF8FC
:10785000103004A942F60303ADF8123014F04CFDC9
:1078600070B90598C3689B799B0605D46FF0150025
:10787000E7E70028E8D1E2E716F0FBFAADF81800D8
:10788000BDF818003CB101230146AB752A462046DD
:10789000FFF75CFFD5E76FF07F0307930223ADF896
:1078A000203042F60213ADF8123005ABAC750293EE
:1078B0000C4B01930123009304AA23464FF6FF715A
:1078C00009958DF81040FFF777FD0798B9E76FF03D
:1078D0000A00B6E76FF07F00B3E700BF6C05002039
:1078E000BBDA0500157B040073B500F130050446D2
:1078F00050F8083C0193A0F120066FF001012846E2
:1079000016F055F9114B44F81C3C114B44F8183C47
:1079100001AB002044F8103C042324F8080C24F8A0
:10792000060C24F80C3C3146FFF766FF58B9BFF34C
:107930005B8F55E8003F43F0020345E80032002A20
:10794000F7D1BFF35B8F02B070BD00BF10490600D6
:107950008D71040070B52F4B146882689A420646F8
:1079600056D1C5682B8973B12A46204612F8011BEF
:1079700015F033FA38B14FF495723146204616F0BF
:10798000CAFA032812D16B8A002B41D0A97A05F1DB
:107990000B02204615F021FA002839D04FF49572D9
:1079A0003146204616F0B7FA032831D02946304632
:1079B00016F062F8184B9D422AD1207A04F1880112
:1079C000FFF7B6FA054618B303890BB94389FBB133
:1079D0002046FEF713F8114A2B8922F8203002EBDB
:1079E0008003698959800E490E4D182303FB00134B
:1079F00000B202EB800200EB40005D601A610A4DAC
:107A00009D60042201EBC00120469A82FFF7F4FE3C
:107A1000012070BD3D700400E00B0020D2A30020C7
:107A2000A87000201049060011DE050030B504469C
:107A30008BB0354816F0A0F842070D465DD514B15D
:107A4000A37A072B5CD168680590FFF785FC2A684C
:107A5000ADF818003AB305A902912C490191012112
:107A6000002300914FF6FF710593FFF7A5FC059BDE
:107A70001BB96FF001000BB030BD6B60059B18683F
:107A800000238DF8103004A942F60303ADF812303C
:107A900014F032FC70B90598C3689B79DB0605D4F5
:107AA0006FF01500E7E70028E8D1E2E716F0E1F90A
:107AB000ADF81800BDF818002CB101462A46204642
:107AC00016F0D2FAD7E742F60212ADF8122005AA54
:107AD0006FF07F0302920E4A07930123CDE9003233
:107AE000ADF8203004AA23464FF6FF7109958DF8B2
:107AF0001040FFF761FC0798BDE76FF00A00BAE796
:107B00006FF07F00B7E700BF6C050020BBDA05000F
:107B1000157B04002DE9F0473F4B144682689A42DA
:107B2000804636D1D0F80C903C4B994519D13C4D4C
:107B30003C4F00263946284616F016F878B915F855
:107B4000010C07222946FEF77FF838BB236915F898
:107B5000010C1A69294653881288FFF74BFA0C3535
:107B6000D6B109F1010709F1150AB7F80720A38971
:107B70009A420BD117F8010C3946FEF74BF805462F
:107B800020B1837A072B0CD015F0E0F80A37BA45FC
:107B9000EBD10120BDE8F0870126CBE715F0D6F840
:107BA000DDE7D9F8203023B14146984708B9284687
:107BB000EAE7B8F8123013F01406F8D1A389022BC3
:107BC00015D1B7F8073013F0020604D1284615F096
:107BD000BDF8A660DAE72269A1882846FFF7B6FD5E
:107BE000064688B92269937D01339375EEE7012B30
:107BF000ECD1B7F8073013F00106E7D02269A1886D
:107C0000284616F031FA0646284615F09FF8002E51
:107C1000A660BBDA0020BDE73D700400E00B002049
:107C2000D7A300201082060007B5064A00906B46D5
:107C300001204FF6FF718DF8040016F061F903B0D2
:107C40005DF804FB55790400F8B5084B1C6805463F
:107C50000E4617464CB154F8043C043C1BB13A465E
:107C60003146284698476468F4E7F8BDEC70002078
:107C700070B503460F4A04464FF6FF71012016F017
:107C80003FF92046FFF726F9054688B104F188063A
:107C9000207A314614F032FE20B92846BDE8704003
:107CA000FFF734BA3146681CBDE8704015F0B4BF28
:107CB00070BD00BF51720400044B186818B9044A23
:107CC0005A600B6070476FF00B007047F470002033
:107CD000144A0600024B2C2202FB0030704700BF02
:107CE00038140020827A064B2C2101FB02339A6A59
:107CF0001B7F1B33801A23F00303B0FBF3F07047A4
:107D00003814002038B50A4B827A2C2404FB023345
:107D10000C685B6A5B681A68944294BF0C600A60E6
:107D2000D3E90054FFF7DEFF05FB004038BD00BF7C
:107D3000381400202DE9F04385B0054668460391CC
:107D400090461C461AF08AF9DDE900674FF04003BF
:107D5000EFF3118983F31288BFF36F8F6B8B002BC6
:107D600045D02A8B9A4229D900220023284609F0BF
:107D7000BBFB044610B389F31188BFF36F8F039BDD
:107D8000002B45D032463B4668461AF08BF9264D0B
:107D9000A37A2C2606FB035303A95B6A1B682046C3
:107DA0001F68DDE90023B8476061002831D1A07A5F
:107DB000214600FB065019F0EEFE24E0698B4B1EB5
:107DC0006B8389F31188BFF36F8F2B7F2A8BAC6A8B
:107DD0001B3323F00303521A02FB0344124B134AD2
:107DE000EB1A9B105343A3722B7FE372C7E789F30F
:107DF0001188BFF36F8F23464246284609F074FB73
:107E000004460028BBD10024204605B0BDE8F0831D
:107E1000636100230122636022812382039A6369E4
:107E20006282E360F0E700BF38140020A38B2EBA13
:107E30002DE9F041164D044600262C270CB9BDE86B
:107E4000F081237AD4F80480013BDBB22372002B4B
:107E5000F5D1616959B1637ADB0707D4A37A07FBCF
:107E6000035320465B6A1B689B6898476661A07A4B
:107E7000E66007FB005366601B6A1BB1204698470B
:107E80004446DBE7214600FB075019F084FEF7E784
:107E9000381400200269034604480021036182F877
:107EA000B010D2F8B4308360FAF7C0BBD40C002015
:107EB000020600F07F0312D5082B05D1010700F060
:107EC0000F0306D50E48704710F0780F12D100F05E
:107ED0000F034C2000EB43100A4B18447047082B4B
:107EE00005D1020700F00F0306D50748704710F0D0
:107EF000780FF6D000207047044800EB431070471D
:107F00007072002024710020907300209072002075
:107F10000149024819F0FDBE4C710020D026002016
:107F20000146014819F02CBE20140020024800220E
:107F3000002309F0D9BA00BF2014002013B512485D
:107F400008F0DEF9114B98421AD1114806F0D6FE1E
:107F50000024104806F018FF0F49104800944FF015
:107F6000FF334FF4806209F097FC0D490B4819F07C
:107F700056FD0C480C4919F09FFE204602B010BD7A
:107F80006FF00400FAE700BF918104000000AD0B20
:107F90004F840600604A060000110220D02600200F
:107FA000418406004C710020AD82040010B50E49DA
:107FB000BFF35B8F002351E8002F012A03D141E872
:107FC00000300028F7D1BFF35B8F0CD151F8044C7F
:107FD0001439204613F085F8783004D12046BDE8E6
:107FE000104013F059B810BD4471002038B500247A
:107FF00064F07F00C0B2FFF75BFF013416F0B5F903
:10800000082CF5D10E4D0024E0B2FFF751FF0369B3
:1080100003B90561013416F0A8F9082C05F14005F3
:10802000F2D1084816F0A1F9074BD3F87C2212B917
:10803000064AC3F87C22064816F097F9002038BD9E
:10804000B47700207072002024710020B4730020E7
:108050009073002010B5054CFFF768FF20B1416810
:10806000204619F0B0FCF7E710BD00BFE812002071
:1080700007B500230E48002201A908F0D9FF90B1EE
:10808000FFF7E8FF0A480022002301A908F0D0FF0B
:1080900038B90198042340600374FFF741FFFFF7EC
:1080A00037FF002001E00198406003B05DF804FB59
:1080B000E8120020022810B511D8094B1C5CFFF70C
:1080C000D7FF60B1002202740472FFF729FF054B4D
:1080D00093F824301BB1BDE81040FFF719BF10BD65
:1080E0004C84060024710020F8B58778064638468F
:1080F000FFF7DEFE3B06F578044612D5002D43D18E
:10810000FFF7B6FF034600283ED00122A577027490
:10811000032202739C60FFF703FFBDE8F840FFF7FE
:10812000F7BE4DB1012D2FD1FFF7A2FF034658B383
:10813000657705740573EDE7FFF79AFF20B3B27812
:10814000124B12F0800F02F0080111D041B1D3F8A8
:10815000A836E36001230374022303738460DAE723
:1081600002F00F02142101FB0233D3F80836F0E7C6
:1081700011B1D3F8A837ECE702F00F02142101FB8C
:108180000233D3F80837E4E7F8BD00BF00700240BF
:10819000F0B5064689B01422002103A81AF0D0F9E0
:1081A0003378013B052B21D8DFE803F07A03141460
:1081B0006A1603238DF814300024FFF759FF034695
:1081C000A0B1047400F10802DDE9050182E80300B2
:1081D00018461DE00423EDE7B7783846FFF768FE40
:1081E000837A044623B1013B022B43D909B0F0BD89
:1081F0003B06F57813D5002DF8D1FFF739FF03467C
:108200000028F3D00122A5770274032202739C6038
:10821000FFF786FE09B0BDE8F040FFF779BE55B123
:10822000012DE3D1FFF724FF03460028DED0657758
:1082300005740573EBE7FFF71BFF07460028D5D051
:108240000123037402230373846004F10C01B078EA
:1082500019F0DEFA134AE168B2F88C328B4206D983
:108260005B1AA2F88C3208F09FFA3846D0E7A2F8E1
:108270008C52FAE7304609B0BDE8F040FFF734BF52
:1082800001A808F06FFA9DF80530052B04D19DF880
:10829000043013F0600FA9D0034B059301248CE741
:1082A00002248AE724710020907200202DE9F04317
:1082B000A64CDFF89C9285B08046FFF737FE074654
:1082C00010B905B0BDE8F08394F825303A7C3BB98D
:1082D000002A00F0868079689D4819F074FBECE76D
:1082E000042A42D8DFE812F07D00050000011601E3
:1082F00040013B7BBD68032B37D8DFE803F0023D2C
:108300005A5F6E69934B002232607260D3F880141A
:108310003170D3F884147170D3F88814D3F88C04B6
:1083200041EA00217180D3F89014D3F8940441EA13
:108330000021B180D3F89814D3F89C3441EA032388
:10834000F3800823EB6030687168834B03C31146E8
:108350002B68687A984796F90030002B08DBF38881
:1083600033B1A4F88C3208F01FFA79684846B4E7B4
:108370000023A4F88C32F8E76B7F002BF5D02B7F1D
:10838000002BF2D000266E774FF0FF3273482E7725
:108390004FF0FF3315F0FCFF6B6901936B68CDE97B
:1083A000023601A9687A07F0EDFF6C4815F0F2FF7C
:1083B000DBE72B680121687A9847D6E7AB7A6BB97F
:1083C000EB7F5BB965484FF0FF324FF0FF3315F09C
:1083D000DFFF08F019FA614815F0DCFF2B68022175
:1083E000E9E73A7A042AC0D8DFE802F059032367A4
:1083F000730007F04FFF05460028B6D107F080FE56
:10840000BFF35B8F5649012351E8002F002A03D1A7
:1084100041E800300028F7D1BFF35B8FA5D141F8C8
:10842000085C41F8105CE0696361143912F0DCFD0E
:108430009BE7002565F07F00C0B2FFF739FD037AA6
:1084400013B1407A08F0A8FB0135082DF2D194F859
:1084500054311BB194F8550108F09EFB0025E8B299
:10846000FFF726FD037A13B1407A08F095FB01353A
:10847000082DF4D194F874321BB194F8750208F009
:108480008BFB002007F0E8FE012384F825302368E9
:10849000002B3FF46AAF00210220984765E70025D2
:1084A00084F8255008F01CFBFFF780FD2368002BA3
:1084B0003FF45BAF29460420EFE7002B3FF455AFB4
:1084C00007F0F2FE2368002B3FF44FAF0021052098
:1084D000E3E72268002A3FF448AF002B3FF445AFA2
:1084E00000210620904740E708F110054FF0FF33C8
:1084F0004FF0FF32284615F04BFFFFF777FD284677
:1085000015F048FF58F8283C002B3FF42EAF00210F
:108510000120C2E794F874327BB1012584F88952B6
:1085200084F88852FFF7A4FD38B10E4A057405732C
:108530008260FFF7F5FCFFF7EBFC58F8283C002BB6
:108540003FF413AF00210A20A7E700BF24710020E9
:10855000E812002000700240287100205C710020A9
:10856000447100209073002018F078FF08F0B8FAEA
:1085700007F0BCFDFFF76EFDFFF738FD18F067FF51
:10858000014807F0BDFEF0E69181040038B5164DB4
:1085900095F824402CBB05F1380019F06CFA204600
:1085A00000F0F0FC22460121E8612720FAF7FCF9EF
:1085B00018F04DFFFFF71AFD044610B9012385F8A6
:1085C00024300A4B1B680BB1FFF7A2FC4FF080432D
:1085D000D3F83834DB0702D50020FFF76BFD2046C7
:1085E00038BD0024FBE700BF2471002020140020C8
:1085F000074B93F824203AB193F82530002B14BF91
:1086000000206FF0120070476FF01200704700BF3B
:108610002471002038B5104B93F824300446C3B1C0
:1086200005782846FFF744FC10B96FF0150038BDF7
:10863000457223798372638843602078618810F0E3
:10864000080F02D14B1E0B42EFD119F0DCF80020CD
:10865000EDE76FF01200EAE72471002038B5124B05
:1086600093F824200546CAB193F82530B3B1FFF73B
:108670001FFC0446A8B1837A012B12D007D9023B14
:10868000012B07D96369A3610020E06038BD08F0C1
:10869000C3F8F7E7284608F037F8F3E76FF0120061
:1086A000F4E76FF01500F1E72471002038B50E4BA8
:1086B00093F82420054682B193F825306BB1FFF77B
:1086C000F7FB68B115F008040AD1284608F03EF817
:1086D000284608F0B5FA204638BD6FF01200FBE7D7
:1086E0006FF01500F8E700BF2471002038B50C4B7F
:1086F00093F8242005460C4662B193F825304BB11F
:10870000FFF7D6FB48B144B1284608F005F82070C1
:10871000002038BD6FF01200FBE76FF01500F8E79E
:108720002471002070B5134E96F824300446C3B16E
:10873000FFF7BEFB0546B8B1230705D4204608F075
:1087400005F8204608F07CFA2B7A83B901232B72B6
:1087500096F825300BB9002070BD204608F01CFAB1
:10876000F9E76FF01200F7E76FF01500F4E76FF02C
:108770007700F1E7247100202DE9F043DFF8E48071
:108780001E4698F8243085B0074689461546002BCA
:1087900061D098F82530002B5DD003065ED5FFF739
:1087A00087FB0446002859D0037A002B56D04FF09F
:1087B000FF334FF0FF3208F1380015F0E9FDA37FD9
:1087C0004BB108F1380015F0E5FD6FF00A042046C2
:1087D00005B0BDE8F083A37AC5B13BB30123A3770D
:1087E0004FF0000801A93846CDE90195CDF80C807D
:1087F00007F0C8FD1C4B984229D084F81E801EBB90
:108800006FF00404194815F0C5FDE0E7E27F02B1FE
:10881000E577002BE2D108F007F8B842DED007F088
:10882000F3FF124815F0B6FD0024D0E7B8F80A307F
:10883000AB42F0D96268B5FBF2F302FB1353002B95
:10884000E9D10123E377E6E7C6F80080D8E706B16F
:1088500035600024D6E76FF01204B8E76FF0150416
:10886000B5E700BF247100200000AD0B5C71002053
:108870002DE9F0411D46204B174693F824200E4663
:10888000002A33D093F8253083B3030631D401B9DD
:108890007FBBFFF70DFB044658B3037A4BB34FF091
:1088A000FF3316484FF0FF3215F072FDE3689F4228
:1088B000B84628BF984646B93FB905B12B600F4866
:1088C00015F068FD0020BDE8F081A1694246304600
:1088D00019F00EFEA3694344A361E368A3EB080308
:1088E000E360002DEBD0C5F80080E8E76FF01200E0
:1088F000E9E76FF01500E6E7247100205C710020C5
:1089000070B51E4D95F82420034682B395F82520B6
:108910006AB31B062ED4FFF7CBFA044650B3037A92
:1089200043B34FF0FF334FF0FF3205F1380015F03D
:108930002FFDE368B3B9012663692677A361637FDE
:1089400083B1FFF795FB30B905F1380015F022FD32
:108950006FF00B0070BD067484600673FFF7E0FAD9
:10896000FFF7D6FA064815F015FD0020F2E76FF084
:108970001200EFE76FF01500ECE700BF2471002054
:108980005C71002010B5084B93F824300C462BB1D5
:10899000FFF78EFA28B10460002010BD6FF01200BE
:1089A000FBE76FF01500F8E724710020014B186019
:1089B000704700BF2471002008B5074B93F824309E
:1089C00023B1FFF775FA20B1406808BD6FF01200BF
:1089D000FBE76FF01500F8E72471002013280ED88C
:1089E000084A12F8103053B102EB4002527832B10B
:1089F00008684343002093FBF2F30B6070476FF06D
:108A00001500704759840600054B0122C3F8002564
:108A100090F8861009B1DA6070471A605A607047A2
:108A200000700040087970B500F01F04072C20D8B2
:108A30000B780B2B1DD8DFE803F0070707071C0690
:108A40001C1C1F211C2304234A78032A1AD0042A41
:108A50000FD100254A8844F20A06B24246D013D804
:108A600044F20306B2423DD044F20506B2423BD086
:108A7000E2B36FF0150034E00523E5E70623E3E7F2
:108A80000723E1E70125E5E744F21406B2422FD0BF
:108A900044F22806B2422DD044F20F06B242E8D189
:108AA0000322C0F340101B0243EA005343EA05339C
:108AB00043EA0243220102F1804202F5E042002033
:108AC000C2F81835230103F1804303F5E0438A79A6
:108AD000C3F81425C3F81005074B4A79234483F8DB
:108AE000A02070BD0022DCE70122DAE70222D8E7ED
:108AF0000422D6E70522D4E7F8050020F7B50D4695
:108B00004FF0FF3357484FF0FF3208F047FD6E68D3
:108B1000731EFE2B3CD800235348544F1A4626FAA6
:108B200003F111F0010126D017F803C0BCF1000FCA
:108B30002ED000EB031E6C7CDEF81815003C18BF2D
:108B4000012421F0807141EA0461CEF8181503F187
:108B500051010901013240F801C0D2B20133082BA2
:108B6000DDD12B7C083B062B12D8DFE803F009117E
:108B70001D1119111B0003F1510424010151EDE7EE
:108B800000233949012AC1F8F0356B7C0ED97BB13D
:108B90006FF01504334808F0DBFC204603B0F0BD4D
:108BA0000223EEE70323ECE70123EAE7082BEFD8E3
:108BB000C1F8F4352968530011B1898901FB0333E9
:108BC000E96899424AD3284BA968C3F82C162F4666
:108BD000C3F830260FCF264C04F174060FC63B684D
:108BE0003360002626672B6827469BB30FCB04F122
:108BF000880585E80F006567A4F8986050B3BFF357
:108C00005B8F57E8003F47E80062002AF9D1BFF3C5
:108C10005B8F1849D4F88850174A4FF400400F462C
:108C20003146E5FB007100233846DFF719FA0022D0
:108C3000CDE90001002304F1080009F003FC0F480E
:108C40004FF0FF324FF0FF3308F0A8FC00B120676F
:108C5000246F9FE70648FFF7D7FEF0E76FF00B049D
:108C600098E700BF380600200070004098060020FA
:108C7000F80500203F420F0040420F005006002040
:108C800010B50E4B0024C3F80441D3F80421C3F8F7
:108C90001041D3F810211222C3F804230720F9F75A
:108CA00053FE224601210720F9F77EFE0448836C1B
:108CB00013B9403008F04CFC002010BD007000409B
:108CC000F805002038B52F4BD3F80421002A4CD0EA
:108CD0000022C3F80421D3F804112B4C0121996020
:108CE000C3F80025636F2546D3B3D4F88C30B4F8AD
:108CF000982033B104F174019847012814D0022858
:108D000028D0B4F89830B4F894209A4222D901338C
:108D1000A4F898301B4BD3F82C26D3F8341689B21C
:108D200002EB4102C3F82C26D4F8883023B9BDE801
:108D300038401548FFF768BEBFF35B8F55E8003F2A
:108D40005A1E45E800210029F8D1BFF35B8F012BA3
:108D5000EDDC38BDD4F8883013B10C4819F0C3F9F4
:108D60000B48BDE8384008F0F3BBD3F810110029D8
:108D7000EFD0C3F81021D3F8102101229A601A60B5
:108D80005A60E6E700700040F80500200006002069
:108D900050060020084B70B5C31A0D4607499B10BA
:108DA000044659430648402215F069FB2B4601460C
:108DB0002046BDE870401847C8790020B76DDBB683
:108DC000B026060073B50C4C0C4A4023041B0093DC
:108DD0000D460B460A49A41061430646094815F0A2
:108DE0007BFB011E05DA30462B4602B0BDE8704021
:108DF000184702B070BD00BFC879002045E50500E6
:108E0000B76DDBB6B0260600002270B5012104461E
:108E10001046F9F7C9FD0F4802F086FF0E4B984245
:108E200015D116F0C1FB26690C49304612F0C9F87D
:108E300000280BDB012535642469084904F11C0076
:108E400012F0BFF8002801DBE564002070BD6FF070
:108E50000400FBE7958E04000000AD0B704A06008D
:108E600070B501460C2309484B43C418D4E90E568B
:108E7000403300221844A26315F0EEFA2DB13246B9
:108E80002B460348BDE87040184770BDC8790020E4
:108E9000B026060010B1012804D07047034B1B6CAC
:108EA0005B0701D1FFF7DCBF704700BFC879002026
:108EB00008B54FF04003EFF3118183F31288BFF33D
:108EC0006F8F124A136843F002001060DA0708D46B
:108ED00081F31188BFF36F8F0120BDE8084002F0D5
:108EE00013BF4FF08043D3F80C24D3F80C34DB07C6
:108EF000EED5074815F0B0FA81F31188BFF36F8FF4
:108F00000020BDE80840FFF7ABBF00BF187A002083
:108F1000087A00207FB500220123CDE9022304ABAB
:108F2000CDE90433094ACDF800D06B46CDF804D022
:108F300015F001FB002805DB4FF480420023684652
:108F400008F02CFB07B05DF804FB00BF63E50500EB
:108F500010B54FF04003EFF3118483F31288BFF391
:108F60006F8F074A136823F00201DB07116002D4F8
:108F7000012016F014FB84F31188BFF36F8F10BD2E
:108F8000187A0020024AC3B21C2003FB002070475D
:108F9000C87900202DE9F0413849BFF35B8F0746BF
:108FA000012251E8003F41E800200028F9D1BFF339
:108FB0005B8F33B9324933484B60CB608A6012F023
:108FC00013F87B1E012B2BD8012F07D14FF08043C4
:108FD000D3F81C3403F00303012B21D018F019FD42
:108FE0000546F8B9284B1B78E3B14FF080430222C5
:108FF000C3F808230646DFF894804FF08044D4F885
:109000001824D4F81834D20316D503F00303012B27
:1090100001D0012F10D15DB386F31188BFF36F8F9C
:10902000BDE8F0814FF04003EFF3118683F312881F
:10903000BFF36F8F0125DEE7ADB13046F9F778FC5D
:10904000D4F81835002BDAD1D4F80421002AD6D070
:10905000C4F80431D4F804310123C4F81835C8F831
:109060008031A360CBE70021212008F073FFE7E700
:109070004FF080430222C3F80423D1E7C4790020D3
:10908000B4790020E4790020FD5E012000E100E0D9
:1090900008B5074818F0FCFB38B10648FAF780F825
:1090A0000448F8F70DF8002008BD6FF01200FBE748
:1090B00028270600B99004000A2838B5074D044651
:1090C00004D1AB680D215B6828469847AB6803481C
:1090D0005B68E1B29847204638BD00BF28270600EC
:1090E0004FF04003EFF3118283F31288BFF36F8FC9
:1090F000094BD3F8001161B10021D3F80805C3F87A
:109100000011D3F80031C0B282F31188BFF36F8F22
:1091100070476FF00A00F7E700D00040F0B5034653
:1091200010469C7893F803C04FF04005EFF311828E
:1091300085F31288BFF36F8F1F7893F801E0E41B6B
:1091400004EA0C04A04288BFA0B23E180CEA06064E
:109150003D461E7082F31188BFF36F8F0A188A4252
:1091600017D177450DD14FF04001EFF3118281F314
:109170001288BFF36F8F1978597082F31188BFF38B
:109180006F8F1B79241AA34222BF064B01221A605B
:10919000F0BD5E190135767901F8016B05EA0C0521
:1091A000DDE700BF00D00040DB432DE9F04713F0BE
:1091B00001050E46144604D02348FFF7AFFFBDE873
:1091C000F087A2B34FF04003EFF3118883F31288C6
:1091D000BFF36F8F0D20F9F7D9FB07460D20F9F784
:1091E000C1FB88F31188BFF36F8FDFF860A0DFF851
:1091F0006080CAF80051DAF800314FF400590123B9
:10920000CAF800302546C8F88091DAF8003183B1F9
:10921000FFF766FF031EC8F88091F6DB013DADB293
:109220007355002DF1D117B10D20F9F78DFB2046B4
:10923000C5E74FF04003EFF3118083F31288BFF3CB
:109240006F8FF9F775FBE0E74C7A002000D0004003
:1092500000E100E02DE9F041124F0D46144607F100
:10926000450814B92046BDE8F0814FF0FF334FF0B8
:10927000FF32384608F092F9224629464046FFF769
:109280004DFF0646384608F063F93EB94FF0FF320D
:109290004FF0FF33044808F081F9E6E7A41BA4B2BD
:1092A0003544DEE71C7A0020347A002038B5194CAA
:1092B00001221146204618F07CFC0122002104F115
:1092C000180018F076FC40F20743A4F848304FF03D
:1092D000706323630C2384F8343000250E4B84F82C
:1092E0004550A4F84650D3F8042522F00102C3F8F3
:1092F00004250121C3F80051D3F80021C3F8041359
:109300002A4619600D20F9F74FFB0D20F9F71CFBD9
:10931000284638BD1C7A002000D0004010B5FFF769
:10932000DFFE002820DB174B93F8322093F8314002
:1093300093F83310141B31EA0404C0B20DD193F832
:10934000472093F8464093F84810141B31EA040470
:109350000BD10D4B01225A600EE09C1801321140D6
:1093600084F8350083F8321010BD9C18013211408A
:1093700084F84A0083F847100448BDE8104008F01C
:10938000E7B800BF1C7A002000D00040347A0020EB
:1093900030B54068057B01F01F04B2F5001F85B0B1
:1093A00044EA451405D1204604F058FF002005B0DA
:1093B00030BD0025B2F5800FCDE9025514D1B3F1CF
:1093C000007F0CBF042305238DF8083000231946C5
:1093D00002AA204604F05EFD234B98423DD10121B4
:1093E000204604F0EDFEE1E7B3F1C06F27D0B3F102
:1093F000007F14BF012302238DF80830836823FA0D
:1094000001F111F00101E1D1B2F1A07FDED104F050
:109410001F03620903F5E07313D0012A20D1134A18
:1094200052F82330DB07D1D40DF107052946204639
:1094300004F070FE0E4B984206D00395C6E7032356
:10944000DAE74FF0A042EBE7284604F0B3FE064B04
:109450009842F2D06FF00B00A9E76FF01500A6E775
:1094600051F82330FFDE00BF0000AD0B00030050B9
:109470000400AD0B10B504F08DFE044668B904F08D
:1094800061FE084B98420AD10748214604F03CFE91
:10949000224605210620F9F787FA002010BD6FF05B
:1094A0000400FBE70000AD0BAD940400420970B569
:1094B000034602D0012A17D070BD0D4E32695168A3
:1094C0000029F9D003F01F0301250C689D400029F5
:1094D000F2D08A682A4002D04B68304698472CB1B7
:1094E000236821461C46F2E7024EE7E72346F8E7E9
:1094F000D8260600C42606002DE9FF4147683B7BBD
:1095000001F01F0545EA43150E4628460DF10701F7
:10951000144604F0FFFD14F4403F80460DD1284668
:1095200004F0C2FE3D4B984503D19DF8070004F0BE
:109530003BFE002004B0BDE8F0810023194602AADA
:109540002846CDE9023304F0A5FC344B984214D1EF
:10955000804503D19DF8070004F026FEA3034ED5F5
:1095600040F206332340B3F5837F1AD00DD8062B83
:1095700018D005D8B3B1022B33D06FF01500D9E75E
:10958000B3F5807FF9D101230CE040F2022293422F
:1095900029D0B3F5407F28D0B3F5007FEDD1022369
:1095A00000E007238DF8083084F48033C3F30043D0
:1095B000E0068DF8093054BFC4F3401303232103A0
:1095C0008DF80A3013D57A680123B340C2F8083504
:1095D000002202A9284604F01DFD104B9842A8D095
:1095E000CBE70423DEE70523DCE70323DAE76203A6
:1095F00041BF01237A68B340C2F80C35E8E7E306BF
:109600004FF0000354BFC4F3401403241A4602A9C8
:1096100028468DF8084004F03DFCDEE70000AD0B65
:1096200008B543681B68D3F80805D3F80C1507F094
:1096300027FB034B984214BF6FF00F00002008BDBA
:109640000000AD0B37B50446002201210420F9F7D4
:10965000ABF963689D6901AA0021284615F061F9FC
:10966000002814DB019B2A681979186800F022FD94
:1096700000280CDB60682369064A00F1080105F048
:10968000E9FE054B984214BF6FF00F00002003B0B5
:1096900030BD00BF9D9604000000AD0B0378012B88
:1096A00008D0022B08D04BB9054B0B6301F1180011
:1096B00007F04EBF034BF8E7034BF6E7034BF4E725
:1096C0000000AD0B0100AE0B0200AE0B0100AD0BB4
:1096D0002DE9F04F8BB005460C4690460193476844
:1096E00006694FF0FF324FF0FF33304607F056FF68
:1096F00006F1180A00220023504607F04FFF3846B3
:1097000005F0ECFEDFF8C0B04FF00009C14501D311
:1097100000242EE0237A039313F008014DD1122286
:109720000DF11600029118F00BFF039B6068019980
:10973000069003F0010220688DF8151013F0020F57
:1097400002998DF8142008901DD108F1FF334B4584
:1097500002D9237D5B0718D57ABB202205A938469C
:1097600005F0E8FE584512D0184B984228D06FF00B
:109770000404384605F0C2FE304607F0E9FE2046F4
:109780000BB0BDE8F08F0A46E8E74022E6E74FF469
:1097900080420023504607F001FF30B1384605F003
:1097A000ADFE2846FFF73CFFE1E7336B5B4504F174
:1097B0000C04DCD109F10109A8E76FF08504D8E7B2
:1097C0006FF00F04D5E700BF0000AD0B0B00AD0B31
:1097D00038B544680569E3699847206A14F0A0FF2A
:1097E00000280DDB2B46084A04F10801204605F04D
:1097F000BDFF064B984204D1204605F0FBFF002038
:1098000038BD6FF00400FBE74D9804000000AD0B7D
:1098100070B544682368D3F80855D3F80C65204622
:1098200005F0F8FF3146284607F02AFA0546206A77
:1098300014F076FF204605F0DDFF034B9D4214BF78
:109840006FF00F00002070BD0000AD0B0378012BFE
:1098500008D0022B08D04BB9054B0B6301F118005F
:1098600007F076BE034BF8E7034BF6E7034BF4E74C
:109870000000AD0B0100AE0B0200AE0B0100AD0B02
:109880002DE9F04F1D468BB0436806690093914661
:1098900014221B8BD6F834A0029380460C460DEBA5
:1098A0000200002118F04CFE8DF815504FF0FF32E9
:1098B0004FF0FF33304607F071FE06F118030193B5
:1098C0000022002306F1180007F068FE0027DFF8E9
:1098D00018B13D464F4501D300245AE0207A0207D3
:1098E0007BD401374F4521680AD2830708D4237DF2
:1098F00080EA030202F0010203F004031A4307D0D6
:1099000025B901F06043B3F1005F17D0002300E0F8
:1099100001236268DDF808E005EB020CF4455FD82E
:10992000C00705D40AEB0500039318F0E1FD039B83
:1099300062682A4495B2002B39D1D5B923680893BF
:1099400063680025227A069302F0010382F0020286
:10995000C2F3400200988DF81430520105A905F0B9
:1099600077FF584509D0214B984210D16FF00F0472
:109970000FE0CDF820A02B46E4E74FF48042019899
:10998000002307F00BFE58B14046FFF741FF6FF090
:109990000404304607F0DCFD20460BB0BDE8F08F34
:1099A000336B5B45F3D1237ADB0702D400250C34FB
:1099B00090E7089B9A45F9D1234608E0A91AD86890
:1099C00003938DB21AFA81F118F092FD039B5A6845
:1099D0009542A3F10C03F1D2E8E76FF08504D8E7D4
:1099E0006FF01B04D5E700BF0000AD0B0B00AD0B03
:1099F00037B50023CDE9003390F8ED30044633BB92
:109A0000D4F8840000220023694607F011FB0028E7
:109A10003BDA6FF00B05D4F8E40004F0FFFE94F895
:109A2000F1305B0702D5206811F036FB019911B1C6
:109A3000E06917F0C8FF009919B1D4F8840017F055
:109A4000C2FF042384F8EC30284603B030BD002266
:109A5000002301A94C3007F037FC0028D9D194F835
:109A6000ED30012BCCD1226A019BC4F8E830D4F848
:109A7000E4000023C2F38F02694604F007FE074B9F
:109A8000984209D06FF00405C5E794F8ED30012B3A
:109A9000E9D0D4F88820E7E70025D5E70000AD0B32
:109AA00037B50446002201212520F8F77DFF6368C1
:109AB0001D6B01AA0021284614F033FF002819DB92
:109AC000019B2A681979186800F0F4FA002811DB64
:109AD00004231A460849094817F0B2FF042308492D
:109AE00008481A4617F0ACFF00202469FFF74AFA2D
:109AF0002060002003B030BD987A0020A40D002023
:109B0000887A00200C0E0020F7B5044688070F461F
:109B100045D5584D95F8EC30D5F8E810032B04BF27
:109B2000012385F8EC3079B36368994202D0E86983
:109B300017F049FF0023D5F8E400C5F8E83004F039
:109B40006DFE95F8F130590702D5286811F0A4FA96
:109B50002168002934D16368002B69D1FB0740F1EB
:109B60008680444C0023CDE9003394F8ED3033B1C6
:109B700094F8EE30002B66D0D4F8E83001936946B3
:109B80003C4814F008FE72E0D5F8E40004F046FE0C
:109B900095F8F1305A0702D5286811F07DFA002CAB
:109BA000D6D1344B93F8EC20032A02D0042283F858
:109BB000EC20D3F8E40003B0BDE8F04004F016BE9A
:109BC0002C4D95F8EF6026B1D5F8840017F0FBFE18
:109BD000C1E700220023214605F1B40007F01EFB77
:109BE00000280BDA042385F8EC302168D5F88400CE
:109BF00017F0E9FE6368EBB91E4BDAE795F8ED3034
:109C00005BB16368002BA9D01A4AD2F8E8109942D8
:109C100012D1012382F8EF30EEE795F8EE60002EC6
:109C2000EFD0012385F8EF306368002BECD1E3E738
:109C30000026E9E70126E7E7D069194617F0C3FED9
:109C4000002ED9D18AE70022002301A904F14C009B
:109C500007F03AFB002892D094F8EC30032B4FF039
:109C6000010302D184F8EE3086E784F8F03003B0C7
:109C7000F0BD00BF580D00202DE9F04F0569436885
:109C800095F8ECE093B0BEF1010F0E461446019337
:109C900004D06FF0150013B0BDE8F08FD2F8048047
:109CA000B8F1000F24D1284614F0DAFD731E012B01
:109CB0001BD895F8F13068F3000385F8F1303822AD
:109CC000414605F1140018F03BFC022E0BD195F82B
:109CD000F1306FF3410385F8F1303822002105F1AE
:109CE0007C0018F02DFC0020D5E7002EEFD0FAE71D
:109CF000D76817F00307CCD1019B03F10C09B9E831
:109D00000F000DF1240CACE80F00B9E80F00ACE82F
:109D10000F00D9F80030CCF800302378102B64D035
:109D2000182B65D0082BB4D10497A27802F0070C49
:109D3000BCF1030F5FD0BCF1040F61D0BCF1000F88
:109D4000A7D1CDF80CC001990198496990F82C90E1
:109D500012F038029DD194F801B0BBF1020F53D03C
:109D6000BBF1010F95D1E07800F0060ABAF1060FB9
:109D70004CD101317AD1002395F8F12063F38202AE
:109D800085F8F12094F90320E378002A81DB5B0653
:109D90003FF57FAF731E012B40F28C80002EA2D1C5
:109DA0000FCC05F17C060FC623683360039B8DF84A
:109DB0003B30049B8DF839E08DF83AC08DF83C308B
:109DC0008DF83DB010978DF8449009AE0FCE05F197
:109DD00090040FC40FCE0FC43368236095F8F130A0
:109DE00043F0020385F8F1307DE7CDF810E09CE701
:109DF0000222049299E700214FF0010C0391A2E79F
:109E0000012103918C469EE79346ACE7BAF1000F1F
:109E10007FF43FAF5B00079300214FF0FF3E3F4BC5
:109E2000DDF81C9033F821300798B3FBF0F009FB04
:109E30001030059338BBCBB20693394B0293029B8B
:109E4000DFF8E0901B78B9FBF3F3DDF81490B3FB77
:109E5000F9F398450DD8A3EB08039E4523D8029B40
:109E6000013008330D280293E9D10CE04FF0010ACC
:109E7000D0E7A8EB03039E4505D9294A02EBC000B1
:109E8000069A47689E4601310929C8D1234B03EB46
:109E90008203D64693F80290019B93F83430003B3E
:109EA00018BF012368E7029A5768069A002BEAD088
:109EB0009E46D4E7A246BAE80F0005F11408A8E8C8
:109EC0000F00DAF80030C8F80030039B8DF83B3003
:109ED000049B8DF839E08DF83AC08DF83C308DF850
:109EE0003DB010978DF844900DF1240ABAE80F00A8
:109EF00005F12808A8E80F00BAE80F00A8E80F004D
:109F0000DAF80030C8F8003095F8F130022E43F04E
:109F1000010385F8F1303FF443AFE4E60E74060028
:109F2000AC4B06000048E801F8B502290469074671
:109F30000D46164608D194F8F13003F00303032BC5
:109F400017D06FF00400F8BD01290BD194F8F1305F
:109F500013F0010FF5D0042E76D8DFE806F0195281
:109F6000526D66000029ECD194F8F13013F0020F25
:109F7000F0E7242204F1900104F1280018F061FABE
:109F80000028DED1226AD4F888309A42E3D0D8E79C
:109F900094F8EC30012BD4D1002384F8ED50A4F8D0
:109FA000EE3084F8F0303C697B6894F8ED20D4F80A
:109FB000E400012A08BF04F128011A6818BF04F15F
:109FC000900104F0A7FA314B9842BAD1022384F8E9
:109FD000EC3094F8F1305B0739D52D4BA3600022AB
:109FE000032320682261E360211D10F0FDFF00289B
:109FF00038DAD4F8E40004F011FC012384F8EC30E2
:10A000009FE794F8EC30022B9BD194F8ED30AB42F3
:10A010001AD1022E4FF003031FD1B5FA85F56D0951
:10A0200084F8EC3084F8EE501CE094F8EC30042B0B
:10A0300087D12946204622E094F8EC30022B13D138
:10A0400094F8ED30AB4211D06FF015007BE720465D
:10A05000FFF7CEFC00EAE07075E784F8EC300123EE
:10A0600084F8EE3000206EE7012B06D00123D4F8EF
:10A07000E40084F8EF3004F0B9FB3869294614F0A5
:10A08000EFFB012384F8EC30ECE700BF0000AD0BE0
:10A090006DE70500036803F01F025B09026004D04E
:10A0A000012B034818BF002070474FF0A0407047B5
:10A0B000000300502DE9F04FDFF89C9185B0154664
:10A0C000824600EB81014FF00108514503D1002089
:10A0D00005B0BDE8F08FDAF8003003F07F04C3F379
:10A0E00043271B0C7F2CA3F1040308BF4FF0FF3460
:10A0F0001E2B00F2AE80DFE803F0101829ACACACE8
:10A10000AC305C5F6265686B6E71ACAC747E8184F0
:10A11000ACACAC878F9EA1A4A700601CC5F8084515
:10A1200040F095800AF1040ACFE7C5F80C45631C9E
:10A13000F8D0012603A80394FFF7ACFF039B08FAAD
:10A1400003F3C0F80C354FF0010B0FE0C5F81045D4
:10A15000621CE7D00026B34608E0C5F80845002F8A
:10A16000F6D1631CDED00026B3460627DAF80030AD
:10A17000019303F40052002A03A81CBF01264FF0EC
:10A18000000B0394FFF786FF039A019B00EB82000C
:10A19000C3F3C114D0F800273B0243EA840343EA27
:10A1A0000B0302EA0902134343EA4603C0F80037EF
:10A1B000B8E7C5F80C45D2E7C5F86445B7E7C5F878
:10A1C0006445C5E7C5F86845B1E7C5F86845BFE728
:10A1D000C5F86C45BCE7C5F87045A8E7C5F860450B
:10A1E000A5E7C5F86045661CDAF800309AD0C3F3DD
:10A1F0008033ABB99DE7C5F86445F4E7C5F8684519
:10A20000F1E7C5F86C45EEE7C5F82445621C89D036
:10A2100001264FF0000BA9E7601CC5F8284581D046
:10A2200003A80394FFF736FF039B08FA03F3C0F873
:10A230000835012687E7C5F83045E7E7C5F8344516
:10A24000E4E7C5F83845E1E7C5F83C45DEE7002618
:10A2500070E76FF085003BE7F0F8FCFF38B5446825
:10A26000606AB8B194F82810012214F014FC002898
:10A2700002DB246A0CB9002038BD0848084A4FF4B4
:10A28000004500210023E4FB0501DDF7E9FE07F0AE
:10A2900061FEF0E76FF08500EEE700BF3F420F0080
:10A2A00040420F0010B5094C88B0CDE9004305933A
:10A2B000012404ABCDE90342CDE9063402AA06AB82
:10A2C000CDF808D014F05EFC08B010BD768506000D
:10A2D0000369024A5B6800201A607047801A060012
:10A2E00010B50B46446828220021184618F028F9BA
:10A2F000074A4260E268026022698260C27B42F0E3
:10A300000102C273012280F82420002010BD00BF8A
:10A31000801A06002DE9F0410469476863680E461B
:10A320001A680968914216D0FA68914203D96FF011
:10A330008500BDE8F08171B104F10805AB4204F17C
:10A340001C021FD1A160114653F8045B41F8045B65
:10A350009342F9D163603379022BE8D17379227883
:10A360009A4207D0022B1AD07A687379002A3ED11C
:10A3700073792370B379012BD9D1737A012BD6D19C
:10A380000020D6E7E161134604F130012A4653F874
:10A3900004CB42F804CB8B42F9D16560DBE702695C
:10A3A000D0F8048055682B680BB9164B2B60AB882E
:10A3B00043F48043AB80D8F800000A2330322946AA
:10A3C000FFF770FF30B1AB8823F48043AB806FF0B0
:10A3D0000400AEE7D8F80000836829465B68984718
:10A3E000AB8823F48043AB800028BDD0EFE7022B7D
:10A3F0000CBF01210021381D14F0B0FB0028B7D09C
:10A40000E5E700BF801A060073B50C4C4568066985
:10A410007168286801230DF10702FFF743FF28B98F
:10A420009DF80700FF2803D1013CF1D202B070BDB6
:10A43000002CFBD16FF07300F8E700BF40420F0023
:10A440002DE9F04F9BB04368D1F81C90019304466E
:10A4500003690293884615460021142212A818F0B9
:10A460006FF80C23119320210123CDE917134FF42A
:10A470007A731993002D5BD001224146204614F0D7
:10A48000DAFB0346002840F08F80D8F80020D4F88B
:10A4900004A0D4F810B02E69183A012AD5E9013782
:10A4A00000F29E800E9307AB04AA0F9302230B9237
:10A4B000109301220BAB022F0993CDE90C264FF02C
:10A4C00003030A9334BFFE23FC238DF81030002FC2
:10A4D0003FD1AB68012B17D9FD238DF81030012334
:10A4E0000A93DBF80410DAF800003B4609AA14F0DE
:10A4F00049FB034600286BD169693A46204614F0AF
:10A500005FFB0346002B63D1D8F80030122B04D137
:10A51000002211A9204614F08EFB019B1868029BB3
:10A52000596883685B681BB0BDE8F04F18479146D7
:10A5300000224146204614F07EFB03460028ECD062
:10A54000B9F1000F09F1FF32F1DC18461BB0BDE88C
:10A55000F08F6A683146002010F0CAFA40BAADF8B0
:10A560001C000023DBF80410DAF8000009AA14F03C
:10A5700009FB034660BB0123DBF80410DAF8000096
:10A5800005AAFFF78FFE034610BB9DF8142002F0CA
:10A590000F02052A0FD00B2A3BD1024611A92046F3
:10A5A00014F049FB6FF08903B9F1000F09F1FF3294
:10A5B000CBDD914660E76A68696916440246204629
:10A5C0000D9614F0FDFA013F034600283FF47FAFDB
:10A5D000002211A92046009314F02DFB009BE3E715
:10A5E000294A0A93CDE9052305AA079209A9012260
:10A5F000B3F5007FCDE90826CDE90B1202D96FF043
:10A600008503E5E72046FFF7FFFE031EE0DBFE2B98
:10A6100002D06FF00403DBE77A1E0092002FD7D040
:10A620000BABDBF80410DAF8000007AA14F0AAFA62
:10A6300003460028CCD1DBF80410DAF8000003232D
:10A6400004AAFFF72FFE6A6803903146002010F03D
:10A650004FFABDF8102052BA92B2824210D16A6805
:10A66000039B1644009A0996002A3FF44BAF2046FC
:10A67000FFF7CAFEFE28CCD1009B013B0093CFE739
:10A680006FF08903A4E700BF7685060070B5056901
:10A690002A6A0B01D6680C4603F0F003F022102161
:10A6A000B047002809DB0A2C96BF054B41F608236A
:10A6B00033F81430AB84002070BD6FF00400FBE76A
:10A6C0004474060073B543681B6804469847002825
:10A6D00018DB25692B6ADE6880231A461221204682
:10A6E000B04700280CDB48F6B80017F0CCF82B6A0E
:10A6F0000DF107029B680F2120469847002803DAD6
:10A700006FF0040002B070BD9DF807306A2BF7D1DE
:10A710000021204614F0A8FB0028F1DB1D4BEB6064
:10A7200000212046FFF7B2FF0028E9DB0421204684
:10A7300014F0AAFB0028E3DB174BEB610021204655
:10A7400014F0B6FB0028DBDB2B6A0722DE680A2147
:10A7500000232046B0470028D2DB2B6A4622DE6861
:10A76000122144232046B0470028C9DB2B6ADE684B
:10A7700010231A4615212046B0470028C0DB2B6A5B
:10A78000DD6880231A4616212046A8470028B7DB3B
:10A790000020B7E723DB793D00008C4008B5026953
:10A7A000436805491162586817F072F800280CBF19
:10A7B0006FF01200002008BD144D06007FB505465D
:10A7C00040682A69936D116EE3B9A9B1546D916621
:10A7D0001E460B46D26D0292CDE90046EAB1002931
:10A7E00018BF194603910022694604F05FFC0D4B27
:10A7F000984214D06FF00401286904B0BDE870409D
:10A8000014F038BD546D11B18B4228BF0B46002C9B
:10A81000936614BF1E460026DCE71146E2E704B04B
:10A8200070BD00BF0000AD0B2DE9F04F89B091461F
:10A830000093436801938B8804699A0407460E4687
:10A8400000F111814FF0FF324FF0FF3304F110009F
:10A8500006F0A4FE6660D7F81080D7F804A098F838
:10A860006D301BB1D8F800309E427DD0B6F804C0E0
:10A870001CF4006F40F036811CF0090F40F02F816E
:10A88000CCF34513082B40F02A813568AA4B9D4232
:10A8900040F225810AF1080BBBE80F000DF10C0E08
:10A8A000AEE80F00DBF80030CEF80030A34B9D423D
:10A8B00040F2E280A24B9D4240F2E180A14B9D42DA
:10A8C00040F2E080A04B9D4240F2DF809F4B9D42D2
:10A8D00040F2DE809E4B9D422CBF4FF000454FF072
:10A8E00080451CF0020F05950CF0040300F0D380A6
:10A8F000002B14BF032302238DF81830CCF3001370
:10A900008DF81930DAF80030D3F808351CF0020F52
:10A910004FEA5312CCF3400103F01F0340F0C28012
:10A92000002A00F0BC80012A40F0FF808949012202
:10A9300002FA03F3C1F80C3598F86D302BB150468C
:10A9400004F07CFB002388F86D304346824A03A95B
:10A95000504604F03FFB814B984240F0B080012309
:10A9600088F86D30C8F80060012384F86C30019BD2
:10A97000586A431C01D014F0E5FCB9F1000F40F017
:10A98000B480C4F844900023A36404F1580204F195
:10A99000480104F1440014F0BBFB009B6065002BF0
:10A9A00040F0AC80E3640023236504F1600204F10D
:10A9B000500104F14C0014F0ABFBE065206800236B
:10A9C000236448B183683BB10121083014F0B3FB24
:10A9D0002368186916F057FF3846FFF7EFFE00228C
:10A9E000A06C1346834240F092800023256D1946E7
:10A9F000A94240F093809342264638BF13464FF455
:10AA0000FA5202FB03F556F8283B4FF000081B688A
:10AA1000B5FBF3F54FF4004CC835414640F2E73042
:10AA20004FF47A720023E5FB0C01DDF719FB0246B7
:10AA30000B46304606F0B2FD18B9256C15F1740FBF
:10AA40003FD10198C4F8688004F0F8FA84F86D806A
:10AA500038696FF0730114F00DFC304606F0C6FD46
:10AA60006FF073052DE0A369002B7FF4EBAE6368F4
:10AA700099427FF4E7AEEEE64FF0007531E74FF014
:10AA800080652EE74FF000652BE74FF0805528E7F3
:10AA90004FF0005525E7003B18BF01232CE74FF08E
:10AAA000A04144E742B1012A42D12A49012202FAD7
:10AAB00003F3C1F808353FE74FF0A041F6E76FF028
:10AAC000040523689B8813F4005304D1636004F1E8
:10AAD000100006F03DFD284609B0BDE8F08F6FF08C
:10AAE0001505EEE76FF08505EBE7D9F800306364F4
:10AAF000002B3FF448AFD9F8043045E7009B1B68B2
:10AB0000E364002B3FF44FAF009B5B684CE7616C44
:10AB100001EBC301013349680A4463E7E06C00EBD1
:10AB2000C10001314068034462E7C1F80C15FFDE43
:10AB30000023C3F80835FAE747E801008FD0030087
:10AB40001FA107003F420F007F841E00FF083D0049
:10AB500000127A0000030050ADF205000000AD0BBA
:10AB600000F01F0240090DD001280ED10A4B03EB63
:10AB700082030A4AD3F80007024042EA8102C3F87E
:10AB8000002770474FF0A043F1E702F5E072002381
:10AB900053F82230FFDE00BF00030050F0F8FCFF46
:10ABA00030B585B001238DF80430054602230DF140
:10ABB00007008DF80830039003F0FCFA0C4B984224
:10ABC00004460FD1002302AA01A9284603F062F926
:10ABD000A0420AD09DF8070003F0E6FA6FF00400E7
:10ABE00005B030BD6FF01200FAE70020F8E700BFB3
:10ABF0000000AD0B70B5012383400E4ABFF35B8F9D
:10AC0000DC4352E8001F01EA040542E80056002E2A
:10AC1000F7D1BFF35B8F4FF4803282400648C0F813
:10AC20000823BFF35F8FBFF36F8F0B4214BF012068
:10AC3000002070BDEC7A00200010014070B40E4975
:10AC4000D1E90034D01AC31844F1000422F07F4641
:10AC5000C1E90034A6F50013B3F5400F09D2074B44
:10AC60001B681A0A1B069C19054B42F10005C3E933
:10AC7000004570BC07F0F0BA80270020F07A002071
:10AC80008827002011B3BFF35B8F0123104A834054
:10AC900052E800CF4CEA030C42E800C10029F7D18A
:10ACA000BFF35B8F0B4A4FF480338340C2F8043309
:10ACB000094BBFF35B8F1B68BFF35B8FC340DB07A0
:10ACC00042BF064B4FF40032C3F80021704700BF6B
:10ACD000EC7A002000100140E87A002000E100E05A
:10ACE0000D4B1868010A0006BFF35F8F0B4BD3F8BA
:10ACF0000435181841F10001B3F5801F0AD2084B42
:10AD0000D3E90023904271EB030303D210F180706A
:10AD100041F10001704700BFF07A002000100140AF
:10AD2000882700202DE9F04F85B016461F469DF874
:10AD300040A00446FFF75EFF0190FFF7D1FFB0424D
:10AD400071EB070354D23E4B301A67EB0101984276
:10AD500071F100014FD23B4B03EB0413D3E9022303
:10AD60009F4208BF96425ED037494FF4803804F1C5
:10AD7000500508FA04F8AD00C1F848832046ADB28A
:10AD800014F008FB26F07F4B05F1804504F5A8730D
:10AD900005F58835DC464FF003090293029A2CF042
:10ADA0007F4341F82230C1F84483D1F80435274A63
:10ADB0006FF00200C01A604420F07F40904232D908
:10ADC000286868B1D1F804350393A3EB0B0020F099
:10ADD0007F40B0F5000F26D9204614F0DBFA039B24
:10ADE000BAF1000F07D109EB030C09F10109D5E70E
:10ADF000BAF1000F09D06FF0150520460199FFF751
:10AE000041FF284605B0BDE8F08F0123104ABFF38B
:10AE10005B8FA34052E8000F184342E8000100296D
:10AE2000F8D1BFF35B8F07490E98230101EB0412A1
:10AE3000C8500F9B5360C2E902670025DDE700BFE1
:10AE4000010080007027002000100140FDFF7F00FE
:10AE5000E87A00207FB51C4C1C4BC4F80833C4F8BA
:10AE600048331B4B00254FF0FF304FF0FF31C4F843
:10AE70000855C3E902014FF48033C4F80433154B7D
:10AE800002264FF400320121C4F804631120C3F8F4
:10AE900080212A46F7F788FD1120F7F755FD0E4A65
:10AEA0000123A360236013600C4B0D4A0093CDE98E
:10AEB000015500232846FFF735FF3046FEF76AF8B4
:10AEC000284604B070BD00BF0010014003000F0011
:10AED0007027002000E100E0EC7A00203DAC040087
:10AEE000FFFF7F002DE9F7432B4CD4F8043399077B
:10AEF0000BD5D4F8043143B1284A0023C4F80431F7
:10AF0000D4F80431136801331360D4F80433DA033E
:10AF100023D5BFF35B8F224B53E8002F22F00101B2
:10AF200043E800100028F7D1BFF35B8FD30702D4AA
:10AF3000D4F840318BB10025C4F84051D4F84031E9
:10AF4000FFF7CEFEEFF3108272B6164BD3E902671D
:10AF5000B042B94104D282F3108803B0BDE8F08357
:10AF60004FF0FF384FF0FF39C3E90289D3E90010F1
:10AF70001D604FF48033C4F84833C4F84051D4F80E
:10AF8000403182F310880029E7D0009032463B46DA
:10AF900028468847E1E700BF00100140F07A002012
:10AFA000E87A0020702700201FB5431C23D0012819
:10AFB00023DD134A134B9042D4BF04461C46FFF7CF
:10AFC0008FFE114B0F49D3E90023801AB0F5000F13
:10AFD00028BF002404448C4228BF0C46A2180B4909
:10AFE00000914FF00000CDE9010043F10003FFF7AD
:10AFF00099FE04B010BD034CE1E70124DFE700BF78
:10B00000FEFF7F00FFFF7F00802700203DAC040093
:10B0100008B5FFF765FE024B1B68C01A08BD00BFEC
:10B020008027002010B5084C012363601120F7F73A
:10B0300099FC064BC4F80833C4F84833044B4FF46A
:10B040000032C3F8802110BD0010014003000F0042
:10B0500000E100E002460B46014806F08FB900BF50
:10B0600078130020014806F003BA00BF78130020CF
:10B0700010B5214921488AB016F01EFE00F06EFD81
:10B0800005A8DDF75FFB1E4816F002FC68B31D4AF9
:10B0900007CA02AB83E807001846DDF7E5FC38BBBA
:10B0A0004FF0FF304FF0FF31FFF7D4FF044638B9BF
:10B0B0000820DDF79FFB30B1FFF7D4FF6FF0850468
:10B0C00020460AB010BD10491048DDF7B1FB044618
:10B0D00010B1FFF7C7FFF3E741F64C5301A8019306
:10B0E000E9F72DFC0028F4D0E6E76FF01204E7E75B
:10B0F0006FF01504E4E700BF5FF40500F47A002068
:10B10000EC260600142C06009027002001B2040053
:10B1100037B52E48F9F7E4FA2D48DDF7B3FBDDF734
:10B1200021FC18B16FF0850003B030BDDDF74AFC9B
:10B130000028F7D1DDF726FC0028F3D1DDF732FC3B
:10B140000028EFD1DDF74EFC04460028EAD10125A6
:10B1500001AA02218DF80450DDF702FB0028E3DB91
:10B16000082301AA07212046ADF80430DDF7F8FADC
:10B170000028D9DB174B019301AA03212046DDF7F4
:10B18000EFFA0028D0DB01AA042120468DF80450F4
:10B19000DDF7E6FA0028C7DB1F2301AA06212046B7
:10B1A000ADF80430DDF7DCFA0028BDDB40F63A43A9
:10B1B000984208DD404080F311884FF0040002DF20
:10B1C0006FF00B00B0E70020AEE700BF7C4D06003B
:10B1D000BDF30500FBFB030238B50446074883684E
:10B1E0005D680A4635B100232146A84720EAE07091
:10B1F000C0B238BD6FF08500F8E700BFEC2606004E
:10B200000149024816F085BDF47A00205034002030
:10B2100010B403460A46034881680C681946234661
:10B2200010BC1847EC26060037B54FF0FF304FF042
:10B23000FF31FFF70FFF002850D1294D0DF1070115
:10B24000284600F081FB0446FFF70CFF002C45D197
:10B250009DF80730042B26D128783E2819D0FF28E6
:10B260001ED04FF0FF324FF0FF332146F8F74CFD70
:10B27000044648B16A781A49023204F10C0012F00F
:10B28000FFFF2046F9F702FA03B0BDE83040FFF7B0
:10B29000B7BFAB78022BE4D1002200230124E4E7FE
:10B2A000AB78802BF7E7022B0DD14FF0FF324FF038
:10B2B000FF330320F8F7F8FC04460028E4D06A883E
:10B2C00029460432D9E7082BDED14FF0FF324FF088
:10B2D000FF330520F8F7E8FC0446F0E703B030BD83
:10B2E000EC530120F7B5874C068823780546002BE0
:10B2F00040F0268304238DF80730834B1F68B7B1D5
:10B300000DF106030DF10702611CB84701280ED0AC
:10B310009DF80630002B40F071819DF80730A37036
:10B320000E2201236270E370A680A0716FE1B6F572
:10B33000105F4FEA96230BD2002B00F0DE82013B18
:10B34000072B08D8DFE803F009073481070707E671
:10B350003F2B00F02282012050E1284640F20642B5
:10B3600030F9033B93420ED040F21D42934213D07A
:10B37000012040F206439E4200F0738240F21D43DA
:10B380009E4247D16DE2E9F740FB42F226039E421E
:10B3900004D942F23203F3E7E9F739FB42F20C0336
:10B3A0009E42E6D9A6F500530D3B584A9BB2ABE24C
:10B3B000284640F6634230F9033B934239D016DC0D
:10B3C00040F60342934228D040F62D42934227D0C4
:10B3D00040F6014293421BD00F2363700423A370F5
:10B3E0000123E3702371A4F80560237066E040F642
:10B3F0007B42934220D040F67C429342ECD19DF8B0
:10B400000730434902338DF80730E9F792FA01E03B
:10B41000E9F785FA012880D19DE7DDF7BFFBF9E761
:10B420009DF807303A4903338DF80730E9F775FA8C
:10B43000F0E7E9F779FAEDE79DF80730344904338E
:10B440008DF80730E9F767FAE4E72B88A3F5805316
:10B45000013B082BC0D801A252F823F081B40400AC
:10B4600093B40400C3B40400D9B30400D9B30400F6
:10B47000D9B30400D9B30400D9B30400F1B4040073
:10B480009DF80730224808338DF80730E9F77EFA37
:10B49000C0E79DF807301E4D403328468DF8073031
:10B4A00013F0DFFF9DF80730A3700E2201236270B6
:10B4B0000022E370A680A27105F8073C002003B0CB
:10B4C000F0BD134A9DF80710A68000231360536057
:10B4D000A371E37A083123F060030E20A17043F0DA
:10B4E000600301216070E170E37202F8071CE5E778
:10B4F0009DF80730064806338DF80730E9F744FA1F
:10B5000088E700BFF05B0120047B002041120003AC
:10B51000F75B0120284642F24B0130F8033B1AB298
:10B520008A4254DCB2F5005F5ADDA3F50053013BBB
:10B530004A2B55D8DFE813F05600780081005400FC
:10B540008B008E0091009A009D00A00054005400D2
:10B5500054005400A600AF00B200B50054005400DF
:10B56000B800C100C400CD005400D600DF00E800E0
:10B5700054005400540054005400F200FB00040135
:10B5800007010A01540054005400540054005400B0
:10B5900054005400100119012201250154005400E7
:10B5A00054005400540054005400540054005400FB
:10B5B00054005400540054005400540054005400EB
:10B5C000540054005400540054005400280142F226
:10B5D0005E039A4200F0BD8042F27C039A424ED054
:10B5E000012001E0E9F704FA42F244039E4200F22E
:10B5F000968142F242039E427FF6C7AE0F236370EC
:10B600000423A3700123E0702371A4F805600123D3
:10B61000237042F283039E427FF450AF63780E2B77
:10B620007FF44CAF0023E0E69DF80730B9480333C0
:10B630008DF80730E9F7BEF9D6E79DF80730B54831
:10B6400008338DF8073013F047FF0020CCE7E9F707
:10B65000D6F9C9E7E9F7C4F9C6E79DF80730AD4860
:10B6600001338DF80730E9F7A3F9BDE7E9F7B4F93D
:10B67000BAE7E9F7C6F9B7E7E9F7B0F9B4E7E9F7E8
:10B68000B3F9B1E79DF80730A24801338DF80730D0
:10B69000E9F794F9A8E7E9F77DF9A5E7E9F778F97B
:10B6A000A2E7E9F797F99FE79DF807309949073333
:10B6B0008DF80730E9F780F996E7E9F785F993E720
:10B6C0009DF80730934910338DF80730E9F764F996
:10B6D0008AE79DF807308F4808338DF80730E9F77F
:10B6E00065F981E79DF807308A4902338DF8073004
:10B6F000E9F758F978E79DF80730864902338DF865
:10B700000730E9F74BF96FE79DF8073008338DF8FC
:10B7100007308F23E371C023E37296E79DF807306B
:10B720007C4902338DF80730E9F75CF95CE79DF856
:10B730000730784804338DF80730E9F747F953E7C5
:10B74000E9F761F950E700F039FA4DE713F0DEFE52
:10B750004AE713F0DEFE47E79DF807306D480833EF
:10B760008DF80730E9F72CF93EE79DF80730694975
:10B7700004338DF80730E9F725F935E7E9F736F9AD
:10B7800032E7E9F73AF92FE79DF8073061480233CD
:10B790008DF80730E9F71CF926E728464FF60B42EB
:10B7A00030F8033B934227D8B3F57C4F16D826F0E8
:10B7B00008034FF6025293427FF4CDAD012050E0D2
:10B7C000A3F57D430C2B00F2B980DFE803F06F8115
:10B7D00084878A8DB7B7B790B7B79300A3F57C433A
:10B7E000013B0A2B00F29A80DFE803F0111E9898C3
:10B7F00098549898424B570003F5407292B20C2A25
:10B8000026F00802DCD94FF602539A42D4E79DF89D
:10B81000073040480C338DF80730DDF767FA26F023
:10B8200008034FF6025287E09DF8073040338DF849
:10B830000730384B00221A80E37923F0230343F0CA
:10B840002303E371237A23F0070343F007032372F2
:10B850004FF6025226F0080393424FF000007FF4A7
:10B860005CAD0F2363700423A370E0700123B9E57E
:10B870009DF80730274817338DF80730DDF7EAF9D0
:10B88000CDE79DF80730234820338DF80730DDF7EA
:10B8900099F9C4E7E9F776F8C1E79DF807301D4844
:10B8A00001338DF80730E9F759F8B8E79DF807300C
:10B8B00040338DF80730174B00211980E37923F0CE
:10B8C0003F0343F03F03E3714FF602539A42C4E74C
:10B8D000E9F737F8A3E7E9F730F8A0E7E9F72BF83D
:10B8E0009DE7E9F734F89AE7E9F729F897E7E9F7E8
:10B8F0002AF894E7E9F730F891E701208AE5A6F500
:10B900000153283B044A9BB222FA03F3DB077FF57D
:10B9100081AD73E6F75B01202F800020012042F209
:10B9200085039E423FF67BAF42F267039E42E6D814
:10B9300026F0020342F26402934222E501206EE700
:10B940004FF0FF30BBE500BF38B5094C23780D46FA
:10B950001BB9BDE83840E8F7CEBFA278611C0232BF
:10B9600016F0C6FD0020042320702B7038BD00BFE8
:10B97000F05B012070B505460E46084C204615F0D8
:10B9800087FF38B1A368B2B2294620461B68BDE8DC
:10B99000704018476FF0120070BD00BFEC26060023
:10B9A000F8B51C4D1C4905F12002002808BF2946A6
:10B9B000104606F03BFE4FF0FF3200284FF0FF33F9
:10B9C0004FF0010014BF12270027F8F76DF900F1BE
:10B9D0000C0602210446304612F04CFC3E23037054
:10B9E000222343700121304612F044FC09230370E6
:10B9F0002121304612F03EFC00F8017B2FB12022BD
:10BA0000FF2116F09DFD2046F8BD05F1200113F041
:10BA100073FDF8E7375C0120F6870600F8B53B4B6D
:10BA2000BFF35B8F1A68BFF35B8F022A1F4665D096
:10BA3000042A68D0012A4AD1354C364E20212046AE
:10BA4000FFF798FF00284ED120223146204616F0FD
:10BA5000F8FC0028F2D03048214606F0D3FD054618
:10BA60000028EBD14FF0FF324FF0FF330120F8F701
:10BA70001BF900F10C0602210446304612F0FAFBD5
:10BA80003E230370422343700121304612F0F2FB43
:10BA9000082303704121304612F0ECFB064600F803
:10BAA000015B15B34022002116F04AFDBFF35B8F06
:10BAB000002357E8002F47E800310029F9D1BFF3F0
:10BAC0005B8F7CB12046BDE8F840F8F7DFBD00226F
:10BAD000BFF35B8F53E8001F43E800200028F9D133
:10BAE000BFF35B8FF8BD1F25BCE70B4913F004FDC6
:10BAF000203106F1210013F0FFFCD7E70020FFF70B
:10BB00004FFF0446D2E70120F9E700BF187B002071
:10BB1000375C0120F6870600575C012010B586B01F
:10BB20001022002101A816F00BFD0B4C05940123F7
:10BB30008DF811304FF0FF324FF0FF33012101A893
:10BB400006F0B0FC204616F03EFC049B6FF39433E5
:10BB50000493FFF763FFEDE7087B002010B588B082
:10BB60000E4816F02BFC0E4C0E4900220023CDE9A6
:10BB7000062300230A22CDE90323CDE901330093F4
:10BB80004FF46272084B204605F0C0FA0749204680
:10BB900008B0BDE8104015F042BF00BF087B002090
:10BBA000D0330020401502201DBB0400E9870600A9
:10BBB0000148F7F70FBA00BFD033002008B50B4B90
:10BBC000BFF35B8F012253E8001F002903D143E834
:10BBD00000200028F7D1BFF35B8F05D10448002176
:10BBE00006F0BCFC002008BD0C20FCE7187B002000
:10BBF000087B002010B50029114BBFF35B8F044672
:10BC00000CBF0222042253E8001F002903D143E89D
:10BC100000200028F7D1BFF35B8F0ED121460948E1
:10BC200013F06AFC084804F1200113F065FC074892
:10BC3000002106F093FC002010BD0C20FCE700BFA3
:10BC4000187B0020575C0120775C0120087B0020D6
:10BC50000149024816F05DB81C7B002050340020DA
:10BC600037B53223ADF80430104A002301251921DD
:10BC700068468DF80630ADF800508DF80230E7F7D1
:10BC8000AFFF044670B901462A460820F6F78CFE3D
:10BC90002A4621460B20F6F787FE2A4621462846EB
:10BCA000F6F782FE204603B030BD00BF23F5050045
:10BCB00037B50D4D0D49002400946FF009034FF482
:10BCC0008062284605F0E8FD0949284615F0A7FEE0
:10BCD0000849094815F0F0FF224604211920F6F71B
:10BCE00063FE204603B030BD5034002040190220CE
:10BCF000228806004BF505001C7B0020014B00202C
:10BD00001B6818472C7B002020B1012806D104486D
:10BD1000E7F7D8B8034B01201B681847704700BFEE
:10BD2000FDBC04002C7B0020014B186001487047CB
:10BD30002C7B00200000AD0B10B50C29036912D13B
:10BD400018680A4C80EAE073A3EBE073990803F0EB
:10BD50000303002804FB03F3BCBF49425B42C2E972
:10BD60000013002010BD6FF08500FBE790D00300AA
:10BD70002DE9F0410468054674B3214611F8013BF2
:10BD80001F2B37D93A2BF9D120783038C3B2092B81
:10BD90001DD9DFF864C000205CF804EB27461EF8CC
:10BDA000012B17F8013BA2F16108A3F16106B8F17C
:10BDB000190FF6B213D8203A192ED2B201D8203B6F
:10BDC000DBB29342EBD001300828E5D104E0A31C9C
:10BDD0009942DED107280ADD4FF0FF3008E0192E26
:10BDE0009CBF203BDBB2002AEBD1B942EBD12960EA
:10BDF000BDE8F0810020FBE7C04D060038B5002308
:10BE000003714FF0FF338363044613F0A8FD00284D
:10BE10005CD1B4F83A524AF655239D4234D094F896
:10BE20003C30EB2B2AD1B4F84730B3F5007F29D151
:10BE300094F8493033B35A1E1A4218D1B4F84A3034
:10BE4000ABB194F84C30013B012B10D8B4F84D3015
:10BE50006BB1B4F84F307F2B06D804F15C0013F0BF
:10BE6000C1FBB0F5803F02D3B4F8523093BB4AF621
:10BE70005520854214BF0320022038BD1833DBB2A1
:10BE8000012BD0D90320F8E713490B2204F13C0021
:10BE900016F0D7FAE0B194F83C30EB2B03D018330E
:10BEA000DBB2012B10D80D49082204F18E0016F0E8
:10BEB000C8FA0028E1D0B4F84730B3F5007F03D1C9
:10BEC00094F84930002BB6D10220D6E70420D4E7FD
:10BED0000120D2E70020D0E75388060086880600BC
:10BEE0002DE9FF4100230B600E461546FFF740FF8A
:10BEF0000028C0F2C281B14B53F82040002C00F062
:10BF0000BE813460237805F0FE056BB1607801F0E6
:10BF1000F9FCC60708D40DB1410703D4002004B0D2
:10BF2000BDE8F0810A20FAE700236078237001F071
:10BF3000F5FCC20700F1A5810DB14307F2D4002141
:10BF40002046FFF75BFF022840F098806E4604F21F
:10BF5000022304F242213246184613F043FB103309
:10BF60008B4242F8040BF7D1002556F8041B002938
:10BF70007BD02046FFF742FF012877D80128A26B2B
:10BF800040F0B98004F146010B2311F8015F002D48
:10BF900079D10133402BF8D1B4F8A430B3F5807FC8
:10BFA00071D194F8A830092B6DD104F1840013F0FD
:10BFB0001BFB4FF0FF33171841F10001BB4275EB3B
:10BFC000010360D304F1900013F00CFB206294F89D
:10BFD000AA00E070012856D194F8A93000FA03F3C2
:10BFE00098B2608100284ED004F1980013F0FAFA5C
:10BFF00006467348864246D8B01CE061626204F18E
:10C00000940013F0EFFA00EB0208C4F8308004F15A
:10C010008C0013F0E7FA9BB21044A06206FB03F019
:10C0200010EB080045EB0503874271EB03032AD3AD
:10C0300004F19C0013F0D6FA2E46E06265B96389DC
:10C04000B34220D9E16A204613F0E9FA811920466B
:10C0500013F085FC80B90136631993F83C30812BCD
:10C0600013D02035C5F30805E8E703200135042D7A
:10C070007FF47BAF042806D1012050E70428FBD0D1
:10C0800001287FF67BAF0D2049E705F1140004F18C
:10C090003C06304413F0A6FA01280546F3D9E369BB
:10C0A0008342F0D96189236B821E02FB01336363F3
:10C0B000A16A204601EBD51113F051FC0028DBD119
:10C0C00005F07F0006EB800013F08CFA471C03D0CC
:10C0D0000135A842ECD0D6E7C4E905000425394A69
:10C0E0002570138801339BB21380E380364BE360E5
:10C0F000364B236112E7B4F84730B3F5007FC2D165
:10C10000B4F8526026B904F1600013F06BFA0646E9
:10C1100094F84C302662591E0129E370B3D894F884
:10C12000491061810029AED0481E0842ABD1B4F855
:10C130004D7027813807A6D1B4F84F0018B904F123
:10C140005C0013F04FFAB4F84AE0BEF1000F9AD049
:10C1500006FB03FC0EEB17156544A84293D3431B63
:10C160008B42B3FBF1F08ED3194B98428BD80EEB78
:10C1700002014FF6F57E704500F10203154429D8FF
:10C1800040F6F57E7045C4E90921E36125630CD8CA
:10C19000002F3FF478AF0CEB010003EB430103F0F9
:10C1A000010303EB5103012523E0002F3FF46BAFA4
:10C1B0000CEB01005B0002251BE000BF347B00207C
:10C1C000FDFFFF7FF0A50020F0A30020975C012079
:10C1D000F5FFFF0FC4E90921B4F86610E3613943A4
:10C1E00025637FF450AF04F1680013F0FBF99B0066
:10C1F000032503F2FF13B6EB532FE062FFF443AFC6
:10C200004FF0FF33C4E90533032D4FF08003637112
:10C210007FF465AFB4F86C30012B7FF460AF511C34
:10C22000204613F09CFB00287FF459AFB4F83A2263
:10C2300060714AF655239A427FF451AF04F13C00F5
:10C2400013F0D0F9104B98427FF449AF04F5087011
:10C2500013F0C8F903F1FF5303F50053203398425C
:10C260007FF43DAF04F5097013F0BCF9A06104F54B
:10C270000A7013F0B7F9606131E70B204FE60C202C
:10C280004DE603204BE600BF525261412DE9F843D1
:10C29000FF27066804463D460420A16B11B9D8B1BA
:10C2A000042062E0304613F05AFB00285DD1E06BB9
:10C2B0000378002BF4D03278042A10D1852B4ED18C
:10C2C000236BE364204613F0CDFF00284DD1336982
:10C2D0001B7903F03F03A3710020BDE8F883C27A05
:10C2E000E52B02F03F02A27144D02E2B42D022F067
:10C2F000200108293ED00F2A41D1590638D503F034
:10C30000BF05236B477BE364437BBB4232D1428B47
:10C3100082BB0378D6F80CE0DFF8748023F040038A
:10C320000D21013B4B434FF6FF79012118F801CB5A
:10C3300030F80CC001B3FF2B1CD82EF813C0614697
:10C34000013301320D2AF1D10278520605D521B10F
:10C35000FF2B0FD800222EF81320013DEDB2002153
:10C36000204613F0D0FE002897D00023A363B4E743
:10C37000AB42C9D0FF25F2E7CC45E2D0FAE71DB9C0
:10C3800013F058F9B842A7D04FF0FF33E364A3E7A6
:10C39000238906002DE9F04F002187B0D0F80090E6
:10C3A000044613F0C7FB804600BB99F80030042B0D
:10C3B0003DD1D9F80C0013F0ADFA07462046FFF73F
:10C3C00065FF054608B1804610E0D9F810309A8C18
:10C3D000BA42F3D193F823604FF0400AB54209D135
:10C3E000D9F80C3033F81530002BE7D1404607B0B0
:10C3F000BDE8F08F1AF01F0F08BF0AF1020AD9F842
:10C40000103033F80A0001F00DFBD9F80C308346E8
:10C4100033F8150001F006FB834503D10AF1020A47
:10C420000135DBE7761BF6B2002EC7D1D8E74FF017
:10C43000FF33E3644FF0FF0A04F1400355460293D3
:10C44000A16B484613F08BFA00285DD1E66B377874
:10C45000002F77D0F27AE52F02F03F03A37103D0CB
:10C46000120705D50F2B05D04FF0FF33E3644FE0E3
:10C470000F2B54D194F84B305B063FD4780645D54A
:10C48000236B96F80DA0E36407F0BF07737B534559
:10C490003ED1738B002B3BD13578D9F80C3001930A
:10C4A00005F03F05013D0D23DFF8A0B05D430122FB
:10C4B0001BF8013BF35A6AB3FF2D29D818460593A0
:10C4C00001F0B0FA019B0490691C33F81500039148
:10C4D00001F0A8FA049A82421AD1059B03991A46E0
:10C4E0000D461B4B9B45E3D13378590604D51AB151
:10C4F000019B33F815305BB9013FFDB200212046A6
:10C5000013F001FE00289BD080466FE7BD42BDD0EE
:10C51000FF25F3E74FF6FF718B42E2D0F8E72DB924
:10C52000304613F087F850453FF460AF94F84B3035
:10C53000DB0799D402990B22304615F082FF0028C0
:10C5400092D153E74FF0040850E700BF238906005B
:10C55000308906002DE9F04F90F84BB01BF0A00594
:10C5600099B0044640F0C4810668F26832F815308C
:10C57000002B60D13378042B40F09C800F230E35C4
:10C580002046B5FBF3F5A91C13F01BFE80460028DE
:10C5900040F08A80236B0135A3EB4513E364E37914
:10C5A0005F074AD523F00403E371204613F0A1FB93
:10C5B00000283ED1616B4FF0FF32204613F081FB23
:10C5C000002836D1A368002B37D023680493236A50
:10C5D0000693636AA16A8DF8173004A823F0FF035D
:10C5E000CDE90838CDF82C80179113F0A3FA00BBE1
:10C5F00004A813F037FEE0B9D4E9042370894FF49E
:10C600000071E0FB0123C4E904233069383012F0E3
:10C61000F7FF3069D4E90423283012F0F1FFE37901
:10C62000326943F0010382F8213004A813F086FE3A
:10C6300018B1804638E0013598E7D6E90354671C05
:10C640003F220021384615F07BFF85232370C0234D
:10C6500084F8203000231946012040224FF0C10EFB
:10C660009946561C04F802E004F80690023220B104
:10C6700035F8130008B10133DBB2060AA054BE54EA
:10C680000232D606F3D135F8136001F1010C7EB900
:10C69000023184F823306170284613F03BF984F8A6
:10C6A0002400000A84F82500404619B0BDE8F08F48
:10C6B0006146D6E704F1400797E807000DF110093D
:10C6C0001BF0010F89E807007BD0402384F84B3032
:10C6D0004FF0010A99E80700BC46F368ACE8030094
:10C6E0002CF8022BBAF1050F4FEA12428CF8002009
:10C6F0005ED9981E524630F8021F002946D1CC461A
:10C70000072102F00F0E0EF13000392888BF0EF11C
:10C710003700013990460CF8010D4FEA121202D091
:10C72000B8F10F0FEDD801F160030DEB03027E208D
:10C7300002F8580C04F13F0000228A4206D010F89B
:10C7400001CFBCF1200F02F1010E33D13F32224460
:10C7500004F1470C07299BBF01F160030DEB0300B7
:10C76000202010F8580C02F8010F98BF01319445B1
:10C77000F0D12046FFF70EFE8046E8B90AF1010A23
:10C78000BAF1640FA6D14FF007088DE74FF0100CF7
:10C7900001F0010E0EEB4202D30344BF82F4883253
:10C7A00082F02102BCF1010C4FEA5101F0D1A2E765
:10C7B0005246A4E77246C0E704287FF475AF84F8B8
:10C7C0004BB01BF0020F1BBF0C350D230125B5FB31
:10C7D000F3F518BF01352946204613F0F2FC8046D8
:10C7E00000287FF461AF013D1DD1A16B304613F0ED
:10C7F000B6F8804600287FF457AF01462022E06B50
:10C8000015F09EFE03CFE36B18605960BA78398843
:10C8100019819A7294F84B30E26B03F0180313738A
:10C820000123337140E7216B2046A1EB451113F042
:10C8300081F9804600287FF437AF384612F0FAFEBF
:10C840000190A16B304613F08AF8804600287FF4EF
:10C850002BAFF3680093E36B019A5A73E9B24FF080
:10C860000F024FF00D0CDA72DFF88C8018734A1E3D
:10C870000CFB02F29876D87684464FF0FF0918F840
:10C8800001EB4FF6FF7A504503EB0E0B20D103F876
:10C890000E908BF801900CF1010CBCF10D0FEED154
:10C8A0004FF6FF7C604503D0009830F812200AB99B
:10C8B00041F040011970012333710021204613F02B
:10C8C00022FC804600287FF4EFAE013DB9D18CE711
:10C8D000009830F8120003F80E0002F1010A020A73
:10C8E0008BF8012052460028D5D14FF6FF70D2E7D1
:10C8F0004FF00608D8E600BF238906002DE9F04F67
:10C9000085B00368019305468A4611F8013B2F2B39
:10C91000FAD05C2BF8D00023AB60EB619AF80030C2
:10C920001F2B00F2DC8080230021284685F84B3045
:10C9300005B0BDE8F04F13F0FDB804240FE132F864
:10C940001730202B02D02E2B40F00E81013F08E142
:10C95000994504D2BA4248D10B2B3DD101E00B2BB3
:10C9600034D195F84030E52B02D1052385F84030CD
:10C9700044F00304E4B208F00C030C2B03D008F0DD
:10C980000303032B02D144F00204E4B2A1070BD449
:10C9900018F0010F1CBF44F01004E4B218F0040FAB
:10C9A0001CBF44F00804E4B285F84B402846FFF76A
:10C9B000F1FC95F84B3000287AD0042803D113F00D
:10C9C000040F08BF052005B0BDE8F08FBA4203D0C0
:10C9D00044F00304E4B25DD84FEA88085FFA88F8AF
:10C9E0003A460B234FF00809F5E07F2E3ED944F07C
:10C9F0000201CDE902233046CBB240F2B5110093DB
:10CA000000F0DEFF10F0800FDDE90223064614D0AF
:10CA1000724900F07F068E5D46B171483146CDE91E
:10CA2000022315F01EFDDDE9022308B3009941F051
:10CA30000301C9B200915F2610E0FF28ECD9591E0E
:10CA4000894504D344F00304E4B29946C3E005EBFE
:10CA50000901000A81F8400009F1010905EB09010B
:10CA6000009C81F8406009F10109B4E00094D4E72A
:10CA7000A6F1410189B2192902D848F00208EDE770
:10CA8000A6F1610189B219299EBF203E48F0010834
:10CA9000B6B2E3E795F84020E52A04BF052285F801
:10CAA0004020082B04BF4FEA88085FFA88F862E745
:10CAB0005A0788D4AB79DB0641D5019B1878042846
:10CAC00030D1AB682B622B69EA79019823F0FF0320
:10CAD00013436B62EB6CAB62294612F0CFFD2B68FF
:10CAE000D3F80CB000271AF8010B00283FF425AF4B
:10CAF00040F2B51100F082FF0446F0B11F287FF626
:10CB00001CAF2F281DD05C281BD07F2804D80146DD
:10CB1000344815F0A6FC80B9FF2F0ED02BF8174033
:10CB20000137E0E7019B03F13C012B6BC3F30803E2
:10CB3000194413F032FCA860D1E7062043E7052032
:10CB400041E753461C782F2C9A4603F10103F9D094
:10CB50005C2CF7D01F2C8CBF00240124A400ABF167
:10CB60000202002F7FF4EBAE4FF000032BF81730DA
:10CB7000002FE2D000233BF81320202A194603F1AE
:10CB80000103F8D009B92E2A02D144F00304E4B21B
:10CB9000ABF1020232F817302E2B01D0013FF9D150
:10CBA0004FF020334FF000096B642B64C5F8473019
:10CBB000C84608233BF811604A1C002E3FF46AAFB8
:10CBC000202E05D02E2E7FF4C3AEBA423FF4C4AE61
:10CBD00044F00304E4B21146ECE700BFA38806006A
:10CBE000688806005F8806001FB5CDE9001003A81D
:10CBF00014460391FFF7BCF8002818DB0D4A52F8E1
:10CC000020301BB1002142F820101970019B23B184
:10CC1000002142F82030587019702CB1002201A96F
:10CC20006846FFF75DF90446204604B010BD0B24AA
:10CC3000FAE700BF347B00202DE9F04F99B00D4694
:10CC4000119011A814460693FFF792F80028C0F23D
:10CC50004786AC4B53F820300BB100221A70C3B298
:10CC60001846009300F05AFEC10700F13C864207C7
:10CC700000F13C86A44B002D08BF1D466B68129343
:10CC800023B9009812AA032100F06CFE129A531ED9
:10CC9000B3F5004F01D21A4201D0012312936B78F1
:10CCA0000293013B012BD5F80890029B88BF01231A
:10CCB000029309F1FF33B3F5004F2BD219F00F0F98
:10CCC00018BF4FF40079EE68B6F1807F25D8731E47
:10CCD000334218BF0026069BB3F5007FC0F00986DB
:10CCE000002C00F00686002300982F78139313AAD7
:10CCF000012100F037FE002840F0918117F0080371
:10CD000009930CD1139B3F2B25D93F3B13933F2312
:10CD1000019305E04FF40079D5E70026DBE70190A9
:10CD2000DDF84C80B8F17F0F13D9069B5B0A0493A2
:10CD30007B074FEA56257ED507F00703042B0CD15D
:10CD400008F1A84303F50413B8F5805F029380F05F
:10CD50001A810E2064E1099BDAE7B8F1806F5ED397
:10CD600008F1A84303F50413002D029308BF4FF404
:10CD70008075019B129920330793B8FBF5F39B0054
:10CD800003F207235A0A07980E924A1E024402EB46
:10CD900053234942019A0B4003939B1AB3EB580F5C
:10CDA0000D93D6D2039B9044A8EB0308B8FBF5F390
:10CDB000A3F110020C93554B9A42CAD80C9B07332F
:10CDC000DA084FEA45290F9209F1FF3202EBD3034B
:10CDD000B3FBF9F3059310921593059A039B05FB9A
:10CDE00002330A93069B4FF0000823F4FF7B47466B
:10CDF0004646CDF82C80CDF82080C2462BF0010BA2
:10CE0000B8F1000F00F0CE80B8F1010F00F0DC8027
:10CE100016FA87F6B8B2B6B24FF00008DEE0B6F503
:10CE2000813F0CD3B8F5805F93D308F1A84303F595
:10CE3000041302939DE7B6F5813F28BF802517F0C4
:10CE4000020207F00103089264D0002B65D1129909
:10CE50004B1E08F1A84B0B934B420BF5041BC9F377
:10CE6000161E0A93002D00F0F5822A46B8FBF5F352
:10CE7000980000F20720400A0390A3F57F4324485E
:10CE8000F63B83423FF665AF002307934FF0200A3D
:10CE90000326019B0A9903EB0A07DDE9023000FB38
:10CEA0000370079B18440B9BC3180B40032EA3EB86
:10CEB000000340F0E4829A441F44019BC3EB051336
:10CEC00003449845FFF445AF079BDDE90210A8EB4A
:10CED0000303A3EB0A03032E00FB1133B3FBF5F3AB
:10CEE000059340F0E38205994FF6F573994200F2FD
:10CEF0001083002A7FF42DAF012D7FF62AAF6D0835
:10CF0000B3E700BF347B0020B04D0600EDFFFF7F8C
:10CF1000FFFFFE0F002B00F0EF8412994B1E08F16B
:10CF2000A84B0B934B420BF5041BC9F3161E0A9337
:10CF3000002D40F0A2827A484FEA1836012330F8DB
:10CF4000022B12B1B24240F2968240F6F570B8FB65
:10CF5000F3F282429BBF02EB4202013202325208DC
:10CF60008CBF5200033202F2FF124FEA52220392A8
:10CF700088BF02262A4698BF0126CDF81CE01D4630
:10CF80004FF0010A85E7002D7FF4F3AEB8F5002FCE
:10CF900006D3B8F1806F34BF40254FF48075E8E6C2
:10CFA0000825E6E6304600F03DFD80B2721C864260
:10CFB00092B23FD1012706EB07081FFA88F8B8F1B3
:10CFC000000F30D17F2F37D8013F06F101023046E4
:10CFD00014BF4FF001084FF0000896B20B9BC2B28D
:10CFE00004F80A20C0F30F2002EB730200EB720377
:10CFF0000B93089B04EB0A010233487008931EB19F
:10D000000AF10200584520D10AF201234FEA532ABF
:10D010000A9A00985346214600F098FC88B10120F6
:10D0200019B0BDE8F08F404600F0FCFC8045C9D146
:10D030000137C0E71646D1E74FF002084FF6FF7000
:10D04000CCE726B10A9B53440A938246D8E6089A55
:10D05000109B13440F9AB3FBF9F302F2FF16059AE3
:10D0600016934FF0010AD3180A9303EB0A0B069BA1
:10D07000DDF80C90CDF85CA023F4FF78760A28F058
:10D08000010842460021204615F05AFA5F46ABEBF4
:10D09000070327B1B8EBD30F4FEAD30235D8DDF839
:10D0A00010B00098B34528BFB3465B464A462146B8
:10D0B00000F04CFC0028B2D1B6EB0B06D94422D1CB
:10D0C0000E9FB346B2464FF0FF094246002120466C
:10D0D00015F036FABBF1000F20D16FF00703237073
:10D0E00084F8019084F8029084F8039084F8049006
:10D0F00084F8059084F8069084F807904FF0020BAE
:10D10000082233462DE0BB46BBE7A15C03F00703D2
:10D110000AFA03F30B43A354013FB8E70022F0E7F8
:10D120005A740600022E21D818A901EB8303013698
:10D1300053F80CACBAF1000F18D0904516D933460D
:10D14000BAF1010F0BF1010B04EB020014BF5946B9
:10D150004FF0FF31069312F04BFA069B04320AF1AE
:10D16000FF3ABAF1000FDDD09045E9D8049B079A49
:10D170000098BB4228BF3B462146069300F0E6FBE1
:10D1800000287FF44CAFDDE906321A44FF1A0792FB
:10D190009BD139464246204615F0D2F983232370AD
:10D1A000812384F8203002230F9984F8343084F8E6
:10D1B000357084F8367084F8377004F1380012F056
:10D1C00017FA82230B9984F8403004F1440012F0DE
:10D1D0000FFA059904F1540318460231069312F030
:10D1E00007FA04F1580318460899079312F000FA59
:10D1F000039B0A9A2F4605FB0236DDF81080009843
:10D20000B84528BFB84621464346324600F09EFB4B
:10D21000014600287FF403AF4FF40072204615F05A
:10D220008FF9B7EB08074644E7D10223DDF80490F5
:10D23000DFF8C4B2059300214FF40072204615F0C8
:10D240007FF9DBF800302360DBF804306360BBF863
:10D25000083023819BF80A30019AA37204F1400040
:10D26000002312F0CDF9002304F14800139A12F0C4
:10D27000C7F9202384F850300E99069812F0B8F9B7
:10D280000D99079812F0B4F90C9904F15C0012F0B2
:10D29000AFF90A9B04F16000991C12F0A9F90299F8
:10D2A00004F1640012F0A4F94FF0010384F869302E
:10D2B000092384F86C302E4676081ED14FF0010306
:10D2C00084F86E30802384F86F30EB2384F8783054
:10D2D000FE2384F87930552384F8FE31AA2384F89C
:10D2E000FF313746B046A8F16A03012B0BD808F18D
:10D2F0000108F8E7012305939DE794F86D300133A9
:10D3000084F86D30D8E7B8F1700F08BF4FF071089E
:10D3100014F8083008F10108B8F5007F03EB77072F
:10D32000E1D12146009801234A4600F00FFB09F1A4
:10D33000010A014600287FF472AE4246204615F0ED
:10D34000FFF8552384F8FE31AA2384F8FF31631EC9
:10D35000049304F2FF1309F109080393049B13F8E3
:10D36000012F02EB7707039A9A42F8D121460098E1
:10D370000123524600F0EAFA0AF1010901460028A9
:10D380007FF44DAEC84501D0CA46E7E74FF40072BE
:10D39000204615F0D5F80AF1030A049B13F8012F73
:10D3A00002EB7707039A9A42F8D1009801234A4684
:10D3B000214609F1010800F0C9FA00287FF42FAED8
:10D3C000D04501D0C146E8E7A0193946043612F02D
:10D3D0000FF9B6F5007FF7D10098012342462146A8
:10D3E00009F1020900F0B2FA00287FF418AE059B9B
:10D3F000012B7FF47FAF4FF00709099B002B40F012
:10D400004882139B15930098099B169314AA012137
:10D4100000F0A8FA00287FF402AE149E374B9E421B
:10D4200040F22082052108274FF63E437F00013954
:10D43000FFB200F06482B6FBF7F29A42F6D84FF4DE
:10D440000072002F40F0AB813946204615F078F885
:10D45000FF27A8E12A4B4FEA5840012533F8022B59
:10D46000002A3FF403AD824201D90022FEE46D00A0
:10D47000F4E71D465CE55B0061E52B4665E5029936
:10D48000DDF808C0B3FBFCFC01FB1C3CBCF1000F49
:10D4900003D0013B0AF1010A0137DDF80CC0029903
:10D4A000B3FBF1F39C44CDF80CC006E5022E29D164
:10D4B00005994FF6F573994211D952B96B00402B7B
:10D4C000D7D9089A002AC5D1802B3FF642AC1D4619
:10D4D0003BE5089B002B3FF43CAC1546C6E40599A0
:10D4E00040F6F573994214D8002A7FF432AC6D00EF
:10D4F000802D7FF61DAD2CE453880600F7E1070070
:10D5000068740600059A40F6F5739A423FF621AC1E
:10D5100001264FF400720021204615F011F8CD4B82
:10D5200084F80EA01A6822605A686260032E1A8975
:10D530009B7AA37208BF4FF0000902232373CAF33A
:10D54000072A029B84F81190B8F5803FC9F3072998
:10D550002281657384F80FA0237484F8129080F000
:10D56000F28084F81380C8F3072884F81480F82325
:10D5700063753F232376FF230199A37604F11C00F2
:10D5800012F036F8032E594640F0E38004F14300D0
:10D5900012F02EF8039904F1240012F029F8022366
:10D5A00084F82C30012384F83030062384F832309C
:10D5B000802384F84030292384F84230A64B04F1BC
:10D5C000470203F1100153F8040B42F8040B8B429D
:10D5D000F9D119889B78118093704FF0550B4FF05B
:10D5E000AA0A019A009884F8FEB184F8FFA10123E9
:10D5F000214600F0ABF9814600287FF410AD069B70
:10D60000032E23F4FF7828F0010837D1019A0098FF
:10D6100001230632214600F099F94FF40072494681
:10D62000204614F08DFF5223237063706123A37092
:10D6300084F8E731059B41227221E27084F8E411FD
:10D6400084F8E51184F8E621591E04F5F47011F010
:10D65000CFFF019A009884F8FEB1022384F8EC31E0
:10D6600007320123214684F8FFA100F06FF9019AE7
:10D67000009801231A44214600F068F949464246C1
:10D68000204614F05DFF754B012E0CBF99466FF0DC
:10D6900007094FF0000A032E76D1F8232370FF23E9
:10D6A0006370A370E37023716371A371E3712372DC
:10D6B0006372A3720F23E372DDF80C80DDF810B003
:10D6C0000098C34528BFC34621465B463A4600F052
:10D6D0003DF9014600287FF4A2AC4FF400722046C9
:10D6E00014F02EFFB8EB0B085F44E7D1BAF1000F3E
:10D6F000029A0CBF012302239A424FF0010ACAD8B2
:10D70000079B032E18BF1D46DDF810800098A84522
:10D7100028BFA84643463A46214600F017F900289C
:10D720007FF47DACB5EB08054744EDD1032E30D036
:10D73000139BB3F5803F2FD2022E14BF4FF0010987
:10D740004FF0040959E6414604F1200011F050FF62
:10D750000DE704F1270011F04BFF039BA375C3F302
:10D760000723E375802384F82430292384F82630A6
:10D770003B4B04F12B0203F1100153F8040B42F868
:10D78000040B8B42F9D124E74946204611F030FFC3
:10D7900092E74FF00C0930E64FF006092DE6002124
:10D7A000204614F0CDFE3F220DF1540A04F5E37833
:10D7B00004F5FB7393465AF8045B642D75D9A818D9
:10D7C0002CBF01210021B04200F28480002940F0EA
:10D7D000818011464046019311F00AFF294608F165
:10D7E000040011F005FFB2FBFBF1B1FBF7F007FB02
:10D7F000101CC1EB8111511A08F807CC4FEA900CAC
:10D800002CF03F0C013141EA0C012A4408F8061CB7
:10D8100008F8050C511EB1FBFBF5B5FBF7F007FB53
:10D82000105CC5EB8515491B019B08F8049C850815
:10D83000013125F03F052943434508F803CC08F89A
:10D84000021C08F8010C15D0A2B1964208F110088C
:10D85000B1D80FE06F8806007B880600F8FFFF0054
:10D860008F88060009994FF40072204614F068FE74
:10D870003F2E18D8552384F8FE31AA2384F8FF31AF
:10D88000009801230022214600F060F800287FF470
:10D89000C6AB00220098114600F064F8003818BFAB
:10D8A0000120FFF7BDBB08277DE708D1B0182CBFCA
:10D8B0000121002186420DD361B9354689E76421F3
:10D8C000B6FBF1F14D43A8182CBF0121002186427F
:10D8D00000D309B1B51A7CE7002D7FF47AAFC9E710
:10D8E0000B20FFF79DBB0320FFF79ABB0A20FFF731
:10D8F00097BB1120FFF794BB1320FFF791BB4FF4A8
:10D900000072A2E508B5044B53F820000DF00EFE9E
:10D91000003818BF012008BDE04D060008B5044BD3
:10D9200053F820000DF0F4FD003818BF012008BDA9
:10D93000E04D060010B5044C54F820000DF004FE34
:10D94000003818BF012010BDE04D060010B5044C92
:10D9500054F820000DF00FFE003818BF012010BD54
:10D96000E04D060013B5002314460193032921D886
:10D97000DFE801F0020E101E0521104B53F82000C5
:10D980000DF010FE003818BF0120C0B202B010BD6B
:10D990000121F2E7094B01AA53F8200002210DF002
:10D9A00001FE48B9019BB3F5803F05D22380ECE727
:10D9B0000421E2E70420E8E70120E6E7E04D060065
:10D9C0007F2801D880B27047B0F5803F11D240F275
:10D9D000B51399420DD1084A002332F8021B814247
:10D9E00001D19BB202E00133802BF6D18033D8B253
:10D9F00070470020704700BF247706007F280DD9AC
:10DA000040F2B513994208D1FF2806D800F1004032
:10DA1000034B803833F8100070470020704700BF78
:10DA200024770600B0F5803FF0B522D21F4A204986
:10DA300083B2B0F5805F28BF0A46141D34F8042C69
:10DA40002146AAB1934213D334F8025C2E0AEFB2F6
:10DA500052FA85F5A84223DA082E09D8DFE806F045
:10DA6000050A10131517191B1D00801A34F8103001
:10DA70001846F0BD9A1A02F001029A1A93B2F7E71B
:10DA8000103B9BB2F4E7203BFBE7303BF9E71A3B46
:10DA9000F7E70833F5E7503BF3E7A3F5E353F0E787
:10DAA0000434002ECAD101EB4702C6E732750600E6
:10DAB000767406004FF08053D3F83021082A06D13F
:10DAC000D3F83431052B02D8024AD05C70470020CD
:10DAD000704700BF54890600024AD2F80034002B78
:10DAE000FBD0704700E0014010B54FF08053D3F8F1
:10DAF0003021082A4ED14FF080420021C2F80C118B
:10DB0000C2F81011C2F8381502F54042D3F80414D7
:10DB1000C2F82015D3F80814C2F82415D3F80C1451
:10DB2000C2F82815D3F81014C2F82C15D3F8141421
:10DB3000C2F83015D3F81814C2F83415D3F81C14F1
:10DB4000C2F84015D3F82014C2F84415D3F82414B1
:10DB5000C2F84815D3F82814C2F84C15D3F82C1481
:10DB6000C2F85015D3F83014C2F85415D3F8341451
:10DB7000C2F86015D3F83814C2F86415D3F83C1411
:10DB8000C2F86815D3F84014C2F86C15D3F84434C1
:10DB9000C2F87035FFF78EFF18B13A4B3A4AC3F816
:10DBA0008C26FFF787FF18B1384BFB22C3F81825E6
:10DBB000FFF780FF70B14FF080414FF08053D1F8F4
:10DBC000E42ED3F8583222F00F0203F00F03134370
:10DBD000C1F8E43EFFF76EFF20B12D4B4FF4007209
:10DBE000C3F840264FF08053D3F83031082B1AD1B8
:10DBF0004FF08043D3F80024D20744BF6FF00102F6
:10DC0000C3F800244FF08053D3F83431052B02D8E9
:10DC1000204AD35C3BB14FF01023D3F808224FF0D9
:10DC20008043C3F858254FF01023D3F80022002A70
:10DC300003DBD3F80432002B22DA174901234FF01B
:10DC40001020C1F804351224FFF746FFC0F8004247
:10DC5000FFF742FFC0F80442FFF73EFF0023C1F880
:10DC60000435FFF739FFBFF34F8F0C490C4BCA68DF
:10DC700002F4E0621343CB60BFF34F8F00BFFDE7B8
:10DC800010BD00BF005000404881030000F000407C
:10DC9000009002404E89060000E0014000ED00E0E7
:10DCA0000400FA0530B50468CCB1BFF35B8FB4FA59
:10DCB00084F3C3F11F03DBB201229A4024EA02027B
:10DCC00050E8005FA54204D140E8002CBCF1000FF1
:10DCD000F6D1BFF35B8FE6D102480B7030BD02482E
:10DCE000FCE700BF0000AD0B0200AD0B10B50368F0
:10DCF000CB40DB0714D401238B400268BFF35B8F5A
:10DD000043EA020150E8004F944204D140E8001C6D
:10DD1000BCF1000FF6D1BFF35B8FEED1014810BD0F
:10DD20000148FCE70000AD0B0400AD0B036803F0F5
:10DD30001F025B09026004D0012B034818BF0020BA
:10DD400070474FF0A040704700030050034A43095A
:10DD500000F01F00D35C1844C0B270475A89060017
:10DD600008B5FFF7F3FF034B083033F81000C0F39A
:10DD7000401008BD200F002008B5FFF7E7FF034B58
:10DD8000083033F81000C0F3400008BD200F002019
:10DD900008B5FFF7DBFF034B083033F81000400BEA
:10DDA00008BD00BF200F002070B50546FFF7CEFF6D
:10DDB0000C4C08300E4634F81030DA0508D5C3F3A1
:10DDC000432304EBC302284654F833305268984783
:10DDD000A3682BB1E26831462846BDE87040184779
:10DDE00070BD00BF200F002010B5FFF7AFFF124A33
:10DDF000083032F81030D9051CD5C3F3432123F481
:10DE0000F85322F8103002F10E04002034F8023FDB
:10DE100013F4807F03D0C3F3432399420AD0013027
:10DE20003028F3D1002342F831300448BDE81040D7
:10DE3000FFF75CBF10BD00BF200F0020940F002033
:10DE4000F0B50146104A114C00200125064602F1AA
:10DE50004043A3F5C2439B0805FA03F3194204D0DB
:10DE6000176817B11660176818430432A242EED142
:10DE7000074BD3F87C2132B10022C3F87C21D3F8C0
:10DE80007C3140F00040F0BD006100402061004066
:10DE9000006000402DE9F04385B0054690461E46DF
:10DEA000FFF754FF044609B32846FFF765FF18B192
:10DEB0002846FFF755FF38BB0023CDE900338DF826
:10DEC0000E308DF80F300DF10F020B4628460DF184
:10DED0000E0113F03BFA4A4A04F1080132F81130FE
:10DEE00023F0020343F0010322F81130B8F1000FD0
:10DEF00031D0284698F80070D8F80490FFF73CFF1E
:10DF000020B1B9F1000F1BD03E4826E03C4B04F194
:10DF1000080C33F81C1021F02001C904C90C23F8A7
:10DF20001C10B9F1000F0BD0032FEDD8D8F8042046
:10DF300092F800E0A7B9344B0EF5A27E43F82E709C
:10DF40002F4A04F1080132F8113023F01C0343EA90
:10DF5000870322F811304EBB2C4805B0BDE8F08392
:10DF60004FEA8E0202F1804202F5C04241EA4E3190
:10DF7000D2F8100520F00300C2F81005D2F8100501
:10DF800020F44F3020F44070C2F81005D2F810850C
:10DF9000280200F47C5040EA080040EA074041F0C3
:10DFA000200123F81C10C2F81005C9E7D6E9007655
:10DFB0002846FFF719FF002FCED0114DD5E90023D9
:10DFC000974201D19E4218D011480DF10F01FFF781
:10DFD00069FE0E4B9842C0D19DF80F2045F8327073
:10DFE00005EBC20308345E6035F8143043EA42237F
:10DFF00043F4807325F81430AEE70022EEE700BF4B
:10E00000200F00200400AD0B006000400000AD0BAD
:10E01000940F00202DE9FF4104461646FFF796FEB7
:10E02000054631B32046FFF7A7FE20B92046FFF78B
:10E0300097FE002860D1314F05F1080837F81830F5
:10E0400013F01C0F02D04B78012B55D001238DF813
:10E050000F300023CDE900134A1C8B1C20460DF124
:10E060000F0113F073F937F8183043F0030327F862
:10E0700018301EB9224804B0BDE8F0812046FFF7F1
:10E080007BFEC8B31D4F96F800C005F1080061463D
:10E0900037F81050890025F0200501F18041ED048A
:10E0A00001F5C041ED0C27F810500023C1F81035E0
:10E0B0007278002ADED0D1F81035B67823F499139F
:10E0C00023F4F853C1F8103512042302D1F810E5F7
:10E0D00002F4403203F47C531343320543EA0E0347
:10E0E00002F4801245EA4C35134345F0200527F829
:10E0F0001050C1F81035BDE70248BCE7200F0020E2
:10E100000000AD0B0400AD0B014BC3E902017047E9
:10E11000200F002010B50446FFF722FE50B1204624
:10E12000FFF714FE044B083033F8103003485B0B44
:10E130000B7010BD0248FCE7200F00200000AD0B63
:10E140000400AD0B70B50F4C94F87860BEB90E4D5D
:10E150006022314604F1100014F0F2F9C5F87C6138
:10E160000620D5F87C31F4F7EFFB4FF00043C5F8FB
:10E1700004330648012384F87830636770BD04488F
:10E18000FCE700BF200F0020006000400000AD0B46
:10E190000500AD0B034B93F87800003818BF012041
:10E1A000704700BF200F002001460148FFF79EBDC9
:10E1B000900F002001460148FFF774BD900F00202A
:10E1C00037B50446FFF7CCFD08B32046FFF7D4FD72
:10E1D0000546E0B92046FFF7DBFD03B29B0003F1E3
:10E1E000804202F5C24203F1804303F5C04315604B
:10E1F0001268D3F8102542F00102C3F8102521B1AE
:10E20000144A01238340C2F8043303B030BD2046D2
:10E21000FFF79CFD104B083033F81030C3F3820336
:10E22000042B12D0052B12D001A80194FFF77EFD1C
:10E23000019BD0F81015D94001F0010102312046B0
:10E2400003B0BDE8304013F0CAB80321F7E702215C
:10E25000F5E700BF00600040200F002010B5044625
:10E26000FFF77EFDC0B12046FFF786FDA0B920462E
:10E27000FFF78EFD0B4A01238340C2F8083303B237
:10E280009B0003F1804303F5C043D3F8102522F02F
:10E290000302C3F8102510BD20460021BDE8104040
:10E2A00013F09DB80060004073B50446FFF74EFDC3
:10E2B000184E00F1080536F81530DB0727D5204643
:10E2C000FFF7CCFF2046FFF74BFD40B12046FFF79C
:10E2D0005FFD114B00F5A270002243F8202020467C
:10E2E000FFF782FD002301A826F815300194FFF7FF
:10E2F0001DFD019B00EB8300084BD0F80027134065
:10E3000043F00203C0F80037054802B070BD05486D
:10E31000FBE700BF200F002000600040F0F8FCFF8A
:10E320000000AD0B0400AD0B2DE9F04F644BD3F8AA
:10E330000403C0B285B040F00040FFF781FD051E28
:10E3400080F2A1804FF0A043D3F820250292C3F8B9
:10E350002025D3F820280392C3F820280DF10808BF
:10E360004FF00009574B09EB030B4FE093FAA3FA68
:10E370009BF80040BAFA8AFA4AEA44142046FFF7AA
:10E38000E5FC514B019408304FEADA0233F8107083
:10E390000AF007030120984018F8023023EA00032E
:10E3A00008F8023001A8FFF7C1FC019B03F5E073F8
:10E3B000B90850F82330C7F38206C3F3014A4B076C
:10E3C00037462FD520463146FFF7EEFC01A80194D1
:10E3D000FFF7ACFC019B03F5E0735FFA8AFA50F893
:10E3E0002330C3F301439A4507D10021204612F0A0
:10E3F000F6FF5146204612F0F2FF01A80194FFF704
:10E4000095FC019A01239340C0F82035D8F80030DC
:10E41000002BABD108F10408B9F1000F1DD14FF06A
:10E4200001099FE7BAF1020F0CD10321204612F037
:10E43000D6FF06F00503012BDFD139462046FFF752
:10E44000B3FCDAE70221204612F0C9FF032EF4D014
:10E45000BAF1030FD1D1022EEEE74FF00040FFF7E3
:10E46000EFFC4FF0A0421949D2F820350293C2F8D0
:10E470002035D1F8202503921343C1F820257FF4DD
:10E480006DAF25F00045012415B905B0BDE8F08F4A
:10E4900095FAA5F3B3FA83F304FA03F29B0003F1B0
:10E4A000804303F5C04325EA0205D3F81005D3F8ED
:10E4B0001015C0F30520C1F30141FFF775FCE3E738
:10E4C000006000406A890600200F00200003005011
:10E4D00010B500F01F0440090ED001280FD10B4BDE
:10E4E0000B4803EB840341EA4201D3F80047204084
:10E4F0000143C3F8001710BD4FF0A043F0E704F547
:10E50000E074002353F82430FFDE00BF0003005006
:10E51000F0F8FCFF2DE9F04F584F0679182303FB64
:10E52000067387B01B79059205460C46002B40F018
:10E53000A28091F820200B7E497D002940F08C803C
:10E54000012B03D1012A0AD14D4882E0022B06D1CA
:10E55000082A04D840F25513D340D807F4D494F8CD
:10E560002130A3B9206812F062FF606812F05FFFEB
:10E57000A068411C01D012F05AFFE068421C01D093
:10E5800012F055FF2069431C01D012F048FF2368A8
:10E59000019363680293A3680393E368E2690493B9
:10E5A0002B6894F816A094F8179094F8188094F8B3
:10E5B00019E094F820C094F815B0216994F822006D
:10E5C000C3F804B5C3F824A5C3F82095C3F81C8587
:10E5D000C3F828E5C3F818C5002A48D1C3F81025A8
:10E5E00068B9019AC3F86425029AC3F86825039AAA
:10E5F000C3F86025049AC3F87025C3F86C15182376
:10E600005E43059BBB5194F8213094F8222007EB20
:10E6100006089B0143EAC21398F8052002F03F0266
:10E62000134388F8053028680023C0F80431D0F877
:10E630000421C0F81431D0F81421C0F80831D0F802
:10E64000083140F30730F4F77FF901230D4888F8CB
:10E65000043007B0BDE8F08F94F821302068002B1B
:10E6600095D112F0DCFE606812F0D9FE80E7C3F8A5
:10E6700014250122B2E70448EBE700BF547B0020D9
:10E680000400AD0B0000AD0B0500AD0BF0B5314B38
:10E6900006790446182000FB06300079012854D181
:10E6A000086820B100F06045B5F1005F4FD14D68BA
:10E6B00025B105F06045B5F1005F48D1182505FB8F
:10E6C000063300385D7918BF012060F300055D71E5
:10E6D0004868DA80051E587918BF012520F01E0011
:10E6E00040EA4500587103C903F1080585E80300B5
:10E6F0000021C3E9041121680127C1F800755E7982
:10E700000221197106FA07F1360101F0020106F043
:10E7100020062568DB68314341F00401C5F8041385
:10E720002168C1F85025C1F83805003818BF01200C
:10E73000C1F80805C1F84035003B18BF0123C1F8F6
:10E740000C35236804481F60F0BD0448FCE704480A
:10E75000FAE700BF547B00200000AD0B0500AD0BB5
:10E760000A00AD0B70B51D4B0579182202FB05326E
:10E770005279D2062DD50C6824B104F06042B2F172
:10E78000005F28D14A6822B102F06046B6F1005F0E
:10E7900021D1182606FB05330068DD88C0F85055E6
:10E7A000C0F83845003C18BF0124C0F80845C0F83F
:10E7B0004025003A18BF0122C0F80C2503C903F117
:10E7C000080282E803005A7905486FF304125A716F
:10E7D00070BD0448FCE70448FAE700BF547B002002
:10E7E0000000AD0B0500AD0B0A00AD0B02790A4B22
:10E7F000182101FB02335A796FF304125A7103682E
:10E800002222C3F80823026801235360026893633D
:10E810000268D363704700BF547B00202DE9F047A6
:10E8200004460679294DFFF7E1FF006840F3073001
:10E83000F4F798F823680022C3F80025182303FB97
:10E8400006535B795A0626D42368D3F86405D3F8B7
:10E8500068A5D3F86095D3F87085D3F86C7500F08F
:10E860003F0012F0E0FD0AF03F0012F0DCFDB9F1CC
:10E87000FF3F03D009F03F0012F0D5FDB8F1FF3F94
:10E8800003D008F03F0012F0CEFD7B1C03D007F050
:10E890003F0012F0C8FD182303FB06535B79DB0928
:10E8A0000CD123684FF0FF32C3F86425C3F8682504
:10E8B000C3F86025C3F87025C3F86C25182303FB43
:10E8C000065500232B71BDE8F08700BF547B002064
:10E8D000F7B5434AD2F814312BB10023C2F81431F2
:10E8E000D2F814312023D2F8041131B10021C2F83A
:10E8F0000411D2F8042143F00203394AD2F8081176
:10E9000031B10021C2F80811D2F8082143F0040304
:10E9100013F0200F334C0AD0627942F0080202F063
:10E9200012011229627104BF42F0200262719E0737
:10E930000AD5627942F0040202F0110111296271D4
:10E9400004BF42F0200262715D0716D5244B264DAC
:10E9500000210422C3F80823C3F8001555F8103C21
:10E96000284698470123237155F8103C0221A5F150
:10E97000080003B0BDE8F0401847637903F00F02C8
:10E980000F2A08D0D80701D4190704D46279920756
:10E9900023D45B0721D56279276802F0F30312F0D4
:10E9A000200208D023F0300343F0100363710121EB
:10E9B00000203B46DDE70C4D95E803006E4686E8F7
:10E9C000030015E9030043F0100385E80300C4E9E0
:10E9D0000222637101213046B84703B0F0BD00BF89
:10E9E00000500240547B0020647B0020036803F049
:10E9F0001F025B09026004D0012B034818BF0020EE
:10EA000070474FF0A040704700030050F7B5037DFA
:10EA1000014633BB4368019301A8FFF7E7FF019A62
:10EA20002D4C01239340C0F80C354B68019301A88D
:10EA3000FFF7DCFF019B00EB8300D0F80037234099
:10EA400043F00303C0F800378B68019301A8FFF778
:10EA5000CDFF019B00EB8300D0F800372340C0F8C6
:10EA600000374B7D33B9D1E901021C4BC3F8400597
:10EA7000C3F844254B780A784E7D184CD1F80CE049
:10EA800091F810C04F7C5B0003F0020302F001021A
:10EA9000D1E901501343C97CC4F82015C4F804E53A
:10EAA000C4F80835C4F818C5C4F81C751EB9C4F8F4
:10EAB0004055C4F844050023C4F80031D4F80021BF
:10EAC000C4F804311D20D4F80431F3F73DFF0323CB
:10EAD000C4F8043303B0F0BDF0F8FCFF00D00140EF
:10EAE00010B50D4C227C9AB9C4E9012262822160E2
:10EAF000627448B1027D6275027C502A0AD8437C58
:10EB0000502B07D8FFF782FF01230448237410BD60
:10EB10000348FCE70348FAE76C7B00200000AD0BDC
:10EB20000500AD0B0400AD0B094B5A7C22B15B7C98
:10EB3000012B0AD00748704702225A7401221A7525
:10EB4000054B4FF00052C3F800210448704700BF46
:10EB50006C7B00200B00AD0B00E100E00000AD0B72
:10EB600070B51D4C237C06460D4673B3637C032BA6
:10EB70002DD070B30B042CD41D20F3F7F3FE627C70
:10EB8000A37C022A1ABFDB4303F00103002304EB3A
:10EB900083025168B9B904EB430356609D810F4B62
:10EBA000C3F86065C3F86455227C022A05D00222AE
:10EBB00022740122C3F800251A60094C1D20F3F7C6
:10EBC000C3FE204670BD074CF8E7074CF9E7054C3B
:10EBD000F7E7064CF5E700BF6C7B002000D0014052
:10EBE0000000AD0B0B00AD0B0500AD0B0400AD0B31
:10EBF0001FB5404B404CD3F80021002A44D00022DE
:10EC0000C3F80021D3F80011D3F8041119B1C3F8E7
:10EC10000421D3F80431A37CDA4302F0010204EBAF
:10EC20008201496811B9617C022952D1607C0228B5
:10EC300018BF04EB83034FF000010BBF012358689A
:10EC4000637459604FF001038DF80C10E1740EBF2E
:10EC500002910290A2748DF80430236801A89847AD
:10EC6000637C022B01D101236374237D53B1012303
:10EC70008DF80430002302938DF80C30237501A821
:10EC80002368984704B010BDD3F804110029ECD0D4
:10EC9000C3F80421D3F80411C3F80025A37C6274DF
:10ECA00004EB83038DF80C2059688DF80420D9B942
:10ECB000A37CDB4303F0010304EB83035A682AB10E
:10ECC000029200225A6001A8236898470023A37487
:10ECD000CBE7E37C002BC3D18DF8043002930123F2
:10ECE0008DF80C30E374B8E75A600291236801A8EC
:10ECF0009847DDE700D001406C7B002010B5184C30
:10ED0000237853BB0278C2F34003920712D54FF029
:10ED10008053D3F83021082A0BD1D3F83431052B96
:10ED200007D8104AD35C23B14FF080430122C3F8C7
:10ED3000382601234FF08042C2F88035037803F073
:10ED40000103C2F878350020F3F720FE08B9F3F785
:10ED5000FBFD01230448237010BD0448FCE700BFFD
:10ED6000F75E01208A8906000000AD0B0C00AD0B98
:10ED70004FF080434FF46072C3F80823014B002228
:10ED80001A607047847B002008B5FFF7F1FF036825
:10ED90000BB1014A136008BD847B002010B54FF011
:10EDA0008043D3F80443620707D54FF4847012F010
:10EDB00042FB10B11E4B1B689847A30608D54FF4C1
:10EDC0008A7012F038FB18B11A4B00201B68984764
:10EDD000600608D54FF48C7012F02DFB18B1154B5E
:10EDE00001201B689847210608D54FF48E7012F059
:10EDF00022FB18B1104B00201B689847E20508D58C
:10EE00004FF4907012F017FB18B10B4B01201B68E8
:10EE10009847A3050AD54FF4927012F00CFB28B165
:10EE2000054BBDE810401B680220184710BD00BF0D
:10EE30008C7B0020887B0020847B0020036803F00B
:10EE40001F025B09026004D0012B034818BF002099
:10EE500070474FF0A04070470003005007B5019085
:10EE600001A8FFF7EBFF019B00EB8300054BD0F8F7
:10EE70000027134043F00303C0F8003703B05DF8E8
:10EE800004FB00BFF0F8FCFF73B5CB7B0446002BFE
:10EE900038D10B7B0878012B77D812F0FAFA0B786F
:10EEA000019301A8FFF7CAFF019B00EB83003C4BD5
:10EEB000D0F80027134043F00103C0F8003748782A
:10EEC000FF2804D012F0E5FA4878FFF7C7FF8B78E7
:10EED000FF2B0FD001A88D7B0193FFF7AFFF019BA4
:10EEE00000EB83002E4BD0F80027134043EA850344
:10EEF000C0F80037C878FF2804D012F0BDFAC878EF
:10EF0000FFF7ACFF23792748CA78282505FB0303C0
:10EF10009A770B7C9BB94B7825680E78FF2B18BF2E
:10EF20001A468B78C5F8086508BF4FF0FF32FF2BF3
:10EF300008BF4FF0FF33C5F80C25C5F8103523681E
:10EF40008A68C3F824254B7B0A7B2568003B18BFE1
:10EF50000123022A1CD0032A1DD0012A01D143F02B
:10EF60000203C5F8543523794979282202FB0303AB
:10EF7000D97723795343C35883B1206840F30730CE
:10EF800002B0BDE87040F3F7DFBC12F075FA86E717
:10EF900043F00403E5E743F00603E2E702B070BD87
:10EFA000F0F8FCFF907B002007B5019001A8FFF767
:10EFB00045FF019B00EB8300054BD0F80027134071
:10EFC00043F00203C0F8003703B05DF804FB00BF54
:10EFD000F0F8FCFF2DE9F04190F80480144C4FF05C
:10EFE000280C0CFB08FC04EB0C06074696F81CE00A
:10EFF000BEF1000F19D144F80C20736041B1CB7BF6
:10F0000086F82530CB78B3774B79F377FFF73CFF61
:10F010003A6808480123C2F80035282202FB084458
:10F02000002262772377BDE8F0810348FBE700BF49
:10F03000907B00200000AD0B0500AD0B70B506798C
:10F04000194C056828237343E35833B145F307305F
:10F05000F3F788FC0423C5F808330023C5F800350E
:10F06000282303FB064393F82530BBB9D5F80805E0
:10F07000FFF79AFFD5F81005421C01D0FFF794FF67
:10F08000D5F80C05431C01D0FFF78EFF282303FBA6
:10F090000643987FFF2801D0FFF786FF282303FB54
:10F0A00006440023237770BD907B00202DE9F843B0
:10F0B0000779394C28237B439046E2180E46517F4E
:10F0C0008146002966D1E3580BB10123537796E8B6
:10F0D0000F00282505FB074505F10C0C8CE80F00F7
:10F0E000A87F0023FF2885F8243001D012F0D1F941
:10F0F0002823B8F1000F06D003FB0743002227485E
:10F100005A77BDE8F883D9F8005003FB074304227F
:10F11000C5F80823C3F82080C5F80881D5F8082170
:10F1200072689AB133681B78C5F81C357368012B77
:10F130000ED933685B78C5F81C3528237B43E65825
:10F1400076B10423C5F804331548DAE7DB7FEBE733
:10F15000F368012BF1D9282303FB0743DB7FEAE7A0
:10F1600007EB870104EBC101D5F80831002BFBD078
:10F17000C5F808612846D5F8083112F097F900283B
:10F18000F2D1282303FB0744A07FFF28DCD012F034
:10F1900073F9D9E70348B4E7907B00200300AD0B77
:10F1A0000000AD0B0B00AD0B10B50C480C49002353
:10F1B000C0F80831D0F8083112F078F968B9887FC2
:10F1C000FF2801D012F058F900234B770B72BDE8ED
:10F1D0001040D1E900310348184710BD003002400B
:10F1E000907B0020987B002030B500F01F04400980
:10F1F00011D0012812D10C4800EB84001B02D0F87A
:10F2000000570A4C43EA82022C4042EA4101214362
:10F21000C0F8001730BD4FF0A040EDE704F5E074F2
:10F22000002353F82430FFDE00030050F0F8FCFF09
:10F23000CB7B10B433B9D1E900420368C3F8084569
:10F24000C3F80C2503688A68C3F8242503793C2297
:10F250005343054AD3582BB1006810BC40F3073024
:10F26000F3F772BB10BC7047B87B002013B53B4B63
:10F2700001930023C0F80431D0F80421C0F82431F0
:10F28000D0F82421C0F81C31D0F81C21C0F8083176
:10F29000D0F80821C0F800324B6381F82F300123E9
:10F2A000036291F82D209A4218BF83604B6B8A6AE3
:10F2B000934204460ED24A6AD35CC0F81C350B68F0
:10F2C00003B340F286238B608B682548C4F804336F
:10F2D00002B010BD91F82C3013B10123C361EEE7E9
:10F2E0000B6A13F0400F4FF0010316BFC361436177
:10F2F00081F82D30E3E7204612F00BF928B1019B8D
:10F30000013B0193019B002BF5DC91F82F305BB999
:10F310001348019B002BDBDC0023C4F800350523D8
:10F320001048C4F80035D3E7D4F8C434C4F8C43462
:10F330008BB10D4A0B4813F0010F18BF104613F0A4
:10F34000020F02F1010218BF104613F0040F074B21
:10F3500018BF1846DDE70348DBE700BFA0860100C1
:10F360000000AD0B0100AD0B0000AE0B0200AE0BB8
:10F3700013B5334B01930023C0F80431D0F80421B6
:10F38000C0F82431D0F82421C0F81C31D0F81C2159
:10F39000C0F80831D0F808214B6381F82F308B6A10
:10F3A000012B044617D10B6A5B0614D40223C4F860
:10F3B00000320123236291F82D20022A18BF236016
:10F3C0000B688BB140F286238B608B681D48C4F8B4
:10F3D000043302B010BD0123E9E7204612F099F88A
:10F3E00028B1019B013B0193019B002BF5DC91F8B7
:10F3F0002F305BB91348019B002BEADC0023C4F8D3
:10F40000003505231048C4F80035E2E7D4F8C434C9
:10F41000C4F8C4348BB10D4A0B4813F0010F18BF68
:10F42000104613F0020F02F1010218BF104613F04C
:10F43000040F074B18BF1846DDE70348DBE700BFA2
:10F44000A08601000000AD0B0100AD0B0000AE0B6B
:10F450000200AE0B2DE9F84390F804901C4E0746CD
:10F460003C2000FB09F035180C4695F82E1061BBC6
:10F47000A96032506B6085F82D1085F8311085F841
:10F480003010CCB1637B85F8383094F80E8085F865
:10F490003980B8F1000F0BD12068062303224146C2
:10F4A000FFF7A2FE6068062303224146FFF79CFE99
:10F4B00021463846FFF7BCFE3C2303FB096605489E
:10F4C000012386F82E30BDE8F8830348FBE700BF30
:10F4D000B87B00200000AD0B0500AD0B036802797E
:10F4E0000521C3F80015044B3C2101FB0233022225
:10F4F00083F82E20704700BFB87B002003680B4ABA
:10F500000179C3F80823D3F8002222F00302C3F8DC
:10F5100000220022C3F80025054B3C2000FB0133EC
:10F52000012183F82E1083F83020704786420400B2
:10F53000B87B00202DE9F047314F0479D0F80090D6
:10F540003C2303FB04730D4693F82D30012B9446A6
:10F5500004D10B78012B06D12A4811E0022B02D1ED
:10F560000B78012BF8D13C26274BC9F8083306FB52
:10F57000047696F830302BB1B3682448C9F80433C8
:10F58000BDE8F0878CF00403C3F3800386F83030C5
:10F59000C6F820C0A846B8E80F0006F10C0EAEE889
:10F5A0000F00D8F80030CEF800306B68B362EB681B
:10F5B00073626B78C9F888352B78C4EB041A012B79
:10F5C00007EB8A0A17D09BB9CCF3401C3C2303FB02
:10F5D00004735146484683F82CC0FFF747FE3C238E
:10F5E0005C433A193B59002BCAD182F83030C7E747
:10F5F0004FF0010CEAE751464846FFF7B9FEEEE747
:10F60000B87B00200500AD0B864204000B00AD0B5B
:10F61000F0B5334C87B021464FF0402011F079FF10
:10F6200000285BD194F82F7007BB227B931E012B1F
:10F630001CD8606AA369984218D1E3696362636960
:10F64000A362236A84F82D70C3F34013032A84F85D
:10F650002C304FF0402004D107B0BDE8F040FFF758
:10F6600005BE07B0BDE8F040FFF782BE1D4E0FCECD
:10F6700001AD0FC533682B604FB34FF04022D2F875
:10F68000C434C2F8C43413F0020106D001238DF84B
:10F690000030002384F8303007E013F0040209D072
:10F6A00002238DF8003084F83010D4E90031684628
:10F6B000984713E013F0010305D003238DF80030C1
:10F6C00084F83020F1E704228DF80020E2E7236A75
:10F6D0008DF800705B0784F83070E6D507B0F0BD98
:10F6E000B87B0020C47B002030B500F01F04400927
:10F6F00011D0012812D10C4800EB84001B02D0F875
:10F7000000570A4C43EA82022C4042EA410121435D
:10F71000C0F8001730BD4FF0A040EDE704F5E074ED
:10F72000002353F82430FFDE00030050F0F8FCFF04
:10F7300010B4CC7B8A6803682CB9D1E90041C3F8C6
:10F740000845C3F80C15C3F8242503792822534330
:10F75000054AD3582BB1006810BC40F30730F3F7CB
:10F76000F3B810BC704700BFF47B00202DE9F843CC
:10F7700090F804901C4D0746282000FB09F02E1835
:10F780000C4696F8221069BBB1602A50736086F867
:10F79000251086F82410E4B194F80E8086F82780AE
:10F7A000B8F1000F0BD12068062303224146FFF772
:10F7B0009BFF6068062303224146FFF795FF28233D
:10F7C00003FB0953627B83F8262021463846FFF766
:10F7D000AFFF282303FB09550448012385F8223095
:10F7E000BDE8F8830248FBE7F47B00200000AD0B86
:10F7F0000500AD0B036802790621C3F80015044B20
:10F80000282101FB0233022283F82220704700BF27
:10F81000F47B002002790C4B282101FB02330021EC
:10F82000996002680948C2F80803D2F8000220F47F
:10F83000BC50C2F80002C2F80015012283F8222051
:10F8400083F82410704700BFF47B002002029C0163
:10F850002DE9F84FB04D90F804900468282303FB7D
:10F8600009539046002283F823204B680E4633B19B
:10F87000CB6803F06043B3F1005F40F085813378DB
:10F88000023B012B06D8336903F06043B3F1005FFC
:10F8900040F07A81A14BC4F80833282303FB0953B5
:10F8A00093F8241001F0FF0239B19B68DFF870B2C1
:10F8B000C4F804335846BDE8F88F18F0140F0CBF95
:10F8C0000121002183F82410317883F82010717809
:10F8D00083F82110F168D960716819613169596143
:10F8E000B1689961C8F3001183F82510C3F81C8032
:10F8F0007378C4F88835C4F86021D4F86031C4F84E
:10F900004821D4F84831C4F82421D4F82431C4F86B
:10F910000421D4F8043118F0010318BF0123C4F8FE
:10F92000503518F0020318BF0123C4F8403533786E
:10F9300009EB890705EBC707032B00F2A380DFE87B
:10F9400003F0799862024FF48073C4F80032D7E96B
:10F950000323C4F84425C4F848350123A3604FF4B9
:10F960008011204611F0AFFE0028F8D1D7E9052319
:10F97000C4F84425C4F84835282303FB09534FF441
:10F9800080229A60DFF89CB1282202FB09F218F06D
:10F99000080AAB5805EB020013D13178032910D0C7
:10F9A000012940F085802160002B6ED0282202FBC7
:10F9B00009F27168AA5821B9002A00F0BB8001221F
:10F9C0006261282202FB09F2A918AA58002A00F055
:10F9D000B18018F0040F1CBF00228A6018F0400F9D
:10F9E00006D1282202FB0952916841F00201916080
:10F9F000282202FB0952916841F4007191609268DB
:10FA0000C4F8042356E7D7E90323C4F84425C4F80F
:10FA10004835D7E90523C4F83425C4F838354FF400
:10FA20008453C4F8003201232362282303FB0953C3
:10FA30000222A6E7D7E9032318F0200FC4F84425D3
:10FA4000C4F848354FF0280315BF4FF480724FF4C7
:10FA5000007203FB095303FB095315BFC4F80022CE
:10FA6000C4F800224FF4802202229A60012323620C
:10FA700088E7D7E90323C4F83425C4F838354FF4B0
:10FA80008053CEE7DFF8A0B07EE7026902B961617A
:10FA90002649DFF89CA0204611F015FE012210F443
:10FAA000007F18BF626110EA0A0F2049F3D07DE79A
:10FAB0000121A160002B7FF479AF006918B31C4BC2
:10FAC0001AEA030F7FF472AF1849204611F0FBFDCC
:10FAD00010F4007F8246F2D04FF08071204611F082
:10FAE000F2FDD4F8001280B111F4007003D10122AC
:10FAF000226282466261CB05E1D54FF48021204627
:10FB000011F0E1FD04E06161D9E701222262626146
:10FB10004FF0000AD3E700BFF47B002002029C01F3
:10FB20000B00AD0B0000AD0B0400AD0B0202040096
:10FB3000020004002821D4F8C424C4F8C42401FB22
:10FB40000955002185F824108AB11149114B12F092
:10FB5000010F14BF8B469B46013112F0020F18BFF4
:10FB60008B4612F0040F0C4A18BF9346A2E618F019
:10FB7000400F7FF49FAE3946204611F062FD054AE2
:10FB8000002808BF934695E6DFF810B092E600BF64
:10FB90000000AE0B0100AD0B0200AE0B0A00AD0B76
:10FBA00070B55C4D5C4C86B00221284611F08BFD8F
:10FBB0004FF400710646284611F085FDD8B1E6B92C
:10FBC000A368C5F808330223A360A368C5F804330B
:10FBD0004FF08071284611F076FD18B1D5F800324B
:10FBE0009B0503D44B4B01221A625A61012384F80E
:10FBF000233006B070BD002E57D0E5696E060AD4DA
:10FC000094F823303BB94449424811F01AFD80F082
:10FC1000010084F8230015F0040524D13D4B94F82D
:10FC20002520C3F86051D3F86011C3F85C51D3F8B4
:10FC30005C1112B194F8232052B10022C3F80022C3
:10FC4000A260364AC3F80823354B0822C3F8802146
:10FC5000238CADF80430E36804932369029363694D
:10FC60000593A36903932B4AD2F8C434C2F8C43471
:10FC7000980749D4590749D4DA0749D494F823306E
:10FC80009B00DBB28DF8003094F825300BB984F876
:10FC90002430E3695B0703D594F82330002BA8D008
:10FCA000D4E9003168469847A3E74FF480212846FD
:10FCB00011F009FD94F82030A3B994F825304BB920
:10FCC000C5F80032A360154BC5F80833144B082261
:10FCD000C3F8802100238DF8043094F821308DF88A
:10FCE0000530B8E74FF40073C5F8003240F2022344
:10FCF000A36003F1CE73C5F80833A368C5F80433D5
:10FD00000123AB602B6274E70123BBE70223B9E751
:10FD10000323B7E700300040F47B002002029C017F
:10FD200000E100E04FF08053D3F83021082A06D1DB
:10FD3000D3F83431052B04D8034AD05C7047002037
:10FD400070470120704700BFAC890600054B10F0DA
:10FD5000800FA3F1900208BF134600F00F0003EBE1
:10FD600000107047C47D002007B5074A00231370B8
:10FD7000064A137001230193054B01A81B6898479D
:10FD800003B05DF804FB00BFFB5E0120FA5E0120BA
:10FD90005C7E002013B5194BD3F80044C3F800442F
:10FDA000E105D3F8003408D5154B01221A7002235F
:10FDB0000193144B01A81B689847A20508D5104B66
:10FDC00000221A70032301930E4B01A81B68984769
:10FDD000630510D50A4B1A786AB100221A70074BD6
:10FDE0000122C3F808259A659B6D04230193054BF6
:10FDF00001A81B68984702B010BD00BF0070024008
:10FE0000FB5E01205C7E00204FF04003EFF3118089
:10FE100083F31288BFF36F8F0A4BD3F8001C0322C1
:10FE200061B949F27531C3F8001CC3F8142DC3F849
:10FE3000001C80F31188BFF36F8F7047C3F8142D37
:10FE4000F7E700BF00E006404FF04003EFF31180FA
:10FE500083F31288BFF36F8F0A4BD3F8001C61B98C
:10FE600049F27532C3F8002CC3F8141DC3F8002CF6
:10FE700080F31188BFF36F8F70470022C3F8142DF1
:10FE8000F6E700BF00E00640F8B54B680B4F9A421A
:10FE900028BF1A460C4615460646096840233846D0
:10FEA00012F0B3FAC6E9007560682368401B2B4462
:10FEB00060602360003818BF0120F8BD1C7C002062
:10FEC00070B54B689A4228BF1A4606460D4614463E
:10FED0008AB140230968094812F097FA074BC6E92E
:10FEE00000346B681B1B6B602B682344201E2B6047
:10FEF00018BF012070BD1346F1E700BF1C7C002035
:10FF000007B500238DF804300B4BD3F82025ADF84E
:10FF10000620D3F8C034094A002B136814BF4FF0F1
:10FF200001214FF480710B431360054B01A81B683E
:10FF3000984703B05DF804FB00700240587E002033
:10FF40005C7E0020064BBFF35B8F53E8001F01402F
:10FF500043E80012002AF8D1BFF35B8F704700BF5F
:10FF6000547E00204FF08053D3F83031082B02BF6D
:10FF7000034B0022C3F81C2C024B00221A7070475E
:10FF800000700240F95E012008B5FFF7EBFF084B57
:10FF900093F89E20032A05D1BDE808406FF00100C8
:10FFA000FFF7D0BFD3F89030002BF5D008BD00BFCD
:10FFB000347D002073B5012202FA01F51C491D4E63
:10FFC0000B6810F0800F43EA050304460B6024D051
:10FFD00000F00F02184B33F8123003F1804303F5A1
:10FFE0001C331A6832B100221A6080281B6811D0B5
:10FFF00011F0DAFB33682B400AD106228DF8042079
:020000025000AC
:100000008DF806408DF807300C4B01A81B68984707
:1000100002B070BDFFF7B8FFECE733681D42F7D1BF
:1000200006238DF804308DF806008DF80720EBE7E5
:10003000587E0020547E0020367806005C7E00202A
:1000400008B5054B1A78104611F0A5FBBDE808402D
:1000500001461046FFF7AEBFFA5E012007B5FFF775
:1000600081FF0C4B93F88E20032A10D0D3F88030F8
:100070006BB96FF08070FFF765FF06238DF80430D1
:100080000823ADF80630044B01A81B68984703B05D
:100090005DF804FB347D00205C7E002007B5FFF78F
:1000A00061FF104B93F81E21032A06D16FF4807074
:1000B00003B05DF804EBFFF745BFD3F810316BB91F
:1000C0006FF48070FFF73EFF06238DF8043088231D
:1000D000ADF80630044B01A81B68984703B05DF8E3
:1000E00004FB00BF347D00205C7E0020024A002318
:1000F0001360024A137070475C7E0020FC5E012092
:1001000008B54E4B4FF40062C3F80024D3F8003416
:10011000FFF708FE08B1FFF777FE4FF08053D3F8E2
:100120003031082B19D14FF04003EFF3118083F3E6
:100130001288BFF36F8F424BD3F8001CC0220029F6
:1001400073D149F27531C3F8001CC3F8142CC3F8FD
:10015000001C80F31188BFF36F8F384B0122C3F866
:100160000025D3F80025D3F800241205FBD54FF461
:100170000062C3F80024D3F800344FF08053D3F862
:100180003031082B18D14FF04003EFF3118083F387
:100190001288BFF36F8F2A4BD3F8001C002947D178
:1001A00049F27532C3F8002CC3F8141CC3F8002CB4
:1001B00080F31188BFF36F8FFFF7B4FD30B1FFF705
:1001C00043FEFFF7AFFD08B1FFF71EFE4FF080536F
:1001D000D3F83031082B194B0AD140F2E372C3F83F
:1001E00000284022C3F80428BFF36F8FBFF34F8F5E
:1001F0008022C3F81C250122C3F83025114B40F2A0
:10020000FF121A60104B00211960104B1970FFF794
:10021000A9FE0F4B19700F4B02221A70FFF782FDD7
:1002200050B1BDE80840FFF70FBEC3F8142C90E7AB
:100230000022C3F8142CBBE708BD00BF00700240C9
:1002400000E00640587E0020547E0020F85E012029
:10025000FA5E0120FC5E01200A4B002210B51A70E4
:10026000094A0A4B0A4C002808BF1346C4F8043355
:100270002720F2F769FB0123C4F80435D4F80435CC
:1002800010BD00BFFB5E01200714C0010714E00190
:1002900000700240034B1878012894BF0020012011
:1002A000704700BFFC5E012010B54FF04003EFF334
:1002B000118183F31288BFF36F8F0F4B1B7803F00C
:1002C000FF0093B10D4BD3F8002412F400720CD14F
:1002D0000124C3F82C45D3F82C45D3F80044A405D9
:1002E00004D5C3F82C25D3F82C35002081F31188D0
:1002F000BFF36F8F10BD00BFFB5E01200070024096
:10030000F8B51C4B1C7894BB1B4A106001221A7074
:1003100040F2FF17264664F07F0514F0080FEDB297
:1003200014BF39464021284611F06DFA2846FFF7E0
:100330000DFD0134092C867306608660EBD1002424
:1003400040F2FF17254614F0080FE6B214BF3946F5
:100350004021304611F057FA3046FFF7F7FC0134E0
:10036000092C857305608560EDD10448F8BD04480B
:10037000FCE700BFFC5E01205C7E00200000AD0BAE
:100380000500AD0B2DE9F84304464FF04003EFF3B1
:10039000118683F31288BFF36F8F10F00F0903D11A
:1003A000274B1B78834247D1264B274F1A683B685F
:1003B000D24392B220461A4311F0EDF94FF00108F2
:1003C00008FA00F812EA080F38D12046FFF7BEFC01
:1003D0000C232206054603FB09F329D50A68886821
:1003E00002F06042B2F1005F00F001001DD1174A37
:1003F000174C002808BF2246164803442A6007C944
:1004000083E807006B600023AB60AB733B68124866
:1004100043EA08033B60114B8022C3F8042186F3B2
:100420001188BFF36F8FBDE8F8830D4A0D4CE0E7EC
:100430000D4A13440D4AE1E70D48F0E70D48EEE799
:10044000FA5E0120587E0020547E00206F170600BF
:100450004D170600C87C00200000AD0B00E100E055
:10046000C1FE040089FE04005C7C00201B1706000E
:100470000A00AD0B0B00AD0B10F0080F074B06D0B8
:10048000D3F8C00410F4803F18BF0020704700F07C
:100490000F0000F5947053F8200070470070024080
:1004A0002DE9F04F664E337885B0002B7CD1DFF814
:1004B0009481654DD8F800402B681C4074D014F02E
:1004C000012314BF93FAA3F494FAA4F4B4FA84F4C5
:1004D0004FF0010909FA04F90F2C6FEA090966D9EE
:1004E000103CE4B22046FFF731FC82462046FFF77D
:1004F000C3FFDAF80070BAF80C20DAF804100346EB
:10050000834602A8B847029B002B5CD108B9CAF801
:1005100000004FF0805362B2D3F83031082B02BF95
:100520004A4B8221C3F81C1C012333702B680399AA
:1005300003EA09032B60DAF80830029D0B44002A15
:10054000CAF8083004F00800404B04F00F0457DAF2
:1005500000284DD0C3F8A056C3F8A416042303EB1B
:10056000840303F1804303F51C33012119601B68E8
:100570003749384B13EA220338BF0B4633F814309F
:1005800003F1804303F51C3319680029FCD0002ACD
:100590002E4B4ADA002842D0D3F8A8362E4A1178DA
:1005A00003F001034B40137005B0BDE8F08F44F039
:1005B00080042046FFF7CAFB0368828941688246AF
:1005C00002A89847A2E7039B9B459FD9022748466C
:1005D0008AF80E70FFF7B6FC06238DF804301F4B27
:1005E0008DF806401B688DF8077001A8984761E7F1
:1005F000142606FB0433C3F80056C3F80416ADE70F
:1006000028B1C3F8A057C3F8A4172823A7E71426D6
:1006100006FB0433C3F80057C3F80417F5E71422A8
:1006200002FB0433D3F80836B8E710B1D3F8A83783
:10063000B4E7142202FB0433D3F80837AEE700BF57
:10064000F95E0120547E0020587E00200070024098
:100650002478060036780600F85E01205C7E0020D3
:1006600038B50F4BD3F86C44C3F86C4401251CB962
:10067000BDE83840FFF714BF94FAA4F3B3FA83F34C
:100680000F2BC8BFA3F110001946D4BF43F0800060
:10069000C0B205FA03F324EA0304FFF78BFCE6E794
:1006A0000070024037B5FFF75DFC0446FFF74EFBD4
:1006B000837B032B0DD1204611F06DF8012303FA43
:1006C00000F0C043FFF73EFC03B0BDE83040FFF749
:1006D000E7BE0568002DF7D1204611F05CF8012334
:1006E00003FA00F0C043FFF72DFC06238DF8043019
:1006F000044B8DF806401B688DF8075001A89847F9
:10070000E2E700BF5C7E0020024B40F48070C3F83B
:100710001805704700700240020713D400F00F0361
:1007200010F0800F084A0BBF03F5887303F584733C
:1007300002EB830252F8230008BF5068431E584260
:10074000584170470020704700700240044BC3F8C6
:100750000C0540F48070C3F80C05D3F80C357047D5
:10076000007002400023036043600E4BD3F88024E6
:100770000270D3F884244270D3F88824D3F88C1400
:1007800042EA01224280D3F89024D3F8941442EA3A
:1007900001228280D3F89824D3F89C3442EA0323C0
:1007A000C380704700700240024B0122DA64DB6CA8
:1007B000704700BF0070024013B5FFF7D3FB104B2A
:1007C0009A7B032A06D16FF4803002B0BDE8104056
:1007D000FFF7B8BB1C6874B96FF48030FFF7B2FB49
:1007E00006238DF80430074BADF806401B6801A8BE
:1007F000984702B010BD02B0BDE81040FFF7D4BF6B
:10080000347D00205C7E0020024B01221A651B6DA6
:10081000704700BF00700240024B01225A655B6DB9
:10082000704700BF00700240014B1878704700BF4E
:10083000FA5E012010B502464FF04003EFF3118439
:1008400083F31288BFF36F8F10F0A5FF0D490123CA
:1008500003FA00F00B6823EA00030B6012F00801B2
:100860000AD102F00F039B0003F1804303F51C3310
:10087000C3F8A014D3F8A03484F31188BFF36F8FAA
:1008800010BD00BF587E0020F7B501464FF0400371
:10089000EFF3118583F31288BFF36F8FFFF756FADA
:1008A0000646084610F077FF012211F0800F02FA89
:1008B00000F22E4819D1036832EA03030AD0084631
:1008C000FFF7B8FF0323B37385F31188BFF36F8F6E
:1008D00003B0F0BD33600368254923EA02030360D7
:1008E0000B6823EA02030B60ECE70B0715D48029A1
:1008F000204B2FD001F00F0404F2DA346400C3F867
:100900000048D3F80448D3F80478E4B244F0020471
:100910003C43C3F80448D3F80438154F04683B68D7
:1009200064EA030C1CEA020FCED0134324EA02044B
:100930003B600023046033600323B3738DF80730FA
:100940000D4B8DF8061006221B688DF8042001A8B7
:100950009847B9E740F2B474C3F80048D3F80448A4
:10096000D3F80478E4B244F00404D1E7547E0020C4
:10097000587E0020007002405C7E002073B5144B4E
:10098000144CD3F880542368134EDA43134B317858
:100990001B6892B208461A4310F0FDFE0123834003
:1009A000134202D00846FFF76FFF25F07F056FF076
:1009B00001103570FFF7C6FA236843F00103236086
:1009C00005230193064B01A81B68984702B070BD30
:1009D00000700240587E0020FA5E0120547E002004
:1009E0005C7E00202DE9F0411A4BD3F8040300236C
:1009F00001241D4670B9184F03F4000623F40004C7
:100A00004FF00108BCB9FFF74BFD06B3BDE8F0415C
:100A1000FFF7B4BF90FAA0F2B2FA82F20F49960043
:100A2000314404FA02F20E6816B10D6009681343EE
:100A300020EA0200DEE794FAA4F5B5FA85F557F846
:100A4000253008FA05F5984724EA0504DAE7BDE8F9
:100A5000F08100BF00700240004E060000710240AD
:100A6000F8B51B4B8022C3F884212720F1F78EFFB5
:100A7000B8B1184E184B34681B68240C24041C436E
:100A800001277CB9154D40F2FF1333602720C5F8CC
:100A90000445D5F80435F1F765FF4FF0FF33C5F88D
:100AA0000833F8BD94FAA4F5B5FA85F50F2D28465C
:100AB000C6BFA5F11000C0B240F08000030701D40A
:100AC000FFF7E2FE07FA05F524EA0504D9E700BFBF
:100AD00000E100E0587E0020547E002000700240BB
:100AE00008B5FFF7BDFF134BD3F80423C3F8082361
:100AF000114A117889B10021C3F80811D3F80811FF
:100B0000C3F800260121C3F8041659605968D3F8C8
:100B100008110029FBD000231370064B0022C3F8F4
:100B20000025D3F80035FFF71DFA044B01221A7097
:100B300008BD00BF00700240F85E0120FC5E01208D
:100B400010B50446FFF7A0FE104A14F0800F04F021
:100B50000F004FF0010314BFD2F81015D2F814158E
:100B600003FA00F36FEA030315BF0B400B40C2F812
:100B70001035C2F8143514BF054B064B1A5C01231F
:100B80009340024AC2F8083310BD00BF0070024013
:100B9000BB890600B289060010F0800F70B52449A9
:100BA000044600F00F034FF0010512D0214AD25C39
:100BB00005FA02F2C1F80423D1F81025DA40D00773
:100BC00006D4D1F8102505FA03F31343C1F8103504
:100BD00070BD194AD25C05FA02F2C1F80423D1F8BB
:100BE0001425DA40D207F3D4D1F8146505FA03F2DC
:100BF0003243C1F81425002BEAD00307E8D44FF0A4
:100C00004003EFF3118683F31288BFF36F8FFFF772
:100C100011FE204610F0BFFD084A136805FA00F0E7
:100C200023EA0003136086F31188BFF36F8FCFE7C9
:100C300000700240BB890600B2890600547E002085
:100C4000030610B5044605D4FFF766FD10B1204633
:100C5000FFF7F0FD014BC3F8184510BD00700240CE
:100C6000036803F01F025B09026004D0012B0348F4
:100C700018BF002070474FF0A0407047000300509D
:100C8000F7B5064610F0F2FD084610F0EFFD01A89A
:100C90000196FFF7E5FF019B2E4D00EB83000C460C
:100CA000D0F80037019440F20D612B400B43C0F89F
:100CB000003701A8FFF7D4FF019B00EB8300012759
:100CC000D0F800372B400B43C0F80037042010F059
:100CD0003BFB092501A80194FFF7C2FF019AD0F858
:100CE0001035D340DB0715D401A80196FFF7B8FFF4
:100CF000019B07FA03F3C0F80C35042010F024FB25
:100D0000304610F0B3FD013D042010F01DFB15F03E
:100D1000FF05DFD101A80194FFF7A2FF019A01238B
:100D20009340C0F80C35042010F00EFB204610F064
:100D30009DFD042010F008FB01A80194FFF790FF2F
:100D4000019AD0F810350448D34003F00103C01ACB
:100D500003B0F0BDF0F8FCFF0100AD0B70B5054627
:100D600000B304783CB1104C104EB44205D30E4C85
:100D7000B4420BD30024204670BD204610F088FDFD
:100D800010B12368AB42F6D01434EEE7204610F0E1
:100D90007FFD28B121682846E7F723FC0028EAD028
:100DA0001434E5E70446E6E7B0260600042806000A
:100DB00038B503464FF04002EFF3118582F31288F5
:100DC000BFF36F8F11F0D2FB064A145818460EF08D
:100DD000F1FA85F31188BFF36F8F2046BDE83840E4
:100DE000F2F7F8B808000000104B70B553F8204037
:100DF000013053F82060A64200D870BDD4E9003518
:100E000095B153B12846984738B10028B8BF404241
:100E1000EB68FF28A8BFFF201870EA68537843F0FA
:100E2000010353700834E6E79847FBE7684E060075
:100E300008B50A4B012203201A70FFF7D5FF01F015
:100E4000DBFB0420FFF7D0FF00F08CF9E7F798FDFB
:100E5000034A137B23F00103137308BDFD5E0120D9
:100E60007035002008B50348034A0021121A10F01B
:100E70001AFD08BD08160020005F012070B5002390
:100E800086B00122CDE90423194E1A4D01930F2299
:100E9000CDE902321849142303FB005506EBC016B6
:100EA00004464FF4C070154B00954FF4A07200FB40
:100EB0000411304600F0EAF8737B114AEE6023F02B
:100EC000040373734FF4046304FB033313446B6034
:100ED0000C4B2C74BFF35B8F53E8001F013143E8C8
:100EE0000012002AF8D1BFF35B8F06B070BD00BFBF
:100EF000F0340020647E0020C0250220291A06005C
:100F0000801D0220607E002080B50020A6B0FFF783
:100F10006BFF2E4B83F308882D4C2E4E63692E4FAA
:100F200043F400736361E02384F82230002520231A
:100F3000E37725766576A57684F82050636A43F4D6
:100F4000E023636284F82350F1F7A6FFF1F7DCFC9D
:100F50004FF0FF33A362E36206ACF2F7E9F8F2F771
:100F60004FF840F201132046ADF82430CDE91F556B
:100F700001F024FBB46010F08AFC0120FFF734FF7D
:100F80000220164CFFF730FF00F05AFF144B74613B
:100F90000593012313490095CDE903534FF4005203
:100FA0003B46CDE90155204600F070F8627B0646CD
:100FB00022F004022046627310F058FF2846FFF723
:100FC0005DFF3A4631462046F1F7B6FDC0250220C6
:100FD00000ED00E0647E0020310E05007035002039
:100FE000487806004027022038B5064C064DAC4232
:100FF00001D3002038BDD4E90112204610F057FC7F
:101000001434F4E73C1300205013002038B5064C8C
:10101000064D0020AC4200D338BD204610F0AFFC96
:101020000028F9DB1C34F5E7781200203C1300207F
:1010300073B50C464FF04005EFF3118185F312882C
:10104000BFF36F8F45695DB125602B68436183698C
:1010500001338361002081F31188BFF36F8F11E0AA
:1010600052EA030603D125606FF00B00F3E7CDE9E8
:1010700000230246083000F0EDFD18B9024B9B68D2
:101080005B69236002B070BD647E00202DE9F043EF
:1010900085B00732994600F1580322F00706C0E9EF
:1010A0001633109B037306F1400504230027437396
:1010B0000D440F9B83738846C0E9067729468760F5
:1010C000C7730446F1F768FD08F140030730C4E92F
:1010D000193620F007000E9BE06602930D9B0193EA
:1010E0002D1A0C9B00932A464B4641462046F1F7A9
:1010F000F1FC054B67659B6803B11B6F23672846AE
:1011000005B0BDE8F08300BF647E0020F0B587B075
:1011100000250595109D04950F9D03950E9D029544
:10112000DDE912760D9D01950C9D00950446FFF7B3
:10113000ADFFB6F1FF3F08BFB7F1FF3F05D056EA5C
:10114000070305D1204600F0FBFD204607B0F0BDA7
:1011500003493A46334604F1180001F007F8F4E772
:10116000F51E06002DE9F043294C2A4D87B026468E
:10117000AE4204F12C040FD300F032FE244CDFF811
:1011800098904FF4004640F2E737AC4220D307B0C6
:10119000BDE8F04300F038BE54F8043C059354F821
:1011A0000C3C049354F8103C039354F8143C029301
:1011B00054F8183C019354F81C3C009354E909235B
:1011C00054E90B01FFF762FF54F82C3C5E65CEE753
:1011D000636A5A1C0DD023EAE37300213846C3FB2F
:1011E000060151EAC333D4F8008004D1404600F030
:1011F000A7FD2C34C9E74FF47A720023D6F730FFED
:1012000002460B4608F11800494600F0AFFFF0E730
:101210008429060084290600F51E06002DE9F34105
:1012200004460E4600F108084FF04001EFF3118725
:1012300081F31288BFF36F8F056AC1688D422FD288
:1012400010F073FEA2680546314678B1002440696B
:1012500011F04EF92846EC6710F008FE404639467A
:1012600000F05CFD204602B0BDE8F081E06911F0BD
:101270003FF9E369A26813446269E361934204BFE2
:101280002369E361236A013304F1240023621021FE
:1012900011F086F8002087F31188BFF36F8FE2E723
:1012A00052EA03010AD0074989684E61CDE900235B
:1012B00039460246404600F0CDFCD4E76FF02200EC
:1012C000E9E700BF647E0020F7B5044604F1080793
:1012D00008464FF04001EFF3118681F31288BFF307
:1012E0006F8F216A002931D0A268A16911F000F93D
:1012F000A369A26813446269A361934204BF23698E
:10130000A361236A013B2362204610F00EFE0546CE
:1013100060B34169A268E06911F0EAF8E369A26884
:1013200013446269E361934204BF2369E361236A62
:101330000133236200242846EC6710F097FD3846FD
:10134000314600F0EBFC204603B0F0BD52EA030149
:101350000AD0094989684861CDE90023314622460F
:10136000384600F077FCEFE76FF0220086F3118833
:10137000BFF36F8FE8E700BF647E00202DE9F341E3
:10138000044617461E464FF04003EFF3118883F3DF
:101390001288BFF36F8FC368334A7BB1806891684E
:1013A000884219D057EA060318D188F31188BFF391
:1013B0006F8F6FF00F0002B0BDE8F081916891F976
:1013C0000E1021610133E3609368A36088F31188F4
:1013D000BFF36F8F0020EEE72169F2E791F90E105D
:1013E00090F90E309942A8BF19466FF07E029142E3
:1013F000B8BF11468B422EDD10F035FB0546CDE916
:1014000000761A482246414600F024FC0028E1D02C
:101410004FF04003EFF3118683F31288BFF36F8F11
:10142000A068D0B1236821699C420AD04BB193F9DE
:101430000E309942A8BF19466FF07E039942B8BF9B
:10144000194610F010FB40B10848314600F066FC28
:101450006FF00A00AFE70025D1E7002DF4D186F345
:101460001188BFF36F8FF3E7647E0020FE5E0120DA
:1014700038B5836804466BB3194A926893422CD1FD
:10148000C368012B03D9013BC360002038BD4FF076
:101490004003EFF3118583F31288BFF36F8F016967
:1014A000806810F0E0FA204610F03FFDA06058B1CF
:1014B00090F90E2022610022C26710F0D7FC094883
:1014C000294600F02BFCE0E7E06085F31188BFF3CC
:1014D0006F8FDAE76FF01500D8E74FF0FF30D5E7F0
:1014E000647E0020FE5E012037B511464FF04002B9
:1014F000EFF3118582F31288BFF36F8F04689CB1FC
:101500002368426823F003039442036008BF4360EA
:101510000121204610F01CFB044685F31188BFF31F
:101520006F8F204603B030BD51EA0302F5D000F1C1
:101530000802CDE900131046294600F08BFB002875
:10154000EFD1024B9B685C69EBE700BF647E002033
:1015500038B504464FF04003EFF3118583F312884A
:10156000BFF36F8F10F0E1FC48B10022C26710F0AA
:101570007DFC29460848BDE8384000F0CFBBD4E9DF
:1015800002329A4218BF0133A360022104F1100015
:1015900010F006FFEDE700BFFE5E012013B54FF02F
:1015A0004004EFF3118184F31288BFF36F8F8468D6
:1015B00044B1013C846081F31188BFF36F8F002038
:1015C00002B010BD52EA030406D181F31188BFF3C3
:1015D0006F8F6FF00F00F3E7CDE90023024602485A
:1015E00000F038FBECE700BFFE5E012070B504465A
:1015F0004FF04003EFF3118583F31288BFF36F8F31
:101600006FF00A06204610F090FC18B1C66710F083
:101610002DFCF7E7A060022104F1100010F0C0FEDD
:1016200029460248BDE8704000F078BBFE5E01200C
:101630001FB5094B029302AB0024009307490848E9
:101640008DF80C404FF0FF334FF4006200F024F9A6
:10165000204604B010BD00BFD1890600804702209B
:10166000F03500202DE9F04F4A4E85B004464FF08A
:10167000FF384FF0FF394FF04003EFF3118783F34A
:101680001288BFF36F8FD4F880508DB9022104F116
:10169000980010F09EFA002843D10023CDE900897C
:1016A000029304F1880239463B4800F0EDFCE2E782
:1016B000D4F884202B68C4F88030954208BFC4F861
:1016C0008430D4F8983043F00203C4F89830EB68C3
:1016D00023F0040343F00103EB606B6887F3118888
:1016E000BFF36F8F284698474FF04003EFF3118BFD
:1016F00083F31288BFF36F8FEB68990723F0010221
:1017000019D4EA60D4F8983023F00203C4F8983072
:101710008BF31188BFF36F8FDB05ACD400F098FB1F
:10172000A9E704F1900500220121284610F057FC9A
:101730000028F8D1B1E7306823F00303EB600028FC
:10174000E0D00027D0F800A03B460028DAD042685D
:10175000954201460CD101689FB97268316082429E
:1017600000D1716040F8083BFFF7F2FE39460023D4
:10177000BAF1000F0BD0DAF8002050460F4692461F
:10178000E3E739607268824208BF7760EAE7524651
:10179000F3E700BF847E0020FE5E012070B5C368C1
:1017A000C3F340069B0705460C460DD501220021D8
:1017B00004F1080010F0FDF900232360054B65607B
:1017C0005A681AB9C3E90044304670BD14605C60C1
:1017D000FAE700BF847E0020F8B5C3689A07044684
:1017E0000F46C3F340062CD45B071AD40B680BB921
:1017F00083680B60E368DD0744BFA3683B603D6816
:101800004CBF02260126002D3AD01F4B9B68AB42ED
:101810000AD0D5F89830D807C3F3800214D46FF0FB
:10182000120600233B6025E010F0F3F8D5F898305D
:101830000028F0D1D907C3F3C002F0D552B15B073D
:1018400008D46FF00F06ECE7002AFAD1C3F3C00307
:10185000002BF6D100232360D5F8843063B9C5E9A5
:101860002044284610F0CFF9E36843F00403E36016
:101870003B68A3603046F8BD1C60C5F88440F0E7C3
:101880006FF01506CDE700BF647E002001460148D9
:1018900010F03FBAF0350020F0B589B004460020C2
:1018A000C4E920000E9D04F18800C4E9220004F17F
:1018B0009000C4E924001DB32879002840F20110EB
:1018C00008BF0120C4F8980000204FF0FF364FF009
:1018D000FF37CDE90330CDE90100CDE90667094BBB
:1018E00000942046FFF712FC25B1296811B120466B
:1018F00010F095F8204609B0BDE8F04010F092B81D
:101900000120DFE76516050037B5019008464FF066
:101910004001EFF3118481F31288BFF36F8FC16828
:1019200011F00E0F16D153EA020508D101A9FFF7F5
:1019300053FF84F31188BFF36F8F03B030BD41F0C4
:101940000801C160019981621030034900F00EFC6A
:101950000120EEE70020ECE77B1C06000146014871
:10196000FFF7D2BFF0350020F7B50C4601901646C0
:101970001D464FF04003EFF3118783F31288BFF346
:101980006F8F084610F030F955EA060309D101A916
:101990002046FFF721FF87F31188BFF36F8F03B055
:1019A000F0BDE368064943F00803E360019BA362CE
:1019B00004F1100032462B4600F0D8FB0120EAE784
:1019C0007B1C060001460148FFF7CEBFF035002022
:1019D000C3897F2B12D80A4B1B6863B1094B90F95E
:1019E0000E201B689A4209DB437BDB0606D1064BBF
:1019F000C31A18BF012303F0010070470023FAE760
:101A0000947E0020907E0020F0340020044BC01A09
:101A1000044BC0105843044B01221A54704700BFB6
:101A200090360020ABAAAAAAFE5E012070B50E4B2C
:101A30000E4C1E7C06EB460304EBC3040546204611
:101A400010F0F0FA0A4B002228469A55FFF7C0FF23
:101A500048B1084B08491A68013A2046D317BDE837
:101A6000704000F083BB70BD647E00209036002083
:101A7000FE5E0120947E00200D1A050038B50D4D44
:101A80002B4653F8184F9C4200D004B9EC68AB6861
:101A900038B95A7BD20604D1A26912B9DA897F2AF1
:101AA00005D89C4202D02046FFF7C0FF23466B6159
:101AB00038BD00BF647E002070B590F90D20437BD7
:101AC000002A014604DA03F07F03437310F08BF918
:101AD0004B7B154A63F07F0310464B7350F8183F59
:101AE000D469834208BF002323B9C1E900042160FF
:101AF000D1610CE091F90E5093F90E60B5420ED011
:101B0000AE420CDD5868C1E9003001605960906850
:101B1000431A5842BDE870405841FFF7AFBF9C429E
:101B2000E3D01B68E0E700BF647E002070B490F94A
:101B30000D30427B002B29DBD30627D183692BBBD9
:101B4000134962F07F0242730A4652F8184F9442DA
:101B500018BF2346CC6923B9C0E900242060C861BE
:101B60000CE090F90E5093F90E60B5420AD0AE42E7
:101B700008DD5A68C0E900321060586070BC00206F
:101B8000FFF77CBFA342E7D01B68E4E770BC704757
:101B9000647E002008B590F90D20437B002A0146A1
:101BA00004DA03F07F03437310F01DF9044B9868C7
:101BB000431A58425841BDE80840FFF75FBF00BFD5
:101BC000647E002070B515461C46064610F026F9C6
:101BD000B4F1FF3F08BFB5F1FF3F08D02A462346C6
:101BE00006F118000249BDE8704000F0BFBA70BDB0
:101BF000F51E060038B54FF04003EFF3118583F36F
:101C00001288BFF36F8F104B104A9C681068A04277
:101C100006D1FFF70BFF85F31188BFF36F8F38BD37
:101C200000211B7C11600A4AD35C002BF3D02046B4
:101C3000FFF7CEFE0028EED0637BDB0602D1204604
:101C4000FFF73AFF2046E4E7647E00208C7E002008
:101C5000FE5E012070B50C480C4D86682E600C4667
:101C60001146DDE904234FF04006EFF3118586F3BA
:101C70001288BFF36F8F8068FFF7A4FF2046BDE88E
:101C80007040F0F7CBBE00BF647E00208C7E002049
:101C9000F8B504464FF04003EFF3118683F3128842
:101CA000BFF36F8F437BDA0649B219D18569BDB99D
:101CB00003F07F03437310F096F8437B164A817359
:101CC00063F07F034373134653F8180F984218BF0D
:101CD0000546D0695DB9C4E900300460D46111E003
:101CE000A173002086F31188BFF36F8FF8BD95F9BB
:101CF0000E70B9420BD08F4209DD6B68C4E9005306
:101D00001C606C600120FFF7B9FE0120EAE7A842E1
:101D1000E1D02D68DEE700BF647E002049B9EFF313
:101D2000058030B9054B5A699B689A4201D0F0F79B
:101D300075BE81F31188BFF36F8F7047647E0020FA
:101D400010B54FF04002EFF3118482F31288BFF315
:101D50006F8F427B510704D484F31188BFF36F8FD8
:101D600010BD22F004024273FFF7E0FE2146024854
:101D7000BDE81040FFF7D2BFFF5E012070B50446FA
:101D8000183010F04FF94FF04003EFF3118683F352
:101D90001288BFF36F8F94F90D20637B002A05DA58
:101DA00003F07F036373204610F01DF80B4D637B37
:101DB000A86843F010036373031B58425841FFF7B0
:101DC0005DFE86F31188BFF36F8FAB68A34203D12A
:101DD000BDE8704010F0E9B870BD00BF647E00201F
:101DE0004FF04003EFF3118183F31288BFF36F8F3D
:101DF000044B9A68D37B013BD37381F31188BFF303
:101E00006F8F7047647E002010B54FF04003EFF3F2
:101E1000118483F31288BFF36F8F084B9A68D37BCA
:101E20000133D3730020FFF729FE84F31188BFF339
:101E30006F8FBDE8104010F0B8B800BF647E00207E
:101E4000024B03F11802C3E906227047647E0020AA
:101E5000F8B54FF04003EFF3118583F31288BFF319
:101E60006F8F19498868437B03F07F0343730FF03A
:101E7000BAFF8B685A7B084662F07F025A7350F8AB
:101E8000182FCC69824208BF002222B9C3E900049E
:101E90002360CB610CE093F90E6092F90E70BE42A4
:101EA0000ED0B7420CDD5168C3E900210B605360CE
:101EB0000120FFF7E3FD2846BDE8F840F0F7AEBD8E
:101EC000A242E3D01268E0E7647E002050EA0103FA
:101ED0002DE9F04105460E4603D1FFF7B9FF00207A
:101EE0002CE0831C71F1FF332ADB10F0B1F82C18C1
:101EF0004FF04003EFF3118883F31288BFF36F8F25
:101F0000114F124BB8681860FFF744FEB8681049CB
:101F10002A463346183000F029F9BA68537B43F05B
:101F2000100353734046F0F779FD10F091F8201A32
:101F300063EB0303012873F10003D0DBBDE8F081FC
:101F40006FF00104241AD3E7647E00208C7E002009
:101F5000F51E0600B1F1FF3F08BFB0F1FF3F08B525
:101F600006D1084B9868FFF709FF4FF0FF3008BD16
:101F7000FFF7ACFF4FF47A7380FB0303C00B40EA1A
:101F80004340F4E7647E002038B50A4C0A4A4FF417
:101F900000450021C0FB054100232046D6F760F82C
:101FA000C117FFF793FF044B80FB0303C00B40EA0C
:101FB000434038BD3F420F0040420F00014B98683C
:101FC000704700BF647E00202DE9F04104464FF0C9
:101FD0004003EFF3118683F31288BFF36F8F037B07
:101FE000D9070BD586F31188BFF36F8F404080F37C
:101FF00011884FF0040002DFBDE8F081437B1A072F
:1020000004D586F31188BFF36F8FF5E723F0200224
:1020100042F00801D20920D14173A36813B12046D0
:102020000FF0E9FE04F118000FF0FCFF04F158076F
:102030004FF00008A56DBD4200D0B5B90120FFF7F3
:102040001DFD104B9B68A342DBD1EFF30583002BF2
:10205000D7D13046F0F7E2FCD3E703F05F0343F05B
:10206000080343730FF0BFFED7E728460FF0C3FE07
:1020700005F118000FF0D6FFC5F87C802846FFF761
:1020800055FDD7E7647E0020D3B5DDE90667089CDF
:10209000CDE90067FFF7DEFD1CB1034B9B685B6970
:1020A000236002B0D0BD00BF647E002008B50648A2
:1020B000064A0749121A0FF0F8FBBDE80840054A26
:1020C000054906480FF0F1BB00000020081600206B
:1020D000188A060000000000188A06000000002090
:1020E000034B1B680BB9F8F793BF0020704700BF84
:1020F000987E002010B50E4B1C689C4204D1FFF75F
:10210000EFFF6FF0004010BDFFF7EAFF002CF8D0A2
:10211000D4E904321B1A62EBE072B3F1004F72F1A2
:102120000001EEDA002AACBF18460020EBE700BF42
:102130009C0F002030B570B10B4B5B6898420AD001
:10214000036843B1D3E90421D0E90445121941EBF6
:102150000501C3E90421D0E9003213605A6000236D
:10216000C0E9003330BD00BF9C0F0020B3F1FF3F3A
:1021700008BFB2F1FF3FF8B504461D4616465CD0D5
:1021800081604FF04003EFF3118783F31288BFF3B0
:102190006F8F013275F1FF3324DA2D49D1E9002028
:1021A0006FF001039B1A4FF0FF3262EB00009E1BA1
:1021B00060EB0500012E70F1000301DA012600201A
:1021C000C4E90460234ED6F800C07568B44508BF62
:1021D0004FF0000CBCF1000F0DD1C4E900652C607C
:1021E00074601CE0FFF77CFF013645F100053618EE
:1021F00045EBE070E4E7DCE90420D4E904319342E4
:1022000071EB000E1ADAD21ADCF8043060EB010030
:10221000CCE90420C4E900C31C60CCF80440336856
:10222000B34206D09C4204D1FFF764FF0021F8F7C7
:10223000BBFE87F31188BFF36F8FF8BD9B1A61EB6C
:102240000001AC45C4E90431C7D0DCF800C0C1E7E7
:10225000A83600209C0F00202DE9F84F4FF04003D6
:10226000EFF3118C83F31288BFF36F8FDFF8B0A008
:10227000DFF8B0902C4FC9F80000DAF80000002415
:10228000504508BF00200025D7E90021D9F80030CB
:10229000E04680B3D0E9046C4FEAE37EB3427EEBC4
:1022A0000C0B05DAF61A6CEB0E04C0E9046422E0AC
:1022B000B21841EBE671C0E90445C7E90021FFF718
:1022C00039FF88F31188BFF36F8F836898474FF009
:1022D0004003EFF3118883F31288BFF36F8FD9F8AF
:1022E0000030DAF800009B1B5045C446C9F80030A6
:1022F000CAD1D7E900219A1841EBE3730024C7E95A
:102300000023C9F80040FFF7F5FE2146F8F74CFE20
:1023100088F31188BFF36F8FBDE8F84FFFF76ABCF1
:102320009C0F0020987E0020A836002010B54FF0AA
:102330004003EFF3118483F31288BFF36F8FFFF72D
:10234000CFFE064A0346D2E90001181841EBE371BB
:1023500084F31188BFF36F8F10BD00BFA836002033
:10236000F8B504464FF04003EFF3118783F312886A
:10237000BFF36F8F026822B187F31188BFF36F8FAD
:10238000F8BDD0E90A36581C46F10001022871F167
:10239000000127D3012B76F10001BCBF01231646B3
:1023A0005D1E46F1FF360FF057FE013041F100018E
:1023B000401946EB0101012871F100013ADB0FF0F1
:1023C0004BFE013041F100016FF00102401946EB74
:1023D0000103121A4FF0FF3161EB03031849204645
:1023E000FFF7C4FE236B01332363236A73B187F3C2
:1023F0001188BFF36F8F236A204698474FF0400340
:10240000EFF3118783F31288BFF36F8F54F8185FCF
:10241000A542B1D0002DAFD028460FF037FD0023E4
:10242000EB6787F31188BFF36F8F2846BDE8F8404C
:102430000FF01CBD6FF001024FF0FF33CEE700BF7D
:10244000612305002DE9F047B3F1FF3F08BFB2F16A
:10245000FF3FDDE9086705461C46914698461CD0BB
:10246000531C74F1FF3309DB012A74F10003BCBF74
:102470000122002412F1FF3944F1FF3828460FF001
:10248000D1FDC5E90A6700232B634A464346284627
:102490000349BDE8F047FFF769BEBDE8F08700BF1C
:1024A000612305002DE9F3471D46294B9F68012351
:1024B00087F8603087F8613052EA050316460CBF92
:1024C0000123002307F1600280460FF05AFE814687
:1024D0004FF04003EFF3118A83F31288BFF36F8F3D
:1024E00097F8604064B90146524640460FF01AFF23
:1024F0008AF31188BFF36F8F204602B0BDE8F087E2
:10250000002387F8603056EA050306D18AF3118864
:10251000BFF36F8F6FF00A04EEE7CDE900650D4A57
:102520000D485146FFF796FB04464FF04003EFF38A
:10253000118583F31288BFF36F8F2A4649464046C0
:102540000FF0F0FE85F31188BFF36F8FD4E700BF63
:10255000647E0020A40F0020FF5E012038B50346F2
:102560004FF04002EFF3118582F31288BFF36F8FB3
:10257000C160012181600068834206D185F3118822
:10258000BFF36F8F0024204638BDD0E900321360BE
:102590005A600023C0E900330FF06AFE2946044662
:1025A0000148FFF7BBFBEEE7FF5E01200A4601464C
:1025B00001480FF00BBF00BF3C130020014B036725
:1025C000704700BF3C13002038B504460D460FF09D
:1025D00020FA20B9064B9B681B6F0BB938BD054B21
:1025E0002A4621461846BDE838400FF0EFBE00BF2E
:1025F000647E00203C130020014808F09FBA00BF11
:10260000DA89060030B599B00546684600F028F82A
:102610006946044608A800F053FA08A9044328466E
:1026200000F08AF9204619B030BD00BF70B598B0EF
:1026300005466846164600F013F83146044608A8D9
:1026400000F046F908A96A460443084600F082F9FA
:1026500008A90443284600F06DF9204618B070BD63
:1026600070B50B68124E1BBAC3614B681BBA83610D
:102670008B681BBA4361CB681BBA03610B691BBA39
:10268000C3604B691BBA83608B691BBA4360CB691B
:102690001BBA3246036001460446D5F71BFD31469E
:1026A000054602462046D5F735FD681E70BD00BFC1
:1026B000804E06002DE9F04188B00C46064602F136
:1026C0002001684606F120079046D5F7FDFF6A46CF
:1026D00069466846D5F71AFF69463846D5F7F4FFCC
:1026E0003A463946384604F12005D5F70FFF6A46C9
:1026F00069466846D5F70AFF41462846D5F7E4FF04
:102700006A4641463046D5F7C7FF2A4629466846FD
:10271000D5F7FCFE2A4669466846D5F7F7FE124A09
:1027200069466846D5F7F2FE69462046D5F7CCFFE4
:10273000324621462046D5F727FF3246214620461D
:10274000D5F722FF224631462846D5F71DFF6A46B7
:1027500029462846D5F7A0FF3A4629462846D5F708
:1027600013FF08B0BDE8F081604F0600F0B599B0E6
:1027700004460D460A4601466846D5F705FF6946F8
:102780006846D5F7A1FF6A46214608A805F120064C
:1027900004F12007D5F780FF6A4629466846D5F739
:1027A0007BFF3246394610A8D5F7B0FE324639468F
:1027B0003046D5F7E9FE31462846D5F785FF6A460B
:1027C00008A92046D5F7A2FE224629462846D5F775
:1027D000DBFE6A4608A96846D5F7D6FE6A46394642
:1027E0003846D5F759FF2A4608A96846D5F7CCFEE2
:1027F0006A4631463046D5F74FFF3A4631463046B5
:10280000D5F7C2FE10A96846D5F75EFF2246694695
:102810002046D5F7B9FE08A922460846D5F7B4FEEA
:1028200010A908AA0846D5F737FF3A4610A9384636
:10283000D5F7AAFE19B0F0BD2DE9F04188B00C46DD
:10284000054690460A4601466846D5F79DFE69460C
:102850006846D5F739FF6A462946284604F120061E
:10286000D5F71AFF05F120076A4621466846D5F7D5
:1028700013FF324639463046D5F786FE31462046AC
:10288000D5F722FF2A4621462046D5F77DFE6A4627
:1028900021462046D5F778FE6A4629464046D5F7B8
:1028A00073FE424639463846D5F7F6FE224629469B
:1028B0006846D5F769FE6A4631463046D5F7ECFEE4
:1028C0003A4631463046D5F75FFE08B0BDE8F081A4
:1028D00070B500F1200690B00D46044600F014F9E2
:1028E00005F12001304600F00FF9214608A8D5F780
:1028F000EBFE08A908460D4AD5F708FE08A92246AE
:102900000846D5F7C9FE08A9094A0846D5F7FEFDCD
:1029100031466846D5F7D8FE202269460DEB020005
:10292000D5F7C6FD013810B070BD00BF604F06007E
:10293000404F060000F002B938B504460D4600F0DD
:10294000FDF805F1200104F12000BDE8384000F059
:10295000F5B800BF2DE9F0471346B8B0544A894690
:102960008046194610A8D5F7B5FB5249024610A873
:10297000D5F7D0FB179E4E4900EAD6760746C6F13A
:10298000010210A8D5F7C6FB179B4A466FEA030A57
:1029900028A918A8FFF78EFE4FEADA7A20A9CAF113
:1029A0000102084600F092F8C7F10107FE246A46CA
:1029B00018A928A8FFF740FF631138AA02EB830388
:1029C00004F01F0253F8A03CD340554603F0010A1F
:1029D0008AEA05052A4628A918A8D5F7F7FB2A464A
:1029E00030A920A8D5F7F2FB013C28A918A8FFF7C9
:1029F000BDFE631CDBD1CAF1010220A908A800F0CA
:102A000065F886EA0A066A4618A928A8FFF714FF9F
:102A100028A9324618A8D5F7D9FB324630A920A8F4
:102A2000D5F7D4FB08A96A460846D5F735FE08A9AC
:102A3000084600F09DF808A908F1200409F12002D9
:102A40000846D5F729FE20A908AA2046D5F724FE76
:102A500008AA18A96846D5F71FFE69466846D5F743
:102A600033FE18AA694608A8D5F716FE214668461F
:102A7000D5F72AFE08AA69461046D5F785FD0E4A05
:102A800008A96846D5F780FD20462021D5F724FD0A
:102A900008A9024644426846D5F798FB4046074AD3
:102AA0006946D5F7F9FD3C43204638B0BDE8F087CC
:102AB000C04E0600E04E0600404F0600A04E060045
:102AC0000A460149FFF746BF004F060070B588B0BF
:102AD00004460D4616460021202268460FF030FDC0
:102AE000002329462022204600930FF001FD2A46AC
:102AF00069466846D5F748FD324669462046D5F70F
:102B000065FB08B070BD00BF0B681BBAC3614B68A2
:102B10001BBA83618B681BBA4361CB681BBA036124
:102B20000B691BBAC3604B691BBA83608B691BBA04
:102B30004360CB691BBA0360704700BFCB691BBA07
:102B400003608B691BBA43604B691BBA83600B69D6
:102B50001BBAC360CB681BBA03618B681BBA4361A5
:102B60004B681BBA83610B681BBAC361704700BF17
:102B700070B598B00D46064610A8D5F7A5FD2A46B3
:102B800010A96846D5F788FD694610A8D5F79CFDC1
:102B900010A90846D5F798FD6A4610A908A8D5F7E8
:102BA0007BFD08A910A8D5F78FFD10A90846D5F719
:102BB0008BFD10A90846D5F787FD10A90846D5F763
:102BC00083FD10A908AA0846D5F766FD10A9084696
:102BD000D5F77AFD10A90846D5F776FD10A96A4603
:102BE00008A8D5F759FD052408A910A8D5F76CFD4C
:102BF00010A90846D5F768FD013C10A9F5D108AA2F
:102C00000846D5F749FD052410A90846D5F75CFD0F
:102C100010A90846D5F758FD013CF5D110A908AA1E
:102C20000846D5F739FD10A908A8D5F74DFD08A924
:102C30000846D5F749FD08A96A466846D5F72CFD30
:102C40001024694610A8D5F73FFD10A90846D5F70E
:102C50003BFD013C10A9F5D12A460846D5F71CFDDD
:102C6000402410A90846D5F72FFD10A90846D5F72E
:102C70002BFD013CF5D110A96A460846D5F70CFD9D
:102C8000102410A90846D5F71FFD10A90846D5F74E
:102C90001BFD013CF5D110A96A460846D5F7FCFC9E
:102CA000102410A90846D5F70FFD10A90846D5F73E
:102CB0000BFD013CF5D110A908AA0846D5F7ECFC9C
:102CC0002A4610A93046D5F7E7FC18B070BD00BF02
:102CD00010B50C4C236813B10B4B1B682BB900F0DB
:102CE00029FE30B9084B01221A600123236000201D
:102CF00010BD0138062801D9044810BD044B53F813
:102D0000200010BDA07E00209C7E0020FE8FFFFFD3
:102D1000804F0600BFF34F8F0549064BCA6802F487
:102D2000E0621343CB60BFF34F8F00BFFDE700BFEE
:102D300000ED00E00400FA0510B4094B09490A4C03
:102D40004FF0FE32C3F800244968C3F80424C3F8E6
:102D50000824C3F80C240023C4F8003510BC08472D
:102D600000B00250AC0F002000A00250D0E90012C9
:102D7000014BC3E900127047AC0F00202DE9F0436E
:102D8000134B144E002814BF04461C4683B023681E
:102D9000B34219D00D4620464FF4E07104F1040906
:102DA000174604F58E7800F0E9F8484600F0ACFCD0
:102DB000404600F0DBFA084900972B464A46404659
:102DC00000F0EAFA08B92660002003B0BDE8F083FD
:102DD000A47E0020A5BCC95A9137050070B51D46D8
:102DE0000C4B002818BF03460B481E68864282B071
:102DF0000DD1002603F58E7000963346144600F080
:102E000017FB002818BF34462C6002B070BD034881
:102E1000FBE700BFA47E0020A5BCC95AE88FFFFFD6
:102E200010B5044650B1636813F0685F05D0064AD8
:102E3000934202D000232360626010BD034B04481C
:102E40005B689847EFE700BF2C5F5CA9AC0F0020E0
:102E50009C4F0600C8B143680D4A934213D013F04B
:102E6000685F0ED0012350E8002F194640E8001C8F
:102E70009CF0000FF7D1012AF5D0BFF35F8F00203F
:102E8000704704487047044870476FF4E04070474B
:102E90002C5F5CA9E98FFFFFEA8FFFFF80B14368D9
:102EA000094A93420AD013F0685F05D0BFF35F8FE1
:102EB0000023036018467047044870470448704771
:102EC0006FF4E040704700BF2C5F5CA9E98FFFFF03
:102ED000EA8FFFFF10B5044620B1044B6360002267
:102EE000226010BD0248FFF727FFF6E73A00003ADC
:102EF000C44F060070B5D0E90023174C174D63602E
:102F0000D0E90230C4E9023022604868D1F800C03C
:102F1000134BC3E900C0D5F81801D1F808C0C3F8B5
:102F200008C010F0685FD1F80CC00969C3F80CC084
:102F3000196110D00B49C5F8BC110023C5E9453112
:102F400005F58A70C5F8B8319047236805F5DC703F
:102F5000BDE87040184770BDC80F0020A47E002057
:102F6000B40F00202C5F5CA938B131B101440022BC
:102F70000346013081421A70FAD1704738B131B13D
:102F8000014400220346013088421A70FAD170478A
:102F90002DE9F04FB2F5C07FB5B000F2D780DFF871
:102FA000B49114460D464FF4D07200210DF15C0827
:102FB000074648460FF0C4FA404601F051F9002395
:102FC00009F11806A9F8103063BA29462246A9F873
:102FD00012303046202389F817300FF089FA5E4B03
:102FE000079303F104338022089303F10433099318
:102FF000325503F1043307A940460A9301F046F91C
:10300000824600287FD104F119030BAE0FAC029366
:103010000397019604940198DFF840B11022002133
:103020000FF08EFADDF808A005940E9B5BF8044CB7
:103030005BF80C7C0B995BF8100C5BF8085CDDE925
:103040000C625C40019B7E40554081EA00071A46B5
:1030500001214046CDE90B76CDE90D5401F030F960
:10306000BAF1100F94BFAAEB0A0AAAF1100A0BF1E9
:10307000100B002865D1BAF1000FD6D1059C01993B
:10308000204610220FF034FA99F80330103401333F
:10309000A04589F80330BED1049C039F019E802285
:1030A0002146404601F0F2F8824670BB07F1200944
:1030B0003D4613AB1A460121404601F001F91022AA
:1030C000824613A928461544BAF1000F1DD10FF00E
:1030D0000FFA4D45EDD1404601F0D2F81D484FF4AE
:1030E000D071FFF74BFF20462021FFF747FF07A8CD
:1030F0001021FFF743FF30461021FFF73FFF5046F6
:1031000035B0BDE8F08F0FAC0BAE404601F0B8F81B
:1031100010484FF4D071FFF731FF20462021FFF710
:103120002DFF07A81021FFF729FF10213046FFF7D8
:1031300025FF20213846FFF721FF504635B0BDE876
:10314000F08F039F019E049C8246DEE76FF0370AF2
:10315000F3E700BF74800020000102038480002098
:103160002DE9F04188B004460D4620220021684632
:103170000FF0E6F904F120066F46E27B0132D2B28D
:10318000E273002A4DD1A27B0132D2B2A273002A8F
:1031900047D1637B0133DBB26373002B41D1237BC7
:1031A0000133DBB22373002B3BD1E37A0133DBB273
:1031B000E372002B35D1A37A0133DBB2A372002B6B
:1031C0002FD1637A0133DBB2637253BB237A0133AD
:1031D000DBB223722BBBE3790133DBB2E37103BBB8
:1031E000A3790133DBB2A371DBB963790133DBB2BD
:1031F0006371B3B923790133DBB223718BB9E378FF
:103200000133DBB2E37063B9A3780133DBB2A3709F
:103210003BB963780133DBB2637013B923780133B0
:1032200023703B4622460121304601F049F8804692
:1032300050BB103708AB9F429FD1029AAB68039FE7
:103240000799534002933046EE68009B7E400396F8
:10325000049F2E697E4004966E69059F7E40059608
:10326000069FAE697E400696EE6971400791296817
:103270004B40009301996B6880224B406946019353
:1032800001F004F8804638B168462021FFF776FE49
:10329000404608B0BDE8F08110220DEB0201204647
:1032A0000FF026F9F0E700BF2DE9F84304468069E6
:1032B000B0F5C07F52D81D46C0F5C073AB424DD3A8
:1032C000C5F5C0731B1A9342164647D3DFF8989092
:1032D0004FF4C0720F46484600210FF031F9D4F880
:1032E0009430A269D4F8980049469847002838D10C
:1032F000D4F818803DB1D4E925302A4609EB0801FD
:10330000984770BBA84407B1C6B91749424608465A
:10331000FFF73EFE054638B113484FF4C071FFF782
:103320002DFE2846BDE8F8830F492046FFF718FF19
:1033300005460028F0D101232361EDE709EB0800E1
:10334000394632460FF0D4F80749B04442460846A1
:10335000FFF71EFE05460028DED1E5E76FF03705D2
:10336000DFE76FF03305DCE71482002010B5A422FC
:10337000044600210FF0E4F8064B4FF0FF314FF602
:10338000F0722161E26104F19C001B68BDE810400D
:10339000184700BF181000202DE9F04385B00546FE
:1033A0000F46164600211022684699460FF0C8F8CD
:1033B0001D4B05F19C081B684046984720B1044608
:1033C000204605B0BDE8F08305F12004204600F05A
:1033D00047FFAA69C5E925762E69E2B92022002EA9
:1033E000AA611FDB20466946802200F04FFF044699
:1033F00030B90C9A334649462846FFF755FF044634
:103400000A4B40461B689847002818BF04462046D0
:1034100005B0BDE8F083002EE4DA172A02D80132A5
:103420005608DFE70026DDE714100020101000200A
:103430002DE9F04F8DB0B2F5806F169F00F2E3805A
:10344000B7F5807F00F2DC80044615460E46202248
:10345000002104A898460FF073F86C4B04F19C0906
:103460001B68484698478346002840F092802269AE
:10347000E3699A4200F391806369002B40F08D80EC
:10348000002F40F0A980DFF888A16F46002D00F0E2
:10349000988004F120086F460EE0102DAB4628BF3F
:1034A0004FF0100B30465A4639460FF021F8B5EB75
:1034B0000B055E4400F08580E37B0133DBB2E373F0
:1034C000002B4DD1A37B0133DBB2A373002B47D17B
:1034D000637B0133DBB26373002B41D1237B013368
:1034E000DBB22373002B3BD1E37A0133DBB2E3720F
:1034F000002B35D1A37A0133DBB2A372002B2FD17D
:10350000637A0133DBB2637253BB237A0133DBB2DC
:1035100023722BBBE3790133DBB2E37103BBA379E5
:103520000133DBB2A371DBB963790133DBB26371C1
:10353000B3B923790133DBB223718BB9E37801335B
:10354000DBB2E37063B9A3780133DBB2A3703BB99C
:1035500063780133DBB2637013B9237801332370CE
:103560003B4622460121404600F0AAFE8346002841
:1035700093D0DAF80030484698472021034604A843
:10358000002B18BF9B46FFF7F9FC10213846FFF7C8
:10359000F5FC58460DB0BDE8F08F3A464146002391
:1035A0002046FFF781FEDFF868A000283FF46DAFEA
:1035B000DAF8003048469847834600283FF465AF64
:1035C000E7E704A92046FFF7CBFD83460028D0D1CA
:1035D000236901332361CCE73A46414604A8FFF74B
:1035E000D7FC834618B1DFF828A06F46C1E704A9CD
:1035F0002046FFF7B5FD834600283FF444AFF2E7CD
:103600006FF0370BC5E76FF0350BC2E714100020E1
:10361000101000202DE9F043202B8BB01D460646EC
:103620008846914626D8DBB202AF8DF80480B046BA
:103630008DF8053058F8041B21B9404600F084FE8F
:10364000044640B901233360022201A9404600F03C
:103650008FFE044638B138462021FFF78FFC204604
:103660000BB0BDE8F0832A464946404600F080FE94
:103670000446F0E702AF1946104600233A4600F030
:10368000FDFF04460028E6D12023B9461D46CCE7BD
:10369000F0B5D0F8F830A7B0002BD8BF02AE2CDDC3
:1036A000D0F80C410546002302AE0193A4F10107B6
:1036B000D0F80001D5F8FC4001AB90223146A0477C
:1036C000B7FA87F77F09044610B9019B3BB9A7B148
:1036D00030469021FFF752FC204627B0F0BD01464E
:1036E00032462846FFF796FF50B9D5F80431019AC3
:1036F0001344C5F80431002FEAD16FF03C04E7E72A
:103700000446204627B0F0BD70B50025044604F5F8
:10371000887614222946C0F8F850FC300EF010FFCD
:103720000822294630460EF00BFF154B30461B6829
:103730009847204640F8045B00F0ECFD114B304602
:103740001B689847D8B9D4F8F830AB4211DC03EBCA
:10375000830204EB82022021C2F808110121C2F881
:103760000C1101330849C2F80001C2F8FC10C4F87A
:10377000F830064B30461B68BDE87040184770BDF6
:1037800018100020141000206541050010100020C2
:103790002DE9F047202A88B079D83E4B00F588798A
:1037A0001B68044648461746884698470546F8B9B8
:1037B000D4F8F83040F20116002B64D02046FFF711
:1037C00067FF054638B9D4F8F830002B14DC013E09
:1037D000F2D16FF03B056E4620213046FFF7CEFB5D
:1037E0002D4B48461B689847002818BF6FF01D05F1
:1037F000284608B0BDE8F087D4E94132934203D3AC
:10380000D4F80C21012A02D0013ED7D1E1E71F2BC9
:10381000FAD96E4601462022304604F1040A0EF021
:103820008FFE3146504600F0CDFD05460028D3D12D
:10383000504600F083FD504600F06CFD294650468E
:1038400000F082FD05460028C6D1504620223146B0
:1038500000F08EFD05460028BED1034632462021E9
:10386000304600F00BFF05460028B5D1D4F8F830FB
:10387000002BC4BF0023C4F804313A464046314609
:103880000EF036FEA8E76FF03F056E46A4E76FF036
:103890003B05ADE7141000201010002030B58DB0AE
:1038A0000021282202A801910EF04AFE02A800F091
:1038B0000DFF044610B120460DB030BD174D4FF03E
:1038C000FF31286800F044F9044620B11448FFF79E
:1038D00033FA012C18D0002000F06AF9D0B9114A4F
:1038E00002A901A800F030FC0446012000F060F9B4
:1038F00060B9286800F034F90028DCD00A48FFF7E6
:103900001BFA20460DB030BD0524F2E70748FFF74B
:1039100013FAEEE70648FFF70FFAE0E7FC0F002086
:10392000E84F060094830020405006002050060017
:103930000050060030B583B000F05CF828B100F00C
:10394000ABF80324204603B030BD00F077F8D8B9B7
:1039500000F02EF9E0B9224CD4F828391B0EF02BD8
:103960000AD1D4F8242A1F4B9A4231D000F044F8EF
:10397000072400F091F8E5E700F03EF800F08CF83D
:103980000624204603B030BD0424204603B030BDD9
:1039900000F032F800F080F8FFF780FF044698B995
:1039A000114D2B68002BCDD102460146FFF7E6F9F9
:1039B00050B90E4901AB6822FFF710FA20B90C4B41
:1039C0002B60204603B030BD0524204603B030BD37
:1039D000012000F0EDF80028DAD1C4F80C0ADBE78A
:1039E00000B002500000E020B4850020B88500201F
:1039F0005AEA5A5A0020704700207047430504D500
:103A0000044B4FF0FF32C3F80821024BC3F8080AF9
:103A1000704700BF00B00250014BC3F8040A704762
:103A200000B0025008B100F06BB84FF47500704759
:103A300008B100F04FB84FF47500704710B5114849
:103A400000F072F800B110BD0F4800F06DF80028CA
:103A5000F9D10E4C204600F067F80028F3D10C4B4A
:103A60000C481C6000F060F801460028EBD100F023
:103A70002DF8044608B1204610BD00F07BF8204622
:103A8000FAE700BF0C1000200810002004100020EE
:103A9000FC0F00200010002008B5084800F04EF888
:103AA000074800F04BF8074800F048F8064800F0D7
:103AB00045F8BDE8084000F00BB800BF0C1000202E
:103AC0000810002004100020001000200020704783
:103AD000704700BF10B4094C0246D4F8003A1342B4
:103AE000FBD021B1D4F804310B60C4F80831034B8A
:103AF000C3F8082A002010BC704700BF00B0025075
:103B0000044AD2F8003A1842FBD0C2F8080A002052
:103B1000704700BF00B002500EF0F8BC0EF010BDB0
:103B20000A4600210EF00CBD08B5034B02681B6865
:103B300010689847002008BDC80F002008B5034B47
:103B400002685B6810689847002008BDC80F002015
:103B5000024B02689B681068184700BFC80F00201E
:103B600008B5034B0268DB6810689847002008BD61
:103B7000C80F002070B5094C094D2069AB68984703
:103B800018B1084B08485B689847084AEB682069F9
:103B900000211160BDE87040184700BFB40F00203D
:103BA000C80F0020AC0F00205850060020860020CF
:103BB000F8B51A4D1A4E0446B26828699047E8B91C
:103BC000184F3B684CB1A3B1012B19D0013B3B60AE
:103BD0002869F36898470020F8BD43B9124A0121CB
:103BE000C2F800151149D1F81029002AFBD1013380
:103BF0003B60F368286998470020F8BD0C48F8BD81
:103C00000A4AD2F81039002BFBD1074A6FF07E40E8
:103C1000C2F80035FFF700FF3B68D7E7B40F00207C
:103C2000C80F00202086002000A0025000B00250E3
:103C3000E98FFFFF014B1B68184700BFC80F00202A
:103C4000014B9B68184700BFC80F0020014BDB6881
:103C5000184700BFC80F00202DE9F047002878D092
:103C60000C46002975D01D46002B72D007461AB1AC
:103C7000012200232A6003602B68002B64D02946B0
:103C8000204600F0DBFD804600285FD128682146F1
:103C900000F0BAFD8046002858D12B68082B6CD064
:103CA000042B6DD0A3F10209B9FA89F94FEA591929
:103CB000354E0121C6F8C411C6F84011C6F8C4112A
:103CC000636AC6F83031D6F830219342F6D14FF00E
:103CD000000A4FF0FF30C6F82CA1FFF78FFE6FF0FF
:103CE0001B03C6F800315046FFF796FEC6F80C914C
:103CF000D6F8040A40F48060FFF78EFE0A23C6F867
:103D00003831089B012B29D02369204AA2FB0323C9
:103D10001B09626A02FB03F303EB43031A4ADB034A
:103D20009B09C2F8D8310123C2F82C313B682A68BC
:103D300023F07F4343EA02633B602A6843EA02239D
:103D40003B604046BDE8F087DFF844804046BDE870
:103D5000F087DFF840804046BDE8F0874FF08053A1
:103D6000D3F80C2C013206D0D3F80C3C074AA2FB46
:103D700003231B09CDE71623CBE74FF0030997E791
:103D80004FF0020994E700BF00B00250ABAAAAAA04
:103D9000310CF100350CF10050B34B1EB3F5047F2C
:103DA00026D24FF0000C30B5CD00E64664466309DC
:103DB00004F01F0150F823301F2923FA01F306D025
:103DC00003F001031CB901249E46A446EFE79E457B
:103DD00004F1010406D09E464FF0010CAC42E6D13E
:103DE000002030BD0CF1010C9445F7D1014830BDE5
:103DF00000487047360CF100C8B32DE9F0434C1E63
:103E0000B4F5047F1CD2DBB1D2B14FF0000ECF006D
:103E10007646F046754603F1FF396C0905F01F013F
:103E200050F824401F2924FA01FC0CD00CF0010C9E
:103E30004DB90126E0463546B646EEE7964218D91A
:103E40000D48BDE8F08373450CD0C44508BF01366A
:103E5000F145F3D00EF1010E0135BD42DDD1002058
:103E6000BDE8F0834FF0010EE0467646F4E70248E5
:103E700070479E46F0E700BF370CF1002DE9F04F88
:103E800091B00D46DDE91B41824600296ED12869BB
:103E900006901A981C6000230360002A00F02E810F
:103EA0009C4B6A6AD3F83811D3F830319A4269D101
:103EB0000A2967D19AF80330089304F10803069998
:103EC0000793954B934CA3FB01239B0803EB430300
:103ED000A1EB43030393042305931A9B069E1E60E4
:103EE000002E00F0E980002700F0B8FC0997BAF135
:103EF000000F00F0D580DDF81C804FF00109002D87
:103F000000F0CE80089B002B3ED008A9284600F088
:103F100095FC00283AD0814B984220D0089B082B72
:103F200000F0E4805B0000220893009208AB294671
:103F30005046FFF791FE7A4B984200F0D38070B95B
:103F4000DAF80020130A03F47F03134323F07F43BE
:103F5000CAF80030059B013B0593BED100200390B9
:103F600000F07CFC039811B0BDE8F08F4FF080505A
:103F7000D0F80C6C013614BFD0F80C0C4FF4047060
:103F8000069086E76748EAE76548C4E70898294647
:103F900000F03AFC0028BED1089B082B00F0A88056
:103FA000042B00F0A880A3F10203B3FA83F35B09AA
:103FB0000493C4F8C491C4F84091C4F8C4916B6AE6
:103FC000C4F83031D4F830219342F6D14FF0000BD1
:103FD000C4F82CB14FF0FF30FFF710FD6FF01B035A
:103FE0005846C4F80031FFF717FD049BC4F80C31A4
:103FF000D4F8040A40F48060FFF70EFD0A23C4F8E9
:1040000038312B69ABF1553BABFB03236A6A1B09C3
:1040100002FB03F303EB4303DB039B09C4F8D83132
:10402000C4F82C91DAF80030089923F07F420B0293
:1040300043EA01631343CAF8003009A800F0D4FB37
:10404000099B03F01A0303437FF468AFABFB063B05
:10405000D4F814310A93D4F818310B93D4F81C31E6
:104060000C93D4F820310D93D4F824310E93D4F866
:1040700028310F93B7EB9B0F01D1039B93B94046B7
:1040800018220AA9183EFFF747FD08F11808013762
:1040900096B100F0E3FB00230993002D7FF432AFCB
:1040A000214838E74046F61A1A460AA998440137CB
:1040B000FFF732FD002EECD1069F079E6A69394654
:1040C0003046FFF769FEAA6940B94FF4806339466C
:1040D0003046FFF791FE00283FF440AF1A9A0023C4
:1040E000136018E72B6A002B3FF439AF0F4836E70F
:1040F000032304935DE7022304935AE7009108AB7E
:10410000012229465046FFF7A7FD00283FF4D5AE0F
:1041100025E700BF00B00250ABAAAAAA020CF1002A
:10412000310CF100300CF100350CF100320CF100D3
:1041300010B4DDE901340194039C0294002403943B
:1041400010BCFFF79BBE00BF10B586B005AB0124C5
:10415000CDE901240093002204ABFFF78FFE06B0E7
:1041600010BD00BFF0B587B0002966D01E46002BF9
:1041700063D01446002A60D0314F0D4638684FF0A6
:10418000FF31FFF7E5FC00284DD10020FFF710FDBF
:10419000002844D12B4800F099FA0346D8B10120F9
:1041A0004FF0FF35FFF704FD002834D126484FF4C7
:1041B0000871FEF7D9FE25480421FEF7D5FE2148F7
:1041C0002821FEF7D1FE3868FFF7CAFC00282ED15F
:1041D000284607B0F0BD1C4A029205AA019204AA23
:1041E00003900092174919481A46FFF7A1FF0346AA
:1041F0000028D4D128461D46059B04999C4222469E
:1042000028BF1A4632600831FFF786FC0120FFF70D
:10421000CFFC0028CAD00E48FEF78EFDC6E70D4839
:10422000FEF78AFDB6E70C48FEF786FDADE70B48C2
:10423000FEF782FD284607B0F0BD4FF0FF35C7E717
:10424000FC0F0020288600205086002024860020B5
:104250002050060000500600E84F06007850060087
:1042600010B5044630B1002201236265A265E36502
:10427000236610BD0148FEF75FFDF4E7905006008D
:1042800018B174220021FFF749BC704790B1A1B169
:1042900010B5802A4FF00004846380F83C4006D1BA
:1042A000102204631044FFF737FC204610BD6FF066
:1042B0001F0010BD6FF0210070476FF01F007047A6
:1042C00028B322B31BB3012921D870B50446816BF2
:1042D00086B017D0012917D1102500210DEB050656
:1042E000616310460095019602AA294600F0C2FAC1
:1042F00050B92B46324602A9204600F043FD18B9BA
:1043000006B070BD0029E7D06FF02100F8E76FF02C
:104310002100704710B5044628B12046F421BDE8BD
:104320001040FFF7FDBB0448FEF706FD2046F421D0
:10433000BDE81040FFF7F4BBA450060010B1F42113
:10434000FEF712BE704700BF08B521B1012908D0A1
:104350006FF0360008BD012100F058F80028F7D1B1
:1043600008BD022100F052F80028F9D0F0E700BFA4
:1043700030B505468818B0F5801FA1B00B4614462D
:1043800001D8802A0CD9B3F5801F17D922461946C7
:10439000284600F07DF8044684B9204621B030BD9F
:1043A0006846FFF7B9FB22466946284600F070F8D8
:1043B000802104466846FFF7B3FBEDE76FF0360453
:1043C000EBE700BF70B5E8B10E46D9B1044600F086
:1043D00031F80546B0B92368012B0BD0022B01D070
:1043E000284670BD1C2204F108013046FFF794FBFB
:1043F000284670BD202204F108013046FFF78CFBEF
:10440000284670BD6FF03605EAE700BF78B138B5D1
:1044100004460D46F021FFF783FB40232560E3654A
:10442000204600F05BFA003818BF012038BD01209B
:10443000704700BF70B5056EA4B0044604AEE5B980
:104440000122002362603046CDE9003302AA2946EA
:1044500000F010FA10B1012024B070BD2A4602A964
:10446000204600F063FA0028F5D1204600F074FBE6
:104470000028F0D1206624B070BD802D2A4600F1BE
:10448000640128BF80223046FFF746FB256ED7E740
:10449000002800F0AE802DE9F04F1446A5B0002AA8
:1044A0003DD00F46002949D0B2F5803F0546006E49
:1044B00020D34FF6FF7805F1640AEB6D1A1AB2FBB0
:1044C000F3F103FB1122002A65D18342B9464FF66E
:1044D000FF7672D0B6FBF3FB03FB0BFBBBF1000FC7
:1044E00030D1002E45D1A4F57F44FF3CB4F5803F88
:1044F0004744E2D2EA6D161AB6FBF2F302FB1366EA
:10450000A64228BF2646002E75D1824200F08D803B
:10451000B4FBF2F602FB06F62EB9002C79D100208E
:1045200025B0BDE8F08F0023CDE9003302AA314663
:10453000384600F09FF9002800F09580012025B052
:10454000BDE8F08F0023CDE9003302AA5946484662
:1045500000F090F90028F1D102A95A46284600F04F
:10456000E5F90028EAD1A6EB0B06286ED944002E07
:10457000B9D01930494605EB80003246FFF7CCFA36
:10458000A4F57F44286EFF3C3044B4F5803F474497
:10459000286692D2AEE7424528BF4246504439468B
:1045A0001646FFF7B9FA286EEB6D3044834207EBED
:1045B00006092866A8EB06068CD1802B28BF80232D
:1045C0001A46514604A8FFF7A7FA0023CDE90033A5
:1045D00002AAE96D04A800F04DF90028AED1EA6DF9
:1045E00002A9284600F0A2F90028A7D1EB6D2866A1
:1045F00070E70120704705F16403394632461844DC
:10460000FFF78AFA286EEA6D3044A41B3744286607
:104610007BE72B6E193305EB830022463946FFF703
:104620007BFA2B6E23442B6679E7802A28BF8022F1
:1046300005F1640104A8FFF76FFA0023CDE9003308
:1046400004A8E96D02AA00F015F900287FF476AFFE
:10465000EA6D02A9284600F069F900287FF46EAFE0
:10466000EA6D286654E702A93246284600F05EF952
:1046700000287FF463AF3744A41B4EE7F8B51C460F
:10468000054611480E461746FFF744FE21460E48E0
:10469000FFF75AFE044620B10B48FFF74FFE2046B5
:1046A000F8BD094832462946FFF762FE0446002855
:1046B000F2D139460448FFF785FE04460248FFF769
:1046C0003DFE2046F8BD00BF7088002030B583B0A5
:1046D0001C2301A90546019300F032F8044638B9BD
:1046E000019B1C2B07D0144C1C212846FFF718FAFD
:1046F000204603B030BDD5E90112131E18BF0123B7
:1047000000392A6818BF01219B0043EA4103002AAF
:1047100018BF43F00103EA680120E8612AB9C5E93E
:104720000834002BE4D1054CDEE743F008032046B3
:10473000C5E9083403B030BD370CF0000E0CF000B2
:1047400018B111B10B681C2B01D0012070474FF03C
:104750008053D3F8102C013214BFD3F8102C41F23F
:104760005C224FF080530260D3F8142C013214BF46
:10477000D3F8142C41F664124FF080534260D3F802
:10478000182C013214BFD3F8182C40F6D8624FF021
:1047900080538260D3F81C2C013214BFD3F81C2C38
:1047A00041F288324FF08053C260D3F8002C0132BE
:1047B00014BFD3F8002C90224FF080530261D3F83D
:1047C000042C013214BFD3F8042C51224FF0805333
:1047D0004261D3F8082C013214BFD3F8083C40F2F0
:1047E000373383610020704708B501464FF480607D
:1047F000FFF71EF9034B0022C3F8C821C3F82C2190
:1048000008BD00BF00B002500138072805D8DFE816
:1048100000F0100E040A0404040607487047CB6831
:104820004B62002070478B684B62002070474B68DA
:10483000F6E70B68F4E700BF310CF1000B6802E00B
:10484000082B0B6006D8026A13424FEA4303F7D0E5
:104850000020704700487047310CF100044B0022E3
:10486000C3F82C214FF48060C3F8C421FFF7C6B809
:1048700000B00250F0B583B01D46B0F1005F4FF0BC
:1048800000038DF8073024D38C468444BCF1804F5C
:1048900004461ED817460DF10703012200F064FEFE
:1048A0000646B0B9099A9DF807303C603B7192B159
:1048B0004DB1024608990DF10703284600F054FE59
:1048C00038B99DF80730099A30461560137103B066
:1048D000F0BD4FF47506304603B0F0BDD8B108B551
:1048E0000368012B04D0022B0FD043B10B4808BD45
:1048F0000B4920220830FFF70FF9002008BD0949B5
:1049000014220830FFF708F9F7E70749202208309A
:10491000FFF702F9F1E74FF4730070470100F3006D
:10492000B4500600F4500600D45006002DE9F843B8
:10493000002900F0F9800446002800F0F98003689F
:1049400090460F46002B00F0C380013B012B00F284
:10495000D78079484FF0FF314FF00209FFF7F8F8A0
:10496000002840F0BF800020FFF722F9064600280B
:1049700040F0C280714AD2F81C39002BFBD16F4D38
:10498000D5F8203C002BFBD14FF0FF30FFF736F875
:10499000D5F8040A20F04000FFF73EF80123072273
:1049A000C5F81838C5F80029C5F8C437A36CC5F890
:1049B000CC37E36CC5F8D037C5F8C09723685BB136
:1049C000013B012B18D8636AC5F85C36236AC5F829
:1049D0005836E369C5F85436584BA269C3F85026D7
:1049E0006269C3F84C262269C3F84826E268C3F816
:1049F0004426A268C3F84026504AD2F81039002B4A
:104A0000FBD1B8F1000F5FD06368012B08BFC2F87B
:104A100084364A4B3A68C3F8282C4020C3F82C8CC3
:104A2000FFF700F80646454AD2F81039002BFBD1B3
:104A3000424AD2F8203C002BFBD123685BB1013BFA
:104A4000012B18D8D2F85C366362D2F8583623624C
:104A5000D2F85436E361394BD3F85026A261D3F82B
:104A60004C266261D3F848262261D3F84426E260DE
:104A7000D3F84036A360314AD2F8CC17A164D2F8FB
:104A8000D017E16400230121C2F8C417C2F88436AC
:104A9000C2F8C837D2F81039002BFBD1C2F8183849
:104AA000002E3BD1254BD3F8040A40F04000FEF71E
:104AB000B3FF0120FFF77CF860BB1F48FFF750F8F9
:104AC00010BB3046BDE8F8830423C2F8C837AAE714
:104AD00019484FF0FF314FF00109FFF739F800286E
:104AE0003FF441AF1648FEF727F90020FFF760F8C2
:104AF000064600283FF43EAF1248FEF71DF939E79D
:104B0000114E3046BDE8F8831048FEF715F93046DF
:104B1000BDE8F8830E48FEF70FF9CEE7102104F147
:104B20000800FEF7FDFFBDE70A4E3046BDE8F883FA
:104B30004FF47306C5E700BF0C10002000B0025010
:104B4000E84F0600005006000100F3004050060048
:104B5000205006000300F30098B370B4D0E902417E
:104B6000D0E9042326BA0DBA14BA19BAD0E906233B
:104B700012BAC0E904418261D0E90842C0E9026585
:104B80001BBA25BAC0E9073514BAD0E90B23816AEC
:104B900012BA09BAC0E90941C262D0E90D421BBA92
:104BA00025BAC0E90C3514BAD0E91023C16B12BA8A
:104BB00009BA1BBAC0E90E41C0E91023002070BC3D
:104BC00070474FF473007047002847D090F83C308E
:104BD000002B34D0032B10B513D02248224C22686E
:104BE000224B1268C3F8002422685268C3F80424D8
:104BF00022689268C3F808242268D268C3F80C249B
:104C000010BD016B006C184C00F0A8FB0028E6D129
:104C10002268164B1268C3F8002422685268C3F851
:104C2000042422689268C3F808242268D268C3F872
:104C30000C2400F0A1FB0028D1D1002010BD0B4BAB
:104C40000269C3F800244269C3F804248269C3F8E6
:104C50000824C269C3F80C24002070474FF4710087
:104C6000704700BF0900F100F80F002000B00250AB
:104C7000374A38B50446D2F81039002BFBD1344AF4
:104C8000D2F87034002BFBD1314AD2F8203D002BF2
:104C9000FBD12F4AD2F8203C002BFBD12C4AD2F872
:104CA000383D002BFBD12A4DD5F8383C002BFBD1E9
:104CB0004FF0FF30FEF7A2FE636BD5F8040A23F035
:104CC0000403032BE36D39D0012B0CBF20F08000CF
:104CD00020F02000FEF7A0FE1D4A0123C2F8003993
:104CE000D2F81039002BFBD1194AD2F87034002BBE
:104CF000FBD11749C2F8BC34D1F81039002BFBD1D5
:104D0000134AD2F87034002BFBD1626B22F00401FD
:104D1000032918BFA36B0E494FEA820218BF03F0A4
:104D2000010302F01C021A43C1F8C024636B072B75
:104D300004BF0123C1F87C34002038BD012B0CBF17
:104D400020F0400020F01000FEF766FEC4E700BF30
:104D500000B00250094A0A4B11680968C3F80014F0
:104D600011684968C3F8041411688968C3F8081405
:104D70001268D268C3F80C24704700BFF80F0020F7
:104D800000B002502DE9F04F85B0002900F0EC8012
:104D90009046002A00F0E8800546002800F02981AE
:104DA0009946C36D0E46002B52D1B9F5805F54D29F
:104DB00095F83C30042B00F0FF800027AD484FF001
:104DC000FF31FEF7C5FE002840F0D5800020FEF739
:104DD000EFFE002840F0D880A7480123C0F8103823
:104DE000D0F81049002CFBD16B6B032B3ADC002B65
:104DF0003BDAA24CA04AD2F81039002BFBD1002F8D
:104E000040F0D1806B6BEA6D23F00403032B9A4BC7
:104E1000D3F8040A00F09F80012A0CBF40F0800004
:104E200040F02000FEF7F8FD934B0022C3F8102855
:104E30000120FEF7BDFE002840F0B1808D48FEF74E
:104E40008FFE002840F0A480204605B0BDE8F08F1A
:104E5000012BADD1B9F5803FAAD3894C204605B0CE
:104E6000BDE8F08F063B012BC3D8AB6B012B00F2E2
:104E7000BE80EB6D012B7CD82B6E012B00F2E880FD
:104E80002846FFF7F5FE04460028B3D12846FFF771
:104E90009BFE04460028ADD16B6B072BA9D80122DD
:104EA0009A4012F08A0F40F0D58012F0440F40F083
:104EB000BA80D2079DD523F00403032B32680DD0AE
:104EC0002B6ED8F80010012B6B4B0BBFC3F8281DBD
:104ED000C3F8301DC3F82C9DC3F8349DEB6D012B36
:104EE000654B0BBFC3F8282CC3F8302CC3F82C9C9F
:104EF000C3F8349C6B6B23F00403032B00F0A280F7
:104F00002B6E012B14BF20208020FEF78BFD044662
:104F100000287FF46FAF584BD3F81049002CFBD119
:104F2000696B072914D801228A4012F08A0F40F0D9
:104F3000BB8012F0440F0BD0D3F860242A60D3F862
:104F400064246A60D3F86824AA60D3F86C34EB60F8
:104F50000123AB654EE7012A0CBF40F0400040F052
:104F60001000FEF759FD5FE7464C204605B0BDE84E
:104F7000F08F454C3EE74548FDF7DEFE0020FEF78A
:104F800017FE00283FF428AF4148FDF7D5FE23E780
:104F90004048FDF7D1FE204605B0BDE8F08F3E4801
:104FA000FDF7CAFE4AE7042385F83C30202105F1CD
:104FB0001000FEF7B5FD25E7296B286C00F0C0F95D
:104FC00098B9364F2C4C3B681B68C4F800343B68DA
:104FD0005B68C4F804343B689B68C4F808343B68D9
:104FE000DB68C4F80C34296B31B10127E6E62C4CA0
:104FF00000E74FF4710427E72B6D0193EB6C0093EE
:1050000005F1100A4FF0100BCDF808A0CDF80CB048
:10501000D5E91123286C00F0B9F9002851D10023FB
:1050200085F83C30E1E7144B2A68C3F860246A68CD
:10503000C3F86424AA68C3F86824EA68C3F86C2437
:105040006B6B38E7EB6D012B14BF102040205CE741
:10505000144CCFE6084B2A68C3F840246A68C3F8AA
:105060004424AA68C3F84824EA68C3F84C246B6B4C
:1050700021E700BF0C10002000B002500100F10039
:105080000500F1000B00F1000300F100E84F0600FD
:10509000005006004050060020500600F80F002087
:1050A0000200F1000400F100D3F840242A60D3F894
:1050B00044246A60D3F84824AA60D3F84C34EB60E7
:1050C00046E73B681B68C4F800343B685B68C4F87B
:1050D00004343B689B68C4F808343B68DB68C4F858
:1050E0000C3459465046FEF71BFD98E72DE9F04178
:1050F00009B302B30446002800F0AF801D46436B9D
:10510000072B0E461BD05DB9032B10D1836D73B9ED
:1051100000F1640345668566C56605670B6010256A
:105120002B4631462046BDE8F041FFF72BBE2F4607
:105130003846BDE8F081764F3846BDE8F081C36D52
:10514000002B40F08D80B5F5805F80F090801DB918
:10515000A36D002B40F08B806E484FF0FF31FEF7BF
:10516000F7FC002840F08F800020FEF721FD00288A
:1051700040F08580684A0123C2F81038D2F810390F
:10518000002BFBD1636B032B4FDD063B012B4ED86D
:10519000A36B012B6DD8E36D012B78D8236E012B07
:1051A00077D82046FFF764FD0746002840D1204607
:1051B000FFF70AFD074600283AD1626B072A36D866
:1051C0000123934013F08A0F40F0818013F0440FC5
:1051D0006FD1DB072BD5504B0122C3F87C24C3F8D9
:1051E000BC543168002D56D1A16D09B9C3F82425EE
:1051F000494BD3F81079002FFBD1616B072917D8E1
:1052000001228A4012F08A0F6FD112F0440F0FD0A2
:10521000D3F860242260D3F864246260D3F8682451
:10522000A260D3F86C34E36002E0002BB0DA3B4FAD
:10523000394AD2F81039002BFBD1C2F810380120BE
:10524000FEF7B6FCB8B93348FEF78AFC00283FF4F5
:105250006FAF3348FDF770FD6AE74FF4710767E7FA
:10526000012B7FF474AFB5F5803FFFF470AF2D4F85
:105270005EE72D4FDCE72D48FDF75EFDE3E72C48A8
:10528000FDF75AFD76E72B48FDF756FD6CE72A4FF0
:10529000CEE72A4FCCE7E26D012A33D0C3F8301CA9
:1052A0001020C3F8345CFEF7BDFB074600289FD0F2
:1052B000BEE7194B2268C3F860246268C3F864240F
:1052C000A268C3F86824E268C3F86C2483E7124B31
:1052D0002268C3F840246268C3F84424A268C3F873
:1052E0004824E268C3F84C2475E7D3F840242260D0
:1052F000D3F844246260D3F84824A260D3F84C3435
:10530000E36095E7C3F8281C4020C3F82C5CCAE78B
:105310000B00F1000C10002000B002500100F10061
:10532000405006000500F1000200F1002050060088
:1053300000500600E84F06000300F1000400F100F1
:1053400029B9044B002814BF1846002070470248B2
:10535000704700BF0100F7000300F70029B9044BB4
:10536000002814BF1846002070470248704700BF4D
:105370000100F7000300F700034B00200122C3F8EF
:10538000380AC3F87824704700B002502DE9F0477E
:10539000CCB00024579DDDF85881824689461646D8
:1053A000214674220EA81F460DF0CAF8802221461D
:1053B0002CA82B940DF0C4F88423B5F57F6FCDE9AC
:1053C0000A44CDE90C44059363D8FFF7C3FC05AB51
:1053D00030462BAE01930295DDE954233946009601
:1053E00000F062F800284FD103238DF813309DF8A8
:1053F00013308DF87430072300221C9010210EA862
:105400001B9301240123CDE92423CDF86890CDF826
:1054100078A026940DF12009FEF782FB102200925D
:105420000599CDF804900AAB304606AAFFF722FA98
:10543000074670B11DE00EA908EB0700FEF76CFBF4
:1054400010210EA8FEF76CFB0134AD1B3744E4B20B
:1054500024D0102D4A46059B8DF8AC4006A90EA815
:105460002E4628BF1026FFF741FE32460028E2D024
:1054700007460EA874220021FEF750FBFFF76AFCD6
:1054800038464CB0BDE8F087054F38464CB0BDE813
:10549000F087044F38464CB0BDE8F0872F46E8E768
:1054A0000E00F1000F00F1002DE9F04182B01E4620
:1054B0000A9D0023B5F57F6F01933ED8ED00B5F549
:1054C000807F174601F1FF3234BF032304233F2AB4
:1054D0000C46009331D880B366BB089A6AB3099A28
:1054E000116851B3A2191344994226D3089B01466F
:1054F0002246581CFEF710FB089B04F102081C44CE
:105500000023637026BB089B0095FF2D03EB08006A
:1055100017D92B029BB243EA1523022201A901935A
:10552000FEF7FAFA08F10203099A0020136002B0AC
:10553000BDE8F0810FB1402ECFD90A4802B0BDE8D6
:10554000F08101226946FEF7E7FA08F10103EBE773
:10555000089B324603EB08003946FEF7DDFAB044FB
:10556000D1E700BF0600008000201870704700BF20
:105570000CB430B589B005460C461C22002101A8A8
:105580000CF0DEFF02238DF806300E4B02930595DA
:1055900023462CB1B4F1004F28BF4FF00043013B2C
:1055A0001D440DAA0C99069501A8009200F00CF874
:1055B00014B1059B00221A7009B0BDE8304002B05A
:1055C000704700BF512506002DE9F04F8BB04368AE
:1055D000019383789F078246144640F10981002594
:1055E00091F80080B8F1000F00F00481B8F1250FA8
:1055F0000BD04B1C02930135019B51464046984706
:105600000028C0F2F5800299EAE791F801808B1C2E
:10561000B8F1250F0293EED0002399461F461F2FA5
:1056200039D8A8F12002102A0AD8DFE802F02B09A5
:1056300009310909092109090929092E09091F0048
:10564000A8F13002092A32D9B8F12A0F35D17806EB
:1056500054F8042B00F18180002AA7BF47F02007EF
:105660009146C2F1000947F0280701E047F0010721
:10567000029A12F8018B0292B8F1000FCFD132E0FA
:1056800047F0020747F00407F2E747F00807EFE7A3
:1056900047F01007ECE77F2F18D8A8F13002092A4D
:1056A000D2D87E0603D50A2101FB0323E0E70A21B5
:1056B00001FB092947F02007DAE7B8F12E0F05D1E1
:1056C000790600F1978047F04007D1E7B8F16C0FF9
:1056D00032D02AD8B8F1680F35D0B8F16A0F39D076
:1056E000B8F14C0F36D0002B48F02002B8BF27F09D
:1056F0004007A2F16501BCBFBFB20023022901D956
:10570000612A2CD1073424F007049A4E08344FF054
:105710000708380763D506EB080B37465F4560D1AD
:10572000AE1B3744A9EB080954E1B8F1740F9FD0C0
:10573000B8F17A0F9CD0D6E73A0648BF47F4007715
:1057400047F0800794E7FE0548BF47F4007747F429
:1057500080778DE747F420778AE7134688E7A8F13A
:105760006301122900F2CF80DFE811F01300480036
:10577000CD00CD00CD00CD004800CD00CD00CD0046
:10578000CD00CD00DF00C700CD00CD001B00CD0057
:10579000960054F8043B8DF81C304FF0010807AE1A
:1057A000B7E754F8046B744A002E08BF164617F08A
:1057B000400F14BF19464FF0FF3130460CF070FE19
:1057C0008046A6E7019B51462020984700280FDB22
:1057D000013FB845F6D34D44ED1BB9469BE74F4614
:1057E000F7E717F8010B019B51469847002895DA17
:1057F0004FF0FF3528460BB0BDE8F08F390637D59E
:10580000BA0545BF073424F0070454F8040B54F8D4
:10581000080B27F010060028B6B232DA404246F4F0
:105820008066039307AF0A2239460CF045FE7206E4
:10583000039BA0EB07074BD526F00101BB4289B2C1
:1058400040F38A80B8F1000F00F0828016F0100259
:10585000039240F083809B460E4640F2064116EAD2
:10586000010203921EBF00220BF1010B039238E0EC
:10587000FE0554F8040BCCD5B9054CBF40B200B2BC
:10588000C7E7CED17A06CCD5002BCAD127F01107B5
:10589000BEB21F469B46E0E727F01007BFB20A22C0
:1058A0003E0646D5B80545BF073424F0070454F832
:1058B000040B54F8080B002844D127F0160679068B
:1058C000B6B242D5002B40D127F01707BEB21F4613
:1058D00016F0100203924AD0B8F1000F45D107F13B
:1058E000010B31075CD4F20705D5D94575DDA9EB6D
:1058F0000B02D319CB465A464CE047F01007102252
:105900004FF07808CCE7782A06D1B8F1580F14BFC9
:1059100010224FF40472C3E7019B5146252098479B
:105920000028FFF665AF023566E608224FF0000852
:10593000B6E7F90554F8040BBDD5BE054CBFC0B29F
:1059400080B2B8E727F00607BEB2039307AF6BE754
:1059500026F01106B6B29DE70E46B9E738460E4668
:105960001F4607F1020B0746BBE73846F9E7BB467F
:1059700073E700BF0F8A0600088A0600CDE90432EB
:105980005146019B202098470028FFF631AF059A29
:10599000049B01329145F1DCA5EB0B018D18934678
:1059A000039A32B303935146019B30209847002855
:1059B000FFF61EAF039BB8F1000F10D101355E1941
:1059C000711B8F4227DB3E460DF11C0866BB2F443E
:1059D000A9EB0B093D46B94438E03B468BE70393FE
:1059E000023551464046019B98470028039BE6DA62
:1059F000FEE640F206410E42E1D016F0020F14BF5F
:105A00002B20202016F4806F039305F101055146E9
:105A100018BF2D20E7E7019B51463020984700280A
:105A200005F10105CCDAE3E6013E019B18F806001A
:105A3000514698470028C9DADAE6019B51462020F2
:105A40009847002805F10105FFF6D2AEA9EB050342
:105A5000002BF2DCD7E500BF07B51C4A20F000435D
:105A6000934206D80022002103B05DF804EB00F059
:105A7000B1B8B3F1FF4F04D303B05DF804EB00F00D
:105A800027B8694600F018F900F0030001280AD091
:105A900002280DD0A0B901990098012200F09AF8CF
:105AA00003B05DF804FB0199009800F019F8F7E7DE
:105AB00001990098012200F08DF800F10040EFE715
:105AC0000199009800F00CF8F7E700BFD80F493FA4
:105AD00008B500F057FA014808BD00BF0000C07FBC
:105AE0002DE9F04120F00045B5F1485F06468846B3
:105AF0005BD30146D2F758F84FF07C510446D2F7F9
:105B000053F82B4907462046D2F74EF82949D1F7DA
:105B100043FF2146D2F748F82749D1F73BFF2146FA
:105B2000D2F742F82549D1F737FF2146D2F73CF8A2
:105B30002349D1F72FFF2146D2F736F82149D1F773
:105B40002BFF2146D2F730F82146D2F72DF84146F7
:105B500004463046D2F728F801462046D1F71AFF0E
:105B6000194B9D4204460AD801463846D1F712FF28
:105B700001464FF07E50D1F70DFFBDE8F081134B89
:105B80009D428CBF124D05F17F4529464FF07E5056
:105B9000D1F700FF294606463846D1F7FBFE2146DD
:105BA000D1F7F8FE01463046E5E74FF07E50E4E7D6
:105BB0004ED747ADF6740F317CF29334010DD037D8
:105BC000610BB63AABAA2A3D9999993E0000483F2D
:105BD0000000903E2DE9F84320F00043B3F1485F08
:105BE00004460F46914634D30146D1F7DDFF054602
:105BF00001462046D1F7D8FF284906462846D1F766
:105C0000D3FF2749D1F7C6FE2946D1F7CDFF254955
:105C1000D1F7C2FE2946D1F7C7FF2349D1F7BAFE13
:105C20002946D1F7C1FF2149D1F7B6FE8046B9F127
:105C3000000F11D101462846D1F7B6FF1C49D1F714
:105C4000A9FE3146D1F7B0FF01462046D1F7A4FEA8
:105C500004462046BDE8F8834FF07C513846D1F722
:105C6000A3FF414681463046D1F79EFF0146484694
:105C7000D1F790FE2946D1F797FF3946D1F78AFE32
:105C80000C4905463046D1F78FFF01462846D1F72B
:105C900081FE01462046D1F77DFED9E7D3C92E2FDC
:105CA000342FD7321BEF3836010D50398988083C24
:105CB000ABAA2A3EABAA2ABE2DE9F04FA44A20F097
:105CC0000048904587B00C46814604D80023086000
:105CD0004B6000251DE09F4A90454FD820F00045BD
:105CE00000289D499D4F25F00F0524DDD1F752FE78
:105CF000BD42064611D09A49D1F74CFE01460546F1
:105D00003046D1F747FE9649D1F744FE25606060E2
:105D10000125284607B0BDE8F08F9249D1F73AFE39
:105D200091490646D1F736FE014605463046D1F781
:105D300031FE8D49E8E7D1F72FFEBD4206460FD070
:105D40008749D1F729FE014605463046D1F722FEA4
:105D50008349D1F721FE256060604FF0FF35D8E719
:105D60008049D1F719FE80490646D1F715FE014654
:105D700005463046D1F70EFE7B49EAE77B4A90455F
:105D800000F2948020F0004679493046D1F70CFFAC
:105D90004FF07C51D1F700FED2F7CCF80546D1F791
:105DA000AFFE6D498246D1F7FFFE01463046D1F77E
:105DB000F1FD6B4907465046D1F7F6FE014606460F
:105DC0003846D1F7E7FD1F2D09DC6A4A691E29F024
:105DD000004352F8212023F0FF03934207D1C0F380
:105DE000C753C3EBD853082B4FEAE85B01DC2060B4
:105DF00026E05C495046D1F7D7FE064601463846B4
:105E0000D1F7C8FD014680463846D1F7C3FD31467B
:105E1000D1F7C0FD544906465046D1F7C5FE31467C
:105E2000D1F7B8FD014606464046D1F7B3FDC0F3B1
:105E3000C753ABEB030BBBF1190F18DC20604746CF
:105E4000D4F8008038464146D1F7A4FD3146D1F759
:105E5000A1FDB9F1000F6060BFF65BAF08F100482B
:105E600000F10040C4F8008060606D4251E7424993
:105E70005046D1F799FE064601464046D1F78AFDC5
:105E8000074601464046D1F785FD3146D1F782FDF0
:105E90003A4906465046D1F787FE3146D1F77AFD9A
:105EA000064601463846D1F775FDA0E7B8F1FF4F29
:105EB00005D30146D1F76EFD6060206009E74FEA27
:105EC000E856863EA8EBC6584046D2F733F8D1F7DD
:105ED00017FE014603904046D1F75CFD4FF0874125
:105EE000D1F762FE0746D2F725F8D1F709FE014641
:105EF000049005463846D1F74DFD4FF08741D1F764
:105F000053FE00210590D1F7E3FFF0B100212846B0
:105F1000D1F7DEFF002814BF01230223184A0192A3
:105F2000022200922146324603A800F045F8B9F15A
:105F3000000F0546BFF6EDAE236803F10043236072
:105F4000636803F1004363608FE70323E6E700BF64
:105F5000D80F493FE3CB1640800FC93FD00FC93F50
:105F6000434435370044353708A3852E800F494315
:105F700084F9223F0851060000A3852E32318D247A
:105F80008851060030F000400DD0A0F50003B3F1B9
:105F9000FE4F0AD3074B421E9A4208D9A0F1FF4395
:105FA0005842584170470220704704207047032030
:105FB000704700BFFEFF7F002DE9F04FDBB002927B
:105FC0000493649AB44B059053F822300193049BD8
:105FD0000091013B0393029B1A1DC0F29980DC1EC5
:105FE00048BF1C1DE410671CFB000693029B039A2C
:105FF000A3EBC707019B03EB0209659BA4EB020817
:106000001EAE03EB880A00254FF0000B4D4540F310
:106010008180049A1EAB03EB82050DF58C7B4FF05B
:1060200000090023019A914540F39C8013460AAA77
:1060300002EB83030893659B03EB8403019C0793A6
:106040005AAB03EB84030DF1280853F850BC4646C5
:1060500025464FF087490DF58C7A002D00F3878097
:106060003946584600F056FA4FF078510546D1F7B8
:106070009BFD00F09BFA4FF08241D1F795FD014660
:106080002846D1F787FC0546D1F754FF0646D1F7DD
:1060900037FD01462846D1F77DFC002F814640F3AD
:1060A0008380621E0AABC7F1080153F8225045FAFB
:1060B00001F31E448B40ED1A0AAB43F82250C7F19E
:1060C00007031D41002D7CDD0022013692469442DB
:1060D00000F3AD80002F05DD012F00F0C580022FF9
:1060E00000F0CC80022D6CD149464FF07E50D1F7A4
:1060F00051FC8146BAF1000F63D039464FF07E5013
:1061000000F008FA01464846D1F744FC814658E0C1
:10611000002468E718EB050F07D45AF82500D1F7DB
:10612000EFFC46F8040B013570E75846F9E7079392
:10613000059BDAF8001053F82800D1F735FD014629
:106140003046D1F729FC079B064608F10108039A5F
:106150009045AAF1040AEADD4BF8046B09F1010944
:1061600004355FE7AA461E464FF00008EFE74FF000
:106170006E515846D1F718FDD1F7DCFED1F7C0FCBF
:1061800049460990D1F710FD01465846D1F702FC67
:10619000D1F7D0FE013D46F8040B5AF825100998B6
:1061A000D1F7FAFB834658E705D1631E0AAA52F8D5
:1061B0002350ED1186E74FF07C51D1F7A7FE05463D
:1061C00098BB00214846D1F783FE002800F09E804E
:1061D000631E002201998B4257DA002A00F0848066
:1061E000013C0AAB083F53F82430002BF8D0394665
:1061F0004FF07E5000F08EF9A24607460DF58C78E0
:106200004FF06E59BAF1000F80F2AE80274600229F
:10621000002FC0F2D88046A9204B01EB870B904697
:106220004FF0000AA4EB0709C1E002254CE7414604
:1062300051F8043BBAF1000F0AD173B10132C3F532
:106240008073944241F8043C0BDD0B6808F10801AF
:10625000C3F1FF0341F8043C0123013288469A460A
:1062600035E74FF0010A35E7621E0AAB53F82230DA
:1062700003F07F030AA941F8223033E7621E0AAB1C
:1062800053F8223003F03F03F4E70AA951F8231032
:10629000013B0A439EE700BFCC540600A054060011
:1062A000013352F8041D0029FAD0049A1EA9A2183D
:1062B000661C01EB82051C440DF58C79B442FFF697
:1062C000BFAE079B53F82600D1F71AFCAB462860F7
:1062D0004FF0000A4FF00008039B9A4507DD49F88C
:1062E000268004350136E9E7089A0123D9E7059BA2
:1062F0005BF8040953F82A10D1F756FC01464046D2
:10630000D1F74AFB0AF1010A8046E5E7069B029AAB
:106310004846991A00F0FEF84FF087418046D1F7C1
:10632000F5FDF8B14FF06E514046D1F73DFCD1F785
:1063300001FED1F7E5FB4FF087418146D1F734FCF0
:1063400001464046D1F726FBD1F7F4FD0AAB0837EA
:1063500043F8240001344846D1F7ECFD0AAB43F87A
:10636000240044E74046F7E70AAB53F82A00D1F788
:10637000C7FB3946D1F718FC494648F82A00384689
:10638000D1F712FC0AF1FF3A07463BE753F8040B3A
:106390005BF8041B03920293D1F706FC01464046CA
:1063A000D1F7FAFADDE9023280460AF1010A0199D1
:1063B0008A4501DCD145E9DA5AAB03EB8909013F93
:1063C00049F8A08C24E7649B022B07DC002B4EDCF1
:1063D0002ED006F007005BB0BDE8F08F649B032B66
:1063E000F7D10DF1C80B0BEB8407B846A246BAF102
:1063F000000F49DCA146B9F1010F60DC0020012C3F
:1064000076DC329A339B002D78D100990A604B607C
:106410000A469060DDE757F82410D1F7BDFA013C39
:10642000002CF8DA0DB100F10040009B1860D0E7B5
:10643000002032AFF4E757F82810D1F7ADFA08F191
:10644000FF38B8F1000FF6DAADB100F10043009A61
:10645000014613603298D1F79DFA4FF00108444588
:106460000BDA0DB100F10040009B5860B1E7A04687
:10647000002032AFE5E70346E9E757F8041FD1F7FC
:106480008BFA08F10108EAE7D8F8003058F8042C34
:106490000293194610460192D1F77EFA019A0146FD
:1064A00081461046D1F776FA029B1946D1F774FA65
:1064B00048F804090AF1FF3AC8F8009097E757F83E
:1064C000043CD7F800A0019351461846D1F764FA6E
:1064D000019B014680461846D1F75CFA5146D1F738
:1064E0005BFA47F8040909F1FF39C7F8008082E731
:1064F0005BF82410D1F750FA013C80E7009902F1D3
:10650000004203F100430A604B600A4600F100407C
:106510007FE700BF38B5C0F3C7540D46034620F0EF
:10652000004184B941B34FF09841D1F73DFB1A4B7C
:10653000C0F3C7549D42A4F1190406DABDE83840FF
:10654000C00F0CF00DB8FF2C08D04CF250339D4218
:1065500009DDBDE83840C00F00F020B80146D1F792
:106560001BFA034608E02B19FE2BF2DC002B05DD9D
:1065700020F0FF4040EAC353184638BD13F1190F0D
:10658000DCDB193320F0FF404FF04C5140EAC350A0
:10659000D1F70AFBE5E700BFB03CFFFF10B94FF0B1
:1065A000FF40704700487047000080FF38B5C0F3D7
:1065B000C7537F3B162B014620F0004519DC002B0A
:1065C000024608DA00281BDA002D0E4908BF4FF0FA
:1065D0000041084638BD0C4818410842F9D000294E
:1065E000BEBF4FF4000141FA03F3D21822EA0001C2
:1065F000EFE7B5F1FF4FECD3D1F7CEF90146E8E76D
:106600000021E6E7000080BFFFFF7F0037B50346AB
:1066100000681C790569836801A95B68984740B9DF
:10662000019B2A685A400123A3401A4214BF01204B
:10663000002003B030BD4FF4C861E2F7DBBDE2F7E4
:10664000E9BC014640F2E73008B54FF47A72002306
:1066500000EBC1304914D1F703FDBDE80840FBF75A
:1066600079BC7047012070477047704710B586B0FD
:10667000062405940424029405AC0194BDF820403E
:10668000009407F0DFFB06B010BD10B586B01424EF
:106690008DF814400124029405AC0194BDF820400B
:1066A000009407F0CFFB06B010BD1FB50024CDE964
:1066B0000144BDF81840009407F0C4FB04B010BDBD
:1066C000F0B587B004460F461646002118226846EA
:1066D0001D460BF035FF69462046CDE90176ADF841
:1066E0000C50F1F7A3F907B0F0BD012B13B51C4610
:1066F00009D11378062B13D14FF08043A822C3F899
:106700001C25E2F717FA022B0AD11378012B07D1C7
:1067100010228DF807200DF10702FFF7D1FFEBE7FC
:10672000204602B010BD70477047F0B403460068C1
:106730001979DB88066987683468DA0754BF43F43F
:10674000B01383F4D01301258D4023F48012DB07AE
:106750004CBF2C43AC4334603B68F0BC1847034645
:106760000A4600681979012303FA01F103691B68DD
:10677000194218BF82F0010212B18368DB68184722
:1067800083681B69FBE7012303FA01F103691B68B6
:10679000194218BF82F0010212B18368DB68184702
:1067A00083681B69FBE700230380837070476429BB
:1067B000837828BF6421090253B9012301808370C3
:1067C00000888030000A642828BF6420C0B2704767
:1067D000038803EB430302330B449B080380EFE77A
:1067E000F0B403460A461979DB8800681343DC02DB
:1067F0008768066906D513F4402F03D0DA0748BF2F
:1068000083F44023346801258D4023F48012DB0794
:106810004CBF2C43AC4334603B68F0BC1847704716
:1068200010B586B0012405940424029405AC0194AB
:10683000BDF82040009407F005FB06B010BD0A46E5
:10684000836801211B6918470020E2F7FDBF01465C
:1068500040F2E73008B54FF47A72002300EBC13004
:106860004914D1F7FDFBBDE80840FBF773BB632873
:1068700010B5044623D80E200BF0C2FD75224270DD
:10688000642282706922C2706F2202712F226123FA
:1068900042710A2203708371B4FBF2F302FB1344CA
:1068A00003F130012E234372742330348372782233
:1068B00003730023C1710472C272437310BD0020C0
:1068C000FCE710B5FFF7D3FF044630B10BF091FDA4
:1068D0002046E3F7EDF8002010BD4FF0FF30FBE756
:1068E000F0B587B004460F461646002118226846C8
:1068F0001D460BF025FE69462046CDE90176ADF830
:106900000C50F1F793F807B0F0BD014640F2E730C4
:1069100008B54FF47A72002300EBC1304914D1F767
:106920009FFBBDE80840FBF715BB70B5044600208F
:106930000346934200DB70BD34F8135031F8136006
:1069400015FB06000133F4E708B5031E03DBBDE8C1
:106950000840E3F747BC5842E3F744FC404208BD17
:106960002DE9F0419046DDE90626104453F8224017
:1069700053F82050A5422B46B8BF2346002B0F46A4
:1069800025DDB3FA83F3C3F11F039BB2A3F10D021C
:10699000002A1DDD144145FA02F224B215B214FB9F
:1069A00004F3013315FB05F0184402F071FB0130CC
:1069B00000B2A403AD0394FBF0F495FBF0F524B210
:1069C0002DB2023F0022B24209DBBDE8F081002374
:1069D000C3F10D039C409D4024B22DB2DFE737F890
:1069E000021F38F8123014FB01F115FB03139B133F
:1069F0003B800132E7E770B5049C054600209842D1
:106A000003DA31F91060AE420FDDA0420FDCA04284
:106A10000ADA04F10043013B31F9131032F9133063
:106A2000CB1A9D42C8BF204670BD0130E7E731F95F
:106A3000143032F9146033449D42E8DA2046F3E71B
:106A40004FF4805300FB0030421310B540F34F3039
:106A50004FF480444FF68E5110FB014142F2550332
:106A600003EBE1339BB243432344DB13A3F5EF5322
:106A7000033B10FB0340C2F5004303EBE03000B2E0
:106A800010BDB0FA80FCF0B5ACF11103B1FA81F49D
:106A90004FF4804698404FF2DB57A4F11103994020
:106AA00041F6FC6210FB07630DB202EBE33311FB0E
:106AB00007610FFA80FE02EBE1329BB20EFB03F39B
:106AC000A4EB0C0092B233446A43C00200EBE33003
:106AD0003244A0EBE230F0BD2DE9F04F87B0CDE9B4
:106AE000011205938369119A0393436A4FF00008DA
:106AF0009340054604934746019BDDF80C9003EB59
:106B0000880A0026059B9E4208DB049B9844109B44
:106B100001379F42F0DB07B0BDE8F08FB9F90010F4
:106B2000119B39F9020F01FA03F2411A9940019BB6
:106B300008EB020C03EB8C0C00239E461C46A14282
:106B400025DC5C427445B8BF7446002C43D0296BE9
:106B5000119B31F91610B4FA84F403EBE101013111
:106B6000C4F1110404EB6104002C00FA03F14FF0AE
:106B7000000016DD5AF8223001328A4243FA04F34B
:106B800013FB0300F6DB02F083FAA0401AE05CF886
:106B900004BBDE45B8BFDE465B45A8BF5B4601349B
:106BA000CDE7C4F1000B5AF8223001328A4203FAD1
:106BB0000BF313FB0300F6DB002CE4D002F068FAC1
:106BC00040FA0BF0AB68029A03FB0763013042F80E
:106BD0002300013696E7AB68029A03FB07630121A5
:106BE00042F82310F5E72DE9F04F87B0CDE90323F4
:106BF0008369129A0093436A002553430646019322
:106C0000A84601EB85030293039BDDF800A003EB8C
:106C1000450B4FF00009B368049A03FB089352F840
:106C2000230000283BDDB0FA80F4C4F11F04A4B2B5
:106C3000A4F10D07002F35DD384100B2C0000591E9
:106C400002F062FABAF90020129B3AF902CF0599D4
:106C500000B25A4303FB0CFCC7F1010E0E3C029B31
:106C600053F82230012FCCBF234103FA0EF31BB29D
:106C700013FB00F3DB132BF8123001329445EEDCEA
:106C8000109B09F101099945C5DB019B1D44119B2E
:106C900008F101089845B4DB07B0BDE8F08F6FF04C
:106CA0000C070024C4F10D039840C6E72DE9F04F0E
:106CB00089B092460593159A83690293039133F93B
:106CC00012301599029A02EB4102064632F9022C63
:106CD0009B1A179A5343082B40F3AE800025436A52
:106CE000CDE90055534304932C46AB46029A00234A
:106CF00015998B4245DB049B1D44169B0BF1010B40
:106D00009B45F3DB149BDBB154B1B168159BC1F11A
:106D100004011944169B20465943E3F763FA0446DD
:106D2000129B1B681C44129B64101C60139B1B6805
:106D3000022B78D10434162C79DD0223139A1360C8
:106D4000DDE90001E3F74EFADAF800301844059B5C
:106D50004010CAF80000C3F1030300EB400000EB51
:106D6000C3134233B3F5A07F4FEAA30066DBFF28CD
:106D700066DDB0F5C07FACBF0020012009B0BDE8E2
:106D8000F08FB2F900C032F9021F1798A1EB0C0185
:106D90004143082945DD00FB0C5C03984FF00009D6
:106DA00000EB4C0E8C4400EB4C0CC8464F463EF9B1
:106DB000020B10FB00F0C01310FB01F0B0F5006FE8
:106DC0000ADAB0F5007F07F1010705DA7F2808F13C
:106DD0000108D8BF09F10109F445E8D1B0680338CA
:106DE000984209DC07EB08004001CDE90632E3F7E1
:106DF000F9F9DDE906320444B1EB490FD4BF0120B3
:106E000000204FEA48088845A8BF01307F008F4224
:106E1000A8BF0130009901EB0021009101990131D7
:106E20000191013364E7002B85D1043C83E7122CE8
:106E3000CCBF0123002381E700209FE703209DE7CB
:106E400002209BE72DE9F04149104FEA820E00260F
:106E500045F6822C96421DDA00EB4604002715E029
:106E6000238834F812801CFB03F31CFB08F803EBA7
:106E70000805A3EB080305F5804503F58043ED13F2
:106E8000DB132580013724F8123074448F42E7DB8E
:106E90000136DFE7BDE8F0812DE9F04FADF2D46DAA
:106EA00008AF3B618B697B66D7F8DC36BA66D7F8EA
:106EB0000C67D7F8EC26396653B1002840F0D38030
:106EC0000223C7F88430B8670123C7F890300AE07E
:106ED000B0FA80F35B09C7F890300123C7F884301B
:106EE000D7F8DC36BB67012302B1B340FB66BB6E4B
:106EF000796E5B00BB63D7E9193203EB42037B6316
:106F00007B6E33F91230B340FB673B6E9B6803F135
:106F10000043013B5A0031F91340FB6F04FA06F1BC
:106F2000CD1AD7F884306B435B00073323F0070397
:106F3000ADEB030D08ABC7F89C3003EB45037B6555
:106F4000002800F0AB80D7F89030002B00F0A6802E
:106F50007B6E1A44B2F902301B1BB3405B00DA1D92
:106F600022F00702ADEB020D08AAC7F898200733FC
:106F700023F00703ADEB030D08AAADEB030DFA6593
:106F800008AAADEB030DBA6508AAADEB030D7A6252
:106F900008AAADEB030D08ABFB61D7F8E436C7F8E0
:106FA0002431D7F80837C7F81C31D7F8F836C7F8B6
:106FB00010313B6EC7F80831D7F81437C7F8000115
:106FC0001B68C7F82831D7F8F036C7F81431D7F85E
:106FD0001C37C7F82C31D7F82037C7F83431D7F829
:106FE0009030C7F80431FB6ED7F884003A62012470
:106FF000012B04FA03F5BB6E00FB03F3D7F8E006A0
:1070000018443864B86E4FF000012044C7F83011BE
:107010007860D7F88400C7F894100344D7F8E006E6
:1070200003447B64B86ED7F8E83603EB8003FB6457
:107030007B6BC7F88C303B6903F1FF33D4BF002270
:107040000122013D80467B673B69C7F8382198459E
:107050002CDBD7F82831D7F8142707F2B467136070
:10706000BD46BDE8F08FD7F8F4364BB9D7F81837DE
:10707000072B0ADD0223C7F884300123BB6724E70E
:107080000223C7F884300023F8E7D7F8F436BB674B
:10709000C7F890300223C7F8843024E7D7F8D836F1
:1070A00003EB4103C7F89830002360E7D7F88C3032
:1070B000C7F80C81B3F90030D7F8DC26B3404FEAAB
:1070C000430A002A00F0888002EB0A09D7F88C20D6
:1070D000D7F80807B2F90220B240D31AC7F88830AF
:1070E000E7F7B6F9BB6E386598451FBFD7F8043788
:1070F00002469B1AC7F804373A6DD7F80037A3EB5E
:10710000020B0BF1FF33C7F82031D7F81037984541
:1071100065DAA3EB08010329A8BF0321D7F8040708
:10712000FFF712FCFB6C1B68184443F6FF739B458A
:10713000A8BF9B465845A8BF584620EAE0733B6766
:10714000D7F89030B3B1D7F88C30D7F88820B3F99E
:107150000030B3409B1A7A6BB2F90020B2409342E0
:1071600008DB002C3DD1D7F89430002B08BF4346F4
:10717000C7F894303A6ED7F8FC36D26853F8283006
:10718000C7F8183142452FDDD7F8D8265244C7F842
:1071900080207A6F424540F08E80BA6F002A3FD13E
:1071A000D7F89420002A40F0E880D7F8F43653B39B
:1071B0007B6FD7F8F826934240F0FE80D7F89030E6
:1071C000002B40F09283B9F1000F40F0B183C7F873
:1071D0009890AA462A463CE0D7F8DC9676E700234A
:1071E000ADE7C7F89480C5E7D7F89C20C7F88020A2
:1071F0000022D7F8DC16C7F89820D7F89C20002981
:1072000018BF9146C5E7B9F1000F40F0C683BB6FC8
:10721000C7F89830AA462A464FF00009002326E016
:10722000D7F89420002A4AD1D7F8F436002B36D06C
:107230007B6FD7F8F826934240F0C280D7F89030A1
:10724000002B40F05B83AA462A46B9F1000F40F0BC
:10725000B0807B6F4345E1D0D7F88C30F96FB3F93C
:107260000030B3405B1AD7F89C1001EB430342EAAD
:107270000A020692D7F89820059247F6FF72CDE9E8
:107280000332CDE90196FB6E00933B6FD7F888205F
:10729000D7F8801007F58070E3F7CCFC7BE3B9F1F9
:1072A000000FB7D0D7F8F8369845AA462A46C0F25C
:1072B0003583002448E3D7F89420002A61D0D7F81A
:1072C000F026032A04D1FA6E012A01DC002B58DAD9
:1072D0007B6ED7F8942033F91240FB6FB440E41A68
:1072E000D7F88830E41AFB6F24EAE474114623448B
:1072F0007A6E013932F91120B2409A42F8DCD7F89F
:107300009420501ED7F8882013447A6E84460130AA
:1073100032F91020B2409A42F7DBD7F88430D7F820
:10732000E0264B43D018D7F884201344D7F8E02642
:107330004FF0000A1344524690F800E0D7F884B0AA
:1073400042EA0E0213F801EC8C454AEA0E0A584450
:107350005B4401F10101EFDCD7F8F436002B00F0BB
:107360002B83D7F8F836984500F0BD803B6FD7F8EF
:107370009C105B1001EB440C2AE0BA6FC7F8982010
:107380009DE7D7F8F436002B00F0A280D7F8F83646
:10739000984515D1D7F89030002B40F0AF82B9F165
:1073A000000F3FF416AFBB6F002B00F09980AA4688
:1073B0002A46D7F89040C7E2D7F89430C7F89830FB
:1073C0003B6F2A465B10AA464FF0FF344FF0000C8B
:1073D000796F41451FBFD7F88C10F86FB1F90010D5
:1073E000B1401CBF091AD7F89C000692D7F8982024
:1073F000059214BF00EB4101002147F6FF72CDE971
:107400000312CDE901C6FA6E0092D7F88010D7F8C2
:107410008820BB6407F58070E3F70CFC8346601C92
:1074200018BF7A6DBB6C18BF02EB44047A6F08BFBB
:10743000002442451FBFD7F88C20F96FB2F9002015
:10744000B2401CBF521A796DCDF818A018BF01EBDD
:107450004202D7F89810059108BF002247F6FF7145
:10746000CDE90321CDE90146FA6E0092D7F88820D4
:10747000494607F58070E3F7DDFB3B6CFA6C83F857
:1074800000B07B6C03F8010C52F8043BFA643A6DCF
:107490001344D7F804271A44C7F804273B6FD7F8DA
:1074A0008820B3EBC20FD7F884203B6C13443B64B5
:1074B0007B6C13447B64D7F88C3003F10203CCBFA0
:1074C0000124002408F10108C7F88C300022BBE534
:1074D000B9F1000F3FF47DAEBB6F002B7FF4E2AE3D
:1074E000AA462A46E5E6D7F89030002B00F06C82D9
:1074F000D7F89C300021A3F1020ED7F88C30F86F3A
:10750000B3F90030B3401B1A8B4200F3FC81B9F190
:10751000000F00F04982BB6F002B00F00E82D7F8FD
:10752000F836984580F20982D7F8E436D7F8E406B1
:1075300053F828103B6E9B6843444FF0030C50F8FF
:10754000230081420B46A8BF034693FBFCF318447B
:10755000194481420B46B8BF03460133B3FA83F3A3
:10756000C3F11103002B40F3DC81194109B240FA49
:1075700003F3F9631BB2D7F808E7BB6442EA0A03D6
:10758000BB61BEE80F0007F1A00CACE80F00BEE83D
:107590000F00ACE80F009EE80F008CE80F00D7F852
:1075A00008371B683B63D7F808375B68BB62D7F8BE
:1075B000083707F5807ED3F818B0BEE80F0007F54E
:1075C0009E7CACE80F00BEE80F00ACE80F00BEE800
:1075D0000F00ACE80F009EE807008CE80700D7F822
:1075E0008830D7F88010F86D4FEA430A52460AF007
:1075F0007FFF52464946B86D0AF07AFF4FF0FF33DD
:107600009C42C7F830311CBFD7F89C3003EB4404D0
:107610007B6F08BF002443451FBFD7F88C30FA6F3B
:10762000B3F90030B3401EBF9B1AD7F89C2002EB81
:107630004303BA690692D7F8982008BF0023CDE922
:107640000432CDE90246FB6E01933B6F0093D7F8FD
:107650008830D7F880104A4607F58070E3F7ECFBD6
:10766000D7F88820D7F88010F860F86DFFF75DF93B
:10767000FB6B30FB03F34946B86DFB62FFF755F92E
:10768000BB6C30FB03F0FB6AD7F808E75B0003EB49
:107690004003BB60BEE80F0007F1D00CACE80F0060
:1076A000BEE80F00ACE80F009EE80F008CE80F006A
:1076B00007F5807CBCE80F0007F5BC7EAEE80F0044
:1076C000BCE80F00AEE80F00BCE80F00AEE80F000A
:1076D0009CE807008EE80700D7F88010786A5246C9
:1076E0000AF006FF386A524649460AF001FF7B6FEE
:1076F00043450ED0D7F88C30F869B3F90010FB6F12
:10770000B140C91AD7F89C30524603EB41010AF048
:10771000EFFE3B6B5B447B61BB6A7969A3EB0B03B8
:10772000FB62FA6A40F2FB4307F5DA700AF06DFE7D
:107730003B6BC7F8A030BB6AC7F8A43007F1A00CB8
:10774000BCE80F00D7F808E7C7F8B8B0AEE80F00FC
:10775000BCE80F00AEE80F009CE80F008EE80F00B9
:1077600007F59E7EBEE80F0007F5807CACE80F00B1
:10777000BEE80F00ACE80F00BEE80F00ACE80F0059
:107780009EE807008CE80700F96DD7F880005246A4
:107790000AF0AEFEB96D524648460AF0A9FE7B6873
:1077A000984519D13B6EB86B9969BB6B085ECA18D6
:1077B000B2F90230B2F90410181AC91AB040D7F859
:1077C0009C30B1400A1AC1EB4001520003EB410169
:1077D00003EB40000AF08CFE0123C7F830317B6FC9
:1077E00043451FBFD7F88C30FA6FB3F90030B34070
:1077F0001EBF9B1AD7F89C2002EB4303BA6906927E
:10780000D7F8982008BF0023CDE90432CDE902461D
:10781000FB6E01933B6F0093D7F88830D7F8801048
:107820004A4607F58070E3F707FBD7F88820D7F8BA
:1078300080108346F86DFFF778F8FB6B30FB03F49C
:107840004946B86DFFF771F8BB6C30FB03F0BB68BD
:107850002044B3EB400F43DB07F1D00CBCE80F0032
:10786000D7F808470FC4BCE80F000FC49CE80F000E
:1078700007F5BC7C84E80F00BCE80F0007F58074B6
:107880000FC4BCE80F000FC4BCE80F000FC49CE895
:10789000070084E80700796AD7F8800052460AF0AA
:1078A00027FE396A524648460AF022FE7B6F43455E
:1078B0000ED0D7F88C30F969B3F90000FB6FB040F7
:1078C000C01AD7F89C30524603EB40000AF010FE75
:1078D000FA6A786907F5DA710AF00AFED7F80CB08F
:1078E00000235846C7F8F436C7E5D7F89430C7F8F0
:1078F00098302A46AA464FF0FF34F9E52A46AA46B0
:107900004FF0FF34F4E5786D3EF9023F30F911C0D5
:1079100063445B10AEF800300131EEE54FF0FF3408
:1079200002E65B42994009B29840F96303B222E64D
:10793000D7F89030C7F89830D2E5611C3FF4B9AC65
:10794000D7F89C3003EB4404796F00234145C7F816
:1079500030310AD0D7F88C30F96FB3F90030B3402A
:107960005B1AD7F89C1001EB430342EA0A02069225
:10797000D7F89820CDE90246CDE90432FB6E019399
:107980003B6F0093D7F88830D7F880104A4607F548
:107990008070E3F751FA8346A2E7D7F89430C7F82E
:1079A0009830AA462A4684E4631C3FF452ACD7F8C8
:1079B0009C3003EB44094CE4B9F1000FF7D0BB6FE6
:1079C000002B7FF4ACADBBE7B9F1000F7FF4A3ADA2
:1079D000EDE7B0F57A5F14D009DCB0F5FA5F12D0AC
:1079E00042F6E063C21A504250418000704745F6AB
:1079F000C053984209D04BF68033C31A58425841BD
:107A00007047032070470620704702207047F0B58A
:107A10005F1E07EB420700258668AE4200DCF0BD22
:107A2000D0F818C0046E06FB07440CEB4506645DF5
:107A30003CF915C0B6F902604034A6EB0C065C4375
:107A400096407443A41041F825400135E4E7002333
:107A500030B51A46044618468A4204DB5B42984217
:107A6000B8BF184630BD34F91250A842B8BF2846F6
:107A7000AB42A8BF2B460132EEE742688B023B3394
:107A800002FB01338268514303EB410080007047E1
:107A900070B5002425468D4205DB600012FB03F221
:107AA00030FB024070BD30F91560002EB8BF764241
:107AB00014FA86F40135EEE7C3694069B3FA83F33B
:107AC000C3F12003C01A70472DE9F04F8FB09B46D9
:107AD0000A9242680792C2691A9B456A0592074654
:107AE0000E4619B99D40D31A05930126079B05FB45
:107AF00006FA534400240893AB000993A146A0461C
:107B000007F138000A9B03EB890100230BEB840289
:107B10000693069B9E420FDC089B9944199B08F133
:107B2000010898455444EDDB022B1CD01B9B012B14
:107B30002FD10FB0BDE8F08F1C9B0B90CDE90263F5
:107B4000059B0193079B00937B6BCDE90C1201F021
:107B50001BFB069B0C990D9A0B9801330693099B0E
:107B600004321944D5E7189B012BDFD106FB05F33E
:107B7000ABF104000BEB8A0400218B42D6DD54F8F4
:107B8000042B50F8045F521002EB650202600131D1
:107B9000F3E71B9B9AFBF3F60024AAEB06084FEAD7
:107BA00088084FEA8A090BEB860325460BEB840015
:107BB0000022B2420CDB4246184600210AF0C0FC0B
:107BC000189A01350346AA424B445444EEDCB0E710
:107BD00001681B9F794340F8041B0132E9E72DE956
:107BE000F04F9DB008AFC7E90C320368D7F878B002
:107BF000D3F804A0FB623B6BF9630BF580656B4324
:107C00009B00073323F00703ADEB030D08ABBB6408
:107C1000AA0003EB8503FB64A2F58053BB620AEB69
:107C20000B03FB609E004FEA8A030446BB6101EB35
:107C30008A094FF0000807F14803796B53F82830A0
:107C400001EB083118464FF480520AF051FC4946C6
:107C5000BA6A00F580500AF04BFC3B6B08F1010852
:107C60004345B144E7DCD7F88C30002B5FD025F0DA
:107C70000103073323F00703ADEB030DA36C00935F
:107C800008AE2A463B6B314607F1480001F0D1FFB0
:107C900007F14405A36C01935A4640F2D3333146B1
:107CA0000DF58460009502F0D2F87B6CC3F580631B
:107CB0007B64A36C0393B4F96C300293A36E0F2220
:107CC000CDE900534FF480615B463046E8F7CCF8CD
:107CD0007A6C40F2FE339A42C8BF7B6445F69A1331
:107CE00013FB00F0A36B022B40F3CF3002DD042B1B
:107CF00019DC4010796CA36ECA1A002AB8BF524230
:107D00000A235A4341F69A1543F234339142A8BFED
:107D10002B46D7F89020182A0DDC03F6CD4303F646
:107D2000CD431BB20BE0082B03DC8010E2E70F23EE
:107D30007B640020DEE7D7F89020222AEFDDB4F93B
:107D40006C5043F2333295420ADD44F266629BB2D4
:107D50009542CABFA3F5CC53A3F6CD431A3B1BB241
:107D600041F69A129342B8BF1346834200F3C18092
:107D7000431B03F6CC4341F69812934288BF054655
:107D800005F5C0650323AD12B5FBF3F5013D072DE5
:107D9000A8BF07256B1C03EB43039B021BB27B624E
:107DA00001237B61CBF580639B003B6104F1EC0315
:107DB000BB607B6A5B421BB200267B60FB6ABA68D1
:107DC0005B6A3B62A3EB0A03BB63A36E0F2BB8BFD6
:107DD0000F23A366FB6803FB06F806FB0AF302EB1E
:107DE0008303FB611946FB6BBA6903EB88000AF059
:107DF0007FFBBB6B13B307F15002B4F86C30D4F8BF
:107E000070C002EB86025B4252F8081CA26C07921B
:107E10001BB20022CDE90522CDE903CCCDE9013327
:107E2000BB6B0093A36ED7F83CC008EB0A001A4660
:107E300001F580510CEB8000E3F7C0FA07F1500325
:107E400003EB8609BB6B59F8081C386A03F5806C94
:107E5000A36CCDE906A3FB6A5B6B0593FB6F0493F0
:107E6000236F03937B680293B4F86C305B421BB2C0
:107E70000193BB6BABEB0303009301EB8C01D7F8D1
:107E80003CC07B6CA26E40440CEB8000E3F796FA9A
:107E9000FB6BBA69F8690BEB080103EB81010AF08F
:107EA00027FB7B6BBBF5806F03EB063025DD59F8B4
:107EB000081CBB6A4FF4805219440AF019FB002ECB
:107EC0003A6B0CBF012302239A424FF001063FF7A1
:107ED00075AFD7F884307A6A1A80D7F880307A6C18
:107EE00078691A60D7F8883054371D60BD46BDE800
:107EF000F08F00257D617D6254E77B6B3A690BEB67
:107F0000862103EB81014FEA86280AF0FFFA59F82F
:107F1000081C7B6BBA6A08F58060A0EB0B0001F5CA
:107F2000805103EB8000C8E710B54FF47071044630
:107F300000224BF68030E6F76BFB2146BDE810408F
:107F4000FFF79BBD2DE9F84F0D46DDE90A81044698
:107F5000B1F900B00C98B1F90210066817464FEA63
:107F600043090D9AF1B9B8F1010F13D1002A32D1AA
:107F7000BA4203DB0C9B1E60BDE8F88FB4F90030F9
:107F8000C6EB033645F822601BFB03F30132DE101B
:107F90004C44EDE797FBF8FABA00002128460AF0B6
:107FA000CFFA04E0B8F1010F97FBF8FAF4D14FEAE9
:107FB00088082946002252450FDB043D0022BA42C0
:107FC000D8DA35F9043FC6EB03362E601BFB03F30A
:107FD0000132DE10F3E7BA46E9E7B4F900000860C1
:107FE00001324C444144E6E72DE9F0411546044690
:107FF0000F4600224FF470714BF680309846E6F73A
:1080000007FB022D06462CD874B368B32946FFF748
:1080100034FD0021024620460AF092FA0122C4E90A
:108020000065A5600025C4E90725F36863624FF089
:10803000FF33C4E90A350523A36118232263626371
:108040002261E36340F6BC71C4F84880E5602046D5
:10805000E5F75AFF3846FFF7BCFCE0612846BDE86B
:10806000F0814FF0FF30FAE76FF00600F7E72DE9F7
:10807000F04F9BB00C6801900E46174660239200AB
:10808000002102A80AF0D4F9002C48D0B2460DF124
:1080900008094FF00008B84541DA514602AD00200A
:1080A00009E055F8043B51F8042983FB0232DB0F49
:1080B00043EA42031844B142F3D15AF8043F00EBBB
:1080C000E3002146C000E6F76BFA4042C31008F116
:1080D0000108C9F800304FEA6803009349460DF1E2
:1080E000080E4FF0000C009B6345A1F104011DD167
:1080F00080FB0003C00F40EA4300DA17E317434355
:1081000004FB0233A0FB04021344C00F40EA430007
:108110003368241AB4EBA32F09F10409BBDA02A9CE
:108120000022BA4217DB1BB0BDE8F08F0A68DEF808
:10813000003082FB005BED0F45EA4B051D444EF815
:10814000045B83FB0035DB0F43EA45031A440A60F6
:108150000CF1010CC7E751F8043B019803F500430B
:108160001B1420F812300132DBE72DE9F04F85B007
:1081700002AFD7E90CA54FEA45087A6008F107027B
:1081800022F00702ADEB020D04460E46A5EB0A0BEA
:108190000DF108093B606BB125EAE572520001461A
:1081A00048460AF0A5F93B6800229A42A8F1020865
:1081B00048DB4C46EB0115F0010203F1010305D049
:1081C000B4F9001011FB01F103EB6123A01CAA42DA
:1081D0004BDBB3FA83F3C3F10B03012B1FFA83F8D4
:1081E0005ADD4FEA6808012202FA08F25210002311
:1081F000AB4248DB4C46BB6B01930AF10103009391
:1082000032465B4621462046DBF7A6FE331F7B60E5
:108210000022524543DD4FEA4800B8F1000F02D179
:108220003268013232603268B2F1805F57DAB2FAF6
:1082300082F2033A002151454BDD801A0C37BD46CE
:10824000BDE8F08F796831F9120034F8121011FB93
:1082500000F1C91329F8121034F8081011FB00F1CD
:10826000C91329F8081001329FE734F9121011FBE5
:1082700001F103EB612330F9121011FB01F102321D
:1082800003EB6123A3E734F91310114441FA08F119
:1082900029F813100133ABE74FF00008ABE76FF09C
:1082A00001000BEB020100FB024E4FF0000CA94253
:1082B00007DB786850F8041F786061440160013280
:1082C000A7E734F811903EF8110019FB00CC0131FA
:1082D000EDE753F8044F94401C600131ABE7B2F175
:1082E000005FABDBB2F1804FACBF0224012400225F
:1082F000524501DD2044A1E753F8041F21411960D4
:108300000132F5E710B5C369B3F5000F00D910BD10
:108310001B024168C361836942698B4238BF5C1CA0
:1083200002F1080238BF0168426138BF8461826A85
:1083300034BFCB5C0023836243EA0223026A6FEA04
:108340006303120252FA83F323F000430362DAE775
:1083500030B4456A046A9B1A6B43E41A046229B17B
:10836000521A6A4330BCC261FFF7CCBFC269D21A4D
:10837000F8E710B5D0E9072322FA01F18B4225BFB7
:108380005B1A511A0124002428BF0362C161FFF760
:10839000B9FF204610BDF0B5D0E903438B421BD294
:1083A00047681E468268BA423FBF01328260056854
:1083B000BA1A2CBF0022AA5CB2400836182E44EA32
:1083C0000204EFDDC3F11802182B22F0070203F1BB
:1083D0000805C8BF002253195B1A24FA01F2C0E94C
:1083E000032343690B4443614FF0FF30884024EA84
:1083F0000000F0BD2DE9F0414F1EB7FA87F5C5F139
:108400002003082B064688461CDDC5F1180527FA0F
:1084100005F808F101084146E6F734F84346421CE6
:10842000014604463046FFF793FF2946FFF7B3FFA6
:10843000AC400443A74202D20123F3623C462046EB
:10844000BDE8F081E6F71EF843460446421C0146AB
:108450003046FFF77DFFF2E7826A002A70B54FEAE7
:10846000212312DB8469856846682544B54238BFFC
:1084700005681A443EBF661C86612A55C26A34BF2D
:1084800000244FF0FF342243C262426ABAB103F1C2
:10849000FF028369846845681C44AC423FBF04689E
:1084A0005D1C8561E254C36A34BF00244FF0FF3481
:1084B0002343C362436A013B4362002BE9D1C9B243
:1084C000816270BD08B5C369B3F5000F00D908BD5E
:1084D000016AC90DFF290DD0FFF7BEFF036A1B0219
:1084E00023F000430362C3691B02C361436908337D
:1084F0004361E8E7436A01334362EFE70023016029
:108500002121C0E905134FF00041C1614FF0FF3157
:10851000C0E90233C0E90833036181624260C3628B
:10852000704770B4C569012425FA03F604FA03F311
:1085300059B1046A5B1A254406FB1355511A0562AA
:108540004E43C66170BCFFF7BDBF9B1A06FB1356B6
:10855000F7E7C36923FA02F29B1A19B1016A1944B9
:1085600001621346C361FFF7ADBF70B4C46900294F
:1085700024FA03F30EDD066A4D1E3444565D03FBF8
:1085800016440462545D525CA21A534370BCC3612A
:10859000FFF798BF525C03FB1243F7E7F0B5D0E951
:1085A00003539C18202C26D99C46D0E90174866977
:1085B0002644BE423FBF0134066884603F1B2CBF87
:1085C0004FF0FF36F555C46A38BF0026ACF1080CF1
:1085D0003443BCF1070FC4624FEA1525E5DCA3F173
:1085E0000806072B4FEAD6046FF0070707FB04F4D1
:1085F000D8BF0024A3199C18994043692943134408
:10860000C0E903144361F0BD1346013A70B5B2FAF4
:1086100082F4C4F12006082E0D4612DDC4F11804C0
:10862000E14022FA04F301334A1CE5F75BFF4FF007
:10863000FF31A140224625EA0101BDE87040FFF765
:10864000ADBFBDE870404A1CE5F74CBF38B50D46DC
:10865000D0E9011203680446891AA81A194418447B
:1086600009F054FF656038BDF7B5C169026AB1FA17
:1086700081F66FF00043F3400446D01840EA03054A
:1086800011448D4225BF013602EB530220EA030557
:1086900022EA53053746002F24DCA36A002B01DAB7
:1086A000636A1BB100212046FFF7D6FED4E90357C9
:1086B000072F26DCE16A99B9A0692368A2680193B3
:1086C000636802449A1A019B184409F039FF002F8D
:1086D00006DDD4E90131994229D34FF0FF33E3623B
:1086E00003B0F0BDE90DFF2907D02046FFF7B4FE27
:1086F0002B0223F00045083FCDE7636A0133636234
:10870000F6E7D4E90123A169194491423FBF01333F
:10871000D21A2168A36038BF8D54E36A34BF0022A7
:108720004FF0FF321343E3622D0A083FC0E7A2690E
:108730000A4493420CD8F21DD208C6EBC206B742D7
:1087400006DD0122B240013A15404FF0FF32E262ED
:10875000013B5B1A2168CA5C2A43CA54C0E72DE971
:10876000F04FC368A9B023EAE3730A910E9320A9DE
:10877000012320930390024600230D46B2F91260B4
:108780000C68B2F9100002936043012E41F8040F07
:1087900003F1010302F10402F0D1039A02EB830317
:1087A000B3F90E300193029B05EB83030493134648
:1087B000029A03EB82030D93029B93B10D9BB3F9D5
:1087C0000E3005930D9BB3F91030023B032B14D8E8
:1087D000DFE813F009008B0187002102059B01935C
:1087E000EAE70123EDE7049B1F680A9B002645F694
:1087F0008221B74203F140030EDC029B013B02934E
:10880000049B043B04930D9B043B0D93029B01339B
:10881000E4D129B0BDE8F08F53F8205C53F8400C48
:1088200053F81C4C421B43F8202C53F83C2C284492
:10883000A2EB040C224443F8400C43F83C2C53E9CF
:10884000060253F8384C43F81CCC8518121A35FB35
:1088500001F5A4EB450043F8180C53F8340C32FB37
:1088600001F2A0EB420C00EB420004EB450443F89C
:10887000340C53F80C5C53F8300C43F8384C421B62
:1088800053F8104C43F8102C53F82C2C43F814CC0C
:10889000284402EB040C121B43F8300C43F82C2C38
:1088A00053E9020253F8284C43F80CCC151A024441
:1088B00035FB01F5A4EB450043F8080C53F8240CF4
:1088C000524204EB450432FB01F2A0EB420C00EBF8
:1088D000420043F804CC43F8284C43F8240C0136FA
:1088E00087E7049B1B680693019B012B41D10A9BE0
:1088F0000025069AAA4203F120037FF77EAF53F8C2
:10890000107C53F80C6C53F8201C53F81C2C53F8B3
:1089100014EC53F804CCCC1B901B3944324453F86C
:10892000087C53F8186C06EB0709A1EB090A0EEB5B
:108930000C0843F810ACA2EB080A424443F81C2C84
:10894000A4EB0C02724443F8182CA4EB0E04821B17
:10895000C01B49443A446444304443F80CAC43F8E7
:10896000201C43F8142C43F8084C43F8040C013540
:10897000BFE70E9A069BDDF828C09340019AD2000B
:1089800008929A001192DA0012920C225343139328
:10899000059BDB00149300230793DDE90632934225
:1089A0007FF72BAF039BD3F834A0089BCDF82CA006
:1089B0000CEB4302002103EB0C0803EB0209CDF89A
:1089C00024A063460C910C990198814203F108039D
:1089D00005DB079B01330793149B9C44DDE7D8E933
:1089E0000001DAF8005031FB05F730FB05F631FBEA
:1089F00015F430FB1577099D16940F971596D2E95B
:108A000000012E6831FB06FE30FB06F431FB16F741
:108A100030FB16EE0B991094D9E90056D1F800B04E
:108A200036FB0BF135FB0BF036FB1BF435FB1B1152
:108A30001794109C53F8086CE51BA6EB45041094A2
:108A400006EB4505DDE91564341B179E53F8047CDD
:108A500043F8085C801B4000A7EB4E0B00EB44067C
:108A600007EB4E0743F8047CAD1B0F9F15604900D0
:108A700001EB470E53F8047C119DA7EB0E075760DE
:108A8000AA44129F099D3D440995139F0B9D3D44A7
:108A90000B9553F8085C2E4453F8045C43F8086CBB
:108AA000754443F8045C0F9D109EC1EB45053544A9
:108AB000C8F800500BEB0005A5EB4405C8F80450BE
:108AC0000F9DA1EB45013144C9F800100C990BEB47
:108AD000440BABEB00000131C9F804000C9108F124
:108AE0000808083209F108096DE7049B0E9A1B6813
:108AF00008939340019AD5004FEA021A9A00DB00CE
:108B00001093059B0F92DB0011930A9B06934FF085
:108B1000000B089B5B457FF770AE039A069BD2F86B
:108B200034C00199CDF81CC0EA181C1D0B91D2E984
:108B30000089DCF8001039FB01F038FB01FE39FB3D
:108B400011F638FB1100099607990C9003EB0A0007
:108B5000D0E90067D1F8008037FB08F036FB08F158
:108B600037FB18F936FB1800099EA1EB0901AEEBA3
:108B700006084E004100099109980C9900EB410E3E
:108B80000F9910988C4407990144079154F8041CDC
:108B900006EB4807A1EB670943F8059059680C9864
:108BA000A1EB6E09C6EB4801DDF82480C2F8049001
:108BB00049F22616C8EB400031FB06F130FB06F007
:108BC00054F8046C374444F8047C5F6877445F6071
:108BD0005F5907EB400743F80A705768A7EB410756
:108BE00044F80A705F59A7EB40075F51506800EBEB
:108BF00041000B995060013903F1080302F10802AA
:108C000004F108040B9192D1069A119B1A440BF1BE
:108C1000010B06927DE7049B0E9A1B681793934005
:108C2000039A526B0B92019AD2000C92059AD200D1
:108C30001E920A9A09929A001A92DA001B920C224A
:108C40005A431B011D9300231C920F93179B0F9AED
:108C500093427FF7D2AD099A0C9BDDF824B0134400
:108C6000069313460C9A03EB420E13467344079384
:108C70000EEB420308930B9B1393CDE9153314932A
:108C800000231193089B1293069B079E01981A4696
:108C900008320692324608320792089A0832089241
:108CA000119A824271460BF1080B0EF1080E07DB98
:108CB0000F9B1E9A01330F93099B13440993C5E739
:108CC0005BF8042C1092139AD3E9009A14683AFBCB
:108CD00004F539FB04F33AFB14F039FB1455149CEA
:108CE0001893D1E90023276833FB07F432FB07FC14
:108CF00033FB17F132FB1744159BD6E900781A684D
:108D000038FB02F637FB02F338FB12F937FB126629
:108D100019931F96129B169AD3E90067136837FBC5
:108D200003F836FB03F237FB13FA36FB1388199B63
:108D3000189E4FEA4808A3EB0903301AA2EB0A0277
:108D400008EB4506C8EB450A5D001F9BDDF8408037
:108D5000520002EB40075B00C2EB4002ACEB0101AA
:108D6000189203EB4402C3EB440305EB4100199353
:108D70005BF8083C109C1293C5EB41093918194463
:108D80004BF8081CB118214449F6720C30FB0CF466
:108D900064004BF8041C42F28E7537FB05F104EBBE
:108DA000410432FB0CF149001C4436FB05F5199BCC
:108DB00001EB45014BF2C34C33FB0CFC4FEA4C0C6E
:108DC000189B414448F244683AFB08F533FB08F825
:108DD0000CEB450C069B4BF2C34539FB05F56D00CA
:108DE00005EB4805A4EB0C0843F8088C01EB0508DB
:108DF00043F8048C089B491B644443F8084C43F82F
:108E0000041C42F28E71129B30FB01F0400049F6C7
:108E1000720437FB04F700EB4700184432FB01F201
:108E2000109B36FB04F652004BF2C34102EB4602A4
:108E30003AFB01FA4FEA4A0A1A4448F24464199B81
:108E400039FB04F933FB04F3CAEB430404444FEA4F
:108E500049094EF8084CAAEB430A189D079B35FBBD
:108E600001F1C9EB4104A9EB4109144450444A44BF
:108E70004EF8044C43F8042C43F8080C119B1A9A42
:108E800001331193139B134413931B9A149B1344A4
:108E900014931C9A159B134415931D9A169B134407
:108EA0001693EFE6F0B50D460968C9B3A1EBD1748E
:108EB000CE0FCF1784EAE171C2F5FF44C3F5804CB1
:108EC00060340CFB04F4E40B4FF0010C84B18C45CE
:108ED00005DB0134013E2640B118224620E0640043
:108EE00004F1020E5C437244E40B0CF1010CEDE75B
:108EF000C2F5004333445B10013BA1EB0C018B42F4
:108F0000A8BF0B46C6EB4301013111446344C1F5D0
:108F100000429B1B012A83EA070328BF01222B6022
:108F2000BDE8F0400F230A44FFF7FBBAB0FA80F225
:108F3000C2F11803002B03D0B8BFC2F13803D841E7
:108F400000F07F00C0F180034343B32133FB0103F2
:108F5000C2F11F0003EBC0107047002830B520DBC2
:108F600040F67E7398421EDCC511012200F07F019D
:108F7000B0F5006F02FA05F2C1F180034FF65274AA
:108F800007DA11FB03F030FB0410A84002EBE010FD
:108F900030BD11FB03F333FB0413D11101FB03209C
:108FA000F6E70020F4E76FF00040F1E710FB00F275
:108FB00002F58042D11342F2550342F3CF324FF60D
:108FC0008E5010FB02F000F5804003EBE03312FB03
:108FD00003F303F58043DB1347F6FF70A3F5EF536C
:108FE00010B5033B12FB03F3821A03F58043DC1335
:108FF00002EBE33247F6FE739A42DEBFC1F5004151
:10900000091908B210BD10B5B0FA80F3C3F11F03FF
:109010005B10012201469A40002002EB40049C4074
:10902000A14224BF8018091B013B4FEA5202F4D22F
:1090300010BDA0F5004212B241F6392312FB03F332
:10904000DB13A3F5525345F60540323B12FB03F305
:1090500000EBE33001B211FB01F3DB1313FB02F26F
:1090600003EBE233A3F5804343F30E035B004FF4BD
:10907000405213FB02F2D213A2F5804213FB02F31B
:10908000DB1311FB03F1C91311FA80F000B2704732
:1090900010B5002834D0B0F1804F32DAB0FA80F247
:1090A000C2F11F025210D11F0029D5BF6FF001037A
:1090B0004B004B431841D8BF9840A0F5004000B288
:1090C0004FF6685310FB03F3DB1342F6295403F207
:1090D000A36310FB03F3DB13C1F10701A3F6C33352
:1090E00010FB03F304EBE33310FB03F045F6872397
:1090F000002903EBE03318B2D6BF0E3A0841904086
:1091000010BD47F6FF70FBE7B0FA80F2C2F11F0214
:1091100092B20F2A8BBFA2F10F03C2F10F0340FAE4
:1091200003F300FA03F3A3F5004347F678001BB2FC
:109130004CF2C43111FB03F100EBE13030B505B264
:1091400015FB03F4E41381B2A4F5004414FA80F093
:1091500015FB00F5A1EBE5310CB214FB03F3DB13B7
:1091600088B2A3F5004313FA81F114FB01F4A0EBDC
:10917000E430102A00F1FF3000B28BBF103AC2F188
:1091800010021041904030BD2DE9F04F8DB000AF7E
:10919000C7E90632FA6D931C50F823A0DAF80830BC
:1091A000013B7B61BAF904303B6103688069F86276
:1091B00000205C1090423C627EDB9A10A500BA62EF
:1091C000EA1D22F00702ADEB020D6A46C3F39C03D1
:1091D000A2EBC303C7F824D09D46BB6D5B1003F11F
:1091E00080400138204401EB830201EB8009B9691A
:1091F00001EB4301F960B96901EB4303023B5019EC
:10920000BB607860BB6D786AD91C0430EB4689106E
:109210004E460023C5F100083860994254DCBB6D0E
:10922000BC6903F10043013B04EB43037C6AFB6030
:1092300021EAE17004EBC00CBC6A02EBC002A9EBAE
:10924000C003611A814202F1080EA3F108060CF175
:10925000080463DC0021A2EB0509BE6A4418A6429B
:109260000CF1080C66DC7B697C6A01219940FB6A81
:1092700003EB46064910B4460020BB6A984204F14D
:1092800008047BDB59465046FFF769FA3B6A3A6EA1
:10929000013B5343FA6902EB83033A6ED000C0F1FD
:1092A000000800210BF10409BA6A9142C0F29480CF
:1092B0003437BD46BDE8F08FFB6A3C6A03EB4403DC
:1092C000FB620130234674E76FF003005843BC682B
:1092D00034F900C0786850F8334034FB0CF086460F
:1092E000F868346830F9230034FB00F4640004EBC0
:1092F0004E04D7F824E04EF8334052F8334034FBA4
:1093000000F456F8080030FB0CF04000C0EB4400BD
:109310003C68083E44F8330001337EE7B36844F804
:10932000083C5EF8083C44F8043C0130A44633464F
:10933000724687E76FF00304FE684C43345F1E6893
:1093400036FB04F6B046BE6936F921E059F83160C3
:1093500036FB0EF67600C6EB48064CF8086C52F861
:10936000316036FB04F464005E5936FB0EFE04EBFC
:109370004E044CF8044C083B01316EE7FB6A3CF9A3
:1093800002EB33F9108054E9025333FB0EF233FB46
:1093900008F35B0035FB08F935FB0EF503EB4503DD
:1093A000DAF83050D7F810E033FB0EF852007B6942
:1093B00035F91050C2EB490232FB0EF20A441A4151
:1093C0004BF835207A690BEBC50E08EB010313410E
:1093D000CEF80430013050E7FA6A59F8315032F9CA
:1093E00011C036F902EB5BF8312035FB0EFA32FB87
:1093F0000CF435FB0CF56400D7F81CC032FB0EF200
:10940000520002EB4502C4EB4A04CCF800401A605B
:1094100062460244FA614344013145E700290DDD0B
:109420000378FB2B03D81BB201201380704701295E
:1094300004D04178022003EB8103F6E74FF0FF33BD
:109440001846F2E7FB28C3B2C9BF43F0FC03012072
:10945000C01A8010C9BF48700B700B700220704793
:1094600090F900200378002A07DAC3F3C10399407A
:109470004FF4C87391FBF3F0704703F06002602A69
:1094800003D11B070BD53223F4E7C3F3C103032B2E
:1094900004D13C2359434FF47A73EBE7994064239A
:1094A000E8E72DE9F04F85B08246DDF83CB0019346
:1094B0000C469146BBF1000F00F0FC800029C0F281
:1094C000F98005D16FF00307384605B0BDE8F08F8D
:1094D00056464BF68031FFF7C3FF16F8013B009369
:1094E00003F00307012F04F1FF3508D0022F1BD032
:1094F000002F6AD1B8463C462946012725E0B9F13C
:10950000000F40F0C68015F00108DBD16D10ABF8FC
:109510000050022740F2FB439D42D3DC07F1004399
:10952000013B2BF8135032E029465A463046FFF7EC
:1095300075FF291ABBF90050002DC3DB8D42C1DC39
:109540004FF0000806444D1B4446B9F1000FE1D02E
:1095500007F1004909F1FF390BEB4902304602914E
:10956000FFF75CFF3BF919300299002BA1EB0001DA
:10957000A8DB8B42A6DC002C00F097807B438B425B
:10958000A0DC0023791E994200F389800644109BD9
:109590001BB1109AA6EB0A03136000230E9A0AB1BE
:1095A00042F823603BF913200133BB421644F5D146
:1095B000119B1BB1A6EB0A0646441E60019B002BC3
:1095C00082D01A46009B13707EE7002D3FF47AAFDD
:1095D0009AF8012002F03F030AF102061F46002B11
:1095E0003FF470AF5843B0F5B45F3FF76BAF500630
:1095F000A4F102014FF000080BD500297FF762AFFC
:1096000016F8010BFF2815D04C1E211A80443FF597
:1096100059AF52B2D443002A4FEAD47425DAABF1E1
:1096200002005A4600EB43030D469A4206D1002D34
:109630008BDA47E7FF3908F1FE08DEE73046CDE96F
:109640000213FFF7EBFE32F902CB0299BCF1000FD7
:10965000A1EB0001FFF636AF8C453FF733AF8444F2
:10966000039B0644A5EB0C05DFE7B9F1000F7FF47F
:109670006FAFB1FBF3F505FB03F28A427FF422AF33
:10968000013B4B457FF746AF2BF8195009F1010913
:10969000F7E73C4629464FF00008022758E7B2F9A1
:1096A00000402BF8134001336DE70344AB427FF7D2
:1096B0006DAF07E74FF0FF3706E700290BDD0378B2
:1096C00013F003030AD0032B0AD101290AD04078F2
:1096D00000F03F0070474FF0FF30704701207047A7
:1096E000022070476FF00300704710B50024B1F5F9
:1096F000C87F0FDBB0F57A7F0FD14D3A5201023CA3
:10970000D2B242EAC402D4B2023B5842584144EABF
:10971000800010BD49000134E9E740F2EA31884297
:109720000AD1A2F24E4222EAE272E40044EA421472
:1097300064F07F04E4B2E7E7023CA2F58A62E40049
:1097400044EA021444F06004F4E710B5044629B971
:10975000D0F890104FF4C87391FBF3F1D4F8A40043
:1097600010F57A7F09D1D4F890003C23434393FB52
:10977000F1F1236F03FB001010BD431C01BFD4F8AF
:1097800090305A43D20092FBF1F0F5E72DE9F04119
:10979000DDE9074C069D03FB0CF31D444FEA4C0624
:1097A00000EB4505002797420ADB002C18DB1C4420
:1097B000043900EB44000023934208DBBDE8F0814C
:1097C000B5F900E041F827E035440137EBE7B0F99F
:1097D000005051F8044F2C440C6001333044EBE747
:1097E0000234EBD100EB430001236345E6DA0F1F9F
:1097F00000EB4305002408E0B5F9008057F804EFBA
:10980000C644C7F800E0013435449442F4DB013328
:10981000EBE7F0B5282779431431323ADDE90565E5
:10982000079C02FB110023B96FF00B0390FBF3F3CD
:10983000184405F15A026423504390FBF3F0A6F557
:109840007A73012B0ED8012DDEBF8000052390FB1B
:10985000F3F00623634304FB00F20A3392FBF3F3B5
:10986000C01A0AE040F2EA339E4207D1042D04DC1C
:1098700000EBC0000A2390FBF3F0F0BD0C23634320
:1098800004FB00F21433E9E708B5431E012B04D8AA
:10989000FEF74AFB00F6980008BD0020FCE770B513
:1098A00004464FF4C87092FBF0F0A04216DC41F27F
:1098B0008833994215D0A1F59C53A3F10905082DD1
:1098C0000CD841F28D36B142C9BF0B3BA84053437F
:1098D0003221C8BF93FBF1F0A04203DD4FF0FF300F
:1098E00027E020464FF4C8734343934221D0C82356
:1098F000434393421DD064234343934219D0322300
:109900004343934215D019214143914211D002EBB8
:1099100042018B420DD0B3EB820F4FEA820108D097
:1099200011448B4205D006214A43934218BF4FF0A1
:10993000FF3070BD2DE9F04F93B0022A99460AAF6F
:10994000154618BF5300D0F89420B960044608BFEC
:109950000323B2B9D0F8A420013212D0D0F8A0105D
:10996000D0F89020182001EB4101424309FB05F09B
:1099700092FBF0F291FBF2F2F96C9142A8BF114612
:10998000F964FA6CD31A40F2FB4293FBF5F393426D
:10999000A8BF13465A1C03FB0553073323F00703E4
:1099A000ADEB030D0DF1280BCCB00DF1280A50469C
:1099B000FA6100F06EFCD4F888307B61D4F8803016
:1099C0003B61A36FFB60D4F8DC30C4F88830D4F876
:1099D000EC30C4F88030636CD4F8BC20A267BB6163
:1099E00023B30123A3674FF000086B1E46467B603C
:1099F00045451EDCD4F89430B3FA83F35B090021AB
:109A000002930191FB6C0093BB6C2A46504600F018
:109A100046FC002830DB7B69C4F888303B69C4F819
:109A20008030FB68A367BB69636427E0C4F8E42067
:109A3000D9E77B68216F666443457B6DD4BF002204
:109A40000122C4F89028CDE90763CDE90566CDE988
:109A5000036602963B6D0193FB690093B86801FBB6
:109A600009F108FB01F14A4600EB41015B46204643
:109A7000E4F780FF021E05DA6FF002002437BD46CE
:109A8000BDE8F08F5946504600F006FCFB690028FF
:109A90009B44F1DB08F10108AAE7F0B500252E464A
:109AA0002C469C4204DB059B1E60069B1D60F0BD9E
:109AB00030F9147031F814C017FB0C6632F814C07A
:109AC00017FB0C550134ECE72DE9F04F85B0CDE9DB
:109AD00002030E9E109D00230120C6E90030B5FA56
:109AE00085F5C5F11105934210DB002701EB420318
:109AF0004FF0FF3C0193B846E6463C46C5F1000BEB
:109B0000039B9C420BDB05B0BDE8F08F0F9F31F942
:109B1000134014FB04F43C4120440133E3E7029B6F
:109B200053F82430002B21DD30FB0CFA002DCCBF84
:109B30002B4103FA0BF31BB213FB03F343F3CF33B5
:109B400037FB03F94FEA4909B9EB4A0F0EDD38FB41
:109B500003F730FB0EFC7F00B7EB4C0F1DDD3768C1
:109B6000F446C6E900479E4647468046019A31F9C9
:109B7000149032F9023B01920F9A13FB03F319FB85
:109B800009F9134149FA02F9A3EB09030344012B34
:109B9000B8BF012318460134B2E7746007469C46FB
:109BA000E4E738B5054600283BD000293AD0002A22
:109BB0003AD0B1FA81F0C0F11100B2FA82F3C3F1E8
:109BC0001103002800EB0304D6BF4042014181404D
:109BD000002BD6BF5B421A419A40E30709B212B28A
:109BE00011FB02F14FEAA13007D5B0F5004FB9BF24
:109BF000400004F1FF34C8130134FFF71AFA35FBB3
:109C000000F06310032C4FEA4000CBBF03F1FF3399
:109C1000C3F101031841984047F6FE73984205DCF2
:109C200000B238BD0846FCE71046FAE747F6FF7079
:109C3000F7E72DE9F04F8846066800218FB00D4602
:109C40000C46A24200F39C80012DC1F10004B8BF74
:109C50000125AC42B8BF2C46022B00F09B80B4FA21
:109C600084F4C4F1150424EAE4755410B4460127C1
:109C7000BC4200F3B180D6E9002102EB6102521030
:109C80002A41022BA8F8002013D14268464604233B
:109C900001218C4203F1080700F3AD80D2E90031C5
:109CA00003EB6103B8F800205B102B411344A8F8C4
:109CB0000030189BCDE901430423009300231A468A
:109CC00009A94046FEF751FA099B03EB6333099358
:109CD00009A8012350F8041F13FB03F201335200BB
:109CE000052B31FB02F2A1EB42010160F2D109A97F
:109CF00007A80422FEF7BBF947F2333507AB47F656
:109D0000FF7100200130B3F9002015FB01F1042898
:109D100041F3CF3112FB01F24FEAE23223F8022B7A
:109D2000F0D1BDF91C20BDF91E50BDF9206002F62E
:109D3000CD4346F266671BB217FB02F205EBE23237
:109D4000049313B20593BDF9223017FB05F50020EB
:109D500006EBE53517FB06F603EBE636A8F1020144
:109D600017FB03F72DB236B247F3CF378246814651
:109D700080468646844664454DDC0FB0BDE8F08FD2
:109D800056F82470BD42B8BF3D46B942A8BF394617
:109D9000013456E70027D0F804E039463D46AA4290
:109DA00010DCA142B8BF21467F42B9420D46B8BF80
:109DB0003D46B5FA85F5C5F1150525EAE575013588
:109DC0002DB252E75EF825C06145B8BF61466745D0
:109DD000A8BF67460135E2E7DCF80420DCF80C1088
:109DE00011445CF8082F02EB610252102A4128F856
:109DF000172001373CE7D058D359184452F8313076
:109E000003EB60035B1036F8020F2B4103443380F1
:109E100001313B463DE731F902BF049A4FEA0B336B
:109E200012FB0E33059A12FB083315FB093316FBA0
:109E30000A3317FB003303F500631B1350460B80F6
:109E4000CA460CF1010CC146F046DE4693E72DE907
:109E5000F04F91468BB04FEAA90A04AFC7E9010160
:109E60004FEA4A01073109EB030421F00701A4106E
:109E7000ADEB010D6100073121F0070104A8ADEB46
:109E8000010D5910F96089000022073121F0070106
:109E9000C7E904220DF1100BADEB010D04AD9245A5
:109EA00000F391800022944200F3948000210A463E
:109EB0000E46B24500F39580C1F1000800218C46A2
:109EC0000E46B44200F39780012AB8BF01224245F2
:109ED000B8BF42466245B8BF624649428A42B8BFEF
:109EE0000A46B2FA82F2C2F11402002A96B240F394
:109EF0009C80811E0022924500F38780ABF1020115
:109F00000022944200F3898076004FEAA3087B6C1C
:109F10002A46CDE9008359465346DAF71DF8002456
:109F200007F11003524602900093019443465946AC
:109F30002846FFF7C9FD3B694FEA430E7B694FEAAC
:109F400069024FEA43084FF0010C2346A246F96824
:109F500099426CDC07F1100301360093CDF808C07C
:109F600001960B462846B968FFF7AEFD396900290E
:109F700040F38880FB68013B994280F2838001F1C5
:109F80008043013B55F8232005EB8305D5E90130DB
:109F9000861A9C1A45F69A1534FB05F4B6EB440F65
:109FA00072DC121A1B1A33FB05F3B2EB430FCCBF62
:109FB0004FF0FF3300233A6CC3EB41031C371360AF
:109FC000BD46BDE8F08F796831F8221020F81210F4
:109FD000013264E7B96831F822102BF8121001320F
:109FE00061E730F916C06245B8BF62466145A8BF57
:109FF000614601365DE73BF916E0F445B8BFF4462B
:10A000007145A8BF714601365BE731F902CF4CFAC2
:10A0100006FCA1F800C001326DE731F902CF4CFA1D
:10A0200006FCA1F800C001326BE700266DE7A3EB48
:10A030000E010029B8BF4942022945F823A006DDD8
:10A04000A3EB08010029B8BF494202290DDCB96819
:10A0500001EB430900210C46A24208DC41EAE17011
:10A060008C4545F82300B8BF8C4601336FE778680C
:10A0700039F902BB30F8140010FB0BF030410144F9
:10A080000134E9E7002396E7012394E72DE9F74F30
:10A090000D9E80460C469246994606EB81064FF08F
:10A0A000010B544502DB03B0BDE8F08F56F8045BAA
:10A0B000002D3EDD0BFA05F52DB200276B1ED8F8FA
:10A0C00008100C9856F8042C019301FB074130F955
:10A0D0001110C2F10A0001F5007101418D42D8BF93
:10A0E000194621EAE1710E980091FEF757FA00999E
:10A0F00056F8042C0C9B890201F500711141D8F827
:10A10000082002FB0742A1F5007139F8120010FA8D
:10A1100081F029F81200D8F8082002FB0742013725
:10A1200033F81200411A23F812100F9B9F42019B33
:10A13000C5DB0134B5E72DE9F04F85B09846DDF871
:10A140004C900F9B009209F1FF3206460F4603EB3D
:10A1500081034FF0000B01929A463C4646E0119A6B
:10A160004A4546DB5AF8042B072A3EDC109A52F87F
:10A1700024205A4539D10025B268039302FB0542D9
:10A180000E9B129833F81210C943C1F3C03101225B
:10A190000291FEF703FAB26802995AF8040C0E9B7A
:10A1A00002FB054289020130A1F50071014138F836
:10A1B000120010FA81F028F81200B26802FB054282
:10A1C000013533F81200A945A0EB010123F8121064
:10A1D000039BD1DC119A511E019AB9F1000FC2F113
:10A1E0000002D8BF00220A4411920134009A94421E
:10A1F000B5DBBBF1000F02D005B0BDE8F08F4FF02A
:10A20000010BA9E72DE9F047B2F1000886B004463A
:10A210000E469A4604DC6FF0030006B0BDE8F087F6
:10A2200042680B7882BB03704FF4FA513046FFF757
:10A2300017F9C4F8280141463046FFF73EFA071ED9
:10A24000E9DD6568D4F82821EB195343B3F5707F35
:10A25000E1DC05F1640302354FF0000904EB430330
:10A2600004EB85050193CDE902990DF117030095E3
:10A27000524641463046FFF714F90028C1BF6368D3
:10A28000DB1963604846C8E702785340032BD2D9F4
:10A29000C1E70022426070470023FFF7B3BF2DE9FA
:10A2A000F74F0F1EDDF8309083469A46C0F21A81B0
:10A2B000974280F2178143689342C0F21381D61B04
:10A2C0000D9A00F1C80303EB4708002A67D1012E5D
:10A2D0007CD0022E00F09780002408F1020208EBE7
:10A2E0004601914240F0BD8033F9173006FB03442C
:10A2F0000234A14564DB9BF80030554643F003036C
:10A3000005F8023B0E9B8AF80160EBB1B9EB040142
:10A310001AD000239AF80120019342F040024C1E0B
:10A320008AF80120FF212846B4FBF1F2009208F0E0
:10A3300007F9009A019B511C14442944AC540D4662
:10A340004C46002B40F0BB800D9B43B106F100430F
:10A35000013B294638F91300FFF774F8054407F16B
:10A36000804701370BEB870708EB4606B8F900205A
:10A3700057F8041F284608F0C9F838F9023BB045E1
:10A380001D44F3D10E9BEBB1D144A9EB0502A945C5
:10A3900038BF00220021284608F0D2F812E006F16A
:10A3A0000042013A38F91220FC2AB4BF01240224E9
:10A3B000012E1CD133F9172001321444A14507DACC
:10A3C0006FF00104204603B0BDE8F08F0D9CF1E76B
:10A3D0009BF80020554622F0030205F8012B0E9A47
:10A3E000002AB1D0A145AFDD0D9A12B974E7022E53
:10A3F0000AD006F10042013A38F91220FC2AB4BF13
:10A400000124022469E70D9CB8F9022033F91710E2
:10A410008A420CD104EB4202541CA145D0DB9BF8CC
:10A42000002022F00302554642F00102D5E70A441B
:10A430000232FB29C8BF013214444C45C0DC9BF8F2
:10A4400000200093554622F0030242F0020205F874
:10A45000012B33F917002946FEF7F4FF009B054452
:10A46000BDE732F9020BB8F9005085423FF439AF2D
:10A4700002340023711E08E038F91320FB2ACCBFF8
:10A48000022001200244144401339942F4DC06F115
:10A490000043013B38F913301C44A14590DB9BF885
:10A4A0000030554643F0030305F8023B66F07F0396
:10A4B0008AF801300E9B13B1B9EB040110D10023CF
:10A4C000721E9A427FF740AF38F913000192294675
:10A4D0000093FEF7B7FF009B019A05440133F0E7B4
:10A4E000012317E74FF0FF346CE770B50C1ED0B0B6
:10A4F0000546164621DD94421DD01EDC002306933E
:10A50000131B034401462246184607F0FFFF22466C
:10A51000014605A8FFF7C0FE58B90123CDE90103A4
:10A520000146069A00962B4605A8FFF7B8FE00EAFA
:10A53000E07050B070BD0020FBE74FF0FF30F8E74F
:10A5400041F2483313FB00F303F58043DB13A3F51B
:10A550003A53273B10FB03F303F58043DB1347F625
:10A56000FF72153B10FB03F303F5804302EBE3336B
:10A5700010FB03F000F5804040F3CF30704770B51A
:10A58000044600200346934200DB70BD34F81350AC
:10A5900031F8136015FB06000133F4E72DE9F047AD
:10A5A000BDF9206075422DB24FEA420CA0F1020EB7
:10A5B00000EB42080027891AB9420CDC8A1A02F122
:10A5C0000041013900EB4100871C013A6044002A38
:10A5D0001ADABDE8F0873EF902AFB8F9004013FB84
:10A5E00004F916FB0A9913FB0AFA09F5804915FBD1
:10A5F00004A404F580444FEAE939E41328F8029BE7
:10A600000137AEF80040D7E737F902CDB0F90010B6
:10A6100013FB01F416FB0C4413FB0CFC04F5804403
:10A6200015FB01C101F58041E413C91320F802496B
:10A63000013A3980CBE7F8B5B3FA83F4C4F11F04CB
:10A640006410072C0E461746D8BF6FF00101A4F125
:10A650000702D4BF4A4352000546CCBF43FA02F07A
:10A6600003FA02F0FEF7E5FC01340121A140BDF937
:10A67000183010FB03F000F5804040F3CF30491054
:10A68000002255F8223010FB03F30B44234126F837
:10A6900012300132BA42F4DBF8BD012AF8B50546A2
:10A6A0000846114621DDB2F5807F1ADDB0FBF2F3DA
:10A6B000002216461046002405EB820C27465CF863
:10A6C00004EB0137BB4244EA0E04F8DC003C18BF3F
:10A6D0000124B4400136B14240EA04001A44EAD1F0
:10A6E000F8BDE6F745FC0346E2E70120F8E72DE96F
:10A6F000F04F16465A001C46D31D87B023F00703BF
:10A7000000AFADEB030DA300073323F00703E846CA
:10A71000A0F10209ADEB030D002383460D46C7F8F7
:10A720000CD048469C4630F9021FD7F80CA00029EF
:10A730004FEAD17EB8BF49424AF823E0018045F88C
:10A7400023C001339C42EEDC002CD8BF0222002142
:10A75000404607F0F5FEB6EB640F63DD00200346CC
:10A760003BF9132001339C421044F9DC86420FDB95
:10A7700058464FF4804A012C04F1FF324FEA42025E
:10A7800020F802ABD8BF0222002107F0D9FE5046C4
:10A79000FEF7BAFC30FB06FE00200FFA8EF33B6199
:10A7A00078613346844639F8022F396912FB01F289
:10A7B000D21345F82C200FFA82FAD7F814E01AFBCE
:10A7C0000A00B9F8001011FB0AE14FEA420A28F822
:10A7D0001CA00CF1010C644500B27961A3EB0203EB
:10A7E000E1DCE21C9A4276DA1AB2B8F8001012FBE9
:10A7F000020000B212FB010210B22A681A442A6059
:10A80000043D0022FB6855F8046F53F822104B42B8
:10A81000734001320B4494422B60F3DC1C37BD467D
:10A82000BDE8F08F002033467861DAE73A6879694D
:10A830006244B2FA82F2C2F1200292B20130BA60EE
:10A8400082B23A61BBF90020BE680A443241B8F8CE
:10A85000006012FB02F216FA80F00FFA80FA42F35F
:10A86000CF39002601203BF91020796938F810E033
:10A870000A44B9680A41396912FB02F242F3CF3245
:10A880008E447A601AFB02F10A460FFA8EFE1EFB16
:10A8900009F191427A68B8BF064600F10100BCBFD9
:10A8A0009146F2468442DEDC3BF91620796938692C
:10A8B000114438F8162079611044023228F8162025
:10A8C00055F82620013245F8262000B20CF1010C83
:10A8D0009C45ABDB94E70136F21A4FF0000C3A606E
:10A8E000F6E72DE9F04F83B0994602AF8B001333A2
:10A8F000D7F828A023F00703ADEB030D1546CDE9EB
:10A900000029534601220C4606460DF10808E6F7D9
:10A910004BFBBB6B00932A46234641463046FFF76C
:10A92000E6FEFB6A83462A4621464046E3F776FC6C
:10A930007B6B8BB1B7F93030009322465B463146D2
:10A940004046FFF778FECDE9005953464FF0FF32FD
:10A9500021463046E6F728FB524621464046FFF79F
:10A960009CFE0437BD46BDE8F08F2DE9F0478D0011
:10A97000073582B025F0070502AFADEB050D02AD3E
:10A980000646994628467B6AD7F820A00C46904692
:10A99000E3F7A6FCB7F92820009203462246314689
:10A9A0002846FFF748FE534621463046CDE9008948
:10A9B0004FF0FF32E6F7F8FA524621462846FFF7F5
:10A9C0006CFEBD46BDE8F087F8B516460D460A4652
:10A9D00001460746FFF7D3FD0130B0FA80F4C4F119
:10A9E0001F046410E31F072C1BB2D5BFC3EBC37356
:10A9F0005B005B001841D8BF9840FEF71AFB10FBC4
:10AA000006F00134012200F58040A24040F3CF302F
:10AA100026B252100021A94200DBF8BD3B8810FB92
:10AA200003F31344334127F8023B0131F3E72DE9E7
:10AA3000F04184468846002A3FD11A460146FFF776
:10AA40009EFD4146461C4046FFF799FD451C10E01F
:10AA50003CF9174038F91720C4F34F04C2F34F02F2
:10AA60000137A118A41A11FB016614FB04559F427B
:10AA7000EEDB3046FEF70CFB04B22846FEF708FB7F
:10AA800005B2AC421DDD2046FEF73EFBED0385FB23
:10AA90000053E80F40EA430047F6FF739842A8BF0F
:10AAA000184600B2FFF74CFD40F34F0045F27D130E
:10AAB00013FB00F0C013BDE8F08101252E460027EE
:10AAC000D5E72846FEF720FBE40384FB0043E00FB4
:10AAD00040EA430047F6FF739842A8BF184600B209
:10AAE000FFF72EFD46F28843A3EB600000B2DDE7DE
:10AAF0000A448A4200D1704711F8013B40BA80B243
:10AB00005840C0F303134340180380B24340580138
:10AB100000F4FF505840ECE70A44914200D17047DE
:10AB200011F8013B5840C30983EA10135840030150
:10AB300083EA4003D8B2F0E7002070470FB407B5AE
:10AB400004A951F8040B0191E6F7C0FA03B05DF8CF
:10AB500004EB04B0704700EBC10040884008704728
:10AB6000F8B50346FFF7F7FFB0FA80F0C0F11F0019
:10AB700003EB800CCA00DCF81060171D0C4606328F
:10AB80008DB256B9012101FA00F0D9680143D960AC
:10AB9000CCF81040DD539D52F8BDF1000431585AF5
:10ABA000D85303EBC0009E52C5805D52F4E710B548
:10ABB00000EBC104E388994202F104010AD10123A8
:10ABC00003FA02F2C36823EA0203C360002340F8D9
:10ABD000213010BDA28840F8213000EBC20100EB0B
:10ABE000C300CB808280F4E708B50346FFF7B3FFCC
:10ABF000B0FA80F2C2F11F021846BDE80840FFF724
:10AC0000D6BF2DE9F843B1FA81F5C5F11F0900EB74
:10AC100089080346D8F810200E46C2B10327D8F899
:10AC2000104018462146FFF796FFB04206D34A4629
:10AC30001846FFF7BCFF2046BDE8F88303EBC404C9
:10AC4000013FE088C8F8100001D08242E7D1C5F189
:10AC500020024FF0FF349440DA681440EBD094FAAD
:10AC6000A4F2B2FA82F2111D53F821402146DFE727
:10AC700038B50346FFF76FFF0D46044611461846E8
:10AC8000FFF769FF03EBC5050444600068801846C0
:10AC9000FFF761FF014423F8314038BD38B5034662
:10ACA000FFF759FF0C46A51A511A03EBC4040544DB
:10ACB0004800608003EBC2006C00448023F832102F
:10ACC00018461146FFF747FF014423F8315038BDBD
:10ACD00038B50546FFF73FFF0C46014405EBC103BD
:10ACE0005B88DA070AD42846FFF77EFF214628460C
:10ACF000FFF731FF22182846FFF7BAFF35F8341066
:10AD0000611A05EBC1035B88DB070CD42846FFF70B
:10AD10006BFF35F834102246611A2846FFF7A8FF6A
:10AD200035F83430E41A21462846BDE83840FFF7AC
:10AD300017BF61B100680439091A21F00703034401
:10AD4000C9085A8822F001025A80FFF7C1BF704734
:10AD500070B5056809B9002070BDAB68B3EBD10FC1
:10AD6000F9D90B31CC0821462846FFF74AFF0646A1
:10AD70000028F0D001462846FFF7EDFEA04207D993
:10AD800032192846FFF78AFF11462846FFF7E8FEEA
:10AD900005EBC6021046538843F00103538004308C
:10ADA000DAE72DE9F84301F1FF3919EA01090668EC
:10ADB0000F4614460CD04B420B40042B1A464F460C
:10ADC00028BF0422994664B900252846BDE8F883C7
:10ADD000042904D8BDE8F8431146FFF7B9BF04229F
:10ADE000F1E7B368B3EBD40FEED904F10B013944AA
:10ADF000891AC9083046FFF704FF80460028E3D0CF
:10AE000009F1040505EBC0057B1E35441D44B5FB67
:10AE1000F7F57D43A5EB09052C442B1F07349B1B3D
:10AE200024F00704A41BB0EBD30F4FEAD3074FEA7B
:10AE3000E40408D201463A463046FFF72FFF414668
:10AE40003046FFF78DFE39463046FFF784FE384422
:10AE5000844207D230462246FFF720FF2146304683
:10AE6000FFF77EFE06EBC706738843F0010373808D
:10AE7000ABE7043A2DE9F041CC1D114424F007045E
:10AE800021F007010E1BF708B7FA87F2C2F124057B
:10AE9000AD004FF000080735C2F12002ED08046054
:10AEA0004146A760C4F80C80920004F1100007F03E
:10AEB00047FB6B0043F00103638004EBC5027B1B7F
:10AEC0005900A4F800805180A21924F83550A2F846
:10AED0000280A35304EBC70329465A8842F00102BB
:10AEE0005A802046BDE8F041FFF73ABE03680022D1
:10AEF0000BB9184670478B4210D10B6842B94268B3
:10AF00000360914200D1436000230B600120704731
:10AF100013604368994208BF4260F5E71A461B6810
:10AF2000E6E7038B13F0070305D10368002B0CBF82
:10AF3000002003207047022B05D1408BB0FA80F02F
:10AF4000400980007047012B05D10368002B0CBF1E
:10AF50000020052070470020704710B50C4600B156
:10AF600011B96FF0150010BD081D00F0D6F80028CB
:10AF7000F9D1A368032BF6D9F3E72DE9F0410D468B
:10AF800007461946281D90461E4600F0DAF804468A
:10AF900038B13346424629463846A446BDE8F0411A
:10AFA0006047BDE8F08110B44FF04004EFF3118228
:10AFB00084F31288BFF36F8F416110BC0121E6F763
:10AFC000B7B838B50C46054658B151B10B6843B116
:10AFD0004B6833B11C22002107F0B2FA2C6100202B
:10AFE00038BD6FF01500FBE770B505460E46FFF75C
:10AFF000B4FF041E15DB4FF04003EFF3118283F31F
:10B000001288BFF36F8F6B8B2C8B4FF6FF718B42C7
:10B0100004F0070407D182F31188BFF36F8F6FF03C
:10B020000A04204670BD022C0CD101336B8382F3DD
:10B030001188BFF36F8F0023224631462846FFF761
:10B040009CFFEEE7062C14D8DFE804F0041313137A
:10B05000041A0400002333606B683BB9C5E900663D
:10B06000ACB902212846E6F763F8DAE71E606E60A5
:10B07000F6E782F31188BFF36F8F6FF00404D0E717
:10B0800082F31188BFF36F8F6FF08504C9E782F3F5
:10B090001188BFF36F8FC4E710B54FF04003EFF393
:10B0A000118283F31288BFF36F8F048B04F00704BF
:10B0B000022C0AD0012C0CBF6FF004006FF0850049
:10B0C00082F31188BFF36F8F08E0438B013B9BB283
:10B0D000438323B92146E6F72BF8204610BD2046CE
:10B0E000EEE738B5B0B1A9B14FF04002EFF31185EA
:10B0F00082F31288BFF36F8F048BFFF7F7FE30B136
:10B1000004F0070085F31188BFF36F8F38BD6FF02F
:10B110007700F7E76FF01500F8E7034640B14268A3
:10B1200002F00302022A06D0032A04D0012A05D025
:10B130006FF0150070471A68002AF9D00020986057
:10B14000704710B54268816002F00302022A03468C
:10B150004FF0000407D0032A02D05C60002001E019
:10B1600018685C6010BD18685C600028F6D0F7F7BE
:10B17000F5F9F3E7F0B5C6684568C369AF1B044647
:10B180004069BB4298BFFF1AA5EB0000944698BFE8
:10B19000F6181A1AD81B2368AD1B62452B4428BF2A
:10B1A00062460B606368904228BF104603446360A8
:10B1B000F0BDD0E90123D21A8A420CD31944C368E6
:10B1C000C269C0E90111C91A8A4201D90020704739
:10B1D0001344C360FAE76FF0150070472DE9F3419F
:10B1E00080460E46154600272A4601A94046FFF72D
:10B1F000C1FF314604460246019807F079F92D1B3C
:10B200002744264401D0002CEED139464046FFF7B2
:10B21000D0FF384602B0BDE8F081F0B5044686693B
:10B220000569C069A368AF1BB842944698BF361839
:10B23000A3EB05022368A5EB060598BF3F1A2B4434
:10B240006245A0EB070028BF62460B60236990426D
:10B2500028BF104603442361F0BDD0E90423D21A6D
:10B260008A420CD31944D0E90632C0E90411C91A44
:10B270008A4201D90020704713448361FAE76FF0D6
:10B28000150070472DE9F34180460D46164600270C
:10B29000324601A94046FFF7C0FF04462DB10246E1
:10B2A0000199284607F024F92544361B274401D08C
:10B2B000002CEDD139464046FFF7CFFF384602B0AB
:10B2C000BDE8F0810FB407B504A951F8040B019152
:10B2D000E5F7FCFE03B05DF804EB04B0704770477F
:10B2E00010F0700F08D100F07F0310F0800F18BF2E
:10B2F0001033012098407047002070472DE9F84333
:10B3000006460F469046994604254B464246394626
:10B310003046EDF731FA10F10B0F044603D1F6F782
:10B3200097FD013DF1D12046BDE8F883006840B1AA
:10B3300050F8043C5B688B42A0F1040001D04068E7
:10B34000F5E77047006850B150F8043C5B685B68F3
:10B350009B788B42A0F1040001D04068F3E770476E
:10B3600030B5006888B150F8043C5B681A6A1D7FEC
:10B3700004380023043ADCB2A54201D84068F1E762
:10B38000013312F833408C42F5D130BD08B5E6F7F1
:10B3900079FD28B1406810F1100F14BF0020012082
:10B3A00008BD4B1CDBB28170817680F82530C376F6
:10B3B00000F8061C704750E90231D0F89C0018478D
:10B3C0000369002283F84A207047036993F84A0012
:10B3D00008B193F8480070470369002283F84B20B6
:10B3E0007047036993F849007047036993F8482050
:10B3F00012B193F84A202AB993F8490018B193F88A
:10B400004B00704701207047012070470369C3E972
:10B41000001270470020704710B50369D3F89420DC
:10B420000A6093F898206AB1012A0CBF0222032215
:10B430004A7193F89920501E032805D8DFE800F0E0
:10B44000050505050122F3E700220A7193F89A30F9
:10B45000062B09D0072B09D0052B0CBF0023032393
:10B4600000208B71C87110BD0123F9E70223F7E7B3
:10B4700070B504690546D4F88C00FFF703FFD4F8D3
:10B480008C309A681969914204BF002284F84920DF
:10B4900094F8A02006469AB15A685969DB69521A95
:10B4A0009B1A3F2B0CD994F89E3033B16B681B6A02
:10B4B0002246187B0021E6F7B7FF002384F8A0306E
:10B4C000304670BD08B50122FFF7D2FF013818BF22
:10B4D0004FF0FF3008BD2DE9FF41D1F80C80054643
:10B4E00040461F460C461646DDF78DF8BDF828305D
:10B4F000009380B2CDE901803B4632462146284682
:10B5000002F0A0FC04B0BDE8F08170470020704755
:10B5100010B5E7F759F830B1C36823B11B6813B110
:10B52000BDE8104018476FF0150010BD10B5E7F7E3
:10B530004BF830B1C36823B15B6813B1BDE810406C
:10B5400018476FF0150010BD2DE9F0410D46164665
:10B550001F46E7F739F850B1C36843B19C6834B16E
:10B560003B4632462946A446BDE8F04160476FF0AD
:10B570001500BDE8F0812DE9F0410D4616461F4645
:10B58000E7F722F850B1C36843B1DC6834B13B46F9
:10B5900032462946A446BDE8F04160476FF01500E9
:10B5A000BDE8F08170B50C461546E7F70DF840B1DF
:10B5B000C36833B11B6923B12A462146BDE87040F8
:10B5C00018476FF0150070BD38B50D46AB421146F7
:10B5D0001C4604D81A4606F08BFF204638BD0024CE
:10B5E000FBE706F0ADBFC30903EB430303EBC30363
:10B5F00083EA4000C0B27047CB78027853400370B2
:10B600004B884278534043700A68837883EA122358
:10B6100083700A68C3785340C370CB790279534072
:10B620000371CB884279534043714A68837983EA36
:10B63000122383714A68C3795340C371CB7A027A6B
:10B6400053400372427A4B89534043728A68837A2B
:10B6500083EA122383728A68C37A5340C372CB7B16
:10B66000027B53400373CB89427B53404373CA68C8
:10B67000837B83EA12238373CA68C37B5340C373FB
:10B6800070471FB502788DF8002042798DF80120AF
:10B69000827A8DF80220C27B8DF8032002798DF822
:10B6A0000420427A8DF80520827B8DF80620C2782E
:10B6B0008DF80720027A8DF80820427B8DF809204A
:10B6C00082788DF80A20C2798DF80B20027B8DF8E4
:10B6D0000C204278C37A8DF80D2082798DF80E20E7
:10B6E0008DF80F3010236A461946FFF76DFF05B03D
:10B6F0005DF804FBF8B5064608780C46FFF773FFC3
:10B7000005466078FFF76FFFA27863785340E278D0
:10B7100053405D406840307060782778FFF763FFE2
:10B720000546A078FFF75FFFA3785F40E3785F40AE
:10B730007D406840707063782778A0785F40FFF79D
:10B7400052FF0546E078FFF74EFFE3785F407D400B
:10B750006840B0702078FFF746FF62782378534046
:10B76000A278534080EA0305E078FFF73CFFEDB292
:10B770004540F570F8BD70B5144688B00546002800
:10B7800049D0002949D0002A49D010230A466846EA
:10B790001946FFF719FF21466846FFF72DFF1034C1
:10B7A00001F1A0066846E6F765FF6846FFF769FF06
:10B7B000694604A8FFF79EFF01A905A8FFF79AFFB5
:10B7C00002A906A8FFF796FF03A907A8FFF792FFB3
:10B7D000102319460DEB03026846FFF7F5FE2146DC
:10B7E00068461034FFF708FFB442DBD1E6F742FFAA
:10B7F0006846FFF746FF21466846FFF7FDFE102327
:10B8000019466A462846FFF7DFFE684610220021E7
:10B81000FFF7E7FE012008B070BD0846FBE71046C1
:10B82000F9E710B50A460F3012F9103B002BACBFF8
:10B830000023872312F8014D83EA44038A4200F86B
:10B84000013902D01378DB09F4E710BD08B520B147
:10B8500058220021FFF7C5FE012008BD10B504469F
:10B8600088B110220021FFF7BCFE102204F1300045
:10B870000021FFF7B6FE0023636400224FF48033FB
:10B88000C4E91423012010BD70B504460D461646C8
:10B8900010B311B358220021FFF7A3FE2946A66476
:10B8A0003046E6F7F3FE102200212046FFF799FE0E
:10B8B00004F11005A26C21462046FFF75CFF2146EB
:10B8C0002846FFF7AEFF294604F12000FFF7A9FF45
:10B8D0002046FFF7C3FF012070BD0846FCE72DE9B5
:10B8E000F0410E4615460446002860D0FAB1002902
:10B8F0005DD0D0E9143253EA020158D0013BD0F8B0
:10B90000448042F1FF32C0E91432B8F1000F2CD06C
:10B91000C8F1100708F13000BD4220440AD22B467E
:10B9200032462946FFF750FE636C2B4463640120C6
:10B93000BDE8F0813B4632463946FFF745FE103DF3
:10B940000023636445443E44631E04F10F0113F871
:10B95000012F93F830008B4282EA00021A70F6D170
:10B96000A26C21462046FFF706FF04F10F07102DB9
:10B970000AD8002DDBD02B463246294604F1300090
:10B98000FFF722FE6564D2E7631E711E13F8012FD4
:10B9900011F8010FBB4282EA00021A70F6D1A26CC4
:10B9A00021462046FFF7E7FE1036103DDFE7002076
:10B9B000BEE770B50C460546E8B169B34A6C102A7B
:10B9C0001AD11031631E013904F10F0013F8012F51
:10B9D00093F83060724011F8016F984282EA0602D3
:10B9E0001A70F3D1A26C21462846FFF7C4FE204608
:10B9F000FFF72CFF012070BD02F130000021C2F1E1
:10BA000010022044FFF7EDFD636C2344802283F88D
:10BA1000302004F12001D5E70846ECE708B5002006
:10BA2000E5F794FCF5F7C4B901460068F5F7C0B92D
:10BA300000210120FFF7F6BF08B5E6F7CFFFBDE80C
:10BA40000840E7F7D7B808B5E7F7A2FB002008BD24
:10BA500073B5044616460D4641B30846DCF7D3FDE0
:10BA6000012823D92B782F2B20D162680ABB2946C5
:10BA700001A8E7F71DFC002816DB019B93F82020A6
:10BA8000920702D516F0120F16D1DA691268B2B118
:10BA90006360DB6932461B682946204698470028C8
:10BAA000BABF00236360267202B070BD6FF015004C
:10BAB000FAE76FF00F00F7E76FF01D00F4E76FF0A3
:10BAC0008500F1E710B54368044643B1DB69DB69E3
:10BAD0003BB19847002801DB0023636010BD184686
:10BAE000FCE76FF08500F9E743681BB1DB695B6831
:10BAF0001BB118476FF0080070476FF08500704762
:10BB000043681BB1DB699B681BB118476FF00800E5
:10BB100070476FF08500704743681BB1DB69DB68D5
:10BB20001BB118476FF0080070476FF08500704731
:10BB300010B54368044613B90360184610BDDB69AD
:10BB40009B6A33B198470028F8DB0023C4E900332F
:10BB5000F4E76FF08500F1E713B50446D0B1DCF7E8
:10BB600052FD012816D923782F2B13D1002221460C
:10BB700001A8E7F79DFB00280EDB019890F8203024
:10BB80009B070BD4C369DB6B5BB1214602B0BDE8F8
:10BB9000104018476FF0150002B010BD6FF01D0087
:10BBA000FAE76FF08500F7E713B50446D0B1DCF78C
:10BBB0002AFD012816D923782F2B13D100222146E4
:10BBC00001A8E7F775FB00280EDB019890F82030FC
:10BBD0009B070BD4C3695B6B5BB1214602B0BDE828
:10BBE000104018476FF0150002B010BD6FF01D0037
:10BBF000FAE76FF08500F7E737B50D460446B8B1B0
:10BC0000DCF701FD012813D923782F2B10D1002256
:10BC1000214601A8E7F74CFB00280BDB0198C3691C
:10BC20001B6C4BB12A46214603B0BDE83040184793
:10BC30006FF0150003B030BD6FF08500FAE70368C0
:10BC4000986B704708B5481C05F0E4F9BDE808405A
:10BC5000E7F748BC08B5481C05F081F9BDE8084085
:10BC6000E7F740BC30B5541CC9B00D4620466946C4
:10BC700005F056F840B9204605F071F920B149B0F9
:10BC8000BDE83040E7F72EBC2146681C05F079FA84
:10BC9000F5E708B5C168002201311046F0F7A4FFAE
:10BCA000BDE80840E7F71EBC08B5006804F038FEA0
:10BCB000BDE80840E7F716BC012A10B512D0022AE9
:10BCC00014D0B2B9002914DB0068D0E90442CB17C4
:10BCD0008C429A410DD30A4604F0C7FEBDE81040DD
:10BCE000E7F700BC03689B6B1944EBE703681B692B
:10BCF000FAE76FF0150010BDF7B5044600680A4674
:10BD0000CB1707690D4604F0B0FE20B103B0BDE8C3
:10BD1000F040E7F7E7BBAF4220683E4602DD05F0A2
:10BD2000B5F8F3E73A46FB17856B04F09EFE002852
:10BD3000ECD18DF80300AE4201DB0020E6E720687D
:10BD400001AB01220DF1030104F00FFD0028DDD14C
:10BD50000136F0E773B504460068237A9B06164661
:10BD60000D46026909D4206801AB3246294604F029
:10BD7000FCFC38B9019802B070BDD31704F075FE11
:10BD80000028F0D002B0BDE87040E7F7ABBB07B5C4
:10BD9000006801AB04F03EFC20B103B05DF804EB99
:10BDA000E7F7A0BB019803B05DF804FB30B5084687
:10BDB000C9B069460130154604F0B2FF044668B9BF
:10BDC0009DF80C302846C3F3001300F8013B0DF139
:10BDD0001A01DCF710FC009BC5F80431204649B07D
:10BDE000BDE83040E7F77EBB30B5C9B000680C460F
:10BDF000694604F073FF054670B90DF11A01601C25
:10BE0000DCF7F9FB63783BB19DF80C30C3F300130A
:10BE10002370009BC4F80431284649B0BDE8304087
:10BE2000E7F760BB13B5C068144600236A4601A952
:10BE30000130019304F093FF68B9019BE360009A1D
:10BE40004FF40073236053895B026360D369023B44
:10BE5000A36002B010BD6FF00400FAE783689B682E
:10BE600003B118476FF057007047F5F701BB8368BF
:10BE70005B680BB1002218476FF05700704710B590
:10BE80008AB004462022002101A806F059FB1023A5
:10BE9000079301A9C82320460993FFF7E8FF0AB0DA
:10BEA00010BD38B5002120EAE0744FF4004540F29F
:10BEB000E7304FF47A720023C4FB0501CCF7D0F8C9
:10BEC000BDE83840F6F746B830B504468BB00120DF
:10BED000FFF7E7FF2068FFF7D2FF60BB0B250021CB
:10BEE000182203A806F02CFB08204FF4D573CDE9E7
:10BEF0000103792307932068C82301A90993FFF759
:10BF0000B6FFE0B994F84C20BAB1049BD9B2AA2983
:10BF100015D103F47063B3F5807F0AD1B4F86E30A5
:10BF200043F00803A4F86E308AB92046E7F7BCFC5A
:10BF300008B16FF085000BB030BD039BE6E7013D13
:10BF4000CDD12068FFF79BFF0028EED0F3E7182241
:10BF5000002103A8256806F0F3FA3B220123CDE96E
:10BF600001231023079301A9C82328460993FFF74B
:10BF70007EFFE9E770B50D46002847D041F8280B51
:10BF800083689B69002B44D098470446B0B905F1FB
:10BF90001406304605F06FFD044678B94FF4404270
:10BFA00000233046F5F7EAF9044638B92846E7F7A2
:10BFB00069FB044620B13046FFF757FF204670BDAD
:10BFC0002846FFF781FF0328044616D1012385F890
:10BFD0006C302846E7F756FB04460028EBD128468C
:10BFE000FFF772FF04460028E5D1022385F86C3084
:10BFF0003046BDE87040FFF738BF0028F5D0304626
:10C00000FFF733FF012385F86C30D7E76FF0120498
:10C01000D4E76FF05704D1E708B530B18368DB6827
:10C0200023B19847431E5842584108BD6FF057004E
:10C03000F8E783685B6803B118476FF057007047F3
:10C0400083685B6903B118476FF057007047F0B51C
:10C0500091B0102604460F46154600211C2208A860
:10C0600006F06EFA3246002101A806F069FA0122B4
:10C07000C823039204F17002CDE9052354F86C0B38
:10C080000F9301AA07A907970D960296FFF7D1FF14
:10C09000AB1954F8042F12BA43F8042DAB42F8D16F
:10C0A000002011B0F0BDF5F7E3B910B58AB0044631
:10C0B0001C22002102A806F043FA0D23019394F8F4
:10C0C0004C301BB9B4F862301B0402933123079340
:10C0D0002068C823002201A90993FFF7AAFFC8B965
:10C0E00094F84C20039B62B113F4407F14D113F4F5
:10C0F000604F14D113F4E05F18BF6FF004000AB072
:10C1000010BDDA050ED5C3F34323042B18BF6FF01F
:10C110000F00F4E70120F2E76FF00C00EFE76FF09B
:10C120001500ECE76FF00F00E9E730B5044685B085
:10C1300010220021684606F003FA94F84C307BB3D5
:10C140006A4609212046FFF782FF28B9DDE902325D
:10C15000920F03D0012A1AD005B030BD019940F6E4
:10C16000FC72C3F3034502EA830343EA9173C1F30C
:10C17000C23101330231092D03FA01F301D0AB4082
:10C180005B0A63664FF40073A4F86830E4E7BDF817
:10C1900006201B0403F47C13134301339B02F0E7D6
:10C1A0006FF08500D8E71FB590F84C3033B16A4680
:10C1B0000A21FFF74CFF05B05DF804FB6FF0850026
:10C1C000F9E72DE9F04314461E461A44436E9A429D
:10C1D00091B00546894648D890F86D30012B47D07C
:10C1E00000F11408002200234046F5F7C7F807467F
:10C1F000002840D10146102209A806F0A1F9012E1D
:10C20000B5F86E2004970CBF112312230793B5F8DD
:10C2100068300396970754BF04FB03F22246089246
:10C2200011220D92C8200322CDE90E20CDE9014351
:10C230002868CDF8149042F2107301AA07A906935A
:10C24000FFF7F7FE044648B92846E7F745FA0446E3
:10C25000404624B1FFF727FF6FF073044046FFF715
:10C2600022FF204611B0BDE8F0836FF01504F8E717
:10C270006FF08504F5E76FF00F04F2E70139042948
:10C280000DD8DFE801F003070C070A00436E1360C6
:10C2900000207047B0F86830F9E7E7F71DBA6FF093
:10C2A0008500704783685B6803B118476FF05700DB
:10C2B000704783689B6803B118476FF05700704759
:10C2C00010B53A238AB0CDE9013104464023006815
:10C2D0000793002201A9FFF7E5FF28B9049B236516
:10C2E000002B08BF6FF085000AB010BDFFF7C6BF76
:10C2F000FFF767BFE7F73EBA10B50C460178227822
:10C300008A428AB00FD06946E7F792FC05A9204619
:10C31000E7F78EFC10220DF115010DF1010006F07A
:10C3200090F80AB010BD012A06D0022A07D072B9CF
:10C3300040886388C01AF4E740686368FAE710220F
:10C34000611C01300AB0BDE8104006F07AB86FF009
:10C350001500E6E7042A0AD0102A0DD0022A4FF071
:10C36000000315D103700B8843800120704701231F
:10C3700003700B684360F8E7022300F8013B01F10A
:10C38000100351F8042B40F8042B9942F9D1ECE743
:10C3900018467047012310B50621044600F8013BFA
:10C3A000EFF7E8FA18B9A37963F03F03A37110BD62
:10C3B0000B6803608B8883808B798371037823F00B
:10C3C0000203037070470078C0F3400070470F28E5
:10C3D00007D80D280BD8052808BF032018BF022056
:10C3E0007047132803D01A2808BF0120F6E7012060
:10C3F0007047704770B5C5682E78B5F8010076B9FA
:10C400000F21E9F7E7FA044648B1EB784372314669
:10C41000E9F71EFA2046BDE8704000F097BC70BDF9
:10C4200010B50346BFF35B8F53E8000F40EA0102EB
:10C4300043E80024002CF7D1BFF35B8F10BD01212E
:10C440000C3001F03EBF70B5C56801212888E9F7BE
:10C45000C1FA044690B16E88EA88A9882B89A0F8B1
:10C46000C430A0F8BE60A0F8C010A0F8C220E9F760
:10C470002FFB2046BDE8704000F068BC70BD0B6823
:10C4800003608B88838070470B6803608B88838090
:10C490008B798371704738B5C5680121B5F8010003
:10C4A000E9F798FA044698B12B783BB9D5F80330F0
:10C4B000C0F8AD30D5F80730C0F8B130201D4FF4CA
:10C4C0008051FFF7ADFF2046BDE8384000F03EBC8C
:10C4D00038BD30B402EBC303044608469A4201D18A
:10C4E00030BC7047114611F8085BA54206D1018A9D
:10C4F00053789942F4D330BC536818470A46EDE7A5
:10C50000BFF35B8F50E8003F0B4040E80032002A49
:10C51000F8D1BFF35B8F704770472DE9F843C768C8
:10C520003A78012303EB8203028A93425FD9BDE884
:10C53000F8836369002B33D182F31188BFF36F8FC7
:10C54000204600F003FC01353B789D42EFDA07EB13
:10C5500085030F21B3F80100B3F80360E9F73AFA55
:10C5600004460028EFD000F12809002EE8D04FF053
:10C570004003EFF3118283F31288BFF36F8FE369F7
:10C58000002BD6D0013BE36182F31188BFF36F8F9C
:10C590002046E9F785F8013EF4F7DAFFB6B2E4E7A2
:10C5A000A169186860618B4208BFA06182F311889D
:10C5B000BFF36F8F4FF04002EFF3118182F31288C7
:10C5C000BFF36F8FDA68E261C3F80C80C3F80080B4
:10C5D000626A4AB9C4E9083381F31188BFF36F8FE7
:10C5E0004846F5F753F9D3E713606362F4E7002593
:10C5F000A846A9E773B5C5680121B5F80100E9F7B8
:10C60000E9F9044600284ED02B781A2B00F10406D5
:10C6100019D1C378012B2AD14FF480613046FFF73E
:10C62000FFFE42050FD4D4F8A03000936946D4F839
:10C63000A83001932046E9F747FD204602B0BDE847
:10C64000704000F083BB2B788BB9B5F80330A4F8A9
:10C650009E30B5F80530A4F8A430B5F80730A4F83A
:10C66000A6306FF480713046FFF74AFF17E0BFF342
:10C670005B8F6368BFF35B8FDB05F2D52B78202BD4
:10C68000EFD194F8AC30002BEBD0013B84F8AC3008
:10C690004FF42032002304F15800F5F75FF92046EB
:10C6A000E9F7CAF9C9E702B070BD73B506460D4691
:10C6B00001AA002142F22F00E7F704FD044648B921
:10C6C0000198C368B3F801203280B3F803302B809F
:10C6D000EBF7AEFB204602B070BD38B5C56801214E
:10C6E000B5F80100E9F776F9044688B1E878E7F78C
:10C6F00081FD84F8BC002879E7F77CFD84F8BD0053
:10C700002046E9F707FA2046BDE8384000F01EBB96
:10C7100038BD70B506460D4640F206400321E7F7E6
:10C7200097FC044668B103210C3001F0A3FD06809C
:10C73000857021460022BDE8704040F20640E7F7D0
:10C74000C1BC6FF0680070BDF8B507460E4642F2F6
:10C75000220006211546E7F77BFC044678B1062146
:10C760000C3001F087FD3B880380468085802146A0
:10C770000022BDE8F84042F22200E7F7A3BC6FF0C8
:10C780006800F8BD2DE9F0478146884642F2320044
:10C7900007219DF820A017461E46E7F759FC0546DD
:10C7A000A0B107210C3001F065FDB9F8003003801D
:10C7B00080F80280C7700671A0F805A02946002203
:10C7C000BDE8F04742F23200E7F77CBC6FF068004A
:10C7D000BDE8F087C068E7F717BD10B50388428849
:10C7E000934219D8052B17D9B2F5486F14D883880E
:10C7F000B3F5FA7F10D2C088A0F10A0189B240F6E1
:10C800007644A14208D801339BB25343B3EB800F67
:10C8100034BF0120002010BD0020FCE770B50646A3
:10C820000D4642F221000321E7F712FC044660B1F5
:10C8300003210C3001F01EFD06808570214642F276
:10C840002100BDE87040E7F71FBE70BD73B5C36837
:10C85000D9789A781E8842EA0122ADF800205979E9
:10C860001A7942EA0122ADF80220D9799A7942EA8E
:10C870000122ADF804201A7A5B7AB4B242EA0323AB
:10C8800001212046ADF80630E9F7A4F8054628B99D
:10C8900002212046FFF7C2FF02B070BD6946E9F7EA
:10C8A0005BF938B91E212046FFF7B8FF284600F093
:10C8B0004DFAF1E70E2142F22000E7F7C9FB0446EA
:10C8C0000028F3D00E210C3001F0D4FC00230680A8
:10C8D000C0F80A30BDF800304380BDF802308380D4
:10C8E000BDF80430C380BDF806300381214642F212
:10C8F0002000E7F7C9FDD9E71620704700207047F0
:10C9000008B5072205F09DFDB0FA80F0400908BD8A
:10C910000B6803608B88838070470B6803608B888B
:10C9200083808B798371704700280CBF08460020F4
:10C93000704718B111B10846E8F786B96FF01500D5
:10C94000704713B5044680B106216846EFF712F828
:10C9500048B99DF80530694603F03F0320468DF83D
:10C960000530FFF7E6FF02B010BD6FF01500FAE7E3
:10C97000003818BF01207047034610F4004F0CBF69
:10C9800007200620DA0348BF00F005009B0348BFDC
:10C9900000F0FB007047BFF35B8F0068BFF35B8F55
:10C9A000704710B50346BFF35B8F53E8000F00EAF2
:10C9B000010243E80024002CF7D1BFF35B8F10BDC8
:10C9C0000B6803608B8883808B79837170472DE9B6
:10C9D000F74F0C46202100909246E7F739FB0546B9
:10C9E000002850D020210C3001F044FC20220021EE
:10C9F000814605F0A5FD09F1010B04EBCA0A0026EA
:10CA0000D4F800800023626893420CD30834A24516
:10CA1000F6D1009889F800600022294603B0BDE8ED
:10CA2000F04FE7F74FBB98F8012098F800C0B01C12
:10CA300011181F2908D9BCF1090FC0F11F021AD122
:10CA4000002A18DD4FF0080CD7B2791C0BF806103D
:10CA5000711CC9B25BFA80F00BF801C0D8F8041061
:10CA60000193023705F044FD019B3744FEB20133C8
:10CA700008F10808C7E72846EBF7DAF96FF0150068
:10CA800003B0BDE8F08F6FF06800F9E7012310B440
:10CA900003FA01F1044662B1BFF35B8F54E8003F33
:10CAA0000B4344E80032002AF8D1BFF35B8F10BC7F
:10CAB000704710BCC943FFF774BF2DE9F04F87B032
:10CAC00005469DF84860DDF840909DF844A00C466E
:10CAD00090460021102202A81F4605F031FDEEB954
:10CAE000CDE90248012202A942F20800FFF76FFFD8
:10CAF000044678B9BAF1000F3ED11035BFF35B8F11
:10CB000055E8003F43F0040345E80032002AF7D11E
:10CB1000BFF35B8F204607B0BDE8F08FE8F74AF817
:10CB20008346E4B937BB5846DBF76DFD0923012E78
:10CB3000CDE901B48DF800308DF80100CDF80C80FE
:10CB4000D0D1CDF810D005960222CCE714F83320CE
:10CB5000083A012A25D901339845F7D1E2E70023A5
:10CB6000FAE717F83320083A012A1AD90133994510
:10CB7000F7D1D8E70023FAE7022E4FF0010208BFF1
:10CB8000059202A908BF324642F2090008BFCDF85B
:10CB900010D0CDE90279FFF71AFF0028ADD0044686
:10CBA000B8E76FF01504B5E7436813F008000AD042
:10CBB0005A0307D403F4C063B3F5806F14BF022097
:10CBC000012070470120704770B5064686B00D46BB
:10CBD00042F20A000121E7F73BFA0446B0B10C30FB
:10CBE00095B1012101F055FB06F1100203A9204681
:10CBF00000950723E7F71AFA0022214642F20A00BD
:10CC0000E7F760FA06B070BD2946EBE76FF0680001
:10CC1000F8E7183005F0A2B8E8F774BB2838E8F751
:10CC200035BC10B50446006918B1EBF701F90023D3
:10CC3000236110BD2DE9F0410446002704F13806B8
:10CC400000230022304601F0BAFA034650B92046CC
:10CC5000FFF7E7FF04F158000022BDE8F041002390
:10CC6000F4F7B0BE9D699F61EBF7E2F8002DE7D0C5
:10CC700029462046E8F73AFCE0E770B51646044638
:10CC80000D46E8F703FC012E17D0022E17D12369B9
:10CC900013B12046FFF7C5FF256121690A8A012AE1
:10CCA00037D9CB681B8804339BB29A4231D328D939
:10CCB0002046BDE87040FFF7B4BF206918B9204690
:10CCC000FFF7AFFF01E02E8A26B92846BDE8704085
:10CCD000EBF7AEB80C3001F008FB864207D92169AA
:10CCE0000022204600F067F900232361EDE7206968
:10CCF0002A8AE9680C3001F0C3FA2846EBF798F865
:10CD0000CBE70023236120460122BDE8704000F0FC
:10CD100052B970BD10B5BFF35B8FD0F8C830BFF308
:10CD20005B8F00F1C8027BB1BFF35B8F591C52E8E7
:10CD3000004F9C4204D142E8001CBCF1000FF6D128
:10CD4000BFF35B8FE7D110BD1846FCE700F1C803C5
:10CD5000BFF35B8F53E8001F013943E80012002A3C
:10CD6000F8D1BFF35B8F428840F201139A4208D199
:10CD7000BFF35B8FD0F8C830BFF35B8F0BB9E8F718
:10CD8000FDBA70472DE9F84307460E469046002449
:10CD90004FF0D009B44203D100231846BDE8F88310
:10CDA00009FB0470FFF7B6FF034658B1857A012DE1
:10CDB00002D0073D012D03D81A884245EDD0184610
:10CDC000FFF7C4FF0134E5E710B50446E9F72EF993
:10CDD0002046BDE81040E8F73BBB38B5037A8B42EC
:10CDE0000446154615D100F188010722284605F0B2
:10CDF00028FB80B1E378072243B904F19601284665
:10CE000005F01FFBB0FA80F0400938BD04F18F0136
:10CE1000F5E70020F9E70120F7E708B5E8F7FAFEA3
:10CE200010B1FFF793FF012008BD88307047F8B5B7
:10CE300007460D4642F213000E21E7F709F90646B0
:10CE4000D0B10E210C3001F015FA0E22044600215B
:10CE500005F076FB3B8823802B8863806B88A3805A
:10CE6000AB88E380EB88238131460022BDE8F8409F
:10CE700042F21300E7F726B96FF06800F8BD70477B
:10CE8000F8B507460E46154600234FF480320421BC
:10CE90000020E8F7BFFD044630B104210C3001F05A
:10CEA000E9F90770467045802046F8BD704770B5B7
:10CEB000D0E90035044623B16B6803B198470023DD
:10CEC0002360E3680BB1204698472B6A1BB12046CC
:10CED000BDE87040184770BD38B5006D30B150F8EE
:10CEE000084904B1083CFFF7E2FF04B938BDA56862
:10CEF0002DB12046083DFFF7DAFF2C46F7E7204624
:10CF0000BDE83840FFF7D3BF0431E8F783BD2DE912
:10CF1000F041144605460F4602F10C0004211E465E
:10CF2000DDF8188001F0BDF9228A4780043A0280BA
:10CF30004346324621462846BDE8F041E8F7EEBBBD
:10CF400037B50B8A032B05460C4627D9042104F17B
:10CF50000C0001F0B6F9238A42889A421ED141782A
:10CF6000E1B10378012B19D0132B17D00222012035
:10CF70002D68FFF785FF044680B102210C3001F0D7
:10CF800079F9002303704370224600930521284657
:10CF9000FFF7BDFF10B12046EAF74AFF002003B0BB
:10CFA00030BD006D30B183898B42A0F1080001D003
:10CFB0008068F7E7704738B50B8A032B05460C46A7
:10CFC00004D82046BDE83840EAF732BF042104F116
:10CFD0000C0001F076F941882846FFF7E2FF0028AF
:10CFE000EFD0436821465B699847EAE770470346FC
:10CFF000006828B1596802681A60884208BF5A6000
:10D0000070470346002003B970471A8A5B681044D2
:10D01000F9E710B5D4682378023113B921700120E3
:10D0200010BD8B42FBD0038A023B038200201061BB
:10D03000F6E70620704708B5837A072B01D0002059
:10D0400008BD0421FFF7ADFF0028F8D0BFF35B8FC8
:10D05000036BBFF35B8F5B07F1D550F8040CEFE770
:10D0600073B51446014605464FF49572206800F0EA
:10D0700052FF207500BB237AB3B1A3F118025342CB
:10D0800053419B000193638A0093AE68238AE26850
:10D0900020682946B047002808DB238A98420ED131
:10D0A00000232375012008E00223EBE710F1FF0FB6
:10D0B00005D34042C0B22075002002B070BD0E20E2
:10D0C000F9E71FB5CDE90123002300931A46EAF7DB
:10D0D00073F905B05DF804FB2DE9F04F91B01668C7
:10D0E00080460F46002542F601030068D6F80490FA
:10D0F0008DF82C500BA91446ADF82E30FFF7FCF834
:10D10000002800F089804FF42053D8F800008DF8F3
:10D110002C500BA9ADF82E30FFF7EEF838B1A3680C
:10D120001BB15A88BA4200D25F8001200EE06168CC
:10D130000846FFF766FF728B738D9A4294BFC0EB6F
:10D140000200C0EB0300032803D8002011B0BDE8A3
:10D15000F08F084601F068F805466068FFF751FF58
:10D16000728B738D05F10C0B9A4294BFC0EB020ACF
:10D17000C0EB030A584601F0B8F8824544D2606813
:10D18000FFF73FFF728D738B9A4294BFC0EB020092
:10D19000C0EB030070B96368987AEAF79BFD002240
:10D1A000002301F007F805460028CED0014660684C
:10D1B00001F04BF800230093D8F80460102302AA72
:10D1C00041464846B047061E26DB227CE068B24254
:10D1D0001ED001460BA8FFF7BDF8E8B1F2B202A9D4
:10D1E00006A8FFF7B7F8B8B106A90BA8FFF784F8AF
:10D1F00090B900236374042105F10C0001F03AF8A2
:10D20000A0600780A3688FE7584601F06EF8C1E779
:10D2100002A905F016F9EBE70023A36085E770B4D7
:10D2200005686A6A52B3136803B1A03BA2F1A00477
:10D230000022114600E0A03B844207D0668D648B3B
:10D24000B14238BF3146A24238BF22461C462BB1FC
:10D25000D3F8A030002BEED18442EFD1438D408B28
:10D260008B4201D890420BD9824238BF0246994284
:10D27000286838BF194670BCEAF7E6BC1146EDE7EE
:10D2800070BC7047D0680378043113B90170012075
:10D2900070478B42FBD091680B8A0020043B0B82C5
:10D2A00010617047F8B59368166805460F46144636
:10D2B00063B9506801210C3000F0DCFFA0602B68DE
:10D2C0001B78002B14BF022301230370A3681B7873
:10D2D000012B03D0022B1FD000201CE02B681B78F1
:10D2E000002BF9D1606804210C3000F0C3FFE0602E
:10D2F00007802A68E36852885A806168728D738B50
:10D30000088A9A4294BFC0EB0200C0EB03000428D5
:10D3100094BF00200120F8BD2B681B78022BDBD1C5
:10D32000606812210C3000F0A5FFE06007802B68D8
:10D33000E268591C0232113351F8040B42F8040B15
:10D340009942F9D16168728D738B088A9A4294BFB1
:10D35000C0EB0200C0EB03001228D9E72DE9F04F23
:10D36000044685B0104690469946FFF74AFE638B07
:10D37000628D934228BF134683428B4640F29380CE
:10D3800063680393404600F04FFF4FF0000A0646E3
:10D390004046FFF736FE628B638D06F10C079A421A
:10D3A00094BFC0EB0205C0EB0305384600F09DFFBB
:10D3B000854217D24046FFF724FE628B638D9A4266
:10D3C00094BFC0EB0205C0EB03058DBB98F80A00C3
:10D3D000EAF780FC0022002300F0ECFE064630B99C
:10D3E000574636E0384600F080FF0546EDE7014637
:10D3F000404600F02AFF4046FFF703FE628D638B34
:10D4000006F10C079A4294BFC0EB0205C0EB03057E
:10D41000384600F06AFF85421FD24046FFF7F1FD13
:10D42000628D638B9A4294BFC0EB0205C0EB03058B
:10D43000F168328ACDF80090DBF8047003980A4452
:10D44000ABB25946B847071E0CDABAF1000F18BF45
:10D450005746384605B0BDE8F08F384600F045FF26
:10D460000546E5E70E9BB3B9394606F10C0000F01E
:10D4700001FF4046FFF7C5FD638D628B934228BFD5
:10D480001346B9448342BA441FFA89F9A8D9AF4276
:10D490003FF47EAFA4E70F9A0E9B3946304698477B
:10D4A0000028E1D19CE70027D3E70368002203B9F5
:10D4B00070478B420FD10B683AB9426803609142C2
:10D4C00000D1436000230B607047136043689942AA
:10D4D00008BF4260F6E71A461B68E8E701238B4065
:10D4E000DB43BFF35B8F50E8002F1A4040E8002178
:10D4F0000029F8D1BFF35B8F70470620704710B545
:10D50000012303FA01F1BFF35B8F50E8003F43EAC8
:10D51000010240E80024002CF7D1BFF35B8F1942D1
:10D5200014BF0120002010BD73B516680546002306
:10D530007068137314462946952200F0ECFC2073A2
:10D5400080B9CDE900002946A388A2683046FFF7DC
:10D5500005FF002809DA10F1FF0F26BF4042C0B2D4
:10D560000E202073002002B070BD0120FBE72DE9E2
:10D57000F341166807460023706813731446394652
:10D58000952200F0C8FC0546207308BBA068718D89
:10D59000728B038A914294BFC3EB0103C3EB020376
:10D5A000012B15DD02210C3000F064FECDE90055A1
:10D5B0008046A388A26839463046FFF7CFFE031E97
:10D5C0000ADA13F1FF0F26BF5B42DBB20E2323738F
:10D5D000002002B0BDE8F081A8F800300120F8E793
:10D5E000F8B504468868FFF70CFD638D628B9342A3
:10D5F00028BF134683420D460BD3A1638F680026D4
:10D600008E6020463946E8F789FF08B1AF60A6630F
:10D61000F8BD6FF07900FBE738B5BFF35B8F0B689F
:10D62000BFF35B8FDB07054617D550F8040CA0B19C
:10D630006B6B93B90430FFF7DAFC044668B101461E
:10D64000281FFFF7CDFF002807DA55F8043C5A6879
:10D6500022609A685C6002B99C6038BD2DE9F04197
:10D66000446A07463CB354F8A06906B1A03E0023C3
:10D670001D4607F1040801E034461646A26B9AB92C
:10D6800005B98BB94046FFF7B2FC054658B10146D3
:10D690002046FFF7A5FF00280DDA7B682B60BB68EA
:10D6A0007D6003B9BD6023462EB1D6F8A020002AC4
:10D6B000E2D0A03AE0E7BDE8F08170B50022044670
:10D6C000002308460E4600F07AFD054658B1014693
:10D6D0002046E8F723FF044618B12946304604F0F7
:10D6E0005AFA204670BD6FF00104FAE7F8B550F819
:10D6F000044C0546071F04213030FFF7EFFE04B34A
:10D700006B6B8BB963687BB1201DFFF770FC014622
:10D7100006463846FFF764FF002812DA6368336074
:10D72000A368666003B9A66005F138013846FFF7C3
:10D73000C4FF30B104F10C013846BDE8F840FFF7F2
:10D74000BCBFF8BD38B504460D46E8F7E7FE30B17A
:10D75000294604F13C00BDE8384000F05FBD38BD0B
:10D760002DE9F041884617460121042205461E4650
:10D77000E8F7B8FD044670B104210C3000F07AFDE2
:10D7800080F80080A0F80170C67021462846BDE8E8
:10D79000F041FFF7D7BFBDE8F08137B50C4605462D
:10D7A00001F10C0000F095FD228A0192E2680092DE
:10D7B0000346132212212846E8F77CFF03B030BD50
:10D7C00037B50C46054601F10C0000F082FD228AB7
:10D7D0000192E26800920022034611462846E8F7CB
:10D7E00069FF03B030BD086883689B690BB10430E2
:10D7F0001847704710B50C460AB9FFF7F4FF2046EA
:10D80000BDE81040E8F7D2BC2DE9F84306460D46C6
:10D81000144622B1BDE8F8430846E8F7C7BCFFF755
:10D82000E2FFAF68B5F80480D5F80C902846E8F719
:10D83000BDFC2FB9BDE8F88349463046B8470134EE
:10D84000A3B24345F8D3F5E710B50C460AB9FFF784
:10D85000CAFF2068836B2BB14FF470220023703015
:10D86000F4F7B0F82046BDE81040E8F79FBC10B5CB
:10D870000C460AB9FFF7B7FF206801213430FFF7E3
:10D880002DFE2046BDE81040E8F790BC10B50C46D0
:10D890000AB9FFF7A8FF206800213430FFF71EFE09
:10D8A0002046BDE81040E8F781BC70B50E4615462D
:10D8B000FFF7C1FB78B1436A6BB1184650F8A03945
:10D8C00003B1A03B691C428B448DA24228BF224673
:10D8D000914202D93BB9002070BD2A463146BDE8CD
:10D8E0007040E8F7FFBCD3F8A04004B1A03C184654
:10D8F0002346E8E730B4438D448BA34202F101058F
:10D9000028BF23469D4202D830BCE8F7EBBC00207C
:10D9100030BC704707B5CA681388528800920C2142
:10D920000D22E9F751F803B05DF804FB07B5CB68A9
:10D9300000221B8800920A210B22E9F745F803B068
:10D940005DF804FB70B5CB681E88B3B2162B044695
:10D950001BD902220321FFF7CDFF0546B8B10221F2
:10D960000C3000F087FC6FF00D030370012343704F
:10D9700029462046FFF7E6FE4FF4F97320466383FD
:10D980006685FFF74CFC002070BD0420FCE70E20EC
:10D99000FAE70A8AC9680023E9F7BCB970B50E46F0
:10D9A000FFF749FB044640B9B069E8F7FFFB304692
:10D9B000EAF73EFA6FF07F0070BD00F10C052846D3
:10D9C000314600F02BFC606A38B150F8A04904B130
:10D9D000A03C2946FFF771FE20B90020ECE71C4669
:10D9E0006FF00100002CF8D0D4F8A03023B9023039
:10D9F000F5D020461C46ECE7A03BF8E710B50C46F6
:10DA0000FFF719FB60B10023236083682BB9C0E9DD
:10DA10000144FFF723FE002010BD1C608460F8E77E
:10DA20006FF07F00F8E70120704710B5FFF703FBA8
:10DA300050B1446A44B1A03C04F134000521FFF721
:10DA40004DFDD4F8A040F5E710BD08B50421FFF75F
:10DA5000A8FA30B1BFF35B8F006BBFF35B8FC0F3ED
:10DA6000401008BD8069C0E902120122828003745F
:10DA700070471060002070470B4609895A8A91420E
:10DA800038BF11469A8A8A4203D099829B6903B1B2
:10DA90001847704710B5029CA3680A460BB121468F
:10DAA0009847A37DE268013BDBB2A37522B11BB9A5
:10DAB0002046BDE81040104710BD10609180002046
:10DAC0007047F0B507683D7889B006461446DDB961
:10DAD0007B88B3F5245F04D010D8A3F52053032B23
:10DAE00012D8ADF80A1002220DF10A012046FDF706
:10DAF000F6FE68B96FF01502A26506E003F556431D
:10DB0000FF339BB2042B1ED90125284609B0F0BD76
:10DB10007B88ADF80A3002220DF10A012046FDF79C
:10DB2000DEFE0028E6D00020009003AA77681323C9
:10DB30003146B847021EDFDB03A92046FDF7CFFEC2
:10DB40000028E1D1D6E7ADF80A1002220DF10A0152
:10DB50002046FDF7C4FE0028CCD07B88ADF80A3003
:10DB600002220DF10A01E8E708B5072204F069FC7A
:10DB7000B0FA80F0400908BDBFF35B8F0068BFF3C7
:10DB80005B8F704710B5012303FA01F1BFF35B8F80
:10DB900050E8003F43EA010240E80024002CF7D19E
:10DBA000BFF35B8F194214BF0120002010BD10B5D8
:10DBB0000346BFF35B8F53E8000F00EA010243E81E
:10DBC0000024002CF7D1BFF35B8F10BDF8B599424C
:10DBD0000446089EDDE906070D4601D90020F8BD80
:10DBE000914201D20120FAE760B98FB933880A9ACD
:10DBF000013B33802946099B204698473388002BF8
:10DC0000EDD1EBE72168FEF777FB0028EDD0E9E7DF
:10DC1000E368BB42E6D1E9E70B6803608B88838049
:10DC20008B79837170470023036043608360704782
:10DC300038B500F1880504462946007AFEF75EFEF5
:10DC4000207A2946E9F774F918B1BDE83840FFF7A2
:10DC5000EABF38BD022A10B508D1002300F18801BF
:10DC60001A46007AE9F7C6F9022010BDFFF7E0FF77
:10DC7000FAE738B5BDF81040944215460AD3A41A05
:10DC80008C42A8BF0C46A4B22246591904F030FCBD
:10DC9000204638BD6FF00604FAE730B585B0C96894
:10DCA00014461D46E9F764F900B10089ADF80E008D
:10DCB00002230093BDF820200DF10E0329462046D3
:10DCC000FFF7D7FF05B030BD1FB50C461946E36816
:10DCD0001C781046BDF818203CB11024013306947E
:10DCE00004B0BDE81040FFF7C4BF5B88ADF80E304C
:10DCF000022300930DF10E03FFF7BBFF04B010BD2C
:10DD000030B585B01D46002314468DF80C30E9F778
:10DD1000E1F810B1037A8DF80C3001230093BDF8BF
:10DD2000202003AB29462046FFF7A3FF05B030BDF6
:10DD30002DE9F04114461D46BDF81870E6F73AFF8C
:10DD40000646DAF760FC80B2069033463A4629462A
:10DD50002046BDE8F041FFF78CBF30B585B01446D2
:10DD60001D46FEF7C9FD0223ADF80E000093BDF875
:10DD700020200DF10E0329462046FFF77AFF05B05B
:10DD800030BD1060002070472DE9F0411F46BDF8FE
:10DD90001830012B064690462ED83B44012B3D46B9
:10DDA0002DDCE9F797F8044618B9E9F793F804462B
:10DDB00040B397B1217A98F80020002321FA03F0AC
:10DDC000C70703D522FA03F0C0071ED50133032B82
:10DDD000F4D102F007021143217206F18801601CA0
:10DDE000FFF71AFF2046337A00F80C3B0021FFF7BB
:10DDF000C9FE2846BDE8F0816FF00605F9E76FF02F
:10DE00000C05F6E76FF01005F3E76FF01205F0E789
:10DE100038B504461546FFF706FE50B12046E9F72F
:10DE200059F830B1037ADB0703D500210C30FFF736
:10DE3000A9FE35B9207A04F18801E9F779F800B133
:10DE4000856038BD10B5BDF80810BDF810408C4293
:10DE500010460BD3641A9C42A8BF1C46039BA4B275
:10DE60002246194404F044FB204610BD6FF006041E
:10DE7000FAE713B5044610B9002002B010BD002324
:10DE80008DF80430006842F6030301A9ADF80630AE
:10DE9000FEF732FA0028EFD1E36898880028ECD129
:10DEA0002046E9F759FA013080B2E6E770B5CC6850
:10DEB00088B008461E46A3798DF80C301546FFF74A
:10DEC000D8FFADF80D00246823786BB96388ADF8EE
:10DED0000F3005230093BDF8302003AB31462846B0
:10DEE000FFF7C7FE08B070BD631C0DF10F021134BF
:10DEF00053F8041B42F8041BA342F9D11323E9E7AA
:10DF00001FB5CDE90123002300931A46E9F754FA1F
:10DF100005B05DF804FB12F0010F4B8A04D013F03A
:10DF2000950F10D0486870B112F0020F04D013F4AE
:10DF3000957F0AD0896841B11A4012F03C0F14BF96
:10DF400005200020704702207047032070472DE90C
:10DF5000FF41837A072B05460C46164610D1002355
:10DF60008DF80C30206842F6030303A9ADF80E309B
:10DF7000FEF7C2F960B9E3689B7913F0300F03D163
:10DF8000002004B0BDE8F0812046E9F7CDFB04464F
:10DF9000002320688DF80C3003A942F60213ADF877
:10DFA0000E30FEF7A9F918B12046E9F7BDFB04468B
:10DFB000002742F6021820688DF800706946ADF817
:10DFC0000280FEF799F920BB002320688DF80C3001
:10DFD00003A942F60213ADF80E30FEF78DF90028C2
:10DFE000CED1E4682246284612F8011BFEF7F5FE62
:10DFF00010B123891E420AD1A17A04F10B022846EE
:10E00000FEF7EBFE0028BBD0638A1E42B8D0012089
:10E01000B7E720688DF8047042F6030301A9ADF854
:10E020000630FEF769F90028CED020688DF8087018
:10E030004FF4205302A9ADF80A30FEF75DF900282D
:10E04000C2D020688DF80C7042F6010303A9ADF828
:10E050000E30FEF751F90028B6D02046E9F764FBF0
:10E0600004460028A7D18BE72DE9F843884651687C
:10E070004B8A03F01403074614464BBB0122FFF7FB
:10E0800066FF48B3A2891B2102323846FFF70DFC18
:10E09000054620B300F10C090221484600F0EAF8D9
:10E0A0000646484626F8028BA18900F0E3F8A289CB
:10E0B000A168304604F01CFAD4E904122846012372
:10E0C000FFF7D0FC29463846BDE8F843FFF766BCA9
:10E0D0004FF0FF30BDE8F8836FF01500FAE76FF0FE
:10E0E0000B00F7E7F8B506460F46E8F7F3FED0B1A8
:10E0F000037ADB0717D500F10C042046FFF73CFD3F
:10E1000010F001050FD17FB16FF002012046FFF73B
:10E110004EFD10F00207304608D0FFF786FC294676
:10E120002046FFF72FFD01252846F8BDFFF77BFCB1
:10E130000028F9D03046FFF788FC0028F4D06FF0B3
:10E1400002012046FFF733FD3046FFF76EFC3946EB
:10E15000E6E7F7B500214FF0FF324FF0FF330768D5
:10E160000846FEF7D1FE00F10C06044601213046B8
:10E1700000F080F8052505700121304600F07AF89E
:10E18000002305702246009306213846FEF7BFFEA5
:10E1900010B12046E9F74CFE002003B0F0BD6FF04F
:10E1A0008500704700207047704700230382436951
:10E1B000C3607047416A49680968E9F7BBBDF3F776
:10E1C00093B94FF04003EFF3118283F31288BFF34A
:10E1D0006F8F00230B60436833B9C0E9001182F3ED
:10E1E0001188BFF36F8F704719604160F7E710B572
:10E1F00003464FF04002EFF3118182F31288BFF320
:10E200006F8F006828B15C6802681A60A04208BF7E
:10E210005A6081F31188BFF36F8F10BD03F0B0BC5B
:10E22000027A013202727047034618465B68002B7F
:10E23000FBD17047426810B52AB10B461C465B689B
:10E24000002BFBD16260416010BD10B5044620B9BF
:10E250000B7A01330B72084610BD034618465B6803
:10E26000002BFBD1FFF7E6FF2046F5E783680B4460
:10E27000036070478388026819448180D018704712
:10E2800030B484880568A3188380281930BC04F052
:10E290002FB910B5838802685C1C8480D154D018D3
:10E2A00010BD034600689A88401A1144186099808E
:10E2B00070478288521A03468280006808441860BA
:10E2C0007047034600689A88521A01449A80196080
:10E2D000704710B503681C880221FFF7EAFF20464B
:10E2E00010BD02688068101A70478388C2888168F0
:10E2F000D21A03685B1AD01A704703691869FDF7D0
:10E30000F5BF00690069FDF7F5BF00690069FDF719
:10E31000EFBF10B503691C695B681868FDF77CFEE8
:10E3200028B194F8B000023818BF012010BD0220B7
:10E33000FCE738B503691C6994F8B020022A10D0B4
:10E340005D682868FDF768FE68B128682146FDF71A
:10E3500011FE18B1012384F8B03038BD022384F8CF
:10E36000B0300020F9E70220F7E710B50369C0E9F3
:10E3700005330023C360837F044613B1407A03F062
:10E3800073FA0123237700236377E377A37710BD24
:10E39000F2F7F4BFF3F76CB80378017903F00F02DA
:10E3A00021B9003A18BF012250427047082A06D806
:10E3B000012907D183F0080040F3C00070474FF0F7
:10E3C000FF3070470020704738B50446E9F770FD0C
:10E3D000054660B1037A6BB120460024F2F7B0FB2A
:10E3E0002846AC77FFF7C1FF2C72204638BD6FF08E
:10E3F0001500FBE76FF07700F8E770B504460E46AE
:10E400001546EAF735FA30B906B925B12046BDE818
:10E410007040EAF775BA70BD10B403460838BFF310
:10E420005B8F50E8002F511C40E80014002CF8D1FD
:10E43000BFF35B8F12B910BCEAF7E6BA6FF00F02B8
:10E4400010BC9A6670470369C9B20C2201FB023303
:10E45000186C00F0070070474FF04003EFF3118293
:10E4600083F31288BFF36F8F036803F0C00343F098
:10E470000203036082F31188BFF36F8F704770B59A
:10E48000C9B203694FF04004EFF3118584F3128899
:10E49000BFF36F8F0C2606FB0134246C14F0C0040C
:10E4A00008D0A24206D085F31188BFF36F8F4FF0DA
:10E4B000FF3070BD06FB013301221A6485F3118819
:10E4C000BFF36F8F436803EBC1035B68984700207D
:10E4D000EFE78022FFF7D3BFF8B5069F0469C9B202
:10E4E0004FF04005EFF3118685F31288BFF36F8F6D
:10E4F0000C2505FB0144256C05F0070CBCF1010F50
:10E500000CD1276486F31188BFF36F8FC4E90E2303
:10E51000436853F8313098470020F8BD05F0C00536
:10E52000AF4286F31188BFF36F8F0CBF6FF0770097
:10E530004FF0FF30F1E713B580240094FFF7CCFFD4
:10E5400002B010BD10B40069CBB21C2403FB040060
:10E55000002110BC10470020EDF7D6BB002001F0D1
:10E560001EB81046F2F7F4BF0020704738B50C46CD
:10E570001546E6F713FB28B129462046BDE838408A
:10E58000E5F70CBE6FF00A0038BDF7B50F4616462A
:10E590004FF480650024A64203D816D0162003B09D
:10E5A000F0BD331BB3F5806F38BF1D462A4601AB63
:10E5B00039190020F4F712FC20B9019BAB4201D1BC
:10E5C0002C44E8E76FF01500E9E70020E7E70022B8
:10E5D00008B511461046F4F7D1FB002818BF6FF0BC
:10E5E000150008BD43685B68D3F810350B60002048
:10E5F000704743685B6802EA010021EA0201C3F840
:10E600000805C3F80C150020704743685B680020BC
:10E61000C3F80815704743685B680020C3F80C1501
:10E62000704743685A68D2F8043521EA03000B406A
:10E63000C2F80805C2F80C350020704710B5036910
:10E640005868F8B1884219D19C6808685860A1429E
:10E6500000D19860002008602AB15A680A609A6860
:10E66000596002B99960002010E0814206D1086823
:10E67000206098688142EDD19C60EBE70446006819
:10E680000028F2D1002AE8D16FF0150010BD13B5B3
:10E690004FF080520829136E526E28BF082112BA1B
:10E6A00000921BBA0C460A466946019303F020FF0C
:10E6B000204602B010BDCA074368006905D4C1F303
:10E6C0004202012A04D0022A0AD06FF015007047D6
:10E6D0001B684FF0CC72C3F82425416300207047BB
:10E6E0001B684FF0CD62F6E7CA07436805D4C1F353
:10E6F0004201012904D0022909D06FF015007047AA
:10E700001B684FF0CC72C3F82425002070471B68AB
:10E710004FF0C862F7E7002201210320E4F744B973
:10E7200013B5002101AA044600F0FBF8002805DB20
:10E73000019B226819791868EBF7BCFC02B010BD88
:10E740000129036907D193F8F10010F001000CD002
:10E7500003F11400704739B993F8F10010F002008A
:10E7600003D003F17C0070470020704791F8E83037
:10E77000012B10B50C4609D1D1F8E000F0F74EF8A6
:10E7800054F8040CBDE81040FCF786BCBDE810400E
:10E79000081FEBF72DB938B54B68C0F8E83090F892
:10E7A000ED30012B04460D4610D0D0F88400002235
:10E7B0000023F2F73DFC002808DA0423D4F8E40033
:10E7C00084F8EC30F0F712F8002038BDD4F8E400FB
:10E7D0002946EFF7C7FF0120F7E77FB500690191F0
:10E7E00090F8F130DC0715D590F8EC305C1E012C68
:10E7F00010D8046A94420DD1022B11D190F8F03058
:10E8000073B10024CDE9024180F8F04002A9FFF77E
:10E81000C2FF18B96FF0040004B070BD2046FBE7DA
:10E82000446A631C00F14C0516D024EAE4744FF4EA
:10E83000004640F2E73000214FF47A720023C4FB17
:10E840000601C9F70DFC02460B4601A92846F2F75E
:10E85000E5FC00EAE070DFE74FF0FF321346F4E733
:10E860004B1E012B73B504460D461ED800F14C0615
:10E870000022002301A93046F2F726FD80B1022DC7
:10E8800015D104F1B4050022002301A92846F2F7AE
:10E890001BFD60B90199D4F8840003F094F8F2E705
:10E8A0000199E06903F08FF8E2E70029E9D002B0AE
:10E8B00070BDF8B5046994F8F1300E469907154615
:10E8C00002D46FF00400F8BD94F8EC30042B04F18E
:10E8D000B40720D0D4F88C305A1C1FD023EAE37C34
:10E8E0004FF4004E40F2E73000214FF47A720023DB
:10E8F000CCFB0E01C9F7B4FB02460B463146384645
:10E90000F2F7E2FC10F1230FDBD00028DBD1D4F8C2
:10E9100088302B60D7E700221346EFE74FF0FF3235
:10E92000FAE730B543681360057A446804EBC50420
:10E93000A34202D36FF0010030BD5C798C4201D05C
:10E940000833F0E70020F7E710B50469204603F02C
:10E9500092F80023636110BDF0B4D0E901631B6934
:10E960003BB177688F4208DB3568954205DCF0BC27
:10E9700018476FF05700F0BC70476FF01500FAE7CA
:10E9800070B4D0E90162156A03460C469DB1327E2F
:10E9900012B92B4670BC18477069024410F8011B6D
:10E9A000A14202D121461846F3E79042F6D16FF01A
:10E9B000850070BC70476FF05700FAE72DE9F3410E
:10E9C000D0E901870E4698F819100569FF29044619
:10E9D00023D1D8F80820B2F1004F05D011462046C7
:10E9E000FFF7BAFF00281CDBD8F80030B3F1004F66
:10E9F0001AD0A3685B698BB301A920469847002809
:10EA00000FDBD8F80020019B9A4222DD11462046F8
:10EA1000FFF7A2FF00280DDA03E0FFF7B1FF00289F
:10EA2000D7DA02B0BDE8F081D8F804206FF00043D7
:10EA30009A42DED146B998F81A309B0707D03B6856
:10EA4000204698470028ECDB6B6901336B6100209E
:10EA5000E7E7D8F804209342ECDDD7E76FF05700E2
:10EA6000DFE7F0B403460A461979DB8800681343F0
:10EA7000066987683468DA0748BF83F440230125B4
:10EA80008D4023F48012DB074CBF2C43AC43346031
:10EA90003B68F0BC1847012303FA01F103691B68C6
:10EAA000194218BF82F0010212B18368DB6818476F
:10EAB00083681B69FBE743681868B0F1004018BF22
:10EAC000012070470346084631B95B681B68B3F103
:10EAD000004F01D0136070476FF0150070472DE9AB
:10EAE000F04106464568FFF72FFF7368686A9C7E11
:10EAF00004F0030814F0030418BF012488B105F1E1
:10EB0000240702F0C5FED8B1B8F1000F0FD04FF4C2
:10EB1000D0113846FFF7A5FF00280FDBE86902F0A7
:10EB2000B2FE21463046BDE8F041FFF747BF4FF443
:10EB3000B0113846FFF795FF0028F2DABDE8F08102
:10EB40006FF01200FAE74368586A20B193F8281072
:10EB50000022FFF7A0BF6FF08500704703460A460A
:10EB600000681979012303FA01F103691B6819424E
:10EB700018BF82F0010212B18368DB68184783680E
:10EB80001B69FBE710B484682468A44610BC604786
:10EB900007B5016940684968006801230DF1070263
:10EBA000EBF780FB38B99DF80700FF3818BF01204C
:10EBB00003B05DF804FB6FF00400F9E70120704733
:10EBC0002DE9F7434FF47A7582FB0525D40B44EA0F
:10EBD000454425F4FF4540F2E7334768D0F81080FC
:10EBE00025F07F05E003C01845EA54450E464FF472
:10EBF0007A7245F100010023C9F732FA05468946C9
:10EC0000002E04DC6FF0730003B0BDE8F083D8F889
:10EC10000410386801230DF10702EBF743FB0028CD
:10EC2000F2D19DF80730FF2BEED028464946F3F786
:10EC300091F9361BE4E72DE9FF4704694668CDF8F2
:10EC400008D00123002A0D4603934FF015020CBF94
:10EC500015230923FF21814604F130000193009020
:10EC600003F06EFC2B6803F03F0343F0400384F88D
:10EC700031306B6884F835301A0C190E84F8332063
:10EC8000C3F3072284F8321084F8342004F13101F0
:10EC900005220020FBF740FF40F0010084F8360019
:10ECA00002AB616830681A46FFF76CFF0446002823
:10ECB00047D1D9F81060019FD9F804A006F13008B7
:10ECC000474406F13802974213461FD825D013F85F
:10ECD000012BAA606AB112F0600F40F083805007E8
:10ECE00000F18380110700F1838012F0120F40F0D1
:10ECF0008280A96901F0F002302A64D029D8102A54
:10ED00001FD0202A53D06FF085041AE093F9001029
:10ED1000002902F10102D6DBD9E710277168DAF881
:10ED2000000001234246EBF7BDFA002866DB96F8A7
:10ED30003030FF2B09D1013F17F0FF07EED16FF004
:10ED40007304204604B0BDE8F08706F1310743465E
:10ED5000BDE7602A37D024D801F0E0014029D2D1A4
:10ED60000022EA604FF00409EA68BB424FEA02223F
:10ED7000EA600BD17168DAF800000123424606F11F
:10ED80003107EBF78FFA002838D1434613F8011BFF
:10ED9000EA6809F1FF390A4319F0FF09EA60E3D193
:10EDA000CFE7702ADBE712780133002AC9D1BB42D2
:10EDB0001A46F8D3C5D14FF47A7240F6B8314846B6
:10EDC000FFF7FEFEBDE7BB4208D17168DAF800002C
:10EDD00001234246EBF766FA80B943461B781B02D3
:10EDE000AB60AEE76FF00D04ABE76FF01504A8E77A
:10EDF0006FF08904A5E76FF00404A2E70446A0E7DA
:10EE0000F8B544680569206802F042FD10B96FF05A
:10EE10001200F8BD606838B92B46012203F8082BB0
:10EE200000206B60A860F4E702F032FD0028EED00D
:10EE30006068217A63890769D0F808C03C68DA07FE
:10EE400054BF43F4B01383F4D013012623F480128B
:10EE50008E40DB074CBF3443B4433C60DCF80030E9
:10EE600098470028D8D0D4E710B50269126A8B0001
:10EE7000D46803F0FC030C221021A0470028B4BF83
:10EE80006FF00400002010BD10B503691B6A04294F
:10EE9000DC6809D102230E221121A0470028B4BF4B
:10EEA0006FF00400002010BD890001F0FC03F2E7C0
:10EEB00010B50269126A0B01D46803F0F003F02266
:10EEC0001121A0470028B4BF6FF00400002010BD3E
:10EED00070B503290569144605D90B1F032B22D9E8
:10EEE0006FF085000DE0EE68022932460AD0032952
:10EEF0000AD0012914BF296869682046D9F7D8FBD0
:10EF0000002070BDA968F8E729682046D9F7D0FB32
:10EF10006968324604F10800D9F7CAFBA96832468D
:10EF200004F11000EAE7EE690629324609D0072904
:10EF300009D0052914BF296969692046D9F7F0FB72
:10EF4000DEE7A969F9E729692046D9F7E9FB69698C
:10EF5000324604F10800D9F7E3FBA969324604F10F
:10EF60001000EBE737B50469236A6A461D68222161
:10EF70000623A847002808DBBDF900302361BDF94E
:10EF800002306361BDF90430A36103B030BD37B511
:10EF90000469236A6A461D6828210623A8470028B9
:10EFA00008DBBDF900302360BDF902306360BDF9B4
:10EFB0000430A36003B030BD072910B504460AD061
:10EFC0003A2905D0032909D1FFF7E1FF002010BD40
:10EFD000FFF7DDFF2046FFF7C5FFF7E76FF085007D
:10EFE000F5E710B48468A468A44610BC604730B547
:10EFF00089B044688DF807100DF1070102910121D5
:10F00000606803911D46002123898DF81010CDE919
:10F01000052502A902228DF81C20FFF7E2FF09B0A6
:10F0200030BD30B589B044688DF807100DF1070187
:10F030001D4602910121606823890391CDE90525D0
:10F04000002107228DF810108DF81C2002A9022241
:10F05000FFF7C7FF09B030BD10B588B043688DF821
:10F0600007100DF107010291012158681B890391D6
:10F07000CDE9052107228DF81C200024022202A9D7
:10F080008DF81040FFF7ADFF08B010BD2DE9F04737
:10F090009846436888B0D3F8049093F808A08DF898
:10F0A0000410002301278DF810300DF10303CDE982
:10F0B000053707230E46144601AD8DF81C30022299
:10F0C000534602A9484602950397FFF78AFFB8B94D
:10F0D0009DF8032022EA040304EA08041C43A24228
:10F0E0000ED0022303938DF810303A46534602A9FE
:10F0F00048468DF804608DF805400295FFF771FFD2
:10F1000008B0BDE8F087002201212320E3F74CBCC2
:10F1100010B50B6813B91360184605E003685C6806
:10F120001CB114600368186810BD083303600B68D5
:10F13000013B0B60EDE703460A460068197901239D
:10F1400003FA01F103691B68194218BF82F001023A
:10F1500012B18368DB68184783681B69FBE710B549
:10F16000036804464BB19A683AB1186902F08BFB08
:10F17000206800210830FFF7DEFFA36933B9636020
:10F1800004F11000BDE81040F2F7E2B910BD10B56F
:10F19000006903688B4206D190F86C4034B9FFF7E0
:10F1A000DEFF204610BD6FF01500FBE76FF00F008B
:10F1B000F8E72DE9F34144680569266A01AA0021B0
:10F1C0003046FFF7AEFB002823DB019B326819793C
:10F1D0001868EAF76FFF00281BDB606A461C11D134
:10F1E000E3699847AC6801260834D5E9023203EB9D
:10F1F000C203A4F1080293420ED82846FFF7AFFFDE
:10F20000002006E0EBF7CCFC10F1130F01D0411DFC
:10F21000E6D102B0BDE8F08154F8080C02F038FBEA
:10F2200028B354F8080C14F8041C34F8023CD0F845
:10F2300010C0D0F80880DCF80070DA0754BF43F43F
:10F24000B01383F4D01323F4801206FA01FEDB0717
:10F250004CBF4EEA070727EA0E07CCF80070D8F833
:10F2600000309847002804F10804BEDAD1E76FF0B7
:10F270001200CEE770B5026804460E466AB1936884
:10F280005BB1938813F4805507D1106902F0FBFA43
:10F29000206829460830FFF74EFF266404F1280055
:10F2A000F2F756F9002384F86C3070BD38B5037856
:10F2B0000C46002B45D18D6E3DB94B6E6FF073013E
:10F2C0001869BDE83840FFF7D5BF8B6D93B19D42FB
:10F2D00010D85B1B8B6543BB4B6C08334B648B6C4A
:10F2E000013B8B6401F1580204F144004831FFF7FF
:10F2F0000FFF6065236E9BB19D4211D85B1B236697
:10F30000CBB9E36C0833E364236D013B236504F15F
:10F31000600204F1500104F14C00FFF7F9FEE065D2
:10F32000606EBDE83840EBF749BA4B6D002BE1D079
:10F330002B444B65DEE7E36D002BF1D02B44E365F6
:10F34000EEE738BD70B5054602F058F800210446D6
:10F350002846EEF735FF03212846EBF701FC00F0C5
:10F3600025F804F18044064604F5C04423684BB1F7
:10F3700000242846EEF772FF28460121EBF7F0FB48
:10F38000204670BD00F012F8801B0628EED96FF001
:10F390007304EEE700F150039B009BB203F180433E
:10F3A00003F5883300221A601B68704708B5EBF735
:10F3B00097FC08BD08B50020E3F7B6FD404080F398
:10F3C00011884FF0030002DF704710B5ECF7F0FB37
:10F3D0004FF0FF304FF0FF31EBF73CFE044620B911
:10F3E000C9F716FA0446EBF73DFE204610BDEBF7D1
:10F3F000F3BE38B5038A054673B3037EA3B1022B6F
:10F400002AD14FF0FF304FF0FF31EBF723FE0446D7
:10F4100040B9E868D5F764FA0446EBF723FEB4B1C7
:10F42000EBF7EEFE204638BD4FF0FF304FF0FF31D6
:10F43000EBF710FE04460028F4D1E868EBF752FF22
:10F440000446EBF70FFE002CECD1EBF7D9FE284673
:10F45000E8F7EEFC0024E5E76FF01504E2E7EBF7D0
:10F46000E3BE10B530220446002103F069F82023E2
:10F4700023708023A3706FF03F0363710423A37292
:10F480002823A3730223E3730423A3756FF00803F7
:10F4900063766FF03C03A3766FF00C03E3767E2374
:10F4A0002377302384F820306FF03F0384F8213035
:10F4B000072384F822306FF0070384F823300123F8
:10F4C00084F82430802384F82630042384F82930FB
:10F4D000402384F82D3010BD00230360436003787F
:10F4E00023F03D0343F03D030370437823F04103D1
:10F4F00043F041034370704701F12003013813F8D2
:10F50000012D00F8012F8B42F9D170470021ECF753
:10F5100071BB90F84010012901D8ECF76BBB1220A9
:10F520007047404080F311884FF0030002DF7047BE
:10F53000684620F007018D4601B5D3F75BFEE3F77F
:10F5400059FBBDE801408546704708B54FF0FF31D3
:10F550004FF0FF30EBF77EFDD8F7EEFEBDE8084038
:10F56000EBF780BD684620F007018D4601B5D3F763
:10F57000F7FDBDE8014085467047684620F0070169
:10F580008D4601B5D0F720FFE3F734FBBDE801401D
:10F590008546704708B5D8F790FD002008BD0128C2
:10F5A00001D1D3F781BC70477047D3F7C7BA0020A9
:10F5B000704710B53A29046901D00C2904D1D4F759
:10F5C00061FB2060002010BD6FF08500FBE7F3F7C2
:10F5D0007FBB08B5E3F7ACF8E3F780F9BDE8084076
:10F5E000F3F776BB006870470346006859687047B8
:10F5F0000B0A017043700B0C090E8370C1707047C9
:10F60000110A02704170110C120EC2701A0A0371B5
:10F6100042711A0C1B0E81708271C3717047C369ED
:10F620000239023B8B4283BF4389006B01FB03001D
:10F6300000207047034600F10B010020C20142EA9E
:10F64000500213F8010B50FA82F28B42D0B2F5D17E
:10F65000704710B541780446013100204901024647
:10F66000022A08BF0422A35C03EBC0339BB2013221
:10F6700003EB5003914298B2F2D810BD10B5044686
:10F6800000693430FFF7AEFF8860206938300A46E1
:10F69000FFF7AAFFC2E90401236993F8213003F0C0
:10F6A0000203D3710023D36110BD38B50D46044663
:10F6B00018B9092000232B6038BD0368002BF8D04F
:10F6C0001A78002AF5D08188DA889142F1D15878E9
:10F6D000EEF718F910F00100EBD12368EBE738B52D
:10F6E00003790446C3B100F13C05826B40780123E5
:10F6F0002946EEF72BF988B9A16BA36A226A20711B
:10F70000CB1A934208D2E378022B05D10A446078E1
:10F7100001232946EEF71AF9002038BD0120FCE745
:10F7200038B50D4640F2B5111446EEF749F9FF28F9
:10F7300007D9012C0BD9030A2B70687002242046CC
:10F7400038BD30B1002CFAD028700124F7E700242E
:10F75000F5E70446F3E72DE9F843002607688E76BF
:10F76000836B05460C46002B49D03B78042B4BD1CC
:10F77000354633464FF0400820E0B8F5187F24D2D4
:10F7800018F01F0F08BF08F10208013532F8080011
:10F7900008F102082BB900F5205292B2B2F5006FC1
:10F7A0000BD306F11A01C6F1FF02214440EA0340DF
:10F7B000FFF7B6FF48B10644002003463A6992F8C5
:10F7C0002310A942D9D803B916B93F23A37601263D
:10F7D00026440023B37663733B691B7903F0370239
:10F7E000DB0622730DD438693830FFF7FDFEC4E91B
:10F7F00000013B699B8963813B69DB892381BDE80B
:10F80000F88300200146F2E7C36C01333FD10023A7
:10F810001A462E27E96B501C8A5C202A3CD0052A08
:10F8200008BFE522092803F1010104EB030631D1E9
:10F830000B2B9FBF0919777302334A7384BF72730E
:10F840000B460246E6E7B9F1000F05D100F520535B
:10F850009BB2B3F5006F0BD308F11A01C8F1FF0298
:10F86000214440EA0940FFF75BFF40B1804400209B
:10F8700002368146FB68985B0028E4D14046B9F126
:10F88000000F18BF0020204400238376BFE7B14655
:10F89000B046EFE772730B460B28D2D1E218002175
:10F8A0005173A27E9AB943B104F10C0308205A782F
:10F8B000591CF2B91B1B0C3B02E03F23A37601232A
:10F8C000234400229A76EB6B1B7B03B96373EB6BCB
:10F8D000DB7A03F03F032373E86B1C30FFF782FEF3
:10F8E000002320606360EB6BDB8A6381EB6B1B8B17
:10F8F00084E72E2A0BD01346413A192A04D8EA6B22
:10F90000127B104200D020334B730B46CFE7102000
:10F910001346F9E738B50546002435F8020B08B957
:10F92000204638BDEEF77EF8620802EBC432C3B25F
:10F9300013FA82F292B2C0F3072303EB520303EBF4
:10F94000C2339CB2E9E7C2F307238A76CB76037809
:10F95000032B01BF120C0A75120A4A75704738B59D
:10F96000836B8B4205460C4610D0FFF7B8FE60B99A
:10F9700022466878012305F13C01EDF7DBFF002802
:10F980001CBF4FF0FF340120AC6338BD0020FCE702
:10F990002DE9F0470239466B01F007044FF0010AE8
:10F9A0000AFA04F405461746984606EB1136C1F3E9
:10F9B000C809E4B2314628460136FFF7D0FF18B136
:10F9C0000120BDE8F087994605EB090292F83C302A
:10F9D000234214BF01210021414514D06340013F5F
:10F9E00082F83C3085F804A0EBD0640014F0FF04EA
:10F9F000EAD109F10103B3F5007F4FF001044FF0A4
:10FA00000009E0D1D6E70220DBE70129F8B50C4672
:10FA100040F28B800668F3698B4240F2868033782F
:10FA2000013B032B00F28180DFE803F00229374A13
:10FA300001EB5105B16A304601EB5521FFF78FFF0D
:10FA400010B14FF0FF30F8BD6F1CB16AC5F3080567
:10FA5000354401EB5721304695F83C50FFF77FFFC6
:10FA60000028EED1C7F30807374497F83C3045EA41
:10FA70000320E3074CBF0009C0F30B00E3E7B16AC2
:10FA8000304601EB1421FFF76AFF0028D9D164004A
:10FA900004F4FF743444A08FD5E7B16A304601EB1B
:10FAA000D411FFF75CFF0028CBD1A40006F13C0085
:10FAB00004F4FE742044FFF795FD20F07040C2E787
:10FAC000D0E9043153EA0102C57901D0826802B954
:10FAD0005DBB82687789022DA4EB02020CD1013B49
:10FAE00041F1FF315B0A43EAC153B3FBF7F39A429A
:10FAF0001BD81CD0601CA6E7032D02D1836993425A
:10FB0000F8D8C3699BB9B16A304601EBD411FFF74D
:10FB100026FF002895D1A0003C3600F4FE7030444A
:10FB2000FFF760FD20F000408DE701208BE76FF0CC
:10FB3000004088E7F8B504682378042B14BF4FF41D
:10FB400000134FF080538B4206460D4601D8022029
:10FB5000F8BDCA06FBD1826801631ABB2378022B69
:10FB600012D82389B3EB551FF1D9E06AC6E90D20FD
:10FB70000028ECD000EB55203C34C5F308052C449C
:10FB8000B063F4630020E3E7E36AC271002BE8D0BE
:10FB900067891A467F02BD42114605D22046FFF70B
:10FBA0003EFDE3E71346F3E73046FFF72EFF431C25
:10FBB000024606D00128CAD9E3698342C7D9ED1BA2
:10FBC000E9E70120C4E701292DE9F84306460C4680
:10FBD000154608D9C3698B4205D90378022B5ED03C
:10FBE00003D8012B21D002204FE0033B012BFAD890
:10FBF000816A01EBD411FFF7B2FE002845D13278BB
:10FC0000A40006F13C0304F4FE74042A234407D044
:10FC10001846FFF7E7FC25F0704500F070400543FB
:10FC200029461846FFF7E4FC2CE001EB5107816AF6
:10FC300001EB5721FFF793FE38BB06F13C0807F1B3
:10FC40000109C7F3080714F001041FBF18F80720C3
:10FC50002B0103F0F00302F00F0214BF1343EBB2C9
:10FC600008F80730B16A0123337101EB592130469E
:10FC7000FFF775FE48B9C9F3080944B1C5F3071584
:10FC800008F80950012333710020BDE8F88318F803
:10FC90000930C5F3032523F00F031D43F0E7816A04
:10FCA00001EB1421FFF75BFE0028EED1640006F1A2
:10FCB0003C0304F4FF741A191D55C5F3072555704C
:10FCC000E0E7F8B504460E461746E3690BB9184657
:10FCD000F8BD012BA6EB030514BFAA1C3A46206809
:10FCE000691CFFF770FF0028F2D1E369013BE36173
:10FCF000EBE770B5C379032B044601D0002070BD3B
:10FD000081688369CD18A94202D10023E371F5E728
:10FD10004E1C20683246FFF756FF0028EFD13146CF
:10FD2000F1E72DE9F8430129056806460C46174618
:10FD300002D80220BDE8F883EB698B42F9D97AB981
:10FD4000A14621463046FFF760FEA0460446B0B902
:10FD50002B78042B02D1002F44D1F7710020E9E762
:10FD60002B78042B02D1C379022BE9D04FF0FF325C
:10FD700039462846FFF727FF0028E1D0DAE70128B7
:10FD8000D7D0421C01D10120D4E72B78042B10D10D
:10FD9000D5E90632023A934213D308F10102A24296
:10FDA00003D02B78042B13D0A146EB69A342C8D80B
:10FDB000CEE7002241462846FFF705FF0028E7D09E
:10FDC000B8E70133AB616B7943F001036B71E4E792
:10FDD0000023A2EB090249462846FFF7D9FD002877
:10FDE000E2D0A7E7F3798BB9B468BC4202D1022311
:10FDF000F371B3E721463046FFF707FE012898D993
:10FE0000431CC0D001348442EFD0A7E7032BA5D117
:10FE1000B368BB42A2D8B2691344BB42E7D29DE7A4
:10FE2000F8B505460E46FFF75AFC0446F8B93146C8
:10FE30002846FFF7F4FB05F13C070646A8634FF49C
:10FE400000722146384602F07BFB6B899C4204D34A
:10FE50006889001B18BF0120F8BD6878012332199A
:10FE60003946EDF773FD0028F2D10134EDE70120AA
:10FE7000F2E7F8B50446FFF732FC0546002842D108
:10FE80002378032B37D16779012F34D104F13C0655
:10FE900001464FF40072304602F052FB552384F8BD
:10FEA0003A32AA2384F83B3252234122722184F849
:10FEB0003C3084F83D30612384F83E3084F82332AE
:10FEC00084F83F2084F8201284F8211284F822223A
:10FED000A16904F50970FFF78BFB616904F50A70ED
:10FEE000FFF786FB626A60780132A2633B463146C7
:10FEF000EDF72CFD6571002260781146EDF732FDBB
:10FF0000003818BF0120F8BD2DE9F0470746056805
:10FF10008846002939D1D5E90563002E4AD0EA691F
:10FF2000B24247D91BB900242046BDE8F0872B78A0
:10FF3000042B45D1EB69B41E023B9C4228BF002430
:10FF4000A1464FF0010A696B284601EB1931FFF712
:10FF500006FD00287FD1EA6909F007030AFA03F3D6
:10FF6000C9F3C801DBB2A2F1020C6A1892F83C0096
:10FF700009F10102624500EA03003AD3002839D0B2
:10FF8000002C39D000229146DDE7FFF73EFD012825
:10FF9000044601D80124C7E7421C00F0B180EB6998
:10FFA0008342C1D8AA69002ABDD02A78042A79D10F
:10FFB0004646BFE7002BB6D02B78042B16D001267F
:10FFC0003446EB690134A34202D8012EABD002249F
:10FFD00021463846FFF719FD00287DD00128D9D0E9
:10FFE000013000F08D80B442EBD19CE70024012663
:10FFF000A6E718BB09F10204631E033394D801235A
:0200000260009C
:100000001A4621462846FFF7C3FC0228C2D0012821
:1000100076D0B8F1000F23D10223FB710028B9D1AB
:10002000D5E90632023A93429CBF03F1FF33AB613C
:100030006B796C6143F001036B7175E7A2420DD0DF
:100040005B0013F0FF0304D10131B1F5007F9AD0BA
:100050000123914689E74FF0FF34CDE70024CBE739
:10006000FB79022B07D1731CA342D7D0BB68F31ACC
:10007000BB610323FB7108F10102A242FB690BD0B3
:100080000BB90123FB61224641463846FFF719FEB2
:1000900098BB0123FB61C3E713B10133FB61BDE7EB
:1000A0000223FBE708F10104A34298BF0224214682
:1000B0003846FFF7AAFC01283FF46CAF431C1FD061
:1000C00038B16E69012E05D9EB699E4228BF4646BC
:1000D00076E70CB9464673E74FF0FF3221462846D3
:1000E000FFF771FD48B9B8F1000F99D0224641469B
:1000F0002846FFF768FD002892D001287FF44AAF18
:100100004FF0FF3410E72DE9F8430668076B3378AA
:10011000042B14BF4FF400134FF080532037BB4221
:100120009CBF00238363836B0446894673B1C7F386
:100130000808B8F1000F3CD1416B0133836341B92A
:100140003389B3EB571F34D80023A3630420BDE8E1
:10015000F8837389013B13EA57232AD1FFF755FC33
:100160000128054601D80220F1E7421C01D10120F7
:10017000EDE7F369834216D8B9F1000FE4D0616B63
:100180002046FFF7C1FE0546C8B10128EBD0431C4D
:10019000EDD001463046FFF743FE0028E7D1E37972
:1001A00043F00403E371656329463046FFF737FAED
:1001B000A0633C3646442763E6630020C7E7072078
:1001C000C5E7F8B50E46002107680446FFF7B2FC04
:1001D00098B90546A16B3846FFF7C1FB68B93A7874
:1001E000E36B042A1B780CD11B060ED505460121B2
:1001F0002046FFF788FF0028ECD0042808BF07201E
:1002000006E0E52B01D0002BF0D10135B542EED14F
:10021000F8BDF8B5C16C0568066B4B1C04461CD1D3
:100220000127A16B2846FFF79AFB90B92B78E26B68
:10023000042B0ABF1378E52303F07F0313702F719B
:10024000236BB3420DD200212046FFF75CFF00284C
:10025000E7D0042808BF022003E0FFF76BFC00286A
:10026000DED0F8BDF8B504460068A16B0569FFF75C
:1002700076FB20B9E36B1A78852A01D00220F8BDFD
:100280002A4603F1200153F8040B42F8040B8B4279
:10029000F9D16E7801367601A6F16003B3F5007FDF
:1002A000ECD800212046FFF72EFF0428E6D00028D6
:1002B000E5D1A16B2068FFF752FB0028DFD1E36B8B
:1002C0001A78C02ADAD105F1200203F1200153F88F
:1002D000040B42F8040B8B42F9D195F823300F221E
:1002E0002C33B3FBF2F3B6EB431FC7D340270021F7
:1002F0002046FFF708FF0428C0D00028BFD1A16B1B
:100300002068FFF72CFB0028B9D1E36B1A78C12ACB
:10031000B4D1EA1903F1200153F8040B42F8040B9D
:100320008B42F9D12037BE42E1D82846FFF791F938
:100330006B88181A18BF01204000A0E7F8B50368C1
:100340001C6905462046FFF784F9A070000AE0709A
:10035000E96C66782846FFF7EDFB012720B10228FB
:1003600028BF0220C0B2F8BDA96B2868FFF7F7FAD2
:100370000028F4D1EB6B04F1200254F8041B43F87D
:10038000041B9442F9D12B681F71002EE7D0002185
:100390002846FFF7B8FE013EE0E703284B8B04BF79
:1003A0008A8A43EA0243184670472DE9F04798B01D
:1003B000164601910446002800F02A8102F03F0809
:1003C000424603A901A8EBF78BFD074648B9039DF8
:1003D0000199049504A8ECF791FA30B116F01C0FBE
:1003E00017D100232360074604E19DF95B30002B01
:1003F000C0F2088116F01C0F9DF8163040F09E8068
:10040000D80600F10181B10743D5DA0741D50720AD
:10041000E7E70428E5D104A8ECF79CF80028E0D130
:1004200048F0080818F0080F38D02B78042B40F05B
:100430008E80214628462560FFF720F928691E2274
:100440000021023002F07CF828691A2200212630AF
:1004500002F076F82B6920221A712B6900221A7299
:100460005A7221229A725422DA722B69012283F87D
:10047000212004A8FFF762FF0028B2D1A16841B192
:1004800002462046FFF74DFCA668013E6E6100283B
:10049000A7D118F0080F18BF48F04008AB6B1399AC
:1004A000A364E1642878042840F08C80069B2362D2
:1004B000089B9DF8172023F0FF0313436362179BEB
:1004C000A36221462846FFF7D9F82560EB88A38070
:1004D0004FF0000A0022002318F0200FC4E90E2379
:1004E00084F8308084F831A0C4F844A000F0828001
:1004F000D4E9046856EA08037CD0C4E90E68B5F86C
:100500000A90A1684FEA4929B1457AEB080364D201
:100510002046FFF77AFAB6EB090668F100080128D1
:1005200001466BD9431C6BD0B1457AEB0803EFD37E
:100530000020216400287FF454AF4FE013F0110F26
:100540007FF465AF76077FF56DAF082049E7139B11
:100550004FF00009542221215A7483F80E9083F839
:100560000F901974139B5A7683F8169083F817909E
:10057000197613992878FFF710FF2023CB7213996F
:1005800006464A462846FFF7DEF9139B83F81C907F
:1005900083F81D9083F81E9083F81F9001232B7120
:1005A000002E3FF476AF4A46314604A8D5F838A06D
:1005B000FFF7B7FB00287FF414AF51462846FFF73A
:1005C000CEF962E7FFF7E9FEA06001F11C00FFF73A
:1005D00009F800232061636177E72164C6F308030B
:1005E00043B12846FFF71BF880B1760A46EAC856A1
:1005F00030446064384618B0BDE8F087022098E7C0
:10060000012096E70620ECE60420EAE60220E8E670
:100610000927EFE72DE9F04F9A4685B00023894678
:10062000CAF8003003A904461746FFF73EF806460D
:1006300078BB94F8316066BB94F830B01BF00103CE
:10064000009300F09080D4E90432D4E90E011B1A23
:1006500062EB0102BB4272F1000200D21F46C7B139
:10066000D4E90E20C2F30803DDF80C80002B61D121
:10067000B8F80A30510A013B41EAC05113EA010BB4
:1006800018D1024309D1A06801280BD8022684F8AA
:100690003160304605B0BDE8F08F216C2046FFF791
:1006A000B4F9F1E7431C04D10123009E84F83130F2
:1006B000EFE72064216C4046FEF7B1FF0028E5D04B
:1006C000B7F5007F0BEB000233D3B8F80A100192A4
:1006D0000BEB572088424FEA572588BFA1EB0B054B
:1006E00098F801002B464946EDF724F90028DBD1A4
:1006F00098F804306BB1D8F83800019A801AA842F3
:1007000007D24FF4007208F13C0109EB402001F0E0
:10071000EFFE6D02DAF800302B44CAF80030D4E95D
:100720000E325B1942F10002C4E90E327F1BA9446C
:1007300095E76264A56B616CC5F30805C5F50075A6
:10074000BD42404628BF3D46FFF709F90028ABD11E
:10075000A16B08F13C08C1F308012A464144484610
:1007600001F0C6FED6E7072693E72DE9F04F99463C
:1007700085B000238846C9F8003003A9044617460F
:10078000FEF793FF054680BB94F831506DBB94F89B
:1007900030309A0740F1C280039E3378042B03D097
:1007A000A36BFB4200D3DF43CFB1D4E90E31C3F3D7
:1007B0000802002A40F09280B6F80AB05A0A0BF1FB
:1007C000FF3B42EAC1521BEA020B22D10B4310D17C
:1007D000A16881B92046FFF797FB014658B994F804
:1007E000303043F0400384F83030284605B0BDE88F
:1007F000F08F216CEEE7012903D1022584F83150F6
:10080000F3E74B1C01D10125F8E7A368216403B984
:10081000A160B26B636C9A4204D13046FEF75FFF71
:100820000028F0D1216C3046FEF7F9FE0028E4D014
:10083000B7F5007F0BEB000A3FD3728970780BEBA2
:10084000572191424FEA5723414688BFA2EB0B0341
:1008500052460193EDF77AF883460028D3D1B16B65
:10086000019BA1EB0A0199420AD24FF4007208EBF6
:10087000412106F13C0001F03BFE019B86F804B0EB
:100880004FEA432BD9F800305B44C9F80030D4E973
:100890000E32D4E904011BEB030342F1000298423B
:1008A00071EB020C3CBF18461146C4E90E32C4E994
:1008B0000401A7EB0B07D84476E7D4E90E02D4E98C
:1008C0000413884272EB030306D33046FEF707FF9A
:1008D000002898D1C6F838A0C4F844A0A36BDDF86E
:1008E0000CA0616CC3F30803C3F50073BB4228BFBF
:1008F0003B4650469B46FFF732F8002883D1A36B56
:100900000AF13C00C3F3080318445A46414601F07B
:10091000EFFD4FF001038AF80430B3E7072564E7E1
:10092000F0B597B001A90546FEF7BFFE04460028C2
:100930006AD195F8304014F0400465D0019E3378B8
:10094000042B64D12846FFF7D4F9044600285BD174
:10095000296C4FF0FF322846FFF7B3F90446002810
:1009600052D12B6802932B6A04936B6A8DF80F3077
:1009700023F0FF03CDE90630A96A099002A815917A
:10098000FFF7D8F8044600283ED102A8FFF76AFC1A
:100990000446002838D13269137943F020031371DB
:1009A000EB79326943F0010382F821303069A9689C
:1009B0003430FEF71DFE3069D5E904233830FEF7E8
:1009C0001FFE3069D5E904232830FEF719FE33698C
:1009D00021229A7354221C735C73DA7333695C7539
:1009E000336902A81C745C749C74DC74FFF7A6FC69
:1009F000044648B93046FFF73CFA95F8303023F00A
:100A00004003044685F83030204617B0F0BDA96C8D
:100A10003046FEF7A4FF04460028F5D1EF6CFB7AC0
:100A200043F02003FB722868AA683946FEF78BFF63
:100A3000296907F11C00FEF7DBFD21233B765423D7
:100A40007B760123BC75FC75BC74FC743371D1E7F3
:100A500013B50446FFF764FF28B901A92046FEF745
:100A600024FE00B9206002B010BD2DE9F04F85B022
:100A700003A9044615461E46FEF717FE0746002842
:100A800040F0A48094F83170002F40F09F80DDF892
:100A90000CA09AF80030042B0CD1216C4FF0FF32DF
:100AA0002046FFF70EF908B107468FE09AF80030AC
:100AB000042B04D0002E1CBF4FF0FF350026D4E9D4
:100AC0000401A84271EB060CD4E90E3236D294F838
:100AD00030C01CF0020F2FD000200021C4E90E010D
:100AE000BAF80A8053EA02014FEA482846D013F1C7
:100AF000FF3B42F1FF39681E66F1000142460023C8
:100B0000C7F7AEFA0023CDE90001424658464946F0
:100B1000C7F7A6FA009B8342019B8B412ED3C8F1F5
:100B2000000303EA0B03C4E90E39216CEB1A1D46DE
:100B300066EB090649B124E005460E460021002077
:100B4000C4E90E0155EA0601CAD10020D4E90E32EB
:100B5000D4E904519D4291413CBFC4E9043294F868
:100B60003020C3F308033CBF42F0400284F8302039
:100B700063B3636C834229D0606427E0A168E1B16C
:100B800021644FF00009A84579EB0600D4E90E3244
:100B900027D3D4E90E325B1946EB0202C4E90E32C8
:100BA000C5F30803002BD0D05046FEF738FD50B1F6
:100BB0006D0A45EAC6552844C8E72046FFF7A4F960
:100BC0000128014606D1022784F83170384605B065
:100BD000BDE8F08F421C01D10127F5E7A060206439
:100BE000A8E7B5EB080594F830E066F1000613EBD2
:100BF000080342F100001EF0020FC4E90E3012D0CB
:100C0000D4E904C29C4582413EBF4EF0400EC4E987
:100C1000043084F830E02046FFF776F9014630B919
:100C200005460646B5E72046FEF7EFFE01464B1C9B
:100C3000D2D00129C7D9DAF81C308B42C3D921643C
:100C4000A1E730B585B00446019100283BD00022D1
:100C500003A901A8EBF744F948B9039D0199256060
:100C60002046EBF74BFE28B1042800D105200023D5
:100C7000236021E094F94B30002B13DBA379DB06D2
:100C8000F4D52878042819D1A36823622369E2796E
:100C900023F0FF0313436362E36CA36221462846FB
:100CA000FEF7ECFCEB88A38000212046FEF742FF14
:100CB0000428DBD00028DAD105B030BDE16BFFF7A6
:100CC0006CFBA060EEE70920F6E713B501A9044626
:100CD000FEF7EBFC00B9206002B010BD73B50D4605
:100CE00001A90446FEF7E1FCC0B935B92946204602
:100CF00002B0BDE87040FEF71DBF2046EBF7C6FA14
:100D000010F0FB060AD129462046FEF724FD3146A5
:100D10002046FFF7F8F9042808BF002002B070BD94
:100D200030B597B00D460190002202A901A8EBF75B
:100D3000D7F8044670B9019902A8EBF7DFFD044625
:100D400040B99DF95330002B07DB1DB1294602A89D
:100D5000FEF701FD204617B030BD0624FAE72DE965
:100D6000F04F91B089460190154603A9002201A8D1
:100D7000EBF7B6F8074648B9039C2C60D4E9063A6D
:100D8000AAF10208434505D8C9F80030384611B029
:100D9000BDE8F08F2578012D1AD104944FF0020898
:100DA0000646414604A8FEF730FE431C6CD00128DD
:100DB00069D000B90136E36908F101084345F0D86C
:100DC000C9F800606379A66143F001036371DDE750
:100DD000042D2DD1616B82460646BAF1000F08D171
:100DE000204601F1010BFEF7BAFD054600284BD164
:100DF000594604EB0A0393F83C30DB43DBB2B8F10D
:100E0000000FDDD0A8F1080208F1FF3803F001005F
:100E1000904506444FEA530302D0B8F1000FF3D1D6
:100E20000AF1010ACAF3080AB8F1000FD5D1C7E7E1
:100E3000A16A8046064604F13C0BB8F1000F08D1C8
:100E40004B1C20460093FEF78AFD0546E0B9009B47
:100E500019462378022B0BEB08000BD13BF8083026
:100E600003B9013608F10208BAF1010AC8F308080B
:100E7000E3D1A5E7FEF7B6FB30F0704308BF0136BB
:100E800008F10408F0E702252F467FE737B501A9EE
:100E90000446FEF70AFC054600285BD194F8315061
:100EA000002D57D194F830309A0756D5D4E90E3238
:100EB000D4E90401834272EB01014BD2134312D1F6
:100EC000A1682A462046FEF72CFFA560D4E90E2330
:100ED000C4E9042394F8303043F0400384F8303000
:100EE000002837D013E0216C2046FEF78EFD431C0E
:100EF000014619D001280ED1D4E90E23C4E90423F8
:100F000094F8303043F0400384F83030022084F805
:100F1000310005461EE0019BDB69834210D9226C3B
:100F20002046FEF7FEFED1E7D4E90E23C4E90423F0
:100F300094F8303043F0400384F830300120E6E785
:100F4000D4E90E23C4E9042394F8303043F040037D
:100F500084F83030284603B030BD0725FAE770B575
:100F6000B8B00222019003A901A8EAF7B9FF78B945
:100F7000039C0199109410A8EBF7C0FC40B99DF9AF
:100F80008B30002B44DB9DF84660F30702D5072029
:100F900038B070BD20780494042806F0100626D1DD
:100FA00004A92046FEF76AFB069DB6B1DDE90823D9
:100FB000CDE928239DF81730249426958DF8973095
:100FC000002124A8FEF7B6FD0028E1D124A8EBF704
:100FD0005DF90028DBD00428DAD110A8FFF719F951
:100FE0000028D5D165B92046FEF743FFD0E71F9909
:100FF000FFF7D3F90546002EEFD024942690DFE7C3
:101000000246294604A8FEF78CFE0028C0D1EAE774
:101010000620BDE770B5A4B00222019003A901A883
:10102000EAF75EFF04460546002840F08980039BEE
:101030000199109310A8EBF761FC0446002800F01A
:101040009E8004287CD1039B0493294604A8FEF7C4
:101050005BFF0546002800F08780012800F08B80A8
:10106000431C00F08A8001460398FEF7D9FE034630
:101070000446002879D103980278042A2DD04FF035
:101080002032C0F83D20C0F84120A0F8452080F86B
:1010900052302E2280F85330212380F83C2080F8F3
:1010A00054301022542380F8472080F855302A46C7
:1010B00000F13C01FEF747FC00F15C031A4651F8D1
:1010C000044B42F8044B9942F9D12E2380F85D304D
:1010D000129AFEF738FC0123037110A8EBF73AFAD5
:1010E0000446002841D1039E3378042B4FF021029F
:1010F00029D133699A735422DA731873587330699B
:1011000029463430FEF774FA718930694902383063
:10111000FEF76EFA7189306949022830FEF768FAE5
:101120003369032283F82120336910221A7110A831
:10113000FFF704F9044618B90398FEF79AFE04462F
:10114000204624B070BD1F9B1A7654229875D8751E
:101150005A761F992A463046FEF7F5FB1F9B102250
:10116000DA7201233371E7E707240022294604A835
:10117000FEF7D7FDE4E70224F7E70124F5E70824AA
:10118000DEE7F0B5BDB0CDE900106846EAF7F0FD46
:10119000022203A901A8EAF7A3FE68BB14AD039CD1
:1011A000019914942846EBF7A9FB28BB9DF89B30C6
:1011B00013F0A00F40F0C3802378009F042B5AD176
:1011C000236904AE03F1400C18685968324603C223
:1011D000083363451646F7D12946502228A801F066
:1011E00087F9394628A8EBF789FB002840D12A9ACD
:1011F000169B9A4202D008203DB0F0BD349A209B45
:101200009A42F8D128A8EBF7A5F90028F4D1236970
:1012100093F801E093F823C09E8C04AF3A4603CACA
:10122000AA4218605960174603F10803F6D12369F2
:1012300083F801E0236983F823C0236983F82460DD
:10124000360A83F8256022691379D9065CBF43F01A
:101250002003137128A8FFF771F80028CCD1284685
:10126000FEF7D7FF0028C7D12046FEF702FEC3E7EE
:101270000428C1D1C6E7239A04AB02F1200C106800
:1012800051681E4603C6083262453346F7D12946E7
:10129000502228A801F02CF9394628A8EBF72EFB9C
:1012A000002848D12A9A169B9A42A4D1349A209BAE
:1012B0009A42A0D128A8EBF74DF900289CD1379984
:1012C0000DF11D0301F10D020DF12D0053F8046B1A
:1012D00042F8046B8342F9D1188810809B78937090
:1012E0009DF81B30DA0658BF43F020030126CB726D
:1012F0002671CB7ADB06B2D5169A2A9B9A42AED0DB
:101300002078FFF74AF801462046FEF788F90146A3
:10131000B8B12046FEF723FB00287FF46DAF94F8A8
:101320005D302E2B9BD12A9A04F15C012046FEF7FA
:101330000AFB267193E704287FF45EAFBAE7062024
:101340005AE7022058E7004700F09DBAF7B5019030
:1013500001A8DDE9084716461D46ECF7E7FC019BAE
:10136000B6F1000C18BF4FF0010C00EB83000B1E10
:1013700018BF0123002D43EA4C0314BF4FF00C0C9F
:101380004FF0000C002C43EA0C0314BF4FF4E06C48
:101390004FF0000C002F43EA0C03D0F8002714BFD5
:1013A0004FF4403C4FF0000C43EA0C0322EA0303E5
:1013B00001B109780EB13678760019430DB12D7858
:1013C000AD0031430CB12478240229430FB13F789A
:1013D0003F040C433C43C0F8004703B0F0BD1FB5C9
:1013E0000DF10F03019300238DF80F1000931A469F
:1013F0001946FFF7ABFF05B05DF804FB08B50146E1
:10140000ECF7AEFC40B10846ECF7C2FC00B280003D
:1014100000F5807080B208BD4FF4BE70FBE700227B
:101420001146EDF755B801220021EDF751B8012220
:101430001146EDF74DB800F180431A68002A1FBF2E
:1014400000221A601B68012008BF002070474FF07F
:1014500080434FF46072C3F8042370474FF0804319
:101460004FF46072C3F80823704708B5EDF796FC97
:10147000BDE80840FEF799B807B5019001A8EDF75F
:10148000DDFC019A01239340C0F8083503B05DF8F4
:1014900004FB07B5019001A8EDF7D0FC019A0123E8
:1014A0009340C0F80C3503B05DF804FB37B5D0F8B5
:1014B00018358A69DBB28DF807300B6A93423EBF5C
:1014C0004A699DF80740D4540B6A91F824500C697E
:1014D0005A1C0A62023335B1A3428C6938BF0B61D2
:1014E0009C4288BF8B610D699D4205D9CA68D35C57
:1014F000C0F81C3501200AE08C699C4201D9CB7FE1
:10150000F6E7AA42F6D3A2422CBF0020012003B086
:1015100030BD30B5D0F804312BB10023C0F8043110
:10152000D0F80431012391F82F2022B30022C0F813
:101530002421D0F82441C0F81C21D0F81C41C0F867
:101540000821D0F80821002B79D0002281F82D2025
:1015500091F82F20002A37D18D6A4C6BA5421FBF0E
:101560000523C0F80025C0F80035134683F00103B9
:1015700081F82F3028E0D0F8244114B1C0F824219C
:101580000EE0D0F81C216AB3C0F81C41D0F81C2131
:101590004A6B01324A63D0F8245145B1C0F8244166
:1015A000D0F824210122426181F82F20CBE78C6AF8
:1015B000A24204D24C6AA25CC0F81C25C3E791F891
:1015C0002C201AB10123C361002030BD0A6A12F039
:1015D000400F4FF0010203D0C26181F82D20F3E7E4
:1015E0004261B0E7D0F80841002CACD0C0F8082127
:1015F000D0F80841D0F82441002CBFD14A6B8C6A46
:10160000A242A0D24C6AD0F81855A5544A6B8C6AF5
:101610000132651EAA424A6308D10A6A540602D4FE
:101620000222C0F80022012202628CE7A242FAD113
:101630000A6A520687D5022381F82D30C4E70120BB
:10164000C3E791F820200346032A29D8DFE802F0F7
:10165000212519028A68500304D5D3F84C2508695E
:10166000904207D18A6852031AD4D3F84C2589696D
:10167000914215D000200622C3F80005C3F80025CA
:101680007047D3F84C2508699042F3D1D3F83C2534
:10169000EDE7D3F84C250969EAE7D3F83C25FAE7EA
:1016A0000120704730B5A2F58075AD080124AC402B
:1016B0000C4207D0815829B10021815082581A6804
:1016C00022431A6030BD13B500230C4601934FF43A
:1016D000A47201ABFFF7E6FF21464FF48272FFF7D9
:1016E000E1FF21464FF49272FFF7DCFF21464FF4F1
:1016F000A872FFF7D7FF21464FF4A672FFF7D2FF7B
:1017000021464FF4B072FFF7CDFF4FF4AE72214681
:10171000FFF7C8FF019802B010BD30B54C689C427D
:1017200009D200254560096801609A420CD1201E4B
:1017300018BF012030BD43600D6805600868E41AD9
:1017400018444C600860F0E70020F3E74B689A42C9
:1017500028BF1A460B68C0E9003248680B68801A37
:101760004860134400380B6018BF012070474B6875
:101770009A4228BF1A4662B10B68C0E900324B6832
:101780009B1A4B600B68101E13440B6018BF01209E
:1017900070471346F1E7C343C3F3C01300F00F00D3
:1017A00000EB03107047704708B5EEF7DBFB01460E
:1017B000EEF7CCFA837B032B0AD10846FFF7EBFF49
:1017C000012303FA00F0C043BDE80840EEF7BABBBE
:1017D0000368002BF1D008BD8720FFF7E5BF862006
:1017E000FFF7E2BF8520FFF7DFBF8420FFF7DCBFF4
:1017F0008320FFF7D9BF8220FFF7D6BF8120FFF7F4
:10180000D3BFEEF7C1BB08B5EEF7A0FA818108BDE2
:1018100008B5EEF79BFA4FF04002EFF3118382F325
:101820001288BFF36F8F82680A6002682AB9807BD2
:1018300083F31188BFF36F8F08BD0420F8E70720FA
:10184000EEF730BF0620EEF72DBF0520EEF72ABFDA
:101850000420EEF727BF0320EEF724BF0220EEF7A7
:1018600021BF0120EEF71EBFEFF70EB807B50190BC
:1018700001A8EFF7F5F9019A01239340C0F8083564
:1018800003B05DF804FB08B1E1F7D6BC70477047C0
:1018900040B1C368587810F001001EBF1878B0FA44
:1018A00080F04009704700F04BBE00F021BE10B43C
:1018B00000F10C04C0E9034410BCF9F7DABA2DE9D1
:1018C000F04F87B0DDE9106705463B46914604A816
:1018D0003246884600F0C2FBDDE9043405F1140A03
:1018E000CDE902344FF04003EFF3118483F3128803
:1018F000BFF36F8F05F10C0B4A4641462846F9F7B6
:1019000050FA30B184F31188BFF36F8F07B0BDE890
:10191000F08F3E43F6D0DDE9022304A800F0C2FBBD
:10192000DDE904675A46CDE9006721465046F0F7E5
:1019300091F94FF04003EFF3118483F31288BFF362
:101940006F8FD9E738B504464FF04003EFF31185A8
:1019500083F31288BFF36F8FF9F7EBF904F10C00F2
:1019600000F02DFB30B1294604F11400BDE83840E9
:10197000F0F7D4B985F31188BFF36F8F38BDD0E984
:101980000332134313F003030CD14361816899427E
:1019900001D80020704741691160C168426101337C
:1019A0000A44F3E76FF01500704710B5C0E9023242
:1019B0000023016183610446FFF7E1FF0028A8BF0F
:1019C000C4E9004410BDF8B504460D464FF040038D
:1019D000EFF3118683F31288BFF36F8F47696FB9F6
:1019E00000F0A3FA50B1C767456100F03FFA3146F5
:1019F00004F10800BDE8F840F0F790B963692B6086
:101A0000A3696561013BA36186F31188BFF36F8F02
:101A1000F8BDEFF30580003818BF012070476FF064
:101A200057007047F0F78CB908B54FF04002EFF35C
:101A3000118382F31288BFF36F8FE0F76BFFF4E737
:101A4000C0E9022303FB02120023036280F82C305A
:101A500000F12403C0E90521C0E90000C0E9093311
:101A60000161C161704790F90E308B4201D0F0F7EF
:101A70000FB90020704703460020C3E90200C3E904
:101A8000003370472DE9F843994604469DF820300D
:101A90000D46904600F108064FF04002EFF3118723
:101AA00082F31288BFF36F8F03B14568304600F0B0
:101AB0003CFA58B10023C367C0F8148000F0D6F98F
:101AC00030463946F0F72AF900200CE0B9F1000F52
:101AD0001BD00821F0F778FD38B987F31188BFF3E0
:101AE0006F8F6FF00B00BDE8F8830122C0F804800F
:101AF0000260016801F003015DB922680A430260D7
:101B0000626820606AB960600BE0C8F800904046E7
:101B1000EFE72A68032A10D80160616839B9C4E97F
:101B20000000042104F1100000F03AFCC8E70A6844
:101B300002F0030202430A60E5E722F003020A43CF
:101B400002602A6802F0030240EA02032B60E8E721
:101B500010B5044630B10268930703D0446809B158
:101B600000F047FC204610BD0023C0E9003300F11F
:101B70000803C0E9023300F11003C0E904337047E1
:101B800007B50123009300230A461946FFF77AFFA1
:101B900003B05DF804FB07B500230A46009319461D
:101BA000FFF770FF03B05DF804FB00680021FFF74A
:101BB000CFBF5AB18A4209D300F11003C0E9021223
:101BC000C0E90000C0E90433002070476FF0150041
:101BD0007047026801238B4022EA0303036022FA64
:101BE00001F000F00100704710B5032104460C30ED
:101BF000FFF7EFFF30B104F1100000F013FAB0FA74
:101C000080F0400910BD20B100221146883000F05C
:101C1000E6B9704770B5C368C3F340069B07044636
:101C200016D4856802210C30FFF7D3FF80B1D5F8B8
:101C300080206AB194421DD122689EB9D5F88430C3
:101C4000C5F880209C4201D1C5F884200023236080
:101C5000E36813F00F001EBF43F00203E36040F09F
:101C6000020070BD3260D5F88420944208BFC5F8E8
:101C70008460EBE716461268DBE773B504464FF065
:101C80004003EFF3118583F31288BFF36F8F0023B6
:101C9000A0F11006032104380193FFF79AFF28B141
:101CA000A369019301A93046EFF796FD85F31188EA
:101CB000BFF36F8F02B070BD38B504460D461022D9
:101CC000002100F03DFC656038BD4FF04002EFF3AD
:101CD000118382F31288BFF36F8FC06800F00F008A
:101CE00083F31188BFF36F8F704713B501900846D7
:101CF0004FF04003EFF3118483F31288BFF36F8F2B
:101D000001A9EFF769FD84F31188BFF36F8F02B06B
:101D100010BD10B5FFF7E9FF041E09DD4FF04003C9
:101D2000EFF3118083F31288BFF36F8F00F031F966
:101D3000204610BD08B5A022002100F001FC08BD1E
:101D400038B5302204460D46002100F0F9FB4FF46F
:101D500080736560E36038BDFFF7B7BF38B50446F0
:101D60004FF04003EFF3118583F31288BFF36F8FB9
:101D7000FFF73AFF2046FFF74DFF85F31188BFF3C9
:101D80006F8F38BDF8B504460D464FF04003EFF3B2
:101D9000118683F31288BFF36F8FC36803F00F03BC
:101DA000002B14BF0127002705D186F31188BFF34C
:101DB0006F8F3846F8BDFFF717FF2046FFF72AFF61
:101DC00029462046EFF7EAFC86F31188BFF36F8FB0
:101DD0000028EED04FF0FF324FF0FF3305F108003E
:101DE000EFF7DCFBE5E7D0E9003213605A6000232F
:101DF000C0E90033704708B5FFF7F5FF437B23F0D8
:101E0000020343730023836008BD90F90E3091F9FB
:101E10000E00834214BFC01A0020704738B5044634
:101E20000D46EFF7B7FE637B43F002036373E5B142
:101E3000A5602B689D4209D16B68C4E900531C6002
:101E40006C6012E06A689342F6D01B68002BF3D0F6
:101E500094F90E2093F90E108A42F3D09142F1DDED
:101E60005A68C4E9003214605C6038BD10B54FF0A8
:101E70004003EFF3118483F31288BFF36F8FEFF702
:101E800055FE84F31188BFF36F8F10BD08B54FF076
:101E90004002EFF3118182F31288BFF36F8F8368E2
:101EA0000BB1FFF7A8FF81F31188BFF36F8F08BD57
:101EB00038B504464FF04003EFF3118583F31288E1
:101EC000BFF36F8F437B13F0280F0BD183680BB1E7
:101ED000FFF791FF637B51B903F0FB036373204667
:101EE000EFF724FE85F31188BFF36F8F38BD03F041
:101EF000EB03F3E701211838FFF7DABF08B5034613
:101F00004FF04002EFF3118182F31288BFF36F8F1D
:101F10000068834207D008B1FFF76DFF81F3118895
:101F2000BFF36F8F08BD0020F8E738B54FF04003CE
:101F3000EFF3118583F31288BFF36F8F0468A0421B
:101F40000DD034B12046FFF756FF04F1180000F021
:101F500069F885F31188BFF36F8F204638BD0024E0
:101F6000F7E710B501464FF04003EFF3118483F318
:101F70001288BFF36F8F83680BB1FFF73CFF84F3C8
:101F80001188BFF36F8FBDE8104001F1180000F019
:101F900049B8034620B9EFF305820AB9E0F73EBD20
:101FA00083F31188BFF36F8F70474FF04003EFF357
:101FB000118083F31288BFF36F8FFFF7EABF38B544
:101FC000054600202C68A54200D004B938BD204643
:101FD000FFF7C7FF2046FFF749FF0120F2E738B5BA
:101FE0004FF04003EFF3118583F31288BFF36F8F37
:101FF0000468A04212D09CB1E16762612046FFF7FD
:10200000FAFE04F1180000F00DF82046EFF78EFDFF
:10201000012085F31188BFF36F8F38BD0020F8E7EA
:102020002046F6E710B54FF04002EFF3118482F33B
:102030001288BFF36F8F03683BB1F0F77BF8002085
:1020400084F31188BFF36F8F10BD6FF01500F7E7B1
:1020500008B5F0F76BF908BDF0F768B9B3F1FF3FC9
:1020600008BFB2F1FF3F70B504461D46164613D0B7
:102070001A4315D06FF00102921B4FF0FF3363EB50
:102080000501002904DAF0F751F9821941EB050145
:10209000C4E90021204670BD4FF0FF321146F7E73A
:1020A0000022FBE7B3F1FF3F08BFB2F1FF3FF8B5F5
:1020B000074616461C4610D054EA020311D0F0F72A
:1020C00035F9B0420A46A14103460AD2F31A64EB3D
:1020D0000204C7E900343846F8BD4FF0FF331C4610
:1020E000F7E70023FBE710B50446FFF79BFFB0B905
:1020F000636A0BB12046984704F11800FFF7FEFE13
:1021000068B1FFF7B3FE4FF04003EFF3118083F3A4
:102110001288BFF36F8FBDE81040FFF73ABF10BDC4
:10212000F8B50D46D0E900138842044605D163682E
:10213000C5E900431D6065601DE0002BF7D098687D
:1021400000B16038A2F160073946FFF75EFE002853
:10215000EDDC2668B442EAD0002EE8D0B16801B1C7
:1021600060393846FFF751FE002805DD7368C5E980
:1021700000631D607560F8BD63689E42D7D0366805
:10218000EAE72DE9F84F00258B4614461F468246A4
:102190002E46A8465D4502DB3046BDE8F88F4FF07D
:1021A0004003EFF3118983F31288BFF36F8F9AF81E
:1021B0000D3003F03F03013B072B0FD8DFE803F09E
:1021C0001E040E0A0E0E0E25DAF810309B682BB195
:1021D000022320E0DAF810301B688BBB47BB237862
:1021E00033B39AF80D3003F03F03013B072B30D88F
:1021F000DFE803F033282F282F2F2F38DAF810309C
:102200009B68002BEAD0012305E0DAF810301B6A46
:10221000002BE3D01023DAF80C20CAF80880C2F3B0
:1022200086310B4363F39432CAF80C2084F80080A3
:1022300089F31188BFF36F8F01350AF1140AA9E7FA
:102240000423E8E7DAF81000224651461030FFF781
:1022500067FFCAF808400136EAE7DAF810002246BC
:102260005146F4E7DAF81000224651462430EEE7F2
:102270002DE9F843846805460E4644B16378012B86
:102280002ED114F8533C13F002030AD12370EB68EB
:10229000C3F386321643002066F39433A860EB60E4
:1022A0003EE054E90E23B3F1FF3F08BF12F1020FE5
:1022B00032D0A4F160084046FFF753FE082E0CBF51
:1022C0006FF003030023E36114F8533CDB0609D1EC
:1022D00054F8487C37B94046FFF7C8FD2770D6E769
:1022E000022B01D00023D1E72378002BCFD054F864
:1022F000047C002FF2D04FF00008A4F1140904F17F
:102300001400FFF78FFEC4F82C8049463846FFF7CB
:10231000ECFC84F80080BAE7002323706FF00A0019
:10232000BDE8F8831423F0B503FB010000244FF44B
:102330008B7601B9F0BD10F8073C40F80C4C03F067
:102340003F03082BA0F114070CD826FA03F3DB0790
:1023500008D550F8143C2BB150F8105C2B605D6030
:1023600040E9054482F31188BFF36F8F4FF04003BB
:10237000EFF3118283F31288BFF36F8F0139384670
:10238000D7E710B55205090201F47C5102F400129E
:102390000A43017B00240A43C0E90323846010BD83
:1023A00003460068834208D0D0E9003213605A60C7
:1023B0000023C0E90033FFF75BBF70470023C0E98B
:1023C0000000836070470023836070470432D3B5F8
:1023D000044608D200260027CDE9006741F0040139
:1023E000FFF76DFA10B9002002B0D0BD40F8044BE1
:1023F000FAE720B1011F50F8040CFFF7A3BA7047A9
:1024000001460420F0F7D2B870479A4208B501D9C6
:10241000E0F7D2FE814204D88B189842F8D381426B
:1024200002D183189942F3D3BDE8084000F060B8A8
:102430009A4208B501D9E0F7BFFEBDE8084000F0B8
:102440007FB810B501390244904201D1002005E067
:10245000037811F8014FA34201D0181B10BD0130C1
:10246000F2E7C9B20346184613F8012B12B18A42AB
:10247000F9D17047002918BF0020704710B56AB124
:102480000139841810F8012B11F8013F9A4203D149
:10249000A04201D0002AF5D1D01A10BD1046FCE7A9
:1024A00010B5024601448A42134603D01C7801321B
:1024B000002CF8D1181A10BD930570B548BF22F44E
:1024C0000072044608464CBF07212721B4FBF2F5F1
:1024D00002FB1543DBB2092B88BF5B18264688BF79
:1024E000DBB23033B24200F8013B2C46EED970BD6E
:1024F0000A44914200F1FF3300D1704710B511F842
:10250000014B03F8014F9142F9D110BD884210B53B
:1025100001EB020402D98442234607D8431EA1429C
:1025200008D011F8012B03F8012FF8E70244014607
:102530008A4200D110BD13F8014D02F8014DF7E7B2
:1025400002440346934200D1704703F8011BF9E7A8
:10255000D1E9043293421EBF5A1C0A6118707047B9
:1025600008B9002070474FF00040704701480068EC
:0825700070470000CC6B002055
:082578000019FD7F01000000C5
:10258000F531040000000000098E0400B0260600AA
:10259000E90F0500000000000D100500000000001C
:1025A00075940400C426060075940400D82606001D
:1025B00061BC04000000000095F50500000000006B
:1025C000CFF505000000000069E5050000270600C2
:1025D000AD920400EC260600CFE5050014270600A6
:1025E000E123040028270600919004000000000069
:1025F00055AE0400000000006D360400000000002D
:102600001D25040000000000D1310400000000007E
:102610007932040000000000B1BC0400000000009A
:10262000D3F5050000000000311605000000000091
:10263000818C04003C2706004596040050270600C4
:10264000A19A040078270600D197040064270600A9
:10265000E13B0400000000003D7F0400000000009A
:1026600011B1040000000000B3F105008C27060042
:10267000DFEA0500A027060001EE0500B4270600EA
:10268000AFF50500F0270600C5A60400DC2706000C
:10269000957E0400C8270600F51B0400000000001A
:1026A000F9340400000000000DB505000000000032
:1026B0009D8406007C4A06008C4A060020120020F9
:1026C000C8790020E9840600C04A0600E04A0600F6
:1026D00028120020707A0020F7840600D04A0600F5
:1026E000E04A06002A1200207C7A0020BA84060004
:1026F00000000000A84A0600221200201C7A0020D8
:10270000CA84060000000000B04A0600241200201F
:1027100000000000D984060000000000B84A06004E
:102720002612002000000000F47F0600E4150020BF
:10273000684506001A120020E80300208184060084
:1027400000000000644A06001E1200200000000085
:1027500009850600044B06003C4B06002C120020A5
:10276000E80C002023850600544B0600944B06001D
:102770002E120020200D0020B1780600144C060017
:102780006C4C060030120020580D00208D8706008A
:10279000244D0600744D060038120020B00E0020B3
:1027A00047850600804C0600AC4C06003212002023
:1027B000A87A002066850600D84C0600940E0020FA
:1027C000341200204C0E00203D840600484A0600CA
:1027D000000000001C1200201C0C00207687060060
:1027E000EC4C0600F84C060036120020C07A00209F
:1027F0003688060000000000944D06003A120020C2
:04280000307B002009
:102804006B140600471306000000000031BA0500EF
:102814000000000031BA0500A1FB040047130600C4
:1028240011F60400471306000000000031BA050049
:1028340029E30400471306003C270600C58C040066
:102844000000000031BA05000000000031BA0500A4
:102854000000000031BA05000000000031BA050094
:102864000000000031BA05001C7A00201D9304000A
:102874000000000031BA05000000000031BA050074
:102884000000000031BA050000000000E5AE0400BD
:102894000000000031BA05000000000031BA050054
:1028A4000000000031BA05000000000031BA050044
:1028B4000000000031BA05000000000031BA050034
:1028C4000000000031BA05000000000051BC040003
:1028D4000000000031BA05000000000031BA050014
:1028E4000000000031BA05000000000031BA050004
:1028F4000000000031BA05000000000031BA0500F4
:102904000000000031BA05000000000031BA0500E3
:102914000000000031BA0500A9F1040047130600C5
:102924000000000031BA0500D1E804004713060096
:102934000000000031BA0500E50905004713060050
:102944000000000031BA05000000000031BA0500A3
:102954000000000031BA05000000000031BA050093
:102964000000000031BA05000000000031BA050083
:102974000000000031BA05000000000031BA050073
:1029840005000000116004000000000006000000C3
:10299400B97C04000000000004000000516404003D
:0429A400000000002F
:1029A800E848060008000000884906000700000003
:1029B8006846060004000000B4450600090000004F
:1029C80085870600000000006C89060000000000F2
:1029D80078890600000000008189060000000000D8
:1029E8009089060000000000A2890600000000008F
:1029F8009989060000000000C48906000000000054
:102A08008E840600000000005880060000000000C8
:102A1800A2780600000000004C83060000000000B9
:102A280009840600000000008A83060000000000F8
:102A38003D820600000000005180060000000000F2
:102A480017840600000000003A830600000000001A
:102A58004683060000000000B48306000000000062
:102A6800DB87060000000000168806000000000052
:102A7800C9870600000000001F840600000000004F
:102A8800AA78060000000000827F0600000000000F
:102A9800AC840600000000009C78060000000000DE
:102AA8005C80060000000000A78706000000000008
:102AB800EF81060000000000058506000000000008
:102AC80016850600000000003085060000000000A2
:102AD8003E8506000000000098780600000000000F
:102AE8004878060000000000947806000000000006
:102AF8002C88060000000000B481060000000000D9
:102B080026840600000000002E8406000000000055
:102B1800CE8906000000000056850600000000006F
:102B280006820600000000009579060000000000FB
:102B38006D85060000000000EB8106000000000023
:102B4800B7780600000000009A8706000000000021
:102B5800097A060000000000448806000000000012
:102B68008A780600000000000180060000000000CE
:102B7800D87F060000000000BC7F060000000000AF
:102B88005084060000000000E77F060000000000F7
:082B9800FFFFFFFFFFFFFFFF3D
:102BA0000000000001000000A0000000F000000094
:102BB0000000000010020301401F00000413002069
:102BC00010270000FFFFFFFF00D0024400D0244484
:102BD0005CFF434400D0824400000000000000017C
:102BE00000000002000000040000000800000010C7
:102BF0000000002000000040000000800000001BDA
:102C0000000000360F01000000000000000200007C
:102C100000000000D9B10400EFF3050011B2040078
:102C20001800280000002A0000C20100000008006F
:102C30000338FDD870470000D826060006000100C2
:102C4000D82606001E000100D82606001A00010042
:102C5000030200004911002007100000801100202D
:102C6000010100004B11002007100000B3110020EB
:102C70000908000081780600D82606000600010039
:102C8000D82606001E000100D82606001A00010002
:102C90000100000000000000030000000000000030
:102CA000020000000100000007000000000000001A
:102CB0000400000003000000060000000100000006
:102CC00005000000020000000F00000000000000EE
:102CD00008000000070000000C00000003000000D6
:102CE0000B000000040000000E00000001000000C6
:102CF00009000000060000000D00000002000000B6
:102D00000A00000005000000442D06000430060003
:102D1000C0320600783506002C380600DC3A060082
:102D2000883D0600F03E0600AC3F0600204006004D
:102D30006C400600A4400600C4400600DC400600CB
:102D4000E840060001000000000000000000000054
:102D50000000000000000000000000000000000073
:102D60000000000000000000000000000000000063
:102D70000000000000000000000000000000000053
:102D80000000000000000000000000000000000043
:102D90000000000000000000000000000000000033
:102DA0000000000000000000000000000000000023
:102DB0000000000000000000000000000000000013
:102DC0000000000000000000000000000000000003
:102DD00000000000000000000000000000000000F3
:102DE00000000000000000000000000000000000E3
:102DF00000000000000000000000000000000000D3
:102E000000000000000000000000000000000000C2
:102E100000000000000000000000000000000000B2
:102E200000000000000000000000000000000000A2
:102E30000000000000000000000000000000000092
:102E40000000000000000000000000000000000082
:102E50000000000000000000000000000000000072
:102E60000000000000000000000000000000000062
:102E70000000000000000000000000000000000052
:102E80000000000000000000000000000000000042
:102E90000000000000000000000000000000000032
:102EA0000000000000000000000000000000000022
:102EB0000000000000000000000000000000000012
:102EC0000000000000000000000000000000000002
:102ED00000000000000000000000000000000000F2
:102EE00000000000000000000000000000000000E2
:102EF00000000000000000000000000000000000D2
:102F000000000000000000000000000000000000C1
:102F100000000000000000000000000000000000B1
:102F200000000000000000000000000000000000A1
:102F30000000000000000000000000000000000091
:102F40000000000000000000000000000000000081
:102F50000000000000000000000000000000000071
:102F60000000000000000000000000000000000061
:102F70000000000000000000000000000000000051
:102F80000000000000000000000000000000000041
:102F90000000000000000000000000000000000031
:102FA0000000000000000000000000000000000021
:102FB0000000000000000000000000000000000011
:102FC0000000000000000000000000000000000001
:102FD00000000000000000000000000000000000F1
:102FE00000000000000000000000000000000000E1
:102FF00000000000000000000000000000000000D1
:1030000000000000000000000100000001000000BE
:1030100001000000010000000100000001000000AC
:10302000010000000100000001000000010000009C
:10303000010000000100000001000000010000008C
:10304000010000000100000001000000010000007C
:10305000010000000100000001000000010000006C
:10306000010000000100000001000000010000005C
:10307000010000000100000001000000010000004C
:10308000010000000100000001000000010000003C
:10309000010000000100000001000000010000002C
:1030A000010000000100000001000000010000001C
:1030B000010000000100000001000000010000000C
:1030C00001000000010000000100000001000000FC
:1030D00001000000010000000100000001000000EC
:1030E00001000000010000000100000001000000DC
:1030F00001000000010000000100000001000000CC
:1031000001000000010000000100000001000000BB
:1031100001000000010000000100000001000000AB
:10312000010000000100000001000000010000009B
:10313000010000000100000001000000010000008B
:10314000010000000100000001000000010000007B
:10315000010000000100000001000000010000006B
:10316000010000000100000001000000010000005B
:10317000010000000100000001000000010000004B
:10318000010000000100000001000000010000003B
:10319000010000000100000001000000010000002B
:1031A000010000000100000001000000010000001B
:1031B000010000000100000001000000010000000B
:1031C00001000000010000000100000001000000FB
:1031D00001000000010000000100000001000000EB
:1031E00001000000010000000100000001000000DB
:1031F00001000000010000000100000001000000CB
:1032000001000000010000000100000001000000BA
:1032100001000000010000000100000001000000AA
:10322000010000000100000001000000010000009A
:10323000010000000100000001000000010000008A
:10324000010000000100000001000000010000007A
:10325000010000000100000001000000010000006A
:10326000010000000100000001000000010000005A
:10327000010000000100000001000000010000004A
:10328000010000000100000001000000010000003A
:10329000010000000100000001000000010000002A
:1032A000010000000100000001000000010000001A
:1032B000010000000100000001000000010000000A
:1032C00001000000010000000300000005000000F4
:1032D00007000000090000000B0000000D000000C6
:1032E0000F00000011000000130000001500000096
:1032F00017000000190000001B0000001D00000066
:103300001F00000021000000230000002500000035
:1033100027000000290000002B0000002D00000005
:103320002F000000310000003300000035000000D5
:1033300037000000390000003B0000003D000000A5
:103340003F00000041000000430000004500000075
:1033500047000000490000004B0000004D00000045
:103360004F00000051000000530000005500000015
:1033700057000000590000005B0000005D000000E5
:103380005F000000610000006300000065000000B5
:1033900067000000690000006B0000006D00000085
:1033A0006F00000071000000730000007500000055
:1033B00077000000790000007B0000007D00000025
:1033C0007F000000810000008300000085000000F5
:1033D00087000000890000008B0000008D000000C5
:1033E0008F00000091000000930000009500000095
:1033F00097000000990000009B0000009D00000065
:103400009F000000A1000000A3000000A500000034
:10341000A7000000A9000000AB000000AD00000004
:10342000AF000000B1000000B3000000B5000000D4
:10343000B7000000B9000000BB000000BD000000A4
:10344000BF000000C1000000C3000000C500000074
:10345000C7000000C9000000CB000000CD00000044
:10346000CF000000D1000000D3000000D500000014
:10347000D7000000D9000000DB000000DD000000E4
:10348000DF000000E1000000E3000000E5000000B4
:10349000E7000000E9000000EB000000ED00000084
:1034A000EF000000F1000000F3000000F500000054
:1034B000F7000000F9000000FB000000FD00000024
:1034C000FF000000010100000301000005010000F1
:1034D00007010000090100000B0100000D010000C0
:1034E0000F01000011010000130100001501000090
:1034F00017010000190100001B0100001D01000060
:103500001F0100002101000023010000250100002F
:1035100027010000290100002B0100002D010000FF
:103520002F010000310100003301000035010000CF
:1035300037010000390100003B0100003D0100009F
:103540003F0100004101000043010000450100006F
:1035500047010000490100004B0100004D0100003F
:103560004F0100005101000053010000550100000F
:1035700057010000590100005B0100005D010000DF
:103580005F0100000D00000019000000290000008C
:103590003D00000055000000710000009100000097
:1035A000B5000000DD000000090100003901000045
:1035B0006D010000A5010000E101000021020000F2
:1035C00065020000AD020000F9020000490300009E
:1035D0009D030000F503000051040000B104000049
:1035E000150500007D050000E905000059060000F2
:1035F000CD06000045070000C1070000410800009B
:10360000C50800004D090000D9090000690A000042
:10361000FD0A0000950B0000310C0000D10C0000E9
:10362000750D00001D0E0000C90E0000790F00008E
:103630002D100000E5100000A11100006112000033
:1036400025130000ED130000B914000089150000D7
:103650005D1600003517000011180000F118000079
:10366000D5190000BD1A0000A91B0000991C00001C
:103670008D1D0000851E0000811F000081200000BC
:10368000852100008D22000099230000A92400005C
:10369000BD250000D5260000F127000011290000FB
:1036A000352A00005D2B0000892C0000B92D000098
:1036B000ED2E00002530000061310000A132000035
:1036C000E53300002D35000079360000C9370000D1
:1036D0001D390000753A0000D13B0000313D00006B
:1036E000953E0000FD3F000069410000D942000006
:1036F0004D440000C545000041470000C14800009E
:10370000454A0000CD4B0000594D0000E94E000035
:103710007D50000015520000B153000051550000CB
:10372000F55600009D580000495A0000F95B000062
:10373000AD5D0000655F000021610000E1620000F6
:10374000A56400006D66000039680000096A000089
:10375000DD6B0000B56D0000916F0000717100001D
:10376000557300003D7500002977000019790000AD
:103770000D7B0000057D0000017F0000018100003D
:10378000058300000D8500001987000029890000CD
:103790003D8B0000558D0000718F0000919100005D
:1037A000B5930000DD95000009980000399A0000EB
:1037B0006D9C0000A59E0000E1A0000021A3000078
:1037C00065A50000ADA70000F9A9000049AC000004
:1037D0009DAE0000F5B0000051B30000B1B500008F
:1037E00015B800007DBA0000E9BC000059BF000018
:1037F000CDC1000045C40000C1C6000041C90000A1
:10380000C5CB00004DCE0000D9D0000069D3000028
:10381000FDD5000095D8000031DB0000D1DD0000AF
:1038200075E000001DE30000C9E5000079E8000034
:103830002DEB0000E5ED0000A1F000003F000000CE
:1038400081000000E7000000790100003F02000055
:10385000410300008704000019060000FF07000074
:10386000410A0000E70C0000F90F00007F13000080
:1038700081170000071C000019210000BF2600006E
:10388000012D0000E7330000793B0000BF4300003A
:10389000C14C000087560000196100007F6C0000D9
:1038A000C1780000E7850000F9930000FFA2000046
:1038B00001B3000007C4000019D600003FE9000072
:1038C00081FD0000E7120100792901003F4101005C
:1038D000415A01008774010019900100FFAC0100FA
:1038E00041CB0100E7EA0100F90B02007F2E020044
:1038F0008152020007780200199F0200BFC7020030
:1039000001F20200E71D0300794B0300BF7A0300B8
:10391000C1AB030087DE0300191304007F490400D4
:10392000C1810400E7BB0400F9F70400FF3505007E
:103930000176050007B8050019FC05003F420600A6
:10394000818A0600E7D40600792107003F7007004E
:1039500041C1070087140800196A0800FFC1080068
:10396000411C0900E7780900F9D709007F390A00EE
:10397000819D0A0007040B00196D0B00BFD80B00D6
:1039800001470C00E7B70C00792B0D00BFA10D001B
:10399000C11A0E0087960E0019150F007F960F00B2
:1039A000C11A1000E7A11000F92B1100FFB8110097
:1039B0000149120007DC1200197213003F0B1400BA
:1039C00081A71400E746150079E915003F8F16001E
:1039D0004138170087E4170019941800FF461900B2
:1039E00041FD1900E7B61A00F9731B007F341C0073
:1039F00081F81C0007C01D00198B1E00BF591F0055
:103A0000012C2000E701210079DB2100BFB8220052
:103A1000C1992300877E2400196725007F53260063
:103A2000C1432700E7372800F92F2900FF2B2A0080
:103A3000012C2B0007302C0019382D003F442E009C
:103A400081542F00E7683000798131003F9E3200B9
:103A500041BF330087E43400190E3600FF3B3700C6
:103A6000416E3800E7A43900F9DF3A007F1F3C00BF
:103A700081633D0007AC3E0019F93F00BF4A410099
:103A800001A14200E7FB4300795B4500BFBF460050
:103A9000C12848008796490019094B007F804C00D7
:103AA000C1FC4D00E77D4F00F9035100FF8E52002D
:103AB000011F540007B45500194E57003FED580040
:103AC00081915A00E73A5C0079E95D003F9D5F0013
:103AD000415661008714630019D86400FFA0660096
:103AE000416F6800E7426A00F91B6C007FFA6D00C5
:103AF00041010000A902000009050000C108000002
:103B0000410E000009160000A9200000C12E00008F
:103B1000014100002958000009750000819800004B
:103B200081C3000009F7000029340100017C010075
:103B3000C1CF0100A930020009A00200411F03000B
:103B4000C1AF030009530400A90A050041D80500CC
:103B500081BD060029BC070009D60800010D0A0036
:103B600001630B0009DA0C0029740E008133100088
:103B7000411A1200A92A140009671600C1D11800C1
:103B8000416D1B00093C1E00A9402100C17D24009D
:103B900001F6270029AC2B0009A32F0081DD33009B
:103BA000815E380009293D002940420001A74700F5
:103BB000C1604D00A970530009DA590041A06000AE
:103BC000C1C6670009516F00A9427700419F7F007D
:103BD000816A880029A89100095C9B00018AA500E0
:103BE0000136B0000964BB002918C7008156D30014
:103BF0004123E000A982ED000979FB00C10A0A0116
:103C0000413C190109122901A9903901C1BC4A019D
:103C1000019B5C0129306F0109818201819296012B
:103C20008169AB01090BC101297CD70101C2EE01F9
:103C3000C1E10602A9E01F0209C439024191540200
:103C4000C14D700209FF8C02A9AAAA024156C902FD
:103C50008107E90229C4090309922B0301774E0366
:103C600001797203099E970329ECBD038169E5037D
:103C7000411C0E04A90A3804093B6304C1B38F0434
:103C8000417BBD040998EC04A9101D05C1EB4E054C
:103C90000130820529E4B605090FED0581B7240638
:103CA00081E45D06099D980629E8D40601CD120736
:103CB000C1525207A9809307095ED60741F21A083C
:103CC000C1446108095DA908A942F30841FD3E0904
:103CD00081948C092910DC0909782D0A01D4800A05
:103CE000012CD60A09882D0B29F0860B816CE20B7A
:103CF0004105400CA9C29F0C09AD010DC1CC650D59
:103D0000412ACC0D09CE340EA9C09F0EC10A0D0F59
:103D100001B57C0F29C8EE0F094D6310814CDA10F4
:103D200081CF531109DFCF1129844E1201C8CF1260
:103D3000C1B35313A950DA1309A8631441C3EF1494
:103D4000C1AB7E15096B1016A90AA51641943C1744
:103D50008111D717298C7418090E151901A1B819EA
:103D6000014F5F1A0922091B2924B61B815F661CBB
:103D700041DE191DA9AAD01D09CF8A1EC155481FB1
:103D80004149092009B4CD20A9A09521C11961227A
:103D9000012A302329DC0224093BD9248151B3258F
:103DA00093060000450E00000F1C000011330000B8
:103DB0005B5700000D8E000077DD0000394D0100DB
:103DC00063E6010095B302001FC10300211D050039
:103DD000ABD70600DD02090007B30B00C9FE0E00D9
:103DE00033FF1200E5CF17002F8F1D00315E240036
:103DF000FB602C00ADBE350097A1400059374D0047
:103E000003B15B0035436C003F267F004196940070
:103E10004BD3AC007D21C80027C9E600E916090193
:103E2000D35B2F0185ED59014F2689015165BD01F5
:103E30009B0EF7014D8B3602B7497C0279BDC80253
:103E4000A35F1C03D5AE77035F2FDB03616B4704D1
:103E5000EBF2BC041D5C3C054743C605094B5B0601
:103E6000731CFC062567A9076FE1630871482C09DC
:103E70003B60030AEDF3E90AD7D5E00B99DFE80CC4
:103E800043F2020E75F62F0F7FDC7010819CC61175
:103E90008B363213BDB2B41467214F16299B02181A
:103EA0001341D019C53CB91B8FC0BE1D9107E21F3D
:103EB000DB5524228DF88624F7450B27B99DB229BE
:103EC000E3687E2C151A702F9F2D8932A129CB35DE
:103ED0002B9E37395D25D03C8763964049078C443B
:103EE000B3C9B248656E0C4DAFC39A51B1A25F56CB
:103EF0007BEF5C5B2D999460179A0866D9F7BA6BD3
:103F000083C3AD71B519E377BF225D7E1D23000029
:103F1000714D0000919C0000FD260100650C02001F
:103F2000E977030099A2050035D608002D700D0031
:103F3000E1E4130021C31C00EDB72800759238009E
:103F400059484D0029FA670025F889003DC7B4009B
:103F50005126EA00B1132C01DDD27C0185F2DE018D
:103F6000C9525502B92BE30215148C034D085404B1
:103F7000C1713F05412E5306CD979407958C0909D1
:103F80003977B80A4957A80C05CAE00E5D136A11C3
:103F900031274D14D1B29317BD26481BA5C0751FFC
:103FA000A9952824D99C6D29F5B9522F6DC8E635FD
:103FB000A1A6393D61415C45AD9F604EB5EE5958B3
:103FC000198E5C63691C7E6FE583D57CFFBD0000A4
:103FD00001A801008F6B0300F19E06003F230C0037
:103FE000C13D15008FB62300F1FC3900FF515B0085
:103FF00001FA8B000F75D10071BF32013F9AB801F1
:10400000C1DC6D020FCF5F03718E9E04FF7B3D0606
:1040100001B653088F9CFC0AF161580E3FA78C1221
:10402000C125C5178F65341EF1811426FFFBA72F0C
:10403000019C3A3B0F6222497186C0593F8A826DCA
:10404000C158E384010E040091210900112C1300D2
:1040500041EE2500414F47009143800011F7DD00FC
:104060000146730101925A021101B8039135BC0552
:10407000418FA7084106CE0C11B29B12910F9A1ADC
:10408000011A7625014C0734919E5747119DAC606B
:1040900041A6918123511600C59E320017B96B00CD
:1040A00099F6D8006B89A0010DC4FE021F015005CE
:1040B00021D91D09336C300FD5A2A418A767082792
:1040C00029FD7D3C7BB5E75B1D771D89AFA02DC920
:1040D000AD8E7B0089E6190139965E023D16D80443
:1040E000B5637709E128C611210334207548823869
:1040F0007D575760BF5BAF0281D82706F7845E0DFE
:10410000E9FEAD1B7F8BEB3681B7E56817039CC1D9
:10411000C10CFF0E396A852219EE914B81782B9ED6
:1041200033E10954958B000037980000FFA500008B
:1041300004B5000067C5000045D70000C1EA0000D3
:10414000FFFF0000FFFFFFFF555555553333333355
:10415000244992241CC7711C74D14517133BB11319
:10416000111111110F0F0F0F5E43790D0CC3300C9D
:104170002C64210BA3703D0A5E427B09B0DCD3089E
:10418000841042087CF0C10707755007453EEB06D6
:104190000669900663703E06D017F405055BB0050E
:1041A0000A62720529783905050505053E87D4049C
:1041B0004A90A7041FC17D0497C75604535C32047C
:1041C00004411004033FF0033526D2030ECCB5039F
:1041D000D10A9B03E0C0810336D06903EC1D530371
:1041E000D2913D031F1629032197150303030303EF
:1041F0009049F1020B5CE002022DD0022CB0C0020B
:1042000046DAB102FDA0A302D4FA95020CDF8802BF
:1042100097457C0202277002697C6402693F59025B
:10422000176A4E02F0F64302D5E03902022330024B
:1042300002B92602AD9E1D0221D01402BA490C0219
:1042400010080402F007FC015946F4017BC0EC01A0
:10425000AC73E5016E5DDE01657BD70158CBD00103
:10426000304BCA01F0F8C301B8D2BD01C3D6B701C3
:104270006403B2010157AC011AD0A6013F6DA10140
:10428000142D9C014F0E9701B40F920118308D012F
:104290005F6E880177C983015F407F0120D27A0178
:1042A000CE7D760187427201761F6E01CD136A01C1
:1042B000C61E6601A73F6201BB755E0156C05A016A
:1042C000D31E5701949053010115500188AB4C0146
:1042D0009E534901BC0C460162D6420113B03F0116
:1042E0005A993C01C2913901DF98360145AE33013C
:1042F00090D130015C022E014A402B01018B280134
:1043000027E225016745230170B42001F32E1E0129
:10431000A4B41B013845190168E01601F0851401A9
:104320008E35120101EF0F010AB20D016E7E0B01F5
:10433000F3530901603207017F1905011B090301CD
:10434000010101010000000080BB000078000000B6
:104350001500000015000000CD6C000000100020CA
:10436000D27306000300000008000000780000007F
:104370000B000000137D0600B8720600E272060012
:10438000800700000300000060440600244406008B
:10439000E8430600AC4306004E55060088010000C5
:1043A000E67106008B7B0600E37A06003C00000005
:1043B00044440000050000000300000005000C005C
:1043C00003000400040001000000000000000000E1
:1043D0000000000000000000000000005E63060016
:1043E000666A0600000000007800000044440000F7
:1043F000060000000200000005001800030008008D
:1044000002000400040001000000000000000000A1
:104410000000000000000000D6630600666A060087
:1044200000000000F000000044440000070000000D
:10443000010000000500300003001000040004002B
:104440000400010000000000000000000000000067
:1044500000000000C6640600666A06000000000056
:10446000E00100004444000008000000FFFFFFFFDF
:1044700005006000030020000400080002000400A2
:104480000400010000000000000000000000000027
:10449000A6660600666A06000000000010270000FD
:1044A000E8030000F82A0000E8030000BC34000024
:1044B000E8030000B0360000D0070000102700001D
:1044C000E8030000F82A0000E8030000BC34000004
:1044D000E8030000B0360000D007000010270000FD
:1044E000E8030000F82A0000E8030000BC340000E4
:1044F000E8030000B0360000D007000010270000DD
:10450000E8030000F82A0000E8030000BC340000C3
:10451000E8030000B0360000D007000000000000F3
:104520000000000003000000020000000300000083
:10453000020000000500000002000000030000006F
:10454000020000000300000002000000050000005F
:104550000200000003000000020000000F00000045
:104560000A00000005000000C5B405003D2204005B
:104570000000000015B4050019B405000522040070
:1045800071B40500E5210400C1B30500CBB30500FB
:10459000C5210400D9B3050000000000E3B3050005
:1045A0000000000000000000EBB3050009B40500A6
:1045B0000DB40500D0100020C9DC0500000000008B
:1045C000CC10002000000100C8100020ADDE050066
:1045D00000000000D80A002000000100C0100020E8
:1045E000D7B405000000000016800600000001009E
:1045F000BC100020ADDE050000000000D00A002045
:1046000000000100B4100020D7B405000000000035
:104610002780060000000100B0100020ADDE05007C
:1046200000000000C80A002000000100A8100020BF
:10463000D7B405000000000036800600000001002D
:10464000A4100020ADDE050000000000C00A00201C
:10465000000001009C100020D7B4050000000000FD
:104660003C80060000000100E8100020C9DC0500C5
:1046700000000000E410002000000100E010002015
:10468000ADDE050000000000040B0020000001006A
:10469000D81000205125040000000000191200204D
:1046A00000000100D41000209BDC05003D700400D8
:1046B000E00A002000000300000000001DBA050011
:1046C0002C0B0020240B00201C0B002000000000FD
:1046D000140B0020492804003D2704009127040002
:1046E000F1270400000000200000000000000B067D
:1046F00002000000F846060000000000D681060017
:104700002600020700000020DE81060022000B11B7
:10471000153604008FBD050055BD0500B9BC050068
:104720003FBC0500F9BC0500A9BC05009D3504008F
:10473000C5350400E9BD05007935040005350400E0
:1047400093BC050055BC050065BC050045BC0500D3
:10475000ADBD050025BE05003C4A060060470600C9
:104760000408000014B102203C4A0600704706000D
:104770002D0000007C0203203C4A06008047060012
:1047800007000000640303200E030000FD3F040047
:104790000F040000D13F04001A010000F3C305001C
:1047A00005040000613D0400130100001BC5050065
:1047B000FF01000019C505003E010000CD3D0400C9
:1047C00005040000F5C30500100100003FC405000A
:1047D00001120000154404000A1E0000D5C70500A0
:1047E00003090000F5C50500040B000097C405008F
:1047F000060A00004DC80500070A000047C405006E
:104800000C050000DBC605003C4A06001048060007
:10481000460000008C0303203C4A060020480600A6
:1048200004080000580403203C4A060030480600F3
:10483000FA010000A01403207FCE0500ADCE0500D4
:1048400000000000000000000000000041CF050053
:104850000000000000000000000000000000000058
:1048600009D8050049D805008DD8050009D80500EC
:104870006FD8050049D805000202010045D905009E
:1048800004040100F96B0400060601002D6B04000E
:1048900008040100656A04000A0201002DD9050020
:1048A0000C04010015D905000E0401002169040063
:1048B0002004010079680400100401007D670400F1
:1048C000120201009BD705001604010033D0050039
:1048D00018010100FBD405001E00040093D9050057
:1048E00052020000C1D7050018110020C9DC0500E4
:1048F0000000000014110020000001001011002031
:10490000ADDE050000000000D80B00200000010013
:10491000081100200000000000000000000000005E
:1049200000000000041100209BDC05003D70040025
:10493000E00B00200000030000110020ADDE0500A8
:1049400000000000D00B002000000100F810002043
:1049500001DD050089DD0500000000000000030006
:10496000F4100020ADDE050000000000C80B0020A0
:1049700000000100EC100020217504000000000080
:10498000000000000000010044110020C9DC050007
:104990000000000040110020000001003C11002038
:1049A000ADDE050000000000140C00200000010036
:1049B0003411002031DD050000000000000000007F
:1049C0000000010030110020ADDE050000000000F5
:1049D0000C0C002000000100281100205BDD050008
:1049E0000000000000000000000001002411002071
:1049F000ADDE050000000000040C002000000100F6
:104A00001C110020E5700400000000000000000000
:104A10000000010000000000000000000000000095
:104A2000000000000000000053E10500000000004D
:104A3000000000000000000000000000057D0400F0
:104A400000000000A9E10500B427060033E30500DB
:104A500013E305000BE3050003E30500FBE205009B
:104A6000B5800400258A0400FD8A04005802000075
:104A7000C58D0400958D040000000000B18E040077
:104A8000518F040057E505005DE50500158F040012
:104A9000D3E4050037E505000000000047E4050009
:104AA000000000000000000055920400A9910400DD
:104AB0006DE50500000000008BE50500000000002A
:104AC000FFFF000000030050000000000100000094
:104AD000FFFFFFFF0000005000000000000000008A
:104AE000F9940400E5E50500F3E505000BE6050093
:104AF00017E6050023E60500919304003DE6050056
:104B00000000000000400040000000000000000025
:104B1000000000000000980100000101204B060089
:104B2000004000402C4B060001000000344B060002
:104B30000200000004000C0005000B00B7E60500B1
:104B400000000000D19604000000000000000000FA
:104B5000219604000030004000000000000000002A
:104B600000000000000040060000010110000000ED
:104B700017E70500784B060000300040844B060024
:104B8000010000008C4B06000200000007000C0032
:104B90001B000B00E9E605000000000081980400FE
:104BA0000000000000000000119804000800000050
:104BB000000000200A000000000000180B000000A8
:104BC000000000160F00000000000011100000009F
:104BD00000000010150000000000000C170000008D
:104BE0000000000B1E000000000080081F000000F5
:104BF0000000400820000000000000082A0000001B
:104C0000000000063F000000000010047D000000CE
:104C100000000C02099B040000500240000000004C
:104C2000FFFFFFFFFFFFFFFFFFFFFFFFFFFFFFFF94
:104C3000FFFFFFFF0700000001010000000000204F
:104C4000000101004C4C0600010000000050024031
:104C5000584C060001000000604C060003000000F4
:104C60001D000D001C000F0003001200799C0400C1
:104C700041E70500B3E80500DBE70500299F0400D4
:104C800000000080FFFFFF7F000000800000008028
:104C9000FFFFFF7F6685060000FF0200B80B0000E3
:104CA00000000000C4260600080000025DA2040007
:104CB00047EB0500B7EA0500C5EA05000000000063
:104CC00000000000000000000000000000000000E4
:104CD00000000000000000008C270600000000001B
:104CE0000000000000366E01010000009DA70400D6
:104CF000642706006A00000091870300000000009E
:104D000000000000B9EF0500D1EE05000000000032
:104D10000000000023F00500EFEF050059F005004A
:104D20008DF005000030024000000000000000FF90
:104D300000FF000000000000000000010100000072
:104D400007F105004C4D0600FFFFFFFF0030024059
:104D5000584D060001000000604D060003000000F1
:104D60002D0004002F0005002E000600D8260600A6
:104D70000200010029A804008FF10500B387060096
:104D8000000000000000000071B00400CBF305003B
:104D9000F3F3050000000000000000000000000028
:104DA000B3F5050039BD040000000000000000005C
:104DB00007000000000000000000000000000000EC
:104DC000308906003489060039890600CA78060051
:104DD0003C8906004089060044890600498906008E
:104DE000308906003489060039890600CA78060031
:104DF0003C8906004089060044890600498906006E
:104E000069FD0400A717060003180600FD17060039
:104E1000F7170600F1170600EB170600E517060066
:104E2000DF170600D9170600410005009D000500A8
:104E3000B9070500631806005D180600571806003C
:104E4000511806004B180600451806003F180600CA
:104E50005D00050001FF040095FD04007D090500CB
:104E600061060500F5FFFFFF80250600802506008E
:104E7000F025060000260600A8260600B02606003B
:104E8000512563FCC2CAB9F3849E17A7ADFAE6BCEC
:104E9000FFFFFFFFFFFFFFFF00000000FFFFFFFF1E
:104EA000AAAAAAAAAAAAAAAAAAAAAAAA55555555B6
:104EB00055555555555555550000000055555555F6
:104EC000522563FCC2CAB9F3849E17A7ADFAE6BCAB
:104ED000FFFFFFFFFFFFFFFF00000000FFFFFFFFDE
:104EE000512563FCC2CAB9F3849E17A7ADFAE6BC8C
:104EF000FFFFFFFFFFFFFFFF00000000FFFFFFFFBE
:104F000096C298D84539A1F4A033EB2D817D037763
:104F1000F240A463E5E6BCF847422CE1F2D1176BFE
:104F2000F551BF376840B6CBCE5E316B5733CE2BD1
:104F3000169E0F7C4AEBE78E9B7F1AFEE242E34F00
:104F40004B60D2273E3CCE3BF6B053CCB0061D653D
:104F5000BC86987655BDEBB3E7933AAAD835C65AC6
:104F6000FCFFFFFFFFFFFFFFFFFFFFFF0000000050
:104F7000000000000000000001000000FFFFFFFF34
:104F8000FF8FFFFFFF8FFFFFFE8FFFFFFE8FFFFFF3
:104F9000FD8FFFFFFC8FFFFFFC8FFFFF6D757465BA
:104FA000785F667265652063616C6C656420776903
:104FB0007468204E554C4C20706172616D6574654B
:104FC0007200000043616E277420696E6974696124
:104FD0006C697A65206D757465782C207761732013
:104FE0004E554C4C0D0A00004661696C20746F20D0
:104FF00061637175697265206D757465780A00006A
:105000004661696C20746F20696E637265617365B7
:1050100020504D20636F756E7465720A00000000A9
:105020004661696C20746F206465637265617365A5
:1050300020504D20636F756E7465720A0000000089
:105040004661696C20746F2072656C6561736520C0
:105050006D757465780A0000436F756C64206E6F1F
:1050600074206C6F636B20706F776572207361764C
:1050700065206D75746578004661696C20746F20D9
:10508000756E6C6F636B206D757465780A00000037
:105090006374782063616E6E6F74206265204E5574
:1050A0004C4C00000A637478206973204E554C4CB8
:1050B0000A00000067E6096A85AE67BB72F36E3CC2
:1050C0003AF54FA57F520E518C68059BABD9831FD3
:1050D00019CDE05BD89E05C107D57C3617DD703051
:1050E00039590EF7310BC0FF11155868A78FF964B5
:1050F000A44FFABE0123456789ABCDEFFEDCBA9819
:1051000076543210F0E1D2C3000FC93F000F49407E
:1051100000CB9640000FC9400053FB4000CB164126
:1051200000ED2F41000F49410031624100537B41A6
:10513000003A8A4100CB9641005CA34100EDAF41AB
:10514000007EBC41000FC94100A0D5410031E241C1
:1051500000C2EE410053FB4100F20342003A0A4212
:105160000083104200CB164200141D42005C234213
:1051700000A5294200ED2F4200363642007E3C4217
:1051800000C74242000F4942A2000000F90000009F
:10519000830000006E0000004E000000440000008C
:1051A0001500000029000000FC000000270000009E
:1051B00057000000D1000000F5000000340000009E
:1051C000DD000000C0000000DB0000006200000005
:1051D00095000000990000003C0000004300000022
:1051E0009000000041000000FE000000510000009F
:1051F00063000000AB000000DE000000BB00000008
:10520000C500000061000000B7000000240000009D
:105210006E0000003A000000420000004D00000057
:10522000D2000000E000000006000000490000007D
:105230002E000000EA00000009000000D10000007C
:10524000920000001C000000FE0000001D00000095
:10525000EB0000001C000000B1000000290000006D
:10526000A70000003E000000E800000082000000EF
:1052700035000000F50000002E000000BB0000001B
:105280004400000084000000E90000009C000000D1
:105290007000000026000000B40000005F00000065
:1052A0007E00000041000000390000009100000075
:1052B000D600000039000000830000005300000009
:1052C00039000000F40000009C0000008400000091
:1052D0005F0000008B000000BD000000F90000002E
:1052E000280000003B0000001F000000F800000044
:1052F00097000000FF000000DE0000000500000035
:10530000980000000F000000EF0000002F000000D8
:10531000110000008B0000005A0000000A0000008D
:105320006D0000001F0000006D000000360000004E
:105330007E000000CF00000027000000CB0000002E
:1053400009000000B70000004F0000004600000008
:105350003F000000660000009E0000005F000000AB
:10536000EA0000002D00000075000000270000008A
:10537000BA000000C7000000EB000000E5000000DC
:10538000F10000007B0000003D000000070000006D
:1053900039000000F70000008A0000005200000001
:1053A00092000000EA0000006B000000FB0000001B
:1053B0005F000000B10000001F0000008D00000031
:1053C0005D0000000800000056000000030000001F
:1053D0003000000046000000FC0000007B000000E0
:1053E0006B000000AB000000F0000000CF000000E8
:1053F000BC000000200000009A000000F400000043
:10540000360000001D000000A9000000E3000000BD
:1054100091000000610000005E000000E600000056
:105420001B0000000800000065000000990000005B
:10543000850000005F00000014000000A0000000D4
:1054400068000000400000008D000000FF00000028
:10545000D8000000800000004D0000007300000034
:1054600027000000310000000600000006000000D8
:105470001500000056000000CA0000007300000084
:10548000A8000000C900000060000000E200000069
:105490007B000000C00000008C0000006B000000DA
:1054A0000000C93F0000F0390000DA370000A233E5
:1054B0000000842E0000502B0000C2270000D022E4
:1054C0000000C41F0000C61B0000441704000000B9
:1054D00007000000090000000040CA451B4CFF52B5
:1054E000825AB362A26B60754027C81B9810603B5C
:1054F000502200006066D00C000001000100010095
:10550000010001000100010002000200020002008F
:105510000200020002000300030004000500060070
:105520000800080001000200030004000500060056
:10553000070008001000180024002C00320038007A
:105540003E00430048004F0058006A008600FF7F7D
:10555000FF7FFF7FFE7FFD7FFB7FF97FF77FF47F7B
:10556000F17FEE7FEA7FE67FE27FDD7FD87FD27F2B
:10557000CD7FC67FC07FB97FB27FAA7FA27F9A7F8F
:10558000917F887F7F7F757F6B7F617F567F4B7FA9
:10559000407F347F287F1B7F0E7F017FF47EE67E75
:1055A000D87EC97EBA7EAB7E9B7E8B7E7B7E6A7EFA
:1055B000597E487E367E247E127EFF7DEC7DD97D2D
:1055C000C57DB17D9D7D887D737D5D7D477D317D10
:1055D0001B7D047DED7CD57CBD7CA57C8C7C737CA7
:1055E0005A7C417C277C0C7CF27BD77BBC7BA07BEC
:1055F000847B687B4B7B2E7B117BF37AD57AB77AE1
:10560000987A797A5A7A3A7A1A7AFA79D979B87983
:1056100097797579537931790E79EB78C878A478D0
:1056200080785C7837781278ED77C777A1777B77C9
:1056300054772D770677DE76B6768E7665763D766C
:105640001376EA75C07596756B7540751575EA74B5
:10565000BE749274657438740B74DE73B0738273A5
:1056600054732573F672C772977267723772067237
:10567000D671A471737141710F71DC70AA7077706B
:1056800043701070DC6FA76F736F3E6F096FD36E3E
:105690009D6E676E316EFA6DC36D8C6D546D1C6DB1
:1056A000E46CAC6C736C3A6C006CC76B8D6B526BBA
:1056B000186BDD6AA26A666A2A6AEE69B269756960
:1056C0003869FB68BE68806842680468C567866799
:1056D00047670767C866876647660766C665846565
:1056E00043650165BF647D643A64F863B4637163C4
:1056F0002D63EA62A56261621C62D76192614C61AE
:105700000661C0607A603360ED5FA55F5E5F165F23
:10571000CE5E865E3E5EF55DAC5D635D1A5DD05C1F
:10572000865C3C5CF15BA65B5B5B105BC55A795A9F
:105730002D5AE15994594859FB58AD5860581258A0
:10574000C45776572857D9568A563B56EC559C5520
:105750004C55FC54AC545B540B54BA536853175318
:10576000C55273522152CF517C512951D65083508A
:105770003050DC4F884F344FE04E8B4E364EE14D6B
:105780008C4D374DE14C8B4C354CDF4B884B324BBD
:10579000DB4A844A2C4AD5497D492549CD4875487C
:1057A0001C48C4476B471247B8465F460546AB45A1
:1057B0005145F7449D444244E7438C433143D6422C
:1057C0007A421F42C34167410A41AE405140F43F13
:1057D000973F3A3FDD3E7F3E223EC43D663D083D59
:1057E000A93C4B3CEC3B8D3B2E3BCF3A703A103AF8
:1057F000B1395139F13891383138D03770370F37E6
:10580000AE364D36EC358A352935C7346634043426
:10581000A2333F33DD327B321832B5315231EF30B3
:105820008C302930C62F622FFE2E9A2E372ED22D85
:105830006E2D0A2DA62C412CDC2B782B132BAE2A97
:10584000482AE3297E291829B3284D28E7278127EC
:105850001B27B5264F26E82582251B25B5244E2477
:10586000E72380231923B2224A22E3217C21142139
:10587000AC204520DD1F751F0D1FA51E3D1ED51D2B
:105880006C1D041D9B1C331CCA1B611BF91A901A4A
:10589000271ABE195519EC1882181918B01746178F
:1058A000DD1673160A16A0153615CD146314F913F8
:1058B0008F132513BB125112E7117C111211A8107E
:1058C0003D10D30F690FFE0E940E290EBE0D540D20
:1058D000E90C7E0C140CA90B3E0BD30A680AFE09D6
:1058E00093092809BD085208E7077C071107A60697
:1058F0003A06CF056405F9048E042304B8034C036B
:10590000E10276020B02A0013401C9005E00F3FF40
:1059100087FF1CFFB1FE46FEDAFD6FFD04FD99FC1A
:105920002EFCC2FB57FBECFA81FA16FAABF940F9F0
:10593000D5F86AF8FFF793F729F7BEF653F6E8F5BE
:105940007DF512F5A7F43CF4D2F367F3FCF291F283
:1059500027F2BCF152F1E7F07DF012F0A8EF3EEF34
:10596000D3EE69EEFFED95ED2BEDC1EC57ECEDEBD1
:1059700083EB19EBAFEA46EADCE972E909E99FE853
:1059800036E8CDE763E7FAE691E628E6BFE556E5B7
:10599000EDE484E41CE4B3E34BE3E2E27AE211E2F7
:1059A000A9E141E1D9E071E009E0A1DF3ADFD2DE0F
:1059B0006BDE03DE9CDD35DDCDDC66DCFFDB99DBF9
:1059C00032DBCBDA65DAFED998D932D9CBD865D8B3
:1059D000FFD79AD734D7CED669D604D69ED539D537
:1059E000D4D46FD40BD4A6D341D3DDD279D214D280
:1059F000B0D14DD1E9D085D022D0BECF5BCFF8CE8B
:105A000095CE32CECFCD6DCD0ACDA8CC46CCE4CB51
:105A100082CB20CBBFCA5DCAFCC99BC93AC9D9C8D1
:105A200078C818C8B7C757C7F7C697C637C6D8C506
:105A300078C519C5BAC45BC4FCC39DC33FC3E1C2EA
:105A400083C225C2C7C169C10CC1AEC051C0F4BF79
:105A500098BF3BBFDFBE82BE26BECBBD6FBD13BDB0
:105A6000B8BC5DBC02BCA7BB4DBBF2BA98BA3EBA8B
:105A7000E4B98BB931B9D8B87FB826B8CDB775B706
:105A80001DB7C5B66DB615B6BEB566B50FB5B9B41A
:105A900062B40CB4B5B35FB30AB3B4B25FB209B2C7
:105AA000B5B160B10BB1B7B063B00FB0BBAF68AF09
:105AB00015AFC2AE6FAE1DAECAAD78AD26ADD5ACDA
:105AC00083AC32ACE1AB90AB40ABF0AAA0AA50AA39
:105AD00000AAB1A962A913A9C5A876A828A8DAA71F
:105AE0008DA73FA7F2A6A5A659A60CA6C0A574A58A
:105AF00028A5DDA492A447A4FCA3B2A368A31EA377
:105B0000D4A28BA242A2F9A1B0A168A120A1D8A0E1
:105B100090A049A002A0BB9F749F2E9FE89EA29ECA
:105B20005D9E189ED39D8E9D4A9D059DC29C7E9C28
:105B30003B9CF89BB59B729B309BEE9AAD9A6B9AFF
:105B40002A9AE999A99968992999E998A9986A9846
:105B50002B98ED97AF9771973397F596B8967B96FC
:105B60003F960396C7958B9550951495DA949F941C
:105B700065942B94F193B8937F9346930E93D692AA
:105B80009E9266922F92F891C1918B9155911F919F
:105B9000EA90B59080904C901790E38FB08F7D8FF6
:105BA0004A8F178FE58EB28E818E4F8E1E8EED8DB1
:105BB000BD8D8D8D5D8D2D8DFE8CCF8CA18C728CCD
:105BC000448C178CE98BBC8B908B638B378B0B8B46
:105BD000E08AB58A8A8A608A368A0C8AE289B9891B
:105BE0009089688940891889F088C988A2887C884A
:105BF000558830880A88E587C0879B8777875387D1
:105C00002F870C87E986C786A486828661864086B0
:105C10001F86FE85DE85BE859E857F8560854285E3
:105C200023850585E884CB84AE849184758459846A
:105C30003E8422840784ED83D383B9839F83868344
:105C40006D8355833D8325830E83F682E082C9826E
:105C5000B3829D82888273825E824A8236822282E9
:105C60000F82FC81E981D781C581B381A2819181B5
:105C700081817181618151814281338125811781C7
:105C80000981FB80EE80E280D580C980BD80B28032
:105C9000A7809C80928088807F8075806D806480E2
:105CA0005C8054804C8045803E80388032802C80DF
:105CB000278022801D801980158011800E800B8026
:105CC0000880068004800380018001800180FF7FBE
:105CD000FF7FFD7FF97FF47FEE7FE67FDC7FD27F61
:105CE000C67FB87FA97F997F877F747F607F4A7F57
:105CF000327F1A7F007FE47EC77EA97E897E687E20
:105D0000467E227EFD7DD67DAE7D857D5A7D2E7DB3
:105D1000017DD27CA27C707C3D7C097CD47B9D7B08
:105D2000647B2A7BEF7AB37A757A367AF679B4791E
:105D300071792C79E778A07857780D78C2777677E3
:105D40002877D97689763776E57590753B75E47452
:105D50008C743374D8737C731F73C1726172007258
:105D60009E713B71D67070700970A16F376FCD6EE8
:105D7000616EF36D856D156DA46C326CBF6B4B6BF2
:105D8000D56A5F6AE7696E69F4687868FC677E6760
:105D9000FF667F66FE657C65F9647564EF63696321
:105DA000E1625862CE614461B8602B609D5F0D5F17
:105DB0007D5EEC5D5A5DC75C325C9D5B075B705A33
:105DC000D7593E59A45809586C57CF563156925559
:105DD000F2545154AF530D536952C5511F5179506C
:105DE000D24F294F804ED74D2C4D804CD44B274B52
:105DF000794ACA491A496A48B94707475446A045EB
:105E0000EC4437448143CA4213425B41A240E93F1C
:105E10002F3F743EB83DFC3C3F3C823BC33A043AC2
:105E200045398538C437033741367E35BB34F733BF
:105E300033336E32A931E3301D30562F8E2EC62DEE
:105E4000FD2C342C6B2BA12AD6290C294028742731
:105E5000A826DB250E2541247323A522D621072160
:105E60003820681F981EC71DF71C261C541B831A58
:105E7000B119DE180C18391766169315BF14EC13F8
:105E8000181343126F119B10C60FF10E1C0E470D15
:105E9000710C9C0BC60AF0091A0944086E07980693
:105EA000C205EC0415043F0369029201BC00E5FF42
:105EB0000FFF38FE62FD8BFCB5FBDFFA08FA32F902
:105EC0005CF886F7B0F6DAF505F52FF459F384F2AD
:105ED000AFF1DAF005F030EF5CEE88EDB3ECDFEB1C
:105EE0000CEB38EA65E992E8BFE7EDE61BE649E529
:105EF00077E4A6E3D5E204E234E164E094DFC5DEB2
:105F0000F6DD28DD59DC8CDBBEDAF1D925D959D88C
:105F10008DD7C2D6F7D52DD563D499D3D0D208D298
:105F200040D179D0B2CFEBCE26CE60CD9CCCD8CBB1
:105F300014CB51CA8FC9CDC80CC84BC78BC6CCC5B2
:105F40000DC54FC492C3D5C219C25DC1A3C0E9BF7C
:105F50002FBF77BEBFBD08BD52BC9CBBE7BA33BAEA
:105F60007FB9CDB81BB86AB7BAB60AB65CB5AEB4DD
:105F700001B455B3A9B2FFB155B1ACB005B05EAF35
:105F8000B7AE12AE6EADCBAC28AC86ABE6AA46AAD5
:105F9000A7A909A96CA8D1A736A79CA603A66BA59B
:105FA000D4A43EA4A8A314A381A2F0A15FA1CFA072
:105FB00040A0B29F259F9A9E0F9E859DFD9C769C3A
:105FC000EF9B6A9BE69A639AE1996099E1986298DF
:105FD000E5976997EE967496FB9584950D95989440
:105FE0002494B1933F93CF925F92F1918491199150
:105FF000AE904590DD8F768F118FAC8E498EE78DF8
:10600000878D278DC98C6D8C118CB78B5E8B068B21
:10601000B08A5A8A078AB48963891389C4887788C1
:106020002B88E08797874F870887C2867E863C86C5
:10603000FA85BA857B853E850285C7848E84568421
:106040001F84EA83B683838352832283F482C682C9
:106050009B82708247822082FA81D581B1818F81B3
:106060006F814F8131811581FA80E080C880B180D5
:106070009B808780748063805380448037802C802D
:106080002180188011800B80068002800180FF7FB4
:10609000FC7FF37FE57FD07FB67F977F727F477F5E
:1060A000177FE17EA57E647E1E7ED17D807D297D69
:1060B000CC7C6A7C037C967B237BAB7A2E7AAC7992
:1060C0002479977804786C77CF762D768675D97495
:1060D00028747173B572F4712E716370946FBF6E12
:1060E000E66D076D246C3C6B506A5F6969686E678A
:1060F0006F666C6564645863476232611960FB5E69
:10610000DA5DB45C8A5B5D5A2B59F557BC567E55F7
:106110003D54F852B0516450144FC14D6B4C114B6B
:10612000B4495448F0468A452044B3424441D23FE2
:106130005C3EE43C6A3BED396D38EB366635DF3367
:106140005632CA303D2FAD2D1B2C882AF2285B27F2
:10615000C22527248B22ED204E1FAD1D0C1C681A72
:10616000C4181F177815D11329128010D60E2C0DC4
:10617000810BD5092A087D06D10424037701CAFFC3
:106180001DFE71FCC4FA18F96BF7C0F514F469F23E
:10619000BFF016EF6DEDC5EB1EEA78E8D3E62FE50C
:1061A0008CE3EAE14AE0ABDE0EDD72DBD8D93FD802
:1061B000A8D613D580D3EFD160D0D3CE48CDBFCBF6
:1061C00039CAB5C833C7B4C537C4BDC246C1D2BFCA
:1061D00060BEF1BC85BB1CBAB7B854B7F4B598B46F
:1061E0003FB3EAB197B049AFFEADB6AC72AB32AADD
:1061F000F6A8BDA788A658A52BA402A3DDA1BDA023
:10620000A09F889E749D659C5A9B539A5099539861
:106210005997659675958994A393C192E4910B91D2
:106220003890698FA08EDB8D1C8D618CAC8BFB8AC6
:10623000508AAA8909896D88D7874687BA863386A6
:10624000B2853685C0844F84E3837D831C83C182FD
:106250006B821B82D0818B814B811181DD80AE806E
:106260008580618043802A8017800A800280FF7FBA
:10627000F27FCD7F927F417FD97E5C7EC87D1D7D80
:106280005D7C887B9C7A9B79857859771876C37476
:106290005A73DC714A70A46EEB6C1F6B40694F67D8
:1062A0004B6536630F61D75E8F5C375ACE575655B4
:1062B000CF523A50974DE64A28485D458642A33F63
:1062C000B53CBD39BA36AE3399307B2D552A2827D7
:1062D000F423B920791D341AEA169C134B10F70CDD
:1062E000A0094806EF0295FF3BFCE2F88AF534F27C
:1062F000E1EE90EB43E8FAE4B6E177DE3FDB0CD861
:10630000E1D4BDD1A1CE8ECB84C884C58EC2A3BF3B
:10631000C3BCEFB928B76DB4BFB11FAF8DAC0AAA2B
:1063200096A732A5DDA299A0669E439C329A339827
:1063300046966C94A592F190508FC38D4A8CE58A55
:1063400095895A8834872386278541847183B6824C
:10635000118283810B81A8805D80278009800000E5
:106360000C00180024003000040010001C0028005D
:1063700034000800140020002C00380001000D003B
:10638000190025003100050011001D00290035000D
:106390000900150021002D00390002000E001A002E
:1063A00026003200060012001E002A0036000A00F5
:1063B000160022002E003A0003000F001B002700E9
:1063C0003300070013001F002B0037000B001700DD
:1063D00023002F003B000000180030004800600040
:1063E000080020003800500068001000280040001D
:1063F0005800700004001C0034004C0064000C00C5
:1064000024003C0054006C0014002C0044005C008C
:1064100074000100190031004900610009002100E9
:106420003900510069001100290041005900710034
:1064300005001D0035004D0065000D0025003D00E4
:1064400055006D0015002D0045005D00750002002F
:106450001A0032004A0062000A0022003A0052008C
:106460006A0012002A0042005A00720006001E0054
:1064700036004E0066000E0026003E0056006E00FC
:1064800016002E0046005E00760003001B0033005D
:106490004B0063000B0023003B0053006B00130014
:1064A0002B0043005B00730007001F0037004F0004
:1064B00067000F0027003F0057006F0017002F00F4
:1064C00047005F0077000000300060009000C000CF
:1064D000100040007000A000D0002000500080009C
:1064E000B000E0000400340064009400C400140014
:1064F00044007400A400D400240054008400B400BC
:10650000E4000800380068009800C800180048003F
:106510007800A800D800280058008800B800E800DB
:106520000C003C006C009C00CC001C004C007C006B
:10653000AC00DC002C005C008C00BC00EC00010016
:10654000310061009100C100110041007100A10003
:10655000D100210051008100B100E10005003500AB
:1065600065009500C500150045007500A500D50023
:10657000250055008500B500E500090039006900D7
:106580009900C900190049007900A900D900290023
:1065900059008900B900E9000D003D006D009D0023
:1065A000CD001D004D007D00AD00DD002D005D0023
:1065B0008D00BD00ED000200320062009200C200BA
:1065C000120042007200A200D2002200520082009B
:1065D000B200E2000600360066009600C600160013
:1065E00046007600A600D600260056008600B600BB
:1065F000E6000A003A006A009A00CA001A004A003F
:106600007A00AA00DA002A005A008A00BA00EA00DA
:106610000E003E006E009E00CE001E004E007E006A
:10662000AE00DE002E005E008E00BE00EE00030015
:10663000330063009300C300130043007300A30002
:10664000D300230053008300B300E30007003700AA
:1066500067009700C700170047007700A700D70022
:10666000270057008700B700E7000B003B006B00D6
:106670009B00CB001B004B007B00AB00DB002B0022
:106680005B008B00BB00EB000F003F006F009F0022
:10669000CF001F004F007F00AF00DF002F005F0022
:1066A0008F00BF00EF0000006000C00020018001EB
:1066B00020008000E0004001A0014000A000000197
:1066C0006001C00108006800C80028018801280096
:1066D0008800E8004801A8014800A80008016801F6
:1066E000C80110007000D00030019001300090000F
:1066F000F0005001B0015000B00010017001D00155
:1067000018007800D8003801980138009800F80087
:106710005801B8015800B80018017801D8010400E8
:106720006400C4002401840124008400E4004401C6
:10673000A4014400A40004016401C4010C006C0025
:10674000CC002C018C012C008C00EC004C01AC0125
:106750004C00AC000C016C01CC0114007400D4009E
:106760003401940134009400F4005401B401540045
:10677000B40014017401D4011C007C00DC003C0155
:106780009C013C009C00FC005C01BC015C00BC0066
:106790001C017C01DC0101006100C10021018101BB
:1067A00021008100E1004101A1014100A10001019E
:1067B0006101C10109006900C9002901890129009D
:1067C0008900E9004901A9014900A90009016901FD
:1067D000C90111007100D100310191013100910016
:1067E000F1005101B1015100B10011017101D1015C
:1067F00019007900D9003901990139009900F9008F
:106800005901B9015900B90019017901D9010500EF
:106810006500C5002501850125008500E5004501CD
:10682000A5014500A50005016501C5010D006D002C
:10683000CD002D018D012D008D00ED004D01AD012C
:106840004D00AD000D016D01CD0115007500D500A5
:106850003501950135009500F5005501B50155004C
:10686000B50015017501D5011D007D00DD003D015C
:106870009D013D009D00FD005D01BD015D00BD006D
:106880001D017D01DD0102006200C20022018201C2
:1068900022008200E2004201A2014200A2000201A5
:1068A0006201C2010A006A00CA002A018A012A00A4
:1068B0008A00EA004A01AA014A00AA000A016A0104
:1068C000CA0112007200D20032019201320092001D
:1068D000F2005201B2015200B20012017201D20163
:1068E0001A007A00DA003A019A013A009A00FA0096
:1068F0005A01BA015A00BA001A017A01DA010600F7
:106900006600C6002601860126008600E6004601D4
:10691000A6014600A60006016601C6010E006E0033
:10692000CE002E018E012E008E00EE004E01AE0133
:106930004E00AE000E016E01CE0116007600D600AC
:106940003601960136009600F6005601B601560053
:10695000B60016017601D6011E007E00DE003E0163
:106960009E013E009E00FE005E01BE015E00BE0074
:106970001E017E01DE0103006300C30023018301C9
:1069800023008300E3004301A3014300A3000301AC
:106990006301C3010B006B00CB002B018B012B00AB
:1069A0008B00EB004B01AB014B00AB000B016B010B
:1069B000CB0113007300D300330193013300930024
:1069C000F3005301B3015300B30013017301D3016A
:1069D0001B007B00DB003B019B013B009B00FB009D
:1069E0005B01BB015B00BB001B017B01DB010700FE
:1069F0006700C7002701870127008700E7004701DC
:106A0000A7014700A70007016701C7010F006F003A
:106A1000CF002F018F012F008F00EF004F01AF013A
:106A20004F00AF000F016F01CF0117007700D700B3
:106A30003701970137009700F7005701B70157005A
:106A4000B70017017701D7011F007F00DF003F016A
:106A50009F013F009F00FF005F01BF015F00BF007B
:106A60001F017F01DF01FF7F0000FE7F53FEF57FE6
:106A7000A6FCE77FF9FAD47F4DF9BA7FA1F79B7F97
:106A8000F6F5777F4AF44C7F9FF21D7FF5F0E87EA4
:106A90004BEFAD7EA3ED6C7EFBEB277E54EADB7DF6
:106AA000ADE88A7D07E7337D63E5D87CC1E3777C79
:106AB0001EE2107C7DE0A47BDFDE337B41DDBB7A10
:106AC000A6DB3E7A0CDABD7972D83679DCD6A978A5
:106AD00047D51778B4D3807723D2E47693D0427623
:106AE00004CF9B7579CDF074F0CB3E746ACA89737C
:106AF000E5C8CE7263C70D72E5C5487167C47D7085
:106B0000EDC2AE6F76C1DB6E00C0026E8FBE246D2B
:106B100021BD426CB4BB5A6B4BBA6E6AE3B87E6956
:106B200080B7886821B68E67C4B491666AB38D65F4
:106B300015B28664C2B07A6373AF6A6228AE5661DA
:106B4000DFAC3D609BAB215F5AAAFF5D1EA9DA5CFA
:106B5000E5A7B15BAFA6835A7DA5525950A41D5835
:106B600027A3E45601A2A755E0A06654C49F225370
:106B7000AB9EDA51969D8E50879C404F7B9BED4D8E
:106B8000739A974C71993D4B7398E2497897814875
:106B900084961D479295B645A7944D44BF93E24213
:106BA000DC927341FE91014026918C3E5290143D3F
:106BB000838F9A3BB98E1E3AF38D9E38338D1C37E6
:106BC000788C9835C38B1134128B8932658AFC30EE
:106BD000BE896E2F1D89E02D80884E2CE987BB2A47
:106BE00057872629CA868F274486F625C2855B24C7
:106BF0004685BF22CF8422215C84831FF183E21D5E
:106C00008A83411C28839F1ACD82F91876825517F2
:106C10002582AD15DA81071494815F125381B61075
:106C200019810C0FE380620DB480B70B8A800C0AC7
:106C3000658060084680B4062C8007051A805C03D6
:106C40000B80AE0102800000018053FE0280A6FC92
:106C50000B80F9FA19804DF92C80A1F74680F6F5E2
:106C600065804AF489809FF2B480F5F0E3804BEFB1
:106C70001881A3ED5381FBEB948154EAD981ADE8EF
:106C8000258207E7768263E5CD82C1E328831EE291
:106C900089837DE0F083DFDE5C8441DDCD84A6DB8B
:106CA00045850CDAC28572D84386DCD6CA8647D5BC
:106CB0005787B4D3E98723D2808893D01C8904CF27
:106CC000BE8979CD658AF0CB108B6ACAC28BE5C8C4
:106CD000778C63C7328DE5C5F38D67C4B88EEDC27E
:106CE000838F76C1529000C025918FBEFE9121BD49
:106CF000DC92B4BBBE934BBAA694E3B8929580B72E
:106D0000829621B67897C4B472986AB36F9915B217
:106D1000739AC2B07A9B73AF869C28AE969DDFAC07
:106D2000AA9E9BABC39F5AAADFA01EA901A2E5A7FA
:106D300026A3AFA64FA47DA57DA550A4AEA627A3EC
:106D4000E3A701A21CA9E0A059AAC49F9AABAB9EDD
:106D5000DEAC969D26AE879C72AF7B9BC0B0739ACB
:106D600013B2719969B37398C3B478971EB68496B9
:106D70007FB79295E3B8A7944ABABF93B3BBDC92AE
:106D80001EBDFE918DBE2691FFBF529074C1838FB0
:106D9000ECC2B98E66C4F38DE2C5338D62C7788CC0
:106DA000E4C8C38B68CA128BEFCB658A77CDBE89E6
:106DB00004CF1D8992D0808820D2E987B2D357872B
:106DC00045D5CA86DAD6448671D8C2850ADA4685A0
:106DD000A5DBCF8441DD5C84DEDEF1837DE08A8348
:106DE0001EE22883BFE3CD8261E5768207E7258234
:106DF000ABE8DA8153EA9481F9EB5381A1ED198173
:106E00004AEFE380F4F0B4809EF28A8049F4658012
:106E1000F4F54680A0F72C804CF91A80F9FA0B8023
:106E2000A4FC028052FE018000000280AD010B80B4
:106E30005A03198007052C80B30646805F086580D9
:106E40000A0A8980B60BB480610DE3800B0F1881AC
:106E5000B51053815D1294810514D981AC1525823A
:106E600053177682F918CD829D1A28833F1C898397
:106E7000E21DF083831F5C842121CD84BF224585E0
:106E80005A24C285F42543868E27CA86242957872B
:106E9000B92AE9874C2C8088DD2D1C896D2FBE898D
:106EA000FC30658A8732108B1034C28B9635778C14
:106EB0001B37328D9D38F38D1B3AB88E993B838FEB
:106EC000133D52908A3E25910040FE917141DC9223
:106ED000DF42BE934C44A694B54592951D478296D9
:106EE00080487897DF4972983C4B6F99964C739A1B
:106EF000EB4D7A9B3E4F869C8D50969DD851AA9E15
:106F00002153C39F6554DFA0A65501A2E25626A3D4
:106F10001B584FA451597DA5835AAEA6B05BE3A779
:106F2000D95C1CA9FF5D59AA205F9AAB3C60DEAC1E
:106F3000556126AE6A6272AF7963C0B0856413B2E0
:106F40008D6569B38F66C3B48D671EB688687FB7D9
:106F50007C69E3B86E6A4ABA596BB3BB416C1EBD1B
:106F6000246D8DBE026EFFBFDA6E74C1AE6FECC2CF
:106F70007D7066C44771E2C50D7262C7CD72E4C808
:106F8000887368CA3D74EFCBEE7477CD9B7504CFE0
:106F9000427692D0E37620D28077B2D3177845D567
:106FA000A978DAD6367971D8BC790ADA3E7AA5DBC7
:106FB000BA7A41DD317BDEDEA47B7DE00F7C1EE210
:106FC000767CBFE3D87C61E5337D07E78A7DABE85B
:106FD000DB7D53EA267EF9EB6C7EA1EDAD7E4AEFB8
:106FE000E77EF4F01D7F9EF24C7F49F4767FF4F546
:106FF0009B7FA0F7BA7F4CF9D47FF9FAE67FA4FC17
:10700000F57F52FEFE7F0000FF7FAD01FE7F5A0339
:10701000F57F0705E77FB306D47F5F08BA7F0A0ACA
:107020009B7FB60B777F610D4C7F0B0F1D7FB510DB
:10703000E87E5D12AD7E05146C7EAC15277E53177D
:10704000DB7DF9188A7D9D1A337D3F1CD87CE21DBB
:10705000777C831F107C2121A47BBF22337B5A24A1
:10706000BB7AF4253E7A8E27BD7924293679B92A50
:10707000A9784C2C1778DD2D80776D2FE476FC30C5
:10708000427687329B751034F07496353E741B3708
:1070900089739D38CE721B3A0D72993B4871133D2E
:1070A0007D708A3EAE6F0040DB6E7141026EDF4242
:1070B000246D4C44426CB5455A6B1D476E6A80483E
:1070C0007E69DF4988683C4B8E67964C9166EB4D34
:1070D0008D653E4F86648D507A63D8516A62215324
:1070E000566165543D60A655215FE256FF5D1B5811
:1070F000DA5C5159B15B835A835AB05B5259D95CFF
:107100001D58FF5DE456205FA7553C6066545561ED
:1071100022536A62DA5179638E508564404F8D65DF
:10712000ED4D8F66974C8D673D4B8868E2497C69D1
:1071300081486E6A1D47596BB645416C4D44246DBC
:10714000E242026E7341DA6E0140AE6F8C3E7D709A
:10715000143D47719A3B0D721E3ACD729E3888736A
:107160001C373D749835EE7411349B758932427624
:10717000FC30E3766E2F8077E02D17784E2CA978BF
:10718000BB2A36792629BC798F273E7AF625BA7A2A
:107190005B24317BBF22A47B22210F7C831F767C62
:1071A000E21DD87C411C337D9F1A8A7DF918DB7D56
:1071B0005517267EAD156C7E0714AD7E5F12E77EF7
:1071C000B6101D7F0C0F4C7F620D767FB70B9B7F37
:1071D0000C0ABA7F6008D47FB406E67F0705F57F06
:1071E0005C03FE7FAE01FFFFFFFFFFFFFFFFFFFF1E
:1071F000FFFFFFFFFFFF000000000000000029006C
:1072000029002900520052007B00A400C800DE00C3
:10721000000000000000000000000000000000006E
:1072200029002900290029007B007B007B00A400A5
:10723000A400F0000A011B012701290029002900F0
:10724000290029002900290029007B007B007B0000
:107250007B00F000F000F0000A010A0131013E015C
:10726000480150017B007B007B007B007B007B00A2
:107270007B007B00F000F000F000F00031013101F4
:1072800031013E013E0157015F0166016C01F000D2
:10729000F000F000F000F000F000F000F00031012C
:1072A0003101310131015701570157015F015F0180
:1072B000720178017E0183010000000000000000DF
:1072C000000000000000000008000800080008009E
:1072D0001000100010001500150018001D002200FD
:1072E00024000200140037006C00B2000A0174018F
:1072F000EE017B021803C6038504550536062707F1
:1073000029083A095B0A8C0BCC0C1B0E790FE5108F
:107310005F12E6137B151C17CA18841A491C191E24
:10732000F31FD721C423B925B727BC29C72BD82DD4
:10733000EF2F0A3229344B366F38953ABB3CE23E88
:1073400008412D4350456F478B49A34BB54DC24F64
:10735000C851C753BE55AD5793596F5B425D0A5F25
:10736000C66078621D64B7654367C368366A9C6B04
:10737000F56C406E7D6FAD70CF71E372EA73E474AB
:10738000D075B076827748780179AF79517AE77A0B
:10739000727BF37B697CD67C397D947DE57D2F7E85
:1073A000727EAD7EE17E107F387F5C7F7A7F957F35
:1073B000AB7FBD7FCD7FD97FE47FEC7FF27FF67F0F
:1073C000FA7FFC7FFE7FFF7FFF7FFF7FFF7FFF7FD6
:1073D000FF7F00000100020003000400050006001A
:1073E000070008000A000C000E001000140018002E
:1073F0001C002200280030003C004E006400C375D1
:107400000A575C2F9A190073006600530040200051
:107410000000300001004000020060000300800016
:107420000400C00005000001060080010700000202
:10743000080002000400080010000100010008001C
:107440000200040000000C001A0034006800D000A4
:10745000A00141038206040D081A01000400100077
:1074600040000001000200000100020004000800CA
:107470001000200000007D1D0100632C001E9601FD
:10748000A01E5A01001F0806101F0606201F08062E
:10749000301F0806401F0606511F0700591F521FC4
:1074A0005B1F541F5D1F561F5F1F601F0806701F64
:1074B0000E00BA1FBB1FC81FC91FCA1FCB1FDA1F70
:1074C000DB1FF81FF91FEA1FEB1FFA1FFB1F801FAE
:1074D0000806901F0806A01F0806B01F0400B81F6A
:1074E000B91FB21FBC1FCC1F0100C31FD01F020653
:1074F000E01F0206E51F0100EC1FF31F0100FC1F47
:107500004E210100322170211002842101008321CB
:10751000D0241A05302C2F04602C0201672C0601A0
:10752000752C0201802C6401002D260841FF1A03EE
:10753000000061001A03E0001703F8000703FF00D2
:10754000010078010001300132010601390110010A
:107550004A012E017901060180014D00430281019B
:1075600082018201840184018601870187018901EA
:107570008A018B018B018D018E018F019001910198
:10758000910193019401F6019601970198019801E8
:107590003D029B019C019D0120029F01A001A001D1
:1075A000A201A201A401A401A601A701A701A901AA
:1075B000AA01AB01AC01AC01AE01AF01AF01B10159
:1075C000B201B301B301B501B501B701B801B8010A
:1075D000BA01BB01BC01BC01BE01F701C001C10180
:1075E000C201C301C401C501C401C701C801C7016B
:1075F000CA01CB01CA01CD011001DD0101008E01DC
:10760000DE011201F3010300F101F401F401F801BC
:107610002801220212013A020900652C3B023B02BA
:107620003D02662C3F0240024102410246020A012D
:107630005302400081018601550289018A015802E6
:107640008F015A0290015C025D025E025F029301AB
:107650006102620294016402650266026702970198
:1076600096016A02622C6C026D026E029C0170022D
:1076700071029D01730274029F0176027702780203
:1076800079027A027B027C02642C7E027F02A601D0
:1076900081028202A9018402850286028702AE016C
:1076A0004402B101B20145028D028E028F029002A6
:1076B0009102B7017B030300FD03FE03FF03AC034C
:1076C00004008603880389038A03B1031103C203FC
:1076D0000200A303A303C4030803CC0303008C0329
:1076E0008E038F03D8031801F2030A00F903F30392
:1076F000F403F503F603F703F703F903FA03FA03B8
:107700003004200350041007600422018A0436016B
:10771000C1040E01CF040100C004D004440161057E
:1077200026040000C700FC00E900E200E400E000DD
:10773000E500E700EA00EB00E800EF00EE00EC00F7
:10774000C400C500C900E600C600F400F600F2005F
:10775000FB00F900FF00D600DC00A200A300A5009A
:10776000A7209201E100ED00F300FA00F100D10042
:10777000AA00BA00BF001023AC00BD00BC00A100ED
:10778000AB00BB0091259225932502252425612578
:107790006225562555256325512557255D255C25F0
:1077A0005B251025142534252C251C2500253C257A
:1077B0005E255F255A2554256925662560255025B7
:1077C0006C2567256825642565255925582552258A
:1077D00053256B256A2518250C25882584258C259D
:1077E00090258025B103DF009303C003A303C303E7
:1077F000B500C403A6039803A903B4031E22C6035D
:10780000B50329226122B1006522642220232123AD
:10781000F7004822B0001922B7001A227F20B200D8
:10782000A025A0003001340138013C014001440191
:1078300048014C01500108010C011001140118010C
:107840001C01200124012C016D61696E0066696CC8
:10785000652073697A6520666F722066696C6520A1
:10786000636F756E742025642025640A007570644A
:107870006174696E672066696C652073697A650A50
:1078800000416E746963697079007472616E73701F
:107890006F7274006D6963006C656400636F64658A
:1078A00063006261747465727900627574746F6EDE
:1078B000004932535F3000737065616B6572002F51
:1078C00053443A2F0025732573005344002F53442B
:1078D0003A002F53443A2F617564696F002F534467
:1078E0003A2F696E666F2E747874006572726F72CB
:1078F0002064656C6574696E672066696C652069D3
:107900006E2064656C6574650A006572726F722022
:107910006F6E2025640A006572726F722064656C58
:107920006574696E672066696C650A006661696CDA
:10793000656420746F206D616B6520646972656396
:10794000746F7279200A00617564696F2F6130313C
:107950002E747874006661696C656420746F206DA4
:10796000616B65206E65772066696C6520696E20A5
:107970006469726563746F72792066696C65730AF5
:1079800000646F6E65207769746820636C6561724E
:10799000696E670A00736463617264006572726F76
:1079A0007220636C656172696E670A00646F6E6550
:1079B0002E20617474656D7074696E6720746F2019
:1079C000646F776E6C6F6164206D6F72652066699D
:1079D0006C65730A00636F6D6D616E64207375630F
:1079E0006365737366756C3A20636F6D6D616E6469
:1079F0003A2025642066696C653A20256420736905
:107A00007A653A202564200A0073746F7261676595
:107A10000000030C0F30333C3FC0C3CCCFF0F3FC6D
:107A2000FF00010101020303030203030302030336
:107A30000300FF00FF00FF00FF00FF00FE01000148
:107A4000FF00FE00FD020001FF00FE00FD0300013B
:107A5000FFFFFF9C6E56463B332D2825211F1C1A25
:107A6000191716151413121110100F0F0E0D0D0CFF
:107A70000C0C0C0B0B0B0A0A0A0909090909090865
:107A80000808080807070707070706060606060688
:107A9000060606060606060606060505050505058C
:107AA0000505050505050404040404040404040490
:107AB0000404040404040404040404040404040387
:107AC0000303030303030303030303030303030386
:107AD00002020100191702007E7C776D57291309F5
:107AE000040200E0E0E0E0E0E0E0E0A0A0A0A0B957
:107AF000B9B9B2B2A8863D25E0E0E0E0E0E0E0E020
:107B0000F0F0F0F0CFCFCFC6C6B7904228A0A0A02B
:107B1000A0A0A0A0A0B9B9B9B9C1C1C1B7B7AC8A7A
:107B20004026F0F0F0F0F0F0F0F0CFCFCFCFCCCC9B
:107B3000CCC1C1B48F4228B9B9B9B9B9B9B9B9C1C1
:107B4000C1C1C1C1C1C1B7B7AC8A4127CFCFCFCF67
:107B5000CFCFCFCFCCCCCCCCC9C9C9BCBCB08D4267
:107B600028C1C1C1C1C1C1C1C1C1C1C1C1C2C2C29B
:107B7000B8B8AD8B4127CCCCCCCCCCCCCCCCC9C903
:107B8000C9C9C6C6C6BBBBAF8C42282807070707B2
:107B90000707070707070707070707070707070775
:107BA0000707070707070707070707070707070765
:107BB00007070707280F171C1F22242627292A2B0F
:107BC0002C2D2E2F2F3132333435363737393A3B7F
:107BD0003C3D3E3F3F4142434445464747281421F0
:107BE000293035393D40424547494B4C4E5052555E
:107BF00057595B5C5E60626567696B6C6E7072752D
:107C000077797B7C7E80281727333C43494F535735
:107C10005B5E616466696B6F7376797C7E81838756
:107C20008B8E919496999B9FA3A6A9ACAEB1B323DA
:107C30001C31414E59636B72787E84888D91959981
:107C40009FA5ABB0B4B9BDC0C7CDD3D8DCE1E5E8E2
:107C5000EFF5FB15213A4F61707D89949DA6AEB674
:107C6000BDC3C9CFD9E3EBF3FB11233F566A7B8B2E
:107C700098A5B1BBC5CED6DEE6EDFA191F374B5B32
:107C80006975808A929AA1A8AEB4B9BEC8D0D7DE71
:107C9000E5EBF0F5FF102441596E80909FADB9C41B
:107CA000CFD9E2EAF2FA0B294A678097ACBFD1E15B
:107CB000F1FF092B4F6E8AA3BACFE3F60C27476377
:107CC0007B90A4B6C6D6E4F1FD092C51718EA8C0F4
:107CD000D6EBFF07315A7FA0BFDCF706335F86AAD9
:107CE000CBEA072F577B9BB8D4ED06346189AED021
:107CF000F005396A97C0E7053B6F9ECAF305376701
:107D000093BBE0053C71A1CEF804417AAFE0044397
:107D10007FB6EA0000000000000000000000000044
:107D200000000000000000005A504B453F38312849
:107D3000221D14120A00000000000000006E645AA8
:107D4000544E47413A332D27201A140C00000000EE
:107D50000000766E675D56504B46413B352F281F1D
:107D6000170F04000000007E7770685F59534E487B
:107D7000423C362F272019110C010000867F7872B3
:107D800067615B554E48423C362F29231D17100A68
:107D9000019089827C716B655F58524C4640393343
:107DA0002D27211A0F0198918A847B756F69625C77
:107DB00056504A433D37312B241401A29B948E85A3
:107DC0007F79736C66605A544D47413B352E1E01D6
:107DD000ACA59E988F89837D76706A645E57514BFF
:107DE000453F382D14C8C8C8C8C8C8C8C8C6C1BC13
:107DF000B7B2ADA8A39E999481680D111113020129
:107E000000487F41814280418040803E80408040E8
:107E1000805C4E5C4F5C4E5A4F74297328722884E4
:107E20001A841A9111A10CB00AB10B18B3308A361A
:107E300087368435863885378437843D7246604A74
:107E4000584B58574A59425B43643B6C3278287A06
:107E500025612B4E32534E5451584B564A57475A70
:107E6000495D4A5D4A6D287224752275228F1191F1
:107E7000129213A20CA50AB207BD06BE08B10917DB
:107E8000B236733F66426245634A59475B495B4E6F
:107E90005956505C425D40663B673C683C75347B9C
:107EA0002C8A23851F61264D2D3D5A5D3C692A6B26
:107EB000296E2D7426712670267C1A841B88138CDB
:107EC000149B0E9F109E12AA0DB10ABB08C006AFEC
:107ED000099F0A15B23B6E47564B5554535B4258A7
:107EE0004957485C4B6248693A6B36733472377055
:107EF000388133842896218C1D62234D2A2A79608B
:107F0000426C2B6F28752C7B20782477217F21866B
:107F1000228B15931798149E199A1AA615AD10B8AE
:107F20000DB80A960D8B0F16B23F724A5254535C2D
:107F300052673E6048604365496B48713776347DCF
:107F40003476347537873189279D20911D61214D05
:107F50002867645C55514D48464E4B49474E4A454B
:107F600048464A4C473C3C3C3C3C00080D1013152D
:107F700017181A1B1C1D1E1F202021222223242417
:107F8000252563627072696E74665F7061636B61F0
:107F90006765004661696C656420746F2072656274
:107FA0006F6F743A207370696E6E696E6720656ECC
:107FB000646C6573736C792E2E2E0A007573625F84
:107FC000646576696365003031323334353637386D
:107FD00039414243444546007573625F646573638B
:107FE000726970746F72007573625F7472616E7320
:107FF000666572006364632D61636D2D75617274D3
:10800000007573625F6364635F61636D00757362C3
:10801000776F726B7100416E74696369707920507B
:10802000656E64616E7400426173656420486172BC
:10803000647761726500312E302E350053656565B9
:1080400064205869616F20424C452053656E73650A
:108050000062745F64697300626173006469736BCA
:1080600000637C777BF26B6FC53001672BFED7AB6B
:1080700076CA82C97DFA5947F0ADD4A2AF9CA472EA
:10808000C0B7FD9326363FF7CC34A5E5F171D83162
:108090001504C723C31896059A071280E2EB27B28E
:1080A0007509832C1A1B6E5AA0523BD6B329E32FB5
:1080B0008453D100ED20FCB15B6ACBBE394A4C58E9
:1080C000CFD0EFAAFB434D338545F9027F503C9F4B
:1080D000A851A3408F929D38F5BCB6DA2110FFF36A
:1080E000D2CD0C13EC5F974417C4A77E3D645D1995
:1080F0007360814FDC222A908846EEB814DE5E0B56
:10810000DBE0323A0A4906245CC2D3AC629195E4C2
:1081100079E7C8376D8DD54EA96C56F4EA657AAE0D
:1081200008BA78252E1CA6B4C6E8DD741F4BBD8B9B
:108130008A703EB5664803F60E613557B986C11D93
:108140009EE1F8981169D98E949B1E87E9CE552837
:10815000DF8CA1890DBFE6426841992D0FB054BB59
:10816000166D757465785F696E69742063616C6CF7
:1081700065642077697468204E554C4C207061729C
:10818000616D6574657200436F756C64206E6F7409
:1081900020616C6C6F63617465206D757465782007
:1081A0006265666F726520696E697469616C697A6F
:1081B000696E67006D7075002A206275666665726B
:1081C000206F766572666C6F772064657465637482
:1081D0006564202A0A00464C4153485F30005352E0
:1081E000414D5F3000000001000000736F630066C6
:1081F000730000FBFBFBFEFEFEF3EFF7E2EDEDED9F
:10820000FBFBFBF4E8EA73640000FFFFFFFFFFFFE6
:1082100000000000000000FFFFFFFFFFFF00000064
:1082200000000042545F4C575F57510002FB349BE3
:108230005F80000080001000000000000062745F9A
:108240006461746100574553545F544F5044495220
:108250002F7A65706879722F7375627379732F62E4
:108260006C7565746F6F74682F686F73742F6863B3
:10827000695F636F72652E63006275662D3E6C6583
:108280006E203E3D2073697A656F66282A686472A5
:108290002900415353455254494F4E204641494CC1
:1082A000205B25735D20402025733A25640A006217
:1082B000745F6863695F6576745F6765745F666C39
:1082C000616773286864722D3E65767429202620C4
:1082D0002831554C203C3C202831292900657272F8
:1082E000203D3D20300009636F6D6D616E64206F2D
:1082F00070636F6465203078253034782074696D40
:10830000656F7574207769746820657272202564C2
:108310000A006576745F666C6167732026202831D9
:10832000554C203C3C2028302929004254205458E8
:108330000042542052580001020462745F6863696D
:108340005F636F72650062745F69640062745F618D
:10835000647600574553545F544F504449522F7A26
:1083600065706879722F7375627379732F626C759B
:1083700065746F6F74682F686F73742F636F6E6EA0
:108380002E63000101010101020362745F636F6EDD
:108390006E00646973636F6E6E6563746564006319
:1083A0006F6E66696700646973636F6E6E65637490
:1083B000696E670062745F6C326361700070756231
:1083C0006C69630072616E646F6D007075626C69D8
:1083D000632D69640072616E646F6D2D6964003095
:1083E000782530327800253032583A253032583AE4
:1083F000253032583A253032583A253032583A250D
:1084000030325820282573290062745F617474002B
:1084100062742F6363630062745F676174740062E7
:10842000745F736D70006E65745F627566006E6573
:10843000745F6275665F73696D706C65006D6D6306
:1084400000757362645F776F726B710001000203E5
:108450007573625F6E7266780006010501040103A0
:1084600001050202010302050401010102010301E9
:108470000401060108010C0110011801200140014E
:1084800080616463403430303037303030006164B4
:10849000635F6E7266785F736161646300636C6FC3
:1084A000636B40343030303030303000636C6F6399
:1084B0006B5F636F6E74726F6C0072616E646F6D70
:1084C00040343030306430303000656E74726F701C
:1084D000795F62745F6863690063727970746F407A
:1084E0003530303261303030006770696F40353080
:1084F000303030333030006770696F4035303030A5
:1085000030303030006932630069326340343030DB
:108510003034303030006932635F6E7266785F7479
:1085200077690069326340343030303330303000A6
:108530006932635F6E7266785F7477696D00693265
:10854000735F6E726678006C736D36647333747229
:108550002D632D656E00726567756C61746F725F57
:10856000666978656400534448435F30007364680B
:10857000635F73706900FFFFFFFFFFFFFFFFFFFFF7
:10858000FFFFFFFFFFFFFFFFFFFFFFFFFFFFFFFFFB
:10859000FFFFFFFFFFFFFFFFFFFFFFFFFFFFFFFFEB
:1085A000FFFFFFFFFFFFFFFFFFFFFFFFFFFFFFFFDB
:1085B000FFFFFFFFFFFFFFFFFFFFFFFFFFFFFFFFCB
:1085C000FFFFFFFFFFFFFFFFFFFFFFFFFFFFFFFFBB
:1085D000FFFFFFFFFFFFFFFFFFFFFFFFFFFFFFFFAB
:1085E000FFFFFFFFFFFFFFFFFFFFFFFFFFFFFFFF9B
:1085F000FFFFFFFFFFFFFFFFFFFFFFFFFFFFFFFF8B
:10860000FFFFFFFFFFFFFFFFFFFFFFFFFFFFFFFF7A
:10861000FFFFFFFFFFFFFFFFFFFFFFFFFFFFFFFF6A
:10862000FFFFFFFFFFFFFFFFFFFFFFFFFFFFFFFF5A
:10863000FFFFFFFFFFFFFFFFFFFFFFFFFFFFFFFF4A
:10864000FFFFFFFFFFFFFFFFFFFFFFFFFFFFFFFF3A
:10865000FFFFFFFFFFFFFFFFFFFFFFFFFFFFFFFF2A
:10866000FFFFFFFFFFFFFFFFFFFFFFFFFFFFFFFF1A
:10867000FFFFFFFFFFFFFFFFFFFFFFFFFFFFFFFF0A
:10868000FFFFFFFFFFFFFFFFFFFFFFFFFFFFFFFFFA
:10869000FFFFFFFFFFFFFFFFFFFFFFFFFFFFFFFFEA
:1086A000FFFFFFFFFFFFFFFFFFFFFFFFFFFFFFFFDA
:1086B000FFFFFFFFFFFFFFFFFFFFFFFFFFFFFFFFCA
:1086C000FFFFFFFFFFFFFFFFFFFFFFFFFFFFFFFFBA
:1086D000FFFFFFFFFFFFFFFFFFFFFFFFFFFFFFFFAA
:1086E000FFFFFFFFFFFFFFFFFFFFFFFFFFFFFFFF9A
:1086F000FFFFFFFFFFFFFFFFFFFFFFFFFFFFFFFF8A
:10870000FFFFFFFFFFFFFFFFFFFFFFFFFFFFFFFF79
:10871000FFFFFFFFFFFFFFFFFFFFFFFFFFFFFFFF69
:10872000FFFFFFFFFFFFFFFFFFFFFFFFFFFFFFFF59
:10873000FFFFFFFFFFFFFFFFFFFFFFFFFFFFFFFF49
:10874000FFFFFFFFFFFFFFFFFFFFFFFFFFFFFFFF39
:10875000FFFFFFFFFFFFFFFFFFFFFFFFFFFFFFFF29
:10876000FFFFFFFFFFFFFFFFFFFFFFFFFFFFFFFF19
:10877000FFFFFFFFFFFF6C736D3664733374722D60
:1087800063403661004C534D3644534C007370695E
:10879000403430303233303030007370695F6E7285
:1087A00066785F73706900666174616C5F65727290
:1087B0006F7200536F667444657669636520436F1A
:1087C0006E74726F6C6C65720062745F7364635F69
:1087D0006863695F6472697665720062745F73646E
:1087E000635F63727970746F0042542043544C523B
:1087F0002045434448003F49F6D4A3C55F3874C9B7
:10880000B3E3D2103F504AFF607BEB40B7995899D1
:10881000B8A6CD3C1ABD62745F7364635F65636420
:1088200068004D50534C20576F726B006D70736C25
:108830005F696E69740074656D7040343030306308
:108840003030300074656D705F6E7266355F6D70CC
:10885000736C00EB76904558464154202020002A46
:108860003A3C3E7C223F7F002B2C3B3D5B5D00EB86
:10887000FE904D53444F53352E30004E4F204E4105
:108880004D45202020204641543332202020004EE8
:108890004F204E414D45202020204641542020208D
:1088A000202000809A45418E418F804545454949A9
:1088B000498E8F9092924F994F555559999A9B9CFA
:1088C0009D9E9F41494F55A5A5A6A7A8A9AAABACB7
:1088D000ADAEAFB0B1B2B3B4B5B6B7B8B9BABBBC50
:1088E000BDBEBFC0C1C2C3C4C5C6C7C8C9CACBCC40
:1088F000CDCECFD0D1D2D3D4D5D6D7D8D9DADBDC30
:10890000DDDEDFE0E1E2E3E4E5E6E7E8E9EAEBEC1F
:10891000EDEEEFF0F1F2F3F4F5F6F7F8F9FAFBFC0F
:10892000FDFEFF01030507090E10121416181C1E88
:1089300052414D004E414E440043460053443200E4
:108940005553420055534232005553423300000004
:108950000000000101000000000000203030303035
:108960003030303030303030303000014E524658E8
:108970005F4750494F5445004E5246585F49325365
:10898000004E5246585F50444D0000000100000068
:108990004E5246585F535049004E5246585F545706
:1089A00049004E5246585F5457494D00000101019D
:1089B00001010C0D0E0F1011121314020304050611
:1089C0000708090B4E5246585F55534244006F73D7
:1089D00000737973776F726B71002A2A2A20426FB5
:1089E0006F74696E67206E524620436F6E6E6563CA
:1089F000742053444B2031666165313431666336EF
:108A00003731202A2A2A0A00286E756C6C29002A20
:088A1000666C6F61742A00001E
:108A18005D400000000000000000000000000000B1
:108A2800000000000000000000000000000000003E
:108A38000000000000000000FFFFFFFFFF1F000014
:108A480000000000000000001F00000000000000FF
:108A5800000000000000000000000000000000000E
:108A680000000000000000000000000000000000FE
:108A780000000000000000000000000000000000EE
:108A880000000000000000000000000000000000DE
:108A980000000000000000000000000000000000CE
:108AA80000000000000000000000000000000000BE
:108AB80000000000000000000000000000000000AE
:108AC800000000000000000000000000000000009E
:108AD800000000000000000000000000000000008E
:108AE800000000000000000000000000000000007E
:108AF800000000000000000000000000000000006E
:108B0800000000000000000000000000000000005D
:108B1800000000000000000000000000000000004D
:108B2800000000000000000000000000000000003D
:108B3800000000000000000000000000000000002D
:108B4800000000000000000000000000000000001D
:108B5800000000000000000000000000000000000D
:108B680000000000000000000000000000000000FD
:108B780000000000000000000000000000000000ED
:108B880000000000000000000000000000000000DD
:108B980000000000000000000000000000000000CD
:108BA80000000000000000000000000000000000BD
:108BB80000000000000000000000000000000000AD
:108BC800000000000000000000000000000000009D
:108BD800000000000000000000000000000000008D
:108BE800000000000000000000000000000000007D
:108BF800000000000000000000000000000000006D
:108C0800000000000000000000000000000000005C
:108C1800000000000000000000000000000000004C
:108C2800000000000000000000000000000000003C
:108C3800000000000000000000000000000000002C
:108C4800000000000000000000000000000000001C
:108C5800000000000000000000000000000000000C
:108C680000000000000000000000000000000000FC
:108C780000000000000000000000000000000000EC
:108C880000000000000000000000000000000000DC
:108C980000000000000000000000000000000000CC
:108CA8000000000000000000C1EB0200000000000E
:108CB800A97C030000000000FD7C03000000000008
:108CC800D9EB0200000000001F7D03000000000037
:108CD80000000000000000000080004000000000CC
:108CE800000000000C00000000000000100203005B
:108CF800000000000000000000000000000000006C
:108D0800000000000000000000000000000000005B
:108D1800000000000000000000000000000000004B
:108D2800000000000000000000000000000000003B
:108D3800000000000000000000000000000000002B
:108D4800000000000000000000000000000000001B
:108D5800000000000000000000000000000000000B
:108D680000000000000000000000000000000000FB
:108D780000000000000000FFFFFFFF1F00000000D0
:108D880000000000000000FF7F000000000000005D
:108D9800000000000000000000000000018C03003B
:108DA80000000000000100000000000000000000BA
:108DB80000000000000000000000000000000000AB
:108DC800000000000000000000000000A196030061
:108DD800000000000001000000000000000000008A
:108DE800000000000000000000000000000000007B
:108DF800000000000000000000000000000000006B
:108E0800000000000000000000000000000000005A
:108E1800000000000000000000000000000000004A
:108E2800000000000000000000000000000000003A
:108E3800000000000000000000000000000000002A
:108E4800000000000000000000000000000000001A
:108E5800000000000000000000000000000000000A
:108E680000000000000000000000000000000000FA
:108E780000000000000000000000000000000000EA
:108E880000000000880A0020680A002000C20100D3
:108E980000000800000000000000000000000000C2
:108EA80000000000000000000000000000000000BA
:108EB80000000000000000000000000000000000AA
:108EC800000000000000000000000000000000009A
:108ED800000000000000000000000000000000008A
:108EE800000000000000000000000000000000007A
:108EF800000000000000000000000000000000006A
:108F08000000000000000000000000000000000059
:108F18000000000000000000000000000000000049
:108F28000000000000000000000000000000000039
:108F38000000000000000000000000000000000029
:108F48000000000000000000000000000000000019
:108F58000000000000000000000000000000000009
:108F680000000000000000000000000000000000F9
:108F7800A54A0400000000000000000000000000F6
:108F880000000000000000000000000000000000D9
:108F980000000000000000000000000000000000C9
:108FA80000000000000000000000000000000000B9
:108FB80000000000000000000000000000000000A9
:108FC8000000000000000000000000000000000099
:108FD8000000000000000000000000000000000089
:108FE8000000000000000000000000000000000079
:108FF8000000000000000000000000000000000069
:109008000000000000000000000000000000000058
:1090180000000000000000006123050000000000BF
:1090280000000000000000001806002018060020BC
:1090380019E4050000000000000000000000000026
:10904800000000000000000038060020380600205C
:10905800000000000100000048060020480600202B
:10906800500600205006002000000000010000000B
:1090780060060020600600200000000000000000DC
:1090880000000000000000000000000000000000D8
:1090980000000000000000000000000000000000C8
:1090A80000000000000000000000000000000000B8
:1090B800AC0600200400000000000000241000207E
:1090C800C9DC0500000000005D110020000001005F
:1090D80020100020ADDE0500000000002007002061
:1090E800000001004C1100206D6605000000000022
:1090F80000000000000001001C1000209BDC05009F
:109108003D700400FC060020000003000000000081
:109118000000000000000000000000000000000047
:1091280000000000276705000000000000000000A4
:109138004C11002000001200340700200400000039
:109148000000000030100020C9DC0500000000000D
:109158007F110020000001002C100020ADDE05006A
:1091680000000000A8070020000001006E11002088
:1091780000000000EB66050000000000000002008F
:10918800281000209BDC05003D70040084070020A7
:1091980000000300000000000000000000000000C4
:1091A8000000000000000000000000002967050022
:1091B80000000000000000006E11002000001800F0
:1091C800BC0700200600000000000000401000203E
:1091D800C9DC050000000000B211002000000100F9
:1091E8003C100020ADDE05000000000060080020F3
:1091F80000000100A1110020AB660500000000007E
:109208000000000000000100381000209BDC050071
:109218003D7004003C0800200000030034100020CA
:10922800ADDE050000000000340800200000010049
:10923800901100208B66050000000000000000006F
:109248000000010090110020000002000000000052
:109258000000000000000000000000000000000006
:109268000000000063660500000000000000000028
:10927800A1110020000012009D8B0300658B0300E4
:1092880065660500696605006B660500598B030075
:10929800000000009808002080000000AEA3002015
:1092A800140000000C000000F401000000000000A1
:1092B8000000000009000000D82606000500000094
:1092C800D826060004000000C4080020040000009E
:1092D8000000000084100020C9DC05000000000028
:1092E800D41100200000010080100020ADDE050030
:1092F800000000003809002000000100C311002010
:1093080021680500000000000000000000000100C6
:109318007C1000209BDC05003D700400140900202F
:109328000000030000000000000000000000000032
:109338000000000000000000000000001F68050099
:109348000000000000000000C3110020000012000F
:10935800C42606000B000000D826060013000000F3
:1093680000000000000000000000000000000000F5
:1093780078620020000000000000000000000000EB
:109388000000000080090020070000000000000025
:1093980098100020C9DC0500000000000812002019
:1093A8000000010094100020ADDE05000000000060
:1093B8005C0A002000000100F711002000000000F6
:1093C80059A00300000000000000020090100020D7
:1093D8009BDC05003D700400380A002000000300F3
:1093E8008C100020ADDE050000000000300A0020CF
:1093F80000000100E611002059A103000000000050
:109408000000000000000100881000209BDC05001F
:109418003D7004000C0A002000000300000000005A
:109428000000000000000000000000000000000034
:1094380000000000A59E03000000000000000000DE
:10944800E6110020000012000000000000000000EB
:109458000000000000000000000000000000000004
:10946800A59E03000000000000000000F711002086
:109478000000180039AB0500F02C032000000000A4
:1094880000000000000000000000000000000000D4
:109498000000000000040000F0300320000000007D
:1094A80000000000000000000000000000000000B4
:1094B8000000000000040000AD210400800000004E
:1094C800B51F040000000000B51F04008000000064
:1094D800A010002000000200AC10002000000200D4
:1094E800B810002000000200C41000200000020094
:1094F8000000000000000000000000000000000064
:1095080000000000000000000BB50500000000008E
:1095180000000000DC100020000012000C0B0020EE
:109528000C0B0020A01300203A000000B413002008
:109538003A000000501300203A000000C813002031
:109548003A0000000000000047BA050000000000D3
:109558000000000000000000000000000000000003
:1095680000040000DC0500200000000000000000EE
:1095780000000000000000000000000000000000E3
:1095880000000000000000000000000000000000D3
:1095980000000000ED3D0400000000000000000095
:1095A800900B0020900B002000000000000000003D
:1095B800ED610400816D040000000000000000005F
:1095C80000000000C1650400EDD6050019D60500AD
:1095D800A161040000000000F0100020000002005B
:1095E800FC10002000000A000C11002000002000E0
:1095F8000000000000000000000000000000000063
:1096080000000000000000000000000055DC05001C
:109618000000000020110020000002002C11002092
:1096280000000200381100200000020000000000C5
:109638000000000000000000000000000000000022
:109648000000000000000000000000000000000012
:109658000000000000000000000000000000000002
:1096680000000000000000000000000000000000F2
:1096780000000000000000000000000000000000E2
:1096880000000000000000000000000000000000D2
:1096980000000000000000000000000000000000C2
:1096A80000000000000000000000000000000000B2
:1096B80000000000000000000000000000000000A2
:1096C8000000000000000000000000000000000092
:1096D8000000000000000000000000000000000082
:1096E800CA7806000000000000000000000000002A
:1096F8004C4A060000000000E80C0020E80C00209E
:109708000100000001000000F80C0020F80C002007
:10971800000D0020000D00200000000001000000E6
:10972800100D0020100D00200000000000000000B7
:10973800200D0020200D0020010000000100000085
:10974800300D0020300D0020380D0020380D00208D
:109758000000000001000000480D0020480D002016
:1097680000000000DC5301200000000000000000A1
:1097780000000000000000000000000000000000E1
:1097880000000000000000000000000000000000D1
:1097980000000000000000000000000000000000C1
:1097A80000000000000000000000000000000000B1
:1097B80000000000000000000000000000000000A1
:1097C8000000000000000000000000000000000091
:1097D8000000000000000000000000000000000081
:1097E8000000000000000000000000000000000071
:1097F8000000000000000000000000000000000061
:109808000000000000000000000000000000000050
:109818000000000000000000000000000000000040
:109828000000000000000000000000000000000030
:109838000000000000000000000000000000000020
:10984800000000000000000000000000184C0600A6
:1098580000000000010000000000000000000000FF
:109868000000000000366E0100310000D826060016
:1098780002000100000000000000000000000000DD
:1098880000000000000000000000000000000000D0
:1098980000000000000000000000000000000000C0
:1098A80000000000D1A2040041A4040015A3040094
:1098B800BDEB05000000000091EB0500E1A20400EB
:1098C80000000000000000006C4D060001000000D0
:1098D800C00E0020C00E00200000000001000000A3
:1098E800D00E0020D00E0020D80E0020D80E002068
:1098F8000000000001000000E80E0020E80E002033
:10990800000000000000000000000000000000004F
:10991800000000000000000000000000000000003F
:10992800000000008C270600000000000000000076
:10993800000000000000000000000000000000001F
:10994800000000000000000000000000000000000F
:1099580000000000000000000000000000000000FF
:1099680000000000000000000000000000000000EF
:1099780000000000000000000000000000000000DF
:1099880000000000000000000000000000000000CF
:1099980000000000000000000000000000000000BF
:1099A800FF00000000000000000000009C0F0020E5
:1099B8009C0F0020A40F0020A40F0020000000002E
:1099C800152D0500F00F0020E80F0020E00F002003
:1099D80000000000D80F0020D52E0500212E05001C
:1099E800552E05009D2E0500648000203A00003A9F
:1099F800688000203A00003A6C8000203A00003A63
:109A0800708000203A00003AB88500200410002039
:109A1800C40F0020BC0F0020B80F0020B40F002096
:109A28004D3C0500413C0500353C0500000002297D
:109A38000000032800000028000002290000032875
:109A48000000002800000328000002290000032865
:109A5800000000286810640040106300FA0F5B00E3
:109A6800BE0F4E00320F3F00F60E3500600E240088
:109A78004C0E2300980D0E005C0D0B004E0C0100DF
:109A88000000000000040000070800000000022990
:109A98000000032800000028000002290000032815
:109AA8000000022900000328000000280000272ADF
:109AB8000000272A000003280000262A0000262A82
:109AC800000003280000292A0000292A0000032892
:109AD8000000242A0000242A0000032800000A1895
:109AE80000000028000002290000192A0000192A95
:109AF8000000032800000F180000002800002A2B8F
:109B080000002A2B000003280000292B0000292B25
:109B180000000328000002290000052A0000052A89
:109B28000000032800000118000000280000042A93
:109B38000000042A000003280000012A0000012A6E
:109B4800000003280000002A0000002A0000032863
:109B58000000001800000028010A180602A229586F
:109B68005E44BF5074001000009137403202A229B1
:109B7800585E44BF507400100000903740320223F2
:109B8800D1BCEA5F782315DEEF121231150000020E
:109B980023D1BCEA5F782315DEEF121230150000DE
:109BA8000214128A7604D16C4F7E53F2E80200B197
:109BB800190214128A7604D16C4F7E53F2E8010020
:109BC800B1190214128A7604D16C4F7E53F2E80060
:109BD80000B11902922E49AC6E3450740010000086
:109BE8002579BA2302922E49AC6E345074001000C5
:109BF800002479BA23010243AEFEAD49280429BDE9
:109C0800EA0143825729300243AEFEAD49280429B0
:109C1800BDEA0143815729300243AEFEAD4928040D
:0A9C280029BDEA014380572930648A
:109C32000000000000000000000000000000000022
:109C42000000000000000000000000000000000012
:029C5200000010
:049C5400FFFFFFFF10
:109C58000000000000000000612305000000000073
:109C680000000000000000005812002058120020D8
:109C78004968050000000000000000000000000026
:089C88000000000000000000D4
:109C90007812002078120020010000002C00000043
:109CA000A4290320000000000000000094120020FE
:109CB0009412002001000000A8000000C04F022004
:109CC0000000000000000000B0120020B0120020D0
:109CD0000400000050000000D4AF0220000000008B
:109CE00000000000CC120020CC1200200400000074
:109CF0005000000094AE02200000000000000000B0
:109D0000E8120020E81200202000000014000000EB
:109D1000702A03200000000000000000041300204F
:109D200004130020020000001027000068600220D9
:109D3000000000000000000020130020201300207D
:109D40000A00000010000000D029032000000000DD
:049D5000000000000F
:109D54000000000068500220001000000000000015
:049D640000000000FB
:109D680050130020501300200000000000000000E5
:109D78000E0000006413002064130020000000009F
:109D8800000000000E000000781300207813002067
:109D980000000000000000000E0000008C130020EE
:109DA8008C13002000000000000000000E000000DE
:109DB800A0130020A01300200000000000000000F5
:109DC8000E000000B4130020B413002000000000AF
:109DD800000000000E000000C8130020C813002077
:109DE80000000000000000000E000000DC1300204E
:109DF800DC13002000000000000000000E0000003E
:109E08000000000000000000F8130020F8130020F4
:109E180000140020001400200000000000000000D2
:109E2800101400201014002018140020181400200A
:109E38000000000000000000281400202814002062
:089E480030140020301400204A
:109E5000000000000000000040140020401400201A
:109E600048140020481400200A000A0008000000DE
:109E700000000000284806006428032000000000BD
:109E8000000000006C1400206C14002074140020EA
:109E9000741400200300030008000000000000000C
:109EA00068470600040303200000000000000000D3
:109EB0009814002098140020A0140020A014002062
:109EC0000200020008000000000000001848060020
:109ED000601403200000000000000000C4140020F3
:109EE000C4140020CC140020CC1400200200020076
:109EF00008000000000000000848060018040320C5
:109F00000000000000000000F0140020F014002009
:109F1000F8140020F81400200A000A0008000000CD
:109F200000000000584706003C010320000000002C
:109F3000000000001C1500201C1500202415002026
:109F400024150020010001000800000000000000AE
:089F5000784706006C030320B2
:109F580012010002EF020140E32F00010403010295
:109F6800030109020000000100E032080B000202B0
:109F7800020000090400000102020000052400108C
:109F88000105240102010424020205240600010738
:109F980005800310000A09040100020A00000007F6
:109FA8000580024000000705000240000004030984
:109FB800040E035A45504859520000000000001092
:109FC800035553422D44455600000000000000226E
:109FD800033031323334353637383941424344451A
:109FE8004600000000000000000000000000000023
:039FF80000000066
:019FFB00FF66
:109FFC000000000063150020A3B3050095240400A5
:10A00C00FD2204000000000000000000030000001E
:04A01C00A80A00206E
:04A0200015E015E052
:0400000340002ED5B6
:00000001FF
