ISO-10303-21;
HEADER;
FILE_DESCRIPTION(('Open CASCADE Model'),'2;1');
FILE_NAME('Open CASCADE Shape Model','2026-08-27T23:04:58',('Author'),(
    'Open CASCADE'),'Open CASCADE STEP processor 7.8','Open CASCADE 7.8'
  ,'Unknown');
FILE_SCHEMA(('AUTOMOTIVE_DESIGN { 1 0 10303 214 1 1 1 1 }'));
ENDSEC;
DATA;
#1 = APPLICATION_PROTOCOL_DEFINITION('international standard',
  'automotive_design',2000,#2);
#2 = APPLICATION_CONTEXT(
  'core data for automotive mechanical design processes');
#3 = SHAPE_DEFINITION_REPRESENTATION(#4,#10);
#4 = PRODUCT_DEFINITION_SHAPE('','',#5);
#5 = PRODUCT_DEFINITION('design','',#6,#9);
#6 = PRODUCT_DEFINITION_FORMATION('','',#7);
#7 = PRODUCT('Open CASCADE STEP translator 7.8 36',
  'Open CASCADE STEP translator 7.8 36','',(#8));
#8 = PRODUCT_CONTEXT('',#2,'mechanical');
#9 = PRODUCT_DEFINITION_CONTEXT('part definition',#2,'design');
#10 = ADVANCED_BREP_SHAPE_REPRESENTATION('',(#11,#15),#1825);
#11 = AXIS2_PLACEMENT_3D('',#12,#13,#14);
#12 = CARTESIAN_POINT('',(0.,0.,0.));
#13 = DIRECTION('',(0.,0.,1.));
#14 = DIRECTION('',(1.,0.,-0.));
#15 = MANIFOLD_SOLID_BREP('',#16);
#16 = CLOSED_SHELL('',(#17,#137,#916,#966,#1020,#1314,#1341,#1439,#1466,
    #1493,#1500,#1549,#1554,#1582,#1587,#1636,#1686,#1735,#1789,#1816));
#17 = ADVANCED_FACE('',(#18),#32,.F.);
#18 = FACE_BOUND('',#19,.F.);
#19 = EDGE_LOOP('',(#20,#55,#83,#111));
#20 = ORIENTED_EDGE('',*,*,#21,.F.);
#21 = EDGE_CURVE('',#22,#24,#26,.T.);
#22 = VERTEX_POINT('',#23);
#23 = CARTESIAN_POINT('',(-45.,-30.,16.736305255312));
#24 = VERTEX_POINT('',#25);
#25 = CARTESIAN_POINT('',(-45.,30.,16.736305255312));
#26 = SURFACE_CURVE('',#27,(#31,#43),.PCURVE_S1.);
#27 = LINE('',#28,#29);
#28 = CARTESIAN_POINT('',(-45.,-35.,16.736305255312));
#29 = VECTOR('',#30,1.);
#30 = DIRECTION('',(0.,1.,0.));
#31 = PCURVE('',#32,#37);
#32 = PLANE('',#33);
#33 = AXIS2_PLACEMENT_3D('',#34,#35,#36);
#34 = CARTESIAN_POINT('',(-45.,-35.,0.));
#35 = DIRECTION('',(1.,0.,0.));
#36 = DIRECTION('',(0.,0.,1.));
#37 = DEFINITIONAL_REPRESENTATION('',(#38),#42);
#38 = LINE('',#39,#40);
#39 = CARTESIAN_POINT('',(16.736305255312,0.));
#40 = VECTOR('',#41,1.);
#41 = DIRECTION('',(0.,-1.));
#42 = ( GEOMETRIC_REPRESENTATION_CONTEXT(2) 
PARAMETRIC_REPRESENTATION_CONTEXT() REPRESENTATION_CONTEXT('2D SPACE',''
  ) );
#43 = PCURVE('',#44,#49);
#44 = PLANE('',#45);
#45 = AXIS2_PLACEMENT_3D('',#46,#47,#48);
#46 = CARTESIAN_POINT('',(-45.,-35.,16.736305255312));
#47 = DIRECTION('',(0.,0.,1.));
#48 = DIRECTION('',(1.,0.,0.));
#49 = DEFINITIONAL_REPRESENTATION('',(#50),#54);
#50 = LINE('',#51,#52);
#51 = CARTESIAN_POINT('',(0.,0.));
#52 = VECTOR('',#53,1.);
#53 = DIRECTION('',(0.,1.));
#54 = ( GEOMETRIC_REPRESENTATION_CONTEXT(2) 
PARAMETRIC_REPRESENTATION_CONTEXT() REPRESENTATION_CONTEXT('2D SPACE',''
  ) );
#55 = ORIENTED_EDGE('',*,*,#56,.F.);
#56 = EDGE_CURVE('',#57,#22,#59,.T.);
#57 = VERTEX_POINT('',#58);
#58 = CARTESIAN_POINT('',(-45.,-30.,0.));
#59 = SURFACE_CURVE('',#60,(#64,#71),.PCURVE_S1.);
#60 = LINE('',#61,#62);
#61 = CARTESIAN_POINT('',(-45.,-30.,0.));
#62 = VECTOR('',#63,1.);
#63 = DIRECTION('',(0.,0.,1.));
#64 = PCURVE('',#32,#65);
#65 = DEFINITIONAL_REPRESENTATION('',(#66),#70);
#66 = LINE('',#67,#68);
#67 = CARTESIAN_POINT('',(0.,-5.));
#68 = VECTOR('',#69,1.);
#69 = DIRECTION('',(1.,0.));
#70 = ( GEOMETRIC_REPRESENTATION_CONTEXT(2) 
PARAMETRIC_REPRESENTATION_CONTEXT() REPRESENTATION_CONTEXT('2D SPACE',''
  ) );
#71 = PCURVE('',#72,#77);
#72 = CYLINDRICAL_SURFACE('',#73,5.);
#73 = AXIS2_PLACEMENT_3D('',#74,#75,#76);
#74 = CARTESIAN_POINT('',(-40.,-30.,0.));
#75 = DIRECTION('',(0.,0.,1.));
#76 = DIRECTION('',(-1.,-0.,0.));
#77 = DEFINITIONAL_REPRESENTATION('',(#78),#82);
#78 = LINE('',#79,#80);
#79 = CARTESIAN_POINT('',(0.,0.));
#80 = VECTOR('',#81,1.);
#81 = DIRECTION('',(0.,1.));
#82 = ( GEOMETRIC_REPRESENTATION_CONTEXT(2) 
PARAMETRIC_REPRESENTATION_CONTEXT() REPRESENTATION_CONTEXT('2D SPACE',''
  ) );
#83 = ORIENTED_EDGE('',*,*,#84,.T.);
#84 = EDGE_CURVE('',#57,#85,#87,.T.);
#85 = VERTEX_POINT('',#86);
#86 = CARTESIAN_POINT('',(-45.,30.,0.));
#87 = SURFACE_CURVE('',#88,(#92,#99),.PCURVE_S1.);
#88 = LINE('',#89,#90);
#89 = CARTESIAN_POINT('',(-45.,-35.,0.));
#90 = VECTOR('',#91,1.);
#91 = DIRECTION('',(0.,1.,0.));
#92 = PCURVE('',#32,#93);
#93 = DEFINITIONAL_REPRESENTATION('',(#94),#98);
#94 = LINE('',#95,#96);
#95 = CARTESIAN_POINT('',(0.,0.));
#96 = VECTOR('',#97,1.);
#97 = DIRECTION('',(0.,-1.));
#98 = ( GEOMETRIC_REPRESENTATION_CONTEXT(2) 
PARAMETRIC_REPRESENTATION_CONTEXT() REPRESENTATION_CONTEXT('2D SPACE',''
  ) );
#99 = PCURVE('',#100,#105);
#100 = PLANE('',#101);
#101 = AXIS2_PLACEMENT_3D('',#102,#103,#104);
#102 = CARTESIAN_POINT('',(-45.,-35.,0.));
#103 = DIRECTION('',(0.,0.,1.));
#104 = DIRECTION('',(1.,0.,0.));
#105 = DEFINITIONAL_REPRESENTATION('',(#106),#110);
#106 = LINE('',#107,#108);
#107 = CARTESIAN_POINT('',(0.,0.));
#108 = VECTOR('',#109,1.);
#109 = DIRECTION('',(0.,1.));
#110 = ( GEOMETRIC_REPRESENTATION_CONTEXT(2) 
PARAMETRIC_REPRESENTATION_CONTEXT() REPRESENTATION_CONTEXT('2D SPACE',''
  ) );
#111 = ORIENTED_EDGE('',*,*,#112,.T.);
#112 = EDGE_CURVE('',#85,#24,#113,.T.);
#113 = SURFACE_CURVE('',#114,(#118,#125),.PCURVE_S1.);
#114 = LINE('',#115,#116);
#115 = CARTESIAN_POINT('',(-45.,30.,0.));
#116 = VECTOR('',#117,1.);
#117 = DIRECTION('',(0.,0.,1.));
#118 = PCURVE('',#32,#119);
#119 = DEFINITIONAL_REPRESENTATION('',(#120),#124);
#120 = LINE('',#121,#122);
#121 = CARTESIAN_POINT('',(0.,-65.));
#122 = VECTOR('',#123,1.);
#123 = DIRECTION('',(1.,0.));
#124 = ( GEOMETRIC_REPRESENTATION_CONTEXT(2) 
PARAMETRIC_REPRESENTATION_CONTEXT() REPRESENTATION_CONTEXT('2D SPACE',''
  ) );
#125 = PCURVE('',#126,#131);
#126 = CYLINDRICAL_SURFACE('',#127,5.);
#127 = AXIS2_PLACEMENT_3D('',#128,#129,#130);
#128 = CARTESIAN_POINT('',(-40.,30.,0.));
#129 = DIRECTION('',(0.,0.,1.));
#130 = DIRECTION('',(-1.,-0.,0.));
#131 = DEFINITIONAL_REPRESENTATION('',(#132),#136);
#132 = LINE('',#133,#134);
#133 = CARTESIAN_POINT('',(-0.,0.));
#134 = VECTOR('',#135,1.);
#135 = DIRECTION('',(-0.,1.));
#136 = ( GEOMETRIC_REPRESENTATION_CONTEXT(2) 
PARAMETRIC_REPRESENTATION_CONTEXT() REPRESENTATION_CONTEXT('2D SPACE',''
  ) );
#137 = ADVANCED_FACE('',(#138,#337),#44,.T.);
#138 = FACE_BOUND('',#139,.T.);
#139 = EDGE_LOOP('',(#140,#141,#165,#193,#226,#254,#283,#311));
#140 = ORIENTED_EDGE('',*,*,#21,.F.);
#141 = ORIENTED_EDGE('',*,*,#142,.T.);
#142 = EDGE_CURVE('',#22,#143,#145,.T.);
#143 = VERTEX_POINT('',#144);
#144 = CARTESIAN_POINT('',(-40.,-35.,16.736305255312));
#145 = SURFACE_CURVE('',#146,(#151,#158),.PCURVE_S1.);
#146 = CIRCLE('',#147,5.);
#147 = AXIS2_PLACEMENT_3D('',#148,#149,#150);
#148 = CARTESIAN_POINT('',(-40.,-30.,16.736305255312));
#149 = DIRECTION('',(0.,0.,1.));
#150 = DIRECTION('',(0.,-1.,0.));
#151 = PCURVE('',#44,#152);
#152 = DEFINITIONAL_REPRESENTATION('',(#153),#157);
#153 = CIRCLE('',#154,5.);
#154 = AXIS2_PLACEMENT_2D('',#155,#156);
#155 = CARTESIAN_POINT('',(5.,5.));
#156 = DIRECTION('',(0.,-1.));
#157 = ( GEOMETRIC_REPRESENTATION_CONTEXT(2) 
PARAMETRIC_REPRESENTATION_CONTEXT() REPRESENTATION_CONTEXT('2D SPACE',''
  ) );
#158 = PCURVE('',#72,#159);
#159 = DEFINITIONAL_REPRESENTATION('',(#160),#164);
#160 = LINE('',#161,#162);
#161 = CARTESIAN_POINT('',(-4.712388980385,16.736305255312));
#162 = VECTOR('',#163,1.);
#163 = DIRECTION('',(1.,0.));
#164 = ( GEOMETRIC_REPRESENTATION_CONTEXT(2) 
PARAMETRIC_REPRESENTATION_CONTEXT() REPRESENTATION_CONTEXT('2D SPACE',''
  ) );
#165 = ORIENTED_EDGE('',*,*,#166,.T.);
#166 = EDGE_CURVE('',#143,#167,#169,.T.);
#167 = VERTEX_POINT('',#168);
#168 = CARTESIAN_POINT('',(40.,-35.,16.736305255312));
#169 = SURFACE_CURVE('',#170,(#174,#181),.PCURVE_S1.);
#170 = LINE('',#171,#172);
#171 = CARTESIAN_POINT('',(-45.,-35.,16.736305255312));
#172 = VECTOR('',#173,1.);
#173 = DIRECTION('',(1.,0.,0.));
#174 = PCURVE('',#44,#175);
#175 = DEFINITIONAL_REPRESENTATION('',(#176),#180);
#176 = LINE('',#177,#178);
#177 = CARTESIAN_POINT('',(0.,0.));
#178 = VECTOR('',#179,1.);
#179 = DIRECTION('',(1.,0.));
#180 = ( GEOMETRIC_REPRESENTATION_CONTEXT(2) 
PARAMETRIC_REPRESENTATION_CONTEXT() REPRESENTATION_CONTEXT('2D SPACE',''
  ) );
#181 = PCURVE('',#182,#187);
#182 = PLANE('',#183);
#183 = AXIS2_PLACEMENT_3D('',#184,#185,#186);
#184 = CARTESIAN_POINT('',(-45.,-35.,0.));
#185 = DIRECTION('',(0.,1.,0.));
#186 = DIRECTION('',(0.,0.,1.));
#187 = DEFINITIONAL_REPRESENTATION('',(#188),#192);
#188 = LINE('',#189,#190);
#189 = CARTESIAN_POINT('',(16.736305255312,0.));
#190 = VECTOR('',#191,1.);
#191 = DIRECTION('',(0.,1.));
#192 = ( GEOMETRIC_REPRESENTATION_CONTEXT(2) 
PARAMETRIC_REPRESENTATION_CONTEXT() REPRESENTATION_CONTEXT('2D SPACE',''
  ) );
#193 = ORIENTED_EDGE('',*,*,#194,.F.);
#194 = EDGE_CURVE('',#195,#167,#197,.T.);
#195 = VERTEX_POINT('',#196);
#196 = CARTESIAN_POINT('',(45.,-30.,16.736305255312));
#197 = SURFACE_CURVE('',#198,(#203,#214),.PCURVE_S1.);
#198 = CIRCLE('',#199,5.);
#199 = AXIS2_PLACEMENT_3D('',#200,#201,#202);
#200 = CARTESIAN_POINT('',(40.,-30.,16.736305255312));
#201 = DIRECTION('',(-0.,-0.,-1.));
#202 = DIRECTION('',(0.,-1.,0.));
#203 = PCURVE('',#44,#204);
#204 = DEFINITIONAL_REPRESENTATION('',(#205),#213);
#205 = ( BOUNDED_CURVE() B_SPLINE_CURVE(2,(#206,#207,#208,#209,#210,#211
,#212),.UNSPECIFIED.,.T.,.F.) B_SPLINE_CURVE_WITH_KNOTS((1,2,2,2,2,1),(
    -2.094395102393,0.,2.094395102393,4.188790204786,6.28318530718,
8.377580409573),.UNSPECIFIED.) CURVE() GEOMETRIC_REPRESENTATION_ITEM() 
RATIONAL_B_SPLINE_CURVE((1.,0.5,1.,0.5,1.,0.5,1.)) REPRESENTATION_ITEM(
  '') );
#206 = CARTESIAN_POINT('',(85.,0.));
#207 = CARTESIAN_POINT('',(76.339745962156,0.));
#208 = CARTESIAN_POINT('',(80.669872981078,7.5));
#209 = CARTESIAN_POINT('',(85.,15.));
#210 = CARTESIAN_POINT('',(89.330127018922,7.5));
#211 = CARTESIAN_POINT('',(93.660254037844,7.993605777301E-15));
#212 = CARTESIAN_POINT('',(85.,0.));
#213 = ( GEOMETRIC_REPRESENTATION_CONTEXT(2) 
PARAMETRIC_REPRESENTATION_CONTEXT() REPRESENTATION_CONTEXT('2D SPACE',''
  ) );
#214 = PCURVE('',#215,#220);
#215 = CYLINDRICAL_SURFACE('',#216,5.);
#216 = AXIS2_PLACEMENT_3D('',#217,#218,#219);
#217 = CARTESIAN_POINT('',(40.,-30.,0.));
#218 = DIRECTION('',(0.,0.,1.));
#219 = DIRECTION('',(1.,0.,-0.));
#220 = DEFINITIONAL_REPRESENTATION('',(#221),#225);
#221 = LINE('',#222,#223);
#222 = CARTESIAN_POINT('',(4.712388980385,16.736305255312));
#223 = VECTOR('',#224,1.);
#224 = DIRECTION('',(-1.,0.));
#225 = ( GEOMETRIC_REPRESENTATION_CONTEXT(2) 
PARAMETRIC_REPRESENTATION_CONTEXT() REPRESENTATION_CONTEXT('2D SPACE',''
  ) );
#226 = ORIENTED_EDGE('',*,*,#227,.T.);
#227 = EDGE_CURVE('',#195,#228,#230,.T.);
#228 = VERTEX_POINT('',#229);
#229 = CARTESIAN_POINT('',(45.,30.,16.736305255312));
#230 = SURFACE_CURVE('',#231,(#235,#242),.PCURVE_S1.);
#231 = LINE('',#232,#233);
#232 = CARTESIAN_POINT('',(45.,-35.,16.736305255312));
#233 = VECTOR('',#234,1.);
#234 = DIRECTION('',(0.,1.,0.));
#235 = PCURVE('',#44,#236);
#236 = DEFINITIONAL_REPRESENTATION('',(#237),#241);
#237 = LINE('',#238,#239);
#238 = CARTESIAN_POINT('',(90.,0.));
#239 = VECTOR('',#240,1.);
#240 = DIRECTION('',(0.,1.));
#241 = ( GEOMETRIC_REPRESENTATION_CONTEXT(2) 
PARAMETRIC_REPRESENTATION_CONTEXT() REPRESENTATION_CONTEXT('2D SPACE',''
  ) );
#242 = PCURVE('',#243,#248);
#243 = PLANE('',#244);
#244 = AXIS2_PLACEMENT_3D('',#245,#246,#247);
#245 = CARTESIAN_POINT('',(45.,-35.,0.));
#246 = DIRECTION('',(1.,0.,0.));
#247 = DIRECTION('',(0.,0.,1.));
#248 = DEFINITIONAL_REPRESENTATION('',(#249),#253);
#249 = LINE('',#250,#251);
#250 = CARTESIAN_POINT('',(16.736305255312,0.));
#251 = VECTOR('',#252,1.);
#252 = DIRECTION('',(0.,-1.));
#253 = ( GEOMETRIC_REPRESENTATION_CONTEXT(2) 
PARAMETRIC_REPRESENTATION_CONTEXT() REPRESENTATION_CONTEXT('2D SPACE',''
  ) );
#254 = ORIENTED_EDGE('',*,*,#255,.T.);
#255 = EDGE_CURVE('',#228,#256,#258,.T.);
#256 = VERTEX_POINT('',#257);
#257 = CARTESIAN_POINT('',(40.,35.,16.736305255312));
#258 = SURFACE_CURVE('',#259,(#264,#271),.PCURVE_S1.);
#259 = CIRCLE('',#260,5.);
#260 = AXIS2_PLACEMENT_3D('',#261,#262,#263);
#261 = CARTESIAN_POINT('',(40.,30.,16.736305255312));
#262 = DIRECTION('',(0.,0.,1.));
#263 = DIRECTION('',(0.,-1.,0.));
#264 = PCURVE('',#44,#265);
#265 = DEFINITIONAL_REPRESENTATION('',(#266),#270);
#266 = CIRCLE('',#267,5.);
#267 = AXIS2_PLACEMENT_2D('',#268,#269);
#268 = CARTESIAN_POINT('',(85.,65.));
#269 = DIRECTION('',(0.,-1.));
#270 = ( GEOMETRIC_REPRESENTATION_CONTEXT(2) 
PARAMETRIC_REPRESENTATION_CONTEXT() REPRESENTATION_CONTEXT('2D SPACE',''
  ) );
#271 = PCURVE('',#272,#277);
#272 = CYLINDRICAL_SURFACE('',#273,5.);
#273 = AXIS2_PLACEMENT_3D('',#274,#275,#276);
#274 = CARTESIAN_POINT('',(40.,30.,0.));
#275 = DIRECTION('',(0.,0.,1.));
#276 = DIRECTION('',(1.,0.,-0.));
#277 = DEFINITIONAL_REPRESENTATION('',(#278),#282);
#278 = LINE('',#279,#280);
#279 = CARTESIAN_POINT('',(-1.570796326795,16.736305255312));
#280 = VECTOR('',#281,1.);
#281 = DIRECTION('',(1.,0.));
#282 = ( GEOMETRIC_REPRESENTATION_CONTEXT(2) 
PARAMETRIC_REPRESENTATION_CONTEXT() REPRESENTATION_CONTEXT('2D SPACE',''
  ) );
#283 = ORIENTED_EDGE('',*,*,#284,.F.);
#284 = EDGE_CURVE('',#285,#256,#287,.T.);
#285 = VERTEX_POINT('',#286);
#286 = CARTESIAN_POINT('',(-40.,35.,16.736305255312));
#287 = SURFACE_CURVE('',#288,(#292,#299),.PCURVE_S1.);
#288 = LINE('',#289,#290);
#289 = CARTESIAN_POINT('',(-45.,35.,16.736305255312));
#290 = VECTOR('',#291,1.);
#291 = DIRECTION('',(1.,0.,0.));
#292 = PCURVE('',#44,#293);
#293 = DEFINITIONAL_REPRESENTATION('',(#294),#298);
#294 = LINE('',#295,#296);
#295 = CARTESIAN_POINT('',(0.,70.));
#296 = VECTOR('',#297,1.);
#297 = DIRECTION('',(1.,0.));
#298 = ( GEOMETRIC_REPRESENTATION_CONTEXT(2) 
PARAMETRIC_REPRESENTATION_CONTEXT() REPRESENTATION_CONTEXT('2D SPACE',''
  ) );
#299 = PCURVE('',#300,#305);
#300 = PLANE('',#301);
#301 = AXIS2_PLACEMENT_3D('',#302,#303,#304);
#302 = CARTESIAN_POINT('',(-45.,35.,0.));
#303 = DIRECTION('',(0.,1.,0.));
#304 = DIRECTION('',(0.,0.,1.));
#305 = DEFINITIONAL_REPRESENTATION('',(#306),#310);
#306 = LINE('',#307,#308);
#307 = CARTESIAN_POINT('',(16.736305255312,0.));
#308 = VECTOR('',#309,1.);
#309 = DIRECTION('',(0.,1.));
#310 = ( GEOMETRIC_REPRESENTATION_CONTEXT(2) 
PARAMETRIC_REPRESENTATION_CONTEXT() REPRESENTATION_CONTEXT('2D SPACE',''
  ) );
#311 = ORIENTED_EDGE('',*,*,#312,.F.);
#312 = EDGE_CURVE('',#24,#285,#313,.T.);
#313 = SURFACE_CURVE('',#314,(#319,#330),.PCURVE_S1.);
#314 = CIRCLE('',#315,5.);
#315 = AXIS2_PLACEMENT_3D('',#316,#317,#318);
#316 = CARTESIAN_POINT('',(-40.,30.,16.736305255312));
#317 = DIRECTION('',(-0.,-0.,-1.));
#318 = DIRECTION('',(0.,-1.,0.));
#319 = PCURVE('',#44,#320);
#320 = DEFINITIONAL_REPRESENTATION('',(#321),#329);
#321 = ( BOUNDED_CURVE() B_SPLINE_CURVE(2,(#322,#323,#324,#325,#326,#327
,#328),.UNSPECIFIED.,.T.,.F.) B_SPLINE_CURVE_WITH_KNOTS((1,2,2,2,2,1),(
    -2.094395102393,0.,2.094395102393,4.188790204786,6.28318530718,
8.377580409573),.UNSPECIFIED.) CURVE() GEOMETRIC_REPRESENTATION_ITEM() 
RATIONAL_B_SPLINE_CURVE((1.,0.5,1.,0.5,1.,0.5,1.)) REPRESENTATION_ITEM(
  '') );
#322 = CARTESIAN_POINT('',(5.,60.));
#323 = CARTESIAN_POINT('',(-3.660254037844,60.));
#324 = CARTESIAN_POINT('',(0.669872981078,67.5));
#325 = CARTESIAN_POINT('',(5.,75.));
#326 = CARTESIAN_POINT('',(9.330127018922,67.5));
#327 = CARTESIAN_POINT('',(13.660254037844,60.));
#328 = CARTESIAN_POINT('',(5.,60.));
#329 = ( GEOMETRIC_REPRESENTATION_CONTEXT(2) 
PARAMETRIC_REPRESENTATION_CONTEXT() REPRESENTATION_CONTEXT('2D SPACE',''
  ) );
#330 = PCURVE('',#126,#331);
#331 = DEFINITIONAL_REPRESENTATION('',(#332),#336);
#332 = LINE('',#333,#334);
#333 = CARTESIAN_POINT('',(1.570796326795,16.736305255312));
#334 = VECTOR('',#335,1.);
#335 = DIRECTION('',(-1.,0.));
#336 = ( GEOMETRIC_REPRESENTATION_CONTEXT(2) 
PARAMETRIC_REPRESENTATION_CONTEXT() REPRESENTATION_CONTEXT('2D SPACE',''
  ) );
#337 = FACE_BOUND('',#338,.T.);
#338 = EDGE_LOOP('',(#339,#374,#546,#572,#739,#767));
#339 = ORIENTED_EDGE('',*,*,#340,.F.);
#340 = EDGE_CURVE('',#341,#343,#345,.T.);
#341 = VERTEX_POINT('',#342);
#342 = CARTESIAN_POINT('',(4.68681634068,-10.71244650771,16.736305255312
    ));
#343 = VERTEX_POINT('',#344);
#344 = CARTESIAN_POINT('',(11.051097482408,-3.136711615821,
    16.736305255312));
#345 = SURFACE_CURVE('',#346,(#351,#358),.PCURVE_S1.);
#346 = ELLIPSE('',#347,55.217999221418,10.8);
#347 = AXIS2_PLACEMENT_3D('',#348,#349,#350);
#348 = CARTESIAN_POINT('',(-40.11074908909,-22.69266138962,
    16.736305255312));
#349 = DIRECTION('',(0.,0.,1.));
#350 = DIRECTION('',(-0.924678098475,-0.380749805254,0.));
#351 = PCURVE('',#44,#352);
#352 = DEFINITIONAL_REPRESENTATION('',(#353),#357);
#353 = ELLIPSE('',#354,55.217999221418,10.8);
#354 = AXIS2_PLACEMENT_2D('',#355,#356);
#355 = CARTESIAN_POINT('',(4.889250910904,12.307338610372));
#356 = DIRECTION('',(-0.924678098475,-0.380749805254));
#357 = ( GEOMETRIC_REPRESENTATION_CONTEXT(2) 
PARAMETRIC_REPRESENTATION_CONTEXT() REPRESENTATION_CONTEXT('2D SPACE',''
  ) );
#358 = PCURVE('',#359,#364);
#359 = CYLINDRICAL_SURFACE('',#360,10.8);
#360 = AXIS2_PLACEMENT_3D('',#361,#362,#363);
#361 = CARTESIAN_POINT('',(-0.576485610741,-6.413847016188,
    25.263303260447));
#362 = DIRECTION('',(-0.90681893547,-0.373396032252,-0.195588397846));
#363 = DIRECTION('',(0.312204280999,-0.283210001942,-0.90681893547));
#364 = DEFINITIONAL_REPRESENTATION('',(#365),#373);
#365 = B_SPLINE_CURVE_WITH_KNOTS('',6,(#366,#367,#368,#369,#370,#371,
    #372),.UNSPECIFIED.,.F.,.F.,(7,7),(2.554918168459,3.011886328831),
  .PIECEWISE_BEZIER_KNOTS.);
#366 = CARTESIAN_POINT('',(-6.087117865746,-1.4999994));
#367 = CARTESIAN_POINT('',(-6.163279225808,-3.783164132494));
#368 = CARTESIAN_POINT('',(-6.23944058587,-5.752426208739));
#369 = CARTESIAN_POINT('',(-6.315601945932,-7.383947831469));
#370 = CARTESIAN_POINT('',(-6.391763305994,-8.659350231752));
#371 = CARTESIAN_POINT('',(-6.467924666056,-9.566557509822));
#372 = CARTESIAN_POINT('',(-6.544086026118,-10.1000006));
#373 = ( GEOMETRIC_REPRESENTATION_CONTEXT(2) 
PARAMETRIC_REPRESENTATION_CONTEXT() REPRESENTATION_CONTEXT('2D SPACE',''
  ) );
#374 = ORIENTED_EDGE('',*,*,#375,.T.);
#375 = EDGE_CURVE('',#341,#376,#378,.T.);
#376 = VERTEX_POINT('',#377);
#377 = CARTESIAN_POINT('',(2.252416364404,-8.817514762661,
    16.736305255312));
#378 = SURFACE_CURVE('',#379,(#431,#486),.PCURVE_S1.);
#379 = B_SPLINE_CURVE_WITH_KNOTS('',8,(#380,#381,#382,#383,#384,#385,
    #386,#387,#388,#389,#390,#391,#392,#393,#394,#395,#396,#397,#398,
    #399,#400,#401,#402,#403,#404,#405,#406,#407,#408,#409,#410,#411,
    #412,#413,#414,#415,#416,#417,#418,#419,#420,#421,#422,#423,#424,
    #425,#426,#427,#428,#429,#430),.UNSPECIFIED.,.F.,.F.,(9,7,7,7,7,7,7,
    9),(0.,0.109987426708,0.187156958404,0.222262493466,0.280385333464,
    0.400072618965,0.822289110134,1.),.UNSPECIFIED.);
#380 = CARTESIAN_POINT('',(4.68681634068,-10.71244650771,16.736305255312
    ));
#381 = CARTESIAN_POINT('',(4.651242044023,-10.74102396277,
    16.736305255312));
#382 = CARTESIAN_POINT('',(4.614265713523,-10.7675501926,16.736305255312
    ));
#383 = CARTESIAN_POINT('',(4.575954408322,-10.79186766787,
    16.736305255312));
#384 = CARTESIAN_POINT('',(4.536392761517,-10.81383297737,
    16.736305255312));
#385 = CARTESIAN_POINT('',(4.495683928187,-10.83331982294,
    16.736305255312));
#386 = CARTESIAN_POINT('',(4.453950845899,-10.85022338912,
    16.736305255312));
#387 = CARTESIAN_POINT('',(4.411337807726,-10.86446608752,
    16.736305255312));
#388 = CARTESIAN_POINT('',(4.337614278083,-10.88410039623,
    16.736305255312));
#389 = CARTESIAN_POINT('',(4.306860575303,-10.89086624524,
    16.736305255312));
#390 = CARTESIAN_POINT('',(4.275807174342,-10.89628713075,
    16.736305255312));
#391 = CARTESIAN_POINT('',(4.24450983825,-10.9003572203,16.736305255312)
  );
#392 = CARTESIAN_POINT('',(4.213023917132,-10.90307929732,
    16.736305255312));
#393 = CARTESIAN_POINT('',(4.181404107108,-10.90446411731,
    16.736305255312));
#394 = CARTESIAN_POINT('',(4.149704209261,-10.90452976405,
    16.736305255312));
#395 = CARTESIAN_POINT('',(4.103543671965,-10.90274202596,
    16.736305255312));
#396 = CARTESIAN_POINT('',(4.089104385489,-10.90191513868,
    16.736305255312));
#397 = CARTESIAN_POINT('',(4.074663779806,-10.90082269945,
    16.736305255312));
#398 = CARTESIAN_POINT('',(4.060226444337,-10.89946728008,
    16.736305255312));
#399 = CARTESIAN_POINT('',(4.045796807282,-10.89785166873,
    16.736305255312));
#400 = CARTESIAN_POINT('',(4.031379135623,-10.89597886991,
    16.736305255312));
#401 = CARTESIAN_POINT('',(4.016977535119,-10.89385210451,
    16.736305255312));
#402 = CARTESIAN_POINT('',(3.978784931582,-10.88753881726,
    16.736305255312));
#403 = CARTESIAN_POINT('',(3.955028708345,-10.88291598631,
    16.736305255312));
#404 = CARTESIAN_POINT('',(3.931345110598,-10.87762171307,
    16.736305255312));
#405 = CARTESIAN_POINT('',(3.907750477378,-10.87167256964,
    16.736305255312));
#406 = CARTESIAN_POINT('',(3.884259693224,-10.86508603504,
    16.736305255312));
#407 = CARTESIAN_POINT('',(3.860886224641,-10.85788022612,
    16.736305255312));
#408 = CARTESIAN_POINT('',(3.837642156565,-10.85007362842,
    16.736305255312));
#409 = CARTESIAN_POINT('',(3.766962329306,-10.82441050169,
    16.736305255312));
#410 = CARTESIAN_POINT('',(3.719984787987,-10.80466869311,
    16.736305255312));
#411 = CARTESIAN_POINT('',(3.673693267993,-10.78262133387,
    16.736305255312));
#412 = CARTESIAN_POINT('',(3.628155232139,-10.75843077202,
    16.736305255312));
#413 = CARTESIAN_POINT('',(3.583419668339,-10.73225572936,
    16.736305255312));
#414 = CARTESIAN_POINT('',(3.539518815004,-10.70424725957,
    16.736305255312));
#415 = CARTESIAN_POINT('',(3.496469886455,-10.67454470631,
    16.736305255312));
#416 = CARTESIAN_POINT('',(3.305433773377,-10.53295087653,
    16.736305255312));
#417 = CARTESIAN_POINT('',(3.167837027502,-10.40353264131,
    16.736305255312));
#418 = CARTESIAN_POINT('',(3.040623092626,-10.26007814542,
    16.736305255312));
#419 = CARTESIAN_POINT('',(2.923146949881,-10.1060819411,16.736305255312
    ));
#420 = CARTESIAN_POINT('',(2.814397232483,-9.944420091721,
    16.736305255312));
#421 = CARTESIAN_POINT('',(2.713320874027,-9.776974000186,
    16.736305255312));
#422 = CARTESIAN_POINT('',(2.61874218167,-9.604846282078,16.736305255312
    ));
#423 = CARTESIAN_POINT('',(2.491832703342,-9.353901276716,
    16.736305255312));
#424 = CARTESIAN_POINT('',(2.455222857649,-9.278873633087,
    16.736305255312));
#425 = CARTESIAN_POINT('',(2.41952474977,-9.203221919184,16.736305255312
    ));
#426 = CARTESIAN_POINT('',(2.384670234983,-9.127007373641,
    16.736305255312));
#427 = CARTESIAN_POINT('',(2.35059410214,-9.050284398091,16.736305255312
    ));
#428 = CARTESIAN_POINT('',(2.31723352495,-8.973100957641,16.736305255312
    ));
#429 = CARTESIAN_POINT('',(2.284527513273,-8.895498981341,
    16.736305255312));
#430 = CARTESIAN_POINT('',(2.252416364404,-8.817514762661,
    16.736305255312));
#431 = PCURVE('',#44,#432);
#432 = DEFINITIONAL_REPRESENTATION('',(#433),#485);
#433 = B_SPLINE_CURVE_WITH_KNOTS('',8,(#434,#435,#436,#437,#438,#439,
    #440,#441,#442,#443,#444,#445,#446,#447,#448,#449,#450,#451,#452,
    #453,#454,#455,#456,#457,#458,#459,#460,#461,#462,#463,#464,#465,
    #466,#467,#468,#469,#470,#471,#472,#473,#474,#475,#476,#477,#478,
    #479,#480,#481,#482,#483,#484),.UNSPECIFIED.,.F.,.F.,(9,7,7,7,7,7,7,
    9),(0.,0.109987426708,0.187156958404,0.222262493466,0.280385333464,
    0.400072618965,0.822289110134,1.),.UNSPECIFIED.);
#434 = CARTESIAN_POINT('',(49.68681634068,24.287553492282));
#435 = CARTESIAN_POINT('',(49.651242044023,24.258976037224));
#436 = CARTESIAN_POINT('',(49.614265713523,24.232449807397));
#437 = CARTESIAN_POINT('',(49.575954408322,24.208132332121));
#438 = CARTESIAN_POINT('',(49.536392761517,24.186167022621));
#439 = CARTESIAN_POINT('',(49.495683928187,24.166680177058));
#440 = CARTESIAN_POINT('',(49.453950845899,24.149776610878));
#441 = CARTESIAN_POINT('',(49.411337807726,24.135533912477));
#442 = CARTESIAN_POINT('',(49.337614278083,24.11589960377));
#443 = CARTESIAN_POINT('',(49.306860575303,24.109133754751));
#444 = CARTESIAN_POINT('',(49.275807174342,24.103712869242));
#445 = CARTESIAN_POINT('',(49.24450983825,24.099642779691));
#446 = CARTESIAN_POINT('',(49.213023917132,24.096920702674));
#447 = CARTESIAN_POINT('',(49.181404107108,24.095535882687));
#448 = CARTESIAN_POINT('',(49.149704209261,24.095470235943));
#449 = CARTESIAN_POINT('',(49.103543671965,24.09725797404));
#450 = CARTESIAN_POINT('',(49.089104385489,24.098084861317));
#451 = CARTESIAN_POINT('',(49.074663779806,24.099177300546));
#452 = CARTESIAN_POINT('',(49.060226444337,24.100532719918));
#453 = CARTESIAN_POINT('',(49.045796807282,24.10214833127));
#454 = CARTESIAN_POINT('',(49.031379135623,24.104021130082));
#455 = CARTESIAN_POINT('',(49.016977535119,24.106147895481));
#456 = CARTESIAN_POINT('',(48.978784931582,24.112461182737));
#457 = CARTESIAN_POINT('',(48.955028708345,24.117084013681));
#458 = CARTESIAN_POINT('',(48.931345110598,24.122378286929));
#459 = CARTESIAN_POINT('',(48.907750477378,24.12832743036));
#460 = CARTESIAN_POINT('',(48.884259693224,24.134913964954));
#461 = CARTESIAN_POINT('',(48.860886224641,24.142119773879));
#462 = CARTESIAN_POINT('',(48.837642156565,24.14992637158));
#463 = CARTESIAN_POINT('',(48.766962329306,24.17558949831));
#464 = CARTESIAN_POINT('',(48.719984787987,24.195331306887));
#465 = CARTESIAN_POINT('',(48.673693267993,24.21737866613));
#466 = CARTESIAN_POINT('',(48.628155232139,24.241569227977));
#467 = CARTESIAN_POINT('',(48.583419668339,24.267744270633));
#468 = CARTESIAN_POINT('',(48.539518815004,24.295752740429));
#469 = CARTESIAN_POINT('',(48.496469886455,24.325455293684));
#470 = CARTESIAN_POINT('',(48.305433773377,24.467049123462));
#471 = CARTESIAN_POINT('',(48.167837027502,24.596467358687));
#472 = CARTESIAN_POINT('',(48.040623092626,24.739921854571));
#473 = CARTESIAN_POINT('',(47.923146949881,24.893918058895));
#474 = CARTESIAN_POINT('',(47.814397232483,25.055579908279));
#475 = CARTESIAN_POINT('',(47.713320874027,25.223025999814));
#476 = CARTESIAN_POINT('',(47.61874218167,25.395153717922));
#477 = CARTESIAN_POINT('',(47.491832703342,25.646098723284));
#478 = CARTESIAN_POINT('',(47.455222857649,25.721126366913));
#479 = CARTESIAN_POINT('',(47.41952474977,25.796778080816));
#480 = CARTESIAN_POINT('',(47.384670234983,25.872992626359));
#481 = CARTESIAN_POINT('',(47.35059410214,25.949715601909));
#482 = CARTESIAN_POINT('',(47.31723352495,26.026899042359));
#483 = CARTESIAN_POINT('',(47.284527513273,26.104501018659));
#484 = CARTESIAN_POINT('',(47.252416364404,26.182485237339));
#485 = ( GEOMETRIC_REPRESENTATION_CONTEXT(2) 
PARAMETRIC_REPRESENTATION_CONTEXT() REPRESENTATION_CONTEXT('2D SPACE',''
  ) );
#486 = PCURVE('',#487,#492);
#487 = TOROIDAL_SURFACE('',#488,9.3,1.5);
#488 = AXIS2_PLACEMENT_3D('',#489,#490,#491);
#489 = CARTESIAN_POINT('',(0.783742792463,-5.853752967809,
    25.556685857217));
#490 = DIRECTION('',(-0.90681893547,-0.373396032252,-0.195588397846));
#491 = DIRECTION('',(0.283210001942,-0.883384116848,0.373396032252));
#492 = DEFINITIONAL_REPRESENTATION('',(#493),#545);
#493 = B_SPLINE_CURVE_WITH_KNOTS('',8,(#494,#495,#496,#497,#498,#499,
    #500,#501,#502,#503,#504,#505,#506,#507,#508,#509,#510,#511,#512,
    #513,#514,#515,#516,#517,#518,#519,#520,#521,#522,#523,#524,#525,
    #526,#527,#528,#529,#530,#531,#532,#533,#534,#535,#536,#537,#538,
    #539,#540,#541,#542,#543,#544),.UNSPECIFIED.,.F.,.F.,(9,7,7,7,7,7,7,
    9),(0.,0.109987426708,0.187156958404,0.222262493466,0.280385333464,
    0.400072618965,0.822289110134,1.),.UNSPECIFIED.);
#494 = CARTESIAN_POINT('',(-1.374728905376,0.));
#495 = CARTESIAN_POINT('',(-1.373296849695,2.862010277009E-02));
#496 = CARTESIAN_POINT('',(-1.372047044872,5.757718180068E-02));
#497 = CARTESIAN_POINT('',(-1.370989231484,8.682722713689E-02));
#498 = CARTESIAN_POINT('',(-1.370131948267,0.116322594627));
#499 = CARTESIAN_POINT('',(-1.369482384682,0.146011223408));
#500 = CARTESIAN_POINT('',(-1.369046083143,0.175835390502));
#501 = CARTESIAN_POINT('',(-1.368826490923,0.205730002519));
#502 = CARTESIAN_POINT('',(-1.368822867838,0.256592183981));
#503 = CARTESIAN_POINT('',(-1.368928427152,0.277565261517));
#504 = CARTESIAN_POINT('',(-1.369141345933,0.298515131883));
#505 = CARTESIAN_POINT('',(-1.36946132667,0.319418791653));
#506 = CARTESIAN_POINT('',(-1.369887506934,0.340254527286));
#507 = CARTESIAN_POINT('',(-1.370418498227,0.361001683254));
#508 = CARTESIAN_POINT('',(-1.371052424842,0.381640430167));
#509 = CARTESIAN_POINT('',(-1.372121114604,0.411482329917));
#510 = CARTESIAN_POINT('',(-1.372476097773,0.420786964441));
#511 = CARTESIAN_POINT('',(-1.372851696265,0.430063773721));
#512 = CARTESIAN_POINT('',(-1.373247681707,0.439311182882));
#513 = CARTESIAN_POINT('',(-1.373663813306,0.448527704928));
#514 = CARTESIAN_POINT('',(-1.374099837853,0.457711940743));
#515 = CARTESIAN_POINT('',(-1.374555489717,0.466862579084));
#516 = CARTESIAN_POINT('',(-1.375816931363,0.491071093552));
#517 = CARTESIAN_POINT('',(-1.376656419176,0.506068366661));
#518 = CARTESIAN_POINT('',(-1.377547706935,0.520964674303));
#519 = CARTESIAN_POINT('',(-1.378489488359,0.535755216519));
#520 = CARTESIAN_POINT('',(-1.379480415362,0.550435882474));
#521 = CARTESIAN_POINT('',(-1.380519115178,0.565003197937));
#522 = CARTESIAN_POINT('',(-1.381604207481,0.579454272758));
#523 = CARTESIAN_POINT('',(-1.385061466574,0.623300362896));
#524 = CARTESIAN_POINT('',(-1.387579327678,0.652308471937));
#525 = CARTESIAN_POINT('',(-1.390276120504,0.680794629028));
#526 = CARTESIAN_POINT('',(-1.393140226541,0.708749244784));
#527 = CARTESIAN_POINT('',(-1.396160465578,0.736168945765));
#528 = CARTESIAN_POINT('',(-1.3993263682,0.763055933375));
#529 = CARTESIAN_POINT('',(-1.402628448292,0.789417342757));
#530 = CARTESIAN_POINT('',(-1.418158458059,0.906445038505));
#531 = CARTESIAN_POINT('',(-1.431801972309,0.990863076202));
#532 = CARTESIAN_POINT('',(-1.446677180495,1.069657046355));
#533 = CARTESIAN_POINT('',(-1.462561224344,1.143269504366));
#534 = CARTESIAN_POINT('',(-1.479260956633,1.212187297187));
#535 = CARTESIAN_POINT('',(-1.496646635209,1.276795273051));
#536 = CARTESIAN_POINT('',(-1.514651584765,1.337540356156));
#537 = CARTESIAN_POINT('',(-1.541139431786,1.418979848184));
#538 = CARTESIAN_POINT('',(-1.549087761455,1.442463582622));
#539 = CARTESIAN_POINT('',(-1.557133685804,1.465326245241));
#540 = CARTESIAN_POINT('',(-1.565273043048,1.487583837601));
#541 = CARTESIAN_POINT('',(-1.573502010256,1.5092495841));
#542 = CARTESIAN_POINT('',(-1.581817116741,1.530334407776));
#543 = CARTESIAN_POINT('',(-1.59021525746,1.550847406104));
#544 = CARTESIAN_POINT('',(-1.598693706408,1.570796326795));
#545 = ( GEOMETRIC_REPRESENTATION_CONTEXT(2) 
PARAMETRIC_REPRESENTATION_CONTEXT() REPRESENTATION_CONTEXT('2D SPACE',''
  ) );
#546 = ORIENTED_EDGE('',*,*,#547,.T.);
#547 = EDGE_CURVE('',#376,#548,#550,.T.);
#548 = VERTEX_POINT('',#549);
#549 = CARTESIAN_POINT('',(-0.260321260521,-2.71515195927,
    16.736305255312));
#550 = SURFACE_CURVE('',#551,(#555,#561),.PCURVE_S1.);
#551 = LINE('',#552,#553);
#552 = CARTESIAN_POINT('',(1.720899622947,-7.526688390551,
    16.736305255312));
#553 = VECTOR('',#554,1.);
#554 = DIRECTION('',(-0.380749805254,0.924678098475,0.));
#555 = PCURVE('',#44,#556);
#556 = DEFINITIONAL_REPRESENTATION('',(#557),#560);
#557 = B_SPLINE_CURVE_WITH_KNOTS('',1,(#558,#559),.UNSPECIFIED.,.F.,.F.,
  (2,2),(-1.405477891234,8.381037316468),.PIECEWISE_BEZIER_KNOTS.);
#558 = CARTESIAN_POINT('',(47.256035056324,26.173696985534));
#559 = CARTESIAN_POINT('',(43.529821296873,35.223073258486));
#560 = ( GEOMETRIC_REPRESENTATION_CONTEXT(2) 
PARAMETRIC_REPRESENTATION_CONTEXT() REPRESENTATION_CONTEXT('2D SPACE',''
  ) );
#561 = PCURVE('',#562,#567);
#562 = PLANE('',#563);
#563 = AXIS2_PLACEMENT_3D('',#564,#565,#566);
#564 = CARTESIAN_POINT('',(-5.259549825724,-2.165696987063,
    38.865587292491));
#565 = DIRECTION('',(0.90681893547,0.373396032252,0.195588397846));
#566 = DIRECTION('',(0.312204280999,-0.283210001942,-0.90681893547));
#567 = DEFINITIONAL_REPRESENTATION('',(#568),#571);
#568 = B_SPLINE_CURVE_WITH_KNOTS('',1,(#569,#570),.UNSPECIFIED.,.F.,.F.,
  (2,2),(-1.405477891234,8.381037316468),.PIECEWISE_BEZIER_KNOTS.);
#569 = CARTESIAN_POINT('',(24.3,0.250623727048));
#570 = CARTESIAN_POINT('',(20.573786240549,9.3));
#571 = ( GEOMETRIC_REPRESENTATION_CONTEXT(2) 
PARAMETRIC_REPRESENTATION_CONTEXT() REPRESENTATION_CONTEXT('2D SPACE',''
  ) );
#572 = ORIENTED_EDGE('',*,*,#573,.F.);
#573 = EDGE_CURVE('',#574,#548,#576,.T.);
#574 = VERTEX_POINT('',#575);
#575 = CARTESIAN_POINT('',(0.133945718717,0.344525002764,16.736305255312
    ));
#576 = SURFACE_CURVE('',#577,(#629,#684),.PCURVE_S1.);
#577 = B_SPLINE_CURVE_WITH_KNOTS('',8,(#578,#579,#580,#581,#582,#583,
    #584,#585,#586,#587,#588,#589,#590,#591,#592,#593,#594,#595,#596,
    #597,#598,#599,#600,#601,#602,#603,#604,#605,#606,#607,#608,#609,
    #610,#611,#612,#613,#614,#615,#616,#617,#618,#619,#620,#621,#622,
    #623,#624,#625,#626,#627,#628),.UNSPECIFIED.,.F.,.F.,(9,7,7,7,7,7,7,
    9),(0.,0.109987426708,0.187156958403,0.222262493465,0.280385333463,
    0.400072618964,0.822289110133,1.),.UNSPECIFIED.);
#578 = CARTESIAN_POINT('',(0.133945718717,0.344525002764,16.736305255312
    ));
#579 = CARTESIAN_POINT('',(8.856327640437E-02,0.339767330011,
    16.736305255312));
#580 = CARTESIAN_POINT('',(4.362966096406E-02,0.332565935039,
    16.736305255312));
#581 = CARTESIAN_POINT('',(-6.965886329908E-04,0.322856181868,
    16.736305255312));
#582 = CARTESIAN_POINT('',(-4.425439601166E-02,0.310595833763,
    16.736305255312));
#583 = CARTESIAN_POINT('',(-8.688158312256E-02,0.29576784738,
    16.736305255312));
#584 = CARTESIAN_POINT('',(-0.128417052057,0.278384363057,
    16.736305255312));
#585 = CARTESIAN_POINT('',(-0.168703712947,0.258491891255,
    16.736305255312));
#586 = CARTESIAN_POINT('',(-0.234877122967,0.220521577748,
    16.736305255312));
#587 = CARTESIAN_POINT('',(-0.261478190226,0.203670756751,
    16.736305255312));
#588 = CARTESIAN_POINT('',(-0.287345015616,0.185653901999,
    16.736305255312));
#589 = CARTESIAN_POINT('',(-0.3124338972,0.166506137212,16.736305255312)
  );
#590 = CARTESIAN_POINT('',(-0.336707493052,0.146268413124,
    16.736305255312));
#591 = CARTESIAN_POINT('',(-0.360134539096,0.124986880613,
    16.736305255312));
#592 = CARTESIAN_POINT('',(-0.382689566931,0.10271226384,16.736305255312
    ));
#593 = CARTESIAN_POINT('',(-0.414207458304,6.893929040947E-02,
    16.736305255312));
#594 = CARTESIAN_POINT('',(-0.423877960027,5.818484328548E-02,
    16.736305255312));
#595 = CARTESIAN_POINT('',(-0.433362412179,4.724090965371E-02,
    16.736305255312));
#596 = CARTESIAN_POINT('',(-0.442659366919,3.611254725438E-02,
    16.736305255312));
#597 = CARTESIAN_POINT('',(-0.451767643224,2.480485393083E-02,
    16.736305255312));
#598 = CARTESIAN_POINT('',(-0.460686326896,1.332296762939E-02,
    16.736305255312));
#599 = CARTESIAN_POINT('',(-0.469414770553,1.672066399458E-03,
    16.736305255312));
#600 = CARTESIAN_POINT('',(-0.492088328191,-2.970375781115E-02,
    16.736305255312));
#601 = CARTESIAN_POINT('',(-0.505701522902,-4.971399614497E-02,
    16.736305255312));
#602 = CARTESIAN_POINT('',(-0.518790358483,-7.014985958701E-02,
    16.736305255312));
#603 = CARTESIAN_POINT('',(-0.531354902377,-9.098807594743E-02,
    16.736305255312));
#604 = CARTESIAN_POINT('',(-0.543396893394,-0.112205753259,
    16.736305255312));
#605 = CARTESIAN_POINT('',(-0.55491952634,-0.133780545166,
    16.736305255312));
#606 = CARTESIAN_POINT('',(-0.565927236652,-0.155690816321,
    16.736305255312));
#607 = CARTESIAN_POINT('',(-0.598043610558,-0.223681790589,
    16.736305255312));
#608 = CARTESIAN_POINT('',(-0.617499407822,-0.270778503289,
    16.736305255312));
#609 = CARTESIAN_POINT('',(-0.634844654269,-0.319029236948,
    16.736305255312));
#610 = CARTESIAN_POINT('',(-0.650145763397,-0.368271211435,
    16.736305255312));
#611 = CARTESIAN_POINT('',(-0.663479713574,-0.418357230435,
    16.736305255312));
#612 = CARTESIAN_POINT('',(-0.674929976855,-0.469157336484,
    16.736305255312));
#613 = CARTESIAN_POINT('',(-0.684582447792,-0.520560465999,
    16.736305255312));
#614 = CARTESIAN_POINT('',(-0.720527227827,-0.75561701647,
    16.736305255312));
#615 = CARTESIAN_POINT('',(-0.727100242698,-0.944399270823,
    16.736305255312));
#616 = CARTESIAN_POINT('',(-0.716417326574,-1.135837127377,
    16.736305255312));
#617 = CARTESIAN_POINT('',(-0.691397142047,-1.327903432129,
    16.736305255312));
#618 = CARTESIAN_POINT('',(-0.65478297643,-1.519268155793,
    16.736305255312));
#619 = CARTESIAN_POINT('',(-0.608647344018,-1.709336899217,
    16.736305255312));
#620 = CARTESIAN_POINT('',(-0.554601454243,-1.898154594863,
    16.736305255312));
#621 = CARTESIAN_POINT('',(-0.468013772357,-2.165702692876,
    16.736305255312));
#622 = CARTESIAN_POINT('',(-0.441178813134,-2.244755289758,
    16.736305255312));
#623 = CARTESIAN_POINT('',(-0.413257032015,-2.323609020563,
    16.736305255312));
#624 = CARTESIAN_POINT('',(-0.384339936481,-2.402268385798,
    16.736305255312));
#625 = CARTESIAN_POINT('',(-0.354512136782,-2.480740674996,
    16.736305255312));
#626 = CARTESIAN_POINT('',(-0.323852017546,-2.559036068722,
    16.736305255312));
#627 = CARTESIAN_POINT('',(-0.29243240939,-2.637167740589,
    16.736305255312));
#628 = CARTESIAN_POINT('',(-0.260321260521,-2.71515195927,
    16.736305255312));
#629 = PCURVE('',#44,#630);
#630 = DEFINITIONAL_REPRESENTATION('',(#631),#683);
#631 = B_SPLINE_CURVE_WITH_KNOTS('',8,(#632,#633,#634,#635,#636,#637,
    #638,#639,#640,#641,#642,#643,#644,#645,#646,#647,#648,#649,#650,
    #651,#652,#653,#654,#655,#656,#657,#658,#659,#660,#661,#662,#663,
    #664,#665,#666,#667,#668,#669,#670,#671,#672,#673,#674,#675,#676,
    #677,#678,#679,#680,#681,#682),.UNSPECIFIED.,.F.,.F.,(9,7,7,7,7,7,7,
    9),(0.,0.109987426708,0.187156958403,0.222262493465,0.280385333463,
    0.400072618964,0.822289110133,1.),.UNSPECIFIED.);
#632 = CARTESIAN_POINT('',(45.133945718717,35.344525002764));
#633 = CARTESIAN_POINT('',(45.088563276404,35.339767330011));
#634 = CARTESIAN_POINT('',(45.043629660964,35.332565935039));
#635 = CARTESIAN_POINT('',(44.999303411367,35.322856181868));
#636 = CARTESIAN_POINT('',(44.955745603988,35.310595833763));
#637 = CARTESIAN_POINT('',(44.913118416877,35.29576784738));
#638 = CARTESIAN_POINT('',(44.871582947943,35.278384363057));
#639 = CARTESIAN_POINT('',(44.831296287053,35.258491891255));
#640 = CARTESIAN_POINT('',(44.765122877033,35.220521577748));
#641 = CARTESIAN_POINT('',(44.738521809774,35.203670756751));
#642 = CARTESIAN_POINT('',(44.712654984384,35.185653901999));
#643 = CARTESIAN_POINT('',(44.6875661028,35.166506137212));
#644 = CARTESIAN_POINT('',(44.663292506948,35.146268413124));
#645 = CARTESIAN_POINT('',(44.639865460904,35.124986880613));
#646 = CARTESIAN_POINT('',(44.617310433069,35.10271226384));
#647 = CARTESIAN_POINT('',(44.585792541696,35.068939290409));
#648 = CARTESIAN_POINT('',(44.576122039973,35.058184843285));
#649 = CARTESIAN_POINT('',(44.566637587821,35.047240909654));
#650 = CARTESIAN_POINT('',(44.557340633081,35.036112547254));
#651 = CARTESIAN_POINT('',(44.548232356776,35.024804853931));
#652 = CARTESIAN_POINT('',(44.539313673104,35.013322967629));
#653 = CARTESIAN_POINT('',(44.530585229447,35.001672066399));
#654 = CARTESIAN_POINT('',(44.507911671809,34.970296242189));
#655 = CARTESIAN_POINT('',(44.494298477098,34.950286003855));
#656 = CARTESIAN_POINT('',(44.481209641517,34.929850140413));
#657 = CARTESIAN_POINT('',(44.468645097623,34.909011924053));
#658 = CARTESIAN_POINT('',(44.456603106606,34.887794246741));
#659 = CARTESIAN_POINT('',(44.44508047366,34.866219454834));
#660 = CARTESIAN_POINT('',(44.434072763348,34.844309183679));
#661 = CARTESIAN_POINT('',(44.401956389442,34.776318209411));
#662 = CARTESIAN_POINT('',(44.382500592178,34.729221496711));
#663 = CARTESIAN_POINT('',(44.365155345731,34.680970763052));
#664 = CARTESIAN_POINT('',(44.349854236603,34.631728788565));
#665 = CARTESIAN_POINT('',(44.336520286426,34.581642769565));
#666 = CARTESIAN_POINT('',(44.325070023145,34.530842663516));
#667 = CARTESIAN_POINT('',(44.315417552208,34.479439534001));
#668 = CARTESIAN_POINT('',(44.279472772173,34.24438298353));
#669 = CARTESIAN_POINT('',(44.272899757302,34.055600729177));
#670 = CARTESIAN_POINT('',(44.283582673426,33.864162872623));
#671 = CARTESIAN_POINT('',(44.308602857953,33.672096567871));
#672 = CARTESIAN_POINT('',(44.34521702357,33.480731844207));
#673 = CARTESIAN_POINT('',(44.391352655982,33.290663100783));
#674 = CARTESIAN_POINT('',(44.445398545757,33.101845405137));
#675 = CARTESIAN_POINT('',(44.531986227643,32.834297307124));
#676 = CARTESIAN_POINT('',(44.558821186866,32.755244710242));
#677 = CARTESIAN_POINT('',(44.586742967985,32.676390979437));
#678 = CARTESIAN_POINT('',(44.615660063519,32.597731614202));
#679 = CARTESIAN_POINT('',(44.645487863218,32.519259325004));
#680 = CARTESIAN_POINT('',(44.676147982454,32.440963931278));
#681 = CARTESIAN_POINT('',(44.70756759061,32.362832259411));
#682 = CARTESIAN_POINT('',(44.739678739479,32.28484804073));
#683 = ( GEOMETRIC_REPRESENTATION_CONTEXT(2) 
PARAMETRIC_REPRESENTATION_CONTEXT() REPRESENTATION_CONTEXT('2D SPACE',''
  ) );
#684 = PCURVE('',#487,#685);
#685 = DEFINITIONAL_REPRESENTATION('',(#686),#738);
#686 = B_SPLINE_CURVE_WITH_KNOTS('',8,(#687,#688,#689,#690,#691,#692,
    #693,#694,#695,#696,#697,#698,#699,#700,#701,#702,#703,#704,#705,
    #706,#707,#708,#709,#710,#711,#712,#713,#714,#715,#716,#717,#718,
    #719,#720,#721,#722,#723,#724,#725,#726,#727,#728,#729,#730,#731,
    #732,#733,#734,#735,#736,#737),.UNSPECIFIED.,.F.,.F.,(9,7,7,7,7,7,7,
    9),(0.,0.109987426708,0.187156958403,0.222262493465,0.280385333463,
    0.400072618964,0.822289110133,1.),.UNSPECIFIED.);
#687 = CARTESIAN_POINT('',(-2.548077835609,0.));
#688 = CARTESIAN_POINT('',(-2.54950989129,2.862010277006E-02));
#689 = CARTESIAN_POINT('',(-2.550759696113,5.757718180072E-02));
#690 = CARTESIAN_POINT('',(-2.551817509501,8.682722713688E-02));
#691 = CARTESIAN_POINT('',(-2.552674792718,0.116322594627));
#692 = CARTESIAN_POINT('',(-2.553324356303,0.146011223408));
#693 = CARTESIAN_POINT('',(-2.553760657842,0.175835390502));
#694 = CARTESIAN_POINT('',(-2.553980250062,0.205730002519));
#695 = CARTESIAN_POINT('',(-2.553983873147,0.256592183981));
#696 = CARTESIAN_POINT('',(-2.553878313833,0.277565261517));
#697 = CARTESIAN_POINT('',(-2.553665395052,0.298515131883));
#698 = CARTESIAN_POINT('',(-2.553345414315,0.319418791652));
#699 = CARTESIAN_POINT('',(-2.552919234051,0.340254527286));
#700 = CARTESIAN_POINT('',(-2.552388242758,0.361001683254));
#701 = CARTESIAN_POINT('',(-2.551754316143,0.381640430167));
#702 = CARTESIAN_POINT('',(-2.550685626381,0.411482329916));
#703 = CARTESIAN_POINT('',(-2.550330643212,0.42078696444));
#704 = CARTESIAN_POINT('',(-2.54995504472,0.43006377372));
#705 = CARTESIAN_POINT('',(-2.549559059278,0.439311182881));
#706 = CARTESIAN_POINT('',(-2.549142927679,0.448527704928));
#707 = CARTESIAN_POINT('',(-2.548706903132,0.457711940742));
#708 = CARTESIAN_POINT('',(-2.548251251268,0.466862579084));
#709 = CARTESIAN_POINT('',(-2.546989809623,0.491071093552));
#710 = CARTESIAN_POINT('',(-2.54615032181,0.50606836666));
#711 = CARTESIAN_POINT('',(-2.54525903405,0.520964674303));
#712 = CARTESIAN_POINT('',(-2.544317252626,0.535755216518));
#713 = CARTESIAN_POINT('',(-2.543326325623,0.550435882473));
#714 = CARTESIAN_POINT('',(-2.542287625807,0.565003197937));
#715 = CARTESIAN_POINT('',(-2.541202533505,0.579454272757));
#716 = CARTESIAN_POINT('',(-2.537745274411,0.623300362896));
#717 = CARTESIAN_POINT('',(-2.535227413307,0.652308471937));
#718 = CARTESIAN_POINT('',(-2.532530620481,0.680794629028));
#719 = CARTESIAN_POINT('',(-2.529666514444,0.708749244783));
#720 = CARTESIAN_POINT('',(-2.526646275408,0.736168945764));
#721 = CARTESIAN_POINT('',(-2.523480372785,0.763055933375));
#722 = CARTESIAN_POINT('',(-2.520178292694,0.789417342757));
#723 = CARTESIAN_POINT('',(-2.504648282926,0.906445038505));
#724 = CARTESIAN_POINT('',(-2.491004768677,0.990863076201));
#725 = CARTESIAN_POINT('',(-2.476129560489,1.069657046358));
#726 = CARTESIAN_POINT('',(-2.460245516642,1.143269504361));
#727 = CARTESIAN_POINT('',(-2.443545784351,1.212187297191));
#728 = CARTESIAN_POINT('',(-2.426160105777,1.276795273049));
#729 = CARTESIAN_POINT('',(-2.408155156221,1.337540356156));
#730 = CARTESIAN_POINT('',(-2.381667309199,1.418979848183));
#731 = CARTESIAN_POINT('',(-2.37371897953,1.442463582621));
#732 = CARTESIAN_POINT('',(-2.365673055182,1.465326245241));
#733 = CARTESIAN_POINT('',(-2.357533697937,1.487583837601));
#734 = CARTESIAN_POINT('',(-2.349304730729,1.5092495841));
#735 = CARTESIAN_POINT('',(-2.340989624244,1.530334407776));
#736 = CARTESIAN_POINT('',(-2.332591483526,1.550847406104));
#737 = CARTESIAN_POINT('',(-2.324113034577,1.570796326795));
#738 = ( GEOMETRIC_REPRESENTATION_CONTEXT(2) 
PARAMETRIC_REPRESENTATION_CONTEXT() REPRESENTATION_CONTEXT('2D SPACE',''
  ) );
#739 = ORIENTED_EDGE('',*,*,#740,.F.);
#740 = EDGE_CURVE('',#741,#574,#743,.T.);
#741 = VERTEX_POINT('',#742);
#742 = CARTESIAN_POINT('',(9.987355121931,-0.553337311805,
    16.736305255312));
#743 = SURFACE_CURVE('',#744,(#749,#756),.PCURVE_S1.);
#744 = ELLIPSE('',#745,55.217999221418,10.8);
#745 = AXIS2_PLACEMENT_3D('',#746,#747,#748);
#746 = CARTESIAN_POINT('',(-40.11074908909,-22.69266138962,
    16.736305255312));
#747 = DIRECTION('',(0.,0.,1.));
#748 = DIRECTION('',(-0.924678098475,-0.380749805254,0.));
#749 = PCURVE('',#44,#750);
#750 = DEFINITIONAL_REPRESENTATION('',(#751),#755);
#751 = ELLIPSE('',#752,55.217999221418,10.8);
#752 = AXIS2_PLACEMENT_2D('',#753,#754);
#753 = CARTESIAN_POINT('',(4.889250910904,12.307338610372));
#754 = DIRECTION('',(-0.924678098475,-0.380749805254));
#755 = ( GEOMETRIC_REPRESENTATION_CONTEXT(2) 
PARAMETRIC_REPRESENTATION_CONTEXT() REPRESENTATION_CONTEXT('2D SPACE',''
  ) );
#756 = PCURVE('',#359,#757);
#757 = DEFINITIONAL_REPRESENTATION('',(#758),#766);
#758 = B_SPLINE_CURVE_WITH_KNOTS('',6,(#759,#760,#761,#762,#763,#764,
    #765),.UNSPECIFIED.,.F.,.F.,(7,7),(3.271298978349,3.728267138721),
  .PIECEWISE_BEZIER_KNOTS.);
#759 = CARTESIAN_POINT('',(-6.803498675636,-10.1000006));
#760 = CARTESIAN_POINT('',(-6.879660035698,-9.566557509822));
#761 = CARTESIAN_POINT('',(-6.95582139576,-8.659350231751));
#762 = CARTESIAN_POINT('',(-7.031982755822,-7.383947831469));
#763 = CARTESIAN_POINT('',(-7.108144115884,-5.752426208738));
#764 = CARTESIAN_POINT('',(-7.184305475946,-3.783164132494));
#765 = CARTESIAN_POINT('',(-7.260466836008,-1.4999994));
#766 = ( GEOMETRIC_REPRESENTATION_CONTEXT(2) 
PARAMETRIC_REPRESENTATION_CONTEXT() REPRESENTATION_CONTEXT('2D SPACE',''
  ) );
#767 = ORIENTED_EDGE('',*,*,#768,.F.);
#768 = EDGE_CURVE('',#343,#741,#769,.T.);
#769 = SURFACE_CURVE('',#770,(#815,#863),.PCURVE_S1.);
#770 = B_SPLINE_CURVE_WITH_KNOTS('',8,(#771,#772,#773,#774,#775,#776,
    #777,#778,#779,#780,#781,#782,#783,#784,#785,#786,#787,#788,#789,
    #790,#791,#792,#793,#794,#795,#796,#797,#798,#799,#800,#801,#802,
    #803,#804,#805,#806,#807,#808,#809,#810,#811,#812,#813,#814),
  .UNSPECIFIED.,.F.,.F.,(9,7,7,7,7,7,9),(0.,7.435697107273E-02,
    0.152593795248,0.50567364654,0.846686312719,0.925208150787,1.),
  .UNSPECIFIED.);
#771 = CARTESIAN_POINT('',(11.051097482408,-3.136711615821,
    16.736305255312));
#772 = CARTESIAN_POINT('',(11.056140016785,-3.111520482693,
    16.736305255312));
#773 = CARTESIAN_POINT('',(11.060377438562,-3.086024487152,
    16.736305255312));
#774 = CARTESIAN_POINT('',(11.063877743678,-3.060282305427,
    16.736305255312));
#775 = CARTESIAN_POINT('',(11.066699292569,-3.034342991379,
    16.736305255312));
#776 = CARTESIAN_POINT('',(11.068892236893,-3.008246466218,
    16.736305255312));
#777 = CARTESIAN_POINT('',(11.070499946249,-2.982024008229,
    16.736305255312));
#778 = CARTESIAN_POINT('',(11.071560434901,-2.955698742489,
    16.736305255312));
#779 = CARTESIAN_POINT('',(11.072683702323,-2.901495341868,
    16.736305255312));
#780 = CARTESIAN_POINT('',(11.072691290259,-2.873613074277,
    16.736305255312));
#781 = CARTESIAN_POINT('',(11.072169477375,-2.845660822444,
    16.736305255312));
#782 = CARTESIAN_POINT('',(11.071151991706,-2.817657031446,
    16.736305255312));
#783 = CARTESIAN_POINT('',(11.069668088807,-2.789617188298,
    16.736305255312));
#784 = CARTESIAN_POINT('',(11.067743276295,-2.761553913435,
    16.736305255312));
#785 = CARTESIAN_POINT('',(11.065400038396,-2.733477052202,
    16.736305255312));
#786 = CARTESIAN_POINT('',(11.050286373589,-2.57865495118,
    16.736305255312));
#787 = CARTESIAN_POINT('',(11.029820071252,-2.451963491584,
    16.736305255312));
#788 = CARTESIAN_POINT('',(11.003099611064,-2.325750525118,
    16.736305255312));
#789 = CARTESIAN_POINT('',(10.970902349577,-2.200440452138,
    16.736305255312));
#790 = CARTESIAN_POINT('',(10.933937578728,-2.076331645061,
    16.736305255312));
#791 = CARTESIAN_POINT('',(10.892546489964,-1.953625559221,
    16.736305255312));
#792 = CARTESIAN_POINT('',(10.846960497091,-1.832418356223,
    16.736305255312));
#793 = CARTESIAN_POINT('',(10.749000819423,-1.597106196977,
    16.736305255312));
#794 = CARTESIAN_POINT('',(10.697081689598,-1.48330646477,
    16.736305255312));
#795 = CARTESIAN_POINT('',(10.641389665798,-1.371313179117,
    16.736305255312));
#796 = CARTESIAN_POINT('',(10.581829349375,-1.26134818798,
    16.736305255312));
#797 = CARTESIAN_POINT('',(10.518298117261,-1.15377842361,
    16.736305255312));
#798 = CARTESIAN_POINT('',(10.450528087554,-1.049253302802,
    16.736305255312));
#799 = CARTESIAN_POINT('',(10.37827464124,-0.948559810278,
    16.736305255312));
#800 = CARTESIAN_POINT('',(10.282757180736,-0.831155842849,
    16.736305255312));
#801 = CARTESIAN_POINT('',(10.264599822668,-0.809468016568,
    16.736305255312));
#802 = CARTESIAN_POINT('',(10.246153194851,-0.788085570017,
    16.736305255312));
#803 = CARTESIAN_POINT('',(10.227408193508,-0.767031439117,
    16.736305255312));
#804 = CARTESIAN_POINT('',(10.208355515748,-0.746332689958,
    16.736305255312));
#805 = CARTESIAN_POINT('',(10.188985203857,-0.726021099924,
    16.736305255312));
#806 = CARTESIAN_POINT('',(10.1692861896,-0.706133738822,16.736305255312
    ));
#807 = CARTESIAN_POINT('',(10.130157455558,-0.668215869997,
    16.736305255312));
#808 = CARTESIAN_POINT('',(10.110762952142,-0.650145301908,
    16.736305255312));
#809 = CARTESIAN_POINT('',(10.091048752501,-0.632537249628,
    16.736305255312));
#810 = CARTESIAN_POINT('',(10.071003944258,-0.61543548269,
    16.736305255312));
#811 = CARTESIAN_POINT('',(10.050619591387,-0.598893526538,
    16.736305255312));
#812 = CARTESIAN_POINT('',(10.029888047161,-0.582976052811,
    16.736305255312));
#813 = CARTESIAN_POINT('',(10.008802267101,-0.567760269614,
    16.736305255312));
#814 = CARTESIAN_POINT('',(9.987355121931,-0.553337311805,
    16.736305255312));
#815 = PCURVE('',#44,#816);
#816 = DEFINITIONAL_REPRESENTATION('',(#817),#862);
#817 = B_SPLINE_CURVE_WITH_KNOTS('',8,(#818,#819,#820,#821,#822,#823,
    #824,#825,#826,#827,#828,#829,#830,#831,#832,#833,#834,#835,#836,
    #837,#838,#839,#840,#841,#842,#843,#844,#845,#846,#847,#848,#849,
    #850,#851,#852,#853,#854,#855,#856,#857,#858,#859,#860,#861),
  .UNSPECIFIED.,.F.,.F.,(9,7,7,7,7,7,9),(0.,7.435697107273E-02,
    0.152593795248,0.50567364654,0.846686312719,0.925208150787,1.),
  .UNSPECIFIED.);
#818 = CARTESIAN_POINT('',(56.051097482408,31.863288384179));
#819 = CARTESIAN_POINT('',(56.056140016785,31.888479517307));
#820 = CARTESIAN_POINT('',(56.060377438562,31.913975512848));
#821 = CARTESIAN_POINT('',(56.063877743678,31.939717694573));
#822 = CARTESIAN_POINT('',(56.066699292569,31.965657008621));
#823 = CARTESIAN_POINT('',(56.068892236893,31.991753533782));
#824 = CARTESIAN_POINT('',(56.070499946249,32.017975991771));
#825 = CARTESIAN_POINT('',(56.071560434901,32.044301257511));
#826 = CARTESIAN_POINT('',(56.072683702323,32.098504658132));
#827 = CARTESIAN_POINT('',(56.072691290259,32.126386925723));
#828 = CARTESIAN_POINT('',(56.072169477375,32.154339177556));
#829 = CARTESIAN_POINT('',(56.071151991706,32.182342968554));
#830 = CARTESIAN_POINT('',(56.069668088807,32.210382811702));
#831 = CARTESIAN_POINT('',(56.067743276295,32.238446086565));
#832 = CARTESIAN_POINT('',(56.065400038396,32.266522947798));
#833 = CARTESIAN_POINT('',(56.050286373589,32.42134504882));
#834 = CARTESIAN_POINT('',(56.029820071252,32.548036508416));
#835 = CARTESIAN_POINT('',(56.003099611064,32.674249474882));
#836 = CARTESIAN_POINT('',(55.970902349577,32.799559547862));
#837 = CARTESIAN_POINT('',(55.933937578728,32.923668354939));
#838 = CARTESIAN_POINT('',(55.892546489964,33.046374440779));
#839 = CARTESIAN_POINT('',(55.846960497091,33.167581643777));
#840 = CARTESIAN_POINT('',(55.749000819423,33.402893803023));
#841 = CARTESIAN_POINT('',(55.697081689598,33.51669353523));
#842 = CARTESIAN_POINT('',(55.641389665798,33.628686820883));
#843 = CARTESIAN_POINT('',(55.581829349375,33.73865181202));
#844 = CARTESIAN_POINT('',(55.518298117261,33.84622157639));
#845 = CARTESIAN_POINT('',(55.450528087554,33.950746697198));
#846 = CARTESIAN_POINT('',(55.37827464124,34.051440189722));
#847 = CARTESIAN_POINT('',(55.282757180736,34.168844157151));
#848 = CARTESIAN_POINT('',(55.264599822668,34.190531983432));
#849 = CARTESIAN_POINT('',(55.246153194851,34.211914429983));
#850 = CARTESIAN_POINT('',(55.227408193508,34.232968560883));
#851 = CARTESIAN_POINT('',(55.208355515748,34.253667310042));
#852 = CARTESIAN_POINT('',(55.188985203857,34.273978900076));
#853 = CARTESIAN_POINT('',(55.1692861896,34.293866261178));
#854 = CARTESIAN_POINT('',(55.130157455558,34.331784130003));
#855 = CARTESIAN_POINT('',(55.110762952142,34.349854698092));
#856 = CARTESIAN_POINT('',(55.091048752501,34.367462750372));
#857 = CARTESIAN_POINT('',(55.071003944258,34.38456451731));
#858 = CARTESIAN_POINT('',(55.050619591387,34.401106473462));
#859 = CARTESIAN_POINT('',(55.029888047161,34.417023947189));
#860 = CARTESIAN_POINT('',(55.008802267101,34.432239730386));
#861 = CARTESIAN_POINT('',(54.987355121931,34.446662688195));
#862 = ( GEOMETRIC_REPRESENTATION_CONTEXT(2) 
PARAMETRIC_REPRESENTATION_CONTEXT() REPRESENTATION_CONTEXT('2D SPACE',''
  ) );
#863 = PCURVE('',#864,#869);
#864 = TOROIDAL_SURFACE('',#865,9.3,1.5);
#865 = AXIS2_PLACEMENT_3D('',#866,#867,#868);
#866 = CARTESIAN_POINT('',(8.582385637502,-2.64254709044,27.238746078696
    ));
#867 = DIRECTION('',(0.90681893547,0.373396032252,0.195588397846));
#868 = DIRECTION('',(0.283210001942,-0.883384116848,0.373396032252));
#869 = DEFINITIONAL_REPRESENTATION('',(#870),#915);
#870 = B_SPLINE_CURVE_WITH_KNOTS('',8,(#871,#872,#873,#874,#875,#876,
    #877,#878,#879,#880,#881,#882,#883,#884,#885,#886,#887,#888,#889,
    #890,#891,#892,#893,#894,#895,#896,#897,#898,#899,#900,#901,#902,
    #903,#904,#905,#906,#907,#908,#909,#910,#911,#912,#913,#914),
  .UNSPECIFIED.,.F.,.F.,(9,7,7,7,7,7,9),(0.,7.435697107273E-02,
    0.152593795248,0.50567364654,0.846686312719,0.925208150787,1.),
  .UNSPECIFIED.);
#871 = CARTESIAN_POINT('',(1.83169696007,0.));
#872 = CARTESIAN_POINT('',(1.833692775571,9.319289875861E-03));
#873 = CARTESIAN_POINT('',(1.835741147034,1.822775072258E-02));
#874 = CARTESIAN_POINT('',(1.837834933462,2.675308597064E-02));
#875 = CARTESIAN_POINT('',(1.839968118054,3.49191712757E-02));
#876 = CARTESIAN_POINT('',(1.842135721272,4.274687909289E-02));
#877 = CARTESIAN_POINT('',(1.844333713904,5.025490325102E-02));
#878 = CARTESIAN_POINT('',(1.846558930124,5.746058352689E-02));
#879 = CARTESIAN_POINT('',(1.851176435805,7.166196145092E-02));
#880 = CARTESIAN_POINT('',(1.853570944445,7.862562831271E-02));
#881 = CARTESIAN_POINT('',(1.855989449568,8.528993289999E-02));
#882 = CARTESIAN_POINT('',(1.858429314268,9.167058222616E-02));
#883 = CARTESIAN_POINT('',(1.860888291692,9.778123010068E-02));
#884 = CARTESIAN_POINT('',(1.863364495093,0.103633919007));
#885 = CARTESIAN_POINT('',(1.865856367883,0.109239521979));
#886 = CARTESIAN_POINT('',(1.879673427423,0.138836756876));
#887 = CARTESIAN_POINT('',(1.891261865227,0.158205122838));
#888 = CARTESIAN_POINT('',(1.903032436388,0.173692281068));
#889 = CARTESIAN_POINT('',(1.914922618026,0.185629060135));
#890 = CARTESIAN_POINT('',(1.926881954416,0.19434666525));
#891 = CARTESIAN_POINT('',(1.938879926522,0.19998491355));
#892 = CARTESIAN_POINT('',(1.950898785629,0.202652666226));
#893 = CARTESIAN_POINT('',(1.974566399545,0.20199453324));
#894 = CARTESIAN_POINT('',(1.986172891269,0.198871605737));
#895 = CARTESIAN_POINT('',(1.997756282198,0.19296202507));
#896 = CARTESIAN_POINT('',(2.009299757528,0.184160272294));
#897 = CARTESIAN_POINT('',(2.020774494591,0.172328289416));
#898 = CARTESIAN_POINT('',(2.032134497795,0.15716396589));
#899 = CARTESIAN_POINT('',(2.043322236074,0.138353419972));
#900 = CARTESIAN_POINT('',(2.056769381878,0.109644488573));
#901 = CARTESIAN_POINT('',(2.059271762302,0.104033009182));
#902 = CARTESIAN_POINT('',(2.061758437677,9.817312858462E-02));
#903 = CARTESIAN_POINT('',(2.064227844539,9.20539070591E-02));
#904 = CARTESIAN_POINT('',(2.06667808698,8.566322401453E-02));
#905 = CARTESIAN_POINT('',(2.06910690643,7.898733097552E-02));
#906 = CARTESIAN_POINT('',(2.071511651439,7.201040456577E-02));
#907 = CARTESIAN_POINT('',(2.076153901562,5.776438763657E-02));
#908 = CARTESIAN_POINT('',(2.078393517774,5.052626422446E-02));
#909 = CARTESIAN_POINT('',(2.080605681451,4.298265802685E-02));
#910 = CARTESIAN_POINT('',(2.082787186323,3.511596317228E-02));
#911 = CARTESIAN_POINT('',(2.084933945126,2.690719151685E-02));
#912 = CARTESIAN_POINT('',(2.087040900236,1.833512501472E-02));
#913 = CARTESIAN_POINT('',(2.08910193431,9.375468088544E-03));
#914 = CARTESIAN_POINT('',(2.091109780915,0.));
#915 = ( GEOMETRIC_REPRESENTATION_CONTEXT(2) 
PARAMETRIC_REPRESENTATION_CONTEXT() REPRESENTATION_CONTEXT('2D SPACE',''
  ) );
#916 = ADVANCED_FACE('',(#917),#72,.T.);
#917 = FACE_BOUND('',#918,.T.);
#918 = EDGE_LOOP('',(#919,#943,#964,#965));
#919 = ORIENTED_EDGE('',*,*,#920,.T.);
#920 = EDGE_CURVE('',#57,#921,#923,.T.);
#921 = VERTEX_POINT('',#922);
#922 = CARTESIAN_POINT('',(-40.,-35.,0.));
#923 = SURFACE_CURVE('',#924,(#929,#936),.PCURVE_S1.);
#924 = CIRCLE('',#925,5.);
#925 = AXIS2_PLACEMENT_3D('',#926,#927,#928);
#926 = CARTESIAN_POINT('',(-40.,-30.,0.));
#927 = DIRECTION('',(0.,0.,1.));
#928 = DIRECTION('',(0.,-1.,0.));
#929 = PCURVE('',#72,#930);
#930 = DEFINITIONAL_REPRESENTATION('',(#931),#935);
#931 = LINE('',#932,#933);
#932 = CARTESIAN_POINT('',(-4.712388980385,0.));
#933 = VECTOR('',#934,1.);
#934 = DIRECTION('',(1.,0.));
#935 = ( GEOMETRIC_REPRESENTATION_CONTEXT(2) 
PARAMETRIC_REPRESENTATION_CONTEXT() REPRESENTATION_CONTEXT('2D SPACE',''
  ) );
#936 = PCURVE('',#100,#937);
#937 = DEFINITIONAL_REPRESENTATION('',(#938),#942);
#938 = CIRCLE('',#939,5.);
#939 = AXIS2_PLACEMENT_2D('',#940,#941);
#940 = CARTESIAN_POINT('',(5.,5.));
#941 = DIRECTION('',(0.,-1.));
#942 = ( GEOMETRIC_REPRESENTATION_CONTEXT(2) 
PARAMETRIC_REPRESENTATION_CONTEXT() REPRESENTATION_CONTEXT('2D SPACE',''
  ) );
#943 = ORIENTED_EDGE('',*,*,#944,.T.);
#944 = EDGE_CURVE('',#921,#143,#945,.T.);
#945 = SURFACE_CURVE('',#946,(#950,#957),.PCURVE_S1.);
#946 = LINE('',#947,#948);
#947 = CARTESIAN_POINT('',(-40.,-35.,0.));
#948 = VECTOR('',#949,1.);
#949 = DIRECTION('',(0.,0.,1.));
#950 = PCURVE('',#72,#951);
#951 = DEFINITIONAL_REPRESENTATION('',(#952),#956);
#952 = LINE('',#953,#954);
#953 = CARTESIAN_POINT('',(1.570796326795,0.));
#954 = VECTOR('',#955,1.);
#955 = DIRECTION('',(0.,1.));
#956 = ( GEOMETRIC_REPRESENTATION_CONTEXT(2) 
PARAMETRIC_REPRESENTATION_CONTEXT() REPRESENTATION_CONTEXT('2D SPACE',''
  ) );
#957 = PCURVE('',#182,#958);
#958 = DEFINITIONAL_REPRESENTATION('',(#959),#963);
#959 = LINE('',#960,#961);
#960 = CARTESIAN_POINT('',(0.,5.));
#961 = VECTOR('',#962,1.);
#962 = DIRECTION('',(1.,0.));
#963 = ( GEOMETRIC_REPRESENTATION_CONTEXT(2) 
PARAMETRIC_REPRESENTATION_CONTEXT() REPRESENTATION_CONTEXT('2D SPACE',''
  ) );
#964 = ORIENTED_EDGE('',*,*,#142,.F.);
#965 = ORIENTED_EDGE('',*,*,#56,.F.);
#966 = ADVANCED_FACE('',(#967),#126,.T.);
#967 = FACE_BOUND('',#968,.F.);
#968 = EDGE_LOOP('',(#969,#997,#1018,#1019));
#969 = ORIENTED_EDGE('',*,*,#970,.T.);
#970 = EDGE_CURVE('',#85,#971,#973,.T.);
#971 = VERTEX_POINT('',#972);
#972 = CARTESIAN_POINT('',(-40.,35.,0.));
#973 = SURFACE_CURVE('',#974,(#979,#986),.PCURVE_S1.);
#974 = CIRCLE('',#975,5.);
#975 = AXIS2_PLACEMENT_3D('',#976,#977,#978);
#976 = CARTESIAN_POINT('',(-40.,30.,0.));
#977 = DIRECTION('',(-0.,-0.,-1.));
#978 = DIRECTION('',(0.,-1.,0.));
#979 = PCURVE('',#126,#980);
#980 = DEFINITIONAL_REPRESENTATION('',(#981),#985);
#981 = LINE('',#982,#983);
#982 = CARTESIAN_POINT('',(1.570796326795,-0.));
#983 = VECTOR('',#984,1.);
#984 = DIRECTION('',(-1.,0.));
#985 = ( GEOMETRIC_REPRESENTATION_CONTEXT(2) 
PARAMETRIC_REPRESENTATION_CONTEXT() REPRESENTATION_CONTEXT('2D SPACE',''
  ) );
#986 = PCURVE('',#100,#987);
#987 = DEFINITIONAL_REPRESENTATION('',(#988),#996);
#988 = ( BOUNDED_CURVE() B_SPLINE_CURVE(2,(#989,#990,#991,#992,#993,#994
,#995),.UNSPECIFIED.,.T.,.F.) B_SPLINE_CURVE_WITH_KNOTS((1,2,2,2,2,1),(
    -2.094395102393,0.,2.094395102393,4.188790204786,6.28318530718,
8.377580409573),.UNSPECIFIED.) CURVE() GEOMETRIC_REPRESENTATION_ITEM() 
RATIONAL_B_SPLINE_CURVE((1.,0.5,1.,0.5,1.,0.5,1.)) REPRESENTATION_ITEM(
  '') );
#989 = CARTESIAN_POINT('',(5.,60.));
#990 = CARTESIAN_POINT('',(-3.660254037844,60.));
#991 = CARTESIAN_POINT('',(0.669872981078,67.5));
#992 = CARTESIAN_POINT('',(5.,75.));
#993 = CARTESIAN_POINT('',(9.330127018922,67.5));
#994 = CARTESIAN_POINT('',(13.660254037844,60.));
#995 = CARTESIAN_POINT('',(5.,60.));
#996 = ( GEOMETRIC_REPRESENTATION_CONTEXT(2) 
PARAMETRIC_REPRESENTATION_CONTEXT() REPRESENTATION_CONTEXT('2D SPACE',''
  ) );
#997 = ORIENTED_EDGE('',*,*,#998,.T.);
#998 = EDGE_CURVE('',#971,#285,#999,.T.);
#999 = SURFACE_CURVE('',#1000,(#1004,#1011),.PCURVE_S1.);
#1000 = LINE('',#1001,#1002);
#1001 = CARTESIAN_POINT('',(-40.,35.,0.));
#1002 = VECTOR('',#1003,1.);
#1003 = DIRECTION('',(0.,0.,1.));
#1004 = PCURVE('',#126,#1005);
#1005 = DEFINITIONAL_REPRESENTATION('',(#1006),#1010);
#1006 = LINE('',#1007,#1008);
#1007 = CARTESIAN_POINT('',(-1.570796326795,0.));
#1008 = VECTOR('',#1009,1.);
#1009 = DIRECTION('',(-0.,1.));
#1010 = ( GEOMETRIC_REPRESENTATION_CONTEXT(2) 
PARAMETRIC_REPRESENTATION_CONTEXT() REPRESENTATION_CONTEXT('2D SPACE',''
  ) );
#1011 = PCURVE('',#300,#1012);
#1012 = DEFINITIONAL_REPRESENTATION('',(#1013),#1017);
#1013 = LINE('',#1014,#1015);
#1014 = CARTESIAN_POINT('',(0.,5.));
#1015 = VECTOR('',#1016,1.);
#1016 = DIRECTION('',(1.,0.));
#1017 = ( GEOMETRIC_REPRESENTATION_CONTEXT(2) 
PARAMETRIC_REPRESENTATION_CONTEXT() REPRESENTATION_CONTEXT('2D SPACE',''
  ) );
#1018 = ORIENTED_EDGE('',*,*,#312,.F.);
#1019 = ORIENTED_EDGE('',*,*,#112,.F.);
#1020 = ADVANCED_FACE('',(#1021),#100,.F.);
#1021 = FACE_BOUND('',#1022,.F.);
#1022 = EDGE_LOOP('',(#1023,#1024,#1025,#1048,#1076,#1099,#1123,#1146,
    #1174,#1203,#1231,#1264,#1292,#1313));
#1023 = ORIENTED_EDGE('',*,*,#84,.F.);
#1024 = ORIENTED_EDGE('',*,*,#920,.T.);
#1025 = ORIENTED_EDGE('',*,*,#1026,.T.);
#1026 = EDGE_CURVE('',#921,#1027,#1029,.T.);
#1027 = VERTEX_POINT('',#1028);
#1028 = CARTESIAN_POINT('',(40.,-35.,0.));
#1029 = SURFACE_CURVE('',#1030,(#1034,#1041),.PCURVE_S1.);
#1030 = LINE('',#1031,#1032);
#1031 = CARTESIAN_POINT('',(-45.,-35.,0.));
#1032 = VECTOR('',#1033,1.);
#1033 = DIRECTION('',(1.,0.,0.));
#1034 = PCURVE('',#100,#1035);
#1035 = DEFINITIONAL_REPRESENTATION('',(#1036),#1040);
#1036 = LINE('',#1037,#1038);
#1037 = CARTESIAN_POINT('',(0.,0.));
#1038 = VECTOR('',#1039,1.);
#1039 = DIRECTION('',(1.,0.));
#1040 = ( GEOMETRIC_REPRESENTATION_CONTEXT(2) 
PARAMETRIC_REPRESENTATION_CONTEXT() REPRESENTATION_CONTEXT('2D SPACE',''
  ) );
#1041 = PCURVE('',#182,#1042);
#1042 = DEFINITIONAL_REPRESENTATION('',(#1043),#1047);
#1043 = LINE('',#1044,#1045);
#1044 = CARTESIAN_POINT('',(0.,0.));
#1045 = VECTOR('',#1046,1.);
#1046 = DIRECTION('',(0.,1.));
#1047 = ( GEOMETRIC_REPRESENTATION_CONTEXT(2) 
PARAMETRIC_REPRESENTATION_CONTEXT() REPRESENTATION_CONTEXT('2D SPACE',''
  ) );
#1048 = ORIENTED_EDGE('',*,*,#1049,.F.);
#1049 = EDGE_CURVE('',#1050,#1027,#1052,.T.);
#1050 = VERTEX_POINT('',#1051);
#1051 = CARTESIAN_POINT('',(45.,-30.,0.));
#1052 = SURFACE_CURVE('',#1053,(#1058,#1069),.PCURVE_S1.);
#1053 = CIRCLE('',#1054,5.);
#1054 = AXIS2_PLACEMENT_3D('',#1055,#1056,#1057);
#1055 = CARTESIAN_POINT('',(40.,-30.,0.));
#1056 = DIRECTION('',(-0.,-0.,-1.));
#1057 = DIRECTION('',(0.,-1.,0.));
#1058 = PCURVE('',#100,#1059);
#1059 = DEFINITIONAL_REPRESENTATION('',(#1060),#1068);
#1060 = ( BOUNDED_CURVE() B_SPLINE_CURVE(2,(#1061,#1062,#1063,#1064,
#1065,#1066,#1067),.UNSPECIFIED.,.T.,.F.) B_SPLINE_CURVE_WITH_KNOTS((1,2
    ,2,2,2,1),(-2.094395102393,0.,2.094395102393,4.188790204786,
6.28318530718,8.377580409573),.UNSPECIFIED.) CURVE() 
GEOMETRIC_REPRESENTATION_ITEM() RATIONAL_B_SPLINE_CURVE((1.,0.5,1.,0.5,
1.,0.5,1.)) REPRESENTATION_ITEM('') );
#1061 = CARTESIAN_POINT('',(85.,0.));
#1062 = CARTESIAN_POINT('',(76.339745962156,0.));
#1063 = CARTESIAN_POINT('',(80.669872981078,7.5));
#1064 = CARTESIAN_POINT('',(85.,15.));
#1065 = CARTESIAN_POINT('',(89.330127018922,7.5));
#1066 = CARTESIAN_POINT('',(93.660254037844,7.993605777301E-15));
#1067 = CARTESIAN_POINT('',(85.,0.));
#1068 = ( GEOMETRIC_REPRESENTATION_CONTEXT(2) 
PARAMETRIC_REPRESENTATION_CONTEXT() REPRESENTATION_CONTEXT('2D SPACE',''
  ) );
#1069 = PCURVE('',#215,#1070);
#1070 = DEFINITIONAL_REPRESENTATION('',(#1071),#1075);
#1071 = LINE('',#1072,#1073);
#1072 = CARTESIAN_POINT('',(4.712388980385,-0.));
#1073 = VECTOR('',#1074,1.);
#1074 = DIRECTION('',(-1.,0.));
#1075 = ( GEOMETRIC_REPRESENTATION_CONTEXT(2) 
PARAMETRIC_REPRESENTATION_CONTEXT() REPRESENTATION_CONTEXT('2D SPACE',''
  ) );
#1076 = ORIENTED_EDGE('',*,*,#1077,.T.);
#1077 = EDGE_CURVE('',#1050,#1078,#1080,.T.);
#1078 = VERTEX_POINT('',#1079);
#1079 = CARTESIAN_POINT('',(45.,30.,0.));
#1080 = SURFACE_CURVE('',#1081,(#1085,#1092),.PCURVE_S1.);
#1081 = LINE('',#1082,#1083);
#1082 = CARTESIAN_POINT('',(45.,-35.,0.));
#1083 = VECTOR('',#1084,1.);
#1084 = DIRECTION('',(0.,1.,0.));
#1085 = PCURVE('',#100,#1086);
#1086 = DEFINITIONAL_REPRESENTATION('',(#1087),#1091);
#1087 = LINE('',#1088,#1089);
#1088 = CARTESIAN_POINT('',(90.,0.));
#1089 = VECTOR('',#1090,1.);
#1090 = DIRECTION('',(0.,1.));
#1091 = ( GEOMETRIC_REPRESENTATION_CONTEXT(2) 
PARAMETRIC_REPRESENTATION_CONTEXT() REPRESENTATION_CONTEXT('2D SPACE',''
  ) );
#1092 = PCURVE('',#243,#1093);
#1093 = DEFINITIONAL_REPRESENTATION('',(#1094),#1098);
#1094 = LINE('',#1095,#1096);
#1095 = CARTESIAN_POINT('',(0.,0.));
#1096 = VECTOR('',#1097,1.);
#1097 = DIRECTION('',(0.,-1.));
#1098 = ( GEOMETRIC_REPRESENTATION_CONTEXT(2) 
PARAMETRIC_REPRESENTATION_CONTEXT() REPRESENTATION_CONTEXT('2D SPACE',''
  ) );
#1099 = ORIENTED_EDGE('',*,*,#1100,.T.);
#1100 = EDGE_CURVE('',#1078,#1101,#1103,.T.);
#1101 = VERTEX_POINT('',#1102);
#1102 = CARTESIAN_POINT('',(40.,35.,0.));
#1103 = SURFACE_CURVE('',#1104,(#1109,#1116),.PCURVE_S1.);
#1104 = CIRCLE('',#1105,5.);
#1105 = AXIS2_PLACEMENT_3D('',#1106,#1107,#1108);
#1106 = CARTESIAN_POINT('',(40.,30.,0.));
#1107 = DIRECTION('',(0.,0.,1.));
#1108 = DIRECTION('',(0.,-1.,0.));
#1109 = PCURVE('',#100,#1110);
#1110 = DEFINITIONAL_REPRESENTATION('',(#1111),#1115);
#1111 = CIRCLE('',#1112,5.);
#1112 = AXIS2_PLACEMENT_2D('',#1113,#1114);
#1113 = CARTESIAN_POINT('',(85.,65.));
#1114 = DIRECTION('',(0.,-1.));
#1115 = ( GEOMETRIC_REPRESENTATION_CONTEXT(2) 
PARAMETRIC_REPRESENTATION_CONTEXT() REPRESENTATION_CONTEXT('2D SPACE',''
  ) );
#1116 = PCURVE('',#272,#1117);
#1117 = DEFINITIONAL_REPRESENTATION('',(#1118),#1122);
#1118 = LINE('',#1119,#1120);
#1119 = CARTESIAN_POINT('',(-1.570796326795,0.));
#1120 = VECTOR('',#1121,1.);
#1121 = DIRECTION('',(1.,0.));
#1122 = ( GEOMETRIC_REPRESENTATION_CONTEXT(2) 
PARAMETRIC_REPRESENTATION_CONTEXT() REPRESENTATION_CONTEXT('2D SPACE',''
  ) );
#1123 = ORIENTED_EDGE('',*,*,#1124,.F.);
#1124 = EDGE_CURVE('',#1125,#1101,#1127,.T.);
#1125 = VERTEX_POINT('',#1126);
#1126 = CARTESIAN_POINT('',(12.,35.,0.));
#1127 = SURFACE_CURVE('',#1128,(#1132,#1139),.PCURVE_S1.);
#1128 = LINE('',#1129,#1130);
#1129 = CARTESIAN_POINT('',(-45.,35.,0.));
#1130 = VECTOR('',#1131,1.);
#1131 = DIRECTION('',(1.,0.,0.));
#1132 = PCURVE('',#100,#1133);
#1133 = DEFINITIONAL_REPRESENTATION('',(#1134),#1138);
#1134 = LINE('',#1135,#1136);
#1135 = CARTESIAN_POINT('',(0.,70.));
#1136 = VECTOR('',#1137,1.);
#1137 = DIRECTION('',(1.,0.));
#1138 = ( GEOMETRIC_REPRESENTATION_CONTEXT(2) 
PARAMETRIC_REPRESENTATION_CONTEXT() REPRESENTATION_CONTEXT('2D SPACE',''
  ) );
#1139 = PCURVE('',#300,#1140);
#1140 = DEFINITIONAL_REPRESENTATION('',(#1141),#1145);
#1141 = LINE('',#1142,#1143);
#1142 = CARTESIAN_POINT('',(0.,0.));
#1143 = VECTOR('',#1144,1.);
#1144 = DIRECTION('',(0.,1.));
#1145 = ( GEOMETRIC_REPRESENTATION_CONTEXT(2) 
PARAMETRIC_REPRESENTATION_CONTEXT() REPRESENTATION_CONTEXT('2D SPACE',''
  ) );
#1146 = ORIENTED_EDGE('',*,*,#1147,.T.);
#1147 = EDGE_CURVE('',#1125,#1148,#1150,.T.);
#1148 = VERTEX_POINT('',#1149);
#1149 = CARTESIAN_POINT('',(12.,51.,0.));
#1150 = SURFACE_CURVE('',#1151,(#1155,#1162),.PCURVE_S1.);
#1151 = LINE('',#1152,#1153);
#1152 = CARTESIAN_POINT('',(12.,31.,0.));
#1153 = VECTOR('',#1154,1.);
#1154 = DIRECTION('',(0.,1.,0.));
#1155 = PCURVE('',#100,#1156);
#1156 = DEFINITIONAL_REPRESENTATION('',(#1157),#1161);
#1157 = LINE('',#1158,#1159);
#1158 = CARTESIAN_POINT('',(57.,66.));
#1159 = VECTOR('',#1160,1.);
#1160 = DIRECTION('',(0.,1.));
#1161 = ( GEOMETRIC_REPRESENTATION_CONTEXT(2) 
PARAMETRIC_REPRESENTATION_CONTEXT() REPRESENTATION_CONTEXT('2D SPACE',''
  ) );
#1162 = PCURVE('',#1163,#1168);
#1163 = PLANE('',#1164);
#1164 = AXIS2_PLACEMENT_3D('',#1165,#1166,#1167);
#1165 = CARTESIAN_POINT('',(12.,31.,0.));
#1166 = DIRECTION('',(1.,0.,0.));
#1167 = DIRECTION('',(0.,0.,1.));
#1168 = DEFINITIONAL_REPRESENTATION('',(#1169),#1173);
#1169 = LINE('',#1170,#1171);
#1170 = CARTESIAN_POINT('',(0.,0.));
#1171 = VECTOR('',#1172,1.);
#1172 = DIRECTION('',(0.,-1.));
#1173 = ( GEOMETRIC_REPRESENTATION_CONTEXT(2) 
PARAMETRIC_REPRESENTATION_CONTEXT() REPRESENTATION_CONTEXT('2D SPACE',''
  ) );
#1174 = ORIENTED_EDGE('',*,*,#1175,.T.);
#1175 = EDGE_CURVE('',#1148,#1176,#1178,.T.);
#1176 = VERTEX_POINT('',#1177);
#1177 = CARTESIAN_POINT('',(8.,55.,0.));
#1178 = SURFACE_CURVE('',#1179,(#1184,#1191),.PCURVE_S1.);
#1179 = CIRCLE('',#1180,4.);
#1180 = AXIS2_PLACEMENT_3D('',#1181,#1182,#1183);
#1181 = CARTESIAN_POINT('',(8.,51.,0.));
#1182 = DIRECTION('',(0.,0.,1.));
#1183 = DIRECTION('',(0.,-1.,0.));
#1184 = PCURVE('',#100,#1185);
#1185 = DEFINITIONAL_REPRESENTATION('',(#1186),#1190);
#1186 = CIRCLE('',#1187,4.);
#1187 = AXIS2_PLACEMENT_2D('',#1188,#1189);
#1188 = CARTESIAN_POINT('',(53.,86.));
#1189 = DIRECTION('',(0.,-1.));
#1190 = ( GEOMETRIC_REPRESENTATION_CONTEXT(2) 
PARAMETRIC_REPRESENTATION_CONTEXT() REPRESENTATION_CONTEXT('2D SPACE',''
  ) );
#1191 = PCURVE('',#1192,#1197);
#1192 = CYLINDRICAL_SURFACE('',#1193,4.);
#1193 = AXIS2_PLACEMENT_3D('',#1194,#1195,#1196);
#1194 = CARTESIAN_POINT('',(8.,51.,0.));
#1195 = DIRECTION('',(0.,0.,1.));
#1196 = DIRECTION('',(1.,0.,-0.));
#1197 = DEFINITIONAL_REPRESENTATION('',(#1198),#1202);
#1198 = LINE('',#1199,#1200);
#1199 = CARTESIAN_POINT('',(-1.570796326795,0.));
#1200 = VECTOR('',#1201,1.);
#1201 = DIRECTION('',(1.,0.));
#1202 = ( GEOMETRIC_REPRESENTATION_CONTEXT(2) 
PARAMETRIC_REPRESENTATION_CONTEXT() REPRESENTATION_CONTEXT('2D SPACE',''
  ) );
#1203 = ORIENTED_EDGE('',*,*,#1204,.F.);
#1204 = EDGE_CURVE('',#1205,#1176,#1207,.T.);
#1205 = VERTEX_POINT('',#1206);
#1206 = CARTESIAN_POINT('',(-8.,55.,0.));
#1207 = SURFACE_CURVE('',#1208,(#1212,#1219),.PCURVE_S1.);
#1208 = LINE('',#1209,#1210);
#1209 = CARTESIAN_POINT('',(-12.,55.,0.));
#1210 = VECTOR('',#1211,1.);
#1211 = DIRECTION('',(1.,0.,0.));
#1212 = PCURVE('',#100,#1213);
#1213 = DEFINITIONAL_REPRESENTATION('',(#1214),#1218);
#1214 = LINE('',#1215,#1216);
#1215 = CARTESIAN_POINT('',(33.,90.));
#1216 = VECTOR('',#1217,1.);
#1217 = DIRECTION('',(1.,0.));
#1218 = ( GEOMETRIC_REPRESENTATION_CONTEXT(2) 
PARAMETRIC_REPRESENTATION_CONTEXT() REPRESENTATION_CONTEXT('2D SPACE',''
  ) );
#1219 = PCURVE('',#1220,#1225);
#1220 = PLANE('',#1221);
#1221 = AXIS2_PLACEMENT_3D('',#1222,#1223,#1224);
#1222 = CARTESIAN_POINT('',(-12.,55.,0.));
#1223 = DIRECTION('',(0.,1.,0.));
#1224 = DIRECTION('',(0.,0.,1.));
#1225 = DEFINITIONAL_REPRESENTATION('',(#1226),#1230);
#1226 = LINE('',#1227,#1228);
#1227 = CARTESIAN_POINT('',(0.,0.));
#1228 = VECTOR('',#1229,1.);
#1229 = DIRECTION('',(0.,1.));
#1230 = ( GEOMETRIC_REPRESENTATION_CONTEXT(2) 
PARAMETRIC_REPRESENTATION_CONTEXT() REPRESENTATION_CONTEXT('2D SPACE',''
  ) );
#1231 = ORIENTED_EDGE('',*,*,#1232,.F.);
#1232 = EDGE_CURVE('',#1233,#1205,#1235,.T.);
#1233 = VERTEX_POINT('',#1234);
#1234 = CARTESIAN_POINT('',(-12.,51.,0.));
#1235 = SURFACE_CURVE('',#1236,(#1241,#1252),.PCURVE_S1.);
#1236 = CIRCLE('',#1237,4.);
#1237 = AXIS2_PLACEMENT_3D('',#1238,#1239,#1240);
#1238 = CARTESIAN_POINT('',(-8.,51.,0.));
#1239 = DIRECTION('',(-0.,-0.,-1.));
#1240 = DIRECTION('',(0.,-1.,0.));
#1241 = PCURVE('',#100,#1242);
#1242 = DEFINITIONAL_REPRESENTATION('',(#1243),#1251);
#1243 = ( BOUNDED_CURVE() B_SPLINE_CURVE(2,(#1244,#1245,#1246,#1247,
#1248,#1249,#1250),.UNSPECIFIED.,.T.,.F.) B_SPLINE_CURVE_WITH_KNOTS((1,2
    ,2,2,2,1),(-2.094395102393,0.,2.094395102393,4.188790204786,
6.28318530718,8.377580409573),.UNSPECIFIED.) CURVE() 
GEOMETRIC_REPRESENTATION_ITEM() RATIONAL_B_SPLINE_CURVE((1.,0.5,1.,0.5,
1.,0.5,1.)) REPRESENTATION_ITEM('') );
#1244 = CARTESIAN_POINT('',(37.,82.));
#1245 = CARTESIAN_POINT('',(30.071796769724,82.));
#1246 = CARTESIAN_POINT('',(33.535898384862,88.));
#1247 = CARTESIAN_POINT('',(37.,94.));
#1248 = CARTESIAN_POINT('',(40.464101615138,88.));
#1249 = CARTESIAN_POINT('',(43.928203230276,82.));
#1250 = CARTESIAN_POINT('',(37.,82.));
#1251 = ( GEOMETRIC_REPRESENTATION_CONTEXT(2) 
PARAMETRIC_REPRESENTATION_CONTEXT() REPRESENTATION_CONTEXT('2D SPACE',''
  ) );
#1252 = PCURVE('',#1253,#1258);
#1253 = CYLINDRICAL_SURFACE('',#1254,4.);
#1254 = AXIS2_PLACEMENT_3D('',#1255,#1256,#1257);
#1255 = CARTESIAN_POINT('',(-8.,51.,0.));
#1256 = DIRECTION('',(0.,0.,1.));
#1257 = DIRECTION('',(-1.,-0.,0.));
#1258 = DEFINITIONAL_REPRESENTATION('',(#1259),#1263);
#1259 = LINE('',#1260,#1261);
#1260 = CARTESIAN_POINT('',(1.570796326795,-0.));
#1261 = VECTOR('',#1262,1.);
#1262 = DIRECTION('',(-1.,0.));
#1263 = ( GEOMETRIC_REPRESENTATION_CONTEXT(2) 
PARAMETRIC_REPRESENTATION_CONTEXT() REPRESENTATION_CONTEXT('2D SPACE',''
  ) );
#1264 = ORIENTED_EDGE('',*,*,#1265,.F.);
#1265 = EDGE_CURVE('',#1266,#1233,#1268,.T.);
#1266 = VERTEX_POINT('',#1267);
#1267 = CARTESIAN_POINT('',(-12.,35.,0.));
#1268 = SURFACE_CURVE('',#1269,(#1273,#1280),.PCURVE_S1.);
#1269 = LINE('',#1270,#1271);
#1270 = CARTESIAN_POINT('',(-12.,31.,0.));
#1271 = VECTOR('',#1272,1.);
#1272 = DIRECTION('',(0.,1.,0.));
#1273 = PCURVE('',#100,#1274);
#1274 = DEFINITIONAL_REPRESENTATION('',(#1275),#1279);
#1275 = LINE('',#1276,#1277);
#1276 = CARTESIAN_POINT('',(33.,66.));
#1277 = VECTOR('',#1278,1.);
#1278 = DIRECTION('',(0.,1.));
#1279 = ( GEOMETRIC_REPRESENTATION_CONTEXT(2) 
PARAMETRIC_REPRESENTATION_CONTEXT() REPRESENTATION_CONTEXT('2D SPACE',''
  ) );
#1280 = PCURVE('',#1281,#1286);
#1281 = PLANE('',#1282);
#1282 = AXIS2_PLACEMENT_3D('',#1283,#1284,#1285);
#1283 = CARTESIAN_POINT('',(-12.,31.,0.));
#1284 = DIRECTION('',(1.,0.,0.));
#1285 = DIRECTION('',(0.,0.,1.));
#1286 = DEFINITIONAL_REPRESENTATION('',(#1287),#1291);
#1287 = LINE('',#1288,#1289);
#1288 = CARTESIAN_POINT('',(0.,0.));
#1289 = VECTOR('',#1290,1.);
#1290 = DIRECTION('',(0.,-1.));
#1291 = ( GEOMETRIC_REPRESENTATION_CONTEXT(2) 
PARAMETRIC_REPRESENTATION_CONTEXT() REPRESENTATION_CONTEXT('2D SPACE',''
  ) );
#1292 = ORIENTED_EDGE('',*,*,#1293,.F.);
#1293 = EDGE_CURVE('',#971,#1266,#1294,.T.);
#1294 = SURFACE_CURVE('',#1295,(#1299,#1306),.PCURVE_S1.);
#1295 = LINE('',#1296,#1297);
#1296 = CARTESIAN_POINT('',(-45.,35.,0.));
#1297 = VECTOR('',#1298,1.);
#1298 = DIRECTION('',(1.,0.,0.));
#1299 = PCURVE('',#100,#1300);
#1300 = DEFINITIONAL_REPRESENTATION('',(#1301),#1305);
#1301 = LINE('',#1302,#1303);
#1302 = CARTESIAN_POINT('',(0.,70.));
#1303 = VECTOR('',#1304,1.);
#1304 = DIRECTION('',(1.,0.));
#1305 = ( GEOMETRIC_REPRESENTATION_CONTEXT(2) 
PARAMETRIC_REPRESENTATION_CONTEXT() REPRESENTATION_CONTEXT('2D SPACE',''
  ) );
#1306 = PCURVE('',#300,#1307);
#1307 = DEFINITIONAL_REPRESENTATION('',(#1308),#1312);
#1308 = LINE('',#1309,#1310);
#1309 = CARTESIAN_POINT('',(0.,0.));
#1310 = VECTOR('',#1311,1.);
#1311 = DIRECTION('',(0.,1.));
#1312 = ( GEOMETRIC_REPRESENTATION_CONTEXT(2) 
PARAMETRIC_REPRESENTATION_CONTEXT() REPRESENTATION_CONTEXT('2D SPACE',''
  ) );
#1313 = ORIENTED_EDGE('',*,*,#970,.F.);
#1314 = ADVANCED_FACE('',(#1315),#182,.F.);
#1315 = FACE_BOUND('',#1316,.F.);
#1316 = EDGE_LOOP('',(#1317,#1318,#1319,#1320));
#1317 = ORIENTED_EDGE('',*,*,#1026,.F.);
#1318 = ORIENTED_EDGE('',*,*,#944,.T.);
#1319 = ORIENTED_EDGE('',*,*,#166,.T.);
#1320 = ORIENTED_EDGE('',*,*,#1321,.F.);
#1321 = EDGE_CURVE('',#1027,#167,#1322,.T.);
#1322 = SURFACE_CURVE('',#1323,(#1327,#1334),.PCURVE_S1.);
#1323 = LINE('',#1324,#1325);
#1324 = CARTESIAN_POINT('',(40.,-35.,0.));
#1325 = VECTOR('',#1326,1.);
#1326 = DIRECTION('',(0.,0.,1.));
#1327 = PCURVE('',#182,#1328);
#1328 = DEFINITIONAL_REPRESENTATION('',(#1329),#1333);
#1329 = LINE('',#1330,#1331);
#1330 = CARTESIAN_POINT('',(0.,85.));
#1331 = VECTOR('',#1332,1.);
#1332 = DIRECTION('',(1.,0.));
#1333 = ( GEOMETRIC_REPRESENTATION_CONTEXT(2) 
PARAMETRIC_REPRESENTATION_CONTEXT() REPRESENTATION_CONTEXT('2D SPACE',''
  ) );
#1334 = PCURVE('',#215,#1335);
#1335 = DEFINITIONAL_REPRESENTATION('',(#1336),#1340);
#1336 = LINE('',#1337,#1338);
#1337 = CARTESIAN_POINT('',(-1.570796326795,0.));
#1338 = VECTOR('',#1339,1.);
#1339 = DIRECTION('',(-0.,1.));
#1340 = ( GEOMETRIC_REPRESENTATION_CONTEXT(2) 
PARAMETRIC_REPRESENTATION_CONTEXT() REPRESENTATION_CONTEXT('2D SPACE',''
  ) );
#1341 = ADVANCED_FACE('',(#1342),#300,.T.);
#1342 = FACE_BOUND('',#1343,.T.);
#1343 = EDGE_LOOP('',(#1344,#1345,#1346,#1347,#1368,#1369,#1392,#1418));
#1344 = ORIENTED_EDGE('',*,*,#1293,.F.);
#1345 = ORIENTED_EDGE('',*,*,#998,.T.);
#1346 = ORIENTED_EDGE('',*,*,#284,.T.);
#1347 = ORIENTED_EDGE('',*,*,#1348,.F.);
#1348 = EDGE_CURVE('',#1101,#256,#1349,.T.);
#1349 = SURFACE_CURVE('',#1350,(#1354,#1361),.PCURVE_S1.);
#1350 = LINE('',#1351,#1352);
#1351 = CARTESIAN_POINT('',(40.,35.,0.));
#1352 = VECTOR('',#1353,1.);
#1353 = DIRECTION('',(0.,0.,1.));
#1354 = PCURVE('',#300,#1355);
#1355 = DEFINITIONAL_REPRESENTATION('',(#1356),#1360);
#1356 = LINE('',#1357,#1358);
#1357 = CARTESIAN_POINT('',(0.,85.));
#1358 = VECTOR('',#1359,1.);
#1359 = DIRECTION('',(1.,0.));
#1360 = ( GEOMETRIC_REPRESENTATION_CONTEXT(2) 
PARAMETRIC_REPRESENTATION_CONTEXT() REPRESENTATION_CONTEXT('2D SPACE',''
  ) );
#1361 = PCURVE('',#272,#1362);
#1362 = DEFINITIONAL_REPRESENTATION('',(#1363),#1367);
#1363 = LINE('',#1364,#1365);
#1364 = CARTESIAN_POINT('',(1.570796326795,0.));
#1365 = VECTOR('',#1366,1.);
#1366 = DIRECTION('',(0.,1.));
#1367 = ( GEOMETRIC_REPRESENTATION_CONTEXT(2) 
PARAMETRIC_REPRESENTATION_CONTEXT() REPRESENTATION_CONTEXT('2D SPACE',''
  ) );
#1368 = ORIENTED_EDGE('',*,*,#1124,.F.);
#1369 = ORIENTED_EDGE('',*,*,#1370,.T.);
#1370 = EDGE_CURVE('',#1125,#1371,#1373,.T.);
#1371 = VERTEX_POINT('',#1372);
#1372 = CARTESIAN_POINT('',(12.,35.,10.));
#1373 = SURFACE_CURVE('',#1374,(#1378,#1385),.PCURVE_S1.);
#1374 = LINE('',#1375,#1376);
#1375 = CARTESIAN_POINT('',(12.,35.,0.));
#1376 = VECTOR('',#1377,1.);
#1377 = DIRECTION('',(0.,0.,1.));
#1378 = PCURVE('',#300,#1379);
#1379 = DEFINITIONAL_REPRESENTATION('',(#1380),#1384);
#1380 = LINE('',#1381,#1382);
#1381 = CARTESIAN_POINT('',(0.,57.));
#1382 = VECTOR('',#1383,1.);
#1383 = DIRECTION('',(1.,0.));
#1384 = ( GEOMETRIC_REPRESENTATION_CONTEXT(2) 
PARAMETRIC_REPRESENTATION_CONTEXT() REPRESENTATION_CONTEXT('2D SPACE',''
  ) );
#1385 = PCURVE('',#1163,#1386);
#1386 = DEFINITIONAL_REPRESENTATION('',(#1387),#1391);
#1387 = LINE('',#1388,#1389);
#1388 = CARTESIAN_POINT('',(0.,-4.));
#1389 = VECTOR('',#1390,1.);
#1390 = DIRECTION('',(1.,0.));
#1391 = ( GEOMETRIC_REPRESENTATION_CONTEXT(2) 
PARAMETRIC_REPRESENTATION_CONTEXT() REPRESENTATION_CONTEXT('2D SPACE',''
  ) );
#1392 = ORIENTED_EDGE('',*,*,#1393,.F.);
#1393 = EDGE_CURVE('',#1394,#1371,#1396,.T.);
#1394 = VERTEX_POINT('',#1395);
#1395 = CARTESIAN_POINT('',(-12.,35.,10.));
#1396 = SURFACE_CURVE('',#1397,(#1401,#1407),.PCURVE_S1.);
#1397 = LINE('',#1398,#1399);
#1398 = CARTESIAN_POINT('',(-28.5,35.,10.));
#1399 = VECTOR('',#1400,1.);
#1400 = DIRECTION('',(1.,0.,0.));
#1401 = PCURVE('',#300,#1402);
#1402 = DEFINITIONAL_REPRESENTATION('',(#1403),#1406);
#1403 = B_SPLINE_CURVE_WITH_KNOTS('',1,(#1404,#1405),.UNSPECIFIED.,.F.,
  .F.,(2,2),(16.5,40.5),.PIECEWISE_BEZIER_KNOTS.);
#1404 = CARTESIAN_POINT('',(10.,33.));
#1405 = CARTESIAN_POINT('',(10.,57.));
#1406 = ( GEOMETRIC_REPRESENTATION_CONTEXT(2) 
PARAMETRIC_REPRESENTATION_CONTEXT() REPRESENTATION_CONTEXT('2D SPACE',''
  ) );
#1407 = PCURVE('',#1408,#1413);
#1408 = PLANE('',#1409);
#1409 = AXIS2_PLACEMENT_3D('',#1410,#1411,#1412);
#1410 = CARTESIAN_POINT('',(-12.,31.,10.));
#1411 = DIRECTION('',(0.,0.,1.));
#1412 = DIRECTION('',(1.,0.,0.));
#1413 = DEFINITIONAL_REPRESENTATION('',(#1414),#1417);
#1414 = B_SPLINE_CURVE_WITH_KNOTS('',1,(#1415,#1416),.UNSPECIFIED.,.F.,
  .F.,(2,2),(16.5,40.5),.PIECEWISE_BEZIER_KNOTS.);
#1415 = CARTESIAN_POINT('',(0.,4.));
#1416 = CARTESIAN_POINT('',(24.,4.));
#1417 = ( GEOMETRIC_REPRESENTATION_CONTEXT(2) 
PARAMETRIC_REPRESENTATION_CONTEXT() REPRESENTATION_CONTEXT('2D SPACE',''
  ) );
#1418 = ORIENTED_EDGE('',*,*,#1419,.F.);
#1419 = EDGE_CURVE('',#1266,#1394,#1420,.T.);
#1420 = SURFACE_CURVE('',#1421,(#1425,#1432),.PCURVE_S1.);
#1421 = LINE('',#1422,#1423);
#1422 = CARTESIAN_POINT('',(-12.,35.,0.));
#1423 = VECTOR('',#1424,1.);
#1424 = DIRECTION('',(0.,0.,1.));
#1425 = PCURVE('',#300,#1426);
#1426 = DEFINITIONAL_REPRESENTATION('',(#1427),#1431);
#1427 = LINE('',#1428,#1429);
#1428 = CARTESIAN_POINT('',(0.,33.));
#1429 = VECTOR('',#1430,1.);
#1430 = DIRECTION('',(1.,0.));
#1431 = ( GEOMETRIC_REPRESENTATION_CONTEXT(2) 
PARAMETRIC_REPRESENTATION_CONTEXT() REPRESENTATION_CONTEXT('2D SPACE',''
  ) );
#1432 = PCURVE('',#1281,#1433);
#1433 = DEFINITIONAL_REPRESENTATION('',(#1434),#1438);
#1434 = LINE('',#1435,#1436);
#1435 = CARTESIAN_POINT('',(0.,-4.));
#1436 = VECTOR('',#1437,1.);
#1437 = DIRECTION('',(1.,0.));
#1438 = ( GEOMETRIC_REPRESENTATION_CONTEXT(2) 
PARAMETRIC_REPRESENTATION_CONTEXT() REPRESENTATION_CONTEXT('2D SPACE',''
  ) );
#1439 = ADVANCED_FACE('',(#1440),#215,.T.);
#1440 = FACE_BOUND('',#1441,.F.);
#1441 = EDGE_LOOP('',(#1442,#1443,#1444,#1445));
#1442 = ORIENTED_EDGE('',*,*,#1049,.T.);
#1443 = ORIENTED_EDGE('',*,*,#1321,.T.);
#1444 = ORIENTED_EDGE('',*,*,#194,.F.);
#1445 = ORIENTED_EDGE('',*,*,#1446,.F.);
#1446 = EDGE_CURVE('',#1050,#195,#1447,.T.);
#1447 = SURFACE_CURVE('',#1448,(#1452,#1459),.PCURVE_S1.);
#1448 = LINE('',#1449,#1450);
#1449 = CARTESIAN_POINT('',(45.,-30.,0.));
#1450 = VECTOR('',#1451,1.);
#1451 = DIRECTION('',(0.,0.,1.));
#1452 = PCURVE('',#215,#1453);
#1453 = DEFINITIONAL_REPRESENTATION('',(#1454),#1458);
#1454 = LINE('',#1455,#1456);
#1455 = CARTESIAN_POINT('',(-0.,0.));
#1456 = VECTOR('',#1457,1.);
#1457 = DIRECTION('',(-0.,1.));
#1458 = ( GEOMETRIC_REPRESENTATION_CONTEXT(2) 
PARAMETRIC_REPRESENTATION_CONTEXT() REPRESENTATION_CONTEXT('2D SPACE',''
  ) );
#1459 = PCURVE('',#243,#1460);
#1460 = DEFINITIONAL_REPRESENTATION('',(#1461),#1465);
#1461 = LINE('',#1462,#1463);
#1462 = CARTESIAN_POINT('',(0.,-5.));
#1463 = VECTOR('',#1464,1.);
#1464 = DIRECTION('',(1.,0.));
#1465 = ( GEOMETRIC_REPRESENTATION_CONTEXT(2) 
PARAMETRIC_REPRESENTATION_CONTEXT() REPRESENTATION_CONTEXT('2D SPACE',''
  ) );
#1466 = ADVANCED_FACE('',(#1467),#272,.T.);
#1467 = FACE_BOUND('',#1468,.T.);
#1468 = EDGE_LOOP('',(#1469,#1470,#1471,#1472));
#1469 = ORIENTED_EDGE('',*,*,#1100,.T.);
#1470 = ORIENTED_EDGE('',*,*,#1348,.T.);
#1471 = ORIENTED_EDGE('',*,*,#255,.F.);
#1472 = ORIENTED_EDGE('',*,*,#1473,.F.);
#1473 = EDGE_CURVE('',#1078,#228,#1474,.T.);
#1474 = SURFACE_CURVE('',#1475,(#1479,#1486),.PCURVE_S1.);
#1475 = LINE('',#1476,#1477);
#1476 = CARTESIAN_POINT('',(45.,30.,0.));
#1477 = VECTOR('',#1478,1.);
#1478 = DIRECTION('',(0.,0.,1.));
#1479 = PCURVE('',#272,#1480);
#1480 = DEFINITIONAL_REPRESENTATION('',(#1481),#1485);
#1481 = LINE('',#1482,#1483);
#1482 = CARTESIAN_POINT('',(0.,0.));
#1483 = VECTOR('',#1484,1.);
#1484 = DIRECTION('',(0.,1.));
#1485 = ( GEOMETRIC_REPRESENTATION_CONTEXT(2) 
PARAMETRIC_REPRESENTATION_CONTEXT() REPRESENTATION_CONTEXT('2D SPACE',''
  ) );
#1486 = PCURVE('',#243,#1487);
#1487 = DEFINITIONAL_REPRESENTATION('',(#1488),#1492);
#1488 = LINE('',#1489,#1490);
#1489 = CARTESIAN_POINT('',(0.,-65.));
#1490 = VECTOR('',#1491,1.);
#1491 = DIRECTION('',(1.,0.));
#1492 = ( GEOMETRIC_REPRESENTATION_CONTEXT(2) 
PARAMETRIC_REPRESENTATION_CONTEXT() REPRESENTATION_CONTEXT('2D SPACE',''
  ) );
#1493 = ADVANCED_FACE('',(#1494),#243,.T.);
#1494 = FACE_BOUND('',#1495,.T.);
#1495 = EDGE_LOOP('',(#1496,#1497,#1498,#1499));
#1496 = ORIENTED_EDGE('',*,*,#227,.F.);
#1497 = ORIENTED_EDGE('',*,*,#1446,.F.);
#1498 = ORIENTED_EDGE('',*,*,#1077,.T.);
#1499 = ORIENTED_EDGE('',*,*,#1473,.T.);
#1500 = ADVANCED_FACE('',(#1501),#359,.F.);
#1501 = FACE_BOUND('',#1502,.T.);
#1502 = EDGE_LOOP('',(#1503,#1504,#1526,#1527));
#1503 = ORIENTED_EDGE('',*,*,#740,.T.);
#1504 = ORIENTED_EDGE('',*,*,#1505,.F.);
#1505 = EDGE_CURVE('',#341,#574,#1506,.T.);
#1506 = SURFACE_CURVE('',#1507,(#1512,#1519),.PCURVE_S1.);
#1507 = CIRCLE('',#1508,10.8);
#1508 = AXIS2_PLACEMENT_3D('',#1509,#1510,#1511);
#1509 = CARTESIAN_POINT('',(0.783742792463,-5.853752967809,
    25.556685857217));
#1510 = DIRECTION('',(0.90681893547,0.373396032252,0.195588397846));
#1511 = DIRECTION('',(0.283210001942,-0.883384116848,0.373396032252));
#1512 = PCURVE('',#359,#1513);
#1513 = DEFINITIONAL_REPRESENTATION('',(#1514),#1518);
#1514 = LINE('',#1515,#1516);
#1515 = CARTESIAN_POINT('',(-4.712388980385,-1.5));
#1516 = VECTOR('',#1517,1.);
#1517 = DIRECTION('',(-1.,0.));
#1518 = ( GEOMETRIC_REPRESENTATION_CONTEXT(2) 
PARAMETRIC_REPRESENTATION_CONTEXT() REPRESENTATION_CONTEXT('2D SPACE',''
  ) );
#1519 = PCURVE('',#487,#1520);
#1520 = DEFINITIONAL_REPRESENTATION('',(#1521),#1525);
#1521 = LINE('',#1522,#1523);
#1522 = CARTESIAN_POINT('',(-0.,0.));
#1523 = VECTOR('',#1524,1.);
#1524 = DIRECTION('',(-1.,0.));
#1525 = ( GEOMETRIC_REPRESENTATION_CONTEXT(2) 
PARAMETRIC_REPRESENTATION_CONTEXT() REPRESENTATION_CONTEXT('2D SPACE',''
  ) );
#1526 = ORIENTED_EDGE('',*,*,#340,.T.);
#1527 = ORIENTED_EDGE('',*,*,#1528,.T.);
#1528 = EDGE_CURVE('',#343,#741,#1529,.T.);
#1529 = SURFACE_CURVE('',#1530,(#1535,#1542),.PCURVE_S1.);
#1530 = CIRCLE('',#1531,10.8);
#1531 = AXIS2_PLACEMENT_3D('',#1532,#1533,#1534);
#1532 = CARTESIAN_POINT('',(8.582385637502,-2.64254709044,
    27.238746078696));
#1533 = DIRECTION('',(0.90681893547,0.373396032252,0.195588397846));
#1534 = DIRECTION('',(0.283210001942,-0.883384116848,0.373396032252));
#1535 = PCURVE('',#359,#1536);
#1536 = DEFINITIONAL_REPRESENTATION('',(#1537),#1541);
#1537 = LINE('',#1538,#1539);
#1538 = CARTESIAN_POINT('',(-4.712388980385,-10.1));
#1539 = VECTOR('',#1540,1.);
#1540 = DIRECTION('',(-1.,0.));
#1541 = ( GEOMETRIC_REPRESENTATION_CONTEXT(2) 
PARAMETRIC_REPRESENTATION_CONTEXT() REPRESENTATION_CONTEXT('2D SPACE',''
  ) );
#1542 = PCURVE('',#864,#1543);
#1543 = DEFINITIONAL_REPRESENTATION('',(#1544),#1548);
#1544 = LINE('',#1545,#1546);
#1545 = CARTESIAN_POINT('',(0.,0.));
#1546 = VECTOR('',#1547,1.);
#1547 = DIRECTION('',(1.,0.));
#1548 = ( GEOMETRIC_REPRESENTATION_CONTEXT(2) 
PARAMETRIC_REPRESENTATION_CONTEXT() REPRESENTATION_CONTEXT('2D SPACE',''
  ) );
#1549 = ADVANCED_FACE('',(#1550),#864,.F.);
#1550 = FACE_BOUND('',#1551,.F.);
#1551 = EDGE_LOOP('',(#1552,#1553));
#1552 = ORIENTED_EDGE('',*,*,#768,.F.);
#1553 = ORIENTED_EDGE('',*,*,#1528,.T.);
#1554 = ADVANCED_FACE('',(#1555),#487,.F.);
#1555 = FACE_BOUND('',#1556,.T.);
#1556 = EDGE_LOOP('',(#1557,#1558,#1559,#1560));
#1557 = ORIENTED_EDGE('',*,*,#375,.F.);
#1558 = ORIENTED_EDGE('',*,*,#1505,.T.);
#1559 = ORIENTED_EDGE('',*,*,#573,.T.);
#1560 = ORIENTED_EDGE('',*,*,#1561,.F.);
#1561 = EDGE_CURVE('',#376,#548,#1562,.T.);
#1562 = SURFACE_CURVE('',#1563,(#1568,#1575),.PCURVE_S1.);
#1563 = CIRCLE('',#1564,9.3);
#1564 = AXIS2_PLACEMENT_3D('',#1565,#1566,#1567);
#1565 = CARTESIAN_POINT('',(-0.576485610741,-6.413847016188,
    25.263303260447));
#1566 = DIRECTION('',(0.90681893547,0.373396032252,0.195588397846));
#1567 = DIRECTION('',(0.283210001942,-0.883384116848,0.373396032252));
#1568 = PCURVE('',#487,#1569);
#1569 = DEFINITIONAL_REPRESENTATION('',(#1570),#1574);
#1570 = LINE('',#1571,#1572);
#1571 = CARTESIAN_POINT('',(-0.,1.570796326795));
#1572 = VECTOR('',#1573,1.);
#1573 = DIRECTION('',(-1.,0.));
#1574 = ( GEOMETRIC_REPRESENTATION_CONTEXT(2) 
PARAMETRIC_REPRESENTATION_CONTEXT() REPRESENTATION_CONTEXT('2D SPACE',''
  ) );
#1575 = PCURVE('',#562,#1576);
#1576 = DEFINITIONAL_REPRESENTATION('',(#1577),#1581);
#1577 = CIRCLE('',#1578,9.3);
#1578 = AXIS2_PLACEMENT_2D('',#1579,#1580);
#1579 = CARTESIAN_POINT('',(15.,8.881784197001E-16));
#1580 = DIRECTION('',(-1.110223024625E-16,-1.));
#1581 = ( GEOMETRIC_REPRESENTATION_CONTEXT(2) 
PARAMETRIC_REPRESENTATION_CONTEXT() REPRESENTATION_CONTEXT('2D SPACE',''
  ) );
#1582 = ADVANCED_FACE('',(#1583),#562,.T.);
#1583 = FACE_BOUND('',#1584,.T.);
#1584 = EDGE_LOOP('',(#1585,#1586));
#1585 = ORIENTED_EDGE('',*,*,#547,.F.);
#1586 = ORIENTED_EDGE('',*,*,#1561,.T.);
#1587 = ADVANCED_FACE('',(#1588),#1163,.T.);
#1588 = FACE_BOUND('',#1589,.T.);
#1589 = EDGE_LOOP('',(#1590,#1613,#1614,#1615));
#1590 = ORIENTED_EDGE('',*,*,#1591,.F.);
#1591 = EDGE_CURVE('',#1371,#1592,#1594,.T.);
#1592 = VERTEX_POINT('',#1593);
#1593 = CARTESIAN_POINT('',(12.,51.,10.));
#1594 = SURFACE_CURVE('',#1595,(#1599,#1606),.PCURVE_S1.);
#1595 = LINE('',#1596,#1597);
#1596 = CARTESIAN_POINT('',(12.,31.,10.));
#1597 = VECTOR('',#1598,1.);
#1598 = DIRECTION('',(0.,1.,0.));
#1599 = PCURVE('',#1163,#1600);
#1600 = DEFINITIONAL_REPRESENTATION('',(#1601),#1605);
#1601 = LINE('',#1602,#1603);
#1602 = CARTESIAN_POINT('',(10.,0.));
#1603 = VECTOR('',#1604,1.);
#1604 = DIRECTION('',(0.,-1.));
#1605 = ( GEOMETRIC_REPRESENTATION_CONTEXT(2) 
PARAMETRIC_REPRESENTATION_CONTEXT() REPRESENTATION_CONTEXT('2D SPACE',''
  ) );
#1606 = PCURVE('',#1408,#1607);
#1607 = DEFINITIONAL_REPRESENTATION('',(#1608),#1612);
#1608 = LINE('',#1609,#1610);
#1609 = CARTESIAN_POINT('',(24.,0.));
#1610 = VECTOR('',#1611,1.);
#1611 = DIRECTION('',(0.,1.));
#1612 = ( GEOMETRIC_REPRESENTATION_CONTEXT(2) 
PARAMETRIC_REPRESENTATION_CONTEXT() REPRESENTATION_CONTEXT('2D SPACE',''
  ) );
#1613 = ORIENTED_EDGE('',*,*,#1370,.F.);
#1614 = ORIENTED_EDGE('',*,*,#1147,.T.);
#1615 = ORIENTED_EDGE('',*,*,#1616,.T.);
#1616 = EDGE_CURVE('',#1148,#1592,#1617,.T.);
#1617 = SURFACE_CURVE('',#1618,(#1622,#1629),.PCURVE_S1.);
#1618 = LINE('',#1619,#1620);
#1619 = CARTESIAN_POINT('',(12.,51.,0.));
#1620 = VECTOR('',#1621,1.);
#1621 = DIRECTION('',(0.,0.,1.));
#1622 = PCURVE('',#1163,#1623);
#1623 = DEFINITIONAL_REPRESENTATION('',(#1624),#1628);
#1624 = LINE('',#1625,#1626);
#1625 = CARTESIAN_POINT('',(0.,-20.));
#1626 = VECTOR('',#1627,1.);
#1627 = DIRECTION('',(1.,0.));
#1628 = ( GEOMETRIC_REPRESENTATION_CONTEXT(2) 
PARAMETRIC_REPRESENTATION_CONTEXT() REPRESENTATION_CONTEXT('2D SPACE',''
  ) );
#1629 = PCURVE('',#1192,#1630);
#1630 = DEFINITIONAL_REPRESENTATION('',(#1631),#1635);
#1631 = LINE('',#1632,#1633);
#1632 = CARTESIAN_POINT('',(0.,0.));
#1633 = VECTOR('',#1634,1.);
#1634 = DIRECTION('',(0.,1.));
#1635 = ( GEOMETRIC_REPRESENTATION_CONTEXT(2) 
PARAMETRIC_REPRESENTATION_CONTEXT() REPRESENTATION_CONTEXT('2D SPACE',''
  ) );
#1636 = ADVANCED_FACE('',(#1637),#1192,.T.);
#1637 = FACE_BOUND('',#1638,.T.);
#1638 = EDGE_LOOP('',(#1639,#1640,#1663,#1685));
#1639 = ORIENTED_EDGE('',*,*,#1175,.T.);
#1640 = ORIENTED_EDGE('',*,*,#1641,.T.);
#1641 = EDGE_CURVE('',#1176,#1642,#1644,.T.);
#1642 = VERTEX_POINT('',#1643);
#1643 = CARTESIAN_POINT('',(8.,55.,10.));
#1644 = SURFACE_CURVE('',#1645,(#1649,#1656),.PCURVE_S1.);
#1645 = LINE('',#1646,#1647);
#1646 = CARTESIAN_POINT('',(8.,55.,0.));
#1647 = VECTOR('',#1648,1.);
#1648 = DIRECTION('',(0.,0.,1.));
#1649 = PCURVE('',#1192,#1650);
#1650 = DEFINITIONAL_REPRESENTATION('',(#1651),#1655);
#1651 = LINE('',#1652,#1653);
#1652 = CARTESIAN_POINT('',(1.570796326795,0.));
#1653 = VECTOR('',#1654,1.);
#1654 = DIRECTION('',(0.,1.));
#1655 = ( GEOMETRIC_REPRESENTATION_CONTEXT(2) 
PARAMETRIC_REPRESENTATION_CONTEXT() REPRESENTATION_CONTEXT('2D SPACE',''
  ) );
#1656 = PCURVE('',#1220,#1657);
#1657 = DEFINITIONAL_REPRESENTATION('',(#1658),#1662);
#1658 = LINE('',#1659,#1660);
#1659 = CARTESIAN_POINT('',(0.,20.));
#1660 = VECTOR('',#1661,1.);
#1661 = DIRECTION('',(1.,0.));
#1662 = ( GEOMETRIC_REPRESENTATION_CONTEXT(2) 
PARAMETRIC_REPRESENTATION_CONTEXT() REPRESENTATION_CONTEXT('2D SPACE',''
  ) );
#1663 = ORIENTED_EDGE('',*,*,#1664,.F.);
#1664 = EDGE_CURVE('',#1592,#1642,#1665,.T.);
#1665 = SURFACE_CURVE('',#1666,(#1671,#1678),.PCURVE_S1.);
#1666 = CIRCLE('',#1667,4.);
#1667 = AXIS2_PLACEMENT_3D('',#1668,#1669,#1670);
#1668 = CARTESIAN_POINT('',(8.,51.,10.));
#1669 = DIRECTION('',(0.,0.,1.));
#1670 = DIRECTION('',(0.,-1.,0.));
#1671 = PCURVE('',#1192,#1672);
#1672 = DEFINITIONAL_REPRESENTATION('',(#1673),#1677);
#1673 = LINE('',#1674,#1675);
#1674 = CARTESIAN_POINT('',(-1.570796326795,10.));
#1675 = VECTOR('',#1676,1.);
#1676 = DIRECTION('',(1.,0.));
#1677 = ( GEOMETRIC_REPRESENTATION_CONTEXT(2) 
PARAMETRIC_REPRESENTATION_CONTEXT() REPRESENTATION_CONTEXT('2D SPACE',''
  ) );
#1678 = PCURVE('',#1408,#1679);
#1679 = DEFINITIONAL_REPRESENTATION('',(#1680),#1684);
#1680 = CIRCLE('',#1681,4.);
#1681 = AXIS2_PLACEMENT_2D('',#1682,#1683);
#1682 = CARTESIAN_POINT('',(20.,20.));
#1683 = DIRECTION('',(0.,-1.));
#1684 = ( GEOMETRIC_REPRESENTATION_CONTEXT(2) 
PARAMETRIC_REPRESENTATION_CONTEXT() REPRESENTATION_CONTEXT('2D SPACE',''
  ) );
#1685 = ORIENTED_EDGE('',*,*,#1616,.F.);
#1686 = ADVANCED_FACE('',(#1687),#1220,.T.);
#1687 = FACE_BOUND('',#1688,.T.);
#1688 = EDGE_LOOP('',(#1689,#1690,#1713,#1734));
#1689 = ORIENTED_EDGE('',*,*,#1204,.F.);
#1690 = ORIENTED_EDGE('',*,*,#1691,.T.);
#1691 = EDGE_CURVE('',#1205,#1692,#1694,.T.);
#1692 = VERTEX_POINT('',#1693);
#1693 = CARTESIAN_POINT('',(-8.,55.,10.));
#1694 = SURFACE_CURVE('',#1695,(#1699,#1706),.PCURVE_S1.);
#1695 = LINE('',#1696,#1697);
#1696 = CARTESIAN_POINT('',(-8.,55.,0.));
#1697 = VECTOR('',#1698,1.);
#1698 = DIRECTION('',(0.,0.,1.));
#1699 = PCURVE('',#1220,#1700);
#1700 = DEFINITIONAL_REPRESENTATION('',(#1701),#1705);
#1701 = LINE('',#1702,#1703);
#1702 = CARTESIAN_POINT('',(0.,4.));
#1703 = VECTOR('',#1704,1.);
#1704 = DIRECTION('',(1.,0.));
#1705 = ( GEOMETRIC_REPRESENTATION_CONTEXT(2) 
PARAMETRIC_REPRESENTATION_CONTEXT() REPRESENTATION_CONTEXT('2D SPACE',''
  ) );
#1706 = PCURVE('',#1253,#1707);
#1707 = DEFINITIONAL_REPRESENTATION('',(#1708),#1712);
#1708 = LINE('',#1709,#1710);
#1709 = CARTESIAN_POINT('',(-1.570796326795,0.));
#1710 = VECTOR('',#1711,1.);
#1711 = DIRECTION('',(-0.,1.));
#1712 = ( GEOMETRIC_REPRESENTATION_CONTEXT(2) 
PARAMETRIC_REPRESENTATION_CONTEXT() REPRESENTATION_CONTEXT('2D SPACE',''
  ) );
#1713 = ORIENTED_EDGE('',*,*,#1714,.T.);
#1714 = EDGE_CURVE('',#1692,#1642,#1715,.T.);
#1715 = SURFACE_CURVE('',#1716,(#1720,#1727),.PCURVE_S1.);
#1716 = LINE('',#1717,#1718);
#1717 = CARTESIAN_POINT('',(-12.,55.,10.));
#1718 = VECTOR('',#1719,1.);
#1719 = DIRECTION('',(1.,0.,0.));
#1720 = PCURVE('',#1220,#1721);
#1721 = DEFINITIONAL_REPRESENTATION('',(#1722),#1726);
#1722 = LINE('',#1723,#1724);
#1723 = CARTESIAN_POINT('',(10.,0.));
#1724 = VECTOR('',#1725,1.);
#1725 = DIRECTION('',(0.,1.));
#1726 = ( GEOMETRIC_REPRESENTATION_CONTEXT(2) 
PARAMETRIC_REPRESENTATION_CONTEXT() REPRESENTATION_CONTEXT('2D SPACE',''
  ) );
#1727 = PCURVE('',#1408,#1728);
#1728 = DEFINITIONAL_REPRESENTATION('',(#1729),#1733);
#1729 = LINE('',#1730,#1731);
#1730 = CARTESIAN_POINT('',(0.,24.));
#1731 = VECTOR('',#1732,1.);
#1732 = DIRECTION('',(1.,0.));
#1733 = ( GEOMETRIC_REPRESENTATION_CONTEXT(2) 
PARAMETRIC_REPRESENTATION_CONTEXT() REPRESENTATION_CONTEXT('2D SPACE',''
  ) );
#1734 = ORIENTED_EDGE('',*,*,#1641,.F.);
#1735 = ADVANCED_FACE('',(#1736),#1253,.T.);
#1736 = FACE_BOUND('',#1737,.F.);
#1737 = EDGE_LOOP('',(#1738,#1739,#1740,#1768));
#1738 = ORIENTED_EDGE('',*,*,#1232,.T.);
#1739 = ORIENTED_EDGE('',*,*,#1691,.T.);
#1740 = ORIENTED_EDGE('',*,*,#1741,.F.);
#1741 = EDGE_CURVE('',#1742,#1692,#1744,.T.);
#1742 = VERTEX_POINT('',#1743);
#1743 = CARTESIAN_POINT('',(-12.,51.,10.));
#1744 = SURFACE_CURVE('',#1745,(#1750,#1757),.PCURVE_S1.);
#1745 = CIRCLE('',#1746,4.);
#1746 = AXIS2_PLACEMENT_3D('',#1747,#1748,#1749);
#1747 = CARTESIAN_POINT('',(-8.,51.,10.));
#1748 = DIRECTION('',(-0.,-0.,-1.));
#1749 = DIRECTION('',(0.,-1.,0.));
#1750 = PCURVE('',#1253,#1751);
#1751 = DEFINITIONAL_REPRESENTATION('',(#1752),#1756);
#1752 = LINE('',#1753,#1754);
#1753 = CARTESIAN_POINT('',(1.570796326795,10.));
#1754 = VECTOR('',#1755,1.);
#1755 = DIRECTION('',(-1.,0.));
#1756 = ( GEOMETRIC_REPRESENTATION_CONTEXT(2) 
PARAMETRIC_REPRESENTATION_CONTEXT() REPRESENTATION_CONTEXT('2D SPACE',''
  ) );
#1757 = PCURVE('',#1408,#1758);
#1758 = DEFINITIONAL_REPRESENTATION('',(#1759),#1767);
#1759 = ( BOUNDED_CURVE() B_SPLINE_CURVE(2,(#1760,#1761,#1762,#1763,
#1764,#1765,#1766),.UNSPECIFIED.,.T.,.F.) B_SPLINE_CURVE_WITH_KNOTS((1,2
    ,2,2,2,1),(-2.094395102393,0.,2.094395102393,4.188790204786,
6.28318530718,8.377580409573),.UNSPECIFIED.) CURVE() 
GEOMETRIC_REPRESENTATION_ITEM() RATIONAL_B_SPLINE_CURVE((1.,0.5,1.,0.5,
1.,0.5,1.)) REPRESENTATION_ITEM('') );
#1760 = CARTESIAN_POINT('',(4.,16.));
#1761 = CARTESIAN_POINT('',(-2.928203230276,16.));
#1762 = CARTESIAN_POINT('',(0.535898384862,22.));
#1763 = CARTESIAN_POINT('',(4.,28.));
#1764 = CARTESIAN_POINT('',(7.464101615138,22.));
#1765 = CARTESIAN_POINT('',(10.928203230276,16.));
#1766 = CARTESIAN_POINT('',(4.,16.));
#1767 = ( GEOMETRIC_REPRESENTATION_CONTEXT(2) 
PARAMETRIC_REPRESENTATION_CONTEXT() REPRESENTATION_CONTEXT('2D SPACE',''
  ) );
#1768 = ORIENTED_EDGE('',*,*,#1769,.F.);
#1769 = EDGE_CURVE('',#1233,#1742,#1770,.T.);
#1770 = SURFACE_CURVE('',#1771,(#1775,#1782),.PCURVE_S1.);
#1771 = LINE('',#1772,#1773);
#1772 = CARTESIAN_POINT('',(-12.,51.,0.));
#1773 = VECTOR('',#1774,1.);
#1774 = DIRECTION('',(0.,0.,1.));
#1775 = PCURVE('',#1253,#1776);
#1776 = DEFINITIONAL_REPRESENTATION('',(#1777),#1781);
#1777 = LINE('',#1778,#1779);
#1778 = CARTESIAN_POINT('',(-0.,0.));
#1779 = VECTOR('',#1780,1.);
#1780 = DIRECTION('',(-0.,1.));
#1781 = ( GEOMETRIC_REPRESENTATION_CONTEXT(2) 
PARAMETRIC_REPRESENTATION_CONTEXT() REPRESENTATION_CONTEXT('2D SPACE',''
  ) );
#1782 = PCURVE('',#1281,#1783);
#1783 = DEFINITIONAL_REPRESENTATION('',(#1784),#1788);
#1784 = LINE('',#1785,#1786);
#1785 = CARTESIAN_POINT('',(0.,-20.));
#1786 = VECTOR('',#1787,1.);
#1787 = DIRECTION('',(1.,0.));
#1788 = ( GEOMETRIC_REPRESENTATION_CONTEXT(2) 
PARAMETRIC_REPRESENTATION_CONTEXT() REPRESENTATION_CONTEXT('2D SPACE',''
  ) );
#1789 = ADVANCED_FACE('',(#1790),#1281,.F.);
#1790 = FACE_BOUND('',#1791,.F.);
#1791 = EDGE_LOOP('',(#1792,#1813,#1814,#1815));
#1792 = ORIENTED_EDGE('',*,*,#1793,.F.);
#1793 = EDGE_CURVE('',#1394,#1742,#1794,.T.);
#1794 = SURFACE_CURVE('',#1795,(#1799,#1806),.PCURVE_S1.);
#1795 = LINE('',#1796,#1797);
#1796 = CARTESIAN_POINT('',(-12.,31.,10.));
#1797 = VECTOR('',#1798,1.);
#1798 = DIRECTION('',(0.,1.,0.));
#1799 = PCURVE('',#1281,#1800);
#1800 = DEFINITIONAL_REPRESENTATION('',(#1801),#1805);
#1801 = LINE('',#1802,#1803);
#1802 = CARTESIAN_POINT('',(10.,0.));
#1803 = VECTOR('',#1804,1.);
#1804 = DIRECTION('',(0.,-1.));
#1805 = ( GEOMETRIC_REPRESENTATION_CONTEXT(2) 
PARAMETRIC_REPRESENTATION_CONTEXT() REPRESENTATION_CONTEXT('2D SPACE',''
  ) );
#1806 = PCURVE('',#1408,#1807);
#1807 = DEFINITIONAL_REPRESENTATION('',(#1808),#1812);
#1808 = LINE('',#1809,#1810);
#1809 = CARTESIAN_POINT('',(0.,0.));
#1810 = VECTOR('',#1811,1.);
#1811 = DIRECTION('',(0.,1.));
#1812 = ( GEOMETRIC_REPRESENTATION_CONTEXT(2) 
PARAMETRIC_REPRESENTATION_CONTEXT() REPRESENTATION_CONTEXT('2D SPACE',''
  ) );
#1813 = ORIENTED_EDGE('',*,*,#1419,.F.);
#1814 = ORIENTED_EDGE('',*,*,#1265,.T.);
#1815 = ORIENTED_EDGE('',*,*,#1769,.T.);
#1816 = ADVANCED_FACE('',(#1817),#1408,.T.);
#1817 = FACE_BOUND('',#1818,.T.);
#1818 = EDGE_LOOP('',(#1819,#1820,#1821,#1822,#1823,#1824));
#1819 = ORIENTED_EDGE('',*,*,#1793,.F.);
#1820 = ORIENTED_EDGE('',*,*,#1393,.T.);
#1821 = ORIENTED_EDGE('',*,*,#1591,.T.);
#1822 = ORIENTED_EDGE('',*,*,#1664,.T.);
#1823 = ORIENTED_EDGE('',*,*,#1714,.F.);
#1824 = ORIENTED_EDGE('',*,*,#1741,.F.);
#1825 = ( GEOMETRIC_REPRESENTATION_CONTEXT(3) 
GLOBAL_UNCERTAINTY_ASSIGNED_CONTEXT((#1829)) 
GLOBAL_UNIT_ASSIGNED_CONTEXT((#1826,#1827,#1828)) REPRESENTATION_CONTEXT
('Context #1','3D Context with UNIT and UNCERTAINTY') );
#1826 = ( LENGTH_UNIT() NAMED_UNIT(*) SI_UNIT(.MILLI.,.METRE.) );
#1827 = ( NAMED_UNIT(*) PLANE_ANGLE_UNIT() SI_UNIT($,.RADIAN.) );
#1828 = ( NAMED_UNIT(*) SI_UNIT($,.STERADIAN.) SOLID_ANGLE_UNIT() );
#1829 = UNCERTAINTY_MEASURE_WITH_UNIT(LENGTH_MEASURE(2.E-07),#1826,
  'distance_accuracy_value','confusion accuracy');
#1830 = PRODUCT_RELATED_PRODUCT_CATEGORY('part',$,(#7));
ENDSEC;
END-ISO-10303-21;
