ISO-10303-21;
HEADER;
FILE_DESCRIPTION(('Open CASCADE Model'),'2;1');
FILE_NAME('Open CASCADE Shape Model','2026-08-27T23:04:59',('Author'),(
    'Open CASCADE'),'Open CASCADE STEP processor 7.8','Open CASCADE 7.8'
  ,'Unknown');
FILE_SCHEMA(('AUTOMOTIVE_DESIGN { 1 0 10303 214 1 1 1 1 }'));
ENDSEC;
DATA;
#1 = APPLICATION_PROTOCOL_DEFINITION('international standard',
  'automotive_design',2000,#2);
#2 = APPLICATION_CONTEXT(
  'core data for automotive mechanical design processes');
#3 = SHAPE_DEFINITION_REPRESENTATION(#4,#10);
#4 = PRODUCT_DEFINITION_SHAPE('','',#5);
#5 = PRODUCT_DEFINITION('design','',#6,#9);
#6 = PRODUCT_DEFINITION_FORMATION('','',#7);
#7 = PRODUCT('drop_release_released','drop_release_released','',(#8));
#8 = PRODUCT_CONTEXT('',#2,'mechanical');
#9 = PRODUCT_DEFINITION_CONTEXT('part definition',#2,'design');
#10 = SHAPE_REPRESENTATION('',(#11,#15,#19,#23,#27,#31,#35,#39,#43),#47
  );
#11 = AXIS2_PLACEMENT_3D('',#12,#13,#14);
#12 = CARTESIAN_POINT('',(0.,0.,0.));
#13 = DIRECTION('',(0.,0.,1.));
#14 = DIRECTION('',(1.,0.,-0.));
#15 = AXIS2_PLACEMENT_3D('',#16,#17,#18);
#16 = CARTESIAN_POINT('',(0.,0.,0.));
#17 = DIRECTION('',(0.,0.,1.));
#18 = DIRECTION('',(1.,0.,-0.));
#19 = AXIS2_PLACEMENT_3D('',#20,#21,#22);
#20 = CARTESIAN_POINT('',(4.286263797016E-15,70.,8.));
#21 = DIRECTION('',(0.,-0.,1.));
#22 = DIRECTION('',(1.110223024625E-16,1.,0.));
#23 = AXIS2_PLACEMENT_3D('',#24,#25,#26);
#24 = CARTESIAN_POINT('',(4.898587196589E-15,80.,8.5));
#25 = DIRECTION('',(0.,-0.,1.));
#26 = DIRECTION('',(1.110223024625E-16,1.,0.));
#27 = AXIS2_PLACEMENT_3D('',#28,#29,#30);
#28 = CARTESIAN_POINT('',(-60.62177826491,-35.,8.));
#29 = DIRECTION('',(0.,0.,1.));
#30 = DIRECTION('',(-0.866025403784,-0.5,0.));
#31 = AXIS2_PLACEMENT_3D('',#32,#33,#34);
#32 = CARTESIAN_POINT('',(-69.28203230275,-40.,8.5));
#33 = DIRECTION('',(0.,0.,1.));
#34 = DIRECTION('',(-0.866025403784,-0.5,0.));
#35 = AXIS2_PLACEMENT_3D('',#36,#37,#38);
#36 = CARTESIAN_POINT('',(60.621778264911,-35.,8.));
#37 = DIRECTION('',(-0.,0.,1.));
#38 = DIRECTION('',(0.866025403784,-0.5,0.));
#39 = AXIS2_PLACEMENT_3D('',#40,#41,#42);
#40 = CARTESIAN_POINT('',(69.282032302755,-40.,8.5));
#41 = DIRECTION('',(-0.,0.,1.));
#42 = DIRECTION('',(0.866025403784,-0.5,0.));
#43 = AXIS2_PLACEMENT_3D('',#44,#45,#46);
#44 = CARTESIAN_POINT('',(0.,0.,18.));
#45 = DIRECTION('',(0.,0.,1.));
#46 = DIRECTION('',(1.,0.,-0.));
#47 = ( GEOMETRIC_REPRESENTATION_CONTEXT(3) 
GLOBAL_UNCERTAINTY_ASSIGNED_CONTEXT((#51)) GLOBAL_UNIT_ASSIGNED_CONTEXT(
(#48,#49,#50)) REPRESENTATION_CONTEXT('Context #1',
  '3D Context with UNIT and UNCERTAINTY') );
#48 = ( LENGTH_UNIT() NAMED_UNIT(*) SI_UNIT(.MILLI.,.METRE.) );
#49 = ( NAMED_UNIT(*) PLANE_ANGLE_UNIT() SI_UNIT($,.RADIAN.) );
#50 = ( NAMED_UNIT(*) SI_UNIT($,.STERADIAN.) SOLID_ANGLE_UNIT() );
#51 = UNCERTAINTY_MEASURE_WITH_UNIT(LENGTH_MEASURE(1.E-07),#48,
  'distance_accuracy_value','confusion accuracy');
#52 = PRODUCT_RELATED_PRODUCT_CATEGORY('part',$,(#7));
#53 = SHAPE_DEFINITION_REPRESENTATION(#54,#60);
#54 = PRODUCT_DEFINITION_SHAPE('','',#55);
#55 = PRODUCT_DEFINITION('design','',#56,#59);
#56 = PRODUCT_DEFINITION_FORMATION('','',#57);
#57 = PRODUCT('body','body','',(#58));
#58 = PRODUCT_CONTEXT('',#2,'mechanical');
#59 = PRODUCT_DEFINITION_CONTEXT('part definition',#2,'design');
#60 = ADVANCED_BREP_SHAPE_REPRESENTATION('',(#11,#61),#4947);
#61 = MANIFOLD_SOLID_BREP('',#62);
#62 = CLOSED_SHELL('',(#63,#185,#1944,#1993,#3483,#3510,#3537,#3564,
    #3591,#3616,#3641,#3668,#3695,#3722,#3749,#3774,#3799,#3824,#3849,
    #3874,#3899,#3926,#3953,#3980,#3987,#4014,#4041,#4068,#4095,#4122,
    #4149,#4176,#4203,#4230,#4257,#4284,#4327,#4354,#4381,#4408,#4435,
    #4462,#4489,#4516,#4543,#4568,#4593,#4618,#4643,#4670,#4697,#4724,
    #4751,#4758,#4785,#4812,#4839,#4866,#4893,#4920));
#63 = ADVANCED_FACE('',(#64),#79,.T.);
#64 = FACE_BOUND('',#65,.F.);
#65 = EDGE_LOOP('',(#66,#102,#128,#161));
#66 = ORIENTED_EDGE('',*,*,#67,.F.);
#67 = EDGE_CURVE('',#68,#70,#72,.T.);
#68 = VERTEX_POINT('',#69);
#69 = CARTESIAN_POINT('',(-17.,73.047929470998,0.));
#70 = VERTEX_POINT('',#71);
#71 = CARTESIAN_POINT('',(-71.76136261573,-21.80153287116,0.));
#72 = SURFACE_CURVE('',#73,(#78,#90),.PCURVE_S1.);
#73 = CIRCLE('',#74,75.);
#74 = AXIS2_PLACEMENT_3D('',#75,#76,#77);
#75 = CARTESIAN_POINT('',(0.,0.,0.));
#76 = DIRECTION('',(0.,0.,1.));
#77 = DIRECTION('',(-0.226666666667,0.973972392947,0.));
#78 = PCURVE('',#79,#84);
#79 = CYLINDRICAL_SURFACE('',#80,75.);
#80 = AXIS2_PLACEMENT_3D('',#81,#82,#83);
#81 = CARTESIAN_POINT('',(0.,0.,0.));
#82 = DIRECTION('',(-0.,-0.,-1.));
#83 = DIRECTION('',(1.,0.,0.));
#84 = DEFINITIONAL_REPRESENTATION('',(#85),#89);
#85 = LINE('',#86,#87);
#86 = CARTESIAN_POINT('',(-1.799450228454,0.));
#87 = VECTOR('',#88,1.);
#88 = DIRECTION('',(-1.,0.));
#89 = ( GEOMETRIC_REPRESENTATION_CONTEXT(2) 
PARAMETRIC_REPRESENTATION_CONTEXT() REPRESENTATION_CONTEXT('2D SPACE',''
  ) );
#90 = PCURVE('',#91,#96);
#91 = PLANE('',#92);
#92 = AXIS2_PLACEMENT_3D('',#93,#94,#95);
#93 = CARTESIAN_POINT('',(-7.001293478602E-15,1.605911987866E-15,0.));
#94 = DIRECTION('',(0.,0.,1.));
#95 = DIRECTION('',(1.,0.,-0.));
#96 = DEFINITIONAL_REPRESENTATION('',(#97),#101);
#97 = CIRCLE('',#98,75.);
#98 = AXIS2_PLACEMENT_2D('',#99,#100);
#99 = CARTESIAN_POINT('',(7.001293478602E-15,-1.605911987866E-15));
#100 = DIRECTION('',(-0.226666666667,0.973972392947));
#101 = ( GEOMETRIC_REPRESENTATION_CONTEXT(2) 
PARAMETRIC_REPRESENTATION_CONTEXT() REPRESENTATION_CONTEXT('2D SPACE',''
  ) );
#102 = ORIENTED_EDGE('',*,*,#103,.F.);
#103 = EDGE_CURVE('',#104,#68,#106,.T.);
#104 = VERTEX_POINT('',#105);
#105 = CARTESIAN_POINT('',(-17.,73.047929470998,8.));
#106 = SURFACE_CURVE('',#107,(#111,#117),.PCURVE_S1.);
#107 = LINE('',#108,#109);
#108 = CARTESIAN_POINT('',(-17.,73.047929470999,0.));
#109 = VECTOR('',#110,1.);
#110 = DIRECTION('',(-0.,-0.,-1.));
#111 = PCURVE('',#79,#112);
#112 = DEFINITIONAL_REPRESENTATION('',(#113),#116);
#113 = B_SPLINE_CURVE_WITH_KNOTS('',1,(#114,#115),.UNSPECIFIED.,.F.,.F.,
  (2,2),(-8.,0.),.PIECEWISE_BEZIER_KNOTS.);
#114 = CARTESIAN_POINT('',(-1.799450228454,-8.));
#115 = CARTESIAN_POINT('',(-1.799450228454,0.));
#116 = ( GEOMETRIC_REPRESENTATION_CONTEXT(2) 
PARAMETRIC_REPRESENTATION_CONTEXT() REPRESENTATION_CONTEXT('2D SPACE',''
  ) );
#117 = PCURVE('',#118,#123);
#118 = PLANE('',#119);
#119 = AXIS2_PLACEMENT_3D('',#120,#121,#122);
#120 = CARTESIAN_POINT('',(-17.,30.,0.));
#121 = DIRECTION('',(-1.,1.110223024625E-16,0.));
#122 = DIRECTION('',(0.,0.,1.));
#123 = DEFINITIONAL_REPRESENTATION('',(#124),#127);
#124 = B_SPLINE_CURVE_WITH_KNOTS('',1,(#125,#126),.UNSPECIFIED.,.F.,.F.,
  (2,2),(-8.0000006,6.E-07),.PIECEWISE_BEZIER_KNOTS.);
#125 = CARTESIAN_POINT('',(8.0000006,43.047929470999));
#126 = CARTESIAN_POINT('',(-6.E-07,43.047929470999));
#127 = ( GEOMETRIC_REPRESENTATION_CONTEXT(2) 
PARAMETRIC_REPRESENTATION_CONTEXT() REPRESENTATION_CONTEXT('2D SPACE',''
  ) );
#128 = ORIENTED_EDGE('',*,*,#129,.F.);
#129 = EDGE_CURVE('',#130,#104,#132,.T.);
#130 = VERTEX_POINT('',#131);
#131 = CARTESIAN_POINT('',(-71.76136261573,-21.80153287116,8.));
#132 = SURFACE_CURVE('',#133,(#138,#145),.PCURVE_S1.);
#133 = CIRCLE('',#134,75.);
#134 = AXIS2_PLACEMENT_3D('',#135,#136,#137);
#135 = CARTESIAN_POINT('',(0.,0.,8.));
#136 = DIRECTION('',(0.,0.,-1.));
#137 = DIRECTION('',(0.226666666667,0.973972392947,0.));
#138 = PCURVE('',#79,#139);
#139 = DEFINITIONAL_REPRESENTATION('',(#140),#144);
#140 = LINE('',#141,#142);
#141 = CARTESIAN_POINT('',(-7.625327732315,-8.));
#142 = VECTOR('',#143,1.);
#143 = DIRECTION('',(1.,-0.));
#144 = ( GEOMETRIC_REPRESENTATION_CONTEXT(2) 
PARAMETRIC_REPRESENTATION_CONTEXT() REPRESENTATION_CONTEXT('2D SPACE',''
  ) );
#145 = PCURVE('',#146,#151);
#146 = PLANE('',#147);
#147 = AXIS2_PLACEMENT_3D('',#148,#149,#150);
#148 = CARTESIAN_POINT('',(-7.001293478602E-15,1.605911987866E-15,8.));
#149 = DIRECTION('',(0.,0.,1.));
#150 = DIRECTION('',(1.,0.,-0.));
#151 = DEFINITIONAL_REPRESENTATION('',(#152),#160);
#152 = ( BOUNDED_CURVE() B_SPLINE_CURVE(2,(#153,#154,#155,#156,#157,#158
,#159),.UNSPECIFIED.,.T.,.F.) B_SPLINE_CURVE_WITH_KNOTS((1,2,2,2,2,1),(
    -2.094395102393,0.,2.094395102393,4.188790204786,6.28318530718,
8.377580409573),.UNSPECIFIED.) CURVE() GEOMETRIC_REPRESENTATION_ITEM() 
RATIONAL_B_SPLINE_CURVE((1.,0.5,1.,0.5,1.,0.5,1.)) REPRESENTATION_ITEM(
  '') );
#153 = CARTESIAN_POINT('',(16.999999999999,73.047929470999));
#154 = CARTESIAN_POINT('',(143.52272523147,43.60306574233));
#155 = CARTESIAN_POINT('',(54.76136261574,-51.24639659983));
#156 = CARTESIAN_POINT('',(-33.99999999999,-146.0958589419));
#157 = CARTESIAN_POINT('',(-71.76136261573,-21.80153287116));
#158 = CARTESIAN_POINT('',(-109.5227252314,102.49279319966));
#159 = CARTESIAN_POINT('',(16.999999999999,73.047929470999));
#160 = ( GEOMETRIC_REPRESENTATION_CONTEXT(2) 
PARAMETRIC_REPRESENTATION_CONTEXT() REPRESENTATION_CONTEXT('2D SPACE',''
  ) );
#161 = ORIENTED_EDGE('',*,*,#162,.T.);
#162 = EDGE_CURVE('',#130,#70,#163,.T.);
#163 = SURFACE_CURVE('',#164,(#168,#174),.PCURVE_S1.);
#164 = LINE('',#165,#166);
#165 = CARTESIAN_POINT('',(-71.76136261573,-21.80153287116,0.));
#166 = VECTOR('',#167,1.);
#167 = DIRECTION('',(-0.,-0.,-1.));
#168 = PCURVE('',#79,#169);
#169 = DEFINITIONAL_REPRESENTATION('',(#170),#173);
#170 = B_SPLINE_CURVE_WITH_KNOTS('',1,(#171,#172),.UNSPECIFIED.,.F.,.F.,
  (2,2),(-8.0000006,6.E-07),.PIECEWISE_BEZIER_KNOTS.);
#171 = CARTESIAN_POINT('',(-3.436537527529,-8.0000006));
#172 = CARTESIAN_POINT('',(-3.436537527529,6.E-07));
#173 = ( GEOMETRIC_REPRESENTATION_CONTEXT(2) 
PARAMETRIC_REPRESENTATION_CONTEXT() REPRESENTATION_CONTEXT('2D SPACE',''
  ) );
#174 = PCURVE('',#175,#180);
#175 = PLANE('',#176);
#176 = AXIS2_PLACEMENT_3D('',#177,#178,#179);
#177 = CARTESIAN_POINT('',(-34.48076211353,-0.277568135665,0.));
#178 = DIRECTION('',(0.5,-0.866025403784,0.));
#179 = DIRECTION('',(0.,0.,1.));
#180 = DEFINITIONAL_REPRESENTATION('',(#181),#184);
#181 = B_SPLINE_CURVE_WITH_KNOTS('',1,(#182,#183),.UNSPECIFIED.,.F.,.F.,
  (2,2),(-8.0000006,6.E-07),.PIECEWISE_BEZIER_KNOTS.);
#182 = CARTESIAN_POINT('',(8.0000006,43.047929470999));
#183 = CARTESIAN_POINT('',(-6.E-07,43.047929470999));
#184 = ( GEOMETRIC_REPRESENTATION_CONTEXT(2) 
PARAMETRIC_REPRESENTATION_CONTEXT() REPRESENTATION_CONTEXT('2D SPACE',''
  ) );
#185 = ADVANCED_FACE('',(#186,#787,#822,#857,#892,#927,#962,#997,#1032,
    #1067,#1102,#1137,#1172,#1699,#1734,#1769,#1804,#1839,#1874,#1909),
  #91,.F.);
#186 = FACE_BOUND('',#187,.F.);
#187 = EDGE_LOOP('',(#188,#211,#212,#235,#268,#296,#325,#353,#382,#410,
    #439,#467,#496,#524,#557,#585,#614,#642,#671,#699,#732,#760));
#188 = ORIENTED_EDGE('',*,*,#189,.F.);
#189 = EDGE_CURVE('',#68,#190,#192,.T.);
#190 = VERTEX_POINT('',#191);
#191 = CARTESIAN_POINT('',(-17.,106.,0.));
#192 = SURFACE_CURVE('',#193,(#197,#204),.PCURVE_S1.);
#193 = LINE('',#194,#195);
#194 = CARTESIAN_POINT('',(-17.,30.,0.));
#195 = VECTOR('',#196,1.);
#196 = DIRECTION('',(1.110223024625E-16,1.,0.));
#197 = PCURVE('',#91,#198);
#198 = DEFINITIONAL_REPRESENTATION('',(#199),#203);
#199 = LINE('',#200,#201);
#200 = CARTESIAN_POINT('',(-17.,30.));
#201 = VECTOR('',#202,1.);
#202 = DIRECTION('',(1.110223024625E-16,1.));
#203 = ( GEOMETRIC_REPRESENTATION_CONTEXT(2) 
PARAMETRIC_REPRESENTATION_CONTEXT() REPRESENTATION_CONTEXT('2D SPACE',''
  ) );
#204 = PCURVE('',#118,#205);
#205 = DEFINITIONAL_REPRESENTATION('',(#206),#210);
#206 = LINE('',#207,#208);
#207 = CARTESIAN_POINT('',(0.,0.));
#208 = VECTOR('',#209,1.);
#209 = DIRECTION('',(0.,1.));
#210 = ( GEOMETRIC_REPRESENTATION_CONTEXT(2) 
PARAMETRIC_REPRESENTATION_CONTEXT() REPRESENTATION_CONTEXT('2D SPACE',''
  ) );
#211 = ORIENTED_EDGE('',*,*,#67,.T.);
#212 = ORIENTED_EDGE('',*,*,#213,.T.);
#213 = EDGE_CURVE('',#70,#214,#216,.T.);
#214 = VERTEX_POINT('',#215);
#215 = CARTESIAN_POINT('',(-100.2986928011,-38.27756813566,0.));
#216 = SURFACE_CURVE('',#217,(#221,#228),.PCURVE_S1.);
#217 = LINE('',#218,#219);
#218 = CARTESIAN_POINT('',(-34.48076211353,-0.277568135665,0.));
#219 = VECTOR('',#220,1.);
#220 = DIRECTION('',(-0.866025403784,-0.5,0.));
#221 = PCURVE('',#91,#222);
#222 = DEFINITIONAL_REPRESENTATION('',(#223),#227);
#223 = LINE('',#224,#225);
#224 = CARTESIAN_POINT('',(-34.48076211353,-0.277568135665));
#225 = VECTOR('',#226,1.);
#226 = DIRECTION('',(-0.866025403784,-0.5));
#227 = ( GEOMETRIC_REPRESENTATION_CONTEXT(2) 
PARAMETRIC_REPRESENTATION_CONTEXT() REPRESENTATION_CONTEXT('2D SPACE',''
  ) );
#228 = PCURVE('',#175,#229);
#229 = DEFINITIONAL_REPRESENTATION('',(#230),#234);
#230 = LINE('',#231,#232);
#231 = CARTESIAN_POINT('',(0.,0.));
#232 = VECTOR('',#233,1.);
#233 = DIRECTION('',(0.,1.));
#234 = ( GEOMETRIC_REPRESENTATION_CONTEXT(2) 
PARAMETRIC_REPRESENTATION_CONTEXT() REPRESENTATION_CONTEXT('2D SPACE',''
  ) );
#235 = ORIENTED_EDGE('',*,*,#236,.F.);
#236 = EDGE_CURVE('',#237,#214,#239,.T.);
#237 = VERTEX_POINT('',#238);
#238 = CARTESIAN_POINT('',(-101.7627944162,-43.7416697508,0.));
#239 = SURFACE_CURVE('',#240,(#245,#256),.PCURVE_S1.);
#240 = CIRCLE('',#241,4.);
#241 = AXIS2_PLACEMENT_3D('',#242,#243,#244);
#242 = CARTESIAN_POINT('',(-98.29869280115,-41.7416697508,0.));
#243 = DIRECTION('',(0.,0.,-1.));
#244 = DIRECTION('',(-0.5,0.866025403784,0.));
#245 = PCURVE('',#91,#246);
#246 = DEFINITIONAL_REPRESENTATION('',(#247),#255);
#247 = ( BOUNDED_CURVE() B_SPLINE_CURVE(2,(#248,#249,#250,#251,#252,#253
,#254),.UNSPECIFIED.,.T.,.F.) B_SPLINE_CURVE_WITH_KNOTS((1,2,2,2,2,1),(
    -2.094395102393,0.,2.094395102393,4.188790204786,6.28318530718,
8.377580409573),.UNSPECIFIED.) CURVE() GEOMETRIC_REPRESENTATION_ITEM() 
RATIONAL_B_SPLINE_CURVE((1.,0.5,1.,0.5,1.,0.5,1.)) REPRESENTATION_ITEM(
  '') );
#248 = CARTESIAN_POINT('',(-100.2986928011,-38.27756813566));
#249 = CARTESIAN_POINT('',(-94.29869280115,-34.81346652052));
#250 = CARTESIAN_POINT('',(-94.29869280115,-41.7416697508));
#251 = CARTESIAN_POINT('',(-94.29869280115,-48.66987298107));
#252 = CARTESIAN_POINT('',(-100.2986928011,-45.20577136594));
#253 = CARTESIAN_POINT('',(-106.2986928011,-41.7416697508));
#254 = CARTESIAN_POINT('',(-100.2986928011,-38.27756813566));
#255 = ( GEOMETRIC_REPRESENTATION_CONTEXT(2) 
PARAMETRIC_REPRESENTATION_CONTEXT() REPRESENTATION_CONTEXT('2D SPACE',''
  ) );
#256 = PCURVE('',#257,#262);
#257 = CYLINDRICAL_SURFACE('',#258,4.);
#258 = AXIS2_PLACEMENT_3D('',#259,#260,#261);
#259 = CARTESIAN_POINT('',(-98.29869280115,-41.7416697508,0.));
#260 = DIRECTION('',(0.,0.,1.));
#261 = DIRECTION('',(-0.866025403784,-0.5,0.));
#262 = DEFINITIONAL_REPRESENTATION('',(#263),#267);
#263 = LINE('',#264,#265);
#264 = CARTESIAN_POINT('',(4.712388980385,-0.));
#265 = VECTOR('',#266,1.);
#266 = DIRECTION('',(-1.,0.));
#267 = ( GEOMETRIC_REPRESENTATION_CONTEXT(2) 
PARAMETRIC_REPRESENTATION_CONTEXT() REPRESENTATION_CONTEXT('2D SPACE',''
  ) );
#268 = ORIENTED_EDGE('',*,*,#269,.T.);
#269 = EDGE_CURVE('',#237,#270,#272,.T.);
#270 = VERTEX_POINT('',#271);
#271 = CARTESIAN_POINT('',(-88.76279441628,-66.25833024919,0.));
#272 = SURFACE_CURVE('',#273,(#277,#284),.PCURVE_S1.);
#273 = LINE('',#274,#275);
#274 = CARTESIAN_POINT('',(-103.7627944162,-40.27756813566,0.));
#275 = VECTOR('',#276,1.);
#276 = DIRECTION('',(0.5,-0.866025403784,0.));
#277 = PCURVE('',#91,#278);
#278 = DEFINITIONAL_REPRESENTATION('',(#279),#283);
#279 = LINE('',#280,#281);
#280 = CARTESIAN_POINT('',(-103.7627944162,-40.27756813566));
#281 = VECTOR('',#282,1.);
#282 = DIRECTION('',(0.5,-0.866025403784));
#283 = ( GEOMETRIC_REPRESENTATION_CONTEXT(2) 
PARAMETRIC_REPRESENTATION_CONTEXT() REPRESENTATION_CONTEXT('2D SPACE',''
  ) );
#284 = PCURVE('',#285,#290);
#285 = PLANE('',#286);
#286 = AXIS2_PLACEMENT_3D('',#287,#288,#289);
#287 = CARTESIAN_POINT('',(-103.7627944162,-40.27756813566,0.));
#288 = DIRECTION('',(-0.866025403784,-0.5,0.));
#289 = DIRECTION('',(0.,0.,1.));
#290 = DEFINITIONAL_REPRESENTATION('',(#291),#295);
#291 = LINE('',#292,#293);
#292 = CARTESIAN_POINT('',(0.,0.));
#293 = VECTOR('',#294,1.);
#294 = DIRECTION('',(0.,-1.));
#295 = ( GEOMETRIC_REPRESENTATION_CONTEXT(2) 
PARAMETRIC_REPRESENTATION_CONTEXT() REPRESENTATION_CONTEXT('2D SPACE',''
  ) );
#296 = ORIENTED_EDGE('',*,*,#297,.T.);
#297 = EDGE_CURVE('',#270,#298,#300,.T.);
#298 = VERTEX_POINT('',#299);
#299 = CARTESIAN_POINT('',(-83.29869280115,-67.72243186433,0.));
#300 = SURFACE_CURVE('',#301,(#306,#313),.PCURVE_S1.);
#301 = CIRCLE('',#302,4.);
#302 = AXIS2_PLACEMENT_3D('',#303,#304,#305);
#303 = CARTESIAN_POINT('',(-85.29869280115,-64.25833024919,0.));
#304 = DIRECTION('',(0.,0.,1.));
#305 = DIRECTION('',(-0.5,0.866025403784,0.));
#306 = PCURVE('',#91,#307);
#307 = DEFINITIONAL_REPRESENTATION('',(#308),#312);
#308 = CIRCLE('',#309,4.);
#309 = AXIS2_PLACEMENT_2D('',#310,#311);
#310 = CARTESIAN_POINT('',(-85.29869280115,-64.25833024919));
#311 = DIRECTION('',(-0.5,0.866025403784));
#312 = ( GEOMETRIC_REPRESENTATION_CONTEXT(2) 
PARAMETRIC_REPRESENTATION_CONTEXT() REPRESENTATION_CONTEXT('2D SPACE',''
  ) );
#313 = PCURVE('',#314,#319);
#314 = CYLINDRICAL_SURFACE('',#315,4.);
#315 = AXIS2_PLACEMENT_3D('',#316,#317,#318);
#316 = CARTESIAN_POINT('',(-85.29869280115,-64.25833024919,0.));
#317 = DIRECTION('',(0.,0.,1.));
#318 = DIRECTION('',(-0.866025403784,-0.5,0.));
#319 = DEFINITIONAL_REPRESENTATION('',(#320),#324);
#320 = LINE('',#321,#322);
#321 = CARTESIAN_POINT('',(-1.570796326795,0.));
#322 = VECTOR('',#323,1.);
#323 = DIRECTION('',(1.,0.));
#324 = ( GEOMETRIC_REPRESENTATION_CONTEXT(2) 
PARAMETRIC_REPRESENTATION_CONTEXT() REPRESENTATION_CONTEXT('2D SPACE',''
  ) );
#325 = ORIENTED_EDGE('',*,*,#326,.F.);
#326 = EDGE_CURVE('',#327,#298,#329,.T.);
#327 = VERTEX_POINT('',#328);
#328 = CARTESIAN_POINT('',(-60.6187311191,-54.62814988199,0.));
#329 = SURFACE_CURVE('',#330,(#334,#341),.PCURVE_S1.);
#330 = LINE('',#331,#332);
#331 = CARTESIAN_POINT('',(-17.48076211353,-29.72243186433,0.));
#332 = VECTOR('',#333,1.);
#333 = DIRECTION('',(-0.866025403784,-0.5,0.));
#334 = PCURVE('',#91,#335);
#335 = DEFINITIONAL_REPRESENTATION('',(#336),#340);
#336 = LINE('',#337,#338);
#337 = CARTESIAN_POINT('',(-17.48076211353,-29.72243186433));
#338 = VECTOR('',#339,1.);
#339 = DIRECTION('',(-0.866025403784,-0.5));
#340 = ( GEOMETRIC_REPRESENTATION_CONTEXT(2) 
PARAMETRIC_REPRESENTATION_CONTEXT() REPRESENTATION_CONTEXT('2D SPACE',''
  ) );
#341 = PCURVE('',#342,#347);
#342 = PLANE('',#343);
#343 = AXIS2_PLACEMENT_3D('',#344,#345,#346);
#344 = CARTESIAN_POINT('',(-17.48076211353,-29.72243186433,0.));
#345 = DIRECTION('',(0.5,-0.866025403784,0.));
#346 = DIRECTION('',(0.,0.,1.));
#347 = DEFINITIONAL_REPRESENTATION('',(#348),#352);
#348 = LINE('',#349,#350);
#349 = CARTESIAN_POINT('',(0.,0.));
#350 = VECTOR('',#351,1.);
#351 = DIRECTION('',(0.,1.));
#352 = ( GEOMETRIC_REPRESENTATION_CONTEXT(2) 
PARAMETRIC_REPRESENTATION_CONTEXT() REPRESENTATION_CONTEXT('2D SPACE',''
  ) );
#353 = ORIENTED_EDGE('',*,*,#354,.F.);
#354 = EDGE_CURVE('',#355,#327,#357,.T.);
#355 = VERTEX_POINT('',#356);
#356 = CARTESIAN_POINT('',(-57.41458987768,-52.77823807373,0.));
#357 = SURFACE_CURVE('',#358,(#363,#370),.PCURVE_S1.);
#358 = CIRCLE('',#359,2.7);
#359 = AXIS2_PLACEMENT_3D('',#360,#361,#362);
#360 = CARTESIAN_POINT('',(-60.,-52.,0.));
#361 = DIRECTION('',(-0.,0.,1.));
#362 = DIRECTION('',(0.957559304562,-0.288236323607,0.));
#363 = PCURVE('',#91,#364);
#364 = DEFINITIONAL_REPRESENTATION('',(#365),#369);
#365 = CIRCLE('',#366,2.7);
#366 = AXIS2_PLACEMENT_2D('',#367,#368);
#367 = CARTESIAN_POINT('',(-60.,-52.));
#368 = DIRECTION('',(0.957559304562,-0.288236323607));
#369 = ( GEOMETRIC_REPRESENTATION_CONTEXT(2) 
PARAMETRIC_REPRESENTATION_CONTEXT() REPRESENTATION_CONTEXT('2D SPACE',''
  ) );
#370 = PCURVE('',#371,#376);
#371 = CYLINDRICAL_SURFACE('',#372,2.7);
#372 = AXIS2_PLACEMENT_3D('',#373,#374,#375);
#373 = CARTESIAN_POINT('',(-60.,-52.,-1.));
#374 = DIRECTION('',(-0.,-0.,-1.));
#375 = DIRECTION('',(1.,0.,0.));
#376 = DEFINITIONAL_REPRESENTATION('',(#377),#381);
#377 = LINE('',#378,#379);
#378 = CARTESIAN_POINT('',(-5.990800826933,-1.));
#379 = VECTOR('',#380,1.);
#380 = DIRECTION('',(-1.,-0.));
#381 = ( GEOMETRIC_REPRESENTATION_CONTEXT(2) 
PARAMETRIC_REPRESENTATION_CONTEXT() REPRESENTATION_CONTEXT('2D SPACE',''
  ) );
#382 = ORIENTED_EDGE('',*,*,#383,.F.);
#383 = EDGE_CURVE('',#384,#355,#386,.T.);
#384 = VERTEX_POINT('',#385);
#385 = CARTESIAN_POINT('',(-54.76136261574,-51.24639659983,0.));
#386 = SURFACE_CURVE('',#387,(#391,#398),.PCURVE_S1.);
#387 = LINE('',#388,#389);
#388 = CARTESIAN_POINT('',(-17.48076211353,-29.72243186433,0.));
#389 = VECTOR('',#390,1.);
#390 = DIRECTION('',(-0.866025403784,-0.5,0.));
#391 = PCURVE('',#91,#392);
#392 = DEFINITIONAL_REPRESENTATION('',(#393),#397);
#393 = LINE('',#394,#395);
#394 = CARTESIAN_POINT('',(-17.48076211353,-29.72243186433));
#395 = VECTOR('',#396,1.);
#396 = DIRECTION('',(-0.866025403784,-0.5));
#397 = ( GEOMETRIC_REPRESENTATION_CONTEXT(2) 
PARAMETRIC_REPRESENTATION_CONTEXT() REPRESENTATION_CONTEXT('2D SPACE',''
  ) );
#398 = PCURVE('',#399,#404);
#399 = PLANE('',#400);
#400 = AXIS2_PLACEMENT_3D('',#401,#402,#403);
#401 = CARTESIAN_POINT('',(-17.48076211353,-29.72243186433,0.));
#402 = DIRECTION('',(0.5,-0.866025403784,0.));
#403 = DIRECTION('',(0.,0.,1.));
#404 = DEFINITIONAL_REPRESENTATION('',(#405),#409);
#405 = LINE('',#406,#407);
#406 = CARTESIAN_POINT('',(0.,0.));
#407 = VECTOR('',#408,1.);
#408 = DIRECTION('',(0.,1.));
#409 = ( GEOMETRIC_REPRESENTATION_CONTEXT(2) 
PARAMETRIC_REPRESENTATION_CONTEXT() REPRESENTATION_CONTEXT('2D SPACE',''
  ) );
#410 = ORIENTED_EDGE('',*,*,#411,.T.);
#411 = EDGE_CURVE('',#384,#412,#414,.T.);
#412 = VERTEX_POINT('',#413);
#413 = CARTESIAN_POINT('',(54.76136261574,-51.24639659983,0.));
#414 = SURFACE_CURVE('',#415,(#420,#427),.PCURVE_S1.);
#415 = CIRCLE('',#416,75.);
#416 = AXIS2_PLACEMENT_3D('',#417,#418,#419);
#417 = CARTESIAN_POINT('',(0.,0.,0.));
#418 = DIRECTION('',(0.,0.,1.));
#419 = DIRECTION('',(-0.226666666667,0.973972392947,0.));
#420 = PCURVE('',#91,#421);
#421 = DEFINITIONAL_REPRESENTATION('',(#422),#426);
#422 = CIRCLE('',#423,75.);
#423 = AXIS2_PLACEMENT_2D('',#424,#425);
#424 = CARTESIAN_POINT('',(7.001293478602E-15,-1.605911987866E-15));
#425 = DIRECTION('',(-0.226666666667,0.973972392947));
#426 = ( GEOMETRIC_REPRESENTATION_CONTEXT(2) 
PARAMETRIC_REPRESENTATION_CONTEXT() REPRESENTATION_CONTEXT('2D SPACE',''
  ) );
#427 = PCURVE('',#428,#433);
#428 = CYLINDRICAL_SURFACE('',#429,75.);
#429 = AXIS2_PLACEMENT_3D('',#430,#431,#432);
#430 = CARTESIAN_POINT('',(0.,0.,0.));
#431 = DIRECTION('',(-0.,-0.,-1.));
#432 = DIRECTION('',(1.,0.,0.));
#433 = DEFINITIONAL_REPRESENTATION('',(#434),#438);
#434 = LINE('',#435,#436);
#435 = CARTESIAN_POINT('',(-1.799450228454,0.));
#436 = VECTOR('',#437,1.);
#437 = DIRECTION('',(-1.,0.));
#438 = ( GEOMETRIC_REPRESENTATION_CONTEXT(2) 
PARAMETRIC_REPRESENTATION_CONTEXT() REPRESENTATION_CONTEXT('2D SPACE',''
  ) );
#439 = ORIENTED_EDGE('',*,*,#440,.T.);
#440 = EDGE_CURVE('',#412,#441,#443,.T.);
#441 = VERTEX_POINT('',#442);
#442 = CARTESIAN_POINT('',(57.414589877682,-52.77823807373,0.));
#443 = SURFACE_CURVE('',#444,(#448,#455),.PCURVE_S1.);
#444 = LINE('',#445,#446);
#445 = CARTESIAN_POINT('',(17.480762113533,-29.72243186433,0.));
#446 = VECTOR('',#447,1.);
#447 = DIRECTION('',(0.866025403784,-0.5,0.));
#448 = PCURVE('',#91,#449);
#449 = DEFINITIONAL_REPRESENTATION('',(#450),#454);
#450 = LINE('',#451,#452);
#451 = CARTESIAN_POINT('',(17.480762113533,-29.72243186433));
#452 = VECTOR('',#453,1.);
#453 = DIRECTION('',(0.866025403784,-0.5));
#454 = ( GEOMETRIC_REPRESENTATION_CONTEXT(2) 
PARAMETRIC_REPRESENTATION_CONTEXT() REPRESENTATION_CONTEXT('2D SPACE',''
  ) );
#455 = PCURVE('',#456,#461);
#456 = PLANE('',#457);
#457 = AXIS2_PLACEMENT_3D('',#458,#459,#460);
#458 = CARTESIAN_POINT('',(17.480762113533,-29.72243186433,0.));
#459 = DIRECTION('',(0.5,0.866025403784,0.));
#460 = DIRECTION('',(0.,0.,1.));
#461 = DEFINITIONAL_REPRESENTATION('',(#462),#466);
#462 = LINE('',#463,#464);
#463 = CARTESIAN_POINT('',(0.,0.));
#464 = VECTOR('',#465,1.);
#465 = DIRECTION('',(0.,1.));
#466 = ( GEOMETRIC_REPRESENTATION_CONTEXT(2) 
PARAMETRIC_REPRESENTATION_CONTEXT() REPRESENTATION_CONTEXT('2D SPACE',''
  ) );
#467 = ORIENTED_EDGE('',*,*,#468,.F.);
#468 = EDGE_CURVE('',#469,#441,#471,.T.);
#469 = VERTEX_POINT('',#470);
#470 = CARTESIAN_POINT('',(60.618731119108,-54.62814988199,0.));
#471 = SURFACE_CURVE('',#472,(#477,#484),.PCURVE_S1.);
#472 = CIRCLE('',#473,2.7);
#473 = AXIS2_PLACEMENT_3D('',#474,#475,#476);
#474 = CARTESIAN_POINT('',(60.,-52.,0.));
#475 = DIRECTION('',(-0.,0.,1.));
#476 = DIRECTION('',(0.229159673744,-0.973388845185,0.));
#477 = PCURVE('',#91,#478);
#478 = DEFINITIONAL_REPRESENTATION('',(#479),#483);
#479 = CIRCLE('',#480,2.7);
#480 = AXIS2_PLACEMENT_2D('',#481,#482);
#481 = CARTESIAN_POINT('',(60.,-52.));
#482 = DIRECTION('',(0.229159673744,-0.973388845185));
#483 = ( GEOMETRIC_REPRESENTATION_CONTEXT(2) 
PARAMETRIC_REPRESENTATION_CONTEXT() REPRESENTATION_CONTEXT('2D SPACE',''
  ) );
#484 = PCURVE('',#485,#490);
#485 = CYLINDRICAL_SURFACE('',#486,2.7);
#486 = AXIS2_PLACEMENT_3D('',#487,#488,#489);
#487 = CARTESIAN_POINT('',(60.,-52.,-1.));
#488 = DIRECTION('',(-0.,-0.,-1.));
#489 = DIRECTION('',(1.,0.,0.));
#490 = DEFINITIONAL_REPRESENTATION('',(#491),#495);
#491 = LINE('',#492,#493);
#492 = CARTESIAN_POINT('',(-4.943603275736,-1.));
#493 = VECTOR('',#494,1.);
#494 = DIRECTION('',(-1.,-0.));
#495 = ( GEOMETRIC_REPRESENTATION_CONTEXT(2) 
PARAMETRIC_REPRESENTATION_CONTEXT() REPRESENTATION_CONTEXT('2D SPACE',''
  ) );
#496 = ORIENTED_EDGE('',*,*,#497,.T.);
#497 = EDGE_CURVE('',#469,#498,#500,.T.);
#498 = VERTEX_POINT('',#499);
#499 = CARTESIAN_POINT('',(83.29869280115,-67.72243186433,0.));
#500 = SURFACE_CURVE('',#501,(#505,#512),.PCURVE_S1.);
#501 = LINE('',#502,#503);
#502 = CARTESIAN_POINT('',(17.480762113533,-29.72243186433,0.));
#503 = VECTOR('',#504,1.);
#504 = DIRECTION('',(0.866025403784,-0.5,0.));
#505 = PCURVE('',#91,#506);
#506 = DEFINITIONAL_REPRESENTATION('',(#507),#511);
#507 = LINE('',#508,#509);
#508 = CARTESIAN_POINT('',(17.480762113533,-29.72243186433));
#509 = VECTOR('',#510,1.);
#510 = DIRECTION('',(0.866025403784,-0.5));
#511 = ( GEOMETRIC_REPRESENTATION_CONTEXT(2) 
PARAMETRIC_REPRESENTATION_CONTEXT() REPRESENTATION_CONTEXT('2D SPACE',''
  ) );
#512 = PCURVE('',#513,#518);
#513 = PLANE('',#514);
#514 = AXIS2_PLACEMENT_3D('',#515,#516,#517);
#515 = CARTESIAN_POINT('',(17.480762113533,-29.72243186433,0.));
#516 = DIRECTION('',(0.5,0.866025403784,0.));
#517 = DIRECTION('',(0.,0.,1.));
#518 = DEFINITIONAL_REPRESENTATION('',(#519),#523);
#519 = LINE('',#520,#521);
#520 = CARTESIAN_POINT('',(0.,0.));
#521 = VECTOR('',#522,1.);
#522 = DIRECTION('',(0.,1.));
#523 = ( GEOMETRIC_REPRESENTATION_CONTEXT(2) 
PARAMETRIC_REPRESENTATION_CONTEXT() REPRESENTATION_CONTEXT('2D SPACE',''
  ) );
#524 = ORIENTED_EDGE('',*,*,#525,.F.);
#525 = EDGE_CURVE('',#526,#498,#528,.T.);
#526 = VERTEX_POINT('',#527);
#527 = CARTESIAN_POINT('',(88.762794416288,-66.25833024919,0.));
#528 = SURFACE_CURVE('',#529,(#534,#545),.PCURVE_S1.);
#529 = CIRCLE('',#530,4.);
#530 = AXIS2_PLACEMENT_3D('',#531,#532,#533);
#531 = CARTESIAN_POINT('',(85.29869280115,-64.25833024919,0.));
#532 = DIRECTION('',(-0.,0.,-1.));
#533 = DIRECTION('',(-0.5,-0.866025403784,0.));
#534 = PCURVE('',#91,#535);
#535 = DEFINITIONAL_REPRESENTATION('',(#536),#544);
#536 = ( BOUNDED_CURVE() B_SPLINE_CURVE(2,(#537,#538,#539,#540,#541,#542
,#543),.UNSPECIFIED.,.T.,.F.) B_SPLINE_CURVE_WITH_KNOTS((1,2,2,2,2,1),(
    -2.094395102393,0.,2.094395102393,4.188790204786,6.28318530718,
8.377580409573),.UNSPECIFIED.) CURVE() GEOMETRIC_REPRESENTATION_ITEM() 
RATIONAL_B_SPLINE_CURVE((1.,0.5,1.,0.5,1.,0.5,1.)) REPRESENTATION_ITEM(
  '') );
#537 = CARTESIAN_POINT('',(83.29869280115,-67.72243186433));
#538 = CARTESIAN_POINT('',(77.29869280115,-64.25833024919));
#539 = CARTESIAN_POINT('',(83.29869280115,-60.79422863406));
#540 = CARTESIAN_POINT('',(89.29869280115,-57.33012701892));
#541 = CARTESIAN_POINT('',(89.29869280115,-64.25833024919));
#542 = CARTESIAN_POINT('',(89.29869280115,-71.18653347947));
#543 = CARTESIAN_POINT('',(83.29869280115,-67.72243186433));
#544 = ( GEOMETRIC_REPRESENTATION_CONTEXT(2) 
PARAMETRIC_REPRESENTATION_CONTEXT() REPRESENTATION_CONTEXT('2D SPACE',''
  ) );
#545 = PCURVE('',#546,#551);
#546 = CYLINDRICAL_SURFACE('',#547,4.);
#547 = AXIS2_PLACEMENT_3D('',#548,#549,#550);
#548 = CARTESIAN_POINT('',(85.29869280115,-64.25833024919,0.));
#549 = DIRECTION('',(0.,0.,1.));
#550 = DIRECTION('',(0.866025403784,-0.5,0.));
#551 = DEFINITIONAL_REPRESENTATION('',(#552),#556);
#552 = LINE('',#553,#554);
#553 = CARTESIAN_POINT('',(4.712388980385,-0.));
#554 = VECTOR('',#555,1.);
#555 = DIRECTION('',(-1.,0.));
#556 = ( GEOMETRIC_REPRESENTATION_CONTEXT(2) 
PARAMETRIC_REPRESENTATION_CONTEXT() REPRESENTATION_CONTEXT('2D SPACE',''
  ) );
#557 = ORIENTED_EDGE('',*,*,#558,.T.);
#558 = EDGE_CURVE('',#526,#559,#561,.T.);
#559 = VERTEX_POINT('',#560);
#560 = CARTESIAN_POINT('',(101.76279441628,-43.7416697508,0.));
#561 = SURFACE_CURVE('',#562,(#566,#573),.PCURVE_S1.);
#562 = LINE('',#563,#564);
#563 = CARTESIAN_POINT('',(86.762794416288,-69.72243186433,0.));
#564 = VECTOR('',#565,1.);
#565 = DIRECTION('',(0.5,0.866025403784,0.));
#566 = PCURVE('',#91,#567);
#567 = DEFINITIONAL_REPRESENTATION('',(#568),#572);
#568 = LINE('',#569,#570);
#569 = CARTESIAN_POINT('',(86.762794416288,-69.72243186433));
#570 = VECTOR('',#571,1.);
#571 = DIRECTION('',(0.5,0.866025403784));
#572 = ( GEOMETRIC_REPRESENTATION_CONTEXT(2) 
PARAMETRIC_REPRESENTATION_CONTEXT() REPRESENTATION_CONTEXT('2D SPACE',''
  ) );
#573 = PCURVE('',#574,#579);
#574 = PLANE('',#575);
#575 = AXIS2_PLACEMENT_3D('',#576,#577,#578);
#576 = CARTESIAN_POINT('',(86.762794416288,-69.72243186433,0.));
#577 = DIRECTION('',(0.866025403784,-0.5,0.));
#578 = DIRECTION('',(0.,0.,1.));
#579 = DEFINITIONAL_REPRESENTATION('',(#580),#584);
#580 = LINE('',#581,#582);
#581 = CARTESIAN_POINT('',(0.,0.));
#582 = VECTOR('',#583,1.);
#583 = DIRECTION('',(0.,-1.));
#584 = ( GEOMETRIC_REPRESENTATION_CONTEXT(2) 
PARAMETRIC_REPRESENTATION_CONTEXT() REPRESENTATION_CONTEXT('2D SPACE',''
  ) );
#585 = ORIENTED_EDGE('',*,*,#586,.T.);
#586 = EDGE_CURVE('',#559,#587,#589,.T.);
#587 = VERTEX_POINT('',#588);
#588 = CARTESIAN_POINT('',(100.29869280115,-38.27756813566,0.));
#589 = SURFACE_CURVE('',#590,(#595,#602),.PCURVE_S1.);
#590 = CIRCLE('',#591,4.);
#591 = AXIS2_PLACEMENT_3D('',#592,#593,#594);
#592 = CARTESIAN_POINT('',(98.29869280115,-41.7416697508,0.));
#593 = DIRECTION('',(0.,0.,1.));
#594 = DIRECTION('',(-0.5,-0.866025403784,0.));
#595 = PCURVE('',#91,#596);
#596 = DEFINITIONAL_REPRESENTATION('',(#597),#601);
#597 = CIRCLE('',#598,4.);
#598 = AXIS2_PLACEMENT_2D('',#599,#600);
#599 = CARTESIAN_POINT('',(98.29869280115,-41.7416697508));
#600 = DIRECTION('',(-0.5,-0.866025403784));
#601 = ( GEOMETRIC_REPRESENTATION_CONTEXT(2) 
PARAMETRIC_REPRESENTATION_CONTEXT() REPRESENTATION_CONTEXT('2D SPACE',''
  ) );
#602 = PCURVE('',#603,#608);
#603 = CYLINDRICAL_SURFACE('',#604,4.);
#604 = AXIS2_PLACEMENT_3D('',#605,#606,#607);
#605 = CARTESIAN_POINT('',(98.29869280115,-41.7416697508,0.));
#606 = DIRECTION('',(0.,0.,1.));
#607 = DIRECTION('',(0.866025403784,-0.5,0.));
#608 = DEFINITIONAL_REPRESENTATION('',(#609),#613);
#609 = LINE('',#610,#611);
#610 = CARTESIAN_POINT('',(-1.570796326795,0.));
#611 = VECTOR('',#612,1.);
#612 = DIRECTION('',(1.,0.));
#613 = ( GEOMETRIC_REPRESENTATION_CONTEXT(2) 
PARAMETRIC_REPRESENTATION_CONTEXT() REPRESENTATION_CONTEXT('2D SPACE',''
  ) );
#614 = ORIENTED_EDGE('',*,*,#615,.F.);
#615 = EDGE_CURVE('',#616,#587,#618,.T.);
#616 = VERTEX_POINT('',#617);
#617 = CARTESIAN_POINT('',(71.761362615739,-21.80153287116,0.));
#618 = SURFACE_CURVE('',#619,(#623,#630),.PCURVE_S1.);
#619 = LINE('',#620,#621);
#620 = CARTESIAN_POINT('',(34.480762113533,-0.277568135665,0.));
#621 = VECTOR('',#622,1.);
#622 = DIRECTION('',(0.866025403784,-0.5,0.));
#623 = PCURVE('',#91,#624);
#624 = DEFINITIONAL_REPRESENTATION('',(#625),#629);
#625 = LINE('',#626,#627);
#626 = CARTESIAN_POINT('',(34.480762113533,-0.277568135665));
#627 = VECTOR('',#628,1.);
#628 = DIRECTION('',(0.866025403784,-0.5));
#629 = ( GEOMETRIC_REPRESENTATION_CONTEXT(2) 
PARAMETRIC_REPRESENTATION_CONTEXT() REPRESENTATION_CONTEXT('2D SPACE',''
  ) );
#630 = PCURVE('',#631,#636);
#631 = PLANE('',#632);
#632 = AXIS2_PLACEMENT_3D('',#633,#634,#635);
#633 = CARTESIAN_POINT('',(34.480762113533,-0.277568135665,0.));
#634 = DIRECTION('',(0.5,0.866025403784,0.));
#635 = DIRECTION('',(0.,0.,1.));
#636 = DEFINITIONAL_REPRESENTATION('',(#637),#641);
#637 = LINE('',#638,#639);
#638 = CARTESIAN_POINT('',(0.,0.));
#639 = VECTOR('',#640,1.);
#640 = DIRECTION('',(0.,1.));
#641 = ( GEOMETRIC_REPRESENTATION_CONTEXT(2) 
PARAMETRIC_REPRESENTATION_CONTEXT() REPRESENTATION_CONTEXT('2D SPACE',''
  ) );
#642 = ORIENTED_EDGE('',*,*,#643,.T.);
#643 = EDGE_CURVE('',#616,#644,#646,.T.);
#644 = VERTEX_POINT('',#645);
#645 = CARTESIAN_POINT('',(16.999999999999,73.047929470999,0.));
#646 = SURFACE_CURVE('',#647,(#652,#659),.PCURVE_S1.);
#647 = CIRCLE('',#648,75.);
#648 = AXIS2_PLACEMENT_3D('',#649,#650,#651);
#649 = CARTESIAN_POINT('',(0.,0.,0.));
#650 = DIRECTION('',(0.,0.,1.));
#651 = DIRECTION('',(-0.226666666667,0.973972392947,0.));
#652 = PCURVE('',#91,#653);
#653 = DEFINITIONAL_REPRESENTATION('',(#654),#658);
#654 = CIRCLE('',#655,75.);
#655 = AXIS2_PLACEMENT_2D('',#656,#657);
#656 = CARTESIAN_POINT('',(7.001293478602E-15,-1.605911987866E-15));
#657 = DIRECTION('',(-0.226666666667,0.973972392947));
#658 = ( GEOMETRIC_REPRESENTATION_CONTEXT(2) 
PARAMETRIC_REPRESENTATION_CONTEXT() REPRESENTATION_CONTEXT('2D SPACE',''
  ) );
#659 = PCURVE('',#660,#665);
#660 = CYLINDRICAL_SURFACE('',#661,75.);
#661 = AXIS2_PLACEMENT_3D('',#662,#663,#664);
#662 = CARTESIAN_POINT('',(0.,0.,0.));
#663 = DIRECTION('',(-0.,-0.,-1.));
#664 = DIRECTION('',(1.,0.,0.));
#665 = DEFINITIONAL_REPRESENTATION('',(#666),#670);
#666 = LINE('',#667,#668);
#667 = CARTESIAN_POINT('',(-1.799450228454,0.));
#668 = VECTOR('',#669,1.);
#669 = DIRECTION('',(-1.,0.));
#670 = ( GEOMETRIC_REPRESENTATION_CONTEXT(2) 
PARAMETRIC_REPRESENTATION_CONTEXT() REPRESENTATION_CONTEXT('2D SPACE',''
  ) );
#671 = ORIENTED_EDGE('',*,*,#672,.T.);
#672 = EDGE_CURVE('',#644,#673,#675,.T.);
#673 = VERTEX_POINT('',#674);
#674 = CARTESIAN_POINT('',(17.,106.,0.));
#675 = SURFACE_CURVE('',#676,(#680,#687),.PCURVE_S1.);
#676 = LINE('',#677,#678);
#677 = CARTESIAN_POINT('',(17.,30.,0.));
#678 = VECTOR('',#679,1.);
#679 = DIRECTION('',(1.110223024625E-16,1.,0.));
#680 = PCURVE('',#91,#681);
#681 = DEFINITIONAL_REPRESENTATION('',(#682),#686);
#682 = LINE('',#683,#684);
#683 = CARTESIAN_POINT('',(17.,30.));
#684 = VECTOR('',#685,1.);
#685 = DIRECTION('',(1.110223024625E-16,1.));
#686 = ( GEOMETRIC_REPRESENTATION_CONTEXT(2) 
PARAMETRIC_REPRESENTATION_CONTEXT() REPRESENTATION_CONTEXT('2D SPACE',''
  ) );
#687 = PCURVE('',#688,#693);
#688 = PLANE('',#689);
#689 = AXIS2_PLACEMENT_3D('',#690,#691,#692);
#690 = CARTESIAN_POINT('',(17.,30.,0.));
#691 = DIRECTION('',(-1.,1.110223024625E-16,0.));
#692 = DIRECTION('',(0.,0.,1.));
#693 = DEFINITIONAL_REPRESENTATION('',(#694),#698);
#694 = LINE('',#695,#696);
#695 = CARTESIAN_POINT('',(0.,0.));
#696 = VECTOR('',#697,1.);
#697 = DIRECTION('',(0.,1.));
#698 = ( GEOMETRIC_REPRESENTATION_CONTEXT(2) 
PARAMETRIC_REPRESENTATION_CONTEXT() REPRESENTATION_CONTEXT('2D SPACE',''
  ) );
#699 = ORIENTED_EDGE('',*,*,#700,.F.);
#700 = EDGE_CURVE('',#701,#673,#703,.T.);
#701 = VERTEX_POINT('',#702);
#702 = CARTESIAN_POINT('',(13.,110.,0.));
#703 = SURFACE_CURVE('',#704,(#709,#720),.PCURVE_S1.);
#704 = CIRCLE('',#705,4.);
#705 = AXIS2_PLACEMENT_3D('',#706,#707,#708);
#706 = CARTESIAN_POINT('',(13.,106.,0.));
#707 = DIRECTION('',(0.,-0.,-1.));
#708 = DIRECTION('',(1.,-1.110223024625E-16,0.));
#709 = PCURVE('',#91,#710);
#710 = DEFINITIONAL_REPRESENTATION('',(#711),#719);
#711 = ( BOUNDED_CURVE() B_SPLINE_CURVE(2,(#712,#713,#714,#715,#716,#717
,#718),.UNSPECIFIED.,.T.,.F.) B_SPLINE_CURVE_WITH_KNOTS((1,2,2,2,2,1),(
    -2.094395102393,0.,2.094395102393,4.188790204786,6.28318530718,
8.377580409573),.UNSPECIFIED.) CURVE() GEOMETRIC_REPRESENTATION_ITEM() 
RATIONAL_B_SPLINE_CURVE((1.,0.5,1.,0.5,1.,0.5,1.)) REPRESENTATION_ITEM(
  '') );
#712 = CARTESIAN_POINT('',(17.,106.));
#713 = CARTESIAN_POINT('',(17.,99.071796769724));
#714 = CARTESIAN_POINT('',(11.,102.53589838486));
#715 = CARTESIAN_POINT('',(5.,106.));
#716 = CARTESIAN_POINT('',(11.,109.46410161513));
#717 = CARTESIAN_POINT('',(17.,112.92820323027));
#718 = CARTESIAN_POINT('',(17.,106.));
#719 = ( GEOMETRIC_REPRESENTATION_CONTEXT(2) 
PARAMETRIC_REPRESENTATION_CONTEXT() REPRESENTATION_CONTEXT('2D SPACE',''
  ) );
#720 = PCURVE('',#721,#726);
#721 = CYLINDRICAL_SURFACE('',#722,4.);
#722 = AXIS2_PLACEMENT_3D('',#723,#724,#725);
#723 = CARTESIAN_POINT('',(13.,106.,0.));
#724 = DIRECTION('',(0.,0.,1.));
#725 = DIRECTION('',(1.110223024625E-16,1.,0.));
#726 = DEFINITIONAL_REPRESENTATION('',(#727),#731);
#727 = LINE('',#728,#729);
#728 = CARTESIAN_POINT('',(4.712388980385,-0.));
#729 = VECTOR('',#730,1.);
#730 = DIRECTION('',(-1.,0.));
#731 = ( GEOMETRIC_REPRESENTATION_CONTEXT(2) 
PARAMETRIC_REPRESENTATION_CONTEXT() REPRESENTATION_CONTEXT('2D SPACE',''
  ) );
#732 = ORIENTED_EDGE('',*,*,#733,.T.);
#733 = EDGE_CURVE('',#701,#734,#736,.T.);
#734 = VERTEX_POINT('',#735);
#735 = CARTESIAN_POINT('',(-13.,110.,0.));
#736 = SURFACE_CURVE('',#737,(#741,#748),.PCURVE_S1.);
#737 = LINE('',#738,#739);
#738 = CARTESIAN_POINT('',(17.,110.,0.));
#739 = VECTOR('',#740,1.);
#740 = DIRECTION('',(-1.,1.110223024625E-16,0.));
#741 = PCURVE('',#91,#742);
#742 = DEFINITIONAL_REPRESENTATION('',(#743),#747);
#743 = LINE('',#744,#745);
#744 = CARTESIAN_POINT('',(17.,110.));
#745 = VECTOR('',#746,1.);
#746 = DIRECTION('',(-1.,1.110223024625E-16));
#747 = ( GEOMETRIC_REPRESENTATION_CONTEXT(2) 
PARAMETRIC_REPRESENTATION_CONTEXT() REPRESENTATION_CONTEXT('2D SPACE',''
  ) );
#748 = PCURVE('',#749,#754);
#749 = PLANE('',#750);
#750 = AXIS2_PLACEMENT_3D('',#751,#752,#753);
#751 = CARTESIAN_POINT('',(17.,110.,0.));
#752 = DIRECTION('',(1.110223024625E-16,1.,0.));
#753 = DIRECTION('',(0.,0.,1.));
#754 = DEFINITIONAL_REPRESENTATION('',(#755),#759);
#755 = LINE('',#756,#757);
#756 = CARTESIAN_POINT('',(0.,0.));
#757 = VECTOR('',#758,1.);
#758 = DIRECTION('',(0.,-1.));
#759 = ( GEOMETRIC_REPRESENTATION_CONTEXT(2) 
PARAMETRIC_REPRESENTATION_CONTEXT() REPRESENTATION_CONTEXT('2D SPACE',''
  ) );
#760 = ORIENTED_EDGE('',*,*,#761,.T.);
#761 = EDGE_CURVE('',#734,#190,#762,.T.);
#762 = SURFACE_CURVE('',#763,(#768,#775),.PCURVE_S1.);
#763 = CIRCLE('',#764,4.);
#764 = AXIS2_PLACEMENT_3D('',#765,#766,#767);
#765 = CARTESIAN_POINT('',(-13.,106.,0.));
#766 = DIRECTION('',(-0.,0.,1.));
#767 = DIRECTION('',(1.,-1.110223024625E-16,0.));
#768 = PCURVE('',#91,#769);
#769 = DEFINITIONAL_REPRESENTATION('',(#770),#774);
#770 = CIRCLE('',#771,4.);
#771 = AXIS2_PLACEMENT_2D('',#772,#773);
#772 = CARTESIAN_POINT('',(-13.,106.));
#773 = DIRECTION('',(1.,-1.110223024625E-16));
#774 = ( GEOMETRIC_REPRESENTATION_CONTEXT(2) 
PARAMETRIC_REPRESENTATION_CONTEXT() REPRESENTATION_CONTEXT('2D SPACE',''
  ) );
#775 = PCURVE('',#776,#781);
#776 = CYLINDRICAL_SURFACE('',#777,4.);
#777 = AXIS2_PLACEMENT_3D('',#778,#779,#780);
#778 = CARTESIAN_POINT('',(-13.,106.,0.));
#779 = DIRECTION('',(0.,0.,1.));
#780 = DIRECTION('',(1.110223024625E-16,1.,0.));
#781 = DEFINITIONAL_REPRESENTATION('',(#782),#786);
#782 = LINE('',#783,#784);
#783 = CARTESIAN_POINT('',(-1.570796326795,0.));
#784 = VECTOR('',#785,1.);
#785 = DIRECTION('',(1.,0.));
#786 = ( GEOMETRIC_REPRESENTATION_CONTEXT(2) 
PARAMETRIC_REPRESENTATION_CONTEXT() REPRESENTATION_CONTEXT('2D SPACE',''
  ) );
#787 = FACE_BOUND('',#788,.F.);
#788 = EDGE_LOOP('',(#789));
#789 = ORIENTED_EDGE('',*,*,#790,.T.);
#790 = EDGE_CURVE('',#791,#791,#793,.T.);
#791 = VERTEX_POINT('',#792);
#792 = CARTESIAN_POINT('',(-83.23266739736,-62.89230484541,0.));
#793 = SURFACE_CURVE('',#794,(#799,#810),.PCURVE_S1.);
#794 = CIRCLE('',#795,1.7);
#795 = AXIS2_PLACEMENT_3D('',#796,#797,#798);
#796 = CARTESIAN_POINT('',(-84.93266739736,-62.89230484541,0.));
#797 = DIRECTION('',(0.,0.,-1.));
#798 = DIRECTION('',(1.,0.,0.));
#799 = PCURVE('',#91,#800);
#800 = DEFINITIONAL_REPRESENTATION('',(#801),#809);
#801 = ( BOUNDED_CURVE() B_SPLINE_CURVE(2,(#802,#803,#804,#805,#806,#807
,#808),.UNSPECIFIED.,.T.,.F.) B_SPLINE_CURVE_WITH_KNOTS((1,2,2,2,2,1),(
    -2.094395102393,0.,2.094395102393,4.188790204786,6.28318530718,
8.377580409573),.UNSPECIFIED.) CURVE() GEOMETRIC_REPRESENTATION_ITEM() 
RATIONAL_B_SPLINE_CURVE((1.,0.5,1.,0.5,1.,0.5,1.)) REPRESENTATION_ITEM(
  '') );
#802 = CARTESIAN_POINT('',(-83.23266739736,-62.89230484541));
#803 = CARTESIAN_POINT('',(-83.23266739736,-65.83679121828));
#804 = CARTESIAN_POINT('',(-85.78266739736,-64.36454803184));
#805 = CARTESIAN_POINT('',(-88.33266739736,-62.89230484541));
#806 = CARTESIAN_POINT('',(-85.78266739736,-61.42006165898));
#807 = CARTESIAN_POINT('',(-83.23266739736,-59.94781847254));
#808 = CARTESIAN_POINT('',(-83.23266739736,-62.89230484541));
#809 = ( GEOMETRIC_REPRESENTATION_CONTEXT(2) 
PARAMETRIC_REPRESENTATION_CONTEXT() REPRESENTATION_CONTEXT('2D SPACE',''
  ) );
#810 = PCURVE('',#811,#816);
#811 = CYLINDRICAL_SURFACE('',#812,1.7);
#812 = AXIS2_PLACEMENT_3D('',#813,#814,#815);
#813 = CARTESIAN_POINT('',(-84.93266739736,-62.89230484541,-1.));
#814 = DIRECTION('',(-0.,-0.,-1.));
#815 = DIRECTION('',(1.,0.,0.));
#816 = DEFINITIONAL_REPRESENTATION('',(#817),#821);
#817 = LINE('',#818,#819);
#818 = CARTESIAN_POINT('',(-6.28318530718,-1.));
#819 = VECTOR('',#820,1.);
#820 = DIRECTION('',(1.,-0.));
#821 = ( GEOMETRIC_REPRESENTATION_CONTEXT(2) 
PARAMETRIC_REPRESENTATION_CONTEXT() REPRESENTATION_CONTEXT('2D SPACE',''
  ) );
#822 = FACE_BOUND('',#823,.F.);
#823 = EDGE_LOOP('',(#824));
#824 = ORIENTED_EDGE('',*,*,#825,.T.);
#825 = EDGE_CURVE('',#826,#826,#828,.T.);
#826 = VERTEX_POINT('',#827);
#827 = CARTESIAN_POINT('',(-90.96471820493,-53.5,0.));
#828 = SURFACE_CURVE('',#829,(#834,#845),.PCURVE_S1.);
#829 = CIRCLE('',#830,1.7);
#830 = AXIS2_PLACEMENT_3D('',#831,#832,#833);
#831 = CARTESIAN_POINT('',(-92.66471820493,-53.5,0.));
#832 = DIRECTION('',(0.,0.,-1.));
#833 = DIRECTION('',(1.,0.,0.));
#834 = PCURVE('',#91,#835);
#835 = DEFINITIONAL_REPRESENTATION('',(#836),#844);
#836 = ( BOUNDED_CURVE() B_SPLINE_CURVE(2,(#837,#838,#839,#840,#841,#842
,#843),.UNSPECIFIED.,.T.,.F.) B_SPLINE_CURVE_WITH_KNOTS((1,2,2,2,2,1),(
    -2.094395102393,0.,2.094395102393,4.188790204786,6.28318530718,
8.377580409573),.UNSPECIFIED.) CURVE() GEOMETRIC_REPRESENTATION_ITEM() 
RATIONAL_B_SPLINE_CURVE((1.,0.5,1.,0.5,1.,0.5,1.)) REPRESENTATION_ITEM(
  '') );
#837 = CARTESIAN_POINT('',(-90.96471820493,-53.5));
#838 = CARTESIAN_POINT('',(-90.96471820493,-56.44448637286));
#839 = CARTESIAN_POINT('',(-93.51471820493,-54.97224318643));
#840 = CARTESIAN_POINT('',(-96.06471820493,-53.5));
#841 = CARTESIAN_POINT('',(-93.51471820493,-52.02775681356));
#842 = CARTESIAN_POINT('',(-90.96471820493,-50.55551362713));
#843 = CARTESIAN_POINT('',(-90.96471820493,-53.5));
#844 = ( GEOMETRIC_REPRESENTATION_CONTEXT(2) 
PARAMETRIC_REPRESENTATION_CONTEXT() REPRESENTATION_CONTEXT('2D SPACE',''
  ) );
#845 = PCURVE('',#846,#851);
#846 = CYLINDRICAL_SURFACE('',#847,1.7);
#847 = AXIS2_PLACEMENT_3D('',#848,#849,#850);
#848 = CARTESIAN_POINT('',(-92.66471820493,-53.5,-1.));
#849 = DIRECTION('',(-0.,-0.,-1.));
#850 = DIRECTION('',(1.,0.,0.));
#851 = DEFINITIONAL_REPRESENTATION('',(#852),#856);
#852 = LINE('',#853,#854);
#853 = CARTESIAN_POINT('',(-6.28318530718,-1.));
#854 = VECTOR('',#855,1.);
#855 = DIRECTION('',(1.,-0.));
#856 = ( GEOMETRIC_REPRESENTATION_CONTEXT(2) 
PARAMETRIC_REPRESENTATION_CONTEXT() REPRESENTATION_CONTEXT('2D SPACE',''
  ) );
#857 = FACE_BOUND('',#858,.F.);
#858 = EDGE_LOOP('',(#859));
#859 = ORIENTED_EDGE('',*,*,#860,.T.);
#860 = EDGE_CURVE('',#861,#861,#863,.T.);
#861 = VERTEX_POINT('',#862);
#862 = CARTESIAN_POINT('',(-95.23266739736,-42.10769515458,0.));
#863 = SURFACE_CURVE('',#864,(#869,#880),.PCURVE_S1.);
#864 = CIRCLE('',#865,1.7);
#865 = AXIS2_PLACEMENT_3D('',#866,#867,#868);
#866 = CARTESIAN_POINT('',(-96.93266739736,-42.10769515458,0.));
#867 = DIRECTION('',(0.,0.,-1.));
#868 = DIRECTION('',(1.,0.,0.));
#869 = PCURVE('',#91,#870);
#870 = DEFINITIONAL_REPRESENTATION('',(#871),#879);
#871 = ( BOUNDED_CURVE() B_SPLINE_CURVE(2,(#872,#873,#874,#875,#876,#877
,#878),.UNSPECIFIED.,.T.,.F.) B_SPLINE_CURVE_WITH_KNOTS((1,2,2,2,2,1),(
    -2.094395102393,0.,2.094395102393,4.188790204786,6.28318530718,
8.377580409573),.UNSPECIFIED.) CURVE() GEOMETRIC_REPRESENTATION_ITEM() 
RATIONAL_B_SPLINE_CURVE((1.,0.5,1.,0.5,1.,0.5,1.)) REPRESENTATION_ITEM(
  '') );
#872 = CARTESIAN_POINT('',(-95.23266739736,-42.10769515458));
#873 = CARTESIAN_POINT('',(-95.23266739736,-45.05218152745));
#874 = CARTESIAN_POINT('',(-97.78266739736,-43.57993834102));
#875 = CARTESIAN_POINT('',(-100.3326673973,-42.10769515458));
#876 = CARTESIAN_POINT('',(-97.78266739736,-40.63545196815));
#877 = CARTESIAN_POINT('',(-95.23266739736,-39.16320878172));
#878 = CARTESIAN_POINT('',(-95.23266739736,-42.10769515458));
#879 = ( GEOMETRIC_REPRESENTATION_CONTEXT(2) 
PARAMETRIC_REPRESENTATION_CONTEXT() REPRESENTATION_CONTEXT('2D SPACE',''
  ) );
#880 = PCURVE('',#881,#886);
#881 = CYLINDRICAL_SURFACE('',#882,1.7);
#882 = AXIS2_PLACEMENT_3D('',#883,#884,#885);
#883 = CARTESIAN_POINT('',(-96.93266739736,-42.10769515458,-1.));
#884 = DIRECTION('',(-0.,-0.,-1.));
#885 = DIRECTION('',(1.,0.,0.));
#886 = DEFINITIONAL_REPRESENTATION('',(#887),#891);
#887 = LINE('',#888,#889);
#888 = CARTESIAN_POINT('',(-6.28318530718,-1.));
#889 = VECTOR('',#890,1.);
#890 = DIRECTION('',(1.,-0.));
#891 = ( GEOMETRIC_REPRESENTATION_CONTEXT(2) 
PARAMETRIC_REPRESENTATION_CONTEXT() REPRESENTATION_CONTEXT('2D SPACE',''
  ) );
#892 = FACE_BOUND('',#893,.F.);
#893 = EDGE_LOOP('',(#894));
#894 = ORIENTED_EDGE('',*,*,#895,.T.);
#895 = EDGE_CURVE('',#896,#896,#898,.T.);
#896 = VERTEX_POINT('',#897);
#897 = CARTESIAN_POINT('',(-22.61088913245,-27.89230484541,0.));
#898 = SURFACE_CURVE('',#899,(#904,#915),.PCURVE_S1.);
#899 = CIRCLE('',#900,1.7);
#900 = AXIS2_PLACEMENT_3D('',#901,#902,#903);
#901 = CARTESIAN_POINT('',(-24.31088913245,-27.89230484541,0.));
#902 = DIRECTION('',(0.,0.,-1.));
#903 = DIRECTION('',(1.,0.,0.));
#904 = PCURVE('',#91,#905);
#905 = DEFINITIONAL_REPRESENTATION('',(#906),#914);
#906 = ( BOUNDED_CURVE() B_SPLINE_CURVE(2,(#907,#908,#909,#910,#911,#912
,#913),.UNSPECIFIED.,.T.,.F.) B_SPLINE_CURVE_WITH_KNOTS((1,2,2,2,2,1),(
    -2.094395102393,0.,2.094395102393,4.188790204786,6.28318530718,
8.377580409573),.UNSPECIFIED.) CURVE() GEOMETRIC_REPRESENTATION_ITEM() 
RATIONAL_B_SPLINE_CURVE((1.,0.5,1.,0.5,1.,0.5,1.)) REPRESENTATION_ITEM(
  '') );
#907 = CARTESIAN_POINT('',(-22.61088913245,-27.89230484541));
#908 = CARTESIAN_POINT('',(-22.61088913245,-30.83679121828));
#909 = CARTESIAN_POINT('',(-25.16088913245,-29.36454803184));
#910 = CARTESIAN_POINT('',(-27.71088913245,-27.89230484541));
#911 = CARTESIAN_POINT('',(-25.16088913245,-26.42006165898));
#912 = CARTESIAN_POINT('',(-22.61088913245,-24.94781847254));
#913 = CARTESIAN_POINT('',(-22.61088913245,-27.89230484541));
#914 = ( GEOMETRIC_REPRESENTATION_CONTEXT(2) 
PARAMETRIC_REPRESENTATION_CONTEXT() REPRESENTATION_CONTEXT('2D SPACE',''
  ) );
#915 = PCURVE('',#916,#921);
#916 = CYLINDRICAL_SURFACE('',#917,1.7);
#917 = AXIS2_PLACEMENT_3D('',#918,#919,#920);
#918 = CARTESIAN_POINT('',(-24.31088913245,-27.89230484541,-1.));
#919 = DIRECTION('',(-0.,-0.,-1.));
#920 = DIRECTION('',(1.,0.,0.));
#921 = DEFINITIONAL_REPRESENTATION('',(#922),#926);
#922 = LINE('',#923,#924);
#923 = CARTESIAN_POINT('',(-6.28318530718,-1.));
#924 = VECTOR('',#925,1.);
#925 = DIRECTION('',(1.,-0.));
#926 = ( GEOMETRIC_REPRESENTATION_CONTEXT(2) 
PARAMETRIC_REPRESENTATION_CONTEXT() REPRESENTATION_CONTEXT('2D SPACE',''
  ) );
#927 = FACE_BOUND('',#928,.F.);
#928 = EDGE_LOOP('',(#929));
#929 = ORIENTED_EDGE('',*,*,#930,.T.);
#930 = EDGE_CURVE('',#931,#931,#933,.T.);
#931 = VERTEX_POINT('',#932);
#932 = CARTESIAN_POINT('',(-34.61088913245,-7.107695154587,0.));
#933 = SURFACE_CURVE('',#934,(#939,#950),.PCURVE_S1.);
#934 = CIRCLE('',#935,1.7);
#935 = AXIS2_PLACEMENT_3D('',#936,#937,#938);
#936 = CARTESIAN_POINT('',(-36.31088913245,-7.107695154587,0.));
#937 = DIRECTION('',(0.,0.,-1.));
#938 = DIRECTION('',(1.,0.,0.));
#939 = PCURVE('',#91,#940);
#940 = DEFINITIONAL_REPRESENTATION('',(#941),#949);
#941 = ( BOUNDED_CURVE() B_SPLINE_CURVE(2,(#942,#943,#944,#945,#946,#947
,#948),.UNSPECIFIED.,.T.,.F.) B_SPLINE_CURVE_WITH_KNOTS((1,2,2,2,2,1),(
    -2.094395102393,0.,2.094395102393,4.188790204786,6.28318530718,
8.377580409573),.UNSPECIFIED.) CURVE() GEOMETRIC_REPRESENTATION_ITEM() 
RATIONAL_B_SPLINE_CURVE((1.,0.5,1.,0.5,1.,0.5,1.)) REPRESENTATION_ITEM(
  '') );
#942 = CARTESIAN_POINT('',(-34.61088913245,-7.107695154587));
#943 = CARTESIAN_POINT('',(-34.61088913245,-10.05218152745));
#944 = CARTESIAN_POINT('',(-37.16088913245,-8.57993834102));
#945 = CARTESIAN_POINT('',(-39.71088913245,-7.107695154587));
#946 = CARTESIAN_POINT('',(-37.16088913245,-5.635451968153));
#947 = CARTESIAN_POINT('',(-34.61088913245,-4.16320878172));
#948 = CARTESIAN_POINT('',(-34.61088913245,-7.107695154587));
#949 = ( GEOMETRIC_REPRESENTATION_CONTEXT(2) 
PARAMETRIC_REPRESENTATION_CONTEXT() REPRESENTATION_CONTEXT('2D SPACE',''
  ) );
#950 = PCURVE('',#951,#956);
#951 = CYLINDRICAL_SURFACE('',#952,1.7);
#952 = AXIS2_PLACEMENT_3D('',#953,#954,#955);
#953 = CARTESIAN_POINT('',(-36.31088913245,-7.107695154587,-1.));
#954 = DIRECTION('',(-0.,-0.,-1.));
#955 = DIRECTION('',(1.,0.,0.));
#956 = DEFINITIONAL_REPRESENTATION('',(#957),#961);
#957 = LINE('',#958,#959);
#958 = CARTESIAN_POINT('',(-6.28318530718,-1.));
#959 = VECTOR('',#960,1.);
#960 = DIRECTION('',(1.,-0.));
#961 = ( GEOMETRIC_REPRESENTATION_CONTEXT(2) 
PARAMETRIC_REPRESENTATION_CONTEXT() REPRESENTATION_CONTEXT('2D SPACE',''
  ) );
#962 = FACE_BOUND('',#963,.F.);
#963 = EDGE_LOOP('',(#964));
#964 = ORIENTED_EDGE('',*,*,#965,.T.);
#965 = EDGE_CURVE('',#966,#966,#968,.T.);
#966 = VERTEX_POINT('',#967);
#967 = CARTESIAN_POINT('',(2.15,-67.,0.));
#968 = SURFACE_CURVE('',#969,(#974,#985),.PCURVE_S1.);
#969 = CIRCLE('',#970,2.15);
#970 = AXIS2_PLACEMENT_3D('',#971,#972,#973);
#971 = CARTESIAN_POINT('',(-1.230770033143E-14,-67.,0.));
#972 = DIRECTION('',(0.,0.,-1.));
#973 = DIRECTION('',(1.,0.,0.));
#974 = PCURVE('',#91,#975);
#975 = DEFINITIONAL_REPRESENTATION('',(#976),#984);
#976 = ( BOUNDED_CURVE() B_SPLINE_CURVE(2,(#977,#978,#979,#980,#981,#982
,#983),.UNSPECIFIED.,.T.,.F.) B_SPLINE_CURVE_WITH_KNOTS((1,2,2,2,2,1),(
    -2.094395102393,0.,2.094395102393,4.188790204786,6.28318530718,
8.377580409573),.UNSPECIFIED.) CURVE() GEOMETRIC_REPRESENTATION_ITEM() 
RATIONAL_B_SPLINE_CURVE((1.,0.5,1.,0.5,1.,0.5,1.)) REPRESENTATION_ITEM(
  '') );
#977 = CARTESIAN_POINT('',(2.15,-67.));
#978 = CARTESIAN_POINT('',(2.15,-70.72390923627));
#979 = CARTESIAN_POINT('',(-1.075,-68.86195461813));
#980 = CARTESIAN_POINT('',(-4.3,-67.));
#981 = CARTESIAN_POINT('',(-1.075,-65.13804538186));
#982 = CARTESIAN_POINT('',(2.15,-63.27609076372));
#983 = CARTESIAN_POINT('',(2.15,-67.));
#984 = ( GEOMETRIC_REPRESENTATION_CONTEXT(2) 
PARAMETRIC_REPRESENTATION_CONTEXT() REPRESENTATION_CONTEXT('2D SPACE',''
  ) );
#985 = PCURVE('',#986,#991);
#986 = CYLINDRICAL_SURFACE('',#987,2.15);
#987 = AXIS2_PLACEMENT_3D('',#988,#989,#990);
#988 = CARTESIAN_POINT('',(-1.230770033143E-14,-67.,-1.));
#989 = DIRECTION('',(-0.,-0.,-1.));
#990 = DIRECTION('',(1.,0.,0.));
#991 = DEFINITIONAL_REPRESENTATION('',(#992),#996);
#992 = LINE('',#993,#994);
#993 = CARTESIAN_POINT('',(-6.28318530718,-1.));
#994 = VECTOR('',#995,1.);
#995 = DIRECTION('',(1.,-0.));
#996 = ( GEOMETRIC_REPRESENTATION_CONTEXT(2) 
PARAMETRIC_REPRESENTATION_CONTEXT() REPRESENTATION_CONTEXT('2D SPACE',''
  ) );
#997 = FACE_BOUND('',#998,.F.);
#998 = EDGE_LOOP('',(#999));
#999 = ORIENTED_EDGE('',*,*,#1000,.T.);
#1000 = EDGE_CURVE('',#1001,#1001,#1003,.T.);
#1001 = VERTEX_POINT('',#1002);
#1002 = CARTESIAN_POINT('',(26.010889132455,-27.89230484541,0.));
#1003 = SURFACE_CURVE('',#1004,(#1009,#1020),.PCURVE_S1.);
#1004 = CIRCLE('',#1005,1.7);
#1005 = AXIS2_PLACEMENT_3D('',#1006,#1007,#1008);
#1006 = CARTESIAN_POINT('',(24.310889132455,-27.89230484541,0.));
#1007 = DIRECTION('',(0.,0.,-1.));
#1008 = DIRECTION('',(1.,0.,0.));
#1009 = PCURVE('',#91,#1010);
#1010 = DEFINITIONAL_REPRESENTATION('',(#1011),#1019);
#1011 = ( BOUNDED_CURVE() B_SPLINE_CURVE(2,(#1012,#1013,#1014,#1015,
#1016,#1017,#1018),.UNSPECIFIED.,.T.,.F.) B_SPLINE_CURVE_WITH_KNOTS((1,2
    ,2,2,2,1),(-2.094395102393,0.,2.094395102393,4.188790204786,
6.28318530718,8.377580409573),.UNSPECIFIED.) CURVE() 
GEOMETRIC_REPRESENTATION_ITEM() RATIONAL_B_SPLINE_CURVE((1.,0.5,1.,0.5,
1.,0.5,1.)) REPRESENTATION_ITEM('') );
#1012 = CARTESIAN_POINT('',(26.010889132455,-27.89230484541));
#1013 = CARTESIAN_POINT('',(26.010889132455,-30.83679121828));
#1014 = CARTESIAN_POINT('',(23.460889132455,-29.36454803184));
#1015 = CARTESIAN_POINT('',(20.910889132455,-27.89230484541));
#1016 = CARTESIAN_POINT('',(23.460889132455,-26.42006165898));
#1017 = CARTESIAN_POINT('',(26.010889132455,-24.94781847254));
#1018 = CARTESIAN_POINT('',(26.010889132455,-27.89230484541));
#1019 = ( GEOMETRIC_REPRESENTATION_CONTEXT(2) 
PARAMETRIC_REPRESENTATION_CONTEXT() REPRESENTATION_CONTEXT('2D SPACE',''
  ) );
#1020 = PCURVE('',#1021,#1026);
#1021 = CYLINDRICAL_SURFACE('',#1022,1.7);
#1022 = AXIS2_PLACEMENT_3D('',#1023,#1024,#1025);
#1023 = CARTESIAN_POINT('',(24.310889132455,-27.89230484541,-1.));
#1024 = DIRECTION('',(-0.,-0.,-1.));
#1025 = DIRECTION('',(1.,0.,0.));
#1026 = DEFINITIONAL_REPRESENTATION('',(#1027),#1031);
#1027 = LINE('',#1028,#1029);
#1028 = CARTESIAN_POINT('',(-6.28318530718,-1.));
#1029 = VECTOR('',#1030,1.);
#1030 = DIRECTION('',(1.,-0.));
#1031 = ( GEOMETRIC_REPRESENTATION_CONTEXT(2) 
PARAMETRIC_REPRESENTATION_CONTEXT() REPRESENTATION_CONTEXT('2D SPACE',''
  ) );
#1032 = FACE_BOUND('',#1033,.F.);
#1033 = EDGE_LOOP('',(#1034));
#1034 = ORIENTED_EDGE('',*,*,#1035,.T.);
#1035 = EDGE_CURVE('',#1036,#1036,#1038,.T.);
#1036 = VERTEX_POINT('',#1037);
#1037 = CARTESIAN_POINT('',(86.632667397366,-62.89230484541,0.));
#1038 = SURFACE_CURVE('',#1039,(#1044,#1055),.PCURVE_S1.);
#1039 = CIRCLE('',#1040,1.7);
#1040 = AXIS2_PLACEMENT_3D('',#1041,#1042,#1043);
#1041 = CARTESIAN_POINT('',(84.932667397366,-62.89230484541,0.));
#1042 = DIRECTION('',(0.,0.,-1.));
#1043 = DIRECTION('',(1.,0.,0.));
#1044 = PCURVE('',#91,#1045);
#1045 = DEFINITIONAL_REPRESENTATION('',(#1046),#1054);
#1046 = ( BOUNDED_CURVE() B_SPLINE_CURVE(2,(#1047,#1048,#1049,#1050,
#1051,#1052,#1053),.UNSPECIFIED.,.T.,.F.) B_SPLINE_CURVE_WITH_KNOTS((1,2
    ,2,2,2,1),(-2.094395102393,0.,2.094395102393,4.188790204786,
6.28318530718,8.377580409573),.UNSPECIFIED.) CURVE() 
GEOMETRIC_REPRESENTATION_ITEM() RATIONAL_B_SPLINE_CURVE((1.,0.5,1.,0.5,
1.,0.5,1.)) REPRESENTATION_ITEM('') );
#1047 = CARTESIAN_POINT('',(86.632667397366,-62.89230484541));
#1048 = CARTESIAN_POINT('',(86.632667397366,-65.83679121828));
#1049 = CARTESIAN_POINT('',(84.082667397366,-64.36454803184));
#1050 = CARTESIAN_POINT('',(81.532667397366,-62.89230484541));
#1051 = CARTESIAN_POINT('',(84.082667397366,-61.42006165898));
#1052 = CARTESIAN_POINT('',(86.632667397366,-59.94781847254));
#1053 = CARTESIAN_POINT('',(86.632667397366,-62.89230484541));
#1054 = ( GEOMETRIC_REPRESENTATION_CONTEXT(2) 
PARAMETRIC_REPRESENTATION_CONTEXT() REPRESENTATION_CONTEXT('2D SPACE',''
  ) );
#1055 = PCURVE('',#1056,#1061);
#1056 = CYLINDRICAL_SURFACE('',#1057,1.7);
#1057 = AXIS2_PLACEMENT_3D('',#1058,#1059,#1060);
#1058 = CARTESIAN_POINT('',(84.932667397366,-62.89230484541,-1.));
#1059 = DIRECTION('',(-0.,-0.,-1.));
#1060 = DIRECTION('',(1.,0.,0.));
#1061 = DEFINITIONAL_REPRESENTATION('',(#1062),#1066);
#1062 = LINE('',#1063,#1064);
#1063 = CARTESIAN_POINT('',(-6.28318530718,-1.));
#1064 = VECTOR('',#1065,1.);
#1065 = DIRECTION('',(1.,-0.));
#1066 = ( GEOMETRIC_REPRESENTATION_CONTEXT(2) 
PARAMETRIC_REPRESENTATION_CONTEXT() REPRESENTATION_CONTEXT('2D SPACE',''
  ) );
#1067 = FACE_BOUND('',#1068,.F.);
#1068 = EDGE_LOOP('',(#1069));
#1069 = ORIENTED_EDGE('',*,*,#1070,.T.);
#1070 = EDGE_CURVE('',#1071,#1071,#1073,.T.);
#1071 = VERTEX_POINT('',#1072);
#1072 = CARTESIAN_POINT('',(94.364718204935,-53.5,0.));
#1073 = SURFACE_CURVE('',#1074,(#1079,#1090),.PCURVE_S1.);
#1074 = CIRCLE('',#1075,1.7);
#1075 = AXIS2_PLACEMENT_3D('',#1076,#1077,#1078);
#1076 = CARTESIAN_POINT('',(92.664718204935,-53.5,0.));
#1077 = DIRECTION('',(0.,0.,-1.));
#1078 = DIRECTION('',(1.,0.,0.));
#1079 = PCURVE('',#91,#1080);
#1080 = DEFINITIONAL_REPRESENTATION('',(#1081),#1089);
#1081 = ( BOUNDED_CURVE() B_SPLINE_CURVE(2,(#1082,#1083,#1084,#1085,
#1086,#1087,#1088),.UNSPECIFIED.,.T.,.F.) B_SPLINE_CURVE_WITH_KNOTS((1,2
    ,2,2,2,1),(-2.094395102393,0.,2.094395102393,4.188790204786,
6.28318530718,8.377580409573),.UNSPECIFIED.) CURVE() 
GEOMETRIC_REPRESENTATION_ITEM() RATIONAL_B_SPLINE_CURVE((1.,0.5,1.,0.5,
1.,0.5,1.)) REPRESENTATION_ITEM('') );
#1082 = CARTESIAN_POINT('',(94.364718204935,-53.5));
#1083 = CARTESIAN_POINT('',(94.364718204935,-56.44448637286));
#1084 = CARTESIAN_POINT('',(91.814718204935,-54.97224318643));
#1085 = CARTESIAN_POINT('',(89.264718204935,-53.5));
#1086 = CARTESIAN_POINT('',(91.814718204935,-52.02775681356));
#1087 = CARTESIAN_POINT('',(94.364718204935,-50.55551362713));
#1088 = CARTESIAN_POINT('',(94.364718204935,-53.5));
#1089 = ( GEOMETRIC_REPRESENTATION_CONTEXT(2) 
PARAMETRIC_REPRESENTATION_CONTEXT() REPRESENTATION_CONTEXT('2D SPACE',''
  ) );
#1090 = PCURVE('',#1091,#1096);
#1091 = CYLINDRICAL_SURFACE('',#1092,1.7);
#1092 = AXIS2_PLACEMENT_3D('',#1093,#1094,#1095);
#1093 = CARTESIAN_POINT('',(92.664718204935,-53.5,-1.));
#1094 = DIRECTION('',(-0.,-0.,-1.));
#1095 = DIRECTION('',(1.,0.,0.));
#1096 = DEFINITIONAL_REPRESENTATION('',(#1097),#1101);
#1097 = LINE('',#1098,#1099);
#1098 = CARTESIAN_POINT('',(-6.28318530718,-1.));
#1099 = VECTOR('',#1100,1.);
#1100 = DIRECTION('',(1.,-0.));
#1101 = ( GEOMETRIC_REPRESENTATION_CONTEXT(2) 
PARAMETRIC_REPRESENTATION_CONTEXT() REPRESENTATION_CONTEXT('2D SPACE',''
  ) );
#1102 = FACE_BOUND('',#1103,.F.);
#1103 = EDGE_LOOP('',(#1104));
#1104 = ORIENTED_EDGE('',*,*,#1105,.T.);
#1105 = EDGE_CURVE('',#1106,#1106,#1108,.T.);
#1106 = VERTEX_POINT('',#1107);
#1107 = CARTESIAN_POINT('',(98.632667397366,-42.10769515458,0.));
#1108 = SURFACE_CURVE('',#1109,(#1114,#1125),.PCURVE_S1.);
#1109 = CIRCLE('',#1110,1.7);
#1110 = AXIS2_PLACEMENT_3D('',#1111,#1112,#1113);
#1111 = CARTESIAN_POINT('',(96.932667397366,-42.10769515458,0.));
#1112 = DIRECTION('',(0.,0.,-1.));
#1113 = DIRECTION('',(1.,0.,0.));
#1114 = PCURVE('',#91,#1115);
#1115 = DEFINITIONAL_REPRESENTATION('',(#1116),#1124);
#1116 = ( BOUNDED_CURVE() B_SPLINE_CURVE(2,(#1117,#1118,#1119,#1120,
#1121,#1122,#1123),.UNSPECIFIED.,.T.,.F.) B_SPLINE_CURVE_WITH_KNOTS((1,2
    ,2,2,2,1),(-2.094395102393,0.,2.094395102393,4.188790204786,
6.28318530718,8.377580409573),.UNSPECIFIED.) CURVE() 
GEOMETRIC_REPRESENTATION_ITEM() RATIONAL_B_SPLINE_CURVE((1.,0.5,1.,0.5,
1.,0.5,1.)) REPRESENTATION_ITEM('') );
#1117 = CARTESIAN_POINT('',(98.632667397366,-42.10769515458));
#1118 = CARTESIAN_POINT('',(98.632667397366,-45.05218152745));
#1119 = CARTESIAN_POINT('',(96.082667397366,-43.57993834102));
#1120 = CARTESIAN_POINT('',(93.532667397366,-42.10769515458));
#1121 = CARTESIAN_POINT('',(96.082667397366,-40.63545196815));
#1122 = CARTESIAN_POINT('',(98.632667397366,-39.16320878172));
#1123 = CARTESIAN_POINT('',(98.632667397366,-42.10769515458));
#1124 = ( GEOMETRIC_REPRESENTATION_CONTEXT(2) 
PARAMETRIC_REPRESENTATION_CONTEXT() REPRESENTATION_CONTEXT('2D SPACE',''
  ) );
#1125 = PCURVE('',#1126,#1131);
#1126 = CYLINDRICAL_SURFACE('',#1127,1.7);
#1127 = AXIS2_PLACEMENT_3D('',#1128,#1129,#1130);
#1128 = CARTESIAN_POINT('',(96.932667397366,-42.10769515458,-1.));
#1129 = DIRECTION('',(-0.,-0.,-1.));
#1130 = DIRECTION('',(1.,0.,0.));
#1131 = DEFINITIONAL_REPRESENTATION('',(#1132),#1136);
#1132 = LINE('',#1133,#1134);
#1133 = CARTESIAN_POINT('',(-6.28318530718,-1.));
#1134 = VECTOR('',#1135,1.);
#1135 = DIRECTION('',(1.,-0.));
#1136 = ( GEOMETRIC_REPRESENTATION_CONTEXT(2) 
PARAMETRIC_REPRESENTATION_CONTEXT() REPRESENTATION_CONTEXT('2D SPACE',''
  ) );
#1137 = FACE_BOUND('',#1138,.F.);
#1138 = EDGE_LOOP('',(#1139));
#1139 = ORIENTED_EDGE('',*,*,#1140,.T.);
#1140 = EDGE_CURVE('',#1141,#1141,#1143,.T.);
#1141 = VERTEX_POINT('',#1142);
#1142 = CARTESIAN_POINT('',(38.010889132455,-7.107695154587,0.));
#1143 = SURFACE_CURVE('',#1144,(#1149,#1160),.PCURVE_S1.);
#1144 = CIRCLE('',#1145,1.7);
#1145 = AXIS2_PLACEMENT_3D('',#1146,#1147,#1148);
#1146 = CARTESIAN_POINT('',(36.310889132455,-7.107695154587,0.));
#1147 = DIRECTION('',(0.,0.,-1.));
#1148 = DIRECTION('',(1.,0.,0.));
#1149 = PCURVE('',#91,#1150);
#1150 = DEFINITIONAL_REPRESENTATION('',(#1151),#1159);
#1151 = ( BOUNDED_CURVE() B_SPLINE_CURVE(2,(#1152,#1153,#1154,#1155,
#1156,#1157,#1158),.UNSPECIFIED.,.T.,.F.) B_SPLINE_CURVE_WITH_KNOTS((1,2
    ,2,2,2,1),(-2.094395102393,0.,2.094395102393,4.188790204786,
6.28318530718,8.377580409573),.UNSPECIFIED.) CURVE() 
GEOMETRIC_REPRESENTATION_ITEM() RATIONAL_B_SPLINE_CURVE((1.,0.5,1.,0.5,
1.,0.5,1.)) REPRESENTATION_ITEM('') );
#1152 = CARTESIAN_POINT('',(38.010889132455,-7.107695154587));
#1153 = CARTESIAN_POINT('',(38.010889132455,-10.05218152745));
#1154 = CARTESIAN_POINT('',(35.460889132455,-8.57993834102));
#1155 = CARTESIAN_POINT('',(32.910889132455,-7.107695154587));
#1156 = CARTESIAN_POINT('',(35.460889132455,-5.635451968153));
#1157 = CARTESIAN_POINT('',(38.010889132455,-4.16320878172));
#1158 = CARTESIAN_POINT('',(38.010889132455,-7.107695154587));
#1159 = ( GEOMETRIC_REPRESENTATION_CONTEXT(2) 
PARAMETRIC_REPRESENTATION_CONTEXT() REPRESENTATION_CONTEXT('2D SPACE',''
  ) );
#1160 = PCURVE('',#1161,#1166);
#1161 = CYLINDRICAL_SURFACE('',#1162,1.7);
#1162 = AXIS2_PLACEMENT_3D('',#1163,#1164,#1165);
#1163 = CARTESIAN_POINT('',(36.310889132455,-7.107695154587,-1.));
#1164 = DIRECTION('',(-0.,-0.,-1.));
#1165 = DIRECTION('',(1.,0.,0.));
#1166 = DEFINITIONAL_REPRESENTATION('',(#1167),#1171);
#1167 = LINE('',#1168,#1169);
#1168 = CARTESIAN_POINT('',(-6.28318530718,-1.));
#1169 = VECTOR('',#1170,1.);
#1170 = DIRECTION('',(1.,-0.));
#1171 = ( GEOMETRIC_REPRESENTATION_CONTEXT(2) 
PARAMETRIC_REPRESENTATION_CONTEXT() REPRESENTATION_CONTEXT('2D SPACE',''
  ) );
#1172 = FACE_BOUND('',#1173,.F.);
#1173 = EDGE_LOOP('',(#1174,#1205,#1233,#1266,#1294,#1323,#1351,#1380,
    #1408,#1441,#1469,#1498,#1526,#1555,#1583,#1616,#1644,#1673));
#1174 = ORIENTED_EDGE('',*,*,#1175,.F.);
#1175 = EDGE_CURVE('',#1176,#1178,#1180,.T.);
#1176 = VERTEX_POINT('',#1177);
#1177 = CARTESIAN_POINT('',(39.856817440551,-3.381435125896,0.));
#1178 = VERTEX_POINT('',#1179);
#1179 = CARTESIAN_POINT('',(17.000000000001,36.207733980463,0.));
#1180 = SURFACE_CURVE('',#1181,(#1186,#1193),.PCURVE_S1.);
#1181 = CIRCLE('',#1182,40.);
#1182 = AXIS2_PLACEMENT_3D('',#1183,#1184,#1185);
#1183 = CARTESIAN_POINT('',(3.531871091885E-13,1.515824502955E-15,0.));
#1184 = DIRECTION('',(0.,0.,1.));
#1185 = DIRECTION('',(-0.425,0.905193349512,0.));
#1186 = PCURVE('',#91,#1187);
#1187 = DEFINITIONAL_REPRESENTATION('',(#1188),#1192);
#1188 = CIRCLE('',#1189,40.);
#1189 = AXIS2_PLACEMENT_2D('',#1190,#1191);
#1190 = CARTESIAN_POINT('',(3.601884026671E-13,-9.00874849113E-17));
#1191 = DIRECTION('',(-0.425,0.905193349512));
#1192 = ( GEOMETRIC_REPRESENTATION_CONTEXT(2) 
PARAMETRIC_REPRESENTATION_CONTEXT() REPRESENTATION_CONTEXT('2D SPACE',''
  ) );
#1193 = PCURVE('',#1194,#1199);
#1194 = CYLINDRICAL_SURFACE('',#1195,40.);
#1195 = AXIS2_PLACEMENT_3D('',#1196,#1197,#1198);
#1196 = CARTESIAN_POINT('',(3.531871091885E-13,1.515824502955E-15,0.));
#1197 = DIRECTION('',(-0.,-0.,-1.));
#1198 = DIRECTION('',(1.,0.,0.));
#1199 = DEFINITIONAL_REPRESENTATION('',(#1200),#1204);
#1200 = LINE('',#1201,#1202);
#1201 = CARTESIAN_POINT('',(-2.009758212405,0.));
#1202 = VECTOR('',#1203,1.);
#1203 = DIRECTION('',(-1.,0.));
#1204 = ( GEOMETRIC_REPRESENTATION_CONTEXT(2) 
PARAMETRIC_REPRESENTATION_CONTEXT() REPRESENTATION_CONTEXT('2D SPACE',''
  ) );
#1205 = ORIENTED_EDGE('',*,*,#1206,.F.);
#1206 = EDGE_CURVE('',#1207,#1176,#1209,.T.);
#1207 = VERTEX_POINT('',#1208);
#1208 = CARTESIAN_POINT('',(37.944863728671,-2.277568135665,0.));
#1209 = SURFACE_CURVE('',#1210,(#1214,#1221),.PCURVE_S1.);
#1210 = LINE('',#1211,#1212);
#1211 = CARTESIAN_POINT('',(34.480762113533,-0.277568135665,0.));
#1212 = VECTOR('',#1213,1.);
#1213 = DIRECTION('',(0.866025403784,-0.5,0.));
#1214 = PCURVE('',#91,#1215);
#1215 = DEFINITIONAL_REPRESENTATION('',(#1216),#1220);
#1216 = LINE('',#1217,#1218);
#1217 = CARTESIAN_POINT('',(34.480762113533,-0.277568135665));
#1218 = VECTOR('',#1219,1.);
#1219 = DIRECTION('',(0.866025403784,-0.5));
#1220 = ( GEOMETRIC_REPRESENTATION_CONTEXT(2) 
PARAMETRIC_REPRESENTATION_CONTEXT() REPRESENTATION_CONTEXT('2D SPACE',''
  ) );
#1221 = PCURVE('',#1222,#1227);
#1222 = PLANE('',#1223);
#1223 = AXIS2_PLACEMENT_3D('',#1224,#1225,#1226);
#1224 = CARTESIAN_POINT('',(34.480762113533,-0.277568135665,0.));
#1225 = DIRECTION('',(0.5,0.866025403784,0.));
#1226 = DIRECTION('',(0.,0.,1.));
#1227 = DEFINITIONAL_REPRESENTATION('',(#1228),#1232);
#1228 = LINE('',#1229,#1230);
#1229 = CARTESIAN_POINT('',(0.,0.));
#1230 = VECTOR('',#1231,1.);
#1231 = DIRECTION('',(0.,1.));
#1232 = ( GEOMETRIC_REPRESENTATION_CONTEXT(2) 
PARAMETRIC_REPRESENTATION_CONTEXT() REPRESENTATION_CONTEXT('2D SPACE',''
  ) );
#1233 = ORIENTED_EDGE('',*,*,#1234,.F.);
#1234 = EDGE_CURVE('',#1235,#1207,#1237,.T.);
#1235 = VERTEX_POINT('',#1236);
#1236 = CARTESIAN_POINT('',(32.480762113533,-3.741669750802,0.));
#1237 = SURFACE_CURVE('',#1238,(#1243,#1254),.PCURVE_S1.);
#1238 = CIRCLE('',#1239,4.);
#1239 = AXIS2_PLACEMENT_3D('',#1240,#1241,#1242);
#1240 = CARTESIAN_POINT('',(35.944863728671,-5.741669750802,0.));
#1241 = DIRECTION('',(-0.,0.,-1.));
#1242 = DIRECTION('',(-0.5,-0.866025403784,0.));
#1243 = PCURVE('',#91,#1244);
#1244 = DEFINITIONAL_REPRESENTATION('',(#1245),#1253);
#1245 = ( BOUNDED_CURVE() B_SPLINE_CURVE(2,(#1246,#1247,#1248,#1249,
#1250,#1251,#1252),.UNSPECIFIED.,.T.,.F.) B_SPLINE_CURVE_WITH_KNOTS((1,2
    ,2,2,2,1),(-2.094395102393,0.,2.094395102393,4.188790204786,
6.28318530718,8.377580409573),.UNSPECIFIED.) CURVE() 
GEOMETRIC_REPRESENTATION_ITEM() RATIONAL_B_SPLINE_CURVE((1.,0.5,1.,0.5,
1.,0.5,1.)) REPRESENTATION_ITEM('') );
#1246 = CARTESIAN_POINT('',(33.944863728671,-9.20577136594));
#1247 = CARTESIAN_POINT('',(27.944863728671,-5.741669750802));
#1248 = CARTESIAN_POINT('',(33.944863728671,-2.277568135665));
#1249 = CARTESIAN_POINT('',(39.944863728671,1.186533479473));
#1250 = CARTESIAN_POINT('',(39.944863728671,-5.741669750802));
#1251 = CARTESIAN_POINT('',(39.944863728671,-12.66987298107));
#1252 = CARTESIAN_POINT('',(33.944863728671,-9.20577136594));
#1253 = ( GEOMETRIC_REPRESENTATION_CONTEXT(2) 
PARAMETRIC_REPRESENTATION_CONTEXT() REPRESENTATION_CONTEXT('2D SPACE',''
  ) );
#1254 = PCURVE('',#1255,#1260);
#1255 = CYLINDRICAL_SURFACE('',#1256,4.);
#1256 = AXIS2_PLACEMENT_3D('',#1257,#1258,#1259);
#1257 = CARTESIAN_POINT('',(35.944863728671,-5.741669750802,0.));
#1258 = DIRECTION('',(0.,0.,1.));
#1259 = DIRECTION('',(-0.866025403784,0.5,0.));
#1260 = DEFINITIONAL_REPRESENTATION('',(#1261),#1265);
#1261 = LINE('',#1262,#1263);
#1262 = CARTESIAN_POINT('',(1.570796326795,-0.));
#1263 = VECTOR('',#1264,1.);
#1264 = DIRECTION('',(-1.,0.));
#1265 = ( GEOMETRIC_REPRESENTATION_CONTEXT(2) 
PARAMETRIC_REPRESENTATION_CONTEXT() REPRESENTATION_CONTEXT('2D SPACE',''
  ) );
#1266 = ORIENTED_EDGE('',*,*,#1267,.F.);
#1267 = EDGE_CURVE('',#1268,#1235,#1270,.T.);
#1268 = VERTEX_POINT('',#1269);
#1269 = CARTESIAN_POINT('',(19.480762113533,-26.25833024919,0.));
#1270 = SURFACE_CURVE('',#1271,(#1275,#1282),.PCURVE_S1.);
#1271 = LINE('',#1272,#1273);
#1272 = CARTESIAN_POINT('',(17.480762113533,-29.72243186433,0.));
#1273 = VECTOR('',#1274,1.);
#1274 = DIRECTION('',(0.5,0.866025403784,0.));
#1275 = PCURVE('',#91,#1276);
#1276 = DEFINITIONAL_REPRESENTATION('',(#1277),#1281);
#1277 = LINE('',#1278,#1279);
#1278 = CARTESIAN_POINT('',(17.480762113533,-29.72243186433));
#1279 = VECTOR('',#1280,1.);
#1280 = DIRECTION('',(0.5,0.866025403784));
#1281 = ( GEOMETRIC_REPRESENTATION_CONTEXT(2) 
PARAMETRIC_REPRESENTATION_CONTEXT() REPRESENTATION_CONTEXT('2D SPACE',''
  ) );
#1282 = PCURVE('',#1283,#1288);
#1283 = PLANE('',#1284);
#1284 = AXIS2_PLACEMENT_3D('',#1285,#1286,#1287);
#1285 = CARTESIAN_POINT('',(17.480762113533,-29.72243186433,0.));
#1286 = DIRECTION('',(0.866025403784,-0.5,0.));
#1287 = DIRECTION('',(0.,0.,1.));
#1288 = DEFINITIONAL_REPRESENTATION('',(#1289),#1293);
#1289 = LINE('',#1290,#1291);
#1290 = CARTESIAN_POINT('',(0.,0.));
#1291 = VECTOR('',#1292,1.);
#1292 = DIRECTION('',(0.,-1.));
#1293 = ( GEOMETRIC_REPRESENTATION_CONTEXT(2) 
PARAMETRIC_REPRESENTATION_CONTEXT() REPRESENTATION_CONTEXT('2D SPACE',''
  ) );
#1294 = ORIENTED_EDGE('',*,*,#1295,.T.);
#1295 = EDGE_CURVE('',#1268,#1296,#1298,.T.);
#1296 = VERTEX_POINT('',#1297);
#1297 = CARTESIAN_POINT('',(20.944863728671,-31.72243186433,0.));
#1298 = SURFACE_CURVE('',#1299,(#1304,#1311),.PCURVE_S1.);
#1299 = CIRCLE('',#1300,4.);
#1300 = AXIS2_PLACEMENT_3D('',#1301,#1302,#1303);
#1301 = CARTESIAN_POINT('',(22.944863728671,-28.25833024919,0.));
#1302 = DIRECTION('',(0.,0.,1.));
#1303 = DIRECTION('',(-0.5,-0.866025403784,0.));
#1304 = PCURVE('',#91,#1305);
#1305 = DEFINITIONAL_REPRESENTATION('',(#1306),#1310);
#1306 = CIRCLE('',#1307,4.);
#1307 = AXIS2_PLACEMENT_2D('',#1308,#1309);
#1308 = CARTESIAN_POINT('',(22.944863728671,-28.25833024919));
#1309 = DIRECTION('',(-0.5,-0.866025403784));
#1310 = ( GEOMETRIC_REPRESENTATION_CONTEXT(2) 
PARAMETRIC_REPRESENTATION_CONTEXT() REPRESENTATION_CONTEXT('2D SPACE',''
  ) );
#1311 = PCURVE('',#1312,#1317);
#1312 = CYLINDRICAL_SURFACE('',#1313,4.);
#1313 = AXIS2_PLACEMENT_3D('',#1314,#1315,#1316);
#1314 = CARTESIAN_POINT('',(22.944863728671,-28.25833024919,0.));
#1315 = DIRECTION('',(0.,0.,1.));
#1316 = DIRECTION('',(-0.866025403784,0.5,0.));
#1317 = DEFINITIONAL_REPRESENTATION('',(#1318),#1322);
#1318 = LINE('',#1319,#1320);
#1319 = CARTESIAN_POINT('',(-4.712388980385,0.));
#1320 = VECTOR('',#1321,1.);
#1321 = DIRECTION('',(1.,0.));
#1322 = ( GEOMETRIC_REPRESENTATION_CONTEXT(2) 
PARAMETRIC_REPRESENTATION_CONTEXT() REPRESENTATION_CONTEXT('2D SPACE',''
  ) );
#1323 = ORIENTED_EDGE('',*,*,#1324,.T.);
#1324 = EDGE_CURVE('',#1296,#1325,#1327,.T.);
#1325 = VERTEX_POINT('',#1326);
#1326 = CARTESIAN_POINT('',(22.856817440551,-32.82629885456,0.));
#1327 = SURFACE_CURVE('',#1328,(#1332,#1339),.PCURVE_S1.);
#1328 = LINE('',#1329,#1330);
#1329 = CARTESIAN_POINT('',(17.480762113533,-29.72243186433,0.));
#1330 = VECTOR('',#1331,1.);
#1331 = DIRECTION('',(0.866025403784,-0.5,0.));
#1332 = PCURVE('',#91,#1333);
#1333 = DEFINITIONAL_REPRESENTATION('',(#1334),#1338);
#1334 = LINE('',#1335,#1336);
#1335 = CARTESIAN_POINT('',(17.480762113533,-29.72243186433));
#1336 = VECTOR('',#1337,1.);
#1337 = DIRECTION('',(0.866025403784,-0.5));
#1338 = ( GEOMETRIC_REPRESENTATION_CONTEXT(2) 
PARAMETRIC_REPRESENTATION_CONTEXT() REPRESENTATION_CONTEXT('2D SPACE',''
  ) );
#1339 = PCURVE('',#1340,#1345);
#1340 = PLANE('',#1341);
#1341 = AXIS2_PLACEMENT_3D('',#1342,#1343,#1344);
#1342 = CARTESIAN_POINT('',(17.480762113533,-29.72243186433,0.));
#1343 = DIRECTION('',(0.5,0.866025403784,0.));
#1344 = DIRECTION('',(0.,0.,1.));
#1345 = DEFINITIONAL_REPRESENTATION('',(#1346),#1350);
#1346 = LINE('',#1347,#1348);
#1347 = CARTESIAN_POINT('',(0.,0.));
#1348 = VECTOR('',#1349,1.);
#1349 = DIRECTION('',(0.,1.));
#1350 = ( GEOMETRIC_REPRESENTATION_CONTEXT(2) 
PARAMETRIC_REPRESENTATION_CONTEXT() REPRESENTATION_CONTEXT('2D SPACE',''
  ) );
#1351 = ORIENTED_EDGE('',*,*,#1352,.F.);
#1352 = EDGE_CURVE('',#1353,#1325,#1355,.T.);
#1353 = VERTEX_POINT('',#1354);
#1354 = CARTESIAN_POINT('',(-22.85681744055,-32.82629885456,0.));
#1355 = SURFACE_CURVE('',#1356,(#1361,#1368),.PCURVE_S1.);
#1356 = CIRCLE('',#1357,40.);
#1357 = AXIS2_PLACEMENT_3D('',#1358,#1359,#1360);
#1358 = CARTESIAN_POINT('',(3.531871091885E-13,1.515824502955E-15,0.));
#1359 = DIRECTION('',(0.,0.,1.));
#1360 = DIRECTION('',(-0.425,0.905193349512,0.));
#1361 = PCURVE('',#91,#1362);
#1362 = DEFINITIONAL_REPRESENTATION('',(#1363),#1367);
#1363 = CIRCLE('',#1364,40.);
#1364 = AXIS2_PLACEMENT_2D('',#1365,#1366);
#1365 = CARTESIAN_POINT('',(3.601884026671E-13,-9.00874849113E-17));
#1366 = DIRECTION('',(-0.425,0.905193349512));
#1367 = ( GEOMETRIC_REPRESENTATION_CONTEXT(2) 
PARAMETRIC_REPRESENTATION_CONTEXT() REPRESENTATION_CONTEXT('2D SPACE',''
  ) );
#1368 = PCURVE('',#1369,#1374);
#1369 = CYLINDRICAL_SURFACE('',#1370,40.);
#1370 = AXIS2_PLACEMENT_3D('',#1371,#1372,#1373);
#1371 = CARTESIAN_POINT('',(3.531871091885E-13,1.515824502955E-15,0.));
#1372 = DIRECTION('',(-0.,-0.,-1.));
#1373 = DIRECTION('',(1.,0.,0.));
#1374 = DEFINITIONAL_REPRESENTATION('',(#1375),#1379);
#1375 = LINE('',#1376,#1377);
#1376 = CARTESIAN_POINT('',(-2.009758212405,0.));
#1377 = VECTOR('',#1378,1.);
#1378 = DIRECTION('',(-1.,0.));
#1379 = ( GEOMETRIC_REPRESENTATION_CONTEXT(2) 
PARAMETRIC_REPRESENTATION_CONTEXT() REPRESENTATION_CONTEXT('2D SPACE',''
  ) );
#1380 = ORIENTED_EDGE('',*,*,#1381,.F.);
#1381 = EDGE_CURVE('',#1382,#1353,#1384,.T.);
#1382 = VERTEX_POINT('',#1383);
#1383 = CARTESIAN_POINT('',(-20.94486372867,-31.72243186433,0.));
#1384 = SURFACE_CURVE('',#1385,(#1389,#1396),.PCURVE_S1.);
#1385 = LINE('',#1386,#1387);
#1386 = CARTESIAN_POINT('',(-17.48076211353,-29.72243186433,0.));
#1387 = VECTOR('',#1388,1.);
#1388 = DIRECTION('',(-0.866025403784,-0.5,0.));
#1389 = PCURVE('',#91,#1390);
#1390 = DEFINITIONAL_REPRESENTATION('',(#1391),#1395);
#1391 = LINE('',#1392,#1393);
#1392 = CARTESIAN_POINT('',(-17.48076211353,-29.72243186433));
#1393 = VECTOR('',#1394,1.);
#1394 = DIRECTION('',(-0.866025403784,-0.5));
#1395 = ( GEOMETRIC_REPRESENTATION_CONTEXT(2) 
PARAMETRIC_REPRESENTATION_CONTEXT() REPRESENTATION_CONTEXT('2D SPACE',''
  ) );
#1396 = PCURVE('',#1397,#1402);
#1397 = PLANE('',#1398);
#1398 = AXIS2_PLACEMENT_3D('',#1399,#1400,#1401);
#1399 = CARTESIAN_POINT('',(-17.48076211353,-29.72243186433,0.));
#1400 = DIRECTION('',(0.5,-0.866025403784,0.));
#1401 = DIRECTION('',(0.,0.,1.));
#1402 = DEFINITIONAL_REPRESENTATION('',(#1403),#1407);
#1403 = LINE('',#1404,#1405);
#1404 = CARTESIAN_POINT('',(0.,0.));
#1405 = VECTOR('',#1406,1.);
#1406 = DIRECTION('',(0.,1.));
#1407 = ( GEOMETRIC_REPRESENTATION_CONTEXT(2) 
PARAMETRIC_REPRESENTATION_CONTEXT() REPRESENTATION_CONTEXT('2D SPACE',''
  ) );
#1408 = ORIENTED_EDGE('',*,*,#1409,.F.);
#1409 = EDGE_CURVE('',#1410,#1382,#1412,.T.);
#1410 = VERTEX_POINT('',#1411);
#1411 = CARTESIAN_POINT('',(-19.48076211353,-26.25833024919,0.));
#1412 = SURFACE_CURVE('',#1413,(#1418,#1429),.PCURVE_S1.);
#1413 = CIRCLE('',#1414,4.);
#1414 = AXIS2_PLACEMENT_3D('',#1415,#1416,#1417);
#1415 = CARTESIAN_POINT('',(-22.94486372867,-28.25833024919,0.));
#1416 = DIRECTION('',(0.,0.,-1.));
#1417 = DIRECTION('',(-0.5,0.866025403784,0.));
#1418 = PCURVE('',#91,#1419);
#1419 = DEFINITIONAL_REPRESENTATION('',(#1420),#1428);
#1420 = ( BOUNDED_CURVE() B_SPLINE_CURVE(2,(#1421,#1422,#1423,#1424,
#1425,#1426,#1427),.UNSPECIFIED.,.T.,.F.) B_SPLINE_CURVE_WITH_KNOTS((1,2
    ,2,2,2,1),(-2.094395102393,0.,2.094395102393,4.188790204786,
6.28318530718,8.377580409573),.UNSPECIFIED.) CURVE() 
GEOMETRIC_REPRESENTATION_ITEM() RATIONAL_B_SPLINE_CURVE((1.,0.5,1.,0.5,
1.,0.5,1.)) REPRESENTATION_ITEM('') );
#1421 = CARTESIAN_POINT('',(-24.94486372867,-24.79422863406));
#1422 = CARTESIAN_POINT('',(-18.94486372867,-21.33012701892));
#1423 = CARTESIAN_POINT('',(-18.94486372867,-28.25833024919));
#1424 = CARTESIAN_POINT('',(-18.94486372867,-35.18653347947));
#1425 = CARTESIAN_POINT('',(-24.94486372867,-31.72243186433));
#1426 = CARTESIAN_POINT('',(-30.94486372867,-28.25833024919));
#1427 = CARTESIAN_POINT('',(-24.94486372867,-24.79422863406));
#1428 = ( GEOMETRIC_REPRESENTATION_CONTEXT(2) 
PARAMETRIC_REPRESENTATION_CONTEXT() REPRESENTATION_CONTEXT('2D SPACE',''
  ) );
#1429 = PCURVE('',#1430,#1435);
#1430 = CYLINDRICAL_SURFACE('',#1431,4.);
#1431 = AXIS2_PLACEMENT_3D('',#1432,#1433,#1434);
#1432 = CARTESIAN_POINT('',(-22.94486372867,-28.25833024919,0.));
#1433 = DIRECTION('',(0.,0.,1.));
#1434 = DIRECTION('',(0.866025403784,0.5,0.));
#1435 = DEFINITIONAL_REPRESENTATION('',(#1436),#1440);
#1436 = LINE('',#1437,#1438);
#1437 = CARTESIAN_POINT('',(1.570796326795,-0.));
#1438 = VECTOR('',#1439,1.);
#1439 = DIRECTION('',(-1.,0.));
#1440 = ( GEOMETRIC_REPRESENTATION_CONTEXT(2) 
PARAMETRIC_REPRESENTATION_CONTEXT() REPRESENTATION_CONTEXT('2D SPACE',''
  ) );
#1441 = ORIENTED_EDGE('',*,*,#1442,.F.);
#1442 = EDGE_CURVE('',#1443,#1410,#1445,.T.);
#1443 = VERTEX_POINT('',#1444);
#1444 = CARTESIAN_POINT('',(-32.48076211353,-3.741669750802,0.));
#1445 = SURFACE_CURVE('',#1446,(#1450,#1457),.PCURVE_S1.);
#1446 = LINE('',#1447,#1448);
#1447 = CARTESIAN_POINT('',(-34.48076211353,-0.277568135665,0.));
#1448 = VECTOR('',#1449,1.);
#1449 = DIRECTION('',(0.5,-0.866025403784,0.));
#1450 = PCURVE('',#91,#1451);
#1451 = DEFINITIONAL_REPRESENTATION('',(#1452),#1456);
#1452 = LINE('',#1453,#1454);
#1453 = CARTESIAN_POINT('',(-34.48076211353,-0.277568135665));
#1454 = VECTOR('',#1455,1.);
#1455 = DIRECTION('',(0.5,-0.866025403784));
#1456 = ( GEOMETRIC_REPRESENTATION_CONTEXT(2) 
PARAMETRIC_REPRESENTATION_CONTEXT() REPRESENTATION_CONTEXT('2D SPACE',''
  ) );
#1457 = PCURVE('',#1458,#1463);
#1458 = PLANE('',#1459);
#1459 = AXIS2_PLACEMENT_3D('',#1460,#1461,#1462);
#1460 = CARTESIAN_POINT('',(-34.48076211353,-0.277568135665,0.));
#1461 = DIRECTION('',(-0.866025403784,-0.5,0.));
#1462 = DIRECTION('',(0.,0.,1.));
#1463 = DEFINITIONAL_REPRESENTATION('',(#1464),#1468);
#1464 = LINE('',#1465,#1466);
#1465 = CARTESIAN_POINT('',(0.,0.));
#1466 = VECTOR('',#1467,1.);
#1467 = DIRECTION('',(0.,-1.));
#1468 = ( GEOMETRIC_REPRESENTATION_CONTEXT(2) 
PARAMETRIC_REPRESENTATION_CONTEXT() REPRESENTATION_CONTEXT('2D SPACE',''
  ) );
#1469 = ORIENTED_EDGE('',*,*,#1470,.T.);
#1470 = EDGE_CURVE('',#1443,#1471,#1473,.T.);
#1471 = VERTEX_POINT('',#1472);
#1472 = CARTESIAN_POINT('',(-37.94486372867,-2.277568135665,0.));
#1473 = SURFACE_CURVE('',#1474,(#1479,#1486),.PCURVE_S1.);
#1474 = CIRCLE('',#1475,4.);
#1475 = AXIS2_PLACEMENT_3D('',#1476,#1477,#1478);
#1476 = CARTESIAN_POINT('',(-35.94486372867,-5.741669750802,0.));
#1477 = DIRECTION('',(0.,0.,1.));
#1478 = DIRECTION('',(-0.5,0.866025403784,0.));
#1479 = PCURVE('',#91,#1480);
#1480 = DEFINITIONAL_REPRESENTATION('',(#1481),#1485);
#1481 = CIRCLE('',#1482,4.);
#1482 = AXIS2_PLACEMENT_2D('',#1483,#1484);
#1483 = CARTESIAN_POINT('',(-35.94486372867,-5.741669750802));
#1484 = DIRECTION('',(-0.5,0.866025403784));
#1485 = ( GEOMETRIC_REPRESENTATION_CONTEXT(2) 
PARAMETRIC_REPRESENTATION_CONTEXT() REPRESENTATION_CONTEXT('2D SPACE',''
  ) );
#1486 = PCURVE('',#1487,#1492);
#1487 = CYLINDRICAL_SURFACE('',#1488,4.);
#1488 = AXIS2_PLACEMENT_3D('',#1489,#1490,#1491);
#1489 = CARTESIAN_POINT('',(-35.94486372867,-5.741669750802,0.));
#1490 = DIRECTION('',(0.,0.,1.));
#1491 = DIRECTION('',(0.866025403784,0.5,0.));
#1492 = DEFINITIONAL_REPRESENTATION('',(#1493),#1497);
#1493 = LINE('',#1494,#1495);
#1494 = CARTESIAN_POINT('',(-4.712388980385,0.));
#1495 = VECTOR('',#1496,1.);
#1496 = DIRECTION('',(1.,0.));
#1497 = ( GEOMETRIC_REPRESENTATION_CONTEXT(2) 
PARAMETRIC_REPRESENTATION_CONTEXT() REPRESENTATION_CONTEXT('2D SPACE',''
  ) );
#1498 = ORIENTED_EDGE('',*,*,#1499,.T.);
#1499 = EDGE_CURVE('',#1471,#1500,#1502,.T.);
#1500 = VERTEX_POINT('',#1501);
#1501 = CARTESIAN_POINT('',(-39.85681744055,-3.381435125896,0.));
#1502 = SURFACE_CURVE('',#1503,(#1507,#1514),.PCURVE_S1.);
#1503 = LINE('',#1504,#1505);
#1504 = CARTESIAN_POINT('',(-34.48076211353,-0.277568135665,0.));
#1505 = VECTOR('',#1506,1.);
#1506 = DIRECTION('',(-0.866025403784,-0.5,0.));
#1507 = PCURVE('',#91,#1508);
#1508 = DEFINITIONAL_REPRESENTATION('',(#1509),#1513);
#1509 = LINE('',#1510,#1511);
#1510 = CARTESIAN_POINT('',(-34.48076211353,-0.277568135665));
#1511 = VECTOR('',#1512,1.);
#1512 = DIRECTION('',(-0.866025403784,-0.5));
#1513 = ( GEOMETRIC_REPRESENTATION_CONTEXT(2) 
PARAMETRIC_REPRESENTATION_CONTEXT() REPRESENTATION_CONTEXT('2D SPACE',''
  ) );
#1514 = PCURVE('',#1515,#1520);
#1515 = PLANE('',#1516);
#1516 = AXIS2_PLACEMENT_3D('',#1517,#1518,#1519);
#1517 = CARTESIAN_POINT('',(-34.48076211353,-0.277568135665,0.));
#1518 = DIRECTION('',(0.5,-0.866025403784,0.));
#1519 = DIRECTION('',(0.,0.,1.));
#1520 = DEFINITIONAL_REPRESENTATION('',(#1521),#1525);
#1521 = LINE('',#1522,#1523);
#1522 = CARTESIAN_POINT('',(0.,0.));
#1523 = VECTOR('',#1524,1.);
#1524 = DIRECTION('',(0.,1.));
#1525 = ( GEOMETRIC_REPRESENTATION_CONTEXT(2) 
PARAMETRIC_REPRESENTATION_CONTEXT() REPRESENTATION_CONTEXT('2D SPACE',''
  ) );
#1526 = ORIENTED_EDGE('',*,*,#1527,.F.);
#1527 = EDGE_CURVE('',#1528,#1500,#1530,.T.);
#1528 = VERTEX_POINT('',#1529);
#1529 = CARTESIAN_POINT('',(-17.,36.207733980463,0.));
#1530 = SURFACE_CURVE('',#1531,(#1536,#1543),.PCURVE_S1.);
#1531 = CIRCLE('',#1532,40.);
#1532 = AXIS2_PLACEMENT_3D('',#1533,#1534,#1535);
#1533 = CARTESIAN_POINT('',(3.531871091885E-13,1.515824502955E-15,0.));
#1534 = DIRECTION('',(0.,0.,1.));
#1535 = DIRECTION('',(-0.425,0.905193349512,0.));
#1536 = PCURVE('',#91,#1537);
#1537 = DEFINITIONAL_REPRESENTATION('',(#1538),#1542);
#1538 = CIRCLE('',#1539,40.);
#1539 = AXIS2_PLACEMENT_2D('',#1540,#1541);
#1540 = CARTESIAN_POINT('',(3.601884026671E-13,-9.00874849113E-17));
#1541 = DIRECTION('',(-0.425,0.905193349512));
#1542 = ( GEOMETRIC_REPRESENTATION_CONTEXT(2) 
PARAMETRIC_REPRESENTATION_CONTEXT() REPRESENTATION_CONTEXT('2D SPACE',''
  ) );
#1543 = PCURVE('',#1544,#1549);
#1544 = CYLINDRICAL_SURFACE('',#1545,40.);
#1545 = AXIS2_PLACEMENT_3D('',#1546,#1547,#1548);
#1546 = CARTESIAN_POINT('',(3.531871091885E-13,1.515824502955E-15,0.));
#1547 = DIRECTION('',(-0.,-0.,-1.));
#1548 = DIRECTION('',(1.,0.,0.));
#1549 = DEFINITIONAL_REPRESENTATION('',(#1550),#1554);
#1550 = LINE('',#1551,#1552);
#1551 = CARTESIAN_POINT('',(-2.009758212405,0.));
#1552 = VECTOR('',#1553,1.);
#1553 = DIRECTION('',(-1.,0.));
#1554 = ( GEOMETRIC_REPRESENTATION_CONTEXT(2) 
PARAMETRIC_REPRESENTATION_CONTEXT() REPRESENTATION_CONTEXT('2D SPACE',''
  ) );
#1555 = ORIENTED_EDGE('',*,*,#1556,.F.);
#1556 = EDGE_CURVE('',#1557,#1528,#1559,.T.);
#1557 = VERTEX_POINT('',#1558);
#1558 = CARTESIAN_POINT('',(-17.,34.,0.));
#1559 = SURFACE_CURVE('',#1560,(#1564,#1571),.PCURVE_S1.);
#1560 = LINE('',#1561,#1562);
#1561 = CARTESIAN_POINT('',(-17.,30.,0.));
#1562 = VECTOR('',#1563,1.);
#1563 = DIRECTION('',(1.110223024625E-16,1.,0.));
#1564 = PCURVE('',#91,#1565);
#1565 = DEFINITIONAL_REPRESENTATION('',(#1566),#1570);
#1566 = LINE('',#1567,#1568);
#1567 = CARTESIAN_POINT('',(-17.,30.));
#1568 = VECTOR('',#1569,1.);
#1569 = DIRECTION('',(1.110223024625E-16,1.));
#1570 = ( GEOMETRIC_REPRESENTATION_CONTEXT(2) 
PARAMETRIC_REPRESENTATION_CONTEXT() REPRESENTATION_CONTEXT('2D SPACE',''
  ) );
#1571 = PCURVE('',#1572,#1577);
#1572 = PLANE('',#1573);
#1573 = AXIS2_PLACEMENT_3D('',#1574,#1575,#1576);
#1574 = CARTESIAN_POINT('',(-17.,30.,0.));
#1575 = DIRECTION('',(-1.,1.110223024625E-16,0.));
#1576 = DIRECTION('',(0.,0.,1.));
#1577 = DEFINITIONAL_REPRESENTATION('',(#1578),#1582);
#1578 = LINE('',#1579,#1580);
#1579 = CARTESIAN_POINT('',(0.,0.));
#1580 = VECTOR('',#1581,1.);
#1581 = DIRECTION('',(0.,1.));
#1582 = ( GEOMETRIC_REPRESENTATION_CONTEXT(2) 
PARAMETRIC_REPRESENTATION_CONTEXT() REPRESENTATION_CONTEXT('2D SPACE',''
  ) );
#1583 = ORIENTED_EDGE('',*,*,#1584,.F.);
#1584 = EDGE_CURVE('',#1585,#1557,#1587,.T.);
#1585 = VERTEX_POINT('',#1586);
#1586 = CARTESIAN_POINT('',(-13.,30.,0.));
#1587 = SURFACE_CURVE('',#1588,(#1593,#1604),.PCURVE_S1.);
#1588 = CIRCLE('',#1589,4.);
#1589 = AXIS2_PLACEMENT_3D('',#1590,#1591,#1592);
#1590 = CARTESIAN_POINT('',(-13.,34.,0.));
#1591 = DIRECTION('',(0.,-0.,-1.));
#1592 = DIRECTION('',(1.,-1.110223024625E-16,0.));
#1593 = PCURVE('',#91,#1594);
#1594 = DEFINITIONAL_REPRESENTATION('',(#1595),#1603);
#1595 = ( BOUNDED_CURVE() B_SPLINE_CURVE(2,(#1596,#1597,#1598,#1599,
#1600,#1601,#1602),.UNSPECIFIED.,.T.,.F.) B_SPLINE_CURVE_WITH_KNOTS((1,2
    ,2,2,2,1),(-2.094395102393,0.,2.094395102393,4.188790204786,
6.28318530718,8.377580409573),.UNSPECIFIED.) CURVE() 
GEOMETRIC_REPRESENTATION_ITEM() RATIONAL_B_SPLINE_CURVE((1.,0.5,1.,0.5,
1.,0.5,1.)) REPRESENTATION_ITEM('') );
#1596 = CARTESIAN_POINT('',(-9.,34.));
#1597 = CARTESIAN_POINT('',(-9.,27.071796769724));
#1598 = CARTESIAN_POINT('',(-15.,30.535898384862));
#1599 = CARTESIAN_POINT('',(-21.,34.));
#1600 = CARTESIAN_POINT('',(-15.,37.464101615138));
#1601 = CARTESIAN_POINT('',(-9.,40.928203230276));
#1602 = CARTESIAN_POINT('',(-9.,34.));
#1603 = ( GEOMETRIC_REPRESENTATION_CONTEXT(2) 
PARAMETRIC_REPRESENTATION_CONTEXT() REPRESENTATION_CONTEXT('2D SPACE',''
  ) );
#1604 = PCURVE('',#1605,#1610);
#1605 = CYLINDRICAL_SURFACE('',#1606,4.);
#1606 = AXIS2_PLACEMENT_3D('',#1607,#1608,#1609);
#1607 = CARTESIAN_POINT('',(-13.,34.,0.));
#1608 = DIRECTION('',(0.,0.,1.));
#1609 = DIRECTION('',(-1.110223024625E-16,-1.,0.));
#1610 = DEFINITIONAL_REPRESENTATION('',(#1611),#1615);
#1611 = LINE('',#1612,#1613);
#1612 = CARTESIAN_POINT('',(1.570796326795,-0.));
#1613 = VECTOR('',#1614,1.);
#1614 = DIRECTION('',(-1.,0.));
#1615 = ( GEOMETRIC_REPRESENTATION_CONTEXT(2) 
PARAMETRIC_REPRESENTATION_CONTEXT() REPRESENTATION_CONTEXT('2D SPACE',''
  ) );
#1616 = ORIENTED_EDGE('',*,*,#1617,.F.);
#1617 = EDGE_CURVE('',#1618,#1585,#1620,.T.);
#1618 = VERTEX_POINT('',#1619);
#1619 = CARTESIAN_POINT('',(13.,30.,0.));
#1620 = SURFACE_CURVE('',#1621,(#1625,#1632),.PCURVE_S1.);
#1621 = LINE('',#1622,#1623);
#1622 = CARTESIAN_POINT('',(17.,30.,0.));
#1623 = VECTOR('',#1624,1.);
#1624 = DIRECTION('',(-1.,1.110223024625E-16,0.));
#1625 = PCURVE('',#91,#1626);
#1626 = DEFINITIONAL_REPRESENTATION('',(#1627),#1631);
#1627 = LINE('',#1628,#1629);
#1628 = CARTESIAN_POINT('',(17.,30.));
#1629 = VECTOR('',#1630,1.);
#1630 = DIRECTION('',(-1.,1.110223024625E-16));
#1631 = ( GEOMETRIC_REPRESENTATION_CONTEXT(2) 
PARAMETRIC_REPRESENTATION_CONTEXT() REPRESENTATION_CONTEXT('2D SPACE',''
  ) );
#1632 = PCURVE('',#1633,#1638);
#1633 = PLANE('',#1634);
#1634 = AXIS2_PLACEMENT_3D('',#1635,#1636,#1637);
#1635 = CARTESIAN_POINT('',(17.,30.,0.));
#1636 = DIRECTION('',(1.110223024625E-16,1.,0.));
#1637 = DIRECTION('',(0.,0.,1.));
#1638 = DEFINITIONAL_REPRESENTATION('',(#1639),#1643);
#1639 = LINE('',#1640,#1641);
#1640 = CARTESIAN_POINT('',(0.,0.));
#1641 = VECTOR('',#1642,1.);
#1642 = DIRECTION('',(0.,-1.));
#1643 = ( GEOMETRIC_REPRESENTATION_CONTEXT(2) 
PARAMETRIC_REPRESENTATION_CONTEXT() REPRESENTATION_CONTEXT('2D SPACE',''
  ) );
#1644 = ORIENTED_EDGE('',*,*,#1645,.T.);
#1645 = EDGE_CURVE('',#1618,#1646,#1648,.T.);
#1646 = VERTEX_POINT('',#1647);
#1647 = CARTESIAN_POINT('',(17.,34.,0.));
#1648 = SURFACE_CURVE('',#1649,(#1654,#1661),.PCURVE_S1.);
#1649 = CIRCLE('',#1650,4.);
#1650 = AXIS2_PLACEMENT_3D('',#1651,#1652,#1653);
#1651 = CARTESIAN_POINT('',(13.,34.,0.));
#1652 = DIRECTION('',(-0.,0.,1.));
#1653 = DIRECTION('',(1.,-1.110223024625E-16,0.));
#1654 = PCURVE('',#91,#1655);
#1655 = DEFINITIONAL_REPRESENTATION('',(#1656),#1660);
#1656 = CIRCLE('',#1657,4.);
#1657 = AXIS2_PLACEMENT_2D('',#1658,#1659);
#1658 = CARTESIAN_POINT('',(13.,34.));
#1659 = DIRECTION('',(1.,-1.110223024625E-16));
#1660 = ( GEOMETRIC_REPRESENTATION_CONTEXT(2) 
PARAMETRIC_REPRESENTATION_CONTEXT() REPRESENTATION_CONTEXT('2D SPACE',''
  ) );
#1661 = PCURVE('',#1662,#1667);
#1662 = CYLINDRICAL_SURFACE('',#1663,4.);
#1663 = AXIS2_PLACEMENT_3D('',#1664,#1665,#1666);
#1664 = CARTESIAN_POINT('',(13.,34.,0.));
#1665 = DIRECTION('',(0.,0.,1.));
#1666 = DIRECTION('',(-1.110223024625E-16,-1.,0.));
#1667 = DEFINITIONAL_REPRESENTATION('',(#1668),#1672);
#1668 = LINE('',#1669,#1670);
#1669 = CARTESIAN_POINT('',(-4.712388980385,0.));
#1670 = VECTOR('',#1671,1.);
#1671 = DIRECTION('',(1.,0.));
#1672 = ( GEOMETRIC_REPRESENTATION_CONTEXT(2) 
PARAMETRIC_REPRESENTATION_CONTEXT() REPRESENTATION_CONTEXT('2D SPACE',''
  ) );
#1673 = ORIENTED_EDGE('',*,*,#1674,.T.);
#1674 = EDGE_CURVE('',#1646,#1178,#1675,.T.);
#1675 = SURFACE_CURVE('',#1676,(#1680,#1687),.PCURVE_S1.);
#1676 = LINE('',#1677,#1678);
#1677 = CARTESIAN_POINT('',(17.,30.,0.));
#1678 = VECTOR('',#1679,1.);
#1679 = DIRECTION('',(1.110223024625E-16,1.,0.));
#1680 = PCURVE('',#91,#1681);
#1681 = DEFINITIONAL_REPRESENTATION('',(#1682),#1686);
#1682 = LINE('',#1683,#1684);
#1683 = CARTESIAN_POINT('',(17.,30.));
#1684 = VECTOR('',#1685,1.);
#1685 = DIRECTION('',(1.110223024625E-16,1.));
#1686 = ( GEOMETRIC_REPRESENTATION_CONTEXT(2) 
PARAMETRIC_REPRESENTATION_CONTEXT() REPRESENTATION_CONTEXT('2D SPACE',''
  ) );
#1687 = PCURVE('',#1688,#1693);
#1688 = PLANE('',#1689);
#1689 = AXIS2_PLACEMENT_3D('',#1690,#1691,#1692);
#1690 = CARTESIAN_POINT('',(17.,30.,0.));
#1691 = DIRECTION('',(-1.,1.110223024625E-16,0.));
#1692 = DIRECTION('',(0.,0.,1.));
#1693 = DEFINITIONAL_REPRESENTATION('',(#1694),#1698);
#1694 = LINE('',#1695,#1696);
#1695 = CARTESIAN_POINT('',(0.,0.));
#1696 = VECTOR('',#1697,1.);
#1697 = DIRECTION('',(0.,1.));
#1698 = ( GEOMETRIC_REPRESENTATION_CONTEXT(2) 
PARAMETRIC_REPRESENTATION_CONTEXT() REPRESENTATION_CONTEXT('2D SPACE',''
  ) );
#1699 = FACE_BOUND('',#1700,.F.);
#1700 = EDGE_LOOP('',(#1701));
#1701 = ORIENTED_EDGE('',*,*,#1702,.T.);
#1702 = EDGE_CURVE('',#1703,#1703,#1705,.T.);
#1703 = VERTEX_POINT('',#1704);
#1704 = CARTESIAN_POINT('',(-55.87370205355,33.5,0.));
#1705 = SURFACE_CURVE('',#1706,(#1711,#1722),.PCURVE_S1.);
#1706 = CIRCLE('',#1707,2.15);
#1707 = AXIS2_PLACEMENT_3D('',#1708,#1709,#1710);
#1708 = CARTESIAN_POINT('',(-58.02370205355,33.5,0.));
#1709 = DIRECTION('',(0.,0.,-1.));
#1710 = DIRECTION('',(1.,0.,0.));
#1711 = PCURVE('',#91,#1712);
#1712 = DEFINITIONAL_REPRESENTATION('',(#1713),#1721);
#1713 = ( BOUNDED_CURVE() B_SPLINE_CURVE(2,(#1714,#1715,#1716,#1717,
#1718,#1719,#1720),.UNSPECIFIED.,.T.,.F.) B_SPLINE_CURVE_WITH_KNOTS((1,2
    ,2,2,2,1),(-2.094395102393,0.,2.094395102393,4.188790204786,
6.28318530718,8.377580409573),.UNSPECIFIED.) CURVE() 
GEOMETRIC_REPRESENTATION_ITEM() RATIONAL_B_SPLINE_CURVE((1.,0.5,1.,0.5,
1.,0.5,1.)) REPRESENTATION_ITEM('') );
#1714 = CARTESIAN_POINT('',(-55.87370205355,33.5));
#1715 = CARTESIAN_POINT('',(-55.87370205355,29.776090763727));
#1716 = CARTESIAN_POINT('',(-59.09870205355,31.638045381863));
#1717 = CARTESIAN_POINT('',(-62.32370205355,33.5));
#1718 = CARTESIAN_POINT('',(-59.09870205355,35.361954618137));
#1719 = CARTESIAN_POINT('',(-55.87370205355,37.223909236273));
#1720 = CARTESIAN_POINT('',(-55.87370205355,33.5));
#1721 = ( GEOMETRIC_REPRESENTATION_CONTEXT(2) 
PARAMETRIC_REPRESENTATION_CONTEXT() REPRESENTATION_CONTEXT('2D SPACE',''
  ) );
#1722 = PCURVE('',#1723,#1728);
#1723 = CYLINDRICAL_SURFACE('',#1724,2.15);
#1724 = AXIS2_PLACEMENT_3D('',#1725,#1726,#1727);
#1725 = CARTESIAN_POINT('',(-58.02370205355,33.5,-1.));
#1726 = DIRECTION('',(-0.,-0.,-1.));
#1727 = DIRECTION('',(1.,0.,0.));
#1728 = DEFINITIONAL_REPRESENTATION('',(#1729),#1733);
#1729 = LINE('',#1730,#1731);
#1730 = CARTESIAN_POINT('',(-6.28318530718,-1.));
#1731 = VECTOR('',#1732,1.);
#1732 = DIRECTION('',(1.,-0.));
#1733 = ( GEOMETRIC_REPRESENTATION_CONTEXT(2) 
PARAMETRIC_REPRESENTATION_CONTEXT() REPRESENTATION_CONTEXT('2D SPACE',''
  ) );
#1734 = FACE_BOUND('',#1735,.F.);
#1735 = EDGE_LOOP('',(#1736));
#1736 = ORIENTED_EDGE('',*,*,#1737,.T.);
#1737 = EDGE_CURVE('',#1738,#1738,#1740,.T.);
#1738 = VERTEX_POINT('',#1739);
#1739 = CARTESIAN_POINT('',(-10.3,35.,0.));
#1740 = SURFACE_CURVE('',#1741,(#1746,#1757),.PCURVE_S1.);
#1741 = CIRCLE('',#1742,1.7);
#1742 = AXIS2_PLACEMENT_3D('',#1743,#1744,#1745);
#1743 = CARTESIAN_POINT('',(-12.,35.,0.));
#1744 = DIRECTION('',(0.,0.,-1.));
#1745 = DIRECTION('',(1.,0.,0.));
#1746 = PCURVE('',#91,#1747);
#1747 = DEFINITIONAL_REPRESENTATION('',(#1748),#1756);
#1748 = ( BOUNDED_CURVE() B_SPLINE_CURVE(2,(#1749,#1750,#1751,#1752,
#1753,#1754,#1755),.UNSPECIFIED.,.T.,.F.) B_SPLINE_CURVE_WITH_KNOTS((1,2
    ,2,2,2,1),(-2.094395102393,0.,2.094395102393,4.188790204786,
6.28318530718,8.377580409573),.UNSPECIFIED.) CURVE() 
GEOMETRIC_REPRESENTATION_ITEM() RATIONAL_B_SPLINE_CURVE((1.,0.5,1.,0.5,
1.,0.5,1.)) REPRESENTATION_ITEM('') );
#1749 = CARTESIAN_POINT('',(-10.3,35.));
#1750 = CARTESIAN_POINT('',(-10.3,32.055513627133));
#1751 = CARTESIAN_POINT('',(-12.85,33.527756813566));
#1752 = CARTESIAN_POINT('',(-15.4,35.));
#1753 = CARTESIAN_POINT('',(-12.85,36.472243186434));
#1754 = CARTESIAN_POINT('',(-10.3,37.944486372867));
#1755 = CARTESIAN_POINT('',(-10.3,35.));
#1756 = ( GEOMETRIC_REPRESENTATION_CONTEXT(2) 
PARAMETRIC_REPRESENTATION_CONTEXT() REPRESENTATION_CONTEXT('2D SPACE',''
  ) );
#1757 = PCURVE('',#1758,#1763);
#1758 = CYLINDRICAL_SURFACE('',#1759,1.7);
#1759 = AXIS2_PLACEMENT_3D('',#1760,#1761,#1762);
#1760 = CARTESIAN_POINT('',(-12.,35.,-1.));
#1761 = DIRECTION('',(-0.,-0.,-1.));
#1762 = DIRECTION('',(1.,0.,0.));
#1763 = DEFINITIONAL_REPRESENTATION('',(#1764),#1768);
#1764 = LINE('',#1765,#1766);
#1765 = CARTESIAN_POINT('',(-6.28318530718,-1.));
#1766 = VECTOR('',#1767,1.);
#1767 = DIRECTION('',(1.,-0.));
#1768 = ( GEOMETRIC_REPRESENTATION_CONTEXT(2) 
PARAMETRIC_REPRESENTATION_CONTEXT() REPRESENTATION_CONTEXT('2D SPACE',''
  ) );
#1769 = FACE_BOUND('',#1770,.F.);
#1770 = EDGE_LOOP('',(#1771));
#1771 = ORIENTED_EDGE('',*,*,#1772,.T.);
#1772 = EDGE_CURVE('',#1773,#1773,#1775,.T.);
#1773 = VERTEX_POINT('',#1774);
#1774 = CARTESIAN_POINT('',(-10.3,105.,0.));
#1775 = SURFACE_CURVE('',#1776,(#1781,#1792),.PCURVE_S1.);
#1776 = CIRCLE('',#1777,1.7);
#1777 = AXIS2_PLACEMENT_3D('',#1778,#1779,#1780);
#1778 = CARTESIAN_POINT('',(-12.,105.,0.));
#1779 = DIRECTION('',(0.,0.,-1.));
#1780 = DIRECTION('',(1.,0.,0.));
#1781 = PCURVE('',#91,#1782);
#1782 = DEFINITIONAL_REPRESENTATION('',(#1783),#1791);
#1783 = ( BOUNDED_CURVE() B_SPLINE_CURVE(2,(#1784,#1785,#1786,#1787,
#1788,#1789,#1790),.UNSPECIFIED.,.T.,.F.) B_SPLINE_CURVE_WITH_KNOTS((1,2
    ,2,2,2,1),(-2.094395102393,0.,2.094395102393,4.188790204786,
6.28318530718,8.377580409573),.UNSPECIFIED.) CURVE() 
GEOMETRIC_REPRESENTATION_ITEM() RATIONAL_B_SPLINE_CURVE((1.,0.5,1.,0.5,
1.,0.5,1.)) REPRESENTATION_ITEM('') );
#1784 = CARTESIAN_POINT('',(-10.3,105.));
#1785 = CARTESIAN_POINT('',(-10.3,102.05551362713));
#1786 = CARTESIAN_POINT('',(-12.85,103.52775681356));
#1787 = CARTESIAN_POINT('',(-15.4,105.));
#1788 = CARTESIAN_POINT('',(-12.85,106.47224318643));
#1789 = CARTESIAN_POINT('',(-10.3,107.94448637286));
#1790 = CARTESIAN_POINT('',(-10.3,105.));
#1791 = ( GEOMETRIC_REPRESENTATION_CONTEXT(2) 
PARAMETRIC_REPRESENTATION_CONTEXT() REPRESENTATION_CONTEXT('2D SPACE',''
  ) );
#1792 = PCURVE('',#1793,#1798);
#1793 = CYLINDRICAL_SURFACE('',#1794,1.7);
#1794 = AXIS2_PLACEMENT_3D('',#1795,#1796,#1797);
#1795 = CARTESIAN_POINT('',(-12.,105.,-1.));
#1796 = DIRECTION('',(-0.,-0.,-1.));
#1797 = DIRECTION('',(1.,0.,0.));
#1798 = DEFINITIONAL_REPRESENTATION('',(#1799),#1803);
#1799 = LINE('',#1800,#1801);
#1800 = CARTESIAN_POINT('',(-6.28318530718,-1.));
#1801 = VECTOR('',#1802,1.);
#1802 = DIRECTION('',(1.,-0.));
#1803 = ( GEOMETRIC_REPRESENTATION_CONTEXT(2) 
PARAMETRIC_REPRESENTATION_CONTEXT() REPRESENTATION_CONTEXT('2D SPACE',''
  ) );
#1804 = FACE_BOUND('',#1805,.F.);
#1805 = EDGE_LOOP('',(#1806));
#1806 = ORIENTED_EDGE('',*,*,#1807,.T.);
#1807 = EDGE_CURVE('',#1808,#1808,#1810,.T.);
#1808 = VERTEX_POINT('',#1809);
#1809 = CARTESIAN_POINT('',(13.7,35.,0.));
#1810 = SURFACE_CURVE('',#1811,(#1816,#1827),.PCURVE_S1.);
#1811 = CIRCLE('',#1812,1.7);
#1812 = AXIS2_PLACEMENT_3D('',#1813,#1814,#1815);
#1813 = CARTESIAN_POINT('',(12.,35.,0.));
#1814 = DIRECTION('',(0.,0.,-1.));
#1815 = DIRECTION('',(1.,0.,0.));
#1816 = PCURVE('',#91,#1817);
#1817 = DEFINITIONAL_REPRESENTATION('',(#1818),#1826);
#1818 = ( BOUNDED_CURVE() B_SPLINE_CURVE(2,(#1819,#1820,#1821,#1822,
#1823,#1824,#1825),.UNSPECIFIED.,.T.,.F.) B_SPLINE_CURVE_WITH_KNOTS((1,2
    ,2,2,2,1),(-2.094395102393,0.,2.094395102393,4.188790204786,
6.28318530718,8.377580409573),.UNSPECIFIED.) CURVE() 
GEOMETRIC_REPRESENTATION_ITEM() RATIONAL_B_SPLINE_CURVE((1.,0.5,1.,0.5,
1.,0.5,1.)) REPRESENTATION_ITEM('') );
#1819 = CARTESIAN_POINT('',(13.7,35.));
#1820 = CARTESIAN_POINT('',(13.7,32.055513627133));
#1821 = CARTESIAN_POINT('',(11.15,33.527756813566));
#1822 = CARTESIAN_POINT('',(8.6,35.));
#1823 = CARTESIAN_POINT('',(11.15,36.472243186434));
#1824 = CARTESIAN_POINT('',(13.7,37.944486372867));
#1825 = CARTESIAN_POINT('',(13.7,35.));
#1826 = ( GEOMETRIC_REPRESENTATION_CONTEXT(2) 
PARAMETRIC_REPRESENTATION_CONTEXT() REPRESENTATION_CONTEXT('2D SPACE',''
  ) );
#1827 = PCURVE('',#1828,#1833);
#1828 = CYLINDRICAL_SURFACE('',#1829,1.7);
#1829 = AXIS2_PLACEMENT_3D('',#1830,#1831,#1832);
#1830 = CARTESIAN_POINT('',(12.,35.,-1.));
#1831 = DIRECTION('',(-0.,-0.,-1.));
#1832 = DIRECTION('',(1.,0.,0.));
#1833 = DEFINITIONAL_REPRESENTATION('',(#1834),#1838);
#1834 = LINE('',#1835,#1836);
#1835 = CARTESIAN_POINT('',(-6.28318530718,-1.));
#1836 = VECTOR('',#1837,1.);
#1837 = DIRECTION('',(1.,-0.));
#1838 = ( GEOMETRIC_REPRESENTATION_CONTEXT(2) 
PARAMETRIC_REPRESENTATION_CONTEXT() REPRESENTATION_CONTEXT('2D SPACE',''
  ) );
#1839 = FACE_BOUND('',#1840,.F.);
#1840 = EDGE_LOOP('',(#1841));
#1841 = ORIENTED_EDGE('',*,*,#1842,.T.);
#1842 = EDGE_CURVE('',#1843,#1843,#1845,.T.);
#1843 = VERTEX_POINT('',#1844);
#1844 = CARTESIAN_POINT('',(60.173702053557,33.5,0.));
#1845 = SURFACE_CURVE('',#1846,(#1851,#1862),.PCURVE_S1.);
#1846 = CIRCLE('',#1847,2.15);
#1847 = AXIS2_PLACEMENT_3D('',#1848,#1849,#1850);
#1848 = CARTESIAN_POINT('',(58.023702053557,33.5,0.));
#1849 = DIRECTION('',(0.,0.,-1.));
#1850 = DIRECTION('',(1.,0.,0.));
#1851 = PCURVE('',#91,#1852);
#1852 = DEFINITIONAL_REPRESENTATION('',(#1853),#1861);
#1853 = ( BOUNDED_CURVE() B_SPLINE_CURVE(2,(#1854,#1855,#1856,#1857,
#1858,#1859,#1860),.UNSPECIFIED.,.T.,.F.) B_SPLINE_CURVE_WITH_KNOTS((1,2
    ,2,2,2,1),(-2.094395102393,0.,2.094395102393,4.188790204786,
6.28318530718,8.377580409573),.UNSPECIFIED.) CURVE() 
GEOMETRIC_REPRESENTATION_ITEM() RATIONAL_B_SPLINE_CURVE((1.,0.5,1.,0.5,
1.,0.5,1.)) REPRESENTATION_ITEM('') );
#1854 = CARTESIAN_POINT('',(60.173702053557,33.5));
#1855 = CARTESIAN_POINT('',(60.173702053557,29.776090763727));
#1856 = CARTESIAN_POINT('',(56.948702053557,31.638045381863));
#1857 = CARTESIAN_POINT('',(53.723702053557,33.5));
#1858 = CARTESIAN_POINT('',(56.948702053557,35.361954618137));
#1859 = CARTESIAN_POINT('',(60.173702053557,37.223909236273));
#1860 = CARTESIAN_POINT('',(60.173702053557,33.5));
#1861 = ( GEOMETRIC_REPRESENTATION_CONTEXT(2) 
PARAMETRIC_REPRESENTATION_CONTEXT() REPRESENTATION_CONTEXT('2D SPACE',''
  ) );
#1862 = PCURVE('',#1863,#1868);
#1863 = CYLINDRICAL_SURFACE('',#1864,2.15);
#1864 = AXIS2_PLACEMENT_3D('',#1865,#1866,#1867);
#1865 = CARTESIAN_POINT('',(58.023702053557,33.5,-1.));
#1866 = DIRECTION('',(-0.,-0.,-1.));
#1867 = DIRECTION('',(1.,0.,0.));
#1868 = DEFINITIONAL_REPRESENTATION('',(#1869),#1873);
#1869 = LINE('',#1870,#1871);
#1870 = CARTESIAN_POINT('',(-6.28318530718,-1.));
#1871 = VECTOR('',#1872,1.);
#1872 = DIRECTION('',(1.,-0.));
#1873 = ( GEOMETRIC_REPRESENTATION_CONTEXT(2) 
PARAMETRIC_REPRESENTATION_CONTEXT() REPRESENTATION_CONTEXT('2D SPACE',''
  ) );
#1874 = FACE_BOUND('',#1875,.F.);
#1875 = EDGE_LOOP('',(#1876));
#1876 = ORIENTED_EDGE('',*,*,#1877,.T.);
#1877 = EDGE_CURVE('',#1878,#1878,#1880,.T.);
#1878 = VERTEX_POINT('',#1879);
#1879 = CARTESIAN_POINT('',(1.7,107.,0.));
#1880 = SURFACE_CURVE('',#1881,(#1886,#1897),.PCURVE_S1.);
#1881 = CIRCLE('',#1882,1.7);
#1882 = AXIS2_PLACEMENT_3D('',#1883,#1884,#1885);
#1883 = CARTESIAN_POINT('',(6.551860375438E-15,107.,0.));
#1884 = DIRECTION('',(0.,0.,-1.));
#1885 = DIRECTION('',(1.,0.,0.));
#1886 = PCURVE('',#91,#1887);
#1887 = DEFINITIONAL_REPRESENTATION('',(#1888),#1896);
#1888 = ( BOUNDED_CURVE() B_SPLINE_CURVE(2,(#1889,#1890,#1891,#1892,
#1893,#1894,#1895),.UNSPECIFIED.,.T.,.F.) B_SPLINE_CURVE_WITH_KNOTS((1,2
    ,2,2,2,1),(-2.094395102393,0.,2.094395102393,4.188790204786,
6.28318530718,8.377580409573),.UNSPECIFIED.) CURVE() 
GEOMETRIC_REPRESENTATION_ITEM() RATIONAL_B_SPLINE_CURVE((1.,0.5,1.,0.5,
1.,0.5,1.)) REPRESENTATION_ITEM('') );
#1889 = CARTESIAN_POINT('',(1.7,107.));
#1890 = CARTESIAN_POINT('',(1.7,104.05551362713));
#1891 = CARTESIAN_POINT('',(-0.85,105.52775681356));
#1892 = CARTESIAN_POINT('',(-3.4,107.));
#1893 = CARTESIAN_POINT('',(-0.85,108.47224318643));
#1894 = CARTESIAN_POINT('',(1.7,109.94448637286));
#1895 = CARTESIAN_POINT('',(1.7,107.));
#1896 = ( GEOMETRIC_REPRESENTATION_CONTEXT(2) 
PARAMETRIC_REPRESENTATION_CONTEXT() REPRESENTATION_CONTEXT('2D SPACE',''
  ) );
#1897 = PCURVE('',#1898,#1903);
#1898 = CYLINDRICAL_SURFACE('',#1899,1.7);
#1899 = AXIS2_PLACEMENT_3D('',#1900,#1901,#1902);
#1900 = CARTESIAN_POINT('',(6.551860375438E-15,107.,-1.));
#1901 = DIRECTION('',(-0.,-0.,-1.));
#1902 = DIRECTION('',(1.,0.,0.));
#1903 = DEFINITIONAL_REPRESENTATION('',(#1904),#1908);
#1904 = LINE('',#1905,#1906);
#1905 = CARTESIAN_POINT('',(-6.28318530718,-1.));
#1906 = VECTOR('',#1907,1.);
#1907 = DIRECTION('',(1.,-0.));
#1908 = ( GEOMETRIC_REPRESENTATION_CONTEXT(2) 
PARAMETRIC_REPRESENTATION_CONTEXT() REPRESENTATION_CONTEXT('2D SPACE',''
  ) );
#1909 = FACE_BOUND('',#1910,.F.);
#1910 = EDGE_LOOP('',(#1911));
#1911 = ORIENTED_EDGE('',*,*,#1912,.T.);
#1912 = EDGE_CURVE('',#1913,#1913,#1915,.T.);
#1913 = VERTEX_POINT('',#1914);
#1914 = CARTESIAN_POINT('',(13.7,105.,0.));
#1915 = SURFACE_CURVE('',#1916,(#1921,#1932),.PCURVE_S1.);
#1916 = CIRCLE('',#1917,1.7);
#1917 = AXIS2_PLACEMENT_3D('',#1918,#1919,#1920);
#1918 = CARTESIAN_POINT('',(12.,105.,0.));
#1919 = DIRECTION('',(0.,0.,-1.));
#1920 = DIRECTION('',(1.,0.,0.));
#1921 = PCURVE('',#91,#1922);
#1922 = DEFINITIONAL_REPRESENTATION('',(#1923),#1931);
#1923 = ( BOUNDED_CURVE() B_SPLINE_CURVE(2,(#1924,#1925,#1926,#1927,
#1928,#1929,#1930),.UNSPECIFIED.,.T.,.F.) B_SPLINE_CURVE_WITH_KNOTS((1,2
    ,2,2,2,1),(-2.094395102393,0.,2.094395102393,4.188790204786,
6.28318530718,8.377580409573),.UNSPECIFIED.) CURVE() 
GEOMETRIC_REPRESENTATION_ITEM() RATIONAL_B_SPLINE_CURVE((1.,0.5,1.,0.5,
1.,0.5,1.)) REPRESENTATION_ITEM('') );
#1924 = CARTESIAN_POINT('',(13.7,105.));
#1925 = CARTESIAN_POINT('',(13.7,102.05551362713));
#1926 = CARTESIAN_POINT('',(11.15,103.52775681356));
#1927 = CARTESIAN_POINT('',(8.6,105.));
#1928 = CARTESIAN_POINT('',(11.15,106.47224318643));
#1929 = CARTESIAN_POINT('',(13.7,107.94448637286));
#1930 = CARTESIAN_POINT('',(13.7,105.));
#1931 = ( GEOMETRIC_REPRESENTATION_CONTEXT(2) 
PARAMETRIC_REPRESENTATION_CONTEXT() REPRESENTATION_CONTEXT('2D SPACE',''
  ) );
#1932 = PCURVE('',#1933,#1938);
#1933 = CYLINDRICAL_SURFACE('',#1934,1.7);
#1934 = AXIS2_PLACEMENT_3D('',#1935,#1936,#1937);
#1935 = CARTESIAN_POINT('',(12.,105.,-1.));
#1936 = DIRECTION('',(-0.,-0.,-1.));
#1937 = DIRECTION('',(1.,0.,0.));
#1938 = DEFINITIONAL_REPRESENTATION('',(#1939),#1943);
#1939 = LINE('',#1940,#1941);
#1940 = CARTESIAN_POINT('',(-6.28318530718,-1.));
#1941 = VECTOR('',#1942,1.);
#1942 = DIRECTION('',(1.,-0.));
#1943 = ( GEOMETRIC_REPRESENTATION_CONTEXT(2) 
PARAMETRIC_REPRESENTATION_CONTEXT() REPRESENTATION_CONTEXT('2D SPACE',''
  ) );
#1944 = ADVANCED_FACE('',(#1945),#175,.F.);
#1945 = FACE_BOUND('',#1946,.F.);
#1946 = EDGE_LOOP('',(#1947,#1948,#1949,#1972));
#1947 = ORIENTED_EDGE('',*,*,#213,.F.);
#1948 = ORIENTED_EDGE('',*,*,#162,.F.);
#1949 = ORIENTED_EDGE('',*,*,#1950,.T.);
#1950 = EDGE_CURVE('',#130,#1951,#1953,.T.);
#1951 = VERTEX_POINT('',#1952);
#1952 = CARTESIAN_POINT('',(-100.2986928011,-38.27756813566,8.));
#1953 = SURFACE_CURVE('',#1954,(#1958,#1965),.PCURVE_S1.);
#1954 = LINE('',#1955,#1956);
#1955 = CARTESIAN_POINT('',(-34.48076211353,-0.277568135665,8.));
#1956 = VECTOR('',#1957,1.);
#1957 = DIRECTION('',(-0.866025403784,-0.5,0.));
#1958 = PCURVE('',#175,#1959);
#1959 = DEFINITIONAL_REPRESENTATION('',(#1960),#1964);
#1960 = LINE('',#1961,#1962);
#1961 = CARTESIAN_POINT('',(8.,0.));
#1962 = VECTOR('',#1963,1.);
#1963 = DIRECTION('',(0.,1.));
#1964 = ( GEOMETRIC_REPRESENTATION_CONTEXT(2) 
PARAMETRIC_REPRESENTATION_CONTEXT() REPRESENTATION_CONTEXT('2D SPACE',''
  ) );
#1965 = PCURVE('',#146,#1966);
#1966 = DEFINITIONAL_REPRESENTATION('',(#1967),#1971);
#1967 = LINE('',#1968,#1969);
#1968 = CARTESIAN_POINT('',(-34.48076211353,-0.277568135665));
#1969 = VECTOR('',#1970,1.);
#1970 = DIRECTION('',(-0.866025403784,-0.5));
#1971 = ( GEOMETRIC_REPRESENTATION_CONTEXT(2) 
PARAMETRIC_REPRESENTATION_CONTEXT() REPRESENTATION_CONTEXT('2D SPACE',''
  ) );
#1972 = ORIENTED_EDGE('',*,*,#1973,.F.);
#1973 = EDGE_CURVE('',#214,#1951,#1974,.T.);
#1974 = SURFACE_CURVE('',#1975,(#1979,#1986),.PCURVE_S1.);
#1975 = LINE('',#1976,#1977);
#1976 = CARTESIAN_POINT('',(-100.2986928011,-38.27756813566,0.));
#1977 = VECTOR('',#1978,1.);
#1978 = DIRECTION('',(0.,0.,1.));
#1979 = PCURVE('',#175,#1980);
#1980 = DEFINITIONAL_REPRESENTATION('',(#1981),#1985);
#1981 = LINE('',#1982,#1983);
#1982 = CARTESIAN_POINT('',(0.,76.));
#1983 = VECTOR('',#1984,1.);
#1984 = DIRECTION('',(1.,0.));
#1985 = ( GEOMETRIC_REPRESENTATION_CONTEXT(2) 
PARAMETRIC_REPRESENTATION_CONTEXT() REPRESENTATION_CONTEXT('2D SPACE',''
  ) );
#1986 = PCURVE('',#257,#1987);
#1987 = DEFINITIONAL_REPRESENTATION('',(#1988),#1992);
#1988 = LINE('',#1989,#1990);
#1989 = CARTESIAN_POINT('',(-1.570796326795,0.));
#1990 = VECTOR('',#1991,1.);
#1991 = DIRECTION('',(-0.,1.));
#1992 = ( GEOMETRIC_REPRESENTATION_CONTEXT(2) 
PARAMETRIC_REPRESENTATION_CONTEXT() REPRESENTATION_CONTEXT('2D SPACE',''
  ) );
#1993 = ADVANCED_FACE('',(#1994,#2494,#2524,#2554,#2584,#2614,#2644,
    #2674,#2704,#2734,#2764,#2794,#2824,#3273,#3303,#3333,#3363,#3393,
    #3423,#3453),#146,.T.);
#1994 = FACE_BOUND('',#1995,.T.);
#1995 = EDGE_LOOP('',(#1996,#2026,#2049,#2077,#2100,#2124,#2145,#2146,
    #2147,#2175,#2198,#2222,#2245,#2273,#2296,#2324,#2347,#2375,#2398,
    #2426,#2449,#2473));
#1996 = ORIENTED_EDGE('',*,*,#1997,.F.);
#1997 = EDGE_CURVE('',#1998,#2000,#2002,.T.);
#1998 = VERTEX_POINT('',#1999);
#1999 = CARTESIAN_POINT('',(16.999999999999,73.047929470999,8.));
#2000 = VERTEX_POINT('',#2001);
#2001 = CARTESIAN_POINT('',(71.761362615739,-21.80153287116,8.));
#2002 = SURFACE_CURVE('',#2003,(#2008,#2019),.PCURVE_S1.);
#2003 = CIRCLE('',#2004,75.);
#2004 = AXIS2_PLACEMENT_3D('',#2005,#2006,#2007);
#2005 = CARTESIAN_POINT('',(0.,0.,8.));
#2006 = DIRECTION('',(0.,0.,-1.));
#2007 = DIRECTION('',(0.226666666667,0.973972392947,0.));
#2008 = PCURVE('',#146,#2009);
#2009 = DEFINITIONAL_REPRESENTATION('',(#2010),#2018);
#2010 = ( BOUNDED_CURVE() B_SPLINE_CURVE(2,(#2011,#2012,#2013,#2014,
#2015,#2016,#2017),.UNSPECIFIED.,.T.,.F.) B_SPLINE_CURVE_WITH_KNOTS((1,2
    ,2,2,2,1),(-2.094395102393,0.,2.094395102393,4.188790204786,
6.28318530718,8.377580409573),.UNSPECIFIED.) CURVE() 
GEOMETRIC_REPRESENTATION_ITEM() RATIONAL_B_SPLINE_CURVE((1.,0.5,1.,0.5,
1.,0.5,1.)) REPRESENTATION_ITEM('') );
#2011 = CARTESIAN_POINT('',(16.999999999999,73.047929470999));
#2012 = CARTESIAN_POINT('',(143.52272523147,43.60306574233));
#2013 = CARTESIAN_POINT('',(54.76136261574,-51.24639659983));
#2014 = CARTESIAN_POINT('',(-33.99999999999,-146.0958589419));
#2015 = CARTESIAN_POINT('',(-71.76136261573,-21.80153287116));
#2016 = CARTESIAN_POINT('',(-109.5227252314,102.49279319966));
#2017 = CARTESIAN_POINT('',(16.999999999999,73.047929470999));
#2018 = ( GEOMETRIC_REPRESENTATION_CONTEXT(2) 
PARAMETRIC_REPRESENTATION_CONTEXT() REPRESENTATION_CONTEXT('2D SPACE',''
  ) );
#2019 = PCURVE('',#660,#2020);
#2020 = DEFINITIONAL_REPRESENTATION('',(#2021),#2025);
#2021 = LINE('',#2022,#2023);
#2022 = CARTESIAN_POINT('',(-7.625327732315,-8.));
#2023 = VECTOR('',#2024,1.);
#2024 = DIRECTION('',(1.,-0.));
#2025 = ( GEOMETRIC_REPRESENTATION_CONTEXT(2) 
PARAMETRIC_REPRESENTATION_CONTEXT() REPRESENTATION_CONTEXT('2D SPACE',''
  ) );
#2026 = ORIENTED_EDGE('',*,*,#2027,.T.);
#2027 = EDGE_CURVE('',#1998,#2028,#2030,.T.);
#2028 = VERTEX_POINT('',#2029);
#2029 = CARTESIAN_POINT('',(17.,106.,8.));
#2030 = SURFACE_CURVE('',#2031,(#2035,#2042),.PCURVE_S1.);
#2031 = LINE('',#2032,#2033);
#2032 = CARTESIAN_POINT('',(17.,30.,8.));
#2033 = VECTOR('',#2034,1.);
#2034 = DIRECTION('',(1.110223024625E-16,1.,0.));
#2035 = PCURVE('',#146,#2036);
#2036 = DEFINITIONAL_REPRESENTATION('',(#2037),#2041);
#2037 = LINE('',#2038,#2039);
#2038 = CARTESIAN_POINT('',(17.,30.));
#2039 = VECTOR('',#2040,1.);
#2040 = DIRECTION('',(1.110223024625E-16,1.));
#2041 = ( GEOMETRIC_REPRESENTATION_CONTEXT(2) 
PARAMETRIC_REPRESENTATION_CONTEXT() REPRESENTATION_CONTEXT('2D SPACE',''
  ) );
#2042 = PCURVE('',#688,#2043);
#2043 = DEFINITIONAL_REPRESENTATION('',(#2044),#2048);
#2044 = LINE('',#2045,#2046);
#2045 = CARTESIAN_POINT('',(8.,0.));
#2046 = VECTOR('',#2047,1.);
#2047 = DIRECTION('',(0.,1.));
#2048 = ( GEOMETRIC_REPRESENTATION_CONTEXT(2) 
PARAMETRIC_REPRESENTATION_CONTEXT() REPRESENTATION_CONTEXT('2D SPACE',''
  ) );
#2049 = ORIENTED_EDGE('',*,*,#2050,.F.);
#2050 = EDGE_CURVE('',#2051,#2028,#2053,.T.);
#2051 = VERTEX_POINT('',#2052);
#2052 = CARTESIAN_POINT('',(13.,110.,8.));
#2053 = SURFACE_CURVE('',#2054,(#2059,#2070),.PCURVE_S1.);
#2054 = CIRCLE('',#2055,4.);
#2055 = AXIS2_PLACEMENT_3D('',#2056,#2057,#2058);
#2056 = CARTESIAN_POINT('',(13.,106.,8.));
#2057 = DIRECTION('',(0.,-0.,-1.));
#2058 = DIRECTION('',(1.,-1.110223024625E-16,0.));
#2059 = PCURVE('',#146,#2060);
#2060 = DEFINITIONAL_REPRESENTATION('',(#2061),#2069);
#2061 = ( BOUNDED_CURVE() B_SPLINE_CURVE(2,(#2062,#2063,#2064,#2065,
#2066,#2067,#2068),.UNSPECIFIED.,.T.,.F.) B_SPLINE_CURVE_WITH_KNOTS((1,2
    ,2,2,2,1),(-2.094395102393,0.,2.094395102393,4.188790204786,
6.28318530718,8.377580409573),.UNSPECIFIED.) CURVE() 
GEOMETRIC_REPRESENTATION_ITEM() RATIONAL_B_SPLINE_CURVE((1.,0.5,1.,0.5,
1.,0.5,1.)) REPRESENTATION_ITEM('') );
#2062 = CARTESIAN_POINT('',(17.,106.));
#2063 = CARTESIAN_POINT('',(17.,99.071796769724));
#2064 = CARTESIAN_POINT('',(11.,102.53589838486));
#2065 = CARTESIAN_POINT('',(5.,106.));
#2066 = CARTESIAN_POINT('',(11.,109.46410161513));
#2067 = CARTESIAN_POINT('',(17.,112.92820323027));
#2068 = CARTESIAN_POINT('',(17.,106.));
#2069 = ( GEOMETRIC_REPRESENTATION_CONTEXT(2) 
PARAMETRIC_REPRESENTATION_CONTEXT() REPRESENTATION_CONTEXT('2D SPACE',''
  ) );
#2070 = PCURVE('',#721,#2071);
#2071 = DEFINITIONAL_REPRESENTATION('',(#2072),#2076);
#2072 = LINE('',#2073,#2074);
#2073 = CARTESIAN_POINT('',(4.712388980385,8.));
#2074 = VECTOR('',#2075,1.);
#2075 = DIRECTION('',(-1.,0.));
#2076 = ( GEOMETRIC_REPRESENTATION_CONTEXT(2) 
PARAMETRIC_REPRESENTATION_CONTEXT() REPRESENTATION_CONTEXT('2D SPACE',''
  ) );
#2077 = ORIENTED_EDGE('',*,*,#2078,.T.);
#2078 = EDGE_CURVE('',#2051,#2079,#2081,.T.);
#2079 = VERTEX_POINT('',#2080);
#2080 = CARTESIAN_POINT('',(-13.,110.,8.));
#2081 = SURFACE_CURVE('',#2082,(#2086,#2093),.PCURVE_S1.);
#2082 = LINE('',#2083,#2084);
#2083 = CARTESIAN_POINT('',(17.,110.,8.));
#2084 = VECTOR('',#2085,1.);
#2085 = DIRECTION('',(-1.,1.110223024625E-16,0.));
#2086 = PCURVE('',#146,#2087);
#2087 = DEFINITIONAL_REPRESENTATION('',(#2088),#2092);
#2088 = LINE('',#2089,#2090);
#2089 = CARTESIAN_POINT('',(17.,110.));
#2090 = VECTOR('',#2091,1.);
#2091 = DIRECTION('',(-1.,1.110223024625E-16));
#2092 = ( GEOMETRIC_REPRESENTATION_CONTEXT(2) 
PARAMETRIC_REPRESENTATION_CONTEXT() REPRESENTATION_CONTEXT('2D SPACE',''
  ) );
#2093 = PCURVE('',#749,#2094);
#2094 = DEFINITIONAL_REPRESENTATION('',(#2095),#2099);
#2095 = LINE('',#2096,#2097);
#2096 = CARTESIAN_POINT('',(8.,0.));
#2097 = VECTOR('',#2098,1.);
#2098 = DIRECTION('',(0.,-1.));
#2099 = ( GEOMETRIC_REPRESENTATION_CONTEXT(2) 
PARAMETRIC_REPRESENTATION_CONTEXT() REPRESENTATION_CONTEXT('2D SPACE',''
  ) );
#2100 = ORIENTED_EDGE('',*,*,#2101,.T.);
#2101 = EDGE_CURVE('',#2079,#2102,#2104,.T.);
#2102 = VERTEX_POINT('',#2103);
#2103 = CARTESIAN_POINT('',(-17.,106.,8.));
#2104 = SURFACE_CURVE('',#2105,(#2110,#2117),.PCURVE_S1.);
#2105 = CIRCLE('',#2106,4.);
#2106 = AXIS2_PLACEMENT_3D('',#2107,#2108,#2109);
#2107 = CARTESIAN_POINT('',(-13.,106.,8.));
#2108 = DIRECTION('',(-0.,0.,1.));
#2109 = DIRECTION('',(1.,-1.110223024625E-16,0.));
#2110 = PCURVE('',#146,#2111);
#2111 = DEFINITIONAL_REPRESENTATION('',(#2112),#2116);
#2112 = CIRCLE('',#2113,4.);
#2113 = AXIS2_PLACEMENT_2D('',#2114,#2115);
#2114 = CARTESIAN_POINT('',(-13.,106.));
#2115 = DIRECTION('',(1.,-1.110223024625E-16));
#2116 = ( GEOMETRIC_REPRESENTATION_CONTEXT(2) 
PARAMETRIC_REPRESENTATION_CONTEXT() REPRESENTATION_CONTEXT('2D SPACE',''
  ) );
#2117 = PCURVE('',#776,#2118);
#2118 = DEFINITIONAL_REPRESENTATION('',(#2119),#2123);
#2119 = LINE('',#2120,#2121);
#2120 = CARTESIAN_POINT('',(-1.570796326795,8.));
#2121 = VECTOR('',#2122,1.);
#2122 = DIRECTION('',(1.,0.));
#2123 = ( GEOMETRIC_REPRESENTATION_CONTEXT(2) 
PARAMETRIC_REPRESENTATION_CONTEXT() REPRESENTATION_CONTEXT('2D SPACE',''
  ) );
#2124 = ORIENTED_EDGE('',*,*,#2125,.F.);
#2125 = EDGE_CURVE('',#104,#2102,#2126,.T.);
#2126 = SURFACE_CURVE('',#2127,(#2131,#2138),.PCURVE_S1.);
#2127 = LINE('',#2128,#2129);
#2128 = CARTESIAN_POINT('',(-17.,30.,8.));
#2129 = VECTOR('',#2130,1.);
#2130 = DIRECTION('',(1.110223024625E-16,1.,0.));
#2131 = PCURVE('',#146,#2132);
#2132 = DEFINITIONAL_REPRESENTATION('',(#2133),#2137);
#2133 = LINE('',#2134,#2135);
#2134 = CARTESIAN_POINT('',(-17.,30.));
#2135 = VECTOR('',#2136,1.);
#2136 = DIRECTION('',(1.110223024625E-16,1.));
#2137 = ( GEOMETRIC_REPRESENTATION_CONTEXT(2) 
PARAMETRIC_REPRESENTATION_CONTEXT() REPRESENTATION_CONTEXT('2D SPACE',''
  ) );
#2138 = PCURVE('',#118,#2139);
#2139 = DEFINITIONAL_REPRESENTATION('',(#2140),#2144);
#2140 = LINE('',#2141,#2142);
#2141 = CARTESIAN_POINT('',(8.,0.));
#2142 = VECTOR('',#2143,1.);
#2143 = DIRECTION('',(0.,1.));
#2144 = ( GEOMETRIC_REPRESENTATION_CONTEXT(2) 
PARAMETRIC_REPRESENTATION_CONTEXT() REPRESENTATION_CONTEXT('2D SPACE',''
  ) );
#2145 = ORIENTED_EDGE('',*,*,#129,.F.);
#2146 = ORIENTED_EDGE('',*,*,#1950,.T.);
#2147 = ORIENTED_EDGE('',*,*,#2148,.F.);
#2148 = EDGE_CURVE('',#2149,#1951,#2151,.T.);
#2149 = VERTEX_POINT('',#2150);
#2150 = CARTESIAN_POINT('',(-101.7627944162,-43.7416697508,8.));
#2151 = SURFACE_CURVE('',#2152,(#2157,#2168),.PCURVE_S1.);
#2152 = CIRCLE('',#2153,4.);
#2153 = AXIS2_PLACEMENT_3D('',#2154,#2155,#2156);
#2154 = CARTESIAN_POINT('',(-98.29869280115,-41.7416697508,8.));
#2155 = DIRECTION('',(0.,0.,-1.));
#2156 = DIRECTION('',(-0.5,0.866025403784,0.));
#2157 = PCURVE('',#146,#2158);
#2158 = DEFINITIONAL_REPRESENTATION('',(#2159),#2167);
#2159 = ( BOUNDED_CURVE() B_SPLINE_CURVE(2,(#2160,#2161,#2162,#2163,
#2164,#2165,#2166),.UNSPECIFIED.,.T.,.F.) B_SPLINE_CURVE_WITH_KNOTS((1,2
    ,2,2,2,1),(-2.094395102393,0.,2.094395102393,4.188790204786,
6.28318530718,8.377580409573),.UNSPECIFIED.) CURVE() 
GEOMETRIC_REPRESENTATION_ITEM() RATIONAL_B_SPLINE_CURVE((1.,0.5,1.,0.5,
1.,0.5,1.)) REPRESENTATION_ITEM('') );
#2160 = CARTESIAN_POINT('',(-100.2986928011,-38.27756813566));
#2161 = CARTESIAN_POINT('',(-94.29869280115,-34.81346652052));
#2162 = CARTESIAN_POINT('',(-94.29869280115,-41.7416697508));
#2163 = CARTESIAN_POINT('',(-94.29869280115,-48.66987298107));
#2164 = CARTESIAN_POINT('',(-100.2986928011,-45.20577136594));
#2165 = CARTESIAN_POINT('',(-106.2986928011,-41.7416697508));
#2166 = CARTESIAN_POINT('',(-100.2986928011,-38.27756813566));
#2167 = ( GEOMETRIC_REPRESENTATION_CONTEXT(2) 
PARAMETRIC_REPRESENTATION_CONTEXT() REPRESENTATION_CONTEXT('2D SPACE',''
  ) );
#2168 = PCURVE('',#257,#2169);
#2169 = DEFINITIONAL_REPRESENTATION('',(#2170),#2174);
#2170 = LINE('',#2171,#2172);
#2171 = CARTESIAN_POINT('',(4.712388980385,8.));
#2172 = VECTOR('',#2173,1.);
#2173 = DIRECTION('',(-1.,0.));
#2174 = ( GEOMETRIC_REPRESENTATION_CONTEXT(2) 
PARAMETRIC_REPRESENTATION_CONTEXT() REPRESENTATION_CONTEXT('2D SPACE',''
  ) );
#2175 = ORIENTED_EDGE('',*,*,#2176,.T.);
#2176 = EDGE_CURVE('',#2149,#2177,#2179,.T.);
#2177 = VERTEX_POINT('',#2178);
#2178 = CARTESIAN_POINT('',(-88.76279441628,-66.25833024919,8.));
#2179 = SURFACE_CURVE('',#2180,(#2184,#2191),.PCURVE_S1.);
#2180 = LINE('',#2181,#2182);
#2181 = CARTESIAN_POINT('',(-103.7627944162,-40.27756813566,8.));
#2182 = VECTOR('',#2183,1.);
#2183 = DIRECTION('',(0.5,-0.866025403784,0.));
#2184 = PCURVE('',#146,#2185);
#2185 = DEFINITIONAL_REPRESENTATION('',(#2186),#2190);
#2186 = LINE('',#2187,#2188);
#2187 = CARTESIAN_POINT('',(-103.7627944162,-40.27756813566));
#2188 = VECTOR('',#2189,1.);
#2189 = DIRECTION('',(0.5,-0.866025403784));
#2190 = ( GEOMETRIC_REPRESENTATION_CONTEXT(2) 
PARAMETRIC_REPRESENTATION_CONTEXT() REPRESENTATION_CONTEXT('2D SPACE',''
  ) );
#2191 = PCURVE('',#285,#2192);
#2192 = DEFINITIONAL_REPRESENTATION('',(#2193),#2197);
#2193 = LINE('',#2194,#2195);
#2194 = CARTESIAN_POINT('',(8.,0.));
#2195 = VECTOR('',#2196,1.);
#2196 = DIRECTION('',(0.,-1.));
#2197 = ( GEOMETRIC_REPRESENTATION_CONTEXT(2) 
PARAMETRIC_REPRESENTATION_CONTEXT() REPRESENTATION_CONTEXT('2D SPACE',''
  ) );
#2198 = ORIENTED_EDGE('',*,*,#2199,.T.);
#2199 = EDGE_CURVE('',#2177,#2200,#2202,.T.);
#2200 = VERTEX_POINT('',#2201);
#2201 = CARTESIAN_POINT('',(-83.29869280115,-67.72243186433,8.));
#2202 = SURFACE_CURVE('',#2203,(#2208,#2215),.PCURVE_S1.);
#2203 = CIRCLE('',#2204,4.);
#2204 = AXIS2_PLACEMENT_3D('',#2205,#2206,#2207);
#2205 = CARTESIAN_POINT('',(-85.29869280115,-64.25833024919,8.));
#2206 = DIRECTION('',(0.,0.,1.));
#2207 = DIRECTION('',(-0.5,0.866025403784,0.));
#2208 = PCURVE('',#146,#2209);
#2209 = DEFINITIONAL_REPRESENTATION('',(#2210),#2214);
#2210 = CIRCLE('',#2211,4.);
#2211 = AXIS2_PLACEMENT_2D('',#2212,#2213);
#2212 = CARTESIAN_POINT('',(-85.29869280115,-64.25833024919));
#2213 = DIRECTION('',(-0.5,0.866025403784));
#2214 = ( GEOMETRIC_REPRESENTATION_CONTEXT(2) 
PARAMETRIC_REPRESENTATION_CONTEXT() REPRESENTATION_CONTEXT('2D SPACE',''
  ) );
#2215 = PCURVE('',#314,#2216);
#2216 = DEFINITIONAL_REPRESENTATION('',(#2217),#2221);
#2217 = LINE('',#2218,#2219);
#2218 = CARTESIAN_POINT('',(-1.570796326795,8.));
#2219 = VECTOR('',#2220,1.);
#2220 = DIRECTION('',(1.,0.));
#2221 = ( GEOMETRIC_REPRESENTATION_CONTEXT(2) 
PARAMETRIC_REPRESENTATION_CONTEXT() REPRESENTATION_CONTEXT('2D SPACE',''
  ) );
#2222 = ORIENTED_EDGE('',*,*,#2223,.F.);
#2223 = EDGE_CURVE('',#2224,#2200,#2226,.T.);
#2224 = VERTEX_POINT('',#2225);
#2225 = CARTESIAN_POINT('',(-60.6187311191,-54.62814988199,8.));
#2226 = SURFACE_CURVE('',#2227,(#2231,#2238),.PCURVE_S1.);
#2227 = LINE('',#2228,#2229);
#2228 = CARTESIAN_POINT('',(-17.48076211353,-29.72243186433,8.));
#2229 = VECTOR('',#2230,1.);
#2230 = DIRECTION('',(-0.866025403784,-0.5,0.));
#2231 = PCURVE('',#146,#2232);
#2232 = DEFINITIONAL_REPRESENTATION('',(#2233),#2237);
#2233 = LINE('',#2234,#2235);
#2234 = CARTESIAN_POINT('',(-17.48076211353,-29.72243186433));
#2235 = VECTOR('',#2236,1.);
#2236 = DIRECTION('',(-0.866025403784,-0.5));
#2237 = ( GEOMETRIC_REPRESENTATION_CONTEXT(2) 
PARAMETRIC_REPRESENTATION_CONTEXT() REPRESENTATION_CONTEXT('2D SPACE',''
  ) );
#2238 = PCURVE('',#342,#2239);
#2239 = DEFINITIONAL_REPRESENTATION('',(#2240),#2244);
#2240 = LINE('',#2241,#2242);
#2241 = CARTESIAN_POINT('',(8.,0.));
#2242 = VECTOR('',#2243,1.);
#2243 = DIRECTION('',(0.,1.));
#2244 = ( GEOMETRIC_REPRESENTATION_CONTEXT(2) 
PARAMETRIC_REPRESENTATION_CONTEXT() REPRESENTATION_CONTEXT('2D SPACE',''
  ) );
#2245 = ORIENTED_EDGE('',*,*,#2246,.T.);
#2246 = EDGE_CURVE('',#2224,#2247,#2249,.T.);
#2247 = VERTEX_POINT('',#2248);
#2248 = CARTESIAN_POINT('',(-57.41458987768,-52.77823807373,8.));
#2249 = SURFACE_CURVE('',#2250,(#2255,#2266),.PCURVE_S1.);
#2250 = CIRCLE('',#2251,2.7);
#2251 = AXIS2_PLACEMENT_3D('',#2252,#2253,#2254);
#2252 = CARTESIAN_POINT('',(-60.,-52.,8.));
#2253 = DIRECTION('',(-0.,0.,-1.));
#2254 = DIRECTION('',(-0.229159673744,-0.973388845185,0.));
#2255 = PCURVE('',#146,#2256);
#2256 = DEFINITIONAL_REPRESENTATION('',(#2257),#2265);
#2257 = ( BOUNDED_CURVE() B_SPLINE_CURVE(2,(#2258,#2259,#2260,#2261,
#2262,#2263,#2264),.UNSPECIFIED.,.T.,.F.) B_SPLINE_CURVE_WITH_KNOTS((1,2
    ,2,2,2,1),(-2.094395102393,0.,2.094395102393,4.188790204786,
6.28318530718,8.377580409573),.UNSPECIFIED.) CURVE() 
GEOMETRIC_REPRESENTATION_ITEM() RATIONAL_B_SPLINE_CURVE((1.,0.5,1.,0.5,
1.,0.5,1.)) REPRESENTATION_ITEM('') );
#2258 = CARTESIAN_POINT('',(-60.6187311191,-54.62814988199));
#2259 = CARTESIAN_POINT('',(-65.17082024463,-53.55647614747));
#2260 = CARTESIAN_POINT('',(-61.9666790032,-50.15008819174));
#2261 = CARTESIAN_POINT('',(-58.76253776178,-46.743700236));
#2262 = CARTESIAN_POINT('',(-57.41458987768,-51.22176192626));
#2263 = CARTESIAN_POINT('',(-56.06664199358,-55.69982361651));
#2264 = CARTESIAN_POINT('',(-60.6187311191,-54.62814988199));
#2265 = ( GEOMETRIC_REPRESENTATION_CONTEXT(2) 
PARAMETRIC_REPRESENTATION_CONTEXT() REPRESENTATION_CONTEXT('2D SPACE',''
  ) );
#2266 = PCURVE('',#371,#2267);
#2267 = DEFINITIONAL_REPRESENTATION('',(#2268),#2272);
#2268 = LINE('',#2269,#2270);
#2269 = CARTESIAN_POINT('',(-10.76435999221,-9.));
#2270 = VECTOR('',#2271,1.);
#2271 = DIRECTION('',(1.,-0.));
#2272 = ( GEOMETRIC_REPRESENTATION_CONTEXT(2) 
PARAMETRIC_REPRESENTATION_CONTEXT() REPRESENTATION_CONTEXT('2D SPACE',''
  ) );
#2273 = ORIENTED_EDGE('',*,*,#2274,.F.);
#2274 = EDGE_CURVE('',#2275,#2247,#2277,.T.);
#2275 = VERTEX_POINT('',#2276);
#2276 = CARTESIAN_POINT('',(-54.76136261574,-51.24639659983,8.));
#2277 = SURFACE_CURVE('',#2278,(#2282,#2289),.PCURVE_S1.);
#2278 = LINE('',#2279,#2280);
#2279 = CARTESIAN_POINT('',(-17.48076211353,-29.72243186433,8.));
#2280 = VECTOR('',#2281,1.);
#2281 = DIRECTION('',(-0.866025403784,-0.5,0.));
#2282 = PCURVE('',#146,#2283);
#2283 = DEFINITIONAL_REPRESENTATION('',(#2284),#2288);
#2284 = LINE('',#2285,#2286);
#2285 = CARTESIAN_POINT('',(-17.48076211353,-29.72243186433));
#2286 = VECTOR('',#2287,1.);
#2287 = DIRECTION('',(-0.866025403784,-0.5));
#2288 = ( GEOMETRIC_REPRESENTATION_CONTEXT(2) 
PARAMETRIC_REPRESENTATION_CONTEXT() REPRESENTATION_CONTEXT('2D SPACE',''
  ) );
#2289 = PCURVE('',#399,#2290);
#2290 = DEFINITIONAL_REPRESENTATION('',(#2291),#2295);
#2291 = LINE('',#2292,#2293);
#2292 = CARTESIAN_POINT('',(8.,0.));
#2293 = VECTOR('',#2294,1.);
#2294 = DIRECTION('',(0.,1.));
#2295 = ( GEOMETRIC_REPRESENTATION_CONTEXT(2) 
PARAMETRIC_REPRESENTATION_CONTEXT() REPRESENTATION_CONTEXT('2D SPACE',''
  ) );
#2296 = ORIENTED_EDGE('',*,*,#2297,.F.);
#2297 = EDGE_CURVE('',#2298,#2275,#2300,.T.);
#2298 = VERTEX_POINT('',#2299);
#2299 = CARTESIAN_POINT('',(54.76136261574,-51.24639659983,8.));
#2300 = SURFACE_CURVE('',#2301,(#2306,#2317),.PCURVE_S1.);
#2301 = CIRCLE('',#2302,75.);
#2302 = AXIS2_PLACEMENT_3D('',#2303,#2304,#2305);
#2303 = CARTESIAN_POINT('',(0.,0.,8.));
#2304 = DIRECTION('',(0.,0.,-1.));
#2305 = DIRECTION('',(0.226666666667,0.973972392947,0.));
#2306 = PCURVE('',#146,#2307);
#2307 = DEFINITIONAL_REPRESENTATION('',(#2308),#2316);
#2308 = ( BOUNDED_CURVE() B_SPLINE_CURVE(2,(#2309,#2310,#2311,#2312,
#2313,#2314,#2315),.UNSPECIFIED.,.T.,.F.) B_SPLINE_CURVE_WITH_KNOTS((1,2
    ,2,2,2,1),(-2.094395102393,0.,2.094395102393,4.188790204786,
6.28318530718,8.377580409573),.UNSPECIFIED.) CURVE() 
GEOMETRIC_REPRESENTATION_ITEM() RATIONAL_B_SPLINE_CURVE((1.,0.5,1.,0.5,
1.,0.5,1.)) REPRESENTATION_ITEM('') );
#2309 = CARTESIAN_POINT('',(16.999999999999,73.047929470999));
#2310 = CARTESIAN_POINT('',(143.52272523147,43.60306574233));
#2311 = CARTESIAN_POINT('',(54.76136261574,-51.24639659983));
#2312 = CARTESIAN_POINT('',(-33.99999999999,-146.0958589419));
#2313 = CARTESIAN_POINT('',(-71.76136261573,-21.80153287116));
#2314 = CARTESIAN_POINT('',(-109.5227252314,102.49279319966));
#2315 = CARTESIAN_POINT('',(16.999999999999,73.047929470999));
#2316 = ( GEOMETRIC_REPRESENTATION_CONTEXT(2) 
PARAMETRIC_REPRESENTATION_CONTEXT() REPRESENTATION_CONTEXT('2D SPACE',''
  ) );
#2317 = PCURVE('',#428,#2318);
#2318 = DEFINITIONAL_REPRESENTATION('',(#2319),#2323);
#2319 = LINE('',#2320,#2321);
#2320 = CARTESIAN_POINT('',(-7.625327732315,-8.));
#2321 = VECTOR('',#2322,1.);
#2322 = DIRECTION('',(1.,-0.));
#2323 = ( GEOMETRIC_REPRESENTATION_CONTEXT(2) 
PARAMETRIC_REPRESENTATION_CONTEXT() REPRESENTATION_CONTEXT('2D SPACE',''
  ) );
#2324 = ORIENTED_EDGE('',*,*,#2325,.T.);
#2325 = EDGE_CURVE('',#2298,#2326,#2328,.T.);
#2326 = VERTEX_POINT('',#2327);
#2327 = CARTESIAN_POINT('',(57.414589877682,-52.77823807373,8.));
#2328 = SURFACE_CURVE('',#2329,(#2333,#2340),.PCURVE_S1.);
#2329 = LINE('',#2330,#2331);
#2330 = CARTESIAN_POINT('',(17.480762113533,-29.72243186433,8.));
#2331 = VECTOR('',#2332,1.);
#2332 = DIRECTION('',(0.866025403784,-0.5,0.));
#2333 = PCURVE('',#146,#2334);
#2334 = DEFINITIONAL_REPRESENTATION('',(#2335),#2339);
#2335 = LINE('',#2336,#2337);
#2336 = CARTESIAN_POINT('',(17.480762113533,-29.72243186433));
#2337 = VECTOR('',#2338,1.);
#2338 = DIRECTION('',(0.866025403784,-0.5));
#2339 = ( GEOMETRIC_REPRESENTATION_CONTEXT(2) 
PARAMETRIC_REPRESENTATION_CONTEXT() REPRESENTATION_CONTEXT('2D SPACE',''
  ) );
#2340 = PCURVE('',#456,#2341);
#2341 = DEFINITIONAL_REPRESENTATION('',(#2342),#2346);
#2342 = LINE('',#2343,#2344);
#2343 = CARTESIAN_POINT('',(8.,0.));
#2344 = VECTOR('',#2345,1.);
#2345 = DIRECTION('',(0.,1.));
#2346 = ( GEOMETRIC_REPRESENTATION_CONTEXT(2) 
PARAMETRIC_REPRESENTATION_CONTEXT() REPRESENTATION_CONTEXT('2D SPACE',''
  ) );
#2347 = ORIENTED_EDGE('',*,*,#2348,.T.);
#2348 = EDGE_CURVE('',#2326,#2349,#2351,.T.);
#2349 = VERTEX_POINT('',#2350);
#2350 = CARTESIAN_POINT('',(60.618731119108,-54.62814988199,8.));
#2351 = SURFACE_CURVE('',#2352,(#2357,#2368),.PCURVE_S1.);
#2352 = CIRCLE('',#2353,2.7);
#2353 = AXIS2_PLACEMENT_3D('',#2354,#2355,#2356);
#2354 = CARTESIAN_POINT('',(60.,-52.,8.));
#2355 = DIRECTION('',(-0.,0.,-1.));
#2356 = DIRECTION('',(-0.957559304562,-0.288236323607,0.));
#2357 = PCURVE('',#146,#2358);
#2358 = DEFINITIONAL_REPRESENTATION('',(#2359),#2367);
#2359 = ( BOUNDED_CURVE() B_SPLINE_CURVE(2,(#2360,#2361,#2362,#2363,
#2364,#2365,#2366),.UNSPECIFIED.,.T.,.F.) B_SPLINE_CURVE_WITH_KNOTS((1,2
    ,2,2,2,1),(-2.094395102393,0.,2.094395102393,4.188790204786,
6.28318530718,8.377580409573),.UNSPECIFIED.) CURVE() 
GEOMETRIC_REPRESENTATION_ITEM() RATIONAL_B_SPLINE_CURVE((1.,0.5,1.,0.5,
1.,0.5,1.)) REPRESENTATION_ITEM('') );
#2360 = CARTESIAN_POINT('',(57.414589877682,-52.77823807373));
#2361 = CARTESIAN_POINT('',(56.066641993581,-48.30017638348));
#2362 = CARTESIAN_POINT('',(60.618731119108,-49.371850118));
#2363 = CARTESIAN_POINT('',(65.170820244635,-50.44352385252));
#2364 = CARTESIAN_POINT('',(61.966679003209,-53.84991180825));
#2365 = CARTESIAN_POINT('',(58.762537761783,-57.25629976399));
#2366 = CARTESIAN_POINT('',(57.414589877682,-52.77823807373));
#2367 = ( GEOMETRIC_REPRESENTATION_CONTEXT(2) 
PARAMETRIC_REPRESENTATION_CONTEXT() REPRESENTATION_CONTEXT('2D SPACE',''
  ) );
#2368 = PCURVE('',#485,#2369);
#2369 = DEFINITIONAL_REPRESENTATION('',(#2370),#2374);
#2370 = LINE('',#2371,#2372);
#2371 = CARTESIAN_POINT('',(-9.717162441016,-9.));
#2372 = VECTOR('',#2373,1.);
#2373 = DIRECTION('',(1.,-0.));
#2374 = ( GEOMETRIC_REPRESENTATION_CONTEXT(2) 
PARAMETRIC_REPRESENTATION_CONTEXT() REPRESENTATION_CONTEXT('2D SPACE',''
  ) );
#2375 = ORIENTED_EDGE('',*,*,#2376,.T.);
#2376 = EDGE_CURVE('',#2349,#2377,#2379,.T.);
#2377 = VERTEX_POINT('',#2378);
#2378 = CARTESIAN_POINT('',(83.29869280115,-67.72243186433,8.));
#2379 = SURFACE_CURVE('',#2380,(#2384,#2391),.PCURVE_S1.);
#2380 = LINE('',#2381,#2382);
#2381 = CARTESIAN_POINT('',(17.480762113533,-29.72243186433,8.));
#2382 = VECTOR('',#2383,1.);
#2383 = DIRECTION('',(0.866025403784,-0.5,0.));
#2384 = PCURVE('',#146,#2385);
#2385 = DEFINITIONAL_REPRESENTATION('',(#2386),#2390);
#2386 = LINE('',#2387,#2388);
#2387 = CARTESIAN_POINT('',(17.480762113533,-29.72243186433));
#2388 = VECTOR('',#2389,1.);
#2389 = DIRECTION('',(0.866025403784,-0.5));
#2390 = ( GEOMETRIC_REPRESENTATION_CONTEXT(2) 
PARAMETRIC_REPRESENTATION_CONTEXT() REPRESENTATION_CONTEXT('2D SPACE',''
  ) );
#2391 = PCURVE('',#513,#2392);
#2392 = DEFINITIONAL_REPRESENTATION('',(#2393),#2397);
#2393 = LINE('',#2394,#2395);
#2394 = CARTESIAN_POINT('',(8.,0.));
#2395 = VECTOR('',#2396,1.);
#2396 = DIRECTION('',(0.,1.));
#2397 = ( GEOMETRIC_REPRESENTATION_CONTEXT(2) 
PARAMETRIC_REPRESENTATION_CONTEXT() REPRESENTATION_CONTEXT('2D SPACE',''
  ) );
#2398 = ORIENTED_EDGE('',*,*,#2399,.F.);
#2399 = EDGE_CURVE('',#2400,#2377,#2402,.T.);
#2400 = VERTEX_POINT('',#2401);
#2401 = CARTESIAN_POINT('',(88.762794416288,-66.25833024919,8.));
#2402 = SURFACE_CURVE('',#2403,(#2408,#2419),.PCURVE_S1.);
#2403 = CIRCLE('',#2404,4.);
#2404 = AXIS2_PLACEMENT_3D('',#2405,#2406,#2407);
#2405 = CARTESIAN_POINT('',(85.29869280115,-64.25833024919,8.));
#2406 = DIRECTION('',(-0.,0.,-1.));
#2407 = DIRECTION('',(-0.5,-0.866025403784,0.));
#2408 = PCURVE('',#146,#2409);
#2409 = DEFINITIONAL_REPRESENTATION('',(#2410),#2418);
#2410 = ( BOUNDED_CURVE() B_SPLINE_CURVE(2,(#2411,#2412,#2413,#2414,
#2415,#2416,#2417),.UNSPECIFIED.,.T.,.F.) B_SPLINE_CURVE_WITH_KNOTS((1,2
    ,2,2,2,1),(-2.094395102393,0.,2.094395102393,4.188790204786,
6.28318530718,8.377580409573),.UNSPECIFIED.) CURVE() 
GEOMETRIC_REPRESENTATION_ITEM() RATIONAL_B_SPLINE_CURVE((1.,0.5,1.,0.5,
1.,0.5,1.)) REPRESENTATION_ITEM('') );
#2411 = CARTESIAN_POINT('',(83.29869280115,-67.72243186433));
#2412 = CARTESIAN_POINT('',(77.29869280115,-64.25833024919));
#2413 = CARTESIAN_POINT('',(83.29869280115,-60.79422863406));
#2414 = CARTESIAN_POINT('',(89.29869280115,-57.33012701892));
#2415 = CARTESIAN_POINT('',(89.29869280115,-64.25833024919));
#2416 = CARTESIAN_POINT('',(89.29869280115,-71.18653347947));
#2417 = CARTESIAN_POINT('',(83.29869280115,-67.72243186433));
#2418 = ( GEOMETRIC_REPRESENTATION_CONTEXT(2) 
PARAMETRIC_REPRESENTATION_CONTEXT() REPRESENTATION_CONTEXT('2D SPACE',''
  ) );
#2419 = PCURVE('',#546,#2420);
#2420 = DEFINITIONAL_REPRESENTATION('',(#2421),#2425);
#2421 = LINE('',#2422,#2423);
#2422 = CARTESIAN_POINT('',(4.712388980385,8.));
#2423 = VECTOR('',#2424,1.);
#2424 = DIRECTION('',(-1.,0.));
#2425 = ( GEOMETRIC_REPRESENTATION_CONTEXT(2) 
PARAMETRIC_REPRESENTATION_CONTEXT() REPRESENTATION_CONTEXT('2D SPACE',''
  ) );
#2426 = ORIENTED_EDGE('',*,*,#2427,.T.);
#2427 = EDGE_CURVE('',#2400,#2428,#2430,.T.);
#2428 = VERTEX_POINT('',#2429);
#2429 = CARTESIAN_POINT('',(101.76279441628,-43.7416697508,8.));
#2430 = SURFACE_CURVE('',#2431,(#2435,#2442),.PCURVE_S1.);
#2431 = LINE('',#2432,#2433);
#2432 = CARTESIAN_POINT('',(86.762794416288,-69.72243186433,8.));
#2433 = VECTOR('',#2434,1.);
#2434 = DIRECTION('',(0.5,0.866025403784,0.));
#2435 = PCURVE('',#146,#2436);
#2436 = DEFINITIONAL_REPRESENTATION('',(#2437),#2441);
#2437 = LINE('',#2438,#2439);
#2438 = CARTESIAN_POINT('',(86.762794416288,-69.72243186433));
#2439 = VECTOR('',#2440,1.);
#2440 = DIRECTION('',(0.5,0.866025403784));
#2441 = ( GEOMETRIC_REPRESENTATION_CONTEXT(2) 
PARAMETRIC_REPRESENTATION_CONTEXT() REPRESENTATION_CONTEXT('2D SPACE',''
  ) );
#2442 = PCURVE('',#574,#2443);
#2443 = DEFINITIONAL_REPRESENTATION('',(#2444),#2448);
#2444 = LINE('',#2445,#2446);
#2445 = CARTESIAN_POINT('',(8.,0.));
#2446 = VECTOR('',#2447,1.);
#2447 = DIRECTION('',(0.,-1.));
#2448 = ( GEOMETRIC_REPRESENTATION_CONTEXT(2) 
PARAMETRIC_REPRESENTATION_CONTEXT() REPRESENTATION_CONTEXT('2D SPACE',''
  ) );
#2449 = ORIENTED_EDGE('',*,*,#2450,.T.);
#2450 = EDGE_CURVE('',#2428,#2451,#2453,.T.);
#2451 = VERTEX_POINT('',#2452);
#2452 = CARTESIAN_POINT('',(100.29869280115,-38.27756813566,8.));
#2453 = SURFACE_CURVE('',#2454,(#2459,#2466),.PCURVE_S1.);
#2454 = CIRCLE('',#2455,4.);
#2455 = AXIS2_PLACEMENT_3D('',#2456,#2457,#2458);
#2456 = CARTESIAN_POINT('',(98.29869280115,-41.7416697508,8.));
#2457 = DIRECTION('',(0.,0.,1.));
#2458 = DIRECTION('',(-0.5,-0.866025403784,0.));
#2459 = PCURVE('',#146,#2460);
#2460 = DEFINITIONAL_REPRESENTATION('',(#2461),#2465);
#2461 = CIRCLE('',#2462,4.);
#2462 = AXIS2_PLACEMENT_2D('',#2463,#2464);
#2463 = CARTESIAN_POINT('',(98.29869280115,-41.7416697508));
#2464 = DIRECTION('',(-0.5,-0.866025403784));
#2465 = ( GEOMETRIC_REPRESENTATION_CONTEXT(2) 
PARAMETRIC_REPRESENTATION_CONTEXT() REPRESENTATION_CONTEXT('2D SPACE',''
  ) );
#2466 = PCURVE('',#603,#2467);
#2467 = DEFINITIONAL_REPRESENTATION('',(#2468),#2472);
#2468 = LINE('',#2469,#2470);
#2469 = CARTESIAN_POINT('',(-1.570796326795,8.));
#2470 = VECTOR('',#2471,1.);
#2471 = DIRECTION('',(1.,0.));
#2472 = ( GEOMETRIC_REPRESENTATION_CONTEXT(2) 
PARAMETRIC_REPRESENTATION_CONTEXT() REPRESENTATION_CONTEXT('2D SPACE',''
  ) );
#2473 = ORIENTED_EDGE('',*,*,#2474,.F.);
#2474 = EDGE_CURVE('',#2000,#2451,#2475,.T.);
#2475 = SURFACE_CURVE('',#2476,(#2480,#2487),.PCURVE_S1.);
#2476 = LINE('',#2477,#2478);
#2477 = CARTESIAN_POINT('',(34.480762113533,-0.277568135665,8.));
#2478 = VECTOR('',#2479,1.);
#2479 = DIRECTION('',(0.866025403784,-0.5,0.));
#2480 = PCURVE('',#146,#2481);
#2481 = DEFINITIONAL_REPRESENTATION('',(#2482),#2486);
#2482 = LINE('',#2483,#2484);
#2483 = CARTESIAN_POINT('',(34.480762113533,-0.277568135665));
#2484 = VECTOR('',#2485,1.);
#2485 = DIRECTION('',(0.866025403784,-0.5));
#2486 = ( GEOMETRIC_REPRESENTATION_CONTEXT(2) 
PARAMETRIC_REPRESENTATION_CONTEXT() REPRESENTATION_CONTEXT('2D SPACE',''
  ) );
#2487 = PCURVE('',#631,#2488);
#2488 = DEFINITIONAL_REPRESENTATION('',(#2489),#2493);
#2489 = LINE('',#2490,#2491);
#2490 = CARTESIAN_POINT('',(8.,0.));
#2491 = VECTOR('',#2492,1.);
#2492 = DIRECTION('',(0.,1.));
#2493 = ( GEOMETRIC_REPRESENTATION_CONTEXT(2) 
PARAMETRIC_REPRESENTATION_CONTEXT() REPRESENTATION_CONTEXT('2D SPACE',''
  ) );
#2494 = FACE_BOUND('',#2495,.T.);
#2495 = EDGE_LOOP('',(#2496));
#2496 = ORIENTED_EDGE('',*,*,#2497,.T.);
#2497 = EDGE_CURVE('',#2498,#2498,#2500,.T.);
#2498 = VERTEX_POINT('',#2499);
#2499 = CARTESIAN_POINT('',(-83.23266739736,-62.89230484541,8.));
#2500 = SURFACE_CURVE('',#2501,(#2506,#2517),.PCURVE_S1.);
#2501 = CIRCLE('',#2502,1.7);
#2502 = AXIS2_PLACEMENT_3D('',#2503,#2504,#2505);
#2503 = CARTESIAN_POINT('',(-84.93266739736,-62.89230484541,8.));
#2504 = DIRECTION('',(0.,0.,-1.));
#2505 = DIRECTION('',(1.,0.,0.));
#2506 = PCURVE('',#146,#2507);
#2507 = DEFINITIONAL_REPRESENTATION('',(#2508),#2516);
#2508 = ( BOUNDED_CURVE() B_SPLINE_CURVE(2,(#2509,#2510,#2511,#2512,
#2513,#2514,#2515),.UNSPECIFIED.,.T.,.F.) B_SPLINE_CURVE_WITH_KNOTS((1,2
    ,2,2,2,1),(-2.094395102393,0.,2.094395102393,4.188790204786,
6.28318530718,8.377580409573),.UNSPECIFIED.) CURVE() 
GEOMETRIC_REPRESENTATION_ITEM() RATIONAL_B_SPLINE_CURVE((1.,0.5,1.,0.5,
1.,0.5,1.)) REPRESENTATION_ITEM('') );
#2509 = CARTESIAN_POINT('',(-83.23266739736,-62.89230484541));
#2510 = CARTESIAN_POINT('',(-83.23266739736,-65.83679121828));
#2511 = CARTESIAN_POINT('',(-85.78266739736,-64.36454803184));
#2512 = CARTESIAN_POINT('',(-88.33266739736,-62.89230484541));
#2513 = CARTESIAN_POINT('',(-85.78266739736,-61.42006165898));
#2514 = CARTESIAN_POINT('',(-83.23266739736,-59.94781847254));
#2515 = CARTESIAN_POINT('',(-83.23266739736,-62.89230484541));
#2516 = ( GEOMETRIC_REPRESENTATION_CONTEXT(2) 
PARAMETRIC_REPRESENTATION_CONTEXT() REPRESENTATION_CONTEXT('2D SPACE',''
  ) );
#2517 = PCURVE('',#811,#2518);
#2518 = DEFINITIONAL_REPRESENTATION('',(#2519),#2523);
#2519 = LINE('',#2520,#2521);
#2520 = CARTESIAN_POINT('',(-6.28318530718,-9.));
#2521 = VECTOR('',#2522,1.);
#2522 = DIRECTION('',(1.,-0.));
#2523 = ( GEOMETRIC_REPRESENTATION_CONTEXT(2) 
PARAMETRIC_REPRESENTATION_CONTEXT() REPRESENTATION_CONTEXT('2D SPACE',''
  ) );
#2524 = FACE_BOUND('',#2525,.T.);
#2525 = EDGE_LOOP('',(#2526));
#2526 = ORIENTED_EDGE('',*,*,#2527,.T.);
#2527 = EDGE_CURVE('',#2528,#2528,#2530,.T.);
#2528 = VERTEX_POINT('',#2529);
#2529 = CARTESIAN_POINT('',(-90.96471820493,-53.5,8.));
#2530 = SURFACE_CURVE('',#2531,(#2536,#2547),.PCURVE_S1.);
#2531 = CIRCLE('',#2532,1.7);
#2532 = AXIS2_PLACEMENT_3D('',#2533,#2534,#2535);
#2533 = CARTESIAN_POINT('',(-92.66471820493,-53.5,8.));
#2534 = DIRECTION('',(0.,0.,-1.));
#2535 = DIRECTION('',(1.,0.,0.));
#2536 = PCURVE('',#146,#2537);
#2537 = DEFINITIONAL_REPRESENTATION('',(#2538),#2546);
#2538 = ( BOUNDED_CURVE() B_SPLINE_CURVE(2,(#2539,#2540,#2541,#2542,
#2543,#2544,#2545),.UNSPECIFIED.,.T.,.F.) B_SPLINE_CURVE_WITH_KNOTS((1,2
    ,2,2,2,1),(-2.094395102393,0.,2.094395102393,4.188790204786,
6.28318530718,8.377580409573),.UNSPECIFIED.) CURVE() 
GEOMETRIC_REPRESENTATION_ITEM() RATIONAL_B_SPLINE_CURVE((1.,0.5,1.,0.5,
1.,0.5,1.)) REPRESENTATION_ITEM('') );
#2539 = CARTESIAN_POINT('',(-90.96471820493,-53.5));
#2540 = CARTESIAN_POINT('',(-90.96471820493,-56.44448637286));
#2541 = CARTESIAN_POINT('',(-93.51471820493,-54.97224318643));
#2542 = CARTESIAN_POINT('',(-96.06471820493,-53.5));
#2543 = CARTESIAN_POINT('',(-93.51471820493,-52.02775681356));
#2544 = CARTESIAN_POINT('',(-90.96471820493,-50.55551362713));
#2545 = CARTESIAN_POINT('',(-90.96471820493,-53.5));
#2546 = ( GEOMETRIC_REPRESENTATION_CONTEXT(2) 
PARAMETRIC_REPRESENTATION_CONTEXT() REPRESENTATION_CONTEXT('2D SPACE',''
  ) );
#2547 = PCURVE('',#846,#2548);
#2548 = DEFINITIONAL_REPRESENTATION('',(#2549),#2553);
#2549 = LINE('',#2550,#2551);
#2550 = CARTESIAN_POINT('',(-6.28318530718,-9.));
#2551 = VECTOR('',#2552,1.);
#2552 = DIRECTION('',(1.,-0.));
#2553 = ( GEOMETRIC_REPRESENTATION_CONTEXT(2) 
PARAMETRIC_REPRESENTATION_CONTEXT() REPRESENTATION_CONTEXT('2D SPACE',''
  ) );
#2554 = FACE_BOUND('',#2555,.T.);
#2555 = EDGE_LOOP('',(#2556));
#2556 = ORIENTED_EDGE('',*,*,#2557,.T.);
#2557 = EDGE_CURVE('',#2558,#2558,#2560,.T.);
#2558 = VERTEX_POINT('',#2559);
#2559 = CARTESIAN_POINT('',(-95.23266739736,-42.10769515458,8.));
#2560 = SURFACE_CURVE('',#2561,(#2566,#2577),.PCURVE_S1.);
#2561 = CIRCLE('',#2562,1.7);
#2562 = AXIS2_PLACEMENT_3D('',#2563,#2564,#2565);
#2563 = CARTESIAN_POINT('',(-96.93266739736,-42.10769515458,8.));
#2564 = DIRECTION('',(0.,0.,-1.));
#2565 = DIRECTION('',(1.,0.,0.));
#2566 = PCURVE('',#146,#2567);
#2567 = DEFINITIONAL_REPRESENTATION('',(#2568),#2576);
#2568 = ( BOUNDED_CURVE() B_SPLINE_CURVE(2,(#2569,#2570,#2571,#2572,
#2573,#2574,#2575),.UNSPECIFIED.,.T.,.F.) B_SPLINE_CURVE_WITH_KNOTS((1,2
    ,2,2,2,1),(-2.094395102393,0.,2.094395102393,4.188790204786,
6.28318530718,8.377580409573),.UNSPECIFIED.) CURVE() 
GEOMETRIC_REPRESENTATION_ITEM() RATIONAL_B_SPLINE_CURVE((1.,0.5,1.,0.5,
1.,0.5,1.)) REPRESENTATION_ITEM('') );
#2569 = CARTESIAN_POINT('',(-95.23266739736,-42.10769515458));
#2570 = CARTESIAN_POINT('',(-95.23266739736,-45.05218152745));
#2571 = CARTESIAN_POINT('',(-97.78266739736,-43.57993834102));
#2572 = CARTESIAN_POINT('',(-100.3326673973,-42.10769515458));
#2573 = CARTESIAN_POINT('',(-97.78266739736,-40.63545196815));
#2574 = CARTESIAN_POINT('',(-95.23266739736,-39.16320878172));
#2575 = CARTESIAN_POINT('',(-95.23266739736,-42.10769515458));
#2576 = ( GEOMETRIC_REPRESENTATION_CONTEXT(2) 
PARAMETRIC_REPRESENTATION_CONTEXT() REPRESENTATION_CONTEXT('2D SPACE',''
  ) );
#2577 = PCURVE('',#881,#2578);
#2578 = DEFINITIONAL_REPRESENTATION('',(#2579),#2583);
#2579 = LINE('',#2580,#2581);
#2580 = CARTESIAN_POINT('',(-6.28318530718,-9.));
#2581 = VECTOR('',#2582,1.);
#2582 = DIRECTION('',(1.,-0.));
#2583 = ( GEOMETRIC_REPRESENTATION_CONTEXT(2) 
PARAMETRIC_REPRESENTATION_CONTEXT() REPRESENTATION_CONTEXT('2D SPACE',''
  ) );
#2584 = FACE_BOUND('',#2585,.T.);
#2585 = EDGE_LOOP('',(#2586));
#2586 = ORIENTED_EDGE('',*,*,#2587,.T.);
#2587 = EDGE_CURVE('',#2588,#2588,#2590,.T.);
#2588 = VERTEX_POINT('',#2589);
#2589 = CARTESIAN_POINT('',(-22.61088913245,-27.89230484541,8.));
#2590 = SURFACE_CURVE('',#2591,(#2596,#2607),.PCURVE_S1.);
#2591 = CIRCLE('',#2592,1.7);
#2592 = AXIS2_PLACEMENT_3D('',#2593,#2594,#2595);
#2593 = CARTESIAN_POINT('',(-24.31088913245,-27.89230484541,8.));
#2594 = DIRECTION('',(0.,0.,-1.));
#2595 = DIRECTION('',(1.,0.,0.));
#2596 = PCURVE('',#146,#2597);
#2597 = DEFINITIONAL_REPRESENTATION('',(#2598),#2606);
#2598 = ( BOUNDED_CURVE() B_SPLINE_CURVE(2,(#2599,#2600,#2601,#2602,
#2603,#2604,#2605),.UNSPECIFIED.,.T.,.F.) B_SPLINE_CURVE_WITH_KNOTS((1,2
    ,2,2,2,1),(-2.094395102393,0.,2.094395102393,4.188790204786,
6.28318530718,8.377580409573),.UNSPECIFIED.) CURVE() 
GEOMETRIC_REPRESENTATION_ITEM() RATIONAL_B_SPLINE_CURVE((1.,0.5,1.,0.5,
1.,0.5,1.)) REPRESENTATION_ITEM('') );
#2599 = CARTESIAN_POINT('',(-22.61088913245,-27.89230484541));
#2600 = CARTESIAN_POINT('',(-22.61088913245,-30.83679121828));
#2601 = CARTESIAN_POINT('',(-25.16088913245,-29.36454803184));
#2602 = CARTESIAN_POINT('',(-27.71088913245,-27.89230484541));
#2603 = CARTESIAN_POINT('',(-25.16088913245,-26.42006165898));
#2604 = CARTESIAN_POINT('',(-22.61088913245,-24.94781847254));
#2605 = CARTESIAN_POINT('',(-22.61088913245,-27.89230484541));
#2606 = ( GEOMETRIC_REPRESENTATION_CONTEXT(2) 
PARAMETRIC_REPRESENTATION_CONTEXT() REPRESENTATION_CONTEXT('2D SPACE',''
  ) );
#2607 = PCURVE('',#916,#2608);
#2608 = DEFINITIONAL_REPRESENTATION('',(#2609),#2613);
#2609 = LINE('',#2610,#2611);
#2610 = CARTESIAN_POINT('',(-6.28318530718,-9.));
#2611 = VECTOR('',#2612,1.);
#2612 = DIRECTION('',(1.,-0.));
#2613 = ( GEOMETRIC_REPRESENTATION_CONTEXT(2) 
PARAMETRIC_REPRESENTATION_CONTEXT() REPRESENTATION_CONTEXT('2D SPACE',''
  ) );
#2614 = FACE_BOUND('',#2615,.T.);
#2615 = EDGE_LOOP('',(#2616));
#2616 = ORIENTED_EDGE('',*,*,#2617,.T.);
#2617 = EDGE_CURVE('',#2618,#2618,#2620,.T.);
#2618 = VERTEX_POINT('',#2619);
#2619 = CARTESIAN_POINT('',(-34.61088913245,-7.107695154587,8.));
#2620 = SURFACE_CURVE('',#2621,(#2626,#2637),.PCURVE_S1.);
#2621 = CIRCLE('',#2622,1.7);
#2622 = AXIS2_PLACEMENT_3D('',#2623,#2624,#2625);
#2623 = CARTESIAN_POINT('',(-36.31088913245,-7.107695154587,8.));
#2624 = DIRECTION('',(0.,0.,-1.));
#2625 = DIRECTION('',(1.,0.,0.));
#2626 = PCURVE('',#146,#2627);
#2627 = DEFINITIONAL_REPRESENTATION('',(#2628),#2636);
#2628 = ( BOUNDED_CURVE() B_SPLINE_CURVE(2,(#2629,#2630,#2631,#2632,
#2633,#2634,#2635),.UNSPECIFIED.,.T.,.F.) B_SPLINE_CURVE_WITH_KNOTS((1,2
    ,2,2,2,1),(-2.094395102393,0.,2.094395102393,4.188790204786,
6.28318530718,8.377580409573),.UNSPECIFIED.) CURVE() 
GEOMETRIC_REPRESENTATION_ITEM() RATIONAL_B_SPLINE_CURVE((1.,0.5,1.,0.5,
1.,0.5,1.)) REPRESENTATION_ITEM('') );
#2629 = CARTESIAN_POINT('',(-34.61088913245,-7.107695154587));
#2630 = CARTESIAN_POINT('',(-34.61088913245,-10.05218152745));
#2631 = CARTESIAN_POINT('',(-37.16088913245,-8.57993834102));
#2632 = CARTESIAN_POINT('',(-39.71088913245,-7.107695154587));
#2633 = CARTESIAN_POINT('',(-37.16088913245,-5.635451968153));
#2634 = CARTESIAN_POINT('',(-34.61088913245,-4.16320878172));
#2635 = CARTESIAN_POINT('',(-34.61088913245,-7.107695154587));
#2636 = ( GEOMETRIC_REPRESENTATION_CONTEXT(2) 
PARAMETRIC_REPRESENTATION_CONTEXT() REPRESENTATION_CONTEXT('2D SPACE',''
  ) );
#2637 = PCURVE('',#951,#2638);
#2638 = DEFINITIONAL_REPRESENTATION('',(#2639),#2643);
#2639 = LINE('',#2640,#2641);
#2640 = CARTESIAN_POINT('',(-6.28318530718,-9.));
#2641 = VECTOR('',#2642,1.);
#2642 = DIRECTION('',(1.,-0.));
#2643 = ( GEOMETRIC_REPRESENTATION_CONTEXT(2) 
PARAMETRIC_REPRESENTATION_CONTEXT() REPRESENTATION_CONTEXT('2D SPACE',''
  ) );
#2644 = FACE_BOUND('',#2645,.T.);
#2645 = EDGE_LOOP('',(#2646));
#2646 = ORIENTED_EDGE('',*,*,#2647,.T.);
#2647 = EDGE_CURVE('',#2648,#2648,#2650,.T.);
#2648 = VERTEX_POINT('',#2649);
#2649 = CARTESIAN_POINT('',(2.15,-67.,8.));
#2650 = SURFACE_CURVE('',#2651,(#2656,#2667),.PCURVE_S1.);
#2651 = CIRCLE('',#2652,2.15);
#2652 = AXIS2_PLACEMENT_3D('',#2653,#2654,#2655);
#2653 = CARTESIAN_POINT('',(-1.230770033143E-14,-67.,8.));
#2654 = DIRECTION('',(0.,0.,-1.));
#2655 = DIRECTION('',(1.,0.,0.));
#2656 = PCURVE('',#146,#2657);
#2657 = DEFINITIONAL_REPRESENTATION('',(#2658),#2666);
#2658 = ( BOUNDED_CURVE() B_SPLINE_CURVE(2,(#2659,#2660,#2661,#2662,
#2663,#2664,#2665),.UNSPECIFIED.,.T.,.F.) B_SPLINE_CURVE_WITH_KNOTS((1,2
    ,2,2,2,1),(-2.094395102393,0.,2.094395102393,4.188790204786,
6.28318530718,8.377580409573),.UNSPECIFIED.) CURVE() 
GEOMETRIC_REPRESENTATION_ITEM() RATIONAL_B_SPLINE_CURVE((1.,0.5,1.,0.5,
1.,0.5,1.)) REPRESENTATION_ITEM('') );
#2659 = CARTESIAN_POINT('',(2.15,-67.));
#2660 = CARTESIAN_POINT('',(2.15,-70.72390923627));
#2661 = CARTESIAN_POINT('',(-1.075,-68.86195461813));
#2662 = CARTESIAN_POINT('',(-4.3,-67.));
#2663 = CARTESIAN_POINT('',(-1.075,-65.13804538186));
#2664 = CARTESIAN_POINT('',(2.15,-63.27609076372));
#2665 = CARTESIAN_POINT('',(2.15,-67.));
#2666 = ( GEOMETRIC_REPRESENTATION_CONTEXT(2) 
PARAMETRIC_REPRESENTATION_CONTEXT() REPRESENTATION_CONTEXT('2D SPACE',''
  ) );
#2667 = PCURVE('',#986,#2668);
#2668 = DEFINITIONAL_REPRESENTATION('',(#2669),#2673);
#2669 = LINE('',#2670,#2671);
#2670 = CARTESIAN_POINT('',(-6.28318530718,-9.));
#2671 = VECTOR('',#2672,1.);
#2672 = DIRECTION('',(1.,-0.));
#2673 = ( GEOMETRIC_REPRESENTATION_CONTEXT(2) 
PARAMETRIC_REPRESENTATION_CONTEXT() REPRESENTATION_CONTEXT('2D SPACE',''
  ) );
#2674 = FACE_BOUND('',#2675,.T.);
#2675 = EDGE_LOOP('',(#2676));
#2676 = ORIENTED_EDGE('',*,*,#2677,.T.);
#2677 = EDGE_CURVE('',#2678,#2678,#2680,.T.);
#2678 = VERTEX_POINT('',#2679);
#2679 = CARTESIAN_POINT('',(26.010889132455,-27.89230484541,8.));
#2680 = SURFACE_CURVE('',#2681,(#2686,#2697),.PCURVE_S1.);
#2681 = CIRCLE('',#2682,1.7);
#2682 = AXIS2_PLACEMENT_3D('',#2683,#2684,#2685);
#2683 = CARTESIAN_POINT('',(24.310889132455,-27.89230484541,8.));
#2684 = DIRECTION('',(0.,0.,-1.));
#2685 = DIRECTION('',(1.,0.,0.));
#2686 = PCURVE('',#146,#2687);
#2687 = DEFINITIONAL_REPRESENTATION('',(#2688),#2696);
#2688 = ( BOUNDED_CURVE() B_SPLINE_CURVE(2,(#2689,#2690,#2691,#2692,
#2693,#2694,#2695),.UNSPECIFIED.,.T.,.F.) B_SPLINE_CURVE_WITH_KNOTS((1,2
    ,2,2,2,1),(-2.094395102393,0.,2.094395102393,4.188790204786,
6.28318530718,8.377580409573),.UNSPECIFIED.) CURVE() 
GEOMETRIC_REPRESENTATION_ITEM() RATIONAL_B_SPLINE_CURVE((1.,0.5,1.,0.5,
1.,0.5,1.)) REPRESENTATION_ITEM('') );
#2689 = CARTESIAN_POINT('',(26.010889132455,-27.89230484541));
#2690 = CARTESIAN_POINT('',(26.010889132455,-30.83679121828));
#2691 = CARTESIAN_POINT('',(23.460889132455,-29.36454803184));
#2692 = CARTESIAN_POINT('',(20.910889132455,-27.89230484541));
#2693 = CARTESIAN_POINT('',(23.460889132455,-26.42006165898));
#2694 = CARTESIAN_POINT('',(26.010889132455,-24.94781847254));
#2695 = CARTESIAN_POINT('',(26.010889132455,-27.89230484541));
#2696 = ( GEOMETRIC_REPRESENTATION_CONTEXT(2) 
PARAMETRIC_REPRESENTATION_CONTEXT() REPRESENTATION_CONTEXT('2D SPACE',''
  ) );
#2697 = PCURVE('',#1021,#2698);
#2698 = DEFINITIONAL_REPRESENTATION('',(#2699),#2703);
#2699 = LINE('',#2700,#2701);
#2700 = CARTESIAN_POINT('',(-6.28318530718,-9.));
#2701 = VECTOR('',#2702,1.);
#2702 = DIRECTION('',(1.,-0.));
#2703 = ( GEOMETRIC_REPRESENTATION_CONTEXT(2) 
PARAMETRIC_REPRESENTATION_CONTEXT() REPRESENTATION_CONTEXT('2D SPACE',''
  ) );
#2704 = FACE_BOUND('',#2705,.T.);
#2705 = EDGE_LOOP('',(#2706));
#2706 = ORIENTED_EDGE('',*,*,#2707,.T.);
#2707 = EDGE_CURVE('',#2708,#2708,#2710,.T.);
#2708 = VERTEX_POINT('',#2709);
#2709 = CARTESIAN_POINT('',(86.632667397366,-62.89230484541,8.));
#2710 = SURFACE_CURVE('',#2711,(#2716,#2727),.PCURVE_S1.);
#2711 = CIRCLE('',#2712,1.7);
#2712 = AXIS2_PLACEMENT_3D('',#2713,#2714,#2715);
#2713 = CARTESIAN_POINT('',(84.932667397366,-62.89230484541,8.));
#2714 = DIRECTION('',(0.,0.,-1.));
#2715 = DIRECTION('',(1.,0.,0.));
#2716 = PCURVE('',#146,#2717);
#2717 = DEFINITIONAL_REPRESENTATION('',(#2718),#2726);
#2718 = ( BOUNDED_CURVE() B_SPLINE_CURVE(2,(#2719,#2720,#2721,#2722,
#2723,#2724,#2725),.UNSPECIFIED.,.T.,.F.) B_SPLINE_CURVE_WITH_KNOTS((1,2
    ,2,2,2,1),(-2.094395102393,0.,2.094395102393,4.188790204786,
6.28318530718,8.377580409573),.UNSPECIFIED.) CURVE() 
GEOMETRIC_REPRESENTATION_ITEM() RATIONAL_B_SPLINE_CURVE((1.,0.5,1.,0.5,
1.,0.5,1.)) REPRESENTATION_ITEM('') );
#2719 = CARTESIAN_POINT('',(86.632667397366,-62.89230484541));
#2720 = CARTESIAN_POINT('',(86.632667397366,-65.83679121828));
#2721 = CARTESIAN_POINT('',(84.082667397366,-64.36454803184));
#2722 = CARTESIAN_POINT('',(81.532667397366,-62.89230484541));
#2723 = CARTESIAN_POINT('',(84.082667397366,-61.42006165898));
#2724 = CARTESIAN_POINT('',(86.632667397366,-59.94781847254));
#2725 = CARTESIAN_POINT('',(86.632667397366,-62.89230484541));
#2726 = ( GEOMETRIC_REPRESENTATION_CONTEXT(2) 
PARAMETRIC_REPRESENTATION_CONTEXT() REPRESENTATION_CONTEXT('2D SPACE',''
  ) );
#2727 = PCURVE('',#1056,#2728);
#2728 = DEFINITIONAL_REPRESENTATION('',(#2729),#2733);
#2729 = LINE('',#2730,#2731);
#2730 = CARTESIAN_POINT('',(-6.28318530718,-9.));
#2731 = VECTOR('',#2732,1.);
#2732 = DIRECTION('',(1.,-0.));
#2733 = ( GEOMETRIC_REPRESENTATION_CONTEXT(2) 
PARAMETRIC_REPRESENTATION_CONTEXT() REPRESENTATION_CONTEXT('2D SPACE',''
  ) );
#2734 = FACE_BOUND('',#2735,.T.);
#2735 = EDGE_LOOP('',(#2736));
#2736 = ORIENTED_EDGE('',*,*,#2737,.T.);
#2737 = EDGE_CURVE('',#2738,#2738,#2740,.T.);
#2738 = VERTEX_POINT('',#2739);
#2739 = CARTESIAN_POINT('',(94.364718204935,-53.5,8.));
#2740 = SURFACE_CURVE('',#2741,(#2746,#2757),.PCURVE_S1.);
#2741 = CIRCLE('',#2742,1.7);
#2742 = AXIS2_PLACEMENT_3D('',#2743,#2744,#2745);
#2743 = CARTESIAN_POINT('',(92.664718204935,-53.5,8.));
#2744 = DIRECTION('',(0.,0.,-1.));
#2745 = DIRECTION('',(1.,0.,0.));
#2746 = PCURVE('',#146,#2747);
#2747 = DEFINITIONAL_REPRESENTATION('',(#2748),#2756);
#2748 = ( BOUNDED_CURVE() B_SPLINE_CURVE(2,(#2749,#2750,#2751,#2752,
#2753,#2754,#2755),.UNSPECIFIED.,.T.,.F.) B_SPLINE_CURVE_WITH_KNOTS((1,2
    ,2,2,2,1),(-2.094395102393,0.,2.094395102393,4.188790204786,
6.28318530718,8.377580409573),.UNSPECIFIED.) CURVE() 
GEOMETRIC_REPRESENTATION_ITEM() RATIONAL_B_SPLINE_CURVE((1.,0.5,1.,0.5,
1.,0.5,1.)) REPRESENTATION_ITEM('') );
#2749 = CARTESIAN_POINT('',(94.364718204935,-53.5));
#2750 = CARTESIAN_POINT('',(94.364718204935,-56.44448637286));
#2751 = CARTESIAN_POINT('',(91.814718204935,-54.97224318643));
#2752 = CARTESIAN_POINT('',(89.264718204935,-53.5));
#2753 = CARTESIAN_POINT('',(91.814718204935,-52.02775681356));
#2754 = CARTESIAN_POINT('',(94.364718204935,-50.55551362713));
#2755 = CARTESIAN_POINT('',(94.364718204935,-53.5));
#2756 = ( GEOMETRIC_REPRESENTATION_CONTEXT(2) 
PARAMETRIC_REPRESENTATION_CONTEXT() REPRESENTATION_CONTEXT('2D SPACE',''
  ) );
#2757 = PCURVE('',#1091,#2758);
#2758 = DEFINITIONAL_REPRESENTATION('',(#2759),#2763);
#2759 = LINE('',#2760,#2761);
#2760 = CARTESIAN_POINT('',(-6.28318530718,-9.));
#2761 = VECTOR('',#2762,1.);
#2762 = DIRECTION('',(1.,-0.));
#2763 = ( GEOMETRIC_REPRESENTATION_CONTEXT(2) 
PARAMETRIC_REPRESENTATION_CONTEXT() REPRESENTATION_CONTEXT('2D SPACE',''
  ) );
#2764 = FACE_BOUND('',#2765,.T.);
#2765 = EDGE_LOOP('',(#2766));
#2766 = ORIENTED_EDGE('',*,*,#2767,.T.);
#2767 = EDGE_CURVE('',#2768,#2768,#2770,.T.);
#2768 = VERTEX_POINT('',#2769);
#2769 = CARTESIAN_POINT('',(98.632667397366,-42.10769515458,8.));
#2770 = SURFACE_CURVE('',#2771,(#2776,#2787),.PCURVE_S1.);
#2771 = CIRCLE('',#2772,1.7);
#2772 = AXIS2_PLACEMENT_3D('',#2773,#2774,#2775);
#2773 = CARTESIAN_POINT('',(96.932667397366,-42.10769515458,8.));
#2774 = DIRECTION('',(0.,0.,-1.));
#2775 = DIRECTION('',(1.,0.,0.));
#2776 = PCURVE('',#146,#2777);
#2777 = DEFINITIONAL_REPRESENTATION('',(#2778),#2786);
#2778 = ( BOUNDED_CURVE() B_SPLINE_CURVE(2,(#2779,#2780,#2781,#2782,
#2783,#2784,#2785),.UNSPECIFIED.,.T.,.F.) B_SPLINE_CURVE_WITH_KNOTS((1,2
    ,2,2,2,1),(-2.094395102393,0.,2.094395102393,4.188790204786,
6.28318530718,8.377580409573),.UNSPECIFIED.) CURVE() 
GEOMETRIC_REPRESENTATION_ITEM() RATIONAL_B_SPLINE_CURVE((1.,0.5,1.,0.5,
1.,0.5,1.)) REPRESENTATION_ITEM('') );
#2779 = CARTESIAN_POINT('',(98.632667397366,-42.10769515458));
#2780 = CARTESIAN_POINT('',(98.632667397366,-45.05218152745));
#2781 = CARTESIAN_POINT('',(96.082667397366,-43.57993834102));
#2782 = CARTESIAN_POINT('',(93.532667397366,-42.10769515458));
#2783 = CARTESIAN_POINT('',(96.082667397366,-40.63545196815));
#2784 = CARTESIAN_POINT('',(98.632667397366,-39.16320878172));
#2785 = CARTESIAN_POINT('',(98.632667397366,-42.10769515458));
#2786 = ( GEOMETRIC_REPRESENTATION_CONTEXT(2) 
PARAMETRIC_REPRESENTATION_CONTEXT() REPRESENTATION_CONTEXT('2D SPACE',''
  ) );
#2787 = PCURVE('',#1126,#2788);
#2788 = DEFINITIONAL_REPRESENTATION('',(#2789),#2793);
#2789 = LINE('',#2790,#2791);
#2790 = CARTESIAN_POINT('',(-6.28318530718,-9.));
#2791 = VECTOR('',#2792,1.);
#2792 = DIRECTION('',(1.,-0.));
#2793 = ( GEOMETRIC_REPRESENTATION_CONTEXT(2) 
PARAMETRIC_REPRESENTATION_CONTEXT() REPRESENTATION_CONTEXT('2D SPACE',''
  ) );
#2794 = FACE_BOUND('',#2795,.T.);
#2795 = EDGE_LOOP('',(#2796));
#2796 = ORIENTED_EDGE('',*,*,#2797,.T.);
#2797 = EDGE_CURVE('',#2798,#2798,#2800,.T.);
#2798 = VERTEX_POINT('',#2799);
#2799 = CARTESIAN_POINT('',(38.010889132455,-7.107695154587,8.));
#2800 = SURFACE_CURVE('',#2801,(#2806,#2817),.PCURVE_S1.);
#2801 = CIRCLE('',#2802,1.7);
#2802 = AXIS2_PLACEMENT_3D('',#2803,#2804,#2805);
#2803 = CARTESIAN_POINT('',(36.310889132455,-7.107695154587,8.));
#2804 = DIRECTION('',(0.,0.,-1.));
#2805 = DIRECTION('',(1.,0.,0.));
#2806 = PCURVE('',#146,#2807);
#2807 = DEFINITIONAL_REPRESENTATION('',(#2808),#2816);
#2808 = ( BOUNDED_CURVE() B_SPLINE_CURVE(2,(#2809,#2810,#2811,#2812,
#2813,#2814,#2815),.UNSPECIFIED.,.T.,.F.) B_SPLINE_CURVE_WITH_KNOTS((1,2
    ,2,2,2,1),(-2.094395102393,0.,2.094395102393,4.188790204786,
6.28318530718,8.377580409573),.UNSPECIFIED.) CURVE() 
GEOMETRIC_REPRESENTATION_ITEM() RATIONAL_B_SPLINE_CURVE((1.,0.5,1.,0.5,
1.,0.5,1.)) REPRESENTATION_ITEM('') );
#2809 = CARTESIAN_POINT('',(38.010889132455,-7.107695154587));
#2810 = CARTESIAN_POINT('',(38.010889132455,-10.05218152745));
#2811 = CARTESIAN_POINT('',(35.460889132455,-8.57993834102));
#2812 = CARTESIAN_POINT('',(32.910889132455,-7.107695154587));
#2813 = CARTESIAN_POINT('',(35.460889132455,-5.635451968153));
#2814 = CARTESIAN_POINT('',(38.010889132455,-4.16320878172));
#2815 = CARTESIAN_POINT('',(38.010889132455,-7.107695154587));
#2816 = ( GEOMETRIC_REPRESENTATION_CONTEXT(2) 
PARAMETRIC_REPRESENTATION_CONTEXT() REPRESENTATION_CONTEXT('2D SPACE',''
  ) );
#2817 = PCURVE('',#1161,#2818);
#2818 = DEFINITIONAL_REPRESENTATION('',(#2819),#2823);
#2819 = LINE('',#2820,#2821);
#2820 = CARTESIAN_POINT('',(-6.28318530718,-9.));
#2821 = VECTOR('',#2822,1.);
#2822 = DIRECTION('',(1.,-0.));
#2823 = ( GEOMETRIC_REPRESENTATION_CONTEXT(2) 
PARAMETRIC_REPRESENTATION_CONTEXT() REPRESENTATION_CONTEXT('2D SPACE',''
  ) );
#2824 = FACE_BOUND('',#2825,.T.);
#2825 = EDGE_LOOP('',(#2826,#2856,#2879,#2907,#2930,#2954,#2977,#3005,
    #3028,#3056,#3079,#3103,#3126,#3154,#3177,#3205,#3228,#3252));
#2826 = ORIENTED_EDGE('',*,*,#2827,.T.);
#2827 = EDGE_CURVE('',#2828,#2830,#2832,.T.);
#2828 = VERTEX_POINT('',#2829);
#2829 = CARTESIAN_POINT('',(17.000000000001,36.207733980463,8.));
#2830 = VERTEX_POINT('',#2831);
#2831 = CARTESIAN_POINT('',(39.856817440551,-3.381435125896,8.));
#2832 = SURFACE_CURVE('',#2833,(#2838,#2849),.PCURVE_S1.);
#2833 = CIRCLE('',#2834,40.);
#2834 = AXIS2_PLACEMENT_3D('',#2835,#2836,#2837);
#2835 = CARTESIAN_POINT('',(3.531871091885E-13,1.515824502955E-15,8.));
#2836 = DIRECTION('',(0.,0.,-1.));
#2837 = DIRECTION('',(0.425,0.905193349512,0.));
#2838 = PCURVE('',#146,#2839);
#2839 = DEFINITIONAL_REPRESENTATION('',(#2840),#2848);
#2840 = ( BOUNDED_CURVE() B_SPLINE_CURVE(2,(#2841,#2842,#2843,#2844,
#2845,#2846,#2847),.UNSPECIFIED.,.T.,.F.) B_SPLINE_CURVE_WITH_KNOTS((1,2
    ,2,2,2,1),(-2.094395102393,0.,2.094395102393,4.188790204786,
6.28318530718,8.377580409573),.UNSPECIFIED.) CURVE() 
GEOMETRIC_REPRESENTATION_ITEM() RATIONAL_B_SPLINE_CURVE((1.,0.5,1.,0.5,
1.,0.5,1.)) REPRESENTATION_ITEM('') );
#2841 = CARTESIAN_POINT('',(17.000000000001,36.207733980463));
#2842 = CARTESIAN_POINT('',(79.713634881101,6.762870251792));
#2843 = CARTESIAN_POINT('',(22.85681744055,-32.82629885456));
#2844 = CARTESIAN_POINT('',(-34.,-72.41546796092));
#2845 = CARTESIAN_POINT('',(-39.85681744055,-3.381435125896));
#2846 = CARTESIAN_POINT('',(-45.7136348811,65.652597709135));
#2847 = CARTESIAN_POINT('',(17.000000000001,36.207733980463));
#2848 = ( GEOMETRIC_REPRESENTATION_CONTEXT(2) 
PARAMETRIC_REPRESENTATION_CONTEXT() REPRESENTATION_CONTEXT('2D SPACE',''
  ) );
#2849 = PCURVE('',#1194,#2850);
#2850 = DEFINITIONAL_REPRESENTATION('',(#2851),#2855);
#2851 = LINE('',#2852,#2853);
#2852 = CARTESIAN_POINT('',(-7.415019748365,-8.));
#2853 = VECTOR('',#2854,1.);
#2854 = DIRECTION('',(1.,-0.));
#2855 = ( GEOMETRIC_REPRESENTATION_CONTEXT(2) 
PARAMETRIC_REPRESENTATION_CONTEXT() REPRESENTATION_CONTEXT('2D SPACE',''
  ) );
#2856 = ORIENTED_EDGE('',*,*,#2857,.F.);
#2857 = EDGE_CURVE('',#2858,#2830,#2860,.T.);
#2858 = VERTEX_POINT('',#2859);
#2859 = CARTESIAN_POINT('',(37.944863728671,-2.277568135665,8.));
#2860 = SURFACE_CURVE('',#2861,(#2865,#2872),.PCURVE_S1.);
#2861 = LINE('',#2862,#2863);
#2862 = CARTESIAN_POINT('',(34.480762113533,-0.277568135665,8.));
#2863 = VECTOR('',#2864,1.);
#2864 = DIRECTION('',(0.866025403784,-0.5,0.));
#2865 = PCURVE('',#146,#2866);
#2866 = DEFINITIONAL_REPRESENTATION('',(#2867),#2871);
#2867 = LINE('',#2868,#2869);
#2868 = CARTESIAN_POINT('',(34.480762113533,-0.277568135665));
#2869 = VECTOR('',#2870,1.);
#2870 = DIRECTION('',(0.866025403784,-0.5));
#2871 = ( GEOMETRIC_REPRESENTATION_CONTEXT(2) 
PARAMETRIC_REPRESENTATION_CONTEXT() REPRESENTATION_CONTEXT('2D SPACE',''
  ) );
#2872 = PCURVE('',#1222,#2873);
#2873 = DEFINITIONAL_REPRESENTATION('',(#2874),#2878);
#2874 = LINE('',#2875,#2876);
#2875 = CARTESIAN_POINT('',(8.,0.));
#2876 = VECTOR('',#2877,1.);
#2877 = DIRECTION('',(0.,1.));
#2878 = ( GEOMETRIC_REPRESENTATION_CONTEXT(2) 
PARAMETRIC_REPRESENTATION_CONTEXT() REPRESENTATION_CONTEXT('2D SPACE',''
  ) );
#2879 = ORIENTED_EDGE('',*,*,#2880,.F.);
#2880 = EDGE_CURVE('',#2881,#2858,#2883,.T.);
#2881 = VERTEX_POINT('',#2882);
#2882 = CARTESIAN_POINT('',(32.480762113533,-3.741669750802,8.));
#2883 = SURFACE_CURVE('',#2884,(#2889,#2900),.PCURVE_S1.);
#2884 = CIRCLE('',#2885,4.);
#2885 = AXIS2_PLACEMENT_3D('',#2886,#2887,#2888);
#2886 = CARTESIAN_POINT('',(35.944863728671,-5.741669750802,8.));
#2887 = DIRECTION('',(-0.,0.,-1.));
#2888 = DIRECTION('',(-0.5,-0.866025403784,0.));
#2889 = PCURVE('',#146,#2890);
#2890 = DEFINITIONAL_REPRESENTATION('',(#2891),#2899);
#2891 = ( BOUNDED_CURVE() B_SPLINE_CURVE(2,(#2892,#2893,#2894,#2895,
#2896,#2897,#2898),.UNSPECIFIED.,.T.,.F.) B_SPLINE_CURVE_WITH_KNOTS((1,2
    ,2,2,2,1),(-2.094395102393,0.,2.094395102393,4.188790204786,
6.28318530718,8.377580409573),.UNSPECIFIED.) CURVE() 
GEOMETRIC_REPRESENTATION_ITEM() RATIONAL_B_SPLINE_CURVE((1.,0.5,1.,0.5,
1.,0.5,1.)) REPRESENTATION_ITEM('') );
#2892 = CARTESIAN_POINT('',(33.944863728671,-9.20577136594));
#2893 = CARTESIAN_POINT('',(27.944863728671,-5.741669750802));
#2894 = CARTESIAN_POINT('',(33.944863728671,-2.277568135665));
#2895 = CARTESIAN_POINT('',(39.944863728671,1.186533479473));
#2896 = CARTESIAN_POINT('',(39.944863728671,-5.741669750802));
#2897 = CARTESIAN_POINT('',(39.944863728671,-12.66987298107));
#2898 = CARTESIAN_POINT('',(33.944863728671,-9.20577136594));
#2899 = ( GEOMETRIC_REPRESENTATION_CONTEXT(2) 
PARAMETRIC_REPRESENTATION_CONTEXT() REPRESENTATION_CONTEXT('2D SPACE',''
  ) );
#2900 = PCURVE('',#1255,#2901);
#2901 = DEFINITIONAL_REPRESENTATION('',(#2902),#2906);
#2902 = LINE('',#2903,#2904);
#2903 = CARTESIAN_POINT('',(1.570796326795,8.));
#2904 = VECTOR('',#2905,1.);
#2905 = DIRECTION('',(-1.,0.));
#2906 = ( GEOMETRIC_REPRESENTATION_CONTEXT(2) 
PARAMETRIC_REPRESENTATION_CONTEXT() REPRESENTATION_CONTEXT('2D SPACE',''
  ) );
#2907 = ORIENTED_EDGE('',*,*,#2908,.F.);
#2908 = EDGE_CURVE('',#2909,#2881,#2911,.T.);
#2909 = VERTEX_POINT('',#2910);
#2910 = CARTESIAN_POINT('',(19.480762113533,-26.25833024919,8.));
#2911 = SURFACE_CURVE('',#2912,(#2916,#2923),.PCURVE_S1.);
#2912 = LINE('',#2913,#2914);
#2913 = CARTESIAN_POINT('',(17.480762113533,-29.72243186433,8.));
#2914 = VECTOR('',#2915,1.);
#2915 = DIRECTION('',(0.5,0.866025403784,0.));
#2916 = PCURVE('',#146,#2917);
#2917 = DEFINITIONAL_REPRESENTATION('',(#2918),#2922);
#2918 = LINE('',#2919,#2920);
#2919 = CARTESIAN_POINT('',(17.480762113533,-29.72243186433));
#2920 = VECTOR('',#2921,1.);
#2921 = DIRECTION('',(0.5,0.866025403784));
#2922 = ( GEOMETRIC_REPRESENTATION_CONTEXT(2) 
PARAMETRIC_REPRESENTATION_CONTEXT() REPRESENTATION_CONTEXT('2D SPACE',''
  ) );
#2923 = PCURVE('',#1283,#2924);
#2924 = DEFINITIONAL_REPRESENTATION('',(#2925),#2929);
#2925 = LINE('',#2926,#2927);
#2926 = CARTESIAN_POINT('',(8.,0.));
#2927 = VECTOR('',#2928,1.);
#2928 = DIRECTION('',(0.,-1.));
#2929 = ( GEOMETRIC_REPRESENTATION_CONTEXT(2) 
PARAMETRIC_REPRESENTATION_CONTEXT() REPRESENTATION_CONTEXT('2D SPACE',''
  ) );
#2930 = ORIENTED_EDGE('',*,*,#2931,.T.);
#2931 = EDGE_CURVE('',#2909,#2932,#2934,.T.);
#2932 = VERTEX_POINT('',#2933);
#2933 = CARTESIAN_POINT('',(20.944863728671,-31.72243186433,8.));
#2934 = SURFACE_CURVE('',#2935,(#2940,#2947),.PCURVE_S1.);
#2935 = CIRCLE('',#2936,4.);
#2936 = AXIS2_PLACEMENT_3D('',#2937,#2938,#2939);
#2937 = CARTESIAN_POINT('',(22.944863728671,-28.25833024919,8.));
#2938 = DIRECTION('',(0.,0.,1.));
#2939 = DIRECTION('',(-0.5,-0.866025403784,0.));
#2940 = PCURVE('',#146,#2941);
#2941 = DEFINITIONAL_REPRESENTATION('',(#2942),#2946);
#2942 = CIRCLE('',#2943,4.);
#2943 = AXIS2_PLACEMENT_2D('',#2944,#2945);
#2944 = CARTESIAN_POINT('',(22.944863728671,-28.25833024919));
#2945 = DIRECTION('',(-0.5,-0.866025403784));
#2946 = ( GEOMETRIC_REPRESENTATION_CONTEXT(2) 
PARAMETRIC_REPRESENTATION_CONTEXT() REPRESENTATION_CONTEXT('2D SPACE',''
  ) );
#2947 = PCURVE('',#1312,#2948);
#2948 = DEFINITIONAL_REPRESENTATION('',(#2949),#2953);
#2949 = LINE('',#2950,#2951);
#2950 = CARTESIAN_POINT('',(-4.712388980385,8.));
#2951 = VECTOR('',#2952,1.);
#2952 = DIRECTION('',(1.,0.));
#2953 = ( GEOMETRIC_REPRESENTATION_CONTEXT(2) 
PARAMETRIC_REPRESENTATION_CONTEXT() REPRESENTATION_CONTEXT('2D SPACE',''
  ) );
#2954 = ORIENTED_EDGE('',*,*,#2955,.T.);
#2955 = EDGE_CURVE('',#2932,#2956,#2958,.T.);
#2956 = VERTEX_POINT('',#2957);
#2957 = CARTESIAN_POINT('',(22.856817440551,-32.82629885456,8.));
#2958 = SURFACE_CURVE('',#2959,(#2963,#2970),.PCURVE_S1.);
#2959 = LINE('',#2960,#2961);
#2960 = CARTESIAN_POINT('',(17.480762113533,-29.72243186433,8.));
#2961 = VECTOR('',#2962,1.);
#2962 = DIRECTION('',(0.866025403784,-0.5,0.));
#2963 = PCURVE('',#146,#2964);
#2964 = DEFINITIONAL_REPRESENTATION('',(#2965),#2969);
#2965 = LINE('',#2966,#2967);
#2966 = CARTESIAN_POINT('',(17.480762113533,-29.72243186433));
#2967 = VECTOR('',#2968,1.);
#2968 = DIRECTION('',(0.866025403784,-0.5));
#2969 = ( GEOMETRIC_REPRESENTATION_CONTEXT(2) 
PARAMETRIC_REPRESENTATION_CONTEXT() REPRESENTATION_CONTEXT('2D SPACE',''
  ) );
#2970 = PCURVE('',#1340,#2971);
#2971 = DEFINITIONAL_REPRESENTATION('',(#2972),#2976);
#2972 = LINE('',#2973,#2974);
#2973 = CARTESIAN_POINT('',(8.,0.));
#2974 = VECTOR('',#2975,1.);
#2975 = DIRECTION('',(0.,1.));
#2976 = ( GEOMETRIC_REPRESENTATION_CONTEXT(2) 
PARAMETRIC_REPRESENTATION_CONTEXT() REPRESENTATION_CONTEXT('2D SPACE',''
  ) );
#2977 = ORIENTED_EDGE('',*,*,#2978,.T.);
#2978 = EDGE_CURVE('',#2956,#2979,#2981,.T.);
#2979 = VERTEX_POINT('',#2980);
#2980 = CARTESIAN_POINT('',(-22.85681744055,-32.82629885456,8.));
#2981 = SURFACE_CURVE('',#2982,(#2987,#2998),.PCURVE_S1.);
#2982 = CIRCLE('',#2983,40.);
#2983 = AXIS2_PLACEMENT_3D('',#2984,#2985,#2986);
#2984 = CARTESIAN_POINT('',(3.531871091885E-13,1.515824502955E-15,8.));
#2985 = DIRECTION('',(0.,0.,-1.));
#2986 = DIRECTION('',(0.425,0.905193349512,0.));
#2987 = PCURVE('',#146,#2988);
#2988 = DEFINITIONAL_REPRESENTATION('',(#2989),#2997);
#2989 = ( BOUNDED_CURVE() B_SPLINE_CURVE(2,(#2990,#2991,#2992,#2993,
#2994,#2995,#2996),.UNSPECIFIED.,.T.,.F.) B_SPLINE_CURVE_WITH_KNOTS((1,2
    ,2,2,2,1),(-2.094395102393,0.,2.094395102393,4.188790204786,
6.28318530718,8.377580409573),.UNSPECIFIED.) CURVE() 
GEOMETRIC_REPRESENTATION_ITEM() RATIONAL_B_SPLINE_CURVE((1.,0.5,1.,0.5,
1.,0.5,1.)) REPRESENTATION_ITEM('') );
#2990 = CARTESIAN_POINT('',(17.000000000001,36.207733980463));
#2991 = CARTESIAN_POINT('',(79.713634881101,6.762870251792));
#2992 = CARTESIAN_POINT('',(22.85681744055,-32.82629885456));
#2993 = CARTESIAN_POINT('',(-34.,-72.41546796092));
#2994 = CARTESIAN_POINT('',(-39.85681744055,-3.381435125896));
#2995 = CARTESIAN_POINT('',(-45.7136348811,65.652597709135));
#2996 = CARTESIAN_POINT('',(17.000000000001,36.207733980463));
#2997 = ( GEOMETRIC_REPRESENTATION_CONTEXT(2) 
PARAMETRIC_REPRESENTATION_CONTEXT() REPRESENTATION_CONTEXT('2D SPACE',''
  ) );
#2998 = PCURVE('',#1369,#2999);
#2999 = DEFINITIONAL_REPRESENTATION('',(#3000),#3004);
#3000 = LINE('',#3001,#3002);
#3001 = CARTESIAN_POINT('',(-7.415019748365,-8.));
#3002 = VECTOR('',#3003,1.);
#3003 = DIRECTION('',(1.,-0.));
#3004 = ( GEOMETRIC_REPRESENTATION_CONTEXT(2) 
PARAMETRIC_REPRESENTATION_CONTEXT() REPRESENTATION_CONTEXT('2D SPACE',''
  ) );
#3005 = ORIENTED_EDGE('',*,*,#3006,.F.);
#3006 = EDGE_CURVE('',#3007,#2979,#3009,.T.);
#3007 = VERTEX_POINT('',#3008);
#3008 = CARTESIAN_POINT('',(-20.94486372867,-31.72243186433,8.));
#3009 = SURFACE_CURVE('',#3010,(#3014,#3021),.PCURVE_S1.);
#3010 = LINE('',#3011,#3012);
#3011 = CARTESIAN_POINT('',(-17.48076211353,-29.72243186433,8.));
#3012 = VECTOR('',#3013,1.);
#3013 = DIRECTION('',(-0.866025403784,-0.5,0.));
#3014 = PCURVE('',#146,#3015);
#3015 = DEFINITIONAL_REPRESENTATION('',(#3016),#3020);
#3016 = LINE('',#3017,#3018);
#3017 = CARTESIAN_POINT('',(-17.48076211353,-29.72243186433));
#3018 = VECTOR('',#3019,1.);
#3019 = DIRECTION('',(-0.866025403784,-0.5));
#3020 = ( GEOMETRIC_REPRESENTATION_CONTEXT(2) 
PARAMETRIC_REPRESENTATION_CONTEXT() REPRESENTATION_CONTEXT('2D SPACE',''
  ) );
#3021 = PCURVE('',#1397,#3022);
#3022 = DEFINITIONAL_REPRESENTATION('',(#3023),#3027);
#3023 = LINE('',#3024,#3025);
#3024 = CARTESIAN_POINT('',(8.,0.));
#3025 = VECTOR('',#3026,1.);
#3026 = DIRECTION('',(0.,1.));
#3027 = ( GEOMETRIC_REPRESENTATION_CONTEXT(2) 
PARAMETRIC_REPRESENTATION_CONTEXT() REPRESENTATION_CONTEXT('2D SPACE',''
  ) );
#3028 = ORIENTED_EDGE('',*,*,#3029,.F.);
#3029 = EDGE_CURVE('',#3030,#3007,#3032,.T.);
#3030 = VERTEX_POINT('',#3031);
#3031 = CARTESIAN_POINT('',(-19.48076211353,-26.25833024919,8.));
#3032 = SURFACE_CURVE('',#3033,(#3038,#3049),.PCURVE_S1.);
#3033 = CIRCLE('',#3034,4.);
#3034 = AXIS2_PLACEMENT_3D('',#3035,#3036,#3037);
#3035 = CARTESIAN_POINT('',(-22.94486372867,-28.25833024919,8.));
#3036 = DIRECTION('',(0.,0.,-1.));
#3037 = DIRECTION('',(-0.5,0.866025403784,0.));
#3038 = PCURVE('',#146,#3039);
#3039 = DEFINITIONAL_REPRESENTATION('',(#3040),#3048);
#3040 = ( BOUNDED_CURVE() B_SPLINE_CURVE(2,(#3041,#3042,#3043,#3044,
#3045,#3046,#3047),.UNSPECIFIED.,.T.,.F.) B_SPLINE_CURVE_WITH_KNOTS((1,2
    ,2,2,2,1),(-2.094395102393,0.,2.094395102393,4.188790204786,
6.28318530718,8.377580409573),.UNSPECIFIED.) CURVE() 
GEOMETRIC_REPRESENTATION_ITEM() RATIONAL_B_SPLINE_CURVE((1.,0.5,1.,0.5,
1.,0.5,1.)) REPRESENTATION_ITEM('') );
#3041 = CARTESIAN_POINT('',(-24.94486372867,-24.79422863406));
#3042 = CARTESIAN_POINT('',(-18.94486372867,-21.33012701892));
#3043 = CARTESIAN_POINT('',(-18.94486372867,-28.25833024919));
#3044 = CARTESIAN_POINT('',(-18.94486372867,-35.18653347947));
#3045 = CARTESIAN_POINT('',(-24.94486372867,-31.72243186433));
#3046 = CARTESIAN_POINT('',(-30.94486372867,-28.25833024919));
#3047 = CARTESIAN_POINT('',(-24.94486372867,-24.79422863406));
#3048 = ( GEOMETRIC_REPRESENTATION_CONTEXT(2) 
PARAMETRIC_REPRESENTATION_CONTEXT() REPRESENTATION_CONTEXT('2D SPACE',''
  ) );
#3049 = PCURVE('',#1430,#3050);
#3050 = DEFINITIONAL_REPRESENTATION('',(#3051),#3055);
#3051 = LINE('',#3052,#3053);
#3052 = CARTESIAN_POINT('',(1.570796326795,8.));
#3053 = VECTOR('',#3054,1.);
#3054 = DIRECTION('',(-1.,0.));
#3055 = ( GEOMETRIC_REPRESENTATION_CONTEXT(2) 
PARAMETRIC_REPRESENTATION_CONTEXT() REPRESENTATION_CONTEXT('2D SPACE',''
  ) );
#3056 = ORIENTED_EDGE('',*,*,#3057,.F.);
#3057 = EDGE_CURVE('',#3058,#3030,#3060,.T.);
#3058 = VERTEX_POINT('',#3059);
#3059 = CARTESIAN_POINT('',(-32.48076211353,-3.741669750802,8.));
#3060 = SURFACE_CURVE('',#3061,(#3065,#3072),.PCURVE_S1.);
#3061 = LINE('',#3062,#3063);
#3062 = CARTESIAN_POINT('',(-34.48076211353,-0.277568135665,8.));
#3063 = VECTOR('',#3064,1.);
#3064 = DIRECTION('',(0.5,-0.866025403784,0.));
#3065 = PCURVE('',#146,#3066);
#3066 = DEFINITIONAL_REPRESENTATION('',(#3067),#3071);
#3067 = LINE('',#3068,#3069);
#3068 = CARTESIAN_POINT('',(-34.48076211353,-0.277568135665));
#3069 = VECTOR('',#3070,1.);
#3070 = DIRECTION('',(0.5,-0.866025403784));
#3071 = ( GEOMETRIC_REPRESENTATION_CONTEXT(2) 
PARAMETRIC_REPRESENTATION_CONTEXT() REPRESENTATION_CONTEXT('2D SPACE',''
  ) );
#3072 = PCURVE('',#1458,#3073);
#3073 = DEFINITIONAL_REPRESENTATION('',(#3074),#3078);
#3074 = LINE('',#3075,#3076);
#3075 = CARTESIAN_POINT('',(8.,0.));
#3076 = VECTOR('',#3077,1.);
#3077 = DIRECTION('',(0.,-1.));
#3078 = ( GEOMETRIC_REPRESENTATION_CONTEXT(2) 
PARAMETRIC_REPRESENTATION_CONTEXT() REPRESENTATION_CONTEXT('2D SPACE',''
  ) );
#3079 = ORIENTED_EDGE('',*,*,#3080,.T.);
#3080 = EDGE_CURVE('',#3058,#3081,#3083,.T.);
#3081 = VERTEX_POINT('',#3082);
#3082 = CARTESIAN_POINT('',(-37.94486372867,-2.277568135665,8.));
#3083 = SURFACE_CURVE('',#3084,(#3089,#3096),.PCURVE_S1.);
#3084 = CIRCLE('',#3085,4.);
#3085 = AXIS2_PLACEMENT_3D('',#3086,#3087,#3088);
#3086 = CARTESIAN_POINT('',(-35.94486372867,-5.741669750802,8.));
#3087 = DIRECTION('',(0.,0.,1.));
#3088 = DIRECTION('',(-0.5,0.866025403784,0.));
#3089 = PCURVE('',#146,#3090);
#3090 = DEFINITIONAL_REPRESENTATION('',(#3091),#3095);
#3091 = CIRCLE('',#3092,4.);
#3092 = AXIS2_PLACEMENT_2D('',#3093,#3094);
#3093 = CARTESIAN_POINT('',(-35.94486372867,-5.741669750802));
#3094 = DIRECTION('',(-0.5,0.866025403784));
#3095 = ( GEOMETRIC_REPRESENTATION_CONTEXT(2) 
PARAMETRIC_REPRESENTATION_CONTEXT() REPRESENTATION_CONTEXT('2D SPACE',''
  ) );
#3096 = PCURVE('',#1487,#3097);
#3097 = DEFINITIONAL_REPRESENTATION('',(#3098),#3102);
#3098 = LINE('',#3099,#3100);
#3099 = CARTESIAN_POINT('',(-4.712388980385,8.));
#3100 = VECTOR('',#3101,1.);
#3101 = DIRECTION('',(1.,0.));
#3102 = ( GEOMETRIC_REPRESENTATION_CONTEXT(2) 
PARAMETRIC_REPRESENTATION_CONTEXT() REPRESENTATION_CONTEXT('2D SPACE',''
  ) );
#3103 = ORIENTED_EDGE('',*,*,#3104,.T.);
#3104 = EDGE_CURVE('',#3081,#3105,#3107,.T.);
#3105 = VERTEX_POINT('',#3106);
#3106 = CARTESIAN_POINT('',(-39.85681744055,-3.381435125896,8.));
#3107 = SURFACE_CURVE('',#3108,(#3112,#3119),.PCURVE_S1.);
#3108 = LINE('',#3109,#3110);
#3109 = CARTESIAN_POINT('',(-34.48076211353,-0.277568135665,8.));
#3110 = VECTOR('',#3111,1.);
#3111 = DIRECTION('',(-0.866025403784,-0.5,0.));
#3112 = PCURVE('',#146,#3113);
#3113 = DEFINITIONAL_REPRESENTATION('',(#3114),#3118);
#3114 = LINE('',#3115,#3116);
#3115 = CARTESIAN_POINT('',(-34.48076211353,-0.277568135665));
#3116 = VECTOR('',#3117,1.);
#3117 = DIRECTION('',(-0.866025403784,-0.5));
#3118 = ( GEOMETRIC_REPRESENTATION_CONTEXT(2) 
PARAMETRIC_REPRESENTATION_CONTEXT() REPRESENTATION_CONTEXT('2D SPACE',''
  ) );
#3119 = PCURVE('',#1515,#3120);
#3120 = DEFINITIONAL_REPRESENTATION('',(#3121),#3125);
#3121 = LINE('',#3122,#3123);
#3122 = CARTESIAN_POINT('',(8.,0.));
#3123 = VECTOR('',#3124,1.);
#3124 = DIRECTION('',(0.,1.));
#3125 = ( GEOMETRIC_REPRESENTATION_CONTEXT(2) 
PARAMETRIC_REPRESENTATION_CONTEXT() REPRESENTATION_CONTEXT('2D SPACE',''
  ) );
#3126 = ORIENTED_EDGE('',*,*,#3127,.T.);
#3127 = EDGE_CURVE('',#3105,#3128,#3130,.T.);
#3128 = VERTEX_POINT('',#3129);
#3129 = CARTESIAN_POINT('',(-17.,36.207733980463,8.));
#3130 = SURFACE_CURVE('',#3131,(#3136,#3147),.PCURVE_S1.);
#3131 = CIRCLE('',#3132,40.);
#3132 = AXIS2_PLACEMENT_3D('',#3133,#3134,#3135);
#3133 = CARTESIAN_POINT('',(3.531871091885E-13,1.515824502955E-15,8.));
#3134 = DIRECTION('',(0.,0.,-1.));
#3135 = DIRECTION('',(0.425,0.905193349512,0.));
#3136 = PCURVE('',#146,#3137);
#3137 = DEFINITIONAL_REPRESENTATION('',(#3138),#3146);
#3138 = ( BOUNDED_CURVE() B_SPLINE_CURVE(2,(#3139,#3140,#3141,#3142,
#3143,#3144,#3145),.UNSPECIFIED.,.T.,.F.) B_SPLINE_CURVE_WITH_KNOTS((1,2
    ,2,2,2,1),(-2.094395102393,0.,2.094395102393,4.188790204786,
6.28318530718,8.377580409573),.UNSPECIFIED.) CURVE() 
GEOMETRIC_REPRESENTATION_ITEM() RATIONAL_B_SPLINE_CURVE((1.,0.5,1.,0.5,
1.,0.5,1.)) REPRESENTATION_ITEM('') );
#3139 = CARTESIAN_POINT('',(17.000000000001,36.207733980463));
#3140 = CARTESIAN_POINT('',(79.713634881101,6.762870251792));
#3141 = CARTESIAN_POINT('',(22.85681744055,-32.82629885456));
#3142 = CARTESIAN_POINT('',(-34.,-72.41546796092));
#3143 = CARTESIAN_POINT('',(-39.85681744055,-3.381435125896));
#3144 = CARTESIAN_POINT('',(-45.7136348811,65.652597709135));
#3145 = CARTESIAN_POINT('',(17.000000000001,36.207733980463));
#3146 = ( GEOMETRIC_REPRESENTATION_CONTEXT(2) 
PARAMETRIC_REPRESENTATION_CONTEXT() REPRESENTATION_CONTEXT('2D SPACE',''
  ) );
#3147 = PCURVE('',#1544,#3148);
#3148 = DEFINITIONAL_REPRESENTATION('',(#3149),#3153);
#3149 = LINE('',#3150,#3151);
#3150 = CARTESIAN_POINT('',(-7.415019748365,-8.));
#3151 = VECTOR('',#3152,1.);
#3152 = DIRECTION('',(1.,-0.));
#3153 = ( GEOMETRIC_REPRESENTATION_CONTEXT(2) 
PARAMETRIC_REPRESENTATION_CONTEXT() REPRESENTATION_CONTEXT('2D SPACE',''
  ) );
#3154 = ORIENTED_EDGE('',*,*,#3155,.F.);
#3155 = EDGE_CURVE('',#3156,#3128,#3158,.T.);
#3156 = VERTEX_POINT('',#3157);
#3157 = CARTESIAN_POINT('',(-17.,34.,8.));
#3158 = SURFACE_CURVE('',#3159,(#3163,#3170),.PCURVE_S1.);
#3159 = LINE('',#3160,#3161);
#3160 = CARTESIAN_POINT('',(-17.,30.,8.));
#3161 = VECTOR('',#3162,1.);
#3162 = DIRECTION('',(1.110223024625E-16,1.,0.));
#3163 = PCURVE('',#146,#3164);
#3164 = DEFINITIONAL_REPRESENTATION('',(#3165),#3169);
#3165 = LINE('',#3166,#3167);
#3166 = CARTESIAN_POINT('',(-17.,30.));
#3167 = VECTOR('',#3168,1.);
#3168 = DIRECTION('',(1.110223024625E-16,1.));
#3169 = ( GEOMETRIC_REPRESENTATION_CONTEXT(2) 
PARAMETRIC_REPRESENTATION_CONTEXT() REPRESENTATION_CONTEXT('2D SPACE',''
  ) );
#3170 = PCURVE('',#1572,#3171);
#3171 = DEFINITIONAL_REPRESENTATION('',(#3172),#3176);
#3172 = LINE('',#3173,#3174);
#3173 = CARTESIAN_POINT('',(8.,0.));
#3174 = VECTOR('',#3175,1.);
#3175 = DIRECTION('',(0.,1.));
#3176 = ( GEOMETRIC_REPRESENTATION_CONTEXT(2) 
PARAMETRIC_REPRESENTATION_CONTEXT() REPRESENTATION_CONTEXT('2D SPACE',''
  ) );
#3177 = ORIENTED_EDGE('',*,*,#3178,.F.);
#3178 = EDGE_CURVE('',#3179,#3156,#3181,.T.);
#3179 = VERTEX_POINT('',#3180);
#3180 = CARTESIAN_POINT('',(-13.,30.,8.));
#3181 = SURFACE_CURVE('',#3182,(#3187,#3198),.PCURVE_S1.);
#3182 = CIRCLE('',#3183,4.);
#3183 = AXIS2_PLACEMENT_3D('',#3184,#3185,#3186);
#3184 = CARTESIAN_POINT('',(-13.,34.,8.));
#3185 = DIRECTION('',(0.,-0.,-1.));
#3186 = DIRECTION('',(1.,-1.110223024625E-16,0.));
#3187 = PCURVE('',#146,#3188);
#3188 = DEFINITIONAL_REPRESENTATION('',(#3189),#3197);
#3189 = ( BOUNDED_CURVE() B_SPLINE_CURVE(2,(#3190,#3191,#3192,#3193,
#3194,#3195,#3196),.UNSPECIFIED.,.T.,.F.) B_SPLINE_CURVE_WITH_KNOTS((1,2
    ,2,2,2,1),(-2.094395102393,0.,2.094395102393,4.188790204786,
6.28318530718,8.377580409573),.UNSPECIFIED.) CURVE() 
GEOMETRIC_REPRESENTATION_ITEM() RATIONAL_B_SPLINE_CURVE((1.,0.5,1.,0.5,
1.,0.5,1.)) REPRESENTATION_ITEM('') );
#3190 = CARTESIAN_POINT('',(-9.,34.));
#3191 = CARTESIAN_POINT('',(-9.,27.071796769724));
#3192 = CARTESIAN_POINT('',(-15.,30.535898384862));
#3193 = CARTESIAN_POINT('',(-21.,34.));
#3194 = CARTESIAN_POINT('',(-15.,37.464101615138));
#3195 = CARTESIAN_POINT('',(-9.,40.928203230276));
#3196 = CARTESIAN_POINT('',(-9.,34.));
#3197 = ( GEOMETRIC_REPRESENTATION_CONTEXT(2) 
PARAMETRIC_REPRESENTATION_CONTEXT() REPRESENTATION_CONTEXT('2D SPACE',''
  ) );
#3198 = PCURVE('',#1605,#3199);
#3199 = DEFINITIONAL_REPRESENTATION('',(#3200),#3204);
#3200 = LINE('',#3201,#3202);
#3201 = CARTESIAN_POINT('',(1.570796326795,8.));
#3202 = VECTOR('',#3203,1.);
#3203 = DIRECTION('',(-1.,0.));
#3204 = ( GEOMETRIC_REPRESENTATION_CONTEXT(2) 
PARAMETRIC_REPRESENTATION_CONTEXT() REPRESENTATION_CONTEXT('2D SPACE',''
  ) );
#3205 = ORIENTED_EDGE('',*,*,#3206,.F.);
#3206 = EDGE_CURVE('',#3207,#3179,#3209,.T.);
#3207 = VERTEX_POINT('',#3208);
#3208 = CARTESIAN_POINT('',(13.,30.,8.));
#3209 = SURFACE_CURVE('',#3210,(#3214,#3221),.PCURVE_S1.);
#3210 = LINE('',#3211,#3212);
#3211 = CARTESIAN_POINT('',(17.,30.,8.));
#3212 = VECTOR('',#3213,1.);
#3213 = DIRECTION('',(-1.,1.110223024625E-16,0.));
#3214 = PCURVE('',#146,#3215);
#3215 = DEFINITIONAL_REPRESENTATION('',(#3216),#3220);
#3216 = LINE('',#3217,#3218);
#3217 = CARTESIAN_POINT('',(17.,30.));
#3218 = VECTOR('',#3219,1.);
#3219 = DIRECTION('',(-1.,1.110223024625E-16));
#3220 = ( GEOMETRIC_REPRESENTATION_CONTEXT(2) 
PARAMETRIC_REPRESENTATION_CONTEXT() REPRESENTATION_CONTEXT('2D SPACE',''
  ) );
#3221 = PCURVE('',#1633,#3222);
#3222 = DEFINITIONAL_REPRESENTATION('',(#3223),#3227);
#3223 = LINE('',#3224,#3225);
#3224 = CARTESIAN_POINT('',(8.,0.));
#3225 = VECTOR('',#3226,1.);
#3226 = DIRECTION('',(0.,-1.));
#3227 = ( GEOMETRIC_REPRESENTATION_CONTEXT(2) 
PARAMETRIC_REPRESENTATION_CONTEXT() REPRESENTATION_CONTEXT('2D SPACE',''
  ) );
#3228 = ORIENTED_EDGE('',*,*,#3229,.T.);
#3229 = EDGE_CURVE('',#3207,#3230,#3232,.T.);
#3230 = VERTEX_POINT('',#3231);
#3231 = CARTESIAN_POINT('',(17.,34.,8.));
#3232 = SURFACE_CURVE('',#3233,(#3238,#3245),.PCURVE_S1.);
#3233 = CIRCLE('',#3234,4.);
#3234 = AXIS2_PLACEMENT_3D('',#3235,#3236,#3237);
#3235 = CARTESIAN_POINT('',(13.,34.,8.));
#3236 = DIRECTION('',(-0.,0.,1.));
#3237 = DIRECTION('',(1.,-1.110223024625E-16,0.));
#3238 = PCURVE('',#146,#3239);
#3239 = DEFINITIONAL_REPRESENTATION('',(#3240),#3244);
#3240 = CIRCLE('',#3241,4.);
#3241 = AXIS2_PLACEMENT_2D('',#3242,#3243);
#3242 = CARTESIAN_POINT('',(13.,34.));
#3243 = DIRECTION('',(1.,-1.110223024625E-16));
#3244 = ( GEOMETRIC_REPRESENTATION_CONTEXT(2) 
PARAMETRIC_REPRESENTATION_CONTEXT() REPRESENTATION_CONTEXT('2D SPACE',''
  ) );
#3245 = PCURVE('',#1662,#3246);
#3246 = DEFINITIONAL_REPRESENTATION('',(#3247),#3251);
#3247 = LINE('',#3248,#3249);
#3248 = CARTESIAN_POINT('',(-4.712388980385,8.));
#3249 = VECTOR('',#3250,1.);
#3250 = DIRECTION('',(1.,0.));
#3251 = ( GEOMETRIC_REPRESENTATION_CONTEXT(2) 
PARAMETRIC_REPRESENTATION_CONTEXT() REPRESENTATION_CONTEXT('2D SPACE',''
  ) );
#3252 = ORIENTED_EDGE('',*,*,#3253,.T.);
#3253 = EDGE_CURVE('',#3230,#2828,#3254,.T.);
#3254 = SURFACE_CURVE('',#3255,(#3259,#3266),.PCURVE_S1.);
#3255 = LINE('',#3256,#3257);
#3256 = CARTESIAN_POINT('',(17.,30.,8.));
#3257 = VECTOR('',#3258,1.);
#3258 = DIRECTION('',(1.110223024625E-16,1.,0.));
#3259 = PCURVE('',#146,#3260);
#3260 = DEFINITIONAL_REPRESENTATION('',(#3261),#3265);
#3261 = LINE('',#3262,#3263);
#3262 = CARTESIAN_POINT('',(17.,30.));
#3263 = VECTOR('',#3264,1.);
#3264 = DIRECTION('',(1.110223024625E-16,1.));
#3265 = ( GEOMETRIC_REPRESENTATION_CONTEXT(2) 
PARAMETRIC_REPRESENTATION_CONTEXT() REPRESENTATION_CONTEXT('2D SPACE',''
  ) );
#3266 = PCURVE('',#1688,#3267);
#3267 = DEFINITIONAL_REPRESENTATION('',(#3268),#3272);
#3268 = LINE('',#3269,#3270);
#3269 = CARTESIAN_POINT('',(8.,0.));
#3270 = VECTOR('',#3271,1.);
#3271 = DIRECTION('',(0.,1.));
#3272 = ( GEOMETRIC_REPRESENTATION_CONTEXT(2) 
PARAMETRIC_REPRESENTATION_CONTEXT() REPRESENTATION_CONTEXT('2D SPACE',''
  ) );
#3273 = FACE_BOUND('',#3274,.T.);
#3274 = EDGE_LOOP('',(#3275));
#3275 = ORIENTED_EDGE('',*,*,#3276,.T.);
#3276 = EDGE_CURVE('',#3277,#3277,#3279,.T.);
#3277 = VERTEX_POINT('',#3278);
#3278 = CARTESIAN_POINT('',(-55.87370205355,33.5,8.));
#3279 = SURFACE_CURVE('',#3280,(#3285,#3296),.PCURVE_S1.);
#3280 = CIRCLE('',#3281,2.15);
#3281 = AXIS2_PLACEMENT_3D('',#3282,#3283,#3284);
#3282 = CARTESIAN_POINT('',(-58.02370205355,33.5,8.));
#3283 = DIRECTION('',(0.,0.,-1.));
#3284 = DIRECTION('',(1.,0.,0.));
#3285 = PCURVE('',#146,#3286);
#3286 = DEFINITIONAL_REPRESENTATION('',(#3287),#3295);
#3287 = ( BOUNDED_CURVE() B_SPLINE_CURVE(2,(#3288,#3289,#3290,#3291,
#3292,#3293,#3294),.UNSPECIFIED.,.T.,.F.) B_SPLINE_CURVE_WITH_KNOTS((1,2
    ,2,2,2,1),(-2.094395102393,0.,2.094395102393,4.188790204786,
6.28318530718,8.377580409573),.UNSPECIFIED.) CURVE() 
GEOMETRIC_REPRESENTATION_ITEM() RATIONAL_B_SPLINE_CURVE((1.,0.5,1.,0.5,
1.,0.5,1.)) REPRESENTATION_ITEM('') );
#3288 = CARTESIAN_POINT('',(-55.87370205355,33.5));
#3289 = CARTESIAN_POINT('',(-55.87370205355,29.776090763727));
#3290 = CARTESIAN_POINT('',(-59.09870205355,31.638045381863));
#3291 = CARTESIAN_POINT('',(-62.32370205355,33.5));
#3292 = CARTESIAN_POINT('',(-59.09870205355,35.361954618137));
#3293 = CARTESIAN_POINT('',(-55.87370205355,37.223909236273));
#3294 = CARTESIAN_POINT('',(-55.87370205355,33.5));
#3295 = ( GEOMETRIC_REPRESENTATION_CONTEXT(2) 
PARAMETRIC_REPRESENTATION_CONTEXT() REPRESENTATION_CONTEXT('2D SPACE',''
  ) );
#3296 = PCURVE('',#1723,#3297);
#3297 = DEFINITIONAL_REPRESENTATION('',(#3298),#3302);
#3298 = LINE('',#3299,#3300);
#3299 = CARTESIAN_POINT('',(-6.28318530718,-9.));
#3300 = VECTOR('',#3301,1.);
#3301 = DIRECTION('',(1.,-0.));
#3302 = ( GEOMETRIC_REPRESENTATION_CONTEXT(2) 
PARAMETRIC_REPRESENTATION_CONTEXT() REPRESENTATION_CONTEXT('2D SPACE',''
  ) );
#3303 = FACE_BOUND('',#3304,.T.);
#3304 = EDGE_LOOP('',(#3305));
#3305 = ORIENTED_EDGE('',*,*,#3306,.T.);
#3306 = EDGE_CURVE('',#3307,#3307,#3309,.T.);
#3307 = VERTEX_POINT('',#3308);
#3308 = CARTESIAN_POINT('',(-10.3,35.,8.));
#3309 = SURFACE_CURVE('',#3310,(#3315,#3326),.PCURVE_S1.);
#3310 = CIRCLE('',#3311,1.7);
#3311 = AXIS2_PLACEMENT_3D('',#3312,#3313,#3314);
#3312 = CARTESIAN_POINT('',(-12.,35.,8.));
#3313 = DIRECTION('',(0.,0.,-1.));
#3314 = DIRECTION('',(1.,0.,0.));
#3315 = PCURVE('',#146,#3316);
#3316 = DEFINITIONAL_REPRESENTATION('',(#3317),#3325);
#3317 = ( BOUNDED_CURVE() B_SPLINE_CURVE(2,(#3318,#3319,#3320,#3321,
#3322,#3323,#3324),.UNSPECIFIED.,.T.,.F.) B_SPLINE_CURVE_WITH_KNOTS((1,2
    ,2,2,2,1),(-2.094395102393,0.,2.094395102393,4.188790204786,
6.28318530718,8.377580409573),.UNSPECIFIED.) CURVE() 
GEOMETRIC_REPRESENTATION_ITEM() RATIONAL_B_SPLINE_CURVE((1.,0.5,1.,0.5,
1.,0.5,1.)) REPRESENTATION_ITEM('') );
#3318 = CARTESIAN_POINT('',(-10.3,35.));
#3319 = CARTESIAN_POINT('',(-10.3,32.055513627133));
#3320 = CARTESIAN_POINT('',(-12.85,33.527756813566));
#3321 = CARTESIAN_POINT('',(-15.4,35.));
#3322 = CARTESIAN_POINT('',(-12.85,36.472243186434));
#3323 = CARTESIAN_POINT('',(-10.3,37.944486372867));
#3324 = CARTESIAN_POINT('',(-10.3,35.));
#3325 = ( GEOMETRIC_REPRESENTATION_CONTEXT(2) 
PARAMETRIC_REPRESENTATION_CONTEXT() REPRESENTATION_CONTEXT('2D SPACE',''
  ) );
#3326 = PCURVE('',#1758,#3327);
#3327 = DEFINITIONAL_REPRESENTATION('',(#3328),#3332);
#3328 = LINE('',#3329,#3330);
#3329 = CARTESIAN_POINT('',(-6.28318530718,-9.));
#3330 = VECTOR('',#3331,1.);
#3331 = DIRECTION('',(1.,-0.));
#3332 = ( GEOMETRIC_REPRESENTATION_CONTEXT(2) 
PARAMETRIC_REPRESENTATION_CONTEXT() REPRESENTATION_CONTEXT('2D SPACE',''
  ) );
#3333 = FACE_BOUND('',#3334,.T.);
#3334 = EDGE_LOOP('',(#3335));
#3335 = ORIENTED_EDGE('',*,*,#3336,.T.);
#3336 = EDGE_CURVE('',#3337,#3337,#3339,.T.);
#3337 = VERTEX_POINT('',#3338);
#3338 = CARTESIAN_POINT('',(-10.3,105.,8.));
#3339 = SURFACE_CURVE('',#3340,(#3345,#3356),.PCURVE_S1.);
#3340 = CIRCLE('',#3341,1.7);
#3341 = AXIS2_PLACEMENT_3D('',#3342,#3343,#3344);
#3342 = CARTESIAN_POINT('',(-12.,105.,8.));
#3343 = DIRECTION('',(0.,0.,-1.));
#3344 = DIRECTION('',(1.,0.,0.));
#3345 = PCURVE('',#146,#3346);
#3346 = DEFINITIONAL_REPRESENTATION('',(#3347),#3355);
#3347 = ( BOUNDED_CURVE() B_SPLINE_CURVE(2,(#3348,#3349,#3350,#3351,
#3352,#3353,#3354),.UNSPECIFIED.,.T.,.F.) B_SPLINE_CURVE_WITH_KNOTS((1,2
    ,2,2,2,1),(-2.094395102393,0.,2.094395102393,4.188790204786,
6.28318530718,8.377580409573),.UNSPECIFIED.) CURVE() 
GEOMETRIC_REPRESENTATION_ITEM() RATIONAL_B_SPLINE_CURVE((1.,0.5,1.,0.5,
1.,0.5,1.)) REPRESENTATION_ITEM('') );
#3348 = CARTESIAN_POINT('',(-10.3,105.));
#3349 = CARTESIAN_POINT('',(-10.3,102.05551362713));
#3350 = CARTESIAN_POINT('',(-12.85,103.52775681356));
#3351 = CARTESIAN_POINT('',(-15.4,105.));
#3352 = CARTESIAN_POINT('',(-12.85,106.47224318643));
#3353 = CARTESIAN_POINT('',(-10.3,107.94448637286));
#3354 = CARTESIAN_POINT('',(-10.3,105.));
#3355 = ( GEOMETRIC_REPRESENTATION_CONTEXT(2) 
PARAMETRIC_REPRESENTATION_CONTEXT() REPRESENTATION_CONTEXT('2D SPACE',''
  ) );
#3356 = PCURVE('',#1793,#3357);
#3357 = DEFINITIONAL_REPRESENTATION('',(#3358),#3362);
#3358 = LINE('',#3359,#3360);
#3359 = CARTESIAN_POINT('',(-6.28318530718,-9.));
#3360 = VECTOR('',#3361,1.);
#3361 = DIRECTION('',(1.,-0.));
#3362 = ( GEOMETRIC_REPRESENTATION_CONTEXT(2) 
PARAMETRIC_REPRESENTATION_CONTEXT() REPRESENTATION_CONTEXT('2D SPACE',''
  ) );
#3363 = FACE_BOUND('',#3364,.T.);
#3364 = EDGE_LOOP('',(#3365));
#3365 = ORIENTED_EDGE('',*,*,#3366,.T.);
#3366 = EDGE_CURVE('',#3367,#3367,#3369,.T.);
#3367 = VERTEX_POINT('',#3368);
#3368 = CARTESIAN_POINT('',(13.7,35.,8.));
#3369 = SURFACE_CURVE('',#3370,(#3375,#3386),.PCURVE_S1.);
#3370 = CIRCLE('',#3371,1.7);
#3371 = AXIS2_PLACEMENT_3D('',#3372,#3373,#3374);
#3372 = CARTESIAN_POINT('',(12.,35.,8.));
#3373 = DIRECTION('',(0.,0.,-1.));
#3374 = DIRECTION('',(1.,0.,0.));
#3375 = PCURVE('',#146,#3376);
#3376 = DEFINITIONAL_REPRESENTATION('',(#3377),#3385);
#3377 = ( BOUNDED_CURVE() B_SPLINE_CURVE(2,(#3378,#3379,#3380,#3381,
#3382,#3383,#3384),.UNSPECIFIED.,.T.,.F.) B_SPLINE_CURVE_WITH_KNOTS((1,2
    ,2,2,2,1),(-2.094395102393,0.,2.094395102393,4.188790204786,
6.28318530718,8.377580409573),.UNSPECIFIED.) CURVE() 
GEOMETRIC_REPRESENTATION_ITEM() RATIONAL_B_SPLINE_CURVE((1.,0.5,1.,0.5,
1.,0.5,1.)) REPRESENTATION_ITEM('') );
#3378 = CARTESIAN_POINT('',(13.7,35.));
#3379 = CARTESIAN_POINT('',(13.7,32.055513627133));
#3380 = CARTESIAN_POINT('',(11.15,33.527756813566));
#3381 = CARTESIAN_POINT('',(8.6,35.));
#3382 = CARTESIAN_POINT('',(11.15,36.472243186434));
#3383 = CARTESIAN_POINT('',(13.7,37.944486372867));
#3384 = CARTESIAN_POINT('',(13.7,35.));
#3385 = ( GEOMETRIC_REPRESENTATION_CONTEXT(2) 
PARAMETRIC_REPRESENTATION_CONTEXT() REPRESENTATION_CONTEXT('2D SPACE',''
  ) );
#3386 = PCURVE('',#1828,#3387);
#3387 = DEFINITIONAL_REPRESENTATION('',(#3388),#3392);
#3388 = LINE('',#3389,#3390);
#3389 = CARTESIAN_POINT('',(-6.28318530718,-9.));
#3390 = VECTOR('',#3391,1.);
#3391 = DIRECTION('',(1.,-0.));
#3392 = ( GEOMETRIC_REPRESENTATION_CONTEXT(2) 
PARAMETRIC_REPRESENTATION_CONTEXT() REPRESENTATION_CONTEXT('2D SPACE',''
  ) );
#3393 = FACE_BOUND('',#3394,.T.);
#3394 = EDGE_LOOP('',(#3395));
#3395 = ORIENTED_EDGE('',*,*,#3396,.T.);
#3396 = EDGE_CURVE('',#3397,#3397,#3399,.T.);
#3397 = VERTEX_POINT('',#3398);
#3398 = CARTESIAN_POINT('',(60.173702053557,33.5,8.));
#3399 = SURFACE_CURVE('',#3400,(#3405,#3416),.PCURVE_S1.);
#3400 = CIRCLE('',#3401,2.15);
#3401 = AXIS2_PLACEMENT_3D('',#3402,#3403,#3404);
#3402 = CARTESIAN_POINT('',(58.023702053557,33.5,8.));
#3403 = DIRECTION('',(0.,0.,-1.));
#3404 = DIRECTION('',(1.,0.,0.));
#3405 = PCURVE('',#146,#3406);
#3406 = DEFINITIONAL_REPRESENTATION('',(#3407),#3415);
#3407 = ( BOUNDED_CURVE() B_SPLINE_CURVE(2,(#3408,#3409,#3410,#3411,
#3412,#3413,#3414),.UNSPECIFIED.,.T.,.F.) B_SPLINE_CURVE_WITH_KNOTS((1,2
    ,2,2,2,1),(-2.094395102393,0.,2.094395102393,4.188790204786,
6.28318530718,8.377580409573),.UNSPECIFIED.) CURVE() 
GEOMETRIC_REPRESENTATION_ITEM() RATIONAL_B_SPLINE_CURVE((1.,0.5,1.,0.5,
1.,0.5,1.)) REPRESENTATION_ITEM('') );
#3408 = CARTESIAN_POINT('',(60.173702053557,33.5));
#3409 = CARTESIAN_POINT('',(60.173702053557,29.776090763727));
#3410 = CARTESIAN_POINT('',(56.948702053557,31.638045381863));
#3411 = CARTESIAN_POINT('',(53.723702053557,33.5));
#3412 = CARTESIAN_POINT('',(56.948702053557,35.361954618137));
#3413 = CARTESIAN_POINT('',(60.173702053557,37.223909236273));
#3414 = CARTESIAN_POINT('',(60.173702053557,33.5));
#3415 = ( GEOMETRIC_REPRESENTATION_CONTEXT(2) 
PARAMETRIC_REPRESENTATION_CONTEXT() REPRESENTATION_CONTEXT('2D SPACE',''
  ) );
#3416 = PCURVE('',#1863,#3417);
#3417 = DEFINITIONAL_REPRESENTATION('',(#3418),#3422);
#3418 = LINE('',#3419,#3420);
#3419 = CARTESIAN_POINT('',(-6.28318530718,-9.));
#3420 = VECTOR('',#3421,1.);
#3421 = DIRECTION('',(1.,-0.));
#3422 = ( GEOMETRIC_REPRESENTATION_CONTEXT(2) 
PARAMETRIC_REPRESENTATION_CONTEXT() REPRESENTATION_CONTEXT('2D SPACE',''
  ) );
#3423 = FACE_BOUND('',#3424,.T.);
#3424 = EDGE_LOOP('',(#3425));
#3425 = ORIENTED_EDGE('',*,*,#3426,.T.);
#3426 = EDGE_CURVE('',#3427,#3427,#3429,.T.);
#3427 = VERTEX_POINT('',#3428);
#3428 = CARTESIAN_POINT('',(1.7,107.,8.));
#3429 = SURFACE_CURVE('',#3430,(#3435,#3446),.PCURVE_S1.);
#3430 = CIRCLE('',#3431,1.7);
#3431 = AXIS2_PLACEMENT_3D('',#3432,#3433,#3434);
#3432 = CARTESIAN_POINT('',(6.551860375438E-15,107.,8.));
#3433 = DIRECTION('',(0.,0.,-1.));
#3434 = DIRECTION('',(1.,0.,0.));
#3435 = PCURVE('',#146,#3436);
#3436 = DEFINITIONAL_REPRESENTATION('',(#3437),#3445);
#3437 = ( BOUNDED_CURVE() B_SPLINE_CURVE(2,(#3438,#3439,#3440,#3441,
#3442,#3443,#3444),.UNSPECIFIED.,.T.,.F.) B_SPLINE_CURVE_WITH_KNOTS((1,2
    ,2,2,2,1),(-2.094395102393,0.,2.094395102393,4.188790204786,
6.28318530718,8.377580409573),.UNSPECIFIED.) CURVE() 
GEOMETRIC_REPRESENTATION_ITEM() RATIONAL_B_SPLINE_CURVE((1.,0.5,1.,0.5,
1.,0.5,1.)) REPRESENTATION_ITEM('') );
#3438 = CARTESIAN_POINT('',(1.7,107.));
#3439 = CARTESIAN_POINT('',(1.7,104.05551362713));
#3440 = CARTESIAN_POINT('',(-0.85,105.52775681356));
#3441 = CARTESIAN_POINT('',(-3.4,107.));
#3442 = CARTESIAN_POINT('',(-0.85,108.47224318643));
#3443 = CARTESIAN_POINT('',(1.7,109.94448637286));
#3444 = CARTESIAN_POINT('',(1.7,107.));
#3445 = ( GEOMETRIC_REPRESENTATION_CONTEXT(2) 
PARAMETRIC_REPRESENTATION_CONTEXT() REPRESENTATION_CONTEXT('2D SPACE',''
  ) );
#3446 = PCURVE('',#1898,#3447);
#3447 = DEFINITIONAL_REPRESENTATION('',(#3448),#3452);
#3448 = LINE('',#3449,#3450);
#3449 = CARTESIAN_POINT('',(-6.28318530718,-9.));
#3450 = VECTOR('',#3451,1.);
#3451 = DIRECTION('',(1.,-0.));
#3452 = ( GEOMETRIC_REPRESENTATION_CONTEXT(2) 
PARAMETRIC_REPRESENTATION_CONTEXT() REPRESENTATION_CONTEXT('2D SPACE',''
  ) );
#3453 = FACE_BOUND('',#3454,.T.);
#3454 = EDGE_LOOP('',(#3455));
#3455 = ORIENTED_EDGE('',*,*,#3456,.T.);
#3456 = EDGE_CURVE('',#3457,#3457,#3459,.T.);
#3457 = VERTEX_POINT('',#3458);
#3458 = CARTESIAN_POINT('',(13.7,105.,8.));
#3459 = SURFACE_CURVE('',#3460,(#3465,#3476),.PCURVE_S1.);
#3460 = CIRCLE('',#3461,1.7);
#3461 = AXIS2_PLACEMENT_3D('',#3462,#3463,#3464);
#3462 = CARTESIAN_POINT('',(12.,105.,8.));
#3463 = DIRECTION('',(0.,0.,-1.));
#3464 = DIRECTION('',(1.,0.,0.));
#3465 = PCURVE('',#146,#3466);
#3466 = DEFINITIONAL_REPRESENTATION('',(#3467),#3475);
#3467 = ( BOUNDED_CURVE() B_SPLINE_CURVE(2,(#3468,#3469,#3470,#3471,
#3472,#3473,#3474),.UNSPECIFIED.,.T.,.F.) B_SPLINE_CURVE_WITH_KNOTS((1,2
    ,2,2,2,1),(-2.094395102393,0.,2.094395102393,4.188790204786,
6.28318530718,8.377580409573),.UNSPECIFIED.) CURVE() 
GEOMETRIC_REPRESENTATION_ITEM() RATIONAL_B_SPLINE_CURVE((1.,0.5,1.,0.5,
1.,0.5,1.)) REPRESENTATION_ITEM('') );
#3468 = CARTESIAN_POINT('',(13.7,105.));
#3469 = CARTESIAN_POINT('',(13.7,102.05551362713));
#3470 = CARTESIAN_POINT('',(11.15,103.52775681356));
#3471 = CARTESIAN_POINT('',(8.6,105.));
#3472 = CARTESIAN_POINT('',(11.15,106.47224318643));
#3473 = CARTESIAN_POINT('',(13.7,107.94448637286));
#3474 = CARTESIAN_POINT('',(13.7,105.));
#3475 = ( GEOMETRIC_REPRESENTATION_CONTEXT(2) 
PARAMETRIC_REPRESENTATION_CONTEXT() REPRESENTATION_CONTEXT('2D SPACE',''
  ) );
#3476 = PCURVE('',#1933,#3477);
#3477 = DEFINITIONAL_REPRESENTATION('',(#3478),#3482);
#3478 = LINE('',#3479,#3480);
#3479 = CARTESIAN_POINT('',(-6.28318530718,-9.));
#3480 = VECTOR('',#3481,1.);
#3481 = DIRECTION('',(1.,-0.));
#3482 = ( GEOMETRIC_REPRESENTATION_CONTEXT(2) 
PARAMETRIC_REPRESENTATION_CONTEXT() REPRESENTATION_CONTEXT('2D SPACE',''
  ) );
#3483 = ADVANCED_FACE('',(#3484),#118,.T.);
#3484 = FACE_BOUND('',#3485,.T.);
#3485 = EDGE_LOOP('',(#3486,#3487,#3488,#3489));
#3486 = ORIENTED_EDGE('',*,*,#189,.F.);
#3487 = ORIENTED_EDGE('',*,*,#103,.F.);
#3488 = ORIENTED_EDGE('',*,*,#2125,.T.);
#3489 = ORIENTED_EDGE('',*,*,#3490,.F.);
#3490 = EDGE_CURVE('',#190,#2102,#3491,.T.);
#3491 = SURFACE_CURVE('',#3492,(#3496,#3503),.PCURVE_S1.);
#3492 = LINE('',#3493,#3494);
#3493 = CARTESIAN_POINT('',(-17.,106.,0.));
#3494 = VECTOR('',#3495,1.);
#3495 = DIRECTION('',(0.,0.,1.));
#3496 = PCURVE('',#118,#3497);
#3497 = DEFINITIONAL_REPRESENTATION('',(#3498),#3502);
#3498 = LINE('',#3499,#3500);
#3499 = CARTESIAN_POINT('',(0.,76.));
#3500 = VECTOR('',#3501,1.);
#3501 = DIRECTION('',(1.,0.));
#3502 = ( GEOMETRIC_REPRESENTATION_CONTEXT(2) 
PARAMETRIC_REPRESENTATION_CONTEXT() REPRESENTATION_CONTEXT('2D SPACE',''
  ) );
#3503 = PCURVE('',#776,#3504);
#3504 = DEFINITIONAL_REPRESENTATION('',(#3505),#3509);
#3505 = LINE('',#3506,#3507);
#3506 = CARTESIAN_POINT('',(1.570796326795,0.));
#3507 = VECTOR('',#3508,1.);
#3508 = DIRECTION('',(0.,1.));
#3509 = ( GEOMETRIC_REPRESENTATION_CONTEXT(2) 
PARAMETRIC_REPRESENTATION_CONTEXT() REPRESENTATION_CONTEXT('2D SPACE',''
  ) );
#3510 = ADVANCED_FACE('',(#3511),#776,.T.);
#3511 = FACE_BOUND('',#3512,.T.);
#3512 = EDGE_LOOP('',(#3513,#3514,#3515,#3516));
#3513 = ORIENTED_EDGE('',*,*,#761,.T.);
#3514 = ORIENTED_EDGE('',*,*,#3490,.T.);
#3515 = ORIENTED_EDGE('',*,*,#2101,.F.);
#3516 = ORIENTED_EDGE('',*,*,#3517,.F.);
#3517 = EDGE_CURVE('',#734,#2079,#3518,.T.);
#3518 = SURFACE_CURVE('',#3519,(#3523,#3530),.PCURVE_S1.);
#3519 = LINE('',#3520,#3521);
#3520 = CARTESIAN_POINT('',(-13.,110.,0.));
#3521 = VECTOR('',#3522,1.);
#3522 = DIRECTION('',(0.,0.,1.));
#3523 = PCURVE('',#776,#3524);
#3524 = DEFINITIONAL_REPRESENTATION('',(#3525),#3529);
#3525 = LINE('',#3526,#3527);
#3526 = CARTESIAN_POINT('',(0.,0.));
#3527 = VECTOR('',#3528,1.);
#3528 = DIRECTION('',(0.,1.));
#3529 = ( GEOMETRIC_REPRESENTATION_CONTEXT(2) 
PARAMETRIC_REPRESENTATION_CONTEXT() REPRESENTATION_CONTEXT('2D SPACE',''
  ) );
#3530 = PCURVE('',#749,#3531);
#3531 = DEFINITIONAL_REPRESENTATION('',(#3532),#3536);
#3532 = LINE('',#3533,#3534);
#3533 = CARTESIAN_POINT('',(0.,-30.));
#3534 = VECTOR('',#3535,1.);
#3535 = DIRECTION('',(1.,0.));
#3536 = ( GEOMETRIC_REPRESENTATION_CONTEXT(2) 
PARAMETRIC_REPRESENTATION_CONTEXT() REPRESENTATION_CONTEXT('2D SPACE',''
  ) );
#3537 = ADVANCED_FACE('',(#3538),#749,.T.);
#3538 = FACE_BOUND('',#3539,.T.);
#3539 = EDGE_LOOP('',(#3540,#3541,#3562,#3563));
#3540 = ORIENTED_EDGE('',*,*,#2078,.F.);
#3541 = ORIENTED_EDGE('',*,*,#3542,.F.);
#3542 = EDGE_CURVE('',#701,#2051,#3543,.T.);
#3543 = SURFACE_CURVE('',#3544,(#3548,#3555),.PCURVE_S1.);
#3544 = LINE('',#3545,#3546);
#3545 = CARTESIAN_POINT('',(13.,110.,0.));
#3546 = VECTOR('',#3547,1.);
#3547 = DIRECTION('',(0.,0.,1.));
#3548 = PCURVE('',#749,#3549);
#3549 = DEFINITIONAL_REPRESENTATION('',(#3550),#3554);
#3550 = LINE('',#3551,#3552);
#3551 = CARTESIAN_POINT('',(0.,-4.));
#3552 = VECTOR('',#3553,1.);
#3553 = DIRECTION('',(1.,0.));
#3554 = ( GEOMETRIC_REPRESENTATION_CONTEXT(2) 
PARAMETRIC_REPRESENTATION_CONTEXT() REPRESENTATION_CONTEXT('2D SPACE',''
  ) );
#3555 = PCURVE('',#721,#3556);
#3556 = DEFINITIONAL_REPRESENTATION('',(#3557),#3561);
#3557 = LINE('',#3558,#3559);
#3558 = CARTESIAN_POINT('',(-0.,0.));
#3559 = VECTOR('',#3560,1.);
#3560 = DIRECTION('',(-0.,1.));
#3561 = ( GEOMETRIC_REPRESENTATION_CONTEXT(2) 
PARAMETRIC_REPRESENTATION_CONTEXT() REPRESENTATION_CONTEXT('2D SPACE',''
  ) );
#3562 = ORIENTED_EDGE('',*,*,#733,.T.);
#3563 = ORIENTED_EDGE('',*,*,#3517,.T.);
#3564 = ADVANCED_FACE('',(#3565),#721,.T.);
#3565 = FACE_BOUND('',#3566,.F.);
#3566 = EDGE_LOOP('',(#3567,#3568,#3589,#3590));
#3567 = ORIENTED_EDGE('',*,*,#700,.T.);
#3568 = ORIENTED_EDGE('',*,*,#3569,.T.);
#3569 = EDGE_CURVE('',#673,#2028,#3570,.T.);
#3570 = SURFACE_CURVE('',#3571,(#3575,#3582),.PCURVE_S1.);
#3571 = LINE('',#3572,#3573);
#3572 = CARTESIAN_POINT('',(17.,106.,0.));
#3573 = VECTOR('',#3574,1.);
#3574 = DIRECTION('',(0.,0.,1.));
#3575 = PCURVE('',#721,#3576);
#3576 = DEFINITIONAL_REPRESENTATION('',(#3577),#3581);
#3577 = LINE('',#3578,#3579);
#3578 = CARTESIAN_POINT('',(-1.570796326795,0.));
#3579 = VECTOR('',#3580,1.);
#3580 = DIRECTION('',(-0.,1.));
#3581 = ( GEOMETRIC_REPRESENTATION_CONTEXT(2) 
PARAMETRIC_REPRESENTATION_CONTEXT() REPRESENTATION_CONTEXT('2D SPACE',''
  ) );
#3582 = PCURVE('',#688,#3583);
#3583 = DEFINITIONAL_REPRESENTATION('',(#3584),#3588);
#3584 = LINE('',#3585,#3586);
#3585 = CARTESIAN_POINT('',(0.,76.));
#3586 = VECTOR('',#3587,1.);
#3587 = DIRECTION('',(1.,0.));
#3588 = ( GEOMETRIC_REPRESENTATION_CONTEXT(2) 
PARAMETRIC_REPRESENTATION_CONTEXT() REPRESENTATION_CONTEXT('2D SPACE',''
  ) );
#3589 = ORIENTED_EDGE('',*,*,#2050,.F.);
#3590 = ORIENTED_EDGE('',*,*,#3542,.F.);
#3591 = ADVANCED_FACE('',(#3592),#688,.F.);
#3592 = FACE_BOUND('',#3593,.F.);
#3593 = EDGE_LOOP('',(#3594,#3595,#3614,#3615));
#3594 = ORIENTED_EDGE('',*,*,#672,.F.);
#3595 = ORIENTED_EDGE('',*,*,#3596,.F.);
#3596 = EDGE_CURVE('',#1998,#644,#3597,.T.);
#3597 = SURFACE_CURVE('',#3598,(#3602,#3608),.PCURVE_S1.);
#3598 = LINE('',#3599,#3600);
#3599 = CARTESIAN_POINT('',(17.,73.047929470999,0.));
#3600 = VECTOR('',#3601,1.);
#3601 = DIRECTION('',(-0.,-0.,-1.));
#3602 = PCURVE('',#688,#3603);
#3603 = DEFINITIONAL_REPRESENTATION('',(#3604),#3607);
#3604 = B_SPLINE_CURVE_WITH_KNOTS('',1,(#3605,#3606),.UNSPECIFIED.,.F.,
  .F.,(2,2),(-8.0000006,6.E-07),.PIECEWISE_BEZIER_KNOTS.);
#3605 = CARTESIAN_POINT('',(8.0000006,43.047929470999));
#3606 = CARTESIAN_POINT('',(-6.E-07,43.047929470999));
#3607 = ( GEOMETRIC_REPRESENTATION_CONTEXT(2) 
PARAMETRIC_REPRESENTATION_CONTEXT() REPRESENTATION_CONTEXT('2D SPACE',''
  ) );
#3608 = PCURVE('',#660,#3609);
#3609 = DEFINITIONAL_REPRESENTATION('',(#3610),#3613);
#3610 = B_SPLINE_CURVE_WITH_KNOTS('',1,(#3611,#3612),.UNSPECIFIED.,.F.,
  .F.,(2,2),(-8.,0.),.PIECEWISE_BEZIER_KNOTS.);
#3611 = CARTESIAN_POINT('',(-7.625327732315,-8.));
#3612 = CARTESIAN_POINT('',(-7.625327732315,0.));
#3613 = ( GEOMETRIC_REPRESENTATION_CONTEXT(2) 
PARAMETRIC_REPRESENTATION_CONTEXT() REPRESENTATION_CONTEXT('2D SPACE',''
  ) );
#3614 = ORIENTED_EDGE('',*,*,#2027,.T.);
#3615 = ORIENTED_EDGE('',*,*,#3569,.F.);
#3616 = ADVANCED_FACE('',(#3617),#660,.T.);
#3617 = FACE_BOUND('',#3618,.F.);
#3618 = EDGE_LOOP('',(#3619,#3620,#3639,#3640));
#3619 = ORIENTED_EDGE('',*,*,#643,.F.);
#3620 = ORIENTED_EDGE('',*,*,#3621,.F.);
#3621 = EDGE_CURVE('',#2000,#616,#3622,.T.);
#3622 = SURFACE_CURVE('',#3623,(#3627,#3633),.PCURVE_S1.);
#3623 = LINE('',#3624,#3625);
#3624 = CARTESIAN_POINT('',(71.761362615739,-21.80153287116,0.));
#3625 = VECTOR('',#3626,1.);
#3626 = DIRECTION('',(-0.,-0.,-1.));
#3627 = PCURVE('',#660,#3628);
#3628 = DEFINITIONAL_REPRESENTATION('',(#3629),#3632);
#3629 = B_SPLINE_CURVE_WITH_KNOTS('',1,(#3630,#3631),.UNSPECIFIED.,.F.,
  .F.,(2,2),(-8.0000006,6.E-07),.PIECEWISE_BEZIER_KNOTS.);
#3630 = CARTESIAN_POINT('',(-5.98824043324,-8.0000006));
#3631 = CARTESIAN_POINT('',(-5.98824043324,6.E-07));
#3632 = ( GEOMETRIC_REPRESENTATION_CONTEXT(2) 
PARAMETRIC_REPRESENTATION_CONTEXT() REPRESENTATION_CONTEXT('2D SPACE',''
  ) );
#3633 = PCURVE('',#631,#3634);
#3634 = DEFINITIONAL_REPRESENTATION('',(#3635),#3638);
#3635 = B_SPLINE_CURVE_WITH_KNOTS('',1,(#3636,#3637),.UNSPECIFIED.,.F.,
  .F.,(2,2),(-8.0000006,6.E-07),.PIECEWISE_BEZIER_KNOTS.);
#3636 = CARTESIAN_POINT('',(8.0000006,43.047929470999));
#3637 = CARTESIAN_POINT('',(-6.E-07,43.047929470999));
#3638 = ( GEOMETRIC_REPRESENTATION_CONTEXT(2) 
PARAMETRIC_REPRESENTATION_CONTEXT() REPRESENTATION_CONTEXT('2D SPACE',''
  ) );
#3639 = ORIENTED_EDGE('',*,*,#1997,.F.);
#3640 = ORIENTED_EDGE('',*,*,#3596,.T.);
#3641 = ADVANCED_FACE('',(#3642),#631,.T.);
#3642 = FACE_BOUND('',#3643,.T.);
#3643 = EDGE_LOOP('',(#3644,#3645,#3646,#3647));
#3644 = ORIENTED_EDGE('',*,*,#615,.F.);
#3645 = ORIENTED_EDGE('',*,*,#3621,.F.);
#3646 = ORIENTED_EDGE('',*,*,#2474,.T.);
#3647 = ORIENTED_EDGE('',*,*,#3648,.F.);
#3648 = EDGE_CURVE('',#587,#2451,#3649,.T.);
#3649 = SURFACE_CURVE('',#3650,(#3654,#3661),.PCURVE_S1.);
#3650 = LINE('',#3651,#3652);
#3651 = CARTESIAN_POINT('',(100.29869280115,-38.27756813566,0.));
#3652 = VECTOR('',#3653,1.);
#3653 = DIRECTION('',(0.,0.,1.));
#3654 = PCURVE('',#631,#3655);
#3655 = DEFINITIONAL_REPRESENTATION('',(#3656),#3660);
#3656 = LINE('',#3657,#3658);
#3657 = CARTESIAN_POINT('',(0.,76.));
#3658 = VECTOR('',#3659,1.);
#3659 = DIRECTION('',(1.,0.));
#3660 = ( GEOMETRIC_REPRESENTATION_CONTEXT(2) 
PARAMETRIC_REPRESENTATION_CONTEXT() REPRESENTATION_CONTEXT('2D SPACE',''
  ) );
#3661 = PCURVE('',#603,#3662);
#3662 = DEFINITIONAL_REPRESENTATION('',(#3663),#3667);
#3663 = LINE('',#3664,#3665);
#3664 = CARTESIAN_POINT('',(1.570796326795,0.));
#3665 = VECTOR('',#3666,1.);
#3666 = DIRECTION('',(0.,1.));
#3667 = ( GEOMETRIC_REPRESENTATION_CONTEXT(2) 
PARAMETRIC_REPRESENTATION_CONTEXT() REPRESENTATION_CONTEXT('2D SPACE',''
  ) );
#3668 = ADVANCED_FACE('',(#3669),#603,.T.);
#3669 = FACE_BOUND('',#3670,.T.);
#3670 = EDGE_LOOP('',(#3671,#3672,#3673,#3674));
#3671 = ORIENTED_EDGE('',*,*,#586,.T.);
#3672 = ORIENTED_EDGE('',*,*,#3648,.T.);
#3673 = ORIENTED_EDGE('',*,*,#2450,.F.);
#3674 = ORIENTED_EDGE('',*,*,#3675,.F.);
#3675 = EDGE_CURVE('',#559,#2428,#3676,.T.);
#3676 = SURFACE_CURVE('',#3677,(#3681,#3688),.PCURVE_S1.);
#3677 = LINE('',#3678,#3679);
#3678 = CARTESIAN_POINT('',(101.76279441628,-43.7416697508,0.));
#3679 = VECTOR('',#3680,1.);
#3680 = DIRECTION('',(0.,0.,1.));
#3681 = PCURVE('',#603,#3682);
#3682 = DEFINITIONAL_REPRESENTATION('',(#3683),#3687);
#3683 = LINE('',#3684,#3685);
#3684 = CARTESIAN_POINT('',(0.,0.));
#3685 = VECTOR('',#3686,1.);
#3686 = DIRECTION('',(0.,1.));
#3687 = ( GEOMETRIC_REPRESENTATION_CONTEXT(2) 
PARAMETRIC_REPRESENTATION_CONTEXT() REPRESENTATION_CONTEXT('2D SPACE',''
  ) );
#3688 = PCURVE('',#574,#3689);
#3689 = DEFINITIONAL_REPRESENTATION('',(#3690),#3694);
#3690 = LINE('',#3691,#3692);
#3691 = CARTESIAN_POINT('',(0.,-30.));
#3692 = VECTOR('',#3693,1.);
#3693 = DIRECTION('',(1.,0.));
#3694 = ( GEOMETRIC_REPRESENTATION_CONTEXT(2) 
PARAMETRIC_REPRESENTATION_CONTEXT() REPRESENTATION_CONTEXT('2D SPACE',''
  ) );
#3695 = ADVANCED_FACE('',(#3696),#574,.T.);
#3696 = FACE_BOUND('',#3697,.T.);
#3697 = EDGE_LOOP('',(#3698,#3699,#3720,#3721));
#3698 = ORIENTED_EDGE('',*,*,#2427,.F.);
#3699 = ORIENTED_EDGE('',*,*,#3700,.F.);
#3700 = EDGE_CURVE('',#526,#2400,#3701,.T.);
#3701 = SURFACE_CURVE('',#3702,(#3706,#3713),.PCURVE_S1.);
#3702 = LINE('',#3703,#3704);
#3703 = CARTESIAN_POINT('',(88.762794416288,-66.25833024919,0.));
#3704 = VECTOR('',#3705,1.);
#3705 = DIRECTION('',(0.,0.,1.));
#3706 = PCURVE('',#574,#3707);
#3707 = DEFINITIONAL_REPRESENTATION('',(#3708),#3712);
#3708 = LINE('',#3709,#3710);
#3709 = CARTESIAN_POINT('',(0.,-4.));
#3710 = VECTOR('',#3711,1.);
#3711 = DIRECTION('',(1.,0.));
#3712 = ( GEOMETRIC_REPRESENTATION_CONTEXT(2) 
PARAMETRIC_REPRESENTATION_CONTEXT() REPRESENTATION_CONTEXT('2D SPACE',''
  ) );
#3713 = PCURVE('',#546,#3714);
#3714 = DEFINITIONAL_REPRESENTATION('',(#3715),#3719);
#3715 = LINE('',#3716,#3717);
#3716 = CARTESIAN_POINT('',(-0.,0.));
#3717 = VECTOR('',#3718,1.);
#3718 = DIRECTION('',(-0.,1.));
#3719 = ( GEOMETRIC_REPRESENTATION_CONTEXT(2) 
PARAMETRIC_REPRESENTATION_CONTEXT() REPRESENTATION_CONTEXT('2D SPACE',''
  ) );
#3720 = ORIENTED_EDGE('',*,*,#558,.T.);
#3721 = ORIENTED_EDGE('',*,*,#3675,.T.);
#3722 = ADVANCED_FACE('',(#3723),#546,.T.);
#3723 = FACE_BOUND('',#3724,.F.);
#3724 = EDGE_LOOP('',(#3725,#3726,#3747,#3748));
#3725 = ORIENTED_EDGE('',*,*,#525,.T.);
#3726 = ORIENTED_EDGE('',*,*,#3727,.T.);
#3727 = EDGE_CURVE('',#498,#2377,#3728,.T.);
#3728 = SURFACE_CURVE('',#3729,(#3733,#3740),.PCURVE_S1.);
#3729 = LINE('',#3730,#3731);
#3730 = CARTESIAN_POINT('',(83.29869280115,-67.72243186433,0.));
#3731 = VECTOR('',#3732,1.);
#3732 = DIRECTION('',(0.,0.,1.));
#3733 = PCURVE('',#546,#3734);
#3734 = DEFINITIONAL_REPRESENTATION('',(#3735),#3739);
#3735 = LINE('',#3736,#3737);
#3736 = CARTESIAN_POINT('',(-1.570796326795,0.));
#3737 = VECTOR('',#3738,1.);
#3738 = DIRECTION('',(-0.,1.));
#3739 = ( GEOMETRIC_REPRESENTATION_CONTEXT(2) 
PARAMETRIC_REPRESENTATION_CONTEXT() REPRESENTATION_CONTEXT('2D SPACE',''
  ) );
#3740 = PCURVE('',#513,#3741);
#3741 = DEFINITIONAL_REPRESENTATION('',(#3742),#3746);
#3742 = LINE('',#3743,#3744);
#3743 = CARTESIAN_POINT('',(0.,76.));
#3744 = VECTOR('',#3745,1.);
#3745 = DIRECTION('',(1.,0.));
#3746 = ( GEOMETRIC_REPRESENTATION_CONTEXT(2) 
PARAMETRIC_REPRESENTATION_CONTEXT() REPRESENTATION_CONTEXT('2D SPACE',''
  ) );
#3747 = ORIENTED_EDGE('',*,*,#2399,.F.);
#3748 = ORIENTED_EDGE('',*,*,#3700,.F.);
#3749 = ADVANCED_FACE('',(#3750),#513,.F.);
#3750 = FACE_BOUND('',#3751,.F.);
#3751 = EDGE_LOOP('',(#3752,#3753,#3772,#3773));
#3752 = ORIENTED_EDGE('',*,*,#497,.F.);
#3753 = ORIENTED_EDGE('',*,*,#3754,.F.);
#3754 = EDGE_CURVE('',#2349,#469,#3755,.T.);
#3755 = SURFACE_CURVE('',#3756,(#3760,#3766),.PCURVE_S1.);
#3756 = LINE('',#3757,#3758);
#3757 = CARTESIAN_POINT('',(60.618731119108,-54.62814988199,-1.));
#3758 = VECTOR('',#3759,1.);
#3759 = DIRECTION('',(-0.,-0.,-1.));
#3760 = PCURVE('',#513,#3761);
#3761 = DEFINITIONAL_REPRESENTATION('',(#3762),#3765);
#3762 = B_SPLINE_CURVE_WITH_KNOTS('',1,(#3763,#3764),.UNSPECIFIED.,.F.,
  .F.,(2,2),(-9.8,-0.2),.PIECEWISE_BEZIER_KNOTS.);
#3763 = CARTESIAN_POINT('',(8.8,49.811436035325));
#3764 = CARTESIAN_POINT('',(-0.8,49.811436035325));
#3765 = ( GEOMETRIC_REPRESENTATION_CONTEXT(2) 
PARAMETRIC_REPRESENTATION_CONTEXT() REPRESENTATION_CONTEXT('2D SPACE',''
  ) );
#3766 = PCURVE('',#485,#3767);
#3767 = DEFINITIONAL_REPRESENTATION('',(#3768),#3771);
#3768 = B_SPLINE_CURVE_WITH_KNOTS('',1,(#3769,#3770),.UNSPECIFIED.,.F.,
  .F.,(2,2),(-9.,-1.),.PIECEWISE_BEZIER_KNOTS.);
#3769 = CARTESIAN_POINT('',(-4.943603275736,-9.));
#3770 = CARTESIAN_POINT('',(-4.943603275736,-1.));
#3771 = ( GEOMETRIC_REPRESENTATION_CONTEXT(2) 
PARAMETRIC_REPRESENTATION_CONTEXT() REPRESENTATION_CONTEXT('2D SPACE',''
  ) );
#3772 = ORIENTED_EDGE('',*,*,#2376,.T.);
#3773 = ORIENTED_EDGE('',*,*,#3727,.F.);
#3774 = ADVANCED_FACE('',(#3775),#485,.F.);
#3775 = FACE_BOUND('',#3776,.T.);
#3776 = EDGE_LOOP('',(#3777,#3778,#3797,#3798));
#3777 = ORIENTED_EDGE('',*,*,#2348,.F.);
#3778 = ORIENTED_EDGE('',*,*,#3779,.T.);
#3779 = EDGE_CURVE('',#2326,#441,#3780,.T.);
#3780 = SURFACE_CURVE('',#3781,(#3785,#3791),.PCURVE_S1.);
#3781 = LINE('',#3782,#3783);
#3782 = CARTESIAN_POINT('',(57.414589877682,-52.77823807373,-1.));
#3783 = VECTOR('',#3784,1.);
#3784 = DIRECTION('',(-0.,-0.,-1.));
#3785 = PCURVE('',#485,#3786);
#3786 = DEFINITIONAL_REPRESENTATION('',(#3787),#3790);
#3787 = B_SPLINE_CURVE_WITH_KNOTS('',1,(#3788,#3789),.UNSPECIFIED.,.F.,
  .F.,(2,2),(-9.,-1.),.PIECEWISE_BEZIER_KNOTS.);
#3788 = CARTESIAN_POINT('',(-9.717162441016,-9.));
#3789 = CARTESIAN_POINT('',(-9.717162441016,-1.));
#3790 = ( GEOMETRIC_REPRESENTATION_CONTEXT(2) 
PARAMETRIC_REPRESENTATION_CONTEXT() REPRESENTATION_CONTEXT('2D SPACE',''
  ) );
#3791 = PCURVE('',#456,#3792);
#3792 = DEFINITIONAL_REPRESENTATION('',(#3793),#3796);
#3793 = B_SPLINE_CURVE_WITH_KNOTS('',1,(#3794,#3795),.UNSPECIFIED.,.F.,
  .F.,(2,2),(-9.8,-0.2),.PIECEWISE_BEZIER_KNOTS.);
#3794 = CARTESIAN_POINT('',(8.8,46.111612418807));
#3795 = CARTESIAN_POINT('',(-0.8,46.111612418807));
#3796 = ( GEOMETRIC_REPRESENTATION_CONTEXT(2) 
PARAMETRIC_REPRESENTATION_CONTEXT() REPRESENTATION_CONTEXT('2D SPACE',''
  ) );
#3797 = ORIENTED_EDGE('',*,*,#468,.F.);
#3798 = ORIENTED_EDGE('',*,*,#3754,.F.);
#3799 = ADVANCED_FACE('',(#3800),#456,.F.);
#3800 = FACE_BOUND('',#3801,.F.);
#3801 = EDGE_LOOP('',(#3802,#3803,#3822,#3823));
#3802 = ORIENTED_EDGE('',*,*,#440,.F.);
#3803 = ORIENTED_EDGE('',*,*,#3804,.F.);
#3804 = EDGE_CURVE('',#2298,#412,#3805,.T.);
#3805 = SURFACE_CURVE('',#3806,(#3810,#3816),.PCURVE_S1.);
#3806 = LINE('',#3807,#3808);
#3807 = CARTESIAN_POINT('',(54.761362615739,-51.24639659983,0.));
#3808 = VECTOR('',#3809,1.);
#3809 = DIRECTION('',(-0.,-0.,-1.));
#3810 = PCURVE('',#456,#3811);
#3811 = DEFINITIONAL_REPRESENTATION('',(#3812),#3815);
#3812 = B_SPLINE_CURVE_WITH_KNOTS('',1,(#3813,#3814),.UNSPECIFIED.,.F.,
  .F.,(2,2),(-8.0000006,6.E-07),.PIECEWISE_BEZIER_KNOTS.);
#3813 = CARTESIAN_POINT('',(8.0000006,43.047929470999));
#3814 = CARTESIAN_POINT('',(-6.E-07,43.047929470999));
#3815 = ( GEOMETRIC_REPRESENTATION_CONTEXT(2) 
PARAMETRIC_REPRESENTATION_CONTEXT() REPRESENTATION_CONTEXT('2D SPACE',''
  ) );
#3816 = PCURVE('',#428,#3817);
#3817 = DEFINITIONAL_REPRESENTATION('',(#3818),#3821);
#3818 = B_SPLINE_CURVE_WITH_KNOTS('',1,(#3819,#3820),.UNSPECIFIED.,.F.,
  .F.,(2,2),(-8.0000006,6.E-07),.PIECEWISE_BEZIER_KNOTS.);
#3819 = CARTESIAN_POINT('',(-5.530932629922,-8.0000006));
#3820 = CARTESIAN_POINT('',(-5.530932629922,6.E-07));
#3821 = ( GEOMETRIC_REPRESENTATION_CONTEXT(2) 
PARAMETRIC_REPRESENTATION_CONTEXT() REPRESENTATION_CONTEXT('2D SPACE',''
  ) );
#3822 = ORIENTED_EDGE('',*,*,#2325,.T.);
#3823 = ORIENTED_EDGE('',*,*,#3779,.T.);
#3824 = ADVANCED_FACE('',(#3825),#428,.T.);
#3825 = FACE_BOUND('',#3826,.F.);
#3826 = EDGE_LOOP('',(#3827,#3828,#3847,#3848));
#3827 = ORIENTED_EDGE('',*,*,#411,.F.);
#3828 = ORIENTED_EDGE('',*,*,#3829,.F.);
#3829 = EDGE_CURVE('',#2275,#384,#3830,.T.);
#3830 = SURFACE_CURVE('',#3831,(#3835,#3841),.PCURVE_S1.);
#3831 = LINE('',#3832,#3833);
#3832 = CARTESIAN_POINT('',(-54.76136261573,-51.24639659983,0.));
#3833 = VECTOR('',#3834,1.);
#3834 = DIRECTION('',(-0.,-0.,-1.));
#3835 = PCURVE('',#428,#3836);
#3836 = DEFINITIONAL_REPRESENTATION('',(#3837),#3840);
#3837 = B_SPLINE_CURVE_WITH_KNOTS('',1,(#3838,#3839),.UNSPECIFIED.,.F.,
  .F.,(2,2),(-8.0000006,6.E-07),.PIECEWISE_BEZIER_KNOTS.);
#3838 = CARTESIAN_POINT('',(-3.893845330847,-8.0000006));
#3839 = CARTESIAN_POINT('',(-3.893845330847,6.E-07));
#3840 = ( GEOMETRIC_REPRESENTATION_CONTEXT(2) 
PARAMETRIC_REPRESENTATION_CONTEXT() REPRESENTATION_CONTEXT('2D SPACE',''
  ) );
#3841 = PCURVE('',#399,#3842);
#3842 = DEFINITIONAL_REPRESENTATION('',(#3843),#3846);
#3843 = B_SPLINE_CURVE_WITH_KNOTS('',1,(#3844,#3845),.UNSPECIFIED.,.F.,
  .F.,(2,2),(-8.0000006,6.E-07),.PIECEWISE_BEZIER_KNOTS.);
#3844 = CARTESIAN_POINT('',(8.0000006,43.047929470999));
#3845 = CARTESIAN_POINT('',(-6.E-07,43.047929470999));
#3846 = ( GEOMETRIC_REPRESENTATION_CONTEXT(2) 
PARAMETRIC_REPRESENTATION_CONTEXT() REPRESENTATION_CONTEXT('2D SPACE',''
  ) );
#3847 = ORIENTED_EDGE('',*,*,#2297,.F.);
#3848 = ORIENTED_EDGE('',*,*,#3804,.T.);
#3849 = ADVANCED_FACE('',(#3850),#399,.T.);
#3850 = FACE_BOUND('',#3851,.T.);
#3851 = EDGE_LOOP('',(#3852,#3853,#3854,#3855));
#3852 = ORIENTED_EDGE('',*,*,#383,.F.);
#3853 = ORIENTED_EDGE('',*,*,#3829,.F.);
#3854 = ORIENTED_EDGE('',*,*,#2274,.T.);
#3855 = ORIENTED_EDGE('',*,*,#3856,.T.);
#3856 = EDGE_CURVE('',#2247,#355,#3857,.T.);
#3857 = SURFACE_CURVE('',#3858,(#3862,#3868),.PCURVE_S1.);
#3858 = LINE('',#3859,#3860);
#3859 = CARTESIAN_POINT('',(-57.41458987768,-52.77823807373,-1.));
#3860 = VECTOR('',#3861,1.);
#3861 = DIRECTION('',(-0.,-0.,-1.));
#3862 = PCURVE('',#399,#3863);
#3863 = DEFINITIONAL_REPRESENTATION('',(#3864),#3867);
#3864 = B_SPLINE_CURVE_WITH_KNOTS('',1,(#3865,#3866),.UNSPECIFIED.,.F.,
  .F.,(2,2),(-9.8,-0.2),.PIECEWISE_BEZIER_KNOTS.);
#3865 = CARTESIAN_POINT('',(8.8,46.111612418807));
#3866 = CARTESIAN_POINT('',(-0.8,46.111612418807));
#3867 = ( GEOMETRIC_REPRESENTATION_CONTEXT(2) 
PARAMETRIC_REPRESENTATION_CONTEXT() REPRESENTATION_CONTEXT('2D SPACE',''
  ) );
#3868 = PCURVE('',#371,#3869);
#3869 = DEFINITIONAL_REPRESENTATION('',(#3870),#3873);
#3870 = B_SPLINE_CURVE_WITH_KNOTS('',1,(#3871,#3872),.UNSPECIFIED.,.F.,
  .F.,(2,2),(-9.,-1.),.PIECEWISE_BEZIER_KNOTS.);
#3871 = CARTESIAN_POINT('',(-5.990800826933,-9.));
#3872 = CARTESIAN_POINT('',(-5.990800826933,-1.));
#3873 = ( GEOMETRIC_REPRESENTATION_CONTEXT(2) 
PARAMETRIC_REPRESENTATION_CONTEXT() REPRESENTATION_CONTEXT('2D SPACE',''
  ) );
#3874 = ADVANCED_FACE('',(#3875),#371,.F.);
#3875 = FACE_BOUND('',#3876,.T.);
#3876 = EDGE_LOOP('',(#3877,#3878,#3897,#3898));
#3877 = ORIENTED_EDGE('',*,*,#2246,.F.);
#3878 = ORIENTED_EDGE('',*,*,#3879,.T.);
#3879 = EDGE_CURVE('',#2224,#327,#3880,.T.);
#3880 = SURFACE_CURVE('',#3881,(#3885,#3891),.PCURVE_S1.);
#3881 = LINE('',#3882,#3883);
#3882 = CARTESIAN_POINT('',(-60.6187311191,-54.62814988199,-1.));
#3883 = VECTOR('',#3884,1.);
#3884 = DIRECTION('',(-0.,-0.,-1.));
#3885 = PCURVE('',#371,#3886);
#3886 = DEFINITIONAL_REPRESENTATION('',(#3887),#3890);
#3887 = B_SPLINE_CURVE_WITH_KNOTS('',1,(#3888,#3889),.UNSPECIFIED.,.F.,
  .F.,(2,2),(-9.,-1.),.PIECEWISE_BEZIER_KNOTS.);
#3888 = CARTESIAN_POINT('',(-10.76435999221,-9.));
#3889 = CARTESIAN_POINT('',(-10.76435999221,-1.));
#3890 = ( GEOMETRIC_REPRESENTATION_CONTEXT(2) 
PARAMETRIC_REPRESENTATION_CONTEXT() REPRESENTATION_CONTEXT('2D SPACE',''
  ) );
#3891 = PCURVE('',#342,#3892);
#3892 = DEFINITIONAL_REPRESENTATION('',(#3893),#3896);
#3893 = B_SPLINE_CURVE_WITH_KNOTS('',1,(#3894,#3895),.UNSPECIFIED.,.F.,
  .F.,(2,2),(-9.8,-0.2),.PIECEWISE_BEZIER_KNOTS.);
#3894 = CARTESIAN_POINT('',(8.8,49.811436035325));
#3895 = CARTESIAN_POINT('',(-0.8,49.811436035325));
#3896 = ( GEOMETRIC_REPRESENTATION_CONTEXT(2) 
PARAMETRIC_REPRESENTATION_CONTEXT() REPRESENTATION_CONTEXT('2D SPACE',''
  ) );
#3897 = ORIENTED_EDGE('',*,*,#354,.F.);
#3898 = ORIENTED_EDGE('',*,*,#3856,.F.);
#3899 = ADVANCED_FACE('',(#3900),#342,.T.);
#3900 = FACE_BOUND('',#3901,.T.);
#3901 = EDGE_LOOP('',(#3902,#3903,#3904,#3905));
#3902 = ORIENTED_EDGE('',*,*,#326,.F.);
#3903 = ORIENTED_EDGE('',*,*,#3879,.F.);
#3904 = ORIENTED_EDGE('',*,*,#2223,.T.);
#3905 = ORIENTED_EDGE('',*,*,#3906,.F.);
#3906 = EDGE_CURVE('',#298,#2200,#3907,.T.);
#3907 = SURFACE_CURVE('',#3908,(#3912,#3919),.PCURVE_S1.);
#3908 = LINE('',#3909,#3910);
#3909 = CARTESIAN_POINT('',(-83.29869280115,-67.72243186433,0.));
#3910 = VECTOR('',#3911,1.);
#3911 = DIRECTION('',(0.,0.,1.));
#3912 = PCURVE('',#342,#3913);
#3913 = DEFINITIONAL_REPRESENTATION('',(#3914),#3918);
#3914 = LINE('',#3915,#3916);
#3915 = CARTESIAN_POINT('',(0.,76.));
#3916 = VECTOR('',#3917,1.);
#3917 = DIRECTION('',(1.,0.));
#3918 = ( GEOMETRIC_REPRESENTATION_CONTEXT(2) 
PARAMETRIC_REPRESENTATION_CONTEXT() REPRESENTATION_CONTEXT('2D SPACE',''
  ) );
#3919 = PCURVE('',#314,#3920);
#3920 = DEFINITIONAL_REPRESENTATION('',(#3921),#3925);
#3921 = LINE('',#3922,#3923);
#3922 = CARTESIAN_POINT('',(1.570796326795,0.));
#3923 = VECTOR('',#3924,1.);
#3924 = DIRECTION('',(0.,1.));
#3925 = ( GEOMETRIC_REPRESENTATION_CONTEXT(2) 
PARAMETRIC_REPRESENTATION_CONTEXT() REPRESENTATION_CONTEXT('2D SPACE',''
  ) );
#3926 = ADVANCED_FACE('',(#3927),#314,.T.);
#3927 = FACE_BOUND('',#3928,.T.);
#3928 = EDGE_LOOP('',(#3929,#3930,#3931,#3932));
#3929 = ORIENTED_EDGE('',*,*,#297,.T.);
#3930 = ORIENTED_EDGE('',*,*,#3906,.T.);
#3931 = ORIENTED_EDGE('',*,*,#2199,.F.);
#3932 = ORIENTED_EDGE('',*,*,#3933,.F.);
#3933 = EDGE_CURVE('',#270,#2177,#3934,.T.);
#3934 = SURFACE_CURVE('',#3935,(#3939,#3946),.PCURVE_S1.);
#3935 = LINE('',#3936,#3937);
#3936 = CARTESIAN_POINT('',(-88.76279441628,-66.25833024919,0.));
#3937 = VECTOR('',#3938,1.);
#3938 = DIRECTION('',(0.,0.,1.));
#3939 = PCURVE('',#314,#3940);
#3940 = DEFINITIONAL_REPRESENTATION('',(#3941),#3945);
#3941 = LINE('',#3942,#3943);
#3942 = CARTESIAN_POINT('',(0.,0.));
#3943 = VECTOR('',#3944,1.);
#3944 = DIRECTION('',(0.,1.));
#3945 = ( GEOMETRIC_REPRESENTATION_CONTEXT(2) 
PARAMETRIC_REPRESENTATION_CONTEXT() REPRESENTATION_CONTEXT('2D SPACE',''
  ) );
#3946 = PCURVE('',#285,#3947);
#3947 = DEFINITIONAL_REPRESENTATION('',(#3948),#3952);
#3948 = LINE('',#3949,#3950);
#3949 = CARTESIAN_POINT('',(0.,-30.));
#3950 = VECTOR('',#3951,1.);
#3951 = DIRECTION('',(1.,0.));
#3952 = ( GEOMETRIC_REPRESENTATION_CONTEXT(2) 
PARAMETRIC_REPRESENTATION_CONTEXT() REPRESENTATION_CONTEXT('2D SPACE',''
  ) );
#3953 = ADVANCED_FACE('',(#3954),#285,.T.);
#3954 = FACE_BOUND('',#3955,.T.);
#3955 = EDGE_LOOP('',(#3956,#3957,#3978,#3979));
#3956 = ORIENTED_EDGE('',*,*,#2176,.F.);
#3957 = ORIENTED_EDGE('',*,*,#3958,.F.);
#3958 = EDGE_CURVE('',#237,#2149,#3959,.T.);
#3959 = SURFACE_CURVE('',#3960,(#3964,#3971),.PCURVE_S1.);
#3960 = LINE('',#3961,#3962);
#3961 = CARTESIAN_POINT('',(-101.7627944162,-43.7416697508,0.));
#3962 = VECTOR('',#3963,1.);
#3963 = DIRECTION('',(0.,0.,1.));
#3964 = PCURVE('',#285,#3965);
#3965 = DEFINITIONAL_REPRESENTATION('',(#3966),#3970);
#3966 = LINE('',#3967,#3968);
#3967 = CARTESIAN_POINT('',(0.,-4.));
#3968 = VECTOR('',#3969,1.);
#3969 = DIRECTION('',(1.,0.));
#3970 = ( GEOMETRIC_REPRESENTATION_CONTEXT(2) 
PARAMETRIC_REPRESENTATION_CONTEXT() REPRESENTATION_CONTEXT('2D SPACE',''
  ) );
#3971 = PCURVE('',#257,#3972);
#3972 = DEFINITIONAL_REPRESENTATION('',(#3973),#3977);
#3973 = LINE('',#3974,#3975);
#3974 = CARTESIAN_POINT('',(-0.,0.));
#3975 = VECTOR('',#3976,1.);
#3976 = DIRECTION('',(-0.,1.));
#3977 = ( GEOMETRIC_REPRESENTATION_CONTEXT(2) 
PARAMETRIC_REPRESENTATION_CONTEXT() REPRESENTATION_CONTEXT('2D SPACE',''
  ) );
#3978 = ORIENTED_EDGE('',*,*,#269,.T.);
#3979 = ORIENTED_EDGE('',*,*,#3933,.T.);
#3980 = ADVANCED_FACE('',(#3981),#257,.T.);
#3981 = FACE_BOUND('',#3982,.F.);
#3982 = EDGE_LOOP('',(#3983,#3984,#3985,#3986));
#3983 = ORIENTED_EDGE('',*,*,#236,.T.);
#3984 = ORIENTED_EDGE('',*,*,#1973,.T.);
#3985 = ORIENTED_EDGE('',*,*,#2148,.F.);
#3986 = ORIENTED_EDGE('',*,*,#3958,.F.);
#3987 = ADVANCED_FACE('',(#3988),#811,.F.);
#3988 = FACE_BOUND('',#3989,.T.);
#3989 = EDGE_LOOP('',(#3990,#3991,#4012,#4013));
#3990 = ORIENTED_EDGE('',*,*,#790,.T.);
#3991 = ORIENTED_EDGE('',*,*,#3992,.T.);
#3992 = EDGE_CURVE('',#791,#2498,#3993,.T.);
#3993 = SEAM_CURVE('',#3994,(#3998,#4005),.PCURVE_S1.);
#3994 = LINE('',#3995,#3996);
#3995 = CARTESIAN_POINT('',(-83.23266739736,-62.89230484541,-1.));
#3996 = VECTOR('',#3997,1.);
#3997 = DIRECTION('',(0.,0.,1.));
#3998 = PCURVE('',#811,#3999);
#3999 = DEFINITIONAL_REPRESENTATION('',(#4000),#4004);
#4000 = LINE('',#4001,#4002);
#4001 = CARTESIAN_POINT('',(-6.28318530718,0.));
#4002 = VECTOR('',#4003,1.);
#4003 = DIRECTION('',(-0.,-1.));
#4004 = ( GEOMETRIC_REPRESENTATION_CONTEXT(2) 
PARAMETRIC_REPRESENTATION_CONTEXT() REPRESENTATION_CONTEXT('2D SPACE',''
  ) );
#4005 = PCURVE('',#811,#4006);
#4006 = DEFINITIONAL_REPRESENTATION('',(#4007),#4011);
#4007 = LINE('',#4008,#4009);
#4008 = CARTESIAN_POINT('',(-0.,0.));
#4009 = VECTOR('',#4010,1.);
#4010 = DIRECTION('',(-0.,-1.));
#4011 = ( GEOMETRIC_REPRESENTATION_CONTEXT(2) 
PARAMETRIC_REPRESENTATION_CONTEXT() REPRESENTATION_CONTEXT('2D SPACE',''
  ) );
#4012 = ORIENTED_EDGE('',*,*,#2497,.F.);
#4013 = ORIENTED_EDGE('',*,*,#3992,.F.);
#4014 = ADVANCED_FACE('',(#4015),#846,.F.);
#4015 = FACE_BOUND('',#4016,.T.);
#4016 = EDGE_LOOP('',(#4017,#4018,#4039,#4040));
#4017 = ORIENTED_EDGE('',*,*,#825,.T.);
#4018 = ORIENTED_EDGE('',*,*,#4019,.T.);
#4019 = EDGE_CURVE('',#826,#2528,#4020,.T.);
#4020 = SEAM_CURVE('',#4021,(#4025,#4032),.PCURVE_S1.);
#4021 = LINE('',#4022,#4023);
#4022 = CARTESIAN_POINT('',(-90.96471820493,-53.5,-1.));
#4023 = VECTOR('',#4024,1.);
#4024 = DIRECTION('',(0.,0.,1.));
#4025 = PCURVE('',#846,#4026);
#4026 = DEFINITIONAL_REPRESENTATION('',(#4027),#4031);
#4027 = LINE('',#4028,#4029);
#4028 = CARTESIAN_POINT('',(-6.28318530718,0.));
#4029 = VECTOR('',#4030,1.);
#4030 = DIRECTION('',(-0.,-1.));
#4031 = ( GEOMETRIC_REPRESENTATION_CONTEXT(2) 
PARAMETRIC_REPRESENTATION_CONTEXT() REPRESENTATION_CONTEXT('2D SPACE',''
  ) );
#4032 = PCURVE('',#846,#4033);
#4033 = DEFINITIONAL_REPRESENTATION('',(#4034),#4038);
#4034 = LINE('',#4035,#4036);
#4035 = CARTESIAN_POINT('',(-0.,0.));
#4036 = VECTOR('',#4037,1.);
#4037 = DIRECTION('',(-0.,-1.));
#4038 = ( GEOMETRIC_REPRESENTATION_CONTEXT(2) 
PARAMETRIC_REPRESENTATION_CONTEXT() REPRESENTATION_CONTEXT('2D SPACE',''
  ) );
#4039 = ORIENTED_EDGE('',*,*,#2527,.F.);
#4040 = ORIENTED_EDGE('',*,*,#4019,.F.);
#4041 = ADVANCED_FACE('',(#4042),#881,.F.);
#4042 = FACE_BOUND('',#4043,.T.);
#4043 = EDGE_LOOP('',(#4044,#4045,#4066,#4067));
#4044 = ORIENTED_EDGE('',*,*,#860,.T.);
#4045 = ORIENTED_EDGE('',*,*,#4046,.T.);
#4046 = EDGE_CURVE('',#861,#2558,#4047,.T.);
#4047 = SEAM_CURVE('',#4048,(#4052,#4059),.PCURVE_S1.);
#4048 = LINE('',#4049,#4050);
#4049 = CARTESIAN_POINT('',(-95.23266739736,-42.10769515458,-1.));
#4050 = VECTOR('',#4051,1.);
#4051 = DIRECTION('',(0.,0.,1.));
#4052 = PCURVE('',#881,#4053);
#4053 = DEFINITIONAL_REPRESENTATION('',(#4054),#4058);
#4054 = LINE('',#4055,#4056);
#4055 = CARTESIAN_POINT('',(-6.28318530718,0.));
#4056 = VECTOR('',#4057,1.);
#4057 = DIRECTION('',(-0.,-1.));
#4058 = ( GEOMETRIC_REPRESENTATION_CONTEXT(2) 
PARAMETRIC_REPRESENTATION_CONTEXT() REPRESENTATION_CONTEXT('2D SPACE',''
  ) );
#4059 = PCURVE('',#881,#4060);
#4060 = DEFINITIONAL_REPRESENTATION('',(#4061),#4065);
#4061 = LINE('',#4062,#4063);
#4062 = CARTESIAN_POINT('',(-0.,0.));
#4063 = VECTOR('',#4064,1.);
#4064 = DIRECTION('',(-0.,-1.));
#4065 = ( GEOMETRIC_REPRESENTATION_CONTEXT(2) 
PARAMETRIC_REPRESENTATION_CONTEXT() REPRESENTATION_CONTEXT('2D SPACE',''
  ) );
#4066 = ORIENTED_EDGE('',*,*,#2557,.F.);
#4067 = ORIENTED_EDGE('',*,*,#4046,.F.);
#4068 = ADVANCED_FACE('',(#4069),#916,.F.);
#4069 = FACE_BOUND('',#4070,.T.);
#4070 = EDGE_LOOP('',(#4071,#4072,#4093,#4094));
#4071 = ORIENTED_EDGE('',*,*,#895,.T.);
#4072 = ORIENTED_EDGE('',*,*,#4073,.T.);
#4073 = EDGE_CURVE('',#896,#2588,#4074,.T.);
#4074 = SEAM_CURVE('',#4075,(#4079,#4086),.PCURVE_S1.);
#4075 = LINE('',#4076,#4077);
#4076 = CARTESIAN_POINT('',(-22.61088913245,-27.89230484541,-1.));
#4077 = VECTOR('',#4078,1.);
#4078 = DIRECTION('',(0.,0.,1.));
#4079 = PCURVE('',#916,#4080);
#4080 = DEFINITIONAL_REPRESENTATION('',(#4081),#4085);
#4081 = LINE('',#4082,#4083);
#4082 = CARTESIAN_POINT('',(-6.28318530718,0.));
#4083 = VECTOR('',#4084,1.);
#4084 = DIRECTION('',(-0.,-1.));
#4085 = ( GEOMETRIC_REPRESENTATION_CONTEXT(2) 
PARAMETRIC_REPRESENTATION_CONTEXT() REPRESENTATION_CONTEXT('2D SPACE',''
  ) );
#4086 = PCURVE('',#916,#4087);
#4087 = DEFINITIONAL_REPRESENTATION('',(#4088),#4092);
#4088 = LINE('',#4089,#4090);
#4089 = CARTESIAN_POINT('',(-0.,0.));
#4090 = VECTOR('',#4091,1.);
#4091 = DIRECTION('',(-0.,-1.));
#4092 = ( GEOMETRIC_REPRESENTATION_CONTEXT(2) 
PARAMETRIC_REPRESENTATION_CONTEXT() REPRESENTATION_CONTEXT('2D SPACE',''
  ) );
#4093 = ORIENTED_EDGE('',*,*,#2587,.F.);
#4094 = ORIENTED_EDGE('',*,*,#4073,.F.);
#4095 = ADVANCED_FACE('',(#4096),#951,.F.);
#4096 = FACE_BOUND('',#4097,.T.);
#4097 = EDGE_LOOP('',(#4098,#4099,#4120,#4121));
#4098 = ORIENTED_EDGE('',*,*,#930,.T.);
#4099 = ORIENTED_EDGE('',*,*,#4100,.T.);
#4100 = EDGE_CURVE('',#931,#2618,#4101,.T.);
#4101 = SEAM_CURVE('',#4102,(#4106,#4113),.PCURVE_S1.);
#4102 = LINE('',#4103,#4104);
#4103 = CARTESIAN_POINT('',(-34.61088913245,-7.107695154587,-1.));
#4104 = VECTOR('',#4105,1.);
#4105 = DIRECTION('',(0.,0.,1.));
#4106 = PCURVE('',#951,#4107);
#4107 = DEFINITIONAL_REPRESENTATION('',(#4108),#4112);
#4108 = LINE('',#4109,#4110);
#4109 = CARTESIAN_POINT('',(-6.28318530718,0.));
#4110 = VECTOR('',#4111,1.);
#4111 = DIRECTION('',(-0.,-1.));
#4112 = ( GEOMETRIC_REPRESENTATION_CONTEXT(2) 
PARAMETRIC_REPRESENTATION_CONTEXT() REPRESENTATION_CONTEXT('2D SPACE',''
  ) );
#4113 = PCURVE('',#951,#4114);
#4114 = DEFINITIONAL_REPRESENTATION('',(#4115),#4119);
#4115 = LINE('',#4116,#4117);
#4116 = CARTESIAN_POINT('',(-0.,0.));
#4117 = VECTOR('',#4118,1.);
#4118 = DIRECTION('',(-0.,-1.));
#4119 = ( GEOMETRIC_REPRESENTATION_CONTEXT(2) 
PARAMETRIC_REPRESENTATION_CONTEXT() REPRESENTATION_CONTEXT('2D SPACE',''
  ) );
#4120 = ORIENTED_EDGE('',*,*,#2617,.F.);
#4121 = ORIENTED_EDGE('',*,*,#4100,.F.);
#4122 = ADVANCED_FACE('',(#4123),#986,.F.);
#4123 = FACE_BOUND('',#4124,.T.);
#4124 = EDGE_LOOP('',(#4125,#4126,#4147,#4148));
#4125 = ORIENTED_EDGE('',*,*,#965,.T.);
#4126 = ORIENTED_EDGE('',*,*,#4127,.T.);
#4127 = EDGE_CURVE('',#966,#2648,#4128,.T.);
#4128 = SEAM_CURVE('',#4129,(#4133,#4140),.PCURVE_S1.);
#4129 = LINE('',#4130,#4131);
#4130 = CARTESIAN_POINT('',(2.15,-67.,-1.));
#4131 = VECTOR('',#4132,1.);
#4132 = DIRECTION('',(0.,0.,1.));
#4133 = PCURVE('',#986,#4134);
#4134 = DEFINITIONAL_REPRESENTATION('',(#4135),#4139);
#4135 = LINE('',#4136,#4137);
#4136 = CARTESIAN_POINT('',(-6.28318530718,0.));
#4137 = VECTOR('',#4138,1.);
#4138 = DIRECTION('',(-0.,-1.));
#4139 = ( GEOMETRIC_REPRESENTATION_CONTEXT(2) 
PARAMETRIC_REPRESENTATION_CONTEXT() REPRESENTATION_CONTEXT('2D SPACE',''
  ) );
#4140 = PCURVE('',#986,#4141);
#4141 = DEFINITIONAL_REPRESENTATION('',(#4142),#4146);
#4142 = LINE('',#4143,#4144);
#4143 = CARTESIAN_POINT('',(-0.,0.));
#4144 = VECTOR('',#4145,1.);
#4145 = DIRECTION('',(-0.,-1.));
#4146 = ( GEOMETRIC_REPRESENTATION_CONTEXT(2) 
PARAMETRIC_REPRESENTATION_CONTEXT() REPRESENTATION_CONTEXT('2D SPACE',''
  ) );
#4147 = ORIENTED_EDGE('',*,*,#2647,.F.);
#4148 = ORIENTED_EDGE('',*,*,#4127,.F.);
#4149 = ADVANCED_FACE('',(#4150),#1021,.F.);
#4150 = FACE_BOUND('',#4151,.T.);
#4151 = EDGE_LOOP('',(#4152,#4153,#4174,#4175));
#4152 = ORIENTED_EDGE('',*,*,#1000,.T.);
#4153 = ORIENTED_EDGE('',*,*,#4154,.T.);
#4154 = EDGE_CURVE('',#1001,#2678,#4155,.T.);
#4155 = SEAM_CURVE('',#4156,(#4160,#4167),.PCURVE_S1.);
#4156 = LINE('',#4157,#4158);
#4157 = CARTESIAN_POINT('',(26.010889132455,-27.89230484541,-1.));
#4158 = VECTOR('',#4159,1.);
#4159 = DIRECTION('',(0.,0.,1.));
#4160 = PCURVE('',#1021,#4161);
#4161 = DEFINITIONAL_REPRESENTATION('',(#4162),#4166);
#4162 = LINE('',#4163,#4164);
#4163 = CARTESIAN_POINT('',(-6.28318530718,0.));
#4164 = VECTOR('',#4165,1.);
#4165 = DIRECTION('',(-0.,-1.));
#4166 = ( GEOMETRIC_REPRESENTATION_CONTEXT(2) 
PARAMETRIC_REPRESENTATION_CONTEXT() REPRESENTATION_CONTEXT('2D SPACE',''
  ) );
#4167 = PCURVE('',#1021,#4168);
#4168 = DEFINITIONAL_REPRESENTATION('',(#4169),#4173);
#4169 = LINE('',#4170,#4171);
#4170 = CARTESIAN_POINT('',(-0.,0.));
#4171 = VECTOR('',#4172,1.);
#4172 = DIRECTION('',(-0.,-1.));
#4173 = ( GEOMETRIC_REPRESENTATION_CONTEXT(2) 
PARAMETRIC_REPRESENTATION_CONTEXT() REPRESENTATION_CONTEXT('2D SPACE',''
  ) );
#4174 = ORIENTED_EDGE('',*,*,#2677,.F.);
#4175 = ORIENTED_EDGE('',*,*,#4154,.F.);
#4176 = ADVANCED_FACE('',(#4177),#1056,.F.);
#4177 = FACE_BOUND('',#4178,.T.);
#4178 = EDGE_LOOP('',(#4179,#4180,#4201,#4202));
#4179 = ORIENTED_EDGE('',*,*,#1035,.T.);
#4180 = ORIENTED_EDGE('',*,*,#4181,.T.);
#4181 = EDGE_CURVE('',#1036,#2708,#4182,.T.);
#4182 = SEAM_CURVE('',#4183,(#4187,#4194),.PCURVE_S1.);
#4183 = LINE('',#4184,#4185);
#4184 = CARTESIAN_POINT('',(86.632667397366,-62.89230484541,-1.));
#4185 = VECTOR('',#4186,1.);
#4186 = DIRECTION('',(0.,0.,1.));
#4187 = PCURVE('',#1056,#4188);
#4188 = DEFINITIONAL_REPRESENTATION('',(#4189),#4193);
#4189 = LINE('',#4190,#4191);
#4190 = CARTESIAN_POINT('',(-6.28318530718,0.));
#4191 = VECTOR('',#4192,1.);
#4192 = DIRECTION('',(-0.,-1.));
#4193 = ( GEOMETRIC_REPRESENTATION_CONTEXT(2) 
PARAMETRIC_REPRESENTATION_CONTEXT() REPRESENTATION_CONTEXT('2D SPACE',''
  ) );
#4194 = PCURVE('',#1056,#4195);
#4195 = DEFINITIONAL_REPRESENTATION('',(#4196),#4200);
#4196 = LINE('',#4197,#4198);
#4197 = CARTESIAN_POINT('',(-0.,0.));
#4198 = VECTOR('',#4199,1.);
#4199 = DIRECTION('',(-0.,-1.));
#4200 = ( GEOMETRIC_REPRESENTATION_CONTEXT(2) 
PARAMETRIC_REPRESENTATION_CONTEXT() REPRESENTATION_CONTEXT('2D SPACE',''
  ) );
#4201 = ORIENTED_EDGE('',*,*,#2707,.F.);
#4202 = ORIENTED_EDGE('',*,*,#4181,.F.);
#4203 = ADVANCED_FACE('',(#4204),#1091,.F.);
#4204 = FACE_BOUND('',#4205,.T.);
#4205 = EDGE_LOOP('',(#4206,#4207,#4228,#4229));
#4206 = ORIENTED_EDGE('',*,*,#1070,.T.);
#4207 = ORIENTED_EDGE('',*,*,#4208,.T.);
#4208 = EDGE_CURVE('',#1071,#2738,#4209,.T.);
#4209 = SEAM_CURVE('',#4210,(#4214,#4221),.PCURVE_S1.);
#4210 = LINE('',#4211,#4212);
#4211 = CARTESIAN_POINT('',(94.364718204935,-53.5,-1.));
#4212 = VECTOR('',#4213,1.);
#4213 = DIRECTION('',(0.,0.,1.));
#4214 = PCURVE('',#1091,#4215);
#4215 = DEFINITIONAL_REPRESENTATION('',(#4216),#4220);
#4216 = LINE('',#4217,#4218);
#4217 = CARTESIAN_POINT('',(-6.28318530718,0.));
#4218 = VECTOR('',#4219,1.);
#4219 = DIRECTION('',(-0.,-1.));
#4220 = ( GEOMETRIC_REPRESENTATION_CONTEXT(2) 
PARAMETRIC_REPRESENTATION_CONTEXT() REPRESENTATION_CONTEXT('2D SPACE',''
  ) );
#4221 = PCURVE('',#1091,#4222);
#4222 = DEFINITIONAL_REPRESENTATION('',(#4223),#4227);
#4223 = LINE('',#4224,#4225);
#4224 = CARTESIAN_POINT('',(-0.,0.));
#4225 = VECTOR('',#4226,1.);
#4226 = DIRECTION('',(-0.,-1.));
#4227 = ( GEOMETRIC_REPRESENTATION_CONTEXT(2) 
PARAMETRIC_REPRESENTATION_CONTEXT() REPRESENTATION_CONTEXT('2D SPACE',''
  ) );
#4228 = ORIENTED_EDGE('',*,*,#2737,.F.);
#4229 = ORIENTED_EDGE('',*,*,#4208,.F.);
#4230 = ADVANCED_FACE('',(#4231),#1126,.F.);
#4231 = FACE_BOUND('',#4232,.T.);
#4232 = EDGE_LOOP('',(#4233,#4234,#4255,#4256));
#4233 = ORIENTED_EDGE('',*,*,#1105,.T.);
#4234 = ORIENTED_EDGE('',*,*,#4235,.T.);
#4235 = EDGE_CURVE('',#1106,#2768,#4236,.T.);
#4236 = SEAM_CURVE('',#4237,(#4241,#4248),.PCURVE_S1.);
#4237 = LINE('',#4238,#4239);
#4238 = CARTESIAN_POINT('',(98.632667397366,-42.10769515458,-1.));
#4239 = VECTOR('',#4240,1.);
#4240 = DIRECTION('',(0.,0.,1.));
#4241 = PCURVE('',#1126,#4242);
#4242 = DEFINITIONAL_REPRESENTATION('',(#4243),#4247);
#4243 = LINE('',#4244,#4245);
#4244 = CARTESIAN_POINT('',(-6.28318530718,0.));
#4245 = VECTOR('',#4246,1.);
#4246 = DIRECTION('',(-0.,-1.));
#4247 = ( GEOMETRIC_REPRESENTATION_CONTEXT(2) 
PARAMETRIC_REPRESENTATION_CONTEXT() REPRESENTATION_CONTEXT('2D SPACE',''
  ) );
#4248 = PCURVE('',#1126,#4249);
#4249 = DEFINITIONAL_REPRESENTATION('',(#4250),#4254);
#4250 = LINE('',#4251,#4252);
#4251 = CARTESIAN_POINT('',(-0.,0.));
#4252 = VECTOR('',#4253,1.);
#4253 = DIRECTION('',(-0.,-1.));
#4254 = ( GEOMETRIC_REPRESENTATION_CONTEXT(2) 
PARAMETRIC_REPRESENTATION_CONTEXT() REPRESENTATION_CONTEXT('2D SPACE',''
  ) );
#4255 = ORIENTED_EDGE('',*,*,#2767,.F.);
#4256 = ORIENTED_EDGE('',*,*,#4235,.F.);
#4257 = ADVANCED_FACE('',(#4258),#1161,.F.);
#4258 = FACE_BOUND('',#4259,.T.);
#4259 = EDGE_LOOP('',(#4260,#4261,#4282,#4283));
#4260 = ORIENTED_EDGE('',*,*,#1140,.T.);
#4261 = ORIENTED_EDGE('',*,*,#4262,.T.);
#4262 = EDGE_CURVE('',#1141,#2798,#4263,.T.);
#4263 = SEAM_CURVE('',#4264,(#4268,#4275),.PCURVE_S1.);
#4264 = LINE('',#4265,#4266);
#4265 = CARTESIAN_POINT('',(38.010889132455,-7.107695154587,-1.));
#4266 = VECTOR('',#4267,1.);
#4267 = DIRECTION('',(0.,0.,1.));
#4268 = PCURVE('',#1161,#4269);
#4269 = DEFINITIONAL_REPRESENTATION('',(#4270),#4274);
#4270 = LINE('',#4271,#4272);
#4271 = CARTESIAN_POINT('',(-6.28318530718,0.));
#4272 = VECTOR('',#4273,1.);
#4273 = DIRECTION('',(-0.,-1.));
#4274 = ( GEOMETRIC_REPRESENTATION_CONTEXT(2) 
PARAMETRIC_REPRESENTATION_CONTEXT() REPRESENTATION_CONTEXT('2D SPACE',''
  ) );
#4275 = PCURVE('',#1161,#4276);
#4276 = DEFINITIONAL_REPRESENTATION('',(#4277),#4281);
#4277 = LINE('',#4278,#4279);
#4278 = CARTESIAN_POINT('',(-0.,0.));
#4279 = VECTOR('',#4280,1.);
#4280 = DIRECTION('',(-0.,-1.));
#4281 = ( GEOMETRIC_REPRESENTATION_CONTEXT(2) 
PARAMETRIC_REPRESENTATION_CONTEXT() REPRESENTATION_CONTEXT('2D SPACE',''
  ) );
#4282 = ORIENTED_EDGE('',*,*,#2797,.F.);
#4283 = ORIENTED_EDGE('',*,*,#4262,.F.);
#4284 = ADVANCED_FACE('',(#4285),#1194,.F.);
#4285 = FACE_BOUND('',#4286,.T.);
#4286 = EDGE_LOOP('',(#4287,#4288,#4307,#4308));
#4287 = ORIENTED_EDGE('',*,*,#2827,.F.);
#4288 = ORIENTED_EDGE('',*,*,#4289,.T.);
#4289 = EDGE_CURVE('',#2828,#1178,#4290,.T.);
#4290 = SURFACE_CURVE('',#4291,(#4295,#4301),.PCURVE_S1.);
#4291 = LINE('',#4292,#4293);
#4292 = CARTESIAN_POINT('',(17.,36.207733980464,0.));
#4293 = VECTOR('',#4294,1.);
#4294 = DIRECTION('',(-0.,-0.,-1.));
#4295 = PCURVE('',#1194,#4296);
#4296 = DEFINITIONAL_REPRESENTATION('',(#4297),#4300);
#4297 = B_SPLINE_CURVE_WITH_KNOTS('',1,(#4298,#4299),.UNSPECIFIED.,.F.,
  .F.,(2,2),(-8.,0.),.PIECEWISE_BEZIER_KNOTS.);
#4298 = CARTESIAN_POINT('',(-7.415019748365,-8.));
#4299 = CARTESIAN_POINT('',(-7.415019748365,0.));
#4300 = ( GEOMETRIC_REPRESENTATION_CONTEXT(2) 
PARAMETRIC_REPRESENTATION_CONTEXT() REPRESENTATION_CONTEXT('2D SPACE',''
  ) );
#4301 = PCURVE('',#1688,#4302);
#4302 = DEFINITIONAL_REPRESENTATION('',(#4303),#4306);
#4303 = B_SPLINE_CURVE_WITH_KNOTS('',1,(#4304,#4305),.UNSPECIFIED.,.F.,
  .F.,(2,2),(-8.0000006,6.E-07),.PIECEWISE_BEZIER_KNOTS.);
#4304 = CARTESIAN_POINT('',(8.0000006,6.207733980464));
#4305 = CARTESIAN_POINT('',(-6.E-07,6.207733980464));
#4306 = ( GEOMETRIC_REPRESENTATION_CONTEXT(2) 
PARAMETRIC_REPRESENTATION_CONTEXT() REPRESENTATION_CONTEXT('2D SPACE',''
  ) );
#4307 = ORIENTED_EDGE('',*,*,#1175,.F.);
#4308 = ORIENTED_EDGE('',*,*,#4309,.F.);
#4309 = EDGE_CURVE('',#2830,#1176,#4310,.T.);
#4310 = SURFACE_CURVE('',#4311,(#4315,#4321),.PCURVE_S1.);
#4311 = LINE('',#4312,#4313);
#4312 = CARTESIAN_POINT('',(39.856817440551,-3.381435125896,0.));
#4313 = VECTOR('',#4314,1.);
#4314 = DIRECTION('',(-0.,-0.,-1.));
#4315 = PCURVE('',#1194,#4316);
#4316 = DEFINITIONAL_REPRESENTATION('',(#4317),#4320);
#4317 = B_SPLINE_CURVE_WITH_KNOTS('',1,(#4318,#4319),.UNSPECIFIED.,.F.,
  .F.,(2,2),(-8.0000006,6.E-07),.PIECEWISE_BEZIER_KNOTS.);
#4318 = CARTESIAN_POINT('',(-6.198548417191,-8.0000006));
#4319 = CARTESIAN_POINT('',(-6.198548417191,6.E-07));
#4320 = ( GEOMETRIC_REPRESENTATION_CONTEXT(2) 
PARAMETRIC_REPRESENTATION_CONTEXT() REPRESENTATION_CONTEXT('2D SPACE',''
  ) );
#4321 = PCURVE('',#1222,#4322);
#4322 = DEFINITIONAL_REPRESENTATION('',(#4323),#4326);
#4323 = B_SPLINE_CURVE_WITH_KNOTS('',1,(#4324,#4325),.UNSPECIFIED.,.F.,
  .F.,(2,2),(-8.0000006,6.E-07),.PIECEWISE_BEZIER_KNOTS.);
#4324 = CARTESIAN_POINT('',(8.0000006,6.207733980464));
#4325 = CARTESIAN_POINT('',(-6.E-07,6.207733980464));
#4326 = ( GEOMETRIC_REPRESENTATION_CONTEXT(2) 
PARAMETRIC_REPRESENTATION_CONTEXT() REPRESENTATION_CONTEXT('2D SPACE',''
  ) );
#4327 = ADVANCED_FACE('',(#4328),#1222,.T.);
#4328 = FACE_BOUND('',#4329,.T.);
#4329 = EDGE_LOOP('',(#4330,#4331,#4352,#4353));
#4330 = ORIENTED_EDGE('',*,*,#1206,.F.);
#4331 = ORIENTED_EDGE('',*,*,#4332,.T.);
#4332 = EDGE_CURVE('',#1207,#2858,#4333,.T.);
#4333 = SURFACE_CURVE('',#4334,(#4338,#4345),.PCURVE_S1.);
#4334 = LINE('',#4335,#4336);
#4335 = CARTESIAN_POINT('',(37.944863728671,-2.277568135665,0.));
#4336 = VECTOR('',#4337,1.);
#4337 = DIRECTION('',(0.,0.,1.));
#4338 = PCURVE('',#1222,#4339);
#4339 = DEFINITIONAL_REPRESENTATION('',(#4340),#4344);
#4340 = LINE('',#4341,#4342);
#4341 = CARTESIAN_POINT('',(0.,4.));
#4342 = VECTOR('',#4343,1.);
#4343 = DIRECTION('',(1.,0.));
#4344 = ( GEOMETRIC_REPRESENTATION_CONTEXT(2) 
PARAMETRIC_REPRESENTATION_CONTEXT() REPRESENTATION_CONTEXT('2D SPACE',''
  ) );
#4345 = PCURVE('',#1255,#4346);
#4346 = DEFINITIONAL_REPRESENTATION('',(#4347),#4351);
#4347 = LINE('',#4348,#4349);
#4348 = CARTESIAN_POINT('',(-1.570796326795,0.));
#4349 = VECTOR('',#4350,1.);
#4350 = DIRECTION('',(-0.,1.));
#4351 = ( GEOMETRIC_REPRESENTATION_CONTEXT(2) 
PARAMETRIC_REPRESENTATION_CONTEXT() REPRESENTATION_CONTEXT('2D SPACE',''
  ) );
#4352 = ORIENTED_EDGE('',*,*,#2857,.T.);
#4353 = ORIENTED_EDGE('',*,*,#4309,.T.);
#4354 = ADVANCED_FACE('',(#4355),#1688,.F.);
#4355 = FACE_BOUND('',#4356,.F.);
#4356 = EDGE_LOOP('',(#4357,#4358,#4379,#4380));
#4357 = ORIENTED_EDGE('',*,*,#1674,.F.);
#4358 = ORIENTED_EDGE('',*,*,#4359,.T.);
#4359 = EDGE_CURVE('',#1646,#3230,#4360,.T.);
#4360 = SURFACE_CURVE('',#4361,(#4365,#4372),.PCURVE_S1.);
#4361 = LINE('',#4362,#4363);
#4362 = CARTESIAN_POINT('',(17.,34.,0.));
#4363 = VECTOR('',#4364,1.);
#4364 = DIRECTION('',(0.,0.,1.));
#4365 = PCURVE('',#1688,#4366);
#4366 = DEFINITIONAL_REPRESENTATION('',(#4367),#4371);
#4367 = LINE('',#4368,#4369);
#4368 = CARTESIAN_POINT('',(0.,4.));
#4369 = VECTOR('',#4370,1.);
#4370 = DIRECTION('',(1.,0.));
#4371 = ( GEOMETRIC_REPRESENTATION_CONTEXT(2) 
PARAMETRIC_REPRESENTATION_CONTEXT() REPRESENTATION_CONTEXT('2D SPACE',''
  ) );
#4372 = PCURVE('',#1662,#4373);
#4373 = DEFINITIONAL_REPRESENTATION('',(#4374),#4378);
#4374 = LINE('',#4375,#4376);
#4375 = CARTESIAN_POINT('',(1.570796326795,0.));
#4376 = VECTOR('',#4377,1.);
#4377 = DIRECTION('',(0.,1.));
#4378 = ( GEOMETRIC_REPRESENTATION_CONTEXT(2) 
PARAMETRIC_REPRESENTATION_CONTEXT() REPRESENTATION_CONTEXT('2D SPACE',''
  ) );
#4379 = ORIENTED_EDGE('',*,*,#3253,.T.);
#4380 = ORIENTED_EDGE('',*,*,#4289,.T.);
#4381 = ADVANCED_FACE('',(#4382),#1255,.T.);
#4382 = FACE_BOUND('',#4383,.F.);
#4383 = EDGE_LOOP('',(#4384,#4385,#4386,#4387));
#4384 = ORIENTED_EDGE('',*,*,#1234,.T.);
#4385 = ORIENTED_EDGE('',*,*,#4332,.T.);
#4386 = ORIENTED_EDGE('',*,*,#2880,.F.);
#4387 = ORIENTED_EDGE('',*,*,#4388,.F.);
#4388 = EDGE_CURVE('',#1235,#2881,#4389,.T.);
#4389 = SURFACE_CURVE('',#4390,(#4394,#4401),.PCURVE_S1.);
#4390 = LINE('',#4391,#4392);
#4391 = CARTESIAN_POINT('',(32.480762113533,-3.741669750802,0.));
#4392 = VECTOR('',#4393,1.);
#4393 = DIRECTION('',(0.,0.,1.));
#4394 = PCURVE('',#1255,#4395);
#4395 = DEFINITIONAL_REPRESENTATION('',(#4396),#4400);
#4396 = LINE('',#4397,#4398);
#4397 = CARTESIAN_POINT('',(-0.,0.));
#4398 = VECTOR('',#4399,1.);
#4399 = DIRECTION('',(-0.,1.));
#4400 = ( GEOMETRIC_REPRESENTATION_CONTEXT(2) 
PARAMETRIC_REPRESENTATION_CONTEXT() REPRESENTATION_CONTEXT('2D SPACE',''
  ) );
#4401 = PCURVE('',#1283,#4402);
#4402 = DEFINITIONAL_REPRESENTATION('',(#4403),#4407);
#4403 = LINE('',#4404,#4405);
#4404 = CARTESIAN_POINT('',(0.,-30.));
#4405 = VECTOR('',#4406,1.);
#4406 = DIRECTION('',(1.,0.));
#4407 = ( GEOMETRIC_REPRESENTATION_CONTEXT(2) 
PARAMETRIC_REPRESENTATION_CONTEXT() REPRESENTATION_CONTEXT('2D SPACE',''
  ) );
#4408 = ADVANCED_FACE('',(#4409),#1662,.T.);
#4409 = FACE_BOUND('',#4410,.T.);
#4410 = EDGE_LOOP('',(#4411,#4412,#4413,#4414));
#4411 = ORIENTED_EDGE('',*,*,#1645,.T.);
#4412 = ORIENTED_EDGE('',*,*,#4359,.T.);
#4413 = ORIENTED_EDGE('',*,*,#3229,.F.);
#4414 = ORIENTED_EDGE('',*,*,#4415,.F.);
#4415 = EDGE_CURVE('',#1618,#3207,#4416,.T.);
#4416 = SURFACE_CURVE('',#4417,(#4421,#4428),.PCURVE_S1.);
#4417 = LINE('',#4418,#4419);
#4418 = CARTESIAN_POINT('',(13.,30.,0.));
#4419 = VECTOR('',#4420,1.);
#4420 = DIRECTION('',(0.,0.,1.));
#4421 = PCURVE('',#1662,#4422);
#4422 = DEFINITIONAL_REPRESENTATION('',(#4423),#4427);
#4423 = LINE('',#4424,#4425);
#4424 = CARTESIAN_POINT('',(0.,0.));
#4425 = VECTOR('',#4426,1.);
#4426 = DIRECTION('',(0.,1.));
#4427 = ( GEOMETRIC_REPRESENTATION_CONTEXT(2) 
PARAMETRIC_REPRESENTATION_CONTEXT() REPRESENTATION_CONTEXT('2D SPACE',''
  ) );
#4428 = PCURVE('',#1633,#4429);
#4429 = DEFINITIONAL_REPRESENTATION('',(#4430),#4434);
#4430 = LINE('',#4431,#4432);
#4431 = CARTESIAN_POINT('',(0.,-4.));
#4432 = VECTOR('',#4433,1.);
#4433 = DIRECTION('',(1.,0.));
#4434 = ( GEOMETRIC_REPRESENTATION_CONTEXT(2) 
PARAMETRIC_REPRESENTATION_CONTEXT() REPRESENTATION_CONTEXT('2D SPACE',''
  ) );
#4435 = ADVANCED_FACE('',(#4436),#1283,.F.);
#4436 = FACE_BOUND('',#4437,.F.);
#4437 = EDGE_LOOP('',(#4438,#4439,#4460,#4461));
#4438 = ORIENTED_EDGE('',*,*,#2908,.F.);
#4439 = ORIENTED_EDGE('',*,*,#4440,.F.);
#4440 = EDGE_CURVE('',#1268,#2909,#4441,.T.);
#4441 = SURFACE_CURVE('',#4442,(#4446,#4453),.PCURVE_S1.);
#4442 = LINE('',#4443,#4444);
#4443 = CARTESIAN_POINT('',(19.480762113533,-26.25833024919,0.));
#4444 = VECTOR('',#4445,1.);
#4445 = DIRECTION('',(0.,0.,1.));
#4446 = PCURVE('',#1283,#4447);
#4447 = DEFINITIONAL_REPRESENTATION('',(#4448),#4452);
#4448 = LINE('',#4449,#4450);
#4449 = CARTESIAN_POINT('',(0.,-4.));
#4450 = VECTOR('',#4451,1.);
#4451 = DIRECTION('',(1.,0.));
#4452 = ( GEOMETRIC_REPRESENTATION_CONTEXT(2) 
PARAMETRIC_REPRESENTATION_CONTEXT() REPRESENTATION_CONTEXT('2D SPACE',''
  ) );
#4453 = PCURVE('',#1312,#4454);
#4454 = DEFINITIONAL_REPRESENTATION('',(#4455),#4459);
#4455 = LINE('',#4456,#4457);
#4456 = CARTESIAN_POINT('',(0.,0.));
#4457 = VECTOR('',#4458,1.);
#4458 = DIRECTION('',(0.,1.));
#4459 = ( GEOMETRIC_REPRESENTATION_CONTEXT(2) 
PARAMETRIC_REPRESENTATION_CONTEXT() REPRESENTATION_CONTEXT('2D SPACE',''
  ) );
#4460 = ORIENTED_EDGE('',*,*,#1267,.T.);
#4461 = ORIENTED_EDGE('',*,*,#4388,.T.);
#4462 = ADVANCED_FACE('',(#4463),#1633,.F.);
#4463 = FACE_BOUND('',#4464,.F.);
#4464 = EDGE_LOOP('',(#4465,#4466,#4467,#4468));
#4465 = ORIENTED_EDGE('',*,*,#3206,.F.);
#4466 = ORIENTED_EDGE('',*,*,#4415,.F.);
#4467 = ORIENTED_EDGE('',*,*,#1617,.T.);
#4468 = ORIENTED_EDGE('',*,*,#4469,.T.);
#4469 = EDGE_CURVE('',#1585,#3179,#4470,.T.);
#4470 = SURFACE_CURVE('',#4471,(#4475,#4482),.PCURVE_S1.);
#4471 = LINE('',#4472,#4473);
#4472 = CARTESIAN_POINT('',(-13.,30.,0.));
#4473 = VECTOR('',#4474,1.);
#4474 = DIRECTION('',(0.,0.,1.));
#4475 = PCURVE('',#1633,#4476);
#4476 = DEFINITIONAL_REPRESENTATION('',(#4477),#4481);
#4477 = LINE('',#4478,#4479);
#4478 = CARTESIAN_POINT('',(0.,-30.));
#4479 = VECTOR('',#4480,1.);
#4480 = DIRECTION('',(1.,0.));
#4481 = ( GEOMETRIC_REPRESENTATION_CONTEXT(2) 
PARAMETRIC_REPRESENTATION_CONTEXT() REPRESENTATION_CONTEXT('2D SPACE',''
  ) );
#4482 = PCURVE('',#1605,#4483);
#4483 = DEFINITIONAL_REPRESENTATION('',(#4484),#4488);
#4484 = LINE('',#4485,#4486);
#4485 = CARTESIAN_POINT('',(-0.,0.));
#4486 = VECTOR('',#4487,1.);
#4487 = DIRECTION('',(-0.,1.));
#4488 = ( GEOMETRIC_REPRESENTATION_CONTEXT(2) 
PARAMETRIC_REPRESENTATION_CONTEXT() REPRESENTATION_CONTEXT('2D SPACE',''
  ) );
#4489 = ADVANCED_FACE('',(#4490),#1312,.T.);
#4490 = FACE_BOUND('',#4491,.T.);
#4491 = EDGE_LOOP('',(#4492,#4493,#4514,#4515));
#4492 = ORIENTED_EDGE('',*,*,#1295,.T.);
#4493 = ORIENTED_EDGE('',*,*,#4494,.T.);
#4494 = EDGE_CURVE('',#1296,#2932,#4495,.T.);
#4495 = SURFACE_CURVE('',#4496,(#4500,#4507),.PCURVE_S1.);
#4496 = LINE('',#4497,#4498);
#4497 = CARTESIAN_POINT('',(20.944863728671,-31.72243186433,0.));
#4498 = VECTOR('',#4499,1.);
#4499 = DIRECTION('',(0.,0.,1.));
#4500 = PCURVE('',#1312,#4501);
#4501 = DEFINITIONAL_REPRESENTATION('',(#4502),#4506);
#4502 = LINE('',#4503,#4504);
#4503 = CARTESIAN_POINT('',(1.570796326795,0.));
#4504 = VECTOR('',#4505,1.);
#4505 = DIRECTION('',(0.,1.));
#4506 = ( GEOMETRIC_REPRESENTATION_CONTEXT(2) 
PARAMETRIC_REPRESENTATION_CONTEXT() REPRESENTATION_CONTEXT('2D SPACE',''
  ) );
#4507 = PCURVE('',#1340,#4508);
#4508 = DEFINITIONAL_REPRESENTATION('',(#4509),#4513);
#4509 = LINE('',#4510,#4511);
#4510 = CARTESIAN_POINT('',(0.,4.));
#4511 = VECTOR('',#4512,1.);
#4512 = DIRECTION('',(1.,0.));
#4513 = ( GEOMETRIC_REPRESENTATION_CONTEXT(2) 
PARAMETRIC_REPRESENTATION_CONTEXT() REPRESENTATION_CONTEXT('2D SPACE',''
  ) );
#4514 = ORIENTED_EDGE('',*,*,#2931,.F.);
#4515 = ORIENTED_EDGE('',*,*,#4440,.F.);
#4516 = ADVANCED_FACE('',(#4517),#1605,.T.);
#4517 = FACE_BOUND('',#4518,.F.);
#4518 = EDGE_LOOP('',(#4519,#4520,#4541,#4542));
#4519 = ORIENTED_EDGE('',*,*,#1584,.T.);
#4520 = ORIENTED_EDGE('',*,*,#4521,.T.);
#4521 = EDGE_CURVE('',#1557,#3156,#4522,.T.);
#4522 = SURFACE_CURVE('',#4523,(#4527,#4534),.PCURVE_S1.);
#4523 = LINE('',#4524,#4525);
#4524 = CARTESIAN_POINT('',(-17.,34.,0.));
#4525 = VECTOR('',#4526,1.);
#4526 = DIRECTION('',(0.,0.,1.));
#4527 = PCURVE('',#1605,#4528);
#4528 = DEFINITIONAL_REPRESENTATION('',(#4529),#4533);
#4529 = LINE('',#4530,#4531);
#4530 = CARTESIAN_POINT('',(-1.570796326795,0.));
#4531 = VECTOR('',#4532,1.);
#4532 = DIRECTION('',(-0.,1.));
#4533 = ( GEOMETRIC_REPRESENTATION_CONTEXT(2) 
PARAMETRIC_REPRESENTATION_CONTEXT() REPRESENTATION_CONTEXT('2D SPACE',''
  ) );
#4534 = PCURVE('',#1572,#4535);
#4535 = DEFINITIONAL_REPRESENTATION('',(#4536),#4540);
#4536 = LINE('',#4537,#4538);
#4537 = CARTESIAN_POINT('',(0.,4.));
#4538 = VECTOR('',#4539,1.);
#4539 = DIRECTION('',(1.,0.));
#4540 = ( GEOMETRIC_REPRESENTATION_CONTEXT(2) 
PARAMETRIC_REPRESENTATION_CONTEXT() REPRESENTATION_CONTEXT('2D SPACE',''
  ) );
#4541 = ORIENTED_EDGE('',*,*,#3178,.F.);
#4542 = ORIENTED_EDGE('',*,*,#4469,.F.);
#4543 = ADVANCED_FACE('',(#4544),#1340,.F.);
#4544 = FACE_BOUND('',#4545,.F.);
#4545 = EDGE_LOOP('',(#4546,#4547,#4548,#4549));
#4546 = ORIENTED_EDGE('',*,*,#1324,.F.);
#4547 = ORIENTED_EDGE('',*,*,#4494,.T.);
#4548 = ORIENTED_EDGE('',*,*,#2955,.T.);
#4549 = ORIENTED_EDGE('',*,*,#4550,.T.);
#4550 = EDGE_CURVE('',#2956,#1325,#4551,.T.);
#4551 = SURFACE_CURVE('',#4552,(#4556,#4562),.PCURVE_S1.);
#4552 = LINE('',#4553,#4554);
#4553 = CARTESIAN_POINT('',(22.85681744055,-32.82629885456,0.));
#4554 = VECTOR('',#4555,1.);
#4555 = DIRECTION('',(-0.,-0.,-1.));
#4556 = PCURVE('',#1340,#4557);
#4557 = DEFINITIONAL_REPRESENTATION('',(#4558),#4561);
#4558 = B_SPLINE_CURVE_WITH_KNOTS('',1,(#4559,#4560),.UNSPECIFIED.,.F.,
  .F.,(2,2),(-8.0000006,6.E-07),.PIECEWISE_BEZIER_KNOTS.);
#4559 = CARTESIAN_POINT('',(8.0000006,6.207733980464));
#4560 = CARTESIAN_POINT('',(-6.E-07,6.207733980464));
#4561 = ( GEOMETRIC_REPRESENTATION_CONTEXT(2) 
PARAMETRIC_REPRESENTATION_CONTEXT() REPRESENTATION_CONTEXT('2D SPACE',''
  ) );
#4562 = PCURVE('',#1369,#4563);
#4563 = DEFINITIONAL_REPRESENTATION('',(#4564),#4567);
#4564 = B_SPLINE_CURVE_WITH_KNOTS('',1,(#4565,#4566),.UNSPECIFIED.,.F.,
  .F.,(2,2),(-8.0000006,6.E-07),.PIECEWISE_BEZIER_KNOTS.);
#4565 = CARTESIAN_POINT('',(-5.320624645972,-8.0000006));
#4566 = CARTESIAN_POINT('',(-5.320624645972,6.E-07));
#4567 = ( GEOMETRIC_REPRESENTATION_CONTEXT(2) 
PARAMETRIC_REPRESENTATION_CONTEXT() REPRESENTATION_CONTEXT('2D SPACE',''
  ) );
#4568 = ADVANCED_FACE('',(#4569),#1572,.T.);
#4569 = FACE_BOUND('',#4570,.T.);
#4570 = EDGE_LOOP('',(#4571,#4572,#4573,#4574));
#4571 = ORIENTED_EDGE('',*,*,#1556,.F.);
#4572 = ORIENTED_EDGE('',*,*,#4521,.T.);
#4573 = ORIENTED_EDGE('',*,*,#3155,.T.);
#4574 = ORIENTED_EDGE('',*,*,#4575,.T.);
#4575 = EDGE_CURVE('',#3128,#1528,#4576,.T.);
#4576 = SURFACE_CURVE('',#4577,(#4581,#4587),.PCURVE_S1.);
#4577 = LINE('',#4578,#4579);
#4578 = CARTESIAN_POINT('',(-17.,36.207733980463,0.));
#4579 = VECTOR('',#4580,1.);
#4580 = DIRECTION('',(-0.,-0.,-1.));
#4581 = PCURVE('',#1572,#4582);
#4582 = DEFINITIONAL_REPRESENTATION('',(#4583),#4586);
#4583 = B_SPLINE_CURVE_WITH_KNOTS('',1,(#4584,#4585),.UNSPECIFIED.,.F.,
  .F.,(2,2),(-8.0000006,6.E-07),.PIECEWISE_BEZIER_KNOTS.);
#4584 = CARTESIAN_POINT('',(8.0000006,6.207733980463));
#4585 = CARTESIAN_POINT('',(-6.E-07,6.207733980463));
#4586 = ( GEOMETRIC_REPRESENTATION_CONTEXT(2) 
PARAMETRIC_REPRESENTATION_CONTEXT() REPRESENTATION_CONTEXT('2D SPACE',''
  ) );
#4587 = PCURVE('',#1544,#4588);
#4588 = DEFINITIONAL_REPRESENTATION('',(#4589),#4592);
#4589 = B_SPLINE_CURVE_WITH_KNOTS('',1,(#4590,#4591),.UNSPECIFIED.,.F.,
  .F.,(2,2),(-8.,0.),.PIECEWISE_BEZIER_KNOTS.);
#4590 = CARTESIAN_POINT('',(-2.009758212405,-8.));
#4591 = CARTESIAN_POINT('',(-2.009758212405,0.));
#4592 = ( GEOMETRIC_REPRESENTATION_CONTEXT(2) 
PARAMETRIC_REPRESENTATION_CONTEXT() REPRESENTATION_CONTEXT('2D SPACE',''
  ) );
#4593 = ADVANCED_FACE('',(#4594),#1369,.F.);
#4594 = FACE_BOUND('',#4595,.T.);
#4595 = EDGE_LOOP('',(#4596,#4597,#4598,#4599));
#4596 = ORIENTED_EDGE('',*,*,#2978,.F.);
#4597 = ORIENTED_EDGE('',*,*,#4550,.T.);
#4598 = ORIENTED_EDGE('',*,*,#1352,.F.);
#4599 = ORIENTED_EDGE('',*,*,#4600,.F.);
#4600 = EDGE_CURVE('',#2979,#1353,#4601,.T.);
#4601 = SURFACE_CURVE('',#4602,(#4606,#4612),.PCURVE_S1.);
#4602 = LINE('',#4603,#4604);
#4603 = CARTESIAN_POINT('',(-22.85681744055,-32.82629885456,0.));
#4604 = VECTOR('',#4605,1.);
#4605 = DIRECTION('',(-0.,-0.,-1.));
#4606 = PCURVE('',#1369,#4607);
#4607 = DEFINITIONAL_REPRESENTATION('',(#4608),#4611);
#4608 = B_SPLINE_CURVE_WITH_KNOTS('',1,(#4609,#4610),.UNSPECIFIED.,.F.,
  .F.,(2,2),(-8.0000006,6.E-07),.PIECEWISE_BEZIER_KNOTS.);
#4609 = CARTESIAN_POINT('',(-4.104153314798,-8.0000006));
#4610 = CARTESIAN_POINT('',(-4.104153314798,6.E-07));
#4611 = ( GEOMETRIC_REPRESENTATION_CONTEXT(2) 
PARAMETRIC_REPRESENTATION_CONTEXT() REPRESENTATION_CONTEXT('2D SPACE',''
  ) );
#4612 = PCURVE('',#1397,#4613);
#4613 = DEFINITIONAL_REPRESENTATION('',(#4614),#4617);
#4614 = B_SPLINE_CURVE_WITH_KNOTS('',1,(#4615,#4616),.UNSPECIFIED.,.F.,
  .F.,(2,2),(-8.0000006,6.E-07),.PIECEWISE_BEZIER_KNOTS.);
#4615 = CARTESIAN_POINT('',(8.0000006,6.207733980463));
#4616 = CARTESIAN_POINT('',(-6.E-07,6.207733980463));
#4617 = ( GEOMETRIC_REPRESENTATION_CONTEXT(2) 
PARAMETRIC_REPRESENTATION_CONTEXT() REPRESENTATION_CONTEXT('2D SPACE',''
  ) );
#4618 = ADVANCED_FACE('',(#4619),#1544,.F.);
#4619 = FACE_BOUND('',#4620,.T.);
#4620 = EDGE_LOOP('',(#4621,#4622,#4641,#4642));
#4621 = ORIENTED_EDGE('',*,*,#3127,.F.);
#4622 = ORIENTED_EDGE('',*,*,#4623,.T.);
#4623 = EDGE_CURVE('',#3105,#1500,#4624,.T.);
#4624 = SURFACE_CURVE('',#4625,(#4629,#4635),.PCURVE_S1.);
#4625 = LINE('',#4626,#4627);
#4626 = CARTESIAN_POINT('',(-39.85681744055,-3.381435125896,0.));
#4627 = VECTOR('',#4628,1.);
#4628 = DIRECTION('',(-0.,-0.,-1.));
#4629 = PCURVE('',#1544,#4630);
#4630 = DEFINITIONAL_REPRESENTATION('',(#4631),#4634);
#4631 = B_SPLINE_CURVE_WITH_KNOTS('',1,(#4632,#4633),.UNSPECIFIED.,.F.,
  .F.,(2,2),(-8.0000006,6.E-07),.PIECEWISE_BEZIER_KNOTS.);
#4632 = CARTESIAN_POINT('',(-3.226229543578,-8.0000006));
#4633 = CARTESIAN_POINT('',(-3.226229543578,6.E-07));
#4634 = ( GEOMETRIC_REPRESENTATION_CONTEXT(2) 
PARAMETRIC_REPRESENTATION_CONTEXT() REPRESENTATION_CONTEXT('2D SPACE',''
  ) );
#4635 = PCURVE('',#1515,#4636);
#4636 = DEFINITIONAL_REPRESENTATION('',(#4637),#4640);
#4637 = B_SPLINE_CURVE_WITH_KNOTS('',1,(#4638,#4639),.UNSPECIFIED.,.F.,
  .F.,(2,2),(-8.0000006,6.E-07),.PIECEWISE_BEZIER_KNOTS.);
#4638 = CARTESIAN_POINT('',(8.0000006,6.207733980463));
#4639 = CARTESIAN_POINT('',(-6.E-07,6.207733980463));
#4640 = ( GEOMETRIC_REPRESENTATION_CONTEXT(2) 
PARAMETRIC_REPRESENTATION_CONTEXT() REPRESENTATION_CONTEXT('2D SPACE',''
  ) );
#4641 = ORIENTED_EDGE('',*,*,#1527,.F.);
#4642 = ORIENTED_EDGE('',*,*,#4575,.F.);
#4643 = ADVANCED_FACE('',(#4644),#1397,.T.);
#4644 = FACE_BOUND('',#4645,.T.);
#4645 = EDGE_LOOP('',(#4646,#4647,#4668,#4669));
#4646 = ORIENTED_EDGE('',*,*,#1381,.F.);
#4647 = ORIENTED_EDGE('',*,*,#4648,.T.);
#4648 = EDGE_CURVE('',#1382,#3007,#4649,.T.);
#4649 = SURFACE_CURVE('',#4650,(#4654,#4661),.PCURVE_S1.);
#4650 = LINE('',#4651,#4652);
#4651 = CARTESIAN_POINT('',(-20.94486372867,-31.72243186433,0.));
#4652 = VECTOR('',#4653,1.);
#4653 = DIRECTION('',(0.,0.,1.));
#4654 = PCURVE('',#1397,#4655);
#4655 = DEFINITIONAL_REPRESENTATION('',(#4656),#4660);
#4656 = LINE('',#4657,#4658);
#4657 = CARTESIAN_POINT('',(0.,4.));
#4658 = VECTOR('',#4659,1.);
#4659 = DIRECTION('',(1.,0.));
#4660 = ( GEOMETRIC_REPRESENTATION_CONTEXT(2) 
PARAMETRIC_REPRESENTATION_CONTEXT() REPRESENTATION_CONTEXT('2D SPACE',''
  ) );
#4661 = PCURVE('',#1430,#4662);
#4662 = DEFINITIONAL_REPRESENTATION('',(#4663),#4667);
#4663 = LINE('',#4664,#4665);
#4664 = CARTESIAN_POINT('',(-1.570796326795,0.));
#4665 = VECTOR('',#4666,1.);
#4666 = DIRECTION('',(-0.,1.));
#4667 = ( GEOMETRIC_REPRESENTATION_CONTEXT(2) 
PARAMETRIC_REPRESENTATION_CONTEXT() REPRESENTATION_CONTEXT('2D SPACE',''
  ) );
#4668 = ORIENTED_EDGE('',*,*,#3006,.T.);
#4669 = ORIENTED_EDGE('',*,*,#4600,.T.);
#4670 = ADVANCED_FACE('',(#4671),#1515,.F.);
#4671 = FACE_BOUND('',#4672,.F.);
#4672 = EDGE_LOOP('',(#4673,#4674,#4695,#4696));
#4673 = ORIENTED_EDGE('',*,*,#1499,.F.);
#4674 = ORIENTED_EDGE('',*,*,#4675,.T.);
#4675 = EDGE_CURVE('',#1471,#3081,#4676,.T.);
#4676 = SURFACE_CURVE('',#4677,(#4681,#4688),.PCURVE_S1.);
#4677 = LINE('',#4678,#4679);
#4678 = CARTESIAN_POINT('',(-37.94486372867,-2.277568135665,0.));
#4679 = VECTOR('',#4680,1.);
#4680 = DIRECTION('',(0.,0.,1.));
#4681 = PCURVE('',#1515,#4682);
#4682 = DEFINITIONAL_REPRESENTATION('',(#4683),#4687);
#4683 = LINE('',#4684,#4685);
#4684 = CARTESIAN_POINT('',(0.,4.));
#4685 = VECTOR('',#4686,1.);
#4686 = DIRECTION('',(1.,0.));
#4687 = ( GEOMETRIC_REPRESENTATION_CONTEXT(2) 
PARAMETRIC_REPRESENTATION_CONTEXT() REPRESENTATION_CONTEXT('2D SPACE',''
  ) );
#4688 = PCURVE('',#1487,#4689);
#4689 = DEFINITIONAL_REPRESENTATION('',(#4690),#4694);
#4690 = LINE('',#4691,#4692);
#4691 = CARTESIAN_POINT('',(1.570796326795,0.));
#4692 = VECTOR('',#4693,1.);
#4693 = DIRECTION('',(0.,1.));
#4694 = ( GEOMETRIC_REPRESENTATION_CONTEXT(2) 
PARAMETRIC_REPRESENTATION_CONTEXT() REPRESENTATION_CONTEXT('2D SPACE',''
  ) );
#4695 = ORIENTED_EDGE('',*,*,#3104,.T.);
#4696 = ORIENTED_EDGE('',*,*,#4623,.T.);
#4697 = ADVANCED_FACE('',(#4698),#1430,.T.);
#4698 = FACE_BOUND('',#4699,.F.);
#4699 = EDGE_LOOP('',(#4700,#4701,#4702,#4703));
#4700 = ORIENTED_EDGE('',*,*,#1409,.T.);
#4701 = ORIENTED_EDGE('',*,*,#4648,.T.);
#4702 = ORIENTED_EDGE('',*,*,#3029,.F.);
#4703 = ORIENTED_EDGE('',*,*,#4704,.F.);
#4704 = EDGE_CURVE('',#1410,#3030,#4705,.T.);
#4705 = SURFACE_CURVE('',#4706,(#4710,#4717),.PCURVE_S1.);
#4706 = LINE('',#4707,#4708);
#4707 = CARTESIAN_POINT('',(-19.48076211353,-26.25833024919,0.));
#4708 = VECTOR('',#4709,1.);
#4709 = DIRECTION('',(0.,0.,1.));
#4710 = PCURVE('',#1430,#4711);
#4711 = DEFINITIONAL_REPRESENTATION('',(#4712),#4716);
#4712 = LINE('',#4713,#4714);
#4713 = CARTESIAN_POINT('',(-0.,0.));
#4714 = VECTOR('',#4715,1.);
#4715 = DIRECTION('',(-0.,1.));
#4716 = ( GEOMETRIC_REPRESENTATION_CONTEXT(2) 
PARAMETRIC_REPRESENTATION_CONTEXT() REPRESENTATION_CONTEXT('2D SPACE',''
  ) );
#4717 = PCURVE('',#1458,#4718);
#4718 = DEFINITIONAL_REPRESENTATION('',(#4719),#4723);
#4719 = LINE('',#4720,#4721);
#4720 = CARTESIAN_POINT('',(0.,-30.));
#4721 = VECTOR('',#4722,1.);
#4722 = DIRECTION('',(1.,0.));
#4723 = ( GEOMETRIC_REPRESENTATION_CONTEXT(2) 
PARAMETRIC_REPRESENTATION_CONTEXT() REPRESENTATION_CONTEXT('2D SPACE',''
  ) );
#4724 = ADVANCED_FACE('',(#4725),#1487,.T.);
#4725 = FACE_BOUND('',#4726,.T.);
#4726 = EDGE_LOOP('',(#4727,#4728,#4729,#4730));
#4727 = ORIENTED_EDGE('',*,*,#1470,.T.);
#4728 = ORIENTED_EDGE('',*,*,#4675,.T.);
#4729 = ORIENTED_EDGE('',*,*,#3080,.F.);
#4730 = ORIENTED_EDGE('',*,*,#4731,.F.);
#4731 = EDGE_CURVE('',#1443,#3058,#4732,.T.);
#4732 = SURFACE_CURVE('',#4733,(#4737,#4744),.PCURVE_S1.);
#4733 = LINE('',#4734,#4735);
#4734 = CARTESIAN_POINT('',(-32.48076211353,-3.741669750802,0.));
#4735 = VECTOR('',#4736,1.);
#4736 = DIRECTION('',(0.,0.,1.));
#4737 = PCURVE('',#1487,#4738);
#4738 = DEFINITIONAL_REPRESENTATION('',(#4739),#4743);
#4739 = LINE('',#4740,#4741);
#4740 = CARTESIAN_POINT('',(0.,0.));
#4741 = VECTOR('',#4742,1.);
#4742 = DIRECTION('',(0.,1.));
#4743 = ( GEOMETRIC_REPRESENTATION_CONTEXT(2) 
PARAMETRIC_REPRESENTATION_CONTEXT() REPRESENTATION_CONTEXT('2D SPACE',''
  ) );
#4744 = PCURVE('',#1458,#4745);
#4745 = DEFINITIONAL_REPRESENTATION('',(#4746),#4750);
#4746 = LINE('',#4747,#4748);
#4747 = CARTESIAN_POINT('',(0.,-4.));
#4748 = VECTOR('',#4749,1.);
#4749 = DIRECTION('',(1.,0.));
#4750 = ( GEOMETRIC_REPRESENTATION_CONTEXT(2) 
PARAMETRIC_REPRESENTATION_CONTEXT() REPRESENTATION_CONTEXT('2D SPACE',''
  ) );
#4751 = ADVANCED_FACE('',(#4752),#1458,.F.);
#4752 = FACE_BOUND('',#4753,.F.);
#4753 = EDGE_LOOP('',(#4754,#4755,#4756,#4757));
#4754 = ORIENTED_EDGE('',*,*,#3057,.F.);
#4755 = ORIENTED_EDGE('',*,*,#4731,.F.);
#4756 = ORIENTED_EDGE('',*,*,#1442,.T.);
#4757 = ORIENTED_EDGE('',*,*,#4704,.T.);
#4758 = ADVANCED_FACE('',(#4759),#1723,.F.);
#4759 = FACE_BOUND('',#4760,.T.);
#4760 = EDGE_LOOP('',(#4761,#4762,#4783,#4784));
#4761 = ORIENTED_EDGE('',*,*,#1702,.T.);
#4762 = ORIENTED_EDGE('',*,*,#4763,.T.);
#4763 = EDGE_CURVE('',#1703,#3277,#4764,.T.);
#4764 = SEAM_CURVE('',#4765,(#4769,#4776),.PCURVE_S1.);
#4765 = LINE('',#4766,#4767);
#4766 = CARTESIAN_POINT('',(-55.87370205355,33.5,-1.));
#4767 = VECTOR('',#4768,1.);
#4768 = DIRECTION('',(0.,0.,1.));
#4769 = PCURVE('',#1723,#4770);
#4770 = DEFINITIONAL_REPRESENTATION('',(#4771),#4775);
#4771 = LINE('',#4772,#4773);
#4772 = CARTESIAN_POINT('',(-6.28318530718,0.));
#4773 = VECTOR('',#4774,1.);
#4774 = DIRECTION('',(-0.,-1.));
#4775 = ( GEOMETRIC_REPRESENTATION_CONTEXT(2) 
PARAMETRIC_REPRESENTATION_CONTEXT() REPRESENTATION_CONTEXT('2D SPACE',''
  ) );
#4776 = PCURVE('',#1723,#4777);
#4777 = DEFINITIONAL_REPRESENTATION('',(#4778),#4782);
#4778 = LINE('',#4779,#4780);
#4779 = CARTESIAN_POINT('',(-0.,0.));
#4780 = VECTOR('',#4781,1.);
#4781 = DIRECTION('',(-0.,-1.));
#4782 = ( GEOMETRIC_REPRESENTATION_CONTEXT(2) 
PARAMETRIC_REPRESENTATION_CONTEXT() REPRESENTATION_CONTEXT('2D SPACE',''
  ) );
#4783 = ORIENTED_EDGE('',*,*,#3276,.F.);
#4784 = ORIENTED_EDGE('',*,*,#4763,.F.);
#4785 = ADVANCED_FACE('',(#4786),#1758,.F.);
#4786 = FACE_BOUND('',#4787,.T.);
#4787 = EDGE_LOOP('',(#4788,#4789,#4810,#4811));
#4788 = ORIENTED_EDGE('',*,*,#1737,.T.);
#4789 = ORIENTED_EDGE('',*,*,#4790,.T.);
#4790 = EDGE_CURVE('',#1738,#3307,#4791,.T.);
#4791 = SEAM_CURVE('',#4792,(#4796,#4803),.PCURVE_S1.);
#4792 = LINE('',#4793,#4794);
#4793 = CARTESIAN_POINT('',(-10.3,35.,-1.));
#4794 = VECTOR('',#4795,1.);
#4795 = DIRECTION('',(0.,0.,1.));
#4796 = PCURVE('',#1758,#4797);
#4797 = DEFINITIONAL_REPRESENTATION('',(#4798),#4802);
#4798 = LINE('',#4799,#4800);
#4799 = CARTESIAN_POINT('',(-6.28318530718,0.));
#4800 = VECTOR('',#4801,1.);
#4801 = DIRECTION('',(-0.,-1.));
#4802 = ( GEOMETRIC_REPRESENTATION_CONTEXT(2) 
PARAMETRIC_REPRESENTATION_CONTEXT() REPRESENTATION_CONTEXT('2D SPACE',''
  ) );
#4803 = PCURVE('',#1758,#4804);
#4804 = DEFINITIONAL_REPRESENTATION('',(#4805),#4809);
#4805 = LINE('',#4806,#4807);
#4806 = CARTESIAN_POINT('',(-0.,0.));
#4807 = VECTOR('',#4808,1.);
#4808 = DIRECTION('',(-0.,-1.));
#4809 = ( GEOMETRIC_REPRESENTATION_CONTEXT(2) 
PARAMETRIC_REPRESENTATION_CONTEXT() REPRESENTATION_CONTEXT('2D SPACE',''
  ) );
#4810 = ORIENTED_EDGE('',*,*,#3306,.F.);
#4811 = ORIENTED_EDGE('',*,*,#4790,.F.);
#4812 = ADVANCED_FACE('',(#4813),#1793,.F.);
#4813 = FACE_BOUND('',#4814,.T.);
#4814 = EDGE_LOOP('',(#4815,#4816,#4837,#4838));
#4815 = ORIENTED_EDGE('',*,*,#1772,.T.);
#4816 = ORIENTED_EDGE('',*,*,#4817,.T.);
#4817 = EDGE_CURVE('',#1773,#3337,#4818,.T.);
#4818 = SEAM_CURVE('',#4819,(#4823,#4830),.PCURVE_S1.);
#4819 = LINE('',#4820,#4821);
#4820 = CARTESIAN_POINT('',(-10.3,105.,-1.));
#4821 = VECTOR('',#4822,1.);
#4822 = DIRECTION('',(0.,0.,1.));
#4823 = PCURVE('',#1793,#4824);
#4824 = DEFINITIONAL_REPRESENTATION('',(#4825),#4829);
#4825 = LINE('',#4826,#4827);
#4826 = CARTESIAN_POINT('',(-6.28318530718,0.));
#4827 = VECTOR('',#4828,1.);
#4828 = DIRECTION('',(-0.,-1.));
#4829 = ( GEOMETRIC_REPRESENTATION_CONTEXT(2) 
PARAMETRIC_REPRESENTATION_CONTEXT() REPRESENTATION_CONTEXT('2D SPACE',''
  ) );
#4830 = PCURVE('',#1793,#4831);
#4831 = DEFINITIONAL_REPRESENTATION('',(#4832),#4836);
#4832 = LINE('',#4833,#4834);
#4833 = CARTESIAN_POINT('',(-0.,0.));
#4834 = VECTOR('',#4835,1.);
#4835 = DIRECTION('',(-0.,-1.));
#4836 = ( GEOMETRIC_REPRESENTATION_CONTEXT(2) 
PARAMETRIC_REPRESENTATION_CONTEXT() REPRESENTATION_CONTEXT('2D SPACE',''
  ) );
#4837 = ORIENTED_EDGE('',*,*,#3336,.F.);
#4838 = ORIENTED_EDGE('',*,*,#4817,.F.);
#4839 = ADVANCED_FACE('',(#4840),#1828,.F.);
#4840 = FACE_BOUND('',#4841,.T.);
#4841 = EDGE_LOOP('',(#4842,#4843,#4864,#4865));
#4842 = ORIENTED_EDGE('',*,*,#1807,.T.);
#4843 = ORIENTED_EDGE('',*,*,#4844,.T.);
#4844 = EDGE_CURVE('',#1808,#3367,#4845,.T.);
#4845 = SEAM_CURVE('',#4846,(#4850,#4857),.PCURVE_S1.);
#4846 = LINE('',#4847,#4848);
#4847 = CARTESIAN_POINT('',(13.7,35.,-1.));
#4848 = VECTOR('',#4849,1.);
#4849 = DIRECTION('',(0.,0.,1.));
#4850 = PCURVE('',#1828,#4851);
#4851 = DEFINITIONAL_REPRESENTATION('',(#4852),#4856);
#4852 = LINE('',#4853,#4854);
#4853 = CARTESIAN_POINT('',(-6.28318530718,0.));
#4854 = VECTOR('',#4855,1.);
#4855 = DIRECTION('',(-0.,-1.));
#4856 = ( GEOMETRIC_REPRESENTATION_CONTEXT(2) 
PARAMETRIC_REPRESENTATION_CONTEXT() REPRESENTATION_CONTEXT('2D SPACE',''
  ) );
#4857 = PCURVE('',#1828,#4858);
#4858 = DEFINITIONAL_REPRESENTATION('',(#4859),#4863);
#4859 = LINE('',#4860,#4861);
#4860 = CARTESIAN_POINT('',(-0.,0.));
#4861 = VECTOR('',#4862,1.);
#4862 = DIRECTION('',(-0.,-1.));
#4863 = ( GEOMETRIC_REPRESENTATION_CONTEXT(2) 
PARAMETRIC_REPRESENTATION_CONTEXT() REPRESENTATION_CONTEXT('2D SPACE',''
  ) );
#4864 = ORIENTED_EDGE('',*,*,#3366,.F.);
#4865 = ORIENTED_EDGE('',*,*,#4844,.F.);
#4866 = ADVANCED_FACE('',(#4867),#1863,.F.);
#4867 = FACE_BOUND('',#4868,.T.);
#4868 = EDGE_LOOP('',(#4869,#4870,#4891,#4892));
#4869 = ORIENTED_EDGE('',*,*,#1842,.T.);
#4870 = ORIENTED_EDGE('',*,*,#4871,.T.);
#4871 = EDGE_CURVE('',#1843,#3397,#4872,.T.);
#4872 = SEAM_CURVE('',#4873,(#4877,#4884),.PCURVE_S1.);
#4873 = LINE('',#4874,#4875);
#4874 = CARTESIAN_POINT('',(60.173702053557,33.5,-1.));
#4875 = VECTOR('',#4876,1.);
#4876 = DIRECTION('',(0.,0.,1.));
#4877 = PCURVE('',#1863,#4878);
#4878 = DEFINITIONAL_REPRESENTATION('',(#4879),#4883);
#4879 = LINE('',#4880,#4881);
#4880 = CARTESIAN_POINT('',(-6.28318530718,0.));
#4881 = VECTOR('',#4882,1.);
#4882 = DIRECTION('',(-0.,-1.));
#4883 = ( GEOMETRIC_REPRESENTATION_CONTEXT(2) 
PARAMETRIC_REPRESENTATION_CONTEXT() REPRESENTATION_CONTEXT('2D SPACE',''
  ) );
#4884 = PCURVE('',#1863,#4885);
#4885 = DEFINITIONAL_REPRESENTATION('',(#4886),#4890);
#4886 = LINE('',#4887,#4888);
#4887 = CARTESIAN_POINT('',(-0.,0.));
#4888 = VECTOR('',#4889,1.);
#4889 = DIRECTION('',(-0.,-1.));
#4890 = ( GEOMETRIC_REPRESENTATION_CONTEXT(2) 
PARAMETRIC_REPRESENTATION_CONTEXT() REPRESENTATION_CONTEXT('2D SPACE',''
  ) );
#4891 = ORIENTED_EDGE('',*,*,#3396,.F.);
#4892 = ORIENTED_EDGE('',*,*,#4871,.F.);
#4893 = ADVANCED_FACE('',(#4894),#1898,.F.);
#4894 = FACE_BOUND('',#4895,.T.);
#4895 = EDGE_LOOP('',(#4896,#4897,#4918,#4919));
#4896 = ORIENTED_EDGE('',*,*,#1877,.T.);
#4897 = ORIENTED_EDGE('',*,*,#4898,.T.);
#4898 = EDGE_CURVE('',#1878,#3427,#4899,.T.);
#4899 = SEAM_CURVE('',#4900,(#4904,#4911),.PCURVE_S1.);
#4900 = LINE('',#4901,#4902);
#4901 = CARTESIAN_POINT('',(1.7,107.,-1.));
#4902 = VECTOR('',#4903,1.);
#4903 = DIRECTION('',(0.,0.,1.));
#4904 = PCURVE('',#1898,#4905);
#4905 = DEFINITIONAL_REPRESENTATION('',(#4906),#4910);
#4906 = LINE('',#4907,#4908);
#4907 = CARTESIAN_POINT('',(-6.28318530718,0.));
#4908 = VECTOR('',#4909,1.);
#4909 = DIRECTION('',(-0.,-1.));
#4910 = ( GEOMETRIC_REPRESENTATION_CONTEXT(2) 
PARAMETRIC_REPRESENTATION_CONTEXT() REPRESENTATION_CONTEXT('2D SPACE',''
  ) );
#4911 = PCURVE('',#1898,#4912);
#4912 = DEFINITIONAL_REPRESENTATION('',(#4913),#4917);
#4913 = LINE('',#4914,#4915);
#4914 = CARTESIAN_POINT('',(-0.,0.));
#4915 = VECTOR('',#4916,1.);
#4916 = DIRECTION('',(-0.,-1.));
#4917 = ( GEOMETRIC_REPRESENTATION_CONTEXT(2) 
PARAMETRIC_REPRESENTATION_CONTEXT() REPRESENTATION_CONTEXT('2D SPACE',''
  ) );
#4918 = ORIENTED_EDGE('',*,*,#3426,.F.);
#4919 = ORIENTED_EDGE('',*,*,#4898,.F.);
#4920 = ADVANCED_FACE('',(#4921),#1933,.F.);
#4921 = FACE_BOUND('',#4922,.T.);
#4922 = EDGE_LOOP('',(#4923,#4924,#4945,#4946));
#4923 = ORIENTED_EDGE('',*,*,#1912,.T.);
#4924 = ORIENTED_EDGE('',*,*,#4925,.T.);
#4925 = EDGE_CURVE('',#1913,#3457,#4926,.T.);
#4926 = SEAM_CURVE('',#4927,(#4931,#4938),.PCURVE_S1.);
#4927 = LINE('',#4928,#4929);
#4928 = CARTESIAN_POINT('',(13.7,105.,-1.));
#4929 = VECTOR('',#4930,1.);
#4930 = DIRECTION('',(0.,0.,1.));
#4931 = PCURVE('',#1933,#4932);
#4932 = DEFINITIONAL_REPRESENTATION('',(#4933),#4937);
#4933 = LINE('',#4934,#4935);
#4934 = CARTESIAN_POINT('',(-6.28318530718,0.));
#4935 = VECTOR('',#4936,1.);
#4936 = DIRECTION('',(-0.,-1.));
#4937 = ( GEOMETRIC_REPRESENTATION_CONTEXT(2) 
PARAMETRIC_REPRESENTATION_CONTEXT() REPRESENTATION_CONTEXT('2D SPACE',''
  ) );
#4938 = PCURVE('',#1933,#4939);
#4939 = DEFINITIONAL_REPRESENTATION('',(#4940),#4944);
#4940 = LINE('',#4941,#4942);
#4941 = CARTESIAN_POINT('',(-0.,0.));
#4942 = VECTOR('',#4943,1.);
#4943 = DIRECTION('',(-0.,-1.));
#4944 = ( GEOMETRIC_REPRESENTATION_CONTEXT(2) 
PARAMETRIC_REPRESENTATION_CONTEXT() REPRESENTATION_CONTEXT('2D SPACE',''
  ) );
#4945 = ORIENTED_EDGE('',*,*,#3456,.F.);
#4946 = ORIENTED_EDGE('',*,*,#4925,.F.);
#4947 = ( GEOMETRIC_REPRESENTATION_CONTEXT(3) 
GLOBAL_UNCERTAINTY_ASSIGNED_CONTEXT((#4951)) 
GLOBAL_UNIT_ASSIGNED_CONTEXT((#4948,#4949,#4950)) REPRESENTATION_CONTEXT
('Context #1','3D Context with UNIT and UNCERTAINTY') );
#4948 = ( LENGTH_UNIT() NAMED_UNIT(*) SI_UNIT(.MILLI.,.METRE.) );
#4949 = ( NAMED_UNIT(*) PLANE_ANGLE_UNIT() SI_UNIT($,.RADIAN.) );
#4950 = ( NAMED_UNIT(*) SI_UNIT($,.STERADIAN.) SOLID_ANGLE_UNIT() );
#4951 = UNCERTAINTY_MEASURE_WITH_UNIT(LENGTH_MEASURE(1.E-07),#4948,
  'distance_accuracy_value','confusion accuracy');
#4952 = CONTEXT_DEPENDENT_SHAPE_REPRESENTATION(#4953,#4955);
#4953 = ( REPRESENTATION_RELATIONSHIP('','',#60,#10) 
REPRESENTATION_RELATIONSHIP_WITH_TRANSFORMATION(#4954) 
SHAPE_REPRESENTATION_RELATIONSHIP() );
#4954 = ITEM_DEFINED_TRANSFORMATION('','',#11,#15);
#4955 = PRODUCT_DEFINITION_SHAPE('Placement','Placement of an item',
  #4956);
#4956 = NEXT_ASSEMBLY_USAGE_OCCURRENCE('15','body','',#5,#55,$);
#4957 = PRODUCT_RELATED_PRODUCT_CATEGORY('part',$,(#57));
#4958 = SHAPE_DEFINITION_REPRESENTATION(#4959,#4965);
#4959 = PRODUCT_DEFINITION_SHAPE('','',#4960);
#4960 = PRODUCT_DEFINITION('design','',#4961,#4964);
#4961 = PRODUCT_DEFINITION_FORMATION('','',#4962);
#4962 = PRODUCT('guide_1','guide_1','',(#4963));
#4963 = PRODUCT_CONTEXT('',#2,'mechanical');
#4964 = PRODUCT_DEFINITION_CONTEXT('part definition',#2,'design');
#4965 = ADVANCED_BREP_SHAPE_REPRESENTATION('',(#11,#4966),#6314);
#4966 = MANIFOLD_SOLID_BREP('',#4967);
#4967 = CLOSED_SHELL('',(#4968,#5088,#5428,#5478,#5532,#5883,#5910,#5937
    ,#5964,#5991,#5998,#6025,#6052,#6079,#6106,#6182,#6231,#6280,#6307)
  );
#4968 = ADVANCED_FACE('',(#4969),#4983,.F.);
#4969 = FACE_BOUND('',#4970,.F.);
#4970 = EDGE_LOOP('',(#4971,#5006,#5034,#5062));
#4971 = ORIENTED_EDGE('',*,*,#4972,.F.);
#4972 = EDGE_CURVE('',#4973,#4975,#4977,.T.);
#4973 = VERTEX_POINT('',#4974);
#4974 = CARTESIAN_POINT('',(-42.5,-12.,9.));
#4975 = VERTEX_POINT('',#4976);
#4976 = CARTESIAN_POINT('',(-42.5,12.,9.));
#4977 = SURFACE_CURVE('',#4978,(#4982,#4994),.PCURVE_S1.);
#4978 = LINE('',#4979,#4980);
#4979 = CARTESIAN_POINT('',(-42.5,-15.,9.));
#4980 = VECTOR('',#4981,1.);
#4981 = DIRECTION('',(0.,1.,0.));
#4982 = PCURVE('',#4983,#4988);
#4983 = PLANE('',#4984);
#4984 = AXIS2_PLACEMENT_3D('',#4985,#4986,#4987);
#4985 = CARTESIAN_POINT('',(-42.5,-15.,0.));
#4986 = DIRECTION('',(1.,0.,0.));
#4987 = DIRECTION('',(0.,0.,1.));
#4988 = DEFINITIONAL_REPRESENTATION('',(#4989),#4993);
#4989 = LINE('',#4990,#4991);
#4990 = CARTESIAN_POINT('',(9.,0.));
#4991 = VECTOR('',#4992,1.);
#4992 = DIRECTION('',(0.,-1.));
#4993 = ( GEOMETRIC_REPRESENTATION_CONTEXT(2) 
PARAMETRIC_REPRESENTATION_CONTEXT() REPRESENTATION_CONTEXT('2D SPACE',''
  ) );
#4994 = PCURVE('',#4995,#5000);
#4995 = PLANE('',#4996);
#4996 = AXIS2_PLACEMENT_3D('',#4997,#4998,#4999);
#4997 = CARTESIAN_POINT('',(-42.5,-15.,9.));
#4998 = DIRECTION('',(0.,0.,1.));
#4999 = DIRECTION('',(1.,0.,0.));
#5000 = DEFINITIONAL_REPRESENTATION('',(#5001),#5005);
#5001 = LINE('',#5002,#5003);
#5002 = CARTESIAN_POINT('',(0.,0.));
#5003 = VECTOR('',#5004,1.);
#5004 = DIRECTION('',(0.,1.));
#5005 = ( GEOMETRIC_REPRESENTATION_CONTEXT(2) 
PARAMETRIC_REPRESENTATION_CONTEXT() REPRESENTATION_CONTEXT('2D SPACE',''
  ) );
#5006 = ORIENTED_EDGE('',*,*,#5007,.F.);
#5007 = EDGE_CURVE('',#5008,#4973,#5010,.T.);
#5008 = VERTEX_POINT('',#5009);
#5009 = CARTESIAN_POINT('',(-42.5,-12.,0.));
#5010 = SURFACE_CURVE('',#5011,(#5015,#5022),.PCURVE_S1.);
#5011 = LINE('',#5012,#5013);
#5012 = CARTESIAN_POINT('',(-42.5,-12.,0.));
#5013 = VECTOR('',#5014,1.);
#5014 = DIRECTION('',(0.,0.,1.));
#5015 = PCURVE('',#4983,#5016);
#5016 = DEFINITIONAL_REPRESENTATION('',(#5017),#5021);
#5017 = LINE('',#5018,#5019);
#5018 = CARTESIAN_POINT('',(0.,-3.));
#5019 = VECTOR('',#5020,1.);
#5020 = DIRECTION('',(1.,0.));
#5021 = ( GEOMETRIC_REPRESENTATION_CONTEXT(2) 
PARAMETRIC_REPRESENTATION_CONTEXT() REPRESENTATION_CONTEXT('2D SPACE',''
  ) );
#5022 = PCURVE('',#5023,#5028);
#5023 = CYLINDRICAL_SURFACE('',#5024,3.);
#5024 = AXIS2_PLACEMENT_3D('',#5025,#5026,#5027);
#5025 = CARTESIAN_POINT('',(-39.5,-12.,0.));
#5026 = DIRECTION('',(0.,0.,1.));
#5027 = DIRECTION('',(-1.,-0.,0.));
#5028 = DEFINITIONAL_REPRESENTATION('',(#5029),#5033);
#5029 = LINE('',#5030,#5031);
#5030 = CARTESIAN_POINT('',(0.,0.));
#5031 = VECTOR('',#5032,1.);
#5032 = DIRECTION('',(0.,1.));
#5033 = ( GEOMETRIC_REPRESENTATION_CONTEXT(2) 
PARAMETRIC_REPRESENTATION_CONTEXT() REPRESENTATION_CONTEXT('2D SPACE',''
  ) );
#5034 = ORIENTED_EDGE('',*,*,#5035,.T.);
#5035 = EDGE_CURVE('',#5008,#5036,#5038,.T.);
#5036 = VERTEX_POINT('',#5037);
#5037 = CARTESIAN_POINT('',(-42.5,12.,0.));
#5038 = SURFACE_CURVE('',#5039,(#5043,#5050),.PCURVE_S1.);
#5039 = LINE('',#5040,#5041);
#5040 = CARTESIAN_POINT('',(-42.5,-15.,0.));
#5041 = VECTOR('',#5042,1.);
#5042 = DIRECTION('',(0.,1.,0.));
#5043 = PCURVE('',#4983,#5044);
#5044 = DEFINITIONAL_REPRESENTATION('',(#5045),#5049);
#5045 = LINE('',#5046,#5047);
#5046 = CARTESIAN_POINT('',(0.,0.));
#5047 = VECTOR('',#5048,1.);
#5048 = DIRECTION('',(0.,-1.));
#5049 = ( GEOMETRIC_REPRESENTATION_CONTEXT(2) 
PARAMETRIC_REPRESENTATION_CONTEXT() REPRESENTATION_CONTEXT('2D SPACE',''
  ) );
#5050 = PCURVE('',#5051,#5056);
#5051 = PLANE('',#5052);
#5052 = AXIS2_PLACEMENT_3D('',#5053,#5054,#5055);
#5053 = CARTESIAN_POINT('',(-42.5,-15.,0.));
#5054 = DIRECTION('',(0.,0.,1.));
#5055 = DIRECTION('',(1.,0.,0.));
#5056 = DEFINITIONAL_REPRESENTATION('',(#5057),#5061);
#5057 = LINE('',#5058,#5059);
#5058 = CARTESIAN_POINT('',(0.,0.));
#5059 = VECTOR('',#5060,1.);
#5060 = DIRECTION('',(0.,1.));
#5061 = ( GEOMETRIC_REPRESENTATION_CONTEXT(2) 
PARAMETRIC_REPRESENTATION_CONTEXT() REPRESENTATION_CONTEXT('2D SPACE',''
  ) );
#5062 = ORIENTED_EDGE('',*,*,#5063,.T.);
#5063 = EDGE_CURVE('',#5036,#4975,#5064,.T.);
#5064 = SURFACE_CURVE('',#5065,(#5069,#5076),.PCURVE_S1.);
#5065 = LINE('',#5066,#5067);
#5066 = CARTESIAN_POINT('',(-42.5,12.,0.));
#5067 = VECTOR('',#5068,1.);
#5068 = DIRECTION('',(0.,0.,1.));
#5069 = PCURVE('',#4983,#5070);
#5070 = DEFINITIONAL_REPRESENTATION('',(#5071),#5075);
#5071 = LINE('',#5072,#5073);
#5072 = CARTESIAN_POINT('',(0.,-27.));
#5073 = VECTOR('',#5074,1.);
#5074 = DIRECTION('',(1.,0.));
#5075 = ( GEOMETRIC_REPRESENTATION_CONTEXT(2) 
PARAMETRIC_REPRESENTATION_CONTEXT() REPRESENTATION_CONTEXT('2D SPACE',''
  ) );
#5076 = PCURVE('',#5077,#5082);
#5077 = CYLINDRICAL_SURFACE('',#5078,3.);
#5078 = AXIS2_PLACEMENT_3D('',#5079,#5080,#5081);
#5079 = CARTESIAN_POINT('',(-39.5,12.,0.));
#5080 = DIRECTION('',(0.,0.,1.));
#5081 = DIRECTION('',(-1.,-0.,0.));
#5082 = DEFINITIONAL_REPRESENTATION('',(#5083),#5087);
#5083 = LINE('',#5084,#5085);
#5084 = CARTESIAN_POINT('',(-0.,0.));
#5085 = VECTOR('',#5086,1.);
#5086 = DIRECTION('',(-0.,1.));
#5087 = ( GEOMETRIC_REPRESENTATION_CONTEXT(2) 
PARAMETRIC_REPRESENTATION_CONTEXT() REPRESENTATION_CONTEXT('2D SPACE',''
  ) );
#5088 = ADVANCED_FACE('',(#5089,#5288,#5323,#5358,#5393),#4995,.T.);
#5089 = FACE_BOUND('',#5090,.T.);
#5090 = EDGE_LOOP('',(#5091,#5092,#5116,#5144,#5177,#5205,#5234,#5262));
#5091 = ORIENTED_EDGE('',*,*,#4972,.F.);
#5092 = ORIENTED_EDGE('',*,*,#5093,.T.);
#5093 = EDGE_CURVE('',#4973,#5094,#5096,.T.);
#5094 = VERTEX_POINT('',#5095);
#5095 = CARTESIAN_POINT('',(-39.5,-15.,9.));
#5096 = SURFACE_CURVE('',#5097,(#5102,#5109),.PCURVE_S1.);
#5097 = CIRCLE('',#5098,3.);
#5098 = AXIS2_PLACEMENT_3D('',#5099,#5100,#5101);
#5099 = CARTESIAN_POINT('',(-39.5,-12.,9.));
#5100 = DIRECTION('',(0.,0.,1.));
#5101 = DIRECTION('',(0.,-1.,0.));
#5102 = PCURVE('',#4995,#5103);
#5103 = DEFINITIONAL_REPRESENTATION('',(#5104),#5108);
#5104 = CIRCLE('',#5105,3.);
#5105 = AXIS2_PLACEMENT_2D('',#5106,#5107);
#5106 = CARTESIAN_POINT('',(3.,3.));
#5107 = DIRECTION('',(0.,-1.));
#5108 = ( GEOMETRIC_REPRESENTATION_CONTEXT(2) 
PARAMETRIC_REPRESENTATION_CONTEXT() REPRESENTATION_CONTEXT('2D SPACE',''
  ) );
#5109 = PCURVE('',#5023,#5110);
#5110 = DEFINITIONAL_REPRESENTATION('',(#5111),#5115);
#5111 = LINE('',#5112,#5113);
#5112 = CARTESIAN_POINT('',(-4.712388980385,9.));
#5113 = VECTOR('',#5114,1.);
#5114 = DIRECTION('',(1.,0.));
#5115 = ( GEOMETRIC_REPRESENTATION_CONTEXT(2) 
PARAMETRIC_REPRESENTATION_CONTEXT() REPRESENTATION_CONTEXT('2D SPACE',''
  ) );
#5116 = ORIENTED_EDGE('',*,*,#5117,.T.);
#5117 = EDGE_CURVE('',#5094,#5118,#5120,.T.);
#5118 = VERTEX_POINT('',#5119);
#5119 = CARTESIAN_POINT('',(39.5,-15.,9.));
#5120 = SURFACE_CURVE('',#5121,(#5125,#5132),.PCURVE_S1.);
#5121 = LINE('',#5122,#5123);
#5122 = CARTESIAN_POINT('',(-42.5,-15.,9.));
#5123 = VECTOR('',#5124,1.);
#5124 = DIRECTION('',(1.,0.,0.));
#5125 = PCURVE('',#4995,#5126);
#5126 = DEFINITIONAL_REPRESENTATION('',(#5127),#5131);
#5127 = LINE('',#5128,#5129);
#5128 = CARTESIAN_POINT('',(0.,0.));
#5129 = VECTOR('',#5130,1.);
#5130 = DIRECTION('',(1.,0.));
#5131 = ( GEOMETRIC_REPRESENTATION_CONTEXT(2) 
PARAMETRIC_REPRESENTATION_CONTEXT() REPRESENTATION_CONTEXT('2D SPACE',''
  ) );
#5132 = PCURVE('',#5133,#5138);
#5133 = PLANE('',#5134);
#5134 = AXIS2_PLACEMENT_3D('',#5135,#5136,#5137);
#5135 = CARTESIAN_POINT('',(-42.5,-15.,0.));
#5136 = DIRECTION('',(0.,1.,0.));
#5137 = DIRECTION('',(0.,0.,1.));
#5138 = DEFINITIONAL_REPRESENTATION('',(#5139),#5143);
#5139 = LINE('',#5140,#5141);
#5140 = CARTESIAN_POINT('',(9.,0.));
#5141 = VECTOR('',#5142,1.);
#5142 = DIRECTION('',(0.,1.));
#5143 = ( GEOMETRIC_REPRESENTATION_CONTEXT(2) 
PARAMETRIC_REPRESENTATION_CONTEXT() REPRESENTATION_CONTEXT('2D SPACE',''
  ) );
#5144 = ORIENTED_EDGE('',*,*,#5145,.F.);
#5145 = EDGE_CURVE('',#5146,#5118,#5148,.T.);
#5146 = VERTEX_POINT('',#5147);
#5147 = CARTESIAN_POINT('',(42.5,-12.,9.));
#5148 = SURFACE_CURVE('',#5149,(#5154,#5165),.PCURVE_S1.);
#5149 = CIRCLE('',#5150,3.);
#5150 = AXIS2_PLACEMENT_3D('',#5151,#5152,#5153);
#5151 = CARTESIAN_POINT('',(39.5,-12.,9.));
#5152 = DIRECTION('',(-0.,-0.,-1.));
#5153 = DIRECTION('',(0.,-1.,0.));
#5154 = PCURVE('',#4995,#5155);
#5155 = DEFINITIONAL_REPRESENTATION('',(#5156),#5164);
#5156 = ( BOUNDED_CURVE() B_SPLINE_CURVE(2,(#5157,#5158,#5159,#5160,
#5161,#5162,#5163),.UNSPECIFIED.,.T.,.F.) B_SPLINE_CURVE_WITH_KNOTS((1,2
    ,2,2,2,1),(-2.094395102393,0.,2.094395102393,4.188790204786,
6.28318530718,8.377580409573),.UNSPECIFIED.) CURVE() 
GEOMETRIC_REPRESENTATION_ITEM() RATIONAL_B_SPLINE_CURVE((1.,0.5,1.,0.5,
1.,0.5,1.)) REPRESENTATION_ITEM('') );
#5157 = CARTESIAN_POINT('',(82.,0.));
#5158 = CARTESIAN_POINT('',(76.803847577293,0.));
#5159 = CARTESIAN_POINT('',(79.401923788647,4.5));
#5160 = CARTESIAN_POINT('',(82.,9.));
#5161 = CARTESIAN_POINT('',(84.598076211353,4.5));
#5162 = CARTESIAN_POINT('',(87.196152422707,4.440892098501E-15));
#5163 = CARTESIAN_POINT('',(82.,0.));
#5164 = ( GEOMETRIC_REPRESENTATION_CONTEXT(2) 
PARAMETRIC_REPRESENTATION_CONTEXT() REPRESENTATION_CONTEXT('2D SPACE',''
  ) );
#5165 = PCURVE('',#5166,#5171);
#5166 = CYLINDRICAL_SURFACE('',#5167,3.);
#5167 = AXIS2_PLACEMENT_3D('',#5168,#5169,#5170);
#5168 = CARTESIAN_POINT('',(39.5,-12.,0.));
#5169 = DIRECTION('',(0.,0.,1.));
#5170 = DIRECTION('',(1.,0.,-0.));
#5171 = DEFINITIONAL_REPRESENTATION('',(#5172),#5176);
#5172 = LINE('',#5173,#5174);
#5173 = CARTESIAN_POINT('',(4.712388980385,9.));
#5174 = VECTOR('',#5175,1.);
#5175 = DIRECTION('',(-1.,0.));
#5176 = ( GEOMETRIC_REPRESENTATION_CONTEXT(2) 
PARAMETRIC_REPRESENTATION_CONTEXT() REPRESENTATION_CONTEXT('2D SPACE',''
  ) );
#5177 = ORIENTED_EDGE('',*,*,#5178,.T.);
#5178 = EDGE_CURVE('',#5146,#5179,#5181,.T.);
#5179 = VERTEX_POINT('',#5180);
#5180 = CARTESIAN_POINT('',(42.5,12.,9.));
#5181 = SURFACE_CURVE('',#5182,(#5186,#5193),.PCURVE_S1.);
#5182 = LINE('',#5183,#5184);
#5183 = CARTESIAN_POINT('',(42.5,-15.,9.));
#5184 = VECTOR('',#5185,1.);
#5185 = DIRECTION('',(0.,1.,0.));
#5186 = PCURVE('',#4995,#5187);
#5187 = DEFINITIONAL_REPRESENTATION('',(#5188),#5192);
#5188 = LINE('',#5189,#5190);
#5189 = CARTESIAN_POINT('',(85.,0.));
#5190 = VECTOR('',#5191,1.);
#5191 = DIRECTION('',(0.,1.));
#5192 = ( GEOMETRIC_REPRESENTATION_CONTEXT(2) 
PARAMETRIC_REPRESENTATION_CONTEXT() REPRESENTATION_CONTEXT('2D SPACE',''
  ) );
#5193 = PCURVE('',#5194,#5199);
#5194 = PLANE('',#5195);
#5195 = AXIS2_PLACEMENT_3D('',#5196,#5197,#5198);
#5196 = CARTESIAN_POINT('',(42.5,-15.,0.));
#5197 = DIRECTION('',(1.,0.,0.));
#5198 = DIRECTION('',(0.,0.,1.));
#5199 = DEFINITIONAL_REPRESENTATION('',(#5200),#5204);
#5200 = LINE('',#5201,#5202);
#5201 = CARTESIAN_POINT('',(9.,0.));
#5202 = VECTOR('',#5203,1.);
#5203 = DIRECTION('',(0.,-1.));
#5204 = ( GEOMETRIC_REPRESENTATION_CONTEXT(2) 
PARAMETRIC_REPRESENTATION_CONTEXT() REPRESENTATION_CONTEXT('2D SPACE',''
  ) );
#5205 = ORIENTED_EDGE('',*,*,#5206,.T.);
#5206 = EDGE_CURVE('',#5179,#5207,#5209,.T.);
#5207 = VERTEX_POINT('',#5208);
#5208 = CARTESIAN_POINT('',(39.5,15.,9.));
#5209 = SURFACE_CURVE('',#5210,(#5215,#5222),.PCURVE_S1.);
#5210 = CIRCLE('',#5211,3.);
#5211 = AXIS2_PLACEMENT_3D('',#5212,#5213,#5214);
#5212 = CARTESIAN_POINT('',(39.5,12.,9.));
#5213 = DIRECTION('',(0.,0.,1.));
#5214 = DIRECTION('',(0.,-1.,0.));
#5215 = PCURVE('',#4995,#5216);
#5216 = DEFINITIONAL_REPRESENTATION('',(#5217),#5221);
#5217 = CIRCLE('',#5218,3.);
#5218 = AXIS2_PLACEMENT_2D('',#5219,#5220);
#5219 = CARTESIAN_POINT('',(82.,27.));
#5220 = DIRECTION('',(0.,-1.));
#5221 = ( GEOMETRIC_REPRESENTATION_CONTEXT(2) 
PARAMETRIC_REPRESENTATION_CONTEXT() REPRESENTATION_CONTEXT('2D SPACE',''
  ) );
#5222 = PCURVE('',#5223,#5228);
#5223 = CYLINDRICAL_SURFACE('',#5224,3.);
#5224 = AXIS2_PLACEMENT_3D('',#5225,#5226,#5227);
#5225 = CARTESIAN_POINT('',(39.5,12.,0.));
#5226 = DIRECTION('',(0.,0.,1.));
#5227 = DIRECTION('',(1.,0.,-0.));
#5228 = DEFINITIONAL_REPRESENTATION('',(#5229),#5233);
#5229 = LINE('',#5230,#5231);
#5230 = CARTESIAN_POINT('',(-1.570796326795,9.));
#5231 = VECTOR('',#5232,1.);
#5232 = DIRECTION('',(1.,0.));
#5233 = ( GEOMETRIC_REPRESENTATION_CONTEXT(2) 
PARAMETRIC_REPRESENTATION_CONTEXT() REPRESENTATION_CONTEXT('2D SPACE',''
  ) );
#5234 = ORIENTED_EDGE('',*,*,#5235,.F.);
#5235 = EDGE_CURVE('',#5236,#5207,#5238,.T.);
#5236 = VERTEX_POINT('',#5237);
#5237 = CARTESIAN_POINT('',(-39.5,15.,9.));
#5238 = SURFACE_CURVE('',#5239,(#5243,#5250),.PCURVE_S1.);
#5239 = LINE('',#5240,#5241);
#5240 = CARTESIAN_POINT('',(-42.5,15.,9.));
#5241 = VECTOR('',#5242,1.);
#5242 = DIRECTION('',(1.,0.,0.));
#5243 = PCURVE('',#4995,#5244);
#5244 = DEFINITIONAL_REPRESENTATION('',(#5245),#5249);
#5245 = LINE('',#5246,#5247);
#5246 = CARTESIAN_POINT('',(0.,30.));
#5247 = VECTOR('',#5248,1.);
#5248 = DIRECTION('',(1.,0.));
#5249 = ( GEOMETRIC_REPRESENTATION_CONTEXT(2) 
PARAMETRIC_REPRESENTATION_CONTEXT() REPRESENTATION_CONTEXT('2D SPACE',''
  ) );
#5250 = PCURVE('',#5251,#5256);
#5251 = PLANE('',#5252);
#5252 = AXIS2_PLACEMENT_3D('',#5253,#5254,#5255);
#5253 = CARTESIAN_POINT('',(-42.5,15.,0.));
#5254 = DIRECTION('',(0.,1.,0.));
#5255 = DIRECTION('',(0.,0.,1.));
#5256 = DEFINITIONAL_REPRESENTATION('',(#5257),#5261);
#5257 = LINE('',#5258,#5259);
#5258 = CARTESIAN_POINT('',(9.,0.));
#5259 = VECTOR('',#5260,1.);
#5260 = DIRECTION('',(0.,1.));
#5261 = ( GEOMETRIC_REPRESENTATION_CONTEXT(2) 
PARAMETRIC_REPRESENTATION_CONTEXT() REPRESENTATION_CONTEXT('2D SPACE',''
  ) );
#5262 = ORIENTED_EDGE('',*,*,#5263,.F.);
#5263 = EDGE_CURVE('',#4975,#5236,#5264,.T.);
#5264 = SURFACE_CURVE('',#5265,(#5270,#5281),.PCURVE_S1.);
#5265 = CIRCLE('',#5266,3.);
#5266 = AXIS2_PLACEMENT_3D('',#5267,#5268,#5269);
#5267 = CARTESIAN_POINT('',(-39.5,12.,9.));
#5268 = DIRECTION('',(-0.,-0.,-1.));
#5269 = DIRECTION('',(0.,-1.,0.));
#5270 = PCURVE('',#4995,#5271);
#5271 = DEFINITIONAL_REPRESENTATION('',(#5272),#5280);
#5272 = ( BOUNDED_CURVE() B_SPLINE_CURVE(2,(#5273,#5274,#5275,#5276,
#5277,#5278,#5279),.UNSPECIFIED.,.T.,.F.) B_SPLINE_CURVE_WITH_KNOTS((1,2
    ,2,2,2,1),(-2.094395102393,0.,2.094395102393,4.188790204786,
6.28318530718,8.377580409573),.UNSPECIFIED.) CURVE() 
GEOMETRIC_REPRESENTATION_ITEM() RATIONAL_B_SPLINE_CURVE((1.,0.5,1.,0.5,
1.,0.5,1.)) REPRESENTATION_ITEM('') );
#5273 = CARTESIAN_POINT('',(3.,24.));
#5274 = CARTESIAN_POINT('',(-2.196152422707,24.));
#5275 = CARTESIAN_POINT('',(0.401923788647,28.5));
#5276 = CARTESIAN_POINT('',(3.,33.));
#5277 = CARTESIAN_POINT('',(5.598076211353,28.5));
#5278 = CARTESIAN_POINT('',(8.196152422707,24.));
#5279 = CARTESIAN_POINT('',(3.,24.));
#5280 = ( GEOMETRIC_REPRESENTATION_CONTEXT(2) 
PARAMETRIC_REPRESENTATION_CONTEXT() REPRESENTATION_CONTEXT('2D SPACE',''
  ) );
#5281 = PCURVE('',#5077,#5282);
#5282 = DEFINITIONAL_REPRESENTATION('',(#5283),#5287);
#5283 = LINE('',#5284,#5285);
#5284 = CARTESIAN_POINT('',(1.570796326795,9.));
#5285 = VECTOR('',#5286,1.);
#5286 = DIRECTION('',(-1.,0.));
#5287 = ( GEOMETRIC_REPRESENTATION_CONTEXT(2) 
PARAMETRIC_REPRESENTATION_CONTEXT() REPRESENTATION_CONTEXT('2D SPACE',''
  ) );
#5288 = FACE_BOUND('',#5289,.T.);
#5289 = EDGE_LOOP('',(#5290));
#5290 = ORIENTED_EDGE('',*,*,#5291,.T.);
#5291 = EDGE_CURVE('',#5292,#5292,#5294,.T.);
#5292 = VERTEX_POINT('',#5293);
#5293 = CARTESIAN_POINT('',(-33.3,-12.,9.));
#5294 = SURFACE_CURVE('',#5295,(#5300,#5311),.PCURVE_S1.);
#5295 = CIRCLE('',#5296,1.7);
#5296 = AXIS2_PLACEMENT_3D('',#5297,#5298,#5299);
#5297 = CARTESIAN_POINT('',(-35.,-12.,9.));
#5298 = DIRECTION('',(0.,0.,-1.));
#5299 = DIRECTION('',(1.,0.,0.));
#5300 = PCURVE('',#4995,#5301);
#5301 = DEFINITIONAL_REPRESENTATION('',(#5302),#5310);
#5302 = ( BOUNDED_CURVE() B_SPLINE_CURVE(2,(#5303,#5304,#5305,#5306,
#5307,#5308,#5309),.UNSPECIFIED.,.T.,.F.) B_SPLINE_CURVE_WITH_KNOTS((1,2
    ,2,2,2,1),(-2.094395102393,0.,2.094395102393,4.188790204786,
6.28318530718,8.377580409573),.UNSPECIFIED.) CURVE() 
GEOMETRIC_REPRESENTATION_ITEM() RATIONAL_B_SPLINE_CURVE((1.,0.5,1.,0.5,
1.,0.5,1.)) REPRESENTATION_ITEM('') );
#5303 = CARTESIAN_POINT('',(9.2,3.));
#5304 = CARTESIAN_POINT('',(9.2,5.551362713291E-02));
#5305 = CARTESIAN_POINT('',(6.65,1.527756813566));
#5306 = CARTESIAN_POINT('',(4.1,3.));
#5307 = CARTESIAN_POINT('',(6.65,4.472243186434));
#5308 = CARTESIAN_POINT('',(9.2,5.944486372867));
#5309 = CARTESIAN_POINT('',(9.2,3.));
#5310 = ( GEOMETRIC_REPRESENTATION_CONTEXT(2) 
PARAMETRIC_REPRESENTATION_CONTEXT() REPRESENTATION_CONTEXT('2D SPACE',''
  ) );
#5311 = PCURVE('',#5312,#5317);
#5312 = CYLINDRICAL_SURFACE('',#5313,1.7);
#5313 = AXIS2_PLACEMENT_3D('',#5314,#5315,#5316);
#5314 = CARTESIAN_POINT('',(-35.,-12.,-1.));
#5315 = DIRECTION('',(-0.,-0.,-1.));
#5316 = DIRECTION('',(1.,0.,0.));
#5317 = DEFINITIONAL_REPRESENTATION('',(#5318),#5322);
#5318 = LINE('',#5319,#5320);
#5319 = CARTESIAN_POINT('',(-6.28318530718,-10.));
#5320 = VECTOR('',#5321,1.);
#5321 = DIRECTION('',(1.,-0.));
#5322 = ( GEOMETRIC_REPRESENTATION_CONTEXT(2) 
PARAMETRIC_REPRESENTATION_CONTEXT() REPRESENTATION_CONTEXT('2D SPACE',''
  ) );
#5323 = FACE_BOUND('',#5324,.T.);
#5324 = EDGE_LOOP('',(#5325));
#5325 = ORIENTED_EDGE('',*,*,#5326,.T.);
#5326 = EDGE_CURVE('',#5327,#5327,#5329,.T.);
#5327 = VERTEX_POINT('',#5328);
#5328 = CARTESIAN_POINT('',(36.7,-12.,9.));
#5329 = SURFACE_CURVE('',#5330,(#5335,#5346),.PCURVE_S1.);
#5330 = CIRCLE('',#5331,1.7);
#5331 = AXIS2_PLACEMENT_3D('',#5332,#5333,#5334);
#5332 = CARTESIAN_POINT('',(35.,-12.,9.));
#5333 = DIRECTION('',(0.,0.,-1.));
#5334 = DIRECTION('',(1.,0.,0.));
#5335 = PCURVE('',#4995,#5336);
#5336 = DEFINITIONAL_REPRESENTATION('',(#5337),#5345);
#5337 = ( BOUNDED_CURVE() B_SPLINE_CURVE(2,(#5338,#5339,#5340,#5341,
#5342,#5343,#5344),.UNSPECIFIED.,.T.,.F.) B_SPLINE_CURVE_WITH_KNOTS((1,2
    ,2,2,2,1),(-2.094395102393,0.,2.094395102393,4.188790204786,
6.28318530718,8.377580409573),.UNSPECIFIED.) CURVE() 
GEOMETRIC_REPRESENTATION_ITEM() RATIONAL_B_SPLINE_CURVE((1.,0.5,1.,0.5,
1.,0.5,1.)) REPRESENTATION_ITEM('') );
#5338 = CARTESIAN_POINT('',(79.2,3.));
#5339 = CARTESIAN_POINT('',(79.2,5.551362713291E-02));
#5340 = CARTESIAN_POINT('',(76.65,1.527756813566));
#5341 = CARTESIAN_POINT('',(74.1,3.));
#5342 = CARTESIAN_POINT('',(76.65,4.472243186434));
#5343 = CARTESIAN_POINT('',(79.2,5.944486372867));
#5344 = CARTESIAN_POINT('',(79.2,3.));
#5345 = ( GEOMETRIC_REPRESENTATION_CONTEXT(2) 
PARAMETRIC_REPRESENTATION_CONTEXT() REPRESENTATION_CONTEXT('2D SPACE',''
  ) );
#5346 = PCURVE('',#5347,#5352);
#5347 = CYLINDRICAL_SURFACE('',#5348,1.7);
#5348 = AXIS2_PLACEMENT_3D('',#5349,#5350,#5351);
#5349 = CARTESIAN_POINT('',(35.,-12.,-1.));
#5350 = DIRECTION('',(-0.,-0.,-1.));
#5351 = DIRECTION('',(1.,0.,0.));
#5352 = DEFINITIONAL_REPRESENTATION('',(#5353),#5357);
#5353 = LINE('',#5354,#5355);
#5354 = CARTESIAN_POINT('',(-6.28318530718,-10.));
#5355 = VECTOR('',#5356,1.);
#5356 = DIRECTION('',(1.,-0.));
#5357 = ( GEOMETRIC_REPRESENTATION_CONTEXT(2) 
PARAMETRIC_REPRESENTATION_CONTEXT() REPRESENTATION_CONTEXT('2D SPACE',''
  ) );
#5358 = FACE_BOUND('',#5359,.T.);
#5359 = EDGE_LOOP('',(#5360));
#5360 = ORIENTED_EDGE('',*,*,#5361,.T.);
#5361 = EDGE_CURVE('',#5362,#5362,#5364,.T.);
#5362 = VERTEX_POINT('',#5363);
#5363 = CARTESIAN_POINT('',(-33.3,12.,9.));
#5364 = SURFACE_CURVE('',#5365,(#5370,#5381),.PCURVE_S1.);
#5365 = CIRCLE('',#5366,1.7);
#5366 = AXIS2_PLACEMENT_3D('',#5367,#5368,#5369);
#5367 = CARTESIAN_POINT('',(-35.,12.,9.));
#5368 = DIRECTION('',(0.,0.,-1.));
#5369 = DIRECTION('',(1.,0.,0.));
#5370 = PCURVE('',#4995,#5371);
#5371 = DEFINITIONAL_REPRESENTATION('',(#5372),#5380);
#5372 = ( BOUNDED_CURVE() B_SPLINE_CURVE(2,(#5373,#5374,#5375,#5376,
#5377,#5378,#5379),.UNSPECIFIED.,.T.,.F.) B_SPLINE_CURVE_WITH_KNOTS((1,2
    ,2,2,2,1),(-2.094395102393,0.,2.094395102393,4.188790204786,
6.28318530718,8.377580409573),.UNSPECIFIED.) CURVE() 
GEOMETRIC_REPRESENTATION_ITEM() RATIONAL_B_SPLINE_CURVE((1.,0.5,1.,0.5,
1.,0.5,1.)) REPRESENTATION_ITEM('') );
#5373 = CARTESIAN_POINT('',(9.2,27.));
#5374 = CARTESIAN_POINT('',(9.2,24.055513627133));
#5375 = CARTESIAN_POINT('',(6.65,25.527756813566));
#5376 = CARTESIAN_POINT('',(4.1,27.));
#5377 = CARTESIAN_POINT('',(6.65,28.472243186434));
#5378 = CARTESIAN_POINT('',(9.2,29.944486372867));
#5379 = CARTESIAN_POINT('',(9.2,27.));
#5380 = ( GEOMETRIC_REPRESENTATION_CONTEXT(2) 
PARAMETRIC_REPRESENTATION_CONTEXT() REPRESENTATION_CONTEXT('2D SPACE',''
  ) );
#5381 = PCURVE('',#5382,#5387);
#5382 = CYLINDRICAL_SURFACE('',#5383,1.7);
#5383 = AXIS2_PLACEMENT_3D('',#5384,#5385,#5386);
#5384 = CARTESIAN_POINT('',(-35.,12.,-1.));
#5385 = DIRECTION('',(-0.,-0.,-1.));
#5386 = DIRECTION('',(1.,0.,0.));
#5387 = DEFINITIONAL_REPRESENTATION('',(#5388),#5392);
#5388 = LINE('',#5389,#5390);
#5389 = CARTESIAN_POINT('',(-6.28318530718,-10.));
#5390 = VECTOR('',#5391,1.);
#5391 = DIRECTION('',(1.,-0.));
#5392 = ( GEOMETRIC_REPRESENTATION_CONTEXT(2) 
PARAMETRIC_REPRESENTATION_CONTEXT() REPRESENTATION_CONTEXT('2D SPACE',''
  ) );
#5393 = FACE_BOUND('',#5394,.T.);
#5394 = EDGE_LOOP('',(#5395));
#5395 = ORIENTED_EDGE('',*,*,#5396,.T.);
#5396 = EDGE_CURVE('',#5397,#5397,#5399,.T.);
#5397 = VERTEX_POINT('',#5398);
#5398 = CARTESIAN_POINT('',(36.7,12.,9.));
#5399 = SURFACE_CURVE('',#5400,(#5405,#5416),.PCURVE_S1.);
#5400 = CIRCLE('',#5401,1.7);
#5401 = AXIS2_PLACEMENT_3D('',#5402,#5403,#5404);
#5402 = CARTESIAN_POINT('',(35.,12.,9.));
#5403 = DIRECTION('',(0.,0.,-1.));
#5404 = DIRECTION('',(1.,0.,0.));
#5405 = PCURVE('',#4995,#5406);
#5406 = DEFINITIONAL_REPRESENTATION('',(#5407),#5415);
#5407 = ( BOUNDED_CURVE() B_SPLINE_CURVE(2,(#5408,#5409,#5410,#5411,
#5412,#5413,#5414),.UNSPECIFIED.,.T.,.F.) B_SPLINE_CURVE_WITH_KNOTS((1,2
    ,2,2,2,1),(-2.094395102393,0.,2.094395102393,4.188790204786,
6.28318530718,8.377580409573),.UNSPECIFIED.) CURVE() 
GEOMETRIC_REPRESENTATION_ITEM() RATIONAL_B_SPLINE_CURVE((1.,0.5,1.,0.5,
1.,0.5,1.)) REPRESENTATION_ITEM('') );
#5408 = CARTESIAN_POINT('',(79.2,27.));
#5409 = CARTESIAN_POINT('',(79.2,24.055513627133));
#5410 = CARTESIAN_POINT('',(76.65,25.527756813566));
#5411 = CARTESIAN_POINT('',(74.1,27.));
#5412 = CARTESIAN_POINT('',(76.65,28.472243186434));
#5413 = CARTESIAN_POINT('',(79.2,29.944486372867));
#5414 = CARTESIAN_POINT('',(79.2,27.));
#5415 = ( GEOMETRIC_REPRESENTATION_CONTEXT(2) 
PARAMETRIC_REPRESENTATION_CONTEXT() REPRESENTATION_CONTEXT('2D SPACE',''
  ) );
#5416 = PCURVE('',#5417,#5422);
#5417 = CYLINDRICAL_SURFACE('',#5418,1.7);
#5418 = AXIS2_PLACEMENT_3D('',#5419,#5420,#5421);
#5419 = CARTESIAN_POINT('',(35.,12.,-1.));
#5420 = DIRECTION('',(-0.,-0.,-1.));
#5421 = DIRECTION('',(1.,0.,0.));
#5422 = DEFINITIONAL_REPRESENTATION('',(#5423),#5427);
#5423 = LINE('',#5424,#5425);
#5424 = CARTESIAN_POINT('',(-6.28318530718,-10.));
#5425 = VECTOR('',#5426,1.);
#5426 = DIRECTION('',(1.,-0.));
#5427 = ( GEOMETRIC_REPRESENTATION_CONTEXT(2) 
PARAMETRIC_REPRESENTATION_CONTEXT() REPRESENTATION_CONTEXT('2D SPACE',''
  ) );
#5428 = ADVANCED_FACE('',(#5429),#5023,.T.);
#5429 = FACE_BOUND('',#5430,.T.);
#5430 = EDGE_LOOP('',(#5431,#5455,#5476,#5477));
#5431 = ORIENTED_EDGE('',*,*,#5432,.T.);
#5432 = EDGE_CURVE('',#5008,#5433,#5435,.T.);
#5433 = VERTEX_POINT('',#5434);
#5434 = CARTESIAN_POINT('',(-39.5,-15.,0.));
#5435 = SURFACE_CURVE('',#5436,(#5441,#5448),.PCURVE_S1.);
#5436 = CIRCLE('',#5437,3.);
#5437 = AXIS2_PLACEMENT_3D('',#5438,#5439,#5440);
#5438 = CARTESIAN_POINT('',(-39.5,-12.,0.));
#5439 = DIRECTION('',(0.,0.,1.));
#5440 = DIRECTION('',(0.,-1.,0.));
#5441 = PCURVE('',#5023,#5442);
#5442 = DEFINITIONAL_REPRESENTATION('',(#5443),#5447);
#5443 = LINE('',#5444,#5445);
#5444 = CARTESIAN_POINT('',(-4.712388980385,0.));
#5445 = VECTOR('',#5446,1.);
#5446 = DIRECTION('',(1.,0.));
#5447 = ( GEOMETRIC_REPRESENTATION_CONTEXT(2) 
PARAMETRIC_REPRESENTATION_CONTEXT() REPRESENTATION_CONTEXT('2D SPACE',''
  ) );
#5448 = PCURVE('',#5051,#5449);
#5449 = DEFINITIONAL_REPRESENTATION('',(#5450),#5454);
#5450 = CIRCLE('',#5451,3.);
#5451 = AXIS2_PLACEMENT_2D('',#5452,#5453);
#5452 = CARTESIAN_POINT('',(3.,3.));
#5453 = DIRECTION('',(0.,-1.));
#5454 = ( GEOMETRIC_REPRESENTATION_CONTEXT(2) 
PARAMETRIC_REPRESENTATION_CONTEXT() REPRESENTATION_CONTEXT('2D SPACE',''
  ) );
#5455 = ORIENTED_EDGE('',*,*,#5456,.T.);
#5456 = EDGE_CURVE('',#5433,#5094,#5457,.T.);
#5457 = SURFACE_CURVE('',#5458,(#5462,#5469),.PCURVE_S1.);
#5458 = LINE('',#5459,#5460);
#5459 = CARTESIAN_POINT('',(-39.5,-15.,0.));
#5460 = VECTOR('',#5461,1.);
#5461 = DIRECTION('',(0.,0.,1.));
#5462 = PCURVE('',#5023,#5463);
#5463 = DEFINITIONAL_REPRESENTATION('',(#5464),#5468);
#5464 = LINE('',#5465,#5466);
#5465 = CARTESIAN_POINT('',(1.570796326795,0.));
#5466 = VECTOR('',#5467,1.);
#5467 = DIRECTION('',(0.,1.));
#5468 = ( GEOMETRIC_REPRESENTATION_CONTEXT(2) 
PARAMETRIC_REPRESENTATION_CONTEXT() REPRESENTATION_CONTEXT('2D SPACE',''
  ) );
#5469 = PCURVE('',#5133,#5470);
#5470 = DEFINITIONAL_REPRESENTATION('',(#5471),#5475);
#5471 = LINE('',#5472,#5473);
#5472 = CARTESIAN_POINT('',(0.,3.));
#5473 = VECTOR('',#5474,1.);
#5474 = DIRECTION('',(1.,0.));
#5475 = ( GEOMETRIC_REPRESENTATION_CONTEXT(2) 
PARAMETRIC_REPRESENTATION_CONTEXT() REPRESENTATION_CONTEXT('2D SPACE',''
  ) );
#5476 = ORIENTED_EDGE('',*,*,#5093,.F.);
#5477 = ORIENTED_EDGE('',*,*,#5007,.F.);
#5478 = ADVANCED_FACE('',(#5479),#5077,.T.);
#5479 = FACE_BOUND('',#5480,.F.);
#5480 = EDGE_LOOP('',(#5481,#5509,#5530,#5531));
#5481 = ORIENTED_EDGE('',*,*,#5482,.T.);
#5482 = EDGE_CURVE('',#5036,#5483,#5485,.T.);
#5483 = VERTEX_POINT('',#5484);
#5484 = CARTESIAN_POINT('',(-39.5,15.,0.));
#5485 = SURFACE_CURVE('',#5486,(#5491,#5498),.PCURVE_S1.);
#5486 = CIRCLE('',#5487,3.);
#5487 = AXIS2_PLACEMENT_3D('',#5488,#5489,#5490);
#5488 = CARTESIAN_POINT('',(-39.5,12.,0.));
#5489 = DIRECTION('',(-0.,-0.,-1.));
#5490 = DIRECTION('',(0.,-1.,0.));
#5491 = PCURVE('',#5077,#5492);
#5492 = DEFINITIONAL_REPRESENTATION('',(#5493),#5497);
#5493 = LINE('',#5494,#5495);
#5494 = CARTESIAN_POINT('',(1.570796326795,-0.));
#5495 = VECTOR('',#5496,1.);
#5496 = DIRECTION('',(-1.,0.));
#5497 = ( GEOMETRIC_REPRESENTATION_CONTEXT(2) 
PARAMETRIC_REPRESENTATION_CONTEXT() REPRESENTATION_CONTEXT('2D SPACE',''
  ) );
#5498 = PCURVE('',#5051,#5499);
#5499 = DEFINITIONAL_REPRESENTATION('',(#5500),#5508);
#5500 = ( BOUNDED_CURVE() B_SPLINE_CURVE(2,(#5501,#5502,#5503,#5504,
#5505,#5506,#5507),.UNSPECIFIED.,.T.,.F.) B_SPLINE_CURVE_WITH_KNOTS((1,2
    ,2,2,2,1),(-2.094395102393,0.,2.094395102393,4.188790204786,
6.28318530718,8.377580409573),.UNSPECIFIED.) CURVE() 
GEOMETRIC_REPRESENTATION_ITEM() RATIONAL_B_SPLINE_CURVE((1.,0.5,1.,0.5,
1.,0.5,1.)) REPRESENTATION_ITEM('') );
#5501 = CARTESIAN_POINT('',(3.,24.));
#5502 = CARTESIAN_POINT('',(-2.196152422707,24.));
#5503 = CARTESIAN_POINT('',(0.401923788647,28.5));
#5504 = CARTESIAN_POINT('',(3.,33.));
#5505 = CARTESIAN_POINT('',(5.598076211353,28.5));
#5506 = CARTESIAN_POINT('',(8.196152422707,24.));
#5507 = CARTESIAN_POINT('',(3.,24.));
#5508 = ( GEOMETRIC_REPRESENTATION_CONTEXT(2) 
PARAMETRIC_REPRESENTATION_CONTEXT() REPRESENTATION_CONTEXT('2D SPACE',''
  ) );
#5509 = ORIENTED_EDGE('',*,*,#5510,.T.);
#5510 = EDGE_CURVE('',#5483,#5236,#5511,.T.);
#5511 = SURFACE_CURVE('',#5512,(#5516,#5523),.PCURVE_S1.);
#5512 = LINE('',#5513,#5514);
#5513 = CARTESIAN_POINT('',(-39.5,15.,0.));
#5514 = VECTOR('',#5515,1.);
#5515 = DIRECTION('',(0.,0.,1.));
#5516 = PCURVE('',#5077,#5517);
#5517 = DEFINITIONAL_REPRESENTATION('',(#5518),#5522);
#5518 = LINE('',#5519,#5520);
#5519 = CARTESIAN_POINT('',(-1.570796326795,0.));
#5520 = VECTOR('',#5521,1.);
#5521 = DIRECTION('',(-0.,1.));
#5522 = ( GEOMETRIC_REPRESENTATION_CONTEXT(2) 
PARAMETRIC_REPRESENTATION_CONTEXT() REPRESENTATION_CONTEXT('2D SPACE',''
  ) );
#5523 = PCURVE('',#5251,#5524);
#5524 = DEFINITIONAL_REPRESENTATION('',(#5525),#5529);
#5525 = LINE('',#5526,#5527);
#5526 = CARTESIAN_POINT('',(0.,3.));
#5527 = VECTOR('',#5528,1.);
#5528 = DIRECTION('',(1.,0.));
#5529 = ( GEOMETRIC_REPRESENTATION_CONTEXT(2) 
PARAMETRIC_REPRESENTATION_CONTEXT() REPRESENTATION_CONTEXT('2D SPACE',''
  ) );
#5530 = ORIENTED_EDGE('',*,*,#5263,.F.);
#5531 = ORIENTED_EDGE('',*,*,#5063,.F.);
#5532 = ADVANCED_FACE('',(#5533,#5657,#5687,#5717,#5747,#5853),#5051,.F.
  );
#5533 = FACE_BOUND('',#5534,.F.);
#5534 = EDGE_LOOP('',(#5535,#5536,#5537,#5560,#5588,#5611,#5635,#5656));
#5535 = ORIENTED_EDGE('',*,*,#5035,.F.);
#5536 = ORIENTED_EDGE('',*,*,#5432,.T.);
#5537 = ORIENTED_EDGE('',*,*,#5538,.T.);
#5538 = EDGE_CURVE('',#5433,#5539,#5541,.T.);
#5539 = VERTEX_POINT('',#5540);
#5540 = CARTESIAN_POINT('',(39.5,-15.,0.));
#5541 = SURFACE_CURVE('',#5542,(#5546,#5553),.PCURVE_S1.);
#5542 = LINE('',#5543,#5544);
#5543 = CARTESIAN_POINT('',(-42.5,-15.,0.));
#5544 = VECTOR('',#5545,1.);
#5545 = DIRECTION('',(1.,0.,0.));
#5546 = PCURVE('',#5051,#5547);
#5547 = DEFINITIONAL_REPRESENTATION('',(#5548),#5552);
#5548 = LINE('',#5549,#5550);
#5549 = CARTESIAN_POINT('',(0.,0.));
#5550 = VECTOR('',#5551,1.);
#5551 = DIRECTION('',(1.,0.));
#5552 = ( GEOMETRIC_REPRESENTATION_CONTEXT(2) 
PARAMETRIC_REPRESENTATION_CONTEXT() REPRESENTATION_CONTEXT('2D SPACE',''
  ) );
#5553 = PCURVE('',#5133,#5554);
#5554 = DEFINITIONAL_REPRESENTATION('',(#5555),#5559);
#5555 = LINE('',#5556,#5557);
#5556 = CARTESIAN_POINT('',(0.,0.));
#5557 = VECTOR('',#5558,1.);
#5558 = DIRECTION('',(0.,1.));
#5559 = ( GEOMETRIC_REPRESENTATION_CONTEXT(2) 
PARAMETRIC_REPRESENTATION_CONTEXT() REPRESENTATION_CONTEXT('2D SPACE',''
  ) );
#5560 = ORIENTED_EDGE('',*,*,#5561,.F.);
#5561 = EDGE_CURVE('',#5562,#5539,#5564,.T.);
#5562 = VERTEX_POINT('',#5563);
#5563 = CARTESIAN_POINT('',(42.5,-12.,0.));
#5564 = SURFACE_CURVE('',#5565,(#5570,#5581),.PCURVE_S1.);
#5565 = CIRCLE('',#5566,3.);
#5566 = AXIS2_PLACEMENT_3D('',#5567,#5568,#5569);
#5567 = CARTESIAN_POINT('',(39.5,-12.,0.));
#5568 = DIRECTION('',(-0.,-0.,-1.));
#5569 = DIRECTION('',(0.,-1.,0.));
#5570 = PCURVE('',#5051,#5571);
#5571 = DEFINITIONAL_REPRESENTATION('',(#5572),#5580);
#5572 = ( BOUNDED_CURVE() B_SPLINE_CURVE(2,(#5573,#5574,#5575,#5576,
#5577,#5578,#5579),.UNSPECIFIED.,.T.,.F.) B_SPLINE_CURVE_WITH_KNOTS((1,2
    ,2,2,2,1),(-2.094395102393,0.,2.094395102393,4.188790204786,
6.28318530718,8.377580409573),.UNSPECIFIED.) CURVE() 
GEOMETRIC_REPRESENTATION_ITEM() RATIONAL_B_SPLINE_CURVE((1.,0.5,1.,0.5,
1.,0.5,1.)) REPRESENTATION_ITEM('') );
#5573 = CARTESIAN_POINT('',(82.,0.));
#5574 = CARTESIAN_POINT('',(76.803847577293,0.));
#5575 = CARTESIAN_POINT('',(79.401923788647,4.5));
#5576 = CARTESIAN_POINT('',(82.,9.));
#5577 = CARTESIAN_POINT('',(84.598076211353,4.5));
#5578 = CARTESIAN_POINT('',(87.196152422707,4.440892098501E-15));
#5579 = CARTESIAN_POINT('',(82.,0.));
#5580 = ( GEOMETRIC_REPRESENTATION_CONTEXT(2) 
PARAMETRIC_REPRESENTATION_CONTEXT() REPRESENTATION_CONTEXT('2D SPACE',''
  ) );
#5581 = PCURVE('',#5166,#5582);
#5582 = DEFINITIONAL_REPRESENTATION('',(#5583),#5587);
#5583 = LINE('',#5584,#5585);
#5584 = CARTESIAN_POINT('',(4.712388980385,-0.));
#5585 = VECTOR('',#5586,1.);
#5586 = DIRECTION('',(-1.,0.));
#5587 = ( GEOMETRIC_REPRESENTATION_CONTEXT(2) 
PARAMETRIC_REPRESENTATION_CONTEXT() REPRESENTATION_CONTEXT('2D SPACE',''
  ) );
#5588 = ORIENTED_EDGE('',*,*,#5589,.T.);
#5589 = EDGE_CURVE('',#5562,#5590,#5592,.T.);
#5590 = VERTEX_POINT('',#5591);
#5591 = CARTESIAN_POINT('',(42.5,12.,0.));
#5592 = SURFACE_CURVE('',#5593,(#5597,#5604),.PCURVE_S1.);
#5593 = LINE('',#5594,#5595);
#5594 = CARTESIAN_POINT('',(42.5,-15.,0.));
#5595 = VECTOR('',#5596,1.);
#5596 = DIRECTION('',(0.,1.,0.));
#5597 = PCURVE('',#5051,#5598);
#5598 = DEFINITIONAL_REPRESENTATION('',(#5599),#5603);
#5599 = LINE('',#5600,#5601);
#5600 = CARTESIAN_POINT('',(85.,0.));
#5601 = VECTOR('',#5602,1.);
#5602 = DIRECTION('',(0.,1.));
#5603 = ( GEOMETRIC_REPRESENTATION_CONTEXT(2) 
PARAMETRIC_REPRESENTATION_CONTEXT() REPRESENTATION_CONTEXT('2D SPACE',''
  ) );
#5604 = PCURVE('',#5194,#5605);
#5605 = DEFINITIONAL_REPRESENTATION('',(#5606),#5610);
#5606 = LINE('',#5607,#5608);
#5607 = CARTESIAN_POINT('',(0.,0.));
#5608 = VECTOR('',#5609,1.);
#5609 = DIRECTION('',(0.,-1.));
#5610 = ( GEOMETRIC_REPRESENTATION_CONTEXT(2) 
PARAMETRIC_REPRESENTATION_CONTEXT() REPRESENTATION_CONTEXT('2D SPACE',''
  ) );
#5611 = ORIENTED_EDGE('',*,*,#5612,.T.);
#5612 = EDGE_CURVE('',#5590,#5613,#5615,.T.);
#5613 = VERTEX_POINT('',#5614);
#5614 = CARTESIAN_POINT('',(39.5,15.,0.));
#5615 = SURFACE_CURVE('',#5616,(#5621,#5628),.PCURVE_S1.);
#5616 = CIRCLE('',#5617,3.);
#5617 = AXIS2_PLACEMENT_3D('',#5618,#5619,#5620);
#5618 = CARTESIAN_POINT('',(39.5,12.,0.));
#5619 = DIRECTION('',(0.,0.,1.));
#5620 = DIRECTION('',(0.,-1.,0.));
#5621 = PCURVE('',#5051,#5622);
#5622 = DEFINITIONAL_REPRESENTATION('',(#5623),#5627);
#5623 = CIRCLE('',#5624,3.);
#5624 = AXIS2_PLACEMENT_2D('',#5625,#5626);
#5625 = CARTESIAN_POINT('',(82.,27.));
#5626 = DIRECTION('',(0.,-1.));
#5627 = ( GEOMETRIC_REPRESENTATION_CONTEXT(2) 
PARAMETRIC_REPRESENTATION_CONTEXT() REPRESENTATION_CONTEXT('2D SPACE',''
  ) );
#5628 = PCURVE('',#5223,#5629);
#5629 = DEFINITIONAL_REPRESENTATION('',(#5630),#5634);
#5630 = LINE('',#5631,#5632);
#5631 = CARTESIAN_POINT('',(-1.570796326795,0.));
#5632 = VECTOR('',#5633,1.);
#5633 = DIRECTION('',(1.,0.));
#5634 = ( GEOMETRIC_REPRESENTATION_CONTEXT(2) 
PARAMETRIC_REPRESENTATION_CONTEXT() REPRESENTATION_CONTEXT('2D SPACE',''
  ) );
#5635 = ORIENTED_EDGE('',*,*,#5636,.F.);
#5636 = EDGE_CURVE('',#5483,#5613,#5637,.T.);
#5637 = SURFACE_CURVE('',#5638,(#5642,#5649),.PCURVE_S1.);
#5638 = LINE('',#5639,#5640);
#5639 = CARTESIAN_POINT('',(-42.5,15.,0.));
#5640 = VECTOR('',#5641,1.);
#5641 = DIRECTION('',(1.,0.,0.));
#5642 = PCURVE('',#5051,#5643);
#5643 = DEFINITIONAL_REPRESENTATION('',(#5644),#5648);
#5644 = LINE('',#5645,#5646);
#5645 = CARTESIAN_POINT('',(0.,30.));
#5646 = VECTOR('',#5647,1.);
#5647 = DIRECTION('',(1.,0.));
#5648 = ( GEOMETRIC_REPRESENTATION_CONTEXT(2) 
PARAMETRIC_REPRESENTATION_CONTEXT() REPRESENTATION_CONTEXT('2D SPACE',''
  ) );
#5649 = PCURVE('',#5251,#5650);
#5650 = DEFINITIONAL_REPRESENTATION('',(#5651),#5655);
#5651 = LINE('',#5652,#5653);
#5652 = CARTESIAN_POINT('',(0.,0.));
#5653 = VECTOR('',#5654,1.);
#5654 = DIRECTION('',(0.,1.));
#5655 = ( GEOMETRIC_REPRESENTATION_CONTEXT(2) 
PARAMETRIC_REPRESENTATION_CONTEXT() REPRESENTATION_CONTEXT('2D SPACE',''
  ) );
#5656 = ORIENTED_EDGE('',*,*,#5482,.F.);
#5657 = FACE_BOUND('',#5658,.F.);
#5658 = EDGE_LOOP('',(#5659));
#5659 = ORIENTED_EDGE('',*,*,#5660,.T.);
#5660 = EDGE_CURVE('',#5661,#5661,#5663,.T.);
#5661 = VERTEX_POINT('',#5662);
#5662 = CARTESIAN_POINT('',(-33.3,-12.,0.));
#5663 = SURFACE_CURVE('',#5664,(#5669,#5680),.PCURVE_S1.);
#5664 = CIRCLE('',#5665,1.7);
#5665 = AXIS2_PLACEMENT_3D('',#5666,#5667,#5668);
#5666 = CARTESIAN_POINT('',(-35.,-12.,0.));
#5667 = DIRECTION('',(0.,0.,-1.));
#5668 = DIRECTION('',(1.,0.,0.));
#5669 = PCURVE('',#5051,#5670);
#5670 = DEFINITIONAL_REPRESENTATION('',(#5671),#5679);
#5671 = ( BOUNDED_CURVE() B_SPLINE_CURVE(2,(#5672,#5673,#5674,#5675,
#5676,#5677,#5678),.UNSPECIFIED.,.T.,.F.) B_SPLINE_CURVE_WITH_KNOTS((1,2
    ,2,2,2,1),(-2.094395102393,0.,2.094395102393,4.188790204786,
6.28318530718,8.377580409573),.UNSPECIFIED.) CURVE() 
GEOMETRIC_REPRESENTATION_ITEM() RATIONAL_B_SPLINE_CURVE((1.,0.5,1.,0.5,
1.,0.5,1.)) REPRESENTATION_ITEM('') );
#5672 = CARTESIAN_POINT('',(9.2,3.));
#5673 = CARTESIAN_POINT('',(9.2,5.551362713291E-02));
#5674 = CARTESIAN_POINT('',(6.65,1.527756813566));
#5675 = CARTESIAN_POINT('',(4.1,3.));
#5676 = CARTESIAN_POINT('',(6.65,4.472243186434));
#5677 = CARTESIAN_POINT('',(9.2,5.944486372867));
#5678 = CARTESIAN_POINT('',(9.2,3.));
#5679 = ( GEOMETRIC_REPRESENTATION_CONTEXT(2) 
PARAMETRIC_REPRESENTATION_CONTEXT() REPRESENTATION_CONTEXT('2D SPACE',''
  ) );
#5680 = PCURVE('',#5312,#5681);
#5681 = DEFINITIONAL_REPRESENTATION('',(#5682),#5686);
#5682 = LINE('',#5683,#5684);
#5683 = CARTESIAN_POINT('',(-6.28318530718,-1.));
#5684 = VECTOR('',#5685,1.);
#5685 = DIRECTION('',(1.,-0.));
#5686 = ( GEOMETRIC_REPRESENTATION_CONTEXT(2) 
PARAMETRIC_REPRESENTATION_CONTEXT() REPRESENTATION_CONTEXT('2D SPACE',''
  ) );
#5687 = FACE_BOUND('',#5688,.F.);
#5688 = EDGE_LOOP('',(#5689));
#5689 = ORIENTED_EDGE('',*,*,#5690,.T.);
#5690 = EDGE_CURVE('',#5691,#5691,#5693,.T.);
#5691 = VERTEX_POINT('',#5692);
#5692 = CARTESIAN_POINT('',(36.7,-12.,0.));
#5693 = SURFACE_CURVE('',#5694,(#5699,#5710),.PCURVE_S1.);
#5694 = CIRCLE('',#5695,1.7);
#5695 = AXIS2_PLACEMENT_3D('',#5696,#5697,#5698);
#5696 = CARTESIAN_POINT('',(35.,-12.,0.));
#5697 = DIRECTION('',(0.,0.,-1.));
#5698 = DIRECTION('',(1.,0.,0.));
#5699 = PCURVE('',#5051,#5700);
#5700 = DEFINITIONAL_REPRESENTATION('',(#5701),#5709);
#5701 = ( BOUNDED_CURVE() B_SPLINE_CURVE(2,(#5702,#5703,#5704,#5705,
#5706,#5707,#5708),.UNSPECIFIED.,.T.,.F.) B_SPLINE_CURVE_WITH_KNOTS((1,2
    ,2,2,2,1),(-2.094395102393,0.,2.094395102393,4.188790204786,
6.28318530718,8.377580409573),.UNSPECIFIED.) CURVE() 
GEOMETRIC_REPRESENTATION_ITEM() RATIONAL_B_SPLINE_CURVE((1.,0.5,1.,0.5,
1.,0.5,1.)) REPRESENTATION_ITEM('') );
#5702 = CARTESIAN_POINT('',(79.2,3.));
#5703 = CARTESIAN_POINT('',(79.2,5.551362713291E-02));
#5704 = CARTESIAN_POINT('',(76.65,1.527756813566));
#5705 = CARTESIAN_POINT('',(74.1,3.));
#5706 = CARTESIAN_POINT('',(76.65,4.472243186434));
#5707 = CARTESIAN_POINT('',(79.2,5.944486372867));
#5708 = CARTESIAN_POINT('',(79.2,3.));
#5709 = ( GEOMETRIC_REPRESENTATION_CONTEXT(2) 
PARAMETRIC_REPRESENTATION_CONTEXT() REPRESENTATION_CONTEXT('2D SPACE',''
  ) );
#5710 = PCURVE('',#5347,#5711);
#5711 = DEFINITIONAL_REPRESENTATION('',(#5712),#5716);
#5712 = LINE('',#5713,#5714);
#5713 = CARTESIAN_POINT('',(-6.28318530718,-1.));
#5714 = VECTOR('',#5715,1.);
#5715 = DIRECTION('',(1.,-0.));
#5716 = ( GEOMETRIC_REPRESENTATION_CONTEXT(2) 
PARAMETRIC_REPRESENTATION_CONTEXT() REPRESENTATION_CONTEXT('2D SPACE',''
  ) );
#5717 = FACE_BOUND('',#5718,.F.);
#5718 = EDGE_LOOP('',(#5719));
#5719 = ORIENTED_EDGE('',*,*,#5720,.T.);
#5720 = EDGE_CURVE('',#5721,#5721,#5723,.T.);
#5721 = VERTEX_POINT('',#5722);
#5722 = CARTESIAN_POINT('',(-33.3,12.,0.));
#5723 = SURFACE_CURVE('',#5724,(#5729,#5740),.PCURVE_S1.);
#5724 = CIRCLE('',#5725,1.7);
#5725 = AXIS2_PLACEMENT_3D('',#5726,#5727,#5728);
#5726 = CARTESIAN_POINT('',(-35.,12.,0.));
#5727 = DIRECTION('',(0.,0.,-1.));
#5728 = DIRECTION('',(1.,0.,0.));
#5729 = PCURVE('',#5051,#5730);
#5730 = DEFINITIONAL_REPRESENTATION('',(#5731),#5739);
#5731 = ( BOUNDED_CURVE() B_SPLINE_CURVE(2,(#5732,#5733,#5734,#5735,
#5736,#5737,#5738),.UNSPECIFIED.,.T.,.F.) B_SPLINE_CURVE_WITH_KNOTS((1,2
    ,2,2,2,1),(-2.094395102393,0.,2.094395102393,4.188790204786,
6.28318530718,8.377580409573),.UNSPECIFIED.) CURVE() 
GEOMETRIC_REPRESENTATION_ITEM() RATIONAL_B_SPLINE_CURVE((1.,0.5,1.,0.5,
1.,0.5,1.)) REPRESENTATION_ITEM('') );
#5732 = CARTESIAN_POINT('',(9.2,27.));
#5733 = CARTESIAN_POINT('',(9.2,24.055513627133));
#5734 = CARTESIAN_POINT('',(6.65,25.527756813566));
#5735 = CARTESIAN_POINT('',(4.1,27.));
#5736 = CARTESIAN_POINT('',(6.65,28.472243186434));
#5737 = CARTESIAN_POINT('',(9.2,29.944486372867));
#5738 = CARTESIAN_POINT('',(9.2,27.));
#5739 = ( GEOMETRIC_REPRESENTATION_CONTEXT(2) 
PARAMETRIC_REPRESENTATION_CONTEXT() REPRESENTATION_CONTEXT('2D SPACE',''
  ) );
#5740 = PCURVE('',#5382,#5741);
#5741 = DEFINITIONAL_REPRESENTATION('',(#5742),#5746);
#5742 = LINE('',#5743,#5744);
#5743 = CARTESIAN_POINT('',(-6.28318530718,-1.));
#5744 = VECTOR('',#5745,1.);
#5745 = DIRECTION('',(1.,-0.));
#5746 = ( GEOMETRIC_REPRESENTATION_CONTEXT(2) 
PARAMETRIC_REPRESENTATION_CONTEXT() REPRESENTATION_CONTEXT('2D SPACE',''
  ) );
#5747 = FACE_BOUND('',#5748,.F.);
#5748 = EDGE_LOOP('',(#5749,#5777,#5803,#5829));
#5749 = ORIENTED_EDGE('',*,*,#5750,.T.);
#5750 = EDGE_CURVE('',#5751,#5753,#5755,.T.);
#5751 = VERTEX_POINT('',#5752);
#5752 = CARTESIAN_POINT('',(39.5,-5.8,0.));
#5753 = VERTEX_POINT('',#5754);
#5754 = CARTESIAN_POINT('',(-39.5,-5.8,0.));
#5755 = SURFACE_CURVE('',#5756,(#5760,#5766),.PCURVE_S1.);
#5756 = LINE('',#5757,#5758);
#5757 = CARTESIAN_POINT('',(-41.,-5.8,0.));
#5758 = VECTOR('',#5759,1.);
#5759 = DIRECTION('',(-1.,0.,0.));
#5760 = PCURVE('',#5051,#5761);
#5761 = DEFINITIONAL_REPRESENTATION('',(#5762),#5765);
#5762 = B_SPLINE_CURVE_WITH_KNOTS('',1,(#5763,#5764),.UNSPECIFIED.,.F.,
  .F.,(2,2),(-80.5,-1.5),.PIECEWISE_BEZIER_KNOTS.);
#5763 = CARTESIAN_POINT('',(82.,9.2));
#5764 = CARTESIAN_POINT('',(3.,9.2));
#5765 = ( GEOMETRIC_REPRESENTATION_CONTEXT(2) 
PARAMETRIC_REPRESENTATION_CONTEXT() REPRESENTATION_CONTEXT('2D SPACE',''
  ) );
#5766 = PCURVE('',#5767,#5772);
#5767 = PLANE('',#5768);
#5768 = AXIS2_PLACEMENT_3D('',#5769,#5770,#5771);
#5769 = CARTESIAN_POINT('',(-39.5,-5.8,-0.1));
#5770 = DIRECTION('',(0.,1.,0.));
#5771 = DIRECTION('',(0.,0.,1.));
#5772 = DEFINITIONAL_REPRESENTATION('',(#5773),#5776);
#5773 = B_SPLINE_CURVE_WITH_KNOTS('',1,(#5774,#5775),.UNSPECIFIED.,.F.,
  .F.,(2,2),(-80.5,-1.5),.PIECEWISE_BEZIER_KNOTS.);
#5774 = CARTESIAN_POINT('',(0.1,79.));
#5775 = CARTESIAN_POINT('',(0.1,0.));
#5776 = ( GEOMETRIC_REPRESENTATION_CONTEXT(2) 
PARAMETRIC_REPRESENTATION_CONTEXT() REPRESENTATION_CONTEXT('2D SPACE',''
  ) );
#5777 = ORIENTED_EDGE('',*,*,#5778,.T.);
#5778 = EDGE_CURVE('',#5753,#5779,#5781,.T.);
#5779 = VERTEX_POINT('',#5780);
#5780 = CARTESIAN_POINT('',(-39.5,5.8,0.));
#5781 = SURFACE_CURVE('',#5782,(#5786,#5792),.PCURVE_S1.);
#5782 = LINE('',#5783,#5784);
#5783 = CARTESIAN_POINT('',(-39.5,-10.4,0.));
#5784 = VECTOR('',#5785,1.);
#5785 = DIRECTION('',(0.,1.,0.));
#5786 = PCURVE('',#5051,#5787);
#5787 = DEFINITIONAL_REPRESENTATION('',(#5788),#5791);
#5788 = B_SPLINE_CURVE_WITH_KNOTS('',1,(#5789,#5790),.UNSPECIFIED.,.F.,
  .F.,(2,2),(4.6,16.2),.PIECEWISE_BEZIER_KNOTS.);
#5789 = CARTESIAN_POINT('',(3.,9.2));
#5790 = CARTESIAN_POINT('',(3.,20.8));
#5791 = ( GEOMETRIC_REPRESENTATION_CONTEXT(2) 
PARAMETRIC_REPRESENTATION_CONTEXT() REPRESENTATION_CONTEXT('2D SPACE',''
  ) );
#5792 = PCURVE('',#5793,#5798);
#5793 = PLANE('',#5794);
#5794 = AXIS2_PLACEMENT_3D('',#5795,#5796,#5797);
#5795 = CARTESIAN_POINT('',(-39.5,-5.8,-0.1));
#5796 = DIRECTION('',(1.,0.,0.));
#5797 = DIRECTION('',(0.,0.,1.));
#5798 = DEFINITIONAL_REPRESENTATION('',(#5799),#5802);
#5799 = B_SPLINE_CURVE_WITH_KNOTS('',1,(#5800,#5801),.UNSPECIFIED.,.F.,
  .F.,(2,2),(4.6,16.2),.PIECEWISE_BEZIER_KNOTS.);
#5800 = CARTESIAN_POINT('',(0.1,0.));
#5801 = CARTESIAN_POINT('',(0.1,-11.6));
#5802 = ( GEOMETRIC_REPRESENTATION_CONTEXT(2) 
PARAMETRIC_REPRESENTATION_CONTEXT() REPRESENTATION_CONTEXT('2D SPACE',''
  ) );
#5803 = ORIENTED_EDGE('',*,*,#5804,.F.);
#5804 = EDGE_CURVE('',#5805,#5779,#5807,.T.);
#5805 = VERTEX_POINT('',#5806);
#5806 = CARTESIAN_POINT('',(39.5,5.8,0.));
#5807 = SURFACE_CURVE('',#5808,(#5812,#5818),.PCURVE_S1.);
#5808 = LINE('',#5809,#5810);
#5809 = CARTESIAN_POINT('',(-41.,5.8,0.));
#5810 = VECTOR('',#5811,1.);
#5811 = DIRECTION('',(-1.,0.,0.));
#5812 = PCURVE('',#5051,#5813);
#5813 = DEFINITIONAL_REPRESENTATION('',(#5814),#5817);
#5814 = B_SPLINE_CURVE_WITH_KNOTS('',1,(#5815,#5816),.UNSPECIFIED.,.F.,
  .F.,(2,2),(-80.5,-1.5),.PIECEWISE_BEZIER_KNOTS.);
#5815 = CARTESIAN_POINT('',(82.,20.8));
#5816 = CARTESIAN_POINT('',(3.,20.8));
#5817 = ( GEOMETRIC_REPRESENTATION_CONTEXT(2) 
PARAMETRIC_REPRESENTATION_CONTEXT() REPRESENTATION_CONTEXT('2D SPACE',''
  ) );
#5818 = PCURVE('',#5819,#5824);
#5819 = PLANE('',#5820);
#5820 = AXIS2_PLACEMENT_3D('',#5821,#5822,#5823);
#5821 = CARTESIAN_POINT('',(-39.5,5.8,-0.1));
#5822 = DIRECTION('',(0.,1.,0.));
#5823 = DIRECTION('',(0.,0.,1.));
#5824 = DEFINITIONAL_REPRESENTATION('',(#5825),#5828);
#5825 = B_SPLINE_CURVE_WITH_KNOTS('',1,(#5826,#5827),.UNSPECIFIED.,.F.,
  .F.,(2,2),(-80.5,-1.5),.PIECEWISE_BEZIER_KNOTS.);
#5826 = CARTESIAN_POINT('',(0.1,79.));
#5827 = CARTESIAN_POINT('',(0.1,0.));
#5828 = ( GEOMETRIC_REPRESENTATION_CONTEXT(2) 
PARAMETRIC_REPRESENTATION_CONTEXT() REPRESENTATION_CONTEXT('2D SPACE',''
  ) );
#5829 = ORIENTED_EDGE('',*,*,#5830,.F.);
#5830 = EDGE_CURVE('',#5751,#5805,#5831,.T.);
#5831 = SURFACE_CURVE('',#5832,(#5836,#5842),.PCURVE_S1.);
#5832 = LINE('',#5833,#5834);
#5833 = CARTESIAN_POINT('',(39.5,-10.4,0.));
#5834 = VECTOR('',#5835,1.);
#5835 = DIRECTION('',(0.,1.,0.));
#5836 = PCURVE('',#5051,#5837);
#5837 = DEFINITIONAL_REPRESENTATION('',(#5838),#5841);
#5838 = B_SPLINE_CURVE_WITH_KNOTS('',1,(#5839,#5840),.UNSPECIFIED.,.F.,
  .F.,(2,2),(4.6,16.2),.PIECEWISE_BEZIER_KNOTS.);
#5839 = CARTESIAN_POINT('',(82.,9.2));
#5840 = CARTESIAN_POINT('',(82.,20.8));
#5841 = ( GEOMETRIC_REPRESENTATION_CONTEXT(2) 
PARAMETRIC_REPRESENTATION_CONTEXT() REPRESENTATION_CONTEXT('2D SPACE',''
  ) );
#5842 = PCURVE('',#5843,#5848);
#5843 = PLANE('',#5844);
#5844 = AXIS2_PLACEMENT_3D('',#5845,#5846,#5847);
#5845 = CARTESIAN_POINT('',(39.5,-5.8,-0.1));
#5846 = DIRECTION('',(1.,0.,0.));
#5847 = DIRECTION('',(0.,0.,1.));
#5848 = DEFINITIONAL_REPRESENTATION('',(#5849),#5852);
#5849 = B_SPLINE_CURVE_WITH_KNOTS('',1,(#5850,#5851),.UNSPECIFIED.,.F.,
  .F.,(2,2),(4.6,16.2),.PIECEWISE_BEZIER_KNOTS.);
#5850 = CARTESIAN_POINT('',(0.1,0.));
#5851 = CARTESIAN_POINT('',(0.1,-11.6));
#5852 = ( GEOMETRIC_REPRESENTATION_CONTEXT(2) 
PARAMETRIC_REPRESENTATION_CONTEXT() REPRESENTATION_CONTEXT('2D SPACE',''
  ) );
#5853 = FACE_BOUND('',#5854,.F.);
#5854 = EDGE_LOOP('',(#5855));
#5855 = ORIENTED_EDGE('',*,*,#5856,.T.);
#5856 = EDGE_CURVE('',#5857,#5857,#5859,.T.);
#5857 = VERTEX_POINT('',#5858);
#5858 = CARTESIAN_POINT('',(36.7,12.,0.));
#5859 = SURFACE_CURVE('',#5860,(#5865,#5876),.PCURVE_S1.);
#5860 = CIRCLE('',#5861,1.7);
#5861 = AXIS2_PLACEMENT_3D('',#5862,#5863,#5864);
#5862 = CARTESIAN_POINT('',(35.,12.,0.));
#5863 = DIRECTION('',(0.,0.,-1.));
#5864 = DIRECTION('',(1.,0.,0.));
#5865 = PCURVE('',#5051,#5866);
#5866 = DEFINITIONAL_REPRESENTATION('',(#5867),#5875);
#5867 = ( BOUNDED_CURVE() B_SPLINE_CURVE(2,(#5868,#5869,#5870,#5871,
#5872,#5873,#5874),.UNSPECIFIED.,.T.,.F.) B_SPLINE_CURVE_WITH_KNOTS((1,2
    ,2,2,2,1),(-2.094395102393,0.,2.094395102393,4.188790204786,
6.28318530718,8.377580409573),.UNSPECIFIED.) CURVE() 
GEOMETRIC_REPRESENTATION_ITEM() RATIONAL_B_SPLINE_CURVE((1.,0.5,1.,0.5,
1.,0.5,1.)) REPRESENTATION_ITEM('') );
#5868 = CARTESIAN_POINT('',(79.2,27.));
#5869 = CARTESIAN_POINT('',(79.2,24.055513627133));
#5870 = CARTESIAN_POINT('',(76.65,25.527756813566));
#5871 = CARTESIAN_POINT('',(74.1,27.));
#5872 = CARTESIAN_POINT('',(76.65,28.472243186434));
#5873 = CARTESIAN_POINT('',(79.2,29.944486372867));
#5874 = CARTESIAN_POINT('',(79.2,27.));
#5875 = ( GEOMETRIC_REPRESENTATION_CONTEXT(2) 
PARAMETRIC_REPRESENTATION_CONTEXT() REPRESENTATION_CONTEXT('2D SPACE',''
  ) );
#5876 = PCURVE('',#5417,#5877);
#5877 = DEFINITIONAL_REPRESENTATION('',(#5878),#5882);
#5878 = LINE('',#5879,#5880);
#5879 = CARTESIAN_POINT('',(-6.28318530718,-1.));
#5880 = VECTOR('',#5881,1.);
#5881 = DIRECTION('',(1.,-0.));
#5882 = ( GEOMETRIC_REPRESENTATION_CONTEXT(2) 
PARAMETRIC_REPRESENTATION_CONTEXT() REPRESENTATION_CONTEXT('2D SPACE',''
  ) );
#5883 = ADVANCED_FACE('',(#5884),#5133,.F.);
#5884 = FACE_BOUND('',#5885,.F.);
#5885 = EDGE_LOOP('',(#5886,#5887,#5888,#5889));
#5886 = ORIENTED_EDGE('',*,*,#5538,.F.);
#5887 = ORIENTED_EDGE('',*,*,#5456,.T.);
#5888 = ORIENTED_EDGE('',*,*,#5117,.T.);
#5889 = ORIENTED_EDGE('',*,*,#5890,.F.);
#5890 = EDGE_CURVE('',#5539,#5118,#5891,.T.);
#5891 = SURFACE_CURVE('',#5892,(#5896,#5903),.PCURVE_S1.);
#5892 = LINE('',#5893,#5894);
#5893 = CARTESIAN_POINT('',(39.5,-15.,0.));
#5894 = VECTOR('',#5895,1.);
#5895 = DIRECTION('',(0.,0.,1.));
#5896 = PCURVE('',#5133,#5897);
#5897 = DEFINITIONAL_REPRESENTATION('',(#5898),#5902);
#5898 = LINE('',#5899,#5900);
#5899 = CARTESIAN_POINT('',(0.,82.));
#5900 = VECTOR('',#5901,1.);
#5901 = DIRECTION('',(1.,0.));
#5902 = ( GEOMETRIC_REPRESENTATION_CONTEXT(2) 
PARAMETRIC_REPRESENTATION_CONTEXT() REPRESENTATION_CONTEXT('2D SPACE',''
  ) );
#5903 = PCURVE('',#5166,#5904);
#5904 = DEFINITIONAL_REPRESENTATION('',(#5905),#5909);
#5905 = LINE('',#5906,#5907);
#5906 = CARTESIAN_POINT('',(-1.570796326795,0.));
#5907 = VECTOR('',#5908,1.);
#5908 = DIRECTION('',(-0.,1.));
#5909 = ( GEOMETRIC_REPRESENTATION_CONTEXT(2) 
PARAMETRIC_REPRESENTATION_CONTEXT() REPRESENTATION_CONTEXT('2D SPACE',''
  ) );
#5910 = ADVANCED_FACE('',(#5911),#5251,.T.);
#5911 = FACE_BOUND('',#5912,.T.);
#5912 = EDGE_LOOP('',(#5913,#5914,#5915,#5916));
#5913 = ORIENTED_EDGE('',*,*,#5636,.F.);
#5914 = ORIENTED_EDGE('',*,*,#5510,.T.);
#5915 = ORIENTED_EDGE('',*,*,#5235,.T.);
#5916 = ORIENTED_EDGE('',*,*,#5917,.F.);
#5917 = EDGE_CURVE('',#5613,#5207,#5918,.T.);
#5918 = SURFACE_CURVE('',#5919,(#5923,#5930),.PCURVE_S1.);
#5919 = LINE('',#5920,#5921);
#5920 = CARTESIAN_POINT('',(39.5,15.,0.));
#5921 = VECTOR('',#5922,1.);
#5922 = DIRECTION('',(0.,0.,1.));
#5923 = PCURVE('',#5251,#5924);
#5924 = DEFINITIONAL_REPRESENTATION('',(#5925),#5929);
#5925 = LINE('',#5926,#5927);
#5926 = CARTESIAN_POINT('',(0.,82.));
#5927 = VECTOR('',#5928,1.);
#5928 = DIRECTION('',(1.,0.));
#5929 = ( GEOMETRIC_REPRESENTATION_CONTEXT(2) 
PARAMETRIC_REPRESENTATION_CONTEXT() REPRESENTATION_CONTEXT('2D SPACE',''
  ) );
#5930 = PCURVE('',#5223,#5931);
#5931 = DEFINITIONAL_REPRESENTATION('',(#5932),#5936);
#5932 = LINE('',#5933,#5934);
#5933 = CARTESIAN_POINT('',(1.570796326795,0.));
#5934 = VECTOR('',#5935,1.);
#5935 = DIRECTION('',(0.,1.));
#5936 = ( GEOMETRIC_REPRESENTATION_CONTEXT(2) 
PARAMETRIC_REPRESENTATION_CONTEXT() REPRESENTATION_CONTEXT('2D SPACE',''
  ) );
#5937 = ADVANCED_FACE('',(#5938),#5166,.T.);
#5938 = FACE_BOUND('',#5939,.F.);
#5939 = EDGE_LOOP('',(#5940,#5941,#5942,#5943));
#5940 = ORIENTED_EDGE('',*,*,#5561,.T.);
#5941 = ORIENTED_EDGE('',*,*,#5890,.T.);
#5942 = ORIENTED_EDGE('',*,*,#5145,.F.);
#5943 = ORIENTED_EDGE('',*,*,#5944,.F.);
#5944 = EDGE_CURVE('',#5562,#5146,#5945,.T.);
#5945 = SURFACE_CURVE('',#5946,(#5950,#5957),.PCURVE_S1.);
#5946 = LINE('',#5947,#5948);
#5947 = CARTESIAN_POINT('',(42.5,-12.,0.));
#5948 = VECTOR('',#5949,1.);
#5949 = DIRECTION('',(0.,0.,1.));
#5950 = PCURVE('',#5166,#5951);
#5951 = DEFINITIONAL_REPRESENTATION('',(#5952),#5956);
#5952 = LINE('',#5953,#5954);
#5953 = CARTESIAN_POINT('',(-0.,0.));
#5954 = VECTOR('',#5955,1.);
#5955 = DIRECTION('',(-0.,1.));
#5956 = ( GEOMETRIC_REPRESENTATION_CONTEXT(2) 
PARAMETRIC_REPRESENTATION_CONTEXT() REPRESENTATION_CONTEXT('2D SPACE',''
  ) );
#5957 = PCURVE('',#5194,#5958);
#5958 = DEFINITIONAL_REPRESENTATION('',(#5959),#5963);
#5959 = LINE('',#5960,#5961);
#5960 = CARTESIAN_POINT('',(0.,-3.));
#5961 = VECTOR('',#5962,1.);
#5962 = DIRECTION('',(1.,0.));
#5963 = ( GEOMETRIC_REPRESENTATION_CONTEXT(2) 
PARAMETRIC_REPRESENTATION_CONTEXT() REPRESENTATION_CONTEXT('2D SPACE',''
  ) );
#5964 = ADVANCED_FACE('',(#5965),#5223,.T.);
#5965 = FACE_BOUND('',#5966,.T.);
#5966 = EDGE_LOOP('',(#5967,#5968,#5969,#5970));
#5967 = ORIENTED_EDGE('',*,*,#5612,.T.);
#5968 = ORIENTED_EDGE('',*,*,#5917,.T.);
#5969 = ORIENTED_EDGE('',*,*,#5206,.F.);
#5970 = ORIENTED_EDGE('',*,*,#5971,.F.);
#5971 = EDGE_CURVE('',#5590,#5179,#5972,.T.);
#5972 = SURFACE_CURVE('',#5973,(#5977,#5984),.PCURVE_S1.);
#5973 = LINE('',#5974,#5975);
#5974 = CARTESIAN_POINT('',(42.5,12.,0.));
#5975 = VECTOR('',#5976,1.);
#5976 = DIRECTION('',(0.,0.,1.));
#5977 = PCURVE('',#5223,#5978);
#5978 = DEFINITIONAL_REPRESENTATION('',(#5979),#5983);
#5979 = LINE('',#5980,#5981);
#5980 = CARTESIAN_POINT('',(0.,0.));
#5981 = VECTOR('',#5982,1.);
#5982 = DIRECTION('',(0.,1.));
#5983 = ( GEOMETRIC_REPRESENTATION_CONTEXT(2) 
PARAMETRIC_REPRESENTATION_CONTEXT() REPRESENTATION_CONTEXT('2D SPACE',''
  ) );
#5984 = PCURVE('',#5194,#5985);
#5985 = DEFINITIONAL_REPRESENTATION('',(#5986),#5990);
#5986 = LINE('',#5987,#5988);
#5987 = CARTESIAN_POINT('',(0.,-27.));
#5988 = VECTOR('',#5989,1.);
#5989 = DIRECTION('',(1.,0.));
#5990 = ( GEOMETRIC_REPRESENTATION_CONTEXT(2) 
PARAMETRIC_REPRESENTATION_CONTEXT() REPRESENTATION_CONTEXT('2D SPACE',''
  ) );
#5991 = ADVANCED_FACE('',(#5992),#5194,.T.);
#5992 = FACE_BOUND('',#5993,.T.);
#5993 = EDGE_LOOP('',(#5994,#5995,#5996,#5997));
#5994 = ORIENTED_EDGE('',*,*,#5178,.F.);
#5995 = ORIENTED_EDGE('',*,*,#5944,.F.);
#5996 = ORIENTED_EDGE('',*,*,#5589,.T.);
#5997 = ORIENTED_EDGE('',*,*,#5971,.T.);
#5998 = ADVANCED_FACE('',(#5999),#5312,.F.);
#5999 = FACE_BOUND('',#6000,.T.);
#6000 = EDGE_LOOP('',(#6001,#6002,#6023,#6024));
#6001 = ORIENTED_EDGE('',*,*,#5660,.T.);
#6002 = ORIENTED_EDGE('',*,*,#6003,.T.);
#6003 = EDGE_CURVE('',#5661,#5292,#6004,.T.);
#6004 = SEAM_CURVE('',#6005,(#6009,#6016),.PCURVE_S1.);
#6005 = LINE('',#6006,#6007);
#6006 = CARTESIAN_POINT('',(-33.3,-12.,-1.));
#6007 = VECTOR('',#6008,1.);
#6008 = DIRECTION('',(0.,0.,1.));
#6009 = PCURVE('',#5312,#6010);
#6010 = DEFINITIONAL_REPRESENTATION('',(#6011),#6015);
#6011 = LINE('',#6012,#6013);
#6012 = CARTESIAN_POINT('',(-6.28318530718,0.));
#6013 = VECTOR('',#6014,1.);
#6014 = DIRECTION('',(-0.,-1.));
#6015 = ( GEOMETRIC_REPRESENTATION_CONTEXT(2) 
PARAMETRIC_REPRESENTATION_CONTEXT() REPRESENTATION_CONTEXT('2D SPACE',''
  ) );
#6016 = PCURVE('',#5312,#6017);
#6017 = DEFINITIONAL_REPRESENTATION('',(#6018),#6022);
#6018 = LINE('',#6019,#6020);
#6019 = CARTESIAN_POINT('',(-0.,0.));
#6020 = VECTOR('',#6021,1.);
#6021 = DIRECTION('',(-0.,-1.));
#6022 = ( GEOMETRIC_REPRESENTATION_CONTEXT(2) 
PARAMETRIC_REPRESENTATION_CONTEXT() REPRESENTATION_CONTEXT('2D SPACE',''
  ) );
#6023 = ORIENTED_EDGE('',*,*,#5291,.F.);
#6024 = ORIENTED_EDGE('',*,*,#6003,.F.);
#6025 = ADVANCED_FACE('',(#6026),#5347,.F.);
#6026 = FACE_BOUND('',#6027,.T.);
#6027 = EDGE_LOOP('',(#6028,#6029,#6050,#6051));
#6028 = ORIENTED_EDGE('',*,*,#5690,.T.);
#6029 = ORIENTED_EDGE('',*,*,#6030,.T.);
#6030 = EDGE_CURVE('',#5691,#5327,#6031,.T.);
#6031 = SEAM_CURVE('',#6032,(#6036,#6043),.PCURVE_S1.);
#6032 = LINE('',#6033,#6034);
#6033 = CARTESIAN_POINT('',(36.7,-12.,-1.));
#6034 = VECTOR('',#6035,1.);
#6035 = DIRECTION('',(0.,0.,1.));
#6036 = PCURVE('',#5347,#6037);
#6037 = DEFINITIONAL_REPRESENTATION('',(#6038),#6042);
#6038 = LINE('',#6039,#6040);
#6039 = CARTESIAN_POINT('',(-6.28318530718,0.));
#6040 = VECTOR('',#6041,1.);
#6041 = DIRECTION('',(-0.,-1.));
#6042 = ( GEOMETRIC_REPRESENTATION_CONTEXT(2) 
PARAMETRIC_REPRESENTATION_CONTEXT() REPRESENTATION_CONTEXT('2D SPACE',''
  ) );
#6043 = PCURVE('',#5347,#6044);
#6044 = DEFINITIONAL_REPRESENTATION('',(#6045),#6049);
#6045 = LINE('',#6046,#6047);
#6046 = CARTESIAN_POINT('',(-0.,0.));
#6047 = VECTOR('',#6048,1.);
#6048 = DIRECTION('',(-0.,-1.));
#6049 = ( GEOMETRIC_REPRESENTATION_CONTEXT(2) 
PARAMETRIC_REPRESENTATION_CONTEXT() REPRESENTATION_CONTEXT('2D SPACE',''
  ) );
#6050 = ORIENTED_EDGE('',*,*,#5326,.F.);
#6051 = ORIENTED_EDGE('',*,*,#6030,.F.);
#6052 = ADVANCED_FACE('',(#6053),#5382,.F.);
#6053 = FACE_BOUND('',#6054,.T.);
#6054 = EDGE_LOOP('',(#6055,#6056,#6077,#6078));
#6055 = ORIENTED_EDGE('',*,*,#5720,.T.);
#6056 = ORIENTED_EDGE('',*,*,#6057,.T.);
#6057 = EDGE_CURVE('',#5721,#5362,#6058,.T.);
#6058 = SEAM_CURVE('',#6059,(#6063,#6070),.PCURVE_S1.);
#6059 = LINE('',#6060,#6061);
#6060 = CARTESIAN_POINT('',(-33.3,12.,-1.));
#6061 = VECTOR('',#6062,1.);
#6062 = DIRECTION('',(0.,0.,1.));
#6063 = PCURVE('',#5382,#6064);
#6064 = DEFINITIONAL_REPRESENTATION('',(#6065),#6069);
#6065 = LINE('',#6066,#6067);
#6066 = CARTESIAN_POINT('',(-6.28318530718,0.));
#6067 = VECTOR('',#6068,1.);
#6068 = DIRECTION('',(-0.,-1.));
#6069 = ( GEOMETRIC_REPRESENTATION_CONTEXT(2) 
PARAMETRIC_REPRESENTATION_CONTEXT() REPRESENTATION_CONTEXT('2D SPACE',''
  ) );
#6070 = PCURVE('',#5382,#6071);
#6071 = DEFINITIONAL_REPRESENTATION('',(#6072),#6076);
#6072 = LINE('',#6073,#6074);
#6073 = CARTESIAN_POINT('',(-0.,0.));
#6074 = VECTOR('',#6075,1.);
#6075 = DIRECTION('',(-0.,-1.));
#6076 = ( GEOMETRIC_REPRESENTATION_CONTEXT(2) 
PARAMETRIC_REPRESENTATION_CONTEXT() REPRESENTATION_CONTEXT('2D SPACE',''
  ) );
#6077 = ORIENTED_EDGE('',*,*,#5361,.F.);
#6078 = ORIENTED_EDGE('',*,*,#6057,.F.);
#6079 = ADVANCED_FACE('',(#6080),#5417,.F.);
#6080 = FACE_BOUND('',#6081,.T.);
#6081 = EDGE_LOOP('',(#6082,#6083,#6104,#6105));
#6082 = ORIENTED_EDGE('',*,*,#5856,.T.);
#6083 = ORIENTED_EDGE('',*,*,#6084,.T.);
#6084 = EDGE_CURVE('',#5857,#5397,#6085,.T.);
#6085 = SEAM_CURVE('',#6086,(#6090,#6097),.PCURVE_S1.);
#6086 = LINE('',#6087,#6088);
#6087 = CARTESIAN_POINT('',(36.7,12.,-1.));
#6088 = VECTOR('',#6089,1.);
#6089 = DIRECTION('',(0.,0.,1.));
#6090 = PCURVE('',#5417,#6091);
#6091 = DEFINITIONAL_REPRESENTATION('',(#6092),#6096);
#6092 = LINE('',#6093,#6094);
#6093 = CARTESIAN_POINT('',(-6.28318530718,0.));
#6094 = VECTOR('',#6095,1.);
#6095 = DIRECTION('',(-0.,-1.));
#6096 = ( GEOMETRIC_REPRESENTATION_CONTEXT(2) 
PARAMETRIC_REPRESENTATION_CONTEXT() REPRESENTATION_CONTEXT('2D SPACE',''
  ) );
#6097 = PCURVE('',#5417,#6098);
#6098 = DEFINITIONAL_REPRESENTATION('',(#6099),#6103);
#6099 = LINE('',#6100,#6101);
#6100 = CARTESIAN_POINT('',(-0.,0.));
#6101 = VECTOR('',#6102,1.);
#6102 = DIRECTION('',(-0.,-1.));
#6103 = ( GEOMETRIC_REPRESENTATION_CONTEXT(2) 
PARAMETRIC_REPRESENTATION_CONTEXT() REPRESENTATION_CONTEXT('2D SPACE',''
  ) );
#6104 = ORIENTED_EDGE('',*,*,#5396,.F.);
#6105 = ORIENTED_EDGE('',*,*,#6084,.F.);
#6106 = ADVANCED_FACE('',(#6107),#5767,.T.);
#6107 = FACE_BOUND('',#6108,.T.);
#6108 = EDGE_LOOP('',(#6109,#6132,#6133,#6156));
#6109 = ORIENTED_EDGE('',*,*,#6110,.F.);
#6110 = EDGE_CURVE('',#5751,#6111,#6113,.T.);
#6111 = VERTEX_POINT('',#6112);
#6112 = CARTESIAN_POINT('',(39.5,-5.8,6.1));
#6113 = SURFACE_CURVE('',#6114,(#6118,#6125),.PCURVE_S1.);
#6114 = LINE('',#6115,#6116);
#6115 = CARTESIAN_POINT('',(39.5,-5.8,-0.1));
#6116 = VECTOR('',#6117,1.);
#6117 = DIRECTION('',(0.,0.,1.));
#6118 = PCURVE('',#5767,#6119);
#6119 = DEFINITIONAL_REPRESENTATION('',(#6120),#6124);
#6120 = LINE('',#6121,#6122);
#6121 = CARTESIAN_POINT('',(0.,79.));
#6122 = VECTOR('',#6123,1.);
#6123 = DIRECTION('',(1.,0.));
#6124 = ( GEOMETRIC_REPRESENTATION_CONTEXT(2) 
PARAMETRIC_REPRESENTATION_CONTEXT() REPRESENTATION_CONTEXT('2D SPACE',''
  ) );
#6125 = PCURVE('',#5843,#6126);
#6126 = DEFINITIONAL_REPRESENTATION('',(#6127),#6131);
#6127 = LINE('',#6128,#6129);
#6128 = CARTESIAN_POINT('',(0.,0.));
#6129 = VECTOR('',#6130,1.);
#6130 = DIRECTION('',(1.,0.));
#6131 = ( GEOMETRIC_REPRESENTATION_CONTEXT(2) 
PARAMETRIC_REPRESENTATION_CONTEXT() REPRESENTATION_CONTEXT('2D SPACE',''
  ) );
#6132 = ORIENTED_EDGE('',*,*,#5750,.T.);
#6133 = ORIENTED_EDGE('',*,*,#6134,.T.);
#6134 = EDGE_CURVE('',#5753,#6135,#6137,.T.);
#6135 = VERTEX_POINT('',#6136);
#6136 = CARTESIAN_POINT('',(-39.5,-5.8,6.1));
#6137 = SURFACE_CURVE('',#6138,(#6142,#6149),.PCURVE_S1.);
#6138 = LINE('',#6139,#6140);
#6139 = CARTESIAN_POINT('',(-39.5,-5.8,-0.1));
#6140 = VECTOR('',#6141,1.);
#6141 = DIRECTION('',(0.,0.,1.));
#6142 = PCURVE('',#5767,#6143);
#6143 = DEFINITIONAL_REPRESENTATION('',(#6144),#6148);
#6144 = LINE('',#6145,#6146);
#6145 = CARTESIAN_POINT('',(0.,0.));
#6146 = VECTOR('',#6147,1.);
#6147 = DIRECTION('',(1.,0.));
#6148 = ( GEOMETRIC_REPRESENTATION_CONTEXT(2) 
PARAMETRIC_REPRESENTATION_CONTEXT() REPRESENTATION_CONTEXT('2D SPACE',''
  ) );
#6149 = PCURVE('',#5793,#6150);
#6150 = DEFINITIONAL_REPRESENTATION('',(#6151),#6155);
#6151 = LINE('',#6152,#6153);
#6152 = CARTESIAN_POINT('',(0.,0.));
#6153 = VECTOR('',#6154,1.);
#6154 = DIRECTION('',(1.,0.));
#6155 = ( GEOMETRIC_REPRESENTATION_CONTEXT(2) 
PARAMETRIC_REPRESENTATION_CONTEXT() REPRESENTATION_CONTEXT('2D SPACE',''
  ) );
#6156 = ORIENTED_EDGE('',*,*,#6157,.T.);
#6157 = EDGE_CURVE('',#6135,#6111,#6158,.T.);
#6158 = SURFACE_CURVE('',#6159,(#6163,#6170),.PCURVE_S1.);
#6159 = LINE('',#6160,#6161);
#6160 = CARTESIAN_POINT('',(-39.5,-5.8,6.1));
#6161 = VECTOR('',#6162,1.);
#6162 = DIRECTION('',(1.,0.,0.));
#6163 = PCURVE('',#5767,#6164);
#6164 = DEFINITIONAL_REPRESENTATION('',(#6165),#6169);
#6165 = LINE('',#6166,#6167);
#6166 = CARTESIAN_POINT('',(6.2,0.));
#6167 = VECTOR('',#6168,1.);
#6168 = DIRECTION('',(0.,1.));
#6169 = ( GEOMETRIC_REPRESENTATION_CONTEXT(2) 
PARAMETRIC_REPRESENTATION_CONTEXT() REPRESENTATION_CONTEXT('2D SPACE',''
  ) );
#6170 = PCURVE('',#6171,#6176);
#6171 = PLANE('',#6172);
#6172 = AXIS2_PLACEMENT_3D('',#6173,#6174,#6175);
#6173 = CARTESIAN_POINT('',(-39.5,-5.8,6.1));
#6174 = DIRECTION('',(0.,0.,1.));
#6175 = DIRECTION('',(1.,0.,0.));
#6176 = DEFINITIONAL_REPRESENTATION('',(#6177),#6181);
#6177 = LINE('',#6178,#6179);
#6178 = CARTESIAN_POINT('',(0.,0.));
#6179 = VECTOR('',#6180,1.);
#6180 = DIRECTION('',(1.,0.));
#6181 = ( GEOMETRIC_REPRESENTATION_CONTEXT(2) 
PARAMETRIC_REPRESENTATION_CONTEXT() REPRESENTATION_CONTEXT('2D SPACE',''
  ) );
#6182 = ADVANCED_FACE('',(#6183),#5843,.F.);
#6183 = FACE_BOUND('',#6184,.F.);
#6184 = EDGE_LOOP('',(#6185,#6186,#6187,#6210));
#6185 = ORIENTED_EDGE('',*,*,#6110,.F.);
#6186 = ORIENTED_EDGE('',*,*,#5830,.T.);
#6187 = ORIENTED_EDGE('',*,*,#6188,.T.);
#6188 = EDGE_CURVE('',#5805,#6189,#6191,.T.);
#6189 = VERTEX_POINT('',#6190);
#6190 = CARTESIAN_POINT('',(39.5,5.8,6.1));
#6191 = SURFACE_CURVE('',#6192,(#6196,#6203),.PCURVE_S1.);
#6192 = LINE('',#6193,#6194);
#6193 = CARTESIAN_POINT('',(39.5,5.8,-0.1));
#6194 = VECTOR('',#6195,1.);
#6195 = DIRECTION('',(0.,0.,1.));
#6196 = PCURVE('',#5843,#6197);
#6197 = DEFINITIONAL_REPRESENTATION('',(#6198),#6202);
#6198 = LINE('',#6199,#6200);
#6199 = CARTESIAN_POINT('',(0.,-11.6));
#6200 = VECTOR('',#6201,1.);
#6201 = DIRECTION('',(1.,0.));
#6202 = ( GEOMETRIC_REPRESENTATION_CONTEXT(2) 
PARAMETRIC_REPRESENTATION_CONTEXT() REPRESENTATION_CONTEXT('2D SPACE',''
  ) );
#6203 = PCURVE('',#5819,#6204);
#6204 = DEFINITIONAL_REPRESENTATION('',(#6205),#6209);
#6205 = LINE('',#6206,#6207);
#6206 = CARTESIAN_POINT('',(0.,79.));
#6207 = VECTOR('',#6208,1.);
#6208 = DIRECTION('',(1.,0.));
#6209 = ( GEOMETRIC_REPRESENTATION_CONTEXT(2) 
PARAMETRIC_REPRESENTATION_CONTEXT() REPRESENTATION_CONTEXT('2D SPACE',''
  ) );
#6210 = ORIENTED_EDGE('',*,*,#6211,.F.);
#6211 = EDGE_CURVE('',#6111,#6189,#6212,.T.);
#6212 = SURFACE_CURVE('',#6213,(#6217,#6224),.PCURVE_S1.);
#6213 = LINE('',#6214,#6215);
#6214 = CARTESIAN_POINT('',(39.5,-5.8,6.1));
#6215 = VECTOR('',#6216,1.);
#6216 = DIRECTION('',(0.,1.,0.));
#6217 = PCURVE('',#5843,#6218);
#6218 = DEFINITIONAL_REPRESENTATION('',(#6219),#6223);
#6219 = LINE('',#6220,#6221);
#6220 = CARTESIAN_POINT('',(6.2,0.));
#6221 = VECTOR('',#6222,1.);
#6222 = DIRECTION('',(0.,-1.));
#6223 = ( GEOMETRIC_REPRESENTATION_CONTEXT(2) 
PARAMETRIC_REPRESENTATION_CONTEXT() REPRESENTATION_CONTEXT('2D SPACE',''
  ) );
#6224 = PCURVE('',#6171,#6225);
#6225 = DEFINITIONAL_REPRESENTATION('',(#6226),#6230);
#6226 = LINE('',#6227,#6228);
#6227 = CARTESIAN_POINT('',(79.,0.));
#6228 = VECTOR('',#6229,1.);
#6229 = DIRECTION('',(0.,1.));
#6230 = ( GEOMETRIC_REPRESENTATION_CONTEXT(2) 
PARAMETRIC_REPRESENTATION_CONTEXT() REPRESENTATION_CONTEXT('2D SPACE',''
  ) );
#6231 = ADVANCED_FACE('',(#6232),#5793,.T.);
#6232 = FACE_BOUND('',#6233,.T.);
#6233 = EDGE_LOOP('',(#6234,#6235,#6236,#6259));
#6234 = ORIENTED_EDGE('',*,*,#6134,.F.);
#6235 = ORIENTED_EDGE('',*,*,#5778,.T.);
#6236 = ORIENTED_EDGE('',*,*,#6237,.T.);
#6237 = EDGE_CURVE('',#5779,#6238,#6240,.T.);
#6238 = VERTEX_POINT('',#6239);
#6239 = CARTESIAN_POINT('',(-39.5,5.8,6.1));
#6240 = SURFACE_CURVE('',#6241,(#6245,#6252),.PCURVE_S1.);
#6241 = LINE('',#6242,#6243);
#6242 = CARTESIAN_POINT('',(-39.5,5.8,-0.1));
#6243 = VECTOR('',#6244,1.);
#6244 = DIRECTION('',(0.,0.,1.));
#6245 = PCURVE('',#5793,#6246);
#6246 = DEFINITIONAL_REPRESENTATION('',(#6247),#6251);
#6247 = LINE('',#6248,#6249);
#6248 = CARTESIAN_POINT('',(0.,-11.6));
#6249 = VECTOR('',#6250,1.);
#6250 = DIRECTION('',(1.,0.));
#6251 = ( GEOMETRIC_REPRESENTATION_CONTEXT(2) 
PARAMETRIC_REPRESENTATION_CONTEXT() REPRESENTATION_CONTEXT('2D SPACE',''
  ) );
#6252 = PCURVE('',#5819,#6253);
#6253 = DEFINITIONAL_REPRESENTATION('',(#6254),#6258);
#6254 = LINE('',#6255,#6256);
#6255 = CARTESIAN_POINT('',(0.,0.));
#6256 = VECTOR('',#6257,1.);
#6257 = DIRECTION('',(1.,0.));
#6258 = ( GEOMETRIC_REPRESENTATION_CONTEXT(2) 
PARAMETRIC_REPRESENTATION_CONTEXT() REPRESENTATION_CONTEXT('2D SPACE',''
  ) );
#6259 = ORIENTED_EDGE('',*,*,#6260,.F.);
#6260 = EDGE_CURVE('',#6135,#6238,#6261,.T.);
#6261 = SURFACE_CURVE('',#6262,(#6266,#6273),.PCURVE_S1.);
#6262 = LINE('',#6263,#6264);
#6263 = CARTESIAN_POINT('',(-39.5,-5.8,6.1));
#6264 = VECTOR('',#6265,1.);
#6265 = DIRECTION('',(0.,1.,0.));
#6266 = PCURVE('',#5793,#6267);
#6267 = DEFINITIONAL_REPRESENTATION('',(#6268),#6272);
#6268 = LINE('',#6269,#6270);
#6269 = CARTESIAN_POINT('',(6.2,0.));
#6270 = VECTOR('',#6271,1.);
#6271 = DIRECTION('',(0.,-1.));
#6272 = ( GEOMETRIC_REPRESENTATION_CONTEXT(2) 
PARAMETRIC_REPRESENTATION_CONTEXT() REPRESENTATION_CONTEXT('2D SPACE',''
  ) );
#6273 = PCURVE('',#6171,#6274);
#6274 = DEFINITIONAL_REPRESENTATION('',(#6275),#6279);
#6275 = LINE('',#6276,#6277);
#6276 = CARTESIAN_POINT('',(0.,0.));
#6277 = VECTOR('',#6278,1.);
#6278 = DIRECTION('',(0.,1.));
#6279 = ( GEOMETRIC_REPRESENTATION_CONTEXT(2) 
PARAMETRIC_REPRESENTATION_CONTEXT() REPRESENTATION_CONTEXT('2D SPACE',''
  ) );
#6280 = ADVANCED_FACE('',(#6281),#5819,.F.);
#6281 = FACE_BOUND('',#6282,.F.);
#6282 = EDGE_LOOP('',(#6283,#6284,#6285,#6286));
#6283 = ORIENTED_EDGE('',*,*,#6188,.F.);
#6284 = ORIENTED_EDGE('',*,*,#5804,.T.);
#6285 = ORIENTED_EDGE('',*,*,#6237,.T.);
#6286 = ORIENTED_EDGE('',*,*,#6287,.T.);
#6287 = EDGE_CURVE('',#6238,#6189,#6288,.T.);
#6288 = SURFACE_CURVE('',#6289,(#6293,#6300),.PCURVE_S1.);
#6289 = LINE('',#6290,#6291);
#6290 = CARTESIAN_POINT('',(-39.5,5.8,6.1));
#6291 = VECTOR('',#6292,1.);
#6292 = DIRECTION('',(1.,0.,0.));
#6293 = PCURVE('',#5819,#6294);
#6294 = DEFINITIONAL_REPRESENTATION('',(#6295),#6299);
#6295 = LINE('',#6296,#6297);
#6296 = CARTESIAN_POINT('',(6.2,0.));
#6297 = VECTOR('',#6298,1.);
#6298 = DIRECTION('',(0.,1.));
#6299 = ( GEOMETRIC_REPRESENTATION_CONTEXT(2) 
PARAMETRIC_REPRESENTATION_CONTEXT() REPRESENTATION_CONTEXT('2D SPACE',''
  ) );
#6300 = PCURVE('',#6171,#6301);
#6301 = DEFINITIONAL_REPRESENTATION('',(#6302),#6306);
#6302 = LINE('',#6303,#6304);
#6303 = CARTESIAN_POINT('',(0.,11.6));
#6304 = VECTOR('',#6305,1.);
#6305 = DIRECTION('',(1.,0.));
#6306 = ( GEOMETRIC_REPRESENTATION_CONTEXT(2) 
PARAMETRIC_REPRESENTATION_CONTEXT() REPRESENTATION_CONTEXT('2D SPACE',''
  ) );
#6307 = ADVANCED_FACE('',(#6308),#6171,.F.);
#6308 = FACE_BOUND('',#6309,.F.);
#6309 = EDGE_LOOP('',(#6310,#6311,#6312,#6313));
#6310 = ORIENTED_EDGE('',*,*,#6260,.F.);
#6311 = ORIENTED_EDGE('',*,*,#6157,.T.);
#6312 = ORIENTED_EDGE('',*,*,#6211,.T.);
#6313 = ORIENTED_EDGE('',*,*,#6287,.F.);
#6314 = ( GEOMETRIC_REPRESENTATION_CONTEXT(3) 
GLOBAL_UNCERTAINTY_ASSIGNED_CONTEXT((#6318)) 
GLOBAL_UNIT_ASSIGNED_CONTEXT((#6315,#6316,#6317)) REPRESENTATION_CONTEXT
('Context #1','3D Context with UNIT and UNCERTAINTY') );
#6315 = ( LENGTH_UNIT() NAMED_UNIT(*) SI_UNIT(.MILLI.,.METRE.) );
#6316 = ( NAMED_UNIT(*) PLANE_ANGLE_UNIT() SI_UNIT($,.RADIAN.) );
#6317 = ( NAMED_UNIT(*) SI_UNIT($,.STERADIAN.) SOLID_ANGLE_UNIT() );
#6318 = UNCERTAINTY_MEASURE_WITH_UNIT(LENGTH_MEASURE(1.E-07),#6315,
  'distance_accuracy_value','confusion accuracy');
#6319 = CONTEXT_DEPENDENT_SHAPE_REPRESENTATION(#6320,#6322);
#6320 = ( REPRESENTATION_RELATIONSHIP('','',#4965,#10) 
REPRESENTATION_RELATIONSHIP_WITH_TRANSFORMATION(#6321) 
SHAPE_REPRESENTATION_RELATIONSHIP() );
#6321 = ITEM_DEFINED_TRANSFORMATION('','',#11,#19);
#6322 = PRODUCT_DEFINITION_SHAPE('Placement','Placement of an item',
  #6323);
#6323 = NEXT_ASSEMBLY_USAGE_OCCURRENCE('16','guide_1','',#5,#4960,$);
#6324 = PRODUCT_RELATED_PRODUCT_CATEGORY('part',$,(#4962));
#6325 = SHAPE_DEFINITION_REPRESENTATION(#6326,#6332);
#6326 = PRODUCT_DEFINITION_SHAPE('','',#6327);
#6327 = PRODUCT_DEFINITION('design','',#6328,#6331);
#6328 = PRODUCT_DEFINITION_FORMATION('','',#6329);
#6329 = PRODUCT('finger_1','finger_1','',(#6330));
#6330 = PRODUCT_CONTEXT('',#2,'mechanical');
#6331 = PRODUCT_DEFINITION_CONTEXT('part definition',#2,'design');
#6332 = ADVANCED_BREP_SHAPE_REPRESENTATION('',(#11,#6333),#7395);
#6333 = MANIFOLD_SOLID_BREP('',#6334);
#6334 = CLOSED_SHELL('',(#6335,#6456,#6797,#6845,#7116,#7143,#7170,#7198
    ,#7225,#7253,#7280,#7307,#7334,#7361,#7368));
#6335 = ADVANCED_FACE('',(#6336),#6350,.F.);
#6336 = FACE_BOUND('',#6337,.F.);
#6337 = EDGE_LOOP('',(#6338,#6373,#6401,#6429));
#6338 = ORIENTED_EDGE('',*,*,#6339,.F.);
#6339 = EDGE_CURVE('',#6340,#6342,#6344,.T.);
#6340 = VERTEX_POINT('',#6341);
#6341 = CARTESIAN_POINT('',(-20.,-3.,5.));
#6342 = VERTEX_POINT('',#6343);
#6343 = CARTESIAN_POINT('',(-20.,-0.714142842854,5.));
#6344 = SURFACE_CURVE('',#6345,(#6349,#6361),.PCURVE_S1.);
#6345 = LINE('',#6346,#6347);
#6346 = CARTESIAN_POINT('',(-20.,-5.,5.));
#6347 = VECTOR('',#6348,1.);
#6348 = DIRECTION('',(0.,1.,0.));
#6349 = PCURVE('',#6350,#6355);
#6350 = PLANE('',#6351);
#6351 = AXIS2_PLACEMENT_3D('',#6352,#6353,#6354);
#6352 = CARTESIAN_POINT('',(-20.,-5.,0.));
#6353 = DIRECTION('',(1.,0.,0.));
#6354 = DIRECTION('',(0.,0.,1.));
#6355 = DEFINITIONAL_REPRESENTATION('',(#6356),#6360);
#6356 = LINE('',#6357,#6358);
#6357 = CARTESIAN_POINT('',(5.,0.));
#6358 = VECTOR('',#6359,1.);
#6359 = DIRECTION('',(0.,-1.));
#6360 = ( GEOMETRIC_REPRESENTATION_CONTEXT(2) 
PARAMETRIC_REPRESENTATION_CONTEXT() REPRESENTATION_CONTEXT('2D SPACE',''
  ) );
#6361 = PCURVE('',#6362,#6367);
#6362 = PLANE('',#6363);
#6363 = AXIS2_PLACEMENT_3D('',#6364,#6365,#6366);
#6364 = CARTESIAN_POINT('',(-20.,-5.,5.));
#6365 = DIRECTION('',(0.,0.,1.));
#6366 = DIRECTION('',(1.,0.,0.));
#6367 = DEFINITIONAL_REPRESENTATION('',(#6368),#6372);
#6368 = LINE('',#6369,#6370);
#6369 = CARTESIAN_POINT('',(0.,0.));
#6370 = VECTOR('',#6371,1.);
#6371 = DIRECTION('',(0.,1.));
#6372 = ( GEOMETRIC_REPRESENTATION_CONTEXT(2) 
PARAMETRIC_REPRESENTATION_CONTEXT() REPRESENTATION_CONTEXT('2D SPACE',''
  ) );
#6373 = ORIENTED_EDGE('',*,*,#6374,.F.);
#6374 = EDGE_CURVE('',#6375,#6340,#6377,.T.);
#6375 = VERTEX_POINT('',#6376);
#6376 = CARTESIAN_POINT('',(-20.,-3.,0.));
#6377 = SURFACE_CURVE('',#6378,(#6382,#6389),.PCURVE_S1.);
#6378 = LINE('',#6379,#6380);
#6379 = CARTESIAN_POINT('',(-20.,-3.,0.));
#6380 = VECTOR('',#6381,1.);
#6381 = DIRECTION('',(0.,0.,1.));
#6382 = PCURVE('',#6350,#6383);
#6383 = DEFINITIONAL_REPRESENTATION('',(#6384),#6388);
#6384 = LINE('',#6385,#6386);
#6385 = CARTESIAN_POINT('',(0.,-2.));
#6386 = VECTOR('',#6387,1.);
#6387 = DIRECTION('',(1.,0.));
#6388 = ( GEOMETRIC_REPRESENTATION_CONTEXT(2) 
PARAMETRIC_REPRESENTATION_CONTEXT() REPRESENTATION_CONTEXT('2D SPACE',''
  ) );
#6389 = PCURVE('',#6390,#6395);
#6390 = CYLINDRICAL_SURFACE('',#6391,2.);
#6391 = AXIS2_PLACEMENT_3D('',#6392,#6393,#6394);
#6392 = CARTESIAN_POINT('',(-18.,-3.,0.));
#6393 = DIRECTION('',(0.,0.,1.));
#6394 = DIRECTION('',(-1.,-0.,0.));
#6395 = DEFINITIONAL_REPRESENTATION('',(#6396),#6400);
#6396 = LINE('',#6397,#6398);
#6397 = CARTESIAN_POINT('',(0.,0.));
#6398 = VECTOR('',#6399,1.);
#6399 = DIRECTION('',(0.,1.));
#6400 = ( GEOMETRIC_REPRESENTATION_CONTEXT(2) 
PARAMETRIC_REPRESENTATION_CONTEXT() REPRESENTATION_CONTEXT('2D SPACE',''
  ) );
#6401 = ORIENTED_EDGE('',*,*,#6402,.T.);
#6402 = EDGE_CURVE('',#6375,#6403,#6405,.T.);
#6403 = VERTEX_POINT('',#6404);
#6404 = CARTESIAN_POINT('',(-20.,-0.714142842854,-1.7763568394E-14));
#6405 = SURFACE_CURVE('',#6406,(#6410,#6417),.PCURVE_S1.);
#6406 = LINE('',#6407,#6408);
#6407 = CARTESIAN_POINT('',(-20.,-5.,0.));
#6408 = VECTOR('',#6409,1.);
#6409 = DIRECTION('',(0.,1.,0.));
#6410 = PCURVE('',#6350,#6411);
#6411 = DEFINITIONAL_REPRESENTATION('',(#6412),#6416);
#6412 = LINE('',#6413,#6414);
#6413 = CARTESIAN_POINT('',(0.,0.));
#6414 = VECTOR('',#6415,1.);
#6415 = DIRECTION('',(0.,-1.));
#6416 = ( GEOMETRIC_REPRESENTATION_CONTEXT(2) 
PARAMETRIC_REPRESENTATION_CONTEXT() REPRESENTATION_CONTEXT('2D SPACE',''
  ) );
#6417 = PCURVE('',#6418,#6423);
#6418 = PLANE('',#6419);
#6419 = AXIS2_PLACEMENT_3D('',#6420,#6421,#6422);
#6420 = CARTESIAN_POINT('',(-20.,-5.,0.));
#6421 = DIRECTION('',(0.,0.,1.));
#6422 = DIRECTION('',(1.,0.,0.));
#6423 = DEFINITIONAL_REPRESENTATION('',(#6424),#6428);
#6424 = LINE('',#6425,#6426);
#6425 = CARTESIAN_POINT('',(0.,0.));
#6426 = VECTOR('',#6427,1.);
#6427 = DIRECTION('',(0.,1.));
#6428 = ( GEOMETRIC_REPRESENTATION_CONTEXT(2) 
PARAMETRIC_REPRESENTATION_CONTEXT() REPRESENTATION_CONTEXT('2D SPACE',''
  ) );
#6429 = ORIENTED_EDGE('',*,*,#6430,.F.);
#6430 = EDGE_CURVE('',#6342,#6403,#6431,.T.);
#6431 = SURFACE_CURVE('',#6432,(#6437,#6444),.PCURVE_S1.);
#6432 = CIRCLE('',#6433,2.6);
#6433 = AXIS2_PLACEMENT_3D('',#6434,#6435,#6436);
#6434 = CARTESIAN_POINT('',(-20.,0.,2.5));
#6435 = DIRECTION('',(1.,-0.,1.110223024625E-16));
#6436 = DIRECTION('',(1.110223024625E-16,0.,-1.));
#6437 = PCURVE('',#6350,#6438);
#6438 = DEFINITIONAL_REPRESENTATION('',(#6439),#6443);
#6439 = CIRCLE('',#6440,2.6);
#6440 = AXIS2_PLACEMENT_2D('',#6441,#6442);
#6441 = CARTESIAN_POINT('',(2.5,-5.));
#6442 = DIRECTION('',(-1.,0.));
#6443 = ( GEOMETRIC_REPRESENTATION_CONTEXT(2) 
PARAMETRIC_REPRESENTATION_CONTEXT() REPRESENTATION_CONTEXT('2D SPACE',''
  ) );
#6444 = PCURVE('',#6445,#6450);
#6445 = CYLINDRICAL_SURFACE('',#6446,2.6);
#6446 = AXIS2_PLACEMENT_3D('',#6447,#6448,#6449);
#6447 = CARTESIAN_POINT('',(-20.,0.,2.5));
#6448 = DIRECTION('',(-1.,-0.,-1.110223024625E-16));
#6449 = DIRECTION('',(1.110223024625E-16,0.,-1.));
#6450 = DEFINITIONAL_REPRESENTATION('',(#6451),#6455);
#6451 = LINE('',#6452,#6453);
#6452 = CARTESIAN_POINT('',(-0.,0.));
#6453 = VECTOR('',#6454,1.);
#6454 = DIRECTION('',(-1.,0.));
#6455 = ( GEOMETRIC_REPRESENTATION_CONTEXT(2) 
PARAMETRIC_REPRESENTATION_CONTEXT() REPRESENTATION_CONTEXT('2D SPACE',''
  ) );
#6456 = ADVANCED_FACE('',(#6457,#6762),#6362,.T.);
#6457 = FACE_BOUND('',#6458,.T.);
#6458 = EDGE_LOOP('',(#6459,#6460,#6484,#6512,#6545,#6573,#6602,#6630,
    #6663,#6691,#6717,#6743));
#6459 = ORIENTED_EDGE('',*,*,#6339,.F.);
#6460 = ORIENTED_EDGE('',*,*,#6461,.T.);
#6461 = EDGE_CURVE('',#6340,#6462,#6464,.T.);
#6462 = VERTEX_POINT('',#6463);
#6463 = CARTESIAN_POINT('',(-18.,-5.,5.));
#6464 = SURFACE_CURVE('',#6465,(#6470,#6477),.PCURVE_S1.);
#6465 = CIRCLE('',#6466,2.);
#6466 = AXIS2_PLACEMENT_3D('',#6467,#6468,#6469);
#6467 = CARTESIAN_POINT('',(-18.,-3.,5.));
#6468 = DIRECTION('',(0.,0.,1.));
#6469 = DIRECTION('',(0.,-1.,0.));
#6470 = PCURVE('',#6362,#6471);
#6471 = DEFINITIONAL_REPRESENTATION('',(#6472),#6476);
#6472 = CIRCLE('',#6473,2.);
#6473 = AXIS2_PLACEMENT_2D('',#6474,#6475);
#6474 = CARTESIAN_POINT('',(2.,2.));
#6475 = DIRECTION('',(0.,-1.));
#6476 = ( GEOMETRIC_REPRESENTATION_CONTEXT(2) 
PARAMETRIC_REPRESENTATION_CONTEXT() REPRESENTATION_CONTEXT('2D SPACE',''
  ) );
#6477 = PCURVE('',#6390,#6478);
#6478 = DEFINITIONAL_REPRESENTATION('',(#6479),#6483);
#6479 = LINE('',#6480,#6481);
#6480 = CARTESIAN_POINT('',(-4.712388980385,5.));
#6481 = VECTOR('',#6482,1.);
#6482 = DIRECTION('',(1.,0.));
#6483 = ( GEOMETRIC_REPRESENTATION_CONTEXT(2) 
PARAMETRIC_REPRESENTATION_CONTEXT() REPRESENTATION_CONTEXT('2D SPACE',''
  ) );
#6484 = ORIENTED_EDGE('',*,*,#6485,.T.);
#6485 = EDGE_CURVE('',#6462,#6486,#6488,.T.);
#6486 = VERTEX_POINT('',#6487);
#6487 = CARTESIAN_POINT('',(18.,-5.,5.));
#6488 = SURFACE_CURVE('',#6489,(#6493,#6500),.PCURVE_S1.);
#6489 = LINE('',#6490,#6491);
#6490 = CARTESIAN_POINT('',(-20.,-5.,5.));
#6491 = VECTOR('',#6492,1.);
#6492 = DIRECTION('',(1.,0.,0.));
#6493 = PCURVE('',#6362,#6494);
#6494 = DEFINITIONAL_REPRESENTATION('',(#6495),#6499);
#6495 = LINE('',#6496,#6497);
#6496 = CARTESIAN_POINT('',(0.,0.));
#6497 = VECTOR('',#6498,1.);
#6498 = DIRECTION('',(1.,0.));
#6499 = ( GEOMETRIC_REPRESENTATION_CONTEXT(2) 
PARAMETRIC_REPRESENTATION_CONTEXT() REPRESENTATION_CONTEXT('2D SPACE',''
  ) );
#6500 = PCURVE('',#6501,#6506);
#6501 = PLANE('',#6502);
#6502 = AXIS2_PLACEMENT_3D('',#6503,#6504,#6505);
#6503 = CARTESIAN_POINT('',(-20.,-5.,0.));
#6504 = DIRECTION('',(0.,1.,0.));
#6505 = DIRECTION('',(0.,0.,1.));
#6506 = DEFINITIONAL_REPRESENTATION('',(#6507),#6511);
#6507 = LINE('',#6508,#6509);
#6508 = CARTESIAN_POINT('',(5.,0.));
#6509 = VECTOR('',#6510,1.);
#6510 = DIRECTION('',(0.,1.));
#6511 = ( GEOMETRIC_REPRESENTATION_CONTEXT(2) 
PARAMETRIC_REPRESENTATION_CONTEXT() REPRESENTATION_CONTEXT('2D SPACE',''
  ) );
#6512 = ORIENTED_EDGE('',*,*,#6513,.F.);
#6513 = EDGE_CURVE('',#6514,#6486,#6516,.T.);
#6514 = VERTEX_POINT('',#6515);
#6515 = CARTESIAN_POINT('',(20.,-3.,5.));
#6516 = SURFACE_CURVE('',#6517,(#6522,#6533),.PCURVE_S1.);
#6517 = CIRCLE('',#6518,2.);
#6518 = AXIS2_PLACEMENT_3D('',#6519,#6520,#6521);
#6519 = CARTESIAN_POINT('',(18.,-3.,5.));
#6520 = DIRECTION('',(-0.,-0.,-1.));
#6521 = DIRECTION('',(0.,-1.,0.));
#6522 = PCURVE('',#6362,#6523);
#6523 = DEFINITIONAL_REPRESENTATION('',(#6524),#6532);
#6524 = ( BOUNDED_CURVE() B_SPLINE_CURVE(2,(#6525,#6526,#6527,#6528,
#6529,#6530,#6531),.UNSPECIFIED.,.T.,.F.) B_SPLINE_CURVE_WITH_KNOTS((1,2
    ,2,2,2,1),(-2.094395102393,0.,2.094395102393,4.188790204786,
6.28318530718,8.377580409573),.UNSPECIFIED.) CURVE() 
GEOMETRIC_REPRESENTATION_ITEM() RATIONAL_B_SPLINE_CURVE((1.,0.5,1.,0.5,
1.,0.5,1.)) REPRESENTATION_ITEM('') );
#6525 = CARTESIAN_POINT('',(38.,-4.440892098501E-16));
#6526 = CARTESIAN_POINT('',(34.535898384862,-4.440892098501E-16));
#6527 = CARTESIAN_POINT('',(36.267949192431,3.));
#6528 = CARTESIAN_POINT('',(38.,6.));
#6529 = CARTESIAN_POINT('',(39.732050807569,3.));
#6530 = CARTESIAN_POINT('',(41.464101615138,2.6645352591E-15));
#6531 = CARTESIAN_POINT('',(38.,-4.440892098501E-16));
#6532 = ( GEOMETRIC_REPRESENTATION_CONTEXT(2) 
PARAMETRIC_REPRESENTATION_CONTEXT() REPRESENTATION_CONTEXT('2D SPACE',''
  ) );
#6533 = PCURVE('',#6534,#6539);
#6534 = CYLINDRICAL_SURFACE('',#6535,2.);
#6535 = AXIS2_PLACEMENT_3D('',#6536,#6537,#6538);
#6536 = CARTESIAN_POINT('',(18.,-3.,0.));
#6537 = DIRECTION('',(0.,0.,1.));
#6538 = DIRECTION('',(1.,0.,-0.));
#6539 = DEFINITIONAL_REPRESENTATION('',(#6540),#6544);
#6540 = LINE('',#6541,#6542);
#6541 = CARTESIAN_POINT('',(4.712388980385,5.));
#6542 = VECTOR('',#6543,1.);
#6543 = DIRECTION('',(-1.,0.));
#6544 = ( GEOMETRIC_REPRESENTATION_CONTEXT(2) 
PARAMETRIC_REPRESENTATION_CONTEXT() REPRESENTATION_CONTEXT('2D SPACE',''
  ) );
#6545 = ORIENTED_EDGE('',*,*,#6546,.T.);
#6546 = EDGE_CURVE('',#6514,#6547,#6549,.T.);
#6547 = VERTEX_POINT('',#6548);
#6548 = CARTESIAN_POINT('',(20.,3.,5.));
#6549 = SURFACE_CURVE('',#6550,(#6554,#6561),.PCURVE_S1.);
#6550 = LINE('',#6551,#6552);
#6551 = CARTESIAN_POINT('',(20.,-5.,5.));
#6552 = VECTOR('',#6553,1.);
#6553 = DIRECTION('',(0.,1.,0.));
#6554 = PCURVE('',#6362,#6555);
#6555 = DEFINITIONAL_REPRESENTATION('',(#6556),#6560);
#6556 = LINE('',#6557,#6558);
#6557 = CARTESIAN_POINT('',(40.,0.));
#6558 = VECTOR('',#6559,1.);
#6559 = DIRECTION('',(0.,1.));
#6560 = ( GEOMETRIC_REPRESENTATION_CONTEXT(2) 
PARAMETRIC_REPRESENTATION_CONTEXT() REPRESENTATION_CONTEXT('2D SPACE',''
  ) );
#6561 = PCURVE('',#6562,#6567);
#6562 = PLANE('',#6563);
#6563 = AXIS2_PLACEMENT_3D('',#6564,#6565,#6566);
#6564 = CARTESIAN_POINT('',(20.,-5.,0.));
#6565 = DIRECTION('',(1.,0.,0.));
#6566 = DIRECTION('',(0.,0.,1.));
#6567 = DEFINITIONAL_REPRESENTATION('',(#6568),#6572);
#6568 = LINE('',#6569,#6570);
#6569 = CARTESIAN_POINT('',(5.,0.));
#6570 = VECTOR('',#6571,1.);
#6571 = DIRECTION('',(0.,-1.));
#6572 = ( GEOMETRIC_REPRESENTATION_CONTEXT(2) 
PARAMETRIC_REPRESENTATION_CONTEXT() REPRESENTATION_CONTEXT('2D SPACE',''
  ) );
#6573 = ORIENTED_EDGE('',*,*,#6574,.T.);
#6574 = EDGE_CURVE('',#6547,#6575,#6577,.T.);
#6575 = VERTEX_POINT('',#6576);
#6576 = CARTESIAN_POINT('',(18.,5.,5.));
#6577 = SURFACE_CURVE('',#6578,(#6583,#6590),.PCURVE_S1.);
#6578 = CIRCLE('',#6579,2.);
#6579 = AXIS2_PLACEMENT_3D('',#6580,#6581,#6582);
#6580 = CARTESIAN_POINT('',(18.,3.,5.));
#6581 = DIRECTION('',(0.,0.,1.));
#6582 = DIRECTION('',(0.,-1.,0.));
#6583 = PCURVE('',#6362,#6584);
#6584 = DEFINITIONAL_REPRESENTATION('',(#6585),#6589);
#6585 = CIRCLE('',#6586,2.);
#6586 = AXIS2_PLACEMENT_2D('',#6587,#6588);
#6587 = CARTESIAN_POINT('',(38.,8.));
#6588 = DIRECTION('',(0.,-1.));
#6589 = ( GEOMETRIC_REPRESENTATION_CONTEXT(2) 
PARAMETRIC_REPRESENTATION_CONTEXT() REPRESENTATION_CONTEXT('2D SPACE',''
  ) );
#6590 = PCURVE('',#6591,#6596);
#6591 = CYLINDRICAL_SURFACE('',#6592,2.);
#6592 = AXIS2_PLACEMENT_3D('',#6593,#6594,#6595);
#6593 = CARTESIAN_POINT('',(18.,3.,0.));
#6594 = DIRECTION('',(0.,0.,1.));
#6595 = DIRECTION('',(1.,0.,-0.));
#6596 = DEFINITIONAL_REPRESENTATION('',(#6597),#6601);
#6597 = LINE('',#6598,#6599);
#6598 = CARTESIAN_POINT('',(-1.570796326795,5.));
#6599 = VECTOR('',#6600,1.);
#6600 = DIRECTION('',(1.,0.));
#6601 = ( GEOMETRIC_REPRESENTATION_CONTEXT(2) 
PARAMETRIC_REPRESENTATION_CONTEXT() REPRESENTATION_CONTEXT('2D SPACE',''
  ) );
#6602 = ORIENTED_EDGE('',*,*,#6603,.F.);
#6603 = EDGE_CURVE('',#6604,#6575,#6606,.T.);
#6604 = VERTEX_POINT('',#6605);
#6605 = CARTESIAN_POINT('',(-18.,5.,5.));
#6606 = SURFACE_CURVE('',#6607,(#6611,#6618),.PCURVE_S1.);
#6607 = LINE('',#6608,#6609);
#6608 = CARTESIAN_POINT('',(-20.,5.,5.));
#6609 = VECTOR('',#6610,1.);
#6610 = DIRECTION('',(1.,0.,0.));
#6611 = PCURVE('',#6362,#6612);
#6612 = DEFINITIONAL_REPRESENTATION('',(#6613),#6617);
#6613 = LINE('',#6614,#6615);
#6614 = CARTESIAN_POINT('',(0.,10.));
#6615 = VECTOR('',#6616,1.);
#6616 = DIRECTION('',(1.,0.));
#6617 = ( GEOMETRIC_REPRESENTATION_CONTEXT(2) 
PARAMETRIC_REPRESENTATION_CONTEXT() REPRESENTATION_CONTEXT('2D SPACE',''
  ) );
#6618 = PCURVE('',#6619,#6624);
#6619 = PLANE('',#6620);
#6620 = AXIS2_PLACEMENT_3D('',#6621,#6622,#6623);
#6621 = CARTESIAN_POINT('',(-20.,5.,0.));
#6622 = DIRECTION('',(0.,1.,0.));
#6623 = DIRECTION('',(0.,0.,1.));
#6624 = DEFINITIONAL_REPRESENTATION('',(#6625),#6629);
#6625 = LINE('',#6626,#6627);
#6626 = CARTESIAN_POINT('',(5.,0.));
#6627 = VECTOR('',#6628,1.);
#6628 = DIRECTION('',(0.,1.));
#6629 = ( GEOMETRIC_REPRESENTATION_CONTEXT(2) 
PARAMETRIC_REPRESENTATION_CONTEXT() REPRESENTATION_CONTEXT('2D SPACE',''
  ) );
#6630 = ORIENTED_EDGE('',*,*,#6631,.F.);
#6631 = EDGE_CURVE('',#6632,#6604,#6634,.T.);
#6632 = VERTEX_POINT('',#6633);
#6633 = CARTESIAN_POINT('',(-20.,3.,5.));
#6634 = SURFACE_CURVE('',#6635,(#6640,#6651),.PCURVE_S1.);
#6635 = CIRCLE('',#6636,2.);
#6636 = AXIS2_PLACEMENT_3D('',#6637,#6638,#6639);
#6637 = CARTESIAN_POINT('',(-18.,3.,5.));
#6638 = DIRECTION('',(-0.,-0.,-1.));
#6639 = DIRECTION('',(0.,-1.,0.));
#6640 = PCURVE('',#6362,#6641);
#6641 = DEFINITIONAL_REPRESENTATION('',(#6642),#6650);
#6642 = ( BOUNDED_CURVE() B_SPLINE_CURVE(2,(#6643,#6644,#6645,#6646,
#6647,#6648,#6649),.UNSPECIFIED.,.T.,.F.) B_SPLINE_CURVE_WITH_KNOTS((1,2
    ,2,2,2,1),(-2.094395102393,0.,2.094395102393,4.188790204786,
6.28318530718,8.377580409573),.UNSPECIFIED.) CURVE() 
GEOMETRIC_REPRESENTATION_ITEM() RATIONAL_B_SPLINE_CURVE((1.,0.5,1.,0.5,
1.,0.5,1.)) REPRESENTATION_ITEM('') );
#6643 = CARTESIAN_POINT('',(2.,6.));
#6644 = CARTESIAN_POINT('',(-1.464101615138,6.));
#6645 = CARTESIAN_POINT('',(0.267949192431,9.));
#6646 = CARTESIAN_POINT('',(2.,12.));
#6647 = CARTESIAN_POINT('',(3.732050807569,9.));
#6648 = CARTESIAN_POINT('',(5.464101615138,6.));
#6649 = CARTESIAN_POINT('',(2.,6.));
#6650 = ( GEOMETRIC_REPRESENTATION_CONTEXT(2) 
PARAMETRIC_REPRESENTATION_CONTEXT() REPRESENTATION_CONTEXT('2D SPACE',''
  ) );
#6651 = PCURVE('',#6652,#6657);
#6652 = CYLINDRICAL_SURFACE('',#6653,2.);
#6653 = AXIS2_PLACEMENT_3D('',#6654,#6655,#6656);
#6654 = CARTESIAN_POINT('',(-18.,3.,0.));
#6655 = DIRECTION('',(0.,0.,1.));
#6656 = DIRECTION('',(-1.,-0.,0.));
#6657 = DEFINITIONAL_REPRESENTATION('',(#6658),#6662);
#6658 = LINE('',#6659,#6660);
#6659 = CARTESIAN_POINT('',(1.570796326795,5.));
#6660 = VECTOR('',#6661,1.);
#6661 = DIRECTION('',(-1.,0.));
#6662 = ( GEOMETRIC_REPRESENTATION_CONTEXT(2) 
PARAMETRIC_REPRESENTATION_CONTEXT() REPRESENTATION_CONTEXT('2D SPACE',''
  ) );
#6663 = ORIENTED_EDGE('',*,*,#6664,.F.);
#6664 = EDGE_CURVE('',#6665,#6632,#6667,.T.);
#6665 = VERTEX_POINT('',#6666);
#6666 = CARTESIAN_POINT('',(-20.,0.714142842854,5.));
#6667 = SURFACE_CURVE('',#6668,(#6672,#6679),.PCURVE_S1.);
#6668 = LINE('',#6669,#6670);
#6669 = CARTESIAN_POINT('',(-20.,-5.,5.));
#6670 = VECTOR('',#6671,1.);
#6671 = DIRECTION('',(0.,1.,0.));
#6672 = PCURVE('',#6362,#6673);
#6673 = DEFINITIONAL_REPRESENTATION('',(#6674),#6678);
#6674 = LINE('',#6675,#6676);
#6675 = CARTESIAN_POINT('',(0.,0.));
#6676 = VECTOR('',#6677,1.);
#6677 = DIRECTION('',(0.,1.));
#6678 = ( GEOMETRIC_REPRESENTATION_CONTEXT(2) 
PARAMETRIC_REPRESENTATION_CONTEXT() REPRESENTATION_CONTEXT('2D SPACE',''
  ) );
#6679 = PCURVE('',#6680,#6685);
#6680 = PLANE('',#6681);
#6681 = AXIS2_PLACEMENT_3D('',#6682,#6683,#6684);
#6682 = CARTESIAN_POINT('',(-20.,-5.,0.));
#6683 = DIRECTION('',(1.,0.,0.));
#6684 = DIRECTION('',(0.,0.,1.));
#6685 = DEFINITIONAL_REPRESENTATION('',(#6686),#6690);
#6686 = LINE('',#6687,#6688);
#6687 = CARTESIAN_POINT('',(5.,0.));
#6688 = VECTOR('',#6689,1.);
#6689 = DIRECTION('',(0.,-1.));
#6690 = ( GEOMETRIC_REPRESENTATION_CONTEXT(2) 
PARAMETRIC_REPRESENTATION_CONTEXT() REPRESENTATION_CONTEXT('2D SPACE',''
  ) );
#6691 = ORIENTED_EDGE('',*,*,#6692,.F.);
#6692 = EDGE_CURVE('',#6693,#6665,#6695,.T.);
#6693 = VERTEX_POINT('',#6694);
#6694 = CARTESIAN_POINT('',(-12.,0.714142842854,5.));
#6695 = SURFACE_CURVE('',#6696,(#6700,#6706),.PCURVE_S1.);
#6696 = LINE('',#6697,#6698);
#6697 = CARTESIAN_POINT('',(-20.,0.714142842854,5.));
#6698 = VECTOR('',#6699,1.);
#6699 = DIRECTION('',(-1.,-0.,-1.110223024625E-16));
#6700 = PCURVE('',#6362,#6701);
#6701 = DEFINITIONAL_REPRESENTATION('',(#6702),#6705);
#6702 = B_SPLINE_CURVE_WITH_KNOTS('',1,(#6703,#6704),.UNSPECIFIED.,.F.,
  .F.,(2,2),(-8.0000006,5.999999999062E-07),.PIECEWISE_BEZIER_KNOTS.);
#6703 = CARTESIAN_POINT('',(8.0000006,5.714142842854));
#6704 = CARTESIAN_POINT('',(-5.999999999062E-07,5.714142842854));
#6705 = ( GEOMETRIC_REPRESENTATION_CONTEXT(2) 
PARAMETRIC_REPRESENTATION_CONTEXT() REPRESENTATION_CONTEXT('2D SPACE',''
  ) );
#6706 = PCURVE('',#6707,#6712);
#6707 = CYLINDRICAL_SURFACE('',#6708,2.6);
#6708 = AXIS2_PLACEMENT_3D('',#6709,#6710,#6711);
#6709 = CARTESIAN_POINT('',(-20.,0.,2.5));
#6710 = DIRECTION('',(-1.,-0.,-1.110223024625E-16));
#6711 = DIRECTION('',(1.110223024625E-16,0.,-1.));
#6712 = DEFINITIONAL_REPRESENTATION('',(#6713),#6716);
#6713 = B_SPLINE_CURVE_WITH_KNOTS('',1,(#6714,#6715),.UNSPECIFIED.,.F.,
  .F.,(2,2),(-8.0000006,5.999999999062E-07),.PIECEWISE_BEZIER_KNOTS.);
#6714 = CARTESIAN_POINT('',(-2.863345830855,-8.0000006));
#6715 = CARTESIAN_POINT('',(-2.863345830855,5.999999996287E-07));
#6716 = ( GEOMETRIC_REPRESENTATION_CONTEXT(2) 
PARAMETRIC_REPRESENTATION_CONTEXT() REPRESENTATION_CONTEXT('2D SPACE',''
  ) );
#6717 = ORIENTED_EDGE('',*,*,#6718,.F.);
#6718 = EDGE_CURVE('',#6719,#6693,#6721,.T.);
#6719 = VERTEX_POINT('',#6720);
#6720 = CARTESIAN_POINT('',(-12.,-0.714142842854,5.));
#6721 = SURFACE_CURVE('',#6722,(#6726,#6732),.PCURVE_S1.);
#6722 = LINE('',#6723,#6724);
#6723 = CARTESIAN_POINT('',(-12.,-2.5,5.));
#6724 = VECTOR('',#6725,1.);
#6725 = DIRECTION('',(0.,1.,0.));
#6726 = PCURVE('',#6362,#6727);
#6727 = DEFINITIONAL_REPRESENTATION('',(#6728),#6731);
#6728 = B_SPLINE_CURVE_WITH_KNOTS('',1,(#6729,#6730),.UNSPECIFIED.,.F.,
  .F.,(2,2),(-0.1,5.1),.PIECEWISE_BEZIER_KNOTS.);
#6729 = CARTESIAN_POINT('',(8.,2.4));
#6730 = CARTESIAN_POINT('',(8.,7.6));
#6731 = ( GEOMETRIC_REPRESENTATION_CONTEXT(2) 
PARAMETRIC_REPRESENTATION_CONTEXT() REPRESENTATION_CONTEXT('2D SPACE',''
  ) );
#6732 = PCURVE('',#6733,#6738);
#6733 = PLANE('',#6734);
#6734 = AXIS2_PLACEMENT_3D('',#6735,#6736,#6737);
#6735 = CARTESIAN_POINT('',(-12.,2.534857220269E-17,2.5));
#6736 = DIRECTION('',(1.,0.,1.110223024625E-16));
#6737 = DIRECTION('',(1.110223024625E-16,0.,-1.));
#6738 = DEFINITIONAL_REPRESENTATION('',(#6739),#6742);
#6739 = B_SPLINE_CURVE_WITH_KNOTS('',1,(#6740,#6741),.UNSPECIFIED.,.F.,
  .F.,(2,2),(-0.1,5.1),.PIECEWISE_BEZIER_KNOTS.);
#6740 = CARTESIAN_POINT('',(-2.5,-2.6));
#6741 = CARTESIAN_POINT('',(-2.5,2.6));
#6742 = ( GEOMETRIC_REPRESENTATION_CONTEXT(2) 
PARAMETRIC_REPRESENTATION_CONTEXT() REPRESENTATION_CONTEXT('2D SPACE',''
  ) );
#6743 = ORIENTED_EDGE('',*,*,#6744,.T.);
#6744 = EDGE_CURVE('',#6719,#6342,#6745,.T.);
#6745 = SURFACE_CURVE('',#6746,(#6750,#6756),.PCURVE_S1.);
#6746 = LINE('',#6747,#6748);
#6747 = CARTESIAN_POINT('',(-20.,-0.714142842854,5.));
#6748 = VECTOR('',#6749,1.);
#6749 = DIRECTION('',(-1.,-0.,-1.110223024625E-16));
#6750 = PCURVE('',#6362,#6751);
#6751 = DEFINITIONAL_REPRESENTATION('',(#6752),#6755);
#6752 = B_SPLINE_CURVE_WITH_KNOTS('',1,(#6753,#6754),.UNSPECIFIED.,.F.,
  .F.,(2,2),(-8.0000006,5.999999999062E-07),.PIECEWISE_BEZIER_KNOTS.);
#6753 = CARTESIAN_POINT('',(8.0000006,4.285857157146));
#6754 = CARTESIAN_POINT('',(-5.999999999062E-07,4.285857157146));
#6755 = ( GEOMETRIC_REPRESENTATION_CONTEXT(2) 
PARAMETRIC_REPRESENTATION_CONTEXT() REPRESENTATION_CONTEXT('2D SPACE',''
  ) );
#6756 = PCURVE('',#6445,#6757);
#6757 = DEFINITIONAL_REPRESENTATION('',(#6758),#6761);
#6758 = B_SPLINE_CURVE_WITH_KNOTS('',1,(#6759,#6760),.UNSPECIFIED.,.F.,
  .F.,(2,2),(-8.0000006,5.999999999062E-07),.PIECEWISE_BEZIER_KNOTS.);
#6759 = CARTESIAN_POINT('',(-3.419839476325,-8.0000006));
#6760 = CARTESIAN_POINT('',(-3.419839476325,5.999999996287E-07));
#6761 = ( GEOMETRIC_REPRESENTATION_CONTEXT(2) 
PARAMETRIC_REPRESENTATION_CONTEXT() REPRESENTATION_CONTEXT('2D SPACE',''
  ) );
#6762 = FACE_BOUND('',#6763,.T.);
#6763 = EDGE_LOOP('',(#6764));
#6764 = ORIENTED_EDGE('',*,*,#6765,.T.);
#6765 = EDGE_CURVE('',#6766,#6766,#6768,.T.);
#6766 = VERTEX_POINT('',#6767);
#6767 = CARTESIAN_POINT('',(16.2,0.,5.));
#6768 = SURFACE_CURVE('',#6769,(#6774,#6785),.PCURVE_S1.);
#6769 = CIRCLE('',#6770,1.2);
#6770 = AXIS2_PLACEMENT_3D('',#6771,#6772,#6773);
#6771 = CARTESIAN_POINT('',(15.,0.,5.));
#6772 = DIRECTION('',(0.,0.,-1.));
#6773 = DIRECTION('',(1.,0.,0.));
#6774 = PCURVE('',#6362,#6775);
#6775 = DEFINITIONAL_REPRESENTATION('',(#6776),#6784);
#6776 = ( BOUNDED_CURVE() B_SPLINE_CURVE(2,(#6777,#6778,#6779,#6780,
#6781,#6782,#6783),.UNSPECIFIED.,.T.,.F.) B_SPLINE_CURVE_WITH_KNOTS((1,2
    ,2,2,2,1),(-2.094395102393,0.,2.094395102393,4.188790204786,
6.28318530718,8.377580409573),.UNSPECIFIED.) CURVE() 
GEOMETRIC_REPRESENTATION_ITEM() RATIONAL_B_SPLINE_CURVE((1.,0.5,1.,0.5,
1.,0.5,1.)) REPRESENTATION_ITEM('') );
#6777 = CARTESIAN_POINT('',(36.2,5.));
#6778 = CARTESIAN_POINT('',(36.2,2.921539030917));
#6779 = CARTESIAN_POINT('',(34.4,3.960769515459));
#6780 = CARTESIAN_POINT('',(32.6,5.));
#6781 = CARTESIAN_POINT('',(34.4,6.039230484541));
#6782 = CARTESIAN_POINT('',(36.2,7.078460969083));
#6783 = CARTESIAN_POINT('',(36.2,5.));
#6784 = ( GEOMETRIC_REPRESENTATION_CONTEXT(2) 
PARAMETRIC_REPRESENTATION_CONTEXT() REPRESENTATION_CONTEXT('2D SPACE',''
  ) );
#6785 = PCURVE('',#6786,#6791);
#6786 = CYLINDRICAL_SURFACE('',#6787,1.2);
#6787 = AXIS2_PLACEMENT_3D('',#6788,#6789,#6790);
#6788 = CARTESIAN_POINT('',(15.,0.,-1.));
#6789 = DIRECTION('',(-0.,-0.,-1.));
#6790 = DIRECTION('',(1.,0.,0.));
#6791 = DEFINITIONAL_REPRESENTATION('',(#6792),#6796);
#6792 = LINE('',#6793,#6794);
#6793 = CARTESIAN_POINT('',(-6.28318530718,-6.));
#6794 = VECTOR('',#6795,1.);
#6795 = DIRECTION('',(1.,-0.));
#6796 = ( GEOMETRIC_REPRESENTATION_CONTEXT(2) 
PARAMETRIC_REPRESENTATION_CONTEXT() REPRESENTATION_CONTEXT('2D SPACE',''
  ) );
#6797 = ADVANCED_FACE('',(#6798),#6445,.F.);
#6798 = FACE_BOUND('',#6799,.T.);
#6799 = EDGE_LOOP('',(#6800,#6821,#6822,#6823));
#6800 = ORIENTED_EDGE('',*,*,#6801,.T.);
#6801 = EDGE_CURVE('',#6802,#6403,#6804,.T.);
#6802 = VERTEX_POINT('',#6803);
#6803 = CARTESIAN_POINT('',(-12.,-0.714142842854,4.440892098501E-16));
#6804 = SURFACE_CURVE('',#6805,(#6809,#6815),.PCURVE_S1.);
#6805 = LINE('',#6806,#6807);
#6806 = CARTESIAN_POINT('',(-20.,-0.714142842854,0.));
#6807 = VECTOR('',#6808,1.);
#6808 = DIRECTION('',(-1.,-0.,-1.110223024625E-16));
#6809 = PCURVE('',#6445,#6810);
#6810 = DEFINITIONAL_REPRESENTATION('',(#6811),#6814);
#6811 = B_SPLINE_CURVE_WITH_KNOTS('',1,(#6812,#6813),.UNSPECIFIED.,.F.,
  .F.,(2,2),(-8.0000006,5.999999999062E-07),.PIECEWISE_BEZIER_KNOTS.);
#6812 = CARTESIAN_POINT('',(-6.004938484445,-8.0000006));
#6813 = CARTESIAN_POINT('',(-6.004938484445,6.000000001838E-07));
#6814 = ( GEOMETRIC_REPRESENTATION_CONTEXT(2) 
PARAMETRIC_REPRESENTATION_CONTEXT() REPRESENTATION_CONTEXT('2D SPACE',''
  ) );
#6815 = PCURVE('',#6418,#6816);
#6816 = DEFINITIONAL_REPRESENTATION('',(#6817),#6820);
#6817 = B_SPLINE_CURVE_WITH_KNOTS('',1,(#6818,#6819),.UNSPECIFIED.,.F.,
  .F.,(2,2),(-8.0000006,5.999999999062E-07),.PIECEWISE_BEZIER_KNOTS.);
#6818 = CARTESIAN_POINT('',(8.0000006,4.285857157146));
#6819 = CARTESIAN_POINT('',(-5.999999999062E-07,4.285857157146));
#6820 = ( GEOMETRIC_REPRESENTATION_CONTEXT(2) 
PARAMETRIC_REPRESENTATION_CONTEXT() REPRESENTATION_CONTEXT('2D SPACE',''
  ) );
#6821 = ORIENTED_EDGE('',*,*,#6430,.F.);
#6822 = ORIENTED_EDGE('',*,*,#6744,.F.);
#6823 = ORIENTED_EDGE('',*,*,#6824,.T.);
#6824 = EDGE_CURVE('',#6719,#6802,#6825,.T.);
#6825 = SURFACE_CURVE('',#6826,(#6831,#6838),.PCURVE_S1.);
#6826 = CIRCLE('',#6827,2.6);
#6827 = AXIS2_PLACEMENT_3D('',#6828,#6829,#6830);
#6828 = CARTESIAN_POINT('',(-12.,0.,2.5));
#6829 = DIRECTION('',(1.,-0.,1.110223024625E-16));
#6830 = DIRECTION('',(1.110223024625E-16,0.,-1.));
#6831 = PCURVE('',#6445,#6832);
#6832 = DEFINITIONAL_REPRESENTATION('',(#6833),#6837);
#6833 = LINE('',#6834,#6835);
#6834 = CARTESIAN_POINT('',(-0.,-8.));
#6835 = VECTOR('',#6836,1.);
#6836 = DIRECTION('',(-1.,0.));
#6837 = ( GEOMETRIC_REPRESENTATION_CONTEXT(2) 
PARAMETRIC_REPRESENTATION_CONTEXT() REPRESENTATION_CONTEXT('2D SPACE',''
  ) );
#6838 = PCURVE('',#6733,#6839);
#6839 = DEFINITIONAL_REPRESENTATION('',(#6840),#6844);
#6840 = CIRCLE('',#6841,2.6);
#6841 = AXIS2_PLACEMENT_2D('',#6842,#6843);
#6842 = CARTESIAN_POINT('',(0.,-2.534857220269E-17));
#6843 = DIRECTION('',(1.,0.));
#6844 = ( GEOMETRIC_REPRESENTATION_CONTEXT(2) 
PARAMETRIC_REPRESENTATION_CONTEXT() REPRESENTATION_CONTEXT('2D SPACE',''
  ) );
#6845 = ADVANCED_FACE('',(#6846,#7086),#6418,.F.);
#6846 = FACE_BOUND('',#6847,.F.);
#6847 = EDGE_LOOP('',(#6848,#6849,#6873,#6896,#6924,#6947,#6971,#6994,
    #7022,#7045,#7066,#7085));
#6848 = ORIENTED_EDGE('',*,*,#6402,.F.);
#6849 = ORIENTED_EDGE('',*,*,#6850,.T.);
#6850 = EDGE_CURVE('',#6375,#6851,#6853,.T.);
#6851 = VERTEX_POINT('',#6852);
#6852 = CARTESIAN_POINT('',(-18.,-5.,0.));
#6853 = SURFACE_CURVE('',#6854,(#6859,#6866),.PCURVE_S1.);
#6854 = CIRCLE('',#6855,2.);
#6855 = AXIS2_PLACEMENT_3D('',#6856,#6857,#6858);
#6856 = CARTESIAN_POINT('',(-18.,-3.,0.));
#6857 = DIRECTION('',(0.,0.,1.));
#6858 = DIRECTION('',(0.,-1.,0.));
#6859 = PCURVE('',#6418,#6860);
#6860 = DEFINITIONAL_REPRESENTATION('',(#6861),#6865);
#6861 = CIRCLE('',#6862,2.);
#6862 = AXIS2_PLACEMENT_2D('',#6863,#6864);
#6863 = CARTESIAN_POINT('',(2.,2.));
#6864 = DIRECTION('',(0.,-1.));
#6865 = ( GEOMETRIC_REPRESENTATION_CONTEXT(2) 
PARAMETRIC_REPRESENTATION_CONTEXT() REPRESENTATION_CONTEXT('2D SPACE',''
  ) );
#6866 = PCURVE('',#6390,#6867);
#6867 = DEFINITIONAL_REPRESENTATION('',(#6868),#6872);
#6868 = LINE('',#6869,#6870);
#6869 = CARTESIAN_POINT('',(-4.712388980385,0.));
#6870 = VECTOR('',#6871,1.);
#6871 = DIRECTION('',(1.,0.));
#6872 = ( GEOMETRIC_REPRESENTATION_CONTEXT(2) 
PARAMETRIC_REPRESENTATION_CONTEXT() REPRESENTATION_CONTEXT('2D SPACE',''
  ) );
#6873 = ORIENTED_EDGE('',*,*,#6874,.T.);
#6874 = EDGE_CURVE('',#6851,#6875,#6877,.T.);
#6875 = VERTEX_POINT('',#6876);
#6876 = CARTESIAN_POINT('',(18.,-5.,0.));
#6877 = SURFACE_CURVE('',#6878,(#6882,#6889),.PCURVE_S1.);
#6878 = LINE('',#6879,#6880);
#6879 = CARTESIAN_POINT('',(-20.,-5.,0.));
#6880 = VECTOR('',#6881,1.);
#6881 = DIRECTION('',(1.,0.,0.));
#6882 = PCURVE('',#6418,#6883);
#6883 = DEFINITIONAL_REPRESENTATION('',(#6884),#6888);
#6884 = LINE('',#6885,#6886);
#6885 = CARTESIAN_POINT('',(0.,0.));
#6886 = VECTOR('',#6887,1.);
#6887 = DIRECTION('',(1.,0.));
#6888 = ( GEOMETRIC_REPRESENTATION_CONTEXT(2) 
PARAMETRIC_REPRESENTATION_CONTEXT() REPRESENTATION_CONTEXT('2D SPACE',''
  ) );
#6889 = PCURVE('',#6501,#6890);
#6890 = DEFINITIONAL_REPRESENTATION('',(#6891),#6895);
#6891 = LINE('',#6892,#6893);
#6892 = CARTESIAN_POINT('',(0.,0.));
#6893 = VECTOR('',#6894,1.);
#6894 = DIRECTION('',(0.,1.));
#6895 = ( GEOMETRIC_REPRESENTATION_CONTEXT(2) 
PARAMETRIC_REPRESENTATION_CONTEXT() REPRESENTATION_CONTEXT('2D SPACE',''
  ) );
#6896 = ORIENTED_EDGE('',*,*,#6897,.F.);
#6897 = EDGE_CURVE('',#6898,#6875,#6900,.T.);
#6898 = VERTEX_POINT('',#6899);
#6899 = CARTESIAN_POINT('',(20.,-3.,0.));
#6900 = SURFACE_CURVE('',#6901,(#6906,#6917),.PCURVE_S1.);
#6901 = CIRCLE('',#6902,2.);
#6902 = AXIS2_PLACEMENT_3D('',#6903,#6904,#6905);
#6903 = CARTESIAN_POINT('',(18.,-3.,0.));
#6904 = DIRECTION('',(-0.,-0.,-1.));
#6905 = DIRECTION('',(0.,-1.,0.));
#6906 = PCURVE('',#6418,#6907);
#6907 = DEFINITIONAL_REPRESENTATION('',(#6908),#6916);
#6908 = ( BOUNDED_CURVE() B_SPLINE_CURVE(2,(#6909,#6910,#6911,#6912,
#6913,#6914,#6915),.UNSPECIFIED.,.T.,.F.) B_SPLINE_CURVE_WITH_KNOTS((1,2
    ,2,2,2,1),(-2.094395102393,0.,2.094395102393,4.188790204786,
6.28318530718,8.377580409573),.UNSPECIFIED.) CURVE() 
GEOMETRIC_REPRESENTATION_ITEM() RATIONAL_B_SPLINE_CURVE((1.,0.5,1.,0.5,
1.,0.5,1.)) REPRESENTATION_ITEM('') );
#6909 = CARTESIAN_POINT('',(38.,-4.440892098501E-16));
#6910 = CARTESIAN_POINT('',(34.535898384862,-4.440892098501E-16));
#6911 = CARTESIAN_POINT('',(36.267949192431,3.));
#6912 = CARTESIAN_POINT('',(38.,6.));
#6913 = CARTESIAN_POINT('',(39.732050807569,3.));
#6914 = CARTESIAN_POINT('',(41.464101615138,2.6645352591E-15));
#6915 = CARTESIAN_POINT('',(38.,-4.440892098501E-16));
#6916 = ( GEOMETRIC_REPRESENTATION_CONTEXT(2) 
PARAMETRIC_REPRESENTATION_CONTEXT() REPRESENTATION_CONTEXT('2D SPACE',''
  ) );
#6917 = PCURVE('',#6534,#6918);
#6918 = DEFINITIONAL_REPRESENTATION('',(#6919),#6923);
#6919 = LINE('',#6920,#6921);
#6920 = CARTESIAN_POINT('',(4.712388980385,-0.));
#6921 = VECTOR('',#6922,1.);
#6922 = DIRECTION('',(-1.,0.));
#6923 = ( GEOMETRIC_REPRESENTATION_CONTEXT(2) 
PARAMETRIC_REPRESENTATION_CONTEXT() REPRESENTATION_CONTEXT('2D SPACE',''
  ) );
#6924 = ORIENTED_EDGE('',*,*,#6925,.T.);
#6925 = EDGE_CURVE('',#6898,#6926,#6928,.T.);
#6926 = VERTEX_POINT('',#6927);
#6927 = CARTESIAN_POINT('',(20.,3.,0.));
#6928 = SURFACE_CURVE('',#6929,(#6933,#6940),.PCURVE_S1.);
#6929 = LINE('',#6930,#6931);
#6930 = CARTESIAN_POINT('',(20.,-5.,0.));
#6931 = VECTOR('',#6932,1.);
#6932 = DIRECTION('',(0.,1.,0.));
#6933 = PCURVE('',#6418,#6934);
#6934 = DEFINITIONAL_REPRESENTATION('',(#6935),#6939);
#6935 = LINE('',#6936,#6937);
#6936 = CARTESIAN_POINT('',(40.,0.));
#6937 = VECTOR('',#6938,1.);
#6938 = DIRECTION('',(0.,1.));
#6939 = ( GEOMETRIC_REPRESENTATION_CONTEXT(2) 
PARAMETRIC_REPRESENTATION_CONTEXT() REPRESENTATION_CONTEXT('2D SPACE',''
  ) );
#6940 = PCURVE('',#6562,#6941);
#6941 = DEFINITIONAL_REPRESENTATION('',(#6942),#6946);
#6942 = LINE('',#6943,#6944);
#6943 = CARTESIAN_POINT('',(0.,0.));
#6944 = VECTOR('',#6945,1.);
#6945 = DIRECTION('',(0.,-1.));
#6946 = ( GEOMETRIC_REPRESENTATION_CONTEXT(2) 
PARAMETRIC_REPRESENTATION_CONTEXT() REPRESENTATION_CONTEXT('2D SPACE',''
  ) );
#6947 = ORIENTED_EDGE('',*,*,#6948,.T.);
#6948 = EDGE_CURVE('',#6926,#6949,#6951,.T.);
#6949 = VERTEX_POINT('',#6950);
#6950 = CARTESIAN_POINT('',(18.,5.,0.));
#6951 = SURFACE_CURVE('',#6952,(#6957,#6964),.PCURVE_S1.);
#6952 = CIRCLE('',#6953,2.);
#6953 = AXIS2_PLACEMENT_3D('',#6954,#6955,#6956);
#6954 = CARTESIAN_POINT('',(18.,3.,0.));
#6955 = DIRECTION('',(0.,0.,1.));
#6956 = DIRECTION('',(0.,-1.,0.));
#6957 = PCURVE('',#6418,#6958);
#6958 = DEFINITIONAL_REPRESENTATION('',(#6959),#6963);
#6959 = CIRCLE('',#6960,2.);
#6960 = AXIS2_PLACEMENT_2D('',#6961,#6962);
#6961 = CARTESIAN_POINT('',(38.,8.));
#6962 = DIRECTION('',(0.,-1.));
#6963 = ( GEOMETRIC_REPRESENTATION_CONTEXT(2) 
PARAMETRIC_REPRESENTATION_CONTEXT() REPRESENTATION_CONTEXT('2D SPACE',''
  ) );
#6964 = PCURVE('',#6591,#6965);
#6965 = DEFINITIONAL_REPRESENTATION('',(#6966),#6970);
#6966 = LINE('',#6967,#6968);
#6967 = CARTESIAN_POINT('',(-1.570796326795,0.));
#6968 = VECTOR('',#6969,1.);
#6969 = DIRECTION('',(1.,0.));
#6970 = ( GEOMETRIC_REPRESENTATION_CONTEXT(2) 
PARAMETRIC_REPRESENTATION_CONTEXT() REPRESENTATION_CONTEXT('2D SPACE',''
  ) );
#6971 = ORIENTED_EDGE('',*,*,#6972,.F.);
#6972 = EDGE_CURVE('',#6973,#6949,#6975,.T.);
#6973 = VERTEX_POINT('',#6974);
#6974 = CARTESIAN_POINT('',(-18.,5.,0.));
#6975 = SURFACE_CURVE('',#6976,(#6980,#6987),.PCURVE_S1.);
#6976 = LINE('',#6977,#6978);
#6977 = CARTESIAN_POINT('',(-20.,5.,0.));
#6978 = VECTOR('',#6979,1.);
#6979 = DIRECTION('',(1.,0.,0.));
#6980 = PCURVE('',#6418,#6981);
#6981 = DEFINITIONAL_REPRESENTATION('',(#6982),#6986);
#6982 = LINE('',#6983,#6984);
#6983 = CARTESIAN_POINT('',(0.,10.));
#6984 = VECTOR('',#6985,1.);
#6985 = DIRECTION('',(1.,0.));
#6986 = ( GEOMETRIC_REPRESENTATION_CONTEXT(2) 
PARAMETRIC_REPRESENTATION_CONTEXT() REPRESENTATION_CONTEXT('2D SPACE',''
  ) );
#6987 = PCURVE('',#6619,#6988);
#6988 = DEFINITIONAL_REPRESENTATION('',(#6989),#6993);
#6989 = LINE('',#6990,#6991);
#6990 = CARTESIAN_POINT('',(0.,0.));
#6991 = VECTOR('',#6992,1.);
#6992 = DIRECTION('',(0.,1.));
#6993 = ( GEOMETRIC_REPRESENTATION_CONTEXT(2) 
PARAMETRIC_REPRESENTATION_CONTEXT() REPRESENTATION_CONTEXT('2D SPACE',''
  ) );
#6994 = ORIENTED_EDGE('',*,*,#6995,.F.);
#6995 = EDGE_CURVE('',#6996,#6973,#6998,.T.);
#6996 = VERTEX_POINT('',#6997);
#6997 = CARTESIAN_POINT('',(-20.,3.,0.));
#6998 = SURFACE_CURVE('',#6999,(#7004,#7015),.PCURVE_S1.);
#6999 = CIRCLE('',#7000,2.);
#7000 = AXIS2_PLACEMENT_3D('',#7001,#7002,#7003);
#7001 = CARTESIAN_POINT('',(-18.,3.,0.));
#7002 = DIRECTION('',(-0.,-0.,-1.));
#7003 = DIRECTION('',(0.,-1.,0.));
#7004 = PCURVE('',#6418,#7005);
#7005 = DEFINITIONAL_REPRESENTATION('',(#7006),#7014);
#7006 = ( BOUNDED_CURVE() B_SPLINE_CURVE(2,(#7007,#7008,#7009,#7010,
#7011,#7012,#7013),.UNSPECIFIED.,.T.,.F.) B_SPLINE_CURVE_WITH_KNOTS((1,2
    ,2,2,2,1),(-2.094395102393,0.,2.094395102393,4.188790204786,
6.28318530718,8.377580409573),.UNSPECIFIED.) CURVE() 
GEOMETRIC_REPRESENTATION_ITEM() RATIONAL_B_SPLINE_CURVE((1.,0.5,1.,0.5,
1.,0.5,1.)) REPRESENTATION_ITEM('') );
#7007 = CARTESIAN_POINT('',(2.,6.));
#7008 = CARTESIAN_POINT('',(-1.464101615138,6.));
#7009 = CARTESIAN_POINT('',(0.267949192431,9.));
#7010 = CARTESIAN_POINT('',(2.,12.));
#7011 = CARTESIAN_POINT('',(3.732050807569,9.));
#7012 = CARTESIAN_POINT('',(5.464101615138,6.));
#7013 = CARTESIAN_POINT('',(2.,6.));
#7014 = ( GEOMETRIC_REPRESENTATION_CONTEXT(2) 
PARAMETRIC_REPRESENTATION_CONTEXT() REPRESENTATION_CONTEXT('2D SPACE',''
  ) );
#7015 = PCURVE('',#6652,#7016);
#7016 = DEFINITIONAL_REPRESENTATION('',(#7017),#7021);
#7017 = LINE('',#7018,#7019);
#7018 = CARTESIAN_POINT('',(1.570796326795,-0.));
#7019 = VECTOR('',#7020,1.);
#7020 = DIRECTION('',(-1.,0.));
#7021 = ( GEOMETRIC_REPRESENTATION_CONTEXT(2) 
PARAMETRIC_REPRESENTATION_CONTEXT() REPRESENTATION_CONTEXT('2D SPACE',''
  ) );
#7022 = ORIENTED_EDGE('',*,*,#7023,.F.);
#7023 = EDGE_CURVE('',#7024,#6996,#7026,.T.);
#7024 = VERTEX_POINT('',#7025);
#7025 = CARTESIAN_POINT('',(-20.,0.714142842854,-1.820765760385E-14));
#7026 = SURFACE_CURVE('',#7027,(#7031,#7038),.PCURVE_S1.);
#7027 = LINE('',#7028,#7029);
#7028 = CARTESIAN_POINT('',(-20.,-5.,0.));
#7029 = VECTOR('',#7030,1.);
#7030 = DIRECTION('',(0.,1.,0.));
#7031 = PCURVE('',#6418,#7032);
#7032 = DEFINITIONAL_REPRESENTATION('',(#7033),#7037);
#7033 = LINE('',#7034,#7035);
#7034 = CARTESIAN_POINT('',(0.,0.));
#7035 = VECTOR('',#7036,1.);
#7036 = DIRECTION('',(0.,1.));
#7037 = ( GEOMETRIC_REPRESENTATION_CONTEXT(2) 
PARAMETRIC_REPRESENTATION_CONTEXT() REPRESENTATION_CONTEXT('2D SPACE',''
  ) );
#7038 = PCURVE('',#6680,#7039);
#7039 = DEFINITIONAL_REPRESENTATION('',(#7040),#7044);
#7040 = LINE('',#7041,#7042);
#7041 = CARTESIAN_POINT('',(0.,0.));
#7042 = VECTOR('',#7043,1.);
#7043 = DIRECTION('',(0.,-1.));
#7044 = ( GEOMETRIC_REPRESENTATION_CONTEXT(2) 
PARAMETRIC_REPRESENTATION_CONTEXT() REPRESENTATION_CONTEXT('2D SPACE',''
  ) );
#7045 = ORIENTED_EDGE('',*,*,#7046,.F.);
#7046 = EDGE_CURVE('',#7047,#7024,#7049,.T.);
#7047 = VERTEX_POINT('',#7048);
#7048 = CARTESIAN_POINT('',(-12.,0.714142842854,0.));
#7049 = SURFACE_CURVE('',#7050,(#7054,#7060),.PCURVE_S1.);
#7050 = LINE('',#7051,#7052);
#7051 = CARTESIAN_POINT('',(-20.,0.714142842854,0.));
#7052 = VECTOR('',#7053,1.);
#7053 = DIRECTION('',(-1.,-0.,-1.110223024625E-16));
#7054 = PCURVE('',#6418,#7055);
#7055 = DEFINITIONAL_REPRESENTATION('',(#7056),#7059);
#7056 = B_SPLINE_CURVE_WITH_KNOTS('',1,(#7057,#7058),.UNSPECIFIED.,.F.,
  .F.,(2,2),(-8.0000006,5.999999999062E-07),.PIECEWISE_BEZIER_KNOTS.);
#7057 = CARTESIAN_POINT('',(8.0000006,5.714142842854));
#7058 = CARTESIAN_POINT('',(-5.999999999062E-07,5.714142842854));
#7059 = ( GEOMETRIC_REPRESENTATION_CONTEXT(2) 
PARAMETRIC_REPRESENTATION_CONTEXT() REPRESENTATION_CONTEXT('2D SPACE',''
  ) );
#7060 = PCURVE('',#6707,#7061);
#7061 = DEFINITIONAL_REPRESENTATION('',(#7062),#7065);
#7062 = B_SPLINE_CURVE_WITH_KNOTS('',1,(#7063,#7064),.UNSPECIFIED.,.F.,
  .F.,(2,2),(-8.0000006,5.999999999062E-07),.PIECEWISE_BEZIER_KNOTS.);
#7063 = CARTESIAN_POINT('',(-0.278246822735,-8.0000006));
#7064 = CARTESIAN_POINT('',(-0.278246822735,6.000000001838E-07));
#7065 = ( GEOMETRIC_REPRESENTATION_CONTEXT(2) 
PARAMETRIC_REPRESENTATION_CONTEXT() REPRESENTATION_CONTEXT('2D SPACE',''
  ) );
#7066 = ORIENTED_EDGE('',*,*,#7067,.F.);
#7067 = EDGE_CURVE('',#6802,#7047,#7068,.T.);
#7068 = SURFACE_CURVE('',#7069,(#7073,#7079),.PCURVE_S1.);
#7069 = LINE('',#7070,#7071);
#7070 = CARTESIAN_POINT('',(-12.,-2.5,0.));
#7071 = VECTOR('',#7072,1.);
#7072 = DIRECTION('',(0.,1.,0.));
#7073 = PCURVE('',#6418,#7074);
#7074 = DEFINITIONAL_REPRESENTATION('',(#7075),#7078);
#7075 = B_SPLINE_CURVE_WITH_KNOTS('',1,(#7076,#7077),.UNSPECIFIED.,.F.,
  .F.,(2,2),(-0.1,5.1),.PIECEWISE_BEZIER_KNOTS.);
#7076 = CARTESIAN_POINT('',(8.,2.4));
#7077 = CARTESIAN_POINT('',(8.,7.6));
#7078 = ( GEOMETRIC_REPRESENTATION_CONTEXT(2) 
PARAMETRIC_REPRESENTATION_CONTEXT() REPRESENTATION_CONTEXT('2D SPACE',''
  ) );
#7079 = PCURVE('',#6733,#7080);
#7080 = DEFINITIONAL_REPRESENTATION('',(#7081),#7084);
#7081 = B_SPLINE_CURVE_WITH_KNOTS('',1,(#7082,#7083),.UNSPECIFIED.,.F.,
  .F.,(2,2),(-0.1,5.1),.PIECEWISE_BEZIER_KNOTS.);
#7082 = CARTESIAN_POINT('',(2.5,-2.6));
#7083 = CARTESIAN_POINT('',(2.5,2.6));
#7084 = ( GEOMETRIC_REPRESENTATION_CONTEXT(2) 
PARAMETRIC_REPRESENTATION_CONTEXT() REPRESENTATION_CONTEXT('2D SPACE',''
  ) );
#7085 = ORIENTED_EDGE('',*,*,#6801,.T.);
#7086 = FACE_BOUND('',#7087,.F.);
#7087 = EDGE_LOOP('',(#7088));
#7088 = ORIENTED_EDGE('',*,*,#7089,.T.);
#7089 = EDGE_CURVE('',#7090,#7090,#7092,.T.);
#7090 = VERTEX_POINT('',#7091);
#7091 = CARTESIAN_POINT('',(16.2,0.,0.));
#7092 = SURFACE_CURVE('',#7093,(#7098,#7109),.PCURVE_S1.);
#7093 = CIRCLE('',#7094,1.2);
#7094 = AXIS2_PLACEMENT_3D('',#7095,#7096,#7097);
#7095 = CARTESIAN_POINT('',(15.,0.,0.));
#7096 = DIRECTION('',(0.,0.,-1.));
#7097 = DIRECTION('',(1.,0.,0.));
#7098 = PCURVE('',#6418,#7099);
#7099 = DEFINITIONAL_REPRESENTATION('',(#7100),#7108);
#7100 = ( BOUNDED_CURVE() B_SPLINE_CURVE(2,(#7101,#7102,#7103,#7104,
#7105,#7106,#7107),.UNSPECIFIED.,.T.,.F.) B_SPLINE_CURVE_WITH_KNOTS((1,2
    ,2,2,2,1),(-2.094395102393,0.,2.094395102393,4.188790204786,
6.28318530718,8.377580409573),.UNSPECIFIED.) CURVE() 
GEOMETRIC_REPRESENTATION_ITEM() RATIONAL_B_SPLINE_CURVE((1.,0.5,1.,0.5,
1.,0.5,1.)) REPRESENTATION_ITEM('') );
#7101 = CARTESIAN_POINT('',(36.2,5.));
#7102 = CARTESIAN_POINT('',(36.2,2.921539030917));
#7103 = CARTESIAN_POINT('',(34.4,3.960769515459));
#7104 = CARTESIAN_POINT('',(32.6,5.));
#7105 = CARTESIAN_POINT('',(34.4,6.039230484541));
#7106 = CARTESIAN_POINT('',(36.2,7.078460969083));
#7107 = CARTESIAN_POINT('',(36.2,5.));
#7108 = ( GEOMETRIC_REPRESENTATION_CONTEXT(2) 
PARAMETRIC_REPRESENTATION_CONTEXT() REPRESENTATION_CONTEXT('2D SPACE',''
  ) );
#7109 = PCURVE('',#6786,#7110);
#7110 = DEFINITIONAL_REPRESENTATION('',(#7111),#7115);
#7111 = LINE('',#7112,#7113);
#7112 = CARTESIAN_POINT('',(-6.28318530718,-1.));
#7113 = VECTOR('',#7114,1.);
#7114 = DIRECTION('',(1.,-0.));
#7115 = ( GEOMETRIC_REPRESENTATION_CONTEXT(2) 
PARAMETRIC_REPRESENTATION_CONTEXT() REPRESENTATION_CONTEXT('2D SPACE',''
  ) );
#7116 = ADVANCED_FACE('',(#7117),#6390,.T.);
#7117 = FACE_BOUND('',#7118,.T.);
#7118 = EDGE_LOOP('',(#7119,#7120,#7141,#7142));
#7119 = ORIENTED_EDGE('',*,*,#6850,.T.);
#7120 = ORIENTED_EDGE('',*,*,#7121,.T.);
#7121 = EDGE_CURVE('',#6851,#6462,#7122,.T.);
#7122 = SURFACE_CURVE('',#7123,(#7127,#7134),.PCURVE_S1.);
#7123 = LINE('',#7124,#7125);
#7124 = CARTESIAN_POINT('',(-18.,-5.,0.));
#7125 = VECTOR('',#7126,1.);
#7126 = DIRECTION('',(0.,0.,1.));
#7127 = PCURVE('',#6390,#7128);
#7128 = DEFINITIONAL_REPRESENTATION('',(#7129),#7133);
#7129 = LINE('',#7130,#7131);
#7130 = CARTESIAN_POINT('',(1.570796326795,0.));
#7131 = VECTOR('',#7132,1.);
#7132 = DIRECTION('',(0.,1.));
#7133 = ( GEOMETRIC_REPRESENTATION_CONTEXT(2) 
PARAMETRIC_REPRESENTATION_CONTEXT() REPRESENTATION_CONTEXT('2D SPACE',''
  ) );
#7134 = PCURVE('',#6501,#7135);
#7135 = DEFINITIONAL_REPRESENTATION('',(#7136),#7140);
#7136 = LINE('',#7137,#7138);
#7137 = CARTESIAN_POINT('',(0.,2.));
#7138 = VECTOR('',#7139,1.);
#7139 = DIRECTION('',(1.,0.));
#7140 = ( GEOMETRIC_REPRESENTATION_CONTEXT(2) 
PARAMETRIC_REPRESENTATION_CONTEXT() REPRESENTATION_CONTEXT('2D SPACE',''
  ) );
#7141 = ORIENTED_EDGE('',*,*,#6461,.F.);
#7142 = ORIENTED_EDGE('',*,*,#6374,.F.);
#7143 = ADVANCED_FACE('',(#7144),#6501,.F.);
#7144 = FACE_BOUND('',#7145,.F.);
#7145 = EDGE_LOOP('',(#7146,#7147,#7148,#7149));
#7146 = ORIENTED_EDGE('',*,*,#6874,.F.);
#7147 = ORIENTED_EDGE('',*,*,#7121,.T.);
#7148 = ORIENTED_EDGE('',*,*,#6485,.T.);
#7149 = ORIENTED_EDGE('',*,*,#7150,.F.);
#7150 = EDGE_CURVE('',#6875,#6486,#7151,.T.);
#7151 = SURFACE_CURVE('',#7152,(#7156,#7163),.PCURVE_S1.);
#7152 = LINE('',#7153,#7154);
#7153 = CARTESIAN_POINT('',(18.,-5.,0.));
#7154 = VECTOR('',#7155,1.);
#7155 = DIRECTION('',(0.,0.,1.));
#7156 = PCURVE('',#6501,#7157);
#7157 = DEFINITIONAL_REPRESENTATION('',(#7158),#7162);
#7158 = LINE('',#7159,#7160);
#7159 = CARTESIAN_POINT('',(0.,38.));
#7160 = VECTOR('',#7161,1.);
#7161 = DIRECTION('',(1.,0.));
#7162 = ( GEOMETRIC_REPRESENTATION_CONTEXT(2) 
PARAMETRIC_REPRESENTATION_CONTEXT() REPRESENTATION_CONTEXT('2D SPACE',''
  ) );
#7163 = PCURVE('',#6534,#7164);
#7164 = DEFINITIONAL_REPRESENTATION('',(#7165),#7169);
#7165 = LINE('',#7166,#7167);
#7166 = CARTESIAN_POINT('',(-1.570796326795,0.));
#7167 = VECTOR('',#7168,1.);
#7168 = DIRECTION('',(-0.,1.));
#7169 = ( GEOMETRIC_REPRESENTATION_CONTEXT(2) 
PARAMETRIC_REPRESENTATION_CONTEXT() REPRESENTATION_CONTEXT('2D SPACE',''
  ) );
#7170 = ADVANCED_FACE('',(#7171),#6733,.F.);
#7171 = FACE_BOUND('',#7172,.F.);
#7172 = EDGE_LOOP('',(#7173,#7174,#7196,#7197));
#7173 = ORIENTED_EDGE('',*,*,#7067,.T.);
#7174 = ORIENTED_EDGE('',*,*,#7175,.T.);
#7175 = EDGE_CURVE('',#7047,#6693,#7176,.T.);
#7176 = SURFACE_CURVE('',#7177,(#7182,#7189),.PCURVE_S1.);
#7177 = CIRCLE('',#7178,2.6);
#7178 = AXIS2_PLACEMENT_3D('',#7179,#7180,#7181);
#7179 = CARTESIAN_POINT('',(-12.,0.,2.5));
#7180 = DIRECTION('',(1.,-0.,1.110223024625E-16));
#7181 = DIRECTION('',(1.110223024625E-16,0.,-1.));
#7182 = PCURVE('',#6733,#7183);
#7183 = DEFINITIONAL_REPRESENTATION('',(#7184),#7188);
#7184 = CIRCLE('',#7185,2.6);
#7185 = AXIS2_PLACEMENT_2D('',#7186,#7187);
#7186 = CARTESIAN_POINT('',(0.,-2.534857220269E-17));
#7187 = DIRECTION('',(1.,0.));
#7188 = ( GEOMETRIC_REPRESENTATION_CONTEXT(2) 
PARAMETRIC_REPRESENTATION_CONTEXT() REPRESENTATION_CONTEXT('2D SPACE',''
  ) );
#7189 = PCURVE('',#6707,#7190);
#7190 = DEFINITIONAL_REPRESENTATION('',(#7191),#7195);
#7191 = LINE('',#7192,#7193);
#7192 = CARTESIAN_POINT('',(-0.,-8.));
#7193 = VECTOR('',#7194,1.);
#7194 = DIRECTION('',(-1.,0.));
#7195 = ( GEOMETRIC_REPRESENTATION_CONTEXT(2) 
PARAMETRIC_REPRESENTATION_CONTEXT() REPRESENTATION_CONTEXT('2D SPACE',''
  ) );
#7196 = ORIENTED_EDGE('',*,*,#6718,.F.);
#7197 = ORIENTED_EDGE('',*,*,#6824,.T.);
#7198 = ADVANCED_FACE('',(#7199),#6534,.T.);
#7199 = FACE_BOUND('',#7200,.F.);
#7200 = EDGE_LOOP('',(#7201,#7202,#7203,#7204));
#7201 = ORIENTED_EDGE('',*,*,#6897,.T.);
#7202 = ORIENTED_EDGE('',*,*,#7150,.T.);
#7203 = ORIENTED_EDGE('',*,*,#6513,.F.);
#7204 = ORIENTED_EDGE('',*,*,#7205,.F.);
#7205 = EDGE_CURVE('',#6898,#6514,#7206,.T.);
#7206 = SURFACE_CURVE('',#7207,(#7211,#7218),.PCURVE_S1.);
#7207 = LINE('',#7208,#7209);
#7208 = CARTESIAN_POINT('',(20.,-3.,0.));
#7209 = VECTOR('',#7210,1.);
#7210 = DIRECTION('',(0.,0.,1.));
#7211 = PCURVE('',#6534,#7212);
#7212 = DEFINITIONAL_REPRESENTATION('',(#7213),#7217);
#7213 = LINE('',#7214,#7215);
#7214 = CARTESIAN_POINT('',(-0.,0.));
#7215 = VECTOR('',#7216,1.);
#7216 = DIRECTION('',(-0.,1.));
#7217 = ( GEOMETRIC_REPRESENTATION_CONTEXT(2) 
PARAMETRIC_REPRESENTATION_CONTEXT() REPRESENTATION_CONTEXT('2D SPACE',''
  ) );
#7218 = PCURVE('',#6562,#7219);
#7219 = DEFINITIONAL_REPRESENTATION('',(#7220),#7224);
#7220 = LINE('',#7221,#7222);
#7221 = CARTESIAN_POINT('',(0.,-2.));
#7222 = VECTOR('',#7223,1.);
#7223 = DIRECTION('',(1.,0.));
#7224 = ( GEOMETRIC_REPRESENTATION_CONTEXT(2) 
PARAMETRIC_REPRESENTATION_CONTEXT() REPRESENTATION_CONTEXT('2D SPACE',''
  ) );
#7225 = ADVANCED_FACE('',(#7226),#6707,.F.);
#7226 = FACE_BOUND('',#7227,.T.);
#7227 = EDGE_LOOP('',(#7228,#7250,#7251,#7252));
#7228 = ORIENTED_EDGE('',*,*,#7229,.F.);
#7229 = EDGE_CURVE('',#7024,#6665,#7230,.T.);
#7230 = SURFACE_CURVE('',#7231,(#7236,#7243),.PCURVE_S1.);
#7231 = CIRCLE('',#7232,2.6);
#7232 = AXIS2_PLACEMENT_3D('',#7233,#7234,#7235);
#7233 = CARTESIAN_POINT('',(-20.,0.,2.5));
#7234 = DIRECTION('',(1.,-0.,1.110223024625E-16));
#7235 = DIRECTION('',(1.110223024625E-16,0.,-1.));
#7236 = PCURVE('',#6707,#7237);
#7237 = DEFINITIONAL_REPRESENTATION('',(#7238),#7242);
#7238 = LINE('',#7239,#7240);
#7239 = CARTESIAN_POINT('',(-0.,0.));
#7240 = VECTOR('',#7241,1.);
#7241 = DIRECTION('',(-1.,0.));
#7242 = ( GEOMETRIC_REPRESENTATION_CONTEXT(2) 
PARAMETRIC_REPRESENTATION_CONTEXT() REPRESENTATION_CONTEXT('2D SPACE',''
  ) );
#7243 = PCURVE('',#6680,#7244);
#7244 = DEFINITIONAL_REPRESENTATION('',(#7245),#7249);
#7245 = CIRCLE('',#7246,2.6);
#7246 = AXIS2_PLACEMENT_2D('',#7247,#7248);
#7247 = CARTESIAN_POINT('',(2.5,-5.));
#7248 = DIRECTION('',(-1.,0.));
#7249 = ( GEOMETRIC_REPRESENTATION_CONTEXT(2) 
PARAMETRIC_REPRESENTATION_CONTEXT() REPRESENTATION_CONTEXT('2D SPACE',''
  ) );
#7250 = ORIENTED_EDGE('',*,*,#7046,.F.);
#7251 = ORIENTED_EDGE('',*,*,#7175,.T.);
#7252 = ORIENTED_EDGE('',*,*,#6692,.T.);
#7253 = ADVANCED_FACE('',(#7254),#6562,.T.);
#7254 = FACE_BOUND('',#7255,.T.);
#7255 = EDGE_LOOP('',(#7256,#7257,#7258,#7259));
#7256 = ORIENTED_EDGE('',*,*,#6546,.F.);
#7257 = ORIENTED_EDGE('',*,*,#7205,.F.);
#7258 = ORIENTED_EDGE('',*,*,#6925,.T.);
#7259 = ORIENTED_EDGE('',*,*,#7260,.T.);
#7260 = EDGE_CURVE('',#6926,#6547,#7261,.T.);
#7261 = SURFACE_CURVE('',#7262,(#7266,#7273),.PCURVE_S1.);
#7262 = LINE('',#7263,#7264);
#7263 = CARTESIAN_POINT('',(20.,3.,0.));
#7264 = VECTOR('',#7265,1.);
#7265 = DIRECTION('',(0.,0.,1.));
#7266 = PCURVE('',#6562,#7267);
#7267 = DEFINITIONAL_REPRESENTATION('',(#7268),#7272);
#7268 = LINE('',#7269,#7270);
#7269 = CARTESIAN_POINT('',(0.,-8.));
#7270 = VECTOR('',#7271,1.);
#7271 = DIRECTION('',(1.,0.));
#7272 = ( GEOMETRIC_REPRESENTATION_CONTEXT(2) 
PARAMETRIC_REPRESENTATION_CONTEXT() REPRESENTATION_CONTEXT('2D SPACE',''
  ) );
#7273 = PCURVE('',#6591,#7274);
#7274 = DEFINITIONAL_REPRESENTATION('',(#7275),#7279);
#7275 = LINE('',#7276,#7277);
#7276 = CARTESIAN_POINT('',(0.,0.));
#7277 = VECTOR('',#7278,1.);
#7278 = DIRECTION('',(0.,1.));
#7279 = ( GEOMETRIC_REPRESENTATION_CONTEXT(2) 
PARAMETRIC_REPRESENTATION_CONTEXT() REPRESENTATION_CONTEXT('2D SPACE',''
  ) );
#7280 = ADVANCED_FACE('',(#7281),#6680,.F.);
#7281 = FACE_BOUND('',#7282,.F.);
#7282 = EDGE_LOOP('',(#7283,#7284,#7285,#7286));
#7283 = ORIENTED_EDGE('',*,*,#6664,.F.);
#7284 = ORIENTED_EDGE('',*,*,#7229,.F.);
#7285 = ORIENTED_EDGE('',*,*,#7023,.T.);
#7286 = ORIENTED_EDGE('',*,*,#7287,.T.);
#7287 = EDGE_CURVE('',#6996,#6632,#7288,.T.);
#7288 = SURFACE_CURVE('',#7289,(#7293,#7300),.PCURVE_S1.);
#7289 = LINE('',#7290,#7291);
#7290 = CARTESIAN_POINT('',(-20.,3.,0.));
#7291 = VECTOR('',#7292,1.);
#7292 = DIRECTION('',(0.,0.,1.));
#7293 = PCURVE('',#6680,#7294);
#7294 = DEFINITIONAL_REPRESENTATION('',(#7295),#7299);
#7295 = LINE('',#7296,#7297);
#7296 = CARTESIAN_POINT('',(0.,-8.));
#7297 = VECTOR('',#7298,1.);
#7298 = DIRECTION('',(1.,0.));
#7299 = ( GEOMETRIC_REPRESENTATION_CONTEXT(2) 
PARAMETRIC_REPRESENTATION_CONTEXT() REPRESENTATION_CONTEXT('2D SPACE',''
  ) );
#7300 = PCURVE('',#6652,#7301);
#7301 = DEFINITIONAL_REPRESENTATION('',(#7302),#7306);
#7302 = LINE('',#7303,#7304);
#7303 = CARTESIAN_POINT('',(-0.,0.));
#7304 = VECTOR('',#7305,1.);
#7305 = DIRECTION('',(-0.,1.));
#7306 = ( GEOMETRIC_REPRESENTATION_CONTEXT(2) 
PARAMETRIC_REPRESENTATION_CONTEXT() REPRESENTATION_CONTEXT('2D SPACE',''
  ) );
#7307 = ADVANCED_FACE('',(#7308),#6591,.T.);
#7308 = FACE_BOUND('',#7309,.T.);
#7309 = EDGE_LOOP('',(#7310,#7311,#7332,#7333));
#7310 = ORIENTED_EDGE('',*,*,#6948,.T.);
#7311 = ORIENTED_EDGE('',*,*,#7312,.T.);
#7312 = EDGE_CURVE('',#6949,#6575,#7313,.T.);
#7313 = SURFACE_CURVE('',#7314,(#7318,#7325),.PCURVE_S1.);
#7314 = LINE('',#7315,#7316);
#7315 = CARTESIAN_POINT('',(18.,5.,0.));
#7316 = VECTOR('',#7317,1.);
#7317 = DIRECTION('',(0.,0.,1.));
#7318 = PCURVE('',#6591,#7319);
#7319 = DEFINITIONAL_REPRESENTATION('',(#7320),#7324);
#7320 = LINE('',#7321,#7322);
#7321 = CARTESIAN_POINT('',(1.570796326795,0.));
#7322 = VECTOR('',#7323,1.);
#7323 = DIRECTION('',(0.,1.));
#7324 = ( GEOMETRIC_REPRESENTATION_CONTEXT(2) 
PARAMETRIC_REPRESENTATION_CONTEXT() REPRESENTATION_CONTEXT('2D SPACE',''
  ) );
#7325 = PCURVE('',#6619,#7326);
#7326 = DEFINITIONAL_REPRESENTATION('',(#7327),#7331);
#7327 = LINE('',#7328,#7329);
#7328 = CARTESIAN_POINT('',(0.,38.));
#7329 = VECTOR('',#7330,1.);
#7330 = DIRECTION('',(1.,0.));
#7331 = ( GEOMETRIC_REPRESENTATION_CONTEXT(2) 
PARAMETRIC_REPRESENTATION_CONTEXT() REPRESENTATION_CONTEXT('2D SPACE',''
  ) );
#7332 = ORIENTED_EDGE('',*,*,#6574,.F.);
#7333 = ORIENTED_EDGE('',*,*,#7260,.F.);
#7334 = ADVANCED_FACE('',(#7335),#6652,.T.);
#7335 = FACE_BOUND('',#7336,.F.);
#7336 = EDGE_LOOP('',(#7337,#7338,#7359,#7360));
#7337 = ORIENTED_EDGE('',*,*,#6995,.T.);
#7338 = ORIENTED_EDGE('',*,*,#7339,.T.);
#7339 = EDGE_CURVE('',#6973,#6604,#7340,.T.);
#7340 = SURFACE_CURVE('',#7341,(#7345,#7352),.PCURVE_S1.);
#7341 = LINE('',#7342,#7343);
#7342 = CARTESIAN_POINT('',(-18.,5.,0.));
#7343 = VECTOR('',#7344,1.);
#7344 = DIRECTION('',(0.,0.,1.));
#7345 = PCURVE('',#6652,#7346);
#7346 = DEFINITIONAL_REPRESENTATION('',(#7347),#7351);
#7347 = LINE('',#7348,#7349);
#7348 = CARTESIAN_POINT('',(-1.570796326795,0.));
#7349 = VECTOR('',#7350,1.);
#7350 = DIRECTION('',(-0.,1.));
#7351 = ( GEOMETRIC_REPRESENTATION_CONTEXT(2) 
PARAMETRIC_REPRESENTATION_CONTEXT() REPRESENTATION_CONTEXT('2D SPACE',''
  ) );
#7352 = PCURVE('',#6619,#7353);
#7353 = DEFINITIONAL_REPRESENTATION('',(#7354),#7358);
#7354 = LINE('',#7355,#7356);
#7355 = CARTESIAN_POINT('',(0.,2.));
#7356 = VECTOR('',#7357,1.);
#7357 = DIRECTION('',(1.,0.));
#7358 = ( GEOMETRIC_REPRESENTATION_CONTEXT(2) 
PARAMETRIC_REPRESENTATION_CONTEXT() REPRESENTATION_CONTEXT('2D SPACE',''
  ) );
#7359 = ORIENTED_EDGE('',*,*,#6631,.F.);
#7360 = ORIENTED_EDGE('',*,*,#7287,.F.);
#7361 = ADVANCED_FACE('',(#7362),#6619,.T.);
#7362 = FACE_BOUND('',#7363,.T.);
#7363 = EDGE_LOOP('',(#7364,#7365,#7366,#7367));
#7364 = ORIENTED_EDGE('',*,*,#6972,.F.);
#7365 = ORIENTED_EDGE('',*,*,#7339,.T.);
#7366 = ORIENTED_EDGE('',*,*,#6603,.T.);
#7367 = ORIENTED_EDGE('',*,*,#7312,.F.);
#7368 = ADVANCED_FACE('',(#7369),#6786,.F.);
#7369 = FACE_BOUND('',#7370,.T.);
#7370 = EDGE_LOOP('',(#7371,#7372,#7393,#7394));
#7371 = ORIENTED_EDGE('',*,*,#7089,.T.);
#7372 = ORIENTED_EDGE('',*,*,#7373,.T.);
#7373 = EDGE_CURVE('',#7090,#6766,#7374,.T.);
#7374 = SEAM_CURVE('',#7375,(#7379,#7386),.PCURVE_S1.);
#7375 = LINE('',#7376,#7377);
#7376 = CARTESIAN_POINT('',(16.2,0.,-1.));
#7377 = VECTOR('',#7378,1.);
#7378 = DIRECTION('',(0.,0.,1.));
#7379 = PCURVE('',#6786,#7380);
#7380 = DEFINITIONAL_REPRESENTATION('',(#7381),#7385);
#7381 = LINE('',#7382,#7383);
#7382 = CARTESIAN_POINT('',(-6.28318530718,0.));
#7383 = VECTOR('',#7384,1.);
#7384 = DIRECTION('',(-0.,-1.));
#7385 = ( GEOMETRIC_REPRESENTATION_CONTEXT(2) 
PARAMETRIC_REPRESENTATION_CONTEXT() REPRESENTATION_CONTEXT('2D SPACE',''
  ) );
#7386 = PCURVE('',#6786,#7387);
#7387 = DEFINITIONAL_REPRESENTATION('',(#7388),#7392);
#7388 = LINE('',#7389,#7390);
#7389 = CARTESIAN_POINT('',(-0.,0.));
#7390 = VECTOR('',#7391,1.);
#7391 = DIRECTION('',(-0.,-1.));
#7392 = ( GEOMETRIC_REPRESENTATION_CONTEXT(2) 
PARAMETRIC_REPRESENTATION_CONTEXT() REPRESENTATION_CONTEXT('2D SPACE',''
  ) );
#7393 = ORIENTED_EDGE('',*,*,#6765,.F.);
#7394 = ORIENTED_EDGE('',*,*,#7373,.F.);
#7395 = ( GEOMETRIC_REPRESENTATION_CONTEXT(3) 
GLOBAL_UNCERTAINTY_ASSIGNED_CONTEXT((#7399)) 
GLOBAL_UNIT_ASSIGNED_CONTEXT((#7396,#7397,#7398)) REPRESENTATION_CONTEXT
('Context #1','3D Context with UNIT and UNCERTAINTY') );
#7396 = ( LENGTH_UNIT() NAMED_UNIT(*) SI_UNIT(.MILLI.,.METRE.) );
#7397 = ( NAMED_UNIT(*) PLANE_ANGLE_UNIT() SI_UNIT($,.RADIAN.) );
#7398 = ( NAMED_UNIT(*) SI_UNIT($,.STERADIAN.) SOLID_ANGLE_UNIT() );
#7399 = UNCERTAINTY_MEASURE_WITH_UNIT(LENGTH_MEASURE(1.E-07),#7396,
  'distance_accuracy_value','confusion accuracy');
#7400 = CONTEXT_DEPENDENT_SHAPE_REPRESENTATION(#7401,#7403);
#7401 = ( REPRESENTATION_RELATIONSHIP('','',#6332,#10) 
REPRESENTATION_RELATIONSHIP_WITH_TRANSFORMATION(#7402) 
SHAPE_REPRESENTATION_RELATIONSHIP() );
#7402 = ITEM_DEFINED_TRANSFORMATION('','',#11,#23);
#7403 = PRODUCT_DEFINITION_SHAPE('Placement','Placement of an item',
  #7404);
#7404 = NEXT_ASSEMBLY_USAGE_OCCURRENCE('17','finger_1','',#5,#6327,$);
#7405 = PRODUCT_RELATED_PRODUCT_CATEGORY('part',$,(#6329));
#7406 = CONTEXT_DEPENDENT_SHAPE_REPRESENTATION(#7407,#7409);
#7407 = ( REPRESENTATION_RELATIONSHIP('','',#4965,#10) 
REPRESENTATION_RELATIONSHIP_WITH_TRANSFORMATION(#7408) 
SHAPE_REPRESENTATION_RELATIONSHIP() );
#7408 = ITEM_DEFINED_TRANSFORMATION('','',#11,#27);
#7409 = PRODUCT_DEFINITION_SHAPE('Placement','Placement of an item',
  #7410);
#7410 = NEXT_ASSEMBLY_USAGE_OCCURRENCE('18','guide_2','',#5,#4960,$);
#7411 = CONTEXT_DEPENDENT_SHAPE_REPRESENTATION(#7412,#7414);
#7412 = ( REPRESENTATION_RELATIONSHIP('','',#6332,#10) 
REPRESENTATION_RELATIONSHIP_WITH_TRANSFORMATION(#7413) 
SHAPE_REPRESENTATION_RELATIONSHIP() );
#7413 = ITEM_DEFINED_TRANSFORMATION('','',#11,#31);
#7414 = PRODUCT_DEFINITION_SHAPE('Placement','Placement of an item',
  #7415);
#7415 = NEXT_ASSEMBLY_USAGE_OCCURRENCE('19','finger_2','',#5,#6327,$);
#7416 = CONTEXT_DEPENDENT_SHAPE_REPRESENTATION(#7417,#7419);
#7417 = ( REPRESENTATION_RELATIONSHIP('','',#4965,#10) 
REPRESENTATION_RELATIONSHIP_WITH_TRANSFORMATION(#7418) 
SHAPE_REPRESENTATION_RELATIONSHIP() );
#7418 = ITEM_DEFINED_TRANSFORMATION('','',#11,#35);
#7419 = PRODUCT_DEFINITION_SHAPE('Placement','Placement of an item',
  #7420);
#7420 = NEXT_ASSEMBLY_USAGE_OCCURRENCE('20','guide_3','',#5,#4960,$);
#7421 = CONTEXT_DEPENDENT_SHAPE_REPRESENTATION(#7422,#7424);
#7422 = ( REPRESENTATION_RELATIONSHIP('','',#6332,#10) 
REPRESENTATION_RELATIONSHIP_WITH_TRANSFORMATION(#7423) 
SHAPE_REPRESENTATION_RELATIONSHIP() );
#7423 = ITEM_DEFINED_TRANSFORMATION('','',#11,#39);
#7424 = PRODUCT_DEFINITION_SHAPE('Placement','Placement of an item',
  #7425);
#7425 = NEXT_ASSEMBLY_USAGE_OCCURRENCE('21','finger_3','',#5,#6327,$);
#7426 = SHAPE_DEFINITION_REPRESENTATION(#7427,#7433);
#7427 = PRODUCT_DEFINITION_SHAPE('','',#7428);
#7428 = PRODUCT_DEFINITION('design','',#7429,#7432);
#7429 = PRODUCT_DEFINITION_FORMATION('','',#7430);
#7430 = PRODUCT('common_latch','common_latch','',(#7431));
#7431 = PRODUCT_CONTEXT('',#2,'mechanical');
#7432 = PRODUCT_DEFINITION_CONTEXT('part definition',#2,'design');
#7433 = ADVANCED_BREP_SHAPE_REPRESENTATION('',(#11,#7434),#10142);
#7434 = MANIFOLD_SOLID_BREP('',#7435);
#7435 = CLOSED_SHELL('',(#7436,#7524,#8483,#8693,#8720,#8747,#8824,#8873
    ,#8922,#8976,#9030,#9079,#9128,#9156,#9233,#9282,#9331,#9385,#9439,
    #9488,#9537,#9565,#9592,#9619,#9646,#9673,#9750,#9799,#9848,#9902,
    #9956,#10005,#10054,#10082,#10109,#10120,#10131));
#7436 = ADVANCED_FACE('',(#7437),#7451,.T.);
#7437 = FACE_BOUND('',#7438,.F.);
#7438 = EDGE_LOOP('',(#7439,#7469,#7496,#7497));
#7439 = ORIENTED_EDGE('',*,*,#7440,.T.);
#7440 = EDGE_CURVE('',#7441,#7443,#7445,.T.);
#7441 = VERTEX_POINT('',#7442);
#7442 = CARTESIAN_POINT('',(95.,0.,6.));
#7443 = VERTEX_POINT('',#7444);
#7444 = CARTESIAN_POINT('',(95.,0.,10.));
#7445 = SEAM_CURVE('',#7446,(#7450,#7462),.PCURVE_S1.);
#7446 = LINE('',#7447,#7448);
#7447 = CARTESIAN_POINT('',(95.,0.,6.));
#7448 = VECTOR('',#7449,1.);
#7449 = DIRECTION('',(0.,0.,1.));
#7450 = PCURVE('',#7451,#7456);
#7451 = CYLINDRICAL_SURFACE('',#7452,95.);
#7452 = AXIS2_PLACEMENT_3D('',#7453,#7454,#7455);
#7453 = CARTESIAN_POINT('',(0.,0.,6.));
#7454 = DIRECTION('',(-0.,-0.,-1.));
#7455 = DIRECTION('',(1.,0.,0.));
#7456 = DEFINITIONAL_REPRESENTATION('',(#7457),#7461);
#7457 = LINE('',#7458,#7459);
#7458 = CARTESIAN_POINT('',(-0.,0.));
#7459 = VECTOR('',#7460,1.);
#7460 = DIRECTION('',(-0.,-1.));
#7461 = ( GEOMETRIC_REPRESENTATION_CONTEXT(2) 
PARAMETRIC_REPRESENTATION_CONTEXT() REPRESENTATION_CONTEXT('2D SPACE',''
  ) );
#7462 = PCURVE('',#7451,#7463);
#7463 = DEFINITIONAL_REPRESENTATION('',(#7464),#7468);
#7464 = LINE('',#7465,#7466);
#7465 = CARTESIAN_POINT('',(-6.28318530718,0.));
#7466 = VECTOR('',#7467,1.);
#7467 = DIRECTION('',(-0.,-1.));
#7468 = ( GEOMETRIC_REPRESENTATION_CONTEXT(2) 
PARAMETRIC_REPRESENTATION_CONTEXT() REPRESENTATION_CONTEXT('2D SPACE',''
  ) );
#7469 = ORIENTED_EDGE('',*,*,#7470,.T.);
#7470 = EDGE_CURVE('',#7443,#7443,#7471,.T.);
#7471 = SURFACE_CURVE('',#7472,(#7477,#7484),.PCURVE_S1.);
#7472 = CIRCLE('',#7473,95.);
#7473 = AXIS2_PLACEMENT_3D('',#7474,#7475,#7476);
#7474 = CARTESIAN_POINT('',(0.,0.,10.));
#7475 = DIRECTION('',(0.,0.,1.));
#7476 = DIRECTION('',(1.,0.,0.));
#7477 = PCURVE('',#7451,#7478);
#7478 = DEFINITIONAL_REPRESENTATION('',(#7479),#7483);
#7479 = LINE('',#7480,#7481);
#7480 = CARTESIAN_POINT('',(-0.,-4.));
#7481 = VECTOR('',#7482,1.);
#7482 = DIRECTION('',(-1.,0.));
#7483 = ( GEOMETRIC_REPRESENTATION_CONTEXT(2) 
PARAMETRIC_REPRESENTATION_CONTEXT() REPRESENTATION_CONTEXT('2D SPACE',''
  ) );
#7484 = PCURVE('',#7485,#7490);
#7485 = PLANE('',#7486);
#7486 = AXIS2_PLACEMENT_3D('',#7487,#7488,#7489);
#7487 = CARTESIAN_POINT('',(-5.527336956791E-15,7.176625716282E-15,10.)
  );
#7488 = DIRECTION('',(0.,0.,1.));
#7489 = DIRECTION('',(1.,0.,-0.));
#7490 = DEFINITIONAL_REPRESENTATION('',(#7491),#7495);
#7491 = CIRCLE('',#7492,95.);
#7492 = AXIS2_PLACEMENT_2D('',#7493,#7494);
#7493 = CARTESIAN_POINT('',(5.527336956791E-15,-7.176625716282E-15));
#7494 = DIRECTION('',(1.,0.));
#7495 = ( GEOMETRIC_REPRESENTATION_CONTEXT(2) 
PARAMETRIC_REPRESENTATION_CONTEXT() REPRESENTATION_CONTEXT('2D SPACE',''
  ) );
#7496 = ORIENTED_EDGE('',*,*,#7440,.F.);
#7497 = ORIENTED_EDGE('',*,*,#7498,.F.);
#7498 = EDGE_CURVE('',#7441,#7441,#7499,.T.);
#7499 = SURFACE_CURVE('',#7500,(#7505,#7512),.PCURVE_S1.);
#7500 = CIRCLE('',#7501,95.);
#7501 = AXIS2_PLACEMENT_3D('',#7502,#7503,#7504);
#7502 = CARTESIAN_POINT('',(0.,0.,6.));
#7503 = DIRECTION('',(0.,0.,1.));
#7504 = DIRECTION('',(1.,0.,0.));
#7505 = PCURVE('',#7451,#7506);
#7506 = DEFINITIONAL_REPRESENTATION('',(#7507),#7511);
#7507 = LINE('',#7508,#7509);
#7508 = CARTESIAN_POINT('',(-0.,0.));
#7509 = VECTOR('',#7510,1.);
#7510 = DIRECTION('',(-1.,0.));
#7511 = ( GEOMETRIC_REPRESENTATION_CONTEXT(2) 
PARAMETRIC_REPRESENTATION_CONTEXT() REPRESENTATION_CONTEXT('2D SPACE',''
  ) );
#7512 = PCURVE('',#7513,#7518);
#7513 = PLANE('',#7514);
#7514 = AXIS2_PLACEMENT_3D('',#7515,#7516,#7517);
#7515 = CARTESIAN_POINT('',(-5.527336956791E-15,7.176625716282E-15,6.));
#7516 = DIRECTION('',(0.,0.,1.));
#7517 = DIRECTION('',(1.,0.,-0.));
#7518 = DEFINITIONAL_REPRESENTATION('',(#7519),#7523);
#7519 = CIRCLE('',#7520,95.);
#7520 = AXIS2_PLACEMENT_2D('',#7521,#7522);
#7521 = CARTESIAN_POINT('',(5.527336956791E-15,-7.176625716282E-15));
#7522 = DIRECTION('',(1.,0.));
#7523 = ( GEOMETRIC_REPRESENTATION_CONTEXT(2) 
PARAMETRIC_REPRESENTATION_CONTEXT() REPRESENTATION_CONTEXT('2D SPACE',''
  ) );
#7524 = ADVANCED_FACE('',(#7525,#7528,#7563,#7598,#7836,#8074,#8109,
    #8144,#8175,#8210,#8448),#7513,.F.);
#7525 = FACE_BOUND('',#7526,.F.);
#7526 = EDGE_LOOP('',(#7527));
#7527 = ORIENTED_EDGE('',*,*,#7498,.T.);
#7528 = FACE_BOUND('',#7529,.F.);
#7529 = EDGE_LOOP('',(#7530));
#7530 = ORIENTED_EDGE('',*,*,#7531,.T.);
#7531 = EDGE_CURVE('',#7532,#7532,#7534,.T.);
#7532 = VERTEX_POINT('',#7533);
#7533 = CARTESIAN_POINT('',(-39.,-71.01408311032,6.));
#7534 = SURFACE_CURVE('',#7535,(#7540,#7551),.PCURVE_S1.);
#7535 = CIRCLE('',#7536,2.);
#7536 = AXIS2_PLACEMENT_3D('',#7537,#7538,#7539);
#7537 = CARTESIAN_POINT('',(-41.,-71.01408311032,6.));
#7538 = DIRECTION('',(0.,0.,-1.));
#7539 = DIRECTION('',(1.,0.,0.));
#7540 = PCURVE('',#7513,#7541);
#7541 = DEFINITIONAL_REPRESENTATION('',(#7542),#7550);
#7542 = ( BOUNDED_CURVE() B_SPLINE_CURVE(2,(#7543,#7544,#7545,#7546,
#7547,#7548,#7549),.UNSPECIFIED.,.T.,.F.) B_SPLINE_CURVE_WITH_KNOTS((1,2
    ,2,2,2,1),(-2.094395102393,0.,2.094395102393,4.188790204786,
6.28318530718,8.377580409573),.UNSPECIFIED.) CURVE() 
GEOMETRIC_REPRESENTATION_ITEM() RATIONAL_B_SPLINE_CURVE((1.,0.5,1.,0.5,
1.,0.5,1.)) REPRESENTATION_ITEM('') );
#7543 = CARTESIAN_POINT('',(-39.,-71.01408311032));
#7544 = CARTESIAN_POINT('',(-39.,-74.47818472546));
#7545 = CARTESIAN_POINT('',(-42.,-72.74613391789));
#7546 = CARTESIAN_POINT('',(-45.,-71.01408311032));
#7547 = CARTESIAN_POINT('',(-42.,-69.28203230275));
#7548 = CARTESIAN_POINT('',(-39.,-67.54998149518));
#7549 = CARTESIAN_POINT('',(-39.,-71.01408311032));
#7550 = ( GEOMETRIC_REPRESENTATION_CONTEXT(2) 
PARAMETRIC_REPRESENTATION_CONTEXT() REPRESENTATION_CONTEXT('2D SPACE',''
  ) );
#7551 = PCURVE('',#7552,#7557);
#7552 = CYLINDRICAL_SURFACE('',#7553,2.);
#7553 = AXIS2_PLACEMENT_3D('',#7554,#7555,#7556);
#7554 = CARTESIAN_POINT('',(-41.,-71.01408311032,-1.));
#7555 = DIRECTION('',(-0.,-0.,-1.));
#7556 = DIRECTION('',(1.,0.,0.));
#7557 = DEFINITIONAL_REPRESENTATION('',(#7558),#7562);
#7558 = LINE('',#7559,#7560);
#7559 = CARTESIAN_POINT('',(-6.28318530718,-7.));
#7560 = VECTOR('',#7561,1.);
#7561 = DIRECTION('',(1.,-0.));
#7562 = ( GEOMETRIC_REPRESENTATION_CONTEXT(2) 
PARAMETRIC_REPRESENTATION_CONTEXT() REPRESENTATION_CONTEXT('2D SPACE',''
  ) );
#7563 = FACE_BOUND('',#7564,.F.);
#7564 = EDGE_LOOP('',(#7565));
#7565 = ORIENTED_EDGE('',*,*,#7566,.T.);
#7566 = EDGE_CURVE('',#7567,#7567,#7569,.T.);
#7567 = VERTEX_POINT('',#7568);
#7568 = CARTESIAN_POINT('',(2.3,-67.,6.));
#7569 = SURFACE_CURVE('',#7570,(#7575,#7586),.PCURVE_S1.);
#7570 = CIRCLE('',#7571,2.3);
#7571 = AXIS2_PLACEMENT_3D('',#7572,#7573,#7574);
#7572 = CARTESIAN_POINT('',(-1.230770033143E-14,-67.,6.));
#7573 = DIRECTION('',(0.,0.,-1.));
#7574 = DIRECTION('',(1.,0.,0.));
#7575 = PCURVE('',#7513,#7576);
#7576 = DEFINITIONAL_REPRESENTATION('',(#7577),#7585);
#7577 = ( BOUNDED_CURVE() B_SPLINE_CURVE(2,(#7578,#7579,#7580,#7581,
#7582,#7583,#7584),.UNSPECIFIED.,.T.,.F.) B_SPLINE_CURVE_WITH_KNOTS((1,2
    ,2,2,2,1),(-2.094395102393,0.,2.094395102393,4.188790204786,
6.28318530718,8.377580409573),.UNSPECIFIED.) CURVE() 
GEOMETRIC_REPRESENTATION_ITEM() RATIONAL_B_SPLINE_CURVE((1.,0.5,1.,0.5,
1.,0.5,1.)) REPRESENTATION_ITEM('') );
#7578 = CARTESIAN_POINT('',(2.3,-67.));
#7579 = CARTESIAN_POINT('',(2.3,-70.9837168574));
#7580 = CARTESIAN_POINT('',(-1.15,-68.9918584287));
#7581 = CARTESIAN_POINT('',(-4.6,-67.));
#7582 = CARTESIAN_POINT('',(-1.15,-65.00814157129));
#7583 = CARTESIAN_POINT('',(2.3,-63.01628314259));
#7584 = CARTESIAN_POINT('',(2.3,-67.));
#7585 = ( GEOMETRIC_REPRESENTATION_CONTEXT(2) 
PARAMETRIC_REPRESENTATION_CONTEXT() REPRESENTATION_CONTEXT('2D SPACE',''
  ) );
#7586 = PCURVE('',#7587,#7592);
#7587 = CYLINDRICAL_SURFACE('',#7588,2.3);
#7588 = AXIS2_PLACEMENT_3D('',#7589,#7590,#7591);
#7589 = CARTESIAN_POINT('',(-1.230770033143E-14,-67.,-1.));
#7590 = DIRECTION('',(-0.,-0.,-1.));
#7591 = DIRECTION('',(1.,0.,0.));
#7592 = DEFINITIONAL_REPRESENTATION('',(#7593),#7597);
#7593 = LINE('',#7594,#7595);
#7594 = CARTESIAN_POINT('',(-6.28318530718,-7.));
#7595 = VECTOR('',#7596,1.);
#7596 = DIRECTION('',(1.,-0.));
#7597 = ( GEOMETRIC_REPRESENTATION_CONTEXT(2) 
PARAMETRIC_REPRESENTATION_CONTEXT() REPRESENTATION_CONTEXT('2D SPACE',''
  ) );
#7598 = FACE_BOUND('',#7599,.F.);
#7599 = EDGE_LOOP('',(#7600,#7631,#7659,#7692,#7720,#7749,#7777,#7810));
#7600 = ORIENTED_EDGE('',*,*,#7601,.F.);
#7601 = EDGE_CURVE('',#7602,#7604,#7606,.T.);
#7602 = VERTEX_POINT('',#7603);
#7603 = CARTESIAN_POINT('',(-60.04165124598,-26.00480947161,6.));
#7604 = VERTEX_POINT('',#7605);
#7605 = CARTESIAN_POINT('',(-62.09068935166,-25.45577136594,6.));
#7606 = SURFACE_CURVE('',#7607,(#7612,#7619),.PCURVE_S1.);
#7607 = CIRCLE('',#7608,1.5);
#7608 = AXIS2_PLACEMENT_3D('',#7609,#7610,#7611);
#7609 = CARTESIAN_POINT('',(-61.34068935166,-26.75480947161,6.));
#7610 = DIRECTION('',(0.,0.,1.));
#7611 = DIRECTION('',(-0.5,0.866025403784,0.));
#7612 = PCURVE('',#7513,#7613);
#7613 = DEFINITIONAL_REPRESENTATION('',(#7614),#7618);
#7614 = CIRCLE('',#7615,1.5);
#7615 = AXIS2_PLACEMENT_2D('',#7616,#7617);
#7616 = CARTESIAN_POINT('',(-61.34068935166,-26.75480947161));
#7617 = DIRECTION('',(-0.5,0.866025403784));
#7618 = ( GEOMETRIC_REPRESENTATION_CONTEXT(2) 
PARAMETRIC_REPRESENTATION_CONTEXT() REPRESENTATION_CONTEXT('2D SPACE',''
  ) );
#7619 = PCURVE('',#7620,#7625);
#7620 = CYLINDRICAL_SURFACE('',#7621,1.5);
#7621 = AXIS2_PLACEMENT_3D('',#7622,#7623,#7624);
#7622 = CARTESIAN_POINT('',(-61.34068935166,-26.75480947161,0.));
#7623 = DIRECTION('',(0.,0.,1.));
#7624 = DIRECTION('',(0.866025403784,0.5,0.));
#7625 = DEFINITIONAL_REPRESENTATION('',(#7626),#7630);
#7626 = LINE('',#7627,#7628);
#7627 = CARTESIAN_POINT('',(-4.712388980385,6.));
#7628 = VECTOR('',#7629,1.);
#7629 = DIRECTION('',(1.,0.));
#7630 = ( GEOMETRIC_REPRESENTATION_CONTEXT(2) 
PARAMETRIC_REPRESENTATION_CONTEXT() REPRESENTATION_CONTEXT('2D SPACE',''
  ) );
#7631 = ORIENTED_EDGE('',*,*,#7632,.T.);
#7632 = EDGE_CURVE('',#7602,#7633,#7635,.T.);
#7633 = VERTEX_POINT('',#7634);
#7634 = CARTESIAN_POINT('',(-52.54165124598,-38.99519052838,6.));
#7635 = SURFACE_CURVE('',#7636,(#7640,#7647),.PCURVE_S1.);
#7636 = LINE('',#7637,#7638);
#7637 = CARTESIAN_POINT('',(-60.79165124598,-24.70577136594,6.));
#7638 = VECTOR('',#7639,1.);
#7639 = DIRECTION('',(0.5,-0.866025403784,0.));
#7640 = PCURVE('',#7513,#7641);
#7641 = DEFINITIONAL_REPRESENTATION('',(#7642),#7646);
#7642 = LINE('',#7643,#7644);
#7643 = CARTESIAN_POINT('',(-60.79165124598,-24.70577136594));
#7644 = VECTOR('',#7645,1.);
#7645 = DIRECTION('',(0.5,-0.866025403784));
#7646 = ( GEOMETRIC_REPRESENTATION_CONTEXT(2) 
PARAMETRIC_REPRESENTATION_CONTEXT() REPRESENTATION_CONTEXT('2D SPACE',''
  ) );
#7647 = PCURVE('',#7648,#7653);
#7648 = PLANE('',#7649);
#7649 = AXIS2_PLACEMENT_3D('',#7650,#7651,#7652);
#7650 = CARTESIAN_POINT('',(-60.79165124598,-24.70577136594,0.));
#7651 = DIRECTION('',(-0.866025403784,-0.5,0.));
#7652 = DIRECTION('',(0.,0.,1.));
#7653 = DEFINITIONAL_REPRESENTATION('',(#7654),#7658);
#7654 = LINE('',#7655,#7656);
#7655 = CARTESIAN_POINT('',(6.,0.));
#7656 = VECTOR('',#7657,1.);
#7657 = DIRECTION('',(0.,-1.));
#7658 = ( GEOMETRIC_REPRESENTATION_CONTEXT(2) 
PARAMETRIC_REPRESENTATION_CONTEXT() REPRESENTATION_CONTEXT('2D SPACE',''
  ) );
#7659 = ORIENTED_EDGE('',*,*,#7660,.T.);
#7660 = EDGE_CURVE('',#7633,#7661,#7663,.T.);
#7661 = VERTEX_POINT('',#7662);
#7662 = CARTESIAN_POINT('',(-53.09068935166,-41.04422863406,6.));
#7663 = SURFACE_CURVE('',#7664,(#7669,#7680),.PCURVE_S1.);
#7664 = CIRCLE('',#7665,1.5);
#7665 = AXIS2_PLACEMENT_3D('',#7666,#7667,#7668);
#7666 = CARTESIAN_POINT('',(-53.84068935166,-39.74519052838,6.));
#7667 = DIRECTION('',(0.,0.,-1.));
#7668 = DIRECTION('',(-0.5,0.866025403784,0.));
#7669 = PCURVE('',#7513,#7670);
#7670 = DEFINITIONAL_REPRESENTATION('',(#7671),#7679);
#7671 = ( BOUNDED_CURVE() B_SPLINE_CURVE(2,(#7672,#7673,#7674,#7675,
#7676,#7677,#7678),.UNSPECIFIED.,.T.,.F.) B_SPLINE_CURVE_WITH_KNOTS((1,2
    ,2,2,2,1),(-2.094395102393,0.,2.094395102393,4.188790204786,
6.28318530718,8.377580409573),.UNSPECIFIED.) CURVE() 
GEOMETRIC_REPRESENTATION_ITEM() RATIONAL_B_SPLINE_CURVE((1.,0.5,1.,0.5,
1.,0.5,1.)) REPRESENTATION_ITEM('') );
#7672 = CARTESIAN_POINT('',(-54.59068935166,-38.4461524227));
#7673 = CARTESIAN_POINT('',(-52.34068935166,-37.14711431703));
#7674 = CARTESIAN_POINT('',(-52.34068935166,-39.74519052838));
#7675 = CARTESIAN_POINT('',(-52.34068935166,-42.34326673973));
#7676 = CARTESIAN_POINT('',(-54.59068935166,-41.04422863406));
#7677 = CARTESIAN_POINT('',(-56.84068935166,-39.74519052838));
#7678 = CARTESIAN_POINT('',(-54.59068935166,-38.4461524227));
#7679 = ( GEOMETRIC_REPRESENTATION_CONTEXT(2) 
PARAMETRIC_REPRESENTATION_CONTEXT() REPRESENTATION_CONTEXT('2D SPACE',''
  ) );
#7680 = PCURVE('',#7681,#7686);
#7681 = CYLINDRICAL_SURFACE('',#7682,1.5);
#7682 = AXIS2_PLACEMENT_3D('',#7683,#7684,#7685);
#7683 = CARTESIAN_POINT('',(-53.84068935166,-39.74519052838,0.));
#7684 = DIRECTION('',(0.,0.,1.));
#7685 = DIRECTION('',(0.866025403784,0.5,0.));
#7686 = DEFINITIONAL_REPRESENTATION('',(#7687),#7691);
#7687 = LINE('',#7688,#7689);
#7688 = CARTESIAN_POINT('',(1.570796326795,6.));
#7689 = VECTOR('',#7690,1.);
#7690 = DIRECTION('',(-1.,0.));
#7691 = ( GEOMETRIC_REPRESENTATION_CONTEXT(2) 
PARAMETRIC_REPRESENTATION_CONTEXT() REPRESENTATION_CONTEXT('2D SPACE',''
  ) );
#7692 = ORIENTED_EDGE('',*,*,#7693,.T.);
#7693 = EDGE_CURVE('',#7661,#7694,#7696,.T.);
#7694 = VERTEX_POINT('',#7695);
#7695 = CARTESIAN_POINT('',(-56.5547909668,-43.04422863406,6.));
#7696 = SURFACE_CURVE('',#7697,(#7701,#7708),.PCURVE_S1.);
#7697 = LINE('',#7698,#7699);
#7698 = CARTESIAN_POINT('',(-51.79165124598,-40.29422863406,6.));
#7699 = VECTOR('',#7700,1.);
#7700 = DIRECTION('',(-0.866025403784,-0.5,0.));
#7701 = PCURVE('',#7513,#7702);
#7702 = DEFINITIONAL_REPRESENTATION('',(#7703),#7707);
#7703 = LINE('',#7704,#7705);
#7704 = CARTESIAN_POINT('',(-51.79165124598,-40.29422863406));
#7705 = VECTOR('',#7706,1.);
#7706 = DIRECTION('',(-0.866025403784,-0.5));
#7707 = ( GEOMETRIC_REPRESENTATION_CONTEXT(2) 
PARAMETRIC_REPRESENTATION_CONTEXT() REPRESENTATION_CONTEXT('2D SPACE',''
  ) );
#7708 = PCURVE('',#7709,#7714);
#7709 = PLANE('',#7710);
#7710 = AXIS2_PLACEMENT_3D('',#7711,#7712,#7713);
#7711 = CARTESIAN_POINT('',(-51.79165124598,-40.29422863406,0.));
#7712 = DIRECTION('',(0.5,-0.866025403784,0.));
#7713 = DIRECTION('',(0.,0.,1.));
#7714 = DEFINITIONAL_REPRESENTATION('',(#7715),#7719);
#7715 = LINE('',#7716,#7717);
#7716 = CARTESIAN_POINT('',(6.,0.));
#7717 = VECTOR('',#7718,1.);
#7718 = DIRECTION('',(0.,1.));
#7719 = ( GEOMETRIC_REPRESENTATION_CONTEXT(2) 
PARAMETRIC_REPRESENTATION_CONTEXT() REPRESENTATION_CONTEXT('2D SPACE',''
  ) );
#7720 = ORIENTED_EDGE('',*,*,#7721,.F.);
#7721 = EDGE_CURVE('',#7722,#7694,#7724,.T.);
#7722 = VERTEX_POINT('',#7723);
#7723 = CARTESIAN_POINT('',(-58.60382907248,-42.49519052838,6.));
#7724 = SURFACE_CURVE('',#7725,(#7730,#7737),.PCURVE_S1.);
#7725 = CIRCLE('',#7726,1.5);
#7726 = AXIS2_PLACEMENT_3D('',#7727,#7728,#7729);
#7727 = CARTESIAN_POINT('',(-57.3047909668,-41.74519052838,6.));
#7728 = DIRECTION('',(0.,0.,1.));
#7729 = DIRECTION('',(-0.5,0.866025403784,0.));
#7730 = PCURVE('',#7513,#7731);
#7731 = DEFINITIONAL_REPRESENTATION('',(#7732),#7736);
#7732 = CIRCLE('',#7733,1.5);
#7733 = AXIS2_PLACEMENT_2D('',#7734,#7735);
#7734 = CARTESIAN_POINT('',(-57.3047909668,-41.74519052838));
#7735 = DIRECTION('',(-0.5,0.866025403784));
#7736 = ( GEOMETRIC_REPRESENTATION_CONTEXT(2) 
PARAMETRIC_REPRESENTATION_CONTEXT() REPRESENTATION_CONTEXT('2D SPACE',''
  ) );
#7737 = PCURVE('',#7738,#7743);
#7738 = CYLINDRICAL_SURFACE('',#7739,1.5);
#7739 = AXIS2_PLACEMENT_3D('',#7740,#7741,#7742);
#7740 = CARTESIAN_POINT('',(-57.3047909668,-41.74519052838,0.));
#7741 = DIRECTION('',(0.,0.,1.));
#7742 = DIRECTION('',(-0.866025403784,-0.5,0.));
#7743 = DEFINITIONAL_REPRESENTATION('',(#7744),#7748);
#7744 = LINE('',#7745,#7746);
#7745 = CARTESIAN_POINT('',(-1.570796326795,6.));
#7746 = VECTOR('',#7747,1.);
#7747 = DIRECTION('',(1.,0.));
#7748 = ( GEOMETRIC_REPRESENTATION_CONTEXT(2) 
PARAMETRIC_REPRESENTATION_CONTEXT() REPRESENTATION_CONTEXT('2D SPACE',''
  ) );
#7749 = ORIENTED_EDGE('',*,*,#7750,.F.);
#7750 = EDGE_CURVE('',#7751,#7722,#7753,.T.);
#7751 = VERTEX_POINT('',#7752);
#7752 = CARTESIAN_POINT('',(-66.10382907248,-29.50480947161,6.));
#7753 = SURFACE_CURVE('',#7754,(#7758,#7765),.PCURVE_S1.);
#7754 = LINE('',#7755,#7756);
#7755 = CARTESIAN_POINT('',(-66.85382907248,-28.20577136594,6.));
#7756 = VECTOR('',#7757,1.);
#7757 = DIRECTION('',(0.5,-0.866025403784,0.));
#7758 = PCURVE('',#7513,#7759);
#7759 = DEFINITIONAL_REPRESENTATION('',(#7760),#7764);
#7760 = LINE('',#7761,#7762);
#7761 = CARTESIAN_POINT('',(-66.85382907248,-28.20577136594));
#7762 = VECTOR('',#7763,1.);
#7763 = DIRECTION('',(0.5,-0.866025403784));
#7764 = ( GEOMETRIC_REPRESENTATION_CONTEXT(2) 
PARAMETRIC_REPRESENTATION_CONTEXT() REPRESENTATION_CONTEXT('2D SPACE',''
  ) );
#7765 = PCURVE('',#7766,#7771);
#7766 = PLANE('',#7767);
#7767 = AXIS2_PLACEMENT_3D('',#7768,#7769,#7770);
#7768 = CARTESIAN_POINT('',(-66.85382907248,-28.20577136594,0.));
#7769 = DIRECTION('',(-0.866025403784,-0.5,0.));
#7770 = DIRECTION('',(0.,0.,1.));
#7771 = DEFINITIONAL_REPRESENTATION('',(#7772),#7776);
#7772 = LINE('',#7773,#7774);
#7773 = CARTESIAN_POINT('',(6.,0.));
#7774 = VECTOR('',#7775,1.);
#7775 = DIRECTION('',(0.,-1.));
#7776 = ( GEOMETRIC_REPRESENTATION_CONTEXT(2) 
PARAMETRIC_REPRESENTATION_CONTEXT() REPRESENTATION_CONTEXT('2D SPACE',''
  ) );
#7777 = ORIENTED_EDGE('',*,*,#7778,.T.);
#7778 = EDGE_CURVE('',#7751,#7779,#7781,.T.);
#7779 = VERTEX_POINT('',#7780);
#7780 = CARTESIAN_POINT('',(-65.5547909668,-27.45577136594,6.));
#7781 = SURFACE_CURVE('',#7782,(#7787,#7798),.PCURVE_S1.);
#7782 = CIRCLE('',#7783,1.5);
#7783 = AXIS2_PLACEMENT_3D('',#7784,#7785,#7786);
#7784 = CARTESIAN_POINT('',(-64.8047909668,-28.75480947161,6.));
#7785 = DIRECTION('',(0.,0.,-1.));
#7786 = DIRECTION('',(-0.5,0.866025403784,0.));
#7787 = PCURVE('',#7513,#7788);
#7788 = DEFINITIONAL_REPRESENTATION('',(#7789),#7797);
#7789 = ( BOUNDED_CURVE() B_SPLINE_CURVE(2,(#7790,#7791,#7792,#7793,
#7794,#7795,#7796),.UNSPECIFIED.,.T.,.F.) B_SPLINE_CURVE_WITH_KNOTS((1,2
    ,2,2,2,1),(-2.094395102393,0.,2.094395102393,4.188790204786,
6.28318530718,8.377580409573),.UNSPECIFIED.) CURVE() 
GEOMETRIC_REPRESENTATION_ITEM() RATIONAL_B_SPLINE_CURVE((1.,0.5,1.,0.5,
1.,0.5,1.)) REPRESENTATION_ITEM('') );
#7790 = CARTESIAN_POINT('',(-65.5547909668,-27.45577136594));
#7791 = CARTESIAN_POINT('',(-63.3047909668,-26.15673326026));
#7792 = CARTESIAN_POINT('',(-63.3047909668,-28.75480947161));
#7793 = CARTESIAN_POINT('',(-63.3047909668,-31.35288568297));
#7794 = CARTESIAN_POINT('',(-65.5547909668,-30.05384757729));
#7795 = CARTESIAN_POINT('',(-67.8047909668,-28.75480947161));
#7796 = CARTESIAN_POINT('',(-65.5547909668,-27.45577136594));
#7797 = ( GEOMETRIC_REPRESENTATION_CONTEXT(2) 
PARAMETRIC_REPRESENTATION_CONTEXT() REPRESENTATION_CONTEXT('2D SPACE',''
  ) );
#7798 = PCURVE('',#7799,#7804);
#7799 = CYLINDRICAL_SURFACE('',#7800,1.5);
#7800 = AXIS2_PLACEMENT_3D('',#7801,#7802,#7803);
#7801 = CARTESIAN_POINT('',(-64.8047909668,-28.75480947161,0.));
#7802 = DIRECTION('',(0.,0.,1.));
#7803 = DIRECTION('',(-0.866025403784,-0.5,0.));
#7804 = DEFINITIONAL_REPRESENTATION('',(#7805),#7809);
#7805 = LINE('',#7806,#7807);
#7806 = CARTESIAN_POINT('',(4.712388980385,6.));
#7807 = VECTOR('',#7808,1.);
#7808 = DIRECTION('',(-1.,0.));
#7809 = ( GEOMETRIC_REPRESENTATION_CONTEXT(2) 
PARAMETRIC_REPRESENTATION_CONTEXT() REPRESENTATION_CONTEXT('2D SPACE',''
  ) );
#7810 = ORIENTED_EDGE('',*,*,#7811,.F.);
#7811 = EDGE_CURVE('',#7604,#7779,#7812,.T.);
#7812 = SURFACE_CURVE('',#7813,(#7817,#7824),.PCURVE_S1.);
#7813 = LINE('',#7814,#7815);
#7814 = CARTESIAN_POINT('',(-60.79165124598,-24.70577136594,6.));
#7815 = VECTOR('',#7816,1.);
#7816 = DIRECTION('',(-0.866025403784,-0.5,0.));
#7817 = PCURVE('',#7513,#7818);
#7818 = DEFINITIONAL_REPRESENTATION('',(#7819),#7823);
#7819 = LINE('',#7820,#7821);
#7820 = CARTESIAN_POINT('',(-60.79165124598,-24.70577136594));
#7821 = VECTOR('',#7822,1.);
#7822 = DIRECTION('',(-0.866025403784,-0.5));
#7823 = ( GEOMETRIC_REPRESENTATION_CONTEXT(2) 
PARAMETRIC_REPRESENTATION_CONTEXT() REPRESENTATION_CONTEXT('2D SPACE',''
  ) );
#7824 = PCURVE('',#7825,#7830);
#7825 = PLANE('',#7826);
#7826 = AXIS2_PLACEMENT_3D('',#7827,#7828,#7829);
#7827 = CARTESIAN_POINT('',(-60.79165124598,-24.70577136594,0.));
#7828 = DIRECTION('',(0.5,-0.866025403784,0.));
#7829 = DIRECTION('',(0.,0.,1.));
#7830 = DEFINITIONAL_REPRESENTATION('',(#7831),#7835);
#7831 = LINE('',#7832,#7833);
#7832 = CARTESIAN_POINT('',(6.,0.));
#7833 = VECTOR('',#7834,1.);
#7834 = DIRECTION('',(0.,1.));
#7835 = ( GEOMETRIC_REPRESENTATION_CONTEXT(2) 
PARAMETRIC_REPRESENTATION_CONTEXT() REPRESENTATION_CONTEXT('2D SPACE',''
  ) );
#7836 = FACE_BOUND('',#7837,.F.);
#7837 = EDGE_LOOP('',(#7838,#7869,#7897,#7930,#7958,#7987,#8015,#8048));
#7838 = ORIENTED_EDGE('',*,*,#7839,.F.);
#7839 = EDGE_CURVE('',#7840,#7842,#7844,.T.);
#7840 = VERTEX_POINT('',#7841);
#7841 = CARTESIAN_POINT('',(52.541651245988,-38.99519052838,6.));
#7842 = VERTEX_POINT('',#7843);
#7843 = CARTESIAN_POINT('',(53.090689351665,-41.04422863406,6.));
#7844 = SURFACE_CURVE('',#7845,(#7850,#7857),.PCURVE_S1.);
#7845 = CIRCLE('',#7846,1.5);
#7846 = AXIS2_PLACEMENT_3D('',#7847,#7848,#7849);
#7847 = CARTESIAN_POINT('',(53.840689351665,-39.74519052838,6.));
#7848 = DIRECTION('',(0.,0.,1.));
#7849 = DIRECTION('',(-0.5,-0.866025403784,0.));
#7850 = PCURVE('',#7513,#7851);
#7851 = DEFINITIONAL_REPRESENTATION('',(#7852),#7856);
#7852 = CIRCLE('',#7853,1.5);
#7853 = AXIS2_PLACEMENT_2D('',#7854,#7855);
#7854 = CARTESIAN_POINT('',(53.840689351665,-39.74519052838));
#7855 = DIRECTION('',(-0.5,-0.866025403784));
#7856 = ( GEOMETRIC_REPRESENTATION_CONTEXT(2) 
PARAMETRIC_REPRESENTATION_CONTEXT() REPRESENTATION_CONTEXT('2D SPACE',''
  ) );
#7857 = PCURVE('',#7858,#7863);
#7858 = CYLINDRICAL_SURFACE('',#7859,1.5);
#7859 = AXIS2_PLACEMENT_3D('',#7860,#7861,#7862);
#7860 = CARTESIAN_POINT('',(53.840689351665,-39.74519052838,0.));
#7861 = DIRECTION('',(0.,0.,1.));
#7862 = DIRECTION('',(-0.866025403784,0.5,0.));
#7863 = DEFINITIONAL_REPRESENTATION('',(#7864),#7868);
#7864 = LINE('',#7865,#7866);
#7865 = CARTESIAN_POINT('',(-4.712388980385,6.));
#7866 = VECTOR('',#7867,1.);
#7867 = DIRECTION('',(1.,0.));
#7868 = ( GEOMETRIC_REPRESENTATION_CONTEXT(2) 
PARAMETRIC_REPRESENTATION_CONTEXT() REPRESENTATION_CONTEXT('2D SPACE',''
  ) );
#7869 = ORIENTED_EDGE('',*,*,#7870,.T.);
#7870 = EDGE_CURVE('',#7840,#7871,#7873,.T.);
#7871 = VERTEX_POINT('',#7872);
#7872 = CARTESIAN_POINT('',(60.041651245989,-26.00480947161,6.));
#7873 = SURFACE_CURVE('',#7874,(#7878,#7885),.PCURVE_S1.);
#7874 = LINE('',#7875,#7876);
#7875 = CARTESIAN_POINT('',(51.791651245988,-40.29422863406,6.));
#7876 = VECTOR('',#7877,1.);
#7877 = DIRECTION('',(0.5,0.866025403784,0.));
#7878 = PCURVE('',#7513,#7879);
#7879 = DEFINITIONAL_REPRESENTATION('',(#7880),#7884);
#7880 = LINE('',#7881,#7882);
#7881 = CARTESIAN_POINT('',(51.791651245988,-40.29422863406));
#7882 = VECTOR('',#7883,1.);
#7883 = DIRECTION('',(0.5,0.866025403784));
#7884 = ( GEOMETRIC_REPRESENTATION_CONTEXT(2) 
PARAMETRIC_REPRESENTATION_CONTEXT() REPRESENTATION_CONTEXT('2D SPACE',''
  ) );
#7885 = PCURVE('',#7886,#7891);
#7886 = PLANE('',#7887);
#7887 = AXIS2_PLACEMENT_3D('',#7888,#7889,#7890);
#7888 = CARTESIAN_POINT('',(51.791651245988,-40.29422863406,0.));
#7889 = DIRECTION('',(0.866025403784,-0.5,0.));
#7890 = DIRECTION('',(0.,0.,1.));
#7891 = DEFINITIONAL_REPRESENTATION('',(#7892),#7896);
#7892 = LINE('',#7893,#7894);
#7893 = CARTESIAN_POINT('',(6.,0.));
#7894 = VECTOR('',#7895,1.);
#7895 = DIRECTION('',(0.,-1.));
#7896 = ( GEOMETRIC_REPRESENTATION_CONTEXT(2) 
PARAMETRIC_REPRESENTATION_CONTEXT() REPRESENTATION_CONTEXT('2D SPACE',''
  ) );
#7897 = ORIENTED_EDGE('',*,*,#7898,.T.);
#7898 = EDGE_CURVE('',#7871,#7899,#7901,.T.);
#7899 = VERTEX_POINT('',#7900);
#7900 = CARTESIAN_POINT('',(62.090689351665,-25.45577136594,6.));
#7901 = SURFACE_CURVE('',#7902,(#7907,#7918),.PCURVE_S1.);
#7902 = CIRCLE('',#7903,1.5);
#7903 = AXIS2_PLACEMENT_3D('',#7904,#7905,#7906);
#7904 = CARTESIAN_POINT('',(61.340689351665,-26.75480947161,6.));
#7905 = DIRECTION('',(-0.,0.,-1.));
#7906 = DIRECTION('',(-0.5,-0.866025403784,0.));
#7907 = PCURVE('',#7513,#7908);
#7908 = DEFINITIONAL_REPRESENTATION('',(#7909),#7917);
#7909 = ( BOUNDED_CURVE() B_SPLINE_CURVE(2,(#7910,#7911,#7912,#7913,
#7914,#7915,#7916),.UNSPECIFIED.,.T.,.F.) B_SPLINE_CURVE_WITH_KNOTS((1,2
    ,2,2,2,1),(-2.094395102393,0.,2.094395102393,4.188790204786,
6.28318530718,8.377580409573),.UNSPECIFIED.) CURVE() 
GEOMETRIC_REPRESENTATION_ITEM() RATIONAL_B_SPLINE_CURVE((1.,0.5,1.,0.5,
1.,0.5,1.)) REPRESENTATION_ITEM('') );
#7910 = CARTESIAN_POINT('',(60.590689351665,-28.05384757729));
#7911 = CARTESIAN_POINT('',(58.340689351665,-26.75480947161));
#7912 = CARTESIAN_POINT('',(60.590689351665,-25.45577136594));
#7913 = CARTESIAN_POINT('',(62.840689351665,-24.15673326026));
#7914 = CARTESIAN_POINT('',(62.840689351665,-26.75480947161));
#7915 = CARTESIAN_POINT('',(62.840689351665,-29.35288568297));
#7916 = CARTESIAN_POINT('',(60.590689351665,-28.05384757729));
#7917 = ( GEOMETRIC_REPRESENTATION_CONTEXT(2) 
PARAMETRIC_REPRESENTATION_CONTEXT() REPRESENTATION_CONTEXT('2D SPACE',''
  ) );
#7918 = PCURVE('',#7919,#7924);
#7919 = CYLINDRICAL_SURFACE('',#7920,1.5);
#7920 = AXIS2_PLACEMENT_3D('',#7921,#7922,#7923);
#7921 = CARTESIAN_POINT('',(61.340689351665,-26.75480947161,0.));
#7922 = DIRECTION('',(0.,0.,1.));
#7923 = DIRECTION('',(-0.866025403784,0.5,0.));
#7924 = DEFINITIONAL_REPRESENTATION('',(#7925),#7929);
#7925 = LINE('',#7926,#7927);
#7926 = CARTESIAN_POINT('',(1.570796326795,6.));
#7927 = VECTOR('',#7928,1.);
#7928 = DIRECTION('',(-1.,0.));
#7929 = ( GEOMETRIC_REPRESENTATION_CONTEXT(2) 
PARAMETRIC_REPRESENTATION_CONTEXT() REPRESENTATION_CONTEXT('2D SPACE',''
  ) );
#7930 = ORIENTED_EDGE('',*,*,#7931,.T.);
#7931 = EDGE_CURVE('',#7899,#7932,#7934,.T.);
#7932 = VERTEX_POINT('',#7933);
#7933 = CARTESIAN_POINT('',(65.554790966803,-27.45577136594,6.));
#7934 = SURFACE_CURVE('',#7935,(#7939,#7946),.PCURVE_S1.);
#7935 = LINE('',#7936,#7937);
#7936 = CARTESIAN_POINT('',(60.791651245989,-24.70577136594,6.));
#7937 = VECTOR('',#7938,1.);
#7938 = DIRECTION('',(0.866025403784,-0.5,0.));
#7939 = PCURVE('',#7513,#7940);
#7940 = DEFINITIONAL_REPRESENTATION('',(#7941),#7945);
#7941 = LINE('',#7942,#7943);
#7942 = CARTESIAN_POINT('',(60.791651245989,-24.70577136594));
#7943 = VECTOR('',#7944,1.);
#7944 = DIRECTION('',(0.866025403784,-0.5));
#7945 = ( GEOMETRIC_REPRESENTATION_CONTEXT(2) 
PARAMETRIC_REPRESENTATION_CONTEXT() REPRESENTATION_CONTEXT('2D SPACE',''
  ) );
#7946 = PCURVE('',#7947,#7952);
#7947 = PLANE('',#7948);
#7948 = AXIS2_PLACEMENT_3D('',#7949,#7950,#7951);
#7949 = CARTESIAN_POINT('',(60.791651245989,-24.70577136594,0.));
#7950 = DIRECTION('',(0.5,0.866025403784,0.));
#7951 = DIRECTION('',(0.,0.,1.));
#7952 = DEFINITIONAL_REPRESENTATION('',(#7953),#7957);
#7953 = LINE('',#7954,#7955);
#7954 = CARTESIAN_POINT('',(6.,0.));
#7955 = VECTOR('',#7956,1.);
#7956 = DIRECTION('',(0.,1.));
#7957 = ( GEOMETRIC_REPRESENTATION_CONTEXT(2) 
PARAMETRIC_REPRESENTATION_CONTEXT() REPRESENTATION_CONTEXT('2D SPACE',''
  ) );
#7958 = ORIENTED_EDGE('',*,*,#7959,.F.);
#7959 = EDGE_CURVE('',#7960,#7932,#7962,.T.);
#7960 = VERTEX_POINT('',#7961);
#7961 = CARTESIAN_POINT('',(66.10382907248,-29.50480947161,6.));
#7962 = SURFACE_CURVE('',#7963,(#7968,#7975),.PCURVE_S1.);
#7963 = CIRCLE('',#7964,1.5);
#7964 = AXIS2_PLACEMENT_3D('',#7965,#7966,#7967);
#7965 = CARTESIAN_POINT('',(64.804790966803,-28.75480947161,6.));
#7966 = DIRECTION('',(0.,0.,1.));
#7967 = DIRECTION('',(-0.5,-0.866025403784,0.));
#7968 = PCURVE('',#7513,#7969);
#7969 = DEFINITIONAL_REPRESENTATION('',(#7970),#7974);
#7970 = CIRCLE('',#7971,1.5);
#7971 = AXIS2_PLACEMENT_2D('',#7972,#7973);
#7972 = CARTESIAN_POINT('',(64.804790966803,-28.75480947161));
#7973 = DIRECTION('',(-0.5,-0.866025403784));
#7974 = ( GEOMETRIC_REPRESENTATION_CONTEXT(2) 
PARAMETRIC_REPRESENTATION_CONTEXT() REPRESENTATION_CONTEXT('2D SPACE',''
  ) );
#7975 = PCURVE('',#7976,#7981);
#7976 = CYLINDRICAL_SURFACE('',#7977,1.5);
#7977 = AXIS2_PLACEMENT_3D('',#7978,#7979,#7980);
#7978 = CARTESIAN_POINT('',(64.804790966803,-28.75480947161,0.));
#7979 = DIRECTION('',(0.,0.,1.));
#7980 = DIRECTION('',(0.866025403784,-0.5,0.));
#7981 = DEFINITIONAL_REPRESENTATION('',(#7982),#7986);
#7982 = LINE('',#7983,#7984);
#7983 = CARTESIAN_POINT('',(-1.570796326795,6.));
#7984 = VECTOR('',#7985,1.);
#7985 = DIRECTION('',(1.,0.));
#7986 = ( GEOMETRIC_REPRESENTATION_CONTEXT(2) 
PARAMETRIC_REPRESENTATION_CONTEXT() REPRESENTATION_CONTEXT('2D SPACE',''
  ) );
#7987 = ORIENTED_EDGE('',*,*,#7988,.F.);
#7988 = EDGE_CURVE('',#7989,#7960,#7991,.T.);
#7989 = VERTEX_POINT('',#7990);
#7990 = CARTESIAN_POINT('',(58.60382907248,-42.49519052838,6.));
#7991 = SURFACE_CURVE('',#7992,(#7996,#8003),.PCURVE_S1.);
#7992 = LINE('',#7993,#7994);
#7993 = CARTESIAN_POINT('',(57.85382907248,-43.79422863406,6.));
#7994 = VECTOR('',#7995,1.);
#7995 = DIRECTION('',(0.5,0.866025403784,0.));
#7996 = PCURVE('',#7513,#7997);
#7997 = DEFINITIONAL_REPRESENTATION('',(#7998),#8002);
#7998 = LINE('',#7999,#8000);
#7999 = CARTESIAN_POINT('',(57.85382907248,-43.79422863406));
#8000 = VECTOR('',#8001,1.);
#8001 = DIRECTION('',(0.5,0.866025403784));
#8002 = ( GEOMETRIC_REPRESENTATION_CONTEXT(2) 
PARAMETRIC_REPRESENTATION_CONTEXT() REPRESENTATION_CONTEXT('2D SPACE',''
  ) );
#8003 = PCURVE('',#8004,#8009);
#8004 = PLANE('',#8005);
#8005 = AXIS2_PLACEMENT_3D('',#8006,#8007,#8008);
#8006 = CARTESIAN_POINT('',(57.85382907248,-43.79422863406,0.));
#8007 = DIRECTION('',(0.866025403784,-0.5,0.));
#8008 = DIRECTION('',(0.,0.,1.));
#8009 = DEFINITIONAL_REPRESENTATION('',(#8010),#8014);
#8010 = LINE('',#8011,#8012);
#8011 = CARTESIAN_POINT('',(6.,0.));
#8012 = VECTOR('',#8013,1.);
#8013 = DIRECTION('',(0.,-1.));
#8014 = ( GEOMETRIC_REPRESENTATION_CONTEXT(2) 
PARAMETRIC_REPRESENTATION_CONTEXT() REPRESENTATION_CONTEXT('2D SPACE',''
  ) );
#8015 = ORIENTED_EDGE('',*,*,#8016,.T.);
#8016 = EDGE_CURVE('',#7989,#8017,#8019,.T.);
#8017 = VERTEX_POINT('',#8018);
#8018 = CARTESIAN_POINT('',(56.554790966803,-43.04422863406,6.));
#8019 = SURFACE_CURVE('',#8020,(#8025,#8036),.PCURVE_S1.);
#8020 = CIRCLE('',#8021,1.5);
#8021 = AXIS2_PLACEMENT_3D('',#8022,#8023,#8024);
#8022 = CARTESIAN_POINT('',(57.304790966803,-41.74519052838,6.));
#8023 = DIRECTION('',(-0.,0.,-1.));
#8024 = DIRECTION('',(-0.5,-0.866025403784,0.));
#8025 = PCURVE('',#7513,#8026);
#8026 = DEFINITIONAL_REPRESENTATION('',(#8027),#8035);
#8027 = ( BOUNDED_CURVE() B_SPLINE_CURVE(2,(#8028,#8029,#8030,#8031,
#8032,#8033,#8034),.UNSPECIFIED.,.T.,.F.) B_SPLINE_CURVE_WITH_KNOTS((1,2
    ,2,2,2,1),(-2.094395102393,0.,2.094395102393,4.188790204786,
6.28318530718,8.377580409573),.UNSPECIFIED.) CURVE() 
GEOMETRIC_REPRESENTATION_ITEM() RATIONAL_B_SPLINE_CURVE((1.,0.5,1.,0.5,
1.,0.5,1.)) REPRESENTATION_ITEM('') );
#8028 = CARTESIAN_POINT('',(56.554790966803,-43.04422863406));
#8029 = CARTESIAN_POINT('',(54.304790966803,-41.74519052838));
#8030 = CARTESIAN_POINT('',(56.554790966803,-40.4461524227));
#8031 = CARTESIAN_POINT('',(58.804790966803,-39.14711431703));
#8032 = CARTESIAN_POINT('',(58.804790966803,-41.74519052838));
#8033 = CARTESIAN_POINT('',(58.804790966803,-44.34326673973));
#8034 = CARTESIAN_POINT('',(56.554790966803,-43.04422863406));
#8035 = ( GEOMETRIC_REPRESENTATION_CONTEXT(2) 
PARAMETRIC_REPRESENTATION_CONTEXT() REPRESENTATION_CONTEXT('2D SPACE',''
  ) );
#8036 = PCURVE('',#8037,#8042);
#8037 = CYLINDRICAL_SURFACE('',#8038,1.5);
#8038 = AXIS2_PLACEMENT_3D('',#8039,#8040,#8041);
#8039 = CARTESIAN_POINT('',(57.304790966803,-41.74519052838,0.));
#8040 = DIRECTION('',(0.,0.,1.));
#8041 = DIRECTION('',(0.866025403784,-0.5,0.));
#8042 = DEFINITIONAL_REPRESENTATION('',(#8043),#8047);
#8043 = LINE('',#8044,#8045);
#8044 = CARTESIAN_POINT('',(4.712388980385,6.));
#8045 = VECTOR('',#8046,1.);
#8046 = DIRECTION('',(-1.,0.));
#8047 = ( GEOMETRIC_REPRESENTATION_CONTEXT(2) 
PARAMETRIC_REPRESENTATION_CONTEXT() REPRESENTATION_CONTEXT('2D SPACE',''
  ) );
#8048 = ORIENTED_EDGE('',*,*,#8049,.F.);
#8049 = EDGE_CURVE('',#7842,#8017,#8050,.T.);
#8050 = SURFACE_CURVE('',#8051,(#8055,#8062),.PCURVE_S1.);
#8051 = LINE('',#8052,#8053);
#8052 = CARTESIAN_POINT('',(51.791651245988,-40.29422863406,6.));
#8053 = VECTOR('',#8054,1.);
#8054 = DIRECTION('',(0.866025403784,-0.5,0.));
#8055 = PCURVE('',#7513,#8056);
#8056 = DEFINITIONAL_REPRESENTATION('',(#8057),#8061);
#8057 = LINE('',#8058,#8059);
#8058 = CARTESIAN_POINT('',(51.791651245988,-40.29422863406));
#8059 = VECTOR('',#8060,1.);
#8060 = DIRECTION('',(0.866025403784,-0.5));
#8061 = ( GEOMETRIC_REPRESENTATION_CONTEXT(2) 
PARAMETRIC_REPRESENTATION_CONTEXT() REPRESENTATION_CONTEXT('2D SPACE',''
  ) );
#8062 = PCURVE('',#8063,#8068);
#8063 = PLANE('',#8064);
#8064 = AXIS2_PLACEMENT_3D('',#8065,#8066,#8067);
#8065 = CARTESIAN_POINT('',(51.791651245988,-40.29422863406,0.));
#8066 = DIRECTION('',(0.5,0.866025403784,0.));
#8067 = DIRECTION('',(0.,0.,1.));
#8068 = DEFINITIONAL_REPRESENTATION('',(#8069),#8073);
#8069 = LINE('',#8070,#8071);
#8070 = CARTESIAN_POINT('',(6.,0.));
#8071 = VECTOR('',#8072,1.);
#8072 = DIRECTION('',(0.,1.));
#8073 = ( GEOMETRIC_REPRESENTATION_CONTEXT(2) 
PARAMETRIC_REPRESENTATION_CONTEXT() REPRESENTATION_CONTEXT('2D SPACE',''
  ) );
#8074 = FACE_BOUND('',#8075,.F.);
#8075 = EDGE_LOOP('',(#8076));
#8076 = ORIENTED_EDGE('',*,*,#8077,.T.);
#8077 = EDGE_CURVE('',#8078,#8078,#8080,.T.);
#8078 = VERTEX_POINT('',#8079);
#8079 = CARTESIAN_POINT('',(84.,0.,6.));
#8080 = SURFACE_CURVE('',#8081,(#8086,#8097),.PCURVE_S1.);
#8081 = CIRCLE('',#8082,2.);
#8082 = AXIS2_PLACEMENT_3D('',#8083,#8084,#8085);
#8083 = CARTESIAN_POINT('',(82.,0.,6.));
#8084 = DIRECTION('',(0.,0.,-1.));
#8085 = DIRECTION('',(1.,0.,0.));
#8086 = PCURVE('',#7513,#8087);
#8087 = DEFINITIONAL_REPRESENTATION('',(#8088),#8096);
#8088 = ( BOUNDED_CURVE() B_SPLINE_CURVE(2,(#8089,#8090,#8091,#8092,
#8093,#8094,#8095),.UNSPECIFIED.,.T.,.F.) B_SPLINE_CURVE_WITH_KNOTS((1,2
    ,2,2,2,1),(-2.094395102393,0.,2.094395102393,4.188790204786,
6.28318530718,8.377580409573),.UNSPECIFIED.) CURVE() 
GEOMETRIC_REPRESENTATION_ITEM() RATIONAL_B_SPLINE_CURVE((1.,0.5,1.,0.5,
1.,0.5,1.)) REPRESENTATION_ITEM('') );
#8089 = CARTESIAN_POINT('',(84.,-7.176625716282E-15));
#8090 = CARTESIAN_POINT('',(84.,-3.464101615138));
#8091 = CARTESIAN_POINT('',(81.,-1.732050807569));
#8092 = CARTESIAN_POINT('',(78.,-7.666484435941E-15));
#8093 = CARTESIAN_POINT('',(81.,1.732050807569));
#8094 = CARTESIAN_POINT('',(84.,3.464101615138));
#8095 = CARTESIAN_POINT('',(84.,-7.176625716282E-15));
#8096 = ( GEOMETRIC_REPRESENTATION_CONTEXT(2) 
PARAMETRIC_REPRESENTATION_CONTEXT() REPRESENTATION_CONTEXT('2D SPACE',''
  ) );
#8097 = PCURVE('',#8098,#8103);
#8098 = CYLINDRICAL_SURFACE('',#8099,2.);
#8099 = AXIS2_PLACEMENT_3D('',#8100,#8101,#8102);
#8100 = CARTESIAN_POINT('',(82.,0.,-1.));
#8101 = DIRECTION('',(-0.,-0.,-1.));
#8102 = DIRECTION('',(1.,0.,0.));
#8103 = DEFINITIONAL_REPRESENTATION('',(#8104),#8108);
#8104 = LINE('',#8105,#8106);
#8105 = CARTESIAN_POINT('',(-6.28318530718,-7.));
#8106 = VECTOR('',#8107,1.);
#8107 = DIRECTION('',(1.,-0.));
#8108 = ( GEOMETRIC_REPRESENTATION_CONTEXT(2) 
PARAMETRIC_REPRESENTATION_CONTEXT() REPRESENTATION_CONTEXT('2D SPACE',''
  ) );
#8109 = FACE_BOUND('',#8110,.F.);
#8110 = EDGE_LOOP('',(#8111));
#8111 = ORIENTED_EDGE('',*,*,#8112,.T.);
#8112 = EDGE_CURVE('',#8113,#8113,#8115,.T.);
#8113 = VERTEX_POINT('',#8114);
#8114 = CARTESIAN_POINT('',(-55.72370205355,33.5,6.));
#8115 = SURFACE_CURVE('',#8116,(#8121,#8132),.PCURVE_S1.);
#8116 = CIRCLE('',#8117,2.3);
#8117 = AXIS2_PLACEMENT_3D('',#8118,#8119,#8120);
#8118 = CARTESIAN_POINT('',(-58.02370205355,33.5,6.));
#8119 = DIRECTION('',(0.,0.,-1.));
#8120 = DIRECTION('',(1.,0.,0.));
#8121 = PCURVE('',#7513,#8122);
#8122 = DEFINITIONAL_REPRESENTATION('',(#8123),#8131);
#8123 = ( BOUNDED_CURVE() B_SPLINE_CURVE(2,(#8124,#8125,#8126,#8127,
#8128,#8129,#8130),.UNSPECIFIED.,.T.,.F.) B_SPLINE_CURVE_WITH_KNOTS((1,2
    ,2,2,2,1),(-2.094395102393,0.,2.094395102393,4.188790204786,
6.28318530718,8.377580409573),.UNSPECIFIED.) CURVE() 
GEOMETRIC_REPRESENTATION_ITEM() RATIONAL_B_SPLINE_CURVE((1.,0.5,1.,0.5,
1.,0.5,1.)) REPRESENTATION_ITEM('') );
#8124 = CARTESIAN_POINT('',(-55.72370205355,33.5));
#8125 = CARTESIAN_POINT('',(-55.72370205355,29.516283142592));
#8126 = CARTESIAN_POINT('',(-59.17370205355,31.508141571296));
#8127 = CARTESIAN_POINT('',(-62.62370205355,33.5));
#8128 = CARTESIAN_POINT('',(-59.17370205355,35.491858428704));
#8129 = CARTESIAN_POINT('',(-55.72370205355,37.483716857408));
#8130 = CARTESIAN_POINT('',(-55.72370205355,33.5));
#8131 = ( GEOMETRIC_REPRESENTATION_CONTEXT(2) 
PARAMETRIC_REPRESENTATION_CONTEXT() REPRESENTATION_CONTEXT('2D SPACE',''
  ) );
#8132 = PCURVE('',#8133,#8138);
#8133 = CYLINDRICAL_SURFACE('',#8134,2.3);
#8134 = AXIS2_PLACEMENT_3D('',#8135,#8136,#8137);
#8135 = CARTESIAN_POINT('',(-58.02370205355,33.5,-1.));
#8136 = DIRECTION('',(-0.,-0.,-1.));
#8137 = DIRECTION('',(1.,0.,0.));
#8138 = DEFINITIONAL_REPRESENTATION('',(#8139),#8143);
#8139 = LINE('',#8140,#8141);
#8140 = CARTESIAN_POINT('',(-6.28318530718,-7.));
#8141 = VECTOR('',#8142,1.);
#8142 = DIRECTION('',(1.,-0.));
#8143 = ( GEOMETRIC_REPRESENTATION_CONTEXT(2) 
PARAMETRIC_REPRESENTATION_CONTEXT() REPRESENTATION_CONTEXT('2D SPACE',''
  ) );
#8144 = FACE_BOUND('',#8145,.F.);
#8145 = EDGE_LOOP('',(#8146));
#8146 = ORIENTED_EDGE('',*,*,#8147,.F.);
#8147 = EDGE_CURVE('',#8148,#8148,#8150,.T.);
#8148 = VERTEX_POINT('',#8149);
#8149 = CARTESIAN_POINT('',(45.,4.786814219858E-15,6.));
#8150 = SURFACE_CURVE('',#8151,(#8156,#8163),.PCURVE_S1.);
#8151 = CIRCLE('',#8152,45.);
#8152 = AXIS2_PLACEMENT_3D('',#8153,#8154,#8155);
#8153 = CARTESIAN_POINT('',(4.475671295567E-13,4.786814219858E-15,6.));
#8154 = DIRECTION('',(0.,0.,1.));
#8155 = DIRECTION('',(1.,0.,0.));
#8156 = PCURVE('',#7513,#8157);
#8157 = DEFINITIONAL_REPRESENTATION('',(#8158),#8162);
#8158 = CIRCLE('',#8159,45.);
#8159 = AXIS2_PLACEMENT_2D('',#8160,#8161);
#8160 = CARTESIAN_POINT('',(4.530944665135E-13,-2.389811496424E-15));
#8161 = DIRECTION('',(1.,0.));
#8162 = ( GEOMETRIC_REPRESENTATION_CONTEXT(2) 
PARAMETRIC_REPRESENTATION_CONTEXT() REPRESENTATION_CONTEXT('2D SPACE',''
  ) );
#8163 = PCURVE('',#8164,#8169);
#8164 = CYLINDRICAL_SURFACE('',#8165,45.);
#8165 = AXIS2_PLACEMENT_3D('',#8166,#8167,#8168);
#8166 = CARTESIAN_POINT('',(4.475671295567E-13,4.786814219858E-15,6.));
#8167 = DIRECTION('',(-0.,-0.,-1.));
#8168 = DIRECTION('',(1.,0.,0.));
#8169 = DEFINITIONAL_REPRESENTATION('',(#8170),#8174);
#8170 = LINE('',#8171,#8172);
#8171 = CARTESIAN_POINT('',(-0.,0.));
#8172 = VECTOR('',#8173,1.);
#8173 = DIRECTION('',(-1.,0.));
#8174 = ( GEOMETRIC_REPRESENTATION_CONTEXT(2) 
PARAMETRIC_REPRESENTATION_CONTEXT() REPRESENTATION_CONTEXT('2D SPACE',''
  ) );
#8175 = FACE_BOUND('',#8176,.F.);
#8176 = EDGE_LOOP('',(#8177));
#8177 = ORIENTED_EDGE('',*,*,#8178,.T.);
#8178 = EDGE_CURVE('',#8179,#8179,#8181,.T.);
#8179 = VERTEX_POINT('',#8180);
#8180 = CARTESIAN_POINT('',(-39.,71.014083110324,6.));
#8181 = SURFACE_CURVE('',#8182,(#8187,#8198),.PCURVE_S1.);
#8182 = CIRCLE('',#8183,2.);
#8183 = AXIS2_PLACEMENT_3D('',#8184,#8185,#8186);
#8184 = CARTESIAN_POINT('',(-41.,71.014083110324,6.));
#8185 = DIRECTION('',(0.,0.,-1.));
#8186 = DIRECTION('',(1.,0.,0.));
#8187 = PCURVE('',#7513,#8188);
#8188 = DEFINITIONAL_REPRESENTATION('',(#8189),#8197);
#8189 = ( BOUNDED_CURVE() B_SPLINE_CURVE(2,(#8190,#8191,#8192,#8193,
#8194,#8195,#8196),.UNSPECIFIED.,.T.,.F.) B_SPLINE_CURVE_WITH_KNOTS((1,2
    ,2,2,2,1),(-2.094395102393,0.,2.094395102393,4.188790204786,
6.28318530718,8.377580409573),.UNSPECIFIED.) CURVE() 
GEOMETRIC_REPRESENTATION_ITEM() RATIONAL_B_SPLINE_CURVE((1.,0.5,1.,0.5,
1.,0.5,1.)) REPRESENTATION_ITEM('') );
#8190 = CARTESIAN_POINT('',(-39.,71.014083110324));
#8191 = CARTESIAN_POINT('',(-39.,67.549981495186));
#8192 = CARTESIAN_POINT('',(-42.,69.282032302755));
#8193 = CARTESIAN_POINT('',(-45.,71.014083110324));
#8194 = CARTESIAN_POINT('',(-42.,72.746133917893));
#8195 = CARTESIAN_POINT('',(-39.,74.478184725462));
#8196 = CARTESIAN_POINT('',(-39.,71.014083110324));
#8197 = ( GEOMETRIC_REPRESENTATION_CONTEXT(2) 
PARAMETRIC_REPRESENTATION_CONTEXT() REPRESENTATION_CONTEXT('2D SPACE',''
  ) );
#8198 = PCURVE('',#8199,#8204);
#8199 = CYLINDRICAL_SURFACE('',#8200,2.);
#8200 = AXIS2_PLACEMENT_3D('',#8201,#8202,#8203);
#8201 = CARTESIAN_POINT('',(-41.,71.014083110324,-1.));
#8202 = DIRECTION('',(-0.,-0.,-1.));
#8203 = DIRECTION('',(1.,0.,0.));
#8204 = DEFINITIONAL_REPRESENTATION('',(#8205),#8209);
#8205 = LINE('',#8206,#8207);
#8206 = CARTESIAN_POINT('',(-6.28318530718,-7.));
#8207 = VECTOR('',#8208,1.);
#8208 = DIRECTION('',(1.,-0.));
#8209 = ( GEOMETRIC_REPRESENTATION_CONTEXT(2) 
PARAMETRIC_REPRESENTATION_CONTEXT() REPRESENTATION_CONTEXT('2D SPACE',''
  ) );
#8210 = FACE_BOUND('',#8211,.F.);
#8211 = EDGE_LOOP('',(#8212,#8243,#8271,#8304,#8332,#8361,#8389,#8422));
#8212 = ORIENTED_EDGE('',*,*,#8213,.F.);
#8213 = EDGE_CURVE('',#8214,#8216,#8218,.T.);
#8214 = VERTEX_POINT('',#8215);
#8215 = CARTESIAN_POINT('',(7.5,65.,6.));
#8216 = VERTEX_POINT('',#8217);
#8217 = CARTESIAN_POINT('',(9.,66.5,6.));
#8218 = SURFACE_CURVE('',#8219,(#8224,#8231),.PCURVE_S1.);
#8219 = CIRCLE('',#8220,1.5);
#8220 = AXIS2_PLACEMENT_3D('',#8221,#8222,#8223);
#8221 = CARTESIAN_POINT('',(7.5,66.5,6.));
#8222 = DIRECTION('',(-0.,0.,1.));
#8223 = DIRECTION('',(1.,-1.110223024625E-16,0.));
#8224 = PCURVE('',#7513,#8225);
#8225 = DEFINITIONAL_REPRESENTATION('',(#8226),#8230);
#8226 = CIRCLE('',#8227,1.5);
#8227 = AXIS2_PLACEMENT_2D('',#8228,#8229);
#8228 = CARTESIAN_POINT('',(7.5,66.5));
#8229 = DIRECTION('',(1.,-1.110223024625E-16));
#8230 = ( GEOMETRIC_REPRESENTATION_CONTEXT(2) 
PARAMETRIC_REPRESENTATION_CONTEXT() REPRESENTATION_CONTEXT('2D SPACE',''
  ) );
#8231 = PCURVE('',#8232,#8237);
#8232 = CYLINDRICAL_SURFACE('',#8233,1.5);
#8233 = AXIS2_PLACEMENT_3D('',#8234,#8235,#8236);
#8234 = CARTESIAN_POINT('',(7.5,66.5,0.));
#8235 = DIRECTION('',(0.,0.,1.));
#8236 = DIRECTION('',(-1.110223024625E-16,-1.,0.));
#8237 = DEFINITIONAL_REPRESENTATION('',(#8238),#8242);
#8238 = LINE('',#8239,#8240);
#8239 = CARTESIAN_POINT('',(-4.712388980385,6.));
#8240 = VECTOR('',#8241,1.);
#8241 = DIRECTION('',(1.,0.));
#8242 = ( GEOMETRIC_REPRESENTATION_CONTEXT(2) 
PARAMETRIC_REPRESENTATION_CONTEXT() REPRESENTATION_CONTEXT('2D SPACE',''
  ) );
#8243 = ORIENTED_EDGE('',*,*,#8244,.T.);
#8244 = EDGE_CURVE('',#8214,#8245,#8247,.T.);
#8245 = VERTEX_POINT('',#8246);
#8246 = CARTESIAN_POINT('',(-7.5,65.,6.));
#8247 = SURFACE_CURVE('',#8248,(#8252,#8259),.PCURVE_S1.);
#8248 = LINE('',#8249,#8250);
#8249 = CARTESIAN_POINT('',(9.,65.,6.));
#8250 = VECTOR('',#8251,1.);
#8251 = DIRECTION('',(-1.,1.110223024625E-16,0.));
#8252 = PCURVE('',#7513,#8253);
#8253 = DEFINITIONAL_REPRESENTATION('',(#8254),#8258);
#8254 = LINE('',#8255,#8256);
#8255 = CARTESIAN_POINT('',(9.,65.));
#8256 = VECTOR('',#8257,1.);
#8257 = DIRECTION('',(-1.,1.110223024625E-16));
#8258 = ( GEOMETRIC_REPRESENTATION_CONTEXT(2) 
PARAMETRIC_REPRESENTATION_CONTEXT() REPRESENTATION_CONTEXT('2D SPACE',''
  ) );
#8259 = PCURVE('',#8260,#8265);
#8260 = PLANE('',#8261);
#8261 = AXIS2_PLACEMENT_3D('',#8262,#8263,#8264);
#8262 = CARTESIAN_POINT('',(9.,65.,0.));
#8263 = DIRECTION('',(1.110223024625E-16,1.,0.));
#8264 = DIRECTION('',(0.,0.,1.));
#8265 = DEFINITIONAL_REPRESENTATION('',(#8266),#8270);
#8266 = LINE('',#8267,#8268);
#8267 = CARTESIAN_POINT('',(6.,0.));
#8268 = VECTOR('',#8269,1.);
#8269 = DIRECTION('',(0.,-1.));
#8270 = ( GEOMETRIC_REPRESENTATION_CONTEXT(2) 
PARAMETRIC_REPRESENTATION_CONTEXT() REPRESENTATION_CONTEXT('2D SPACE',''
  ) );
#8271 = ORIENTED_EDGE('',*,*,#8272,.T.);
#8272 = EDGE_CURVE('',#8245,#8273,#8275,.T.);
#8273 = VERTEX_POINT('',#8274);
#8274 = CARTESIAN_POINT('',(-9.,66.5,6.));
#8275 = SURFACE_CURVE('',#8276,(#8281,#8292),.PCURVE_S1.);
#8276 = CIRCLE('',#8277,1.5);
#8277 = AXIS2_PLACEMENT_3D('',#8278,#8279,#8280);
#8278 = CARTESIAN_POINT('',(-7.5,66.5,6.));
#8279 = DIRECTION('',(0.,-0.,-1.));
#8280 = DIRECTION('',(1.,-1.110223024625E-16,0.));
#8281 = PCURVE('',#7513,#8282);
#8282 = DEFINITIONAL_REPRESENTATION('',(#8283),#8291);
#8283 = ( BOUNDED_CURVE() B_SPLINE_CURVE(2,(#8284,#8285,#8286,#8287,
#8288,#8289,#8290),.UNSPECIFIED.,.T.,.F.) B_SPLINE_CURVE_WITH_KNOTS((1,2
    ,2,2,2,1),(-2.094395102393,0.,2.094395102393,4.188790204786,
6.28318530718,8.377580409573),.UNSPECIFIED.) CURVE() 
GEOMETRIC_REPRESENTATION_ITEM() RATIONAL_B_SPLINE_CURVE((1.,0.5,1.,0.5,
1.,0.5,1.)) REPRESENTATION_ITEM('') );
#8284 = CARTESIAN_POINT('',(-6.,66.5));
#8285 = CARTESIAN_POINT('',(-6.,63.901923788647));
#8286 = CARTESIAN_POINT('',(-8.25,65.200961894323));
#8287 = CARTESIAN_POINT('',(-10.5,66.5));
#8288 = CARTESIAN_POINT('',(-8.25,67.799038105677));
#8289 = CARTESIAN_POINT('',(-6.,69.098076211353));
#8290 = CARTESIAN_POINT('',(-6.,66.5));
#8291 = ( GEOMETRIC_REPRESENTATION_CONTEXT(2) 
PARAMETRIC_REPRESENTATION_CONTEXT() REPRESENTATION_CONTEXT('2D SPACE',''
  ) );
#8292 = PCURVE('',#8293,#8298);
#8293 = CYLINDRICAL_SURFACE('',#8294,1.5);
#8294 = AXIS2_PLACEMENT_3D('',#8295,#8296,#8297);
#8295 = CARTESIAN_POINT('',(-7.5,66.5,0.));
#8296 = DIRECTION('',(0.,0.,1.));
#8297 = DIRECTION('',(-1.110223024625E-16,-1.,0.));
#8298 = DEFINITIONAL_REPRESENTATION('',(#8299),#8303);
#8299 = LINE('',#8300,#8301);
#8300 = CARTESIAN_POINT('',(1.570796326795,6.));
#8301 = VECTOR('',#8302,1.);
#8302 = DIRECTION('',(-1.,0.));
#8303 = ( GEOMETRIC_REPRESENTATION_CONTEXT(2) 
PARAMETRIC_REPRESENTATION_CONTEXT() REPRESENTATION_CONTEXT('2D SPACE',''
  ) );
#8304 = ORIENTED_EDGE('',*,*,#8305,.T.);
#8305 = EDGE_CURVE('',#8273,#8306,#8308,.T.);
#8306 = VERTEX_POINT('',#8307);
#8307 = CARTESIAN_POINT('',(-9.,70.5,6.));
#8308 = SURFACE_CURVE('',#8309,(#8313,#8320),.PCURVE_S1.);
#8309 = LINE('',#8310,#8311);
#8310 = CARTESIAN_POINT('',(-9.,65.,6.));
#8311 = VECTOR('',#8312,1.);
#8312 = DIRECTION('',(1.110223024625E-16,1.,0.));
#8313 = PCURVE('',#7513,#8314);
#8314 = DEFINITIONAL_REPRESENTATION('',(#8315),#8319);
#8315 = LINE('',#8316,#8317);
#8316 = CARTESIAN_POINT('',(-9.,65.));
#8317 = VECTOR('',#8318,1.);
#8318 = DIRECTION('',(1.110223024625E-16,1.));
#8319 = ( GEOMETRIC_REPRESENTATION_CONTEXT(2) 
PARAMETRIC_REPRESENTATION_CONTEXT() REPRESENTATION_CONTEXT('2D SPACE',''
  ) );
#8320 = PCURVE('',#8321,#8326);
#8321 = PLANE('',#8322);
#8322 = AXIS2_PLACEMENT_3D('',#8323,#8324,#8325);
#8323 = CARTESIAN_POINT('',(-9.,65.,0.));
#8324 = DIRECTION('',(-1.,1.110223024625E-16,0.));
#8325 = DIRECTION('',(0.,0.,1.));
#8326 = DEFINITIONAL_REPRESENTATION('',(#8327),#8331);
#8327 = LINE('',#8328,#8329);
#8328 = CARTESIAN_POINT('',(6.,0.));
#8329 = VECTOR('',#8330,1.);
#8330 = DIRECTION('',(0.,1.));
#8331 = ( GEOMETRIC_REPRESENTATION_CONTEXT(2) 
PARAMETRIC_REPRESENTATION_CONTEXT() REPRESENTATION_CONTEXT('2D SPACE',''
  ) );
#8332 = ORIENTED_EDGE('',*,*,#8333,.F.);
#8333 = EDGE_CURVE('',#8334,#8306,#8336,.T.);
#8334 = VERTEX_POINT('',#8335);
#8335 = CARTESIAN_POINT('',(-7.5,72.,6.));
#8336 = SURFACE_CURVE('',#8337,(#8342,#8349),.PCURVE_S1.);
#8337 = CIRCLE('',#8338,1.5);
#8338 = AXIS2_PLACEMENT_3D('',#8339,#8340,#8341);
#8339 = CARTESIAN_POINT('',(-7.5,70.5,6.));
#8340 = DIRECTION('',(-0.,0.,1.));
#8341 = DIRECTION('',(1.,-1.110223024625E-16,0.));
#8342 = PCURVE('',#7513,#8343);
#8343 = DEFINITIONAL_REPRESENTATION('',(#8344),#8348);
#8344 = CIRCLE('',#8345,1.5);
#8345 = AXIS2_PLACEMENT_2D('',#8346,#8347);
#8346 = CARTESIAN_POINT('',(-7.5,70.5));
#8347 = DIRECTION('',(1.,-1.110223024625E-16));
#8348 = ( GEOMETRIC_REPRESENTATION_CONTEXT(2) 
PARAMETRIC_REPRESENTATION_CONTEXT() REPRESENTATION_CONTEXT('2D SPACE',''
  ) );
#8349 = PCURVE('',#8350,#8355);
#8350 = CYLINDRICAL_SURFACE('',#8351,1.5);
#8351 = AXIS2_PLACEMENT_3D('',#8352,#8353,#8354);
#8352 = CARTESIAN_POINT('',(-7.5,70.5,0.));
#8353 = DIRECTION('',(0.,0.,1.));
#8354 = DIRECTION('',(1.110223024625E-16,1.,0.));
#8355 = DEFINITIONAL_REPRESENTATION('',(#8356),#8360);
#8356 = LINE('',#8357,#8358);
#8357 = CARTESIAN_POINT('',(-1.570796326795,6.));
#8358 = VECTOR('',#8359,1.);
#8359 = DIRECTION('',(1.,0.));
#8360 = ( GEOMETRIC_REPRESENTATION_CONTEXT(2) 
PARAMETRIC_REPRESENTATION_CONTEXT() REPRESENTATION_CONTEXT('2D SPACE',''
  ) );
#8361 = ORIENTED_EDGE('',*,*,#8362,.F.);
#8362 = EDGE_CURVE('',#8363,#8334,#8365,.T.);
#8363 = VERTEX_POINT('',#8364);
#8364 = CARTESIAN_POINT('',(7.5,72.,6.));
#8365 = SURFACE_CURVE('',#8366,(#8370,#8377),.PCURVE_S1.);
#8366 = LINE('',#8367,#8368);
#8367 = CARTESIAN_POINT('',(9.,72.,6.));
#8368 = VECTOR('',#8369,1.);
#8369 = DIRECTION('',(-1.,1.110223024625E-16,0.));
#8370 = PCURVE('',#7513,#8371);
#8371 = DEFINITIONAL_REPRESENTATION('',(#8372),#8376);
#8372 = LINE('',#8373,#8374);
#8373 = CARTESIAN_POINT('',(9.,72.));
#8374 = VECTOR('',#8375,1.);
#8375 = DIRECTION('',(-1.,1.110223024625E-16));
#8376 = ( GEOMETRIC_REPRESENTATION_CONTEXT(2) 
PARAMETRIC_REPRESENTATION_CONTEXT() REPRESENTATION_CONTEXT('2D SPACE',''
  ) );
#8377 = PCURVE('',#8378,#8383);
#8378 = PLANE('',#8379);
#8379 = AXIS2_PLACEMENT_3D('',#8380,#8381,#8382);
#8380 = CARTESIAN_POINT('',(9.,72.,0.));
#8381 = DIRECTION('',(1.110223024625E-16,1.,0.));
#8382 = DIRECTION('',(0.,0.,1.));
#8383 = DEFINITIONAL_REPRESENTATION('',(#8384),#8388);
#8384 = LINE('',#8385,#8386);
#8385 = CARTESIAN_POINT('',(6.,0.));
#8386 = VECTOR('',#8387,1.);
#8387 = DIRECTION('',(0.,-1.));
#8388 = ( GEOMETRIC_REPRESENTATION_CONTEXT(2) 
PARAMETRIC_REPRESENTATION_CONTEXT() REPRESENTATION_CONTEXT('2D SPACE',''
  ) );
#8389 = ORIENTED_EDGE('',*,*,#8390,.T.);
#8390 = EDGE_CURVE('',#8363,#8391,#8393,.T.);
#8391 = VERTEX_POINT('',#8392);
#8392 = CARTESIAN_POINT('',(9.,70.5,6.));
#8393 = SURFACE_CURVE('',#8394,(#8399,#8410),.PCURVE_S1.);
#8394 = CIRCLE('',#8395,1.5);
#8395 = AXIS2_PLACEMENT_3D('',#8396,#8397,#8398);
#8396 = CARTESIAN_POINT('',(7.5,70.5,6.));
#8397 = DIRECTION('',(0.,-0.,-1.));
#8398 = DIRECTION('',(1.,-1.110223024625E-16,0.));
#8399 = PCURVE('',#7513,#8400);
#8400 = DEFINITIONAL_REPRESENTATION('',(#8401),#8409);
#8401 = ( BOUNDED_CURVE() B_SPLINE_CURVE(2,(#8402,#8403,#8404,#8405,
#8406,#8407,#8408),.UNSPECIFIED.,.T.,.F.) B_SPLINE_CURVE_WITH_KNOTS((1,2
    ,2,2,2,1),(-2.094395102393,0.,2.094395102393,4.188790204786,
6.28318530718,8.377580409573),.UNSPECIFIED.) CURVE() 
GEOMETRIC_REPRESENTATION_ITEM() RATIONAL_B_SPLINE_CURVE((1.,0.5,1.,0.5,
1.,0.5,1.)) REPRESENTATION_ITEM('') );
#8402 = CARTESIAN_POINT('',(9.,70.5));
#8403 = CARTESIAN_POINT('',(9.,67.901923788647));
#8404 = CARTESIAN_POINT('',(6.75,69.200961894323));
#8405 = CARTESIAN_POINT('',(4.5,70.5));
#8406 = CARTESIAN_POINT('',(6.75,71.799038105677));
#8407 = CARTESIAN_POINT('',(9.,73.098076211353));
#8408 = CARTESIAN_POINT('',(9.,70.5));
#8409 = ( GEOMETRIC_REPRESENTATION_CONTEXT(2) 
PARAMETRIC_REPRESENTATION_CONTEXT() REPRESENTATION_CONTEXT('2D SPACE',''
  ) );
#8410 = PCURVE('',#8411,#8416);
#8411 = CYLINDRICAL_SURFACE('',#8412,1.5);
#8412 = AXIS2_PLACEMENT_3D('',#8413,#8414,#8415);
#8413 = CARTESIAN_POINT('',(7.5,70.5,0.));
#8414 = DIRECTION('',(0.,0.,1.));
#8415 = DIRECTION('',(1.110223024625E-16,1.,0.));
#8416 = DEFINITIONAL_REPRESENTATION('',(#8417),#8421);
#8417 = LINE('',#8418,#8419);
#8418 = CARTESIAN_POINT('',(4.712388980385,6.));
#8419 = VECTOR('',#8420,1.);
#8420 = DIRECTION('',(-1.,0.));
#8421 = ( GEOMETRIC_REPRESENTATION_CONTEXT(2) 
PARAMETRIC_REPRESENTATION_CONTEXT() REPRESENTATION_CONTEXT('2D SPACE',''
  ) );
#8422 = ORIENTED_EDGE('',*,*,#8423,.F.);
#8423 = EDGE_CURVE('',#8216,#8391,#8424,.T.);
#8424 = SURFACE_CURVE('',#8425,(#8429,#8436),.PCURVE_S1.);
#8425 = LINE('',#8426,#8427);
#8426 = CARTESIAN_POINT('',(9.,65.,6.));
#8427 = VECTOR('',#8428,1.);
#8428 = DIRECTION('',(1.110223024625E-16,1.,0.));
#8429 = PCURVE('',#7513,#8430);
#8430 = DEFINITIONAL_REPRESENTATION('',(#8431),#8435);
#8431 = LINE('',#8432,#8433);
#8432 = CARTESIAN_POINT('',(9.,65.));
#8433 = VECTOR('',#8434,1.);
#8434 = DIRECTION('',(1.110223024625E-16,1.));
#8435 = ( GEOMETRIC_REPRESENTATION_CONTEXT(2) 
PARAMETRIC_REPRESENTATION_CONTEXT() REPRESENTATION_CONTEXT('2D SPACE',''
  ) );
#8436 = PCURVE('',#8437,#8442);
#8437 = PLANE('',#8438);
#8438 = AXIS2_PLACEMENT_3D('',#8439,#8440,#8441);
#8439 = CARTESIAN_POINT('',(9.,65.,0.));
#8440 = DIRECTION('',(-1.,1.110223024625E-16,0.));
#8441 = DIRECTION('',(0.,0.,1.));
#8442 = DEFINITIONAL_REPRESENTATION('',(#8443),#8447);
#8443 = LINE('',#8444,#8445);
#8444 = CARTESIAN_POINT('',(6.,0.));
#8445 = VECTOR('',#8446,1.);
#8446 = DIRECTION('',(0.,1.));
#8447 = ( GEOMETRIC_REPRESENTATION_CONTEXT(2) 
PARAMETRIC_REPRESENTATION_CONTEXT() REPRESENTATION_CONTEXT('2D SPACE',''
  ) );
#8448 = FACE_BOUND('',#8449,.F.);
#8449 = EDGE_LOOP('',(#8450));
#8450 = ORIENTED_EDGE('',*,*,#8451,.T.);
#8451 = EDGE_CURVE('',#8452,#8452,#8454,.T.);
#8452 = VERTEX_POINT('',#8453);
#8453 = CARTESIAN_POINT('',(60.323702053557,33.5,6.));
#8454 = SURFACE_CURVE('',#8455,(#8460,#8471),.PCURVE_S1.);
#8455 = CIRCLE('',#8456,2.3);
#8456 = AXIS2_PLACEMENT_3D('',#8457,#8458,#8459);
#8457 = CARTESIAN_POINT('',(58.023702053557,33.5,6.));
#8458 = DIRECTION('',(0.,0.,-1.));
#8459 = DIRECTION('',(1.,0.,0.));
#8460 = PCURVE('',#7513,#8461);
#8461 = DEFINITIONAL_REPRESENTATION('',(#8462),#8470);
#8462 = ( BOUNDED_CURVE() B_SPLINE_CURVE(2,(#8463,#8464,#8465,#8466,
#8467,#8468,#8469),.UNSPECIFIED.,.T.,.F.) B_SPLINE_CURVE_WITH_KNOTS((1,2
    ,2,2,2,1),(-2.094395102393,0.,2.094395102393,4.188790204786,
6.28318530718,8.377580409573),.UNSPECIFIED.) CURVE() 
GEOMETRIC_REPRESENTATION_ITEM() RATIONAL_B_SPLINE_CURVE((1.,0.5,1.,0.5,
1.,0.5,1.)) REPRESENTATION_ITEM('') );
#8463 = CARTESIAN_POINT('',(60.323702053557,33.5));
#8464 = CARTESIAN_POINT('',(60.323702053557,29.516283142592));
#8465 = CARTESIAN_POINT('',(56.873702053557,31.508141571296));
#8466 = CARTESIAN_POINT('',(53.423702053557,33.5));
#8467 = CARTESIAN_POINT('',(56.873702053557,35.491858428704));
#8468 = CARTESIAN_POINT('',(60.323702053557,37.483716857408));
#8469 = CARTESIAN_POINT('',(60.323702053557,33.5));
#8470 = ( GEOMETRIC_REPRESENTATION_CONTEXT(2) 
PARAMETRIC_REPRESENTATION_CONTEXT() REPRESENTATION_CONTEXT('2D SPACE',''
  ) );
#8471 = PCURVE('',#8472,#8477);
#8472 = CYLINDRICAL_SURFACE('',#8473,2.3);
#8473 = AXIS2_PLACEMENT_3D('',#8474,#8475,#8476);
#8474 = CARTESIAN_POINT('',(58.023702053557,33.5,-1.));
#8475 = DIRECTION('',(-0.,-0.,-1.));
#8476 = DIRECTION('',(1.,0.,0.));
#8477 = DEFINITIONAL_REPRESENTATION('',(#8478),#8482);
#8478 = LINE('',#8479,#8480);
#8479 = CARTESIAN_POINT('',(-6.28318530718,-7.));
#8480 = VECTOR('',#8481,1.);
#8481 = DIRECTION('',(1.,-0.));
#8482 = ( GEOMETRIC_REPRESENTATION_CONTEXT(2) 
PARAMETRIC_REPRESENTATION_CONTEXT() REPRESENTATION_CONTEXT('2D SPACE',''
  ) );
#8483 = ADVANCED_FACE('',(#8484,#8487,#8517,#8547,#8577,#8607,#8633,
    #8663),#7485,.T.);
#8484 = FACE_BOUND('',#8485,.T.);
#8485 = EDGE_LOOP('',(#8486));
#8486 = ORIENTED_EDGE('',*,*,#7470,.T.);
#8487 = FACE_BOUND('',#8488,.T.);
#8488 = EDGE_LOOP('',(#8489));
#8489 = ORIENTED_EDGE('',*,*,#8490,.T.);
#8490 = EDGE_CURVE('',#8491,#8491,#8493,.T.);
#8491 = VERTEX_POINT('',#8492);
#8492 = CARTESIAN_POINT('',(-39.,-71.01408311032,10.));
#8493 = SURFACE_CURVE('',#8494,(#8499,#8510),.PCURVE_S1.);
#8494 = CIRCLE('',#8495,2.);
#8495 = AXIS2_PLACEMENT_3D('',#8496,#8497,#8498);
#8496 = CARTESIAN_POINT('',(-41.,-71.01408311032,10.));
#8497 = DIRECTION('',(0.,0.,-1.));
#8498 = DIRECTION('',(1.,0.,0.));
#8499 = PCURVE('',#7485,#8500);
#8500 = DEFINITIONAL_REPRESENTATION('',(#8501),#8509);
#8501 = ( BOUNDED_CURVE() B_SPLINE_CURVE(2,(#8502,#8503,#8504,#8505,
#8506,#8507,#8508),.UNSPECIFIED.,.T.,.F.) B_SPLINE_CURVE_WITH_KNOTS((1,2
    ,2,2,2,1),(-2.094395102393,0.,2.094395102393,4.188790204786,
6.28318530718,8.377580409573),.UNSPECIFIED.) CURVE() 
GEOMETRIC_REPRESENTATION_ITEM() RATIONAL_B_SPLINE_CURVE((1.,0.5,1.,0.5,
1.,0.5,1.)) REPRESENTATION_ITEM('') );
#8502 = CARTESIAN_POINT('',(-39.,-71.01408311032));
#8503 = CARTESIAN_POINT('',(-39.,-74.47818472546));
#8504 = CARTESIAN_POINT('',(-42.,-72.74613391789));
#8505 = CARTESIAN_POINT('',(-45.,-71.01408311032));
#8506 = CARTESIAN_POINT('',(-42.,-69.28203230275));
#8507 = CARTESIAN_POINT('',(-39.,-67.54998149518));
#8508 = CARTESIAN_POINT('',(-39.,-71.01408311032));
#8509 = ( GEOMETRIC_REPRESENTATION_CONTEXT(2) 
PARAMETRIC_REPRESENTATION_CONTEXT() REPRESENTATION_CONTEXT('2D SPACE',''
  ) );
#8510 = PCURVE('',#7552,#8511);
#8511 = DEFINITIONAL_REPRESENTATION('',(#8512),#8516);
#8512 = LINE('',#8513,#8514);
#8513 = CARTESIAN_POINT('',(-6.28318530718,-11.));
#8514 = VECTOR('',#8515,1.);
#8515 = DIRECTION('',(1.,-0.));
#8516 = ( GEOMETRIC_REPRESENTATION_CONTEXT(2) 
PARAMETRIC_REPRESENTATION_CONTEXT() REPRESENTATION_CONTEXT('2D SPACE',''
  ) );
#8517 = FACE_BOUND('',#8518,.T.);
#8518 = EDGE_LOOP('',(#8519));
#8519 = ORIENTED_EDGE('',*,*,#8520,.T.);
#8520 = EDGE_CURVE('',#8521,#8521,#8523,.T.);
#8521 = VERTEX_POINT('',#8522);
#8522 = CARTESIAN_POINT('',(2.3,-67.,10.));
#8523 = SURFACE_CURVE('',#8524,(#8529,#8540),.PCURVE_S1.);
#8524 = CIRCLE('',#8525,2.3);
#8525 = AXIS2_PLACEMENT_3D('',#8526,#8527,#8528);
#8526 = CARTESIAN_POINT('',(-1.230770033143E-14,-67.,10.));
#8527 = DIRECTION('',(0.,0.,-1.));
#8528 = DIRECTION('',(1.,0.,0.));
#8529 = PCURVE('',#7485,#8530);
#8530 = DEFINITIONAL_REPRESENTATION('',(#8531),#8539);
#8531 = ( BOUNDED_CURVE() B_SPLINE_CURVE(2,(#8532,#8533,#8534,#8535,
#8536,#8537,#8538),.UNSPECIFIED.,.T.,.F.) B_SPLINE_CURVE_WITH_KNOTS((1,2
    ,2,2,2,1),(-2.094395102393,0.,2.094395102393,4.188790204786,
6.28318530718,8.377580409573),.UNSPECIFIED.) CURVE() 
GEOMETRIC_REPRESENTATION_ITEM() RATIONAL_B_SPLINE_CURVE((1.,0.5,1.,0.5,
1.,0.5,1.)) REPRESENTATION_ITEM('') );
#8532 = CARTESIAN_POINT('',(2.3,-67.));
#8533 = CARTESIAN_POINT('',(2.3,-70.9837168574));
#8534 = CARTESIAN_POINT('',(-1.15,-68.9918584287));
#8535 = CARTESIAN_POINT('',(-4.6,-67.));
#8536 = CARTESIAN_POINT('',(-1.15,-65.00814157129));
#8537 = CARTESIAN_POINT('',(2.3,-63.01628314259));
#8538 = CARTESIAN_POINT('',(2.3,-67.));
#8539 = ( GEOMETRIC_REPRESENTATION_CONTEXT(2) 
PARAMETRIC_REPRESENTATION_CONTEXT() REPRESENTATION_CONTEXT('2D SPACE',''
  ) );
#8540 = PCURVE('',#7587,#8541);
#8541 = DEFINITIONAL_REPRESENTATION('',(#8542),#8546);
#8542 = LINE('',#8543,#8544);
#8543 = CARTESIAN_POINT('',(-6.28318530718,-11.));
#8544 = VECTOR('',#8545,1.);
#8545 = DIRECTION('',(1.,-0.));
#8546 = ( GEOMETRIC_REPRESENTATION_CONTEXT(2) 
PARAMETRIC_REPRESENTATION_CONTEXT() REPRESENTATION_CONTEXT('2D SPACE',''
  ) );
#8547 = FACE_BOUND('',#8548,.T.);
#8548 = EDGE_LOOP('',(#8549));
#8549 = ORIENTED_EDGE('',*,*,#8550,.T.);
#8550 = EDGE_CURVE('',#8551,#8551,#8553,.T.);
#8551 = VERTEX_POINT('',#8552);
#8552 = CARTESIAN_POINT('',(84.,0.,10.));
#8553 = SURFACE_CURVE('',#8554,(#8559,#8570),.PCURVE_S1.);
#8554 = CIRCLE('',#8555,2.);
#8555 = AXIS2_PLACEMENT_3D('',#8556,#8557,#8558);
#8556 = CARTESIAN_POINT('',(82.,0.,10.));
#8557 = DIRECTION('',(0.,0.,-1.));
#8558 = DIRECTION('',(1.,0.,0.));
#8559 = PCURVE('',#7485,#8560);
#8560 = DEFINITIONAL_REPRESENTATION('',(#8561),#8569);
#8561 = ( BOUNDED_CURVE() B_SPLINE_CURVE(2,(#8562,#8563,#8564,#8565,
#8566,#8567,#8568),.UNSPECIFIED.,.T.,.F.) B_SPLINE_CURVE_WITH_KNOTS((1,2
    ,2,2,2,1),(-2.094395102393,0.,2.094395102393,4.188790204786,
6.28318530718,8.377580409573),.UNSPECIFIED.) CURVE() 
GEOMETRIC_REPRESENTATION_ITEM() RATIONAL_B_SPLINE_CURVE((1.,0.5,1.,0.5,
1.,0.5,1.)) REPRESENTATION_ITEM('') );
#8562 = CARTESIAN_POINT('',(84.,-7.176625716282E-15));
#8563 = CARTESIAN_POINT('',(84.,-3.464101615138));
#8564 = CARTESIAN_POINT('',(81.,-1.732050807569));
#8565 = CARTESIAN_POINT('',(78.,-7.666484435941E-15));
#8566 = CARTESIAN_POINT('',(81.,1.732050807569));
#8567 = CARTESIAN_POINT('',(84.,3.464101615138));
#8568 = CARTESIAN_POINT('',(84.,-7.176625716282E-15));
#8569 = ( GEOMETRIC_REPRESENTATION_CONTEXT(2) 
PARAMETRIC_REPRESENTATION_CONTEXT() REPRESENTATION_CONTEXT('2D SPACE',''
  ) );
#8570 = PCURVE('',#8098,#8571);
#8571 = DEFINITIONAL_REPRESENTATION('',(#8572),#8576);
#8572 = LINE('',#8573,#8574);
#8573 = CARTESIAN_POINT('',(-6.28318530718,-11.));
#8574 = VECTOR('',#8575,1.);
#8575 = DIRECTION('',(1.,-0.));
#8576 = ( GEOMETRIC_REPRESENTATION_CONTEXT(2) 
PARAMETRIC_REPRESENTATION_CONTEXT() REPRESENTATION_CONTEXT('2D SPACE',''
  ) );
#8577 = FACE_BOUND('',#8578,.T.);
#8578 = EDGE_LOOP('',(#8579));
#8579 = ORIENTED_EDGE('',*,*,#8580,.T.);
#8580 = EDGE_CURVE('',#8581,#8581,#8583,.T.);
#8581 = VERTEX_POINT('',#8582);
#8582 = CARTESIAN_POINT('',(-55.72370205355,33.5,10.));
#8583 = SURFACE_CURVE('',#8584,(#8589,#8600),.PCURVE_S1.);
#8584 = CIRCLE('',#8585,2.3);
#8585 = AXIS2_PLACEMENT_3D('',#8586,#8587,#8588);
#8586 = CARTESIAN_POINT('',(-58.02370205355,33.5,10.));
#8587 = DIRECTION('',(0.,0.,-1.));
#8588 = DIRECTION('',(1.,0.,0.));
#8589 = PCURVE('',#7485,#8590);
#8590 = DEFINITIONAL_REPRESENTATION('',(#8591),#8599);
#8591 = ( BOUNDED_CURVE() B_SPLINE_CURVE(2,(#8592,#8593,#8594,#8595,
#8596,#8597,#8598),.UNSPECIFIED.,.T.,.F.) B_SPLINE_CURVE_WITH_KNOTS((1,2
    ,2,2,2,1),(-2.094395102393,0.,2.094395102393,4.188790204786,
6.28318530718,8.377580409573),.UNSPECIFIED.) CURVE() 
GEOMETRIC_REPRESENTATION_ITEM() RATIONAL_B_SPLINE_CURVE((1.,0.5,1.,0.5,
1.,0.5,1.)) REPRESENTATION_ITEM('') );
#8592 = CARTESIAN_POINT('',(-55.72370205355,33.5));
#8593 = CARTESIAN_POINT('',(-55.72370205355,29.516283142592));
#8594 = CARTESIAN_POINT('',(-59.17370205355,31.508141571296));
#8595 = CARTESIAN_POINT('',(-62.62370205355,33.5));
#8596 = CARTESIAN_POINT('',(-59.17370205355,35.491858428704));
#8597 = CARTESIAN_POINT('',(-55.72370205355,37.483716857408));
#8598 = CARTESIAN_POINT('',(-55.72370205355,33.5));
#8599 = ( GEOMETRIC_REPRESENTATION_CONTEXT(2) 
PARAMETRIC_REPRESENTATION_CONTEXT() REPRESENTATION_CONTEXT('2D SPACE',''
  ) );
#8600 = PCURVE('',#8133,#8601);
#8601 = DEFINITIONAL_REPRESENTATION('',(#8602),#8606);
#8602 = LINE('',#8603,#8604);
#8603 = CARTESIAN_POINT('',(-6.28318530718,-11.));
#8604 = VECTOR('',#8605,1.);
#8605 = DIRECTION('',(1.,-0.));
#8606 = ( GEOMETRIC_REPRESENTATION_CONTEXT(2) 
PARAMETRIC_REPRESENTATION_CONTEXT() REPRESENTATION_CONTEXT('2D SPACE',''
  ) );
#8607 = FACE_BOUND('',#8608,.T.);
#8608 = EDGE_LOOP('',(#8609));
#8609 = ORIENTED_EDGE('',*,*,#8610,.F.);
#8610 = EDGE_CURVE('',#8611,#8611,#8613,.T.);
#8611 = VERTEX_POINT('',#8612);
#8612 = CARTESIAN_POINT('',(45.,4.786814219858E-15,10.));
#8613 = SURFACE_CURVE('',#8614,(#8619,#8626),.PCURVE_S1.);
#8614 = CIRCLE('',#8615,45.);
#8615 = AXIS2_PLACEMENT_3D('',#8616,#8617,#8618);
#8616 = CARTESIAN_POINT('',(4.475671295567E-13,4.786814219858E-15,10.));
#8617 = DIRECTION('',(0.,0.,1.));
#8618 = DIRECTION('',(1.,0.,0.));
#8619 = PCURVE('',#7485,#8620);
#8620 = DEFINITIONAL_REPRESENTATION('',(#8621),#8625);
#8621 = CIRCLE('',#8622,45.);
#8622 = AXIS2_PLACEMENT_2D('',#8623,#8624);
#8623 = CARTESIAN_POINT('',(4.530944665135E-13,-2.389811496424E-15));
#8624 = DIRECTION('',(1.,0.));
#8625 = ( GEOMETRIC_REPRESENTATION_CONTEXT(2) 
PARAMETRIC_REPRESENTATION_CONTEXT() REPRESENTATION_CONTEXT('2D SPACE',''
  ) );
#8626 = PCURVE('',#8164,#8627);
#8627 = DEFINITIONAL_REPRESENTATION('',(#8628),#8632);
#8628 = LINE('',#8629,#8630);
#8629 = CARTESIAN_POINT('',(-0.,-4.));
#8630 = VECTOR('',#8631,1.);
#8631 = DIRECTION('',(-1.,0.));
#8632 = ( GEOMETRIC_REPRESENTATION_CONTEXT(2) 
PARAMETRIC_REPRESENTATION_CONTEXT() REPRESENTATION_CONTEXT('2D SPACE',''
  ) );
#8633 = FACE_BOUND('',#8634,.T.);
#8634 = EDGE_LOOP('',(#8635));
#8635 = ORIENTED_EDGE('',*,*,#8636,.T.);
#8636 = EDGE_CURVE('',#8637,#8637,#8639,.T.);
#8637 = VERTEX_POINT('',#8638);
#8638 = CARTESIAN_POINT('',(-39.,71.014083110324,10.));
#8639 = SURFACE_CURVE('',#8640,(#8645,#8656),.PCURVE_S1.);
#8640 = CIRCLE('',#8641,2.);
#8641 = AXIS2_PLACEMENT_3D('',#8642,#8643,#8644);
#8642 = CARTESIAN_POINT('',(-41.,71.014083110324,10.));
#8643 = DIRECTION('',(0.,0.,-1.));
#8644 = DIRECTION('',(1.,0.,0.));
#8645 = PCURVE('',#7485,#8646);
#8646 = DEFINITIONAL_REPRESENTATION('',(#8647),#8655);
#8647 = ( BOUNDED_CURVE() B_SPLINE_CURVE(2,(#8648,#8649,#8650,#8651,
#8652,#8653,#8654),.UNSPECIFIED.,.T.,.F.) B_SPLINE_CURVE_WITH_KNOTS((1,2
    ,2,2,2,1),(-2.094395102393,0.,2.094395102393,4.188790204786,
6.28318530718,8.377580409573),.UNSPECIFIED.) CURVE() 
GEOMETRIC_REPRESENTATION_ITEM() RATIONAL_B_SPLINE_CURVE((1.,0.5,1.,0.5,
1.,0.5,1.)) REPRESENTATION_ITEM('') );
#8648 = CARTESIAN_POINT('',(-39.,71.014083110324));
#8649 = CARTESIAN_POINT('',(-39.,67.549981495186));
#8650 = CARTESIAN_POINT('',(-42.,69.282032302755));
#8651 = CARTESIAN_POINT('',(-45.,71.014083110324));
#8652 = CARTESIAN_POINT('',(-42.,72.746133917893));
#8653 = CARTESIAN_POINT('',(-39.,74.478184725462));
#8654 = CARTESIAN_POINT('',(-39.,71.014083110324));
#8655 = ( GEOMETRIC_REPRESENTATION_CONTEXT(2) 
PARAMETRIC_REPRESENTATION_CONTEXT() REPRESENTATION_CONTEXT('2D SPACE',''
  ) );
#8656 = PCURVE('',#8199,#8657);
#8657 = DEFINITIONAL_REPRESENTATION('',(#8658),#8662);
#8658 = LINE('',#8659,#8660);
#8659 = CARTESIAN_POINT('',(-6.28318530718,-11.));
#8660 = VECTOR('',#8661,1.);
#8661 = DIRECTION('',(1.,-0.));
#8662 = ( GEOMETRIC_REPRESENTATION_CONTEXT(2) 
PARAMETRIC_REPRESENTATION_CONTEXT() REPRESENTATION_CONTEXT('2D SPACE',''
  ) );
#8663 = FACE_BOUND('',#8664,.T.);
#8664 = EDGE_LOOP('',(#8665));
#8665 = ORIENTED_EDGE('',*,*,#8666,.T.);
#8666 = EDGE_CURVE('',#8667,#8667,#8669,.T.);
#8667 = VERTEX_POINT('',#8668);
#8668 = CARTESIAN_POINT('',(60.323702053557,33.5,10.));
#8669 = SURFACE_CURVE('',#8670,(#8675,#8686),.PCURVE_S1.);
#8670 = CIRCLE('',#8671,2.3);
#8671 = AXIS2_PLACEMENT_3D('',#8672,#8673,#8674);
#8672 = CARTESIAN_POINT('',(58.023702053557,33.5,10.));
#8673 = DIRECTION('',(0.,0.,-1.));
#8674 = DIRECTION('',(1.,0.,0.));
#8675 = PCURVE('',#7485,#8676);
#8676 = DEFINITIONAL_REPRESENTATION('',(#8677),#8685);
#8677 = ( BOUNDED_CURVE() B_SPLINE_CURVE(2,(#8678,#8679,#8680,#8681,
#8682,#8683,#8684),.UNSPECIFIED.,.T.,.F.) B_SPLINE_CURVE_WITH_KNOTS((1,2
    ,2,2,2,1),(-2.094395102393,0.,2.094395102393,4.188790204786,
6.28318530718,8.377580409573),.UNSPECIFIED.) CURVE() 
GEOMETRIC_REPRESENTATION_ITEM() RATIONAL_B_SPLINE_CURVE((1.,0.5,1.,0.5,
1.,0.5,1.)) REPRESENTATION_ITEM('') );
#8678 = CARTESIAN_POINT('',(60.323702053557,33.5));
#8679 = CARTESIAN_POINT('',(60.323702053557,29.516283142592));
#8680 = CARTESIAN_POINT('',(56.873702053557,31.508141571296));
#8681 = CARTESIAN_POINT('',(53.423702053557,33.5));
#8682 = CARTESIAN_POINT('',(56.873702053557,35.491858428704));
#8683 = CARTESIAN_POINT('',(60.323702053557,37.483716857408));
#8684 = CARTESIAN_POINT('',(60.323702053557,33.5));
#8685 = ( GEOMETRIC_REPRESENTATION_CONTEXT(2) 
PARAMETRIC_REPRESENTATION_CONTEXT() REPRESENTATION_CONTEXT('2D SPACE',''
  ) );
#8686 = PCURVE('',#8472,#8687);
#8687 = DEFINITIONAL_REPRESENTATION('',(#8688),#8692);
#8688 = LINE('',#8689,#8690);
#8689 = CARTESIAN_POINT('',(-6.28318530718,-11.));
#8690 = VECTOR('',#8691,1.);
#8691 = DIRECTION('',(1.,-0.));
#8692 = ( GEOMETRIC_REPRESENTATION_CONTEXT(2) 
PARAMETRIC_REPRESENTATION_CONTEXT() REPRESENTATION_CONTEXT('2D SPACE',''
  ) );
#8693 = ADVANCED_FACE('',(#8694),#7552,.F.);
#8694 = FACE_BOUND('',#8695,.T.);
#8695 = EDGE_LOOP('',(#8696,#8697,#8718,#8719));
#8696 = ORIENTED_EDGE('',*,*,#7531,.T.);
#8697 = ORIENTED_EDGE('',*,*,#8698,.T.);
#8698 = EDGE_CURVE('',#7532,#8491,#8699,.T.);
#8699 = SEAM_CURVE('',#8700,(#8704,#8711),.PCURVE_S1.);
#8700 = LINE('',#8701,#8702);
#8701 = CARTESIAN_POINT('',(-39.,-71.01408311032,-1.));
#8702 = VECTOR('',#8703,1.);
#8703 = DIRECTION('',(0.,0.,1.));
#8704 = PCURVE('',#7552,#8705);
#8705 = DEFINITIONAL_REPRESENTATION('',(#8706),#8710);
#8706 = LINE('',#8707,#8708);
#8707 = CARTESIAN_POINT('',(-6.28318530718,0.));
#8708 = VECTOR('',#8709,1.);
#8709 = DIRECTION('',(-0.,-1.));
#8710 = ( GEOMETRIC_REPRESENTATION_CONTEXT(2) 
PARAMETRIC_REPRESENTATION_CONTEXT() REPRESENTATION_CONTEXT('2D SPACE',''
  ) );
#8711 = PCURVE('',#7552,#8712);
#8712 = DEFINITIONAL_REPRESENTATION('',(#8713),#8717);
#8713 = LINE('',#8714,#8715);
#8714 = CARTESIAN_POINT('',(-0.,0.));
#8715 = VECTOR('',#8716,1.);
#8716 = DIRECTION('',(-0.,-1.));
#8717 = ( GEOMETRIC_REPRESENTATION_CONTEXT(2) 
PARAMETRIC_REPRESENTATION_CONTEXT() REPRESENTATION_CONTEXT('2D SPACE',''
  ) );
#8718 = ORIENTED_EDGE('',*,*,#8490,.F.);
#8719 = ORIENTED_EDGE('',*,*,#8698,.F.);
#8720 = ADVANCED_FACE('',(#8721),#7587,.F.);
#8721 = FACE_BOUND('',#8722,.T.);
#8722 = EDGE_LOOP('',(#8723,#8724,#8745,#8746));
#8723 = ORIENTED_EDGE('',*,*,#7566,.T.);
#8724 = ORIENTED_EDGE('',*,*,#8725,.T.);
#8725 = EDGE_CURVE('',#7567,#8521,#8726,.T.);
#8726 = SEAM_CURVE('',#8727,(#8731,#8738),.PCURVE_S1.);
#8727 = LINE('',#8728,#8729);
#8728 = CARTESIAN_POINT('',(2.3,-67.,-1.));
#8729 = VECTOR('',#8730,1.);
#8730 = DIRECTION('',(0.,0.,1.));
#8731 = PCURVE('',#7587,#8732);
#8732 = DEFINITIONAL_REPRESENTATION('',(#8733),#8737);
#8733 = LINE('',#8734,#8735);
#8734 = CARTESIAN_POINT('',(-6.28318530718,0.));
#8735 = VECTOR('',#8736,1.);
#8736 = DIRECTION('',(-0.,-1.));
#8737 = ( GEOMETRIC_REPRESENTATION_CONTEXT(2) 
PARAMETRIC_REPRESENTATION_CONTEXT() REPRESENTATION_CONTEXT('2D SPACE',''
  ) );
#8738 = PCURVE('',#7587,#8739);
#8739 = DEFINITIONAL_REPRESENTATION('',(#8740),#8744);
#8740 = LINE('',#8741,#8742);
#8741 = CARTESIAN_POINT('',(-0.,0.));
#8742 = VECTOR('',#8743,1.);
#8743 = DIRECTION('',(-0.,-1.));
#8744 = ( GEOMETRIC_REPRESENTATION_CONTEXT(2) 
PARAMETRIC_REPRESENTATION_CONTEXT() REPRESENTATION_CONTEXT('2D SPACE',''
  ) );
#8745 = ORIENTED_EDGE('',*,*,#8520,.F.);
#8746 = ORIENTED_EDGE('',*,*,#8725,.F.);
#8747 = ADVANCED_FACE('',(#8748),#7620,.T.);
#8748 = FACE_BOUND('',#8749,.T.);
#8749 = EDGE_LOOP('',(#8750,#8781,#8802,#8803));
#8750 = ORIENTED_EDGE('',*,*,#8751,.T.);
#8751 = EDGE_CURVE('',#8752,#8754,#8756,.T.);
#8752 = VERTEX_POINT('',#8753);
#8753 = CARTESIAN_POINT('',(-60.04165124598,-26.00480947161,0.));
#8754 = VERTEX_POINT('',#8755);
#8755 = CARTESIAN_POINT('',(-62.09068935166,-25.45577136594,0.));
#8756 = SURFACE_CURVE('',#8757,(#8762,#8769),.PCURVE_S1.);
#8757 = CIRCLE('',#8758,1.5);
#8758 = AXIS2_PLACEMENT_3D('',#8759,#8760,#8761);
#8759 = CARTESIAN_POINT('',(-61.34068935166,-26.75480947161,0.));
#8760 = DIRECTION('',(0.,0.,1.));
#8761 = DIRECTION('',(-0.5,0.866025403784,0.));
#8762 = PCURVE('',#7620,#8763);
#8763 = DEFINITIONAL_REPRESENTATION('',(#8764),#8768);
#8764 = LINE('',#8765,#8766);
#8765 = CARTESIAN_POINT('',(-4.712388980385,0.));
#8766 = VECTOR('',#8767,1.);
#8767 = DIRECTION('',(1.,0.));
#8768 = ( GEOMETRIC_REPRESENTATION_CONTEXT(2) 
PARAMETRIC_REPRESENTATION_CONTEXT() REPRESENTATION_CONTEXT('2D SPACE',''
  ) );
#8769 = PCURVE('',#8770,#8775);
#8770 = PLANE('',#8771);
#8771 = AXIS2_PLACEMENT_3D('',#8772,#8773,#8774);
#8772 = CARTESIAN_POINT('',(-60.79165124598,-24.70577136594,0.));
#8773 = DIRECTION('',(0.,0.,1.));
#8774 = DIRECTION('',(-0.866025403784,-0.5,0.));
#8775 = DEFINITIONAL_REPRESENTATION('',(#8776),#8780);
#8776 = CIRCLE('',#8777,1.5);
#8777 = AXIS2_PLACEMENT_2D('',#8778,#8779);
#8778 = CARTESIAN_POINT('',(1.5,1.5));
#8779 = DIRECTION('',(0.,-1.));
#8780 = ( GEOMETRIC_REPRESENTATION_CONTEXT(2) 
PARAMETRIC_REPRESENTATION_CONTEXT() REPRESENTATION_CONTEXT('2D SPACE',''
  ) );
#8781 = ORIENTED_EDGE('',*,*,#8782,.T.);
#8782 = EDGE_CURVE('',#8754,#7604,#8783,.T.);
#8783 = SURFACE_CURVE('',#8784,(#8788,#8795),.PCURVE_S1.);
#8784 = LINE('',#8785,#8786);
#8785 = CARTESIAN_POINT('',(-62.09068935166,-25.45577136594,0.));
#8786 = VECTOR('',#8787,1.);
#8787 = DIRECTION('',(0.,0.,1.));
#8788 = PCURVE('',#7620,#8789);
#8789 = DEFINITIONAL_REPRESENTATION('',(#8790),#8794);
#8790 = LINE('',#8791,#8792);
#8791 = CARTESIAN_POINT('',(1.570796326795,0.));
#8792 = VECTOR('',#8793,1.);
#8793 = DIRECTION('',(0.,1.));
#8794 = ( GEOMETRIC_REPRESENTATION_CONTEXT(2) 
PARAMETRIC_REPRESENTATION_CONTEXT() REPRESENTATION_CONTEXT('2D SPACE',''
  ) );
#8795 = PCURVE('',#7825,#8796);
#8796 = DEFINITIONAL_REPRESENTATION('',(#8797),#8801);
#8797 = LINE('',#8798,#8799);
#8798 = CARTESIAN_POINT('',(0.,1.5));
#8799 = VECTOR('',#8800,1.);
#8800 = DIRECTION('',(1.,0.));
#8801 = ( GEOMETRIC_REPRESENTATION_CONTEXT(2) 
PARAMETRIC_REPRESENTATION_CONTEXT() REPRESENTATION_CONTEXT('2D SPACE',''
  ) );
#8802 = ORIENTED_EDGE('',*,*,#7601,.F.);
#8803 = ORIENTED_EDGE('',*,*,#8804,.F.);
#8804 = EDGE_CURVE('',#8752,#7602,#8805,.T.);
#8805 = SURFACE_CURVE('',#8806,(#8810,#8817),.PCURVE_S1.);
#8806 = LINE('',#8807,#8808);
#8807 = CARTESIAN_POINT('',(-60.04165124598,-26.00480947161,0.));
#8808 = VECTOR('',#8809,1.);
#8809 = DIRECTION('',(0.,0.,1.));
#8810 = PCURVE('',#7620,#8811);
#8811 = DEFINITIONAL_REPRESENTATION('',(#8812),#8816);
#8812 = LINE('',#8813,#8814);
#8813 = CARTESIAN_POINT('',(0.,0.));
#8814 = VECTOR('',#8815,1.);
#8815 = DIRECTION('',(0.,1.));
#8816 = ( GEOMETRIC_REPRESENTATION_CONTEXT(2) 
PARAMETRIC_REPRESENTATION_CONTEXT() REPRESENTATION_CONTEXT('2D SPACE',''
  ) );
#8817 = PCURVE('',#7648,#8818);
#8818 = DEFINITIONAL_REPRESENTATION('',(#8819),#8823);
#8819 = LINE('',#8820,#8821);
#8820 = CARTESIAN_POINT('',(0.,-1.5));
#8821 = VECTOR('',#8822,1.);
#8822 = DIRECTION('',(1.,0.));
#8823 = ( GEOMETRIC_REPRESENTATION_CONTEXT(2) 
PARAMETRIC_REPRESENTATION_CONTEXT() REPRESENTATION_CONTEXT('2D SPACE',''
  ) );
#8824 = ADVANCED_FACE('',(#8825),#7648,.F.);
#8825 = FACE_BOUND('',#8826,.F.);
#8826 = EDGE_LOOP('',(#8827,#8828,#8829,#8852));
#8827 = ORIENTED_EDGE('',*,*,#7632,.F.);
#8828 = ORIENTED_EDGE('',*,*,#8804,.F.);
#8829 = ORIENTED_EDGE('',*,*,#8830,.T.);
#8830 = EDGE_CURVE('',#8752,#8831,#8833,.T.);
#8831 = VERTEX_POINT('',#8832);
#8832 = CARTESIAN_POINT('',(-52.54165124598,-38.99519052838,0.));
#8833 = SURFACE_CURVE('',#8834,(#8838,#8845),.PCURVE_S1.);
#8834 = LINE('',#8835,#8836);
#8835 = CARTESIAN_POINT('',(-60.79165124598,-24.70577136594,0.));
#8836 = VECTOR('',#8837,1.);
#8837 = DIRECTION('',(0.5,-0.866025403784,0.));
#8838 = PCURVE('',#7648,#8839);
#8839 = DEFINITIONAL_REPRESENTATION('',(#8840),#8844);
#8840 = LINE('',#8841,#8842);
#8841 = CARTESIAN_POINT('',(0.,0.));
#8842 = VECTOR('',#8843,1.);
#8843 = DIRECTION('',(0.,-1.));
#8844 = ( GEOMETRIC_REPRESENTATION_CONTEXT(2) 
PARAMETRIC_REPRESENTATION_CONTEXT() REPRESENTATION_CONTEXT('2D SPACE',''
  ) );
#8845 = PCURVE('',#8770,#8846);
#8846 = DEFINITIONAL_REPRESENTATION('',(#8847),#8851);
#8847 = LINE('',#8848,#8849);
#8848 = CARTESIAN_POINT('',(0.,0.));
#8849 = VECTOR('',#8850,1.);
#8850 = DIRECTION('',(0.,1.));
#8851 = ( GEOMETRIC_REPRESENTATION_CONTEXT(2) 
PARAMETRIC_REPRESENTATION_CONTEXT() REPRESENTATION_CONTEXT('2D SPACE',''
  ) );
#8852 = ORIENTED_EDGE('',*,*,#8853,.T.);
#8853 = EDGE_CURVE('',#8831,#7633,#8854,.T.);
#8854 = SURFACE_CURVE('',#8855,(#8859,#8866),.PCURVE_S1.);
#8855 = LINE('',#8856,#8857);
#8856 = CARTESIAN_POINT('',(-52.54165124598,-38.99519052838,0.));
#8857 = VECTOR('',#8858,1.);
#8858 = DIRECTION('',(0.,0.,1.));
#8859 = PCURVE('',#7648,#8860);
#8860 = DEFINITIONAL_REPRESENTATION('',(#8861),#8865);
#8861 = LINE('',#8862,#8863);
#8862 = CARTESIAN_POINT('',(0.,-16.5));
#8863 = VECTOR('',#8864,1.);
#8864 = DIRECTION('',(1.,0.));
#8865 = ( GEOMETRIC_REPRESENTATION_CONTEXT(2) 
PARAMETRIC_REPRESENTATION_CONTEXT() REPRESENTATION_CONTEXT('2D SPACE',''
  ) );
#8866 = PCURVE('',#7681,#8867);
#8867 = DEFINITIONAL_REPRESENTATION('',(#8868),#8872);
#8868 = LINE('',#8869,#8870);
#8869 = CARTESIAN_POINT('',(-0.,0.));
#8870 = VECTOR('',#8871,1.);
#8871 = DIRECTION('',(-0.,1.));
#8872 = ( GEOMETRIC_REPRESENTATION_CONTEXT(2) 
PARAMETRIC_REPRESENTATION_CONTEXT() REPRESENTATION_CONTEXT('2D SPACE',''
  ) );
#8873 = ADVANCED_FACE('',(#8874),#7825,.F.);
#8874 = FACE_BOUND('',#8875,.F.);
#8875 = EDGE_LOOP('',(#8876,#8899,#8900,#8901));
#8876 = ORIENTED_EDGE('',*,*,#8877,.F.);
#8877 = EDGE_CURVE('',#8754,#8878,#8880,.T.);
#8878 = VERTEX_POINT('',#8879);
#8879 = CARTESIAN_POINT('',(-65.5547909668,-27.45577136594,0.));
#8880 = SURFACE_CURVE('',#8881,(#8885,#8892),.PCURVE_S1.);
#8881 = LINE('',#8882,#8883);
#8882 = CARTESIAN_POINT('',(-60.79165124598,-24.70577136594,0.));
#8883 = VECTOR('',#8884,1.);
#8884 = DIRECTION('',(-0.866025403784,-0.5,0.));
#8885 = PCURVE('',#7825,#8886);
#8886 = DEFINITIONAL_REPRESENTATION('',(#8887),#8891);
#8887 = LINE('',#8888,#8889);
#8888 = CARTESIAN_POINT('',(0.,0.));
#8889 = VECTOR('',#8890,1.);
#8890 = DIRECTION('',(0.,1.));
#8891 = ( GEOMETRIC_REPRESENTATION_CONTEXT(2) 
PARAMETRIC_REPRESENTATION_CONTEXT() REPRESENTATION_CONTEXT('2D SPACE',''
  ) );
#8892 = PCURVE('',#8770,#8893);
#8893 = DEFINITIONAL_REPRESENTATION('',(#8894),#8898);
#8894 = LINE('',#8895,#8896);
#8895 = CARTESIAN_POINT('',(0.,0.));
#8896 = VECTOR('',#8897,1.);
#8897 = DIRECTION('',(1.,0.));
#8898 = ( GEOMETRIC_REPRESENTATION_CONTEXT(2) 
PARAMETRIC_REPRESENTATION_CONTEXT() REPRESENTATION_CONTEXT('2D SPACE',''
  ) );
#8899 = ORIENTED_EDGE('',*,*,#8782,.T.);
#8900 = ORIENTED_EDGE('',*,*,#7811,.T.);
#8901 = ORIENTED_EDGE('',*,*,#8902,.F.);
#8902 = EDGE_CURVE('',#8878,#7779,#8903,.T.);
#8903 = SURFACE_CURVE('',#8904,(#8908,#8915),.PCURVE_S1.);
#8904 = LINE('',#8905,#8906);
#8905 = CARTESIAN_POINT('',(-65.5547909668,-27.45577136594,0.));
#8906 = VECTOR('',#8907,1.);
#8907 = DIRECTION('',(0.,0.,1.));
#8908 = PCURVE('',#7825,#8909);
#8909 = DEFINITIONAL_REPRESENTATION('',(#8910),#8914);
#8910 = LINE('',#8911,#8912);
#8911 = CARTESIAN_POINT('',(0.,5.5));
#8912 = VECTOR('',#8913,1.);
#8913 = DIRECTION('',(1.,0.));
#8914 = ( GEOMETRIC_REPRESENTATION_CONTEXT(2) 
PARAMETRIC_REPRESENTATION_CONTEXT() REPRESENTATION_CONTEXT('2D SPACE',''
  ) );
#8915 = PCURVE('',#7799,#8916);
#8916 = DEFINITIONAL_REPRESENTATION('',(#8917),#8921);
#8917 = LINE('',#8918,#8919);
#8918 = CARTESIAN_POINT('',(-1.570796326795,0.));
#8919 = VECTOR('',#8920,1.);
#8920 = DIRECTION('',(-0.,1.));
#8921 = ( GEOMETRIC_REPRESENTATION_CONTEXT(2) 
PARAMETRIC_REPRESENTATION_CONTEXT() REPRESENTATION_CONTEXT('2D SPACE',''
  ) );
#8922 = ADVANCED_FACE('',(#8923),#7681,.T.);
#8923 = FACE_BOUND('',#8924,.F.);
#8924 = EDGE_LOOP('',(#8925,#8953,#8974,#8975));
#8925 = ORIENTED_EDGE('',*,*,#8926,.T.);
#8926 = EDGE_CURVE('',#8831,#8927,#8929,.T.);
#8927 = VERTEX_POINT('',#8928);
#8928 = CARTESIAN_POINT('',(-53.09068935166,-41.04422863406,0.));
#8929 = SURFACE_CURVE('',#8930,(#8935,#8942),.PCURVE_S1.);
#8930 = CIRCLE('',#8931,1.5);
#8931 = AXIS2_PLACEMENT_3D('',#8932,#8933,#8934);
#8932 = CARTESIAN_POINT('',(-53.84068935166,-39.74519052838,0.));
#8933 = DIRECTION('',(0.,0.,-1.));
#8934 = DIRECTION('',(-0.5,0.866025403784,0.));
#8935 = PCURVE('',#7681,#8936);
#8936 = DEFINITIONAL_REPRESENTATION('',(#8937),#8941);
#8937 = LINE('',#8938,#8939);
#8938 = CARTESIAN_POINT('',(1.570796326795,-0.));
#8939 = VECTOR('',#8940,1.);
#8940 = DIRECTION('',(-1.,0.));
#8941 = ( GEOMETRIC_REPRESENTATION_CONTEXT(2) 
PARAMETRIC_REPRESENTATION_CONTEXT() REPRESENTATION_CONTEXT('2D SPACE',''
  ) );
#8942 = PCURVE('',#8770,#8943);
#8943 = DEFINITIONAL_REPRESENTATION('',(#8944),#8952);
#8944 = ( BOUNDED_CURVE() B_SPLINE_CURVE(2,(#8945,#8946,#8947,#8948,
#8949,#8950,#8951),.UNSPECIFIED.,.T.,.F.) B_SPLINE_CURVE_WITH_KNOTS((1,2
    ,2,2,2,1),(-2.094395102393,0.,2.094395102393,4.188790204786,
6.28318530718,8.377580409573),.UNSPECIFIED.) CURVE() 
GEOMETRIC_REPRESENTATION_ITEM() RATIONAL_B_SPLINE_CURVE((1.,0.5,1.,0.5,
1.,0.5,1.)) REPRESENTATION_ITEM('') );
#8945 = CARTESIAN_POINT('',(1.5,15.));
#8946 = CARTESIAN_POINT('',(-1.098076211353,15.));
#8947 = CARTESIAN_POINT('',(0.200961894323,17.25));
#8948 = CARTESIAN_POINT('',(1.5,19.5));
#8949 = CARTESIAN_POINT('',(2.799038105677,17.25));
#8950 = CARTESIAN_POINT('',(4.098076211353,15.));
#8951 = CARTESIAN_POINT('',(1.5,15.));
#8952 = ( GEOMETRIC_REPRESENTATION_CONTEXT(2) 
PARAMETRIC_REPRESENTATION_CONTEXT() REPRESENTATION_CONTEXT('2D SPACE',''
  ) );
#8953 = ORIENTED_EDGE('',*,*,#8954,.T.);
#8954 = EDGE_CURVE('',#8927,#7661,#8955,.T.);
#8955 = SURFACE_CURVE('',#8956,(#8960,#8967),.PCURVE_S1.);
#8956 = LINE('',#8957,#8958);
#8957 = CARTESIAN_POINT('',(-53.09068935166,-41.04422863406,0.));
#8958 = VECTOR('',#8959,1.);
#8959 = DIRECTION('',(0.,0.,1.));
#8960 = PCURVE('',#7681,#8961);
#8961 = DEFINITIONAL_REPRESENTATION('',(#8962),#8966);
#8962 = LINE('',#8963,#8964);
#8963 = CARTESIAN_POINT('',(-1.570796326795,0.));
#8964 = VECTOR('',#8965,1.);
#8965 = DIRECTION('',(-0.,1.));
#8966 = ( GEOMETRIC_REPRESENTATION_CONTEXT(2) 
PARAMETRIC_REPRESENTATION_CONTEXT() REPRESENTATION_CONTEXT('2D SPACE',''
  ) );
#8967 = PCURVE('',#7709,#8968);
#8968 = DEFINITIONAL_REPRESENTATION('',(#8969),#8973);
#8969 = LINE('',#8970,#8971);
#8970 = CARTESIAN_POINT('',(0.,1.5));
#8971 = VECTOR('',#8972,1.);
#8972 = DIRECTION('',(1.,0.));
#8973 = ( GEOMETRIC_REPRESENTATION_CONTEXT(2) 
PARAMETRIC_REPRESENTATION_CONTEXT() REPRESENTATION_CONTEXT('2D SPACE',''
  ) );
#8974 = ORIENTED_EDGE('',*,*,#7660,.F.);
#8975 = ORIENTED_EDGE('',*,*,#8853,.F.);
#8976 = ADVANCED_FACE('',(#8977),#7799,.T.);
#8977 = FACE_BOUND('',#8978,.F.);
#8978 = EDGE_LOOP('',(#8979,#9007,#9008,#9009));
#8979 = ORIENTED_EDGE('',*,*,#8980,.T.);
#8980 = EDGE_CURVE('',#8981,#8878,#8983,.T.);
#8981 = VERTEX_POINT('',#8982);
#8982 = CARTESIAN_POINT('',(-66.10382907248,-29.50480947161,0.));
#8983 = SURFACE_CURVE('',#8984,(#8989,#8996),.PCURVE_S1.);
#8984 = CIRCLE('',#8985,1.5);
#8985 = AXIS2_PLACEMENT_3D('',#8986,#8987,#8988);
#8986 = CARTESIAN_POINT('',(-64.8047909668,-28.75480947161,0.));
#8987 = DIRECTION('',(0.,0.,-1.));
#8988 = DIRECTION('',(-0.5,0.866025403784,0.));
#8989 = PCURVE('',#7799,#8990);
#8990 = DEFINITIONAL_REPRESENTATION('',(#8991),#8995);
#8991 = LINE('',#8992,#8993);
#8992 = CARTESIAN_POINT('',(4.712388980385,-0.));
#8993 = VECTOR('',#8994,1.);
#8994 = DIRECTION('',(-1.,0.));
#8995 = ( GEOMETRIC_REPRESENTATION_CONTEXT(2) 
PARAMETRIC_REPRESENTATION_CONTEXT() REPRESENTATION_CONTEXT('2D SPACE',''
  ) );
#8996 = PCURVE('',#8770,#8997);
#8997 = DEFINITIONAL_REPRESENTATION('',(#8998),#9006);
#8998 = ( BOUNDED_CURVE() B_SPLINE_CURVE(2,(#8999,#9000,#9001,#9002,
#9003,#9004,#9005),.UNSPECIFIED.,.T.,.F.) B_SPLINE_CURVE_WITH_KNOTS((1,2
    ,2,2,2,1),(-2.094395102393,0.,2.094395102393,4.188790204786,
6.28318530718,8.377580409573),.UNSPECIFIED.) CURVE() 
GEOMETRIC_REPRESENTATION_ITEM() RATIONAL_B_SPLINE_CURVE((1.,0.5,1.,0.5,
1.,0.5,1.)) REPRESENTATION_ITEM('') );
#8999 = CARTESIAN_POINT('',(5.5,-1.7763568394E-15));
#9000 = CARTESIAN_POINT('',(2.901923788647,-1.7763568394E-15));
#9001 = CARTESIAN_POINT('',(4.200961894323,2.25));
#9002 = CARTESIAN_POINT('',(5.5,4.5));
#9003 = CARTESIAN_POINT('',(6.799038105677,2.25));
#9004 = CARTESIAN_POINT('',(8.098076211353,4.440892098501E-16));
#9005 = CARTESIAN_POINT('',(5.5,-1.7763568394E-15));
#9006 = ( GEOMETRIC_REPRESENTATION_CONTEXT(2) 
PARAMETRIC_REPRESENTATION_CONTEXT() REPRESENTATION_CONTEXT('2D SPACE',''
  ) );
#9007 = ORIENTED_EDGE('',*,*,#8902,.T.);
#9008 = ORIENTED_EDGE('',*,*,#7778,.F.);
#9009 = ORIENTED_EDGE('',*,*,#9010,.F.);
#9010 = EDGE_CURVE('',#8981,#7751,#9011,.T.);
#9011 = SURFACE_CURVE('',#9012,(#9016,#9023),.PCURVE_S1.);
#9012 = LINE('',#9013,#9014);
#9013 = CARTESIAN_POINT('',(-66.10382907248,-29.50480947161,0.));
#9014 = VECTOR('',#9015,1.);
#9015 = DIRECTION('',(0.,0.,1.));
#9016 = PCURVE('',#7799,#9017);
#9017 = DEFINITIONAL_REPRESENTATION('',(#9018),#9022);
#9018 = LINE('',#9019,#9020);
#9019 = CARTESIAN_POINT('',(-0.,0.));
#9020 = VECTOR('',#9021,1.);
#9021 = DIRECTION('',(-0.,1.));
#9022 = ( GEOMETRIC_REPRESENTATION_CONTEXT(2) 
PARAMETRIC_REPRESENTATION_CONTEXT() REPRESENTATION_CONTEXT('2D SPACE',''
  ) );
#9023 = PCURVE('',#7766,#9024);
#9024 = DEFINITIONAL_REPRESENTATION('',(#9025),#9029);
#9025 = LINE('',#9026,#9027);
#9026 = CARTESIAN_POINT('',(0.,-1.5));
#9027 = VECTOR('',#9028,1.);
#9028 = DIRECTION('',(1.,0.));
#9029 = ( GEOMETRIC_REPRESENTATION_CONTEXT(2) 
PARAMETRIC_REPRESENTATION_CONTEXT() REPRESENTATION_CONTEXT('2D SPACE',''
  ) );
#9030 = ADVANCED_FACE('',(#9031),#7709,.T.);
#9031 = FACE_BOUND('',#9032,.T.);
#9032 = EDGE_LOOP('',(#9033,#9056,#9057,#9058));
#9033 = ORIENTED_EDGE('',*,*,#9034,.F.);
#9034 = EDGE_CURVE('',#8927,#9035,#9037,.T.);
#9035 = VERTEX_POINT('',#9036);
#9036 = CARTESIAN_POINT('',(-56.5547909668,-43.04422863406,0.));
#9037 = SURFACE_CURVE('',#9038,(#9042,#9049),.PCURVE_S1.);
#9038 = LINE('',#9039,#9040);
#9039 = CARTESIAN_POINT('',(-51.79165124598,-40.29422863406,0.));
#9040 = VECTOR('',#9041,1.);
#9041 = DIRECTION('',(-0.866025403784,-0.5,0.));
#9042 = PCURVE('',#7709,#9043);
#9043 = DEFINITIONAL_REPRESENTATION('',(#9044),#9048);
#9044 = LINE('',#9045,#9046);
#9045 = CARTESIAN_POINT('',(0.,0.));
#9046 = VECTOR('',#9047,1.);
#9047 = DIRECTION('',(0.,1.));
#9048 = ( GEOMETRIC_REPRESENTATION_CONTEXT(2) 
PARAMETRIC_REPRESENTATION_CONTEXT() REPRESENTATION_CONTEXT('2D SPACE',''
  ) );
#9049 = PCURVE('',#8770,#9050);
#9050 = DEFINITIONAL_REPRESENTATION('',(#9051),#9055);
#9051 = LINE('',#9052,#9053);
#9052 = CARTESIAN_POINT('',(2.6645352591E-15,18.));
#9053 = VECTOR('',#9054,1.);
#9054 = DIRECTION('',(1.,0.));
#9055 = ( GEOMETRIC_REPRESENTATION_CONTEXT(2) 
PARAMETRIC_REPRESENTATION_CONTEXT() REPRESENTATION_CONTEXT('2D SPACE',''
  ) );
#9056 = ORIENTED_EDGE('',*,*,#8954,.T.);
#9057 = ORIENTED_EDGE('',*,*,#7693,.T.);
#9058 = ORIENTED_EDGE('',*,*,#9059,.F.);
#9059 = EDGE_CURVE('',#9035,#7694,#9060,.T.);
#9060 = SURFACE_CURVE('',#9061,(#9065,#9072),.PCURVE_S1.);
#9061 = LINE('',#9062,#9063);
#9062 = CARTESIAN_POINT('',(-56.5547909668,-43.04422863406,0.));
#9063 = VECTOR('',#9064,1.);
#9064 = DIRECTION('',(0.,0.,1.));
#9065 = PCURVE('',#7709,#9066);
#9066 = DEFINITIONAL_REPRESENTATION('',(#9067),#9071);
#9067 = LINE('',#9068,#9069);
#9068 = CARTESIAN_POINT('',(0.,5.5));
#9069 = VECTOR('',#9070,1.);
#9070 = DIRECTION('',(1.,0.));
#9071 = ( GEOMETRIC_REPRESENTATION_CONTEXT(2) 
PARAMETRIC_REPRESENTATION_CONTEXT() REPRESENTATION_CONTEXT('2D SPACE',''
  ) );
#9072 = PCURVE('',#7738,#9073);
#9073 = DEFINITIONAL_REPRESENTATION('',(#9074),#9078);
#9074 = LINE('',#9075,#9076);
#9075 = CARTESIAN_POINT('',(1.570796326795,0.));
#9076 = VECTOR('',#9077,1.);
#9077 = DIRECTION('',(0.,1.));
#9078 = ( GEOMETRIC_REPRESENTATION_CONTEXT(2) 
PARAMETRIC_REPRESENTATION_CONTEXT() REPRESENTATION_CONTEXT('2D SPACE',''
  ) );
#9079 = ADVANCED_FACE('',(#9080),#7766,.T.);
#9080 = FACE_BOUND('',#9081,.T.);
#9081 = EDGE_LOOP('',(#9082,#9083,#9084,#9107));
#9082 = ORIENTED_EDGE('',*,*,#7750,.F.);
#9083 = ORIENTED_EDGE('',*,*,#9010,.F.);
#9084 = ORIENTED_EDGE('',*,*,#9085,.T.);
#9085 = EDGE_CURVE('',#8981,#9086,#9088,.T.);
#9086 = VERTEX_POINT('',#9087);
#9087 = CARTESIAN_POINT('',(-58.60382907248,-42.49519052838,0.));
#9088 = SURFACE_CURVE('',#9089,(#9093,#9100),.PCURVE_S1.);
#9089 = LINE('',#9090,#9091);
#9090 = CARTESIAN_POINT('',(-66.85382907248,-28.20577136594,0.));
#9091 = VECTOR('',#9092,1.);
#9092 = DIRECTION('',(0.5,-0.866025403784,0.));
#9093 = PCURVE('',#7766,#9094);
#9094 = DEFINITIONAL_REPRESENTATION('',(#9095),#9099);
#9095 = LINE('',#9096,#9097);
#9096 = CARTESIAN_POINT('',(0.,0.));
#9097 = VECTOR('',#9098,1.);
#9098 = DIRECTION('',(0.,-1.));
#9099 = ( GEOMETRIC_REPRESENTATION_CONTEXT(2) 
PARAMETRIC_REPRESENTATION_CONTEXT() REPRESENTATION_CONTEXT('2D SPACE',''
  ) );
#9100 = PCURVE('',#8770,#9101);
#9101 = DEFINITIONAL_REPRESENTATION('',(#9102),#9106);
#9102 = LINE('',#9103,#9104);
#9103 = CARTESIAN_POINT('',(7.,-2.22044604925E-15));
#9104 = VECTOR('',#9105,1.);
#9105 = DIRECTION('',(0.,1.));
#9106 = ( GEOMETRIC_REPRESENTATION_CONTEXT(2) 
PARAMETRIC_REPRESENTATION_CONTEXT() REPRESENTATION_CONTEXT('2D SPACE',''
  ) );
#9107 = ORIENTED_EDGE('',*,*,#9108,.T.);
#9108 = EDGE_CURVE('',#9086,#7722,#9109,.T.);
#9109 = SURFACE_CURVE('',#9110,(#9114,#9121),.PCURVE_S1.);
#9110 = LINE('',#9111,#9112);
#9111 = CARTESIAN_POINT('',(-58.60382907248,-42.49519052838,0.));
#9112 = VECTOR('',#9113,1.);
#9113 = DIRECTION('',(0.,0.,1.));
#9114 = PCURVE('',#7766,#9115);
#9115 = DEFINITIONAL_REPRESENTATION('',(#9116),#9120);
#9116 = LINE('',#9117,#9118);
#9117 = CARTESIAN_POINT('',(0.,-16.5));
#9118 = VECTOR('',#9119,1.);
#9119 = DIRECTION('',(1.,0.));
#9120 = ( GEOMETRIC_REPRESENTATION_CONTEXT(2) 
PARAMETRIC_REPRESENTATION_CONTEXT() REPRESENTATION_CONTEXT('2D SPACE',''
  ) );
#9121 = PCURVE('',#7738,#9122);
#9122 = DEFINITIONAL_REPRESENTATION('',(#9123),#9127);
#9123 = LINE('',#9124,#9125);
#9124 = CARTESIAN_POINT('',(0.,0.));
#9125 = VECTOR('',#9126,1.);
#9126 = DIRECTION('',(0.,1.));
#9127 = ( GEOMETRIC_REPRESENTATION_CONTEXT(2) 
PARAMETRIC_REPRESENTATION_CONTEXT() REPRESENTATION_CONTEXT('2D SPACE',''
  ) );
#9128 = ADVANCED_FACE('',(#9129),#7738,.T.);
#9129 = FACE_BOUND('',#9130,.T.);
#9130 = EDGE_LOOP('',(#9131,#9153,#9154,#9155));
#9131 = ORIENTED_EDGE('',*,*,#9132,.T.);
#9132 = EDGE_CURVE('',#9086,#9035,#9133,.T.);
#9133 = SURFACE_CURVE('',#9134,(#9139,#9146),.PCURVE_S1.);
#9134 = CIRCLE('',#9135,1.5);
#9135 = AXIS2_PLACEMENT_3D('',#9136,#9137,#9138);
#9136 = CARTESIAN_POINT('',(-57.3047909668,-41.74519052838,0.));
#9137 = DIRECTION('',(0.,0.,1.));
#9138 = DIRECTION('',(-0.5,0.866025403784,0.));
#9139 = PCURVE('',#7738,#9140);
#9140 = DEFINITIONAL_REPRESENTATION('',(#9141),#9145);
#9141 = LINE('',#9142,#9143);
#9142 = CARTESIAN_POINT('',(-1.570796326795,0.));
#9143 = VECTOR('',#9144,1.);
#9144 = DIRECTION('',(1.,0.));
#9145 = ( GEOMETRIC_REPRESENTATION_CONTEXT(2) 
PARAMETRIC_REPRESENTATION_CONTEXT() REPRESENTATION_CONTEXT('2D SPACE',''
  ) );
#9146 = PCURVE('',#8770,#9147);
#9147 = DEFINITIONAL_REPRESENTATION('',(#9148),#9152);
#9148 = CIRCLE('',#9149,1.5);
#9149 = AXIS2_PLACEMENT_2D('',#9150,#9151);
#9150 = CARTESIAN_POINT('',(5.5,16.5));
#9151 = DIRECTION('',(0.,-1.));
#9152 = ( GEOMETRIC_REPRESENTATION_CONTEXT(2) 
PARAMETRIC_REPRESENTATION_CONTEXT() REPRESENTATION_CONTEXT('2D SPACE',''
  ) );
#9153 = ORIENTED_EDGE('',*,*,#9059,.T.);
#9154 = ORIENTED_EDGE('',*,*,#7721,.F.);
#9155 = ORIENTED_EDGE('',*,*,#9108,.F.);
#9156 = ADVANCED_FACE('',(#9157),#7858,.T.);
#9157 = FACE_BOUND('',#9158,.T.);
#9158 = EDGE_LOOP('',(#9159,#9190,#9211,#9212));
#9159 = ORIENTED_EDGE('',*,*,#9160,.T.);
#9160 = EDGE_CURVE('',#9161,#9163,#9165,.T.);
#9161 = VERTEX_POINT('',#9162);
#9162 = CARTESIAN_POINT('',(52.541651245988,-38.99519052838,0.));
#9163 = VERTEX_POINT('',#9164);
#9164 = CARTESIAN_POINT('',(53.090689351665,-41.04422863406,0.));
#9165 = SURFACE_CURVE('',#9166,(#9171,#9178),.PCURVE_S1.);
#9166 = CIRCLE('',#9167,1.5);
#9167 = AXIS2_PLACEMENT_3D('',#9168,#9169,#9170);
#9168 = CARTESIAN_POINT('',(53.840689351665,-39.74519052838,0.));
#9169 = DIRECTION('',(0.,0.,1.));
#9170 = DIRECTION('',(-0.5,-0.866025403784,0.));
#9171 = PCURVE('',#7858,#9172);
#9172 = DEFINITIONAL_REPRESENTATION('',(#9173),#9177);
#9173 = LINE('',#9174,#9175);
#9174 = CARTESIAN_POINT('',(-4.712388980385,0.));
#9175 = VECTOR('',#9176,1.);
#9176 = DIRECTION('',(1.,0.));
#9177 = ( GEOMETRIC_REPRESENTATION_CONTEXT(2) 
PARAMETRIC_REPRESENTATION_CONTEXT() REPRESENTATION_CONTEXT('2D SPACE',''
  ) );
#9178 = PCURVE('',#9179,#9184);
#9179 = PLANE('',#9180);
#9180 = AXIS2_PLACEMENT_3D('',#9181,#9182,#9183);
#9181 = CARTESIAN_POINT('',(51.791651245988,-40.29422863406,0.));
#9182 = DIRECTION('',(0.,0.,1.));
#9183 = DIRECTION('',(0.866025403784,-0.5,0.));
#9184 = DEFINITIONAL_REPRESENTATION('',(#9185),#9189);
#9185 = CIRCLE('',#9186,1.5);
#9186 = AXIS2_PLACEMENT_2D('',#9187,#9188);
#9187 = CARTESIAN_POINT('',(1.5,1.5));
#9188 = DIRECTION('',(0.,-1.));
#9189 = ( GEOMETRIC_REPRESENTATION_CONTEXT(2) 
PARAMETRIC_REPRESENTATION_CONTEXT() REPRESENTATION_CONTEXT('2D SPACE',''
  ) );
#9190 = ORIENTED_EDGE('',*,*,#9191,.T.);
#9191 = EDGE_CURVE('',#9163,#7842,#9192,.T.);
#9192 = SURFACE_CURVE('',#9193,(#9197,#9204),.PCURVE_S1.);
#9193 = LINE('',#9194,#9195);
#9194 = CARTESIAN_POINT('',(53.090689351665,-41.04422863406,0.));
#9195 = VECTOR('',#9196,1.);
#9196 = DIRECTION('',(0.,0.,1.));
#9197 = PCURVE('',#7858,#9198);
#9198 = DEFINITIONAL_REPRESENTATION('',(#9199),#9203);
#9199 = LINE('',#9200,#9201);
#9200 = CARTESIAN_POINT('',(1.570796326795,0.));
#9201 = VECTOR('',#9202,1.);
#9202 = DIRECTION('',(0.,1.));
#9203 = ( GEOMETRIC_REPRESENTATION_CONTEXT(2) 
PARAMETRIC_REPRESENTATION_CONTEXT() REPRESENTATION_CONTEXT('2D SPACE',''
  ) );
#9204 = PCURVE('',#8063,#9205);
#9205 = DEFINITIONAL_REPRESENTATION('',(#9206),#9210);
#9206 = LINE('',#9207,#9208);
#9207 = CARTESIAN_POINT('',(0.,1.5));
#9208 = VECTOR('',#9209,1.);
#9209 = DIRECTION('',(1.,0.));
#9210 = ( GEOMETRIC_REPRESENTATION_CONTEXT(2) 
PARAMETRIC_REPRESENTATION_CONTEXT() REPRESENTATION_CONTEXT('2D SPACE',''
  ) );
#9211 = ORIENTED_EDGE('',*,*,#7839,.F.);
#9212 = ORIENTED_EDGE('',*,*,#9213,.F.);
#9213 = EDGE_CURVE('',#9161,#7840,#9214,.T.);
#9214 = SURFACE_CURVE('',#9215,(#9219,#9226),.PCURVE_S1.);
#9215 = LINE('',#9216,#9217);
#9216 = CARTESIAN_POINT('',(52.541651245988,-38.99519052838,0.));
#9217 = VECTOR('',#9218,1.);
#9218 = DIRECTION('',(0.,0.,1.));
#9219 = PCURVE('',#7858,#9220);
#9220 = DEFINITIONAL_REPRESENTATION('',(#9221),#9225);
#9221 = LINE('',#9222,#9223);
#9222 = CARTESIAN_POINT('',(0.,0.));
#9223 = VECTOR('',#9224,1.);
#9224 = DIRECTION('',(0.,1.));
#9225 = ( GEOMETRIC_REPRESENTATION_CONTEXT(2) 
PARAMETRIC_REPRESENTATION_CONTEXT() REPRESENTATION_CONTEXT('2D SPACE',''
  ) );
#9226 = PCURVE('',#7886,#9227);
#9227 = DEFINITIONAL_REPRESENTATION('',(#9228),#9232);
#9228 = LINE('',#9229,#9230);
#9229 = CARTESIAN_POINT('',(0.,-1.5));
#9230 = VECTOR('',#9231,1.);
#9231 = DIRECTION('',(1.,0.));
#9232 = ( GEOMETRIC_REPRESENTATION_CONTEXT(2) 
PARAMETRIC_REPRESENTATION_CONTEXT() REPRESENTATION_CONTEXT('2D SPACE',''
  ) );
#9233 = ADVANCED_FACE('',(#9234),#7886,.F.);
#9234 = FACE_BOUND('',#9235,.F.);
#9235 = EDGE_LOOP('',(#9236,#9237,#9238,#9261));
#9236 = ORIENTED_EDGE('',*,*,#7870,.F.);
#9237 = ORIENTED_EDGE('',*,*,#9213,.F.);
#9238 = ORIENTED_EDGE('',*,*,#9239,.T.);
#9239 = EDGE_CURVE('',#9161,#9240,#9242,.T.);
#9240 = VERTEX_POINT('',#9241);
#9241 = CARTESIAN_POINT('',(60.041651245989,-26.00480947161,0.));
#9242 = SURFACE_CURVE('',#9243,(#9247,#9254),.PCURVE_S1.);
#9243 = LINE('',#9244,#9245);
#9244 = CARTESIAN_POINT('',(51.791651245988,-40.29422863406,0.));
#9245 = VECTOR('',#9246,1.);
#9246 = DIRECTION('',(0.5,0.866025403784,0.));
#9247 = PCURVE('',#7886,#9248);
#9248 = DEFINITIONAL_REPRESENTATION('',(#9249),#9253);
#9249 = LINE('',#9250,#9251);
#9250 = CARTESIAN_POINT('',(0.,0.));
#9251 = VECTOR('',#9252,1.);
#9252 = DIRECTION('',(0.,-1.));
#9253 = ( GEOMETRIC_REPRESENTATION_CONTEXT(2) 
PARAMETRIC_REPRESENTATION_CONTEXT() REPRESENTATION_CONTEXT('2D SPACE',''
  ) );
#9254 = PCURVE('',#9179,#9255);
#9255 = DEFINITIONAL_REPRESENTATION('',(#9256),#9260);
#9256 = LINE('',#9257,#9258);
#9257 = CARTESIAN_POINT('',(0.,0.));
#9258 = VECTOR('',#9259,1.);
#9259 = DIRECTION('',(0.,1.));
#9260 = ( GEOMETRIC_REPRESENTATION_CONTEXT(2) 
PARAMETRIC_REPRESENTATION_CONTEXT() REPRESENTATION_CONTEXT('2D SPACE',''
  ) );
#9261 = ORIENTED_EDGE('',*,*,#9262,.T.);
#9262 = EDGE_CURVE('',#9240,#7871,#9263,.T.);
#9263 = SURFACE_CURVE('',#9264,(#9268,#9275),.PCURVE_S1.);
#9264 = LINE('',#9265,#9266);
#9265 = CARTESIAN_POINT('',(60.041651245989,-26.00480947161,0.));
#9266 = VECTOR('',#9267,1.);
#9267 = DIRECTION('',(0.,0.,1.));
#9268 = PCURVE('',#7886,#9269);
#9269 = DEFINITIONAL_REPRESENTATION('',(#9270),#9274);
#9270 = LINE('',#9271,#9272);
#9271 = CARTESIAN_POINT('',(0.,-16.5));
#9272 = VECTOR('',#9273,1.);
#9273 = DIRECTION('',(1.,0.));
#9274 = ( GEOMETRIC_REPRESENTATION_CONTEXT(2) 
PARAMETRIC_REPRESENTATION_CONTEXT() REPRESENTATION_CONTEXT('2D SPACE',''
  ) );
#9275 = PCURVE('',#7919,#9276);
#9276 = DEFINITIONAL_REPRESENTATION('',(#9277),#9281);
#9277 = LINE('',#9278,#9279);
#9278 = CARTESIAN_POINT('',(-0.,0.));
#9279 = VECTOR('',#9280,1.);
#9280 = DIRECTION('',(-0.,1.));
#9281 = ( GEOMETRIC_REPRESENTATION_CONTEXT(2) 
PARAMETRIC_REPRESENTATION_CONTEXT() REPRESENTATION_CONTEXT('2D SPACE',''
  ) );
#9282 = ADVANCED_FACE('',(#9283),#8063,.F.);
#9283 = FACE_BOUND('',#9284,.F.);
#9284 = EDGE_LOOP('',(#9285,#9308,#9309,#9310));
#9285 = ORIENTED_EDGE('',*,*,#9286,.F.);
#9286 = EDGE_CURVE('',#9163,#9287,#9289,.T.);
#9287 = VERTEX_POINT('',#9288);
#9288 = CARTESIAN_POINT('',(56.554790966803,-43.04422863406,0.));
#9289 = SURFACE_CURVE('',#9290,(#9294,#9301),.PCURVE_S1.);
#9290 = LINE('',#9291,#9292);
#9291 = CARTESIAN_POINT('',(51.791651245988,-40.29422863406,0.));
#9292 = VECTOR('',#9293,1.);
#9293 = DIRECTION('',(0.866025403784,-0.5,0.));
#9294 = PCURVE('',#8063,#9295);
#9295 = DEFINITIONAL_REPRESENTATION('',(#9296),#9300);
#9296 = LINE('',#9297,#9298);
#9297 = CARTESIAN_POINT('',(0.,0.));
#9298 = VECTOR('',#9299,1.);
#9299 = DIRECTION('',(0.,1.));
#9300 = ( GEOMETRIC_REPRESENTATION_CONTEXT(2) 
PARAMETRIC_REPRESENTATION_CONTEXT() REPRESENTATION_CONTEXT('2D SPACE',''
  ) );
#9301 = PCURVE('',#9179,#9302);
#9302 = DEFINITIONAL_REPRESENTATION('',(#9303),#9307);
#9303 = LINE('',#9304,#9305);
#9304 = CARTESIAN_POINT('',(0.,0.));
#9305 = VECTOR('',#9306,1.);
#9306 = DIRECTION('',(1.,0.));
#9307 = ( GEOMETRIC_REPRESENTATION_CONTEXT(2) 
PARAMETRIC_REPRESENTATION_CONTEXT() REPRESENTATION_CONTEXT('2D SPACE',''
  ) );
#9308 = ORIENTED_EDGE('',*,*,#9191,.T.);
#9309 = ORIENTED_EDGE('',*,*,#8049,.T.);
#9310 = ORIENTED_EDGE('',*,*,#9311,.F.);
#9311 = EDGE_CURVE('',#9287,#8017,#9312,.T.);
#9312 = SURFACE_CURVE('',#9313,(#9317,#9324),.PCURVE_S1.);
#9313 = LINE('',#9314,#9315);
#9314 = CARTESIAN_POINT('',(56.554790966803,-43.04422863406,0.));
#9315 = VECTOR('',#9316,1.);
#9316 = DIRECTION('',(0.,0.,1.));
#9317 = PCURVE('',#8063,#9318);
#9318 = DEFINITIONAL_REPRESENTATION('',(#9319),#9323);
#9319 = LINE('',#9320,#9321);
#9320 = CARTESIAN_POINT('',(0.,5.5));
#9321 = VECTOR('',#9322,1.);
#9322 = DIRECTION('',(1.,0.));
#9323 = ( GEOMETRIC_REPRESENTATION_CONTEXT(2) 
PARAMETRIC_REPRESENTATION_CONTEXT() REPRESENTATION_CONTEXT('2D SPACE',''
  ) );
#9324 = PCURVE('',#8037,#9325);
#9325 = DEFINITIONAL_REPRESENTATION('',(#9326),#9330);
#9326 = LINE('',#9327,#9328);
#9327 = CARTESIAN_POINT('',(-1.570796326795,0.));
#9328 = VECTOR('',#9329,1.);
#9329 = DIRECTION('',(-0.,1.));
#9330 = ( GEOMETRIC_REPRESENTATION_CONTEXT(2) 
PARAMETRIC_REPRESENTATION_CONTEXT() REPRESENTATION_CONTEXT('2D SPACE',''
  ) );
#9331 = ADVANCED_FACE('',(#9332),#7919,.T.);
#9332 = FACE_BOUND('',#9333,.F.);
#9333 = EDGE_LOOP('',(#9334,#9362,#9383,#9384));
#9334 = ORIENTED_EDGE('',*,*,#9335,.T.);
#9335 = EDGE_CURVE('',#9240,#9336,#9338,.T.);
#9336 = VERTEX_POINT('',#9337);
#9337 = CARTESIAN_POINT('',(62.090689351665,-25.45577136594,0.));
#9338 = SURFACE_CURVE('',#9339,(#9344,#9351),.PCURVE_S1.);
#9339 = CIRCLE('',#9340,1.5);
#9340 = AXIS2_PLACEMENT_3D('',#9341,#9342,#9343);
#9341 = CARTESIAN_POINT('',(61.340689351665,-26.75480947161,0.));
#9342 = DIRECTION('',(-0.,0.,-1.));
#9343 = DIRECTION('',(-0.5,-0.866025403784,0.));
#9344 = PCURVE('',#7919,#9345);
#9345 = DEFINITIONAL_REPRESENTATION('',(#9346),#9350);
#9346 = LINE('',#9347,#9348);
#9347 = CARTESIAN_POINT('',(1.570796326795,-0.));
#9348 = VECTOR('',#9349,1.);
#9349 = DIRECTION('',(-1.,0.));
#9350 = ( GEOMETRIC_REPRESENTATION_CONTEXT(2) 
PARAMETRIC_REPRESENTATION_CONTEXT() REPRESENTATION_CONTEXT('2D SPACE',''
  ) );
#9351 = PCURVE('',#9179,#9352);
#9352 = DEFINITIONAL_REPRESENTATION('',(#9353),#9361);
#9353 = ( BOUNDED_CURVE() B_SPLINE_CURVE(2,(#9354,#9355,#9356,#9357,
#9358,#9359,#9360),.UNSPECIFIED.,.T.,.F.) B_SPLINE_CURVE_WITH_KNOTS((1,2
    ,2,2,2,1),(-2.094395102393,0.,2.094395102393,4.188790204786,
6.28318530718,8.377580409573),.UNSPECIFIED.) CURVE() 
GEOMETRIC_REPRESENTATION_ITEM() RATIONAL_B_SPLINE_CURVE((1.,0.5,1.,0.5,
1.,0.5,1.)) REPRESENTATION_ITEM('') );
#9354 = CARTESIAN_POINT('',(1.5,15.));
#9355 = CARTESIAN_POINT('',(-1.098076211353,15.));
#9356 = CARTESIAN_POINT('',(0.200961894323,17.25));
#9357 = CARTESIAN_POINT('',(1.5,19.5));
#9358 = CARTESIAN_POINT('',(2.799038105677,17.25));
#9359 = CARTESIAN_POINT('',(4.098076211353,15.));
#9360 = CARTESIAN_POINT('',(1.5,15.));
#9361 = ( GEOMETRIC_REPRESENTATION_CONTEXT(2) 
PARAMETRIC_REPRESENTATION_CONTEXT() REPRESENTATION_CONTEXT('2D SPACE',''
  ) );
#9362 = ORIENTED_EDGE('',*,*,#9363,.T.);
#9363 = EDGE_CURVE('',#9336,#7899,#9364,.T.);
#9364 = SURFACE_CURVE('',#9365,(#9369,#9376),.PCURVE_S1.);
#9365 = LINE('',#9366,#9367);
#9366 = CARTESIAN_POINT('',(62.090689351665,-25.45577136594,0.));
#9367 = VECTOR('',#9368,1.);
#9368 = DIRECTION('',(0.,0.,1.));
#9369 = PCURVE('',#7919,#9370);
#9370 = DEFINITIONAL_REPRESENTATION('',(#9371),#9375);
#9371 = LINE('',#9372,#9373);
#9372 = CARTESIAN_POINT('',(-1.570796326795,0.));
#9373 = VECTOR('',#9374,1.);
#9374 = DIRECTION('',(-0.,1.));
#9375 = ( GEOMETRIC_REPRESENTATION_CONTEXT(2) 
PARAMETRIC_REPRESENTATION_CONTEXT() REPRESENTATION_CONTEXT('2D SPACE',''
  ) );
#9376 = PCURVE('',#7947,#9377);
#9377 = DEFINITIONAL_REPRESENTATION('',(#9378),#9382);
#9378 = LINE('',#9379,#9380);
#9379 = CARTESIAN_POINT('',(0.,1.5));
#9380 = VECTOR('',#9381,1.);
#9381 = DIRECTION('',(1.,0.));
#9382 = ( GEOMETRIC_REPRESENTATION_CONTEXT(2) 
PARAMETRIC_REPRESENTATION_CONTEXT() REPRESENTATION_CONTEXT('2D SPACE',''
  ) );
#9383 = ORIENTED_EDGE('',*,*,#7898,.F.);
#9384 = ORIENTED_EDGE('',*,*,#9262,.F.);
#9385 = ADVANCED_FACE('',(#9386),#8037,.T.);
#9386 = FACE_BOUND('',#9387,.F.);
#9387 = EDGE_LOOP('',(#9388,#9416,#9417,#9418));
#9388 = ORIENTED_EDGE('',*,*,#9389,.T.);
#9389 = EDGE_CURVE('',#9390,#9287,#9392,.T.);
#9390 = VERTEX_POINT('',#9391);
#9391 = CARTESIAN_POINT('',(58.60382907248,-42.49519052838,0.));
#9392 = SURFACE_CURVE('',#9393,(#9398,#9405),.PCURVE_S1.);
#9393 = CIRCLE('',#9394,1.5);
#9394 = AXIS2_PLACEMENT_3D('',#9395,#9396,#9397);
#9395 = CARTESIAN_POINT('',(57.304790966803,-41.74519052838,0.));
#9396 = DIRECTION('',(-0.,0.,-1.));
#9397 = DIRECTION('',(-0.5,-0.866025403784,0.));
#9398 = PCURVE('',#8037,#9399);
#9399 = DEFINITIONAL_REPRESENTATION('',(#9400),#9404);
#9400 = LINE('',#9401,#9402);
#9401 = CARTESIAN_POINT('',(4.712388980385,-0.));
#9402 = VECTOR('',#9403,1.);
#9403 = DIRECTION('',(-1.,0.));
#9404 = ( GEOMETRIC_REPRESENTATION_CONTEXT(2) 
PARAMETRIC_REPRESENTATION_CONTEXT() REPRESENTATION_CONTEXT('2D SPACE',''
  ) );
#9405 = PCURVE('',#9179,#9406);
#9406 = DEFINITIONAL_REPRESENTATION('',(#9407),#9415);
#9407 = ( BOUNDED_CURVE() B_SPLINE_CURVE(2,(#9408,#9409,#9410,#9411,
#9412,#9413,#9414),.UNSPECIFIED.,.T.,.F.) B_SPLINE_CURVE_WITH_KNOTS((1,2
    ,2,2,2,1),(-2.094395102393,0.,2.094395102393,4.188790204786,
6.28318530718,8.377580409573),.UNSPECIFIED.) CURVE() 
GEOMETRIC_REPRESENTATION_ITEM() RATIONAL_B_SPLINE_CURVE((1.,0.5,1.,0.5,
1.,0.5,1.)) REPRESENTATION_ITEM('') );
#9408 = CARTESIAN_POINT('',(5.5,8.881784197001E-16));
#9409 = CARTESIAN_POINT('',(2.901923788647,8.881784197001E-16));
#9410 = CARTESIAN_POINT('',(4.200961894323,2.25));
#9411 = CARTESIAN_POINT('',(5.5,4.5));
#9412 = CARTESIAN_POINT('',(6.799038105677,2.25));
#9413 = CARTESIAN_POINT('',(8.098076211353,3.10862446895E-15));
#9414 = CARTESIAN_POINT('',(5.5,8.881784197001E-16));
#9415 = ( GEOMETRIC_REPRESENTATION_CONTEXT(2) 
PARAMETRIC_REPRESENTATION_CONTEXT() REPRESENTATION_CONTEXT('2D SPACE',''
  ) );
#9416 = ORIENTED_EDGE('',*,*,#9311,.T.);
#9417 = ORIENTED_EDGE('',*,*,#8016,.F.);
#9418 = ORIENTED_EDGE('',*,*,#9419,.F.);
#9419 = EDGE_CURVE('',#9390,#7989,#9420,.T.);
#9420 = SURFACE_CURVE('',#9421,(#9425,#9432),.PCURVE_S1.);
#9421 = LINE('',#9422,#9423);
#9422 = CARTESIAN_POINT('',(58.60382907248,-42.49519052838,0.));
#9423 = VECTOR('',#9424,1.);
#9424 = DIRECTION('',(0.,0.,1.));
#9425 = PCURVE('',#8037,#9426);
#9426 = DEFINITIONAL_REPRESENTATION('',(#9427),#9431);
#9427 = LINE('',#9428,#9429);
#9428 = CARTESIAN_POINT('',(-0.,0.));
#9429 = VECTOR('',#9430,1.);
#9430 = DIRECTION('',(-0.,1.));
#9431 = ( GEOMETRIC_REPRESENTATION_CONTEXT(2) 
PARAMETRIC_REPRESENTATION_CONTEXT() REPRESENTATION_CONTEXT('2D SPACE',''
  ) );
#9432 = PCURVE('',#8004,#9433);
#9433 = DEFINITIONAL_REPRESENTATION('',(#9434),#9438);
#9434 = LINE('',#9435,#9436);
#9435 = CARTESIAN_POINT('',(0.,-1.5));
#9436 = VECTOR('',#9437,1.);
#9437 = DIRECTION('',(1.,0.));
#9438 = ( GEOMETRIC_REPRESENTATION_CONTEXT(2) 
PARAMETRIC_REPRESENTATION_CONTEXT() REPRESENTATION_CONTEXT('2D SPACE',''
  ) );
#9439 = ADVANCED_FACE('',(#9440),#7947,.T.);
#9440 = FACE_BOUND('',#9441,.T.);
#9441 = EDGE_LOOP('',(#9442,#9465,#9466,#9467));
#9442 = ORIENTED_EDGE('',*,*,#9443,.F.);
#9443 = EDGE_CURVE('',#9336,#9444,#9446,.T.);
#9444 = VERTEX_POINT('',#9445);
#9445 = CARTESIAN_POINT('',(65.554790966803,-27.45577136594,0.));
#9446 = SURFACE_CURVE('',#9447,(#9451,#9458),.PCURVE_S1.);
#9447 = LINE('',#9448,#9449);
#9448 = CARTESIAN_POINT('',(60.791651245989,-24.70577136594,0.));
#9449 = VECTOR('',#9450,1.);
#9450 = DIRECTION('',(0.866025403784,-0.5,0.));
#9451 = PCURVE('',#7947,#9452);
#9452 = DEFINITIONAL_REPRESENTATION('',(#9453),#9457);
#9453 = LINE('',#9454,#9455);
#9454 = CARTESIAN_POINT('',(0.,0.));
#9455 = VECTOR('',#9456,1.);
#9456 = DIRECTION('',(0.,1.));
#9457 = ( GEOMETRIC_REPRESENTATION_CONTEXT(2) 
PARAMETRIC_REPRESENTATION_CONTEXT() REPRESENTATION_CONTEXT('2D SPACE',''
  ) );
#9458 = PCURVE('',#9179,#9459);
#9459 = DEFINITIONAL_REPRESENTATION('',(#9460),#9464);
#9460 = LINE('',#9461,#9462);
#9461 = CARTESIAN_POINT('',(4.440892098501E-15,18.));
#9462 = VECTOR('',#9463,1.);
#9463 = DIRECTION('',(1.,0.));
#9464 = ( GEOMETRIC_REPRESENTATION_CONTEXT(2) 
PARAMETRIC_REPRESENTATION_CONTEXT() REPRESENTATION_CONTEXT('2D SPACE',''
  ) );
#9465 = ORIENTED_EDGE('',*,*,#9363,.T.);
#9466 = ORIENTED_EDGE('',*,*,#7931,.T.);
#9467 = ORIENTED_EDGE('',*,*,#9468,.F.);
#9468 = EDGE_CURVE('',#9444,#7932,#9469,.T.);
#9469 = SURFACE_CURVE('',#9470,(#9474,#9481),.PCURVE_S1.);
#9470 = LINE('',#9471,#9472);
#9471 = CARTESIAN_POINT('',(65.554790966803,-27.45577136594,0.));
#9472 = VECTOR('',#9473,1.);
#9473 = DIRECTION('',(0.,0.,1.));
#9474 = PCURVE('',#7947,#9475);
#9475 = DEFINITIONAL_REPRESENTATION('',(#9476),#9480);
#9476 = LINE('',#9477,#9478);
#9477 = CARTESIAN_POINT('',(0.,5.5));
#9478 = VECTOR('',#9479,1.);
#9479 = DIRECTION('',(1.,0.));
#9480 = ( GEOMETRIC_REPRESENTATION_CONTEXT(2) 
PARAMETRIC_REPRESENTATION_CONTEXT() REPRESENTATION_CONTEXT('2D SPACE',''
  ) );
#9481 = PCURVE('',#7976,#9482);
#9482 = DEFINITIONAL_REPRESENTATION('',(#9483),#9487);
#9483 = LINE('',#9484,#9485);
#9484 = CARTESIAN_POINT('',(1.570796326795,0.));
#9485 = VECTOR('',#9486,1.);
#9486 = DIRECTION('',(0.,1.));
#9487 = ( GEOMETRIC_REPRESENTATION_CONTEXT(2) 
PARAMETRIC_REPRESENTATION_CONTEXT() REPRESENTATION_CONTEXT('2D SPACE',''
  ) );
#9488 = ADVANCED_FACE('',(#9489),#8004,.T.);
#9489 = FACE_BOUND('',#9490,.T.);
#9490 = EDGE_LOOP('',(#9491,#9492,#9493,#9516));
#9491 = ORIENTED_EDGE('',*,*,#7988,.F.);
#9492 = ORIENTED_EDGE('',*,*,#9419,.F.);
#9493 = ORIENTED_EDGE('',*,*,#9494,.T.);
#9494 = EDGE_CURVE('',#9390,#9495,#9497,.T.);
#9495 = VERTEX_POINT('',#9496);
#9496 = CARTESIAN_POINT('',(66.10382907248,-29.50480947161,0.));
#9497 = SURFACE_CURVE('',#9498,(#9502,#9509),.PCURVE_S1.);
#9498 = LINE('',#9499,#9500);
#9499 = CARTESIAN_POINT('',(57.85382907248,-43.79422863406,0.));
#9500 = VECTOR('',#9501,1.);
#9501 = DIRECTION('',(0.5,0.866025403784,0.));
#9502 = PCURVE('',#8004,#9503);
#9503 = DEFINITIONAL_REPRESENTATION('',(#9504),#9508);
#9504 = LINE('',#9505,#9506);
#9505 = CARTESIAN_POINT('',(0.,0.));
#9506 = VECTOR('',#9507,1.);
#9507 = DIRECTION('',(0.,-1.));
#9508 = ( GEOMETRIC_REPRESENTATION_CONTEXT(2) 
PARAMETRIC_REPRESENTATION_CONTEXT() REPRESENTATION_CONTEXT('2D SPACE',''
  ) );
#9509 = PCURVE('',#9179,#9510);
#9510 = DEFINITIONAL_REPRESENTATION('',(#9511),#9515);
#9511 = LINE('',#9512,#9513);
#9512 = CARTESIAN_POINT('',(7.,1.33226762955E-15));
#9513 = VECTOR('',#9514,1.);
#9514 = DIRECTION('',(0.,1.));
#9515 = ( GEOMETRIC_REPRESENTATION_CONTEXT(2) 
PARAMETRIC_REPRESENTATION_CONTEXT() REPRESENTATION_CONTEXT('2D SPACE',''
  ) );
#9516 = ORIENTED_EDGE('',*,*,#9517,.T.);
#9517 = EDGE_CURVE('',#9495,#7960,#9518,.T.);
#9518 = SURFACE_CURVE('',#9519,(#9523,#9530),.PCURVE_S1.);
#9519 = LINE('',#9520,#9521);
#9520 = CARTESIAN_POINT('',(66.10382907248,-29.50480947161,0.));
#9521 = VECTOR('',#9522,1.);
#9522 = DIRECTION('',(0.,0.,1.));
#9523 = PCURVE('',#8004,#9524);
#9524 = DEFINITIONAL_REPRESENTATION('',(#9525),#9529);
#9525 = LINE('',#9526,#9527);
#9526 = CARTESIAN_POINT('',(0.,-16.5));
#9527 = VECTOR('',#9528,1.);
#9528 = DIRECTION('',(1.,0.));
#9529 = ( GEOMETRIC_REPRESENTATION_CONTEXT(2) 
PARAMETRIC_REPRESENTATION_CONTEXT() REPRESENTATION_CONTEXT('2D SPACE',''
  ) );
#9530 = PCURVE('',#7976,#9531);
#9531 = DEFINITIONAL_REPRESENTATION('',(#9532),#9536);
#9532 = LINE('',#9533,#9534);
#9533 = CARTESIAN_POINT('',(0.,0.));
#9534 = VECTOR('',#9535,1.);
#9535 = DIRECTION('',(0.,1.));
#9536 = ( GEOMETRIC_REPRESENTATION_CONTEXT(2) 
PARAMETRIC_REPRESENTATION_CONTEXT() REPRESENTATION_CONTEXT('2D SPACE',''
  ) );
#9537 = ADVANCED_FACE('',(#9538),#7976,.T.);
#9538 = FACE_BOUND('',#9539,.T.);
#9539 = EDGE_LOOP('',(#9540,#9562,#9563,#9564));
#9540 = ORIENTED_EDGE('',*,*,#9541,.T.);
#9541 = EDGE_CURVE('',#9495,#9444,#9542,.T.);
#9542 = SURFACE_CURVE('',#9543,(#9548,#9555),.PCURVE_S1.);
#9543 = CIRCLE('',#9544,1.5);
#9544 = AXIS2_PLACEMENT_3D('',#9545,#9546,#9547);
#9545 = CARTESIAN_POINT('',(64.804790966803,-28.75480947161,0.));
#9546 = DIRECTION('',(0.,0.,1.));
#9547 = DIRECTION('',(-0.5,-0.866025403784,0.));
#9548 = PCURVE('',#7976,#9549);
#9549 = DEFINITIONAL_REPRESENTATION('',(#9550),#9554);
#9550 = LINE('',#9551,#9552);
#9551 = CARTESIAN_POINT('',(-1.570796326795,0.));
#9552 = VECTOR('',#9553,1.);
#9553 = DIRECTION('',(1.,0.));
#9554 = ( GEOMETRIC_REPRESENTATION_CONTEXT(2) 
PARAMETRIC_REPRESENTATION_CONTEXT() REPRESENTATION_CONTEXT('2D SPACE',''
  ) );
#9555 = PCURVE('',#9179,#9556);
#9556 = DEFINITIONAL_REPRESENTATION('',(#9557),#9561);
#9557 = CIRCLE('',#9558,1.5);
#9558 = AXIS2_PLACEMENT_2D('',#9559,#9560);
#9559 = CARTESIAN_POINT('',(5.5,16.5));
#9560 = DIRECTION('',(0.,-1.));
#9561 = ( GEOMETRIC_REPRESENTATION_CONTEXT(2) 
PARAMETRIC_REPRESENTATION_CONTEXT() REPRESENTATION_CONTEXT('2D SPACE',''
  ) );
#9562 = ORIENTED_EDGE('',*,*,#9468,.T.);
#9563 = ORIENTED_EDGE('',*,*,#7959,.F.);
#9564 = ORIENTED_EDGE('',*,*,#9517,.F.);
#9565 = ADVANCED_FACE('',(#9566),#8098,.F.);
#9566 = FACE_BOUND('',#9567,.T.);
#9567 = EDGE_LOOP('',(#9568,#9569,#9590,#9591));
#9568 = ORIENTED_EDGE('',*,*,#8077,.T.);
#9569 = ORIENTED_EDGE('',*,*,#9570,.T.);
#9570 = EDGE_CURVE('',#8078,#8551,#9571,.T.);
#9571 = SEAM_CURVE('',#9572,(#9576,#9583),.PCURVE_S1.);
#9572 = LINE('',#9573,#9574);
#9573 = CARTESIAN_POINT('',(84.,0.,-1.));
#9574 = VECTOR('',#9575,1.);
#9575 = DIRECTION('',(0.,0.,1.));
#9576 = PCURVE('',#8098,#9577);
#9577 = DEFINITIONAL_REPRESENTATION('',(#9578),#9582);
#9578 = LINE('',#9579,#9580);
#9579 = CARTESIAN_POINT('',(-6.28318530718,0.));
#9580 = VECTOR('',#9581,1.);
#9581 = DIRECTION('',(-0.,-1.));
#9582 = ( GEOMETRIC_REPRESENTATION_CONTEXT(2) 
PARAMETRIC_REPRESENTATION_CONTEXT() REPRESENTATION_CONTEXT('2D SPACE',''
  ) );
#9583 = PCURVE('',#8098,#9584);
#9584 = DEFINITIONAL_REPRESENTATION('',(#9585),#9589);
#9585 = LINE('',#9586,#9587);
#9586 = CARTESIAN_POINT('',(-0.,0.));
#9587 = VECTOR('',#9588,1.);
#9588 = DIRECTION('',(-0.,-1.));
#9589 = ( GEOMETRIC_REPRESENTATION_CONTEXT(2) 
PARAMETRIC_REPRESENTATION_CONTEXT() REPRESENTATION_CONTEXT('2D SPACE',''
  ) );
#9590 = ORIENTED_EDGE('',*,*,#8550,.F.);
#9591 = ORIENTED_EDGE('',*,*,#9570,.F.);
#9592 = ADVANCED_FACE('',(#9593),#8133,.F.);
#9593 = FACE_BOUND('',#9594,.T.);
#9594 = EDGE_LOOP('',(#9595,#9596,#9617,#9618));
#9595 = ORIENTED_EDGE('',*,*,#8112,.T.);
#9596 = ORIENTED_EDGE('',*,*,#9597,.T.);
#9597 = EDGE_CURVE('',#8113,#8581,#9598,.T.);
#9598 = SEAM_CURVE('',#9599,(#9603,#9610),.PCURVE_S1.);
#9599 = LINE('',#9600,#9601);
#9600 = CARTESIAN_POINT('',(-55.72370205355,33.5,-1.));
#9601 = VECTOR('',#9602,1.);
#9602 = DIRECTION('',(0.,0.,1.));
#9603 = PCURVE('',#8133,#9604);
#9604 = DEFINITIONAL_REPRESENTATION('',(#9605),#9609);
#9605 = LINE('',#9606,#9607);
#9606 = CARTESIAN_POINT('',(-6.28318530718,0.));
#9607 = VECTOR('',#9608,1.);
#9608 = DIRECTION('',(-0.,-1.));
#9609 = ( GEOMETRIC_REPRESENTATION_CONTEXT(2) 
PARAMETRIC_REPRESENTATION_CONTEXT() REPRESENTATION_CONTEXT('2D SPACE',''
  ) );
#9610 = PCURVE('',#8133,#9611);
#9611 = DEFINITIONAL_REPRESENTATION('',(#9612),#9616);
#9612 = LINE('',#9613,#9614);
#9613 = CARTESIAN_POINT('',(-0.,0.));
#9614 = VECTOR('',#9615,1.);
#9615 = DIRECTION('',(-0.,-1.));
#9616 = ( GEOMETRIC_REPRESENTATION_CONTEXT(2) 
PARAMETRIC_REPRESENTATION_CONTEXT() REPRESENTATION_CONTEXT('2D SPACE',''
  ) );
#9617 = ORIENTED_EDGE('',*,*,#8580,.F.);
#9618 = ORIENTED_EDGE('',*,*,#9597,.F.);
#9619 = ADVANCED_FACE('',(#9620),#8164,.F.);
#9620 = FACE_BOUND('',#9621,.T.);
#9621 = EDGE_LOOP('',(#9622,#9643,#9644,#9645));
#9622 = ORIENTED_EDGE('',*,*,#9623,.T.);
#9623 = EDGE_CURVE('',#8148,#8611,#9624,.T.);
#9624 = SEAM_CURVE('',#9625,(#9629,#9636),.PCURVE_S1.);
#9625 = LINE('',#9626,#9627);
#9626 = CARTESIAN_POINT('',(45.,4.786814219858E-15,6.));
#9627 = VECTOR('',#9628,1.);
#9628 = DIRECTION('',(0.,0.,1.));
#9629 = PCURVE('',#8164,#9630);
#9630 = DEFINITIONAL_REPRESENTATION('',(#9631),#9635);
#9631 = LINE('',#9632,#9633);
#9632 = CARTESIAN_POINT('',(-0.,0.));
#9633 = VECTOR('',#9634,1.);
#9634 = DIRECTION('',(-0.,-1.));
#9635 = ( GEOMETRIC_REPRESENTATION_CONTEXT(2) 
PARAMETRIC_REPRESENTATION_CONTEXT() REPRESENTATION_CONTEXT('2D SPACE',''
  ) );
#9636 = PCURVE('',#8164,#9637);
#9637 = DEFINITIONAL_REPRESENTATION('',(#9638),#9642);
#9638 = LINE('',#9639,#9640);
#9639 = CARTESIAN_POINT('',(-6.28318530718,0.));
#9640 = VECTOR('',#9641,1.);
#9641 = DIRECTION('',(-0.,-1.));
#9642 = ( GEOMETRIC_REPRESENTATION_CONTEXT(2) 
PARAMETRIC_REPRESENTATION_CONTEXT() REPRESENTATION_CONTEXT('2D SPACE',''
  ) );
#9643 = ORIENTED_EDGE('',*,*,#8610,.T.);
#9644 = ORIENTED_EDGE('',*,*,#9623,.F.);
#9645 = ORIENTED_EDGE('',*,*,#8147,.F.);
#9646 = ADVANCED_FACE('',(#9647),#8199,.F.);
#9647 = FACE_BOUND('',#9648,.T.);
#9648 = EDGE_LOOP('',(#9649,#9650,#9671,#9672));
#9649 = ORIENTED_EDGE('',*,*,#8178,.T.);
#9650 = ORIENTED_EDGE('',*,*,#9651,.T.);
#9651 = EDGE_CURVE('',#8179,#8637,#9652,.T.);
#9652 = SEAM_CURVE('',#9653,(#9657,#9664),.PCURVE_S1.);
#9653 = LINE('',#9654,#9655);
#9654 = CARTESIAN_POINT('',(-39.,71.014083110324,-1.));
#9655 = VECTOR('',#9656,1.);
#9656 = DIRECTION('',(0.,0.,1.));
#9657 = PCURVE('',#8199,#9658);
#9658 = DEFINITIONAL_REPRESENTATION('',(#9659),#9663);
#9659 = LINE('',#9660,#9661);
#9660 = CARTESIAN_POINT('',(-6.28318530718,0.));
#9661 = VECTOR('',#9662,1.);
#9662 = DIRECTION('',(-0.,-1.));
#9663 = ( GEOMETRIC_REPRESENTATION_CONTEXT(2) 
PARAMETRIC_REPRESENTATION_CONTEXT() REPRESENTATION_CONTEXT('2D SPACE',''
  ) );
#9664 = PCURVE('',#8199,#9665);
#9665 = DEFINITIONAL_REPRESENTATION('',(#9666),#9670);
#9666 = LINE('',#9667,#9668);
#9667 = CARTESIAN_POINT('',(-0.,0.));
#9668 = VECTOR('',#9669,1.);
#9669 = DIRECTION('',(-0.,-1.));
#9670 = ( GEOMETRIC_REPRESENTATION_CONTEXT(2) 
PARAMETRIC_REPRESENTATION_CONTEXT() REPRESENTATION_CONTEXT('2D SPACE',''
  ) );
#9671 = ORIENTED_EDGE('',*,*,#8636,.F.);
#9672 = ORIENTED_EDGE('',*,*,#9651,.F.);
#9673 = ADVANCED_FACE('',(#9674),#8232,.T.);
#9674 = FACE_BOUND('',#9675,.T.);
#9675 = EDGE_LOOP('',(#9676,#9707,#9728,#9729));
#9676 = ORIENTED_EDGE('',*,*,#9677,.T.);
#9677 = EDGE_CURVE('',#9678,#9680,#9682,.T.);
#9678 = VERTEX_POINT('',#9679);
#9679 = CARTESIAN_POINT('',(7.5,65.,0.));
#9680 = VERTEX_POINT('',#9681);
#9681 = CARTESIAN_POINT('',(9.,66.5,0.));
#9682 = SURFACE_CURVE('',#9683,(#9688,#9695),.PCURVE_S1.);
#9683 = CIRCLE('',#9684,1.5);
#9684 = AXIS2_PLACEMENT_3D('',#9685,#9686,#9687);
#9685 = CARTESIAN_POINT('',(7.5,66.5,0.));
#9686 = DIRECTION('',(-0.,0.,1.));
#9687 = DIRECTION('',(1.,-1.110223024625E-16,0.));
#9688 = PCURVE('',#8232,#9689);
#9689 = DEFINITIONAL_REPRESENTATION('',(#9690),#9694);
#9690 = LINE('',#9691,#9692);
#9691 = CARTESIAN_POINT('',(-4.712388980385,0.));
#9692 = VECTOR('',#9693,1.);
#9693 = DIRECTION('',(1.,0.));
#9694 = ( GEOMETRIC_REPRESENTATION_CONTEXT(2) 
PARAMETRIC_REPRESENTATION_CONTEXT() REPRESENTATION_CONTEXT('2D SPACE',''
  ) );
#9695 = PCURVE('',#9696,#9701);
#9696 = PLANE('',#9697);
#9697 = AXIS2_PLACEMENT_3D('',#9698,#9699,#9700);
#9698 = CARTESIAN_POINT('',(9.,65.,0.));
#9699 = DIRECTION('',(0.,0.,1.));
#9700 = DIRECTION('',(1.110223024625E-16,1.,0.));
#9701 = DEFINITIONAL_REPRESENTATION('',(#9702),#9706);
#9702 = CIRCLE('',#9703,1.5);
#9703 = AXIS2_PLACEMENT_2D('',#9704,#9705);
#9704 = CARTESIAN_POINT('',(1.5,1.5));
#9705 = DIRECTION('',(0.,-1.));
#9706 = ( GEOMETRIC_REPRESENTATION_CONTEXT(2) 
PARAMETRIC_REPRESENTATION_CONTEXT() REPRESENTATION_CONTEXT('2D SPACE',''
  ) );
#9707 = ORIENTED_EDGE('',*,*,#9708,.T.);
#9708 = EDGE_CURVE('',#9680,#8216,#9709,.T.);
#9709 = SURFACE_CURVE('',#9710,(#9714,#9721),.PCURVE_S1.);
#9710 = LINE('',#9711,#9712);
#9711 = CARTESIAN_POINT('',(9.,66.5,0.));
#9712 = VECTOR('',#9713,1.);
#9713 = DIRECTION('',(0.,0.,1.));
#9714 = PCURVE('',#8232,#9715);
#9715 = DEFINITIONAL_REPRESENTATION('',(#9716),#9720);
#9716 = LINE('',#9717,#9718);
#9717 = CARTESIAN_POINT('',(1.570796326795,0.));
#9718 = VECTOR('',#9719,1.);
#9719 = DIRECTION('',(0.,1.));
#9720 = ( GEOMETRIC_REPRESENTATION_CONTEXT(2) 
PARAMETRIC_REPRESENTATION_CONTEXT() REPRESENTATION_CONTEXT('2D SPACE',''
  ) );
#9721 = PCURVE('',#8437,#9722);
#9722 = DEFINITIONAL_REPRESENTATION('',(#9723),#9727);
#9723 = LINE('',#9724,#9725);
#9724 = CARTESIAN_POINT('',(0.,1.5));
#9725 = VECTOR('',#9726,1.);
#9726 = DIRECTION('',(1.,0.));
#9727 = ( GEOMETRIC_REPRESENTATION_CONTEXT(2) 
PARAMETRIC_REPRESENTATION_CONTEXT() REPRESENTATION_CONTEXT('2D SPACE',''
  ) );
#9728 = ORIENTED_EDGE('',*,*,#8213,.F.);
#9729 = ORIENTED_EDGE('',*,*,#9730,.F.);
#9730 = EDGE_CURVE('',#9678,#8214,#9731,.T.);
#9731 = SURFACE_CURVE('',#9732,(#9736,#9743),.PCURVE_S1.);
#9732 = LINE('',#9733,#9734);
#9733 = CARTESIAN_POINT('',(7.5,65.,0.));
#9734 = VECTOR('',#9735,1.);
#9735 = DIRECTION('',(0.,0.,1.));
#9736 = PCURVE('',#8232,#9737);
#9737 = DEFINITIONAL_REPRESENTATION('',(#9738),#9742);
#9738 = LINE('',#9739,#9740);
#9739 = CARTESIAN_POINT('',(0.,0.));
#9740 = VECTOR('',#9741,1.);
#9741 = DIRECTION('',(0.,1.));
#9742 = ( GEOMETRIC_REPRESENTATION_CONTEXT(2) 
PARAMETRIC_REPRESENTATION_CONTEXT() REPRESENTATION_CONTEXT('2D SPACE',''
  ) );
#9743 = PCURVE('',#8260,#9744);
#9744 = DEFINITIONAL_REPRESENTATION('',(#9745),#9749);
#9745 = LINE('',#9746,#9747);
#9746 = CARTESIAN_POINT('',(0.,-1.5));
#9747 = VECTOR('',#9748,1.);
#9748 = DIRECTION('',(1.,0.));
#9749 = ( GEOMETRIC_REPRESENTATION_CONTEXT(2) 
PARAMETRIC_REPRESENTATION_CONTEXT() REPRESENTATION_CONTEXT('2D SPACE',''
  ) );
#9750 = ADVANCED_FACE('',(#9751),#8260,.F.);
#9751 = FACE_BOUND('',#9752,.F.);
#9752 = EDGE_LOOP('',(#9753,#9754,#9755,#9778));
#9753 = ORIENTED_EDGE('',*,*,#8244,.F.);
#9754 = ORIENTED_EDGE('',*,*,#9730,.F.);
#9755 = ORIENTED_EDGE('',*,*,#9756,.T.);
#9756 = EDGE_CURVE('',#9678,#9757,#9759,.T.);
#9757 = VERTEX_POINT('',#9758);
#9758 = CARTESIAN_POINT('',(-7.5,65.,0.));
#9759 = SURFACE_CURVE('',#9760,(#9764,#9771),.PCURVE_S1.);
#9760 = LINE('',#9761,#9762);
#9761 = CARTESIAN_POINT('',(9.,65.,0.));
#9762 = VECTOR('',#9763,1.);
#9763 = DIRECTION('',(-1.,1.110223024625E-16,0.));
#9764 = PCURVE('',#8260,#9765);
#9765 = DEFINITIONAL_REPRESENTATION('',(#9766),#9770);
#9766 = LINE('',#9767,#9768);
#9767 = CARTESIAN_POINT('',(0.,0.));
#9768 = VECTOR('',#9769,1.);
#9769 = DIRECTION('',(0.,-1.));
#9770 = ( GEOMETRIC_REPRESENTATION_CONTEXT(2) 
PARAMETRIC_REPRESENTATION_CONTEXT() REPRESENTATION_CONTEXT('2D SPACE',''
  ) );
#9771 = PCURVE('',#9696,#9772);
#9772 = DEFINITIONAL_REPRESENTATION('',(#9773),#9777);
#9773 = LINE('',#9774,#9775);
#9774 = CARTESIAN_POINT('',(0.,0.));
#9775 = VECTOR('',#9776,1.);
#9776 = DIRECTION('',(0.,1.));
#9777 = ( GEOMETRIC_REPRESENTATION_CONTEXT(2) 
PARAMETRIC_REPRESENTATION_CONTEXT() REPRESENTATION_CONTEXT('2D SPACE',''
  ) );
#9778 = ORIENTED_EDGE('',*,*,#9779,.T.);
#9779 = EDGE_CURVE('',#9757,#8245,#9780,.T.);
#9780 = SURFACE_CURVE('',#9781,(#9785,#9792),.PCURVE_S1.);
#9781 = LINE('',#9782,#9783);
#9782 = CARTESIAN_POINT('',(-7.5,65.,0.));
#9783 = VECTOR('',#9784,1.);
#9784 = DIRECTION('',(0.,0.,1.));
#9785 = PCURVE('',#8260,#9786);
#9786 = DEFINITIONAL_REPRESENTATION('',(#9787),#9791);
#9787 = LINE('',#9788,#9789);
#9788 = CARTESIAN_POINT('',(0.,-16.5));
#9789 = VECTOR('',#9790,1.);
#9790 = DIRECTION('',(1.,0.));
#9791 = ( GEOMETRIC_REPRESENTATION_CONTEXT(2) 
PARAMETRIC_REPRESENTATION_CONTEXT() REPRESENTATION_CONTEXT('2D SPACE',''
  ) );
#9792 = PCURVE('',#8293,#9793);
#9793 = DEFINITIONAL_REPRESENTATION('',(#9794),#9798);
#9794 = LINE('',#9795,#9796);
#9795 = CARTESIAN_POINT('',(-0.,0.));
#9796 = VECTOR('',#9797,1.);
#9797 = DIRECTION('',(-0.,1.));
#9798 = ( GEOMETRIC_REPRESENTATION_CONTEXT(2) 
PARAMETRIC_REPRESENTATION_CONTEXT() REPRESENTATION_CONTEXT('2D SPACE',''
  ) );
#9799 = ADVANCED_FACE('',(#9800),#8437,.F.);
#9800 = FACE_BOUND('',#9801,.F.);
#9801 = EDGE_LOOP('',(#9802,#9825,#9826,#9827));
#9802 = ORIENTED_EDGE('',*,*,#9803,.F.);
#9803 = EDGE_CURVE('',#9680,#9804,#9806,.T.);
#9804 = VERTEX_POINT('',#9805);
#9805 = CARTESIAN_POINT('',(9.,70.5,0.));
#9806 = SURFACE_CURVE('',#9807,(#9811,#9818),.PCURVE_S1.);
#9807 = LINE('',#9808,#9809);
#9808 = CARTESIAN_POINT('',(9.,65.,0.));
#9809 = VECTOR('',#9810,1.);
#9810 = DIRECTION('',(1.110223024625E-16,1.,0.));
#9811 = PCURVE('',#8437,#9812);
#9812 = DEFINITIONAL_REPRESENTATION('',(#9813),#9817);
#9813 = LINE('',#9814,#9815);
#9814 = CARTESIAN_POINT('',(0.,0.));
#9815 = VECTOR('',#9816,1.);
#9816 = DIRECTION('',(0.,1.));
#9817 = ( GEOMETRIC_REPRESENTATION_CONTEXT(2) 
PARAMETRIC_REPRESENTATION_CONTEXT() REPRESENTATION_CONTEXT('2D SPACE',''
  ) );
#9818 = PCURVE('',#9696,#9819);
#9819 = DEFINITIONAL_REPRESENTATION('',(#9820),#9824);
#9820 = LINE('',#9821,#9822);
#9821 = CARTESIAN_POINT('',(0.,0.));
#9822 = VECTOR('',#9823,1.);
#9823 = DIRECTION('',(1.,0.));
#9824 = ( GEOMETRIC_REPRESENTATION_CONTEXT(2) 
PARAMETRIC_REPRESENTATION_CONTEXT() REPRESENTATION_CONTEXT('2D SPACE',''
  ) );
#9825 = ORIENTED_EDGE('',*,*,#9708,.T.);
#9826 = ORIENTED_EDGE('',*,*,#8423,.T.);
#9827 = ORIENTED_EDGE('',*,*,#9828,.F.);
#9828 = EDGE_CURVE('',#9804,#8391,#9829,.T.);
#9829 = SURFACE_CURVE('',#9830,(#9834,#9841),.PCURVE_S1.);
#9830 = LINE('',#9831,#9832);
#9831 = CARTESIAN_POINT('',(9.,70.5,0.));
#9832 = VECTOR('',#9833,1.);
#9833 = DIRECTION('',(0.,0.,1.));
#9834 = PCURVE('',#8437,#9835);
#9835 = DEFINITIONAL_REPRESENTATION('',(#9836),#9840);
#9836 = LINE('',#9837,#9838);
#9837 = CARTESIAN_POINT('',(0.,5.5));
#9838 = VECTOR('',#9839,1.);
#9839 = DIRECTION('',(1.,0.));
#9840 = ( GEOMETRIC_REPRESENTATION_CONTEXT(2) 
PARAMETRIC_REPRESENTATION_CONTEXT() REPRESENTATION_CONTEXT('2D SPACE',''
  ) );
#9841 = PCURVE('',#8411,#9842);
#9842 = DEFINITIONAL_REPRESENTATION('',(#9843),#9847);
#9843 = LINE('',#9844,#9845);
#9844 = CARTESIAN_POINT('',(-1.570796326795,0.));
#9845 = VECTOR('',#9846,1.);
#9846 = DIRECTION('',(-0.,1.));
#9847 = ( GEOMETRIC_REPRESENTATION_CONTEXT(2) 
PARAMETRIC_REPRESENTATION_CONTEXT() REPRESENTATION_CONTEXT('2D SPACE',''
  ) );
#9848 = ADVANCED_FACE('',(#9849),#8293,.T.);
#9849 = FACE_BOUND('',#9850,.F.);
#9850 = EDGE_LOOP('',(#9851,#9879,#9900,#9901));
#9851 = ORIENTED_EDGE('',*,*,#9852,.T.);
#9852 = EDGE_CURVE('',#9757,#9853,#9855,.T.);
#9853 = VERTEX_POINT('',#9854);
#9854 = CARTESIAN_POINT('',(-9.,66.5,0.));
#9855 = SURFACE_CURVE('',#9856,(#9861,#9868),.PCURVE_S1.);
#9856 = CIRCLE('',#9857,1.5);
#9857 = AXIS2_PLACEMENT_3D('',#9858,#9859,#9860);
#9858 = CARTESIAN_POINT('',(-7.5,66.5,0.));
#9859 = DIRECTION('',(0.,-0.,-1.));
#9860 = DIRECTION('',(1.,-1.110223024625E-16,0.));
#9861 = PCURVE('',#8293,#9862);
#9862 = DEFINITIONAL_REPRESENTATION('',(#9863),#9867);
#9863 = LINE('',#9864,#9865);
#9864 = CARTESIAN_POINT('',(1.570796326795,-0.));
#9865 = VECTOR('',#9866,1.);
#9866 = DIRECTION('',(-1.,0.));
#9867 = ( GEOMETRIC_REPRESENTATION_CONTEXT(2) 
PARAMETRIC_REPRESENTATION_CONTEXT() REPRESENTATION_CONTEXT('2D SPACE',''
  ) );
#9868 = PCURVE('',#9696,#9869);
#9869 = DEFINITIONAL_REPRESENTATION('',(#9870),#9878);
#9870 = ( BOUNDED_CURVE() B_SPLINE_CURVE(2,(#9871,#9872,#9873,#9874,
#9875,#9876,#9877),.UNSPECIFIED.,.T.,.F.) B_SPLINE_CURVE_WITH_KNOTS((1,2
    ,2,2,2,1),(-2.094395102393,0.,2.094395102393,4.188790204786,
6.28318530718,8.377580409573),.UNSPECIFIED.) CURVE() 
GEOMETRIC_REPRESENTATION_ITEM() RATIONAL_B_SPLINE_CURVE((1.,0.5,1.,0.5,
1.,0.5,1.)) REPRESENTATION_ITEM('') );
#9871 = CARTESIAN_POINT('',(1.5,15.));
#9872 = CARTESIAN_POINT('',(-1.098076211353,15.));
#9873 = CARTESIAN_POINT('',(0.200961894323,17.25));
#9874 = CARTESIAN_POINT('',(1.5,19.5));
#9875 = CARTESIAN_POINT('',(2.799038105677,17.25));
#9876 = CARTESIAN_POINT('',(4.098076211353,15.));
#9877 = CARTESIAN_POINT('',(1.5,15.));
#9878 = ( GEOMETRIC_REPRESENTATION_CONTEXT(2) 
PARAMETRIC_REPRESENTATION_CONTEXT() REPRESENTATION_CONTEXT('2D SPACE',''
  ) );
#9879 = ORIENTED_EDGE('',*,*,#9880,.T.);
#9880 = EDGE_CURVE('',#9853,#8273,#9881,.T.);
#9881 = SURFACE_CURVE('',#9882,(#9886,#9893),.PCURVE_S1.);
#9882 = LINE('',#9883,#9884);
#9883 = CARTESIAN_POINT('',(-9.,66.5,0.));
#9884 = VECTOR('',#9885,1.);
#9885 = DIRECTION('',(0.,0.,1.));
#9886 = PCURVE('',#8293,#9887);
#9887 = DEFINITIONAL_REPRESENTATION('',(#9888),#9892);
#9888 = LINE('',#9889,#9890);
#9889 = CARTESIAN_POINT('',(-1.570796326795,0.));
#9890 = VECTOR('',#9891,1.);
#9891 = DIRECTION('',(-0.,1.));
#9892 = ( GEOMETRIC_REPRESENTATION_CONTEXT(2) 
PARAMETRIC_REPRESENTATION_CONTEXT() REPRESENTATION_CONTEXT('2D SPACE',''
  ) );
#9893 = PCURVE('',#8321,#9894);
#9894 = DEFINITIONAL_REPRESENTATION('',(#9895),#9899);
#9895 = LINE('',#9896,#9897);
#9896 = CARTESIAN_POINT('',(0.,1.5));
#9897 = VECTOR('',#9898,1.);
#9898 = DIRECTION('',(1.,0.));
#9899 = ( GEOMETRIC_REPRESENTATION_CONTEXT(2) 
PARAMETRIC_REPRESENTATION_CONTEXT() REPRESENTATION_CONTEXT('2D SPACE',''
  ) );
#9900 = ORIENTED_EDGE('',*,*,#8272,.F.);
#9901 = ORIENTED_EDGE('',*,*,#9779,.F.);
#9902 = ADVANCED_FACE('',(#9903),#8411,.T.);
#9903 = FACE_BOUND('',#9904,.F.);
#9904 = EDGE_LOOP('',(#9905,#9933,#9934,#9935));
#9905 = ORIENTED_EDGE('',*,*,#9906,.T.);
#9906 = EDGE_CURVE('',#9907,#9804,#9909,.T.);
#9907 = VERTEX_POINT('',#9908);
#9908 = CARTESIAN_POINT('',(7.5,72.,0.));
#9909 = SURFACE_CURVE('',#9910,(#9915,#9922),.PCURVE_S1.);
#9910 = CIRCLE('',#9911,1.5);
#9911 = AXIS2_PLACEMENT_3D('',#9912,#9913,#9914);
#9912 = CARTESIAN_POINT('',(7.5,70.5,0.));
#9913 = DIRECTION('',(0.,-0.,-1.));
#9914 = DIRECTION('',(1.,-1.110223024625E-16,0.));
#9915 = PCURVE('',#8411,#9916);
#9916 = DEFINITIONAL_REPRESENTATION('',(#9917),#9921);
#9917 = LINE('',#9918,#9919);
#9918 = CARTESIAN_POINT('',(4.712388980385,-0.));
#9919 = VECTOR('',#9920,1.);
#9920 = DIRECTION('',(-1.,0.));
#9921 = ( GEOMETRIC_REPRESENTATION_CONTEXT(2) 
PARAMETRIC_REPRESENTATION_CONTEXT() REPRESENTATION_CONTEXT('2D SPACE',''
  ) );
#9922 = PCURVE('',#9696,#9923);
#9923 = DEFINITIONAL_REPRESENTATION('',(#9924),#9932);
#9924 = ( BOUNDED_CURVE() B_SPLINE_CURVE(2,(#9925,#9926,#9927,#9928,
#9929,#9930,#9931),.UNSPECIFIED.,.T.,.F.) B_SPLINE_CURVE_WITH_KNOTS((1,2
    ,2,2,2,1),(-2.094395102393,0.,2.094395102393,4.188790204786,
6.28318530718,8.377580409573),.UNSPECIFIED.) CURVE() 
GEOMETRIC_REPRESENTATION_ITEM() RATIONAL_B_SPLINE_CURVE((1.,0.5,1.,0.5,
1.,0.5,1.)) REPRESENTATION_ITEM('') );
#9925 = CARTESIAN_POINT('',(5.5,6.661338147751E-16));
#9926 = CARTESIAN_POINT('',(2.901923788647,6.661338147751E-16));
#9927 = CARTESIAN_POINT('',(4.200961894323,2.25));
#9928 = CARTESIAN_POINT('',(5.5,4.5));
#9929 = CARTESIAN_POINT('',(6.799038105677,2.25));
#9930 = CARTESIAN_POINT('',(8.098076211353,2.886579864025E-15));
#9931 = CARTESIAN_POINT('',(5.5,6.661338147751E-16));
#9932 = ( GEOMETRIC_REPRESENTATION_CONTEXT(2) 
PARAMETRIC_REPRESENTATION_CONTEXT() REPRESENTATION_CONTEXT('2D SPACE',''
  ) );
#9933 = ORIENTED_EDGE('',*,*,#9828,.T.);
#9934 = ORIENTED_EDGE('',*,*,#8390,.F.);
#9935 = ORIENTED_EDGE('',*,*,#9936,.F.);
#9936 = EDGE_CURVE('',#9907,#8363,#9937,.T.);
#9937 = SURFACE_CURVE('',#9938,(#9942,#9949),.PCURVE_S1.);
#9938 = LINE('',#9939,#9940);
#9939 = CARTESIAN_POINT('',(7.5,72.,0.));
#9940 = VECTOR('',#9941,1.);
#9941 = DIRECTION('',(0.,0.,1.));
#9942 = PCURVE('',#8411,#9943);
#9943 = DEFINITIONAL_REPRESENTATION('',(#9944),#9948);
#9944 = LINE('',#9945,#9946);
#9945 = CARTESIAN_POINT('',(-0.,0.));
#9946 = VECTOR('',#9947,1.);
#9947 = DIRECTION('',(-0.,1.));
#9948 = ( GEOMETRIC_REPRESENTATION_CONTEXT(2) 
PARAMETRIC_REPRESENTATION_CONTEXT() REPRESENTATION_CONTEXT('2D SPACE',''
  ) );
#9949 = PCURVE('',#8378,#9950);
#9950 = DEFINITIONAL_REPRESENTATION('',(#9951),#9955);
#9951 = LINE('',#9952,#9953);
#9952 = CARTESIAN_POINT('',(0.,-1.5));
#9953 = VECTOR('',#9954,1.);
#9954 = DIRECTION('',(1.,0.));
#9955 = ( GEOMETRIC_REPRESENTATION_CONTEXT(2) 
PARAMETRIC_REPRESENTATION_CONTEXT() REPRESENTATION_CONTEXT('2D SPACE',''
  ) );
#9956 = ADVANCED_FACE('',(#9957),#8321,.T.);
#9957 = FACE_BOUND('',#9958,.T.);
#9958 = EDGE_LOOP('',(#9959,#9982,#9983,#9984));
#9959 = ORIENTED_EDGE('',*,*,#9960,.F.);
#9960 = EDGE_CURVE('',#9853,#9961,#9963,.T.);
#9961 = VERTEX_POINT('',#9962);
#9962 = CARTESIAN_POINT('',(-9.,70.5,0.));
#9963 = SURFACE_CURVE('',#9964,(#9968,#9975),.PCURVE_S1.);
#9964 = LINE('',#9965,#9966);
#9965 = CARTESIAN_POINT('',(-9.,65.,0.));
#9966 = VECTOR('',#9967,1.);
#9967 = DIRECTION('',(1.110223024625E-16,1.,0.));
#9968 = PCURVE('',#8321,#9969);
#9969 = DEFINITIONAL_REPRESENTATION('',(#9970),#9974);
#9970 = LINE('',#9971,#9972);
#9971 = CARTESIAN_POINT('',(0.,0.));
#9972 = VECTOR('',#9973,1.);
#9973 = DIRECTION('',(0.,1.));
#9974 = ( GEOMETRIC_REPRESENTATION_CONTEXT(2) 
PARAMETRIC_REPRESENTATION_CONTEXT() REPRESENTATION_CONTEXT('2D SPACE',''
  ) );
#9975 = PCURVE('',#9696,#9976);
#9976 = DEFINITIONAL_REPRESENTATION('',(#9977),#9981);
#9977 = LINE('',#9978,#9979);
#9978 = CARTESIAN_POINT('',(-1.998401444325E-15,18.));
#9979 = VECTOR('',#9980,1.);
#9980 = DIRECTION('',(1.,0.));
#9981 = ( GEOMETRIC_REPRESENTATION_CONTEXT(2) 
PARAMETRIC_REPRESENTATION_CONTEXT() REPRESENTATION_CONTEXT('2D SPACE',''
  ) );
#9982 = ORIENTED_EDGE('',*,*,#9880,.T.);
#9983 = ORIENTED_EDGE('',*,*,#8305,.T.);
#9984 = ORIENTED_EDGE('',*,*,#9985,.F.);
#9985 = EDGE_CURVE('',#9961,#8306,#9986,.T.);
#9986 = SURFACE_CURVE('',#9987,(#9991,#9998),.PCURVE_S1.);
#9987 = LINE('',#9988,#9989);
#9988 = CARTESIAN_POINT('',(-9.,70.5,0.));
#9989 = VECTOR('',#9990,1.);
#9990 = DIRECTION('',(0.,0.,1.));
#9991 = PCURVE('',#8321,#9992);
#9992 = DEFINITIONAL_REPRESENTATION('',(#9993),#9997);
#9993 = LINE('',#9994,#9995);
#9994 = CARTESIAN_POINT('',(0.,5.5));
#9995 = VECTOR('',#9996,1.);
#9996 = DIRECTION('',(1.,0.));
#9997 = ( GEOMETRIC_REPRESENTATION_CONTEXT(2) 
PARAMETRIC_REPRESENTATION_CONTEXT() REPRESENTATION_CONTEXT('2D SPACE',''
  ) );
#9998 = PCURVE('',#8350,#9999);
#9999 = DEFINITIONAL_REPRESENTATION('',(#10000),#10004);
#10000 = LINE('',#10001,#10002);
#10001 = CARTESIAN_POINT('',(1.570796326795,0.));
#10002 = VECTOR('',#10003,1.);
#10003 = DIRECTION('',(0.,1.));
#10004 = ( GEOMETRIC_REPRESENTATION_CONTEXT(2) 
PARAMETRIC_REPRESENTATION_CONTEXT() REPRESENTATION_CONTEXT('2D SPACE',''
  ) );
#10005 = ADVANCED_FACE('',(#10006),#8378,.T.);
#10006 = FACE_BOUND('',#10007,.T.);
#10007 = EDGE_LOOP('',(#10008,#10009,#10010,#10033));
#10008 = ORIENTED_EDGE('',*,*,#8362,.F.);
#10009 = ORIENTED_EDGE('',*,*,#9936,.F.);
#10010 = ORIENTED_EDGE('',*,*,#10011,.T.);
#10011 = EDGE_CURVE('',#9907,#10012,#10014,.T.);
#10012 = VERTEX_POINT('',#10013);
#10013 = CARTESIAN_POINT('',(-7.5,72.,0.));
#10014 = SURFACE_CURVE('',#10015,(#10019,#10026),.PCURVE_S1.);
#10015 = LINE('',#10016,#10017);
#10016 = CARTESIAN_POINT('',(9.,72.,0.));
#10017 = VECTOR('',#10018,1.);
#10018 = DIRECTION('',(-1.,1.110223024625E-16,0.));
#10019 = PCURVE('',#8378,#10020);
#10020 = DEFINITIONAL_REPRESENTATION('',(#10021),#10025);
#10021 = LINE('',#10022,#10023);
#10022 = CARTESIAN_POINT('',(0.,0.));
#10023 = VECTOR('',#10024,1.);
#10024 = DIRECTION('',(0.,-1.));
#10025 = ( GEOMETRIC_REPRESENTATION_CONTEXT(2) 
PARAMETRIC_REPRESENTATION_CONTEXT() REPRESENTATION_CONTEXT('2D SPACE',''
  ) );
#10026 = PCURVE('',#9696,#10027);
#10027 = DEFINITIONAL_REPRESENTATION('',(#10028),#10032);
#10028 = LINE('',#10029,#10030);
#10029 = CARTESIAN_POINT('',(7.,7.771561172376E-16));
#10030 = VECTOR('',#10031,1.);
#10031 = DIRECTION('',(0.,1.));
#10032 = ( GEOMETRIC_REPRESENTATION_CONTEXT(2) 
PARAMETRIC_REPRESENTATION_CONTEXT() REPRESENTATION_CONTEXT('2D SPACE',''
  ) );
#10033 = ORIENTED_EDGE('',*,*,#10034,.T.);
#10034 = EDGE_CURVE('',#10012,#8334,#10035,.T.);
#10035 = SURFACE_CURVE('',#10036,(#10040,#10047),.PCURVE_S1.);
#10036 = LINE('',#10037,#10038);
#10037 = CARTESIAN_POINT('',(-7.5,72.,0.));
#10038 = VECTOR('',#10039,1.);
#10039 = DIRECTION('',(0.,0.,1.));
#10040 = PCURVE('',#8378,#10041);
#10041 = DEFINITIONAL_REPRESENTATION('',(#10042),#10046);
#10042 = LINE('',#10043,#10044);
#10043 = CARTESIAN_POINT('',(0.,-16.5));
#10044 = VECTOR('',#10045,1.);
#10045 = DIRECTION('',(1.,0.));
#10046 = ( GEOMETRIC_REPRESENTATION_CONTEXT(2) 
PARAMETRIC_REPRESENTATION_CONTEXT() REPRESENTATION_CONTEXT('2D SPACE',''
  ) );
#10047 = PCURVE('',#8350,#10048);
#10048 = DEFINITIONAL_REPRESENTATION('',(#10049),#10053);
#10049 = LINE('',#10050,#10051);
#10050 = CARTESIAN_POINT('',(0.,0.));
#10051 = VECTOR('',#10052,1.);
#10052 = DIRECTION('',(0.,1.));
#10053 = ( GEOMETRIC_REPRESENTATION_CONTEXT(2) 
PARAMETRIC_REPRESENTATION_CONTEXT() REPRESENTATION_CONTEXT('2D SPACE',''
  ) );
#10054 = ADVANCED_FACE('',(#10055),#8350,.T.);
#10055 = FACE_BOUND('',#10056,.T.);
#10056 = EDGE_LOOP('',(#10057,#10079,#10080,#10081));
#10057 = ORIENTED_EDGE('',*,*,#10058,.T.);
#10058 = EDGE_CURVE('',#10012,#9961,#10059,.T.);
#10059 = SURFACE_CURVE('',#10060,(#10065,#10072),.PCURVE_S1.);
#10060 = CIRCLE('',#10061,1.5);
#10061 = AXIS2_PLACEMENT_3D('',#10062,#10063,#10064);
#10062 = CARTESIAN_POINT('',(-7.5,70.5,0.));
#10063 = DIRECTION('',(-0.,0.,1.));
#10064 = DIRECTION('',(1.,-1.110223024625E-16,0.));
#10065 = PCURVE('',#8350,#10066);
#10066 = DEFINITIONAL_REPRESENTATION('',(#10067),#10071);
#10067 = LINE('',#10068,#10069);
#10068 = CARTESIAN_POINT('',(-1.570796326795,0.));
#10069 = VECTOR('',#10070,1.);
#10070 = DIRECTION('',(1.,0.));
#10071 = ( GEOMETRIC_REPRESENTATION_CONTEXT(2) 
PARAMETRIC_REPRESENTATION_CONTEXT() REPRESENTATION_CONTEXT('2D SPACE',''
  ) );
#10072 = PCURVE('',#9696,#10073);
#10073 = DEFINITIONAL_REPRESENTATION('',(#10074),#10078);
#10074 = CIRCLE('',#10075,1.5);
#10075 = AXIS2_PLACEMENT_2D('',#10076,#10077);
#10076 = CARTESIAN_POINT('',(5.5,16.5));
#10077 = DIRECTION('',(0.,-1.));
#10078 = ( GEOMETRIC_REPRESENTATION_CONTEXT(2) 
PARAMETRIC_REPRESENTATION_CONTEXT() REPRESENTATION_CONTEXT('2D SPACE',''
  ) );
#10079 = ORIENTED_EDGE('',*,*,#9985,.T.);
#10080 = ORIENTED_EDGE('',*,*,#8333,.F.);
#10081 = ORIENTED_EDGE('',*,*,#10034,.F.);
#10082 = ADVANCED_FACE('',(#10083),#8472,.F.);
#10083 = FACE_BOUND('',#10084,.T.);
#10084 = EDGE_LOOP('',(#10085,#10086,#10107,#10108));
#10085 = ORIENTED_EDGE('',*,*,#8451,.T.);
#10086 = ORIENTED_EDGE('',*,*,#10087,.T.);
#10087 = EDGE_CURVE('',#8452,#8667,#10088,.T.);
#10088 = SEAM_CURVE('',#10089,(#10093,#10100),.PCURVE_S1.);
#10089 = LINE('',#10090,#10091);
#10090 = CARTESIAN_POINT('',(60.323702053557,33.5,-1.));
#10091 = VECTOR('',#10092,1.);
#10092 = DIRECTION('',(0.,0.,1.));
#10093 = PCURVE('',#8472,#10094);
#10094 = DEFINITIONAL_REPRESENTATION('',(#10095),#10099);
#10095 = LINE('',#10096,#10097);
#10096 = CARTESIAN_POINT('',(-6.28318530718,0.));
#10097 = VECTOR('',#10098,1.);
#10098 = DIRECTION('',(-0.,-1.));
#10099 = ( GEOMETRIC_REPRESENTATION_CONTEXT(2) 
PARAMETRIC_REPRESENTATION_CONTEXT() REPRESENTATION_CONTEXT('2D SPACE',''
  ) );
#10100 = PCURVE('',#8472,#10101);
#10101 = DEFINITIONAL_REPRESENTATION('',(#10102),#10106);
#10102 = LINE('',#10103,#10104);
#10103 = CARTESIAN_POINT('',(-0.,0.));
#10104 = VECTOR('',#10105,1.);
#10105 = DIRECTION('',(-0.,-1.));
#10106 = ( GEOMETRIC_REPRESENTATION_CONTEXT(2) 
PARAMETRIC_REPRESENTATION_CONTEXT() REPRESENTATION_CONTEXT('2D SPACE',''
  ) );
#10107 = ORIENTED_EDGE('',*,*,#8666,.F.);
#10108 = ORIENTED_EDGE('',*,*,#10087,.F.);
#10109 = ADVANCED_FACE('',(#10110),#8770,.F.);
#10110 = FACE_BOUND('',#10111,.F.);
#10111 = EDGE_LOOP('',(#10112,#10113,#10114,#10115,#10116,#10117,#10118,
    #10119));
#10112 = ORIENTED_EDGE('',*,*,#8830,.F.);
#10113 = ORIENTED_EDGE('',*,*,#8751,.T.);
#10114 = ORIENTED_EDGE('',*,*,#8877,.T.);
#10115 = ORIENTED_EDGE('',*,*,#8980,.F.);
#10116 = ORIENTED_EDGE('',*,*,#9085,.T.);
#10117 = ORIENTED_EDGE('',*,*,#9132,.T.);
#10118 = ORIENTED_EDGE('',*,*,#9034,.F.);
#10119 = ORIENTED_EDGE('',*,*,#8926,.F.);
#10120 = ADVANCED_FACE('',(#10121),#9179,.F.);
#10121 = FACE_BOUND('',#10122,.F.);
#10122 = EDGE_LOOP('',(#10123,#10124,#10125,#10126,#10127,#10128,#10129,
    #10130));
#10123 = ORIENTED_EDGE('',*,*,#9239,.F.);
#10124 = ORIENTED_EDGE('',*,*,#9160,.T.);
#10125 = ORIENTED_EDGE('',*,*,#9286,.T.);
#10126 = ORIENTED_EDGE('',*,*,#9389,.F.);
#10127 = ORIENTED_EDGE('',*,*,#9494,.T.);
#10128 = ORIENTED_EDGE('',*,*,#9541,.T.);
#10129 = ORIENTED_EDGE('',*,*,#9443,.F.);
#10130 = ORIENTED_EDGE('',*,*,#9335,.F.);
#10131 = ADVANCED_FACE('',(#10132),#9696,.F.);
#10132 = FACE_BOUND('',#10133,.F.);
#10133 = EDGE_LOOP('',(#10134,#10135,#10136,#10137,#10138,#10139,#10140,
    #10141));
#10134 = ORIENTED_EDGE('',*,*,#9756,.F.);
#10135 = ORIENTED_EDGE('',*,*,#9677,.T.);
#10136 = ORIENTED_EDGE('',*,*,#9803,.T.);
#10137 = ORIENTED_EDGE('',*,*,#9906,.F.);
#10138 = ORIENTED_EDGE('',*,*,#10011,.T.);
#10139 = ORIENTED_EDGE('',*,*,#10058,.T.);
#10140 = ORIENTED_EDGE('',*,*,#9960,.F.);
#10141 = ORIENTED_EDGE('',*,*,#9852,.F.);
#10142 = ( GEOMETRIC_REPRESENTATION_CONTEXT(3) 
GLOBAL_UNCERTAINTY_ASSIGNED_CONTEXT((#10146)) 
GLOBAL_UNIT_ASSIGNED_CONTEXT((#10143,#10144,#10145)) 
REPRESENTATION_CONTEXT('Context #1',
  '3D Context with UNIT and UNCERTAINTY') );
#10143 = ( LENGTH_UNIT() NAMED_UNIT(*) SI_UNIT(.MILLI.,.METRE.) );
#10144 = ( NAMED_UNIT(*) PLANE_ANGLE_UNIT() SI_UNIT($,.RADIAN.) );
#10145 = ( NAMED_UNIT(*) SI_UNIT($,.STERADIAN.) SOLID_ANGLE_UNIT() );
#10146 = UNCERTAINTY_MEASURE_WITH_UNIT(LENGTH_MEASURE(1.E-07),#10143,
  'distance_accuracy_value','confusion accuracy');
#10147 = CONTEXT_DEPENDENT_SHAPE_REPRESENTATION(#10148,#10150);
#10148 = ( REPRESENTATION_RELATIONSHIP('','',#7433,#10) 
REPRESENTATION_RELATIONSHIP_WITH_TRANSFORMATION(#10149) 
SHAPE_REPRESENTATION_RELATIONSHIP() );
#10149 = ITEM_DEFINED_TRANSFORMATION('','',#11,#43);
#10150 = PRODUCT_DEFINITION_SHAPE('Placement','Placement of an item',
  #10151);
#10151 = NEXT_ASSEMBLY_USAGE_OCCURRENCE('22','common_latch','',#5,#7428,
  $);
#10152 = PRODUCT_RELATED_PRODUCT_CATEGORY('part',$,(#7430));
ENDSEC;
END-ISO-10303-21;
